"","year","doy","hour","zen","solar","netsolar","dw_solar","up_solar","temp","rh","windspeed","precip","day_length","DVI"
"1",2004,1,0,161.512,0,0,0,0,0.43,0.7529,4.03,0,8,0
"2",2004,1,1,154.35,0,0,0,0.005,0.425,0.7619,3.87,0,8.00011499826797,0
"3",2004,1,2,144.0775,0,0,0,0,0.17,0.77315,3.945,0,8.00026714274172,0
"4",2004,1,3,132.836,0,0,0,0,0.195,0.7983,4.275,0,8.00042680187575,0
"5",2004,1,4,121.3835,0,0,0,0.03,-0.03,0.82675,4.425,0,8.00058298933508,0
"6",2004,1,5,110.078,0,0,0,0.04,-0.22,0.8723,4.525,0,8.00072433048187,0
"7",2004,1,6,99.185,0.069,0.235,0,0,-0.315,0.90525,4.355,0,8.00084326415036,0
"8",2004,1,7,88.7585,17.71,8.005,5.165,2.44,0.465,0.89895,4.555,0,8.00551694885255,0
"9",2004,1,8,79.739,73.968,27.97,29.74,8.06,1.515,0.88465,4.355,0,8.32007203352266,0
"10",2004,1,9,72.121,104.811,37.255,42.18,11.275,2.08,0.8748,4.305,0,8.32661389222801,0
"11",2004,1,10,66.5265,213.693,75.285,93.705,24.37,2.77,0.85625,5.27,0,8.32665037081811,0
"12",2004,1,11,63.541,500.641,179.77,236.785,66.15,4.675,0.81465,6.58,0,8.32665041609816,0
"13",2004,1,12,63.543,407.445,144.685,186.745,50.215,7.39,0.77445,6.27,0,8.32665045646404,0
"14",2004,1,13,66.5305,391.828,139.93,181.205,51.32,9.205,0.7599,5.63,0,8.32665063494776,0
"15",2004,1,14,72.127,362.963,131.195,169.685,50.395,10.835,0.73765,7.435,0,8.32665052465574,0
"16",2004,1,15,79.7475,108.974,40.81,46.72,13.89,11.005,0.7597,6.03,0,8.32665058088823,0
"17",2004,1,16,88.7685,17.779,7.685,4.65,2.07,10.94,0.80865,6.31,0,8.1813841429644,0
"18",2004,1,17,99.1955,0.46,0.16,0,0.065,11.19,0.8295,7.4,0,8.04770136209977,0
"19",2004,1,18,110.088,0.46,0,0,0.005,11.205,0.8797,8.02,0,8.04682770027882,0
"20",2004,1,19,121.393,0.46,0,0,0.005,11.325,0.90575,7.31,0,8.04673961672839,0
"21",2004,1,20,132.8415,0.46,0,0,0.02,11.12,0.92315,7.2,0,8.04669655365284,0
"22",2004,1,21,144.0735,0.46,0,0,0.01,11.3,0.92075,8.01,0,8.04670078413062,0
"23",2004,1,22,154.3285,0.46,0,0,0.045,11.245,0.9264,8.13,0,8.0467521805277,0
"24",2004,1,23,161.452,0.46,0,0,0.015,11.215,0.9439,6.73,0,8.04684739261853,0
"25",2004,2,0,161.47,0.46,0,0,0.005,11.1,0.9609,6.07,0.0635,8.04698082438592,0
"26",2004,2,1,154.362,0.46,0,0,0,11.01,0.97445,4.855,0.0635,8.04714240759984,0
"27",2004,2,2,144.1135,0.46,0,0,0.075,10.975,0.9782,3.835,0.0635,8.04732191165619,0
"28",2004,2,3,132.88,0.46,0,0,0,11.05,0.9802,3.88,0.0635,8.04750666700032,0
"29",2004,2,4,121.4265,0.46,0,0,0.02,11.345,0.9811,3.315,0.0635,8.04768386650525,0
"30",2004,2,5,110.1175,0.46,0,0,0.075,11.295,0.982,3.975,0.0635,8.04784141248513,0
"31",2004,2,6,99.2145,0.483,0.175,0,0.08,11.09,0.9822,3.045,0.0635,8.04796919141175,0
"32",2004,2,7,88.7755,26.128,11.065,9.155,2.88,11.155,0.98325,4.125,0.0635,8.08897904798449,0
"33",2004,2,8,79.7395,142.416,54.21,64.65,16.115,12.03,0.9841,5.78,0.0635,8.35971859471689,0
"34",2004,2,9,72.1005,123.073,44.305,50.525,12.29,12.6,0.9848,6.045,0.0635,8.36185602844398,0
"35",2004,2,10,66.4815,180.665,64.615,75.985,17.39,13.13,0.985,7.495,0.0635,8.36186615024007,0
"36",2004,2,11,63.4685,225.239,80.435,96.485,22.47,13.79,0.985,8.66,0.0635,8.36186613260995,0
"37",2004,2,12,63.4455,253.667,92.03,111.5,26.625,14.82,0.9586,10.2,0.0635,8.3618661736669,0
"38",2004,2,13,66.416,238.119,86.98,105.915,26.795,15.77,0.9029,10.08,0.0635,8.36186635287148,0
"39",2004,2,14,72,163.484,59.03,69.875,18.74,16.175,0.88835,10.365,0.0635,8.36186625567264,0
"40",2004,2,15,79.614,138.805,51.49,59.475,17.785,16.155,0.8884,10.98,0.0635,8.3618662235307,0
"41",2004,2,16,88.6385,23.529,9.59,6.65,3.01,15.91,0.88475,10.765,0.0635,8.29289971404407,0
"42",2004,2,17,99.0575,0.46,0.19,0,0.035,15.745,0.8811,11.205,0.0635,8.11005137415311,0
"43",2004,2,18,109.949,0.46,0,0,0.08,15.54,0.88675,10.625,0.0635,8.10900365488652,0
"44",2004,2,19,121.2535,0.46,0,0,0.01,15.515,0.8878,8.835,0.0635,8.10892803944015,0
"45",2004,2,20,132.703,0.46,0,0,0,15.935,0.87695,9.675,0.0635,8.10889709768681,0
"46",2004,2,21,143.9345,0.46,0,0,0.03,16.885,0.8375,11.3,0.0635,8.10891362558949,0
"47",2004,2,22,154.189,0.46,0,0,0.275,16.43,0.86935,9.875,0.0635,8.10897675368417,0
"48",2004,2,23,161.336,0.46,0,0,0.275,15.89,0.8877,8.21,0.0635,8.10908345688817,0
"49",2004,3,0,161.4175,0.46,0,0,0.315,14.85,0.8536,6.395,0.740833333333333,8.10922531610495,0
"50",2004,3,1,154.3675,0.46,0,0,0.43,13.725,0.7876,5.95,0.740833333333333,8.10939291653244,0
"51",2004,3,2,144.144,0.437,0,0,0.46,11.785,0.80465,4.445,0.740833333333333,8.10957535517967,0
"52",2004,3,3,132.9175,0.46,0,0,0.245,10.18,0.81595,3.435,0.740833333333333,8.10975879972465,0
"53",2004,3,4,121.4645,0.46,0,0,0.025,9.09,0.83205,2.155,0.740833333333333,8.10993287038421,0
"54",2004,3,5,110.1495,0.46,0,0,0.01,8.325,0.83885,2.265,0.740833333333333,8.11008394981549,0
"55",2004,3,6,99.2395,0.46,0.205,0,0.05,7.64,0.8263,2.565,0.740833333333333,8.11020198360024,0
"56",2004,3,7,88.786,12.765,4.765,0.94,1.285,6.875,0.8354,3.395,0.740833333333333,8.11124814354451,0
"57",2004,3,8,79.734,38.341,14.145,10.845,3.71,6.645,0.82305,3.55,0.740833333333333,8.28527684532515,0
"58",2004,3,9,72.0725,104.926,39.66,42.945,10.02,6.41,0.85505,3.21,0.740833333333333,8.33487872080653,0
"59",2004,3,10,66.428,112.125,41.14,44.89,10.16,6.36,0.8291,5.81,0.740833333333333,8.33507515445182,0
"60",2004,3,11,63.388,112.815,39.985,42.025,9.195,6.105,0.8287,5.29,0.740833333333333,8.33507370035447,0
"61",2004,3,12,63.342,172.684,62.72,70.73,15.235,5.76,0.8015,6.705,0.740833333333333,8.33507365742933,0
"62",2004,3,13,66.294,167.348,62.915,71.545,15.5,5.59,0.79555,6.665,0.740833333333333,8.33507371643339,0
"63",2004,3,14,71.867,110.515,41.155,44.76,10.16,5.34,0.77855,5.755,0.740833333333333,8.33507394106626,0
"64",2004,3,15,79.4775,103.615,39.77,43.905,10.715,5.21,0.77525,6.775,0.740833333333333,8.33507378105566,0
"65",2004,3,16,88.5065,16.445,6.89,4.45,2.095,4.65,0.77365,5.775,0.740833333333333,8.19910177564862,0
"66",2004,3,17,98.915,0.23,0.21,0,0.515,3.77,0.77135,6.835,0.740833333333333,8.10360499248138,0
"67",2004,3,18,109.8075,0.322,0,0,0.15,3.395,0.81225,6.925,0.740833333333333,8.10310927072421,0
"68",2004,3,19,121.113,0.092,0,0,0.1,3.325,0.82035,6.77,0.740833333333333,8.10305182923318,0
"69",2004,3,20,132.561,0.437,0,0,0.215,3.1,0.8657,6.805,0.740833333333333,8.10303423896741,0
"70",2004,3,21,143.791,0.46,0,0,0.305,2.455,0.8896,6.605,0.740833333333333,8.10306282156546,0
"71",2004,3,22,154.0465,0.46,0,0,0.17,2.245,0.92255,6.1,0.740833333333333,8.10313801178446,0
"72",2004,3,23,161.2125,0.46,0,0,0.415,1.675,0.92395,7.94,0.740833333333333,8.10325388976214,0
"73",2004,4,0,161.358,0.46,0,0,0.275,1.195,0.928,9.575,0.9525,8.10340350295303,0
"74",2004,4,1,154.3655,0.437,0,0,0.38,0.825,0.90035,10.995,0.9525,8.10357524692107,0
"75",2004,4,2,144.168,0.437,0,0,0.095,0.655,0.8992,9.365,0.9525,8.10375771358837,0
"76",2004,4,3,132.951,0.437,0,0,0.115,0.665,0.90605,9.34,0.9525,8.10393877410852,0
"77",2004,4,4,121.4975,0.345,0,0,0.04,0.66,0.9072,8.83,0.9525,8.10410442603091,0
"78",2004,4,5,110.1765,0.368,0,0,0.045,0.82,0.89285,8.595,0.9525,8.10424290358853,0
"79",2004,4,6,99.2575,0.368,0.175,0,0.05,0.785,0.89635,9.09,0.9525,8.10434758743721,0
"80",2004,4,7,88.79,8.993,4.1,1.135,0.75,0.94,0.89245,9.575,0.9525,8.10470695678326,0
"81",2004,4,8,79.721,47.932,17,15.01,3.65,1.165,0.9006,9.12,0.9525,8.29009741642991,0
"82",2004,4,9,72.037,54.901,19.53,17.345,3.66,1.175,0.91405,9.32,0.9525,8.3100745516045,0
"83",2004,4,10,66.368,51.75,17.665,14.995,3.13,1.445,0.9068,9.035,0.9525,8.30939825603294,0
"84",2004,4,11,63.3015,55.407,18.14,15.85,3.495,1.15,0.9215,8.34,0.9525,8.30842151356251,0
"85",2004,4,12,63.2295,79.488,27.415,27.14,5.19,0.92,0.92435,9.415,0.9525,8.30829958378213,0
"86",2004,4,13,66.1645,69.253,24.545,23.055,4.675,1.06,0.91575,8.135,0.9525,8.30829645656299,0
"87",2004,4,14,71.7275,70.771,26.21,24.785,5.225,1.07,0.91145,8.305,0.9525,8.30829040614396,0
"88",2004,4,15,79.333,24.702,8.34,3.23,1.645,0.94,0.93205,7.125,0.9525,8.13703575623538,0
"89",2004,4,16,88.3305,8.05,2.705,0.06,0.45,0.74,0.9512,8.305,0.9525,7.93328061714802,0
"90",2004,4,17,98.768,2.783,0.21,0,0.255,0.395,0.95,8.25,0.9525,7.9309678676531,0
"91",2004,4,18,109.661,2.76,0,0,0.385,-0.395,0.94495,9.3,0.9525,7.93075747871303,0
"92",2004,4,19,120.967,3.059,0,0,0.075,-0.795,0.9366,8.9,0.9525,7.93063870520476,0
"93",2004,4,20,132.416,2.944,0,0,0.16,-1.06,0.9151,8.53,0.9525,7.93062366659615,0
"94",2004,4,21,143.646,2.852,0,0,0.23,-1.425,0.9197,7.745,0.9525,7.9307154650392,0
"95",2004,4,22,153.9005,3.036,0,0,0.07,-1.395,0.91225,6.96,0.9525,7.93090867414031,0
"96",2004,4,23,161.083,3.059,0,0,0.01,-1.22,0.88015,7.29,0.9525,7.93120113892837,0
"97",2004,5,0,161.289,3.082,0,0,0.025,-1.075,0.8845,6.805,0.0211666666666667,7.93156940237482,0
"98",2004,5,1,154.3565,2.898,0,0,0.47,-1.395,0.92055,7.77,0.0211666666666667,7.9319770300409,0
"99",2004,5,2,144.1855,2.116,0,0,0.295,-2.4,0.9372,9.045,0.0211666666666667,7.93234804901597,0
"100",2004,5,3,132.977,1.863,0,0,0.155,-2.58,0.91595,8.455,0.0211666666666667,7.93264848762986,0
"101",2004,5,4,121.5255,1.633,0,0,0.555,-3.09,0.89845,9.475,0.0211666666666667,7.93289820337841,0
"102",2004,5,5,110.198,1.334,0,0,0.31,-3.835,0.89295,10.11,0.0211666666666667,7.93308757713804,0
"103",2004,5,6,99.271,1.127,0.12,0,0.19,-4.08,0.89455,9.545,0.0211666666666667,7.93321281854251,0
"104",2004,5,7,88.7885,7.383,2.7,0.315,0.915,-4.31,0.90515,9.435,0.0211666666666667,7.93344171885349,0
"105",2004,5,8,79.7015,63.71,22.945,23.45,7.555,-4.475,0.9003,8.79,0.0211666666666667,8.12618915193247,0
"106",2004,5,9,71.996,210.565,76.3,96.35,26.76,-4.32,0.86855,8.38,0.0211666666666667,8.13500325729857,0
"107",2004,5,10,66.3,262.545,93.325,120.37,33.53,-4.59,0.86485,8.52,0.0211666666666667,8.13501922106984,0
"108",2004,5,11,63.207,274.85,96.92,125.94,35.95,-4.715,0.86105,8.655,0.0211666666666667,8.13501863941371,0
"109",2004,5,12,63.1135,248.791,86.64,112.605,32.335,-4.995,0.85675,8.66,0.0211666666666667,8.13501865304212,0
"110",2004,5,13,66.0295,295.642,106.12,139.185,39.39,-5.065,0.8471,8.45,0.0211666666666667,8.13501862160678,0
"111",2004,5,14,71.583,146.648,52.545,65,19.075,-5.155,0.85305,7.695,0.0211666666666667,8.13501863490518,0
"112",2004,5,15,79.184,80.339,29.62,34.08,11.035,-5.78,0.85075,8.6,0.0211666666666667,8.13501865198671,0
"113",2004,5,16,88.1905,20.562,7.71,5.595,3.08,-6.78,0.84825,8.545,0.0211666666666667,8.01301513768457,0
"114",2004,5,17,98.619,0.506,0.105,0,0.69,-7.855,0.824,8.975,0.0211666666666667,7.93721781076658,0
"115",2004,5,18,109.5135,0.46,0,0,0.64,-8.905,0.8066,9.74,0.0211666666666667,7.93701465636921,0
"116",2004,5,19,120.8195,0.46,0,0,1.155,-10.75,0.7932,9.85,0.0211666666666667,7.93697464972455,0
"117",2004,5,20,132.268,0.46,0,0,0.94,-12.835,0.7567,10.385,0.0211666666666667,7.93697573020291,0
"118",2004,5,21,143.497,0.414,0,0,0.42,-13.88,0.68165,10.765,0.0211666666666667,7.93702327803862,0
"119",2004,5,22,153.749,0.23,0,0,0.25,-14.22,0.6887,10.005,0.0211666666666667,7.93711203155349,0
"120",2004,5,23,160.9465,0.092,0,0,0.195,-14.46,0.70965,9.975,0.0211666666666667,7.93722918419084,0
"121",2004,6,0,161.2125,0.115,0,0,0.325,-14.865,0.6835,10.4,0,7.93736946475223,0
"122",2004,6,1,154.3395,0.023,0,0,0.2,-15.23,0.65475,10.485,0,7.93752480245587,0
"123",2004,6,2,144.197,0,0,0,0.205,-15.395,0.6671,9.53,0,7.93768171844352,0
"124",2004,6,3,132.998,0.046,0,0,0.275,-15.72,0.6956,9.69,0,7.93783382272906,0
"125",2004,6,4,121.5465,0.092,0,0,0.235,-16.005,0.71975,9.56,0,7.93797154163271,0
"126",2004,6,5,110.2145,0.138,0,0,0.315,-16.41,0.68865,9.09,0,7.93808514596671,0
"127",2004,6,6,99.276,0.276,0.185,0,0.2,-16.555,0.6908,6.955,0,7.93816700098489,0
"128",2004,6,7,88.783,41.216,18.055,16.46,10.375,-16.565,0.68585,6.305,0,8.12774902165768,0
"129",2004,6,8,79.6765,277.84,109.96,148.23,58.99,-15.725,0.6786,7.675,0,8.19496141205536,0
"130",2004,6,9,71.9465,559.314,214.88,299.56,106.645,-14.38,0.64835,8.645,0,8.19530152266022,0
"131",2004,6,10,66.2235,779.263,296.495,416.935,139.31,-12.885,0.6141,7.62,0,8.19530142742434,0
"132",2004,6,11,63.105,900.059,340.195,478.725,155.79,-11.575,0.5707,9.805,0,8.19530139096751,0
"133",2004,6,12,62.9875,904.13,340.46,475.695,154.455,-10.365,0.57515,11.32,0,8.19530142534819,0
"134",2004,6,13,65.889,796.214,298.47,412.745,137.92,-9.355,0.58545,10.765,0,8.19530155017692,0
"135",2004,6,14,71.4325,590.272,219.645,300.885,107.53,-8.56,0.5645,10.56,0,8.19530207431061,0
"136",2004,6,15,79.031,305.877,111.545,147.27,62.085,-8.03,0.5387,10.62,0,8.19530143637741,0
"137",2004,6,16,88.0465,54.579,19.635,19.28,14.2,-8.215,0.56275,9.91,0,8.19529867639778,0
"138",2004,6,17,98.4655,0.598,0.36,0,0.06,-8.61,0.61235,8.08,0,8.0851914013339,0
"139",2004,6,18,109.361,0.46,0,0,0.005,-8.67,0.6367,7.795,0,8.08427950531701,0
"140",2004,6,19,120.669,0.46,0,0,0.02,-8.675,0.6539,8.075,0,8.08432774099801,0
"141",2004,6,20,132.117,0.46,0,0,0.095,-9.085,0.72025,7.755,0,8.08433803554603,0
"142",2004,6,21,143.3415,0.46,0,0,0.05,-9.585,0.73525,6.67,0,8.08439343661682,0
"143",2004,6,22,153.592,0.46,0,0,0.045,-10.005,0.7541,5.745,0,8.08449224591781,0
"144",2004,6,23,160.8025,0.46,0,0,0.005,-10.025,0.7298,6.915,0,8.08462792921092,0
"145",2004,7,0,161.1285,0.46,0,0,0.01,-10.135,0.6761,6.84,0,8.08479124049584,0
"146",2004,7,1,154.317,0.46,0,0,0.005,-10.35,0.6702,6.55,0,8.08497099445758,0
"147",2004,7,2,144.203,0.46,0,0,0,-10.335,0.64095,6.97,0,8.08515476247158,0
"148",2004,7,3,133.014,0.46,0,0,0.01,-10.48,0.65315,6.425,0,8.08532974820407,0
"149",2004,7,4,121.561,0.46,0,0,0.04,-10.875,0.6876,5.555,0,8.08548450356814,0
"150",2004,7,5,110.2255,0.414,0,0,0,-10.775,0.73865,5.525,0,8.08560658923524,0
"151",2004,7,6,99.2765,0.299,0.32,0,0.09,-11.22,0.78675,2.93,0,8.08568669991379,0
"152",2004,7,7,88.769,41.883,17.58,16.575,9.475,-11.43,0.8148,3.49,0,8.26169887909579,0
"153",2004,7,8,79.6445,285.591,110.08,149,57.745,-9.61,0.7739,5.29,0,8.31853076037454,0
"154",2004,7,9,71.891,558.739,210.05,295.505,100.745,-7.565,0.6717,5.195,0,8.31877992911249,0
"155",2004,7,10,66.142,626.957,231.18,324.99,101.69,-6.65,0.63605,6.01,0,8.31877908962035,0
"156",2004,7,11,62.9955,775.951,285.315,400.275,122.375,-5.225,0.60285,6.1,0,8.31877904636823,0
"157",2004,7,12,62.8545,796.191,291.795,406.12,126.91,-3.68,0.5526,5.145,0,8.31877907751835,0
"158",2004,7,13,65.74,812.268,297.865,411.03,134.69,-2.225,0.50565,6.79,0,8.31877918425688,0
"159",2004,7,14,71.276,605.774,216.575,297.36,105.175,-1.82,0.49605,7.395,0,8.31877962044977,0
"160",2004,7,15,78.873,318.32,109.82,145.21,60.81,-1.605,0.50275,8.365,0,8.31877909851439,0
"161",2004,7,16,87.8965,40.158,12.925,11.07,6.82,-2.73,0.5712,6.64,0,8.31850523375973,0
"162",2004,7,17,98.308,0.621,0.255,0,0.285,-4.19,0.6808,4.1,0,8.17432393874197,0
"163",2004,7,18,109.2075,0.46,0,0,0.075,-4.885,0.6906,4.375,0,8.17434913639684,0
"164",2004,7,19,120.515,0.46,0,0,0,-4.84,0.689,5.735,0,8.17436079718357,0
"165",2004,7,20,131.9645,0.46,0,0,0,-4.08,0.63765,7.45,0,8.17437762114305,0
"166",2004,7,21,143.1875,0.483,0,0,0.025,-3.645,0.5969,7.795,0,8.17444055073637,0
"167",2004,7,22,153.4315,0.46,0,0,0,-3.47,0.611,7.185,0,8.17454684293772,0
"168",2004,7,23,160.653,0.46,0,0,0.025,-3.235,0.6267,6.15,0,8.17468822114411,0
"169",2004,8,0,161.036,0.46,0,0,0.015,-3.16,0.6379,5.37,0,8.17485543709173,0
"170",2004,8,1,154.2865,0.46,0,0,0.01,-2.97,0.64845,4.395,0,8.17503842208258,0
"171",2004,8,2,144.2,0.46,0,0,0.06,-2.925,0.67885,3.615,0,8.17522284273867,0
"172",2004,8,3,133.023,0.483,0,0,0.045,-3.005,0.70555,4.01,0,8.17539701888809,0
"173",2004,8,4,121.571,0.483,0,0,0.025,-2.75,0.70715,4.1,0,8.17554950472678,0
"174",2004,8,5,110.229,0.483,0,0,0.13,-2.74,0.72745,3.18,0,8.17566829464671,0
"175",2004,8,6,99.271,0.506,0.16,0,0.035,-2.8,0.7399,2.625,0,8.17574581270702,0
"176",2004,8,7,88.7505,12.489,5.075,2.615,1.475,-2.68,0.7393,3.05,0,8.17623624818675,0
"177",2004,8,8,79.6045,56.718,20.37,20.315,6.625,-2.44,0.75585,3.945,0,8.30237794212816,0
"178",2004,8,9,71.8275,129.789,44.07,52.76,15.205,-2.81,0.8722,4.915,0,8.30723531922501,0
"179",2004,8,10,66.0525,312.156,109.995,143.145,40.08,-1.925,0.79325,4.21,0,8.30720774815647,0
"180",2004,8,11,62.8795,592.25,212.595,286.335,82.205,-0.695,0.6513,3.735,0,8.30720671627402,0
"181",2004,8,12,62.716,850.333,308.435,420.94,128.155,0.47,0.60075,2.63,0,8.30720672617875,0
"182",2004,8,13,65.585,557.612,204.01,273.02,80.71,0.575,0.5898,2.27,0,8.30720669271484,0
"183",2004,8,14,71.1155,270.411,99.56,127.95,35.68,0.21,0.6091,2.84,0,8.30720670730513,0
"184",2004,8,15,78.711,169.372,63.565,79.03,23.015,0.125,0.64335,2.955,0,8.30720673643069,0
"185",2004,8,16,87.707,31.694,11.905,10.645,4.055,-0.11,0.6769,2.5,0,8.29977973013428,0
"186",2004,8,17,98.1485,3.243,0.295,0,0.12,-0.34,0.74895,2.4,0,8.1538668825778,0
"187",2004,8,18,109.049,3.243,0,0,0.095,-0.43,0.75595,2.18,0,8.15401253744266,0
"188",2004,8,19,120.3585,3.128,0,0,0.095,-0.565,0.774,2.61,0,8.15397377620303,0
"189",2004,8,20,131.8065,3.174,0,0,0.085,-0.695,0.7569,3.125,0,8.15402706261338,0
"190",2004,8,21,143.0275,3.197,0,0,0.055,-0.815,0.7443,2.15,0,8.15419541579857,0
"191",2004,8,22,153.269,3.151,0,0,0.02,-0.9,0.76775,2.275,0,8.15446739072892,0
"192",2004,8,23,160.4965,3.243,0,0,0.07,-0.945,0.7733,2.96,0,8.1548264670264,0
"193",2004,9,0,160.935,3.174,0,0,0.11,-1.105,0.8334,3.53,0.0105833333333333,8.15525129853981,0
"194",2004,9,1,154.245,2.461,0,0,0.305,-1.415,0.8877,4.55,0.0105833333333333,8.15566209439829,0
"195",2004,9,2,144.193,0.989,0,0,0.32,-1.88,0.8431,4.14,0.0105833333333333,8.15595806373391,0
"196",2004,9,3,133.026,0.667,0,0,0.36,-2.5,0.8362,4.705,0.0105833333333333,8.1561556299327,0
"197",2004,9,4,121.5745,0.46,0,0,0.33,-3.215,0.83985,4.89,0.0105833333333333,8.15630926204312,0
"198",2004,9,5,110.2275,0.46,0,0,0.25,-3.42,0.82455,6.25,0.0105833333333333,8.15642265125949,0
"199",2004,9,6,99.2605,0.506,0.19,0,0.4,-4.015,0.8364,6.565,0.0105833333333333,8.15649450515721,0
"200",2004,9,7,88.726,36.639,14.295,13.155,6.465,-4.945,0.86475,6.24,0.0105833333333333,8.26837696243418,0
"201",2004,9,8,79.559,233.381,91.43,120.325,44.835,-4.665,0.8474,6.905,0.0105833333333333,8.34415945061994,0
"202",2004,9,9,71.759,430.307,163.125,221.005,73.215,-4.465,0.8237,7.39,0.0105833333333333,8.34440971297584,0
"203",2004,9,10,65.9555,555.91,208.94,286.065,88.395,-4.035,0.80235,7.19,0.0105833333333333,8.34440698097004,0
"204",2004,9,11,62.7555,512.601,191.97,259.23,74.505,-3.81,0.78475,5.75,0.0105833333333333,8.34440698986091,0
"205",2004,9,12,62.57,570.446,210.515,283.99,85.275,-3.245,0.73615,5.9,0.0105833333333333,8.3444069165178,0
"206",2004,9,13,65.426,356.822,132.955,173.425,49.095,-3.225,0.69705,6.095,0.0105833333333333,8.34440696886743,0
"207",2004,9,14,70.946,239.2,88.83,114.34,34.97,-3.535,0.71925,6.785,0.0105833333333333,8.34440715993922,0
"208",2004,9,15,78.542,297.39,109.11,141.005,53.99,-3.4,0.6352,6.565,0.0105833333333333,8.34440710666594,0
"209",2004,9,16,87.551,45.333,17.055,14.92,7.325,-4.1,0.67755,6.075,0.0105833333333333,8.34436058665693,0
"210",2004,9,17,97.9825,0.598,0.325,0,0.32,-4.765,0.71085,5.195,0.0105833333333333,8.24597580752502,0
"211",2004,9,18,108.8885,0.437,0,0,0.29,-5.475,0.68915,4.785,0.0105833333333333,8.24726449119709,0
"212",2004,9,19,120.2005,0.46,0,0,0.135,-5.63,0.7056,4.345,0.0105833333333333,8.2473169564568,0
"213",2004,9,20,131.647,0.414,0,0,0.085,-5.685,0.71505,4.47,0.0105833333333333,8.24734564911462,0
"214",2004,9,21,142.8655,0.46,0,0,0.075,-5.555,0.64045,4.625,0.0105833333333333,8.24741877158094,0
"215",2004,9,22,153.1,0.46,0,0,0.12,-5.77,0.64145,4.155,0.0105833333333333,8.24753430865247,0
"216",2004,9,23,160.334,0.46,0,0,0.135,-5.98,0.6254,3.625,0.0105833333333333,8.24768361555663,0
"217",2004,10,0,160.8255,0.437,0,0,0.055,-6.445,0.6423,3,0,8.24785616984556,0
"218",2004,10,1,154.2,0.368,0,0,0.14,-6.905,0.6836,3.035,0,8.24803829333289,0
"219",2004,10,2,144.179,0,0,0,0.035,-7.38,0.72505,3.005,0,8.24820729166265,0
"220",2004,10,3,133.023,0,0,0,0,-7.855,0.7658,2.67,0,8.24835356177111,0
"221",2004,10,4,121.5735,0.092,0,0,0.01,-8.79,0.7894,2.37,0,8.24847917997534,0
"222",2004,10,5,110.221,0.069,0,0,0,-9.11,0.80435,1.725,0,8.24857540411547,0
"223",2004,10,6,99.2405,0.161,0.285,0,0,-9.075,0.79785,1.055,0,8.2486343319028,0
"224",2004,10,7,88.695,33.902,13.155,10.135,5.115,-9.2,0.80595,1.055,0,8.32382304789591,0
"225",2004,10,8,79.506,248.216,89.76,118.365,41.965,-8.075,0.80345,1.795,0,8.41082301136748,0
"226",2004,10,9,71.6815,452.916,165.56,224.205,71.96,-6.505,0.7526,2.38,0,8.41104416974183,0
"227",2004,10,10,65.852,774.962,285.125,394.25,124.845,-4.96,0.64915,2.81,0,8.41103971441743,0
"228",2004,10,11,62.623,790.855,288.405,399.42,119.245,-3.89,0.55465,3.355,0,8.41103964122558,0
"229",2004,10,12,62.4155,713.368,260.035,355.98,105.115,-3.34,0.53345,4.065,0,8.411039818771,0
"230",2004,10,13,65.2585,428.26,157.12,209.425,58.785,-3.03,0.5485,4.62,0,8.41103976495523,0
"231",2004,10,14,70.775,213.279,76.96,97.96,27.45,-2.795,0.5671,4.585,0,8.41103963986846,0
"232",2004,10,15,78.371,90.045,32.17,36.245,10.805,-2.58,0.5668,4.01,0,8.41103970125158,0
"233",2004,10,16,87.3915,22.609,8.245,5.45,2.655,-2.5,0.5629,4.67,0,8.34525042424141,0
"234",2004,10,17,97.8185,0.483,0.27,0,0.16,-2.5,0.6034,4.545,0,8.287328254954,0
"235",2004,10,18,108.725,0.23,0,0,0.28,-2.73,0.61735,4.435,0,8.28754323329818,0
"236",2004,10,19,120.0385,0.299,0,0,0.01,-2.825,0.6662,4.095,0,8.28754147007364,0
"237",2004,10,20,131.486,0.184,0,0,0.04,-2.72,0.6658,5.4,0,8.28757412019242,0
"238",2004,10,21,142.7,0.207,0,0,0.025,-2.65,0.6761,6.065,0,8.28764753329263,0
"239",2004,10,22,152.9265,0.207,0,0,0.065,-2.575,0.69545,6.06,0,8.28775934731222,0
"240",2004,10,23,160.165,0.115,0,0,0.25,-2.755,0.7127,6.27,0,8.28789925594623,0
"241",2004,11,0,160.7075,0.115,0,0,0.135,-3.175,0.7293,6.9,0,8.28805650705613,0
"242",2004,11,1,154.146,0.069,0,0,0.11,-3.335,0.73215,7.345,0,8.28822155501766,0
"243",2004,11,2,144.1575,0.023,0,0,0.27,-3.59,0.7457,6.555,0,8.2883814005137,0
"244",2004,11,3,133.0145,0.023,0,0,0.185,-4.305,0.78745,6.045,0,8.2885263542641,0
"245",2004,11,4,121.566,0,0,0,0.105,-4.075,0.78985,7.68,0,8.28864753235035,0
"246",2004,11,5,110.207,0,0,0,0.03,-4.165,0.79965,7.6,0,8.28873642252445,0
"247",2004,11,6,99.2175,0.161,0.2,0,0.02,-4.105,0.80935,7.78,0,8.28878885123843,0
"248",2004,11,7,88.6575,51.888,20.71,22.15,9.855,-3.775,0.81455,8.55,0,8.44748180329436,0
"249",2004,11,8,79.4485,272.366,101.605,135.195,46.43,-2.25,0.77965,9.76,0,8.46694027775141,0
"250",2004,11,9,71.598,362.848,132.65,176.805,53.67,-0.235,0.7303,10.585,0,8.46696914873281,0
"251",2004,11,10,65.7415,760.656,276.865,383.675,118.805,1.83,0.6825,10.325,0,8.46696773314444,0
"252",2004,11,11,62.486,899.047,328.315,456.81,141.52,4.08,0.6359,10.535,0,8.46696770998443,0
"253",2004,11,12,62.258,868.687,314.485,436.71,135.31,5.845,0.6014,11.63,0,8.46696778648289,0
"254",2004,11,13,65.0845,538.706,194.525,264.87,81.345,5.805,0.63115,9.75,0,8.46696809436442,0
"255",2004,11,14,70.596,491.303,177.845,238.085,80.005,6.455,0.6316,9.425,0,8.46696776830233,0
"256",2004,11,15,78.1945,315.123,110.895,143.755,59.03,6.705,0.6458,8.82,0,8.46696793188016,0
"257",2004,11,16,87.191,64.745,22.49,22.2,13.9,5.43,0.7101,7.175,0,8.4669670333036,0
"258",2004,11,17,97.6475,0.782,0.485,0,0.2,4.1,0.75565,6.465,0,8.43026369363409,0
"259",2004,11,18,108.558,0.46,0,0,0.105,3.275,0.79195,6.23,0,8.43534478661479,0
"260",2004,11,19,119.875,0.46,0,0,0.225,2.765,0.8046,5.95,0,8.43552256207411,0
"261",2004,11,20,131.3235,0.46,0,0,0.02,3.31,0.7712,5.635,0,8.43556501366259,0
"262",2004,11,21,142.5315,0.46,0,0,0.115,4.305,0.73115,7.255,0,8.43565040064962,0
"263",2004,11,22,152.751,0.46,0,0,0.04,3.78,0.7538,6.03,0,8.43577616372312,0
"264",2004,11,23,159.9905,0.46,0,0,0.105,3.155,0.78165,5.535,0,8.4359338311533,0
"265",2004,12,0,160.581,0.46,0,0,0.13,2.605,0.79995,5.575,0,8.43611232288582,0
"266",2004,12,1,154.085,0.46,0,0,0.075,2.105,0.82145,5.3,0,8.4363010595913,0
"267",2004,12,2,144.13,0.46,0,0,0.035,1.705,0.8371,4.585,0,8.4364849320567,0
"268",2004,12,3,132.9975,0.46,0,0,0,1.875,0.8427,5.4,0,8.43665193549293,0
"269",2004,12,4,121.5525,0.46,0,0,0.055,2.34,0.832,6.085,0,8.43679070308216,0
"270",2004,12,5,110.188,0.46,0,0,0.255,1.855,0.86205,5.17,0,8.43689130211598,0
"271",2004,12,6,99.1875,0.46,0.19,0,0.005,1.94,0.86205,5.39,0,8.43694671224086,0
"272",2004,12,7,88.6165,12.558,4.985,2.595,1.355,2.185,0.83745,6.555,0,8.43717506970142,0
"273",2004,12,8,79.382,90.942,33.645,38.655,11.62,1.855,0.81945,6.775,0,8.52908392983085,0
"274",2004,12,9,71.5075,176.364,64.355,81.325,23.34,1.575,0.8041,6.325,0,8.529351034655,0
"275",2004,12,10,65.623,319.654,117.205,154.765,43.215,1.275,0.7952,7.11,0,8.52932289600218,0
"276",2004,12,11,62.3415,320.137,117,153.775,42.645,1.335,0.7722,6.525,0,8.5293223986789,0
"277",2004,12,12,62.091,258.405,93.075,120.855,33.545,0.855,0.78585,6.17,0,8.52932229663403,0
"278",2004,12,13,64.906,294.745,108.19,141.19,39.225,0.705,0.78815,4.995,0,8.5293223168626,0
"279",2004,12,14,70.414,419.727,152.99,200.705,64.955,1.505,0.75975,4.79,0,8.52932236884962,0
"280",2004,12,15,78.014,336.053,120.915,156.65,63.445,2.66,0.7216,4.53,0,8.52932254626656,0
"281",2004,12,16,87.025,71.208,26.045,26.03,15.33,2.36,0.761,3.22,0,8.52932299791123,0
"282",2004,12,17,97.4755,0.483,0.68,0,0.025,0.655,0.8417,3.125,0,8.50200717585627,0
"283",2004,12,18,108.3895,0.023,0,0,0,0.375,0.85435,3.55,0,8.50826735622394,0
"284",2004,12,19,119.7085,0.161,0,0,0,-0.275,0.88355,3.645,0,8.50848423051715,0
"285",2004,12,20,131.1555,0.414,0,0,0.03,-0.405,0.8868,3.885,0,8.50852687542154,0
"286",2004,12,21,142.3595,0.368,0,0,0.035,-0.525,0.88475,3.325,0,8.50861276811945,0
"287",2004,12,22,152.5695,0.253,0,0,0,-0.18,0.8439,3.475,0,8.50873577296545,0
"288",2004,12,23,159.81,0.161,0,0,0,0.22,0.82935,4.13,0,8.50888271503641,0
"289",2004,13,0,160.4485,0.046,0,0,0.105,-0.01,0.8486,5.1,0,8.5090439012241,0
"290",2004,13,1,154.015,0.299,0,0,0.005,0.36,0.8558,4.665,0,8.50921414667805,0
"291",2004,13,2,144.095,0.391,0,0,0.165,1.01,0.83095,5.055,0,8.50939072024678,0
"292",2004,13,3,132.977,0.414,0,0,0.41,-0.15,0.8652,4.665,0,8.50955396913035,0
"293",2004,13,4,121.5335,0.299,0,0,0.165,-0.885,0.88725,3.985,0,8.50968708283266,0
"294",2004,13,5,110.164,0.299,0,0,0.115,-1.23,0.8771,4.535,0,8.50978083231834,0
"295",2004,13,6,99.1515,0.161,0.195,0,0.24,-2.095,0.8795,3.925,0,8.5098301170799,0
"296",2004,13,7,88.566,46.759,17.82,17.455,9.72,-2.43,0.87095,3.485,0,8.63090917918778,0
"297",2004,13,8,79.3105,290.26,107.865,142.815,56.9,-1.43,0.84565,3.315,0,8.65246586245478,0
"298",2004,13,9,71.4095,348.841,133.495,173.35,48.395,-0.305,0.8043,4.245,0,8.65245219587524,0
"299",2004,13,10,65.4975,459.954,178.065,231.565,60.37,0.395,0.7693,3.965,0,8.65244973676576,0
"300",2004,13,11,62.1895,618.47,232.975,313.89,88.865,1.125,0.748,3.76,0,8.65244968537937,0
"301",2004,13,12,61.918,494.569,182.255,245.77,71.215,1.695,0.65255,4.995,0,8.65244971745395,0
"302",2004,13,13,64.723,370.024,138.59,183.125,51.13,1.78,0.63395,5.03,0,8.65244982009995,0
"303",2004,13,14,70.226,217.925,81.45,104.02,29.19,1.795,0.6431,4.215,0,8.65245021420223,0
"304",2004,13,15,77.829,130.295,49.39,60.275,17.575,1.38,0.684,4.43,0,8.65244974157896,0
"305",2004,13,16,86.855,31.004,12.395,10.33,4.11,0.64,0.75215,2.89,0,8.6424976899024,0
"306",2004,13,17,97.2995,0.368,0.495,0,0.07,0.345,0.7594,1.305,0,8.54714744877546,0
"307",2004,13,18,108.218,0.276,0,0,0,0.19,0.7596,0.98,0,8.54794777914858,0
"308",2004,13,19,119.5405,0.046,0,0,0,0.05,0.75905,0.59,0,8.54797317564279,0
"309",2004,13,20,130.987,0.069,0,0,0,-0.11,0.74985,1.07,0,8.54801476509512,0
"310",2004,13,21,142.1855,0.161,0,0,0,-0.27,0.77805,1.79,0,8.54809655241789,0
"311",2004,13,22,152.3855,0.345,0,0,0,-0.695,0.8283,2.145,0,8.54821955877445,0
"312",2004,13,23,159.6245,0.345,0,0,0,-0.865,0.85885,2.115,0,8.54837631629209,0
"313",2004,14,0,160.307,0.069,0,0,0,-1.44,0.88825,2.925,0,8.54854556182504,0
"314",2004,14,1,153.9375,0.161,0,0,0,-2.285,0.91005,3.02,0,8.54871436612261,0
"315",2004,14,2,144.0525,0.023,0,0,0,-2.57,0.9051,3.355,0,8.54887734922291,0
"316",2004,14,3,132.9495,0.023,0,0,0,-3.04,0.9094,4.055,0,8.54901978534969,0
"317",2004,14,4,121.5065,0.023,0,0,0,-2.765,0.8974,4.615,0,8.54913603145852,0
"318",2004,14,5,110.1315,0,0,0,0,-2.52,0.8981,5.43,0,8.54921776312716,0
"319",2004,14,6,99.1085,0.115,0.205,0,0.015,-2.6,0.8969,5.305,0,8.54926026624588,0
"320",2004,14,7,88.511,47.541,20.63,21.6,9.6,-2.225,0.88515,7.26,0,8.66160340251117,0
"321",2004,14,8,79.232,221.72,78.005,98.74,36.445,-1.25,0.86695,9.375,0,8.6797670015352,0
"322",2004,14,9,71.306,542.501,201.285,270.845,91.615,0.535,0.84035,10.1,0,8.67973041650221,0
"323",2004,14,10,65.365,712.471,262.725,362.915,115.29,2.965,0.78,10.145,0,8.6797278513455,0
"324",2004,14,11,62.03,639.607,234.645,321.52,96.685,4.885,0.7291,10.125,0,8.67972808216274,0
"325",2004,14,12,61.738,389.827,142.725,187.96,53.795,5.285,0.6995,11.18,0,8.67972780783358,0
"326",2004,14,13,64.5305,219.788,79.48,100.21,28.035,4.9,0.7225,10.155,0,8.67972783412859,0
"327",2004,14,14,70.0335,146.027,52.56,63.535,18.275,4.63,0.7321,10.345,0,8.67972791127615,0
"328",2004,14,15,77.6395,39.33,14.025,11.505,4.54,4.16,0.753,10.965,0,8.67836135282522,0
"329",2004,14,16,86.646,6.21,2.115,0.01,1.3,2.99,0.7615,11.32,0,8.46843521575157,0
"330",2004,14,17,97.121,0.092,0.28,0,0.4,1.81,0.7597,10.205,0,8.46629922943278,0
"331",2004,14,18,108.046,0.069,0,0,0.3,1.24,0.7848,11.63,0,8.46629611862588,0
"332",2004,14,19,119.37,0.023,0,0,0.935,-0.6,0.7819,12.97,0,8.46630128279201,0
"333",2004,14,20,130.817,0.023,0,0,0.58,-1.74,0.726,11.875,0,8.46634702245217,0
"334",2004,14,21,142.009,0.069,0,0,0.655,-2.575,0.73295,11.2,0,8.46643226435269,0
"335",2004,14,22,152.1975,0.046,0,0,0.365,-3.54,0.7421,9.645,0,8.46655191575773,0
"336",2004,14,23,159.431,0,0,0,0.865,-4.6,0.7409,10.025,0,8.4666949807319,0
"337",2004,15,0,160.1575,0,0,0,0.49,-6.02,0.7587,8.69,0,8.4668523724411,0
"338",2004,15,1,153.853,0.138,0,0,0.07,-6.35,0.70995,8.195,0,8.46701748209748,0
"339",2004,15,2,144.005,0.092,0,0,0.255,-6.72,0.7027,7.87,0,8.46717905632423,0
"340",2004,15,3,132.9145,0.115,0,0,0.24,-7.295,0.7245,5.905,0,8.46732170076082,0
"341",2004,15,4,121.4735,0.207,0,0,0.16,-7.755,0.7438,4.245,0,8.46743864136903,0
"342",2004,15,5,110.095,0.322,0,0,0.075,-8.18,0.77255,3.81,0,8.46752185177764,0
"343",2004,15,6,99.0615,0.414,0.31,0,0.03,-8.355,0.76335,3.83,0,8.46756286945371,0
"344",2004,15,7,88.451,47.127,19.75,18.755,10.105,-8.41,0.77075,2.785,0,8.56991013866571,0
"345",2004,15,8,79.1465,300.196,113.995,145.35,55.375,-7.105,0.71195,2.325,0,8.58676233300035,0
"346",2004,15,9,71.1955,597.931,225.01,300.81,100.7,-5.385,0.59475,2.525,0,8.5867083496932,0
"347",2004,15,10,65.2255,826.735,313.03,423.595,129.865,-3.72,0.5115,1.305,0,8.58670557914044,0
"348",2004,15,11,61.863,945.599,355.625,484.435,144.135,-2.81,0.48845,1.47,0,8.58670551854893,0
"349",2004,15,12,61.5515,957.168,356.955,483.695,145.1,-2.19,0.52715,1.775,0,8.58670553814199,0
"350",2004,15,13,64.3355,848.815,312.485,419.745,130.805,-1.815,0.546,2.04,0,8.58670558370752,0
"351",2004,15,14,69.836,612.95,223.36,294.66,97.28,-1.12,0.54665,1.88,0,8.58670573864584,0
"352",2004,15,15,77.4485,146.349,55.44,67.875,19.01,-1.66,0.57715,1.59,0,8.58670630421655,0
"353",2004,15,16,86.47,33.488,13.09,11.38,4.385,-1.91,0.60655,2.505,0,8.58325597632421,0
"354",2004,15,17,96.9415,0.506,0.36,0,0.23,-2.085,0.61225,2.9,0,8.51157318487917,0
"355",2004,15,18,107.8695,0.161,0,0,0.105,-2,0.6144,2.445,0,8.51311566858189,0
"356",2004,15,19,119.197,0.069,0,0,0.145,-2.095,0.6411,3.075,0,8.51316156266203,0
"357",2004,15,20,130.6435,0,0,0,0.04,-2.42,0.70415,3.22,0,8.51321080699047,0
"358",2004,15,21,141.83,0,0,0,0.045,-2.47,0.72675,3.855,0,8.51329657401647,0
"359",2004,15,22,152.008,0.023,0,0,0.02,-2.56,0.74255,5.27,0,8.51341625120082,0
"360",2004,15,23,159.234,0.023,0,0,0.01,-2.405,0.73795,5.5,0,8.51356079298206,0
"361",2004,16,0,160.001,0.023,0,0,0.065,-2.3,0.74735,4.965,0,8.51372027606815,0
"362",2004,16,1,153.759,0.023,0,0,0.22,-2.55,0.77775,4.215,0,8.51388383108269,0
"363",2004,16,2,143.9495,0.115,0,0,0.24,-3.015,0.7956,4.105,0,8.51404143901137,0
"364",2004,16,3,132.873,0.345,0,0,0.01,-2.83,0.80375,4.015,0,8.51418787773746,0
"365",2004,16,4,121.4355,0.184,0,0,0.02,-2.67,0.8062,5.15,0,8.51430738937133,0
"366",2004,16,5,110.05,0.069,0,0,0.015,-2.5,0.79395,5.75,0,8.51438430900169,0
"367",2004,16,6,99.006,0.253,0.165,0,0.06,-2.445,0.78585,6.335,0,8.51441968584786,0
"368",2004,16,7,88.382,32.913,13.055,12.97,4.92,-2.535,0.7823,6.535,0,8.54251700111093,0
"369",2004,16,8,79.0555,128.202,47.875,59.365,17.785,-2.225,0.7676,7.6,0,8.58831933951053,0
"370",2004,16,9,71.077,262.315,96.82,126.25,35.715,-1.44,0.7283,7.985,0,8.58809458622539,0
"371",2004,16,10,65.0795,439.99,162.315,216.275,60.765,-0.43,0.68805,8.115,0,8.58808487852406,0
"372",2004,16,11,61.6905,726.846,265.62,364.905,108.275,0.88,0.6472,8.455,0,8.58808479347793,0
"373",2004,16,12,61.3595,556.554,201.59,271.93,78.88,1.565,0.63725,7.87,0,8.58808484842755,0
"374",2004,16,13,64.1335,538.568,194.09,261.44,77.41,2.16,0.6223,7.815,0,8.58808471854328,0
"375",2004,16,14,69.6325,371.381,134.33,176.28,53.17,2.26,0.6221,7.625,0,8.5880847372318,0
"376",2004,16,15,77.251,224.917,82.945,106.595,32.37,2.345,0.63245,6.84,0,8.58808478129376,0
"377",2004,16,16,86.2515,44.873,17.975,18.12,6.645,1.835,0.67175,5.315,0,8.58803899135762,0
"378",2004,16,17,96.756,0.575,0.565,0,0.245,1.135,0.7168,4.27,0,8.55163399374733,0
"379",2004,16,18,107.6925,0.092,0,0,0.22,0.28,0.7717,4.705,0,8.55564070102321,0
"380",2004,16,19,119.0235,0.023,0,0,0,0.12,0.77735,5.625,0,8.55574621951084,0
"381",2004,16,20,130.4675,0.092,0,0,0,0.475,0.73925,5.955,0,8.55579846383183,0
"382",2004,16,21,141.6495,0.046,0,0,0.23,0.665,0.7352,5.175,0,8.55588882011138,0
"383",2004,16,22,151.8125,0.207,0,0,0.05,0.46,0.80615,5.34,0,8.55601373693254,0
"384",2004,16,23,159.03,0.138,0,0,0.075,0.435,0.86855,5.525,0,8.5561671054122,0
"385",2004,17,0,159.837,0.345,0,0,0.13,0.365,0.9021,4.49,0.41275,8.55633832762203,0
"386",2004,17,1,153.6595,0.46,0,0,0.055,0.355,0.9078,4.35,0.41275,8.55652328842976,0
"387",2004,17,2,143.886,0.46,0,0,0.125,0.31,0.90215,5.405,0.41275,8.55670291781054,0
"388",2004,17,3,132.827,0.46,0,0,0.095,0.09,0.9324,6.235,0.41275,8.55686116949229,0
"389",2004,17,4,121.391,0.437,0,0,0.055,0.05,0.937,6.48,0.41275,8.55698618969045,0
"390",2004,17,5,110.0015,0.46,0,0,0.045,0.115,0.93165,6.115,0.41275,8.55706981864259,0
"391",2004,17,6,98.9445,0.46,0.21,0,0,0.055,0.951,5.58,0.41275,8.5571063316202,0
"392",2004,17,7,88.2725,6.141,2.88,0.075,0.44,0.35,0.9654,5.765,0.41275,8.55709029670107,0
"393",2004,17,8,78.956,26.519,9.6,5.405,2.14,0.59,0.9659,5.535,0.41275,8.5360604093946,0
"394",2004,17,9,70.9525,80.132,28.17,27.565,6.13,0.76,0.96595,4.26,0.41275,8.47445931992364,0
"395",2004,17,10,64.925,113.804,39.775,41.67,8.86,1.135,0.96335,3.835,0.41275,8.47263380178866,0
"396",2004,17,11,61.5105,134.297,47.25,50.365,10.32,1.785,0.96465,3.395,0.41275,8.47260142023449,0
"397",2004,17,12,61.1605,134.941,48.45,51.485,10.855,2.54,0.9653,2.495,0.41275,8.47260097193068,0
"398",2004,17,13,63.9255,154.307,56.385,61.62,13.14,2.97,0.9652,2.165,0.41275,8.47260103863862,0
"399",2004,17,14,69.427,143.865,52.995,57.605,12.555,3.26,0.96505,1.93,0.41275,8.47260126883871,0
"400",2004,17,15,77.0505,42.642,15.665,10.15,3.44,3.27,0.9648,1.125,0.41275,8.4721691137588,0
"401",2004,17,16,86.0715,12.673,5.185,0.165,0.88,3.215,0.96385,0.59,0.41275,8.29334248932079,0
"402",2004,17,17,96.57,2.047,0.74,0,0.005,2.94,0.96745,1.2,0.41275,8.29060964679372,0
"403",2004,17,18,107.513,2.139,0,0,0.115,2.37,0.9707,3.08,0.41275,8.29065060928401,0
"404",2004,17,19,118.847,2.254,0,0,0.085,1.885,0.97245,3.835,0.41275,8.2906723496673,0
"405",2004,17,20,130.29,2.208,0,0,0.255,1.45,0.97375,5.395,0.41275,8.29077776369422,0
"406",2004,17,21,141.4655,2.208,0,0,0.285,1.04,0.9645,5.075,0.41275,8.29096036070241,0
"407",2004,17,22,151.6135,2.231,0,0,0.325,0.705,0.9343,7.2,0.41275,8.29120933525942,0
"408",2004,17,23,158.8215,2.139,0,0,0.34,0.16,0.89685,6.41,0.41275,8.29150598942377,0
"409",2004,18,0,159.6645,2.162,0,0,0.265,-0.185,0.8928,5.935,0,8.29182609768446,0
"410",2004,18,1,153.55,2.024,0,0,0.2,-0.405,0.89645,5.905,0,8.29214778434767,0
"411",2004,18,2,143.8155,1.955,0,0,0.245,-0.54,0.87855,6.56,0,8.29244208563201,0
"412",2004,18,3,132.772,1.84,0,0,0.34,-0.88,0.83775,8.07,0,8.29269342550665,0
"413",2004,18,4,121.34,1.357,0,0,0.385,-1.45,0.8082,8.415,0,8.29287443904894,0
"414",2004,18,5,109.944,0.299,0,0,0.675,-2.175,0.76355,8.845,0,8.29296829919687,0
"415",2004,18,6,98.877,0.092,0.2,0,0.695,-3.95,0.75845,9.305,0,8.29299980543191,0
"416",2004,18,7,88.1935,21.827,7.69,4.15,2.155,-4.72,0.77565,9.84,0,8.29427118440472,0
"417",2004,18,8,78.851,136.114,53.84,65.16,19.475,-5.285,0.7512,10.085,0,8.36590638250774,0
"418",2004,18,9,70.819,376.855,145.47,189.98,53.615,-5.795,0.73335,10.335,0,8.36555925159534,0
"419",2004,18,10,64.7655,850.08,328.65,445.325,133.625,-5.99,0.66765,10.575,0,8.36554108077615,0
"420",2004,18,11,61.324,962.343,365.41,501.26,149.665,-6.305,0.66825,10.5,0,8.36554076346807,0
"421",2004,18,12,60.9545,856.842,320.28,439.325,132.1,-6.49,0.6594,10.065,0,8.36554083073329,0
"422",2004,18,13,63.7125,824.987,307.52,423.89,133.83,-6.44,0.63185,9.77,0,8.36554108604169,0
"423",2004,18,14,69.214,375.199,138.92,185.615,57.75,-6.945,0.65095,9.125,0,8.36554085685651,0
"424",2004,18,15,76.8455,231.932,87.23,114.985,38.975,-7.47,0.6614,8.865,0,8.36554110573906,0
"425",2004,18,16,85.889,64.216,23.925,25.975,9.59,-8.36,0.672,8.19,0,8.36554029136562,0
"426",2004,18,17,96.3825,1.15,0.68,0,0.48,-8.925,0.6772,8.23,0,8.37907377080563,0
"427",2004,18,18,107.3305,0.092,0,0,0.1,-9.305,0.68895,8.035,0,8.39031414020552,0
"428",2004,18,19,118.668,0.023,0,0,0.175,-9.67,0.68855,8,0,8.39056860087361,0
"429",2004,18,20,130.112,0.023,0,0,0.23,-10.095,0.69325,8.375,0,8.39062331428226,0
"430",2004,18,21,141.2785,0,0,0,0.125,-10.41,0.70745,6.755,0,8.39071202280979,0
"431",2004,18,22,151.4125,0.023,0,0,0.01,-10.525,0.71615,6.89,0,8.39083213434893,0
"432",2004,18,23,158.6075,0,0,0,0.39,-10.86,0.7108,7.095,0,8.39097646960763,0
"433",2004,19,0,159.4845,0.046,0,0,0.08,-11.255,0.72545,6.75,0,8.39113515895637,0
"434",2004,19,1,153.434,0,0,0,0.28,-11.65,0.72165,6.805,0,8.39129729363208,0
"435",2004,19,2,143.739,0,0,0,0.185,-11.97,0.7272,7.175,0,8.39144918409415,0
"436",2004,19,3,132.7125,0,0,0,0.22,-12.32,0.731,7.08,0,8.39158265020012,0
"437",2004,19,4,121.2825,0,0,0,0.22,-12.62,0.73025,6.685,0,8.39168800920037,0
"438",2004,19,5,109.884,0,0,0,0.22,-12.9,0.74515,6.29,0,8.39175793628879,0
"439",2004,19,6,98.8035,0.138,0.21,0,0.565,-13.615,0.74395,7.525,0,8.39178863847281,0
"440",2004,19,7,88.1105,51.865,20.945,21.42,11.425,-14.125,0.7172,6.83,0,8.49391145240789,0
"441",2004,19,8,78.7405,313.559,119.195,160.46,61.015,-13.74,0.7251,6.21,0,8.50479970678648,0
"442",2004,19,9,70.681,617.366,232.075,321.47,108.89,-12.97,0.7052,6.29,0,8.50474055795007,0
"443",2004,19,10,64.598,847.757,316.34,442.02,140.395,-11.875,0.67165,6.485,0,8.50473830611824,0
"444",2004,19,11,61.13,977.615,363.21,508.225,157.01,-10.65,0.65885,5.79,0,8.50473823573341,0
"445",2004,19,12,60.744,970.554,356.365,496.46,153.97,-9.46,0.65855,5.155,0,8.50473825842838,0
"446",2004,19,13,63.4935,891.273,323.85,450.46,145.195,-8.445,0.6393,4.555,0,8.50473831906623,0
"447",2004,19,14,68.9995,548.297,195.56,268.08,90.32,-7.78,0.6295,4.595,0,8.50473853554398,0
"448",2004,19,15,76.638,325.542,114.46,151.38,57.435,-7.35,0.62135,5.635,0,8.50473837982793,0
"449",2004,19,16,85.663,108.146,38.73,45.66,23.4,-7.55,0.6366,5.51,0,8.5047383156691,0
"450",2004,19,17,96.192,1.702,1.01,0,0.59,-8.145,0.684,4.245,0,8.53367312522851,0
"451",2004,19,18,107.1475,0.023,0,0,0.12,-8.615,0.732,3.84,0,8.5586727240873,0
"452",2004,19,19,118.488,0,0,0,0.025,-9.12,0.76885,2.75,0,8.55923285781929,0
"453",2004,19,20,129.931,0,0,0,0.01,-9.385,0.7847,2.155,0,8.55929415101802,0
"454",2004,19,21,141.091,0,0,0,0,-9.795,0.79295,2.115,0,8.55938501056689,0
"455",2004,19,22,151.2065,0,0,0,0,-9.905,0.80035,2.67,0,8.55950759532876,0
"456",2004,19,23,158.387,0,0,0,0,-10.45,0.8237,2.3,0,8.55965370966901,0
"457",2004,20,0,159.2965,0,0,0,0,-10.58,0.82795,1.795,0,8.55981324256327,0
"458",2004,20,1,153.31,0,0,0,0,-10.705,0.82565,2.08,0,8.55997523595779,0
"459",2004,20,2,143.6555,0,0,0,0.01,-10.795,0.83055,1.6,0,8.56012845147282,0
"460",2004,20,3,132.6445,0.069,0,0,0,-10.31,0.7922,2.025,0,8.56026344422573,0
"461",2004,20,4,121.219,0,0,0,0,-9.975,0.7191,3.18,0,8.56037017101569,0
"462",2004,20,5,109.8145,0,0,0,0,-9.925,0.67795,2.42,0,8.56043933702341,0
"463",2004,20,6,98.726,0.046,0.285,0,0.005,-9.68,0.66535,2.18,0,8.56046759489407,0
"464",2004,20,7,88.0195,27.6,11.29,10.44,4.115,-9.47,0.6591,2.42,0,8.5652200554118,0
"465",2004,20,8,78.624,223.468,84.625,110.275,35.2,-8.88,0.6688,1.165,0,8.61805982023317,0
"466",2004,20,9,70.5375,572.125,213.74,294.175,94.355,-7.7,0.60895,1.295,0,8.6176359861205,0
"467",2004,20,10,64.424,680.524,253.555,348.425,105.475,-6.555,0.53305,1.285,0,8.61762166727541,0
"468",2004,20,11,60.931,588.133,218.505,295.96,88.015,-5.96,0.4789,1.16,0,8.61762146234608,0
"469",2004,20,12,60.525,571.481,212.915,284.445,82.59,-5.33,0.4423,0.875,0,8.61762163128201,0
"470",2004,20,13,63.2695,642.919,235.95,318.46,97.4,-4.77,0.44125,1.005,0,8.61762165748422,0
"471",2004,20,14,68.779,546.135,200.025,269.73,85.03,-4.53,0.4491,1.47,0,8.61762144446966,0
"472",2004,20,15,76.4265,146.142,55.215,69.17,20.245,-5.015,0.46205,1.095,0,8.61762146327078,0
"473",2004,20,16,85.476,79.695,32.755,37.435,12.875,-4.785,0.458,0.46,0,8.61762149968125,0
"474",2004,20,17,95.9985,1.219,0.935,0,0.33,-5.065,0.49155,0.325,0,8.63609417199863,0
"475",2004,20,18,106.962,0.253,0,0,0.13,-5.095,0.5005,0.76,0,8.65138721116115,0
"476",2004,20,19,118.308,0.138,0,0,0.01,-5.195,0.55865,1,0,8.6517481443941,0
"477",2004,20,20,129.747,0.023,0,0,0.02,-5.415,0.56505,1.295,0,8.65180930096189,0
"478",2004,20,21,140.899,0,0,0,0.04,-6.755,0.68095,2.095,0,8.65190147013158,0
"479",2004,20,22,150.999,0.023,0,0,0,-7.04,0.66195,1.89,0,8.6520260023867,0
"480",2004,20,23,158.164,0.161,0,0,0,-7.355,0.6967,1.095,0,8.65217637363574,0
"481",2004,21,0,159.104,0.115,0,0,0,-7.135,0.71775,0.925,0,8.65234527166331,0
"482",2004,21,1,153.179,0,0,0,0.005,-6.8,0.69415,1.475,0,8.65251209522098,0
"483",2004,21,2,143.564,0,0,0,0.005,-6.55,0.7088,1.27,0,8.65266613773328,0
"484",2004,21,3,132.572,0.138,0,0,0.005,-6.32,0.7503,2.025,0,8.65280276099925,0
"485",2004,21,4,121.1495,0.23,0,0,0,-6.005,0.76225,2.415,0,8.65291429437228,0
"486",2004,21,5,109.7395,0.368,0,0,0,-5.635,0.77525,3.44,0,8.65299009541842,0
"487",2004,21,6,98.6375,0.207,0.23,0,0,-5.305,0.7574,4.815,0,8.65302037876797,0
"488",2004,21,7,87.923,13.754,5.535,2.895,1.62,-4.895,0.76045,5.8,0,8.65296653817238,0
"489",2004,21,8,78.4985,87.929,32.615,37.945,11.72,-4.48,0.7576,7,0,8.68102613958572,0
"490",2004,21,9,70.385,231.886,85.315,111.33,32.41,-3.8,0.723,8.255,0,8.67967760170395,0
"491",2004,21,10,64.2445,528.172,193.205,265.6,80.615,-2.63,0.6827,8.82,0,8.67963417879692,0
"492",2004,21,11,60.727,965.264,349.025,494.95,155.97,-0.955,0.615,10.15,0,8.67963365067324,0
"493",2004,21,12,60.3035,981.824,353.16,498.285,157.7,0.5,0.58995,10.39,0,8.67963351344787,0
"494",2004,21,13,63.0425,890.468,316.96,444.795,145.94,1.865,0.58285,10.715,0,8.67963376459411,0
"495",2004,21,14,68.5535,680.432,239.055,333.415,117.315,2.675,0.5949,11.205,0,8.67963354378896,0
"496",2004,21,15,76.214,394.818,135.945,184.595,74.455,2.98,0.62615,11.14,0,8.67963376764559,0
"497",2004,21,16,85.284,107.065,35.345,40.73,22.84,2.225,0.68885,9.34,0,8.67963353340626,0
"498",2004,21,17,95.806,4.393,1.08,0,0.42,1.185,0.74705,8.23,0,8.70221148197325,0
"499",2004,21,18,106.775,2.553,0,0,0.08,1.055,0.7627,8.32,0,8.7267780219764,0
"500",2004,21,19,118.123,0.828,0,0,0.085,0.815,0.78775,7.56,0,8.72737618500345,0
"501",2004,21,20,129.564,0.46,0,0,0.11,0.855,0.7913,8.305,0,8.72745539636254,0
"502",2004,21,21,140.7065,0.46,0,0,0,0.89,0.79875,8.5,0,8.72756332607306,0
"503",2004,21,22,150.787,0.345,0,0,0.05,1.7,0.77905,7.63,0,8.72770601727791,0
"504",2004,21,23,157.9355,0.207,0,0,0.19,2.545,0.7624,7.83,0,8.72786886389226,0
"505",2004,22,0,158.9025,0.115,0,0,0.37,1.86,0.64945,8.165,0,8.72803934233071,0
"506",2004,22,1,153.038,0.069,0,0,1.17,-0.185,0.52855,10.58,0,8.72820852636753,0
"507",2004,22,2,143.466,0.046,0,0,0.975,-2.47,0.3945,9.955,0,8.72836604505461,0
"508",2004,22,3,132.49,0,0,0,1.245,-5.295,0.48995,8.1,0,8.72850231092498,0
"509",2004,22,4,121.073,0.046,0,0,0.92,-7.895,0.5565,8.295,0,8.72860874698994,0
"510",2004,22,5,109.6585,0,0,0,0.845,-9.945,0.5804,8.695,0,8.72867860804249,0
"511",2004,22,6,98.5465,0.23,0.095,0,0.635,-11.285,0.6039,8.29,0,8.72870759680316,0
"512",2004,22,7,87.8205,56.327,22.14,24.055,12.68,-12.715,0.59225,8.85,0,8.81927875380122,0
"513",2004,22,8,78.368,327.819,123.115,168.36,65.37,-12.97,0.58305,9.055,0,8.82521891316212,0
"514",2004,22,9,70.227,631.028,234.98,330.655,113.735,-13.02,0.56025,9.11,0,8.82514497058582,0
"515",2004,22,10,64.057,863.489,321.27,454.46,145.655,-12.56,0.52295,9.425,0,8.82514291978574,0
"516",2004,22,11,60.5135,992.956,370.03,523.465,163.385,-11.81,0.46215,10.37,0,8.82514288177593,0
"517",2004,22,12,60.0745,1014.829,377.065,531.29,166.755,-11.15,0.4221,10.18,0,8.82514293862281,0
"518",2004,22,13,62.808,927.866,340.96,478.835,156.165,-10.975,0.4017,10.015,0,8.82514314563461,0
"519",2004,22,14,68.326,719.578,261.31,365.61,127.82,-10.775,0.39065,9.685,0,8.82514303680462,0
"520",2004,22,15,75.9955,427.11,152.415,209.03,83.87,-10.77,0.3972,9.33,0,8.82514291880245,0
"521",2004,22,16,85.089,120.428,41.495,49.75,28.43,-11.175,0.4353,7.58,0,8.8251429840466,0
"522",2004,22,17,95.5735,2.208,1.135,0,0.335,-11.665,0.48795,6.33,0,8.84657107441235,0
"523",2004,22,18,106.586,0.253,0,0,0.01,-12.04,0.52615,6.16,0,8.87141018101914,0
"524",2004,22,19,117.9395,0.161,0,0,0.025,-12.52,0.57165,4.405,0,8.87201814756415,0
"525",2004,22,20,129.377,0.115,0,0,0,-12.855,0.5997,3.785,0,8.87208627605306,0
"526",2004,22,21,140.511,0.069,0,0,0,-13.02,0.6137,3.315,0,8.87218387187514,0
"527",2004,22,22,150.571,0.092,0,0,0.005,-13.235,0.6327,2.93,0,8.87231310332003,0
"528",2004,22,23,157.7015,0.023,0,0,0,-13.38,0.66175,2.865,0,8.87246645639692,0
"529",2004,23,0,158.6935,0.161,0,0,0.02,-13.275,0.69865,3.035,0,8.87263390060244,0
"530",2004,23,1,152.8905,0.115,0,0,0,-12.415,0.6622,3.435,0,8.87280724412578,0
"531",2004,23,2,143.36,0.092,0,0,0,-11.58,0.62435,2.975,0,8.87296760622144,0
"532",2004,23,3,132.403,0.115,0,0,0,-11.22,0.6126,1.84,0,8.87310733485712,0
"533",2004,23,4,120.99,0.046,0,0,0,-10.8,0.5833,2.26,0,8.87321583945794,0
"534",2004,23,5,109.5715,0.023,0,0,0,-10.305,0.5613,4.535,0,8.87328509475426,0
"535",2004,23,6,98.4485,0.092,0.285,0,0,-9.875,0.5935,6.265,0,8.87331221981939,0
"536",2004,23,7,87.6725,27.255,10.845,9.36,3.5,-9.265,0.60725,7.1,0,8.8744238977012,0
"537",2004,23,8,78.231,132.549,49.52,61.62,18.36,-8.51,0.59275,8.455,0,8.90454566023304,0
"538",2004,23,9,70.0625,316.365,115.355,154.285,44.67,-7.6,0.56415,10.015,0,8.90386863699101,0
"539",2004,23,10,63.865,565.639,202.865,278.23,82.495,-5.635,0.5077,11.61,0,8.90385069085093,0
"540",2004,23,11,60.295,447.626,158.255,210.64,59.075,-3.855,0.5056,11.555,0,8.90385042302046,0
"541",2004,23,12,59.84,512.325,181.735,242.725,68.325,-1.855,0.51035,11.845,0,8.90385052013104,0
"542",2004,23,13,62.5685,424.925,151.015,199.94,56.78,-0.34,0.52955,11.485,0,8.90385089464944,0
"543",2004,23,14,68.093,203.067,72.02,89.995,25.755,0.295,0.54965,9.565,0,8.90385046025553,0
"544",2004,23,15,75.776,116.909,42.545,49.63,14.685,1.17,0.55505,7.035,0,8.90385056700252,0
"545",2004,23,16,84.8885,30.981,12.06,9.155,4.08,1.59,0.55705,6.505,0,8.89488701268194,0
"546",2004,23,17,95.3775,0.805,0.68,0,0.28,1.285,0.60145,5.005,0,8.83244969334989,0
"547",2004,23,18,106.3955,0.046,0,0,0.04,1.21,0.6345,5.515,0,8.83373248315448,0
"548",2004,23,19,117.7525,0.046,0,0,0.01,1.43,0.6467,5.68,0,8.83377977623699,0
"549",2004,23,20,129.19,0.046,0,0,0,1.68,0.6508,5.005,0,8.83383833596803,0
"550",2004,23,21,140.314,0.023,0,0,0.1,1.725,0.67575,5.29,0,8.83393479452387,0
"551",2004,23,22,150.3535,0,0,0,0.225,1.225,0.73425,3.905,0,8.83406255574426,0
"552",2004,23,23,157.463,0.046,0,0,0.04,2.095,0.70215,5.005,0,8.83421406767329,0
"553",2004,24,0,158.479,0,0,0,0.54,0.75,0.69695,5.435,0,8.83437765024802,0
"554",2004,24,1,152.734,0.046,0,0,1.07,-1.425,0.74115,6.3,0,8.83454291976807,0
"555",2004,24,2,143.2465,0.023,0,0,0.82,-3.81,0.82395,5.94,0,8.83469978548177,0
"556",2004,24,3,132.31,0.115,0,0,0.415,-5.25,0.82945,5.45,0,8.83483680160302,0
"557",2004,24,4,120.9015,0.046,0,0,0.35,-6.15,0.84555,5.165,0,8.83494413094187,0
"558",2004,24,5,109.4785,0.023,0,0,0.365,-6.97,0.8415,5.81,0,8.8350121351244,0
"559",2004,24,6,98.3435,0.299,0.305,0,0.32,-7.785,0.8445,6.865,0,8.83503880641588,0
"560",2004,24,7,87.561,43.631,14.115,12.26,4.87,-8.4,0.8288,6.245,0,8.88503263124223,0
"561",2004,24,8,78.0875,123.464,45.435,55.835,16.98,-8.575,0.8313,5.59,0,8.89493906554299,0
"562",2004,24,9,69.891,251.919,92.215,121.83,36.07,-8.13,0.85055,5.3,0,8.89475361185162,0
"563",2004,24,10,63.6645,509.542,187.205,256.545,76.645,-7.225,0.83475,5.425,0,8.89474892377869,0
"564",2004,24,11,60.0695,662.446,244.345,338.63,102.18,-6.005,0.79015,5.45,0,8.89474883781682,0
"565",2004,24,12,59.5985,837.43,309.97,433.175,132.465,-4.535,0.7376,5.15,0,8.8947488576929,0
"566",2004,24,13,62.3245,522.675,193.065,264.49,79.5,-3.85,0.69065,4.97,0,8.89474890166929,0
"567",2004,24,14,67.8565,360.755,131.46,175.24,54.675,-3.69,0.6562,4.555,0,8.89474904489896,0
"568",2004,24,15,75.551,139.426,52.275,64.28,20.625,-3.155,0.613,4.705,0,8.8947495491051,0
"569",2004,24,16,84.6875,83.168,31.295,35.09,11.93,-3.385,0.60775,4.35,0,8.8947488871502,0
"570",2004,24,17,95.144,2.231,1.42,0,0.26,-4.19,0.62405,3.055,0,8.91096507729964,0
"571",2004,24,18,106.2045,0.161,0,0,0.29,-5.61,0.7158,4.28,0,8.92692835812791,0
"572",2004,24,19,117.565,0.023,0,0,0.015,-5.34,0.67215,4.505,0,8.92732278822099,0
"573",2004,24,20,129.0005,0.046,0,0,0.155,-5.62,0.64005,5.825,0,8.927387989683,0
"574",2004,24,21,140.113,0.023,0,0,0.085,-6.115,0.63275,6.305,0,8.92748593589891,0
"575",2004,24,22,150.133,0,0,0,0.015,-6.185,0.58925,7.27,0,8.92761482988024,0
"576",2004,24,23,157.218,0,0,0,0.17,-6.36,0.5824,8.06,0,8.92776586007663,0
"577",2004,25,0,158.256,0,0,0,0.235,-6.72,0.52675,8.55,0.0740833333333333,8.92792988335235,0
"578",2004,25,1,152.571,0,0,0,0.315,-7.315,0.5135,8.355,0.0740833333333333,8.92809497840749,0
"579",2004,25,2,143.125,0,0,0,0.3,-7.945,0.49865,8.89,0.0740833333333333,8.92825003920783,0
"580",2004,25,3,132.2085,0,0,0,0.105,-8.385,0.48735,8.99,0.0740833333333333,8.92838406848871,0
"581",2004,25,4,120.8055,0,0,0,0.16,-8.585,0.483,9.79,0.0740833333333333,8.92848784304863,0
"582",2004,25,5,109.379,0,0,0,0.185,-8.945,0.50295,11.285,0.0740833333333333,8.92855414583841,0
"583",2004,25,6,98.2335,0.092,0.255,0,0,-8.945,0.495,9.935,0.0740833333333333,8.92857858898556,0
"584",2004,25,7,87.4395,20.907,8.425,6,2.73,-8.72,0.46505,9.56,0.0740833333333333,8.92802348810289,0
"585",2004,25,8,77.9375,83.927,30.325,34.18,10.61,-8.665,0.45025,10.175,0.0740833333333333,8.93504826211829,0
"586",2004,25,9,69.7135,140.3,48.635,58.45,16.595,-8.44,0.43975,10.6,0.0740833333333333,8.93361901487622,0
"587",2004,25,10,63.457,188.899,64.815,79.57,21.78,-7.785,0.41275,10.48,0.0740833333333333,8.93358337157881,0
"588",2004,25,11,59.8385,181.654,61.115,73.97,19.875,-6.93,0.3813,9.845,0.0740833333333333,8.93358280064629,0
"589",2004,25,12,59.3525,128.8,41.765,47.13,12.355,-6.29,0.35985,11.285,0.0740833333333333,8.93358285426808,0
"590",2004,25,13,62.0785,157.941,50.315,60.965,17.485,-6.685,0.58235,10.43,0.0740833333333333,8.93358304092498,0
"591",2004,25,14,67.6175,295.251,99.565,130.77,38.98,-7.13,0.79475,11.16,0.0740833333333333,8.93358300610928,0
"592",2004,25,15,75.324,111.159,36.66,44.6,15.07,-7.275,0.82945,11.37,0.0740833333333333,8.93358282340723,0
"593",2004,25,16,84.482,37.03,11.6,11.44,6.45,-7.88,0.8717,10.86,0.0740833333333333,8.93165565922824,0
"594",2004,25,17,94.946,1.242,0.77,0,0.235,-8.045,0.863,10.55,0.0740833333333333,8.87473333421749,0
"595",2004,25,18,106.0095,0.138,0,0,0.14,-8.225,0.87215,9.55,0.0740833333333333,8.87711900793489,0
"596",2004,25,19,117.376,0.046,0,0,0.08,-8.375,0.886,7.79,0.0740833333333333,8.87719375028833,0
"597",2004,25,20,128.8105,0.299,0,0,0.045,-8.47,0.89115,7.39,0.0740833333333333,8.8772559749996,0
"598",2004,25,21,139.912,0.345,0,0,0,-8.385,0.87215,7.165,0.0740833333333333,8.87736307160797,0
"599",2004,25,22,149.909,0.345,0,0,0,-8.08,0.85145,6.925,0.0740833333333333,8.87750694981505,0
"600",2004,25,23,156.971,0.207,0,0,0,-7.965,0.8416,6.615,0.0740833333333333,8.87767284365531,0
"601",2004,26,0,158.026,0,0,0,0,-7.88,0.84325,6.705,0.03175,8.8778437065494,0
"602",2004,26,1,152.4005,0.023,0,0,0,-7.785,0.8489,6.56,0.03175,8.87800890142987,0
"603",2004,26,2,142.9975,0,0,0,0,-7.675,0.86105,6.855,0.03175,8.8781638970924,0
"604",2004,26,3,132.101,0.184,0,0,0,-7.57,0.87415,6.955,0.03175,8.87830107981757,0
"605",2004,26,4,120.7035,0.23,0,0,0.01,-7.5,0.90965,6.18,0.03175,8.87841171146061,0
"606",2004,26,5,109.272,0.092,0,0,0.015,-7.47,0.9339,5.445,0.03175,8.87848143023332,0
"607",2004,26,6,98.1165,0.299,0.32,0,0.045,-7.39,0.9401,5.085,0.03175,8.87850691663601,0
"608",2004,26,7,87.314,22.793,3.915,5.39,7.205,-7.225,0.9385,4.735,0.03175,8.8778277387841,0
"609",2004,26,8,77.781,113.275,14.53,42.325,34.75,-7.025,0.93765,4.83,0.03175,8.89930543167982,0
"610",2004,26,9,69.531,325.289,40.285,134.77,101.37,-6.615,0.93495,4.485,0.03175,8.8983109350115,0
"611",2004,26,10,63.246,414.782,51.195,175.155,129.545,-6.175,0.9328,4.12,0.03175,8.89828586003022,0
"612",2004,26,11,59.601,470.442,57.76,198.23,146.075,-5.705,0.92715,3.675,0.03175,8.89828546971226,0
"613",2004,26,12,59.1015,443.072,55.595,184.46,136.295,-5.245,0.9159,3.09,0.03175,8.89828553302132,0
"614",2004,26,13,61.8245,384.33,50.45,159.45,117.97,-5.04,0.9182,2.79,0.03175,8.89828576330669,0
"615",2004,26,14,67.373,295.32,39.3,121.78,90.905,-5.025,0.93015,3.775,0.03175,8.89828558911836,0
"616",2004,26,15,75.0965,147.108,20.215,57.59,45.04,-5.03,0.9443,3.015,0.03175,8.89828558672641,0
"617",2004,26,16,84.276,55.66,8.71,19.48,17.755,-4.845,0.95215,2.105,0.03175,8.89828249664843,0
"618",2004,26,17,94.749,1.909,0.85,0,0.84,-4.96,0.95125,2.245,0.03175,8.89107978187627,0
"619",2004,26,18,105.817,0.046,0,0,0.2,-5.045,0.9497,3.07,0.03175,8.89859006633227,0
"620",2004,26,19,117.186,0.046,0,0,0.18,-5.015,0.94625,2.19,0.03175,8.89878497780124,0
"621",2004,26,20,128.618,0.023,0,0,0.155,-5.045,0.9478,2.515,0.03175,8.89884707753113,0
"622",2004,26,21,139.71,0.023,0,0,0.175,-5.115,0.95025,3.515,0.03175,8.89894454152623,0
"623",2004,26,22,149.683,0.115,0,0,0.155,-5.19,0.9515,3.84,0.03175,8.8990747940982,0
"624",2004,26,23,156.719,0.069,0,0,0.245,-5.31,0.94585,4.185,0.03175,8.89923112917776,0
"625",2004,27,0,157.7905,0.115,0,0,0.245,-5.44,0.93585,4.365,0.116416666666667,8.89939898827834,0
"626",2004,27,1,152.2235,0.046,0,0,0.12,-5.56,0.93155,2.905,0.116416666666667,8.8995692833982,0
"627",2004,27,2,142.8645,0.023,0,0,0.17,-5.69,0.93995,3.425,0.116416666666667,8.89972569574849,0
"628",2004,27,3,131.9875,0.023,0,0,0.13,-5.79,0.93365,4.61,0.116416666666667,8.89986064570771,0
"629",2004,27,4,120.5955,0.023,0,0,0.25,-6.14,0.9234,6.265,0.116416666666667,8.89996490937163,0
"630",2004,27,5,109.1605,0.069,0,0,0.15,-6.31,0.91865,6.835,0.116416666666667,8.90003189902104,0
"631",2004,27,6,97.9925,0.345,0.3,0,0.225,-6.5,0.91245,7.18,0.116416666666667,8.90005767757712,0
"632",2004,27,7,87.144,52.923,5.79,20.815,21.34,-6.275,0.91025,7.855,0.116416666666667,8.96709133522692,0
"633",2004,27,8,77.6195,261.671,23.815,115.55,100.91,-6.23,0.89195,8.975,0.116416666666667,8.97157334049571,0
"634",2004,27,9,69.3415,370.185,32.255,161.635,139.64,-6.225,0.88415,9.745,0.116416666666667,8.97146084443259,0
"635",2004,27,10,63.0275,842.95,94.215,415.55,336.61,-6.045,0.8348,10.535,0.116416666666667,8.97145818840311,0
"636",2004,27,11,59.357,891.296,96.03,435.11,352.72,-6.415,0.82145,11.66,0.116416666666667,8.97145813477446,0
"637",2004,27,12,58.845,872.735,74.685,391.865,329.755,-7.01,0.85835,10.51,0.116416666666667,8.97145812970548,0
"638",2004,27,13,61.5685,1079.068,115.53,521.43,421.45,-7.535,0.82795,11.495,0.116416666666667,8.97145814116105,0
"639",2004,27,14,67.126,599.357,65.61,280.715,230.985,-8.79,0.821,11.56,0.116416666666667,8.97145815716815,0
"640",2004,27,15,74.8655,428.996,53.935,205.7,170.665,-9.515,0.8022,10.715,0.116416666666667,8.97145819325183,0
"641",2004,27,16,84.0655,145.705,18.96,63.86,63.15,-10.43,0.78485,10.175,0.116416666666667,8.97145829653227,0
"642",2004,27,17,94.512,4.255,0.91,0.33,1.785,-11.055,0.79205,9.18,0.116416666666667,8.99419971301617,0
"643",2004,27,18,105.621,0.253,0,0,0.125,-11.38,0.796,8.775,0.116416666666667,9.02640769914527,0
"644",2004,27,19,116.995,0.207,0,0,0.03,-11.905,0.7952,9.195,0.116416666666667,9.02718360977893,0
"645",2004,27,20,128.4225,0.184,0,0,0.045,-12.34,0.79495,8.645,0.116416666666667,9.02725957407547,0
"646",2004,27,21,139.505,0.253,0,0,0.045,-12.84,0.79315,8.77,0.116416666666667,9.0273647864514,0
"647",2004,27,22,149.4535,0.138,0,0,0.09,-13.28,0.7965,9.125,0.116416666666667,9.02750404152709,0
"648",2004,27,23,156.462,0.276,0,0,0.09,-13.81,0.79055,8.49,0.116416666666667,9.02766693785789,0
"649",2004,28,0,157.5485,0.23,0,0,0.105,-14.3,0.7828,8.35,0,9.02784659475379,0
"650",2004,28,1,152.038,0.138,0,0,0.105,-14.735,0.77825,7.79,0,9.02802323203613,0
"651",2004,28,2,142.7215,0.161,0,0,0.295,-15.505,0.78375,6.09,0,9.02818609400379,0
"652",2004,28,3,131.868,0.184,0,0,0.06,-15.91,0.7796,5.89,0,9.02832830384886,0
"653",2004,28,4,120.4815,0.207,0,0,0.185,-16.41,0.7798,4.525,0,9.02843854196146,0
"654",2004,28,5,109.044,0.207,0,0,0.095,-17.2,0.78865,4.505,0,9.02850872501508,0
"655",2004,28,6,97.8655,0.598,0.455,0,0.19,-17.21,0.78795,6.315,0,9.02853504204657,0
"656",2004,28,7,87.008,77.809,14.345,36.215,33.845,-17.065,0.77965,6.24,0,9.11544394023941,0
"657",2004,28,8,77.452,373.359,58.405,187.97,150.025,-16.07,0.7499,6.76,0,9.11666329372914,0
"658",2004,28,9,69.146,705.433,101.325,354.355,269.76,-14.505,0.71565,6.28,0,9.11661161724318,0
"659",2004,28,10,62.802,807.024,107.29,391.93,295.345,-12.96,0.70585,5.155,0,9.11661048327963,0
"660",2004,28,11,59.11,843.18,106.36,399.115,302.9,-11.3,0.72255,5.035,0,9.11661050152043,0
"661",2004,28,12,58.581,927.107,122.22,452,337.635,-10.06,0.66495,5.36,0,9.11661046117983,0
"662",2004,28,13,61.3045,908.73,123.1,442.6,332.15,-9.605,0.64375,5.91,0,9.11661047248716,0
"663",2004,28,14,66.8765,812.728,115.74,397.58,304.035,-9.26,0.6417,6.095,0,9.11661049067914,0
"664",2004,28,15,74.6295,441.807,63.4,210.935,167.07,-8.875,0.64185,5.685,0,9.11661053665336,0
"665",2004,28,16,83.8535,89.309,12.85,38.45,32.41,-8.935,0.70225,6,0,9.11661067273579,0
"666",2004,28,17,94.3135,2.99,0.82,0.115,1.27,-9.18,0.6923,5.43,0,9.13053999727333,0
"667",2004,28,18,105.4255,0,0,0,0.105,-9.715,0.67485,5.82,0,9.14740045042687,0
"668",2004,28,19,116.803,0.023,0,0,0.15,-10.2,0.6908,5.815,0,9.14783737398865,0
"669",2004,28,20,128.2285,0,0,0,0.235,-10.915,0.7161,5.295,0,9.14790579993125,0
"670",2004,28,21,139.297,0.069,0,0,0.31,-11.835,0.75175,4.81,0,9.14800668697157,0
"671",2004,28,22,149.22,0.046,0,0,0.205,-13.09,0.76075,4.56,0,9.14814107936006,0
"672",2004,28,23,156.2015,0.184,0,0,0.035,-13.62,0.77335,4.075,0,9.14830032514248,0
"673",2004,29,0,157.3015,0.046,0,0,0.025,-13.83,0.78005,3.28,0.0211666666666667,9.14847324571217,0
"674",2004,29,1,151.846,0.069,0,0,0.275,-14.245,0.7228,5.22,0.0211666666666667,9.1486431575776,0
"675",2004,29,2,142.572,0.138,0,0,0.015,-14.61,0.7186,3.965,0.0211666666666667,9.14880437170444,0
"676",2004,29,3,131.74,0.092,0,0,0.18,-14.84,0.7111,4.13,0.0211666666666667,9.1489440886989,0
"677",2004,29,4,120.3605,0.138,0,0,0.215,-15.24,0.7095,4.52,0.0211666666666667,9.14905086432898,0
"678",2004,29,5,108.919,0.092,0,0,0.03,-15.245,0.71635,3.555,0.0211666666666667,9.14911808238121,0
"679",2004,29,6,97.729,0.299,0.335,0,0.09,-14.955,0.6969,2.655,0.0211666666666667,9.14914154593318,0
"680",2004,29,7,86.8655,19.688,3.105,4.485,6.465,-14.865,0.67025,2.665,0.0211666666666667,9.14830159851685,0
"681",2004,29,8,77.279,119.853,15.315,47.565,38.95,-14.625,0.68235,2.76,0.0211666666666667,9.15130883062611,0
"682",2004,29,9,68.9435,283.659,35.75,120.06,92.545,-14.425,0.69635,3.175,0.0211666666666667,9.14992598549486,0
"683",2004,29,10,62.571,384.629,48.235,164.28,125.07,-14.265,0.66845,3.29,0.0211666666666667,9.14989547410546,0
"684",2004,29,11,58.853,501.078,61.81,215,163.165,-13.955,0.65965,4.03,0.0211666666666667,9.14989500940564,0
"685",2004,29,12,58.315,742.486,93.595,332.815,250.12,-13.515,0.7052,4.64,0.0211666666666667,9.14989506850204,0
"686",2004,29,13,61.0385,609.868,66.355,261.39,204.91,-13.23,0.7692,5.005,0.0211666666666667,9.14989527921163,0
"687",2004,29,14,66.622,381.271,34.775,156.17,130.105,-13.23,0.81815,4.595,0.0211666666666667,9.14989515598603,0
"688",2004,29,15,74.3935,231.518,17.775,91.325,81.485,-13.33,0.8402,4.585,0.0211666666666667,9.14989505358678,0
"689",2004,29,16,83.639,97.014,8.035,38.575,37.485,-14.005,0.82735,6.45,0.0211666666666667,9.14989513223004,0
"690",2004,29,17,94.0755,3.496,0.685,0.165,1.49,-14.33,0.81825,6.145,0.0211666666666667,9.16340141252904,0
"691",2004,29,18,105.227,0.069,0,0,0.365,-15.27,0.80965,3.865,0.0211666666666667,9.18174819075322,0
"692",2004,29,19,116.6095,0.207,0,0,0.16,-16.77,0.81545,4.38,0.0211666666666667,9.18223466041617,0
"693",2004,29,20,128.0325,0.161,0,0,0,-16.6,0.8034,5.095,0.0211666666666667,9.18230709289693,0
"694",2004,29,21,139.087,0.161,0,0,0.085,-16.185,0.78535,7.3,0.0211666666666667,9.18241215786444,0
"695",2004,29,22,148.9845,0.23,0,0,0.18,-16.32,0.788,7.595,0.0211666666666667,9.18255180685951,0
"696",2004,29,23,155.936,0.092,0,0,0.465,-17.285,0.7879,6.075,0.0211666666666667,9.18271500328519,0
"697",2004,30,0,157.048,0.046,0,0,0.305,-18.835,0.80075,4.46,0.0105833333333333,9.18288505647637,0
"698",2004,30,1,151.6445,0.092,0,0,0.045,-19.455,0.8008,5.71,0.0105833333333333,9.18305631628508,0
"699",2004,30,2,142.417,0.069,0,0,0.175,-19.8,0.78875,6.17,0.0105833333333333,9.1832171094591,0
"700",2004,30,3,131.606,0,0,0,0.285,-20.645,0.7729,5.98,0.0105833333333333,9.18335343259721,0
"701",2004,30,4,120.234,0.161,0,0,0.115,-21.325,0.757,5.68,0.0105833333333333,9.18345955691728,0
"702",2004,30,5,108.788,0.115,0,0,0.13,-21.79,0.75035,4.745,0.0105833333333333,9.18352807933328,0
"703",2004,30,6,97.5875,0.483,0.345,0,0.215,-21.745,0.74525,4.435,0.0105833333333333,9.18355301752172,0
"704",2004,30,7,86.7165,69.828,9.71,31.42,29.81,-21.38,0.7473,5.975,0.0105833333333333,9.25547384861996,0
"705",2004,30,8,77.098,281.888,29.51,130.485,110.295,-20.495,0.73935,6.755,0.0105833333333333,9.25637852896702,0
"706",2004,30,9,68.7355,431.848,36.125,186.465,160.16,-19.98,0.7248,6.485,0.0105833333333333,9.25630824884472,0
"707",2004,30,10,62.3335,576.012,45.865,245.6,210.965,-19.335,0.7214,7.3,0.0105833333333333,9.25630678602423,0
"708",2004,30,11,58.593,664.746,50.265,281.185,241.55,-18.78,0.71975,6.63,0.0105833333333333,9.25630679016005,0
"709",2004,30,12,58.0425,747.109,62.12,329.96,278.015,-18.47,0.70515,7.1,0.0105833333333333,9.25630675581104,0
"710",2004,30,13,60.7705,764.083,78.38,363.07,295.735,-17.96,0.70845,7.03,0.0105833333333333,9.25630677114705,0
"711",2004,30,14,66.3655,686.918,76.235,333.255,278.35,-17.565,0.70085,6.405,0.0105833333333333,9.25630680423306,0
"712",2004,30,15,74.155,373.819,41.22,175.745,155.435,-17.405,0.70695,5.615,0.0105833333333333,9.25630690320746,0
"713",2004,30,16,83.4225,114.655,11.93,45.755,49.56,-18.205,0.7332,4.655,0.0105833333333333,9.256307211119,0
"714",2004,30,17,93.8745,5.497,1.125,0.63,2.51,-19.315,0.7462,4.785,0.0105833333333333,9.27036766045459,0
"715",2004,30,18,105.029,0.046,0,0,0.085,-20.36,0.7749,4.455,0.0105833333333333,9.2931132649096,0
"716",2004,30,19,116.4155,0,0,0,0.07,-21.19,0.7715,4.355,0.0105833333333333,9.29372916482016,0
"717",2004,30,20,127.835,0,0,0,0.14,-21.55,0.76735,3.96,0.0105833333333333,9.2938011676245,0
"718",2004,30,21,138.8775,0,0,0,0,-22.45,0.7688,2.89,0.0105833333333333,9.29390217949409,0
"719",2004,30,22,148.746,0.092,0,0,0.02,-22.865,0.76705,3.745,0.0105833333333333,9.2940358237181,0
"720",2004,30,23,155.666,0,0,0,0.005,-23.01,0.75865,3.845,0.0105833333333333,9.29419439054242,0
"721",2004,31,0,156.7855,0,0,0,0.07,-23.425,0.76005,3.71,0,9.29436123981779,0
"722",2004,31,1,151.438,0,0,0,0,-23.635,0.7669,1.975,0,9.29452983747577,0
"723",2004,31,2,142.2525,0,0,0,0,-23.45,0.7728,1.78,0,9.29468662896569,0
"724",2004,31,3,131.4655,0,0,0,0,-22.69,0.76065,2.36,0,9.29482140594217,0
"725",2004,31,4,120.1,0,0,0,0.025,-23.635,0.7744,1.705,0,9.2949249900048,0
"726",2004,31,5,108.653,0.023,0,0,0.11,-24.74,0.77975,2.875,0,9.29499015521719,0
"727",2004,31,6,97.441,0.828,0.62,0.095,0.485,-24.49,0.7713,1.85,0,9.29501516063198,0
"728",2004,31,7,86.5245,106.881,15.32,50.245,47.185,-23.9,0.7506,1.04,0,9.37889910446687,0
"729",2004,31,8,76.913,392.495,52.815,188.165,151.455,-21.49,0.7172,1.06,0,9.37901921090191,0
"730",2004,31,9,68.5215,663.642,78.685,316.31,253.75,-19.255,0.69955,1.53,0,9.37898210439545,0
"731",2004,31,10,62.0925,837.223,100.765,395.65,313.83,-15.23,0.5756,0.605,0,9.37898136813686,0
"732",2004,31,11,58.3275,1212.652,121.615,580.95,464.955,-15.78,0.64765,3.195,0,9.37898141782719,0
"733",2004,31,12,57.7635,1118.743,110.105,521.16,421.84,-14.46,0.65425,3.14,0,9.37898136139716,0
"734",2004,31,13,60.4945,808.956,78.135,365.885,299.78,-13.14,0.6282,2.32,0,9.37898140214014,0
"735",2004,31,14,66.105,647.128,63.505,293.775,241.075,-12.375,0.63335,2.24,0,9.37898153594778,0
"736",2004,31,15,73.914,399.211,40.76,180.385,149.83,-12.075,0.6355,2.36,0,9.37898199749541,0
"737",2004,31,16,83.2045,161.552,19.68,72.815,64.02,-11.645,0.64975,1.88,0,9.37898138530824,0
"738",2004,31,17,93.674,6.371,1.54,1.295,2.55,-11.94,0.6722,2.39,0,9.39227737203304,0
"739",2004,31,18,104.829,0.276,0,0,0.05,-12.615,0.69225,3.52,0,9.42173683146727,0
"740",2004,31,19,116.2195,0.437,0,0,0,-13.005,0.7116,4.62,0,9.42255813027973,0
"741",2004,31,20,127.635,0.391,0,0,0,-13.11,0.73075,4.8,0,9.42264417628932,0
"742",2004,31,21,138.664,0.46,0,0,0,-12.33,0.6951,5.32,0,9.42276182413018,0
"743",2004,31,22,148.507,0.414,0,0,0.01,-12.205,0.69865,4.505,0,9.42291715462052,0
"744",2004,31,23,155.393,0.391,0,0,0,-11.62,0.6908,6.255,0,9.42309626048115,0
"745",2004,32,0,156.521,0.23,0,0,0,-11.37,0.7029,5.425,0,9.42328435277889,0
"746",2004,32,1,151.223,0.207,0,0,0.045,-11.375,0.7293,4.09,0,9.42346588179812,0
"747",2004,32,2,142.0835,0.322,0,0,0,-11.805,0.7262,4.175,0,9.4236374959909,0
"748",2004,32,3,131.319,0.391,0,0,0.11,-12.25,0.7147,4.075,0,9.42378929666628,0
"749",2004,32,4,119.9605,0.414,0,0,0,-11.99,0.6767,5.115,0,9.42390730816572,0
"750",2004,32,5,108.512,0.322,0,0,0,-11.87,0.6582,4.835,0,9.42398014229125,0
"751",2004,32,6,97.289,1.127,0.55,0,0.41,-11.73,0.65055,5.215,0,9.42400667126945,0
"752",2004,32,7,86.365,104.144,15.425,48.91,44.125,-11.32,0.6566,6.115,0,9.49865850375904,0
"753",2004,32,8,76.7215,436.034,56.23,210.935,174.6,-9.9,0.62625,6.11,0,9.49848199420954,0
"754",2004,32,9,68.302,701.684,83.025,341.1,273.335,-8.1,0.61265,7.28,0,9.49844100385113,0
"755",2004,32,10,61.842,777.975,86.19,365.585,292.745,-6.755,0.64585,7.045,0,9.49844022008717,0
"756",2004,32,11,58.054,847.343,91.325,395.245,315.905,-4.73,0.60975,6.67,0,9.49844027057726,0
"757",2004,32,12,57.482,993.784,112.64,476.385,375.83,-3.195,0.59965,6.66,0,9.49844021655558,0
"758",2004,32,13,60.217,893.665,102.875,428.445,337.235,-2.03,0.5906,6.5,0,9.4984402633594,0
"759",2004,32,14,65.8425,604.9,71.16,286.06,226.885,-1.345,0.5973,5.795,0,9.49844041971793,0
"760",2004,32,15,73.6725,329.36,40.77,153.075,124.665,-1.16,0.6445,4.69,0,9.49844044440226,0
"761",2004,32,16,82.9845,130.387,17.185,58.375,49.745,-1.2,0.65495,5.015,0,9.49844022622104,0
"762",2004,32,17,93.4335,4.738,1.115,0.525,1.61,-1.16,0.62275,5.22,0,9.50852159878646,0
"763",2004,32,18,104.628,0.023,0,0,0.005,-1.255,0.60285,5.42,0,9.53053947329314,0
"764",2004,32,19,116.023,0,0,0,0.045,-1.58,0.627,6.1,0,9.53118957964808,0
"765",2004,32,20,127.4365,0,0,0,0.02,-1.565,0.6219,6.675,0,9.53126484063805,0
"766",2004,32,21,138.45,0,0,0,0.075,-1.855,0.6403,6.965,0,9.53136845972781,0
"767",2004,32,22,148.263,0.023,0,0,0.085,-2.21,0.67835,7.03,0,9.53150426495538,0
"768",2004,32,23,155.115,0.046,0,0,0.06,-2.325,0.7005,6.09,0,9.53166367903403,0
"769",2004,33,0,156.249,0.046,0,0,0.115,-2.625,0.72785,6.315,0.211666666666667,9.53183574810545,0
"770",2004,33,1,151.002,0.138,0,0,0.12,-2.925,0.75485,5.485,0.211666666666667,9.53200963124064,0
"771",2004,33,2,141.905,0.046,0,0,0.045,-2.74,0.7156,6.165,0.211666666666667,9.5321730336975,0
"772",2004,33,3,131.1645,0.069,0,0,0.005,-2.605,0.6862,6.905,0.211666666666667,9.53231075154658,0
"773",2004,33,4,119.8145,0.023,0,0,0.115,-2.61,0.6904,7.54,0.211666666666667,9.5324155654366,0
"774",2004,33,5,108.363,0,0,0,0,-2.57,0.70395,6.63,0.211666666666667,9.53247961922266,0
"775",2004,33,6,97.1305,0.437,0.305,0,0.13,-2.4,0.7196,7.02,0.211666666666667,9.53250103777417,0
"776",2004,33,7,86.2005,39.974,5.285,13.03,13.49,-2.265,0.7337,5.96,0.211666666666667,9.53352044658586,0
"777",2004,33,8,76.5235,188.255,22.35,77.61,62.87,-1.865,0.7316,6.275,0.211666666666667,9.53029001214746,0
"778",2004,33,9,68.0765,309.281,32.875,124.48,99.285,-0.995,0.7634,6.175,0.211666666666667,9.52988345875006,0
"779",2004,33,10,61.59,429.525,51.425,176.935,132.865,-0.185,0.8699,6.24,0.211666666666667,9.52987572267275,0
"780",2004,33,11,57.778,252.793,31.185,97.26,73.345,-0.145,0.9125,6.44,0.211666666666667,9.5298756268535,0
"781",2004,33,12,57.195,253.437,33.425,97.64,71.545,0.12,0.92765,5.755,0.211666666666667,9.52987572940026,0
"782",2004,33,13,59.937,233.933,26.85,85.94,65.905,0.21,0.9551,5.1,0.211666666666667,9.52987611341783,0
"783",2004,33,14,65.576,222.341,26.915,82.35,62.04,0.345,0.9626,5.15,0.211666666666667,9.52987565902488,0
"784",2004,33,15,73.4255,142.508,21.51,53.8,38.445,0.55,0.9633,6.45,0.211666666666667,9.52987575344396,0
"785",2004,33,16,82.7625,54.073,9.845,18.255,14.805,0.825,0.96345,6.345,0.211666666666667,9.52986907561027,0
"786",2004,33,17,93.2325,3.933,1.415,0.45,1.195,0.985,0.95915,6.695,0.211666666666667,9.50108743778635,0
"787",2004,33,18,104.4265,0.46,0,0,0,0.975,0.9622,6.25,0.211666666666667,9.50680186851265,0
"788",2004,33,19,115.8255,0.46,0,0,0,0.98,0.9665,5.155,0.211666666666667,9.50699422125268,0
"789",2004,33,20,127.236,0.46,0,0,0,0.895,0.9709,4.155,0.211666666666667,9.50707333599744,0
"790",2004,33,21,138.233,0.46,0,0,0.01,0.9,0.9736,5.085,0.211666666666667,9.50719463972724,0
"791",2004,33,22,148.0175,0.414,0,0,0.32,0.585,0.9586,6.47,0.211666666666667,9.50735190215718,0
"792",2004,33,23,154.8335,0.437,0,0,0.12,0.31,0.9178,7.875,0.211666666666667,9.5075341629415,0
"793",2004,34,0,155.9705,0.46,0,0,0.405,-0.145,0.91175,9.515,0.0846666666666667,9.50773010452632,0
"794",2004,34,1,150.774,0.46,0,0,1.17,-1.99,0.93095,10.525,0.0846666666666667,9.50792755742505,0
"795",2004,34,2,141.7235,0.46,0,0,0.66,-3.75,0.932,10.7,0.0846666666666667,9.50811096144719,0
"796",2004,34,3,131.005,0.437,0,0,0.32,-4.28,0.91925,11.3,0.0846666666666667,9.50826728422166,0
"797",2004,34,4,119.6635,0.276,0,0,0.76,-5.16,0.8912,10.9,0.0846666666666667,9.50838314936662,0
"798",2004,34,5,108.208,0,0,0,0.44,-6.235,0.8754,10.835,0.0846666666666667,9.5084496330361,0
"799",2004,34,6,96.9665,0.575,0.285,0,0.54,-6.825,0.86385,9.665,0.0846666666666667,9.50847083174003,0
"800",2004,34,7,85.993,43.424,5.705,14.92,15.4,-7.505,0.8561,10.265,0.0846666666666667,9.51760435365326,0
"801",2004,34,8,76.3215,173.42,20.015,71.355,58.745,-7.9,0.86035,10.69,0.0846666666666667,9.51515077349746,0
"802",2004,34,9,67.846,387.274,46.995,169.875,132.425,-7.92,0.85635,10.11,0.0846666666666667,9.51484265867718,0
"803",2004,34,10,61.33,724.776,100.335,347.9,257.27,-8.885,0.82595,9.82,0.0846666666666667,9.51483681956171,0
"804",2004,34,11,57.4965,1032.792,149.54,516.015,376.64,-9.08,0.8204,10.46,0.0846666666666667,9.51483673016567,0
"805",2004,34,12,56.903,1129.875,165.14,568.23,414.525,-8.46,0.81015,9.88,0.0846666666666667,9.51483676592815,0
"806",2004,34,13,59.651,1077.596,160.315,542.17,397.13,-7.55,0.79805,7.89,0.0846666666666667,9.51483687406864,0
"807",2004,34,14,65.308,872.896,128,432.3,325,-6.96,0.7911,8.295,0.0846666666666667,9.51483726037807,0
"808",2004,34,15,73.178,555.611,80.875,268.61,211.95,-6.995,0.77005,9.03,0.0846666666666667,9.51483678098394,0
"809",2004,34,16,82.5395,207.621,30.125,91.785,83.98,-7.67,0.73405,8.605,0.0846666666666667,9.51483684710536,0
"810",2004,34,17,92.9905,10.028,1.39,1.245,4.805,-8.83,0.72635,5,0.0846666666666667,9.52532752478436,0
"811",2004,34,18,104.225,0,0,0,0.065,-9.61,0.74815,5.97,0.0846666666666667,9.56082075550611,0
"812",2004,34,19,115.6285,0,0,0,0.035,-10.065,0.7353,5.78,0.0846666666666667,9.56183495589269,0
"813",2004,34,20,127.0345,0,0,0,0.05,-10.845,0.764,4.755,0.0846666666666667,9.5619168819369,0
"814",2004,34,21,138.0155,0,0,0,0.005,-11.515,0.78255,3.07,0.0846666666666667,9.56202141726019,0
"815",2004,34,22,147.7685,0,0,0,0,-11.925,0.7893,2.62,0.0846666666666667,9.56215715676842,0
"816",2004,34,23,154.5475,0,0,0,0,-12.39,0.78325,2.435,0.0846666666666667,9.5623149442046,0
"817",2004,35,0,155.6865,0,0,0,0,-13.01,0.7611,2.875,0,9.56248510452094,0
"818",2004,35,1,150.538,0.023,0,0,0,-13.46,0.7749,2.4,0,9.56265497284224,0
"819",2004,35,2,141.5315,0,0,0,0,-13.96,0.75875,2.385,0,9.5628129571168,0
"820",2004,35,3,130.837,0.023,0,0,0,-14.275,0.7412,2.855,0,9.5629486388048,0
"821",2004,35,4,119.5055,0.046,0,0,0.015,-14.565,0.73105,3.465,0,9.56305223359238,0
"822",2004,35,5,108.05,0,0,0,0,-14.41,0.7289,3.29,0,9.56311582450205,0
"823",2004,35,6,96.7975,0.874,0.555,0,0.365,-14.36,0.7169,3.495,0,9.56313799567982,0
"824",2004,35,7,85.819,127.259,24.35,64.165,49.595,-14.1,0.7244,2.71,0,9.63285757968304,0
"825",2004,35,8,76.114,319.194,51.56,151.33,110.195,-12.545,0.70075,2.29,0,9.63240724127142,0
"826",2004,35,9,67.609,548.435,84.245,261.915,187.725,-10.48,0.6154,2.285,0,9.63237192001387,0
"827",2004,35,10,61.065,779.033,112.27,368.425,264.535,-10.38,0.66665,3.16,0,9.63237126155642,0
"828",2004,35,11,57.2085,1130.818,170.485,558.225,393.715,-8.725,0.67825,3.405,0,9.63237134286361,0
"829",2004,35,12,56.6065,1244.438,195.655,617.435,430.36,-6.745,0.6711,3.075,0,9.63237166310321,0
"830",2004,35,13,59.3595,941.551,143.585,455.63,320.745,-5.595,0.65705,4.295,0,9.63237131555034,0
"831",2004,35,14,65.037,830.208,132.56,401.81,282.835,-4.43,0.6364,4.81,0,9.63237146490708,0
"832",2004,35,15,72.93,315.629,49.49,145.425,105.24,-3.835,0.6326,4.56,0,9.63237197432608,0
"833",2004,35,16,82.315,128.271,21.545,57.355,43.92,-3.405,0.65735,2.905,0,9.63237129025615,0
"834",2004,35,17,92.788,7.958,2.09,1.73,2.84,-3.845,0.69395,3.09,0,9.64016614683554,0
"835",2004,35,18,104.021,0.391,0,0,0.065,-4.85,0.7571,3.765,0,9.66267895831547,0
"836",2004,35,19,115.4295,0.437,0,0,0,-4.38,0.7492,4.67,0,9.66337928481275,0
"837",2004,35,20,126.831,0.437,0,0,0.01,-4.035,0.75985,6.015,0,9.66346766179269,0
"838",2004,35,21,137.797,0.46,0,0,0.215,-4.31,0.77525,6.03,0,9.66358994574873,0
"839",2004,35,22,147.5155,0.437,0,0,0.03,-4.39,0.78105,5.895,0,9.66374931357343,0
"840",2004,35,23,154.26,0.414,0,0,0.055,-4.06,0.7646,6.05,0,9.66393295127269,0
"841",2004,36,0,155.3985,0.46,0,0,0.07,-4.16,0.7765,5.19,0.15875,9.66412962031604,0
"842",2004,36,1,150.298,0.46,0,0,0.015,-3.83,0.7552,5.445,0.15875,9.66432839602874,0
"843",2004,36,2,141.334,0.414,0,0,0.32,-4.17,0.7921,6.165,0.15875,9.66451154060647,0
"844",2004,36,3,130.6645,0.414,0,0,0.03,-4.165,0.8791,6.47,0.15875,9.66466642634588,0
"845",2004,36,4,119.343,0.368,0,0,0.14,-3.44,0.7994,6.5,0.15875,9.66478305470116,0
"846",2004,36,5,107.883,0.368,0,0,0.23,-3.895,0.7938,9.685,0.15875,9.66485382454817,0
"847",2004,36,6,96.621,1.012,0.47,0,0.225,-3.61,0.74445,9.975,0.15875,9.66487705313789,0
"848",2004,36,7,85.6385,28.773,4.58,7.005,8.795,-3.26,0.7176,8.245,0.15875,9.65306885906283,0
"849",2004,36,8,75.8985,71.645,8.67,22.15,20.835,-3.015,0.74635,5.25,0.15875,9.61069981982251,0
"850",2004,36,9,67.367,291.686,31.45,115.49,92.085,-3.13,0.8658,5.605,0.15875,9.60918334150357,0
"851",2004,36,10,60.7945,422.211,46.335,170.64,132.12,-2.725,0.9099,5.665,0.15875,9.6091552353552,0
"852",2004,36,11,56.9155,396.957,47.25,163.18,123.195,-2.16,0.93275,4.89,0.15875,9.60915484526814,0
"853",2004,36,12,56.3065,270.664,31.835,105.995,81.66,-1.815,0.9355,3.88,0.15875,9.60915492134886,0
"854",2004,36,13,59.069,306.199,36.92,123.465,93.515,-1.41,0.93165,2.61,0.15875,9.60915519042593,0
"855",2004,36,14,64.764,129.582,13.82,44.3,37.36,-1.53,0.9298,1.795,0.15875,9.60915492649249,0
"856",2004,36,15,72.6795,172.109,16.315,66.22,56.555,-1.86,0.95505,2.025,0.15875,9.60915512073973,0
"857",2004,36,16,82.088,104.121,11.13,39.86,35.76,-1.68,0.955,2.135,0.15875,9.60915493329368,0
"858",2004,36,17,92.5825,4.14,1.11,0.055,1.135,-1.03,0.94045,1.76,0.15875,9.61400697491448,0
"859",2004,36,18,103.8185,0.46,0,0,0,-0.23,0.9513,0.94,0.15875,9.6302989761124,0
"860",2004,36,19,115.23,0.414,0,0,0,0.185,0.9538,0.8,0.15875,9.63080897715711,0
"861",2004,36,20,126.6275,0.46,0,0,0,0.2,0.9573,0.63,0.15875,9.63089391792407,0
"862",2004,36,21,137.5755,0.46,0,0,0,0.2,0.9611,0.565,0.15875,9.631016537534,0
"863",2004,36,22,147.263,0.46,0,0,0,0.2,0.9647,0.59,0.15875,9.63117576721088,0
"864",2004,36,23,153.9685,0.46,0,0,0,0.165,0.96715,0.48,0.15875,9.63136085124789,0
"865",2004,37,0,155.104,0.46,0,0,0,0.1,0.97185,0.795,0.03175,9.63155888751467,0
"866",2004,37,1,150.0485,0.46,0,0,0.02,0.1,0.9742,1.14,0.03175,9.63175755887158,0
"867",2004,37,2,141.13,0.46,0,0,0.17,0.1,0.9578,1.36,0.03175,9.63194150069583,0
"868",2004,37,3,130.4855,0.46,0,0,0.485,-0.225,0.9205,2.215,0.03175,9.63209851151002,0
"869",2004,37,4,119.172,0.46,0,0,0.52,-1.385,0.9055,2.1,0.03175,9.63221791915731,0
"870",2004,37,5,107.712,0.299,0,0,0.5,-2.105,0.8882,1.94,0.03175,9.63228921865749,0
"871",2004,37,6,96.441,0.69,0.32,0,0.505,-2.98,0.9011,1.82,0.03175,9.63231128792029,0
"872",2004,37,7,85.415,33.557,5.2,9.215,10.22,-3.365,0.8939,1.835,0.03175,9.61707979490376,0
"873",2004,37,8,75.679,123.832,16.895,46.495,36.715,-3.345,0.88275,1.695,0.03175,9.60317002832046,0
"874",2004,37,9,67.12,273.171,35.705,109.515,81.73,-3.395,0.86785,1.885,0.03175,9.6023930286585,0
"875",2004,37,10,60.519,438.564,59.2,183.06,132.75,-3.51,0.8484,2.055,0.03175,9.60237861986686,0
"876",2004,37,11,56.618,571.734,80.24,246.4,174.385,-3.25,0.84215,1.61,0.03175,9.6023784872679,0
"877",2004,37,12,56.001,461.518,60.77,191.095,138.88,-2.655,0.82025,1.56,0.03175,9.60237883900227,0
"878",2004,37,13,58.773,337.778,41.73,134.62,101.085,-2.82,0.83235,1.94,0.03175,9.6023784475811,0
"879",2004,37,14,64.489,280.232,34.56,112.375,84.9,-2.96,0.82835,2.36,0.03175,9.60237857340288,0
"880",2004,37,15,72.428,192.303,24.52,76.855,59.14,-3.285,0.823,6.56,0.03175,9.6023789937889,0
"881",2004,37,16,81.86,55.292,7.19,17.54,16.895,-3.35,0.83555,5.49,0.03175,9.60237594735169,0
"882",2004,37,17,92.3425,3.795,0.865,0.025,1.33,-3.72,0.86245,5.865,0.03175,9.57456302814238,0
"883",2004,37,18,103.6155,0.414,0,0,0.265,-4.155,0.8826,5.515,0.03175,9.58036976443396,0
"884",2004,37,19,115.03,0.345,0,0,0.185,-4.225,0.88075,5.455,0.03175,9.58056829260928,0
"885",2004,37,20,126.4195,0.46,0,0,0.19,-4.375,0.91495,5.115,0.03175,9.58064712039813,0
"886",2004,37,21,137.3525,0.46,0,0,0.135,-4.39,0.92475,5.26,0.03175,9.58076957253503,0
"887",2004,37,22,147.0065,0.368,0,0,0.19,-4.46,0.9283,5.805,0.03175,9.58092734070083,0
"888",2004,37,23,153.672,0.322,0,0,0.22,-4.62,0.9258,6.19,0.03175,9.58110520366279,0
"889",2004,38,0,154.8055,0.391,0,0,0.145,-4.815,0.92365,5.965,0.03175,9.58129580934686,0
"890",2004,38,1,149.795,0.414,0,0,0.165,-4.8,0.9256,5.59,0.03175,9.58149014372814,0
"891",2004,38,2,140.9205,0.368,0,0,0.085,-4.94,0.9316,6.235,0.03175,9.58166999299132,0
"892",2004,38,3,130.2995,0.46,0,0,0.255,-4.85,0.91955,7.305,0.03175,9.58182397426939,0
"893",2004,38,4,118.9975,0.23,0,0,0.47,-5.655,0.90555,8.675,0.03175,9.58193881902938,0
"894",2004,38,5,107.535,0.437,0,0,0.35,-6.4,0.89825,8.17,0.03175,9.58200830675715,0
"895",2004,38,6,96.2545,1.288,0.385,0,0.705,-6.935,0.8899,7.645,0.03175,9.58203287744383,0
"896",2004,38,7,85.225,64.492,7.115,23.825,23.36,-7.37,0.8791,7.68,0.03175,9.62021924557167,0
"897",2004,38,8,75.455,243.156,24.875,102.425,86.145,-7.625,0.87795,8.46,0.03175,9.6188484178139,0
"898",2004,38,9,66.8665,607.844,70.615,285.92,226.845,-7.535,0.86685,8.155,0.03175,9.61874371409829,0
"899",2004,38,10,60.2395,946.634,120.18,471.68,361.655,-7.255,0.8421,8.02,0.03175,9.61874181101833,0
"900",2004,38,11,56.3165,894.907,100.365,418.185,326.725,-7.105,0.83345,7.895,0.03175,9.61874179867263,0
"901",2004,38,12,55.693,834.532,86.1,373.425,297.46,-6.945,0.8352,7.53,0.03175,9.61874178147925,0
"902",2004,38,13,58.473,734.85,70.605,319.27,259.83,-7.045,0.8431,7.525,0.03175,9.61874181906193,0
"903",2004,38,14,64.2105,644.736,67.565,297.495,240.745,-7.06,0.8508,8.335,0.03175,9.61874178387338,0
"904",2004,38,15,72.1745,398.222,42.49,183.79,152.175,-7.195,0.85955,8.7,0.03175,9.61874179433113,0
"905",2004,38,16,81.633,158.677,18.49,71.145,63.215,-7.505,0.8634,7.77,0.03175,9.61874181217174,0
"906",2004,38,17,92.1375,12.972,2.145,3.545,5.445,-8.19,0.8664,6.53,0.03175,9.62749238964212,0
"907",2004,38,18,103.4115,0.414,0,0,0.045,-7.995,0.85855,7.4,0.03175,9.65873350137184,0
"908",2004,38,19,114.8295,0.437,0,0,0.12,-8.07,0.86565,5.975,0.03175,9.65968468775352,0
"909",2004,38,20,126.214,0.437,0,0,0.23,-8.365,0.87185,5.755,0.03175,9.65977741589742,0
"910",2004,38,21,137.128,0.414,0,0,0.1,-8.44,0.873,5.48,0.03175,9.65989937244968,0
"911",2004,38,22,146.748,0.437,0,0,0.18,-8.54,0.87615,4.73,0.03175,9.66005678956904,0
"912",2004,38,23,153.3725,0.391,0,0,0.235,-9.245,0.87775,3.345,0.03175,9.66024034635254,0
"913",2004,39,0,154.503,0.391,0,0,0.01,-9.275,0.87845,4.015,0.0211666666666667,9.66043440743774,0
"914",2004,39,1,149.534,0.207,0,0,0.02,-9.005,0.8801,3.21,0.0211666666666667,9.66062348101186,0
"915",2004,39,2,140.7025,0.437,0,0,0.02,-8.115,0.86775,3.8,0.0211666666666667,9.66079849007173,0
"916",2004,39,3,130.109,0.414,0,0,0.025,-8.125,0.87195,2.83,0.0211666666666667,9.66095353996206,0
"917",2004,39,4,118.815,0.391,0,0,0.015,-8.055,0.869,2.885,0.0211666666666667,9.66107032153696,0
"918",2004,39,5,107.3535,0.391,0,0,0,-7.83,0.87115,3.21,0.0211666666666667,9.66114116276898,0
"919",2004,39,6,96.065,1.679,0.58,0,0.485,-7.63,0.86855,3.01,0.0211666666666667,9.66116688473724,0
"920",2004,39,7,85.0295,74.888,8.975,29.23,26.74,-7.515,0.86875,3.24,0.0211666666666667,9.70396193036994,0
"921",2004,39,8,75.225,277.886,31.48,122.67,99.435,-7.27,0.8663,4.04,0.0211666666666667,9.70266792947979,0
"922",2004,39,9,66.61,561.752,63.035,258.43,202.79,-6.815,0.8669,4.805,0.0211666666666667,9.70258957414119,0
"923",2004,39,10,59.954,781.701,84.105,359.46,282.255,-5.975,0.86265,7.265,0.0211666666666667,9.70258818050011,0
"924",2004,39,11,56.0105,918.85,99.18,422.9,331.515,-5.445,0.8513,8.545,0.0211666666666667,9.70258819903836,0
"925",2004,39,12,55.3785,1014.3,117.26,478.32,370.555,-4.915,0.84105,8.97,0.0211666666666667,9.70258814975094,0
"926",2004,39,13,58.1725,978.374,118.955,468.515,363.125,-4.35,0.83215,8.58,0.0211666666666667,9.70258816169159,0
"927",2004,39,14,63.931,823.561,108.69,406.785,319.895,-4.165,0.83225,9.505,0.0211666666666667,9.70258818134773,0
"928",2004,39,15,71.92,587.42,81.795,291.235,236.875,-4.21,0.83195,10.285,0.0211666666666667,9.70258823063249,0
"929",2004,39,16,81.403,226.964,33.91,107.155,96.275,-4.38,0.8351,8.785,0.0211666666666667,9.70258837062609,0
"930",2004,39,17,91.895,15.249,2.725,3.81,6.88,-5.205,0.8577,7.62,0.0211666666666667,9.70877107123596,0
"931",2004,39,18,103.206,0.368,0,0,0.2,-6.04,0.87915,7.5,0.0211666666666667,9.74477452551758,0
"932",2004,39,19,114.628,0.437,0,0,0,-6.075,0.89395,9.195,0.0211666666666667,9.74592094600865,0
"933",2004,39,20,126.008,0.368,0,0,0,-5.93,0.8941,9.015,0.0211666666666667,9.74601684763233,0
"934",2004,39,21,136.9015,0.368,0,0,0,-5.015,0.8846,10.455,0.0211666666666667,9.74613724678691,0
"935",2004,39,22,146.489,0.207,0,0,0,-3.695,0.8588,10.33,0.0211666666666667,9.74628972806219,0
"936",2004,39,23,153.0685,0.115,0,0,0.01,-2.13,0.82935,11.905,0.0211666666666667,9.74645895117845,0
"937",2004,40,0,154.1925,0.345,0,0,0.02,-1.77,0.82775,12.045,0,9.74664271446874,0
"938",2004,40,1,149.2675,0.322,0,0,0.055,-1.595,0.828,11.235,0,9.74683327352157,0
"939",2004,40,2,140.4785,0.253,0,0,0.11,-1.405,0.81075,11.22,0,9.74700811410403,0
"940",2004,40,3,129.912,0.161,0,0,0.015,-1.37,0.7845,10.795,0,9.74715275748088,0
"941",2004,40,4,118.629,0.184,0,0,0.07,-1.095,0.7611,10.305,0,9.74726088226814,0
"942",2004,40,5,107.165,0.115,0,0,0.08,-1.17,0.7594,8.515,0,9.74732653080739,0
"943",2004,40,6,95.831,1.679,0.515,0,0.785,-1.925,0.7808,8.19,0,9.74735067533993,0
"944",2004,40,7,84.827,95.243,16.555,42.67,34.72,-2.545,0.8091,7.72,0,9.79613777145349,0
"945",2004,40,8,74.9895,345.414,56.1,166.18,122.075,-2.66,0.81945,5.605,0,9.79505560810122,0
"946",2004,40,9,66.3475,739.105,117.01,363.935,259.01,-1.395,0.76225,5.7,0,9.79500134378946,0
"947",2004,40,10,59.6635,795.455,113.605,373.61,268.59,-1.185,0.7479,6.575,0,9.79500039373701,0
"948",2004,40,11,55.6985,1037.737,169.86,512.745,351.815,-0.835,0.7369,6.415,0,9.79500045968099,0
"949",2004,40,12,55.062,1248.486,232.03,639.515,416.26,-0.485,0.7431,7.255,0,9.79500041385305,0
"950",2004,40,13,57.866,1089.28,203.99,541.87,345.35,-0.33,0.7529,7.385,0,9.79500053367843,0
"951",2004,40,14,63.649,894.056,182.505,443.34,279.73,-0.055,0.7558,7.465,0,9.79500096532474,0
"952",2004,40,15,71.664,594.044,124.125,290.1,190.955,0.325,0.7494,7.555,0,9.79500041447693,0
"953",2004,40,16,81.172,236.969,49.595,107.665,81.73,0.325,0.76385,6.42,0,9.79500046563605,0
"954",2004,40,17,91.6905,16.307,3.795,3.3,6.475,-0.515,0.81885,5.475,0,9.79959872440849,0
"955",2004,40,18,103.0005,0.322,0,0,0.01,-1.1,0.83985,5.175,0,9.83370244575295,0
"956",2004,40,19,114.426,0.069,0,0,0.075,-1.775,0.85395,5.145,0,9.83486476207398,0
"957",2004,40,20,125.7995,0.046,0,0,0.075,-2.31,0.85475,5.22,0,9.83495347264802,0
"958",2004,40,21,136.674,0.138,0,0,0.105,-2.905,0.84865,5.7,0,9.83506357151423,0
"959",2004,40,22,146.2235,0.161,0,0,0.035,-3.455,0.83785,5.265,0,9.83520894817477,0
"960",2004,40,23,152.7625,0.046,0,0,0.05,-3.535,0.7994,5.595,0,9.83537575342936,0
"961",2004,41,0,153.8795,0.115,0,0,0.015,-3.7,0.7992,4.765,0,9.83555187762633,0
"962",2004,41,1,148.9935,0.138,0,0,0,-3.16,0.7938,4.8,0,9.83573031779019,0
"963",2004,41,2,140.249,0.092,0,0,0.155,-3.025,0.78735,4.56,0,9.83589530937586,0
"964",2004,41,3,129.707,0.046,0,0,0.24,-3.95,0.7867,5.08,0,9.83603386174024,0
"965",2004,41,4,118.435,0.115,0,0,0.11,-4.555,0.7833,4.53,0,9.83613866058924,0
"966",2004,41,5,106.9715,0.207,0,0,0.015,-5.27,0.8053,3.935,0,9.83620421577816,0
"967",2004,41,6,95.631,2.668,1.125,0.065,0.555,-5.29,0.81,4.625,0,9.83623274408508,0
"968",2004,41,7,84.618,127.535,30.205,60.73,44.79,-5.46,0.8236,4.74,0,9.88976200427509,0
"969",2004,41,8,74.751,339.135,68.615,164.17,106.43,-4.135,0.81435,5.485,0,9.88888003657508,0
"970",2004,41,9,66.08,612.352,125.615,304.985,190.205,-2.51,0.7493,8.71,0,9.8888421356625,0
"971",2004,41,10,59.367,1075.043,231.325,555.34,332.57,-2.155,0.7427,9.42,0,9.88884166486934,0
"972",2004,41,11,55.382,1331.148,294.82,686.02,396.115,-1.745,0.70545,9.685,0,9.88884148297146,0
"973",2004,41,12,54.7415,1167.204,256.18,575.025,324.425,-1.835,0.68895,10.67,0,9.8888415759634,0
"974",2004,41,13,57.5585,955.65,215.06,468.63,266.015,-2.11,0.6807,11,0,9.88884192470115,0
"975",2004,41,14,63.366,882.993,206.755,441.735,251.3,-1.78,0.6863,10.09,0,9.88884151573242,0
"976",2004,41,15,71.407,573.229,131.525,281.465,167.325,-1.84,0.6802,9.265,0,9.88884162023828,0
"977",2004,41,16,80.943,234.577,52.24,105,75.82,-2.65,0.6622,7.835,0,9.88884192971316,0
"978",2004,41,17,91.4855,17.94,4.22,3.96,6.79,-3.715,0.70135,5.42,0,9.89199473784563,0
"979",2004,41,18,102.7965,0.207,0,0,0.115,-4.675,0.73615,3.33,0,9.92377609954872,0
"980",2004,41,19,114.2235,0.207,0,0,0,-5.4,0.77025,1.63,0,9.92495831445431,0
"981",2004,41,20,125.59,0,0,0,0,-5.595,0.8056,1.23,0,9.92504949438482,0
"982",2004,41,21,136.446,0,0,0,0,-5.83,0.8175,1.7,0,9.92515741089781,0
"983",2004,41,22,145.9595,0,0,0,0.025,-6.43,0.84945,1.42,0,9.92529636317661,0
"984",2004,41,23,152.454,0,0,0,0.04,-7.42,0.8835,2.66,0,9.9254578433549,0
"985",2004,42,0,153.561,0,0,0,0,-8.05,0.88575,3.06,0,9.92563011595594,0
"986",2004,42,1,148.7155,0.023,0,0,0.005,-7.905,0.8859,3.71,0,9.92580236902149,0
"987",2004,42,2,140.0135,0,0,0,0,-7.985,0.87845,3.495,0,9.925962273459,0
"988",2004,42,3,129.4985,0,0,0,0.005,-7.705,0.87785,3.505,0,9.92609762931006,0
"989",2004,42,4,118.2355,0,0,0,0,-7.645,0.8831,3.665,0,9.9261998872508,0
"990",2004,42,5,106.7735,0.069,0,0,0,-7.23,0.8679,4.82,0,9.92626262712483,0
"991",2004,42,6,95.3895,2.461,0.945,0.06,0.69,-6.47,0.8685,5.79,0,9.92628883266875,0
"992",2004,42,7,84.406,121.003,30.515,56.75,39.71,-5.955,0.86315,6.425,0,9.97290877192225,0
"993",2004,42,8,74.5065,458.942,109.805,236.81,144.775,-3.8,0.82065,6.725,0,9.97182444330317,0
"994",2004,42,9,65.8075,812.498,186.415,413.665,239.505,-1.395,0.77895,7.955,0,9.97178266795175,0
"995",2004,42,10,59.0665,1074.79,260.76,546.765,293.32,0.295,0.7371,7.435,0,9.971781964296,0
"996",2004,42,11,55.0615,1219.322,327.005,621.24,298.475,1.565,0.69915,6.895,0,9.97178211085548,0
"997",2004,42,12,54.415,1254.075,367.635,636.91,274.62,2.19,0.67815,5.89,0,9.97178271102344,0
"998",2004,42,13,57.247,1123.872,351.35,563.055,221.945,2.7,0.6834,4.68,0,9.97178197051917,0
"999",2004,42,14,63.0795,922.323,301.305,454.165,171.52,3.045,0.6924,4.995,0,9.97178203149186,0
"1000",2004,42,15,71.149,513.337,171.42,247.1,94.005,3.22,0.7045,4.8,0,9.9717822248818,0
"1001",2004,42,16,80.7095,192.372,68.675,90.93,35.04,2.61,0.7437,3.915,0,9.9717820208439,0
"1002",2004,42,17,91.2415,12.673,5.35,3.47,2.28,1.345,0.82095,3.78,0,9.9744558658983,0
"1003",2004,42,18,102.5895,0.322,0,0,0,1.115,0.8314,2.625,0,9.99896217620865,0
"1004",2004,42,19,114.022,0.46,0,0,0,1.1,0.8168,2.465,0,9.99990638464198,0
"1005",2004,42,20,125.381,0.46,0,0,0,1.185,0.8007,2.395,0,10.0000028277998,0
"1006",2004,42,21,136.215,0.46,0,0,0.015,1.035,0.80655,1.925,0,10.0001292033971,0
"1007",2004,42,22,145.6905,0.46,0,0,0.015,0.425,0.85025,2.01,0,10.0002920853649,0
"1008",2004,42,23,152.142,0.345,0,0,1.105,-1.72,0.79,8.435,0,10.0004783862243,0
"1009",2004,43,0,153.239,0.161,0,0,0.53,-3.25,0.75695,8.17,0.0105833333333333,10.0006672336879,0
"1010",2004,43,1,148.4295,0.115,0,0,0.56,-4.12,0.74885,8.345,0.0105833333333333,10.000847255783,0
"1011",2004,43,2,139.7735,0.046,0,0,0.43,-5.3,0.7328,8.14,0.0105833333333333,10.0010118676543,0
"1012",2004,43,3,129.2825,0.023,0,0,0.36,-5.985,0.75655,5.645,0.0105833333333333,10.0011489202005,0
"1013",2004,43,4,118.033,0.023,0,0,0.315,-6.57,0.7861,5.14,0.0105833333333333,10.0012520615058,0
"1014",2004,43,5,106.569,0,0,0,0.31,-7.26,0.81095,5.1,0.0105833333333333,10.0013141197757,0
"1015",2004,43,6,95.183,2.714,1.245,0.04,0.625,-7.87,0.8302,5.02,0.0105833333333333,10.0013403539593,0
"1016",2004,43,7,84.1875,118.404,44.06,58.085,26.495,-8.055,0.83325,5.9,0.0105833333333333,10.0427669560644,0
"1017",2004,43,8,74.2565,427.156,151.335,223.655,89.94,-7.715,0.8326,7.01,0.0105833333333333,10.04153225301,0
"1018",2004,43,9,65.531,699.729,239.825,364.475,137.14,-7.045,0.83155,7.04,0.0105833333333333,10.041488495752,0
"1019",2004,43,10,58.762,622.656,208.325,311.73,108.945,-6.07,0.80735,6.26,0.0105833333333333,10.0414877559882,0
"1020",2004,43,11,54.7365,743.613,245.655,370.625,128.74,-5.655,0.78005,6.215,0.0105833333333333,10.0414878574298,0
"1021",2004,43,12,54.088,511.037,164.99,245.935,86.54,-5.45,0.78185,6.05,0.0105833333333333,10.0414882593897,0
"1022",2004,43,13,56.935,516.258,167.34,249.27,87.745,-5.255,0.774,5.975,0.0105833333333333,10.0414877862633,0
"1023",2004,43,14,62.791,329.015,105.14,154.45,55.94,-5.32,0.78485,6,0.0105833333333333,10.041487882002,0
"1024",2004,43,15,70.89,163.668,51.615,72.945,27.725,-5.125,0.79585,5.185,0.0105833333333333,10.0414881945259,0
"1025",2004,43,16,80.478,70.771,22.815,28.685,12.17,-5.08,0.7895,5.77,0.0105833333333333,10.041487757155,0
"1026",2004,43,17,91.0375,7.291,2.805,1.155,1.465,-5.4,0.7828,6.805,0.0105833333333333,10.0189678569498,0
"1027",2004,43,18,102.3845,0.322,0,0,0.275,-5.67,0.79565,6.79,0.0105833333333333,10.02652988502,0
"1028",2004,43,19,113.8175,0.391,0,0,0.25,-6.03,0.81455,5.845,0.0105833333333333,10.0268550816316,0
"1029",2004,43,20,125.1695,0.299,0,0,0.23,-6.185,0.80775,6.505,0.0105833333333333,10.0269391117929,0
"1030",2004,43,21,135.9815,0.368,0,0,0.135,-6.185,0.8118,5.69,0.0105833333333333,10.0270605559293,0
"1031",2004,43,22,145.419,0.368,0,0,0.22,-6.33,0.80935,6.075,0.0105833333333333,10.0272195861841,0
"1032",2004,43,23,151.825,0.322,0,0,0.155,-6.295,0.81665,5.535,0.0105833333333333,10.0274023306677,0
"1033",2004,44,0,152.911,0.368,0,0,0.225,-6.36,0.8133,5.715,0,10.0275968075601,0
"1034",2004,44,1,148.1415,0.368,0,0,0.21,-6.4,0.8125,5.8,0,10.0277909484155,0
"1035",2004,44,2,139.524,0.345,0,0,0.315,-6.69,0.79515,7.24,0,10.0279705186338,0
"1036",2004,44,3,129.061,0.345,0,0,0.16,-6.885,0.7983,6.395,0,10.0281221442385,0
"1037",2004,44,4,117.8235,0.368,0,0,0.13,-6.8,0.8074,5.295,0,10.0282365251176,0
"1038",2004,44,5,106.361,0.253,0,0,0.135,-6.73,0.81805,5.005,0,10.0283044992293,0
"1039",2004,44,6,94.9705,1.863,0.835,0,0.59,-7.09,0.8071,6.065,0,10.0283271428522,0
"1040",2004,44,7,83.963,133.492,47.355,66.12,31.385,-7.645,0.79515,5.76,0,10.0693249394502,0
"1041",2004,44,8,74.003,453.514,158.1,242.05,101.62,-7.31,0.77755,6.525,0,10.0681319620331,0
"1042",2004,44,9,65.2495,756.7,253.525,396.9,154.195,-6.755,0.7386,7.265,0,10.0680918211469,0
"1043",2004,44,10,58.4515,1091.258,368.825,575.735,212.47,-5.59,0.709,6.48,0,10.0680911698137,0
"1044",2004,44,11,54.407,1230.661,422.675,648.295,228.46,-4.37,0.6903,5.95,0,10.0680912732514,0
"1045",2004,44,12,53.756,1214.331,419.495,635.06,219.57,-3.705,0.7114,6.97,0,10.0680911712832,0
"1046",2004,44,13,56.619,1164.835,404.215,603.43,207.715,-3.165,0.72385,7.725,0,10.0680911427194,0
"1047",2004,44,14,62.504,950.981,325.845,482.325,174.23,-2.735,0.70995,8.165,0,10.0680911573925,0
"1048",2004,44,15,70.631,637.353,214.725,315.635,125.33,-2.08,0.68325,8.665,0,10.068091190334,0
"1049",2004,44,16,80.245,271.032,90.08,125.395,61.19,-1.84,0.6931,8.665,0,10.0680912775252,0
"1050",2004,44,17,90.7915,21.735,7.895,5.9,5.735,-2.21,0.74055,7.67,0,10.0692726033541,0
"1051",2004,44,18,102.1775,0.046,0,0,0.02,-2.495,0.77045,6.665,0,10.098237477066,0
"1052",2004,44,19,113.6145,0.046,0,0,0.15,-2.89,0.7983,5.87,0,10.0995566326674,0
"1053",2004,44,20,124.957,0.115,0,0,0.07,-3.45,0.8292,5.775,0,10.0996511408541,0
"1054",2004,44,21,135.7485,0.023,0,0,0.015,-3.49,0.81975,5.91,0,10.0997634470122,0
"1055",2004,44,22,145.148,0.161,0,0,0,-3.29,0.7869,6.175,0,10.0999080907922,0
"1056",2004,44,23,151.506,0.092,0,0,0.045,-3.4,0.7871,6.475,0,10.1000782232535,0
"1057",2004,45,0,152.581,0,0,0,0.375,-4.14,0.82105,5.535,0,10.1002548636183,0
"1058",2004,45,1,147.846,0.092,0,0,0.045,-4.435,0.8312,6.24,0,10.1004295709282,0
"1059",2004,45,2,139.2715,0.023,0,0,0.31,-4.985,0.85025,5.325,0,10.100592451392,0
"1060",2004,45,3,128.836,0.161,0,0,0.005,-5.3,0.8527,4.905,0,10.1007315102781,0
"1061",2004,45,4,117.608,0.069,0,0,0.06,-5.285,0.8324,4.085,0,10.1008375549745,0
"1062",2004,45,5,106.147,0.184,0,0,0.04,-5.295,0.80735,3.04,0,10.1009011181379,0
"1063",2004,45,6,94.7185,2.852,1.405,0.065,0.325,-5.815,0.82125,3.46,0,10.1009271793302,0
"1064",2004,45,7,83.734,144.532,52.02,71.39,32.59,-5.54,0.81715,3.97,0,10.1404093592058,0
"1065",2004,45,8,73.7445,401.281,135.78,202.405,80.975,-3.44,0.76755,4.525,0,10.1392404749231,0
"1066",2004,45,9,64.9615,523.894,176.365,262.44,96.54,-1.36,0.68535,4.93,0,10.1392033986611,0
"1067",2004,45,10,58.138,825.125,282.31,420.595,144.15,-0.545,0.66185,4.93,0,10.1392027960161,0
"1068",2004,45,11,54.074,1213.871,436.58,629.365,197.625,0.365,0.646,3.49,0,10.1392028962475,0
"1069",2004,45,12,53.421,1244.737,461.45,645.585,190.875,1.455,0.6321,2.675,0,10.1392032920159,0
"1070",2004,45,13,56.3005,1135.763,423.06,582.56,170.4,2.125,0.63645,3.565,0,10.1392028266812,0
"1071",2004,45,14,62.2145,922.461,344.975,468.635,142.5,2.26,0.64225,4.035,0,10.139202924208,0
"1072",2004,45,15,70.3705,610.305,227.61,306.53,103.39,1.855,0.65595,5.39,0,10.139203241224,0
"1073",2004,45,16,80.012,249.021,93.44,118.135,48.42,1.195,0.69185,4.53,0,10.1392028238936,0
"1074",2004,45,17,90.588,21.16,8.4,5.865,4.51,-0.04,0.76775,3.845,0,10.1398147712557,0
"1075",2004,45,18,101.972,0,0,0,0.27,-0.925,0.7986,4.16,0,10.1653355983949,0
"1076",2004,45,19,113.41,0.069,0,0,0.305,-1.715,0.8219,4.845,0,10.1665824733799,0
"1077",2004,45,20,124.7455,0,0,0,0.22,-2.12,0.8264,5.32,0,10.1666754442683,0
"1078",2004,45,21,135.5145,0.184,0,0,0.215,-2.41,0.84785,4.85,0,10.1667883071043,0
"1079",2004,45,22,144.873,0.414,0,0,0.005,-2.26,0.8696,5.5,0,10.1669426855464,0
"1080",2004,45,23,151.1855,0.391,0,0,0.01,-1.735,0.87825,6.51,0,10.1671292826212,0
"1081",2004,46,0,152.2475,0.138,0,0,0.35,-2.06,0.80235,6.965,0,10.1673216233543,0
"1082",2004,46,1,147.5445,0.046,0,0,0.37,-3.27,0.7751,7.52,0,10.1674999663255,0
"1083",2004,46,2,139.012,0.276,0,0,0.345,-4.06,0.78915,6.995,0,10.167667526628,0
"1084",2004,46,3,128.603,0.046,0,0,0.34,-4.75,0.7787,7.265,0,10.1678112805635,0
"1085",2004,46,4,117.388,0,0,0,0.405,-5.89,0.6449,8.78,0,10.1679141741211,0
"1086",2004,46,5,105.9275,0,0,0,0.27,-6.66,0.67965,7.97,0,10.1679753035979,0
"1087",2004,46,6,94.4995,4.738,2.005,0.275,0.975,-7.11,0.6745,7.31,0,10.16800996917,0
"1088",2004,46,7,83.5,164.059,62.135,79.94,34.655,-7.26,0.6442,6.98,0,10.2072721898266,0
"1089",2004,46,8,73.482,518.029,190.51,266.96,95.515,-6.62,0.61775,7.545,0,10.2061911702726,0
"1090",2004,46,9,64.6725,856.405,313.7,448.375,144.395,-5.855,0.58865,7.9,0,10.2061586541698,0
"1091",2004,46,10,57.8195,1112.602,412.7,583.505,175.765,-5.07,0.58955,8,0,10.2061581581522,0
"1092",2004,46,11,53.7375,1258.376,470.52,659.045,191.36,-4.83,0.6009,8.405,0,10.2061582528595,0
"1093",2004,46,12,53.082,1283.722,480.2,668.43,192.84,-4.505,0.61325,8.99,0,10.2061581530515,0
"1094",2004,46,13,55.9795,1187.766,441.41,611.075,181.08,-4.475,0.6071,9.32,0,10.2061582704894,0
"1095",2004,46,14,61.922,974.809,356.31,492.4,154.975,-4.305,0.59465,9.355,0,10.2061586867436,0
"1096",2004,46,15,70.1095,662.423,237.515,326.475,114.37,-4.15,0.5868,8.83,0,10.2061581514974,0
"1097",2004,46,16,79.778,296.378,103.285,134.62,59.04,-4.275,0.5933,8.105,0,10.2061581985899,0
"1098",2004,46,17,90.381,29.026,10.245,8.02,7.69,-5.095,0.6341,7.35,0,10.2061564919617,0
"1099",2004,46,18,101.765,0.069,0,0,0.13,-5.725,0.6271,6.275,0,10.2281889945939,0
"1100",2004,46,19,113.2055,0.023,0,0,0.175,-6.2,0.64325,5.075,0,10.2301222367144,0
"1101",2004,46,20,124.5315,0,0,0,0.09,-6.77,0.675,4.565,0,10.2302268345428,0
"1102",2004,46,21,135.2775,0,0,0,0.135,-7.405,0.7069,3.675,0,10.2303369193215,0
"1103",2004,46,22,144.5945,0.023,0,0,0.055,-7.86,0.70395,3.875,0,10.2304784336922,0
"1104",2004,46,23,150.8605,0.069,0,0,0.1,-8.445,0.7086,2.91,0,10.2306441032756,0
"1105",2004,47,0,151.9075,0.092,0,0,0,-8.91,0.71095,3.125,0,10.2308231294583,0
"1106",2004,47,1,147.2385,0,0,0,0,-9.05,0.6585,3.135,0,10.2309999892191,0
"1107",2004,47,2,138.748,0.069,0,0,0.055,-9.72,0.7125,2.77,0,10.2311612878983,0
"1108",2004,47,3,128.3655,0.276,0,0,0,-9.94,0.6957,3.14,0,10.2313041239245,0
"1109",2004,47,4,117.1645,0.138,0,0,0,-10.1,0.67985,3.585,0,10.2314142118684,0
"1110",2004,47,5,105.705,0.161,0,0,0,-10.32,0.68235,4.03,0,10.2314788887776,0
"1111",2004,47,6,94.236,5.681,2.305,0.605,1.26,-10.865,0.7194,4.235,0,10.2315214634763,0
"1112",2004,47,7,83.26,184.092,69.555,92.62,38.76,-10.345,0.7291,4.08,0,10.2705101959388,0
"1113",2004,47,8,73.214,462.737,167.545,236.71,83.36,-8.42,0.68825,6.34,0,10.2694843199032,0
"1114",2004,47,9,64.377,759.368,274.015,394.74,129.005,-6.91,0.6462,6.1,0,10.2694545356833,0
"1115",2004,47,10,57.4985,867.031,313.085,447.57,138.2,-5.35,0.6088,3.945,0,10.2694540390072,0
"1116",2004,47,11,53.3955,1083.001,395.03,559.445,166.85,-3.715,0.5849,3.085,0,10.2694540965048,0
"1117",2004,47,12,52.7415,1089.901,396.985,559.315,164.8,-2.59,0.5691,3.035,0,10.2694543077276,0
"1118",2004,47,13,55.6565,1033.666,376.72,526.14,156.315,-1.7,0.54835,3.015,0,10.2694541844323,0
"1119",2004,47,14,61.631,709.688,257.76,354.085,107.36,-1.295,0.54535,3.005,0,10.2694540852613,0
"1120",2004,47,15,69.8485,523.48,192.01,258.93,83.025,-0.7,0.53765,2.495,0,10.26945417516,0
"1121",2004,47,16,79.5445,171.488,64.645,81.755,27.215,-1.02,0.5771,3.48,0,10.2694544310903,0
"1122",2004,47,17,90.1395,21.459,9.425,7.97,3.8,-1.435,0.65205,3.35,0,10.2674503621459,0
"1123",2004,47,18,101.5585,0.069,0,0,0,-2.215,0.6915,3.11,0,10.2853133006615,0
"1124",2004,47,19,113.001,0.092,0,0,0,-2.75,0.73365,2.805,0,10.2864348265392,0
"1125",2004,47,20,124.3165,0.046,0,0,0,-2.815,0.723,1.935,0,10.2865272555371,0
"1126",2004,47,21,135.039,0.023,0,0,0.01,-3.51,0.7668,2.87,0,10.2866390865282,0
"1127",2004,47,22,144.315,0,0,0,0,-4.21,0.78355,3.07,0,10.2867814616073,0
"1128",2004,47,23,150.5325,0.253,0,0,0.01,-4.585,0.81455,2.715,0,10.2869512861778,0
"1129",2004,48,0,151.5645,0.092,0,0,0,-4.545,0.80675,1.51,0,10.2871368138018,0
"1130",2004,48,1,146.93,0.092,0,0,0,-4.74,0.8009,1.045,0,10.2873156753247,0
"1131",2004,48,2,138.4775,0.253,0,0,0,-4.605,0.77605,1.365,0,10.2874849102802,0
"1132",2004,48,3,128.1215,0.414,0,0,0.01,-4.685,0.77185,1.87,0,10.2876360176078,0
"1133",2004,48,4,116.9345,0.322,0,0,0,-4.545,0.75555,2.3,0,10.2877517552449,0
"1134",2004,48,5,105.477,0.023,0,0,0,-4.74,0.76505,1.41,0,10.2878172014318,0
"1135",2004,48,6,94.0115,3.864,2.135,0.48,0.36,-5.035,0.76145,1.69,0,10.2878462125712,0
"1136",2004,48,7,83.0155,93.38,35.975,42.98,13.92,-5.255,0.78555,1.205,0,10.3054588187956,0
"1137",2004,48,8,72.9425,304.129,111.19,147.925,47.44,-4.025,0.8071,1.17,0,10.3032383405225,0
"1138",2004,48,9,64.0795,568.238,209.135,282.505,83.47,-1.675,0.7389,1.73,0,10.3031751956588,0
"1139",2004,48,10,57.1725,839.776,307.935,427.73,126.025,-0.21,0.6744,2.795,0,10.3031741822918,0
"1140",2004,48,11,53.0505,1185.098,445.135,617.125,177.05,1.31,0.577,2.485,0,10.3031742550655,0
"1141",2004,48,12,52.3965,1224.865,462.71,634.83,179.04,2.255,0.52115,2.01,0,10.3031741704507,0
"1142",2004,48,13,55.3325,1149.379,429.955,588.03,169.075,2.84,0.51635,2.615,0,10.3031741834127,0
"1143",2004,48,14,61.3355,938.446,346.86,473.485,143.845,3.23,0.53135,3.245,0,10.3031742076753,0
"1144",2004,48,15,69.5865,635.444,231.76,314,106.03,3.555,0.52595,4.02,0,10.3031742720454,0
"1145",2004,48,16,79.3115,273.516,100.805,128.88,53.42,3.26,0.5656,3.895,0,10.3031744503844,0
"1146",2004,48,17,89.9345,27.876,11.79,9.48,6.28,1.9,0.6779,3.225,0,10.3027716698848,0
"1147",2004,48,18,101.3515,0.276,0.065,0,0.01,0.94,0.73835,3.325,0,10.3195207824885,0
"1148",2004,48,19,112.794,0.276,0,0,0.01,0.01,0.82685,2.47,0,10.3212296888767,0
"1149",2004,48,20,124.102,0.46,0,0,0,-0.68,0.86,3.22,0,10.321339616336,0
"1150",2004,48,21,134.7995,0.46,0,0,0.135,-1.33,0.88665,3.945,0,10.3214679565684,0
"1151",2004,48,22,144.035,0.437,0,0,0.285,-1.835,0.88145,4.05,0,10.3216326435856,0
"1152",2004,48,23,150.2025,0.299,0,0,0.365,-2.56,0.87145,3.32,0,10.3218185573372,0
"1153",2004,49,0,151.218,0.253,0,0,0.13,-3.255,0.8899,1.615,0,10.3220104385396,0
"1154",2004,49,1,146.612,0.437,0,0,0,-3.79,0.90925,1.67,0,10.322204442938,0
"1155",2004,49,2,138.2035,0.46,0,0,0,-4.215,0.9236,2.235,0,10.3223907031921,0
"1156",2004,49,3,127.874,0.253,0,0,0,-4.73,0.93455,1.905,0,10.3225450351229,0
"1157",2004,49,4,116.6985,0.253,0,0,0,-5.16,0.94965,1.1,0,10.3226567720246,0
"1158",2004,49,5,105.2435,0.115,0,0,0,-5.34,0.95345,1.615,0,10.3227225980446,0
"1159",2004,49,6,93.78,5.382,2.755,1.065,1.12,-5.89,0.9496,2.695,0,10.3227619583796,0
"1160",2004,49,7,82.768,99.751,42.695,53.62,20.125,-5.645,0.94475,2.27,0,10.3429212991668,0
"1161",2004,49,8,72.6675,425.937,179,247.47,91.415,-3.64,0.94235,3.05,0,10.340962079591,0
"1162",2004,49,9,63.776,780.896,319.1,439.84,130.01,-0.935,0.86325,6.23,0,10.3409071337665,0
"1163",2004,49,10,56.842,1097.583,414.365,575.37,163.805,1.09,0.8197,7.86,0,10.340906303486,0
"1164",2004,49,11,52.703,1235.905,463.91,644.425,181.495,3.02,0.8123,6.935,0,10.34090631279,0
"1165",2004,49,12,52.051,1267.438,470.525,650.185,182.17,4.775,0.77495,6.725,0,10.3409062385329,0
"1166",2004,49,13,55.007,1178.06,431.695,593.94,170.44,6.29,0.7068,7.61,0,10.3409062531425,0
"1167",2004,49,14,61.0415,979.731,354.235,485.85,147.77,6.92,0.6654,8.43,0,10.3409062840108,0
"1168",2004,49,15,69.3245,658.007,234.175,314.39,107.38,7.525,0.64915,8.335,0,10.3409063711142,0
"1169",2004,49,16,79.0775,282.808,99.595,124.775,52.55,6.86,0.74695,6.445,0,10.3409066167325,0
"1170",2004,49,17,89.6895,27.347,9.835,7.89,5.6,4.57,0.8038,5.645,0,10.3403203161222,0
"1171",2004,49,18,101.1445,0.437,0.045,0,0.06,3.28,0.80305,4.63,0,10.3547680520627,0
"1172",2004,49,19,112.5905,0.46,0,0,0.03,2.345,0.82645,4.44,0,10.3563916916217,0
"1173",2004,49,20,123.887,0.46,0,0,0,2.27,0.81245,4.875,0,10.3565030677084,0
"1174",2004,49,21,134.559,0.414,0,0,0.01,2.265,0.8042,4.775,0,10.3566307355128,0
"1175",2004,49,22,143.751,0.46,0,0,0,2.24,0.79665,4.845,0,10.3567938360783,0
"1176",2004,49,23,149.8705,0.437,0,0,0.01,1.81,0.81515,4.54,0,10.3569848339439,0
"1177",2004,50,0,150.8685,0.46,0,0,0,1.575,0.8265,3.93,0,10.3571874904077,0
"1178",2004,50,1,146.293,0.46,0,0,0,1.475,0.8359,3.64,0,10.3573905092003,0
"1179",2004,50,2,137.923,0.46,0,0,0,1.255,0.85095,2.99,0,10.3575778857331,0
"1180",2004,50,3,127.6225,0.46,0,0,0,1.37,0.85275,3.3,0,10.3577372261378,0
"1181",2004,50,4,116.4595,0.46,0,0,0,1.49,0.8531,3.235,0,10.3578572267724,0
"1182",2004,50,5,105.0065,0.46,0,0,0,1.35,0.85495,3.24,0,10.357929409059,0
"1183",2004,50,6,93.5075,6.555,3.385,1.25,1.105,0.95,0.8735,3.075,0,10.3579813515464,0
"1184",2004,50,7,82.514,127.558,49.64,60.57,19.655,1.36,0.8753,3.545,0,10.3846544603665,0
"1185",2004,50,8,72.388,334.512,127.735,161.82,43.175,2.355,0.8642,4.53,0,10.3831878598655,0
"1186",2004,50,9,63.4695,456.711,169.4,218.48,56.865,3.66,0.8462,4.975,0,10.3831475735639,0
"1187",2004,50,10,56.5085,540.477,197.295,256.69,66.195,5.02,0.8274,4.385,0,10.3831469144636,0
"1188",2004,50,11,52.3515,947.6,348.415,471.8,126.2,7.47,0.77415,5.595,0,10.3831469706726,0
"1189",2004,50,12,51.699,1273.671,470.905,641.15,173.18,8.885,0.7586,6.975,0,10.3831471743149,0
"1190",2004,50,13,54.678,1162.098,423.885,577.19,161.51,10.29,0.7255,7.57,0,10.3831470750096,0
"1191",2004,50,14,60.746,927.728,332.42,450.49,133.93,11.015,0.708,8.345,0,10.3831469474242,0
"1192",2004,50,15,69.0605,510.6,181.155,240.085,75.365,10.92,0.7217,7.9,0,10.3831470014293,0
"1193",2004,50,16,78.843,241.017,88.665,111.535,37.66,9.95,0.75985,6.36,0,10.3831471488784,0
"1194",2004,50,17,89.486,24.564,10.065,8.605,4.03,8.405,0.80495,5.785,0,10.3816659007012,0
"1195",2004,50,18,100.939,0.46,0.05,0,0.635,6.355,0.85835,5.31,0,10.3947010739041,0
"1196",2004,50,19,112.3845,0.46,0,0,0.07,6.095,0.85905,5.445,0,10.3960283609207,0
"1197",2004,50,20,123.6705,0.46,0,0,0,8.115,0.7657,7.055,0,10.3961348584884,0
"1198",2004,50,21,134.3165,0.437,0,0,0.155,7.88,0.7449,6.32,0,10.3962631629023,0
"1199",2004,50,22,143.466,0.437,0,0,0.005,7.125,0.78595,4.47,0,10.3964271395635,0
"1200",2004,50,23,149.535,0.46,0,0,0.005,6.79,0.80165,6.455,0,10.3966178122723,0
"1201",2004,51,0,150.5145,0.46,0,0,0.27,6.615,0.7891,6.27,0.09525,10.3968218527078,0
"1202",2004,51,1,145.9685,0.46,0,0,0.21,5.365,0.8153,5.985,0.09525,10.3970249418209,0
"1203",2004,51,2,137.6365,0.46,0,0,0,5.38,0.8074,6.4,0.09525,10.3972125808668,0
"1204",2004,51,3,127.3635,0.368,0,0,0.005,6.43,0.7581,7.82,0.09525,10.3973701836407,0
"1205",2004,51,4,116.215,0.414,0,0,0.225,6.415,0.77605,8.28,0.09525,10.3974870833511,0
"1206",2004,51,5,104.764,0.46,0,0,0.02,6.27,0.80915,6.73,0.09525,10.3975585175233,0
"1207",2004,51,6,93.27,5.221,2.995,1.12,0.55,6.085,0.8046,7.235,0.09525,10.397598535,0
"1208",2004,51,7,82.2565,53.682,22.68,22.21,6.06,6.77,0.8262,8.465,0.09525,10.3816523358043,0
"1209",2004,51,8,72.103,314.985,123.25,154.81,38.14,7.845,0.85695,9.535,0.09525,10.3747374545032,0
"1210",2004,51,9,63.1595,180.527,64.795,75.34,17.96,9.08,0.8763,9.37,0.09525,10.3745461925717,0
"1211",2004,51,10,56.1705,107.824,36.615,38.21,8.805,9.555,0.868,9.695,0.09525,10.3745431553415,0
"1212",2004,51,11,51.996,126.27,41.315,46.475,12.525,8.7,0.8823,13.03,0.09525,10.3745431181374,0
"1213",2004,51,12,51.346,133.561,45.025,50.975,12.315,4.755,0.9147,13.88,0.09525,10.3745432178306,0
"1214",2004,51,13,54.3475,120.428,41.29,45.13,10.445,3.45,0.89405,14.365,0.09525,10.374543581474,0
"1215",2004,51,14,60.4495,138.713,49.765,56.6,13.52,3.21,0.86085,14.605,0.09525,10.3745431476949,0
"1216",2004,51,15,68.7985,73.485,26.115,26.66,7.23,3.085,0.8255,12.935,0.09525,10.374543156728,0
"1217",2004,51,16,78.608,47.035,17.56,15.765,5.015,2.905,0.80935,12.38,0.09525,10.3741372339628,0
"1218",2004,51,17,89.2815,4.761,2.285,0.07,0.515,2.77,0.8068,10.59,0.09525,10.2953047791144,0
"1219",2004,51,18,100.732,0.299,0.09,0,0.03,2.81,0.81855,10.785,0.09525,10.2970553076617,0
"1220",2004,51,19,112.177,0.391,0,0,0.07,2.83,0.8359,11.44,0.09525,10.2971866064464,0
"1221",2004,51,20,123.453,0.322,0,0,0.07,2.59,0.82515,11.615,0.09525,10.2972691392051,0
"1222",2004,51,21,134.073,0.253,0,0,0.455,2.03,0.8232,12.265,0.09525,10.2973911412541,0
"1223",2004,51,22,143.179,0.253,0,0,0.22,1.31,0.8246,11.795,0.09525,10.2975459733232,0
"1224",2004,51,23,149.197,0.276,0,0,0.125,1.07,0.8082,10.42,0.09525,10.2977250231783,0
"1225",2004,52,0,150.1585,0.184,0,0,0.07,0.765,0.8295,9.595,0,10.2979145925379,0
"1226",2004,52,1,145.6375,0.276,0,0,0.015,0.72,0.8491,9.255,0,10.298101572689,0
"1227",2004,52,2,137.3465,0.299,0,0,0.01,0.82,0.848,8.17,0,10.2982780791368,0
"1228",2004,52,3,127.1005,0.299,0,0,0,0.88,0.84175,7.925,0,10.2984283922191,0
"1229",2004,52,4,115.965,0.207,0,0,0.005,0.955,0.8244,7.205,0,10.2985397839995,0
"1230",2004,52,5,104.518,0.253,0,0,0.035,0.995,0.8217,6.675,0,10.2986057007447,0
"1231",2004,52,6,92.9905,1.472,1.23,0,0.045,0.875,0.84065,7.195,0,10.2986260996713,0
"1232",2004,52,7,81.996,25.852,10.1,6.585,2.8,1.125,0.81885,7.625,0,10.287183126657,0
"1233",2004,52,8,71.816,81.236,29.925,31.885,8.935,1.03,0.8344,6.3,0,10.2096941805282,0
"1234",2004,52,9,62.8455,172.73,63.245,75.95,19.49,1.165,0.827,7.11,0,10.2074276184514,0
"1235",2004,52,10,55.8305,216.775,78.355,95.865,24.5,1.585,0.79495,8.265,0,10.2073904327759,0
"1236",2004,52,11,51.6395,275.724,99.78,124.76,31.62,1.61,0.78435,7.89,0,10.2073899691643,0
"1237",2004,52,12,50.9905,371.335,137.43,175.395,44.59,2.015,0.75245,7.94,0,10.2073901359504,0
"1238",2004,52,13,54.0155,259.739,94.355,117.83,30.65,1.91,0.77425,7.445,0,10.2073907684105,0
"1239",2004,52,14,60.152,300.058,111.355,141.71,36.67,1.885,0.7576,7.355,0,10.2073899656685,0
"1240",2004,52,15,68.535,230.276,87.21,109.9,28.865,2.12,0.74295,6.22,0,10.2073900166103,0
"1241",2004,52,16,78.3745,111.895,43.055,50.51,14.01,2.27,0.75365,5.425,0,10.2073901528792,0
"1242",2004,52,17,89.0385,11.707,5.005,1.815,1.35,2.1,0.75465,4.58,0,10.1976634226058,0
"1243",2004,52,18,100.5245,0.092,0.075,0,0.045,1.43,0.77255,2.69,0,10.2091698773286,0
"1244",2004,52,19,111.9715,0.138,0,0,0,0.945,0.78315,1.72,0,10.2097824907494,0
"1245",2004,52,20,123.2355,0.46,0,0,0,0.655,0.7991,2.405,0,10.2098697484455,0
"1246",2004,52,21,133.8295,0.345,0,0,0,-0.365,0.8685,2.82,0,10.2099948551807,0
"1247",2004,52,22,142.8895,0.276,0,0,0,-0.765,0.89575,3.2,0,10.2101515482021,0
"1248",2004,52,23,148.8575,0.414,0,0,0,-0.93,0.9126,2.655,0,10.2103337511496,0
"1249",2004,53,0,149.797,0.414,0,0,0,-1.14,0.9176,2.355,0.0105833333333333,10.2105336233502,0
"1250",2004,53,1,145.3055,0.207,0,0,0,-1.24,0.92425,2.05,0.0105833333333333,10.2107266409675,0
"1251",2004,53,2,137.0515,0.437,0,0,0,-1.725,0.93635,2.945,0.0105833333333333,10.210904250874,0
"1252",2004,53,3,126.833,0.368,0,0,0,-1.67,0.9328,2.615,0.0105833333333333,10.2110601798355,0
"1253",2004,53,4,115.7135,0.437,0,0,0,-1.495,0.9314,3.02,0.0105833333333333,10.2111773483801,0
"1254",2004,53,5,104.2675,0.46,0,0,0,-1.545,0.9319,2.31,0.0105833333333333,10.2112494630864,0
"1255",2004,53,6,92.747,6.026,2.935,1.16,0.725,-1.44,0.92815,2.45,0.0105833333333333,10.2112990783105,0
"1256",2004,53,7,81.73,108.077,42.1,51.235,16.62,-0.73,0.91655,2.875,0.0105833333333333,10.2415279247523,0
"1257",2004,53,8,71.5255,444.314,171.555,223.975,64.615,0.26,0.89405,3.07,0.0105833333333333,10.2399879147397,0
"1258",2004,53,9,62.5275,836.786,325.495,430.71,114.805,1.815,0.8421,4.575,0.0105833333333333,10.2399411990412,0
"1259",2004,53,10,55.485,1114.948,427.93,579.035,156.19,3.265,0.81425,4.97,0.0105833333333333,10.2399406337734,0
"1260",2004,53,11,51.278,1258.583,481.045,651.955,174.96,4.97,0.7842,4.785,0.0105833333333333,10.2399404373309,0
"1261",2004,53,12,50.6315,1243.219,469.195,638.97,173.22,5.975,0.7396,4.79,0.0105833333333333,10.239940523539,0
"1262",2004,53,13,53.6825,778.642,289.305,389.61,105.77,6.64,0.70445,4.835,0.0105833333333333,10.2399408397558,0
"1263",2004,53,14,59.855,508.99,190.73,249.375,66.795,6.9,0.7061,4.945,0.0105833333333333,10.239940479366,0
"1264",2004,53,15,68.273,339.25,126.83,163.65,45.42,6.81,0.7199,4.83,0.0105833333333333,10.2399405994564,0
"1265",2004,53,16,78.14,62.928,23.92,23.87,7.39,6.06,0.77575,3.49,0.0105833333333333,10.2399403554373,0
"1266",2004,53,17,88.834,15.318,6.635,3.785,1.86,5.295,0.8211,3.515,0.0105833333333333,10.2038876165884,0
"1267",2004,53,18,100.319,0.23,0.12,0,0.075,4.36,0.83555,3.46,0.0105833333333333,10.2105670399244,0
"1268",2004,53,19,111.7645,0.23,0,0,0,3.62,0.8431,3.82,0.0105833333333333,10.2109810340887,0
"1269",2004,53,20,123.016,0.276,0,0,0,3.475,0.83225,3.665,0.0105833333333333,10.2110645133698,0
"1270",2004,53,21,133.5815,0.276,0,0,0,3.535,0.80725,2.21,0.0105833333333333,10.2111846680899,0
"1271",2004,53,22,142.599,0.299,0,0,0.04,3.27,0.8128,3.28,0.0105833333333333,10.2113398414415,0
"1272",2004,53,23,148.514,0.207,0,0,0.05,2.84,0.8311,3.72,0.0105833333333333,10.2115182437612,0
"1273",2004,54,0,149.436,0.207,0,0,0,2.96,0.80615,4.425,0,10.2117049268758,0
"1274",2004,54,1,144.9675,0.207,0,0,0.02,2.815,0.80865,4.85,0,10.2118902768041,0
"1275",2004,54,2,136.752,0.207,0,0,0,2.825,0.8086,4.585,0,10.2120623786641,0
"1276",2004,54,3,126.5615,0.161,0,0,0.05,2.39,0.8247,4.455,0,10.212207354449,0
"1277",2004,54,4,115.455,0.115,0,0,0,2.53,0.79885,5.525,0,10.2123148546025,0
"1278",2004,54,5,104.014,0.23,0,0,0,2.83,0.77155,5.375,0,10.2123798386943,0
"1279",2004,54,6,92.4595,3.956,2.06,0.275,0.52,2.63,0.78605,4.96,0,10.2124117799953,0
"1280",2004,54,7,81.4605,58.719,23.115,23.95,7.58,2.675,0.79695,4.365,0,10.2110450321783,0
"1281",2004,54,8,71.2315,96.761,36.12,39.36,10.6,3.05,0.79925,4.28,0,10.2061548620401,0
"1282",2004,54,9,62.206,245.548,90.475,112.135,28.425,4.015,0.77485,5.48,0,10.2060045431691,0
"1283",2004,54,10,55.1375,156.745,53.85,63.04,16.34,4.935,0.7463,4.615,0,10.2060021131462,0
"1284",2004,54,11,50.913,245.64,88.13,109.205,27.305,5.125,0.7753,5.275,0,10.2060020791904,0
"1285",2004,54,12,50.2735,216.223,74.7,90.27,22.43,5.6,0.7891,5.415,0,10.2060021099639,0
"1286",2004,54,13,53.3485,173.305,62.68,71.92,16.535,5.835,0.8301,3.06,0,10.2060020668208,0
"1287",2004,54,14,59.5555,82.363,29.635,29.605,7.275,5.915,0.8708,3.015,0,10.2060020796958,0
"1288",2004,54,15,68.0105,197.708,78.105,93.26,22.58,6.135,0.8777,1.84,0,10.206002007152,0
"1289",2004,54,16,77.9075,214.866,89.59,108.55,30.1,6.87,0.87025,1.69,0,10.2060018798578,0
"1290",2004,54,17,88.5915,23.828,11.16,8.265,2.495,6.015,0.9071,1.315,0,10.2053671862604,0
"1291",2004,54,18,100.1125,0.46,0.205,0,0.055,5.77,0.89235,2.7,0,10.2256232669627,0
"1292",2004,54,19,111.558,0.46,0,0,0.555,4.815,0.86245,7.945,0,10.2269605115469,0
"1293",2004,54,20,122.797,0.368,0,0,0.45,3.685,0.8868,7.5,0,10.227064549836,0
"1294",2004,54,21,133.335,0.276,0,0,0.175,2.94,0.9017,5.38,0,10.2271869001252,0
"1295",2004,54,22,142.305,0.276,0,0,0.22,2.6,0.8997,4.335,0,10.227340892122,0
"1296",2004,54,23,148.1695,0.391,0,0,0.36,1.52,0.91825,4.42,0,10.2275233690274,0
"1297",2004,55,0,149.0685,0.46,0,0,0.055,0.915,0.93855,3.255,0,10.2277237833888,0
"1298",2004,55,1,144.6265,0.46,0,0,0.02,1.045,0.9334,4.72,0,10.2279255018023,0
"1299",2004,55,2,136.4465,0.46,0,0,0,1.255,0.90175,4.67,0,10.2281125329811,0
"1300",2004,55,3,126.285,0.345,0,0,0,1.33,0.89535,5.055,0,10.2282686551259,0
"1301",2004,55,4,115.193,0.322,0,0,0,1.33,0.90315,4.875,0,10.2283834612276,0
"1302",2004,55,5,103.756,0.345,0,0,0.005,1.235,0.91705,5.415,0,10.2284527231988,0
"1303",2004,55,6,92.209,3.151,1.665,0,0.32,1.17,0.91395,5.46,0,10.2284815475771,0
"1304",2004,55,7,81.186,27.554,10.94,7.18,2.8,1.295,0.90405,4.865,0,10.211874287018,0
"1305",2004,55,8,70.935,68.54,25.735,25.485,6.74,1.525,0.88105,5.245,0,10.1333760739523,0
"1306",2004,55,9,61.883,170.453,63.385,75.105,18.1,1.955,0.8371,5.255,0,10.1311542807932,0
"1307",2004,55,10,54.787,277.633,103.37,128.21,31.28,2.465,0.83795,6.65,0,10.1311172347241,0
"1308",2004,55,11,50.5445,548.09,209.96,271.4,67.83,3.035,0.819,8.405,0,10.131116739897,0
"1309",2004,55,12,49.9105,338.008,125.935,158.96,40.76,3.265,0.78975,7.95,0,10.1311168182099,0
"1310",2004,55,13,53.013,276.874,102.21,127.33,32.885,3.42,0.75165,7.34,0,10.1311170906214,0
"1311",2004,55,14,59.259,199.249,73.505,89.34,23.465,3.395,0.76055,6.515,0,10.1311168146712,0
"1312",2004,55,15,67.748,115.345,42.665,48.495,13.245,3.375,0.77165,5.355,0,10.1311169885833,0
"1313",2004,55,16,77.673,85.813,33.33,36.67,10.61,3.29,0.7799,5.8,0,10.1311168301485,0
"1314",2004,55,17,88.3895,8.303,3.52,0.51,1.36,2.415,0.84595,7.515,0,10.1131081699983,0
"1315",2004,55,18,99.9055,0.391,0.13,0,0.195,1.805,0.82805,8.8,0,10.1215744509206,0
"1316",2004,55,19,111.35,0.299,0,0,0.07,1.395,0.78285,7.185,0,10.1219940965518,0
"1317",2004,55,20,122.577,0.276,0,0,0.27,1.04,0.7969,6.045,0,10.122077654155,0
"1318",2004,55,21,133.087,0.46,0,0,0.17,0.195,0.8522,4.96,0,10.1221996989621,0
"1319",2004,55,22,142.0105,0.253,0,0,0.11,0.045,0.78525,6.435,0,10.1223584884058,0
"1320",2004,55,23,147.8235,0.299,0,0,0.185,-0.45,0.78155,6.095,0,10.1225365334575,0
"1321",2004,56,0,148.7005,0.414,0,0,0.04,-0.53,0.79045,5.225,0,10.1227307167625,0
"1322",2004,56,1,144.2815,0.414,0,0,0.065,-0.655,0.796,5.265,0,10.1229296521988,0
"1323",2004,56,2,136.1395,0.414,0,0,0.025,-0.74,0.78285,6.11,0,10.1231134071154,0
"1324",2004,56,3,126.0045,0.299,0,0,0.095,-0.875,0.7797,6.71,0,10.1232673224916,0
"1325",2004,56,4,114.9285,0.207,0,0,0.105,-1.02,0.78265,5.855,0,10.1233795732901,0
"1326",2004,56,5,103.493,0.184,0,0,0.04,-1.365,0.7782,5.32,0,10.1234461876697,0
"1327",2004,56,6,91.918,14.122,6.385,2.95,2.515,-1.48,0.7865,5.66,0,10.1237737715548,0
"1328",2004,56,7,80.9095,216.775,87.625,113.93,42.93,-0.995,0.7707,6.02,0,10.1766071175029,0
"1329",2004,56,8,70.6335,580.566,227.5,310.95,100.465,-0.24,0.72245,6.735,0,10.1759226232301,0
"1330",2004,56,9,61.554,920.322,358.8,491.45,144.515,0.76,0.65185,7.415,0,10.1759008137096,0
"1331",2004,56,10,54.433,1173.069,459.615,627.26,174.755,1.695,0.65265,8.145,0,10.1759004569243,0
"1332",2004,56,11,50.1755,1315.692,515.195,701.66,190.41,2.88,0.59785,8.25,0,10.1759005198599,0
"1333",2004,56,12,49.546,1340.693,521.835,709.43,192.405,4.09,0.5529,7.88,0,10.175900754987,0
"1334",2004,56,13,52.6775,1239.585,477.52,647.255,180.205,4.755,0.56465,7.815,0,10.175900568732,0
"1335",2004,56,14,58.9595,1027.962,390.13,526.915,155.06,5.3,0.5548,7.625,0,10.1759006124901,0
"1336",2004,56,15,67.4855,712.862,266.965,357.045,115.595,5.485,0.5732,7.42,0,10.1759004748924,0
"1337",2004,56,16,77.441,343.85,127.025,164.38,63.79,4.965,0.59745,8.465,0,10.1759004881999,0
"1338",2004,56,17,88.1865,53.521,20.46,19.135,12.05,3.955,0.633,6.895,0,10.1759004063253,0
"1339",2004,56,18,99.699,0.161,0.21,0,0.13,2.78,0.67805,6.085,0,10.2329719009089,0
"1340",2004,56,19,111.1445,0.115,0,0,0.095,1.8,0.71885,4.875,0,10.2434522522575,0
"1341",2004,56,20,122.3545,0.207,0,0,0.005,1.58,0.70695,5.55,0,10.2437111947753,0
"1342",2004,56,21,132.836,0.161,0,0,0,1.37,0.6851,7.115,0,10.2438285475159,0
"1343",2004,56,22,141.7125,0.092,0,0,0.055,1.01,0.6989,7.45,0,10.2439748853714,0
"1344",2004,56,23,147.472,0.184,0,0,0.145,0.32,0.7395,6.185,0,10.2441447353972,0
"1345",2004,57,0,148.33,0.276,0,0,0.005,-0.1,0.75325,5.655,0,10.2443319174998,0
"1346",2004,57,1,143.933,0.184,0,0,0,-0.39,0.746,5.78,0,10.2445202566922,0
"1347",2004,57,2,135.828,0.092,0,0,0.005,-0.705,0.7498,5.04,0,10.2446887878095,0
"1348",2004,57,3,125.7185,0.092,0,0,0.005,-1.09,0.7573,5.01,0,10.2448301687563,0
"1349",2004,57,4,114.6575,0.207,0,0,0.005,-1.365,0.7649,5.73,0,10.2449392987039,0
"1350",2004,57,5,103.2275,0.138,0,0,0.07,-1.885,0.80055,5.305,0,10.2450065144628,0
"1351",2004,57,6,91.6605,12.098,4.6,1.545,1.145,-2.26,0.83715,5.315,0,10.2452023741087,0
"1352",2004,57,7,80.63,230.92,92.02,120.355,45.825,-1.735,0.8203,5.94,0,10.2936026114761,0
"1353",2004,57,8,70.33,594.021,232.23,317.69,102.85,-0.225,0.7382,5.87,0,10.2928486652818,0
"1354",2004,57,9,61.225,936.261,364.875,501.3,147.94,1.115,0.68045,6.545,0,10.2928259425954,0
"1355",2004,57,10,54.076,1188.594,465.85,637.96,178.285,2.645,0.61665,5.77,0,10.2928255738378,0
"1356",2004,57,11,49.8035,1332.298,523.89,714.905,194.64,4.185,0.56055,5.33,0,10.292825635055,0
"1357",2004,57,12,49.1805,1352.975,530.42,721.62,196.46,5.34,0.52205,5.145,0,10.2928258635998,0
"1358",2004,57,13,52.3385,1253.063,486.005,659.995,184.6,6.025,0.5439,6.04,0,10.2928256925126,0
"1359",2004,57,14,58.6615,1036.541,396.525,535.835,158.275,6.515,0.5458,6.55,0,10.2928256855419,0
"1360",2004,57,15,67.2245,713.943,269.295,361.92,118.13,6.465,0.57605,7.07,0,10.292825588067,0
"1361",2004,57,16,77.209,347.875,130.185,168.87,65.74,6.01,0.6087,7.08,0,10.2928255963407,0
"1362",2004,57,17,87.946,54.97,21.105,19.96,12.48,4.78,0.65225,6.1,0,10.2928254480221,0
"1363",2004,57,18,99.494,0.23,0.24,0,0.08,3.365,0.68805,4.89,0,10.34360132927,0
"1364",2004,57,19,110.936,0.092,0,0,0.065,2.075,0.7632,3.87,0,10.3541361747769,0
"1365",2004,57,20,122.135,0.069,0,0,0.005,1.69,0.77965,3.7,0,10.3543997147699,0
"1366",2004,57,21,132.584,0,0,0,0.015,1.105,0.7951,3.98,0,10.3545116029396,0
"1367",2004,57,22,141.4145,0.023,0,0,0.02,0.635,0.80735,4.41,0,10.3546520795633,0
"1368",2004,57,23,147.1225,0.092,0,0,0.01,0.08,0.8302,4.04,0,10.3548177091395,0
"1369",2004,58,0,147.955,0,0,0,0.03,-0.19,0.8331,5.21,0,10.3549954433817,0
"1370",2004,58,1,143.5805,0.161,0,0,0.085,-0.74,0.8531,5.245,0,10.3551735315069,0
"1371",2004,58,2,135.511,0.391,0,0,0.08,-1.295,0.8737,4.675,0,10.3553492817158,0
"1372",2004,58,3,125.431,0.023,0,0,0.055,-1.79,0.8871,2.87,0,10.3554990145168,0
"1373",2004,58,4,114.3845,0.322,0,0,0,-2.12,0.8924,3.065,0,10.3556094413115,0
"1374",2004,58,5,102.9585,0.299,0,0,0,-2.345,0.88935,3.155,0,10.3556806655394,0
"1375",2004,58,6,91.3615,18.308,7.735,4.655,3.34,-2.285,0.8809,3.275,0,10.3566728922322,0
"1376",2004,58,7,80.345,237.958,94.145,124.455,48.74,-1.535,0.8598,3.28,0,10.4034235023173,0
"1377",2004,58,8,70.023,591.813,235.735,319.88,100.96,-0.36,0.82685,4.43,0,10.4027147470505,0
"1378",2004,58,9,60.8905,928.027,369.175,501.055,142.64,0.965,0.7997,3.555,0,10.4026944392983,0
"1379",2004,58,10,53.717,1184.822,466.765,638.99,178.075,3,0.73535,3.065,0,10.4026941157854,0
"1380",2004,58,11,49.428,1330.297,524.165,715.55,195.38,5,0.6543,2.415,0,10.4026941794421,0
"1381",2004,58,12,48.811,1359.208,532.365,727.415,199.595,6.545,0.5598,3.585,0,10.4026944176514,0
"1382",2004,58,13,51.9995,1266.081,489.775,669.475,188.335,7.405,0.48105,4.52,0,10.4026942227997,0
"1383",2004,58,14,58.363,1053.4,402.095,545.75,161.605,8.36,0.45745,3.5,0,10.4026942935851,0
"1384",2004,58,15,66.9625,740.025,277.05,372.43,121.475,8.88,0.4459,3.65,0,10.4026941397493,0
"1385",2004,58,16,76.9775,347.001,127.795,163.825,62.72,8.91,0.4406,2.94,0,10.4026941671739,0
"1386",2004,58,17,87.743,34.592,13.205,9.245,3.895,7.91,0.4759,2.85,0,10.4025405729163,0
"1387",2004,58,18,99.2885,0.253,0.345,0,0,6.57,0.5127,3.26,0,10.4110521294723,0
"1388",2004,58,19,110.7275,0.138,0,0,0,5.6,0.5459,3.145,0,10.4138690017532,0
"1389",2004,58,20,121.9115,0.023,0,0,0.23,3.695,0.62455,4.5,0,10.4139920621861,0
"1390",2004,58,21,132.332,0.046,0,0,0.04,2.045,0.7137,4.125,0,10.4141021181124,0
"1391",2004,58,22,141.114,0.161,0,0,0,1.25,0.75665,3.305,0,10.4142463401334,0
"1392",2004,58,23,146.7685,0.138,0,0,0,0.91,0.7494,3.065,0,10.4144183977552,0
"1393",2004,59,0,147.5795,0.437,0,0,0,0.085,0.7943,1.315,0,10.4146094735392,0
"1394",2004,59,1,143.2235,0.46,0,0,0.01,0.415,0.7638,4.05,0,10.4148116934225,0
"1395",2004,59,2,135.1915,0.368,0,0,0.06,-0.32,0.7819,3.935,0,10.41499838062,0
"1396",2004,59,3,125.1385,0.414,0,0,0,-0.06,0.7392,4.155,0,10.4151559058387,0
"1397",2004,59,4,114.1075,0.368,0,0,0,-0.055,0.7155,3.815,0,10.415275945003,0
"1398",2004,59,5,102.6855,0.437,0,0,0,-0.14,0.70865,3.525,0,10.4153493672819,0
"1399",2004,59,6,91.0975,19.228,9.155,5.535,3.635,-0.745,0.73465,3.095,0,10.4165995339748,0
"1400",2004,59,7,80.0595,254.932,96.825,125.065,45.765,-0.25,0.73735,2.85,0,10.4610489673168,0
"1401",2004,59,8,69.713,594.642,234.88,313.31,94.9,2.35,0.70545,3.245,0,10.4603317459445,0
"1402",2004,59,9,60.554,898.564,343.845,473.97,139.44,4.925,0.6169,4.345,0,10.4603118561572,0
"1403",2004,59,10,53.3545,1206.327,462.315,641.005,182.125,7.285,0.5387,5.9,0,10.4603115451595,0
"1404",2004,59,11,49.0505,1278.294,487.27,676.055,187.98,9.41,0.4642,6.49,0,10.4603116154917,0
"1405",2004,59,12,48.4415,1214.308,461.085,634.34,176.075,10.605,0.41045,6.355,0,10.4603118821105,0
"1406",2004,59,13,51.6605,1192.435,451.98,620.805,177.1,11.41,0.39245,5.585,0,10.4603116258189,0
"1407",2004,59,14,58.063,889.042,332.875,454.585,134.06,12.12,0.37505,5.155,0,10.460311842712,0
"1408",2004,59,15,66.701,615.894,229.615,308.4,96.41,12.16,0.3973,5.26,0,10.4603116310834,0
"1409",2004,59,16,76.7455,407.1,148.33,193.58,74.68,12.05,0.4025,5.155,0,10.4603117166934,0
"1410",2004,59,17,87.5415,36.271,13.715,9.21,4.31,10.4,0.5221,3.585,0,10.4602247979335,0
"1411",2004,59,18,99.0825,0.483,0.42,0,0,8.835,0.54075,4.305,0,10.4686742345007,0
"1412",2004,59,19,110.5205,0.345,0,0,0.055,7.255,0.5507,4.88,0,10.4718799816016,0
"1413",2004,59,20,121.6885,0.092,0,0,0.04,5.995,0.58285,4.715,0,10.4720148073673,0
"1414",2004,59,21,132.078,0.092,0,0,0,5.405,0.611,5.21,0,10.4721274327993,0
"1415",2004,59,22,140.813,0.023,0,0,0.005,5.04,0.609,4.125,0,10.4722712482155,0
"1416",2004,59,23,146.4145,0,0,0,0,4.405,0.6309,2.73,0,10.4724353503014,0
"1417",2004,60,0,147.201,0.023,0,0,0,4.185,0.6241,2.97,0,10.4726109809444,0
"1418",2004,60,1,142.866,0.322,0,0,0,3.88,0.6334,4.21,0,10.4727946472511,0
"1419",2004,60,2,134.867,0.069,0,0,0,3.75,0.64685,4.74,0,10.4729689883292,0
"1420",2004,60,3,124.8425,0.161,0,0,0,4.23,0.6329,3.765,0,10.473113006852,0
"1421",2004,60,4,113.826,0.161,0,0,0,4.265,0.6404,3.02,0,10.4732242353446,0
"1422",2004,60,5,102.41,0.253,0,0,0,3.685,0.69075,3.41,0,10.4732931830414,0
"1423",2004,60,6,90.7955,9.936,4.78,2.345,1.2,3.385,0.727,4.45,0,10.4734091252805,0
"1424",2004,60,7,79.769,121.532,46.645,55.47,16.015,4.255,0.7325,5.23,0,10.5013998112672,0
"1425",2004,60,8,69.4005,387.987,145.035,190.905,54.595,6.145,0.72155,4.945,0,10.5000123856894,0
"1426",2004,60,9,60.2155,690.483,259.015,350.845,99.935,8.765,0.68095,6.2,0,10.4999743683943,0
"1427",2004,60,10,52.9895,1027.157,385.945,531.13,150.245,11.225,0.6285,7.32,0,10.4999737805032,0
"1428",2004,60,11,48.671,1320.292,497.225,686.745,191.115,13.055,0.58815,9.155,0,10.4999739072345,0
"1429",2004,60,12,48.0695,1167.917,434.865,599.9,167.72,13.9,0.556,9.555,0,10.4999744143577,0
"1430",2004,60,13,51.32,886.236,327.635,443.735,124.25,14.07,0.545,8.14,0,10.4999737929846,0
"1431",2004,60,14,57.7645,780.505,289.345,391.925,114.07,14.385,0.5345,9.07,0,10.4999738609101,0
"1432",2004,60,15,66.4405,492.016,182.98,242.775,71.875,14.37,0.5451,8.745,0,10.4999740742901,0
"1433",2004,60,16,76.515,198.674,75.46,94.685,28.995,13.415,0.5865,6.335,0,10.4999738196548,0
"1434",2004,60,17,87.303,32.591,13.435,12.075,5.28,11.66,0.6046,6.145,0,10.4990697979892,0
"1435",2004,60,18,98.877,0.115,0.225,0,0.225,10.02,0.64475,5.155,0,10.4983094468426,0
"1436",2004,60,19,110.313,0.322,0,0,0.145,8.855,0.6769,4.485,0,10.5005337812779,0
"1437",2004,60,20,121.4655,0.414,0,0,0,8.9,0.65295,4.435,0,10.5006532025841,0
"1438",2004,60,21,131.823,0.276,0,0,0.09,8.74,0.65435,4.765,0,10.5007754936339,0
"1439",2004,60,22,140.509,0.368,0,0,0.07,8.415,0.6715,5.265,0,10.5009317644569,0
"1440",2004,60,23,146.059,0.414,0,0,0.025,8.415,0.6665,6.22,0,10.5011177851343,0
"1441",2004,61,0,146.82,0.161,0,0,0,8.365,0.69405,5.585,0.116416666666667,10.5013120416321,0
"1442",2004,61,1,142.5045,0.414,0,0,0.105,8.675,0.73675,7.17,0.116416666666667,10.5015036902214,0
"1443",2004,61,2,134.5395,0.46,0,0,0.05,8.265,0.85855,7.795,0.116416666666667,10.5016913057604,0
"1444",2004,61,3,124.541,0.46,0,0,0.04,8.42,0.9036,9.995,0.116416666666667,10.501853323716,0
"1445",2004,61,4,113.5425,0.46,0,0,0,8.37,0.92845,10.45,0.116416666666667,10.5019762139512,0
"1446",2004,61,5,102.131,0.46,0,0,0.075,8.825,0.9208,10.74,0.116416666666667,10.5020517237592,0
"1447",2004,61,6,90.5265,3.519,1.63,0,0.29,8.825,0.93015,9.555,0.116416666666667,10.5020868963374,0
"1448",2004,61,7,79.4765,36.271,13.425,9.86,2.88,9.365,0.9336,9.205,0.116416666666667,10.4634252027558,0
"1449",2004,61,8,69.0865,255.53,98.355,119.3,27.23,10.445,0.9226,9.59,0.116416666666667,10.4361639135271,0
"1450",2004,61,9,59.8755,285.614,105.91,131.24,31.675,11.4,0.89865,10.735,0.116416666666667,10.4354185885026,0
"1451",2004,61,10,52.6215,971.911,363.59,491.305,132.915,13.09,0.8318,12.995,0.116416666666667,10.4354065374991,0
"1452",2004,61,11,48.288,1247.428,463.595,637.055,177.51,14.59,0.74255,13.88,0.116416666666667,10.4354065082217,0
"1453",2004,61,12,47.6975,1363.371,506.89,697.67,195.22,15.465,0.68735,14.555,0.116416666666667,10.435406387949,0
"1454",2004,61,13,50.9805,1269.991,467.035,641.215,182.56,16.305,0.6535,14.655,0.116416666666667,10.4354064349248,0
"1455",2004,61,14,57.467,824.596,298.15,401.93,117.775,16.69,0.64005,14.09,0.116416666666667,10.4354065787439,0
"1456",2004,61,15,66.18,455.078,164.46,215.275,65.09,16.95,0.52165,14.085,0.116416666666667,10.4354070456319,0
"1457",2004,61,16,76.2835,185.679,68.63,84.845,26.955,16.145,0.558,13.195,0.116416666666667,10.4354064138297,0
"1458",2004,61,17,87.1025,26.91,10.735,8.19,4.045,15.36,0.60195,11.49,0.116416666666667,10.4321667234023,0
"1459",2004,61,18,98.673,0.207,0.245,0,0.215,14.66,0.6481,9.92,0.116416666666667,10.4327451514965,0
"1460",2004,61,19,110.104,0.023,0,0,0.825,13.05,0.62855,7.69,0.116416666666667,10.4341226024984,0
"1461",2004,61,20,121.24,0,0,0,0.745,10.605,0.5707,6.38,0.116416666666667,10.434216711314,0
"1462",2004,61,21,131.567,0,0,0,0.345,9.205,0.6247,7.355,0.116416666666667,10.4343245441483,0
"1463",2004,61,22,140.2045,0.023,0,0,0.125,8.61,0.64995,8.21,0.116416666666667,10.4344646994155,0
"1464",2004,61,23,145.7,0.023,0,0,0.135,8.33,0.6628,8.795,0.116416666666667,10.4346282788571,0
"1465",2004,62,0,146.4375,0,0,0,0,8.75,0.65255,8.38,0,10.4348047222381,0
"1466",2004,62,1,142.1395,0,0,0,0.44,8.24,0.64935,10.615,0,10.4349793414227,0
"1467",2004,62,2,134.209,0,0,0,0.09,7.78,0.67555,9.16,0,10.4351419064175,0
"1468",2004,62,3,124.2375,0,0,0,0.07,7.52,0.7121,8.6,0,10.435281164881,0
"1469",2004,62,4,113.254,0.023,0,0,0.085,7.265,0.74785,8.06,0,10.4353873837746,0
"1470",2004,62,5,101.848,0.184,0,0,0.3,6.785,0.7941,6.385,0,10.4354547266728,0
"1471",2004,62,6,90.2175,21.919,9.125,7.47,3.355,5.89,0.8414,4.675,0,10.4381360696498,0
"1472",2004,62,7,79.181,246.744,97.055,124.99,44.21,6.475,0.8488,4.32,0,10.4836454816087,0
"1473",2004,62,8,68.768,488.727,185.02,247.775,77.435,7.645,0.80885,5.965,0,10.4829774306835,0
"1474",2004,62,9,59.53,477.641,178.26,236.61,65.625,8.56,0.76125,5.595,0,10.482958715253,0
"1475",2004,62,10,52.253,804.77,302.905,411.165,112.605,9.415,0.707,4.715,0,10.482958427266,0
"1476",2004,62,11,47.9045,1000.776,376.625,510.6,139.69,10.21,0.6527,5.185,0,10.482958510658,0
"1477",2004,62,12,47.3225,1093.236,409.87,558.705,150.86,10.83,0.612,6,0,10.4829588319937,0
"1478",2004,62,13,50.64,523.388,191.93,253.2,67.5,10.84,0.6107,5.23,0,10.4829584788724,0
"1479",2004,62,14,57.1665,471.914,173.73,228.465,61.93,11.1,0.60675,4.955,0,10.4829586226538,0
"1480",2004,62,15,65.9215,438.288,162.35,214.87,63.97,11.455,0.5973,4.655,0,10.4829590939323,0
"1481",2004,62,16,76.0535,184.529,68.74,84.82,25.285,11.305,0.6177,4.455,0,10.4829584511079,0
"1482",2004,62,17,86.862,26.151,10.5,7.735,3.305,10.64,0.6609,3.415,0,10.4792167007551,0
"1483",2004,62,18,98.4675,0.138,0.245,0,0.405,9.575,0.71575,3.905,0,10.4797908301316,0
"1484",2004,62,19,109.895,0.184,0,0,0.565,7.465,0.7924,3.96,0,10.4810831562191,0
"1485",2004,62,20,121.0165,0.069,0,0,0.18,6.185,0.8199,3.58,0,10.4811792548171,0
"1486",2004,62,21,131.3085,0.437,0,0,0.025,5.285,0.8252,3.62,0,10.4812964352653,0
"1487",2004,62,22,139.897,0.46,0,0,0.02,4.73,0.8453,3.12,0,10.481459270674,0
"1488",2004,62,23,145.3395,0.437,0,0,0.07,3.615,0.886,2.875,0,10.4816497334188,0
"1489",2004,63,0,146.053,0.437,0,0,0.015,3.585,0.8604,3.035,0,10.4818520408352,0
"1490",2004,63,1,141.773,0.437,0,0,0,3.055,0.8824,1.92,0,10.4820545009532,0
"1491",2004,63,2,133.8745,0.437,0,0,0,2.84,0.88975,0.65,0,10.4822427847676,0
"1492",2004,63,3,123.9315,0.46,0,0,0,2.365,0.9139,0.58,0,10.4824034933476,0
"1493",2004,63,4,112.964,0.46,0,0,0,2.1,0.92395,0.77,0,10.4825264493963,0
"1494",2004,63,5,101.5635,0.46,0,0,0,1.98,0.9278,1.305,0,10.4826017999481,0
"1495",2004,63,6,89.945,4.738,2.565,0.245,0.45,2.075,0.93795,1.66,0,10.4826446679242,0
"1496",2004,63,7,78.883,69.874,27.05,28.905,7.875,2.54,0.9391,1.045,0,10.4861719412053,0
"1497",2004,63,8,68.4485,141.749,52.53,61.465,16.09,3.63,0.91705,0.935,0,10.4825130811771,0
"1498",2004,63,9,59.1865,204.125,73,88.59,22.885,4.29,0.8768,1.5,0,10.4824108627402,0
"1499",2004,63,10,51.8815,357.765,125.13,160.595,42.315,4.99,0.8291,2.74,0,10.4824092405903,0
"1500",2004,63,11,47.5165,783.817,283.565,378.655,101.2,6.33,0.74985,3.65,0,10.4824092577596,0
"1501",2004,63,12,46.947,792.235,285.705,381.225,101.48,7.62,0.7145,3.395,0,10.4824092116852,0
"1502",2004,63,13,50.2965,541.995,194.31,252.655,66.225,8.39,0.71975,3.62,0,10.4824092233346,0
"1503",2004,63,14,56.87,458.965,166.005,215.635,57.72,9.455,0.7391,3.57,0,10.4824092412654,0
"1504",2004,63,15,65.663,248.584,90.52,113.025,30.62,9.78,0.76635,3.315,0,10.4824092829768,0
"1505",2004,63,16,75.8255,104.443,38.19,42.57,12.195,9.735,0.79345,1.825,0,10.4824093930206,0
"1506",2004,63,17,86.6645,9.108,3.975,0.45,1.11,9.34,0.8322,1.755,0,10.4571340832191,0
"1507",2004,63,18,98.263,0.46,0.41,0,0.045,8.785,0.87275,1.455,0,10.4603191214873,0
"1508",2004,63,19,109.6875,0.46,0,0,0,8.125,0.93535,1.42,0,10.4607789514305,0
"1509",2004,63,20,120.7895,0.46,0,0,0,7.875,0.9585,2.375,0,10.4608680110688,0
"1510",2004,63,21,131.0505,0.46,0,0,0.005,7.885,0.96995,3.83,0,10.4609949410154,0
"1511",2004,63,22,139.5885,0.46,0,0,0.01,7.82,0.97375,3.61,0,10.4611592693423,0
"1512",2004,63,23,144.9775,0.46,0,0,0.005,7.815,0.974,1.475,0,10.4613502573305,0
"1513",2004,64,0,145.6665,0.46,0,0,0.045,7.79,0.9747,1.645,1.53458333333333,10.4615544679605,0
"1514",2004,64,1,141.402,0.46,0,0,0.08,7.67,0.976,3.005,1.53458333333333,10.4617577112015,0
"1515",2004,64,2,133.537,0.46,0,0,0.02,7.565,0.97685,2.35,1.53458333333333,10.4619475066069,0
"1516",2004,64,3,123.6215,0.46,0,0,0.125,7.395,0.97605,2.495,1.53458333333333,10.4621087801496,0
"1517",2004,64,4,112.6705,0.46,0,0,0.03,7.2,0.9764,2.84,1.53458333333333,10.4622310210966,0
"1518",2004,64,5,101.2755,0.46,0.04,0,0.015,7.2,0.9763,2.92,1.53458333333333,10.4623057992641,0
"1519",2004,64,6,89.632,7.061,3.265,0.45,0.635,7.13,0.976,3.08,1.53458333333333,10.4623692555934,0
"1520",2004,64,7,78.5835,47.909,17.985,14.595,3.985,7.325,0.976,3.765,1.53458333333333,10.4399839356699,0
"1521",2004,64,8,68.1275,101.614,36.595,37.575,8.185,7.71,0.9736,4.51,1.53458333333333,10.430979087129,0
"1522",2004,64,9,58.8385,164.289,58.19,65.055,12.87,8.04,0.967,5.31,1.53458333333333,10.4307279332735,0
"1523",2004,64,10,51.507,153.686,53.855,58.595,11.525,8.49,0.9456,6.705,1.53458333333333,10.4307239049692,0
"1524",2004,64,11,47.1295,163.737,56.94,62.205,11.655,8.765,0.9408,6.595,1.53458333333333,10.4307238323536,0
"1525",2004,64,12,46.5705,99.222,31.755,31.815,5.8,8.795,0.9482,5.67,1.53458333333333,10.430723850636,0
"1526",2004,64,13,49.956,89.608,28.825,28.58,5.32,8.775,0.9578,5.2,1.53458333333333,10.430723883169,0
"1527",2004,64,14,56.5725,52.463,16.355,14.07,2.895,8.715,0.96405,7.07,1.53458333333333,10.4306329494577,0
"1528",2004,64,15,65.405,45.908,14.82,12.35,2.635,8.865,0.9663,7.975,1.53458333333333,10.4259689677428,0
"1529",2004,64,16,75.5975,18.883,6.885,2.485,0.955,9.415,0.9691,7.365,1.53458333333333,10.2058812909104,0
"1530",2004,64,17,86.466,6.693,3.04,0.205,0.36,10.035,0.9752,7.015,1.53458333333333,10.1819071264487,0
"1531",2004,64,18,98.058,0.506,0.17,0,0.045,10.255,0.9793,6.445,1.53458333333333,10.1819198962088,0
"1532",2004,64,19,109.478,0.46,0,0,0.015,11.215,0.9818,5.53,1.53458333333333,10.1819618157151,0
"1533",2004,64,20,120.563,0.46,0,0,0.185,11.69,0.9807,5.1,1.53458333333333,10.1820447061558,0
"1534",2004,64,21,130.79,0.46,0,0,0.06,12.085,0.97065,5.34,1.53458333333333,10.1821730165197,0
"1535",2004,64,22,139.2785,0.46,0,0,0.175,13.735,0.89345,6.52,1.53458333333333,10.1823382863492,0
"1536",2004,64,23,144.6135,0.46,0,0,0,14.915,0.8634,8.955,1.53458333333333,10.1825291732911,0
"1537",2004,65,0,145.278,0.46,0,0,0.09,15.3,0.90275,12.33,0.15875,10.1827325631253,0
"1538",2004,65,1,141.0305,0.46,0,0,0.065,15.41,0.8966,8.93,0.15875,10.1829351912574,0
"1539",2004,65,2,133.197,0.46,0,0,0,16.06,0.86195,10.515,0.15875,10.1831221075657,0
"1540",2004,65,3,123.3085,0.46,0,0,0.485,16.405,0.8745,13.065,0.15875,10.1832809971068,0
"1541",2004,65,4,112.3725,0.46,0,0,0.99,15.57,0.8896,11.645,0.15875,10.1834005565068,0
"1542",2004,65,5,100.985,0.46,0.035,0,0.33,14.95,0.79725,12.285,0.15875,10.1834724375712,0
"1543",2004,65,6,89.355,34.201,13.765,11.4,4.335,14.115,0.7835,12.63,0.15875,10.2221028109984,0
"1544",2004,65,7,78.2805,306.843,121.145,146.24,41.11,14.23,0.7642,14.15,0.15875,10.2518469784664,0
"1545",2004,65,8,67.804,603.405,234.295,295.905,74.795,14.965,0.72985,16.795,0.15875,10.2515094857342,0
"1546",2004,65,9,58.4885,626.612,241.275,305.845,72.655,15.295,0.72955,17.55,0.15875,10.2514998207774,0
"1547",2004,65,10,51.131,1142.042,434.89,574.02,141.165,15.8,0.6899,18.175,0.15875,10.2514997152021,0
"1548",2004,65,11,46.7395,1406.657,531.535,712.02,177.995,15.985,0.671,16.26,0.15875,10.2514999290135,0
"1549",2004,65,12,46.1925,1160.879,432.11,579.56,149.24,16.055,0.6715,14.925,0.15875,10.2514997989116,0
"1550",2004,65,13,49.6135,851.713,313.73,416.205,108.78,15.59,0.6671,13.33,0.15875,10.2514997514023,0
"1551",2004,65,14,56.2765,1085.761,392.785,528.67,147.575,14.455,0.6724,11.745,0.15875,10.2514996967432,0
"1552",2004,65,15,65.149,774.042,275.415,369.27,111.005,12.87,0.6958,9.44,0.15875,10.2514997304955,0
"1553",2004,65,16,75.3705,416.599,146.74,192.535,64.95,11.395,0.7283,8.48,0.15875,10.2514998167976,0
"1554",2004,65,17,86.2275,84.042,29.49,33.195,16.365,8.94,0.76175,9.86,0.15875,10.2515000023053,0
"1555",2004,65,18,97.8545,0.759,0.29,0,0.745,7.125,0.7893,7.81,0.15875,10.3208324577658,0
"1556",2004,65,19,109.269,0.46,0,0,0.17,6.195,0.8087,4.91,0.15875,10.3463921700074,0
"1557",2004,65,20,120.336,0.437,0,0,0,5.96,0.8119,3.96,0.15875,10.3469270873704,0
"1558",2004,65,21,130.528,0.276,0,0,0.025,5.8,0.78915,5.05,0.15875,10.3470573022607,0
"1559",2004,65,22,138.9685,0.299,0,0,0.02,5.57,0.78145,4.27,0.15875,10.3472129275229,0
"1560",2004,65,23,144.2505,0.207,0,0,0.025,5.34,0.7959,3.43,0.15875,10.3473915676296,0
"1561",2004,66,0,144.888,0.161,0,0,0.05,5.01,0.7982,3.635,0,10.3475775151051,0
"1562",2004,66,1,140.656,0.23,0,0,0,4.855,0.8002,3.715,0,10.3477625519858,0
"1563",2004,66,2,132.855,0.115,0,0,0.03,4.565,0.80315,4.41,0,10.3479333518675,0
"1564",2004,66,3,122.993,0.391,0,0,0,4.44,0.81985,4.03,0,10.3480809187927,0
"1565",2004,66,4,112.075,0.115,0,0,0.04,4.355,0.8163,5.28,0,10.3481936311559,0
"1566",2004,66,5,100.6925,0.138,0.075,0,0.02,4.025,0.80815,5.44,0,10.3482583627378,0
"1567",2004,66,6,89.037,14.306,6.545,4.235,2.06,3.94,0.8014,3.795,0,10.3485553108074,0
"1568",2004,66,7,77.976,114.747,44.305,51.02,13.77,4.115,0.81685,3.245,0,10.3790075707708,0
"1569",2004,66,8,67.4785,279.841,106.02,134.23,34.95,4.585,0.815,6.415,0,10.3777691472107,0
"1570",2004,66,9,58.1365,547.538,207.495,272.49,70.685,4.97,0.77825,7.37,0,10.377735007944,0
"1571",2004,66,10,50.755,642.804,242.2,320.31,83.81,5.61,0.71655,7.99,0,10.3777344504344,0
"1572",2004,66,11,46.3495,695.658,262.13,347.885,90.49,6.06,0.69155,7.37,0,10.3777345125152,0
"1573",2004,66,12,45.814,802.861,304,405.09,106.175,6.665,0.66075,7.085,0,10.3777347410129,0
"1574",2004,66,13,49.2725,842.881,316.355,424.885,113.86,7.3,0.61035,7.02,0,10.3777345707905,0
"1575",2004,66,14,55.9785,962.113,360.335,488.145,138.935,7.765,0.58005,6.245,0,10.377734560261,0
"1576",2004,66,15,64.891,802.309,297.145,399.65,124.41,8.475,0.5523,5.015,0,10.3777344665135,0
"1577",2004,66,16,75.1435,395.094,143.79,187.36,66.5,8.69,0.55205,5.035,0,10.3777344751996,0
"1578",2004,66,17,86.031,83.628,33.325,36.5,15.835,7.8,0.65345,5.05,0,10.3777344863668,0
"1579",2004,66,18,97.6505,0.506,0.505,0,0.29,6.07,0.7548,4.18,0,10.438730675055,0
"1580",2004,66,19,109.06,0.138,0,0,0.015,5.225,0.78835,4.965,0,10.4620288049016,0
"1581",2004,66,20,120.109,0.069,0,0,0,4.72,0.7914,4.73,0,10.4625298590445,0
"1582",2004,66,21,130.2665,0.069,0,0,0,4.41,0.79455,5.08,0,10.4626473739613,0
"1583",2004,66,22,138.656,0.115,0,0,0.005,3.915,0.807,4.435,0,10.462792008108,0
"1584",2004,66,23,143.884,0.207,0,0,0,3.585,0.8083,5.055,0,10.4629646350383,0
"1585",2004,67,0,144.496,0.276,0,0,0,4.03,0.80535,6.05,0,10.4631537908965,0
"1586",2004,67,1,140.279,0.46,0,0,0,5.72,0.77455,7.655,0,10.4633499906833,0
"1587",2004,67,2,132.51,0.46,0,0,0,6.995,0.7512,7.525,0,10.463538367254,0
"1588",2004,67,3,122.6755,0.276,0,0,0.12,7.715,0.7134,8.34,0,10.463694950337,0
"1589",2004,67,4,111.7725,0.023,0,0,0.22,7.005,0.68875,8.34,0,10.4638056468308,0
"1590",2004,67,5,100.397,0.184,0.06,0,0.33,6.16,0.6858,9.81,0,10.4638708669175,0
"1591",2004,67,6,88.7555,36.041,14.4,13.425,5.54,5.02,0.6871,10.345,0,10.5065023194879,0
"1592",2004,67,7,77.668,296.907,115.22,149.605,50.545,4.96,0.7025,9.725,0,10.526554210159,0
"1593",2004,67,8,67.151,728.157,280.29,379.79,115.67,5.795,0.6834,11.74,0,10.5262118202094,0
"1594",2004,67,9,57.7835,1017.888,391.64,534.23,151.98,6.18,0.6457,14.345,0,10.5262030417024,0
"1595",2004,67,10,50.377,1138.891,440.25,599.03,163.06,6.195,0.62395,15.09,0,10.5262029974456,0
"1596",2004,67,11,45.9585,1290.737,498.43,676.53,179.175,6.68,0.6029,14.155,0,10.5262029392975,0
"1597",2004,67,12,45.4345,1144.25,439.505,597.035,161.115,7.595,0.56455,15.18,0,10.5262030180688,0
"1598",2004,67,13,48.9315,1238.458,475.655,646.39,175.865,8.295,0.5083,16.045,0,10.5262029196121,0
"1599",2004,67,14,55.684,1023.822,386.93,526.76,152.285,8.035,0.4774,16.935,0,10.5262029348296,0
"1600",2004,67,15,64.6365,537.165,200.84,268.235,80.435,7.15,0.4652,17.24,0,10.526202966828,0
"1601",2004,67,16,74.9175,355.074,132.085,173.745,61.305,6.555,0.4806,15.865,0,10.5262030467331,0
"1602",2004,67,17,85.833,76.843,28.325,30.765,14.845,5.53,0.53685,11.645,0,10.5262031989512,0
"1603",2004,67,18,97.4475,0.529,0.505,0,0.545,4.5,0.5939,10.74,0,10.5797661871408,0
"1604",2004,67,19,108.851,0.046,0,0,0.765,2.865,0.59985,10.35,0,10.5988553886607,0
"1605",2004,67,20,119.8805,0.207,0,0,0.09,1.965,0.62085,8.665,0,10.5992920743115,0
"1606",2004,67,21,130.004,0.184,0,0,0.01,1.88,0.64075,6.98,0,10.599413934846,0
"1607",2004,67,22,138.342,0.207,0,0,0.05,1.86,0.6426,8.73,0,10.5995649726926,0
"1608",2004,67,23,143.5175,0.161,0,0,0.17,1.565,0.65035,8.82,0,10.5997398718682,0
"1609",2004,68,0,144.105,0.207,0,0,0.1,1.24,0.67845,7.39,0,10.5999259504053,0
"1610",2004,68,1,139.9005,0.253,0,0,0.06,1.095,0.68415,7.115,0,10.6001151279994,0
"1611",2004,68,2,132.1615,0.184,0,0,0.18,0.78,0.70475,5.795,0,10.6002903891784,0
"1612",2004,68,3,122.353,0.23,0,0,0.1,0.39,0.7264,6.025,0,10.6004379869536,0
"1613",2004,68,4,111.469,0.138,0,0,0.11,0.14,0.73125,5.785,0,10.6005494750889,0
"1614",2004,68,5,100.0995,0.138,0.12,0,0.15,-0.17,0.7337,5.84,0,10.600616043953,0
"1615",2004,68,6,88.4345,37.237,14.375,13.065,4.825,-0.63,0.7507,5.1,0,10.6442810365092,0
"1616",2004,68,7,77.3615,322.552,132.08,171.44,57.995,-0.075,0.70805,4.96,0,10.659224724897,0
"1617",2004,68,8,66.821,484.771,189.59,252.375,73.01,0.48,0.6837,5.71,0,10.6588857735335,0
"1618",2004,68,9,57.431,951.671,373.875,504.74,140.125,1.05,0.66895,4.725,0,10.6588775839641,0
"1619",2004,68,10,49.995,1218.333,474.88,644.28,172.425,2.12,0.63165,4.74,0,10.6588776053644,0
"1620",2004,68,11,45.562,1374.526,533.68,726.03,191.325,3.575,0.58225,4.185,0,10.6588774569081,0
"1621",2004,68,12,45.0535,1134.981,431.14,585.635,155.725,5.035,0.50435,5.15,0,10.6588774846879,0
"1622",2004,68,13,48.5905,766.59,285.635,380.27,99.86,5.78,0.44215,5.295,0,10.6588775621118,0
"1623",2004,68,14,55.3885,371.634,134.9,171.68,43.895,5.94,0.42735,5.285,0,10.6588778215209,0
"1624",2004,68,15,64.3815,174.501,61.455,73.78,19.615,5.62,0.45555,5.925,0,10.6588775237621,0
"1625",2004,68,16,74.694,87.193,30.255,33.095,9.975,2.915,0.71365,4.575,0,10.6588776195544,0
"1626",2004,68,17,85.599,25.047,10.105,7.105,3.695,1.31,0.89795,3.36,0,10.6413448624185,0
"1627",2004,68,18,97.2445,0.552,0.51,0,0.06,0.94,0.9386,3.57,0,10.638728946976,0
"1628",2004,68,19,108.6425,0.46,0,0,0,1.18,0.9223,3.805,0,10.6397511519995,0
"1629",2004,68,20,119.651,0.368,0,0,0,1.32,0.90535,3.86,0,10.6398527913226,0
"1630",2004,68,21,129.7405,0.437,0,0,0,1.465,0.898,3.88,0,10.6399798063768,0
"1631",2004,68,22,138.026,0.368,0,0,0,1.5,0.8912,3.93,0,10.640143944542,0
"1632",2004,68,23,143.149,0.368,0,0,0,1.595,0.8875,3.335,0,10.6403305499053,0
"1633",2004,69,0,143.7105,0.276,0,0,0,1.64,0.88135,3.605,0,10.6405279520203,0
"1634",2004,69,1,139.521,0.368,0,0,0.02,1.575,0.89425,4.065,0,10.6407221663288,0
"1635",2004,69,2,131.8115,0.414,0,0,0.29,1.215,0.89995,5.79,0,10.640906754469,0
"1636",2004,69,3,122.0305,0.437,0,0,0.12,0.63,0.91965,5.11,0,10.6410647436552,0
"1637",2004,69,4,111.163,0.437,0,0,0.08,0.78,0.8845,4.675,0,10.6411845757763,0
"1638",2004,69,5,99.8005,0.414,0.19,0,0.085,0.655,0.8521,4.95,0,10.6412563393425,0
"1639",2004,69,6,88.15,46.805,21.095,21.74,9.29,0.48,0.8051,5.54,0,10.7076614764482,0
"1640",2004,69,7,77.0495,299.161,122.29,156.455,49.745,0.475,0.80525,6.38,0,10.7131628860132,0
"1641",2004,69,8,66.4915,691.311,276.63,366.665,105.6,0.995,0.73295,7.77,0,10.7129909900065,0
"1642",2004,69,9,57.0745,871.999,339.855,460.995,128.81,1.77,0.63095,8.505,0,10.7129870527533,0
"1643",2004,69,10,49.6125,587.696,220.395,294.38,78.555,1.62,0.6583,8.7,0,10.7129872395444,0
"1644",2004,69,11,45.1705,669.76,254.45,337.58,89.115,2.345,0.5878,7.97,0,10.7129871154404,0
"1645",2004,69,12,44.6735,586.983,221.115,291.62,76.645,2.745,0.56,7.47,0,10.7129875399615,0
"1646",2004,69,13,48.2485,523.066,196.16,258.49,68.73,3.26,0.54595,6.74,0,10.7129870303206,0
"1647",2004,69,14,55.094,350.083,131.6,170.07,45.485,3.385,0.55025,6.565,0,10.7129871146557,0
"1648",2004,69,15,64.1295,172.017,64.8,78.965,21.78,3.345,0.5811,5.765,0,10.7129873770699,0
"1649",2004,69,16,74.4685,132.618,50.535,59.84,17.925,3.27,0.59105,5.88,0,10.7129870340166,0
"1650",2004,69,17,85.4035,39.376,16.045,14.535,5.815,2.825,0.6381,4.31,0,10.7127108072559,0
"1651",2004,69,18,97.0415,0.552,0.65,0,0.09,2.495,0.6535,3.365,0,10.7244662662105,0
"1652",2004,69,19,108.4325,0,0,0,0.085,1.635,0.66965,2.83,0,10.7284115531799,0
"1653",2004,69,20,119.4225,0.046,0,0,0.01,0.585,0.7244,2.5,0,10.7285612058043,0
"1654",2004,69,21,129.4755,0.069,0,0,0,0.63,0.712,2.51,0,10.7286760260398,0
"1655",2004,69,22,137.71,0.023,0,0,0,-0.015,0.73545,2.615,0,10.7288220970466,0
"1656",2004,69,23,142.78,0.069,0,0,0,-1.14,0.77725,3.015,0,10.728990173511,0
"1657",2004,70,0,143.316,0.207,0,0,0,-1.47,0.7975,1.435,0,10.72917387341,0
"1658",2004,70,1,139.139,0.092,0,0,0,-1.565,0.7995,2.145,0,10.7293585440899,0
"1659",2004,70,2,131.4605,0.023,0,0,0,-1.93,0.8174,2.735,0,10.7295247244191,0
"1660",2004,70,3,121.705,0.023,0,0,0,-2.58,0.84575,3.465,0,10.729662949324,0
"1661",2004,70,4,110.854,0,0,0,0,-2.635,0.85045,2.73,0,10.729766754016,0
"1662",2004,70,5,99.4995,0.092,0.295,0,0,-2.975,0.87005,1.755,0,10.7298291998053,0
"1663",2004,70,6,87.8265,57.362,24.445,24.615,11.555,-2.87,0.86805,2.595,0,10.8058827662692,0
"1664",2004,70,7,76.7385,388.033,143.955,191.905,66.245,-1.07,0.8318,4.365,0,10.8081386562922,0
"1665",2004,70,8,66.1605,749.639,293.42,394.235,114.805,1.09,0.7612,6.085,0,10.8080336210387,0
"1666",2004,70,9,56.7165,1090.108,418.055,574.945,162.525,2.67,0.6376,8.11,0,10.8080313366044,0
"1667",2004,70,10,49.2315,1334.23,513.51,705.07,191.055,3.81,0.5802,8.565,0,10.8080312980897,0
"1668",2004,70,11,44.772,1472.552,568.5,777.75,206.205,4.865,0.56245,8.885,0,10.8080313646003,0
"1669",2004,70,12,44.2915,1488.836,573.225,782.145,207.655,5.945,0.54945,8.725,0,10.808031610157,0
"1670",2004,70,13,47.908,1387.406,529.86,722.78,196.71,6.935,0.52165,9.56,0,10.8080313955119,0
"1671",2004,70,14,54.8015,1124.608,421.9,575.985,165.085,7.75,0.501,9.815,0,10.8080315352844,0
"1672",2004,70,15,63.878,795.938,294.02,397.96,122.965,8.355,0.48485,10.34,0,10.8080313346074,0
"1673",2004,70,16,74.2475,470.925,171.415,226.61,82.65,8.355,0.4742,10.48,0,10.8080313111797,0
"1674",2004,70,17,85.208,70.679,25.47,25.685,11.55,7.285,0.52065,9.115,0,10.8080312280104,0
"1675",2004,70,18,96.8395,0.966,0.555,0,0.25,6.17,0.5784,7.605,0,10.8526433367194,0
"1676",2004,70,19,108.2225,0.023,0,0,0.06,5.78,0.6282,6.43,0,10.8681320904266,0
"1677",2004,70,20,119.192,0.046,0,0,0.15,5.235,0.67115,4.845,0,10.868514587587,0
"1678",2004,70,21,129.208,0,0,0,0.005,4.935,0.69705,5.51,0,10.8686322418469,0
"1679",2004,70,22,137.3935,0.046,0,0,0,5.26,0.683,6.415,0,10.868777367459,0
"1680",2004,70,23,142.4095,0.023,0,0,0,5.25,0.7023,6.125,0,10.8689459121423,0
"1681",2004,71,0,142.92,0.115,0,0,0,5.5,0.6909,6.845,0,10.8691264727364,0
"1682",2004,71,1,138.7535,0.115,0,0,0,5.85,0.669,6.95,0,10.8693086442546,0
"1683",2004,71,2,131.105,0.023,0,0,0.34,5.905,0.6926,7.97,0,10.8694753969215,0
"1684",2004,71,3,121.377,0.023,0,0,0.42,4.38,0.77615,6.345,0,10.8696135136421,0
"1685",2004,71,4,110.5425,0,0,0,0.42,3.435,0.75525,5.275,0,10.8697170435637,0
"1686",2004,71,5,99.1955,0.138,0.295,0,0.45,1.72,0.7944,4.205,0,10.8697795248241,0
"1687",2004,71,6,87.5395,56.856,23.34,24.14,10.28,1.05,0.8074,4.8,0,10.938232447032,0
"1688",2004,71,7,76.425,369.265,144.155,191.63,65.69,2.425,0.7639,6.24,0,10.9396432945765,0
"1689",2004,71,8,65.829,757.482,291.305,397.905,120.875,4.53,0.64125,9.59,0,10.9395273336812,0
"1690",2004,71,9,56.359,1094.639,423.16,578.475,162.805,5.77,0.5132,11.775,0,10.9395249245987,0
"1691",2004,71,10,48.8465,1386.417,537.31,735.115,197.985,6.515,0.46515,14.205,0,10.9395249016783,0
"1692",2004,71,11,44.3765,1095.996,418.815,568.43,149.82,6.64,0.4655,14.205,0,10.9395250261844,0
"1693",2004,71,12,43.9105,1306.561,502.82,684.515,183.17,6.645,0.45885,15.485,0,10.9395255133605,0
"1694",2004,71,13,47.567,1107.91,423.64,574.44,155.595,6.9,0.43665,15.965,0,10.9395249136614,0
"1695",2004,71,14,54.5115,1099.837,415.18,566.64,162.225,5.81,0.46175,14.805,0,10.9395249815497,0
"1696",2004,71,15,63.6255,853.944,315.24,430.45,135.415,2.4,0.50815,14.605,0,10.9395251874862,0
"1697",2004,71,16,74.0245,471.109,171.65,230.37,84.32,0.025,0.52105,14.815,0,10.9395249312319,0
"1698",2004,71,17,84.9765,111.964,39.805,46.925,24.725,-1.84,0.54695,13.325,0,10.9395249701122,0
"1699",2004,71,18,96.6375,1.311,0.575,0,0.635,-3.4,0.57365,11.36,0,10.9822988876476,0
"1700",2004,71,19,108.013,0.161,0,0,0.335,-4.085,0.59105,10.58,0,11.0111746263013,0
"1701",2004,71,20,118.961,0.368,0,0,0.27,-4.515,0.6007,10.545,0,11.011845236184,0
"1702",2004,71,21,128.9405,0.115,0,0,0.24,-4.885,0.5991,10.315,0,11.0119764300048,0
"1703",2004,71,22,137.0745,0.069,0,0,0.185,-5.255,0.6062,9.92,0,11.0121258848672,0
"1704",2004,71,23,142.0385,0.115,0,0,0.08,-5.305,0.6107,8.83,0,11.0122968517667,0
"1705",2004,72,0,142.5225,0.092,0,0,0,-4.955,0.6163,8.885,0,11.0124811440747,0
"1706",2004,72,1,138.369,0.115,0,0,0.205,-4.835,0.6427,7.385,0,11.0126629272323,0
"1707",2004,72,2,130.749,0.138,0,0,0.315,-5.3,0.6655,7.665,0,11.0128325370487,0
"1708",2004,72,3,121.048,0,0,0,0.49,-6.625,0.7186,6.24,0,11.0129743747357,0
"1709",2004,72,4,110.23,0,0,0,0.2,-7.095,0.7123,6.17,0,11.0130773047768,0
"1710",2004,72,5,98.892,0.138,0.275,0,0.32,-7.73,0.70235,6.625,0,11.0131399328352,0
"1711",2004,72,6,87.213,55.545,23.725,24.75,9.56,-7.795,0.71065,5.135,0,11.0737792403481,0
"1712",2004,72,7,76.1115,352.291,141.22,187.075,60.75,-7.39,0.68765,5.745,0,11.0744136028733,0
"1713",2004,72,8,65.4935,706.56,277.88,373.975,110.19,-6.57,0.6484,6.34,0,11.0742818786314,0
"1714",2004,72,9,56.0005,1098.825,433.14,587.675,163.39,-5.59,0.6097,6.15,0,11.0742792384606,0
"1715",2004,72,10,48.4615,1350.376,534.805,725.26,192.31,-4.3,0.5674,5.66,0,11.0742792007578,0
"1716",2004,72,11,43.978,1488.744,590.53,800.305,208.08,-2.84,0.5265,5.74,0,11.0742792828974,0
"1717",2004,72,12,43.5275,1507.075,595.335,805.695,209.92,-1.255,0.4809,5.685,0,11.07427959043,0
"1718",2004,72,13,47.228,1405.254,548.38,743.86,199.255,0.265,0.4385,6.39,0,11.0742792552923,0
"1719",2004,72,14,54.218,1183.235,453.675,616.43,174.29,1.585,0.40965,6.915,0,11.0742794033922,0
"1720",2004,72,15,63.375,866.571,325.735,440.665,136.44,2.34,0.3642,7.7,0,11.074279365414,0
"1721",2004,72,16,73.805,475.824,176.465,234.345,84.54,2.53,0.34245,6.755,0,11.0742792135274,0
"1722",2004,72,17,84.7825,117.116,44.165,49.67,25.135,2.03,0.38415,4.22,0,11.0742792201674,0
"1723",2004,72,18,96.435,1.288,1.195,0,0.17,0.705,0.4445,2.61,0,11.1115922668884,0
"1724",2004,72,19,107.8025,0.069,0,0,0,0.155,0.4357,1.73,0,11.1397607904446,0
"1725",2004,72,20,118.7295,0.276,0,0,0,-0.63,0.4859,1.055,0,11.1404393752725,0
"1726",2004,72,21,128.674,0.207,0,0,0.02,-1.52,0.5425,1.12,0,11.1405705295994,0
"1727",2004,72,22,136.7555,0.138,0,0,0,-1.715,0.5353,0.93,0,11.1407242303615,0
"1728",2004,72,23,141.665,0.115,0,0,0,-1.565,0.51845,2.295,0,11.1408981980425,0
"1729",2004,73,0,142.1245,0.184,0,0,0.025,-2.33,0.56775,2.135,0,11.1410849388446,0
"1730",2004,73,1,137.9825,0.322,0,0,0,-3.165,0.63035,2.165,0,11.1412754749138,0
"1731",2004,73,2,130.391,0.414,0,0,0,-3.195,0.6155,3.1,0,11.1414593439364,0
"1732",2004,73,3,120.717,0.322,0,0,0,-2.975,0.6002,2.985,0,11.1416156993055,0
"1733",2004,73,4,109.917,0.253,0,0,0.01,-3.495,0.6311,3.985,0,11.141729814946,0
"1734",2004,73,5,98.5855,0.299,0.46,0,0.005,-3.805,0.66545,4.1,0,11.1417973345429,0
"1735",2004,73,6,86.9215,70.058,29.85,32.01,14.07,-3.73,0.67805,4.195,0,11.2085997001544,0
"1736",2004,73,7,75.795,385.02,151.39,202.905,69.09,-1.47,0.6141,5.18,0,11.2084369034775,0
"1737",2004,73,8,65.159,771.65,297.565,408.13,123.545,0.6,0.5015,7.895,0,11.2083561960566,0
"1738",2004,73,9,55.64,1110.969,426.43,585.675,164.865,2.205,0.4424,8.63,0,11.2083546383213,0
"1739",2004,73,10,48.0765,1325.03,511.045,698.835,187.145,3.755,0.4025,7.905,0,11.208354641562,0
"1740",2004,73,11,43.5785,1436.511,552.805,754.54,198.44,5.39,0.3636,6.88,0,11.2083546063514,0
"1741",2004,73,12,43.1465,1423.079,546.11,742.33,195.63,6.685,0.3511,7.285,0,11.2083546213757,0
"1742",2004,73,13,46.888,1411.855,535.95,730.16,198.095,7.995,0.3666,8.47,0,11.2083546539068,0
"1743",2004,73,14,53.929,827.494,309.81,417.125,115.37,8.51,0.3887,8.595,0,11.2083547505135,0
"1744",2004,73,15,63.1275,447.35,168.78,219.1,59.5,8.545,0.39235,7.19,0,11.2083550462251,0
"1745",2004,73,16,73.5845,209.852,80.325,99.465,27.68,8.555,0.40955,5.915,0,11.2083546422221,0
"1746",2004,73,17,84.5875,50.623,20.555,20.09,7.25,7.505,0.4626,5.58,0,11.2083493799212,0
"1747",2004,73,18,96.234,0.782,0.59,0,0.415,5.915,0.5502,5.295,0,11.2192206476736,0
"1748",2004,73,19,107.5935,0.23,0,0,0.035,4.885,0.5987,4.825,0,11.2254632197588,0
"1749",2004,73,20,118.498,0.345,0,0,0,5.11,0.5971,4.735,0,11.2256838307859,0
"1750",2004,73,21,128.404,0.161,0,0,0,5.465,0.5907,4.66,0,11.2258100401333,0
"1751",2004,73,22,136.434,0.092,0,0,0,5.865,0.59415,5.54,0,11.225962165259,0
"1752",2004,73,23,141.293,0.092,0,0,0.26,5.57,0.68865,6.53,0,11.2261352810187,0
"1753",2004,74,0,141.727,0.345,0,0,0.25,4.51,0.8098,5.515,0.0529166666666667,11.2263256629299,0
"1754",2004,74,1,137.595,0.46,0,0,0.01,3.98,0.8763,5.525,0.0529166666666667,11.2265271942492,0
"1755",2004,74,2,130.033,0.46,0,0,0,3.9,0.88845,5.765,0.0529166666666667,11.2267162530779,0
"1756",2004,74,3,120.384,0.46,0,0,0,3.77,0.91815,6.63,0.0529166666666667,11.2268767503792,0
"1757",2004,74,4,109.6015,0.46,0,0,0,3.99,0.92055,6.915,0.0529166666666667,11.2269968134893,0
"1758",2004,74,5,98.278,0.46,0.31,0,0,4.305,0.93445,7.085,0.0529166666666667,11.2270678546972,0
"1759",2004,74,6,86.5945,6.923,3.355,0.52,0.49,4.605,0.92815,8.5,0.0529166666666667,11.2271041137007,0
"1760",2004,74,7,75.479,41.653,16.09,12.605,3.66,4.715,0.9324,8.565,0.0529166666666667,11.1532852943581,0
"1761",2004,74,8,64.823,684.043,279.375,354.83,87.9,5.67,0.8084,9.21,0.0529166666666667,11.1272133912859,0
"1762",2004,74,9,55.2795,1134.153,447.845,598.19,157.575,6.445,0.6684,11.01,0.0529166666666667,11.1266954895528,0
"1763",2004,74,10,47.6895,1382.921,537.295,733.69,196.405,6.655,0.5967,11.075,0.0529166666666667,11.1266879350474,0
"1764",2004,74,11,43.179,1513.239,586.075,802.155,212.68,7.545,0.55095,11.43,0.0529166666666667,11.1266878231764,0
"1765",2004,74,12,42.7635,1524.141,586.97,802.655,214.35,8.77,0.50275,12.33,0.0529166666666667,11.1266878438382,0
"1766",2004,74,13,46.5505,1421.446,542.935,741.74,202.935,9.8,0.4305,12.94,0.0529166666666667,11.1266878858481,0
"1767",2004,74,14,53.641,1208.282,454.105,621.54,179.56,9.905,0.378,13.465,0.0529166666666667,11.1266880077124,0
"1768",2004,74,15,62.88,884.465,326.3,444.68,139.685,9.88,0.34175,13.04,0.0529166666666667,11.1266883818584,0
"1769",2004,74,16,73.3655,498.594,180.31,241.02,87.495,9.37,0.34,12.255,0.0529166666666667,11.1266878691417,0
"1770",2004,74,17,84.3945,125.534,44.815,51.86,25.64,8.25,0.3946,8.625,0.0529166666666667,11.1266878867032,0
"1771",2004,74,18,95.998,1.541,0.91,0,0.605,6.34,0.48155,4.885,0.0529166666666667,11.1585620460822,0
"1772",2004,74,19,107.3835,0.069,0,0,0.085,4.765,0.54455,4.305,0.0529166666666667,11.1868349610335,0
"1773",2004,74,20,118.266,0.069,0,0,0.005,3.88,0.57695,4.355,0.0529166666666667,11.1875395838966,0
"1774",2004,74,21,128.134,0,0,0,0,3.49,0.58465,3.85,0.0529166666666667,11.1876618732112,0
"1775",2004,74,22,136.1135,0.046,0,0,0,2.585,0.625,2.98,0.0529166666666667,11.1878065323089,0
"1776",2004,74,23,140.9205,0.023,0,0,0,2.285,0.6277,3.015,0.0529166666666667,11.1879749657485,0
"1777",2004,75,0,141.328,0.023,0,0,0,2.07,0.6279,2.945,0,11.1881538301603,0
"1778",2004,75,1,137.209,0.046,0,0,0,2.235,0.61885,3.7,0,11.1883322382391,0
"1779",2004,75,2,129.673,0,0,0,0,1.64,0.6515,2.595,0,11.1884976057296,0
"1780",2004,75,3,120.0495,0,0,0,0,0.745,0.7102,1.215,0,11.1886365547615,0
"1781",2004,75,4,109.285,0.069,0,0,0,0.3,0.73025,2.05,0,11.1887424959313,0
"1782",2004,75,5,97.9685,0.368,0.585,0,0.005,0.635,0.70125,2.01,0,11.1888100985947,0
"1783",2004,75,6,86.3025,70.242,28.12,31.215,11.15,0.165,0.7271,2.375,0,11.2579083538944,0
"1784",2004,75,7,75.162,290.053,112.11,143.635,43.265,0.47,0.75815,4.085,0,11.2578715922154,0
"1785",2004,75,8,64.488,617.849,231.75,310.41,89.975,2.14,0.66955,4.815,0,11.2577927813866,0
"1786",2004,75,9,54.919,629.763,228.855,303.53,81.935,3.305,0.60385,3.54,0,11.257791247966,0
"1787",2004,75,10,47.303,547.078,193.765,252.12,65.395,3.73,0.5963,4.06,0,11.257791251913,0
"1788",2004,75,11,42.781,656.052,233.67,305.765,78.415,4.515,0.55785,3.185,0,11.2577912161269,0
"1789",2004,75,12,42.3835,444.406,155.77,199.075,50.55,5.065,0.52395,3.78,0,11.2577912309304,0
"1790",2004,75,13,46.212,566.858,203.42,264.18,68.115,5.64,0.48125,5.505,0,11.2577912624417,0
"1791",2004,75,14,53.354,421.728,152.325,195,51.005,5.915,0.4837,6.245,0,11.2577913553796,0
"1792",2004,75,15,62.635,308.223,112.635,142.32,38.255,5.87,0.49595,7.04,0,11.2577916397837,0
"1793",2004,75,16,73.1475,178.434,66.51,81.155,22.875,5.34,0.5234,8.22,0,11.2577912534079,0
"1794",2004,75,17,84.199,36.455,14.095,12.28,5.13,4.475,0.60135,7.405,0,11.2570735121651,0
"1795",2004,75,18,95.798,0.506,0.36,0,0.825,2.66,0.7753,9.48,0,11.2324854878616,0
"1796",2004,75,19,107.1725,0.138,0,0,0.375,1.41,0.8415,9.875,0,11.2348185247378,0
"1797",2004,75,20,118.0345,0.276,0,0,0.02,1.32,0.83455,8.205,0,11.23495000644,0
"1798",2004,75,21,127.864,0.322,0,0,0.34,0.86,0.90555,7.045,0,11.2350752814858,0
"1799",2004,75,22,135.7905,0.46,0,0,0,0.885,0.9388,6.435,0,11.23523923878,0
"1800",2004,75,23,140.5465,0.46,0,0,0.055,1.18,0.9299,6.94,0,11.2354346758393,0
"1801",2004,76,0,140.928,0.414,0,0,0.04,1.105,0.92115,6.785,0.264583333333333,11.2356413405522,0
"1802",2004,76,1,136.8185,0.437,0,0,0.105,0.85,0.9241,6.685,0.264583333333333,11.2358451721768,0
"1803",2004,76,2,129.31,0.46,0,0,0.115,0.735,0.9346,5.9,0.264583333333333,11.2360350098583,0
"1804",2004,76,3,119.713,0.46,0,0,0.055,0.405,0.95075,5.65,0.264583333333333,11.236196286199,0
"1805",2004,76,4,108.965,0.46,0,0,0.12,0.27,0.94445,6.815,0.264583333333333,11.2363176477263,0
"1806",2004,76,5,97.6595,0.552,0.255,0,0.11,-0.105,0.9662,6.945,0.264583333333333,11.2363910602203,0
"1807",2004,76,6,85.9735,31.142,4.565,8.1,9.285,-0.285,0.9759,7.175,0.264583333333333,11.2454848684288,0
"1808",2004,76,7,74.8445,239.775,31.635,97.03,74.895,-0.745,0.9759,8.51,0.264583333333333,11.2439355341891,0
"1809",2004,76,8,64.15,458.712,55.115,196.26,151.895,-0.945,0.97425,8.105,0.264583333333333,11.2431291715699,0
"1810",2004,76,9,54.557,765.785,98.875,337.745,251.8,-0.925,0.97175,8.215,0.264583333333333,11.2431133245225,0
"1811",2004,76,10,46.9135,774.042,118.17,337.99,230.435,-0.93,0.9614,8.285,0.264583333333333,11.243113094871,0
"1812",2004,76,11,42.3805,1118.467,277.015,546.455,272.32,-0.43,0.933,7.07,0.264583333333333,11.243113158441,0
"1813",2004,76,12,42,662.584,227.53,316.505,95.4,0.105,0.8921,6.115,0.264583333333333,11.2431133832245,0
"1814",2004,76,13,45.874,511.911,190.79,241.355,56.9,0.365,0.85565,6.01,0.264583333333333,11.2431132180944,0
"1815",2004,76,14,53.0685,387.665,147.17,180.51,40.24,1.15,0.8312,5.61,0.264583333333333,11.2431131832157,0
"1816",2004,76,15,62.3895,215.924,81.49,96.635,21.975,1.185,0.81535,4.63,0.264583333333333,11.2431131137792,0
"1817",2004,76,16,72.9305,122.912,46.435,51.995,12.37,1.26,0.81945,4.105,0.264583333333333,11.2431131251676,0
"1818",2004,76,17,84.0055,46.23,17.67,15.64,4.755,1.055,0.8366,4.295,0.264583333333333,11.2430510143636,0
"1819",2004,76,18,95.5625,4.002,0.815,0,0.14,0.835,0.8491,3.065,0.264583333333333,11.2426794389878,0
"1820",2004,76,19,106.963,3.128,0,0,0.045,0.715,0.84935,2.02,0.264583333333333,11.2481568241858,0
"1821",2004,76,20,117.801,3.059,0,0,0.02,0.615,0.85135,1.56,0.264583333333333,11.2484877527558,0
"1822",2004,76,21,127.5925,3.059,0,0,0.07,0.48,0.85405,1.96,0.264583333333333,11.2488019034031,0
"1823",2004,76,22,135.4665,3.013,0,0,0.065,0.325,0.86825,1.7,0.264583333333333,11.2492005716574,0
"1824",2004,76,23,140.1715,2.944,0,0,0.1,0.02,0.91015,2.735,0.264583333333333,11.2496524834531,0
"1825",2004,77,0,140.5285,2.967,0,0,0.055,-0.1,0.92455,2.06,0.0635,11.2501293852471,0
"1826",2004,77,1,136.4285,2.875,0,0,0.055,-0.19,0.94,2.33,0.0635,11.2505990035163,0
"1827",2004,77,2,128.947,2.783,0,0,0.035,-0.4,0.96445,2.875,0.0635,11.2510202527294,0
"1828",2004,77,3,119.3765,2.921,0,0,0.095,-0.425,0.9714,3.635,0.0635,11.2513775278645,0
"1829",2004,77,4,108.647,2.783,0,0,0.12,-0.58,0.97415,4.12,0.0635,11.2516481556284,0
"1830",2004,77,5,97.3485,2.76,0.33,0,0.055,-0.55,0.974,4.805,0.0635,11.2518057607653,0
"1831",2004,77,6,85.641,14.467,3.545,2.03,4.135,-0.36,0.97225,4.735,0.0635,11.252024245564,0
"1832",2004,77,7,74.525,56.442,13.825,23.345,17.575,-0.075,0.96925,4.365,0.0635,11.2049393403446,0
"1833",2004,77,8,63.814,228.137,56.275,100.075,51.905,0.27,0.9689,4.31,0.0635,11.1984784569904,0
"1834",2004,77,9,54.1965,275.54,92.755,125.01,40.055,1.235,0.96205,4.81,0.0635,11.1983486601643,0
"1835",2004,77,10,46.527,175.444,63.945,71.71,15.35,2.675,0.9166,5.08,0.0635,11.1983467854937,0
"1836",2004,77,11,41.98,282.785,106.455,126.82,26.885,3.42,0.8658,5.605,0.0635,11.1983467999034,0
"1837",2004,77,12,41.6175,454.825,176.48,217.83,47.83,3.95,0.84455,6.145,0.0635,11.1983467520852,0
"1838",2004,77,13,45.539,807.024,312.87,404.965,96.075,4.87,0.7762,6.945,0.0635,11.1983467646957,0
"1839",2004,77,14,52.783,727.927,272.545,361.34,94,5.185,0.7423,6.505,0.0635,11.1983467832821,0
"1840",2004,77,15,62.1465,452.939,167.73,219.87,59.37,5.53,0.72825,6.135,0.0635,11.1983468236855,0
"1841",2004,77,16,72.7165,270.825,100.075,126.185,36.935,5.96,0.72365,5.455,0.0635,11.1983469205455,0
"1842",2004,77,17,83.8115,55.614,20.985,20.245,6.415,5.945,0.7608,2.565,0.0635,11.1983459692285,0
"1843",2004,77,18,95.3685,3.45,1.05,0,0.02,5.485,0.81005,1.92,0.0635,11.2101827402238,0
"1844",2004,77,19,106.752,1.817,0,0,0,4.825,0.8289,1.68,0.0635,11.2183819370955,0
"1845",2004,77,20,117.566,1.909,0,0,0,4.05,0.84755,1.855,0.0635,11.2187063661245,0
"1846",2004,77,21,127.32,2.07,0,0,0,3.715,0.86205,2.51,0.0635,11.2189244379278,0
"1847",2004,77,22,135.1455,1.587,0,0,0,3.115,0.92345,1.89,0.0635,11.219191974773,0
"1848",2004,77,23,139.797,0.759,0,0,0.025,2.26,0.9467,1.225,0.0635,11.2194453225878,0
"1849",2004,78,0,140.1285,0.621,0,0,0,1.925,0.9563,1.025,0.03175,11.2196714793627,0
"1850",2004,78,1,136.0385,0.46,0,0,0.455,0.96,0.9621,2.035,0.03175,11.2198846631999,0
"1851",2004,78,2,128.5835,0.46,0,0,0.09,-0.325,0.97425,3.47,0.03175,11.2200757281929,0
"1852",2004,78,3,119.038,0.575,0,0,0.17,-1.265,0.97655,1.955,0.03175,11.2202410426284,0
"1853",2004,78,4,108.3265,1.104,0,0,0,-0.61,0.978,2.075,0.03175,11.2203780028566,0
"1854",2004,78,5,97.0365,2.162,0.485,0,0,0.17,0.97715,2.27,0.03175,11.2204838013855,0
"1855",2004,78,6,85.3475,19.182,7.35,3.8,1.77,0.575,0.977,2.315,0.03175,11.2211814729807,0
"1856",2004,78,7,74.2065,61.87,22.77,21,5.025,1.045,0.97635,2.655,0.03175,11.1916031599109,0
"1857",2004,78,8,63.478,185.403,70.34,81.585,16.52,1.805,0.97535,3.915,0.03175,11.1879633981916,0
"1858",2004,78,9,53.834,207.023,76.775,88.73,18.375,2.9,0.97385,2.75,0.03175,11.1878889269081,0
"1859",2004,78,10,46.1385,686.918,270.825,341.665,73.53,3.935,0.94845,2.89,0.03175,11.1878878360658,0
"1860",2004,78,11,41.58,1011.977,397.895,516.88,122.45,6.975,0.87395,3.44,0.03175,11.1878878956322,0
"1861",2004,78,12,41.237,1018.532,384.285,512.875,132.355,10.02,0.76125,6.64,0.03175,11.1878878496904,0
"1862",2004,78,13,45.2045,723.35,271.09,359.72,96.36,10.73,0.7328,9.12,0.03175,11.1878879384181,0
"1863",2004,78,14,52.501,965.103,361.54,489.25,139.28,10.5,0.6938,11.73,0.03175,11.1878882318045,0
"1864",2004,78,15,61.9055,753.986,281.595,377.23,114.32,9.92,0.62415,11.675,0.03175,11.1878878707843,0
"1865",2004,78,16,72.5005,425.822,156.695,205.32,71.27,9.91,0.5955,10.465,0.03175,11.1878879337471,0
"1866",2004,78,17,83.6155,133.745,49.775,59.4,27.215,8.76,0.6211,9.585,0.03175,11.1878880403264,0
"1867",2004,78,18,95.1735,3.243,1.195,0.085,1.39,6.375,0.6953,8.72,0.03175,11.2142460626733,0
"1868",2004,78,19,106.5435,0.184,0,0,0.455,4.325,0.75675,6.055,0.03175,11.2431999940572,0
"1869",2004,78,20,117.3315,0.23,0,0,0.06,3.185,0.78785,4.775,0.03175,11.2439561764037,0
"1870",2004,78,21,127.046,0.46,0,0,0.01,2.9,0.81405,4.31,0.03175,11.2440894655042,0
"1871",2004,78,22,134.8195,0.138,0,0,0.04,2.69,0.8386,3.205,0.03175,11.2442483215574,0
"1872",2004,78,23,139.4225,0.184,0,0,0.04,1.53,0.86235,2.87,0.03175,11.2444233194722,0
"1873",2004,79,0,139.7295,0.414,0,0,0,0.905,0.87075,2.16,0,11.244618126458,0
"1874",2004,79,1,135.6485,0.391,0,0,0,0.425,0.8886,2.72,0,11.2448206278952,0
"1875",2004,79,2,128.2195,0.46,0,0,0,-0.475,0.916,2.125,0,11.2450096666084,0
"1876",2004,79,3,118.6985,0.276,0,0,0.03,-0.575,0.92325,2.155,0,11.2451692631427,0
"1877",2004,79,4,108.0055,0.138,0,0,0.055,-0.9,0.93845,2.29,0,11.2452840428383,0
"1878",2004,79,5,96.724,1.357,1.09,0,0.02,-0.805,0.9457,1.795,0,11.2453646629779,0
"1879",2004,79,6,85.015,106.674,42.27,50.155,21.235,-0.645,0.9368,0.84,0,11.329860260574,0
"1880",2004,79,7,73.888,463.542,180.46,231.99,70.635,0.805,0.89255,1.855,0,11.3298214121199,0
"1881",2004,79,8,63.1405,850.149,325.68,438.66,124.705,2.95,0.78495,4.525,0,11.3297832936404,0
"1882",2004,79,9,53.472,1180.797,453.57,617.94,168.48,4.45,0.7234,5.045,0,11.3297825625001,0
"1883",2004,79,10,45.7505,1423.792,550.115,745.725,195.08,5.925,0.68235,5.395,0,11.3297826012077,0
"1884",2004,79,11,41.1795,1559.354,602.095,813.145,208.435,7.685,0.6268,7.19,0,11.3297825367597,0
"1885",2004,79,12,40.8555,1571.291,605.265,814.88,208.86,9.745,0.52605,6.905,0,11.3297825528595,0
"1886",2004,79,13,44.871,1465.721,558.265,751.955,197.595,11.235,0.42965,7.55,0,11.3297825916827,0
"1887",2004,79,14,52.2185,1242.092,464.675,625.605,172.59,12.5,0.3868,7.235,0,11.3297827124768,0
"1888",2004,79,15,61.664,924.669,337.81,452.33,135.305,13.28,0.3698,8.27,0,11.3297830874775,0
"1889",2004,79,16,72.2885,532.243,191.005,249.365,85.915,13.485,0.3805,8.87,0,11.3297825662916,0
"1890",2004,79,17,83.423,146.602,52.565,60.035,27.83,12.435,0.4304,6.16,0,11.3297825803272,0
"1891",2004,79,18,94.941,3.289,1.265,0.075,1.12,9.83,0.55545,6.215,0,11.3520033257391,0
"1892",2004,79,19,106.3325,0.046,0,0,0.23,8.165,0.6253,4.725,0,11.3810469657754,0
"1893",2004,79,20,117.097,0.115,0,0,0,7.76,0.64595,5.465,0,11.3818361166995,0
"1894",2004,79,21,126.772,0.046,0,0,0,8.065,0.6264,6.285,0,11.3819613343169,0
"1895",2004,79,22,134.496,0.023,0,0,0,8.405,0.6143,7.065,0,11.3821063955599,0
"1896",2004,79,23,139.046,0.046,0,0,0.02,9.27,0.5974,5.765,0,11.3822749373957,0
"1897",2004,80,0,139.328,0.046,0,0,0,9.2,0.6249,3.585,0,11.3824557051109,0
"1898",2004,80,1,135.2575,0.092,0,0,0,9.85,0.6219,4.96,0,11.3826369304147,0
"1899",2004,80,2,127.8535,0.046,0,0,0,10.485,0.59785,7.075,0,11.3828054994011,0
"1900",2004,80,3,118.359,0,0,0,0.11,10.645,0.61615,6.54,0,11.3829468793151,0
"1901",2004,80,4,107.6825,0.092,0,0,0.1,10.23,0.66095,5.595,0,11.3830541122449,0
"1902",2004,80,5,96.412,0.966,0.68,0,0.135,10.13,0.7044,5.51,0,11.3831291345565,0
"1903",2004,80,6,84.723,43.976,17.315,15.36,5.085,10.97,0.74205,5.565,0,11.4200293736642,0
"1904",2004,80,7,73.568,57.868,21.075,19.17,5.16,11.94,0.79725,5.395,0,11.4179109378035,0
"1905",2004,80,8,62.8025,131.997,46.07,52.1,13.49,13.69,0.816,6.885,0,11.4175766792653,0
"1906",2004,80,9,53.111,108.56,35.74,37.8,10.145,14.105,0.8312,5.78,0,11.4175703067459,0
"1907",2004,80,10,45.362,167.233,57.12,64.99,15.455,13.355,0.90395,7.45,0,11.4175702105245,0
"1908",2004,80,11,40.78,661.48,242.295,316.795,80.61,13.48,0.7358,7.175,0,11.417570248988,0
"1909",2004,80,12,40.476,1164.076,437.925,586.115,151.75,15.7,0.58925,4.5,0,11.4175703690381,0
"1910",2004,80,13,44.5395,1449.713,547.72,737.415,193.715,18.04,0.40625,9.05,0,11.4175708026057,0
"1911",2004,80,14,51.94,1234.134,460.42,624.59,174.445,18.11,0.30515,13.835,0,11.4175702557623,0
"1912",2004,80,15,61.4265,916.044,340.765,459.895,140.01,15.985,0.2718,14.22,0,11.4175703123145,0
"1913",2004,80,16,72.0755,534.244,196.23,260.145,91.285,15.065,0.2197,14.47,0,11.4175704513794,0
"1914",2004,80,17,83.229,156.101,56.03,66.98,31.77,12.85,0.26405,12.58,0,11.4175702558351,0
"1915",2004,80,18,94.7485,3.749,1.16,0.235,1.64,10.335,0.33285,14.34,0,11.436364384628,0
"1916",2004,80,19,106.1225,0,0,0,1.855,7.345,0.45575,13.635,0,11.4651248047983,0
"1917",2004,80,20,116.862,0.069,0,0,1.1,3.86,0.5517,12.64,0,11.4659395408918,0
"1918",2004,80,21,126.5,0.092,0,0,0.63,2.245,0.56845,13.185,0,11.4660650000338,0
"1919",2004,80,22,134.169,0.046,0,0,0.315,1.3,0.5993,10.345,0,11.4662119097094,0
"1920",2004,80,23,138.671,0.184,0,0,0.015,1.265,0.605,9.01,0,11.4663843425267,0
"1921",2004,81,0,138.9285,0.138,0,0,0.1,1.465,0.60535,8.85,0,11.466572359821,0
"1922",2004,81,1,134.8665,0.023,0,0,0.76,0.17,0.57585,10.745,0,11.4667552576538,0
"1923",2004,81,2,127.4885,0.046,0,0,0.42,-0.775,0.5704,9.555,0,11.4669213714451,0
"1924",2004,81,3,118.018,0.115,0,0,0.18,-0.955,0.5587,10.515,0,11.4670656955229,0
"1925",2004,81,4,107.3615,0.161,0,0,0.355,-1.495,0.6034,9.39,0,11.4671769019697,0
"1926",2004,81,5,96.062,1.472,0.735,0,0.48,-2,0.6438,8.18,0,11.4672583689085,0
"1927",2004,81,6,84.426,122.613,50.845,60.015,23.745,-2.43,0.67945,7.7,0,11.5430002858961,0
"1928",2004,81,7,73.249,478.147,190.355,253.73,81.68,-1.78,0.64025,9.31,0,11.5426155699276,0
"1929",2004,81,8,62.468,867.606,341.31,458.625,132.63,-1.3,0.6055,9.805,0,11.5425801063521,0
"1930",2004,81,9,52.7495,1111.567,434.925,585.825,157.75,-0.735,0.58985,8.755,0,11.5425794347302,0
"1931",2004,81,10,44.9745,1165.111,454.33,610.72,158.72,0.17,0.5327,8.745,0,11.542579502506,0
"1932",2004,81,11,40.379,1346.213,524.265,710.24,183.78,1.06,0.48415,9.07,0,11.5425797650731,0
"1933",2004,81,12,40.0965,1276.799,493.795,669.215,173.83,1.655,0.45235,9.285,0,11.5425795195366,0
"1934",2004,81,13,44.2075,1336.139,519.35,704.305,186.15,2.245,0.41695,9.315,0,11.5425797508937,0
"1935",2004,81,14,51.661,839.316,320.18,430.655,117.44,2.16,0.4106,9.725,0,11.5425795272079,0
"1936",2004,81,15,61.189,846.147,320.845,431.66,126.98,2.29,0.3876,9.19,0,11.542579660382,0
"1937",2004,81,16,71.8655,374.049,140.69,182.235,58.12,2.115,0.38615,8.435,0,11.5425794566972,0
"1938",2004,81,17,83.0365,162.426,62.69,75.93,32.59,1.97,0.3784,7.7,0,11.542579462681,0
"1939",2004,81,18,94.5565,3.887,1.605,0.175,1.125,0.68,0.43655,4.89,0,11.5582931118015,0
"1940",2004,81,19,105.9105,0.023,0,0,0.305,-0.58,0.50355,3.66,0,11.5857304638295,0
"1941",2004,81,20,116.627,0.161,0,0,0.045,-1.295,0.5283,2.78,0,11.5865509234011,0
"1942",2004,81,21,126.224,0.023,0,0,0.155,-2.33,0.61075,3.435,0,11.5866781239539,0
"1943",2004,81,22,133.8435,0.23,0,0,0.02,-3.205,0.77375,3.5,0,11.5868278996441,0
"1944",2004,81,23,138.2965,0.069,0,0,0.135,-3.63,0.75105,3.84,0,11.5870038055864,0
"1945",2004,82,0,138.5285,0.161,0,0,0.065,-4.06,0.7238,2.995,0,11.5871887533963,0
"1946",2004,82,1,134.474,0.207,0,0,0,-4.08,0.7249,2.18,0,11.5873771952849,0
"1947",2004,82,2,127.1215,0,0,0,0,-4.465,0.7465,0.62,0,11.5875486704141,0
"1948",2004,82,3,117.6775,0.023,0,0,0,-5.035,0.82125,1.415,0,11.587689302405,0
"1949",2004,82,4,107.0395,0.092,0,0,0,-5.415,0.8363,2.08,0,11.5877971075198,0
"1950",2004,82,5,95.7535,1.932,1.32,0.06,0.23,-5.815,0.8454,1.73,0,11.5878819006683,0
"1951",2004,82,6,84.1295,137.885,54.265,64.25,25.315,-5.89,0.8731,1.58,0,11.6587016631087,0
"1952",2004,82,7,72.931,499.951,198.005,261.57,83.92,-3.64,0.7457,1.715,0,11.6581741981435,0
"1953",2004,82,8,62.1315,875.173,355.685,473.48,135.425,-1.63,0.54235,1.385,0,11.6581414056727,0
"1954",2004,82,9,52.3885,1209.616,490.24,656.445,176.17,-0.59,0.4191,1.455,0,11.658140869579,0
"1955",2004,82,10,44.586,1458.821,594.075,792.48,203.315,0.305,0.3723,1.615,0,11.658140939853,0
"1956",2004,82,11,39.9795,1583.458,641.075,857.89,217.205,1.245,0.347,2.55,0,11.6581408165045,0
"1957",2004,82,12,39.717,1594.222,640.92,859.7,218.535,1.935,0.33085,3.18,0,11.6581408439539,0
"1958",2004,82,13,43.8795,1484.765,593.04,793.49,206.01,3.32,0.31055,2.44,0,11.658140926569,0
"1959",2004,82,14,51.3845,1260.147,495.19,665.51,182.245,4.17,0.2883,2.635,0,11.6581412001758,0
"1960",2004,82,15,60.9525,935.686,361.335,485.005,144.965,4.775,0.27745,3.17,0,11.6581408577488,0
"1961",2004,82,16,71.6565,534.405,205.115,270.75,93.605,5.155,0.27185,2.975,0,11.6581409125651,0
"1962",2004,82,17,82.843,146.625,56.655,66.375,28.47,4.595,0.2987,3.72,0,11.6581409835242,0
"1963",2004,82,18,94.3255,3.91,2.22,0.38,0.855,2.395,0.4351,4.135,0,11.6713694105543,0
"1964",2004,82,19,105.7005,0.046,0,0,0.01,0.885,0.53855,4.165,0,11.6947647185567,0
"1965",2004,82,20,116.3905,0.046,0,0,0,0.57,0.5711,4.175,0,11.6955108517037,0
"1966",2004,82,21,125.9485,0.161,0,0,0,0.67,0.5542,4.21,0,11.6956376577127,0
"1967",2004,82,22,133.516,0.023,0,0,0.04,0.925,0.57015,4.165,0,11.695787419108,0
"1968",2004,82,23,137.9205,0.023,0,0,0.04,0.91,0.587,3.725,0,11.6959559527363,0
"1969",2004,83,0,138.1295,0.023,0,0,0.17,-0.335,0.66845,3.855,0,11.6961358410459,0
"1970",2004,83,1,134.0825,0.092,0,0,0,-0.54,0.69395,4.145,0,11.6963161108888,0
"1971",2004,83,2,126.7555,0.184,0,0,0,0.525,0.69525,4.885,0,11.6964879722687,0
"1972",2004,83,3,117.337,0.161,0,0,0,1.27,0.6657,5.21,0,11.6966363330797,0
"1973",2004,83,4,106.716,0.138,0,0,0.075,1.325,0.6553,5.095,0,11.6967469149545,0
"1974",2004,83,5,95.4085,2.346,1.395,0.005,0.355,0.52,0.6752,4.56,0,11.6968365554182,0
"1975",2004,83,6,83.8305,122.774,49.355,58.66,21.585,0.625,0.68235,5.03,0,11.7587172819217,0
"1976",2004,83,7,72.612,457.424,179.59,239.1,76.405,2.83,0.58305,7.38,0,11.7579423687604,0
"1977",2004,83,8,61.795,843.272,324.92,438.01,127.17,5.27,0.4986,8.87,0,11.7579039617392,0
"1978",2004,83,9,52.0285,1180.889,455.48,615.535,166.89,7.68,0.4366,8.815,0,11.7579032690765,0
"1979",2004,83,10,44.199,1422.159,552.165,745.535,193.405,9.795,0.39445,8.16,0,11.7579033281882,0
"1980",2004,83,11,39.58,1542.242,598.385,807.27,206.27,11.545,0.3743,7.885,0,11.7579035503838,0
"1981",2004,83,12,39.3395,1485.248,566.8,768.05,198.275,12.83,0.3605,8.075,0,11.7579033969055,0
"1982",2004,83,13,43.5505,1224.704,461.185,624.145,166.85,13.33,0.37235,8.485,0,11.7579033578501,0
"1983",2004,83,14,51.1085,730.779,273.585,363.36,98.65,13.39,0.38045,8.57,0,11.7579032886637,0
"1984",2004,83,15,60.7185,403.719,151.945,193.53,51.695,13.165,0.3977,8.29,0,11.7579033046621,0
"1985",2004,83,16,71.4465,222.617,83.79,102.65,28.51,12.815,0.41315,9.565,0,11.7579033369348,0
"1986",2004,83,17,82.6505,85.583,32.875,35.775,11.72,11.755,0.4701,8.205,0,11.7579033739151,0
"1987",2004,83,18,94.134,2.323,0.77,0.03,1.31,9.54,0.6223,9.985,0,11.7627822015317,0
"1988",2004,83,19,105.4885,0.138,0,0,0.735,7.76,0.7893,7.88,0,11.7741747796051,0
"1989",2004,83,20,116.153,0.391,0,0,0.095,7.17,0.84745,5.055,0,11.7745987225656,0
"1990",2004,83,21,125.672,0.46,0,0,0.055,6.92,0.86315,4.81,0,11.7747342856135,0
"1991",2004,83,22,133.1895,0.253,0,0,0.01,7.05,0.81955,5.375,0,11.7748987605345,0
"1992",2004,83,23,137.545,0.207,0,0,0,7.27,0.7616,5.385,0,11.7750801869041,0
"1993",2004,84,0,137.7295,0.138,0,0,0,7.58,0.7074,5.345,0.03175,11.7752701272458,0
"1994",2004,84,1,133.6925,0.069,0,0,0.075,7.495,0.6878,5.995,0.03175,11.7754543412058,0
"1995",2004,84,2,126.39,0,0,0,0.005,7.39,0.685,6.6,0.03175,11.7756206584749,0
"1996",2004,84,3,116.9955,0,0,0,0,7.59,0.66255,6.07,0.03175,11.7757599631886,0
"1997",2004,84,4,106.3925,0.069,0,0,0.2,7.37,0.6554,5.67,0.03175,11.7758656683604,0
"1998",2004,84,5,95.1015,1.219,0.755,0,0,7.4,0.64845,6.31,0.03175,11.7759400635948,0
"1999",2004,84,6,83.5285,50.577,19.675,18.945,5.915,8.46,0.61465,7.81,0.03175,11.8011694866234,0
"2000",2004,84,7,72.293,224.158,83.815,103.43,27.91,9.985,0.5681,9.745,0.03175,11.7964399122274,0
"2001",2004,84,8,61.461,273.539,99.735,123.38,32.5,12.195,0.50605,10.41,0.03175,11.7962214329273,0
"2002",2004,84,9,51.6685,200.698,69.91,82.985,22.25,13.515,0.52555,9.7,0.03175,11.7962176184014,0
"2003",2004,84,10,43.8135,167.072,58.22,64.19,13.855,13.44,0.6336,8.36,0.03175,11.7962175478966,0
"2004",2004,84,11,39.1815,216.959,74.245,85.325,17.575,12.605,0.74945,7.58,0.03175,11.7962175644134,0
"2005",2004,84,12,38.964,296.102,105.59,123.705,25.84,13.485,0.7351,7.52,0.03175,11.796217595778,0
"2006",2004,84,13,43.225,407.422,146.64,180.405,42.79,15.7,0.62765,10.62,0.03175,11.7962176870546,0
"2007",2004,84,14,50.836,975.269,352.51,468.185,126.86,17.21,0.53405,13.565,0.03175,11.7962179846497,0
"2008",2004,84,15,60.487,976.879,347.78,467.39,138.87,18.745,0.47875,15.095,0.03175,11.7962176042479,0
"2009",2004,84,16,71.239,471.017,163.47,211.255,69.465,18.925,0.49765,13.02,0.03175,11.7962176487379,0
"2010",2004,84,17,82.4575,140.346,49.925,57.19,23.5,18.28,0.52215,9.925,0.03175,11.796217698947,0
"2011",2004,84,18,93.943,4.462,1.685,0.33,1.38,15.84,0.58445,6.925,0.03175,11.8058288883253,0
"2012",2004,84,19,105.2795,0.046,0,0,0.17,14.36,0.5845,6.94,0.03175,11.8263336644639,0
"2013",2004,84,20,115.9175,0,0,0,0,14.45,0.56045,7.365,0.03175,11.8270445468906,0
"2014",2004,84,21,125.3965,0,0,0,0.02,15.055,0.54115,8.12,0.03175,11.8271678853081,0
"2015",2004,84,22,132.8625,0,0,0,0.24,14.87,0.54075,7.645,0.03175,11.8273128239445,0
"2016",2004,84,23,137.171,0,0,0,0.255,14.2,0.56625,6.915,0.03175,11.8274805748397,0
"2017",2004,85,0,137.3315,0.023,0,0,0.06,13.525,0.5994,5.05,0.624416666666667,11.82765963771,0
"2018",2004,85,1,133.3005,0.069,0,0,0.04,14.505,0.57555,6.64,0.624416666666667,11.827839057696,0
"2019",2004,85,2,126.024,0,0,0,0.045,13.965,0.61025,5.565,0.624416666666667,11.8280060593024,0
"2020",2004,85,3,116.654,0,0,0,0,14.21,0.62695,7.265,0.624416666666667,11.8281451986915,0
"2021",2004,85,4,106.0695,0,0,0,0.2,14.27,0.6541,7.035,0.624416666666667,11.8282503777516,0
"2022",2004,85,5,94.7615,0.575,0.5,0,0.45,13.405,0.7202,5.935,0.624416666666667,11.8283181291542,0
"2023",2004,85,6,83.228,14.927,5.485,1.265,1.735,12.145,0.8292,4.515,0.624416666666667,11.8284064394432,0
"2024",2004,85,7,71.9765,27.439,8.94,4.475,2.085,11.485,0.89385,5.995,0.624416666666667,11.7771836577145,0
"2025",2004,85,8,61.1255,127.144,44.115,47.355,9.045,11.87,0.92245,6.28,0.624416666666667,11.662037913846,0
"2026",2004,85,9,51.3115,302.542,108.895,129.815,25.925,12.63,0.92395,8.34,0.624416666666667,11.6598846808254,0
"2027",2004,85,10,43.427,471.822,173.29,211.345,42.22,12.765,0.91505,8.39,0.624416666666667,11.6598543436492,0
"2028",2004,85,11,38.7835,230.621,78.745,90.36,16.845,13.04,0.9241,7.175,0.624416666666667,11.6598539970454,0
"2029",2004,85,12,38.587,222.64,75.555,86.03,15.6,13.505,0.9352,7.29,0.624416666666667,11.6598541351805,0
"2030",2004,85,13,42.899,199.479,67.59,75.58,13.545,13.99,0.93765,7.595,0.624416666666667,11.6598546241799,0
"2031",2004,85,14,50.5655,211.531,73.63,83.415,15.005,14.785,0.94215,8.625,0.624416666666667,11.6598540032611,0
"2032",2004,85,15,60.2545,69.828,23.32,21.3,4.37,15.06,0.93775,6.97,0.624416666666667,11.6598538394241,0
"2033",2004,85,16,71.033,83.743,30.225,29.375,5.965,15.55,0.9232,5.635,0.624416666666667,11.6598530601514,0
"2034",2004,85,17,82.2665,81.88,33.98,34.015,7.78,16.155,0.8981,5.095,0.624416666666667,11.6598530464687,0
"2035",2004,85,18,93.7155,3.082,1.655,0.235,0.535,15.52,0.91565,4.875,0.624416666666667,11.6612663206507,0
"2036",2004,85,19,105.0685,0.46,0,0,0.06,14.96,0.9301,4.89,0.624416666666667,11.671782278573,0
"2037",2004,85,20,115.68,0.46,0,0,0.025,14.98,0.9213,4.815,0.624416666666667,11.6721924545628,0
"2038",2004,85,21,125.1185,0.46,0,0,0.005,15.95,0.8615,7.5,0.624416666666667,11.6723263785895,0
"2039",2004,85,22,132.5355,0.46,0,0,0.055,15.75,0.8644,7.24,0.624416666666667,11.6724932141026,0
"2040",2004,85,23,136.7965,0.46,0,0,0,16.235,0.84875,8.06,0.624416666666667,11.6726869875073,0
"2041",2004,86,0,136.9345,0.46,0,0,0.01,16.655,0.84345,8.57,3.13266666666667,11.6728945450466,0
"2042",2004,86,1,132.913,0.46,0,0,0.16,16.305,0.8713,7.82,3.13266666666667,11.6731013541289,0
"2043",2004,86,2,125.6565,0.46,0,0,0.195,15.595,0.8989,6.09,3.13266666666667,11.6732947679497,0
"2044",2004,86,3,116.3125,0.46,0,0,0.105,15.235,0.9242,5.125,3.13266666666667,11.6734594044853,0
"2045",2004,86,4,105.746,0.46,0,0,0.08,15.545,0.92945,7.475,3.13266666666667,11.6735845049677,0
"2046",2004,86,5,94.4575,0.713,0.01,0,0.93,15.985,0.9175,8.025,3.13266666666667,11.6736640244261,0
"2047",2004,86,6,82.926,7.728,1.915,0.36,1.3,14.87,0.91695,7.005,3.13266666666667,11.6737199167508,0
"2048",2004,86,7,71.659,22.126,6.665,2.115,0.91,14.665,0.9371,4.65,3.13266666666667,11.6646484870618,0
"2049",2004,86,8,60.794,55.821,16.795,14.145,2.795,14.855,0.94275,7.08,3.13266666666667,11.4885003760471,0
"2050",2004,86,9,50.9525,71.783,21.385,19.355,3.46,14.54,0.95425,6.295,3.13266666666667,11.4808295600905,0
"2051",2004,86,10,43.0425,33.12,9.615,4.83,0.87,15.02,0.95685,4.585,3.13266666666667,11.4307049560598,0
"2052",2004,86,11,38.3855,69.851,20.73,18.875,3.04,15.45,0.9593,4.715,3.13266666666667,11.3260758473727,0
"2053",2004,86,12,38.212,200.261,66.17,72.975,11.52,15.545,0.9624,4.49,3.13266666666667,11.3250366121175,0
"2054",2004,86,13,42.5775,346.288,124.01,144.43,25.115,15.935,0.96125,8.215,3.13266666666667,11.3250255960227,0
"2055",2004,86,14,50.2955,455.193,172.945,201.92,36.005,16.66,0.9368,7.72,3.13266666666667,11.3250254921585,0
"2056",2004,86,15,60.025,439.024,167.24,195.74,36.69,17.39,0.89425,5.13,3.13266666666667,11.3250255533348,0
"2057",2004,86,16,70.8295,288.765,113.135,129.3,25.845,17.25,0.90385,5.5,3.13266666666667,11.3250257011317,0
"2058",2004,86,17,82.076,83.145,32.965,31.09,7.235,16.92,0.925,2.925,3.13266666666667,11.3250255057059,0
"2059",2004,86,18,93.528,5.819,2.09,0,0.175,16.325,0.9466,1.99,3.13266666666667,11.3356799505563,0
"2060",2004,86,19,104.8575,2.875,0,0,0.035,16.065,0.9638,1.795,3.13266666666667,11.3501271214756,0
"2061",2004,86,20,115.443,2.668,0,0,0.465,14.555,0.97295,2.16,3.13266666666667,11.3506961893698,0
"2062",2004,86,21,124.842,3.128,0,0,0.065,13.79,0.97945,2.945,3.13266666666667,11.350981859267,0
"2063",2004,86,22,132.208,2.783,0,0,0.05,13.955,0.9822,3.125,3.13266666666667,11.3513602284143,0
"2064",2004,86,23,136.4225,2.99,0,0,0.1,13.895,0.98345,3.3,3.13266666666667,11.3517892037408,0
"2065",2004,87,0,136.537,2.921,0,0,0.14,13.825,0.9841,2.1,0.0105833333333333,11.3522641145633,0
"2066",2004,87,1,132.5235,2.875,0,0,0.225,13.335,0.9853,1.985,0.0105833333333333,11.3527319075184,0
"2067",2004,87,2,125.2915,2.76,0,0,0.06,12.895,0.9865,1.82,0.0105833333333333,11.3531587338076,0
"2068",2004,87,3,115.972,2.737,0,0,0.01,12.955,0.98755,2.64,0.0105833333333333,11.3535169241803,0
"2069",2004,87,4,105.4245,2.99,0,0,0.07,12.935,0.988,3.285,0.0105833333333333,11.3538000550765,0
"2070",2004,87,5,94.1195,6.785,2.15,0.265,0.28,12.965,0.9876,3.035,0.0105833333333333,11.3541261757958,0
"2071",2004,87,6,82.6235,77.211,30.42,28.76,5.795,12.615,0.983,3.47,0.0105833333333333,11.4389989201065,0
"2072",2004,87,7,71.344,196.788,78.55,86.235,14.935,13.3,0.9754,3.7,0.0105833333333333,11.4391065163485,0
"2073",2004,87,8,60.462,335.271,130.375,150.91,27.4,14.445,0.94,4.805,0.0105833333333333,11.4390567490625,0
"2074",2004,87,9,50.5965,701.914,275.385,329.415,59.925,16.11,0.8995,5.855,0.0105833333333333,11.4390557811963,0
"2075",2004,87,10,42.6585,1256.973,492.49,618.26,124.445,17.855,0.83045,6.835,0.0105833333333333,11.4390558158037,0
"2076",2004,87,11,37.9885,1193.148,455.5,577.835,121.825,18.675,0.8116,7.41,0.0105833333333333,11.4390557493095,0
"2077",2004,87,12,37.839,878.646,330.105,414.515,89.995,18.44,0.8212,8.225,0.0105833333333333,11.4390557633334,0
"2078",2004,87,13,42.255,1042.268,391.275,495.085,109.125,18.575,0.81105,7.24,0.0105833333333333,11.4390557922678,0
"2079",2004,87,14,50.0285,1177.738,439.75,565.415,132.32,19.745,0.77785,8.025,0.0105833333333333,11.4390558764621,0
"2080",2004,87,15,59.797,738.392,271.56,343.245,84.835,20.25,0.74515,7.66,0.0105833333333333,11.4390561337774,0
"2081",2004,87,16,70.626,308.154,114.01,135.67,32.435,19.95,0.7533,6.645,0.0105833333333333,11.4390557896518,0
"2082",2004,87,17,81.8845,106.352,39.585,41.335,11.31,19.035,0.7979,5.54,0.0105833333333333,11.4390558119586,0
"2083",2004,87,18,93.338,8.372,2.13,0.27,0.71,17.94,0.8436,5.63,0.0105833333333333,11.4513399006347,0
"2084",2004,87,19,104.647,3.703,0,0,0.08,17.23,0.86195,6.375,0.0105833333333333,11.4716529559481,0
"2085",2004,87,20,115.2055,3.68,0,0,0.025,16.84,0.86445,6.43,0.0105833333333333,11.4724717602115,0
"2086",2004,87,21,124.5635,3.726,0,0,0.025,16.635,0.8651,6.98,0.0105833333333333,11.4728527845984,0
"2087",2004,87,22,131.882,3.68,0,0,0.11,16.31,0.8752,6.255,0.0105833333333333,11.4733393196412,0
"2088",2004,87,23,136.0485,3.818,0,0,0.05,15.935,0.88875,6.225,0.0105833333333333,11.4739137631361,0
"2089",2004,88,0,136.141,3.565,0,0,0.05,15.63,0.893,6.345,0.53975,11.4745257390995,0
"2090",2004,88,1,132.134,3.588,0,0,0.08,15.32,0.8895,6.165,0.53975,11.4751128869326,0
"2091",2004,88,2,124.926,3.703,0,0,0,15.175,0.8711,6.245,0.53975,11.4756706559252,0
"2092",2004,88,3,115.6305,3.726,0,0,0.13,14.99,0.855,6.395,0.53975,11.4761617486381,0
"2093",2004,88,4,105.102,3.634,0,0,0.11,14.54,0.8469,6.695,0.53975,11.4765351593136,0
"2094",2004,88,5,93.819,8.004,2.065,0.2,0.35,14.29,0.83315,6.805,0.53975,11.4769726550786,0
"2095",2004,88,6,82.321,155.158,60.59,68.155,20.05,14.52,0.81895,6.92,0.53975,11.5678644678423,0
"2096",2004,88,7,71.0285,448.96,171.855,212.62,53.54,16.195,0.7705,8.415,0.53975,11.5677170045045,0
"2097",2004,88,8,60.131,535.187,204.66,253.145,56.55,17.74,0.73305,9.62,0.53975,11.5676943139486,0
"2098",2004,88,9,50.24,638.089,240.29,301.64,67.97,18.89,0.70975,9.735,0.53975,11.5676939131894,0
"2099",2004,88,10,42.2755,609.178,227.37,283.245,63.24,20.07,0.70495,8.465,0.53975,11.5676940115084,0
"2100",2004,88,11,37.594,1280.801,488.995,630.295,141.905,21.335,0.6743,9.63,0.53975,11.5676939219869,0
"2101",2004,88,12,37.4665,1093.903,413.595,529.075,120.725,21.775,0.6726,9.925,0.53975,11.5676940746721,0
"2102",2004,88,13,41.936,1393.34,527.055,679.09,157.21,22.415,0.65985,10.6,0.53975,11.5676946416735,0
"2103",2004,88,14,49.763,826.988,309.005,392.285,93.5,22.535,0.61975,11.715,0.53975,11.5676939063957,0
"2104",2004,88,15,59.5725,551.333,206.015,257.095,63.225,22.45,0.5963,12.2,0.53975,11.5676939487598,0
"2105",2004,88,16,70.4225,79.626,27.69,28.02,9.775,19.325,0.72875,9.75,0.53975,11.5676940463555,0
"2106",2004,88,17,81.6955,16.238,5.57,2.455,2.185,13.855,0.9198,8.705,0.53975,11.4989223089463,0
"2107",2004,88,18,93.113,0.92,0.305263157894737,0,0.86,12.33,0.91725,8.475,0.53975,11.4803146136676,0
"2108",2004,88,19,104.437,0.46,0,0,0.415,10.96,0.91805,6.9,0.53975,11.48060683165,0
"2109",2004,88,20,114.968,2.622,0,0,0.445,10.01,0.8635,8.06,0.53975,11.4807327231715,0
"2110",2004,88,21,124.287,2.898,0,0,0.145,9.6,0.87815,5.56,0.53975,11.4810080271911,0
"2111",2004,88,22,131.554,3.059,0,0,0.115,9.51,0.85115,4.355,0.53975,11.481395498276,0
"2112",2004,88,23,135.6755,3.082,0,0,0.105,9.28,0.8723,2.865,0.53975,11.4818599844076,0
"2113",2004,89,0,135.7465,3.289,0,0,0.11,9.04,0.89645,3.335,0,11.482374015638,0
"2114",2004,89,1,131.7465,3.381,0,0,0.07,8.585,0.92055,2.72,0,11.4829129467919,0
"2115",2004,89,2,124.564,3.22,0,0,0.02,8,0.93915,2.845,0,11.4834108543702,0
"2116",2004,89,3,115.292,3.542,0,0,0.08,7.225,0.9582,2.515,0,11.4838410298302,0
"2117",2004,89,4,104.78,3.634,0,0,0.08,6.91,0.9491,2.73,0,11.4841908979108,0
"2118",2004,89,5,93.483,8.211,2.22,0,0.19,6.89,0.9418,2.63,0,11.4846195148317,0
"2119",2004,89,6,82.0185,87.124,32.765,30.185,6.93,6.265,0.9577,2.68,0,11.5572075876999,0
"2120",2004,89,7,70.716,536.107,230.64,274.74,62.805,7.355,0.9335,2.64,0,11.5566867211831,0
"2121",2004,89,8,59.802,961.975,406.985,497.215,102.905,9.705,0.8192,2.22,0,11.5566423304548,0
"2122",2004,89,9,49.887,1301.639,543.385,677.495,138.075,11.685,0.6889,2.285,0,11.5566415120798,0
"2123",2004,89,10,41.8945,1535.802,633.32,802.01,165.75,13.035,0.5849,2.49,0,11.5566415696648,0
"2124",2004,89,11,37.1995,1590.519,647.13,826.85,172.455,13.98,0.5439,2.83,0,11.5566415309921,0
"2125",2004,89,12,37.096,1426.92,572.655,732.82,155.545,14.61,0.5042,3.225,0,11.5566416346283,0
"2126",2004,89,13,41.6195,1425.885,568.245,727.765,158.645,15.3,0.4613,3.795,0,11.5566420082408,0
"2127",2004,89,14,49.4985,1139.489,449.875,570.46,129.125,15.74,0.4501,2.625,0,11.5566415434512,0
"2128",2004,89,15,59.347,896.195,347.575,439.91,109.53,15.93,0.43045,2.995,0,11.5566416102069,0
"2129",2004,89,16,70.221,528.862,201.12,246.755,68.77,15.72,0.44155,3.295,0,11.5566417747983,0
"2130",2004,89,17,81.5055,185.541,71.965,78.61,28.71,15.545,0.43305,2.07,0,11.5566415302747,0
"2131",2004,89,18,92.9245,7.981,4.215,0.85,0.19,14.225,0.47925,0.585,0,11.5707326605358,0
"2132",2004,89,19,104.2245,0.345,0,0,0,13.605,0.5218,1.215,0,11.6037239373041,0
"2133",2004,89,20,114.7305,0.23,0,0,0,13.42,0.49925,0.865,0,11.6047022349148,0
"2134",2004,89,21,124.0075,0.299,0,0,0.01,12.78,0.53305,1.895,0,11.604838519041,0
"2135",2004,89,22,131.2275,0.253,0,0,0.065,10.83,0.7188,3.06,0,11.6049967478951,0
"2136",2004,89,23,135.3035,0.391,0,0,0.31,10.105,0.80125,4.635,0,11.605181812656,0
"2137",2004,90,0,135.3535,0.46,0,0,0.09,9.655,0.82045,4.72,0.814916666666667,11.6053868955607,0
"2138",2004,90,1,131.361,0.437,0,0,0.33,9.15,0.8401,6.51,0.814916666666667,11.6055936340108,0
"2139",2004,90,2,124.199,0.46,0,0,0.19,8.395,0.89865,5.835,0.814916666666667,11.6057840859283,0
"2140",2004,90,3,114.9525,0.46,0,0,0.065,8.355,0.89135,5.145,0.814916666666667,11.6059474799769,0
"2141",2004,90,4,104.461,0.46,0,0,0.16,7.96,0.92185,5.295,0.814916666666667,11.6060707408009,0
"2142",2004,90,5,93.1475,0.805,0.59,0,0.135,7.46,0.941,4.165,0.814916666666667,11.6061488932228,0
"2143",2004,90,6,81.7185,17.871,5.92,2.31,1.245,7.155,0.94325,4.205,0.814916666666667,11.6064450255377,0
"2144",2004,90,7,70.404,46.069,14.93,12.01,2.97,6.805,0.92715,5.16,0.814916666666667,11.5304764300178,0
"2145",2004,90,8,59.474,104.696,35.825,36.865,6.24,6.52,0.9048,6.91,0.814916666666667,11.5186089392785,0
"2146",2004,90,9,49.536,150.995,53.53,58.33,9.925,6.295,0.90755,6.99,0.814916666666667,11.5183868077025,0
"2147",2004,90,10,41.515,314.939,116.57,134.24,22.575,6.495,0.86215,7.605,0.814916666666667,11.5183836661316,0
"2148",2004,90,11,36.805,318.044,116.49,135.15,23.095,6.37,0.9017,7.46,0.814916666666667,11.5183835957308,0
"2149",2004,90,12,36.7265,308.66,113.23,131.705,22.515,6.11,0.9089,7.605,0.814916666666667,11.5183836128351,0
"2150",2004,90,13,41.303,177.077,63.46,70.035,11.925,5.945,0.88955,8.345,0.814916666666667,11.5183836373064,0
"2151",2004,90,14,49.238,108.813,37.9,38.58,6.525,6.155,0.8773,7.92,0.814916666666667,11.5183836926685,0
"2152",2004,90,15,59.124,125.971,45.775,48.45,8.63,5.93,0.8525,8.47,0.814916666666667,11.5183838461533,0
"2153",2004,90,16,70.02,92.023,33.77,33.96,6.635,5.675,0.84415,8.015,0.814916666666667,11.5183836881776,0
"2154",2004,90,17,81.3165,30.958,11.315,7.185,2.6,5.82,0.8449,7.11,0.814916666666667,11.5061829932325,0
"2155",2004,90,18,92.7375,5.75,1.235,0,0.305,5.755,0.7761,7.505,0.814916666666667,11.4524201090324,0
"2156",2004,90,19,104.0135,3.611,0,0,0.49,4.945,0.77835,8.625,0.814916666666667,11.4538315894835,0
"2157",2004,90,20,114.49,3.519,0,0,0.52,3.745,0.82825,9.05,0.814916666666667,11.4541052558775,0
"2158",2004,90,21,123.73,3.91,0,0,0.165,3.17,0.8608,7.65,0.814916666666667,11.4544874674794,0
"2159",2004,90,22,130.8985,4.094,0,0,0.08,3.025,0.87935,6.925,0.814916666666667,11.4550304412373,0
"2160",2004,90,23,134.933,3.864,0,0,0.055,3.01,0.90715,5.755,0.814916666666667,11.4556622157686,0
"2161",2004,91,0,134.96,3.611,0,0,0.04,2.99,0.92625,5.19,0.116416666666667,11.4562882172936,0
"2162",2004,91,1,130.9755,3.565,0,0,0.055,3.59,0.91365,5.005,0.116416666666667,11.4568778708737,0
"2163",2004,91,2,123.8355,3.542,0,0,0.04,3.825,0.92925,4.215,0.116416666666667,11.4574167883639,0
"2164",2004,91,3,114.613,3.588,0,0,0.02,4.085,0.93675,4.485,0.116416666666667,11.4578774138735,0
"2165",2004,91,4,104.141,3.358,0,0,0,4.43,0.9542,4.375,0.116416666666667,11.4582182872644,0
"2166",2004,91,5,92.8535,4.462,1.055,0,0.03,5.1,0.9498,5.675,0.116416666666667,11.4584477300099,0
"2167",2004,91,6,81.4175,28.865,10.45,6.02,2.015,5.52,0.92805,7.58,0.116416666666667,11.4651507003957,0
"2168",2004,91,7,70.094,250.401,103.79,119.89,23.27,5.375,0.89835,9.795,0.116416666666667,11.4585988560782,0
"2169",2004,91,8,59.1485,800.791,335.88,410.05,81.4,5.645,0.87785,10.96,0.116416666666667,11.4576434077034,0
"2170",2004,91,9,49.186,654.235,264.505,320.95,61.745,6.535,0.83825,10.315,0.116416666666667,11.4576250853089,0
"2171",2004,91,10,41.1355,817.604,325.91,402.59,78.46,6.96,0.8146,10.15,0.116416666666667,11.4576248487893,0
"2172",2004,91,11,36.413,1171.137,477.96,594.535,116.745,7.1,0.7832,9.17,0.116416666666667,11.4576249753459,0
"2173",2004,91,12,36.36,1264.839,509.515,642.375,131.015,8.045,0.7389,8.81,0.116416666666667,11.4576254608854,0
"2174",2004,91,13,40.99,1089.211,432.055,546.455,114.335,8.57,0.71305,8.25,0.116416666666667,11.4576248626487,0
"2175",2004,91,14,48.977,895.712,353.91,445.275,98.495,9.13,0.7073,6.81,0.116416666666667,11.4576249294697,0
"2176",2004,91,15,58.9025,684.434,269.745,337.805,79.46,9.73,0.6553,7.29,0.116416666666667,11.4576251257535,0
"2177",2004,91,16,69.823,291.732,111.93,131.905,32.02,10.02,0.6641,6.255,0.116416666666667,11.4576248804471,0
"2178",2004,91,17,81.129,95.289,35.395,36.16,9.015,9.575,0.707,5.415,0.116416666666667,11.4576249126825,0
"2179",2004,91,18,92.5135,5.359,0.71,0,0.85,8.275,0.7424,5.15,0.116416666666667,11.4728520652679,0
"2180",2004,91,19,103.804,4.554,0,0,0.475,7.61,0.72435,5.385,0.116416666666667,11.4904344002169,0
"2181",2004,91,20,114.253,4.209,0,0,0.235,6.68,0.78195,4.51,0.116416666666667,11.4912118321288,0
"2182",2004,91,21,123.453,3.933,0,0,0.18,6.1,0.8404,3.79,0.116416666666667,11.4916526458364,0
"2183",2004,91,22,130.573,4.163,0,0,0.295,5.355,0.84495,4,0.116416666666667,11.4922030175965,0
"2184",2004,91,23,134.5615,4.094,0,0,0.165,4.66,0.85265,3.82,0.116416666666667,11.4928615269668,0
"2185",2004,92,0,134.568,3.933,0,0,0.11,4.295,0.8337,3.98,0,11.4935434015879,0
"2186",2004,92,1,130.591,3.933,0,0,0.1,4.05,0.81285,3.065,0,11.4942029646412,0
"2187",2004,92,2,123.4755,3.657,0,0,0.09,3.89,0.79905,3.14,0,11.49479217314,0
"2188",2004,92,3,114.2765,3.657,0,0,0.105,3.75,0.8119,4.03,0,11.4952693034433,0
"2189",2004,92,4,103.8215,3.68,0,0,0.245,3.37,0.7777,4.19,0,11.4956314136884,0
"2190",2004,92,5,92.52,13.823,4.705,1.695,1.77,2.38,0.8314,3.665,0,11.4969433637143,0
"2191",2004,92,6,81.119,207,88.365,101.86,32.12,2.32,0.8167,5.475,0,11.586038412372,0
"2192",2004,92,7,69.7845,605.176,251.505,313.41,80.2,3.02,0.761,6.04,0,11.5858173823832,0
"2193",2004,92,8,58.8235,1003.145,414.23,523.415,120.04,4.15,0.74915,4.345,0,11.5857996237414,0
"2194",2004,92,9,48.8355,1257.456,512.695,658.875,145.725,5.065,0.7506,5.16,0,11.5857992977732,0
"2195",2004,92,10,40.7585,1041.716,416.675,533.615,116.29,5.5,0.74685,5.84,0,11.5857993569171,0
"2196",2004,92,11,36.0235,1212.399,484.43,623.72,136.41,6.41,0.73205,5.09,0,11.5857995829039,0
"2197",2004,92,12,35.992,1011.264,396.565,509.965,111.62,7.11,0.67795,4.955,0,11.5857994187016,0
"2198",2004,92,13,40.678,774.134,302.9,383.175,84.76,7.715,0.6465,4.53,0,11.585799410266,0
"2199",2004,92,14,48.719,461.035,175.765,216.395,48.635,8.09,0.6295,5.37,0,11.5857993128421,0
"2200",2004,92,15,58.683,298.77,113.75,137.105,31.545,8.2,0.64095,5.4,0,11.5857993217281,0
"2201",2004,92,16,69.625,348.68,135.215,164.62,43.535,8.4,0.6228,6.14,0,11.5857993369479,0
"2202",2004,92,17,80.941,170.775,64.355,71.995,26.06,8.46,0.6206,5.06,0,11.5857993564346,0
"2203",2004,92,18,92.3275,15.617,5.065,1.67,2.565,7.32,0.70365,3.66,0,11.5969767700445,0
"2204",2004,92,19,103.5935,2.898,0,0,0.13,6.04,0.7773,3.04,0,11.634495616953,0
"2205",2004,92,20,114.015,2.691,0,0,0.03,5.145,0.7922,3.565,0,11.6357465637407,0
"2206",2004,92,21,123.174,3.013,0,0,0.21,4.545,0.8028,4.375,0,11.6360507929637,0
"2207",2004,92,22,130.2475,2.852,0,0,0.405,3.205,0.7745,4.25,0,11.6364342302212,0
"2208",2004,92,23,134.1935,2.507,0,0,0.295,2.42,0.76785,3.45,0,11.6368460375873,0
"2209",2004,93,0,134.1785,2.346,0,0,0.105,1.675,0.7983,2.895,0,11.6372492967452,0
"2210",2004,93,1,130.208,2.507,0,0,0.03,1.59,0.7983,3.365,0,11.6376468147679,0
"2211",2004,93,2,123.114,2.737,0,0,0,1.515,0.8051,4.585,0,11.6380381652723,0
"2212",2004,93,3,113.94,2.714,0,0,0.025,1.635,0.80105,5.44,0,11.6383858765691,0
"2213",2004,93,4,103.5045,2.645,0,0,0.18,1.765,0.7826,5.725,0,11.6386457592874,0
"2214",2004,93,5,92.229,14.559,5.315,2.36,2.09,1.205,0.81145,4.23,0,11.6399899456536,0
"2215",2004,93,6,80.821,220.087,92.73,107.74,33.96,1.885,0.7677,6.065,0,11.7206930506689,0
"2216",2004,93,7,69.4775,613.295,252.975,317.36,82.185,3.165,0.71745,7.885,0,11.7203585060244,0
"2217",2004,93,8,58.5015,1011.218,413.15,530.855,126.67,5.19,0.6217,8.05,0,11.7203402697779,0
"2218",2004,93,9,48.4895,1342.832,554.185,715.715,162.125,7.11,0.5361,7.725,0,11.720339949387,0
"2219",2004,93,10,40.3835,1574.902,653.955,844.95,185.45,8.845,0.50735,7.71,0,11.7203400144093,0
"2220",2004,93,11,35.635,1694.042,703.38,908.395,196.815,9.96,0.4433,8.52,0,11.7203402652127,0
"2221",2004,93,12,35.629,1697.193,699.63,903.92,196.92,11.13,0.3691,8,0,11.7203400428993,0
"2222",2004,93,13,40.3685,1581.503,640.285,828.48,185.63,11.725,0.3611,8.465,0,11.7203402995813,0
"2223",2004,93,14,48.4635,1357.805,540.27,698.585,164.635,12.23,0.3664,8.61,0,11.7203400205265,0
"2224",2004,93,15,58.465,1035.575,403.94,519.52,133.19,12.605,0.3674,8.39,0,11.7203401538331,0
"2225",2004,93,16,69.4275,640.297,245.18,307.465,90.885,12.695,0.37415,8.055,0,11.7203400219506,0
"2226",2004,93,17,80.754,236.141,89.23,103.88,40.155,12.035,0.4175,6.77,0,11.7203399823571,0
"2227",2004,93,18,92.1435,13.8,5.395,2.095,3.52,9.905,0.54335,5.16,0,11.7284336898755,0
"2228",2004,93,19,103.383,0.23,0,0,0.16,8.155,0.61175,4.215,0,11.7653540199797,0
"2229",2004,93,20,113.777,0,0,0,0.225,6.635,0.7079,2.775,0,11.7665280617857,0
"2230",2004,93,21,122.896,0,0,0,0,5.44,0.6796,1.385,0,11.7666584372818,0
"2231",2004,93,22,129.9215,0,0,0,0,5.46,0.61345,2.185,0,11.7668031387446,0
"2232",2004,93,23,133.8255,0,0,0,0.02,4.995,0.62175,1.765,0,11.766970106489,0
"2233",2004,94,0,133.7895,0,0,0,0,3.77,0.7361,1.915,0,11.767148939348,0
"2234",2004,94,1,129.827,0.046,0,0,0.02,3.4,0.7605,3.16,0,11.7673273797447,0
"2235",2004,94,2,122.7565,0,0,0,0.005,2.355,0.7934,3.47,0,11.7674929132154,0
"2236",2004,94,3,113.6045,0,0,0,0,2.6,0.7389,3.1,0,11.7676333580224,0
"2237",2004,94,4,103.188,0.138,0,0,0,1.905,0.78975,2.405,0,11.7677406799367,0
"2238",2004,94,5,91.9005,15.387,6.91,3.65,2.47,1.91,0.7522,2.375,0,11.7690020746384,0
"2239",2004,94,6,80.5225,237.015,100.365,117.405,37.535,2.015,0.77575,1.335,0,11.8422357308563,0
"2240",2004,94,7,69.1705,595.723,251.245,312.505,80.06,5.29,0.685,3.215,0,11.8418105383069,0
"2241",2004,94,8,58.1815,983.181,402.365,518.28,126.22,8.46,0.5682,5.81,0,11.8417920718651,0
"2242",2004,94,9,48.1445,1298.58,530.375,687.055,159.18,11.19,0.45535,6.985,0,11.8417917564504,0
"2243",2004,94,10,40.01,1548.705,635.73,823.42,183.1,13.57,0.35065,8.16,0,11.8417918214738,0
"2244",2004,94,11,35.247,1684.612,690.26,893.46,195.305,14.97,0.2954,9.125,0,11.8417920709304,0
"2245",2004,94,12,35.267,1681.093,685.66,887.8,195.485,16.07,0.26345,9.945,0,11.8417918512747,0
"2246",2004,94,13,40.061,1560.527,626.565,813,184.67,16.13,0.29715,10.45,0,11.8417920788056,0
"2247",2004,94,14,48.211,1332.022,525.09,681.165,163.13,16.015,0.33455,11.335,0,11.8417918360696,0
"2248",2004,94,15,58.249,1019.153,395.45,511.67,133.78,15.3,0.37875,12.875,0,11.841791771145,0
"2249",2004,94,16,69.232,516.258,199.87,252.9,73.445,13.18,0.4805,13.91,0,11.8417917760644,0
"2250",2004,94,17,80.568,200.008,76.99,90.105,32.11,11.36,0.43725,11.85,0,11.8417917805429,0
"2251",2004,94,18,91.921,12.236,4.88,2.1,2.28,9.345,0.4348,9.715,0,11.8494257568675,0
"2252",2004,94,19,103.1725,0,0,0,0.57,8.17,0.4571,7.375,0,11.8797251259078,0
"2253",2004,94,20,113.5385,0.046,0,0,0.435,6.465,0.50655,5.24,0,11.8807641662416,0
"2254",2004,94,21,122.617,0.207,0,0,0.325,5.515,0.5152,6.105,0,11.8808975529386,0
"2255",2004,94,22,129.5945,0.253,0,0,0.145,4.62,0.54905,6.985,0,11.8810540763289,0
"2256",2004,94,23,133.4555,0.161,0,0,0.545,3.95,0.56395,8.245,0,11.8812347621613,0
"2257",2004,95,0,133.404,0.253,0,0,0.53,2.52,0.63965,6.19,0.0105833333333333,11.8814251150958,0
"2258",2004,95,1,129.4475,0.414,0,0,0.33,1.49,0.67195,6.42,0.0105833333333333,11.8816221447654,0
"2259",2004,95,2,122.398,0.322,0,0,0.365,0.815,0.7008,6.68,0.0105833333333333,11.8818085554799,0
"2260",2004,95,3,113.272,0.161,0,0,0.165,0.395,0.72055,5.92,0.0105833333333333,11.881960229732,0
"2261",2004,95,4,102.8725,0.161,0,0,0.2,0.205,0.72235,6.24,0.0105833333333333,11.8820706376809,0
"2262",2004,95,5,91.6135,16.422,7.665,4.36,3.145,0.01,0.726,6.49,0.0105833333333333,11.8836538939231,0
"2263",2004,95,6,80.227,241.017,100.605,120.73,39.565,0.415,0.70555,7.005,0.0105833333333333,11.9498537602094,0
"2264",2004,95,7,68.868,635.881,259.99,332.34,89.945,1.57,0.66345,7.22,0.0105833333333333,11.9493470486849,0
"2265",2004,95,8,57.864,1027.41,419.635,540.32,131.445,2.89,0.6277,6.625,0.0105833333333333,11.9493281738719,0
"2266",2004,95,9,47.803,1349.456,554.385,714.64,162.85,4.07,0.57035,6.725,0.0105833333333333,11.9493278620074,0
"2267",2004,95,10,39.6395,1583.435,655.17,841.695,183.975,5.275,0.5044,6.385,0.0105833333333333,11.9493279352737,0
"2268",2004,95,11,34.862,1705.565,706.3,905.7,194.02,6.415,0.4401,5.78,0.0105833333333333,11.9493282193338,0
"2269",2004,95,12,34.9065,1700.022,697.465,895.615,192.785,7.425,0.38305,6.025,0.0105833333333333,11.9493279308353,0
"2270",2004,95,13,39.757,1601.467,649.585,834.525,184.755,8.43,0.35165,6.64,0.0105833333333333,11.9493281211993,0
"2271",2004,95,14,47.9585,1368.914,545.245,700.58,163.925,9.06,0.3303,6.2,0.0105833333333333,11.94932798615,0
"2272",2004,95,15,58.0355,1040.198,405.135,518.37,131.66,9.545,0.322,6.465,0.0105833333333333,11.9493278977308,0
"2273",2004,95,16,69.039,644.138,246.085,307.905,90.095,9.845,0.3138,6.845,0.0105833333333333,11.9493279390221,0
"2274",2004,95,17,80.382,241.132,91.375,105.905,40.225,9.665,0.324,5.995,0.0105833333333333,11.9493279774471,0
"2275",2004,95,18,91.737,14.789,6.59,2.735,3.315,8.255,0.4226,3.56,0.0105833333333333,11.9544465760837,0
"2276",2004,95,19,102.9625,0.023,0,0,0,7.44,0.44905,3.355,0.0105833333333333,11.9860095614281,0
"2277",2004,95,20,113.2995,0.115,0,0,0,6.515,0.46975,2.88,0.0105833333333333,11.9871574259185,0
"2278",2004,95,21,122.338,0.092,0,0,0,5.385,0.5172,1.885,0.0105833333333333,11.9872928651723,0
"2279",2004,95,22,129.2715,0.046,0,0,0.02,4.36,0.6,3.125,0.0105833333333333,11.9874421438179,0
"2280",2004,95,23,133.0915,0.092,0,0,0.035,2.895,0.69405,3.885,0.0105833333333333,11.9876130626836,0
"2281",2004,96,0,133.0175,0.023,0,0,0.145,1.815,0.73645,4.235,0,11.9877962014239,0
"2282",2004,96,1,129.0695,0.046,0,0,0.035,1.03,0.7719,3.525,0,11.9879750457763,0
"2283",2004,96,2,122.041,0,0,0,0,0.625,0.76755,3.64,0,11.9881409232327,0
"2284",2004,96,3,112.9395,0,0,0,0,0.295,0.7579,3.28,0,11.9882796440947,0
"2285",2004,96,4,102.5595,0,0,0,0.02,-0.165,0.78045,2.81,0,11.9883841404408,0
"2286",2004,96,5,91.2885,16.583,7.81,4.52,2.475,-0.655,0.80245,2.94,0,11.9899603758005,0
"2287",2004,96,6,79.9325,240.373,100.94,120.405,37.335,0.505,0.74945,2.745,0,12.0494189408402,0
"2288",2004,96,7,68.5665,638.342,259.055,330.41,86.895,2.37,0.51145,4.81,0,12.0488306630003,0
"2289",2004,96,8,57.547,1033.666,414.585,537.43,130.83,3.795,0.45215,5.325,0,12.0488110531817,0
"2290",2004,96,9,47.463,1356.954,548.54,710.18,162.465,5.425,0.42595,4.585,0,12.0488108442393,0
"2291",2004,96,10,39.271,1582.745,646.77,832.365,182.28,7.235,0.42505,3.425,0,12.0488109730958,0
"2292",2004,96,11,34.479,1698.619,697.385,894.145,191.9,8.635,0.41055,3.015,0,12.0488107327042,0
"2293",2004,96,12,34.5485,1703.932,696.085,891.765,192.115,10.045,0.40125,2.915,0,12.0488107803752,0
"2294",2004,96,13,39.454,1589.691,641.535,822.765,182.51,11.11,0.38335,2.975,0,12.0488109383925,0
"2295",2004,96,14,47.709,1345.017,534.745,684.43,160.275,12.025,0.3671,2.885,0,12.04881091326,0
"2296",2004,96,15,57.8225,990.311,386.665,491.57,125.04,12.62,0.3566,2.68,0,12.0488107378542,0
"2297",2004,96,16,68.846,585.327,224.81,279.4,81.3,12.96,0.35185,3.37,0,12.0488107458715,0
"2298",2004,96,17,80.1945,220.179,85.675,99.02,34.17,12.66,0.38615,4.205,0,12.048810752409,0
"2299",2004,96,18,91.552,12.098,6.18,2.74,1.705,11.11,0.48255,3.445,0,12.0532770103941,0
"2300",2004,96,19,102.7515,0.046,0,0,0,10.135,0.5149,3.615,0,12.0794431011414,0
"2301",2004,96,20,113.062,0.046,0,0,0.005,8.94,0.56315,3.965,0,12.0804712795224,0
"2302",2004,96,21,122.061,0.046,0,0,0.015,7.485,0.6353,4.585,0,12.0806032000004,0
"2303",2004,96,22,128.947,0.069,0,0,0,6.71,0.67095,4.395,0,12.0807520225188,0
"2304",2004,96,23,132.7265,0.023,0,0,0.02,6.2,0.69085,3.77,0,12.0809229838765,0
"2305",2004,97,0,132.6355,0.046,0,0,0.08,5.44,0.7202,3.865,0,12.0811036707222,0
"2306",2004,97,1,128.6945,0,0,0,0,4.95,0.74015,3.55,0,12.0812828153225,0
"2307",2004,97,2,121.689,0.299,0,0,0,4.77,0.74155,3.255,0,12.0814523261465,0
"2308",2004,97,3,112.6095,0.092,0,0,0,4.795,0.7412,3.255,0,12.0816014169525,0
"2309",2004,97,4,102.2485,0.069,0,0,0.01,4.125,0.7684,3.475,0,12.0817082201904,0
"2310",2004,97,5,91.0025,15.847,8.16,5.825,2.645,5.455,0.70145,5.56,0,12.0829876359798,0
"2311",2004,97,6,79.6385,208.794,85.55,103.485,30.365,6.255,0.6954,6.205,0,12.1353520825203,0
"2312",2004,97,7,68.2665,404.984,159.185,200.41,49.31,8.29,0.63365,6.945,0,12.1346476886519,0
"2313",2004,97,8,57.2335,509.45,194.715,245.185,58.18,9.765,0.60165,7.68,0,12.1346260373114,0
"2314",2004,97,9,47.125,641.401,244.765,308.985,70.36,11.75,0.5408,8.885,0,12.1346256865873,0
"2315",2004,97,10,38.904,883.706,335.81,428.995,98.19,13.605,0.50565,9.35,0,12.1346257503443,0
"2316",2004,97,11,34.0955,1145.469,442.655,574.895,128.765,15.435,0.4971,7.65,0,12.1346259907245,0
"2317",2004,97,12,34.192,1536.469,607.37,787.265,175.21,18.1,0.42495,8.53,0,12.1346257905463,0
"2318",2004,97,13,39.154,1267.668,490.89,637.63,147.625,19.705,0.3741,9.35,0,12.134625888272,0
"2319",2004,97,14,47.464,992.381,383.895,492.875,118.255,20.565,0.36315,8.635,0,12.1346257269954,0
"2320",2004,97,15,57.6115,882.694,332.5,433.955,112.355,21.26,0.3615,8.95,0,12.1346257897928,0
"2321",2004,97,16,68.655,539.143,189.155,257.555,75.405,21.445,0.3698,8.465,0,12.1346259281195,0
"2322",2004,97,17,80.0135,125.074,46.855,49.74,14.1,19.88,0.45335,6.115,0,12.1346257090373,0
"2323",2004,97,18,91.333,9.154,3.905,1.25,1.25,18.215,0.5202,6.39,0,12.1364962009488,0
"2324",2004,97,19,102.5415,0.207,0,0,0.42,16.515,0.5932,5.83,0,12.1523538181473,0
"2325",2004,97,20,112.8235,0.092,0,0,0.22,15.6,0.633,5.435,0,12.1530511701325,0
"2326",2004,97,21,121.784,0,0,0,0.31,14.62,0.66305,5.305,0,12.1531784663082,0
"2327",2004,97,22,128.624,0,0,0,0.055,13.465,0.7073,3.39,0,12.1533248420006,0
"2328",2004,97,23,132.364,0.069,0,0,0,12.855,0.7233,2.985,0,12.153495125703,0
"2329",2004,98,0,132.2555,0.368,0,0,0,11.83,0.76075,2.965,0,12.1536859015294,0
"2330",2004,98,1,128.32,0.138,0,0,0,11.77,0.74475,2.96,0,12.1538796222162,0
"2331",2004,98,2,121.3365,0.46,0,0,0,10.565,0.78045,2.035,0,12.1540585011191,0
"2332",2004,98,3,112.28,0.46,0,0,0,10.065,0.79145,1.54,0,12.1542189125463,0
"2333",2004,98,4,101.939,0.437,0,0,0.06,9.345,0.82195,1.95,0,12.1543388038981,0
"2334",2004,98,5,90.6825,19.895,9.595,7.48,2.775,9.48,0.83015,2.97,0,12.1578891595295,0
"2335",2004,98,6,79.3485,190.739,78.21,92.36,25.99,9.125,0.83205,3.27,0,12.2061329404722,0
"2336",2004,98,7,67.97,587.42,239.49,303.795,80.3,11.23,0.77005,2.61,0,12.2054080711605,0
"2337",2004,98,8,56.922,830.622,332.005,426.24,104.975,13.335,0.6961,3.305,0,12.2053872344257,0
"2338",2004,98,9,46.792,1136.683,459.83,588.715,135.88,15.84,0.6119,3.08,0,12.2053868951981,0
"2339",2004,98,10,38.539,1409.785,571.875,732.585,162.1,18.795,0.48655,2.395,0,12.2053869587359,0
"2340",2004,98,11,33.716,1724.839,705.655,897.505,194.03,21.135,0.38395,1.8,0,12.2053871967732,0
"2341",2004,98,12,33.8385,1687.648,684.68,870.315,188.67,22.655,0.3217,1.735,0,12.2053870019791,0
"2342",2004,98,13,38.858,1550.131,621.005,791.66,176.975,22.93,0.3051,2.715,0,12.2053870730761,0
"2343",2004,98,14,47.2205,1332.344,521.145,669.36,157.59,23.565,0.29585,2.55,0,12.2053869191001,0
"2344",2004,98,15,57.403,876.346,321.315,435.205,113.89,23.495,0.307,3.6,0,12.2053869467796,0
"2345",2004,98,16,68.463,401.074,139.86,192.045,52.185,23.195,0.32845,3.07,0,12.2053870028366,0
"2346",2004,98,17,79.829,120.06,37.72,53.87,16.15,21.15,0.5292,4.19,0,12.2053869401515,0
"2347",2004,98,18,91.15,12.512,2.855,4.62,2.115,19.785,0.61255,4.27,0,12.2066678687648,0
"2348",2004,98,19,102.334,0.391,0,0,0.46,17.96,0.65655,4.905,0,12.2230349976635,0
"2349",2004,98,20,112.585,0.253,0,0,0.135,16.235,0.691,3.95,0,12.2237889375876,0
"2350",2004,98,21,121.505,0,0,0,0.1,15.08,0.7519,2.97,0,12.223921333503,0
"2351",2004,98,22,128.3025,0,0,0,0,15.12,0.7227,2.975,0,12.2240684501693,0
"2352",2004,98,23,132.0025,0,0,0,0.03,14.295,0.7403,4.415,0,12.2242368023022,0
"2353",2004,99,0,131.8755,0,0,0,0.09,12.855,0.79495,4.16,0.0105833333333333,12.2244159836104,0
"2354",2004,99,1,127.948,0,0,0,0,11.625,0.8447,4.135,0.0105833333333333,12.2245929243992,0
"2355",2004,99,2,120.9865,0,0,0,0,11.17,0.84405,4.66,0.0105833333333333,12.2247556656013,0
"2356",2004,99,3,111.9525,0,0,0.435,0.135,11.375,0.7822,6.66,0.0105833333333333,12.2248927764928,0
"2357",2004,99,4,101.6315,0,0,0.03,0.71,10.1,0.67365,8.025,0.0105833333333333,12.2249956864047,0
"2358",2004,99,5,90.4035,21.597,6.275,9.795,3.65,8.265,0.69215,10.83,0.0105833333333333,12.2301708768413,0
"2359",2004,99,6,79.0605,262.2,95.4,137.7,42.3,7.19,0.7236,10.36,0.0105833333333333,12.2745827871652,0
"2360",2004,99,7,67.6765,668.932,256.265,350.81,94.545,7.965,0.6836,11.535,0.0105833333333333,12.2738855143614,0
"2361",2004,99,8,56.6145,1057.724,420.31,555.2,134.89,9.19,0.6336,12.695,0.0105833333333333,12.2738665697556,0
"2362",2004,99,9,46.458,1378.712,561.77,725.73,163.96,10.22,0.6049,11.625,0.0105833333333333,12.2738662809552,0
"2363",2004,99,10,38.178,1584.838,653.935,836.245,182.31,11.42,0.56995,11.02,0.0105833333333333,12.2738663665241,0
"2364",2004,99,11,33.339,1737.765,719.46,916.41,196.95,12.54,0.5398,10.91,0.0105833333333333,12.2738666985419,0
"2365",2004,99,12,33.4855,1613.289,656.4,839.28,182.88,13.78,0.51135,11.08,0.0105833333333333,12.2738663270535,0
"2366",2004,99,13,38.5615,1211.387,475.73,614.39,138.66,13.5,0.5125,11.12,0.0105833333333333,12.2738664603024,0
"2367",2004,99,14,46.977,950.015,364.005,474.765,110.76,13.3,0.52135,10.42,0.0105833333333333,12.2738668955022,0
"2368",2004,99,15,57.196,853.162,317.395,424.64,107.245,13.48,0.5118,10.46,0.0105833333333333,12.2738663025783,0
"2369",2004,99,16,68.2755,639.354,218.71,309.785,91.075,13.72,0.50805,8.97,0.0105833333333333,12.273866323526,0
"2370",2004,99,17,79.6455,243.662,69.6,110.885,41.285,13.57,0.5091,7.95,0.0105833333333333,12.2738663320765,0
"2371",2004,99,18,90.9675,19.458,8.17,5.5,4.19,12.07,0.5751,4.985,0.0105833333333333,12.2754830114409,0
"2372",2004,99,19,102.1235,0,0,0,0.235,10.16,0.64855,3.875,0.0105833333333333,12.3018593096524,0
"2373",2004,99,20,112.347,0.046,0,0,0.19,8.67,0.69935,3.535,0.0105833333333333,12.3030692266955,0
"2374",2004,99,21,121.2295,0.023,0,0,0.05,7.36,0.7447,3.04,0.0105833333333333,12.3032057306349,0
"2375",2004,99,22,127.9805,0.391,0,0,0.02,6.99,0.7459,4.13,0.0105833333333333,12.3033622274909,0
"2376",2004,99,23,131.6425,0.023,0,0,0.025,6.44,0.79405,3.835,0.0105833333333333,12.3035441562792,0
"2377",2004,100,0,131.4985,0.345,0,0,0.02,5.29,0.8433,2.48,0,12.303733181285,0
"2378",2004,100,1,127.577,0.46,0,0,0,4.58,0.8562,1.575,0,12.3039342887709,0
"2379",2004,100,2,120.6385,0.437,0,0,0,4.31,0.85975,0.68,0,12.3041232846567,0
"2380",2004,100,3,111.629,0.414,0,0,0,3.725,0.8919,0.465,0,12.3042810413802,0
"2381",2004,100,4,101.3255,0.46,0,0,0,3.6,0.9069,1.5,0,12.3043987042191,0
"2382",2004,100,5,90.087,27.577,12.45,10.78,4.365,3.275,0.9195,1.925,0,12.3261569588131,0
"2383",2004,100,6,78.776,265.259,111.665,136.08,37.045,4.085,0.89815,1.35,0,12.3629722783664,0
"2384",2004,100,7,67.3845,564.581,231.035,285.825,70.375,6.82,0.8081,1.095,0,12.3623501579815,0
"2385",2004,100,8,56.3095,788.831,317.835,401.615,93.74,9.19,0.69195,1.505,0,12.3623341496265,0
"2386",2004,100,9,46.129,1150.598,460.42,591.455,132.625,10.715,0.5907,2.44,0,12.3623339369432,0
"2387",2004,100,10,37.8185,1509.421,615.055,785.525,168.845,11.92,0.52815,2.77,0,12.3623341248334,0
"2388",2004,100,11,32.9635,1674.814,686.08,875.85,185.24,13.305,0.4623,1.93,0,12.3623340750282,0
"2389",2004,100,12,33.137,1518.598,617.165,784.23,165.68,13.94,0.4336,2.16,0,12.3623339177851,0
"2390",2004,100,13,38.269,1471.885,593.065,752.655,163.935,14.51,0.4008,2.49,0,12.3623339532786,0
"2391",2004,100,14,46.7365,929.568,364.135,457.385,102.065,14.74,0.37175,2.645,0,12.3623340556582,0
"2392",2004,100,15,56.9895,853.346,334.75,424.94,103.255,15.08,0.34615,3.035,0,12.3623343426466,0
"2393",2004,100,16,68.0865,269.422,107.77,127.89,29.44,14.93,0.3302,1.78,0,12.362333929219,0
"2394",2004,100,17,79.4645,89.056,36.4,37.975,9.35,14.89,0.3357,1.79,0,12.3623339332203,0
"2395",2004,100,18,90.748,9.499,5.28,2.195,0.87,14.565,0.3544,1.165,0,12.3548389153399,0
"2396",2004,100,19,101.9155,0,0,0,0.045,13.745,0.4163,2.56,0,12.3640282303807,0
"2397",2004,100,20,112.1095,0,0,0,0,12.79,0.4763,2.84,0,12.3645318277126,0
"2398",2004,100,21,120.9535,0.023,0,0,0,12.27,0.46895,2.915,0,12.3646559640451,0
"2399",2004,100,22,127.659,0,0,0,0,11.645,0.4564,2.36,0,12.3648042460939,0
"2400",2004,100,23,131.2845,0.023,0,0,0.005,10.515,0.55975,2.71,0,12.3649735531604,0
"2401",2004,101,0,131.124,0.023,0,0,0,9.62,0.6283,2.635,0,12.3651541297005,0
"2402",2004,101,1,127.2125,0.023,0,0,0,9.125,0.6385,2.995,0,12.3653321121191,0
"2403",2004,101,2,120.2925,0.207,0,0,0,8.785,0.6483,2.735,0,12.3654995549763,0
"2404",2004,101,3,111.306,0.115,0,0,0,8.705,0.6419,3.165,0,12.3656439424408,0
"2405",2004,101,4,101.021,0.161,0.05,0,0,8.215,0.65845,2.775,0,12.3657497116048,0
"2406",2004,101,5,89.812,12.489,5.855,2.555,1.24,7.92,0.67625,2.615,0,12.3662706714182,0
"2407",2004,101,6,78.491,130.824,52.595,59.945,14.46,8.265,0.6593,2.195,0,12.3921522786217,0
"2408",2004,101,7,67.0955,494.96,197.455,250.14,61.41,9.87,0.52805,3.76,0,12.390782107432,0
"2409",2004,101,8,56.0065,598.23,233.865,296.255,70.185,10.855,0.4733,4.15,0,12.3907477394314,0
"2410",2004,101,9,45.8035,552.46,214.105,265.21,60.365,11.54,0.44005,2.78,0,12.3907472153318,0
"2411",2004,101,10,37.463,759.184,297.41,370.135,82.25,12.215,0.4199,2.075,0,12.39074733122,0
"2412",2004,101,11,32.59,666.701,256.73,318.115,70.3,12.585,0.40745,2.11,0,12.3907471885796,0
"2413",2004,101,12,32.7905,812.843,315.255,394.94,87.53,13.01,0.3959,2.705,0,12.390747202292,0
"2414",2004,101,13,37.978,855.324,330.965,416.495,92.625,13.24,0.3956,3.4,0,12.3907472313875,0
"2415",2004,101,14,46.499,666.241,251.6,315.74,71.77,13.105,0.4221,4.12,0,12.390747312924,0
"2416",2004,101,15,56.7835,410.32,156.28,191.715,44.28,12.925,0.4511,4.34,0,12.3907475386374,0
"2417",2004,101,16,67.901,209.507,79.56,94.435,23.015,12.455,0.4579,5.68,0,12.3907472177638,0
"2418",2004,101,17,79.283,91.333,35.875,38.15,10.11,11.86,0.47025,5.47,0,12.3907472212214,0
"2419",2004,101,18,90.568,5.911,3.215,0.6,0.79,11.215,0.51115,4.06,0,12.3813425348344,0
"2420",2004,101,19,101.706,0,0,0,0.015,10.79,0.5205,3.34,0,12.3893855509909,0
"2421",2004,101,20,111.872,0,0,0,0.025,10.62,0.4449,3.81,0,12.3898381776123,0
"2422",2004,101,21,120.677,0.023,0,0,0.09,10.005,0.41035,3.75,0,12.389961808685,0
"2423",2004,101,22,127.341,0,0,0,0.985,7.99,0.5468,5.56,0,12.3901103485321,0
"2424",2004,101,23,130.9275,0.069,0,0,0.61,5.94,0.64535,7.17,0,12.3902812302446,0
"2425",2004,102,0,130.7515,0.069,0,0,0.575,4.705,0.68255,7.71,0,12.3904645823586,0
"2426",2004,102,1,126.846,0.046,0,0,0.295,3.915,0.69455,8.115,0,12.3906443575575,0
"2427",2004,102,2,119.9495,0.069,0,0,0.59,2.94,0.73255,7.02,0,12.3908092103377,0
"2428",2004,102,3,110.9865,0.138,0,0,0.385,1.915,0.77305,6.57,0,12.3909494816788,0
"2429",2004,102,4,100.7195,0,0.05,0,0.385,1.175,0.8061,5.74,0,12.3910533173816,0
"2430",2004,102,5,89.5015,26.542,11.8,9.49,4.145,0.715,0.8278,5.285,0,12.4069127475919,0
"2431",2004,102,6,78.2095,265.029,112.105,139.19,43.44,1.405,0.81255,6.36,0,12.4379085338001,0
"2432",2004,102,7,66.8105,671.071,276.715,355.33,96.12,3.315,0.7408,7.175,0,12.437189484319,0
"2433",2004,102,8,55.707,1073.272,441.52,569.39,137.42,5.415,0.61095,7.42,0,12.4371720856788,0
"2434",2004,102,9,45.4815,1400.976,582.065,748.01,167.335,7.025,0.4673,7.545,0,12.4371718376993,0
"2435",2004,102,10,37.108,1628.423,682.97,872.53,185.375,8.13,0.39895,6.23,0,12.4371719497308,0
"2436",2004,102,11,32.222,1747.54,736.315,935.535,194.195,9.135,0.3419,5.255,0,12.4371723895608,0
"2437",2004,102,12,32.446,1745.079,732.07,927.275,193.09,10.03,0.3171,5.11,0,12.4371718585597,0
"2438",2004,102,13,37.691,1627.756,675.01,858.05,184.925,10.745,0.28825,5.74,0,12.4371719386161,0
"2439",2004,102,14,46.264,1398.653,570.045,727.025,165.91,11.245,0.2816,5.545,0,12.4371721895484,0
"2440",2004,102,15,56.583,1070.673,427.69,545.935,136.47,11.485,0.2781,5.54,0,12.4371718664134,0
"2441",2004,102,16,67.7165,668.909,263.365,331.45,95.335,11.49,0.28205,5.295,0,12.4371719025686,0
"2442",2004,102,17,79.1025,272.734,107.7,129.31,46.695,11.06,0.2937,5.815,0,12.4371719008738,0
"2443",2004,102,18,90.3875,25.254,10.91,9.08,5.795,9.22,0.39615,7.93,0,12.4376665393672,0
"2444",2004,102,19,101.4975,0,0,0,0.915,6.675,0.4951,10.325,0,12.467514306241,0
"2445",2004,102,20,111.636,0.069,0,0,0.735,4.905,0.5159,10.39,0,12.4690210669286,0
"2446",2004,102,21,120.403,0.115,0,0,0.42,3.755,0.55295,10.115,0,12.4691665643962,0
"2447",2004,102,22,127.023,0.138,0,0,0.32,2.97,0.58445,9.615,0,12.4693208902472,0
"2448",2004,102,23,130.574,0.138,0,0,0.28,2.41,0.6125,10,0,12.4694978234605,0
"2449",2004,103,0,130.381,0.207,0,0,0.13,2.015,0.65475,9.395,0,12.4696864549091,0
"2450",2004,103,1,126.485,0.253,0,0,0.075,2.06,0.64895,9.25,0,12.4698764477828,0
"2451",2004,103,2,119.608,0.23,0,0,0.275,1.715,0.70745,8.725,0,12.4700518079545,0
"2452",2004,103,3,110.6685,0.23,0,0,0.045,1.75,0.71715,9.165,0,12.4701982838958,0
"2453",2004,103,4,100.422,0.207,0.11,0,0.135,1.685,0.7209,9.145,0,12.4703062877198,0
"2454",2004,103,5,89.2305,29.509,13.525,12.07,4.135,1.81,0.7403,9.015,0,12.4985787766694,0
"2455",2004,103,6,77.931,258.382,105.885,130.405,36.13,2.5,0.73875,10.37,0,12.5227950331165,0
"2456",2004,103,7,66.5265,641.585,259.89,334.73,90.785,3.85,0.6845,11.435,0,12.5221332175545,0
"2457",2004,103,8,55.412,612.49,242.885,308.57,74.19,4.925,0.62905,10.445,0,12.5221178001564,0
"2458",2004,103,9,45.161,679.604,264.945,335.63,77.87,5.865,0.5926,9.825,0,12.5221175535783,0
"2459",2004,103,10,36.7585,816.27,313.655,401.12,92.165,6.765,0.54425,10.815,0,12.5221176050222,0
"2460",2004,103,11,31.8535,965.103,372.29,479.2,109.55,7.585,0.50155,10.795,0,12.5221177847373,0
"2461",2004,103,12,32.104,982.146,381.62,490.175,112.235,8.35,0.46395,10.43,0,12.5221177751852,0
"2462",2004,103,13,37.4075,851.897,329.925,421.48,97.56,8.495,0.44815,10.655,0,12.5221175728845,0
"2463",2004,103,14,46.03,617.711,237.835,299.535,70.21,8.035,0.4317,10.365,0,12.5221175885242,0
"2464",2004,103,15,56.384,518.742,201.83,253.475,60.52,7.625,0.41095,10.265,0,12.522117621255,0
"2465",2004,103,16,67.531,371.91,145.995,181.435,45.505,6.935,0.41695,11.27,0,12.522117681693,0
"2466",2004,103,17,78.9225,318.55,124.76,155.08,52.025,6.095,0.4329,11.74,0,12.5221175896773,0
"2467",2004,103,18,90.1695,14.352,5.195,2.275,1.855,4.24,0.49705,10.58,0,12.5217775549727,0
"2468",2004,103,19,101.2895,0.184,0,0,0.435,3.175,0.5339,10.16,0,12.5398694283846,0
"2469",2004,103,20,111.398,0.115,0,0,0.325,2.55,0.50495,11.52,0,12.5409531187554,0
"2470",2004,103,21,120.1275,0.276,0,0,0.395,2,0.5554,10.945,0,12.5410954917908,0
"2471",2004,103,22,126.7055,0.299,0,0,0.375,1.33,0.6017,10.715,0,12.5412581825887,0
"2472",2004,103,23,130.2225,0.368,0,0,0.22,0.92,0.6402,9.78,0,12.5414462994332,0
"2473",2004,104,0,130.016,0.299,0,0,0.32,0.64,0.64265,9.865,0,12.5416459164169,0
"2474",2004,104,1,126.125,0.345,0,0,0.255,0.185,0.67545,9.81,0,12.5418423671975,0
"2475",2004,104,2,119.2685,0.161,0,0,0.32,-0.185,0.714,8.41,0,12.5420189898723,0
"2476",2004,104,3,110.352,0.023,0,0,0.23,-0.69,0.75175,7.465,0,12.5421595322731,0
"2477",2004,104,4,100.125,0.046,0.08,0,0.05,-0.685,0.77415,8.4,0,12.5422607459951,0
"2478",2004,104,5,88.925,18.4,8.74,6.015,1.98,-0.265,0.8007,8.38,0,12.5442529037703,0
"2479",2004,104,6,77.6565,136.735,56.28,65.37,16.36,0.635,0.8002,9.695,0,12.5638166505846,0
"2480",2004,104,7,66.2475,391.46,157.755,197.56,47.76,1.58,0.75535,9.695,0,12.5625611197735,0
"2481",2004,104,8,55.121,856.474,346.14,448.11,107.165,3.69,0.6254,10.58,0,12.5625323070932,0
"2482",2004,104,9,44.844,1074.33,435.455,566.73,130.58,5.77,0.5039,12.865,0,12.5625318649147,0
"2483",2004,104,10,36.412,1208.926,492.915,638.175,142.77,7.205,0.42715,13.31,0,12.5625319237412,0
"2484",2004,104,11,31.4905,1545.738,637.235,822.595,179.34,8.46,0.39465,12.69,0,12.5625321371084,0
"2485",2004,104,12,31.765,1536.032,633.515,813.95,176.905,9.185,0.3756,12.475,0,12.5625320044224,0
"2486",2004,104,13,37.125,1393.616,569.69,734.255,164.3,9.81,0.35025,12.92,0,12.5625319148015,0
"2487",2004,104,14,45.7985,988.471,397.525,511.78,120.94,10.295,0.331,12.4,0,12.5625319494975,0
"2488",2004,104,15,56.1845,805.736,321.68,412.835,101.95,10.39,0.31125,11.82,0,12.5625318917363,0
"2489",2004,104,16,67.3475,459.908,184.485,232.05,59.845,10.46,0.2979,10.705,0,12.5625319084953,0
"2490",2004,104,17,78.7425,199.456,82.045,98.595,28.76,10.375,0.30875,8.98,0,12.5625319060291,0
"2491",2004,104,18,89.99,26.864,13.225,10.915,7.12,9.485,0.3312,6.92,0,12.5624192461642,0
"2492",2004,104,19,101.0825,0,0,0,0.145,6.68,0.4319,3.055,0,12.5892347262239,0
"2493",2004,104,20,111.1625,0.092,0,0,0,5.5,0.49925,3.425,0,12.5907921478703,0
"2494",2004,104,21,119.854,0.023,0,0,0.015,4.27,0.55195,2.77,0,12.5909381050875,0
"2495",2004,104,22,126.3905,0.046,0,0,0.005,3.435,0.58625,1.99,0,12.5910879173063,0
"2496",2004,104,23,129.873,0,0,0,0.13,3.02,0.6049,3.43,0,12.5912585278518,0
"2497",2004,105,0,129.6485,0.023,0,0,0.085,0.995,0.70975,3.11,0,12.5914381510857,0
"2498",2004,105,1,125.7695,0,0,0,0.05,0.98,0.69445,3.365,0,12.5916141609829,0
"2499",2004,105,2,118.9335,0.023,0,0,0.055,0.975,0.68625,3.775,0,12.5917757869303,0
"2500",2004,105,3,110.0395,0.092,0,0,0.08,0.96,0.6801,3.475,0,12.5919135097603,0
"2501",2004,105,4,99.8325,0.184,0.205,0,0.01,0.545,0.69915,2.93,0,12.5920179676519,0
"2502",2004,105,5,88.659,39.054,17.145,15.94,6.39,0.355,0.7135,2.64,0,12.6579701226123,0
"2503",2004,105,6,77.3835,307.763,126.48,158.345,46.99,2.045,0.71105,2.72,0,12.6658336771536,0
"2504",2004,105,7,65.9685,704.996,287.655,366.34,95.015,6.645,0.5285,3.965,0,12.6654939724158,0
"2505",2004,105,8,54.83,1084.749,441.89,566.255,133.69,10.61,0.35475,4.46,0,12.6654865144928,0
"2506",2004,105,9,44.531,1397.595,573.655,733.33,161.325,12.85,0.30715,4.215,0,12.6654864954889,0
"2507",2004,105,10,36.0675,1620.603,668.255,850.57,178.6,14.455,0.27395,3.84,0,12.6654864123377,0
"2508",2004,105,11,31.1275,1726.955,717.675,908.255,186.755,15.6,0.25655,3.695,0,12.6654864619383,0
"2509",2004,105,12,31.43,1730.359,712.505,901.975,187.675,16.505,0.2489,3.91,0,12.6654866265118,0
"2510",2004,105,13,36.845,1608.919,656.06,831.195,178.02,17.545,0.24095,3.49,0,12.6654866337585,0
"2511",2004,105,14,45.5695,1373.56,551.33,701.505,159.745,18.215,0.23305,3.485,0,12.6654864256135,0
"2512",2004,105,15,55.9865,1044.453,413.575,525.71,130.565,18.845,0.2242,2.87,0,12.6654864369268,0
"2513",2004,105,16,67.165,662.676,260.015,325.255,91.525,19.26,0.21695,2.045,0,12.6654864531366,0
"2514",2004,105,17,78.565,265.489,105.36,123.435,42.15,19.2,0.2176,1.7,0,12.6654864475059,0
"2515",2004,105,18,89.8105,26.864,13.115,8.095,3.82,17.93,0.23825,1.83,0,12.6650638971072,0
"2516",2004,105,19,100.8735,0.092,0.065,0,0,16.425,0.2667,2.555,0,12.6885084177717,0
"2517",2004,105,20,110.925,0,0,0,0.005,14.92,0.29995,4.13,0,12.6900535337341,0
"2518",2004,105,21,119.581,0.046,0,0,0,12.01,0.401,4.33,0,12.6901985823219,0
"2519",2004,105,22,126.076,0.069,0,0,0,10.685,0.46365,4.375,0,12.6903496524513,0
"2520",2004,105,23,129.5255,0.161,0,0,0,9.28,0.5241,3.365,0,12.6905242648938,0
"2521",2004,106,0,129.2875,0.138,0,0,0,8.68,0.5355,3.86,0,12.6907121390743,0
"2522",2004,106,1,125.4155,0.184,0,0,0,7.82,0.56285,3.185,0,12.6908966259601,0
"2523",2004,106,2,118.601,0.138,0,0,0,6.575,0.61405,2.415,0,12.6910672314284,0
"2524",2004,106,3,109.7305,0.069,0,0,0,7.08,0.5973,3.855,0,12.6912072926066,0
"2525",2004,106,4,99.541,0.138,0.15,0,0,6.735,0.6155,4.04,0,12.6913097321213,0
"2526",2004,106,5,88.3615,34.822,15.67,13.79,5.17,6.715,0.62725,4.415,0,12.740030183462,0
"2527",2004,106,6,77.1135,269.169,109.13,133.345,38.26,8.875,0.57965,5.52,0,12.7489342553734,0
"2528",2004,106,7,65.6955,696.417,279.3,359.72,94.94,12.7,0.4794,7.405,0,12.7484151452773,0
"2529",2004,106,8,54.5445,1076.4,432.355,559.015,134.05,15.965,0.4043,8.745,0,12.7484040766523,0
"2530",2004,106,9,44.2215,1341.521,541.66,699.42,157.855,18.17,0.3345,9.525,0,12.7484039705573,0
"2531",2004,106,10,35.727,1611.955,654.875,843.965,183.92,19.425,0.30595,10.535,0,12.7484041573492,0
"2532",2004,106,11,30.768,1677.413,679.84,876.61,188.995,20.13,0.2801,11.63,0,12.7484039263678,0
"2533",2004,106,12,31.095,1582.032,635.615,820.015,180.335,20.815,0.2832,10.77,0,12.7484039519517,0
"2534",2004,106,13,36.568,1424.896,569.155,733.475,167,21.205,0.2707,11.56,0,12.7484040207989,0
"2535",2004,106,14,45.343,1206.143,477.33,613.395,145.87,21.505,0.2519,12.015,0,12.7484042286161,0
"2536",2004,106,15,55.7935,974.97,381.135,488.46,123.745,21.715,0.2484,12.31,0,12.7484039715199,0
"2537",2004,106,16,66.985,416.507,162.835,201.315,52.335,21.045,0.2549,12.305,0,12.7484040120638,0
"2538",2004,106,17,78.3855,124.637,50.265,55.19,15.17,20.15,0.2856,9.38,0,12.7484039535913,0
"2539",2004,106,18,89.596,16.422,7.595,4.635,2.34,18.835,0.31935,6.57,0,12.7412721423296,0
"2540",2004,106,19,100.6665,0.299,0.035,0,0.39,16.99,0.37405,5.53,0,12.7494696380169,0
"2541",2004,106,20,110.6905,0.115,0,0,0.175,15.435,0.44225,5.46,0,12.7502516671509,0
"2542",2004,106,21,119.3105,0,0,0,0.02,15.355,0.45935,4.155,0,12.7503847938155,0
"2543",2004,106,22,125.765,0,0,0,0.1,14.925,0.4886,5.8,0,12.7505331288222,0
"2544",2004,106,23,129.1795,0,0,0,0.155,14.84,0.5084,5.695,0,12.7507022238117,0
"2545",2004,107,0,128.929,0,0,0,0.055,14.215,0.5439,5.305,0.0105833333333333,12.7508805785989,0
"2546",2004,107,1,125.064,0,0,0,0.075,14.095,0.55615,5.695,0.0105833333333333,12.7510561034828,0
"2547",2004,107,2,118.27,0,0,0,0.055,13.3,0.58295,5.425,0.0105833333333333,12.7512165937053,0
"2548",2004,107,3,109.4235,0,0,0,0.14,12.17,0.62555,4.965,0.0105833333333333,12.7513509848259,0
"2549",2004,107,4,99.254,0.046,0.195,0,0,11.72,0.6419,5.23,0.0105833333333333,12.7514503316393,0
"2550",2004,107,5,88.101,35.903,16.5,15.565,5.445,11.805,0.6506,4.455,0.0105833333333333,12.8014159220792,0
"2551",2004,107,6,76.846,255.484,103.655,127.22,36.235,13.4,0.61805,6.325,0.0105833333333333,12.8072664452316,0
"2552",2004,107,7,65.425,665.344,262.33,336.355,88.24,15.65,0.56105,8.56,0.0105833333333333,12.8067715582135,0
"2553",2004,107,8,54.261,1060.392,417.345,537.415,127.38,18.3,0.5065,8.32,0.0105833333333333,12.8067612672765,0
"2554",2004,107,9,43.9175,1360.68,538.53,696.52,154.29,20.42,0.4706,7.525,0.0105833333333333,12.8067612002759,0
"2555",2004,107,10,35.3905,1544.381,614.59,793.335,169.93,22.31,0.4396,6.63,0.0105833333333333,12.8067611748091,0
"2556",2004,107,11,30.4115,1617.958,644.105,831.05,175.875,24.055,0.4127,7.015,0.0105833333333333,12.8067611311408,0
"2557",2004,107,12,30.7645,1696.319,675.38,870.105,184.325,24.935,0.40105,7.92,0.0105833333333333,12.8067611696609,0
"2558",2004,107,13,36.295,1544.542,607.51,782.385,171.695,26.045,0.3799,8.81,0.0105833333333333,12.8067612847275,0
"2559",2004,107,14,45.1195,1312.84,508.595,654.465,152.73,26.775,0.3575,8.625,0.0105833333333333,12.8067616420722,0
"2560",2004,107,15,55.598,904.199,345.905,441.3,110.305,26.945,0.35315,9.035,0.0105833333333333,12.8067611525487,0
"2561",2004,107,16,66.8055,563.316,215.025,268.325,72.825,26.775,0.36275,8.655,0.0105833333333333,12.8067611702619,0
"2562",2004,107,17,78.21,267.329,102.87,122.345,40.215,26.265,0.38925,8.52,0.0105833333333333,12.806761156426,0
"2563",2004,107,18,89.4195,31.602,13.105,9.67,5.81,24.205,0.45305,6.13,0.0105833333333333,12.806477944435,0
"2564",2004,107,19,100.4605,0.046,0.04,0,0.31,21.845,0.522,5.71,0.0105833333333333,12.8367300979057,0
"2565",2004,107,20,110.4565,0.092,0,0,0.315,19.995,0.57595,6.52,0.0105833333333333,12.8388742557643,0
"2566",2004,107,21,119.04,0.115,0,0,0.045,19.15,0.5984,7.015,0.0105833333333333,12.8390349873692,0
"2567",2004,107,22,125.453,0.161,0,0,0.04,18.825,0.63625,7.43,0.0105833333333333,12.8391905240889,0
"2568",2004,107,23,128.8365,0.092,0,0,0.135,18.56,0.68465,8.465,0.0105833333333333,12.8393674699197,0
"2569",2004,108,0,128.575,0,0,0,0.295,17.545,0.73925,6.83,0,12.8395482713549,0
"2570",2004,108,1,124.717,0,0,0,0.13,16.725,0.7846,6.44,0,12.8397230788267,0
"2571",2004,108,2,117.9445,0.138,0,0,0.16,16.18,0.81465,6.53,0,12.8398866085122,0
"2572",2004,108,3,109.1195,0.437,0,0,0,16,0.8345,6.205,0,12.8400323228193,0
"2573",2004,108,4,98.9705,0.483,0.19,0,0.045,15.975,0.85195,6.045,0,12.840146830692,0
"2574",2004,108,5,87.8085,37.076,14.84,11.7,3.885,16.12,0.85545,5.94,0,12.8916321194357,0
"2575",2004,108,6,76.583,297.022,116.84,145.335,43.8,17.355,0.81875,7.09,0,12.8944399220571,0
"2576",2004,108,7,65.159,635.743,247.82,316.32,82.51,19.27,0.75565,8.6,0,12.8939749377019,0
"2577",2004,108,8,53.9835,890.422,350.57,447.795,104.66,21.1,0.68645,8.385,0,12.8939655296809,0
"2578",2004,108,9,43.616,1359.3,538.33,691.455,152.215,23.135,0.5851,6.49,0,12.8939655240819,0
"2579",2004,108,10,35.057,1592.75,633.94,812.24,170.635,24.755,0.5265,4.69,0,12.8939653997221,0
"2580",2004,108,11,30.0595,1710.05,681.85,873.235,180.445,26.355,0.4877,5.03,0,12.893965435592,0
"2581",2004,108,12,30.4365,1340.532,524.36,667.565,141.675,27.265,0.4723,5.25,0,12.8939655450664,0
"2582",2004,108,13,36.0225,1382.668,542.39,694.465,154.63,28.18,0.45155,6.13,0,12.8939659158616,0
"2583",2004,108,14,44.8965,1171.459,451.31,575.815,132.79,28.635,0.44455,6.81,0,12.8939654356278,0
"2584",2004,108,15,55.407,739.611,281.505,352.985,86.36,28.7,0.44275,8.765,0,12.8939654772681,0
"2585",2004,108,16,66.6295,596.919,224.68,281.675,78.1,28.295,0.45875,9.815,0,12.8939655453201,0
"2586",2004,108,17,78.0325,257.922,96.96,114.625,38.14,27.68,0.47395,9.05,0,12.8939654245749,0
"2587",2004,108,18,89.241,36.501,14.435,11.2,6.295,26.285,0.5033,7.52,0,12.8938680131134,0
"2588",2004,108,19,100.2555,0.046,0.055,0,0.38,24.095,0.55345,5.3,0,12.9325282113746,0
"2589",2004,108,20,110.2235,0.115,0,0,0.13,22.27,0.6009,5.265,0,12.9356919236728,0
"2590",2004,108,21,118.769,0.115,0,0,0.265,20.53,0.65795,5.19,0,12.9358737185118,0
"2591",2004,108,22,125.146,0.115,0,0,0,20.515,0.6301,6.2,0,12.9360283691775,0
"2592",2004,108,23,128.4965,0,0,0,0.215,19.64,0.6554,6.785,0,12.9362012890616,0
"2593",2004,109,0,128.2215,0.023,0,0,0.065,18.83,0.6859,6.42,0,12.9363792520684,0
"2594",2004,109,1,124.374,0.046,0,0,0.17,17.97,0.72525,6.55,0,12.9365560545565,0
"2595",2004,109,2,117.6215,0,0,0,0.325,16.87,0.7704,5.7,0,12.9367172047705,0
"2596",2004,109,3,108.8185,0.414,0,0,0,16.425,0.78775,5.33,0,12.9368583358379,0
"2597",2004,109,4,98.6875,0.483,0.19,0,0.085,16.415,0.7878,5.52,0,12.9369718142893,0
"2598",2004,109,5,87.556,44.045,18.005,17.325,5.98,15.17,0.8281,5.815,0,12.9971740437095,0
"2599",2004,109,6,76.3225,271.676,107.36,130.315,36.79,16.675,0.7784,6.15,0,12.997031273718,0
"2600",2004,109,7,64.896,729.974,285.92,367.445,95.875,20.245,0.6462,10.18,0,12.996755200167,0
"2601",2004,109,8,53.71,992.657,388.3,501.825,119.805,22.23,0.5752,11.735,0,12.9967497988209,0
"2602",2004,109,9,43.319,1389.361,551.325,713.065,158.37,23.74,0.52535,13.105,0,12.996749702991,0
"2603",2004,109,10,34.728,1648.364,658.36,853.405,183.195,25.415,0.44845,13.3,0,12.9967497264266,0
"2604",2004,109,11,29.7095,1764.445,708.27,919.9,196.005,27.225,0.3134,14.09,0,12.9967497879644,0
"2605",2004,109,12,30.1125,1755.176,704.755,921.07,201.755,28.89,0.18415,16.75,0,12.9967499986942,0
"2606",2004,109,13,35.755,1670.513,661.55,867.475,198.1,29.495,0.17035,16.91,0,12.9967498310702,0
"2607",2004,109,14,44.6785,1392.696,545.72,711.075,168.865,28.67,0.1895,16.61,0,12.9967497890303,0
"2608",2004,109,15,55.216,645.886,246.505,310.81,77.44,28.015,0.18125,16.035,0,12.996749735195,0
"2609",2004,109,16,66.4505,519.248,198.525,248.65,67.155,27.885,0.17645,15.03,0,12.9967497423508,0
"2610",2004,109,17,77.8585,149.086,60.275,66.735,17.4,26.815,0.19465,13.18,0,12.9967497392843,0
"2611",2004,109,18,89.0285,17.25,7.325,4.32,2.44,25.365,0.2244,12.315,0,12.9874825098455,0
"2612",2004,109,19,100.05,0.092,0.09,0,0.205,24.38,0.2834,11.775,0,12.9899054592195,0
"2613",2004,109,20,109.99,0.092,0,0,0.235,23.205,0.3429,11.09,0,12.9907105888249,0
"2614",2004,109,21,118.5,0.069,0,0,0.155,22.485,0.35695,12.785,0,12.9908459243507,0
"2615",2004,109,22,124.8375,0.115,0,0,0.06,22.075,0.3762,14.735,0,12.9909989033579,0
"2616",2004,109,23,128.158,0.023,0,0,0.1,21.845,0.4209,15.175,0,12.9911724950294,0
"2617",2004,110,0,127.871,0.115,0,0,0.155,21.565,0.4581,14.205,0,12.9913536234444,0
"2618",2004,110,1,124.032,0.046,0,0,0.085,21.16,0.49365,12.565,0,12.9915335718637,0
"2619",2004,110,2,117.3015,0.161,0,0,0.06,20.74,0.5329,12.2,0,12.9916975630291,0
"2620",2004,110,3,108.5215,0.092,0,0,0.005,20.765,0.5539,12.27,0,12.9918367571418,0
"2621",2004,110,4,98.41,0.115,0.24,0,0.035,20.7,0.57015,11.615,0,12.9919377257023,0
"2622",2004,110,5,87.2675,28.589,12.055,9.23,3.195,20.495,0.58685,11.19,0,13.0096103374194,0
"2623",2004,110,6,76.0655,155.411,60.81,69.27,17.095,20.71,0.58965,11.095,0,13.0091035636402,0
"2624",2004,110,7,64.637,362.181,140.7,171.73,40.61,21.49,0.5709,11.945,0,13.0080934814223,0
"2625",2004,110,8,53.439,503.884,193.08,239.255,55.66,22.27,0.557,12.12,0,13.0080737311972,0
"2626",2004,110,9,43.0255,658.214,253.22,317.03,72.595,22.655,0.53485,11.715,0,13.0080734853825,0
"2627",2004,110,10,34.4015,1403.184,556.245,718.855,155.935,23.17,0.47745,11.02,0,13.0080736725719,0
"2628",2004,110,11,29.364,1835.101,732.53,951.315,200.365,24.185,0.3971,9.93,0,13.0080736357924,0
"2629",2004,110,12,29.791,1816.103,721.91,939.45,199.4,25.18,0.32565,10.96,0,13.008073461729,0
"2630",2004,110,13,35.489,1651.078,647.605,845.76,187.07,25.53,0.29105,11.42,0,13.0080734875817,0
"2631",2004,110,14,44.461,1409.693,542.55,710.235,167.51,25.415,0.2856,11.1,0,13.0080735538854,0
"2632",2004,110,15,55.0285,1065.981,401.025,525.185,135.355,24.84,0.2901,10.12,0,13.008073720787,0
"2633",2004,110,16,66.275,710.723,260.97,338.1,98.535,23.945,0.31805,8.895,0,13.0080734795361,0
"2634",2004,110,17,77.6825,313.26,112.355,138.23,49.265,22.5,0.35445,7.4,0,13.0080734733782,0
"2635",2004,110,18,88.8535,35.121,13.41,10.29,6.1,20.38,0.40795,5.39,0,13.0079032101876,0
"2636",2004,110,19,99.8465,0.138,0.12,0,0.66,17.545,0.4738,4.455,0,13.0386955102092,0
"2637",2004,110,20,109.757,0.023,0,0,0.185,16.06,0.51515,4.17,0,13.0414073803274,0
"2638",2004,110,21,118.233,0,0,0,0.15,14.475,0.57,3.44,0,13.0415778010765,0
"2639",2004,110,22,124.533,0,0,0,0.085,13.445,0.60735,3.805,0,13.0417263900825,0
"2640",2004,110,23,127.8245,0.184,0,0,0.05,12.62,0.63735,3.81,0,13.0418995338476,0
"2641",2004,111,0,127.526,0.069,0,0,0.02,12.745,0.67485,4.395,0.889,13.0420850592698,0
"2642",2004,111,1,123.696,0,0,0,0.025,12.395,0.7127,4.725,0.889,13.0422617269868,0
"2643",2004,111,2,116.984,0,0,0,0.145,11.625,0.7361,5.65,0.889,13.0424212506959,0
"2644",2004,111,3,108.2275,0,0,0,0,11.665,0.73285,5.82,0.889,13.0425542172192,0
"2645",2004,111,4,98.135,0.092,0.25,0,0.02,11.92,0.7278,6.505,0.889,13.0426532321758,0
"2646",2004,111,5,87.0225,17.595,7.285,3.765,1.94,11.79,0.7327,6.76,0.889,13.0440025159166,0
"2647",2004,111,6,75.812,38.617,14.34,10.42,3.305,12.315,0.7218,6.475,0.889,13.0153028921862,0
"2648",2004,111,7,64.382,65.504,22.77,21.395,5.295,11.615,0.8484,6.915,0.889,12.9889795712948,0
"2649",2004,111,8,53.1725,80.983,29.285,29.495,5.105,11.345,0.9371,8.155,0.889,12.9883901925031,0
"2650",2004,111,9,42.736,301.484,108.26,128.03,23.595,12.07,0.9506,8.815,0.889,12.9883815641811,0
"2651",2004,111,10,34.0815,278.024,99.63,115.19,21.205,13.35,0.95055,8.075,0.889,12.9883814318524,0
"2652",2004,111,11,29.02,893.619,339.315,420.12,83.325,15.34,0.94485,8,0.889,12.9883814580945,0
"2653",2004,111,12,29.473,451.812,165.52,198.17,39.355,17.11,0.9327,8.645,0.889,12.9883815117608,0
"2654",2004,111,13,35.227,432.032,158.355,188.14,36.08,18.57,0.87,8.755,0.889,12.9883816678308,0
"2655",2004,111,14,44.246,814.154,311.015,384.035,79.45,20.305,0.7787,9.575,0.889,12.9883816141732,0
"2656",2004,111,15,54.8415,413.908,155.285,187.66,41.06,20.88,0.76725,7.685,0.889,12.9883814772095,0
"2657",2004,111,16,66.101,333.27,128.555,153.835,34.935,21.935,0.7006,7.855,0.889,12.9883814875973,0
"2658",2004,111,17,77.51,97.612,38.065,39.62,10.065,21.435,0.6815,7.465,0.889,12.9883814882863,0
"2659",2004,111,18,88.6775,24.265,10.14,7.08,3.205,20.35,0.67305,7.845,0.889,12.9793837899611,0
"2660",2004,111,19,99.641,0.115,0.175,0,0.095,19.455,0.6365,8.975,0.889,12.9830581730787,0
"2661",2004,111,20,109.5265,0,0,0,0.235,18.75,0.6412,9.555,0.889,12.9840300733735,0
"2662",2004,111,21,117.966,0,0,0,0.195,17.81,0.6918,8.415,0.889,12.98416427857,0
"2663",2004,111,22,124.2305,0.023,0,0,0.13,17.365,0.71465,7.445,0.889,12.9843120722189,0
"2664",2004,111,23,127.492,0.023,0,0,0.015,17.17,0.74855,7.485,0.889,12.9844813338751,0
"2665",2004,112,0,127.1835,0.046,0,0,0,17.405,0.75425,7.965,0,12.9846605559301,0
"2666",2004,112,1,123.362,0,0,0,0.985,16.23,0.75975,7.49,0,12.9848373618839,0
"2667",2004,112,2,116.6695,0.46,0,0,0.3,14.62,0.8446,7.785,0,12.9850081170858,0
"2668",2004,112,3,107.937,0.46,0,0,0.285,13.815,0.8707,6.63,0,12.9851647279744,0
"2669",2004,112,4,97.862,0.529,0.325,0,0.075,13.38,0.86105,6.455,0,12.9852816926788,0
"2670",2004,112,5,86.7425,32.522,14.24,11.54,3.715,13.45,0.86605,5.78,0,13.0206203769388,0
"2671",2004,112,6,75.5625,159.62,61.395,69.265,15.925,14.49,0.86515,7.24,0,13.0237782363158,0
"2672",2004,112,7,64.1305,240.603,90.225,105.035,23.175,15.61,0.8713,7.88,0,13.023052841228,0
"2673",2004,112,8,52.911,212.566,76.755,88.46,19.58,16.46,0.84375,8.49,0,13.0230383853581,0
"2674",2004,112,9,42.4515,596.804,222.2,276.695,62,16.665,0.8077,9.33,0,13.0230382425769,0
"2675",2004,112,10,33.7625,808.243,307.495,388.775,86.49,17.21,0.75665,9.41,0,13.0230385709829,0
"2676",2004,112,11,28.6815,1206.419,471.675,604.84,131.76,18.515,0.659,8.955,0,13.0230382150098,0
"2677",2004,112,12,29.156,1531.754,607.745,779.155,166.765,19.205,0.5974,9.12,0,13.0230383579038,0
"2678",2004,112,13,34.968,1690.868,668.91,861.665,186.71,19.345,0.545,9.155,0,13.02303884708,0
"2679",2004,112,14,44.033,1277.65,493.015,639.065,148.065,19.09,0.53795,8.99,0,13.0230381984671,0
"2680",2004,112,15,54.6565,1009.792,383.62,496.2,124.725,18.49,0.5678,8.66,0,13.0230382299238,0
"2681",2004,112,16,65.9285,737.357,272.52,353.265,103.21,18.11,0.55055,8.195,0,13.0230382789711,0
"2682",2004,112,17,77.3365,323.679,118.63,148.01,53.775,17.32,0.5799,6.705,0,13.0230381937881,0
"2683",2004,112,18,88.4675,44.183,16.82,13.98,8.94,15.515,0.6708,4.475,0,13.0230266185797,0
"2684",2004,112,19,99.4385,0.069,0.115,0,0.455,13.385,0.7553,4.575,0,13.0623530196501,0
"2685",2004,112,20,109.2955,0.023,0,0,0.58,11.84,0.77655,5.155,0,13.0673472867859,0
"2686",2004,112,21,117.7025,0.299,0,0,0.18,10.78,0.79615,3.795,0,13.0675697736271,0
"2687",2004,112,22,123.9285,0.414,0,0,0.065,9.845,0.8377,2.925,0,13.0677356469459,0
"2688",2004,112,23,127.1625,0.437,0,0,0.06,9.525,0.84415,3.985,0,13.0679286274145,0
"2689",2004,113,0,126.844,0.414,0,0,0,9.655,0.8259,4.215,0.34925,13.0681327152931,0
"2690",2004,113,1,123.0305,0.115,0,0,0,9.785,0.7841,4.115,0.34925,13.0683253380327,0
"2691",2004,113,2,116.361,0.092,0,0,0,9.655,0.7851,4.325,0.34925,13.0684915966248,0
"2692",2004,113,3,107.6495,0.23,0,0,0.03,9.105,0.8121,5.665,0.34925,13.0686328894107,0
"2693",2004,113,4,97.5955,0.253,0.41,0,0.005,9.01,0.77555,6.62,0.34925,13.0687407214833,0
"2694",2004,113,5,86.5025,34.408,14.315,11.885,3.765,8.975,0.7545,6.055,0.34925,13.1091920964774,0
"2695",2004,113,6,75.317,190.141,73.515,86.555,20.89,9.2,0.746,6.88,0.34925,13.1094311266968,0
"2696",2004,113,7,63.8825,350.704,132.255,161.34,37.585,9.615,0.7435,6.98,0.34925,13.1087973713712,0
"2697",2004,113,8,52.652,354.246,129.325,156.115,35.215,10.16,0.73035,7.125,0.34925,13.108784953612,0
"2698",2004,113,9,42.172,275.356,96.055,112.62,24.255,10.44,0.7185,8.215,0.34925,13.1087848278245,0
"2699",2004,113,10,33.451,181.286,60.5,66.875,12.515,10.305,0.76395,7.715,0.34925,13.1087850475234,0
"2700",2004,113,11,28.3445,306.889,106.275,125.455,23.105,9.96,0.8524,8.045,0.34925,13.1087849050318,0
"2701",2004,113,12,28.844,215.717,72.8,82.495,14.425,10.1,0.8766,6.265,0.34925,13.1087848592653,0
"2702",2004,113,13,34.7115,214.659,73.135,82.925,14.545,9.945,0.9051,6.34,0.34925,13.1087847998074,0
"2703",2004,113,14,43.8245,169.625,59.235,65.275,11.84,10.19,0.90185,6.62,0.34925,13.1087848248122,0
"2704",2004,113,15,54.474,204.562,74.2,85.07,16.395,10.465,0.89215,6.47,0.34925,13.1087848807158,0
"2705",2004,113,16,65.7545,141.979,53.89,59.445,12.345,10.645,0.88835,7.18,0.34925,13.1087849689448,0
"2706",2004,113,17,77.165,73.508,29.205,28.355,6.73,10.88,0.87475,5.935,0.34925,13.1087847888357,0
"2707",2004,113,18,88.2955,10.603,4.66,1.345,0.795,10.865,0.86035,5.23,0.34925,13.0690708963145,0
"2708",2004,113,19,99.236,0.437,0.175,0,0.045,10.55,0.89935,4.255,0.34925,13.0678437231547,0
"2709",2004,113,20,109.0655,0.46,0,0,0.1,10.095,0.884,4.64,0.34925,13.0682006982714,0
"2710",2004,113,21,117.438,0.276,0,0,0.55,9.03,0.8618,5.805,0.34925,13.0683386433801,0
"2711",2004,113,22,123.631,0.184,0,0,0.615,7.81,0.8836,5.505,0.34925,13.0684984907288,0
"2712",2004,113,23,126.8365,0.46,0,0,0.645,6.51,0.8941,5.765,0.34925,13.0686847153065,0
"2713",2004,114,0,126.5085,0.46,0,0,0.235,5.67,0.8733,6.835,0,13.0688913797244,0
"2714",2004,114,1,122.7055,0.46,0,0,0.05,5.49,0.8725,4.235,0,13.0690952705728,0
"2715",2004,114,2,116.055,0.46,0,0,0.04,5.48,0.86795,2.835,0,13.0692822572495,0
"2716",2004,114,3,107.367,0.46,0,0,0.1,5.24,0.8842,2.975,0,13.0694378658695,0
"2717",2004,114,4,97.332,0.667,0.475,0,0.085,5.205,0.88015,4.285,0,13.0695560389142,0
"2718",2004,114,5,86.229,45.356,19.01,16.675,4.405,5.53,0.8918,4.165,0,13.1278969124053,0
"2719",2004,114,6,75.0755,181.447,72.24,81.77,16.66,6.18,0.9008,4.385,0,13.1266203659189,0
"2720",2004,114,7,63.6405,336.168,131.505,156.17,31.655,7.48,0.90925,4.05,0,13.1263597304012,0
"2721",2004,114,8,52.399,591.33,232.505,282.84,57.78,8.705,0.89255,4.01,0,13.1263547451499,0
"2722",2004,114,9,41.897,1013.334,402.275,504.58,104.235,10.065,0.8584,3.185,0,13.1263546596242,0
"2723",2004,114,10,33.1415,1497.369,594.115,756.735,153.89,11.85,0.81755,3.095,0,13.1263546777413,0
"2724",2004,114,11,28.0125,1798.278,732.735,923.135,178.72,14.51,0.72795,2.855,0,13.1263547159998,0
"2725",2004,114,12,28.5365,1472.943,588.51,744.295,147.74,15.815,0.685,3.9,0,13.1263548352425,0
"2726",2004,114,13,34.4575,1307.55,514.295,651.145,136.645,16.765,0.6123,3.765,0,13.1263552385005,0
"2727",2004,114,14,43.616,1365.418,535.03,678.52,149.395,17.425,0.57225,3.83,0,13.126354708237,0
"2728",2004,114,15,54.2915,932.742,359.625,452.615,106.83,17.825,0.54035,3.57,0,13.126354742975,0
"2729",2004,114,16,65.5835,686.32,261.365,326.615,85.815,18.115,0.51855,3.455,0,13.1263547943119,0
"2730",2004,114,17,76.994,305.9,118.255,141.17,43.235,18.18,0.5069,2.47,0,13.1263546986758,0
"2731",2004,114,18,88.122,38.778,17.29,14.185,4.845,17.39,0.54315,1.71,0,13.1262759432867,0
"2732",2004,114,19,99.035,0.069,0.355,0,0,16.315,0.61775,1.365,0,13.1562796785476,0
"2733",2004,114,20,108.8365,0,0,0,0,15.93,0.58855,1.735,0,13.1596609441079,0
"2734",2004,114,21,117.1775,0.161,0,0,0,15.465,0.59705,2.21,0,13.1598491190951,0
"2735",2004,114,22,123.335,0.23,0,0,0.35,12.48,0.7147,3.325,0,13.1600069488705,0
"2736",2004,114,23,126.513,0.437,0,0,0.05,11.625,0.7267,3.68,0,13.1601931973995,0
"2737",2004,115,0,126.176,0.046,0,0,0,11.88,0.63885,3.305,0.243416666666667,13.1603873279373,0
"2738",2004,115,1,122.384,0.023,0,0,0.065,11.06,0.65165,3,0.243416666666667,13.1605641021576,0
"2739",2004,115,2,115.753,0.23,0,0,0.135,9.89,0.73585,3.705,0.243416666666667,13.1607290922266,0
"2740",2004,115,3,107.0865,0.023,0,0,0,10.46,0.6581,4.385,0.243416666666667,13.1608691029212,0
"2741",2004,115,4,97.0695,0.483,0.505,0,0.04,11,0.59015,4.485,0.243416666666667,13.1609740028034,0
"2742",2004,115,5,85.9985,45.172,18.8,16.915,5.35,10.27,0.664,4.455,0.243416666666667,13.2142403404456,0
"2743",2004,115,6,74.8365,296.033,114.725,140.67,36.03,11.04,0.62885,5.65,0.243416666666667,13.2116741843949,0
"2744",2004,115,7,63.4015,548.596,209.16,263.36,63.6,12.875,0.59075,6.55,0.243416666666667,13.2113969200878,0
"2745",2004,115,8,52.151,729.008,275.24,348.28,80.975,14.215,0.5698,8.15,0.243416666666667,13.2113917342619,0
"2746",2004,115,9,41.625,695.474,260.08,325.075,73.17,15.16,0.55845,8.405,0.243416666666667,13.211391645568,0
"2747",2004,115,10,32.837,595.217,215.92,266.375,58.51,15.85,0.54975,8.4,0.243416666666667,13.2113916635259,0
"2748",2004,115,11,27.685,537.28,189.295,231.305,49.67,16.375,0.54495,7.61,0.243416666666667,13.2113917024933,0
"2749",2004,115,12,28.2305,352.981,118.93,140.375,29.035,15.935,0.59245,6.65,0.243416666666667,13.2113918252088,0
"2750",2004,115,13,34.2085,251.873,85.74,97.95,18.87,14.595,0.70615,6.98,0.243416666666667,13.2113922399268,0
"2751",2004,115,14,43.411,236.946,82.75,94.805,17.855,13.6,0.7687,8.475,0.243416666666667,13.2113916915946,0
"2752",2004,115,15,54.112,303.232,110.715,129.135,25.895,13.5,0.79015,10.725,0.243416666666667,13.211391724008,0
"2753",2004,115,16,65.415,164.703,61.085,67.415,14.2,13.58,0.79725,10.835,0.243416666666667,13.2113917695101,0
"2754",2004,115,17,76.823,88.021,33.975,33.91,7.75,13.865,0.8017,10.245,0.243416666666667,13.2113916816043,0
"2755",2004,115,18,87.9125,14.145,6.29,2.46,1.305,14.15,0.8042,8.555,0.243416666666667,13.1828739427599,0
"2756",2004,115,19,98.834,0.46,0.18,0,0.015,14.29,0.81135,7.325,0.243416666666667,13.180308230053,0
"2757",2004,115,20,108.61,0.322,0,0,0.05,14.68,0.7945,7.635,0.243416666666667,13.18079470915,0
"2758",2004,115,21,116.916,0.414,0,0,0.25,14.26,0.8394,7.785,0.243416666666667,13.1809359927545,0
"2759",2004,115,22,123.0405,0.46,0,0,0.125,14.03,0.88395,7.32,0.243416666666667,13.1811069878422,0
"2760",2004,115,23,126.1945,0.46,0,0,0.01,14.375,0.89855,6.14,0.243416666666667,13.1813032706575,0
"2761",2004,116,0,125.8495,0.46,0,0,0,14.845,0.941,6.175,0.0211666666666667,13.1815098534195,0
"2762",2004,116,1,122.065,0.46,0,0,0.08,15.555,0.9479,5.625,0.0211666666666667,13.1817126765827,0
"2763",2004,116,2,115.456,0.46,0,0,0.09,15.335,0.9551,5.275,0.0211666666666667,13.1818977511772,0
"2764",2004,116,3,106.811,0.46,0,0,0.1,15.475,0.95055,6.28,0.0211666666666667,13.1820521781678,0
"2765",2004,116,4,96.8135,0.805,0.45,0,0.02,15.575,0.9541,6.08,0.0211666666666667,13.1821706854235,0
"2766",2004,116,5,85.7325,16.537,6.785,1.995,1.45,15.465,0.9551,5.135,0.0211666666666667,13.1832390974579,0
"2767",2004,116,6,74.6025,273.079,109.17,130.695,33.06,15.64,0.8933,6.855,0.0211666666666667,13.1680030128268,0
"2768",2004,116,7,63.1655,563.868,222.29,278.065,65.545,15.84,0.82095,9.485,0.0211666666666667,13.1665692958422,0
"2769",2004,116,8,51.9055,1008.021,401.325,509.32,111.185,15.86,0.76255,11.89,0.0211666666666667,13.1665423128027,0
"2770",2004,116,9,41.358,1187.49,475.45,606.465,129.53,16.08,0.7228,11.785,0.0211666666666667,13.1665419381958,0
"2771",2004,116,10,32.537,1355.758,541.91,691.845,143.58,15.965,0.669,13.025,0.0211666666666667,13.1665420148218,0
"2772",2004,116,11,27.3605,576.817,217.495,271.8,60.14,14.495,0.6777,11.495,0.0211666666666667,13.1665422991915,0
"2773",2004,116,12,27.929,650.486,244.87,306.755,66.895,13.555,0.71475,10.835,0.0211666666666667,13.1665420011467,0
"2774",2004,116,13,33.9595,306.935,110.03,131.805,29.1,13.045,0.7287,10.175,0.0211666666666667,13.1665421697913,0
"2775",2004,116,14,43.207,351.992,129.86,156.23,34.02,13.18,0.73705,9.94,0.0211666666666667,13.1665420445709,0
"2776",2004,116,15,53.9335,257.163,95.48,113.26,25.485,12.7,0.7739,10.42,0.0211666666666667,13.1665419625802,0
"2777",2004,116,16,65.246,138.552,51.94,58.07,13.96,12.39,0.7806,9.795,0.0211666666666667,13.1665419808109,0
"2778",2004,116,17,76.654,104.397,40.695,43.675,10.94,12.175,0.75485,9.65,0.0211666666666667,13.1665419387692,0
"2779",2004,116,18,87.742,14.996,6.46,2.8,1.79,11.805,0.76885,7.005,0.0211666666666667,13.1455899659749,0
"2780",2004,116,19,98.633,0.161,0.295,0,0.43,10.93,0.73225,6.305,0.0211666666666667,13.1436123100453,0
"2781",2004,116,20,108.3825,0.023,0,0,0.03,10.05,0.7878,3.305,0.0211666666666667,13.1441870457037,0
"2782",2004,116,21,116.658,0.138,0,0,0.085,9.055,0.8323,3.295,0.0211666666666667,13.1443181332047,0
"2783",2004,116,22,122.7495,0.437,0,0,0.015,8.99,0.83505,3.305,0.0211666666666667,13.1444800957418,0
"2784",2004,116,23,125.879,0.46,0,0,0.005,8.255,0.8536,3.335,0.0211666666666667,13.1446754522929,0
"2785",2004,117,0,125.524,0.46,0,0,0.02,7.785,0.8708,3.88,0,13.1448823332513,0
"2786",2004,117,1,121.75,0.46,0,0,0.01,7.76,0.87145,3.52,0,13.1450850477663,0
"2787",2004,117,2,115.1615,0.46,0,0,0.01,7.5,0.87675,2.865,0,13.14527008618,0
"2788",2004,117,3,106.5385,0.46,0,0,0.045,6.78,0.9035,3.165,0,13.1454245573993,0
"2789",2004,117,4,96.562,1.173,0.885,0,0.04,6.615,0.9086,3.135,0,13.1455482487721,0
"2790",2004,117,5,85.5075,78.729,32.73,33.91,11.31,6.52,0.91155,2.45,0,13.2120968611388,0
"2791",2004,117,6,74.373,389.482,156.205,194.395,55.26,8.48,0.88,2.91,0,13.211183293542,0
"2792",2004,117,7,62.9355,780.206,314.015,400.855,100.03,11.08,0.7837,3.12,0,13.2111133931536,0
"2793",2004,117,8,51.664,1160.971,467.285,600.47,135.645,13.585,0.6223,5.84,0,13.2111121156962,0
"2794",2004,117,9,41.095,1477.014,601.395,768.805,160.785,15.305,0.4798,7.55,0,13.2111121312539,0
"2795",2004,117,10,32.2415,1710.878,703.385,898.185,179.5,15.87,0.4475,8.36,0,13.2111120889742,0
"2796",2004,117,11,27.0405,1653.194,677.54,866.935,174.28,16.3,0.4417,8.85,0,13.2111120996844,0
"2797",2004,117,12,27.631,1676.401,684.72,881.26,183.14,16.865,0.37315,10.65,0,13.211112117225,0
"2798",2004,117,13,33.715,1699.401,688.405,891.445,192.25,16.87,0.31755,10.57,0,13.2111121611938,0
"2799",2004,117,14,43.006,1285.01,507.825,660.45,152.845,16.58,0.30085,10.905,0,13.2111122867593,0
"2800",2004,117,15,53.757,1007.17,390.9,509.465,128.475,16.34,0.29605,9.68,0,13.2111121840639,0
"2801",2004,117,16,65.079,639.101,242.455,312.23,90.24,16.01,0.29755,9.81,0,13.2111121182609,0
"2802",2004,117,17,76.4855,339.848,129.415,165.935,58.48,15.625,0.31405,9.2,0,13.2111121127358,0
"2803",2004,117,18,87.573,44.413,18.725,17.525,9.015,14.1,0.3806,6.385,0,13.2111016364921,0
"2804",2004,117,19,98.435,0.115,0.13,0,0.405,11.765,0.48665,3.73,0,13.2512073590647,0
"2805",2004,117,20,108.158,0.046,0,0,0.005,10.03,0.56935,3.725,0,13.2562124427213,0
"2806",2004,117,21,116.402,0,0,0,0,9.31,0.57235,3.135,0,13.2564334571708,0
"2807",2004,117,22,122.46,0.023,0,0,0,8.065,0.61445,2.995,0,13.2565836611664,0
"2808",2004,117,23,125.5665,0,0,0,0.155,7.56,0.6363,3.805,0,13.2567525599929,0
"2809",2004,118,0,125.204,0.046,0,0,0.135,6.135,0.7168,3.965,0,13.2569304407795,0
"2810",2004,118,1,121.44,0.184,0,0,0.035,5.34,0.7359,3.62,0,13.2571091131919,0
"2811",2004,118,2,114.871,0.299,0,0,0.015,5.175,0.7182,4.415,0,13.25727982037,0
"2812",2004,118,3,106.2705,0.069,0,0,0.055,4.67,0.7231,4.855,0,13.2574208015583,0
"2813",2004,118,4,96.313,1.012,0.785,0,0.53,3.555,0.76505,4.845,0,13.2575315363192,0
"2814",2004,118,5,85.2495,81.811,34.865,35.885,12.84,2.72,0.80715,3.79,0,13.3174012461306,0
"2815",2004,118,6,74.147,422.349,176.255,222.735,65.91,4.39,0.70715,4.735,0,13.3161595106181,0
"2816",2004,118,7,62.7085,828.161,337.8,438.215,112.14,6.045,0.50945,6.53,0,13.3160901032327,0
"2817",2004,118,8,51.43,1204.74,494.945,641.61,146.385,6.91,0.45835,7.07,0,13.3160888813679,0
"2818",2004,118,9,40.839,1478.026,613.885,789.93,165.77,7.835,0.4401,7.665,0,13.3160889121498,0
"2819",2004,118,10,31.951,1468.09,609.3,780.1,156.78,8.585,0.40985,7.94,0,13.316088853176,0
"2820",2004,118,11,26.724,1725.897,719.905,920.96,182.255,9.755,0.359,8.295,0,13.3160888657549,0
"2821",2004,118,12,27.337,1780.568,740.09,949.9,189.78,10.515,0.32215,8.26,0,13.3160888916947,0
"2822",2004,118,13,33.475,1708.992,699.03,901.49,188.595,11.195,0.29505,7.975,0,13.3160889659178,0
"2823",2004,118,14,42.8085,1481.223,592.35,768.24,172.715,11.81,0.27515,6.995,0,13.3160891856159,0
"2824",2004,118,15,53.582,1167.687,452.225,591.18,146.78,12.42,0.26485,5.635,0,13.3160888910347,0
"2825",2004,118,16,64.915,628.659,236.645,304.94,81.65,12.775,0.26515,4.61,0,13.3160889083719,0
"2826",2004,118,17,76.3175,132.112,52.115,57.405,14.305,12.615,0.27515,3.755,0,13.3160888378569,0
"2827",2004,118,18,87.3665,32.89,14.595,11.975,4.29,12.345,0.3014,2.675,0,13.314924554045,0
"2828",2004,118,19,98.2365,0.138,0.445,0,0,11.675,0.3684,2.24,0,13.3323685236208,0
"2829",2004,118,20,107.9345,0.046,0,0,0,10.765,0.47575,2.625,0,13.3343884289853,0
"2830",2004,118,21,116.149,0.299,0,0,0,10.47,0.51275,2.755,0,13.3345547939456,0
"2831",2004,118,22,122.175,0.138,0,0,0.005,9.685,0.56135,3.595,0,13.3347158046567,0
"2832",2004,118,23,125.257,0,0,0,0.09,8.025,0.62435,4.55,0,13.3348887380037,0
"2833",2004,119,0,124.888,0,0,0,0,7.56,0.6133,5.305,0.0635,13.3350656842333,0
"2834",2004,119,1,121.1345,0.023,0,0,0.05,7.42,0.60285,6.255,0.0635,13.3352386787666,0
"2835",2004,119,2,114.586,0,0,0,0.005,7.565,0.59505,6.99,0.0635,13.3353965604358,0
"2836",2004,119,3,106.008,0.115,0,0,0.005,7.68,0.5853,7.53,0.0635,13.3355289101088,0
"2837",2004,119,4,96.0695,1.219,0.925,0,0.115,7.875,0.5743,8.445,0.0635,13.3356417889358,0
"2838",2004,119,5,85.0355,95.519,38.635,40.95,15.4,8.3,0.5601,8.855,0.0635,13.3915649525952,0
"2839",2004,119,6,73.926,407.859,158.31,200.995,58.27,10.47,0.50445,9.7,0.0635,13.390312246124,0
"2840",2004,119,7,62.487,729.261,281.56,363.9,91.6,12.87,0.4627,12.65,0.0635,13.3902557762792,0
"2841",2004,119,8,51.1985,652.671,252.565,318.83,73.015,15.83,0.42265,13.765,0.0635,13.3902548011102,0
"2842",2004,119,9,40.587,1145.446,447.98,575.665,125.825,17.595,0.42655,14.39,0.0635,13.3902548641963,0
"2843",2004,119,10,31.667,1068.419,412.485,527.055,114.975,20.055,0.4295,16.14,0.0635,13.3902548122519,0
"2844",2004,119,11,26.412,1382.76,537.91,699.43,151.7,21.86,0.4123,17.415,0.0635,13.390254911984,0
"2845",2004,119,12,27.0455,1067.246,408.425,526.285,116.62,22.93,0.3833,19.215,0.0635,13.3902552695112,0
"2846",2004,119,13,33.2365,1642.936,639.29,836.595,186.77,24.365,0.31905,18.1,0.0635,13.3902548237804,0
"2847",2004,119,14,42.614,1433.406,546.775,718.8,168.81,24.49,0.32445,18.07,0.0635,13.3902548895352,0
"2848",2004,119,15,53.4095,1115.592,417.22,547.88,138.82,25.16,0.3136,16.97,0.0635,13.390255045378,0
"2849",2004,119,16,64.749,714.311,260.34,339.185,96.95,25.265,0.3036,16.525,0.0635,13.3902548070517,0
"2850",2004,119,17,76.1525,320.275,116.22,144.255,48.085,24.21,0.32435,14.77,0.0635,13.3902547952304,0
"2851",2004,119,18,87.1985,44.551,17.77,15.375,6.635,22.37,0.3721,13.945,0.0635,13.3902424087064,0
"2852",2004,119,19,98.041,0.207,0.185,0,0.505,20.625,0.4386,11.255,0.0635,13.4272411764745,0
"2853",2004,119,20,107.7135,0,0,0,0.39,19.275,0.4926,10.155,0.0635,13.4320903415416,0
"2854",2004,119,21,115.894,0,0,0,0.175,18.39,0.52045,10.41,0.0635,13.4323108872337,0
"2855",2004,119,22,121.892,0,0,0,0.115,18.155,0.5134,10.68,0.0635,13.4324611703503,0
"2856",2004,119,23,124.95,0.023,0,0,0.465,17.04,0.5441,8.57,0.0635,13.4326297680053,0
"2857",2004,120,0,124.5755,0,0,0,0.005,16.275,0.56945,7.865,0,13.4328067028291,0
"2858",2004,120,1,120.8335,0,0,0,0.015,15.94,0.58535,7.665,0,13.4329785951305,0
"2859",2004,120,2,114.3045,0,0,0,0.38,14.83,0.6413,6.645,0,13.4331343249554,0
"2860",2004,120,3,105.7475,0,0,0,0.005,13.995,0.6709,6.235,0,13.4332641901475,0
"2861",2004,120,4,95.828,1.173,0.925,0,0.035,13.555,0.6693,6.505,0,13.4333725921322,0
"2862",2004,120,5,84.823,76.751,30.425,30.475,10.36,13.5,0.66435,6.76,0,13.4785631075604,0
"2863",2004,120,6,73.708,445.188,172.525,220.895,64.295,15.08,0.61505,8.54,0,13.4764193801757,0
"2864",2004,120,7,62.2705,515.775,197.715,249.04,61.17,17.44,0.53515,9.65,0,13.4763346299951,0
"2865",2004,120,8,50.9745,550.666,208.81,260.98,61.98,18.61,0.49985,9.135,0,13.4763331851636,0
"2866",2004,120,9,40.3425,867.905,335.1,424.015,96.675,19.54,0.47945,9.365,0,13.4763331919908,0
"2867",2004,120,10,31.386,1336.415,527.045,675.605,147.615,21.675,0.4374,10.685,0,13.4763331527585,0
"2868",2004,120,11,26.104,913.261,344.025,438.5,100.46,21.87,0.44355,10.41,0,13.4763331643164,0
"2869",2004,120,12,26.757,905.326,340,431.495,96.94,21.39,0.4826,8.69,0,13.4763331858381,0
"2870",2004,120,13,33.002,903.417,345.72,437.2,99.2,22.28,0.48395,10.795,0,13.4763332436598,0
"2871",2004,120,14,42.42,847.113,323.475,406.125,93.71,22.575,0.46635,9.525,0,13.4763334090026,0
"2872",2004,120,15,53.24,627.233,240.45,300.035,72.78,23.56,0.3812,9.58,0,13.4763332020568,0
"2873",2004,120,16,64.587,432.63,165.095,202.21,50.175,23.98,0.3342,9.96,0,13.476333222741,0
"2874",2004,120,17,75.9875,134.987,52.35,57.24,14.605,23.255,0.3433,8.895,0,13.4763331641647,0
"2875",2004,120,18,87.032,32.522,14.71,11.19,4.93,22.22,0.3728,7.265,0,13.4749113280975,0
"2876",2004,120,19,97.8445,0.253,0.26,0,0.35,20.565,0.4372,4.955,0,13.4885742736271,0
"2877",2004,120,20,107.4925,0.161,0,0,0.005,19.055,0.5119,2.8,0,13.4904652664338,0
"2878",2004,120,21,115.6435,0.069,0,0,0,18.415,0.5576,1.975,0,13.4906289766535,0
"2879",2004,120,22,121.6105,0.023,0,0,0,17.18,0.5634,2.14,0,13.4907812363691,0
"2880",2004,120,23,124.6475,0.023,0,0,0,16.625,0.60105,3.005,0,13.4909509774432,0
"2881",2004,121,0,124.2675,0,0,0,0,16.445,0.6328,3.085,0.137583333333333,13.491127912263,0
"2882",2004,121,1,120.5355,0.023,0,0,0,16.93,0.65955,4.095,0.137583333333333,13.4912997464304,0
"2883",2004,121,2,114.027,0,0,0,0.025,16.79,0.6846,2.915,0.137583333333333,13.4914561000665,0
"2884",2004,121,3,105.4935,0.023,0,0,0,16.105,0.7118,1.325,0.137583333333333,13.4915848983307,0
"2885",2004,121,4,95.5575,0.897,0.505,0,0.33,14.97,0.75915,3.445,0.137583333333333,13.4916888575647,0
"2886",2004,121,5,84.6125,40.641,17.145,14.63,4.705,14.395,0.7526,4.52,0.137583333333333,13.5179583248906,0
"2887",2004,121,6,73.4955,176.778,68.115,76.585,17.105,15.41,0.7219,4.35,0.137583333333333,13.5055488313379,0
"2888",2004,121,7,62.0585,736.736,285.27,361.93,89.515,17.67,0.6555,5.5,0.137583333333333,13.5050716389953,0
"2889",2004,121,8,50.7535,1182.384,462.145,591.345,136.315,19.795,0.63145,5.72,0.137583333333333,13.505063527551,0
"2890",2004,121,9,40.0995,1288.828,505.865,646.88,143.405,20.91,0.58605,6.185,0.137583333333333,13.505063417713,0
"2891",2004,121,10,31.111,1305.066,512.58,652.48,140.45,21.735,0.539,6.11,0.137583333333333,13.5050634779404,0
"2892",2004,121,11,25.801,1150.943,446.59,570.71,125.12,22.61,0.50065,6.205,0.137583333333333,13.5050636865913,0
"2893",2004,121,12,26.4735,1029.963,398.985,504.76,110.75,23.375,0.4742,6.465,0.137583333333333,13.5050635549187,0
"2894",2004,121,13,32.769,880.164,339.055,426.475,95.745,24.11,0.4574,7.42,0.137583333333333,13.5050634598689,0
"2895",2004,121,14,42.2295,296.286,109.5,127.695,28.85,24.1,0.4523,8.245,0.137583333333333,13.5050635320185,0
"2896",2004,121,15,53.0685,205.413,74.44,83.885,19.1,23.64,0.4941,9.36,0.137583333333333,13.5050636978968,0
"2897",2004,121,16,64.4235,182.252,67.76,76.07,18.54,23.215,0.53505,9.31,0.137583333333333,13.5050634420109,0
"2898",2004,121,17,75.8205,56.879,19.96,16.465,6.295,21.09,0.67965,7.455,0.137583333333333,13.505061322752,0
"2899",2004,121,18,86.8295,5.566,1.945,0,1.07,18.07,0.9034,5.14,0.137583333333333,13.4417799612953,0
"2900",2004,121,19,97.649,0.506,0.27,0,0.27,17.5,0.92515,3.285,0.137583333333333,13.44075461,0
"2901",2004,121,20,107.2735,0.46,0,0,0.18,16.93,0.93685,2.82,0.137583333333333,13.4409763922149,0
"2902",2004,121,21,115.397,0.46,0,0,0.095,16.385,0.9512,3.935,0.137583333333333,13.4411205691736,0
"2903",2004,121,22,121.3335,0.46,0,0,0.935,15.7,0.95195,5.85,0.137583333333333,13.4412958970352,0
"2904",2004,121,23,124.3505,0.46,0,0,2.21,11.04,0.95565,7.92,0.137583333333333,13.441493090758,0
"2905",2004,122,0,123.9655,0.46,0,0,0.45,9.115,0.9606,7.17,0.254,13.441698804014,0
"2906",2004,122,1,120.244,0.46,0,0,0.32,8.46,0.94885,7.105,0.254,13.441898738944,0
"2907",2004,122,2,113.755,0.46,0,0,0.25,8.115,0.9458,8.155,0.254,13.4420804073887,0
"2908",2004,122,3,105.2425,0.46,0,0,0.055,7.965,0.9237,7.245,0.254,13.442229699722,0
"2909",2004,122,4,95.3285,0.897,0.805,0,0.14,8.01,0.91445,5.125,0.254,13.4423427489446,0
"2910",2004,122,5,84.4045,12.972,5.53,0.515,1.29,8.01,0.9223,6.225,0.254,13.4427301526269,0
"2911",2004,122,6,73.287,38.433,13.385,9.075,2.755,7.94,0.927,4.68,0.254,13.3760240377204,0
"2912",2004,122,7,61.8505,85.882,29.52,29.165,5.805,7.825,0.942,6.475,0.254,13.3361944292926,0
"2913",2004,122,8,50.5375,290.812,103.695,122.84,23.795,8.1,0.9256,8.445,0.254,13.3354783805874,0
"2914",2004,122,9,39.8645,604.44,223.45,274.145,53.84,9.06,0.8982,9.6,0.254,13.3354684654549,0
"2915",2004,122,10,30.841,182.39,63.525,69.955,13.57,9.36,0.8833,8.26,0.254,13.3354683456385,0
"2916",2004,122,11,25.5025,311.535,109.755,128.715,25.005,9.04,0.8928,8.74,0.254,13.3354684082578,0
"2917",2004,122,12,26.194,298.126,104.08,120.54,23.805,9.21,0.88375,8.655,0.254,13.3354686050902,0
"2918",2004,122,13,32.5415,336.145,117.99,138.28,27.865,9.24,0.84185,10.325,0.254,13.3354684736353,0
"2919",2004,122,14,42.0395,284.188,100.065,116.29,23.36,9.27,0.8005,8.91,0.254,13.3354683871179,0
"2920",2004,122,15,52.901,170.223,59.78,66.495,13.96,9.135,0.7961,8.555,0.254,13.3354684364029,0
"2921",2004,122,16,64.263,122.199,43.48,46.05,10.13,9.04,0.79855,7.46,0.254,13.3354684951896,0
"2922",2004,122,17,75.659,51.106,18.605,15.555,4.455,8.74,0.80375,6.88,0.254,13.3354419887501,0
"2923",2004,122,18,86.665,12.006,5.055,1.76,1.47,8.185,0.77405,6.455,0.254,13.2780651901319,0
"2924",2004,122,19,97.4565,0.276,0.29,0,0.575,7.425,0.85205,5.6,0.254,13.2779015879948,0
"2925",2004,122,20,107.0555,0.414,0,0,0.265,6.845,0.85845,5.995,0.254,13.2781538367268,0
"2926",2004,122,21,115.15,0.437,0,0,0.11,6.755,0.86715,4.87,0.254,13.2782960194416,0
"2927",2004,122,22,121.0595,0.322,0,0,0.105,6.7,0.87365,3.45,0.254,13.2784670423098,0
"2928",2004,122,23,124.056,0.138,0,0,0.155,6.515,0.8836,3.39,0.254,13.2786506527991,0
"2929",2004,123,0,123.6655,0.092,0,0,0.11,6.375,0.8854,3.39,0,13.2788347495805,0
"2930",2004,123,1,119.9545,0.23,0,0,0.115,6.195,0.88125,4.235,0,13.2790167364946,0
"2931",2004,123,2,113.486,0.299,0,0,0.095,6.02,0.8838,4.225,0,13.2791875452333,0
"2932",2004,123,3,104.9965,0.253,0,0,0.2,5.705,0.89225,4.515,0,13.2793304144709,0
"2933",2004,123,4,95.067,1.587,1.07,0,0.22,5.415,0.88335,4.21,0,13.2794505093693,0
"2934",2004,123,5,84.2035,52.463,20.525,17.055,5.23,4.98,0.8814,2.925,0,13.322524027618,0
"2935",2004,123,6,73.0845,447.672,182.32,227.605,64.205,5.775,0.8216,3.89,0,13.3184639450933,0
"2936",2004,123,7,61.649,867.399,351.535,448.945,111.1,7.34,0.752,5.42,0,13.3182712124472,0
"2937",2004,123,8,50.3275,1225.831,504.175,639.845,141.64,8.415,0.7304,4.705,0,13.3182678481941,0
"2938",2004,123,9,39.6325,1266.495,521.51,658.885,137.365,9.35,0.6754,3.785,0,13.3182677853525,0
"2939",2004,123,10,30.575,1254.305,514.16,647.275,129.915,9.99,0.6224,4.115,0,13.3182678108588,0
"2940",2004,123,11,25.209,1698.297,710.09,890.475,175.495,11.09,0.5238,3.215,0,13.3182678811482,0
"2941",2004,123,12,25.918,1738.501,722.03,912.66,186.48,11.805,0.50265,2.82,0,13.3182681222761,0
"2942",2004,123,13,32.315,790.096,312.84,389.615,83.48,11.91,0.51165,3.5,0,13.3182678744468,0
"2943",2004,123,14,41.8525,98.348,31.085,34.37,9.06,9.46,0.634,5.475,0,13.3182680259591,0
"2944",2004,123,15,52.737,207.69,75.375,88.055,18.265,6.345,0.8987,5.455,0,13.3182678521251,0
"2945",2004,123,16,64.104,170.706,64.27,73.645,17.755,6.78,0.83725,5.07,0,13.3182678842138,0
"2946",2004,123,17,75.4955,371.818,147.39,189.065,59.22,6.79,0.84975,6.865,0,13.3182678117731,0
"2947",2004,123,18,86.501,54.97,21.12,18.69,8.375,6.305,0.8536,5.715,0,13.3182675593585,0
"2948",2004,123,19,97.2655,0.69,0.465,0,0.11,5.83,0.88355,3.66,0,13.367265955553,0
"2949",2004,123,20,106.84,0.161,0,0,0.03,5.965,0.871,2.48,0,13.3759634933981,0
"2950",2004,123,21,114.906,0.253,0,0,0.045,5.805,0.87785,2.975,0,13.3762696685495,0
"2951",2004,123,22,120.7875,0.161,0,0,0.01,6.605,0.80705,4.475,0,13.3764319971129,0
"2952",2004,123,23,123.765,0,0,0,0.23,6.12,0.7369,4.885,0,13.3766056671914,0
"2953",2004,124,0,123.3715,0.092,0,0,0.245,4.9,0.768,4.215,0,13.3767842103546,0
"2954",2004,124,1,119.673,0.115,0,0,0.07,4.735,0.73105,4.13,0,13.3769622128228,0
"2955",2004,124,2,113.224,0.069,0,0,0.05,4.445,0.67525,3.89,0,13.3771235326525,0
"2956",2004,124,3,104.754,0.046,0,0,0,4.115,0.69385,2.955,0,13.3772555687346,0
"2957",2004,124,4,94.85,1.288,1.215,0,0.125,4.18,0.7136,1.88,0,13.3773667958381,0
"2958",2004,124,5,84.003,34.477,14.895,12.05,3.705,4.355,0.74125,2.135,0,13.4032228913894,0
"2959",2004,124,6,72.8845,382.145,161.835,204.19,53.7,5.055,0.72375,2.73,0,13.3869533951371,0
"2960",2004,124,7,61.4515,835.038,344.065,437.54,108.885,6.22,0.59635,2.44,0,13.3861948905301,0
"2961",2004,124,8,50.1225,1210.904,503.975,634.75,139.95,7.885,0.50485,1.685,0,13.3861815943658,0
"2962",2004,124,9,39.407,1534.284,647.6,809.585,164.54,9.015,0.49975,1.57,0,13.3861814751691,0
"2963",2004,124,10,30.3155,1559.032,651.025,817.77,161.29,9.73,0.52165,2.12,0,13.3861816354441,0
"2964",2004,124,11,24.92,1262.079,517.325,653.345,131.11,10.19,0.5139,2.475,0,13.3861814259513,0
"2965",2004,124,12,25.646,1285.194,524.335,663.61,135.49,10.815,0.49425,3.285,0,13.3861814575126,0
"2966",2004,124,13,32.0925,917.585,364.17,460.165,99.47,11.08,0.4775,3.525,0,13.3861815453801,0
"2967",2004,124,14,41.6695,869.975,349.78,438.515,96.97,11.675,0.4473,2.635,0,13.3861818019465,0
"2968",2004,124,15,52.5715,998.683,394.935,507.93,123.835,12.305,0.4178,3.58,0,13.3861814504172,0
"2969",2004,124,16,63.946,626.129,243.065,312.955,85.89,12.37,0.4081,4.3,0,13.3861814640665,0
"2970",2004,124,17,75.335,246.606,96.815,118.405,36.83,12.125,0.43505,3.545,0,13.3861814097453,0
"2971",2004,124,18,86.302,77.993,32.055,32.445,13.145,11.415,0.50315,3.23,0,13.386181431335,0
"2972",2004,124,19,97.0735,0.483,0.78,0,0.065,9.635,0.61145,3.315,0,13.4315745313883,0
"2973",2004,124,20,106.6245,0,0,0,0,8.935,0.64275,3.725,0,13.4473520186097,0
"2974",2004,124,21,114.665,0.023,0,0,0.005,7.57,0.7097,3.47,0,13.4478079486132,0
"2975",2004,124,22,120.52,0,0,0,0,7.175,0.7233,3.405,0,13.4479610570083,0
"2976",2004,124,23,123.479,0,0,0,0,6.715,0.74275,3.465,0,13.4481282584118,0
"2977",2004,125,0,123.081,0,0,0,0,6.755,0.7624,3.31,0,13.4483040670917,0
"2978",2004,125,1,119.3955,0.023,0,0,0,6.81,0.79385,3.545,0,13.4484765691371,0
"2979",2004,125,2,112.965,0.092,0,0,0,7.29,0.80145,4.8,0,13.4486358085938,0
"2980",2004,125,3,104.5185,0.092,0,0,0,7.6,0.79255,5.36,0,13.4487704280197,0
"2981",2004,125,4,94.638,1.955,1.235,0,0.095,7.835,0.7823,6.26,0,13.4488948079618,0
"2982",2004,125,5,83.8065,115.391,47.375,53.39,18.195,8.155,0.78485,7.09,0,13.5046837690343,0
"2983",2004,125,6,72.692,459.701,179.96,228.885,66.99,9.29,0.76095,8.265,0,13.5036072168227,0
"2984",2004,125,7,61.258,845.342,328.75,423.1,106.635,11.04,0.70255,10.06,0,13.5035632213846,0
"2985",2004,125,8,49.9215,1167.71,458.25,589.05,134.22,12.99,0.6406,11.495,0,13.5035626116258,0
"2986",2004,125,9,39.1885,1077.849,418.885,536.675,119.37,14.08,0.60065,11.31,0,13.5035625160581,0
"2987",2004,125,10,30.063,338.054,119.94,143.555,31.435,13.845,0.62365,9.115,0,13.5035627702018,0
"2988",2004,125,11,24.6335,530.771,188.855,234.56,51.99,14.505,0.6185,9.06,0,13.5035625399088,0
"2989",2004,125,12,25.378,402.339,139.65,167.65,36.2,15.445,0.6084,8.605,0,13.503562785817,0
"2990",2004,125,13,31.8735,341.366,117.005,138.335,29.205,15.435,0.66155,8.43,0,13.5035625235654,0
"2991",2004,125,14,41.4865,287.109,103.625,122.235,26.145,14.53,0.7671,10.91,0,13.5035626613955,0
"2992",2004,125,15,52.409,231.058,84.74,97.91,21.21,14.355,0.81245,9.6,0,13.503562510544,0
"2993",2004,125,16,63.789,559.383,208.535,260.405,65.585,15.085,0.786,10.955,0,13.5035624982697,0
"2994",2004,125,17,75.177,344.678,128.05,158.52,47.79,15.325,0.76995,9.395,0,13.5035624678873,0
"2995",2004,125,18,86.1415,69.805,28.41,29.055,12.09,14.835,0.79165,7.87,0,13.5035625233126,0
"2996",2004,125,19,96.885,0.782,0.55,0,0.435,13.35,0.8585,4.83,0,13.5436012506549,0
"2997",2004,125,20,106.4135,0.115,0,0,0.095,12.55,0.88015,4.63,0,13.5559644945279,0
"2998",2004,125,21,114.4265,0.391,0,0,0.11,11.915,0.89815,4.205,0,13.5563668496187,0
"2999",2004,125,22,120.2555,0.437,0,0,0.01,11.12,0.9215,3.16,0,13.5565397368539,0
"3000",2004,125,23,123.1985,0.46,0,0,0.025,10.62,0.92895,3.455,0,13.5567335179038,0
"3001",2004,126,0,122.797,0.46,0,0,0.04,9.76,0.94745,3.485,0,13.5569379121359,0
"3002",2004,126,1,119.12,0.46,0,0,0.14,9.86,0.9506,3.735,0,13.5571383483605,0
"3003",2004,126,2,112.7115,0.46,0,0,0.035,10.365,0.95415,4.6,0,13.5573198351487,0
"3004",2004,126,3,104.286,0.46,0,0,0.33,9.5,0.95955,3.585,0,13.557471260915,0
"3005",2004,126,4,94.3935,3.105,1.54,0.11,0.79,7.935,0.97085,2.335,0,13.5576269915431,0
"3006",2004,126,5,83.6145,131.238,49.07,59.89,22.085,6.775,0.9764,2.555,0,13.6099398965914,0
"3007",2004,126,6,72.502,481.229,195.995,245.23,70.155,9.41,0.8867,3.49,0,13.6088762195768,0
"3008",2004,126,7,61.071,896.494,360.925,462.315,115.235,12.7,0.6363,3.92,0,13.6088377807837,0
"3009",2004,126,8,49.7275,1271.578,517.89,663.615,149.94,14.715,0.55855,4.105,0,13.6088371185569,0
"3010",2004,126,9,38.9735,1572.211,653.165,827.815,171.985,16.84,0.48675,3.34,0,13.6088371858439,0
"3011",2004,126,10,29.814,1784.34,754.64,947.485,184.965,19.07,0.34795,1.865,0,13.6088374447567,0
"3012",2004,126,11,24.355,1878.87,796.9,995.22,188.86,20.545,0.30125,1.435,0,13.6088372038497,0
"3013",2004,126,12,25.114,1872.936,787.71,987.65,190.175,21.755,0.26605,1.435,0,13.6088374379115,0
"3014",2004,126,13,31.6565,1758.373,723.875,912.655,185.96,22.78,0.2513,1.98,0,13.6088371966747,0
"3015",2004,126,14,41.308,1495.598,593.685,758.99,168.645,22.885,0.28815,3.295,0,13.6088373453803,0
"3016",2004,126,15,52.2475,1242,478.81,617.93,152.205,23.5,0.2444,4.9,0,13.6088371671583,0
"3017",2004,126,16,63.6345,846.515,313.915,404.08,114.095,23.975,0.2416,5.585,0,13.6088371886522,0
"3018",2004,126,17,75.018,342.286,124.685,150.895,48.71,23.715,0.26055,5.08,0,13.6088371270987,0
"3019",2004,126,18,85.9805,95.634,37.03,37.855,16.64,22.505,0.35715,4.05,0,13.6088370134829,0
"3020",2004,126,19,96.6985,0.713,0.89,0,0.06,20.47,0.4483,4.365,0,13.644973153264,0
"3021",2004,126,20,106.2035,0,0,0,0.09,18.38,0.53775,4.795,0,13.6640365591955,0
"3022",2004,126,21,114.189,0,0,0,0.1,16.805,0.6169,4.61,0,13.664592105112,0
"3023",2004,126,22,119.9935,0.023,0,0,0.01,16.19,0.6553,4.645,0,13.6647461445112,0
"3024",2004,126,23,122.9195,0.115,0,0,0.01,15.795,0.69215,4.505,0,13.664916102717,0
"3025",2004,127,0,122.517,0.368,0,0,0,15.905,0.73445,4.315,0.264583333333333,13.6651038914862,0
"3026",2004,127,1,118.852,0.299,0,0,0,15.7,0.79065,4.225,0.264583333333333,13.6652952188145,0
"3027",2004,127,2,112.4635,0.253,0,0,0.04,15.455,0.8282,4.645,0.264583333333333,13.6654661600185,0
"3028",2004,127,3,104.0595,0.391,0,0,0,15.27,0.8376,4.4,0.264583333333333,13.665609383878,0
"3029",2004,127,4,94.1915,3.22,1.865,0,0.37,15.27,0.8339,5,0.264583333333333,13.6657648441142,0
"3030",2004,127,5,83.4275,120.152,46.94,50.72,16.9,15.9,0.8129,5.66,0.264583333333333,13.7115976205845,0
"3031",2004,127,6,72.3175,474.26,181.165,226.755,65.36,18.5,0.7203,7.005,0.264583333333333,13.710290946894,0
"3032",2004,127,7,60.8875,880.21,336.765,431.22,107.63,21.225,0.62485,9.3,0.264583333333333,13.7102474967157,0
"3033",2004,127,8,49.538,1242.391,484.685,617.95,137.53,23.22,0.57275,8.74,0.264583333333333,13.7102467581033,0
"3034",2004,127,9,38.765,1548.521,615.46,780.99,160.73,25.09,0.52415,8.31,0.264583333333333,13.7102468162366,0
"3035",2004,127,10,29.5705,1759.707,706.335,894.1,176.175,26.98,0.48195,8.77,0.264583333333333,13.7102470340046,0
"3036",2004,127,11,24.08,1857.457,742.165,943.26,185.61,28.155,0.46245,9.935,0.264583333333333,13.7102468900999,0
"3037",2004,127,12,24.855,1846.417,731.64,933.1,187.98,28.985,0.44135,9.815,0.264583333333333,13.7102468250909,0
"3038",2004,127,13,31.444,1732.866,674.32,864.555,183.18,29.525,0.4236,11.125,0.264583333333333,13.7102467886439,0
"3039",2004,127,14,41.1315,1502.038,569.39,734.515,166.905,29.76,0.4183,11.305,0.264583333333333,13.710246791105,0
"3040",2004,127,15,52.089,1118.168,413.47,532.875,131.475,29.7,0.41875,11.49,0.264583333333333,13.7102467743632,0
"3041",2004,127,16,63.4805,673.44,241.82,307.26,84.81,29.155,0.4395,11.02,0.264583333333333,13.7102467776873,0
"3042",2004,127,17,74.86,388.953,136.665,168.315,56.08,28.66,0.4405,9.595,0.264583333333333,13.7102467789837,0
"3043",2004,127,18,85.7855,62.284,22.3,18.835,8.51,27.195,0.45475,7.645,0.264583333333333,13.7102468995161,0
"3044",2004,127,19,96.5115,0.69,0.44,0,0.51,25.155,0.5093,5.63,0.264583333333333,13.7397158445088,0
"3045",2004,127,20,105.9955,0,0,0,0.155,23.17,0.59455,5.065,0.264583333333333,13.7485054842835,0
"3046",2004,127,21,113.957,0.023,0,0,0.075,22.06,0.633,5.515,0.264583333333333,13.7488331209781,0
"3047",2004,127,22,119.738,0,0,0,0.07,21.015,0.6774,5.685,0.264583333333333,13.7489838776048,0
"3048",2004,127,23,122.6455,0,0,0,0.015,20.74,0.7062,6.345,0.264583333333333,13.7491501896138,0
"3049",2004,128,0,122.242,0,0,0,0.275,20.27,0.73285,6.94,0,13.7493244331356,0
"3050",2004,128,1,118.5885,0,0,0,0.125,19.49,0.76645,6.71,0,13.7494946230032,0
"3051",2004,128,2,112.2205,0,0,0,0.16,18.915,0.79025,6.655,0,13.7496500639333,0
"3052",2004,128,3,103.837,0.069,0,0,0.05,18.65,0.79685,7.265,0,13.7497795660822,0
"3053",2004,128,4,93.9565,3.358,1.845,0.05,0.395,18.515,0.7954,6.785,0,13.7499280046106,0
"3054",2004,128,5,83.2435,49.473,19.86,16.775,5.44,18.21,0.8036,5.185,0,13.7777051794601,0
"3055",2004,128,6,72.138,154.054,56.25,65.975,18.23,16.05,0.789,10.345,0,13.7701471032768,0
"3056",2004,128,7,60.709,105.041,36.9,38.045,9.425,14.535,0.72655,10.055,0,13.7699025749623,0
"3057",2004,128,8,49.3525,431.917,157.665,194.58,45.37,14.81,0.72275,7.88,0,13.7698985630646,0
"3058",2004,128,9,38.561,1165.042,448.255,571.96,124.4,16.25,0.72,7.265,0,13.7698986063148,0
"3059",2004,128,10,29.334,1420.25,558.075,709.755,145.9,20.045,0.63675,5.325,0,13.769898479631,0
"3060",2004,128,11,23.8095,1856.652,748.48,939.11,178.17,22.16,0.56695,3.485,0,13.7698984964358,0
"3061",2004,128,12,24.597,1830.984,733.065,923.27,177.125,22.325,0.56185,5.26,0,13.7698985334921,0
"3062",2004,128,13,31.235,1711.798,677.54,855.325,171.545,21.505,0.6051,7.285,0,13.7698986411275,0
"3063",2004,128,14,40.956,1489.733,576,733.635,159.285,20.465,0.63015,8.39,0,13.7698989522155,0
"3064",2004,128,15,51.9325,1177.462,444.515,568.985,136.03,20.31,0.6484,7.23,0,13.769898510985,0
"3065",2004,128,16,63.328,795.133,291.39,372.87,102.515,21.13,0.62095,7.25,0,13.7698985186836,0
"3066",2004,128,17,74.704,386.745,139.72,173.45,57.975,20.8,0.6252,6.56,0,13.7698984685131,0
"3067",2004,128,18,85.6275,82.409,30.64,30.245,13.825,19.745,0.64625,5.975,0,13.7698984795432,0
"3068",2004,128,19,96.328,0.943,0.355,0,1.1,17.03,0.6899,6.735,0,13.7976645365224,0
"3069",2004,128,20,105.7895,0.023,0,0,0.755,14.92,0.7422,6.64,0,13.8112528478518,0
"3070",2004,128,21,113.726,0,0,0,0.31,13.87,0.77005,7.235,0,13.8117088911928,0
"3071",2004,128,22,119.4835,0.023,0,0,0.23,13.215,0.78815,7.705,0,13.8118606148107,0
"3072",2004,128,23,122.377,0.046,0,0,0.15,12.645,0.7795,7.795,0,13.8120275929879,0
"3073",2004,129,0,121.9715,0.092,0,0,0.04,12.215,0.7959,8.27,0,13.812205578257,0
"3074",2004,129,1,118.329,0.184,0,0,0.02,11.935,0.82335,6.825,0,13.8123830845315,0
"3075",2004,129,2,111.9825,0.046,0,0,0.005,11.995,0.83705,7.32,0,13.8125453730972,0
"3076",2004,129,3,103.619,0.184,0,0,0,12.07,0.8547,6.44,0,13.8126788768972,0
"3077",2004,129,4,93.765,4.853,2.27,0.265,0.5,11.945,0.8754,4.84,0,13.8128709127389,0
"3078",2004,129,5,83.066,139.725,54.445,62.32,22.355,12.61,0.876,4.305,0,13.8556223840605,0
"3079",2004,129,6,71.962,485.484,185.645,236.395,70.355,15.555,0.7999,5.095,0,13.8544097927936,0
"3080",2004,129,7,60.537,885.73,340.18,436.085,111.565,19.965,0.66565,6.36,0,13.8543728665858,0
"3081",2004,129,8,49.1745,1224.635,478.21,611.42,137.585,23.21,0.5714,5.795,0,13.8543723019836,0
"3082",2004,129,9,38.3635,1532.789,609.93,771.715,158.535,25.74,0.5203,4.13,0,13.8543724187962,0
"3083",2004,129,10,29.1025,1605.101,643.52,809.12,156.61,27.36,0.4498,3.76,0,13.8543722930402,0
"3084",2004,129,11,23.545,1711.798,687.73,869.43,169.69,28.47,0.35625,5.105,0,13.8543722641717,0
"3085",2004,129,12,24.3465,1929.332,769.06,981.77,196.24,29.28,0.31955,6.67,0,13.8543722727237,0
"3086",2004,129,13,31.0285,1629.918,635.975,814.395,171.515,29.73,0.31375,8.655,0,13.8543722866631,0
"3087",2004,129,14,40.784,1302.651,498.11,637.585,142.06,29.655,0.32455,9.74,0,13.8543723175401,0
"3088",2004,129,15,51.776,1198.81411764706,445.435,576.46,142.735,29.765,0.30405,10.01,0,13.854372382337,0
"3089",2004,129,16,63.177,816.109,294.305,379.78,107.4,29.44,0.3129,10.5,0,13.8543723005406,0
"3090",2004,129,17,74.55,417.726,147.125,183.1,62.81,28.675,0.34055,10.275,0,13.8543722780206,0
"3091",2004,129,18,85.472,90.022,31.83,31.125,15.545,27.31,0.3847,8.965,0,13.854372240589,0
"3092",2004,129,19,96.145,0.989,0.515,0,0.63,24.755,0.46845,5.7,0,13.8792419118066,0
"3093",2004,129,20,105.5855,0.023,0,0,0,23.21,0.52525,2.985,0,13.8939017426078,0
"3094",2004,129,21,113.4975,0.368,0,0,0,21.68,0.558,4.225,0,13.8944045980091,0
"3095",2004,129,22,119.232,0.253,0,0,0.025,20.72,0.56905,4.695,0,13.8945721923753,0
"3096",2004,129,23,122.1135,0,0,0,0.1,19.76,0.6181,4.465,0,13.8947457148125,0
"3097",2004,130,0,121.7065,0.115,0,0,0.04,18.905,0.68115,4.55,0,13.8949222217617,0
"3098",2004,130,1,118.077,0,0,0,0.005,18.08,0.74025,3.46,0,13.8950959541095,0
"3099",2004,130,2,111.7485,0,0,0,0,17.81,0.7768,3.25,0,13.8952505401314,0
"3100",2004,130,3,103.407,0,0,0,0,17.38,0.80665,2.83,0,13.8953793593066,0
"3101",2004,130,4,93.5775,3.22,1.825,0.05,0.15,16.955,0.8359,2.96,0,13.8955227145525,0
"3102",2004,130,5,82.89,90.735,36.515,38.05,10.26,17.265,0.84165,3.61,0,13.927065571383,0
"3103",2004,130,6,71.792,290.651,112.26,133.38,32.915,19.26,0.787,5.08,0,13.9247893385184,0
"3104",2004,130,7,60.3695,793.937,304.66,388.32,96.77,21.985,0.6882,7.17,0,13.9247227809768,0
"3105",2004,130,8,49,1250.211,486.05,619.735,139.565,24.795,0.5851,8.375,0,13.9247217179446,0
"3106",2004,130,9,38.172,1507.213,591.275,752.15,157.07,26.345,0.5282,8.625,0,13.9247217769353,0
"3107",2004,130,10,28.877,1314.312,512.735,649.885,134.25,27.33,0.4811,10.165,0,13.924721707219,0
"3108",2004,130,11,23.2855,1610.598,632.835,806.63,163.455,28.045,0.45425,11.05,0,13.9247217594877,0
"3109",2004,130,12,24.098,1608.735,627.675,800.91,164.66,28.53,0.4346,11.14,0,13.9247219330902,0
"3110",2004,130,13,30.8245,1593.486,614.145,784.865,168.325,29.105,0.42425,10.995,0,13.9247218395896,0
"3111",2004,130,14,40.6155,1461.65,552.535,709.875,161.055,29.695,0.40065,10.68,0,13.9247217162349,0
"3112",2004,130,15,51.622,1066.855,391.5,503.83,123.375,29.86,0.38685,11.155,0,13.9247217318923,0
"3113",2004,130,16,63.0275,590.065,214.175,268.465,70.56,28.765,0.4386,11.565,0,13.9247217413244,0
"3114",2004,130,17,74.3965,412.942,149.815,184.765,57.04,28.245,0.4684,10.47,0,13.9247216798292,0
"3115",2004,130,18,85.281,76.889,29.015,28.06,12.5,27.585,0.476,8.77,0,13.9247217153161,0
"3116",2004,130,19,95.964,1.104,0.605,0,0.475,25.78,0.5323,6.76,0,13.9453633762176,0
"3117",2004,130,20,105.384,0.046,0,0,0.3,23.965,0.6063,5.345,0,13.9562646950725,0
"3118",2004,130,21,113.2745,0.046,0,0,0.05,23.15,0.6475,5.805,0,13.9566756286849,0
"3119",2004,130,22,118.9875,0.115,0,0,0,22.41,0.6684,5.815,0,13.956829473129,0
"3120",2004,130,23,121.853,0.069,0,0,0.175,21.39,0.69095,4.98,0,13.9569996341829,0
"3121",2004,131,0,121.447,0,0,0,0,20.645,0.71575,4.425,0.137583333333333,13.9571750622888,0
"3122",2004,131,1,117.8305,0.023,0,0,0,20.56,0.71495,4.12,0.137583333333333,13.9573446793685,0
"3123",2004,131,2,111.5215,0.161,0,0,0,20.65,0.6946,4.65,0.137583333333333,13.9575035004995,0
"3124",2004,131,3,103.2015,0,0,0,0.005,20.62,0.68795,4.895,0.137583333333333,13.9576361987838,0
"3125",2004,131,4,93.3595,4.209,2.29,0.025,0.395,20.41,0.69125,5.185,0.137583333333333,13.9578023030011,0
"3126",2004,131,5,82.72,114.632,45.135,49.21,15.235,19.59,0.7316,3.93,0.137583333333333,13.9901421432255,0
"3127",2004,131,6,71.6285,455.63,177.345,222.615,63.945,21.78,0.6555,6.255,0.137583333333333,13.9884257930424,0
"3128",2004,131,7,60.2075,807.576,310.08,397.67,100.145,24.09,0.5728,7.625,0.137583333333333,13.9883777217499,0
"3129",2004,131,8,48.8335,1134.728,441.985,563.77,128.32,25.885,0.49155,7.965,0.137583333333333,13.9883769413928,0
"3130",2004,131,9,37.9865,1105.541,429.74,543.26,117.09,26.695,0.4414,8.615,0.137583333333333,13.9883770258072,0
"3131",2004,131,10,28.658,1007.584,392.99,494.68,104.75,27.14,0.4143,10.045,0.137583333333333,13.9883773546445,0
"3132",2004,131,11,23.033,1602.709,631.9,806.96,166.03,28.27,0.36155,11.095,0.137583333333333,13.9883769878889,0
"3133",2004,131,12,23.8555,1060.07,395.905,506.875,112.415,26.35,0.46485,13.17,0.137583333333333,13.988377123298,0
"3134",2004,131,13,30.627,1505.672,582.045,742.02,159.565,25.81,0.4671,10.825,0.137583333333333,13.9883775676954,0
"3135",2004,131,14,40.447,1320.292,496.805,640.945,145.36,27.385,0.3988,12.06,0.137583333333333,13.9883769622919,0
"3136",2004,131,15,51.4705,839.247,316.195,400.28,96.585,27.365,0.4217,11.395,0.137583333333333,13.9883769833543,0
"3137",2004,131,16,62.8795,422.073,158.82,193.795,48.965,27.15,0.43445,10.535,0.137583333333333,13.9883769935327,0
"3138",2004,131,17,74.244,257.83,97.7,116.17,31.63,26.375,0.44975,10.225,0.137583333333333,13.9883769430129,0
"3139",2004,131,18,85.1275,59.087,24.02,22.15,6.945,25.865,0.49915,7.035,0.137583333333333,13.9883768016054,0
"3140",2004,131,19,95.785,0.874,0.79,0,0.335,24.595,0.5539,4.765,0.137583333333333,14.0023701850675,0
"3141",2004,131,20,105.185,0.092,0,0,0.165,22.72,0.6393,4.465,0.137583333333333,14.0087642398067,0
"3142",2004,131,21,113.051,0.069,0,0,0.13,20.89,0.76185,1.69,0.137583333333333,14.0090589395185,0
"3143",2004,131,22,118.7445,0.046,0,0,0.1,20.145,0.7818,3.4,0.137583333333333,14.0092102721249,0
"3144",2004,131,23,121.598,0.414,0,0,0.385,18.985,0.86835,2.57,0.137583333333333,14.0093869088667,0
"3145",2004,132,0,121.1905,0.46,0,0,0.1,18.39,0.9166,2.895,0.105833333333333,14.0095861408217,0
"3146",2004,132,1,117.587,0.46,0,0,0.115,18.205,0.9366,4.2,0.105833333333333,14.0097836166095,0
"3147",2004,132,2,111.2975,0.46,0,0,0.025,18.865,0.88135,4.525,0.105833333333333,14.00996247709,0
"3148",2004,132,3,102.9995,0.46,0,0,0.14,18.85,0.8835,5.4,0.105833333333333,14.0101115390563,0
"3149",2004,132,4,93.1855,2.737,1.35,0,0.315,18.625,0.90445,4.845,0.105833333333333,14.0102557241612,0
"3150",2004,132,5,82.555,60.743,24.715,21.865,5.89,18.605,0.91195,3.305,0.105833333333333,14.0284873652069,0
"3151",2004,132,6,71.468,185.794,73.01,79.665,18.35,19.305,0.8977,3.15,0.105833333333333,14.0229222538133,0
"3152",2004,132,7,60.05,592.825,229.565,276.375,61.605,20.62,0.8284,4.24,0.105833333333333,14.0227692955321,0
"3153",2004,132,8,48.671,967.357,382.67,477.415,101.37,21.575,0.7966,3.745,0.105833333333333,14.0227668810272,0
"3154",2004,132,9,37.8065,1495.828,599.945,753.645,153.89,23.19,0.7445,3.865,0.105833333333333,14.0227668521334,0
"3155",2004,132,10,28.4435,1629.389,649.415,819.86,162.72,24.555,0.66425,5.765,0.105833333333333,14.0227668598802,0
"3156",2004,132,11,22.7845,1763.939,700.465,888.945,177.03,25.815,0.57805,6.445,0.105833333333333,14.0227668319927,0
"3157",2004,132,12,23.618,1644.431,650.41,825.885,168.43,27.095,0.4744,7.85,0.105833333333333,14.0227668405177,0
"3158",2004,132,13,30.429,1320.154,513.975,649.44,137.625,27.5,0.45215,8.65,0.105833333333333,14.0227668516886,0
"3159",2004,132,14,40.2825,1210.835,464.695,589.26,131.385,28.2,0.42505,8.67,0.105833333333333,14.022766872199,0
"3160",2004,132,15,51.321,927.935,348.4,441.6,107.065,28.375,0.4106,9.475,0.105833333333333,14.0227669109178,0
"3161",2004,132,16,62.7325,858.659,317.125,406.87,112.215,28.64,0.39385,9.995,0.105833333333333,14.02276692711,0
"3162",2004,132,17,74.0935,392.38,141.935,175.33,57.325,27.97,0.42945,8.745,0.105833333333333,14.0227668504797,0
"3163",2004,132,18,84.976,78.039,28.63,26.935,11.875,26.225,0.5164,6.03,0.105833333333333,14.022766823536,0
"3164",2004,132,19,95.6085,1.334,0.86,0,0.415,24.25,0.59505,6.025,0.105833333333333,14.0392317393882,0
"3165",2004,132,20,104.988,0.069,0,0,0.105,22.955,0.6702,4.78,0.105833333333333,14.0495935349365,0
"3166",2004,132,21,112.833,0.046,0,0,0.005,22.28,0.70435,4.845,0.105833333333333,14.0500061330954,0
"3167",2004,132,22,118.505,0,0,0,0.3,20.915,0.7642,5.2,0.105833333333333,14.0501570889424,0
"3168",2004,132,23,121.347,0,0,0,0,21.07,0.74875,5.99,0.105833333333333,14.0503211714264,0
"3169",2004,133,0,120.941,0,0,0,0.17,20.41,0.76685,5.32,0.391583333333333,14.0504939133052,0
"3170",2004,133,1,117.351,0,0,0,0.025,19.66,0.79815,4.605,0.391583333333333,14.0506627582035,0
"3171",2004,133,2,111.0805,0,0,0,0.06,19.175,0.81705,5.195,0.391583333333333,14.0508162480971,0
"3172",2004,133,3,102.8035,0,0,0,0.085,18.72,0.83615,5.4,0.391583333333333,14.0509446072351,0
"3173",2004,133,4,93.0135,5.129,2.525,0.11,0.46,18.87,0.8422,5.83,0.391583333333333,14.0511357733876,0
"3174",2004,133,5,82.3945,106.513,41.31,44.335,12.51,19.425,0.8333,5.685,0.391583333333333,14.0787266740653,0
"3175",2004,133,6,71.314,359.306,137.875,169.08,42.6,20.56,0.8007,6.405,0.391583333333333,14.0767744135591,0
"3176",2004,133,7,59.898,481.137,182.275,222.925,50.82,21.94,0.73845,8.665,0.391583333333333,14.0767222029632,0
"3177",2004,133,8,48.5125,1136.384,433.535,551.78,121.745,23.495,0.6625,9.215,0.391583333333333,14.0767215163804,0
"3178",2004,133,9,37.632,1659.864,643.725,824.375,173.125,25.045,0.58245,10.825,0.391583333333333,14.0767213566959,0
"3179",2004,133,10,28.2375,1533.916,592.485,755.41,151.695,26.195,0.537,11.01,0.391583333333333,14.0767213841959,0
"3180",2004,133,11,22.542,1573.499,612.075,777.185,154.335,26.95,0.5144,9.855,0.391583333333333,14.0767214673052,0
"3181",2004,133,12,23.3825,1317.141,506.14,641.11,134.02,27.525,0.47405,10.855,0.391583333333333,14.0767217548781,0
"3182",2004,133,13,30.237,1116.144,423.36,534.09,116.165,27.925,0.4504,10.85,0.391583333333333,14.0767214100394,0
"3183",2004,133,14,40.121,1416.869,538.42,686.095,152.015,28.575,0.42655,11.325,0.391583333333333,14.076721492117,0
"3184",2004,133,15,51.1725,620.103,229.32,284.63,67.42,28.1,0.44775,10.885,0.391583333333333,14.0767216664716,0
"3185",2004,133,16,62.588,492.407,178.28,219.895,56.245,27.8,0.4625,10.715,0.391583333333333,14.076721379325,0
"3186",2004,133,17,73.944,164.427,60.56,70.345,22.755,25.445,0.58525,11.55,0.391583333333333,14.0767213675464,0
"3187",2004,133,18,84.825,8.464,2.815,0.01,0.8,19.515,0.89065,8.565,0.391583333333333,14.0381227334907,0
"3188",2004,133,19,95.3965,0.598,0.445,0,0.01,19.975,0.8976,6.385,0.391583333333333,14.0136486740543,0
"3189",2004,133,20,104.7935,0.46,0,0,0.09,19.965,0.8825,4.14,0.391583333333333,14.0140726175076,0
"3190",2004,133,21,112.619,0.46,0,0,0,19.88,0.88295,3.455,0.391583333333333,14.014218964989,0
"3191",2004,133,22,118.2705,0.46,0,0,0,19.83,0.89875,3.27,0.391583333333333,14.0143897781142,0
"3192",2004,133,23,121.103,0.46,0,0,0.025,19.635,0.91155,3.635,0.391583333333333,14.0145828782633,0
"3193",2004,134,0,120.6965,0.46,0,0,0.025,19.29,0.92545,3.4,0.740833333333333,14.0147848496113,0
"3194",2004,134,1,117.1195,0.46,0,0,0.025,19.185,0.91805,3.455,0.740833333333333,14.0149820542135,0
"3195",2004,134,2,110.869,0.46,0,0,0.02,18.91,0.9259,3.555,0.740833333333333,14.015160790289,0
"3196",2004,134,3,102.609,0.46,0,0,0,19.035,0.9214,5.47,0.740833333333333,14.0153095046229,0
"3197",2004,134,4,92.8095,2.369,1.255,0,0.18,18.93,0.9379,5.995,0.740833333333333,14.0154455949228,0
"3198",2004,134,5,82.2385,28.497,11.095,6.105,2.54,18.845,0.9469,4.525,0.740833333333333,14.0236083391681,0
"3199",2004,134,6,71.164,63.572,23.525,20.135,4.97,18.795,0.95235,4.665,0.740833333333333,13.9804370764522,0
"3200",2004,134,7,59.7515,201.894,72.68,83.58,17.095,18.865,0.9621,4.625,0.740833333333333,13.9780462329654,0
"3201",2004,134,8,48.362,287.891,105.935,122.45,25.045,19.665,0.9381,4.96,0.740833333333333,13.9780076581678,0
"3202",2004,134,9,37.4645,877.588,341.65,420.935,83.25,21.525,0.84705,4.905,0.740833333333333,13.9780071418562,0
"3203",2004,134,10,28.035,753.503,286.345,353.22,72.25,22.755,0.79115,5.925,0.740833333333333,13.9780072061445,0
"3204",2004,134,11,22.3015,829.564,309.26,383.815,78.685,23.135,0.7804,7.14,0.740833333333333,13.9780074207653,0
"3205",2004,134,12,23.1525,611.846,222.265,272.23,58.05,22.975,0.81055,7.655,0.740833333333333,13.9780072710998,0
"3206",2004,134,13,30.047,1400.493,535.3,676.085,140.56,23.375,0.79295,8.695,0.740833333333333,13.9780072048171,0
"3207",2004,134,14,39.9605,1031.803,387.07,489.39,108.3,23.425,0.78565,9.605,0.740833333333333,13.9780071784121,0
"3208",2004,134,15,51.026,569.595,213.19,262.44,58.74,22.965,0.8027,8.965,0.740833333333333,13.9780071695919,0
"3209",2004,134,16,62.445,54.625,18.65,14.28,4.69,21.77,0.86955,7.29,0.740833333333333,13.9780050940544,0
"3210",2004,134,17,73.7955,29.969,10.625,4.995,2.31,21.075,0.92385,3.805,0.740833333333333,13.9124830113842,0
"3211",2004,134,18,84.6755,2.323,1.17,0,0.145,20.59,0.95055,2.49,0.740833333333333,13.8015669802249,0
"3212",2004,134,19,95.2265,0.736,0.34,0,0.025,20.715,0.94325,1.67,0.740833333333333,13.8012068552252,0
"3213",2004,134,20,104.601,0.483,0,0,1.265,18.15,0.93375,3.615,0.740833333333333,13.8013229945659,0
"3214",2004,134,21,112.406,0.46,0,0,0.095,17.915,0.93035,1.235,0.740833333333333,13.8014652687524,0
"3215",2004,134,22,118.041,0.483,0,0,0.02,18.34,0.9437,3.285,0.740833333333333,13.8016400331244,0
"3216",2004,134,23,120.8615,0.483,0,0,0.095,18.305,0.94925,3.605,0.740833333333333,13.8018378931911,0
"3217",2004,135,0,120.458,0.483,0,0,0.02,18.245,0.9519,1.885,0.5715,13.8020437579537,0
"3218",2004,135,1,116.8925,0.552,0,0,0.015,18.535,0.94725,0.855,0.5715,13.8022463005391,0
"3219",2004,135,2,110.662,0.644,0,0,0.005,18.515,0.95595,1.765,0.5715,13.8024334786961,0
"3220",2004,135,3,102.4255,0.713,0,0,0.01,18.72,0.95985,2.525,0.5715,13.8025926294738,0
"3221",2004,135,4,92.649,1.909,1.025,0,0.14,18.62,0.96235,3.155,0.5715,13.8027263828119,0
"3222",2004,135,5,82.087,19.55,6.965,2.41,1.505,18.5,0.96855,4.23,0.5715,13.804184764747,0
"3223",2004,135,6,71.0195,135.148,48.42,53.735,11.525,18.685,0.9646,4.025,0.5715,13.7446045619885,0
"3224",2004,135,7,59.6105,191.268,68.43,77.445,15.535,19.245,0.9473,5.21,0.5715,13.7422957231551,0
"3225",2004,135,8,48.214,479.136,179.74,216.13,42.695,20.27,0.913,8.445,0.5715,13.7422579567575,0
"3226",2004,135,9,37.3015,526.171,193.67,232.62,48.76,19.785,0.8717,9.41,0.5715,13.7422574485997,0
"3227",2004,135,10,27.8405,247.687,82.36,95.465,17.905,15.18,0.9409,9.94,0.5715,13.7422575098347,0
"3228",2004,135,11,22.071,423.108,142.315,172.45,31.945,14.115,0.9427,9.425,0.5715,13.7422577244314,0
"3229",2004,135,12,22.9275,507.334,177.14,215.565,41.09,13.93,0.917,8.16,0.5715,13.7422575695999,0
"3230",2004,135,13,29.8605,503.861,181.775,217.565,43.05,14.135,0.89025,6.08,0.5715,13.7422575067478,0
"3231",2004,135,14,39.8025,246.652,85.695,99.335,20.045,14.08,0.891,6.835,0.5715,13.7422574710958,0
"3232",2004,135,15,50.8825,159.298,53.84,59.415,12.28,13.18,0.88675,8.46,0.5715,13.7422574806094,0
"3233",2004,135,16,62.3025,105.455,36.205,37.72,8.41,12.21,0.89625,8.035,0.5715,13.7422574659734,0
"3234",2004,135,17,73.6515,103.109,37.38,38.775,9.05,11.465,0.89135,7.265,0.5715,13.7422574600662,0
"3235",2004,135,18,84.527,16.951,6.635,2.725,1.705,11.4,0.8803,6.335,0.5715,13.713559976345,0
"3236",2004,135,19,95.0555,0.851,0.69,0,0.135,11.375,0.87215,5.975,0.5715,13.7018547507569,0
"3237",2004,135,20,104.413,0.46,0,0,0.01,11.37,0.8706,5.705,0.5715,13.7023997115545,0
"3238",2004,135,21,112.1975,0.46,0,0,0.015,11.235,0.8749,5.11,0.5715,13.7025499298267,0
"3239",2004,135,22,117.8145,0.46,0,0,0.11,11.065,0.8781,4.77,0.5715,13.7027233967535,0
"3240",2004,135,23,120.6255,0.46,0,0,0.095,10.72,0.8978,5.225,0.5715,13.7029186631106,0
"3241",2004,136,0,120.226,0.46,0,0,0.25,10.48,0.879,5.495,0,13.703122835004,0
"3242",2004,136,1,116.6735,0.46,0,0,0.13,9.995,0.9004,5.61,0,13.7033216704624,0
"3243",2004,136,2,110.462,0.46,0,0,0.03,10.17,0.87665,5.34,0,13.7035015996919,0
"3244",2004,136,3,102.2455,0.46,0,0,0.025,9.995,0.9018,4.54,0,13.7036501058058,0
"3245",2004,136,4,92.4945,2.116,1.55,0,0.205,9.82,0.92695,4.67,0,13.7037817040284,0
"3246",2004,136,5,81.9415,45.08,17.935,14.925,4.28,10.045,0.9159,4.59,0,13.7247487095438,0
"3247",2004,136,6,70.88,125.097,47.6,51.475,11.79,10.325,0.90605,5.37,0,13.7136563280964,0
"3248",2004,136,7,59.474,222.502,82.265,95.945,21.265,10.24,0.93405,5.32,0,13.7133068615488,0
"3249",2004,136,8,48.076,354.499,131.24,157.93,33.32,10.745,0.91105,4.925,0,13.7133011326957,0
"3250",2004,136,9,37.1445,480.148,179.455,217.67,46.22,11.48,0.8388,4.47,0,13.7133010386561,0
"3251",2004,136,10,27.651,828.046,319.965,395.195,83.235,12.22,0.7893,3.99,0,13.7133010580368,0
"3252",2004,136,11,21.8445,794.788,304.095,378.58,81.355,12.81,0.7497,3.875,0,13.713301100172,0
"3253",2004,136,12,22.707,905.602,347.695,434.69,91.88,13.305,0.70525,4.355,0,13.7133012302965,0
"3254",2004,136,13,29.6775,1095.122,425.37,539.67,115.47,13.465,0.7153,4.895,0,13.7133016556145,0
"3255",2004,136,14,39.6475,873.678,344.895,428.96,93.555,13.945,0.667,3.105,0,13.71330108283,0
"3256",2004,136,15,50.739,724.707,283.645,355.275,81.015,13.695,0.6869,4.06,0,13.7133011073917,0
"3257",2004,136,16,62.1625,588.708,231.32,288.65,70.86,13.985,0.6617,2.87,0,13.7133011251666,0
"3258",2004,136,17,73.507,192.188,76.76,88.465,21.06,13.56,0.679,2.605,0,13.7133010685893,0
"3259",2004,136,18,84.3795,53.889,22.545,20.24,5.7,13.33,0.68375,2.65,0,13.7132995988408,0
"3260",2004,136,19,94.8545,1.449,1.04,0,0.195,13.01,0.68765,2.4,0,13.7438708783228,0
"3261",2004,136,20,104.2265,0.46,0,0,0.065,12.74,0.6992,2.685,0,13.7508187529566,0
"3262",2004,136,21,111.992,0.368,0,0,0,12.625,0.71345,2.325,0,13.7511164299285,0
"3263",2004,136,22,117.594,0.345,0,0,0.075,12.13,0.75905,2.465,0,13.7512854035491,0
"3264",2004,136,23,120.396,0.207,0,0,0.07,11.57,0.76985,2.61,0,13.7514688874324,0
"3265",2004,137,0,119.9965,0.092,0,0,0,10.93,0.7745,1.935,0,13.7516529292836,0
"3266",2004,137,1,116.4585,0.368,0,0,0,10.87,0.78355,1.315,0,13.7518353106567,0
"3267",2004,137,2,110.266,0.138,0,0,0,10.85,0.77455,2.215,0,13.752004226901,0
"3268",2004,137,3,102.069,0.46,0,0,0,10.145,0.81215,1.725,0,13.7521438400905,0
"3269",2004,137,4,92.305,9.66,4.81,1.605,1.08,9.41,0.84675,2.64,0,13.7526143348356,0
"3270",2004,137,5,81.801,177.537,71.095,82.625,27.58,9.6,0.85225,2.265,0,13.7975697922621,0
"3271",2004,137,6,70.7465,527.804,210.08,266.865,74.665,11.37,0.8114,2.43,0,13.7966196726969,0
"3272",2004,137,7,59.3435,930.649,370.69,463.705,115.94,12.685,0.75925,2.62,0,13.7965919279271,0
"3273",2004,137,8,47.9395,1312.656,532.78,675.125,146.25,13.975,0.72655,1.935,0,13.7965914690256,0
"3274",2004,137,9,36.995,1164.444,472.16,587.85,118.735,15.05,0.69325,1.32,0,13.796591524605,0
"3275",2004,137,10,27.469,1822.98,762.885,949.275,173.58,16.495,0.64835,1.45,0,13.7965917316884,0
"3276",2004,137,11,21.625,1899.892,791.295,992.01,179.11,17.215,0.61545,2.7,0,13.7965916175967,0
"3277",2004,137,12,22.4905,1891.658,780.515,982.61,181.925,18.005,0.60865,3.65,0,13.7965915060301,0
"3278",2004,137,13,29.498,1774.956,718.965,910.87,178.375,19,0.59235,3.89,0,13.7965915789884,0
"3279",2004,137,14,39.493,1553.282,611.405,780.835,165.99,19.865,0.5744,4.325,0,13.7965917859699,0
"3280",2004,137,15,50.599,1234.525,469.99,604.39,142.205,20.79,0.56305,5.56,0,13.7965914992236,0
"3281",2004,137,16,62.0235,797.663,294.335,375.95,99.58,21.315,0.5806,6.425,0,13.7965915063123,0
"3282",2004,137,17,73.365,403.995,146.455,181.795,56.045,20.49,0.6499,7.145,0,13.7965914080419,0
"3283",2004,137,18,84.233,93.564,35.255,34.785,13.13,19.065,0.7242,5.96,0,13.7965914780871,0
"3284",2004,137,19,94.6925,2.369,1.25,0,0.565,17.57,0.8012,4.19,0,13.8293993259044,0
"3285",2004,137,20,104.0435,0.276,0,0,0.14,16.71,0.84655,4.675,0,13.8477775701802,0
"3286",2004,137,21,111.7905,0.46,0,0,0.07,16.28,0.85945,5.575,0,13.8483509870387,0
"3287",2004,137,22,117.376,0.46,0,0,0.23,15.8,0.8758,5.505,0,13.8485291423626,0
"3288",2004,137,23,120.1685,0.46,0,0,0.145,15.28,0.90775,4.52,0,13.8487228108075,0
"3289",2004,138,0,119.775,0.46,0,0,0.11,14.565,0.93835,3.185,0.0211666666666667,13.848925303241,0
"3290",2004,138,1,116.2505,0.483,0,0,0,14.205,0.95415,2.78,0.0211666666666667,13.8491233628945,0
"3291",2004,138,2,110.0775,0.483,0,0,0,14.32,0.95855,1.88,0.0211666666666667,13.8493034285759,0
"3292",2004,138,3,101.899,0.506,0,0,0.185,14.865,0.954,2.87,0.0211666666666667,13.8494539744955,0
"3293",2004,138,4,92.162,9.085,4.3,2.09,1.08,14.94,0.9565,3.34,0.0211666666666667,13.8498719185558,0
"3294",2004,138,5,81.6635,156.998,62.255,71.58,19.43,16.145,0.94125,4.97,0.0211666666666667,13.8885856116897,0
"3295",2004,138,6,70.616,179.492,68.36,77.24,16.935,17.555,0.9235,5.51,0.0211666666666667,13.8874557387487,0
"3296",2004,138,7,59.218,634.731,243.41,303.215,68.095,19.435,0.8937,7.645,0.0211666666666667,13.8874244178636,0
"3297",2004,138,8,47.811,1139.926,440.815,564.575,125.235,21.105,0.8246,8.605,0.0211666666666667,13.8874240611889,0
"3298",2004,138,9,36.8495,1507.719,592.57,757.36,157.835,22.705,0.6818,9.495,0.0211666666666667,13.8874238954569,0
"3299",2004,138,10,27.2925,1599.673,635.905,810.855,162.91,23.62,0.6027,11.365,0.0211666666666667,13.8874239122332,0
"3300",2004,138,11,21.41,1638.152,651.92,830.89,164.21,24.18,0.5736,10.97,0.0211666666666667,13.8874239538795,0
"3301",2004,138,12,22.2785,1606.849,634.28,810.56,162.985,24.91,0.55105,9.95,0.0211666666666667,13.8874240889858,0
"3302",2004,138,13,29.322,1557.376,610.025,780.715,160.925,25.66,0.51445,9.14,0.0211666666666667,13.8874245324489,0
"3303",2004,138,14,39.344,1570.67,606.175,781.565,172.695,26.415,0.465,8.935,0.0211666666666667,13.887423927794,0
"3304",2004,138,15,50.4605,1260.63,472.775,613.095,148.9,26.89,0.45315,8.385,0.0211666666666667,13.8874239485866,0
"3305",2004,138,16,61.889,861.925,313.755,405.19,110.92,26.86,0.4502,8.565,0.0211666666666667,13.8874239580521,0
"3306",2004,138,17,73.2245,485.484,173.765,218.29,70.3,26.48,0.461,7.88,0.0211666666666667,13.8874239080396,0
"3307",2004,138,18,84.0875,106.881,38.8,39.315,16.54,25.16,0.5448,6.295,0.0211666666666667,13.8874237873657,0
"3308",2004,138,19,94.532,2.116,1.17,0,0.435,23.02,0.64615,4.58,0.0211666666666667,13.9156394148621,0
"3309",2004,138,20,103.8635,0.023,0,0,0.155,21.43,0.71075,4.225,0.0211666666666667,13.935787129849,0
"3310",2004,138,21,111.593,0,0,0,0.025,20.435,0.7414,4.675,0.0211666666666667,13.9364078306256,0
"3311",2004,138,22,117.1645,0,0,0,0.065,19.95,0.7664,4.22,0.0211666666666667,13.9365623556673,0
"3312",2004,138,23,119.9485,0.115,0,0,0,19.73,0.8451,5.75,0.0211666666666667,13.9367305440259,0
"3313",2004,139,0,119.558,0.414,0,0,0.005,20.27,0.8779,6.855,1.16416666666667,13.9369182181766,0
"3314",2004,139,1,116.0485,0.46,0,0,0.175,19.965,0.8967,6.28,1.16416666666667,13.9371131547672,0
"3315",2004,139,2,109.893,0.46,0,0,0.075,19.545,0.9059,4.33,1.16416666666667,13.937292248317,0
"3316",2004,139,3,101.735,0.46,0,0,0.12,18.95,0.92305,3.755,1.16416666666667,13.9374396950745,0
"3317",2004,139,4,92.021,10.856,4.905,2.31,1.155,18.785,0.92345,4.535,1.16416666666667,13.9380309539643,0
"3318",2004,139,5,81.5345,190.601,74.705,87.545,25.09,19.365,0.91465,5.615,1.16416666666667,13.9749321477833,0
"3319",2004,139,6,70.494,469.729,178.135,221.63,58.325,20.61,0.87545,7.35,1.16416666666667,13.973906263633,0
"3320",2004,139,7,59.0975,795.639,302.04,383.505,90.015,21.68,0.8369,7.695,1.16416666666667,13.9738790576464,0
"3321",2004,139,8,47.6875,763.163,288.715,364.91,81.865,22.54,0.79905,7.26,1.16416666666667,13.973878622734,0
"3322",2004,139,9,36.712,819.766,313.575,391.51,80.51,23.235,0.7762,5.565,1.16416666666667,13.9738786798086,0
"3323",2004,139,10,27.1215,1393.133,544.915,687.44,139.86,24.825,0.71665,4.385,1.16416666666667,13.9738788919914,0
"3324",2004,139,11,21.2015,1185.029,452.435,569.915,116.865,25.695,0.66735,3.945,1.16416666666667,13.9738787618794,0
"3325",2004,139,12,22.071,916.688,344.45,428.535,89.425,26.395,0.62885,4.86,1.16416666666667,13.9738786700822,0
"3326",2004,139,13,29.1485,150.535,48.245,52.39,13.33,23.56,0.67795,7.925,1.16416666666667,13.9738787145213,0
"3327",2004,139,14,39.1975,110.124,36.45,36.225,7.17,21.18,0.72135,6.165,1.16416666666667,13.9738786583522,0
"3328",2004,139,15,50.3245,135.102,46.965,50.19,11.39,19.905,0.85335,3.595,1.16416666666667,13.9738786925245,0
"3329",2004,139,16,61.7535,219.742,82.495,94.305,20.37,19.825,0.8732,2.675,1.16416666666667,13.9738787025478,0
"3330",2004,139,17,73.085,54.119,20.095,16.555,4.79,19.825,0.8836,3.335,1.16416666666667,13.9738739563542,0
"3331",2004,139,18,83.9455,38.18,14.965,12.675,4.265,18.75,0.94025,4.265,1.16416666666667,13.97249512067,0
"3332",2004,139,19,94.336,1.38,0.82,0,0.355,18.495,0.94015,3.525,1.16416666666667,13.9806701473344,0
"3333",2004,139,20,103.685,0.46,0,0,0.94,16.52,0.95095,7.635,1.16416666666667,13.9831185812885,0
"3334",2004,139,21,111.3995,0.46,0,0,0.11,16.535,0.95105,3.42,1.16416666666667,13.9833180470884,0
"3335",2004,139,22,116.9555,0.46,0,0,0.565,15.76,0.94915,3.995,1.16416666666667,13.9834915362073,0
"3336",2004,139,23,119.7355,0.46,0,0,0.465,14.655,0.9338,5.285,1.16416666666667,13.9836853683937,0
"3337",2004,140,0,119.3485,0.46,0,0,0.25,14.215,0.93455,4.94,0.0105833333333333,13.9838875367451,0
"3338",2004,140,1,115.85,0.46,0,0,0.195,14.125,0.94355,2.955,0.0105833333333333,13.9840840906898,0
"3339",2004,140,2,109.7155,0.46,0,0,0.485,13.375,0.9537,4.645,0.0105833333333333,13.9842616149991,0
"3340",2004,140,3,101.576,0.46,0,0,0.365,12.56,0.9389,4.665,0.0105833333333333,13.9844078125891,0
"3341",2004,140,4,91.8865,7.544,3.695,1.225,1.195,12.295,0.93,4.015,0.0105833333333333,13.9847075727152,0
"3342",2004,140,5,81.407,68.701,27.725,28.06,6.78,12.465,0.91785,1.785,0.0105833333333333,14.0037830554789,0
"3343",2004,140,6,70.3765,276,107.67,126.91,26.805,13.37,0.90565,0.84,0.0105833333333333,13.9999210110539,0
"3344",2004,140,7,58.983,570.814,219.205,268.76,57.795,14.575,0.9129,2.55,0.0105833333333333,13.9998222895801,0
"3345",2004,140,8,47.569,926.969,358.63,447.98,95.295,16.445,0.90285,3.34,0.0105833333333333,13.9998207885169,0
"3346",2004,140,9,36.578,1360.312,531.865,670.01,134.625,18.84,0.88445,3.945,0.0105833333333333,13.9998207160036,0
"3347",2004,140,10,26.9585,1158.993,451.15,567.375,114.82,20.45,0.85215,4.96,0.0105833333333333,13.9998207349661,0
"3348",2004,140,11,20.999,1256.444,488.54,612.025,121.335,21.895,0.7986,4.565,0.0105833333333333,13.9998207821253,0
"3349",2004,140,12,21.868,1495.92,578.535,728.645,143.45,22.97,0.73835,4.26,0.0105833333333333,13.9998209345699,0
"3350",2004,140,13,28.979,1533.111,591.975,748.745,151.4,23.68,0.71295,4.555,0.0105833333333333,13.9998209130454,0
"3351",2004,140,14,39.0505,1053.469,400.015,502.825,107.23,24.31,0.6864,4.04,0.0105833333333333,13.9998207409275,0
"3352",2004,140,15,50.189,875.84,327.23,411.255,95.745,24.525,0.68115,4.7,0.0105833333333333,13.9998207484332,0
"3353",2004,140,16,61.6205,574.839,212.38,264.23,65.17,24.685,0.68045,5.29,0.0105833333333333,13.9998207522715,0
"3354",2004,140,17,72.9485,403.834,146.98,179.98,53.6,24.165,0.73345,6.535,0.0105833333333333,13.9998207002728,0
"3355",2004,140,18,83.805,135.286,50.195,53.85,20.235,23.115,0.79635,4.675,0.0105833333333333,13.9998206958158,0
"3356",2004,140,19,94.1825,3.312,1.755,0.08,0.46,22.02,0.85575,3.61,0.0105833333333333,14.0234756046996,0
"3357",2004,140,20,103.5115,0.46,0,0,0.04,21.47,0.89415,3.565,0.0105833333333333,14.048715760517,0
"3358",2004,140,21,111.2095,0.46,0,0,0.055,21.31,0.91325,4.24,0.0105833333333333,14.0495042414682,0
"3359",2004,140,22,116.7525,0.46,0,0,0.075,20.625,0.9312,4.56,0.0105833333333333,14.0496851481973,0
"3360",2004,140,23,119.526,0.46,0,0,0,20.43,0.9372,5.03,0.0105833333333333,14.0498774718391,0
"3361",2004,141,0,119.1425,0.759,0,0,0,20.58,0.93775,4.905,0,14.0500872328726,0
"3362",2004,141,1,115.6595,0.874,0,0,0,20.85,0.92825,5.085,0,14.0503068572252,0
"3363",2004,141,2,109.5425,0.851,0,0,0.015,20.63,0.93095,5.105,0,14.0505100359286,0
"3364",2004,141,3,101.424,0.897,0,0,0.01,20.27,0.9436,5.175,0,14.0506780098056,0
"3365",2004,141,4,91.7205,6.325,2.995,0.765,0.49,20.255,0.9468,5.025,0,14.050939986077,0
"3366",2004,141,5,81.2885,117.047,45.67,48.285,12.26,20.6,0.9291,5.69,0,14.0737300063566,0
"3367",2004,141,6,70.262,417.887,160.01,196.13,48.16,21.43,0.8996,6.895,0,14.0718766208001,0
"3368",2004,141,7,58.8735,832.807,317.36,403.8,95.665,22.855,0.85025,7.625,0,14.0718300445536,0
"3369",2004,141,8,47.4555,1143.399,439.675,560.765,121.755,24.385,0.7989,8.255,0,14.0718293025881,0
"3370",2004,141,9,36.453,876.208,333.975,418.39,88.97,25.18,0.75905,7.33,0,14.0718293764384,0
"3371",2004,141,10,26.801,477.641,173.91,210.56,44.96,25.415,0.7514,6.295,0,14.0718296577258,0
"3372",2004,141,11,20.8025,461.15,165.245,200.39,42.815,25.53,0.76325,6.71,0,14.0718293712599,0
"3373",2004,141,12,21.671,629.993,230.03,282.77,60.41,25.795,0.75925,7.265,0,14.0718295586979,0
"3374",2004,141,13,28.8125,676.959,250.54,308.375,66.51,25.965,0.7554,7.595,0,14.0718294126536,0
"3375",2004,141,14,38.909,383.617,140.65,166.57,36.325,25.92,0.765,6.825,0,14.0718293432866,0
"3376",2004,141,15,50.056,586.707,222.19,271.835,60.83,26.82,0.72155,7.165,0,14.0718293330332,0
"3377",2004,141,16,61.4895,226.642,84.575,98.345,23.57,26.955,0.7118,6.1,0,14.07182931662,0
"3378",2004,141,17,72.813,346.564,128.365,153.78,42.295,27.3,0.6982,5.66,0,14.0718293186112,0
"3379",2004,141,18,83.664,89.447,35.89,36.195,11.155,26.22,0.751,3.445,0,14.0718293148509,0
"3380",2004,141,19,94.0305,2.231,1.47,0,0.35,24.81,0.8238,3.615,0,14.093416192831,0
"3381",2004,141,20,103.3405,0.253,0,0,0.145,23.755,0.8696,3.845,0,14.1074551245197,0
"3382",2004,141,21,111.0225,0.46,0,0,0,23.575,0.87815,2.93,0,14.1079697388434,0
"3383",2004,141,22,116.554,0.46,0,0,0,23.435,0.88425,1.275,0,14.1081459130206,0
"3384",2004,141,23,119.3225,0.46,0,0,0.02,22.785,0.9133,3.74,0,14.1083379321349,0
"3385",2004,142,0,118.943,0.46,0,0,0.04,22.49,0.91045,4.63,0.03175,14.1085385535629,0
"3386",2004,142,1,115.475,0.506,0,0,0.015,21.84,0.9263,2.76,0.03175,14.1087349974282,0
"3387",2004,142,2,109.376,0.828,0,0,0.08,22.17,0.93105,3.44,0.03175,14.1089234306656,0
"3388",2004,142,3,101.2765,0.897,0,0,0,21.825,0.9499,3.09,0.03175,14.1090902142175,0
"3389",2004,142,4,91.5965,9.568,4.175,1.195,0.805,22.225,0.9487,4.45,0.03175,14.1095602565956,0
"3390",2004,142,5,81.171,88.964,35.475,36.045,9.19,22.475,0.9393,4.83,0.03175,14.1307624821449,0
"3391",2004,142,6,70.1545,380.121,147.2,180.345,44.815,23.51,0.8966,5.34,0.03175,14.1283837797597,0
"3392",2004,142,7,58.77,770.96,296.025,372.355,85.37,25.28,0.79295,7.01,0.03175,14.1283249821462,0
"3393",2004,142,8,47.348,1132.635,437.895,555.785,120.205,26.245,0.7268,7.78,0.03175,14.1283241190273,0
"3394",2004,142,9,36.3315,1438.512,563.46,712.1,142.825,27.275,0.67545,5.92,0.03175,14.1283241281233,0
"3395",2004,142,10,26.652,1601.398,632.09,795.87,152.01,28.28,0.6151,5.98,0.03175,14.1283240527343,0
"3396",2004,142,11,20.6115,1627.457,642.61,807.79,155.93,29.15,0.5582,5.325,0.03175,14.128324066324,0
"3397",2004,142,12,21.4785,1592.106,622.105,788.485,154.72,29.565,0.5383,6.835,0.03175,14.1283240952027,0
"3398",2004,142,13,28.652,1624.053,628.725,800.845,164.025,30.015,0.50255,9.1,0.03175,14.128324176104,0
"3399",2004,142,14,38.7685,1383.427,523.62,669.115,146.81,30.07,0.48335,10.235,0.03175,14.1283243995233,0
"3400",2004,142,15,49.926,1151.012,427.1,550.335,132.785,30.01,0.4867,10.41,0.03175,14.1283240815304,0
"3401",2004,142,16,61.3605,759.575,274.4,351.515,94.995,29.785,0.4959,10.995,0.03175,14.128324084646,0
"3402",2004,142,17,72.6795,491.97,175.85,219.235,69.045,29.435,0.50645,10.705,0.03175,14.1283239950462,0
"3403",2004,142,18,83.527,136.827,49.385,52.595,21.235,28.68,0.54445,7.725,0.03175,14.1283240584006,0
"3404",2004,142,19,93.8435,3.45,1.785,0,0.82,26.79,0.63135,4.445,0.03175,14.1459430316984,0
"3405",2004,142,20,103.172,0.023,0,0,0.115,25.035,0.71605,4,0.03175,14.1680009072039,0
"3406",2004,142,21,110.8405,0.161,0,0,0.005,24.225,0.74895,3.525,0.03175,14.1687491053066,0
"3407",2004,142,22,116.3605,0.115,0,0,0,23.205,0.80005,3.94,0.03175,14.1689113648541,0
"3408",2004,142,23,119.124,0.345,0,0,0,22.745,0.82105,4.74,0.03175,14.1690876405106,0
"3409",2004,143,0,118.751,0.115,0,0,0.135,22.705,0.80255,5.525,0,14.1692739731639,0
"3410",2004,143,1,115.2955,0.069,0,0,0.015,22.14,0.8204,5.935,0,14.1694472439496,0
"3411",2004,143,2,109.2155,0.138,0,0,0.075,22.06,0.81345,5.74,0,14.1696044988902,0
"3412",2004,143,3,101.1355,0.276,0,0,0,21.61,0.82875,5.14,0,14.1697382668004,0
"3413",2004,143,4,91.478,17.687,7.74,4.805,2.505,21.525,0.82465,6.27,0,14.1724648716732,0
"3414",2004,143,5,81.0625,205.528,80.445,94.65,30.365,21.785,0.816,7.175,0,14.2022960238141,0
"3415",2004,143,6,70.0515,504.597,191.2,239.41,65.55,22.955,0.7644,7.83,0,14.2013085847903,0
"3416",2004,143,7,58.671,895.62,339.405,435.6,105.01,24.56,0.687,9.5,0,14.2012848227522,0
"3417",2004,143,8,47.2465,1266.771,486.74,623.29,137.11,25.75,0.6364,10.515,0,14.2012844614359,0
"3418",2004,143,9,36.216,1544.795,600.43,767.005,158.755,26.8,0.6046,10.53,0,14.201284528545,0
"3419",2004,143,10,26.5065,1540.931,599.275,764.925,156.03,27.275,0.59515,10.47,0,14.2012847818198,0
"3420",2004,143,11,20.4275,1517.287,581.09,743.725,153.93,27.97,0.5768,10.17,0,14.2012845494475,0
"3421",2004,143,12,21.292,1152.99,433.87,550.76,118.93,28.235,0.5651,9.355,0,14.2012847867807,0
"3422",2004,143,13,28.492,835.475,314.305,394.61,88.92,28.42,0.54835,8.75,0,14.2012845257349,0
"3423",2004,143,14,38.6315,748.397,281.315,350.69,80.6,28.905,0.5045,11.445,0,14.2012846398731,0
"3424",2004,143,15,49.7975,675.556,251.655,314.18,75.145,29.18,0.46805,12.55,0,14.2012845126894,0
"3425",2004,143,16,61.234,818.34,297.685,381.425,102.57,29.55,0.45385,12.01,0,14.2012844846634,0
"3426",2004,143,17,72.5495,443.072,158.03,195.52,62.005,29.08,0.48625,10.755,0,14.2012844760519,0
"3427",2004,143,18,83.3905,107.663,38.9,38.525,14.67,27.945,0.5043,9.34,0,14.2012844748297,0
"3428",2004,143,19,93.6985,4.14,1.96,0.035,0.675,26.21,0.5717,4.78,0,14.2172501908019,0
"3429",2004,143,20,103.0085,0.046,0,0,0.01,24.92,0.6211,5.005,0,14.233715008257,0
"3430",2004,143,21,110.6625,0.046,0,0,0.295,23.795,0.67015,4.95,0,14.2343272219552,0
"3431",2004,143,22,116.172,0.046,0,0,0.015,23.105,0.6916,4.91,0,14.2344825271767,0
"3432",2004,143,23,118.9305,0.069,0,0,0.035,22.4,0.72165,4.74,0,14.2346493621713,0
"3433",2004,144,0,118.5635,0.092,0,0,0.025,21.55,0.76835,4.08,0,14.2348250927551,0
"3434",2004,144,1,115.1215,0.046,0,0,0,21.915,0.7618,5.76,0,14.2349966065591,0
"3435",2004,144,2,109.0615,0,0,0,0.12,21.725,0.7755,6.73,0,14.2351500904709,0
"3436",2004,144,3,101,0.023,0,0,0.02,21.315,0.7872,6.485,0,14.2352758441747,0
"3437",2004,144,4,91.363,8.418,4.195,1.06,0.91,21.445,0.78595,7.31,0,14.2356072861451,0
"3438",2004,144,5,80.9555,53.36,20.595,17.605,5.225,21.725,0.78115,8.23,0,14.248527251311,0
"3439",2004,144,6,69.9535,67.321,24.895,21.385,6.105,21.525,0.8117,7.03,0,14.2409856038052,0
"3440",2004,144,7,58.577,125.005,44.58,46.195,10.46,21.69,0.8134,6.745,0,14.2407992609747,0
"3441",2004,144,8,47.151,148.281,51.005,54.305,12.15,21.43,0.83525,6.705,0,14.2407964069472,0
"3442",2004,144,9,36.106,260.889,94.4,110.23,24.47,21.325,0.7754,9.15,0,14.2407963402224,0
"3443",2004,144,10,26.369,966.046,370.315,466.31,98.085,23.19,0.75895,12.12,0,14.2407963540043,0
"3444",2004,144,11,20.2505,706.123,259.64,323.51,70.75,24.29,0.71735,12.475,0,14.2407963760747,0
"3445",2004,144,12,21.108,190.785,64.725,71.585,15.465,23.53,0.77115,9.055,0,14.2407964321772,0
"3446",2004,144,13,28.338,427.57,151.615,183.91,40.6,22.875,0.8104,10.035,0,14.2407966011097,0
"3447",2004,144,14,38.496,378.235,137.775,164.88,36.5,22.74,0.79725,12.275,0,14.2407964303466,0
"3448",2004,144,15,49.6725,841.271,318.62,401.625,93.77,23.93,0.74375,12.58,0,14.2407964344113,0
"3449",2004,144,16,61.107,636.433,239.18,300.46,77.555,24.57,0.72125,11.435,0,14.240796376655,0
"3450",2004,144,17,72.4195,160.793,61.135,66.52,17.61,24.52,0.7387,9.03,0,14.2407963703954,0
"3451",2004,144,18,83.2565,13.087,5.46,1.515,1.78,24.01,0.76095,8.355,0,14.2049540523218,0
"3452",2004,144,19,93.5555,1.748,1.805,0,0.785,23.48,0.7277,7.86,0,14.1737063703721,0
"3453",2004,144,20,102.848,0.023,0,0,1.49,20.645,0.6387,7.77,0,14.1741489997637,0
"3454",2004,144,21,110.4895,0.184,0,0,0.08,21.145,0.6769,6.93,0,14.174281392412,0
"3455",2004,144,22,115.988,0,0,0,0.475,20.245,0.7619,6.295,0,14.1744326515734,0
"3456",2004,144,23,118.745,0,0,0,0.21,19.825,0.74915,7.155,0,14.1745973759421,0
"3457",2004,145,0,118.3815,0,0,0,0.54,18.39,0.79785,6.875,0.0529166666666667,14.1747698107256,0
"3458",2004,145,1,114.9555,0,0,0,0.475,16.88,0.8188,7.29,0.0529166666666667,14.17493781135,0
"3459",2004,145,2,108.9135,0,0,0,0.355,15.585,0.79205,6.555,0.0529166666666667,14.1750899972249,0
"3460",2004,145,3,100.871,0.092,0,0,0.33,14.715,0.8034,4.075,0.0529166666666667,14.175217279543,0
"3461",2004,145,4,91.217,18.561,7.975,4.275,3.63,13.87,0.83535,3.25,0.0529166666666667,14.1785222389676,0
"3462",2004,145,5,80.8575,221.858,87.815,104.935,35.425,14.05,0.84955,3.68,0.0529166666666667,14.2071703178588,0
"3463",2004,145,6,69.8625,583.74,227.69,289.385,80.035,15.175,0.78765,4.925,0.0529166666666667,14.2062055509232,0
"3464",2004,145,7,58.489,978.857,382.52,492.31,120.215,16.17,0.7314,4.99,0.0529166666666667,14.2061826487105,0
"3465",2004,145,8,47.061,885.891,345.2,439.805,101.7,17.22,0.67755,4.895,0.0529166666666667,14.2061823044225,0
"3466",2004,145,9,36.0035,1149.126,455.355,580.23,124.605,17.98,0.6502,4.94,0.0529166666666667,14.2061823769642,0
"3467",2004,145,10,26.2365,1681.691,689.595,869.455,168.2,19.295,0.59785,4.375,0.0529166666666667,14.2061826516521,0
"3468",2004,145,11,20.079,1977.517,827.495,1031.305,188.11,21.465,0.5207,3.14,0.0529166666666667,14.2061823769329,0
"3469",2004,145,12,20.9295,1804.557,747.65,934.245,176.035,23.135,0.44985,2.46,0.0529166666666667,14.2061825734571,0
"3470",2004,145,13,28.1845,1736.569,706.955,889.03,176.13,24.44,0.4106,3.125,0.0529166666666667,14.2061823998214,0
"3471",2004,145,14,38.3635,1594.452,634.635,803.48,169.025,25.5,0.3539,2.94,0.0529166666666667,14.2061823762803,0
"3472",2004,145,15,49.547,1254.374,487.135,616.94,142.005,26.36,0.3448,1.65,0.0529166666666667,14.2061823176703,0
"3473",2004,145,16,60.9845,742.969,283.65,352.91,88.525,26.705,0.3441,1.02,0.0529166666666667,14.2061823207911,0
"3474",2004,145,17,72.292,494.523,183.42,223.32,68.11,26.87,0.35465,2.26,0.0529166666666667,14.2061823155742,0
"3475",2004,145,18,83.1265,79.833,32.885,31.405,9.48,25.305,0.41175,2.49,0.0529166666666667,14.2061822598562,0
"3476",2004,145,19,93.4145,2.76,1.975,0,0.165,23.235,0.52715,4.305,0.0529166666666667,14.2220046969712,0
"3477",2004,145,20,102.6915,0.092,0,0,0.015,22.265,0.57055,4.495,0.0529166666666667,14.2328238174027,0
"3478",2004,145,21,110.32,0.069,0,0,0.1,21.595,0.6035,5.165,0.0529166666666667,14.2332626257344,0
"3479",2004,145,22,115.809,0.207,0,0,0.06,21.675,0.60335,4.69,0.0529166666666667,14.2334198768662,0
"3480",2004,145,23,118.564,0.253,0,0,0.945,20.265,0.72175,6.84,0.0529166666666667,14.2335967256565,0
"3481",2004,146,0,118.208,0.46,0,0,2.01,19.175,0.87815,11.66,0.529166666666667,14.2337885626804,0
"3482",2004,146,1,114.797,0.46,0,0,0.785,16.915,0.92975,7.105,0.529166666666667,14.2339831405918,0
"3483",2004,146,2,108.7705,0.46,0,0,0.335,17,0.92645,4.545,0.529166666666667,14.2341596013639,0
"3484",2004,146,3,100.745,0.46,0,0,0.385,16.8,0.93895,2.13,0.529166666666667,14.2343052366292,0
"3485",2004,146,4,91.1175,11.316,5.735,2.205,1.01,16.605,0.94205,1.02,0.529166666666667,14.2349278492158,0
"3486",2004,146,5,80.7625,179.745,71.9,81.595,23.86,16.72,0.94175,2.62,0.529166666666667,14.2552312761849,0
"3487",2004,146,6,69.775,379.638,151.065,182.72,45.345,18.505,0.841,4.51,0.529166666666667,14.253932168126,0
"3488",2004,146,7,58.406,582.107,222.765,277.495,63.48,18.82,0.82275,6.265,0.529166666666667,14.2539020218379,0
"3489",2004,146,8,46.976,583.464,220.2,272.56,60.08,18.655,0.82965,7.265,0.529166666666667,14.2539015543587,0
"3490",2004,146,9,35.907,774.847,295.375,370.22,76.335,18.895,0.8271,6.44,0.529166666666667,14.2539016109819,0
"3491",2004,146,10,26.1105,1066.809,410.88,519.155,108.045,19.62,0.80305,4.86,0.529166666666667,14.2539018191498,0
"3492",2004,146,11,19.913,1305.687,504.075,640.81,133.16,20.645,0.77475,5.54,0.529166666666667,14.2539016991377,0
"3493",2004,146,12,20.7585,988.126,367.84,467.255,101.96,21.47,0.74035,6.97,0.529166666666667,14.2539015919386,0
"3494",2004,146,13,28.0385,415.679,149.76,183.295,42.31,21.32,0.7513,6.42,0.529166666666667,14.2539016656444,0
"3495",2004,146,14,38.2335,287.109,101.925,118.95,27.02,21.05,0.74005,4.26,0.529166666666667,14.2539018662309,0
"3496",2004,146,15,49.4255,552.966,207.91,252.78,56.995,21.57,0.72335,1.44,0.529166666666667,14.253901580511,0
"3497",2004,146,16,60.8645,262.338,97.37,113.635,26.145,21.395,0.7218,2.76,0.529166666666667,14.253901581381,0
"3498",2004,146,17,72.1675,225.63,85.15,99.455,23.99,21.34,0.7374,2.82,0.529166666666667,14.2539014719655,0
"3499",2004,146,18,82.997,74.474,30.4,30.55,8.595,21.175,0.76195,2.285,0.529166666666667,14.2539015585168,0
"3500",2004,146,19,93.2415,2.783,1.695,0,0.535,20.33,0.8272,3.36,0.529166666666667,14.2675000165757,0
"3501",2004,146,20,102.5365,0.046,0,0,0.165,19.42,0.8475,2.585,0.529166666666667,14.2768552844878,0
"3502",2004,146,21,110.1545,0.161,0,0,0.175,18.295,0.8781,1.675,0.529166666666667,14.2772583473378,0
"3503",2004,146,22,115.637,0.46,0,0,0,17.88,0.8649,2.055,0.529166666666667,14.2774234000935,0
"3504",2004,146,23,118.388,0.46,0,0,0.03,17.155,0.84025,2.545,0.529166666666667,14.2776144467993,0
"3505",2004,147,0,118.0395,0.46,0,0,0.3,16.025,0.8363,3.905,0,14.2778135397967,0
"3506",2004,147,1,114.6425,0.46,0,0,0.255,15.42,0.83475,3.135,0,14.2780079020361,0
"3507",2004,147,2,108.635,0.46,0,0,0.37,14.665,0.856,2.71,0,14.2781838771411,0
"3508",2004,147,3,100.6265,0.46,0,0,0.21,14.145,0.86135,3.08,0,14.2783294327561,0
"3509",2004,147,4,91.0195,14.789,6.57,3.465,2.22,13.385,0.8459,2.56,0,14.2796611456703,0
"3510",2004,147,5,80.674,209.369,85.105,102.2,31.745,13.45,0.84205,2.335,0,14.2996371624288,0
"3511",2004,147,6,69.6935,481.551,186.31,234.44,61.83,13.96,0.78385,4.41,0,14.2984810716494,0
"3512",2004,147,7,58.3275,919.954,355.315,457.95,109.41,14.87,0.7196,5.02,0,14.2984548293292,0
"3513",2004,147,8,46.897,352.337,132.155,159.43,36.075,15.165,0.6933,5.425,0,14.2984544348459,0
"3514",2004,147,9,35.817,908.201,361.75,467.07,89.76,14.47,0.77095,4.195,0,14.2984544996046,0
"3515",2004,147,10,25.993,1787.215,749.855,935.61,165.565,16.425,0.66305,4.56,0,14.2984547421455,0
"3516",2004,147,11,19.7545,1880.089,794.675,990.155,171.55,17.73,0.5956,3.89,0,14.2984545321217,0
"3517",2004,147,12,20.5895,1884.321,793.25,989.255,175.605,18.87,0.53945,2.925,0,14.2984546527775,0
"3518",2004,147,13,27.8925,1758.787,727.585,910.1,170.605,19.875,0.51235,2.15,0,14.2984545099581,0
"3519",2004,147,14,38.1065,1224.704,494.295,619.585,126.975,20.37,0.4986,2.53,0,14.2984546436164,0
"3520",2004,147,15,49.3065,443.371,179.14,213.465,46.52,20.735,0.48585,0.78,0,14.2984544704155,0
"3521",2004,147,16,60.7455,402.385,159.005,191.32,44.1,20.82,0.4679,1.385,0,14.2984544667453,0
"3522",2004,147,17,72.046,208.058,83.835,96.47,23.465,20.53,0.4747,2.61,0,14.2984544260326,0
"3523",2004,147,18,82.8695,136.045,58.915,69.165,20.42,20.28,0.52275,2.72,0,14.2984544105682,0
"3524",2004,147,19,93.108,5.037,3.375,0.675,0.67,19.3,0.61075,2.63,0,14.3120979193094,0
"3525",2004,147,20,102.386,0.023,0,0,0.045,17.98,0.70685,3.15,0,14.3323937800435,0
"3526",2004,147,21,109.9945,0.046,0,0,0.235,17.015,0.8015,4.995,0,14.3331413752295,0
"3527",2004,147,22,115.469,0,0,0,0.17,16.44,0.85885,4.265,0,14.3332978567261,0
"3528",2004,147,23,118.2185,0.115,0,0,0.28,16,0.89235,4.015,0,14.3334639121628,0
"3529",2004,148,0,117.877,0.414,0,0,0.12,15.495,0.93285,3.405,0,14.3336486636583,0
"3530",2004,148,1,114.4935,0.46,0,0,0.01,15.845,0.9467,3.425,0,14.3338404414848,0
"3531",2004,148,2,108.504,0.46,0,0,0.09,16.025,0.9527,3.765,0,14.3340164242685,0
"3532",2004,148,3,100.514,0.46,0,0,0.095,15.905,0.95775,2.87,0,14.3341609845877,0
"3533",2004,148,4,90.927,7.13,4.445,0.55,1.055,16.29,0.96025,4.065,0,14.3344341403475,0
"3534",2004,148,5,80.588,47.817,19.72,16.815,4.715,17.855,0.9485,5.48,0,14.3385444405582,0
"3535",2004,148,6,69.617,163.438,63.79,73.125,17.165,18.835,0.94305,6.19,0,14.3263024548265,0
"3536",2004,148,7,58.256,335.869,131.245,159.09,36.195,19.56,0.92965,6.39,0,14.3260195572463,0
"3537",2004,148,8,46.8205,724.707,284.725,356.05,79.505,21.25,0.88365,5.72,0,14.3260152545945,0
"3538",2004,148,9,35.731,876.162,338.98,425.38,92.675,22.86,0.8215,5.815,0,14.3260151790928,0
"3539",2004,148,10,25.881,619.62,232.49,286.305,62.635,23.555,0.7852,5.475,0,14.3260151965052,0
"3540",2004,148,11,19.6025,1772.748,711.66,906.88,175.085,25.32,0.6868,7.63,0,14.326015231317,0
"3541",2004,148,12,20.4295,1633.322,653.295,835.86,164.76,26.69,0.58005,7.855,0,14.3260153327259,0
"3542",2004,148,13,27.7515,1684.865,671.635,860.675,172.845,27.555,0.49105,7.02,0,14.3260156505902,0
"3543",2004,148,14,37.9825,1174.863,458.255,586.39,127.525,27.775,0.494,6.495,0,14.3260152249746,0
"3544",2004,148,15,49.19,539.81,207.715,257.765,59.215,26.865,0.54885,6.39,0,14.3260152493791,0
"3545",2004,148,16,60.628,223.468,85.22,98.82,23.535,26.025,0.5794,4.44,0,14.3260152463135,0
"3546",2004,148,17,71.9255,94.553,36.9,37.655,9.835,25.27,0.6509,4.58,0,14.3260152086399,0
"3547",2004,148,18,82.746,12.88,5.38,0.555,1.685,23.93,0.69575,3.56,0,14.2681085677639,0
"3548",2004,148,19,92.9775,1.564,1.805,0,0.395,22.79,0.7654,2.24,0,14.2472208953958,0
"3549",2004,148,20,102.24,0.46,0,0,0.025,22.125,0.80815,2.84,0,14.247553036331,0
"3550",2004,148,21,109.8385,0.46,0,0,0.005,21.495,0.84495,2.745,0,14.2476980131282,0
"3551",2004,148,22,115.305,0.46,0,0,0.105,20.83,0.86715,3.535,0,14.2478684698728,0
"3552",2004,148,23,118.0555,0.115,0,0,0.185,20.195,0.716,3.555,0,14.2480514077089,0
"3553",2004,149,0,117.722,0.023,0,0,0.34,18.425,0.7681,3.33,0,14.2482281285004,-1
"3554",2004,149,1,114.3525,0,0,0,0.175,17.685,0.78265,4.195,0,14.2483958219807,-0.99440625
"3555",2004,149,2,108.3805,0.023,0,0,0.28,17.095,0.78405,4.69,0,14.2485483444526,-0.989274305555556
"3556",2004,149,3,100.408,0.092,0,0,0.405,16.03,0.82345,4.475,0,14.2486750754991,-0.984717013888889
"3557",2004,149,4,90.84,13.34,5.26,2.2,2.545,14.125,0.8834,5.345,0,14.2495984911993,-0.981190972222222
"3558",2004,149,5,80.51,149.316,59.96,69.95,20.225,12.205,0.92435,6.17,0,14.2682932062505,-0.978993055555555
"3559",2004,149,6,69.5455,556.025,217.81,283.78,80.845,12.665,0.78675,6.32,0,14.2668867834728,-0.977302083333333
"3560",2004,149,7,58.1885,898.656,356.865,465.065,113.37,13.53,0.73865,5.185,0,14.266854551495,-0.975151041666666
"3561",2004,149,8,46.7525,1276.431,522.26,668.615,145.66,15.12,0.6787,5.215,0,14.2668540641246,-0.972147569444444
"3562",2004,149,9,35.6515,1559.699,656.33,823.18,162.145,16.66,0.63555,4.655,0,14.2668541344356,-0.968057291666666
"3563",2004,149,10,25.7755,1750.553,748.205,927.68,168.92,18.17,0.60695,4,0,14.2668543983716,-0.962907986111111
"3564",2004,149,11,19.4565,1846.256,796.135,979.97,170.965,19.565,0.5781,3.755,0,14.2668541442921,-0.95675
"3565",2004,149,12,20.27,1844.692,789.83,975.075,171.81,20.57,0.5463,3.9,0,14.2668543584351,-0.949758680555555
"3566",2004,149,13,27.6135,1745.47,737.77,913.235,170.2,21.215,0.50885,3.905,0,14.2668541421737,-0.942194444444444
"3567",2004,149,14,37.861,1547.164,639.35,798.05,162.785,21.835,0.47335,3.485,0,14.2668542570488,-0.934190972222222
"3568",2004,149,15,49.0745,1205.798,484.325,610.805,140.485,22.28,0.45105,3.17,0,14.2668540938689,-0.925817708333333
"3569",2004,149,16,60.5145,904.406,351.675,442.97,115.585,22.54,0.42825,3.29,0,14.2668540931893,-0.917199652777778
"3570",2004,149,17,71.8075,509.634,193.54,239.385,74.365,22.405,0.4104,3.5,0,14.2668539245444,-0.908538194444444
"3571",2004,149,18,82.6235,158.838,59.93,64.07,26.59,21.735,0.4379,2.995,0,14.2668540723105,-0.90015625
"3572",2004,149,19,92.8495,5.957,3.55,0.25,0.865,20.09,0.50035,2.965,0,14.2807243332907,-0.892578125
"3573",2004,149,20,102.0975,0.069,0,0,0.295,17.705,0.49055,3.82,0,14.30516944065,-0.886399305555555
"3574",2004,149,21,109.6875,0.115,0,0,0.32,16.135,0.497,4.735,0,14.3060271246969,-0.88159375
"3575",2004,149,22,115.1485,0.046,0,0,0.38,14.735,0.53035,5,0,14.3061883376966,-0.877819444444444
"3576",2004,149,23,117.899,0,0,0,0.3,13.71,0.54915,4.41,0,14.306353254412,-0.874887152777778
"3577",2004,150,0,117.5715,0,0,0,0.235,12.775,0.58485,4.815,0,14.3065241916546,-0.872635416666666
"3578",2004,150,1,114.218,0.023,0,0,0.135,11.87,0.63455,4.27,0,14.3066909902564,-0.871022569444444
"3579",2004,150,2,108.262,0.023,0,0,0.01,11.4,0.6483,4.14,0,14.3068423800385,-0.869887152777778
"3580",2004,150,3,100.3055,0.023,0,0,0.005,10.95,0.6757,3.93,0,14.3069686986114,-0.869071180555555
"3581",2004,150,4,90.72,12.144,6.02,2.655,1.54,10.535,0.7168,3.775,0,14.3076680447846,-0.868555555555555
"3582",2004,150,5,80.4365,136.183,54.125,61.195,18.555,11.065,0.7001,4.18,0,14.3233057259748,-0.868
"3583",2004,150,6,69.48,484.219,193.35,245.745,68.535,13.325,0.62855,5.18,0,14.3217218159169,-0.866475694444444
"3584",2004,150,7,58.1265,908.753,362.915,466.75,114.91,15.74,0.5657,5.045,0,14.3216858950912,-0.863328125
"3585",2004,150,8,46.6875,1292.278,523.735,669.61,148.06,18.695,0.4626,6.145,0,14.3216854041169,-0.858315972222222
"3586",2004,150,9,35.576,1562.85,647.64,819.455,167.045,21.45,0.4114,6.93,0,14.3216854838607,-0.851321180555555
"3587",2004,150,10,25.675,1717.939,715.87,899.335,173.7,23.09,0.45455,6,0,14.3216853401605,-0.842800347222222
"3588",2004,150,11,19.3185,1826.752,765.805,957.365,179.855,24.2,0.48945,6.145,0,14.3216853728872,-0.833324652777778
"3589",2004,150,12,20.118,1712.58,712.67,892.255,169.44,25.06,0.50425,5.87,0,14.3216854728091,-0.823164930555555
"3590",2004,150,13,27.4815,1332.62,540.585,684.71,141.365,25.555,0.49955,6.435,0,14.3216857891498,-0.812534722222222
"3591",2004,150,14,37.742,1127.322,445.985,569.815,127.475,25.825,0.49135,7.41,0,14.3216853621109,-0.801638888888889
"3592",2004,150,15,48.962,920.506,361.34,459.06,107.36,25.88,0.4893,8.325,0,14.32168538451,-0.790630208333334
"3593",2004,150,16,60.401,431.02,169.975,207.21,50.57,25.745,0.48205,7.885,0,14.3216853775116,-0.779649305555556
"3594",2004,150,17,71.6915,366.597,145.835,179.285,47.56,25.42,0.5015,8.29,0,14.3216853430563,-0.768828125
"3595",2004,150,18,82.505,93.909,38.435,39.24,13.195,24.635,0.54215,6.955,0,14.3216852691207,-0.758392361111111
"3596",2004,150,19,92.689,5.06,2.875,0.54,0.66,23.67,0.59175,5.645,0,14.3346868009383,-0.748564236111111
"3597",2004,150,20,101.9585,0.092,0,0,0.23,22.98,0.64005,6.195,0,14.3479186194796,-0.739310763888889
"3598",2004,150,21,109.5385,0.184,0,0,0.145,22.155,0.6833,7.72,0,14.3484635628279,-0.730583333333334
"3599",2004,150,22,114.995,0.092,0,0,0.205,21.385,0.71395,8.075,0,14.3486223433561,-0.722409722222223
"3600",2004,150,23,117.746,0.115,0,0,0.03,20.995,0.7442,6.665,0,14.3487910085346,-0.714638888888889
"3601",2004,151,0,117.43,0.023,0,0,0.035,20.905,0.7607,5.86,0.201083333333333,14.348966244429,-0.707034722222223
"3602",2004,151,1,114.087,0.069,0,0,0.015,20.85,0.76685,6.995,0.201083333333333,14.3491341572425,-0.699480902777778
"3603",2004,151,2,108.1515,0.069,0,0,0.255,20.58,0.8008,7.69,0.201083333333333,14.3492889886932,-0.692039930555556
"3604",2004,151,3,100.21,0.46,0.045,0,0.285,19.92,0.88005,7.89,0.201083333333333,14.3494228104281,-0.684921875
"3605",2004,151,4,90.644,9.867,4.835,1.69,1.135,19.45,0.91075,6.42,0.201083333333333,14.3498788377648,-0.678196180555556
"3606",2004,151,5,80.369,111.021,44.785,49.685,13.01,19.46,0.9055,7.75,0.201083333333333,14.3605594098041,-0.671630208333334
"3607",2004,151,6,69.4175,164.634,64.755,74.07,18.37,20.255,0.9199,9.185,0.201083333333333,14.3584703067045,-0.664784722222223
"3608",2004,151,7,58.069,160.724,60.95,68.545,15.775,21.2,0.91675,8.775,0.201083333333333,14.358423314328,-0.657335069444445
"3609",2004,151,8,46.6295,709.665,278.665,348.42,77.97,22.86,0.8762,9.335,0.201083333333333,14.3584226475185,-0.648980902777778
"3610",2004,151,9,35.5095,505.034,190.83,236.595,53.895,24.25,0.82755,10.6,0.201083333333333,14.3584225966413,-0.639567708333334
"3611",2004,151,10,25.581,721.855,269.79,337.89,73.485,25.005,0.8027,10.78,0.201083333333333,14.3584226617326,-0.629409722222223
"3612",2004,151,11,19.185,529.023,197.235,244.77,52.345,25.225,0.80425,10.255,0.201083333333333,14.3584228922985,-0.618913194444445
"3613",2004,151,12,19.971,851.828,332.79,417.435,90,26.455,0.74395,7.875,0.201083333333333,14.3584226835589,-0.607913194444445
"3614",2004,151,13,27.351,1456.82,574.105,730.115,156.565,28.84,0.6463,10.72,0.201083333333333,14.3584227558191,-0.595657986111112
"3615",2004,151,14,37.6285,1330.32,517.29,661.57,150.855,29.345,0.62125,10.735,0.201083333333333,14.3584226220987,-0.582399305555556
"3616",2004,151,15,48.8525,1000.73,402.725,515.005,125.345,29.635,0.5971,10.32,0.201083333333333,14.3584226533596,-0.568864583333334
"3617",2004,151,16,60.2915,496.8,187.725,232.88,58.98,29.345,0.61125,9.405,0.201083333333333,14.3584226401073,-0.555329861111111
"3618",2004,151,17,71.579,79.994,29.54,28.12,8.915,27.765,0.68345,9.69,0.201083333333333,14.3584225999347,-0.542444444444445
"3619",2004,151,18,82.3895,5.014,0.425,0.125,5.07,20.77,0.87115,9.245,0.201083333333333,14.2789486593279,-0.532536458333334
"3620",2004,151,19,92.5695,1.403,0.78,0,0.995,19.95,0.9171,2.93,0.201083333333333,14.2675748272815,-0.525342013888889
"3621",2004,151,20,101.8245,0.46,0,0,0.245,19.89,0.93135,3.34,0.201083333333333,14.2678154771777,-0.518453125
"3622",2004,151,21,109.3975,0.46,0,0,0.18,20.035,0.92715,4.3,0.201083333333333,14.2679588712789,-0.511534722222223
"3623",2004,151,22,114.85,0.46,0,0,0.16,20.085,0.92,5.175,0.201083333333333,14.2681304268913,-0.504548611111111
"3624",2004,151,23,117.6015,0.46,0,0,0.09,19.755,0.91515,5.935,0.201083333333333,14.2683228143779,-0.497659722222223
"3625",2004,152,0,117.292,0.46,0,0,0.015,19.65,0.9289,5.82,0.0105833333333333,14.268523109591,-0.490921875
"3626",2004,152,1,113.965,0.46,0,0,0.09,19.965,0.90995,7.345,0.0105833333333333,14.2687175341255,-0.484111111111112
"3627",2004,152,2,108.0445,0.46,0,0,0.5,19.35,0.89,6.55,0.0105833333333333,14.2688932982667,-0.477404513888889
"3628",2004,152,3,100.121,0.46,0.05,0,0.36,18.265,0.89145,7.04,0.0105833333333333,14.2690376817305,-0.471288194444445
"3629",2004,152,4,90.572,14.467,5.845,2.61,2.245,17.175,0.8215,7.925,0.0105833333333333,14.2702462194098,-0.465927083333334
"3630",2004,152,5,80.304,197.984,78.17,90.275,28.155,16.23,0.85105,6.465,0.0105833333333333,14.2862245825329,-0.461272569444445
"3631",2004,152,6,69.362,597.448,237.74,297.685,78.605,16.755,0.75855,8.555,0.0105833333333333,14.284985632512,-0.456763888888889
"3632",2004,152,7,58.0175,991.806,399.505,504.675,114.665,17.2,0.6817,10.8,0.0105833333333333,14.2849581461763,-0.451918402777778
"3633",2004,152,8,46.5765,1352.124,552.715,695.49,142.56,17.8,0.6462,11.59,0.0105833333333333,14.2849577228037,-0.446710069444445
"3634",2004,152,9,35.446,1547.026,635.165,795.455,154.295,18.9,0.5867,11,0.0105833333333333,14.2849577875531,-0.440911458333334
"3635",2004,152,10,25.4945,1337.105,543.17,686.83,137.295,19.43,0.5458,13.165,0.0105833333333333,14.2849580279109,-0.434546875
"3636",2004,152,11,19.0595,1570.992,641.15,811.13,158.2,20.21,0.5225,12.19,0.0105833333333333,14.2849578234667,-0.427727430555556
"3637",2004,152,12,19.8315,1503.257,601.37,768.74,158.175,20.985,0.47215,12.2,0.0105833333333333,14.2849579168344,-0.420368055555556
"3638",2004,152,13,27.2265,1554.409,620.265,795.78,169.895,21.78,0.4225,13.495,0.0105833333333333,14.284957760972,-0.412463541666667
"3639",2004,152,14,37.5155,1407.186,549.97,710.555,160.625,22.485,0.3864,11.98,0.0105833333333333,14.2849578188693,-0.404038194444445
"3640",2004,152,15,48.7445,1098.158,420.61,545.085,134.215,23.02,0.3614,11.25,0.0105833333333333,14.2849579269999,-0.395182291666667
"3641",2004,152,16,60.185,876.553,325.18,422.6,116.8,23.495,0.33985,10.755,0.0105833333333333,14.2849577403287,-0.385975694444445
"3642",2004,152,17,71.468,572.838,209.17,269.95,87.92,23.43,0.33465,9.805,0.0105833333333333,14.2849577198239,-0.376626736111111
"3643",2004,152,18,82.2755,105.248,43.0526315789474,45.555,16.12,22.055,0.39805,7.405,0.0105833333333333,14.2849575502911,-0.367777777777778
"3644",2004,152,19,92.451,1.449,0.205882352941176,0,2.41,17.015,0.6096,7.335,0.0105833333333333,14.3017102470515,-0.36115625
"3645",2004,152,20,101.6945,0.345,0,0,0.295,15.05,0.7494,5.96,0.0105833333333333,14.3168888293838,-0.356967013888889
"3646",2004,152,21,109.261,0,0,0,0.245,14.435,0.8175,5.2,0.0105833333333333,14.3174583668808,-0.353673611111111
"3647",2004,152,22,114.7085,0.368,0,0,0.07,14.26,0.8119,6.32,0.0105833333333333,14.3176201138149,-0.350654513888889
"3648",2004,152,23,117.4635,0.391,0,0,0.135,14.065,0.8218,6.445,0.0105833333333333,14.3178057973299,-0.347763888888889
"3649",2004,153,0,117.161,0.322,0,0,0.18,13.785,0.8219,5.89,0,14.3179989004292,-0.345038194444445
"3650",2004,153,1,113.8495,0.46,0,0,0.055,13.41,0.84145,5.26,0,14.3181868206753,-0.342539930555556
"3651",2004,153,2,107.945,0.345,0,0,0.035,13.255,0.83745,5.29,0,14.31835871546,-0.340225694444445
"3652",2004,153,3,100.039,0.437,0.07,0,0.04,13.065,0.83405,5.36,0,14.3184987025402,-0.33803125
"3653",2004,153,4,90.507,18.446,8.535,4.24,2.525,12.94,0.82225,5.165,0,14.3215880226332,-0.335946180555556
"3654",2004,153,5,80.247,221.168,88.1,103.955,33.075,13.965,0.7713,6.06,0,14.3379689759724,-0.333548611111111
"3655",2004,153,6,69.3115,585.189,232.085,292.38,77.375,15.655,0.7347,6.6,0,14.3368572968931,-0.330208333333334
"3656",2004,153,7,57.971,972.992,390.475,495.765,113.885,17.98,0.6531,7.345,0,14.3368329760179,-0.325473958333334
"3657",2004,153,8,46.5285,1319.993,542.08,682.89,140.935,20.09,0.5646,7.4,0,14.3368326187749,-0.319199652777778
"3658",2004,153,9,35.3895,1612.737,669.835,837.04,159.915,21.81,0.4919,7.305,0,14.3368326908341,-0.311595486111111
"3659",2004,153,10,25.415,1810.33,756.98,944.895,172.435,23.36,0.42115,7.265,0,14.3368329629524,-0.302855902777778
"3660",2004,153,11,18.942,1907.896,797.34,998.245,182.79,24.56,0.35645,7.3,0,14.3368326909716,-0.293161458333334
"3661",2004,153,12,19.694,1909.667,779.05,988.765,191.955,25.035,0.37805,7.96,0,14.3368328872821,-0.282885416666667
"3662",2004,153,13,27.1045,1135.579,451.72,574.805,122.88,24.985,0.3855,8.21,0,14.3368327070028,-0.272461805555556
"3663",2004,153,14,37.4055,916.987,357.815,456.915,105.015,25.82,0.27925,10,0,14.3368327003466,-0.261765625
"3664",2004,153,15,48.6395,965.172,367.19,474.85,116.66,25.655,0.28085,11.01,0,14.3368326304646,-0.250836805555556
"3665",2004,153,16,60.0795,917.263,340.82,445.12,121.945,25.57,0.2831,10.25,0,14.3368326332081,-0.239994791666667
"3666",2004,153,17,71.3625,534.06,190.21,244.785,80.825,24.885,0.29445,9.95,0,14.3368326261932,-0.229420138888889
"3667",2004,153,18,82.165,181.7,65.08,75.865,32.345,23.65,0.34515,7.93,0,14.336832557708,-0.219512152777778
"3668",2004,153,19,92.3385,9.016,3.745,0.705,1.695,21.705,0.40775,5.265,0,14.3491493310749,-0.210708333333334
"3669",2004,153,20,101.567,0.23,0,0,0.195,19.85,0.48955,4.615,0,14.3777204710069,-0.203223958333334
"3670",2004,153,21,109.129,0.046,0,0,0.245,18.895,0.54965,3.81,0,14.3787083933579,-0.196715277777778
"3671",2004,153,22,114.573,0,0,0,0.02,17.625,0.6163,2.775,0,14.378869215017,-0.190979166666667
"3672",2004,153,23,117.33,0,0,0,0.045,16.375,0.67265,2.9,0,14.3790325841279,-0.186118055555556
"3673",2004,154,0,117.0375,0,0,0,0.04,14.97,0.75795,2.69,0,14.3792025977533,-0.182178819444445
"3674",2004,154,1,113.7405,0,0,0,0.04,14.97,0.77435,2.89,0,14.379368541057,-0.178727430555556
"3675",2004,154,2,107.8525,0,0,0,0.005,14.845,0.76725,3.56,0,14.3795182161683,-0.175319444444445
"3676",2004,154,3,99.9605,0.023,0.06,0,0.13,14.365,0.7621,3.79,0,14.3796417873399,-0.172121527777778
"3677",2004,154,4,90.4465,20.654,8.65,4.94,3.725,13.405,0.8102,3.305,0,14.3847998280628,-0.169423611111112
"3678",2004,154,5,80.194,237.636,92.92,110.635,35.61,13.91,0.80635,3.32,0,14.4005666672663,-0.166883680555556
"3679",2004,154,6,69.2655,602.071,235.3,295.265,77.78,15.89,0.72265,5.035,0,14.3995102715642,-0.163480902777778
"3680",2004,154,7,57.9295,990.978,392.24,495.835,112.87,17.205,0.6802,5.88,0,14.3994874277688,-0.158934027777778
"3681",2004,154,8,46.4855,1355.689,555.865,698.53,142.25,18.265,0.6113,8.57,0,14.3994870978744,-0.1535625
"3682",2004,154,9,35.339,1610.529,660.165,825.955,158.315,18.84,0.5991,8.91,0,14.3994871802256,-0.147623263888889
"3683",2004,154,10,25.3415,1656.276,676.9,851.865,162.905,19.63,0.56545,9.275,0,14.3994874952322,-0.141210069444445
"3684",2004,154,11,18.828,1615.52,654.36,828.3,163.275,19.92,0.5522,9.235,0,14.3994871469697,-0.134421875
"3685",2004,154,12,19.5645,1474.576,587.11,750.32,151.45,20.335,0.54075,8.215,0,14.3994872884557,-0.127388888888889
"3686",2004,154,13,26.9865,888.375,344.515,441.325,98.315,20.35,0.5434,8.19,0,14.3994872905625,-0.120206597222223
"3687",2004,154,14,37.2975,955.512,367.015,470.825,107.21,20.23,0.5661,7.85,0,14.3994871073381,-0.113060763888889
"3688",2004,154,15,48.537,638.549,241.595,307.885,75.165,20.23,0.5958,7.65,0,14.3994871140838,-0.105956597222223
"3689",2004,154,16,59.9785,532.841,199.305,253.11,64.385,19.965,0.62065,8.8,0,14.3994871142663,-0.0989444444444448
"3690",2004,154,17,71.2555,161.782,61.175,74.17,20.59,16.79,0.83645,7.055,0,14.3994870412485,-0.0931267361111115
"3691",2004,154,18,82.0575,157.757,59.835,67.605,22.735,17.14,0.8379,3.65,0,14.3994870700103,-0.088289930555556
"3692",2004,154,19,92.189,9.154,4.62,1.22,1.28,16.68,0.86875,2.1,0,14.4106545335268,-0.0834913194444448
"3693",2004,154,20,101.4455,0.322,0,0,0.355,15.785,0.8778,1.995,0,14.4346567145399,-0.0791631944444448
"3694",2004,154,21,109.003,0.345,0,0,0.11,15.725,0.86425,1.63,0,14.4355640796389,-0.075166666666667
"3695",2004,154,22,114.443,0.253,0,0,0,15.205,0.8647,1.305,0,14.4357370831382,-0.0713715277777782
"3696",2004,154,23,117.2035,0.414,0,0,0.055,14.815,0.8313,1.88,0,14.4359183234822,-0.0678923611111115
"3697",2004,155,0,116.921,0.46,0,0,0,13.505,0.91445,1.865,0,14.4361144687426,-0.0650034722222226
"3698",2004,155,1,113.637,0.46,0,0,0.145,13.065,0.9114,3.2,0,14.4363072091593,-0.0627222222222226
"3699",2004,155,2,107.765,0.46,0,0,0.155,12.24,0.90985,3.675,0,14.436481524901,-0.0608802083333337
"3700",2004,155,3,99.8895,0.46,0.06,0,0.275,11.565,0.9132,4.085,0,14.436625347336,-0.0595590277777782
"3701",2004,155,4,90.391,17.434,7.665,3.8,2.88,11.25,0.84415,4.795,0,14.4390320592877,-0.0585815972222226
"3702",2004,155,5,80.147,232.599,90.03,108.205,35.345,11.75,0.81115,5.045,0,14.4514206380715,-0.057539930555556
"3703",2004,155,6,69.2245,587.558,231.815,290.675,79.285,13.3,0.79255,3.625,0,14.4502588912757,-0.0557864583333337
"3704",2004,155,7,57.8915,962.895,384.01,490.685,115.45,15.265,0.7512,3.71,0,14.4502340075606,-0.0528125000000004
"3705",2004,155,8,46.448,1303.962,529.84,673.675,142.575,17.045,0.69265,4.775,0,14.4502336440714,-0.0485381944444448
"3706",2004,155,9,35.2915,1591.209,657.53,827.555,160.635,19.085,0.597,6.215,0,14.4502337154473,-0.0429375000000004
"3707",2004,155,10,25.2745,1795.817,752.485,940.82,171.225,20.405,0.50535,6.94,0,14.4502339843031,-0.0361701388888893
"3708",2004,155,11,18.723,1903.227,802.855,997.45,173.56,21.305,0.43405,7.085,0,14.4502337180765,-0.0286319444444448
"3709",2004,155,12,19.4395,1775.784,743.645,923.19,164.34,21.905,0.4302,6,0,14.4502339186022,-0.020572916666667
"3710",2004,155,13,26.8725,921.173,374.6,463.965,92.86,21.98,0.43725,5.57,0,14.4502337264973,-0.0122795138888893
"3711",2004,155,14,37.194,889.663,355.02,443.435,96.67,22.08,0.41605,5.485,0,14.4502337519337,-0.0039253472222226
"3712",2004,155,15,48.437,875.311,343.475,431.05,98.595,22.215,0.4098,5.515,0,14.4502336597417,0.00129478480546844
"3713",2004,155,16,59.8785,807.139,308.17,390.09,100.23,22.405,0.39625,5.13,0,14.4502336604302,0.00333483382055031
"3714",2004,155,17,71.155,523.204,195.655,245.12,75.695,22.045,0.4161,5.085,0,14.4502336051094,0.00536341220808647
"3715",2004,155,18,81.953,167.831,62.94,69.75,28.665,20.795,0.42845,4.8,0,14.4502335748568,0.00728089475605551
"3716",2004,155,19,92.084,10.925,4.935,1.21,2.105,18.765,0.4442,4.185,0,14.4591416153225,0.00896186116479028
"3717",2004,155,20,101.329,0.184,0,0,0.065,17.205,0.48785,3.865,0,14.4833454283275,0.0103749541751535
"3718",2004,155,21,108.8795,0,0,0,0.01,16.025,0.5231,3.335,0,14.4842938403451,0.0115818460813437
"3719",2004,155,22,114.321,0,0,0,0.08,14.615,0.58885,3.08,0,14.4844520581993,0.0125965925944116
"3720",2004,155,23,117.083,0,0,0,0.15,13.145,0.6203,3.07,0,14.4846144202127,0.0134048469110599
"3721",2004,156,0,116.81,0.069,0,0,0.21,11.455,0.67015,3.025,0,14.4847850037578,0.0140006868024227
"3722",2004,156,1,113.539,0.299,0,0,0.12,11.285,0.6446,2.85,0,14.4849597565978,0.0144794772229699
"3723",2004,156,2,107.6855,0.414,0,0,0.125,9.97,0.7265,2.9,0,14.4851276058872,0.0148723672952908
"3724",2004,156,3,99.8245,0.207,0.03,0,0.25,9.035,0.77825,3.435,0,14.4852649774851,0.0151454242259
"3725",2004,156,4,90.339,21.068,8.825,5.595,3.74,8.505,0.79595,2.885,0,14.491017926657,0.0153491021300984
"3726",2004,156,5,80.103,229.77,91.955,112.56,38.095,9.77,0.74245,2.88,0,14.5037829703251,0.0155872580825852
"3727",2004,156,6,69.1885,589.582,234.63,302.385,86.205,12.745,0.6242,3.915,0,14.5026933870141,0.0160562105413237
"3728",2004,156,7,57.86,977.017,393.635,508.72,125.835,15.375,0.55535,4.115,0,14.5026702668879,0.0168908076228085
"3729",2004,156,8,46.4155,1324.455,546.31,696.925,151.865,17.645,0.51245,3.465,0,14.502669927687,0.0180822446522466
"3730",2004,156,9,35.252,1608.942,675.095,849.485,166.405,19.5,0.45695,3.915,0,14.5026699923364,0.0195836284202802
"3731",2004,156,10,25.212,1812.446,773.48,959.925,171.71,20.925,0.3988,3.04,0,14.5026702322264,0.0213282667754786
"3732",2004,156,11,18.625,1913.301,821.215,1014.135,174.19,22.13,0.3392,3.07,0,14.5026700270502,0.0232607904145926
"3733",2004,156,12,19.3205,1915.049,819.68,1011.645,176.59,23.11,0.2877,2.46,0,14.5026701193902,0.0253418334608998
"3734",2004,156,13,26.7635,1807.984,762.885,944.135,174.13,23.88,0.27675,1.715,0,14.5026699647915,0.0275353820639547
"3735",2004,156,14,37.095,1608.022,659.815,826.76,168.28,24.525,0.2471,2.295,0,14.5026700215969,0.0298148706600579
"3736",2004,156,15,48.3415,1316.612,523.075,663.595,151.35,24.735,0.227,2.47,0,14.5026701230943,0.0321439855234455
"3737",2004,156,16,59.7805,960.48,368.575,470.14,123.28,24.73,0.20555,2.78,0,14.5026699433468,0.0344846915051739
"3738",2004,156,17,71.055,560.602,207.885,260.56,81.52,24.525,0.2254,3.585,0,14.5026699219773,0.0368135236583581
"3739",2004,156,18,81.8525,192.211,70.815,78.15,32.295,23.605,0.26965,3.06,0,14.5026697514952,0.0390765254397216
"3740",2004,156,19,91.9815,10.649,5.845,1.08,1.48,21.12,0.3566,3,0,14.5091235575786,0.0411217635872169
"3741",2004,156,20,101.2165,0,0,0,0.04,19.895,0.38875,2.96,0,14.5326118277278,0.042909325694654
"3742",2004,156,21,108.7635,0,0,0,0.02,18.56,0.4405,2.57,0,14.5335886559257,0.0445087573420596
"3743",2004,156,22,114.203,0,0,0,0.225,16.595,0.5469,2.84,0,14.5337469145592,0.0458604631429304
"3744",2004,156,23,116.9685,0,0,0,0,15.71,0.66825,2.925,0,14.5339088121242,0.046998162236496
"3745",2004,157,0,116.707,0,0,0,0,15.05,0.76405,2.755,0,14.5340776553331,0.0480214815597464
"3746",2004,157,1,113.4495,0.023,0,0,0.055,14.465,0.80805,3.11,0,14.534243134098,0.0489541163644342
"3747",2004,157,2,107.6105,0.115,0,0,0.09,13.515,0.86085,2.705,0,14.5343953217217,0.0497774889625581
"3748",2004,157,3,99.7625,0,0.06,0,0,14.055,0.85655,2.195,0,14.5345218444751,0.0505720287093127
"3749",2004,157,4,90.2565,11.247,6.775,4.145,2.485,14.535,0.8502,1.49,0,14.5350793920269,0.0514383627761847
"3750",2004,157,5,80.0655,173.857,72.265,85.66,25.615,15.29,0.8375,1.265,0,14.5402214154808,0.0523934681123232
"3751",2004,157,6,69.1575,548.872,219.055,275.36,76.23,18.31,0.72665,1.13,0,14.5386661006255,0.0536285435429783
"3752",2004,157,7,57.8325,954.04,385,486.075,116.28,20.32,0.66245,0.965,0,14.5386332073173,0.0552407565206402
"3753",2004,157,8,46.3875,1305.181,537.14,672.81,142.045,22.01,0.5745,1.18,0,14.5386327090816,0.0571220726310977
"3754",2004,157,9,35.216,1603.836,673.49,832.135,158.675,23.75,0.3858,1.65,0,14.5386327655409,0.0592364699338767
"3755",2004,157,10,25.157,1723.85,731.93,897.845,163.035,24.65,0.3163,1.8,0,14.5386329710085,0.0615154969061035
"3756",2004,157,11,18.532,1759.247,742.52,921.52,173.455,25.055,0.3115,2.48,0,14.5386328570115,0.0638695258340123
"3757",2004,157,12,19.2075,935.433,378.12,470.595,102.93,24.84,0.3289,2.885,0,14.5386327416818,0.0662341031199947
"3758",2004,157,13,26.6555,1300.489,528.01,664.7,141.075,25.13,0.34195,3.62,0,14.538632802616,0.0686027763255387
"3759",2004,157,14,36.997,751.479,301.415,374.6,84.955,25.1,0.3484,3.35,0,14.5386329622523,0.0709856262951207
"3760",2004,157,15,48.246,654.672,258.285,317.565,73.34,25.23,0.35325,3.015,0,14.5386327377819,0.0733738536604812
"3761",2004,157,16,59.6875,576.035,229.81,287.395,74.4,25.31,0.3688,3.055,0,14.5386327332854,0.0757732994675616
"3762",2004,157,17,70.961,273.056,112.22,136.235,36.7,24.835,0.40005,4.44,0,14.5386325642341,0.0781514408347017
"3763",2004,157,18,81.7535,95.634,39.815,40.545,11.61,23.885,0.448,3.425,0,14.5386327175436,0.0804491624575849
"3764",2004,157,19,91.8825,8.901,5.12,2.055,1.05,22.3,0.51655,3.17,0,14.5453074809268,0.0825911358128016
"3765",2004,157,20,101.1085,0.023,0,0,0,21.01,0.5752,3.01,0,14.5574479329038,0.0845413241485182
"3766",2004,157,21,108.6505,0,0,0,0,20.52,0.59625,2.895,0,14.5580348773032,0.0863662199547019
"3767",2004,157,22,114.091,0,0,0,0.005,19.82,0.6264,3.015,0,14.5581864557914,0.0881049049649663
"3768",2004,157,23,116.8625,0,0,0,0,19.925,0.63005,3.62,0,14.5583481943926,0.0898000482024194
"3769",2004,158,0,116.608,0,0,0,0,19.78,0.6508,3.005,0,14.5585170024074,0.0914922465967818
"3770",2004,158,1,113.366,0,0,0,0.05,19.125,0.70865,3.08,0,14.5586812365181,0.0931252660784553
"3771",2004,158,2,107.542,0,0,0,0,18.82,0.72135,3.13,0,14.5588310803908,0.0946868006291382
"3772",2004,158,3,99.707,0,0.095,0,0.06,18.685,0.716,3.225,0,14.5589544099567,0.0962153958545101
"3773",2004,158,4,90.219,10.58,5.345,1.8,0.995,17.945,0.76615,2.305,0,14.559438407044,0.0976782316111934
"3774",2004,158,5,80.0335,112.24,45.845,51,13.195,17.645,0.7997,2.61,0,14.5605073007153,0.0990627205606518
"3775",2004,158,6,69.133,314.525,125.055,150.725,35.065,18.835,0.7558,2.695,0,14.5582611408653,0.100514235742668
"3776",2004,158,7,57.81,486.864,192.65,236.485,53.855,20.335,0.6924,3.46,0,14.558213692761,0.102166670591876
"3777",2004,158,8,46.3645,1012.874,401.44,506.27,109.755,22.055,0.62275,4.035,0,14.5582130085388,0.104052200548952
"3778",2004,158,9,35.186,1447.758,576.625,735.53,154.18,23.5,0.54015,5.56,0,14.5582130917662,0.10615356157197
"3779",2004,158,10,25.107,1629.182,656.08,830.27,160.185,24.175,0.5258,5.53,0,14.5582130264505,0.108389331850939
"3780",2004,158,11,18.448,1493.091,593.17,756.56,149.48,25.14,0.4626,5.32,0,14.5582131755682,0.110721159586079
"3781",2004,158,12,19.101,1780.568,719.22,908.285,176.765,26,0.42655,4.825,0,14.5582136960277,0.113151536988274
"3782",2004,158,13,26.555,1351.02,534.17,675.13,138.06,26.39,0.42375,5.055,0,14.5582130045689,0.115643811905871
"3783",2004,158,14,36.9015,1400.999,550.075,701.11,151.67,26.915,0.4029,5.775,0,14.5582130357644,0.118177807717174
"3784",2004,158,15,48.1555,977.523,373.985,477.44,112.74,26.695,0.41235,5.905,0,14.5582130892187,0.120725219714658
"3785",2004,158,16,59.5975,585.304,219.005,272.335,70.41,26.295,0.42705,5.725,0,14.5582130002792,0.123245221908195
"3786",2004,158,17,70.8675,471.638,175.405,216.455,66.93,26.15,0.4283,5.04,0,14.5582129308401,0.125740163142782
"3787",2004,158,18,81.6595,151.064,58.33,63.155,23.91,25.275,0.4717,3.995,0,14.5582129969585,0.128185004450081
"3788",2004,158,19,91.7485,11.362,5.775,1.415,1.47,23.185,0.5477,2.975,0,14.5633992175848,0.130466050463654
"3789",2004,158,20,101.004,0.207,0,0,0.025,21.515,0.6383,3.345,0,14.5818002883067,0.132510638147546
"3790",2004,158,21,108.5455,0,0,0,0,20.42,0.7214,3.075,0,14.5826656008455,0.134364291918321
"3791",2004,158,22,113.9845,0,0,0,0,19.63,0.7807,2.635,0,14.5828215531545,0.13608174179509
"3792",2004,158,23,116.76,0.069,0,0,0,18.885,0.8035,2.805,0,14.5829844485474,0.137685762539237
"3793",2004,159,0,116.5185,0.46,0,0,0.025,17.76,0.8435,2.955,0,14.5831668024586,0.13914969723452
"3794",2004,159,1,113.2895,0.46,0,0,0,17.92,0.848,3.185,0,14.583358184606,0.140540973588665
"3795",2004,159,2,107.48,0.368,0,0,0,17.645,0.86705,3.2,0,14.5835308545384,0.141923577367828
"3796",2004,159,3,99.661,0.46,0.1,0,0.095,17.175,0.89195,2.93,0,14.5836717958077,0.143250002982051
"3797",2004,159,4,90.1835,16.422,6.56,2.845,1,17.55,0.88745,3.185,0,14.5855595634326,0.144569265811371
"3798",2004,159,5,80.0065,178.825,70.565,80.605,23.01,18.42,0.87725,3.315,0,14.5933418443114,0.145982392242204
"3799",2004,159,6,69.1115,520.191,204.705,255.7,70.18,20.49,0.8228,5.12,0,14.5919858454356,0.147615344829691
"3800",2004,159,7,57.7915,902.359,352.565,450.24,109.96,22.315,0.77985,6.075,0,14.5919573321365,0.149529954099844
"3801",2004,159,8,46.3465,1278.616,504.435,643.005,140.18,23.91,0.732,5.765,0,14.5919569121724,0.151674476101492
"3802",2004,159,9,35.1615,1564.667,626.065,791.37,157.635,25.72,0.6474,5.74,0,14.5919569756175,0.154022889359713
"3803",2004,159,10,25.063,1651.331,663.23,836.64,159.925,26.81,0.59445,7.015,0,14.5919572103062,0.156521161439124
"3804",2004,159,11,18.3685,1768.769,712.655,899.93,170.12,27.65,0.56935,7.185,0,14.5919570170015,0.159103391719978
"3805",2004,159,12,18.998,1850.143,742.97,940.455,181.4,28.21,0.5392,7.18,0,14.5919570613762,0.161737881163612
"3806",2004,159,13,26.4555,1482.695,582.71,737.815,147.685,28.515,0.5376,7.615,0,14.5919569261129,0.164400718235277
"3807",2004,159,14,36.8115,1474.3,569.915,728.275,157.025,29.02,0.5237,7.965,0,14.5919569392172,0.16708696476396
"3808",2004,159,15,48.066,1274.522,482.5,620.045,144.855,29.33,0.5101,8.125,0,14.591956959179,0.169794078851187
"3809",2004,159,16,59.5085,944.357,348.375,448.155,118.3,29.265,0.50245,8.385,0,14.5919569424407,0.172506911646201
"3810",2004,159,17,70.7775,546.526,197.405,246.415,74.975,28.915,0.5218,8.045,0,14.5919569192877,0.175209924964786
"3811",2004,159,18,81.567,175.053,63.895,70.82,27.015,27.925,0.56275,6.9,0,14.591956841295,0.177875643653036
"3812",2004,159,19,91.658,12.42,4.965,1.3,1.92,26.275,0.6238,5.26,0,14.5956111441175,0.180446136200885
"3813",2004,159,20,100.9045,0.322,0,0,0.05,24.82,0.6804,4.22,0,14.6147219305059,0.182873496549821
"3814",2004,159,21,108.443,0.299,0,0,0.005,23.96,0.726,3.74,0,14.61566969561,0.185174772309747
"3815",2004,159,22,113.8845,0.023,0,0,0.015,23.32,0.75825,4.23,0,14.6158351503795,0.187386376440534
"3816",2004,159,23,116.6675,0.023,0,0,0.005,22.83,0.78475,4.265,0,14.6159975711045,0.189526899488466
"3817",2004,160,0,116.433,0,0,0,0.005,22.555,0.8051,4.515,0,14.616166642806,0.191617776208726
"3818",2004,160,1,113.2195,0.115,0,0,0.005,22.315,0.82795,4.55,0,14.6163339022853,0.193674552694305
"3819",2004,160,2,107.423,0.161,0,0,0.03,21.905,0.86125,3.855,0,14.6164901109849,0.195687558131146
"3820",2004,160,3,99.618,0.46,0.1,0,0.01,21.72,0.891,4.53,0,14.6166251137008,0.197659927563657
"3821",2004,160,4,90.1535,21.965,9.01,5.185,2.635,21.515,0.91085,4.47,0,14.6239339685519,0.199605325731518
"3822",2004,160,5,79.9835,212.888,82.225,95.325,30.75,22.005,0.90155,4.28,0,14.6344119936834,0.201570403563425
"3823",2004,160,6,69.0945,558.141,212.755,265.115,73.83,23.555,0.84325,5.855,0,14.6332972396017,0.203671987692172
"3824",2004,160,7,63.2,763.14,290.5,369.9,95.2,24.4,0.803,7.3,0,14.6332739679072,0.205924569786129
"3825",2004,160,8,NA,959.9395,367.61,465.905,103.79,24.26,0.7164,5.3575,0,14.6332736365934,0.208219180424951
"3826",2004,160,9,NA,1260.8945,484.43,613.0425,126.055,25.465,0.6573,5.77,0,14.633273722168,0.210573716100039
"3827",2004,160,10,NA,1119.6055,432.312222222222,544.9075,109.601388888889,26.1188888888889,0.618641666666667,6.5775,0,14.6332740491917,0.213026697125726
"3828",2004,160,11,NA,1209.432,466.785,589.64,117.3825,25.74,0.64765,7.4125,0,14.6332736806655,0.215493421784588
"3829",2004,160,12,NA,1160.5225,450.7625,568.89,113.235,25.3975,0.683575,6.87,0,14.6332738101838,0.217923991831845
"3830",2004,160,13,NA,953.3845,362.25,456.48,93.1475,25.185,0.707725,7.0175,0,14.6332742187511,0.220325671868323
"3831",2004,160,14,NA,1204.372,450.27,575.4875,125.7025,25.67,0.6853,6.8775,0,14.6332736532555,0.222741575603371
"3832",2004,160,15,NA,1045.6145,387.63,495.6775,114.79,26.4675,0.65015,7.33,0,14.6332736688291,0.225221551294891
"3833",2004,160,16,NA,763.002,279.38,355.38,90.0075,26.47,0.6385,7.1175,0,14.6332736564751,0.227739268471811
"3834",2004,160,17,NA,502.2395,180.8925,226.4025,64.2075,26.625,0.62625,6.42,0,14.6332736269791,0.230264075643077
"3835",2004,160,18,81.7436842105263,162.743157894737,57.9368421052632,69.2473684210526,23.1684210526316,29.2368421052632,0.567736842105263,5.71578947368421,0,14.6332734960109,0.232894219620456
"3836",2004,160,19,91.571,12.075,4.71,3.145,1.49,27.6,0.65035,3.405,0,14.6357560389512,0.235558634084171
"3837",2004,160,20,100.8095,0,0,0,0,26.31,0.70445,4.335,0,14.6522882661694,0.238117798544867
"3838",2004,160,21,108.347,0.023,0,0,0,25.575,0.7478,3.985,0,14.6531694417885,0.240585586657719
"3839",2004,160,22,113.791,0.023,0,0,0,25.19,0.7533,4.53,0,14.6533261433312,0.242996829952277
"3840",2004,160,23,116.58,0.023,0,0,0,24.36,0.77305,4.18,0,14.6534879877653,0.245341981698866
"3841",2004,161,0,116.3565,0.023,0,0,0,23.62,0.81025,3.88,0,14.6536571951471,0.247596132910165
"3842",2004,161,1,113.1555,0.069,0,0,0.005,22.905,0.84705,3.75,0,14.6538239652832,0.249760478888291
"3843",2004,161,2,107.373,0.46,0,0,0,21.75,0.9061,3.365,0,14.6539845427834,0.251802488751734
"3844",2004,161,3,99.5815,0.46,0,0,0,20.96,0.933,2.51,0,14.6541282382627,0.253711082236247
"3845",2004,161,4,90.1305,11.201,3.855,3.02,1.06,20.465,0.9363,2.31,0,14.6547146266704,0.25552843659685
"3846",2004,161,5,79.966,112.746,36.855,47.265,11.11,20.23,0.92035,1.96,0,14.6548032050977,0.25729305599235
"3847",2004,161,6,69.0825,557.566,194.15,251,65.06,21.875,0.8432,3.315,0,14.6525790207103,0.259158473388386
"3848",2004,161,7,57.7695,637.629,229.96,289.875,69.25,23.825,0.73905,4.78,0,14.6525325017039,0.261268714655398
"3849",2004,161,8,46.3245,641.263,230.785,288.805,67.4,24.61,0.7008,4.95,0,14.6525317947951,0.263549885806987
"3850",2004,161,9,35.1275,957.122,342.795,434.715,94.475,25.21,0.6672,5.8,0,14.652531844249,0.265910185380861
"3851",2004,161,10,24.995,587.88,201.394444444444,253.175,59.2777777777778,25.4277777777778,0.642833333333333,6.14,0,14.6525320186949,0.268314787152128
"3852",2004,161,11,18.2315,650.095,220.915,279.35,64.645,23.83,0.72595,7.64,0,14.6525320236935,0.270642641687956
"3853",2004,161,12,18.8115,470.902,158.555,197.325,45.07,22.585,0.82795,6.56,0,14.6525318102611,0.272799631666958
"3854",2004,161,13,26.274,424.074,141.79,175.145,38.61,21.855,0.87785,6.42,0,14.6525318239781,0.274827417418256
"3855",2004,161,14,36.639,934.444,330.625,422.7,94.38,22.32,0.8469,5.79,0,14.6525318520018,0.276837353857647
"3856",2004,161,15,47.8995,816.707,292.76,371.31,84.725,23.605,0.7902,6.535,0,14.6525318990389,0.278962900955452
"3857",2004,161,16,59.34,581.647,210.385,262.605,61.715,23.675,0.77455,5.85,0,14.652531821958,0.281174661340064
"3858",2004,161,17,70.608,457.953,164.38,206.39,53.44,24.335,0.7307,4.795,0,14.6525318027439,0.283430657835873
"3859",2004,161,18,81.395,91.793,33.965,38.275,9.385,23.995,0.7307,3.36,0,14.6525318146518,0.285705844048443
"3860",2004,161,19,91.489,3.703,1.315,0.395,0.215,23.09,0.77175,2.29,0,14.6477480965625,0.287905219524353
"3861",2004,161,20,100.72,0.138,0,0,0,22.52,0.79965,2.265,0,14.6546804696791,0.290010754358775
"3862",2004,161,21,108.257,0.299,0,0,0.035,21.685,0.87565,2.65,0,14.655143161305,0.292022591061122
"3863",2004,161,22,113.702,0.414,0,0,0,21.55,0.898,2.835,0,14.6553088599577,0.293967995252482
"3864",2004,161,23,116.4975,0.437,0,0,0,21.24,0.9168,2.39,0,14.6554937846166,0.29588232651735
"3865",2004,162,0,116.286,0.437,0,0,0,20.95,0.92935,1.86,1.95791666666667,14.6556884368795,0.297754345228839
"3866",2004,162,1,113.0985,0.414,0,0,0,20.79,0.9373,1.845,1.95791666666667,14.6558785701937,0.29959432641714
"3867",2004,162,2,107.3305,0.437,0,0,0,20.75,0.93435,2.385,1.95791666666667,14.6560496755265,0.301419986931859
"3868",2004,162,3,99.5495,0.46,0,0,0,20.76,0.94065,3.16,1.95791666666667,14.6561933064303,0.303243494766352
"3869",2004,162,4,90.109,5.221,1.635,0.25,0.425,20.65,0.95685,1.77,1.95791666666667,14.6563903197509,0.305059816024524
"3870",2004,162,5,79.9515,49.427,17.305,16.91,4.525,20.66,0.9651,0.595,1.95791666666667,14.6465587735291,0.306868943726261
"3871",2004,162,6,69.0745,194.833,69.49,82.125,18.705,21,0.9658,2.32,1.95791666666667,14.6329639053056,0.308703182370196
"3872",2004,162,7,57.7655,373.75,135.185,163.75,35.825,21.765,0.9326,3.01,1.95791666666667,14.6326745031335,0.310615644185899
"3873",2004,162,8,46.3215,456.343,161.375,196.845,42.385,22.35,0.908,3.53,1.95791666666667,14.6326702120035,0.312621466063481
"3874",2004,162,9,35.1165,256.703,84.19,100.355,20.27,22.32,0.9235,3.015,1.95791666666667,14.632670137118,0.314664881498634
"3875",2004,162,10,24.97,224.434,73.76,87.75,17.395,22.175,0.95265,1.825,1.95791666666667,14.6326701562268,0.316696525772592
"3876",2004,162,11,18.176,926.44,341.685,429.925,91.45,23.07,0.9203,2.97,1.95791666666667,14.6326701987349,0.318777949535041
"3877",2004,162,12,18.729,1111.452,398.095,509.455,105.82,24.185,0.86745,4.795,1.95791666666667,14.6326703281899,0.320987689531043
"3878",2004,162,13,26.1885,780.206,277.33,343.6,74.22,25.04,0.82055,4.07,1.95791666666667,14.6326707348852,0.3233145076295
"3879",2004,162,14,36.5575,467.084,166.2,205.54,44.265,24.635,0.81745,4.35,1.95791666666667,14.6326701759878,0.325666870549938
"3880",2004,162,15,47.821,612.582,222.33,277.04,61.62,24.45,0.79775,4.08,1.95791666666667,14.6326701934643,0.327986021959989
"3881",2004,162,16,59.262,353.694,130.315,157.53,35.105,25.19,0.78915,4.395,1.95791666666667,14.6326701849783,0.330336259687528
"3882",2004,162,17,70.528,264.454,97.14,118.165,27.175,24.02,0.8317,5.09,1.95791666666667,14.6326701533144,0.33266193819219
"3883",2004,162,18,81.314,18.055,6.52105263157895,5.47,2.205,22.965,0.87175,5.57,1.95791666666667,14.6104438682847,0.333588955275564
"3884",2004,162,19,91.41,0.506,0,0,0.175,20.735,0.92875,5.395,1.95791666666667,14.5492046146936,0.334376457873728
"3885",2004,162,20,100.635,0.46,0,0,0.03,21.33,0.9364,2.635,1.95791666666667,14.5495653338773,0.335167635744506
"3886",2004,162,21,108.173,0.46,0,0,0.16,21.435,0.9349,4.745,1.95791666666667,14.5497113165919,0.335958783058089
"3887",2004,162,22,113.621,0.46,0,0,0.015,21.265,0.9547,2.8,1.95791666666667,14.5498786300016,0.336749911477789
"3888",2004,162,23,116.422,0.46,0,0,0.005,21.5,0.9527,3.09,1.95791666666667,14.5500672570862,0.337541018431669
"3889",2004,163,0,116.223,0.46,0,0,0.015,21.315,0.96675,3.225,0.592666666666667,14.5502644964194,0.338332102114746
"3890",2004,163,1,113.0475,0.46,0,0,0.025,21.445,0.963,4.865,0.592666666666667,14.5504579853358,0.339123162233569
"3891",2004,163,2,107.2925,0.46,0,0,0.03,21.405,0.95095,2.88,0.592666666666667,14.5506331207755,0.339914200120968
"3892",2004,163,3,99.5245,0.46,0,0,0.01,21.35,0.9021,1.455,0.592666666666667,14.5507780929773,0.340705218702767
"3893",2004,163,4,90.0955,5.267,1.385,0.08,0.13,21.395,0.90295,1.175,0.592666666666667,14.5509790999928,0.341496216418465
"3894",2004,163,5,79.945,92.322,34.625,38.045,8.35,21.93,0.89575,3.2,0.592666666666667,14.5487341195679,0.342287337402575
"3895",2004,163,6,69.073,195.155,74.06,86.75,18.83,23.14,0.84785,4.06,0.592666666666667,14.5454009381314,0.343078794763378
"3896",2004,163,7,57.7665,514.648,196.97,238.22,50.555,24.26,0.802,4.93,0.592666666666667,14.5453288305383,0.343870457450587
"3897",2004,163,8,46.3215,940.7,350.325,435.21,92.405,25.655,0.73825,6.12,0.592666666666667,14.5453277559981,0.34466212455014
"3898",2004,163,9,35.1135,1610.598,605.385,771.225,148.88,26.725,0.69635,6.64,0.592666666666667,14.5453278127776,0.345453791711056
"3899",2004,163,10,24.9495,1346.581,502.82,642.475,127.09,27.525,0.66375,6.38,0.592666666666667,14.5453277653258,0.34624545887141
"3900",2004,163,11,18.124,1802.924,672.49,868.47,165.835,28.115,0.64905,5.695,0.592666666666667,14.5453278486229,0.347037126029603
"3901",2004,163,12,18.651,1857.526,692.605,898.84,174.96,28.72,0.64545,4.04,0.592666666666667,14.54532812981,0.347828793165819
"3902",2004,163,13,26.1075,1460.132,543.69,699.9,144.245,29.24,0.6345,3.445,0.592666666666667,14.5453277884327,0.348620460305665
"3903",2004,163,14,36.48,1334.621,489.165,634.49,136.43,29.59,0.6288,3.67,0.592666666666667,14.5453278601733,0.349412127461768
"3904",2004,163,15,47.7445,943.414,339.16,435.97,99.12,29.925,0.6198,3.69,0.592666666666667,14.5453279918827,0.350203794605605
"3905",2004,163,16,59.1865,607.959,223.7,281.74,69.27,29.925,0.62795,3.485,0.592666666666667,14.5453277602394,0.350995461755467
"3906",2004,163,17,70.45,395.853,146.435,181.535,46.465,29.865,0.6301,3.085,0.592666666666667,14.5453277445887,0.351787128920238
"3907",2004,163,18,81.238,123.303,45.28,51.87,12.69,28.755,0.71425,2.195,0.592666666666667,14.545327611239,0.352578796093994
"3908",2004,163,19,91.333,11.04,3.85,2.54,0.645,27.78,0.75065,2.425,0.592666666666667,14.5496122151106,0.353370204926212
"3909",2004,163,20,100.555,0.023,0,0,0,26.895,0.78045,2.5,0.592666666666667,14.5643557719963,0.354160466024013
"3910",2004,163,21,108.0945,0,0,0,0,26.43,0.78875,2.705,0.592666666666667,14.5651017936779,0.35494979249829
"3911",2004,163,22,113.5455,0,0,0,0,25.58,0.79885,3.57,0.592666666666667,14.5652552068583,0.355739064686691
"3912",2004,163,23,116.3555,0.046,0,0,0,24.93,0.81225,4.325,0.592666666666667,14.5654172484414,0.356528317835295
"3913",2004,164,0,116.165,0,0,0,0,24.77,0.8173,4.4,0,14.5655876734606,0.357317550917151
"3914",2004,164,1,113.003,0,0,0,0,24.76,0.8183,4.465,0,14.5657525426717,0.358106763761416
"3915",2004,164,2,107.2625,0.023,0,0,0.01,24.44,0.839,4.02,0,14.5659032456529,0.358895957558302
"3916",2004,164,3,99.5055,0.069,0,0,0.02,23.935,0.866,3.475,0,14.5660293123738,0.359685134649731
"3917",2004,164,4,90.0855,5.428,1.6,0.39,0.17,23.935,0.86915,2.54,0,14.5662224681426,0.360474292473147
"3918",2004,164,5,79.9425,120.474,43.49,49.7,11.415,23.82,0.8699,2.875,0,14.5677025212123,0.361263349299835
"3919",2004,164,6,69.074,252.678,94.25,114.05,26.115,24.495,0.8444,2.505,0,14.5653320894498,0.362052459870104
"3920",2004,164,7,57.771,506.092,185.535,234.235,55.11,24.38,0.8095,4.405,0,14.5652807817127,0.362841716615025
"3921",2004,164,8,46.3255,1057.724,388.35,493.575,107.92,25.77,0.77995,3.805,0,14.5652800234903,0.363630976502481
"3922",2004,164,9,35.113,1243.978,464.825,591.88,119.915,26.6,0.7543,4.205,0,14.5652801765453,0.364420236426463
"3923",2004,164,10,24.9355,1843.91,693.54,894.695,168.49,27.395,0.7105,4.53,0,14.5652807884796,0.365209496304273
"3924",2004,164,11,18.08,2028.761,765.5,992.92,176.7,28.715,0.61095,3.49,0,14.5652800219383,0.365998756191415
"3925",2004,164,12,18.5785,2029.796,765.425,993.47,178.52,29.815,0.5515,2.675,0,14.5652800778436,0.366788016121448
"3926",2004,164,13,26.0325,1835.883,683.82,887.69,170.325,30.64,0.48135,2.345,0,14.5652802469259,0.367577276037901
"3927",2004,164,14,36.406,1626.882,595.52,779.21,159.43,31.235,0.4344,1.92,0,14.5652800629679,0.368366535955252
"3928",2004,164,15,47.6725,1382.668,494.365,653.45,146.18,31.065,0.47045,2.585,0,14.565280107319,0.36915579588103
"3929",2004,164,16,59.1145,949.992,331.62,438.625,109.865,30.745,0.4933,3.25,0,14.565280017017,0.369945055809581
"3930",2004,164,17,70.378,337.295,116.17,143.775,37.195,28.63,0.6812,5.78,0,14.5652800137986,0.370734315743776
"3931",2004,164,18,81.164,199.295,73.82,91.49,28.645,27.425,0.70065,4.99,0,14.5652799726632,0.371523575680649
"3932",2004,164,19,91.2245,22.31,9.995,11,4.265,26.11,0.7245,4.14,0,14.5680159190385,0.372312670479268
"3933",2004,164,20,100.48,0,0,0,0,24.405,0.80865,2.35,0,14.5987309960542,0.373099745008562
"3934",2004,164,21,108.021,0.023,0,0,0.465,22.795,0.79685,6.2,0,14.6000362025577,0.373884884516625
"3935",2004,164,22,113.476,0,0,0,0.105,21.335,0.82605,3.9,0,14.6001995720367,0.374669935228126
"3936",2004,164,23,116.2935,0.092,0,0,0,20.63,0.87455,2.945,0,14.6003624954786,0.375454966209975
"3937",2004,165,0,116.115,0.391,0,0,0.01,19.93,0.8967,3.275,0,14.6005434447521,0.376239976399012
"3938",2004,165,1,112.9665,0.46,0,0,0.01,19.585,0.91615,3.475,0,14.600732771068,0.377024964198544
"3939",2004,165,2,107.2375,0.46,0,0,0.015,20.51,0.9555,4.875,0,14.6009075512906,0.377809929981392
"3940",2004,165,3,99.4915,0.437,0,0,0.255,20.925,0.94965,4.585,0,14.6010525594756,0.378594876427204
"3941",2004,165,4,90.082,11.408,4.54,4.03,2.135,20.82,0.91055,4.85,0,14.6016781050444,0.379379776278255
"3942",2004,165,5,79.9455,75.854,27.415,30.15,7.98,20.385,0.8999,5,0,14.6065870118322,0.380164341433301
"3943",2004,165,6,69.0815,431.503,155.705,193.435,46.675,20.685,0.8908,6.385,0,14.6030925255525,0.380948821048316
"3944",2004,165,7,57.779,610.121,221.375,278.36,62.905,21.45,0.85565,6.75,0,14.6030166550051,0.381733516592993
"3945",2004,165,8,46.335,862.615,317.135,401.55,90.035,22.56,0.8076,7.94,0,14.6030155282888,0.382518216794065
"3946",2004,165,9,35.119,1322.937,486.21,626.325,131.22,23.685,0.78735,6.685,0,14.6030155989635,0.383302917059
"3947",2004,165,10,24.927,1646.501,607.605,790.14,155.41,24.92,0.7468,6.73,0,14.6030155419279,0.38408761732311
"3948",2004,165,11,18.0415,1907.252,706.545,924.015,173.14,26.185,0.69685,6.575,0,14.6030155116567,0.384872317592501
"3949",2004,165,12,18.512,1890.623,697.015,910.74,176.555,27.03,0.6252,7.13,0,14.6030155214012,0.385657017863133
"3950",2004,165,13,25.962,1352.515,496.595,643.055,135.335,26.86,0.61385,7.83,0,14.603015537484,0.386441718132202
"3951",2004,165,14,36.336,1673.687,599.96,798.59,168.605,26.905,0.59735,7.18,0,14.6030155716752,0.387226418398232
"3952",2004,165,15,47.604,1364.429,479.545,644.925,148.33,27.065,0.59435,5.66,0,14.603015632047,0.388011118658543
"3953",2004,165,16,59.0455,991.162,340.47,461.05,118.025,27.27,0.5591,5.405,0,14.603015533044,0.38879581892119
"3954",2004,165,17,70.3085,604.164,208.655,275.505,79.59,26.985,0.5421,4.905,0,14.6030154620405,0.389580519194118
"3955",2004,165,18,81.095,261.004,91.345,114.465,39.11,26.115,0.5952,3.86,0,14.6030154878606,0.390365219469779
"3956",2004,165,19,91.1585,17.342,6.28,4.32,2.6,24.07,0.717,3.305,0,14.6040070485689,0.391149859778511
"3957",2004,165,20,100.4105,0,0,0,0,23.095,0.7788,2.64,0,14.6248203961657,0.391933180935835
"3958",2004,165,21,107.953,0.368,0,0,0,21.95,0.8429,2.78,0,14.6259679653206,0.392715172993983
"3959",2004,165,22,113.4145,0.46,0,0,0,21.035,0.87265,2.725,0,14.6261477101406,0.393497084692075
"3960",2004,165,23,116.239,0.46,0,0,0,20.6,0.8865,2.55,0,14.6263343236895,0.394278974209043
"3961",2004,166,0,116.072,0.46,0,0,0,20.105,0.9079,3.01,0,14.6265302946672,0.395060840562262
"3962",2004,166,1,112.937,0.46,0,0,0,19.875,0.9186,2.465,0,14.6267223881945,0.395842683419722
"3963",2004,166,2,107.2175,0.46,0,0,0,19.56,0.92135,3.215,0,14.6268971294228,0.396624504066592
"3964",2004,166,3,99.482,0.46,0.01,0,0.005,19.685,0.90815,3.105,0,14.6270440148707,0.397406305239904
"3965",2004,166,4,90.081,25.07,9.145,8.38,2.935,19.47,0.91675,2.9,0,14.643167584284,0.39818712101855
"3966",2004,166,5,79.9505,271.607,87.81,102.2,31.3,20.265,0.92495,3.815,0,14.6594349966868,0.398965974049212
"3967",2004,166,6,69.0915,645.541,223.07,280.415,73.485,21.83,0.91525,4.625,0,14.6585086200246,0.399743897010155
"3968",2004,166,7,57.794,1042.866,370.815,473.185,110.065,23.37,0.8611,5.13,0,14.6584887526692,0.400521877352396
"3969",2004,166,8,46.3485,1434.602,521.845,673.29,136.94,25.375,0.7346,6.02,0,14.6584884818235,0.401299858915821
"3970",2004,166,9,35.128,1612.875,601.895,772.76,147.47,26.36,0.61925,6.575,0,14.6584886145693,0.402077840487621
"3971",2004,166,10,24.925,1965.902,746.69,961.085,173.25,26.28,0.62535,5.52,0,14.6584891404035,0.402855822019485
"3972",2004,166,11,18.0125,1842.875,699.805,899.565,156.125,26.605,0.60455,2.805,0,14.6584884880148,0.403633803559023
"3973",2004,166,12,18.4535,1693.467,639.195,821.885,153.46,27.225,0.57955,2.67,0,14.6584885501447,0.404411785134354
"3974",2004,166,13,25.894,1464.226,547.585,708.685,139.855,27.625,0.5942,4.355,0,14.6584887393711,0.405189766694443
"3975",2004,166,14,36.2685,1649.882,600.845,791.87,165.45,28.7,0.55885,5.355,0,14.6584885142247,0.40596774825671
"3976",2004,166,15,47.5365,1335.886,472.84,631.235,143.18,29.405,0.53255,5.085,0,14.6584885630669,0.406745729829669
"3977",2004,166,16,58.9785,997.671,345.225,462.7,117.175,29.405,0.5248,5.395,0,14.6584884850147,0.407523711404398
"3978",2004,166,17,70.242,583.487,200.885,264.38,76.27,29.445,0.5279,4.64,0,14.6584884662555,0.408301692984999
"3979",2004,166,18,81.03,146.579,49.76,57.87,17.73,27.95,0.5963,3.195,0,14.6584884746933,0.409079674566225
"3980",2004,166,19,91.096,8.211,3.135,1.365,0.225,26.305,0.68275,2.275,0,14.6561557480294,0.409857797598662
"3981",2004,166,20,100.3455,0,0,0,0,25.565,0.7262,2.11,0,14.6666097308638,0.410635428111306
"3982",2004,166,21,107.89,0.184,0,0,0,24.695,0.7657,1.8,0,14.6673362952927,0.411412380475928
"3983",2004,166,22,113.3575,0.23,0,0,0,24.245,0.78445,0.285,0,14.6674980357687,0.412189278951386
"3984",2004,166,23,116.1905,0.414,0,0,0,23.915,0.807,0.97,0,14.6676750986897,0.412966156872934
"3985",2004,167,0,116.0345,0.414,0,0,0.085,22.49,0.90005,1.89,0.359833333333333,14.6678678507418,0.413743012359032
"3986",2004,167,1,112.91,0.437,0,0,0,22.285,0.90775,1.155,0.359833333333333,14.6680572983426,0.414519844658135
"3987",2004,167,2,107.2055,0.46,0,0,0.005,22.38,0.89235,0.94,0.359833333333333,14.6682309769292,0.415296654927187
"3988",2004,167,3,99.48,0.46,0,0,0,21.93,0.9256,1.23,0.359833333333333,14.6683773465565,0.416073445779474
"3989",2004,167,4,90.085,16.146,6.73,5.925,1.715,21.855,0.91905,1.295,0.359833333333333,14.6701994946999,0.41685011720121
"3990",2004,167,5,79.962,187.91,74.27,88.47,22.01,22.02,0.91565,1.235,0.359833333333333,14.6802228081858,0.417626069820024
"3991",2004,167,6,69.1075,346.817,133.28,162.545,36.56,23.24,0.858,1.69,0.359833333333333,14.6789146649825,0.418401493500147
"3992",2004,167,7,57.8125,632.477,239.76,296.9,66.24,24.4,0.7819,2.635,0.359833333333333,14.678886824242,0.419176998274428
"3993",2004,167,8,46.3665,212.221,78.64,94.415,21.37,24.55,0.7699,2.865,0.359833333333333,14.678886412355,0.419952504763606
"3994",2004,167,9,35.1415,25.093,6.355,6.175,2.665,21.87,0.87155,6.805,0.359833333333333,14.6494360871977,0.420729798046789
"3995",2004,167,10,24.9275,96.301,29.935,32.6,5.63,19.485,0.95825,4.75,0.359833333333333,14.4325971649563,0.421521972228234
"3996",2004,167,11,17.9885,335.869,119.38,146.87,31.025,20.19,0.9484,4.055,0.359833333333333,14.4300655967631,0.422327341892024
"3997",2004,167,12,18.4,1337.335,486.22,651.015,124.425,23.01,0.7923,3.665,0.359833333333333,14.430040296272,0.423132864712785
"3998",2004,167,13,25.833,1975.539,739.595,953.69,178.405,25.795,0.66135,3.32,0.359833333333333,14.4300401026538,0.42393838906057
"3999",2004,167,14,36.206,1469.93,545.98,703.675,143.03,26.87,0.5933,3.19,0.359833333333333,14.4300402148702,0.42474391341323
"4000",2004,167,15,47.4745,1007.262,371.555,473.02,103.86,27.04,0.6406,2.55,0.359833333333333,14.4300401059775,0.425549437765691
"4001",2004,167,16,58.9165,424.281,154.84,190.65,43.19,26.445,0.70665,2.875,0.359833333333333,14.4300400690838,0.426354962126885
"4002",2004,167,17,70.18,369.955,135.26,166.21,39.55,25.825,0.7618,2.485,0.359833333333333,14.4300400596364,0.427160486490854
"4003",2004,167,18,80.9685,136.459,51.84,61.765,15.18,25.54,0.80585,2.975,0.359833333333333,14.4300400682749,0.427966010854872
"4004",2004,167,19,91.0385,16.307,6.73,6.685,2.255,24.21,0.84275,2.825,0.359833333333333,14.4344447323048,0.428771271368421
"4005",2004,167,20,100.2855,0.115,0,0,0,23.42,0.87825,3.105,0.359833333333333,14.4536364677872,0.429575117734384
"4006",2004,167,21,107.8345,0.092,0,0,0,23.075,0.91705,3.63,0.359833333333333,14.454575115668,0.430377757085304
"4007",2004,167,22,113.306,0.046,0,0,0.015,22.87,0.9156,4.075,0.359833333333333,14.4547343524622,0.431180330580833
"4008",2004,167,23,116.1495,0.115,0,0,0.01,22.405,0.92755,3.47,0.359833333333333,14.4548995649229,0.431982884614152
"4009",2004,168,0,116.006,0.069,0,0,0,22.045,0.9328,2.805,0.381,14.4550749474975,0.432785418216549
"4010",2004,168,1,112.893,0.253,0,0,0,21.76,0.9443,2.285,0.381,14.4552497799164,0.433587930810749
"4011",2004,168,2,107.199,0.391,0,0,0,21.6,0.95385,1.8,0.381,14.4554187154157,0.434390422783279
"4012",2004,168,3,99.4825,0.437,0,0,0,21.51,0.95845,2.21,0.381,14.4555646805145,0.435192895865628
"4013",2004,168,4,90.095,9.085,3.235,2.175,1.05,21.47,0.9609,2.105,0.381,14.4559779243893,0.435995335401804
"4014",2004,168,5,79.978,31.05,10.695,9.28,2.81,21.54,0.95665,2.825,0.381,14.4775967043881,0.436796452694915
"4015",2004,168,6,69.1275,174.087,63.785,75.63,16.29,21.55,0.95975,3.32,0.381,14.4307908566837,0.437599080844711
"4016",2004,168,7,57.834,125.787,45.055,50.97,11.245,21.595,0.9569,3.415,0.381,14.4295481081503,0.438404589704622
"4017",2004,168,8,46.388,90.758,29.225,30.47,5.69,21.345,0.95465,2.63,0.381,14.4295287268567,0.439210174162065
"4018",2004,168,9,35.1595,364.182,128.85,156.15,31.42,21.665,0.9535,3.29,0.381,14.4295284584767,0.440015759796431
"4019",2004,168,10,24.936,1178.911,433.86,560.845,109.615,23.095,0.88735,4.695,0.381,14.4295285131655,0.440821345443596
"4020",2004,168,11,17.9695,1450.449,538.385,687.975,133.39,24.635,0.8134,6.03,0.381,14.4295286908937,0.44162693107684
"4021",2004,168,12,18.3535,1552.96,583.195,749.035,147.025,25.87,0.7538,6.62,0.381,14.4295286569899,0.44243251670147
"4022",2004,168,13,25.774,710.884,260.86,329.215,69.21,25.64,0.7754,4.925,0.381,14.4295284788023,0.443238102338803
"4023",2004,168,14,36.1485,1327.353,485.76,624.04,125.345,26.15,0.77475,5.295,0.381,14.4295284934533,0.444043687985931
"4024",2004,168,15,47.4155,1132.566,409.895,525.33,112.885,26.615,0.77515,4.83,0.381,14.4295285161272,0.444849273630824
"4025",2004,168,16,58.8585,510.6,186.72,229.41,50.725,25.885,0.8434,3.755,0.381,14.429528521867,0.445654859274014
"4026",2004,168,17,70.1215,99.245,36.29,38.455,8.365,25.71,0.881,2.325,0.381,14.4295284779779,0.44646044491949
"4027",2004,168,18,80.913,43.585,16.17,15.18,4.005,25.605,0.8463,3.61,0.381,14.4292911862265,0.447266044780176
"4028",2004,168,19,90.984,5.428,1.32,1.015,1.145,23.455,0.89935,5.47,0.381,14.4045742450843,0.448073138518996
"4029",2004,168,20,100.23,0.483,0,0,0.11,22.635,0.8877,4.36,0.381,14.4065580824394,0.448881592532539
"4030",2004,168,21,107.7845,0.46,0,0,0.09,22.72,0.9353,3.96,0.381,14.406777325091,0.449689914781693
"4031",2004,168,22,113.265,0.874,0,0,0.09,21.845,0.94335,3.045,0.381,14.4069546945614,0.450498213308643
"4032",2004,168,23,116.1145,0.713,0,0,0.005,21.485,0.9477,3.85,0.381,14.4071651541354,0.451306488638435
"4033",2004,169,0,115.9815,0.46,0,0,0.005,21.735,0.94,3.755,0,14.40737448354,0.452114738859145
"4034",2004,169,1,112.882,0.46,0,0,0,21.715,0.95045,3.68,0,14.4075692994578,0.452922964906171
"4035",2004,169,2,107.198,0.46,0,0,0.005,21.705,0.9564,3.395,0,14.4077480417334,0.453731168608794
"4036",2004,169,3,99.492,0.46,0,0,0.02,21.375,0.96605,3.795,0,14.4078977324604,0.454539352665969
"4037",2004,169,4,90.1095,22.793,8.135,6.955,2.5,21.155,0.95545,3.11,0,14.418145718244,0.45534691464408
"4038",2004,169,5,79.997,196.121,73.045,83.795,20.185,21.54,0.9328,3.455,0,14.450564541532,0.456151921705699
"4039",2004,169,6,69.15,405.168,157.97,191.02,42.335,22.49,0.9025,4.665,0,14.4496869202682,0.4569550384737
"4040",2004,169,7,57.859,966.667,354.97,444.475,99.245,23.655,0.87855,4.79,0,14.4496658964113,0.457758209132102
"4041",2004,169,8,46.4145,937.779,343.36,432.655,89.93,24.56,0.84875,4.425,0,14.449665584338,0.458561381069965
"4042",2004,169,9,35.1835,1259.388,476.17,605.785,121.955,25.405,0.82605,4.29,0,14.4496656677428,0.45936455302154
"4043",2004,169,10,24.9505,1319.027,502.645,640.545,125.015,26.26,0.7712,4.41,0,14.4496659902213,0.460167724948776
"4044",2004,169,11,17.96,1173.115,445.915,568.125,114.99,26.175,0.7666,5.735,0,14.4496656314389,0.460970896878189
"4045",2004,169,12,18.313,1684.727,641.96,824.84,160.775,25.785,0.7631,6.31,0,14.4496657693786,0.461774068820845
"4046",2004,169,13,25.7215,1399.113,525.94,678.645,138.715,25.91,0.74795,5.365,0,14.4496662153889,0.462577240728483
"4047",2004,169,14,36.0925,1502.383,551.805,720.765,148.695,26.54,0.71775,4.55,0,14.4496656024326,0.463380412646133
"4048",2004,169,15,47.3605,1255.202,460.49,603.015,136.435,26.93,0.6842,4.13,0,14.4496656206452,0.464183584599447
"4049",2004,169,16,58.8035,808.404,289.31,376.69,93.215,26.76,0.68965,4.91,0,14.4496656206114,0.464986756551672
"4050",2004,169,17,70.068,503.056,179.52,232.875,65.7,26.5,0.69955,4.65,0,14.4496655792029,0.465789928506382
"4051",2004,169,18,80.8585,178.572,63.995,77.81,24.345,25.61,0.7582,3.935,0,14.4496654819527,0.466593100469406
"4052",2004,169,19,90.936,14.536,5.115,3.77,1.455,24.04,0.84845,2.875,0,14.451899088609,0.467396138488754
"4053",2004,169,20,100.182,0,0,0,0,23.065,0.89085,2.88,0,14.4702838716375,0.468197939521563
"4054",2004,169,21,107.74,0.046,0,0,0,22.67,0.90165,3.275,0,14.4712552357301,0.468998578805526
"4055",2004,169,22,113.226,0.069,0,0,0,22.225,0.9178,2.745,0,14.4714139441716,0.469799150237236
"4056",2004,169,23,116.088,0.345,0,0,0.005,21.545,0.91955,2.51,0,14.4715849748588,0.470599701870122
"4057",2004,170,0,115.966,0.368,0,0,0,20.815,0.93415,1.88,0,14.4717756848945,0.471400231782467
"4058",2004,170,1,112.876,0.46,0,0,0.03,20.205,0.93525,2.04,0,14.4719659623002,0.472200738818366
"4059",2004,170,2,107.204,0.46,0,0,0,19.745,0.95025,1.45,0,14.4721442066116,0.473001223726087
"4060",2004,170,3,99.505,0.46,0.005,0,0,19.11,0.96745,1.505,0,14.472292572182,0.473801689022063
"4061",2004,170,4,90.1285,12.236,4.63,3.355,1.205,18.705,0.978,1.295,0,14.4730895809063,0.474602097550493
"4062",2004,170,5,80.023,91.356,36.685,41.9,8.84,19.5,0.98275,1.725,0,14.4935690419332,0.475401227950035
"4063",2004,170,6,69.18,236.808,98.265,118.58,25.215,20.305,0.9798,0.88,0,14.4913774567475,0.476199259351829
"4064",2004,170,7,57.889,478.515,197.605,244.78,54.445,20.995,0.96435,1.435,0,14.4913255226231,0.476997425623215
"4065",2004,170,8,46.4445,1168.722,469.12,593.03,123.025,22.4,0.88645,1.845,0,14.4913247083794,0.477795595065444
"4066",2004,170,9,35.2115,1518.115,601.935,766.29,143.73,23.9,0.79385,2.51,0,14.4913247731938,0.478593764552722
"4067",2004,170,10,24.969,1440.421,571.43,728.265,137.785,25.025,0.67115,3.335,0,14.4913250137166,0.479391934021646
"4068",2004,170,11,17.956,1372.755,548.37,698.415,135.385,25.595,0.6519,2.62,0,14.4913248104328,0.480190103488332
"4069",2004,170,12,18.279,1414.155,563.24,720.045,134.88,26.08,0.6203,2.115,0,14.4913249071325,0.480988272961425
"4070",2004,170,13,25.6755,1315.002,519.27,661.105,129.115,26.665,0.59305,2.7,0,14.4913247501979,0.481786442438139
"4071",2004,170,14,36.0415,777.055,308.64,382.495,80.695,26.475,0.59295,2.99,0,14.4913248135519,0.482584611920477
"4072",2004,170,15,47.308,263.419,104.625,129.325,30.23,25.635,0.6572,3.74,0,14.4913249383292,0.483382781391507
"4073",2004,170,16,58.75,98.693,36.09,41.35,9.97,23.955,0.6955,6.385,0,14.4913247282256,0.484180950867666
"4074",2004,170,17,70.018,98.003,36.135,41.09,10.42,21.94,0.77675,6.05,0,14.4913247109025,0.484979120357497
"4075",2004,170,18,80.811,35.811,13.415,12.165,4.11,19.805,0.84615,5.865,0,14.4887038150967,0.485777447389329
"4076",2004,170,19,90.892,9.522,3.97,2.955,1.635,19.075,0.7841,3.83,0,14.4660296525701,0.486577294162872
"4077",2004,170,20,100.139,0,0,0,0.13,18.855,0.7875,3.145,0,14.4678979298879,0.487378390404018
"4078",2004,170,21,107.701,0,0,0,0.03,18.955,0.74455,3.98,0,14.4680808411491,0.48817936351301
"4079",2004,170,22,113.1945,0,0,0,0.015,18.685,0.7509,3.88,0,14.4682251109086,0.488980316980601
"4080",2004,170,23,116.067,0,0,0,0.025,18.5,0.7753,3.595,0,14.4683870689759,0.489781252064481
"4081",2004,171,0,115.956,0,0,0,0.055,18.4,0.78915,4.4,0,14.4685571540166,0.490582167214704
"4082",2004,171,1,112.8795,0,0,0,0.085,18.035,0.8269,4.3,0,14.4687236613734,0.491383062157966
"4083",2004,171,2,107.215,0,0,0,0.095,17.745,0.84805,5.3,0,14.4688752724333,0.492183938003151
"4084",2004,171,3,99.525,0.023,0,0,0.39,16.84,0.86545,5.8,0,14.4690017633979,0.49298479715248
"4085",2004,171,4,90.153,21.574,7.625,6.245,2.73,15.34,0.85435,5.24,0,14.4759397781635,0.493785232124958
"4086",2004,171,5,80.053,229.126,85.425,104.045,32.49,14.91,0.8073,5.165,0,14.4987284807607,0.494583881181092
"4087",2004,171,6,69.2115,608.189,222.425,287.825,78.38,15.12,0.6785,6.555,0,14.4977528002829,0.495381219039893
"4088",2004,171,7,57.924,1002.754,375.91,494.92,116.395,15.44,0.6479,6.485,0,14.4977308593184,0.496178616891219
"4089",2004,171,8,46.4785,1365.234,528.195,694.675,145.17,15.845,0.60225,6.435,0,14.4977305390801,0.496976016081209
"4090",2004,171,9,35.2435,1660.278,660.44,861.305,162.355,16.525,0.57175,6.28,0,14.4977306205262,0.497773415285559
"4091",2004,171,10,24.9935,1862.172,754.725,978.465,171.295,17.4,0.56115,5.985,0,14.4977309348552,0.498570814466109
"4092",2004,171,11,17.9575,1979.265,808.62,1048.915,178.965,18.11,0.53105,5.975,0,14.4977305877223,0.499368213648632
"4093",2004,171,12,18.25,1902.284,772.79,1004.36,181.255,18.795,0.5162,5.36,0,14.4977307310295,0.500165612843412
"4094",2004,171,13,25.6315,1606.182,644.23,840.86,164.13,19.135,0.4848,5.145,0,14.497730730195,0.500963012029625
"4095",2004,171,14,35.9945,1640.774,645.185,850.145,170.97,19.43,0.46365,4.935,0,14.497730546977,0.501760411226905
"4096",2004,171,15,47.261,1186.593,460.495,608.315,136.33,19.43,0.4671,5.09,0,14.497730553586,0.502557810434806
"4097",2004,171,16,58.7045,886.374,336.735,447.875,110.9,19.235,0.48225,5.155,0,14.4977305545408,0.503355209642251
"4098",2004,171,17,69.97,400.545,154.315,197.01,51.81,18.475,0.49895,4.59,0,14.4977304875225,0.50415260885367
"4099",2004,171,18,80.7655,139.472,52.06,62.175,18.205,17.115,0.5517,3.98,0,14.4977305063269,0.504950008067988
"4100",2004,171,19,90.851,15.847,6.3,4.59,3.02,15.095,0.52965,4.075,0,14.5025459841772,0.505747117679045
"4101",2004,171,20,100.1,0,0.005,0,0,13.22,0.5818,2.82,0,14.5219787963239,0.506542768340054
"4102",2004,171,21,107.6705,0,0,0,0,11.555,0.6711,2.755,0,14.5229088122158,0.507337193254748
"4103",2004,171,22,113.1705,0,0,0,0,11.385,0.65755,3.045,0,14.523065024433,0.508131552758851
"4104",2004,171,23,116.0515,0,0,0,0,11.075,0.6628,3.065,0,14.523226003616,0.508925893161853
"4105",2004,172,0,115.955,0,0,0,0,9.87,0.73325,2.77,0,14.5233951004099,0.509720213687674
"4106",2004,172,1,112.886,0,0,0,0,9.125,0.7632,2.245,0,14.5235608329091,0.510514514049886
"4107",2004,172,2,107.233,0,0,0,0,9.055,0.7509,2.16,0,14.5237118400224,0.511308795337689
"4108",2004,172,3,99.549,0.322,0,0,0.06,9.35,0.78485,2.08,0,14.5238427493437,0.512103059648035
"4109",2004,172,4,90.1815,14.835,4.995,3.705,1.22,9.76,0.81355,1.595,0,14.5251938360056,0.512897234707542
"4110",2004,172,5,80.0855,173.627,64.545,75.085,20.925,10.36,0.81455,1.795,0,14.5410523003685,0.513690373021012
"4111",2004,172,6,69.2485,403.397,161.29,200.12,46.41,12.215,0.766,1.31,0,14.5397467900234,0.514482634374747
"4112",2004,172,7,57.96,1012.667,393.58,515.585,121.34,14.54,0.6129,2.77,0,14.5397178179794,0.515274976165438
"4113",2004,172,8,46.516,1340.693,531.88,692.58,144.485,15.665,0.60005,2.35,0,14.5397173783106,0.5160673197289
"4114",2004,172,9,35.279,1636.358,664.015,859.755,159.74,17.57,0.5272,1.23,0,14.539717436269,0.516859663315369
"4115",2004,172,10,25.022,1838.666,751.57,972.185,169.555,18.51,0.48755,1.895,0,14.5397176492748,0.517652006885506
"4116",2004,172,11,17.968,1934.346,793.425,1024.505,171.83,19.54,0.4486,1.635,0,14.5397175139013,0.518444350450964
"4117",2004,172,12,18.2285,1786.065,725.255,940.9,166.735,20.2,0.4224,2.22,0,14.5397174265138,0.519236694029849
"4118",2004,172,13,25.595,1656.69,663.165,862.455,165.935,21.045,0.39195,1.905,0,14.5397174489823,0.520029037612647
"4119",2004,172,14,35.951,1443.71,594.51,778.625,159.865,21.575,0.35615,2.305,0,14.5397173944727,0.520821381197375
"4120",2004,172,15,47.217,656.052,261,331.27,72.86,21.325,0.4018,2.995,0,14.5397174021223,0.521613724784929
"4121",2004,172,16,58.6595,419.428,167.015,208.87,47.045,20.91,0.4533,2.855,0,14.5397174023282,0.522406068372008
"4122",2004,172,17,69.9285,135.378,53.12,64.285,15.765,18.755,0.6053,3.975,0,14.5397173139879,0.5231984119644
"4123",2004,172,18,80.7255,73.14,29.46,33.135,7.53,17.805,0.6624,2.45,0,14.5397173601994,0.523990755559332
"4124",2004,172,19,90.8155,4.669,2.275,1.08,1.14,17.315,0.67505,2.56,0,14.5347662544363,0.52478339754913
"4125",2004,172,20,100.0655,0,0,0,0.06,16.04,0.79265,2.565,0,14.5405264893091,0.525575990772901
"4126",2004,172,21,107.642,0,0,0,0,14.98,0.82595,2.31,0,14.5408988704682,0.526368214377408
"4127",2004,172,22,113.1535,0,0,0,0,14.68,0.7786,2.325,0,14.5410457487427,0.527160406682047
"4128",2004,172,23,116.0455,0,0,0,0,14.295,0.7899,2.28,0,14.5412067746196,0.527952580426644
"4129",2004,173,0,115.958,0,0,0,0,14.05,0.77975,0.92,0.0211666666666667,14.5413760511865,0.528744734260889
"4130",2004,173,1,112.9025,0,0,0,0.01,13.885,0.8078,0.885,0.0211666666666667,14.5415415141456,0.529536867917137
"4131",2004,173,2,107.2555,0,0,0,0.06,14.08,0.82755,1.27,0.0211666666666667,14.5416918591539,0.530328982536411
"4132",2004,173,3,99.5795,0,0,0,0.005,14.605,0.793,2.51,0.0211666666666667,14.5418175572091,0.531121080515616
"4133",2004,173,4,90.2125,17.342,6.76,6.36,1.845,14.58,0.80885,2.7,0.0211666666666667,14.5441709210225,0.531913029048156
"4134",2004,173,5,80.124,178.273,68.305,82.335,22.025,14.85,0.82345,3.15,0.0211666666666667,14.5591687543718,0.53270393126097
"4135",2004,173,6,69.2885,380.719,150.4,189.575,45.865,17.01,0.71995,3.67,0.0211666666666667,14.5579272839233,0.533494003692718
"4136",2004,173,7,58.003,757.896,294.995,377.995,88.14,19.11,0.62065,5.065,0.0211666666666667,14.5579001883089,0.5342841526628
"4137",2004,173,8,46.558,918.758,361.735,460.51,101.775,20.46,0.5961,6.015,0.0211666666666667,14.5578997841627,0.535074303292031
"4138",2004,173,9,35.3195,759.621,306.485,385.595,86.82,21.35,0.60295,6.025,0.0211666666666667,14.5578998465482,0.535864453941881
"4139",2004,173,10,25.056,483.805,189.65,236.475,54.37,21.64,0.62785,5.925,0.0211666666666667,14.5579000778826,0.536654604574009
"4140",2004,173,11,17.983,635.352,247.37,309.45,69.915,22.1,0.63945,5.95,0.0211666666666667,14.5578998935666,0.537444755203301
"4141",2004,173,12,18.214,385.641,140.49,173.47,37.92,21.845,0.69745,5.04,0.0211666666666667,14.5578999101467,0.538234905842714
"4142",2004,173,13,25.5605,425.96,161.63,197.98,44.105,21.89,0.7568,4.365,0.0211666666666667,14.5578997952069,0.53902505648806
"4143",2004,173,14,35.914,536.36,202.265,253.685,57.735,20.58,0.8487,7.02,0.0211666666666667,14.5578998031218,0.539815207139864
"4144",2004,173,15,47.177,887.915,342.125,435.195,98.175,21.215,0.8388,6.7,0.0211666666666667,14.5578998138307,0.540605357790544
"4145",2004,173,16,58.62,568.077,223.335,282.28,69.135,21.92,0.81755,4.865,0.0211666666666667,14.5578998108711,0.541395508440756
"4146",2004,173,17,69.8895,326.853,129.355,159.25,38.45,22.43,0.8178,3.325,0.0211666666666667,14.5578996459406,0.542185659101098
"4147",2004,173,18,80.6905,84.686,33.83,37.705,8.99,22.53,0.81355,2.76,0.0211666666666667,14.5578997932615,0.542975809762502
"4148",2004,173,19,90.7465,18.331,11.235,12.565,5.275,21.78,0.8648,2.08,0.0211666666666667,14.5676758625086,0.543765370492075
"4149",2004,173,20,100.04,0.414,0.005,0,0.005,21.025,0.87335,2.925,0.0211666666666667,14.5847532689372,0.544553310022639
"4150",2004,173,21,107.622,0.345,0,0,0,20.28,0.9142,2.53,0.0211666666666667,14.5855522065639,0.545340169801494
"4151",2004,173,22,113.142,0.46,0,0,0,19.27,0.9437,2.65,0.0211666666666667,14.5857262738087,0.546126970791374
"4152",2004,173,23,116.0445,0.46,0,0,0.03,19,0.9419,3.115,0.0211666666666667,14.5859137094265,0.546913749938806
"4153",2004,174,0,115.968,0.46,0,0,0,18.14,0.94995,3.065,0,14.5861102844616,0.547700505883619
"4154",2004,174,1,112.9215,0.46,0,0,0.03,17.36,0.9629,2.86,0,14.5863026307442,0.54848723832887
"4155",2004,174,2,107.2845,0.46,0,0,0.015,16.94,0.9734,2.525,0,14.5864775892614,0.549273948580464
"4156",2004,174,3,99.6135,0.46,0,0,0.09,15.77,0.98325,2.37,0,14.5866230405699,0.550060639471765
"4157",2004,174,4,90.2495,13.938,5.435,4.175,1.285,15.545,0.9875,2.56,0,14.5877108926766,0.550847255840717
"4158",2004,174,5,80.1655,84.548,35.71,40.06,9.055,16.545,0.9601,3.61,0,14.5964369933117,0.551633279100296
"4159",2004,174,6,69.3325,264.546,108.755,131.73,29.63,17.41,0.8715,4.475,0,14.5938149440373,0.552418933414143
"4160",2004,174,7,58.0475,848.539,329.26,418.765,95.9,18.2,0.75725,5.13,0,14.5937581695841,0.553204749660236
"4161",2004,174,8,46.6035,1354.539,529.445,679.71,143.21,19.115,0.66105,4.785,0,14.5937573059509,0.553990569390334
"4162",2004,174,9,35.364,1351.549,534.09,682.715,141.09,19.255,0.6199,4.365,0,14.5937573813866,0.554776389168076
"4163",2004,174,10,25.095,1323.121,533.98,676.97,140.515,19.405,0.5615,2.855,0,14.5937576647145,0.555562208924132
"4164",2004,174,11,18.007,1203.912,486.075,619.025,129.335,19.62,0.51405,3.16,0,14.5937573726014,0.556348028680719
"4165",2004,174,12,18.206,1207.362,487.905,621.225,133.205,20.065,0.55765,2.54,0,14.5937575515719,0.557133848444145
"4166",2004,174,13,25.5335,1188.939,480.525,611.35,132.6,20.665,0.5534,2.45,0,14.5937574164993,0.557919668204918
"4167",2004,174,14,35.8795,883.453,358.885,455.7,103.69,21.005,0.54245,2.485,0,14.5937573385742,0.558705487978565
"4168",2004,174,15,47.141,756.424,305.815,387.195,89.77,21.4,0.4876,3.725,0,14.5937573599676,0.55949130775563
"4169",2004,174,16,58.585,773.674,307.78,395.115,98.24,21.67,0.46565,3.885,0,14.5937573212475,0.560277127533742
"4170",2004,174,17,69.8555,550.068,212.65,273.655,76.23,21.79,0.4679,2.97,0,14.5937573212349,0.561062947314195
"4171",2004,174,18,80.6595,259.486,100.545,125.63,41.595,21.415,0.5335,2.14,0,14.5937573026563,0.561848767095772
"4172",2004,174,19,90.721,19.251,8.22,5.975,2.755,19.61,0.6485,2.08,0,14.5951473128438,0.562634502855663
"4173",2004,174,20,100.018,0.046,0.005,0,0,18,0.6943,2.25,0,14.6190711446571,0.563418707796969
"4174",2004,174,21,107.608,0.345,0,0,0,17.17,0.7177,1.975,0,14.6202853324816,0.564201391873056
"4175",2004,174,22,113.137,0.092,0,0,0,16.55,0.73545,1.425,0,14.620457215222,0.564983992055554
"4176",2004,174,23,116.0505,0.069,0,0,0,15.45,0.7726,1.075,0,14.620622301011,0.565766571842101
"4177",2004,175,0,115.986,0.414,0,0,0,14.865,0.7836,1.54,0,14.6208030576013,0.566549130695402
"4178",2004,175,1,112.949,0.368,0,0,0,13.08,0.86115,2,0,14.6209906820506,0.567331667251033
"4179",2004,175,2,107.321,0.253,0,0,0,11.87,0.9042,2.185,0,14.6211585529574,0.56811418228876
"4180",2004,175,3,99.6535,0.437,0,0,0,11.135,0.9248,2.13,0,14.6212978375151,0.568896678734411
"4181",2004,175,4,90.331,22.126,8.81,7.115,2.515,10.855,0.9264,2.04,0,14.6291838121809,0.569678689346406
"4182",2004,175,5,80.2105,241.73,91.66,107.505,31.905,11.645,0.9133,1.355,0,14.644250757846,0.570459309905107
"4183",2004,175,6,69.381,591.1,229.11,284.76,73.93,14.995,0.85195,1.7,0,14.6432195717046,0.571239080138532
"4184",2004,175,7,58.097,954.96,377.785,480.025,111.42,18.095,0.7282,3.005,0,14.6431974859905,0.572018914196625
"4185",2004,175,8,46.6535,1309.942,525.57,668.265,138.695,20.575,0.5859,4.4,0,14.643197170869,0.572798749612109
"4186",2004,175,9,35.412,1607.723,651.545,828.095,157.52,21.91,0.51815,4.7,0,14.6431972606003,0.573578585041251
"4187",2004,175,10,25.139,1812.998,740.505,940.785,168.83,22.905,0.5149,4.1,0,14.6431976062387,0.574358420444012
"4188",2004,175,11,18.034,1920.408,786.39,1001.67,176.165,23.535,0.4929,3.875,0,14.6431972087743,0.575138255849913
"4189",2004,175,12,18.2055,1921.351,780.475,1000.525,181.08,24.08,0.4799,4.36,0,14.6431973254888,0.575918091272826
"4190",2004,175,13,25.5105,1784.271,712.015,918.24,175.88,24.555,0.47925,4.81,0,14.643197694147,0.576697926666327
"4191",2004,175,14,35.8505,1608.137,629.235,819.045,169.64,24.815,0.4674,5.24,0,14.6431971876023,0.577477762068184
"4192",2004,175,15,47.108,1302.375,499.42,653.775,148.2,25.01,0.46985,5.46,0,14.6431972048991,0.578257597499687
"4193",2004,175,16,58.5535,934.145,353.475,463.15,117.23,24.92,0.4574,5.69,0,14.6431971939769,0.579037432930804
"4194",2004,175,17,69.825,534.474,202.37,261.37,75.98,24.605,0.4939,5.365,0,14.6431971646911,0.579817268364358
"4195",2004,175,18,80.6315,192.349,74.35,90.38,30.91,23.255,0.57215,4.18,0,14.6431970396766,0.580597103807261
"4196",2004,175,19,90.7,16.284,6.245,4.65,2.4,21.04,0.66935,5.175,0,14.644093759425,0.581376884919751
"4197",2004,175,20,100.002,0.023,0,0,0,19.625,0.71855,3.16,0,14.6613703670356,0.582155564471478
"4198",2004,175,21,107.6005,0.368,0,0,0.04,17.505,0.83045,3.14,0,14.6623937838915,0.582933134441437
"4199",2004,175,22,113.1405,0.46,0,0,0,17.105,0.86315,3.925,0,14.6625713568554,0.583710631570563
"4200",2004,175,23,116.0635,0.368,0,0,0.015,17.045,0.85005,4.01,0,14.6627553495498,0.58448810677001
"4201",2004,176,0,116.01,0.184,0,0,0,16.905,0.84405,4.05,0,14.662941070628,0.585265559545382
"4202",2004,176,1,112.984,0.184,0,0,0.005,16.53,0.8585,3.565,0,14.6631158841735,0.586042990453231
"4203",2004,176,2,107.3615,0.414,0,0,0,15.98,0.87875,3.07,0,14.6632797019678,0.586820400821885
"4204",2004,176,3,99.702,0.253,0,0,0.005,15.585,0.89105,2.865,0,14.66342051637,0.587597792713375
"4205",2004,176,4,90.3765,18.653,7.395,6.315,2.315,15.095,0.9082,2.73,0,14.6666923929686,0.588374977599739
"4206",2004,176,5,80.2605,202.607,80.18,95.15,28.72,16.17,0.87645,3.855,0,14.6781552744381,0.589151268503674
"4207",2004,176,6,69.432,538.338,210.865,264.065,70.26,18.46,0.79175,5.26,0,14.6769571488517,0.589926936495293
"4208",2004,176,7,58.149,924.14,361.57,460.565,107.495,20.53,0.7376,4.91,0,14.6769317055597,0.59070267875056
"4209",2004,176,8,46.705,1281.675,506.58,643.12,133.67,22.22,0.70155,4.385,0,14.6769313343301,0.591478422572591
"4210",2004,176,9,35.4635,1529.155,614.72,775.63,147.835,23.31,0.68605,4.005,0,14.6769314049023,0.592254166412871
"4211",2004,176,10,25.189,1709.038,689.32,872.195,158.235,24.11,0.67865,3.25,0,14.6769316699867,0.593029910232778
"4212",2004,176,11,18.0685,1845.175,745.935,950.53,171.45,25.045,0.6513,4.805,0,14.6769314110284,0.593805654052313
"4213",2004,176,12,18.21,1390.488,559.94,721.255,144.885,25.23,0.63775,7.09,0,14.676931617706,0.594581397875022
"4214",2004,176,13,25.493,1739.053,695.31,889.675,170.78,23.96,0.54145,6.42,0,14.6769314111178,0.595357141697725
"4215",2004,176,14,35.824,1498.266,589.01,759.925,156.07,23.545,0.50515,6.23,0,14.6769314874027,0.596132885528336
"4216",2004,176,15,47.081,824.619,327.2,416.125,95.31,22.345,0.49275,5.075,0,14.6769313490931,0.596908629362712
"4217",2004,176,16,58.526,889.87,338.915,440.88,109.94,22.235,0.48945,5.06,0,14.6769313504105,0.597684373205403
"4218",2004,176,17,69.801,527.666,199.095,259.47,75.755,21.345,0.5087,5.915,0,14.6769313123373,0.598460117050324
"4219",2004,176,18,80.61,180.297,65.245,81.58,26.84,17.32,0.6155,8.26,0,14.6769310217296,0.599235860915194
"4220",2004,176,19,90.684,12.466,3.75,2.325,1.39,14.95,0.70355,6.11,0,14.676216738311,0.6000116481493
"4221",2004,176,20,99.9905,0,0,0,0.2,14.14,0.7369,4.895,0,14.6894202545893,0.600786677234216
"4222",2004,176,21,107.5975,0,0,0,0.06,13.57,0.737,4.325,0,14.6903087264333,0.601560850698572
"4223",2004,176,22,113.148,0,0,0,0.09,13.105,0.7589,3.925,0,14.6904635646882,0.602334960802535
"4224",2004,176,23,116.0835,0,0,0,0.025,12.96,0.79285,3.995,0,14.6906233219098,0.603109051800711
"4225",2004,177,0,116.0415,0,0,0,0,13.36,0.6975,4.97,0.28575,14.6907908350823,0.603883122923186
"4226",2004,177,1,113.024,0,0,0,0.135,13.44,0.6468,4.015,0.28575,14.6909553155929,0.604657173882956
"4227",2004,177,2,107.4065,0,0,0,0.44,11.48,0.80855,4.955,0.28575,14.6911053068885,0.605431205744021
"4228",2004,177,3,99.7525,0.069,0,0,0.42,10.565,0.8756,5.225,0.28575,14.6912309152412,0.606205220867078
"4229",2004,177,4,90.428,2.093,0.475,0,0.425,9.68,0.9275,5.24,0.28575,14.6913504094186,0.606979221104218
"4230",2004,177,5,80.316,38.295,14.695,15.09,4.125,9.43,0.9403,5.165,0.28575,14.6875129835045,0.607753447131616
"4231",2004,177,6,69.487,91.08,35.945,40.725,9.53,9.905,0.8925,4.4,0.28575,14.6542380576561,0.608529925700208
"4232",2004,177,7,58.205,161.667,63.69,75.4,17.035,10.465,0.89635,3.585,0.28575,14.6534598138502,0.609308469903321
"4233",2004,177,8,46.762,400.43,161.255,198.615,43.715,11.005,0.8773,4.325,0.28575,14.6534481165342,0.610087061997657
"4234",2004,177,9,35.52,639.676,263.325,328.49,71.545,12.385,0.8027,4.715,0.28575,14.6534481929814,0.610865654796516
"4235",2004,177,10,25.2405,1760.535,712.04,904.405,163.74,15.63,0.6409,5.69,0.28575,14.6534479685318,0.611644247604347
"4236",2004,177,11,18.111,1907.827,782.205,998.595,174.545,16.985,0.5967,5.815,0.28575,14.6534479925877,0.612422840424327
"4237",2004,177,12,18.221,1918.269,789.215,1008.735,178.58,17.74,0.59245,5.04,0.28575,14.6534480525821,0.613201433239211
"4238",2004,177,13,25.4825,1817.805,740.6,951.65,178.185,18.575,0.57485,4.565,0.28575,14.6534482301761,0.613980026039691
"4239",2004,177,14,35.8035,1621.27,651.215,844.545,172.975,19.3,0.5397,4.58,0.28575,14.6534480348984,0.614758618841244
"4240",2004,177,15,47.0575,1318.912,523.565,684.42,155.37,19.9,0.52415,3.37,0.28575,14.6534480988984,0.615537211650755
"4241",2004,177,16,58.502,844.652,335.7,440.05,111.98,20.135,0.5246,2.625,0.28575,14.6534479975777,0.616315804462529
"4242",2004,177,17,69.78,435.39,173.05,221.455,60.775,20,0.53565,1.805,0.28575,14.6534479307512,0.617094397284497
"4243",2004,177,18,80.5925,175.743,75.765,95.02,31.51,19.6,0.6026,1.61,0.28575,14.6534479520622,0.617872990109225
"4244",2004,177,19,90.6735,19.136,8.63,7.895,3.705,17.82,0.6984,2.88,0.28575,14.6529012641384,0.618651616075622
"4245",2004,177,20,99.987,0.207,0.005,0,0.01,15.44,0.76575,2.855,0.28575,14.6677734093459,0.619429373362451
"4246",2004,177,21,107.6015,0.023,0,0,0,14.125,0.7872,2.675,0.28575,14.668811545945,0.620206165632199
"4247",2004,177,22,113.163,0,0,0,0.005,13.18,0.78585,3.065,0.28575,14.6689687925048,0.620982885379131
"4248",2004,177,23,116.1105,0.046,0,0,0,12.87,0.769,2.6,0.28575,14.6691290312668,0.621759585864105
"4249",2004,178,0,116.0785,0.046,0,0,0,11.785,0.8067,2.44,0,14.6692994056839,0.622536266290493
"4250",2004,178,1,113.0705,0.184,0,0,0,11.28,0.83315,2.005,0,14.6694698407988,0.623312926039513
"4251",2004,178,2,107.461,0.023,0,0,0,10.68,0.85955,1.7,0,14.6696272476195,0.624089565897768
"4252",2004,178,3,99.808,0.368,0.005,0,0,10.55,0.8619,1.25,0,14.6697604157526,0.624866188126187
"4253",2004,178,4,90.4815,21.16,8.475,6.77,2.5,10.64,0.852,1.715,0,14.6761640619158,0.625642413709668
"4254",2004,178,5,80.374,245.387,91.93,107.67,32.885,11.14,0.85495,1.4,0,14.6945000246842,0.626417137545108
"4255",2004,178,6,69.5465,615.917,234.395,293.425,77.78,14.255,0.7879,2.295,0,14.693486894495,0.627190809460391
"4256",2004,178,7,58.264,997.28,388.035,496.45,116.19,17.48,0.671,3.835,0,14.69346470818,0.627964544261479
"4257",2004,178,8,46.8215,1356.264,535.675,686.925,143.32,19.36,0.5529,5.09,0,14.6934643871403,0.628738280429657
"4258",2004,178,9,35.5795,1651.377,662.995,846.755,159.935,20.405,0.5029,4.97,0,14.6934644702207,0.629512016612288
"4259",2004,178,10,25.3,1852.65,752.125,959.79,169.875,21.19,0.47045,4.7,0,14.6934647886591,0.630285752770531
"4260",2004,178,11,18.1605,1882.297,767.675,982.105,172.725,21.91,0.4558,4.55,0,14.6934644349825,0.631059488930915
"4261",2004,178,12,18.24,1690.937,689.21,887.27,170.515,22.46,0.4327,4.565,0,14.6934645737035,0.631833225104355
"4262",2004,178,13,25.4765,1738.409,697.03,904.845,184.335,22.87,0.4175,4.655,0,14.693465016317,0.632606961242484
"4263",2004,178,14,35.787,1595.441,627.735,822.095,178.335,23.185,0.4143,5.175,0,14.6934644043874,0.633380697390898
"4264",2004,178,15,47.038,1301.248,496.015,655.72,152.04,23.305,0.4132,5.18,0,14.6934644207293,0.634154433575488
"4265",2004,178,16,58.4835,984.4,367.955,490.12,127.41,23.46,0.4167,5.43,0,14.6934644133642,0.634928169759532
"4266",2004,178,17,69.7635,570.492,209.795,276.745,82.3,23.26,0.4392,4.505,0,14.6934643784915,0.635701905946142
"4267",2004,178,18,80.5805,206.241,74.675,92.665,31.465,21.89,0.5315,3.37,0,14.6934642893077,0.636475642140287
"4268",2004,178,19,90.667,13.57,4.695,2.89,0.65,19.825,0.62905,3.17,0,14.6907505248175,0.637249543166157
"4269",2004,178,20,99.987,0.207,0,0,0,17.7,0.72825,3.32,0,14.7009930234872,0.638022986865537
"4270",2004,178,21,107.612,0.23,0,0,0,16.295,0.77325,2.97,0,14.7019200537941,0.638795751993917
"4271",2004,178,22,113.183,0.023,0,0,0,15.91,0.7687,2.765,0,14.7020810279316,0.63956845101247
"4272",2004,178,23,116.1445,0,0,0,0,15.375,0.7863,2.61,0,14.7022407976812,0.640341130541468
"4273",2004,179,0,116.122,0,0,0,0,14.7,0.8014,1.27,0,14.7024081840871,0.641113790191128
"4274",2004,179,1,113.122,0,0,0,0,14.265,0.8108,0.21,0,14.7025732913882,0.641886429636971
"4275",2004,179,2,107.518,0.023,0,0,0,14.325,0.7978,1.025,0,14.7027243888802,0.642659049868643
"4276",2004,179,3,99.8685,0.115,0,0,0,13.335,0.8388,1.555,0,14.7028532093361,0.643431653090997
"4277",2004,179,4,90.54,20.723,8.685,7.455,2.56,12.795,0.84195,1.8,0,14.7084369385708,0.644203909157357
"4278",2004,179,5,80.435,229.908,93.305,112.995,32.845,13.18,0.84925,0.81,0,14.7245686394934,0.644974845126886
"4279",2004,179,6,69.608,227.171,97.32,117.535,27.73,15.98,0.8271,1.095,0,14.7235069190567,0.645744864698428
"4280",2004,179,7,58.327,494.661,206.12,255.085,56.925,17.545,0.7693,1.995,0,14.7234839473768,0.646514950244304
"4281",2004,179,8,46.8835,1085.025,442.935,560.37,123.24,20.425,0.61385,3.7,0,14.7234837082968,0.647285037201909
"4282",2004,179,9,35.642,1583.458,645.06,821.3,166.14,22.465,0.5232,4.385,0,14.7234838949363,0.648055124162703
"4283",2004,179,10,25.3645,1297.085,532.055,678.61,140.955,23.155,0.48165,4.69,0,14.7234836729467,0.648825211125647
"4284",2004,179,11,18.213,1596.407,650.175,835.405,164.845,23.205,0.49945,4.59,0,14.7234838909946,0.649595298088831
"4285",2004,179,12,18.266,1384.554,562.105,720.095,149.515,23.615,0.4653,4.445,0,14.7234837092138,0.650365385049809
"4286",2004,179,13,25.475,1092.477,443.325,563.92,120.03,23.81,0.465,3.975,0,14.7234836957831,0.65113547202266
"4287",2004,179,14,35.776,1414.109,564.84,730.02,158.5,24.01,0.45875,3.8,0,14.7234836149985,0.651905559001241
"4288",2004,179,15,47.0235,1093.673,429.7,555.93,127.945,24.435,0.4273,3.285,0,14.7234836200127,0.652675645984431
"4289",2004,179,16,58.4685,484.288,196.995,244.685,56.015,23.77,0.48915,2.89,0,14.7234836218061,0.653445732967207
"4290",2004,179,17,69.751,195.799,80.99,97.86,22.665,23.17,0.54895,2.26,0,14.7234835906084,0.654215819951771
"4291",2004,179,18,80.573,66.539,27.65,30.865,7.32,22.37,0.61355,2.05,0,14.7234836460283,0.654985906934862
"4292",2004,179,19,90.665,4.002,1.605,0.355,0.285,20.99,0.68195,2.695,0,14.7026268993858,0.655757262071866
"4293",2004,179,20,99.993,0.184,0,0,0.02,20.11,0.70685,2.6,0,14.7052610320749,0.656529724900232
"4294",2004,179,21,107.63,0.414,0,0,0,20.245,0.67295,1.185,0,14.705576573439,0.657302008476146
"4295",2004,179,22,113.2125,0.345,0,0,0,20.135,0.676,1.465,0,14.7057394607656,0.658074262976457
"4296",2004,179,23,116.186,0.46,0,0,0,20.07,0.6838,0.945,0,14.705921489974,0.658846496514905
"4297",2004,180,0,116.174,0.437,0,0,0,18.75,0.8212,1.615,0.0211666666666667,14.7061165068137,0.659618707138674
"4298",2004,180,1,113.181,0.437,0,0,0.005,18.685,0.83515,0.575,0.0211666666666667,14.7063068530107,0.660390894342104
"4299",2004,180,2,107.583,0.414,0,0,0.005,18.49,0.8488,1.095,0.0211666666666667,14.7064804186517,0.6611630594287
"4300",2004,180,3,99.936,0.46,0,0,0,18.1,0.8871,1.11,0.0211666666666667,14.7066255272859,0.661935205147637
"4301",2004,180,4,90.602,4.577,1.68,0.605,0.34,18.24,0.8675,1.455,0.0211666666666667,14.7068093859972,0.662707330873195
"4302",2004,180,5,80.502,36.892,15.82,16.825,4.535,18.07,0.89265,1.31,0.0211666666666667,14.7102160298922,0.663479238369426
"4303",2004,180,6,69.6745,154.445,66.12,80.275,19.64,18.65,0.8576,2.455,0.0211666666666667,14.6743581037031,0.664253117273873
"4304",2004,180,7,58.3925,541.098,220.815,277.255,64.185,19.715,0.7756,3.12,0.0211666666666667,14.6735426503563,0.665029222940139
"4305",2004,180,8,46.9495,1007.975,412.775,520.765,114.575,21.465,0.6574,3.65,0.0211666666666667,14.6735303461917,0.665805378838229
"4306",2004,180,9,35.709,768.338,323.345,410.39,94.52,21.585,0.63545,3.64,0.0211666666666667,14.6735303680264,0.666581535481652
"4307",2004,180,10,25.4295,1144.71,474.88,603.75,128.235,22.15,0.60725,3.635,0.0211666666666667,14.6735301894788,0.667342867219427
"4308",2004,180,11,18.2745,1238.182,519.455,664.93,133.895,22.635,0.62655,3.595,0.0211666666666667,14.6735302121921,0.668108413639051
"4309",2004,180,12,18.2965,1581.089,647.235,851.12,183.435,23.11,0.60725,3.475,0.0211666666666667,14.6735302667863,0.668897593124721
"4310",2004,180,13,25.4805,966.023,393.42,514.86,118.34,22.9,0.638,4.1,0.0211666666666667,14.6735304264051,0.669693200215756
"4311",2004,180,14,35.769,1207.983,488.02,644.425,150.33,22.795,0.646,5.43,0.0211666666666667,14.6735302724586,0.670481192115185
"4312",2004,180,15,47.0135,1120.652,440.42,584.645,145.565,22.94,0.6152,5.36,0.0211666666666667,14.6735302496992,0.671270154469982
"4313",2004,180,16,58.458,889.962,341.725,457.95,125.29,23.2,0.5376,5.03,0.0211666666666667,14.6735302147118,0.672068880827883
"4314",2004,180,17,69.7425,551.402,207.865,278.95,87.525,22.835,0.5081,4.835,0.0211666666666667,14.6735302167253,0.672865077909135
"4315",2004,180,18,80.5695,206.954,78.8,102.255,38.51,21.695,0.5578,3.735,0.0211666666666667,14.6735302058765,0.673624121700831
"4316",2004,180,19,90.6685,18.032,7.95,6.94,3.34,19.075,0.69045,2.25,0.0211666666666667,14.6715294419748,0.6742843534928
"4317",2004,180,20,100.0065,0.207,0.005,0,0,17.52,0.74715,2.005,0.0211666666666667,14.6829124196095,0.67482934159386
"4318",2004,180,21,107.6525,0.092,0,0,0,16.94,0.7567,2.445,0.0211666666666667,14.6839328828608,0.675314300392764
"4319",2004,180,22,113.2485,0,0,0,0,15.685,0.81195,0.45,0.0211666666666667,14.6840910494886,0.675747879586751
"4320",2004,180,23,116.2315,0,0,0,0,14.925,0.83255,1.56,0.0211666666666667,14.684249824709,0.676125731651244
"4321",2004,181,0,116.232,0,0,0,0,15.56,0.79205,0.42,0,14.6844172101173,0.676500157513661
"4322",2004,181,1,113.2485,0,0,0,0,15.34,0.7875,0.905,0,14.6845819546121,0.676885927384374
"4323",2004,181,2,107.653,0,0,0,0,13.875,0.84885,2.025,0,14.6847339274975,0.677226096475624
"4324",2004,181,3,100.0065,0.023,0,0,0,12.435,0.8802,0.895,0,14.6848614454275,0.677490539446015
"4325",2004,181,4,90.6695,19.619,8.015,6.645,2.47,12.33,0.89245,0.695,0,14.6891806011319,0.677716549242806
"4326",2004,181,5,80.571,237.245,90.95,107.62,33.73,12.935,0.8815,0.385,0,14.708694279499,0.677954783555285
"4327",2004,181,6,69.7445,575.897,224.29,278.5,76.75,16.155,0.82955,0.495,0,14.7076575547722,0.67829221374551
"4328",2004,181,7,58.4595,981.456,385.32,499.345,124.495,19.165,0.72135,1.355,0,14.707634570936,0.67880137208057
"4329",2004,181,8,47.0175,1235.077,487.58,636.38,147.305,20.935,0.60925,2.035,0,14.7076342347499,0.679443630054673
"4330",2004,181,9,35.7785,1508.708,601.56,786.67,169.585,21.86,0.5312,2.525,0,14.7076343128727,0.680158211357105
"4331",2004,181,10,25.5035,1364.981,547.495,715.3,151.23,22.52,0.4825,2.405,0,14.7076346108735,0.680913574564971
"4332",2004,181,11,18.341,1687.878,682.01,894.81,184.845,23.045,0.4857,2.505,0,14.7076342919109,0.681698367657571
"4333",2004,181,12,18.3365,1712.534,688.945,908.33,190.51,23.495,0.48225,2.525,0,14.7076344523566,0.682506599441521
"4334",2004,181,13,25.4905,1531.915,613.55,807.925,174.43,24.075,0.4678,2.22,0,14.7076343779225,0.683338725278254
"4335",2004,181,14,35.766,1513.699,592.48,790.295,181.875,24.345,0.4581,2.47,0,14.7076342470367,0.684189921558424
"4336",2004,181,15,47.006,1312.748,507.535,679.845,167.925,24.715,0.4369,2.475,0,14.7076342561301,0.685054986497413
"4337",2004,181,16,58.453,919.195,354.29,471.285,127.22,25.11,0.43145,1.395,0,14.7076342552709,0.685936099739948
"4338",2004,181,17,69.7395,581.072,218.595,287.975,86.625,25.145,0.43945,1.42,0,14.7076341343558,0.686825994510979
"4339",2004,181,18,80.572,207.989,79.295,97.35,33.865,24.12,0.5059,1.81,0,14.7076342351094,0.687695265263443
"4340",2004,181,19,90.6765,17.986,7.645,5.92,2.39,22.72,0.5523,1.845,0,14.7053129612596,0.688510310799999
"4341",2004,181,20,100.0225,0.046,0.005,0,0,21.305,0.58495,2.095,0,14.7157485004768,0.6892565168991
"4342",2004,181,21,107.6805,0.391,0,0,0,19.42,0.68695,2.34,0,14.7167610943304,0.689915744919874
"4343",2004,181,22,113.2895,0.023,0,0,0,18.43,0.71935,1.96,0,14.7169274020801,0.69049590434626
"4344",2004,181,23,116.285,0.046,0,0,0,17.25,0.7712,1.23,0,14.7170880580733,0.691015188423287
"4345",2004,182,0,116.2965,0.115,0,0,0,16.515,0.80125,0.785,0,14.7172593510938,0.691480627751139
"4346",2004,182,1,113.3185,0,0,0,0,15.11,0.8676,1.245,0,14.7174282266932,0.691886462255861
"4347",2004,182,2,107.7265,0.207,0,0,0,15.01,0.8561,1.09,0,14.717583653027,0.692250919048547
"4348",2004,182,3,100.081,0.23,0,0,0,15.2,0.84125,0.605,0,14.7177199823481,0.692617825552555
"4349",2004,182,4,90.74,15.962,6.005,4.755,1.68,15.19,0.8302,1.085,0,14.7195005798453,0.692989634935579
"4350",2004,182,5,80.6445,223.1,82.84,98.29,31.76,16.14,0.77625,0.86,0,14.7348909177634,0.693387277350749
"4351",2004,182,6,69.8165,577.714,222.095,279.315,78.885,19.345,0.73345,0.195,0,14.7337211900491,0.693901060626768
"4352",2004,182,7,58.5335,960.457,370.5,484.61,125.07,22.69,0.59105,0.44,0,14.7336955778723,0.694594788482779
"4353",2004,182,8,47.091,1316.727,503.82,673.925,164.345,23.505,0.5476,1.045,0,14.7336951981644,0.69539475386945
"4354",2004,182,9,35.853,1487.157,574.24,770.105,178.97,24.22,0.508,1.375,0,14.7336952641324,0.696230372573851
"4355",2004,182,10,25.579,1845.52,720.22,971.17,221.4,24.88,0.4556,2.11,0,14.7336955110091,0.697096241758963
"4356",2004,182,11,18.414,1591.922,672.09,911.035,202.86,25.14,0.4449,2.625,0,14.7336952905073,0.697981364900264
"4357",2004,182,12,18.3815,1915.601,749.18,1015.165,225.465,25.69,0.42945,2.535,0,14.733695464245,0.698882593929043
"4358",2004,182,13,25.507,1774.749,685.885,928.465,211.46,26.055,0.42735,2.28,0,14.7336952097587,0.699801203114807
"4359",2004,182,14,35.77,1607.056,615.72,833.695,198.12,26.425,0.4115,2.375,0,14.7336952192925,0.700733021829671
"4360",2004,182,15,47.0055,1311.391,499.735,672.405,169.065,26.96,0.39065,1.555,0,14.7336952331942,0.701680137587254
"4361",2004,182,16,58.451,942.839,354.6,476.685,131.94,26.77,0.40855,2.135,0,14.7336952277376,0.70263287032377
"4362",2004,182,17,69.7415,558.256,209.67,275.61,86.485,26.4,0.43845,1.915,0,14.7336951815543,0.703576473348552
"4363",2004,182,18,80.5795,203.297,76.11,94.32,34.245,25.265,0.52655,1.725,0,14.7336952088628,0.704493375079306
"4364",2004,182,19,90.6905,14.559,6.085,3.785,1.125,24.145,0.54025,1.75,0,14.7298337189479,0.705365667692122
"4365",2004,182,20,100.048,0,0,0,0,22.215,0.625,2.165,0,14.7376490935278,0.706169162314076
"4366",2004,182,21,107.716,0,0,0,0,22.425,0.58855,1.885,0,14.7385572087193,0.706931104569148
"4367",2004,182,22,113.337,0.046,0,0,0,21.775,0.5901,1.6,0,14.7387120438211,0.707681918852557
"4368",2004,182,23,116.347,0,0,0,0,19.445,0.7127,0.975,0,14.7388718947751,0.708354368683829
"4369",2004,183,0,116.367,0.046,0,0,0,18.96,0.73845,1.17,0,14.7390401970387,0.708950018310671
"4370",2004,183,1,113.396,0.046,0,0,0,17.995,0.7774,1.43,0,14.7392075755497,0.709505132074204
"4371",2004,183,2,107.807,0.069,0,0,0,18.23,0.74145,1.02,0,14.7393618132553,0.710039755158864
"4372",2004,183,3,100.1625,0.184,0,0,0,17.875,0.74465,1.18,0,14.7394924898834,0.710571002585256
"4373",2004,183,4,90.853,14.237,5.945,5.115,1.54,18.245,0.705,1.5,0,14.7406668571689,0.71110267182144
"4374",2004,183,5,80.7195,106.168,41.15,48.245,12.23,17.855,0.7562,1.52,0,14.7519000886395,0.711633778374448
"4375",2004,183,6,69.893,346.242,134.53,170.455,45.255,19.045,0.7962,1.41,0,14.7499503484453,0.712187340462533
"4376",2004,183,7,58.608,604.532,242.02,318.115,89.23,21.51,0.7338,1.655,0,14.7499077921943,0.712841803622323
"4377",2004,183,8,47.1645,977.523,379.12,500.16,128.41,24.165,0.62175,1.445,0,14.7499071457007,0.713628434287604
"4378",2004,183,9,35.9295,1250.51,485.93,646.18,163.895,25.9,0.5333,2.065,0,14.7499072116997,0.71451394707227
"4379",2004,183,10,25.6595,1304.077,511.445,682.83,171.16,26.715,0.5153,1.995,0,14.7499074564224,0.715448007935411
"4380",2004,183,11,18.492,1691.397,662.77,893.535,213.92,27.49,0.5154,1.81,0,14.7499072416383,0.716408003439236
"4381",2004,183,12,18.434,1658.714,657.295,883.51,212.06,27.7,0.52635,1.805,0,14.74990738612,0.717382451275124
"4382",2004,183,13,25.5295,1741.56,678.99,909.13,220.27,28.485,0.5015,1.405,0,14.7499071704475,0.718369777771058
"4383",2004,183,14,35.7785,835.199,324.375,428.765,107.885,28.325,0.516,1.29,0,14.7499071614612,0.719364662361704
"4384",2004,183,15,47.0085,716.703,278.43,367.31,97.655,27.565,0.56425,2.05,0,14.7499071657703,0.720348294701336
"4385",2004,183,16,58.4555,690.897,269.905,357.035,99.76,27.66,0.5517,2.39,0,14.7499071629662,0.721323234363382
"4386",2004,183,17,69.748,364.918,139.86,180.16,53.04,27.19,0.60525,2.055,0,14.7499071606367,0.72229285252766
"4387",2004,183,18,80.592,150.857,60.04,74.4,24.16,26.41,0.66425,1.855,0,14.7499071255499,0.723243380245813
"4388",2004,183,19,90.7105,12.19,5.32,4.12,1.3,24.95,0.71125,2.25,0,14.7432343221937,0.724154418916907
"4389",2004,183,20,100.0775,0,0,0,0,23.565,0.74895,2.785,0,14.7488971116651,0.725007406193106
"4390",2004,183,21,107.758,0.069,0,0,0,23.06,0.7423,2.565,0,14.7496496377434,0.725817637933239
"4391",2004,183,22,113.392,0.414,0,0,0,22.105,0.76995,2.845,0,14.7498113681296,0.726592537332091
"4392",2004,183,23,116.414,0.46,0,0,0,21.11,0.8126,2.25,0,14.7499940583983,0.727318043221473
"4393",2004,184,0,116.4445,0.46,0,0,0,20.625,0.8461,2.345,0.243416666666667,14.7501891022311,0.728004661006471
"4394",2004,184,1,113.4795,0.46,0,0,0,19.29,0.90125,1.815,0.243416666666667,14.7503806610274,0.728641935101431
"4395",2004,184,2,107.894,0.46,0,0,0,18.935,0.93575,2.105,0.243416666666667,14.7505566398897,0.729232578570395
"4396",2004,184,3,100.247,0.46,0,0,0.04,18.465,0.96425,2.08,0.243416666666667,14.7507041887058,0.72980017792358
"4397",2004,184,4,90.9315,11.178,3.935,3.09,1.385,17.98,0.9771,2.13,0.243416666666667,14.7513225814071,0.730340983757055
"4398",2004,184,5,80.7995,120.497,41.745,55.65,17.84,17.825,0.9828,1.38,0.243416666666667,14.7592109590223,0.730863791301131
"4399",2004,184,6,69.972,336.766,122.295,167.355,51.09,19.095,0.98385,1.58,0.243416666666667,14.7572638059957,0.731417910624995
"4400",2004,184,7,58.687,656.926,249.52,334.255,95.22,20.89,0.98155,2.095,0.243416666666667,14.7572214275103,0.732057021244615
"4401",2004,184,8,47.2435,932.811,359.215,477.435,128.745,23.22,0.8828,2.885,0.243416666666667,14.7572208382354,0.732805026218028
"4402",2004,184,9,36.0105,979.294,380.84,508.9,134.105,24.495,0.8235,3.04,0.243416666666667,14.7572209601382,0.733640251941345
"4403",2004,184,10,25.7445,1286.022,498.755,670.66,173.05,25.975,0.73175,4.145,0.243416666666667,14.7572208620155,0.734534046086127
"4404",2004,184,11,18.5775,1398.722,532.525,720.47,181.86,26.64,0.6936,4.73,0.243416666666667,14.7572207949533,0.735468153821074
"4405",2004,184,12,18.4925,1291.45,488.315,658.025,165.24,27.045,0.6803,5.065,0.243416666666667,14.7572208070973,0.73642014142012
"4406",2004,184,13,25.559,671.071,256.66,340.255,91.455,27.03,0.66965,4.755,0.243416666666667,14.75722083237,0.73737828316357
"4407",2004,184,14,35.79,1098.779,414.18,553.19,144.535,27.605,0.65565,4.955,0.243416666666667,14.7572208932139,0.738344762542038
"4408",2004,184,15,47.017,514.855,193.815,254.205,67.93,27.39,0.66185,4.98,0.243416666666667,14.757221005101,0.739316484731243
"4409",2004,184,16,58.4635,384.56,141.62,187.08,49.77,23.555,0.8443,4.435,0.243416666666667,14.7572208095221,0.740217210175296
"4410",2004,184,17,69.759,352.13,135.54,174.545,48.245,23.775,0.83665,4.05,0.243416666666667,14.7572207904865,0.741043886969344
"4411",2004,184,18,80.606,174.455,66.76,83.15,23.59,24.275,0.836,3.665,0.243416666666667,14.7572206337293,0.741886853357877
"4412",2004,184,19,90.734,12.144,4.385,3.6,1.475,23.165,0.87735,3.445,0.243416666666667,14.7511274739003,0.742715880463758
"4413",2004,184,20,100.1145,0.046,0,0,0,22.235,0.91855,3.305,0.243416666666667,14.7568962610909,0.743496566171676
"4414",2004,184,21,107.8065,0.138,0,0,0,22.255,0.8952,3.925,0.243416666666667,14.7577005054577,0.744254747549295
"4415",2004,184,22,113.453,0.253,0,0,0.01,22.165,0.9038,3.84,0.243416666666667,14.7578613015332,0.745011165650114
"4416",2004,184,23,116.4865,0.092,0,0,0,22.485,0.8972,4.075,0.243416666666667,14.758029516496,0.745773351903809
"4417",2004,185,0,116.5285,0.207,0,0,0,22.26,0.91705,4.15,0.5715,14.7582046414235,0.746537920444729
"4418",2004,185,1,113.5685,0.391,0,0,0,22.01,0.92495,4.45,0.5715,14.7583845961011,0.747290545331746
"4419",2004,185,2,107.9845,1.311,0,0,0.055,21.885,0.93665,5.035,0.5715,14.7585793270319,0.748033644099311
"4420",2004,185,3,100.337,0.552,0,0,0.055,21.545,0.94605,3.965,0.5715,14.7587566120246,0.748764794892488
"4421",2004,185,4,91.014,11.04,4.05,2.735,1.255,21.12,0.961,3.495,0.5715,14.7593653295707,0.749476030579782
"4422",2004,185,5,80.8845,64.308,25.01,26.755,6.375,21.31,0.95995,4.775,0.5715,14.7665210050577,0.750181099498505
"4423",2004,185,6,70.0535,288.305,113.555,138.02,31.45,21.88,0.92655,5.365,0.5715,14.7616929127555,0.750906019609157
"4424",2004,185,7,58.767,620.241,241.745,304.985,73.635,22.74,0.9017,6.35,0.5715,14.7615868793072,0.75166738319088
"4425",2004,185,8,47.3245,565.754,217.655,275.005,67.005,23.77,0.8654,6.33,0.5715,14.7615853024106,0.752474789657963
"4426",2004,185,9,36.094,503.378,194.17,246.425,61.93,24.565,0.8043,6.54,0.5715,14.7615853306826,0.753324024998839
"4427",2004,185,10,25.8345,719.762,271.45,346.29,84.695,24.875,0.78935,6.445,0.5715,14.7615852755672,0.754197145365833
"4428",2004,185,11,18.6685,529.529,195.37,246.74,60.42,24.61,0.81265,6.045,0.5715,14.7615852882413,0.75507121356923
"4429",2004,185,12,18.558,288.834,102.99,129.505,31.055,22.735,0.89795,6.225,0.5715,14.7615853115096,0.755897732574537
"4430",2004,185,13,25.5915,556.6,213.83,267.985,58.635,22.18,0.9258,4.825,0.5715,14.7615853711787,0.756666508914442
"4431",2004,185,14,35.8095,632.753,238.975,302.98,65.98,22.125,0.9179,5.63,0.5715,14.7615855274604,0.757420025198078
"4432",2004,185,15,47.0295,921.449,352.515,450.525,97.535,23.885,0.88175,4.24,0.5715,14.7615853130511,0.758215240138106
"4433",2004,185,16,58.476,265.144,101.955,125.21,29.42,24.475,0.84445,4.3,0.5715,14.7615853105988,0.759065071634116
"4434",2004,185,17,69.776,211.577,80.125,95.78,22.01,23.8,0.83475,5.625,0.5715,14.7615851306548,0.759913008747967
"4435",2004,185,18,80.6305,123.441,44.525,49.765,12.75,23.55,0.8667,4.4,0.5715,14.7615852924796,0.760740143054302
"4436",2004,185,19,90.761,16.56,6.675,6.285,2.055,23.385,0.8777,4.77,0.5715,14.7558467228906,0.761557676157031
"4437",2004,185,20,100.154,0.115,0,0,0.105,22.695,0.90585,5.22,0.5715,14.7616776334589,0.762354910277483
"4438",2004,185,21,107.86,0.276,0,0,0.01,22.57,0.91895,5.25,0.5715,14.7624559795684,0.763132381251976
"4439",2004,185,22,113.521,0.391,0,0,0.055,22.305,0.94025,4.56,0.5715,14.7626228135924,0.763900189687491
"4440",2004,185,23,116.57,0.46,0,0,0.025,22.26,0.94385,4.45,0.5715,14.7628045290227,0.764660255630172
"4441",2004,186,0,116.6185,0.46,0,0,0.035,22.15,0.94665,4.895,0.0635,14.762999279755,0.765416421257933
"4442",2004,186,1,113.664,0.46,0,0,0.095,21.975,0.9483,4.505,0.0635,14.7631910713771,0.766165374712174
"4443",2004,186,2,108.079,0.46,0,0,0.015,21.885,0.94675,4.605,0.0635,14.7633669464297,0.766907580202776
"4444",2004,186,3,100.431,0.414,0,0,0.04,22.01,0.9147,6.23,0.0635,14.7635144264653,0.767650678970342
"4445",2004,186,4,91.099,7.958,2.465,1.06,0.615,21.745,0.9132,6.255,0.0635,14.7638433876715,0.768390191565498
"4446",2004,186,5,80.97,189.612,69.25,80.23,23.97,21.205,0.90575,6.095,0.0635,14.7731633749915,0.769108871833087
"4447",2004,186,6,70.139,444.866,172.455,213.065,53.795,21.31,0.88515,6.61,0.0635,14.7716504286385,0.769816181300193
"4448",2004,186,7,58.85,802.355,313.08,396.225,92.945,22.05,0.846,6.15,0.0635,14.7716174375645,0.770545482490553
"4449",2004,186,8,47.4085,1094.225,427.71,547.02,123.475,23.145,0.80575,6.74,0.0635,14.7716169393048,0.771321088055267
"4450",2004,186,9,36.1805,1027.801,401.285,509.67,110.63,23.675,0.7993,6.445,0.0635,14.7716169989333,0.772135898258533
"4451",2004,186,10,25.9285,1044.108,410.66,520.98,112.475,24.485,0.77755,6.745,0.0635,14.7716172187096,0.772981253431375
"4452",2004,186,11,18.765,897.575,351.195,443.275,98.14,25.105,0.7565,6.605,0.0635,14.7716170639364,0.773857460484832
"4453",2004,186,12,18.631,1020.694,399.78,508.715,112.825,24.66,0.71725,6.875,0.0635,14.7716170084816,0.774737329311607
"4454",2004,186,13,25.6315,872.574,344.215,435.395,97.71,24.505,0.7541,4.335,0.0635,14.7716169583871,0.775604651658719
"4455",2004,186,14,35.8315,1718.146,661.755,853.86,181.355,26.25,0.7109,4.605,0.0635,14.7716169804438,0.776503901673542
"4456",2004,186,15,47.0465,1257.456,479.245,618.485,139.445,27.18,0.6567,4.66,0.0635,14.7716170182983,0.777451623547308
"4457",2004,186,16,58.494,929.752,352.51,452,110.345,27.72,0.6206,4.86,0.0635,14.7716169921147,0.778421939115701
"4458",2004,186,17,69.797,539.327,198.95,250.44,69.845,27.695,0.64415,4.785,0.0635,14.7716169514102,0.779399472825928
"4459",2004,186,18,80.657,218.707,78.31,92.885,32.905,26.47,0.7573,3.55,0.0635,14.7716169218213,0.780358650122567
"4460",2004,186,19,90.834,17.94,6.665,4.67,2.425,24.565,0.82595,2.255,0.0635,14.7682255158055,0.781263214136808
"4461",2004,186,20,100.2025,0.414,0,0,0,23.305,0.87885,2.25,0.0635,14.7756082764935,0.782101941993091
"4462",2004,186,21,107.92,0.437,0,0,0,21.845,0.9243,3.3,0.0635,14.7766118486304,0.782876327344633
"4463",2004,186,22,113.596,0.46,0,0,0,20.88,0.9454,2.36,0.0635,14.7767891418913,0.783589069781128
"4464",2004,186,23,116.657,0.46,0,0,0.015,20.135,0.9626,2.05,0.0635,14.7769732971431,0.784256335690023
"4465",2004,187,0,116.7155,0.46,0,0,0,19.775,0.97475,2.235,0,14.777167584245,0.784893562668157
"4466",2004,187,1,113.7655,0.46,0,0,0,19.455,0.97745,1.695,0,14.7773587307306,0.78551208364183
"4467",2004,187,2,108.1815,0.46,0,0,0.015,19.025,0.97895,1.895,0,14.7775352144302,0.786109820536774
"4468",2004,187,3,100.5305,0.46,0,0,0.04,18.24,0.9834,2.36,0,14.7776829561618,0.786673630009886
"4469",2004,187,4,91.189,14.444,4.945,3.8,1.23,18.155,0.98485,1.345,0,14.7789522116392,0.787213033394095
"4470",2004,187,5,81.0605,202.009,69.825,83.2,26.15,18.275,0.98475,0.99,0,14.7909828913713,0.787753420504985
"4471",2004,187,6,70.2275,585.511,219.91,263.335,65.895,21.34,0.948,1.885,0,14.7896974928311,0.788382078144371
"4472",2004,187,7,58.937,929.637,357.37,447.79,102.65,24.25,0.8441,2.785,0,14.7896697040491,0.789166471096969
"4473",2004,187,8,47.4955,1180.636,462.69,584.465,127.295,25.93,0.7636,2.955,0,14.7896692912924,0.790054344538219
"4474",2004,187,9,36.27,1371.191,539.8,685.695,143.72,26.945,0.7116,4.295,0,14.789669354732,0.790992792588466
"4475",2004,187,10,26.024,1400.7,555.74,703.81,147,27.575,0.69295,3.74,0,14.7896695905317,0.791957564514026
"4476",2004,187,11,18.8665,829.058,319.44,403.59,85.95,26.075,0.72335,8.38,0,14.7896693950363,0.792908525100145
"4477",2004,187,12,18.712,459.885,184.12,227.05,49.885,21.445,0.82245,4.845,0,14.7896694491118,0.793736406222439
"4478",2004,187,13,25.678,1261.757,506.865,639.235,134.715,25.285,0.6666,2.495,0,14.7896693070704,0.794547118876154
"4479",2004,187,14,35.861,1207.753,481.465,606.55,132.545,27.13,0.6538,2.485,0,14.78966932406,0.795477114742138
"4480",2004,187,15,47.0695,861.327,338.79,426.8,97.215,26.575,0.70765,4.02,0,14.7896693519913,0.796429388629949
"4481",2004,187,16,58.5155,784.806,306.125,384.55,92.255,26.71,0.72045,3.325,0,14.789669332292,0.797374921853506
"4482",2004,187,17,69.823,375.452,145.08,177.645,44.905,26.51,0.6616,3.675,0,14.7896693023562,0.798319376100969
"4483",2004,187,18,80.689,190.532,77.115,92.645,27.905,24.975,0.75195,2.82,0,14.7896692618777,0.799232717951113
"4484",2004,187,19,90.8745,16.491,6.225,4.565,1.995,23.37,0.84285,2.77,0,14.785152509344,0.800081868038461
"4485",2004,187,20,100.255,0.023,0,0,0,22.29,0.89835,3.51,0,14.7911677242209,0.800868865316743
"4486",2004,187,21,107.988,0.345,0,0,0,22.045,0.92035,3.315,0,14.7920836969075,0.80162313341868
"4487",2004,187,22,113.6765,0.184,0,0,0,22.445,0.91115,3.825,0,14.7922502486053,0.802381297277838
"4488",2004,187,23,116.752,0.23,0,0,0,22.79,0.9093,3.21,0,14.7924195269952,0.803158016975983
"4489",2004,188,0,116.8195,0.092,0,0,0,22.445,0.88145,2.525,1.0795,14.7925961794074,0.803934736674129
"4490",2004,188,1,113.872,0,0,0,0.14,21.5,0.83195,4.135,1.0795,14.7927635336852,0.804679020871103
"4491",2004,188,2,108.2865,0.023,0,0,0.015,20.855,0.84145,4.98,1.0795,14.7929141063105,0.805382079847861
"4492",2004,188,3,100.6325,0.046,0,0,0.01,20.79,0.8676,5.035,1.0795,14.7930425346218,0.806066311146933
"4493",2004,188,4,91.321,7.751,3.025,1.84,1.075,20.46,0.8878,4.57,1.0795,14.7933401689476,0.806739941186606
"4494",2004,188,5,81.154,95.036,36.465,40.3,9.495,19.9,0.89485,3.335,1.0795,14.7952109355181,0.807389455484544
"4495",2004,188,6,70.3175,497.743,187.485,230.245,59.985,20.485,0.87325,4.05,1.0795,14.7923065776988,0.808039649180649
"4496",2004,188,7,59.0255,914.94,347.835,439.77,101.515,22.935,0.8044,5.535,1.0795,14.7922436052627,0.808769972396358
"4497",2004,188,8,47.584,603.796,237.155,295.105,65.52,24.25,0.76445,7.425,1.0795,14.7922427350522,0.809593066803399
"4498",2004,188,9,36.3625,471.868,185.55,228.725,49.325,22.645,0.78835,4.62,1.0795,14.7922427261948,0.810409311102825
"4499",2004,188,10,26.126,1390.442,550.235,697.455,138.05,23.225,0.76975,4.53,1.0795,14.7922426489473,0.811201504102119
"4500",2004,188,11,18.975,1832.019,724.95,929.865,176.8,25.12,0.7308,4.74,1.0795,14.7922426687733,0.812050494466254
"4501",2004,188,12,18.7965,1911.852,754.275,968.565,181.55,26.57,0.7107,4.67,1.0795,14.7922427204558,0.812967696024656
"4502",2004,188,13,25.73,1690.201,664.185,851.9,167.36,27.12,0.7263,5.73,1.0795,14.7922428752621,0.813919732210915
"4503",2004,188,14,35.8945,1300.466,513.725,654.295,139.9,27.605,0.737,5.08,1.0795,14.7922427242854,0.814887545249309
"4504",2004,188,15,47.0965,1046.5,406.32,513.475,113.475,28.065,0.72135,4.87,1.0795,14.7922426955108,0.815868420676217
"4505",2004,188,16,58.5425,698.027,273.12,339.44,79.715,28.42,0.7035,4.405,1.0795,14.7922426652542,0.816859504138487
"4506",2004,188,17,69.8525,77.671,27.605,34.45,10.02,24.87,0.74175,6.32,1.0795,14.7922426680938,0.817802353955937
"4507",2004,188,18,80.726,5.658,1.5,0.495,1.605,21.9,0.83525,6.17,1.0795,14.6804517589912,0.818614815269112
"4508",2004,188,19,90.919,4.324,2.61,1.795,1.675,19.63,0.91685,3.375,1.0795,14.661360682014,0.819295589210899
"4509",2004,188,20,100.3155,0.92,0,0,0.01,20.12,0.9321,2.69,1.0795,14.6615953660344,0.819928421413824
"4510",2004,188,21,108.061,0.575,0,0,0.025,20.14,0.9324,2.66,1.0795,14.6617461925285,0.82057522734936
"4511",2004,188,22,113.7645,0.46,0,0,0,20.205,0.91815,3.535,1.0795,14.6619150565691,0.821224351294889
"4512",2004,188,23,116.8515,0.46,0,0,0.1,19.835,0.9427,3.125,1.0795,14.6621023254426,0.821865137781245
"4513",2004,189,0,116.9285,0.46,0,0,0.01,19.565,0.95515,3.055,0.0105833333333333,14.6622992733887,0.82248834994625
"4514",2004,189,1,113.985,0.46,0,0,0.085,19.645,0.9488,4.15,0.0105833333333333,14.6624922891904,0.823106323061056
"4515",2004,189,2,108.3975,0.46,0,0,0.13,18.77,0.94625,3.82,0.0105833333333333,14.6626680924113,0.823702231467469
"4516",2004,189,3,100.7415,0.46,0,0,0.145,17.665,0.9531,3.73,0.0105833333333333,14.6628155448487,0.824242743497822
"4517",2004,189,4,91.4175,10.902,3.495,1.795,0.765,16.66,0.9545,3.41,0.0105833333333333,14.6633901213879,0.824723914991047
"4518",2004,189,5,81.25,213.808,75.93,84.985,24.21,16.615,0.9574,3.155,0.0105833333333333,14.6727580385175,0.825175608776708
"4519",2004,189,6,70.41,583.947,226.975,269.535,63.325,17.355,0.9079,4.88,0.0105833333333333,14.6713920799603,0.825646801850994
"4520",2004,189,7,59.1175,743.866,303.645,371.98,79.41,17.955,0.8608,5.685,0.0105833333333333,14.6713627079226,0.82615567662766
"4521",2004,189,8,47.676,1015.358,420.49,527.13,107.59,18.815,0.80095,6.085,0.0105833333333333,14.6713622674106,0.826705603155141
"4522",2004,189,9,36.459,1048.823,438.66,553.595,112.825,19.465,0.71815,7.115,0.0105833333333333,14.6713623263895,0.827297767885494
"4523",2004,189,10,26.2315,1230.408,512.665,650.005,130.755,19.905,0.67745,7.225,0.0105833333333333,14.6713625417214,0.82792014725314
"4524",2004,189,11,19.089,1113.2,469.08,593.9,122.69,20.61,0.6606,6.485,0.0105833333333333,14.6713624001285,0.828573869521285
"4525",2004,189,12,18.8895,1457.395,605.95,772.585,153.21,21.22,0.6507,6.905,0.0105833333333333,14.6713623216502,0.829263010089065
"4526",2004,189,13,25.7875,1356.471,560.91,714.93,142.87,21.55,0.6468,7.17,0.0105833333333333,14.6713623138041,0.829977003660938
"4527",2004,189,14,35.9335,919.356,381.44,480.59,103.715,21.485,0.62765,7.32,0.0105833333333333,14.6713622807808,0.830697925078095
"4528",2004,189,15,47.1295,882.464,361.025,452.315,97.93,21.375,0.6318,7.01,0.0105833333333333,14.671362285233,0.831414281199064
"4529",2004,189,16,58.5755,492.476,205.025,252.08,55.94,21.08,0.67,5.43,0.0105833333333333,14.6713622877628,0.832120004524907
"4530",2004,189,17,69.89,230.92,96.1,115.205,25.615,20.43,0.7028,4.3,0.0105833333333333,14.6713622733746,0.832800592048063
"4531",2004,189,18,80.7685,103.454,44.055,51.17,12.305,19.545,0.7467,2.81,0.0105833333333333,14.6713621514438,0.833439563655932
"4532",2004,189,19,90.97,12.006,6.375,5.355,2.155,18.925,0.7977,1.23,0.0105833333333333,14.6690527914107,0.83403701515766
"4533",2004,189,20,100.38,0,0,0,0,18.55,0.8002,0.565,0.0105833333333333,14.6778472759915,0.834606715883059
"4534",2004,189,21,108.1395,0,0,0,0,17.67,0.85225,1.39,0.0105833333333333,14.6784828512287,0.835141190882508
"4535",2004,189,22,113.8595,0.138,0,0,0,16.49,0.89525,2.045,0.0105833333333333,14.6786360674839,0.835617732010171
"4536",2004,189,23,116.9595,0.46,0,0,0,15.55,0.92005,1.9,0.0105833333333333,14.6788112399211,0.836035015529293
"4537",2004,190,0,117.0435,0.437,0,0,0,15.15,0.9211,2.285,0,14.6790059709804,0.836415307651486
"4538",2004,190,1,114.103,0.46,0,0,0,14.92,0.91895,1.355,0,14.6791968858321,0.836778408329751
"4539",2004,190,2,108.515,0.46,0,0,0.05,14.79,0.93115,0.29,0,14.6793716144068,0.837131751645135
"4540",2004,190,3,100.852,0.46,0,0,0.17,14.735,0.9355,0.235,0,14.6795179935685,0.837480100850687
"4541",2004,190,4,91.5185,5.014,1.845,0.965,0.79,14.99,0.93345,0.67,0,14.6797137137529,0.837833852810468
"4542",2004,190,5,81.35,45.655,19.625,20.85,4.94,15.355,0.94415,0.805,0,14.6757389427398,0.838204442694941
"4543",2004,190,6,70.5075,135.056,57.775,66.735,13.765,15.93,0.93355,1.33,0,14.6588292062441,0.838600817400071
"4544",2004,190,7,59.2115,338.974,144.305,172.39,34.55,16.78,0.902,1.34,0,14.6584569793244,0.839036739775614
"4545",2004,190,8,47.7715,427.018,177.91,214.36,43.89,17.825,0.8478,1.46,0,14.6584514008737,0.83952578293725
"4546",2004,190,9,36.559,487.83,202.305,245.755,50.34,18.55,0.81255,1.02,0,14.6584516497717,0.840064617756908
"4547",2004,190,10,26.3405,708.515,295.235,362.275,74.435,19.6,0.77255,0.67,0,14.6584513232224,0.840653139155516
"4548",2004,190,11,19.209,918.16,378.245,468.945,91.71,20.435,0.7441,0.98,0,14.6584513495865,0.841293757538831
"4549",2004,190,12,18.9885,974.717,406.205,501.755,102.98,21.325,0.7128,1.465,0,14.6584514197584,0.841980999752155
"4550",2004,190,13,25.8525,1238.78,507.18,631.33,126.04,22.315,0.6961,1.73,0,14.6584516321559,0.842717471846738
"4551",2004,190,14,35.979,663.895,275.745,337.385,69.2,22.82,0.7171,1.365,0,14.6584513704163,0.843491707766848
"4552",2004,190,15,47.167,911.467,369.505,454.595,95.36,23.305,0.70725,2.235,0,14.6584514133631,0.844290052767302
"4553",2004,190,16,58.613,737.081,298.15,366.7,80.93,23.555,0.69575,2.685,0,14.6584513564946,0.845105829316863
"4554",2004,190,17,69.9315,217.143,90.325,106.63,23.065,23.35,0.7318,2.21,0,14.6584513450034,0.845922660258825
"4555",2004,190,18,80.818,107.433,44.915,51.48,13,22.93,0.7832,2.035,0,14.6584513408784,0.846724719994311
"4556",2004,190,19,91.0255,5.773,2.29,1.305,0.56,21.96,0.8375,2.225,0,14.6494381556989,0.84749280194119
"4557",2004,190,20,100.4515,0,0,0,0.01,21.375,0.8434,2.695,0,14.6553190325396,0.848221476465345
"4558",2004,190,21,108.225,0,0,0,0,21.11,0.82045,3.01,0,14.6558446461076,0.848927991268798
"4559",2004,190,22,113.96,0,0,0,0.01,20.78,0.8136,3.05,0,14.6559922431795,0.849618750184692
"4560",2004,190,23,117.0715,0.023,0,0,0,20.49,0.8,2.77,0,14.6561522093996,0.850292919973791
"4561",2004,191,0,117.168,0.023,0,0,0,20.145,0.81075,3.26,1.21708333333333,14.6563214776794,0.850949926253198
"4562",2004,191,1,114.2275,0,0,0,0,20.135,0.82345,3.535,1.21708333333333,14.6564876724919,0.851597277904008
"4563",2004,191,2,108.636,0.023,0,0,0,20.21,0.8127,2.995,1.21708333333333,14.6566389111698,0.852246401766159
"4564",2004,191,3,100.967,0.023,0,0,0.065,19.9,0.8381,3.44,1.21708333333333,14.6567663877135,0.852889105101605
"4565",2004,191,4,91.623,10.833,4.375,3.205,1.41,18.97,0.8941,3.005,1.21708333333333,14.6573097223867,0.853497636841497
"4566",2004,191,5,81.4515,142.416,56.13,64.42,16.825,19.325,0.8934,3.21,1.21708333333333,14.6676064315593,0.854090229506439
"4567",2004,191,6,70.607,433.757,170.115,205.66,51.2,20.665,0.86465,3.545,1.21708333333333,14.6659255797317,0.854729555733004
"4568",2004,191,7,59.308,803.551,316,392.135,88.82,22.365,0.8558,2.93,1.21708333333333,14.6658886344002,0.855450081528782
"4569",2004,191,8,47.867,1079.643,436.005,536.895,111.62,24.53,0.8458,2.385,1.21708333333333,14.6658880671562,0.856266031603917
"4570",2004,191,9,36.66,859.234,357.78,436.005,91.43,26.04,0.83035,2.05,1.21708333333333,14.6658881355483,0.857161790021692
"4571",2004,191,10,26.4545,986.378,411.33,505.995,104.61,27.23,0.79515,2.09,1.21708333333333,14.6658883914983,0.858106769023655
"4572",2004,191,11,19.334,1322.293,543.95,680.06,135.77,28.09,0.79505,3.315,1.21708333333333,14.6658881522491,0.859082831737477
"4573",2004,191,12,19.096,1418.801,579.04,723.61,139.95,29.145,0.7545,3.295,1.21708333333333,14.6658883792089,0.860082104489186
"4574",2004,191,13,25.924,1355.735,553.64,690.325,133.41,30.025,0.71265,2.775,1.21708333333333,14.6658881335108,0.861098970798168
"4575",2004,191,14,36.0295,1270.451,510.385,637.09,128.065,30.53,0.679,3.255,1.21708333333333,14.6658882485393,0.862124476999128
"4576",2004,191,15,47.2115,838.419,331.675,409.035,86.97,30.18,0.69105,4.015,1.21708333333333,14.6658881103539,0.863150753637878
"4577",2004,191,16,58.6545,791.361,313.395,387.705,88.735,30.135,0.6965,3.655,1.21708333333333,14.6658880932343,0.864175121256218
"4578",2004,191,17,69.9765,99.659,37.19,45.42,12.065,24.47,0.76935,6.065,1.21708333333333,14.6658880664857,0.865133642825397
"4579",2004,191,18,80.8695,42.159,16.63,15.57,4.09,23.285,0.8059,5.405,1.21708333333333,14.6655035420713,0.865969806126123
"4580",2004,191,19,91.087,2.944,0.91,0.145,0.42,22.445,0.8614,4.49,1.21708333333333,14.6296632609272,0.866758561530399
"4581",2004,191,20,100.5285,0.598,0,0,0.155,21.65,0.9156,5.175,1.21708333333333,14.6309346353502,0.867506689894262
"4582",2004,191,21,108.318,0.92,0,0,0.045,21.735,0.9269,3.205,1.21708333333333,14.6311465628031,0.868236689074261
"4583",2004,191,22,114.0675,0.989,0,0,0.305,21.42,0.9431,4.76,1.21708333333333,14.6313422169372,0.868960721862571
"4584",2004,191,23,117.1935,0.92,0,0,0.265,20.215,0.9713,4.105,1.21708333333333,14.6315637443297,0.869644577099659
"4585",2004,192,0,117.2945,0.966,0,0,0.135,20.28,0.9608,3.91,0.28575,14.6317941408598,0.870297785720656
"4586",2004,192,1,114.3575,1.219,0,0,0.105,20.53,0.9682,3.75,0.28575,14.6320299019884,0.870959541111618
"4587",2004,192,2,108.763,1.012,0,0,0.115,20.4,0.96905,3.735,0.28575,14.6322494166438,0.871624546734303
"4588",2004,192,3,101.088,0.943,0,0,0.11,20.255,0.9669,2.575,0.28575,14.6324238242588,0.872282102143469
"4589",2004,192,4,91.728,5.014,1.68,0.64,0.385,20.46,0.96025,1.13,0.28575,14.6326374336286,0.872941284150707
"4590",2004,192,5,81.556,89.01,37.81,42.495,9.82,20.5,0.9669,1.615,0.28575,14.6306817409569,0.873607101718938
"4591",2004,192,6,70.708,220.57,95.065,108.795,20.9,21.295,0.9592,1.765,0.28575,14.6271502843658,0.874295289458701
"4592",2004,192,7,59.407,648.899,265.945,322.78,65.605,22.845,0.9066,2.96,0.28575,14.6270735272205,0.875044373467574
"4593",2004,192,8,47.9665,569.365,240.485,289.095,60.915,23.75,0.8588,2.495,0.28575,14.6270724233035,0.875853821011042
"4594",2004,192,9,36.7635,925.612,380.77,461.58,95.045,24.92,0.8192,1.79,0.28575,14.6270724552457,0.876710277096362
"4595",2004,192,10,26.5705,1171.39,488.855,606.36,124.28,25.925,0.79405,1.885,0.28575,14.627072367737,0.877611664776023
"4596",2004,192,11,19.4645,448.454,180.78,220.585,45.85,25.685,0.799,2.235,0.28575,14.6270723803868,0.878527791190153
"4597",2004,192,12,19.2075,429.732,170.32,206.055,42.42,23.55,0.78735,2.815,0.28575,14.6270724061641,0.879395835922021
"4598",2004,192,13,26,1498.726,600.055,753.98,146.035,26.33,0.7656,2.52,0.28575,14.6270724759241,0.880276742749126
"4599",2004,192,14,36.0835,1419.836,560.975,709.7,143.6,27.215,0.7441,3.785,0.28575,14.6270726612728,0.88122634631791
"4600",2004,192,15,47.2575,1240.482,481.565,611.6,130.905,27.76,0.7305,3.16,0.28575,14.6270723968509,0.882197725345013
"4601",2004,192,16,58.703,877.703,337.32,425.76,100.755,27.99,0.72355,2.935,0.28575,14.6270723954144,0.883179685331735
"4602",2004,192,17,70.03,533.094,202.285,250.445,69.04,27.88,0.722,2.575,0.28575,14.627072269024,0.884163204772171
"4603",2004,192,18,80.9275,129.513,48.605,53.69,16.345,26.63,0.7956,2.335,0.28575,14.6270723765084,0.885127554337524
"4604",2004,192,19,91.1525,7.383,2.585,0.815,0.29,24.73,0.8777,2.28,0.28575,14.6242914455182,0.886038304397263
"4605",2004,192,20,100.612,0,0,0,0,23.835,0.90315,2.655,0.28575,14.6339112503936,0.886892563425849
"4606",2004,192,21,108.4165,0.046,0,0,0.005,23.16,0.93045,2.115,0.28575,14.6345685052989,0.887711434230022
"4607",2004,192,22,114.181,0.023,0,0,0.005,23.08,0.88615,2.94,0.28575,14.6347208960321,0.888512561415133
"4608",2004,192,23,117.3195,0,0,0,0,22.685,0.8835,1.855,0.28575,14.6348814981089,0.889302234828791
"4609",2004,193,0,117.4285,0.023,0,0,0,22.6,0.8935,1.78,0,14.6350504498588,0.890080199104868
"4610",2004,193,1,114.493,0.023,0,0,0,21.93,0.93505,2,0,14.6352167797275,0.890839336693495
"4611",2004,193,2,108.8935,0.414,0,0,0.005,21.405,0.96155,2.34,0,14.6353762823749,0.891568017590058
"4612",2004,193,3,101.2115,0.46,0,0,0.01,20.88,0.96865,1.925,0,14.6355207277075,0.892269239747526
"4613",2004,193,4,91.8775,8.395,2.69,1.35,0.355,20.465,0.97415,2.07,0,14.6358704954412,0.892945419221803
"4614",2004,193,5,81.664,136.712,56.585,63.815,15.71,20.58,0.97655,2.08,0,14.6416661211604,0.893613531655953
"4615",2004,193,6,70.812,364.78,145.915,172.07,38.795,21.89,0.9687,2.465,0,14.6397561724433,0.894319511287071
"4616",2004,193,7,59.508,834.463,325.955,403.045,89.705,23.565,0.92015,2.33,0,14.6397147201003,0.895101308189566
"4617",2004,193,8,48.069,564.949,234.655,287.485,63.205,24.21,0.89595,2.84,0,14.6397140950897,0.895938071671765
"4618",2004,193,9,36.873,1008.573,412.725,514.875,106.91,24.915,0.8644,2.23,0,14.6397141564434,0.896804463475444
"4619",2004,193,10,26.6925,1055.884,443.565,554.115,112.07,26.63,0.79775,2.43,0,14.6397143824042,0.897718809782909
"4620",2004,193,11,19.5995,1350.79,552.315,698.76,136.9,27.435,0.7608,3.645,0,14.6397142117895,0.89867664849391
"4621",2004,193,12,19.329,1258.215,512.69,651.63,122.88,28.025,0.7416,3.72,0,14.6397141910909,0.899654702235297
"4622",2004,193,13,26.0835,1650.871,662.275,844.96,160.7,28.665,0.72675,3.845,0,14.6397141070195,0.900648111219575
"4623",2004,193,14,36.1465,1502.268,596.925,765.54,151.355,29.455,0.65375,5.22,0,14.6397141152495,0.901656311635744
"4624",2004,193,15,47.3115,1248.371,486.735,624.425,133.53,29.785,0.6483,4.59,0,14.6397141263958,0.902673887501488
"4625",2004,193,16,58.754,704.214,275.06,347.47,81.65,29.325,0.7162,4.71,0,14.6397141229035,0.903690474237298
"4626",2004,193,17,70.086,118.013,45.875,52.52,12.485,25.305,0.80175,5.3,0,14.6397139474876,0.904653129132369
"4627",2004,193,18,80.9925,20.194,7.695,5.675,2.38,22.85,0.89305,3.445,0,14.5989595696874,0.905497540647899
"4628",2004,193,19,91.223,4.393,1.51,0.31,0.51,22.455,0.9216,2.845,0,14.5522581748999,0.906275979118293
"4629",2004,193,20,100.7,0.46,0,0,0.025,22.11,0.94015,1.47777777777778,0,14.5526754304488,0.907036032111194
"4630",2004,193,21,108.5225,0.46,0,0,0,21.685,0.9548,1.85,0,14.5528225842119,0.907776557764915
"4631",2004,193,22,114.302,0.46,0,0,0.01,21.325,0.95815,2.385,0,14.5529898615672,0.908496816623571
"4632",2004,193,23,117.4535,0.46,0,0,0.075,21.32,0.94895,2.885,0,14.5531785430648,0.909207543320555
"4633",2004,194,0,117.569,0.46,0,0,0.085,21.165,0.95065,2.7,0,14.5533761366078,0.909914062067774
"4634",2004,194,1,114.633,0.46,0,0,0.04,20.91,0.95545,2.88,0,14.5535690027379,0.910609740875897
"4635",2004,194,2,109.029,0.46,0,0,0.03,20.575,0.9635,2.73,0,14.5537449010681,0.911289681298342
"4636",2004,194,3,101.3395,0.46,0,0,0,20.48,0.97005,1.315,0,14.5538904601047,0.911958063901404
"4637",2004,194,4,91.991,6.095,2.195,2.745,0.615,20.57,0.9736,3.125,0,14.5541207630257,0.912626311630783
"4638",2004,194,5,81.774,43.079,18.105,22.63,4.525,20.99,0.96395,4.95,0,14.5536856216167,0.913308256253371
"4639",2004,194,6,70.9195,324.185,128.345,161.05,32.705,21.6,0.94835,2.425,0,14.5339421404748,0.914017506434223
"4640",2004,194,7,59.6125,741.428,284.775,360.81,76.035,23.105,0.88325,4.085,0,14.5335058549698,0.914780826182496
"4641",2004,194,8,48.172,1240.988,488.215,611.665,120.16,24.8,0.80065,4.95,0,14.5334992932972,0.91562014531629
"4642",2004,194,9,36.9815,1404.656,565.09,710.33,133.64,26.345,0.75005,5.515,0,14.5334991895066,0.91652705458853
"4643",2004,194,10,26.815,1790.757,724.425,918.655,166.655,27.255,0.7165,5.575,0,14.5334992145656,0.917477533157446
"4644",2004,194,11,19.7405,1479.475,601.75,761.78,143.8,27.59,0.713,4.895,0,14.5334992772453,0.918447105732347
"4645",2004,194,12,19.4555,1667.73,675.72,861.44,157.11,27.86,0.71435,4.31,0,14.5334994783679,0.919425093206537
"4646",2004,194,13,26.174,1481.246,600.915,766.14,148.44,28.335,0.71865,4.505,0,14.5334992943236,0.920412643359841
"4647",2004,194,14,36.213,1327.905,540.17,687.095,140.185,28.69,0.71755,5.45,0,14.5334993026659,0.921409906123548
"4648",2004,194,15,47.3695,1089.211,434.78,553.235,119.62,28.88,0.72125,5.185,0,14.5334992221436,0.922412954792045
"4649",2004,194,16,58.812,830.438,321.505,411.295,96.52,28.87,0.7209,4.265,0,14.5334992261472,0.923417809373858
"4650",2004,194,17,70.147,448.155,173.8,215.125,56.42,28.64,0.7414,3,0,14.5334992130119,0.924420242888171
"4651",2004,194,18,81.0605,188.439,72.66,85.25,27.965,28.02,0.78515,2.47,0,14.5334990899469,0.925413311492273
"4652",2004,194,19,91.3375,11.063,4.19,2.855,0.8,26.6,0.8551,2.3,0,14.5351129194599,0.926379172062638
"4653",2004,194,20,100.7955,0.322,0,0,0,25.595,0.8925,1.43,0,14.5518495467554,0.92730576765716
"4654",2004,194,21,108.6315,0.46,0,0,0,24.635,0.91925,1.04,0,14.5527784200113,0.928194992365981
"4655",2004,194,22,114.428,0.46,0,0,0,23.55,0.95,1.66,0,14.552957153662,0.929040822101324
"4656",2004,194,23,117.5935,0.46,0,0,0,22.625,0.94425,2.085,0,14.5531441614177,0.929840284028134
"4657",2004,195,0,117.7155,0.46,0,0,0,21.88,0.94555,1.18,0.60325,14.5533410011074,0.930598781671431
"4658",2004,195,1,114.778,0.46,0,0,0,21.14,0.9654,1.795,0.60325,14.5535339691017,0.931319262584412
"4659",2004,195,2,109.1685,0.46,0,0,0,20.63,0.9693,1.885,0.60325,14.553709889622,0.932006812296482
"4660",2004,195,3,101.47,0.46,0,0,0,20.04,0.9737,1.5,0.60325,14.5538570419807,0.93266475406345
"4661",2004,195,4,92.108,9.867,3.145,2.185,1.015,19.62,0.97705,0.52,0.60325,14.5543268611294,0.933295117296001
"4662",2004,195,5,81.887,152.306,53.22,65.715,22.3,19.06,0.97765,0.815384615384615,0.60325,14.5663094319482,0.933898404032923
"4663",2004,195,6,71.028,511.773,201.265,242.505,62.075,21.015,0.97065,1.2,0.60325,14.5647010337193,0.934539940428804
"4664",2004,195,7,59.717,885.937,356.025,443.065,98.38,24.58,0.84605,1.155,0.60325,14.5646652404705,0.935323931537366
"4665",2004,195,8,48.2795,1169.573,468.59,592.17,121.085,25.74,0.7625,2.68,0.60325,14.5646648476126,0.936214887501156
"4666",2004,195,9,37.095,1090.798,451.255,562.34,110.575,26.55,0.7471,2.52,0.60325,14.5646648449844,0.937143247681022
"4667",2004,195,10,26.944,1682.91,690.64,877.005,158.625,27.485,0.7631,3.27,0.60325,14.5646646854162,0.938100571187757
"4668",2004,195,11,19.8875,1409.417,584.235,740.745,136.335,28.7,0.759,3.24,0.60325,14.5646647087402,0.939087676647326
"4669",2004,195,12,19.589,1708.003,705.275,901.775,162.17,29.925,0.715,3.915,0.60325,14.5646647742676,0.940100051801285
"4670",2004,195,13,26.269,1458.338,613.165,780.26,148.525,30.555,0.7124,5.215,0.60325,14.5646649761417,0.941125144758971
"4671",2004,195,14,36.287,350.106,150.905,183.615,40.99,29.235,0.71865,4.9,0.60325,14.5646647303482,0.942145944961008
"4672",2004,195,15,47.434,6.969,0.93,1.54,2.705,20.78,0.82175,8.9,0.60325,14.4640431787738,0.943018220014562
"4673",2004,195,16,58.8745,36.846,14.525,20.315,5.79,19.85,0.90355,4.435,0.60325,14.1198391156591,0.943675043561846
"4674",2004,195,17,70.214,505.172,192.07,260.655,68.585,23.585,0.79565,3.115,0.60325,14.1054945511817,0.944404982332008
"4675",2004,195,18,81.136,186.829,55.85,84.655,28.805,24.18,0.8488,3.41,0.60325,14.1058809314127,0.94524152919569
"4676",2004,195,19,91.42,13.754,2.25,3.895,1.715,22.99,0.91255,2.915,0.60325,14.1220007214014,0.946064321844191
"4677",2004,195,20,100.8955,0.46,0,0,0.025,22.58,0.9257,2.915,0.60325,14.1626249605636,0.946849250158049
"4678",2004,195,21,108.75,0.46,0,0.11,0.02,22.5,0.92975,3.41,0.60325,14.163811305422,0.947622154965719
"4679",2004,195,22,114.5625,0.552,0,0.19,0.005,23.085,0.9178,3.02,0.60325,14.1640062453673,0.948407427723702
"4680",2004,195,23,117.739,0.345,0,0.035,0.07,23.06,0.8464,2.91,0.60325,14.1642026761529,0.949206282619389
"4681",2004,196,0,117.867,0.299,0,0,0.005,20.59,0.8299,3.055,0,14.1643970613964,0.949942501752829
"4682",2004,196,1,114.9295,0.46,0,0,0,19.14,0.8476,3.525,0,14.1645879788641,0.950574687595447
"4683",2004,196,2,109.3125,0.46,0,0,0.005,18.395,0.841,3.27,0,14.1647648633503,0.951146056466345
"4684",2004,196,3,101.6065,0.46,0,0,0,17.325,0.87545,2.47,0,14.1649098864466,0.951666466807692
"4685",2004,196,4,92.2255,10.879,4.09,5.085,0.995,16.745,0.8956,2.75,0,14.1654694146797,0.952140464869681
"4686",2004,196,5,82.003,194.419,67.985,93.625,25.64,16.97,0.89635,2.89,0,14.1855599176121,0.952604492163961
"4687",2004,196,6,71.139,535.463,216.095,281.605,65.51,18.72,0.84675,3.915,0,14.1842691996521,0.953124050639421
"4688",2004,196,7,59.825,909.788,361.525,464.025,102.5,20.395,0.7769,5.29,0,14.18423948571,0.95373927337326
"4689",2004,196,8,48.3875,1213.664,504.355,636.27,131.915,21.64,0.72305,5.51,0,14.1842390292362,0.954433771863612
"4690",2004,196,9,37.2095,1496.265,646.045,802.975,156.93,22.495,0.6855,5.43,0,14.1842390842564,0.955182905341715
"4691",2004,196,10,27.0765,1696.802,750.195,922.725,172.53,23.345,0.65215,6.055,0,14.1842392959198,0.955974324073095
"4692",2004,196,11,20.039,1800.969,804.135,988.415,184.28,24.065,0.62735,6.89,0,14.1842391598053,0.956802768513553
"4693",2004,196,12,19.728,1716.329,762.43,939.81,177.38,24.675,0.6118,5.935,0,14.1842390697179,0.957660905741896
"4694",2004,196,13,26.3705,1567.059,690.565,856.21,165.645,25.11,0.60555,5.525,0,14.1842390971419,0.95854118887611
"4695",2004,196,14,36.3655,1382.162,594.09,746.265,152.175,25.44,0.59745,5.585,0,14.1842390392164,0.95943695365445
"4696",2004,196,15,47.5035,1024.581,424.725,549.13,124.405,25.405,0.61425,5.015,0,14.184239049148,0.96033853169036
"4697",2004,196,16,58.942,632.293,243.665,322.855,79.19,25.095,0.63685,4.435,0,14.1842390479845,0.961233307348382
"4698",2004,196,17,70.287,497.651,196.53,253.905,72.76,25.2,0.64385,3.7,0,14.1842388976958,0.962124004561456
"4699",2004,196,18,81.2145,187.335,76.595,93.955,32.215,24.2,0.70065,3.235,0,14.1842390262718,0.962996130469068
"4700",2004,196,19,91.5085,13.11,5.045,3.46,1.99,21.965,0.79185,3.075,0,14.1986637043225,0.963794813481332
"4701",2004,196,20,101.004,0,0,0,0,20.965,0.83685,2.755,0,14.2361964416244,0.964512907771491
"4702",2004,196,21,108.8725,0.046,0,0,0,19.155,0.90545,1.94,0,14.2373367343267,0.965155703655419
"4703",2004,196,22,114.7,0.368,0,0,0.005,18.935,0.8888,2.22,0,14.2375087472235,0.965742587672578
"4704",2004,196,23,117.8905,0.322,0,0,0,18.59,0.89425,1.67,0,14.2376929911446,0.966313688094172
"4705",2004,197,0,118.0265,0.46,0,0,0,18.01,0.91215,2.175,0,14.2378873007768,0.966858847540908
"4706",2004,197,1,115.087,0.46,0,0,0,18.055,0.91555,2.065,0,14.2380815561556,0.967388970876509
"4707",2004,197,2,109.4625,0.46,0,0,0,17.32,0.93735,1.9,0,14.2382571273134,0.967899675048772
"4708",2004,197,3,101.745,0.46,0,0,0,17.04,0.93375,2.085,0,14.2384019203437,0.968381819339501
"4709",2004,197,4,92.386,8.901,3.66,2.215,0.82,16.57,0.94155,1.77,0,14.2387784435995,0.968842904920641
"4710",2004,197,5,82.1205,161.161,64.59,74.545,23.03,16.68,0.93265,2.185,0,14.2541155783269,0.969293899033901
"4711",2004,197,6,71.2515,483.138,194.755,237.06,63.28,18.47,0.8952,2.485,0,14.2525947260986,0.969798277005682
"4712",2004,197,7,59.935,846.722,346.085,439.89,102.275,20.37,0.8392,2.82,0,14.2525600299199,0.970405863673165
"4713",2004,197,8,48.4975,1182.706,494.87,633.76,133.46,22.31,0.79995,2.345,0,14.2525594836353,0.97111717843182
"4714",2004,197,9,37.329,1460.477,621.555,797.135,154.665,24.22,0.6988,2.6,0,14.2525595320223,0.971924709089682
"4715",2004,197,10,27.212,1633.069,700.295,902.08,169.385,25.26,0.62845,3.385,0,14.2525597048214,0.97279849909102
"4716",2004,197,11,20.196,1677.62,727.46,940.02,178.015,25.83,0.55605,3.24,0,14.2525597197803,0.973704751659946
"4717",2004,197,12,19.874,1666.373,723.48,933.365,179.045,26.145,0.52655,3.675,0,14.2525594986256,0.974627572722006
"4718",2004,197,13,26.48,1356.103,584.66,753.48,154.04,26.175,0.52485,3.72,0,14.2525595123982,0.975556600687694
"4719",2004,197,14,36.449,1046.845,452.285,579.02,126.795,25.995,0.54585,3.21,0,14.2525595416749,0.976482950218623
"4720",2004,197,15,47.577,1185.788,498.83,644.86,142.65,26.515,0.52745,2.905,0,14.2525595953427,0.977415265907873
"4721",2004,197,16,59.017,857.831,352.43,457.195,111.545,26.565,0.54715,2.435,0,14.2525595138429,0.978357395834159
"4722",2004,197,17,70.365,474.283,193.32,243.48,68.775,26.44,0.57375,1.69,0,14.2525594936087,0.979298262841934
"4723",2004,197,18,81.299,160.701,65.82,74.39,22.935,25.99,0.6458,0.82,0,14.2525595009631,0.980229190379007
"4724",2004,197,19,91.6015,9.039,3.675,1.535,0.01,23.735,0.73215,1.17,0,14.2671906060301,0.981107379069827
"4725",2004,197,20,101.1165,0.046,0,0,0,22.51,0.75975,1.53,0,14.2950527554963,0.98190842947374
"4726",2004,197,21,109.003,0,0,0,0,21.62,0.78905,1.085,0,14.2959876190531,0.982657429633635
"4727",2004,197,22,114.8465,0,0,0,0,20.4,0.8342,1.635,0,14.2961462866205,0.98335153499598
"4728",2004,197,23,118.049,0.184,0,0,0,19.38,0.8638,1.95,0,14.2963142746703,0.983985148473604
"4729",2004,198,0,118.192,0.46,0,0,0,19.77,0.8336,1.465,0,14.296502477578,0.98460145745539
"4730",2004,198,1,115.248,0.46,0,0,0,19.155,0.85745,2.02,0,14.2966965380005,0.985211532849414
"4731",2004,198,2,109.615,0.46,0,0,0,18.115,0.9197,1.205,0,14.2968720730363,0.985775471743171
"4732",2004,198,3,101.8865,0.46,0,0,0,17.805,0.93885,0.97,0,14.2970169880547,0.986301514889838
"4733",2004,198,4,92.514,7.774,2.725,1.39,0.51,17.31,0.95685,1.54,0,14.2973228411148,0.986804901090568
"4734",2004,198,5,82.24,150.029,59.1,67.945,20.66,17.17,0.93525,0.955,0,14.3099266706124,0.987290419047899
"4735",2004,198,6,71.3665,455.768,185.615,225.605,60.215,19.585,0.87245,1.205,0,14.3082505226582,0.987839839255602
"4736",2004,198,7,60.047,833.129,344.345,434.77,101.05,22.645,0.7494,1.41,0,14.3082125952288,0.988538859297628
"4737",2004,198,8,48.612,1147.286,476.135,612.78,129.755,24.405,0.6521,2.625,0,14.3082120568557,0.989358635342289
"4738",2004,198,9,37.4495,1405.185,592.83,763.04,151.16,25.395,0.59485,3.05,0,14.3082122047229,0.990239088942002
"4739",2004,198,10,27.3485,1600.317,681.575,876.745,165.085,26.09,0.56565,3.195,0,14.3082120182308,0.991152799421862
"4740",2004,198,11,20.36,1588.38,684.1,878.11,169.38,26.655,0.54745,3.205,0,14.3082120336279,0.992089177323969
"4741",2004,198,12,20.026,1495.161,646.22,827.84,162.89,27.025,0.54455,2.57,0,14.308212070415,0.993041091260468
"4742",2004,198,13,26.595,1425.448,613.995,788.74,157.145,27.125,0.57235,2.685,0,14.3082121777017,0.994000383255345
"4743",2004,198,14,36.54,1345.454,569.66,736.01,152.025,27.65,0.5528,2.265,0,14.3082124720236,0.994968910010709
"4744",2004,198,15,47.657,736.598,316.61,399.59,90.85,27.3,0.577,2.28,0,14.3082120401223,0.995939977088962
"4745",2004,198,16,59.096,446.384,191.575,238.135,55.77,26.765,0.65705,1.575,0,14.3082120413787,0.996897898893756
"4746",2004,198,17,70.446,396.957,166.135,207.115,56.945,27.41,0.62765,0.805,0,14.3082119725815,0.997857479502113
"4747",2004,198,18,81.3895,135.516,57.85,65.095,18.82,26.85,0.67005,0.54,0,14.3082119970162,0.998818377243666
"4748",2004,198,19,91.699,8.487,3.565,1.69,0.085,24.805,0.76035,0.995,0,14.3218645111805,0.999734518159868
"4749",2004,198,20,101.234,0.161,0,0,0,24.335,0.73555,0.86,0,14.344150598989,1.00042776275945
"4750",2004,198,21,109.137,0,0,0,0.455,22.28,0.82195,3.425,0,14.3449658092476,1.00094944962494
"4751",2004,198,22,114.999,0,0,0,0.13,19.28,0.90695,2.815,0,14.3451221808851,1.00147492407092
"4752",2004,198,23,118.215,0.023,0,0,0,18.675,0.92565,2.245,0,14.3452858123944,1.00199243761426
"4753",2004,199,0,118.3615,0.069,0,0,0.01,18.725,0.915,1.745,0.973666666666667,14.3454588354076,1.00250770951507
"4754",2004,199,1,115.417,0.115,0,0,0.18,18.775,0.89725,5.25,0.973666666666667,14.3456298824404,1.00302338111172
"4755",2004,199,2,109.773,0.023,0,0,0.01,19.195,0.7874,3.405,0.973666666666667,14.3457850378988,1.00354090353588
"4756",2004,199,3,102.0335,0.046,0,0,0.09,17.635,0.8814,2.78,0.973666666666667,14.3459103545306,1.00405325417889
"4757",2004,199,4,92.641,7.475,2.55,1.285,0.685,17.1,0.9384,3.195,0.973666666666667,14.3461827937761,1.0045544209203
"4758",2004,199,5,82.364,78.867,31.66,34.035,7.525,17.395,0.95785,3.22,0.973666666666667,14.3517409640868,1.00505369814506
"4759",2004,199,6,71.4845,146.832,65.32,78.52,18.67,18.575,0.9504,3.15,0.973666666666667,14.3481210622928,1.00556129410894
"4760",2004,199,7,60.162,234.301,103.46,128.63,31.26,18.945,0.932,3.88,0.973666666666667,14.3480389693156,1.0060766693904
"4761",2004,199,8,48.726,564.489,250.365,313.995,73.95,20.105,0.86915,4.2,0.973666666666667,14.3480377615743,1.00659744136022
"4762",2004,199,9,37.5725,790.395,348.565,442.37,101.525,21.19,0.8182,4.685,0.973666666666667,14.3480377914349,1.0071231661884
"4763",2004,199,10,27.493,1035.046,454.83,582.82,128.18,22.085,0.78375,4.435,0.973666666666667,14.3480377127663,1.00765005096906
"4764",2004,199,11,20.527,1291.174,564.905,728.85,157.68,22.6,0.7665,5.155,0.973666666666667,14.3480377253255,1.00817590296965
"4765",2004,199,12,20.1855,1485.294,638.505,822.115,161.755,23.155,0.73335,4.85,0.973666666666667,14.3480377496746,1.00869983937059
"4766",2004,199,13,26.7165,1330.274,572.86,737.935,150.935,23.845,0.7095,4.335,0.973666666666667,14.3480378142685,1.00922034889891
"4767",2004,199,14,36.635,1338.715,570.935,739.05,159.14,23.865,0.72455,5.705,0.973666666666667,14.3480379866478,1.00973840814823
"4768",2004,199,15,47.7435,984.837,422.735,548.24,128.42,23.73,0.72555,5.68,0.973666666666667,14.3480377464954,1.0102569010204
"4769",2004,199,16,59.1785,635.973,266.085,341.56,86.715,22.81,0.7276,5.485,0.973666666666667,14.3480377461797,1.01077876626855
"4770",2004,199,17,70.5345,355.902,149.865,185.36,49.015,22.405,0.7836,4.98,0.973666666666667,14.3480375994698,1.01130380257163
"4771",2004,199,18,81.4845,167.21,73.19,89.65,29.13,22.32,0.809,4.34,0.973666666666667,14.3480377267227,1.01182963473891
"4772",2004,199,19,91.8015,9.246,3.64,2.595,1.14,20.985,0.85875,2.94,0.973666666666667,14.3577759326074,1.01235566750414
"4773",2004,199,20,101.3585,0.023,0,0,0.08,20.025,0.8878,2.955,0.973666666666667,14.3817093247214,1.01287783087993
"4774",2004,199,21,109.2795,0,0,0,0.185,19.265,0.9015,4.05,0.973666666666667,14.3826233459375,1.01339443326161
"4775",2004,199,22,115.1565,0,0,0,0.17,18.235,0.92995,3.005,0.973666666666667,14.3827806362204,1.01390462464964
"4776",2004,199,23,118.3865,0,0,0,0.18,17.605,0.9432,2.875,0.973666666666667,14.3829431118119,1.01440697043437
"4777",2004,200,0,118.535,0.184,0,0,0.125,16.95,0.94925,2.26,0,14.3831178850592,1.01490182775397
"4778",2004,200,1,115.5865,0.46,0,0,0.12,16.565,0.95635,3.01,0,14.3833004775331,1.01538981460859
"4779",2004,200,2,109.935,0.46,0,0,0.165,16.285,0.95995,2.815,0,14.3834757372801,1.01587300022895
"4780",2004,200,3,102.183,0.46,0,0,0.125,15.795,0.9601,2.73,0,14.3836222336549,1.01635023529699
"4781",2004,200,4,92.773,5.336,1.875,0.96,0.605,15.33,0.96675,2.32,0,14.3838265723237,1.01681957434522
"4782",2004,200,5,82.4885,63.273,26.85,29.71,6.96,15.885,0.97135,3.16,0,14.3856945526398,1.01728953244567
"4783",2004,200,6,71.6035,166.911,72.735,89.29,21.395,16.245,0.98485,3.665,0,14.3796287487965,1.01776729640199
"4784",2004,200,7,60.276,317.837,142.645,177.5,41.765,17.085,0.97615,3.33,0,14.3794896630648,1.01825442260657
"4785",2004,200,8,48.8435,775.422,340.235,433.875,99.805,18.725,0.90565,3.59,0,14.3794875656841,1.01875681650394
"4786",2004,200,9,37.6985,1479.728,633.755,823.87,171.53,20.725,0.81475,3.915,0,14.3794875625613,1.01927382887862
"4787",2004,200,10,27.6385,1482.81,635.285,820.98,156.33,22.445,0.7516,3.26,0,14.3794875268241,1.01979581792799
"4788",2004,200,11,20.6985,1658.76,717.37,932.635,176.14,23.865,0.67455,4.02,0,14.3794875427076,1.02031356905742
"4789",2004,200,12,20.351,1639.417,710.85,925.725,176.615,24.655,0.6333,4.335,0,14.3794875778053,1.02082363139549
"4790",2004,200,13,26.843,1596.2,698.435,909.175,182.83,25.33,0.6066,4.11,0,14.3794876771512,1.02132624766634
"4791",2004,200,14,36.7375,1274.821,547.115,706.58,147.475,25.645,0.5772,3.485,0,14.3794879485131,1.02182283614009
"4792",2004,200,15,47.835,1078.999,458.665,595.165,136.365,25.91,0.56295,3.205,0,14.3794875539059,1.02231547755756
"4793",2004,200,16,59.268,756.631,318.835,416.025,104.565,25.865,0.57915,2.745,0,14.3794875559926,1.0228065542303
"4794",2004,200,17,70.6285,357.742,149.02,185.26,53.495,25.415,0.618,2.255,0,14.3794874844407,1.02330108622012
"4795",2004,200,18,81.586,145.222,61.04,72.7,23.955,24.145,0.7154,2.35,0,14.3794875177303,1.02380589284847
"4796",2004,200,19,91.948,9.062,3.45,2.175,0.605,22.54,0.7867,2.585,0,14.3873084235137,1.02432193994914
"4797",2004,200,20,101.489,0.023,0,0,0,22.06,0.77705,2.73,0,14.4066344798121,1.02484070012525
"4798",2004,200,21,109.4265,0.046,0,0,0,20.31,0.8554,2.19,0,14.4074530291641,1.02535845411221
"4799",2004,200,22,115.3225,0.023,0,0,0,19.335,0.88595,1.1,0,14.407609753177,1.02587224185012
"4800",2004,200,23,118.563,0.276,0,0,0,18.985,0.8736,1.04,0,14.4077791616929,1.02638206778437
"4801",2004,201,0,118.716,0.46,0,0,0,17.9,0.91555,0.245,0,14.4079700631568,1.02688591832738
"4802",2004,201,1,115.764,0.46,0,0,0,17.165,0.95435,1.675,0,14.4081636925572,1.02738031850143
"4803",2004,201,2,110.102,0.46,0,0,0,16.5,0.95745,1.575,0,14.408340016457,1.0278658285396
"4804",2004,201,3,102.3355,0.46,0,0,0,16.06,0.95725,0.885,0,14.4084866622694,1.02834339948097
"4805",2004,201,4,92.9445,4.554,1.71,0.665,0.21,15.91,0.9673,0.495,0,14.4086699118534,1.02881639181793
"4806",2004,201,5,82.6145,91.908,44.065,51.41,13.63,16.02,0.9707,0.48,0,14.415253144035,1.02928860711737
"4807",2004,201,6,71.7255,299.621,144.925,174.545,45.175,17.29,0.95245,0.465,0,14.4121546725612,1.02977076784294
"4808",2004,201,7,60.395,598.207,276.945,348.5,86.915,20.21,0.849,1.35,0,14.4120833694902,1.03027579423371
"4809",2004,201,8,48.963,925.083,419.815,536.23,125.125,22.33,0.7657,1.92,0,14.4120823552029,1.03079268550435
"4810",2004,201,9,37.827,1246.761,557.525,714.545,153.625,23.875,0.68165,2.615,0,14.4120823293931,1.03130586614864
"4811",2004,201,10,27.788,1462.731,652.37,837.985,169.46,25.055,0.57555,2.445,0,14.4120822736299,1.0318092099061
"4812",2004,201,11,20.876,1112.234,488.89,624.15,127.905,25.375,0.5995,2.175,0,14.4120823099148,1.0323046191562
"4813",2004,201,12,20.523,1422.918,633.18,818.52,166.06,26.015,0.58775,2.07,0,14.4120824218163,1.03279379514944
"4814",2004,201,13,26.9785,988.954,435.22,558.52,121.74,26.09,0.5945,2.555,0,14.4120827778275,1.03327790793276
"4815",2004,201,14,36.8445,1215.504,522.22,676.465,147.725,26.44,0.5594,3.46,0,14.4120822935855,1.03375875209588
"4816",2004,201,15,47.9295,1148.229,487.09,635.065,148.225,26.82,0.5458,3.685,0,14.4120823139734,1.03423364329883
"4817",2004,201,16,59.364,471.316,203.365,255.435,61.415,26.22,0.5907,3.215,0,14.4120823101398,1.03471034505012
"4818",2004,201,17,70.7265,473.087,198.62,251.885,72.635,26.18,0.62035,2.87,0,14.4120822739657,1.03519221783409
"4819",2004,201,18,81.691,156.331,66.94,79.065,24.63,25.35,0.69205,1.825,0,14.4120821719179,1.03568038578459
"4820",2004,201,19,92.065,5.842,2.22,1.03,0.62,23.14,0.80125,2.435,0,14.4172758228406,1.03618489139502
"4821",2004,201,20,101.624,0.207,0,0,0,22.745,0.7884,1.805,0,14.4342257180173,1.03669711943183
"4822",2004,201,21,109.581,0,0,0,0,21.695,0.8508,2.535,0,14.4350051157884,1.03721035843614
"4823",2004,201,22,115.493,0,0,0,0,20.96,0.8634,2.13,0,14.4351592173166,1.03772436369296
"4824",2004,201,23,118.745,0,0,0,0,20.235,0.8866,2.49,0,14.4353208400378,1.03823714428735
"4825",2004,202,0,118.9035,0.069,0,0,0,19.135,0.90735,2.44,0,14.4354922983261,1.03874605176329
"4826",2004,202,1,115.9445,0.276,0,0,0,18.665,0.9073,2.545,0,14.4356670337609,1.03924985058762
"4827",2004,202,2,110.271,0.437,0,0,0.005,18.15,0.91845,2.455,0,14.4358365023291,1.03974944547002
"4828",2004,202,3,102.4915,0.46,0,0,0,17.715,0.93375,2.925,0,14.4359827615137,1.0402443496258
"4829",2004,202,4,93.0805,5.957,1.915,0.925,0.44,17.845,0.935,2.73,0,14.4362126388225,1.04073761112629
"4830",2004,202,5,82.7435,117.714,51.415,61.36,18.005,18.515,0.9278,2.635,0,14.4468680038453,1.0412341831321
"4831",2004,202,6,71.848,313.283,135.515,166.705,43.09,19.965,0.90915,2.8,0,14.444700050041,1.04173872399441
"4832",2004,202,7,60.5135,700.442,295.67,375.625,91.59,21.915,0.84955,3.82,0,14.4446503761245,1.04225044453913
"4833",2004,202,8,49.0835,747.477,322.285,406.6,95.41,23.855,0.7814,4.375,0,14.4446496051692,1.04275963977177
"4834",2004,202,9,37.9565,1178.796,507.32,648.23,141.135,24.97,0.75475,4.815,0,14.4446496797773,1.04325876481701
"4835",2004,202,10,27.941,1577.202,671.6,865.675,168.9,26.34,0.715,4.54,0,14.444649962348,1.04374367582427
"4836",2004,202,11,21.0585,1556.364,667.36,862.32,169.615,27.345,0.6853,4.695,0,14.4446496721535,1.04421033518012
"4837",2004,202,12,20.7015,1418.962,613.775,788.965,164.545,27.915,0.66865,4.63,0,14.4446498544722,1.04466222828694
"4838",2004,202,13,27.1185,1409.532,611.225,788.995,165.48,28.495,0.66175,4.355,0,14.4446497151121,1.04510189417229
"4839",2004,202,14,36.958,887.869,382.385,488.025,111.26,28.56,0.6478,4.265,0,14.4446496399025,1.04553424063122
"4840",2004,202,15,48.031,896.195,381.76,488.01,113.405,28.88,0.64705,4.345,0,14.4446496477554,1.04596199786601
"4841",2004,202,16,59.4635,560.74,241.42,305.2,76.335,28.565,0.6774,4.01,0,14.4446496205556,1.04638969529357
"4842",2004,202,17,70.8315,317.469,132.84,162.265,44.37,27.79,0.7119,3.655,0,14.4446496087581,1.04682993349767
"4843",2004,202,18,81.803,89.838,38.69,43.385,11.055,26.7,0.7604,2.65,0,14.4446495014412,1.04728923847969
"4844",2004,202,19,92.185,5.451,2.245,0.965,0.38,25.32,0.8241,2.565,0,14.4467113522231,1.04776901074105
"4845",2004,202,20,101.7675,0.092,0,0,0,23.685,0.88565,2.47,0,14.4558913350904,1.04826611523476
"4846",2004,202,21,109.7395,0.46,0,0,0,23,0.9088,3,0,14.4563888172844,1.0487717180543
"4847",2004,202,22,115.67,0.46,0,0,0,22.93,0.90435,3.575,0,14.4565611977561,1.04927929128438
"4848",2004,202,23,118.9335,0.46,0,0,0,22.465,0.91395,2.785,0,14.4567496439227,1.04978792230321
"4849",2004,203,0,119.0955,0.46,0,0,0,21.755,0.93325,2.395,0,14.4569473800632,1.05029813823218
"4850",2004,203,1,116.1315,0.46,0,0,0,21.4,0.94215,2.35,0,14.4571410252929,1.05080893963082
"4851",2004,203,2,110.444,0.46,0,0,0,21.32,0.9411,2.93,0,14.4573171456101,1.05131970774322
"4852",2004,203,3,102.651,0.46,0,0,0.015,21.4,0.93335,3.1,0,14.4574643120058,1.05183045155652
"4853",2004,203,4,93.2195,4.761,1.485,0.55,0.375,21.25,0.93775,2.655,0,14.4576540928464,1.05234115108535
"4854",2004,203,5,82.8735,88.849,37.395,43.05,10.465,21.07,0.94885,2.21,0,14.4631044805086,1.05285129527454
"4855",2004,203,6,71.974,288.144,122.165,149.73,37.145,21.995,0.9229,3.03,0,14.4598293920764,1.05336134576125
"4856",2004,203,7,60.635,453.675,183.865,228.17,54.205,22.965,0.8916,3.615,0,14.4597545250459,1.0538701494546
"4857",2004,203,8,49.2055,884.81,373.125,475.765,109.075,24.94,0.8463,4.215,0,14.4597534293595,1.0543706204872
"4858",2004,203,9,38.09,1201.06,511.22,657.56,144.17,26.12,0.82335,4.54,0,14.4597534627322,1.05485510190444
"4859",2004,203,10,28.097,1442.882,611.995,787.7,162.61,27.635,0.802,4.485,0,14.4597533767646,1.05531890010076
"4860",2004,203,11,21.2465,1390.005,591.235,762.225,156.755,29.205,0.78115,4.195,0,14.4597533897579,1.05575145719341
"4861",2004,203,12,20.8845,1447.091,613.615,794.445,162.405,30.335,0.75675,5.1,0,14.4597534163875,1.05614997150526
"4862",2004,203,13,27.2655,1584.838,671.025,870.42,185.275,31.31,0.71665,5.66,0,14.4597534891203,1.05651729138609
"4863",2004,203,14,37.078,757.896,323.155,410.75,96.995,31.225,0.72205,4.98,0,14.4597536853557,1.05687032520474
"4864",2004,203,15,48.1395,694.094,299.59,381.67,94.08,31.325,0.7438,4.22,0,14.4597534065429,1.05722310911678
"4865",2004,203,16,59.568,485.76,205.325,257.67,63.5,30.815,0.7402,5.83,0,14.4597534071935,1.05758259887244
"4866",2004,203,17,70.941,223.1,94.385,114.13,32.16,29.865,0.74805,5.06,0,14.4597532933935,1.05796475098156
"4867",2004,203,18,81.92,141.174,56.555,65.55,22.015,29.325,0.77515,5.03,0,14.4597533858359,1.0583682180449
"4868",2004,203,19,92.309,2.254,0.935,0.11,0.315,28.065,0.83915,3.145,0,14.4614984083955,1.0587943508933
"4869",2004,203,20,101.915,0.391,0,0,0,27.36,0.8522,3.945,0,14.4741644597846,1.05924147213615
"4870",2004,203,21,109.906,0.46,0,0,0,26.785,0.893,2.405,0,14.4748341147591,1.0597000594566
"4871",2004,203,22,115.8515,0.46,0,0,0,26.085,0.90165,1.91,0,14.4750090957499,1.0601694362811
"4872",2004,203,23,119.128,0.46,0,0,0,25.715,0.91335,2.11,0,14.4751969974353,1.06064689173522
"4873",2004,204,0,119.293,0.46,0,0,0,25.07,0.9321,1.98,0,14.475394631652,1.06113102997873
"4874",2004,204,1,116.3225,0.644,0,0,0,24.365,0.9402,2.055,0,14.4755930975306,1.06162277649873
"4875",2004,204,2,110.6215,0.828,0,0,0,23.62,0.95275,2.5,0,14.475784905411,1.06212103302362
"4876",2004,204,3,102.8125,0.92,0,0,0,23.655,0.94955,2.345,0,14.4759530699184,1.0626219201284
"4877",2004,204,4,93.4005,5.359,1.84,0.815,0.34,23.43,0.9479,1.995,0,14.4761799010945,1.0631233934789
"4878",2004,204,5,83.007,135.861,51.705,60.815,19.855,23.075,0.953,1.79,0,14.4869190990879,1.06362575674394
"4879",2004,204,6,72.1015,460.437,180.61,217.72,63.635,24.435,0.924,1.87,0,14.4849837632841,1.06412408674811
"4880",2004,204,7,60.7595,795.409,320.585,409.4,100.375,25.84,0.861,2.625,0,14.4849397539524,1.06460967699814
"4881",2004,204,8,49.3305,1103.954,466.81,592.25,132.76,27.35,0.78535,2.005,0,14.4849391233862,1.06507481265934
"4882",2004,204,9,38.2245,580.451,255.48,322.185,76.645,27.68,0.7791,2.36,0,14.4849392443552,1.06552366820883
"4883",2004,204,10,28.258,1021.568,443.03,557.29,123.555,28.24,0.7718,3.045,0,14.4849390925887,1.06596342338742
"4884",2004,204,11,21.4365,595.907,257.69,323.08,75.065,28.365,0.7836,3.245,0,14.484939099492,1.06639577088918
"4885",2004,204,12,21.0755,486.496,207.245,261.535,62.64,27.98,0.8091,4.87,0,14.484939088438,1.06683097545491
"4886",2004,204,13,27.4185,110.239,41.735,48.74,12.315,24.945,0.85845,4.76,0,14.4849390940711,1.06729728306936
"4887",2004,204,14,37.203,175.858,76.515,92.01,23.175,23.71,0.9327,1.69,0,14.4849390999172,1.06779123361027
"4888",2004,204,15,48.252,126.615,54.065,65.195,16.94,24.575,0.8574,2.275,0,14.4849391066114,1.06828688300857
"4889",2004,204,16,59.679,249.228,109.15,134.055,32.12,24.05,0.89175,2.12,0,14.4849391082349,1.06878113619258
"4890",2004,204,17,71.054,71.369,31.335,35.785,9.11,23.58,0.9024,1.415,0,14.4849390644223,1.06927940576829
"4891",2004,204,18,82.0415,27.048,12.16,12.18,3.8,23.32,0.9231,1.07,0,14.4567604080468,1.06978223277492
"4892",2004,204,19,92.479,3.059,1.365,0.42,0.485,23.025,0.93385,1.245,0,14.4227278331342,1.07029126374536
"4893",2004,204,20,102.0675,0.46,0,0,0,22.915,0.93545,1.42,0,14.4233223629314,1.07080378991712
"4894",2004,204,21,110.077,0.46,0,0,0,22.705,0.95095,2.035,0,14.4234765037145,1.07131695841208
"4895",2004,204,22,116.0415,0.506,0,0,0,22.565,0.94465,2.125,0,14.4236466886357,1.07183078010962
"4896",2004,204,23,119.329,0.736,0,0,0,21.98,0.9479,2.05,0,14.4238462544306,1.07234561760559
"4897",2004,205,0,119.4965,0.92,0,0,0.015,21.94,0.9472,1.565,0,14.4240696718886,1.07286107078504
"4898",2004,205,1,116.5175,0.644,0,0,0,21.435,0.95925,1.84,0,14.4242873698105,1.07337673307754
"4899",2004,205,2,110.805,0.897,0,0,0.03,20.71,0.96575,2.48,0,14.4244811927578,1.07389210266921
"4900",2004,205,3,102.9785,0.92,0,0,0.13,20.48,0.9535,3.88,0,14.4246498140342,1.0744065273197
"4901",2004,205,4,93.5445,4.439,1.35,0.375,0.745,20.035,0.9495,4.905,0,14.4248428249428,1.07491979804138
"4902",2004,205,5,83.1415,143.451,59.64,70.895,22.16,19.34,0.9358,4.245,0,14.4319371328066,1.07542984782328
"4903",2004,205,6,72.2295,300.794,129.705,159.125,38.01,19.865,0.92645,4.135,0,14.4299693714105,1.07593906674754
"4904",2004,205,7,60.8835,620.31,263.53,332.595,78.66,20.6,0.87845,5.725,0,14.4299256480742,1.07645142579326
"4905",2004,205,8,49.458,1147.562,479.255,622.34,143.77,21.32,0.81785,6.43,0,14.4299250068166,1.07696580183983
"4906",2004,205,9,38.363,1304.928,542.575,706.385,148.545,21.78,0.6901,6.51,0,14.4299251297633,1.07748066234679
"4907",2004,205,10,28.421,1302.674,550.205,716.32,146.98,22.44,0.66275,5.75,0,14.4299256172457,1.07799491766096
"4908",2004,205,11,21.636,1677.804,710.805,928.04,177.435,23.22,0.63255,5.355,0,14.4299250172209,1.0785069582938
"4909",2004,205,12,21.273,1749.564,748.365,969.89,178.405,23.81,0.6066,5.07,0,14.4299250850325,1.07901541016433
"4910",2004,205,13,27.579,1658.806,705.74,913.28,173.275,24.445,0.58475,5.52,0,14.4299252947109,1.07951932464828
"4911",2004,205,14,37.3345,1422.596,596.67,772.735,157.55,24.665,0.5792,5.76,0,14.4299250348092,1.08001939590576
"4912",2004,205,15,48.3715,933.501,393.76,503.86,114.095,24.28,0.5946,5.72,0,14.4299250777133,1.08052025154766
"4913",2004,205,16,59.7945,639.009,264.93,337.79,81,23.7,0.57535,5.785,0,14.4299250176662,1.08102529900775
"4914",2004,205,17,71.1745,224.779,96.375,117.455,28.8,22.22,0.6102,5.78,0,14.4299250063353,1.08153655656407
"4915",2004,205,18,82.1685,75.555,32.52,36.915,9.955,20.645,0.64475,5.74,0,14.4299250148376,1.0820511215935
"4916",2004,205,19,92.614,4.899,1.715,0.825,0.69,18.785,0.6244,4.925,0,14.4351431808371,1.08256034215154
"4917",2004,205,20,102.2285,0,0,0,0.005,18.03,0.6072,4.265,0,14.44332886348,1.08305939537137
"4918",2004,205,21,110.255,0,0,0,0.075,16.56,0.6583,3.49,0,14.4437394712142,1.08354572708135
"4919",2004,205,22,116.236,0,0,0,0.02,15.42,0.7354,3.335,0,14.4438884243856,1.08401385580623
"4920",2004,205,23,119.5355,0.23,0,0,0.005,14.805,0.7802,3.375,0,14.4440563486041,1.08446727956249
"4921",2004,206,0,119.704,0.414,0,0,0,14.4,0.82865,2.815,0,14.4442442918484,1.08491121905324
"4922",2004,206,1,116.7175,0.46,0,0,0.015,14.05,0.8668,2.72,0,14.4444357859693,1.08534770803332
"4923",2004,206,2,110.9885,0.437,0,0,0.01,14.64,0.85985,3.3,0,14.4446102192028,1.08578655006871
"4924",2004,206,3,103.1475,0.46,0,0,0.005,14.915,0.8591,3.745,0,14.4447544612692,1.08623375555589
"4925",2004,206,4,93.692,3.013,1.515,0.51,0.685,15.425,0.8433,3.925,0,14.4448985671073,1.08668810666099
"4926",2004,206,5,83.2745,94.829,40.895,48.475,13.455,15.81,0.83975,4.525,0,14.4446864712469,1.08715019202627
"4927",2004,206,6,72.361,277.702,117.14,145.62,36.545,16.32,0.80405,4.73,0,14.4413585219016,1.08761971422946
"4928",2004,206,7,61.0095,614.123,253.3,324.715,82.225,17.955,0.66625,5.425,0,14.4412847063461,1.08810433963376
"4929",2004,206,8,49.5875,861.304,362.48,465.725,110.625,18.88,0.60795,6.14,0,14.4412835956509,1.0886031511638
"4930",2004,206,9,38.5035,1087.394,465.055,598.905,137.13,19.835,0.5587,6.2,0,14.4412836628469,1.08910927518107
"4931",2004,206,10,28.587,1118.191,481.06,620.61,142.49,20.505,0.5254,6.155,0,14.4412835832635,1.08961971119955
"4932",2004,206,11,21.838,898.472,390.14,503.31,120.26,20.71,0.5135,5.055,0,14.4412835986595,1.09013167741628
"4933",2004,206,12,21.474,954.155,415.05,534.745,125.59,21.095,0.47225,5,0,14.4412836343136,1.09064430226942
"4934",2004,206,13,27.7455,1184.569,509.13,657.95,147.02,21.19,0.4576,6.075,0,14.4412837367766,1.09115729642808
"4935",2004,206,14,37.472,962.044,414.745,531.17,120.59,21.42,0.46305,5.825,0,14.4412840154472,1.09167042305327
"4936",2004,206,15,48.4955,644.713,275.03,350.38,82.825,20.83,0.4803,6.35,0,14.4412836066779,1.09218335428247
"4937",2004,206,16,59.917,464.876,196.02,246.45,59.57,20.63,0.5048,5.65,0,14.4412836076517,1.09269563184245
"4938",2004,206,17,71.3005,251.413,106.985,130.97,31.565,20.175,0.5394,5.35,0,14.4412835355315,1.09320695561197
"4939",2004,206,18,82.3015,66.723,28.495,31.885,8.23,19.38,0.59965,4.57,0,14.4412832600769,1.09371555633904
"4940",2004,206,19,92.754,2.645,0.895,0,0.11,18.88,0.6057,4.775,0,14.4415789768919,1.09422020057988
"4941",2004,206,20,102.3915,0.069,0,0,0,18.62,0.6254,5.08,0,14.4474843566744,1.09472150923003
"4942",2004,206,21,110.4365,0.046,0,0,0.02,18.345,0.6505,4.02,0,14.4478165632732,1.09522007153351
"4943",2004,206,22,116.437,0,0,0,0.03,17.42,0.7196,3.775,0,14.4479654289516,1.09571264268596
"4944",2004,206,23,119.7485,0,0,0,0.04,16.895,0.74895,4.075,0,14.4481279485127,1.09619683909328
"4945",2004,207,0,119.918,0,0,0,0.03,16.825,0.7431,4.12,0,14.4482978050438,1.09667717318747
"4946",2004,207,1,116.9225,0,0,0,0.045,16.505,0.759,3.55,0,14.4484635450089,1.09715480788862
"4947",2004,207,2,111.1775,0,0,0,0.025,16.41,0.7553,4.02,0,14.4486136952247,1.09762948399119
"4948",2004,207,3,103.318,0.023,0,0,0,16.61,0.71785,4.225,0,14.448738679402,1.09810489386989
"4949",2004,207,4,93.84,1.104,0.405,0,0.08,16.81,0.68465,5.225,0,14.4488416211648,1.09858310208891
"4950",2004,207,5,83.4135,26.059,11.225,9.72,3.045,16.745,0.68345,5.495,0,14.4513509995842,1.09906205668195
"4951",2004,207,6,72.4925,112.102,47.725,57.225,14.93,16.65,0.7123,4.355,0,14.3762168246013,1.09954497170486
"4952",2004,207,7,61.1385,268.525,112.045,139.565,34.45,16.715,0.75005,5.16,0,14.3740658772492,1.10003303452878
"4953",2004,207,8,49.717,485.553,205.175,258.975,61.965,17.48,0.7374,5.29,0,14.3740330048288,1.10052683001654
"4954",2004,207,9,38.6465,638.319,270.035,342.365,81.1,18.225,0.71525,5.385,0,14.3740325910742,1.10102968188476
"4955",2004,207,10,28.7575,883.292,371.925,476.005,109.09,18.7,0.70915,5.2,0,14.3740326759552,1.10153870749488
"4956",2004,207,11,22.043,565.294,235.355,303.19,74.545,18.96,0.69635,4.405,0,14.3740329785637,1.10205093028529
"4957",2004,207,12,21.685,963.976,407.055,523.275,119.355,19.66,0.67605,3.955,0,14.3740326367507,1.10256665642021
"4958",2004,207,13,27.917,1323.558,559.74,721.935,154.625,20.525,0.64125,4.275,0,14.3740327568581,1.1030866753335
"4959",2004,207,14,37.616,935.87,403.845,514.46,119.075,20.87,0.54725,5.245,0,14.3740327354407,1.10360884769146
"4960",2004,207,15,48.625,587.328,254.39,322.575,78.01,20.76,0.5402,5.43,0,14.3740326002319,1.10413130630389
"4961",2004,207,16,60.043,360.985,156.245,197.045,48.93,20.62,0.57185,4.215,0,14.3740326041536,1.10465347261714
"4962",2004,207,17,71.4305,213.624,92.675,115.055,28.9,20.435,0.571,3.895,0,14.3740325923027,1.10517518632153
"4963",2004,207,18,82.4375,49.335,21.61,23.935,6.84,19.755,0.60705,2.69,0,14.3740209252212,1.10569525309783
"4964",2004,207,19,92.939,2.323,1.025,0.185,0.3,18.775,0.68605,2.06,0,14.3643655384112,1.10621131854751
"4965",2004,207,20,102.5625,0,0,0,0,18.46,0.70475,1.995,0,14.3674772948594,1.10672291509439
"4966",2004,207,21,110.627,0,0,0,0.015,17.7,0.7978,2.11,0,14.3677028725264,1.10722909438829
"4967",2004,207,22,116.644,0.046,0,0,0.015,17.72,0.7656,3.255,0,14.3678496006315,1.10773131019007
"4968",2004,207,23,119.9655,0.069,0,0,0,17.7,0.73655,3.545,0,14.3680153051566,1.10823350392509
"4969",2004,208,0,120.138,0,0,0,0,16.67,0.7948,2.85,0,14.368188107136,1.10872920490348
"4970",2004,208,1,117.131,0,0,0,0,15.895,0.8521,2.615,0,14.3683545731538,1.10921224864762
"4971",2004,208,2,111.37,0.046,0,0,0.04,16.04,0.8539,2.505,0,14.368507357753,1.10969038807575
"4972",2004,208,3,103.4905,0,0,0,0.08,15.645,0.8901,2.87,0,14.3686347222359,1.11016645751793
"4973",2004,208,4,94.03,0.713,0.185,0,0.12,15.71,0.89015,2.91,0,14.3687338554181,1.11063977747465
"4974",2004,208,5,83.553,46.023,19.815,22.3,6.425,15.515,0.917,3.37,0,14.3665439429675,1.11111212912812
"4975",2004,208,6,72.6255,200.813,85.04,106.21,26.28,16.12,0.89435,3.165,0,14.3499318516538,1.11158914821765
"4976",2004,208,7,61.268,321.954,138.915,174.6,42.815,17.08,0.84775,3.51,0,14.3495389149006,1.11207941041595
"4977",2004,208,8,49.8505,572.424,244.71,311.77,73.435,18.08,0.7645,3.885,0,14.3495328940721,1.1125825726173
"4978",2004,208,9,38.793,1182.66,500.075,650.06,145.815,19.895,0.615,4.625,0,14.3495328063067,1.11309917904539
"4979",2004,208,10,28.93,1385.037,585.765,763.84,165.025,20.71,0.5502,5.06,0,14.3495328973159,1.11362364586971
"4980",2004,208,11,22.254,1314.427,564.55,734.52,163.495,21.295,0.4733,5.03,0,14.3495332253915,1.11415001210557
"4981",2004,208,12,21.8975,1097.675,473.045,613.745,136.025,21.09,0.59775,4.75,0,14.3495328423078,1.11467665861571
"4982",2004,208,13,28.0965,1182.269,506.47,655.885,141.45,21.38,0.59415,5.04,0,14.3495329451053,1.11520333804264
"4983",2004,208,14,37.765,1378.114,585.655,757.83,164.6,21.535,0.59815,4.695,0,14.3495332280214,1.11573013349084
"4984",2004,208,15,48.7605,1173.92,485.595,635.225,144.965,21.77,0.54685,4.905,0,14.3495328187891,1.11625689075436
"4985",2004,208,16,60.1755,826.551,334.55,440.695,112.785,21.63,0.51495,5.135,0,14.3495328221096,1.11678362617284
"4986",2004,208,17,71.5675,131.491,55.59,68.065,18.405,20.505,0.54795,3.7,0,14.3495327553501,1.11730996699661
"4987",2004,208,18,82.579,27.761,12.745,13.24,4.675,19.035,0.73345,2.54,0,14.3373868322799,1.11783270269983
"4988",2004,208,19,93.093,4.186,2.535,2.035,1.16,18.03,0.8331,1.58,0,14.2974625310918,1.11835034619088
"4989",2004,208,20,102.7385,0.046,0,0,0,16.63,0.89175,1.695,0,14.2982623760677,1.11885752320076
"4990",2004,208,21,110.8215,0.184,0,0,0,15.725,0.9143,2.535,0,14.2984070239336,1.11934832049582
"4991",2004,208,22,116.857,0.46,0,0,0,13.945,0.95095,2.135,0,14.2985678480577,1.11981513023246
"4992",2004,208,23,120.19,0.46,0,0,0.025,13.16,0.9216,2.365,0,14.2987582861351,1.12025519375108
"4993",2004,209,0,120.361,0.46,0,0,0.015,12.325,0.8923,1.59,0.0105833333333333,14.2989581493139,1.12067610503463
"4994",2004,209,1,117.3435,0.46,0,0,0.01,11.74,0.91625,1.86,0.0105833333333333,14.2991538765012,1.12107901404029
"4995",2004,209,2,111.5655,0.46,0,0,0,10.915,0.9404,1.68,0.0105833333333333,14.2993303043888,1.12146287954931
"4996",2004,209,3,103.668,0.46,0,0,0.005,10.255,0.93665,2.28,0.0105833333333333,14.2994773327234,1.12182561203197
"4997",2004,209,4,94.1835,3.795,1.24,0.45,0.205,10.55,0.91785,2.31,0.0105833333333333,14.2996410925465,1.1221829912852
"4998",2004,209,5,83.693,118.151,45.015,51.71,16.95,10.97,0.9027,1.55,0.0105833333333333,14.3119513987037,1.12255018626972
"4999",2004,209,6,72.7605,448.339,181.16,226.37,67.025,13.535,0.87395,2.14,0.0105833333333333,14.309733474123,1.12295690918572
"5000",2004,209,7,61.399,813.878,333.37,429.52,108.825,16.135,0.8132,2.18,0.0105833333333333,14.3096813775379,1.12342190984466
"5001",2004,209,8,49.9825,1135.74,479.19,618.345,140.385,18.505,0.68015,2.03,0.0105833333333333,14.3096806658346,1.12392689873446
"5002",2004,209,9,38.939,1405.599,605.615,780.835,161.925,20.355,0.6014,1.705,0.0105833333333333,14.3096806516833,1.12445234780337
"5003",2004,209,10,29.1075,1600.708,697.525,898.255,175.36,21.62,0.5353,2.5,0.0105833333333333,14.3096805611542,1.12498434379694
"5004",2004,209,11,22.469,1648.272,720.95,928.46,175.615,22.47,0.5136,2.5,0.0105833333333333,14.3096805855093,1.12551639389459
"5005",2004,209,12,22.118,1672.882,734.215,944.215,178.305,23.2,0.4744,2.52,0.0105833333333333,14.3096806546745,1.12604605928839
"5006",2004,209,13,28.2795,1473.035,642.78,827.69,165.34,23.78,0.4652,3.165,0.0105833333333333,14.3096808699198,1.12657218956152
"5007",2004,209,14,37.9205,1386.095,600.91,776.14,164.11,24.365,0.48245,2.96,0.0105833333333333,14.3096806039539,1.12709394155176
"5008",2004,209,15,48.9005,1079.85,460.96,599.13,139.69,24.6,0.4672,3.275,0.0105833333333333,14.3096806497369,1.12761196242795
"5009",2004,209,16,60.313,687.378,290.02,374.565,96.475,24.65,0.4635,2.94,0.0105833333333333,14.3096805911118,1.12812854516333
"5010",2004,209,17,71.708,374.877,161.98,209.53,63.225,24.31,0.52245,2.27,0.0105833333333333,14.309680575487,1.12864658215852
"5011",2004,209,18,82.727,105.248,47.21,55.9,18.565,23.285,0.59785,1.675,0.0105833333333333,14.3096805705315,1.12917044390568
"5012",2004,209,19,93.25,4.715,2.27,0.99,0.245,21.63,0.67975,2.03,0.0105833333333333,14.3198450054711,1.12970047634901
"5013",2004,209,20,102.919,0,0,0,0,19.75,0.7518,2.225,0.0105833333333333,14.3337303679302,1.13022911062381
"5014",2004,209,21,111.0215,0.023,0,0,0,18.35,0.82415,2.065,0.0105833333333333,14.3343143996239,1.13074858891615
"5015",2004,209,22,117.0735,0.276,0,0,0,17.73,0.82885,2.42,0.0105833333333333,14.3344728540058,1.13125908175398
"5016",2004,209,23,120.418,0.46,0,0,0,16.545,0.8617,1.725,0.0105833333333333,14.3346558952688,1.13175878433198
"5017",2004,210,0,120.59,0.46,0,0,0,15.785,0.8794,1.57,0,14.3348545582285,1.13224453721282
"5018",2004,210,1,117.562,0.46,0,0,0,15.22,0.89065,1.185,0,14.3350489785966,1.13271927472791
"5019",2004,210,2,111.7645,0.46,0,0,0,15.105,0.89685,1.505,0,14.3352255357059,1.13318791685225
"5020",2004,210,3,103.8475,0.46,0,0,0,14.42,0.923,1.1,0,14.3353722320517,1.13364892524476
"5021",2004,210,4,94.339,3.013,1.205,0.43,0.135,14.17,0.9337,0.795,0,14.3355187627599,1.13410060202735
"5022",2004,210,5,83.8355,90.574,40.095,47.52,15.875,14.32,0.91465,1.135,0,14.3427152368016,1.13455079123784
"5023",2004,210,6,72.896,358.11,158.25,198.61,58.745,15.61,0.89325,0.805,0,14.3394655592676,1.13501480869331
"5024",2004,210,7,61.53,729.123,312.35,400.52,104.06,19.375,0.789,1.82,0,14.3393894227859,1.13551679072653
"5025",2004,210,8,50.1185,1070.558,460.02,594.095,138.55,21.83,0.6845,2.155,0,14.3393882629665,1.13604302945536
"5026",2004,210,9,39.089,1356.425,590.4,759.94,161.385,23.285,0.63005,2.08,0,14.3393883258731,1.13656923821824
"5027",2004,210,10,29.2855,1556.341,686.51,880.47,174.515,24.515,0.577,1.635,0,14.3393882760699,1.13708798252025
"5028",2004,210,11,22.69,1731.233,766.775,987.09,191.71,25.395,0.5532,1.6,0,14.3393883788156,1.13759666167818
"5029",2004,210,12,22.343,1671.824,746.745,967.005,195.84,26,0.5326,1.73,0,14.3393887346876,1.13809595623514
"5030",2004,210,13,28.47,1594.406,708.365,915.215,190.095,26.525,0.481,1.865,0,14.3393882807105,1.13858679232598
"5031",2004,210,14,38.082,1279.858,554.235,713.495,153.165,26.565,0.4602,2.05,0,14.3393883313781,1.13907301198416
"5032",2004,210,15,49.048,1140.938,489.555,634.55,148.255,26.69,0.4531,2.485,0,14.3393884293664,1.13955781636358
"5033",2004,210,16,60.4555,763.025,322.93,419.485,110.515,26.34,0.494,2.425,0,14.3393882662761,1.14004452608808
"5034",2004,210,17,71.854,407.376,170.105,218.275,66.69,25.41,0.55665,2.66,0,14.3393882398404,1.1405412069593
"5035",2004,210,18,82.8805,101.108,42.365,48.875,15.695,23.445,0.66175,2.29,0,14.3393880182732,1.14105500613059
"5036",2004,210,19,93.411,4.37,2.06,0.83,0.285,22.355,0.68855,2.765,0,14.3472403129623,1.14157940908372
"5037",2004,210,20,103.1065,0,0,0,0,21.115,0.73365,2.85,0,14.3595548594987,1.14210535082083
"5038",2004,210,21,111.228,0.322,0,0,0,19.4,0.8043,2.75,0,14.3601100062119,1.14262784950973
"5039",2004,210,22,117.297,0.46,0,0,0,17.81,0.86765,2.77,0,14.3602801806669,1.14313986379394
"5040",2004,210,23,120.6525,0.46,0,0,0,17.265,0.8844,2.52,0,14.3604694531494,1.14364108524404
"5041",2004,211,0,120.823,0.46,0,0,0,16.735,0.8864,2.735,0,14.3606680608156,1.14413550199811
"5042",2004,211,1,117.7815,0.46,0,0,0,15.95,0.88465,2.46,0,14.3608625355185,1.14462047732898
"5043",2004,211,2,111.966,0.46,0,0,0,15.14,0.9089,1.84,0,14.3610392322174,1.1450924898014
"5044",2004,211,3,104.028,0.46,0,0,0,15.365,0.90875,1.26,0,14.3611859237844,1.1455593832062
"5045",2004,211,4,94.5345,2.208,0.77,0.075,0.03,15.395,0.9153,1.355,0,14.3613179255868,1.1460285417594
"5046",2004,211,5,83.9785,47.771,21.09,23.885,6.575,15.08,0.93105,0.99,0,14.3617358970009,1.14649510503361
"5047",2004,211,6,73.035,230.414,98.625,124.105,32.785,16.755,0.91225,1.485,0,14.3477785725916,1.14697396885376
"5048",2004,211,7,61.665,479.458,205.015,260.745,65.64,19.065,0.8606,2.805,0,14.3474468137435,1.14748061681246
"5049",2004,211,8,50.256,698.763,299.43,380.37,90.775,21.045,0.7899,2.76,0,14.3474417233135,1.1480039556367
"5050",2004,211,9,39.242,1027.893,443.485,570.35,134.525,22.565,0.72695,2.81,0,14.347441879925,1.14853060858248
"5051",2004,211,10,29.47,1045.81,455.62,582.845,137.895,23.83,0.67035,2.595,0,14.3474416965856,1.14905286401835
"5052",2004,211,11,22.915,1193.125,517.085,666.79,152.14,24.375,0.6258,2.87,0,14.3474418720024,1.14956896359977
"5053",2004,211,12,22.575,1529.408,661.39,855.635,187.135,25.02,0.59655,2.58,0,14.3474418384101,1.15007938184823
"5054",2004,211,13,28.6685,1197.564,518.04,663.98,150.075,25.28,0.5752,2.62,0,14.3474416589822,1.15058473485672
"5055",2004,211,14,38.248,1121.94,477.885,615.525,137.675,25.605,0.5534,2.875,0,14.3474416721122,1.15108640165967
"5056",2004,211,15,49.1995,653.292,283.41,360.265,87.955,25.41,0.5964,2.445,0,14.3474416925603,1.15158722012091
"5057",2004,211,16,60.604,483.782,207.625,263.295,66.505,25.27,0.61165,2.66,0,14.3474416937921,1.15209022275546
"5058",2004,211,17,72.005,265.121,112.16,138.755,35.535,24.74,0.6568,2.17,0,14.3474416532221,1.1525972606687
"5059",2004,211,18,83.036,85.905,37.95,44.605,11.97,23.72,0.739,1.97,0,14.3474415275517,1.15311214276072
"5060",2004,211,19,93.6175,2.553,1.145,0.455,0.21,22.26,0.8118,2.4,0,14.3498400802394,1.1536352206817
"5061",2004,211,20,103.2995,0.023,0,0,0.005,21.475,0.8465,2.58,0,14.3583674448788,1.15416105402198
"5062",2004,211,21,111.44,0.276,0,0,0,20.705,0.87845,2.225,0,14.3588071849487,1.15468618268297
"5063",2004,211,22,117.5265,0.46,0,0,0,19.99,0.9076,2.025,0,14.3589734537573,1.1552094644036
"5064",2004,211,23,120.8925,0.46,0,0,0,19.6,0.9191,2.21,0,14.3591622421376,1.15573031700865
"5065",2004,212,0,121.061,0.46,0,0,0.06,19.67,0.91435,1.675,0.4445,14.3593607953048,1.15625027779153
"5066",2004,212,1,118.008,0.759,0,0,0.09,19.63,0.9266,1.49,0.4445,14.3595635535189,1.15677029573621
"5067",2004,212,2,112.171,1.081,0,0,0.05,19.795,0.90915,2.325,0.4445,14.359767251965,1.15729063174237
"5068",2004,212,3,104.211,1.012,0,0,0.08,19.34,0.92865,1.785,0.4445,14.3599474604476,1.15781008531069
"5069",2004,212,4,94.6975,0.782,0.055,0,0.19,18.035,0.93265,2.11,0.4445,14.3600741974416,1.15832294206002
"5070",2004,212,5,84.1215,17.963,7.095,5.465,2.235,17.435,0.9508,1.245,0.4445,14.3609388541087,1.15882642512598
"5071",2004,212,6,73.1735,82.938,33.97,38.375,9.76,17.745,0.9591,1.22,0.4445,14.2797339636173,1.1593338923173
"5072",2004,212,7,61.8005,116.633,47.205,55.06,13.435,18.07,0.9588,0.65,0.4445,14.2756188790186,1.15985093468668
"5073",2004,212,8,50.3955,181.171,72.99,87.63,20.515,18.57,0.9604,1.29,0.4445,14.2755542744672,1.1603725653506
"5074",2004,212,9,39.3935,130.479,50.67,59.28,13.655,18.71,0.91055,1.78,0.4445,14.2755534216719,1.16089723106328
"5075",2004,212,10,29.6565,202.561,76.435,90.925,19.145,18.635,0.9426,1.885,0.4445,14.2755534941387,1.16142218640939
"5076",2004,212,11,23.143,435.045,174.285,217.02,48.635,19.13,0.90935,2.605,0.4445,14.2755537493636,1.16194889530937
"5077",2004,212,12,22.8115,518.19,224.135,284.47,67.48,20.2,0.8781,3.37,0.4445,14.2755534967698,1.16248095864481
"5078",2004,212,13,28.8715,689.609,298.015,377.62,88.79,21.635,0.8476,3.2,0.4445,14.2755536801949,1.16301770999008
"5079",2004,212,14,38.421,707.204,303.59,385.065,88.985,22.605,0.7906,2.735,0.4445,14.2755534829861,1.16355452720884
"5080",2004,212,15,49.358,197.662,83.335,101.9,24.85,21.95,0.83615,2.455,0.4445,14.2755535616857,1.16409105520019
"5081",2004,212,16,60.757,54.28,22.27,24.42,6.075,21.355,0.88905,1.2,0.4445,14.275544357492,1.1646285411317
"5082",2004,212,17,72.161,33.741,13.13,12.27,4.03,20.215,0.9612,2.695,0.4445,14.241815588236,1.16516754021822
"5083",2004,212,18,83.198,14.513,5.38,3.185,1.92,19.97,0.97185,2.93,0.4445,14.1036719026347,1.1657164712668
"5084",2004,212,19,93.792,0.989,0.07,0,0.265,19.64,0.97345,3.17,0.4445,14.1019163862529,1.16627364451872
"5085",2004,212,20,103.4965,0.736,0,0,0.115,19.31,0.97545,2.705,0.4445,14.1020710898598,1.16682890152158
"5086",2004,212,21,111.656,0.897,0,0,0.115,19.22,0.97445,1.145,0.4445,14.10222890809,1.16738267958695
"5087",2004,212,22,117.7595,0.92,0,0,0.015,19.125,0.9747,0.585,0.4445,14.1024286984261,1.16793574067608
"5088",2004,212,23,121.1375,0.92,0,0,0.125,18.96,0.9762,3.14,0.4445,14.1026545827003,1.16848775133099
"5089",2004,213,0,121.3035,0.874,0,0,0.17,19.095,0.9732,3.285,0,14.1028890598219,1.16903961090439
"5090",2004,213,1,118.2375,0.92,0,0,0.14,19.09,0.9683,2.79,0,14.1031169557071,1.16959196079256
"5091",2004,213,2,112.3795,0.92,0,0,0.01,18.53,0.9745,2.55,0,14.1033252742919,1.1701418864108
"5092",2004,213,3,104.397,0.92,0,0,0.175,18.945,0.968,3.43,0,14.1034975378267,1.1706911603165
"5093",2004,213,4,94.859,2.323,0.505,0.01,0.24,18.795,0.96315,2.885,0,14.1036449108414,1.1712415975161
"5094",2004,213,5,84.267,45.977,19.945,21.385,5.47,18.67,0.95725,3.795,0,14.1113985063582,1.171790291471
"5095",2004,213,6,73.3135,190.877,83.17,100.115,24.115,18.73,0.95565,3.3,0,14.0974863509398,1.17233910825014
"5096",2004,213,7,61.9375,232.139,106.23,132.03,31.66,18.675,0.9541,4.025,0,14.0971279249654,1.17288891057258
"5097",2004,213,8,50.536,354.913,163.87,206.405,50.22,19.66,0.91705,3.46,0,14.0971222993302,1.17344251292743
"5098",2004,213,9,39.553,699.177,321.9,410.94,95.68,20.905,0.8662,3.43,0,14.097122250294,1.17400257562376
"5099",2004,213,10,29.8465,1281.928,572.305,737.07,157.015,22.56,0.81065,3.29,0,14.0971222721835,1.17456485354309
"5100",2004,213,11,23.377,1477.198,663.605,860.54,181.54,23.835,0.7733,3.42,0,14.0971222202232,1.17512242684331
"5101",2004,213,12,23.054,1172.425,522.455,677.935,150.87,24.73,0.75105,3.105,0,14.0971222308749,1.17567166140838
"5102",2004,213,13,29.08,1250.073,548.65,708.8,150.91,25.45,0.7238,3.225,0,14.0971222479946,1.1762118911041
"5103",2004,213,14,38.6005,899.53,394.885,505.57,113.415,26.075,0.67485,2.695,0,14.097122284948,1.17674278151004
"5104",2004,213,15,49.5215,744.717,319.295,410.345,98.56,26.285,0.672,2.655,0,14.097122358118,1.17726707126954
"5105",2004,213,16,60.916,760.863,316.505,412.225,108.235,26.93,0.59985,3,0,14.0971222498959,1.17778381174238
"5106",2004,213,17,72.3235,429.939,175.835,225.465,68.205,26.795,0.60545,2.3,0,14.0971221878572,1.17829581827946
"5107",2004,213,18,83.3645,121.44,49.925,58.965,21.23,25.79,0.67815,1.93,0,14.0971222114714,1.17881805227459
"5108",2004,213,19,94.008,4.094,1.705,0.635,0.235,23.695,0.76965,1.695,0,14.1137135370231,1.17936076329493
"5109",2004,213,20,103.699,0.414,0,0,0,22.375,0.8084,1.775,0,14.132974435128,1.17991562208476
"5110",2004,213,21,111.8795,0.414,0,0,0,21.025,0.8931,0.885,0,14.133672404333,1.18047303950013
"5111",2004,213,22,118,0.46,0,0,0,20.045,0.94255,0.285,0,14.1338486884063,1.18102903878819
"5112",2004,213,23,121.387,0.46,0,0,0,19.62,0.95905,0.52,0,14.1340395943827,1.18158207019984
"5113",2004,214,0,121.5515,0.46,0,0,0.01,18.32,0.97055,0.805,0,14.1342398397789,1.18212897191193
"5114",2004,214,1,118.469,0.46,0,0,0,18.51,0.97625,0.88,0,14.1344356915162,1.18267102682949
"5115",2004,214,2,112.5915,0.46,0,0,0,17.745,0.97765,1.48,0,14.1346145327886,1.18321000468101
"5116",2004,214,3,104.587,0.46,0,0,0.1,17.225,0.97845,1.3,0,14.1347628946571,1.18374142999739
"5117",2004,214,4,95.0615,2.461,0.855,0.17,0.105,17.055,0.98045,0.365,0,14.1349016413839,1.18426829093629
"5118",2004,214,5,84.4125,81.098,29.81,38.11,13.995,16.785,0.9791,0.695,0,14.1516742567329,1.18479093843633
"5119",2004,214,6,73.4565,379.661,157.93,195.075,56,18.105,0.9771,1.105,0,14.1482783294863,1.18531963843299
"5120",2004,214,7,62.0755,747.201,316.37,398.5,96.01,21.735,0.8895,1.275,0,14.1481906056776,1.18586942133235
"5121",2004,214,8,50.678,1050.525,451.93,581.16,132.08,24.335,0.77545,1.415,0,14.1481892380026,1.18642012259565
"5122",2004,214,9,39.7105,1328.02,574.685,743.165,157.145,25.95,0.7086,2.315,0,14.148189273157,1.18695256638319
"5123",2004,214,10,30.0385,1547.923,674.285,873.685,173.925,26.975,0.647,2.615,0,14.148189218246,1.18746528156339
"5124",2004,214,11,23.6135,1666.511,730.75,940.33,179.185,28.02,0.5778,1.655,0,14.1481892348925,1.1879578107149
"5125",2004,214,12,23.303,1665.177,723.835,935.635,179.235,28.335,0.56225,2.4,0,14.1481892746216,1.18843503447692
"5126",2004,214,13,29.2955,1564.805,677.645,877.155,172.705,28.865,0.5497,2.2,0,14.1481893920827,1.18890172969738
"5127",2004,214,14,38.7835,1373.192,584.7,760.79,160.215,29.125,0.53845,2.485,0,14.1481897241368,1.18935801956053
"5128",2004,214,15,49.69,1108.232,464.31,605.715,140.755,29.255,0.53875,3.04,0,14.1481892428908,1.18980894039726
"5129",2004,214,16,61.0805,745.591,309.165,401.18,104.23,28.96,0.57495,3.005,0,14.1481892469023,1.19026214294763
"5130",2004,214,17,72.491,397.969,164.53,210.45,64.78,28.205,0.6565,2.88,0,14.148189189423,1.19072924019304
"5131",2004,214,18,83.536,99.613,42.05,47.185,15.335,27.095,0.72135,1.27,0,14.1481892012192,1.19121843235032
"5132",2004,214,19,94.194,2.76,1.055,0.115,0,26.055,0.7511,1.47,0,14.1614573513969,1.19172828509891
"5133",2004,214,20,103.9075,0.115,0,0,0,24.705,0.80625,2.395,0,14.1751066589476,1.19225503706402
"5134",2004,214,21,112.107,0.437,0,0,0,23.11,0.8633,2.8,0,14.1756557364305,1.19279670529895
"5135",2004,214,22,118.247,0.46,0,0,0,22.315,0.8755,2.695,0,14.1758297317856,1.19334595098446
"5136",2004,214,23,121.642,0.46,0,0,0.01,20.93,0.91885,2.81,0,14.1760202242856,1.19389743481716
"5137",2004,215,0,121.8055,0.46,0,0,0,20.6,0.9355,1.71,0,14.1762201819326,1.19444827630423
"5138",2004,215,1,118.7065,0.46,0,0,0,19.87,0.956,1.845,0,14.1764162563832,1.19499729691767
"5139",2004,215,2,112.8045,0.46,0,0,0,19.48,0.96455,0.64,0,14.176594726482,1.19554352799987
"5140",2004,215,3,104.778,0.552,0,0,0.02,19.31,0.9695,2.485,0,14.17674456477,1.19608797245857
"5141",2004,215,4,95.229,2.208,0.515,0.025,0.175,19.255,0.96035,2.545,0,14.1768818111288,1.19663161584949
"5142",2004,215,5,84.56,64.124,26.745,29.635,8.3,18.985,0.95975,1.875,0,14.1892357420228,1.19717318193114
"5143",2004,215,6,73.5995,315.836,135.325,168.385,49.365,20.77,0.9321,2.665,0,14.1837240350401,1.19771875061397
"5144",2004,215,7,62.2155,691.863,290.255,373.425,97.395,23.695,0.86055,3.4,0,14.1835819287246,1.19826733965549
"5145",2004,215,8,50.8225,1025.478,435.145,564.675,133.565,25.685,0.77695,4.055,0,14.1835797177559,1.19880015497312
"5146",2004,215,9,39.872,1214.032,524.7,680.055,155.51,27.075,0.7126,5.28,0,14.183579702282,1.19930957187426
"5147",2004,215,10,30.234,1070.788,462.765,597.705,137.535,27.585,0.72745,5.08,0,14.1835796821778,1.1998013328376
"5148",2004,215,11,23.857,811.049,349.08,451.595,107.24,27.275,0.71225,5.55,0,14.18357971645,1.20029103825102
"5149",2004,215,12,23.555,1361.738,589.95,760.2,162.335,27.12,0.6687,3.085,0,14.1835798201337,1.20078553585689
"5150",2004,215,13,29.5175,1168.009,506.63,648.69,143.27,28.25,0.62845,1.425,0,14.1835801522752,1.20126957880017
"5151",2004,215,14,38.974,409.354,178.99,223.13,50.09,27.5,0.67295,1.2,0,14.183579707797,1.20174949354272
"5152",2004,215,15,49.864,279.174,122.615,152.82,38.625,27.01,0.7382,2,0,14.1835797336219,1.20224279392735
"5153",2004,215,16,61.2495,483.966,202.625,258.885,66.105,27.16,0.74005,2.175,0,14.1835797404144,1.20273953254643
"5154",2004,215,17,72.6635,414.23,166.04,212.455,65.06,27.39,0.7265,1.99,0,14.1835796909343,1.20323245450213
"5155",2004,215,18,83.712,113.896,45.89,53.555,19.375,26.585,0.74925,1.67,0,14.183579620511,1.20373099990592
"5156",2004,215,19,94.3825,3.266,1.38,0.35,0.085,25.115,0.79235,1.975,0,14.1944360983884,1.20424820411526
"5157",2004,215,20,104.1205,0.345,0,0,0,23.58,0.86885,1.86,0,14.2094586959601,1.20478227413363
"5158",2004,215,21,112.3395,0.391,0,0,0,23.09,0.87705,1.3,0,14.2100795774525,1.20532360455474
"5159",2004,215,22,118.4975,0.46,0,0,0,21.585,0.9341,1.15,0,14.2102528287444,1.2058690580991
"5160",2004,215,23,121.902,0.46,0,0,0,20.61,0.97045,1.1,0,14.2104427087538,1.206415570238
"5161",2004,216,0,122.061,0.46,0,0,0,20.66,0.97305,0.365,0,14.2106423600562,1.20696122699892
"5162",2004,216,1,118.948,0.46,0,0,0.005,19.89,0.97525,0.14,0,14.2108381925903,1.20750555614332
"5163",2004,216,2,113.022,0.46,0,0,0,19.875,0.97725,0.215,0,14.2110166028707,1.20804813566766
"5164",2004,216,3,104.971,0.506,0,0,0.07,19.025,0.9791,0.09,0,14.2111669073339,1.20858805084328
"5165",2004,216,4,95.3985,2.346,0.65,0.065,0.08,19.32,0.9805,0.455,0,14.2113058562206,1.20912608661598
"5166",2004,216,5,84.7075,89.493,31.88,40.58,15.88,18.385,0.9797,0.245,0,14.2287311531668,1.20966026765154
"5167",2004,216,6,73.743,395.623,165.125,197.425,54.41,20.36,0.9701,0.38,0,14.2257898751701,1.21019698567119
"5168",2004,216,7,62.3555,677.396,285.165,359.615,88.525,23.45,0.8868,1.14,0,14.2257146561528,1.21074011380489
"5169",2004,216,8,50.9695,992.404,425.55,542.46,125.045,26.345,0.75415,0.61,0,14.2257135142874,1.21126416497435
"5170",2004,216,9,40.0345,1276.753,551.08,707.23,152.645,27.615,0.7017,1.32,0,14.2257135441957,1.21175729580697
"5171",2004,216,10,30.434,1324.455,575.065,741.135,156.745,27.97,0.68575,1.985,0,14.2257134655453,1.21223390857091
"5172",2004,216,11,24.1015,1475.519,645.65,829.595,171.415,29.09,0.657,1.74,0,14.2257134779658,1.21269300864306
"5173",2004,216,12,23.814,1207.753,521.815,675.645,146.53,28.845,0.67435,3.38,0,14.2257135025471,1.21314104285729
"5174",2004,216,13,29.7425,1469.286,635.06,821.045,173.155,29.63,0.64225,2.685,0,14.225713569257,1.213581679218
"5175",2004,216,14,39.171,1039.439,438.845,566.605,126.16,29.675,0.6399,3.305,0,14.2257137527612,1.21401063461731
"5176",2004,216,15,50.042,1058.989,447.655,580.085,137.45,30.015,0.6394,3.19,0,14.2257135000994,1.21443388291251
"5177",2004,216,16,61.4235,681.72,284.565,365.82,95.545,30.035,0.66205,3.055,0,14.2257135043026,1.21485170076799
"5178",2004,216,17,72.84,274.068,116.135,142.055,40.21,29.24,0.728,2.67,0,14.2257133756921,1.21528099232342
"5179",2004,216,18,83.8915,64.492,26.965,28.45,8.37,27.84,0.8063,2.53,0,14.2257134428174,1.21573973198374
"5180",2004,216,19,94.615,1.564,0.47,0,0.035,25.81,0.8871,3.05,0,14.2276557894973,1.21623526962248
"5181",2004,216,20,104.3385,0.46,0,0,0,25.25,0.89605,3.41,0,14.2335459934895,1.21675180671973
"5182",2004,216,21,112.579,0.46,0,0,0,24.915,0.9004,3.315,0,14.2338765259129,1.21727377640589
"5183",2004,216,22,118.753,0.46,0,0,0,24.61,0.9151,3.14,0,14.234047366752,1.2177994429063
"5184",2004,216,23,122.168,0.46,0,0,0.005,24.595,0.9246,3.63,0,14.2342374600848,1.21832682680984
"5185",2004,217,0,122.322,0.46,0,0,0,24.755,0.9187,3.62,0.105833333333333,14.2344371391311,1.21885340785179
"5186",2004,217,1,119.1905,0.483,0,0,0,24.745,0.92885,3.54,0.105833333333333,14.2346333154597,1.21937914706256
"5187",2004,217,2,113.2415,0.644,0,0,0.02,24.655,0.9381,2.87,0.105833333333333,14.234817134026,1.21990540644245
"5188",2004,217,3,105.165,0.851,0,0,0.7,24.205,0.9331,5.115,0.105833333333333,14.2349788215978,1.2204344189181
"5189",2004,217,4,95.5685,0.736,0.01,0,0.505,20.865,0.93225,3.955,0.105833333333333,14.2351013698372,1.22097448369084
"5190",2004,217,5,84.8565,14.973,5.735,4.175,1.855,20.8,0.95085,3.8,0.105833333333333,14.2356140981673,1.22151710242266
"5191",2004,217,6,73.89,104.88,44.405,52.47,13.14,20.8,0.93825,3.205,0.105833333333333,14.158630851618,1.22206507157279
"5192",2004,217,7,62.4975,181.47,79.265,97.32,23.38,21.04,0.93325,2.56,0.105833333333333,14.1550785104169,1.22261895891329
"5193",2004,217,8,51.116,1036.817,434.065,560.845,127.09,22.965,0.86565,2.33,0.105833333333333,14.1550219737705,1.22317272045389
"5194",2004,217,9,40.2005,1158.027,488.835,630.115,133.695,24.645,0.787,3.035,0.105833333333333,14.1550212161108,1.22371798406562
"5195",2004,217,10,30.6365,1288.529,552.895,716.24,149.94,25.895,0.7296,3.815,0.105833333333333,14.1550212832755,1.22424802221103
"5196",2004,217,11,24.3515,1382.461,592.43,771.35,158.165,26.475,0.7047,4.99,0.105833333333333,14.1550215202955,1.22476468681448
"5197",2004,217,12,24.078,1561.033,666.46,869.495,177.17,26.96,0.69155,5.705,0.105833333333333,14.1550213067831,1.22527205576956
"5198",2004,217,13,29.9765,1527.637,643.465,839.675,174.05,26.445,0.7265,6.77,0.105833333333333,14.1550214103703,1.22577969679146
"5199",2004,217,14,39.3725,1334.483,558.305,730.495,159.28,26.35,0.69955,6.655,0.105833333333333,14.1550212831986,1.22629282241119
"5200",2004,217,15,50.228,815.741,340.82,444.545,108.805,25.01,0.76115,6.45,0.105833333333333,14.1550213729598,1.22681712695526
"5201",2004,217,16,61.6025,678.109,279.525,365.035,96.49,24.42,0.75875,6.585,0.105833333333333,14.1550212361257,1.22735408889159
"5202",2004,217,17,73.022,392.357,158.215,202.17,60.74,23.595,0.728,7.245,0.105833333333333,14.1550211975507,1.2278979926715
"5203",2004,217,18,84.077,66.999,27.695,30.52,9.15,22.1,0.75645,5.675,0.105833333333333,14.1550210589365,1.22844931845942
"5204",2004,217,19,94.8165,2.553,0.735,0.045,0.42,20.525,0.7417,5.58,0.105833333333333,14.1581271126478,1.22900340967522
"5205",2004,217,20,104.5635,0,0,0,0.195,19.57,0.71665,6.135,0.105833333333333,14.1646720583523,1.22955363294799
"5206",2004,217,21,112.8215,0,0,0,0.15,18.53,0.8166,4.765,0.105833333333333,14.1650064904231,1.23009704401089
"5207",2004,217,22,119.013,0,0,0,0.12,17.96,0.86845,3.615,0.105833333333333,14.1651532419802,1.23063316328088
"5208",2004,217,23,122.438,0.023,0,0,0.045,18.185,0.8487,4.585,0.105833333333333,14.165316675949,1.23116746182126
"5209",2004,218,0,122.587,0.069,0,0,0.245,17.315,0.87405,3.76,0,14.1654905571142,1.23169797975641
"5210",2004,218,1,119.438,0.46,0,0,0.145,16.115,0.9097,3.095,0,14.1656728199546,1.23221453567165
"5211",2004,218,2,113.4635,0.46,0,0,0.115,15.64,0.91045,4.3,0,14.1658520807847,1.23271773578047
"5212",2004,218,3,105.3605,0.46,0,0,0.095,15.46,0.9198,4.23,0,14.1660026650393,1.2332151308522
"5213",2004,218,4,95.7805,1.932,0.485,0,0.27,15.14,0.9375,3.67,0,14.166135139096,1.23370786890184
"5214",2004,218,5,85.003,99.498,38,42.905,16.26,15.32,0.9275,3.76,0,14.1902065463689,1.2341977726615
"5215",2004,218,6,74.035,399.441,160.045,202.765,63.625,16.395,0.88725,5.4,0,14.1878409255962,1.23469754187113
"5216",2004,218,7,62.6415,757.137,308.56,407.035,108.58,17.96,0.8072,6.295,0,14.1877774716365,1.23521759383762
"5217",2004,218,8,51.265,1098.986,457.415,608.915,145.625,19.28,0.7508,7.42,0,14.1877764664717,1.2357540893032
"5218",2004,218,9,40.37,1298.028,552.62,731.815,161.215,20.285,0.73945,6.965,0,14.1877765260338,1.23629924937098
"5219",2004,218,10,30.8405,1378.275,600.06,793.22,168.98,21.215,0.6926,6.52,0,14.1877764839153,1.23684831097064
"5220",2004,218,11,24.6065,1423.999,623.365,822.665,169.27,21.595,0.6205,6.625,0,14.1877764542389,1.23739837981683
"5221",2004,218,12,24.347,1568.991,689.005,908.015,184.895,21.94,0.56495,7.06,0,14.1877764618712,1.23794834824753
"5222",2004,218,13,30.214,1523.52,666.43,877.935,180.765,22.09,0.51225,7.16,0,14.1877764719659,1.23849800793961
"5223",2004,218,14,39.5785,1455.808,631.45,835.925,182.545,22.4,0.49625,6.555,0,14.1877764906104,1.23904717389156
"5224",2004,218,15,50.4195,1081.897,460.22,613.705,147.68,22.29,0.48435,7.305,0,14.1877765255601,1.23959608590865
"5225",2004,218,16,61.7875,794.65,332.62,446.28,120.94,21.755,0.49995,7.18,0,14.1877765372903,1.24014569579026
"5226",2004,218,17,73.209,444.613,184,243.38,79.17,20.985,0.53675,6.685,0,14.1877764695419,1.24069568998444
"5227",2004,218,18,84.264,114.931,45.125,54.47,23.305,19.08,0.5891,4.08,0,14.1877764326168,1.24124179247118
"5228",2004,218,19,95.0215,2.53,0.795,0.165,0.565,16.08,0.7015,3.725,0,14.1955338441678,1.24176571070461
"5229",2004,218,20,104.791,0.023,0,0,0.14,14.51,0.77665,3.585,0,14.2091400482409,1.24225353941017
"5230",2004,218,21,113.0715,0.046,0,0,0.045,13.205,0.82925,3.165,0,14.209728210109,1.24271099560636
"5231",2004,218,22,119.2795,0.046,0,0,0.01,12.45,0.82695,2.35,0,14.2098810391672,1.24314412255846
"5232",2004,218,23,122.712,0.069,0,0,0.01,11.93,0.8273,1.23,0,14.2100466421316,1.24356087925847
"5233",2004,219,0,122.858,0.207,0,0,0,10.8,0.88235,1.895,0,14.210224568707,1.24395494750947
"5234",2004,219,1,119.688,0.414,0,0,0.02,10.255,0.90065,1.64,0,14.2104106679537,1.24432465495595
"5235",2004,219,2,113.688,0.46,0,0,0.025,10.095,0.9001,2.82,0,14.2105883871842,1.24468365235741
"5236",2004,219,3,105.559,0.46,0,0,0.015,10.085,0.9095,3.01,0,14.2107384648543,1.2450400157532
"5237",2004,219,4,95.956,1.702,0.49,0,0.17,10.46,0.9043,3.325,0,14.2108670036173,1.24540196380171
"5238",2004,219,5,85.153,103.937,39.2,42.92,16.91,10.885,0.89785,3.4,0,14.233328155639,1.2457748632565
"5239",2004,219,6,74.1835,407.56,164.665,208.01,65.19,12.815,0.8314,3.115,0,14.2310129604764,1.24617982320001
"5240",2004,219,7,62.7855,762.933,317.235,420.22,112.395,15.215,0.72735,3.74,0,14.2309521075758,1.24663776551351
"5241",2004,219,8,51.417,1100.711,466.365,622.28,148.94,17.06,0.65985,3.895,0,14.2309511618054,1.24713652505963
"5242",2004,219,9,40.5395,1356.517,588.63,781.39,171.785,18.85,0.60195,4.08,0,14.2309512013825,1.24766016997971
"5243",2004,219,10,31.051,1551.028,682.23,903.525,186.885,20.225,0.5097,4.535,0,14.2309511340527,1.24819770091761
"5244",2004,219,11,24.8635,1660.531,736.905,973.4,193.5,20.85,0.46665,3.775,0,14.2309511510517,1.24874011814015
"5245",2004,219,12,24.6205,1683.14,747.58,981.58,191.57,21.62,0.43935,2.58,0,14.2309511932318,1.2492838960923
"5246",2004,219,13,30.4575,1585.068,697.495,914.94,183.12,22.12,0.4418,2.655,0,14.230951319977,1.24982760988676
"5247",2004,219,14,39.7905,1387.521,600.545,791.89,169.605,22.3,0.45835,3.26,0,14.2309512819069,1.25037074850999
"5248",2004,219,15,50.614,1113.683,472.93,627.64,147.55,22.52,0.4775,3.08,0,14.2309511520094,1.25091334933533
"5249",2004,219,16,61.9775,792.074,327.62,438.105,116.785,22.455,0.48905,3.435,0,14.2309511554797,1.25145571285287
"5250",2004,219,17,73.3995,433.964,174.03,226.585,72.615,22.07,0.51175,3.345,0,14.2309511450998,1.25199870773619
"5251",2004,219,18,84.456,114.379,45.31,54.295,22.275,20.6,0.61175,2.515,0,14.2309510399923,1.25254234273077
"5252",2004,219,19,95.2715,2.277,1.025,0.22,0.135,17.8,0.7441,2.03,0,14.2368478124176,1.25307641356423
"5253",2004,219,20,105.0235,0.023,0,0,0,16.795,0.7628,1.995,0,14.2495247567355,1.253590769091
"5254",2004,219,21,113.3235,0.046,0,0,0,15.515,0.8168,1.615,0,14.2500994767998,1.25408754014122
"5255",2004,219,22,119.551,0.115,0,0,0,15.435,0.7988,1.36,0,14.2502533992924,1.25457284337312
"5256",2004,219,23,122.992,0.276,0,0,0,14.8,0.80765,0.295,0,14.2504259123354,1.25505147954262
"5257",2004,220,0,123.13,0.414,0,0,0,14.58,0.805,0.505,0,14.2506168739419,1.25552179366443
"5258",2004,220,1,119.943,0.391,0,0,0,13.22,0.88535,0.79,0,14.250809114759,1.25597524756915
"5259",2004,220,2,113.9135,0.46,0,0,0,13.57,0.87045,0.79,0,14.2509856573241,1.25641739597477
"5260",2004,220,3,105.759,0.46,0,0,0,12.27,0.91895,0.41,0,14.2511358170421,1.25684802165029
"5261",2004,220,4,96.135,1.771,0.92,0.215,0.095,12,0.934,0.23,0,14.2512652824139,1.25725886991333
"5262",2004,220,5,85.3005,103.891,39.52,48.365,21.11,12.29,0.9262,0.555,0,14.2718659966264,1.25766884456557
"5263",2004,220,6,74.331,428.421,181.52,223.645,67.47,14.595,0.85445,0.36,0,14.2694896973935,1.25810924556254
"5264",2004,220,7,62.932,798.721,339.675,441.26,116.71,18.28,0.72215,0.505,0,14.2694283323185,1.25860646776004
"5265",2004,220,8,51.5685,1043.004,452.33,593.335,141.655,20.44,0.5974,0.9,0,14.2694273689277,1.25913704464275
"5266",2004,220,9,40.712,1018.624,446.115,581.94,130.83,21.17,0.47705,1.17,0,14.2694274353503,1.25967465034233
"5267",2004,220,10,31.2625,1591.002,701.91,919.94,190.845,22.09,0.45245,1.195,0,14.2694273572809,1.26021296255421
"5268",2004,220,11,25.127,1664.004,733.51,963.475,194.025,22.255,0.44265,2.125,0,14.269427372262,1.26075067638486
"5269",2004,220,12,24.8985,1400.884,618.815,811.865,168.96,22.595,0.4407,1.98,0,14.2694274069261,1.2612877180723
"5270",2004,220,13,30.707,1277.535,559.875,730.6,157.455,22.985,0.436,1.99,0,14.2694275081185,1.26182342687974
"5271",2004,220,14,40.01,869.676,380.36,492.69,112.495,23.12,0.4265,1.725,0,14.2694277930613,1.26235792447644
"5272",2004,220,15,50.8135,755.205,329.24,431.95,109.27,23.23,0.4349,1.47,0,14.2694273822601,1.2628917698382
"5273",2004,220,16,62.171,625.255,259.84,335.96,85.36,23.225,0.4407,1.81,0,14.269427386128,1.26342532154922
"5274",2004,220,17,73.5975,196.259,81.955,98.31,24.62,22.185,0.5037,1.685,0,14.269427322245,1.26396125005894
"5275",2004,220,18,84.6515,112.424,47.63,56.975,21.62,21.565,0.5915,1.61,0,14.2694273474782,1.2644994234321
"5276",2004,220,19,95.4875,1.748,0.805,0.065,0,20.79,0.5684,2.06,0,14.2734555803837,1.26503733911913
"5277",2004,220,20,105.263,0.046,0,0,0,18.64,0.7041,1.68,0,14.2850523987032,1.26556871564895
"5278",2004,220,21,113.5815,0.299,0,0,0,17.445,0.76995,2.025,0,14.2856098939011,1.26608599587536
"5279",2004,220,22,119.8275,0.069,0,0,0,16.51,0.79275,1.985,0,14.2857690497567,1.26659032245503
"5280",2004,220,23,123.277,0.46,0,0,0,16.1,0.777,2.575,0,14.2859448039922,1.26708486261206
"5281",2004,221,0,123.408,0.46,0,0,0,15.015,0.80295,1.655,0,14.2861433736094,1.26756686374168
"5282",2004,221,1,120.199,0.46,0,0,0,14.365,0.8383,1.73,0,14.2863392191089,1.26803266570723
"5283",2004,221,2,114.143,0.46,0,0,0,14.2,0.85215,1.58,0,14.2865186752043,1.26849017682221
"5284",2004,221,3,105.961,0.46,0,0,0,13.635,0.8556,2,0,14.2866679628002,1.26893983906363
"5285",2004,221,4,96.3135,1.242,0.49,0.005,0.005,13.34,0.85595,1.645,0,14.2867889950129,1.26937989900511
"5286",2004,221,5,85.4905,69.161,27.8,29.81,9.675,13.085,0.8623,1.935,0,14.299539312411,1.26981282711094
"5287",2004,221,6,74.481,348.887,142.16,176.9,52.81,14.2,0.8532,1.335,0,14.2946844415956,1.27025504357347
"5288",2004,221,7,63.08,717.485,303.34,392.795,103.585,17.88,0.7721,1.475,0,14.29455949804,1.27074268705033
"5289",2004,221,8,51.7215,1031.688,439.925,575.345,137.935,20.6,0.6673,2.575,0,14.2945575537739,1.27126851704278
"5290",2004,221,9,40.886,1349.226,582.555,763.195,167.355,22.54,0.56625,3.08,0,14.2945575539464,1.27180282580997
"5291",2004,221,10,31.4785,1543.093,674.61,881.83,181.685,23.49,0.51965,2.605,0,14.2945575180217,1.27233378366809
"5292",2004,221,11,25.3935,1686.015,740.9,966.31,193.15,24.185,0.5045,2.38,0,14.2945575319497,1.27285957899802
"5293",2004,221,12,25.182,1666.741,732.245,955.225,188.55,24.475,0.50385,2.235,0,14.294557560877,1.27338120777268
"5294",2004,221,13,30.962,1555.306,675.01,884.335,180.96,25.08,0.49225,2.93,0,14.2945576413668,1.27389823683491
"5295",2004,221,14,40.234,1367.741,585.205,767.51,166.16,25.52,0.46085,2.975,0,14.2945578648378,1.27440908898703
"5296",2004,221,15,51.0205,1098.181,458.66,605.99,144.145,25.72,0.46265,3.83,0,14.2945575490288,1.27491569407613
"5297",2004,221,16,62.3715,755.964,309.535,408.8,110.395,25.705,0.4641,3.775,0,14.2945575533935,1.27542100376029
"5298",2004,221,17,73.7985,394.91,159.67,206.485,66.29,25.11,0.5121,2.93,0,14.2945574651622,1.27593043827242
"5299",2004,221,18,84.851,85.721,35.605,39.745,14.195,23.855,0.6055,1.585,0,14.2945575271314,1.27645037702425
"5300",2004,221,19,95.7475,1.058,0.42,0,0,22.02,0.6876,2.725,0,14.2936276793013,1.27698143502721
"5301",2004,221,20,105.506,0.115,0,0,0,20.29,0.76045,2.295,0,14.3012045651795,1.27751525460173
"5302",2004,221,21,113.845,0.322,0,0,0,19.02,0.79345,2.68,0,14.3016225486364,1.27804349573556
"5303",2004,221,22,120.1075,0.437,0,0,0,18.135,0.8136,2.975,0,14.3017884139126,1.27856381402125
"5304",2004,221,23,123.566,0.46,0,0,0,17.345,0.85,2.66,0,14.3019761930502,1.27907553949534
"5305",2004,222,0,123.689,0.46,0,0,0,16.975,0.87855,2.255,0.846666666666667,14.3021752423403,1.27958016079276
"5306",2004,222,1,120.459,0.391,0,0,0,16.405,0.9096,1.07,0.846666666666667,14.3023691001292,1.28007825343237
"5307",2004,222,2,114.376,0.46,0,0,0,16.445,0.91205,1.415,0.846666666666667,14.3025456013846,1.28057243365678
"5308",2004,222,3,106.166,0.46,0,0,0,16.745,0.90415,2.12,0.846666666666667,14.3026956232198,1.28106912165754
"5309",2004,222,4,96.493,1.127,0.395,0.06,0.05,16.32,0.9207,1.685,0.846666666666667,14.3028150070962,1.28156485658283
"5310",2004,222,5,85.641,71.231,30.67,35.695,9.63,16.285,0.9139,2.22,0.846666666666667,14.315573245643,1.28205625391384
"5311",2004,222,6,74.6335,307.694,130.715,165.16,46.94,17.765,0.89195,2.425,0.846666666666667,14.3109593818445,1.2825573065263
"5312",2004,222,7,63.2275,471.385,202.755,258.555,67.305,19.935,0.82505,2.91,0.846666666666667,14.3108410800542,1.28307817800659
"5313",2004,222,8,51.8785,806.656,345.55,444.535,108.6,21.73,0.75515,3.585,0.846666666666667,14.3108392413178,1.28360950274625
"5314",2004,222,9,41.064,1159.154,499.895,648.31,152.04,24.11,0.66865,4.125,0.846666666666667,14.3108392478368,1.28413791033945
"5315",2004,222,10,31.6965,1035,445.445,570.78,133.9,24.96,0.63615,4.31,0.846666666666667,14.3108392062714,1.28465514748194
"5316",2004,222,11,25.6635,1500.267,643.07,823.345,180.385,25.79,0.62025,4.985,0.846666666666667,14.3108392179816,1.28516270468215
"5317",2004,222,12,25.47,1569.75,669.135,867.07,182.895,26.645,0.5953,6.02,0.846666666666667,14.3108392388943,1.28565806757164
"5318",2004,222,13,31.222,1521.266,644.905,842.985,179.44,27.54,0.5866,5.57,0.846666666666667,14.3108392924979,1.28613809454846
"5319",2004,222,14,40.462,1199.588,504.67,662.71,151.825,28.02,0.58745,5.67,0.846666666666667,14.3108394373352,1.28660423185969
"5320",2004,222,15,51.2305,880.693,366.08,478.25,117.98,28.14,0.59625,5.33,0.846666666666667,14.3108392528354,1.28706376424934
"5321",2004,222,16,62.575,632.178,259.775,340.285,93.475,28.03,0.6054,5.615,0.846666666666667,14.3108392580477,1.28752318357846
"5322",2004,222,17,74.0025,59.455,24.26,23.9,6.195,26.485,0.6641,4.895,0.846666666666667,14.3108389613908,1.28799977343876
"5323",2004,222,18,85.053,7.774,3.06,2.24,2.73,21.345,0.8171,5.085,0.846666666666667,14.2061841658696,1.28852643740957
"5324",2004,222,19,95.9775,0.69,0.26,0,0.315,19.76,0.87975,4.025,0.846666666666667,14.1972524033936,1.28907276207235
"5325",2004,222,20,105.753,0.46,0,0,0.03,19.765,0.8463,3.35,0.846666666666667,14.197422656863,1.28961660354291
"5326",2004,222,21,114.1135,0.46,0,0,0.02,19.815,0.8883,3.815,0.846666666666667,14.1975605017887,1.29016057611863
"5327",2004,222,22,120.3935,0.506,0,0,0.045,20.335,0.9134,4.08,0.846666666666667,14.1977306688775,1.29070593678982
"5328",2004,222,23,123.8585,0.46,0,0,0.035,20.07,0.9276,2.18,0.846666666666667,14.1979242162778,1.29125186138797
"5329",2004,223,0,123.975,0.46,0,0,0,19.16,0.9429,1.99,0,14.1981246720229,1.29179463679652
"5330",2004,223,1,120.7215,0.483,0,0,0.015,18.665,0.87405,3.29,0,14.1983219819113,1.2923324267679
"5331",2004,223,2,114.609,0.46,0,0,0,17.895,0.8766,1.795,0,14.1985020974116,1.29286431609005
"5332",2004,223,3,106.3695,0.46,0,0,0,16.58,0.90565,1.935,0,14.1986515513094,1.29338381648773
"5333",2004,223,4,96.673,1.311,0.4,0,0.015,15.635,0.95565,2.4,0,14.1987714330982,1.29388657842672
"5334",2004,223,5,85.7955,90.666,34.865,36.62,14.235,15.405,0.9414,2.78,0,14.2142091069514,1.29437828223995
"5335",2004,223,6,74.785,400.384,164.71,205.56,61.16,16.85,0.89,2.855,0,14.2111731167973,1.29487941733699
"5336",2004,223,7,63.3775,741.267,311.275,404.59,103.16,18.485,0.7994,5.275,0,14.2110962401604,1.29540252914364
"5337",2004,223,8,52.0355,1094.386,460.215,604.745,140.295,18.985,0.7341,6.095,0,14.2110950428716,1.29593702059928
"5338",2004,223,9,41.2435,1336.162,571.965,752.62,167.1,19.33,0.7007,6.28,0,14.2110950919009,1.29647496027417
"5339",2004,223,10,31.917,1365.418,590.785,782.38,174.48,19.87,0.68245,6.34,0,14.2110950390616,1.29701588056143
"5340",2004,223,11,25.9375,1169.734,508.135,673.04,153.89,20.115,0.6591,7.555,0,14.2110950864148,1.29755898273063
"5341",2004,223,12,25.7605,1148.114,502.975,667.655,159.225,20.26,0.6538,6.73,0,14.2110952394845,1.29810297828043
"5342",2004,223,13,31.487,753.181,330.195,437.03,111.73,20.025,0.6637,6.07,0,14.2110952142176,1.29864677501953
"5343",2004,223,14,40.6965,784.806,342.74,452.155,116.735,19.735,0.67965,6.1,0,14.2110950448928,1.29918930684804
"5344",2004,223,15,51.446,384.629,168.57,219.34,58.24,18.965,0.6954,5.955,0,14.2110950523907,1.29972856640242
"5345",2004,223,16,62.784,228.735,100.595,129.67,35.485,18.245,0.72905,5.735,0,14.2110950560774,1.30026185843757
"5346",2004,223,17,74.214,154.468,68.25,86.52,23.51,17.92,0.7407,4.455,0,14.2110950029538,1.30079000242716
"5347",2004,223,18,85.2585,24.61,10.91,11.17,3.5,17.475,0.78615,3.04,0,14.1956551712795,1.30131482839186
"5348",2004,223,19,96.211,0.322,0.06,0,0.015,17.125,0.7995,3.525,0,14.1557998546199,1.30183840249298
"5349",2004,223,20,106.0045,0,0,0,0.06,16.3,0.8075,3.975,0,14.156409487072,1.30235625370793
"5350",2004,223,21,114.3845,0.069,0,0,0.045,14.165,0.8766,3.635,0,14.156543729627,1.3028484020506
"5351",2004,223,22,120.6835,0.345,0,0,0,13.54,0.90285,3.275,0,14.1566991457178,1.30331211381737
"5352",2004,223,23,124.156,0.46,0,0,0,14.315,0.88675,2.68,0,14.1568869596952,1.30377748104628
"5353",2004,224,0,124.2645,0.437,0,0,0,14.09,0.904,2.215,0,14.1570865932001,1.30424898718701
"5354",2004,224,1,120.988,0.345,0,0,0,13.625,0.91665,2.165,0,14.1572795413824,1.30471276535415
"5355",2004,224,2,114.8465,0.322,0,0,0,12.565,0.9394,3.01,0,14.1574502863812,1.30515837017388
"5356",2004,224,3,106.5765,0.46,0,0,0,12.32,0.9338,2.68,0,14.1575933525957,1.30558747664568
"5357",2004,224,4,96.855,1.127,0.3,0,0.065,11.48,0.9396,2.42,0,14.1577098507261,1.30600194753261
"5358",2004,224,5,85.987,87.837,35.34,38.275,14.32,10.915,0.9368,1.925,0,14.1709151446939,1.30639594598555
"5359",2004,224,6,74.937,371.381,151.9,191.44,57.49,12,0.9091,2.3,0,14.1676467598165,1.30679681830153
"5360",2004,224,7,63.527,728.962,302.39,393.9,103.065,13.945,0.79625,3.97,0,14.1675648912392,1.30723797116191
"5361",2004,224,8,52.1935,1034.287,434.32,571.865,136.375,15.555,0.7152,5.58,0,14.1675636489702,1.3077194649082
"5362",2004,224,9,41.425,1175.346,508.075,670.81,158.315,16.945,0.66705,5.5,0,14.1675636750424,1.30822847089006
"5363",2004,224,10,32.143,1246.324,544.375,722.145,170.625,17.515,0.65165,6.455,0,14.1675636020101,1.30875218546781
"5364",2004,224,11,26.2155,1370.018,597.545,795.72,186.92,18.18,0.62195,7.875,0,14.1675636140487,1.30928359321197
"5365",2004,224,12,26.0585,1134.567,494.32,659.705,162.605,18.52,0.5798,8.525,0,14.1675636366976,1.3098204725541
"5366",2004,224,13,31.7585,1189.33,513.045,683.875,167.095,18.355,0.57035,8.405,0,14.167563696403,1.31035823054567
"5367",2004,224,14,40.936,996.475,430.53,574.075,144.965,18.135,0.55295,7.37,0,14.1675638585679,1.31089404670283
"5368",2004,224,15,51.6675,765.969,328.8,437.02,115.6,17.615,0.56675,7.245,0,14.167563641219,1.31142579275004
"5369",2004,224,16,62.9995,537.211,225.34,298.38,83.37,17.495,0.56005,5.795,0,14.1675636448423,1.3119537434086
"5370",2004,224,17,74.4295,224.986,95.48,123.37,37.85,16.79,0.60695,4.13,0,14.1675635811112,1.31247625377474
"5371",2004,224,18,85.5075,77.786,36.595,46.225,16.65,16.285,0.6734,2.44,0,14.1675636258924,1.31299000328372
"5372",2004,224,19,96.449,0.759,0.46,0.08,0.155,14.985,0.75065,2.355,0,14.1791969624033,1.3134878039874
"5373",2004,224,20,106.262,0.092,0,0,0,13.37,0.7908,2.075,0,14.1883779432065,1.31395529438355
"5374",2004,224,21,114.6625,0.184,0,0,0,12.105,0.8361,1.2,0,14.1887772514354,1.31438843267347
"5375",2004,224,22,120.978,0.092,0,0,0,11.71,0.85295,1.465,0,14.188933614699,1.31479987688571
"5376",2004,224,23,124.458,0.23,0,0,0,10.425,0.9026,1.86,0,14.1891059631515,1.31518751311864
"5377",2004,225,0,124.5585,0.23,0,0,0,9.94,0.91,1.925,0,14.1892915254422,1.3155487058505
"5378",2004,225,1,121.2575,0.391,0,0,0,8.985,0.93705,2.425,0,14.1894764008463,1.31588707599019
"5379",2004,225,2,115.084,0.46,0,0,0,8.5,0.94775,2.015,0,14.1896520202028,1.3162017703163
"5380",2004,225,3,106.783,0.46,0,0,0.035,9.1,0.9493,1.34,0,14.1897989075193,1.31651836969682
"5381",2004,225,4,97.038,0.69,0.04,0,0.17,10.1,0.9443,1.35,0,14.1899088565449,1.31686111222893
"5382",2004,225,5,86.1415,40.135,17.265,19.185,5.25,10.545,0.93485,1.28,0,14.1956347802823,1.31722627758759
"5383",2004,225,6,75.0895,169.809,76.425,95.79,24.215,11.13,0.9209,1.915,0,14.1724841330756,1.31760777916332
"5384",2004,225,7,63.6785,680.639,286.755,371.31,94.615,12.805,0.84935,2.945,0,14.1718888448493,1.31802236634049
"5385",2004,225,8,52.3545,986.838,423.11,553.47,133.61,14.545,0.71905,3.525,0,14.1718795043846,1.31847994851579
"5386",2004,225,9,41.609,1214.653,525.19,690.805,159.13,15.38,0.6556,3.815,0,14.1718795045836,1.31896538036747
"5387",2004,225,10,32.3695,431.71,188.87,251.02,64.92,15.285,0.6674,3.915,0,14.1718793700535,1.31945801231451
"5388",2004,225,11,26.497,261.901,112.825,146.595,39.59,15.015,0.70595,2.53,0,14.171879395175,1.3199471698614
"5389",2004,225,12,26.3625,597.977,261.745,344.315,89.06,15.745,0.65565,3.665,0,14.1718794606575,1.32044062978368
"5390",2004,225,13,32.034,276.966,117.64,154.07,41.41,15.275,0.68355,3.665,0,14.1718796608614,1.32093652265043
"5391",2004,225,14,41.182,228.16,97.11,125.085,33.56,15.185,0.6968,3.94,0,14.171879430545,1.32142721847733
"5392",2004,225,15,51.8945,225.653,96.88,125.265,34.015,14.57,0.7091,5.175,0,14.1718794950036,1.32191099765037
"5393",2004,225,16,63.218,236.026,99.61,125.95,31.565,14.43,0.71505,4.17,0,14.1718794056682,1.32238708571005
"5394",2004,225,17,74.6485,191.061,82.58,107.195,30.44,14.19,0.73415,4.715,0,14.1718793805021,1.32285913653992
"5395",2004,225,18,85.722,66.654,29.875,37.19,11.85,13.67,0.7781,3.535,0,14.1718793986024,1.32332281750156
"5396",2004,225,19,96.6925,0.299,0.14,0,0.015,13.005,0.8578,1.245,0,14.1768971452328,1.32377244686006
"5397",2004,225,20,106.5245,0.023,0,0,0.06,12.92,0.8922,0.51,0,14.1833337308143,1.32421232861272
"5398",2004,225,21,114.9435,0.322,0,0,0.01,12.84,0.90605,1.46,0,14.1836588024509,1.3246497760805
"5399",2004,225,22,121.2785,0.391,0,0,0,12.655,0.92,1.79,0,14.1838240267922,1.32508386092373
"5400",2004,225,23,124.764,0.138,0,0,0,12.505,0.9292,1.705,0,14.1840035641424,1.32551365529404
"5401",2004,226,0,124.853,0.138,0,0,0,12.45,0.92685,1.42,0,14.1841835428992,1.32594078459009
"5402",2004,226,1,121.528,0.391,0,0,0,12.35,0.92875,1.425,0,14.1843658406664,1.32636587552255
"5403",2004,226,2,115.3235,0.299,0,0,0,12.145,0.92945,2.42,0,14.1845379250868,1.32678693261531
"5404",2004,226,3,106.9935,0.437,0,0,0,11.15,0.944,2.41,0,14.1846813545952,1.32719158390726
"5405",2004,226,4,97.2215,0.897,0.23,0,0.005,9.795,0.95945,2.51,0,14.1847948587222,1.32756194231333
"5406",2004,226,5,86.296,58.811,22.36,22.6,6.97,9.265,0.96185,2.12,0,14.1942856069487,1.32790252576446
"5407",2004,226,6,75.245,358.363,147.71,184.375,57.51,10.965,0.917,3.07,0,14.1871846929523,1.32826127584075
"5408",2004,226,7,63.8325,729.997,307.265,399.905,106.055,13.28,0.81945,3.145,0,14.1870012704626,1.32867821258933
"5409",2004,226,8,52.515,1068.833,463.345,603.485,141.7,15.73,0.731,2.115,0,14.1869984122727,1.32915191617387
"5410",2004,226,9,41.794,1345.799,593.61,772.54,166.215,17.84,0.65035,2.35,0,14.1869983471843,1.32966632539388
"5411",2004,226,10,32.6005,1255.225,557.03,728.86,157.4,19.16,0.5526,3.07,0,14.1869983626777,1.33020180585766
"5412",2004,226,11,26.7825,749.593,333.65,440.505,108.435,19.325,0.5199,3.285,0,14.1869983936734,1.33074374290827
"5413",2004,226,12,26.6665,541.42,243.02,323.555,83.545,19.29,0.51925,3.355,0,14.1869984846606,1.33128614833744
"5414",2004,226,13,32.314,595.194,265.78,348.12,89.375,19.535,0.50555,3.385,0,14.18699877369,1.33182926939383
"5415",2004,226,14,41.4305,627.279,280.3,368.86,95.635,19.915,0.4361,2.475,0,14.1869983941989,1.3323743274733
"5416",2004,226,15,52.125,897.368,387.49,509.465,128.505,20.935,0.4003,1.875,0,14.1869984258187,1.33292250591351
"5417",2004,226,16,63.44,462.254,189.18,247.33,66.335,20.285,0.4847,2.165,0,14.1869984339713,1.33347136115934
"5418",2004,226,17,74.8735,158.263,70.01,86.945,22.52,19.045,0.6165,1.54,0,14.1869983758779,1.33401588609582
"5419",2004,226,18,85.9795,31.441,15.76,17.235,6.21,18.455,0.6951,0.965,0,14.1829857903544,1.33455410956763
"5420",2004,226,19,96.9405,0.552,0.27,0,0,17.54,0.7134,0.745,0,14.1509398716093,1.335087241459
"5421",2004,226,20,106.7895,0.069,0,0,0,16.055,0.73165,2.18,0,14.1519561865664,1.33560677852896
"5422",2004,226,21,115.2305,0.023,0,0,0,14.76,0.77375,1.135,0,14.1521033736863,1.33610310919779
"5423",2004,226,22,121.5795,0.023,0,0,0,13.45,0.83595,1.12,0,14.1522503470658,1.33657286450347
"5424",2004,226,23,125.074,0.161,0,0,0,12.26,0.8949,1.015,0,14.1524191443173,1.33701301728942
"5425",2004,227,0,125.1525,0.115,0,0,0,11.285,0.92835,1.235,0,14.1525997443203,1.33742447908355
"5426",2004,227,1,121.802,0.414,0,0,0,10.635,0.94425,0.205,0,14.1527821384876,1.33781265933357
"5427",2004,227,2,115.5635,0.46,0,0,0,10.34,0.96115,0.13,0,14.1529585871241,1.33818663947613
"5428",2004,227,3,107.2035,0.322,0,0,0,9.58,0.97215,0.59,0,14.1531042370407,1.3385441560875
"5429",2004,227,4,97.4075,0.736,0.2,0,0.005,8.995,0.97915,1.115,0,14.153212306639,1.33887997505805
"5430",2004,227,5,86.489,66.309,25.225,30.26,13.18,9.085,0.9832,1.005,0,14.1631589119143,1.33920720198253
"5431",2004,227,6,75.3995,358.064,152.455,186.965,55.38,10.32,0.9619,1.36,0,14.157679032499,1.33955578711676
"5432",2004,227,7,63.9855,628.705,269.54,346.235,90.385,13.915,0.83885,1.865,0,14.1575389610106,1.33997500312023
"5433",2004,227,8,52.6795,1046.155,455.09,591.95,139.665,16.715,0.7323,1.735,0,14.1575367859278,1.34046820982798
"5434",2004,227,9,41.9835,1326.709,583.265,761.16,165.07,18.65,0.6426,2.105,0,14.1575367737591,1.34099860524071
"5435",2004,227,10,32.833,1509.352,670.395,874.73,180.495,20.02,0.56505,1.98,0,14.1575367491975,1.34154504474169
"5436",2004,227,11,27.071,1315.048,582.635,763.885,162.64,20.57,0.50045,2.115,0,14.1575367759093,1.34209696509129
"5437",2004,227,12,26.9775,1272.498,564.58,742.01,162.48,21.065,0.44115,2.485,0,14.1575368520352,1.34265051725876
"5438",2004,227,13,32.6,1119.985,496.79,651.445,151.425,21.395,0.43915,2.095,0,14.1575370913881,1.34320473891699
"5439",2004,227,14,41.685,736.069,321.075,424.665,106.815,20.84,0.49405,3.775,0,14.1575367895766,1.34375881130132
"5440",2004,227,15,52.3595,906.223,395.06,529.88,139.86,20.99,0.49385,4.025,0,14.157536832634,1.34431259829943
"5441",2004,227,16,63.6685,694.623,295.425,394.94,111.975,21.045,0.4762,3.23,0,14.1575368405842,1.34486656920867
"5442",2004,227,17,75.1025,287.477,123.355,158.4,48.075,20.59,0.5029,2.35,0,14.1575367631598,1.34542012656744
"5443",2004,227,18,86.202,58.627,26.02,29.845,11.095,19.47,0.5843,1.865,0,14.1575364432267,1.34597075799148
"5444",2004,227,19,97.189,0.437,0.235,0,0,17.765,0.66815,2.085,0,14.1623836511342,1.34651090055548
"5445",2004,227,20,107.059,0.023,0,0,0,15.55,0.7742,2.645,0,14.1676870693355,1.34702625515144
"5446",2004,227,21,115.521,0.23,0,0,0,13.905,0.84365,2,0,14.1679683958504,1.3475072462477
"5447",2004,227,22,121.8885,0.368,0,0,0,13.53,0.85325,2.205,0,14.1681304866874,1.34796655931895
"5448",2004,227,23,125.3885,0.276,0,0,0,12.11,0.8999,2.525,0,14.1683132349024,1.34840400366333
"5449",2004,228,0,125.456,0.345,0,0,0,12.145,0.9103,2.055,0,14.1685033889642,1.34882358491892
"5450",2004,228,1,122.0795,0.46,0,0,0.005,11.105,0.93265,2.17,0,14.1686950367848,1.34922925541554
"5451",2004,228,2,115.8075,0.437,0,0,0.005,9.8,0.9574,2.365,0,14.1688727056939,1.34960052702313
"5452",2004,228,3,107.415,0.437,0,0,0.01,9.535,0.96135,1.585,0,14.169019443216,1.34994734871624
"5453",2004,228,4,97.593,0.713,0.13,0,0.075,10.03,0.94245,2.47,0,14.1691296816448,1.35029782026195
"5454",2004,228,5,86.648,65.366,26.595,30.155,13.415,9.65,0.93655,2.465,0,14.1782549334722,1.35064971628614
"5455",2004,228,6,75.5545,353.05,148.5,186.96,59.025,10.86,0.9146,1.845,0,14.17255188268,1.35101433185437
"5456",2004,228,7,64.1415,717.899,305.055,396.335,105.68,14.725,0.8476,2.36,0,14.1724068293507,1.35144931570883
"5457",2004,228,8,52.8455,1060.99,455.4,599.2,143.19,17.175,0.78695,3.735,0,14.1724045816331,1.35195223696169
"5458",2004,228,9,42.175,1354.585,592.325,778.745,173.21,18.86,0.7086,4.295,0,14.1724045630769,1.35248461010391
"5459",2004,228,10,33.07,1534.077,681.845,897.46,195.375,19.875,0.6339,4.03,0,14.1724045469195,1.35302932784391
"5460",2004,228,11,27.364,1546.267,687.43,903.57,192.575,20.79,0.57075,3.21,0,14.172404560369,1.35357924347827
"5461",2004,228,12,27.29,1370.248,608.495,796.55,169.12,21.415,0.52455,2.735,0,14.1724045436051,1.35413119869075
"5462",2004,228,13,32.89,1040.152,457.15,595.46,133.45,22.04,0.4707,2.27,0,14.1724045519241,1.35468332854748
"5463",2004,228,14,41.9455,703.869,308.59,397.28,94.66,22.28,0.4647,1.735,0,14.1724045642154,1.35523486315971
"5464",2004,228,15,52.5995,1092.132,472.025,624.905,157.705,23.42,0.4304,1.52,0,14.1724045842322,1.35578388612473
"5465",2004,228,16,63.899,757.85,326.635,436.46,124.21,23.505,0.42925,1.405,0,14.172404589316,1.35632965397237
"5466",2004,228,17,75.333,366.666,165.62,223.02,76.29,23.05,0.4516,1.58,0,14.1724045440111,1.35687656875526
"5467",2004,228,18,86.4655,65.941,29.265,33.445,13.265,21.425,0.54285,1.47,0,14.1724044456027,1.35742755774395
"5468",2004,228,19,97.446,0.299,0.095,0,0,18.945,0.6589,1.63,0,14.1787745135354,1.35797572055264
"5469",2004,228,20,107.334,0,0,0,0,18.405,0.6637,1.23,0,14.1852693390379,1.35851369430664
"5470",2004,228,21,115.816,0.276,0,0,0,17.835,0.64965,1.475,0,14.1855911434277,1.35904572429033
"5471",2004,228,22,122.2,0.299,0,0,0,16.865,0.68585,1.43,0,14.1857532181257,1.35956852711344
"5472",2004,228,23,125.7065,0.391,0,0,0,14.835,0.80085,2.395,0,14.1859364257779,1.36006823154309
"5473",2004,229,0,125.762,0.299,0,0,0,13.24,0.87555,1.23,0,14.1861295143557,1.3605323862045
"5474",2004,229,1,122.358,0.437,0,0,0,12.535,0.9018,0.76,0,14.1863185934588,1.36096966593794
"5475",2004,229,2,116.052,0.46,0,0,0,12.315,0.91225,0.8,0,14.1864958899364,1.36139517285123
"5476",2004,229,3,107.628,0.414,0,0,0,12.545,0.9099,1.385,0,14.186643077741,1.36182079181129
"5477",2004,229,4,97.7795,0.621,0.13,0,0.005,11.95,0.92175,2.085,0,14.1867518530063,1.36224157637447
"5478",2004,229,5,86.805,66.263,27.75,31.65,11.49,10.63,0.94435,1.59,0,14.1958091084916,1.36263539741168
"5479",2004,229,6,75.712,361.767,152.895,191.56,59.95,12.995,0.8958,0.75,0,14.1902373848745,1.36304330456324
"5480",2004,229,7,64.297,576.426,245.72,315.83,83.825,16.115,0.8201,0.77,0,14.1900960161784,1.3635172545275
"5481",2004,229,8,53.012,990.173,427.76,559.39,135.215,19.315,0.6855,1.635,0,14.1900938252808,1.36404285121646
"5482",2004,229,9,42.3675,1325.812,579.155,760.075,168.965,21.585,0.52985,3.135,0,14.1900938120122,1.36459012907075
"5483",2004,229,10,33.31,1537.504,678.26,890.76,188.13,22.515,0.4085,3.695,0,14.1900937887589,1.3651392819066
"5484",2004,229,11,27.6605,1595.004,706.8,929.445,194.93,23.09,0.37515,3.435,0,14.1900938175558,1.36568617517068
"5485",2004,229,12,27.6105,1619.683,714.9,942.4,201.86,23.635,0.36205,3.575,0,14.1900939012462,1.36623008388893
"5486",2004,229,13,33.1855,1454.75,635.25,841.135,189.35,24.015,0.35345,3.69,0,14.1900941657989,1.36677072930858
"5487",2004,229,14,42.209,1248.325,536.72,713.435,169.22,24.36,0.358,3.72,0,14.1900938231625,1.36730828183409
"5488",2004,229,15,52.845,918.068,391.88,521.27,135.095,24.39,0.37725,3.06,0,14.1900938586451,1.36784406888158
"5489",2004,229,16,64.137,638.296,263.77,352.48,101.86,24.28,0.3913,2.945,0,14.1900938648237,1.36838024501767
"5490",2004,229,17,75.5705,337.939,138.135,178.07,61.675,23.84,0.4337,2.375,0,14.190093801897,1.36891892833729
"5491",2004,229,18,86.6975,54.924,23.985,25.295,10.05,22.065,0.5388,2.54,0,14.1900928672773,1.36946472408558
"5492",2004,229,19,97.705,0.253,0.07,0,0,19.915,0.6247,3.185,0,14.1904291978767,1.37001341958002
"5493",2004,229,20,107.6095,0,0,0,0,17.94,0.6932,3.21,0,14.1948112854815,1.37055164271567
"5494",2004,229,21,116.1145,0,0,0,0,15.715,0.7821,3.05,0,14.1950632139616,1.371065559976
"5495",2004,229,22,122.515,0.253,0,0,0,14.735,0.81005,3.35,0,14.1952156754563,1.37155313905713
"5496",2004,229,23,126.029,0.092,0,0,0,14.805,0.7958,2.79,0,14.1953896529522,1.37203191504953
"5497",2004,230,0,126.071,0.345,0,0,0,14.42,0.8098,2.78,0,14.195572982608,1.37250744821005
"5498",2004,230,1,122.6385,0.437,0,0,0,14.215,0.81275,2.615,0,14.1957636949787,1.37297679232672
"5499",2004,230,2,116.2985,0.322,0,0,0,15.57,0.75115,2.985,0,14.1959375588007,1.37345774525637
"5500",2004,230,3,107.84,0.161,0,0,0,16.04,0.7349,3.24,0,14.1960765713485,1.37395581726176
"5501",2004,230,4,97.966,0.253,0.01,0,0,16.385,0.72405,3.215,0,14.1961748723378,1.3744607220037
"5502",2004,230,5,87.002,24.357,10.15,9.805,2.905,16.365,0.7368,2.96,0,14.1991379481229,1.37496803696996
"5503",2004,230,6,75.8705,159.275,67.8,84.215,22.365,16.85,0.73945,3.46,0,14.1348467776876,1.37548293891692
"5504",2004,230,7,64.4545,484.909,206.545,263.4,68.895,18.845,0.7017,4.145,0,14.1329281763913,1.37601842986862
"5505",2004,230,8,53.18,861.672,368.47,478.875,119.015,20.51,0.671,4.88,0,14.1328977809409,1.37657037119584
"5506",2004,230,9,42.5635,1219.644,527.905,690.43,163.46,22.255,0.66245,4.92,0,14.1328973938403,1.37712772355809
"5507",2004,230,10,33.553,1423.263,614.21,800.81,175.255,23.64,0.67485,4.575,0,14.1328974835577,1.37768168815796
"5508",2004,230,11,27.9595,1578.421,681.055,891.64,191.96,25.13,0.6572,4.89,0,14.1328978104247,1.3782248633539
"5509",2004,230,12,27.931,1317.256,565.79,741.37,171.725,25.84,0.64095,5.045,0,14.1328974312138,1.37875508751893
"5510",2004,230,13,33.484,1148.758,491.585,643.265,151.91,26.36,0.623,5.38,0,14.1328975391128,1.37927603687954
"5511",2004,230,14,42.4785,627.003,268.895,348.135,88.7,26.905,0.5926,5.235,0,14.132897844074,1.37978778779856
"5512",2004,230,15,53.0945,690.828,292.265,381.675,101.52,27.28,0.58295,5.4,0,14.1328974062234,1.38029076595927
"5513",2004,230,16,64.3775,510.416,211.02,275.295,77.135,27.245,0.58785,5.585,0,14.1328974113857,1.38079031304768
"5514",2004,230,17,75.811,177.031,76.45,95.59,27.165,26.065,0.64375,4.275,0,14.1328973535724,1.38130148112042
"5515",2004,230,18,86.9685,40.94,17.415,17.97,5.55,24.405,0.7266,3.34,0,14.1326988687389,1.38183476410205
"5516",2004,230,19,97.968,0.092,0.015,0,0,22.345,0.81365,2.94,0,14.119817029392,1.38238687012984
"5517",2004,230,20,107.892,0,0,0,0,21.885,0.8289,2.935,0,14.121963111781,1.3829456695691
"5518",2004,230,21,116.416,0,0,0,0,21.275,0.85135,4.035,0,14.1221425932881,1.38350491453615
"5519",2004,230,22,122.8365,0,0,0,0.005,21.195,0.86245,3.34,0,14.1222885118561,1.38406408118066
"5520",2004,230,23,126.3535,0.069,0,0,0.005,20.465,0.8855,2.31,0,14.1224540046041,1.38462252053201
"5521",2004,231,0,126.386,0.46,0,0,0,20.065,0.89815,1.315,0,14.1226403529853,1.38517919891899
"5522",2004,231,1,122.9235,0.46,0,0,0,19.14,0.9317,1.38,0,14.1228366169333,1.38573233833307
"5523",2004,231,2,116.5465,0.46,0,0,0.01,18.595,0.9564,1.97,0,14.1230158523251,1.38628009169626
"5524",2004,231,3,108.055,0.46,0,0,0.005,17.71,0.96535,1.915,0,14.1231646170405,1.38682085189401
"5525",2004,231,4,98.1535,0.69,0.03,0,0.025,16.845,0.97855,2.535,0,14.1232760705277,1.38735102145087
"5526",2004,231,5,87.1615,46.897,21.755,24.92,7.14,17.295,0.9807,2.005,0,14.1330875618328,1.38787776154933
"5527",2004,231,6,76.029,91.103,40.47,48.845,12.99,18.06,0.9811,2.745,0,14.1202776888536,1.38841261505585
"5528",2004,231,7,64.6125,283.084,124.625,161.325,42.84,18.86,0.9822,2.61,0,14.119930916938,1.3889569614789
"5529",2004,231,8,53.3515,663.711,289.4,377.18,98.035,21.17,0.93625,2.925,0,14.1199254203942,1.38951217882237
"5530",2004,231,9,42.76,708.423,305.035,394.345,96.425,23.32,0.8254,4.305,0,14.1199253630461,1.39007018165797
"5531",2004,231,10,33.799,1073.065,463.665,604.255,144,24.8,0.75115,5.245,0,14.1199254642227,1.39061819661167
"5532",2004,231,11,28.262,1062.209,461.01,601.78,145.595,25.78,0.6935,5.025,0,14.1199253473069,1.3911527358477
"5533",2004,231,12,28.258,1347.754,578.73,760.15,174.36,27.005,0.6017,5.015,0,14.1199253622493,1.39167024215058
"5534",2004,231,13,33.7885,910.524,390.805,510.55,125.905,27.25,0.60115,4.49,0,14.1199253935404,1.39217415484842
"5535",2004,231,14,42.752,835.958,358.515,466.105,116.09,27.265,0.62835,2.935,0,14.1199254722252,1.39267542049002
"5536",2004,231,15,53.348,856.428,367.29,477.785,122.73,27.84,0.60995,1.915,0,14.119925638717,1.39317036671813
"5537",2004,231,16,64.623,596.804,253.615,327.6,91.36,28.285,0.58805,1.195,0,14.1199253674852,1.39365371414112
"5538",2004,231,17,76.0555,277.587,115.6,143.14,47.22,27.45,0.64605,2.175,0,14.1199253560219,1.39414154250778
"5539",2004,231,18,87.2085,21.022,8.045,5.88,2.035,25.15,0.7677,3.975,0,14.107255849036,1.39466087855976
"5540",2004,231,19,98.236,0.092,0,0,0.095,23.59,0.8405,4.395,0,14.0634671402545,1.39521058974962
"5541",2004,231,20,108.1785,0,0,0,0.03,22.985,0.8297,4.405,0,14.0640517773724,1.39577234163334
"5542",2004,231,21,116.7235,0.046,0,0,0.01,23.545,0.78225,4.795,0,14.0641837948366,1.39633419224182
"5543",2004,231,22,123.16,0.207,0,0,0.395,22.415,0.76565,4.935,0,14.0643351697641,1.3968974917
"5544",2004,231,23,126.6835,0.46,0,0,0,21.075,0.80255,1.84,0,14.0645173411368,1.39746438043988
"5545",2004,232,0,126.7005,0.46,0,0,0,20.58,0.8186,2.25,0.0529166666666667,14.0647189492773,1.39803080086377
"5546",2004,232,1,123.2085,0.46,0,0,0,20.015,0.84615,2.185,0.0529166666666667,14.064916212425,1.39859550934168
"5547",2004,232,2,116.796,0.46,0,0,0,19.31,0.89865,2.425,0.0529166666666667,14.0650958181302,1.39915694008667
"5548",2004,232,3,108.2705,0.46,0,0,0,18.74,0.91545,2.32,0.0529166666666667,14.0652451540449,1.39971381356709
"5549",2004,232,4,98.342,0.529,0.03,0,0,18.765,0.9117,2.22,0.0529166666666667,14.0653545238142,1.4002683672033
"5550",2004,232,5,87.321,44.413,19,21.025,5.975,18.07,0.9385,2.375,0.0529166666666667,14.0766636400936,1.40081889468893
"5551",2004,232,6,76.1875,189.129,85.675,107.325,29.455,18.955,0.94865,1.9,0.0529166666666667,14.0618662227661,1.40137055961267
"5552",2004,232,7,64.773,351.417,154.47,193.095,47.965,20.305,0.9183,3.115,0.0529166666666667,14.0614593042149,1.40193206251535
"5553",2004,232,8,53.5205,393.3,175.05,224.055,57.765,21.145,0.88035,3.075,0.0529166666666667,14.061452818329,1.40249859925547
"5554",2004,232,9,42.9605,354.384,154.44,198.085,51.07,21.405,0.8635,2.37,0.0529166666666667,14.0614527128736,1.40306615804293
"5555",2004,232,10,34.0475,343.551,147.97,191.325,50.56,21.34,0.86315,2.695,0.0529166666666667,14.0614527356409,1.40363378436196
"5556",2004,232,11,28.568,507.656,217.35,284.825,74.74,20.42,0.87005,4.165,0.0529166666666667,14.061452791278,1.40420066741461
"5557",2004,232,12,28.589,635.881,272.045,356.445,89.35,19.655,0.869,4.135,0.0529166666666667,14.0614529708661,1.40476463448824
"5558",2004,232,13,34.0975,712.609,310.73,403.755,101.425,19.975,0.86015,3.755,0.0529166666666667,14.061452859775,1.40532749593213
"5559",2004,232,14,43.031,461.702,200.075,259.16,66.625,20.14,0.85485,2.99,0.0529166666666667,14.0614527537665,1.40589163680058
"5560",2004,232,15,53.6055,332.58,145.42,187.28,48.295,20.395,0.8445,2.39,0.0529166666666667,14.0614527770506,1.40645671536413
"5561",2004,232,16,64.8725,273.148,119.17,151.93,38.365,20.17,0.86745,1.98,0.0529166666666667,14.0614527884538,1.40702185768713
"5562",2004,232,17,76.305,137.908,62.53,79.285,22.66,20.17,0.8533,2.455,0.0529166666666667,14.0614527380626,1.40758652551488
"5563",2004,232,18,87.45,23.115,10.655,10.77,2.94,19.795,0.87615,0.49,0.0529166666666667,14.0422516553569,1.40815157838916
"5564",2004,232,19,98.506,0.322,0.03,0,0,19.255,0.90625,1.325,0.0529166666666667,14.0088827415776,1.40871746169974
"5565",2004,232,20,108.468,0.345,0,0,0,18.505,0.93265,1.28,0.0529166666666667,14.0094902857235,1.40928052720417
"5566",2004,232,21,117.033,0.46,0,0,0.03,17.815,0.9524,1.44,0.0529166666666667,14.0096383213058,1.40983642747479
"5567",2004,232,22,123.488,0.46,0,0,0,17.51,0.95965,1.29,0.0529166666666667,14.0098084709536,1.41038647723208
"5568",2004,232,23,127.016,0.46,0,0,0,17.8,0.9534,1.09,0.0529166666666667,14.0100008698016,1.41093641021961
"5569",2004,233,0,127.019,0.46,0,0,0.065,17.79,0.94435,1.55,0.370416666666667,14.0102025433607,1.41148806447741
"5570",2004,233,1,123.496,0.46,0,0,0.01,17.7,0.94335,1.17,0.370416666666667,14.0104002839868,1.41203907895794
"5571",2004,233,2,117.047,0.46,0,0,0.045,17.08,0.96555,1.91,0.370416666666667,14.0105799854208,1.412585447166
"5572",2004,233,3,108.4865,0.46,0,0,0.17,17.035,0.9672,2.3,0.370416666666667,14.0107294322886,1.41312720885504
"5573",2004,233,4,98.5315,0.46,0,0,0.345,16.28,0.9433,4.2,0.370416666666667,14.0108380827028,1.41366286513752
"5574",2004,233,5,87.518,6.624,2.23,0.995,0.975,15.755,0.9457,4.235,0.370416666666667,14.0109611257382,1.41418792439047
"5575",2004,233,6,76.3475,35.305,14.035,14.315,4.275,15.42,0.9394,4.65,0.370416666666667,13.9449619564413,1.41470915745505
"5576",2004,233,7,64.933,60.697,23.285,25.785,6.52,15.155,0.9514,4.845,0.370416666666667,13.8665210007756,1.41523307606103
"5577",2004,233,8,53.6945,92.161,35.425,42.1,10.45,14.515,0.9571,4.29,0.370416666666667,13.8649227515934,1.41575211915504
"5578",2004,233,9,43.162,279.45,110.06,139.725,33.415,14.005,0.95,4.975,0.370416666666667,13.8649011714655,1.416258383905
"5579",2004,233,10,34.3,296.056,118.585,151.675,37.025,14.35,0.95775,4.48,0.370416666666667,13.8649009362941,1.41676274076495
"5580",2004,233,11,28.8785,395.554,158.195,203.93,49.47,15.17,0.9525,4.72,0.370416666666667,13.8649011352098,1.41728021778158
"5581",2004,233,12,28.921,618.24,256.665,334.03,80.685,16.14,0.9388,4.02,0.370416666666667,13.8649010426675,1.41781602158865
"5582",2004,233,13,34.4095,824.688,357.115,459.885,109.765,18.56,0.87635,3.81,0.370416666666667,13.864900911255,1.41837936309481
"5583",2004,233,14,43.312,312.225,131.35,166.88,41.875,18.145,0.8787,5.735,0.370416666666667,13.8649009476999,1.41895588598032
"5584",2004,233,15,53.869,156.032,64.595,80.935,21.195,16.215,0.91725,5.83,0.370416666666667,13.8649010216923,1.4195170846731
"5585",2004,233,16,65.1245,527.321,222.155,288.07,78.385,17.43,0.86655,4.19,0.370416666666667,13.8649009357592,1.42007318156308
"5586",2004,233,17,76.5565,272.021,112.215,143.99,43.385,18.105,0.85185,2.705,0.370416666666667,13.8649009117816,1.42064280437148
"5587",2004,233,18,87.735,21.919,9.13,8.87,2.615,17.425,0.8785,2.235,0.370416666666667,13.8541300237019,1.42121305834546
"5588",2004,233,19,98.781,0.115,0.05,0,0.005,16.365,0.9196,1.595,0.370416666666667,13.8163216967578,1.42177388896198
"5589",2004,233,20,108.7605,0.023,0,0,0,14.81,0.9551,1.78,0.370416666666667,13.8169868638937,1.42231376430302
"5590",2004,233,21,117.3485,0.092,0,0,0.015,13.79,0.9727,1.37,0.370416666666667,13.8171200458301,1.42282609593703
"5591",2004,233,22,123.8195,0.46,0,0,0,13,0.98415,1.185,0.370416666666667,13.8172780858452,1.42331619111283
"5592",2004,233,23,127.353,0.46,0,0,0,11.76,0.98625,0.71,0.370416666666667,13.8174702358682,1.42377857094691
"5593",2004,234,0,127.34,0.46,0,0,0.01,11.14,0.9886,0.635,0,13.8176734101667,1.42421345708276
"5594",2004,234,1,123.7865,0.46,0,0,0.03,10.875,0.9892,0.185,0,13.8178727275999,1.42463448901033
"5595",2004,234,2,117.2975,0.46,0,0,0,10.91,0.99105,0.345,0,13.8180554256348,1.42505183179296
"5596",2004,234,3,108.7035,0.46,0,0,0.005,10.43,0.9905,0.89,0,13.8182079618113,1.42546193481987
"5597",2004,234,4,98.721,0.552,0.04,0,0,9.595,0.99105,1.08,0,13.8183213954375,1.42585005448592
"5598",2004,234,5,87.682,47.311,18.06,21.05,8.845,9.655,0.99175,1.115,0,13.8460981662895,1.4262237631827
"5599",2004,234,6,76.5075,308.591,130.555,158.7,47.49,11.535,0.99155,1.145,0,13.8374545229915,1.42662906526007
"5600",2004,234,7,65.095,651.498,280.65,357.565,94.135,14.755,0.9559,1.945,0,13.837155321929,1.42710947327064
"5601",2004,234,8,53.87,985.205,426.585,555.025,130.945,17.51,0.8686,1.815,0,13.8371503288153,1.42765652964225
"5602",2004,234,9,43.367,1246.232,550.25,718.635,156.76,19.975,0.76905,1.6,0,13.8371502467535,1.428239670997
"5603",2004,234,10,34.5535,1450.449,641.87,840.73,175.24,21.54,0.69305,2.025,0,13.8371502817542,1.42883565102695
"5604",2004,234,11,29.1905,1498.174,662.9,872.025,182.89,22.43,0.6538,2.75,0,13.837150388014,1.42943243095404
"5605",2004,234,12,29.2575,1484.65,654.27,863.82,184.25,23.075,0.60115,2.725,0,13.837150760872,1.43002684299752
"5606",2004,234,13,34.7265,1499.508,658.37,875.275,197.48,23.835,0.54065,2.64,0,13.8371502926796,1.43061709894626
"5607",2004,234,14,43.5995,1284.044,553.41,736.755,173.245,24.09,0.53545,2.665,0,13.8371503515849,1.43120329811769
"5608",2004,234,15,54.1345,933.225,395.655,528.08,134.445,24.22,0.5343,2.085,0,13.8371504831523,1.43178767991221
"5609",2004,234,16,65.383,621.207,259.895,345.415,98.22,24.21,0.54565,1.87,0,13.8371502820746,1.43237146664809
"5610",2004,234,17,76.813,283.199,116.815,150.06,51.515,23.335,0.5996,2.17,0,13.8371502654423,1.43295921828909
"5611",2004,234,18,87.9825,41.584,18.56,18.365,6.715,21.885,0.69865,1.09,0,13.8370681978197,1.43355399019115
"5612",2004,234,19,99.0585,0.092,0.02,0,0,20.74,0.71405,1.08,0,13.8350902703319,1.4341511928798
"5613",2004,234,20,109.0575,0.092,0,0,0,19.285,0.7826,0.22,0,13.8377760673575,1.43474437778706
"5614",2004,234,21,117.664,0,0,0,0,18.015,0.85035,0.945,0,13.8379641171854,1.43532715122725
"5615",2004,234,22,124.155,0.138,0,0,0,16.7,0.8993,1.27,0,13.8381134361136,1.43589441795626
"5616",2004,234,23,127.693,0.253,0,0,0,16.31,0.90825,1.03,0,13.8382890465634,1.4364487411729
"5617",2004,235,0,127.665,0.437,0,0,0,15.255,0.9359,2.065,0,13.8384830880448,1.43699003391688
"5618",2004,235,1,124.0765,0.437,0,0,0,14.28,0.96565,2.245,0,13.8386805676108,1.43751058776167
"5619",2004,235,2,117.5505,0.46,0,0,0,13.77,0.98,1.355,0,13.838861653313,1.43801414932479
"5620",2004,235,3,108.921,0.46,0,0,0,13.545,0.98495,1.69,0,13.8390137362674,1.43850870670511
"5621",2004,235,4,98.9105,0.552,0.03,0,0.025,13.215,0.98755,2.35,0,13.8391264028702,1.43899619573934
"5622",2004,235,5,87.8425,39.123,15.725,18.3,7.78,12.97,0.9718,2.825,0,13.8628891303729,1.43947494264873
"5623",2004,235,6,76.67,261.832,114.25,140.13,42.61,13.97,0.9462,1.79,0,13.8465035351957,1.43996300387512
"5624",2004,235,7,65.2595,601.151,258.06,331.395,90.64,17.77,0.8719,2.845,0,13.8459386343215,1.44050336125706
"5625",2004,235,8,54.047,940.838,408.43,537.33,132.13,20.62,0.75625,3.885,0,13.8459291857147,1.4410890795069
"5626",2004,235,9,43.5745,1227.533,536.805,708.715,161.27,22.425,0.66665,4.96,0,13.8459293020229,1.44168479199537
"5627",2004,235,10,34.8115,1452.795,635.77,841.195,181.035,23.535,0.61475,4.905,0,13.845929065678,1.44227682540264
"5628",2004,235,11,29.5075,1558.756,681.3,903.65,189.87,24.47,0.5795,4.4,0,13.8459291029418,1.44286142671946
"5629",2004,235,12,29.598,1572.924,681.855,906.815,191.68,25.27,0.5446,4.19,0,13.8459292151625,1.44343660125675
"5630",2004,235,13,35.047,1477.98,630.625,844.44,186.185,25.815,0.51715,5.115,0,13.8459295811731,1.44400249401888
"5631",2004,235,14,43.8895,1282.825,537.19,724.95,170.36,26.27,0.4925,5.435,0,13.8459290953519,1.4445603111685
"5632",2004,235,15,54.4065,1004.318,412.99,559.965,143.105,26.6,0.4813,5.04,0,13.8459291248446,1.44511110053637
"5633",2004,235,16,65.644,660.905,266.46,358.73,104.665,26.66,0.45365,4.53,0,13.8459291501051,1.44565817963297
"5634",2004,235,17,77.073,301.829,121.11,152.505,54.55,25.83,0.53165,2.63,0,13.8459290821247,1.44621235923232
"5635",2004,235,18,88.275,43.24,17.6,17.955,8.425,23.28,0.67365,3.27,0,13.8458840410211,1.44679036789256
"5636",2004,235,19,99.3415,0.069,0,0,0,20.68,0.7758,2.9,0,13.8452536831092,1.44738517742921
"5637",2004,235,20,109.358,0.092,0,0,0,19.345,0.8187,2.655,0,13.8481992518366,1.44797710216467
"5638",2004,235,21,117.986,0.23,0,0,0,17.78,0.871,1.435,0,13.8483991612235,1.44855758429495
"5639",2004,235,22,124.4935,0.184,0,0,0,17.47,0.8649,1.95,0,13.8485557117027,1.44912743658427
"5640",2004,235,23,128.036,0.322,0,0,0,17.25,0.86405,1.85,0,13.8487345394427,1.4496936703886
"5641",2004,236,0,127.991,0.46,0,0,0,16.74,0.87785,1.895,0,13.8489317111497,1.45025452476925
"5642",2004,236,1,124.3705,0.46,0,0,0,16.65,0.88465,1.925,0,13.8491310874102,1.45081069538972
"5643",2004,236,2,117.805,0.46,0,0,0,16.285,0.9013,2.56,0,13.8493128111594,1.45136308244907
"5644",2004,236,3,109.1395,0.46,0,0,0,15.78,0.9209,2.755,0,13.8494652420114,1.45190783268744
"5645",2004,236,4,99.103,0.529,0.035,0,0,15.35,0.9355,2.595,0,13.8495778344251,1.4524437694373
"5646",2004,236,5,88.004,48.392,19.59,21.485,7.515,15.58,0.93515,2.335,0,13.875897661179,1.45297622740674
"5647",2004,236,6,76.8335,307.119,122.805,151.18,46.765,17.56,0.9099,2.235,0,13.8674495629939,1.45352715271268
"5648",2004,236,7,65.4225,637.008,265.68,339.26,92.48,20.415,0.8706,2.61,0,13.8671664366065,1.45410844447969
"5649",2004,236,8,54.2245,962.665,409.375,533.1,129.345,23.06,0.8237,2.375,0,13.8671617395532,1.45470076615433
"5650",2004,236,9,43.783,1240.229,530.52,695.03,156.735,25.055,0.7816,2.93,0,13.8671618820071,1.45528168741161
"5651",2004,236,10,35.071,1125.367,489.855,641.055,147.07,26.375,0.70655,3.465,0,13.8671617004653,1.45584208462718
"5652",2004,236,11,29.8245,1081.483,469.28,611.695,138.52,27.15,0.65215,4.46,0,13.8671618301818,1.45638395068003
"5653",2004,236,12,29.942,1349.686,585.075,770.665,174.645,27.895,0.6219,4.825,0,13.8671622923954,1.45690950451114
"5654",2004,236,13,35.372,915.308,393.015,512.335,121.33,28.01,0.61485,4.575,0,13.8671616954607,1.45742488250466
"5655",2004,236,14,44.1855,870.435,373.245,487.615,121.645,28.14,0.61195,4.255,0,13.8671617393241,1.45793719703221
"5656",2004,236,15,54.6815,735.103,314.66,409.96,106.89,28.21,0.6184,4.14,0,13.8671618349078,1.45844696779672
"5657",2004,236,16,65.91,246.353,105.775,131.18,33.57,27.155,0.67505,3.605,0,13.8671616960891,1.45896869436643
"5658",2004,236,17,77.3355,49.933,21.52,23.2,6.94,25.595,0.76165,2.9,0,13.8671446938755,1.45951768904537
"5659",2004,236,18,88.53,17.28772,6.44,5.605,2.3,23.99,0.80565,3.23,0,13.7896254621672,1.46009569838279
"5660",2004,236,19,99.627,0.12857,0,0,0.065,22.515,0.85435,3.07,0,13.7831498617142,1.46069345802833
"5661",2004,236,20,109.66,0,0,0,0,21.795,0.88695,2.885,0,13.7834025233496,1.46129674565217
"5662",2004,236,21,118.31,0.00989,0,0,0.005,21.095,0.9175,3.03,0,13.7835248804576,1.46190079390254
"5663",2004,236,22,124.835,0.01978,0,0,0.01,20.365,0.94555,1.945,0,13.7836727531564,1.46250375509986
"5664",2004,236,23,128.3815,0.00989,0,0,0.005,20.3,0.9588,2.12,0,13.7838402461307,1.46310539283013
"5665",2004,237,0,128.321,0.07912,0,0,0.04,20.035,0.961,1.75,0.03175,13.7840170796996,1.46370626169625
"5666",2004,237,1,124.666,0.04945,0,0,0.025,19.68,0.96565,2.095,0.03175,13.7841917836009,1.46430545665322
"5667",2004,237,2,118.0595,0.18791,0,0,0.095,19.75,0.95185,2.16,0.03175,13.7843537070928,1.46490378017513
"5668",2004,237,3,109.3585,0.08901,0,0,0.045,19.71,0.95115,2.665,0.03175,13.7844899611576,1.46550218030393
"5669",2004,237,4,99.2935,0.06923,0.02,0,0.015,19.605,0.95215,2.63,0.03175,13.7845870911666,1.46610009969181
"5670",2004,237,5,88.2065,43.66435,15.765,18.54,6.31,19.675,0.95905,2.71,0.03175,13.8066817531326,1.46669652143275
"5671",2004,237,6,76.9965,104.6362,38.53,48.69,14.37,20.345,0.94745,2.855,0.03175,13.7946934797019,1.46729444518549
"5672",2004,237,7,65.588,365.20803,137.86,185.355,46.775,20.745,0.93905,3.75,0.03175,13.7942891024748,1.46789552121977
"5673",2004,237,8,54.4045,855.21797,327.335,427.57,105.03,22.525,0.86885,5.21,0.03175,13.7942823975324,1.46849777373248
"5674",2004,237,9,43.995,813.982105263158,314.165,404.77,97.905,23.85,0.8412,6.215,0.03175,13.794282298922,1.46909502881984
"5675",2004,237,10,35.335,1370.57,504.245,660.405,153.245,25.785,0.7889,6.08,0.03175,13.7942823311804,1.46967669429468
"5676",2004,237,11,30.148,730.963,267.2,343.635,85.245,26.375,0.782,7.325,0.03175,13.7942824267469,1.47023997728937
"5677",2004,237,12,30.2905,1489.319,548.76,722.86,171.91,26.865,0.7549,7.22,0.03175,13.7942827591105,1.47079323829746
"5678",2004,237,13,35.7005,1262.378,462.735,607.285,143.495,27.48,0.72445,6.515,0.03175,13.7942823508057,1.47133498164456
"5679",2004,237,14,44.4855,660.238,242.415,314.395,79.23,27.99,0.7049,6.045,0.03175,13.794282421261,1.47186376060813
"5680",2004,237,15,54.96,225.469,80.01,96.87,25.925,26.14,0.78345,5.515,0.03175,13.7942825790625,1.47240732019243
"5681",2004,237,16,66.178,103.523,36.145,41.155,12.29,22.925,0.87495,5.775,0.03175,13.7942823323031,1.47299132875659
"5682",2004,237,17,77.603,91.954,35.64,41.41,12.49,22.715,0.91735,2.99,0.03175,13.7942823205487,1.47359089439595
"5683",2004,237,18,88.8285,28.727,12.41,13.655,5.435,23.155,0.90055,3.125,0.03175,13.7844041995531,1.47419047005492
"5684",2004,237,19,99.914,0,0,0,0.16,21.605,0.891,3.66,0.03175,13.7693140831425,1.47479363573225
"5685",2004,237,20,109.9685,0.023,0,0,0.175,20.445,0.9032,4,0.03175,13.7703207098641,1.47539886247433
"5686",2004,237,21,118.6385,0,0,0,0,19.575,0.9325,2.575,0.03175,13.7704619407502,1.47600052361167
"5687",2004,237,22,125.18,0,0,0,0.005,19.305,0.9487,3.05,0.03175,13.7706093144924,1.47659866415062
"5688",2004,237,23,128.731,0,0,0,0,19.6,0.92295,4.065,0.03175,13.7707756444267,1.47719687435664
"5689",2004,238,0,128.652,0.069,0,0,0.055,19.765,0.9236,4.515,1.16416666666667,13.770951257611,1.47779665153424
"5690",2004,238,1,124.9625,0,0,0,0.015,19.76,0.9377,4.75,1.16416666666667,13.771125051608,1.4783969173994
"5691",2004,238,2,118.3155,0,0,0,0.05,19.585,0.94605,4.245,1.16416666666667,13.7712800908484,1.47899658722368
"5692",2004,238,3,109.5775,0.023,0,0,0.04,19.365,0.9488,1.495,1.16416666666667,13.7714101085394,1.47959488492835
"5693",2004,238,4,99.485,0.046,0,0,0.015,18.95,0.9579,2.61,1.16416666666667,13.7715050231265,1.48019069604816
"5694",2004,238,5,88.3695,41.446,16,17.94,6.35,18.77,0.9624,3.02,1.16416666666667,13.7922570794249,1.48078263405185
"5695",2004,238,6,77.159,271.86,99.81,124.965,33.635,19.775,0.9503,3.815,1.16416666666667,13.7777511168459,1.48137758272087
"5696",2004,238,7,65.755,211.784,76.13,94.405,23.605,21.11,0.9326,5.035,1.16416666666667,13.7772736142348,1.48198017770834
"5697",2004,238,8,54.587,528.241,196.15,247,59.31,21.6,0.93995,3.93,1.16416666666667,13.7772656959395,1.48258500836107
"5698",2004,238,9,44.2085,389.85,148.215,189.05,49.405,22.55,0.9087,4.025,1.16416666666667,13.7772655830541,1.48318917066736
"5699",2004,238,10,35.602,436.356,160.82,204.67,51.94,23.215,0.89385,4.65,1.16416666666667,13.7772656240608,1.4837904893049
"5700",2004,238,11,30.472,286.35,98.62,123.2,30.11,23.315,0.89595,4.81,1.16416666666667,13.7772657541979,1.4843896423916
"5701",2004,238,12,30.64,182.137,60.87,73.96,17.895,23.06,0.8984,4.665,1.16416666666667,13.777266215942,1.48498928394608
"5702",2004,238,13,36.032,757.321,279.21,353.985,81.65,21.305,0.89275,3.15,1.16416666666667,13.7772656203003,1.48559286217397
"5703",2004,238,14,44.789,484.886,183.215,229.115,57.945,22.485,0.8368,2.505,1.16416666666667,13.7772656644163,1.48619726973666
"5704",2004,238,15,55.2415,504.758,187.365,236.37,58.72,23.515,0.84155,2.83,1.16416666666667,13.7772657597383,1.48679786369323
"5705",2004,238,16,66.4505,246.1,90.005,112.43,28.045,23.53,0.8661,3.835,1.16416666666667,13.7772656216449,1.48739520249967
"5706",2004,238,17,77.873,40.411,14.63,16.005,4.53,23.185,0.881,2.715,1.16416666666667,13.7769043695262,1.48799373748223
"5707",2004,238,18,89.0905,0.345,0.09,0,0.62,21.5,0.8841,5.32,1.16416666666667,13.6601457693524,1.48860415982757
"5708",2004,238,19,100.207,0.092,0,0,0.125,20.245,0.92905,5.605,1.16416666666667,13.6592232332813,1.48922254357982
"5709",2004,238,20,110.2785,0.069,0,0,0.085,19.95,0.9392,2.94,1.16416666666667,13.659341650838,1.48983831139945
"5710",2004,238,21,118.9695,0.184,0,0,0.085,19.705,0.93355,6.35,1.16416666666667,13.6594675064119,1.49045255216108
"5711",2004,238,22,125.53,0.092,0,0,0.035,19.94,0.91595,6.255,1.16416666666667,13.6596240744203,1.49106674623456
"5712",2004,238,23,129.0825,0.023,0,0,0.06,19.865,0.93175,4.895,1.16416666666667,13.6597955980676,1.49168140602683
"5713",2004,239,0,128.9865,0.115,0,0,0.025,19.52,0.9573,3.545,0.0846666666666667,13.6599748962479,1.49229472494392
"5714",2004,239,1,125.26,0.184,0,0,0,19.695,0.9583,5.05,0.0846666666666667,13.6601548014671,1.49290746351025
"5715",2004,239,2,118.572,0.207,0,0,0,20.19,0.95035,5.615,0.0846666666666667,13.6603206075398,1.49352225493018
"5716",2004,239,3,109.7985,0.253,0,0,0.095,20.175,0.94475,5.845,0.0846666666666667,13.660458987256,1.49413832647004
"5717",2004,239,4,99.6785,0.161,0.005,0,0.085,19.87,0.94205,6.38,0.0846666666666667,13.6605586366391,1.4947535516598
"5718",2004,239,5,88.5325,9.177,3.395,1.41,1.15,19.925,0.94625,5.86,0.0846666666666667,13.6607326717293,1.49536807082997
"5719",2004,239,6,77.3245,50.784,19.42,19.535,5.415,20.505,0.916,5.945,0.0846666666666667,13.5845769470507,1.49598872946987
"5720",2004,239,7,65.924,151.179,56.91,69.575,17.055,20.97,0.9048,5.865,0.0846666666666667,13.5682731962982,1.49661682706683
"5721",2004,239,8,54.77,481.666,178.92,225.2,53.855,21.47,0.88735,5.915,0.0846666666666667,13.5679963159642,1.49724683035576
"5722",2004,239,9,44.4245,1027.134,376.85,489.38,116.435,23.385,0.8481,5.565,0.0846666666666667,13.5679925601497,1.49787480146266
"5723",2004,239,10,35.8705,836.188,312.255,405.475,100.66,25.1,0.8013,7.5,0.0846666666666667,13.5679925098298,1.49848993719784
"5724",2004,239,11,30.8,696.831,259.05,338.3,86.815,25.17,0.8033,8.36,0.0846666666666667,13.5679925909204,1.49909436078182
"5725",2004,239,12,30.9945,1298.12,484.425,639.89,154.885,26.28,0.7556,8.5,0.0846666666666667,13.5679928653441,1.49968936861344
"5726",2004,239,13,36.369,1267.346,463.885,621.53,151.705,27.05,0.7525,7.825,0.0846666666666667,13.5679925564165,1.50026682427899
"5727",2004,239,14,45.094,1057.977,382.275,510.28,128.325,27.295,0.7636,6.615,0.0846666666666667,13.5679926669194,1.50083328718266
"5728",2004,239,15,55.5285,756.861,273.89,360.225,94,27.83,0.7628,6.355,0.0846666666666667,13.5679925974627,1.50139044193053
"5729",2004,239,16,66.7255,502.504,182.73,238.455,69.23,28,0.7698,6.045,0.0846666666666667,13.5679925191763,1.50193870316799
"5730",2004,239,17,78.145,260.797,90.975,112.87,38.72,27.845,0.7953,5.485,0.0846666666666667,13.5679925197891,1.5024867692475
"5731",2004,239,18,89.3955,27.186,8.92,7.645,2.985,26.695,0.86415,3.935,0.0846666666666667,13.5644817444035,1.50305093525397
"5732",2004,239,19,100.5015,0.069,0,0,0.02,26.02,0.9035,3.89,0.0846666666666667,13.552234119737,1.50363564017461
"5733",2004,239,20,110.5915,0,0,0,0,25.605,0.91985,4.11,0.0846666666666667,13.5533555294048,1.50423100463335
"5734",2004,239,21,119.304,0.023,0,0,0.01,25.515,0.90275,5.01,0.0846666666666667,13.553497731634,1.50483054689116
"5735",2004,239,22,125.8805,0.046,0,0,0,25.385,0.8888,5.39,0.0846666666666667,13.5536474133877,1.50543182609079
"5736",2004,239,23,129.4385,0,0,0,0,25.235,0.8881,5.57,0.0846666666666667,13.5538164539766,1.50603524709683
"5737",2004,240,0,129.3235,0.092,0,0,0.03,24.715,0.9154,4.085,0.328083333333333,13.5539945367723,1.50664344683863
"5738",2004,240,1,125.56,0.092,0,0,0,24.385,0.9334,4.215,0.328083333333333,13.554171143478,1.50725713184147
"5739",2004,240,2,118.83,0.115,0,0,0.035,24.17,0.94035,3.995,0.328083333333333,13.5543327457938,1.50787393265578
"5740",2004,240,3,110.017,0.092,0,0,0.055,23.78,0.94605,4.265,0.328083333333333,13.5544674649975,1.50849381475436
"5741",2004,240,4,99.871,0.115,0,0,0.025,23.69,0.9384,4.8,0.328083333333333,13.5545652572596,1.50911591759996
"5742",2004,240,5,88.736,8.004,2.835,1.475,0.985,23.695,0.92935,4.73,0.328083333333333,13.5547182362015,1.50973837473894
"5743",2004,240,6,77.4885,53.038,19.525,21.53,6.56,23.76,0.92835,3.755,0.328083333333333,13.4879124697395,1.51036429442653
"5744",2004,240,7,66.09,139.173,49.94,60.4,16.405,24.095,0.92,4.165,0.328083333333333,13.4738041308202,1.51099287487621
"5745",2004,240,8,54.9545,242.397,85.055,105.03,26.89,24.425,0.9121,3.74,0.328083333333333,13.4735570618443,1.51161881741205
"5746",2004,240,9,44.6425,238.004,81.01,98.795,24.51,24.845,0.90255,4.51,0.328083333333333,13.4735536473341,1.51224034779383
"5747",2004,240,10,36.1415,365.585,126.99,159.63,40.975,25.26,0.8909,7.36,0.328083333333333,13.4735536895796,1.51285627924674
"5748",2004,240,11,31.132,518.282,182.98,232.835,60.835,26.3,0.8371,9.005,0.328083333333333,13.4735536003857,1.51346054943483
"5749",2004,240,12,31.3495,608.787,216.15,275.955,71.88,27.02,0.81905,7.09,0.328083333333333,13.4735536172778,1.51404800705837
"5750",2004,240,13,36.7075,902.198,330.805,426.96,107.63,28.555,0.761,6.67,0.328083333333333,13.4735536518748,1.51460857721409
"5751",2004,240,14,45.4055,1025.156,370.15,485.995,122.265,29.18,0.7397,5.885,0.328083333333333,13.4735537418209,1.51513883707394
"5752",2004,240,15,55.818,737.771,266.005,344.975,88.465,29.495,0.72725,4.76,0.328083333333333,13.4735539569536,1.5156541790301
"5753",2004,240,16,67.005,454.48,163.49,209.145,57.69,29.755,0.6994,4.45,0.328083333333333,13.4735536277761,1.51615987753518
"5754",2004,240,17,78.421,118.657,44.68,52.12,13.55,28.9,0.7561,2.095,0.328083333333333,13.47355362244,1.51667542965223
"5755",2004,240,18,89.664,10.971,4.155,2.82,0.78,28.02,0.8037,1.635,0.328083333333333,13.4421133447427,1.51721929491991
"5756",2004,240,19,100.7985,0.046,0,0,0.005,26.95,0.8616,2.33,0.328083333333333,13.4331424590553,1.51779130193088
"5757",2004,240,20,110.907,0.115,0,0,0,26.205,0.85485,2.445,0.328083333333333,13.4336173815396,1.51838458286184
"5758",2004,240,21,119.639,0.023,0,0,0.565,24.54,0.8671,3.855,0.328083333333333,13.4337465408464,1.51899949615236
"5759",2004,240,22,126.2355,0.023,0,0,0.065,22.14,0.95465,2.505,0.328083333333333,13.4338951287209,1.51963725939073
"5760",2004,240,23,129.796,0.023,0,0,0.035,21.855,0.94395,1.975,0.328083333333333,13.4340641249291,1.52028215512752
"5761",2004,241,0,129.661,0.023,0,0,0.005,21.695,0.94125,1.675,0.3175,13.4342415995247,1.5209273762778
"5762",2004,241,1,125.861,0.023,0,0,0.075,21.26,0.9495,2.755,0.3175,13.4344156089161,1.52157269780957
"5763",2004,241,2,119.088,0,0,0,0.035,20.86,0.9476,2.425,0.3175,13.4345736068791,1.52221763254986
"5764",2004,241,3,110.239,0.023,0,0,0.045,20.535,0.93875,2.38,0.3175,13.4347057931363,1.52286169280782
"5765",2004,241,4,100.063,0.023,0.005,0,0.015,20.3,0.9436,0.9,0.3175,13.4348026151843,1.52350473621576
"5766",2004,241,5,88.901,34.523,10.935,10.715,3.7,19.515,0.95855,1.41,0.3175,13.4618772372267,1.52414359968993
"5767",2004,241,6,77.6555,346.081,110.145,135.4,42.64,19.765,0.95815,1.33,0.3175,13.4472755906293,1.5247801140165
"5768",2004,241,7,66.2605,574.103,211.305,266.71,69.435,21.17,0.92235,2.53,0.3175,13.4465242142888,1.52542172007249
"5769",2004,241,8,55.1415,511.888,195.355,248.685,62.085,21.77,0.8998,2.075,0.3175,13.4465108972277,1.52606566616923
"5770",2004,241,9,44.8635,1229.695,448.88,592.55,139.325,22.715,0.878,2.32,0.3175,13.4465107708056,1.52670845134223
"5771",2004,241,10,36.4165,1582.262,578.37,768.895,170.67,25.535,0.7611,1.265,0.3175,13.4465110041281,1.52733745972199
"5772",2004,241,11,31.4645,1829.144,669.405,896.82,190.655,26.885,0.6502,1.225,0.3175,13.4465108280127,1.52793655005244
"5773",2004,241,12,31.708,1461.903,535.075,711.565,158.885,27.11,0.63075,2.175,0.3175,13.4465108626853,1.52851945154465
"5774",2004,241,13,37.051,1635.139,586.915,793.235,176.8,27.82,0.6076,2.38,0.3175,13.4465107330478,1.52909119641583
"5775",2004,241,14,45.7205,1333.977,472.625,636.85,148.77,27.98,0.605,2.445,0.3175,13.4465107455358,1.52965186318819
"5776",2004,241,15,56.1105,701.891,250.44,328.66,81.565,27.835,0.6161,2.35,0.3175,13.4465107664105,1.53021233096616
"5777",2004,241,16,67.2865,195.385,71.935,88.705,21.875,27.085,0.6648,2.175,0.3175,13.4465107901931,1.53078418865966
"5778",2004,241,17,78.699,68.08,24.65,27.81,7.745,25.515,0.7793,2.59,0.3175,13.4465106584064,1.53138141248669
"5779",2004,241,18,89.973,5.589,1.825,1.045,0.685,23.605,0.8366,2.58,0.3175,13.3880037257431,1.53200933634236
"5780",2004,241,19,101.0985,0,0,0,0.14,22.6,0.8845,2.275,0.3175,13.3853768337989,1.53265462524698
"5781",2004,241,20,111.2255,0.023,0,0,0.345,21.135,0.95245,4.59,0.3175,13.3856207795987,1.53330468714666
"5782",2004,241,21,119.9795,0,0,0,0.115,20.585,0.96925,3.275,0.3175,13.3857434005339,1.53395450173284
"5783",2004,241,22,126.593,0,0,0,0.225,20.265,0.96305,3.15,0.3175,13.3858917787336,1.53460288994272
"5784",2004,241,23,130.1565,0,0,0,0.42,19.425,0.96045,4.165,0.3175,13.3860600796826,1.53524812276964
"5785",2004,242,0,130.002,0.023,0,0,0.44,17.905,0.9506,5.325,0.105833333333333,13.3862371175874,1.53588303725511
"5786",2004,242,1,126.1625,0.046,0,0,0.245,17.31,0.95125,4.5,0.105833333333333,13.3864114915304,1.53650492755688
"5787",2004,242,2,119.3475,0.115,0,0,0.29,16.455,0.9565,4.6,0.105833333333333,13.3865733953426,1.53711536104446
"5788",2004,242,3,110.4605,0.345,0,0,0.3,15.705,0.95825,5.04,0.105833333333333,13.3867134522027,1.53771111398022
"5789",2004,242,4,100.2565,0.299,0,0,0.09,15.62,0.9587,4.615,0.105833333333333,13.3868198577553,1.53829844151858
"5790",2004,242,5,89.0655,7.705,2.605,0.565,0.645,15.7,0.95795,5.275,0.105833333333333,13.3869762779283,1.53888570379448
"5791",2004,242,6,77.8205,51.704,21.195,22.58,6.375,15.86,0.93885,5.39,0.105833333333333,13.327972889738,1.53947832209172
"5792",2004,242,7,66.432,123.073,50.375,60.16,16.03,15.88,0.93755,5.115,0.105833333333333,13.3135354483687,1.54007633094133
"5793",2004,242,8,55.3295,279.013,115.16,143.95,36.985,16.325,0.9111,5.47,0.105833333333333,13.3132739845975,1.54067970781166
"5794",2004,242,9,45.0855,325.289,129.675,163.75,42.32,17.23,0.87785,5.385,0.105833333333333,13.3132703383685,1.54129560843119
"5795",2004,242,10,36.693,479.78,186.445,240.03,62.46,17.57,0.86,5.875,0.105833333333333,13.3132702855952,1.54192184323019
"5796",2004,242,11,31.7995,582.015,224.74,291.26,75.815,17.915,0.83195,5.61,0.105833333333333,13.3132703561267,1.5425531291177
"5797",2004,242,12,32.072,520.513,193.72,250.625,65.98,18.725,0.79695,5.085,0.105833333333333,13.3132705934674,1.54319190485366
"5798",2004,242,13,37.3955,533.186,199.86,260.465,67.87,19.45,0.7565,4.545,0.105833333333333,13.3132703607376,1.54383888741761
"5799",2004,242,14,46.038,620.77,236.065,306.61,78.475,19.95,0.71895,4.87,0.105833333333333,13.3132705298422,1.54449088219726
"5800",2004,242,15,56.408,405.306,154.29,198.82,51.69,20.055,0.7099,4.16,0.105833333333333,13.3132703299741,1.54514484832526
"5801",2004,242,16,67.5725,254.058,96.415,123.155,32.36,19.74,0.71505,3.895,0.105833333333333,13.3132703649048,1.54579816862172
"5802",2004,242,17,78.9815,168.866,63.175,78.635,22.05,19.285,0.73315,3.115,0.105833333333333,13.3132702959819,1.54644879810482
"5803",2004,242,18,90.2475,25.438,9.09,8.445,3.65,17.775,0.7947,2.155,0.105833333333333,13.3073265146208,1.5470900820711
"5804",2004,242,19,101.4005,0.046,0,0,0,17.045,0.79975,2.23,0.105833333333333,13.3014241104081,1.54771729059666
"5805",2004,242,20,111.546,0.253,0,0,0,15.495,0.86615,2.58,0.105833333333333,13.3024810100995,1.54832472794299
"5806",2004,242,21,120.3225,0.46,0,0,0,14.655,0.8883,2.425,0.105833333333333,13.3026334537603,1.54890693879978
"5807",2004,242,22,126.953,0.46,0,0,0,14.28,0.89515,1.96,0.105833333333333,13.3028054193589,1.54947451664125
"5808",2004,242,23,130.5185,0.391,0,0,0,12.985,0.9321,2.06,0.105833333333333,13.3029993723292,1.55001981137448
"5809",2004,243,0,130.344,0.115,0,0,0.015,12.21,0.9556,2.145,0,13.3031927182281,1.55053496911519
"5810",2004,243,1,126.4655,0.046,0,0,0.035,11.775,0.96095,1.805,0,13.3033714922351,1.55103105437107
"5811",2004,243,2,119.6075,0.138,0,0,0.015,11.175,0.9685,2.145,0,13.3035340925214,1.55150996990004
"5812",2004,243,3,110.682,0.161,0,0,0.055,10.79,0.97705,1.94,0,13.3036731599693,1.5519719311056
"5813",2004,243,4,100.4485,0.023,0,0,0.06,10.46,0.9806,1.135,0,13.3037738621468,1.55242118426101
"5814",2004,243,5,89.2685,46.483,10.445,14.6,9.505,10.22,0.9824,1.38,0,13.3490784365293,1.55285851047986
"5815",2004,243,6,77.9885,374.647,120.79,146.13,47.29,11.765,0.96855,1.125,0,13.3446783139703,1.55331740156899
"5816",2004,243,7,66.605,755.205,270.245,350.75,95.92,14.77,0.8938,1.27,0,13.3444031612104,1.55384794400083
"5817",2004,243,8,55.5185,1145.561,418.505,559.155,134.96,17.4,0.8002,1.105,0,13.3443981981216,1.55444705303276
"5818",2004,243,9,45.3135,1463.881,537.655,721.68,161.72,19.585,0.70075,1.01,0,13.3443981257936,1.55508404609663
"5819",2004,243,10,36.9735,1677.091,616.05,834.155,180.43,20.475,0.6477,2.36,0,13.3443981739334,1.55573479245015
"5820",2004,243,11,32.14,1782.224,655.445,889.8,189.585,21.3,0.61775,2.94,0,13.3443983360627,1.55638902387831
"5821",2004,243,12,32.4355,1784.11,654.635,886.275,191.94,22.155,0.59935,3.035,0,13.3443989289185,1.55704387791487
"5822",2004,243,13,37.7445,1429.243,523.74,705.97,160.64,22.91,0.59455,2.92,0,13.344398158406,1.55769674010698
"5823",2004,243,14,46.3585,1128.978,415.255,552.295,133.54,23.4,0.59425,2.84,0,13.3443981993952,1.55834630501971
"5824",2004,243,15,56.706,828.828,298.8,397.075,100,23.715,0.5916,2.495,0,13.3443982944167,1.55899288212169
"5825",2004,243,16,67.8605,553.449,200.22,265.32,78.295,23.85,0.6105,2.14,0,13.3443981725016,1.55963749800955
"5826",2004,243,17,79.266,263.902,92.845,115.655,40.03,23.655,0.6294,1.98,0,13.3443981416384,1.56028238597005
"5827",2004,243,18,90.563,22.333,8.215,6.05,1.715,21.9,0.7222,0.425,0,13.3386656522907,1.56093399387269
"5828",2004,243,19,101.7065,0,0,0,0,21.45,0.72395,0.29,0,13.3286277946669,1.56159011350525
"5829",2004,243,20,111.871,0.046,0,0,0,20.325,0.774,1.935,0,13.3295800293919,1.56224586352394
"5830",2004,243,21,120.668,0.276,0,0,0,18.505,0.85405,1.62,0,13.3297224726551,1.56289354809584
"5831",2004,243,22,127.316,0.184,0,0,0,17.07,0.9115,1.285,0,13.3298823133311,1.56352351537697
"5832",2004,243,23,130.883,0.437,0,0,0,16.645,0.91415,1.93,0,13.3300674223324,1.56413925473059
"5833",2004,244,0,130.6875,0.322,0,0,0,15.43,0.9499,1.24,0,13.3302680818277,1.56473955136706
"5834",2004,244,1,126.77,0.437,0,0,0,16.235,0.92365,1.9,0,13.3304640487562,1.56533578055765
"5835",2004,244,2,119.8665,0.414,0,0,0,15.485,0.94525,2.025,0,13.3306466344035,1.56593257008172
"5836",2004,244,3,110.9035,0.46,0,0,0,14.705,0.95365,1.105,0,13.3307983466195,1.56651265322378
"5837",2004,244,4,100.6435,0.46,0,0,0.03,14.75,0.95435,1.28,0,13.3309109027744,1.56708411815197
"5838",2004,244,5,89.436,27.301,9.62,8.88,2.82,14.405,0.9619,2.065,0,13.3423928210772,1.56765137155547
"5839",2004,244,6,78.157,234.646,84.265,102.975,31.065,16.585,0.9223,1.67,0,13.3248977076075,1.56823958772164
"5840",2004,244,7,66.7775,694.577,246.56,318.895,88.52,18.895,0.87795,2.31,0,13.3237190296217,1.56886895882715
"5841",2004,244,8,55.7125,1035.023,371.24,493.995,123.22,21.22,0.7873,2.645,0,13.323697632169,1.56952129693987
"5842",2004,244,9,45.5395,1457.096,532.965,716.125,167.275,23.2,0.7175,2.03,0,13.3236973618612,1.5701768978854
"5843",2004,244,10,37.2545,1360.059,506.01,676.55,155.32,24.135,0.68775,2.19,0,13.323697506677,1.57082455356261
"5844",2004,244,11,32.481,1396.698,523.06,700.91,154.67,25.06,0.5582,2.29,0,13.3236980668277,1.5714622171705
"5845",2004,244,12,32.803,1788.457,668.525,906.535,196.76,26.155,0.433,2.365,0,13.3236973641419,1.57208480529063
"5846",2004,244,13,38.096,1646.225,609.16,828.15,186.13,26.52,0.39815,2.38,0,13.3236974204577,1.5726939916328
"5847",2004,244,14,46.6825,1366.131,498.945,679.1,160.86,26.83,0.3699,1.775,0,13.3236975820529,1.57329611089932
"5848",2004,244,15,57.0095,1056.229,380.44,517.175,133.115,26.905,0.3783,1.875,0,13.3236973938545,1.57389398697653
"5849",2004,244,16,68.152,657.294,231.285,307.115,91.37,26.62,0.3947,2.12,0,13.3236974297555,1.57449419300527
"5850",2004,244,17,79.5535,277.794,96.915,120.2,43.235,25.95,0.45765,1.835,0,13.3236973562615,1.57510437700966
"5851",2004,244,18,90.842,17.158,6.365,4.5,1.21,23.95,0.5723,1.975,0,13.3151839270447,1.5757371698053
"5852",2004,244,19,102.014,0,0,0,0,21.37,0.69135,2.085,0,13.304500593292,1.5763920599215
"5853",2004,244,20,112.197,0,0,0,0,20.12,0.74365,2.43,0,13.3053335377702,1.57704990754813
"5854",2004,244,21,121.0155,0.138,0,0,0,18.97,0.77735,2.365,0,13.3054696552311,1.57770142083431
"5855",2004,244,22,127.6815,0.207,0,0,0,18.8,0.77595,2.475,0,13.3056259509196,1.57834731896962
"5856",2004,244,23,131.252,0.299,0,0,0,18.345,0.79705,2.34,0,13.3058078697638,1.57898986244715
"5857",2004,245,0,131.0345,0.23,0,0,0,17.69,0.83045,1.66,0,13.3060014359821,1.57962559754405
"5858",2004,245,1,127.0755,0.023,0,0,0,16.125,0.90245,1.19,0,13.3061832599729,1.5802442142789
"5859",2004,245,2,120.127,0.069,0,0,0,15.67,0.9325,1.385,0,13.3063437705792,1.580844137394
"5860",2004,245,3,111.126,0,0,0,0,16.165,0.9378,1.57,0,13.3064778958168,1.58144445084056
"5861",2004,245,4,100.8375,0.023,0,0,0.015,15.59,0.95705,2.265,0,13.3065747469703,1.582043920981
"5862",2004,245,5,89.6015,40.181,12.375,14.8,6.74,14.81,0.9608,1.56,0,13.3457607348461,1.58262683826248
"5863",2004,245,6,78.325,342.355,110.305,135.3,45.3,16.67,0.9078,1.33,0,13.3387177003037,1.58321962696121
"5864",2004,245,7,66.9515,733.493,255.97,328.67,91.795,19.755,0.84675,1.13,0,13.3382737396909,1.58385319056188
"5865",2004,245,8,55.9055,1114.189,398.105,530.79,130.485,22.595,0.74405,1.77,0,13.3382657189654,1.58450739353274
"5866",2004,245,9,45.77,1427.587,515.495,694.615,160.08,24.5,0.65245,2.58,0,13.3382658528287,1.58515408555791
"5867",2004,245,10,37.5405,1640.222,602.56,810.78,178.345,26.03,0.5553,1.805,0,13.3382656208865,1.58578058493114
"5868",2004,245,11,32.826,1669.662,621.36,832.445,180.3,27.075,0.48255,1.405,0,13.3382656752392,1.58638373517766
"5869",2004,245,12,33.1725,1749.15,647.06,873.365,193.315,27.615,0.4424,2.145,0,13.3382658535362,1.5869689112281
"5870",2004,245,13,38.451,1501.072,549.615,741.61,171.115,28.085,0.4408,1.935,0,13.338265775134,1.58754109419731
"5871",2004,245,14,47.0095,915.078,337.325,444.165,109.85,27.76,0.45455,2.525,0,13.3382656353851,1.58811133759025
"5872",2004,245,15,57.3165,855.784,312.37,410.6,105.245,28.335,0.42475,1.27,0,13.3382656519202,1.58867810158413
"5873",2004,245,16,68.447,495.305,179.935,231,63.545,27.975,0.4494,1.3,0,13.3382656715342,1.5892418910917
"5874",2004,245,17,79.843,187.565,70.11,84.765,24.525,26.865,0.53685,1.61,0,13.3382656055891,1.58982503262934
"5875",2004,245,18,91.165,14.559,5.975,4.905,1.405,25.145,0.5964,2.75,0,13.3235593949539,1.59043948115342
"5876",2004,245,19,102.325,0,0,0,0,22.19,0.7388,2.83,0,13.3146743593528,1.59108625035845
"5877",2004,245,20,112.526,0.092,0,0,0,20.885,0.7859,2.855,0,13.3153803058585,1.59174413563948
"5878",2004,245,21,121.3655,0.23,0,0,0,20.205,0.81885,2.64,0,13.3155176560557,1.59240039525242
"5879",2004,245,22,128.0495,0.299,0,0,0,20.23,0.8109,2.13,0,13.3156789858368,1.59305528359637
"5880",2004,245,23,131.623,0.253,0,0,0,19.59,0.82545,2.155,0,13.3158638710391,1.59370837269628
"5881",2004,246,0,131.382,0.46,0,0,0,18.625,0.85425,1.995,0,13.316061185751,1.59435520026446
"5882",2004,246,1,127.3825,0.345,0,0,0,17.905,0.8812,1.48,0,13.3162596374947,1.5949930346707
"5883",2004,246,2,120.3875,0.46,0,0,0,17.74,0.87445,1.95,0,13.3164396755778,1.59562514492111
"5884",2004,246,3,111.3475,0.46,0,0,0,17.545,0.87305,1.84,0,13.3165934692751,1.59625468596699
"5885",2004,246,4,101.031,0.437,0,0,0,17.305,0.884,2.435,0,13.3167051363595,1.59688097567738
"5886",2004,246,5,89.807,27.301,10.215,10.055,3.51,16.89,0.89205,2.04,0,13.3281742775658,1.59750149220441
"5887",2004,246,6,78.494,255.093,87.63,106.235,32.24,17.915,0.8598,2.035,0,13.3109333461411,1.59812700615101
"5888",2004,246,7,67.127,696.854,246.23,318.1,89.505,20.255,0.8049,2.225,0,13.3097681107412,1.59877350036219
"5889",2004,246,8,56.0995,1078.907,386.78,519.215,130.92,23.135,0.66435,2.585,0,13.3097469320187,1.59943076839847
"5890",2004,246,9,46.0015,1351.986,490.165,661.515,155.655,24.675,0.57155,3.41,0,13.309746658855,1.60007738882786
"5891",2004,246,10,37.827,1617.061,590.605,802.065,181.71,25.61,0.52125,4.9,0,13.309746779745,1.6007088907949
"5892",2004,246,11,33.1695,1753.198,646.245,877.54,194.435,26.465,0.50565,5,0,13.3097472412769,1.60132520239064
"5893",2004,246,12,33.5445,1740.433,643.765,874.115,194.915,27.015,0.486,4.755,0,13.309746672899,1.60192719785982
"5894",2004,246,13,38.808,1616.555,596.94,809.055,187.03,27.39,0.45035,4.49,0,13.3097467415349,1.60251855425219
"5895",2004,246,14,47.3395,1295.406,475.985,646.505,160.415,27.67,0.4462,4.675,0,13.3097469418978,1.60310178958607
"5896",2004,246,15,57.6235,967.495,352.255,478.28,128.235,27.62,0.44015,4.06,0,13.3097466832288,1.60368206915792
"5897",2004,246,16,68.7425,587.604,213.225,281.02,86.685,27.37,0.4472,3.595,0,13.3097467069076,1.60426619959014
"5898",2004,246,17,80.134,218.339,80.015,98.68,36.525,25.96,0.5348,2.54,0,13.3097466259806,1.60486952472282
"5899",2004,246,18,91.4875,15.916,5.93,4.52,2,23.575,0.6249,2.8,0,13.2984162046133,1.60550609355991
"5900",2004,246,19,102.6365,0.046,0,0,0,23.015,0.6308,2.565,0,13.2895931213203,1.60615990187283
"5901",2004,246,20,112.8565,0.115,0,0,0,21.345,0.7052,2.395,0,13.290368484913,1.60681928114514
"5902",2004,246,21,121.72,0.184,0,0,0,20.745,0.7345,2.455,0,13.2905067758454,1.60747953844788
"5903",2004,246,22,128.419,0.368,0,0,0,19.67,0.78935,2.75,0,13.2906683439532,1.60813677985756
"5904",2004,246,23,131.9945,0.414,0,0,0,18.405,0.8684,2.525,0,13.2908595552465,1.60878542607068
"5905",2004,247,0,131.732,0.437,0,0,0,17.885,0.91285,1.78,0,13.2910627576443,1.60942433516808
"5906",2004,247,1,127.689,0.437,0,0,0,17.715,0.9274,0.965,0,13.2912632245879,1.61005864832941
"5907",2004,247,2,120.649,0.46,0,0,0,17.685,0.9487,1.58,0,13.2914465318701,1.6106915300514
"5908",2004,247,3,111.57,0.46,0,0,0,17.66,0.9689,2.61,0,13.2916000343611,1.61132399933697
"5909",2004,247,4,101.2245,0.46,0,0,0,18.32,0.9734,2.1,0,13.2917128196213,1.61196079527811
"5910",2004,247,5,89.976,16.146,5.885,5.24,1.525,18.38,0.9781,1.94,0,13.2926090347119,1.61260216120922
"5911",2004,247,6,78.664,105.892,41.255,49.03,11.875,18.895,0.98015,1.055,0,13.2642207678176,1.61324817089502
"5912",2004,247,7,67.3035,246.606,94.83,119.62,30.41,20.11,0.97415,2.045,0,13.2617504325456,1.61390365499002
"5913",2004,247,8,56.296,629.165,238.775,310.89,80.285,21.54,0.89555,2.335,0,13.2617049671931,1.61456609020791
"5914",2004,247,9,46.2355,1204.625,456.36,596.72,144.21,23.68,0.76515,1.385,0,13.2617043095385,1.61522650160048
"5915",2004,247,10,38.1185,1521.105,571.35,758.41,174.925,25.215,0.66315,1.835,0,13.261704373103,1.61587199925241
"5916",2004,247,11,33.5195,1667.408,630.87,838.03,188.195,26.725,0.58145,1.645,0,13.2617045998494,1.61649394186223
"5917",2004,247,12,33.92,1372.157,520.16,681.34,152.405,27.455,0.53455,1.245,0,13.2617044237004,1.61709237668142
"5918",2004,247,13,39.1685,1115.477,420.655,550.205,129.7,27.995,0.49135,1.64,0,13.2617044105246,1.61767484998473
"5919",2004,247,14,47.6725,882.234,328.55,422.485,102.985,28.095,0.47055,1.735,0,13.26170432296,1.61824861713174
"5920",2004,247,15,57.936,894.999,342.085,456.85,124.11,28.445,0.4602,1.985,0,13.2617043305364,1.61881592357409
"5921",2004,247,16,69.0415,458.942,181.015,235.555,66.92,28.205,0.478,1.345,0,13.2617043385812,1.61938163308696
"5922",2004,247,17,80.428,157.895,62.375,74.64,22.635,27.675,0.48105,1.23,0,13.2617043273077,1.61995827441755
"5923",2004,247,18,91.774,11.822,4.8,3.015,0.455,26.46,0.5201,0.425,0,13.2432013296003,1.62055792189051
"5924",2004,247,19,102.953,0,0,0,0,24.605,0.6005,0.93,0,13.2373559605075,1.62118952157883
"5925",2004,247,20,113.1895,0.023,0,0,0,24.675,0.59735,2.485,0,13.237981842611,1.62183537510591
"5926",2004,247,21,122.074,0,0,0,0,22.225,0.74515,2.235,0,13.2381114409179,1.62249266017689
"5927",2004,247,22,128.7925,0.138,0,0,0,20.09,0.8681,1.885,0,13.2382623828787,1.62315773239446
"5928",2004,247,23,132.369,0.115,0,0,0,19.385,0.90865,1.655,0,13.2384379182823,1.62381756673813
"5929",2004,248,0,132.0825,0.368,0,0,0,19.12,0.92755,1.675,0,13.2386281728151,1.6244736552869
"5930",2004,248,1,127.9975,0.322,0,0,0,18.64,0.94555,0.595,0,13.2388229818938,1.6251261820061
"5931",2004,248,2,120.909,0.207,0,0,0,18.505,0.9612,0.325,0,13.2389972991598,1.62577542941313
"5932",2004,248,3,111.7925,0.46,0,0,0.01,18.155,0.97395,1.165,0,13.2391435857958,1.62642180101273
"5933",2004,248,4,101.419,0.437,0,0,0.005,18.355,0.9785,1.35,0,13.2392556512229,1.62706724923737
"5934",2004,248,5,90.1435,20.7,7.115,6.685,1.98,18.39,0.97895,1.985,0,13.2419382044837,1.6277140037966
"5935",2004,248,6,78.8345,192.165,73.04,89.8,25.52,17.87,0.9799,1.38,0,13.2242250852673,1.62835842608659
"5936",2004,248,7,67.482,388.056,146.865,190.695,52.97,19.515,0.97455,1.105,0,13.2227455847365,1.6290100987524
"5937",2004,248,8,56.495,753.595,285.57,370.645,95.695,21.32,0.9627,1.15,0,13.2227181147767,1.62967484987939
"5938",2004,248,9,46.4725,1281.56,477.975,633.04,152.93,24.565,0.8091,1.565,0,13.2227177362315,1.63033641193869
"5939",2004,248,10,38.4105,1472.897,555.745,737.715,170.07,26.325,0.6897,1.965,0,13.2227178168027,1.63097121527698
"5940",2004,248,11,33.87,1629.366,609.12,813.645,184.375,27.575,0.58795,1.89,0,13.2227181156196,1.63157631166608
"5941",2004,248,12,34.2955,1414.063,534.255,708.38,158.845,28.535,0.49605,1.705,0,13.2227177919439,1.63215302580216
"5942",2004,248,13,39.5315,1539.965,578.51,765.455,175.4,29.29,0.43505,1.78,0,13.2227179422121,1.63270382499958
"5943",2004,248,14,48.0075,830.783,299.065,375.195,83.365,29.375,0.40275,1.615,0,13.2227178750316,1.633240759353
"5944",2004,248,15,58.251,556.117,203.235,252.415,60.815,29.685,0.3971,0.835,0,13.2227177486672,1.63377081879923
"5945",2004,248,16,69.3445,349.508,128.75,158.48,40.705,28.96,0.4569,1.52,0,13.2227177555516,1.63430799400657
"5946",2004,248,17,80.723,159.252,65.745,81.34,26.275,28.23,0.5099,1.21,0,13.2227177486451,1.63486881814227
"5947",2004,248,18,92.1025,11.362,4.62,3.17,0.975,26.72,0.5647,2.52,0,13.2049763694185,1.63546172206094
"5948",2004,248,19,103.2685,0.069,0,0,0,25.095,0.66495,2.16,0,13.2003232009842,1.63609033907636
"5949",2004,248,20,113.5245,0,0,0,0,23.58,0.7343,2.415,0,13.2009559584901,1.63674314220336
"5950",2004,248,21,122.43,0.046,0,0,0,22.135,0.79,2.6,0,13.2010860417374,1.6374087990913
"5951",2004,248,22,129.1655,0.138,0,0,0,21.5,0.8123,2.805,0,13.2012383798782,1.63807828687914
"5952",2004,248,23,132.7455,0.069,0,0,0,21.135,0.82315,1.31,0,13.201413066584,1.63874794110312
"5953",2004,249,0,132.433,0.184,0,0,0,20.625,0.8501,1.86,0,13.2015969775855,1.63941685341065
"5954",2004,249,1,128.3055,0.322,0,0,0,19.71,0.88715,2.355,0,13.2017850651067,1.64008288804763
"5955",2004,249,2,121.1715,0.414,0,0,0,19.675,0.88285,2.445,0,13.2019637618708,1.64074609610142
"5956",2004,249,3,112.013,0.437,0,0,0,18.535,0.9168,1.45,0,13.2021159423413,1.64140424544783
"5957",2004,249,4,101.613,0.46,0,0,0,18.405,0.9395,1.44,0,13.2022284076195,1.64205589001188
"5958",2004,249,5,90.3505,21.965,7.74,7.3,2.415,18.205,0.9518,2.37,0,13.2059269833672,1.64270536317814
"5959",2004,249,6,79.0075,216.522,79.685,96.285,29.735,18.38,0.9541,2.215,0,13.1911395190087,1.64335521549489
"5960",2004,249,7,67.661,580.405,213.32,268.5,75.885,21.345,0.8901,2.175,0,13.1897753057726,1.64401928053606
"5961",2004,249,8,56.695,950.682,349.89,459.36,116.695,24.72,0.7481,2.5,0,13.1897498082705,1.6446833788194
"5962",2004,249,9,46.7095,1307.412,482.55,642.53,154.125,26.91,0.63885,4.05,0,13.1897494590381,1.64531450434419
"5963",2004,249,10,38.7055,1465.56,545.4,727.175,172.575,27.875,0.58285,5.43,0,13.1897495452202,1.64591188552266
"5964",2004,249,11,34.2225,1362.129,508.825,671.075,158.465,28.445,0.55445,5.195,0,13.1897498674598,1.6464885270153
"5965",2004,249,12,34.6745,1264.77,473.11,623.58,150.305,28.715,0.5422,5.93,0,13.1897495047563,1.64705265243987
"5966",2004,249,13,39.8955,1156.141,431.815,572.29,140.84,28.915,0.5383,5.965,0,13.1897496332669,1.64760939546941
"5967",2004,249,14,48.3475,1128.288,414.67,547.775,137.115,29.41,0.51035,5.83,0,13.1897500266024,1.6481546980614
"5968",2004,249,15,58.5665,841.731,311.565,413.885,111.105,29.525,0.50295,5.455,0,13.1897494765321,1.64868957175124
"5969",2004,249,16,69.6475,452.548,170.905,219.205,65.91,29.07,0.52705,5.035,0,13.1897494890633,1.64923029970615
"5970",2004,249,17,81.0205,150.374,57.965,69.965,22.62,27.905,0.5886,3.395,0,13.1897494638372,1.64979701361734
"5971",2004,249,18,92.3945,9.982,3.82,2.61,1.155,25.48,0.6927,3.025,0,13.1708344934683,1.65041099938221
"5972",2004,249,19,103.588,0.046,0,0,0,23.51,0.77725,2.835,0,13.1675317663886,1.65106460023358
"5973",2004,249,20,113.86,0,0,0,0,22.37,0.8308,2.92,0,13.1681330160701,1.65173315550146
"5974",2004,249,21,122.7895,0,0,0,0,21.71,0.85985,3.21,0,13.1682616378408,1.6524054829055
"5975",2004,249,22,129.5435,0,0,0,0,21.125,0.87585,3.31,0,13.1684098689209,1.65307839295275
"5976",2004,249,23,133.124,0,0,0,0,20.74,0.8922,2.82,0,13.1685780493712,1.65375068543231
"5977",2004,250,0,132.788,0,0,0,0,20.58,0.9049,2.78,0,13.1687551989461,1.65442221205213
"5978",2004,250,1,128.6145,0,0,0,0,20.7,0.9084,3.785,0,13.1689293380477,1.65509365536908
"5979",2004,250,2,121.433,0,0,0,0,20.9,0.9032,3.445,0,13.1690879757771,1.65576557855898
"5980",2004,250,3,112.2365,0,0,0,0,20.13,0.9307,2.76,0,13.1692203519015,1.65643643506056
"5981",2004,250,4,101.8075,0,0,0,0.005,19.885,0.9432,3.6,0,13.1693172087385,1.65710486368636
"5982",2004,250,5,90.52,22.011,7.325,6.455,2.335,19.875,0.94325,3.37,0,13.1729661824828,1.65777233364619
"5983",2004,250,6,79.178,240.327,85.175,101.025,32.91,20.66,0.921,3.725,0,13.1598440447323,1.65844235812707
"5984",2004,250,7,67.8405,635.26,226.1,283.34,80.975,23.09,0.8226,5.415,0,13.1585267684373,1.65911493512095
"5985",2004,250,8,56.898,1026.053,374.145,486.165,121.395,25.6,0.70425,7.365,0,13.1585020060621,1.65977094556273
"5986",2004,250,9,46.952,669.76,252.38,318.975,78.025,26.775,0.64335,7.33,0,13.158501666593,1.66039841298839
"5987",2004,250,10,39.003,403.581,147.11,183.86,44.735,26.105,0.67975,6.84,0,13.1585017515966,1.66102084699679
"5988",2004,250,11,34.5785,695.451,260.7,330.845,79.625,26.345,0.68435,6.32,0,13.1585020693887,1.66164780665025
"5989",2004,250,12,35.0555,449.696,162.355,204.095,49.965,25.715,0.7233,5.395,0,13.1585017141081,1.66227856138892
"5990",2004,250,13,40.263,559.981,209.285,263.625,64.34,25.79,0.7162,5.04,0,13.1585018467674,1.66291458652146
"5991",2004,250,14,48.6875,463.335,171.205,212.74,50.965,25.82,0.6899,4.61,0,13.1585022540352,1.66354965556298
"5992",2004,250,15,58.8855,196.719,71.735,87.185,21.76,25.11,0.7153,4.115,0,13.1585016841761,1.66419061187426
"5993",2004,250,16,69.9545,91.471,32.955,38.06,10.12,23.94,0.72565,4.52,0,13.158501696703,1.66484529386903
"5994",2004,250,17,81.319,40.526,14.855,14.74,4.57,21.95,0.71865,5.145,0,13.1572664808677,1.66551431323922
"5995",2004,250,18,92.7265,4.922,2.17,1.29,1.03,21.065,0.76655,2.61,0,13.0707313179803,1.66619235813191
"5996",2004,250,19,103.907,0,0,0,0,20.235,0.79535,2.605,0,13.0709542141823,1.66687299686454
"5997",2004,250,20,114.2005,0,0,0,0.015,18.765,0.8329,1.81,0,13.0710926780389,1.66754678673364
"5998",2004,250,21,123.1495,0.046,0,0,0.1,17.305,0.87,3.355,0,13.0712147042787,1.66820475351929
"5999",2004,250,22,129.922,0.046,0,0,0.015,16.36,0.8965,1.7,0,13.0713669760558,1.66884393119428
"6000",2004,250,23,133.503,0.345,0,0,0,15.665,0.91315,1.16,0,13.0715469475105,1.66946724685785
"6001",2004,251,0,133.1435,0.368,0,0,0,15.94,0.8868,2.76,0,13.0717470213328,1.67008615354365
"6002",2004,251,1,128.924,0.299,0,0,0,14.65,0.9196,1.58,0,13.0719428564079,1.67069344144467
"6003",2004,251,2,121.695,0.299,0,0,0,13.45,0.94695,2.135,0,13.0721172567532,1.67126921357025
"6004",2004,251,3,112.458,0.184,0,0,0.05,13.385,0.91835,3.475,0,13.0722611333353,1.67182723550394
"6005",2004,251,4,102.001,0,0,0,0.115,13.145,0.90175,2.965,0,13.0723602429956,1.67238073354403
"6006",2004,251,5,90.6885,19.297,5.705,3.745,1.685,12.705,0.9013,3.095,0,13.0741943502746,1.6729238390042
"6007",2004,251,6,79.349,333.408,108.215,132.065,42.585,13.595,0.86655,3.85,0,13.0615106993498,1.67347413321394
"6008",2004,251,7,68.0245,717.945,262.235,339.025,93.08,15.655,0.78605,5.31,0,13.060207397114,1.67406560766721
"6009",2004,251,8,57.1015,1098.756,410.285,542.675,134.16,17.7,0.6928,6.31,0,13.0601828041772,1.67470242592722
"6010",2004,251,9,47.1945,1410.705,536.475,712.63,163.72,19.21,0.63895,5.82,0,13.0601824682139,1.67536671784329
"6011",2004,251,10,39.302,1622.765,625.49,831.175,181.875,21.14,0.5648,5.43,0,13.0601825590428,1.67604574098064
"6012",2004,251,11,34.9345,1725.391,668.12,889.995,191.065,22.13,0.48875,5.625,0,13.0601829028771,1.67672874235321
"6013",2004,251,12,35.4385,1707.037,658.355,879.595,190.985,22.98,0.44655,6,0,13.0601825054051,1.67740951515724
"6014",2004,251,13,40.6315,1572.901,600.1,802.995,181.155,23.62,0.4211,5.915,0,13.0601826184799,1.67808589183742
"6015",2004,251,14,49.0305,1331.562,498.565,669.6,161.19,23.89,0.4114,6.02,0,13.0601829645767,1.67875844246189
"6016",2004,251,15,59.206,994.497,364.21,490.2,129.905,23.79,0.4197,6.455,0,13.0601824836841,1.67943017931565
"6017",2004,251,16,70.2625,596.275,214.315,285.655,87.66,23.385,0.4228,6.68,0,13.060182497206,1.68010424805482
"6018",2004,251,17,81.618,206.241,72.235,90.915,35.415,22.09,0.46795,5.09,0,13.0601824704627,1.68078397984242
"6019",2004,251,18,93.023,9.591,3.005,1.605,1.73,18.92,0.5944,3.665,0,13.0504706489845,1.68146393317341
"6020",2004,251,19,104.2295,0,0,0,0.165,16.6,0.72075,3.455,0,13.0527968628041,1.68211924897255
"6021",2004,251,20,114.5405,0.138,0,0,0.025,15.8,0.7038,3.655,0,13.0535547415985,1.68274793129885
"6022",2004,251,21,123.51,0,0,0,0,14.95,0.7374,3.75,0,13.0536901166685,1.68335869799778
"6023",2004,251,22,130.3025,0,0,0,0.02,14.56,0.7641,4.62,0,13.0538395836816,1.68395458714106
"6024",2004,251,23,133.885,0,0,0,0.105,13.225,0.84045,3.42,0,13.0540084597285,1.68452736254225
"6025",2004,252,0,133.498,0.046,0,0,0.035,11.865,0.90345,2.72,0,13.0541875433931,1.68505971457636
"6026",2004,252,1,129.2335,0.253,0,0,0.025,11.98,0.92365,3.605,0,13.0543691025089,1.68557178275833
"6027",2004,252,2,121.956,0.023,0,0,0.015,12.19,0.9349,4.485,0,13.0545361318186,1.68608929264926
"6028",2004,252,3,112.681,0,0,0,0.005,12.665,0.92325,4.535,0,13.0546684125694,1.68661802464342
"6029",2004,252,4,102.196,0,0,0,0.05,12.765,0.92535,4.005,0,13.0547642828257,1.68715595839829
"6030",2004,252,5,90.8965,25.185,7.78,6.505,3.12,12.405,0.9332,3.79,0,13.0624301591254,1.68768947842693
"6031",2004,252,6,79.5245,300.173,101.53,124.65,41.205,13.235,0.91145,4.595,0,13.0532860182151,1.68823039588726
"6032",2004,252,7,68.2065,688.068,250.865,326.75,91.415,15.695,0.81785,5.665,0,13.0521399188626,1.68881814359757
"6033",2004,252,8,57.307,1080.264,400.17,531.375,132.675,17.765,0.7155,6.255,0,13.0521182042543,1.68945660284823
"6034",2004,252,9,47.44,1399.711,528.025,703.385,162.34,19.695,0.64045,6.675,0,13.0521179201528,1.69012454530979
"6035",2004,252,10,39.605,1617.751,619.075,824.67,180.2,21.3,0.54145,8.515,0,13.0521180519314,1.69080601010878
"6036",2004,252,11,35.293,1710.694,659.31,877.78,187.08,22.035,0.50565,8.65,0,13.0521185630084,1.69148980482135
"6037",2004,252,12,35.8225,1694.41,651.615,867.445,185.805,22.655,0.48815,8.8,0,13.0521179277558,1.69217220366416
"6038",2004,252,13,41.0025,1560.366,593.88,793.13,176.715,23.015,0.4712,8.96,0,13.0521179897319,1.69285241897342
"6039",2004,252,14,49.3755,1321.074,494.75,664.155,158.095,22.985,0.4498,9.17,0,13.0521181720517,1.69353167782344
"6040",2004,252,15,59.5305,987.85,362.265,488,127.99,22.725,0.4476,8.655,0,13.0521179491647,1.6942117915688
"6041",2004,252,16,70.5745,593.952,213.075,283.78,86.48,22.13,0.4684,7.725,0,13.0521179839256,1.69489389145453
"6042",2004,252,17,81.9225,204.585,70.555,88.475,34.94,20.645,0.5593,6.155,0,13.0521179182371,1.69557743396619
"6043",2004,252,18,93.359,8.418,2.345,1.055,1.68,18.18,0.6809,5.545,0,13.0418243646743,1.69625204830574
"6044",2004,252,19,104.5515,0.046,0,0,0.27,16.24,0.78255,4.165,0,13.0441452519742,1.69689976746743
"6045",2004,252,20,114.881,0.023,0,0,0.125,15.03,0.8468,3.485,0,13.0448829464936,1.69751705993692
"6046",2004,252,21,123.8745,0,0,0,0.17,13.685,0.8981,3.15,0,13.0450153971588,1.69810316452931
"6047",2004,252,22,130.6835,0.138,0,0,0.09,12.875,0.91795,3.335,0,13.0451677169308,1.69865905928399
"6048",2004,252,23,134.267,0,0,0,0.045,13.01,0.9319,2.655,0,13.0453414879161,1.69920477369127
"6049",2004,253,0,133.854,0,0,0,0.05,12.685,0.9496,2.625,0,13.0455191383321,1.69974751744382
"6050",2004,253,1,129.5435,0.023,0,0,0.025,12.1,0.95755,3.005,0,13.0456935253596,1.7002757341272
"6051",2004,253,2,122.2175,0,0,0,0.115,12.03,0.9504,3.01,0,13.0458524265604,1.70079317960661
"6052",2004,253,3,112.903,0,0,0,0.09,11.53,0.9543,2.905,0,13.0459843865495,1.70130093884405
"6053",2004,253,4,102.3915,0,0,0,0.05,11.305,0.96215,2.65,0,13.0460802128258,1.70179611495356
"6054",2004,253,5,91.067,24.334,7.635,6.535,2.97,11.07,0.96655,2.535,0,13.0524302517538,1.7022829020358
"6055",2004,253,6,79.697,302.956,98.42,118.915,38.51,11.855,0.96015,2.585,0,13.0436049251967,1.70277946866803
"6056",2004,253,7,68.39,696.693,249.045,318.81,87.19,14.615,0.9246,2.905,0,13.0424379935602,1.70333328441788
"6057",2004,253,8,57.5135,1070.696,394.185,518.61,126.93,17.525,0.8183,3.9,0,13.0424158090468,1.70395906835857
"6058",2004,253,9,47.6875,1272.797,477.225,628.24,144.01,19.505,0.7138,4.455,0,13.0424155127086,1.70462539350109
"6059",2004,253,10,39.908,1349.617,511.84,674.92,151.29,20.82,0.6108,4.84,0,13.0424156239311,1.70530629220335
"6060",2004,253,11,35.654,1608.298,614.9,811.195,174.51,22.105,0.5226,4.615,0,13.0424160503351,1.70599083528178
"6061",2004,253,12,36.207,1705.887,651.94,863.6,185.62,23.045,0.49035,3.88,0,13.0424155321462,1.70667310683285
"6062",2004,253,13,41.3755,1550.568,587.67,777.925,171.995,23.825,0.46275,3.41,0,13.0424156102646,1.70734999077508
"6063",2004,253,14,49.724,1298.879,485.55,645.095,151.235,24.375,0.43465,2.89,0,13.042415844433,1.70802054369201
"6064",2004,253,15,59.8575,967.081,354.825,472.425,121.705,24.88,0.41585,3.015,0,13.0424155339418,1.70868466521855
"6065",2004,253,16,70.886,570.308,205.52,270.025,80.945,24.78,0.39845,3.115,0,13.0424155561344,1.70934603365492
"6066",2004,253,17,82.2255,181.24,64.775,79.295,29.55,23.8,0.44395,2.44,0,13.0424155070315,1.71001428748611
"6067",2004,253,18,93.6595,6.946,2.595,1.27,0.64,21.91,0.51845,2.775,0,13.0301427719806,1.71069521229015
"6068",2004,253,19,104.877,0.046,0,0,0,18.97,0.64545,3.025,0,13.0324777965555,1.71137730395856
"6069",2004,253,20,115.225,0,0,0,0,17.31,0.7182,2.885,0,13.0331542426781,1.71203996080693
"6070",2004,253,21,124.24,0,0,0,0,16.955,0.7452,2.9,0,13.033284990519,1.71268776304334
"6071",2004,253,22,131.069,0.023,0,0,0,15.72,0.79615,3.39,0,13.0334347535838,1.71332072677583
"6072",2004,253,23,134.652,0.046,0,0,0,15.015,0.8316,3.025,0,13.0336057403357,1.71393298351802
"6073",2004,254,0,134.212,0.207,0,0,0,14.125,0.8652,3.215,0,13.0337903521684,1.7145256560479
"6074",2004,254,1,129.8535,0.414,0,0,0,13.545,0.8894,3.16,0,13.0339816572676,1.71509853325499
"6075",2004,254,2,122.478,0.138,0,0,0,13.4,0.8926,2.77,0,13.0341570403957,1.71566101937053
"6076",2004,254,3,113.1235,0,0,0,0,13.495,0.8938,2.785,0,13.034292453966,1.71622276188347
"6077",2004,254,4,102.587,0,0,0,0,12.685,0.9219,1.13,0,13.0343890827857,1.71677371312379
"6078",2004,254,5,91.239,21.505,6.41,6.3,3.365,12.49,0.9408,0.675,0,13.0376204330867,1.71730893015785
"6079",2004,254,6,79.872,283.337,93.425,113.66,37.985,13.61,0.90515,1.375,0,13.0281692387716,1.71785869263889
"6080",2004,254,7,68.5755,667.391,240.59,308.15,85.355,16.415,0.8406,1.855,0,13.0269143545581,1.71846196807274
"6081",2004,254,8,57.7225,1050.065,391.38,508.79,125.055,19.99,0.65275,1.885,0,13.0268904014735,1.71912438989855
"6082",2004,254,9,47.9375,1361.669,517.29,673.895,153.39,22.775,0.5075,1.675,0,13.0268900722799,1.71980926402449
"6083",2004,254,10,40.2145,1576.972,611.3,791.785,169.805,24.41,0.4659,1.25,0,13.0268901592481,1.72048582030648
"6084",2004,254,11,36.0175,1675.803,651.025,846.245,177.83,25.415,0.41735,1.6,0,13.0268904861207,1.72114716390281
"6085",2004,254,12,36.595,1655.678,644.475,837.04,177.47,26.37,0.36875,1.535,0,13.0268901164707,1.72179199630665
"6086",2004,254,13,41.751,1522.554,589.96,764.67,167.845,27.24,0.3122,1.745,0,13.0268902425454,1.72241754485053
"6087",2004,254,14,50.0725,1278.018,488.34,634,147.83,27.815,0.31125,1.52,0,13.0268906306295,1.72302515681433
"6088",2004,254,15,60.184,943.644,354.945,460.63,117.94,28.23,0.29215,1.745,0,13.0268900896763,1.72361904524989
"6089",2004,254,16,71.2005,556.278,207.06,262.435,78.52,28.21,0.24675,1.895,0,13.0268901029846,1.72420715717011
"6090",2004,254,17,82.527,177.721,65.095,75.785,28.61,26.535,0.3038,2.48,0,13.0268900802105,1.72481835795202
"6091",2004,254,18,93.9995,5.589,2.025,0.69,0.385,22.935,0.3596,3.48,0,13.014034601316,1.72548058685618
"6092",2004,254,19,105.2025,0.092,0,0,0,21.085,0.4116,3.56,0,13.0166399419026,1.72616671873608
"6093",2004,254,20,115.5675,0.023,0,0,0,19.405,0.487,3.505,0,13.0172946681431,1.72685015043546
"6094",2004,254,21,124.6065,0.023,0,0,0,19.02,0.53075,3.005,0,13.0174258726873,1.72752661014436
"6095",2004,254,22,131.4525,0,0,0,0,18.105,0.5821,1.89,0,13.0175758060773,1.72819616837385
"6096",2004,254,23,135.039,0.138,0,0,0,17.25,0.62815,1.63,0,13.0177483174303,1.72885392061318
"6097",2004,255,0,134.5705,0.391,0,0,0,16.46,0.66335,3.46,0,13.0179410647441,1.72949809802504
"6098",2004,255,1,130.165,0.322,0,0,0,15.405,0.7268,1.685,0,13.018137267731,1.73012407157431
"6099",2004,255,2,122.7395,0.207,0,0,0,14.32,0.77985,0.835,0,13.018311490816,1.73072531697243
"6100",2004,255,3,113.347,0.345,0,0,0,14.345,0.78945,2.72,0,13.0184553179125,1.7313130537899
"6101",2004,255,4,102.7805,0.322,0,0,0,13.19,0.83955,1.75,0,13.0185624278002,1.73188504333336
"6102",2004,255,5,91.4085,21.505,8.725,9.05,3.895,13.195,0.84635,0.5,0,13.0219010502649,1.73244021224746
"6103",2004,255,6,80.048,213.325,78.57,95.565,27.065,14.95,0.8026,0.805,0,13.0126964475969,1.73302059027477
"6104",2004,255,7,68.761,559.59,208.27,262.265,70.65,17.88,0.7584,1.43,0,13.0113757577718,1.73365580864425
"6105",2004,255,8,57.9315,979.616,367.445,475.38,119.495,21.81,0.63295,2.44,0,13.0113504364921,1.73433529867884
"6106",2004,255,9,48.1885,1155.612,439.41,568.425,134.975,24.605,0.52525,2.44,0,13.0113500862556,1.7350154061062
"6107",2004,255,10,40.5235,1054.458,402.805,518.475,122.78,25.68,0.4526,2.71,0,13.0113501728975,1.73567456537166
"6108",2004,255,11,36.383,1463.582,567.87,733.775,164.685,26.75,0.4086,2.015,0,13.0113504982436,1.73631425847741
"6109",2004,255,12,36.9835,1553.489,605.32,783.54,176.22,27.33,0.37375,2.035,0,13.0113501313563,1.73693555163849
"6110",2004,255,13,42.1275,1139.144,438.73,562.93,132.36,27.925,0.34485,1.93,0,13.0113502589971,1.73754170044592
"6111",2004,255,14,50.424,1011.011,391.78,502.185,121.495,28.27,0.3346,1.25,0,13.0113506524006,1.73813461508139
"6112",2004,255,15,60.5125,517.937,201.57,253.305,63.235,28.075,0.3455,1.105,0,13.0113501041485,1.7387253298862
"6113",2004,255,16,71.515,308.867,120.48,148.42,38.305,27.875,0.33955,1.115,0,13.0113501175891,1.73932182202462
"6114",2004,255,17,82.832,172.178,67.265,82.41,26.72,26.775,0.4082,2.375,0,13.0113500955903,1.73993580163869
"6115",2004,255,18,94.3045,4.347,1.975,0.73,0.475,23.74,0.54075,2.9,0,12.9977923067075,1.74059219488304
"6116",2004,255,19,105.5285,0,0,0,0,21.485,0.5891,3.025,0,13.0006219902049,1.7412774091053
"6117",2004,255,20,115.9115,0.023,0,0,0,20.255,0.6291,1.62,0,13.0012502330069,1.7419648853395
"6118",2004,255,21,124.9735,0,0,0,0,18.88,0.68195,1.295,0,13.0013804306902,1.74264548467282
"6119",2004,255,22,131.84,0.092,0,0,0,18.055,0.712,2.165,0,13.0015316515524,1.74331533209728
"6120",2004,255,23,135.426,0.023,0,0,0,16.75,0.7669,0.695,0,13.0017045409082,1.74397003127456
"6121",2004,256,0,134.929,0.184,0,0,0,16.76,0.7687,0.785,0,13.0018877965925,1.74461382106049
"6122",2004,256,1,130.476,0.345,0,0,0,16.085,0.80235,1.395,0,13.002076624528,1.74525121266578
"6123",2004,256,2,123.0005,0.437,0,0,0,15.365,0.84795,1.165,0,13.0022566671325,1.74587406579571
"6124",2004,256,3,113.567,0.46,0,0,0,15.275,0.8654,1,0,13.0024097722323,1.7464877768244
"6125",2004,256,4,102.9755,0.299,0,0,0,14.795,0.9001,1.935,0,13.0025197233761,1.74709463667212
"6126",2004,256,5,91.619,16.353,6.13,4.945,1.595,15.145,0.89155,2.05,0,13.0034940917183,1.74769987788224
"6127",2004,256,6,80.224,241.661,85.98,102.28,33.255,16.46,0.8568,0.97,0,12.9930862083171,1.74832456718564
"6128",2004,256,7,68.95,617.274,230.94,287.25,80.66,19.79,0.78995,0.3,0,12.9916620383995,1.74898920424842
"6129",2004,256,8,58.145,997.878,382.675,488.28,119.29,24.325,0.6048,0.22,0,12.9916345956262,1.74967432610906
"6130",2004,256,9,48.4425,1312.472,503.315,653.46,148.91,25.575,0.49385,1.195,0,12.9916342099762,1.75033803709018
"6131",2004,256,10,40.833,1521.082,591.97,771.77,169.03,26.495,0.41425,2.295,0,12.9916342854367,1.75098305502984
"6132",2004,256,11,36.748,1572.786,613.59,797.18,170.935,27.27,0.38315,2.85,0,12.9916345654116,1.7516096712448
"6133",2004,256,12,37.3735,1570.923,613.755,795.62,171.86,28.08,0.3475,2.785,0,12.9916342765003,1.75221600332015
"6134",2004,256,13,42.505,1485.547,580.03,753.07,170.245,28.51,0.32725,3.015,0,12.9916344533991,1.75280450453421
"6135",2004,256,14,50.7745,1209.869,468.47,611.79,147.455,28.755,0.2905,3.7,0,12.9916343091537,1.75338250457405
"6136",2004,256,15,60.843,893.458,340.23,444.78,117.58,28.825,0.2644,3.355,0,12.9916342468026,1.75395541674541
"6137",2004,256,16,71.831,493.327,187.235,236.83,72.765,28.57,0.3069,3.13,0,12.9916342320272,1.75453132591619
"6138",2004,256,17,83.1365,135.769,52.585,60.88,21.135,27.045,0.3623,2.495,0,12.9916342229486,1.75513365143422
"6139",2004,256,18,94.649,4.048,1.615,0.48,0.2,24.325,0.47345,3.08,0,12.9746144777539,1.75578479863538
"6140",2004,256,19,105.857,0,0,0,0,22.07,0.57405,3.065,0,12.9774894609814,1.75646855028193
"6141",2004,256,20,116.2585,0,0,0,0,20.62,0.6256,3.39,0,12.978025605742,1.75715872874846
"6142",2004,256,21,125.3415,0,0,0,0,19.97,0.6313,3.145,0,12.9781536088803,1.75784623389064
"6143",2004,256,22,132.2275,0,0,0,0,18.16,0.71145,2.8,0,12.9783029169543,1.75852419228031
"6144",2004,256,23,135.815,0,0,0,0,17.91,0.73385,2.59,0,12.9784724264157,1.75919052568143
"6145",2004,257,0,135.2895,0,0,0,0,17.22,0.7878,2.69,0,12.9786503019926,1.75984990994533
"6146",2004,257,1,130.786,0,0,0,0,17.145,0.82905,2.565,0,12.9788245087754,1.76050315581126
"6147",2004,257,2,123.261,0.161,0,0,0,17.055,0.86225,2.7,0,12.9789865566591,1.76115498055903
"6148",2004,257,3,113.788,0.414,0,0,0,16.255,0.91575,2.815,0,12.9791301804254,1.76179868383451
"6149",2004,257,4,103.1715,0.46,0,0,0,15.885,0.9425,2.645,0,12.9792411140626,1.76243083754794
"6150",2004,257,5,91.7905,13.455,4.8,3.55,1.15,15.97,0.9571,2.765,0,12.979759800044,1.76305997290076
"6151",2004,257,6,80.4005,200.468,73.445,88.27,28.36,17.09,0.95045,2.56,0,12.9679420730855,1.76370163024302
"6152",2004,257,7,69.138,573.505,212.13,266.41,75.95,19.72,0.8607,2.605,0,12.9663342445467,1.76437265191275
"6153",2004,257,8,58.3595,968.553,358.17,465.52,117.285,23.03,0.70555,4.07,0,12.9663030789856,1.76506231310277
"6154",2004,257,9,48.6975,1302.513,486.04,635.8,147.995,25.185,0.5552,5.005,0,12.9663026247486,1.76573860117537
"6155",2004,257,10,41.146,1543.001,581.77,760.4,167.465,26.88,0.48555,4.68,0,12.9663026819973,1.76638535371986
"6156",2004,257,11,37.1165,1633,619.05,809.04,175.95,28.095,0.4309,5.88,0,12.9663028863283,1.76699855192193
"6157",2004,257,12,37.765,1627.319,615.58,806.6,179.53,28.83,0.42165,6.87,0,12.9663027745933,1.7675837006979
"6158",2004,257,13,42.885,1503.97,563.14,739.605,170.125,29.27,0.3946,7.195,0,12.9663026562332,1.7681497095394
"6159",2004,257,14,51.1285,1271.624,470.8,620.115,150.845,29.42,0.38915,7.2,0,12.9663027106857,1.76870547786376
"6160",2004,257,15,61.176,725.121,264.62,343.105,90.015,29.22,0.39745,6.97,0,12.966302846591,1.76926212980562
"6161",2004,257,16,72.15,476.261,172.945,218.42,67.835,28.95,0.41195,6.66,0,12.9663026559516,1.76982696602105
"6162",2004,257,17,83.442,133.561,48.345,55.925,21.08,27.7,0.4669,4.895,0,12.9663026438329,1.77041616707125
"6163",2004,257,18,94.9945,3.381,1.165,0.21,0.19,24.89,0.56725,3.125,0,12.9494165734358,1.77105726347783
"6164",2004,257,19,106.1865,0,0,0,0,22.3,0.66255,3.13,0,12.9527125375162,1.77173963791983
"6165",2004,257,20,116.606,0,0,0,0,21.255,0.7244,3.545,0,12.9532382367602,1.77243202615277
"6166",2004,257,21,125.711,0,0,0,0,20.345,0.7811,3.33,0,12.9533660263386,1.77312358170409
"6167",2004,257,22,132.6145,0.046,0,0,0,20.075,0.80545,3.05,0,12.9535164109789,1.77381283940713
"6168",2004,257,23,136.204,0,0,0,0.01,19.335,0.8397,2.77,0,12.9536874107275,1.77449882307824
"6169",2004,258,0,135.6515,0.069,0,0,0,17.75,0.8984,2.455,2.18016666666667,12.9538664931927,1.77517333012771
"6170",2004,258,1,131.0975,0.023,0,0,0,17.445,0.9051,2.57,2.18016666666667,12.9540443120163,1.77583531564624
"6171",2004,258,2,123.5215,0.161,0,0,0,17.065,0.9186,1.865,2.18016666666667,12.9542072099649,1.77649178033746
"6172",2004,258,3,114.0085,0.368,0,0,0,16.655,0.93355,2.285,2.18016666666667,12.954350083083,1.77714135197312
"6173",2004,258,4,103.364,0.46,0,0,0,17.71,0.9256,2.815,2.18016666666667,12.9544600395686,1.7777964263234
"6174",2004,258,5,91.9625,11.224,3.74,2.73,0.895,17.68,0.9356,2.92,2.18016666666667,12.954787448494,1.77845985684541
"6175",2004,258,6,80.5775,163.415,61.895,73.75,21.29,19,0.9058,3.695,2.18016666666667,12.9412766127273,1.77913249176082
"6176",2004,258,7,69.3285,557.589,204.505,258.38,74.48,21.21,0.8318,5.48,2.18016666666667,12.9394064433068,1.77982148205765
"6177",2004,258,8,58.575,913.882,336.835,438.15,112.05,23.17,0.76655,5.1,2.18016666666667,12.9393699313139,1.78051370717723
"6178",2004,258,9,48.9565,1137.511,424.975,552.56,132.78,25.21,0.70215,5.29,2.18016666666667,12.9393693928833,1.78119140774524
"6179",2004,258,10,41.4615,1130.128,427.57,555.005,131.46,26.295,0.67175,5.55,2.18016666666667,12.9393694511569,1.78184605564131
"6180",2004,258,11,37.484,859.303,322.56,416.205,99.035,26.325,0.67705,6.25,2.18016666666667,12.9393696595229,1.78248981745785
"6181",2004,258,12,38.1575,545.583,198.685,253.91,61.275,25.11,0.76285,5.225,2.18016666666667,12.9393695359752,1.78314505826998
"6182",2004,258,13,43.265,219.742,79.545,97.305,21.82,22.33,0.9009,3.225,2.18016666666667,12.9393694313478,1.78382707410775
"6183",2004,258,14,51.4855,69.207,22.915,25.745,6.13,20.72,0.88085,4.88,2.18016666666667,12.9393692357467,1.78452052751855
"6184",2004,258,15,61.5095,214.291,78.905,96.73,24.71,20.54,0.91505,2.735,2.18016666666667,12.9393691198386,1.78521285943748
"6185",2004,258,16,72.469,263.626,101.905,123.475,30.555,22.14,0.8962,2.79,2.18016666666667,12.9393691218516,1.78590626845602
"6186",2004,258,17,83.746,139.265,52.005,61.13,17.675,22.765,0.8769,3.195,2.18016666666667,12.9393691252667,1.78659819601613
"6187",2004,258,18,95.3045,3.013,1.24,0.45,0.385,22.4,0.8724,3.26,2.18016666666667,12.9238029898167,1.78729026986431
"6188",2004,258,19,106.515,0,0,0,0.005,21.67,0.87695,3.27,2.18016666666667,12.9276350724434,1.78798463998991
"6189",2004,258,20,116.953,0,0,0,0,21.025,0.8974,3.81,2.18016666666667,12.9281771988162,1.78867939960217
"6190",2004,258,21,126.08,0,0,0,0.005,20.485,0.91135,3.42,2.18016666666667,12.9283052023207,1.789373048797
"6191",2004,258,22,133.0055,0,0,0,0,20.21,0.9029,3.27,2.18016666666667,12.9284545476327,1.79006512673673
"6192",2004,258,23,136.5945,0,0,0,0,19.725,0.9052,3.055,2.18016666666667,12.9286241446977,1.79075506867796
"6193",2004,259,0,136.0115,0,0,0,0,19.265,0.91275,3.165,0,12.9288021547451,1.79144158641513
"6194",2004,259,1,131.4085,0,0,0,0.005,18.93,0.91775,2.915,0,12.9289765300575,1.79212454855624
"6195",2004,259,2,123.782,0.092,0,0,0,18.085,0.9364,2.585,0,12.929136681628,1.79280098222143
"6196",2004,259,3,114.23,0.322,0,0,0,17.85,0.94,2.89,0,12.9292776883038,1.79347046100602
"6197",2004,259,4,103.5585,0.276,0,0,0,18.235,0.9275,3.515,0,12.9293841441914,1.79414096020539
"6198",2004,259,5,92.173,13.432,4.395,3.005,1.36,18.305,0.9158,4.065,0,12.9298972968243,1.79481449652702
"6199",2004,259,6,80.7555,217.143,76.36,91.11,29.435,19.17,0.89585,4.915,0,12.9214147964848,1.79549386857062
"6200",2004,259,7,69.521,599.61,212.91,273.245,76.285,21.26,0.8412,5.885,0,12.9198961380167,1.7961852080215
"6201",2004,259,8,58.792,982.79,350.045,464.165,117.11,23.475,0.769,7.28,0,12.919866337626,1.79687830657484
"6202",2004,259,9,49.2145,1194.229,432.225,574.465,137.205,25.285,0.70295,7.96,0,12.9198659090539,1.79755549519027
"6203",2004,259,10,41.7765,1289.127,473.01,628.45,146.77,26.82,0.63365,8.595,0,12.9198659731669,1.79820566020467
"6204",2004,259,11,37.8545,1149.149,422.71,557.98,130.265,27.585,0.5872,8.62,0,12.9198662065169,1.79883000048257
"6205",2004,259,12,38.552,971.704,358.12,464.615,108.22,28.215,0.54945,8.31,0,12.9198660158219,1.79943547481471
"6206",2004,259,13,43.6465,1082.035,394.22,520.53,125.21,28.875,0.5227,8.135,0,12.9198660470229,1.80002139251086
"6207",2004,259,14,51.8425,810.29,295.6,381.51,93.255,28.89,0.51455,8.29,0,12.9198659225463,1.80059636943932
"6208",2004,259,15,61.8435,405.72,150.26,185.81,45.595,28.465,0.53735,6.545,0,12.9198659325007,1.80117807452744
"6209",2004,259,16,72.7895,428.904,153.23,193.915,57.79,28.4,0.5467,6.34,0,12.9198659453783,1.80176763275851
"6210",2004,259,17,84.05,96.393,32.77,35.17,12.04,27.36,0.58745,5.885,0,12.9198659289298,1.80237354506161
"6211",2004,259,18,95.654,1.357,0.4,0,0.025,26.035,0.63275,4.955,0,12.8956853062626,1.80301084309656
"6212",2004,259,19,106.844,0.023,0,0,0,24.35,0.70305,3.955,0,12.8986473856076,1.80367830441445
"6213",2004,259,20,117.3005,0.046,0,0,0,23.77,0.7415,4.045,0,12.8990269068092,1.80436152728785
"6214",2004,259,21,126.453,0.069,0,0,0.13,23.62,0.77175,4.535,0,12.899154352308,1.80504853358012
"6215",2004,259,22,133.395,0.023,0,0,0,23.425,0.7909,4.62,0,12.8993065711035,1.8057370908379
"6216",2004,259,23,136.985,0,0,0,0,22.985,0.8127,3.44,0,12.8994769296235,1.80642814567196
"6217",2004,260,0,136.371,0,0,0,0,22.415,0.8387,3.06,0.0105833333333333,12.899654594077,1.80712229553724
"6218",2004,260,1,131.719,0.023,0,0,0,22.36,0.8545,3.175,0.0105833333333333,12.8998303356174,1.80781787477075
"6219",2004,260,2,124.0425,0,0,0,0.07,21.955,0.91085,3.1,0.0105833333333333,12.899990008245,1.80851416403033
"6220",2004,260,3,114.45,0,0,0,0.15,20.755,0.86235,3.09,0.0105833333333333,12.9001223904231,1.80921108717349
"6221",2004,260,4,103.754,0,0,0,0,20.255,0.8764,2.25,0.0105833333333333,12.9002181441498,1.80990619392823
"6222",2004,260,5,92.347,4.094,1.28,0.305,0.135,20.06,0.8872,1.05,0.0105833333333333,12.90030705639,1.81059965099181
"6223",2004,260,6,80.9355,138.828,51.47,60.835,15.845,19.91,0.8964,2.58,0.0105833333333333,12.8828112491485,1.81129281183939
"6224",2004,260,7,69.7135,436.448,159.025,199.79,51.445,19.82,0.8415,3.715,0.0105833333333333,12.8803034748043,1.8119860162137
"6225",2004,260,8,59.011,1022.074,364.655,486.16,121.885,21.19,0.72005,3.785,0.0105833333333333,12.8802538119462,1.81268248395081
"6226",2004,260,9,49.477,1334.276,482.95,648.505,151.02,22.315,0.62255,4.195,0.0105833333333333,12.8802530721248,1.81338098076093
"6227",2004,260,10,42.097,1551.051,569.93,767.495,171.365,23.32,0.57045,4.135,0.0105833333333333,12.880253125886,1.81407596347525
"6228",2004,260,11,38.2255,1578.191,587.535,785.45,173.065,24.085,0.55735,3.815,0.0105833333333333,12.8802533153031,1.81476432785555
"6229",2004,260,12,38.9445,1624.191,604.79,810.31,181.155,24.745,0.49935,4.115,0.0105833333333333,12.8802532567669,1.81544481431687
"6230",2004,260,13,44.0295,1385.635,514.14,687.945,159.59,25.165,0.4348,4.07,0.0105833333333333,12.8802530910105,1.81611784041443
"6231",2004,260,14,52.2,892.561,334.4,438.23,107.03,25.23,0.4091,3.475,0.0105833333333333,12.8802531129688,1.81678709694365
"6232",2004,260,15,62.1795,834.348,303.8,405.5,108.695,25.18,0.40125,3.675,0.0105833333333333,12.8802531621705,1.81745623193095
"6233",2004,260,16,73.1095,439.898,162.645,209.67,59.775,24.455,0.42145,4.64,0.0105833333333333,12.8802532415698,1.81813122924785
"6234",2004,260,17,84.353,94.898,36.865,42.935,14.645,22.52,0.4951,3.3,0.0105833333333333,12.8802530952964,1.81882095651201
"6235",2004,260,18,95.9705,2.507,1.25,0.785,0.88,20.125,0.59455,3.8,0.0105833333333333,12.8580579924725,1.81951964889189
"6236",2004,260,19,107.175,0.023,0,0,0.02,19.29,0.6097,3.945,0.0105833333333333,12.8615872823695,1.82021338398989
"6237",2004,260,20,117.649,0,0,0,0.065,18.05,0.6621,4.15,0.0105833333333333,12.8619773039504,1.82089703192031
"6238",2004,260,21,126.8225,0,0,0,0,17.34,0.73595,3.865,0.0105833333333333,12.8621026896391,1.82156779925902
"6239",2004,260,22,133.786,0.046,0,0,0.02,16.76,0.7852,4.47,0.0105833333333333,12.8622535172504,1.82222798395451
"6240",2004,260,23,137.3775,0,0,0,0.065,15.735,0.76795,4.74,0.0105833333333333,12.862425220073,1.82287272350712
"6241",2004,261,0,136.735,0,0,0,0.015,15.045,0.7339,4.665,0,12.8626031151343,1.8234986114988
"6242",2004,261,1,132.0295,0,0,0,0.01,14.39,0.74315,4.88,0,12.8627778386754,1.82410786626394
"6243",2004,261,2,124.3005,0,0,0,0,13.975,0.7406,5.56,0,12.8629371494097,1.82470282860714
"6244",2004,261,3,114.6695,0.046,0,0,0,14.155,0.6931,6.225,0,12.8630695710832,1.82529452905358
"6245",2004,261,4,103.948,0.023,0,0,0.215,12.915,0.7536,4.405,0,12.8631672120561,1.82587071291723
"6246",2004,261,5,92.522,7.452,2.225,0.79,0.525,12.145,0.79345,4.355,0,12.8633198919801,1.82641555903412
"6247",2004,261,6,81.1125,196.535,67.795,80.4,27.435,11.88,0.8138,4.025,0,12.8540167099235,1.82694335643172
"6248",2004,261,7,69.9065,644.138,231.985,300.815,87.835,14.94,0.6653,6.265,0,12.8522552285983,1.82751543206061
"6249",2004,261,8,59.231,1028.629,377.86,503.005,129.1,17.1,0.563,8.335,0,12.852220148195,1.82815561508166
"6250",2004,261,9,49.741,1338.669,502.19,670.055,158.64,19.215,0.43775,8.69,0,12.8522196288496,1.8288331497443
"6251",2004,261,10,42.4155,1544.749,588.485,784.665,175.87,20.285,0.40315,8.72,0,12.8522196869496,1.82952772769505
"6252",2004,261,11,38.598,1639.509,631.57,838.035,182.105,21.635,0.36275,6.705,0,12.8522198955322,1.83022793309168
"6253",2004,261,12,39.341,1616.371,624.6,825.68,179.615,22.585,0.32695,6.735,0,12.8522197719696,1.83092811687483
"6254",2004,261,13,44.4145,1476.117,566.275,747.865,167.805,23.36,0.31145,6.345,0,12.8522196674625,1.831624512413
"6255",2004,261,14,52.559,1226.176,462.815,611.67,145.885,23.92,0.3023,5.505,0,12.8522197389586,1.83231575984867
"6256",2004,261,15,62.515,882.625,326.42,430.04,113.315,24.095,0.29635,5.08,0,12.8522199228061,1.83300335532109
"6257",2004,261,16,73.4325,483.943,175.86,226.38,69.9,23.92,0.31625,4.085,0,12.8522196545739,1.83369095079685
"6258",2004,261,17,84.6535,120.727,42.605,48.965,19.72,22.205,0.37885,3.265,0,12.8522196501729,1.8343863322855
"6259",2004,261,18,96.326,1.219,0.435,0,0.065,18.655,0.5032,3.285,0,12.8363506386681,1.83508354885678
"6260",2004,261,19,107.505,0,0,0,0,16.15,0.5953,2.835,0,12.8412426883413,1.83575058169167
"6261",2004,261,20,117.998,0.161,0,0,0.005,14.725,0.66855,3.025,0,12.8417229738917,1.83637887642325
"6262",2004,261,21,127.195,0.138,0,0,0,14.74,0.7251,3.32,0,12.84185597879,1.83699004437024
"6263",2004,261,22,134.1795,0.069,0,0,0,15.03,0.7431,2.79,0,12.8420113103461,1.83760509786195
"6264",2004,261,23,137.77,0.046,0,0,0,14.21,0.7729,2.525,0,12.842184249638,1.83821321757515
"6265",2004,262,0,137.0955,0.276,0,0,0,13.39,0.8086,2.915,0,12.8423715571769,1.83879868285729
"6266",2004,262,1,132.3395,0.184,0,0,0,12.825,0.835,2.56,0,12.8425603470454,1.83936336750088
"6267",2004,262,2,124.56,0.161,0,0,0,12.23,0.8534,2.505,0,12.8427286698587,1.83990945262915
"6268",2004,262,3,114.8895,0.023,0,0,0,12.2,0.8354,2.675,0,12.8428656811602,1.84044513743588
"6269",2004,262,4,104.1425,0.023,0,0,0,12.3,0.8131,2.41,0,12.8429631092259,1.84098199710577
"6270",2004,262,5,92.7335,15.387,6.525,6.47,2.95,11.715,0.84575,1.81,0,12.8437506752371,1.8415105184567
"6271",2004,262,6,81.2945,163.53,62.125,76.305,21.44,12.77,0.7918,1.055,0,12.8381186501562,1.8420471118699
"6272",2004,262,7,70.1005,499.537,184.525,234.39,62.07,14.565,0.6882,2.075,0,12.8365219159153,1.8426287007496
"6273",2004,262,8,59.453,811.716,298.535,387.315,98.08,17.46,0.5253,3.695,0,12.8364899923034,1.84326932239082
"6274",2004,262,9,50.0065,1094.616,407.395,533.97,127.265,19.59,0.45935,4.275,0,12.836489523351,1.84395275817077
"6275",2004,262,10,42.7365,1457.418,550.52,726.875,164.905,21.855,0.3728,3.76,0,12.8364895822319,1.8446529972205
"6276",2004,262,11,38.9725,1616.463,618.665,813.355,178.835,23.795,0.29885,3.335,0,12.8364897936581,1.8453509564648
"6277",2004,262,12,39.7355,1571.176,601.22,790.61,172.695,25.17,0.2572,3.415,0,12.8364896621384,1.8460337438063
"6278",2004,262,13,44.798,1469.815,558.85,734.125,166.15,26.075,0.2295,4.065,0,12.8364895680677,1.84669888338627
"6279",2004,262,14,52.918,1217.85,457.26,599.845,143.845,26.665,0.2179,4.495,0,12.8364896271906,1.84734915455208
"6280",2004,262,15,62.8535,849.643,315.06,409.35,107.86,26.915,0.2038,3.605,0,12.8364895396482,1.84798992814061
"6281",2004,262,16,73.755,327.842,119.335,146.575,42.43,26.16,0.2334,2.95,0,12.8364895444957,1.84863644522701
"6282",2004,262,17,84.953,101.177,37.09,40.045,14.03,24.125,0.29545,2.77,0,12.8364895462318,1.84930919118526
"6283",2004,262,18,96.6455,1.15,0.535,0,0,21.725,0.3569,2.95,0,12.8172562542315,1.85000695365207
"6284",2004,262,19,107.836,0.023,0,0,0,20.03,0.41785,2.69,0,12.82159431339,1.85070938339043
"6285",2004,262,20,118.346,0.069,0,0,0.015,19.125,0.43535,3.895,0,12.8220027895123,1.85140510904088
"6286",2004,262,21,127.566,0.023,0,0,0,17.23,0.5282,3.23,0,12.822130507003,1.85208537665977
"6287",2004,262,22,134.57,0.023,0,0,0,17.26,0.5244,2.01,0,12.8222816572297,1.85275201000109
"6288",2004,262,23,138.163,0.138,0,0,0,16.235,0.58485,2.33,0,12.8224549551907,1.85340956007315
"6289",2004,263,0,137.4585,0.092,0,0,0,15.515,0.611,2.14,0,12.8226411287705,1.85404937142741
"6290",2004,263,1,132.649,0.115,0,0,0,15.66,0.5899,2.945,0,12.8228214019178,1.85468277863412
"6291",2004,263,2,124.819,0.092,0,0,0,14.04,0.67735,3.335,0,12.8229864600263,1.85529790511148
"6292",2004,263,3,115.108,0.184,0,0,0,13.08,0.71465,3.56,0,12.8231238502353,1.85587755435171
"6293",2004,263,4,104.338,0.322,0,0,0,13.06,0.71445,3.42,0,12.8232283468366,1.8564423403695
"6294",2004,263,5,92.9075,9.499,3.64,2.325,1.38,13.14,0.6985,3.525,0,12.8234610453097,1.85700805358843
"6295",2004,263,6,81.475,194.097,69.68,83.32,26.92,13.585,0.68035,3.83,0,12.8166617183193,1.85758204664399
"6296",2004,263,7,70.298,610.811,218.55,284.325,82.69,15.885,0.56605,5.645,0,12.8149883587942,1.8581943256524
"6297",2004,263,8,59.6775,1001.052,364.08,482.58,125.2,18.48,0.4449,6.04,0,12.8149547786599,1.85885938216295
"6298",2004,263,9,50.273,1312.541,487.795,648.28,155.025,20.775,0.3662,4.99,0,12.8149542816505,1.85955528518788
"6299",2004,263,10,43.059,1523.152,575.335,764.41,172.97,22.67,0.3083,4.74,0,12.8149543396075,1.86025863864944
"6300",2004,263,11,39.3455,1617.199,615.565,817.195,179.975,24.115,0.28235,4.775,0,12.8149545477428,1.86095464534778
"6301",2004,263,12,40.1315,1594.245,607.945,805.61,177.61,25.12,0.2649,4.82,0,12.814954425882,1.86163744515716
"6302",2004,263,13,45.182,1450.955,549.995,727.415,165.36,25.88,0.25005,4.58,0,12.814954319411,1.8623064528148
"6303",2004,263,14,53.2795,1200.094,450.915,594,143.375,26.355,0.2392,4.69,0,12.814954388867,1.86296368154716
"6304",2004,263,15,63.1925,860.085,318.335,416.32,110.65,26.24,0.2722,4.55,0,12.8149545677576,1.86361716329342
"6305",2004,263,16,74.078,465.014,168.96,214.975,67.53,25.55,0.30875,4.765,0,12.8149543081545,1.86427881675774
"6306",2004,263,17,85.2905,109.273,38.815,42.535,17.745,23.56,0.3657,3.33,0,12.8149543036273,1.8649619060934
"6307",2004,263,18,96.9665,1.058,0.42,0,0,20.545,0.4561,3.27,0,12.798613917651,1.86566436353497
"6308",2004,263,19,108.1665,0.023,0,0,0,17.835,0.55815,3.545,0,12.8037127800332,1.86635722132874
"6309",2004,263,20,118.6945,0.023,0,0,0,17.225,0.56995,2.825,0,12.8041550680893,1.86702985149932
"6310",2004,263,21,127.9385,0.092,0,0,0,16.165,0.6144,3.175,0,12.804283702518,1.86768772422637
"6311",2004,263,22,134.964,0.23,0,0,0,14.695,0.6739,3.325,0,12.8044414345447,1.86831844421819
"6312",2004,263,23,138.5565,0.299,0,0,0,14.305,0.6952,2.73,0,12.8046267819666,1.86892601662664
"6313",2004,264,0,137.82,0.115,0,0,0,14.03,0.7139,3.045,0,12.804818680978,1.86952450113725
"6314",2004,264,1,132.9585,0.207,0,0,0,12.11,0.8033,3.62,0,12.8050026916612,1.87008995822169
"6315",2004,264,2,125.0745,0.184,0,0,0,11.725,0.83245,3.59,0,12.8051727507854,1.87061765203701
"6316",2004,264,3,115.326,0.046,0,0,0,11.16,0.83715,3.06,0,12.8053104086298,1.87112842820374
"6317",2004,264,4,104.533,0,0,0,0,10.8,0.8401,2.775,0,12.8054073863779,1.87162216554689
"6318",2004,264,5,93.084,11.224,3.785,1.775,1.095,10.88,0.8356,2.525,0,12.8057221204796,1.87211062747444
"6319",2004,264,6,81.6565,250.953,82.7,100.065,34.875,11.18,0.8281,3.02,0,12.8024763494928,1.87260631074177
"6320",2004,264,7,70.4955,626.175,230.55,300.71,87.9,13.77,0.75725,3.45,0,12.801046755857,1.87315236715724
"6321",2004,264,8,59.9035,1012.506,378.87,504.865,132.875,17.15,0.56475,4.725,0,12.8010180072018,1.87378267550686
"6322",2004,264,9,50.543,1322.385,503.95,673.78,164.415,20.005,0.4317,4.385,0,12.8010175842361,1.87446886760678
"6323",2004,264,10,43.385,1528.465,593.07,789.93,181.65,21.9,0.3643,3.01,0,12.8010176418062,1.87517279225272
"6324",2004,264,11,39.7215,1624.283,636.14,846.83,189.665,23.65,0.29755,3.27,0,12.8010178487708,1.87587393281532
"6325",2004,264,12,40.529,1596.66,624.765,831.455,186.645,25.065,0.25355,3.315,0,12.8010177303244,1.87656101535678
"6326",2004,264,13,45.5685,1451.898,562.915,748.36,173.6,26.13,0.2397,3.595,0,12.801017619684,1.87722919337863
"6327",2004,264,14,53.64,1197.058,456.77,606.775,149.77,26.655,0.2476,4,0,12.8010176842737,1.87788156918602
"6328",2004,264,15,63.531,855.416,320.895,424.245,115.955,26.785,0.24965,4.855,0,12.8010178501696,1.87852655375023
"6329",2004,264,16,74.4025,456.527,167.72,214.615,69.38,26.395,0.2829,4.79,0,12.8010176118619,1.87917452649336
"6330",2004,264,17,85.589,103.707,37.095,40.14,17.9,24.365,0.3406,3.85,0,12.8010176061758,1.87984598515489
"6331",2004,264,18,97.2865,0.736,0.315,0,0,20.47,0.4758,3.575,0,12.7841102698646,1.88054727946484
"6332",2004,264,19,108.4975,0.046,0,0,0,18.41,0.5822,3.92,0,12.7891728255511,1.88124400522862
"6333",2004,264,20,119.042,0,0,0,0,17.345,0.6367,3.765,0,12.7895927025751,1.88192291014382
"6334",2004,264,21,128.31,0,0,0,0,16.59,0.66715,4,0,12.7897189207106,1.8825869843669
"6335",2004,264,22,135.3565,0.092,0,0,0,15.68,0.7108,3.495,0,12.7898709716776,1.88323468461931
"6336",2004,264,23,138.951,0.184,0,0,0,14.625,0.7667,3.535,0,12.7900486487084,1.88385986633255
"6337",2004,265,0,138.182,0.138,0,0,0,13.975,0.80535,3.465,0,12.7902378480613,1.88446293221518
"6338",2004,265,1,133.2665,0.391,0,0,0,13.59,0.82115,3.57,0,12.7904266508132,1.88505136016783
"6339",2004,265,2,125.3315,0.368,0,0,0,12.865,0.84805,3.08,0,12.7906066444475,1.88562303676148
"6340",2004,265,3,115.546,0.161,0,0,0,12.23,0.86055,2.7,0,12.7907520421652,1.88617295266082
"6341",2004,265,4,104.7275,0.046,0,0,0,12.05,0.85495,1.255,0,12.7908519540177,1.88670918824614
"6342",2004,265,5,93.2965,9.683,3.33,1.8,0.84,11.985,0.8567,2.115,0,12.7910837714458,1.88724119681143
"6343",2004,265,6,81.8365,235.52,77.505,92.57,32.08,12.21,0.8596,1.63,0,12.7870765937649,1.88777607151582
"6344",2004,265,7,70.6935,609.247,222.475,286.87,84.08,16.015,0.75605,2.13,0,12.7855731650899,1.88837224691698
"6345",2004,265,8,60.1305,990.035,369.88,487.19,126.525,20.305,0.5594,1.92,0,12.7855428682473,1.8890526396008
"6346",2004,265,9,50.814,1299.891,492.165,653.605,157.38,23.485,0.40675,3.21,0,12.7855424256873,1.88975687752685
"6347",2004,265,10,43.71,1507.282,577.125,768.915,176.73,24.805,0.37735,4.195,0,12.7855424868806,1.89044774222328
"6348",2004,265,11,40.099,1596.177,616.33,820.015,184.465,25.905,0.33255,3.885,0,12.7855427089712,1.89112133050351
"6349",2004,265,12,40.927,1569.428,603.9,805.265,182.94,26.79,0.31175,4.43,0,12.7855425476015,1.89177569670412
"6350",2004,265,13,45.954,1424.022,543.09,724.57,170.305,27.4,0.3032,4.015,0,12.7855425030382,1.89241254139771
"6351",2004,265,14,54.0015,1169.251,439.46,587.905,147.515,27.965,0.29,4.25,0,12.7855424416853,1.89303368746796
"6352",2004,265,15,63.8695,825.424,306.24,406.515,112.535,28.105,0.29565,4.445,0,12.7855424556272,1.89364466877259
"6353",2004,265,16,74.726,438.104,160.635,205.07,67.365,27.815,0.3018,3.95,0,12.7855424758763,1.89425786308289
"6354",2004,265,17,85.9285,96.416,35.105,37.76,16.455,26.04,0.3467,3.07,0,12.7855424504204,1.89489833098195
"6355",2004,265,18,97.607,0.621,0.26,0,0,23.025,0.44495,3.44,0,12.7676476771939,1.89558363326286
"6356",2004,265,19,108.8275,0.069,0,0,0,20.445,0.5326,3.08,0,12.7725638120673,1.89628988496945
"6357",2004,265,20,119.39,0,0,0,0,18.26,0.60695,2.39,0,12.772955724072,1.89698680781866
"6358",2004,265,21,128.6825,0.161,0,0,0,16.27,0.68875,1.315,0,12.7730845320694,1.89765677266176
"6359",2004,265,22,135.75,0.276,0,0,0,16.49,0.68205,1.215,0,12.7732456582059,1.89831083461019
"6360",2004,265,23,139.3445,0.345,0,0,0,16.35,0.69005,2.36,0,12.773434156683,1.89896569680579
"6361",2004,266,0,138.543,0.345,0,0,0,15.75,0.71165,2.43,0,12.7736341627802,1.89961279767145
"6362",2004,266,1,133.5745,0.023,0,0,0,14.535,0.76335,2.39,0,12.7738217830503,1.90023878114068
"6363",2004,266,2,125.5885,0,0,0,0,14.135,0.7828,2.705,0,12.7739817077905,1.90084390742303
"6364",2004,266,3,115.7635,0,0,0,0,13.02,0.8363,1.295,0,12.7741134732372,1.90142716753599
"6365",2004,266,4,104.9215,0,0,0,0,12.75,0.8446,2.87,0,12.774209513334,1.90198911319704
"6366",2004,266,5,93.4745,7.406,2.74,1.475,0.56,12.12,0.8671,2.26,0,12.7743600985962,1.90253626392318
"6367",2004,266,6,82.02,215.878,70.945,84.21,28.415,13.175,0.8447,2.03,0,12.7690492849998,1.90309051921714
"6368",2004,266,7,70.893,563.822,203.12,257.12,75.255,16.245,0.7905,1.205,0,12.7674201598938,1.90370475424189
"6369",2004,266,8,60.3605,853.461,318.365,414.285,106.945,20.655,0.60305,0.845,0,12.7673872369593,1.90439006315768
"6370",2004,266,9,51.0845,1021.223,414.115,542.065,128.95,24,0.4593,0.68,0,12.7673867495925,1.90509433309768
"6371",2004,266,10,44.0365,1396.422,553.635,731.33,166.055,25,0.4266,1.585,0,12.7673868077568,1.90578227856326
"6372",2004,266,11,40.4765,1580.997,608.21,808.875,181.95,25.75,0.3808,2.82,0,12.7673870171262,1.90645696807248
"6373",2004,266,12,41.3225,1623.754,628.26,831.625,188.69,27.365,0.3272,3.15,0,12.7673868917092,1.90710756931789
"6374",2004,266,13,46.341,1419.721,544.285,720.765,168.055,28.395,0.28945,3.615,0,12.7673867896407,1.90772411672869
"6375",2004,266,14,54.3635,1167.158,443.595,587.115,145.81,29.075,0.25905,3.425,0,12.767386864903,1.90831406031733
"6376",2004,266,15,64.21,804.287,300.33,395.68,108.86,29.38,0.2465,3.69,0,12.7673870602192,1.90888705260024
"6377",2004,266,16,75.0485,406.824,149.52,188.41,62.01,28.795,0.25605,4.08,0,12.7673867747124,1.90946495588524
"6378",2004,266,17,86.264,56.396,20.275,18.21,5.87,26.26,0.32375,3.175,0,12.7673861269823,1.9100904045165
"6379",2004,266,18,97.926,0.437,0.23,0,0,22.73,0.4563,3.12,0,12.7285192151048,1.9107776678523
"6380",2004,266,19,109.156,0,0,0,0,20.445,0.54615,3.385,0,12.7307844188168,1.9114873003833
"6381",2004,266,20,119.738,0,0,0,0,19.35,0.5858,3.995,0,12.7309904164978,1.91219217144751
"6382",2004,266,21,129.0525,0,0,0,0,18.895,0.6189,3.61,0,12.7311136293298,1.91289077902968
"6383",2004,266,22,136.144,0,0,0,0,18.4,0.6477,2.915,0,12.7312645740271,1.9135842422642
"6384",2004,266,23,139.741,0.023,0,0,0,18.05,0.7002,3.825,0,12.7314357273248,1.91427240347717
"6385",2004,267,0,138.906,0.046,0,0,0,16.845,0.7496,3.565,0,12.7316165922475,1.91494875829344
"6386",2004,267,1,133.8815,0.069,0,0,0,16.31,0.77045,2.81,0,12.7317945763485,1.91560960591168
"6387",2004,267,2,125.8445,0.046,0,0,0,15.13,0.81545,3.335,0,12.7319565709845,1.91625209742345
"6388",2004,267,3,115.9815,0.161,0,0,0,15.17,0.82475,2.92,0,12.7320920154683,1.91688124543555
"6389",2004,267,4,105.1155,0.207,0,0,0,14.45,0.8467,3.19,0,12.7321931411283,1.91750169595112
"6390",2004,267,5,93.651,7.544,2.56,1.395,0.505,13.66,0.87605,2.52,0,12.7323504482891,1.91810158658996
"6391",2004,267,6,82.2035,198.053,66.955,78.78,27.35,14.165,0.87385,2.29,0,12.7267226782086,1.91869760770124
"6392",2004,267,7,71.0955,560.533,203.555,257.26,76.03,17.875,0.751,2.37,0,12.7250269890817,1.91934530632898
"6393",2004,267,8,60.589,948.566,348.125,458.825,119.265,22.415,0.5169,3.525,0,12.7249926234953,1.92004880245562
"6394",2004,267,9,51.359,1237.124,460.225,611.575,147.725,24.99,0.4231,4.39,0,12.7249921119645,1.92074792052217
"6395",2004,267,10,44.3665,1420.595,536.055,712.46,164.525,26.69,0.35695,5.13,0,12.7249921699193,1.92141659729474
"6396",2004,267,11,40.853,1501.831,570.5,758.65,171.83,27.43,0.31385,5.315,0,12.7249923786065,1.92205839327694
"6397",2004,267,12,41.721,1475.91,560.995,745.735,171.94,28.195,0.29175,6.02,0,12.7249922553259,1.92267975671711
"6398",2004,267,13,46.725,1351.227,509.765,677.275,162.62,28.755,0.2809,6.305,0,12.7249921505763,1.92328090886268
"6399",2004,267,14,54.7255,1153.174,428.015,571.95,145.27,29.095,0.27625,6.88,0,12.7249922226302,1.92386710265612
"6400",2004,267,15,64.549,801.803,292.725,388.53,108.505,29.035,0.2834,6.495,0,12.7249924094611,1.92444844837485
"6401",2004,267,16,75.372,402.96,144.78,183.405,61.51,28.415,0.2962,6.005,0,12.724992137751,1.92504137674548
"6402",2004,267,17,86.5675,70.357,24.45,25.23,10.05,26.44,0.35775,4.2,0,12.724992104311,1.92567286372027
"6403",2004,267,18,98.2465,0.299,0.06,0,0,23.535,0.4563,3.49,0,12.7007605625224,1.92635627447659
"6404",2004,267,19,109.4865,0.023,0,0,0,20.945,0.54975,3.215,0,12.7046109123566,1.927066417391
"6405",2004,267,20,120.084,0,0,0,0,20.17,0.60595,3.355,0,12.7048888197524,1.92777681953335
"6406",2004,267,21,129.4245,0,0,0,0,18.965,0.67825,2.94,0,12.7050134782624,1.92848108239289
"6407",2004,267,22,136.5355,0.069,0,0,0,18.28,0.7144,3.035,0,12.7051660915356,1.92917607076655
"6408",2004,267,23,140.133,0.046,0,0,0,17.91,0.7349,3.065,0,12.7053406240497,1.92986429394721
"6409",2004,268,0,139.2675,0,0,0,0,17.115,0.7669,3.045,0,12.7055206239139,1.93054365072198
"6410",2004,268,1,134.189,0.046,0,0,0,16.58,0.79605,3.11,0,12.7056960514037,1.93121145136538
"6411",2004,268,2,126.099,0,0,0,0,16.325,0.81655,2.85,0,12.7058562413373,1.93187160207802
"6412",2004,268,3,116.199,0,0,0,0,15.955,0.83055,2.435,0,12.7059876452075,1.93252525531788
"6413",2004,268,4,105.311,0,0,0,0,16.32,0.8299,2.385,0,12.7060827337939,1.93317884834577
"6414",2004,268,5,93.8665,3.289,1.17,0.325,0.045,16.37,0.8389,2.395,0,12.7061604108468,1.93383679774708
"6415",2004,268,6,82.387,102.511,38.61,46.9,12.225,16.665,0.8449,2.135,0,12.6883055376651,1.93449881831631
"6416",2004,268,7,71.2965,248.124,89.81,111.475,28.465,19.295,0.7846,2.715,0,12.6849056137616,1.9351856042285
"6417",2004,268,8,60.8215,473.547,171.655,217.46,52.98,20.995,0.7365,2.645,0,12.6848359481888,1.93589502569442
"6418",2004,268,9,51.6355,830.369,308.655,398.435,94.485,22.915,0.6667,2.605,0,12.6848349260442,1.93660773296405
"6419",2004,268,10,44.696,1325.26,490.97,644.47,150.28,25.085,0.5933,2.98,0,12.6848350013275,1.93730696664239
"6420",2004,268,11,41.231,1392.581,521.095,685.1,158.83,26.46,0.5279,4.35,0,12.6848349144489,1.93797987771321
"6421",2004,268,12,42.119,1087.233,409.41,532.195,124.345,27.075,0.5044,2.84,0,12.6848349268496,1.93863155429759
"6422",2004,268,13,47.1125,1208.167,454.665,595.96,144.1,27.23,0.4897,4.455,0,12.6848349499639,1.93927369886274
"6423",2004,268,14,55.0875,648.347,244.055,312.36,76.215,26.69,0.4719,5.045,0,12.6848350091248,1.93992068049872
"6424",2004,268,15,64.8895,465.129,174.3,221.025,57.035,26.35,0.44095,4.9,0,12.6848351607534,1.94057820653713
"6425",2004,268,16,75.696,253.299,95.185,118.285,32.05,26.095,0.36795,4.645,0,12.6848349486596,1.94124232278215
"6426",2004,268,17,86.903,49.289,19.825,21.14,5.945,24.985,0.35945,3.035,0,12.6848224593292,1.94191971933248
"6427",2004,268,18,98.5655,0.115,0.09,0,0,23.36,0.4088,1.875,0,12.6422233958284,1.9426188351567
"6428",2004,268,19,109.814,0.046,0,0,0,22.535,0.4209,2.005,0,12.6442816841644,1.94333085849988
"6429",2004,268,20,120.4315,0.069,0,0,0,21.365,0.4697,1.985,0,12.644459159776,1.94404681644367
"6430",2004,268,21,129.795,0.023,0,0,0,20.61,0.5076,2.625,0,12.6445844483387,1.94476278597928
"6431",2004,268,22,136.928,0,0,0,0,19.615,0.5057,2.825,0,12.6447366171386,1.94547513773497
"6432",2004,268,23,140.5295,0,0,0,0,17.96,0.5507,2.73,0,12.6449078287286,1.94617580268571
"6433",2004,269,0,139.629,0,0,0,0,16.915,0.5933,2.345,0,12.6450869158182,1.94685791281738
"6434",2004,269,1,134.4945,0.023,0,0,0,16.325,0.61785,2.09,0,12.645262131665,1.94752531941169
"6435",2004,269,2,126.3535,0.092,0,0,0,15.945,0.621,2.89,0,12.6454233334589,1.9481827801595
"6436",2004,269,3,116.415,0.046,0,0,0,14.27,0.6909,1.935,0,12.6455578749782,1.94881591177888
"6437",2004,269,4,105.5045,0.184,0,0,0,13.46,0.7577,3.355,0,12.6456557526911,1.94941549473737
"6438",2004,269,5,94.046,4.646,1.475,0.43,0.17,13.015,0.78585,2.725,0,12.6457529444781,1.9499960775969
"6439",2004,269,6,82.571,140.875,47.64,52.77,16.27,12.36,0.8187,1.345,0,12.6368721771867,1.95055912462397
"6440",2004,269,7,71.501,604.693,223.28,279.405,81.555,16.585,0.67905,2.21,0,12.634608539077,1.95117406144904
"6441",2004,269,8,61.0545,852.081,310.635,410.495,105.84,19.37,0.54365,4.355,0,12.6345618511974,1.95186415569801
"6442",2004,269,9,51.912,1312.909,491.155,651.55,156.68,21.11,0.46925,4.555,0,12.6345611452013,1.95257755429758
"6443",2004,269,10,45.0275,1336.484,505.29,666.515,150.34,22.555,0.41375,3.395,0,12.6345611973274,1.95329425139346
"6444",2004,269,11,41.611,1555.421,595.15,786.065,173.54,23.885,0.36695,3.17,0,12.6345613811514,1.95400476093873
"6445",2004,269,12,42.5155,1525.981,580.365,770.175,171.555,24.34,0.34875,4.145,0,12.6345613465702,1.95470699552709
"6446",2004,269,13,47.4985,1377.884,520.855,690.49,159.58,24.93,0.33195,3.88,0,12.6345611622684,1.95540249731749
"6447",2004,269,14,55.4495,1116.65,416.32,553.835,137.125,25.41,0.3124,4.705,0,12.634561179328,1.95608984487468
"6448",2004,269,15,65.229,777.998,284.96,377.595,103.71,25.23,0.3151,4.88,0,12.6345612159372,1.95677469854146
"6449",2004,269,16,76.0175,385.986,138.95,174.315,58.265,24.805,0.3288,4.49,0,12.6345612774787,1.957464522593
"6450",2004,269,17,87.2025,68.103,24.345,26.52,10.84,23.055,0.38065,2.955,0,12.63456116333,1.95816826055813
"6451",2004,269,18,98.884,0.161,0.08,0,0,19.75,0.4815,3.15,0,12.6142983252902,1.95888427874779
"6452",2004,269,19,110.142,0,0,0,0,17.83,0.54355,3.075,0,12.6187105694027,1.95958669115153
"6453",2004,269,20,120.7765,0.046,0,0,0,15.43,0.62865,3.15,0,12.6189845294045,1.9602551177992
"6454",2004,269,21,130.164,0.253,0,0,0,15.61,0.6661,3.345,0,12.619115225157,1.96090032702137
"6455",2004,269,22,137.3205,0.276,0,0,0,15.205,0.70225,3.6,0,12.6192803782337,1.96154281692844
"6456",2004,269,23,140.923,0.115,0,0,0,14.51,0.72865,3.565,0,12.6194637638474,1.9621714516504
"6457",2004,270,0,139.988,0,0,0,0,13.485,0.78285,2.675,0,12.6196469899649,1.96277632825281
"6458",2004,270,1,134.8015,0.069,0,0,0,12.615,0.82355,1.505,0,12.619823506894,1.96335231078215
"6459",2004,270,2,126.607,0.046,0,0,0,11.805,0.85945,1.465,0,12.6199854276812,1.96390026827918
"6460",2004,270,3,116.631,0.046,0,0,0.005,10.715,0.891,2.345,0,12.6201181805182,1.96441389610901
"6461",2004,270,4,105.6995,0.046,0,0,0.005,10.115,0.91415,2.35,0,12.6202143309815,1.96489499008567
"6462",2004,270,5,94.225,6.049,2.055,1.09,0.64,9.265,0.93505,2.765,0,12.6203322915946,1.96534653783038
"6463",2004,270,6,82.7565,200.077,66.98,77.475,27.7,9.895,0.93515,1.81,0,12.6178291326975,1.96579357701669
"6464",2004,270,7,71.707,574.356,209.515,257.365,77.32,13.245,0.8674,1.81,0,12.6161507732553,1.96631761439935
"6465",2004,270,8,61.2895,942.149,352.98,464.51,120.435,16.73,0.6909,3.92,0,12.6161160907059,1.96694810070941
"6466",2004,270,9,52.1905,1280.157,487.88,647.55,154.83,18.115,0.6083,4.865,0,12.6161155696751,1.96763169256506
"6467",2004,270,10,45.359,1472.506,566.98,753.185,170.815,19.2,0.53205,4.275,0,12.6161156276819,1.96833301708841
"6468",2004,270,11,41.9875,1555.789,603.64,800.96,176.895,20.015,0.4925,4.17,0,12.6161158368922,1.96904384523585
"6469",2004,270,12,42.913,1520.484,592.155,783.51,173.99,20.96,0.4547,3.31,0,12.61611571282,1.96976005080949
"6470",2004,270,13,47.8825,1368.799,528.25,699.88,161.65,21.805,0.42155,3.74,0,12.6161156093979,1.97047845221051
"6471",2004,270,14,55.812,1100.872,420.01,557.125,138.2,22.345,0.3948,4.035,0,12.6161156839778,1.97119624027796
"6472",2004,270,15,65.567,754.883,283.815,374.455,103.435,22.53,0.3799,3.69,0,12.616115879163,1.97191287878118
"6473",2004,270,16,76.341,380.052,139.94,178.835,59.025,22.385,0.36975,3.355,0,12.6161155955555,1.97262943683123
"6474",2004,270,17,87.5385,64.584,23.44,24.665,10.92,20.67,0.4193,3.015,0,12.6161155572713,1.97334746448156
"6475",2004,270,18,99.201,0.092,0.055,0,0.01,17.91,0.50485,3.24,0,12.5949989762882,1.97405505952113
"6476",2004,270,19,110.468,0.069,0,0,0,15.57,0.6243,3.32,0,12.5991950731404,1.97472701780608
"6477",2004,270,20,121.1195,0.092,0,0,0,15.535,0.647,3.375,0,12.5994541778452,1.97537418037155
"6478",2004,270,21,130.5345,0.138,0,0,0,14.55,0.68385,2.82,0,12.599583749469,1.97600866787906
"6479",2004,270,22,137.7115,0.023,0,0,0,13.265,0.7289,2.7,0,12.5997400139081,1.97661195006963
"6480",2004,270,23,141.317,0.069,0,0,0,13.285,0.73625,3.26,0,12.5999130775427,1.97719624151181
"6481",2004,271,0,140.348,0.069,0,0,0,12.54,0.7681,2.995,0.0105833333333333,12.6000968984592,1.97776885763182
"6482",2004,271,1,135.1035,0.069,0,0,0,10.73,0.83195,2.95,0.0105833333333333,12.6002755996602,1.97829703975815
"6483",2004,271,2,126.86,0,0,0,0,9.87,0.8631,3.165,0.0105833333333333,12.6004361717369,1.97877437773082
"6484",2004,271,3,116.847,0,0,0,0,9.685,0.87745,3.06,0.0105833333333333,12.6005668805989,1.97923046287973
"6485",2004,271,4,105.892,0,0,0,0,10.035,0.8719,3.015,0.0105833333333333,12.6006615094177,1.97968994718811
"6486",2004,271,5,94.441,4.761,1.595,0.735,0.405,10.275,0.8699,3.01,0.0105833333333333,12.6007565014756,1.98016149736875
"6487",2004,271,6,82.942,165.991,59.725,68.445,23.55,10.57,0.87555,2.835,0.0105833333333333,12.5955837465117,1.98064390046927
"6488",2004,271,7,71.911,517.385,195.19,240.915,72.41,13.625,0.79785,3.23,0.0105833333333333,12.5936344264624,1.98118812771463
"6489",2004,271,8,61.5255,893.619,339.315,444.78,116.295,16.785,0.68905,3.605,0.0105833333333333,12.593594006595,1.98182572195678
"6490",2004,271,9,52.47,1204.188,461.175,609.305,147.37,18.91,0.6276,3.91,0.0105833333333333,12.5935934054534,1.9825170578038
"6491",2004,271,10,45.6945,1519.771,592.08,784.355,182.78,20.45,0.5372,4.125,0.0105833333333333,12.5935934703139,1.98322963728988
"6492",2004,271,11,42.3675,1323.673,514.935,679.15,153.975,21.02,0.4933,4.2,0.0105833333333333,12.5935937079606,1.98394837174747
"6493",2004,271,12,43.309,1478.831,577.725,761.515,170.805,21.9,0.44595,4.24,0.0105833333333333,12.5935935090876,1.98466828015794
"6494",2004,271,13,48.2695,1339.313,520.625,686.195,159.57,22.63,0.40005,4.115,0.0105833333333333,12.5935935744968,1.98538695794632
"6495",2004,271,14,56.173,1081.736,413.205,548.125,136.515,23.3,0.3777,4.565,0.0105833333333333,12.5935934272527,1.98610222049183
"6496",2004,271,15,65.906,739.726,279.02,368.31,102.085,23.545,0.36525,4.2,0.0105833333333333,12.5935934513955,1.98681412861198
"6497",2004,271,16,76.664,359.582,132.925,169.73,56.69,23.31,0.36875,4.58,0.0105833333333333,12.593593490745,1.98752599495844
"6498",2004,271,17,87.8375,57.431,21.105,22.335,9.76,21.54,0.4117,3.04,0.0105833333333333,12.5935929274562,1.98824360054871
"6499",2004,271,18,99.517,0.092,0.06,0,0,19.17,0.4827,2.81,0.0105833333333333,12.5681865558805,1.98896067551187
"6500",2004,271,19,110.793,0,0,0,0,17.295,0.54705,3.29,0.0105833333333333,12.5716936751652,1.98965916010606
"6501",2004,271,20,121.4635,0.023,0,0,0,15.185,0.6162,3.21,0.0105833333333333,12.5719157859465,1.99032268944243
"6502",2004,271,21,130.9005,0.092,0,0,0,15.07,0.62555,3.34,0.0105833333333333,12.5720426163297,1.99096105400537
"6503",2004,271,22,138.103,0.138,0,0,0,15.23,0.6455,2.25,0.0105833333333333,12.572200312414,1.99159997514491
"6504",2004,271,23,141.7095,0.115,0,0,0,12.665,0.7352,2.475,0.0105833333333333,12.5723793099659,1.99220523887111
"6505",2004,272,0,140.7095,0.161,0,0,0,11.105,0.8014,2.145,0,12.5725665715206,1.99274388294702
"6506",2004,272,1,135.408,0.138,0,0,0,10.975,0.83045,2.055,0,12.5727506910697,1.99325153565088
"6507",2004,272,2,127.1115,0.069,0,0,0,9.825,0.8577,2.03,0,12.5729144106016,1.99373400830444
"6508",2004,272,3,117.061,0.115,0,0,0,9.585,0.8667,1.855,0,12.5730486429409,1.99418820653002
"6509",2004,272,4,106.0875,0.115,0,0,0.01,9.895,0.8641,2.54,0,12.5731467225194,1.99464385608377
"6510",2004,272,5,94.6215,4.623,1.825,1.305,0.66,10.635,0.8285,2.945,0,12.5732411457768,1.99512097949744
"6511",2004,272,6,83.128,95.749,36.59,41.86,11.44,12.465,0.87855,4.75,0,12.5585749986774,1.99564767876097
"6512",2004,272,7,72.1185,400.844,149.38,184.635,51.38,14.82,0.82335,7.48,0,12.5551427219655,1.99624483150647
"6513",2004,272,8,61.7625,408.158,155.14,197.005,48.43,15.85,0.7538,7.82,0,12.5550708560163,1.99688915653972
"6514",2004,272,9,52.752,517.477,198.62,251.095,60.475,16.735,0.68025,8.835,0,12.555069794262,1.99755534144971
"6515",2004,272,10,46.0255,683.123,262.755,335.035,79.795,17.26,0.6209,8.99,0,12.5550698743,1.9982355067592
"6516",2004,272,11,42.746,1218.655,471.97,615.255,140.38,18.54,0.57825,9.05,0,12.5550697861838,1.99893048184323
"6517",2004,272,12,43.7065,1076.009,420.505,550.095,127.2,19.41,0.52545,8.54,0,12.5550698066281,1.99963932840583
"6518",2004,272,13,48.655,1196.667,466.39,615.17,145.18,20.72,0.3952,8.715,0,12.5550698587192,2.00035714035452
"6519",2004,272,14,56.534,887.57,339.88,449.245,112.86,20.575,0.41505,8.95,0,12.5550700126811,2.00107810117531
"6520",2004,272,15,66.2435,712.793,271.41,359.45,99.91,20.335,0.3819,9.36,0,12.5550698608157,2.00179827118003
"6521",2004,272,16,76.984,343.666,126.33,163.87,55.21,19.42,0.33585,8.41,0,12.5550698357642,2.00251501545684
"6522",2004,272,17,88.173,52.831,18.62,19.065,9.995,17.655,0.41795,6.485,0,12.5550673908453,2.00321843902254
"6523",2004,272,18,99.833,0.138,0,0,0.23,15.695,0.54965,5.97,0,12.5266740914377,2.00389273980059
"6524",2004,272,19,111.117,0,0,0,0.21,13.99,0.6323,5.25,0,12.529782012671,2.0045257626566
"6525",2004,272,20,121.8055,0,0,0,0.095,12.145,0.67575,4.205,0,12.5299822760336,2.005106599741
"6526",2004,272,21,131.268,0,0,0,0.05,10.48,0.73395,3.79,0,12.5301066839156,2.00562616383852
"6527",2004,272,22,138.494,0,0,0,0.085,9.615,0.7769,3.68,0,12.5302587814713,2.00609619428123
"6528",2004,272,23,142.1035,0.069,0,0,0.04,8.93,0.8005,3.12,0,12.5304320069285,2.0065336845686
"6529",2004,273,0,141.0675,0.046,0,0,0.11,8.315,0.8312,3.04,0,12.530615264292,2.00694275375155
"6530",2004,273,1,135.7115,0.253,0,0,0.09,7.635,0.85745,2.705,0,12.5307979898436,2.00732256593631
"6531",2004,273,2,127.3625,0.046,0,0,0,7.575,0.87835,3.025,0,12.530964603354,2.00768531310808
"6532",2004,273,3,117.277,0.092,0,0,0.135,7.34,0.8938,3.17,0,12.5310982755995,2.00804116207872
"6533",2004,273,4,106.2795,0,0,0,0.05,7.14,0.91505,3.265,0,12.5311943569634,2.00838677646219
"6534",2004,273,5,94.803,4.094,1.245,0.38,0.365,7.38,0.92175,3.69,0,12.5312796818203,2.00873333130658
"6535",2004,273,6,83.3135,179.86,60.41,70.22,24.605,8.14,0.9129,1.385,0,12.5292335403238,2.00910324729027
"6536",2004,273,7,72.327,541.167,197.48,253.485,73.265,11.02,0.8408,2.89,0,12.5274086300656,2.00955311116771
"6537",2004,273,8,62.001,908.776,337.66,442.965,113.77,13.89,0.73645,3.13,0,12.5273703221691,2.01011310532139
"6538",2004,273,9,53.0345,1174.587,442.59,584.715,139.135,15.6,0.63495,3.885,0,12.5273697435773,2.01074359006772
"6539",2004,273,10,46.361,1299.086,500.91,658.3,149.11,17.06,0.5587,4.13,0,12.5273698157096,2.01141194790299
"6540",2004,273,11,43.126,1510.594,583.065,770.07,168.01,18.365,0.4715,4.365,0,12.5273700845038,2.01210570623103
"6541",2004,273,12,44.1015,1486.881,575.855,759.8,166.695,19.355,0.41015,3.6,0,12.5273698194515,2.01281496062452
"6542",2004,273,13,49.038,1342.027,517.165,683.205,156.005,20.125,0.3573,3.575,0,12.5273700205301,2.01353247111759
"6543",2004,273,14,56.8935,1084.979,413.495,547.885,134.23,20.63,0.3108,3.325,0,12.5273698267451,2.0142539682757
"6544",2004,273,15,66.581,740.646,279.12,368.44,101.135,20.97,0.27525,3.075,0,12.5273698591158,2.01497714780443
"6545",2004,273,16,77.303,349.37,128.84,165.745,54.83,20.73,0.2778,2.91,0,12.5273697642142,2.01570048348463
"6546",2004,273,17,88.4685,48.783,18.6,18.14,7.865,19.185,0.3206,1.89,0,12.5273610200023,2.01641921278301
"6547",2004,273,18,100.1465,0.069,0.035,0,0,17.67,0.36765,2.32,0,12.4961162713403,2.0171239893445
"6548",2004,273,19,111.44,0.161,0,0,0,14.225,0.4807,3.125,0,12.4988618258765,2.01778423167817
"6549",2004,273,20,122.145,0.207,0,0,0,13.135,0.54595,3.17,0,12.4990488619394,2.01838607147347
"6550",2004,273,21,131.6325,0.138,0,0,0,12.055,0.63045,3.41,0,12.4991808387881,2.01895307210364
"6551",2004,273,22,138.8835,0.023,0,0,0,11.21,0.70285,3.19,0,12.4993380079347,2.01948613644476
"6552",2004,273,23,142.4955,0.023,0,0,0,10.41,0.76045,3.15,0,12.4995112431846,2.01998799540619
"6553",2004,274,0,141.426,0,0,0,0,9.925,0.7873,2.65,0,12.4996915647678,2.02046420714354
"6554",2004,274,1,136.0115,0.023,0,0,0,9.27,0.8216,1.51,0,12.4998669652948,2.0209166973798
"6555",2004,274,2,127.613,0,0,0,0,7.705,0.8786,0.49,0,12.5000255180419,2.02132059027108
"6556",2004,274,3,117.4905,0,0,0,0.02,7.58,0.89265,1.86,0,12.5001558627795,2.02168602437082
"6557",2004,274,4,106.475,0,0,0,0,7.585,0.8947,2.185,0,12.5002493590455,2.02204865577514
"6558",2004,274,5,95.022,3.427,1.285,0.555,0.4,7.41,0.90335,0.97,0,12.5003262256132,2.02240730311023
"6559",2004,274,6,83.501,164.128,55.875,66.26,22.67,7.52,0.90655,0.49,0,12.4969544600586,2.02276447547587
"6560",2004,274,7,72.536,505.287,185.25,235.4,68.265,9.97,0.85075,1.165,0,12.4949780604552,2.02317964928386
"6561",2004,274,8,62.2425,913.307,350.03,455.965,117.235,15.71,0.6301,0.405,0,12.4949364585549,2.02375085249232
"6562",2004,274,9,53.3175,1212.606,470.35,617.31,145.635,19.185,0.41755,0.945,0,12.494935831711,2.02444051480474
"6563",2004,274,10,46.6975,1410.636,551.365,726.87,162.665,20.48,0.33955,1.305,0,12.4949358960065,2.02516045955423
"6564",2004,274,11,43.504,1499.14,588.98,776.965,170.395,21.35,0.3046,1.84,0,12.4949361318511,2.02588580550054
"6565",2004,274,12,44.4965,1476.002,581.41,767.615,170.085,22.315,0.2486,2.04,0,12.4949359375845,2.02661161807236
"6566",2004,274,13,49.4215,1320.936,517.695,681.95,157.35,22.99,0.2358,2.05,0,12.4949359865047,2.02733482902273
"6567",2004,274,14,57.253,1064.486,412.345,544.85,134.87,23.61,0.21455,1.8,0,12.4949358484254,2.02805379879992
"6568",2004,274,15,66.9175,720.59,275.08,361.975,100.585,23.79,0.2067,2.13,0,12.4949358634,2.02876925441983
"6569",2004,274,16,77.623,340.607,128.53,162.875,54.725,23.405,0.2069,2.385,0,12.4949358865159,2.02948567540067
"6570",2004,274,17,88.8045,44.551,17.43,16.295,7.175,21.63,0.22635,2.59,0,12.4949005356007,2.03020903340011
"6571",2004,274,18,100.46,0.069,0.01,0,0,19.315,0.2944,3.625,0,12.4596359116183,2.03093305488288
"6572",2004,274,19,111.7615,0.115,0,0,0,16.535,0.36225,2.8,0,12.4619739315383,2.03163287365894
"6573",2004,274,20,122.484,0.115,0,0,0,13.875,0.47905,3.19,0,12.4621405960038,2.03227807356572
"6574",2004,274,21,131.9965,0.069,0,0,0,12.325,0.58885,2.665,0,12.4622693025409,2.03286333397979
"6575",2004,274,22,139.2725,0.023,0,0,0,11.46,0.64725,3.04,0,12.4624247385818,2.03340746975132
"6576",2004,274,23,142.8865,0.046,0,0,0,10.8,0.68595,3.075,0,12.4625988059773,2.03392325782266
"6577",2004,275,0,141.7815,0.069,0,0,0,9.785,0.74635,2.79,0,12.462781622087,2.03440590222433
"6578",2004,275,1,136.312,0,0,0,0,9.585,0.7626,2.71,0,12.4629590775482,2.0348634856236
"6579",2004,275,2,127.861,0,0,0,0,9.105,0.7894,2.575,0,12.4631165772471,2.03530655272457
"6580",2004,275,3,117.704,0,0,0,0,8.77,0.80365,2.575,0,12.4632466411964,2.03573189109578
"6581",2004,275,4,106.6685,0,0,0,0,8.885,0.8078,2.39,0,12.4633395810997,2.03615238097979
"6582",2004,275,5,95.206,3.726,1.545,0.815,0.465,8.18,0.8404,2.505,0,12.4634188171599,2.03655966998818
"6583",2004,275,6,83.687,140.254,52.49,61.715,20.66,8.8,0.85425,2.96,0,12.4582196705743,2.03696514142207
"6584",2004,275,7,72.7475,527.39,201.325,256.61,73.845,13.24,0.75355,4.16,0,12.4559891894624,2.03747465635264
"6585",2004,275,8,62.4825,709.688,273.5,352.985,91.64,17.195,0.6402,5.395,0,12.4559420413649,2.03811920419979
"6586",2004,275,9,53.603,787.98,303.37,390.035,95.235,19.33,0.5569,6.315,0,12.4559413255179,2.03882461717579
"6587",2004,275,10,47.032,1165.203,446.04,582.98,139.19,21.19,0.4834,6.575,0,12.4559413889282,2.03954917205784
"6588",2004,275,11,43.8825,929.361,355.665,460.12,110.21,21.675,0.46195,6.67,0,12.4559416207937,2.0402776202595
"6589",2004,275,12,44.8905,676.062,254.49,322.855,79.39,21.67,0.4621,6.61,0,12.4559414364484,2.04100605601472
"6590",2004,275,13,49.8035,990.978,380.435,488.295,117.95,23.225,0.414,6.555,0,12.4559414527108,2.04173212229663
"6591",2004,275,14,57.6125,858.406,330.865,428.195,108.595,24.065,0.3871,6.595,0,12.455941338739,2.04245022781645
"6592",2004,275,15,67.2535,320.804,123.83,153.82,37.915,23.72,0.39575,6.84,0,12.4559413469703,2.04316591682362
"6593",2004,275,16,77.9405,100.349,37.98,43.58,11.68,22.605,0.45715,6.075,0,12.4559413576103,2.04388804177605
"6594",2004,275,17,89.096,16.353,6.385,5.3,2.1,21.29,0.4922,5.975,0,12.4015513187236,2.0446173051665
"6595",2004,275,18,100.7705,0.069,0,0,0,20.36,0.5352,5.415,0,12.3744867951187,2.0453483853029
"6596",2004,275,19,112.082,0.046,0,0,0.065,19.745,0.571,5.145,0,12.3748021863674,2.04607669268356
"6597",2004,275,20,122.8205,0.138,0,0,0,19.82,0.5822,7.225,0,12.3749004003876,2.04680320931833
"6598",2004,275,21,132.3595,0.092,0,0,0.865,18.355,0.69735,7.61,0,12.3750303082601,2.04752319317725
"6599",2004,275,22,139.661,0.046,0,0,0.155,15.83,0.8825,3.325,0,12.3751881579694,2.04821390167319
"6600",2004,275,23,143.278,0,0,0,0,15.285,0.9253,1.21,0,12.375362605806,2.04887303666391
"6601",2004,276,0,142.138,0.138,0,0,0,15.02,0.9384,2.2,0,12.3755460764926,2.04952215506831
"6602",2004,276,1,136.6125,0.276,0,0,1.055,13.96,0.9072,6.895,0,12.3757321810396,2.05015342058268
"6603",2004,276,2,128.1105,0.23,0,0,0.535,10.9,0.91925,8.89,0,12.3759035278345,2.05071906591022
"6604",2004,276,3,117.9185,0.23,0,0,0.525,9.35,0.864,10.84,0,12.3760428061634,2.05119782566395
"6605",2004,276,4,106.8625,0.069,0,0,0.52,7.065,0.847,10.105,0,12.3761400760752,2.05159256896548
"6606",2004,276,5,95.39,2.898,0.73,0.12,0.735,5.4,0.78925,7.495,0,12.3762096730045,2.05189321192737
"6607",2004,276,6,83.875,162.633,58.795,69.345,26.69,4.19,0.80825,5.24,0,12.3738106223383,2.05212170253645
"6608",2004,276,7,72.9595,539.327,203.3,266.025,80.99,4.835,0.7661,6.985,0,12.3718266436564,2.05233583700247
"6609",2004,276,8,62.7255,915.906,351.395,470.515,123.935,6.2,0.6748,7.5,0,12.3717845099625,2.0526009591603
"6610",2004,276,9,53.8905,1219.851,481.335,638.32,154.305,7.79,0.5695,6.96,0,12.371783879197,2.05293894774198
"6611",2004,276,10,47.3695,1424.252,570.135,753.765,172.325,9.71,0.4786,5.6,0,12.3717839420452,2.05335852031863
"6612",2004,276,11,44.2605,1512.411,608.27,805.085,179.91,11.35,0.39015,5.23,0,12.3717841707464,2.05385390909131
"6613",2004,276,12,45.2845,1477.934,590.415,784.385,177.92,12.92,0.2905,5.865,0,12.3717839949766,2.05441024926459
"6614",2004,276,13,50.1865,1324.202,524.515,698.145,165.615,13.915,0.2699,5.12,0,12.3717839872762,2.05500984519146
"6615",2004,276,14,57.971,1063.198,415.59,555.205,142.54,14.635,0.2468,4.6,0,12.371783892797,2.05563529774118
"6616",2004,276,15,67.5885,715.323,274.86,366.75,106.22,14.955,0.22955,4.39,0,12.3717839005697,2.0562752235907
"6617",2004,276,16,78.258,331.315,123.48,161.345,56.8,14.9,0.2411,3.675,0,12.3717839102644,2.05691868500296
"6618",2004,276,17,89.429,39.445,14.935,14.35,7.855,13.22,0.28085,2.67,0,12.3716152245811,2.05753758090448
"6619",2004,276,18,101.0795,0.023,0.01,0,0,11.05,0.31945,2.43,0,12.3379082453155,2.05809427894568
"6620",2004,276,19,112.3975,0.046,0,0,0,9.095,0.3994,1.515,0,12.3399706255028,2.05857193691301
"6621",2004,276,20,123.154,0.023,0,0,0,7.84,0.45725,1.605,0,12.3401176836671,2.05897988180085
"6622",2004,276,21,132.718,0,0,0,0,6.49,0.51875,1.71,0,12.3402442890154,2.05932685364973
"6623",2004,276,22,140.046,0.069,0,0,0,6.155,0.5403,0.89,0,12.3403995339616,2.0596328564273
"6624",2004,276,23,143.6675,0.115,0,0,0,4.75,0.60115,0.76,0,12.3405779351289,2.05989526997746
"6625",2004,277,0,142.493,0.253,0,0,0,4.2,0.622,1.755,0,12.3407676980951,2.06010796173117
"6626",2004,277,1,136.9115,0.345,0,0,0,2.58,0.69695,1.235,0,12.340960132186,2.06026496185425
"6627",2004,277,2,128.3565,0.184,0,0,0,2.01,0.7209,1.165,0,12.3411323489033,2.06036625770883
"6628",2004,277,3,118.13,0.322,0,0,0,1.265,0.75145,1.93,0,12.3412716690552,2.0604351813375
"6629",2004,277,4,107.0555,0.23,0,0,0,1.59,0.72585,1.755,0,12.3413720974721,2.06049396937304
"6630",2004,277,5,95.6115,2.944,1.06,0.295,0.1,2.025,0.70195,1.845,0,12.3414435338553,2.06057110277236
"6631",2004,277,6,84.063,154.997,57.355,65.47,23.655,2.145,0.7009,2.025,0,12.3387917922246,2.06066190267243
"6632",2004,277,7,73.172,524.745,201.71,253.795,73.235,5.755,0.6592,1.84,0,12.336738486003,2.06084766290503
"6633",2004,277,8,62.9685,891.434,340.58,442.23,113.38,11.21,0.44265,2.995,0,12.3366947424362,2.0612538092155
"6634",2004,277,9,54.177,1191.607,457.72,602.25,143.06,14.07,0.3079,4.125,0,12.3366940864416,2.06182836338943
"6635",2004,277,10,47.7065,1395.226,541.02,714.05,161.74,15.825,0.26145,4.795,0,12.3366941539713,2.06247345583222
"6636",2004,277,11,44.639,1483.04,577.415,763.7,170.68,17.35,0.22305,5.065,0,12.3366944037053,2.06315691180962
"6637",2004,277,12,45.677,1448.793,562.15,746.81,170.635,19.06,0.1849,6.215,0,12.3366941782581,2.06386796716158
"6638",2004,277,13,50.566,1298.074,497.505,664.36,159.565,20.28,0.19265,7.24,0,12.3366943811904,2.06459528187883
"6639",2004,277,14,58.3255,1037.76,391.155,523.83,135.76,21.11,0.20045,7.56,0,12.3366941337687,2.06532859885481
"6640",2004,277,15,67.921,689.816,255.87,340.66,99.27,21.3,0.21375,7.86,0,12.3366942070687,2.06606326456064
"6641",2004,277,16,78.5715,307.947,111.625,143.51,51.195,20.855,0.23175,7.02,0,12.3366943397121,2.06679769944829
"6642",2004,277,17,89.7555,33.488,11.995,10.515,6.365,18.345,0.2802,4.87,0,12.3355844829624,2.06752363591091
"6643",2004,277,18,101.388,0.023,0,0,0.005,15.1,0.35935,4.805,0,12.2931797819756,2.06820948033387
"6644",2004,277,19,112.715,0.299,0,0,0,14.52,0.3925,4.95,0,12.2945285591117,2.06885312817472
"6645",2004,277,20,123.489,0.299,0,0,0,13.89,0.42075,4.545,0,12.2946620445963,2.06947982329712
"6646",2004,277,21,133.0785,0.046,0,0,0,12.21,0.48015,3.5,0,12.2947964637298,2.07007041535156
"6647",2004,277,22,140.4295,0,0,0,0,10.89,0.528,3.485,0,12.2949526778561,2.07060827661437
"6648",2004,277,23,144.0575,0.069,0,0,0,10.99,0.5409,3.875,0,12.2951274731371,2.0711228906346
"6649",2004,278,0,142.848,0.138,0,0,0,11.145,0.5389,4.905,0,12.2953133540735,2.07164248847019
"6650",2004,278,1,137.2075,0.092,0,0,0.005,11.29,0.55725,4.705,0,12.295495146263,2.07216789310758
"6651",2004,278,2,128.6035,0.092,0,0,0,11.61,0.6081,4.02,0,12.2956561096046,2.07270216232894
"6652",2004,278,3,118.3435,0.046,0,0,0,10.38,0.6834,3.86,0,12.2957876094016,2.07321873456018
"6653",2004,278,4,107.25,0,0,0,0,9.22,0.7433,3.4,0,12.2958789988178,2.07368655925312
"6654",2004,278,5,95.7975,2.461,0.85,0.09,0.11,8.54,0.7688,3.38,0,12.2959420257907,2.07411440790705
"6655",2004,278,6,84.2505,147.292,53.465,60.745,22.36,8.565,0.7749,3.74,0,12.2927946112826,2.07452759046422
"6656",2004,278,7,73.386,513.107,191.33,244.845,73.12,11.03,0.6586,6.87,0,12.290637502062,2.07499492655813
"6657",2004,278,8,63.2155,882.786,334.58,439.57,114.66,12.2,0.5686,8.47,0,12.2905913355135,2.07553541414776
"6658",2004,278,9,54.4645,1189.583,459.095,606.865,145.17,12.5,0.52215,7.745,0,12.2905907081698,2.07610271520134
"6659",2004,278,10,48.0455,1394.214,548.445,724.135,164.615,13.075,0.47635,6.64,0,12.2905907955884,2.07668505293057
"6660",2004,278,11,45.0165,1478.923,585.06,774.645,173.355,13.64,0.42255,6.6,0,12.2905906573783,2.07728610033859
"6661",2004,278,12,46.068,1447.183,573.265,762.065,173.78,14.13,0.31435,6.935,0,12.2905907052635,2.0779035146152
"6662",2004,278,13,50.9445,1295.843,510.56,681.3,163.22,14.635,0.23515,7.145,0,12.2905908583108,2.07853548545397
"6663",2004,278,14,58.681,1034.264,402.505,538.93,139.765,14.715,0.2225,6.505,0,12.2905908093945,2.07917565113263
"6664",2004,278,15,68.2545,687.378,263.63,352.61,103.26,14.57,0.21275,6.18,0,12.2905906621921,2.07981492299248
"6665",2004,278,16,78.8855,307.717,114.605,149.925,54.365,13.785,0.2352,5.885,0,12.2905906693978,2.08044094617047
"6666",2004,278,17,90.0485,31.648,11.11,10.53,7.195,11.4,0.2826,4.79,0,12.2888522158145,2.08101596581454
"6667",2004,278,18,101.694,0.069,0,0,0.045,8.105,0.37145,3.13,0,12.2483152497522,2.08148152048866
"6668",2004,278,19,113.0275,0.023,0,0,0.02,6.4,0.43925,3.435,0,12.2495345862315,2.08183464849741
"6669",2004,278,20,123.818,0,0,0,0.005,5.48,0.48895,2.7,0,12.2496550670402,2.08212326114602
"6670",2004,278,21,133.433,0.023,0,0,0,5.065,0.5128,2.385,0,12.2497822446231,2.08237810851466
"6671",2004,278,22,140.8135,0,0,0,0,4.45,0.54675,2.785,0,12.2499380853186,2.0826065742063
"6672",2004,278,23,144.4465,0.069,0,0,0,4.015,0.6058,2.775,0,12.2501132516686,2.08280798130725
"6673",2004,279,0,143.201,0.092,0,0,0,3.255,0.67165,2.68,0,12.2502976343049,2.08297850146783
"6674",2004,279,1,137.5035,0.161,0,0,0.005,2.42,0.73945,1.465,0,12.2504787785365,2.08310796891691
"6675",2004,279,2,128.8485,0.184,0,0,0,1.71,0.78175,1.87,0,12.2506443821941,2.08319833821401
"6676",2004,279,3,118.5545,0.207,0,0,0,1.585,0.8039,2.14,0,12.2507801605377,2.08326806583811
"6677",2004,279,4,107.4455,0.253,0,0,0,2.055,0.8113,3,0,12.2508772003919,2.08334626408766
"6678",2004,279,5,95.984,2.369,0.92,0.155,0.04,2.06,0.81615,2.715,0,12.2509417900241,2.08343620645103
"6679",2004,279,6,84.438,151.478,53.985,60.2,21.195,2.26,0.81175,1.745,0,12.2488948113445,2.08353128304476
"6680",2004,279,7,73.5995,508.093,193.67,244.585,71.715,5.35,0.71105,2.24,0,12.246801507585,2.08371065092562
"6681",2004,279,8,63.4615,881.383,335.96,443.245,116.52,8.29,0.5292,3.515,0,12.2467565286651,2.08404243711914
"6682",2004,279,9,54.7545,1185.374,459.055,608.4,146.9,10,0.45865,3.04,0,12.2467558732817,2.08448311894546
"6683",2004,279,10,48.3825,1386.624,544.885,720.1,164.525,11.55,0.4301,2.815,0,12.2467559905441,2.08499243125379
"6684",2004,279,11,45.3945,1468.343,583.075,767.825,171.265,12.89,0.3678,2.09,0,12.2467564494931,2.08555642660801
"6685",2004,279,12,46.458,1434.073,571.475,751.775,169.205,14.155,0.30935,1.65,0,12.2467558889813,2.08616413706943
"6686",2004,279,13,51.3225,1278.064,506.52,665.825,156.26,15.24,0.28825,1.54,0,12.2467559622452,2.08680646303936
"6687",2004,279,14,59.0355,1015.082,396.065,524.065,132.695,15.915,0.25735,1.7,0,12.2467561872867,2.08747158973686
"6688",2004,279,15,68.5845,667.46,258.555,339.51,96.14,16.43,0.2412,1.32,0,12.2467559000327,2.08815048103301
"6689",2004,279,16,79.1965,291.364,111.955,139.965,47.51,16.575,0.23765,0.915,0,12.2467559349442,2.0888364554964
"6690",2004,279,17,90.374,27.876,11.395,9.215,4.45,14.865,0.2609,0.895,0,12.2426476838558,2.08950469057316
"6691",2004,279,18,101.9965,0.046,0,0,0,13.23,0.2851,0.815,0,12.2046646578637,2.09012909698627
"6692",2004,279,19,113.3385,0.069,0,0,0,12.18,0.3083,0.865,0,12.2056154340062,2.09071147294946
"6693",2004,279,20,124.1465,0,0,0,0,11.285,0.32545,1.215,0,12.2057292430724,2.09125914702556
"6694",2004,279,21,133.789,0,0,0,0,10.125,0.35545,2.185,0,12.2058564080232,2.09176696987374
"6695",2004,279,22,141.1945,0.069,0,0,0,9.045,0.37785,2.235,0,12.2060129083861,2.09222809561287
"6696",2004,279,23,144.833,0,0,0,0,7.665,0.43545,2.01,0,12.2061890607162,2.09263421488523
"6697",2004,280,0,143.553,0.115,0,0,0,6.13,0.49895,2.26,0,12.2063716543778,2.09297099757232
"6698",2004,280,1,137.7975,0.207,0,0,0,5.875,0.5146,2.47,0,12.2065549460113,2.09326351166215
"6699",2004,280,2,129.093,0.184,0,0,0,5.195,0.5447,2.485,0,12.2067218859336,2.09353235967113
"6700",2004,280,3,118.7665,0.069,0,0,0,4.19,0.58735,1.365,0,12.206854535228,2.09375802337721
"6701",2004,280,4,107.6395,0.207,0,0,0,4.345,0.5718,1.49,0,12.2069477108103,2.0939617433993
"6702",2004,280,5,96.2095,2.001,0.75,0.15,0.03,5.26,0.52825,2.22,0,12.2070077934978,2.0941930763888
"6703",2004,280,6,84.625,135.424,50.425,56.8,19.895,5.72,0.5166,1.825,0,12.2032608328746,2.09445966903511
"6704",2004,280,7,73.816,490.406,185.555,233.115,68.855,8.35,0.55285,1.605,0,12.2009311851979,2.09480290932513
"6705",2004,280,8,63.709,859.671,327.185,426.15,110.775,13.725,0.366,2.44,0,12.2008809002497,2.09532079222801
"6706",2004,280,9,55.044,1161.224,447.57,587.475,140,17.12,0.26535,2.395,0,12.200880284424,2.09598216204899
"6707",2004,280,10,48.7205,1361.278,528.425,696.235,158.825,18.835,0.21465,2.945,0,12.2008802464439,2.09669584018292
"6708",2004,280,11,45.7705,1448.471,565.02,745.45,167.895,20.16,0.1913,3.09,0,12.2008801457889,2.09742773142721
"6709",2004,280,12,46.847,1413.166,552.15,729.185,166.92,21.505,0.1722,2.995,0,12.2008801892574,2.09816740017164
"6710",2004,280,13,51.699,1248.00921,478.5,634.605,152.445,22.485,0.16945,3.125,0,12.2008803258345,2.09890765788324
"6711",2004,280,14,59.3875,973.027777777778,382.475,507.845,131.835,23.02,0.1696,3.165,0,12.200880758738,2.09964505674791
"6712",2004,280,15,68.9125,656.535,252.58,333.015,97.1,23.155,0.16625,3.72,0,12.2008801609665,2.10038034895793
"6713",2004,280,16,79.5055,286.327,109.22,138.01,47.565,22.53,0.16165,3.565,0,12.2008801775416,2.10111719877181
"6714",2004,280,17,90.6615,24.265,10.31,9.05,2.94,20.41,0.19745,3.195,0,12.1938866033228,2.10185749039939
"6715",2004,280,18,102.299,0,0,0,0,18.1,0.25025,3.745,0,12.1610455329594,2.10258743479127
"6716",2004,280,19,113.6475,0.069,0,0,0,16.405,0.2982,4.015,0,12.1618527143596,2.10329069304606
"6717",2004,280,20,124.4725,0.046,0,0,0,14.41,0.348,3.85,0,12.1619633945047,2.10395421002112
"6718",2004,280,21,134.14,0,0,0,0,13.44,0.3908,4.08,0,12.1620920111303,2.10457728522061
"6719",2004,280,22,141.5745,0,0,0,0,12.39,0.43475,3.565,0,12.1622474530381,2.10516811377251
"6720",2004,280,23,145.2185,0,0,0,0,11.865,0.45765,4.04,0,12.1624215191687,2.10573161079838
"6721",2004,281,0,143.9025,0,0,0,0,11.14,0.4902,4.105,0,12.1626012852222,2.10627192030452
"6722",2004,281,1,138.0905,0.092,0,0,0,10.38,0.53025,4.055,0,12.1627774111632,2.10678320964459
"6723",2004,281,2,129.336,0.023,0,0,0,10.195,0.5465,3.405,0,12.1629368140426,2.10727528189487
"6724",2004,281,3,118.9765,0.092,0,0,0,9.26,0.5888,4.25,0,12.1630651527047,2.10774363394191
"6725",2004,281,4,107.8325,0,0,0,0,8.03,0.6562,3.355,0,12.1631556598816,2.10816401791985
"6726",2004,281,5,96.3995,1.518,0.765,0.02,0.22,8.18,0.66925,4.18,0,12.1632090986165,2.10855961984967
"6727",2004,281,6,84.814,133.262,51.42,62.52,19.265,8.48,0.68725,4.075,0,12.1595082664853,2.10896571552077
"6728",2004,281,7,74.0335,297.988,112.835,141.605,40.46,11.385,0.62365,4.27,0,12.1571287886266,2.10944210010089
"6729",2004,281,8,63.958,672.198,253.005,327.53,85.625,14.39,0.53425,4.425,0,12.1570771961838,2.11003108287021
"6730",2004,281,9,55.335,1097.238,415.02,544.745,132.87,18.605,0.4295,4.805,0,12.1570766403057,2.11071749847428
"6731",2004,281,10,49.058,1303.364,494.98,651.94,152.52,21.805,0.35775,5.855,0,12.1570764386748,2.11145464797424
"6732",2004,281,11,46.144,1342.441,511.435,672.02,155.98,24.005,0.3317,6.005,0,12.1570765690767,2.1121919528362
"6733",2004,281,12,47.234,1291.105,488.305,644.015,151.905,25.58,0.3509,6.35,0,12.1570770531805,2.11290928922597
"6734",2004,281,13,52.0735,1080.839,408.61,534.86,131.175,26.13,0.3729,6.9,0,12.1570764387363,2.11360807621731
"6735",2004,281,14,59.7365,806.84,303.42,395.03,101.74,26.5,0.3665,7.47,0,12.1570764917504,2.11429696281778
"6736",2004,281,15,69.239,463.404,176.645,223.63,61.14,26.45,0.37415,7.09,0,12.157076629244,2.11498217634053
"6737",2004,281,16,79.8125,209.415,79.575,97.23,30.4,25.94,0.397,6.5,0,12.1570764466147,2.11567372989964
"6738",2004,281,17,90.984,15.732,5.99,4.77,2.19,23.23,0.49125,4.56,0,12.1381220944951,2.11639351108986
"6739",2004,281,18,102.5985,0,0,0,0,20.9,0.56845,4.3,0,12.1156018538859,2.11713556858148
"6740",2004,281,19,113.953,0.046,0,0,0,19.785,0.6141,4.51,0,12.1162052391996,2.11787656068124
"6741",2004,281,20,124.7965,0.046,0,0,0,18.945,0.6518,4.74,0,12.1163107237063,2.1186105926378
"6742",2004,281,21,134.4895,0,0,0,0,18.32,0.68895,5.06,0,12.1164398054704,2.11933674238676
"6743",2004,281,22,141.9525,0.069,0,0,0,18.335,0.71285,5.605,0,12.116596881941,2.1200589934712
"6744",2004,281,23,145.6035,0.207,0,0,0,19.045,0.7065,6.105,0,12.1167789769405,2.1207858166646
"6745",2004,282,0,144.2525,0.161,0,0,0,19.6,0.7001,5.835,0.169333333333333,12.1169705344932,2.12151949863953
"6746",2004,282,1,138.382,0.184,0,0,0,19.585,0.72445,5.795,0.169333333333333,12.1171541973624,2.12225563237528
"6747",2004,282,2,129.578,0.253,0,0,0,19.555,0.74855,7.165,0.169333333333333,12.1173205477181,2.12299157143716
"6748",2004,282,3,119.1865,0.207,0,0,0.01,19.275,0.7819,8.045,0.169333333333333,12.1174568376717,2.12372613449441
"6749",2004,282,4,108.026,0.046,0,0,0.03,18.795,0.81355,7.34,0.169333333333333,12.1175494388413,2.12445691083292
"6750",2004,282,5,96.591,0.736,0.255,0,0.2,18.31,0.84665,6.05,0.169333333333333,12.1175980666136,2.12518204487333
"6751",2004,282,6,84.9995,39.008,14.55,14.65,4.87,17.93,0.8753,6.265,0.169333333333333,12.0792516401597,2.12590195127951
"6752",2004,282,7,74.2495,171.281,62.06,75.875,20.115,18.075,0.88155,7.45,0.169333333333333,12.0467132988734,2.12662125595456
"6753",2004,282,8,64.205,287.523,103.785,127.96,32.465,19.245,0.83765,8.755,0.169333333333333,12.0460003732038,2.1273497852449
"6754",2004,282,9,55.627,224.986,76.62,91.995,22.35,19.795,0.8209,7.845,0.169333333333333,12.045989583293,2.12808752249142
"6755",2004,282,10,49.396,251.436,84.975,102.92,23.885,19.52,0.8607,8.415,0.169333333333333,12.0459896936917,2.12882645134722
"6756",2004,282,11,46.519,215.05,72.325,86.575,19.02,18.715,0.91385,8.035,0.169333333333333,12.0459894511924,2.12956029714458
"6757",2004,282,12,47.621,184.713,61.065,71.75,14.825,18.41,0.93475,8.815,0.169333333333333,12.0459894858091,2.13028784058104
"6758",2004,282,13,52.446,232.07,80.995,98.36,22.03,18.62,0.9327,9.035,0.169333333333333,12.0459895825682,2.13101478519226
"6759",2004,282,14,60.086,233.588,84.21,101.915,23.54,18.865,0.9184,7.985,0.169333333333333,12.0459898812285,2.13174455064194
"6760",2004,282,15,69.564,101.591,36.765,41.96,10.25,18.605,0.92325,7.555,0.169333333333333,12.0459894850092,2.1324742251195
"6761",2004,282,16,80.118,47.84,17.765,18.2,5.105,18.38,0.9298,6.745,0.169333333333333,12.0458503148805,2.13320087972607
"6762",2004,282,17,91.268,7.429,2.78,1.57,1.02,18.105,0.922,5.865,0.169333333333333,11.9364976601392,2.13392560152279
"6763",2004,282,18,102.894,0.092,0,0,0.07,17.455,0.9428,4.82,0.169333333333333,11.9347333309601,2.1346446498411
"6764",2004,282,19,114.257,0.391,0,0,0.02,16.955,0.9587,4.285,0.169333333333333,11.9348691681653,2.13535391102268
"6765",2004,282,20,125.1155,0.46,0,0,0,16.915,0.9627,4.615,0.169333333333333,11.9349761672966,2.13605813829135
"6766",2004,282,21,134.836,0.253,0,0,0,17.155,0.95685,4.735,0.169333333333333,11.9351214278111,2.13676426604315
"6767",2004,282,22,142.326,0.023,0,0,0.04,17.14,0.9569,5.17,0.169333333333333,11.935286883306,2.13747250414809
"6768",2004,282,23,145.985,0.046,0,0,0.015,16.94,0.9654,5.2,0.169333333333333,11.9354626350286,2.138178722655
"6769",2004,283,0,144.5985,0,0,0,0,16.98,0.97255,5.14,0.03175,11.9356452718836,2.13888341870023
"6770",2004,283,1,138.6735,0.046,0,0,0,17,0.97805,4.89,0.03175,11.9358196615259,2.13958868612338
"6771",2004,283,2,129.819,0.161,0,0,0.235,16.955,0.9743,4.71,0.03175,11.9359802355646,2.14029371073166
"6772",2004,283,3,119.395,0,0,0,0.34,16.415,0.89075,3.83,0.03175,11.9361102510395,2.14099291539916
"6773",2004,283,4,108.22,0,0,0,0.475,14.89,0.8607,4.195,0.03175,11.9361979969976,2.14166879292351
"6774",2004,283,5,96.7815,0.506,0.17,0,0.25,13.43,0.847,4.015,0.03175,11.9362444599242,2.14230444912427
"6775",2004,283,6,85.225,19.872,7.635,6.12,1.66,13.205,0.85485,2.83,0.03175,11.9346668404694,2.14291420739818
"6776",2004,283,7,74.4695,170.292,67.715,81.555,18.745,14.045,0.77645,3.305,0.03175,11.850499800432,2.14353442972977
"6777",2004,283,8,64.4565,771.328,293.17,378.535,96.395,15.74,0.65815,4.66,0.03175,11.8481795780803,2.14419216433084
"6778",2004,283,9,55.919,1076.906,404.37,533.335,128.98,17.35,0.52825,6.19,0.03175,11.848143668622,2.144889643527
"6779",2004,283,10,49.7345,1305.779,495.63,656.62,151.56,18.48,0.44715,4.905,0.03175,11.8481432055267,2.14561223447433
"6780",2004,283,11,46.8925,1436.189,552.23,729.985,165.155,19.77,0.38485,3.395,0.03175,11.8481432750551,2.14635039604416
"6781",2004,283,12,48.0035,1419.422,544.535,725.22,166.8,20.55,0.33895,4.325,0.03175,11.8481435183148,2.14709721399973
"6782",2004,283,13,52.8165,1250.326,477.635,637.145,153.185,20.945,0.3201,4.46,0.03175,11.8481432889907,2.14784685306948
"6783",2004,283,14,60.433,988.195,372.555,496.99,128.7,21.33,0.3117,4.07,0.03175,11.8481434730745,2.148597468489
"6784",2004,283,15,69.888,636.134,235.99,311.72,91.26,21.515,0.2916,3.925,0.03175,11.8481432183591,2.14934838752988
"6785",2004,283,16,80.4205,258.635,94.01,118.515,43.115,20.97,0.291,3.265,0.03175,11.8481432272951,2.15009912153655
"6786",2004,283,17,91.587,18.285,6.915,4.665,3.135,19.075,0.3352,3.24,0.03175,11.8382531163282,2.15084461468495
"6787",2004,283,18,103.188,0,0,0,0,17.25,0.4027,3.885,0.03175,11.823995880848,2.15157078794251
"6788",2004,283,19,114.5585,0.138,0,0,0,15.165,0.48215,3.535,0.03175,11.8247837551085,2.15226103879568
"6789",2004,283,20,125.4335,0,0,0,0,13.65,0.52235,3.97,0.03175,11.8248917933209,2.15290560397216
"6790",2004,283,21,135.18,0.023,0,0,0,12.945,0.4558,3.34,0.03175,11.8250194324409,2.15351624729771
"6791",2004,283,22,142.6995,0.069,0,0,0,12.415,0.43825,4.03,0.03175,11.8251769001143,2.15410609050125
"6792",2004,283,23,146.3665,0.023,0,0,0,11.18,0.4771,3.19,0.03175,11.825353212364,2.15466386616523
"6793",2004,284,0,144.946,0.023,0,0,0,10.83,0.4811,3.585,0,11.8255347498759,2.15519112220072
"6794",2004,284,1,138.9625,0.023,0,0,0,10.195,0.5111,4.18,0,11.8257096915515,2.1556983408651
"6795",2004,284,2,130.059,0.023,0,0,0,9.71,0.5563,3.74,0,11.8258667481322,2.15618201236752
"6796",2004,284,3,119.6055,0.023,0,0,0,9.92,0.57965,3.79,0,11.8259945806839,2.15665978832099
"6797",2004,284,4,108.414,0.046,0,0,0,9.345,0.6082,4.11,0,11.8260846224274,2.15712960467692
"6798",2004,284,5,96.972,1.311,0.755,0.075,0.33,8.285,0.65705,3.77,0,11.8261379011154,2.15756280248737
"6799",2004,284,6,85.415,116.932,44.09,49.695,18.9,8.575,0.66965,4.32,0,11.8369540269128,2.15797829608917
"6800",2004,284,7,74.689,446.085,165.91,210.71,65.88,11.06,0.5839,6.045,0,11.8347045106691,2.15845542191145
"6801",2004,284,8,64.7075,829.656,315.63,417.925,113.39,12.91,0.51405,6.425,0,11.8346493197112,2.15901983423558
"6802",2004,284,9,56.211,1197.426,464.36,616.455,154.54,15.02,0.40775,7.915,0,11.834648614539,2.15965086020109
"6803",2004,284,10,50.0715,1354.056,531.465,704.25,166.88,16.745,0.3219,7.415,0,11.8346485217459,2.16033378808547
"6804",2004,284,11,47.2645,1376.688,543.115,718.86,167.375,17.835,0.2908,6.855,0,11.834648446601,2.16104615384495
"6805",2004,284,12,48.385,1257.548,498.325,654.275,154.99,18.83,0.26015,6.105,0,11.8346484635062,2.1617750718884
"6806",2004,284,13,53.185,1000.569,396.85,514.99,126.39,19.575,0.2194,5.99,0,11.8346485031553,2.16251442027696
"6807",2004,284,14,60.777,729.675,290.335,371.225,95.3,19.935,0.2038,5.76,0,11.8346486189788,2.16325875830536
"6808",2004,284,15,70.209,543.559,213.6,272.03,76.05,20.11,0.19745,5.165,0,11.8346489423517,2.1640050217233
"6809",2004,284,16,80.72,164.22,64.56,76.92,23.11,18.905,0.22125,4.785,0,11.8346484720111,2.16474708384241
"6810",2004,284,17,91.8655,10.419,4.315,3.07,0.97,16.405,0.29165,4.025,0,11.8120539457591,2.16546502976408
"6811",2004,284,18,103.479,0.115,0,0,0,13.93,0.3881,4.415,0,11.8040770456095,2.16613008535731
"6812",2004,284,19,114.8545,0.115,0,0,0,12.015,0.48205,4.41,0,11.8046442749221,2.16672969913223
"6813",2004,284,20,125.7485,0.161,0,0,0,12.02,0.5688,5.96,0,11.8047500671285,2.16729605420613
"6814",2004,284,21,135.5205,0.069,0,0,0.03,11.275,0.6561,5.71,0,11.8048829982045,2.16784848349869
"6815",2004,284,22,143.071,0.023,0,0,0,10.36,0.7075,4.565,0,11.8050414001277,2.1683683036077
"6816",2004,284,23,146.7455,0.023,0,0,0.02,9.495,0.74115,4.495,0,11.8052168940088,2.16885101842618
"6817",2004,285,0,145.291,0,0,0,0,8.315,0.7852,3.835,0,11.8053975650105,2.16928844831526
"6818",2004,285,1,139.2505,0,0,0,0,7.73,0.79195,3.025,0,11.8055706919557,2.1696849394602
"6819",2004,285,2,130.299,0,0,0,0,8.34,0.74225,3.57,0,11.8057266933907,2.17008202022169
"6820",2004,285,3,119.8135,0,0,0,0,8.605,0.70735,3.725,0,11.8058528919554,2.17049968167512
"6821",2004,285,4,108.607,0,0,0,0,8.25,0.6972,3.58,0,11.8059411710236,2.17091524244991
"6822",2004,285,5,97.166,0.805,0.605,0.16,0.355,8.19,0.6829,3.795,0,11.8059899072818,2.17132109665337
"6823",2004,285,6,85.604,46.069,18.145,18.985,5.68,8.255,0.68275,3.62,0,11.7820800444149,2.17172714337809
"6824",2004,285,7,74.908,425.868,164.82,212.16,62.725,9.58,0.6813,4.62,0,11.7669529924649,2.17216530333962
"6825",2004,285,8,64.9595,656.374,258.105,333.09,87.24,11.78,0.64845,5.075,0,11.7665763897128,2.17267934035737
"6826",2004,285,9,56.5035,841.8,329.6,426.09,105.8,13.395,0.62045,4.545,0,11.7665705194823,2.17326616502204
"6827",2004,285,10,50.4075,1208.397,470.835,619.1,149.135,15.99,0.5203,5.355,0,11.7665704262823,2.17391871858332
"6828",2004,285,11,47.6355,1442.123,563.66,746.775,175.99,17.665,0.4127,5.66,0,11.7665704447064,2.17462284519123
"6829",2004,285,12,48.766,951.441,370.745,486.605,115.555,18.275,0.3577,5.51,0,11.7665704810403,2.17534740070944
"6830",2004,285,13,53.5515,470.442,182.51,229.43,56.56,17.8,0.3904,5.575,0,11.7665705867314,2.17607299959229
"6831",2004,285,14,61.12,485.714,188.365,236.885,59.785,17.885,0.41905,5.655,0,11.7665709208582,2.17679564268046
"6832",2004,285,15,70.5255,356.178,139.72,174.305,44.51,17.98,0.39485,6.36,0,11.7665704750493,2.17751968620105
"6833",2004,285,16,81.0175,129.099,51.22,61.015,16.555,16.97,0.4517,5.72,0,11.7665705011913,2.17823609842106
"6834",2004,285,17,92.1795,9.545,3.695,2.75,1.17,15.43,0.5338,4.745,0,11.738657174754,2.17892721318308
"6835",2004,285,18,103.767,0.023,0,0,0,14.465,0.53435,5.505,0,11.7338450199663,2.17958783907059
"6836",2004,285,19,115.149,0,0,0,0,13.845,0.5149,6.43,0,11.7343367152026,2.18022607118772
"6837",2004,285,20,126.058,0.046,0,0,0,13.36,0.4922,6.455,0,11.7344370955477,2.18084733165007
"6838",2004,285,21,135.8585,0.046,0,0,0.055,12.93,0.50505,7.475,0,11.7345664551743,2.18145373630974
"6839",2004,285,22,143.439,0.207,0,0,0.07,11.87,0.5562,4.855,0,11.7347285601919,2.18203432489343
"6840",2004,285,23,147.122,0.299,0,0,0.005,10.895,0.60395,3.575,0,11.7349173823388,2.18257700366564
"6841",2004,286,0,145.634,0.322,0,0,0,11.005,0.62065,4.19,0,11.7351162814471,2.18310272093709
"6842",2004,286,1,139.536,0.161,0,0,0.005,10.77,0.66085,4.62,0,11.7353053612393,2.18362591903944
"6843",2004,286,2,130.536,0.276,0,0,0.03,10.64,0.67395,4.88,0,11.7354718914271,2.18414171850466
"6844",2004,286,3,120.0195,0.046,0,0,0.07,10.18,0.71045,5.1,0,11.7356061220103,2.18464532978116
"6845",2004,286,4,108.8005,0.046,0,0,0.05,9.885,0.75515,5.495,0,11.7356959738057,2.18513303709294
"6846",2004,286,5,97.356,0.391,0.095,0,0.135,9.915,0.76725,5.49,0,11.7357428193145,2.18561507529357
"6847",2004,286,6,85.8315,28.244,10.535,10.195,3.185,9.77,0.78095,4.58,0,11.7245544295136,2.18609465564491
"6848",2004,286,7,75.129,113.873,41.245,48.16,11.53,10.505,0.74995,4.825,0,11.6610850967976,2.18658691379162
"6849",2004,286,8,65.2125,161.437,56.88,67.96,15.995,10.735,0.74605,4.885,0,11.659389753062,2.18709942461646
"6850",2004,286,9,56.797,253.874,88.48,107.015,24.215,11.235,0.74115,5.465,0,11.6593628044311,2.18762671552973
"6851",2004,286,10,50.744,208.127,70.85,83.96,18.67,11.54,0.76555,6.005,0,11.6593624681108,2.18816990050534
"6852",2004,286,11,48.004,190.348,62.83,73.755,14.88,10.71,0.87565,5.54,0,11.6593625749955,2.18870271340353
"6853",2004,286,12,49.145,193.982,67.615,78.445,16.545,11.545,0.855,5.435,0,11.6593629641089,2.18923562431728
"6854",2004,286,13,53.916,130.916,45.66,51.325,11.215,11.87,0.86665,4.185,0,11.6593624933236,2.18979108350398
"6855",2004,286,14,61.46,184.621,66.145,78.95,17.855,12.08,0.8682,4.72,0,11.6593625734821,2.19035657223229
"6856",2004,286,15,70.8425,175.306,64.2,77.73,18.205,11.82,0.88175,5.36,0,11.6593627942083,2.19092113069256
"6857",2004,286,16,81.313,86.756,33.545,39.975,10.345,12.225,0.83605,5.44,0,11.6593624873031,2.19148836015589
"6858",2004,286,17,92.4545,3.358,1.3,0.705,0.39,12.415,0.81255,3.71,0,11.613063086594,2.19206644795042
"6859",2004,286,18,104.0525,0.046,0,0,0,12.42,0.85345,2.98,0,11.61190361869,2.19264803208494
"6860",2004,286,19,115.4405,0.253,0,0,0,12.535,0.85865,2.71,0,11.6121933241143,2.19323174779876
"6861",2004,286,20,126.367,0.322,0,0,0,12.4,0.84425,4.215,0,11.6122969617673,2.19381510808891
"6862",2004,286,21,136.1935,0,0,0,0,11.915,0.8819,4.35,0,11.6124320180736,2.19438728407317
"6863",2004,286,22,143.804,0,0,0,0,11.665,0.8915,4.26,0,11.6125879324116,2.19494586587061
"6864",2004,286,23,147.4975,0.23,0,0,0,11.505,0.8956,3.2,0,11.6127672854994,2.1954966752487
"6865",2004,287,0,145.9755,0.138,0,0,0,11.375,0.90515,3.015,0.0211666666666667,11.6129587751663,2.19604190767225
"6866",2004,287,1,139.821,0.138,0,0,0,10.945,0.95065,2.835,0.0211666666666667,11.6131404072426,2.19657616986061
"6867",2004,287,2,130.774,0.414,0,0,0,10.77,0.9766,3.18,0.0211666666666667,11.6133098398085,2.19709836226516
"6868",2004,287,3,120.229,0.23,0,0,0.06,10.58,0.98395,4.56,0.0211666666666667,11.6134513649108,2.19761313311682
"6869",2004,287,4,108.995,0.345,0,0,0.025,10.315,0.9859,4.91,0.0211666666666667,11.6135488094334,2.19811851723837
"6870",2004,287,5,97.549,0.368,0,0,0.105,10.305,0.98335,4.935,0.0211666666666667,11.6135991511673,2.19861816853927
"6871",2004,287,6,86.023,17.181,6.07,4.815,1.99,10.39,0.9773,4.135,0.0211666666666667,11.6130306473328,2.19911938991659
"6872",2004,287,7,75.352,60.444,21.64,22.695,5.62,10.31,0.97725,4.825,0.0211666666666667,11.5093066928686,2.19962071597715
"6873",2004,287,8,65.465,85.951,29.955,32.415,7.34,10.485,0.97195,5.06,0.0211666666666667,11.5023855573862,2.20012402314026
"6874",2004,287,9,57.0895,181.585,64.255,75.29,16.445,10.92,0.9422,4.87,0.0211666666666667,11.5022726711975,2.20063990015607
"6875",2004,287,10,51.0815,197.018,70.735,82.79,17.895,11.33,0.93965,4.95,0.0211666666666667,11.5022711977644,2.20117277942226
"6876",2004,287,11,48.3725,208.955,74.62,88.295,19.085,11.765,0.90635,5.335,0.0211666666666667,11.5022712284552,2.20172213165427
"6877",2004,287,12,49.5195,187.22,66.57,78.485,17.34,12.065,0.9017,6.135,0.0211666666666667,11.5022711484034,2.20228538864823
"6878",2004,287,13,54.2785,136.85,47.455,54.595,12.22,11.63,0.9474,6.565,0.0211666666666667,11.5022711627715,2.20284611235407
"6879",2004,287,14,61.797,180.527,65.2,76.14,16.84,11.785,0.93345,6.865,0.0211666666666667,11.5022711870711,2.20340158470976
"6880",2004,287,15,71.1555,110.492,39.03,43.99,10.44,11.825,0.89585,6.84,0.0211666666666667,11.5022712423569,2.20396073832379
"6881",2004,287,16,81.6045,23.897,8.11,5.96,2.3,11.59,0.8679,7.07,0.0211666666666667,11.4546163563611,2.20451620670002
"6882",2004,287,17,92.764,3.427,1.82,1.085,1.065,11.245,0.85145,3.37,0.0211666666666667,11.3706091944787,2.20506055511923
"6883",2004,287,18,104.3345,0.253,0,0,0,11.305,0.9215,3.03,0.0211666666666667,11.3706954935807,2.20559936493597
"6884",2004,287,19,115.7285,0.115,0,0,0.01,10.86,0.8884,3.455,0.0211666666666667,11.3707589335643,2.20613055395209
"6885",2004,287,20,126.6705,0,0,0,0,9.745,0.89485,3.72,0.0211666666666667,11.3708518139747,2.20662974830039
"6886",2004,287,21,136.5265,0,0,0,0,8.375,0.8563,3.57,0.0211666666666667,11.3709787783705,2.20707471479764
"6887",2004,287,22,144.1685,0.046,0,0,0,6.72,0.84455,2.935,0.0211666666666667,11.3711364316771,2.20744870115927
"6888",2004,287,23,147.873,0.161,0,0,0,6.58,0.8079,3.375,0.0211666666666667,11.3713153402231,2.20777862379528
"6889",2004,288,0,146.315,0.207,0,0,0,6.415,0.85415,3.4,0.09525,11.3715066270401,2.20810088352307
"6890",2004,288,1,140.103,0.115,0,0,0,6.035,0.86025,3.315,0.09525,11.3716907557885,2.2084093551404
"6891",2004,288,2,131.009,0.276,0,0,0,5.3,0.9027,3.785,0.09525,11.3718553650812,2.20868929109731
"6892",2004,288,3,120.4365,0.345,0,0,0,4.905,0.94775,2.16,0.09525,11.3719946670763,2.20893997418774
"6893",2004,288,4,109.1875,0.253,0,0,0,5.165,0.97115,2.36,0.09525,11.3720925058451,2.20918714268228
"6894",2004,288,5,97.7425,0.575,0.165,0,0.035,6.63,0.9833,3.695,0.09525,11.3721425836769,2.20947880435063
"6895",2004,288,6,86.2135,24.058,10,9.215,2.66,7.09,0.98725,4.315,0.09525,11.3688591981193,2.20981920285094
"6896",2004,288,7,75.5735,108.422,43.135,50.555,11.395,7.485,0.98865,4.035,0.09525,11.3115817489144,2.21018072187126
"6897",2004,288,8,65.7205,202.906,78.97,96.235,21.82,7.97,0.98,3.61,0.09525,11.3095580077987,2.21056361199908
"6898",2004,288,9,57.384,484.426,186.81,231.905,51.24,9.005,0.93235,2.86,0.09525,11.3095242253662,2.21098241121904
"6899",2004,288,10,51.417,721.004,280.115,351.755,78.735,10.255,0.87955,2.385,0.09525,11.3095237717247,2.21145275098734
"6900",2004,288,11,48.7405,460.828,172.78,215.03,48.26,10.82,0.86015,2.7,0.09525,11.3095238396568,2.2119618352297
"6901",2004,288,12,49.894,335.34,120.615,148.76,33.65,10.825,0.8536,3.4,0.09525,11.3095240765173,2.2124826154885
"6902",2004,288,13,54.636,209.921,72.98,87.035,19.095,11.035,0.8391,2.92,0.09525,11.3095238716399,2.21300772778292
"6903",2004,288,14,62.1325,193.798,69.495,82.685,18.34,10.94,0.86695,2.34,0.09525,11.3095239459456,2.21353515057101
"6904",2004,288,15,71.466,108.215,39.79,44.985,10.265,10.765,0.88645,0.9,0.09525,11.3095238042054,2.21405714093342
"6905",2004,288,16,81.8915,36.018,13.64,12.205,3.46,10.485,0.91205,1.175,0.09525,11.3056265861792,2.21456985714667
"6906",2004,288,17,93.0315,1.403,0.445,0,0.09,10.025,0.94605,1.7,0.09525,11.1976196109413,2.21506717336256
"6907",2004,288,18,104.6135,0.023,0,0,0,9.815,0.96245,1.105,0.09525,11.1981649941373,2.21555025563948
"6908",2004,288,19,116.0135,0,0,0,0.05,9.625,0.96695,1.29,0.09525,11.198249402984,2.21602468692136
"6909",2004,288,20,126.971,0,0,0,0.315,9.255,0.952,2.7,0.09525,11.198340407743,2.21648682045886
"6910",2004,288,21,136.8535,0.184,0,0,0.21,8.575,0.94505,4.775,0.09525,11.1984708868426,2.21692535385649
"6911",2004,288,22,144.5265,0.299,0,0,0.215,8.29,0.9424,4.57,0.09525,11.198638856059,2.21734168408136
"6912",2004,288,23,148.2425,0.414,0,0,0.145,7.865,0.9379,4.365,0.09525,11.1988333994494,2.21774130598786
"6913",2004,289,0,146.652,0.391,0,0,0.04,8.1,0.9425,5.3,0.0423333333333333,11.1990387259013,2.21813642392742
"6914",2004,289,1,140.3855,0.184,0,0,0.145,8.145,0.92925,6.055,0.0423333333333333,11.1992301928773,2.21853819378634
"6915",2004,289,2,131.2435,0.46,0,0,0.065,7.705,0.9442,7.405,0.0423333333333333,11.1994013519125,2.21893055762086
"6916",2004,289,3,120.6415,0.391,0,0,0.005,7.575,0.9403,7.59,0.0423333333333333,11.1995462511352,2.21930924490979
"6917",2004,289,4,109.3825,0.345,0,0,0.08,7.435,0.9439,8.325,0.0423333333333333,11.1996458048762,2.21968138943612
"6918",2004,289,5,97.934,0.161,0.01,0,0.025,7.31,0.92645,7.87,0.0423333333333333,11.1996939638759,2.22004707844422
"6919",2004,289,6,86.4425,18.446,7.09,5.815,1.915,7.315,0.91915,5.875,0.0423333333333333,11.1990624647546,2.22040983426728
"6920",2004,289,7,75.7975,88.32,34.375,38.11,8.695,7.545,0.89175,6.28,0.0423333333333333,11.1368633079951,2.22077832602729
"6921",2004,289,8,65.975,150.765,57.395,67.265,14.675,7.855,0.89475,6.715,0.0423333333333333,11.1337908802819,2.22115990288377
"6922",2004,289,9,57.6775,160.586,57.505,67.87,14.82,7.43,0.93165,7.935,0.0423333333333333,11.1337381785322,2.22153869740744
"6923",2004,289,10,51.75,356.27,133.06,163.95,35.45,7.085,0.93615,8.51,0.0423333333333333,11.1337374856564,2.22189874821392
"6924",2004,289,11,49.1035,663.274,257.3,326.915,73.38,7.9,0.8446,7.89,0.0423333333333333,11.1337376419807,2.22227023306421
"6925",2004,289,12,50.265,1322.04,515.04,677.905,153.5,10.38,0.6393,8.425,0.0423333333333333,11.1337382413865,2.22271836913567
"6926",2004,289,13,54.9915,783.679,300.28,389.71,92.13,11.245,0.57625,9.54,0.0423333333333333,11.1337374842012,2.22323865486466
"6927",2004,289,14,62.463,311.673,120.39,148.57,34.78,11.435,0.59535,8.51,0.0423333333333333,11.133737537089,2.22378000111936
"6928",2004,289,15,71.7745,306.222,118.905,147.485,36.015,11.76,0.62745,9.075,0.0423333333333333,11.1337376838689,2.22433127825414
"6929",2004,289,16,82.1775,131.951,50.21,59.145,18.17,11.2,0.6764,6.245,0.0423333333333333,11.1337375175623,2.22487801853775
"6930",2004,289,17,93.3375,4.6,1.52,0.58,0.38,9.99,0.7545,4.495,0.0423333333333333,11.1222804413975,2.22538933896474
"6931",2004,289,18,104.888,0.138,0,0,0.04,9.365,0.8044,4.81,0.0423333333333333,11.1304219446427,2.22586187994176
"6932",2004,289,19,116.294,0.115,0,0,0.05,9.38,0.76635,7.805,0.0423333333333333,11.1309714469755,2.22632103589403
"6933",2004,289,20,127.268,0,0,0,0.115,9.005,0.77335,8.46,0.0423333333333333,11.1310712635359,2.22677214303298
"6934",2004,289,21,137.1775,0,0,0,0.05,8.935,0.759,8.595,0.0423333333333333,11.1311970019703,2.22721322255499
"6935",2004,289,22,144.885,0.046,0,0,0.13,8.48,0.67495,8.355,0.0423333333333333,11.1313525507521,2.22764228304021
"6936",2004,289,23,148.611,0.023,0,0,0.1,8.005,0.6356,8.35,0.0423333333333333,11.1315274030689,2.22804969667702
"6937",2004,290,0,146.9875,0.023,0,0,0.16,7.255,0.70295,6.57,0,11.1317073746887,0
"6938",2004,290,1,140.663,0.069,0,0,0.095,6.84,0.67005,7.6,0,11.1318826557444,0
"6939",2004,290,2,131.4775,0.069,0,0,0.145,6.36,0.6344,7.69,0,11.1320410884928,0
"6940",2004,290,3,120.8485,0.046,0,0,0.035,6.075,0.665,6.875,0,11.1321699539314,0
"6941",2004,290,4,109.5755,0,0,0,0.18,5.825,0.68125,8.925,0,11.1322596486651,0
"6942",2004,290,5,98.1285,0.23,0.015,0,0.285,5.15,0.70785,8.9,0,11.1323058650353,0
"6943",2004,290,6,86.636,68.356,26.765,30.37,10.175,4.66,0.7028,8.81,0,11.1592104189927,0
"6944",2004,290,7,76.021,142.301,55.13,65.83,15.965,4.975,0.69145,8.3,0,11.1563441795358,0
"6945",2004,290,8,66.229,666.54,255.4,326.66,83.12,6.355,0.61875,11.725,0,11.156233027219,0
"6946",2004,290,9,57.9715,889.341,342.995,445.105,105.855,7.325,0.59,11.37,0,11.1562311490685,0
"6947",2004,290,10,52.086,765.647,298.56,384.43,89.57,7.615,0.5824,11.815,0,11.1562311459795,0
"6948",2004,290,11,49.465,723.143,281.675,359.315,83.71,7.515,0.5892,11.73,0,11.1562311150021,0
"6949",2004,290,12,50.6335,649.888,253.735,322.475,75.445,8.605,0.5389,10.93,0,11.1562311337237,0
"6950",2004,290,13,55.347,491.993,191.625,241.025,57.795,9.035,0.5016,11.935,0,11.1562311785985,0
"6951",2004,290,14,62.791,782.759,302.745,400.785,106.07,9.925,0.45145,11.87,0,11.1562313145471,0
"6952",2004,290,15,72.0785,379.868,141.27,179.92,53.41,9.735,0.44905,10.535,0,11.1562312782303,0
"6953",2004,290,16,82.459,184.092,68.395,85.15,33.48,9.405,0.4606,9.685,0,11.156231138056,0
"6954",2004,290,17,93.601,7.13,2.2,1.01,1.545,7.94,0.5136,7.025,0,11.1505056501364,0
"6955",2004,290,18,105.16,0.023,0,0,0.13,5.74,0.6194,4.225,0,11.1615261631603,0
"6956",2004,290,19,116.5715,0.023,0,0,0,4.23,0.68005,4.265,0,11.1622574398618,0
"6957",2004,290,20,127.5615,0.023,0,0,0,3.325,0.71495,4.105,0,11.1623597969017,0
"6958",2004,290,21,137.4975,0.046,0,0,0,2.53,0.73975,4.235,0,11.1624874989644,0
"6959",2004,290,22,145.2385,0.345,0,0,0,1.75,0.76035,4.32,0,11.1626513470883,0
"6960",2004,290,23,148.9785,0.23,0,0,0,1.23,0.76265,4.245,0,11.1628416269568,0
"6961",2004,291,0,147.3205,0.184,0,0,0,1.245,0.74705,4.715,0,11.1630334010775,0
"6962",2004,291,1,140.941,0.115,0,0,0.005,1.025,0.7446,4.57,0,11.1632157172678,0
"6963",2004,291,2,131.7095,0.23,0,0,0.005,0.83,0.75375,4.755,0,11.1633791795513,0
"6964",2004,291,3,121.0535,0.046,0,0,0.085,-0.2,0.7996,4.225,0,11.1635120147366,0
"6965",2004,291,4,109.7685,0.023,0,0,0,-0.36,0.8038,3.795,0,11.1636014471613,0
"6966",2004,291,5,98.3225,0.46,0.1,0,0.055,-0.76,0.8217,4.415,0,11.1636489222519,0
"6967",2004,291,6,86.828,82.524,31.27,32.375,11.835,-0.255,0.81815,4.36,0,11.195746395951,0
"6968",2004,291,7,76.246,402.086,154.9,187.21,54.275,2.15,0.7676,3.74,0,11.193600723621,0
"6969",2004,291,8,66.4845,755.987,287.875,369.97,94.655,4.87,0.6191,5.37,0,11.193522527546,0
"6970",2004,291,9,58.265,957.214,367.075,476.26,111.2,6.89,0.5345,4.975,0,11.1935212877084,0
"6971",2004,291,10,52.4165,1249.705,482.41,630.77,142.195,8.76,0.44755,5.845,0,11.1935211805687,0
"6972",2004,291,11,49.827,1316.451,507.905,668.225,148.665,10.475,0.3524,4.89,0,11.1935211990687,0
"6973",2004,291,12,51.0005,1232.386,471.975,620.895,141.14,12.065,0.30335,3.88,0,11.1935212422739,0
"6974",2004,291,13,55.6975,1087.233,412.63,544.165,129.55,13.23,0.2716,3.725,0,11.1935213805817,0
"6975",2004,291,14,63.119,867.238,326.355,428.42,110.28,14.185,0.2605,3.05,0,11.1935218400653,0
"6976",2004,291,15,72.38,482.724,181.1,230.655,65.785,14.735,0.28235,1.6,0,11.1935212199288,0
"6977",2004,291,16,82.7355,112.585,44.83,49.515,12.315,14.01,0.3021,0.705,0,11.1935212443835,0
"6978",2004,291,17,93.9,6.486,3.24,2.27,0.685,12.925,0.33045,1.84,0,11.1793295794738,0
"6979",2004,291,18,105.428,0.138,0,0,0,11.83,0.358,2.53,0,11.1866802469289,0
"6980",2004,291,19,116.844,0.023,0,0,0,10.97,0.396,3.255,0,11.187186988937,0
"6981",2004,291,20,127.8495,0.023,0,0,0,9.605,0.48935,3.375,0,11.1872860849316,0
"6982",2004,291,21,137.814,0.023,0,0,0.01,8.115,0.57305,3.74,0,11.1874139796659,0
"6983",2004,291,22,145.589,0.046,0,0,0.02,7.54,0.6142,3.93,0,11.1875705964767,0
"6984",2004,291,23,149.342,0,0,0,0.025,7.45,0.6437,3.56,0,11.1877446131685,0
"6985",2004,292,0,147.653,0,0,0,0,8.715,0.60065,3.665,1.24883333333333,11.1879244927649,0
"6986",2004,292,1,141.218,0.069,0,0,0,9.24,0.57505,5.095,1.24883333333333,11.1880984871451,0
"6987",2004,292,2,131.942,0.092,0,0,0,9.905,0.53355,6.59,1.24883333333333,11.1882573230388,0
"6988",2004,292,3,121.257,0.023,0,0,0.48,9.03,0.6522,4.94,1.24883333333333,11.1883856713662,0
"6989",2004,292,4,109.9625,0.345,0,0,0.275,7.445,0.82115,4.06,1.24883333333333,11.1884778045258,0
"6990",2004,292,5,98.516,0.161,0,0,0.155,6.65,0.91715,4.86,1.24883333333333,11.1885258004291,0
"6991",2004,292,6,87.058,5.819,1.85,0.795,0.475,6.505,0.94435,6.805,1.24883333333333,11.1885066919025,0
"6992",2004,292,7,76.47,38.686,13.425,12.845,3.155,6.425,0.94605,10.685,1.24883333333333,11.0779456704006,0
"6993",2004,292,8,66.74,182.574,68.44,80.84,17.25,7.385,0.9215,11.37,1.24883333333333,11.0295454248548,0
"6994",2004,292,9,58.557,216.637,78.73,94.42,20.79,7.5,0.9136,9.675,1.24883333333333,11.0287285504516,0
"6995",2004,292,10,52.7495,73.991,23.72,24.025,4.515,7.715,0.9169,8.33,1.24883333333333,11.0287172590645,0
"6996",2004,292,11,50.1855,56.971,17.245,15.98,2.955,7.63,0.9526,7.185,1.24883333333333,11.0286545442479,0
"6997",2004,292,12,51.3635,89.907,28.98,30.315,5.27,7.805,0.95755,6.41,1.24883333333333,11.0285883672676,0
"6998",2004,292,13,56.0445,122.958,41.7,46.48,9.045,7.97,0.9505,7.915,1.24883333333333,11.0285876001387,0
"6999",2004,292,14,63.4425,69.828,23.73,24.645,5.055,8.28,0.9422,3.85,1.24883333333333,11.0285873156856,0
"7000",2004,292,15,72.679,14.191,4.04,1.585,0.93,7.61,0.9568,6.96,1.24883333333333,10.8324685354399,0
"7001",2004,292,16,83.009,25.806,10.05,9.685,3.26,7.595,0.9621,7.38,1.24883333333333,10.7139284928962,0
"7002",2004,292,17,94.159,2.392,1.105,0.485,0.635,7.94,0.95815,5.745,1.24883333333333,10.6781399404559,0
"7003",2004,292,18,105.693,0.322,0,0,0.105,7.72,0.95285,6.785,1.24883333333333,10.6783475824047,0
"7004",2004,292,19,117.1115,0.46,0,0,0.07,7.845,0.9491,5.905,1.24883333333333,10.6784099571497,0
"7005",2004,292,20,128.1335,0.46,0,0,0.145,7.75,0.95075,6.05,1.24883333333333,10.678515582612,0
"7006",2004,292,21,138.126,0.46,0,0,0.13,7.505,0.95,6.65,1.24883333333333,10.6786639048401,0
"7007",2004,292,22,145.936,0.299,0,0,0.12,7.375,0.95745,6.085,1.24883333333333,10.6788410520709,0
"7008",2004,292,23,149.7045,0.46,0,0,0.09,7.19,0.97075,6.595,1.24883333333333,10.6790363497725,0
"7009",2004,293,0,147.9835,0.391,0,0,0.02,7.1,0.98335,5.86,0.0105833333333333,10.6792422926708,0
"7010",2004,293,1,141.4925,0.437,0,0,0.09,7.04,0.9877,5.6,0.0105833333333333,10.6794391775913,0
"7011",2004,293,2,132.171,0.437,0,0,0.075,6.84,0.9903,5.205,0.0105833333333333,10.679616559792,0
"7012",2004,293,3,121.462,0.46,0,0,0.16,6.67,0.99185,5.685,0.0105833333333333,10.6797606159721,0
"7013",2004,293,4,110.154,0.46,0,0,0.155,6.72,0.99005,5.65,0.0105833333333333,10.6798613724884,0
"7014",2004,293,5,98.7115,0.391,0.005,0,0.165,6.93,0.98085,5.175,0.0105833333333333,10.6799107501945,0
"7015",2004,293,6,87.2515,10.603,3.71,1.995,0.875,7.605,0.96315,4.495,0.0105833333333333,10.6798556421907,0
"7016",2004,293,7,76.6945,77.119,28.235,30.89,6.865,8.015,0.95795,5.21,0.0105833333333333,10.627955320869,0
"7017",2004,293,8,66.9965,152.168,55.17,64.6,14.095,8.595,0.95795,4.75,0.0105833333333333,10.6233246108532,0
"7018",2004,293,9,58.851,215.349,77.06,92.005,20.05,9.095,0.959,4.2,0.0105833333333333,10.6232378263938,0
"7019",2004,293,10,53.0805,291.111,105.19,127.445,28.09,9.765,0.95545,4.885,0.0105833333333333,10.623236598252,0
"7020",2004,293,11,50.543,286.649,103.22,125.455,28.015,10.235,0.95075,5.15,0.0105833333333333,10.6232366697969,0
"7021",2004,293,12,51.723,216.039,76.525,92.025,20.54,10.215,0.95755,4.935,0.0105833333333333,10.6232365884082,0
"7022",2004,293,13,56.3895,170.407,60.22,70.82,16.005,10.155,0.9702,4.95,0.0105833333333333,10.6232365854205,0
"7023",2004,293,14,63.7625,99.061,34.635,38.605,8.825,10.275,0.9777,5.235,0.0105833333333333,10.6232365966085,0
"7024",2004,293,15,72.974,48.323,16.53,16.39,4.13,10.15,0.98125,6.155,0.0105833333333333,10.6230745074881,0
"7025",2004,293,16,83.279,18.4,6.22,3.995,1.52,10.115,0.9794,5.695,0.0105833333333333,10.46712643419,0
"7026",2004,293,17,94.451,1.219,0.315,0,0.045,10.2,0.9747,5.065,0.0105833333333333,10.4538388807281,0
"7027",2004,293,18,105.953,0.46,0,0,0.055,9.94,0.9822,5.11,0.0105833333333333,10.4540110096138,0
"7028",2004,293,19,117.3775,0.276,0,0,0.075,9.9,0.98445,4.455,0.0105833333333333,10.4540704229643,0
"7029",2004,293,20,128.414,0.046,0,0,0.07,9.875,0.9822,4.12,0.0105833333333333,10.4541662166854,0
"7030",2004,293,21,138.4345,0.23,0,0,0.075,9.8,0.98465,4.62,0.0105833333333333,10.4542980097901,0
"7031",2004,293,22,146.278,0.368,0,0,0.06,9.795,0.9853,4.07,0.0105833333333333,10.4544674853562,0
"7032",2004,293,23,150.062,0.23,0,0,0.095,9.7,0.9859,3.985,0.0105833333333333,10.4546571671076,0
"7033",2004,294,0,148.3095,0.023,0,0,0.1,9.7,0.98355,3.805,0.0105833333333333,10.4548434439666,0
"7034",2004,294,1,141.765,0.023,0,0,0.09,9.635,0.98315,4.11,0.0105833333333333,10.4550150170752,0
"7035",2004,294,2,132.4005,0,0,0,0.025,9.515,0.98755,4.72,0.0105833333333333,10.4551674010956,0
"7036",2004,294,3,121.666,0.092,0,0,0.02,9.435,0.9912,4.7,0.0105833333333333,10.4552916821908,0
"7037",2004,294,4,110.3495,0.046,0,0,0.065,9.43,0.99225,4.67,0.0105833333333333,10.4553793842213,0
"7038",2004,294,5,98.905,0.046,0.005,0,0.115,9.4,0.9912,5.01,0.0105833333333333,10.4554220220048,0
"7039",2004,294,6,87.446,15.985,6.105,4.995,2.035,9.425,0.98625,4.475,0.0105833333333333,10.4552487159663,0
"7040",2004,294,7,76.9215,60.766,22.86,24.69,5.725,9.505,0.98595,4.48,0.0105833333333333,10.4005205209044,0
"7041",2004,294,8,67.2505,207,79.025,94.195,20.155,9.89,0.96415,5.07,0.0105833333333333,10.3954314871634,0
"7042",2004,294,9,59.144,283.406,107.045,128.54,27.32,10.535,0.9399,4.52,0.0105833333333333,10.3953316289074,0
"7043",2004,294,10,53.4075,397.693,150.41,182.225,38.755,11.34,0.91435,3.615,0.0105833333333333,10.3953302132608,0
"7044",2004,294,11,50.8955,420.808,161.275,197.045,42.765,12.15,0.8874,3.71,0.0105833333333333,10.3953302477103,0
"7045",2004,294,12,52.082,402.937,152.065,186.1,40.775,12.625,0.87495,4.885,0.0105833333333333,10.3953301752104,0
"7046",2004,294,13,56.7315,334.443,124.6,152.405,33.55,12.89,0.86665,5.715,0.0105833333333333,10.3953301902847,0
"7047",2004,294,14,64.076,186.461,67.745,81.78,18.33,12.915,0.86435,4.855,0.0105833333333333,10.3953302180163,0
"7048",2004,294,15,73.266,119.738,44.215,51.93,11.865,12.935,0.85735,4.78,0.0105833333333333,10.395330287951,0
"7049",2004,294,16,83.5435,37.835,13.76,13.71,3.625,12.925,0.85855,4.455,0.0105833333333333,10.3940509980103,0
"7050",2004,294,17,94.7045,1.564,0.41,0,0.12,12.58,0.87985,4.065,0.0105833333333333,10.3416569471525,0
"7051",2004,294,18,106.209,0.299,0,0,0,12.455,0.8742,5.05,0.0105833333333333,10.3439005008349,0
"7052",2004,294,19,117.637,0.046,0,0,0,12.2,0.88565,4.855,0.0105833333333333,10.3440089718571,0
"7053",2004,294,20,128.6895,0.437,0,0,0,11.975,0.89535,4.205,0.0105833333333333,10.3441053898636,0
"7054",2004,294,21,138.737,0.46,0,0,0,11.825,0.8951,4.245,0.0105833333333333,10.3442500603273,0
"7055",2004,294,22,146.618,0.46,0,0,0,11.67,0.88315,4.405,0.0105833333333333,10.344428397588,0
"7056",2004,294,23,150.419,0.46,0,0,0,11.57,0.8724,3.94,0.0105833333333333,10.3446267790343,0
"7057",2004,295,0,148.6355,0.437,0,0,0,11.355,0.8752,4.07,0,10.3448312189977,0
"7058",2004,295,1,142.037,0.414,0,0,0,11.235,0.87225,3.84,0,10.3450269521901,0
"7059",2004,295,2,132.6265,0.414,0,0,0,11.115,0.86865,4.16,0,10.3452010264168,0
"7060",2004,295,3,121.8685,0.46,0,0,0,11.04,0.8676,4.21,0,10.3453428131573,0
"7061",2004,295,4,110.5415,0.437,0,0,0,10.825,0.8772,4.14,0,10.3454422242814,0
"7062",2004,295,5,99.1015,0.506,0.04,0,0,10.425,0.90285,3.985,0,10.3454917418647,0
"7063",2004,295,6,87.6785,39.445,14.51,14.365,3.605,10.665,0.9146,4.12,0,10.3622734278002,0
"7064",2004,295,7,77.148,184.161,70.895,85.39,20.295,10.99,0.9153,6.55,0,10.3616267248005,0
"7065",2004,295,8,67.5075,194.396,72.8,88.08,20.395,11.005,0.92545,5.92,0,10.3612258986258,0
"7066",2004,295,9,59.436,199.226,72.9,88.05,20.245,11.14,0.93735,5.015,0,10.3612180271322,0
"7067",2004,295,10,53.7375,251.137,91.83,111.805,25.545,11.615,0.9197,4.745,0,10.3612179716333,0
"7068",2004,295,11,51.247,278.599,102.215,124.64,28.2,12.12,0.9012,4.095,0,10.3612179645176,0
"7069",2004,295,12,52.436,268.203,97.865,119.255,26.995,12.5,0.8769,4.82,0,10.3612179181688,0
"7070",2004,295,13,57.069,271.584,100.325,122.43,27.8,12.66,0.85675,4.66,0,10.3612179369918,0
"7071",2004,295,14,64.3905,231.909,86.445,104.75,23.81,13.075,0.8371,4.795,0,10.3612179798487,0
"7072",2004,295,15,73.553,206.724,77.615,91.93,22.83,13.44,0.82075,5.025,0,10.3612180996867,0
"7073",2004,295,16,83.805,126.408,47.055,52.815,18.2,13.55,0.8187,4.38,0,10.3612180389272,0
"7074",2004,295,17,94.993,3.289,1.03,0.255,0.265,12.535,0.8508,3.49,0,10.3793859249432,0
"7075",2004,295,18,106.4615,0.46,0,0,0,11.535,0.88465,3.435,0,10.4033905453342,0
"7076",2004,295,19,117.8935,0.161,0,0,0.025,10.9,0.90365,4.085,0,10.4040587199852,0
"7077",2004,295,20,128.9595,0.276,0,0,0.09,10.195,0.91555,4.145,0,10.4041640498695,0
"7078",2004,295,21,139.0365,0.138,0,0,0.035,9.52,0.9307,4.355,0,10.404298638484,0
"7079",2004,295,22,146.952,0.092,0,0,0.06,9.1,0.94205,4.465,0,10.4044576943735,0
"7080",2004,295,23,150.7725,0.023,0,0,0.07,8.81,0.9501,4.235,0,10.4046318567189,0
"7081",2004,296,0,148.9575,0,0,0,0.04,8.135,0.96205,3.595,0.0105833333333333,10.4048085596863,0
"7082",2004,296,1,142.305,0,0,0,0.03,8.04,0.97125,3.86,0.0105833333333333,10.4049785501017,0
"7083",2004,296,2,132.853,0,0,0,0,9.63,0.96085,4.49,0.0105833333333333,10.4051300076508,0
"7084",2004,296,3,122.07,0.023,0,0,0.025,10.825,0.95315,4.865,0.0105833333333333,10.4052534109955,0
"7085",2004,296,4,110.7355,0.184,0,0,0,11.26,0.95585,4.83,0.0105833333333333,10.4053416246475,0
"7086",2004,296,5,99.295,0.391,0,0,0,11.535,0.9487,4.9,0.0105833333333333,10.4053878985146,0
"7087",2004,296,6,87.8745,20.01,7.7,6.47,2.16,11.79,0.9424,5.52,0.0105833333333333,10.4049999983028,0
"7088",2004,296,7,77.3725,78.223,28.745,32,7.49,12.005,0.9471,4.865,0.0105833333333333,10.3758016180703,0
"7089",2004,296,8,67.764,190.463,68.87,82.15,18.36,12.505,0.94815,5.8,0.0105833333333333,10.3733622308345,0
"7090",2004,296,9,59.728,273.309,100.045,121.04,26.955,13.265,0.9268,7.27,0.0105833333333333,10.3733138526232,0
"7091",2004,296,10,54.062,353.809,130.655,159.845,35.77,14.08,0.89515,7.16,0.0105833333333333,10.3733133221365,0
"7092",2004,296,11,51.597,473.708,177.525,216.855,47.055,15.255,0.8474,7.74,0.0105833333333333,10.3733132675857,0
"7093",2004,296,12,52.787,811.624,305.15,382.595,85.96,16.575,0.79695,7.48,0.0105833333333333,10.3733131540038,0
"7094",2004,296,13,57.404,745.269,282.035,354.415,81.445,18.085,0.74235,7.09,0.0105833333333333,10.3733132128931,0
"7095",2004,296,14,64.7,326.347,120.535,146.68,33.76,17.45,0.7681,7.55,0.0105833333333333,10.3733133995545,0
"7096",2004,296,15,73.8385,140.392,51.515,59.69,14.075,17.2,0.774,6.395,0.0105833333333333,10.3733132374345,0
"7097",2004,296,16,84.0615,48.047,18.105,18.725,4.98,17.05,0.789,4.63,0.0105833333333333,10.3732753574296,0
"7098",2004,296,17,95.239,0.345,0.075,0,0.01,16.575,0.8076,3.91,0.0105833333333333,10.3481000406852,0
"7099",2004,296,18,106.7085,0,0,0,0.005,16.29,0.8134,5.5,0.0105833333333333,10.3522629937568,0
"7100",2004,296,19,118.1465,0.023,0,0,0.005,16.105,0.82505,6.755,0.0105833333333333,10.3524180971182,0
"7101",2004,296,20,129.226,0,0,0,0.03,15.79,0.8419,6.235,0.0105833333333333,10.3525085756066,0
"7102",2004,296,21,139.3315,0,0,0,0.005,15.97,0.82965,7.635,0.0105833333333333,10.352633213808,0
"7103",2004,296,22,147.2835,0,0,0,0.025,15.865,0.83915,7.43,0.0105833333333333,10.3527858580005,0
"7104",2004,296,23,151.122,0.023,0,0,0.07,15.565,0.8529,7.935,0.0105833333333333,10.352956389764,0
"7105",2004,297,0,149.2775,0.023,0,0,0.015,15.525,0.87355,7.9,0.550333333333333,10.35313345949,0
"7106",2004,297,1,142.571,0.046,0,0,0.025,15.765,0.89015,7.82,0.550333333333333,10.3533054325821,0
"7107",2004,297,2,133.0805,0,0,0,0.135,15.48,0.9125,8.515,0.550333333333333,10.3534586761789,0
"7108",2004,297,3,122.272,0.092,0,0,0,15.495,0.92805,7.99,0.550333333333333,10.3535833866415,0
"7109",2004,297,4,110.9275,0.322,0,0,0,15.85,0.93255,7.525,0.550333333333333,10.3536748167927,0
"7110",2004,297,5,99.4925,0.46,0,0,0.01,16.595,0.9574,7.985,0.550333333333333,10.3537231801777,0
"7111",2004,297,6,88.069,4.531,1.42,0.285,0.215,16.99,0.9574,8.435,0.550333333333333,10.3537145762935,0
"7112",2004,297,7,77.5995,43.677,15.22,14.43,3.265,17.63,0.95225,9.01,0.550333333333333,10.2770441996559,0
"7113",2004,297,8,68.022,81.351,28.455,29.845,5.63,18.365,0.942,9.71,0.550333333333333,10.2533519790274,0
"7114",2004,297,9,60.018,224.181,83.8,98.645,19.585,18.595,0.95445,8.62,0.550333333333333,10.2528806479132,0
"7115",2004,297,10,54.3885,699.752,265.565,329.965,71.745,20.415,0.90045,11.195,0.550333333333333,10.2528737300925,0
"7116",2004,297,11,51.944,586.385,219.57,270.17,59.505,21.135,0.8672,9.46,0.550333333333333,10.2528736245565,0
"7117",2004,297,12,53.135,934.697,349.56,448.37,103.435,22.29,0.7993,9.75,0.550333333333333,10.2528736727233,0
"7118",2004,297,13,57.735,875.886,322.74,420.29,103.105,23.23,0.71335,10.105,0.550333333333333,10.2528738234733,0
"7119",2004,297,14,65.005,707.158,256.93,333.965,88.145,23.93,0.625,9.57,0.550333333333333,10.2528743400149,0
"7120",2004,297,15,74.119,482.655,171.205,218.155,68.985,24.18,0.55965,8.84,0.550333333333333,10.2528736577386,0
"7121",2004,297,16,84.3125,136.436,46.5,52.98,22.89,22.805,0.51055,7.105,0.550333333333333,10.2528736907019,0
"7122",2004,297,17,95.5185,2.737,0.67,0.045,0.62,20.055,0.5876,5.93,0.550333333333333,10.2711465900293,0
"7123",2004,297,18,106.9515,0.023,0,0,0.09,18.065,0.64945,5.675,0.550333333333333,10.2965571830791,0
"7124",2004,297,19,118.392,0.092,0,0,0.035,16.165,0.6826,5.075,0.550333333333333,10.2972531229819,0
"7125",2004,297,20,129.489,0.322,0,0,0,15.28,0.69085,6.535,0.550333333333333,10.2973553525923,0
"7126",2004,297,21,139.619,0.023,0,0,0,14.075,0.72945,4.32,0.550333333333333,10.297486503171,0
"7127",2004,297,22,147.611,0,0,0,0,13.025,0.76625,3.665,0.550333333333333,10.2976384854255,0
"7128",2004,297,23,151.47,0.299,0,0,0,12.775,0.76795,3.6,0.550333333333333,10.2978149102561,0
"7129",2004,298,0,149.596,0.368,0,0,0,11.825,0.805,2.82,0,10.2980103267793,0
"7130",2004,298,1,142.837,0.276,0,0,0,10.445,0.8568,3.4,0,10.2981997399041,0
"7131",2004,298,2,133.3035,0.023,0,0,0,9.83,0.8712,3.3,0,10.2983611554001,0
"7132",2004,298,3,122.4735,0,0,0,0,9.215,0.8919,3.28,0,10.2984861122379,0
"7133",2004,298,4,111.1215,0.023,0,0,0,8.95,0.9015,3.22,0,10.2985740121769,0
"7134",2004,298,5,99.686,0.069,0.01,0,0,8.38,0.916,2.52,0,10.2986193232635,0
"7135",2004,298,6,88.3035,66.838,21.095,20.65,8.03,7.73,0.9288,1.99,0,10.3642746101301,0
"7136",2004,298,7,77.827,395.209,136.82,161.82,47.96,8.42,0.932,1.475,0,10.3645842638385,0
"7137",2004,298,8,68.277,727.904,273.7,345.455,88.275,11.875,0.83385,1.675,0,10.3644991060669,0
"7138",2004,298,9,60.309,1018.026,392.735,502.09,118.27,15.105,0.6407,0.95,0,10.3644974143876,0
"7139",2004,298,10,54.71,1207.132,464.905,606.89,139.05,15.77,0.5609,2.78,0,10.3644974047583,0
"7140",2004,298,11,52.287,1289.127,497.155,651.915,147.87,16.81,0.53035,3.54,0,10.364497386118,0
"7141",2004,298,12,53.479,1242.598,477.18,627.95,145.95,17.97,0.4694,4.46,0,10.3644974199192,0
"7142",2004,298,13,58.061,1081.437,412.45,541.46,132.115,18.975,0.39645,4.14,0,10.3644975244948,0
"7143",2004,298,14,65.307,819.789,307.67,399.67,106.99,19.57,0.35965,4.365,0,10.3644978795439,0
"7144",2004,298,15,74.3935,478.952,177.1,220.64,69.63,19.75,0.3569,3.595,0,10.3644974207975,0
"7145",2004,298,16,84.5595,134.757,49.18,54.29,22.735,19.35,0.37505,2.075,0,10.3644974641681,0
"7146",2004,298,17,95.7595,2.415,0.955,0.045,0.03,18.015,0.3966,2.44,0,10.3799930730178,0
"7147",2004,298,18,107.1905,0.023,0,0,0,16.245,0.453,3.06,0,10.4032863192777,0
"7148",2004,298,19,118.634,0.276,0,0,0,14.58,0.50655,2.845,0,10.4039561628103,0
"7149",2004,298,20,129.744,0.069,0,0,0,12.12,0.6272,1.47,0,10.4040589482465,0
"7150",2004,298,21,139.9055,0.023,0,0,0,11.545,0.64035,2.655,0,10.4041850803667,0
"7151",2004,298,22,147.934,0,0,0,0,11.26,0.64515,3.265,0,10.404337878074,0
"7152",2004,298,23,151.8135,0,0,0,0,11.355,0.64755,3.545,0,10.404507963015,0
"7153",2004,299,0,149.9115,0,0,0,0,10.86,0.6858,3.8,0,10.4046840810789,0
"7154",2004,299,1,143.1005,0,0,0,0,9.915,0.7398,3.575,0,10.4048542050265,0
"7155",2004,299,2,133.5275,0,0,0,0,9.425,0.77605,3.52,0,10.4050064071161,0
"7156",2004,299,3,122.6735,0.069,0,0,0,8.81,0.80235,3.715,0,10.4051322646301,0
"7157",2004,299,4,111.3135,0,0,0,0,9.115,0.803,3.755,0,10.4052207110048,0
"7158",2004,299,5,99.8825,0.138,0.025,0,0,8.83,0.8254,3.555,0,10.4052655518899,0
"7159",2004,299,6,88.499,61.387,20.09,18.395,7.42,8.37,0.848,3.51,0,10.4595639892034,0
"7160",2004,299,7,78.0525,359.145,130.96,154.475,46.455,9.84,0.8551,3.36,0,10.4593153136212,0
"7161",2004,299,8,68.5325,704.076,264.065,334.62,87.285,14.225,0.73925,4.43,0,10.4592059019585,0
"7162",2004,299,9,60.5965,996.912,376.02,486.865,118.285,17.765,0.60595,5.19,0,10.4592037979454,0
"7163",2004,299,10,55.0315,1187.789,451.64,589.39,136.39,20.25,0.5246,4.57,0,10.4592037409868,0
"7164",2004,299,11,52.627,1261.757,480.135,628.755,142.99,22.39,0.46075,4.68,0,10.4592037564961,0
"7165",2004,299,12,53.82,1214.262,459.74,601.875,139.095,23.57,0.39635,4.045,0,10.4592037858811,0
"7166",2004,299,13,58.385,1017.152,383.86,500.12,121.27,24.26,0.35865,3.665,0,10.459203872428,0
"7167",2004,299,14,65.605,741.175,276.295,353.525,93.07,24.51,0.34455,3.39,0,10.4592041608668,0
"7168",2004,299,15,74.667,447.028,166.04,204.04,61.4,24.35,0.3527,3.87,0,10.4592038020166,0
"7169",2004,299,16,84.7995,128.616,48.305,53.2,19.445,23.18,0.4195,3.235,0,10.4592038608908,0
"7170",2004,299,17,95.996,1.403,0.525,0,0,21.72,0.4494,3.925,0,10.4720318528698,0
"7171",2004,299,18,107.425,0.253,0,0,0.02,19.66,0.4972,4.385,0,10.4924225424746,0
"7172",2004,299,19,118.8725,0,0,0,0,17.36,0.5958,4.035,0,10.493037739634,0
"7173",2004,299,20,129.9945,0,0,0,0,16.1,0.62765,3.56,0,10.4931352580519,0
"7174",2004,299,21,140.1835,0.069,0,0,0,15.545,0.6329,4.235,0,10.4932611444007,0
"7175",2004,299,22,148.2505,0.092,0,0,0,14.425,0.6708,3.995,0,10.4934179015918,0
"7176",2004,299,23,152.153,0,0,0,0,14.33,0.66535,3.985,0,10.4935914924503,0
"7177",2004,300,0,150.2255,0.069,0,0,0.02,13.415,0.70615,3.775,0.687916666666667,10.4937697013164,0
"7178",2004,300,1,143.361,0.23,0,0,0,14.03,0.66375,3.655,0.687916666666667,10.4939481892999,0
"7179",2004,300,2,133.749,0.322,0,0,0,13.47,0.68985,4.055,0.687916666666667,10.4941150523758,0
"7180",2004,300,3,122.874,0.299,0,0,0,13.28,0.6882,3.795,0.687916666666667,10.4942523870921,0
"7181",2004,300,4,111.505,0.299,0,0,0.02,12.05,0.74245,3.3,0.687916666666667,10.4943483288269,0
"7182",2004,300,5,100.0785,0.391,0.01,0,0.01,10.77,0.80015,4.28,0.687916666666667,10.4943971537488,0
"7183",2004,300,6,88.733,29.969,12.145,11.85,3.43,11.045,0.79955,3.925,0.687916666666667,10.493268953321,0
"7184",2004,300,7,78.28,185.334,70.825,84.395,20.175,12.465,0.78005,3.81,0.687916666666667,10.4872662326856,0
"7185",2004,300,8,68.7865,191.153,70.2,82.54,18.485,14.35,0.72135,4.865,0.687916666666667,10.4863535346013,0
"7186",2004,300,9,60.886,191.751,67.71,78.675,16.905,15.465,0.7035,4.81,0.687916666666667,10.4863358071218,0
"7187",2004,300,10,55.3505,469.407,172.555,210.47,45.84,17.385,0.6419,5.58,0.687916666666667,10.48633556295,0
"7188",2004,300,11,52.966,387.849,139.44,168.115,36.655,18.335,0.59375,8.45,0.687916666666667,10.4863356455769,0
"7189",2004,300,12,54.1565,221.605,75.705,88,18.49,16.29,0.74805,6.32,0.687916666666667,10.4863359483686,0
"7190",2004,300,13,58.703,219.121,77.58,90.705,18.655,15.73,0.8144,6.225,0.687916666666667,10.4863356223421,0
"7191",2004,300,14,65.8975,155.296,55.395,63.72,13.37,14.65,0.87115,7.795,0.687916666666667,10.4863357739426,0
"7192",2004,300,15,74.9335,37.467,12.36,10.985,2.585,14.035,0.9311,6.065,0.687916666666667,10.4842666227081,0
"7193",2004,300,16,85.0345,8.349,2.525,0.795,0.575,13.815,0.96035,6.82,0.687916666666667,10.2853678408005,0
"7194",2004,300,17,96.2695,0.483,0.005,0,0.09,13.52,0.95385,8.115,0.687916666666667,10.2835485274994,0
"7195",2004,300,18,107.6545,0.437,0,0,0,13.535,0.95855,7.69,0.687916666666667,10.2835913172627,0
"7196",2004,300,19,119.1035,0.322,0,0,0,13.39,0.96735,6.92,0.687916666666667,10.2836474886646,0
"7197",2004,300,20,130.2425,0.368,0,0,0,13.235,0.97395,6.4,0.687916666666667,10.283748489051,0
"7198",2004,300,21,140.4575,0.437,0,0,0,13.37,0.974,5.75,0.687916666666667,10.2838930026271,0
"7199",2004,300,22,148.5645,0.414,0,0,0,13.58,0.97755,4.455,0.687916666666667,10.2840708258621,0
"7200",2004,300,23,152.4905,0.414,0,0,0,13.93,0.983,2.25,0.687916666666667,10.2842665526168,0
"7201",2004,301,0,150.5355,0.437,0,0,0,14.28,0.984,0.605,0.0211666666666667,10.2844694327215,0
"7202",2004,301,1,143.6225,0.46,0,0,0.07,13.965,0.9861,2.545,0.0211666666666667,10.2846659494762,0
"7203",2004,301,2,133.969,0.414,0,0,0,13.9,0.98895,2.02,0.0211666666666667,10.2848408647162,0
"7204",2004,301,3,123.0735,0.46,0,0,0,13.85,0.99035,1.945,0.0211666666666667,10.284981754696,0
"7205",2004,301,4,111.6985,0.46,0,0,0.065,13.615,0.9919,2.04,0.0211666666666667,10.2850797999796,0
"7206",2004,301,5,100.274,0.46,0.015,0,0,13.445,0.99365,3.315,0.0211666666666667,10.2851275514737,0
"7207",2004,301,6,88.929,15.801,5.925,3.845,1.41,13.4,0.99525,4.23,0.0211666666666667,10.2849769622702,0
"7208",2004,301,7,78.506,94.438,36.585,39.38,8.51,13.37,0.99475,5.33,0.0211666666666667,10.2631281865885,0
"7209",2004,301,8,69.0425,214.452,83.84,97.71,20.405,13.69,0.98495,5.195,0.0211666666666667,10.2607516061856,0
"7210",2004,301,9,61.171,298.218,116.83,138.1,28.905,14.165,0.9525,4.51,0.0211666666666667,10.260703733362,0
"7211",2004,301,10,55.6675,209.622,78.16,91.22,19.235,14.12,0.93455,4.775,0.0211666666666667,10.2607030158485,0
"7212",2004,301,11,53.2995,192.05,68.705,79.765,16.85,13.935,0.9389,5.395,0.0211666666666667,10.2607030716226,0
"7213",2004,301,12,54.4895,172.73,62.055,70.59,14.93,14.355,0.91575,4.465,0.0211666666666667,10.2607032656167,0
"7214",2004,301,13,59.018,153.111,54.9,62.49,13.49,14.485,0.89885,5.02,0.0211666666666667,10.2607031950118,0
"7215",2004,301,14,66.1855,104.512,37.615,42.615,9.165,14.565,0.89655,4.375,0.0211666666666667,10.2607030396194,0
"7216",2004,301,15,75.1955,74.221,27.24,30.055,6.635,14.72,0.8821,3.575,0.0211666666666667,10.2607029867481,0
"7217",2004,301,16,85.2645,19.872,7.015,5.495,1.735,14.885,0.87155,3.515,0.0211666666666667,10.1995212535197,0
"7218",2004,301,17,96.5005,0.437,0.11,0,0.005,14.725,0.8824,2.545,0.0211666666666667,10.1831279171296,0
"7219",2004,301,18,107.8795,0,0,0,0,14.185,0.91775,2.08,0.0211666666666667,10.1835410492297,0
"7220",2004,301,19,119.3315,0,0,0,0.005,13.34,0.94505,2.165,0.0211666666666667,10.1835994032006,0
"7221",2004,301,20,130.4825,0.253,0,0,0,12.235,0.9714,2.615,0.0211666666666667,10.183692828295,0
"7222",2004,301,21,140.7275,0.069,0,0,0.325,11.13,0.9792,2.775,0.0211666666666667,10.1838265474343,0
"7223",2004,301,22,148.874,0.184,0,0,0,9.915,0.9897,2.915,0.0211666666666667,10.1839859070435,0
"7224",2004,301,23,152.824,0.46,0,0,0.1,9.87,0.993,2.59,0.0211666666666667,10.1841736718896,0
"7225",2004,302,0,150.843,0.437,0,0,0.005,9.96,0.99515,2.045,0.0846666666666667,10.184377201774,0
"7226",2004,302,1,143.8795,0.322,0,0,0.005,10.1,0.9965,2.445,0.0846666666666667,10.1845690847001,0
"7227",2004,302,2,134.1875,0.46,0,0,0.08,9.815,0.99615,2.505,0.0846666666666667,10.1847391961052,0
"7228",2004,302,3,123.2715,0.391,0,0,0.025,9.93,0.997,2.54,0.0846666666666667,10.1848787336192,0
"7229",2004,302,4,111.8915,0.391,0,0,0.005,10.49,0.99755,2.555,0.0846666666666667,10.1849739001164,0
"7230",2004,302,5,100.4705,0.414,0,0,0.04,10.91,0.9964,2.965,0.0846666666666667,10.1850200676886,0
"7231",2004,302,6,89.125,19.734,7.875,7.33,2.085,10.57,0.994,3.72,0.0846666666666667,10.1846822652796,0
"7232",2004,302,7,78.7325,135.194,51.685,59.745,12.685,11.135,0.9766,4.98,0.0846666666666667,10.1789194280736,0
"7233",2004,302,8,69.2965,260.176,97.465,116.44,24.38,12.195,0.94745,5.42,0.0846666666666667,10.1774456734529,0
"7234",2004,302,9,61.456,286.143,103.09,122.625,25.025,13.27,0.94755,4.83,0.0846666666666667,10.1774155622899,0
"7235",2004,302,10,55.981,345.023,124.65,149.15,30.315,14.36,0.94685,4.92,0.0846666666666667,10.1774151198146,0
"7236",2004,302,11,53.6315,186.231,63.225,72.27,13.59,15.24,0.9413,4.275,0.0846666666666667,10.1774151815885,0
"7237",2004,302,12,54.8185,210.381,73.8,85.535,16.16,15.52,0.9523,5.21,0.0846666666666667,10.1774154025046,0
"7238",2004,302,13,59.3285,187.45,67.64,78.67,15.545,15.255,0.9712,5.105,0.0846666666666667,10.1774152475466,0
"7239",2004,302,14,66.4715,137.517,51.13,58.39,11.755,15.255,0.9732,5.005,0.0846666666666667,10.1774151921928,0
"7240",2004,302,15,75.4575,95.013,36.125,40.165,8.48,15.4,0.98275,5.665,0.0846666666666667,10.1774151434241,0
"7241",2004,302,16,85.527,22.678,8.43,6.48,1.895,15.66,0.99155,5.36,0.0846666666666667,10.1442567427475,0
"7242",2004,302,17,96.7265,0.713,0.1,0,0.005,15.855,0.9951,5,0.0846666666666667,10.122637114108,0
"7243",2004,302,18,108.099,0.46,0,0,0,16.03,0.9967,5.26,0.0846666666666667,10.1232778305156,0
"7244",2004,302,19,119.5535,0.46,0,0,0,16.23,0.99805,5.08,0.0846666666666667,10.1233493242423,0
"7245",2004,302,20,130.7175,0.46,0,0,0,16.65,0.99915,5.075,0.0846666666666667,10.1234549609644,0
"7246",2004,302,21,140.99,0.46,0,0,0,17.275,1,4.77,0.0846666666666667,10.1236017945829,0
"7247",2004,302,22,149.176,0.46,0,0,0,17.98,0.99925,5.905,0.0846666666666667,10.1237801452311,0
"7248",2004,302,23,153.1545,0.414,0,0,0.185,18.48,0.99505,6.54,0.0846666666666667,10.1239765465518,0
"7249",2004,303,0,151.1475,0.414,0,0,0.315,18.4,0.98475,6.055,0.179916666666667,10.1241779923898,0
"7250",2004,303,1,144.134,0.368,0,0,0.265,18.45,0.97335,5.375,0.179916666666667,10.1243697242204,0
"7251",2004,303,2,134.4075,0.437,0,0,0.15,18.685,0.96365,5.14,0.179916666666667,10.1245401004571,0
"7252",2004,303,3,123.4715,0.46,0,0,0.015,19.185,0.9583,6.22,0.179916666666667,10.1246798185077,0
"7253",2004,303,4,112.083,0.414,0,0,0.07,19.455,0.94995,6.525,0.179916666666667,10.1247755656539,0
"7254",2004,303,5,100.665,0.46,0,0,0.01,19.35,0.95515,6.435,0.179916666666667,10.1248215116336,0
"7255",2004,303,6,89.358,11.408,3.83,1.595,0.585,19.45,0.95225,5.76,0.179916666666667,10.1247672085081,0
"7256",2004,303,7,78.9575,173.098,67.235,76.66,16.825,19.65,0.9444,5.725,0.179916666666667,10.1204462987691,0
"7257",2004,303,8,69.551,292.031,112.74,133.225,26.415,20.505,0.92085,6.485,0.179916666666667,10.1188268801016,0
"7258",2004,303,9,61.741,828.184,311.115,389.085,88.495,22.065,0.8708,8.06,0.179916666666667,10.1187934181201,0
"7259",2004,303,10,56.294,1083.507,402.09,514.34,115.81,23.595,0.81175,9.305,0.179916666666667,10.1187929162401,0
"7260",2004,303,11,53.96,1182.591,438.05,567.135,127.69,24.735,0.7652,10.035,0.179916666666667,10.1187929745308,0
"7261",2004,303,12,55.1435,1013.495,374.265,481.26,110.29,24.925,0.7534,9.565,0.179916666666667,10.1187931823382,0
"7262",2004,303,13,59.6355,942.448,346.48,445.985,107.835,25.305,0.7348,9.325,0.179916666666667,10.1187930647168,0
"7263",2004,303,14,66.7515,672.336,245.97,311.395,80.79,25.875,0.70975,8.845,0.179916666666667,10.1187929540229,0
"7264",2004,303,15,75.7105,352.636,132.625,161.5,45.45,25.485,0.72335,8.66,0.179916666666667,10.1187930199343,0
"7265",2004,303,16,85.749,74.911,27.405,28.17,9.115,24.355,0.7524,7.645,0.179916666666667,10.1187931583288,0
"7266",2004,303,17,96.948,0.575,0.08,0,0.26,22.93,0.7817,8.585,0.179916666666667,10.139768248283,0
"7267",2004,303,18,108.314,0,0,0,0.045,22.04,0.80425,7.515,0.179916666666667,10.1531199961309,0
"7268",2004,303,19,119.769,0,0,0,0.01,22.07,0.78575,9.225,0.179916666666667,10.1534716822614,0
"7269",2004,303,20,130.947,0,0,0,0.085,21.865,0.7852,9.625,0.179916666666667,10.1535653925953,0
"7270",2004,303,21,141.2465,0,0,0,0,21.73,0.7956,10.71,0.179916666666667,10.1536903847706,0
"7271",2004,303,22,149.476,0,0,0,0.115,21.44,0.8116,11.08,0.179916666666667,10.1538426811272,0
"7272",2004,303,23,153.4805,0,0,0,0.02,20.99,0.82665,10.275,0.179916666666667,10.1540120184022,0
"7273",2004,304,0,151.45,0,0,0,0.035,21.045,0.8254,9.595,0.370416666666667,10.1541866936127,0
"7274",2004,304,1,144.3875,0.092,0,0,0.995,18.13,0.8722,9.43,0.370416666666667,10.1543572007688,0
"7275",2004,304,2,134.623,0.368,0,0,0.14,18.5,0.8756,7.145,0.370416666666667,10.1545177886242,0
"7276",2004,304,3,123.6685,0.023,0,0,0.245,17.755,0.8939,5.91,0.370416666666667,10.1546482417169,0
"7277",2004,304,4,112.2745,0,0,0,0.145,16.845,0.8551,6.125,0.370416666666667,10.1547327534147,0
"7278",2004,304,5,100.8625,0.023,0,0,0.025,15.94,0.8623,6.635,0.370416666666667,10.15477385172,0
"7279",2004,304,6,89.5565,38.548,14.185,11.68,4.77,16.21,0.8248,9.275,0.370416666666667,10.1726333885239,0
"7280",2004,304,7,79.1845,318.021,116.7,135.045,41.62,16.745,0.7273,11.205,0.370416666666667,10.1749056913599,0
"7281",2004,304,8,69.804,667.989,245.975,310.76,82.155,17.125,0.57065,13.625,0.370416666666667,10.1744977347882,0
"7282",2004,304,9,62.0245,960.572,354.645,461.825,112.41,16.635,0.49995,14.615,0.370416666666667,10.1744894422221,0
"7283",2004,304,10,56.603,1150.414,426.92,562.08,130.125,15.765,0.49415,14.98,0.370416666666667,10.1744895165481,0
"7284",2004,304,11,54.2845,1222.197,454.225,602.315,138.95,15.635,0.5047,14.525,0.370416666666667,10.1744893253244,0
"7285",2004,304,12,55.466,1179.394,436.42,581.015,137.55,16.095,0.49995,13.63,0.370416666666667,10.1744893492319,0
"7286",2004,304,13,59.9375,1020.533,373.44,497.27,124.55,16.64,0.4922,13.87,0.370416666666667,10.1744894100564,0
"7287",2004,304,14,67.028,762.68,276.14,363.12,100.46,16.805,0.49695,12.815,0.370416666666667,10.1744896042731,0
"7288",2004,304,15,75.961,418.83,147.72,185.395,61.79,16.665,0.51145,12.075,0.370416666666667,10.1744894266204,0
"7289",2004,304,16,86.004,95.749,31.88,35.155,15.83,15.805,0.55395,9.17,0.370416666666667,10.1744894203489,0
"7290",2004,304,17,97.1645,0.736,0.14,0,0.245,14.155,0.63265,6.15,0.370416666666667,10.1994774944712,0
"7291",2004,304,18,108.5245,0.023,0,0,0.03,13.615,0.657,6.54,0.370416666666667,10.2184317777248,0
"7292",2004,304,19,119.981,0,0,0,0.075,12.555,0.70815,6.09,0.370416666666667,10.2189186237829,0
"7293",2004,304,20,131.1715,0,0,0,0.02,11.415,0.75945,4.695,0.370416666666667,10.2190147798496,0
"7294",2004,304,21,141.499,0.23,0,0,0,10.31,0.8062,4.005,0.370416666666667,10.2191442344319,0
"7295",2004,304,22,149.7685,0.207,0,0,0.035,9.75,0.8207,4.145,0.370416666666667,10.2193083197486,0
"7296",2004,304,23,153.8,0.046,0,0,0.095,8.735,0.8606,4.59,0.370416666666667,10.2194862817249,0
"7297",2004,305,0,151.75,0.092,0,0,0.025,8.495,0.86025,3.955,0,10.2196653377312,0
"7298",2004,305,1,144.641,0.046,0,0,0.035,7.835,0.8684,3.755,0,10.2198380136182,0
"7299",2004,305,2,134.839,0.023,0,0,0,7.785,0.8514,3.65,0,10.2199899934296,0
"7300",2004,305,3,123.8645,0,0,0,0.01,7.09,0.8853,3.505,0,10.220111890811,0
"7301",2004,305,4,112.466,0,0,0,0,6.885,0.897,3.145,0,10.2201959474528,0
"7302",2004,305,5,101.058,0,0,0,0.03,6.435,0.89425,3.045,0,10.2202369125957,0
"7303",2004,305,6,89.751,25.898,9.57,8.315,2.215,6.455,0.8877,2.49,0,10.2193806958029,0
"7304",2004,305,7,79.409,285.177,100.16,114.12,32.805,7.375,0.88465,2.37,0,10.221707535016,0
"7305",2004,305,8,70.0565,617.78,234.235,291.67,73.965,10,0.80835,2.51,0,10.2207163068797,0
"7306",2004,305,9,62.306,759.529,290.7,372.6,88.895,12.175,0.71515,3.02,0,10.2206962122123,0
"7307",2004,305,10,56.91,938.906,361.035,468.395,108.95,14,0.58815,3.545,0,10.22069593685,0
"7308",2004,305,11,54.6055,863.19,332.495,429.935,98.955,15.25,0.48465,3.76,0,10.2206960398149,0
"7309",2004,305,12,55.7815,1121.94,432.77,564.68,132.725,16.785,0.35,4.29,0,10.2206964324788,0
"7310",2004,305,13,60.2345,951.924,364.445,477.235,118.73,17.78,0.35315,4.105,0,10.2206959657534,0
"7311",2004,305,14,67.3,685.883,264.62,341.365,92.455,18.375,0.34265,4.455,0,10.2206960580722,0
"7312",2004,305,15,76.206,289.11,108.915,133.165,37.545,18.185,0.3761,3.045,0,10.2206963407494,0
"7313",2004,305,16,86.2165,42.987,16.975,16.66,3.615,17.545,0.41395,2.65,0,10.2206445715185,0
"7314",2004,305,17,97.3765,0.299,0.1,0,0,16.495,0.4834,2.195,0,10.1958160469912,0
"7315",2004,305,18,108.727,0,0,0,0,15.88,0.4987,1.82,0,10.1994223220323,0
"7316",2004,305,19,120.186,0.023,0,0,0,15.61,0.5157,2.695,0,10.1995550717759,0
"7317",2004,305,20,131.3895,0.023,0,0,0,13.91,0.6511,3.095,0,10.1996462109126,0
"7318",2004,305,21,141.746,0.046,0,0,0,13.735,0.6453,3.295,0,10.1997725909451,0
"7319",2004,305,22,150.057,0.184,0,0,0,12.82,0.70225,3.575,0,10.1999306630642,0
"7320",2004,305,23,154.118,0.184,0,0,0,12.735,0.71285,2.925,0,10.2001117316976,0
"7321",2004,306,0,152.0445,0.207,0,0,0,12.305,0.7612,2.855,0.687916666666667,10.2002978801473,0
"7322",2004,306,1,144.89,0.138,0,0,0,12.77,0.724,2.75,0.687916666666667,10.2004772549605,0
"7323",2004,306,2,135.054,0.046,0,0,0,12.905,0.7142,3.18,0.687916666666667,10.200632254269,0
"7324",2004,306,3,124.063,0.023,0,0,0.01,12.9,0.6894,5.125,0.687916666666667,10.2007552503192,0
"7325",2004,306,4,112.657,0.046,0,0,0.2,12.63,0.70795,5.84,0.687916666666667,10.20084059401,0
"7326",2004,306,5,101.2525,0.299,0,0,0.2,11.165,0.8316,4.47,0.687916666666667,10.2008838867041,0
"7327",2004,306,6,89.9865,2.369,0.645,0,0.125,11.035,0.8362,7.68,0.687916666666667,10.2008765050184,0
"7328",2004,306,7,79.6355,26.795,9.4,7.18,1.93,10.965,0.8625,8.065,0.687916666666667,10.1764255002201,0
"7329",2004,306,8,70.3075,73.83,26.03,27.19,5.22,11.07,0.8949,8.71,0.687916666666667,10.0530146358652,0
"7330",2004,306,9,62.5855,88.619,29.92,31.775,5.59,11.3,0.92255,7.79,0.687916666666667,10.0502146068654,0
"7331",2004,306,10,57.2145,176.617,62.485,70.905,12.645,12.09,0.94555,7.8,0.687916666666667,10.0501726631692,0
"7332",2004,306,11,54.923,154.422,54.32,60.485,10.455,13.235,0.96705,7.97,0.687916666666667,10.0501721233232,0
"7333",2004,306,12,56.0945,143.658,51.145,55.975,9.395,14.58,0.98355,6.6,0.687916666666667,10.0501721873893,0
"7334",2004,306,13,60.528,122.337,44.305,47.03,8.245,16.93,0.98305,6.03,0.687916666666667,10.0501723993433,0
"7335",2004,306,14,67.566,106.122,37.46,40.25,7.725,18.25,0.9664,5.71,0.687916666666667,10.0501722440593,0
"7336",2004,306,15,76.4465,41.538,12.875,13.72,3.935,17.16,0.964,6.855,0.687916666666667,10.0491470727115,0
"7337",2004,306,16,86.4245,11.178,3.61,2.085,0.965,14.05,0.97185,3.285,0.687916666666667,9.88567209209163,0
"7338",2004,306,17,97.583,0.092,0.02,0,0.035,14.035,0.97685,3.025,0.687916666666667,9.88405033142601,0
"7339",2004,306,18,108.9265,0,0,0,0.085,14.34,0.9782,3.65,0.687916666666667,9.8841348450403,0
"7340",2004,306,19,120.387,0,0,0,0.025,14.605,0.97805,1.16,0.687916666666667,9.88418327048344,0
"7341",2004,306,20,131.602,0,0,0,0.11,14.445,0.98365,2.055,0.687916666666667,9.88427129121242,0
"7342",2004,306,21,141.985,0.046,0,0,0.125,13.73,0.9891,1.885,0.687916666666667,9.88439571171343,0
"7343",2004,306,22,150.337,0.184,0,0,0.195,13.345,0.99185,2.635,0.687916666666667,9.88455199255586,0
"7344",2004,306,23,154.433,0.253,0,0,0.195,12.39,0.9935,2.51,0.687916666666667,9.8847325365402,0
"7345",2004,307,0,152.339,0.207,0,0,0,12.635,0.9955,2.25,0.0740833333333333,9.88491993539271,0
"7346",2004,307,1,145.136,0,0,0,0.46,12.575,0.99445,2.445,0.0740833333333333,9.88509413254608,0
"7347",2004,307,2,135.267,0,0,0,0.145,11.745,0.9941,2.79,0.0740833333333333,9.88524337544502,0
"7348",2004,307,3,124.259,0,0,0,0,11.755,0.9947,2.79,0.0740833333333333,9.88536424018929,0
"7349",2004,307,4,112.8485,0,0,0,0.43,11.33,0.99535,4.445,0.0740833333333333,9.88544822980242,0
"7350",2004,307,5,101.448,0.184,0,0,0.22,10.41,0.9956,7.14,0.0740833333333333,9.8854906664604,0
"7351",2004,307,6,90.1825,3.174,0.985,0.015,0.39,9.855,0.98985,7.28,0.0740833333333333,9.88548450888614,0
"7352",2004,307,7,79.8595,33.626,12.045,10.335,2.69,9.745,0.96385,6.83,0.0740833333333333,9.8269767279756,0
"7353",2004,307,8,70.5585,147.361,54.53,61.29,12.31,9.81,0.9449,6.765,0.0740833333333333,9.77667315122718,0
"7354",2004,307,9,62.863,121.854,43.815,48.155,9.665,9.635,0.93725,8.11,0.0740833333333333,9.7755849133878,0
"7355",2004,307,10,57.517,126.431,44.55,48.52,9.395,9.27,0.9299,8.155,0.0740833333333333,9.77556810501168,0
"7356",2004,307,11,55.235,179.814,63.515,72.89,14.485,8.96,0.9281,8.835,0.0740833333333333,9.77556787195006,0
"7357",2004,307,12,56.4025,190.21,66.305,76.5,15.255,9.3,0.8903,8.895,0.0740833333333333,9.77556790293642,0
"7358",2004,307,13,60.814,181.24,63.965,74.72,15.71,8.74,0.90035,8.7,0.0740833333333333,9.77556798511431,0
"7359",2004,307,14,67.8245,136.39,48.715,56.025,11.955,8.545,0.8827,8.575,0.0740833333333333,9.77556825634161,0
"7360",2004,307,15,76.6835,76.245,27.855,30.275,6.96,8.75,0.8474,7.945,0.0740833333333333,9.7755679327055,0
"7361",2004,307,16,86.6635,12.696,4.38,3.2,1.44,8.345,0.84445,7.725,0.0740833333333333,9.720397525923,0
"7362",2004,307,17,97.7835,0.161,0.04,0,0.155,7.865,0.83845,7.72,0.0740833333333333,9.71801853860207,0
"7363",2004,307,18,109.121,0,0,0,0.1,7.675,0.8166,6.945,0.0740833333333333,9.71833713329132,0
"7364",2004,307,19,120.5815,0,0,0,0.035,7.675,0.80295,6.195,0.0740833333333333,9.71838986375923,0
"7365",2004,307,20,131.8095,0,0,0,0.145,7.46,0.8222,5.575,0.0740833333333333,9.7184772236599,0
"7366",2004,307,21,142.218,0,0,0,0.195,6.67,0.84105,4.625,0.0740833333333333,9.71859982045895,0
"7367",2004,307,22,150.615,0,0,0,0.22,6.06,0.8757,4.105,0.0740833333333333,9.7187494020313,0
"7368",2004,307,23,154.742,0,0,0,0.17,5.505,0.8804,4.335,0.0740833333333333,9.71891654108427,0
"7369",2004,308,0,152.63,0,0,0,0.17,4.615,0.8915,2.7,0.243416666666667,9.71908875739267,0
"7370",2004,308,1,145.3815,0,0,0,0.13,4.565,0.8911,3.055,0.243416666666667,9.71925496207623,0
"7371",2004,308,2,135.478,0,0,0,0.165,4.355,0.8924,2.915,0.243416666666667,9.71940321043686,0
"7372",2004,308,3,124.4535,0,0,0,0.295,3.685,0.9052,3.81,0.243416666666667,9.71952329063144,0
"7373",2004,308,4,113.0385,0,0,0,0.13,3,0.92005,3.315,0.243416666666667,9.71960681449313,0
"7374",2004,308,5,101.645,0,0,0,0.055,3.24,0.92585,4,0.243416666666667,9.71964799496929,0
"7375",2004,308,6,90.4175,16.376,5.295,3.915,1.235,4.235,0.9168,3.05,0.243416666666667,9.71967576995656,0
"7376",2004,308,7,80.083,272.297,96.665,110.09,33.43,5.535,0.88145,4.82,0.243416666666667,9.74762432962623,0
"7377",2004,308,8,70.8075,579.048,223.415,281.03,73.645,6.865,0.83195,6.165,0.243416666666667,9.74669966986894,0
"7378",2004,308,9,63.139,618.47,238.335,304.865,73.375,6.87,0.8016,7.85,0.243416666666667,9.74667732896519,0
"7379",2004,308,10,57.816,938.538,360.07,465.66,107.5,7.04,0.76955,7.975,0.243416666666667,9.74667699262853,0
"7380",2004,308,11,55.5455,661.411,249.985,318.72,71.75,7.51,0.7691,7.465,0.243416666666667,9.74667706771226,0
"7381",2004,308,12,56.7065,1048.823,397.75,517.72,121.5,8.33,0.736,8.22,0.243416666666667,9.74667735017942,0
"7382",2004,308,13,61.098,1000.27,377.635,493.155,121.04,9.27,0.71995,7.925,0.243416666666667,9.74667706297178,0
"7383",2004,308,14,68.083,351.256,131.355,162.65,37.915,9.045,0.7357,7.785,0.243416666666667,9.74667725000795,0
"7384",2004,308,15,76.9125,152.421,56.385,66.66,15.26,8.985,0.7446,7.665,0.243416666666667,9.74667710427418,0
"7385",2004,308,16,86.862,31.418,11.65,10.72,3.13,8.67,0.7724,7.235,0.243416666666667,9.74356639982478,0
"7386",2004,308,17,97.979,0.23,0.045,0,0.26,8.215,0.8218,6.59,0.243416666666667,9.7189716893565,0
"7387",2004,308,18,109.309,0.207,0,0,0.07,7.515,0.899,6.05,0.243416666666667,9.72074491289083,0
"7388",2004,308,19,120.77,0.023,0,0,0.05,6.995,0.94385,6.675,0.243416666666667,9.72082865390436,0
"7389",2004,308,20,132.009,0.184,0,0,0.02,7.2,0.94235,8.315,0.243416666666667,9.72091881058314,0
"7390",2004,308,21,142.4465,0.023,0,0,0.03,7.545,0.91865,7.065,0.243416666666667,9.72104593555588,0
"7391",2004,308,22,150.886,0.092,0,0,0.075,7.62,0.9371,3.545,0.243416666666667,9.72119824213803,0
"7392",2004,308,23,155.0465,0.092,0,0,0.015,7.49,0.96275,1.435,0.243416666666667,9.72137017055039,0
"7393",2004,309,0,152.917,0.414,0,0,0.045,7.535,0.9771,2.56,0.116416666666667,9.72155614447073,0
"7394",2004,309,1,145.625,0.46,0,0,0.11,7.665,0.9769,2.34,0.116416666666667,9.72174763691485,0
"7395",2004,309,2,135.6895,0.414,0,0,0.07,7.6,0.98225,2.23,0.116416666666667,9.72191970109388,0
"7396",2004,309,3,124.646,0.437,0,0,0.1,7.6,0.9843,1.27,0.116416666666667,9.72205772086197,0
"7397",2004,309,4,113.2285,0.46,0,0,0.1,7.59,0.9851,1.67,0.116416666666667,9.72215479299076,0
"7398",2004,309,5,101.84,0.322,0,0,0.095,7.64,0.9863,3.925,0.116416666666667,9.72220191548872,0
"7399",2004,309,6,90.6115,2.277,0.555,0,0.31,7.83,0.9627,7.8,0.116416666666667,9.72219684557364,0
"7400",2004,309,7,80.306,31.303,11.13,9.66,2.555,7.34,0.93785,9.05,0.116416666666667,9.67876185749708,0
"7401",2004,309,8,71.055,77.809,28.485,30.035,6.12,7.14,0.92125,8.455,0.116416666666667,9.60671172879595,0
"7402",2004,309,9,63.4115,143.175,52.99,60.085,11.69,7.09,0.92395,8.62,0.116416666666667,9.60518845900768,0
"7403",2004,309,10,58.1115,162.771,59.835,68.6,13.495,7.59,0.9029,8.55,0.116416666666667,9.60516440538201,0
"7404",2004,309,11,55.852,531.346,202.345,248.475,51.87,8.64,0.8496,9.16,0.116416666666667,9.60516410795672,0
"7405",2004,309,12,57.0045,223.79,80.85,96.465,20.66,8.555,0.832,10.405,0.116416666666667,9.60516421202506,0
"7406",2004,309,13,61.376,431.572,164.005,204.375,45.615,9.395,0.78705,9.51,0.116416666666667,9.6051645858492,0
"7407",2004,309,14,68.3345,386.561,146.915,183.965,46.31,9.835,0.74125,10.36,0.116416666666667,9.60516413852262,0
"7408",2004,309,15,77.138,306.291,117.25,145.72,46.165,9.99,0.69985,10.345,0.116416666666667,9.60516422422567,0
"7409",2004,309,16,87.0545,62.951,23.865,25.44,10.455,9.545,0.74055,7.885,0.116416666666667,9.60516400748572,0
"7410",2004,309,17,98.1695,0.598,0.08,0,0.065,8.645,0.79405,6.655,0.116416666666667,9.63634232310389,0
"7411",2004,309,18,109.4905,0.23,0,0,0.07,7.87,0.7925,5.955,0.116416666666667,9.64832679728363,0
"7412",2004,309,19,120.953,0,0,0,0.065,6.785,0.81505,4.86,0.116416666666667,9.64861449316,0
"7413",2004,309,20,132.204,0,0,0,0.035,6.43,0.7589,5.62,0.116416666666667,9.64870290523883,0
"7414",2004,309,21,142.667,0,0,0,0.025,5.67,0.74615,5.6,0.116416666666667,9.64882328122738,0
"7415",2004,309,22,151.151,0,0,0,0.06,4.365,0.7913,4.745,0.116416666666667,9.64897109791718,0
"7416",2004,309,23,155.347,0,0,0,0,4.06,0.78755,5.24,0.116416666666667,9.64913621775191,0
"7417",2004,310,0,153.2015,0,0,0,0,3.64,0.7614,4.6,0,9.64930815450242,0
"7418",2004,310,1,145.8655,0,0,0,0,2.885,0.7776,3.985,0,9.64947393571684,0
"7419",2004,310,2,135.899,0.023,0,0,0.01,2.44,0.7915,4.845,0,9.64962314540214,0
"7420",2004,310,3,124.84,0,0,0,0.015,1.765,0.80635,4.715,0,9.64974489019627,0
"7421",2004,310,4,113.418,0,0,0,0,1.105,0.82625,3.985,0,9.6498300006052,0
"7422",2004,310,5,102.034,0,0,0,0.03,0.655,0.8434,3.39,0,9.64987324724839,0
"7423",2004,310,6,90.806,26.588,9.175,7.035,3.555,0.165,0.87755,4.17,0,9.65340255502976,0
"7424",2004,310,7,80.53,267.904,100.805,115.61,36.29,1,0.8588,4.285,0,9.68775036287958,0
"7425",2004,310,8,71.3015,606.326,233.275,291.445,76.485,3.205,0.7707,5.655,0,9.68709700066117,0
"7426",2004,310,9,63.6845,903.44,349.1,451.49,109.505,5.41,0.6693,4.655,0,9.687080253056,0
"7427",2004,310,10,58.403,1089.188,421.735,553.655,130.445,7.52,0.5885,4.475,0,9.68708000959948,0
"7428",2004,310,11,56.1535,1166.652,451.655,598.835,141.185,9.24,0.5011,5.76,0,9.68708011620955,0
"7429",2004,310,12,57.2995,1123.573,432.685,577.05,140,10.49,0.46215,6.595,0,9.68708053257719,0
"7430",2004,310,13,61.649,960.733,363.88,486.225,124.905,10.97,0.4454,7.625,0,9.6870800362878,0
"7431",2004,310,14,68.5795,681.122,254.185,335.305,95.57,11.195,0.4187,7.34,0,9.68708012463209,0
"7432",2004,310,15,77.3565,360.18,131.255,164.205,55.26,11.035,0.43075,7.18,0,9.6870804041487,0
"7433",2004,310,16,87.281,54.234,18.925,18.915,9.265,9.555,0.52775,5.54,0,9.68707941217558,0
"7434",2004,310,17,98.3555,0.391,0.1,0,0.145,7.705,0.6375,4.995,0,9.70431400634912,0
"7435",2004,310,18,109.668,0.069,0,0,0.015,6.95,0.63655,5.17,0,9.71255367042856,0
"7436",2004,310,19,121.131,0,0,0,0.045,6.07,0.6664,4.705,0,9.71276835769892,0
"7437",2004,310,20,132.3925,0.023,0,0,0,5.4,0.6973,4.395,0,9.71285604801085,0
"7438",2004,310,21,142.8825,0,0,0,0.01,4.38,0.74945,3.93,0,9.71297728312041,0
"7439",2004,310,22,151.41,0,0,0,0.01,3.935,0.7808,3.99,0,9.71312567376051,0
"7440",2004,310,23,155.644,0,0,0,0,4.195,0.7737,4.985,0,9.71329166336855,0
"7441",2004,311,0,153.483,0,0,0,0,5.23,0.73565,6.375,0,9.71346384992056,0
"7442",2004,311,1,146.1055,0,0,0,0,5.48,0.74195,6.235,0,9.71363033324571,0
"7443",2004,311,2,136.1065,0,0,0,0.005,5.295,0.7641,5.875,0,9.71377957342615,0
"7444",2004,311,3,125.034,0.023,0,0,0,5.015,0.7849,4.8,0,9.71390153250351,0
"7445",2004,311,4,113.6075,0,0,0,0.025,4.38,0.82155,4.135,0,9.71398740568664,0
"7446",2004,311,5,102.2285,0,0,0,0,4.235,0.8375,5.38,0,9.71403077485162,0
"7447",2004,311,6,91.04,23.138,8.245,6.115,3.2,4.365,0.83945,5.805,0,9.71510190395667,0
"7448",2004,311,7,80.7495,260.843,93.875,108.41,35.785,5.425,0.82695,5.855,0,9.74855169839258,0
"7449",2004,311,8,71.547,597.977,219.58,277.475,76.08,8.115,0.7751,7.26,0,9.74779108880949,0
"7450",2004,311,9,63.9535,872.39,324.125,421.795,104.93,10.97,0.72215,6.905,0,9.74777201149552,0
"7451",2004,311,10,58.692,1066.441,399.81,525.3,124.675,13.625,0.6488,6.13,0,9.74777172290488,0
"7452",2004,311,11,56.45,1142.088,428.78,567.38,133.48,14.93,0.6063,6.195,0,9.74777179791352,0
"7453",2004,311,12,57.5865,1092.822,409.06,543.325,131.345,16.165,0.57875,5.74,0,9.74777208070106,0
"7454",2004,311,13,61.9165,941.39,348.905,463.16,118.06,17.085,0.54455,6.145,0,9.74777179343197,0
"7455",2004,311,14,68.821,683.307,249.31,326.51,92.265,17.675,0.55035,6.195,0,9.74777198115891,0
"7456",2004,311,15,77.572,357.742,127.345,157.575,54.54,17.615,0.5541,6.355,0,9.74777183635283,0
"7457",2004,311,16,87.4635,66.286,22.89,23.335,11.945,16.06,0.63235,4.3,0,9.74777173671742,0
"7458",2004,311,17,98.534,0.23,0.015,0,0.005,13.59,0.72845,4.155,0,9.77318676896491,0
"7459",2004,311,18,109.8385,0,0,0,0,11.75,0.78745,3.885,0,9.78516480232514,0
"7460",2004,311,19,121.3015,0.437,0,0,0.03,11.19,0.7997,4.665,0,9.78546438037031,0
"7461",2004,311,20,132.5745,0.345,0,0,0.015,9.525,0.84065,4.385,0,9.78556459411615,0
"7462",2004,311,21,143.0905,0.207,0,0,0,9.76,0.81275,3.885,0,9.78569770645189,0
"7463",2004,311,22,151.661,0.023,0,0,0,9.51,0.8182,3.37,0,9.78585338299847,0
"7464",2004,311,23,155.9335,0.023,0,0,0,9.325,0.8232,3.805,0,9.78602095081828,0
"7465",2004,312,0,153.7605,0.092,0,0,0,8.245,0.87675,3.385,0,9.78619610856776,0
"7466",2004,312,1,146.341,0,0,0,0.005,8.06,0.89545,3.94,0,9.78636655057225,0
"7467",2004,312,2,136.3125,0,0,0,0.05,8,0.89865,4.06,0,9.78651609399757,0
"7468",2004,312,3,125.2255,0,0,0,0.045,7.265,0.91405,3.665,0,9.78663869458942,0
"7469",2004,312,4,113.7965,0,0,0,0.025,6.615,0.92105,3.075,0,9.78672472213291,0
"7470",2004,312,5,102.4225,0,0,0,0.005,6.31,0.91035,2.65,0,9.78676861009243,0
"7471",2004,312,6,91.234,25.461,9.43,8.145,3.27,6.44,0.9006,2.58,0,9.78888947741595,0
"7472",2004,312,7,80.9695,206.08,71.365,79.27,22.3,7.245,0.89235,3.375,0,9.81746864347136,0
"7473",2004,312,8,71.791,589.352,219.065,267.49,70.925,10.38,0.77735,5.35,0,9.81670529629539,0
"7474",2004,312,9,64.22,864.915,327.355,415.325,101.47,13.15,0.6283,7.46,0,9.8166866231665,0
"7475",2004,312,10,58.978,1056.919,400.635,515.88,120.265,14.59,0.5243,8.765,0,9.81668635303743,0
"7476",2004,312,11,56.7445,1123.435,427.145,552.86,126.505,15.685,0.4688,9.275,0,9.81668646213339,0
"7477",2004,312,12,57.8725,1076.17,407.09,528.785,124.465,16.495,0.32185,9.79,0,9.81668688820181,0
"7478",2004,312,13,62.1805,873.195,329.46,426.86,105.31,16.03,0.33145,10.495,0,9.81668637731182,0
"7479",2004,312,14,69.056,500.066,185.63,234.415,63.78,14.775,0.36015,9.915,0,9.81668646186034,0
"7480",2004,312,15,77.78,357.351,130.97,158.485,53.83,14.545,0.33345,8.035,0,9.81668672741496,0
"7481",2004,312,16,87.6415,67.781,24.255,25.745,12.82,12.915,0.3734,5.245,0,9.81668637528068,0
"7482",2004,312,17,98.709,0.253,0.025,0,0.165,10.335,0.4407,4.435,0,9.83933005657934,0
"7483",2004,312,18,110.005,0.046,0,0,0.15,9.665,0.4653,5.015,0,9.8513062370546,0
"7484",2004,312,19,121.4665,0,0,0,0.12,7.68,0.5559,4.415,0,9.85160986624614,0
"7485",2004,312,20,132.7495,0,0,0,0,6.645,0.5941,4.225,0,9.85169867958985,0
"7486",2004,312,21,143.2915,0,0,0,0,5.16,0.65435,3.165,0,9.85181967174761,0
"7487",2004,312,22,151.9075,0,0,0,0,4.315,0.67645,3.77,0,9.85196856730781,0
"7488",2004,312,23,156.2195,0,0,0,0.04,3.46,0.68315,4.43,0,9.85213525773297,0
"7489",2004,313,0,154.035,0,0,0,0.135,2.515,0.6856,4.595,0,9.85230831715346,0
"7490",2004,313,1,146.5765,0.023,0,0,0.075,1.67,0.7041,4.13,0,9.85247622173931,0
"7491",2004,313,2,136.518,0.069,0,0,0.075,0.89,0.7235,4.245,0,9.85262861748711,0
"7492",2004,313,3,125.4165,0.138,0,0,0.065,0.045,0.7397,4.07,0,9.85275544150623,0
"7493",2004,313,4,113.985,0.345,0,0,0.025,-0.085,0.7179,4.02,0,9.85284860041506,0
"7494",2004,313,5,102.616,0.368,0,0,0.015,-0.32,0.7286,3.8,0,9.85289826676163,0
"7495",2004,313,6,91.466,19.389,7.2,5.24,2.685,-0.79,0.74905,2.225,0,9.85313885881202,0
"7496",2004,313,7,81.189,176.364,69.52,80.845,23.05,0.395,0.73905,3.565,0,9.87768512738683,0
"7497",2004,313,8,72.0325,298.448,117.65,143.515,31.895,2.19,0.67995,3.595,0,9.87668835727534,0
"7498",2004,313,9,64.486,426.581,166.5,206.54,45.915,4.025,0.5486,3.22,0,9.87666435472036,0
"7499",2004,313,10,59.261,950.337,365.76,467.705,108.145,5.935,0.41225,3.71,0,9.87666398979901,0
"7500",2004,313,11,57.0315,1131.14,439.22,568.005,130.955,7.165,0.39695,2.915,0,9.87666405853902,0
"7501",2004,313,12,58.1515,1087.21,423.43,548.39,129.275,8.165,0.3593,2.055,0,9.87666431382536,0
"7502",2004,313,13,62.436,927.498,357.88,463.13,115.02,8.705,0.3364,2.435,0,9.87666408015912,0
"7503",2004,313,14,69.2855,669.622,254.43,318.275,89.69,8.96,0.2938,2.52,0,9.87666431665066,0
"7504",2004,313,15,77.9835,240.879,87.295,98.605,31.43,8.695,0.2733,2.495,0,9.87666405921441,0
"7505",2004,313,16,87.852,33.396,11.055,9.035,1.865,8.03,0.28505,1.515,0,9.87552600182043,0
"7506",2004,313,17,98.8765,0.207,0.09,0,0,7.235,0.3,2.14,0,9.83810220183103,0
"7507",2004,313,18,110.1645,0.023,0,0,0,6.375,0.32625,2.29,0,9.8399934838969,0
"7508",2004,313,19,121.625,0,0,0,0,5.565,0.3787,1.065,0,9.8400786085078,0
"7509",2004,313,20,132.9185,0,0,0,0,4.37,0.44115,0.815,0,9.84016433277837,0
"7510",2004,313,21,143.488,0.023,0,0,0,4.255,0.46845,1.64,0,9.84028560569063,0
"7511",2004,313,22,152.1485,0.046,0,0,0,4.35,0.43715,1.89,0,9.84043647790903,0
"7512",2004,313,23,156.5,0.046,0,0,0,3.585,0.4385,1.305,0,9.84060582295977,0
"7513",2004,314,0,154.305,0.115,0,0,0,3.33,0.42695,2.115,0,9.84078343373885,0
"7514",2004,314,1,146.8075,0,0,0,0,2.91,0.4562,2.775,0,9.84095524425483,0
"7515",2004,314,2,136.723,0.069,0,0,0,2.2,0.50575,2.815,0,9.84110663066174,0
"7516",2004,314,3,125.6055,0.184,0,0,0,1.53,0.55485,2.375,0,9.84123398883507,0
"7517",2004,314,4,114.173,0.184,0,0,0,1.32,0.5714,2.935,0,9.84132572617145,0
"7518",2004,314,5,102.809,0.253,0,0,0,0.965,0.59575,3.28,0,9.84137290841481,0
"7519",2004,314,6,91.6615,16.836,6.45,4.27,1.895,1.06,0.5971,3.22,0,9.84146461710117,0
"7520",2004,314,7,81.4075,229.402,85.49,96.105,31.65,1.21,0.65595,3.28,0,9.86796935713537,0
"7521",2004,314,8,72.274,563.431,214.15,264.16,72.87,4.445,0.61305,4.49,0,9.86700131917448,0
"7522",2004,314,9,64.7475,853.99,324.52,418.65,106.355,7.23,0.53335,6.115,0,9.86697799196378,0
"7523",2004,314,10,59.539,1019.682,389.245,509.405,124.365,8.815,0.47045,6.64,0,9.86697761685423,0
"7524",2004,314,11,57.316,1015.956,389.585,510.745,122.41,9.925,0.434,6.02,0,9.86697766905533,0
"7525",2004,314,12,58.4245,1082.932,414.875,545.805,134.05,11.085,0.39745,5.595,0,9.86697785497709,0
"7526",2004,314,13,62.686,809.531,306.99,400.975,102.68,11.785,0.3816,5.35,0,9.86697781797062,0
"7527",2004,314,14,69.5105,541.627,203.76,259.67,72.29,12.085,0.39455,5.715,0,9.86697763552227,0
"7528",2004,314,15,78.181,208.587,77.95,92.885,26.77,11.525,0.44245,5.235,0,9.86697765445937,0
"7529",2004,314,16,88.018,46.161,18.06,19.19,6.64,9.61,0.55295,4.315,0,9.8669518285265,0
"7530",2004,314,17,99.039,0.115,0.005,0,0,7.925,0.60145,4.81,0,9.85841871517322,0
"7531",2004,314,18,110.3185,0.069,0,0,0,7.27,0.6157,5.025,0,9.86329786916216,0
"7532",2004,314,19,121.7785,0.046,0,0,0,6.355,0.6543,4.29,0,9.86344941017997,0
"7533",2004,314,20,133.081,0.023,0,0,0,6.415,0.6446,5.195,0,9.86353693844628,0
"7534",2004,314,21,143.675,0.069,0,0,0.035,6.515,0.6308,5.675,0,9.86365943447834,0
"7535",2004,314,22,152.381,0.046,0,0,0.015,6.01,0.65745,5.42,0,9.86381151785332,0
"7536",2004,314,23,156.7765,0,0,0,0,6.265,0.64155,5.82,0,9.86397998242148,0
"7537",2004,315,0,154.573,0.069,0,0,0.02,7.055,0.60325,6.835,0,9.86415464761473,0
"7538",2004,315,1,147.037,0.046,0,0,0.01,6.68,0.64305,4.66,0,9.86432549589,0
"7539",2004,315,2,136.9235,0.069,0,0,0.01,6.515,0.6496,5.41,0,9.86447911141543,0
"7540",2004,315,3,125.795,0.069,0,0,0.03,5.665,0.69415,4.58,0,9.86460480337303,0
"7541",2004,315,4,114.3605,0.023,0,0,0.01,4.7,0.73755,3.335,0,9.86469286533529,0
"7542",2004,315,5,103.0025,0.023,0,0,0,4.28,0.74555,3.775,0,9.86473737956393,0
"7543",2004,315,6,91.855,11.776,4.365,3.385,1.03,4.77,0.72805,4.195,0,9.86475112954664,0
"7544",2004,315,7,81.6225,223.859,83.645,98.95,30.14,5.925,0.70755,4.61,0,9.88867005059542,0
"7545",2004,315,8,72.5125,337.778,126.445,156.74,39.505,9.13,0.603,6.54,0,9.88758330686246,0
"7546",2004,315,9,65.006,428.007,160.82,201.295,46.755,10.655,0.58375,6.67,0,9.88755715065374,0
"7547",2004,315,10,59.813,671.577,253.475,324.11,77.005,12.945,0.56355,8.065,0,9.8875567475422,0
"7548",2004,315,11,57.594,952.476,359.96,468.46,113.67,15.73,0.52415,9.72,0,9.88755680888333,0
"7549",2004,315,12,58.6925,944.334,356.16,464.985,114.72,17.135,0.5285,9.455,0,9.8875570338238,0
"7550",2004,315,13,62.9335,686.665,260.08,335.345,83.83,17.315,0.5384,9.06,0,9.88755687052617,0
"7551",2004,315,14,69.7295,390.793,148.875,186.595,46.155,17.33,0.55655,8.565,0,9.8875568368852,0
"7552",2004,315,15,78.3735,171.419,65.96,79.705,20.415,16.595,0.5866,7.445,0,9.88755676368764,0
"7553",2004,315,16,88.1805,31.464,12.395,12.14,3.87,15,0.6553,5.295,0,9.88433070211292,0
"7554",2004,315,17,99.1955,0.207,0,0,0.01,13.54,0.6681,6.275,0,9.84548820001016,0
"7555",2004,315,18,110.4655,0,0,0,0.005,13.025,0.63285,6.5,0,9.84704528686692,0
"7556",2004,315,19,121.9255,0.069,0,0,0.025,11.93,0.66055,5.46,0,9.8471234447857,0
"7557",2004,315,20,133.237,0.207,0,0,0,11.87,0.6332,5.86,0,9.84721266733576,0
"7558",2004,315,21,143.858,0.253,0,0,0,11.22,0.64975,4.52,0,9.84734361080731,0
"7559",2004,315,22,152.6075,0.23,0,0,0,10.26,0.6858,2.12,0,9.84750484258717,0
"7560",2004,315,23,157.048,0.253,0,0,0,9.725,0.7044,2.97,0,9.84768545855562,0
"7561",2004,316,0,154.836,0.161,0,0,0,9.605,0.7033,3.375,0.243416666666667,9.84787166904334,0
"7562",2004,316,1,147.2655,0.345,0,0,0,9.385,0.72455,2.995,0.243416666666667,9.84805325659031,0
"7563",2004,316,2,137.1245,0.368,0,0,0,8.86,0.75695,2.975,0.243416666666667,9.84822275050639,0
"7564",2004,316,3,125.985,0.253,0,0,0.05,9.15,0.76045,1.69,0.243416666666667,9.8483587226637,0
"7565",2004,316,4,114.5465,0,0,0,0.18,8.635,0.8299,2.475,0.243416666666667,9.8484494860026,0
"7566",2004,316,5,103.1945,0.23,0,0,0.09,8.43,0.8674,2.39,0.243416666666667,9.84849504747056,0
"7567",2004,316,6,92.085,1.564,0.485,0,0.03,8.585,0.8922,6.155,0.243416666666667,9.84849370844792,0
"7568",2004,316,7,81.8395,24.242,8.225,6.45,2.04,8.74,0.9274,10.295,0.243416666666667,9.8374811432625,0
"7569",2004,316,8,72.7485,62.56,21.21,22.34,5.215,7.43,0.88955,11.72,0.243416666666667,9.71103928603932,0
"7570",2004,316,9,65.2625,105.271,36.905,40.25,7.565,6.935,0.88565,10.4,0.243416666666667,9.70710071243474,0
"7571",2004,316,10,60.086,152.237,54.475,61.815,11.565,7.105,0.90385,10.755,0.243416666666667,9.70703828722864,0
"7572",2004,316,11,57.8685,245.456,87.605,103.515,19.81,6.93,0.9001,11.2,0.243416666666667,9.70703745938437,0
"7573",2004,316,12,58.956,281.474,100.695,120.445,24.24,6.44,0.7883,12.415,0.243416666666667,9.7070375366583,0
"7574",2004,316,13,63.173,177.836,62.145,72.435,15.015,6.04,0.77355,11.19,0.243416666666667,9.7070378029007,0
"7575",2004,316,14,69.941,55.66,18.405,18.1,3.95,5.755,0.75825,9.8,0.243416666666667,9.70703099158935,0
"7576",2004,316,15,78.5595,19.458,6.17,3.905,1.505,5.6,0.7485,10.405,0.243416666666667,9.52126894691722,0
"7577",2004,316,16,88.376,5.957,1.67,0.635,0.81,4.91,0.8239,10.53,0.243416666666667,9.47893679519051,0
"7578",2004,316,17,99.3475,0.023,0,0,0.055,4.7,0.8246,9.865,0.243416666666667,9.47880954153663,0
"7579",2004,316,18,110.6075,0,0,0,0.005,5.23,0.73405,9.69,0.243416666666667,9.47881901549525,0
"7580",2004,316,19,122.0655,0,0,0,0.03,5.29,0.682,9.355,0.243416666666667,9.47886395333162,0
"7581",2004,316,20,133.3865,0,0,0,0.055,5.11,0.6737,8.875,0.243416666666667,9.4789494179489,0
"7582",2004,316,21,144.03,0,0,0,0.19,4.64,0.7096,7.195,0.243416666666667,9.47907060395863,0
"7583",2004,316,22,152.827,0,0,0,0.14,4.265,0.69015,7.715,0.243416666666667,9.47921855891992,0
"7584",2004,316,23,157.3125,0,0,0,0.205,3.885,0.69475,8.19,0.243416666666667,9.47938413674363,0
"7585",2004,317,0,155.0965,0.023,0,0,0.19,3.025,0.71625,6.985,0.0105833333333333,9.479555521674,0
"7586",2004,317,1,147.49,0,0,0,0.295,2.13,0.74385,8.38,0.0105833333333333,9.47972145159747,0
"7587",2004,317,2,137.3235,0,0,0,0.105,1.43,0.79075,7.445,0.0105833333333333,9.47986918671292,0
"7588",2004,317,3,126.1725,0,0,0,0.125,0.945,0.80245,7.34,0.0105833333333333,9.47998911542089,0
"7589",2004,317,4,114.732,0.023,0,0,0.095,0.375,0.82015,6.86,0.0105833333333333,9.48007335025132,0
"7590",2004,317,5,103.385,0.046,0,0,0.225,-0.34,0.8523,7.185,0.0105833333333333,9.48011585307074,0
"7591",2004,317,6,92.2755,12.811,4.595,2.415,1.65,-0.58,0.84465,7.92,0.0105833333333333,9.48015271054605,0
"7592",2004,317,7,82.0535,211.278,80.15,91.95,33.075,-0.215,0.81395,8.055,0.0105833333333333,9.51974322027105,0
"7593",2004,317,8,72.984,540.178,206.685,259.9,76.675,1.23,0.7587,8.13,0.0105833333333333,9.5188710844752,0
"7594",2004,317,9,65.5165,824.849,321.63,416.97,108.58,3.335,0.72145,7.655,0.0105833333333333,9.51884689104897,0
"7595",2004,317,10,60.353,1014.783,400.795,525.275,129.045,5.24,0.66015,8.48,0.0105833333333333,9.5188465046471,0
"7596",2004,317,11,58.1365,1092.408,433.395,569.52,136.78,6.26,0.5409,9.23,0.0105833333333333,9.51884656605357,0
"7597",2004,317,12,59.213,1053.63,418.56,548.955,133.555,7.155,0.4357,9.25,0.0105833333333333,9.5188467918136,0
"7598",2004,317,13,63.408,897.805,355.295,464.47,118.8,7.735,0.3436,9.11,0.0105833333333333,9.5188466290308,0
"7599",2004,317,14,70.149,640.688,250.755,322.345,91.865,7.88,0.33445,9.26,0.0105833333333333,9.51884659946846,0
"7600",2004,317,15,78.742,324.967,124.285,149.475,53.3,7.615,0.35315,8.46,0.0105833333333333,9.51884652209533,0
"7601",2004,317,16,88.5265,49.611,18.05,18.3,10.67,5.97,0.4357,5.605,0.0105833333333333,9.51884403307427,0
"7602",2004,317,17,99.4925,0.092,0,0,0.3,3.36,0.5701,4.615,0.0105833333333333,9.53808728669535,0
"7603",2004,317,18,110.7435,0,0,0,0.08,2.025,0.62955,5.09,0.0105833333333333,9.54526702697282,0
"7604",2004,317,19,122.199,0,0,0,0.02,1.39,0.68815,5.61,0.0105833333333333,9.54545176809657,0
"7605",2004,317,20,133.5295,0,0,0,0.01,1.2,0.74835,5.385,0.0105833333333333,9.54553818500656,0
"7606",2004,317,21,144.197,0.023,0,0,0.085,0.665,0.78645,5.09,0.0105833333333333,9.54565846934875,0
"7607",2004,317,22,153.04,0.046,0,0,0.11,-0.235,0.8241,4.495,0.0105833333333333,9.54580756073769,0
"7608",2004,317,23,157.572,0.069,0,0,0.03,-0.89,0.8344,4.565,0.0105833333333333,9.54597549628421,0
"7609",2004,318,0,155.3535,0.115,0,0,0,-0.435,0.7675,4.74,0,9.54615143569388,0
"7610",2004,318,1,147.713,0.138,0,0,0,-0.03,0.68065,4.345,0,9.54632343763949,0
"7611",2004,318,2,137.522,0.046,0,0,0.05,-1.04,0.7132,3.37,0,9.54647688571634,0
"7612",2004,318,3,126.3575,0.276,0,0,0.005,-2.52,0.7947,3.52,0,9.54660355134333,0
"7613",2004,318,4,114.918,0.276,0,0,0.025,-3.065,0.8121,3.845,0,9.54669633257306,0
"7614",2004,318,5,103.5755,0.207,0,0,0.01,-3.41,0.81645,3.315,0,9.54674261646461,0
"7615",2004,318,6,92.4665,12.443,4.545,2.33,1.735,-3.565,0.8168,3.765,0,9.54677700098175,0
"7616",2004,318,7,82.265,210.358,81.985,91.01,32.11,-2.455,0.81605,3.92,0,9.58421099278586,0
"7617",2004,318,8,73.2175,534.359,209.79,257.815,75.185,0.99,0.71205,4.605,0,9.58330211115891,0
"7618",2004,318,9,65.7655,813.855,318.225,411.61,107.14,3.09,0.65065,5.25,0,9.58327740586916,0
"7619",2004,318,10,60.6145,1000.155,393.005,515.665,127.365,4.66,0.61935,5.885,0,9.58327701256829,0
"7620",2004,318,11,58.402,1076.147,425.315,558.56,135.085,6.005,0.56005,5.6,0,9.58327707308886,0
"7621",2004,318,12,59.466,1035.897,408.95,537.16,131.725,7.18,0.4876,5.34,0,9.58327729626542,0
"7622",2004,318,13,63.6365,885.5,347.805,455.53,117.575,8.105,0.4145,6.105,0,9.58327713911909,0
"7623",2004,318,14,70.35,627.141,245.025,314.27,90.35,8.575,0.42045,5.835,0,9.58327709580833,0
"7624",2004,318,15,78.914,312.984,119.875,143.465,51.59,8.385,0.4429,6.075,0,9.58327703155052,0
"7625",2004,318,16,88.672,42.55,15.56,15.295,7.77,6.745,0.5196,4.535,0,9.58324649145008,0
"7626",2004,318,17,99.631,0.046,0.03,0,0,5.165,0.6115,4.545,0,9.58263249961291,0
"7627",2004,318,18,110.8725,0,0,0,0,4.405,0.6455,4.125,0,9.58721251269507,0
"7628",2004,318,19,122.326,0,0,0,0,4,0.66005,4.29,0,9.5873474770615,0
"7629",2004,318,20,133.6645,0,0,0,0.015,3.775,0.66875,4.865,0,9.58743294918411,0
"7630",2004,318,21,144.358,0.023,0,0,0.01,2.76,0.71065,4.3,0,9.58755311689948,0
"7631",2004,318,22,153.2445,0,0,0,0,1.95,0.74495,3.82,0,9.58770138100393,0
"7632",2004,318,23,157.826,0,0,0,0,1.44,0.77255,3.63,0,9.58786638239735,0
"7633",2004,319,0,155.6065,0.046,0,0,0,1.2,0.79485,4.575,0,9.5880382411425,0
"7634",2004,319,1,147.9335,0.023,0,0,0,1.01,0.80565,4.36,0,9.58820664947218,0
"7635",2004,319,2,137.718,0.023,0,0,0,0.7,0.81065,4.075,0,9.58835634791579,0
"7636",2004,319,3,126.545,0,0,0,0.02,0.26,0.82465,4.68,0,9.58847796850467,0
"7637",2004,319,4,115.1005,0.046,0,0,0,0.06,0.8251,3.845,0,9.58856400272125,0
"7638",2004,319,5,103.765,0.092,0,0,0,-0.43,0.8341,3.075,0,9.58860833781404,0
"7639",2004,319,6,92.695,10.258,4.485,2.885,1.75,-0.885,0.84645,3.265,0,9.58862424593238,0
"7640",2004,319,7,82.475,158.999,62.595,71.72,22.13,-0.25,0.83605,3.7,0,9.6197865128869,0
"7641",2004,319,8,73.447,491.579,190.43,237.645,70.025,1.485,0.78025,5.295,0,9.61865609427852,0
"7642",2004,319,9,66.0135,712.609,276.795,360.155,94.48,3.18,0.70985,5.875,0,9.61862557433825,0
"7643",2004,319,10,60.8725,925.75,361.005,474.315,118.805,5.01,0.6383,6.06,0,9.61862507371259,0
"7644",2004,319,11,58.66,1048.248,412.7,541.265,131.93,7.17,0.56245,6.29,0,9.61862513127594,0
"7645",2004,319,12,59.7115,897.069,351.7,461.48,114.56,9.28,0.50025,5.83,0,9.61862534117716,0
"7646",2004,319,13,63.858,558.624,217.205,278.37,68.615,10.5,0.43965,5.895,0,9.61862522187179,0
"7647",2004,319,14,70.544,354.591,137.34,173.015,42.185,10.555,0.4206,5.465,0,9.61862511668915,0
"7648",2004,319,15,79.082,197.869,77.705,95.63,26.085,10.43,0.4595,4.07,0,9.61862519701787,0
"7649",2004,319,16,88.848,44.229,18.445,20.58,6.895,9.62,0.50335,3.145,0,9.61858352970831,0
"7650",2004,319,17,99.765,0.069,0.005,0,0,8.035,0.5449,3.015,0,9.61877892708817,0
"7651",2004,319,18,110.9965,0,0,0,0,6.08,0.6165,0.42,0,9.62374156670433,0
"7652",2004,319,19,122.4495,0,0,0,0,5.87,0.61005,2.26,0,9.62388548459049,0
"7653",2004,319,20,133.796,0,0,0,0,4.585,0.6305,3.77,0,9.62397084182601,0
"7654",2004,319,21,144.5105,0.023,0,0,0,4.205,0.64395,4.305,0,9.6240908520579,0
"7655",2004,319,22,153.445,0,0,0,0,3.67,0.6592,3.66,0,9.62423908843016,0
"7656",2004,319,23,158.074,0.023,0,0,0.02,2.805,0.6869,4.065,0,9.62440460773707,0
"7657",2004,320,0,155.8545,0,0,0,0,2.53,0.70345,2.85,0,9.62457646633135,0
"7658",2004,320,1,148.151,0.092,0,0,0,2.285,0.709,1.165,0,9.62474547821144,0
"7659",2004,320,2,137.9125,0.115,0,0,0,2.77,0.6765,2.095,0,9.62489979517377,0
"7660",2004,320,3,126.728,0.092,0,0,0,3.13,0.6453,3.12,0,9.62502566973921,0
"7661",2004,320,4,115.286,0,0,0,0,2.22,0.68115,4.02,0,9.62511299849149,0
"7662",2004,320,5,103.953,0.046,0,0,0,1.555,0.70735,3.565,0,9.62515716651373,0
"7663",2004,320,6,92.885,8.326,3.355,2.12,1.095,1.51,0.71535,3.665,0,9.62516570848845,0
"7664",2004,320,7,82.6835,217.166,83.66,98.315,32.55,1.83,0.72295,3.02,0,9.65947991403762,0
"7665",2004,320,8,73.6765,485.737,186.065,235.785,61.97,5.28,0.65425,3.705,0,9.65848120221575,0
"7666",2004,320,9,66.257,512.371,194.33,247.615,58.575,7.19,0.6192,3.55,0,9.65845449808411,0
"7667",2004,320,10,61.1285,513.245,195.085,246.93,56.67,8.805,0.621,3.495,0,9.65845407066671,0
"7668",2004,320,11,58.915,830.461,315.8,405.905,94.415,10.935,0.59385,3.475,0,9.65845412879189,0
"7669",2004,320,12,59.9515,655.523,247.915,317.165,74.6,12.75,0.5627,3.025,0,9.65845434160397,0
"7670",2004,320,13,64.075,603.152,229.43,293.115,70.37,13.16,0.56335,2.57,0,9.65845421316946,0
"7671",2004,320,14,70.7335,307.073,117.59,146.76,34.555,13.445,0.56,2.375,0,9.65845411979041,0
"7672",2004,320,15,79.245,68.494,26.285,28.925,6.58,12.79,0.60345,2.6,0,9.65845413004304,0
"7673",2004,320,16,88.984,10.396,4.115,2.825,0.805,11.97,0.6494,2.63,0,9.59347596703557,0
"7674",2004,320,17,99.8905,0.023,0,0,0,11.17,0.67815,2.62,0,9.59251524631835,0
"7675",2004,320,18,111.1135,0.092,0,0,0,10.01,0.7438,2.625,0,9.59275872304846,0
"7676",2004,320,19,122.563,0.046,0,0,0,9.705,0.7638,3.205,0,9.59280900794169,0
"7677",2004,320,20,133.916,0.069,0,0,0,9.435,0.76575,3.68,0,9.59289618836081,0
"7678",2004,320,21,144.656,0.046,0,0,0,9.055,0.7834,3.29,0,9.59301980158795,0
"7679",2004,320,22,153.635,0.115,0,0,0,8.75,0.7998,3.5,0,9.59317217506585,0
"7680",2004,320,23,158.317,0.023,0,0,0,8.785,0.79865,3.295,0,9.59334168776964,0
"7681",2004,321,0,156.1005,0.092,0,0,0,8.89,0.7773,3.215,0.0105833333333333,9.5935162048469,0
"7682",2004,321,1,148.365,0.069,0,0,0,8.845,0.78515,3.12,0.0105833333333333,9.59368668327739,0
"7683",2004,321,2,138.106,0.069,0,0,0,8.685,0.8156,2.81,0.0105833333333333,9.59383841044443,0
"7684",2004,321,3,126.913,0.069,0,0,0,8.705,0.8233,2.215,0.0105833333333333,9.59396175504885,0
"7685",2004,321,4,115.467,0,0,0,0,8.65,0.83145,3.595,0.0105833333333333,9.59404754055846,0
"7686",2004,321,5,104.14,0,0,0,0,8.95,0.80285,2.255,0.0105833333333333,9.59409014574802,0
"7687",2004,321,6,93.1105,4.83,1.585,0.8,0.365,9.1,0.7827,2.995,0.0105833333333333,9.59408863315504,0
"7688",2004,321,7,82.889,89.079,33.245,38.66,9.165,9.075,0.8028,3.29,0.0105833333333333,9.60226901119741,0
"7689",2004,321,8,73.9005,157.642,57.555,69.495,15.48,10.2,0.7571,3.225,0.0105833333333333,9.59976309997804,0
"7690",2004,321,9,66.498,297.942,109.77,135.615,29.915,11.585,0.7124,3.77,0.0105833333333333,9.59969570858532,0
"7691",2004,321,10,61.3775,329.199,120.175,148.655,32.54,12.52,0.7205,3.29,0.0105833333333333,9.59969464636359,0
"7692",2004,321,11,59.164,407.353,149.7,186.15,40.775,13.715,0.7416,2.93,0.0105833333333333,9.59969471407559,0
"7693",2004,321,12,60.186,359.168,130.45,162.095,35.705,14.37,0.73915,2.89,0.0105833333333333,9.59969463823748,0
"7694",2004,321,13,64.2855,296.24,107.13,132.445,29.315,14.475,0.7734,3.895,0.0105833333333333,9.59969464439422,0
"7695",2004,321,14,70.916,223.261,82.15,99.75,22.42,14.525,0.7722,4.49,0.0105833333333333,9.59969463929236,0
"7696",2004,321,15,79.4,67.85,24.77,26.935,6.26,14.38,0.731,3.955,0.0105833333333333,9.59969417710033,0
"7697",2004,321,16,89.112,8.533,2.945,1.31,0.795,13.59,0.75615,3.82,0.0105833333333333,9.53729419643586,0
"7698",2004,321,17,100.013,0.023,0,0,0,12.955,0.7743,3.86,0.0105833333333333,9.53760652784973,0
"7699",2004,321,18,111.225,0,0,0,0,12.38,0.78365,4.03,0.0105833333333333,9.53783351236048,0
"7700",2004,321,19,122.672,0.023,0,0,0,12.285,0.7683,4.925,0.0105833333333333,9.5378832492731,0
"7701",2004,321,20,134.033,0.023,0,0,0,11.955,0.7899,4.485,0.0105833333333333,9.53796993196026,0
"7702",2004,321,21,144.796,0,0,0,0,11.715,0.8127,4.14,0.0105833333333333,9.53809196841759,0
"7703",2004,321,22,153.8185,0,0,0,0,11.52,0.8401,3.605,0.0105833333333333,9.53824036717245,0
"7704",2004,321,23,158.553,0.023,0,0,0,11.495,0.8618,3.915,0.0105833333333333,9.53840586846939,0
"7705",2004,322,0,156.3405,0.046,0,0,0,11.52,0.8776,3.815,0,9.53857963208256,0
"7706",2004,322,1,148.579,0.092,0,0,0,11.275,0.8962,2.89,0,9.5387481547856,0
"7707",2004,322,2,138.2985,0.023,0,0,0,11.2,0.9059,2.455,0,9.53889875027616,0
"7708",2004,322,3,127.0945,0.023,0,0,0,11.315,0.91535,2.9,0,9.53901941594183,0
"7709",2004,322,4,115.6485,0.092,0,0,0,11.8,0.91305,2.295,0,9.5391043710022,0
"7710",2004,322,5,104.3265,0.023,0,0,0,12.83,0.8774,2.4,0,9.53914662626035,0
"7711",2004,322,6,93.299,2.898,0.85,0.26,0.13,13.535,0.85425,2.425,0,9.53914309337474,0
"7712",2004,322,7,83.095,93.84,34.375,40.38,9.7,13.82,0.8614,2.715,0,9.54874754531685,0
"7713",2004,322,8,74.1235,221.03,81.4,99.575,22.83,14.47,0.85015,4.6,0,9.54628763655229,0
"7714",2004,322,9,66.7345,217.442,78.11,94.825,21.01,15.355,0.83,5.575,0,9.54622110098802,0
"7715",2004,322,10,61.624,260.544,92.15,112.455,24.66,16.12,0.8189,5.89,0,9.54622010720805,0
"7716",2004,322,11,59.407,453.951,165.41,206.8,46.74,16.905,0.8319,5.425,0,9.5462200893331,0
"7717",2004,322,12,60.413,619.528,226.8,285.63,66.14,19.475,0.7336,5.99,0,9.54622003496367,0
"7718",2004,322,13,64.4885,625.278,228.01,291.28,72.885,20.32,0.69045,5.775,0,9.54622006617035,0
"7719",2004,322,14,71.093,508.323,184.82,232.495,63.965,21.13,0.6574,5.09,0,9.54622015764562,0
"7720",2004,322,15,79.5505,252.425,92.24,109.495,33.06,20.82,0.69175,4.165,0,9.54622044896555,0
"7721",2004,322,16,89.232,37.168,14.405,14.795,6.195,19.325,0.74495,3.71,0,9.54600559396252,0
"7722",2004,322,17,100.1255,0.092,0,0,0.05,17.49,0.8355,3.845,0,9.53639836880636,0
"7723",2004,322,18,111.3305,0.046,0,0,0.01,16.36,0.8539,3.385,0,9.53959454374522,0
"7724",2004,322,19,122.774,0.184,0,0,0.075,15.14,0.8762,4.67,0,9.53970256557917,0
"7725",2004,322,20,134.142,0.092,0,0,0,14.255,0.8917,3.22,0,9.53979218516754,0
"7726",2004,322,21,144.927,0.023,0,0,0,14.14,0.88925,3.415,0,9.53991545686381,0
"7727",2004,322,22,153.996,0.138,0,0,0,14.635,0.8836,4.08,0,9.54006665921113,0
"7728",2004,322,23,158.783,0.092,0,0,0.01,14.285,0.8919,4.985,0,9.54023836105188,0
"7729",2004,323,0,156.579,0.23,0,0,0.015,14.22,0.8961,4.815,0.518583333333333,9.54041773048922,0
"7730",2004,323,1,148.7895,0.115,0,0,0,14.185,0.8986,3.5,0.518583333333333,9.54059343583883,0
"7731",2004,323,2,138.486,0.092,0,0,0.005,14.045,0.9032,2.6,0.518583333333333,9.54074636002456,0
"7732",2004,323,3,127.2755,0.184,0,0,0,13.535,0.9179,2.035,0.518583333333333,9.54087228798486,0
"7733",2004,323,4,115.8285,0.023,0,0,0,13.04,0.9282,2.455,0.518583333333333,9.54095975964661,0
"7734",2004,323,5,104.513,0,0,0,0,12.63,0.93275,2.065,0.518583333333333,9.54100236659306,0
"7735",2004,323,6,93.4845,3.542,1.27,0.69,0.405,12.235,0.9404,2.075,0.518583333333333,9.54100039322511,0
"7736",2004,323,7,83.297,72.082,27.27,31.89,7.955,12.135,0.9458,1.865,0.518583333333333,9.53968191230206,0
"7737",2004,323,8,74.344,220.156,81.14,100.83,23.62,13.19,0.90975,2.2,0.518583333333333,9.53604444581984,0
"7738",2004,323,9,66.9675,385.618,142.95,178.75,40.965,15.115,0.84975,3.095,0.518583333333333,9.53594343887953,0
"7739",2004,323,10,61.864,437.276,161.355,201.29,45.38,16.695,0.78885,3.645,0.518583333333333,9.53594183791465,0
"7740",2004,323,11,59.6455,315.031,113.975,140.145,30.785,17.275,0.76785,2.955,0.518583333333333,9.53594185522919,0
"7741",2004,323,12,60.6365,248.216,87.92,107.24,23.65,17.355,0.76525,3.045,0.518583333333333,9.53594180977443,0
"7742",2004,323,13,64.6865,259.394,92.435,112.44,24.685,17.2,0.7707,3.275,0.518583333333333,9.53594182129152,0
"7743",2004,323,14,71.2625,121.463,42.86,49.37,11.03,16.705,0.80395,2.59,0.518583333333333,9.53594183895901,0
"7744",2004,323,15,79.6955,21.712,7.06,4.285,1.7,15.77,0.8807,2.23,0.518583333333333,9.48273659559845,0
"7745",2004,323,16,89.389,2.162,0.43,0,0.305,14.39,0.95965,4.095,0.518583333333333,9.4065103053658,0
"7746",2004,323,17,100.2345,0.46,0,0,0.14,14.045,0.97265,4.075,0.518583333333333,9.40655841891443,0
"7747",2004,323,18,111.429,0.46,0,0,0.03,13.825,0.9771,2.665,0.518583333333333,9.40657331350664,0
"7748",2004,323,19,122.8695,0.437,0,0,0,13.6,0.98345,2.24,0.518583333333333,9.40662820570057,0
"7749",2004,323,20,134.2455,0.46,0,0,0,13.255,0.9875,2.015,0.518583333333333,9.40672953104638,0
"7750",2004,323,21,145.0505,0.46,0,0,0,13.115,0.99085,2.39,0.518583333333333,9.40687239867723,0
"7751",2004,323,22,154.165,0.46,0,0,0,13.24,0.99275,2.98,0.518583333333333,9.40704579411896,0
"7752",2004,323,23,159.008,0.46,0,0,0.27,13.105,0.9931,3.56,0.518583333333333,9.40723885225774,0
"7753",2004,324,0,156.8105,0.437,0,0,0.275,12.795,0.9903,3.29,0.169333333333333,9.40743688376584,0
"7754",2004,324,1,148.9975,0.437,0,0,0.12,12.535,0.98975,2.895,0.169333333333333,9.40762645483919,0
"7755",2004,324,2,138.675,0.414,0,0,0.095,12.35,0.98995,1.85,0.169333333333333,9.40779475872463,0
"7756",2004,324,3,127.4555,0.46,0,0,0,12.295,0.99115,2.375,0.169333333333333,9.40793070578834,0
"7757",2004,324,4,116.0075,0.46,0,0,0,12.3,0.99275,2.995,0.169333333333333,9.40802571045547,0
"7758",2004,324,5,104.6975,0.46,0,0,0,12.3,0.99395,2.115,0.169333333333333,9.4080717159227,0
"7759",2004,324,6,93.7075,1.472,0.275,0,0.055,12.3,0.99525,2.445,0.169333333333333,9.4080651545996,0
"7760",2004,324,7,83.4965,16.054,5.14,3.055,1.12,12.3,0.996,3.385,0.169333333333333,9.40667963321798,0
"7761",2004,324,8,74.56,50.301,16.675,17.155,3.75,12.295,0.9952,4.395,0.169333333333333,9.25276221680559,0
"7762",2004,324,9,67.198,83.927,28.545,31.255,6.15,12.29,0.98885,4.215,0.169333333333333,9.24014963206526,0
"7763",2004,324,10,62.099,154.583,54.925,63.655,12.33,12.455,0.9723,4.77,0.169333333333333,9.23994389016501,0
"7764",2004,324,11,59.8765,84.226,29.255,30.735,6.24,12.635,0.9526,4.565,0.169333333333333,9.23994114503365,0
"7765",2004,324,12,60.8515,93.564,32.535,35.46,6.605,12.205,0.97445,5.275,0.169333333333333,9.23994110699152,0
"7766",2004,324,13,64.878,76.061,26.8,27.71,5.425,12.13,0.9717,5.08,0.169333333333333,9.23994100045923,0
"7767",2004,324,14,71.4275,82.041,29.98,31.405,6.325,12.34,0.9622,4.33,0.169333333333333,9.23994038770932,0
"7768",2004,324,15,79.833,21.574,7.52,4.575,1.705,12.39,0.95485,3.985,0.169333333333333,9.15830456190313,0
"7769",2004,324,16,89.5005,3.105,1.03,0,0.22,12.23,0.96775,2.845,0.169333333333333,9.10409859864507,0
"7770",2004,324,17,100.337,0.092,0,0,0.02,12.08,0.97765,3.95,0.169333333333333,9.10423867672434,0
"7771",2004,324,18,111.52,0.345,0,0,0.02,11.95,0.984,3.995,0.169333333333333,9.10425378324435,0
"7772",2004,324,19,122.9595,0.46,0,0,0.11,11.785,0.9865,4.57,0.169333333333333,9.10430683708241,0
"7773",2004,324,20,134.341,0.46,0,0,0.11,11.7,0.9818,4.03,0.169333333333333,9.10440798196682,0
"7774",2004,324,21,145.1675,0.46,0,0,0.075,11.615,0.98035,4.1,0.169333333333333,9.10454832575494,0
"7775",2004,324,22,154.3265,0.437,0,0,0.1,11.505,0.9764,3.985,0.169333333333333,9.10471918975357,0
"7776",2004,324,23,159.2235,0.368,0,0,0,11.545,0.96895,4.565,0.169333333333333,9.1049056199056,0
"7777",2004,325,0,157.0395,0.115,0,0,0,11.655,0.9576,4.49,0.0105833333333333,9.10508895137663,0
"7778",2004,325,1,149.2025,0.092,0,0,0,11.7,0.9514,4.845,0.0105833333333333,9.1052560323465,0
"7779",2004,325,2,138.862,0.115,0,0,0,11.7,0.9583,4.515,0.0105833333333333,9.10540440618987,0
"7780",2004,325,3,127.6345,0,0,0,0.015,11.66,0.96035,4.665,0.0105833333333333,9.10552261036605,0
"7781",2004,325,4,116.1855,0.115,0,0,0,11.68,0.96105,5.03,0.0105833333333333,9.10560370262078,0
"7782",2004,325,5,104.879,0.391,0,0,0,11.57,0.97425,5.385,0.0105833333333333,9.10564541801069,0
"7783",2004,325,6,93.8915,1.357,0.225,0,0.145,11.6,0.97935,5.16,0.0105833333333333,9.10563889864158,0
"7784",2004,325,7,83.6925,25.553,9.27,6.62,2.19,11.81,0.9116,4.71,0.0105833333333333,9.09268042073699,0
"7785",2004,325,8,74.7745,66.401,24.22,25.235,5.54,11.37,0.91965,5.55,0.0105833333333333,9.00116604297294,0
"7786",2004,325,9,67.424,283.521,107.86,128.8,25.1,10.445,0.8704,6.845,0.0105833333333333,8.9984699186502,0
"7787",2004,325,10,62.3325,383.847,146.7,177.9,35.865,10.94,0.80855,7.5,0.0105833333333333,8.99842398162692,0
"7788",2004,325,11,60.1025,349.646,131.875,160.265,33.455,10.905,0.79695,7.17,0.0105833333333333,8.99842336388766,0
"7789",2004,325,12,61.062,228.459,83.71,100.44,21.34,9.9,0.82875,7.31,0.0105833333333333,8.9984234915362,0
"7790",2004,325,13,65.061,157.205,57.01,66.395,14.25,9.83,0.81375,6.625,0.0105833333333333,8.998423347392,0
"7791",2004,325,14,71.584,91.816,33.145,36.975,8.07,9.86,0.79585,5.985,0.0105833333333333,8.99842338296089,0
"7792",2004,325,15,79.964,29.325,10.14,9.135,2.625,9.63,0.8111,5.405,0.0105833333333333,8.97157184299902,0
"7793",2004,325,16,89.605,5.175,1.725,0.585,0.47,9.35,0.793,5.47,0.0105833333333333,8.86874174695839,0
"7794",2004,325,17,100.433,0,0,0,0.005,8.93,0.83345,4.675,0.0105833333333333,8.86936816984505,0
"7795",2004,325,18,111.6065,0,0,0,0.245,7.98,0.85435,4.885,0.0105833333333333,8.86940029909812,0
"7796",2004,325,19,123.042,0.115,0,0,0.085,7.29,0.86545,4.085,0.0105833333333333,8.86944721241903,0
"7797",2004,325,20,134.429,0.092,0,0,0.06,7.105,0.86945,4.135,0.0105833333333333,8.86953597143861,0
"7798",2004,325,21,145.2775,0.253,0,0,0.09,6.775,0.85135,4.655,0.0105833333333333,8.86966074041295,0
"7799",2004,325,22,154.4795,0.138,0,0,0.08,6.63,0.83455,3.9,0.0105833333333333,8.8698155800784,0
"7800",2004,325,23,159.435,0.115,0,0,0.075,6.435,0.8201,4.19,0.0105833333333333,8.86998306540457,0
"7801",2004,326,0,157.263,0.161,0,0,0.05,6.385,0.79745,3.545,0,8.87015658071815,0
"7802",2004,326,1,149.404,0.161,0,0,0.05,6.425,0.777,3.2,0,8.87032439149765,0
"7803",2004,326,2,139.0455,0.23,0,0,0.08,6.16,0.7582,4.11,0,8.8704750226457,0
"7804",2004,326,3,127.81,0.115,0,0,0.085,5.92,0.76285,3.87,0,8.87059593653068,0
"7805",2004,326,4,116.3635,0.138,0,0,0.07,5.655,0.76855,2.77,0,8.87067795336142,0
"7806",2004,326,5,105.0615,0.253,0,0,0.06,5.66,0.7578,2.83,0,8.87071808436768,0
"7807",2004,326,6,94.073,1.242,0.33,0,0.085,5.6,0.77555,2.235,0,8.87071187697704,0
"7808",2004,326,7,83.8865,36.432,13.525,13.855,3.34,5.62,0.799,2.005,0,8.83550408202445,0
"7809",2004,326,8,74.986,167.808,65.33,78.03,16.69,5.71,0.75395,2.955,0,8.81844257981312,0
"7810",2004,326,9,67.645,292.215,115.89,139.735,29.44,5.845,0.71345,1.675,0,8.817786266742,0
"7811",2004,326,10,62.556,414.598,165.95,202.085,42.165,6.1,0.70125,1.65,0,8.81777481872064,0
"7812",2004,326,11,60.324,615.434,248.565,307.33,65.53,6.48,0.6783,1.42,0,8.81777477928319,0
"7813",2004,326,12,61.265,541.834,215.955,265.655,57.86,6.355,0.69945,2.575,0,8.8177746787182,0
"7814",2004,326,13,65.2405,675.947,271.15,341.85,81.83,6.8,0.68215,2.7,0,8.81777474513935,0
"7815",2004,326,14,71.736,357.903,140.945,172.365,41.41,6.565,0.7021,3.01,0,8.81777496530142,0
"7816",2004,326,15,80.0885,191.843,78.905,95.77,25.3,6.59,0.70435,2.365,0,8.81777476546712,0
"7817",2004,326,16,89.703,17.894,6.78,6.11,1.6,6.025,0.74305,2.13,0,8.82155491890011,0
"7818",2004,326,17,100.5225,0.092,0.01,0,0,5.525,0.7997,1.225,0,8.85400403692616,0
"7819",2004,326,18,111.687,0.368,0,0,0.055,5.28,0.8461,2.495,0,8.85513005237692,0
"7820",2004,326,19,123.1185,0.391,0,0,0.075,5.065,0.86,1.78,0,8.8551998842061,0
"7821",2004,326,20,134.511,0.391,0,0,0.14,4.945,0.8615,1.475,0,8.85529652614962,0
"7822",2004,326,21,145.3805,0.345,0,0,0.03,4.805,0.8652,0.9,0,8.85543083270757,0
"7823",2004,326,22,154.6265,0.322,0,0,0.085,4.79,0.84385,1.295,0,8.85559276358411,0
"7824",2004,326,23,159.638,0.23,0,0,0.155,4.745,0.8561,1.55,0,8.85576819864058,0
"7825",2004,327,0,157.4825,0.115,0,0,0.205,4.905,0.85825,0.43,0.0211666666666667,8.85594401843107,0
"7826",2004,327,1,149.6035,0.069,0,0,0.165,4.915,0.8751,0.74,0.0211666666666667,8.8561081426604,0
"7827",2004,327,2,139.2285,0,0,0,0.215,4.765,0.8901,0.715,0.0211666666666667,8.8562510629432,0
"7828",2004,327,3,127.9865,0.023,0,0,0.22,4.7,0.9024,0.43,0.0211666666666667,8.85636537229007,0
"7829",2004,327,4,116.5375,0,0,0,0.22,4.625,0.9042,1.015,0.0211666666666667,8.85644446405264,0
"7830",2004,327,5,105.2415,0,0,0,0.195,4.57,0.9143,1.195,0.0211666666666667,8.8564825076134,0
"7831",2004,327,6,94.2935,1.564,0.545,0,0.23,4.38,0.92355,2.135,0.0211666666666667,8.85647723793717,0
"7832",2004,327,7,84.0785,89.884,36.42,39.93,9.12,4.4,0.9264,0.51,0.0211666666666667,8.89188632154309,0
"7833",2004,327,8,75.194,363.998,145.44,172.28,42.605,5.785,0.83275,0.405,0.0211666666666667,8.89037866517246,0
"7834",2004,327,9,67.862,688.965,276.415,343.285,83.125,6.095,0.802,2.895,0.0211666666666667,8.89031607836445,0
"7835",2004,327,10,62.7765,913.1,359.57,454.35,107.04,7.105,0.78675,3.315,0.0211666666666667,8.89031503394628,0
"7836",2004,327,11,60.537,938.699,367.575,467.105,109.04,8.15,0.7567,2.76,0.0211666666666667,8.89031506540974,0
"7837",2004,327,12,61.461,936.997,364.97,467.405,111.145,8.96,0.71655,2.87,0.0211666666666667,8.89031499111239,0
"7838",2004,327,13,65.4115,787.29,306.68,391.76,98.13,9.735,0.68285,2.79,0.0211666666666667,8.89031500466096,0
"7839",2004,327,14,71.8775,514.51,197.425,249.005,68.615,10.215,0.69345,4.58,0.0211666666666667,8.89031503070708,0
"7840",2004,327,15,80.2065,211.738,80.535,93.81,30.155,9.93,0.74615,4.45,0.0211666666666667,8.89031510203444,0
"7841",2004,327,16,89.796,27.692,10.795,9.92,3.655,9.06,0.81805,3.385,0.0211666666666667,8.89084266430004,0
"7842",2004,327,17,100.6075,0.069,0,0,0,8.245,0.8547,2.455,0.0211666666666667,8.91835983652937,0
"7843",2004,327,18,111.7605,0.046,0,0,0,8.31,0.883,2.385,0.0211666666666667,8.92021269379471,0
"7844",2004,327,19,123.1885,0,0,0,0.035,8.16,0.9,4.07,0.0211666666666667,8.92028911926598,0
"7845",2004,327,20,134.587,0,0,0,0,7.735,0.9151,4.22,0.0211666666666667,8.9203739474963,0
"7846",2004,327,21,145.4745,0.023,0,0,0,7.905,0.93055,4.085,0.0211666666666667,8.92049252831676,0
"7847",2004,327,22,154.764,0,0,0,0,8.125,0.9398,4.685,0.0211666666666667,8.92063721854067,0
"7848",2004,327,23,159.8355,0.023,0,0,0,8.185,0.95305,3.965,0.0211666666666667,8.92079911079208,0
"7849",2004,328,0,157.6985,0,0,0,0,8.28,0.9569,3.83,0.0105833333333333,8.92096583465045,0
"7850",2004,328,1,149.799,0,0,0,0,8.36,0.9594,4.25,0.0105833333333333,8.92112560596028,0
"7851",2004,328,2,139.41,0,0,0,0,8.4,0.96315,3.93,0.0105833333333333,8.92126730434332,0
"7852",2004,328,3,128.16,0,0,0,0,8.435,0.9708,2.985,0.0105833333333333,8.92138207455592,0
"7853",2004,328,4,116.7125,0,0,0,0,8.4,0.9758,2.785,0.0105833333333333,8.92146144417615,0
"7854",2004,328,5,105.42,0.023,0,0,0,8.4,0.9802,2.995,0.0105833333333333,8.9215001084608,0
"7855",2004,328,6,94.4735,0.92,0.265,0,0.025,8.4,0.9821,2.56,0.0105833333333333,8.92149513716745,0
"7856",2004,328,7,84.268,24.449,8.935,8.175,2.255,8.49,0.9829,1.815,0.0105833333333333,8.91245907967196,0
"7857",2004,328,8,75.399,135.608,52.385,61.72,13.755,8.905,0.9773,1.68,0.0105833333333333,8.86922788290958,0
"7858",2004,328,9,68.0755,162.587,60.645,71.035,15.025,9.255,0.94975,3.125,0.0105833333333333,8.86760832634618,0
"7859",2004,328,10,62.995,263.741,100.71,120.505,25.225,9.845,0.92235,2.35,0.0105833333333333,8.86757994861607,0
"7860",2004,328,11,60.7465,323.541,124.76,149.375,30.81,10.47,0.88275,2.015,0.0105833333333333,8.86757953524528,0
"7861",2004,328,12,61.6525,246.79,93.385,110.46,22.015,10.925,0.85275,0.845,0.0105833333333333,8.86757957069732,0
"7862",2004,328,13,65.578,219.604,84.63,99.665,20.205,11.125,0.8434,1.19,0.0105833333333333,8.86757967781134,0
"7863",2004,328,14,72.0165,54.303,19.285,19.96,4.175,10.82,0.86575,2.525,0.0105833333333333,8.86757358265359,0
"7864",2004,328,15,80.32,22.494,7.46,6.12,2.07,10.105,0.9123,3.545,0.0105833333333333,8.72451248036174,0
"7865",2004,328,16,89.921,3.335,0.775,0,0.435,9.225,0.95855,4.565,0.0105833333333333,8.68613074759001,0
"7866",2004,328,17,100.6835,0.138,0,0,0.03,8.875,0.97435,4.48,0.0105833333333333,8.68635046074839,0
"7867",2004,328,18,111.828,0.138,0,0,0.055,8.985,0.95485,3.275,0.0105833333333333,8.68636440834234,0
"7868",2004,328,19,123.2515,0.069,0,0,0,9.125,0.92995,3.205,0.0105833333333333,8.68641093724134,0
"7869",2004,328,20,134.6545,0.391,0,0,0.075,9.005,0.91705,4.15,0.0105833333333333,8.68650037955648,0
"7870",2004,328,21,145.5625,0.207,0,0,0.06,8.5,0.84775,6.25,0.0105833333333333,8.68663040193656,0
"7871",2004,328,22,154.895,0,0,0,0.03,8.155,0.82995,5.865,0.0105833333333333,8.68677985235493,0
"7872",2004,328,23,160.0275,0,0,0,0,8.16,0.84155,6.005,0.0105833333333333,8.68693849438884,0
"7873",2004,329,0,157.9105,0,0,0,0.035,8.04,0.84785,7.54,1.67216666666667,8.68710270127976,0
"7874",2004,329,1,149.9925,0,0,0,0.105,7.54,0.85535,7.77,1.67216666666667,8.68726012447446,0
"7875",2004,329,2,139.588,0.138,0,0,0.11,6.755,0.9033,8.11,1.67216666666667,8.68740327349096,0
"7876",2004,329,3,128.333,0.046,0,0,0.055,5.935,0.93215,10.935,1.67216666666667,8.68752016450044,0
"7877",2004,329,4,116.8845,0.253,0,0,0.195,5.23,0.93545,11.48,1.67216666666667,8.68760219355016,0
"7878",2004,329,5,105.597,0.092,0,0,0.4,4.245,0.9382,13.75,1.67216666666667,8.68764225054681,0
"7879",2004,329,6,94.6875,0.529,0.045,0,0.27,3.675,0.9355,14.635,1.67216666666667,8.68763683912695,0
"7880",2004,329,7,84.4525,7.015,2.25,0.495,0.64,3.39,0.9378,14.26,1.67216666666667,8.68748522621068,0
"7881",2004,329,8,75.6005,37.352,13.135,11.755,2.645,3.25,0.9424,14.7,1.67216666666667,8.55776403972717,0
"7882",2004,329,9,68.2845,67.344,23.775,23.78,4.29,3.52,0.9397,15.81,1.67216666666667,8.49795547064831,0
"7883",2004,329,10,63.205,77.119,25.66,26.95,4.915,3.3,0.9442,17.245,1.67216666666667,8.49698142365476,0
"7884",2004,329,11,60.949,107.387,37.66,41.68,7.77,3.12,0.9107,19.69,1.67216666666667,8.49696745078409,0
"7885",2004,329,12,61.8355,36.11,10.575,9.92,2.375,2.1,0.91325,19.31,1.67216666666667,8.4869657404672,0
"7886",2004,329,13,65.7355,84.042,30.225,31.6,6.03,1.155,0.92945,18.395,1.67216666666667,8.45333950804435,0
"7887",2004,329,14,72.1475,56.971,21.745,21.25,4.37,1.095,0.91945,20.885,1.67216666666667,8.45302817497436,0
"7888",2004,329,15,80.424,11.431,3.98,1.405,0.86,0.545,0.95015,16.27,1.67216666666667,8.32577615989465,0
"7889",2004,329,16,90.004,1.886,0.3,0,0.305,0.05,0.9839,13.105,1.67216666666667,8.31901034734683,0
"7890",2004,329,17,100.7545,0.161,0,0,0.03,0.085,0.99425,14.73,1.67216666666667,8.31909516376381,0
"7891",2004,329,18,111.8875,0.092,0,0,0.2,0.13,0.9972,12.525,1.67216666666667,8.31910349131919,0
"7892",2004,329,19,123.309,0.069,0,0,0.195,0.22,0.9889,12.68,1.67216666666667,8.31914898721812,0
"7893",2004,329,20,134.7155,0,0,0,0.285,0.28,0.9524,11.44,1.67216666666667,8.31923256224231,0
"7894",2004,329,21,145.642,0.023,0,0,0.31,0.03,0.9349,11.245,1.67216666666667,8.31934735689671,0
"7895",2004,329,22,155.017,0.184,0,0,0.235,-0.225,0.879,11.745,1.67216666666667,8.3194918683011,0
"7896",2004,329,23,160.2095,0.391,0,0,0.315,-0.52,0.83165,10.67,1.67216666666667,8.31966115198906,0
"7897",2004,330,0,158.1165,0.46,0,0,0.405,-1.235,0.79965,9.635,0.169333333333333,8.3198446768634,0
"7898",2004,330,1,150.1845,0.368,0,0,0.23,-1.875,0.79445,8.1,0.169333333333333,8.32002186279614,0
"7899",2004,330,2,139.7655,0.253,0,0,0.115,-2.27,0.7959,7.69,0.169333333333333,8.32017392496535,0
"7900",2004,330,3,128.504,0.161,0,0,0.055,-2.65,0.79165,6.39,0.169333333333333,8.32029224824556,0
"7901",2004,330,4,117.0555,0,0,0,0.11,-3.45,0.79505,4.775,0.169333333333333,8.32037057630222,0
"7902",2004,330,5,105.772,0.046,0,0,0,-3.935,0.7808,4.51,0.169333333333333,8.32040737543397,0
"7903",2004,330,6,94.866,3.312,0.605,0.22,0.665,-4.605,0.8063,3.415,0.169333333333333,8.32040509902363,0
"7904",2004,330,7,84.6345,143.612,38.735,58.52,38.95,-4.82,0.821,2.54,0.169333333333333,8.39961223503615,0
"7905",2004,330,8,75.7975,462.323,124.02,223.3,120.015,-3.55,0.78,2.615,0.169333333333333,8.39938135624254,0
"7906",2004,330,9,68.49,743.774,200.04,370.95,185.46,-1.575,0.7284,3.085,0.169333333333333,8.39935346505007,0
"7907",2004,330,10,63.4105,950.935,262.23,481.65,227,-0.25,0.73415,3.22,0.169333333333333,8.39935297219906,0
"7908",2004,330,11,61.1475,1027.41,293.825,524.08,233.34,0.36,0.71845,3.45,0.169333333333333,8.39935308817541,0
"7909",2004,330,12,62.013,986.516,293.775,502.925,213.245,1.01,0.70595,3.92,0.169333333333333,8.39935295188901,0
"7910",2004,330,13,65.886,825.447,256.085,418.635,171.75,1.62,0.69555,3.995,0.169333333333333,8.39935294700475,0
"7911",2004,330,14,72.2725,571.067,182.42,284.075,118.355,1.615,0.6803,4.54,0.169333333333333,8.39935295641542,0
"7912",2004,330,15,80.5235,261.74,83.71,118.58,58.34,1.385,0.72665,4.505,0.169333333333333,8.3993529512338,0
"7913",2004,330,16,90.078,28.704,8.57,9.01,7.32,0.43,0.8089,3.15,0.169333333333333,8.40146796465504,0
"7914",2004,330,17,100.819,0.046,0,0,0,0.03,0.84395,2.48,0.169333333333333,8.45477327801921,0
"7915",2004,330,18,111.9445,0.069,0,0,0,-0.195,0.84655,2.79,0.169333333333333,8.45713009434175,0
"7916",2004,330,19,123.3595,0.437,0,0,0,0.485,0.8415,3.855,0.169333333333333,8.45721330228376,0
"7917",2004,330,20,134.7715,0.391,0,0,0,0.85,0.8528,4.29,0.169333333333333,8.45730748232233,0
"7918",2004,330,21,145.7155,0.322,0,0,0,1.005,0.83295,4.32,0.169333333333333,8.45743756018537,0
"7919",2004,330,22,155.1325,0.391,0,0,0.065,0.825,0.85465,3.87,0.169333333333333,8.45759511279864,0
"7920",2004,330,23,160.387,0.23,0,0,0,1.11,0.83075,5.015,0.169333333333333,8.45776977558822,0
"7921",2004,331,0,158.3175,0.345,0,0,0,1.755,0.78685,6.13,0.0211666666666667,8.45794651072976,0
"7922",2004,331,1,150.3725,0.299,0,0,0,1.92,0.8073,6.36,0.0211666666666667,8.45811964498482,0
"7923",2004,331,2,139.9405,0.138,0,0,0,1.91,0.82595,6.265,0.0211666666666667,8.45826867234493,0
"7924",2004,331,3,128.673,0.184,0,0,0,2.05,0.8437,6.185,0.0211666666666667,8.45838640650372,0
"7925",2004,331,4,117.2255,0.046,0,0,0,2.235,0.85895,6.02,0.0211666666666667,8.45846681210112,0
"7926",2004,331,5,105.945,0,0,0,0,2.405,0.8691,5.87,0.0211666666666667,8.45850450142921,0
"7927",2004,331,6,95.042,1.38,0.42,0,0.065,2.635,0.8753,5.71,0.0211666666666667,8.4585003491966,0
"7928",2004,331,7,84.8145,59.087,20.875,24.78,7.88,3.025,0.8755,6.265,0.0211666666666667,8.48700514284103,0
"7929",2004,331,8,75.993,245.203,88.67,114.135,32.245,3.955,0.86525,6.365,0.0211666666666667,8.48569640735159,0
"7930",2004,331,9,68.6905,462.783,170.31,216.83,56.14,5.42,0.8294,7.535,0.0211666666666667,8.48557133874815,0
"7931",2004,331,10,63.61,706.629,266.42,337.55,80.65,7.27,0.7855,8.645,0.0211666666666667,8.48556903331818,0
"7932",2004,331,11,61.3355,575.276,220.035,272.21,61.035,8.32,0.77445,7.83,0.0211666666666667,8.48556897433351,0
"7933",2004,331,12,62.1845,448.5,170.86,208.425,45.63,8.905,0.77305,8.12,0.0211666666666667,8.4855689887115,0
"7934",2004,331,13,66.0325,332.419,125.815,152.19,33.51,9.26,0.7699,7.18,0.0211666666666667,8.48556901248244,0
"7935",2004,331,14,72.389,207.966,77.795,92.575,20.93,8.99,0.7973,6.96,0.0211666666666667,8.48556907626654,0
"7936",2004,331,15,80.6155,118.105,46.145,52.755,12.425,9.175,0.80065,6.935,0.0211666666666667,8.4855692811875,0
"7937",2004,331,16,90.1465,14.789,6.01,5.095,1.625,8.87,0.7984,6.035,0.0211666666666667,8.495893841249,0
"7938",2004,331,17,100.8775,0,0,0,0.035,8.21,0.77205,5.685,0.0211666666666667,8.52773294504102,0
"7939",2004,331,18,111.991,0,0,0,0.01,7.79,0.78765,5.78,0.0211666666666667,8.52860807200009,0
"7940",2004,331,19,123.4035,0,0,0,0,8.315,0.75175,6.15,0.0211666666666667,8.52866599126285,0
"7941",2004,331,20,134.82,0,0,0,0.025,8.725,0.71945,6.605,0.0211666666666667,8.52874880807736,0
"7942",2004,331,21,145.7805,0.069,0,0,0.085,8.525,0.7389,7.47,0.0211666666666667,8.52886575997094,0
"7943",2004,331,22,155.239,0,0,0,0,8.76,0.7027,8.225,0.0211666666666667,8.52900912953227,0
"7944",2004,331,23,160.5555,0,0,0,0.05,8.4,0.73245,8.12,0.0211666666666667,8.52916598263282,0
"7945",2004,332,0,158.5145,0,0,0,0,8.805,0.70015,9.1,0.783166666666667,8.52932835179396,0
"7946",2004,332,1,150.557,0,0,0,0.01,8.78,0.7069,9.585,0.783166666666667,8.52948402828317,0
"7947",2004,332,2,140.1125,0,0,0,0.1,8.495,0.73715,9.715,0.783166666666667,8.52962275386707,0
"7948",2004,332,3,128.8405,0.092,0,0,0.115,7.73,0.8115,9.685,0.783166666666667,8.52973626972474,0
"7949",2004,332,4,117.393,0.092,0,0,0.02,7.555,0.8313,9.565,0.783166666666667,8.52981591906914,0
"7950",2004,332,5,106.116,0.046,0,0,0.07,7.305,0.8308,11.225,0.783166666666667,8.52985417675201,0
"7951",2004,332,6,95.2525,0.322,0.02,0,0.14,7.035,0.8636,9.965,0.783166666666667,8.52984886224566,0
"7952",2004,332,7,84.991,4.577,1.415,0,0.14,7.255,0.86895,9.425,0.783166666666667,8.52975408655411,0
"7953",2004,332,8,76.1825,19.895,6.67,4.015,0.95,7.445,0.90255,10.175,0.783166666666667,8.52176169794493,0
"7954",2004,332,9,68.8845,42.274,14.055,12.58,2.33,7.46,0.9247,12.04,0.783166666666667,8.22267380664374,0
"7955",2004,332,10,63.803,62.997,21.445,21.54,3.76,7.17,0.9391,11.235,0.783166666666667,8.19000100613209,0
"7956",2004,332,11,61.5195,103.178,36.045,38.675,6.395,6.945,0.9463,10.485,0.783166666666667,8.18953385478834,0
"7957",2004,332,12,62.347,222.847,83.105,96.055,17.525,7.365,0.9351,11.89,0.783166666666667,8.18952799792947,0
"7958",2004,332,13,66.17,101.476,36.95,39.85,7.16,7.415,0.94675,10.475,0.783166666666667,8.18952794600622,0
"7959",2004,332,14,72.4995,45.678,16.2,14.945,2.805,7.79,0.9502,9.67,0.783166666666667,8.18918905086894,0
"7960",2004,332,15,80.703,21.965,6.885,5.755,2.3,6.545,0.9054,12.455,0.783166666666667,8.00724081209424,0
"7961",2004,332,16,90.2095,5.865,1.495,0.91,1.185,3.765,0.88395,12.95,0.783166666666667,7.98340368051563,0
"7962",2004,332,17,100.9295,0.253,0,0,0.01,3.66,0.87415,12.13,0.783166666666667,7.98369118130339,0
"7963",2004,332,18,112.032,0.092,0,0,0.07,3.64,0.85255,11.405,0.783166666666667,7.98370668073433,0
"7964",2004,332,19,123.442,0,0,0,0.215,3.425,0.8469,12.36,0.783166666666667,7.98374807533867,0
"7965",2004,332,20,134.8615,0,0,0,0.13,3.085,0.8413,11.83,0.783166666666667,7.98382504907292,0
"7966",2004,332,21,145.84,0,0,0,0.155,2.875,0.84165,11.325,0.783166666666667,7.98393565043143,0
"7967",2004,332,22,155.3375,0,0,0,0.08,2.785,0.83345,11.545,0.783166666666667,7.98407038966252,0
"7968",2004,332,23,160.7175,0,0,0,0.115,2.595,0.8265,9.785,0.783166666666667,7.9842206867661,0
"7969",2004,333,0,158.705,0,0,0,0.125,2.425,0.8286,9.285,0,7.98437673550631,0
"7970",2004,333,1,150.7375,0,0,0,0.035,2.36,0.8362,8.935,0,7.98452700627625,0
"7971",2004,333,2,140.283,0.023,0,0,0.035,2.305,0.842,8.125,0,7.9846620667758,0
"7972",2004,333,3,129.0055,0,0,0,0.025,2.355,0.82485,8.33,0,7.98477168680905,0
"7973",2004,333,4,117.5595,0,0,0,0.135,2.2,0.824,7.48,0,7.98484784536103,0
"7974",2004,333,5,106.286,0,0,0,0.155,1.95,0.8361,7.57,0,7.98488582542739,0
"7975",2004,333,6,95.425,1.61,0.415,0,0.275,1.62,0.8492,6.73,0,7.98488509207826,0
"7976",2004,333,7,85.162,71.714,27.5,30.64,7.785,1.195,0.8567,4.465,0,8.05552063509236,0
"7977",2004,333,8,76.3685,188.186,73.525,88.835,20.39,1.01,0.84155,5.405,0,8.05643085932726,0
"7978",2004,333,9,69.0745,333.707,129.8,160.06,36.59,1.05,0.82675,5.46,0,8.05636792888362,0
"7979",2004,333,10,63.991,644.621,253.625,321.27,76.93,1.705,0.81,3.81,0,8.05636661285805,0
"7980",2004,333,11,61.696,656.765,256.71,324.94,77.595,2.445,0.7977,3.33,0,8.05636662246536,0
"7981",2004,333,12,62.504,757.781,293.41,381.35,96.525,3.355,0.7653,3.065,0,8.05636658070443,0
"7982",2004,333,13,66.3005,615.411,238.725,307.185,79.055,3.99,0.75,2.69,0,8.05636659428206,0
"7983",2004,333,14,72.603,438.081,168.11,214.965,60.675,4.525,0.7259,2.26,0,8.05636662039892,0
"7984",2004,333,15,80.7825,199.456,76.44,91.145,29.065,4.8,0.7151,0.66,0,8.05636669415216,0
"7985",2004,333,16,90.2665,17.089,6.965,5.025,0.835,3.785,0.761,0.16,0,8.07132986345506,0
"7986",2004,333,17,100.975,0,0,0,0,3.26,0.8023,1.12,0,8.12941792059985,0
"7987",2004,333,18,112.069,0,0,0,0,2.925,0.84015,1.785,0,8.13075908456006,0
"7988",2004,333,19,123.473,0,0,0,0,2.73,0.8631,2.34,0,8.13082060097405,0
"7989",2004,333,20,134.896,0,0,0,0,2.885,0.851,2.68,0,8.13089979814095,0
"7990",2004,333,21,145.891,0,0,0,0,2.79,0.8587,3.435,0,8.13101132803567,0
"7991",2004,333,22,155.4295,0,0,0,0.015,2.65,0.87,4.415,0,8.13114782564662,0
"7992",2004,333,23,160.8705,0,0,0,0.03,2.54,0.88905,3.325,0,8.13130054598519,0
"7993",2004,334,0,158.892,0,0,0,0,2.47,0.89865,4.095,0.328083333333333,8.13145823052481,0
"7994",2004,334,1,150.9165,0,0,0,0.015,2.5,0.88915,3.9,0.328083333333333,8.13161047132022,0
"7995",2004,334,2,140.45,0,0,0,0,2.42,0.9003,2.425,0.328083333333333,8.13174629705055,0
"7996",2004,334,3,129.1705,0,0,0,0.005,2.32,0.90845,3.155,0.328083333333333,8.13185656236246,0
"7997",2004,334,4,117.7225,0.046,0,0,0.005,2.505,0.8978,4.145,0.328083333333333,8.13193392918986,0
"7998",2004,334,5,106.4525,0.023,0,0,0.015,2.685,0.8911,5.11,0.328083333333333,8.13197233745384,0
"7999",2004,334,6,95.5935,0.414,0.105,0,0.095,2.655,0.9022,4.945,0.328083333333333,8.13196923062878,0
"8000",2004,334,7,85.332,11.293,4.005,1.92,0.89,2.595,0.9205,5.105,0.328083333333333,8.13167943154935,0
"8001",2004,334,8,76.553,45.034,16.245,15.16,3.385,2.75,0.92295,5.05,0.328083333333333,8.03233149623177,0
"8002",2004,334,9,69.2625,71.369,24.945,25.355,4.815,2.905,0.92785,5.525,0.328083333333333,8.01659377036175,0
"8003",2004,334,10,64.1735,93.357,32.335,34.205,6.16,3.1,0.94155,5.16,0.328083333333333,8.01627424960764,0
"8004",2004,334,11,61.867,99.498,34.28,36.605,6.585,3.195,0.92695,3.715,0.328083333333333,8.01626949635488,0
"8005",2004,334,12,62.6545,111.458,39.01,41.86,7.505,3.295,0.9122,3.325,0.328083333333333,8.01626939192197,0
"8006",2004,334,13,66.4245,94.576,34.295,36.585,7.035,3.255,0.90215,2.68,0.328083333333333,8.01626941198929,0
"8007",2004,334,14,72.702,74.313,27.41,28.68,5.84,3.06,0.9242,3.91,0.328083333333333,8.0162693393053,0
"8008",2004,334,15,80.8545,31.947,11.98,10.495,2.805,2.875,0.9402,4.285,0.328083333333333,7.99742231703132,0
"8009",2004,334,16,90.3175,5.635,2.085,1,0.615,2.87,0.9518,3.515,0.328083333333333,7.9228097995892,0
"8010",2004,334,17,101.0155,0.069,0,0,0.095,2.985,0.95285,3.77,0.328083333333333,7.92462814003976,0
"8011",2004,334,18,112.0975,0.092,0,0,0.1,3.165,0.9441,3.245,0.328083333333333,7.92467549545032,0
"8012",2004,334,19,123.499,0.069,0,0,0.075,3.415,0.9217,3.015,0.328083333333333,7.92471666330419,0
"8013",2004,334,20,134.925,0.253,0,0,0.1,3.45,0.92875,3.245,0.328083333333333,7.92479693493904,0
"8014",2004,334,21,145.934,0.046,0,0,0.1,3.47,0.9404,2.86,0.328083333333333,7.9249122889669,0
"8015",2004,334,22,155.5115,0.23,0,0,0.105,3.485,0.9468,3.03,0.328083333333333,7.92505202247582,0
"8016",2004,334,23,161.0195,0.046,0,0,0.155,3.395,0.9536,3.115,0.328083333333333,7.92520957046621,0
"8017",2004,335,0,159.0725,0.207,0,0,0.185,3.235,0.9622,3.865,0.740833333333333,7.92537102697954,0
"8018",2004,335,1,151.093,0.161,0,0,0.2,2.985,0.96495,4.43,0.740833333333333,7.92553059495401,0
"8019",2004,335,2,140.6165,0.23,0,0,0.17,2.82,0.96875,4.2,0.740833333333333,7.92567363886523,0
"8020",2004,335,3,129.3315,0.207,0,0,0.15,2.78,0.96545,4.05,0.740833333333333,7.92579108026471,0
"8021",2004,335,4,117.8845,0.046,0,0,0.15,2.775,0.9643,4.575,0.740833333333333,7.92587094951182,0
"8022",2004,335,5,106.6175,0.23,0,0,0.09,2.74,0.97,5.71,0.740833333333333,7.92591117524187,0
"8023",2004,335,6,95.8015,0.414,0.06,0,0.115,3.12,0.95715,2.45,0.740833333333333,7.92590896608672,0
"8024",2004,335,7,85.4965,15.617,5.99,3.335,1.395,3.205,0.96075,2.625,0.740833333333333,7.92525610153543,0
"8025",2004,335,8,76.7305,69.299,26.28,26.68,5.62,3.425,0.96535,3.63,0.740833333333333,7.89731114022831,0
"8026",2004,335,9,69.443,63.204,23.2,22.905,4.775,3.52,0.9604,3.725,0.740833333333333,7.89435647972032,0
"8027",2004,335,10,64.3515,136.965,50.565,55.405,10.51,3.555,0.96165,5.145,0.740833333333333,7.89428458585841,0
"8028",2004,335,11,62.031,129.835,46.58,51.39,9.46,3.685,0.95885,5.32,0.740833333333333,7.8942835127125,0
"8029",2004,335,12,62.7965,140.668,50.9,56.825,10.515,3.855,0.95865,5.92,0.740833333333333,7.89428356498416,0
"8030",2004,335,13,66.5415,68.54,24.13,24.455,4.395,3.99,0.9533,5.14,0.740833333333333,7.89428319547199,0
"8031",2004,335,14,72.791,61.571,22.05,22.25,4.225,4.145,0.9522,4.27,0.740833333333333,7.89426152039266,0
"8032",2004,335,15,80.9195,26.68,9.42,7.865,2.095,4.195,0.95005,4.205,0.740833333333333,7.82829697608323,0
"8033",2004,335,16,90.3985,11.523,4.565,4,1.235,4.085,0.95175,5.45,0.740833333333333,7.76300235530169,0
"8034",2004,335,17,101.047,0.23,0,0,0.105,4.025,0.96295,3.415,0.740833333333333,7.76403988872311,0
"8035",2004,335,18,112.122,0.437,0,0,0.135,3.985,0.97005,3.94,0.740833333333333,7.76409109673726,0
"8036",2004,335,19,123.518,0.437,0,0,0.285,3.715,0.9611,6.765,0.740833333333333,7.76413511714587,0
"8037",2004,335,20,134.948,0.253,0,0,0.665,2.035,0.94475,7.625,0.740833333333333,7.76421989947906,0
"8038",2004,335,21,145.9725,0.368,0,0,0.33,0.81,0.96625,5.91,0.740833333333333,7.76433804397146,0
"8039",2004,335,22,155.5875,0.437,0,0,0.04,0.355,0.97785,7.685,0.740833333333333,7.76448850368685,0
"8040",2004,335,23,161.158,0.391,0,0,0.04,0.445,0.9611,9.24,0.740833333333333,7.76465795278957,0
"8041",2004,336,0,159.2495,0.46,0,0,0.01,0.3,0.95745,10.505,0.0635,7.76483396191543,0
"8042",2004,336,1,151.2635,0.207,0,0,0.11,0.325,0.91075,11.625,0.0635,7.76500110612342,0
"8043",2004,336,2,140.781,0,0,0,0.015,0.305,0.8812,9.945,0.0635,7.76513986401603,0
"8044",2004,336,3,129.492,0.023,0,0,0.12,0.02,0.86695,9.18,0.0635,7.76524889549491,0
"8045",2004,336,4,118.0435,0,0,0,0.025,-0.32,0.8617,8.235,0.0635,7.76532557637255,0
"8046",2004,336,5,106.78,0,0,0,0.08,-0.755,0.8816,8.05,0.0635,7.76536439375226,0
"8047",2004,336,6,95.9685,1.886,0.57,0.005,0.27,-1.17,0.87205,7.045,0.0635,7.7653667666677,0
"8048",2004,336,7,85.656,107.985,41.12,42.495,16.595,-1.14,0.85175,5.825,0.0635,7.87150282250815,0
"8049",2004,336,8,76.906,398.429,152.535,189.885,56.95,-0.72,0.82375,6.89,0.0635,7.87239615054946,0
"8050",2004,336,9,69.6185,666.862,261.36,332.05,85.89,-0.16,0.81155,6.78,0.0635,7.87236838703034,0
"8051",2004,336,10,64.5215,857.601,340.525,436.045,103.65,0.505,0.7981,6.655,0.0635,7.87236777155501,0
"8052",2004,336,11,62.188,946.243,373.89,486.085,115.57,1.42,0.78705,7.19,0.0635,7.87236780380908,0
"8053",2004,336,12,62.9325,921.127,358.03,472.265,118.18,2.365,0.7713,6.45,0.0635,7.87236773849718,0
"8054",2004,336,13,66.6495,777.216,296.68,395.85,107.805,3.315,0.7454,6.745,0.0635,7.87236775151244,0
"8055",2004,336,14,72.874,524.607,196.74,261.01,80.27,3.825,0.7378,7.265,0.0635,7.8723677781675,0
"8056",2004,336,15,80.98,242.788,89.425,111.385,43.585,3.83,0.7385,6.395,0.0635,7.87236785654487,0
"8057",2004,336,16,90.439,25.553,8.785,7.46,5.61,2.92,0.82275,5.005,0.0635,7.87852853524719,0
"8058",2004,336,17,101.074,0.115,0,0,0.015,1.855,0.8622,3.93,0.0635,7.95031175226528,0
"8059",2004,336,18,112.1405,0.023,0,0,0,1.005,0.89275,2.565,0.0635,7.95237241986046,0
"8060",2004,336,19,123.531,0.276,0,0,0,0.795,0.89865,3.07,0.0635,7.95244352597415,0
"8061",2004,336,20,134.963,0.138,0,0,0,0.675,0.8982,2.64,0.0635,7.95252579739277,0
"8062",2004,336,21,146.002,0.023,0,0,0,0.07,0.9128,0.935,0.0635,7.95263807193603,0
"8063",2004,336,22,155.6545,0.184,0,0,0,0.19,0.90485,0.65,0.0635,7.95277632870319,0
"8064",2004,336,23,161.289,0.023,0,0,0,0.32,0.90125,0.96,0.0635,7.95293223785139,0
"8065",2004,337,0,159.4205,0.184,0,0,0,-0.205,0.9377,0.445,0.0105833333333333,7.95309286107251,0
"8066",2004,337,1,151.4305,0.023,0,0,0,-0.4,0.9538,1.68,0.0105833333333333,7.95324926083687,0
"8067",2004,337,2,140.9415,0.069,0,0,0,4.16333634234434e-18,0.92745,2.045,0.0105833333333333,7.95338626011051,0
"8068",2004,337,3,129.649,0.138,0,0,0,-0.175,0.93165,1.89,0.0105833333333333,7.95350001062465,0
"8069",2004,337,4,118.2015,0.023,0,0,0,-0.3,0.9408,1.81,0.0105833333333333,7.95357947870106,0
"8070",2004,337,5,106.9405,0.092,0,0,0,-0.68,0.9554,2,0.0105833333333333,7.95361945783221,0
"8071",2004,337,6,96.1325,1.587,0.505,0,0.035,-0.76,0.95,2.485,0.0105833333333333,7.95362029968564,0
"8072",2004,337,7,85.813,79.373,30.095,33.46,12.11,-0.935,0.95325,2.075,0.0105833333333333,8.03539868286524,0
"8073",2004,337,8,77.0755,328.049,116.49,147.095,43.97,-0.205,0.9318,1.365,0.0105833333333333,8.0363733742903,0
"8074",2004,337,9,69.7905,655.247,246.905,313.62,82.915,1.175,0.89,1.62,0.0105833333333333,8.03632369318907,0
"8075",2004,337,10,64.687,861.189,331.205,430.52,109.03,2.32,0.87795,2.49,0.0105833333333333,8.03632261668727,0
"8076",2004,337,11,62.34,888.145,338.965,447.16,112.865,4.205,0.82435,2.695,0.0105833333333333,8.03632263584353,0
"8077",2004,337,12,63.061,891.595,337.24,450.53,117.77,5.055,0.76505,3.62,0.0105833333333333,8.03632259422422,0
"8078",2004,337,13,66.752,581.049,218.05,284.73,76.32,5.385,0.73355,5.185,0.0105833333333333,8.03632260556009,0
"8079",2004,337,14,72.95,294.377,112.4,135.405,35.32,5.04,0.7445,6.105,0.0105833333333333,8.0363226239167,0
"8080",2004,337,15,81.033,214.912,83.32,99.215,34.77,4.615,0.74315,6.2,0.0105833333333333,8.03632267045221,0
"8081",2004,337,16,90.47,23.552,8.65,7.03,4.03,3.535,0.80545,4.35,0.0105833333333333,8.04389843636162,0
"8082",2004,337,17,101.095,0.023,0,0,0.025,2.38,0.85045,3.885,0.0105833333333333,8.1068600509431,0
"8083",2004,337,18,112.151,0.184,0,0,0,1.365,0.8889,3.465,0.0105833333333333,8.10860289179958,0
"8084",2004,337,19,123.538,0.299,0,0,0,1.15,0.8821,4.01,0.0105833333333333,8.10867203708425,0
"8085",2004,337,20,134.972,0.138,0,0,0,1.14,0.8712,4.64,0.0105833333333333,8.10875618851197,0
"8086",2004,337,21,146.026,0.115,0,0,0,1.455,0.8488,5.55,0.0105833333333333,8.1088713588856,0
"8087",2004,337,22,155.714,0.184,0,0,0.03,1.615,0.8364,6.565,0.0105833333333333,8.10901402856922,0
"8088",2004,337,23,161.4135,0.115,0,0,0.145,1.425,0.843,7.37,0.0105833333333333,8.10917463121052,0
"8089",2004,338,0,159.586,0.092,0,0,0.085,0.785,0.87635,5.625,0,8.10933716774891,0
"8090",2004,338,1,151.5955,0.092,0,0,0.075,0.105,0.9069,4.45,0,8.10949413315199,0
"8091",2004,338,2,141.099,0,0,0,0,-0.395,0.92165,3.665,0,8.1096330561514,0
"8092",2004,338,3,129.8035,0,0,0,0,-0.875,0.93645,2.99,0,8.10974408342368,0
"8093",2004,338,4,118.3585,0,0,0,0,-1.26,0.9458,3.28,0,8.10982194833543,0
"8094",2004,338,5,107.0995,0,0,0,0,-1.51,0.9473,3.115,0,8.10986124623065,0
"8095",2004,338,6,96.2945,1.403,0.545,0.01,0.06,-1.72,0.9503,2.65,0,8.10986126967593,0
"8096",2004,338,7,86.0045,98.371,33.01,37.625,16.51,-1.98,0.9542,2.195,0,8.19388069102023,0
"8097",2004,338,8,77.242,392.035,136.49,175.5,59.66,-0.995,0.92755,2.18,0,8.19422974876292,0
"8098",2004,338,9,69.955,587.604,235.31,284.555,68.655,0.515,0.8574,0.965,0,8.19419101650004,0
"8099",2004,338,10,64.846,785.013,320.53,396.215,88.985,1.3,0.82275,1.265,0,8.19419021802785,0
"8100",2004,338,11,62.484,940.24,371.35,479.25,113.135,1.945,0.8109,2.445,0,8.19419028186327,0
"8101",2004,338,12,63.183,910.685,351.17,462.295,115.67,2.98,0.74925,3.635,0,8.19419021169299,0
"8102",2004,338,13,66.8465,743.82,286.095,375.7,100.265,4.125,0.73765,4.495,0,8.19419022980323,0
"8103",2004,338,14,73.0195,531.024,201.875,261.205,77.875,5.13,0.6797,4.585,0,8.19419027530414,0
"8104",2004,338,15,81.078,257.462,100.91,123.405,40.36,5.415,0.6959,4.535,0,8.19419042005171,0
"8105",2004,338,16,90.4985,22.218,9.32,8.88,2.805,4.475,0.7835,3.505,0,8.20081412769848,0
"8106",2004,338,17,101.1105,0,0,0,0,3.02,0.8301,3.305,0,8.25933660413769,0
"8107",2004,338,18,112.157,0.115,0,0,0,2.55,0.8187,3.505,0,8.26095514236288,0
"8108",2004,338,19,123.5385,0.161,0,0,0,1.905,0.84785,4.35,0,8.26102253586972,0
"8109",2004,338,20,134.974,0.115,0,0,0,1.375,0.86255,4.2,0,8.26110543325509,0
"8110",2004,338,21,146.042,0.069,0,0,0,1.27,0.8585,4.405,0,8.26122094462332,0
"8111",2004,338,22,155.7665,0.023,0,0,0,1.135,0.84825,3.915,0,8.26136033033569,0
"8112",2004,338,23,161.5285,0,0,0,0,0.71,0.8581,4.2,0,8.26151539453371,0
"8113",2004,339,0,159.7455,0.138,0,0,0,0.955,0.8305,4.75,0.03175,8.2616776705687,0
"8114",2004,339,1,151.757,0.069,0,0,0,0.88,0.8428,4.78,0.03175,8.26183712989532,0
"8115",2004,339,2,141.254,0.069,0,0,0,0.335,0.8765,4.455,0.03175,8.26197792797174,0
"8116",2004,339,3,129.9565,0.115,0,0,0,0.16,0.88555,4.83,0.03175,8.26209339048157,0
"8117",2004,339,4,118.511,0.092,0,0,0,0.155,0.87865,4.76,0.03175,8.26217453527099,0
"8118",2004,339,5,107.2525,0.23,0,0,0.02,0.315,0.8604,5.575,0.03175,8.26221614854228,0
"8119",2004,339,6,96.4515,1.311,0.415,0,0.22,0.05,0.8728,5.67,0.03175,8.26221492135559,0
"8120",2004,339,7,86.155,105.087,38.685,43.48,17.27,0.28,0.8649,6.42,0.03175,8.34042472133328,0
"8121",2004,339,8,77.403,378.787,142.845,174.03,49.46,1.15,0.8442,7.33,0.03175,8.34044460130158,0
"8122",2004,339,9,70.1155,601.358,229.3,286.78,71.775,2.395,0.82985,7.65,0.03175,8.34040622333388,0
"8123",2004,339,10,64.998,829.472,311.18,401.925,101.255,4.845,0.78165,8.92,0.03175,8.34040547193925,0
"8124",2004,339,11,62.619,801.159,298.145,390.915,99.84,7.12,0.7261,10.42,0.03175,8.34040552190945,0
"8125",2004,339,12,63.297,875.656,322.25,429.655,113.205,8.86,0.68715,10.14,0.03175,8.34040546607809,0
"8126",2004,339,13,66.9355,649.014,236.24,312.35,85.98,9.925,0.64425,9.795,0.03175,8.34040550828085,0
"8127",2004,339,14,73.0825,581.67,211.525,277.165,83.165,10.65,0.6407,8.78,0.03175,8.34040564713845,0
"8128",2004,339,15,81.118,277.541,99.47,122.96,45.105,10.635,0.6397,7.325,0.03175,8.34040612543814,0
"8129",2004,339,16,90.519,26.381,9.205,7.87,5.795,8.995,0.7158,5.33,0.03175,8.34328754463732,0
"8130",2004,339,17,101.118,0.069,0,0,0.005,7.575,0.74725,5,0.03175,8.39493880978888,0
"8131",2004,339,18,112.1555,0.023,0,0,0,6.04,0.79325,4.05,0.03175,8.39689471589091,0
"8132",2004,339,19,123.5325,0.023,0,0,0.06,4.855,0.8282,4.73,0.03175,8.39696692042042,0
"8133",2004,339,20,134.9715,0,0,0,0,4.445,0.8269,4.14,0.03175,8.39704719906744,0
"8134",2004,339,21,146.052,0,0,0,0.02,3.755,0.8322,4.52,0.03175,8.39715995478385,0
"8135",2004,339,22,155.8095,0.023,0,0,0,3.47,0.82895,4.355,0.03175,8.39729921090985,0
"8136",2004,339,23,161.6355,0,0,0,0.025,2.925,0.8497,4.395,0.03175,8.39745508879387,0
"8137",2004,340,0,159.899,0,0,0,0,2.5,0.86355,3.825,0.243416666666667,8.39761568537889,0
"8138",2004,340,1,151.915,0,0,0,0,2.375,0.85545,3.025,0.243416666666667,8.39777058006803,0
"8139",2004,340,2,141.4065,0,0,0,0,1.875,0.8743,1.085,0.243416666666667,8.39790993761259,0
"8140",2004,340,3,130.1075,0,0,0,0,1.955,0.87085,0.565,0.243416666666667,8.39802288468729,0
"8141",2004,340,4,118.6615,0.023,0,0,0,2.135,0.8616,0.875,0.243416666666667,8.39810233750509,0
"8142",2004,340,5,107.405,0,0,0,0,2.065,0.8614,2.59,0.243416666666667,8.3981421219212,0
"8143",2004,340,6,96.606,1.15,0.405,0,0.03,1.135,0.8847,3.26,0.243416666666667,8.39814077244529,0
"8144",2004,340,7,86.301,105.11,32.265,34.31,15.49,0.455,0.89565,3.91,0.243416666666667,8.46941414675858,0
"8145",2004,340,8,77.559,375.153,132.55,161.45,48.2,1.69,0.87155,3.205,0.243416666666667,8.46919454954549,0
"8146",2004,340,9,70.2685,615.986,234.735,298.665,80.235,4.105,0.8352,2.7,0.243416666666667,8.46915364489656,0
"8147",2004,340,10,65.1445,540.063,208.165,265.385,66.44,5.91,0.8063,3.31,0.243416666666667,8.4691528670476,0
"8148",2004,340,11,62.749,642.965,247.5,318.775,80.765,7.275,0.77775,3.66,0.243416666666667,8.46915291934737,0
"8149",2004,340,12,63.405,662.055,252.355,325.715,83.6,8.535,0.7348,4.725,0.243416666666667,8.4691528666875,0
"8150",2004,340,13,67.0165,593.17,223.89,290.345,77.325,9.755,0.65525,6.15,0.243416666666667,8.46915292138184,0
"8151",2004,340,14,73.1375,490.291,183.275,235.235,68.875,10.02,0.6816,6.05,0.243416666666667,8.46915310794981,0
"8152",2004,340,15,81.151,102.189,39.125,45.76,11.925,8.98,0.7514,5.195,0.243416666666667,8.46915300673866,0
"8153",2004,340,16,90.533,15.295,6.345,6.175,2.135,8.3,0.78595,5.5,0.243416666666667,8.47465694220741,0
"8154",2004,340,17,101.1205,0,0,0,0.055,8.01,0.7641,6.16,0.243416666666667,8.50144154207538,0
"8155",2004,340,18,112.1475,0,0,0,0.005,7.67,0.78165,6.875,0.243416666666667,8.50222761320184,0
"8156",2004,340,19,123.5225,0.23,0,0,0.1,7.35,0.7997,8.05,0.243416666666667,8.50228326185651,0
"8157",2004,340,20,134.963,0.023,0,0,0.05,7.315,0.8193,7.5,0.243416666666667,8.5023683322358,0
"8158",2004,340,21,146.0545,0.023,0,0,0.09,6.675,0.884,7.74,0.243416666666667,8.50248354568879,0
"8159",2004,340,22,155.8455,0.322,0,0,0.06,6.55,0.9208,7.335,0.243416666666667,8.50263061559099,0
"8160",2004,340,23,161.7365,0.184,0,0,0,6.625,0.9612,6.05,0.243416666666667,8.50280107759769,0
"8161",2004,341,0,160.0465,0.368,0,0,0,6.885,0.98025,5.365,0.0846666666666667,8.50297781468092,0
"8162",2004,341,1,152.068,0.391,0,0,0,7.43,0.98365,4.905,0.0846666666666667,8.50315485036682,0
"8163",2004,341,2,141.5565,0.391,0,0,0,7.995,0.9861,4.99,0.0846666666666667,8.50331368859063,0
"8164",2004,341,3,130.255,0.23,0,0,0,8.47,0.99085,5.105,0.0846666666666667,8.50343977372227,0
"8165",2004,341,4,118.8105,0.046,0,0,0.005,8.765,0.99165,5.21,0.0846666666666667,8.50352283970904,0
"8166",2004,341,5,107.554,0.023,0,0,0.005,9.13,0.97645,5.345,0.0846666666666667,8.50356293371502,0
"8167",2004,341,6,96.757,0.253,0.11,0,0,9.105,0.97665,5.055,0.0846666666666667,8.50355953863726,0
"8168",2004,341,7,86.482,13.087,4.975,2.76,1.055,9.24,0.98565,4.665,0.0846666666666667,8.50309869521529,0
"8169",2004,341,8,77.712,125.189,50.05,55.25,10.57,9.685,0.97415,4.645,0.0846666666666667,8.47639557199447,0
"8170",2004,341,9,70.418,387.941,140.435,174.72,36.405,10.345,0.94655,4.77,0.0846666666666667,8.47422699694945,0
"8171",2004,341,10,65.2845,603.313,226.905,281.9,61.125,11.34,0.9022,5.385,0.0846666666666667,8.47418490337689,0
"8172",2004,341,11,62.8725,204.194,77.405,90.2,19.025,10.955,0.93475,5.405,0.0846666666666667,8.47418438176557,0
"8173",2004,341,12,63.504,164.289,60.095,69.415,15.115,10.515,0.9588,5.725,0.0846666666666667,8.47418443767842,0
"8174",2004,341,13,67.0895,161.161,59.19,68.61,15.195,10.325,0.9531,5.975,0.0846666666666667,8.47418428800238,0
"8175",2004,341,14,73.186,152.996,57.225,66.69,14.99,10.915,0.92645,5.015,0.0846666666666667,8.47418430635063,0
"8176",2004,341,15,81.178,88.205,33.77,38.045,9.32,10.995,0.92635,4.75,0.0846666666666667,8.47418434887244,0
"8177",2004,341,16,90.5415,7.498,2.655,1.33,0.785,10.595,0.9305,4.345,0.0846666666666667,8.47417445922573,0
"8178",2004,341,17,101.116,0.322,0,0,0,10.315,0.952,3.46,0.0846666666666667,8.48998181782486,0
"8179",2004,341,18,112.136,0.092,0,0,0,10.25,0.95635,4,0.0846666666666667,8.49044020910249,0
"8180",2004,341,19,123.505,0,0,0,0.015,9.77,0.9681,4.63,0.0846666666666667,8.49048952969124,0
"8181",2004,341,20,134.9465,0,0,0,0,9.9,0.967,4.855,0.0846666666666667,8.49056916995528,0
"8182",2004,341,21,146.051,0,0,0,0,9.54,0.97805,4.23,0.0846666666666667,8.49068287648923,0
"8183",2004,341,22,155.8745,0.046,0,0,0.025,9.51,0.98855,4.195,0.0846666666666667,8.49082286990999,0
"8184",2004,341,23,161.8275,0.161,0,0,0.005,9.865,0.9924,2.915,0.0846666666666667,8.49098389276272,0
"8185",2004,342,0,160.1885,0.46,0,0,0,10.085,0.9931,1.795,1.10066666666667,8.49116164944114,0
"8186",2004,342,1,152.218,0.437,0,0,0.32,10.265,0.9835,3.385,1.10066666666667,8.4913429275061,0
"8187",2004,342,2,141.7035,0.414,0,0,0.02,9.99,0.9527,5.425,1.10066666666667,8.49150440920628,0
"8188",2004,342,3,130.4005,0.322,0,0,0.015,10.01,0.95625,5.975,1.10066666666667,8.49163348450065,0
"8189",2004,342,4,118.955,0.391,0,0,0,9.99,0.9718,7.01,1.10066666666667,8.49172353797255,0
"8190",2004,342,5,107.702,0.115,0,0,0.325,10.53,0.9662,2.87,1.10066666666667,8.49176752376658,0
"8191",2004,342,6,96.9055,0.391,0.045,0,0,11.17,0.96175,6.23,1.10066666666667,8.49176551147169,0
"8192",2004,342,7,86.621,3.542,0.655,0.13,0.505,11.585,0.94835,12.395,1.10066666666667,8.49168990001131,0
"8193",2004,342,8,77.858,161.575,63.155,73.125,15.68,10.96,0.9177,10.025,1.10066666666667,8.47054430343506,0
"8194",2004,342,9,70.562,276,107.055,124.98,24.91,10.375,0.89835,11.435,1.10066666666667,8.4683009329274,0
"8195",2004,342,10,65.4175,253.782,96.805,112.07,21.23,10.82,0.86955,9.6,1.10066666666667,8.46825666192241,0
"8196",2004,342,11,62.9895,331.683,126.165,149.1,29.215,11.04,0.85675,10.22,1.10066666666667,8.46825604245363,0
"8197",2004,342,12,63.596,180.826,65.4,74.875,15.41,10.185,0.8746,11.815,1.10066666666667,8.46825618866828,0
"8198",2004,342,13,67.1555,51.635,16.89,15.89,3.88,8.18,0.8841,13.37,1.10066666666667,8.46823020290696,0
"8199",2004,342,14,73.2275,83.697,30.08,32.225,7.135,7.02,0.8793,14.15,1.10066666666667,8.46798094605562,0
"8200",2004,342,15,81.1985,64.17,24.325,25.17,5.7,6.4,0.801,13.195,1.10066666666667,8.46797628986069,0
"8201",2004,342,16,90.545,9.062,3.02,1.455,0.81,6.175,0.8041,12.195,1.10066666666667,8.44707866918928,0
"8202",2004,342,17,101.1075,0.046,0,0,0.17,5.58,0.82315,11.065,1.10066666666667,8.45703362795224,0
"8203",2004,342,18,112.117,0,0,0,0.17,5.12,0.83305,11.23,1.10066666666667,8.45733827823303,0
"8204",2004,342,19,123.4825,0,0,0,0.105,4.82,0.8555,9.2,1.10066666666667,8.45738280881985,0
"8205",2004,342,20,134.9255,0,0,0,0.16,4.505,0.87565,7.715,1.10066666666667,8.457461271009,0
"8206",2004,342,21,146.0395,0,0,0,0.025,4.455,0.8735,7.765,1.10066666666667,8.45757354161137,0
"8207",2004,342,22,155.8955,0.023,0,0,0.085,4.5,0.87065,7.135,1.10066666666667,8.45771227091148,0
"8208",2004,342,23,161.912,0,0,0,0.1,4.265,0.8737,6.625,1.10066666666667,8.45786792812527,0
"8209",2004,343,0,160.3245,0,0,0,0.115,4,0.87805,4.46,0,8.45802972438402,0
"8210",2004,343,1,152.3635,0,0,0,0.145,2.67,0.91295,3.425,0,8.45818593980181,0
"8211",2004,343,2,141.8475,0.023,0,0,0,1.545,0.93835,2.535,0,8.45832657776593,0
"8212",2004,343,3,130.542,0.138,0,0,0.005,1.025,0.94125,2.76,0,8.45844432589358,0
"8213",2004,343,4,119.097,0.023,0,0,0,0.66,0.951,1.415,0,8.45852759556282,0
"8214",2004,343,5,107.8445,0,0,0,0,0.205,0.96365,2.115,0,8.45856937168437,0
"8215",2004,343,6,97.0515,0.897,0.465,0.04,0.115,0.04,0.9674,2.445,0,8.45856986243445,0
"8216",2004,343,7,86.755,76.567,29.89,35.285,11.975,0.085,0.967,1.875,0,8.5159799662001,0
"8217",2004,343,8,78.0015,247.25,94.705,116.9,31.2,0.655,0.96305,2.52,0,8.51574872522528,0
"8218",2004,343,9,70.699,540.73,209.53,257.855,62.91,2.83,0.91685,2.165,0,8.51568156718947,0
"8219",2004,343,10,65.5435,627.026,242.475,303.87,73.035,4.33,0.86575,3.4,0,8.51568029126424,0
"8220",2004,343,11,63.096,552.69,215.865,272.755,64.06,4.73,0.8522,4.405,0,8.51568030356194,0
"8221",2004,343,12,63.682,424.971,164.29,204.165,47.385,5.025,0.84445,4.575,0,8.51568025359951,0
"8222",2004,343,13,67.2155,392.541,150.91,188.545,45.56,5.395,0.83875,4.815,0,8.51568026679427,0
"8223",2004,343,14,73.2605,368,143.415,180.68,48.115,6,0.8263,5.035,0,8.51568029153283,0
"8224",2004,343,15,81.21,157.228,62.75,75.96,21.09,6.025,0.84325,4.925,0,8.51568035965991,0
"8225",2004,343,16,90.5415,12.995,5.255,4.24,1.53,5.455,0.8793,4.525,0,8.5226626927585,0
"8226",2004,343,17,101.09,0,0,0,0.015,4.855,0.90605,4.38,0,8.55284924677231,0
"8227",2004,343,18,112.093,0.023,0,0,0.01,4.13,0.93105,4.06,0,8.55376025654374,0
"8228",2004,343,19,123.4535,0.023,0,0,0,4.08,0.92305,4.83,0,8.55381606054932,0
"8229",2004,343,20,134.897,0,0,0,0,4.245,0.91625,5.56,0,8.55389626485369,0
"8230",2004,343,21,146.0235,0,0,0,0.005,4.415,0.91575,4.9,0,8.55400955471593,0
"8231",2004,343,22,155.9085,0,0,0,0.015,4.725,0.8952,5.205,0,8.55414965753234,0
"8232",2004,343,23,161.987,0,0,0,0.04,4.355,0.89265,6.505,0,8.55430606479091,0
"8233",2004,344,0,160.4555,0,0,0,0,4.05,0.90585,4.65,0,8.55446825428243,0
"8234",2004,344,1,152.506,0,0,0,0.015,3.885,0.9121,5.475,0,8.5546255474376,0
"8235",2004,344,2,141.9885,0,0,0,0.02,3.57,0.92235,4.085,0,8.55476632681468,0
"8236",2004,344,3,130.6815,0.046,0,0,0.025,3.03,0.9437,4.465,0,8.55488205869129,0
"8237",2004,344,4,119.237,0.161,0,0,0,3.065,0.94905,5.19,0,8.55496564145539,0
"8238",2004,344,5,107.985,0.092,0,0,0,3.545,0.94125,5.395,0,8.55500847304479,0
"8239",2004,344,6,97.192,0.437,0.085,0,0.005,3.7,0.939,4.08,0,8.55500717609775,0
"8240",2004,344,7,86.886,27.577,9.98,8.29,2.07,3.315,0.9531,3.515,0,8.54279232945025,0
"8241",2004,344,8,78.139,253.368,93.365,112.545,29.94,4.55,0.94215,3.86,0,8.53440289505968,0
"8242",2004,344,9,70.831,539.074,199.34,254.045,70.87,7.105,0.9022,4.735,0,8.5333846105579,0
"8243",2004,344,10,65.6645,765.992,286.825,373.78,100.735,9.27,0.87195,5.92,0,8.5333648912904,0
"8244",2004,344,11,63.199,678.638,253.445,329.1,85.955,10.15,0.85715,5.45,0,8.53336464614116,0
"8245",2004,344,12,63.7585,633.029,235.57,307.495,81.59,10.94,0.83475,4.54,0,8.53336482818982,0
"8246",2004,344,13,67.266,236.118,87.3,107.875,26.23,11.07,0.84455,4.135,0,8.53336481525543,0
"8247",2004,344,14,73.2875,73.945,26.32,29.065,7.285,10.9,0.8578,3.285,0,8.53336460713588,0
"8248",2004,344,15,81.217,29.21,10.22,9.265,3.105,10.57,0.88735,2.84,0,8.49421263314753,0
"8249",2004,344,16,90.532,5.635,2.01,0.915,0.555,10.24,0.901,2.78,0,8.40249233030389,0
"8250",2004,344,17,101.0685,0.322,0,0,0,9.905,0.9246,1.155,0,8.40331961333699,0
"8251",2004,344,18,112.0625,0.414,0,0,0,9.415,0.94605,1.485,0,8.40334970419317,0
"8252",2004,344,19,123.4205,0.322,0,0,0,8.585,0.9434,2.555,0,8.40339590679029,0
"8253",2004,344,20,134.865,0.299,0,0,0,7.81,0.95935,1.95,0,8.403483283941,0
"8254",2004,344,21,146.0005,0.46,0,0,0,7.145,0.97235,0.9,0,8.40361082281344,0
"8255",2004,344,22,155.9145,0.414,0,0,0.005,6.38,0.97805,1.63,0,8.40377121923987,0
"8256",2004,344,23,162.055,0.391,0,0,0,5.9,0.98095,2.09,0,8.40394884580073,0
"8257",2004,345,0,160.5785,0.345,0,0,0,5.84,0.9764,1.58,0.0211666666666667,8.40413087195003,0
"8258",2004,345,1,152.6425,0.46,0,0,0.025,5.355,0.97615,1.57,0.0211666666666667,8.40430823977694,0
"8259",2004,345,2,142.1255,0.437,0,0,0,5.535,0.9807,1.43,0.0211666666666667,8.40447030255209,0
"8260",2004,345,3,130.8195,0.437,0,0,0,5.805,0.969,1.315,0.0211666666666667,8.40460178374274,0
"8261",2004,345,4,119.3735,0.46,0,0,0.035,5.61,0.96715,1.185,0.0211666666666667,8.40469467658844,0
"8262",2004,345,5,108.123,0.46,0,0,0.005,5.495,0.97715,1.86,0.0211666666666667,8.40474183824807,0
"8263",2004,345,6,97.3285,0.483,0.015,0,0.01,5.54,0.9776,1.275,0.0211666666666667,8.4047400038422,0
"8264",2004,345,7,87.052,9.269,3.02,1.6,0.77,5.62,0.9793,2.32,0.0211666666666667,8.40454069355073,0
"8265",2004,345,8,78.272,48.369,17.33,18.605,4.455,5.85,0.97165,2.245,0.0211666666666667,8.31206166007833,0
"8266",2004,345,9,70.9575,94.76,34.44,39.185,8.94,6.195,0.95585,3.255,0.0211666666666667,8.29860327518626,0
"8267",2004,345,10,65.7785,144.394,52.7,61.035,12.59,6.07,0.9633,6.415,0.0211666666666667,8.29833146358502,0
"8268",2004,345,11,63.2945,224.94,86,101.43,20.575,6.21,0.92985,7.005,0.0211666666666667,8.29832749905777,0
"8269",2004,345,12,63.83,195.845,75.585,88.235,18.435,6.32,0.88455,6.715,0.0211666666666667,8.29832743499463,0
"8270",2004,345,13,67.3125,72.473,25.8,27.66,6.595,5.525,0.9109,8.055,0.0211666666666667,8.2983273965857,0
"8271",2004,345,14,73.309,43.447,15.075,14.41,3.805,4.855,0.90035,8.74,0.0211666666666667,8.29659403836277,0
"8272",2004,345,15,81.2175,19.688,6.705,4.54,1.81,4.51,0.88885,7.42,0.0211666666666667,8.08205465162822,0
"8273",2004,345,16,90.5175,1.794,0.285,0,0.375,3.965,0.90445,8.295,0.0211666666666667,8.06750832335866,0
"8274",2004,345,17,101.0415,0,0,0,0.1,3.705,0.9135,7.06,0.0211666666666667,8.06766268357785,0
"8275",2004,345,18,112.027,0.046,0,0,0.09,3.7,0.91445,6.165,0.0211666666666667,8.06766752561867,0
"8276",2004,345,19,123.38,0.046,0,0,0.09,3.7,0.9254,6.15,0.0211666666666667,8.06770710898871,0
"8277",2004,345,20,134.8265,0.138,0,0,0.065,3.775,0.93305,6.055,0.0211666666666667,8.06778544195922,0
"8278",2004,345,21,145.97,0.069,0,0,0.025,3.895,0.93495,5.805,0.0211666666666667,8.06789948332276,0
"8279",2004,345,22,155.912,0.23,0,0,0.05,3.88,0.95725,5.9,0.0211666666666667,8.06804086759843,0
"8280",2004,345,23,162.1145,0.253,0,0,0.03,4.22,0.9635,5.585,0.0211666666666667,8.06820508908005,0
"8281",2004,346,0,160.697,0.023,0,0,0.04,4.915,0.9322,6.895,0,8.06837010178065,0
"8282",2004,346,1,152.775,0.023,0,0,0.225,4.66,0.90835,7.92,0,8.06852345728096,0
"8283",2004,346,2,142.2595,0,0,0,0.195,4.085,0.8941,8.25,0,8.06866039842015,0
"8284",2004,346,3,130.952,0.138,0,0,0.215,3.72,0.8873,9.2,0,8.0687739974246,0
"8285",2004,346,4,119.508,0.069,0,0,0.27,2.945,0.87345,10.285,0,8.06885508573179,0
"8286",2004,346,5,108.2565,0,0,0,0.16,2.56,0.84995,8.8,0,8.0688953683042,0
"8287",2004,346,6,97.462,0.046,0.02,0,0.31,1.91,0.86135,7.995,0,8.06889409081615,0
"8288",2004,346,7,87.1755,13.087,4.675,2.295,1.18,1.66,0.8602,8.615,0,8.0685270463962,0
"8289",2004,346,8,78.398,47.311,17.485,16.485,4.07,1.625,0.81255,10.11,0,7.98335113032827,0
"8290",2004,346,9,71.078,92.322,34.05,37.21,8.26,1.655,0.82255,7.8,0,7.97305319488073,0
"8291",2004,346,10,65.8845,138.368,51.27,58.665,12.985,1.73,0.83285,7.125,0,7.97282591684707,0
"8292",2004,346,11,63.381,216.476,80.25,96.415,21.3,1.9,0.82555,8.43,0,7.97282248528729,0
"8293",2004,346,12,63.892,173.558,64.225,75.335,16.845,1.95,0.8256,8.055,0,7.97282244775231,0
"8294",2004,346,13,67.3475,110.17,39.52,44.985,10.46,1.8,0.79125,7.92,0,7.97282255755341,0
"8295",2004,346,14,73.3215,78.844,28.685,31.515,7.58,1.79,0.77775,7.38,0,7.97282293338884,0
"8296",2004,346,15,81.21,47.38,17.695,18.025,4.7,1.95,0.7421,7.06,0,7.97258173341752,0
"8297",2004,346,16,90.4955,7.13,2.395,1.15,0.69,1.81,0.7532,5.385,0,7.94191219173109,0
"8298",2004,346,17,101.009,0.023,0,0,0.105,1.59,0.74935,5.475,0,7.94869155659366,0
"8299",2004,346,18,111.986,0.046,0,0,0.035,1.47,0.81545,5.01,0,7.94885501743979,0
"8300",2004,346,19,123.3335,0.046,0,0,0.09,1.365,0.81905,4.845,0,7.9488957597915,0
"8301",2004,346,20,134.7815,0.046,0,0,0.06,1.275,0.81615,4.57,0,7.94897218886803,0
"8302",2004,346,21,145.936,0.046,0,0,0.11,1.21,0.8501,3.005,0,7.94908177025556,0
"8303",2004,346,22,155.9035,0,0,0,0.035,1.1,0.8903,3.325,0,7.94921632823605,0
"8304",2004,346,23,162.1645,0.023,0,0,0.06,1.41,0.85115,4.94,0,7.94936611112289,0
"8305",2004,347,0,160.8085,0.092,0,0,0.065,1.17,0.856,5.765,0,7.94952462350638,0
"8306",2004,347,1,152.9045,0.23,0,0,0.125,1.065,0.8676,7.22,0,7.9496827623847,0
"8307",2004,347,2,142.3905,0.092,0,0,0.11,0.815,0.8795,6.615,0,7.94982609836231,0
"8308",2004,347,3,131.0825,0.069,0,0,0.04,0.91,0.8895,7.035,0,7.94994019985697,0
"8309",2004,347,4,119.6385,0.023,0,0,0.01,1.015,0.88855,7.3,0,7.95001970259867,0
"8310",2004,347,5,108.3865,0.023,0,0,0.01,1.19,0.888,7.945,0,7.95006032005608,0
"8311",2004,347,6,97.592,0.414,0.075,0,0.01,1.52,0.8821,9.565,0,7.95006039528131,0
"8312",2004,347,7,87.294,44.091,16.445,17.39,5.075,1.73,0.8859,9.15,0,7.97859446020287,0
"8313",2004,347,8,78.5195,189.083,71.5,87.815,22.595,2.695,0.86355,8.79,0,7.98450447548134,0
"8314",2004,347,9,71.1915,403.374,150.47,191.92,50.905,4.405,0.80085,10.585,0,7.98429025121718,0
"8315",2004,347,10,65.985,568.629,208.04,270.37,71.625,5.855,0.7599,10.86,0,7.98428541329197,0
"8316",2004,347,11,63.4615,551.632,201.555,258.225,66,7.11,0.7523,10.165,0,7.98428535139839,0
"8317",2004,347,12,63.947,403.627,149.24,189.735,47.775,7.55,0.72665,11.745,0,7.98428543875437,0
"8318",2004,347,13,67.378,523.02,195.835,253.425,67.84,7.71,0.6645,13.07,0,7.98428576796333,0
"8319",2004,347,14,73.327,310.408,113.69,144.695,44.87,6.74,0.6497,12.055,0,7.98428540109761,0
"8320",2004,347,15,81.198,130.87,48.535,57.965,17.07,6.21,0.6461,10.87,0,7.98428553471832,0
"8321",2004,347,16,90.4695,14.444,5.04,3.68,1.675,5.65,0.67785,9.42,0,8.00337067773602,0
"8322",2004,347,17,100.969,0.207,0,0,0.16,5.16,0.6649,11.325,0,8.04596816343008,0
"8323",2004,347,18,111.939,0.391,0,0,0.13,4.46,0.6813,10.505,0,8.04696682883972,0
"8324",2004,347,19,123.2825,0.276,0,0,0.46,3.17,0.61025,13.105,0,8.04702551497495,0
"8325",2004,347,20,134.732,0.276,0,0,0.04,3.085,0.619,12.625,0,8.04710957173306,0
"8326",2004,347,21,145.894,0.138,0,0,0.2,2.57,0.63735,10.56,0,8.04722747289934,0
"8327",2004,347,22,155.888,0.161,0,0,0.13,2.57,0.63735,13.655,0,8.04736913636632,0
"8328",2004,347,23,162.2085,0.023,0,0,0.185,1.965,0.6029,14.975,0,8.04752559614136,0
"8329",2004,348,0,160.9105,0.046,0,0,0.155,1.625,0.65945,13.3,0,8.0476841088297,0
"8330",2004,348,1,153.028,0.046,0,0,0.14,1.355,0.66445,13.475,0,8.04783825986918,0
"8331",2004,348,2,142.518,0,0,0,0.28,0.81,0.69165,12.49,0,8.04797582461948,0
"8332",2004,348,3,131.2105,0,0,0,0.23,0.315,0.67495,14.245,0,8.04808672716127,0
"8333",2004,348,4,119.765,0,0,0,0.61,-0.75,0.7282,12.91,0,8.04816503109244,0
"8334",2004,348,5,108.513,0,0,0,0.31,-1.95,0.7105,13.125,0,8.04820489810602,0
"8335",2004,348,6,97.717,0.23,0.02,0,0.47,-2.975,0.713,13.81,0,8.04820415962157,0
"8336",2004,348,7,87.4465,26.197,9.265,8.03,2.92,-3.32,0.63915,13.505,0,8.04180612378054,0
"8337",2004,348,8,78.6365,155.365,58.85,73.185,19.63,-3.63,0.6495,13.325,0,8.05198047173548,0
"8338",2004,348,9,71.299,281.014,106.595,135.96,35.37,-3.845,0.68195,12.82,0,8.05106828355518,0
"8339",2004,348,10,66.078,499.698,190.25,248.45,66.055,-3.815,0.67845,13.065,0,8.05104794205162,0
"8340",2004,348,11,63.534,307.51,115.645,147.275,37.69,-3.825,0.67725,11.55,0,8.05104765396776,0
"8341",2004,348,12,63.9955,284.418,106.57,135.315,34.49,-4.025,0.6659,11.155,0,8.05104776249115,0
"8342",2004,348,13,67.4,220.179,82.26,103.22,26.355,-4.05,0.63635,11.02,0,8.05104818090255,0
"8343",2004,348,14,73.3265,118.45,43.785,52.775,13.955,-4.125,0.65405,10.465,0,8.05104767994633,0
"8344",2004,348,15,81.178,49.519,18.38,19.47,5.72,-4.055,0.65395,10.085,0,8.05101060597743,0
"8345",2004,348,16,90.4375,6.371,2.23,0.815,0.675,-3.85,0.6638,8.48,0,8.02357656020009,0
"8346",2004,348,17,100.9235,0.023,0.005,0,0.045,-3.625,0.668,8.595,0,8.03054474393938,0
"8347",2004,348,18,111.8865,0,0,0,0.08,-3.685,0.6622,9.26,0,8.03071526020004,0
"8348",2004,348,19,123.228,0.023,0,0,0.335,-4.25,0.6735,10.365,0,8.03075613080332,0
"8349",2004,348,20,134.6765,0,0,0,0.25,-4.94,0.70355,9.81,0,8.03083249096683,0
"8350",2004,348,21,145.846,0,0,0,0.08,-5.315,0.7353,8.71,0,8.03094131457559,0
"8351",2004,348,22,155.865,0.023,0,0,0.08,-5.53,0.74875,8.39,0,8.03107612118263,0
"8352",2004,348,23,162.2415,0.023,0,0,0.005,-6.055,0.7834,7.63,0,8.03122804338217,0
"8353",2004,349,0,161.008,0.115,0,0,0,-6.335,0.77865,7.885,0,8.03138778213074,0
"8354",2004,349,1,153.1485,0.092,0,0,0.01,-6.64,0.7608,7.855,0,8.03154516151122,0
"8355",2004,349,2,142.642,0.046,0,0,0.01,-6.925,0.7549,7.64,0,8.03168439035382,0
"8356",2004,349,3,131.3355,0.046,0,0,0.01,-7.25,0.7608,8.11,0,8.03179741041389,0
"8357",2004,349,4,119.8905,0,0,0,0.045,-7.64,0.77285,7.665,0,8.03187673718919,0
"8358",2004,349,5,108.6365,0.023,0,0,0.015,-8.005,0.782,7.715,0,8.03191714138591,0
"8359",2004,349,6,97.839,0.46,0.07,0,0.12,-8.395,0.7827,7.415,0,8.03191701535985,0
"8360",2004,349,7,87.558,59.754,21.5,21.79,10.02,-8.77,0.78535,7.86,0,8.09116215012513,0
"8361",2004,349,8,78.747,317.331,117.705,149.495,53.365,-8.4,0.7492,8.6,0,8.09300766898182,0
"8362",2004,349,9,71.4,615.135,230.23,307.7,96.98,-7.75,0.7158,7.74,0,8.09291273262794,0
"8363",2004,349,10,66.1625,804.494,301.41,408.42,120.305,-6.87,0.68495,6.765,0,8.09291069486007,0
"8364",2004,349,11,63.5995,904.337,339.485,463.68,132.98,-5.755,0.64625,6.06,0,8.09291063995983,0
"8365",2004,349,12,64.036,898.909,336.745,462.27,134.135,-4.815,0.61415,6.015,0,8.09291065401204,0
"8366",2004,349,13,67.414,765.118,285.53,390.495,119.3,-4.07,0.59195,5.99,0,8.09291067695673,0
"8367",2004,349,14,73.318,534.336,198.13,265.21,90.245,-3.27,0.5712,5.92,0,8.09291073883714,0
"8368",2004,349,15,81.153,244.835,88.57,111.05,47.52,-3.03,0.5628,5.745,0,8.09291094190602,0
"8369",2004,349,16,90.3985,25.829,8.745,7.71,6.005,-3.64,0.62505,4.17,0,8.09728087362951,0
"8370",2004,349,17,100.874,0.023,0.005,0,0,-4.36,0.66535,3.72,0,8.15640683436309,0
"8371",2004,349,18,111.828,0.046,0,0,0,-4.61,0.70865,2.695,0,8.15836534612618,0
"8372",2004,349,19,123.1665,0.069,0,0,0,-5.255,0.7394,2.795,0,8.15843502767557,0
"8373",2004,349,20,134.6155,0.207,0,0,0,-6.13,0.79235,3.05,0,8.15851529207428,0
"8374",2004,349,21,145.793,0.092,0,0,0,-6.665,0.8083,2.655,0,8.15863120991192,0
"8375",2004,349,22,155.8355,0.276,0,0,0,-7.435,0.83475,2.64,0,8.15877462730759,0
"8376",2004,349,23,162.268,0.253,0,0,0,-7.93,0.8645,3.205,0,8.15894078215891,0
"8377",2004,350,0,161.0985,0.322,0,0,0,-8.24,0.87785,3.195,0,8.15911429777813,0
"8378",2004,350,1,153.263,0.253,0,0,0,-8.295,0.8809,3.215,0,8.15928310225801,0
"8379",2004,350,2,142.7615,0.23,0,0,0,-7.995,0.8727,3.935,0,8.15943207658478,0
"8380",2004,350,3,131.456,0.069,0,0,0,-7.71,0.84425,4.01,0,8.15955045934901,0
"8381",2004,350,4,120.011,0,0,0,0,-7.69,0.8331,3.95,0,8.15963064823255,0
"8382",2004,350,5,108.756,0.046,0,0,0,-8.14,0.85715,3.345,0,8.15967183449258,0
"8383",2004,350,6,97.9545,0.46,0.16,0,0.01,-8.105,0.87425,4.4,0,8.15967124097801,0
"8384",2004,350,7,87.664,69.437,23.13,24.395,13.525,-7.415,0.85755,5.03,0,8.22443038782824,0
"8385",2004,350,8,78.8535,337.801,116.995,158.185,63.77,-5.81,0.80975,7.105,0,8.22521186049363,0
"8386",2004,350,9,71.497,610.282,219.49,307.035,106.335,-3.915,0.74715,9.06,0,8.22513934605512,0
"8387",2004,350,10,66.244,811.003,298.5,416.335,129.47,-2.37,0.69275,8.91,0,8.22513785189284,0
"8388",2004,350,11,63.6555,908.04,338.695,470.77,139.955,-0.965,0.63645,8.9,0,8.22513785500931,0
"8389",2004,350,12,64.0685,890.445,332.28,462.815,138.94,0.37,0.58135,8.84,0,8.22513782168022,0
"8390",2004,350,13,67.423,760.127,282.895,392.79,124.04,1.385,0.5383,9.185,0,8.22513783759156,0
"8391",2004,350,14,73.3045,528.057,195.915,266.195,93.84,1.88,0.5403,8.83,0,8.2251378727882,0
"8392",2004,350,15,81.1195,199.732,73.635,92.855,37.7,1.18,0.59275,8.695,0,8.22513797916913,0
"8393",2004,350,16,90.3175,21.873,8.315,7.915,3.78,0.12,0.656,7.735,0,8.23218347877573,0
"8394",2004,350,17,100.8155,0.138,0,0,0.01,-0.515,0.68125,8.075,0,8.28338124277038,0
"8395",2004,350,18,111.766,0.322,0,0,0.03,-0.895,0.7023,7.865,0,8.28487479733447,0
"8396",2004,350,19,123.099,0.299,0,0,0.04,-1.305,0.72175,7.595,0,8.28494203610912,0
"8397",2004,350,20,134.5485,0.092,0,0,0.005,-1.63,0.74115,6.95,0,8.28502630706117,0
"8398",2004,350,21,145.734,0.069,0,0,0.05,-1.965,0.7439,7.46,0,8.28514088282176,0
"8399",2004,350,22,155.7975,0.023,0,0,0.03,-2.03,0.7314,7.63,0,8.28528045354075,0
"8400",2004,350,23,162.2855,0.023,0,0,0.02,-2.575,0.7628,6.875,0,8.28543533582616,0
"8401",2004,351,0,161.181,0.046,0,0,0.035,-3,0.79715,6.26,0,8.28559641227567,0
"8402",2004,351,1,153.3725,0.207,0,0,0,-2.915,0.8132,6.15,0,8.28575689622467,0
"8403",2004,351,2,142.8765,0.184,0,0,0,-2.55,0.79725,6.58,0,8.28590471218445,0
"8404",2004,351,3,131.572,0.345,0,0,0,-2.52,0.8017,6.625,0,8.28602763979792,0
"8405",2004,351,4,120.126,0.299,0,0,0,-2.41,0.79535,6.7,0,8.28611619948493,0
"8406",2004,351,5,108.8715,0.322,0,0,0,-2.575,0.80715,6.475,0,8.2861611986229,0
"8407",2004,351,6,98.069,0.322,0.085,0,0.005,-2.31,0.799,6.85,0,8.28615979816725,0
"8408",2004,351,7,87.763,32.154,11.985,12.075,3.84,-1.65,0.76045,6.995,0,8.27127891506405,0
"8409",2004,351,8,78.954,174.961,64.27,79.455,22.415,-0.675,0.7075,8.105,0,8.27221799159178,0
"8410",2004,351,9,71.586,430.169,155.61,203.745,60.665,0.91,0.64585,9.375,0,8.27151734161643,0
"8411",2004,351,10,66.317,751.525,268.215,365.04,108.79,2.545,0.58,9.635,0,8.27150291206445,0
"8412",2004,351,11,63.7065,895.827,322.195,444.075,130.21,3.955,0.5198,9.6,0,8.27150268965577,0
"8413",2004,351,12,64.093,876.898,314.325,435.315,129.045,4.495,0.52435,9.425,0,8.27150272251947,0
"8414",2004,351,13,67.4225,738.691,262.935,363.225,113.145,5.115,0.5299,10.06,0,8.27150281795906,0
"8415",2004,351,14,73.284,508.645,179.625,242.54,83.735,5.55,0.537,9.005,0,8.27150315780642,0
"8416",2004,351,15,81.0825,208.817,73.18,91.815,36.02,5.195,0.57805,6.885,0,8.27150275203164,0
"8417",2004,351,16,90.2675,25.208,8.155,7.18,5.525,3.51,0.65645,5.615,0,8.27550520761614,0
"8418",2004,351,17,100.7555,0.299,0,0,0.05,2.16,0.72715,4.795,0,8.32456280972112,0
"8419",2004,351,18,111.698,0.046,0,0,0,1.255,0.7773,4.17,0,8.32633670968577,0
"8420",2004,351,19,123.028,0.207,0,0,0,0.65,0.80865,3.615,0,8.32640562515537,0
"8421",2004,351,20,134.4785,0.207,0,0,0.1,0.93,0.7793,5.67,0,8.32648913350376,0
"8422",2004,351,21,145.669,0.115,0,0,0.115,-0.325,0.80155,5.485,0,8.32660738809558,0
"8423",2004,351,22,155.7535,0,0,0,0.01,-1.385,0.83195,3.705,0,8.32674746185345,0
"8424",2004,351,23,162.2945,0.023,0,0,0,-2.425,0.8526,3.595,0,8.3269012959992,0
"8425",2004,352,0,161.2575,0,0,0,0,-3.05,0.8517,3.25,0,8.32706243706351,0
"8426",2004,352,1,153.478,0,0,0,0,-3.505,0.85925,2.885,0,8.32721714353925,0
"8427",2004,352,2,142.989,0.069,0,0,0,-3.985,0.87005,3.345,0,8.32735763911198,0
"8428",2004,352,3,131.686,0.023,0,0,0,-4.435,0.8777,2.94,0,8.32747303789855,0
"8429",2004,352,4,120.2405,0.023,0,0,0,-5.15,0.89685,2.645,0,8.3275536977278,0
"8430",2004,352,5,108.9825,0,0,0,0,-5.455,0.9041,2.295,0,8.32759488947081,0
"8431",2004,352,6,98.1765,0.345,0.14,0,0,-5.88,0.9113,1.95,0,8.32759457989821,0
"8432",2004,352,7,87.8605,53.889,20.625,21.815,10.535,-5.935,0.9043,1.965,0,8.36330096521941,0
"8433",2004,352,8,79.0475,298.471,111.635,143.86,55.89,-4.505,0.85015,1.72,0,8.36381557781716,0
"8434",2004,352,9,71.6685,583.119,217.44,289.6,95.365,-1.71,0.67795,2.585,0,8.36367201555267,0
"8435",2004,352,10,66.3805,782.966,296.185,399.575,120.77,-0.05,0.5772,2.14,0,8.36366914727003,0
"8436",2004,352,11,63.749,873.264,330.365,451.535,134.215,1.37,0.5195,1.18,0,8.36366908783325,0
"8437",2004,352,12,64.11,857.026,322.985,445.61,133.615,1.83,0.52255,1.53,0,8.36366910725515,0
"8438",2004,352,13,67.4145,730.181,273.31,378.82,119.01,1.8,0.53495,1.93,0,8.36366915101908,0
"8439",2004,352,14,73.2545,502.435,187.62,258.935,88.65,1.885,0.54415,2.23,0,8.3636692922565,0
"8440",2004,352,15,81.0375,219.19,82.71,110.29,44.06,1.67,0.56345,2.56,0,8.36366977747366,0
"8441",2004,352,16,90.2145,24.771,9.465,8.525,4.575,0.72,0.61895,2.08,0,8.36721239827423,0
"8442",2004,352,17,100.6875,0.276,0,0,0,-0.56,0.70015,3.06,0,8.41283067788897,0
"8443",2004,352,18,111.6245,0.069,0,0,0,-1.73,0.7814,3.11,0,8.41452287798342,0
"8444",2004,352,19,122.9525,0,0,0,0,-2.55,0.8336,3.29,0,8.41459044947159,0
"8445",2004,352,20,134.4035,0.069,0,0,0,-3.09,0.85725,3.335,0,8.4146699366242,0
"8446",2004,352,21,145.5985,0.069,0,0,0,-3.42,0.8747,3.58,0,8.41478475477415,0
"8447",2004,352,22,155.7025,0,0,0,0,-2.985,0.865,3.895,0,8.41492469998301,0
"8448",2004,352,23,162.296,0,0,0,0,-2.725,0.861,4.465,0,8.41507951234425,0
"8449",2004,353,0,161.325,0,0,0,0,-2.02,0.86835,4.76,0,8.41524026039227,0
"8450",2004,353,1,153.577,0,0,0,0,-1.025,0.8491,5.49,0,8.41539567564312,0
"8451",2004,353,2,143.0965,0.023,0,0,0,-0.7,0.85325,4.745,0,8.41553638585117,0
"8452",2004,353,3,131.796,0.092,0,0,0,-0.17,0.8448,5.49,0,8.41565250360284,0
"8453",2004,353,4,120.3495,0.046,0,0,0,0.39,0.83415,6.09,0,8.41573503276519,0
"8454",2004,353,5,109.09,0.161,0,0,0,0.53,0.8305,5.995,0,8.41577754356299,0
"8455",2004,353,6,98.2805,0.253,0.02,0,0.02,1.16,0.8114,6.145,0,8.41577652936697,0
"8456",2004,353,7,87.99,38.64,14.14,14.86,5.495,0.995,0.82855,6.54,0,8.40893427183798,0
"8457",2004,353,8,79.137,255.461,90.165,113.54,41.865,1.28,0.82795,6.32,0,8.40880285238324,0
"8458",2004,353,9,71.745,575.391,205.8,276.56,92.555,2.795,0.77405,7.35,0,8.4083807360553,0
"8459",2004,353,10,66.4395,781.011,279.92,384.96,119.585,3.765,0.7272,8.165,0,8.40837236275809,0
"8460",2004,353,11,63.786,895.528,322.55,447.01,134.7,4.925,0.68065,8.3,0,8.40837225478119,0
"8461",2004,353,12,64.12,823.883,297.425,411.62,123.05,5.695,0.62625,10.015,0,8.40837236665638,0
"8462",2004,353,13,67.401,643.632,237.09,320.625,95.665,5.92,0.5764,11.08,0,8.40837279176859,0
"8463",2004,353,14,73.219,271.837,99.145,132.76,42.65,5.47,0.5385,10.545,0,8.40837227925301,0
"8464",2004,353,15,80.986,37.536,13.41,13.055,4.31,4.01,0.60245,8.12,0,8.4079363198326,0
"8465",2004,353,16,90.1535,11.753,3.89,2.62,1.355,3.36,0.6379,7.265,0,8.30307536114676,0
"8466",2004,353,17,100.615,0.322,0,0,0.085,2.705,0.67695,5.035,0,8.30627047525547,0
"8467",2004,353,18,111.547,0.184,0,0,0,2.11,0.7274,3.655,0,8.30638760462322,0
"8468",2004,353,19,122.871,0.115,0,0,0.205,1.885,0.66885,8.02,0,8.30643083414293,0
"8469",2004,353,20,134.3215,0.069,0,0,0.27,0.85,0.6529,8.88,0,8.30651111094321,0
"8470",2004,353,21,145.523,0.092,0,0,0.255,0.07,0.66465,9.92,0,8.3066253096463,0
"8471",2004,353,22,155.6455,0.046,0,0,0.295,-0.575,0.6999,9.385,0,8.306766190906,0
"8472",2004,353,23,162.2885,0.046,0,0,0.55,-1.71,0.70785,11.455,0,8.30692209658737,0
"8473",2004,354,0,161.388,0.023,0,0,0.535,-3.305,0.6791,12.605,0,8.30708395519607,0
"8474",2004,354,1,153.6715,0.023,0,0,0.535,-4.415,0.642,11.73,0,8.30723959724273,0
"8475",2004,354,2,143.201,0.023,0,0,0.755,-6.2,0.61905,13.38,0,8.30737944964162,0
"8476",2004,354,3,131.9015,0,0,0,0.78,-8.09,0.61205,13.7,0,8.30749325559037,0
"8477",2004,354,4,120.4535,0,0,0,0.61,-9.93,0.6329,13.05,0,8.3075730465363,0
"8478",2004,354,5,109.1925,0.046,0,0,0.565,-11.3,0.65175,12.37,0,8.30761425879545,0
"8479",2004,354,6,98.379,0.437,0.02,0,0.42,-12.325,0.63985,11.965,0,8.30761368618446,0
"8480",2004,354,7,88.0765,56.12,20.675,20.965,12.105,-13.2,0.5987,12.84,0,8.34761675269088,0
"8481",2004,354,8,79.2185,318.55,118.675,152.92,59.985,-13.405,0.5463,13.15,0,8.34809375993146,0
"8482",2004,354,9,71.813,598.667,226.805,306.915,103.19,-13.1,0.49905,13.145,0,8.34796558614126,0
"8483",2004,354,10,66.4895,804.655,307.015,423.275,131.605,-12.415,0.45185,12.42,0,8.34796305224056,0
"8484",2004,354,11,63.8135,905.947,345.595,479.935,144.81,-11.7,0.41195,10.775,0,8.34796311823193,0
"8485",2004,354,12,64.1235,887.938,337.365,471.405,143.325,-11.025,0.43785,9.995,0,8.34796297815838,0
"8486",2004,354,13,67.3785,761.116,287.305,402.2,127.93,-10.525,0.41705,8.53,0,8.34796299954675,0
"8487",2004,354,14,73.1775,535.371,200.89,279.465,97.31,-10.135,0.4097,7.725,0,8.34796305448396,0
"8488",2004,354,15,80.9285,254.748,93.89,127.245,52.95,-10.135,0.4012,7.22,0,8.34796323017588,0
"8489",2004,354,16,90.0895,26.611,8.795,7.74,7.065,-10.665,0.42985,5.585,0,8.35051485932777,0
"8490",2004,354,17,100.537,0.207,0,0,0.045,-11.44,0.49895,3.985,0,8.39743138815462,0
"8491",2004,354,18,111.465,0.46,0,0,0,-11.525,0.5099,4.125,0,8.39936961176896,0
"8492",2004,354,19,122.7855,0.414,0,0,0.07,-11.74,0.49555,3.92,0,8.39944630821611,0
"8493",2004,354,20,134.2355,0.437,0,0,0.025,-11.935,0.541,2.225,0,8.3995369244051,0
"8494",2004,354,21,145.443,0.437,0,0,0.125,-11.785,0.5019,1.06,0,8.39966644535337,0
"8495",2004,354,22,155.5815,0.437,0,0,0.305,-11.625,0.49015,0.405,0,8.39982623523841,0
"8496",2004,354,23,162.273,0.368,0,0,0.135,-11.585,0.48495,2.25,0,8.40000349725893,0
"8497",2004,355,0,161.4415,0.368,0,0,0.05,-11.45,0.4952,3.435,0.0105833333333333,8.40018513053738,0
"8498",2004,355,1,153.761,0.299,0,0,0.03,-11.15,0.49845,4.065,0.0105833333333333,8.40035956025638,0
"8499",2004,355,2,143.3,0.092,0,0,0.05,-10.94,0.50955,5.195,0.0105833333333333,8.40050911263159,0
"8500",2004,355,3,132.0025,0.115,0,0,0,-10.67,0.53325,5.895,0.0105833333333333,8.40062710449586,0
"8501",2004,355,4,120.5545,0.092,0,0,0.005,-10.3,0.56055,6.02,0.0105833333333333,8.40071028784627,0
"8502",2004,355,5,109.292,0.092,0,0,0.01,-9.88,0.5552,7.745,0.0105833333333333,8.40075259890745,0
"8503",2004,355,6,98.476,0.069,0.02,0,0.015,-9.545,0.56815,8.61,0.0105833333333333,8.40075129852965,0
"8504",2004,355,7,88.1595,14.743,5.08,3.885,1.605,-9.085,0.5773,9.44,0.0105833333333333,8.40015639611949,0
"8505",2004,355,8,79.2955,104.627,38.2,46.42,12.5,-8.64,0.5796,11.57,0.0105833333333333,8.37807705862447,0
"8506",2004,355,9,71.8765,491.004,174,232.795,72.25,-7.585,0.53025,12.98,0.0105833333333333,8.375887446887,0
"8507",2004,355,10,66.534,769.695,273.815,375.64,112.945,-6.255,0.4729,13.74,0.0105833333333333,8.37584282982236,0
"8508",2004,355,11,63.8335,902.198,320.245,444.99,132.865,-4.835,0.42945,13.9,0.0105833333333333,8.37584223039747,0
"8509",2004,355,12,64.1185,882.119,312.785,436.685,131.785,-3.56,0.3761,14.94,0.0105833333333333,8.3758422960344,0
"8510",2004,355,13,67.3505,759.299,268.88,375.005,118.145,-2.66,0.3664,14.945,0.0105833333333333,8.37584217055622,0
"8511",2004,355,14,73.1275,534.888,187.93,260.445,90.16,-1.92,0.36965,14.275,0.0105833333333333,8.37584219560058,0
"8512",2004,355,15,80.8655,252.218,86.17,114.985,47.85,-1.845,0.3855,14.185,0.0105833333333333,8.37584226269708,0
"8513",2004,355,16,90.017,29.049,9.435,8.175,6.605,-2.065,0.40815,10.945,0.0105833333333333,8.37702833459108,0
"8514",2004,355,17,100.454,0.184,0,0,0.065,-2.485,0.4384,9.41,0.0105833333333333,8.41516005816473,0
"8515",2004,355,18,111.3765,0.069,0,0,0.035,-2.825,0.4735,7.925,0.0105833333333333,8.41741280834387,0
"8516",2004,355,19,122.695,0.046,0,0,0,-3.225,0.5136,5.975,0.0105833333333333,8.4174879726881,0
"8517",2004,355,20,134.1455,0.023,0,0,0,-3.565,0.5562,5.65,0.0105833333333333,8.41756602014152,0
"8518",2004,355,21,145.357,0,0,0,0,-3.385,0.57505,5.97,0.0105833333333333,8.41767704298334,0
"8519",2004,355,22,155.5115,0.023,0,0,0,-3.07,0.59165,7.625,0.0105833333333333,8.41781409741137,0
"8520",2004,355,23,162.2505,0.092,0,0,0,-2.98,0.6281,7.08,0.0105833333333333,8.41797149535961,0
"8521",2004,356,0,161.4885,0.069,0,0,0.125,-3.02,0.6714,5.745,0,8.41813702550051,0
"8522",2004,356,1,153.8435,0.046,0,0,0.01,-2.95,0.7098,5.7,0,8.41829601320067,0
"8523",2004,356,2,143.393,0.046,0,0,0.125,-3.465,0.759,5.055,0,8.41843891196227,0
"8524",2004,356,3,132.101,0.023,0,0,0,-3.275,0.77235,4.055,0,8.41855578168432,0
"8525",2004,356,4,120.652,0.023,0,0,0.1,-3.495,0.78295,4.565,0,8.41863848835732,0
"8526",2004,356,5,109.3865,0.046,0,0,0.105,-3.855,0.8096,4.58,0,8.4186820291735,0
"8527",2004,356,6,98.5645,0.184,0.04,0,0,-3.785,0.8392,4.55,0,8.41868348869127,0
"8528",2004,356,7,88.237,41.791,14.665,15.29,6,-3.385,0.8674,4.515,0,8.42511940313353,0
"8529",2004,356,8,79.3675,128.294,46.975,56.12,17.16,-3.205,0.88815,5.105,0,8.4259014633779,0
"8530",2004,356,9,71.933,412.758,152.25,201.385,60.405,-0.295,0.82415,7.17,0,8.42558524176876,0
"8531",2004,356,10,66.5725,736.713,271.36,368.5,109.67,3.14,0.70325,8.7,0,8.42557886256195,0
"8532",2004,356,11,63.8455,702.995,258.255,348.91,101.15,3.695,0.67625,8.95,0,8.42557876191778,0
"8533",2004,356,12,64.1055,499.675,184.74,245.01,68.14,3.23,0.692,8.78,0,8.42557879626823,0
"8534",2004,356,13,67.3125,382.582,140.77,184.195,50.97,2.36,0.6998,8.505,0,8.42557889924223,0
"8535",2004,356,14,73.0725,180.987,66.185,84.025,23.23,0.92,0.68765,7.765,0,8.42557926874614,0
"8536",2004,356,15,80.7965,100.211,37.485,46.93,14.52,0.08,0.5894,7.23,0,8.42557881679428,0
"8537",2004,356,16,89.941,18.101,6.585,6.585,2.85,-1.395,0.5529,5.775,0,8.42592695566347,0
"8538",2004,356,17,100.367,0.069,0,0,0.27,-2.915,0.58295,5.46,0,8.45177661389786,0
"8539",2004,356,18,111.284,0.023,0,0,0.23,-3.63,0.5936,6.14,0,8.45264820022283,0
"8540",2004,356,19,122.6005,0,0,0,0.125,-4.12,0.59045,5.79,0,8.45270125007374,0
"8541",2004,356,20,134.0505,0.023,0,0,0.185,-4.425,0.5911,4.67,0,8.45277914010752,0
"8542",2004,356,21,145.265,0.023,0,0,0.3,-4.955,0.59445,7.15,0,8.45289132965752,0
"8543",2004,356,22,155.4355,0.023,0,0,0.3,-5.51,0.58835,8.85,0,8.45303042075654,0
"8544",2004,356,23,162.221,0.046,0,0,0.24,-6.005,0.60405,6.72,0,8.45318704042201,0
"8545",2004,357,0,161.5275,0,0,0,0.35,-6.665,0.61645,6.4,0.0105833333333333,8.4533500343967,0
"8546",2004,357,1,153.9205,0,0,0,0.35,-7.465,0.6401,6.445,0.0105833333333333,8.45350628282039,0
"8547",2004,357,2,143.4835,0.023,0,0,0.285,-8.09,0.65485,6.06,0.0105833333333333,8.45364757673489,0
"8548",2004,357,3,132.1935,0,0,0,0.355,-8.915,0.61595,7.235,0.0105833333333333,8.45376335140046,0
"8549",2004,357,4,120.745,0.023,0,0,0.14,-9.295,0.60885,7.46,0.0105833333333333,8.45384545373054,0
"8550",2004,357,5,109.4765,0,0,0,0.085,-9.445,0.61255,7.2,0.0105833333333333,8.45388806645897,0
"8551",2004,357,6,98.649,0.046,0.015,0,0.075,-9.555,0.6206,6.525,0.0105833333333333,8.45388837427607,0
"8552",2004,357,7,88.3075,12.742,4.58,3.69,1.61,-9.585,0.62265,6.84,0.0105833333333333,8.45352049677833,0
"8553",2004,357,8,79.433,100.671,37.36,45.87,12.845,-9.645,0.62925,7.055,0.0105833333333333,8.42953183392191,0
"8554",2004,357,9,71.982,156.975,56.835,71.02,19.25,-9.85,0.64155,7.045,0.0105833333333333,8.42707968874055,0
"8555",2004,357,10,66.601,325.818,119.79,155.29,41.37,-9.96,0.6433,6.835,0.0105833333333333,8.42702943123285,0
"8556",2004,357,11,63.8515,420.762,153.315,200.23,53.21,-10.025,0.62975,6.875,0.0105833333333333,8.42702873153411,0
"8557",2004,357,12,64.0855,393.185,144.78,189.945,50.815,-9.885,0.58715,7.125,0.0105833333333333,8.42702884140292,0
"8558",2004,357,13,67.2695,221.697,80.33,103.22,27.235,-10.01,0.5842,7.03,0.0105833333333333,8.42702876027623,0
"8559",2004,357,14,73.0115,176.203,64.11,81.715,21.735,-10.05,0.58095,7.135,0.0105833333333333,8.42702897260375,0
"8560",2004,357,15,80.72,64.469,23.755,27.975,7.83,-9.825,0.57405,7.41,0.0105833333333333,8.4270281184846,0
"8561",2004,357,16,89.8225,5.773,1.985,1.105,0.805,-9.915,0.5591,7.92,0.0105833333333333,8.40379169633004,0
"8562",2004,357,17,100.2755,0.023,0.005,0,0.08,-10,0.55935,8.395,0.0105833333333333,8.41199789241677,0
"8563",2004,357,18,111.186,0,0,0,0.11,-9.995,0.5724,8.29,0.0105833333333333,8.4122483406157,0
"8564",2004,357,19,122.5015,0.046,0,0,0.215,-10.325,0.57605,9.285,0.0105833333333333,8.41229044850305,0
"8565",2004,357,20,133.951,0.046,0,0,0.08,-10.61,0.59125,10.255,0.0105833333333333,8.41236835961686,0
"8566",2004,357,21,145.1705,0,0,0,0.045,-10.605,0.60145,9.105,0.0105833333333333,8.41248029865736,0
"8567",2004,357,22,155.3535,0.023,0,0,0.22,-10.905,0.60455,9.985,0.0105833333333333,8.41261837481461,0
"8568",2004,357,23,162.1805,0.046,0,0,0.115,-11.15,0.61245,11.06,0.0105833333333333,8.41277369446264,0
"8569",2004,358,0,161.559,0.092,0,0,0.06,-11.19,0.6247,11.03,0,8.41293799996801,0
"8570",2004,358,1,153.992,0.115,0,0,0.14,-11.36,0.62885,10.675,0,8.41309960114082,0
"8571",2004,358,2,143.569,0.092,0,0,0.14,-11.6,0.64035,10.68,0,8.41324547137444,0
"8572",2004,358,3,132.283,0.207,0,0,0.12,-11.89,0.63545,11.235,0,8.41336659930792,0
"8573",2004,358,4,120.833,0.276,0,0,0.25,-12.31,0.63025,11.745,0,8.41345577382371,0
"8574",2004,358,5,109.562,0.414,0,0,0.085,-12.5,0.64685,11.405,0,8.41350445286196,0
"8575",2004,358,6,98.729,0.391,0.015,0,0.145,-12.67,0.6535,11.405,0,8.41350556380223,0
"8576",2004,358,7,88.413,41.446,15.36,17.2,7.025,-13.165,0.64515,10.26,0,8.41948742187815,0
"8577",2004,358,8,79.492,300.403,108.72,141.41,54.195,-13.315,0.62635,10.08,0,8.4210717601334,0
"8578",2004,358,9,72.0275,590.824,216.09,296.005,99.37,-12.22,0.5961,9.99,0,8.42075330898882,0
"8579",2004,358,10,66.623,801.044,295.285,411.185,128.845,-11.1,0.56585,9.38,0,8.42074685646412,0
"8580",2004,358,11,63.8485,903.992,335.195,469.715,144,-9.805,0.52505,9.595,0,8.42074675669016,0
"8581",2004,358,12,64.0565,892.4,332.02,466.855,144.82,-8.815,0.4912,9.045,0,8.42074679640118,0
"8582",2004,358,13,67.219,765.532,285.07,401,130.14,-7.815,0.4362,8.78,0,8.42074692141601,0
"8583",2004,358,14,72.941,541.075,200.2,281.02,99.805,-7.37,0.409,8.515,0,8.42074737668095,0
"8584",2004,358,15,80.6395,255.254,92.885,127.11,54.14,-7.53,0.4201,6.95,0,8.42074680176417,0
"8585",2004,358,16,89.737,30.245,10.325,10.05,8.45,-8.355,0.45495,5.955,0,8.42147511740283,0
"8586",2004,358,17,100.176,0.023,0,0,0.045,-9.68,0.51945,4.285,0,8.45516498472694,0
"8587",2004,358,18,111.0855,0.161,0,0,0,-10.7,0.5675,3.77,0,8.45760569854715,0
"8588",2004,358,19,122.397,0.46,0,0,0,-12.075,0.6272,4.17,0,8.45768631649898,0
"8589",2004,358,20,133.847,0.345,0,0,0,-12.45,0.65175,4.245,0,8.45777423641686,0
"8590",2004,358,21,145.068,0.322,0,0,0,-12.795,0.66665,4.25,0,8.45789738376008,0
"8591",2004,358,22,155.2645,0.299,0,0,0,-13.04,0.6851,3.96,0,8.45805025797536,0
"8592",2004,358,23,162.1335,0.345,0,0,0.03,-13.085,0.6746,3.705,0,8.45822163040521,0
"8593",2004,359,0,161.582,0.253,0,0,0.025,-13.745,0.71005,3.45,0,8.45840056976673,0
"8594",2004,359,1,154.0585,0.184,0,0,0,-13.73,0.70985,4.175,0,8.45856932634787,0
"8595",2004,359,2,143.649,0.092,0,0,0.085,-14.17,0.71435,4.97,0,8.45871803741371,0
"8596",2004,359,3,132.368,0.023,0,0,0.195,-14.715,0.699,5.975,0,8.45883663249008,0
"8597",2004,359,4,120.9175,0.069,0,0,0.255,-15.895,0.71075,5.285,0,8.45892073381336,0
"8598",2004,359,5,109.6425,0.161,0,0,0.205,-16.815,0.6626,5.295,0,8.45896626718893,0
"8599",2004,359,6,98.8045,0.161,0.02,0,0.1,-17.49,0.69635,4.125,0,8.45896768105753,0
"8600",2004,359,7,88.4745,47.38,17.85,18.25,10.405,-17.94,0.7157,3.695,0,8.4804697736374,0
"8601",2004,359,8,79.5435,302.22,112.895,148.305,59.115,-16.93,0.63915,4.445,0,8.48112299744747,0
"8602",2004,359,9,72.063,585.695,220.29,304.98,104.215,-15.79,0.56405,3.715,0,8.48091127238298,0
"8603",2004,359,10,66.638,795.34,300.7,421.865,133.945,-14.52,0.51065,3.18,0,8.48090703876288,0
"8604",2004,359,11,63.8395,901.117,342.235,481,148.515,-13.255,0.47775,2.835,0,8.48090696581168,0
"8605",2004,359,12,64.021,891.848,337.575,476.11,148.56,-12.325,0.4472,3.745,0,8.48090698905912,0
"8606",2004,359,13,67.162,768.269,289.01,408.3,132.805,-11.41,0.41755,3.91,0,8.48090704741745,0
"8607",2004,359,14,72.866,542.8,202.885,285.995,101.74,-10.765,0.39435,4.335,0,8.48090724434994,0
"8608",2004,359,15,80.551,260.084,95.055,130.785,55.74,-10.5,0.3864,4.415,0,8.48090711901636,0
"8609",2004,359,16,89.646,31.947,11.16,11.04,8.985,-10.96,0.41245,3.965,0,8.48125339961255,0
"8610",2004,359,17,100.073,0.069,0.005,0,0.265,-12.845,0.60135,5.765,0,8.51002031099515,0
"8611",2004,359,18,110.979,0.276,0,0,0.01,-13.645,0.61365,5.575,0,8.51280441497073,0
"8612",2004,359,19,122.2885,0.184,0,0,0,-14.24,0.63175,4.1,0,8.51289057031499,0
"8613",2004,359,20,133.738,0.368,0,0,0,-14.58,0.65005,3.865,0,8.51297426432481,0
"8614",2004,359,21,144.964,0.345,0,0,0.07,-13.965,0.6252,4.925,0,8.51309870464999,0
"8615",2004,359,22,155.171,0.345,0,0,0.04,-13.865,0.6262,5.985,0,8.51325298828124,0
"8616",2004,359,23,162.078,0.276,0,0,0.045,-13.66,0.61935,5.4,0,8.51342514899888,0
"8617",2004,360,0,161.5985,0.414,0,0,0.045,-13.505,0.609,6.32,0,8.51360580938957,0
"8618",2004,360,1,154.1185,0.184,0,0,0.045,-13.435,0.63465,6.72,0,8.51378080028094,0
"8619",2004,360,2,143.724,0.161,0,0,0.11,-13.53,0.6548,6.315,0,8.51393156050796,0
"8620",2004,360,3,132.448,0.138,0,0,0.075,-13.705,0.6617,6.45,0,8.51405448027909,0
"8621",2004,360,4,120.9965,0.23,0,0,0.005,-13.65,0.65695,7.38,0,8.51414318177461,0
"8622",2004,360,5,109.7165,0.276,0,0,0,-12.805,0.63415,7.95,0,8.51419139345441,0
"8623",2004,360,6,98.8735,0.207,0.015,0,0.03,-12.275,0.6402,8.66,0,8.5141932172479,0
"8624",2004,360,7,88.53,12.167,4.25,2.955,1.08,-11.565,0.63335,7.68,0,8.51387244860092,0
"8625",2004,360,8,79.5895,62.652,22.675,26.13,7.14,-10.555,0.63235,8.395,0,8.45647304849888,0
"8626",2004,360,9,72.091,156.63,56.555,71.68,19.26,-9.84,0.60585,9.08,0,8.4511136258577,0
"8627",2004,360,10,66.646,363.998,133.995,176.03,47.885,-9.15,0.6066,7.955,0,8.45100268797307,0
"8628",2004,360,11,63.8215,647.795,238.695,322.41,91.565,-7.51,0.5811,7.19,0,8.45100105404588,0
"8629",2004,360,12,63.979,614.813,226.98,305.48,86.5,-6.5,0.57405,8.075,0,8.45100106680401,0
"8630",2004,360,13,67.096,472.581,174.955,232.955,65.675,-6.015,0.5845,7.78,0,8.45100102167503,0
"8631",2004,360,14,72.7835,239.867,88.9,115.115,31.82,-5.94,0.6061,6.905,0,8.45100103382236,0
"8632",2004,360,15,80.457,129.904,49.04,61.79,17.67,-5.875,0.6228,5.765,0,8.45100105197646,0
"8633",2004,360,16,89.5485,12.006,4.45,3.75,1.6,-5.84,0.64075,5.355,0,8.45303007195513,0
"8634",2004,360,17,99.9665,0.069,0,0,0.155,-5.735,0.65285,5.2,0,8.47557350131348,0
"8635",2004,360,18,110.8685,0.069,0,0,0.26,-5.975,0.73745,4.8,0,8.47632233005952,0
"8636",2004,360,19,122.1765,0.046,0,0,0.195,-6.47,0.8863,3.55,0,8.47637221897756,0
"8637",2004,360,20,133.6265,0.069,0,0,0.1,-6.425,0.91225,3.31,0,8.47644944620373,0
"8638",2004,360,21,144.854,0.023,0,0,0.085,-6.325,0.9151,3.47,0,8.47656144396284,0
"8639",2004,360,22,155.071,0.046,0,0,0.095,-6.255,0.9241,3.175,0,8.47669967206704,0
"8640",2004,360,23,162.015,0.046,0,0,0.105,-6.165,0.91625,3.245,0,8.47685671243898,0
"8641",2004,361,0,161.606,0.115,0,0,0.1,-5.98,0.9077,1.7,0.0105833333333333,8.47702176268532,0
"8642",2004,361,1,154.1735,0.046,0,0,0.105,-5.99,0.9159,2.505,0.0105833333333333,8.47718391385052,0
"8643",2004,361,2,143.795,0.046,0,0,0.1,-5.9,0.92865,1.695,0.0105833333333333,8.4773280345178,0
"8644",2004,361,3,132.523,0.023,0,0,0.045,-5.91,0.9282,1.595,0.0105833333333333,8.47744675638472,0
"8645",2004,361,4,121.0725,0.023,0,0,0.015,-6.1,0.9369,0.84,0.0105833333333333,8.47753132418141,0
"8646",2004,361,5,109.788,0.092,0,0,0.195,-5.92,0.9328,0.605,0.0105833333333333,8.47757700259991,0
"8647",2004,361,6,98.9365,0.092,0,0,0.135,-5.72,0.9294,1.745,0.0105833333333333,8.47757957554558,0
"8648",2004,361,7,88.5825,23.483,4.16,7.905,6.505,-5.66,0.9274,2.895,0.0105833333333333,8.47351604590671,0
"8649",2004,361,8,79.631,133.285,23.935,56.585,37.65,-5.255,0.9161,3.665,0.0105833333333333,8.46894624653781,0
"8650",2004,361,9,72.1155,371.818,71.855,172.23,108.94,-5.01,0.90945,5.51,0.0105833333333333,8.46771378577751,0
"8651",2004,361,10,66.645,498.847,97.395,231.33,144.085,-5,0.8838,6.63,0.0105833333333333,8.46768817816677,0
"8652",2004,361,11,63.796,649.06,131.905,312.88,193.845,-5.38,0.8646,6.05,0.0105833333333333,8.46768780723957,0
"8653",2004,361,12,63.9285,910.915,200.355,460.645,274.955,-5.515,0.78455,5.665,0.0105833333333333,8.46768787952815,0
"8654",2004,361,13,67.0235,783.633,181.52,395.34,229.1,-5.28,0.69985,5.175,0.0105833333333333,8.46768814328622,0
"8655",2004,361,14,72.695,552.115,132.775,276.185,163.25,-5.04,0.6688,4.595,0.0105833333333333,8.46768789075066,0
"8656",2004,361,15,80.358,264.96,64.94,127.665,82.27,-5.36,0.67415,4.855,0.0105833333333333,8.46768810286847,0
"8657",2004,361,16,89.448,34.408,7.675,12.55,11.785,-6.665,0.74355,4.125,0.0105833333333333,8.46777439883556,0
"8658",2004,361,17,99.8535,0.069,0.02,0,0.01,-8.15,0.79795,1.705,0.0105833333333333,8.49134390735788,0
"8659",2004,361,18,110.7545,0,0,0,0,-8.475,0.8105,2.23,0.0105833333333333,8.4947160434538,0
"8660",2004,361,19,122.0625,0.092,0,0,0,-10.015,0.8535,1.725,0.0105833333333333,8.49480773578305,0
"8661",2004,361,20,133.5115,0.322,0,0,0,-10.315,0.8573,2.335,0.0105833333333333,8.49488671524951,0
"8662",2004,361,21,144.7405,0.115,0,0,0,-10.825,0.84915,2.29,0.0105833333333333,8.49500398368682,0
"8663",2004,361,22,154.9665,0.184,0,0,0,-10.93,0.84625,1.785,0.0105833333333333,8.49514665664241,0
"8664",2004,361,23,161.945,0.138,0,0,0,-10.825,0.8432,2.815,0.0105833333333333,8.49530969446698,0
"8665",2004,362,0,161.605,0.161,0,0,0,-11.005,0.855,3.56,0,8.49547900674745,0
"8666",2004,362,1,154.2215,0.345,0,0,0,-11.115,0.86165,3.47,0,8.49564936651173,0
"8667",2004,362,2,143.861,0.437,0,0,0,-10.22,0.87255,3.42,0,8.4958123258568,0
"8668",2004,362,3,132.593,0.138,0,0,0,-9.785,0.8554,0.55,0,8.49594358975909,0
"8669",2004,362,4,121.142,0.322,0,0,0,-9.885,0.8823,2.33,0,8.49603584463774,0
"8670",2004,362,5,109.855,0.437,0,0,0.11,-10.875,0.9355,3.89,0,8.49608871940375,0
"8671",2004,362,6,98.9965,0.414,0.03,0,0.085,-12.035,0.92815,3.22,0,8.49609398453713,0
"8672",2004,362,7,88.6275,44.091,10.52,19.825,15.65,-12.685,0.91695,3.045,0,8.51429737393515,0
"8673",2004,362,8,79.665,273.01,69.73,133.98,83.75,-11.215,0.90565,3.42,0,8.51643775307207,0
"8674",2004,362,9,72.13,580.543,147.785,299.225,167.02,-9.155,0.8942,4.805,0,8.51618623607817,0
"8675",2004,362,10,66.6385,744.303,186.195,383.25,209.45,-6.685,0.84585,4.975,0,8.51618106674216,0
"8676",2004,362,11,63.762,937.388,232.23,464.965,242.29,-4.9,0.7789,5.05,0,8.51618097349039,0
"8677",2004,362,12,63.8695,933.248,258.5,464.585,216.97,-3.365,0.687,4.86,0,8.51618099867234,0
"8678",2004,362,13,66.9455,628.13,189.74,308.785,130.805,-2.515,0.65685,5.335,0,8.5161810644918,0
"8679",2004,362,14,72.5995,344.747,106.565,164.93,67.505,-2.5,0.6755,6.035,0,8.51618129062315,0
"8680",2004,362,15,80.2545,145.406,45.94,67.315,27.585,-2.91,0.68505,6.125,0,8.51618109094733,0
"8681",2004,362,16,89.304,25.346,8.165,9.785,5.06,-3.74,0.7297,5.895,0,8.51507811655037,0
"8682",2004,362,17,99.7385,0.391,0,0,0.15,-4.88,0.78345,5.035,0,8.53787536079336,0
"8683",2004,362,18,110.6365,0.161,0,0,0.04,-5.315,0.78745,4.92,0,8.53935002963283,0
"8684",2004,362,19,121.943,0,0,0,0.05,-5.455,0.79905,6.135,0,8.53941195895414,0
"8685",2004,362,20,133.3915,0,0,0,0.065,-5.705,0.776,7.33,0,8.53948726130677,0
"8686",2004,362,21,144.621,0,0,0,0.025,-5.685,0.7801,8.265,0,8.53959654376027,0
"8687",2004,362,22,154.8555,0,0,0,0,-5.44,0.7673,9.07,0,8.5397333870728,0
"8688",2004,362,23,161.867,0.023,0,0,0,-4.91,0.7174,8.075,0,8.53988877260362,0
"8689",2004,363,0,161.5965,0,0,0,0,-3.98,0.7049,9.03,0,8.54005170939407,0
"8690",2004,363,1,154.2625,0.023,0,0,0,-3.47,0.7236,8.06,0,8.54021062404406,0
"8691",2004,363,2,143.921,0,0,0,0.1,-3.53,0.7344,7.125,0,8.54035416669895,0
"8692",2004,363,3,132.659,0,0,0,0.06,-3.835,0.7591,5.66,0,8.54047262458599,0
"8693",2004,363,4,121.207,0,0,0,0,-3.805,0.76785,3.96,0,8.54055799860688,0
"8694",2004,363,5,109.9145,0,0,0,0,-3.765,0.77525,3.275,0,8.54060448449248,0
"8695",2004,363,6,99.0495,0.069,0.02,0,0.005,-3.71,0.7753,5.17,0,8.54060821303234,0
"8696",2004,363,7,88.668,24.426,8.255,9.32,4.095,-3.64,0.7799,5.58,0,8.53574713915773,0
"8697",2004,363,8,79.693,111.504,36.46,49.685,17.635,-2.985,0.77305,6.13,0,8.5265734532153,0
"8698",2004,363,9,72.1385,340.055,113.86,162.285,54.94,-0.755,0.7152,7.39,0,8.52529547303313,0
"8699",2004,363,10,66.6235,599.702,211.52,289.01,86.135,2.335,0.6312,8.86,0,8.52526895697981,0
"8700",2004,363,11,63.7225,524.975,188.62,250.275,69.765,4.29,0.59155,8.93,0,8.52526857124774,0
"8701",2004,363,12,63.805,380.903,136.73,178.735,49.48,5.745,0.58345,8.035,0,8.52526864082771,0
"8702",2004,363,13,66.8575,343.666,122.375,161.335,46.465,5.61,0.60025,6.54,0,8.52526889247336,0
"8703",2004,363,14,72.499,355.81,125.81,168.76,54.595,6.47,0.5979,7.89,0,8.52526866547296,0
"8704",2004,363,15,80.1435,245.663,86.05,116.16,42.695,6.17,0.61405,8.32,0,8.52526888118534,0
"8705",2004,363,16,89.194,18.837,6.375,5.86,2.675,4.66,0.67295,8.21,0,8.52680105027967,0
"8706",2004,363,17,99.617,0.069,0,0,0.2,3.52,0.71695,7.015,0,8.55553477569756,0
"8707",2004,363,18,110.512,0.023,0,0,0.025,2.83,0.7526,5.505,0,8.55670197030836,0
"8708",2004,363,19,121.8175,0.092,0,0,0,3.755,0.72595,7.475,0,8.55675786892257,0
"8709",2004,363,20,133.2665,0.023,0,0,0,3.52,0.7396,6.16,0,8.55683460778475,0
"8710",2004,363,21,144.5,0.069,0,0,0,3.135,0.75945,5.095,0,8.55694505477316,0
"8711",2004,363,22,154.7395,0.023,0,0,0,3.015,0.77945,3.665,0,8.55708481117583,0
"8712",2004,363,23,161.781,0.046,0,0,0,4.045,0.76335,5.285,0,8.55724096788045,0
"8713",2004,364,0,161.58,0,0,0,0,4.65,0.7559,5.665,0,8.55740506375071,0
"8714",2004,364,1,154.2955,0,0,0,0,4.76,0.7661,5.16,0,8.5575632361442,0
"8715",2004,364,2,143.974,0,0,0,0,5.085,0.7681,5.635,0,8.55770706751108,0
"8716",2004,364,3,132.72,0,0,0,0,5.07,0.7754,4.885,0,8.557825785445,0
"8717",2004,364,4,121.2665,0,0,0,0,4.865,0.7863,3.485,0,8.55791150020363,0
"8718",2004,364,5,109.9715,0.023,0,0,0,4.55,0.7982,3.15,0,8.55795813652331,0
"8719",2004,364,6,99.097,0.115,0.015,0,0,3.69,0.8271,3.62,0,8.55796270971969,0
"8720",2004,364,7,88.7025,28.359,9.69,8.83,2.1,3.09,0.84315,2.985,0,8.54805918761599,0
"8721",2004,364,8,79.7145,132.595,48.96,62.805,18.46,2.915,0.84825,1.77,0,8.54447213494156,0
"8722",2004,364,9,72.1405,150.282,53.755,68.035,18.795,4.705,0.8001,2.925,0,8.54351308590538,0
"8723",2004,364,10,66.601,224.365,79.65,103.59,28.655,6.265,0.76475,2.4,0,8.54349330135731,0
"8724",2004,364,11,63.6755,841.064,300.975,418.27,131.59,9.17,0.69325,3.71,0,8.54349302513483,0
"8725",2004,364,12,63.732,842.214,301.165,421.29,134.19,11.115,0.6772,4.145,0,8.54349311692014,0
"8726",2004,364,13,66.764,736.046,258.25,364.52,120.44,11.835,0.6633,4.645,0,8.54349346013128,0
"8727",2004,364,14,72.3925,525.941,185.38,259.15,91.485,11.995,0.66405,4.49,0,8.54349306967335,0
"8728",2004,364,15,80.028,259.923,92.945,124.615,48.97,11.61,0.67135,4.045,0,8.54349318948429,0
"8729",2004,364,16,89.08,32.43,12.205,12.3,4.775,9.86,0.71185,3.075,0,8.54349707651576,0
"8730",2004,364,17,99.493,0.069,0.005,0,0,7.57,0.78355,3.565,0,8.55930611802176,0
"8731",2004,364,18,110.3865,0.023,0,0,0.03,4.44,0.8818,4.545,0,8.56201273661681,0
"8732",2004,364,19,121.691,0.138,0,0,0,2.85,0.90805,3.41,0,8.56209396556977,0
"8733",2004,364,20,133.14,0.276,0,0,0,2.04,0.9245,2.635,0,8.56217287014527,0
"8734",2004,364,21,144.3715,0.23,0,0,0,1.635,0.93325,1.94,0,8.56229112503208,0
"8735",2004,364,22,154.617,0.253,0,0,0,1.61,0.9265,2.69,0,8.56243840679279,0
"8736",2004,364,23,161.6865,0.437,0,0,0,1.295,0.92885,3.1,0,8.56261057150908,0
"8737",2004,365,0,161.5545,0.437,0,0,0,1.21,0.93835,3.515,0.0211666666666667,8.56279803577068,0
"8738",2004,365,1,154.3245,0.414,0,0,0,0.88,0.954,3.245,0.0211666666666667,8.56298105257842,0
"8739",2004,365,2,144.0235,0.414,0,0,0,0.955,0.96915,3.61,0.0211666666666667,8.56314661892736,0
"8740",2004,365,3,132.7745,0.368,0,0,0,1.83,0.98125,4.53,0.0211666666666667,8.56328263940393,0
"8741",2004,365,4,121.323,0.161,0,0,0.04,2.285,0.9882,5.475,0.0211666666666667,8.5633775430137,0
"8742",2004,365,5,110.0225,0.207,0,0,0,2.85,0.99255,4.455,0.0211666666666667,8.56342814176852,0
"8743",2004,365,6,99.1405,0.276,0,0,0.005,3.12,0.9941,3.645,0.0211666666666667,8.56343385552303,0
"8744",2004,365,7,88.731,8.648,3.07,1.86,0.795,3.765,0.9961,4.095,0.0211666666666667,8.56328966953629,0
"8745",2004,365,8,79.7295,89.999,32.45,39.4,10.485,4.73,0.99765,5.41,0.0211666666666667,8.53781902829721,0
"8746",2004,365,9,72.1365,180.274,63.515,80.5,20.725,6.205,0.999444444444444,7.04,0.0211666666666667,8.53467827664694,0
"8747",2004,365,10,66.5735,207.276,72.97,91.665,23.255,7.22,0.998666666666667,7.745,0.0211666666666667,8.53461161127032,0
"8748",2004,365,11,63.62,368.414,130.48,170.2,45.725,8.86,0.94475,8.65,0.0211666666666667,8.5346106521686,0
"8749",2004,365,12,63.653,228.275,77.605,99.81,27.475,9.5,0.92965,9.225,0.0211666666666667,8.5346106801956,0
"8750",2004,365,13,66.6655,173.788,58.665,73.59,20.305,10.005,0.9267,9.48,0.0211666666666667,8.53461060577353,0
"8751",2004,365,14,72.278,225.446,79.19,101.06,28.79,10.895,0.8975,9.685,0.0211666666666667,8.53461061876227,0
"8752",2004,365,15,79.906,116.748,41.09,50.69,16.57,11.195,0.882,10.515,0.0211666666666667,8.53461064215957,0
"8753",2004,365,16,88.9605,29.072,11.1,10.76,5.095,11.14,0.8662,10.83,0.0211666666666667,8.53090537653257,0
"8754",2004,365,17,99.363,0.092,0.025,0,0,11.5,0.84785,10.41,0.0211666666666667,8.53954957959096,0
"8755",2004,365,18,110.2565,0,0,0,0.075,11.515,0.85955,10.735,0.0211666666666667,8.54141652528274,0
"8756",2004,365,19,121.5605,0.023,0,0,0.025,11.16,0.8854,10.52,0.0211666666666667,8.54148156591615,0
"8757",2004,365,20,133.0075,0,0,0,0.005,11.575,0.88445,10.54,0.0211666666666667,8.54155439845183,0
"8758",2004,365,21,144.2405,0.046,0,0,0.005,13.415,0.83135,12.56,0.0211666666666667,8.54166179131482,0
"8759",2004,365,22,154.4915,0.069,0,0,0.09,13.47,0.82405,11.915,0.0211666666666667,8.54179970818218,0
"8760",2004,365,23,161.587,0.046,0,0,0.13,12.925,0.8407,10.67,0.0211666666666667,8.54195663593051,0
