year,doy,hour,zen,solar,netsolar,dw_solar,up_solar,temp,rh,windspeed,precip,day_length,DVI
2004,1,0,161.512,0,0,0,0,0.43,0.7529,4.03,0,8,-1
2004,1,1,154.35,0,0,0,0.005,0.425,0.7619,3.87,0,8.000114998,-1
2004,1,2,144.0775,0,0,0,0,0.17,0.77315,3.945,0,8.000267143,-1
2004,1,3,132.836,0,0,0,0,0.195,0.7983,4.275,0,8.000426802,-1
2004,1,4,121.3835,0,0,0,0.03,-0.03,0.82675,4.425,0,8.000582989,-1
2004,1,5,110.078,0,0,0,0.04,-0.22,0.8723,4.525,0,8.00072433,-1
2004,1,6,99.185,0.069,0.235,0,0,-0.315,0.90525,4.355,0,8.000843264,-1
2004,1,7,88.7585,17.71,8.005,5.165,2.44,0.465,0.89895,4.555,0,8.005516949,-1
2004,1,8,79.739,73.968,27.97,29.74,8.06,1.515,0.88465,4.355,0,8.320072034,-1
2004,1,9,72.121,104.811,37.255,42.18,11.275,2.08,0.8748,4.305,0,8.326613892,-1
2004,1,10,66.5265,213.693,75.285,93.705,24.37,2.77,0.85625,5.27,0,8.326650371,-1
2004,1,11,63.541,500.641,179.77,236.785,66.15,4.675,0.81465,6.58,0,8.326650416,-1
2004,1,12,63.543,407.445,144.685,186.745,50.215,7.39,0.77445,6.27,0,8.326650456,-1
2004,1,13,66.5305,391.828,139.93,181.205,51.32,9.205,0.7599,5.63,0,8.326650635,-1
2004,1,14,72.127,362.963,131.195,169.685,50.395,10.835,0.73765,7.435,0,8.326650525,-1
2004,1,15,79.7475,108.974,40.81,46.72,13.89,11.005,0.7597,6.03,0,8.326650581,-1
2004,1,16,88.7685,17.779,7.685,4.65,2.07,10.94,0.80865,6.31,0,8.181384143,-1
2004,1,17,99.1955,0.46,0.16,0,0.065,11.19,0.8295,7.4,0,8.047701362,-1
2004,1,18,110.088,0.46,0,0,0.005,11.205,0.8797,8.02,0,8.0468277,-1
2004,1,19,121.393,0.46,0,0,0.005,11.325,0.90575,7.31,0,8.046739617,-1
2004,1,20,132.8415,0.46,0,0,0.02,11.12,0.92315,7.2,0,8.046696554,-1
2004,1,21,144.0735,0.46,0,0,0.01,11.3,0.92075,8.01,0,8.046700784,-1
2004,1,22,154.3285,0.46,0,0,0.045,11.245,0.9264,8.13,0,8.046752181,-1
2004,1,23,161.452,0.46,0,0,0.015,11.215,0.9439,6.73,0,8.046847393,-1
2004,2,0,161.47,0.46,0,0,0.005,11.1,0.9609,6.07,0.0635,8.046980824,-1
2004,2,1,154.362,0.46,0,0,0,11.01,0.97445,4.855,0.0635,8.047142408,-1
2004,2,2,144.1135,0.46,0,0,0.075,10.975,0.9782,3.835,0.0635,8.047321912,-1
2004,2,3,132.88,0.46,0,0,0,11.05,0.9802,3.88,0.0635,8.047506667,-1
2004,2,4,121.4265,0.46,0,0,0.02,11.345,0.9811,3.315,0.0635,8.047683867,-1
2004,2,5,110.1175,0.46,0,0,0.075,11.295,0.982,3.975,0.0635,8.047841412,-1
2004,2,6,99.2145,0.483,0.175,0,0.08,11.09,0.9822,3.045,0.0635,8.047969191,-1
2004,2,7,88.7755,26.128,11.065,9.155,2.88,11.155,0.98325,4.125,0.0635,8.088979048,-1
2004,2,8,79.7395,142.416,54.21,64.65,16.115,12.03,0.9841,5.78,0.0635,8.359718595,-1
2004,2,9,72.1005,123.073,44.305,50.525,12.29,12.6,0.9848,6.045,0.0635,8.361856028,-1
2004,2,10,66.4815,180.665,64.615,75.985,17.39,13.13,0.985,7.495,0.0635,8.36186615,-1
2004,2,11,63.4685,225.239,80.435,96.485,22.47,13.79,0.985,8.66,0.0635,8.361866133,-1
2004,2,12,63.4455,253.667,92.03,111.5,26.625,14.82,0.9586,10.2,0.0635,8.361866174,-1
2004,2,13,66.416,238.119,86.98,105.915,26.795,15.77,0.9029,10.08,0.0635,8.361866353,-1
2004,2,14,72,163.484,59.03,69.875,18.74,16.175,0.88835,10.365,0.0635,8.361866256,-1
2004,2,15,79.614,138.805,51.49,59.475,17.785,16.155,0.8884,10.98,0.0635,8.361866224,-1
2004,2,16,88.6385,23.529,9.59,6.65,3.01,15.91,0.88475,10.765,0.0635,8.292899714,-1
2004,2,17,99.0575,0.46,0.19,0,0.035,15.745,0.8811,11.205,0.0635,8.110051374,-1
2004,2,18,109.949,0.46,0,0,0.08,15.54,0.88675,10.625,0.0635,8.109003655,-1
2004,2,19,121.2535,0.46,0,0,0.01,15.515,0.8878,8.835,0.0635,8.108928039,-1
2004,2,20,132.703,0.46,0,0,0,15.935,0.87695,9.675,0.0635,8.108897098,-1
2004,2,21,143.9345,0.46,0,0,0.03,16.885,0.8375,11.3,0.0635,8.108913626,-1
2004,2,22,154.189,0.46,0,0,0.275,16.43,0.86935,9.875,0.0635,8.108976754,-1
2004,2,23,161.336,0.46,0,0,0.275,15.89,0.8877,8.21,0.0635,8.109083457,-1
2004,3,0,161.4175,0.46,0,0,0.315,14.85,0.8536,6.395,0.740833333,8.109225316,-1
2004,3,1,154.3675,0.46,0,0,0.43,13.725,0.7876,5.95,0.740833333,8.109392917,-1
2004,3,2,144.144,0.437,0,0,0.46,11.785,0.80465,4.445,0.740833333,8.109575355,-1
2004,3,3,132.9175,0.46,0,0,0.245,10.18,0.81595,3.435,0.740833333,8.1097588,-1
2004,3,4,121.4645,0.46,0,0,0.025,9.09,0.83205,2.155,0.740833333,8.10993287,-1
2004,3,5,110.1495,0.46,0,0,0.01,8.325,0.83885,2.265,0.740833333,8.11008395,-1
2004,3,6,99.2395,0.46,0.205,0,0.05,7.64,0.8263,2.565,0.740833333,8.110201984,-1
2004,3,7,88.786,12.765,4.765,0.94,1.285,6.875,0.8354,3.395,0.740833333,8.111248144,-1
2004,3,8,79.734,38.341,14.145,10.845,3.71,6.645,0.82305,3.55,0.740833333,8.285276845,-1
2004,3,9,72.0725,104.926,39.66,42.945,10.02,6.41,0.85505,3.21,0.740833333,8.334878721,-1
2004,3,10,66.428,112.125,41.14,44.89,10.16,6.36,0.8291,5.81,0.740833333,8.335075154,-1
2004,3,11,63.388,112.815,39.985,42.025,9.195,6.105,0.8287,5.29,0.740833333,8.3350737,-1
2004,3,12,63.342,172.684,62.72,70.73,15.235,5.76,0.8015,6.705,0.740833333,8.335073657,-1
2004,3,13,66.294,167.348,62.915,71.545,15.5,5.59,0.79555,6.665,0.740833333,8.335073716,-1
2004,3,14,71.867,110.515,41.155,44.76,10.16,5.34,0.77855,5.755,0.740833333,8.335073941,-1
2004,3,15,79.4775,103.615,39.77,43.905,10.715,5.21,0.77525,6.775,0.740833333,8.335073781,-1
2004,3,16,88.5065,16.445,6.89,4.45,2.095,4.65,0.77365,5.775,0.740833333,8.199101776,-1
2004,3,17,98.915,0.23,0.21,0,0.515,3.77,0.77135,6.835,0.740833333,8.103604992,-1
2004,3,18,109.8075,0.322,0,0,0.15,3.395,0.81225,6.925,0.740833333,8.103109271,-1
2004,3,19,121.113,0.092,0,0,0.1,3.325,0.82035,6.77,0.740833333,8.103051829,-1
2004,3,20,132.561,0.437,0,0,0.215,3.1,0.8657,6.805,0.740833333,8.103034239,-1
2004,3,21,143.791,0.46,0,0,0.305,2.455,0.8896,6.605,0.740833333,8.103062822,-1
2004,3,22,154.0465,0.46,0,0,0.17,2.245,0.92255,6.1,0.740833333,8.103138012,-1
2004,3,23,161.2125,0.46,0,0,0.415,1.675,0.92395,7.94,0.740833333,8.10325389,-1
2004,4,0,161.358,0.46,0,0,0.275,1.195,0.928,9.575,0.9525,8.103403503,-1
2004,4,1,154.3655,0.437,0,0,0.38,0.825,0.90035,10.995,0.9525,8.103575247,-1
2004,4,2,144.168,0.437,0,0,0.095,0.655,0.8992,9.365,0.9525,8.103757714,-1
2004,4,3,132.951,0.437,0,0,0.115,0.665,0.90605,9.34,0.9525,8.103938774,-1
2004,4,4,121.4975,0.345,0,0,0.04,0.66,0.9072,8.83,0.9525,8.104104426,-1
2004,4,5,110.1765,0.368,0,0,0.045,0.82,0.89285,8.595,0.9525,8.104242904,-1
2004,4,6,99.2575,0.368,0.175,0,0.05,0.785,0.89635,9.09,0.9525,8.104347587,-1
2004,4,7,88.79,8.993,4.1,1.135,0.75,0.94,0.89245,9.575,0.9525,8.104706957,-1
2004,4,8,79.721,47.932,17,15.01,3.65,1.165,0.9006,9.12,0.9525,8.290097416,-1
2004,4,9,72.037,54.901,19.53,17.345,3.66,1.175,0.91405,9.32,0.9525,8.310074552,-1
2004,4,10,66.368,51.75,17.665,14.995,3.13,1.445,0.9068,9.035,0.9525,8.309398256,-1
2004,4,11,63.3015,55.407,18.14,15.85,3.495,1.15,0.9215,8.34,0.9525,8.308421514,-1
2004,4,12,63.2295,79.488,27.415,27.14,5.19,0.92,0.92435,9.415,0.9525,8.308299584,-1
2004,4,13,66.1645,69.253,24.545,23.055,4.675,1.06,0.91575,8.135,0.9525,8.308296457,-1
2004,4,14,71.7275,70.771,26.21,24.785,5.225,1.07,0.91145,8.305,0.9525,8.308290406,-1
2004,4,15,79.333,24.702,8.34,3.23,1.645,0.94,0.93205,7.125,0.9525,8.137035756,-1
2004,4,16,88.3305,8.05,2.705,0.06,0.45,0.74,0.9512,8.305,0.9525,7.933280617,-1
2004,4,17,98.768,2.783,0.21,0,0.255,0.395,0.95,8.25,0.9525,7.930967868,-1
2004,4,18,109.661,2.76,0,0,0.385,-0.395,0.94495,9.3,0.9525,7.930757479,-1
2004,4,19,120.967,3.059,0,0,0.075,-0.795,0.9366,8.9,0.9525,7.930638705,-1
2004,4,20,132.416,2.944,0,0,0.16,-1.06,0.9151,8.53,0.9525,7.930623667,-1
2004,4,21,143.646,2.852,0,0,0.23,-1.425,0.9197,7.745,0.9525,7.930715465,-1
2004,4,22,153.9005,3.036,0,0,0.07,-1.395,0.91225,6.96,0.9525,7.930908674,-1
2004,4,23,161.083,3.059,0,0,0.01,-1.22,0.88015,7.29,0.9525,7.931201139,-1
2004,5,0,161.289,3.082,0,0,0.025,-1.075,0.8845,6.805,0.021166667,7.931569402,-1
2004,5,1,154.3565,2.898,0,0,0.47,-1.395,0.92055,7.77,0.021166667,7.93197703,-1
2004,5,2,144.1855,2.116,0,0,0.295,-2.4,0.9372,9.045,0.021166667,7.932348049,-1
2004,5,3,132.977,1.863,0,0,0.155,-2.58,0.91595,8.455,0.021166667,7.932648488,-1
2004,5,4,121.5255,1.633,0,0,0.555,-3.09,0.89845,9.475,0.021166667,7.932898203,-1
2004,5,5,110.198,1.334,0,0,0.31,-3.835,0.89295,10.11,0.021166667,7.933087577,-1
2004,5,6,99.271,1.127,0.12,0,0.19,-4.08,0.89455,9.545,0.021166667,7.933212819,-1
2004,5,7,88.7885,7.383,2.7,0.315,0.915,-4.31,0.90515,9.435,0.021166667,7.933441719,-1
2004,5,8,79.7015,63.71,22.945,23.45,7.555,-4.475,0.9003,8.79,0.021166667,8.126189152,-1
2004,5,9,71.996,210.565,76.3,96.35,26.76,-4.32,0.86855,8.38,0.021166667,8.135003257,-1
2004,5,10,66.3,262.545,93.325,120.37,33.53,-4.59,0.86485,8.52,0.021166667,8.135019221,-1
2004,5,11,63.207,274.85,96.92,125.94,35.95,-4.715,0.86105,8.655,0.021166667,8.135018639,-1
2004,5,12,63.1135,248.791,86.64,112.605,32.335,-4.995,0.85675,8.66,0.021166667,8.135018653,-1
2004,5,13,66.0295,295.642,106.12,139.185,39.39,-5.065,0.8471,8.45,0.021166667,8.135018622,-1
2004,5,14,71.583,146.648,52.545,65,19.075,-5.155,0.85305,7.695,0.021166667,8.135018635,-1
2004,5,15,79.184,80.339,29.62,34.08,11.035,-5.78,0.85075,8.6,0.021166667,8.135018652,-1
2004,5,16,88.1905,20.562,7.71,5.595,3.08,-6.78,0.84825,8.545,0.021166667,8.013015138,-1
2004,5,17,98.619,0.506,0.105,0,0.69,-7.855,0.824,8.975,0.021166667,7.937217811,-1
2004,5,18,109.5135,0.46,0,0,0.64,-8.905,0.8066,9.74,0.021166667,7.937014656,-1
2004,5,19,120.8195,0.46,0,0,1.155,-10.75,0.7932,9.85,0.021166667,7.93697465,-1
2004,5,20,132.268,0.46,0,0,0.94,-12.835,0.7567,10.385,0.021166667,7.93697573,-1
2004,5,21,143.497,0.414,0,0,0.42,-13.88,0.68165,10.765,0.021166667,7.937023278,-1
2004,5,22,153.749,0.23,0,0,0.25,-14.22,0.6887,10.005,0.021166667,7.937112032,-1
2004,5,23,160.9465,0.092,0,0,0.195,-14.46,0.70965,9.975,0.021166667,7.937229184,-1
2004,6,0,161.2125,0.115,0,0,0.325,-14.865,0.6835,10.4,0,7.937369465,-1
2004,6,1,154.3395,0.023,0,0,0.2,-15.23,0.65475,10.485,0,7.937524802,-1
2004,6,2,144.197,0,0,0,0.205,-15.395,0.6671,9.53,0,7.937681718,-1
2004,6,3,132.998,0.046,0,0,0.275,-15.72,0.6956,9.69,0,7.937833823,-1
2004,6,4,121.5465,0.092,0,0,0.235,-16.005,0.71975,9.56,0,7.937971542,-1
2004,6,5,110.2145,0.138,0,0,0.315,-16.41,0.68865,9.09,0,7.938085146,-1
2004,6,6,99.276,0.276,0.185,0,0.2,-16.555,0.6908,6.955,0,7.938167001,-1
2004,6,7,88.783,41.216,18.055,16.46,10.375,-16.565,0.68585,6.305,0,8.127749022,-1
2004,6,8,79.6765,277.84,109.96,148.23,58.99,-15.725,0.6786,7.675,0,8.194961412,-1
2004,6,9,71.9465,559.314,214.88,299.56,106.645,-14.38,0.64835,8.645,0,8.195301523,-1
2004,6,10,66.2235,779.263,296.495,416.935,139.31,-12.885,0.6141,7.62,0,8.195301427,-1
2004,6,11,63.105,900.059,340.195,478.725,155.79,-11.575,0.5707,9.805,0,8.195301391,-1
2004,6,12,62.9875,904.13,340.46,475.695,154.455,-10.365,0.57515,11.32,0,8.195301425,-1
2004,6,13,65.889,796.214,298.47,412.745,137.92,-9.355,0.58545,10.765,0,8.19530155,-1
2004,6,14,71.4325,590.272,219.645,300.885,107.53,-8.56,0.5645,10.56,0,8.195302074,-1
2004,6,15,79.031,305.877,111.545,147.27,62.085,-8.03,0.5387,10.62,0,8.195301436,-1
2004,6,16,88.0465,54.579,19.635,19.28,14.2,-8.215,0.56275,9.91,0,8.195298676,-1
2004,6,17,98.4655,0.598,0.36,0,0.06,-8.61,0.61235,8.08,0,8.085191401,-1
2004,6,18,109.361,0.46,0,0,0.005,-8.67,0.6367,7.795,0,8.084279505,-1
2004,6,19,120.669,0.46,0,0,0.02,-8.675,0.6539,8.075,0,8.084327741,-1
2004,6,20,132.117,0.46,0,0,0.095,-9.085,0.72025,7.755,0,8.084338036,-1
2004,6,21,143.3415,0.46,0,0,0.05,-9.585,0.73525,6.67,0,8.084393437,-1
2004,6,22,153.592,0.46,0,0,0.045,-10.005,0.7541,5.745,0,8.084492246,-1
2004,6,23,160.8025,0.46,0,0,0.005,-10.025,0.7298,6.915,0,8.084627929,-1
2004,7,0,161.1285,0.46,0,0,0.01,-10.135,0.6761,6.84,0,8.08479124,-1
2004,7,1,154.317,0.46,0,0,0.005,-10.35,0.6702,6.55,0,8.084970994,-1
2004,7,2,144.203,0.46,0,0,0,-10.335,0.64095,6.97,0,8.085154762,-1
2004,7,3,133.014,0.46,0,0,0.01,-10.48,0.65315,6.425,0,8.085329748,-1
2004,7,4,121.561,0.46,0,0,0.04,-10.875,0.6876,5.555,0,8.085484504,-1
2004,7,5,110.2255,0.414,0,0,0,-10.775,0.73865,5.525,0,8.085606589,-1
2004,7,6,99.2765,0.299,0.32,0,0.09,-11.22,0.78675,2.93,0,8.0856867,-1
2004,7,7,88.769,41.883,17.58,16.575,9.475,-11.43,0.8148,3.49,0,8.261698879,-1
2004,7,8,79.6445,285.591,110.08,149,57.745,-9.61,0.7739,5.29,0,8.31853076,-1
2004,7,9,71.891,558.739,210.05,295.505,100.745,-7.565,0.6717,5.195,0,8.318779929,-1
2004,7,10,66.142,626.957,231.18,324.99,101.69,-6.65,0.63605,6.01,0,8.31877909,-1
2004,7,11,62.9955,775.951,285.315,400.275,122.375,-5.225,0.60285,6.1,0,8.318779046,-1
2004,7,12,62.8545,796.191,291.795,406.12,126.91,-3.68,0.5526,5.145,0,8.318779078,-1
2004,7,13,65.74,812.268,297.865,411.03,134.69,-2.225,0.50565,6.79,0,8.318779184,-1
2004,7,14,71.276,605.774,216.575,297.36,105.175,-1.82,0.49605,7.395,0,8.31877962,-1
2004,7,15,78.873,318.32,109.82,145.21,60.81,-1.605,0.50275,8.365,0,8.318779099,-1
2004,7,16,87.8965,40.158,12.925,11.07,6.82,-2.73,0.5712,6.64,0,8.318505234,-1
2004,7,17,98.308,0.621,0.255,0,0.285,-4.19,0.6808,4.1,0,8.174323939,-1
2004,7,18,109.2075,0.46,0,0,0.075,-4.885,0.6906,4.375,0,8.174349136,-1
2004,7,19,120.515,0.46,0,0,0,-4.84,0.689,5.735,0,8.174360797,-1
2004,7,20,131.9645,0.46,0,0,0,-4.08,0.63765,7.45,0,8.174377621,-1
2004,7,21,143.1875,0.483,0,0,0.025,-3.645,0.5969,7.795,0,8.174440551,-1
2004,7,22,153.4315,0.46,0,0,0,-3.47,0.611,7.185,0,8.174546843,-1
2004,7,23,160.653,0.46,0,0,0.025,-3.235,0.6267,6.15,0,8.174688221,-1
2004,8,0,161.036,0.46,0,0,0.015,-3.16,0.6379,5.37,0,8.174855437,-1
2004,8,1,154.2865,0.46,0,0,0.01,-2.97,0.64845,4.395,0,8.175038422,-1
2004,8,2,144.2,0.46,0,0,0.06,-2.925,0.67885,3.615,0,8.175222843,-1
2004,8,3,133.023,0.483,0,0,0.045,-3.005,0.70555,4.01,0,8.175397019,-1
2004,8,4,121.571,0.483,0,0,0.025,-2.75,0.70715,4.1,0,8.175549505,-1
2004,8,5,110.229,0.483,0,0,0.13,-2.74,0.72745,3.18,0,8.175668295,-1
2004,8,6,99.271,0.506,0.16,0,0.035,-2.8,0.7399,2.625,0,8.175745813,-1
2004,8,7,88.7505,12.489,5.075,2.615,1.475,-2.68,0.7393,3.05,0,8.176236248,-1
2004,8,8,79.6045,56.718,20.37,20.315,6.625,-2.44,0.75585,3.945,0,8.302377942,-1
2004,8,9,71.8275,129.789,44.07,52.76,15.205,-2.81,0.8722,4.915,0,8.307235319,-1
2004,8,10,66.0525,312.156,109.995,143.145,40.08,-1.925,0.79325,4.21,0,8.307207748,-1
2004,8,11,62.8795,592.25,212.595,286.335,82.205,-0.695,0.6513,3.735,0,8.307206716,-1
2004,8,12,62.716,850.333,308.435,420.94,128.155,0.47,0.60075,2.63,0,8.307206726,-1
2004,8,13,65.585,557.612,204.01,273.02,80.71,0.575,0.5898,2.27,0,8.307206693,-1
2004,8,14,71.1155,270.411,99.56,127.95,35.68,0.21,0.6091,2.84,0,8.307206707,-1
2004,8,15,78.711,169.372,63.565,79.03,23.015,0.125,0.64335,2.955,0,8.307206736,-1
2004,8,16,87.707,31.694,11.905,10.645,4.055,-0.11,0.6769,2.5,0,8.29977973,-1
2004,8,17,98.1485,3.243,0.295,0,0.12,-0.34,0.74895,2.4,0,8.153866883,-1
2004,8,18,109.049,3.243,0,0,0.095,-0.43,0.75595,2.18,0,8.154012537,-1
2004,8,19,120.3585,3.128,0,0,0.095,-0.565,0.774,2.61,0,8.153973776,-1
2004,8,20,131.8065,3.174,0,0,0.085,-0.695,0.7569,3.125,0,8.154027063,-1
2004,8,21,143.0275,3.197,0,0,0.055,-0.815,0.7443,2.15,0,8.154195416,-1
2004,8,22,153.269,3.151,0,0,0.02,-0.9,0.76775,2.275,0,8.154467391,-1
2004,8,23,160.4965,3.243,0,0,0.07,-0.945,0.7733,2.96,0,8.154826467,-1
2004,9,0,160.935,3.174,0,0,0.11,-1.105,0.8334,3.53,0.010583333,8.155251299,-1
2004,9,1,154.245,2.461,0,0,0.305,-1.415,0.8877,4.55,0.010583333,8.155662094,-1
2004,9,2,144.193,0.989,0,0,0.32,-1.88,0.8431,4.14,0.010583333,8.155958064,-1
2004,9,3,133.026,0.667,0,0,0.36,-2.5,0.8362,4.705,0.010583333,8.15615563,-1
2004,9,4,121.5745,0.46,0,0,0.33,-3.215,0.83985,4.89,0.010583333,8.156309262,-1
2004,9,5,110.2275,0.46,0,0,0.25,-3.42,0.82455,6.25,0.010583333,8.156422651,-1
2004,9,6,99.2605,0.506,0.19,0,0.4,-4.015,0.8364,6.565,0.010583333,8.156494505,-1
2004,9,7,88.726,36.639,14.295,13.155,6.465,-4.945,0.86475,6.24,0.010583333,8.268376962,-1
2004,9,8,79.559,233.381,91.43,120.325,44.835,-4.665,0.8474,6.905,0.010583333,8.344159451,-1
2004,9,9,71.759,430.307,163.125,221.005,73.215,-4.465,0.8237,7.39,0.010583333,8.344409713,-1
2004,9,10,65.9555,555.91,208.94,286.065,88.395,-4.035,0.80235,7.19,0.010583333,8.344406981,-1
2004,9,11,62.7555,512.601,191.97,259.23,74.505,-3.81,0.78475,5.75,0.010583333,8.34440699,-1
2004,9,12,62.57,570.446,210.515,283.99,85.275,-3.245,0.73615,5.9,0.010583333,8.344406917,-1
2004,9,13,65.426,356.822,132.955,173.425,49.095,-3.225,0.69705,6.095,0.010583333,8.344406969,-1
2004,9,14,70.946,239.2,88.83,114.34,34.97,-3.535,0.71925,6.785,0.010583333,8.34440716,-1
2004,9,15,78.542,297.39,109.11,141.005,53.99,-3.4,0.6352,6.565,0.010583333,8.344407107,-1
2004,9,16,87.551,45.333,17.055,14.92,7.325,-4.1,0.67755,6.075,0.010583333,8.344360587,-1
2004,9,17,97.9825,0.598,0.325,0,0.32,-4.765,0.71085,5.195,0.010583333,8.245975808,-1
2004,9,18,108.8885,0.437,0,0,0.29,-5.475,0.68915,4.785,0.010583333,8.247264491,-1
2004,9,19,120.2005,0.46,0,0,0.135,-5.63,0.7056,4.345,0.010583333,8.247316956,-1
2004,9,20,131.647,0.414,0,0,0.085,-5.685,0.71505,4.47,0.010583333,8.247345649,-1
2004,9,21,142.8655,0.46,0,0,0.075,-5.555,0.64045,4.625,0.010583333,8.247418772,-1
2004,9,22,153.1,0.46,0,0,0.12,-5.77,0.64145,4.155,0.010583333,8.247534309,-1
2004,9,23,160.334,0.46,0,0,0.135,-5.98,0.6254,3.625,0.010583333,8.247683616,-1
2004,10,0,160.8255,0.437,0,0,0.055,-6.445,0.6423,3,0,8.24785617,-1
2004,10,1,154.2,0.368,0,0,0.14,-6.905,0.6836,3.035,0,8.248038293,-1
2004,10,2,144.179,0,0,0,0.035,-7.38,0.72505,3.005,0,8.248207292,-1
2004,10,3,133.023,0,0,0,0,-7.855,0.7658,2.67,0,8.248353562,-1
2004,10,4,121.5735,0.092,0,0,0.01,-8.79,0.7894,2.37,0,8.24847918,-1
2004,10,5,110.221,0.069,0,0,0,-9.11,0.80435,1.725,0,8.248575404,-1
2004,10,6,99.2405,0.161,0.285,0,0,-9.075,0.79785,1.055,0,8.248634332,-1
2004,10,7,88.695,33.902,13.155,10.135,5.115,-9.2,0.80595,1.055,0,8.323823048,-1
2004,10,8,79.506,248.216,89.76,118.365,41.965,-8.075,0.80345,1.795,0,8.410823011,-1
2004,10,9,71.6815,452.916,165.56,224.205,71.96,-6.505,0.7526,2.38,0,8.41104417,-1
2004,10,10,65.852,774.962,285.125,394.25,124.845,-4.96,0.64915,2.81,0,8.411039714,-1
2004,10,11,62.623,790.855,288.405,399.42,119.245,-3.89,0.55465,3.355,0,8.411039641,-1
2004,10,12,62.4155,713.368,260.035,355.98,105.115,-3.34,0.53345,4.065,0,8.411039819,-1
2004,10,13,65.2585,428.26,157.12,209.425,58.785,-3.03,0.5485,4.62,0,8.411039765,-1
2004,10,14,70.775,213.279,76.96,97.96,27.45,-2.795,0.5671,4.585,0,8.41103964,-1
2004,10,15,78.371,90.045,32.17,36.245,10.805,-2.58,0.5668,4.01,0,8.411039701,-1
2004,10,16,87.3915,22.609,8.245,5.45,2.655,-2.5,0.5629,4.67,0,8.345250424,-1
2004,10,17,97.8185,0.483,0.27,0,0.16,-2.5,0.6034,4.545,0,8.287328255,-1
2004,10,18,108.725,0.23,0,0,0.28,-2.73,0.61735,4.435,0,8.287543233,-1
2004,10,19,120.0385,0.299,0,0,0.01,-2.825,0.6662,4.095,0,8.28754147,-1
2004,10,20,131.486,0.184,0,0,0.04,-2.72,0.6658,5.4,0,8.28757412,-1
2004,10,21,142.7,0.207,0,0,0.025,-2.65,0.6761,6.065,0,8.287647533,-1
2004,10,22,152.9265,0.207,0,0,0.065,-2.575,0.69545,6.06,0,8.287759347,-1
2004,10,23,160.165,0.115,0,0,0.25,-2.755,0.7127,6.27,0,8.287899256,-1
2004,11,0,160.7075,0.115,0,0,0.135,-3.175,0.7293,6.9,0,8.288056507,-1
2004,11,1,154.146,0.069,0,0,0.11,-3.335,0.73215,7.345,0,8.288221555,-1
2004,11,2,144.1575,0.023,0,0,0.27,-3.59,0.7457,6.555,0,8.288381401,-1
2004,11,3,133.0145,0.023,0,0,0.185,-4.305,0.78745,6.045,0,8.288526354,-1
2004,11,4,121.566,0,0,0,0.105,-4.075,0.78985,7.68,0,8.288647532,-1
2004,11,5,110.207,0,0,0,0.03,-4.165,0.79965,7.6,0,8.288736423,-1
2004,11,6,99.2175,0.161,0.2,0,0.02,-4.105,0.80935,7.78,0,8.288788851,-1
2004,11,7,88.6575,51.888,20.71,22.15,9.855,-3.775,0.81455,8.55,0,8.447481803,-1
2004,11,8,79.4485,272.366,101.605,135.195,46.43,-2.25,0.77965,9.76,0,8.466940278,-1
2004,11,9,71.598,362.848,132.65,176.805,53.67,-0.235,0.7303,10.585,0,8.466969149,-1
2004,11,10,65.7415,760.656,276.865,383.675,118.805,1.83,0.6825,10.325,0,8.466967733,-1
2004,11,11,62.486,899.047,328.315,456.81,141.52,4.08,0.6359,10.535,0,8.46696771,-1
2004,11,12,62.258,868.687,314.485,436.71,135.31,5.845,0.6014,11.63,0,8.466967786,-1
2004,11,13,65.0845,538.706,194.525,264.87,81.345,5.805,0.63115,9.75,0,8.466968094,-1
2004,11,14,70.596,491.303,177.845,238.085,80.005,6.455,0.6316,9.425,0,8.466967768,-1
2004,11,15,78.1945,315.123,110.895,143.755,59.03,6.705,0.6458,8.82,0,8.466967932,-1
2004,11,16,87.191,64.745,22.49,22.2,13.9,5.43,0.7101,7.175,0,8.466967033,-1
2004,11,17,97.6475,0.782,0.485,0,0.2,4.1,0.75565,6.465,0,8.430263694,-1
2004,11,18,108.558,0.46,0,0,0.105,3.275,0.79195,6.23,0,8.435344787,-1
2004,11,19,119.875,0.46,0,0,0.225,2.765,0.8046,5.95,0,8.435522562,-1
2004,11,20,131.3235,0.46,0,0,0.02,3.31,0.7712,5.635,0,8.435565014,-1
2004,11,21,142.5315,0.46,0,0,0.115,4.305,0.73115,7.255,0,8.435650401,-1
2004,11,22,152.751,0.46,0,0,0.04,3.78,0.7538,6.03,0,8.435776164,-1
2004,11,23,159.9905,0.46,0,0,0.105,3.155,0.78165,5.535,0,8.435933831,-1
2004,12,0,160.581,0.46,0,0,0.13,2.605,0.79995,5.575,0,8.436112323,-1
2004,12,1,154.085,0.46,0,0,0.075,2.105,0.82145,5.3,0,8.43630106,-1
2004,12,2,144.13,0.46,0,0,0.035,1.705,0.8371,4.585,0,8.436484932,-1
2004,12,3,132.9975,0.46,0,0,0,1.875,0.8427,5.4,0,8.436651935,-1
2004,12,4,121.5525,0.46,0,0,0.055,2.34,0.832,6.085,0,8.436790703,-1
2004,12,5,110.188,0.46,0,0,0.255,1.855,0.86205,5.17,0,8.436891302,-1
2004,12,6,99.1875,0.46,0.19,0,0.005,1.94,0.86205,5.39,0,8.436946712,-1
2004,12,7,88.6165,12.558,4.985,2.595,1.355,2.185,0.83745,6.555,0,8.43717507,-1
2004,12,8,79.382,90.942,33.645,38.655,11.62,1.855,0.81945,6.775,0,8.52908393,-1
2004,12,9,71.5075,176.364,64.355,81.325,23.34,1.575,0.8041,6.325,0,8.529351035,-1
2004,12,10,65.623,319.654,117.205,154.765,43.215,1.275,0.7952,7.11,0,8.529322896,-1
2004,12,11,62.3415,320.137,117,153.775,42.645,1.335,0.7722,6.525,0,8.529322399,-1
2004,12,12,62.091,258.405,93.075,120.855,33.545,0.855,0.78585,6.17,0,8.529322297,-1
2004,12,13,64.906,294.745,108.19,141.19,39.225,0.705,0.78815,4.995,0,8.529322317,-1
2004,12,14,70.414,419.727,152.99,200.705,64.955,1.505,0.75975,4.79,0,8.529322369,-1
2004,12,15,78.014,336.053,120.915,156.65,63.445,2.66,0.7216,4.53,0,8.529322546,-1
2004,12,16,87.025,71.208,26.045,26.03,15.33,2.36,0.761,3.22,0,8.529322998,-1
2004,12,17,97.4755,0.483,0.68,0,0.025,0.655,0.8417,3.125,0,8.502007176,-1
2004,12,18,108.3895,0.023,0,0,0,0.375,0.85435,3.55,0,8.508267356,-1
2004,12,19,119.7085,0.161,0,0,0,-0.275,0.88355,3.645,0,8.508484231,-1
2004,12,20,131.1555,0.414,0,0,0.03,-0.405,0.8868,3.885,0,8.508526875,-1
2004,12,21,142.3595,0.368,0,0,0.035,-0.525,0.88475,3.325,0,8.508612768,-1
2004,12,22,152.5695,0.253,0,0,0,-0.18,0.8439,3.475,0,8.508735773,-1
2004,12,23,159.81,0.161,0,0,0,0.22,0.82935,4.13,0,8.508882715,-1
2004,13,0,160.4485,0.046,0,0,0.105,-0.01,0.8486,5.1,0,8.509043901,-1
2004,13,1,154.015,0.299,0,0,0.005,0.36,0.8558,4.665,0,8.509214147,-1
2004,13,2,144.095,0.391,0,0,0.165,1.01,0.83095,5.055,0,8.50939072,-1
2004,13,3,132.977,0.414,0,0,0.41,-0.15,0.8652,4.665,0,8.509553969,-1
2004,13,4,121.5335,0.299,0,0,0.165,-0.885,0.88725,3.985,0,8.509687083,-1
2004,13,5,110.164,0.299,0,0,0.115,-1.23,0.8771,4.535,0,8.509780832,-1
2004,13,6,99.1515,0.161,0.195,0,0.24,-2.095,0.8795,3.925,0,8.509830117,-1
2004,13,7,88.566,46.759,17.82,17.455,9.72,-2.43,0.87095,3.485,0,8.630909179,-1
2004,13,8,79.3105,290.26,107.865,142.815,56.9,-1.43,0.84565,3.315,0,8.652465862,-1
2004,13,9,71.4095,348.841,133.495,173.35,48.395,-0.305,0.8043,4.245,0,8.652452196,-1
2004,13,10,65.4975,459.954,178.065,231.565,60.37,0.395,0.7693,3.965,0,8.652449737,-1
2004,13,11,62.1895,618.47,232.975,313.89,88.865,1.125,0.748,3.76,0,8.652449685,-1
2004,13,12,61.918,494.569,182.255,245.77,71.215,1.695,0.65255,4.995,0,8.652449717,-1
2004,13,13,64.723,370.024,138.59,183.125,51.13,1.78,0.63395,5.03,0,8.65244982,-1
2004,13,14,70.226,217.925,81.45,104.02,29.19,1.795,0.6431,4.215,0,8.652450214,-1
2004,13,15,77.829,130.295,49.39,60.275,17.575,1.38,0.684,4.43,0,8.652449742,-1
2004,13,16,86.855,31.004,12.395,10.33,4.11,0.64,0.75215,2.89,0,8.64249769,-1
2004,13,17,97.2995,0.368,0.495,0,0.07,0.345,0.7594,1.305,0,8.547147449,-1
2004,13,18,108.218,0.276,0,0,0,0.19,0.7596,0.98,0,8.547947779,-1
2004,13,19,119.5405,0.046,0,0,0,0.05,0.75905,0.59,0,8.547973176,-1
2004,13,20,130.987,0.069,0,0,0,-0.11,0.74985,1.07,0,8.548014765,-1
2004,13,21,142.1855,0.161,0,0,0,-0.27,0.77805,1.79,0,8.548096552,-1
2004,13,22,152.3855,0.345,0,0,0,-0.695,0.8283,2.145,0,8.548219559,-1
2004,13,23,159.6245,0.345,0,0,0,-0.865,0.85885,2.115,0,8.548376316,-1
2004,14,0,160.307,0.069,0,0,0,-1.44,0.88825,2.925,0,8.548545562,-1
2004,14,1,153.9375,0.161,0,0,0,-2.285,0.91005,3.02,0,8.548714366,-1
2004,14,2,144.0525,0.023,0,0,0,-2.57,0.9051,3.355,0,8.548877349,-1
2004,14,3,132.9495,0.023,0,0,0,-3.04,0.9094,4.055,0,8.549019785,-1
2004,14,4,121.5065,0.023,0,0,0,-2.765,0.8974,4.615,0,8.549136031,-1
2004,14,5,110.1315,0,0,0,0,-2.52,0.8981,5.43,0,8.549217763,-1
2004,14,6,99.1085,0.115,0.205,0,0.015,-2.6,0.8969,5.305,0,8.549260266,-1
2004,14,7,88.511,47.541,20.63,21.6,9.6,-2.225,0.88515,7.26,0,8.661603403,-1
2004,14,8,79.232,221.72,78.005,98.74,36.445,-1.25,0.86695,9.375,0,8.679767002,-1
2004,14,9,71.306,542.501,201.285,270.845,91.615,0.535,0.84035,10.1,0,8.679730417,-1
2004,14,10,65.365,712.471,262.725,362.915,115.29,2.965,0.78,10.145,0,8.679727851,-1
2004,14,11,62.03,639.607,234.645,321.52,96.685,4.885,0.7291,10.125,0,8.679728082,-1
2004,14,12,61.738,389.827,142.725,187.96,53.795,5.285,0.6995,11.18,0,8.679727808,-1
2004,14,13,64.5305,219.788,79.48,100.21,28.035,4.9,0.7225,10.155,0,8.679727834,-1
2004,14,14,70.0335,146.027,52.56,63.535,18.275,4.63,0.7321,10.345,0,8.679727911,-1
2004,14,15,77.6395,39.33,14.025,11.505,4.54,4.16,0.753,10.965,0,8.678361353,-1
2004,14,16,86.646,6.21,2.115,0.01,1.3,2.99,0.7615,11.32,0,8.468435216,-1
2004,14,17,97.121,0.092,0.28,0,0.4,1.81,0.7597,10.205,0,8.466299229,-1
2004,14,18,108.046,0.069,0,0,0.3,1.24,0.7848,11.63,0,8.466296119,-1
2004,14,19,119.37,0.023,0,0,0.935,-0.6,0.7819,12.97,0,8.466301283,-1
2004,14,20,130.817,0.023,0,0,0.58,-1.74,0.726,11.875,0,8.466347022,-1
2004,14,21,142.009,0.069,0,0,0.655,-2.575,0.73295,11.2,0,8.466432264,-1
2004,14,22,152.1975,0.046,0,0,0.365,-3.54,0.7421,9.645,0,8.466551916,-1
2004,14,23,159.431,0,0,0,0.865,-4.6,0.7409,10.025,0,8.466694981,-1
2004,15,0,160.1575,0,0,0,0.49,-6.02,0.7587,8.69,0,8.466852372,-1
2004,15,1,153.853,0.138,0,0,0.07,-6.35,0.70995,8.195,0,8.467017482,-1
2004,15,2,144.005,0.092,0,0,0.255,-6.72,0.7027,7.87,0,8.467179056,-1
2004,15,3,132.9145,0.115,0,0,0.24,-7.295,0.7245,5.905,0,8.467321701,-1
2004,15,4,121.4735,0.207,0,0,0.16,-7.755,0.7438,4.245,0,8.467438641,-1
2004,15,5,110.095,0.322,0,0,0.075,-8.18,0.77255,3.81,0,8.467521852,-1
2004,15,6,99.0615,0.414,0.31,0,0.03,-8.355,0.76335,3.83,0,8.467562869,-1
2004,15,7,88.451,47.127,19.75,18.755,10.105,-8.41,0.77075,2.785,0,8.569910139,-1
2004,15,8,79.1465,300.196,113.995,145.35,55.375,-7.105,0.71195,2.325,0,8.586762333,-1
2004,15,9,71.1955,597.931,225.01,300.81,100.7,-5.385,0.59475,2.525,0,8.58670835,-1
2004,15,10,65.2255,826.735,313.03,423.595,129.865,-3.72,0.5115,1.305,0,8.586705579,-1
2004,15,11,61.863,945.599,355.625,484.435,144.135,-2.81,0.48845,1.47,0,8.586705519,-1
2004,15,12,61.5515,957.168,356.955,483.695,145.1,-2.19,0.52715,1.775,0,8.586705538,-1
2004,15,13,64.3355,848.815,312.485,419.745,130.805,-1.815,0.546,2.04,0,8.586705584,-1
2004,15,14,69.836,612.95,223.36,294.66,97.28,-1.12,0.54665,1.88,0,8.586705739,-1
2004,15,15,77.4485,146.349,55.44,67.875,19.01,-1.66,0.57715,1.59,0,8.586706304,-1
2004,15,16,86.47,33.488,13.09,11.38,4.385,-1.91,0.60655,2.505,0,8.583255976,-1
2004,15,17,96.9415,0.506,0.36,0,0.23,-2.085,0.61225,2.9,0,8.511573185,-1
2004,15,18,107.8695,0.161,0,0,0.105,-2,0.6144,2.445,0,8.513115669,-1
2004,15,19,119.197,0.069,0,0,0.145,-2.095,0.6411,3.075,0,8.513161563,-1
2004,15,20,130.6435,0,0,0,0.04,-2.42,0.70415,3.22,0,8.513210807,-1
2004,15,21,141.83,0,0,0,0.045,-2.47,0.72675,3.855,0,8.513296574,-1
2004,15,22,152.008,0.023,0,0,0.02,-2.56,0.74255,5.27,0,8.513416251,-1
2004,15,23,159.234,0.023,0,0,0.01,-2.405,0.73795,5.5,0,8.513560793,-1
2004,16,0,160.001,0.023,0,0,0.065,-2.3,0.74735,4.965,0,8.513720276,-1
2004,16,1,153.759,0.023,0,0,0.22,-2.55,0.77775,4.215,0,8.513883831,-1
2004,16,2,143.9495,0.115,0,0,0.24,-3.015,0.7956,4.105,0,8.514041439,-1
2004,16,3,132.873,0.345,0,0,0.01,-2.83,0.80375,4.015,0,8.514187878,-1
2004,16,4,121.4355,0.184,0,0,0.02,-2.67,0.8062,5.15,0,8.514307389,-1
2004,16,5,110.05,0.069,0,0,0.015,-2.5,0.79395,5.75,0,8.514384309,-1
2004,16,6,99.006,0.253,0.165,0,0.06,-2.445,0.78585,6.335,0,8.514419686,-1
2004,16,7,88.382,32.913,13.055,12.97,4.92,-2.535,0.7823,6.535,0,8.542517001,-1
2004,16,8,79.0555,128.202,47.875,59.365,17.785,-2.225,0.7676,7.6,0,8.58831934,-1
2004,16,9,71.077,262.315,96.82,126.25,35.715,-1.44,0.7283,7.985,0,8.588094586,-1
2004,16,10,65.0795,439.99,162.315,216.275,60.765,-0.43,0.68805,8.115,0,8.588084879,-1
2004,16,11,61.6905,726.846,265.62,364.905,108.275,0.88,0.6472,8.455,0,8.588084793,-1
2004,16,12,61.3595,556.554,201.59,271.93,78.88,1.565,0.63725,7.87,0,8.588084848,-1
2004,16,13,64.1335,538.568,194.09,261.44,77.41,2.16,0.6223,7.815,0,8.588084719,-1
2004,16,14,69.6325,371.381,134.33,176.28,53.17,2.26,0.6221,7.625,0,8.588084737,-1
2004,16,15,77.251,224.917,82.945,106.595,32.37,2.345,0.63245,6.84,0,8.588084781,-1
2004,16,16,86.2515,44.873,17.975,18.12,6.645,1.835,0.67175,5.315,0,8.588038991,-1
2004,16,17,96.756,0.575,0.565,0,0.245,1.135,0.7168,4.27,0,8.551633994,-1
2004,16,18,107.6925,0.092,0,0,0.22,0.28,0.7717,4.705,0,8.555640701,-1
2004,16,19,119.0235,0.023,0,0,0,0.12,0.77735,5.625,0,8.55574622,-1
2004,16,20,130.4675,0.092,0,0,0,0.475,0.73925,5.955,0,8.555798464,-1
2004,16,21,141.6495,0.046,0,0,0.23,0.665,0.7352,5.175,0,8.55588882,-1
2004,16,22,151.8125,0.207,0,0,0.05,0.46,0.80615,5.34,0,8.556013737,-1
2004,16,23,159.03,0.138,0,0,0.075,0.435,0.86855,5.525,0,8.556167105,-1
2004,17,0,159.837,0.345,0,0,0.13,0.365,0.9021,4.49,0.41275,8.556338328,-1
2004,17,1,153.6595,0.46,0,0,0.055,0.355,0.9078,4.35,0.41275,8.556523288,-1
2004,17,2,143.886,0.46,0,0,0.125,0.31,0.90215,5.405,0.41275,8.556702918,-1
2004,17,3,132.827,0.46,0,0,0.095,0.09,0.9324,6.235,0.41275,8.556861169,-1
2004,17,4,121.391,0.437,0,0,0.055,0.05,0.937,6.48,0.41275,8.55698619,-1
2004,17,5,110.0015,0.46,0,0,0.045,0.115,0.93165,6.115,0.41275,8.557069819,-1
2004,17,6,98.9445,0.46,0.21,0,0,0.055,0.951,5.58,0.41275,8.557106332,-1
2004,17,7,88.2725,6.141,2.88,0.075,0.44,0.35,0.9654,5.765,0.41275,8.557090297,-1
2004,17,8,78.956,26.519,9.6,5.405,2.14,0.59,0.9659,5.535,0.41275,8.536060409,-1
2004,17,9,70.9525,80.132,28.17,27.565,6.13,0.76,0.96595,4.26,0.41275,8.47445932,-1
2004,17,10,64.925,113.804,39.775,41.67,8.86,1.135,0.96335,3.835,0.41275,8.472633802,-1
2004,17,11,61.5105,134.297,47.25,50.365,10.32,1.785,0.96465,3.395,0.41275,8.47260142,-1
2004,17,12,61.1605,134.941,48.45,51.485,10.855,2.54,0.9653,2.495,0.41275,8.472600972,-1
2004,17,13,63.9255,154.307,56.385,61.62,13.14,2.97,0.9652,2.165,0.41275,8.472601039,-1
2004,17,14,69.427,143.865,52.995,57.605,12.555,3.26,0.96505,1.93,0.41275,8.472601269,-1
2004,17,15,77.0505,42.642,15.665,10.15,3.44,3.27,0.9648,1.125,0.41275,8.472169114,-1
2004,17,16,86.0715,12.673,5.185,0.165,0.88,3.215,0.96385,0.59,0.41275,8.293342489,-1
2004,17,17,96.57,2.047,0.74,0,0.005,2.94,0.96745,1.2,0.41275,8.290609647,-1
2004,17,18,107.513,2.139,0,0,0.115,2.37,0.9707,3.08,0.41275,8.290650609,-1
2004,17,19,118.847,2.254,0,0,0.085,1.885,0.97245,3.835,0.41275,8.29067235,-1
2004,17,20,130.29,2.208,0,0,0.255,1.45,0.97375,5.395,0.41275,8.290777764,-1
2004,17,21,141.4655,2.208,0,0,0.285,1.04,0.9645,5.075,0.41275,8.290960361,-1
2004,17,22,151.6135,2.231,0,0,0.325,0.705,0.9343,7.2,0.41275,8.291209335,-1
2004,17,23,158.8215,2.139,0,0,0.34,0.16,0.89685,6.41,0.41275,8.291505989,-1
2004,18,0,159.6645,2.162,0,0,0.265,-0.185,0.8928,5.935,0,8.291826098,-1
2004,18,1,153.55,2.024,0,0,0.2,-0.405,0.89645,5.905,0,8.292147784,-1
2004,18,2,143.8155,1.955,0,0,0.245,-0.54,0.87855,6.56,0,8.292442086,-1
2004,18,3,132.772,1.84,0,0,0.34,-0.88,0.83775,8.07,0,8.292693426,-1
2004,18,4,121.34,1.357,0,0,0.385,-1.45,0.8082,8.415,0,8.292874439,-1
2004,18,5,109.944,0.299,0,0,0.675,-2.175,0.76355,8.845,0,8.292968299,-1
2004,18,6,98.877,0.092,0.2,0,0.695,-3.95,0.75845,9.305,0,8.292999805,-1
2004,18,7,88.1935,21.827,7.69,4.15,2.155,-4.72,0.77565,9.84,0,8.294271184,-1
2004,18,8,78.851,136.114,53.84,65.16,19.475,-5.285,0.7512,10.085,0,8.365906383,-1
2004,18,9,70.819,376.855,145.47,189.98,53.615,-5.795,0.73335,10.335,0,8.365559252,-1
2004,18,10,64.7655,850.08,328.65,445.325,133.625,-5.99,0.66765,10.575,0,8.365541081,-1
2004,18,11,61.324,962.343,365.41,501.26,149.665,-6.305,0.66825,10.5,0,8.365540763,-1
2004,18,12,60.9545,856.842,320.28,439.325,132.1,-6.49,0.6594,10.065,0,8.365540831,-1
2004,18,13,63.7125,824.987,307.52,423.89,133.83,-6.44,0.63185,9.77,0,8.365541086,-1
2004,18,14,69.214,375.199,138.92,185.615,57.75,-6.945,0.65095,9.125,0,8.365540857,-1
2004,18,15,76.8455,231.932,87.23,114.985,38.975,-7.47,0.6614,8.865,0,8.365541106,-1
2004,18,16,85.889,64.216,23.925,25.975,9.59,-8.36,0.672,8.19,0,8.365540291,-1
2004,18,17,96.3825,1.15,0.68,0,0.48,-8.925,0.6772,8.23,0,8.379073771,-1
2004,18,18,107.3305,0.092,0,0,0.1,-9.305,0.68895,8.035,0,8.39031414,-1
2004,18,19,118.668,0.023,0,0,0.175,-9.67,0.68855,8,0,8.390568601,-1
2004,18,20,130.112,0.023,0,0,0.23,-10.095,0.69325,8.375,0,8.390623314,-1
2004,18,21,141.2785,0,0,0,0.125,-10.41,0.70745,6.755,0,8.390712023,-1
2004,18,22,151.4125,0.023,0,0,0.01,-10.525,0.71615,6.89,0,8.390832134,-1
2004,18,23,158.6075,0,0,0,0.39,-10.86,0.7108,7.095,0,8.39097647,-1
2004,19,0,159.4845,0.046,0,0,0.08,-11.255,0.72545,6.75,0,8.391135159,-1
2004,19,1,153.434,0,0,0,0.28,-11.65,0.72165,6.805,0,8.391297294,-1
2004,19,2,143.739,0,0,0,0.185,-11.97,0.7272,7.175,0,8.391449184,-1
2004,19,3,132.7125,0,0,0,0.22,-12.32,0.731,7.08,0,8.39158265,-1
2004,19,4,121.2825,0,0,0,0.22,-12.62,0.73025,6.685,0,8.391688009,-1
2004,19,5,109.884,0,0,0,0.22,-12.9,0.74515,6.29,0,8.391757936,-1
2004,19,6,98.8035,0.138,0.21,0,0.565,-13.615,0.74395,7.525,0,8.391788638,-1
2004,19,7,88.1105,51.865,20.945,21.42,11.425,-14.125,0.7172,6.83,0,8.493911452,-1
2004,19,8,78.7405,313.559,119.195,160.46,61.015,-13.74,0.7251,6.21,0,8.504799707,-1
2004,19,9,70.681,617.366,232.075,321.47,108.89,-12.97,0.7052,6.29,0,8.504740558,-1
2004,19,10,64.598,847.757,316.34,442.02,140.395,-11.875,0.67165,6.485,0,8.504738306,-1
2004,19,11,61.13,977.615,363.21,508.225,157.01,-10.65,0.65885,5.79,0,8.504738236,-1
2004,19,12,60.744,970.554,356.365,496.46,153.97,-9.46,0.65855,5.155,0,8.504738258,-1
2004,19,13,63.4935,891.273,323.85,450.46,145.195,-8.445,0.6393,4.555,0,8.504738319,-1
2004,19,14,68.9995,548.297,195.56,268.08,90.32,-7.78,0.6295,4.595,0,8.504738536,-1
2004,19,15,76.638,325.542,114.46,151.38,57.435,-7.35,0.62135,5.635,0,8.50473838,-1
2004,19,16,85.663,108.146,38.73,45.66,23.4,-7.55,0.6366,5.51,0,8.504738316,-1
2004,19,17,96.192,1.702,1.01,0,0.59,-8.145,0.684,4.245,0,8.533673125,-1
2004,19,18,107.1475,0.023,0,0,0.12,-8.615,0.732,3.84,0,8.558672724,-1
2004,19,19,118.488,0,0,0,0.025,-9.12,0.76885,2.75,0,8.559232858,-1
2004,19,20,129.931,0,0,0,0.01,-9.385,0.7847,2.155,0,8.559294151,-1
2004,19,21,141.091,0,0,0,0,-9.795,0.79295,2.115,0,8.559385011,-1
2004,19,22,151.2065,0,0,0,0,-9.905,0.80035,2.67,0,8.559507595,-1
2004,19,23,158.387,0,0,0,0,-10.45,0.8237,2.3,0,8.55965371,-1
2004,20,0,159.2965,0,0,0,0,-10.58,0.82795,1.795,0,8.559813243,-1
2004,20,1,153.31,0,0,0,0,-10.705,0.82565,2.08,0,8.559975236,-1
2004,20,2,143.6555,0,0,0,0.01,-10.795,0.83055,1.6,0,8.560128451,-1
2004,20,3,132.6445,0.069,0,0,0,-10.31,0.7922,2.025,0,8.560263444,-1
2004,20,4,121.219,0,0,0,0,-9.975,0.7191,3.18,0,8.560370171,-1
2004,20,5,109.8145,0,0,0,0,-9.925,0.67795,2.42,0,8.560439337,-1
2004,20,6,98.726,0.046,0.285,0,0.005,-9.68,0.66535,2.18,0,8.560467595,-1
2004,20,7,88.0195,27.6,11.29,10.44,4.115,-9.47,0.6591,2.42,0,8.565220055,-1
2004,20,8,78.624,223.468,84.625,110.275,35.2,-8.88,0.6688,1.165,0,8.61805982,-1
2004,20,9,70.5375,572.125,213.74,294.175,94.355,-7.7,0.60895,1.295,0,8.617635986,-1
2004,20,10,64.424,680.524,253.555,348.425,105.475,-6.555,0.53305,1.285,0,8.617621667,-1
2004,20,11,60.931,588.133,218.505,295.96,88.015,-5.96,0.4789,1.16,0,8.617621462,-1
2004,20,12,60.525,571.481,212.915,284.445,82.59,-5.33,0.4423,0.875,0,8.617621631,-1
2004,20,13,63.2695,642.919,235.95,318.46,97.4,-4.77,0.44125,1.005,0,8.617621657,-1
2004,20,14,68.779,546.135,200.025,269.73,85.03,-4.53,0.4491,1.47,0,8.617621444,-1
2004,20,15,76.4265,146.142,55.215,69.17,20.245,-5.015,0.46205,1.095,0,8.617621463,-1
2004,20,16,85.476,79.695,32.755,37.435,12.875,-4.785,0.458,0.46,0,8.6176215,-1
2004,20,17,95.9985,1.219,0.935,0,0.33,-5.065,0.49155,0.325,0,8.636094172,-1
2004,20,18,106.962,0.253,0,0,0.13,-5.095,0.5005,0.76,0,8.651387211,-1
2004,20,19,118.308,0.138,0,0,0.01,-5.195,0.55865,1,0,8.651748144,-1
2004,20,20,129.747,0.023,0,0,0.02,-5.415,0.56505,1.295,0,8.651809301,-1
2004,20,21,140.899,0,0,0,0.04,-6.755,0.68095,2.095,0,8.65190147,-1
2004,20,22,150.999,0.023,0,0,0,-7.04,0.66195,1.89,0,8.652026002,-1
2004,20,23,158.164,0.161,0,0,0,-7.355,0.6967,1.095,0,8.652176374,-1
2004,21,0,159.104,0.115,0,0,0,-7.135,0.71775,0.925,0,8.652345272,-1
2004,21,1,153.179,0,0,0,0.005,-6.8,0.69415,1.475,0,8.652512095,-1
2004,21,2,143.564,0,0,0,0.005,-6.55,0.7088,1.27,0,8.652666138,-1
2004,21,3,132.572,0.138,0,0,0.005,-6.32,0.7503,2.025,0,8.652802761,-1
2004,21,4,121.1495,0.23,0,0,0,-6.005,0.76225,2.415,0,8.652914294,-1
2004,21,5,109.7395,0.368,0,0,0,-5.635,0.77525,3.44,0,8.652990095,-1
2004,21,6,98.6375,0.207,0.23,0,0,-5.305,0.7574,4.815,0,8.653020379,-1
2004,21,7,87.923,13.754,5.535,2.895,1.62,-4.895,0.76045,5.8,0,8.652966538,-1
2004,21,8,78.4985,87.929,32.615,37.945,11.72,-4.48,0.7576,7,0,8.68102614,-1
2004,21,9,70.385,231.886,85.315,111.33,32.41,-3.8,0.723,8.255,0,8.679677602,-1
2004,21,10,64.2445,528.172,193.205,265.6,80.615,-2.63,0.6827,8.82,0,8.679634179,-1
2004,21,11,60.727,965.264,349.025,494.95,155.97,-0.955,0.615,10.15,0,8.679633651,-1
2004,21,12,60.3035,981.824,353.16,498.285,157.7,0.5,0.58995,10.39,0,8.679633513,-1
2004,21,13,63.0425,890.468,316.96,444.795,145.94,1.865,0.58285,10.715,0,8.679633765,-1
2004,21,14,68.5535,680.432,239.055,333.415,117.315,2.675,0.5949,11.205,0,8.679633544,-1
2004,21,15,76.214,394.818,135.945,184.595,74.455,2.98,0.62615,11.14,0,8.679633768,-1
2004,21,16,85.284,107.065,35.345,40.73,22.84,2.225,0.68885,9.34,0,8.679633533,-1
2004,21,17,95.806,4.393,1.08,0,0.42,1.185,0.74705,8.23,0,8.702211482,-1
2004,21,18,106.775,2.553,0,0,0.08,1.055,0.7627,8.32,0,8.726778022,-1
2004,21,19,118.123,0.828,0,0,0.085,0.815,0.78775,7.56,0,8.727376185,-1
2004,21,20,129.564,0.46,0,0,0.11,0.855,0.7913,8.305,0,8.727455396,-1
2004,21,21,140.7065,0.46,0,0,0,0.89,0.79875,8.5,0,8.727563326,-1
2004,21,22,150.787,0.345,0,0,0.05,1.7,0.77905,7.63,0,8.727706017,-1
2004,21,23,157.9355,0.207,0,0,0.19,2.545,0.7624,7.83,0,8.727868864,-1
2004,22,0,158.9025,0.115,0,0,0.37,1.86,0.64945,8.165,0,8.728039342,-1
2004,22,1,153.038,0.069,0,0,1.17,-0.185,0.52855,10.58,0,8.728208526,-1
2004,22,2,143.466,0.046,0,0,0.975,-2.47,0.3945,9.955,0,8.728366045,-1
2004,22,3,132.49,0,0,0,1.245,-5.295,0.48995,8.1,0,8.728502311,-1
2004,22,4,121.073,0.046,0,0,0.92,-7.895,0.5565,8.295,0,8.728608747,-1
2004,22,5,109.6585,0,0,0,0.845,-9.945,0.5804,8.695,0,8.728678608,-1
2004,22,6,98.5465,0.23,0.095,0,0.635,-11.285,0.6039,8.29,0,8.728707597,-1
2004,22,7,87.8205,56.327,22.14,24.055,12.68,-12.715,0.59225,8.85,0,8.819278754,-1
2004,22,8,78.368,327.819,123.115,168.36,65.37,-12.97,0.58305,9.055,0,8.825218913,-1
2004,22,9,70.227,631.028,234.98,330.655,113.735,-13.02,0.56025,9.11,0,8.825144971,-1
2004,22,10,64.057,863.489,321.27,454.46,145.655,-12.56,0.52295,9.425,0,8.82514292,-1
2004,22,11,60.5135,992.956,370.03,523.465,163.385,-11.81,0.46215,10.37,0,8.825142882,-1
2004,22,12,60.0745,1014.829,377.065,531.29,166.755,-11.15,0.4221,10.18,0,8.825142939,-1
2004,22,13,62.808,927.866,340.96,478.835,156.165,-10.975,0.4017,10.015,0,8.825143146,-1
2004,22,14,68.326,719.578,261.31,365.61,127.82,-10.775,0.39065,9.685,0,8.825143037,-1
2004,22,15,75.9955,427.11,152.415,209.03,83.87,-10.77,0.3972,9.33,0,8.825142919,-1
2004,22,16,85.089,120.428,41.495,49.75,28.43,-11.175,0.4353,7.58,0,8.825142984,-1
2004,22,17,95.5735,2.208,1.135,0,0.335,-11.665,0.48795,6.33,0,8.846571074,-1
2004,22,18,106.586,0.253,0,0,0.01,-12.04,0.52615,6.16,0,8.871410181,-1
2004,22,19,117.9395,0.161,0,0,0.025,-12.52,0.57165,4.405,0,8.872018148,-1
2004,22,20,129.377,0.115,0,0,0,-12.855,0.5997,3.785,0,8.872086276,-1
2004,22,21,140.511,0.069,0,0,0,-13.02,0.6137,3.315,0,8.872183872,-1
2004,22,22,150.571,0.092,0,0,0.005,-13.235,0.6327,2.93,0,8.872313103,-1
2004,22,23,157.7015,0.023,0,0,0,-13.38,0.66175,2.865,0,8.872466456,-1
2004,23,0,158.6935,0.161,0,0,0.02,-13.275,0.69865,3.035,0,8.872633901,-1
2004,23,1,152.8905,0.115,0,0,0,-12.415,0.6622,3.435,0,8.872807244,-1
2004,23,2,143.36,0.092,0,0,0,-11.58,0.62435,2.975,0,8.872967606,-1
2004,23,3,132.403,0.115,0,0,0,-11.22,0.6126,1.84,0,8.873107335,-1
2004,23,4,120.99,0.046,0,0,0,-10.8,0.5833,2.26,0,8.873215839,-1
2004,23,5,109.5715,0.023,0,0,0,-10.305,0.5613,4.535,0,8.873285095,-1
2004,23,6,98.4485,0.092,0.285,0,0,-9.875,0.5935,6.265,0,8.87331222,-1
2004,23,7,87.6725,27.255,10.845,9.36,3.5,-9.265,0.60725,7.1,0,8.874423898,-1
2004,23,8,78.231,132.549,49.52,61.62,18.36,-8.51,0.59275,8.455,0,8.90454566,-1
2004,23,9,70.0625,316.365,115.355,154.285,44.67,-7.6,0.56415,10.015,0,8.903868637,-1
2004,23,10,63.865,565.639,202.865,278.23,82.495,-5.635,0.5077,11.61,0,8.903850691,-1
2004,23,11,60.295,447.626,158.255,210.64,59.075,-3.855,0.5056,11.555,0,8.903850423,-1
2004,23,12,59.84,512.325,181.735,242.725,68.325,-1.855,0.51035,11.845,0,8.90385052,-1
2004,23,13,62.5685,424.925,151.015,199.94,56.78,-0.34,0.52955,11.485,0,8.903850895,-1
2004,23,14,68.093,203.067,72.02,89.995,25.755,0.295,0.54965,9.565,0,8.90385046,-1
2004,23,15,75.776,116.909,42.545,49.63,14.685,1.17,0.55505,7.035,0,8.903850567,-1
2004,23,16,84.8885,30.981,12.06,9.155,4.08,1.59,0.55705,6.505,0,8.894887013,-1
2004,23,17,95.3775,0.805,0.68,0,0.28,1.285,0.60145,5.005,0,8.832449693,-1
2004,23,18,106.3955,0.046,0,0,0.04,1.21,0.6345,5.515,0,8.833732483,-1
2004,23,19,117.7525,0.046,0,0,0.01,1.43,0.6467,5.68,0,8.833779776,-1
2004,23,20,129.19,0.046,0,0,0,1.68,0.6508,5.005,0,8.833838336,-1
2004,23,21,140.314,0.023,0,0,0.1,1.725,0.67575,5.29,0,8.833934795,-1
2004,23,22,150.3535,0,0,0,0.225,1.225,0.73425,3.905,0,8.834062556,-1
2004,23,23,157.463,0.046,0,0,0.04,2.095,0.70215,5.005,0,8.834214068,-1
2004,24,0,158.479,0,0,0,0.54,0.75,0.69695,5.435,0,8.83437765,-1
2004,24,1,152.734,0.046,0,0,1.07,-1.425,0.74115,6.3,0,8.83454292,-1
2004,24,2,143.2465,0.023,0,0,0.82,-3.81,0.82395,5.94,0,8.834699785,-1
2004,24,3,132.31,0.115,0,0,0.415,-5.25,0.82945,5.45,0,8.834836802,-1
2004,24,4,120.9015,0.046,0,0,0.35,-6.15,0.84555,5.165,0,8.834944131,-1
2004,24,5,109.4785,0.023,0,0,0.365,-6.97,0.8415,5.81,0,8.835012135,-1
2004,24,6,98.3435,0.299,0.305,0,0.32,-7.785,0.8445,6.865,0,8.835038806,-1
2004,24,7,87.561,43.631,14.115,12.26,4.87,-8.4,0.8288,6.245,0,8.885032631,-1
2004,24,8,78.0875,123.464,45.435,55.835,16.98,-8.575,0.8313,5.59,0,8.894939066,-1
2004,24,9,69.891,251.919,92.215,121.83,36.07,-8.13,0.85055,5.3,0,8.894753612,-1
2004,24,10,63.6645,509.542,187.205,256.545,76.645,-7.225,0.83475,5.425,0,8.894748924,-1
2004,24,11,60.0695,662.446,244.345,338.63,102.18,-6.005,0.79015,5.45,0,8.894748838,-1
2004,24,12,59.5985,837.43,309.97,433.175,132.465,-4.535,0.7376,5.15,0,8.894748858,-1
2004,24,13,62.3245,522.675,193.065,264.49,79.5,-3.85,0.69065,4.97,0,8.894748902,-1
2004,24,14,67.8565,360.755,131.46,175.24,54.675,-3.69,0.6562,4.555,0,8.894749045,-1
2004,24,15,75.551,139.426,52.275,64.28,20.625,-3.155,0.613,4.705,0,8.894749549,-1
2004,24,16,84.6875,83.168,31.295,35.09,11.93,-3.385,0.60775,4.35,0,8.894748887,-1
2004,24,17,95.144,2.231,1.42,0,0.26,-4.19,0.62405,3.055,0,8.910965077,-1
2004,24,18,106.2045,0.161,0,0,0.29,-5.61,0.7158,4.28,0,8.926928358,-1
2004,24,19,117.565,0.023,0,0,0.015,-5.34,0.67215,4.505,0,8.927322788,-1
2004,24,20,129.0005,0.046,0,0,0.155,-5.62,0.64005,5.825,0,8.92738799,-1
2004,24,21,140.113,0.023,0,0,0.085,-6.115,0.63275,6.305,0,8.927485936,-1
2004,24,22,150.133,0,0,0,0.015,-6.185,0.58925,7.27,0,8.92761483,-1
2004,24,23,157.218,0,0,0,0.17,-6.36,0.5824,8.06,0,8.92776586,-1
2004,25,0,158.256,0,0,0,0.235,-6.72,0.52675,8.55,0.074083333,8.927929883,-1
2004,25,1,152.571,0,0,0,0.315,-7.315,0.5135,8.355,0.074083333,8.928094978,-1
2004,25,2,143.125,0,0,0,0.3,-7.945,0.49865,8.89,0.074083333,8.928250039,-1
2004,25,3,132.2085,0,0,0,0.105,-8.385,0.48735,8.99,0.074083333,8.928384068,-1
2004,25,4,120.8055,0,0,0,0.16,-8.585,0.483,9.79,0.074083333,8.928487843,-1
2004,25,5,109.379,0,0,0,0.185,-8.945,0.50295,11.285,0.074083333,8.928554146,-1
2004,25,6,98.2335,0.092,0.255,0,0,-8.945,0.495,9.935,0.074083333,8.928578589,-1
2004,25,7,87.4395,20.907,8.425,6,2.73,-8.72,0.46505,9.56,0.074083333,8.928023488,-1
2004,25,8,77.9375,83.927,30.325,34.18,10.61,-8.665,0.45025,10.175,0.074083333,8.935048262,-1
2004,25,9,69.7135,140.3,48.635,58.45,16.595,-8.44,0.43975,10.6,0.074083333,8.933619015,-1
2004,25,10,63.457,188.899,64.815,79.57,21.78,-7.785,0.41275,10.48,0.074083333,8.933583372,-1
2004,25,11,59.8385,181.654,61.115,73.97,19.875,-6.93,0.3813,9.845,0.074083333,8.933582801,-1
2004,25,12,59.3525,128.8,41.765,47.13,12.355,-6.29,0.35985,11.285,0.074083333,8.933582854,-1
2004,25,13,62.0785,157.941,50.315,60.965,17.485,-6.685,0.58235,10.43,0.074083333,8.933583041,-1
2004,25,14,67.6175,295.251,99.565,130.77,38.98,-7.13,0.79475,11.16,0.074083333,8.933583006,-1
2004,25,15,75.324,111.159,36.66,44.6,15.07,-7.275,0.82945,11.37,0.074083333,8.933582823,-1
2004,25,16,84.482,37.03,11.6,11.44,6.45,-7.88,0.8717,10.86,0.074083333,8.931655659,-1
2004,25,17,94.946,1.242,0.77,0,0.235,-8.045,0.863,10.55,0.074083333,8.874733334,-1
2004,25,18,106.0095,0.138,0,0,0.14,-8.225,0.87215,9.55,0.074083333,8.877119008,-1
2004,25,19,117.376,0.046,0,0,0.08,-8.375,0.886,7.79,0.074083333,8.87719375,-1
2004,25,20,128.8105,0.299,0,0,0.045,-8.47,0.89115,7.39,0.074083333,8.877255975,-1
2004,25,21,139.912,0.345,0,0,0,-8.385,0.87215,7.165,0.074083333,8.877363072,-1
2004,25,22,149.909,0.345,0,0,0,-8.08,0.85145,6.925,0.074083333,8.87750695,-1
2004,25,23,156.971,0.207,0,0,0,-7.965,0.8416,6.615,0.074083333,8.877672844,-1
2004,26,0,158.026,0,0,0,0,-7.88,0.84325,6.705,0.03175,8.877843707,-1
2004,26,1,152.4005,0.023,0,0,0,-7.785,0.8489,6.56,0.03175,8.878008901,-1
2004,26,2,142.9975,0,0,0,0,-7.675,0.86105,6.855,0.03175,8.878163897,-1
2004,26,3,132.101,0.184,0,0,0,-7.57,0.87415,6.955,0.03175,8.87830108,-1
2004,26,4,120.7035,0.23,0,0,0.01,-7.5,0.90965,6.18,0.03175,8.878411711,-1
2004,26,5,109.272,0.092,0,0,0.015,-7.47,0.9339,5.445,0.03175,8.87848143,-1
2004,26,6,98.1165,0.299,0.32,0,0.045,-7.39,0.9401,5.085,0.03175,8.878506917,-1
2004,26,7,87.314,22.793,3.915,5.39,7.205,-7.225,0.9385,4.735,0.03175,8.877827739,-1
2004,26,8,77.781,113.275,14.53,42.325,34.75,-7.025,0.93765,4.83,0.03175,8.899305432,-1
2004,26,9,69.531,325.289,40.285,134.77,101.37,-6.615,0.93495,4.485,0.03175,8.898310935,-1
2004,26,10,63.246,414.782,51.195,175.155,129.545,-6.175,0.9328,4.12,0.03175,8.89828586,-1
2004,26,11,59.601,470.442,57.76,198.23,146.075,-5.705,0.92715,3.675,0.03175,8.89828547,-1
2004,26,12,59.1015,443.072,55.595,184.46,136.295,-5.245,0.9159,3.09,0.03175,8.898285533,-1
2004,26,13,61.8245,384.33,50.45,159.45,117.97,-5.04,0.9182,2.79,0.03175,8.898285763,-1
2004,26,14,67.373,295.32,39.3,121.78,90.905,-5.025,0.93015,3.775,0.03175,8.898285589,-1
2004,26,15,75.0965,147.108,20.215,57.59,45.04,-5.03,0.9443,3.015,0.03175,8.898285587,-1
2004,26,16,84.276,55.66,8.71,19.48,17.755,-4.845,0.95215,2.105,0.03175,8.898282497,-1
2004,26,17,94.749,1.909,0.85,0,0.84,-4.96,0.95125,2.245,0.03175,8.891079782,-1
2004,26,18,105.817,0.046,0,0,0.2,-5.045,0.9497,3.07,0.03175,8.898590066,-1
2004,26,19,117.186,0.046,0,0,0.18,-5.015,0.94625,2.19,0.03175,8.898784978,-1
2004,26,20,128.618,0.023,0,0,0.155,-5.045,0.9478,2.515,0.03175,8.898847078,-1
2004,26,21,139.71,0.023,0,0,0.175,-5.115,0.95025,3.515,0.03175,8.898944542,-1
2004,26,22,149.683,0.115,0,0,0.155,-5.19,0.9515,3.84,0.03175,8.899074794,-1
2004,26,23,156.719,0.069,0,0,0.245,-5.31,0.94585,4.185,0.03175,8.899231129,-1
2004,27,0,157.7905,0.115,0,0,0.245,-5.44,0.93585,4.365,0.116416667,8.899398988,-1
2004,27,1,152.2235,0.046,0,0,0.12,-5.56,0.93155,2.905,0.116416667,8.899569283,-1
2004,27,2,142.8645,0.023,0,0,0.17,-5.69,0.93995,3.425,0.116416667,8.899725696,-1
2004,27,3,131.9875,0.023,0,0,0.13,-5.79,0.93365,4.61,0.116416667,8.899860646,-1
2004,27,4,120.5955,0.023,0,0,0.25,-6.14,0.9234,6.265,0.116416667,8.899964909,-1
2004,27,5,109.1605,0.069,0,0,0.15,-6.31,0.91865,6.835,0.116416667,8.900031899,-1
2004,27,6,97.9925,0.345,0.3,0,0.225,-6.5,0.91245,7.18,0.116416667,8.900057678,-1
2004,27,7,87.144,52.923,5.79,20.815,21.34,-6.275,0.91025,7.855,0.116416667,8.967091335,-1
2004,27,8,77.6195,261.671,23.815,115.55,100.91,-6.23,0.89195,8.975,0.116416667,8.97157334,-1
2004,27,9,69.3415,370.185,32.255,161.635,139.64,-6.225,0.88415,9.745,0.116416667,8.971460844,-1
2004,27,10,63.0275,842.95,94.215,415.55,336.61,-6.045,0.8348,10.535,0.116416667,8.971458188,-1
2004,27,11,59.357,891.296,96.03,435.11,352.72,-6.415,0.82145,11.66,0.116416667,8.971458135,-1
2004,27,12,58.845,872.735,74.685,391.865,329.755,-7.01,0.85835,10.51,0.116416667,8.97145813,-1
2004,27,13,61.5685,1079.068,115.53,521.43,421.45,-7.535,0.82795,11.495,0.116416667,8.971458141,-1
2004,27,14,67.126,599.357,65.61,280.715,230.985,-8.79,0.821,11.56,0.116416667,8.971458157,-1
2004,27,15,74.8655,428.996,53.935,205.7,170.665,-9.515,0.8022,10.715,0.116416667,8.971458193,-1
2004,27,16,84.0655,145.705,18.96,63.86,63.15,-10.43,0.78485,10.175,0.116416667,8.971458297,-1
2004,27,17,94.512,4.255,0.91,0.33,1.785,-11.055,0.79205,9.18,0.116416667,8.994199713,-1
2004,27,18,105.621,0.253,0,0,0.125,-11.38,0.796,8.775,0.116416667,9.026407699,-1
2004,27,19,116.995,0.207,0,0,0.03,-11.905,0.7952,9.195,0.116416667,9.02718361,-1
2004,27,20,128.4225,0.184,0,0,0.045,-12.34,0.79495,8.645,0.116416667,9.027259574,-1
2004,27,21,139.505,0.253,0,0,0.045,-12.84,0.79315,8.77,0.116416667,9.027364786,-1
2004,27,22,149.4535,0.138,0,0,0.09,-13.28,0.7965,9.125,0.116416667,9.027504042,-1
2004,27,23,156.462,0.276,0,0,0.09,-13.81,0.79055,8.49,0.116416667,9.027666938,-1
2004,28,0,157.5485,0.23,0,0,0.105,-14.3,0.7828,8.35,0,9.027846595,-1
2004,28,1,152.038,0.138,0,0,0.105,-14.735,0.77825,7.79,0,9.028023232,-1
2004,28,2,142.7215,0.161,0,0,0.295,-15.505,0.78375,6.09,0,9.028186094,-1
2004,28,3,131.868,0.184,0,0,0.06,-15.91,0.7796,5.89,0,9.028328304,-1
2004,28,4,120.4815,0.207,0,0,0.185,-16.41,0.7798,4.525,0,9.028438542,-1
2004,28,5,109.044,0.207,0,0,0.095,-17.2,0.78865,4.505,0,9.028508725,-1
2004,28,6,97.8655,0.598,0.455,0,0.19,-17.21,0.78795,6.315,0,9.028535042,-1
2004,28,7,87.008,77.809,14.345,36.215,33.845,-17.065,0.77965,6.24,0,9.11544394,-1
2004,28,8,77.452,373.359,58.405,187.97,150.025,-16.07,0.7499,6.76,0,9.116663294,-1
2004,28,9,69.146,705.433,101.325,354.355,269.76,-14.505,0.71565,6.28,0,9.116611617,-1
2004,28,10,62.802,807.024,107.29,391.93,295.345,-12.96,0.70585,5.155,0,9.116610483,-1
2004,28,11,59.11,843.18,106.36,399.115,302.9,-11.3,0.72255,5.035,0,9.116610502,-1
2004,28,12,58.581,927.107,122.22,452,337.635,-10.06,0.66495,5.36,0,9.116610461,-1
2004,28,13,61.3045,908.73,123.1,442.6,332.15,-9.605,0.64375,5.91,0,9.116610472,-1
2004,28,14,66.8765,812.728,115.74,397.58,304.035,-9.26,0.6417,6.095,0,9.116610491,-1
2004,28,15,74.6295,441.807,63.4,210.935,167.07,-8.875,0.64185,5.685,0,9.116610537,-1
2004,28,16,83.8535,89.309,12.85,38.45,32.41,-8.935,0.70225,6,0,9.116610673,-1
2004,28,17,94.3135,2.99,0.82,0.115,1.27,-9.18,0.6923,5.43,0,9.130539997,-1
2004,28,18,105.4255,0,0,0,0.105,-9.715,0.67485,5.82,0,9.14740045,-1
2004,28,19,116.803,0.023,0,0,0.15,-10.2,0.6908,5.815,0,9.147837374,-1
2004,28,20,128.2285,0,0,0,0.235,-10.915,0.7161,5.295,0,9.1479058,-1
2004,28,21,139.297,0.069,0,0,0.31,-11.835,0.75175,4.81,0,9.148006687,-1
2004,28,22,149.22,0.046,0,0,0.205,-13.09,0.76075,4.56,0,9.148141079,-1
2004,28,23,156.2015,0.184,0,0,0.035,-13.62,0.77335,4.075,0,9.148300325,-1
2004,29,0,157.3015,0.046,0,0,0.025,-13.83,0.78005,3.28,0.021166667,9.148473246,-1
2004,29,1,151.846,0.069,0,0,0.275,-14.245,0.7228,5.22,0.021166667,9.148643158,-1
2004,29,2,142.572,0.138,0,0,0.015,-14.61,0.7186,3.965,0.021166667,9.148804372,-1
2004,29,3,131.74,0.092,0,0,0.18,-14.84,0.7111,4.13,0.021166667,9.148944089,-1
2004,29,4,120.3605,0.138,0,0,0.215,-15.24,0.7095,4.52,0.021166667,9.149050864,-1
2004,29,5,108.919,0.092,0,0,0.03,-15.245,0.71635,3.555,0.021166667,9.149118082,-1
2004,29,6,97.729,0.299,0.335,0,0.09,-14.955,0.6969,2.655,0.021166667,9.149141546,-1
2004,29,7,86.8655,19.688,3.105,4.485,6.465,-14.865,0.67025,2.665,0.021166667,9.148301599,-1
2004,29,8,77.279,119.853,15.315,47.565,38.95,-14.625,0.68235,2.76,0.021166667,9.151308831,-1
2004,29,9,68.9435,283.659,35.75,120.06,92.545,-14.425,0.69635,3.175,0.021166667,9.149925985,-1
2004,29,10,62.571,384.629,48.235,164.28,125.07,-14.265,0.66845,3.29,0.021166667,9.149895474,-1
2004,29,11,58.853,501.078,61.81,215,163.165,-13.955,0.65965,4.03,0.021166667,9.149895009,-1
2004,29,12,58.315,742.486,93.595,332.815,250.12,-13.515,0.7052,4.64,0.021166667,9.149895069,-1
2004,29,13,61.0385,609.868,66.355,261.39,204.91,-13.23,0.7692,5.005,0.021166667,9.149895279,-1
2004,29,14,66.622,381.271,34.775,156.17,130.105,-13.23,0.81815,4.595,0.021166667,9.149895156,-1
2004,29,15,74.3935,231.518,17.775,91.325,81.485,-13.33,0.8402,4.585,0.021166667,9.149895054,-1
2004,29,16,83.639,97.014,8.035,38.575,37.485,-14.005,0.82735,6.45,0.021166667,9.149895132,-1
2004,29,17,94.0755,3.496,0.685,0.165,1.49,-14.33,0.81825,6.145,0.021166667,9.163401413,-1
2004,29,18,105.227,0.069,0,0,0.365,-15.27,0.80965,3.865,0.021166667,9.181748191,-1
2004,29,19,116.6095,0.207,0,0,0.16,-16.77,0.81545,4.38,0.021166667,9.18223466,-1
2004,29,20,128.0325,0.161,0,0,0,-16.6,0.8034,5.095,0.021166667,9.182307093,-1
2004,29,21,139.087,0.161,0,0,0.085,-16.185,0.78535,7.3,0.021166667,9.182412158,-1
2004,29,22,148.9845,0.23,0,0,0.18,-16.32,0.788,7.595,0.021166667,9.182551807,-1
2004,29,23,155.936,0.092,0,0,0.465,-17.285,0.7879,6.075,0.021166667,9.182715003,-1
2004,30,0,157.048,0.046,0,0,0.305,-18.835,0.80075,4.46,0.010583333,9.182885056,-1
2004,30,1,151.6445,0.092,0,0,0.045,-19.455,0.8008,5.71,0.010583333,9.183056316,-1
2004,30,2,142.417,0.069,0,0,0.175,-19.8,0.78875,6.17,0.010583333,9.183217109,-1
2004,30,3,131.606,0,0,0,0.285,-20.645,0.7729,5.98,0.010583333,9.183353433,-1
2004,30,4,120.234,0.161,0,0,0.115,-21.325,0.757,5.68,0.010583333,9.183459557,-1
2004,30,5,108.788,0.115,0,0,0.13,-21.79,0.75035,4.745,0.010583333,9.183528079,-1
2004,30,6,97.5875,0.483,0.345,0,0.215,-21.745,0.74525,4.435,0.010583333,9.183553018,-1
2004,30,7,86.7165,69.828,9.71,31.42,29.81,-21.38,0.7473,5.975,0.010583333,9.255473849,-1
2004,30,8,77.098,281.888,29.51,130.485,110.295,-20.495,0.73935,6.755,0.010583333,9.256378529,-1
2004,30,9,68.7355,431.848,36.125,186.465,160.16,-19.98,0.7248,6.485,0.010583333,9.256308249,-1
2004,30,10,62.3335,576.012,45.865,245.6,210.965,-19.335,0.7214,7.3,0.010583333,9.256306786,-1
2004,30,11,58.593,664.746,50.265,281.185,241.55,-18.78,0.71975,6.63,0.010583333,9.25630679,-1
2004,30,12,58.0425,747.109,62.12,329.96,278.015,-18.47,0.70515,7.1,0.010583333,9.256306756,-1
2004,30,13,60.7705,764.083,78.38,363.07,295.735,-17.96,0.70845,7.03,0.010583333,9.256306771,-1
2004,30,14,66.3655,686.918,76.235,333.255,278.35,-17.565,0.70085,6.405,0.010583333,9.256306804,-1
2004,30,15,74.155,373.819,41.22,175.745,155.435,-17.405,0.70695,5.615,0.010583333,9.256306903,-1
2004,30,16,83.4225,114.655,11.93,45.755,49.56,-18.205,0.7332,4.655,0.010583333,9.256307211,-1
2004,30,17,93.8745,5.497,1.125,0.63,2.51,-19.315,0.7462,4.785,0.010583333,9.27036766,-1
2004,30,18,105.029,0.046,0,0,0.085,-20.36,0.7749,4.455,0.010583333,9.293113265,-1
2004,30,19,116.4155,0,0,0,0.07,-21.19,0.7715,4.355,0.010583333,9.293729165,-1
2004,30,20,127.835,0,0,0,0.14,-21.55,0.76735,3.96,0.010583333,9.293801168,-1
2004,30,21,138.8775,0,0,0,0,-22.45,0.7688,2.89,0.010583333,9.293902179,-1
2004,30,22,148.746,0.092,0,0,0.02,-22.865,0.76705,3.745,0.010583333,9.294035824,-1
2004,30,23,155.666,0,0,0,0.005,-23.01,0.75865,3.845,0.010583333,9.294194391,-1
2004,31,0,156.7855,0,0,0,0.07,-23.425,0.76005,3.71,0,9.29436124,-1
2004,31,1,151.438,0,0,0,0,-23.635,0.7669,1.975,0,9.294529837,-1
2004,31,2,142.2525,0,0,0,0,-23.45,0.7728,1.78,0,9.294686629,-1
2004,31,3,131.4655,0,0,0,0,-22.69,0.76065,2.36,0,9.294821406,-1
2004,31,4,120.1,0,0,0,0.025,-23.635,0.7744,1.705,0,9.29492499,-1
2004,31,5,108.653,0.023,0,0,0.11,-24.74,0.77975,2.875,0,9.294990155,-1
2004,31,6,97.441,0.828,0.62,0.095,0.485,-24.49,0.7713,1.85,0,9.295015161,-1
2004,31,7,86.5245,106.881,15.32,50.245,47.185,-23.9,0.7506,1.04,0,9.378899104,-1
2004,31,8,76.913,392.495,52.815,188.165,151.455,-21.49,0.7172,1.06,0,9.379019211,-1
2004,31,9,68.5215,663.642,78.685,316.31,253.75,-19.255,0.69955,1.53,0,9.378982104,-1
2004,31,10,62.0925,837.223,100.765,395.65,313.83,-15.23,0.5756,0.605,0,9.378981368,-1
2004,31,11,58.3275,1212.652,121.615,580.95,464.955,-15.78,0.64765,3.195,0,9.378981418,-1
2004,31,12,57.7635,1118.743,110.105,521.16,421.84,-14.46,0.65425,3.14,0,9.378981361,-1
2004,31,13,60.4945,808.956,78.135,365.885,299.78,-13.14,0.6282,2.32,0,9.378981402,-1
2004,31,14,66.105,647.128,63.505,293.775,241.075,-12.375,0.63335,2.24,0,9.378981536,-1
2004,31,15,73.914,399.211,40.76,180.385,149.83,-12.075,0.6355,2.36,0,9.378981997,-1
2004,31,16,83.2045,161.552,19.68,72.815,64.02,-11.645,0.64975,1.88,0,9.378981385,-1
2004,31,17,93.674,6.371,1.54,1.295,2.55,-11.94,0.6722,2.39,0,9.392277372,-1
2004,31,18,104.829,0.276,0,0,0.05,-12.615,0.69225,3.52,0,9.421736831,-1
2004,31,19,116.2195,0.437,0,0,0,-13.005,0.7116,4.62,0,9.42255813,-1
2004,31,20,127.635,0.391,0,0,0,-13.11,0.73075,4.8,0,9.422644176,-1
2004,31,21,138.664,0.46,0,0,0,-12.33,0.6951,5.32,0,9.422761824,-1
2004,31,22,148.507,0.414,0,0,0.01,-12.205,0.69865,4.505,0,9.422917155,-1
2004,31,23,155.393,0.391,0,0,0,-11.62,0.6908,6.255,0,9.42309626,-1
2004,32,0,156.521,0.23,0,0,0,-11.37,0.7029,5.425,0,9.423284353,-1
2004,32,1,151.223,0.207,0,0,0.045,-11.375,0.7293,4.09,0,9.423465882,-1
2004,32,2,142.0835,0.322,0,0,0,-11.805,0.7262,4.175,0,9.423637496,-1
2004,32,3,131.319,0.391,0,0,0.11,-12.25,0.7147,4.075,0,9.423789297,-1
2004,32,4,119.9605,0.414,0,0,0,-11.99,0.6767,5.115,0,9.423907308,-1
2004,32,5,108.512,0.322,0,0,0,-11.87,0.6582,4.835,0,9.423980142,-1
2004,32,6,97.289,1.127,0.55,0,0.41,-11.73,0.65055,5.215,0,9.424006671,-1
2004,32,7,86.365,104.144,15.425,48.91,44.125,-11.32,0.6566,6.115,0,9.498658504,-1
2004,32,8,76.7215,436.034,56.23,210.935,174.6,-9.9,0.62625,6.11,0,9.498481994,-1
2004,32,9,68.302,701.684,83.025,341.1,273.335,-8.1,0.61265,7.28,0,9.498441004,-1
2004,32,10,61.842,777.975,86.19,365.585,292.745,-6.755,0.64585,7.045,0,9.49844022,-1
2004,32,11,58.054,847.343,91.325,395.245,315.905,-4.73,0.60975,6.67,0,9.498440271,-1
2004,32,12,57.482,993.784,112.64,476.385,375.83,-3.195,0.59965,6.66,0,9.498440217,-1
2004,32,13,60.217,893.665,102.875,428.445,337.235,-2.03,0.5906,6.5,0,9.498440263,-1
2004,32,14,65.8425,604.9,71.16,286.06,226.885,-1.345,0.5973,5.795,0,9.49844042,-1
2004,32,15,73.6725,329.36,40.77,153.075,124.665,-1.16,0.6445,4.69,0,9.498440444,-1
2004,32,16,82.9845,130.387,17.185,58.375,49.745,-1.2,0.65495,5.015,0,9.498440226,-1
2004,32,17,93.4335,4.738,1.115,0.525,1.61,-1.16,0.62275,5.22,0,9.508521599,-1
2004,32,18,104.628,0.023,0,0,0.005,-1.255,0.60285,5.42,0,9.530539473,-1
2004,32,19,116.023,0,0,0,0.045,-1.58,0.627,6.1,0,9.53118958,-1
2004,32,20,127.4365,0,0,0,0.02,-1.565,0.6219,6.675,0,9.531264841,-1
2004,32,21,138.45,0,0,0,0.075,-1.855,0.6403,6.965,0,9.53136846,-1
2004,32,22,148.263,0.023,0,0,0.085,-2.21,0.67835,7.03,0,9.531504265,-1
2004,32,23,155.115,0.046,0,0,0.06,-2.325,0.7005,6.09,0,9.531663679,-1
2004,33,0,156.249,0.046,0,0,0.115,-2.625,0.72785,6.315,0.211666667,9.531835748,-1
2004,33,1,151.002,0.138,0,0,0.12,-2.925,0.75485,5.485,0.211666667,9.532009631,-1
2004,33,2,141.905,0.046,0,0,0.045,-2.74,0.7156,6.165,0.211666667,9.532173034,-1
2004,33,3,131.1645,0.069,0,0,0.005,-2.605,0.6862,6.905,0.211666667,9.532310752,-1
2004,33,4,119.8145,0.023,0,0,0.115,-2.61,0.6904,7.54,0.211666667,9.532415565,-1
2004,33,5,108.363,0,0,0,0,-2.57,0.70395,6.63,0.211666667,9.532479619,-1
2004,33,6,97.1305,0.437,0.305,0,0.13,-2.4,0.7196,7.02,0.211666667,9.532501038,-1
2004,33,7,86.2005,39.974,5.285,13.03,13.49,-2.265,0.7337,5.96,0.211666667,9.533520447,-1
2004,33,8,76.5235,188.255,22.35,77.61,62.87,-1.865,0.7316,6.275,0.211666667,9.530290012,-1
2004,33,9,68.0765,309.281,32.875,124.48,99.285,-0.995,0.7634,6.175,0.211666667,9.529883459,-1
2004,33,10,61.59,429.525,51.425,176.935,132.865,-0.185,0.8699,6.24,0.211666667,9.529875723,-1
2004,33,11,57.778,252.793,31.185,97.26,73.345,-0.145,0.9125,6.44,0.211666667,9.529875627,-1
2004,33,12,57.195,253.437,33.425,97.64,71.545,0.12,0.92765,5.755,0.211666667,9.529875729,-1
2004,33,13,59.937,233.933,26.85,85.94,65.905,0.21,0.9551,5.1,0.211666667,9.529876113,-1
2004,33,14,65.576,222.341,26.915,82.35,62.04,0.345,0.9626,5.15,0.211666667,9.529875659,-1
2004,33,15,73.4255,142.508,21.51,53.8,38.445,0.55,0.9633,6.45,0.211666667,9.529875753,-1
2004,33,16,82.7625,54.073,9.845,18.255,14.805,0.825,0.96345,6.345,0.211666667,9.529869076,-1
2004,33,17,93.2325,3.933,1.415,0.45,1.195,0.985,0.95915,6.695,0.211666667,9.501087438,-1
2004,33,18,104.4265,0.46,0,0,0,0.975,0.9622,6.25,0.211666667,9.506801869,-1
2004,33,19,115.8255,0.46,0,0,0,0.98,0.9665,5.155,0.211666667,9.506994221,-1
2004,33,20,127.236,0.46,0,0,0,0.895,0.9709,4.155,0.211666667,9.507073336,-1
2004,33,21,138.233,0.46,0,0,0.01,0.9,0.9736,5.085,0.211666667,9.50719464,-1
2004,33,22,148.0175,0.414,0,0,0.32,0.585,0.9586,6.47,0.211666667,9.507351902,-1
2004,33,23,154.8335,0.437,0,0,0.12,0.31,0.9178,7.875,0.211666667,9.507534163,-1
2004,34,0,155.9705,0.46,0,0,0.405,-0.145,0.91175,9.515,0.084666667,9.507730105,-1
2004,34,1,150.774,0.46,0,0,1.17,-1.99,0.93095,10.525,0.084666667,9.507927557,-1
2004,34,2,141.7235,0.46,0,0,0.66,-3.75,0.932,10.7,0.084666667,9.508110961,-1
2004,34,3,131.005,0.437,0,0,0.32,-4.28,0.91925,11.3,0.084666667,9.508267284,-1
2004,34,4,119.6635,0.276,0,0,0.76,-5.16,0.8912,10.9,0.084666667,9.508383149,-1
2004,34,5,108.208,0,0,0,0.44,-6.235,0.8754,10.835,0.084666667,9.508449633,-1
2004,34,6,96.9665,0.575,0.285,0,0.54,-6.825,0.86385,9.665,0.084666667,9.508470832,-1
2004,34,7,85.993,43.424,5.705,14.92,15.4,-7.505,0.8561,10.265,0.084666667,9.517604354,-1
2004,34,8,76.3215,173.42,20.015,71.355,58.745,-7.9,0.86035,10.69,0.084666667,9.515150773,-1
2004,34,9,67.846,387.274,46.995,169.875,132.425,-7.92,0.85635,10.11,0.084666667,9.514842659,-1
2004,34,10,61.33,724.776,100.335,347.9,257.27,-8.885,0.82595,9.82,0.084666667,9.51483682,-1
2004,34,11,57.4965,1032.792,149.54,516.015,376.64,-9.08,0.8204,10.46,0.084666667,9.51483673,-1
2004,34,12,56.903,1129.875,165.14,568.23,414.525,-8.46,0.81015,9.88,0.084666667,9.514836766,-1
2004,34,13,59.651,1077.596,160.315,542.17,397.13,-7.55,0.79805,7.89,0.084666667,9.514836874,-1
2004,34,14,65.308,872.896,128,432.3,325,-6.96,0.7911,8.295,0.084666667,9.51483726,-1
2004,34,15,73.178,555.611,80.875,268.61,211.95,-6.995,0.77005,9.03,0.084666667,9.514836781,-1
2004,34,16,82.5395,207.621,30.125,91.785,83.98,-7.67,0.73405,8.605,0.084666667,9.514836847,-1
2004,34,17,92.9905,10.028,1.39,1.245,4.805,-8.83,0.72635,5,0.084666667,9.525327525,-1
2004,34,18,104.225,0,0,0,0.065,-9.61,0.74815,5.97,0.084666667,9.560820756,-1
2004,34,19,115.6285,0,0,0,0.035,-10.065,0.7353,5.78,0.084666667,9.561834956,-1
2004,34,20,127.0345,0,0,0,0.05,-10.845,0.764,4.755,0.084666667,9.561916882,-1
2004,34,21,138.0155,0,0,0,0.005,-11.515,0.78255,3.07,0.084666667,9.562021417,-1
2004,34,22,147.7685,0,0,0,0,-11.925,0.7893,2.62,0.084666667,9.562157157,-1
2004,34,23,154.5475,0,0,0,0,-12.39,0.78325,2.435,0.084666667,9.562314944,-1
2004,35,0,155.6865,0,0,0,0,-13.01,0.7611,2.875,0,9.562485105,-1
2004,35,1,150.538,0.023,0,0,0,-13.46,0.7749,2.4,0,9.562654973,-1
2004,35,2,141.5315,0,0,0,0,-13.96,0.75875,2.385,0,9.562812957,-1
2004,35,3,130.837,0.023,0,0,0,-14.275,0.7412,2.855,0,9.562948639,-1
2004,35,4,119.5055,0.046,0,0,0.015,-14.565,0.73105,3.465,0,9.563052234,-1
2004,35,5,108.05,0,0,0,0,-14.41,0.7289,3.29,0,9.563115825,-1
2004,35,6,96.7975,0.874,0.555,0,0.365,-14.36,0.7169,3.495,0,9.563137996,-1
2004,35,7,85.819,127.259,24.35,64.165,49.595,-14.1,0.7244,2.71,0,9.63285758,-1
2004,35,8,76.114,319.194,51.56,151.33,110.195,-12.545,0.70075,2.29,0,9.632407241,-1
2004,35,9,67.609,548.435,84.245,261.915,187.725,-10.48,0.6154,2.285,0,9.63237192,-1
2004,35,10,61.065,779.033,112.27,368.425,264.535,-10.38,0.66665,3.16,0,9.632371262,-1
2004,35,11,57.2085,1130.818,170.485,558.225,393.715,-8.725,0.67825,3.405,0,9.632371343,-1
2004,35,12,56.6065,1244.438,195.655,617.435,430.36,-6.745,0.6711,3.075,0,9.632371663,-1
2004,35,13,59.3595,941.551,143.585,455.63,320.745,-5.595,0.65705,4.295,0,9.632371316,-1
2004,35,14,65.037,830.208,132.56,401.81,282.835,-4.43,0.6364,4.81,0,9.632371465,-1
2004,35,15,72.93,315.629,49.49,145.425,105.24,-3.835,0.6326,4.56,0,9.632371974,-1
2004,35,16,82.315,128.271,21.545,57.355,43.92,-3.405,0.65735,2.905,0,9.63237129,-1
2004,35,17,92.788,7.958,2.09,1.73,2.84,-3.845,0.69395,3.09,0,9.640166147,-1
2004,35,18,104.021,0.391,0,0,0.065,-4.85,0.7571,3.765,0,9.662678958,-1
2004,35,19,115.4295,0.437,0,0,0,-4.38,0.7492,4.67,0,9.663379285,-1
2004,35,20,126.831,0.437,0,0,0.01,-4.035,0.75985,6.015,0,9.663467662,-1
2004,35,21,137.797,0.46,0,0,0.215,-4.31,0.77525,6.03,0,9.663589946,-1
2004,35,22,147.5155,0.437,0,0,0.03,-4.39,0.78105,5.895,0,9.663749314,-1
2004,35,23,154.26,0.414,0,0,0.055,-4.06,0.7646,6.05,0,9.663932951,-1
2004,36,0,155.3985,0.46,0,0,0.07,-4.16,0.7765,5.19,0.15875,9.66412962,-1
2004,36,1,150.298,0.46,0,0,0.015,-3.83,0.7552,5.445,0.15875,9.664328396,-1
2004,36,2,141.334,0.414,0,0,0.32,-4.17,0.7921,6.165,0.15875,9.664511541,-1
2004,36,3,130.6645,0.414,0,0,0.03,-4.165,0.8791,6.47,0.15875,9.664666426,-1
2004,36,4,119.343,0.368,0,0,0.14,-3.44,0.7994,6.5,0.15875,9.664783055,-1
2004,36,5,107.883,0.368,0,0,0.23,-3.895,0.7938,9.685,0.15875,9.664853825,-1
2004,36,6,96.621,1.012,0.47,0,0.225,-3.61,0.74445,9.975,0.15875,9.664877053,-1
2004,36,7,85.6385,28.773,4.58,7.005,8.795,-3.26,0.7176,8.245,0.15875,9.653068859,-1
2004,36,8,75.8985,71.645,8.67,22.15,20.835,-3.015,0.74635,5.25,0.15875,9.61069982,-1
2004,36,9,67.367,291.686,31.45,115.49,92.085,-3.13,0.8658,5.605,0.15875,9.609183342,-1
2004,36,10,60.7945,422.211,46.335,170.64,132.12,-2.725,0.9099,5.665,0.15875,9.609155235,-1
2004,36,11,56.9155,396.957,47.25,163.18,123.195,-2.16,0.93275,4.89,0.15875,9.609154845,-1
2004,36,12,56.3065,270.664,31.835,105.995,81.66,-1.815,0.9355,3.88,0.15875,9.609154921,-1
2004,36,13,59.069,306.199,36.92,123.465,93.515,-1.41,0.93165,2.61,0.15875,9.60915519,-1
2004,36,14,64.764,129.582,13.82,44.3,37.36,-1.53,0.9298,1.795,0.15875,9.609154926,-1
2004,36,15,72.6795,172.109,16.315,66.22,56.555,-1.86,0.95505,2.025,0.15875,9.609155121,-1
2004,36,16,82.088,104.121,11.13,39.86,35.76,-1.68,0.955,2.135,0.15875,9.609154933,-1
2004,36,17,92.5825,4.14,1.11,0.055,1.135,-1.03,0.94045,1.76,0.15875,9.614006975,-1
2004,36,18,103.8185,0.46,0,0,0,-0.23,0.9513,0.94,0.15875,9.630298976,-1
2004,36,19,115.23,0.414,0,0,0,0.185,0.9538,0.8,0.15875,9.630808977,-1
2004,36,20,126.6275,0.46,0,0,0,0.2,0.9573,0.63,0.15875,9.630893918,-1
2004,36,21,137.5755,0.46,0,0,0,0.2,0.9611,0.565,0.15875,9.631016538,-1
2004,36,22,147.263,0.46,0,0,0,0.2,0.9647,0.59,0.15875,9.631175767,-1
2004,36,23,153.9685,0.46,0,0,0,0.165,0.96715,0.48,0.15875,9.631360851,-1
2004,37,0,155.104,0.46,0,0,0,0.1,0.97185,0.795,0.03175,9.631558888,-1
2004,37,1,150.0485,0.46,0,0,0.02,0.1,0.9742,1.14,0.03175,9.631757559,-1
2004,37,2,141.13,0.46,0,0,0.17,0.1,0.9578,1.36,0.03175,9.631941501,-1
2004,37,3,130.4855,0.46,0,0,0.485,-0.225,0.9205,2.215,0.03175,9.632098512,-1
2004,37,4,119.172,0.46,0,0,0.52,-1.385,0.9055,2.1,0.03175,9.632217919,-1
2004,37,5,107.712,0.299,0,0,0.5,-2.105,0.8882,1.94,0.03175,9.632289219,-1
2004,37,6,96.441,0.69,0.32,0,0.505,-2.98,0.9011,1.82,0.03175,9.632311288,-1
2004,37,7,85.415,33.557,5.2,9.215,10.22,-3.365,0.8939,1.835,0.03175,9.617079795,-1
2004,37,8,75.679,123.832,16.895,46.495,36.715,-3.345,0.88275,1.695,0.03175,9.603170028,-1
2004,37,9,67.12,273.171,35.705,109.515,81.73,-3.395,0.86785,1.885,0.03175,9.602393029,-1
2004,37,10,60.519,438.564,59.2,183.06,132.75,-3.51,0.8484,2.055,0.03175,9.60237862,-1
2004,37,11,56.618,571.734,80.24,246.4,174.385,-3.25,0.84215,1.61,0.03175,9.602378487,-1
2004,37,12,56.001,461.518,60.77,191.095,138.88,-2.655,0.82025,1.56,0.03175,9.602378839,-1
2004,37,13,58.773,337.778,41.73,134.62,101.085,-2.82,0.83235,1.94,0.03175,9.602378448,-1
2004,37,14,64.489,280.232,34.56,112.375,84.9,-2.96,0.82835,2.36,0.03175,9.602378573,-1
2004,37,15,72.428,192.303,24.52,76.855,59.14,-3.285,0.823,6.56,0.03175,9.602378994,-1
2004,37,16,81.86,55.292,7.19,17.54,16.895,-3.35,0.83555,5.49,0.03175,9.602375947,-1
2004,37,17,92.3425,3.795,0.865,0.025,1.33,-3.72,0.86245,5.865,0.03175,9.574563028,-1
2004,37,18,103.6155,0.414,0,0,0.265,-4.155,0.8826,5.515,0.03175,9.580369764,-1
2004,37,19,115.03,0.345,0,0,0.185,-4.225,0.88075,5.455,0.03175,9.580568293,-1
2004,37,20,126.4195,0.46,0,0,0.19,-4.375,0.91495,5.115,0.03175,9.58064712,-1
2004,37,21,137.3525,0.46,0,0,0.135,-4.39,0.92475,5.26,0.03175,9.580769573,-1
2004,37,22,147.0065,0.368,0,0,0.19,-4.46,0.9283,5.805,0.03175,9.580927341,-1
2004,37,23,153.672,0.322,0,0,0.22,-4.62,0.9258,6.19,0.03175,9.581105204,-1
2004,38,0,154.8055,0.391,0,0,0.145,-4.815,0.92365,5.965,0.03175,9.581295809,-1
2004,38,1,149.795,0.414,0,0,0.165,-4.8,0.9256,5.59,0.03175,9.581490144,-1
2004,38,2,140.9205,0.368,0,0,0.085,-4.94,0.9316,6.235,0.03175,9.581669993,-1
2004,38,3,130.2995,0.46,0,0,0.255,-4.85,0.91955,7.305,0.03175,9.581823974,-1
2004,38,4,118.9975,0.23,0,0,0.47,-5.655,0.90555,8.675,0.03175,9.581938819,-1
2004,38,5,107.535,0.437,0,0,0.35,-6.4,0.89825,8.17,0.03175,9.582008307,-1
2004,38,6,96.2545,1.288,0.385,0,0.705,-6.935,0.8899,7.645,0.03175,9.582032877,-1
2004,38,7,85.225,64.492,7.115,23.825,23.36,-7.37,0.8791,7.68,0.03175,9.620219246,-1
2004,38,8,75.455,243.156,24.875,102.425,86.145,-7.625,0.87795,8.46,0.03175,9.618848418,-1
2004,38,9,66.8665,607.844,70.615,285.92,226.845,-7.535,0.86685,8.155,0.03175,9.618743714,-1
2004,38,10,60.2395,946.634,120.18,471.68,361.655,-7.255,0.8421,8.02,0.03175,9.618741811,-1
2004,38,11,56.3165,894.907,100.365,418.185,326.725,-7.105,0.83345,7.895,0.03175,9.618741799,-1
2004,38,12,55.693,834.532,86.1,373.425,297.46,-6.945,0.8352,7.53,0.03175,9.618741781,-1
2004,38,13,58.473,734.85,70.605,319.27,259.83,-7.045,0.8431,7.525,0.03175,9.618741819,-1
2004,38,14,64.2105,644.736,67.565,297.495,240.745,-7.06,0.8508,8.335,0.03175,9.618741784,-1
2004,38,15,72.1745,398.222,42.49,183.79,152.175,-7.195,0.85955,8.7,0.03175,9.618741794,-1
2004,38,16,81.633,158.677,18.49,71.145,63.215,-7.505,0.8634,7.77,0.03175,9.618741812,-1
2004,38,17,92.1375,12.972,2.145,3.545,5.445,-8.19,0.8664,6.53,0.03175,9.62749239,-1
2004,38,18,103.4115,0.414,0,0,0.045,-7.995,0.85855,7.4,0.03175,9.658733501,-1
2004,38,19,114.8295,0.437,0,0,0.12,-8.07,0.86565,5.975,0.03175,9.659684688,-1
2004,38,20,126.214,0.437,0,0,0.23,-8.365,0.87185,5.755,0.03175,9.659777416,-1
2004,38,21,137.128,0.414,0,0,0.1,-8.44,0.873,5.48,0.03175,9.659899372,-1
2004,38,22,146.748,0.437,0,0,0.18,-8.54,0.87615,4.73,0.03175,9.66005679,-1
2004,38,23,153.3725,0.391,0,0,0.235,-9.245,0.87775,3.345,0.03175,9.660240346,-1
2004,39,0,154.503,0.391,0,0,0.01,-9.275,0.87845,4.015,0.021166667,9.660434407,-1
2004,39,1,149.534,0.207,0,0,0.02,-9.005,0.8801,3.21,0.021166667,9.660623481,-1
2004,39,2,140.7025,0.437,0,0,0.02,-8.115,0.86775,3.8,0.021166667,9.66079849,-1
2004,39,3,130.109,0.414,0,0,0.025,-8.125,0.87195,2.83,0.021166667,9.66095354,-1
2004,39,4,118.815,0.391,0,0,0.015,-8.055,0.869,2.885,0.021166667,9.661070322,-1
2004,39,5,107.3535,0.391,0,0,0,-7.83,0.87115,3.21,0.021166667,9.661141163,-1
2004,39,6,96.065,1.679,0.58,0,0.485,-7.63,0.86855,3.01,0.021166667,9.661166885,-1
2004,39,7,85.0295,74.888,8.975,29.23,26.74,-7.515,0.86875,3.24,0.021166667,9.70396193,-1
2004,39,8,75.225,277.886,31.48,122.67,99.435,-7.27,0.8663,4.04,0.021166667,9.702667929,-1
2004,39,9,66.61,561.752,63.035,258.43,202.79,-6.815,0.8669,4.805,0.021166667,9.702589574,-1
2004,39,10,59.954,781.701,84.105,359.46,282.255,-5.975,0.86265,7.265,0.021166667,9.702588181,-1
2004,39,11,56.0105,918.85,99.18,422.9,331.515,-5.445,0.8513,8.545,0.021166667,9.702588199,-1
2004,39,12,55.3785,1014.3,117.26,478.32,370.555,-4.915,0.84105,8.97,0.021166667,9.70258815,-1
2004,39,13,58.1725,978.374,118.955,468.515,363.125,-4.35,0.83215,8.58,0.021166667,9.702588162,-1
2004,39,14,63.931,823.561,108.69,406.785,319.895,-4.165,0.83225,9.505,0.021166667,9.702588181,-1
2004,39,15,71.92,587.42,81.795,291.235,236.875,-4.21,0.83195,10.285,0.021166667,9.702588231,-1
2004,39,16,81.403,226.964,33.91,107.155,96.275,-4.38,0.8351,8.785,0.021166667,9.702588371,-1
2004,39,17,91.895,15.249,2.725,3.81,6.88,-5.205,0.8577,7.62,0.021166667,9.708771071,-1
2004,39,18,103.206,0.368,0,0,0.2,-6.04,0.87915,7.5,0.021166667,9.744774526,-1
2004,39,19,114.628,0.437,0,0,0,-6.075,0.89395,9.195,0.021166667,9.745920946,-1
2004,39,20,126.008,0.368,0,0,0,-5.93,0.8941,9.015,0.021166667,9.746016848,-1
2004,39,21,136.9015,0.368,0,0,0,-5.015,0.8846,10.455,0.021166667,9.746137247,-1
2004,39,22,146.489,0.207,0,0,0,-3.695,0.8588,10.33,0.021166667,9.746289728,-1
2004,39,23,153.0685,0.115,0,0,0.01,-2.13,0.82935,11.905,0.021166667,9.746458951,-1
2004,40,0,154.1925,0.345,0,0,0.02,-1.77,0.82775,12.045,0,9.746642714,-1
2004,40,1,149.2675,0.322,0,0,0.055,-1.595,0.828,11.235,0,9.746833274,-1
2004,40,2,140.4785,0.253,0,0,0.11,-1.405,0.81075,11.22,0,9.747008114,-1
2004,40,3,129.912,0.161,0,0,0.015,-1.37,0.7845,10.795,0,9.747152757,-1
2004,40,4,118.629,0.184,0,0,0.07,-1.095,0.7611,10.305,0,9.747260882,-1
2004,40,5,107.165,0.115,0,0,0.08,-1.17,0.7594,8.515,0,9.747326531,-1
2004,40,6,95.831,1.679,0.515,0,0.785,-1.925,0.7808,8.19,0,9.747350675,-1
2004,40,7,84.827,95.243,16.555,42.67,34.72,-2.545,0.8091,7.72,0,9.796137771,-1
2004,40,8,74.9895,345.414,56.1,166.18,122.075,-2.66,0.81945,5.605,0,9.795055608,-1
2004,40,9,66.3475,739.105,117.01,363.935,259.01,-1.395,0.76225,5.7,0,9.795001344,-1
2004,40,10,59.6635,795.455,113.605,373.61,268.59,-1.185,0.7479,6.575,0,9.795000394,-1
2004,40,11,55.6985,1037.737,169.86,512.745,351.815,-0.835,0.7369,6.415,0,9.79500046,-1
2004,40,12,55.062,1248.486,232.03,639.515,416.26,-0.485,0.7431,7.255,0,9.795000414,-1
2004,40,13,57.866,1089.28,203.99,541.87,345.35,-0.33,0.7529,7.385,0,9.795000534,-1
2004,40,14,63.649,894.056,182.505,443.34,279.73,-0.055,0.7558,7.465,0,9.795000965,-1
2004,40,15,71.664,594.044,124.125,290.1,190.955,0.325,0.7494,7.555,0,9.795000414,-1
2004,40,16,81.172,236.969,49.595,107.665,81.73,0.325,0.76385,6.42,0,9.795000466,-1
2004,40,17,91.6905,16.307,3.795,3.3,6.475,-0.515,0.81885,5.475,0,9.799598724,-1
2004,40,18,103.0005,0.322,0,0,0.01,-1.1,0.83985,5.175,0,9.833702446,-1
2004,40,19,114.426,0.069,0,0,0.075,-1.775,0.85395,5.145,0,9.834864762,-1
2004,40,20,125.7995,0.046,0,0,0.075,-2.31,0.85475,5.22,0,9.834953473,-1
2004,40,21,136.674,0.138,0,0,0.105,-2.905,0.84865,5.7,0,9.835063572,-1
2004,40,22,146.2235,0.161,0,0,0.035,-3.455,0.83785,5.265,0,9.835208948,-1
2004,40,23,152.7625,0.046,0,0,0.05,-3.535,0.7994,5.595,0,9.835375753,-1
2004,41,0,153.8795,0.115,0,0,0.015,-3.7,0.7992,4.765,0,9.835551878,-1
2004,41,1,148.9935,0.138,0,0,0,-3.16,0.7938,4.8,0,9.835730318,-1
2004,41,2,140.249,0.092,0,0,0.155,-3.025,0.78735,4.56,0,9.835895309,-1
2004,41,3,129.707,0.046,0,0,0.24,-3.95,0.7867,5.08,0,9.836033862,-1
2004,41,4,118.435,0.115,0,0,0.11,-4.555,0.7833,4.53,0,9.836138661,-1
2004,41,5,106.9715,0.207,0,0,0.015,-5.27,0.8053,3.935,0,9.836204216,-1
2004,41,6,95.631,2.668,1.125,0.065,0.555,-5.29,0.81,4.625,0,9.836232744,-1
2004,41,7,84.618,127.535,30.205,60.73,44.79,-5.46,0.8236,4.74,0,9.889762004,-1
2004,41,8,74.751,339.135,68.615,164.17,106.43,-4.135,0.81435,5.485,0,9.888880037,-1
2004,41,9,66.08,612.352,125.615,304.985,190.205,-2.51,0.7493,8.71,0,9.888842136,-1
2004,41,10,59.367,1075.043,231.325,555.34,332.57,-2.155,0.7427,9.42,0,9.888841665,-1
2004,41,11,55.382,1331.148,294.82,686.02,396.115,-1.745,0.70545,9.685,0,9.888841483,-1
2004,41,12,54.7415,1167.204,256.18,575.025,324.425,-1.835,0.68895,10.67,0,9.888841576,-1
2004,41,13,57.5585,955.65,215.06,468.63,266.015,-2.11,0.6807,11,0,9.888841925,-1
2004,41,14,63.366,882.993,206.755,441.735,251.3,-1.78,0.6863,10.09,0,9.888841516,-1
2004,41,15,71.407,573.229,131.525,281.465,167.325,-1.84,0.6802,9.265,0,9.88884162,-1
2004,41,16,80.943,234.577,52.24,105,75.82,-2.65,0.6622,7.835,0,9.88884193,-1
2004,41,17,91.4855,17.94,4.22,3.96,6.79,-3.715,0.70135,5.42,0,9.891994738,-1
2004,41,18,102.7965,0.207,0,0,0.115,-4.675,0.73615,3.33,0,9.9237761,-1
2004,41,19,114.2235,0.207,0,0,0,-5.4,0.77025,1.63,0,9.924958314,-1
2004,41,20,125.59,0,0,0,0,-5.595,0.8056,1.23,0,9.925049494,-1
2004,41,21,136.446,0,0,0,0,-5.83,0.8175,1.7,0,9.925157411,-1
2004,41,22,145.9595,0,0,0,0.025,-6.43,0.84945,1.42,0,9.925296363,-1
2004,41,23,152.454,0,0,0,0.04,-7.42,0.8835,2.66,0,9.925457843,-1
2004,42,0,153.561,0,0,0,0,-8.05,0.88575,3.06,0,9.925630116,-1
2004,42,1,148.7155,0.023,0,0,0.005,-7.905,0.8859,3.71,0,9.925802369,-1
2004,42,2,140.0135,0,0,0,0,-7.985,0.87845,3.495,0,9.925962273,-1
2004,42,3,129.4985,0,0,0,0.005,-7.705,0.87785,3.505,0,9.926097629,-1
2004,42,4,118.2355,0,0,0,0,-7.645,0.8831,3.665,0,9.926199887,-1
2004,42,5,106.7735,0.069,0,0,0,-7.23,0.8679,4.82,0,9.926262627,-1
2004,42,6,95.3895,2.461,0.945,0.06,0.69,-6.47,0.8685,5.79,0,9.926288833,-1
2004,42,7,84.406,121.003,30.515,56.75,39.71,-5.955,0.86315,6.425,0,9.972908772,-1
2004,42,8,74.5065,458.942,109.805,236.81,144.775,-3.8,0.82065,6.725,0,9.971824443,-1
2004,42,9,65.8075,812.498,186.415,413.665,239.505,-1.395,0.77895,7.955,0,9.971782668,-1
2004,42,10,59.0665,1074.79,260.76,546.765,293.32,0.295,0.7371,7.435,0,9.971781964,-1
2004,42,11,55.0615,1219.322,327.005,621.24,298.475,1.565,0.69915,6.895,0,9.971782111,-1
2004,42,12,54.415,1254.075,367.635,636.91,274.62,2.19,0.67815,5.89,0,9.971782711,-1
2004,42,13,57.247,1123.872,351.35,563.055,221.945,2.7,0.6834,4.68,0,9.971781971,-1
2004,42,14,63.0795,922.323,301.305,454.165,171.52,3.045,0.6924,4.995,0,9.971782031,-1
2004,42,15,71.149,513.337,171.42,247.1,94.005,3.22,0.7045,4.8,0,9.971782225,-1
2004,42,16,80.7095,192.372,68.675,90.93,35.04,2.61,0.7437,3.915,0,9.971782021,-1
2004,42,17,91.2415,12.673,5.35,3.47,2.28,1.345,0.82095,3.78,0,9.974455866,-1
2004,42,18,102.5895,0.322,0,0,0,1.115,0.8314,2.625,0,9.998962176,-1
2004,42,19,114.022,0.46,0,0,0,1.1,0.8168,2.465,0,9.999906385,-1
2004,42,20,125.381,0.46,0,0,0,1.185,0.8007,2.395,0,10.00000283,-1
2004,42,21,136.215,0.46,0,0,0.015,1.035,0.80655,1.925,0,10.0001292,-1
2004,42,22,145.6905,0.46,0,0,0.015,0.425,0.85025,2.01,0,10.00029209,-1
2004,42,23,152.142,0.345,0,0,1.105,-1.72,0.79,8.435,0,10.00047839,-1
2004,43,0,153.239,0.161,0,0,0.53,-3.25,0.75695,8.17,0.010583333,10.00066723,-1
2004,43,1,148.4295,0.115,0,0,0.56,-4.12,0.74885,8.345,0.010583333,10.00084726,-1
2004,43,2,139.7735,0.046,0,0,0.43,-5.3,0.7328,8.14,0.010583333,10.00101187,-1
2004,43,3,129.2825,0.023,0,0,0.36,-5.985,0.75655,5.645,0.010583333,10.00114892,-1
2004,43,4,118.033,0.023,0,0,0.315,-6.57,0.7861,5.14,0.010583333,10.00125206,-1
2004,43,5,106.569,0,0,0,0.31,-7.26,0.81095,5.1,0.010583333,10.00131412,-1
2004,43,6,95.183,2.714,1.245,0.04,0.625,-7.87,0.8302,5.02,0.010583333,10.00134035,-1
2004,43,7,84.1875,118.404,44.06,58.085,26.495,-8.055,0.83325,5.9,0.010583333,10.04276696,-1
2004,43,8,74.2565,427.156,151.335,223.655,89.94,-7.715,0.8326,7.01,0.010583333,10.04153225,-1
2004,43,9,65.531,699.729,239.825,364.475,137.14,-7.045,0.83155,7.04,0.010583333,10.0414885,-1
2004,43,10,58.762,622.656,208.325,311.73,108.945,-6.07,0.80735,6.26,0.010583333,10.04148776,-1
2004,43,11,54.7365,743.613,245.655,370.625,128.74,-5.655,0.78005,6.215,0.010583333,10.04148786,-1
2004,43,12,54.088,511.037,164.99,245.935,86.54,-5.45,0.78185,6.05,0.010583333,10.04148826,-1
2004,43,13,56.935,516.258,167.34,249.27,87.745,-5.255,0.774,5.975,0.010583333,10.04148779,-1
2004,43,14,62.791,329.015,105.14,154.45,55.94,-5.32,0.78485,6,0.010583333,10.04148788,-1
2004,43,15,70.89,163.668,51.615,72.945,27.725,-5.125,0.79585,5.185,0.010583333,10.04148819,-1
2004,43,16,80.478,70.771,22.815,28.685,12.17,-5.08,0.7895,5.77,0.010583333,10.04148776,-1
2004,43,17,91.0375,7.291,2.805,1.155,1.465,-5.4,0.7828,6.805,0.010583333,10.01896786,-1
2004,43,18,102.3845,0.322,0,0,0.275,-5.67,0.79565,6.79,0.010583333,10.02652989,-1
2004,43,19,113.8175,0.391,0,0,0.25,-6.03,0.81455,5.845,0.010583333,10.02685508,-1
2004,43,20,125.1695,0.299,0,0,0.23,-6.185,0.80775,6.505,0.010583333,10.02693911,-1
2004,43,21,135.9815,0.368,0,0,0.135,-6.185,0.8118,5.69,0.010583333,10.02706056,-1
2004,43,22,145.419,0.368,0,0,0.22,-6.33,0.80935,6.075,0.010583333,10.02721959,-1
2004,43,23,151.825,0.322,0,0,0.155,-6.295,0.81665,5.535,0.010583333,10.02740233,-1
2004,44,0,152.911,0.368,0,0,0.225,-6.36,0.8133,5.715,0,10.02759681,-1
2004,44,1,148.1415,0.368,0,0,0.21,-6.4,0.8125,5.8,0,10.02779095,-1
2004,44,2,139.524,0.345,0,0,0.315,-6.69,0.79515,7.24,0,10.02797052,-1
2004,44,3,129.061,0.345,0,0,0.16,-6.885,0.7983,6.395,0,10.02812214,-1
2004,44,4,117.8235,0.368,0,0,0.13,-6.8,0.8074,5.295,0,10.02823653,-1
2004,44,5,106.361,0.253,0,0,0.135,-6.73,0.81805,5.005,0,10.0283045,-1
2004,44,6,94.9705,1.863,0.835,0,0.59,-7.09,0.8071,6.065,0,10.02832714,-1
2004,44,7,83.963,133.492,47.355,66.12,31.385,-7.645,0.79515,5.76,0,10.06932494,-1
2004,44,8,74.003,453.514,158.1,242.05,101.62,-7.31,0.77755,6.525,0,10.06813196,-1
2004,44,9,65.2495,756.7,253.525,396.9,154.195,-6.755,0.7386,7.265,0,10.06809182,-1
2004,44,10,58.4515,1091.258,368.825,575.735,212.47,-5.59,0.709,6.48,0,10.06809117,-1
2004,44,11,54.407,1230.661,422.675,648.295,228.46,-4.37,0.6903,5.95,0,10.06809127,-1
2004,44,12,53.756,1214.331,419.495,635.06,219.57,-3.705,0.7114,6.97,0,10.06809117,-1
2004,44,13,56.619,1164.835,404.215,603.43,207.715,-3.165,0.72385,7.725,0,10.06809114,-1
2004,44,14,62.504,950.981,325.845,482.325,174.23,-2.735,0.70995,8.165,0,10.06809116,-1
2004,44,15,70.631,637.353,214.725,315.635,125.33,-2.08,0.68325,8.665,0,10.06809119,-1
2004,44,16,80.245,271.032,90.08,125.395,61.19,-1.84,0.6931,8.665,0,10.06809128,-1
2004,44,17,90.7915,21.735,7.895,5.9,5.735,-2.21,0.74055,7.67,0,10.0692726,-1
2004,44,18,102.1775,0.046,0,0,0.02,-2.495,0.77045,6.665,0,10.09823748,-1
2004,44,19,113.6145,0.046,0,0,0.15,-2.89,0.7983,5.87,0,10.09955663,-1
2004,44,20,124.957,0.115,0,0,0.07,-3.45,0.8292,5.775,0,10.09965114,-1
2004,44,21,135.7485,0.023,0,0,0.015,-3.49,0.81975,5.91,0,10.09976345,-1
2004,44,22,145.148,0.161,0,0,0,-3.29,0.7869,6.175,0,10.09990809,-1
2004,44,23,151.506,0.092,0,0,0.045,-3.4,0.7871,6.475,0,10.10007822,-1
2004,45,0,152.581,0,0,0,0.375,-4.14,0.82105,5.535,0,10.10025486,-1
2004,45,1,147.846,0.092,0,0,0.045,-4.435,0.8312,6.24,0,10.10042957,-1
2004,45,2,139.2715,0.023,0,0,0.31,-4.985,0.85025,5.325,0,10.10059245,-1
2004,45,3,128.836,0.161,0,0,0.005,-5.3,0.8527,4.905,0,10.10073151,-1
2004,45,4,117.608,0.069,0,0,0.06,-5.285,0.8324,4.085,0,10.10083755,-1
2004,45,5,106.147,0.184,0,0,0.04,-5.295,0.80735,3.04,0,10.10090112,-1
2004,45,6,94.7185,2.852,1.405,0.065,0.325,-5.815,0.82125,3.46,0,10.10092718,-1
2004,45,7,83.734,144.532,52.02,71.39,32.59,-5.54,0.81715,3.97,0,10.14040936,-1
2004,45,8,73.7445,401.281,135.78,202.405,80.975,-3.44,0.76755,4.525,0,10.13924047,-1
2004,45,9,64.9615,523.894,176.365,262.44,96.54,-1.36,0.68535,4.93,0,10.1392034,-1
2004,45,10,58.138,825.125,282.31,420.595,144.15,-0.545,0.66185,4.93,0,10.1392028,-1
2004,45,11,54.074,1213.871,436.58,629.365,197.625,0.365,0.646,3.49,0,10.1392029,-1
2004,45,12,53.421,1244.737,461.45,645.585,190.875,1.455,0.6321,2.675,0,10.13920329,-1
2004,45,13,56.3005,1135.763,423.06,582.56,170.4,2.125,0.63645,3.565,0,10.13920283,-1
2004,45,14,62.2145,922.461,344.975,468.635,142.5,2.26,0.64225,4.035,0,10.13920292,-1
2004,45,15,70.3705,610.305,227.61,306.53,103.39,1.855,0.65595,5.39,0,10.13920324,-1
2004,45,16,80.012,249.021,93.44,118.135,48.42,1.195,0.69185,4.53,0,10.13920282,-1
2004,45,17,90.588,21.16,8.4,5.865,4.51,-0.04,0.76775,3.845,0,10.13981477,-1
2004,45,18,101.972,0,0,0,0.27,-0.925,0.7986,4.16,0,10.1653356,-1
2004,45,19,113.41,0.069,0,0,0.305,-1.715,0.8219,4.845,0,10.16658247,-1
2004,45,20,124.7455,0,0,0,0.22,-2.12,0.8264,5.32,0,10.16667544,-1
2004,45,21,135.5145,0.184,0,0,0.215,-2.41,0.84785,4.85,0,10.16678831,-1
2004,45,22,144.873,0.414,0,0,0.005,-2.26,0.8696,5.5,0,10.16694269,-1
2004,45,23,151.1855,0.391,0,0,0.01,-1.735,0.87825,6.51,0,10.16712928,-1
2004,46,0,152.2475,0.138,0,0,0.35,-2.06,0.80235,6.965,0,10.16732162,-1
2004,46,1,147.5445,0.046,0,0,0.37,-3.27,0.7751,7.52,0,10.16749997,-1
2004,46,2,139.012,0.276,0,0,0.345,-4.06,0.78915,6.995,0,10.16766753,-1
2004,46,3,128.603,0.046,0,0,0.34,-4.75,0.7787,7.265,0,10.16781128,-1
2004,46,4,117.388,0,0,0,0.405,-5.89,0.6449,8.78,0,10.16791417,-1
2004,46,5,105.9275,0,0,0,0.27,-6.66,0.67965,7.97,0,10.1679753,-1
2004,46,6,94.4995,4.738,2.005,0.275,0.975,-7.11,0.6745,7.31,0,10.16800997,-1
2004,46,7,83.5,164.059,62.135,79.94,34.655,-7.26,0.6442,6.98,0,10.20727219,-1
2004,46,8,73.482,518.029,190.51,266.96,95.515,-6.62,0.61775,7.545,0,10.20619117,-1
2004,46,9,64.6725,856.405,313.7,448.375,144.395,-5.855,0.58865,7.9,0,10.20615865,-1
2004,46,10,57.8195,1112.602,412.7,583.505,175.765,-5.07,0.58955,8,0,10.20615816,-1
2004,46,11,53.7375,1258.376,470.52,659.045,191.36,-4.83,0.6009,8.405,0,10.20615825,-1
2004,46,12,53.082,1283.722,480.2,668.43,192.84,-4.505,0.61325,8.99,0,10.20615815,-1
2004,46,13,55.9795,1187.766,441.41,611.075,181.08,-4.475,0.6071,9.32,0,10.20615827,-1
2004,46,14,61.922,974.809,356.31,492.4,154.975,-4.305,0.59465,9.355,0,10.20615869,-1
2004,46,15,70.1095,662.423,237.515,326.475,114.37,-4.15,0.5868,8.83,0,10.20615815,-1
2004,46,16,79.778,296.378,103.285,134.62,59.04,-4.275,0.5933,8.105,0,10.2061582,-1
2004,46,17,90.381,29.026,10.245,8.02,7.69,-5.095,0.6341,7.35,0,10.20615649,-1
2004,46,18,101.765,0.069,0,0,0.13,-5.725,0.6271,6.275,0,10.22818899,-1
2004,46,19,113.2055,0.023,0,0,0.175,-6.2,0.64325,5.075,0,10.23012224,-1
2004,46,20,124.5315,0,0,0,0.09,-6.77,0.675,4.565,0,10.23022683,-1
2004,46,21,135.2775,0,0,0,0.135,-7.405,0.7069,3.675,0,10.23033692,-1
2004,46,22,144.5945,0.023,0,0,0.055,-7.86,0.70395,3.875,0,10.23047843,-1
2004,46,23,150.8605,0.069,0,0,0.1,-8.445,0.7086,2.91,0,10.2306441,-1
2004,47,0,151.9075,0.092,0,0,0,-8.91,0.71095,3.125,0,10.23082313,-1
2004,47,1,147.2385,0,0,0,0,-9.05,0.6585,3.135,0,10.23099999,-1
2004,47,2,138.748,0.069,0,0,0.055,-9.72,0.7125,2.77,0,10.23116129,-1
2004,47,3,128.3655,0.276,0,0,0,-9.94,0.6957,3.14,0,10.23130412,-1
2004,47,4,117.1645,0.138,0,0,0,-10.1,0.67985,3.585,0,10.23141421,-1
2004,47,5,105.705,0.161,0,0,0,-10.32,0.68235,4.03,0,10.23147889,-1
2004,47,6,94.236,5.681,2.305,0.605,1.26,-10.865,0.7194,4.235,0,10.23152146,-1
2004,47,7,83.26,184.092,69.555,92.62,38.76,-10.345,0.7291,4.08,0,10.2705102,-1
2004,47,8,73.214,462.737,167.545,236.71,83.36,-8.42,0.68825,6.34,0,10.26948432,-1
2004,47,9,64.377,759.368,274.015,394.74,129.005,-6.91,0.6462,6.1,0,10.26945454,-1
2004,47,10,57.4985,867.031,313.085,447.57,138.2,-5.35,0.6088,3.945,0,10.26945404,-1
2004,47,11,53.3955,1083.001,395.03,559.445,166.85,-3.715,0.5849,3.085,0,10.2694541,-1
2004,47,12,52.7415,1089.901,396.985,559.315,164.8,-2.59,0.5691,3.035,0,10.26945431,-1
2004,47,13,55.6565,1033.666,376.72,526.14,156.315,-1.7,0.54835,3.015,0,10.26945418,-1
2004,47,14,61.631,709.688,257.76,354.085,107.36,-1.295,0.54535,3.005,0,10.26945409,-1
2004,47,15,69.8485,523.48,192.01,258.93,83.025,-0.7,0.53765,2.495,0,10.26945418,-1
2004,47,16,79.5445,171.488,64.645,81.755,27.215,-1.02,0.5771,3.48,0,10.26945443,-1
2004,47,17,90.1395,21.459,9.425,7.97,3.8,-1.435,0.65205,3.35,0,10.26745036,-1
2004,47,18,101.5585,0.069,0,0,0,-2.215,0.6915,3.11,0,10.2853133,-1
2004,47,19,113.001,0.092,0,0,0,-2.75,0.73365,2.805,0,10.28643483,-1
2004,47,20,124.3165,0.046,0,0,0,-2.815,0.723,1.935,0,10.28652726,-1
2004,47,21,135.039,0.023,0,0,0.01,-3.51,0.7668,2.87,0,10.28663909,-1
2004,47,22,144.315,0,0,0,0,-4.21,0.78355,3.07,0,10.28678146,-1
2004,47,23,150.5325,0.253,0,0,0.01,-4.585,0.81455,2.715,0,10.28695129,-1
2004,48,0,151.5645,0.092,0,0,0,-4.545,0.80675,1.51,0,10.28713681,-1
2004,48,1,146.93,0.092,0,0,0,-4.74,0.8009,1.045,0,10.28731568,-1
2004,48,2,138.4775,0.253,0,0,0,-4.605,0.77605,1.365,0,10.28748491,-1
2004,48,3,128.1215,0.414,0,0,0.01,-4.685,0.77185,1.87,0,10.28763602,-1
2004,48,4,116.9345,0.322,0,0,0,-4.545,0.75555,2.3,0,10.28775176,-1
2004,48,5,105.477,0.023,0,0,0,-4.74,0.76505,1.41,0,10.2878172,-1
2004,48,6,94.0115,3.864,2.135,0.48,0.36,-5.035,0.76145,1.69,0,10.28784621,-1
2004,48,7,83.0155,93.38,35.975,42.98,13.92,-5.255,0.78555,1.205,0,10.30545882,-1
2004,48,8,72.9425,304.129,111.19,147.925,47.44,-4.025,0.8071,1.17,0,10.30323834,-1
2004,48,9,64.0795,568.238,209.135,282.505,83.47,-1.675,0.7389,1.73,0,10.3031752,-1
2004,48,10,57.1725,839.776,307.935,427.73,126.025,-0.21,0.6744,2.795,0,10.30317418,-1
2004,48,11,53.0505,1185.098,445.135,617.125,177.05,1.31,0.577,2.485,0,10.30317426,-1
2004,48,12,52.3965,1224.865,462.71,634.83,179.04,2.255,0.52115,2.01,0,10.30317417,-1
2004,48,13,55.3325,1149.379,429.955,588.03,169.075,2.84,0.51635,2.615,0,10.30317418,-1
2004,48,14,61.3355,938.446,346.86,473.485,143.845,3.23,0.53135,3.245,0,10.30317421,-1
2004,48,15,69.5865,635.444,231.76,314,106.03,3.555,0.52595,4.02,0,10.30317427,-1
2004,48,16,79.3115,273.516,100.805,128.88,53.42,3.26,0.5656,3.895,0,10.30317445,-1
2004,48,17,89.9345,27.876,11.79,9.48,6.28,1.9,0.6779,3.225,0,10.30277167,-1
2004,48,18,101.3515,0.276,0.065,0,0.01,0.94,0.73835,3.325,0,10.31952078,-1
2004,48,19,112.794,0.276,0,0,0.01,0.01,0.82685,2.47,0,10.32122969,-1
2004,48,20,124.102,0.46,0,0,0,-0.68,0.86,3.22,0,10.32133962,-1
2004,48,21,134.7995,0.46,0,0,0.135,-1.33,0.88665,3.945,0,10.32146796,-1
2004,48,22,144.035,0.437,0,0,0.285,-1.835,0.88145,4.05,0,10.32163264,-1
2004,48,23,150.2025,0.299,0,0,0.365,-2.56,0.87145,3.32,0,10.32181856,-1
2004,49,0,151.218,0.253,0,0,0.13,-3.255,0.8899,1.615,0,10.32201044,-1
2004,49,1,146.612,0.437,0,0,0,-3.79,0.90925,1.67,0,10.32220444,-1
2004,49,2,138.2035,0.46,0,0,0,-4.215,0.9236,2.235,0,10.3223907,-1
2004,49,3,127.874,0.253,0,0,0,-4.73,0.93455,1.905,0,10.32254504,-1
2004,49,4,116.6985,0.253,0,0,0,-5.16,0.94965,1.1,0,10.32265677,-1
2004,49,5,105.2435,0.115,0,0,0,-5.34,0.95345,1.615,0,10.3227226,-1
2004,49,6,93.78,5.382,2.755,1.065,1.12,-5.89,0.9496,2.695,0,10.32276196,-1
2004,49,7,82.768,99.751,42.695,53.62,20.125,-5.645,0.94475,2.27,0,10.3429213,-1
2004,49,8,72.6675,425.937,179,247.47,91.415,-3.64,0.94235,3.05,0,10.34096208,-1
2004,49,9,63.776,780.896,319.1,439.84,130.01,-0.935,0.86325,6.23,0,10.34090713,-1
2004,49,10,56.842,1097.583,414.365,575.37,163.805,1.09,0.8197,7.86,0,10.3409063,-1
2004,49,11,52.703,1235.905,463.91,644.425,181.495,3.02,0.8123,6.935,0,10.34090631,-1
2004,49,12,52.051,1267.438,470.525,650.185,182.17,4.775,0.77495,6.725,0,10.34090624,-1
2004,49,13,55.007,1178.06,431.695,593.94,170.44,6.29,0.7068,7.61,0,10.34090625,-1
2004,49,14,61.0415,979.731,354.235,485.85,147.77,6.92,0.6654,8.43,0,10.34090628,-1
2004,49,15,69.3245,658.007,234.175,314.39,107.38,7.525,0.64915,8.335,0,10.34090637,-1
2004,49,16,79.0775,282.808,99.595,124.775,52.55,6.86,0.74695,6.445,0,10.34090662,-1
2004,49,17,89.6895,27.347,9.835,7.89,5.6,4.57,0.8038,5.645,0,10.34032032,-1
2004,49,18,101.1445,0.437,0.045,0,0.06,3.28,0.80305,4.63,0,10.35476805,-1
2004,49,19,112.5905,0.46,0,0,0.03,2.345,0.82645,4.44,0,10.35639169,-1
2004,49,20,123.887,0.46,0,0,0,2.27,0.81245,4.875,0,10.35650307,-1
2004,49,21,134.559,0.414,0,0,0.01,2.265,0.8042,4.775,0,10.35663074,-1
2004,49,22,143.751,0.46,0,0,0,2.24,0.79665,4.845,0,10.35679384,-1
2004,49,23,149.8705,0.437,0,0,0.01,1.81,0.81515,4.54,0,10.35698483,-1
2004,50,0,150.8685,0.46,0,0,0,1.575,0.8265,3.93,0,10.35718749,-1
2004,50,1,146.293,0.46,0,0,0,1.475,0.8359,3.64,0,10.35739051,-1
2004,50,2,137.923,0.46,0,0,0,1.255,0.85095,2.99,0,10.35757789,-1
2004,50,3,127.6225,0.46,0,0,0,1.37,0.85275,3.3,0,10.35773723,-1
2004,50,4,116.4595,0.46,0,0,0,1.49,0.8531,3.235,0,10.35785723,-1
2004,50,5,105.0065,0.46,0,0,0,1.35,0.85495,3.24,0,10.35792941,-1
2004,50,6,93.5075,6.555,3.385,1.25,1.105,0.95,0.8735,3.075,0,10.35798135,-1
2004,50,7,82.514,127.558,49.64,60.57,19.655,1.36,0.8753,3.545,0,10.38465446,-1
2004,50,8,72.388,334.512,127.735,161.82,43.175,2.355,0.8642,4.53,0,10.38318786,-1
2004,50,9,63.4695,456.711,169.4,218.48,56.865,3.66,0.8462,4.975,0,10.38314757,-1
2004,50,10,56.5085,540.477,197.295,256.69,66.195,5.02,0.8274,4.385,0,10.38314691,-1
2004,50,11,52.3515,947.6,348.415,471.8,126.2,7.47,0.77415,5.595,0,10.38314697,-1
2004,50,12,51.699,1273.671,470.905,641.15,173.18,8.885,0.7586,6.975,0,10.38314717,-1
2004,50,13,54.678,1162.098,423.885,577.19,161.51,10.29,0.7255,7.57,0,10.38314708,-1
2004,50,14,60.746,927.728,332.42,450.49,133.93,11.015,0.708,8.345,0,10.38314695,-1
2004,50,15,69.0605,510.6,181.155,240.085,75.365,10.92,0.7217,7.9,0,10.383147,-1
2004,50,16,78.843,241.017,88.665,111.535,37.66,9.95,0.75985,6.36,0,10.38314715,-1
2004,50,17,89.486,24.564,10.065,8.605,4.03,8.405,0.80495,5.785,0,10.3816659,-1
2004,50,18,100.939,0.46,0.05,0,0.635,6.355,0.85835,5.31,0,10.39470107,-1
2004,50,19,112.3845,0.46,0,0,0.07,6.095,0.85905,5.445,0,10.39602836,-1
2004,50,20,123.6705,0.46,0,0,0,8.115,0.7657,7.055,0,10.39613486,-1
2004,50,21,134.3165,0.437,0,0,0.155,7.88,0.7449,6.32,0,10.39626316,-1
2004,50,22,143.466,0.437,0,0,0.005,7.125,0.78595,4.47,0,10.39642714,-1
2004,50,23,149.535,0.46,0,0,0.005,6.79,0.80165,6.455,0,10.39661781,-1
2004,51,0,150.5145,0.46,0,0,0.27,6.615,0.7891,6.27,0.09525,10.39682185,-1
2004,51,1,145.9685,0.46,0,0,0.21,5.365,0.8153,5.985,0.09525,10.39702494,-1
2004,51,2,137.6365,0.46,0,0,0,5.38,0.8074,6.4,0.09525,10.39721258,-1
2004,51,3,127.3635,0.368,0,0,0.005,6.43,0.7581,7.82,0.09525,10.39737018,-1
2004,51,4,116.215,0.414,0,0,0.225,6.415,0.77605,8.28,0.09525,10.39748708,-1
2004,51,5,104.764,0.46,0,0,0.02,6.27,0.80915,6.73,0.09525,10.39755852,-1
2004,51,6,93.27,5.221,2.995,1.12,0.55,6.085,0.8046,7.235,0.09525,10.39759854,-1
2004,51,7,82.2565,53.682,22.68,22.21,6.06,6.77,0.8262,8.465,0.09525,10.38165234,-1
2004,51,8,72.103,314.985,123.25,154.81,38.14,7.845,0.85695,9.535,0.09525,10.37473745,-1
2004,51,9,63.1595,180.527,64.795,75.34,17.96,9.08,0.8763,9.37,0.09525,10.37454619,-1
2004,51,10,56.1705,107.824,36.615,38.21,8.805,9.555,0.868,9.695,0.09525,10.37454316,-1
2004,51,11,51.996,126.27,41.315,46.475,12.525,8.7,0.8823,13.03,0.09525,10.37454312,-1
2004,51,12,51.346,133.561,45.025,50.975,12.315,4.755,0.9147,13.88,0.09525,10.37454322,-1
2004,51,13,54.3475,120.428,41.29,45.13,10.445,3.45,0.89405,14.365,0.09525,10.37454358,-1
2004,51,14,60.4495,138.713,49.765,56.6,13.52,3.21,0.86085,14.605,0.09525,10.37454315,-1
2004,51,15,68.7985,73.485,26.115,26.66,7.23,3.085,0.8255,12.935,0.09525,10.37454316,-1
2004,51,16,78.608,47.035,17.56,15.765,5.015,2.905,0.80935,12.38,0.09525,10.37413723,-1
2004,51,17,89.2815,4.761,2.285,0.07,0.515,2.77,0.8068,10.59,0.09525,10.29530478,-1
2004,51,18,100.732,0.299,0.09,0,0.03,2.81,0.81855,10.785,0.09525,10.29705531,-1
2004,51,19,112.177,0.391,0,0,0.07,2.83,0.8359,11.44,0.09525,10.29718661,-1
2004,51,20,123.453,0.322,0,0,0.07,2.59,0.82515,11.615,0.09525,10.29726914,-1
2004,51,21,134.073,0.253,0,0,0.455,2.03,0.8232,12.265,0.09525,10.29739114,-1
2004,51,22,143.179,0.253,0,0,0.22,1.31,0.8246,11.795,0.09525,10.29754597,-1
2004,51,23,149.197,0.276,0,0,0.125,1.07,0.8082,10.42,0.09525,10.29772502,-1
2004,52,0,150.1585,0.184,0,0,0.07,0.765,0.8295,9.595,0,10.29791459,-1
2004,52,1,145.6375,0.276,0,0,0.015,0.72,0.8491,9.255,0,10.29810157,-1
2004,52,2,137.3465,0.299,0,0,0.01,0.82,0.848,8.17,0,10.29827808,-1
2004,52,3,127.1005,0.299,0,0,0,0.88,0.84175,7.925,0,10.29842839,-1
2004,52,4,115.965,0.207,0,0,0.005,0.955,0.8244,7.205,0,10.29853978,-1
2004,52,5,104.518,0.253,0,0,0.035,0.995,0.8217,6.675,0,10.2986057,-1
2004,52,6,92.9905,1.472,1.23,0,0.045,0.875,0.84065,7.195,0,10.2986261,-1
2004,52,7,81.996,25.852,10.1,6.585,2.8,1.125,0.81885,7.625,0,10.28718313,-1
2004,52,8,71.816,81.236,29.925,31.885,8.935,1.03,0.8344,6.3,0,10.20969418,-1
2004,52,9,62.8455,172.73,63.245,75.95,19.49,1.165,0.827,7.11,0,10.20742762,-1
2004,52,10,55.8305,216.775,78.355,95.865,24.5,1.585,0.79495,8.265,0,10.20739043,-1
2004,52,11,51.6395,275.724,99.78,124.76,31.62,1.61,0.78435,7.89,0,10.20738997,-1
2004,52,12,50.9905,371.335,137.43,175.395,44.59,2.015,0.75245,7.94,0,10.20739014,-1
2004,52,13,54.0155,259.739,94.355,117.83,30.65,1.91,0.77425,7.445,0,10.20739077,-1
2004,52,14,60.152,300.058,111.355,141.71,36.67,1.885,0.7576,7.355,0,10.20738997,-1
2004,52,15,68.535,230.276,87.21,109.9,28.865,2.12,0.74295,6.22,0,10.20739002,-1
2004,52,16,78.3745,111.895,43.055,50.51,14.01,2.27,0.75365,5.425,0,10.20739015,-1
2004,52,17,89.0385,11.707,5.005,1.815,1.35,2.1,0.75465,4.58,0,10.19766342,-1
2004,52,18,100.5245,0.092,0.075,0,0.045,1.43,0.77255,2.69,0,10.20916988,-1
2004,52,19,111.9715,0.138,0,0,0,0.945,0.78315,1.72,0,10.20978249,-1
2004,52,20,123.2355,0.46,0,0,0,0.655,0.7991,2.405,0,10.20986975,-1
2004,52,21,133.8295,0.345,0,0,0,-0.365,0.8685,2.82,0,10.20999486,-1
2004,52,22,142.8895,0.276,0,0,0,-0.765,0.89575,3.2,0,10.21015155,-1
2004,52,23,148.8575,0.414,0,0,0,-0.93,0.9126,2.655,0,10.21033375,-1
2004,53,0,149.797,0.414,0,0,0,-1.14,0.9176,2.355,0.010583333,10.21053362,-1
2004,53,1,145.3055,0.207,0,0,0,-1.24,0.92425,2.05,0.010583333,10.21072664,-1
2004,53,2,137.0515,0.437,0,0,0,-1.725,0.93635,2.945,0.010583333,10.21090425,-1
2004,53,3,126.833,0.368,0,0,0,-1.67,0.9328,2.615,0.010583333,10.21106018,-1
2004,53,4,115.7135,0.437,0,0,0,-1.495,0.9314,3.02,0.010583333,10.21117735,-1
2004,53,5,104.2675,0.46,0,0,0,-1.545,0.9319,2.31,0.010583333,10.21124946,-1
2004,53,6,92.747,6.026,2.935,1.16,0.725,-1.44,0.92815,2.45,0.010583333,10.21129908,-1
2004,53,7,81.73,108.077,42.1,51.235,16.62,-0.73,0.91655,2.875,0.010583333,10.24152792,-1
2004,53,8,71.5255,444.314,171.555,223.975,64.615,0.26,0.89405,3.07,0.010583333,10.23998791,-1
2004,53,9,62.5275,836.786,325.495,430.71,114.805,1.815,0.8421,4.575,0.010583333,10.2399412,-1
2004,53,10,55.485,1114.948,427.93,579.035,156.19,3.265,0.81425,4.97,0.010583333,10.23994063,-1
2004,53,11,51.278,1258.583,481.045,651.955,174.96,4.97,0.7842,4.785,0.010583333,10.23994044,-1
2004,53,12,50.6315,1243.219,469.195,638.97,173.22,5.975,0.7396,4.79,0.010583333,10.23994052,-1
2004,53,13,53.6825,778.642,289.305,389.61,105.77,6.64,0.70445,4.835,0.010583333,10.23994084,-1
2004,53,14,59.855,508.99,190.73,249.375,66.795,6.9,0.7061,4.945,0.010583333,10.23994048,-1
2004,53,15,68.273,339.25,126.83,163.65,45.42,6.81,0.7199,4.83,0.010583333,10.2399406,-1
2004,53,16,78.14,62.928,23.92,23.87,7.39,6.06,0.77575,3.49,0.010583333,10.23994036,-1
2004,53,17,88.834,15.318,6.635,3.785,1.86,5.295,0.8211,3.515,0.010583333,10.20388762,-1
2004,53,18,100.319,0.23,0.12,0,0.075,4.36,0.83555,3.46,0.010583333,10.21056704,-1
2004,53,19,111.7645,0.23,0,0,0,3.62,0.8431,3.82,0.010583333,10.21098103,-1
2004,53,20,123.016,0.276,0,0,0,3.475,0.83225,3.665,0.010583333,10.21106451,-1
2004,53,21,133.5815,0.276,0,0,0,3.535,0.80725,2.21,0.010583333,10.21118467,-1
2004,53,22,142.599,0.299,0,0,0.04,3.27,0.8128,3.28,0.010583333,10.21133984,-1
2004,53,23,148.514,0.207,0,0,0.05,2.84,0.8311,3.72,0.010583333,10.21151824,-1
2004,54,0,149.436,0.207,0,0,0,2.96,0.80615,4.425,0,10.21170493,-1
2004,54,1,144.9675,0.207,0,0,0.02,2.815,0.80865,4.85,0,10.21189028,-1
2004,54,2,136.752,0.207,0,0,0,2.825,0.8086,4.585,0,10.21206238,-1
2004,54,3,126.5615,0.161,0,0,0.05,2.39,0.8247,4.455,0,10.21220735,-1
2004,54,4,115.455,0.115,0,0,0,2.53,0.79885,5.525,0,10.21231485,-1
2004,54,5,104.014,0.23,0,0,0,2.83,0.77155,5.375,0,10.21237984,-1
2004,54,6,92.4595,3.956,2.06,0.275,0.52,2.63,0.78605,4.96,0,10.21241178,-1
2004,54,7,81.4605,58.719,23.115,23.95,7.58,2.675,0.79695,4.365,0,10.21104503,-1
2004,54,8,71.2315,96.761,36.12,39.36,10.6,3.05,0.79925,4.28,0,10.20615486,-1
2004,54,9,62.206,245.548,90.475,112.135,28.425,4.015,0.77485,5.48,0,10.20600454,-1
2004,54,10,55.1375,156.745,53.85,63.04,16.34,4.935,0.7463,4.615,0,10.20600211,-1
2004,54,11,50.913,245.64,88.13,109.205,27.305,5.125,0.7753,5.275,0,10.20600208,-1
2004,54,12,50.2735,216.223,74.7,90.27,22.43,5.6,0.7891,5.415,0,10.20600211,-1
2004,54,13,53.3485,173.305,62.68,71.92,16.535,5.835,0.8301,3.06,0,10.20600207,-1
2004,54,14,59.5555,82.363,29.635,29.605,7.275,5.915,0.8708,3.015,0,10.20600208,-1
2004,54,15,68.0105,197.708,78.105,93.26,22.58,6.135,0.8777,1.84,0,10.20600201,-1
2004,54,16,77.9075,214.866,89.59,108.55,30.1,6.87,0.87025,1.69,0,10.20600188,-1
2004,54,17,88.5915,23.828,11.16,8.265,2.495,6.015,0.9071,1.315,0,10.20536719,-1
2004,54,18,100.1125,0.46,0.205,0,0.055,5.77,0.89235,2.7,0,10.22562327,-1
2004,54,19,111.558,0.46,0,0,0.555,4.815,0.86245,7.945,0,10.22696051,-1
2004,54,20,122.797,0.368,0,0,0.45,3.685,0.8868,7.5,0,10.22706455,-1
2004,54,21,133.335,0.276,0,0,0.175,2.94,0.9017,5.38,0,10.2271869,-1
2004,54,22,142.305,0.276,0,0,0.22,2.6,0.8997,4.335,0,10.22734089,-1
2004,54,23,148.1695,0.391,0,0,0.36,1.52,0.91825,4.42,0,10.22752337,-1
2004,55,0,149.0685,0.46,0,0,0.055,0.915,0.93855,3.255,0,10.22772378,-1
2004,55,1,144.6265,0.46,0,0,0.02,1.045,0.9334,4.72,0,10.2279255,-1
2004,55,2,136.4465,0.46,0,0,0,1.255,0.90175,4.67,0,10.22811253,-1
2004,55,3,126.285,0.345,0,0,0,1.33,0.89535,5.055,0,10.22826866,-1
2004,55,4,115.193,0.322,0,0,0,1.33,0.90315,4.875,0,10.22838346,-1
2004,55,5,103.756,0.345,0,0,0.005,1.235,0.91705,5.415,0,10.22845272,-1
2004,55,6,92.209,3.151,1.665,0,0.32,1.17,0.91395,5.46,0,10.22848155,-1
2004,55,7,81.186,27.554,10.94,7.18,2.8,1.295,0.90405,4.865,0,10.21187429,-1
2004,55,8,70.935,68.54,25.735,25.485,6.74,1.525,0.88105,5.245,0,10.13337607,-1
2004,55,9,61.883,170.453,63.385,75.105,18.1,1.955,0.8371,5.255,0,10.13115428,-1
2004,55,10,54.787,277.633,103.37,128.21,31.28,2.465,0.83795,6.65,0,10.13111723,-1
2004,55,11,50.5445,548.09,209.96,271.4,67.83,3.035,0.819,8.405,0,10.13111674,-1
2004,55,12,49.9105,338.008,125.935,158.96,40.76,3.265,0.78975,7.95,0,10.13111682,-1
2004,55,13,53.013,276.874,102.21,127.33,32.885,3.42,0.75165,7.34,0,10.13111709,-1
2004,55,14,59.259,199.249,73.505,89.34,23.465,3.395,0.76055,6.515,0,10.13111681,-1
2004,55,15,67.748,115.345,42.665,48.495,13.245,3.375,0.77165,5.355,0,10.13111699,-1
2004,55,16,77.673,85.813,33.33,36.67,10.61,3.29,0.7799,5.8,0,10.13111683,-1
2004,55,17,88.3895,8.303,3.52,0.51,1.36,2.415,0.84595,7.515,0,10.11310817,-1
2004,55,18,99.9055,0.391,0.13,0,0.195,1.805,0.82805,8.8,0,10.12157445,-1
2004,55,19,111.35,0.299,0,0,0.07,1.395,0.78285,7.185,0,10.1219941,-1
2004,55,20,122.577,0.276,0,0,0.27,1.04,0.7969,6.045,0,10.12207765,-1
2004,55,21,133.087,0.46,0,0,0.17,0.195,0.8522,4.96,0,10.1221997,-1
2004,55,22,142.0105,0.253,0,0,0.11,0.045,0.78525,6.435,0,10.12235849,-1
2004,55,23,147.8235,0.299,0,0,0.185,-0.45,0.78155,6.095,0,10.12253653,-1
2004,56,0,148.7005,0.414,0,0,0.04,-0.53,0.79045,5.225,0,10.12273072,-1
2004,56,1,144.2815,0.414,0,0,0.065,-0.655,0.796,5.265,0,10.12292965,-1
2004,56,2,136.1395,0.414,0,0,0.025,-0.74,0.78285,6.11,0,10.12311341,-1
2004,56,3,126.0045,0.299,0,0,0.095,-0.875,0.7797,6.71,0,10.12326732,-1
2004,56,4,114.9285,0.207,0,0,0.105,-1.02,0.78265,5.855,0,10.12337957,-1
2004,56,5,103.493,0.184,0,0,0.04,-1.365,0.7782,5.32,0,10.12344619,-1
2004,56,6,91.918,14.122,6.385,2.95,2.515,-1.48,0.7865,5.66,0,10.12377377,-1
2004,56,7,80.9095,216.775,87.625,113.93,42.93,-0.995,0.7707,6.02,0,10.17660712,-1
2004,56,8,70.6335,580.566,227.5,310.95,100.465,-0.24,0.72245,6.735,0,10.17592262,-1
2004,56,9,61.554,920.322,358.8,491.45,144.515,0.76,0.65185,7.415,0,10.17590081,-1
2004,56,10,54.433,1173.069,459.615,627.26,174.755,1.695,0.65265,8.145,0,10.17590046,-1
2004,56,11,50.1755,1315.692,515.195,701.66,190.41,2.88,0.59785,8.25,0,10.17590052,-1
2004,56,12,49.546,1340.693,521.835,709.43,192.405,4.09,0.5529,7.88,0,10.17590075,-1
2004,56,13,52.6775,1239.585,477.52,647.255,180.205,4.755,0.56465,7.815,0,10.17590057,-1
2004,56,14,58.9595,1027.962,390.13,526.915,155.06,5.3,0.5548,7.625,0,10.17590061,-1
2004,56,15,67.4855,712.862,266.965,357.045,115.595,5.485,0.5732,7.42,0,10.17590047,-1
2004,56,16,77.441,343.85,127.025,164.38,63.79,4.965,0.59745,8.465,0,10.17590049,-1
2004,56,17,88.1865,53.521,20.46,19.135,12.05,3.955,0.633,6.895,0,10.17590041,-1
2004,56,18,99.699,0.161,0.21,0,0.13,2.78,0.67805,6.085,0,10.2329719,-1
2004,56,19,111.1445,0.115,0,0,0.095,1.8,0.71885,4.875,0,10.24345225,-1
2004,56,20,122.3545,0.207,0,0,0.005,1.58,0.70695,5.55,0,10.24371119,-1
2004,56,21,132.836,0.161,0,0,0,1.37,0.6851,7.115,0,10.24382855,-1
2004,56,22,141.7125,0.092,0,0,0.055,1.01,0.6989,7.45,0,10.24397489,-1
2004,56,23,147.472,0.184,0,0,0.145,0.32,0.7395,6.185,0,10.24414474,-1
2004,57,0,148.33,0.276,0,0,0.005,-0.1,0.75325,5.655,0,10.24433192,-1
2004,57,1,143.933,0.184,0,0,0,-0.39,0.746,5.78,0,10.24452026,-1
2004,57,2,135.828,0.092,0,0,0.005,-0.705,0.7498,5.04,0,10.24468879,-1
2004,57,3,125.7185,0.092,0,0,0.005,-1.09,0.7573,5.01,0,10.24483017,-1
2004,57,4,114.6575,0.207,0,0,0.005,-1.365,0.7649,5.73,0,10.2449393,-1
2004,57,5,103.2275,0.138,0,0,0.07,-1.885,0.80055,5.305,0,10.24500651,-1
2004,57,6,91.6605,12.098,4.6,1.545,1.145,-2.26,0.83715,5.315,0,10.24520237,-1
2004,57,7,80.63,230.92,92.02,120.355,45.825,-1.735,0.8203,5.94,0,10.29360261,-1
2004,57,8,70.33,594.021,232.23,317.69,102.85,-0.225,0.7382,5.87,0,10.29284867,-1
2004,57,9,61.225,936.261,364.875,501.3,147.94,1.115,0.68045,6.545,0,10.29282594,-1
2004,57,10,54.076,1188.594,465.85,637.96,178.285,2.645,0.61665,5.77,0,10.29282557,-1
2004,57,11,49.8035,1332.298,523.89,714.905,194.64,4.185,0.56055,5.33,0,10.29282564,-1
2004,57,12,49.1805,1352.975,530.42,721.62,196.46,5.34,0.52205,5.145,0,10.29282586,-1
2004,57,13,52.3385,1253.063,486.005,659.995,184.6,6.025,0.5439,6.04,0,10.29282569,-1
2004,57,14,58.6615,1036.541,396.525,535.835,158.275,6.515,0.5458,6.55,0,10.29282569,-1
2004,57,15,67.2245,713.943,269.295,361.92,118.13,6.465,0.57605,7.07,0,10.29282559,-1
2004,57,16,77.209,347.875,130.185,168.87,65.74,6.01,0.6087,7.08,0,10.2928256,-1
2004,57,17,87.946,54.97,21.105,19.96,12.48,4.78,0.65225,6.1,0,10.29282545,-1
2004,57,18,99.494,0.23,0.24,0,0.08,3.365,0.68805,4.89,0,10.34360133,-1
2004,57,19,110.936,0.092,0,0,0.065,2.075,0.7632,3.87,0,10.35413617,-1
2004,57,20,122.135,0.069,0,0,0.005,1.69,0.77965,3.7,0,10.35439971,-1
2004,57,21,132.584,0,0,0,0.015,1.105,0.7951,3.98,0,10.3545116,-1
2004,57,22,141.4145,0.023,0,0,0.02,0.635,0.80735,4.41,0,10.35465208,-1
2004,57,23,147.1225,0.092,0,0,0.01,0.08,0.8302,4.04,0,10.35481771,-1
2004,58,0,147.955,0,0,0,0.03,-0.19,0.8331,5.21,0,10.35499544,-1
2004,58,1,143.5805,0.161,0,0,0.085,-0.74,0.8531,5.245,0,10.35517353,-1
2004,58,2,135.511,0.391,0,0,0.08,-1.295,0.8737,4.675,0,10.35534928,-1
2004,58,3,125.431,0.023,0,0,0.055,-1.79,0.8871,2.87,0,10.35549901,-1
2004,58,4,114.3845,0.322,0,0,0,-2.12,0.8924,3.065,0,10.35560944,-1
2004,58,5,102.9585,0.299,0,0,0,-2.345,0.88935,3.155,0,10.35568067,-1
2004,58,6,91.3615,18.308,7.735,4.655,3.34,-2.285,0.8809,3.275,0,10.35667289,-1
2004,58,7,80.345,237.958,94.145,124.455,48.74,-1.535,0.8598,3.28,0,10.4034235,-1
2004,58,8,70.023,591.813,235.735,319.88,100.96,-0.36,0.82685,4.43,0,10.40271475,-1
2004,58,9,60.8905,928.027,369.175,501.055,142.64,0.965,0.7997,3.555,0,10.40269444,-1
2004,58,10,53.717,1184.822,466.765,638.99,178.075,3,0.73535,3.065,0,10.40269412,-1
2004,58,11,49.428,1330.297,524.165,715.55,195.38,5,0.6543,2.415,0,10.40269418,-1
2004,58,12,48.811,1359.208,532.365,727.415,199.595,6.545,0.5598,3.585,0,10.40269442,-1
2004,58,13,51.9995,1266.081,489.775,669.475,188.335,7.405,0.48105,4.52,0,10.40269422,-1
2004,58,14,58.363,1053.4,402.095,545.75,161.605,8.36,0.45745,3.5,0,10.40269429,-1
2004,58,15,66.9625,740.025,277.05,372.43,121.475,8.88,0.4459,3.65,0,10.40269414,-1
2004,58,16,76.9775,347.001,127.795,163.825,62.72,8.91,0.4406,2.94,0,10.40269417,-1
2004,58,17,87.743,34.592,13.205,9.245,3.895,7.91,0.4759,2.85,0,10.40254057,-1
2004,58,18,99.2885,0.253,0.345,0,0,6.57,0.5127,3.26,0,10.41105213,-1
2004,58,19,110.7275,0.138,0,0,0,5.6,0.5459,3.145,0,10.413869,-1
2004,58,20,121.9115,0.023,0,0,0.23,3.695,0.62455,4.5,0,10.41399206,-1
2004,58,21,132.332,0.046,0,0,0.04,2.045,0.7137,4.125,0,10.41410212,-1
2004,58,22,141.114,0.161,0,0,0,1.25,0.75665,3.305,0,10.41424634,-1
2004,58,23,146.7685,0.138,0,0,0,0.91,0.7494,3.065,0,10.4144184,-1
2004,59,0,147.5795,0.437,0,0,0,0.085,0.7943,1.315,0,10.41460947,-1
2004,59,1,143.2235,0.46,0,0,0.01,0.415,0.7638,4.05,0,10.41481169,-1
2004,59,2,135.1915,0.368,0,0,0.06,-0.32,0.7819,3.935,0,10.41499838,-1
2004,59,3,125.1385,0.414,0,0,0,-0.06,0.7392,4.155,0,10.41515591,-1
2004,59,4,114.1075,0.368,0,0,0,-0.055,0.7155,3.815,0,10.41527595,-1
2004,59,5,102.6855,0.437,0,0,0,-0.14,0.70865,3.525,0,10.41534937,-1
2004,59,6,91.0975,19.228,9.155,5.535,3.635,-0.745,0.73465,3.095,0,10.41659953,-1
2004,59,7,80.0595,254.932,96.825,125.065,45.765,-0.25,0.73735,2.85,0,10.46104897,-1
2004,59,8,69.713,594.642,234.88,313.31,94.9,2.35,0.70545,3.245,0,10.46033175,-1
2004,59,9,60.554,898.564,343.845,473.97,139.44,4.925,0.6169,4.345,0,10.46031186,-1
2004,59,10,53.3545,1206.327,462.315,641.005,182.125,7.285,0.5387,5.9,0,10.46031155,-1
2004,59,11,49.0505,1278.294,487.27,676.055,187.98,9.41,0.4642,6.49,0,10.46031162,-1
2004,59,12,48.4415,1214.308,461.085,634.34,176.075,10.605,0.41045,6.355,0,10.46031188,-1
2004,59,13,51.6605,1192.435,451.98,620.805,177.1,11.41,0.39245,5.585,0,10.46031163,-1
2004,59,14,58.063,889.042,332.875,454.585,134.06,12.12,0.37505,5.155,0,10.46031184,-1
2004,59,15,66.701,615.894,229.615,308.4,96.41,12.16,0.3973,5.26,0,10.46031163,-1
2004,59,16,76.7455,407.1,148.33,193.58,74.68,12.05,0.4025,5.155,0,10.46031172,-1
2004,59,17,87.5415,36.271,13.715,9.21,4.31,10.4,0.5221,3.585,0,10.4602248,-1
2004,59,18,99.0825,0.483,0.42,0,0,8.835,0.54075,4.305,0,10.46867423,-1
2004,59,19,110.5205,0.345,0,0,0.055,7.255,0.5507,4.88,0,10.47187998,-1
2004,59,20,121.6885,0.092,0,0,0.04,5.995,0.58285,4.715,0,10.47201481,-1
2004,59,21,132.078,0.092,0,0,0,5.405,0.611,5.21,0,10.47212743,-1
2004,59,22,140.813,0.023,0,0,0.005,5.04,0.609,4.125,0,10.47227125,-1
2004,59,23,146.4145,0,0,0,0,4.405,0.6309,2.73,0,10.47243535,-1
2004,60,0,147.201,0.023,0,0,0,4.185,0.6241,2.97,0,10.47261098,-1
2004,60,1,142.866,0.322,0,0,0,3.88,0.6334,4.21,0,10.47279465,-1
2004,60,2,134.867,0.069,0,0,0,3.75,0.64685,4.74,0,10.47296899,-1
2004,60,3,124.8425,0.161,0,0,0,4.23,0.6329,3.765,0,10.47311301,-1
2004,60,4,113.826,0.161,0,0,0,4.265,0.6404,3.02,0,10.47322424,-1
2004,60,5,102.41,0.253,0,0,0,3.685,0.69075,3.41,0,10.47329318,-1
2004,60,6,90.7955,9.936,4.78,2.345,1.2,3.385,0.727,4.45,0,10.47340913,-1
2004,60,7,79.769,121.532,46.645,55.47,16.015,4.255,0.7325,5.23,0,10.50139981,-1
2004,60,8,69.4005,387.987,145.035,190.905,54.595,6.145,0.72155,4.945,0,10.50001239,-1
2004,60,9,60.2155,690.483,259.015,350.845,99.935,8.765,0.68095,6.2,0,10.49997437,-1
2004,60,10,52.9895,1027.157,385.945,531.13,150.245,11.225,0.6285,7.32,0,10.49997378,-1
2004,60,11,48.671,1320.292,497.225,686.745,191.115,13.055,0.58815,9.155,0,10.49997391,-1
2004,60,12,48.0695,1167.917,434.865,599.9,167.72,13.9,0.556,9.555,0,10.49997441,-1
2004,60,13,51.32,886.236,327.635,443.735,124.25,14.07,0.545,8.14,0,10.49997379,-1
2004,60,14,57.7645,780.505,289.345,391.925,114.07,14.385,0.5345,9.07,0,10.49997386,-1
2004,60,15,66.4405,492.016,182.98,242.775,71.875,14.37,0.5451,8.745,0,10.49997407,-1
2004,60,16,76.515,198.674,75.46,94.685,28.995,13.415,0.5865,6.335,0,10.49997382,-1
2004,60,17,87.303,32.591,13.435,12.075,5.28,11.66,0.6046,6.145,0,10.4990698,-1
2004,60,18,98.877,0.115,0.225,0,0.225,10.02,0.64475,5.155,0,10.49830945,-1
2004,60,19,110.313,0.322,0,0,0.145,8.855,0.6769,4.485,0,10.50053378,-1
2004,60,20,121.4655,0.414,0,0,0,8.9,0.65295,4.435,0,10.5006532,-1
2004,60,21,131.823,0.276,0,0,0.09,8.74,0.65435,4.765,0,10.50077549,-1
2004,60,22,140.509,0.368,0,0,0.07,8.415,0.6715,5.265,0,10.50093176,-1
2004,60,23,146.059,0.414,0,0,0.025,8.415,0.6665,6.22,0,10.50111779,-1
2004,61,0,146.82,0.161,0,0,0,8.365,0.69405,5.585,0.116416667,10.50131204,-1
2004,61,1,142.5045,0.414,0,0,0.105,8.675,0.73675,7.17,0.116416667,10.50150369,-1
2004,61,2,134.5395,0.46,0,0,0.05,8.265,0.85855,7.795,0.116416667,10.50169131,-1
2004,61,3,124.541,0.46,0,0,0.04,8.42,0.9036,9.995,0.116416667,10.50185332,-1
2004,61,4,113.5425,0.46,0,0,0,8.37,0.92845,10.45,0.116416667,10.50197621,-1
2004,61,5,102.131,0.46,0,0,0.075,8.825,0.9208,10.74,0.116416667,10.50205172,-1
2004,61,6,90.5265,3.519,1.63,0,0.29,8.825,0.93015,9.555,0.116416667,10.5020869,-1
2004,61,7,79.4765,36.271,13.425,9.86,2.88,9.365,0.9336,9.205,0.116416667,10.4634252,-1
2004,61,8,69.0865,255.53,98.355,119.3,27.23,10.445,0.9226,9.59,0.116416667,10.43616391,-1
2004,61,9,59.8755,285.614,105.91,131.24,31.675,11.4,0.89865,10.735,0.116416667,10.43541859,-1
2004,61,10,52.6215,971.911,363.59,491.305,132.915,13.09,0.8318,12.995,0.116416667,10.43540654,-1
2004,61,11,48.288,1247.428,463.595,637.055,177.51,14.59,0.74255,13.88,0.116416667,10.43540651,-1
2004,61,12,47.6975,1363.371,506.89,697.67,195.22,15.465,0.68735,14.555,0.116416667,10.43540639,-1
2004,61,13,50.9805,1269.991,467.035,641.215,182.56,16.305,0.6535,14.655,0.116416667,10.43540643,-1
2004,61,14,57.467,824.596,298.15,401.93,117.775,16.69,0.64005,14.09,0.116416667,10.43540658,-1
2004,61,15,66.18,455.078,164.46,215.275,65.09,16.95,0.52165,14.085,0.116416667,10.43540705,-1
2004,61,16,76.2835,185.679,68.63,84.845,26.955,16.145,0.558,13.195,0.116416667,10.43540641,-1
2004,61,17,87.1025,26.91,10.735,8.19,4.045,15.36,0.60195,11.49,0.116416667,10.43216672,-1
2004,61,18,98.673,0.207,0.245,0,0.215,14.66,0.6481,9.92,0.116416667,10.43274515,-1
2004,61,19,110.104,0.023,0,0,0.825,13.05,0.62855,7.69,0.116416667,10.4341226,-1
2004,61,20,121.24,0,0,0,0.745,10.605,0.5707,6.38,0.116416667,10.43421671,-1
2004,61,21,131.567,0,0,0,0.345,9.205,0.6247,7.355,0.116416667,10.43432454,-1
2004,61,22,140.2045,0.023,0,0,0.125,8.61,0.64995,8.21,0.116416667,10.4344647,-1
2004,61,23,145.7,0.023,0,0,0.135,8.33,0.6628,8.795,0.116416667,10.43462828,-1
2004,62,0,146.4375,0,0,0,0,8.75,0.65255,8.38,0,10.43480472,-1
2004,62,1,142.1395,0,0,0,0.44,8.24,0.64935,10.615,0,10.43497934,-1
2004,62,2,134.209,0,0,0,0.09,7.78,0.67555,9.16,0,10.43514191,-1
2004,62,3,124.2375,0,0,0,0.07,7.52,0.7121,8.6,0,10.43528116,-1
2004,62,4,113.254,0.023,0,0,0.085,7.265,0.74785,8.06,0,10.43538738,-1
2004,62,5,101.848,0.184,0,0,0.3,6.785,0.7941,6.385,0,10.43545473,-1
2004,62,6,90.2175,21.919,9.125,7.47,3.355,5.89,0.8414,4.675,0,10.43813607,-1
2004,62,7,79.181,246.744,97.055,124.99,44.21,6.475,0.8488,4.32,0,10.48364548,-1
2004,62,8,68.768,488.727,185.02,247.775,77.435,7.645,0.80885,5.965,0,10.48297743,-1
2004,62,9,59.53,477.641,178.26,236.61,65.625,8.56,0.76125,5.595,0,10.48295872,-1
2004,62,10,52.253,804.77,302.905,411.165,112.605,9.415,0.707,4.715,0,10.48295843,-1
2004,62,11,47.9045,1000.776,376.625,510.6,139.69,10.21,0.6527,5.185,0,10.48295851,-1
2004,62,12,47.3225,1093.236,409.87,558.705,150.86,10.83,0.612,6,0,10.48295883,-1
2004,62,13,50.64,523.388,191.93,253.2,67.5,10.84,0.6107,5.23,0,10.48295848,-1
2004,62,14,57.1665,471.914,173.73,228.465,61.93,11.1,0.60675,4.955,0,10.48295862,-1
2004,62,15,65.9215,438.288,162.35,214.87,63.97,11.455,0.5973,4.655,0,10.48295909,-1
2004,62,16,76.0535,184.529,68.74,84.82,25.285,11.305,0.6177,4.455,0,10.48295845,-1
2004,62,17,86.862,26.151,10.5,7.735,3.305,10.64,0.6609,3.415,0,10.4792167,-1
2004,62,18,98.4675,0.138,0.245,0,0.405,9.575,0.71575,3.905,0,10.47979083,-1
2004,62,19,109.895,0.184,0,0,0.565,7.465,0.7924,3.96,0,10.48108316,-1
2004,62,20,121.0165,0.069,0,0,0.18,6.185,0.8199,3.58,0,10.48117925,-1
2004,62,21,131.3085,0.437,0,0,0.025,5.285,0.8252,3.62,0,10.48129644,-1
2004,62,22,139.897,0.46,0,0,0.02,4.73,0.8453,3.12,0,10.48145927,-1
2004,62,23,145.3395,0.437,0,0,0.07,3.615,0.886,2.875,0,10.48164973,-1
2004,63,0,146.053,0.437,0,0,0.015,3.585,0.8604,3.035,0,10.48185204,-1
2004,63,1,141.773,0.437,0,0,0,3.055,0.8824,1.92,0,10.4820545,-1
2004,63,2,133.8745,0.437,0,0,0,2.84,0.88975,0.65,0,10.48224278,-1
2004,63,3,123.9315,0.46,0,0,0,2.365,0.9139,0.58,0,10.48240349,-1
2004,63,4,112.964,0.46,0,0,0,2.1,0.92395,0.77,0,10.48252645,-1
2004,63,5,101.5635,0.46,0,0,0,1.98,0.9278,1.305,0,10.4826018,-1
2004,63,6,89.945,4.738,2.565,0.245,0.45,2.075,0.93795,1.66,0,10.48264467,-1
2004,63,7,78.883,69.874,27.05,28.905,7.875,2.54,0.9391,1.045,0,10.48617194,-1
2004,63,8,68.4485,141.749,52.53,61.465,16.09,3.63,0.91705,0.935,0,10.48251308,-1
2004,63,9,59.1865,204.125,73,88.59,22.885,4.29,0.8768,1.5,0,10.48241086,-1
2004,63,10,51.8815,357.765,125.13,160.595,42.315,4.99,0.8291,2.74,0,10.48240924,-1
2004,63,11,47.5165,783.817,283.565,378.655,101.2,6.33,0.74985,3.65,0,10.48240926,-1
2004,63,12,46.947,792.235,285.705,381.225,101.48,7.62,0.7145,3.395,0,10.48240921,-1
2004,63,13,50.2965,541.995,194.31,252.655,66.225,8.39,0.71975,3.62,0,10.48240922,-1
2004,63,14,56.87,458.965,166.005,215.635,57.72,9.455,0.7391,3.57,0,10.48240924,-1
2004,63,15,65.663,248.584,90.52,113.025,30.62,9.78,0.76635,3.315,0,10.48240928,-1
2004,63,16,75.8255,104.443,38.19,42.57,12.195,9.735,0.79345,1.825,0,10.48240939,-1
2004,63,17,86.6645,9.108,3.975,0.45,1.11,9.34,0.8322,1.755,0,10.45713408,-1
2004,63,18,98.263,0.46,0.41,0,0.045,8.785,0.87275,1.455,0,10.46031912,-1
2004,63,19,109.6875,0.46,0,0,0,8.125,0.93535,1.42,0,10.46077895,-1
2004,63,20,120.7895,0.46,0,0,0,7.875,0.9585,2.375,0,10.46086801,-1
2004,63,21,131.0505,0.46,0,0,0.005,7.885,0.96995,3.83,0,10.46099494,-1
2004,63,22,139.5885,0.46,0,0,0.01,7.82,0.97375,3.61,0,10.46115927,-1
2004,63,23,144.9775,0.46,0,0,0.005,7.815,0.974,1.475,0,10.46135026,-1
2004,64,0,145.6665,0.46,0,0,0.045,7.79,0.9747,1.645,1.534583333,10.46155447,-1
2004,64,1,141.402,0.46,0,0,0.08,7.67,0.976,3.005,1.534583333,10.46175771,-1
2004,64,2,133.537,0.46,0,0,0.02,7.565,0.97685,2.35,1.534583333,10.46194751,-1
2004,64,3,123.6215,0.46,0,0,0.125,7.395,0.97605,2.495,1.534583333,10.46210878,-1
2004,64,4,112.6705,0.46,0,0,0.03,7.2,0.9764,2.84,1.534583333,10.46223102,-1
2004,64,5,101.2755,0.46,0.04,0,0.015,7.2,0.9763,2.92,1.534583333,10.4623058,-1
2004,64,6,89.632,7.061,3.265,0.45,0.635,7.13,0.976,3.08,1.534583333,10.46236926,-1
2004,64,7,78.5835,47.909,17.985,14.595,3.985,7.325,0.976,3.765,1.534583333,10.43998394,-1
2004,64,8,68.1275,101.614,36.595,37.575,8.185,7.71,0.9736,4.51,1.534583333,10.43097909,-1
2004,64,9,58.8385,164.289,58.19,65.055,12.87,8.04,0.967,5.31,1.534583333,10.43072793,-1
2004,64,10,51.507,153.686,53.855,58.595,11.525,8.49,0.9456,6.705,1.534583333,10.4307239,-1
2004,64,11,47.1295,163.737,56.94,62.205,11.655,8.765,0.9408,6.595,1.534583333,10.43072383,-1
2004,64,12,46.5705,99.222,31.755,31.815,5.8,8.795,0.9482,5.67,1.534583333,10.43072385,-1
2004,64,13,49.956,89.608,28.825,28.58,5.32,8.775,0.9578,5.2,1.534583333,10.43072388,-1
2004,64,14,56.5725,52.463,16.355,14.07,2.895,8.715,0.96405,7.07,1.534583333,10.43063295,-1
2004,64,15,65.405,45.908,14.82,12.35,2.635,8.865,0.9663,7.975,1.534583333,10.42596897,-1
2004,64,16,75.5975,18.883,6.885,2.485,0.955,9.415,0.9691,7.365,1.534583333,10.20588129,-1
2004,64,17,86.466,6.693,3.04,0.205,0.36,10.035,0.9752,7.015,1.534583333,10.18190713,-1
2004,64,18,98.058,0.506,0.17,0,0.045,10.255,0.9793,6.445,1.534583333,10.1819199,-1
2004,64,19,109.478,0.46,0,0,0.015,11.215,0.9818,5.53,1.534583333,10.18196182,-1
2004,64,20,120.563,0.46,0,0,0.185,11.69,0.9807,5.1,1.534583333,10.18204471,-1
2004,64,21,130.79,0.46,0,0,0.06,12.085,0.97065,5.34,1.534583333,10.18217302,-1
2004,64,22,139.2785,0.46,0,0,0.175,13.735,0.89345,6.52,1.534583333,10.18233829,-1
2004,64,23,144.6135,0.46,0,0,0,14.915,0.8634,8.955,1.534583333,10.18252917,-1
2004,65,0,145.278,0.46,0,0,0.09,15.3,0.90275,12.33,0.15875,10.18273256,-1
2004,65,1,141.0305,0.46,0,0,0.065,15.41,0.8966,8.93,0.15875,10.18293519,-1
2004,65,2,133.197,0.46,0,0,0,16.06,0.86195,10.515,0.15875,10.18312211,-1
2004,65,3,123.3085,0.46,0,0,0.485,16.405,0.8745,13.065,0.15875,10.183281,-1
2004,65,4,112.3725,0.46,0,0,0.99,15.57,0.8896,11.645,0.15875,10.18340056,-1
2004,65,5,100.985,0.46,0.035,0,0.33,14.95,0.79725,12.285,0.15875,10.18347244,-1
2004,65,6,89.355,34.201,13.765,11.4,4.335,14.115,0.7835,12.63,0.15875,10.22210281,-1
2004,65,7,78.2805,306.843,121.145,146.24,41.11,14.23,0.7642,14.15,0.15875,10.25184698,-1
2004,65,8,67.804,603.405,234.295,295.905,74.795,14.965,0.72985,16.795,0.15875,10.25150949,-1
2004,65,9,58.4885,626.612,241.275,305.845,72.655,15.295,0.72955,17.55,0.15875,10.25149982,-1
2004,65,10,51.131,1142.042,434.89,574.02,141.165,15.8,0.6899,18.175,0.15875,10.25149972,-1
2004,65,11,46.7395,1406.657,531.535,712.02,177.995,15.985,0.671,16.26,0.15875,10.25149993,-1
2004,65,12,46.1925,1160.879,432.11,579.56,149.24,16.055,0.6715,14.925,0.15875,10.2514998,-1
2004,65,13,49.6135,851.713,313.73,416.205,108.78,15.59,0.6671,13.33,0.15875,10.25149975,-1
2004,65,14,56.2765,1085.761,392.785,528.67,147.575,14.455,0.6724,11.745,0.15875,10.2514997,-1
2004,65,15,65.149,774.042,275.415,369.27,111.005,12.87,0.6958,9.44,0.15875,10.25149973,-1
2004,65,16,75.3705,416.599,146.74,192.535,64.95,11.395,0.7283,8.48,0.15875,10.25149982,-1
2004,65,17,86.2275,84.042,29.49,33.195,16.365,8.94,0.76175,9.86,0.15875,10.2515,-1
2004,65,18,97.8545,0.759,0.29,0,0.745,7.125,0.7893,7.81,0.15875,10.32083246,-1
2004,65,19,109.269,0.46,0,0,0.17,6.195,0.8087,4.91,0.15875,10.34639217,-1
2004,65,20,120.336,0.437,0,0,0,5.96,0.8119,3.96,0.15875,10.34692709,-1
2004,65,21,130.528,0.276,0,0,0.025,5.8,0.78915,5.05,0.15875,10.3470573,-1
2004,65,22,138.9685,0.299,0,0,0.02,5.57,0.78145,4.27,0.15875,10.34721293,-1
2004,65,23,144.2505,0.207,0,0,0.025,5.34,0.7959,3.43,0.15875,10.34739157,-1
2004,66,0,144.888,0.161,0,0,0.05,5.01,0.7982,3.635,0,10.34757752,-1
2004,66,1,140.656,0.23,0,0,0,4.855,0.8002,3.715,0,10.34776255,-1
2004,66,2,132.855,0.115,0,0,0.03,4.565,0.80315,4.41,0,10.34793335,-1
2004,66,3,122.993,0.391,0,0,0,4.44,0.81985,4.03,0,10.34808092,-1
2004,66,4,112.075,0.115,0,0,0.04,4.355,0.8163,5.28,0,10.34819363,-1
2004,66,5,100.6925,0.138,0.075,0,0.02,4.025,0.80815,5.44,0,10.34825836,-1
2004,66,6,89.037,14.306,6.545,4.235,2.06,3.94,0.8014,3.795,0,10.34855531,-1
2004,66,7,77.976,114.747,44.305,51.02,13.77,4.115,0.81685,3.245,0,10.37900757,-1
2004,66,8,67.4785,279.841,106.02,134.23,34.95,4.585,0.815,6.415,0,10.37776915,-1
2004,66,9,58.1365,547.538,207.495,272.49,70.685,4.97,0.77825,7.37,0,10.37773501,-1
2004,66,10,50.755,642.804,242.2,320.31,83.81,5.61,0.71655,7.99,0,10.37773445,-1
2004,66,11,46.3495,695.658,262.13,347.885,90.49,6.06,0.69155,7.37,0,10.37773451,-1
2004,66,12,45.814,802.861,304,405.09,106.175,6.665,0.66075,7.085,0,10.37773474,-1
2004,66,13,49.2725,842.881,316.355,424.885,113.86,7.3,0.61035,7.02,0,10.37773457,-1
2004,66,14,55.9785,962.113,360.335,488.145,138.935,7.765,0.58005,6.245,0,10.37773456,-1
2004,66,15,64.891,802.309,297.145,399.65,124.41,8.475,0.5523,5.015,0,10.37773447,-1
2004,66,16,75.1435,395.094,143.79,187.36,66.5,8.69,0.55205,5.035,0,10.37773448,-1
2004,66,17,86.031,83.628,33.325,36.5,15.835,7.8,0.65345,5.05,0,10.37773449,-1
2004,66,18,97.6505,0.506,0.505,0,0.29,6.07,0.7548,4.18,0,10.43873068,-1
2004,66,19,109.06,0.138,0,0,0.015,5.225,0.78835,4.965,0,10.4620288,-1
2004,66,20,120.109,0.069,0,0,0,4.72,0.7914,4.73,0,10.46252986,-1
2004,66,21,130.2665,0.069,0,0,0,4.41,0.79455,5.08,0,10.46264737,-1
2004,66,22,138.656,0.115,0,0,0.005,3.915,0.807,4.435,0,10.46279201,-1
2004,66,23,143.884,0.207,0,0,0,3.585,0.8083,5.055,0,10.46296464,-1
2004,67,0,144.496,0.276,0,0,0,4.03,0.80535,6.05,0,10.46315379,-1
2004,67,1,140.279,0.46,0,0,0,5.72,0.77455,7.655,0,10.46334999,-1
2004,67,2,132.51,0.46,0,0,0,6.995,0.7512,7.525,0,10.46353837,-1
2004,67,3,122.6755,0.276,0,0,0.12,7.715,0.7134,8.34,0,10.46369495,-1
2004,67,4,111.7725,0.023,0,0,0.22,7.005,0.68875,8.34,0,10.46380565,-1
2004,67,5,100.397,0.184,0.06,0,0.33,6.16,0.6858,9.81,0,10.46387087,-1
2004,67,6,88.7555,36.041,14.4,13.425,5.54,5.02,0.6871,10.345,0,10.50650232,-1
2004,67,7,77.668,296.907,115.22,149.605,50.545,4.96,0.7025,9.725,0,10.52655421,-1
2004,67,8,67.151,728.157,280.29,379.79,115.67,5.795,0.6834,11.74,0,10.52621182,-1
2004,67,9,57.7835,1017.888,391.64,534.23,151.98,6.18,0.6457,14.345,0,10.52620304,-1
2004,67,10,50.377,1138.891,440.25,599.03,163.06,6.195,0.62395,15.09,0,10.526203,-1
2004,67,11,45.9585,1290.737,498.43,676.53,179.175,6.68,0.6029,14.155,0,10.52620294,-1
2004,67,12,45.4345,1144.25,439.505,597.035,161.115,7.595,0.56455,15.18,0,10.52620302,-1
2004,67,13,48.9315,1238.458,475.655,646.39,175.865,8.295,0.5083,16.045,0,10.52620292,-1
2004,67,14,55.684,1023.822,386.93,526.76,152.285,8.035,0.4774,16.935,0,10.52620293,-1
2004,67,15,64.6365,537.165,200.84,268.235,80.435,7.15,0.4652,17.24,0,10.52620297,-1
2004,67,16,74.9175,355.074,132.085,173.745,61.305,6.555,0.4806,15.865,0,10.52620305,-1
2004,67,17,85.833,76.843,28.325,30.765,14.845,5.53,0.53685,11.645,0,10.5262032,-1
2004,67,18,97.4475,0.529,0.505,0,0.545,4.5,0.5939,10.74,0,10.57976619,-1
2004,67,19,108.851,0.046,0,0,0.765,2.865,0.59985,10.35,0,10.59885539,-1
2004,67,20,119.8805,0.207,0,0,0.09,1.965,0.62085,8.665,0,10.59929207,-1
2004,67,21,130.004,0.184,0,0,0.01,1.88,0.64075,6.98,0,10.59941393,-1
2004,67,22,138.342,0.207,0,0,0.05,1.86,0.6426,8.73,0,10.59956497,-1
2004,67,23,143.5175,0.161,0,0,0.17,1.565,0.65035,8.82,0,10.59973987,-1
2004,68,0,144.105,0.207,0,0,0.1,1.24,0.67845,7.39,0,10.59992595,-1
2004,68,1,139.9005,0.253,0,0,0.06,1.095,0.68415,7.115,0,10.60011513,-1
2004,68,2,132.1615,0.184,0,0,0.18,0.78,0.70475,5.795,0,10.60029039,-1
2004,68,3,122.353,0.23,0,0,0.1,0.39,0.7264,6.025,0,10.60043799,-1
2004,68,4,111.469,0.138,0,0,0.11,0.14,0.73125,5.785,0,10.60054948,-1
2004,68,5,100.0995,0.138,0.12,0,0.15,-0.17,0.7337,5.84,0,10.60061604,-1
2004,68,6,88.4345,37.237,14.375,13.065,4.825,-0.63,0.7507,5.1,0,10.64428104,-1
2004,68,7,77.3615,322.552,132.08,171.44,57.995,-0.075,0.70805,4.96,0,10.65922472,-1
2004,68,8,66.821,484.771,189.59,252.375,73.01,0.48,0.6837,5.71,0,10.65888577,-1
2004,68,9,57.431,951.671,373.875,504.74,140.125,1.05,0.66895,4.725,0,10.65887758,-1
2004,68,10,49.995,1218.333,474.88,644.28,172.425,2.12,0.63165,4.74,0,10.65887761,-1
2004,68,11,45.562,1374.526,533.68,726.03,191.325,3.575,0.58225,4.185,0,10.65887746,-1
2004,68,12,45.0535,1134.981,431.14,585.635,155.725,5.035,0.50435,5.15,0,10.65887748,-1
2004,68,13,48.5905,766.59,285.635,380.27,99.86,5.78,0.44215,5.295,0,10.65887756,-1
2004,68,14,55.3885,371.634,134.9,171.68,43.895,5.94,0.42735,5.285,0,10.65887782,-1
2004,68,15,64.3815,174.501,61.455,73.78,19.615,5.62,0.45555,5.925,0,10.65887752,-1
2004,68,16,74.694,87.193,30.255,33.095,9.975,2.915,0.71365,4.575,0,10.65887762,-1
2004,68,17,85.599,25.047,10.105,7.105,3.695,1.31,0.89795,3.36,0,10.64134486,-1
2004,68,18,97.2445,0.552,0.51,0,0.06,0.94,0.9386,3.57,0,10.63872895,-1
2004,68,19,108.6425,0.46,0,0,0,1.18,0.9223,3.805,0,10.63975115,-1
2004,68,20,119.651,0.368,0,0,0,1.32,0.90535,3.86,0,10.63985279,-1
2004,68,21,129.7405,0.437,0,0,0,1.465,0.898,3.88,0,10.63997981,-1
2004,68,22,138.026,0.368,0,0,0,1.5,0.8912,3.93,0,10.64014394,-1
2004,68,23,143.149,0.368,0,0,0,1.595,0.8875,3.335,0,10.64033055,-1
2004,69,0,143.7105,0.276,0,0,0,1.64,0.88135,3.605,0,10.64052795,-1
2004,69,1,139.521,0.368,0,0,0.02,1.575,0.89425,4.065,0,10.64072217,-1
2004,69,2,131.8115,0.414,0,0,0.29,1.215,0.89995,5.79,0,10.64090675,-1
2004,69,3,122.0305,0.437,0,0,0.12,0.63,0.91965,5.11,0,10.64106474,-1
2004,69,4,111.163,0.437,0,0,0.08,0.78,0.8845,4.675,0,10.64118458,-1
2004,69,5,99.8005,0.414,0.19,0,0.085,0.655,0.8521,4.95,0,10.64125634,-1
2004,69,6,88.15,46.805,21.095,21.74,9.29,0.48,0.8051,5.54,0,10.70766148,-1
2004,69,7,77.0495,299.161,122.29,156.455,49.745,0.475,0.80525,6.38,0,10.71316289,-1
2004,69,8,66.4915,691.311,276.63,366.665,105.6,0.995,0.73295,7.77,0,10.71299099,-1
2004,69,9,57.0745,871.999,339.855,460.995,128.81,1.77,0.63095,8.505,0,10.71298705,-1
2004,69,10,49.6125,587.696,220.395,294.38,78.555,1.62,0.6583,8.7,0,10.71298724,-1
2004,69,11,45.1705,669.76,254.45,337.58,89.115,2.345,0.5878,7.97,0,10.71298712,-1
2004,69,12,44.6735,586.983,221.115,291.62,76.645,2.745,0.56,7.47,0,10.71298754,-1
2004,69,13,48.2485,523.066,196.16,258.49,68.73,3.26,0.54595,6.74,0,10.71298703,-1
2004,69,14,55.094,350.083,131.6,170.07,45.485,3.385,0.55025,6.565,0,10.71298711,-1
2004,69,15,64.1295,172.017,64.8,78.965,21.78,3.345,0.5811,5.765,0,10.71298738,-1
2004,69,16,74.4685,132.618,50.535,59.84,17.925,3.27,0.59105,5.88,0,10.71298703,-1
2004,69,17,85.4035,39.376,16.045,14.535,5.815,2.825,0.6381,4.31,0,10.71271081,-1
2004,69,18,97.0415,0.552,0.65,0,0.09,2.495,0.6535,3.365,0,10.72446627,-1
2004,69,19,108.4325,0,0,0,0.085,1.635,0.66965,2.83,0,10.72841155,-1
2004,69,20,119.4225,0.046,0,0,0.01,0.585,0.7244,2.5,0,10.72856121,-1
2004,69,21,129.4755,0.069,0,0,0,0.63,0.712,2.51,0,10.72867603,-1
2004,69,22,137.71,0.023,0,0,0,-0.015,0.73545,2.615,0,10.7288221,-1
2004,69,23,142.78,0.069,0,0,0,-1.14,0.77725,3.015,0,10.72899017,-1
2004,70,0,143.316,0.207,0,0,0,-1.47,0.7975,1.435,0,10.72917387,-1
2004,70,1,139.139,0.092,0,0,0,-1.565,0.7995,2.145,0,10.72935854,-1
2004,70,2,131.4605,0.023,0,0,0,-1.93,0.8174,2.735,0,10.72952472,-1
2004,70,3,121.705,0.023,0,0,0,-2.58,0.84575,3.465,0,10.72966295,-1
2004,70,4,110.854,0,0,0,0,-2.635,0.85045,2.73,0,10.72976675,-1
2004,70,5,99.4995,0.092,0.295,0,0,-2.975,0.87005,1.755,0,10.7298292,-1
2004,70,6,87.8265,57.362,24.445,24.615,11.555,-2.87,0.86805,2.595,0,10.80588277,-1
2004,70,7,76.7385,388.033,143.955,191.905,66.245,-1.07,0.8318,4.365,0,10.80813866,-1
2004,70,8,66.1605,749.639,293.42,394.235,114.805,1.09,0.7612,6.085,0,10.80803362,-1
2004,70,9,56.7165,1090.108,418.055,574.945,162.525,2.67,0.6376,8.11,0,10.80803134,-1
2004,70,10,49.2315,1334.23,513.51,705.07,191.055,3.81,0.5802,8.565,0,10.8080313,-1
2004,70,11,44.772,1472.552,568.5,777.75,206.205,4.865,0.56245,8.885,0,10.80803136,-1
2004,70,12,44.2915,1488.836,573.225,782.145,207.655,5.945,0.54945,8.725,0,10.80803161,-1
2004,70,13,47.908,1387.406,529.86,722.78,196.71,6.935,0.52165,9.56,0,10.8080314,-1
2004,70,14,54.8015,1124.608,421.9,575.985,165.085,7.75,0.501,9.815,0,10.80803154,-1
2004,70,15,63.878,795.938,294.02,397.96,122.965,8.355,0.48485,10.34,0,10.80803133,-1
2004,70,16,74.2475,470.925,171.415,226.61,82.65,8.355,0.4742,10.48,0,10.80803131,-1
2004,70,17,85.208,70.679,25.47,25.685,11.55,7.285,0.52065,9.115,0,10.80803123,-1
2004,70,18,96.8395,0.966,0.555,0,0.25,6.17,0.5784,7.605,0,10.85264334,-1
2004,70,19,108.2225,0.023,0,0,0.06,5.78,0.6282,6.43,0,10.86813209,-1
2004,70,20,119.192,0.046,0,0,0.15,5.235,0.67115,4.845,0,10.86851459,-1
2004,70,21,129.208,0,0,0,0.005,4.935,0.69705,5.51,0,10.86863224,-1
2004,70,22,137.3935,0.046,0,0,0,5.26,0.683,6.415,0,10.86877737,-1
2004,70,23,142.4095,0.023,0,0,0,5.25,0.7023,6.125,0,10.86894591,-1
2004,71,0,142.92,0.115,0,0,0,5.5,0.6909,6.845,0,10.86912647,-1
2004,71,1,138.7535,0.115,0,0,0,5.85,0.669,6.95,0,10.86930864,-1
2004,71,2,131.105,0.023,0,0,0.34,5.905,0.6926,7.97,0,10.8694754,-1
2004,71,3,121.377,0.023,0,0,0.42,4.38,0.77615,6.345,0,10.86961351,-1
2004,71,4,110.5425,0,0,0,0.42,3.435,0.75525,5.275,0,10.86971704,-1
2004,71,5,99.1955,0.138,0.295,0,0.45,1.72,0.7944,4.205,0,10.86977952,-1
2004,71,6,87.5395,56.856,23.34,24.14,10.28,1.05,0.8074,4.8,0,10.93823245,-1
2004,71,7,76.425,369.265,144.155,191.63,65.69,2.425,0.7639,6.24,0,10.93964329,-1
2004,71,8,65.829,757.482,291.305,397.905,120.875,4.53,0.64125,9.59,0,10.93952733,-1
2004,71,9,56.359,1094.639,423.16,578.475,162.805,5.77,0.5132,11.775,0,10.93952492,-1
2004,71,10,48.8465,1386.417,537.31,735.115,197.985,6.515,0.46515,14.205,0,10.9395249,-1
2004,71,11,44.3765,1095.996,418.815,568.43,149.82,6.64,0.4655,14.205,0,10.93952503,-1
2004,71,12,43.9105,1306.561,502.82,684.515,183.17,6.645,0.45885,15.485,0,10.93952551,-1
2004,71,13,47.567,1107.91,423.64,574.44,155.595,6.9,0.43665,15.965,0,10.93952491,-1
2004,71,14,54.5115,1099.837,415.18,566.64,162.225,5.81,0.46175,14.805,0,10.93952498,-1
2004,71,15,63.6255,853.944,315.24,430.45,135.415,2.4,0.50815,14.605,0,10.93952519,-1
2004,71,16,74.0245,471.109,171.65,230.37,84.32,0.025,0.52105,14.815,0,10.93952493,-1
2004,71,17,84.9765,111.964,39.805,46.925,24.725,-1.84,0.54695,13.325,0,10.93952497,-1
2004,71,18,96.6375,1.311,0.575,0,0.635,-3.4,0.57365,11.36,0,10.98229889,-1
2004,71,19,108.013,0.161,0,0,0.335,-4.085,0.59105,10.58,0,11.01117463,-1
2004,71,20,118.961,0.368,0,0,0.27,-4.515,0.6007,10.545,0,11.01184524,-1
2004,71,21,128.9405,0.115,0,0,0.24,-4.885,0.5991,10.315,0,11.01197643,-1
2004,71,22,137.0745,0.069,0,0,0.185,-5.255,0.6062,9.92,0,11.01212588,-1
2004,71,23,142.0385,0.115,0,0,0.08,-5.305,0.6107,8.83,0,11.01229685,-1
2004,72,0,142.5225,0.092,0,0,0,-4.955,0.6163,8.885,0,11.01248114,-1
2004,72,1,138.369,0.115,0,0,0.205,-4.835,0.6427,7.385,0,11.01266293,-1
2004,72,2,130.749,0.138,0,0,0.315,-5.3,0.6655,7.665,0,11.01283254,-1
2004,72,3,121.048,0,0,0,0.49,-6.625,0.7186,6.24,0,11.01297437,-1
2004,72,4,110.23,0,0,0,0.2,-7.095,0.7123,6.17,0,11.0130773,-1
2004,72,5,98.892,0.138,0.275,0,0.32,-7.73,0.70235,6.625,0,11.01313993,-1
2004,72,6,87.213,55.545,23.725,24.75,9.56,-7.795,0.71065,5.135,0,11.07377924,-1
2004,72,7,76.1115,352.291,141.22,187.075,60.75,-7.39,0.68765,5.745,0,11.0744136,-1
2004,72,8,65.4935,706.56,277.88,373.975,110.19,-6.57,0.6484,6.34,0,11.07428188,-1
2004,72,9,56.0005,1098.825,433.14,587.675,163.39,-5.59,0.6097,6.15,0,11.07427924,-1
2004,72,10,48.4615,1350.376,534.805,725.26,192.31,-4.3,0.5674,5.66,0,11.0742792,-1
2004,72,11,43.978,1488.744,590.53,800.305,208.08,-2.84,0.5265,5.74,0,11.07427928,-1
2004,72,12,43.5275,1507.075,595.335,805.695,209.92,-1.255,0.4809,5.685,0,11.07427959,-1
2004,72,13,47.228,1405.254,548.38,743.86,199.255,0.265,0.4385,6.39,0,11.07427926,-1
2004,72,14,54.218,1183.235,453.675,616.43,174.29,1.585,0.40965,6.915,0,11.0742794,-1
2004,72,15,63.375,866.571,325.735,440.665,136.44,2.34,0.3642,7.7,0,11.07427937,-1
2004,72,16,73.805,475.824,176.465,234.345,84.54,2.53,0.34245,6.755,0,11.07427921,-1
2004,72,17,84.7825,117.116,44.165,49.67,25.135,2.03,0.38415,4.22,0,11.07427922,-1
2004,72,18,96.435,1.288,1.195,0,0.17,0.705,0.4445,2.61,0,11.11159227,-1
2004,72,19,107.8025,0.069,0,0,0,0.155,0.4357,1.73,0,11.13976079,-1
2004,72,20,118.7295,0.276,0,0,0,-0.63,0.4859,1.055,0,11.14043938,-1
2004,72,21,128.674,0.207,0,0,0.02,-1.52,0.5425,1.12,0,11.14057053,-1
2004,72,22,136.7555,0.138,0,0,0,-1.715,0.5353,0.93,0,11.14072423,-1
2004,72,23,141.665,0.115,0,0,0,-1.565,0.51845,2.295,0,11.1408982,-1
2004,73,0,142.1245,0.184,0,0,0.025,-2.33,0.56775,2.135,0,11.14108494,-1
2004,73,1,137.9825,0.322,0,0,0,-3.165,0.63035,2.165,0,11.14127547,-1
2004,73,2,130.391,0.414,0,0,0,-3.195,0.6155,3.1,0,11.14145934,-1
2004,73,3,120.717,0.322,0,0,0,-2.975,0.6002,2.985,0,11.1416157,-1
2004,73,4,109.917,0.253,0,0,0.01,-3.495,0.6311,3.985,0,11.14172981,-1
2004,73,5,98.5855,0.299,0.46,0,0.005,-3.805,0.66545,4.1,0,11.14179733,-1
2004,73,6,86.9215,70.058,29.85,32.01,14.07,-3.73,0.67805,4.195,0,11.2085997,-1
2004,73,7,75.795,385.02,151.39,202.905,69.09,-1.47,0.6141,5.18,0,11.2084369,-1
2004,73,8,65.159,771.65,297.565,408.13,123.545,0.6,0.5015,7.895,0,11.2083562,-1
2004,73,9,55.64,1110.969,426.43,585.675,164.865,2.205,0.4424,8.63,0,11.20835464,-1
2004,73,10,48.0765,1325.03,511.045,698.835,187.145,3.755,0.4025,7.905,0,11.20835464,-1
2004,73,11,43.5785,1436.511,552.805,754.54,198.44,5.39,0.3636,6.88,0,11.20835461,-1
2004,73,12,43.1465,1423.079,546.11,742.33,195.63,6.685,0.3511,7.285,0,11.20835462,-1
2004,73,13,46.888,1411.855,535.95,730.16,198.095,7.995,0.3666,8.47,0,11.20835465,-1
2004,73,14,53.929,827.494,309.81,417.125,115.37,8.51,0.3887,8.595,0,11.20835475,-1
2004,73,15,63.1275,447.35,168.78,219.1,59.5,8.545,0.39235,7.19,0,11.20835505,-1
2004,73,16,73.5845,209.852,80.325,99.465,27.68,8.555,0.40955,5.915,0,11.20835464,-1
2004,73,17,84.5875,50.623,20.555,20.09,7.25,7.505,0.4626,5.58,0,11.20834938,-1
2004,73,18,96.234,0.782,0.59,0,0.415,5.915,0.5502,5.295,0,11.21922065,-1
2004,73,19,107.5935,0.23,0,0,0.035,4.885,0.5987,4.825,0,11.22546322,-1
2004,73,20,118.498,0.345,0,0,0,5.11,0.5971,4.735,0,11.22568383,-1
2004,73,21,128.404,0.161,0,0,0,5.465,0.5907,4.66,0,11.22581004,-1
2004,73,22,136.434,0.092,0,0,0,5.865,0.59415,5.54,0,11.22596217,-1
2004,73,23,141.293,0.092,0,0,0.26,5.57,0.68865,6.53,0,11.22613528,-1
2004,74,0,141.727,0.345,0,0,0.25,4.51,0.8098,5.515,0.052916667,11.22632566,-1
2004,74,1,137.595,0.46,0,0,0.01,3.98,0.8763,5.525,0.052916667,11.22652719,-1
2004,74,2,130.033,0.46,0,0,0,3.9,0.88845,5.765,0.052916667,11.22671625,-1
2004,74,3,120.384,0.46,0,0,0,3.77,0.91815,6.63,0.052916667,11.22687675,-1
2004,74,4,109.6015,0.46,0,0,0,3.99,0.92055,6.915,0.052916667,11.22699681,-1
2004,74,5,98.278,0.46,0.31,0,0,4.305,0.93445,7.085,0.052916667,11.22706785,-1
2004,74,6,86.5945,6.923,3.355,0.52,0.49,4.605,0.92815,8.5,0.052916667,11.22710411,-1
2004,74,7,75.479,41.653,16.09,12.605,3.66,4.715,0.9324,8.565,0.052916667,11.15328529,-1
2004,74,8,64.823,684.043,279.375,354.83,87.9,5.67,0.8084,9.21,0.052916667,11.12721339,-1
2004,74,9,55.2795,1134.153,447.845,598.19,157.575,6.445,0.6684,11.01,0.052916667,11.12669549,-1
2004,74,10,47.6895,1382.921,537.295,733.69,196.405,6.655,0.5967,11.075,0.052916667,11.12668794,-1
2004,74,11,43.179,1513.239,586.075,802.155,212.68,7.545,0.55095,11.43,0.052916667,11.12668782,-1
2004,74,12,42.7635,1524.141,586.97,802.655,214.35,8.77,0.50275,12.33,0.052916667,11.12668784,-1
2004,74,13,46.5505,1421.446,542.935,741.74,202.935,9.8,0.4305,12.94,0.052916667,11.12668789,-1
2004,74,14,53.641,1208.282,454.105,621.54,179.56,9.905,0.378,13.465,0.052916667,11.12668801,-1
2004,74,15,62.88,884.465,326.3,444.68,139.685,9.88,0.34175,13.04,0.052916667,11.12668838,-1
2004,74,16,73.3655,498.594,180.31,241.02,87.495,9.37,0.34,12.255,0.052916667,11.12668787,-1
2004,74,17,84.3945,125.534,44.815,51.86,25.64,8.25,0.3946,8.625,0.052916667,11.12668789,-1
2004,74,18,95.998,1.541,0.91,0,0.605,6.34,0.48155,4.885,0.052916667,11.15856205,-1
2004,74,19,107.3835,0.069,0,0,0.085,4.765,0.54455,4.305,0.052916667,11.18683496,-1
2004,74,20,118.266,0.069,0,0,0.005,3.88,0.57695,4.355,0.052916667,11.18753958,-1
2004,74,21,128.134,0,0,0,0,3.49,0.58465,3.85,0.052916667,11.18766187,-1
2004,74,22,136.1135,0.046,0,0,0,2.585,0.625,2.98,0.052916667,11.18780653,-1
2004,74,23,140.9205,0.023,0,0,0,2.285,0.6277,3.015,0.052916667,11.18797497,-1
2004,75,0,141.328,0.023,0,0,0,2.07,0.6279,2.945,0,11.18815383,-1
2004,75,1,137.209,0.046,0,0,0,2.235,0.61885,3.7,0,11.18833224,-1
2004,75,2,129.673,0,0,0,0,1.64,0.6515,2.595,0,11.18849761,-1
2004,75,3,120.0495,0,0,0,0,0.745,0.7102,1.215,0,11.18863655,-1
2004,75,4,109.285,0.069,0,0,0,0.3,0.73025,2.05,0,11.1887425,-1
2004,75,5,97.9685,0.368,0.585,0,0.005,0.635,0.70125,2.01,0,11.1888101,-1
2004,75,6,86.3025,70.242,28.12,31.215,11.15,0.165,0.7271,2.375,0,11.25790835,-1
2004,75,7,75.162,290.053,112.11,143.635,43.265,0.47,0.75815,4.085,0,11.25787159,-1
2004,75,8,64.488,617.849,231.75,310.41,89.975,2.14,0.66955,4.815,0,11.25779278,-1
2004,75,9,54.919,629.763,228.855,303.53,81.935,3.305,0.60385,3.54,0,11.25779125,-1
2004,75,10,47.303,547.078,193.765,252.12,65.395,3.73,0.5963,4.06,0,11.25779125,-1
2004,75,11,42.781,656.052,233.67,305.765,78.415,4.515,0.55785,3.185,0,11.25779122,-1
2004,75,12,42.3835,444.406,155.77,199.075,50.55,5.065,0.52395,3.78,0,11.25779123,-1
2004,75,13,46.212,566.858,203.42,264.18,68.115,5.64,0.48125,5.505,0,11.25779126,-1
2004,75,14,53.354,421.728,152.325,195,51.005,5.915,0.4837,6.245,0,11.25779136,-1
2004,75,15,62.635,308.223,112.635,142.32,38.255,5.87,0.49595,7.04,0,11.25779164,-1
2004,75,16,73.1475,178.434,66.51,81.155,22.875,5.34,0.5234,8.22,0,11.25779125,-1
2004,75,17,84.199,36.455,14.095,12.28,5.13,4.475,0.60135,7.405,0,11.25707351,-1
2004,75,18,95.798,0.506,0.36,0,0.825,2.66,0.7753,9.48,0,11.23248549,-1
2004,75,19,107.1725,0.138,0,0,0.375,1.41,0.8415,9.875,0,11.23481852,-1
2004,75,20,118.0345,0.276,0,0,0.02,1.32,0.83455,8.205,0,11.23495001,-1
2004,75,21,127.864,0.322,0,0,0.34,0.86,0.90555,7.045,0,11.23507528,-1
2004,75,22,135.7905,0.46,0,0,0,0.885,0.9388,6.435,0,11.23523924,-1
2004,75,23,140.5465,0.46,0,0,0.055,1.18,0.9299,6.94,0,11.23543468,-1
2004,76,0,140.928,0.414,0,0,0.04,1.105,0.92115,6.785,0.264583333,11.23564134,-1
2004,76,1,136.8185,0.437,0,0,0.105,0.85,0.9241,6.685,0.264583333,11.23584517,-1
2004,76,2,129.31,0.46,0,0,0.115,0.735,0.9346,5.9,0.264583333,11.23603501,-1
2004,76,3,119.713,0.46,0,0,0.055,0.405,0.95075,5.65,0.264583333,11.23619629,-1
2004,76,4,108.965,0.46,0,0,0.12,0.27,0.94445,6.815,0.264583333,11.23631765,-1
2004,76,5,97.6595,0.552,0.255,0,0.11,-0.105,0.9662,6.945,0.264583333,11.23639106,-1
2004,76,6,85.9735,31.142,4.565,8.1,9.285,-0.285,0.9759,7.175,0.264583333,11.24548487,-1
2004,76,7,74.8445,239.775,31.635,97.03,74.895,-0.745,0.9759,8.51,0.264583333,11.24393553,-1
2004,76,8,64.15,458.712,55.115,196.26,151.895,-0.945,0.97425,8.105,0.264583333,11.24312917,-1
2004,76,9,54.557,765.785,98.875,337.745,251.8,-0.925,0.97175,8.215,0.264583333,11.24311332,-1
2004,76,10,46.9135,774.042,118.17,337.99,230.435,-0.93,0.9614,8.285,0.264583333,11.24311309,-1
2004,76,11,42.3805,1118.467,277.015,546.455,272.32,-0.43,0.933,7.07,0.264583333,11.24311316,-1
2004,76,12,42,662.584,227.53,316.505,95.4,0.105,0.8921,6.115,0.264583333,11.24311338,-1
2004,76,13,45.874,511.911,190.79,241.355,56.9,0.365,0.85565,6.01,0.264583333,11.24311322,-1
2004,76,14,53.0685,387.665,147.17,180.51,40.24,1.15,0.8312,5.61,0.264583333,11.24311318,-1
2004,76,15,62.3895,215.924,81.49,96.635,21.975,1.185,0.81535,4.63,0.264583333,11.24311311,-1
2004,76,16,72.9305,122.912,46.435,51.995,12.37,1.26,0.81945,4.105,0.264583333,11.24311313,-1
2004,76,17,84.0055,46.23,17.67,15.64,4.755,1.055,0.8366,4.295,0.264583333,11.24305101,-1
2004,76,18,95.5625,4.002,0.815,0,0.14,0.835,0.8491,3.065,0.264583333,11.24267944,-1
2004,76,19,106.963,3.128,0,0,0.045,0.715,0.84935,2.02,0.264583333,11.24815682,-1
2004,76,20,117.801,3.059,0,0,0.02,0.615,0.85135,1.56,0.264583333,11.24848775,-1
2004,76,21,127.5925,3.059,0,0,0.07,0.48,0.85405,1.96,0.264583333,11.2488019,-1
2004,76,22,135.4665,3.013,0,0,0.065,0.325,0.86825,1.7,0.264583333,11.24920057,-1
2004,76,23,140.1715,2.944,0,0,0.1,0.02,0.91015,2.735,0.264583333,11.24965248,-1
2004,77,0,140.5285,2.967,0,0,0.055,-0.1,0.92455,2.06,0.0635,11.25012939,-1
2004,77,1,136.4285,2.875,0,0,0.055,-0.19,0.94,2.33,0.0635,11.250599,-1
2004,77,2,128.947,2.783,0,0,0.035,-0.4,0.96445,2.875,0.0635,11.25102025,-1
2004,77,3,119.3765,2.921,0,0,0.095,-0.425,0.9714,3.635,0.0635,11.25137753,-1
2004,77,4,108.647,2.783,0,0,0.12,-0.58,0.97415,4.12,0.0635,11.25164816,-1
2004,77,5,97.3485,2.76,0.33,0,0.055,-0.55,0.974,4.805,0.0635,11.25180576,-1
2004,77,6,85.641,14.467,3.545,2.03,4.135,-0.36,0.97225,4.735,0.0635,11.25202425,-1
2004,77,7,74.525,56.442,13.825,23.345,17.575,-0.075,0.96925,4.365,0.0635,11.20493934,-1
2004,77,8,63.814,228.137,56.275,100.075,51.905,0.27,0.9689,4.31,0.0635,11.19847846,-1
2004,77,9,54.1965,275.54,92.755,125.01,40.055,1.235,0.96205,4.81,0.0635,11.19834866,-1
2004,77,10,46.527,175.444,63.945,71.71,15.35,2.675,0.9166,5.08,0.0635,11.19834679,-1
2004,77,11,41.98,282.785,106.455,126.82,26.885,3.42,0.8658,5.605,0.0635,11.1983468,-1
2004,77,12,41.6175,454.825,176.48,217.83,47.83,3.95,0.84455,6.145,0.0635,11.19834675,-1
2004,77,13,45.539,807.024,312.87,404.965,96.075,4.87,0.7762,6.945,0.0635,11.19834676,-1
2004,77,14,52.783,727.927,272.545,361.34,94,5.185,0.7423,6.505,0.0635,11.19834678,-1
2004,77,15,62.1465,452.939,167.73,219.87,59.37,5.53,0.72825,6.135,0.0635,11.19834682,-1
2004,77,16,72.7165,270.825,100.075,126.185,36.935,5.96,0.72365,5.455,0.0635,11.19834692,-1
2004,77,17,83.8115,55.614,20.985,20.245,6.415,5.945,0.7608,2.565,0.0635,11.19834597,-1
2004,77,18,95.3685,3.45,1.05,0,0.02,5.485,0.81005,1.92,0.0635,11.21018274,-1
2004,77,19,106.752,1.817,0,0,0,4.825,0.8289,1.68,0.0635,11.21838194,-1
2004,77,20,117.566,1.909,0,0,0,4.05,0.84755,1.855,0.0635,11.21870637,-1
2004,77,21,127.32,2.07,0,0,0,3.715,0.86205,2.51,0.0635,11.21892444,-1
2004,77,22,135.1455,1.587,0,0,0,3.115,0.92345,1.89,0.0635,11.21919197,-1
2004,77,23,139.797,0.759,0,0,0.025,2.26,0.9467,1.225,0.0635,11.21944532,-1
2004,78,0,140.1285,0.621,0,0,0,1.925,0.9563,1.025,0.03175,11.21967148,-1
2004,78,1,136.0385,0.46,0,0,0.455,0.96,0.9621,2.035,0.03175,11.21988466,-1
2004,78,2,128.5835,0.46,0,0,0.09,-0.325,0.97425,3.47,0.03175,11.22007573,-1
2004,78,3,119.038,0.575,0,0,0.17,-1.265,0.97655,1.955,0.03175,11.22024104,-1
2004,78,4,108.3265,1.104,0,0,0,-0.61,0.978,2.075,0.03175,11.220378,-1
2004,78,5,97.0365,2.162,0.485,0,0,0.17,0.97715,2.27,0.03175,11.2204838,-1
2004,78,6,85.3475,19.182,7.35,3.8,1.77,0.575,0.977,2.315,0.03175,11.22118147,-1
2004,78,7,74.2065,61.87,22.77,21,5.025,1.045,0.97635,2.655,0.03175,11.19160316,-1
2004,78,8,63.478,185.403,70.34,81.585,16.52,1.805,0.97535,3.915,0.03175,11.1879634,-1
2004,78,9,53.834,207.023,76.775,88.73,18.375,2.9,0.97385,2.75,0.03175,11.18788893,-1
2004,78,10,46.1385,686.918,270.825,341.665,73.53,3.935,0.94845,2.89,0.03175,11.18788784,-1
2004,78,11,41.58,1011.977,397.895,516.88,122.45,6.975,0.87395,3.44,0.03175,11.1878879,-1
2004,78,12,41.237,1018.532,384.285,512.875,132.355,10.02,0.76125,6.64,0.03175,11.18788785,-1
2004,78,13,45.2045,723.35,271.09,359.72,96.36,10.73,0.7328,9.12,0.03175,11.18788794,-1
2004,78,14,52.501,965.103,361.54,489.25,139.28,10.5,0.6938,11.73,0.03175,11.18788823,-1
2004,78,15,61.9055,753.986,281.595,377.23,114.32,9.92,0.62415,11.675,0.03175,11.18788787,-1
2004,78,16,72.5005,425.822,156.695,205.32,71.27,9.91,0.5955,10.465,0.03175,11.18788793,-1
2004,78,17,83.6155,133.745,49.775,59.4,27.215,8.76,0.6211,9.585,0.03175,11.18788804,-1
2004,78,18,95.1735,3.243,1.195,0.085,1.39,6.375,0.6953,8.72,0.03175,11.21424606,-1
2004,78,19,106.5435,0.184,0,0,0.455,4.325,0.75675,6.055,0.03175,11.24319999,-1
2004,78,20,117.3315,0.23,0,0,0.06,3.185,0.78785,4.775,0.03175,11.24395618,-1
2004,78,21,127.046,0.46,0,0,0.01,2.9,0.81405,4.31,0.03175,11.24408947,-1
2004,78,22,134.8195,0.138,0,0,0.04,2.69,0.8386,3.205,0.03175,11.24424832,-1
2004,78,23,139.4225,0.184,0,0,0.04,1.53,0.86235,2.87,0.03175,11.24442332,-1
2004,79,0,139.7295,0.414,0,0,0,0.905,0.87075,2.16,0,11.24461813,-1
2004,79,1,135.6485,0.391,0,0,0,0.425,0.8886,2.72,0,11.24482063,-1
2004,79,2,128.2195,0.46,0,0,0,-0.475,0.916,2.125,0,11.24500967,-1
2004,79,3,118.6985,0.276,0,0,0.03,-0.575,0.92325,2.155,0,11.24516926,-1
2004,79,4,108.0055,0.138,0,0,0.055,-0.9,0.93845,2.29,0,11.24528404,-1
2004,79,5,96.724,1.357,1.09,0,0.02,-0.805,0.9457,1.795,0,11.24536466,-1
2004,79,6,85.015,106.674,42.27,50.155,21.235,-0.645,0.9368,0.84,0,11.32986026,-1
2004,79,7,73.888,463.542,180.46,231.99,70.635,0.805,0.89255,1.855,0,11.32982141,-1
2004,79,8,63.1405,850.149,325.68,438.66,124.705,2.95,0.78495,4.525,0,11.32978329,-1
2004,79,9,53.472,1180.797,453.57,617.94,168.48,4.45,0.7234,5.045,0,11.32978256,-1
2004,79,10,45.7505,1423.792,550.115,745.725,195.08,5.925,0.68235,5.395,0,11.3297826,-1
2004,79,11,41.1795,1559.354,602.095,813.145,208.435,7.685,0.6268,7.19,0,11.32978254,-1
2004,79,12,40.8555,1571.291,605.265,814.88,208.86,9.745,0.52605,6.905,0,11.32978255,-1
2004,79,13,44.871,1465.721,558.265,751.955,197.595,11.235,0.42965,7.55,0,11.32978259,-1
2004,79,14,52.2185,1242.092,464.675,625.605,172.59,12.5,0.3868,7.235,0,11.32978271,-1
2004,79,15,61.664,924.669,337.81,452.33,135.305,13.28,0.3698,8.27,0,11.32978309,-1
2004,79,16,72.2885,532.243,191.005,249.365,85.915,13.485,0.3805,8.87,0,11.32978257,-1
2004,79,17,83.423,146.602,52.565,60.035,27.83,12.435,0.4304,6.16,0,11.32978258,-1
2004,79,18,94.941,3.289,1.265,0.075,1.12,9.83,0.55545,6.215,0,11.35200333,-1
2004,79,19,106.3325,0.046,0,0,0.23,8.165,0.6253,4.725,0,11.38104697,-1
2004,79,20,117.097,0.115,0,0,0,7.76,0.64595,5.465,0,11.38183612,-1
2004,79,21,126.772,0.046,0,0,0,8.065,0.6264,6.285,0,11.38196133,-1
2004,79,22,134.496,0.023,0,0,0,8.405,0.6143,7.065,0,11.3821064,-1
2004,79,23,139.046,0.046,0,0,0.02,9.27,0.5974,5.765,0,11.38227494,-1
2004,80,0,139.328,0.046,0,0,0,9.2,0.6249,3.585,0,11.38245571,-1
2004,80,1,135.2575,0.092,0,0,0,9.85,0.6219,4.96,0,11.38263693,-1
2004,80,2,127.8535,0.046,0,0,0,10.485,0.59785,7.075,0,11.3828055,-1
2004,80,3,118.359,0,0,0,0.11,10.645,0.61615,6.54,0,11.38294688,-1
2004,80,4,107.6825,0.092,0,0,0.1,10.23,0.66095,5.595,0,11.38305411,-1
2004,80,5,96.412,0.966,0.68,0,0.135,10.13,0.7044,5.51,0,11.38312913,-1
2004,80,6,84.723,43.976,17.315,15.36,5.085,10.97,0.74205,5.565,0,11.42002937,-1
2004,80,7,73.568,57.868,21.075,19.17,5.16,11.94,0.79725,5.395,0,11.41791094,-1
2004,80,8,62.8025,131.997,46.07,52.1,13.49,13.69,0.816,6.885,0,11.41757668,-1
2004,80,9,53.111,108.56,35.74,37.8,10.145,14.105,0.8312,5.78,0,11.41757031,-1
2004,80,10,45.362,167.233,57.12,64.99,15.455,13.355,0.90395,7.45,0,11.41757021,-1
2004,80,11,40.78,661.48,242.295,316.795,80.61,13.48,0.7358,7.175,0,11.41757025,-1
2004,80,12,40.476,1164.076,437.925,586.115,151.75,15.7,0.58925,4.5,0,11.41757037,-1
2004,80,13,44.5395,1449.713,547.72,737.415,193.715,18.04,0.40625,9.05,0,11.4175708,-1
2004,80,14,51.94,1234.134,460.42,624.59,174.445,18.11,0.30515,13.835,0,11.41757026,-1
2004,80,15,61.4265,916.044,340.765,459.895,140.01,15.985,0.2718,14.22,0,11.41757031,-1
2004,80,16,72.0755,534.244,196.23,260.145,91.285,15.065,0.2197,14.47,0,11.41757045,-1
2004,80,17,83.229,156.101,56.03,66.98,31.77,12.85,0.26405,12.58,0,11.41757026,-1
2004,80,18,94.7485,3.749,1.16,0.235,1.64,10.335,0.33285,14.34,0,11.43636438,-1
2004,80,19,106.1225,0,0,0,1.855,7.345,0.45575,13.635,0,11.4651248,-1
2004,80,20,116.862,0.069,0,0,1.1,3.86,0.5517,12.64,0,11.46593954,-1
2004,80,21,126.5,0.092,0,0,0.63,2.245,0.56845,13.185,0,11.466065,-1
2004,80,22,134.169,0.046,0,0,0.315,1.3,0.5993,10.345,0,11.46621191,-1
2004,80,23,138.671,0.184,0,0,0.015,1.265,0.605,9.01,0,11.46638434,-1
2004,81,0,138.9285,0.138,0,0,0.1,1.465,0.60535,8.85,0,11.46657236,-1
2004,81,1,134.8665,0.023,0,0,0.76,0.17,0.57585,10.745,0,11.46675526,-1
2004,81,2,127.4885,0.046,0,0,0.42,-0.775,0.5704,9.555,0,11.46692137,-1
2004,81,3,118.018,0.115,0,0,0.18,-0.955,0.5587,10.515,0,11.4670657,-1
2004,81,4,107.3615,0.161,0,0,0.355,-1.495,0.6034,9.39,0,11.4671769,-1
2004,81,5,96.062,1.472,0.735,0,0.48,-2,0.6438,8.18,0,11.46725837,-1
2004,81,6,84.426,122.613,50.845,60.015,23.745,-2.43,0.67945,7.7,0,11.54300029,-1
2004,81,7,73.249,478.147,190.355,253.73,81.68,-1.78,0.64025,9.31,0,11.54261557,-1
2004,81,8,62.468,867.606,341.31,458.625,132.63,-1.3,0.6055,9.805,0,11.54258011,-1
2004,81,9,52.7495,1111.567,434.925,585.825,157.75,-0.735,0.58985,8.755,0,11.54257943,-1
2004,81,10,44.9745,1165.111,454.33,610.72,158.72,0.17,0.5327,8.745,0,11.5425795,-1
2004,81,11,40.379,1346.213,524.265,710.24,183.78,1.06,0.48415,9.07,0,11.54257977,-1
2004,81,12,40.0965,1276.799,493.795,669.215,173.83,1.655,0.45235,9.285,0,11.54257952,-1
2004,81,13,44.2075,1336.139,519.35,704.305,186.15,2.245,0.41695,9.315,0,11.54257975,-1
2004,81,14,51.661,839.316,320.18,430.655,117.44,2.16,0.4106,9.725,0,11.54257953,-1
2004,81,15,61.189,846.147,320.845,431.66,126.98,2.29,0.3876,9.19,0,11.54257966,-1
2004,81,16,71.8655,374.049,140.69,182.235,58.12,2.115,0.38615,8.435,0,11.54257946,-1
2004,81,17,83.0365,162.426,62.69,75.93,32.59,1.97,0.3784,7.7,0,11.54257946,-1
2004,81,18,94.5565,3.887,1.605,0.175,1.125,0.68,0.43655,4.89,0,11.55829311,-1
2004,81,19,105.9105,0.023,0,0,0.305,-0.58,0.50355,3.66,0,11.58573046,-1
2004,81,20,116.627,0.161,0,0,0.045,-1.295,0.5283,2.78,0,11.58655092,-1
2004,81,21,126.224,0.023,0,0,0.155,-2.33,0.61075,3.435,0,11.58667812,-1
2004,81,22,133.8435,0.23,0,0,0.02,-3.205,0.77375,3.5,0,11.5868279,-1
2004,81,23,138.2965,0.069,0,0,0.135,-3.63,0.75105,3.84,0,11.58700381,-1
2004,82,0,138.5285,0.161,0,0,0.065,-4.06,0.7238,2.995,0,11.58718875,-1
2004,82,1,134.474,0.207,0,0,0,-4.08,0.7249,2.18,0,11.5873772,-1
2004,82,2,127.1215,0,0,0,0,-4.465,0.7465,0.62,0,11.58754867,-1
2004,82,3,117.6775,0.023,0,0,0,-5.035,0.82125,1.415,0,11.5876893,-1
2004,82,4,107.0395,0.092,0,0,0,-5.415,0.8363,2.08,0,11.58779711,-1
2004,82,5,95.7535,1.932,1.32,0.06,0.23,-5.815,0.8454,1.73,0,11.5878819,-1
2004,82,6,84.1295,137.885,54.265,64.25,25.315,-5.89,0.8731,1.58,0,11.65870166,-1
2004,82,7,72.931,499.951,198.005,261.57,83.92,-3.64,0.7457,1.715,0,11.6581742,-1
2004,82,8,62.1315,875.173,355.685,473.48,135.425,-1.63,0.54235,1.385,0,11.65814141,-1
2004,82,9,52.3885,1209.616,490.24,656.445,176.17,-0.59,0.4191,1.455,0,11.65814087,-1
2004,82,10,44.586,1458.821,594.075,792.48,203.315,0.305,0.3723,1.615,0,11.65814094,-1
2004,82,11,39.9795,1583.458,641.075,857.89,217.205,1.245,0.347,2.55,0,11.65814082,-1
2004,82,12,39.717,1594.222,640.92,859.7,218.535,1.935,0.33085,3.18,0,11.65814084,-1
2004,82,13,43.8795,1484.765,593.04,793.49,206.01,3.32,0.31055,2.44,0,11.65814093,-1
2004,82,14,51.3845,1260.147,495.19,665.51,182.245,4.17,0.2883,2.635,0,11.6581412,-1
2004,82,15,60.9525,935.686,361.335,485.005,144.965,4.775,0.27745,3.17,0,11.65814086,-1
2004,82,16,71.6565,534.405,205.115,270.75,93.605,5.155,0.27185,2.975,0,11.65814091,-1
2004,82,17,82.843,146.625,56.655,66.375,28.47,4.595,0.2987,3.72,0,11.65814098,-1
2004,82,18,94.3255,3.91,2.22,0.38,0.855,2.395,0.4351,4.135,0,11.67136941,-1
2004,82,19,105.7005,0.046,0,0,0.01,0.885,0.53855,4.165,0,11.69476472,-1
2004,82,20,116.3905,0.046,0,0,0,0.57,0.5711,4.175,0,11.69551085,-1
2004,82,21,125.9485,0.161,0,0,0,0.67,0.5542,4.21,0,11.69563766,-1
2004,82,22,133.516,0.023,0,0,0.04,0.925,0.57015,4.165,0,11.69578742,-1
2004,82,23,137.9205,0.023,0,0,0.04,0.91,0.587,3.725,0,11.69595595,-1
2004,83,0,138.1295,0.023,0,0,0.17,-0.335,0.66845,3.855,0,11.69613584,-1
2004,83,1,134.0825,0.092,0,0,0,-0.54,0.69395,4.145,0,11.69631611,-1
2004,83,2,126.7555,0.184,0,0,0,0.525,0.69525,4.885,0,11.69648797,-1
2004,83,3,117.337,0.161,0,0,0,1.27,0.6657,5.21,0,11.69663633,-1
2004,83,4,106.716,0.138,0,0,0.075,1.325,0.6553,5.095,0,11.69674691,-1
2004,83,5,95.4085,2.346,1.395,0.005,0.355,0.52,0.6752,4.56,0,11.69683656,-1
2004,83,6,83.8305,122.774,49.355,58.66,21.585,0.625,0.68235,5.03,0,11.75871728,-1
2004,83,7,72.612,457.424,179.59,239.1,76.405,2.83,0.58305,7.38,0,11.75794237,-1
2004,83,8,61.795,843.272,324.92,438.01,127.17,5.27,0.4986,8.87,0,11.75790396,-1
2004,83,9,52.0285,1180.889,455.48,615.535,166.89,7.68,0.4366,8.815,0,11.75790327,-1
2004,83,10,44.199,1422.159,552.165,745.535,193.405,9.795,0.39445,8.16,0,11.75790333,-1
2004,83,11,39.58,1542.242,598.385,807.27,206.27,11.545,0.3743,7.885,0,11.75790355,-1
2004,83,12,39.3395,1485.248,566.8,768.05,198.275,12.83,0.3605,8.075,0,11.7579034,-1
2004,83,13,43.5505,1224.704,461.185,624.145,166.85,13.33,0.37235,8.485,0,11.75790336,-1
2004,83,14,51.1085,730.779,273.585,363.36,98.65,13.39,0.38045,8.57,0,11.75790329,-1
2004,83,15,60.7185,403.719,151.945,193.53,51.695,13.165,0.3977,8.29,0,11.7579033,-1
2004,83,16,71.4465,222.617,83.79,102.65,28.51,12.815,0.41315,9.565,0,11.75790334,-1
2004,83,17,82.6505,85.583,32.875,35.775,11.72,11.755,0.4701,8.205,0,11.75790337,-1
2004,83,18,94.134,2.323,0.77,0.03,1.31,9.54,0.6223,9.985,0,11.7627822,-1
2004,83,19,105.4885,0.138,0,0,0.735,7.76,0.7893,7.88,0,11.77417478,-1
2004,83,20,116.153,0.391,0,0,0.095,7.17,0.84745,5.055,0,11.77459872,-1
2004,83,21,125.672,0.46,0,0,0.055,6.92,0.86315,4.81,0,11.77473429,-1
2004,83,22,133.1895,0.253,0,0,0.01,7.05,0.81955,5.375,0,11.77489876,-1
2004,83,23,137.545,0.207,0,0,0,7.27,0.7616,5.385,0,11.77508019,-1
2004,84,0,137.7295,0.138,0,0,0,7.58,0.7074,5.345,0.03175,11.77527013,-1
2004,84,1,133.6925,0.069,0,0,0.075,7.495,0.6878,5.995,0.03175,11.77545434,-1
2004,84,2,126.39,0,0,0,0.005,7.39,0.685,6.6,0.03175,11.77562066,-1
2004,84,3,116.9955,0,0,0,0,7.59,0.66255,6.07,0.03175,11.77575996,-1
2004,84,4,106.3925,0.069,0,0,0.2,7.37,0.6554,5.67,0.03175,11.77586567,-1
2004,84,5,95.1015,1.219,0.755,0,0,7.4,0.64845,6.31,0.03175,11.77594006,-1
2004,84,6,83.5285,50.577,19.675,18.945,5.915,8.46,0.61465,7.81,0.03175,11.80116949,-1
2004,84,7,72.293,224.158,83.815,103.43,27.91,9.985,0.5681,9.745,0.03175,11.79643991,-1
2004,84,8,61.461,273.539,99.735,123.38,32.5,12.195,0.50605,10.41,0.03175,11.79622143,-1
2004,84,9,51.6685,200.698,69.91,82.985,22.25,13.515,0.52555,9.7,0.03175,11.79621762,-1
2004,84,10,43.8135,167.072,58.22,64.19,13.855,13.44,0.6336,8.36,0.03175,11.79621755,-1
2004,84,11,39.1815,216.959,74.245,85.325,17.575,12.605,0.74945,7.58,0.03175,11.79621756,-1
2004,84,12,38.964,296.102,105.59,123.705,25.84,13.485,0.7351,7.52,0.03175,11.7962176,-1
2004,84,13,43.225,407.422,146.64,180.405,42.79,15.7,0.62765,10.62,0.03175,11.79621769,-1
2004,84,14,50.836,975.269,352.51,468.185,126.86,17.21,0.53405,13.565,0.03175,11.79621798,-1
2004,84,15,60.487,976.879,347.78,467.39,138.87,18.745,0.47875,15.095,0.03175,11.7962176,-1
2004,84,16,71.239,471.017,163.47,211.255,69.465,18.925,0.49765,13.02,0.03175,11.79621765,-1
2004,84,17,82.4575,140.346,49.925,57.19,23.5,18.28,0.52215,9.925,0.03175,11.7962177,-1
2004,84,18,93.943,4.462,1.685,0.33,1.38,15.84,0.58445,6.925,0.03175,11.80582889,-1
2004,84,19,105.2795,0.046,0,0,0.17,14.36,0.5845,6.94,0.03175,11.82633366,-1
2004,84,20,115.9175,0,0,0,0,14.45,0.56045,7.365,0.03175,11.82704455,-1
2004,84,21,125.3965,0,0,0,0.02,15.055,0.54115,8.12,0.03175,11.82716789,-1
2004,84,22,132.8625,0,0,0,0.24,14.87,0.54075,7.645,0.03175,11.82731282,-1
2004,84,23,137.171,0,0,0,0.255,14.2,0.56625,6.915,0.03175,11.82748057,-1
2004,85,0,137.3315,0.023,0,0,0.06,13.525,0.5994,5.05,0.624416667,11.82765964,-1
2004,85,1,133.3005,0.069,0,0,0.04,14.505,0.57555,6.64,0.624416667,11.82783906,-1
2004,85,2,126.024,0,0,0,0.045,13.965,0.61025,5.565,0.624416667,11.82800606,-1
2004,85,3,116.654,0,0,0,0,14.21,0.62695,7.265,0.624416667,11.8281452,-1
2004,85,4,106.0695,0,0,0,0.2,14.27,0.6541,7.035,0.624416667,11.82825038,-1
2004,85,5,94.7615,0.575,0.5,0,0.45,13.405,0.7202,5.935,0.624416667,11.82831813,-1
2004,85,6,83.228,14.927,5.485,1.265,1.735,12.145,0.8292,4.515,0.624416667,11.82840644,-1
2004,85,7,71.9765,27.439,8.94,4.475,2.085,11.485,0.89385,5.995,0.624416667,11.77718366,-1
2004,85,8,61.1255,127.144,44.115,47.355,9.045,11.87,0.92245,6.28,0.624416667,11.66203791,-1
2004,85,9,51.3115,302.542,108.895,129.815,25.925,12.63,0.92395,8.34,0.624416667,11.65988468,-1
2004,85,10,43.427,471.822,173.29,211.345,42.22,12.765,0.91505,8.39,0.624416667,11.65985434,-1
2004,85,11,38.7835,230.621,78.745,90.36,16.845,13.04,0.9241,7.175,0.624416667,11.659854,-1
2004,85,12,38.587,222.64,75.555,86.03,15.6,13.505,0.9352,7.29,0.624416667,11.65985414,-1
2004,85,13,42.899,199.479,67.59,75.58,13.545,13.99,0.93765,7.595,0.624416667,11.65985462,-1
2004,85,14,50.5655,211.531,73.63,83.415,15.005,14.785,0.94215,8.625,0.624416667,11.659854,-1
2004,85,15,60.2545,69.828,23.32,21.3,4.37,15.06,0.93775,6.97,0.624416667,11.65985384,-1
2004,85,16,71.033,83.743,30.225,29.375,5.965,15.55,0.9232,5.635,0.624416667,11.65985306,-1
2004,85,17,82.2665,81.88,33.98,34.015,7.78,16.155,0.8981,5.095,0.624416667,11.65985305,-1
2004,85,18,93.7155,3.082,1.655,0.235,0.535,15.52,0.91565,4.875,0.624416667,11.66126632,-1
2004,85,19,105.0685,0.46,0,0,0.06,14.96,0.9301,4.89,0.624416667,11.67178228,-1
2004,85,20,115.68,0.46,0,0,0.025,14.98,0.9213,4.815,0.624416667,11.67219245,-1
2004,85,21,125.1185,0.46,0,0,0.005,15.95,0.8615,7.5,0.624416667,11.67232638,-1
2004,85,22,132.5355,0.46,0,0,0.055,15.75,0.8644,7.24,0.624416667,11.67249321,-1
2004,85,23,136.7965,0.46,0,0,0,16.235,0.84875,8.06,0.624416667,11.67268699,-1
2004,86,0,136.9345,0.46,0,0,0.01,16.655,0.84345,8.57,3.132666667,11.67289455,-1
2004,86,1,132.913,0.46,0,0,0.16,16.305,0.8713,7.82,3.132666667,11.67310135,-1
2004,86,2,125.6565,0.46,0,0,0.195,15.595,0.8989,6.09,3.132666667,11.67329477,-1
2004,86,3,116.3125,0.46,0,0,0.105,15.235,0.9242,5.125,3.132666667,11.6734594,-1
2004,86,4,105.746,0.46,0,0,0.08,15.545,0.92945,7.475,3.132666667,11.6735845,-1
2004,86,5,94.4575,0.713,0.01,0,0.93,15.985,0.9175,8.025,3.132666667,11.67366402,-1
2004,86,6,82.926,7.728,1.915,0.36,1.3,14.87,0.91695,7.005,3.132666667,11.67371992,-1
2004,86,7,71.659,22.126,6.665,2.115,0.91,14.665,0.9371,4.65,3.132666667,11.66464849,-1
2004,86,8,60.794,55.821,16.795,14.145,2.795,14.855,0.94275,7.08,3.132666667,11.48850038,-1
2004,86,9,50.9525,71.783,21.385,19.355,3.46,14.54,0.95425,6.295,3.132666667,11.48082956,-1
2004,86,10,43.0425,33.12,9.615,4.83,0.87,15.02,0.95685,4.585,3.132666667,11.43070496,-1
2004,86,11,38.3855,69.851,20.73,18.875,3.04,15.45,0.9593,4.715,3.132666667,11.32607585,-1
2004,86,12,38.212,200.261,66.17,72.975,11.52,15.545,0.9624,4.49,3.132666667,11.32503661,-1
2004,86,13,42.5775,346.288,124.01,144.43,25.115,15.935,0.96125,8.215,3.132666667,11.3250256,-1
2004,86,14,50.2955,455.193,172.945,201.92,36.005,16.66,0.9368,7.72,3.132666667,11.32502549,-1
2004,86,15,60.025,439.024,167.24,195.74,36.69,17.39,0.89425,5.13,3.132666667,11.32502555,-1
2004,86,16,70.8295,288.765,113.135,129.3,25.845,17.25,0.90385,5.5,3.132666667,11.3250257,-1
2004,86,17,82.076,83.145,32.965,31.09,7.235,16.92,0.925,2.925,3.132666667,11.32502551,-1
2004,86,18,93.528,5.819,2.09,0,0.175,16.325,0.9466,1.99,3.132666667,11.33567995,-1
2004,86,19,104.8575,2.875,0,0,0.035,16.065,0.9638,1.795,3.132666667,11.35012712,-1
2004,86,20,115.443,2.668,0,0,0.465,14.555,0.97295,2.16,3.132666667,11.35069619,-1
2004,86,21,124.842,3.128,0,0,0.065,13.79,0.97945,2.945,3.132666667,11.35098186,-1
2004,86,22,132.208,2.783,0,0,0.05,13.955,0.9822,3.125,3.132666667,11.35136023,-1
2004,86,23,136.4225,2.99,0,0,0.1,13.895,0.98345,3.3,3.132666667,11.3517892,-1
2004,87,0,136.537,2.921,0,0,0.14,13.825,0.9841,2.1,0.010583333,11.35226411,-1
2004,87,1,132.5235,2.875,0,0,0.225,13.335,0.9853,1.985,0.010583333,11.35273191,-1
2004,87,2,125.2915,2.76,0,0,0.06,12.895,0.9865,1.82,0.010583333,11.35315873,-1
2004,87,3,115.972,2.737,0,0,0.01,12.955,0.98755,2.64,0.010583333,11.35351692,-1
2004,87,4,105.4245,2.99,0,0,0.07,12.935,0.988,3.285,0.010583333,11.35380006,-1
2004,87,5,94.1195,6.785,2.15,0.265,0.28,12.965,0.9876,3.035,0.010583333,11.35412618,-1
2004,87,6,82.6235,77.211,30.42,28.76,5.795,12.615,0.983,3.47,0.010583333,11.43899892,-1
2004,87,7,71.344,196.788,78.55,86.235,14.935,13.3,0.9754,3.7,0.010583333,11.43910652,-1
2004,87,8,60.462,335.271,130.375,150.91,27.4,14.445,0.94,4.805,0.010583333,11.43905675,-1
2004,87,9,50.5965,701.914,275.385,329.415,59.925,16.11,0.8995,5.855,0.010583333,11.43905578,-1
2004,87,10,42.6585,1256.973,492.49,618.26,124.445,17.855,0.83045,6.835,0.010583333,11.43905582,-1
2004,87,11,37.9885,1193.148,455.5,577.835,121.825,18.675,0.8116,7.41,0.010583333,11.43905575,-1
2004,87,12,37.839,878.646,330.105,414.515,89.995,18.44,0.8212,8.225,0.010583333,11.43905576,-1
2004,87,13,42.255,1042.268,391.275,495.085,109.125,18.575,0.81105,7.24,0.010583333,11.43905579,-1
2004,87,14,50.0285,1177.738,439.75,565.415,132.32,19.745,0.77785,8.025,0.010583333,11.43905588,-1
2004,87,15,59.797,738.392,271.56,343.245,84.835,20.25,0.74515,7.66,0.010583333,11.43905613,-1
2004,87,16,70.626,308.154,114.01,135.67,32.435,19.95,0.7533,6.645,0.010583333,11.43905579,-1
2004,87,17,81.8845,106.352,39.585,41.335,11.31,19.035,0.7979,5.54,0.010583333,11.43905581,-1
2004,87,18,93.338,8.372,2.13,0.27,0.71,17.94,0.8436,5.63,0.010583333,11.4513399,-1
2004,87,19,104.647,3.703,0,0,0.08,17.23,0.86195,6.375,0.010583333,11.47165296,-1
2004,87,20,115.2055,3.68,0,0,0.025,16.84,0.86445,6.43,0.010583333,11.47247176,-1
2004,87,21,124.5635,3.726,0,0,0.025,16.635,0.8651,6.98,0.010583333,11.47285278,-1
2004,87,22,131.882,3.68,0,0,0.11,16.31,0.8752,6.255,0.010583333,11.47333932,-1
2004,87,23,136.0485,3.818,0,0,0.05,15.935,0.88875,6.225,0.010583333,11.47391376,-1
2004,88,0,136.141,3.565,0,0,0.05,15.63,0.893,6.345,0.53975,11.47452574,-1
2004,88,1,132.134,3.588,0,0,0.08,15.32,0.8895,6.165,0.53975,11.47511289,-1
2004,88,2,124.926,3.703,0,0,0,15.175,0.8711,6.245,0.53975,11.47567066,-1
2004,88,3,115.6305,3.726,0,0,0.13,14.99,0.855,6.395,0.53975,11.47616175,-1
2004,88,4,105.102,3.634,0,0,0.11,14.54,0.8469,6.695,0.53975,11.47653516,-1
2004,88,5,93.819,8.004,2.065,0.2,0.35,14.29,0.83315,6.805,0.53975,11.47697266,-1
2004,88,6,82.321,155.158,60.59,68.155,20.05,14.52,0.81895,6.92,0.53975,11.56786447,-1
2004,88,7,71.0285,448.96,171.855,212.62,53.54,16.195,0.7705,8.415,0.53975,11.567717,-1
2004,88,8,60.131,535.187,204.66,253.145,56.55,17.74,0.73305,9.62,0.53975,11.56769431,-1
2004,88,9,50.24,638.089,240.29,301.64,67.97,18.89,0.70975,9.735,0.53975,11.56769391,-1
2004,88,10,42.2755,609.178,227.37,283.245,63.24,20.07,0.70495,8.465,0.53975,11.56769401,-1
2004,88,11,37.594,1280.801,488.995,630.295,141.905,21.335,0.6743,9.63,0.53975,11.56769392,-1
2004,88,12,37.4665,1093.903,413.595,529.075,120.725,21.775,0.6726,9.925,0.53975,11.56769407,-1
2004,88,13,41.936,1393.34,527.055,679.09,157.21,22.415,0.65985,10.6,0.53975,11.56769464,-1
2004,88,14,49.763,826.988,309.005,392.285,93.5,22.535,0.61975,11.715,0.53975,11.56769391,-1
2004,88,15,59.5725,551.333,206.015,257.095,63.225,22.45,0.5963,12.2,0.53975,11.56769395,-1
2004,88,16,70.4225,79.626,27.69,28.02,9.775,19.325,0.72875,9.75,0.53975,11.56769405,-1
2004,88,17,81.6955,16.238,5.57,2.455,2.185,13.855,0.9198,8.705,0.53975,11.49892231,-1
2004,88,18,93.113,0.92,0.305263158,0,0.86,12.33,0.91725,8.475,0.53975,11.48031461,-1
2004,88,19,104.437,0.46,0,0,0.415,10.96,0.91805,6.9,0.53975,11.48060683,-1
2004,88,20,114.968,2.622,0,0,0.445,10.01,0.8635,8.06,0.53975,11.48073272,-1
2004,88,21,124.287,2.898,0,0,0.145,9.6,0.87815,5.56,0.53975,11.48100803,-1
2004,88,22,131.554,3.059,0,0,0.115,9.51,0.85115,4.355,0.53975,11.4813955,-1
2004,88,23,135.6755,3.082,0,0,0.105,9.28,0.8723,2.865,0.53975,11.48185998,-1
2004,89,0,135.7465,3.289,0,0,0.11,9.04,0.89645,3.335,0,11.48237402,-1
2004,89,1,131.7465,3.381,0,0,0.07,8.585,0.92055,2.72,0,11.48291295,-1
2004,89,2,124.564,3.22,0,0,0.02,8,0.93915,2.845,0,11.48341085,-1
2004,89,3,115.292,3.542,0,0,0.08,7.225,0.9582,2.515,0,11.48384103,-1
2004,89,4,104.78,3.634,0,0,0.08,6.91,0.9491,2.73,0,11.4841909,-1
2004,89,5,93.483,8.211,2.22,0,0.19,6.89,0.9418,2.63,0,11.48461951,-1
2004,89,6,82.0185,87.124,32.765,30.185,6.93,6.265,0.9577,2.68,0,11.55720759,-1
2004,89,7,70.716,536.107,230.64,274.74,62.805,7.355,0.9335,2.64,0,11.55668672,-1
2004,89,8,59.802,961.975,406.985,497.215,102.905,9.705,0.8192,2.22,0,11.55664233,-1
2004,89,9,49.887,1301.639,543.385,677.495,138.075,11.685,0.6889,2.285,0,11.55664151,-1
2004,89,10,41.8945,1535.802,633.32,802.01,165.75,13.035,0.5849,2.49,0,11.55664157,-1
2004,89,11,37.1995,1590.519,647.13,826.85,172.455,13.98,0.5439,2.83,0,11.55664153,-1
2004,89,12,37.096,1426.92,572.655,732.82,155.545,14.61,0.5042,3.225,0,11.55664163,-1
2004,89,13,41.6195,1425.885,568.245,727.765,158.645,15.3,0.4613,3.795,0,11.55664201,-1
2004,89,14,49.4985,1139.489,449.875,570.46,129.125,15.74,0.4501,2.625,0,11.55664154,-1
2004,89,15,59.347,896.195,347.575,439.91,109.53,15.93,0.43045,2.995,0,11.55664161,-1
2004,89,16,70.221,528.862,201.12,246.755,68.77,15.72,0.44155,3.295,0,11.55664177,-1
2004,89,17,81.5055,185.541,71.965,78.61,28.71,15.545,0.43305,2.07,0,11.55664153,-1
2004,89,18,92.9245,7.981,4.215,0.85,0.19,14.225,0.47925,0.585,0,11.57073266,-1
2004,89,19,104.2245,0.345,0,0,0,13.605,0.5218,1.215,0,11.60372394,-1
2004,89,20,114.7305,0.23,0,0,0,13.42,0.49925,0.865,0,11.60470223,-1
2004,89,21,124.0075,0.299,0,0,0.01,12.78,0.53305,1.895,0,11.60483852,-1
2004,89,22,131.2275,0.253,0,0,0.065,10.83,0.7188,3.06,0,11.60499675,-1
2004,89,23,135.3035,0.391,0,0,0.31,10.105,0.80125,4.635,0,11.60518181,-1
2004,90,0,135.3535,0.46,0,0,0.09,9.655,0.82045,4.72,0.814916667,11.6053869,-1
2004,90,1,131.361,0.437,0,0,0.33,9.15,0.8401,6.51,0.814916667,11.60559363,-1
2004,90,2,124.199,0.46,0,0,0.19,8.395,0.89865,5.835,0.814916667,11.60578409,-1
2004,90,3,114.9525,0.46,0,0,0.065,8.355,0.89135,5.145,0.814916667,11.60594748,-1
2004,90,4,104.461,0.46,0,0,0.16,7.96,0.92185,5.295,0.814916667,11.60607074,-1
2004,90,5,93.1475,0.805,0.59,0,0.135,7.46,0.941,4.165,0.814916667,11.60614889,-1
2004,90,6,81.7185,17.871,5.92,2.31,1.245,7.155,0.94325,4.205,0.814916667,11.60644503,-1
2004,90,7,70.404,46.069,14.93,12.01,2.97,6.805,0.92715,5.16,0.814916667,11.53047643,-1
2004,90,8,59.474,104.696,35.825,36.865,6.24,6.52,0.9048,6.91,0.814916667,11.51860894,-1
2004,90,9,49.536,150.995,53.53,58.33,9.925,6.295,0.90755,6.99,0.814916667,11.51838681,-1
2004,90,10,41.515,314.939,116.57,134.24,22.575,6.495,0.86215,7.605,0.814916667,11.51838367,-1
2004,90,11,36.805,318.044,116.49,135.15,23.095,6.37,0.9017,7.46,0.814916667,11.5183836,-1
2004,90,12,36.7265,308.66,113.23,131.705,22.515,6.11,0.9089,7.605,0.814916667,11.51838361,-1
2004,90,13,41.303,177.077,63.46,70.035,11.925,5.945,0.88955,8.345,0.814916667,11.51838364,-1
2004,90,14,49.238,108.813,37.9,38.58,6.525,6.155,0.8773,7.92,0.814916667,11.51838369,-1
2004,90,15,59.124,125.971,45.775,48.45,8.63,5.93,0.8525,8.47,0.814916667,11.51838385,-1
2004,90,16,70.02,92.023,33.77,33.96,6.635,5.675,0.84415,8.015,0.814916667,11.51838369,-1
2004,90,17,81.3165,30.958,11.315,7.185,2.6,5.82,0.8449,7.11,0.814916667,11.50618299,-1
2004,90,18,92.7375,5.75,1.235,0,0.305,5.755,0.7761,7.505,0.814916667,11.45242011,-1
2004,90,19,104.0135,3.611,0,0,0.49,4.945,0.77835,8.625,0.814916667,11.45383159,-1
2004,90,20,114.49,3.519,0,0,0.52,3.745,0.82825,9.05,0.814916667,11.45410526,-1
2004,90,21,123.73,3.91,0,0,0.165,3.17,0.8608,7.65,0.814916667,11.45448747,-1
2004,90,22,130.8985,4.094,0,0,0.08,3.025,0.87935,6.925,0.814916667,11.45503044,-1
2004,90,23,134.933,3.864,0,0,0.055,3.01,0.90715,5.755,0.814916667,11.45566222,-1
2004,91,0,134.96,3.611,0,0,0.04,2.99,0.92625,5.19,0.116416667,11.45628822,-1
2004,91,1,130.9755,3.565,0,0,0.055,3.59,0.91365,5.005,0.116416667,11.45687787,-1
2004,91,2,123.8355,3.542,0,0,0.04,3.825,0.92925,4.215,0.116416667,11.45741679,-1
2004,91,3,114.613,3.588,0,0,0.02,4.085,0.93675,4.485,0.116416667,11.45787741,-1
2004,91,4,104.141,3.358,0,0,0,4.43,0.9542,4.375,0.116416667,11.45821829,-1
2004,91,5,92.8535,4.462,1.055,0,0.03,5.1,0.9498,5.675,0.116416667,11.45844773,-1
2004,91,6,81.4175,28.865,10.45,6.02,2.015,5.52,0.92805,7.58,0.116416667,11.4651507,-1
2004,91,7,70.094,250.401,103.79,119.89,23.27,5.375,0.89835,9.795,0.116416667,11.45859886,-1
2004,91,8,59.1485,800.791,335.88,410.05,81.4,5.645,0.87785,10.96,0.116416667,11.45764341,-1
2004,91,9,49.186,654.235,264.505,320.95,61.745,6.535,0.83825,10.315,0.116416667,11.45762509,-1
2004,91,10,41.1355,817.604,325.91,402.59,78.46,6.96,0.8146,10.15,0.116416667,11.45762485,-1
2004,91,11,36.413,1171.137,477.96,594.535,116.745,7.1,0.7832,9.17,0.116416667,11.45762498,-1
2004,91,12,36.36,1264.839,509.515,642.375,131.015,8.045,0.7389,8.81,0.116416667,11.45762546,-1
2004,91,13,40.99,1089.211,432.055,546.455,114.335,8.57,0.71305,8.25,0.116416667,11.45762486,-1
2004,91,14,48.977,895.712,353.91,445.275,98.495,9.13,0.7073,6.81,0.116416667,11.45762493,-1
2004,91,15,58.9025,684.434,269.745,337.805,79.46,9.73,0.6553,7.29,0.116416667,11.45762513,-1
2004,91,16,69.823,291.732,111.93,131.905,32.02,10.02,0.6641,6.255,0.116416667,11.45762488,-1
2004,91,17,81.129,95.289,35.395,36.16,9.015,9.575,0.707,5.415,0.116416667,11.45762491,-1
2004,91,18,92.5135,5.359,0.71,0,0.85,8.275,0.7424,5.15,0.116416667,11.47285207,-1
2004,91,19,103.804,4.554,0,0,0.475,7.61,0.72435,5.385,0.116416667,11.4904344,-1
2004,91,20,114.253,4.209,0,0,0.235,6.68,0.78195,4.51,0.116416667,11.49121183,-1
2004,91,21,123.453,3.933,0,0,0.18,6.1,0.8404,3.79,0.116416667,11.49165265,-1
2004,91,22,130.573,4.163,0,0,0.295,5.355,0.84495,4,0.116416667,11.49220302,-1
2004,91,23,134.5615,4.094,0,0,0.165,4.66,0.85265,3.82,0.116416667,11.49286153,-1
2004,92,0,134.568,3.933,0,0,0.11,4.295,0.8337,3.98,0,11.4935434,-1
2004,92,1,130.591,3.933,0,0,0.1,4.05,0.81285,3.065,0,11.49420296,-1
2004,92,2,123.4755,3.657,0,0,0.09,3.89,0.79905,3.14,0,11.49479217,-1
2004,92,3,114.2765,3.657,0,0,0.105,3.75,0.8119,4.03,0,11.4952693,-1
2004,92,4,103.8215,3.68,0,0,0.245,3.37,0.7777,4.19,0,11.49563141,-1
2004,92,5,92.52,13.823,4.705,1.695,1.77,2.38,0.8314,3.665,0,11.49694336,-1
2004,92,6,81.119,207,88.365,101.86,32.12,2.32,0.8167,5.475,0,11.58603841,-1
2004,92,7,69.7845,605.176,251.505,313.41,80.2,3.02,0.761,6.04,0,11.58581738,-1
2004,92,8,58.8235,1003.145,414.23,523.415,120.04,4.15,0.74915,4.345,0,11.58579962,-1
2004,92,9,48.8355,1257.456,512.695,658.875,145.725,5.065,0.7506,5.16,0,11.5857993,-1
2004,92,10,40.7585,1041.716,416.675,533.615,116.29,5.5,0.74685,5.84,0,11.58579936,-1
2004,92,11,36.0235,1212.399,484.43,623.72,136.41,6.41,0.73205,5.09,0,11.58579958,-1
2004,92,12,35.992,1011.264,396.565,509.965,111.62,7.11,0.67795,4.955,0,11.58579942,-1
2004,92,13,40.678,774.134,302.9,383.175,84.76,7.715,0.6465,4.53,0,11.58579941,-1
2004,92,14,48.719,461.035,175.765,216.395,48.635,8.09,0.6295,5.37,0,11.58579931,-1
2004,92,15,58.683,298.77,113.75,137.105,31.545,8.2,0.64095,5.4,0,11.58579932,-1
2004,92,16,69.625,348.68,135.215,164.62,43.535,8.4,0.6228,6.14,0,11.58579934,-1
2004,92,17,80.941,170.775,64.355,71.995,26.06,8.46,0.6206,5.06,0,11.58579936,-1
2004,92,18,92.3275,15.617,5.065,1.67,2.565,7.32,0.70365,3.66,0,11.59697677,-1
2004,92,19,103.5935,2.898,0,0,0.13,6.04,0.7773,3.04,0,11.63449562,-1
2004,92,20,114.015,2.691,0,0,0.03,5.145,0.7922,3.565,0,11.63574656,-1
2004,92,21,123.174,3.013,0,0,0.21,4.545,0.8028,4.375,0,11.63605079,-1
2004,92,22,130.2475,2.852,0,0,0.405,3.205,0.7745,4.25,0,11.63643423,-1
2004,92,23,134.1935,2.507,0,0,0.295,2.42,0.76785,3.45,0,11.63684604,-1
2004,93,0,134.1785,2.346,0,0,0.105,1.675,0.7983,2.895,0,11.6372493,-1
2004,93,1,130.208,2.507,0,0,0.03,1.59,0.7983,3.365,0,11.63764681,-1
2004,93,2,123.114,2.737,0,0,0,1.515,0.8051,4.585,0,11.63803817,-1
2004,93,3,113.94,2.714,0,0,0.025,1.635,0.80105,5.44,0,11.63838588,-1
2004,93,4,103.5045,2.645,0,0,0.18,1.765,0.7826,5.725,0,11.63864576,-1
2004,93,5,92.229,14.559,5.315,2.36,2.09,1.205,0.81145,4.23,0,11.63998995,-1
2004,93,6,80.821,220.087,92.73,107.74,33.96,1.885,0.7677,6.065,0,11.72069305,-1
2004,93,7,69.4775,613.295,252.975,317.36,82.185,3.165,0.71745,7.885,0,11.72035851,-1
2004,93,8,58.5015,1011.218,413.15,530.855,126.67,5.19,0.6217,8.05,0,11.72034027,-1
2004,93,9,48.4895,1342.832,554.185,715.715,162.125,7.11,0.5361,7.725,0,11.72033995,-1
2004,93,10,40.3835,1574.902,653.955,844.95,185.45,8.845,0.50735,7.71,0,11.72034001,-1
2004,93,11,35.635,1694.042,703.38,908.395,196.815,9.96,0.4433,8.52,0,11.72034027,-1
2004,93,12,35.629,1697.193,699.63,903.92,196.92,11.13,0.3691,8,0,11.72034004,-1
2004,93,13,40.3685,1581.503,640.285,828.48,185.63,11.725,0.3611,8.465,0,11.7203403,-1
2004,93,14,48.4635,1357.805,540.27,698.585,164.635,12.23,0.3664,8.61,0,11.72034002,-1
2004,93,15,58.465,1035.575,403.94,519.52,133.19,12.605,0.3674,8.39,0,11.72034015,-1
2004,93,16,69.4275,640.297,245.18,307.465,90.885,12.695,0.37415,8.055,0,11.72034002,-1
2004,93,17,80.754,236.141,89.23,103.88,40.155,12.035,0.4175,6.77,0,11.72033998,-1
2004,93,18,92.1435,13.8,5.395,2.095,3.52,9.905,0.54335,5.16,0,11.72843369,-1
2004,93,19,103.383,0.23,0,0,0.16,8.155,0.61175,4.215,0,11.76535402,-1
2004,93,20,113.777,0,0,0,0.225,6.635,0.7079,2.775,0,11.76652806,-1
2004,93,21,122.896,0,0,0,0,5.44,0.6796,1.385,0,11.76665844,-1
2004,93,22,129.9215,0,0,0,0,5.46,0.61345,2.185,0,11.76680314,-1
2004,93,23,133.8255,0,0,0,0.02,4.995,0.62175,1.765,0,11.76697011,-1
2004,94,0,133.7895,0,0,0,0,3.77,0.7361,1.915,0,11.76714894,-1
2004,94,1,129.827,0.046,0,0,0.02,3.4,0.7605,3.16,0,11.76732738,-1
2004,94,2,122.7565,0,0,0,0.005,2.355,0.7934,3.47,0,11.76749291,-1
2004,94,3,113.6045,0,0,0,0,2.6,0.7389,3.1,0,11.76763336,-1
2004,94,4,103.188,0.138,0,0,0,1.905,0.78975,2.405,0,11.76774068,-1
2004,94,5,91.9005,15.387,6.91,3.65,2.47,1.91,0.7522,2.375,0,11.76900207,-1
2004,94,6,80.5225,237.015,100.365,117.405,37.535,2.015,0.77575,1.335,0,11.84223573,-1
2004,94,7,69.1705,595.723,251.245,312.505,80.06,5.29,0.685,3.215,0,11.84181054,-1
2004,94,8,58.1815,983.181,402.365,518.28,126.22,8.46,0.5682,5.81,0,11.84179207,-1
2004,94,9,48.1445,1298.58,530.375,687.055,159.18,11.19,0.45535,6.985,0,11.84179176,-1
2004,94,10,40.01,1548.705,635.73,823.42,183.1,13.57,0.35065,8.16,0,11.84179182,-1
2004,94,11,35.247,1684.612,690.26,893.46,195.305,14.97,0.2954,9.125,0,11.84179207,-1
2004,94,12,35.267,1681.093,685.66,887.8,195.485,16.07,0.26345,9.945,0,11.84179185,-1
2004,94,13,40.061,1560.527,626.565,813,184.67,16.13,0.29715,10.45,0,11.84179208,-1
2004,94,14,48.211,1332.022,525.09,681.165,163.13,16.015,0.33455,11.335,0,11.84179184,-1
2004,94,15,58.249,1019.153,395.45,511.67,133.78,15.3,0.37875,12.875,0,11.84179177,-1
2004,94,16,69.232,516.258,199.87,252.9,73.445,13.18,0.4805,13.91,0,11.84179178,-1
2004,94,17,80.568,200.008,76.99,90.105,32.11,11.36,0.43725,11.85,0,11.84179178,-1
2004,94,18,91.921,12.236,4.88,2.1,2.28,9.345,0.4348,9.715,0,11.84942576,-1
2004,94,19,103.1725,0,0,0,0.57,8.17,0.4571,7.375,0,11.87972513,-1
2004,94,20,113.5385,0.046,0,0,0.435,6.465,0.50655,5.24,0,11.88076417,-1
2004,94,21,122.617,0.207,0,0,0.325,5.515,0.5152,6.105,0,11.88089755,-1
2004,94,22,129.5945,0.253,0,0,0.145,4.62,0.54905,6.985,0,11.88105408,-1
2004,94,23,133.4555,0.161,0,0,0.545,3.95,0.56395,8.245,0,11.88123476,-1
2004,95,0,133.404,0.253,0,0,0.53,2.52,0.63965,6.19,0.010583333,11.88142512,-1
2004,95,1,129.4475,0.414,0,0,0.33,1.49,0.67195,6.42,0.010583333,11.88162214,-1
2004,95,2,122.398,0.322,0,0,0.365,0.815,0.7008,6.68,0.010583333,11.88180856,-1
2004,95,3,113.272,0.161,0,0,0.165,0.395,0.72055,5.92,0.010583333,11.88196023,-1
2004,95,4,102.8725,0.161,0,0,0.2,0.205,0.72235,6.24,0.010583333,11.88207064,-1
2004,95,5,91.6135,16.422,7.665,4.36,3.145,0.01,0.726,6.49,0.010583333,11.88365389,-1
2004,95,6,80.227,241.017,100.605,120.73,39.565,0.415,0.70555,7.005,0.010583333,11.94985376,-1
2004,95,7,68.868,635.881,259.99,332.34,89.945,1.57,0.66345,7.22,0.010583333,11.94934705,-1
2004,95,8,57.864,1027.41,419.635,540.32,131.445,2.89,0.6277,6.625,0.010583333,11.94932817,-1
2004,95,9,47.803,1349.456,554.385,714.64,162.85,4.07,0.57035,6.725,0.010583333,11.94932786,-1
2004,95,10,39.6395,1583.435,655.17,841.695,183.975,5.275,0.5044,6.385,0.010583333,11.94932794,-1
2004,95,11,34.862,1705.565,706.3,905.7,194.02,6.415,0.4401,5.78,0.010583333,11.94932822,-1
2004,95,12,34.9065,1700.022,697.465,895.615,192.785,7.425,0.38305,6.025,0.010583333,11.94932793,-1
2004,95,13,39.757,1601.467,649.585,834.525,184.755,8.43,0.35165,6.64,0.010583333,11.94932812,-1
2004,95,14,47.9585,1368.914,545.245,700.58,163.925,9.06,0.3303,6.2,0.010583333,11.94932799,-1
2004,95,15,58.0355,1040.198,405.135,518.37,131.66,9.545,0.322,6.465,0.010583333,11.9493279,-1
2004,95,16,69.039,644.138,246.085,307.905,90.095,9.845,0.3138,6.845,0.010583333,11.94932794,-1
2004,95,17,80.382,241.132,91.375,105.905,40.225,9.665,0.324,5.995,0.010583333,11.94932798,-1
2004,95,18,91.737,14.789,6.59,2.735,3.315,8.255,0.4226,3.56,0.010583333,11.95444658,-1
2004,95,19,102.9625,0.023,0,0,0,7.44,0.44905,3.355,0.010583333,11.98600956,-1
2004,95,20,113.2995,0.115,0,0,0,6.515,0.46975,2.88,0.010583333,11.98715743,-1
2004,95,21,122.338,0.092,0,0,0,5.385,0.5172,1.885,0.010583333,11.98729287,-1
2004,95,22,129.2715,0.046,0,0,0.02,4.36,0.6,3.125,0.010583333,11.98744214,-1
2004,95,23,133.0915,0.092,0,0,0.035,2.895,0.69405,3.885,0.010583333,11.98761306,-1
2004,96,0,133.0175,0.023,0,0,0.145,1.815,0.73645,4.235,0,11.9877962,-1
2004,96,1,129.0695,0.046,0,0,0.035,1.03,0.7719,3.525,0,11.98797505,-1
2004,96,2,122.041,0,0,0,0,0.625,0.76755,3.64,0,11.98814092,-1
2004,96,3,112.9395,0,0,0,0,0.295,0.7579,3.28,0,11.98827964,-1
2004,96,4,102.5595,0,0,0,0.02,-0.165,0.78045,2.81,0,11.98838414,-1
2004,96,5,91.2885,16.583,7.81,4.52,2.475,-0.655,0.80245,2.94,0,11.98996038,-1
2004,96,6,79.9325,240.373,100.94,120.405,37.335,0.505,0.74945,2.745,0,12.04941894,-1
2004,96,7,68.5665,638.342,259.055,330.41,86.895,2.37,0.51145,4.81,0,12.04883066,-1
2004,96,8,57.547,1033.666,414.585,537.43,130.83,3.795,0.45215,5.325,0,12.04881105,-1
2004,96,9,47.463,1356.954,548.54,710.18,162.465,5.425,0.42595,4.585,0,12.04881084,-1
2004,96,10,39.271,1582.745,646.77,832.365,182.28,7.235,0.42505,3.425,0,12.04881097,-1
2004,96,11,34.479,1698.619,697.385,894.145,191.9,8.635,0.41055,3.015,0,12.04881073,-1
2004,96,12,34.5485,1703.932,696.085,891.765,192.115,10.045,0.40125,2.915,0,12.04881078,-1
2004,96,13,39.454,1589.691,641.535,822.765,182.51,11.11,0.38335,2.975,0,12.04881094,-1
2004,96,14,47.709,1345.017,534.745,684.43,160.275,12.025,0.3671,2.885,0,12.04881091,-1
2004,96,15,57.8225,990.311,386.665,491.57,125.04,12.62,0.3566,2.68,0,12.04881074,-1
2004,96,16,68.846,585.327,224.81,279.4,81.3,12.96,0.35185,3.37,0,12.04881075,-1
2004,96,17,80.1945,220.179,85.675,99.02,34.17,12.66,0.38615,4.205,0,12.04881075,-1
2004,96,18,91.552,12.098,6.18,2.74,1.705,11.11,0.48255,3.445,0,12.05327701,-1
2004,96,19,102.7515,0.046,0,0,0,10.135,0.5149,3.615,0,12.0794431,-1
2004,96,20,113.062,0.046,0,0,0.005,8.94,0.56315,3.965,0,12.08047128,-1
2004,96,21,122.061,0.046,0,0,0.015,7.485,0.6353,4.585,0,12.0806032,-1
2004,96,22,128.947,0.069,0,0,0,6.71,0.67095,4.395,0,12.08075202,-1
2004,96,23,132.7265,0.023,0,0,0.02,6.2,0.69085,3.77,0,12.08092298,-1
2004,97,0,132.6355,0.046,0,0,0.08,5.44,0.7202,3.865,0,12.08110367,-1
2004,97,1,128.6945,0,0,0,0,4.95,0.74015,3.55,0,12.08128282,-1
2004,97,2,121.689,0.299,0,0,0,4.77,0.74155,3.255,0,12.08145233,-1
2004,97,3,112.6095,0.092,0,0,0,4.795,0.7412,3.255,0,12.08160142,-1
2004,97,4,102.2485,0.069,0,0,0.01,4.125,0.7684,3.475,0,12.08170822,-1
2004,97,5,91.0025,15.847,8.16,5.825,2.645,5.455,0.70145,5.56,0,12.08298764,-1
2004,97,6,79.6385,208.794,85.55,103.485,30.365,6.255,0.6954,6.205,0,12.13535208,-1
2004,97,7,68.2665,404.984,159.185,200.41,49.31,8.29,0.63365,6.945,0,12.13464769,-1
2004,97,8,57.2335,509.45,194.715,245.185,58.18,9.765,0.60165,7.68,0,12.13462604,-1
2004,97,9,47.125,641.401,244.765,308.985,70.36,11.75,0.5408,8.885,0,12.13462569,-1
2004,97,10,38.904,883.706,335.81,428.995,98.19,13.605,0.50565,9.35,0,12.13462575,-1
2004,97,11,34.0955,1145.469,442.655,574.895,128.765,15.435,0.4971,7.65,0,12.13462599,-1
2004,97,12,34.192,1536.469,607.37,787.265,175.21,18.1,0.42495,8.53,0,12.13462579,-1
2004,97,13,39.154,1267.668,490.89,637.63,147.625,19.705,0.3741,9.35,0,12.13462589,-1
2004,97,14,47.464,992.381,383.895,492.875,118.255,20.565,0.36315,8.635,0,12.13462573,-1
2004,97,15,57.6115,882.694,332.5,433.955,112.355,21.26,0.3615,8.95,0,12.13462579,-1
2004,97,16,68.655,539.143,189.155,257.555,75.405,21.445,0.3698,8.465,0,12.13462593,-1
2004,97,17,80.0135,125.074,46.855,49.74,14.1,19.88,0.45335,6.115,0,12.13462571,-1
2004,97,18,91.333,9.154,3.905,1.25,1.25,18.215,0.5202,6.39,0,12.1364962,-1
2004,97,19,102.5415,0.207,0,0,0.42,16.515,0.5932,5.83,0,12.15235382,-1
2004,97,20,112.8235,0.092,0,0,0.22,15.6,0.633,5.435,0,12.15305117,-1
2004,97,21,121.784,0,0,0,0.31,14.62,0.66305,5.305,0,12.15317847,-1
2004,97,22,128.624,0,0,0,0.055,13.465,0.7073,3.39,0,12.15332484,-1
2004,97,23,132.364,0.069,0,0,0,12.855,0.7233,2.985,0,12.15349513,-1
2004,98,0,132.2555,0.368,0,0,0,11.83,0.76075,2.965,0,12.1536859,-1
2004,98,1,128.32,0.138,0,0,0,11.77,0.74475,2.96,0,12.15387962,-1
2004,98,2,121.3365,0.46,0,0,0,10.565,0.78045,2.035,0,12.1540585,-1
2004,98,3,112.28,0.46,0,0,0,10.065,0.79145,1.54,0,12.15421891,-1
2004,98,4,101.939,0.437,0,0,0.06,9.345,0.82195,1.95,0,12.1543388,-1
2004,98,5,90.6825,19.895,9.595,7.48,2.775,9.48,0.83015,2.97,0,12.15788916,-1
2004,98,6,79.3485,190.739,78.21,92.36,25.99,9.125,0.83205,3.27,0,12.20613294,-1
2004,98,7,67.97,587.42,239.49,303.795,80.3,11.23,0.77005,2.61,0,12.20540807,-1
2004,98,8,56.922,830.622,332.005,426.24,104.975,13.335,0.6961,3.305,0,12.20538723,-1
2004,98,9,46.792,1136.683,459.83,588.715,135.88,15.84,0.6119,3.08,0,12.2053869,-1
2004,98,10,38.539,1409.785,571.875,732.585,162.1,18.795,0.48655,2.395,0,12.20538696,-1
2004,98,11,33.716,1724.839,705.655,897.505,194.03,21.135,0.38395,1.8,0,12.2053872,-1
2004,98,12,33.8385,1687.648,684.68,870.315,188.67,22.655,0.3217,1.735,0,12.205387,-1
2004,98,13,38.858,1550.131,621.005,791.66,176.975,22.93,0.3051,2.715,0,12.20538707,-1
2004,98,14,47.2205,1332.344,521.145,669.36,157.59,23.565,0.29585,2.55,0,12.20538692,-1
2004,98,15,57.403,876.346,321.315,435.205,113.89,23.495,0.307,3.6,0,12.20538695,-1
2004,98,16,68.463,401.074,139.86,192.045,52.185,23.195,0.32845,3.07,0,12.205387,-1
2004,98,17,79.829,120.06,37.72,53.87,16.15,21.15,0.5292,4.19,0,12.20538694,-1
2004,98,18,91.15,12.512,2.855,4.62,2.115,19.785,0.61255,4.27,0,12.20666787,-1
2004,98,19,102.334,0.391,0,0,0.46,17.96,0.65655,4.905,0,12.223035,-1
2004,98,20,112.585,0.253,0,0,0.135,16.235,0.691,3.95,0,12.22378894,-1
2004,98,21,121.505,0,0,0,0.1,15.08,0.7519,2.97,0,12.22392133,-1
2004,98,22,128.3025,0,0,0,0,15.12,0.7227,2.975,0,12.22406845,-1
2004,98,23,132.0025,0,0,0,0.03,14.295,0.7403,4.415,0,12.2242368,-1
2004,99,0,131.8755,0,0,0,0.09,12.855,0.79495,4.16,0.010583333,12.22441598,-1
2004,99,1,127.948,0,0,0,0,11.625,0.8447,4.135,0.010583333,12.22459292,-1
2004,99,2,120.9865,0,0,0,0,11.17,0.84405,4.66,0.010583333,12.22475567,-1
2004,99,3,111.9525,0,0,0.435,0.135,11.375,0.7822,6.66,0.010583333,12.22489278,-1
2004,99,4,101.6315,0,0,0.03,0.71,10.1,0.67365,8.025,0.010583333,12.22499569,-1
2004,99,5,90.4035,21.597,6.275,9.795,3.65,8.265,0.69215,10.83,0.010583333,12.23017088,-1
2004,99,6,79.0605,262.2,95.4,137.7,42.3,7.19,0.7236,10.36,0.010583333,12.27458279,-1
2004,99,7,67.6765,668.932,256.265,350.81,94.545,7.965,0.6836,11.535,0.010583333,12.27388551,-1
2004,99,8,56.6145,1057.724,420.31,555.2,134.89,9.19,0.6336,12.695,0.010583333,12.27386657,-1
2004,99,9,46.458,1378.712,561.77,725.73,163.96,10.22,0.6049,11.625,0.010583333,12.27386628,-1
2004,99,10,38.178,1584.838,653.935,836.245,182.31,11.42,0.56995,11.02,0.010583333,12.27386637,-1
2004,99,11,33.339,1737.765,719.46,916.41,196.95,12.54,0.5398,10.91,0.010583333,12.2738667,-1
2004,99,12,33.4855,1613.289,656.4,839.28,182.88,13.78,0.51135,11.08,0.010583333,12.27386633,-1
2004,99,13,38.5615,1211.387,475.73,614.39,138.66,13.5,0.5125,11.12,0.010583333,12.27386646,-1
2004,99,14,46.977,950.015,364.005,474.765,110.76,13.3,0.52135,10.42,0.010583333,12.2738669,-1
2004,99,15,57.196,853.162,317.395,424.64,107.245,13.48,0.5118,10.46,0.010583333,12.2738663,-1
2004,99,16,68.2755,639.354,218.71,309.785,91.075,13.72,0.50805,8.97,0.010583333,12.27386632,-1
2004,99,17,79.6455,243.662,69.6,110.885,41.285,13.57,0.5091,7.95,0.010583333,12.27386633,-1
2004,99,18,90.9675,19.458,8.17,5.5,4.19,12.07,0.5751,4.985,0.010583333,12.27548301,-1
2004,99,19,102.1235,0,0,0,0.235,10.16,0.64855,3.875,0.010583333,12.30185931,-1
2004,99,20,112.347,0.046,0,0,0.19,8.67,0.69935,3.535,0.010583333,12.30306923,-1
2004,99,21,121.2295,0.023,0,0,0.05,7.36,0.7447,3.04,0.010583333,12.30320573,-1
2004,99,22,127.9805,0.391,0,0,0.02,6.99,0.7459,4.13,0.010583333,12.30336223,-1
2004,99,23,131.6425,0.023,0,0,0.025,6.44,0.79405,3.835,0.010583333,12.30354416,-1
2004,100,0,131.4985,0.345,0,0,0.02,5.29,0.8433,2.48,0,12.30373318,-1
2004,100,1,127.577,0.46,0,0,0,4.58,0.8562,1.575,0,12.30393429,-1
2004,100,2,120.6385,0.437,0,0,0,4.31,0.85975,0.68,0,12.30412328,-1
2004,100,3,111.629,0.414,0,0,0,3.725,0.8919,0.465,0,12.30428104,-1
2004,100,4,101.3255,0.46,0,0,0,3.6,0.9069,1.5,0,12.3043987,-1
2004,100,5,90.087,27.577,12.45,10.78,4.365,3.275,0.9195,1.925,0,12.32615696,-1
2004,100,6,78.776,265.259,111.665,136.08,37.045,4.085,0.89815,1.35,0,12.36297228,-1
2004,100,7,67.3845,564.581,231.035,285.825,70.375,6.82,0.8081,1.095,0,12.36235016,-1
2004,100,8,56.3095,788.831,317.835,401.615,93.74,9.19,0.69195,1.505,0,12.36233415,-1
2004,100,9,46.129,1150.598,460.42,591.455,132.625,10.715,0.5907,2.44,0,12.36233394,-1
2004,100,10,37.8185,1509.421,615.055,785.525,168.845,11.92,0.52815,2.77,0,12.36233412,-1
2004,100,11,32.9635,1674.814,686.08,875.85,185.24,13.305,0.4623,1.93,0,12.36233408,-1
2004,100,12,33.137,1518.598,617.165,784.23,165.68,13.94,0.4336,2.16,0,12.36233392,-1
2004,100,13,38.269,1471.885,593.065,752.655,163.935,14.51,0.4008,2.49,0,12.36233395,-1
2004,100,14,46.7365,929.568,364.135,457.385,102.065,14.74,0.37175,2.645,0,12.36233406,-1
2004,100,15,56.9895,853.346,334.75,424.94,103.255,15.08,0.34615,3.035,0,12.36233434,-1
2004,100,16,68.0865,269.422,107.77,127.89,29.44,14.93,0.3302,1.78,0,12.36233393,-1
2004,100,17,79.4645,89.056,36.4,37.975,9.35,14.89,0.3357,1.79,0,12.36233393,-1
2004,100,18,90.748,9.499,5.28,2.195,0.87,14.565,0.3544,1.165,0,12.35483892,-1
2004,100,19,101.9155,0,0,0,0.045,13.745,0.4163,2.56,0,12.36402823,-1
2004,100,20,112.1095,0,0,0,0,12.79,0.4763,2.84,0,12.36453183,-1
2004,100,21,120.9535,0.023,0,0,0,12.27,0.46895,2.915,0,12.36465596,-1
2004,100,22,127.659,0,0,0,0,11.645,0.4564,2.36,0,12.36480425,-1
2004,100,23,131.2845,0.023,0,0,0.005,10.515,0.55975,2.71,0,12.36497355,-1
2004,101,0,131.124,0.023,0,0,0,9.62,0.6283,2.635,0,12.36515413,-1
2004,101,1,127.2125,0.023,0,0,0,9.125,0.6385,2.995,0,12.36533211,-1
2004,101,2,120.2925,0.207,0,0,0,8.785,0.6483,2.735,0,12.36549955,-1
2004,101,3,111.306,0.115,0,0,0,8.705,0.6419,3.165,0,12.36564394,-1
2004,101,4,101.021,0.161,0.05,0,0,8.215,0.65845,2.775,0,12.36574971,-1
2004,101,5,89.812,12.489,5.855,2.555,1.24,7.92,0.67625,2.615,0,12.36627067,-1
2004,101,6,78.491,130.824,52.595,59.945,14.46,8.265,0.6593,2.195,0,12.39215228,-1
2004,101,7,67.0955,494.96,197.455,250.14,61.41,9.87,0.52805,3.76,0,12.39078211,-1
2004,101,8,56.0065,598.23,233.865,296.255,70.185,10.855,0.4733,4.15,0,12.39074774,-1
2004,101,9,45.8035,552.46,214.105,265.21,60.365,11.54,0.44005,2.78,0,12.39074722,-1
2004,101,10,37.463,759.184,297.41,370.135,82.25,12.215,0.4199,2.075,0,12.39074733,-1
2004,101,11,32.59,666.701,256.73,318.115,70.3,12.585,0.40745,2.11,0,12.39074719,-1
2004,101,12,32.7905,812.843,315.255,394.94,87.53,13.01,0.3959,2.705,0,12.3907472,-1
2004,101,13,37.978,855.324,330.965,416.495,92.625,13.24,0.3956,3.4,0,12.39074723,-1
2004,101,14,46.499,666.241,251.6,315.74,71.77,13.105,0.4221,4.12,0,12.39074731,-1
2004,101,15,56.7835,410.32,156.28,191.715,44.28,12.925,0.4511,4.34,0,12.39074754,-1
2004,101,16,67.901,209.507,79.56,94.435,23.015,12.455,0.4579,5.68,0,12.39074722,-1
2004,101,17,79.283,91.333,35.875,38.15,10.11,11.86,0.47025,5.47,0,12.39074722,-1
2004,101,18,90.568,5.911,3.215,0.6,0.79,11.215,0.51115,4.06,0,12.38134253,-1
2004,101,19,101.706,0,0,0,0.015,10.79,0.5205,3.34,0,12.38938555,-1
2004,101,20,111.872,0,0,0,0.025,10.62,0.4449,3.81,0,12.38983818,-1
2004,101,21,120.677,0.023,0,0,0.09,10.005,0.41035,3.75,0,12.38996181,-1
2004,101,22,127.341,0,0,0,0.985,7.99,0.5468,5.56,0,12.39011035,-1
2004,101,23,130.9275,0.069,0,0,0.61,5.94,0.64535,7.17,0,12.39028123,-1
2004,102,0,130.7515,0.069,0,0,0.575,4.705,0.68255,7.71,0,12.39046458,-1
2004,102,1,126.846,0.046,0,0,0.295,3.915,0.69455,8.115,0,12.39064436,-1
2004,102,2,119.9495,0.069,0,0,0.59,2.94,0.73255,7.02,0,12.39080921,-1
2004,102,3,110.9865,0.138,0,0,0.385,1.915,0.77305,6.57,0,12.39094948,-1
2004,102,4,100.7195,0,0.05,0,0.385,1.175,0.8061,5.74,0,12.39105332,-1
2004,102,5,89.5015,26.542,11.8,9.49,4.145,0.715,0.8278,5.285,0,12.40691275,-1
2004,102,6,78.2095,265.029,112.105,139.19,43.44,1.405,0.81255,6.36,0,12.43790853,-1
2004,102,7,66.8105,671.071,276.715,355.33,96.12,3.315,0.7408,7.175,0,12.43718948,-1
2004,102,8,55.707,1073.272,441.52,569.39,137.42,5.415,0.61095,7.42,0,12.43717209,-1
2004,102,9,45.4815,1400.976,582.065,748.01,167.335,7.025,0.4673,7.545,0,12.43717184,-1
2004,102,10,37.108,1628.423,682.97,872.53,185.375,8.13,0.39895,6.23,0,12.43717195,-1
2004,102,11,32.222,1747.54,736.315,935.535,194.195,9.135,0.3419,5.255,0,12.43717239,-1
2004,102,12,32.446,1745.079,732.07,927.275,193.09,10.03,0.3171,5.11,0,12.43717186,-1
2004,102,13,37.691,1627.756,675.01,858.05,184.925,10.745,0.28825,5.74,0,12.43717194,-1
2004,102,14,46.264,1398.653,570.045,727.025,165.91,11.245,0.2816,5.545,0,12.43717219,-1
2004,102,15,56.583,1070.673,427.69,545.935,136.47,11.485,0.2781,5.54,0,12.43717187,-1
2004,102,16,67.7165,668.909,263.365,331.45,95.335,11.49,0.28205,5.295,0,12.4371719,-1
2004,102,17,79.1025,272.734,107.7,129.31,46.695,11.06,0.2937,5.815,0,12.4371719,-1
2004,102,18,90.3875,25.254,10.91,9.08,5.795,9.22,0.39615,7.93,0,12.43766654,-1
2004,102,19,101.4975,0,0,0,0.915,6.675,0.4951,10.325,0,12.46751431,-1
2004,102,20,111.636,0.069,0,0,0.735,4.905,0.5159,10.39,0,12.46902107,-1
2004,102,21,120.403,0.115,0,0,0.42,3.755,0.55295,10.115,0,12.46916656,-1
2004,102,22,127.023,0.138,0,0,0.32,2.97,0.58445,9.615,0,12.46932089,-1
2004,102,23,130.574,0.138,0,0,0.28,2.41,0.6125,10,0,12.46949782,-1
2004,103,0,130.381,0.207,0,0,0.13,2.015,0.65475,9.395,0,12.46968645,-1
2004,103,1,126.485,0.253,0,0,0.075,2.06,0.64895,9.25,0,12.46987645,-1
2004,103,2,119.608,0.23,0,0,0.275,1.715,0.70745,8.725,0,12.47005181,-1
2004,103,3,110.6685,0.23,0,0,0.045,1.75,0.71715,9.165,0,12.47019828,-1
2004,103,4,100.422,0.207,0.11,0,0.135,1.685,0.7209,9.145,0,12.47030629,-1
2004,103,5,89.2305,29.509,13.525,12.07,4.135,1.81,0.7403,9.015,0,12.49857878,-1
2004,103,6,77.931,258.382,105.885,130.405,36.13,2.5,0.73875,10.37,0,12.52279503,-1
2004,103,7,66.5265,641.585,259.89,334.73,90.785,3.85,0.6845,11.435,0,12.52213322,-1
2004,103,8,55.412,612.49,242.885,308.57,74.19,4.925,0.62905,10.445,0,12.5221178,-1
2004,103,9,45.161,679.604,264.945,335.63,77.87,5.865,0.5926,9.825,0,12.52211755,-1
2004,103,10,36.7585,816.27,313.655,401.12,92.165,6.765,0.54425,10.815,0,12.52211761,-1
2004,103,11,31.8535,965.103,372.29,479.2,109.55,7.585,0.50155,10.795,0,12.52211778,-1
2004,103,12,32.104,982.146,381.62,490.175,112.235,8.35,0.46395,10.43,0,12.52211778,-1
2004,103,13,37.4075,851.897,329.925,421.48,97.56,8.495,0.44815,10.655,0,12.52211757,-1
2004,103,14,46.03,617.711,237.835,299.535,70.21,8.035,0.4317,10.365,0,12.52211759,-1
2004,103,15,56.384,518.742,201.83,253.475,60.52,7.625,0.41095,10.265,0,12.52211762,-1
2004,103,16,67.531,371.91,145.995,181.435,45.505,6.935,0.41695,11.27,0,12.52211768,-1
2004,103,17,78.9225,318.55,124.76,155.08,52.025,6.095,0.4329,11.74,0,12.52211759,-1
2004,103,18,90.1695,14.352,5.195,2.275,1.855,4.24,0.49705,10.58,0,12.52177755,-1
2004,103,19,101.2895,0.184,0,0,0.435,3.175,0.5339,10.16,0,12.53986943,-1
2004,103,20,111.398,0.115,0,0,0.325,2.55,0.50495,11.52,0,12.54095312,-1
2004,103,21,120.1275,0.276,0,0,0.395,2,0.5554,10.945,0,12.54109549,-1
2004,103,22,126.7055,0.299,0,0,0.375,1.33,0.6017,10.715,0,12.54125818,-1
2004,103,23,130.2225,0.368,0,0,0.22,0.92,0.6402,9.78,0,12.5414463,-1
2004,104,0,130.016,0.299,0,0,0.32,0.64,0.64265,9.865,0,12.54164592,-1
2004,104,1,126.125,0.345,0,0,0.255,0.185,0.67545,9.81,0,12.54184237,-1
2004,104,2,119.2685,0.161,0,0,0.32,-0.185,0.714,8.41,0,12.54201899,-1
2004,104,3,110.352,0.023,0,0,0.23,-0.69,0.75175,7.465,0,12.54215953,-1
2004,104,4,100.125,0.046,0.08,0,0.05,-0.685,0.77415,8.4,0,12.54226075,-1
2004,104,5,88.925,18.4,8.74,6.015,1.98,-0.265,0.8007,8.38,0,12.5442529,-1
2004,104,6,77.6565,136.735,56.28,65.37,16.36,0.635,0.8002,9.695,0,12.56381665,-1
2004,104,7,66.2475,391.46,157.755,197.56,47.76,1.58,0.75535,9.695,0,12.56256112,-1
2004,104,8,55.121,856.474,346.14,448.11,107.165,3.69,0.6254,10.58,0,12.56253231,-1
2004,104,9,44.844,1074.33,435.455,566.73,130.58,5.77,0.5039,12.865,0,12.56253186,-1
2004,104,10,36.412,1208.926,492.915,638.175,142.77,7.205,0.42715,13.31,0,12.56253192,-1
2004,104,11,31.4905,1545.738,637.235,822.595,179.34,8.46,0.39465,12.69,0,12.56253214,-1
2004,104,12,31.765,1536.032,633.515,813.95,176.905,9.185,0.3756,12.475,0,12.562532,-1
2004,104,13,37.125,1393.616,569.69,734.255,164.3,9.81,0.35025,12.92,0,12.56253191,-1
2004,104,14,45.7985,988.471,397.525,511.78,120.94,10.295,0.331,12.4,0,12.56253195,-1
2004,104,15,56.1845,805.736,321.68,412.835,101.95,10.39,0.31125,11.82,0,12.56253189,-1
2004,104,16,67.3475,459.908,184.485,232.05,59.845,10.46,0.2979,10.705,0,12.56253191,-1
2004,104,17,78.7425,199.456,82.045,98.595,28.76,10.375,0.30875,8.98,0,12.56253191,-1
2004,104,18,89.99,26.864,13.225,10.915,7.12,9.485,0.3312,6.92,0,12.56241925,-1
2004,104,19,101.0825,0,0,0,0.145,6.68,0.4319,3.055,0,12.58923473,-1
2004,104,20,111.1625,0.092,0,0,0,5.5,0.49925,3.425,0,12.59079215,-1
2004,104,21,119.854,0.023,0,0,0.015,4.27,0.55195,2.77,0,12.59093811,-1
2004,104,22,126.3905,0.046,0,0,0.005,3.435,0.58625,1.99,0,12.59108792,-1
2004,104,23,129.873,0,0,0,0.13,3.02,0.6049,3.43,0,12.59125853,-1
2004,105,0,129.6485,0.023,0,0,0.085,0.995,0.70975,3.11,0,12.59143815,-1
2004,105,1,125.7695,0,0,0,0.05,0.98,0.69445,3.365,0,12.59161416,-1
2004,105,2,118.9335,0.023,0,0,0.055,0.975,0.68625,3.775,0,12.59177579,-1
2004,105,3,110.0395,0.092,0,0,0.08,0.96,0.6801,3.475,0,12.59191351,-1
2004,105,4,99.8325,0.184,0.205,0,0.01,0.545,0.69915,2.93,0,12.59201797,-1
2004,105,5,88.659,39.054,17.145,15.94,6.39,0.355,0.7135,2.64,0,12.65797012,-1
2004,105,6,77.3835,307.763,126.48,158.345,46.99,2.045,0.71105,2.72,0,12.66583368,-1
2004,105,7,65.9685,704.996,287.655,366.34,95.015,6.645,0.5285,3.965,0,12.66549397,-1
2004,105,8,54.83,1084.749,441.89,566.255,133.69,10.61,0.35475,4.46,0,12.66548651,-1
2004,105,9,44.531,1397.595,573.655,733.33,161.325,12.85,0.30715,4.215,0,12.6654865,-1
2004,105,10,36.0675,1620.603,668.255,850.57,178.6,14.455,0.27395,3.84,0,12.66548641,-1
2004,105,11,31.1275,1726.955,717.675,908.255,186.755,15.6,0.25655,3.695,0,12.66548646,-1
2004,105,12,31.43,1730.359,712.505,901.975,187.675,16.505,0.2489,3.91,0,12.66548663,-1
2004,105,13,36.845,1608.919,656.06,831.195,178.02,17.545,0.24095,3.49,0,12.66548663,-1
2004,105,14,45.5695,1373.56,551.33,701.505,159.745,18.215,0.23305,3.485,0,12.66548643,-1
2004,105,15,55.9865,1044.453,413.575,525.71,130.565,18.845,0.2242,2.87,0,12.66548644,-1
2004,105,16,67.165,662.676,260.015,325.255,91.525,19.26,0.21695,2.045,0,12.66548645,-1
2004,105,17,78.565,265.489,105.36,123.435,42.15,19.2,0.2176,1.7,0,12.66548645,-1
2004,105,18,89.8105,26.864,13.115,8.095,3.82,17.93,0.23825,1.83,0,12.6650639,-1
2004,105,19,100.8735,0.092,0.065,0,0,16.425,0.2667,2.555,0,12.68850842,-1
2004,105,20,110.925,0,0,0,0.005,14.92,0.29995,4.13,0,12.69005353,-1
2004,105,21,119.581,0.046,0,0,0,12.01,0.401,4.33,0,12.69019858,-1
2004,105,22,126.076,0.069,0,0,0,10.685,0.46365,4.375,0,12.69034965,-1
2004,105,23,129.5255,0.161,0,0,0,9.28,0.5241,3.365,0,12.69052426,-1
2004,106,0,129.2875,0.138,0,0,0,8.68,0.5355,3.86,0,12.69071214,-1
2004,106,1,125.4155,0.184,0,0,0,7.82,0.56285,3.185,0,12.69089663,-1
2004,106,2,118.601,0.138,0,0,0,6.575,0.61405,2.415,0,12.69106723,-1
2004,106,3,109.7305,0.069,0,0,0,7.08,0.5973,3.855,0,12.69120729,-1
2004,106,4,99.541,0.138,0.15,0,0,6.735,0.6155,4.04,0,12.69130973,-1
2004,106,5,88.3615,34.822,15.67,13.79,5.17,6.715,0.62725,4.415,0,12.74003018,-1
2004,106,6,77.1135,269.169,109.13,133.345,38.26,8.875,0.57965,5.52,0,12.74893426,-1
2004,106,7,65.6955,696.417,279.3,359.72,94.94,12.7,0.4794,7.405,0,12.74841515,-1
2004,106,8,54.5445,1076.4,432.355,559.015,134.05,15.965,0.4043,8.745,0,12.74840408,-1
2004,106,9,44.2215,1341.521,541.66,699.42,157.855,18.17,0.3345,9.525,0,12.74840397,-1
2004,106,10,35.727,1611.955,654.875,843.965,183.92,19.425,0.30595,10.535,0,12.74840416,-1
2004,106,11,30.768,1677.413,679.84,876.61,188.995,20.13,0.2801,11.63,0,12.74840393,-1
2004,106,12,31.095,1582.032,635.615,820.015,180.335,20.815,0.2832,10.77,0,12.74840395,-1
2004,106,13,36.568,1424.896,569.155,733.475,167,21.205,0.2707,11.56,0,12.74840402,-1
2004,106,14,45.343,1206.143,477.33,613.395,145.87,21.505,0.2519,12.015,0,12.74840423,-1
2004,106,15,55.7935,974.97,381.135,488.46,123.745,21.715,0.2484,12.31,0,12.74840397,-1
2004,106,16,66.985,416.507,162.835,201.315,52.335,21.045,0.2549,12.305,0,12.74840401,-1
2004,106,17,78.3855,124.637,50.265,55.19,15.17,20.15,0.2856,9.38,0,12.74840395,-1
2004,106,18,89.596,16.422,7.595,4.635,2.34,18.835,0.31935,6.57,0,12.74127214,-1
2004,106,19,100.6665,0.299,0.035,0,0.39,16.99,0.37405,5.53,0,12.74946964,-1
2004,106,20,110.6905,0.115,0,0,0.175,15.435,0.44225,5.46,0,12.75025167,-1
2004,106,21,119.3105,0,0,0,0.02,15.355,0.45935,4.155,0,12.75038479,-1
2004,106,22,125.765,0,0,0,0.1,14.925,0.4886,5.8,0,12.75053313,-1
2004,106,23,129.1795,0,0,0,0.155,14.84,0.5084,5.695,0,12.75070222,-1
2004,107,0,128.929,0,0,0,0.055,14.215,0.5439,5.305,0.010583333,12.75088058,-1
2004,107,1,125.064,0,0,0,0.075,14.095,0.55615,5.695,0.010583333,12.7510561,-1
2004,107,2,118.27,0,0,0,0.055,13.3,0.58295,5.425,0.010583333,12.75121659,-1
2004,107,3,109.4235,0,0,0,0.14,12.17,0.62555,4.965,0.010583333,12.75135098,-1
2004,107,4,99.254,0.046,0.195,0,0,11.72,0.6419,5.23,0.010583333,12.75145033,-1
2004,107,5,88.101,35.903,16.5,15.565,5.445,11.805,0.6506,4.455,0.010583333,12.80141592,-1
2004,107,6,76.846,255.484,103.655,127.22,36.235,13.4,0.61805,6.325,0.010583333,12.80726645,-1
2004,107,7,65.425,665.344,262.33,336.355,88.24,15.65,0.56105,8.56,0.010583333,12.80677156,-1
2004,107,8,54.261,1060.392,417.345,537.415,127.38,18.3,0.5065,8.32,0.010583333,12.80676127,-1
2004,107,9,43.9175,1360.68,538.53,696.52,154.29,20.42,0.4706,7.525,0.010583333,12.8067612,-1
2004,107,10,35.3905,1544.381,614.59,793.335,169.93,22.31,0.4396,6.63,0.010583333,12.80676117,-1
2004,107,11,30.4115,1617.958,644.105,831.05,175.875,24.055,0.4127,7.015,0.010583333,12.80676113,-1
2004,107,12,30.7645,1696.319,675.38,870.105,184.325,24.935,0.40105,7.92,0.010583333,12.80676117,-1
2004,107,13,36.295,1544.542,607.51,782.385,171.695,26.045,0.3799,8.81,0.010583333,12.80676128,-1
2004,107,14,45.1195,1312.84,508.595,654.465,152.73,26.775,0.3575,8.625,0.010583333,12.80676164,-1
2004,107,15,55.598,904.199,345.905,441.3,110.305,26.945,0.35315,9.035,0.010583333,12.80676115,-1
2004,107,16,66.8055,563.316,215.025,268.325,72.825,26.775,0.36275,8.655,0.010583333,12.80676117,-1
2004,107,17,78.21,267.329,102.87,122.345,40.215,26.265,0.38925,8.52,0.010583333,12.80676116,-1
2004,107,18,89.4195,31.602,13.105,9.67,5.81,24.205,0.45305,6.13,0.010583333,12.80647794,-1
2004,107,19,100.4605,0.046,0.04,0,0.31,21.845,0.522,5.71,0.010583333,12.8367301,-1
2004,107,20,110.4565,0.092,0,0,0.315,19.995,0.57595,6.52,0.010583333,12.83887426,-1
2004,107,21,119.04,0.115,0,0,0.045,19.15,0.5984,7.015,0.010583333,12.83903499,-1
2004,107,22,125.453,0.161,0,0,0.04,18.825,0.63625,7.43,0.010583333,12.83919052,-1
2004,107,23,128.8365,0.092,0,0,0.135,18.56,0.68465,8.465,0.010583333,12.83936747,-1
2004,108,0,128.575,0,0,0,0.295,17.545,0.73925,6.83,0,12.83954827,-1
2004,108,1,124.717,0,0,0,0.13,16.725,0.7846,6.44,0,12.83972308,-1
2004,108,2,117.9445,0.138,0,0,0.16,16.18,0.81465,6.53,0,12.83988661,-1
2004,108,3,109.1195,0.437,0,0,0,16,0.8345,6.205,0,12.84003232,-1
2004,108,4,98.9705,0.483,0.19,0,0.045,15.975,0.85195,6.045,0,12.84014683,-1
2004,108,5,87.8085,37.076,14.84,11.7,3.885,16.12,0.85545,5.94,0,12.89163212,-1
2004,108,6,76.583,297.022,116.84,145.335,43.8,17.355,0.81875,7.09,0,12.89443992,-1
2004,108,7,65.159,635.743,247.82,316.32,82.51,19.27,0.75565,8.6,0,12.89397494,-1
2004,108,8,53.9835,890.422,350.57,447.795,104.66,21.1,0.68645,8.385,0,12.89396553,-1
2004,108,9,43.616,1359.3,538.33,691.455,152.215,23.135,0.5851,6.49,0,12.89396552,-1
2004,108,10,35.057,1592.75,633.94,812.24,170.635,24.755,0.5265,4.69,0,12.8939654,-1
2004,108,11,30.0595,1710.05,681.85,873.235,180.445,26.355,0.4877,5.03,0,12.89396544,-1
2004,108,12,30.4365,1340.532,524.36,667.565,141.675,27.265,0.4723,5.25,0,12.89396555,-1
2004,108,13,36.0225,1382.668,542.39,694.465,154.63,28.18,0.45155,6.13,0,12.89396592,-1
2004,108,14,44.8965,1171.459,451.31,575.815,132.79,28.635,0.44455,6.81,0,12.89396544,-1
2004,108,15,55.407,739.611,281.505,352.985,86.36,28.7,0.44275,8.765,0,12.89396548,-1
2004,108,16,66.6295,596.919,224.68,281.675,78.1,28.295,0.45875,9.815,0,12.89396555,-1
2004,108,17,78.0325,257.922,96.96,114.625,38.14,27.68,0.47395,9.05,0,12.89396542,-1
2004,108,18,89.241,36.501,14.435,11.2,6.295,26.285,0.5033,7.52,0,12.89386801,-1
2004,108,19,100.2555,0.046,0.055,0,0.38,24.095,0.55345,5.3,0,12.93252821,-1
2004,108,20,110.2235,0.115,0,0,0.13,22.27,0.6009,5.265,0,12.93569192,-1
2004,108,21,118.769,0.115,0,0,0.265,20.53,0.65795,5.19,0,12.93587372,-1
2004,108,22,125.146,0.115,0,0,0,20.515,0.6301,6.2,0,12.93602837,-1
2004,108,23,128.4965,0,0,0,0.215,19.64,0.6554,6.785,0,12.93620129,-1
2004,109,0,128.2215,0.023,0,0,0.065,18.83,0.6859,6.42,0,12.93637925,-1
2004,109,1,124.374,0.046,0,0,0.17,17.97,0.72525,6.55,0,12.93655605,-1
2004,109,2,117.6215,0,0,0,0.325,16.87,0.7704,5.7,0,12.9367172,-1
2004,109,3,108.8185,0.414,0,0,0,16.425,0.78775,5.33,0,12.93685834,-1
2004,109,4,98.6875,0.483,0.19,0,0.085,16.415,0.7878,5.52,0,12.93697181,-1
2004,109,5,87.556,44.045,18.005,17.325,5.98,15.17,0.8281,5.815,0,12.99717404,-1
2004,109,6,76.3225,271.676,107.36,130.315,36.79,16.675,0.7784,6.15,0,12.99703127,-1
2004,109,7,64.896,729.974,285.92,367.445,95.875,20.245,0.6462,10.18,0,12.9967552,-1
2004,109,8,53.71,992.657,388.3,501.825,119.805,22.23,0.5752,11.735,0,12.9967498,-1
2004,109,9,43.319,1389.361,551.325,713.065,158.37,23.74,0.52535,13.105,0,12.9967497,-1
2004,109,10,34.728,1648.364,658.36,853.405,183.195,25.415,0.44845,13.3,0,12.99674973,-1
2004,109,11,29.7095,1764.445,708.27,919.9,196.005,27.225,0.3134,14.09,0,12.99674979,-1
2004,109,12,30.1125,1755.176,704.755,921.07,201.755,28.89,0.18415,16.75,0,12.99675,-1
2004,109,13,35.755,1670.513,661.55,867.475,198.1,29.495,0.17035,16.91,0,12.99674983,-1
2004,109,14,44.6785,1392.696,545.72,711.075,168.865,28.67,0.1895,16.61,0,12.99674979,-1
2004,109,15,55.216,645.886,246.505,310.81,77.44,28.015,0.18125,16.035,0,12.99674974,-1
2004,109,16,66.4505,519.248,198.525,248.65,67.155,27.885,0.17645,15.03,0,12.99674974,-1
2004,109,17,77.8585,149.086,60.275,66.735,17.4,26.815,0.19465,13.18,0,12.99674974,-1
2004,109,18,89.0285,17.25,7.325,4.32,2.44,25.365,0.2244,12.315,0,12.98748251,-1
2004,109,19,100.05,0.092,0.09,0,0.205,24.38,0.2834,11.775,0,12.98990546,-1
2004,109,20,109.99,0.092,0,0,0.235,23.205,0.3429,11.09,0,12.99071059,-1
2004,109,21,118.5,0.069,0,0,0.155,22.485,0.35695,12.785,0,12.99084592,-1
2004,109,22,124.8375,0.115,0,0,0.06,22.075,0.3762,14.735,0,12.9909989,-1
2004,109,23,128.158,0.023,0,0,0.1,21.845,0.4209,15.175,0,12.9911725,-1
2004,110,0,127.871,0.115,0,0,0.155,21.565,0.4581,14.205,0,12.99135362,-1
2004,110,1,124.032,0.046,0,0,0.085,21.16,0.49365,12.565,0,12.99153357,-1
2004,110,2,117.3015,0.161,0,0,0.06,20.74,0.5329,12.2,0,12.99169756,-1
2004,110,3,108.5215,0.092,0,0,0.005,20.765,0.5539,12.27,0,12.99183676,-1
2004,110,4,98.41,0.115,0.24,0,0.035,20.7,0.57015,11.615,0,12.99193773,-1
2004,110,5,87.2675,28.589,12.055,9.23,3.195,20.495,0.58685,11.19,0,13.00961034,-1
2004,110,6,76.0655,155.411,60.81,69.27,17.095,20.71,0.58965,11.095,0,13.00910356,-1
2004,110,7,64.637,362.181,140.7,171.73,40.61,21.49,0.5709,11.945,0,13.00809348,-1
2004,110,8,53.439,503.884,193.08,239.255,55.66,22.27,0.557,12.12,0,13.00807373,-1
2004,110,9,43.0255,658.214,253.22,317.03,72.595,22.655,0.53485,11.715,0,13.00807349,-1
2004,110,10,34.4015,1403.184,556.245,718.855,155.935,23.17,0.47745,11.02,0,13.00807367,-1
2004,110,11,29.364,1835.101,732.53,951.315,200.365,24.185,0.3971,9.93,0,13.00807364,-1
2004,110,12,29.791,1816.103,721.91,939.45,199.4,25.18,0.32565,10.96,0,13.00807346,-1
2004,110,13,35.489,1651.078,647.605,845.76,187.07,25.53,0.29105,11.42,0,13.00807349,-1
2004,110,14,44.461,1409.693,542.55,710.235,167.51,25.415,0.2856,11.1,0,13.00807355,-1
2004,110,15,55.0285,1065.981,401.025,525.185,135.355,24.84,0.2901,10.12,0,13.00807372,-1
2004,110,16,66.275,710.723,260.97,338.1,98.535,23.945,0.31805,8.895,0,13.00807348,-1
2004,110,17,77.6825,313.26,112.355,138.23,49.265,22.5,0.35445,7.4,0,13.00807347,-1
2004,110,18,88.8535,35.121,13.41,10.29,6.1,20.38,0.40795,5.39,0,13.00790321,-1
2004,110,19,99.8465,0.138,0.12,0,0.66,17.545,0.4738,4.455,0,13.03869551,-1
2004,110,20,109.757,0.023,0,0,0.185,16.06,0.51515,4.17,0,13.04140738,-1
2004,110,21,118.233,0,0,0,0.15,14.475,0.57,3.44,0,13.0415778,-1
2004,110,22,124.533,0,0,0,0.085,13.445,0.60735,3.805,0,13.04172639,-1
2004,110,23,127.8245,0.184,0,0,0.05,12.62,0.63735,3.81,0,13.04189953,-1
2004,111,0,127.526,0.069,0,0,0.02,12.745,0.67485,4.395,0.889,13.04208506,-1
2004,111,1,123.696,0,0,0,0.025,12.395,0.7127,4.725,0.889,13.04226173,-1
2004,111,2,116.984,0,0,0,0.145,11.625,0.7361,5.65,0.889,13.04242125,-1
2004,111,3,108.2275,0,0,0,0,11.665,0.73285,5.82,0.889,13.04255422,-1
2004,111,4,98.135,0.092,0.25,0,0.02,11.92,0.7278,6.505,0.889,13.04265323,-1
2004,111,5,87.0225,17.595,7.285,3.765,1.94,11.79,0.7327,6.76,0.889,13.04400252,-1
2004,111,6,75.812,38.617,14.34,10.42,3.305,12.315,0.7218,6.475,0.889,13.01530289,-1
2004,111,7,64.382,65.504,22.77,21.395,5.295,11.615,0.8484,6.915,0.889,12.98897957,-1
2004,111,8,53.1725,80.983,29.285,29.495,5.105,11.345,0.9371,8.155,0.889,12.98839019,-1
2004,111,9,42.736,301.484,108.26,128.03,23.595,12.07,0.9506,8.815,0.889,12.98838156,-1
2004,111,10,34.0815,278.024,99.63,115.19,21.205,13.35,0.95055,8.075,0.889,12.98838143,-1
2004,111,11,29.02,893.619,339.315,420.12,83.325,15.34,0.94485,8,0.889,12.98838146,-1
2004,111,12,29.473,451.812,165.52,198.17,39.355,17.11,0.9327,8.645,0.889,12.98838151,-1
2004,111,13,35.227,432.032,158.355,188.14,36.08,18.57,0.87,8.755,0.889,12.98838167,-1
2004,111,14,44.246,814.154,311.015,384.035,79.45,20.305,0.7787,9.575,0.889,12.98838161,-1
2004,111,15,54.8415,413.908,155.285,187.66,41.06,20.88,0.76725,7.685,0.889,12.98838148,-1
2004,111,16,66.101,333.27,128.555,153.835,34.935,21.935,0.7006,7.855,0.889,12.98838149,-1
2004,111,17,77.51,97.612,38.065,39.62,10.065,21.435,0.6815,7.465,0.889,12.98838149,-1
2004,111,18,88.6775,24.265,10.14,7.08,3.205,20.35,0.67305,7.845,0.889,12.97938379,-1
2004,111,19,99.641,0.115,0.175,0,0.095,19.455,0.6365,8.975,0.889,12.98305817,-1
2004,111,20,109.5265,0,0,0,0.235,18.75,0.6412,9.555,0.889,12.98403007,-1
2004,111,21,117.966,0,0,0,0.195,17.81,0.6918,8.415,0.889,12.98416428,-1
2004,111,22,124.2305,0.023,0,0,0.13,17.365,0.71465,7.445,0.889,12.98431207,-1
2004,111,23,127.492,0.023,0,0,0.015,17.17,0.74855,7.485,0.889,12.98448133,-1
2004,112,0,127.1835,0.046,0,0,0,17.405,0.75425,7.965,0,12.98466056,-1
2004,112,1,123.362,0,0,0,0.985,16.23,0.75975,7.49,0,12.98483736,-1
2004,112,2,116.6695,0.46,0,0,0.3,14.62,0.8446,7.785,0,12.98500812,-1
2004,112,3,107.937,0.46,0,0,0.285,13.815,0.8707,6.63,0,12.98516473,-1
2004,112,4,97.862,0.529,0.325,0,0.075,13.38,0.86105,6.455,0,12.98528169,-1
2004,112,5,86.7425,32.522,14.24,11.54,3.715,13.45,0.86605,5.78,0,13.02062038,-1
2004,112,6,75.5625,159.62,61.395,69.265,15.925,14.49,0.86515,7.24,0,13.02377824,-1
2004,112,7,64.1305,240.603,90.225,105.035,23.175,15.61,0.8713,7.88,0,13.02305284,-1
2004,112,8,52.911,212.566,76.755,88.46,19.58,16.46,0.84375,8.49,0,13.02303839,-1
2004,112,9,42.4515,596.804,222.2,276.695,62,16.665,0.8077,9.33,0,13.02303824,-1
2004,112,10,33.7625,808.243,307.495,388.775,86.49,17.21,0.75665,9.41,0,13.02303857,-1
2004,112,11,28.6815,1206.419,471.675,604.84,131.76,18.515,0.659,8.955,0,13.02303822,-1
2004,112,12,29.156,1531.754,607.745,779.155,166.765,19.205,0.5974,9.12,0,13.02303836,-1
2004,112,13,34.968,1690.868,668.91,861.665,186.71,19.345,0.545,9.155,0,13.02303885,-1
2004,112,14,44.033,1277.65,493.015,639.065,148.065,19.09,0.53795,8.99,0,13.0230382,-1
2004,112,15,54.6565,1009.792,383.62,496.2,124.725,18.49,0.5678,8.66,0,13.02303823,-1
2004,112,16,65.9285,737.357,272.52,353.265,103.21,18.11,0.55055,8.195,0,13.02303828,-1
2004,112,17,77.3365,323.679,118.63,148.01,53.775,17.32,0.5799,6.705,0,13.02303819,-1
2004,112,18,88.4675,44.183,16.82,13.98,8.94,15.515,0.6708,4.475,0,13.02302662,-1
2004,112,19,99.4385,0.069,0.115,0,0.455,13.385,0.7553,4.575,0,13.06235302,-1
2004,112,20,109.2955,0.023,0,0,0.58,11.84,0.77655,5.155,0,13.06734729,-1
2004,112,21,117.7025,0.299,0,0,0.18,10.78,0.79615,3.795,0,13.06756977,-1
2004,112,22,123.9285,0.414,0,0,0.065,9.845,0.8377,2.925,0,13.06773565,-1
2004,112,23,127.1625,0.437,0,0,0.06,9.525,0.84415,3.985,0,13.06792863,-1
2004,113,0,126.844,0.414,0,0,0,9.655,0.8259,4.215,0.34925,13.06813272,-1
2004,113,1,123.0305,0.115,0,0,0,9.785,0.7841,4.115,0.34925,13.06832534,-1
2004,113,2,116.361,0.092,0,0,0,9.655,0.7851,4.325,0.34925,13.0684916,-1
2004,113,3,107.6495,0.23,0,0,0.03,9.105,0.8121,5.665,0.34925,13.06863289,-1
2004,113,4,97.5955,0.253,0.41,0,0.005,9.01,0.77555,6.62,0.34925,13.06874072,-1
2004,113,5,86.5025,34.408,14.315,11.885,3.765,8.975,0.7545,6.055,0.34925,13.1091921,-1
2004,113,6,75.317,190.141,73.515,86.555,20.89,9.2,0.746,6.88,0.34925,13.10943113,-1
2004,113,7,63.8825,350.704,132.255,161.34,37.585,9.615,0.7435,6.98,0.34925,13.10879737,-1
2004,113,8,52.652,354.246,129.325,156.115,35.215,10.16,0.73035,7.125,0.34925,13.10878495,-1
2004,113,9,42.172,275.356,96.055,112.62,24.255,10.44,0.7185,8.215,0.34925,13.10878483,-1
2004,113,10,33.451,181.286,60.5,66.875,12.515,10.305,0.76395,7.715,0.34925,13.10878505,-1
2004,113,11,28.3445,306.889,106.275,125.455,23.105,9.96,0.8524,8.045,0.34925,13.10878491,-1
2004,113,12,28.844,215.717,72.8,82.495,14.425,10.1,0.8766,6.265,0.34925,13.10878486,-1
2004,113,13,34.7115,214.659,73.135,82.925,14.545,9.945,0.9051,6.34,0.34925,13.1087848,-1
2004,113,14,43.8245,169.625,59.235,65.275,11.84,10.19,0.90185,6.62,0.34925,13.10878482,-1
2004,113,15,54.474,204.562,74.2,85.07,16.395,10.465,0.89215,6.47,0.34925,13.10878488,-1
2004,113,16,65.7545,141.979,53.89,59.445,12.345,10.645,0.88835,7.18,0.34925,13.10878497,-1
2004,113,17,77.165,73.508,29.205,28.355,6.73,10.88,0.87475,5.935,0.34925,13.10878479,-1
2004,113,18,88.2955,10.603,4.66,1.345,0.795,10.865,0.86035,5.23,0.34925,13.0690709,-1
2004,113,19,99.236,0.437,0.175,0,0.045,10.55,0.89935,4.255,0.34925,13.06784372,-1
2004,113,20,109.0655,0.46,0,0,0.1,10.095,0.884,4.64,0.34925,13.0682007,-1
2004,113,21,117.438,0.276,0,0,0.55,9.03,0.8618,5.805,0.34925,13.06833864,-1
2004,113,22,123.631,0.184,0,0,0.615,7.81,0.8836,5.505,0.34925,13.06849849,-1
2004,113,23,126.8365,0.46,0,0,0.645,6.51,0.8941,5.765,0.34925,13.06868472,-1
2004,114,0,126.5085,0.46,0,0,0.235,5.67,0.8733,6.835,0,13.06889138,-1
2004,114,1,122.7055,0.46,0,0,0.05,5.49,0.8725,4.235,0,13.06909527,-1
2004,114,2,116.055,0.46,0,0,0.04,5.48,0.86795,2.835,0,13.06928226,-1
2004,114,3,107.367,0.46,0,0,0.1,5.24,0.8842,2.975,0,13.06943787,-1
2004,114,4,97.332,0.667,0.475,0,0.085,5.205,0.88015,4.285,0,13.06955604,-1
2004,114,5,86.229,45.356,19.01,16.675,4.405,5.53,0.8918,4.165,0,13.12789691,-1
2004,114,6,75.0755,181.447,72.24,81.77,16.66,6.18,0.9008,4.385,0,13.12662037,-1
2004,114,7,63.6405,336.168,131.505,156.17,31.655,7.48,0.90925,4.05,0,13.12635973,-1
2004,114,8,52.399,591.33,232.505,282.84,57.78,8.705,0.89255,4.01,0,13.12635475,-1
2004,114,9,41.897,1013.334,402.275,504.58,104.235,10.065,0.8584,3.185,0,13.12635466,-1
2004,114,10,33.1415,1497.369,594.115,756.735,153.89,11.85,0.81755,3.095,0,13.12635468,-1
2004,114,11,28.0125,1798.278,732.735,923.135,178.72,14.51,0.72795,2.855,0,13.12635472,-1
2004,114,12,28.5365,1472.943,588.51,744.295,147.74,15.815,0.685,3.9,0,13.12635484,-1
2004,114,13,34.4575,1307.55,514.295,651.145,136.645,16.765,0.6123,3.765,0,13.12635524,-1
2004,114,14,43.616,1365.418,535.03,678.52,149.395,17.425,0.57225,3.83,0,13.12635471,-1
2004,114,15,54.2915,932.742,359.625,452.615,106.83,17.825,0.54035,3.57,0,13.12635474,-1
2004,114,16,65.5835,686.32,261.365,326.615,85.815,18.115,0.51855,3.455,0,13.12635479,-1
2004,114,17,76.994,305.9,118.255,141.17,43.235,18.18,0.5069,2.47,0,13.1263547,-1
2004,114,18,88.122,38.778,17.29,14.185,4.845,17.39,0.54315,1.71,0,13.12627594,-1
2004,114,19,99.035,0.069,0.355,0,0,16.315,0.61775,1.365,0,13.15627968,-1
2004,114,20,108.8365,0,0,0,0,15.93,0.58855,1.735,0,13.15966094,-1
2004,114,21,117.1775,0.161,0,0,0,15.465,0.59705,2.21,0,13.15984912,-1
2004,114,22,123.335,0.23,0,0,0.35,12.48,0.7147,3.325,0,13.16000695,-1
2004,114,23,126.513,0.437,0,0,0.05,11.625,0.7267,3.68,0,13.1601932,-1
2004,115,0,126.176,0.046,0,0,0,11.88,0.63885,3.305,0.243416667,13.16038733,-1
2004,115,1,122.384,0.023,0,0,0.065,11.06,0.65165,3,0.243416667,13.1605641,-1
2004,115,2,115.753,0.23,0,0,0.135,9.89,0.73585,3.705,0.243416667,13.16072909,-1
2004,115,3,107.0865,0.023,0,0,0,10.46,0.6581,4.385,0.243416667,13.1608691,-1
2004,115,4,97.0695,0.483,0.505,0,0.04,11,0.59015,4.485,0.243416667,13.160974,-1
2004,115,5,85.9985,45.172,18.8,16.915,5.35,10.27,0.664,4.455,0.243416667,13.21424034,-1
2004,115,6,74.8365,296.033,114.725,140.67,36.03,11.04,0.62885,5.65,0.243416667,13.21167418,-1
2004,115,7,63.4015,548.596,209.16,263.36,63.6,12.875,0.59075,6.55,0.243416667,13.21139692,-1
2004,115,8,52.151,729.008,275.24,348.28,80.975,14.215,0.5698,8.15,0.243416667,13.21139173,-1
2004,115,9,41.625,695.474,260.08,325.075,73.17,15.16,0.55845,8.405,0.243416667,13.21139165,-1
2004,115,10,32.837,595.217,215.92,266.375,58.51,15.85,0.54975,8.4,0.243416667,13.21139166,-1
2004,115,11,27.685,537.28,189.295,231.305,49.67,16.375,0.54495,7.61,0.243416667,13.2113917,-1
2004,115,12,28.2305,352.981,118.93,140.375,29.035,15.935,0.59245,6.65,0.243416667,13.21139183,-1
2004,115,13,34.2085,251.873,85.74,97.95,18.87,14.595,0.70615,6.98,0.243416667,13.21139224,-1
2004,115,14,43.411,236.946,82.75,94.805,17.855,13.6,0.7687,8.475,0.243416667,13.21139169,-1
2004,115,15,54.112,303.232,110.715,129.135,25.895,13.5,0.79015,10.725,0.243416667,13.21139172,-1
2004,115,16,65.415,164.703,61.085,67.415,14.2,13.58,0.79725,10.835,0.243416667,13.21139177,-1
2004,115,17,76.823,88.021,33.975,33.91,7.75,13.865,0.8017,10.245,0.243416667,13.21139168,-1
2004,115,18,87.9125,14.145,6.29,2.46,1.305,14.15,0.8042,8.555,0.243416667,13.18287394,-1
2004,115,19,98.834,0.46,0.18,0,0.015,14.29,0.81135,7.325,0.243416667,13.18030823,-1
2004,115,20,108.61,0.322,0,0,0.05,14.68,0.7945,7.635,0.243416667,13.18079471,-1
2004,115,21,116.916,0.414,0,0,0.25,14.26,0.8394,7.785,0.243416667,13.18093599,-1
2004,115,22,123.0405,0.46,0,0,0.125,14.03,0.88395,7.32,0.243416667,13.18110699,-1
2004,115,23,126.1945,0.46,0,0,0.01,14.375,0.89855,6.14,0.243416667,13.18130327,-1
2004,116,0,125.8495,0.46,0,0,0,14.845,0.941,6.175,0.021166667,13.18150985,-1
2004,116,1,122.065,0.46,0,0,0.08,15.555,0.9479,5.625,0.021166667,13.18171268,-1
2004,116,2,115.456,0.46,0,0,0.09,15.335,0.9551,5.275,0.021166667,13.18189775,-1
2004,116,3,106.811,0.46,0,0,0.1,15.475,0.95055,6.28,0.021166667,13.18205218,-1
2004,116,4,96.8135,0.805,0.45,0,0.02,15.575,0.9541,6.08,0.021166667,13.18217069,-1
2004,116,5,85.7325,16.537,6.785,1.995,1.45,15.465,0.9551,5.135,0.021166667,13.1832391,-1
2004,116,6,74.6025,273.079,109.17,130.695,33.06,15.64,0.8933,6.855,0.021166667,13.16800301,-1
2004,116,7,63.1655,563.868,222.29,278.065,65.545,15.84,0.82095,9.485,0.021166667,13.1665693,-1
2004,116,8,51.9055,1008.021,401.325,509.32,111.185,15.86,0.76255,11.89,0.021166667,13.16654231,-1
2004,116,9,41.358,1187.49,475.45,606.465,129.53,16.08,0.7228,11.785,0.021166667,13.16654194,-1
2004,116,10,32.537,1355.758,541.91,691.845,143.58,15.965,0.669,13.025,0.021166667,13.16654201,-1
2004,116,11,27.3605,576.817,217.495,271.8,60.14,14.495,0.6777,11.495,0.021166667,13.1665423,-1
2004,116,12,27.929,650.486,244.87,306.755,66.895,13.555,0.71475,10.835,0.021166667,13.166542,-1
2004,116,13,33.9595,306.935,110.03,131.805,29.1,13.045,0.7287,10.175,0.021166667,13.16654217,-1
2004,116,14,43.207,351.992,129.86,156.23,34.02,13.18,0.73705,9.94,0.021166667,13.16654204,-1
2004,116,15,53.9335,257.163,95.48,113.26,25.485,12.7,0.7739,10.42,0.021166667,13.16654196,-1
2004,116,16,65.246,138.552,51.94,58.07,13.96,12.39,0.7806,9.795,0.021166667,13.16654198,-1
2004,116,17,76.654,104.397,40.695,43.675,10.94,12.175,0.75485,9.65,0.021166667,13.16654194,-1
2004,116,18,87.742,14.996,6.46,2.8,1.79,11.805,0.76885,7.005,0.021166667,13.14558997,-1
2004,116,19,98.633,0.161,0.295,0,0.43,10.93,0.73225,6.305,0.021166667,13.14361231,-1
2004,116,20,108.3825,0.023,0,0,0.03,10.05,0.7878,3.305,0.021166667,13.14418705,-1
2004,116,21,116.658,0.138,0,0,0.085,9.055,0.8323,3.295,0.021166667,13.14431813,-1
2004,116,22,122.7495,0.437,0,0,0.015,8.99,0.83505,3.305,0.021166667,13.1444801,-1
2004,116,23,125.879,0.46,0,0,0.005,8.255,0.8536,3.335,0.021166667,13.14467545,-1
2004,117,0,125.524,0.46,0,0,0.02,7.785,0.8708,3.88,0,13.14488233,-1
2004,117,1,121.75,0.46,0,0,0.01,7.76,0.87145,3.52,0,13.14508505,-1
2004,117,2,115.1615,0.46,0,0,0.01,7.5,0.87675,2.865,0,13.14527009,-1
2004,117,3,106.5385,0.46,0,0,0.045,6.78,0.9035,3.165,0,13.14542456,-1
2004,117,4,96.562,1.173,0.885,0,0.04,6.615,0.9086,3.135,0,13.14554825,-1
2004,117,5,85.5075,78.729,32.73,33.91,11.31,6.52,0.91155,2.45,0,13.21209686,-1
2004,117,6,74.373,389.482,156.205,194.395,55.26,8.48,0.88,2.91,0,13.21118329,-1
2004,117,7,62.9355,780.206,314.015,400.855,100.03,11.08,0.7837,3.12,0,13.21111339,-1
2004,117,8,51.664,1160.971,467.285,600.47,135.645,13.585,0.6223,5.84,0,13.21111212,-1
2004,117,9,41.095,1477.014,601.395,768.805,160.785,15.305,0.4798,7.55,0,13.21111213,-1
2004,117,10,32.2415,1710.878,703.385,898.185,179.5,15.87,0.4475,8.36,0,13.21111209,-1
2004,117,11,27.0405,1653.194,677.54,866.935,174.28,16.3,0.4417,8.85,0,13.2111121,-1
2004,117,12,27.631,1676.401,684.72,881.26,183.14,16.865,0.37315,10.65,0,13.21111212,-1
2004,117,13,33.715,1699.401,688.405,891.445,192.25,16.87,0.31755,10.57,0,13.21111216,-1
2004,117,14,43.006,1285.01,507.825,660.45,152.845,16.58,0.30085,10.905,0,13.21111229,-1
2004,117,15,53.757,1007.17,390.9,509.465,128.475,16.34,0.29605,9.68,0,13.21111218,-1
2004,117,16,65.079,639.101,242.455,312.23,90.24,16.01,0.29755,9.81,0,13.21111212,-1
2004,117,17,76.4855,339.848,129.415,165.935,58.48,15.625,0.31405,9.2,0,13.21111211,-1
2004,117,18,87.573,44.413,18.725,17.525,9.015,14.1,0.3806,6.385,0,13.21110164,-1
2004,117,19,98.435,0.115,0.13,0,0.405,11.765,0.48665,3.73,0,13.25120736,-1
2004,117,20,108.158,0.046,0,0,0.005,10.03,0.56935,3.725,0,13.25621244,-1
2004,117,21,116.402,0,0,0,0,9.31,0.57235,3.135,0,13.25643346,-1
2004,117,22,122.46,0.023,0,0,0,8.065,0.61445,2.995,0,13.25658366,-1
2004,117,23,125.5665,0,0,0,0.155,7.56,0.6363,3.805,0,13.25675256,-1
2004,118,0,125.204,0.046,0,0,0.135,6.135,0.7168,3.965,0,13.25693044,-1
2004,118,1,121.44,0.184,0,0,0.035,5.34,0.7359,3.62,0,13.25710911,-1
2004,118,2,114.871,0.299,0,0,0.015,5.175,0.7182,4.415,0,13.25727982,-1
2004,118,3,106.2705,0.069,0,0,0.055,4.67,0.7231,4.855,0,13.2574208,-1
2004,118,4,96.313,1.012,0.785,0,0.53,3.555,0.76505,4.845,0,13.25753154,-1
2004,118,5,85.2495,81.811,34.865,35.885,12.84,2.72,0.80715,3.79,0,13.31740125,-1
2004,118,6,74.147,422.349,176.255,222.735,65.91,4.39,0.70715,4.735,0,13.31615951,-1
2004,118,7,62.7085,828.161,337.8,438.215,112.14,6.045,0.50945,6.53,0,13.3160901,-1
2004,118,8,51.43,1204.74,494.945,641.61,146.385,6.91,0.45835,7.07,0,13.31608888,-1
2004,118,9,40.839,1478.026,613.885,789.93,165.77,7.835,0.4401,7.665,0,13.31608891,-1
2004,118,10,31.951,1468.09,609.3,780.1,156.78,8.585,0.40985,7.94,0,13.31608885,-1
2004,118,11,26.724,1725.897,719.905,920.96,182.255,9.755,0.359,8.295,0,13.31608887,-1
2004,118,12,27.337,1780.568,740.09,949.9,189.78,10.515,0.32215,8.26,0,13.31608889,-1
2004,118,13,33.475,1708.992,699.03,901.49,188.595,11.195,0.29505,7.975,0,13.31608897,-1
2004,118,14,42.8085,1481.223,592.35,768.24,172.715,11.81,0.27515,6.995,0,13.31608919,-1
2004,118,15,53.582,1167.687,452.225,591.18,146.78,12.42,0.26485,5.635,0,13.31608889,-1
2004,118,16,64.915,628.659,236.645,304.94,81.65,12.775,0.26515,4.61,0,13.31608891,-1
2004,118,17,76.3175,132.112,52.115,57.405,14.305,12.615,0.27515,3.755,0,13.31608884,-1
2004,118,18,87.3665,32.89,14.595,11.975,4.29,12.345,0.3014,2.675,0,13.31492455,-1
2004,118,19,98.2365,0.138,0.445,0,0,11.675,0.3684,2.24,0,13.33236852,-1
2004,118,20,107.9345,0.046,0,0,0,10.765,0.47575,2.625,0,13.33438843,-1
2004,118,21,116.149,0.299,0,0,0,10.47,0.51275,2.755,0,13.33455479,-1
2004,118,22,122.175,0.138,0,0,0.005,9.685,0.56135,3.595,0,13.3347158,-1
2004,118,23,125.257,0,0,0,0.09,8.025,0.62435,4.55,0,13.33488874,-1
2004,119,0,124.888,0,0,0,0,7.56,0.6133,5.305,0.0635,13.33506568,-1
2004,119,1,121.1345,0.023,0,0,0.05,7.42,0.60285,6.255,0.0635,13.33523868,-1
2004,119,2,114.586,0,0,0,0.005,7.565,0.59505,6.99,0.0635,13.33539656,-1
2004,119,3,106.008,0.115,0,0,0.005,7.68,0.5853,7.53,0.0635,13.33552891,-1
2004,119,4,96.0695,1.219,0.925,0,0.115,7.875,0.5743,8.445,0.0635,13.33564179,-1
2004,119,5,85.0355,95.519,38.635,40.95,15.4,8.3,0.5601,8.855,0.0635,13.39156495,-1
2004,119,6,73.926,407.859,158.31,200.995,58.27,10.47,0.50445,9.7,0.0635,13.39031225,-1
2004,119,7,62.487,729.261,281.56,363.9,91.6,12.87,0.4627,12.65,0.0635,13.39025578,-1
2004,119,8,51.1985,652.671,252.565,318.83,73.015,15.83,0.42265,13.765,0.0635,13.3902548,-1
2004,119,9,40.587,1145.446,447.98,575.665,125.825,17.595,0.42655,14.39,0.0635,13.39025486,-1
2004,119,10,31.667,1068.419,412.485,527.055,114.975,20.055,0.4295,16.14,0.0635,13.39025481,-1
2004,119,11,26.412,1382.76,537.91,699.43,151.7,21.86,0.4123,17.415,0.0635,13.39025491,-1
2004,119,12,27.0455,1067.246,408.425,526.285,116.62,22.93,0.3833,19.215,0.0635,13.39025527,-1
2004,119,13,33.2365,1642.936,639.29,836.595,186.77,24.365,0.31905,18.1,0.0635,13.39025482,-1
2004,119,14,42.614,1433.406,546.775,718.8,168.81,24.49,0.32445,18.07,0.0635,13.39025489,-1
2004,119,15,53.4095,1115.592,417.22,547.88,138.82,25.16,0.3136,16.97,0.0635,13.39025505,-1
2004,119,16,64.749,714.311,260.34,339.185,96.95,25.265,0.3036,16.525,0.0635,13.39025481,-1
2004,119,17,76.1525,320.275,116.22,144.255,48.085,24.21,0.32435,14.77,0.0635,13.3902548,-1
2004,119,18,87.1985,44.551,17.77,15.375,6.635,22.37,0.3721,13.945,0.0635,13.39024241,-1
2004,119,19,98.041,0.207,0.185,0,0.505,20.625,0.4386,11.255,0.0635,13.42724118,-1
2004,119,20,107.7135,0,0,0,0.39,19.275,0.4926,10.155,0.0635,13.43209034,-1
2004,119,21,115.894,0,0,0,0.175,18.39,0.52045,10.41,0.0635,13.43231089,-1
2004,119,22,121.892,0,0,0,0.115,18.155,0.5134,10.68,0.0635,13.43246117,-1
2004,119,23,124.95,0.023,0,0,0.465,17.04,0.5441,8.57,0.0635,13.43262977,-1
2004,120,0,124.5755,0,0,0,0.005,16.275,0.56945,7.865,0,13.4328067,-1
2004,120,1,120.8335,0,0,0,0.015,15.94,0.58535,7.665,0,13.4329786,-1
2004,120,2,114.3045,0,0,0,0.38,14.83,0.6413,6.645,0,13.43313432,-1
2004,120,3,105.7475,0,0,0,0.005,13.995,0.6709,6.235,0,13.43326419,-1
2004,120,4,95.828,1.173,0.925,0,0.035,13.555,0.6693,6.505,0,13.43337259,-1
2004,120,5,84.823,76.751,30.425,30.475,10.36,13.5,0.66435,6.76,0,13.47856311,-1
2004,120,6,73.708,445.188,172.525,220.895,64.295,15.08,0.61505,8.54,0,13.47641938,-1
2004,120,7,62.2705,515.775,197.715,249.04,61.17,17.44,0.53515,9.65,0,13.47633463,-1
2004,120,8,50.9745,550.666,208.81,260.98,61.98,18.61,0.49985,9.135,0,13.47633319,-1
2004,120,9,40.3425,867.905,335.1,424.015,96.675,19.54,0.47945,9.365,0,13.47633319,-1
2004,120,10,31.386,1336.415,527.045,675.605,147.615,21.675,0.4374,10.685,0,13.47633315,-1
2004,120,11,26.104,913.261,344.025,438.5,100.46,21.87,0.44355,10.41,0,13.47633316,-1
2004,120,12,26.757,905.326,340,431.495,96.94,21.39,0.4826,8.69,0,13.47633319,-1
2004,120,13,33.002,903.417,345.72,437.2,99.2,22.28,0.48395,10.795,0,13.47633324,-1
2004,120,14,42.42,847.113,323.475,406.125,93.71,22.575,0.46635,9.525,0,13.47633341,-1
2004,120,15,53.24,627.233,240.45,300.035,72.78,23.56,0.3812,9.58,0,13.4763332,-1
2004,120,16,64.587,432.63,165.095,202.21,50.175,23.98,0.3342,9.96,0,13.47633322,-1
2004,120,17,75.9875,134.987,52.35,57.24,14.605,23.255,0.3433,8.895,0,13.47633316,-1
2004,120,18,87.032,32.522,14.71,11.19,4.93,22.22,0.3728,7.265,0,13.47491133,-1
2004,120,19,97.8445,0.253,0.26,0,0.35,20.565,0.4372,4.955,0,13.48857427,-1
2004,120,20,107.4925,0.161,0,0,0.005,19.055,0.5119,2.8,0,13.49046527,-1
2004,120,21,115.6435,0.069,0,0,0,18.415,0.5576,1.975,0,13.49062898,-1
2004,120,22,121.6105,0.023,0,0,0,17.18,0.5634,2.14,0,13.49078124,-1
2004,120,23,124.6475,0.023,0,0,0,16.625,0.60105,3.005,0,13.49095098,-1
2004,121,0,124.2675,0,0,0,0,16.445,0.6328,3.085,0.137583333,13.49112791,-1
2004,121,1,120.5355,0.023,0,0,0,16.93,0.65955,4.095,0.137583333,13.49129975,-1
2004,121,2,114.027,0,0,0,0.025,16.79,0.6846,2.915,0.137583333,13.4914561,-1
2004,121,3,105.4935,0.023,0,0,0,16.105,0.7118,1.325,0.137583333,13.4915849,-1
2004,121,4,95.5575,0.897,0.505,0,0.33,14.97,0.75915,3.445,0.137583333,13.49168886,-1
2004,121,5,84.6125,40.641,17.145,14.63,4.705,14.395,0.7526,4.52,0.137583333,13.51795832,-1
2004,121,6,73.4955,176.778,68.115,76.585,17.105,15.41,0.7219,4.35,0.137583333,13.50554883,-1
2004,121,7,62.0585,736.736,285.27,361.93,89.515,17.67,0.6555,5.5,0.137583333,13.50507164,-1
2004,121,8,50.7535,1182.384,462.145,591.345,136.315,19.795,0.63145,5.72,0.137583333,13.50506353,-1
2004,121,9,40.0995,1288.828,505.865,646.88,143.405,20.91,0.58605,6.185,0.137583333,13.50506342,-1
2004,121,10,31.111,1305.066,512.58,652.48,140.45,21.735,0.539,6.11,0.137583333,13.50506348,-1
2004,121,11,25.801,1150.943,446.59,570.71,125.12,22.61,0.50065,6.205,0.137583333,13.50506369,-1
2004,121,12,26.4735,1029.963,398.985,504.76,110.75,23.375,0.4742,6.465,0.137583333,13.50506355,-1
2004,121,13,32.769,880.164,339.055,426.475,95.745,24.11,0.4574,7.42,0.137583333,13.50506346,-1
2004,121,14,42.2295,296.286,109.5,127.695,28.85,24.1,0.4523,8.245,0.137583333,13.50506353,-1
2004,121,15,53.0685,205.413,74.44,83.885,19.1,23.64,0.4941,9.36,0.137583333,13.5050637,-1
2004,121,16,64.4235,182.252,67.76,76.07,18.54,23.215,0.53505,9.31,0.137583333,13.50506344,-1
2004,121,17,75.8205,56.879,19.96,16.465,6.295,21.09,0.67965,7.455,0.137583333,13.50506132,-1
2004,121,18,86.8295,5.566,1.945,0,1.07,18.07,0.9034,5.14,0.137583333,13.44177996,-1
2004,121,19,97.649,0.506,0.27,0,0.27,17.5,0.92515,3.285,0.137583333,13.44075461,-1
2004,121,20,107.2735,0.46,0,0,0.18,16.93,0.93685,2.82,0.137583333,13.44097639,-1
2004,121,21,115.397,0.46,0,0,0.095,16.385,0.9512,3.935,0.137583333,13.44112057,-1
2004,121,22,121.3335,0.46,0,0,0.935,15.7,0.95195,5.85,0.137583333,13.4412959,-1
2004,121,23,124.3505,0.46,0,0,2.21,11.04,0.95565,7.92,0.137583333,13.44149309,-1
2004,122,0,123.9655,0.46,0,0,0.45,9.115,0.9606,7.17,0.254,13.4416988,-1
2004,122,1,120.244,0.46,0,0,0.32,8.46,0.94885,7.105,0.254,13.44189874,-1
2004,122,2,113.755,0.46,0,0,0.25,8.115,0.9458,8.155,0.254,13.44208041,-1
2004,122,3,105.2425,0.46,0,0,0.055,7.965,0.9237,7.245,0.254,13.4422297,-1
2004,122,4,95.3285,0.897,0.805,0,0.14,8.01,0.91445,5.125,0.254,13.44234275,-1
2004,122,5,84.4045,12.972,5.53,0.515,1.29,8.01,0.9223,6.225,0.254,13.44273015,-1
2004,122,6,73.287,38.433,13.385,9.075,2.755,7.94,0.927,4.68,0.254,13.37602404,-1
2004,122,7,61.8505,85.882,29.52,29.165,5.805,7.825,0.942,6.475,0.254,13.33619443,-1
2004,122,8,50.5375,290.812,103.695,122.84,23.795,8.1,0.9256,8.445,0.254,13.33547838,-1
2004,122,9,39.8645,604.44,223.45,274.145,53.84,9.06,0.8982,9.6,0.254,13.33546847,-1
2004,122,10,30.841,182.39,63.525,69.955,13.57,9.36,0.8833,8.26,0.254,13.33546835,-1
2004,122,11,25.5025,311.535,109.755,128.715,25.005,9.04,0.8928,8.74,0.254,13.33546841,-1
2004,122,12,26.194,298.126,104.08,120.54,23.805,9.21,0.88375,8.655,0.254,13.33546861,-1
2004,122,13,32.5415,336.145,117.99,138.28,27.865,9.24,0.84185,10.325,0.254,13.33546847,-1
2004,122,14,42.0395,284.188,100.065,116.29,23.36,9.27,0.8005,8.91,0.254,13.33546839,-1
2004,122,15,52.901,170.223,59.78,66.495,13.96,9.135,0.7961,8.555,0.254,13.33546844,-1
2004,122,16,64.263,122.199,43.48,46.05,10.13,9.04,0.79855,7.46,0.254,13.3354685,-1
2004,122,17,75.659,51.106,18.605,15.555,4.455,8.74,0.80375,6.88,0.254,13.33544199,-1
2004,122,18,86.665,12.006,5.055,1.76,1.47,8.185,0.77405,6.455,0.254,13.27806519,-1
2004,122,19,97.4565,0.276,0.29,0,0.575,7.425,0.85205,5.6,0.254,13.27790159,-1
2004,122,20,107.0555,0.414,0,0,0.265,6.845,0.85845,5.995,0.254,13.27815384,-1
2004,122,21,115.15,0.437,0,0,0.11,6.755,0.86715,4.87,0.254,13.27829602,-1
2004,122,22,121.0595,0.322,0,0,0.105,6.7,0.87365,3.45,0.254,13.27846704,-1
2004,122,23,124.056,0.138,0,0,0.155,6.515,0.8836,3.39,0.254,13.27865065,-1
2004,123,0,123.6655,0.092,0,0,0.11,6.375,0.8854,3.39,0,13.27883475,-1
2004,123,1,119.9545,0.23,0,0,0.115,6.195,0.88125,4.235,0,13.27901674,-1
2004,123,2,113.486,0.299,0,0,0.095,6.02,0.8838,4.225,0,13.27918755,-1
2004,123,3,104.9965,0.253,0,0,0.2,5.705,0.89225,4.515,0,13.27933041,-1
2004,123,4,95.067,1.587,1.07,0,0.22,5.415,0.88335,4.21,0,13.27945051,-1
2004,123,5,84.2035,52.463,20.525,17.055,5.23,4.98,0.8814,2.925,0,13.32252403,-1
2004,123,6,73.0845,447.672,182.32,227.605,64.205,5.775,0.8216,3.89,0,13.31846395,-1
2004,123,7,61.649,867.399,351.535,448.945,111.1,7.34,0.752,5.42,0,13.31827121,-1
2004,123,8,50.3275,1225.831,504.175,639.845,141.64,8.415,0.7304,4.705,0,13.31826785,-1
2004,123,9,39.6325,1266.495,521.51,658.885,137.365,9.35,0.6754,3.785,0,13.31826779,-1
2004,123,10,30.575,1254.305,514.16,647.275,129.915,9.99,0.6224,4.115,0,13.31826781,-1
2004,123,11,25.209,1698.297,710.09,890.475,175.495,11.09,0.5238,3.215,0,13.31826788,-1
2004,123,12,25.918,1738.501,722.03,912.66,186.48,11.805,0.50265,2.82,0,13.31826812,-1
2004,123,13,32.315,790.096,312.84,389.615,83.48,11.91,0.51165,3.5,0,13.31826787,-1
2004,123,14,41.8525,98.348,31.085,34.37,9.06,9.46,0.634,5.475,0,13.31826803,-1
2004,123,15,52.737,207.69,75.375,88.055,18.265,6.345,0.8987,5.455,0,13.31826785,-1
2004,123,16,64.104,170.706,64.27,73.645,17.755,6.78,0.83725,5.07,0,13.31826788,-1
2004,123,17,75.4955,371.818,147.39,189.065,59.22,6.79,0.84975,6.865,0,13.31826781,-1
2004,123,18,86.501,54.97,21.12,18.69,8.375,6.305,0.8536,5.715,0,13.31826756,-1
2004,123,19,97.2655,0.69,0.465,0,0.11,5.83,0.88355,3.66,0,13.36726596,-1
2004,123,20,106.84,0.161,0,0,0.03,5.965,0.871,2.48,0,13.37596349,-1
2004,123,21,114.906,0.253,0,0,0.045,5.805,0.87785,2.975,0,13.37626967,-1
2004,123,22,120.7875,0.161,0,0,0.01,6.605,0.80705,4.475,0,13.376432,-1
2004,123,23,123.765,0,0,0,0.23,6.12,0.7369,4.885,0,13.37660567,-1
2004,124,0,123.3715,0.092,0,0,0.245,4.9,0.768,4.215,0,13.37678421,-1
2004,124,1,119.673,0.115,0,0,0.07,4.735,0.73105,4.13,0,13.37696221,-1
2004,124,2,113.224,0.069,0,0,0.05,4.445,0.67525,3.89,0,13.37712353,-1
2004,124,3,104.754,0.046,0,0,0,4.115,0.69385,2.955,0,13.37725557,-1
2004,124,4,94.85,1.288,1.215,0,0.125,4.18,0.7136,1.88,0,13.3773668,-1
2004,124,5,84.003,34.477,14.895,12.05,3.705,4.355,0.74125,2.135,0,13.40322289,-1
2004,124,6,72.8845,382.145,161.835,204.19,53.7,5.055,0.72375,2.73,0,13.3869534,-1
2004,124,7,61.4515,835.038,344.065,437.54,108.885,6.22,0.59635,2.44,0,13.38619489,-1
2004,124,8,50.1225,1210.904,503.975,634.75,139.95,7.885,0.50485,1.685,0,13.38618159,-1
2004,124,9,39.407,1534.284,647.6,809.585,164.54,9.015,0.49975,1.57,0,13.38618148,-1
2004,124,10,30.3155,1559.032,651.025,817.77,161.29,9.73,0.52165,2.12,0,13.38618164,-1
2004,124,11,24.92,1262.079,517.325,653.345,131.11,10.19,0.5139,2.475,0,13.38618143,-1
2004,124,12,25.646,1285.194,524.335,663.61,135.49,10.815,0.49425,3.285,0,13.38618146,-1
2004,124,13,32.0925,917.585,364.17,460.165,99.47,11.08,0.4775,3.525,0,13.38618155,-1
2004,124,14,41.6695,869.975,349.78,438.515,96.97,11.675,0.4473,2.635,0,13.3861818,-1
2004,124,15,52.5715,998.683,394.935,507.93,123.835,12.305,0.4178,3.58,0,13.38618145,-1
2004,124,16,63.946,626.129,243.065,312.955,85.89,12.37,0.4081,4.3,0,13.38618146,-1
2004,124,17,75.335,246.606,96.815,118.405,36.83,12.125,0.43505,3.545,0,13.38618141,-1
2004,124,18,86.302,77.993,32.055,32.445,13.145,11.415,0.50315,3.23,0,13.38618143,-1
2004,124,19,97.0735,0.483,0.78,0,0.065,9.635,0.61145,3.315,0,13.43157453,-1
2004,124,20,106.6245,0,0,0,0,8.935,0.64275,3.725,0,13.44735202,-1
2004,124,21,114.665,0.023,0,0,0.005,7.57,0.7097,3.47,0,13.44780795,-1
2004,124,22,120.52,0,0,0,0,7.175,0.7233,3.405,0,13.44796106,-1
2004,124,23,123.479,0,0,0,0,6.715,0.74275,3.465,0,13.44812826,-1
2004,125,0,123.081,0,0,0,0,6.755,0.7624,3.31,0,13.44830407,-1
2004,125,1,119.3955,0.023,0,0,0,6.81,0.79385,3.545,0,13.44847657,-1
2004,125,2,112.965,0.092,0,0,0,7.29,0.80145,4.8,0,13.44863581,-1
2004,125,3,104.5185,0.092,0,0,0,7.6,0.79255,5.36,0,13.44877043,-1
2004,125,4,94.638,1.955,1.235,0,0.095,7.835,0.7823,6.26,0,13.44889481,-1
2004,125,5,83.8065,115.391,47.375,53.39,18.195,8.155,0.78485,7.09,0,13.50468377,-1
2004,125,6,72.692,459.701,179.96,228.885,66.99,9.29,0.76095,8.265,0,13.50360722,-1
2004,125,7,61.258,845.342,328.75,423.1,106.635,11.04,0.70255,10.06,0,13.50356322,-1
2004,125,8,49.9215,1167.71,458.25,589.05,134.22,12.99,0.6406,11.495,0,13.50356261,-1
2004,125,9,39.1885,1077.849,418.885,536.675,119.37,14.08,0.60065,11.31,0,13.50356252,-1
2004,125,10,30.063,338.054,119.94,143.555,31.435,13.845,0.62365,9.115,0,13.50356277,-1
2004,125,11,24.6335,530.771,188.855,234.56,51.99,14.505,0.6185,9.06,0,13.50356254,-1
2004,125,12,25.378,402.339,139.65,167.65,36.2,15.445,0.6084,8.605,0,13.50356279,-1
2004,125,13,31.8735,341.366,117.005,138.335,29.205,15.435,0.66155,8.43,0,13.50356252,-1
2004,125,14,41.4865,287.109,103.625,122.235,26.145,14.53,0.7671,10.91,0,13.50356266,-1
2004,125,15,52.409,231.058,84.74,97.91,21.21,14.355,0.81245,9.6,0,13.50356251,-1
2004,125,16,63.789,559.383,208.535,260.405,65.585,15.085,0.786,10.955,0,13.5035625,-1
2004,125,17,75.177,344.678,128.05,158.52,47.79,15.325,0.76995,9.395,0,13.50356247,-1
2004,125,18,86.1415,69.805,28.41,29.055,12.09,14.835,0.79165,7.87,0,13.50356252,-1
2004,125,19,96.885,0.782,0.55,0,0.435,13.35,0.8585,4.83,0,13.54360125,-1
2004,125,20,106.4135,0.115,0,0,0.095,12.55,0.88015,4.63,0,13.55596449,-1
2004,125,21,114.4265,0.391,0,0,0.11,11.915,0.89815,4.205,0,13.55636685,-1
2004,125,22,120.2555,0.437,0,0,0.01,11.12,0.9215,3.16,0,13.55653974,-1
2004,125,23,123.1985,0.46,0,0,0.025,10.62,0.92895,3.455,0,13.55673352,-1
2004,126,0,122.797,0.46,0,0,0.04,9.76,0.94745,3.485,0,13.55693791,-1
2004,126,1,119.12,0.46,0,0,0.14,9.86,0.9506,3.735,0,13.55713835,-1
2004,126,2,112.7115,0.46,0,0,0.035,10.365,0.95415,4.6,0,13.55731984,-1
2004,126,3,104.286,0.46,0,0,0.33,9.5,0.95955,3.585,0,13.55747126,-1
2004,126,4,94.3935,3.105,1.54,0.11,0.79,7.935,0.97085,2.335,0,13.55762699,-1
2004,126,5,83.6145,131.238,49.07,59.89,22.085,6.775,0.9764,2.555,0,13.6099399,-1
2004,126,6,72.502,481.229,195.995,245.23,70.155,9.41,0.8867,3.49,0,13.60887622,-1
2004,126,7,61.071,896.494,360.925,462.315,115.235,12.7,0.6363,3.92,0,13.60883778,-1
2004,126,8,49.7275,1271.578,517.89,663.615,149.94,14.715,0.55855,4.105,0,13.60883712,-1
2004,126,9,38.9735,1572.211,653.165,827.815,171.985,16.84,0.48675,3.34,0,13.60883719,-1
2004,126,10,29.814,1784.34,754.64,947.485,184.965,19.07,0.34795,1.865,0,13.60883744,-1
2004,126,11,24.355,1878.87,796.9,995.22,188.86,20.545,0.30125,1.435,0,13.6088372,-1
2004,126,12,25.114,1872.936,787.71,987.65,190.175,21.755,0.26605,1.435,0,13.60883744,-1
2004,126,13,31.6565,1758.373,723.875,912.655,185.96,22.78,0.2513,1.98,0,13.6088372,-1
2004,126,14,41.308,1495.598,593.685,758.99,168.645,22.885,0.28815,3.295,0,13.60883735,-1
2004,126,15,52.2475,1242,478.81,617.93,152.205,23.5,0.2444,4.9,0,13.60883717,-1
2004,126,16,63.6345,846.515,313.915,404.08,114.095,23.975,0.2416,5.585,0,13.60883719,-1
2004,126,17,75.018,342.286,124.685,150.895,48.71,23.715,0.26055,5.08,0,13.60883713,-1
2004,126,18,85.9805,95.634,37.03,37.855,16.64,22.505,0.35715,4.05,0,13.60883701,-1
2004,126,19,96.6985,0.713,0.89,0,0.06,20.47,0.4483,4.365,0,13.64497315,-1
2004,126,20,106.2035,0,0,0,0.09,18.38,0.53775,4.795,0,13.66403656,-1
2004,126,21,114.189,0,0,0,0.1,16.805,0.6169,4.61,0,13.66459211,-1
2004,126,22,119.9935,0.023,0,0,0.01,16.19,0.6553,4.645,0,13.66474614,-1
2004,126,23,122.9195,0.115,0,0,0.01,15.795,0.69215,4.505,0,13.6649161,-1
2004,127,0,122.517,0.368,0,0,0,15.905,0.73445,4.315,0.264583333,13.66510389,-1
2004,127,1,118.852,0.299,0,0,0,15.7,0.79065,4.225,0.264583333,13.66529522,-1
2004,127,2,112.4635,0.253,0,0,0.04,15.455,0.8282,4.645,0.264583333,13.66546616,-1
2004,127,3,104.0595,0.391,0,0,0,15.27,0.8376,4.4,0.264583333,13.66560938,-1
2004,127,4,94.1915,3.22,1.865,0,0.37,15.27,0.8339,5,0.264583333,13.66576484,-1
2004,127,5,83.4275,120.152,46.94,50.72,16.9,15.9,0.8129,5.66,0.264583333,13.71159762,-1
2004,127,6,72.3175,474.26,181.165,226.755,65.36,18.5,0.7203,7.005,0.264583333,13.71029095,-1
2004,127,7,60.8875,880.21,336.765,431.22,107.63,21.225,0.62485,9.3,0.264583333,13.7102475,-1
2004,127,8,49.538,1242.391,484.685,617.95,137.53,23.22,0.57275,8.74,0.264583333,13.71024676,-1
2004,127,9,38.765,1548.521,615.46,780.99,160.73,25.09,0.52415,8.31,0.264583333,13.71024682,-1
2004,127,10,29.5705,1759.707,706.335,894.1,176.175,26.98,0.48195,8.77,0.264583333,13.71024703,-1
2004,127,11,24.08,1857.457,742.165,943.26,185.61,28.155,0.46245,9.935,0.264583333,13.71024689,-1
2004,127,12,24.855,1846.417,731.64,933.1,187.98,28.985,0.44135,9.815,0.264583333,13.71024683,-1
2004,127,13,31.444,1732.866,674.32,864.555,183.18,29.525,0.4236,11.125,0.264583333,13.71024679,-1
2004,127,14,41.1315,1502.038,569.39,734.515,166.905,29.76,0.4183,11.305,0.264583333,13.71024679,-1
2004,127,15,52.089,1118.168,413.47,532.875,131.475,29.7,0.41875,11.49,0.264583333,13.71024677,-1
2004,127,16,63.4805,673.44,241.82,307.26,84.81,29.155,0.4395,11.02,0.264583333,13.71024678,-1
2004,127,17,74.86,388.953,136.665,168.315,56.08,28.66,0.4405,9.595,0.264583333,13.71024678,-1
2004,127,18,85.7855,62.284,22.3,18.835,8.51,27.195,0.45475,7.645,0.264583333,13.7102469,-1
2004,127,19,96.5115,0.69,0.44,0,0.51,25.155,0.5093,5.63,0.264583333,13.73971584,-1
2004,127,20,105.9955,0,0,0,0.155,23.17,0.59455,5.065,0.264583333,13.74850548,-1
2004,127,21,113.957,0.023,0,0,0.075,22.06,0.633,5.515,0.264583333,13.74883312,-1
2004,127,22,119.738,0,0,0,0.07,21.015,0.6774,5.685,0.264583333,13.74898388,-1
2004,127,23,122.6455,0,0,0,0.015,20.74,0.7062,6.345,0.264583333,13.74915019,-1
2004,128,0,122.242,0,0,0,0.275,20.27,0.73285,6.94,0,13.74932443,-1
2004,128,1,118.5885,0,0,0,0.125,19.49,0.76645,6.71,0,13.74949462,-1
2004,128,2,112.2205,0,0,0,0.16,18.915,0.79025,6.655,0,13.74965006,-1
2004,128,3,103.837,0.069,0,0,0.05,18.65,0.79685,7.265,0,13.74977957,-1
2004,128,4,93.9565,3.358,1.845,0.05,0.395,18.515,0.7954,6.785,0,13.749928,-1
2004,128,5,83.2435,49.473,19.86,16.775,5.44,18.21,0.8036,5.185,0,13.77770518,-1
2004,128,6,72.138,154.054,56.25,65.975,18.23,16.05,0.789,10.345,0,13.7701471,-1
2004,128,7,60.709,105.041,36.9,38.045,9.425,14.535,0.72655,10.055,0,13.76990257,-1
2004,128,8,49.3525,431.917,157.665,194.58,45.37,14.81,0.72275,7.88,0,13.76989856,-1
2004,128,9,38.561,1165.042,448.255,571.96,124.4,16.25,0.72,7.265,0,13.76989861,-1
2004,128,10,29.334,1420.25,558.075,709.755,145.9,20.045,0.63675,5.325,0,13.76989848,-1
2004,128,11,23.8095,1856.652,748.48,939.11,178.17,22.16,0.56695,3.485,0,13.7698985,-1
2004,128,12,24.597,1830.984,733.065,923.27,177.125,22.325,0.56185,5.26,0,13.76989853,-1
2004,128,13,31.235,1711.798,677.54,855.325,171.545,21.505,0.6051,7.285,0,13.76989864,-1
2004,128,14,40.956,1489.733,576,733.635,159.285,20.465,0.63015,8.39,0,13.76989895,-1
2004,128,15,51.9325,1177.462,444.515,568.985,136.03,20.31,0.6484,7.23,0,13.76989851,-1
2004,128,16,63.328,795.133,291.39,372.87,102.515,21.13,0.62095,7.25,0,13.76989852,-1
2004,128,17,74.704,386.745,139.72,173.45,57.975,20.8,0.6252,6.56,0,13.76989847,-1
2004,128,18,85.6275,82.409,30.64,30.245,13.825,19.745,0.64625,5.975,0,13.76989848,-1
2004,128,19,96.328,0.943,0.355,0,1.1,17.03,0.6899,6.735,0,13.79766454,-1
2004,128,20,105.7895,0.023,0,0,0.755,14.92,0.7422,6.64,0,13.81125285,-1
2004,128,21,113.726,0,0,0,0.31,13.87,0.77005,7.235,0,13.81170889,-1
2004,128,22,119.4835,0.023,0,0,0.23,13.215,0.78815,7.705,0,13.81186061,-1
2004,128,23,122.377,0.046,0,0,0.15,12.645,0.7795,7.795,0,13.81202759,-1
2004,129,0,121.9715,0.092,0,0,0.04,12.215,0.7959,8.27,0,13.81220558,-1
2004,129,1,118.329,0.184,0,0,0.02,11.935,0.82335,6.825,0,13.81238308,-1
2004,129,2,111.9825,0.046,0,0,0.005,11.995,0.83705,7.32,0,13.81254537,-1
2004,129,3,103.619,0.184,0,0,0,12.07,0.8547,6.44,0,13.81267888,-1
2004,129,4,93.765,4.853,2.27,0.265,0.5,11.945,0.8754,4.84,0,13.81287091,-1
2004,129,5,83.066,139.725,54.445,62.32,22.355,12.61,0.876,4.305,0,13.85562238,-1
2004,129,6,71.962,485.484,185.645,236.395,70.355,15.555,0.7999,5.095,0,13.85440979,-1
2004,129,7,60.537,885.73,340.18,436.085,111.565,19.965,0.66565,6.36,0,13.85437287,-1
2004,129,8,49.1745,1224.635,478.21,611.42,137.585,23.21,0.5714,5.795,0,13.8543723,-1
2004,129,9,38.3635,1532.789,609.93,771.715,158.535,25.74,0.5203,4.13,0,13.85437242,-1
2004,129,10,29.1025,1605.101,643.52,809.12,156.61,27.36,0.4498,3.76,0,13.85437229,-1
2004,129,11,23.545,1711.798,687.73,869.43,169.69,28.47,0.35625,5.105,0,13.85437226,-1
2004,129,12,24.3465,1929.332,769.06,981.77,196.24,29.28,0.31955,6.67,0,13.85437227,-1
2004,129,13,31.0285,1629.918,635.975,814.395,171.515,29.73,0.31375,8.655,0,13.85437229,-1
2004,129,14,40.784,1302.651,498.11,637.585,142.06,29.655,0.32455,9.74,0,13.85437232,-1
2004,129,15,51.776,1198.814118,445.435,576.46,142.735,29.765,0.30405,10.01,0,13.85437238,-1
2004,129,16,63.177,816.109,294.305,379.78,107.4,29.44,0.3129,10.5,0,13.8543723,-1
2004,129,17,74.55,417.726,147.125,183.1,62.81,28.675,0.34055,10.275,0,13.85437228,-1
2004,129,18,85.472,90.022,31.83,31.125,15.545,27.31,0.3847,8.965,0,13.85437224,-1
2004,129,19,96.145,0.989,0.515,0,0.63,24.755,0.46845,5.7,0,13.87924191,-1
2004,129,20,105.5855,0.023,0,0,0,23.21,0.52525,2.985,0,13.89390174,-1
2004,129,21,113.4975,0.368,0,0,0,21.68,0.558,4.225,0,13.8944046,-1
2004,129,22,119.232,0.253,0,0,0.025,20.72,0.56905,4.695,0,13.89457219,-1
2004,129,23,122.1135,0,0,0,0.1,19.76,0.6181,4.465,0,13.89474571,-1
2004,130,0,121.7065,0.115,0,0,0.04,18.905,0.68115,4.55,0,13.89492222,-1
2004,130,1,118.077,0,0,0,0.005,18.08,0.74025,3.46,0,13.89509595,-1
2004,130,2,111.7485,0,0,0,0,17.81,0.7768,3.25,0,13.89525054,-1
2004,130,3,103.407,0,0,0,0,17.38,0.80665,2.83,0,13.89537936,-1
2004,130,4,93.5775,3.22,1.825,0.05,0.15,16.955,0.8359,2.96,0,13.89552271,-1
2004,130,5,82.89,90.735,36.515,38.05,10.26,17.265,0.84165,3.61,0,13.92706557,-1
2004,130,6,71.792,290.651,112.26,133.38,32.915,19.26,0.787,5.08,0,13.92478934,-1
2004,130,7,60.3695,793.937,304.66,388.32,96.77,21.985,0.6882,7.17,0,13.92472278,-1
2004,130,8,49,1250.211,486.05,619.735,139.565,24.795,0.5851,8.375,0,13.92472172,-1
2004,130,9,38.172,1507.213,591.275,752.15,157.07,26.345,0.5282,8.625,0,13.92472178,-1
2004,130,10,28.877,1314.312,512.735,649.885,134.25,27.33,0.4811,10.165,0,13.92472171,-1
2004,130,11,23.2855,1610.598,632.835,806.63,163.455,28.045,0.45425,11.05,0,13.92472176,-1
2004,130,12,24.098,1608.735,627.675,800.91,164.66,28.53,0.4346,11.14,0,13.92472193,-1
2004,130,13,30.8245,1593.486,614.145,784.865,168.325,29.105,0.42425,10.995,0,13.92472184,-1
2004,130,14,40.6155,1461.65,552.535,709.875,161.055,29.695,0.40065,10.68,0,13.92472172,-1
2004,130,15,51.622,1066.855,391.5,503.83,123.375,29.86,0.38685,11.155,0,13.92472173,-1
2004,130,16,63.0275,590.065,214.175,268.465,70.56,28.765,0.4386,11.565,0,13.92472174,-1
2004,130,17,74.3965,412.942,149.815,184.765,57.04,28.245,0.4684,10.47,0,13.92472168,-1
2004,130,18,85.281,76.889,29.015,28.06,12.5,27.585,0.476,8.77,0,13.92472172,-1
2004,130,19,95.964,1.104,0.605,0,0.475,25.78,0.5323,6.76,0,13.94536338,-1
2004,130,20,105.384,0.046,0,0,0.3,23.965,0.6063,5.345,0,13.9562647,-1
2004,130,21,113.2745,0.046,0,0,0.05,23.15,0.6475,5.805,0,13.95667563,-1
2004,130,22,118.9875,0.115,0,0,0,22.41,0.6684,5.815,0,13.95682947,-1
2004,130,23,121.853,0.069,0,0,0.175,21.39,0.69095,4.98,0,13.95699963,-1
2004,131,0,121.447,0,0,0,0,20.645,0.71575,4.425,0.137583333,13.95717506,-1
2004,131,1,117.8305,0.023,0,0,0,20.56,0.71495,4.12,0.137583333,13.95734468,-1
2004,131,2,111.5215,0.161,0,0,0,20.65,0.6946,4.65,0.137583333,13.9575035,-1
2004,131,3,103.2015,0,0,0,0.005,20.62,0.68795,4.895,0.137583333,13.9576362,-1
2004,131,4,93.3595,4.209,2.29,0.025,0.395,20.41,0.69125,5.185,0.137583333,13.9578023,-1
2004,131,5,82.72,114.632,45.135,49.21,15.235,19.59,0.7316,3.93,0.137583333,13.99014214,-1
2004,131,6,71.6285,455.63,177.345,222.615,63.945,21.78,0.6555,6.255,0.137583333,13.98842579,-1
2004,131,7,60.2075,807.576,310.08,397.67,100.145,24.09,0.5728,7.625,0.137583333,13.98837772,-1
2004,131,8,48.8335,1134.728,441.985,563.77,128.32,25.885,0.49155,7.965,0.137583333,13.98837694,-1
2004,131,9,37.9865,1105.541,429.74,543.26,117.09,26.695,0.4414,8.615,0.137583333,13.98837703,-1
2004,131,10,28.658,1007.584,392.99,494.68,104.75,27.14,0.4143,10.045,0.137583333,13.98837735,-1
2004,131,11,23.033,1602.709,631.9,806.96,166.03,28.27,0.36155,11.095,0.137583333,13.98837699,-1
2004,131,12,23.8555,1060.07,395.905,506.875,112.415,26.35,0.46485,13.17,0.137583333,13.98837712,-1
2004,131,13,30.627,1505.672,582.045,742.02,159.565,25.81,0.4671,10.825,0.137583333,13.98837757,-1
2004,131,14,40.447,1320.292,496.805,640.945,145.36,27.385,0.3988,12.06,0.137583333,13.98837696,-1
2004,131,15,51.4705,839.247,316.195,400.28,96.585,27.365,0.4217,11.395,0.137583333,13.98837698,-1
2004,131,16,62.8795,422.073,158.82,193.795,48.965,27.15,0.43445,10.535,0.137583333,13.98837699,-1
2004,131,17,74.244,257.83,97.7,116.17,31.63,26.375,0.44975,10.225,0.137583333,13.98837694,-1
2004,131,18,85.1275,59.087,24.02,22.15,6.945,25.865,0.49915,7.035,0.137583333,13.9883768,-1
2004,131,19,95.785,0.874,0.79,0,0.335,24.595,0.5539,4.765,0.137583333,14.00237019,-1
2004,131,20,105.185,0.092,0,0,0.165,22.72,0.6393,4.465,0.137583333,14.00876424,-1
2004,131,21,113.051,0.069,0,0,0.13,20.89,0.76185,1.69,0.137583333,14.00905894,-1
2004,131,22,118.7445,0.046,0,0,0.1,20.145,0.7818,3.4,0.137583333,14.00921027,-1
2004,131,23,121.598,0.414,0,0,0.385,18.985,0.86835,2.57,0.137583333,14.00938691,-1
2004,132,0,121.1905,0.46,0,0,0.1,18.39,0.9166,2.895,0.105833333,14.00958614,-1
2004,132,1,117.587,0.46,0,0,0.115,18.205,0.9366,4.2,0.105833333,14.00978362,-1
2004,132,2,111.2975,0.46,0,0,0.025,18.865,0.88135,4.525,0.105833333,14.00996248,-1
2004,132,3,102.9995,0.46,0,0,0.14,18.85,0.8835,5.4,0.105833333,14.01011154,-1
2004,132,4,93.1855,2.737,1.35,0,0.315,18.625,0.90445,4.845,0.105833333,14.01025572,-1
2004,132,5,82.555,60.743,24.715,21.865,5.89,18.605,0.91195,3.305,0.105833333,14.02848737,-1
2004,132,6,71.468,185.794,73.01,79.665,18.35,19.305,0.8977,3.15,0.105833333,14.02292225,-1
2004,132,7,60.05,592.825,229.565,276.375,61.605,20.62,0.8284,4.24,0.105833333,14.0227693,-1
2004,132,8,48.671,967.357,382.67,477.415,101.37,21.575,0.7966,3.745,0.105833333,14.02276688,-1
2004,132,9,37.8065,1495.828,599.945,753.645,153.89,23.19,0.7445,3.865,0.105833333,14.02276685,-1
2004,132,10,28.4435,1629.389,649.415,819.86,162.72,24.555,0.66425,5.765,0.105833333,14.02276686,-1
2004,132,11,22.7845,1763.939,700.465,888.945,177.03,25.815,0.57805,6.445,0.105833333,14.02276683,-1
2004,132,12,23.618,1644.431,650.41,825.885,168.43,27.095,0.4744,7.85,0.105833333,14.02276684,-1
2004,132,13,30.429,1320.154,513.975,649.44,137.625,27.5,0.45215,8.65,0.105833333,14.02276685,-1
2004,132,14,40.2825,1210.835,464.695,589.26,131.385,28.2,0.42505,8.67,0.105833333,14.02276687,-1
2004,132,15,51.321,927.935,348.4,441.6,107.065,28.375,0.4106,9.475,0.105833333,14.02276691,-1
2004,132,16,62.7325,858.659,317.125,406.87,112.215,28.64,0.39385,9.995,0.105833333,14.02276693,-1
2004,132,17,74.0935,392.38,141.935,175.33,57.325,27.97,0.42945,8.745,0.105833333,14.02276685,-1
2004,132,18,84.976,78.039,28.63,26.935,11.875,26.225,0.5164,6.03,0.105833333,14.02276682,-1
2004,132,19,95.6085,1.334,0.86,0,0.415,24.25,0.59505,6.025,0.105833333,14.03923174,-1
2004,132,20,104.988,0.069,0,0,0.105,22.955,0.6702,4.78,0.105833333,14.04959353,-1
2004,132,21,112.833,0.046,0,0,0.005,22.28,0.70435,4.845,0.105833333,14.05000613,-1
2004,132,22,118.505,0,0,0,0.3,20.915,0.7642,5.2,0.105833333,14.05015709,-1
2004,132,23,121.347,0,0,0,0,21.07,0.74875,5.99,0.105833333,14.05032117,-1
2004,133,0,120.941,0,0,0,0.17,20.41,0.76685,5.32,0.391583333,14.05049391,-1
2004,133,1,117.351,0,0,0,0.025,19.66,0.79815,4.605,0.391583333,14.05066276,-1
2004,133,2,111.0805,0,0,0,0.06,19.175,0.81705,5.195,0.391583333,14.05081625,-1
2004,133,3,102.8035,0,0,0,0.085,18.72,0.83615,5.4,0.391583333,14.05094461,-1
2004,133,4,93.0135,5.129,2.525,0.11,0.46,18.87,0.8422,5.83,0.391583333,14.05113577,-1
2004,133,5,82.3945,106.513,41.31,44.335,12.51,19.425,0.8333,5.685,0.391583333,14.07872667,-1
2004,133,6,71.314,359.306,137.875,169.08,42.6,20.56,0.8007,6.405,0.391583333,14.07677441,-1
2004,133,7,59.898,481.137,182.275,222.925,50.82,21.94,0.73845,8.665,0.391583333,14.0767222,-1
2004,133,8,48.5125,1136.384,433.535,551.78,121.745,23.495,0.6625,9.215,0.391583333,14.07672152,-1
2004,133,9,37.632,1659.864,643.725,824.375,173.125,25.045,0.58245,10.825,0.391583333,14.07672136,-1
2004,133,10,28.2375,1533.916,592.485,755.41,151.695,26.195,0.537,11.01,0.391583333,14.07672138,-1
2004,133,11,22.542,1573.499,612.075,777.185,154.335,26.95,0.5144,9.855,0.391583333,14.07672147,-1
2004,133,12,23.3825,1317.141,506.14,641.11,134.02,27.525,0.47405,10.855,0.391583333,14.07672175,-1
2004,133,13,30.237,1116.144,423.36,534.09,116.165,27.925,0.4504,10.85,0.391583333,14.07672141,-1
2004,133,14,40.121,1416.869,538.42,686.095,152.015,28.575,0.42655,11.325,0.391583333,14.07672149,-1
2004,133,15,51.1725,620.103,229.32,284.63,67.42,28.1,0.44775,10.885,0.391583333,14.07672167,-1
2004,133,16,62.588,492.407,178.28,219.895,56.245,27.8,0.4625,10.715,0.391583333,14.07672138,-1
2004,133,17,73.944,164.427,60.56,70.345,22.755,25.445,0.58525,11.55,0.391583333,14.07672137,-1
2004,133,18,84.825,8.464,2.815,0.01,0.8,19.515,0.89065,8.565,0.391583333,14.03812273,-1
2004,133,19,95.3965,0.598,0.445,0,0.01,19.975,0.8976,6.385,0.391583333,14.01364867,-1
2004,133,20,104.7935,0.46,0,0,0.09,19.965,0.8825,4.14,0.391583333,14.01407262,-1
2004,133,21,112.619,0.46,0,0,0,19.88,0.88295,3.455,0.391583333,14.01421896,-1
2004,133,22,118.2705,0.46,0,0,0,19.83,0.89875,3.27,0.391583333,14.01438978,-1
2004,133,23,121.103,0.46,0,0,0.025,19.635,0.91155,3.635,0.391583333,14.01458288,-1
2004,134,0,120.6965,0.46,0,0,0.025,19.29,0.92545,3.4,0.740833333,14.01478485,-1
2004,134,1,117.1195,0.46,0,0,0.025,19.185,0.91805,3.455,0.740833333,14.01498205,-1
2004,134,2,110.869,0.46,0,0,0.02,18.91,0.9259,3.555,0.740833333,14.01516079,-1
2004,134,3,102.609,0.46,0,0,0,19.035,0.9214,5.47,0.740833333,14.0153095,-1
2004,134,4,92.8095,2.369,1.255,0,0.18,18.93,0.9379,5.995,0.740833333,14.01544559,-1
2004,134,5,82.2385,28.497,11.095,6.105,2.54,18.845,0.9469,4.525,0.740833333,14.02360834,-1
2004,134,6,71.164,63.572,23.525,20.135,4.97,18.795,0.95235,4.665,0.740833333,13.98043708,-1
2004,134,7,59.7515,201.894,72.68,83.58,17.095,18.865,0.9621,4.625,0.740833333,13.97804623,-1
2004,134,8,48.362,287.891,105.935,122.45,25.045,19.665,0.9381,4.96,0.740833333,13.97800766,-1
2004,134,9,37.4645,877.588,341.65,420.935,83.25,21.525,0.84705,4.905,0.740833333,13.97800714,-1
2004,134,10,28.035,753.503,286.345,353.22,72.25,22.755,0.79115,5.925,0.740833333,13.97800721,-1
2004,134,11,22.3015,829.564,309.26,383.815,78.685,23.135,0.7804,7.14,0.740833333,13.97800742,-1
2004,134,12,23.1525,611.846,222.265,272.23,58.05,22.975,0.81055,7.655,0.740833333,13.97800727,-1
2004,134,13,30.047,1400.493,535.3,676.085,140.56,23.375,0.79295,8.695,0.740833333,13.9780072,-1
2004,134,14,39.9605,1031.803,387.07,489.39,108.3,23.425,0.78565,9.605,0.740833333,13.97800718,-1
2004,134,15,51.026,569.595,213.19,262.44,58.74,22.965,0.8027,8.965,0.740833333,13.97800717,-1
2004,134,16,62.445,54.625,18.65,14.28,4.69,21.77,0.86955,7.29,0.740833333,13.97800509,-1
2004,134,17,73.7955,29.969,10.625,4.995,2.31,21.075,0.92385,3.805,0.740833333,13.91248301,-1
2004,134,18,84.6755,2.323,1.17,0,0.145,20.59,0.95055,2.49,0.740833333,13.80156698,-1
2004,134,19,95.2265,0.736,0.34,0,0.025,20.715,0.94325,1.67,0.740833333,13.80120686,-1
2004,134,20,104.601,0.483,0,0,1.265,18.15,0.93375,3.615,0.740833333,13.80132299,-1
2004,134,21,112.406,0.46,0,0,0.095,17.915,0.93035,1.235,0.740833333,13.80146527,-1
2004,134,22,118.041,0.483,0,0,0.02,18.34,0.9437,3.285,0.740833333,13.80164003,-1
2004,134,23,120.8615,0.483,0,0,0.095,18.305,0.94925,3.605,0.740833333,13.80183789,-1
2004,135,0,120.458,0.483,0,0,0.02,18.245,0.9519,1.885,0.5715,13.80204376,-1
2004,135,1,116.8925,0.552,0,0,0.015,18.535,0.94725,0.855,0.5715,13.8022463,-1
2004,135,2,110.662,0.644,0,0,0.005,18.515,0.95595,1.765,0.5715,13.80243348,-1
2004,135,3,102.4255,0.713,0,0,0.01,18.72,0.95985,2.525,0.5715,13.80259263,-1
2004,135,4,92.649,1.909,1.025,0,0.14,18.62,0.96235,3.155,0.5715,13.80272638,-1
2004,135,5,82.087,19.55,6.965,2.41,1.505,18.5,0.96855,4.23,0.5715,13.80418476,-1
2004,135,6,71.0195,135.148,48.42,53.735,11.525,18.685,0.9646,4.025,0.5715,13.74460456,-1
2004,135,7,59.6105,191.268,68.43,77.445,15.535,19.245,0.9473,5.21,0.5715,13.74229572,-1
2004,135,8,48.214,479.136,179.74,216.13,42.695,20.27,0.913,8.445,0.5715,13.74225796,-1
2004,135,9,37.3015,526.171,193.67,232.62,48.76,19.785,0.8717,9.41,0.5715,13.74225745,-1
2004,135,10,27.8405,247.687,82.36,95.465,17.905,15.18,0.9409,9.94,0.5715,13.74225751,-1
2004,135,11,22.071,423.108,142.315,172.45,31.945,14.115,0.9427,9.425,0.5715,13.74225772,-1
2004,135,12,22.9275,507.334,177.14,215.565,41.09,13.93,0.917,8.16,0.5715,13.74225757,-1
2004,135,13,29.8605,503.861,181.775,217.565,43.05,14.135,0.89025,6.08,0.5715,13.74225751,-1
2004,135,14,39.8025,246.652,85.695,99.335,20.045,14.08,0.891,6.835,0.5715,13.74225747,-1
2004,135,15,50.8825,159.298,53.84,59.415,12.28,13.18,0.88675,8.46,0.5715,13.74225748,-1
2004,135,16,62.3025,105.455,36.205,37.72,8.41,12.21,0.89625,8.035,0.5715,13.74225747,-1
2004,135,17,73.6515,103.109,37.38,38.775,9.05,11.465,0.89135,7.265,0.5715,13.74225746,-1
2004,135,18,84.527,16.951,6.635,2.725,1.705,11.4,0.8803,6.335,0.5715,13.71355998,-1
2004,135,19,95.0555,0.851,0.69,0,0.135,11.375,0.87215,5.975,0.5715,13.70185475,-1
2004,135,20,104.413,0.46,0,0,0.01,11.37,0.8706,5.705,0.5715,13.70239971,-1
2004,135,21,112.1975,0.46,0,0,0.015,11.235,0.8749,5.11,0.5715,13.70254993,-1
2004,135,22,117.8145,0.46,0,0,0.11,11.065,0.8781,4.77,0.5715,13.7027234,-1
2004,135,23,120.6255,0.46,0,0,0.095,10.72,0.8978,5.225,0.5715,13.70291866,-1
2004,136,0,120.226,0.46,0,0,0.25,10.48,0.879,5.495,0,13.70312284,-1
2004,136,1,116.6735,0.46,0,0,0.13,9.995,0.9004,5.61,0,13.70332167,-1
2004,136,2,110.462,0.46,0,0,0.03,10.17,0.87665,5.34,0,13.7035016,-1
2004,136,3,102.2455,0.46,0,0,0.025,9.995,0.9018,4.54,0,13.70365011,-1
2004,136,4,92.4945,2.116,1.55,0,0.205,9.82,0.92695,4.67,0,13.7037817,-1
2004,136,5,81.9415,45.08,17.935,14.925,4.28,10.045,0.9159,4.59,0,13.72474871,-1
2004,136,6,70.88,125.097,47.6,51.475,11.79,10.325,0.90605,5.37,0,13.71365633,-1
2004,136,7,59.474,222.502,82.265,95.945,21.265,10.24,0.93405,5.32,0,13.71330686,-1
2004,136,8,48.076,354.499,131.24,157.93,33.32,10.745,0.91105,4.925,0,13.71330113,-1
2004,136,9,37.1445,480.148,179.455,217.67,46.22,11.48,0.8388,4.47,0,13.71330104,-1
2004,136,10,27.651,828.046,319.965,395.195,83.235,12.22,0.7893,3.99,0,13.71330106,-1
2004,136,11,21.8445,794.788,304.095,378.58,81.355,12.81,0.7497,3.875,0,13.7133011,-1
2004,136,12,22.707,905.602,347.695,434.69,91.88,13.305,0.70525,4.355,0,13.71330123,-1
2004,136,13,29.6775,1095.122,425.37,539.67,115.47,13.465,0.7153,4.895,0,13.71330166,-1
2004,136,14,39.6475,873.678,344.895,428.96,93.555,13.945,0.667,3.105,0,13.71330108,-1
2004,136,15,50.739,724.707,283.645,355.275,81.015,13.695,0.6869,4.06,0,13.71330111,-1
2004,136,16,62.1625,588.708,231.32,288.65,70.86,13.985,0.6617,2.87,0,13.71330113,-1
2004,136,17,73.507,192.188,76.76,88.465,21.06,13.56,0.679,2.605,0,13.71330107,-1
2004,136,18,84.3795,53.889,22.545,20.24,5.7,13.33,0.68375,2.65,0,13.7132996,-1
2004,136,19,94.8545,1.449,1.04,0,0.195,13.01,0.68765,2.4,0,13.74387088,-1
2004,136,20,104.2265,0.46,0,0,0.065,12.74,0.6992,2.685,0,13.75081875,-1
2004,136,21,111.992,0.368,0,0,0,12.625,0.71345,2.325,0,13.75111643,-1
2004,136,22,117.594,0.345,0,0,0.075,12.13,0.75905,2.465,0,13.7512854,-1
2004,136,23,120.396,0.207,0,0,0.07,11.57,0.76985,2.61,0,13.75146889,-1
2004,137,0,119.9965,0.092,0,0,0,10.93,0.7745,1.935,0,13.75165293,-1
2004,137,1,116.4585,0.368,0,0,0,10.87,0.78355,1.315,0,13.75183531,-1
2004,137,2,110.266,0.138,0,0,0,10.85,0.77455,2.215,0,13.75200423,-1
2004,137,3,102.069,0.46,0,0,0,10.145,0.81215,1.725,0,13.75214384,-1
2004,137,4,92.305,9.66,4.81,1.605,1.08,9.41,0.84675,2.64,0,13.75261433,-1
2004,137,5,81.801,177.537,71.095,82.625,27.58,9.6,0.85225,2.265,0,13.79756979,-1
2004,137,6,70.7465,527.804,210.08,266.865,74.665,11.37,0.8114,2.43,0,13.79661967,-1
2004,137,7,59.3435,930.649,370.69,463.705,115.94,12.685,0.75925,2.62,0,13.79659193,-1
2004,137,8,47.9395,1312.656,532.78,675.125,146.25,13.975,0.72655,1.935,0,13.79659147,-1
2004,137,9,36.995,1164.444,472.16,587.85,118.735,15.05,0.69325,1.32,0,13.79659152,-1
2004,137,10,27.469,1822.98,762.885,949.275,173.58,16.495,0.64835,1.45,0,13.79659173,-1
2004,137,11,21.625,1899.892,791.295,992.01,179.11,17.215,0.61545,2.7,0,13.79659162,-1
2004,137,12,22.4905,1891.658,780.515,982.61,181.925,18.005,0.60865,3.65,0,13.79659151,-1
2004,137,13,29.498,1774.956,718.965,910.87,178.375,19,0.59235,3.89,0,13.79659158,-1
2004,137,14,39.493,1553.282,611.405,780.835,165.99,19.865,0.5744,4.325,0,13.79659179,-1
2004,137,15,50.599,1234.525,469.99,604.39,142.205,20.79,0.56305,5.56,0,13.7965915,-1
2004,137,16,62.0235,797.663,294.335,375.95,99.58,21.315,0.5806,6.425,0,13.79659151,-1
2004,137,17,73.365,403.995,146.455,181.795,56.045,20.49,0.6499,7.145,0,13.79659141,-1
2004,137,18,84.233,93.564,35.255,34.785,13.13,19.065,0.7242,5.96,0,13.79659148,-1
2004,137,19,94.6925,2.369,1.25,0,0.565,17.57,0.8012,4.19,0,13.82939933,-1
2004,137,20,104.0435,0.276,0,0,0.14,16.71,0.84655,4.675,0,13.84777757,-1
2004,137,21,111.7905,0.46,0,0,0.07,16.28,0.85945,5.575,0,13.84835099,-1
2004,137,22,117.376,0.46,0,0,0.23,15.8,0.8758,5.505,0,13.84852914,-1
2004,137,23,120.1685,0.46,0,0,0.145,15.28,0.90775,4.52,0,13.84872281,-1
2004,138,0,119.775,0.46,0,0,0.11,14.565,0.93835,3.185,0.021166667,13.8489253,-1
2004,138,1,116.2505,0.483,0,0,0,14.205,0.95415,2.78,0.021166667,13.84912336,-1
2004,138,2,110.0775,0.483,0,0,0,14.32,0.95855,1.88,0.021166667,13.84930343,-1
2004,138,3,101.899,0.506,0,0,0.185,14.865,0.954,2.87,0.021166667,13.84945397,-1
2004,138,4,92.162,9.085,4.3,2.09,1.08,14.94,0.9565,3.34,0.021166667,13.84987192,-1
2004,138,5,81.6635,156.998,62.255,71.58,19.43,16.145,0.94125,4.97,0.021166667,13.88858561,-1
2004,138,6,70.616,179.492,68.36,77.24,16.935,17.555,0.9235,5.51,0.021166667,13.88745574,-1
2004,138,7,59.218,634.731,243.41,303.215,68.095,19.435,0.8937,7.645,0.021166667,13.88742442,-1
2004,138,8,47.811,1139.926,440.815,564.575,125.235,21.105,0.8246,8.605,0.021166667,13.88742406,-1
2004,138,9,36.8495,1507.719,592.57,757.36,157.835,22.705,0.6818,9.495,0.021166667,13.8874239,-1
2004,138,10,27.2925,1599.673,635.905,810.855,162.91,23.62,0.6027,11.365,0.021166667,13.88742391,-1
2004,138,11,21.41,1638.152,651.92,830.89,164.21,24.18,0.5736,10.97,0.021166667,13.88742395,-1
2004,138,12,22.2785,1606.849,634.28,810.56,162.985,24.91,0.55105,9.95,0.021166667,13.88742409,-1
2004,138,13,29.322,1557.376,610.025,780.715,160.925,25.66,0.51445,9.14,0.021166667,13.88742453,-1
2004,138,14,39.344,1570.67,606.175,781.565,172.695,26.415,0.465,8.935,0.021166667,13.88742393,-1
2004,138,15,50.4605,1260.63,472.775,613.095,148.9,26.89,0.45315,8.385,0.021166667,13.88742395,-1
2004,138,16,61.889,861.925,313.755,405.19,110.92,26.86,0.4502,8.565,0.021166667,13.88742396,-1
2004,138,17,73.2245,485.484,173.765,218.29,70.3,26.48,0.461,7.88,0.021166667,13.88742391,-1
2004,138,18,84.0875,106.881,38.8,39.315,16.54,25.16,0.5448,6.295,0.021166667,13.88742379,-1
2004,138,19,94.532,2.116,1.17,0,0.435,23.02,0.64615,4.58,0.021166667,13.91563941,-1
2004,138,20,103.8635,0.023,0,0,0.155,21.43,0.71075,4.225,0.021166667,13.93578713,-1
2004,138,21,111.593,0,0,0,0.025,20.435,0.7414,4.675,0.021166667,13.93640783,-1
2004,138,22,117.1645,0,0,0,0.065,19.95,0.7664,4.22,0.021166667,13.93656236,-1
2004,138,23,119.9485,0.115,0,0,0,19.73,0.8451,5.75,0.021166667,13.93673054,-1
2004,139,0,119.558,0.414,0,0,0.005,20.27,0.8779,6.855,1.164166667,13.93691822,-1
2004,139,1,116.0485,0.46,0,0,0.175,19.965,0.8967,6.28,1.164166667,13.93711315,-1
2004,139,2,109.893,0.46,0,0,0.075,19.545,0.9059,4.33,1.164166667,13.93729225,-1
2004,139,3,101.735,0.46,0,0,0.12,18.95,0.92305,3.755,1.164166667,13.9374397,-1
2004,139,4,92.021,10.856,4.905,2.31,1.155,18.785,0.92345,4.535,1.164166667,13.93803095,-1
2004,139,5,81.5345,190.601,74.705,87.545,25.09,19.365,0.91465,5.615,1.164166667,13.97493215,-1
2004,139,6,70.494,469.729,178.135,221.63,58.325,20.61,0.87545,7.35,1.164166667,13.97390626,-1
2004,139,7,59.0975,795.639,302.04,383.505,90.015,21.68,0.8369,7.695,1.164166667,13.97387906,-1
2004,139,8,47.6875,763.163,288.715,364.91,81.865,22.54,0.79905,7.26,1.164166667,13.97387862,-1
2004,139,9,36.712,819.766,313.575,391.51,80.51,23.235,0.7762,5.565,1.164166667,13.97387868,-1
2004,139,10,27.1215,1393.133,544.915,687.44,139.86,24.825,0.71665,4.385,1.164166667,13.97387889,-1
2004,139,11,21.2015,1185.029,452.435,569.915,116.865,25.695,0.66735,3.945,1.164166667,13.97387876,-1
2004,139,12,22.071,916.688,344.45,428.535,89.425,26.395,0.62885,4.86,1.164166667,13.97387867,-1
2004,139,13,29.1485,150.535,48.245,52.39,13.33,23.56,0.67795,7.925,1.164166667,13.97387871,-1
2004,139,14,39.1975,110.124,36.45,36.225,7.17,21.18,0.72135,6.165,1.164166667,13.97387866,-1
2004,139,15,50.3245,135.102,46.965,50.19,11.39,19.905,0.85335,3.595,1.164166667,13.97387869,-1
2004,139,16,61.7535,219.742,82.495,94.305,20.37,19.825,0.8732,2.675,1.164166667,13.9738787,-1
2004,139,17,73.085,54.119,20.095,16.555,4.79,19.825,0.8836,3.335,1.164166667,13.97387396,-1
2004,139,18,83.9455,38.18,14.965,12.675,4.265,18.75,0.94025,4.265,1.164166667,13.97249512,-1
2004,139,19,94.336,1.38,0.82,0,0.355,18.495,0.94015,3.525,1.164166667,13.98067015,-1
2004,139,20,103.685,0.46,0,0,0.94,16.52,0.95095,7.635,1.164166667,13.98311858,-1
2004,139,21,111.3995,0.46,0,0,0.11,16.535,0.95105,3.42,1.164166667,13.98331805,-1
2004,139,22,116.9555,0.46,0,0,0.565,15.76,0.94915,3.995,1.164166667,13.98349154,-1
2004,139,23,119.7355,0.46,0,0,0.465,14.655,0.9338,5.285,1.164166667,13.98368537,-1
2004,140,0,119.3485,0.46,0,0,0.25,14.215,0.93455,4.94,0.010583333,13.98388754,-1
2004,140,1,115.85,0.46,0,0,0.195,14.125,0.94355,2.955,0.010583333,13.98408409,-1
2004,140,2,109.7155,0.46,0,0,0.485,13.375,0.9537,4.645,0.010583333,13.98426161,-1
2004,140,3,101.576,0.46,0,0,0.365,12.56,0.9389,4.665,0.010583333,13.98440781,-1
2004,140,4,91.8865,7.544,3.695,1.225,1.195,12.295,0.93,4.015,0.010583333,13.98470757,-1
2004,140,5,81.407,68.701,27.725,28.06,6.78,12.465,0.91785,1.785,0.010583333,14.00378306,-1
2004,140,6,70.3765,276,107.67,126.91,26.805,13.37,0.90565,0.84,0.010583333,13.99992101,-1
2004,140,7,58.983,570.814,219.205,268.76,57.795,14.575,0.9129,2.55,0.010583333,13.99982229,-1
2004,140,8,47.569,926.969,358.63,447.98,95.295,16.445,0.90285,3.34,0.010583333,13.99982079,-1
2004,140,9,36.578,1360.312,531.865,670.01,134.625,18.84,0.88445,3.945,0.010583333,13.99982072,-1
2004,140,10,26.9585,1158.993,451.15,567.375,114.82,20.45,0.85215,4.96,0.010583333,13.99982073,-1
2004,140,11,20.999,1256.444,488.54,612.025,121.335,21.895,0.7986,4.565,0.010583333,13.99982078,-1
2004,140,12,21.868,1495.92,578.535,728.645,143.45,22.97,0.73835,4.26,0.010583333,13.99982093,-1
2004,140,13,28.979,1533.111,591.975,748.745,151.4,23.68,0.71295,4.555,0.010583333,13.99982091,-1
2004,140,14,39.0505,1053.469,400.015,502.825,107.23,24.31,0.6864,4.04,0.010583333,13.99982074,-1
2004,140,15,50.189,875.84,327.23,411.255,95.745,24.525,0.68115,4.7,0.010583333,13.99982075,-1
2004,140,16,61.6205,574.839,212.38,264.23,65.17,24.685,0.68045,5.29,0.010583333,13.99982075,-1
2004,140,17,72.9485,403.834,146.98,179.98,53.6,24.165,0.73345,6.535,0.010583333,13.9998207,-1
2004,140,18,83.805,135.286,50.195,53.85,20.235,23.115,0.79635,4.675,0.010583333,13.9998207,-1
2004,140,19,94.1825,3.312,1.755,0.08,0.46,22.02,0.85575,3.61,0.010583333,14.0234756,-1
2004,140,20,103.5115,0.46,0,0,0.04,21.47,0.89415,3.565,0.010583333,14.04871576,-1
2004,140,21,111.2095,0.46,0,0,0.055,21.31,0.91325,4.24,0.010583333,14.04950424,-1
2004,140,22,116.7525,0.46,0,0,0.075,20.625,0.9312,4.56,0.010583333,14.04968515,-1
2004,140,23,119.526,0.46,0,0,0,20.43,0.9372,5.03,0.010583333,14.04987747,-1
2004,141,0,119.1425,0.759,0,0,0,20.58,0.93775,4.905,0,14.05008723,-1
2004,141,1,115.6595,0.874,0,0,0,20.85,0.92825,5.085,0,14.05030686,-1
2004,141,2,109.5425,0.851,0,0,0.015,20.63,0.93095,5.105,0,14.05051004,-1
2004,141,3,101.424,0.897,0,0,0.01,20.27,0.9436,5.175,0,14.05067801,-1
2004,141,4,91.7205,6.325,2.995,0.765,0.49,20.255,0.9468,5.025,0,14.05093999,-1
2004,141,5,81.2885,117.047,45.67,48.285,12.26,20.6,0.9291,5.69,0,14.07373001,-1
2004,141,6,70.262,417.887,160.01,196.13,48.16,21.43,0.8996,6.895,0,14.07187662,-1
2004,141,7,58.8735,832.807,317.36,403.8,95.665,22.855,0.85025,7.625,0,14.07183004,-1
2004,141,8,47.4555,1143.399,439.675,560.765,121.755,24.385,0.7989,8.255,0,14.0718293,-1
2004,141,9,36.453,876.208,333.975,418.39,88.97,25.18,0.75905,7.33,0,14.07182938,-1
2004,141,10,26.801,477.641,173.91,210.56,44.96,25.415,0.7514,6.295,0,14.07182966,-1
2004,141,11,20.8025,461.15,165.245,200.39,42.815,25.53,0.76325,6.71,0,14.07182937,-1
2004,141,12,21.671,629.993,230.03,282.77,60.41,25.795,0.75925,7.265,0,14.07182956,-1
2004,141,13,28.8125,676.959,250.54,308.375,66.51,25.965,0.7554,7.595,0,14.07182941,-1
2004,141,14,38.909,383.617,140.65,166.57,36.325,25.92,0.765,6.825,0,14.07182934,-1
2004,141,15,50.056,586.707,222.19,271.835,60.83,26.82,0.72155,7.165,0,14.07182933,-1
2004,141,16,61.4895,226.642,84.575,98.345,23.57,26.955,0.7118,6.1,0,14.07182932,-1
2004,141,17,72.813,346.564,128.365,153.78,42.295,27.3,0.6982,5.66,0,14.07182932,-1
2004,141,18,83.664,89.447,35.89,36.195,11.155,26.22,0.751,3.445,0,14.07182931,-1
2004,141,19,94.0305,2.231,1.47,0,0.35,24.81,0.8238,3.615,0,14.09341619,-1
2004,141,20,103.3405,0.253,0,0,0.145,23.755,0.8696,3.845,0,14.10745512,-1
2004,141,21,111.0225,0.46,0,0,0,23.575,0.87815,2.93,0,14.10796974,-1
2004,141,22,116.554,0.46,0,0,0,23.435,0.88425,1.275,0,14.10814591,-1
2004,141,23,119.3225,0.46,0,0,0.02,22.785,0.9133,3.74,0,14.10833793,-1
2004,142,0,118.943,0.46,0,0,0.04,22.49,0.91045,4.63,0.03175,14.10853855,-1
2004,142,1,115.475,0.506,0,0,0.015,21.84,0.9263,2.76,0.03175,14.108735,-1
2004,142,2,109.376,0.828,0,0,0.08,22.17,0.93105,3.44,0.03175,14.10892343,-1
2004,142,3,101.2765,0.897,0,0,0,21.825,0.9499,3.09,0.03175,14.10909021,-1
2004,142,4,91.5965,9.568,4.175,1.195,0.805,22.225,0.9487,4.45,0.03175,14.10956026,-1
2004,142,5,81.171,88.964,35.475,36.045,9.19,22.475,0.9393,4.83,0.03175,14.13076248,-1
2004,142,6,70.1545,380.121,147.2,180.345,44.815,23.51,0.8966,5.34,0.03175,14.12838378,-1
2004,142,7,58.77,770.96,296.025,372.355,85.37,25.28,0.79295,7.01,0.03175,14.12832498,-1
2004,142,8,47.348,1132.635,437.895,555.785,120.205,26.245,0.7268,7.78,0.03175,14.12832412,-1
2004,142,9,36.3315,1438.512,563.46,712.1,142.825,27.275,0.67545,5.92,0.03175,14.12832413,-1
2004,142,10,26.652,1601.398,632.09,795.87,152.01,28.28,0.6151,5.98,0.03175,14.12832405,-1
2004,142,11,20.6115,1627.457,642.61,807.79,155.93,29.15,0.5582,5.325,0.03175,14.12832407,-1
2004,142,12,21.4785,1592.106,622.105,788.485,154.72,29.565,0.5383,6.835,0.03175,14.1283241,-1
2004,142,13,28.652,1624.053,628.725,800.845,164.025,30.015,0.50255,9.1,0.03175,14.12832418,-1
2004,142,14,38.7685,1383.427,523.62,669.115,146.81,30.07,0.48335,10.235,0.03175,14.1283244,-1
2004,142,15,49.926,1151.012,427.1,550.335,132.785,30.01,0.4867,10.41,0.03175,14.12832408,-1
2004,142,16,61.3605,759.575,274.4,351.515,94.995,29.785,0.4959,10.995,0.03175,14.12832408,-1
2004,142,17,72.6795,491.97,175.85,219.235,69.045,29.435,0.50645,10.705,0.03175,14.128324,-1
2004,142,18,83.527,136.827,49.385,52.595,21.235,28.68,0.54445,7.725,0.03175,14.12832406,-1
2004,142,19,93.8435,3.45,1.785,0,0.82,26.79,0.63135,4.445,0.03175,14.14594303,-1
2004,142,20,103.172,0.023,0,0,0.115,25.035,0.71605,4,0.03175,14.16800091,-1
2004,142,21,110.8405,0.161,0,0,0.005,24.225,0.74895,3.525,0.03175,14.16874911,-1
2004,142,22,116.3605,0.115,0,0,0,23.205,0.80005,3.94,0.03175,14.16891136,-1
2004,142,23,119.124,0.345,0,0,0,22.745,0.82105,4.74,0.03175,14.16908764,-1
2004,143,0,118.751,0.115,0,0,0.135,22.705,0.80255,5.525,0,14.16927397,-1
2004,143,1,115.2955,0.069,0,0,0.015,22.14,0.8204,5.935,0,14.16944724,-1
2004,143,2,109.2155,0.138,0,0,0.075,22.06,0.81345,5.74,0,14.1696045,-1
2004,143,3,101.1355,0.276,0,0,0,21.61,0.82875,5.14,0,14.16973827,-1
2004,143,4,91.478,17.687,7.74,4.805,2.505,21.525,0.82465,6.27,0,14.17246487,-1
2004,143,5,81.0625,205.528,80.445,94.65,30.365,21.785,0.816,7.175,0,14.20229602,-1
2004,143,6,70.0515,504.597,191.2,239.41,65.55,22.955,0.7644,7.83,0,14.20130858,-1
2004,143,7,58.671,895.62,339.405,435.6,105.01,24.56,0.687,9.5,0,14.20128482,-1
2004,143,8,47.2465,1266.771,486.74,623.29,137.11,25.75,0.6364,10.515,0,14.20128446,-1
2004,143,9,36.216,1544.795,600.43,767.005,158.755,26.8,0.6046,10.53,0,14.20128453,-1
2004,143,10,26.5065,1540.931,599.275,764.925,156.03,27.275,0.59515,10.47,0,14.20128478,-1
2004,143,11,20.4275,1517.287,581.09,743.725,153.93,27.97,0.5768,10.17,0,14.20128455,-1
2004,143,12,21.292,1152.99,433.87,550.76,118.93,28.235,0.5651,9.355,0,14.20128479,-1
2004,143,13,28.492,835.475,314.305,394.61,88.92,28.42,0.54835,8.75,0,14.20128453,-1
2004,143,14,38.6315,748.397,281.315,350.69,80.6,28.905,0.5045,11.445,0,14.20128464,-1
2004,143,15,49.7975,675.556,251.655,314.18,75.145,29.18,0.46805,12.55,0,14.20128451,-1
2004,143,16,61.234,818.34,297.685,381.425,102.57,29.55,0.45385,12.01,0,14.20128448,-1
2004,143,17,72.5495,443.072,158.03,195.52,62.005,29.08,0.48625,10.755,0,14.20128448,-1
2004,143,18,83.3905,107.663,38.9,38.525,14.67,27.945,0.5043,9.34,0,14.20128447,-1
2004,143,19,93.6985,4.14,1.96,0.035,0.675,26.21,0.5717,4.78,0,14.21725019,-1
2004,143,20,103.0085,0.046,0,0,0.01,24.92,0.6211,5.005,0,14.23371501,-1
2004,143,21,110.6625,0.046,0,0,0.295,23.795,0.67015,4.95,0,14.23432722,-1
2004,143,22,116.172,0.046,0,0,0.015,23.105,0.6916,4.91,0,14.23448253,-1
2004,143,23,118.9305,0.069,0,0,0.035,22.4,0.72165,4.74,0,14.23464936,-1
2004,144,0,118.5635,0.092,0,0,0.025,21.55,0.76835,4.08,0,14.23482509,-1
2004,144,1,115.1215,0.046,0,0,0,21.915,0.7618,5.76,0,14.23499661,-1
2004,144,2,109.0615,0,0,0,0.12,21.725,0.7755,6.73,0,14.23515009,-1
2004,144,3,101,0.023,0,0,0.02,21.315,0.7872,6.485,0,14.23527584,-1
2004,144,4,91.363,8.418,4.195,1.06,0.91,21.445,0.78595,7.31,0,14.23560729,-1
2004,144,5,80.9555,53.36,20.595,17.605,5.225,21.725,0.78115,8.23,0,14.24852725,-1
2004,144,6,69.9535,67.321,24.895,21.385,6.105,21.525,0.8117,7.03,0,14.2409856,-1
2004,144,7,58.577,125.005,44.58,46.195,10.46,21.69,0.8134,6.745,0,14.24079926,-1
2004,144,8,47.151,148.281,51.005,54.305,12.15,21.43,0.83525,6.705,0,14.24079641,-1
2004,144,9,36.106,260.889,94.4,110.23,24.47,21.325,0.7754,9.15,0,14.24079634,-1
2004,144,10,26.369,966.046,370.315,466.31,98.085,23.19,0.75895,12.12,0,14.24079635,-1
2004,144,11,20.2505,706.123,259.64,323.51,70.75,24.29,0.71735,12.475,0,14.24079638,-1
2004,144,12,21.108,190.785,64.725,71.585,15.465,23.53,0.77115,9.055,0,14.24079643,-1
2004,144,13,28.338,427.57,151.615,183.91,40.6,22.875,0.8104,10.035,0,14.2407966,-1
2004,144,14,38.496,378.235,137.775,164.88,36.5,22.74,0.79725,12.275,0,14.24079643,-1
2004,144,15,49.6725,841.271,318.62,401.625,93.77,23.93,0.74375,12.58,0,14.24079643,-1
2004,144,16,61.107,636.433,239.18,300.46,77.555,24.57,0.72125,11.435,0,14.24079638,-1
2004,144,17,72.4195,160.793,61.135,66.52,17.61,24.52,0.7387,9.03,0,14.24079637,-1
2004,144,18,83.2565,13.087,5.46,1.515,1.78,24.01,0.76095,8.355,0,14.20495405,-1
2004,144,19,93.5555,1.748,1.805,0,0.785,23.48,0.7277,7.86,0,14.17370637,-1
2004,144,20,102.848,0.023,0,0,1.49,20.645,0.6387,7.77,0,14.174149,-1
2004,144,21,110.4895,0.184,0,0,0.08,21.145,0.6769,6.93,0,14.17428139,-1
2004,144,22,115.988,0,0,0,0.475,20.245,0.7619,6.295,0,14.17443265,-1
2004,144,23,118.745,0,0,0,0.21,19.825,0.74915,7.155,0,14.17459738,-1
2004,145,0,118.3815,0,0,0,0.54,18.39,0.79785,6.875,0.052916667,14.17476981,-1
2004,145,1,114.9555,0,0,0,0.475,16.88,0.8188,7.29,0.052916667,14.17493781,-1
2004,145,2,108.9135,0,0,0,0.355,15.585,0.79205,6.555,0.052916667,14.17509,-1
2004,145,3,100.871,0.092,0,0,0.33,14.715,0.8034,4.075,0.052916667,14.17521728,-1
2004,145,4,91.217,18.561,7.975,4.275,3.63,13.87,0.83535,3.25,0.052916667,14.17852224,-1
2004,145,5,80.8575,221.858,87.815,104.935,35.425,14.05,0.84955,3.68,0.052916667,14.20717032,-1
2004,145,6,69.8625,583.74,227.69,289.385,80.035,15.175,0.78765,4.925,0.052916667,14.20620555,-1
2004,145,7,58.489,978.857,382.52,492.31,120.215,16.17,0.7314,4.99,0.052916667,14.20618265,-1
2004,145,8,47.061,885.891,345.2,439.805,101.7,17.22,0.67755,4.895,0.052916667,14.2061823,-1
2004,145,9,36.0035,1149.126,455.355,580.23,124.605,17.98,0.6502,4.94,0.052916667,14.20618238,-1
2004,145,10,26.2365,1681.691,689.595,869.455,168.2,19.295,0.59785,4.375,0.052916667,14.20618265,-1
2004,145,11,20.079,1977.517,827.495,1031.305,188.11,21.465,0.5207,3.14,0.052916667,14.20618238,-1
2004,145,12,20.9295,1804.557,747.65,934.245,176.035,23.135,0.44985,2.46,0.052916667,14.20618257,-1
2004,145,13,28.1845,1736.569,706.955,889.03,176.13,24.44,0.4106,3.125,0.052916667,14.2061824,-1
2004,145,14,38.3635,1594.452,634.635,803.48,169.025,25.5,0.3539,2.94,0.052916667,14.20618238,-1
2004,145,15,49.547,1254.374,487.135,616.94,142.005,26.36,0.3448,1.65,0.052916667,14.20618232,-1
2004,145,16,60.9845,742.969,283.65,352.91,88.525,26.705,0.3441,1.02,0.052916667,14.20618232,-1
2004,145,17,72.292,494.523,183.42,223.32,68.11,26.87,0.35465,2.26,0.052916667,14.20618232,-1
2004,145,18,83.1265,79.833,32.885,31.405,9.48,25.305,0.41175,2.49,0.052916667,14.20618226,-1
2004,145,19,93.4145,2.76,1.975,0,0.165,23.235,0.52715,4.305,0.052916667,14.2220047,-1
2004,145,20,102.6915,0.092,0,0,0.015,22.265,0.57055,4.495,0.052916667,14.23282382,-1
2004,145,21,110.32,0.069,0,0,0.1,21.595,0.6035,5.165,0.052916667,14.23326263,-1
2004,145,22,115.809,0.207,0,0,0.06,21.675,0.60335,4.69,0.052916667,14.23341988,-1
2004,145,23,118.564,0.253,0,0,0.945,20.265,0.72175,6.84,0.052916667,14.23359673,-1
2004,146,0,118.208,0.46,0,0,2.01,19.175,0.87815,11.66,0.529166667,14.23378856,-1
2004,146,1,114.797,0.46,0,0,0.785,16.915,0.92975,7.105,0.529166667,14.23398314,-1
2004,146,2,108.7705,0.46,0,0,0.335,17,0.92645,4.545,0.529166667,14.2341596,-1
2004,146,3,100.745,0.46,0,0,0.385,16.8,0.93895,2.13,0.529166667,14.23430524,-1
2004,146,4,91.1175,11.316,5.735,2.205,1.01,16.605,0.94205,1.02,0.529166667,14.23492785,-1
2004,146,5,80.7625,179.745,71.9,81.595,23.86,16.72,0.94175,2.62,0.529166667,14.25523128,-1
2004,146,6,69.775,379.638,151.065,182.72,45.345,18.505,0.841,4.51,0.529166667,14.25393217,-1
2004,146,7,58.406,582.107,222.765,277.495,63.48,18.82,0.82275,6.265,0.529166667,14.25390202,-1
2004,146,8,46.976,583.464,220.2,272.56,60.08,18.655,0.82965,7.265,0.529166667,14.25390155,-1
2004,146,9,35.907,774.847,295.375,370.22,76.335,18.895,0.8271,6.44,0.529166667,14.25390161,-1
2004,146,10,26.1105,1066.809,410.88,519.155,108.045,19.62,0.80305,4.86,0.529166667,14.25390182,-1
2004,146,11,19.913,1305.687,504.075,640.81,133.16,20.645,0.77475,5.54,0.529166667,14.2539017,-1
2004,146,12,20.7585,988.126,367.84,467.255,101.96,21.47,0.74035,6.97,0.529166667,14.25390159,-1
2004,146,13,28.0385,415.679,149.76,183.295,42.31,21.32,0.7513,6.42,0.529166667,14.25390167,-1
2004,146,14,38.2335,287.109,101.925,118.95,27.02,21.05,0.74005,4.26,0.529166667,14.25390187,-1
2004,146,15,49.4255,552.966,207.91,252.78,56.995,21.57,0.72335,1.44,0.529166667,14.25390158,-1
2004,146,16,60.8645,262.338,97.37,113.635,26.145,21.395,0.7218,2.76,0.529166667,14.25390158,-1
2004,146,17,72.1675,225.63,85.15,99.455,23.99,21.34,0.7374,2.82,0.529166667,14.25390147,-1
2004,146,18,82.997,74.474,30.4,30.55,8.595,21.175,0.76195,2.285,0.529166667,14.25390156,-1
2004,146,19,93.2415,2.783,1.695,0,0.535,20.33,0.8272,3.36,0.529166667,14.26750002,-1
2004,146,20,102.5365,0.046,0,0,0.165,19.42,0.8475,2.585,0.529166667,14.27685528,-1
2004,146,21,110.1545,0.161,0,0,0.175,18.295,0.8781,1.675,0.529166667,14.27725835,-1
2004,146,22,115.637,0.46,0,0,0,17.88,0.8649,2.055,0.529166667,14.2774234,-1
2004,146,23,118.388,0.46,0,0,0.03,17.155,0.84025,2.545,0.529166667,14.27761445,-1
2004,147,0,118.0395,0.46,0,0,0.3,16.025,0.8363,3.905,0,14.27781354,-1
2004,147,1,114.6425,0.46,0,0,0.255,15.42,0.83475,3.135,0,14.2780079,-1
2004,147,2,108.635,0.46,0,0,0.37,14.665,0.856,2.71,0,14.27818388,-1
2004,147,3,100.6265,0.46,0,0,0.21,14.145,0.86135,3.08,0,14.27832943,-1
2004,147,4,91.0195,14.789,6.57,3.465,2.22,13.385,0.8459,2.56,0,14.27966115,-1
2004,147,5,80.674,209.369,85.105,102.2,31.745,13.45,0.84205,2.335,0,14.29963716,-1
2004,147,6,69.6935,481.551,186.31,234.44,61.83,13.96,0.78385,4.41,0,14.29848107,-1
2004,147,7,58.3275,919.954,355.315,457.95,109.41,14.87,0.7196,5.02,0,14.29845483,-1
2004,147,8,46.897,352.337,132.155,159.43,36.075,15.165,0.6933,5.425,0,14.29845443,-1
2004,147,9,35.817,908.201,361.75,467.07,89.76,14.47,0.77095,4.195,0,14.2984545,-1
2004,147,10,25.993,1787.215,749.855,935.61,165.565,16.425,0.66305,4.56,0,14.29845474,-1
2004,147,11,19.7545,1880.089,794.675,990.155,171.55,17.73,0.5956,3.89,0,14.29845453,-1
2004,147,12,20.5895,1884.321,793.25,989.255,175.605,18.87,0.53945,2.925,0,14.29845465,-1
2004,147,13,27.8925,1758.787,727.585,910.1,170.605,19.875,0.51235,2.15,0,14.29845451,-1
2004,147,14,38.1065,1224.704,494.295,619.585,126.975,20.37,0.4986,2.53,0,14.29845464,-1
2004,147,15,49.3065,443.371,179.14,213.465,46.52,20.735,0.48585,0.78,0,14.29845447,-1
2004,147,16,60.7455,402.385,159.005,191.32,44.1,20.82,0.4679,1.385,0,14.29845447,-1
2004,147,17,72.046,208.058,83.835,96.47,23.465,20.53,0.4747,2.61,0,14.29845443,-1
2004,147,18,82.8695,136.045,58.915,69.165,20.42,20.28,0.52275,2.72,0,14.29845441,-1
2004,147,19,93.108,5.037,3.375,0.675,0.67,19.3,0.61075,2.63,0,14.31209792,-1
2004,147,20,102.386,0.023,0,0,0.045,17.98,0.70685,3.15,0,14.33239378,-1
2004,147,21,109.9945,0.046,0,0,0.235,17.015,0.8015,4.995,0,14.33314138,-1
2004,147,22,115.469,0,0,0,0.17,16.44,0.85885,4.265,0,14.33329786,-1
2004,147,23,118.2185,0.115,0,0,0.28,16,0.89235,4.015,0,14.33346391,-1
2004,148,0,117.877,0.414,0,0,0.12,15.495,0.93285,3.405,0,14.33364866,-1
2004,148,1,114.4935,0.46,0,0,0.01,15.845,0.9467,3.425,0,14.33384044,-1
2004,148,2,108.504,0.46,0,0,0.09,16.025,0.9527,3.765,0,14.33401642,-1
2004,148,3,100.514,0.46,0,0,0.095,15.905,0.95775,2.87,0,14.33416098,-1
2004,148,4,90.927,7.13,4.445,0.55,1.055,16.29,0.96025,4.065,0,14.33443414,-1
2004,148,5,80.588,47.817,19.72,16.815,4.715,17.855,0.9485,5.48,0,14.33854444,-1
2004,148,6,69.617,163.438,63.79,73.125,17.165,18.835,0.94305,6.19,0,14.32630245,-1
2004,148,7,58.256,335.869,131.245,159.09,36.195,19.56,0.92965,6.39,0,14.32601956,-1
2004,148,8,46.8205,724.707,284.725,356.05,79.505,21.25,0.88365,5.72,0,14.32601525,-1
2004,148,9,35.731,876.162,338.98,425.38,92.675,22.86,0.8215,5.815,0,14.32601518,-1
2004,148,10,25.881,619.62,232.49,286.305,62.635,23.555,0.7852,5.475,0,14.3260152,-1
2004,148,11,19.6025,1772.748,711.66,906.88,175.085,25.32,0.6868,7.63,0,14.32601523,-1
2004,148,12,20.4295,1633.322,653.295,835.86,164.76,26.69,0.58005,7.855,0,14.32601533,-1
2004,148,13,27.7515,1684.865,671.635,860.675,172.845,27.555,0.49105,7.02,0,14.32601565,-1
2004,148,14,37.9825,1174.863,458.255,586.39,127.525,27.775,0.494,6.495,0,14.32601522,-1
2004,148,15,49.19,539.81,207.715,257.765,59.215,26.865,0.54885,6.39,0,14.32601525,-1
2004,148,16,60.628,223.468,85.22,98.82,23.535,26.025,0.5794,4.44,0,14.32601525,-1
2004,148,17,71.9255,94.553,36.9,37.655,9.835,25.27,0.6509,4.58,0,14.32601521,-1
2004,148,18,82.746,12.88,5.38,0.555,1.685,23.93,0.69575,3.56,0,14.26810857,-1
2004,148,19,92.9775,1.564,1.805,0,0.395,22.79,0.7654,2.24,0,14.2472209,-1
2004,148,20,102.24,0.46,0,0,0.025,22.125,0.80815,2.84,0,14.24755304,-1
2004,148,21,109.8385,0.46,0,0,0.005,21.495,0.84495,2.745,0,14.24769801,-1
2004,148,22,115.305,0.46,0,0,0.105,20.83,0.86715,3.535,0,14.24786847,-1
2004,148,23,118.0555,0.115,0,0,0.185,20.195,0.716,3.555,0,14.24805141,-1
2004,149,0,117.722,0.023,0,0,0.34,18.425,0.7681,3.33,0,14.24822813,-1
2004,149,1,114.3525,0,0,0,0.175,17.685,0.78265,4.195,0,14.24839582,-0.99440625
2004,149,2,108.3805,0.023,0,0,0.28,17.095,0.78405,4.69,0,14.24854834,-0.989274306
2004,149,3,100.408,0.092,0,0,0.405,16.03,0.82345,4.475,0,14.24867508,-0.984717014
2004,149,4,90.84,13.34,5.26,2.2,2.545,14.125,0.8834,5.345,0,14.24959849,-0.981190972
2004,149,5,80.51,149.316,59.96,69.95,20.225,12.205,0.92435,6.17,0,14.26829321,-0.978993056
2004,149,6,69.5455,556.025,217.81,283.78,80.845,12.665,0.78675,6.32,0,14.26688678,-0.977302083
2004,149,7,58.1885,898.656,356.865,465.065,113.37,13.53,0.73865,5.185,0,14.26685455,-0.975151042
2004,149,8,46.7525,1276.431,522.26,668.615,145.66,15.12,0.6787,5.215,0,14.26685406,-0.972147569
2004,149,9,35.6515,1559.699,656.33,823.18,162.145,16.66,0.63555,4.655,0,14.26685413,-0.968057292
2004,149,10,25.7755,1750.553,748.205,927.68,168.92,18.17,0.60695,4,0,14.2668544,-0.962907986
2004,149,11,19.4565,1846.256,796.135,979.97,170.965,19.565,0.5781,3.755,0,14.26685414,-0.95675
2004,149,12,20.27,1844.692,789.83,975.075,171.81,20.57,0.5463,3.9,0,14.26685436,-0.949758681
2004,149,13,27.6135,1745.47,737.77,913.235,170.2,21.215,0.50885,3.905,0,14.26685414,-0.942194444
2004,149,14,37.861,1547.164,639.35,798.05,162.785,21.835,0.47335,3.485,0,14.26685426,-0.934190972
2004,149,15,49.0745,1205.798,484.325,610.805,140.485,22.28,0.45105,3.17,0,14.26685409,-0.925817708
2004,149,16,60.5145,904.406,351.675,442.97,115.585,22.54,0.42825,3.29,0,14.26685409,-0.917199653
2004,149,17,71.8075,509.634,193.54,239.385,74.365,22.405,0.4104,3.5,0,14.26685392,-0.908538194
2004,149,18,82.6235,158.838,59.93,64.07,26.59,21.735,0.4379,2.995,0,14.26685407,-0.90015625
2004,149,19,92.8495,5.957,3.55,0.25,0.865,20.09,0.50035,2.965,0,14.28072433,-0.892578125
2004,149,20,102.0975,0.069,0,0,0.295,17.705,0.49055,3.82,0,14.30516944,-0.886399306
2004,149,21,109.6875,0.115,0,0,0.32,16.135,0.497,4.735,0,14.30602712,-0.88159375
2004,149,22,115.1485,0.046,0,0,0.38,14.735,0.53035,5,0,14.30618834,-0.877819444
2004,149,23,117.899,0,0,0,0.3,13.71,0.54915,4.41,0,14.30635325,-0.874887153
2004,150,0,117.5715,0,0,0,0.235,12.775,0.58485,4.815,0,14.30652419,-0.872635417
2004,150,1,114.218,0.023,0,0,0.135,11.87,0.63455,4.27,0,14.30669099,-0.871022569
2004,150,2,108.262,0.023,0,0,0.01,11.4,0.6483,4.14,0,14.30684238,-0.869887153
2004,150,3,100.3055,0.023,0,0,0.005,10.95,0.6757,3.93,0,14.3069687,-0.869071181
2004,150,4,90.72,12.144,6.02,2.655,1.54,10.535,0.7168,3.775,0,14.30766804,-0.868555556
2004,150,5,80.4365,136.183,54.125,61.195,18.555,11.065,0.7001,4.18,0,14.32330573,-0.868
2004,150,6,69.48,484.219,193.35,245.745,68.535,13.325,0.62855,5.18,0,14.32172182,-0.866475694
2004,150,7,58.1265,908.753,362.915,466.75,114.91,15.74,0.5657,5.045,0,14.3216859,-0.863328125
2004,150,8,46.6875,1292.278,523.735,669.61,148.06,18.695,0.4626,6.145,0,14.3216854,-0.858315972
2004,150,9,35.576,1562.85,647.64,819.455,167.045,21.45,0.4114,6.93,0,14.32168548,-0.851321181
2004,150,10,25.675,1717.939,715.87,899.335,173.7,23.09,0.45455,6,0,14.32168534,-0.842800347
2004,150,11,19.3185,1826.752,765.805,957.365,179.855,24.2,0.48945,6.145,0,14.32168537,-0.833324653
2004,150,12,20.118,1712.58,712.67,892.255,169.44,25.06,0.50425,5.87,0,14.32168547,-0.823164931
2004,150,13,27.4815,1332.62,540.585,684.71,141.365,25.555,0.49955,6.435,0,14.32168579,-0.812534722
2004,150,14,37.742,1127.322,445.985,569.815,127.475,25.825,0.49135,7.41,0,14.32168536,-0.801638889
2004,150,15,48.962,920.506,361.34,459.06,107.36,25.88,0.4893,8.325,0,14.32168538,-0.790630208
2004,150,16,60.401,431.02,169.975,207.21,50.57,25.745,0.48205,7.885,0,14.32168538,-0.779649306
2004,150,17,71.6915,366.597,145.835,179.285,47.56,25.42,0.5015,8.29,0,14.32168534,-0.768828125
2004,150,18,82.505,93.909,38.435,39.24,13.195,24.635,0.54215,6.955,0,14.32168527,-0.758392361
2004,150,19,92.689,5.06,2.875,0.54,0.66,23.67,0.59175,5.645,0,14.3346868,-0.748564236
2004,150,20,101.9585,0.092,0,0,0.23,22.98,0.64005,6.195,0,14.34791862,-0.739310764
2004,150,21,109.5385,0.184,0,0,0.145,22.155,0.6833,7.72,0,14.34846356,-0.730583333
2004,150,22,114.995,0.092,0,0,0.205,21.385,0.71395,8.075,0,14.34862234,-0.722409722
2004,150,23,117.746,0.115,0,0,0.03,20.995,0.7442,6.665,0,14.34879101,-0.714638889
2004,151,0,117.43,0.023,0,0,0.035,20.905,0.7607,5.86,0.201083333,14.34896624,-0.707034722
2004,151,1,114.087,0.069,0,0,0.015,20.85,0.76685,6.995,0.201083333,14.34913416,-0.699480903
2004,151,2,108.1515,0.069,0,0,0.255,20.58,0.8008,7.69,0.201083333,14.34928899,-0.692039931
2004,151,3,100.21,0.46,0.045,0,0.285,19.92,0.88005,7.89,0.201083333,14.34942281,-0.684921875
2004,151,4,90.644,9.867,4.835,1.69,1.135,19.45,0.91075,6.42,0.201083333,14.34987884,-0.678196181
2004,151,5,80.369,111.021,44.785,49.685,13.01,19.46,0.9055,7.75,0.201083333,14.36055941,-0.671630208
2004,151,6,69.4175,164.634,64.755,74.07,18.37,20.255,0.9199,9.185,0.201083333,14.35847031,-0.664784722
2004,151,7,58.069,160.724,60.95,68.545,15.775,21.2,0.91675,8.775,0.201083333,14.35842331,-0.657335069
2004,151,8,46.6295,709.665,278.665,348.42,77.97,22.86,0.8762,9.335,0.201083333,14.35842265,-0.648980903
2004,151,9,35.5095,505.034,190.83,236.595,53.895,24.25,0.82755,10.6,0.201083333,14.3584226,-0.639567708
2004,151,10,25.581,721.855,269.79,337.89,73.485,25.005,0.8027,10.78,0.201083333,14.35842266,-0.629409722
2004,151,11,19.185,529.023,197.235,244.77,52.345,25.225,0.80425,10.255,0.201083333,14.35842289,-0.618913194
2004,151,12,19.971,851.828,332.79,417.435,90,26.455,0.74395,7.875,0.201083333,14.35842268,-0.607913194
2004,151,13,27.351,1456.82,574.105,730.115,156.565,28.84,0.6463,10.72,0.201083333,14.35842276,-0.595657986
2004,151,14,37.6285,1330.32,517.29,661.57,150.855,29.345,0.62125,10.735,0.201083333,14.35842262,-0.582399306
2004,151,15,48.8525,1000.73,402.725,515.005,125.345,29.635,0.5971,10.32,0.201083333,14.35842265,-0.568864583
2004,151,16,60.2915,496.8,187.725,232.88,58.98,29.345,0.61125,9.405,0.201083333,14.35842264,-0.555329861
2004,151,17,71.579,79.994,29.54,28.12,8.915,27.765,0.68345,9.69,0.201083333,14.3584226,-0.542444444
2004,151,18,82.3895,5.014,0.425,0.125,5.07,20.77,0.87115,9.245,0.201083333,14.27894866,-0.532536458
2004,151,19,92.5695,1.403,0.78,0,0.995,19.95,0.9171,2.93,0.201083333,14.26757483,-0.525342014
2004,151,20,101.8245,0.46,0,0,0.245,19.89,0.93135,3.34,0.201083333,14.26781548,-0.518453125
2004,151,21,109.3975,0.46,0,0,0.18,20.035,0.92715,4.3,0.201083333,14.26795887,-0.511534722
2004,151,22,114.85,0.46,0,0,0.16,20.085,0.92,5.175,0.201083333,14.26813043,-0.504548611
2004,151,23,117.6015,0.46,0,0,0.09,19.755,0.91515,5.935,0.201083333,14.26832281,-0.497659722
2004,152,0,117.292,0.46,0,0,0.015,19.65,0.9289,5.82,0.010583333,14.26852311,-0.490921875
2004,152,1,113.965,0.46,0,0,0.09,19.965,0.90995,7.345,0.010583333,14.26871753,-0.484111111
2004,152,2,108.0445,0.46,0,0,0.5,19.35,0.89,6.55,0.010583333,14.2688933,-0.477404514
2004,152,3,100.121,0.46,0.05,0,0.36,18.265,0.89145,7.04,0.010583333,14.26903768,-0.471288194
2004,152,4,90.572,14.467,5.845,2.61,2.245,17.175,0.8215,7.925,0.010583333,14.27024622,-0.465927083
2004,152,5,80.304,197.984,78.17,90.275,28.155,16.23,0.85105,6.465,0.010583333,14.28622458,-0.461272569
2004,152,6,69.362,597.448,237.74,297.685,78.605,16.755,0.75855,8.555,0.010583333,14.28498563,-0.456763889
2004,152,7,58.0175,991.806,399.505,504.675,114.665,17.2,0.6817,10.8,0.010583333,14.28495815,-0.451918403
2004,152,8,46.5765,1352.124,552.715,695.49,142.56,17.8,0.6462,11.59,0.010583333,14.28495772,-0.446710069
2004,152,9,35.446,1547.026,635.165,795.455,154.295,18.9,0.5867,11,0.010583333,14.28495779,-0.440911458
2004,152,10,25.4945,1337.105,543.17,686.83,137.295,19.43,0.5458,13.165,0.010583333,14.28495803,-0.434546875
2004,152,11,19.0595,1570.992,641.15,811.13,158.2,20.21,0.5225,12.19,0.010583333,14.28495782,-0.427727431
2004,152,12,19.8315,1503.257,601.37,768.74,158.175,20.985,0.47215,12.2,0.010583333,14.28495792,-0.420368056
2004,152,13,27.2265,1554.409,620.265,795.78,169.895,21.78,0.4225,13.495,0.010583333,14.28495776,-0.412463542
2004,152,14,37.5155,1407.186,549.97,710.555,160.625,22.485,0.3864,11.98,0.010583333,14.28495782,-0.404038194
2004,152,15,48.7445,1098.158,420.61,545.085,134.215,23.02,0.3614,11.25,0.010583333,14.28495793,-0.395182292
2004,152,16,60.185,876.553,325.18,422.6,116.8,23.495,0.33985,10.755,0.010583333,14.28495774,-0.385975694
2004,152,17,71.468,572.838,209.17,269.95,87.92,23.43,0.33465,9.805,0.010583333,14.28495772,-0.376626736
2004,152,18,82.2755,105.248,43.05263158,45.555,16.12,22.055,0.39805,7.405,0.010583333,14.28495755,-0.367777778
2004,152,19,92.451,1.449,0.205882353,0,2.41,17.015,0.6096,7.335,0.010583333,14.30171025,-0.36115625
2004,152,20,101.6945,0.345,0,0,0.295,15.05,0.7494,5.96,0.010583333,14.31688883,-0.356967014
2004,152,21,109.261,0,0,0,0.245,14.435,0.8175,5.2,0.010583333,14.31745837,-0.353673611
2004,152,22,114.7085,0.368,0,0,0.07,14.26,0.8119,6.32,0.010583333,14.31762011,-0.350654514
2004,152,23,117.4635,0.391,0,0,0.135,14.065,0.8218,6.445,0.010583333,14.3178058,-0.347763889
2004,153,0,117.161,0.322,0,0,0.18,13.785,0.8219,5.89,0,14.3179989,-0.345038194
2004,153,1,113.8495,0.46,0,0,0.055,13.41,0.84145,5.26,0,14.31818682,-0.342539931
2004,153,2,107.945,0.345,0,0,0.035,13.255,0.83745,5.29,0,14.31835872,-0.340225694
2004,153,3,100.039,0.437,0.07,0,0.04,13.065,0.83405,5.36,0,14.3184987,-0.33803125
2004,153,4,90.507,18.446,8.535,4.24,2.525,12.94,0.82225,5.165,0,14.32158802,-0.335946181
2004,153,5,80.247,221.168,88.1,103.955,33.075,13.965,0.7713,6.06,0,14.33796898,-0.333548611
2004,153,6,69.3115,585.189,232.085,292.38,77.375,15.655,0.7347,6.6,0,14.3368573,-0.330208333
2004,153,7,57.971,972.992,390.475,495.765,113.885,17.98,0.6531,7.345,0,14.33683298,-0.325473958
2004,153,8,46.5285,1319.993,542.08,682.89,140.935,20.09,0.5646,7.4,0,14.33683262,-0.319199653
2004,153,9,35.3895,1612.737,669.835,837.04,159.915,21.81,0.4919,7.305,0,14.33683269,-0.311595486
2004,153,10,25.415,1810.33,756.98,944.895,172.435,23.36,0.42115,7.265,0,14.33683296,-0.302855903
2004,153,11,18.942,1907.896,797.34,998.245,182.79,24.56,0.35645,7.3,0,14.33683269,-0.293161458
2004,153,12,19.694,1909.667,779.05,988.765,191.955,25.035,0.37805,7.96,0,14.33683289,-0.282885417
2004,153,13,27.1045,1135.579,451.72,574.805,122.88,24.985,0.3855,8.21,0,14.33683271,-0.272461806
2004,153,14,37.4055,916.987,357.815,456.915,105.015,25.82,0.27925,10,0,14.3368327,-0.261765625
2004,153,15,48.6395,965.172,367.19,474.85,116.66,25.655,0.28085,11.01,0,14.33683263,-0.250836806
2004,153,16,60.0795,917.263,340.82,445.12,121.945,25.57,0.2831,10.25,0,14.33683263,-0.239994792
2004,153,17,71.3625,534.06,190.21,244.785,80.825,24.885,0.29445,9.95,0,14.33683263,-0.229420139
2004,153,18,82.165,181.7,65.08,75.865,32.345,23.65,0.34515,7.93,0,14.33683256,-0.219512153
2004,153,19,92.3385,9.016,3.745,0.705,1.695,21.705,0.40775,5.265,0,14.34914933,-0.210708333
2004,153,20,101.567,0.23,0,0,0.195,19.85,0.48955,4.615,0,14.37772047,-0.203223958
2004,153,21,109.129,0.046,0,0,0.245,18.895,0.54965,3.81,0,14.37870839,-0.196715278
2004,153,22,114.573,0,0,0,0.02,17.625,0.6163,2.775,0,14.37886922,-0.190979167
2004,153,23,117.33,0,0,0,0.045,16.375,0.67265,2.9,0,14.37903258,-0.186118056
2004,154,0,117.0375,0,0,0,0.04,14.97,0.75795,2.69,0,14.3792026,-0.182178819
2004,154,1,113.7405,0,0,0,0.04,14.97,0.77435,2.89,0,14.37936854,-0.178727431
2004,154,2,107.8525,0,0,0,0.005,14.845,0.76725,3.56,0,14.37951822,-0.175319444
2004,154,3,99.9605,0.023,0.06,0,0.13,14.365,0.7621,3.79,0,14.37964179,-0.172121528
2004,154,4,90.4465,20.654,8.65,4.94,3.725,13.405,0.8102,3.305,0,14.38479983,-0.169423611
2004,154,5,80.194,237.636,92.92,110.635,35.61,13.91,0.80635,3.32,0,14.40056667,-0.166883681
2004,154,6,69.2655,602.071,235.3,295.265,77.78,15.89,0.72265,5.035,0,14.39951027,-0.163480903
2004,154,7,57.9295,990.978,392.24,495.835,112.87,17.205,0.6802,5.88,0,14.39948743,-0.158934028
2004,154,8,46.4855,1355.689,555.865,698.53,142.25,18.265,0.6113,8.57,0,14.3994871,-0.1535625
2004,154,9,35.339,1610.529,660.165,825.955,158.315,18.84,0.5991,8.91,0,14.39948718,-0.147623264
2004,154,10,25.3415,1656.276,676.9,851.865,162.905,19.63,0.56545,9.275,0,14.3994875,-0.141210069
2004,154,11,18.828,1615.52,654.36,828.3,163.275,19.92,0.5522,9.235,0,14.39948715,-0.134421875
2004,154,12,19.5645,1474.576,587.11,750.32,151.45,20.335,0.54075,8.215,0,14.39948729,-0.127388889
2004,154,13,26.9865,888.375,344.515,441.325,98.315,20.35,0.5434,8.19,0,14.39948729,-0.120206597
2004,154,14,37.2975,955.512,367.015,470.825,107.21,20.23,0.5661,7.85,0,14.39948711,-0.113060764
2004,154,15,48.537,638.549,241.595,307.885,75.165,20.23,0.5958,7.65,0,14.39948711,-0.105956597
2004,154,16,59.9785,532.841,199.305,253.11,64.385,19.965,0.62065,8.8,0,14.39948711,-0.098944444
2004,154,17,71.2555,161.782,61.175,74.17,20.59,16.79,0.83645,7.055,0,14.39948704,-0.093126736
2004,154,18,82.0575,157.757,59.835,67.605,22.735,17.14,0.8379,3.65,0,14.39948707,-0.088289931
2004,154,19,92.189,9.154,4.62,1.22,1.28,16.68,0.86875,2.1,0,14.41065453,-0.083491319
2004,154,20,101.4455,0.322,0,0,0.355,15.785,0.8778,1.995,0,14.43465671,-0.079163194
2004,154,21,109.003,0.345,0,0,0.11,15.725,0.86425,1.63,0,14.43556408,-0.075166667
2004,154,22,114.443,0.253,0,0,0,15.205,0.8647,1.305,0,14.43573708,-0.071371528
2004,154,23,117.2035,0.414,0,0,0.055,14.815,0.8313,1.88,0,14.43591832,-0.067892361
2004,155,0,116.921,0.46,0,0,0,13.505,0.91445,1.865,0,14.43611447,-0.065003472
2004,155,1,113.637,0.46,0,0,0.145,13.065,0.9114,3.2,0,14.43630721,-0.062722222
2004,155,2,107.765,0.46,0,0,0.155,12.24,0.90985,3.675,0,14.43648152,-0.060880208
2004,155,3,99.8895,0.46,0.06,0,0.275,11.565,0.9132,4.085,0,14.43662535,-0.059559028
2004,155,4,90.391,17.434,7.665,3.8,2.88,11.25,0.84415,4.795,0,14.43903206,-0.058581597
2004,155,5,80.147,232.599,90.03,108.205,35.345,11.75,0.81115,5.045,0,14.45142064,-0.057539931
2004,155,6,69.2245,587.558,231.815,290.675,79.285,13.3,0.79255,3.625,0,14.45025889,-0.055786458
2004,155,7,57.8915,962.895,384.01,490.685,115.45,15.265,0.7512,3.71,0,14.45023401,-0.0528125
2004,155,8,46.448,1303.962,529.84,673.675,142.575,17.045,0.69265,4.775,0,14.45023364,-0.048538194
2004,155,9,35.2915,1591.209,657.53,827.555,160.635,19.085,0.597,6.215,0,14.45023372,-0.0429375
2004,155,10,25.2745,1795.817,752.485,940.82,171.225,20.405,0.50535,6.94,0,14.45023398,-0.036170139
2004,155,11,18.723,1903.227,802.855,997.45,173.56,21.305,0.43405,7.085,0,14.45023372,-0.028631944
2004,155,12,19.4395,1775.784,743.645,923.19,164.34,21.905,0.4302,6,0,14.45023392,-0.020572917
2004,155,13,26.8725,921.173,374.6,463.965,92.86,21.98,0.43725,5.57,0,14.45023373,-0.012279514
2004,155,14,37.194,889.663,355.02,443.435,96.67,22.08,0.41605,5.485,0,14.45023375,-0.003925347
2004,155,15,48.437,875.311,343.475,431.05,98.595,22.215,0.4098,5.515,0,14.45023366,0.001294785
2004,155,16,59.8785,807.139,308.17,390.09,100.23,22.405,0.39625,5.13,0,14.45023366,0.003334834
2004,155,17,71.155,523.204,195.655,245.12,75.695,22.045,0.4161,5.085,0,14.45023361,0.005363412
2004,155,18,81.953,167.831,62.94,69.75,28.665,20.795,0.42845,4.8,0,14.45023357,0.007280895
2004,155,19,92.084,10.925,4.935,1.21,2.105,18.765,0.4442,4.185,0,14.45914162,0.008961861
2004,155,20,101.329,0.184,0,0,0.065,17.205,0.48785,3.865,0,14.48334543,0.010374954
2004,155,21,108.8795,0,0,0,0.01,16.025,0.5231,3.335,0,14.48429384,0.011581846
2004,155,22,114.321,0,0,0,0.08,14.615,0.58885,3.08,0,14.48445206,0.012596593
2004,155,23,117.083,0,0,0,0.15,13.145,0.6203,3.07,0,14.48461442,0.013404847
2004,156,0,116.81,0.069,0,0,0.21,11.455,0.67015,3.025,0,14.484785,0.014000687
2004,156,1,113.539,0.299,0,0,0.12,11.285,0.6446,2.85,0,14.48495976,0.014479477
2004,156,2,107.6855,0.414,0,0,0.125,9.97,0.7265,2.9,0,14.48512761,0.014872367
2004,156,3,99.8245,0.207,0.03,0,0.25,9.035,0.77825,3.435,0,14.48526498,0.015145424
2004,156,4,90.339,21.068,8.825,5.595,3.74,8.505,0.79595,2.885,0,14.49101793,0.015349102
2004,156,5,80.103,229.77,91.955,112.56,38.095,9.77,0.74245,2.88,0,14.50378297,0.015587258
2004,156,6,69.1885,589.582,234.63,302.385,86.205,12.745,0.6242,3.915,0,14.50269339,0.016056211
2004,156,7,57.86,977.017,393.635,508.72,125.835,15.375,0.55535,4.115,0,14.50267027,0.016890808
2004,156,8,46.4155,1324.455,546.31,696.925,151.865,17.645,0.51245,3.465,0,14.50266993,0.018082245
2004,156,9,35.252,1608.942,675.095,849.485,166.405,19.5,0.45695,3.915,0,14.50266999,0.019583628
2004,156,10,25.212,1812.446,773.48,959.925,171.71,20.925,0.3988,3.04,0,14.50267023,0.021328267
2004,156,11,18.625,1913.301,821.215,1014.135,174.19,22.13,0.3392,3.07,0,14.50267003,0.02326079
2004,156,12,19.3205,1915.049,819.68,1011.645,176.59,23.11,0.2877,2.46,0,14.50267012,0.025341833
2004,156,13,26.7635,1807.984,762.885,944.135,174.13,23.88,0.27675,1.715,0,14.50266996,0.027535382
2004,156,14,37.095,1608.022,659.815,826.76,168.28,24.525,0.2471,2.295,0,14.50267002,0.029814871
2004,156,15,48.3415,1316.612,523.075,663.595,151.35,24.735,0.227,2.47,0,14.50267012,0.032143986
2004,156,16,59.7805,960.48,368.575,470.14,123.28,24.73,0.20555,2.78,0,14.50266994,0.034484692
2004,156,17,71.055,560.602,207.885,260.56,81.52,24.525,0.2254,3.585,0,14.50266992,0.036813524
2004,156,18,81.8525,192.211,70.815,78.15,32.295,23.605,0.26965,3.06,0,14.50266975,0.039076525
2004,156,19,91.9815,10.649,5.845,1.08,1.48,21.12,0.3566,3,0,14.50912356,0.041121764
2004,156,20,101.2165,0,0,0,0.04,19.895,0.38875,2.96,0,14.53261183,0.042909326
2004,156,21,108.7635,0,0,0,0.02,18.56,0.4405,2.57,0,14.53358866,0.044508757
2004,156,22,114.203,0,0,0,0.225,16.595,0.5469,2.84,0,14.53374691,0.045860463
2004,156,23,116.9685,0,0,0,0,15.71,0.66825,2.925,0,14.53390881,0.046998162
2004,157,0,116.707,0,0,0,0,15.05,0.76405,2.755,0,14.53407766,0.048021482
2004,157,1,113.4495,0.023,0,0,0.055,14.465,0.80805,3.11,0,14.53424313,0.048954116
2004,157,2,107.6105,0.115,0,0,0.09,13.515,0.86085,2.705,0,14.53439532,0.049777489
2004,157,3,99.7625,0,0.06,0,0,14.055,0.85655,2.195,0,14.53452184,0.050572029
2004,157,4,90.2565,11.247,6.775,4.145,2.485,14.535,0.8502,1.49,0,14.53507939,0.051438363
2004,157,5,80.0655,173.857,72.265,85.66,25.615,15.29,0.8375,1.265,0,14.54022142,0.052393468
2004,157,6,69.1575,548.872,219.055,275.36,76.23,18.31,0.72665,1.13,0,14.5386661,0.053628544
2004,157,7,57.8325,954.04,385,486.075,116.28,20.32,0.66245,0.965,0,14.53863321,0.055240757
2004,157,8,46.3875,1305.181,537.14,672.81,142.045,22.01,0.5745,1.18,0,14.53863271,0.057122073
2004,157,9,35.216,1603.836,673.49,832.135,158.675,23.75,0.3858,1.65,0,14.53863277,0.05923647
2004,157,10,25.157,1723.85,731.93,897.845,163.035,24.65,0.3163,1.8,0,14.53863297,0.061515497
2004,157,11,18.532,1759.247,742.52,921.52,173.455,25.055,0.3115,2.48,0,14.53863286,0.063869526
2004,157,12,19.2075,935.433,378.12,470.595,102.93,24.84,0.3289,2.885,0,14.53863274,0.066234103
2004,157,13,26.6555,1300.489,528.01,664.7,141.075,25.13,0.34195,3.62,0,14.5386328,0.068602776
2004,157,14,36.997,751.479,301.415,374.6,84.955,25.1,0.3484,3.35,0,14.53863296,0.070985626
2004,157,15,48.246,654.672,258.285,317.565,73.34,25.23,0.35325,3.015,0,14.53863274,0.073373854
2004,157,16,59.6875,576.035,229.81,287.395,74.4,25.31,0.3688,3.055,0,14.53863273,0.075773299
2004,157,17,70.961,273.056,112.22,136.235,36.7,24.835,0.40005,4.44,0,14.53863256,0.078151441
2004,157,18,81.7535,95.634,39.815,40.545,11.61,23.885,0.448,3.425,0,14.53863272,0.080449162
2004,157,19,91.8825,8.901,5.12,2.055,1.05,22.3,0.51655,3.17,0,14.54530748,0.082591136
2004,157,20,101.1085,0.023,0,0,0,21.01,0.5752,3.01,0,14.55744793,0.084541324
2004,157,21,108.6505,0,0,0,0,20.52,0.59625,2.895,0,14.55803488,0.08636622
2004,157,22,114.091,0,0,0,0.005,19.82,0.6264,3.015,0,14.55818646,0.088104905
2004,157,23,116.8625,0,0,0,0,19.925,0.63005,3.62,0,14.55834819,0.089800048
2004,158,0,116.608,0,0,0,0,19.78,0.6508,3.005,0,14.558517,0.091492247
2004,158,1,113.366,0,0,0,0.05,19.125,0.70865,3.08,0,14.55868124,0.093125266
2004,158,2,107.542,0,0,0,0,18.82,0.72135,3.13,0,14.55883108,0.094686801
2004,158,3,99.707,0,0.095,0,0.06,18.685,0.716,3.225,0,14.55895441,0.096215396
2004,158,4,90.219,10.58,5.345,1.8,0.995,17.945,0.76615,2.305,0,14.55943841,0.097678232
2004,158,5,80.0335,112.24,45.845,51,13.195,17.645,0.7997,2.61,0,14.5605073,0.099062721
2004,158,6,69.133,314.525,125.055,150.725,35.065,18.835,0.7558,2.695,0,14.55826114,0.100514236
2004,158,7,57.81,486.864,192.65,236.485,53.855,20.335,0.6924,3.46,0,14.55821369,0.102166671
2004,158,8,46.3645,1012.874,401.44,506.27,109.755,22.055,0.62275,4.035,0,14.55821301,0.104052201
2004,158,9,35.186,1447.758,576.625,735.53,154.18,23.5,0.54015,5.56,0,14.55821309,0.106153562
2004,158,10,25.107,1629.182,656.08,830.27,160.185,24.175,0.5258,5.53,0,14.55821303,0.108389332
2004,158,11,18.448,1493.091,593.17,756.56,149.48,25.14,0.4626,5.32,0,14.55821318,0.11072116
2004,158,12,19.101,1780.568,719.22,908.285,176.765,26,0.42655,4.825,0,14.5582137,0.113151537
2004,158,13,26.555,1351.02,534.17,675.13,138.06,26.39,0.42375,5.055,0,14.558213,0.115643812
2004,158,14,36.9015,1400.999,550.075,701.11,151.67,26.915,0.4029,5.775,0,14.55821304,0.118177808
2004,158,15,48.1555,977.523,373.985,477.44,112.74,26.695,0.41235,5.905,0,14.55821309,0.12072522
2004,158,16,59.5975,585.304,219.005,272.335,70.41,26.295,0.42705,5.725,0,14.558213,0.123245222
2004,158,17,70.8675,471.638,175.405,216.455,66.93,26.15,0.4283,5.04,0,14.55821293,0.125740163
2004,158,18,81.6595,151.064,58.33,63.155,23.91,25.275,0.4717,3.995,0,14.558213,0.128185004
2004,158,19,91.7485,11.362,5.775,1.415,1.47,23.185,0.5477,2.975,0,14.56339922,0.13046605
2004,158,20,101.004,0.207,0,0,0.025,21.515,0.6383,3.345,0,14.58180029,0.132510638
2004,158,21,108.5455,0,0,0,0,20.42,0.7214,3.075,0,14.5826656,0.134364292
2004,158,22,113.9845,0,0,0,0,19.63,0.7807,2.635,0,14.58282155,0.136081742
2004,158,23,116.76,0.069,0,0,0,18.885,0.8035,2.805,0,14.58298445,0.137685763
2004,159,0,116.5185,0.46,0,0,0.025,17.76,0.8435,2.955,0,14.5831668,0.139149697
2004,159,1,113.2895,0.46,0,0,0,17.92,0.848,3.185,0,14.58335818,0.140540974
2004,159,2,107.48,0.368,0,0,0,17.645,0.86705,3.2,0,14.58353085,0.141923577
2004,159,3,99.661,0.46,0.1,0,0.095,17.175,0.89195,2.93,0,14.5836718,0.143250003
2004,159,4,90.1835,16.422,6.56,2.845,1,17.55,0.88745,3.185,0,14.58555956,0.144569266
2004,159,5,80.0065,178.825,70.565,80.605,23.01,18.42,0.87725,3.315,0,14.59334184,0.145982392
2004,159,6,69.1115,520.191,204.705,255.7,70.18,20.49,0.8228,5.12,0,14.59198585,0.147615345
2004,159,7,57.7915,902.359,352.565,450.24,109.96,22.315,0.77985,6.075,0,14.59195733,0.149529954
2004,159,8,46.3465,1278.616,504.435,643.005,140.18,23.91,0.732,5.765,0,14.59195691,0.151674476
2004,159,9,35.1615,1564.667,626.065,791.37,157.635,25.72,0.6474,5.74,0,14.59195698,0.154022889
2004,159,10,25.063,1651.331,663.23,836.64,159.925,26.81,0.59445,7.015,0,14.59195721,0.156521161
2004,159,11,18.3685,1768.769,712.655,899.93,170.12,27.65,0.56935,7.185,0,14.59195702,0.159103392
2004,159,12,18.998,1850.143,742.97,940.455,181.4,28.21,0.5392,7.18,0,14.59195706,0.161737881
2004,159,13,26.4555,1482.695,582.71,737.815,147.685,28.515,0.5376,7.615,0,14.59195693,0.164400718
2004,159,14,36.8115,1474.3,569.915,728.275,157.025,29.02,0.5237,7.965,0,14.59195694,0.167086965
2004,159,15,48.066,1274.522,482.5,620.045,144.855,29.33,0.5101,8.125,0,14.59195696,0.169794079
2004,159,16,59.5085,944.357,348.375,448.155,118.3,29.265,0.50245,8.385,0,14.59195694,0.172506912
2004,159,17,70.7775,546.526,197.405,246.415,74.975,28.915,0.5218,8.045,0,14.59195692,0.175209925
2004,159,18,81.567,175.053,63.895,70.82,27.015,27.925,0.56275,6.9,0,14.59195684,0.177875644
2004,159,19,91.658,12.42,4.965,1.3,1.92,26.275,0.6238,5.26,0,14.59561114,0.180446136
2004,159,20,100.9045,0.322,0,0,0.05,24.82,0.6804,4.22,0,14.61472193,0.182873497
2004,159,21,108.443,0.299,0,0,0.005,23.96,0.726,3.74,0,14.6156697,0.185174772
2004,159,22,113.8845,0.023,0,0,0.015,23.32,0.75825,4.23,0,14.61583515,0.187386376
2004,159,23,116.6675,0.023,0,0,0.005,22.83,0.78475,4.265,0,14.61599757,0.189526899
2004,160,0,116.433,0,0,0,0.005,22.555,0.8051,4.515,0,14.61616664,0.191617776
2004,160,1,113.2195,0.115,0,0,0.005,22.315,0.82795,4.55,0,14.6163339,0.193674553
2004,160,2,107.423,0.161,0,0,0.03,21.905,0.86125,3.855,0,14.61649011,0.195687558
2004,160,3,99.618,0.46,0.1,0,0.01,21.72,0.891,4.53,0,14.61662511,0.197659928
2004,160,4,90.1535,21.965,9.01,5.185,2.635,21.515,0.91085,4.47,0,14.62393397,0.199605326
2004,160,5,79.9835,212.888,82.225,95.325,30.75,22.005,0.90155,4.28,0,14.63441199,0.201570404
2004,160,6,69.0945,558.141,212.755,265.115,73.83,23.555,0.84325,5.855,0,14.63329724,0.203671988
2004,160,7,63.2,763.14,290.5,369.9,95.2,24.4,0.803,7.3,0,14.63327397,0.20592457
2004,160,8,NA,959.9395,367.61,465.905,103.79,24.26,0.7164,5.3575,0,14.63327364,0.20821918
2004,160,9,NA,1260.8945,484.43,613.0425,126.055,25.465,0.6573,5.77,0,14.63327372,0.210573716
2004,160,10,NA,1119.6055,432.3122222,544.9075,109.6013889,26.11888889,0.618641667,6.5775,0,14.63327405,0.213026697
2004,160,11,NA,1209.432,466.785,589.64,117.3825,25.74,0.64765,7.4125,0,14.63327368,0.215493422
2004,160,12,NA,1160.5225,450.7625,568.89,113.235,25.3975,0.683575,6.87,0,14.63327381,0.217923992
2004,160,13,NA,953.3845,362.25,456.48,93.1475,25.185,0.707725,7.0175,0,14.63327422,0.220325672
2004,160,14,NA,1204.372,450.27,575.4875,125.7025,25.67,0.6853,6.8775,0,14.63327365,0.222741576
2004,160,15,NA,1045.6145,387.63,495.6775,114.79,26.4675,0.65015,7.33,0,14.63327367,0.225221551
2004,160,16,NA,763.002,279.38,355.38,90.0075,26.47,0.6385,7.1175,0,14.63327366,0.227739268
2004,160,17,NA,502.2395,180.8925,226.4025,64.2075,26.625,0.62625,6.42,0,14.63327363,0.230264076
2004,160,18,81.74368421,162.7431579,57.93684211,69.24736842,23.16842105,29.23684211,0.567736842,5.715789474,0,14.6332735,0.23289422
2004,160,19,91.571,12.075,4.71,3.145,1.49,27.6,0.65035,3.405,0,14.63575604,0.235558634
2004,160,20,100.8095,0,0,0,0,26.31,0.70445,4.335,0,14.65228827,0.238117799
2004,160,21,108.347,0.023,0,0,0,25.575,0.7478,3.985,0,14.65316944,0.240585587
2004,160,22,113.791,0.023,0,0,0,25.19,0.7533,4.53,0,14.65332614,0.24299683
2004,160,23,116.58,0.023,0,0,0,24.36,0.77305,4.18,0,14.65348799,0.245341982
2004,161,0,116.3565,0.023,0,0,0,23.62,0.81025,3.88,0,14.6536572,0.247596133
2004,161,1,113.1555,0.069,0,0,0.005,22.905,0.84705,3.75,0,14.65382397,0.249760479
2004,161,2,107.373,0.46,0,0,0,21.75,0.9061,3.365,0,14.65398454,0.251802489
2004,161,3,99.5815,0.46,0,0,0,20.96,0.933,2.51,0,14.65412824,0.253711082
2004,161,4,90.1305,11.201,3.855,3.02,1.06,20.465,0.9363,2.31,0,14.65471463,0.255528437
2004,161,5,79.966,112.746,36.855,47.265,11.11,20.23,0.92035,1.96,0,14.65480321,0.257293056
2004,161,6,69.0825,557.566,194.15,251,65.06,21.875,0.8432,3.315,0,14.65257902,0.259158473
2004,161,7,57.7695,637.629,229.96,289.875,69.25,23.825,0.73905,4.78,0,14.6525325,0.261268715
2004,161,8,46.3245,641.263,230.785,288.805,67.4,24.61,0.7008,4.95,0,14.65253179,0.263549886
2004,161,9,35.1275,957.122,342.795,434.715,94.475,25.21,0.6672,5.8,0,14.65253184,0.265910185
2004,161,10,24.995,587.88,201.3944444,253.175,59.27777778,25.42777778,0.642833333,6.14,0,14.65253202,0.268314787
2004,161,11,18.2315,650.095,220.915,279.35,64.645,23.83,0.72595,7.64,0,14.65253202,0.270642642
2004,161,12,18.8115,470.902,158.555,197.325,45.07,22.585,0.82795,6.56,0,14.65253181,0.272799632
2004,161,13,26.274,424.074,141.79,175.145,38.61,21.855,0.87785,6.42,0,14.65253182,0.274827417
2004,161,14,36.639,934.444,330.625,422.7,94.38,22.32,0.8469,5.79,0,14.65253185,0.276837354
2004,161,15,47.8995,816.707,292.76,371.31,84.725,23.605,0.7902,6.535,0,14.6525319,0.278962901
2004,161,16,59.34,581.647,210.385,262.605,61.715,23.675,0.77455,5.85,0,14.65253182,0.281174661
2004,161,17,70.608,457.953,164.38,206.39,53.44,24.335,0.7307,4.795,0,14.6525318,0.283430658
2004,161,18,81.395,91.793,33.965,38.275,9.385,23.995,0.7307,3.36,0,14.65253181,0.285705844
2004,161,19,91.489,3.703,1.315,0.395,0.215,23.09,0.77175,2.29,0,14.6477481,0.28790522
2004,161,20,100.72,0.138,0,0,0,22.52,0.79965,2.265,0,14.65468047,0.290010754
2004,161,21,108.257,0.299,0,0,0.035,21.685,0.87565,2.65,0,14.65514316,0.292022591
2004,161,22,113.702,0.414,0,0,0,21.55,0.898,2.835,0,14.65530886,0.293967995
2004,161,23,116.4975,0.437,0,0,0,21.24,0.9168,2.39,0,14.65549378,0.295882327
2004,162,0,116.286,0.437,0,0,0,20.95,0.92935,1.86,1.957916667,14.65568844,0.297754345
2004,162,1,113.0985,0.414,0,0,0,20.79,0.9373,1.845,1.957916667,14.65587857,0.299594326
2004,162,2,107.3305,0.437,0,0,0,20.75,0.93435,2.385,1.957916667,14.65604968,0.301419987
2004,162,3,99.5495,0.46,0,0,0,20.76,0.94065,3.16,1.957916667,14.65619331,0.303243495
2004,162,4,90.109,5.221,1.635,0.25,0.425,20.65,0.95685,1.77,1.957916667,14.65639032,0.305059816
2004,162,5,79.9515,49.427,17.305,16.91,4.525,20.66,0.9651,0.595,1.957916667,14.64655877,0.306868944
2004,162,6,69.0745,194.833,69.49,82.125,18.705,21,0.9658,2.32,1.957916667,14.63296391,0.308703182
2004,162,7,57.7655,373.75,135.185,163.75,35.825,21.765,0.9326,3.01,1.957916667,14.6326745,0.310615644
2004,162,8,46.3215,456.343,161.375,196.845,42.385,22.35,0.908,3.53,1.957916667,14.63267021,0.312621466
2004,162,9,35.1165,256.703,84.19,100.355,20.27,22.32,0.9235,3.015,1.957916667,14.63267014,0.314664881
2004,162,10,24.97,224.434,73.76,87.75,17.395,22.175,0.95265,1.825,1.957916667,14.63267016,0.316696526
2004,162,11,18.176,926.44,341.685,429.925,91.45,23.07,0.9203,2.97,1.957916667,14.6326702,0.31877795
2004,162,12,18.729,1111.452,398.095,509.455,105.82,24.185,0.86745,4.795,1.957916667,14.63267033,0.32098769
2004,162,13,26.1885,780.206,277.33,343.6,74.22,25.04,0.82055,4.07,1.957916667,14.63267073,0.323314508
2004,162,14,36.5575,467.084,166.2,205.54,44.265,24.635,0.81745,4.35,1.957916667,14.63267018,0.325666871
2004,162,15,47.821,612.582,222.33,277.04,61.62,24.45,0.79775,4.08,1.957916667,14.63267019,0.327986022
2004,162,16,59.262,353.694,130.315,157.53,35.105,25.19,0.78915,4.395,1.957916667,14.63267018,0.33033626
2004,162,17,70.528,264.454,97.14,118.165,27.175,24.02,0.8317,5.09,1.957916667,14.63267015,0.332661938
2004,162,18,81.314,18.055,6.521052632,5.47,2.205,22.965,0.87175,5.57,1.957916667,14.61044387,0.333588955
2004,162,19,91.41,0.506,0,0,0.175,20.735,0.92875,5.395,1.957916667,14.54920461,0.334376458
2004,162,20,100.635,0.46,0,0,0.03,21.33,0.9364,2.635,1.957916667,14.54956533,0.335167636
2004,162,21,108.173,0.46,0,0,0.16,21.435,0.9349,4.745,1.957916667,14.54971132,0.335958783
2004,162,22,113.621,0.46,0,0,0.015,21.265,0.9547,2.8,1.957916667,14.54987863,0.336749911
2004,162,23,116.422,0.46,0,0,0.005,21.5,0.9527,3.09,1.957916667,14.55006726,0.337541018
2004,163,0,116.223,0.46,0,0,0.015,21.315,0.96675,3.225,0.592666667,14.5502645,0.338332102
2004,163,1,113.0475,0.46,0,0,0.025,21.445,0.963,4.865,0.592666667,14.55045799,0.339123162
2004,163,2,107.2925,0.46,0,0,0.03,21.405,0.95095,2.88,0.592666667,14.55063312,0.3399142
2004,163,3,99.5245,0.46,0,0,0.01,21.35,0.9021,1.455,0.592666667,14.55077809,0.340705219
2004,163,4,90.0955,5.267,1.385,0.08,0.13,21.395,0.90295,1.175,0.592666667,14.5509791,0.341496216
2004,163,5,79.945,92.322,34.625,38.045,8.35,21.93,0.89575,3.2,0.592666667,14.54873412,0.342287337
2004,163,6,69.073,195.155,74.06,86.75,18.83,23.14,0.84785,4.06,0.592666667,14.54540094,0.343078795
2004,163,7,57.7665,514.648,196.97,238.22,50.555,24.26,0.802,4.93,0.592666667,14.54532883,0.343870457
2004,163,8,46.3215,940.7,350.325,435.21,92.405,25.655,0.73825,6.12,0.592666667,14.54532776,0.344662125
2004,163,9,35.1135,1610.598,605.385,771.225,148.88,26.725,0.69635,6.64,0.592666667,14.54532781,0.345453792
2004,163,10,24.9495,1346.581,502.82,642.475,127.09,27.525,0.66375,6.38,0.592666667,14.54532777,0.346245459
2004,163,11,18.124,1802.924,672.49,868.47,165.835,28.115,0.64905,5.695,0.592666667,14.54532785,0.347037126
2004,163,12,18.651,1857.526,692.605,898.84,174.96,28.72,0.64545,4.04,0.592666667,14.54532813,0.347828793
2004,163,13,26.1075,1460.132,543.69,699.9,144.245,29.24,0.6345,3.445,0.592666667,14.54532779,0.34862046
2004,163,14,36.48,1334.621,489.165,634.49,136.43,29.59,0.6288,3.67,0.592666667,14.54532786,0.349412127
2004,163,15,47.7445,943.414,339.16,435.97,99.12,29.925,0.6198,3.69,0.592666667,14.54532799,0.350203795
2004,163,16,59.1865,607.959,223.7,281.74,69.27,29.925,0.62795,3.485,0.592666667,14.54532776,0.350995462
2004,163,17,70.45,395.853,146.435,181.535,46.465,29.865,0.6301,3.085,0.592666667,14.54532774,0.351787129
2004,163,18,81.238,123.303,45.28,51.87,12.69,28.755,0.71425,2.195,0.592666667,14.54532761,0.352578796
2004,163,19,91.333,11.04,3.85,2.54,0.645,27.78,0.75065,2.425,0.592666667,14.54961222,0.353370205
2004,163,20,100.555,0.023,0,0,0,26.895,0.78045,2.5,0.592666667,14.56435577,0.354160466
2004,163,21,108.0945,0,0,0,0,26.43,0.78875,2.705,0.592666667,14.56510179,0.354949792
2004,163,22,113.5455,0,0,0,0,25.58,0.79885,3.57,0.592666667,14.56525521,0.355739065
2004,163,23,116.3555,0.046,0,0,0,24.93,0.81225,4.325,0.592666667,14.56541725,0.356528318
2004,164,0,116.165,0,0,0,0,24.77,0.8173,4.4,0,14.56558767,0.357317551
2004,164,1,113.003,0,0,0,0,24.76,0.8183,4.465,0,14.56575254,0.358106764
2004,164,2,107.2625,0.023,0,0,0.01,24.44,0.839,4.02,0,14.56590325,0.358895958
2004,164,3,99.5055,0.069,0,0,0.02,23.935,0.866,3.475,0,14.56602931,0.359685135
2004,164,4,90.0855,5.428,1.6,0.39,0.17,23.935,0.86915,2.54,0,14.56622247,0.360474292
2004,164,5,79.9425,120.474,43.49,49.7,11.415,23.82,0.8699,2.875,0,14.56770252,0.361263349
2004,164,6,69.074,252.678,94.25,114.05,26.115,24.495,0.8444,2.505,0,14.56533209,0.36205246
2004,164,7,57.771,506.092,185.535,234.235,55.11,24.38,0.8095,4.405,0,14.56528078,0.362841717
2004,164,8,46.3255,1057.724,388.35,493.575,107.92,25.77,0.77995,3.805,0,14.56528002,0.363630977
2004,164,9,35.113,1243.978,464.825,591.88,119.915,26.6,0.7543,4.205,0,14.56528018,0.364420236
2004,164,10,24.9355,1843.91,693.54,894.695,168.49,27.395,0.7105,4.53,0,14.56528079,0.365209496
2004,164,11,18.08,2028.761,765.5,992.92,176.7,28.715,0.61095,3.49,0,14.56528002,0.365998756
2004,164,12,18.5785,2029.796,765.425,993.47,178.52,29.815,0.5515,2.675,0,14.56528008,0.366788016
2004,164,13,26.0325,1835.883,683.82,887.69,170.325,30.64,0.48135,2.345,0,14.56528025,0.367577276
2004,164,14,36.406,1626.882,595.52,779.21,159.43,31.235,0.4344,1.92,0,14.56528006,0.368366536
2004,164,15,47.6725,1382.668,494.365,653.45,146.18,31.065,0.47045,2.585,0,14.56528011,0.369155796
2004,164,16,59.1145,949.992,331.62,438.625,109.865,30.745,0.4933,3.25,0,14.56528002,0.369945056
2004,164,17,70.378,337.295,116.17,143.775,37.195,28.63,0.6812,5.78,0,14.56528001,0.370734316
2004,164,18,81.164,199.295,73.82,91.49,28.645,27.425,0.70065,4.99,0,14.56527997,0.371523576
2004,164,19,91.2245,22.31,9.995,11,4.265,26.11,0.7245,4.14,0,14.56801592,0.37231267
2004,164,20,100.48,0,0,0,0,24.405,0.80865,2.35,0,14.598731,0.373099745
2004,164,21,108.021,0.023,0,0,0.465,22.795,0.79685,6.2,0,14.6000362,0.373884885
2004,164,22,113.476,0,0,0,0.105,21.335,0.82605,3.9,0,14.60019957,0.374669935
2004,164,23,116.2935,0.092,0,0,0,20.63,0.87455,2.945,0,14.6003625,0.375454966
2004,165,0,116.115,0.391,0,0,0.01,19.93,0.8967,3.275,0,14.60054344,0.376239976
2004,165,1,112.9665,0.46,0,0,0.01,19.585,0.91615,3.475,0,14.60073277,0.377024964
2004,165,2,107.2375,0.46,0,0,0.015,20.51,0.9555,4.875,0,14.60090755,0.37780993
2004,165,3,99.4915,0.437,0,0,0.255,20.925,0.94965,4.585,0,14.60105256,0.378594876
2004,165,4,90.082,11.408,4.54,4.03,2.135,20.82,0.91055,4.85,0,14.60167811,0.379379776
2004,165,5,79.9455,75.854,27.415,30.15,7.98,20.385,0.8999,5,0,14.60658701,0.380164341
2004,165,6,69.0815,431.503,155.705,193.435,46.675,20.685,0.8908,6.385,0,14.60309253,0.380948821
2004,165,7,57.779,610.121,221.375,278.36,62.905,21.45,0.85565,6.75,0,14.60301666,0.381733517
2004,165,8,46.335,862.615,317.135,401.55,90.035,22.56,0.8076,7.94,0,14.60301553,0.382518217
2004,165,9,35.119,1322.937,486.21,626.325,131.22,23.685,0.78735,6.685,0,14.6030156,0.383302917
2004,165,10,24.927,1646.501,607.605,790.14,155.41,24.92,0.7468,6.73,0,14.60301554,0.384087617
2004,165,11,18.0415,1907.252,706.545,924.015,173.14,26.185,0.69685,6.575,0,14.60301551,0.384872318
2004,165,12,18.512,1890.623,697.015,910.74,176.555,27.03,0.6252,7.13,0,14.60301552,0.385657018
2004,165,13,25.962,1352.515,496.595,643.055,135.335,26.86,0.61385,7.83,0,14.60301554,0.386441718
2004,165,14,36.336,1673.687,599.96,798.59,168.605,26.905,0.59735,7.18,0,14.60301557,0.387226418
2004,165,15,47.604,1364.429,479.545,644.925,148.33,27.065,0.59435,5.66,0,14.60301563,0.388011119
2004,165,16,59.0455,991.162,340.47,461.05,118.025,27.27,0.5591,5.405,0,14.60301553,0.388795819
2004,165,17,70.3085,604.164,208.655,275.505,79.59,26.985,0.5421,4.905,0,14.60301546,0.389580519
2004,165,18,81.095,261.004,91.345,114.465,39.11,26.115,0.5952,3.86,0,14.60301549,0.390365219
2004,165,19,91.1585,17.342,6.28,4.32,2.6,24.07,0.717,3.305,0,14.60400705,0.39114986
2004,165,20,100.4105,0,0,0,0,23.095,0.7788,2.64,0,14.6248204,0.391933181
2004,165,21,107.953,0.368,0,0,0,21.95,0.8429,2.78,0,14.62596797,0.392715173
2004,165,22,113.4145,0.46,0,0,0,21.035,0.87265,2.725,0,14.62614771,0.393497085
2004,165,23,116.239,0.46,0,0,0,20.6,0.8865,2.55,0,14.62633432,0.394278974
2004,166,0,116.072,0.46,0,0,0,20.105,0.9079,3.01,0,14.62653029,0.395060841
2004,166,1,112.937,0.46,0,0,0,19.875,0.9186,2.465,0,14.62672239,0.395842683
2004,166,2,107.2175,0.46,0,0,0,19.56,0.92135,3.215,0,14.62689713,0.396624504
2004,166,3,99.482,0.46,0.01,0,0.005,19.685,0.90815,3.105,0,14.62704401,0.397406305
2004,166,4,90.081,25.07,9.145,8.38,2.935,19.47,0.91675,2.9,0,14.64316758,0.398187121
2004,166,5,79.9505,271.607,87.81,102.2,31.3,20.265,0.92495,3.815,0,14.659435,0.398965974
2004,166,6,69.0915,645.541,223.07,280.415,73.485,21.83,0.91525,4.625,0,14.65850862,0.399743897
2004,166,7,57.794,1042.866,370.815,473.185,110.065,23.37,0.8611,5.13,0,14.65848875,0.400521877
2004,166,8,46.3485,1434.602,521.845,673.29,136.94,25.375,0.7346,6.02,0,14.65848848,0.401299859
2004,166,9,35.128,1612.875,601.895,772.76,147.47,26.36,0.61925,6.575,0,14.65848861,0.40207784
2004,166,10,24.925,1965.902,746.69,961.085,173.25,26.28,0.62535,5.52,0,14.65848914,0.402855822
2004,166,11,18.0125,1842.875,699.805,899.565,156.125,26.605,0.60455,2.805,0,14.65848849,0.403633804
2004,166,12,18.4535,1693.467,639.195,821.885,153.46,27.225,0.57955,2.67,0,14.65848855,0.404411785
2004,166,13,25.894,1464.226,547.585,708.685,139.855,27.625,0.5942,4.355,0,14.65848874,0.405189767
2004,166,14,36.2685,1649.882,600.845,791.87,165.45,28.7,0.55885,5.355,0,14.65848851,0.405967748
2004,166,15,47.5365,1335.886,472.84,631.235,143.18,29.405,0.53255,5.085,0,14.65848856,0.40674573
2004,166,16,58.9785,997.671,345.225,462.7,117.175,29.405,0.5248,5.395,0,14.65848849,0.407523711
2004,166,17,70.242,583.487,200.885,264.38,76.27,29.445,0.5279,4.64,0,14.65848847,0.408301693
2004,166,18,81.03,146.579,49.76,57.87,17.73,27.95,0.5963,3.195,0,14.65848847,0.409079675
2004,166,19,91.096,8.211,3.135,1.365,0.225,26.305,0.68275,2.275,0,14.65615575,0.409857798
2004,166,20,100.3455,0,0,0,0,25.565,0.7262,2.11,0,14.66660973,0.410635428
2004,166,21,107.89,0.184,0,0,0,24.695,0.7657,1.8,0,14.6673363,0.41141238
2004,166,22,113.3575,0.23,0,0,0,24.245,0.78445,0.285,0,14.66749804,0.412189279
2004,166,23,116.1905,0.414,0,0,0,23.915,0.807,0.97,0,14.6676751,0.412966157
2004,167,0,116.0345,0.414,0,0,0.085,22.49,0.90005,1.89,0.359833333,14.66786785,0.413743012
2004,167,1,112.91,0.437,0,0,0,22.285,0.90775,1.155,0.359833333,14.6680573,0.414519845
2004,167,2,107.2055,0.46,0,0,0.005,22.38,0.89235,0.94,0.359833333,14.66823098,0.415296655
2004,167,3,99.48,0.46,0,0,0,21.93,0.9256,1.23,0.359833333,14.66837735,0.416073446
2004,167,4,90.085,16.146,6.73,5.925,1.715,21.855,0.91905,1.295,0.359833333,14.67019949,0.416850117
2004,167,5,79.962,187.91,74.27,88.47,22.01,22.02,0.91565,1.235,0.359833333,14.68022281,0.41762607
2004,167,6,69.1075,346.817,133.28,162.545,36.56,23.24,0.858,1.69,0.359833333,14.67891466,0.418401494
2004,167,7,57.8125,632.477,239.76,296.9,66.24,24.4,0.7819,2.635,0.359833333,14.67888682,0.419176998
2004,167,8,46.3665,212.221,78.64,94.415,21.37,24.55,0.7699,2.865,0.359833333,14.67888641,0.419952505
2004,167,9,35.1415,25.093,6.355,6.175,2.665,21.87,0.87155,6.805,0.359833333,14.64943609,0.420729798
2004,167,10,24.9275,96.301,29.935,32.6,5.63,19.485,0.95825,4.75,0.359833333,14.43259716,0.421521972
2004,167,11,17.9885,335.869,119.38,146.87,31.025,20.19,0.9484,4.055,0.359833333,14.4300656,0.422327342
2004,167,12,18.4,1337.335,486.22,651.015,124.425,23.01,0.7923,3.665,0.359833333,14.4300403,0.423132865
2004,167,13,25.833,1975.539,739.595,953.69,178.405,25.795,0.66135,3.32,0.359833333,14.4300401,0.423938389
2004,167,14,36.206,1469.93,545.98,703.675,143.03,26.87,0.5933,3.19,0.359833333,14.43004021,0.424743913
2004,167,15,47.4745,1007.262,371.555,473.02,103.86,27.04,0.6406,2.55,0.359833333,14.43004011,0.425549438
2004,167,16,58.9165,424.281,154.84,190.65,43.19,26.445,0.70665,2.875,0.359833333,14.43004007,0.426354962
2004,167,17,70.18,369.955,135.26,166.21,39.55,25.825,0.7618,2.485,0.359833333,14.43004006,0.427160486
2004,167,18,80.9685,136.459,51.84,61.765,15.18,25.54,0.80585,2.975,0.359833333,14.43004007,0.427966011
2004,167,19,91.0385,16.307,6.73,6.685,2.255,24.21,0.84275,2.825,0.359833333,14.43444473,0.428771271
2004,167,20,100.2855,0.115,0,0,0,23.42,0.87825,3.105,0.359833333,14.45363647,0.429575118
2004,167,21,107.8345,0.092,0,0,0,23.075,0.91705,3.63,0.359833333,14.45457512,0.430377757
2004,167,22,113.306,0.046,0,0,0.015,22.87,0.9156,4.075,0.359833333,14.45473435,0.431180331
2004,167,23,116.1495,0.115,0,0,0.01,22.405,0.92755,3.47,0.359833333,14.45489956,0.431982885
2004,168,0,116.006,0.069,0,0,0,22.045,0.9328,2.805,0.381,14.45507495,0.432785418
2004,168,1,112.893,0.253,0,0,0,21.76,0.9443,2.285,0.381,14.45524978,0.433587931
2004,168,2,107.199,0.391,0,0,0,21.6,0.95385,1.8,0.381,14.45541872,0.434390423
2004,168,3,99.4825,0.437,0,0,0,21.51,0.95845,2.21,0.381,14.45556468,0.435192896
2004,168,4,90.095,9.085,3.235,2.175,1.05,21.47,0.9609,2.105,0.381,14.45597792,0.435995335
2004,168,5,79.978,31.05,10.695,9.28,2.81,21.54,0.95665,2.825,0.381,14.4775967,0.436796453
2004,168,6,69.1275,174.087,63.785,75.63,16.29,21.55,0.95975,3.32,0.381,14.43079086,0.437599081
2004,168,7,57.834,125.787,45.055,50.97,11.245,21.595,0.9569,3.415,0.381,14.42954811,0.43840459
2004,168,8,46.388,90.758,29.225,30.47,5.69,21.345,0.95465,2.63,0.381,14.42952873,0.439210174
2004,168,9,35.1595,364.182,128.85,156.15,31.42,21.665,0.9535,3.29,0.381,14.42952846,0.44001576
2004,168,10,24.936,1178.911,433.86,560.845,109.615,23.095,0.88735,4.695,0.381,14.42952851,0.440821345
2004,168,11,17.9695,1450.449,538.385,687.975,133.39,24.635,0.8134,6.03,0.381,14.42952869,0.441626931
2004,168,12,18.3535,1552.96,583.195,749.035,147.025,25.87,0.7538,6.62,0.381,14.42952866,0.442432517
2004,168,13,25.774,710.884,260.86,329.215,69.21,25.64,0.7754,4.925,0.381,14.42952848,0.443238102
2004,168,14,36.1485,1327.353,485.76,624.04,125.345,26.15,0.77475,5.295,0.381,14.42952849,0.444043688
2004,168,15,47.4155,1132.566,409.895,525.33,112.885,26.615,0.77515,4.83,0.381,14.42952852,0.444849274
2004,168,16,58.8585,510.6,186.72,229.41,50.725,25.885,0.8434,3.755,0.381,14.42952852,0.445654859
2004,168,17,70.1215,99.245,36.29,38.455,8.365,25.71,0.881,2.325,0.381,14.42952848,0.446460445
2004,168,18,80.913,43.585,16.17,15.18,4.005,25.605,0.8463,3.61,0.381,14.42929119,0.447266045
2004,168,19,90.984,5.428,1.32,1.015,1.145,23.455,0.89935,5.47,0.381,14.40457425,0.448073139
2004,168,20,100.23,0.483,0,0,0.11,22.635,0.8877,4.36,0.381,14.40655808,0.448881593
2004,168,21,107.7845,0.46,0,0,0.09,22.72,0.9353,3.96,0.381,14.40677733,0.449689915
2004,168,22,113.265,0.874,0,0,0.09,21.845,0.94335,3.045,0.381,14.40695469,0.450498213
2004,168,23,116.1145,0.713,0,0,0.005,21.485,0.9477,3.85,0.381,14.40716515,0.451306489
2004,169,0,115.9815,0.46,0,0,0.005,21.735,0.94,3.755,0,14.40737448,0.452114739
2004,169,1,112.882,0.46,0,0,0,21.715,0.95045,3.68,0,14.4075693,0.452922965
2004,169,2,107.198,0.46,0,0,0.005,21.705,0.9564,3.395,0,14.40774804,0.453731169
2004,169,3,99.492,0.46,0,0,0.02,21.375,0.96605,3.795,0,14.40789773,0.454539353
2004,169,4,90.1095,22.793,8.135,6.955,2.5,21.155,0.95545,3.11,0,14.41814572,0.455346915
2004,169,5,79.997,196.121,73.045,83.795,20.185,21.54,0.9328,3.455,0,14.45056454,0.456151922
2004,169,6,69.15,405.168,157.97,191.02,42.335,22.49,0.9025,4.665,0,14.44968692,0.456955038
2004,169,7,57.859,966.667,354.97,444.475,99.245,23.655,0.87855,4.79,0,14.4496659,0.457758209
2004,169,8,46.4145,937.779,343.36,432.655,89.93,24.56,0.84875,4.425,0,14.44966558,0.458561381
2004,169,9,35.1835,1259.388,476.17,605.785,121.955,25.405,0.82605,4.29,0,14.44966567,0.459364553
2004,169,10,24.9505,1319.027,502.645,640.545,125.015,26.26,0.7712,4.41,0,14.44966599,0.460167725
2004,169,11,17.96,1173.115,445.915,568.125,114.99,26.175,0.7666,5.735,0,14.44966563,0.460970897
2004,169,12,18.313,1684.727,641.96,824.84,160.775,25.785,0.7631,6.31,0,14.44966577,0.461774069
2004,169,13,25.7215,1399.113,525.94,678.645,138.715,25.91,0.74795,5.365,0,14.44966622,0.462577241
2004,169,14,36.0925,1502.383,551.805,720.765,148.695,26.54,0.71775,4.55,0,14.4496656,0.463380413
2004,169,15,47.3605,1255.202,460.49,603.015,136.435,26.93,0.6842,4.13,0,14.44966562,0.464183585
2004,169,16,58.8035,808.404,289.31,376.69,93.215,26.76,0.68965,4.91,0,14.44966562,0.464986757
2004,169,17,70.068,503.056,179.52,232.875,65.7,26.5,0.69955,4.65,0,14.44966558,0.465789929
2004,169,18,80.8585,178.572,63.995,77.81,24.345,25.61,0.7582,3.935,0,14.44966548,0.4665931
2004,169,19,90.936,14.536,5.115,3.77,1.455,24.04,0.84845,2.875,0,14.45189909,0.467396138
2004,169,20,100.182,0,0,0,0,23.065,0.89085,2.88,0,14.47028387,0.46819794
2004,169,21,107.74,0.046,0,0,0,22.67,0.90165,3.275,0,14.47125524,0.468998579
2004,169,22,113.226,0.069,0,0,0,22.225,0.9178,2.745,0,14.47141394,0.46979915
2004,169,23,116.088,0.345,0,0,0.005,21.545,0.91955,2.51,0,14.47158497,0.470599702
2004,170,0,115.966,0.368,0,0,0,20.815,0.93415,1.88,0,14.47177568,0.471400232
2004,170,1,112.876,0.46,0,0,0.03,20.205,0.93525,2.04,0,14.47196596,0.472200739
2004,170,2,107.204,0.46,0,0,0,19.745,0.95025,1.45,0,14.47214421,0.473001224
2004,170,3,99.505,0.46,0.005,0,0,19.11,0.96745,1.505,0,14.47229257,0.473801689
2004,170,4,90.1285,12.236,4.63,3.355,1.205,18.705,0.978,1.295,0,14.47308958,0.474602098
2004,170,5,80.023,91.356,36.685,41.9,8.84,19.5,0.98275,1.725,0,14.49356904,0.475401228
2004,170,6,69.18,236.808,98.265,118.58,25.215,20.305,0.9798,0.88,0,14.49137746,0.476199259
2004,170,7,57.889,478.515,197.605,244.78,54.445,20.995,0.96435,1.435,0,14.49132552,0.476997426
2004,170,8,46.4445,1168.722,469.12,593.03,123.025,22.4,0.88645,1.845,0,14.49132471,0.477795595
2004,170,9,35.2115,1518.115,601.935,766.29,143.73,23.9,0.79385,2.51,0,14.49132477,0.478593765
2004,170,10,24.969,1440.421,571.43,728.265,137.785,25.025,0.67115,3.335,0,14.49132501,0.479391934
2004,170,11,17.956,1372.755,548.37,698.415,135.385,25.595,0.6519,2.62,0,14.49132481,0.480190103
2004,170,12,18.279,1414.155,563.24,720.045,134.88,26.08,0.6203,2.115,0,14.49132491,0.480988273
2004,170,13,25.6755,1315.002,519.27,661.105,129.115,26.665,0.59305,2.7,0,14.49132475,0.481786442
2004,170,14,36.0415,777.055,308.64,382.495,80.695,26.475,0.59295,2.99,0,14.49132481,0.482584612
2004,170,15,47.308,263.419,104.625,129.325,30.23,25.635,0.6572,3.74,0,14.49132494,0.483382781
2004,170,16,58.75,98.693,36.09,41.35,9.97,23.955,0.6955,6.385,0,14.49132473,0.484180951
2004,170,17,70.018,98.003,36.135,41.09,10.42,21.94,0.77675,6.05,0,14.49132471,0.48497912
2004,170,18,80.811,35.811,13.415,12.165,4.11,19.805,0.84615,5.865,0,14.48870382,0.485777447
2004,170,19,90.892,9.522,3.97,2.955,1.635,19.075,0.7841,3.83,0,14.46602965,0.486577294
2004,170,20,100.139,0,0,0,0.13,18.855,0.7875,3.145,0,14.46789793,0.48737839
2004,170,21,107.701,0,0,0,0.03,18.955,0.74455,3.98,0,14.46808084,0.488179364
2004,170,22,113.1945,0,0,0,0.015,18.685,0.7509,3.88,0,14.46822511,0.488980317
2004,170,23,116.067,0,0,0,0.025,18.5,0.7753,3.595,0,14.46838707,0.489781252
2004,171,0,115.956,0,0,0,0.055,18.4,0.78915,4.4,0,14.46855715,0.490582167
2004,171,1,112.8795,0,0,0,0.085,18.035,0.8269,4.3,0,14.46872366,0.491383062
2004,171,2,107.215,0,0,0,0.095,17.745,0.84805,5.3,0,14.46887527,0.492183938
2004,171,3,99.525,0.023,0,0,0.39,16.84,0.86545,5.8,0,14.46900176,0.492984797
2004,171,4,90.153,21.574,7.625,6.245,2.73,15.34,0.85435,5.24,0,14.47593978,0.493785232
2004,171,5,80.053,229.126,85.425,104.045,32.49,14.91,0.8073,5.165,0,14.49872848,0.494583881
2004,171,6,69.2115,608.189,222.425,287.825,78.38,15.12,0.6785,6.555,0,14.4977528,0.495381219
2004,171,7,57.924,1002.754,375.91,494.92,116.395,15.44,0.6479,6.485,0,14.49773086,0.496178617
2004,171,8,46.4785,1365.234,528.195,694.675,145.17,15.845,0.60225,6.435,0,14.49773054,0.496976016
2004,171,9,35.2435,1660.278,660.44,861.305,162.355,16.525,0.57175,6.28,0,14.49773062,0.497773415
2004,171,10,24.9935,1862.172,754.725,978.465,171.295,17.4,0.56115,5.985,0,14.49773093,0.498570814
2004,171,11,17.9575,1979.265,808.62,1048.915,178.965,18.11,0.53105,5.975,0,14.49773059,0.499368214
2004,171,12,18.25,1902.284,772.79,1004.36,181.255,18.795,0.5162,5.36,0,14.49773073,0.500165613
2004,171,13,25.6315,1606.182,644.23,840.86,164.13,19.135,0.4848,5.145,0,14.49773073,0.500963012
2004,171,14,35.9945,1640.774,645.185,850.145,170.97,19.43,0.46365,4.935,0,14.49773055,0.501760411
2004,171,15,47.261,1186.593,460.495,608.315,136.33,19.43,0.4671,5.09,0,14.49773055,0.50255781
2004,171,16,58.7045,886.374,336.735,447.875,110.9,19.235,0.48225,5.155,0,14.49773055,0.50335521
2004,171,17,69.97,400.545,154.315,197.01,51.81,18.475,0.49895,4.59,0,14.49773049,0.504152609
2004,171,18,80.7655,139.472,52.06,62.175,18.205,17.115,0.5517,3.98,0,14.49773051,0.504950008
2004,171,19,90.851,15.847,6.3,4.59,3.02,15.095,0.52965,4.075,0,14.50254598,0.505747118
2004,171,20,100.1,0,0.005,0,0,13.22,0.5818,2.82,0,14.5219788,0.506542768
2004,171,21,107.6705,0,0,0,0,11.555,0.6711,2.755,0,14.52290881,0.507337193
2004,171,22,113.1705,0,0,0,0,11.385,0.65755,3.045,0,14.52306502,0.508131553
2004,171,23,116.0515,0,0,0,0,11.075,0.6628,3.065,0,14.523226,0.508925893
2004,172,0,115.955,0,0,0,0,9.87,0.73325,2.77,0,14.5233951,0.509720214
2004,172,1,112.886,0,0,0,0,9.125,0.7632,2.245,0,14.52356083,0.510514514
2004,172,2,107.233,0,0,0,0,9.055,0.7509,2.16,0,14.52371184,0.511308795
2004,172,3,99.549,0.322,0,0,0.06,9.35,0.78485,2.08,0,14.52384275,0.51210306
2004,172,4,90.1815,14.835,4.995,3.705,1.22,9.76,0.81355,1.595,0,14.52519384,0.512897235
2004,172,5,80.0855,173.627,64.545,75.085,20.925,10.36,0.81455,1.795,0,14.5410523,0.513690373
2004,172,6,69.2485,403.397,161.29,200.12,46.41,12.215,0.766,1.31,0,14.53974679,0.514482634
2004,172,7,57.96,1012.667,393.58,515.585,121.34,14.54,0.6129,2.77,0,14.53971782,0.515274976
2004,172,8,46.516,1340.693,531.88,692.58,144.485,15.665,0.60005,2.35,0,14.53971738,0.51606732
2004,172,9,35.279,1636.358,664.015,859.755,159.74,17.57,0.5272,1.23,0,14.53971744,0.516859663
2004,172,10,25.022,1838.666,751.57,972.185,169.555,18.51,0.48755,1.895,0,14.53971765,0.517652007
2004,172,11,17.968,1934.346,793.425,1024.505,171.83,19.54,0.4486,1.635,0,14.53971751,0.51844435
2004,172,12,18.2285,1786.065,725.255,940.9,166.735,20.2,0.4224,2.22,0,14.53971743,0.519236694
2004,172,13,25.595,1656.69,663.165,862.455,165.935,21.045,0.39195,1.905,0,14.53971745,0.520029038
2004,172,14,35.951,1443.71,594.51,778.625,159.865,21.575,0.35615,2.305,0,14.53971739,0.520821381
2004,172,15,47.217,656.052,261,331.27,72.86,21.325,0.4018,2.995,0,14.5397174,0.521613725
2004,172,16,58.6595,419.428,167.015,208.87,47.045,20.91,0.4533,2.855,0,14.5397174,0.522406068
2004,172,17,69.9285,135.378,53.12,64.285,15.765,18.755,0.6053,3.975,0,14.53971731,0.523198412
2004,172,18,80.7255,73.14,29.46,33.135,7.53,17.805,0.6624,2.45,0,14.53971736,0.523990756
2004,172,19,90.8155,4.669,2.275,1.08,1.14,17.315,0.67505,2.56,0,14.53476625,0.524783398
2004,172,20,100.0655,0,0,0,0.06,16.04,0.79265,2.565,0,14.54052649,0.525575991
2004,172,21,107.642,0,0,0,0,14.98,0.82595,2.31,0,14.54089887,0.526368214
2004,172,22,113.1535,0,0,0,0,14.68,0.7786,2.325,0,14.54104575,0.527160407
2004,172,23,116.0455,0,0,0,0,14.295,0.7899,2.28,0,14.54120677,0.52795258
2004,173,0,115.958,0,0,0,0,14.05,0.77975,0.92,0.021166667,14.54137605,0.528744734
2004,173,1,112.9025,0,0,0,0.01,13.885,0.8078,0.885,0.021166667,14.54154151,0.529536868
2004,173,2,107.2555,0,0,0,0.06,14.08,0.82755,1.27,0.021166667,14.54169186,0.530328983
2004,173,3,99.5795,0,0,0,0.005,14.605,0.793,2.51,0.021166667,14.54181756,0.531121081
2004,173,4,90.2125,17.342,6.76,6.36,1.845,14.58,0.80885,2.7,0.021166667,14.54417092,0.531913029
2004,173,5,80.124,178.273,68.305,82.335,22.025,14.85,0.82345,3.15,0.021166667,14.55916875,0.532703931
2004,173,6,69.2885,380.719,150.4,189.575,45.865,17.01,0.71995,3.67,0.021166667,14.55792728,0.533494004
2004,173,7,58.003,757.896,294.995,377.995,88.14,19.11,0.62065,5.065,0.021166667,14.55790019,0.534284153
2004,173,8,46.558,918.758,361.735,460.51,101.775,20.46,0.5961,6.015,0.021166667,14.55789978,0.535074303
2004,173,9,35.3195,759.621,306.485,385.595,86.82,21.35,0.60295,6.025,0.021166667,14.55789985,0.535864454
2004,173,10,25.056,483.805,189.65,236.475,54.37,21.64,0.62785,5.925,0.021166667,14.55790008,0.536654605
2004,173,11,17.983,635.352,247.37,309.45,69.915,22.1,0.63945,5.95,0.021166667,14.55789989,0.537444755
2004,173,12,18.214,385.641,140.49,173.47,37.92,21.845,0.69745,5.04,0.021166667,14.55789991,0.538234906
2004,173,13,25.5605,425.96,161.63,197.98,44.105,21.89,0.7568,4.365,0.021166667,14.5578998,0.539025056
2004,173,14,35.914,536.36,202.265,253.685,57.735,20.58,0.8487,7.02,0.021166667,14.5578998,0.539815207
2004,173,15,47.177,887.915,342.125,435.195,98.175,21.215,0.8388,6.7,0.021166667,14.55789981,0.540605358
2004,173,16,58.62,568.077,223.335,282.28,69.135,21.92,0.81755,4.865,0.021166667,14.55789981,0.541395508
2004,173,17,69.8895,326.853,129.355,159.25,38.45,22.43,0.8178,3.325,0.021166667,14.55789965,0.542185659
2004,173,18,80.6905,84.686,33.83,37.705,8.99,22.53,0.81355,2.76,0.021166667,14.55789979,0.54297581
2004,173,19,90.7465,18.331,11.235,12.565,5.275,21.78,0.8648,2.08,0.021166667,14.56767586,0.54376537
2004,173,20,100.04,0.414,0.005,0,0.005,21.025,0.87335,2.925,0.021166667,14.58475327,0.54455331
2004,173,21,107.622,0.345,0,0,0,20.28,0.9142,2.53,0.021166667,14.58555221,0.54534017
2004,173,22,113.142,0.46,0,0,0,19.27,0.9437,2.65,0.021166667,14.58572627,0.546126971
2004,173,23,116.0445,0.46,0,0,0.03,19,0.9419,3.115,0.021166667,14.58591371,0.54691375
2004,174,0,115.968,0.46,0,0,0,18.14,0.94995,3.065,0,14.58611028,0.547700506
2004,174,1,112.9215,0.46,0,0,0.03,17.36,0.9629,2.86,0,14.58630263,0.548487238
2004,174,2,107.2845,0.46,0,0,0.015,16.94,0.9734,2.525,0,14.58647759,0.549273949
2004,174,3,99.6135,0.46,0,0,0.09,15.77,0.98325,2.37,0,14.58662304,0.550060639
2004,174,4,90.2495,13.938,5.435,4.175,1.285,15.545,0.9875,2.56,0,14.58771089,0.550847256
2004,174,5,80.1655,84.548,35.71,40.06,9.055,16.545,0.9601,3.61,0,14.59643699,0.551633279
2004,174,6,69.3325,264.546,108.755,131.73,29.63,17.41,0.8715,4.475,0,14.59381494,0.552418933
2004,174,7,58.0475,848.539,329.26,418.765,95.9,18.2,0.75725,5.13,0,14.59375817,0.55320475
2004,174,8,46.6035,1354.539,529.445,679.71,143.21,19.115,0.66105,4.785,0,14.59375731,0.553990569
2004,174,9,35.364,1351.549,534.09,682.715,141.09,19.255,0.6199,4.365,0,14.59375738,0.554776389
2004,174,10,25.095,1323.121,533.98,676.97,140.515,19.405,0.5615,2.855,0,14.59375766,0.555562209
2004,174,11,18.007,1203.912,486.075,619.025,129.335,19.62,0.51405,3.16,0,14.59375737,0.556348029
2004,174,12,18.206,1207.362,487.905,621.225,133.205,20.065,0.55765,2.54,0,14.59375755,0.557133848
2004,174,13,25.5335,1188.939,480.525,611.35,132.6,20.665,0.5534,2.45,0,14.59375742,0.557919668
2004,174,14,35.8795,883.453,358.885,455.7,103.69,21.005,0.54245,2.485,0,14.59375734,0.558705488
2004,174,15,47.141,756.424,305.815,387.195,89.77,21.4,0.4876,3.725,0,14.59375736,0.559491308
2004,174,16,58.585,773.674,307.78,395.115,98.24,21.67,0.46565,3.885,0,14.59375732,0.560277128
2004,174,17,69.8555,550.068,212.65,273.655,76.23,21.79,0.4679,2.97,0,14.59375732,0.561062947
2004,174,18,80.6595,259.486,100.545,125.63,41.595,21.415,0.5335,2.14,0,14.5937573,0.561848767
2004,174,19,90.721,19.251,8.22,5.975,2.755,19.61,0.6485,2.08,0,14.59514731,0.562634503
2004,174,20,100.018,0.046,0.005,0,0,18,0.6943,2.25,0,14.61907114,0.563418708
2004,174,21,107.608,0.345,0,0,0,17.17,0.7177,1.975,0,14.62028533,0.564201392
2004,174,22,113.137,0.092,0,0,0,16.55,0.73545,1.425,0,14.62045722,0.564983992
2004,174,23,116.0505,0.069,0,0,0,15.45,0.7726,1.075,0,14.6206223,0.565766572
2004,175,0,115.986,0.414,0,0,0,14.865,0.7836,1.54,0,14.62080306,0.566549131
2004,175,1,112.949,0.368,0,0,0,13.08,0.86115,2,0,14.62099068,0.567331667
2004,175,2,107.321,0.253,0,0,0,11.87,0.9042,2.185,0,14.62115855,0.568114182
2004,175,3,99.6535,0.437,0,0,0,11.135,0.9248,2.13,0,14.62129784,0.568896679
2004,175,4,90.331,22.126,8.81,7.115,2.515,10.855,0.9264,2.04,0,14.62918381,0.569678689
2004,175,5,80.2105,241.73,91.66,107.505,31.905,11.645,0.9133,1.355,0,14.64425076,0.57045931
2004,175,6,69.381,591.1,229.11,284.76,73.93,14.995,0.85195,1.7,0,14.64321957,0.57123908
2004,175,7,58.097,954.96,377.785,480.025,111.42,18.095,0.7282,3.005,0,14.64319749,0.572018914
2004,175,8,46.6535,1309.942,525.57,668.265,138.695,20.575,0.5859,4.4,0,14.64319717,0.57279875
2004,175,9,35.412,1607.723,651.545,828.095,157.52,21.91,0.51815,4.7,0,14.64319726,0.573578585
2004,175,10,25.139,1812.998,740.505,940.785,168.83,22.905,0.5149,4.1,0,14.64319761,0.57435842
2004,175,11,18.034,1920.408,786.39,1001.67,176.165,23.535,0.4929,3.875,0,14.64319721,0.575138256
2004,175,12,18.2055,1921.351,780.475,1000.525,181.08,24.08,0.4799,4.36,0,14.64319733,0.575918091
2004,175,13,25.5105,1784.271,712.015,918.24,175.88,24.555,0.47925,4.81,0,14.64319769,0.576697927
2004,175,14,35.8505,1608.137,629.235,819.045,169.64,24.815,0.4674,5.24,0,14.64319719,0.577477762
2004,175,15,47.108,1302.375,499.42,653.775,148.2,25.01,0.46985,5.46,0,14.6431972,0.578257597
2004,175,16,58.5535,934.145,353.475,463.15,117.23,24.92,0.4574,5.69,0,14.64319719,0.579037433
2004,175,17,69.825,534.474,202.37,261.37,75.98,24.605,0.4939,5.365,0,14.64319716,0.579817268
2004,175,18,80.6315,192.349,74.35,90.38,30.91,23.255,0.57215,4.18,0,14.64319704,0.580597104
2004,175,19,90.7,16.284,6.245,4.65,2.4,21.04,0.66935,5.175,0,14.64409376,0.581376885
2004,175,20,100.002,0.023,0,0,0,19.625,0.71855,3.16,0,14.66137037,0.582155564
2004,175,21,107.6005,0.368,0,0,0.04,17.505,0.83045,3.14,0,14.66239378,0.582933134
2004,175,22,113.1405,0.46,0,0,0,17.105,0.86315,3.925,0,14.66257136,0.583710632
2004,175,23,116.0635,0.368,0,0,0.015,17.045,0.85005,4.01,0,14.66275535,0.584488107
2004,176,0,116.01,0.184,0,0,0,16.905,0.84405,4.05,0,14.66294107,0.58526556
2004,176,1,112.984,0.184,0,0,0.005,16.53,0.8585,3.565,0,14.66311588,0.58604299
2004,176,2,107.3615,0.414,0,0,0,15.98,0.87875,3.07,0,14.6632797,0.586820401
2004,176,3,99.702,0.253,0,0,0.005,15.585,0.89105,2.865,0,14.66342052,0.587597793
2004,176,4,90.3765,18.653,7.395,6.315,2.315,15.095,0.9082,2.73,0,14.66669239,0.588374978
2004,176,5,80.2605,202.607,80.18,95.15,28.72,16.17,0.87645,3.855,0,14.67815527,0.589151269
2004,176,6,69.432,538.338,210.865,264.065,70.26,18.46,0.79175,5.26,0,14.67695715,0.589926936
2004,176,7,58.149,924.14,361.57,460.565,107.495,20.53,0.7376,4.91,0,14.67693171,0.590702679
2004,176,8,46.705,1281.675,506.58,643.12,133.67,22.22,0.70155,4.385,0,14.67693133,0.591478423
2004,176,9,35.4635,1529.155,614.72,775.63,147.835,23.31,0.68605,4.005,0,14.6769314,0.592254166
2004,176,10,25.189,1709.038,689.32,872.195,158.235,24.11,0.67865,3.25,0,14.67693167,0.59302991
2004,176,11,18.0685,1845.175,745.935,950.53,171.45,25.045,0.6513,4.805,0,14.67693141,0.593805654
2004,176,12,18.21,1390.488,559.94,721.255,144.885,25.23,0.63775,7.09,0,14.67693162,0.594581398
2004,176,13,25.493,1739.053,695.31,889.675,170.78,23.96,0.54145,6.42,0,14.67693141,0.595357142
2004,176,14,35.824,1498.266,589.01,759.925,156.07,23.545,0.50515,6.23,0,14.67693149,0.596132886
2004,176,15,47.081,824.619,327.2,416.125,95.31,22.345,0.49275,5.075,0,14.67693135,0.596908629
2004,176,16,58.526,889.87,338.915,440.88,109.94,22.235,0.48945,5.06,0,14.67693135,0.597684373
2004,176,17,69.801,527.666,199.095,259.47,75.755,21.345,0.5087,5.915,0,14.67693131,0.598460117
2004,176,18,80.61,180.297,65.245,81.58,26.84,17.32,0.6155,8.26,0,14.67693102,0.599235861
2004,176,19,90.684,12.466,3.75,2.325,1.39,14.95,0.70355,6.11,0,14.67621674,0.600011648
2004,176,20,99.9905,0,0,0,0.2,14.14,0.7369,4.895,0,14.68942025,0.600786677
2004,176,21,107.5975,0,0,0,0.06,13.57,0.737,4.325,0,14.69030873,0.601560851
2004,176,22,113.148,0,0,0,0.09,13.105,0.7589,3.925,0,14.69046356,0.602334961
2004,176,23,116.0835,0,0,0,0.025,12.96,0.79285,3.995,0,14.69062332,0.603109052
2004,177,0,116.0415,0,0,0,0,13.36,0.6975,4.97,0.28575,14.69079084,0.603883123
2004,177,1,113.024,0,0,0,0.135,13.44,0.6468,4.015,0.28575,14.69095532,0.604657174
2004,177,2,107.4065,0,0,0,0.44,11.48,0.80855,4.955,0.28575,14.69110531,0.605431206
2004,177,3,99.7525,0.069,0,0,0.42,10.565,0.8756,5.225,0.28575,14.69123092,0.606205221
2004,177,4,90.428,2.093,0.475,0,0.425,9.68,0.9275,5.24,0.28575,14.69135041,0.606979221
2004,177,5,80.316,38.295,14.695,15.09,4.125,9.43,0.9403,5.165,0.28575,14.68751298,0.607753447
2004,177,6,69.487,91.08,35.945,40.725,9.53,9.905,0.8925,4.4,0.28575,14.65423806,0.608529926
2004,177,7,58.205,161.667,63.69,75.4,17.035,10.465,0.89635,3.585,0.28575,14.65345981,0.60930847
2004,177,8,46.762,400.43,161.255,198.615,43.715,11.005,0.8773,4.325,0.28575,14.65344812,0.610087062
2004,177,9,35.52,639.676,263.325,328.49,71.545,12.385,0.8027,4.715,0.28575,14.65344819,0.610865655
2004,177,10,25.2405,1760.535,712.04,904.405,163.74,15.63,0.6409,5.69,0.28575,14.65344797,0.611644248
2004,177,11,18.111,1907.827,782.205,998.595,174.545,16.985,0.5967,5.815,0.28575,14.65344799,0.61242284
2004,177,12,18.221,1918.269,789.215,1008.735,178.58,17.74,0.59245,5.04,0.28575,14.65344805,0.613201433
2004,177,13,25.4825,1817.805,740.6,951.65,178.185,18.575,0.57485,4.565,0.28575,14.65344823,0.613980026
2004,177,14,35.8035,1621.27,651.215,844.545,172.975,19.3,0.5397,4.58,0.28575,14.65344803,0.614758619
2004,177,15,47.0575,1318.912,523.565,684.42,155.37,19.9,0.52415,3.37,0.28575,14.6534481,0.615537212
2004,177,16,58.502,844.652,335.7,440.05,111.98,20.135,0.5246,2.625,0.28575,14.653448,0.616315804
2004,177,17,69.78,435.39,173.05,221.455,60.775,20,0.53565,1.805,0.28575,14.65344793,0.617094397
2004,177,18,80.5925,175.743,75.765,95.02,31.51,19.6,0.6026,1.61,0.28575,14.65344795,0.61787299
2004,177,19,90.6735,19.136,8.63,7.895,3.705,17.82,0.6984,2.88,0.28575,14.65290126,0.618651616
2004,177,20,99.987,0.207,0.005,0,0.01,15.44,0.76575,2.855,0.28575,14.66777341,0.619429373
2004,177,21,107.6015,0.023,0,0,0,14.125,0.7872,2.675,0.28575,14.66881155,0.620206166
2004,177,22,113.163,0,0,0,0.005,13.18,0.78585,3.065,0.28575,14.66896879,0.620982885
2004,177,23,116.1105,0.046,0,0,0,12.87,0.769,2.6,0.28575,14.66912903,0.621759586
2004,178,0,116.0785,0.046,0,0,0,11.785,0.8067,2.44,0,14.66929941,0.622536266
2004,178,1,113.0705,0.184,0,0,0,11.28,0.83315,2.005,0,14.66946984,0.623312926
2004,178,2,107.461,0.023,0,0,0,10.68,0.85955,1.7,0,14.66962725,0.624089566
2004,178,3,99.808,0.368,0.005,0,0,10.55,0.8619,1.25,0,14.66976042,0.624866188
2004,178,4,90.4815,21.16,8.475,6.77,2.5,10.64,0.852,1.715,0,14.67616406,0.625642414
2004,178,5,80.374,245.387,91.93,107.67,32.885,11.14,0.85495,1.4,0,14.69450002,0.626417138
2004,178,6,69.5465,615.917,234.395,293.425,77.78,14.255,0.7879,2.295,0,14.69348689,0.627190809
2004,178,7,58.264,997.28,388.035,496.45,116.19,17.48,0.671,3.835,0,14.69346471,0.627964544
2004,178,8,46.8215,1356.264,535.675,686.925,143.32,19.36,0.5529,5.09,0,14.69346439,0.62873828
2004,178,9,35.5795,1651.377,662.995,846.755,159.935,20.405,0.5029,4.97,0,14.69346447,0.629512017
2004,178,10,25.3,1852.65,752.125,959.79,169.875,21.19,0.47045,4.7,0,14.69346479,0.630285753
2004,178,11,18.1605,1882.297,767.675,982.105,172.725,21.91,0.4558,4.55,0,14.69346443,0.631059489
2004,178,12,18.24,1690.937,689.21,887.27,170.515,22.46,0.4327,4.565,0,14.69346457,0.631833225
2004,178,13,25.4765,1738.409,697.03,904.845,184.335,22.87,0.4175,4.655,0,14.69346502,0.632606961
2004,178,14,35.787,1595.441,627.735,822.095,178.335,23.185,0.4143,5.175,0,14.6934644,0.633380697
2004,178,15,47.038,1301.248,496.015,655.72,152.04,23.305,0.4132,5.18,0,14.69346442,0.634154434
2004,178,16,58.4835,984.4,367.955,490.12,127.41,23.46,0.4167,5.43,0,14.69346441,0.63492817
2004,178,17,69.7635,570.492,209.795,276.745,82.3,23.26,0.4392,4.505,0,14.69346438,0.635701906
2004,178,18,80.5805,206.241,74.675,92.665,31.465,21.89,0.5315,3.37,0,14.69346429,0.636475642
2004,178,19,90.667,13.57,4.695,2.89,0.65,19.825,0.62905,3.17,0,14.69075052,0.637249543
2004,178,20,99.987,0.207,0,0,0,17.7,0.72825,3.32,0,14.70099302,0.638022987
2004,178,21,107.612,0.23,0,0,0,16.295,0.77325,2.97,0,14.70192005,0.638795752
2004,178,22,113.183,0.023,0,0,0,15.91,0.7687,2.765,0,14.70208103,0.639568451
2004,178,23,116.1445,0,0,0,0,15.375,0.7863,2.61,0,14.7022408,0.640341131
2004,179,0,116.122,0,0,0,0,14.7,0.8014,1.27,0,14.70240818,0.64111379
2004,179,1,113.122,0,0,0,0,14.265,0.8108,0.21,0,14.70257329,0.64188643
2004,179,2,107.518,0.023,0,0,0,14.325,0.7978,1.025,0,14.70272439,0.64265905
2004,179,3,99.8685,0.115,0,0,0,13.335,0.8388,1.555,0,14.70285321,0.643431653
2004,179,4,90.54,20.723,8.685,7.455,2.56,12.795,0.84195,1.8,0,14.70843694,0.644203909
2004,179,5,80.435,229.908,93.305,112.995,32.845,13.18,0.84925,0.81,0,14.72456864,0.644974845
2004,179,6,69.608,227.171,97.32,117.535,27.73,15.98,0.8271,1.095,0,14.72350692,0.645744865
2004,179,7,58.327,494.661,206.12,255.085,56.925,17.545,0.7693,1.995,0,14.72348395,0.64651495
2004,179,8,46.8835,1085.025,442.935,560.37,123.24,20.425,0.61385,3.7,0,14.72348371,0.647285037
2004,179,9,35.642,1583.458,645.06,821.3,166.14,22.465,0.5232,4.385,0,14.72348389,0.648055124
2004,179,10,25.3645,1297.085,532.055,678.61,140.955,23.155,0.48165,4.69,0,14.72348367,0.648825211
2004,179,11,18.213,1596.407,650.175,835.405,164.845,23.205,0.49945,4.59,0,14.72348389,0.649595298
2004,179,12,18.266,1384.554,562.105,720.095,149.515,23.615,0.4653,4.445,0,14.72348371,0.650365385
2004,179,13,25.475,1092.477,443.325,563.92,120.03,23.81,0.465,3.975,0,14.7234837,0.651135472
2004,179,14,35.776,1414.109,564.84,730.02,158.5,24.01,0.45875,3.8,0,14.72348361,0.651905559
2004,179,15,47.0235,1093.673,429.7,555.93,127.945,24.435,0.4273,3.285,0,14.72348362,0.652675646
2004,179,16,58.4685,484.288,196.995,244.685,56.015,23.77,0.48915,2.89,0,14.72348362,0.653445733
2004,179,17,69.751,195.799,80.99,97.86,22.665,23.17,0.54895,2.26,0,14.72348359,0.65421582
2004,179,18,80.573,66.539,27.65,30.865,7.32,22.37,0.61355,2.05,0,14.72348365,0.654985907
2004,179,19,90.665,4.002,1.605,0.355,0.285,20.99,0.68195,2.695,0,14.7026269,0.655757262
2004,179,20,99.993,0.184,0,0,0.02,20.11,0.70685,2.6,0,14.70526103,0.656529725
2004,179,21,107.63,0.414,0,0,0,20.245,0.67295,1.185,0,14.70557657,0.657302008
2004,179,22,113.2125,0.345,0,0,0,20.135,0.676,1.465,0,14.70573946,0.658074263
2004,179,23,116.186,0.46,0,0,0,20.07,0.6838,0.945,0,14.70592149,0.658846497
2004,180,0,116.174,0.437,0,0,0,18.75,0.8212,1.615,0.021166667,14.70611651,0.659618707
2004,180,1,113.181,0.437,0,0,0.005,18.685,0.83515,0.575,0.021166667,14.70630685,0.660390894
2004,180,2,107.583,0.414,0,0,0.005,18.49,0.8488,1.095,0.021166667,14.70648042,0.661163059
2004,180,3,99.936,0.46,0,0,0,18.1,0.8871,1.11,0.021166667,14.70662553,0.661935205
2004,180,4,90.602,4.577,1.68,0.605,0.34,18.24,0.8675,1.455,0.021166667,14.70680939,0.662707331
2004,180,5,80.502,36.892,15.82,16.825,4.535,18.07,0.89265,1.31,0.021166667,14.71021603,0.663479238
2004,180,6,69.6745,154.445,66.12,80.275,19.64,18.65,0.8576,2.455,0.021166667,14.6743581,0.664253117
2004,180,7,58.3925,541.098,220.815,277.255,64.185,19.715,0.7756,3.12,0.021166667,14.67354265,0.665029223
2004,180,8,46.9495,1007.975,412.775,520.765,114.575,21.465,0.6574,3.65,0.021166667,14.67353035,0.665805379
2004,180,9,35.709,768.338,323.345,410.39,94.52,21.585,0.63545,3.64,0.021166667,14.67353037,0.666581535
2004,180,10,25.4295,1144.71,474.88,603.75,128.235,22.15,0.60725,3.635,0.021166667,14.67353019,0.667342867
2004,180,11,18.2745,1238.182,519.455,664.93,133.895,22.635,0.62655,3.595,0.021166667,14.67353021,0.668108414
2004,180,12,18.2965,1581.089,647.235,851.12,183.435,23.11,0.60725,3.475,0.021166667,14.67353027,0.668897593
2004,180,13,25.4805,966.023,393.42,514.86,118.34,22.9,0.638,4.1,0.021166667,14.67353043,0.6696932
2004,180,14,35.769,1207.983,488.02,644.425,150.33,22.795,0.646,5.43,0.021166667,14.67353027,0.670481192
2004,180,15,47.0135,1120.652,440.42,584.645,145.565,22.94,0.6152,5.36,0.021166667,14.67353025,0.671270154
2004,180,16,58.458,889.962,341.725,457.95,125.29,23.2,0.5376,5.03,0.021166667,14.67353021,0.672068881
2004,180,17,69.7425,551.402,207.865,278.95,87.525,22.835,0.5081,4.835,0.021166667,14.67353022,0.672865078
2004,180,18,80.5695,206.954,78.8,102.255,38.51,21.695,0.5578,3.735,0.021166667,14.67353021,0.673624122
2004,180,19,90.6685,18.032,7.95,6.94,3.34,19.075,0.69045,2.25,0.021166667,14.67152944,0.674284353
2004,180,20,100.0065,0.207,0.005,0,0,17.52,0.74715,2.005,0.021166667,14.68291242,0.674829342
2004,180,21,107.6525,0.092,0,0,0,16.94,0.7567,2.445,0.021166667,14.68393288,0.6753143
2004,180,22,113.2485,0,0,0,0,15.685,0.81195,0.45,0.021166667,14.68409105,0.67574788
2004,180,23,116.2315,0,0,0,0,14.925,0.83255,1.56,0.021166667,14.68424982,0.676125732
2004,181,0,116.232,0,0,0,0,15.56,0.79205,0.42,0,14.68441721,0.676500158
2004,181,1,113.2485,0,0,0,0,15.34,0.7875,0.905,0,14.68458195,0.676885927
2004,181,2,107.653,0,0,0,0,13.875,0.84885,2.025,0,14.68473393,0.677226096
2004,181,3,100.0065,0.023,0,0,0,12.435,0.8802,0.895,0,14.68486145,0.677490539
2004,181,4,90.6695,19.619,8.015,6.645,2.47,12.33,0.89245,0.695,0,14.6891806,0.677716549
2004,181,5,80.571,237.245,90.95,107.62,33.73,12.935,0.8815,0.385,0,14.70869428,0.677954784
2004,181,6,69.7445,575.897,224.29,278.5,76.75,16.155,0.82955,0.495,0,14.70765755,0.678292214
2004,181,7,58.4595,981.456,385.32,499.345,124.495,19.165,0.72135,1.355,0,14.70763457,0.678801372
2004,181,8,47.0175,1235.077,487.58,636.38,147.305,20.935,0.60925,2.035,0,14.70763423,0.67944363
2004,181,9,35.7785,1508.708,601.56,786.67,169.585,21.86,0.5312,2.525,0,14.70763431,0.680158211
2004,181,10,25.5035,1364.981,547.495,715.3,151.23,22.52,0.4825,2.405,0,14.70763461,0.680913575
2004,181,11,18.341,1687.878,682.01,894.81,184.845,23.045,0.4857,2.505,0,14.70763429,0.681698368
2004,181,12,18.3365,1712.534,688.945,908.33,190.51,23.495,0.48225,2.525,0,14.70763445,0.682506599
2004,181,13,25.4905,1531.915,613.55,807.925,174.43,24.075,0.4678,2.22,0,14.70763438,0.683338725
2004,181,14,35.766,1513.699,592.48,790.295,181.875,24.345,0.4581,2.47,0,14.70763425,0.684189922
2004,181,15,47.006,1312.748,507.535,679.845,167.925,24.715,0.4369,2.475,0,14.70763426,0.685054986
2004,181,16,58.453,919.195,354.29,471.285,127.22,25.11,0.43145,1.395,0,14.70763426,0.6859361
2004,181,17,69.7395,581.072,218.595,287.975,86.625,25.145,0.43945,1.42,0,14.70763413,0.686825995
2004,181,18,80.572,207.989,79.295,97.35,33.865,24.12,0.5059,1.81,0,14.70763424,0.687695265
2004,181,19,90.6765,17.986,7.645,5.92,2.39,22.72,0.5523,1.845,0,14.70531296,0.688510311
2004,181,20,100.0225,0.046,0.005,0,0,21.305,0.58495,2.095,0,14.7157485,0.689256517
2004,181,21,107.6805,0.391,0,0,0,19.42,0.68695,2.34,0,14.71676109,0.689915745
2004,181,22,113.2895,0.023,0,0,0,18.43,0.71935,1.96,0,14.7169274,0.690495904
2004,181,23,116.285,0.046,0,0,0,17.25,0.7712,1.23,0,14.71708806,0.691015188
2004,182,0,116.2965,0.115,0,0,0,16.515,0.80125,0.785,0,14.71725935,0.691480628
2004,182,1,113.3185,0,0,0,0,15.11,0.8676,1.245,0,14.71742823,0.691886462
2004,182,2,107.7265,0.207,0,0,0,15.01,0.8561,1.09,0,14.71758365,0.692250919
2004,182,3,100.081,0.23,0,0,0,15.2,0.84125,0.605,0,14.71771998,0.692617826
2004,182,4,90.74,15.962,6.005,4.755,1.68,15.19,0.8302,1.085,0,14.71950058,0.692989635
2004,182,5,80.6445,223.1,82.84,98.29,31.76,16.14,0.77625,0.86,0,14.73489092,0.693387277
2004,182,6,69.8165,577.714,222.095,279.315,78.885,19.345,0.73345,0.195,0,14.73372119,0.693901061
2004,182,7,58.5335,960.457,370.5,484.61,125.07,22.69,0.59105,0.44,0,14.73369558,0.694594788
2004,182,8,47.091,1316.727,503.82,673.925,164.345,23.505,0.5476,1.045,0,14.7336952,0.695394754
2004,182,9,35.853,1487.157,574.24,770.105,178.97,24.22,0.508,1.375,0,14.73369526,0.696230373
2004,182,10,25.579,1845.52,720.22,971.17,221.4,24.88,0.4556,2.11,0,14.73369551,0.697096242
2004,182,11,18.414,1591.922,672.09,911.035,202.86,25.14,0.4449,2.625,0,14.73369529,0.697981365
2004,182,12,18.3815,1915.601,749.18,1015.165,225.465,25.69,0.42945,2.535,0,14.73369546,0.698882594
2004,182,13,25.507,1774.749,685.885,928.465,211.46,26.055,0.42735,2.28,0,14.73369521,0.699801203
2004,182,14,35.77,1607.056,615.72,833.695,198.12,26.425,0.4115,2.375,0,14.73369522,0.700733022
2004,182,15,47.0055,1311.391,499.735,672.405,169.065,26.96,0.39065,1.555,0,14.73369523,0.701680138
2004,182,16,58.451,942.839,354.6,476.685,131.94,26.77,0.40855,2.135,0,14.73369523,0.70263287
2004,182,17,69.7415,558.256,209.67,275.61,86.485,26.4,0.43845,1.915,0,14.73369518,0.703576473
2004,182,18,80.5795,203.297,76.11,94.32,34.245,25.265,0.52655,1.725,0,14.73369521,0.704493375
2004,182,19,90.6905,14.559,6.085,3.785,1.125,24.145,0.54025,1.75,0,14.72983372,0.705365668
2004,182,20,100.048,0,0,0,0,22.215,0.625,2.165,0,14.73764909,0.706169162
2004,182,21,107.716,0,0,0,0,22.425,0.58855,1.885,0,14.73855721,0.706931105
2004,182,22,113.337,0.046,0,0,0,21.775,0.5901,1.6,0,14.73871204,0.707681919
2004,182,23,116.347,0,0,0,0,19.445,0.7127,0.975,0,14.73887189,0.708354369
2004,183,0,116.367,0.046,0,0,0,18.96,0.73845,1.17,0,14.7390402,0.708950018
2004,183,1,113.396,0.046,0,0,0,17.995,0.7774,1.43,0,14.73920758,0.709505132
2004,183,2,107.807,0.069,0,0,0,18.23,0.74145,1.02,0,14.73936181,0.710039755
2004,183,3,100.1625,0.184,0,0,0,17.875,0.74465,1.18,0,14.73949249,0.710571003
2004,183,4,90.853,14.237,5.945,5.115,1.54,18.245,0.705,1.5,0,14.74066686,0.711102672
2004,183,5,80.7195,106.168,41.15,48.245,12.23,17.855,0.7562,1.52,0,14.75190009,0.711633778
2004,183,6,69.893,346.242,134.53,170.455,45.255,19.045,0.7962,1.41,0,14.74995035,0.71218734
2004,183,7,58.608,604.532,242.02,318.115,89.23,21.51,0.7338,1.655,0,14.74990779,0.712841804
2004,183,8,47.1645,977.523,379.12,500.16,128.41,24.165,0.62175,1.445,0,14.74990715,0.713628434
2004,183,9,35.9295,1250.51,485.93,646.18,163.895,25.9,0.5333,2.065,0,14.74990721,0.714513947
2004,183,10,25.6595,1304.077,511.445,682.83,171.16,26.715,0.5153,1.995,0,14.74990746,0.715448008
2004,183,11,18.492,1691.397,662.77,893.535,213.92,27.49,0.5154,1.81,0,14.74990724,0.716408003
2004,183,12,18.434,1658.714,657.295,883.51,212.06,27.7,0.52635,1.805,0,14.74990739,0.717382451
2004,183,13,25.5295,1741.56,678.99,909.13,220.27,28.485,0.5015,1.405,0,14.74990717,0.718369778
2004,183,14,35.7785,835.199,324.375,428.765,107.885,28.325,0.516,1.29,0,14.74990716,0.719364662
2004,183,15,47.0085,716.703,278.43,367.31,97.655,27.565,0.56425,2.05,0,14.74990717,0.720348295
2004,183,16,58.4555,690.897,269.905,357.035,99.76,27.66,0.5517,2.39,0,14.74990716,0.721323234
2004,183,17,69.748,364.918,139.86,180.16,53.04,27.19,0.60525,2.055,0,14.74990716,0.722292853
2004,183,18,80.592,150.857,60.04,74.4,24.16,26.41,0.66425,1.855,0,14.74990713,0.72324338
2004,183,19,90.7105,12.19,5.32,4.12,1.3,24.95,0.71125,2.25,0,14.74323432,0.724154419
2004,183,20,100.0775,0,0,0,0,23.565,0.74895,2.785,0,14.74889711,0.725007406
2004,183,21,107.758,0.069,0,0,0,23.06,0.7423,2.565,0,14.74964964,0.725817638
2004,183,22,113.392,0.414,0,0,0,22.105,0.76995,2.845,0,14.74981137,0.726592537
2004,183,23,116.414,0.46,0,0,0,21.11,0.8126,2.25,0,14.74999406,0.727318043
2004,184,0,116.4445,0.46,0,0,0,20.625,0.8461,2.345,0.243416667,14.7501891,0.728004661
2004,184,1,113.4795,0.46,0,0,0,19.29,0.90125,1.815,0.243416667,14.75038066,0.728641935
2004,184,2,107.894,0.46,0,0,0,18.935,0.93575,2.105,0.243416667,14.75055664,0.729232579
2004,184,3,100.247,0.46,0,0,0.04,18.465,0.96425,2.08,0.243416667,14.75070419,0.729800178
2004,184,4,90.9315,11.178,3.935,3.09,1.385,17.98,0.9771,2.13,0.243416667,14.75132258,0.730340984
2004,184,5,80.7995,120.497,41.745,55.65,17.84,17.825,0.9828,1.38,0.243416667,14.75921096,0.730863791
2004,184,6,69.972,336.766,122.295,167.355,51.09,19.095,0.98385,1.58,0.243416667,14.75726381,0.731417911
2004,184,7,58.687,656.926,249.52,334.255,95.22,20.89,0.98155,2.095,0.243416667,14.75722143,0.732057021
2004,184,8,47.2435,932.811,359.215,477.435,128.745,23.22,0.8828,2.885,0.243416667,14.75722084,0.732805026
2004,184,9,36.0105,979.294,380.84,508.9,134.105,24.495,0.8235,3.04,0.243416667,14.75722096,0.733640252
2004,184,10,25.7445,1286.022,498.755,670.66,173.05,25.975,0.73175,4.145,0.243416667,14.75722086,0.734534046
2004,184,11,18.5775,1398.722,532.525,720.47,181.86,26.64,0.6936,4.73,0.243416667,14.75722079,0.735468154
2004,184,12,18.4925,1291.45,488.315,658.025,165.24,27.045,0.6803,5.065,0.243416667,14.75722081,0.736420141
2004,184,13,25.559,671.071,256.66,340.255,91.455,27.03,0.66965,4.755,0.243416667,14.75722083,0.737378283
2004,184,14,35.79,1098.779,414.18,553.19,144.535,27.605,0.65565,4.955,0.243416667,14.75722089,0.738344763
2004,184,15,47.017,514.855,193.815,254.205,67.93,27.39,0.66185,4.98,0.243416667,14.75722101,0.739316485
2004,184,16,58.4635,384.56,141.62,187.08,49.77,23.555,0.8443,4.435,0.243416667,14.75722081,0.74021721
2004,184,17,69.759,352.13,135.54,174.545,48.245,23.775,0.83665,4.05,0.243416667,14.75722079,0.741043887
2004,184,18,80.606,174.455,66.76,83.15,23.59,24.275,0.836,3.665,0.243416667,14.75722063,0.741886853
2004,184,19,90.734,12.144,4.385,3.6,1.475,23.165,0.87735,3.445,0.243416667,14.75112747,0.74271588
2004,184,20,100.1145,0.046,0,0,0,22.235,0.91855,3.305,0.243416667,14.75689626,0.743496566
2004,184,21,107.8065,0.138,0,0,0,22.255,0.8952,3.925,0.243416667,14.75770051,0.744254748
2004,184,22,113.453,0.253,0,0,0.01,22.165,0.9038,3.84,0.243416667,14.7578613,0.745011166
2004,184,23,116.4865,0.092,0,0,0,22.485,0.8972,4.075,0.243416667,14.75802952,0.745773352
2004,185,0,116.5285,0.207,0,0,0,22.26,0.91705,4.15,0.5715,14.75820464,0.74653792
2004,185,1,113.5685,0.391,0,0,0,22.01,0.92495,4.45,0.5715,14.7583846,0.747290545
2004,185,2,107.9845,1.311,0,0,0.055,21.885,0.93665,5.035,0.5715,14.75857933,0.748033644
2004,185,3,100.337,0.552,0,0,0.055,21.545,0.94605,3.965,0.5715,14.75875661,0.748764795
2004,185,4,91.014,11.04,4.05,2.735,1.255,21.12,0.961,3.495,0.5715,14.75936533,0.749476031
2004,185,5,80.8845,64.308,25.01,26.755,6.375,21.31,0.95995,4.775,0.5715,14.76652101,0.750181099
2004,185,6,70.0535,288.305,113.555,138.02,31.45,21.88,0.92655,5.365,0.5715,14.76169291,0.75090602
2004,185,7,58.767,620.241,241.745,304.985,73.635,22.74,0.9017,6.35,0.5715,14.76158688,0.751667383
2004,185,8,47.3245,565.754,217.655,275.005,67.005,23.77,0.8654,6.33,0.5715,14.7615853,0.75247479
2004,185,9,36.094,503.378,194.17,246.425,61.93,24.565,0.8043,6.54,0.5715,14.76158533,0.753324025
2004,185,10,25.8345,719.762,271.45,346.29,84.695,24.875,0.78935,6.445,0.5715,14.76158528,0.754197145
2004,185,11,18.6685,529.529,195.37,246.74,60.42,24.61,0.81265,6.045,0.5715,14.76158529,0.755071214
2004,185,12,18.558,288.834,102.99,129.505,31.055,22.735,0.89795,6.225,0.5715,14.76158531,0.755897733
2004,185,13,25.5915,556.6,213.83,267.985,58.635,22.18,0.9258,4.825,0.5715,14.76158537,0.756666509
2004,185,14,35.8095,632.753,238.975,302.98,65.98,22.125,0.9179,5.63,0.5715,14.76158553,0.757420025
2004,185,15,47.0295,921.449,352.515,450.525,97.535,23.885,0.88175,4.24,0.5715,14.76158531,0.75821524
2004,185,16,58.476,265.144,101.955,125.21,29.42,24.475,0.84445,4.3,0.5715,14.76158531,0.759065072
2004,185,17,69.776,211.577,80.125,95.78,22.01,23.8,0.83475,5.625,0.5715,14.76158513,0.759913009
2004,185,18,80.6305,123.441,44.525,49.765,12.75,23.55,0.8667,4.4,0.5715,14.76158529,0.760740143
2004,185,19,90.761,16.56,6.675,6.285,2.055,23.385,0.8777,4.77,0.5715,14.75584672,0.761557676
2004,185,20,100.154,0.115,0,0,0.105,22.695,0.90585,5.22,0.5715,14.76167763,0.76235491
2004,185,21,107.86,0.276,0,0,0.01,22.57,0.91895,5.25,0.5715,14.76245598,0.763132381
2004,185,22,113.521,0.391,0,0,0.055,22.305,0.94025,4.56,0.5715,14.76262281,0.76390019
2004,185,23,116.57,0.46,0,0,0.025,22.26,0.94385,4.45,0.5715,14.76280453,0.764660256
2004,186,0,116.6185,0.46,0,0,0.035,22.15,0.94665,4.895,0.0635,14.76299928,0.765416421
2004,186,1,113.664,0.46,0,0,0.095,21.975,0.9483,4.505,0.0635,14.76319107,0.766165375
2004,186,2,108.079,0.46,0,0,0.015,21.885,0.94675,4.605,0.0635,14.76336695,0.76690758
2004,186,3,100.431,0.414,0,0,0.04,22.01,0.9147,6.23,0.0635,14.76351443,0.767650679
2004,186,4,91.099,7.958,2.465,1.06,0.615,21.745,0.9132,6.255,0.0635,14.76384339,0.768390192
2004,186,5,80.97,189.612,69.25,80.23,23.97,21.205,0.90575,6.095,0.0635,14.77316337,0.769108872
2004,186,6,70.139,444.866,172.455,213.065,53.795,21.31,0.88515,6.61,0.0635,14.77165043,0.769816181
2004,186,7,58.85,802.355,313.08,396.225,92.945,22.05,0.846,6.15,0.0635,14.77161744,0.770545482
2004,186,8,47.4085,1094.225,427.71,547.02,123.475,23.145,0.80575,6.74,0.0635,14.77161694,0.771321088
2004,186,9,36.1805,1027.801,401.285,509.67,110.63,23.675,0.7993,6.445,0.0635,14.771617,0.772135898
2004,186,10,25.9285,1044.108,410.66,520.98,112.475,24.485,0.77755,6.745,0.0635,14.77161722,0.772981253
2004,186,11,18.765,897.575,351.195,443.275,98.14,25.105,0.7565,6.605,0.0635,14.77161706,0.77385746
2004,186,12,18.631,1020.694,399.78,508.715,112.825,24.66,0.71725,6.875,0.0635,14.77161701,0.774737329
2004,186,13,25.6315,872.574,344.215,435.395,97.71,24.505,0.7541,4.335,0.0635,14.77161696,0.775604652
2004,186,14,35.8315,1718.146,661.755,853.86,181.355,26.25,0.7109,4.605,0.0635,14.77161698,0.776503902
2004,186,15,47.0465,1257.456,479.245,618.485,139.445,27.18,0.6567,4.66,0.0635,14.77161702,0.777451624
2004,186,16,58.494,929.752,352.51,452,110.345,27.72,0.6206,4.86,0.0635,14.77161699,0.778421939
2004,186,17,69.797,539.327,198.95,250.44,69.845,27.695,0.64415,4.785,0.0635,14.77161695,0.779399473
2004,186,18,80.657,218.707,78.31,92.885,32.905,26.47,0.7573,3.55,0.0635,14.77161692,0.78035865
2004,186,19,90.834,17.94,6.665,4.67,2.425,24.565,0.82595,2.255,0.0635,14.76822552,0.781263214
2004,186,20,100.2025,0.414,0,0,0,23.305,0.87885,2.25,0.0635,14.77560828,0.782101942
2004,186,21,107.92,0.437,0,0,0,21.845,0.9243,3.3,0.0635,14.77661185,0.782876327
2004,186,22,113.596,0.46,0,0,0,20.88,0.9454,2.36,0.0635,14.77678914,0.78358907
2004,186,23,116.657,0.46,0,0,0.015,20.135,0.9626,2.05,0.0635,14.7769733,0.784256336
2004,187,0,116.7155,0.46,0,0,0,19.775,0.97475,2.235,0,14.77716758,0.784893563
2004,187,1,113.7655,0.46,0,0,0,19.455,0.97745,1.695,0,14.77735873,0.785512084
2004,187,2,108.1815,0.46,0,0,0.015,19.025,0.97895,1.895,0,14.77753521,0.786109821
2004,187,3,100.5305,0.46,0,0,0.04,18.24,0.9834,2.36,0,14.77768296,0.78667363
2004,187,4,91.189,14.444,4.945,3.8,1.23,18.155,0.98485,1.345,0,14.77895221,0.787213033
2004,187,5,81.0605,202.009,69.825,83.2,26.15,18.275,0.98475,0.99,0,14.79098289,0.787753421
2004,187,6,70.2275,585.511,219.91,263.335,65.895,21.34,0.948,1.885,0,14.78969749,0.788382078
2004,187,7,58.937,929.637,357.37,447.79,102.65,24.25,0.8441,2.785,0,14.7896697,0.789166471
2004,187,8,47.4955,1180.636,462.69,584.465,127.295,25.93,0.7636,2.955,0,14.78966929,0.790054345
2004,187,9,36.27,1371.191,539.8,685.695,143.72,26.945,0.7116,4.295,0,14.78966935,0.790992793
2004,187,10,26.024,1400.7,555.74,703.81,147,27.575,0.69295,3.74,0,14.78966959,0.791957565
2004,187,11,18.8665,829.058,319.44,403.59,85.95,26.075,0.72335,8.38,0,14.7896694,0.792908525
2004,187,12,18.712,459.885,184.12,227.05,49.885,21.445,0.82245,4.845,0,14.78966945,0.793736406
2004,187,13,25.678,1261.757,506.865,639.235,134.715,25.285,0.6666,2.495,0,14.78966931,0.794547119
2004,187,14,35.861,1207.753,481.465,606.55,132.545,27.13,0.6538,2.485,0,14.78966932,0.795477115
2004,187,15,47.0695,861.327,338.79,426.8,97.215,26.575,0.70765,4.02,0,14.78966935,0.796429389
2004,187,16,58.5155,784.806,306.125,384.55,92.255,26.71,0.72045,3.325,0,14.78966933,0.797374922
2004,187,17,69.823,375.452,145.08,177.645,44.905,26.51,0.6616,3.675,0,14.7896693,0.798319376
2004,187,18,80.689,190.532,77.115,92.645,27.905,24.975,0.75195,2.82,0,14.78966926,0.799232718
2004,187,19,90.8745,16.491,6.225,4.565,1.995,23.37,0.84285,2.77,0,14.78515251,0.800081868
2004,187,20,100.255,0.023,0,0,0,22.29,0.89835,3.51,0,14.79116772,0.800868865
2004,187,21,107.988,0.345,0,0,0,22.045,0.92035,3.315,0,14.7920837,0.801623133
2004,187,22,113.6765,0.184,0,0,0,22.445,0.91115,3.825,0,14.79225025,0.802381297
2004,187,23,116.752,0.23,0,0,0,22.79,0.9093,3.21,0,14.79241953,0.803158017
2004,188,0,116.8195,0.092,0,0,0,22.445,0.88145,2.525,1.0795,14.79259618,0.803934737
2004,188,1,113.872,0,0,0,0.14,21.5,0.83195,4.135,1.0795,14.79276353,0.804679021
2004,188,2,108.2865,0.023,0,0,0.015,20.855,0.84145,4.98,1.0795,14.79291411,0.80538208
2004,188,3,100.6325,0.046,0,0,0.01,20.79,0.8676,5.035,1.0795,14.79304253,0.806066311
2004,188,4,91.321,7.751,3.025,1.84,1.075,20.46,0.8878,4.57,1.0795,14.79334017,0.806739941
2004,188,5,81.154,95.036,36.465,40.3,9.495,19.9,0.89485,3.335,1.0795,14.79521094,0.807389455
2004,188,6,70.3175,497.743,187.485,230.245,59.985,20.485,0.87325,4.05,1.0795,14.79230658,0.808039649
2004,188,7,59.0255,914.94,347.835,439.77,101.515,22.935,0.8044,5.535,1.0795,14.79224361,0.808769972
2004,188,8,47.584,603.796,237.155,295.105,65.52,24.25,0.76445,7.425,1.0795,14.79224274,0.809593067
2004,188,9,36.3625,471.868,185.55,228.725,49.325,22.645,0.78835,4.62,1.0795,14.79224273,0.810409311
2004,188,10,26.126,1390.442,550.235,697.455,138.05,23.225,0.76975,4.53,1.0795,14.79224265,0.811201504
2004,188,11,18.975,1832.019,724.95,929.865,176.8,25.12,0.7308,4.74,1.0795,14.79224267,0.812050494
2004,188,12,18.7965,1911.852,754.275,968.565,181.55,26.57,0.7107,4.67,1.0795,14.79224272,0.812967696
2004,188,13,25.73,1690.201,664.185,851.9,167.36,27.12,0.7263,5.73,1.0795,14.79224288,0.813919732
2004,188,14,35.8945,1300.466,513.725,654.295,139.9,27.605,0.737,5.08,1.0795,14.79224272,0.814887545
2004,188,15,47.0965,1046.5,406.32,513.475,113.475,28.065,0.72135,4.87,1.0795,14.7922427,0.815868421
2004,188,16,58.5425,698.027,273.12,339.44,79.715,28.42,0.7035,4.405,1.0795,14.79224267,0.816859504
2004,188,17,69.8525,77.671,27.605,34.45,10.02,24.87,0.74175,6.32,1.0795,14.79224267,0.817802354
2004,188,18,80.726,5.658,1.5,0.495,1.605,21.9,0.83525,6.17,1.0795,14.68045176,0.818614815
2004,188,19,90.919,4.324,2.61,1.795,1.675,19.63,0.91685,3.375,1.0795,14.66136068,0.819295589
2004,188,20,100.3155,0.92,0,0,0.01,20.12,0.9321,2.69,1.0795,14.66159537,0.819928421
2004,188,21,108.061,0.575,0,0,0.025,20.14,0.9324,2.66,1.0795,14.66174619,0.820575227
2004,188,22,113.7645,0.46,0,0,0,20.205,0.91815,3.535,1.0795,14.66191506,0.821224351
2004,188,23,116.8515,0.46,0,0,0.1,19.835,0.9427,3.125,1.0795,14.66210233,0.821865138
2004,189,0,116.9285,0.46,0,0,0.01,19.565,0.95515,3.055,0.010583333,14.66229927,0.82248835
2004,189,1,113.985,0.46,0,0,0.085,19.645,0.9488,4.15,0.010583333,14.66249229,0.823106323
2004,189,2,108.3975,0.46,0,0,0.13,18.77,0.94625,3.82,0.010583333,14.66266809,0.823702231
2004,189,3,100.7415,0.46,0,0,0.145,17.665,0.9531,3.73,0.010583333,14.66281554,0.824242743
2004,189,4,91.4175,10.902,3.495,1.795,0.765,16.66,0.9545,3.41,0.010583333,14.66339012,0.824723915
2004,189,5,81.25,213.808,75.93,84.985,24.21,16.615,0.9574,3.155,0.010583333,14.67275804,0.825175609
2004,189,6,70.41,583.947,226.975,269.535,63.325,17.355,0.9079,4.88,0.010583333,14.67139208,0.825646802
2004,189,7,59.1175,743.866,303.645,371.98,79.41,17.955,0.8608,5.685,0.010583333,14.67136271,0.826155677
2004,189,8,47.676,1015.358,420.49,527.13,107.59,18.815,0.80095,6.085,0.010583333,14.67136227,0.826705603
2004,189,9,36.459,1048.823,438.66,553.595,112.825,19.465,0.71815,7.115,0.010583333,14.67136233,0.827297768
2004,189,10,26.2315,1230.408,512.665,650.005,130.755,19.905,0.67745,7.225,0.010583333,14.67136254,0.827920147
2004,189,11,19.089,1113.2,469.08,593.9,122.69,20.61,0.6606,6.485,0.010583333,14.6713624,0.82857387
2004,189,12,18.8895,1457.395,605.95,772.585,153.21,21.22,0.6507,6.905,0.010583333,14.67136232,0.82926301
2004,189,13,25.7875,1356.471,560.91,714.93,142.87,21.55,0.6468,7.17,0.010583333,14.67136231,0.829977004
2004,189,14,35.9335,919.356,381.44,480.59,103.715,21.485,0.62765,7.32,0.010583333,14.67136228,0.830697925
2004,189,15,47.1295,882.464,361.025,452.315,97.93,21.375,0.6318,7.01,0.010583333,14.67136229,0.831414281
2004,189,16,58.5755,492.476,205.025,252.08,55.94,21.08,0.67,5.43,0.010583333,14.67136229,0.832120005
2004,189,17,69.89,230.92,96.1,115.205,25.615,20.43,0.7028,4.3,0.010583333,14.67136227,0.832800592
2004,189,18,80.7685,103.454,44.055,51.17,12.305,19.545,0.7467,2.81,0.010583333,14.67136215,0.833439564
2004,189,19,90.97,12.006,6.375,5.355,2.155,18.925,0.7977,1.23,0.010583333,14.66905279,0.834037015
2004,189,20,100.38,0,0,0,0,18.55,0.8002,0.565,0.010583333,14.67784728,0.834606716
2004,189,21,108.1395,0,0,0,0,17.67,0.85225,1.39,0.010583333,14.67848285,0.835141191
2004,189,22,113.8595,0.138,0,0,0,16.49,0.89525,2.045,0.010583333,14.67863607,0.835617732
2004,189,23,116.9595,0.46,0,0,0,15.55,0.92005,1.9,0.010583333,14.67881124,0.836035016
2004,190,0,117.0435,0.437,0,0,0,15.15,0.9211,2.285,0,14.67900597,0.836415308
2004,190,1,114.103,0.46,0,0,0,14.92,0.91895,1.355,0,14.67919689,0.836778408
2004,190,2,108.515,0.46,0,0,0.05,14.79,0.93115,0.29,0,14.67937161,0.837131752
2004,190,3,100.852,0.46,0,0,0.17,14.735,0.9355,0.235,0,14.67951799,0.837480101
2004,190,4,91.5185,5.014,1.845,0.965,0.79,14.99,0.93345,0.67,0,14.67971371,0.837833853
2004,190,5,81.35,45.655,19.625,20.85,4.94,15.355,0.94415,0.805,0,14.67573894,0.838204443
2004,190,6,70.5075,135.056,57.775,66.735,13.765,15.93,0.93355,1.33,0,14.65882921,0.838600817
2004,190,7,59.2115,338.974,144.305,172.39,34.55,16.78,0.902,1.34,0,14.65845698,0.83903674
2004,190,8,47.7715,427.018,177.91,214.36,43.89,17.825,0.8478,1.46,0,14.6584514,0.839525783
2004,190,9,36.559,487.83,202.305,245.755,50.34,18.55,0.81255,1.02,0,14.65845165,0.840064618
2004,190,10,26.3405,708.515,295.235,362.275,74.435,19.6,0.77255,0.67,0,14.65845132,0.840653139
2004,190,11,19.209,918.16,378.245,468.945,91.71,20.435,0.7441,0.98,0,14.65845135,0.841293758
2004,190,12,18.9885,974.717,406.205,501.755,102.98,21.325,0.7128,1.465,0,14.65845142,0.841981
2004,190,13,25.8525,1238.78,507.18,631.33,126.04,22.315,0.6961,1.73,0,14.65845163,0.842717472
2004,190,14,35.979,663.895,275.745,337.385,69.2,22.82,0.7171,1.365,0,14.65845137,0.843491708
2004,190,15,47.167,911.467,369.505,454.595,95.36,23.305,0.70725,2.235,0,14.65845141,0.844290053
2004,190,16,58.613,737.081,298.15,366.7,80.93,23.555,0.69575,2.685,0,14.65845136,0.845105829
2004,190,17,69.9315,217.143,90.325,106.63,23.065,23.35,0.7318,2.21,0,14.65845135,0.84592266
2004,190,18,80.818,107.433,44.915,51.48,13,22.93,0.7832,2.035,0,14.65845134,0.84672472
2004,190,19,91.0255,5.773,2.29,1.305,0.56,21.96,0.8375,2.225,0,14.64943816,0.847492802
2004,190,20,100.4515,0,0,0,0.01,21.375,0.8434,2.695,0,14.65531903,0.848221476
2004,190,21,108.225,0,0,0,0,21.11,0.82045,3.01,0,14.65584465,0.848927991
2004,190,22,113.96,0,0,0,0.01,20.78,0.8136,3.05,0,14.65599224,0.84961875
2004,190,23,117.0715,0.023,0,0,0,20.49,0.8,2.77,0,14.65615221,0.85029292
2004,191,0,117.168,0.023,0,0,0,20.145,0.81075,3.26,1.217083333,14.65632148,0.850949926
2004,191,1,114.2275,0,0,0,0,20.135,0.82345,3.535,1.217083333,14.65648767,0.851597278
2004,191,2,108.636,0.023,0,0,0,20.21,0.8127,2.995,1.217083333,14.65663891,0.852246402
2004,191,3,100.967,0.023,0,0,0.065,19.9,0.8381,3.44,1.217083333,14.65676639,0.852889105
2004,191,4,91.623,10.833,4.375,3.205,1.41,18.97,0.8941,3.005,1.217083333,14.65730972,0.853497637
2004,191,5,81.4515,142.416,56.13,64.42,16.825,19.325,0.8934,3.21,1.217083333,14.66760643,0.85409023
2004,191,6,70.607,433.757,170.115,205.66,51.2,20.665,0.86465,3.545,1.217083333,14.66592558,0.854729556
2004,191,7,59.308,803.551,316,392.135,88.82,22.365,0.8558,2.93,1.217083333,14.66588863,0.855450082
2004,191,8,47.867,1079.643,436.005,536.895,111.62,24.53,0.8458,2.385,1.217083333,14.66588807,0.856266032
2004,191,9,36.66,859.234,357.78,436.005,91.43,26.04,0.83035,2.05,1.217083333,14.66588814,0.85716179
2004,191,10,26.4545,986.378,411.33,505.995,104.61,27.23,0.79515,2.09,1.217083333,14.66588839,0.858106769
2004,191,11,19.334,1322.293,543.95,680.06,135.77,28.09,0.79505,3.315,1.217083333,14.66588815,0.859082832
2004,191,12,19.096,1418.801,579.04,723.61,139.95,29.145,0.7545,3.295,1.217083333,14.66588838,0.860082104
2004,191,13,25.924,1355.735,553.64,690.325,133.41,30.025,0.71265,2.775,1.217083333,14.66588813,0.861098971
2004,191,14,36.0295,1270.451,510.385,637.09,128.065,30.53,0.679,3.255,1.217083333,14.66588825,0.862124477
2004,191,15,47.2115,838.419,331.675,409.035,86.97,30.18,0.69105,4.015,1.217083333,14.66588811,0.863150754
2004,191,16,58.6545,791.361,313.395,387.705,88.735,30.135,0.6965,3.655,1.217083333,14.66588809,0.864175121
2004,191,17,69.9765,99.659,37.19,45.42,12.065,24.47,0.76935,6.065,1.217083333,14.66588807,0.865133643
2004,191,18,80.8695,42.159,16.63,15.57,4.09,23.285,0.8059,5.405,1.217083333,14.66550354,0.865969806
2004,191,19,91.087,2.944,0.91,0.145,0.42,22.445,0.8614,4.49,1.217083333,14.62966326,0.866758562
2004,191,20,100.5285,0.598,0,0,0.155,21.65,0.9156,5.175,1.217083333,14.63093464,0.86750669
2004,191,21,108.318,0.92,0,0,0.045,21.735,0.9269,3.205,1.217083333,14.63114656,0.868236689
2004,191,22,114.0675,0.989,0,0,0.305,21.42,0.9431,4.76,1.217083333,14.63134222,0.868960722
2004,191,23,117.1935,0.92,0,0,0.265,20.215,0.9713,4.105,1.217083333,14.63156374,0.869644577
2004,192,0,117.2945,0.966,0,0,0.135,20.28,0.9608,3.91,0.28575,14.63179414,0.870297786
2004,192,1,114.3575,1.219,0,0,0.105,20.53,0.9682,3.75,0.28575,14.6320299,0.870959541
2004,192,2,108.763,1.012,0,0,0.115,20.4,0.96905,3.735,0.28575,14.63224942,0.871624547
2004,192,3,101.088,0.943,0,0,0.11,20.255,0.9669,2.575,0.28575,14.63242382,0.872282102
2004,192,4,91.728,5.014,1.68,0.64,0.385,20.46,0.96025,1.13,0.28575,14.63263743,0.872941284
2004,192,5,81.556,89.01,37.81,42.495,9.82,20.5,0.9669,1.615,0.28575,14.63068174,0.873607102
2004,192,6,70.708,220.57,95.065,108.795,20.9,21.295,0.9592,1.765,0.28575,14.62715028,0.874295289
2004,192,7,59.407,648.899,265.945,322.78,65.605,22.845,0.9066,2.96,0.28575,14.62707353,0.875044373
2004,192,8,47.9665,569.365,240.485,289.095,60.915,23.75,0.8588,2.495,0.28575,14.62707242,0.875853821
2004,192,9,36.7635,925.612,380.77,461.58,95.045,24.92,0.8192,1.79,0.28575,14.62707246,0.876710277
2004,192,10,26.5705,1171.39,488.855,606.36,124.28,25.925,0.79405,1.885,0.28575,14.62707237,0.877611665
2004,192,11,19.4645,448.454,180.78,220.585,45.85,25.685,0.799,2.235,0.28575,14.62707238,0.878527791
2004,192,12,19.2075,429.732,170.32,206.055,42.42,23.55,0.78735,2.815,0.28575,14.62707241,0.879395836
2004,192,13,26,1498.726,600.055,753.98,146.035,26.33,0.7656,2.52,0.28575,14.62707248,0.880276743
2004,192,14,36.0835,1419.836,560.975,709.7,143.6,27.215,0.7441,3.785,0.28575,14.62707266,0.881226346
2004,192,15,47.2575,1240.482,481.565,611.6,130.905,27.76,0.7305,3.16,0.28575,14.6270724,0.882197725
2004,192,16,58.703,877.703,337.32,425.76,100.755,27.99,0.72355,2.935,0.28575,14.6270724,0.883179685
2004,192,17,70.03,533.094,202.285,250.445,69.04,27.88,0.722,2.575,0.28575,14.62707227,0.884163205
2004,192,18,80.9275,129.513,48.605,53.69,16.345,26.63,0.7956,2.335,0.28575,14.62707238,0.885127554
2004,192,19,91.1525,7.383,2.585,0.815,0.29,24.73,0.8777,2.28,0.28575,14.62429145,0.886038304
2004,192,20,100.612,0,0,0,0,23.835,0.90315,2.655,0.28575,14.63391125,0.886892563
2004,192,21,108.4165,0.046,0,0,0.005,23.16,0.93045,2.115,0.28575,14.63456851,0.887711434
2004,192,22,114.181,0.023,0,0,0.005,23.08,0.88615,2.94,0.28575,14.6347209,0.888512561
2004,192,23,117.3195,0,0,0,0,22.685,0.8835,1.855,0.28575,14.6348815,0.889302235
2004,193,0,117.4285,0.023,0,0,0,22.6,0.8935,1.78,0,14.63505045,0.890080199
2004,193,1,114.493,0.023,0,0,0,21.93,0.93505,2,0,14.63521678,0.890839337
2004,193,2,108.8935,0.414,0,0,0.005,21.405,0.96155,2.34,0,14.63537628,0.891568018
2004,193,3,101.2115,0.46,0,0,0.01,20.88,0.96865,1.925,0,14.63552073,0.89226924
2004,193,4,91.8775,8.395,2.69,1.35,0.355,20.465,0.97415,2.07,0,14.6358705,0.892945419
2004,193,5,81.664,136.712,56.585,63.815,15.71,20.58,0.97655,2.08,0,14.64166612,0.893613532
2004,193,6,70.812,364.78,145.915,172.07,38.795,21.89,0.9687,2.465,0,14.63975617,0.894319511
2004,193,7,59.508,834.463,325.955,403.045,89.705,23.565,0.92015,2.33,0,14.63971472,0.895101308
2004,193,8,48.069,564.949,234.655,287.485,63.205,24.21,0.89595,2.84,0,14.6397141,0.895938072
2004,193,9,36.873,1008.573,412.725,514.875,106.91,24.915,0.8644,2.23,0,14.63971416,0.896804463
2004,193,10,26.6925,1055.884,443.565,554.115,112.07,26.63,0.79775,2.43,0,14.63971438,0.89771881
2004,193,11,19.5995,1350.79,552.315,698.76,136.9,27.435,0.7608,3.645,0,14.63971421,0.898676648
2004,193,12,19.329,1258.215,512.69,651.63,122.88,28.025,0.7416,3.72,0,14.63971419,0.899654702
2004,193,13,26.0835,1650.871,662.275,844.96,160.7,28.665,0.72675,3.845,0,14.63971411,0.900648111
2004,193,14,36.1465,1502.268,596.925,765.54,151.355,29.455,0.65375,5.22,0,14.63971412,0.901656312
2004,193,15,47.3115,1248.371,486.735,624.425,133.53,29.785,0.6483,4.59,0,14.63971413,0.902673888
2004,193,16,58.754,704.214,275.06,347.47,81.65,29.325,0.7162,4.71,0,14.63971412,0.903690474
2004,193,17,70.086,118.013,45.875,52.52,12.485,25.305,0.80175,5.3,0,14.63971395,0.904653129
2004,193,18,80.9925,20.194,7.695,5.675,2.38,22.85,0.89305,3.445,0,14.59895957,0.905497541
2004,193,19,91.223,4.393,1.51,0.31,0.51,22.455,0.9216,2.845,0,14.55225817,0.906275979
2004,193,20,100.7,0.46,0,0,0.025,22.11,0.94015,1.477777778,0,14.55267543,0.907036032
2004,193,21,108.5225,0.46,0,0,0,21.685,0.9548,1.85,0,14.55282258,0.907776558
2004,193,22,114.302,0.46,0,0,0.01,21.325,0.95815,2.385,0,14.55298986,0.908496817
2004,193,23,117.4535,0.46,0,0,0.075,21.32,0.94895,2.885,0,14.55317854,0.909207543
2004,194,0,117.569,0.46,0,0,0.085,21.165,0.95065,2.7,0,14.55337614,0.909914062
2004,194,1,114.633,0.46,0,0,0.04,20.91,0.95545,2.88,0,14.553569,0.910609741
2004,194,2,109.029,0.46,0,0,0.03,20.575,0.9635,2.73,0,14.5537449,0.911289681
2004,194,3,101.3395,0.46,0,0,0,20.48,0.97005,1.315,0,14.55389046,0.911958064
2004,194,4,91.991,6.095,2.195,2.745,0.615,20.57,0.9736,3.125,0,14.55412076,0.912626312
2004,194,5,81.774,43.079,18.105,22.63,4.525,20.99,0.96395,4.95,0,14.55368562,0.913308256
2004,194,6,70.9195,324.185,128.345,161.05,32.705,21.6,0.94835,2.425,0,14.53394214,0.914017506
2004,194,7,59.6125,741.428,284.775,360.81,76.035,23.105,0.88325,4.085,0,14.53350585,0.914780826
2004,194,8,48.172,1240.988,488.215,611.665,120.16,24.8,0.80065,4.95,0,14.53349929,0.915620145
2004,194,9,36.9815,1404.656,565.09,710.33,133.64,26.345,0.75005,5.515,0,14.53349919,0.916527055
2004,194,10,26.815,1790.757,724.425,918.655,166.655,27.255,0.7165,5.575,0,14.53349921,0.917477533
2004,194,11,19.7405,1479.475,601.75,761.78,143.8,27.59,0.713,4.895,0,14.53349928,0.918447106
2004,194,12,19.4555,1667.73,675.72,861.44,157.11,27.86,0.71435,4.31,0,14.53349948,0.919425093
2004,194,13,26.174,1481.246,600.915,766.14,148.44,28.335,0.71865,4.505,0,14.53349929,0.920412643
2004,194,14,36.213,1327.905,540.17,687.095,140.185,28.69,0.71755,5.45,0,14.5334993,0.921409906
2004,194,15,47.3695,1089.211,434.78,553.235,119.62,28.88,0.72125,5.185,0,14.53349922,0.922412955
2004,194,16,58.812,830.438,321.505,411.295,96.52,28.87,0.7209,4.265,0,14.53349923,0.923417809
2004,194,17,70.147,448.155,173.8,215.125,56.42,28.64,0.7414,3,0,14.53349921,0.924420243
2004,194,18,81.0605,188.439,72.66,85.25,27.965,28.02,0.78515,2.47,0,14.53349909,0.925413311
2004,194,19,91.3375,11.063,4.19,2.855,0.8,26.6,0.8551,2.3,0,14.53511292,0.926379172
2004,194,20,100.7955,0.322,0,0,0,25.595,0.8925,1.43,0,14.55184955,0.927305768
2004,194,21,108.6315,0.46,0,0,0,24.635,0.91925,1.04,0,14.55277842,0.928194992
2004,194,22,114.428,0.46,0,0,0,23.55,0.95,1.66,0,14.55295715,0.929040822
2004,194,23,117.5935,0.46,0,0,0,22.625,0.94425,2.085,0,14.55314416,0.929840284
2004,195,0,117.7155,0.46,0,0,0,21.88,0.94555,1.18,0.60325,14.553341,0.930598782
2004,195,1,114.778,0.46,0,0,0,21.14,0.9654,1.795,0.60325,14.55353397,0.931319263
2004,195,2,109.1685,0.46,0,0,0,20.63,0.9693,1.885,0.60325,14.55370989,0.932006812
2004,195,3,101.47,0.46,0,0,0,20.04,0.9737,1.5,0.60325,14.55385704,0.932664754
2004,195,4,92.108,9.867,3.145,2.185,1.015,19.62,0.97705,0.52,0.60325,14.55432686,0.933295117
2004,195,5,81.887,152.306,53.22,65.715,22.3,19.06,0.97765,0.815384615,0.60325,14.56630943,0.933898404
2004,195,6,71.028,511.773,201.265,242.505,62.075,21.015,0.97065,1.2,0.60325,14.56470103,0.93453994
2004,195,7,59.717,885.937,356.025,443.065,98.38,24.58,0.84605,1.155,0.60325,14.56466524,0.935323932
2004,195,8,48.2795,1169.573,468.59,592.17,121.085,25.74,0.7625,2.68,0.60325,14.56466485,0.936214888
2004,195,9,37.095,1090.798,451.255,562.34,110.575,26.55,0.7471,2.52,0.60325,14.56466484,0.937143248
2004,195,10,26.944,1682.91,690.64,877.005,158.625,27.485,0.7631,3.27,0.60325,14.56466469,0.938100571
2004,195,11,19.8875,1409.417,584.235,740.745,136.335,28.7,0.759,3.24,0.60325,14.56466471,0.939087677
2004,195,12,19.589,1708.003,705.275,901.775,162.17,29.925,0.715,3.915,0.60325,14.56466477,0.940100052
2004,195,13,26.269,1458.338,613.165,780.26,148.525,30.555,0.7124,5.215,0.60325,14.56466498,0.941125145
2004,195,14,36.287,350.106,150.905,183.615,40.99,29.235,0.71865,4.9,0.60325,14.56466473,0.942145945
2004,195,15,47.434,6.969,0.93,1.54,2.705,20.78,0.82175,8.9,0.60325,14.46404318,0.94301822
2004,195,16,58.8745,36.846,14.525,20.315,5.79,19.85,0.90355,4.435,0.60325,14.11983912,0.943675044
2004,195,17,70.214,505.172,192.07,260.655,68.585,23.585,0.79565,3.115,0.60325,14.10549455,0.944404982
2004,195,18,81.136,186.829,55.85,84.655,28.805,24.18,0.8488,3.41,0.60325,14.10588093,0.945241529
2004,195,19,91.42,13.754,2.25,3.895,1.715,22.99,0.91255,2.915,0.60325,14.12200072,0.946064322
2004,195,20,100.8955,0.46,0,0,0.025,22.58,0.9257,2.915,0.60325,14.16262496,0.94684925
2004,195,21,108.75,0.46,0,0.11,0.02,22.5,0.92975,3.41,0.60325,14.16381131,0.947622155
2004,195,22,114.5625,0.552,0,0.19,0.005,23.085,0.9178,3.02,0.60325,14.16400625,0.948407428
2004,195,23,117.739,0.345,0,0.035,0.07,23.06,0.8464,2.91,0.60325,14.16420268,0.949206283
2004,196,0,117.867,0.299,0,0,0.005,20.59,0.8299,3.055,0,14.16439706,0.949942502
2004,196,1,114.9295,0.46,0,0,0,19.14,0.8476,3.525,0,14.16458798,0.950574688
2004,196,2,109.3125,0.46,0,0,0.005,18.395,0.841,3.27,0,14.16476486,0.951146056
2004,196,3,101.6065,0.46,0,0,0,17.325,0.87545,2.47,0,14.16490989,0.951666467
2004,196,4,92.2255,10.879,4.09,5.085,0.995,16.745,0.8956,2.75,0,14.16546941,0.952140465
2004,196,5,82.003,194.419,67.985,93.625,25.64,16.97,0.89635,2.89,0,14.18555992,0.952604492
2004,196,6,71.139,535.463,216.095,281.605,65.51,18.72,0.84675,3.915,0,14.1842692,0.953124051
2004,196,7,59.825,909.788,361.525,464.025,102.5,20.395,0.7769,5.29,0,14.18423949,0.953739273
2004,196,8,48.3875,1213.664,504.355,636.27,131.915,21.64,0.72305,5.51,0,14.18423903,0.954433772
2004,196,9,37.2095,1496.265,646.045,802.975,156.93,22.495,0.6855,5.43,0,14.18423908,0.955182905
2004,196,10,27.0765,1696.802,750.195,922.725,172.53,23.345,0.65215,6.055,0,14.1842393,0.955974324
2004,196,11,20.039,1800.969,804.135,988.415,184.28,24.065,0.62735,6.89,0,14.18423916,0.956802769
2004,196,12,19.728,1716.329,762.43,939.81,177.38,24.675,0.6118,5.935,0,14.18423907,0.957660906
2004,196,13,26.3705,1567.059,690.565,856.21,165.645,25.11,0.60555,5.525,0,14.1842391,0.958541189
2004,196,14,36.3655,1382.162,594.09,746.265,152.175,25.44,0.59745,5.585,0,14.18423904,0.959436954
2004,196,15,47.5035,1024.581,424.725,549.13,124.405,25.405,0.61425,5.015,0,14.18423905,0.960338532
2004,196,16,58.942,632.293,243.665,322.855,79.19,25.095,0.63685,4.435,0,14.18423905,0.961233307
2004,196,17,70.287,497.651,196.53,253.905,72.76,25.2,0.64385,3.7,0,14.1842389,0.962124005
2004,196,18,81.2145,187.335,76.595,93.955,32.215,24.2,0.70065,3.235,0,14.18423903,0.96299613
2004,196,19,91.5085,13.11,5.045,3.46,1.99,21.965,0.79185,3.075,0,14.1986637,0.963794813
2004,196,20,101.004,0,0,0,0,20.965,0.83685,2.755,0,14.23619644,0.964512908
2004,196,21,108.8725,0.046,0,0,0,19.155,0.90545,1.94,0,14.23733673,0.965155704
2004,196,22,114.7,0.368,0,0,0.005,18.935,0.8888,2.22,0,14.23750875,0.965742588
2004,196,23,117.8905,0.322,0,0,0,18.59,0.89425,1.67,0,14.23769299,0.966313688
2004,197,0,118.0265,0.46,0,0,0,18.01,0.91215,2.175,0,14.2378873,0.966858848
2004,197,1,115.087,0.46,0,0,0,18.055,0.91555,2.065,0,14.23808156,0.967388971
2004,197,2,109.4625,0.46,0,0,0,17.32,0.93735,1.9,0,14.23825713,0.967899675
2004,197,3,101.745,0.46,0,0,0,17.04,0.93375,2.085,0,14.23840192,0.968381819
2004,197,4,92.386,8.901,3.66,2.215,0.82,16.57,0.94155,1.77,0,14.23877844,0.968842905
2004,197,5,82.1205,161.161,64.59,74.545,23.03,16.68,0.93265,2.185,0,14.25411558,0.969293899
2004,197,6,71.2515,483.138,194.755,237.06,63.28,18.47,0.8952,2.485,0,14.25259473,0.969798277
2004,197,7,59.935,846.722,346.085,439.89,102.275,20.37,0.8392,2.82,0,14.25256003,0.970405864
2004,197,8,48.4975,1182.706,494.87,633.76,133.46,22.31,0.79995,2.345,0,14.25255948,0.971117178
2004,197,9,37.329,1460.477,621.555,797.135,154.665,24.22,0.6988,2.6,0,14.25255953,0.971924709
2004,197,10,27.212,1633.069,700.295,902.08,169.385,25.26,0.62845,3.385,0,14.2525597,0.972798499
2004,197,11,20.196,1677.62,727.46,940.02,178.015,25.83,0.55605,3.24,0,14.25255972,0.973704752
2004,197,12,19.874,1666.373,723.48,933.365,179.045,26.145,0.52655,3.675,0,14.2525595,0.974627573
2004,197,13,26.48,1356.103,584.66,753.48,154.04,26.175,0.52485,3.72,0,14.25255951,0.975556601
2004,197,14,36.449,1046.845,452.285,579.02,126.795,25.995,0.54585,3.21,0,14.25255954,0.97648295
2004,197,15,47.577,1185.788,498.83,644.86,142.65,26.515,0.52745,2.905,0,14.2525596,0.977415266
2004,197,16,59.017,857.831,352.43,457.195,111.545,26.565,0.54715,2.435,0,14.25255951,0.978357396
2004,197,17,70.365,474.283,193.32,243.48,68.775,26.44,0.57375,1.69,0,14.25255949,0.979298263
2004,197,18,81.299,160.701,65.82,74.39,22.935,25.99,0.6458,0.82,0,14.2525595,0.98022919
2004,197,19,91.6015,9.039,3.675,1.535,0.01,23.735,0.73215,1.17,0,14.26719061,0.981107379
2004,197,20,101.1165,0.046,0,0,0,22.51,0.75975,1.53,0,14.29505276,0.981908429
2004,197,21,109.003,0,0,0,0,21.62,0.78905,1.085,0,14.29598762,0.98265743
2004,197,22,114.8465,0,0,0,0,20.4,0.8342,1.635,0,14.29614629,0.983351535
2004,197,23,118.049,0.184,0,0,0,19.38,0.8638,1.95,0,14.29631427,0.983985148
2004,198,0,118.192,0.46,0,0,0,19.77,0.8336,1.465,0,14.29650248,0.984601457
2004,198,1,115.248,0.46,0,0,0,19.155,0.85745,2.02,0,14.29669654,0.985211533
2004,198,2,109.615,0.46,0,0,0,18.115,0.9197,1.205,0,14.29687207,0.985775472
2004,198,3,101.8865,0.46,0,0,0,17.805,0.93885,0.97,0,14.29701699,0.986301515
2004,198,4,92.514,7.774,2.725,1.39,0.51,17.31,0.95685,1.54,0,14.29732284,0.986804901
2004,198,5,82.24,150.029,59.1,67.945,20.66,17.17,0.93525,0.955,0,14.30992667,0.987290419
2004,198,6,71.3665,455.768,185.615,225.605,60.215,19.585,0.87245,1.205,0,14.30825052,0.987839839
2004,198,7,60.047,833.129,344.345,434.77,101.05,22.645,0.7494,1.41,0,14.3082126,0.988538859
2004,198,8,48.612,1147.286,476.135,612.78,129.755,24.405,0.6521,2.625,0,14.30821206,0.989358635
2004,198,9,37.4495,1405.185,592.83,763.04,151.16,25.395,0.59485,3.05,0,14.3082122,0.990239089
2004,198,10,27.3485,1600.317,681.575,876.745,165.085,26.09,0.56565,3.195,0,14.30821202,0.991152799
2004,198,11,20.36,1588.38,684.1,878.11,169.38,26.655,0.54745,3.205,0,14.30821203,0.992089177
2004,198,12,20.026,1495.161,646.22,827.84,162.89,27.025,0.54455,2.57,0,14.30821207,0.993041091
2004,198,13,26.595,1425.448,613.995,788.74,157.145,27.125,0.57235,2.685,0,14.30821218,0.994000383
2004,198,14,36.54,1345.454,569.66,736.01,152.025,27.65,0.5528,2.265,0,14.30821247,0.99496891
2004,198,15,47.657,736.598,316.61,399.59,90.85,27.3,0.577,2.28,0,14.30821204,0.995939977
2004,198,16,59.096,446.384,191.575,238.135,55.77,26.765,0.65705,1.575,0,14.30821204,0.996897899
2004,198,17,70.446,396.957,166.135,207.115,56.945,27.41,0.62765,0.805,0,14.30821197,0.99785748
2004,198,18,81.3895,135.516,57.85,65.095,18.82,26.85,0.67005,0.54,0,14.308212,0.998818377
2004,198,19,91.699,8.487,3.565,1.69,0.085,24.805,0.76035,0.995,0,14.32186451,0.999734518
2004,198,20,101.234,0.161,0,0,0,24.335,0.73555,0.86,0,14.3441506,1.000427763
2004,198,21,109.137,0,0,0,0.455,22.28,0.82195,3.425,0,14.34496581,1.00094945
2004,198,22,114.999,0,0,0,0.13,19.28,0.90695,2.815,0,14.34512218,1.001474924
2004,198,23,118.215,0.023,0,0,0,18.675,0.92565,2.245,0,14.34528581,1.001992438
2004,199,0,118.3615,0.069,0,0,0.01,18.725,0.915,1.745,0.973666667,14.34545884,1.00250771
2004,199,1,115.417,0.115,0,0,0.18,18.775,0.89725,5.25,0.973666667,14.34562988,1.003023381
2004,199,2,109.773,0.023,0,0,0.01,19.195,0.7874,3.405,0.973666667,14.34578504,1.003540904
2004,199,3,102.0335,0.046,0,0,0.09,17.635,0.8814,2.78,0.973666667,14.34591035,1.004053254
2004,199,4,92.641,7.475,2.55,1.285,0.685,17.1,0.9384,3.195,0.973666667,14.34618279,1.004554421
2004,199,5,82.364,78.867,31.66,34.035,7.525,17.395,0.95785,3.22,0.973666667,14.35174096,1.005053698
2004,199,6,71.4845,146.832,65.32,78.52,18.67,18.575,0.9504,3.15,0.973666667,14.34812106,1.005561294
2004,199,7,60.162,234.301,103.46,128.63,31.26,18.945,0.932,3.88,0.973666667,14.34803897,1.006076669
2004,199,8,48.726,564.489,250.365,313.995,73.95,20.105,0.86915,4.2,0.973666667,14.34803776,1.006597441
2004,199,9,37.5725,790.395,348.565,442.37,101.525,21.19,0.8182,4.685,0.973666667,14.34803779,1.007123166
2004,199,10,27.493,1035.046,454.83,582.82,128.18,22.085,0.78375,4.435,0.973666667,14.34803771,1.007650051
2004,199,11,20.527,1291.174,564.905,728.85,157.68,22.6,0.7665,5.155,0.973666667,14.34803773,1.008175903
2004,199,12,20.1855,1485.294,638.505,822.115,161.755,23.155,0.73335,4.85,0.973666667,14.34803775,1.008699839
2004,199,13,26.7165,1330.274,572.86,737.935,150.935,23.845,0.7095,4.335,0.973666667,14.34803781,1.009220349
2004,199,14,36.635,1338.715,570.935,739.05,159.14,23.865,0.72455,5.705,0.973666667,14.34803799,1.009738408
2004,199,15,47.7435,984.837,422.735,548.24,128.42,23.73,0.72555,5.68,0.973666667,14.34803775,1.010256901
2004,199,16,59.1785,635.973,266.085,341.56,86.715,22.81,0.7276,5.485,0.973666667,14.34803775,1.010778766
2004,199,17,70.5345,355.902,149.865,185.36,49.015,22.405,0.7836,4.98,0.973666667,14.3480376,1.011303803
2004,199,18,81.4845,167.21,73.19,89.65,29.13,22.32,0.809,4.34,0.973666667,14.34803773,1.011829635
2004,199,19,91.8015,9.246,3.64,2.595,1.14,20.985,0.85875,2.94,0.973666667,14.35777593,1.012355668
2004,199,20,101.3585,0.023,0,0,0.08,20.025,0.8878,2.955,0.973666667,14.38170932,1.012877831
2004,199,21,109.2795,0,0,0,0.185,19.265,0.9015,4.05,0.973666667,14.38262335,1.013394433
2004,199,22,115.1565,0,0,0,0.17,18.235,0.92995,3.005,0.973666667,14.38278064,1.013904625
2004,199,23,118.3865,0,0,0,0.18,17.605,0.9432,2.875,0.973666667,14.38294311,1.01440697
2004,200,0,118.535,0.184,0,0,0.125,16.95,0.94925,2.26,0,14.38311789,1.014901828
2004,200,1,115.5865,0.46,0,0,0.12,16.565,0.95635,3.01,0,14.38330048,1.015389815
2004,200,2,109.935,0.46,0,0,0.165,16.285,0.95995,2.815,0,14.38347574,1.015873
2004,200,3,102.183,0.46,0,0,0.125,15.795,0.9601,2.73,0,14.38362223,1.016350235
2004,200,4,92.773,5.336,1.875,0.96,0.605,15.33,0.96675,2.32,0,14.38382657,1.016819574
2004,200,5,82.4885,63.273,26.85,29.71,6.96,15.885,0.97135,3.16,0,14.38569455,1.017289532
2004,200,6,71.6035,166.911,72.735,89.29,21.395,16.245,0.98485,3.665,0,14.37962875,1.017767296
2004,200,7,60.276,317.837,142.645,177.5,41.765,17.085,0.97615,3.33,0,14.37948966,1.018254423
2004,200,8,48.8435,775.422,340.235,433.875,99.805,18.725,0.90565,3.59,0,14.37948757,1.018756817
2004,200,9,37.6985,1479.728,633.755,823.87,171.53,20.725,0.81475,3.915,0,14.37948756,1.019273829
2004,200,10,27.6385,1482.81,635.285,820.98,156.33,22.445,0.7516,3.26,0,14.37948753,1.019795818
2004,200,11,20.6985,1658.76,717.37,932.635,176.14,23.865,0.67455,4.02,0,14.37948754,1.020313569
2004,200,12,20.351,1639.417,710.85,925.725,176.615,24.655,0.6333,4.335,0,14.37948758,1.020823631
2004,200,13,26.843,1596.2,698.435,909.175,182.83,25.33,0.6066,4.11,0,14.37948768,1.021326248
2004,200,14,36.7375,1274.821,547.115,706.58,147.475,25.645,0.5772,3.485,0,14.37948795,1.021822836
2004,200,15,47.835,1078.999,458.665,595.165,136.365,25.91,0.56295,3.205,0,14.37948755,1.022315478
2004,200,16,59.268,756.631,318.835,416.025,104.565,25.865,0.57915,2.745,0,14.37948756,1.022806554
2004,200,17,70.6285,357.742,149.02,185.26,53.495,25.415,0.618,2.255,0,14.37948748,1.023301086
2004,200,18,81.586,145.222,61.04,72.7,23.955,24.145,0.7154,2.35,0,14.37948752,1.023805893
2004,200,19,91.948,9.062,3.45,2.175,0.605,22.54,0.7867,2.585,0,14.38730842,1.02432194
2004,200,20,101.489,0.023,0,0,0,22.06,0.77705,2.73,0,14.40663448,1.0248407
2004,200,21,109.4265,0.046,0,0,0,20.31,0.8554,2.19,0,14.40745303,1.025358454
2004,200,22,115.3225,0.023,0,0,0,19.335,0.88595,1.1,0,14.40760975,1.025872242
2004,200,23,118.563,0.276,0,0,0,18.985,0.8736,1.04,0,14.40777916,1.026382068
2004,201,0,118.716,0.46,0,0,0,17.9,0.91555,0.245,0,14.40797006,1.026885918
2004,201,1,115.764,0.46,0,0,0,17.165,0.95435,1.675,0,14.40816369,1.027380319
2004,201,2,110.102,0.46,0,0,0,16.5,0.95745,1.575,0,14.40834002,1.027865829
2004,201,3,102.3355,0.46,0,0,0,16.06,0.95725,0.885,0,14.40848666,1.028343399
2004,201,4,92.9445,4.554,1.71,0.665,0.21,15.91,0.9673,0.495,0,14.40866991,1.028816392
2004,201,5,82.6145,91.908,44.065,51.41,13.63,16.02,0.9707,0.48,0,14.41525314,1.029288607
2004,201,6,71.7255,299.621,144.925,174.545,45.175,17.29,0.95245,0.465,0,14.41215467,1.029770768
2004,201,7,60.395,598.207,276.945,348.5,86.915,20.21,0.849,1.35,0,14.41208337,1.030275794
2004,201,8,48.963,925.083,419.815,536.23,125.125,22.33,0.7657,1.92,0,14.41208236,1.030792686
2004,201,9,37.827,1246.761,557.525,714.545,153.625,23.875,0.68165,2.615,0,14.41208233,1.031305866
2004,201,10,27.788,1462.731,652.37,837.985,169.46,25.055,0.57555,2.445,0,14.41208227,1.03180921
2004,201,11,20.876,1112.234,488.89,624.15,127.905,25.375,0.5995,2.175,0,14.41208231,1.032304619
2004,201,12,20.523,1422.918,633.18,818.52,166.06,26.015,0.58775,2.07,0,14.41208242,1.032793795
2004,201,13,26.9785,988.954,435.22,558.52,121.74,26.09,0.5945,2.555,0,14.41208278,1.033277908
2004,201,14,36.8445,1215.504,522.22,676.465,147.725,26.44,0.5594,3.46,0,14.41208229,1.033758752
2004,201,15,47.9295,1148.229,487.09,635.065,148.225,26.82,0.5458,3.685,0,14.41208231,1.034233643
2004,201,16,59.364,471.316,203.365,255.435,61.415,26.22,0.5907,3.215,0,14.41208231,1.034710345
2004,201,17,70.7265,473.087,198.62,251.885,72.635,26.18,0.62035,2.87,0,14.41208227,1.035192218
2004,201,18,81.691,156.331,66.94,79.065,24.63,25.35,0.69205,1.825,0,14.41208217,1.035680386
2004,201,19,92.065,5.842,2.22,1.03,0.62,23.14,0.80125,2.435,0,14.41727582,1.036184891
2004,201,20,101.624,0.207,0,0,0,22.745,0.7884,1.805,0,14.43422572,1.036697119
2004,201,21,109.581,0,0,0,0,21.695,0.8508,2.535,0,14.43500512,1.037210358
2004,201,22,115.493,0,0,0,0,20.96,0.8634,2.13,0,14.43515922,1.037724364
2004,201,23,118.745,0,0,0,0,20.235,0.8866,2.49,0,14.43532084,1.038237144
2004,202,0,118.9035,0.069,0,0,0,19.135,0.90735,2.44,0,14.4354923,1.038746052
2004,202,1,115.9445,0.276,0,0,0,18.665,0.9073,2.545,0,14.43566703,1.039249851
2004,202,2,110.271,0.437,0,0,0.005,18.15,0.91845,2.455,0,14.4358365,1.039749445
2004,202,3,102.4915,0.46,0,0,0,17.715,0.93375,2.925,0,14.43598276,1.04024435
2004,202,4,93.0805,5.957,1.915,0.925,0.44,17.845,0.935,2.73,0,14.43621264,1.040737611
2004,202,5,82.7435,117.714,51.415,61.36,18.005,18.515,0.9278,2.635,0,14.446868,1.041234183
2004,202,6,71.848,313.283,135.515,166.705,43.09,19.965,0.90915,2.8,0,14.44470005,1.041738724
2004,202,7,60.5135,700.442,295.67,375.625,91.59,21.915,0.84955,3.82,0,14.44465038,1.042250445
2004,202,8,49.0835,747.477,322.285,406.6,95.41,23.855,0.7814,4.375,0,14.44464961,1.04275964
2004,202,9,37.9565,1178.796,507.32,648.23,141.135,24.97,0.75475,4.815,0,14.44464968,1.043258765
2004,202,10,27.941,1577.202,671.6,865.675,168.9,26.34,0.715,4.54,0,14.44464996,1.043743676
2004,202,11,21.0585,1556.364,667.36,862.32,169.615,27.345,0.6853,4.695,0,14.44464967,1.044210335
2004,202,12,20.7015,1418.962,613.775,788.965,164.545,27.915,0.66865,4.63,0,14.44464985,1.044662228
2004,202,13,27.1185,1409.532,611.225,788.995,165.48,28.495,0.66175,4.355,0,14.44464972,1.045101894
2004,202,14,36.958,887.869,382.385,488.025,111.26,28.56,0.6478,4.265,0,14.44464964,1.045534241
2004,202,15,48.031,896.195,381.76,488.01,113.405,28.88,0.64705,4.345,0,14.44464965,1.045961998
2004,202,16,59.4635,560.74,241.42,305.2,76.335,28.565,0.6774,4.01,0,14.44464962,1.046389695
2004,202,17,70.8315,317.469,132.84,162.265,44.37,27.79,0.7119,3.655,0,14.44464961,1.046829933
2004,202,18,81.803,89.838,38.69,43.385,11.055,26.7,0.7604,2.65,0,14.4446495,1.047289238
2004,202,19,92.185,5.451,2.245,0.965,0.38,25.32,0.8241,2.565,0,14.44671135,1.047769011
2004,202,20,101.7675,0.092,0,0,0,23.685,0.88565,2.47,0,14.45589134,1.048266115
2004,202,21,109.7395,0.46,0,0,0,23,0.9088,3,0,14.45638882,1.048771718
2004,202,22,115.67,0.46,0,0,0,22.93,0.90435,3.575,0,14.4565612,1.049279291
2004,202,23,118.9335,0.46,0,0,0,22.465,0.91395,2.785,0,14.45674964,1.049787922
2004,203,0,119.0955,0.46,0,0,0,21.755,0.93325,2.395,0,14.45694738,1.050298138
2004,203,1,116.1315,0.46,0,0,0,21.4,0.94215,2.35,0,14.45714103,1.05080894
2004,203,2,110.444,0.46,0,0,0,21.32,0.9411,2.93,0,14.45731715,1.051319708
2004,203,3,102.651,0.46,0,0,0.015,21.4,0.93335,3.1,0,14.45746431,1.051830452
2004,203,4,93.2195,4.761,1.485,0.55,0.375,21.25,0.93775,2.655,0,14.45765409,1.052341151
2004,203,5,82.8735,88.849,37.395,43.05,10.465,21.07,0.94885,2.21,0,14.46310448,1.052851295
2004,203,6,71.974,288.144,122.165,149.73,37.145,21.995,0.9229,3.03,0,14.45982939,1.053361346
2004,203,7,60.635,453.675,183.865,228.17,54.205,22.965,0.8916,3.615,0,14.45975453,1.053870149
2004,203,8,49.2055,884.81,373.125,475.765,109.075,24.94,0.8463,4.215,0,14.45975343,1.05437062
2004,203,9,38.09,1201.06,511.22,657.56,144.17,26.12,0.82335,4.54,0,14.45975346,1.054855102
2004,203,10,28.097,1442.882,611.995,787.7,162.61,27.635,0.802,4.485,0,14.45975338,1.0553189
2004,203,11,21.2465,1390.005,591.235,762.225,156.755,29.205,0.78115,4.195,0,14.45975339,1.055751457
2004,203,12,20.8845,1447.091,613.615,794.445,162.405,30.335,0.75675,5.1,0,14.45975342,1.056149972
2004,203,13,27.2655,1584.838,671.025,870.42,185.275,31.31,0.71665,5.66,0,14.45975349,1.056517291
2004,203,14,37.078,757.896,323.155,410.75,96.995,31.225,0.72205,4.98,0,14.45975369,1.056870325
2004,203,15,48.1395,694.094,299.59,381.67,94.08,31.325,0.7438,4.22,0,14.45975341,1.057223109
2004,203,16,59.568,485.76,205.325,257.67,63.5,30.815,0.7402,5.83,0,14.45975341,1.057582599
2004,203,17,70.941,223.1,94.385,114.13,32.16,29.865,0.74805,5.06,0,14.45975329,1.057964751
2004,203,18,81.92,141.174,56.555,65.55,22.015,29.325,0.77515,5.03,0,14.45975339,1.058368218
2004,203,19,92.309,2.254,0.935,0.11,0.315,28.065,0.83915,3.145,0,14.46149841,1.058794351
2004,203,20,101.915,0.391,0,0,0,27.36,0.8522,3.945,0,14.47416446,1.059241472
2004,203,21,109.906,0.46,0,0,0,26.785,0.893,2.405,0,14.47483411,1.059700059
2004,203,22,115.8515,0.46,0,0,0,26.085,0.90165,1.91,0,14.4750091,1.060169436
2004,203,23,119.128,0.46,0,0,0,25.715,0.91335,2.11,0,14.475197,1.060646892
2004,204,0,119.293,0.46,0,0,0,25.07,0.9321,1.98,0,14.47539463,1.06113103
2004,204,1,116.3225,0.644,0,0,0,24.365,0.9402,2.055,0,14.4755931,1.061622776
2004,204,2,110.6215,0.828,0,0,0,23.62,0.95275,2.5,0,14.47578491,1.062121033
2004,204,3,102.8125,0.92,0,0,0,23.655,0.94955,2.345,0,14.47595307,1.06262192
2004,204,4,93.4005,5.359,1.84,0.815,0.34,23.43,0.9479,1.995,0,14.4761799,1.063123393
2004,204,5,83.007,135.861,51.705,60.815,19.855,23.075,0.953,1.79,0,14.4869191,1.063625757
2004,204,6,72.1015,460.437,180.61,217.72,63.635,24.435,0.924,1.87,0,14.48498376,1.064124087
2004,204,7,60.7595,795.409,320.585,409.4,100.375,25.84,0.861,2.625,0,14.48493975,1.064609677
2004,204,8,49.3305,1103.954,466.81,592.25,132.76,27.35,0.78535,2.005,0,14.48493912,1.065074813
2004,204,9,38.2245,580.451,255.48,322.185,76.645,27.68,0.7791,2.36,0,14.48493924,1.065523668
2004,204,10,28.258,1021.568,443.03,557.29,123.555,28.24,0.7718,3.045,0,14.48493909,1.065963423
2004,204,11,21.4365,595.907,257.69,323.08,75.065,28.365,0.7836,3.245,0,14.4849391,1.066395771
2004,204,12,21.0755,486.496,207.245,261.535,62.64,27.98,0.8091,4.87,0,14.48493909,1.066830975
2004,204,13,27.4185,110.239,41.735,48.74,12.315,24.945,0.85845,4.76,0,14.48493909,1.067297283
2004,204,14,37.203,175.858,76.515,92.01,23.175,23.71,0.9327,1.69,0,14.4849391,1.067791234
2004,204,15,48.252,126.615,54.065,65.195,16.94,24.575,0.8574,2.275,0,14.48493911,1.068286883
2004,204,16,59.679,249.228,109.15,134.055,32.12,24.05,0.89175,2.12,0,14.48493911,1.068781136
2004,204,17,71.054,71.369,31.335,35.785,9.11,23.58,0.9024,1.415,0,14.48493906,1.069279406
2004,204,18,82.0415,27.048,12.16,12.18,3.8,23.32,0.9231,1.07,0,14.45676041,1.069782233
2004,204,19,92.479,3.059,1.365,0.42,0.485,23.025,0.93385,1.245,0,14.42272783,1.070291264
2004,204,20,102.0675,0.46,0,0,0,22.915,0.93545,1.42,0,14.42332236,1.07080379
2004,204,21,110.077,0.46,0,0,0,22.705,0.95095,2.035,0,14.4234765,1.071316958
2004,204,22,116.0415,0.506,0,0,0,22.565,0.94465,2.125,0,14.42364669,1.07183078
2004,204,23,119.329,0.736,0,0,0,21.98,0.9479,2.05,0,14.42384625,1.072345618
2004,205,0,119.4965,0.92,0,0,0.015,21.94,0.9472,1.565,0,14.42406967,1.072861071
2004,205,1,116.5175,0.644,0,0,0,21.435,0.95925,1.84,0,14.42428737,1.073376733
2004,205,2,110.805,0.897,0,0,0.03,20.71,0.96575,2.48,0,14.42448119,1.073892103
2004,205,3,102.9785,0.92,0,0,0.13,20.48,0.9535,3.88,0,14.42464981,1.074406527
2004,205,4,93.5445,4.439,1.35,0.375,0.745,20.035,0.9495,4.905,0,14.42484282,1.074919798
2004,205,5,83.1415,143.451,59.64,70.895,22.16,19.34,0.9358,4.245,0,14.43193713,1.075429848
2004,205,6,72.2295,300.794,129.705,159.125,38.01,19.865,0.92645,4.135,0,14.42996937,1.075939067
2004,205,7,60.8835,620.31,263.53,332.595,78.66,20.6,0.87845,5.725,0,14.42992565,1.076451426
2004,205,8,49.458,1147.562,479.255,622.34,143.77,21.32,0.81785,6.43,0,14.42992501,1.076965802
2004,205,9,38.363,1304.928,542.575,706.385,148.545,21.78,0.6901,6.51,0,14.42992513,1.077480662
2004,205,10,28.421,1302.674,550.205,716.32,146.98,22.44,0.66275,5.75,0,14.42992562,1.077994918
2004,205,11,21.636,1677.804,710.805,928.04,177.435,23.22,0.63255,5.355,0,14.42992502,1.078506958
2004,205,12,21.273,1749.564,748.365,969.89,178.405,23.81,0.6066,5.07,0,14.42992509,1.07901541
2004,205,13,27.579,1658.806,705.74,913.28,173.275,24.445,0.58475,5.52,0,14.42992529,1.079519325
2004,205,14,37.3345,1422.596,596.67,772.735,157.55,24.665,0.5792,5.76,0,14.42992503,1.080019396
2004,205,15,48.3715,933.501,393.76,503.86,114.095,24.28,0.5946,5.72,0,14.42992508,1.080520252
2004,205,16,59.7945,639.009,264.93,337.79,81,23.7,0.57535,5.785,0,14.42992502,1.081025299
2004,205,17,71.1745,224.779,96.375,117.455,28.8,22.22,0.6102,5.78,0,14.42992501,1.081536557
2004,205,18,82.1685,75.555,32.52,36.915,9.955,20.645,0.64475,5.74,0,14.42992501,1.082051122
2004,205,19,92.614,4.899,1.715,0.825,0.69,18.785,0.6244,4.925,0,14.43514318,1.082560342
2004,205,20,102.2285,0,0,0,0.005,18.03,0.6072,4.265,0,14.44332886,1.083059395
2004,205,21,110.255,0,0,0,0.075,16.56,0.6583,3.49,0,14.44373947,1.083545727
2004,205,22,116.236,0,0,0,0.02,15.42,0.7354,3.335,0,14.44388842,1.084013856
2004,205,23,119.5355,0.23,0,0,0.005,14.805,0.7802,3.375,0,14.44405635,1.08446728
2004,206,0,119.704,0.414,0,0,0,14.4,0.82865,2.815,0,14.44424429,1.084911219
2004,206,1,116.7175,0.46,0,0,0.015,14.05,0.8668,2.72,0,14.44443579,1.085347708
2004,206,2,110.9885,0.437,0,0,0.01,14.64,0.85985,3.3,0,14.44461022,1.08578655
2004,206,3,103.1475,0.46,0,0,0.005,14.915,0.8591,3.745,0,14.44475446,1.086233756
2004,206,4,93.692,3.013,1.515,0.51,0.685,15.425,0.8433,3.925,0,14.44489857,1.086688107
2004,206,5,83.2745,94.829,40.895,48.475,13.455,15.81,0.83975,4.525,0,14.44468647,1.087150192
2004,206,6,72.361,277.702,117.14,145.62,36.545,16.32,0.80405,4.73,0,14.44135852,1.087619714
2004,206,7,61.0095,614.123,253.3,324.715,82.225,17.955,0.66625,5.425,0,14.44128471,1.08810434
2004,206,8,49.5875,861.304,362.48,465.725,110.625,18.88,0.60795,6.14,0,14.4412836,1.088603151
2004,206,9,38.5035,1087.394,465.055,598.905,137.13,19.835,0.5587,6.2,0,14.44128366,1.089109275
2004,206,10,28.587,1118.191,481.06,620.61,142.49,20.505,0.5254,6.155,0,14.44128358,1.089619711
2004,206,11,21.838,898.472,390.14,503.31,120.26,20.71,0.5135,5.055,0,14.4412836,1.090131677
2004,206,12,21.474,954.155,415.05,534.745,125.59,21.095,0.47225,5,0,14.44128363,1.090644302
2004,206,13,27.7455,1184.569,509.13,657.95,147.02,21.19,0.4576,6.075,0,14.44128374,1.091157296
2004,206,14,37.472,962.044,414.745,531.17,120.59,21.42,0.46305,5.825,0,14.44128402,1.091670423
2004,206,15,48.4955,644.713,275.03,350.38,82.825,20.83,0.4803,6.35,0,14.44128361,1.092183354
2004,206,16,59.917,464.876,196.02,246.45,59.57,20.63,0.5048,5.65,0,14.44128361,1.092695632
2004,206,17,71.3005,251.413,106.985,130.97,31.565,20.175,0.5394,5.35,0,14.44128354,1.093206956
2004,206,18,82.3015,66.723,28.495,31.885,8.23,19.38,0.59965,4.57,0,14.44128326,1.093715556
2004,206,19,92.754,2.645,0.895,0,0.11,18.88,0.6057,4.775,0,14.44157898,1.094220201
2004,206,20,102.3915,0.069,0,0,0,18.62,0.6254,5.08,0,14.44748436,1.094721509
2004,206,21,110.4365,0.046,0,0,0.02,18.345,0.6505,4.02,0,14.44781656,1.095220072
2004,206,22,116.437,0,0,0,0.03,17.42,0.7196,3.775,0,14.44796543,1.095712643
2004,206,23,119.7485,0,0,0,0.04,16.895,0.74895,4.075,0,14.44812795,1.096196839
2004,207,0,119.918,0,0,0,0.03,16.825,0.7431,4.12,0,14.44829781,1.096677173
2004,207,1,116.9225,0,0,0,0.045,16.505,0.759,3.55,0,14.44846355,1.097154808
2004,207,2,111.1775,0,0,0,0.025,16.41,0.7553,4.02,0,14.4486137,1.097629484
2004,207,3,103.318,0.023,0,0,0,16.61,0.71785,4.225,0,14.44873868,1.098104894
2004,207,4,93.84,1.104,0.405,0,0.08,16.81,0.68465,5.225,0,14.44884162,1.098583102
2004,207,5,83.4135,26.059,11.225,9.72,3.045,16.745,0.68345,5.495,0,14.451351,1.099062057
2004,207,6,72.4925,112.102,47.725,57.225,14.93,16.65,0.7123,4.355,0,14.37621682,1.099544972
2004,207,7,61.1385,268.525,112.045,139.565,34.45,16.715,0.75005,5.16,0,14.37406588,1.100033035
2004,207,8,49.717,485.553,205.175,258.975,61.965,17.48,0.7374,5.29,0,14.374033,1.10052683
2004,207,9,38.6465,638.319,270.035,342.365,81.1,18.225,0.71525,5.385,0,14.37403259,1.101029682
2004,207,10,28.7575,883.292,371.925,476.005,109.09,18.7,0.70915,5.2,0,14.37403268,1.101538707
2004,207,11,22.043,565.294,235.355,303.19,74.545,18.96,0.69635,4.405,0,14.37403298,1.10205093
2004,207,12,21.685,963.976,407.055,523.275,119.355,19.66,0.67605,3.955,0,14.37403264,1.102566656
2004,207,13,27.917,1323.558,559.74,721.935,154.625,20.525,0.64125,4.275,0,14.37403276,1.103086675
2004,207,14,37.616,935.87,403.845,514.46,119.075,20.87,0.54725,5.245,0,14.37403274,1.103608848
2004,207,15,48.625,587.328,254.39,322.575,78.01,20.76,0.5402,5.43,0,14.3740326,1.104131306
2004,207,16,60.043,360.985,156.245,197.045,48.93,20.62,0.57185,4.215,0,14.3740326,1.104653473
2004,207,17,71.4305,213.624,92.675,115.055,28.9,20.435,0.571,3.895,0,14.37403259,1.105175186
2004,207,18,82.4375,49.335,21.61,23.935,6.84,19.755,0.60705,2.69,0,14.37402093,1.105695253
2004,207,19,92.939,2.323,1.025,0.185,0.3,18.775,0.68605,2.06,0,14.36436554,1.106211319
2004,207,20,102.5625,0,0,0,0,18.46,0.70475,1.995,0,14.36747729,1.106722915
2004,207,21,110.627,0,0,0,0.015,17.7,0.7978,2.11,0,14.36770287,1.107229094
2004,207,22,116.644,0.046,0,0,0.015,17.72,0.7656,3.255,0,14.3678496,1.10773131
2004,207,23,119.9655,0.069,0,0,0,17.7,0.73655,3.545,0,14.36801531,1.108233504
2004,208,0,120.138,0,0,0,0,16.67,0.7948,2.85,0,14.36818811,1.108729205
2004,208,1,117.131,0,0,0,0,15.895,0.8521,2.615,0,14.36835457,1.109212249
2004,208,2,111.37,0.046,0,0,0.04,16.04,0.8539,2.505,0,14.36850736,1.109690388
2004,208,3,103.4905,0,0,0,0.08,15.645,0.8901,2.87,0,14.36863472,1.110166458
2004,208,4,94.03,0.713,0.185,0,0.12,15.71,0.89015,2.91,0,14.36873386,1.110639777
2004,208,5,83.553,46.023,19.815,22.3,6.425,15.515,0.917,3.37,0,14.36654394,1.111112129
2004,208,6,72.6255,200.813,85.04,106.21,26.28,16.12,0.89435,3.165,0,14.34993185,1.111589148
2004,208,7,61.268,321.954,138.915,174.6,42.815,17.08,0.84775,3.51,0,14.34953891,1.11207941
2004,208,8,49.8505,572.424,244.71,311.77,73.435,18.08,0.7645,3.885,0,14.34953289,1.112582573
2004,208,9,38.793,1182.66,500.075,650.06,145.815,19.895,0.615,4.625,0,14.34953281,1.113099179
2004,208,10,28.93,1385.037,585.765,763.84,165.025,20.71,0.5502,5.06,0,14.3495329,1.113623646
2004,208,11,22.254,1314.427,564.55,734.52,163.495,21.295,0.4733,5.03,0,14.34953323,1.114150012
2004,208,12,21.8975,1097.675,473.045,613.745,136.025,21.09,0.59775,4.75,0,14.34953284,1.114676659
2004,208,13,28.0965,1182.269,506.47,655.885,141.45,21.38,0.59415,5.04,0,14.34953295,1.115203338
2004,208,14,37.765,1378.114,585.655,757.83,164.6,21.535,0.59815,4.695,0,14.34953323,1.115730133
2004,208,15,48.7605,1173.92,485.595,635.225,144.965,21.77,0.54685,4.905,0,14.34953282,1.116256891
2004,208,16,60.1755,826.551,334.55,440.695,112.785,21.63,0.51495,5.135,0,14.34953282,1.116783626
2004,208,17,71.5675,131.491,55.59,68.065,18.405,20.505,0.54795,3.7,0,14.34953276,1.117309967
2004,208,18,82.579,27.761,12.745,13.24,4.675,19.035,0.73345,2.54,0,14.33738683,1.117832703
2004,208,19,93.093,4.186,2.535,2.035,1.16,18.03,0.8331,1.58,0,14.29746253,1.118350346
2004,208,20,102.7385,0.046,0,0,0,16.63,0.89175,1.695,0,14.29826238,1.118857523
2004,208,21,110.8215,0.184,0,0,0,15.725,0.9143,2.535,0,14.29840702,1.11934832
2004,208,22,116.857,0.46,0,0,0,13.945,0.95095,2.135,0,14.29856785,1.11981513
2004,208,23,120.19,0.46,0,0,0.025,13.16,0.9216,2.365,0,14.29875829,1.120255194
2004,209,0,120.361,0.46,0,0,0.015,12.325,0.8923,1.59,0.010583333,14.29895815,1.120676105
2004,209,1,117.3435,0.46,0,0,0.01,11.74,0.91625,1.86,0.010583333,14.29915388,1.121079014
2004,209,2,111.5655,0.46,0,0,0,10.915,0.9404,1.68,0.010583333,14.2993303,1.12146288
2004,209,3,103.668,0.46,0,0,0.005,10.255,0.93665,2.28,0.010583333,14.29947733,1.121825612
2004,209,4,94.1835,3.795,1.24,0.45,0.205,10.55,0.91785,2.31,0.010583333,14.29964109,1.122182991
2004,209,5,83.693,118.151,45.015,51.71,16.95,10.97,0.9027,1.55,0.010583333,14.3119514,1.122550186
2004,209,6,72.7605,448.339,181.16,226.37,67.025,13.535,0.87395,2.14,0.010583333,14.30973347,1.122956909
2004,209,7,61.399,813.878,333.37,429.52,108.825,16.135,0.8132,2.18,0.010583333,14.30968138,1.12342191
2004,209,8,49.9825,1135.74,479.19,618.345,140.385,18.505,0.68015,2.03,0.010583333,14.30968067,1.123926899
2004,209,9,38.939,1405.599,605.615,780.835,161.925,20.355,0.6014,1.705,0.010583333,14.30968065,1.124452348
2004,209,10,29.1075,1600.708,697.525,898.255,175.36,21.62,0.5353,2.5,0.010583333,14.30968056,1.124984344
2004,209,11,22.469,1648.272,720.95,928.46,175.615,22.47,0.5136,2.5,0.010583333,14.30968059,1.125516394
2004,209,12,22.118,1672.882,734.215,944.215,178.305,23.2,0.4744,2.52,0.010583333,14.30968065,1.126046059
2004,209,13,28.2795,1473.035,642.78,827.69,165.34,23.78,0.4652,3.165,0.010583333,14.30968087,1.12657219
2004,209,14,37.9205,1386.095,600.91,776.14,164.11,24.365,0.48245,2.96,0.010583333,14.3096806,1.127093942
2004,209,15,48.9005,1079.85,460.96,599.13,139.69,24.6,0.4672,3.275,0.010583333,14.30968065,1.127611962
2004,209,16,60.313,687.378,290.02,374.565,96.475,24.65,0.4635,2.94,0.010583333,14.30968059,1.128128545
2004,209,17,71.708,374.877,161.98,209.53,63.225,24.31,0.52245,2.27,0.010583333,14.30968058,1.128646582
2004,209,18,82.727,105.248,47.21,55.9,18.565,23.285,0.59785,1.675,0.010583333,14.30968057,1.129170444
2004,209,19,93.25,4.715,2.27,0.99,0.245,21.63,0.67975,2.03,0.010583333,14.31984501,1.129700476
2004,209,20,102.919,0,0,0,0,19.75,0.7518,2.225,0.010583333,14.33373037,1.130229111
2004,209,21,111.0215,0.023,0,0,0,18.35,0.82415,2.065,0.010583333,14.3343144,1.130748589
2004,209,22,117.0735,0.276,0,0,0,17.73,0.82885,2.42,0.010583333,14.33447285,1.131259082
2004,209,23,120.418,0.46,0,0,0,16.545,0.8617,1.725,0.010583333,14.3346559,1.131758784
2004,210,0,120.59,0.46,0,0,0,15.785,0.8794,1.57,0,14.33485456,1.132244537
2004,210,1,117.562,0.46,0,0,0,15.22,0.89065,1.185,0,14.33504898,1.132719275
2004,210,2,111.7645,0.46,0,0,0,15.105,0.89685,1.505,0,14.33522554,1.133187917
2004,210,3,103.8475,0.46,0,0,0,14.42,0.923,1.1,0,14.33537223,1.133648925
2004,210,4,94.339,3.013,1.205,0.43,0.135,14.17,0.9337,0.795,0,14.33551876,1.134100602
2004,210,5,83.8355,90.574,40.095,47.52,15.875,14.32,0.91465,1.135,0,14.34271524,1.134550791
2004,210,6,72.896,358.11,158.25,198.61,58.745,15.61,0.89325,0.805,0,14.33946556,1.135014809
2004,210,7,61.53,729.123,312.35,400.52,104.06,19.375,0.789,1.82,0,14.33938942,1.135516791
2004,210,8,50.1185,1070.558,460.02,594.095,138.55,21.83,0.6845,2.155,0,14.33938826,1.136043029
2004,210,9,39.089,1356.425,590.4,759.94,161.385,23.285,0.63005,2.08,0,14.33938833,1.136569238
2004,210,10,29.2855,1556.341,686.51,880.47,174.515,24.515,0.577,1.635,0,14.33938828,1.137087983
2004,210,11,22.69,1731.233,766.775,987.09,191.71,25.395,0.5532,1.6,0,14.33938838,1.137596662
2004,210,12,22.343,1671.824,746.745,967.005,195.84,26,0.5326,1.73,0,14.33938873,1.138095956
2004,210,13,28.47,1594.406,708.365,915.215,190.095,26.525,0.481,1.865,0,14.33938828,1.138586792
2004,210,14,38.082,1279.858,554.235,713.495,153.165,26.565,0.4602,2.05,0,14.33938833,1.139073012
2004,210,15,49.048,1140.938,489.555,634.55,148.255,26.69,0.4531,2.485,0,14.33938843,1.139557816
2004,210,16,60.4555,763.025,322.93,419.485,110.515,26.34,0.494,2.425,0,14.33938827,1.140044526
2004,210,17,71.854,407.376,170.105,218.275,66.69,25.41,0.55665,2.66,0,14.33938824,1.140541207
2004,210,18,82.8805,101.108,42.365,48.875,15.695,23.445,0.66175,2.29,0,14.33938802,1.141055006
2004,210,19,93.411,4.37,2.06,0.83,0.285,22.355,0.68855,2.765,0,14.34724031,1.141579409
2004,210,20,103.1065,0,0,0,0,21.115,0.73365,2.85,0,14.35955486,1.142105351
2004,210,21,111.228,0.322,0,0,0,19.4,0.8043,2.75,0,14.36011001,1.14262785
2004,210,22,117.297,0.46,0,0,0,17.81,0.86765,2.77,0,14.36028018,1.143139864
2004,210,23,120.6525,0.46,0,0,0,17.265,0.8844,2.52,0,14.36046945,1.143641085
2004,211,0,120.823,0.46,0,0,0,16.735,0.8864,2.735,0,14.36066806,1.144135502
2004,211,1,117.7815,0.46,0,0,0,15.95,0.88465,2.46,0,14.36086254,1.144620477
2004,211,2,111.966,0.46,0,0,0,15.14,0.9089,1.84,0,14.36103923,1.14509249
2004,211,3,104.028,0.46,0,0,0,15.365,0.90875,1.26,0,14.36118592,1.145559383
2004,211,4,94.5345,2.208,0.77,0.075,0.03,15.395,0.9153,1.355,0,14.36131793,1.146028542
2004,211,5,83.9785,47.771,21.09,23.885,6.575,15.08,0.93105,0.99,0,14.3617359,1.146495105
2004,211,6,73.035,230.414,98.625,124.105,32.785,16.755,0.91225,1.485,0,14.34777857,1.146973969
2004,211,7,61.665,479.458,205.015,260.745,65.64,19.065,0.8606,2.805,0,14.34744681,1.147480617
2004,211,8,50.256,698.763,299.43,380.37,90.775,21.045,0.7899,2.76,0,14.34744172,1.148003956
2004,211,9,39.242,1027.893,443.485,570.35,134.525,22.565,0.72695,2.81,0,14.34744188,1.148530609
2004,211,10,29.47,1045.81,455.62,582.845,137.895,23.83,0.67035,2.595,0,14.3474417,1.149052864
2004,211,11,22.915,1193.125,517.085,666.79,152.14,24.375,0.6258,2.87,0,14.34744187,1.149568964
2004,211,12,22.575,1529.408,661.39,855.635,187.135,25.02,0.59655,2.58,0,14.34744184,1.150079382
2004,211,13,28.6685,1197.564,518.04,663.98,150.075,25.28,0.5752,2.62,0,14.34744166,1.150584735
2004,211,14,38.248,1121.94,477.885,615.525,137.675,25.605,0.5534,2.875,0,14.34744167,1.151086402
2004,211,15,49.1995,653.292,283.41,360.265,87.955,25.41,0.5964,2.445,0,14.34744169,1.15158722
2004,211,16,60.604,483.782,207.625,263.295,66.505,25.27,0.61165,2.66,0,14.34744169,1.152090223
2004,211,17,72.005,265.121,112.16,138.755,35.535,24.74,0.6568,2.17,0,14.34744165,1.152597261
2004,211,18,83.036,85.905,37.95,44.605,11.97,23.72,0.739,1.97,0,14.34744153,1.153112143
2004,211,19,93.6175,2.553,1.145,0.455,0.21,22.26,0.8118,2.4,0,14.34984008,1.153635221
2004,211,20,103.2995,0.023,0,0,0.005,21.475,0.8465,2.58,0,14.35836744,1.154161054
2004,211,21,111.44,0.276,0,0,0,20.705,0.87845,2.225,0,14.35880718,1.154686183
2004,211,22,117.5265,0.46,0,0,0,19.99,0.9076,2.025,0,14.35897345,1.155209464
2004,211,23,120.8925,0.46,0,0,0,19.6,0.9191,2.21,0,14.35916224,1.155730317
2004,212,0,121.061,0.46,0,0,0.06,19.67,0.91435,1.675,0.4445,14.3593608,1.156250278
2004,212,1,118.008,0.759,0,0,0.09,19.63,0.9266,1.49,0.4445,14.35956355,1.156770296
2004,212,2,112.171,1.081,0,0,0.05,19.795,0.90915,2.325,0.4445,14.35976725,1.157290632
2004,212,3,104.211,1.012,0,0,0.08,19.34,0.92865,1.785,0.4445,14.35994746,1.157810085
2004,212,4,94.6975,0.782,0.055,0,0.19,18.035,0.93265,2.11,0.4445,14.3600742,1.158322942
2004,212,5,84.1215,17.963,7.095,5.465,2.235,17.435,0.9508,1.245,0.4445,14.36093885,1.158826425
2004,212,6,73.1735,82.938,33.97,38.375,9.76,17.745,0.9591,1.22,0.4445,14.27973396,1.159333892
2004,212,7,61.8005,116.633,47.205,55.06,13.435,18.07,0.9588,0.65,0.4445,14.27561888,1.159850935
2004,212,8,50.3955,181.171,72.99,87.63,20.515,18.57,0.9604,1.29,0.4445,14.27555427,1.160372565
2004,212,9,39.3935,130.479,50.67,59.28,13.655,18.71,0.91055,1.78,0.4445,14.27555342,1.160897231
2004,212,10,29.6565,202.561,76.435,90.925,19.145,18.635,0.9426,1.885,0.4445,14.27555349,1.161422186
2004,212,11,23.143,435.045,174.285,217.02,48.635,19.13,0.90935,2.605,0.4445,14.27555375,1.161948895
2004,212,12,22.8115,518.19,224.135,284.47,67.48,20.2,0.8781,3.37,0.4445,14.2755535,1.162480959
2004,212,13,28.8715,689.609,298.015,377.62,88.79,21.635,0.8476,3.2,0.4445,14.27555368,1.16301771
2004,212,14,38.421,707.204,303.59,385.065,88.985,22.605,0.7906,2.735,0.4445,14.27555348,1.163554527
2004,212,15,49.358,197.662,83.335,101.9,24.85,21.95,0.83615,2.455,0.4445,14.27555356,1.164091055
2004,212,16,60.757,54.28,22.27,24.42,6.075,21.355,0.88905,1.2,0.4445,14.27554436,1.164628541
2004,212,17,72.161,33.741,13.13,12.27,4.03,20.215,0.9612,2.695,0.4445,14.24181559,1.16516754
2004,212,18,83.198,14.513,5.38,3.185,1.92,19.97,0.97185,2.93,0.4445,14.1036719,1.165716471
2004,212,19,93.792,0.989,0.07,0,0.265,19.64,0.97345,3.17,0.4445,14.10191639,1.166273645
2004,212,20,103.4965,0.736,0,0,0.115,19.31,0.97545,2.705,0.4445,14.10207109,1.166828902
2004,212,21,111.656,0.897,0,0,0.115,19.22,0.97445,1.145,0.4445,14.10222891,1.16738268
2004,212,22,117.7595,0.92,0,0,0.015,19.125,0.9747,0.585,0.4445,14.1024287,1.167935741
2004,212,23,121.1375,0.92,0,0,0.125,18.96,0.9762,3.14,0.4445,14.10265458,1.168487751
2004,213,0,121.3035,0.874,0,0,0.17,19.095,0.9732,3.285,0,14.10288906,1.169039611
2004,213,1,118.2375,0.92,0,0,0.14,19.09,0.9683,2.79,0,14.10311696,1.169591961
2004,213,2,112.3795,0.92,0,0,0.01,18.53,0.9745,2.55,0,14.10332527,1.170141886
2004,213,3,104.397,0.92,0,0,0.175,18.945,0.968,3.43,0,14.10349754,1.17069116
2004,213,4,94.859,2.323,0.505,0.01,0.24,18.795,0.96315,2.885,0,14.10364491,1.171241598
2004,213,5,84.267,45.977,19.945,21.385,5.47,18.67,0.95725,3.795,0,14.11139851,1.171790291
2004,213,6,73.3135,190.877,83.17,100.115,24.115,18.73,0.95565,3.3,0,14.09748635,1.172339108
2004,213,7,61.9375,232.139,106.23,132.03,31.66,18.675,0.9541,4.025,0,14.09712792,1.172888911
2004,213,8,50.536,354.913,163.87,206.405,50.22,19.66,0.91705,3.46,0,14.0971223,1.173442513
2004,213,9,39.553,699.177,321.9,410.94,95.68,20.905,0.8662,3.43,0,14.09712225,1.174002576
2004,213,10,29.8465,1281.928,572.305,737.07,157.015,22.56,0.81065,3.29,0,14.09712227,1.174564854
2004,213,11,23.377,1477.198,663.605,860.54,181.54,23.835,0.7733,3.42,0,14.09712222,1.175122427
2004,213,12,23.054,1172.425,522.455,677.935,150.87,24.73,0.75105,3.105,0,14.09712223,1.175671661
2004,213,13,29.08,1250.073,548.65,708.8,150.91,25.45,0.7238,3.225,0,14.09712225,1.176211891
2004,213,14,38.6005,899.53,394.885,505.57,113.415,26.075,0.67485,2.695,0,14.09712228,1.176742782
2004,213,15,49.5215,744.717,319.295,410.345,98.56,26.285,0.672,2.655,0,14.09712236,1.177267071
2004,213,16,60.916,760.863,316.505,412.225,108.235,26.93,0.59985,3,0,14.09712225,1.177783812
2004,213,17,72.3235,429.939,175.835,225.465,68.205,26.795,0.60545,2.3,0,14.09712219,1.178295818
2004,213,18,83.3645,121.44,49.925,58.965,21.23,25.79,0.67815,1.93,0,14.09712221,1.178818052
2004,213,19,94.008,4.094,1.705,0.635,0.235,23.695,0.76965,1.695,0,14.11371354,1.179360763
2004,213,20,103.699,0.414,0,0,0,22.375,0.8084,1.775,0,14.13297444,1.179915622
2004,213,21,111.8795,0.414,0,0,0,21.025,0.8931,0.885,0,14.1336724,1.18047304
2004,213,22,118,0.46,0,0,0,20.045,0.94255,0.285,0,14.13384869,1.181029039
2004,213,23,121.387,0.46,0,0,0,19.62,0.95905,0.52,0,14.13403959,1.18158207
2004,214,0,121.5515,0.46,0,0,0.01,18.32,0.97055,0.805,0,14.13423984,1.182128972
2004,214,1,118.469,0.46,0,0,0,18.51,0.97625,0.88,0,14.13443569,1.182671027
2004,214,2,112.5915,0.46,0,0,0,17.745,0.97765,1.48,0,14.13461453,1.183210005
2004,214,3,104.587,0.46,0,0,0.1,17.225,0.97845,1.3,0,14.13476289,1.18374143
2004,214,4,95.0615,2.461,0.855,0.17,0.105,17.055,0.98045,0.365,0,14.13490164,1.184268291
2004,214,5,84.4125,81.098,29.81,38.11,13.995,16.785,0.9791,0.695,0,14.15167426,1.184790938
2004,214,6,73.4565,379.661,157.93,195.075,56,18.105,0.9771,1.105,0,14.14827833,1.185319638
2004,214,7,62.0755,747.201,316.37,398.5,96.01,21.735,0.8895,1.275,0,14.14819061,1.185869421
2004,214,8,50.678,1050.525,451.93,581.16,132.08,24.335,0.77545,1.415,0,14.14818924,1.186420123
2004,214,9,39.7105,1328.02,574.685,743.165,157.145,25.95,0.7086,2.315,0,14.14818927,1.186952566
2004,214,10,30.0385,1547.923,674.285,873.685,173.925,26.975,0.647,2.615,0,14.14818922,1.187465282
2004,214,11,23.6135,1666.511,730.75,940.33,179.185,28.02,0.5778,1.655,0,14.14818923,1.187957811
2004,214,12,23.303,1665.177,723.835,935.635,179.235,28.335,0.56225,2.4,0,14.14818927,1.188435034
2004,214,13,29.2955,1564.805,677.645,877.155,172.705,28.865,0.5497,2.2,0,14.14818939,1.18890173
2004,214,14,38.7835,1373.192,584.7,760.79,160.215,29.125,0.53845,2.485,0,14.14818972,1.18935802
2004,214,15,49.69,1108.232,464.31,605.715,140.755,29.255,0.53875,3.04,0,14.14818924,1.18980894
2004,214,16,61.0805,745.591,309.165,401.18,104.23,28.96,0.57495,3.005,0,14.14818925,1.190262143
2004,214,17,72.491,397.969,164.53,210.45,64.78,28.205,0.6565,2.88,0,14.14818919,1.19072924
2004,214,18,83.536,99.613,42.05,47.185,15.335,27.095,0.72135,1.27,0,14.1481892,1.191218432
2004,214,19,94.194,2.76,1.055,0.115,0,26.055,0.7511,1.47,0,14.16145735,1.191728285
2004,214,20,103.9075,0.115,0,0,0,24.705,0.80625,2.395,0,14.17510666,1.192255037
2004,214,21,112.107,0.437,0,0,0,23.11,0.8633,2.8,0,14.17565574,1.192796705
2004,214,22,118.247,0.46,0,0,0,22.315,0.8755,2.695,0,14.17582973,1.193345951
2004,214,23,121.642,0.46,0,0,0.01,20.93,0.91885,2.81,0,14.17602022,1.193897435
2004,215,0,121.8055,0.46,0,0,0,20.6,0.9355,1.71,0,14.17622018,1.194448276
2004,215,1,118.7065,0.46,0,0,0,19.87,0.956,1.845,0,14.17641626,1.194997297
2004,215,2,112.8045,0.46,0,0,0,19.48,0.96455,0.64,0,14.17659473,1.195543528
2004,215,3,104.778,0.552,0,0,0.02,19.31,0.9695,2.485,0,14.17674456,1.196087972
2004,215,4,95.229,2.208,0.515,0.025,0.175,19.255,0.96035,2.545,0,14.17688181,1.196631616
2004,215,5,84.56,64.124,26.745,29.635,8.3,18.985,0.95975,1.875,0,14.18923574,1.197173182
2004,215,6,73.5995,315.836,135.325,168.385,49.365,20.77,0.9321,2.665,0,14.18372404,1.197718751
2004,215,7,62.2155,691.863,290.255,373.425,97.395,23.695,0.86055,3.4,0,14.18358193,1.19826734
2004,215,8,50.8225,1025.478,435.145,564.675,133.565,25.685,0.77695,4.055,0,14.18357972,1.198800155
2004,215,9,39.872,1214.032,524.7,680.055,155.51,27.075,0.7126,5.28,0,14.1835797,1.199309572
2004,215,10,30.234,1070.788,462.765,597.705,137.535,27.585,0.72745,5.08,0,14.18357968,1.199801333
2004,215,11,23.857,811.049,349.08,451.595,107.24,27.275,0.71225,5.55,0,14.18357972,1.200291038
2004,215,12,23.555,1361.738,589.95,760.2,162.335,27.12,0.6687,3.085,0,14.18357982,1.200785536
2004,215,13,29.5175,1168.009,506.63,648.69,143.27,28.25,0.62845,1.425,0,14.18358015,1.201269579
2004,215,14,38.974,409.354,178.99,223.13,50.09,27.5,0.67295,1.2,0,14.18357971,1.201749494
2004,215,15,49.864,279.174,122.615,152.82,38.625,27.01,0.7382,2,0,14.18357973,1.202242794
2004,215,16,61.2495,483.966,202.625,258.885,66.105,27.16,0.74005,2.175,0,14.18357974,1.202739533
2004,215,17,72.6635,414.23,166.04,212.455,65.06,27.39,0.7265,1.99,0,14.18357969,1.203232455
2004,215,18,83.712,113.896,45.89,53.555,19.375,26.585,0.74925,1.67,0,14.18357962,1.203731
2004,215,19,94.3825,3.266,1.38,0.35,0.085,25.115,0.79235,1.975,0,14.1944361,1.204248204
2004,215,20,104.1205,0.345,0,0,0,23.58,0.86885,1.86,0,14.2094587,1.204782274
2004,215,21,112.3395,0.391,0,0,0,23.09,0.87705,1.3,0,14.21007958,1.205323605
2004,215,22,118.4975,0.46,0,0,0,21.585,0.9341,1.15,0,14.21025283,1.205869058
2004,215,23,121.902,0.46,0,0,0,20.61,0.97045,1.1,0,14.21044271,1.20641557
2004,216,0,122.061,0.46,0,0,0,20.66,0.97305,0.365,0,14.21064236,1.206961227
2004,216,1,118.948,0.46,0,0,0.005,19.89,0.97525,0.14,0,14.21083819,1.207505556
2004,216,2,113.022,0.46,0,0,0,19.875,0.97725,0.215,0,14.2110166,1.208048136
2004,216,3,104.971,0.506,0,0,0.07,19.025,0.9791,0.09,0,14.21116691,1.208588051
2004,216,4,95.3985,2.346,0.65,0.065,0.08,19.32,0.9805,0.455,0,14.21130586,1.209126087
2004,216,5,84.7075,89.493,31.88,40.58,15.88,18.385,0.9797,0.245,0,14.22873115,1.209660268
2004,216,6,73.743,395.623,165.125,197.425,54.41,20.36,0.9701,0.38,0,14.22578988,1.210196986
2004,216,7,62.3555,677.396,285.165,359.615,88.525,23.45,0.8868,1.14,0,14.22571466,1.210740114
2004,216,8,50.9695,992.404,425.55,542.46,125.045,26.345,0.75415,0.61,0,14.22571351,1.211264165
2004,216,9,40.0345,1276.753,551.08,707.23,152.645,27.615,0.7017,1.32,0,14.22571354,1.211757296
2004,216,10,30.434,1324.455,575.065,741.135,156.745,27.97,0.68575,1.985,0,14.22571347,1.212233909
2004,216,11,24.1015,1475.519,645.65,829.595,171.415,29.09,0.657,1.74,0,14.22571348,1.212693009
2004,216,12,23.814,1207.753,521.815,675.645,146.53,28.845,0.67435,3.38,0,14.2257135,1.213141043
2004,216,13,29.7425,1469.286,635.06,821.045,173.155,29.63,0.64225,2.685,0,14.22571357,1.213581679
2004,216,14,39.171,1039.439,438.845,566.605,126.16,29.675,0.6399,3.305,0,14.22571375,1.214010635
2004,216,15,50.042,1058.989,447.655,580.085,137.45,30.015,0.6394,3.19,0,14.2257135,1.214433883
2004,216,16,61.4235,681.72,284.565,365.82,95.545,30.035,0.66205,3.055,0,14.2257135,1.214851701
2004,216,17,72.84,274.068,116.135,142.055,40.21,29.24,0.728,2.67,0,14.22571338,1.215280992
2004,216,18,83.8915,64.492,26.965,28.45,8.37,27.84,0.8063,2.53,0,14.22571344,1.215739732
2004,216,19,94.615,1.564,0.47,0,0.035,25.81,0.8871,3.05,0,14.22765579,1.21623527
2004,216,20,104.3385,0.46,0,0,0,25.25,0.89605,3.41,0,14.23354599,1.216751807
2004,216,21,112.579,0.46,0,0,0,24.915,0.9004,3.315,0,14.23387653,1.217273776
2004,216,22,118.753,0.46,0,0,0,24.61,0.9151,3.14,0,14.23404737,1.217799443
2004,216,23,122.168,0.46,0,0,0.005,24.595,0.9246,3.63,0,14.23423746,1.218326827
2004,217,0,122.322,0.46,0,0,0,24.755,0.9187,3.62,0.105833333,14.23443714,1.218853408
2004,217,1,119.1905,0.483,0,0,0,24.745,0.92885,3.54,0.105833333,14.23463332,1.219379147
2004,217,2,113.2415,0.644,0,0,0.02,24.655,0.9381,2.87,0.105833333,14.23481713,1.219905406
2004,217,3,105.165,0.851,0,0,0.7,24.205,0.9331,5.115,0.105833333,14.23497882,1.220434419
2004,217,4,95.5685,0.736,0.01,0,0.505,20.865,0.93225,3.955,0.105833333,14.23510137,1.220974484
2004,217,5,84.8565,14.973,5.735,4.175,1.855,20.8,0.95085,3.8,0.105833333,14.2356141,1.221517102
2004,217,6,73.89,104.88,44.405,52.47,13.14,20.8,0.93825,3.205,0.105833333,14.15863085,1.222065072
2004,217,7,62.4975,181.47,79.265,97.32,23.38,21.04,0.93325,2.56,0.105833333,14.15507851,1.222618959
2004,217,8,51.116,1036.817,434.065,560.845,127.09,22.965,0.86565,2.33,0.105833333,14.15502197,1.22317272
2004,217,9,40.2005,1158.027,488.835,630.115,133.695,24.645,0.787,3.035,0.105833333,14.15502122,1.223717984
2004,217,10,30.6365,1288.529,552.895,716.24,149.94,25.895,0.7296,3.815,0.105833333,14.15502128,1.224248022
2004,217,11,24.3515,1382.461,592.43,771.35,158.165,26.475,0.7047,4.99,0.105833333,14.15502152,1.224764687
2004,217,12,24.078,1561.033,666.46,869.495,177.17,26.96,0.69155,5.705,0.105833333,14.15502131,1.225272056
2004,217,13,29.9765,1527.637,643.465,839.675,174.05,26.445,0.7265,6.77,0.105833333,14.15502141,1.225779697
2004,217,14,39.3725,1334.483,558.305,730.495,159.28,26.35,0.69955,6.655,0.105833333,14.15502128,1.226292822
2004,217,15,50.228,815.741,340.82,444.545,108.805,25.01,0.76115,6.45,0.105833333,14.15502137,1.226817127
2004,217,16,61.6025,678.109,279.525,365.035,96.49,24.42,0.75875,6.585,0.105833333,14.15502124,1.227354089
2004,217,17,73.022,392.357,158.215,202.17,60.74,23.595,0.728,7.245,0.105833333,14.1550212,1.227897993
2004,217,18,84.077,66.999,27.695,30.52,9.15,22.1,0.75645,5.675,0.105833333,14.15502106,1.228449318
2004,217,19,94.8165,2.553,0.735,0.045,0.42,20.525,0.7417,5.58,0.105833333,14.15812711,1.22900341
2004,217,20,104.5635,0,0,0,0.195,19.57,0.71665,6.135,0.105833333,14.16467206,1.229553633
2004,217,21,112.8215,0,0,0,0.15,18.53,0.8166,4.765,0.105833333,14.16500649,1.230097044
2004,217,22,119.013,0,0,0,0.12,17.96,0.86845,3.615,0.105833333,14.16515324,1.230633163
2004,217,23,122.438,0.023,0,0,0.045,18.185,0.8487,4.585,0.105833333,14.16531668,1.231167462
2004,218,0,122.587,0.069,0,0,0.245,17.315,0.87405,3.76,0,14.16549056,1.23169798
2004,218,1,119.438,0.46,0,0,0.145,16.115,0.9097,3.095,0,14.16567282,1.232214536
2004,218,2,113.4635,0.46,0,0,0.115,15.64,0.91045,4.3,0,14.16585208,1.232717736
2004,218,3,105.3605,0.46,0,0,0.095,15.46,0.9198,4.23,0,14.16600267,1.233215131
2004,218,4,95.7805,1.932,0.485,0,0.27,15.14,0.9375,3.67,0,14.16613514,1.233707869
2004,218,5,85.003,99.498,38,42.905,16.26,15.32,0.9275,3.76,0,14.19020655,1.234197773
2004,218,6,74.035,399.441,160.045,202.765,63.625,16.395,0.88725,5.4,0,14.18784093,1.234697542
2004,218,7,62.6415,757.137,308.56,407.035,108.58,17.96,0.8072,6.295,0,14.18777747,1.235217594
2004,218,8,51.265,1098.986,457.415,608.915,145.625,19.28,0.7508,7.42,0,14.18777647,1.235754089
2004,218,9,40.37,1298.028,552.62,731.815,161.215,20.285,0.73945,6.965,0,14.18777653,1.236299249
2004,218,10,30.8405,1378.275,600.06,793.22,168.98,21.215,0.6926,6.52,0,14.18777648,1.236848311
2004,218,11,24.6065,1423.999,623.365,822.665,169.27,21.595,0.6205,6.625,0,14.18777645,1.23739838
2004,218,12,24.347,1568.991,689.005,908.015,184.895,21.94,0.56495,7.06,0,14.18777646,1.237948348
2004,218,13,30.214,1523.52,666.43,877.935,180.765,22.09,0.51225,7.16,0,14.18777647,1.238498008
2004,218,14,39.5785,1455.808,631.45,835.925,182.545,22.4,0.49625,6.555,0,14.18777649,1.239047174
2004,218,15,50.4195,1081.897,460.22,613.705,147.68,22.29,0.48435,7.305,0,14.18777653,1.239596086
2004,218,16,61.7875,794.65,332.62,446.28,120.94,21.755,0.49995,7.18,0,14.18777654,1.240145696
2004,218,17,73.209,444.613,184,243.38,79.17,20.985,0.53675,6.685,0,14.18777647,1.24069569
2004,218,18,84.264,114.931,45.125,54.47,23.305,19.08,0.5891,4.08,0,14.18777643,1.241241792
2004,218,19,95.0215,2.53,0.795,0.165,0.565,16.08,0.7015,3.725,0,14.19553384,1.241765711
2004,218,20,104.791,0.023,0,0,0.14,14.51,0.77665,3.585,0,14.20914005,1.242253539
2004,218,21,113.0715,0.046,0,0,0.045,13.205,0.82925,3.165,0,14.20972821,1.242710996
2004,218,22,119.2795,0.046,0,0,0.01,12.45,0.82695,2.35,0,14.20988104,1.243144123
2004,218,23,122.712,0.069,0,0,0.01,11.93,0.8273,1.23,0,14.21004664,1.243560879
2004,219,0,122.858,0.207,0,0,0,10.8,0.88235,1.895,0,14.21022457,1.243954948
2004,219,1,119.688,0.414,0,0,0.02,10.255,0.90065,1.64,0,14.21041067,1.244324655
2004,219,2,113.688,0.46,0,0,0.025,10.095,0.9001,2.82,0,14.21058839,1.244683652
2004,219,3,105.559,0.46,0,0,0.015,10.085,0.9095,3.01,0,14.21073846,1.245040016
2004,219,4,95.956,1.702,0.49,0,0.17,10.46,0.9043,3.325,0,14.210867,1.245401964
2004,219,5,85.153,103.937,39.2,42.92,16.91,10.885,0.89785,3.4,0,14.23332816,1.245774863
2004,219,6,74.1835,407.56,164.665,208.01,65.19,12.815,0.8314,3.115,0,14.23101296,1.246179823
2004,219,7,62.7855,762.933,317.235,420.22,112.395,15.215,0.72735,3.74,0,14.23095211,1.246637766
2004,219,8,51.417,1100.711,466.365,622.28,148.94,17.06,0.65985,3.895,0,14.23095116,1.247136525
2004,219,9,40.5395,1356.517,588.63,781.39,171.785,18.85,0.60195,4.08,0,14.2309512,1.24766017
2004,219,10,31.051,1551.028,682.23,903.525,186.885,20.225,0.5097,4.535,0,14.23095113,1.248197701
2004,219,11,24.8635,1660.531,736.905,973.4,193.5,20.85,0.46665,3.775,0,14.23095115,1.248740118
2004,219,12,24.6205,1683.14,747.58,981.58,191.57,21.62,0.43935,2.58,0,14.23095119,1.249283896
2004,219,13,30.4575,1585.068,697.495,914.94,183.12,22.12,0.4418,2.655,0,14.23095132,1.24982761
2004,219,14,39.7905,1387.521,600.545,791.89,169.605,22.3,0.45835,3.26,0,14.23095128,1.250370749
2004,219,15,50.614,1113.683,472.93,627.64,147.55,22.52,0.4775,3.08,0,14.23095115,1.250913349
2004,219,16,61.9775,792.074,327.62,438.105,116.785,22.455,0.48905,3.435,0,14.23095116,1.251455713
2004,219,17,73.3995,433.964,174.03,226.585,72.615,22.07,0.51175,3.345,0,14.23095115,1.251998708
2004,219,18,84.456,114.379,45.31,54.295,22.275,20.6,0.61175,2.515,0,14.23095104,1.252542343
2004,219,19,95.2715,2.277,1.025,0.22,0.135,17.8,0.7441,2.03,0,14.23684781,1.253076414
2004,219,20,105.0235,0.023,0,0,0,16.795,0.7628,1.995,0,14.24952476,1.253590769
2004,219,21,113.3235,0.046,0,0,0,15.515,0.8168,1.615,0,14.25009948,1.25408754
2004,219,22,119.551,0.115,0,0,0,15.435,0.7988,1.36,0,14.2502534,1.254572843
2004,219,23,122.992,0.276,0,0,0,14.8,0.80765,0.295,0,14.25042591,1.25505148
2004,220,0,123.13,0.414,0,0,0,14.58,0.805,0.505,0,14.25061687,1.255521794
2004,220,1,119.943,0.391,0,0,0,13.22,0.88535,0.79,0,14.25080911,1.255975248
2004,220,2,113.9135,0.46,0,0,0,13.57,0.87045,0.79,0,14.25098566,1.256417396
2004,220,3,105.759,0.46,0,0,0,12.27,0.91895,0.41,0,14.25113582,1.256848022
2004,220,4,96.135,1.771,0.92,0.215,0.095,12,0.934,0.23,0,14.25126528,1.25725887
2004,220,5,85.3005,103.891,39.52,48.365,21.11,12.29,0.9262,0.555,0,14.271866,1.257668845
2004,220,6,74.331,428.421,181.52,223.645,67.47,14.595,0.85445,0.36,0,14.2694897,1.258109246
2004,220,7,62.932,798.721,339.675,441.26,116.71,18.28,0.72215,0.505,0,14.26942833,1.258606468
2004,220,8,51.5685,1043.004,452.33,593.335,141.655,20.44,0.5974,0.9,0,14.26942737,1.259137045
2004,220,9,40.712,1018.624,446.115,581.94,130.83,21.17,0.47705,1.17,0,14.26942744,1.25967465
2004,220,10,31.2625,1591.002,701.91,919.94,190.845,22.09,0.45245,1.195,0,14.26942736,1.260212963
2004,220,11,25.127,1664.004,733.51,963.475,194.025,22.255,0.44265,2.125,0,14.26942737,1.260750676
2004,220,12,24.8985,1400.884,618.815,811.865,168.96,22.595,0.4407,1.98,0,14.26942741,1.261287718
2004,220,13,30.707,1277.535,559.875,730.6,157.455,22.985,0.436,1.99,0,14.26942751,1.261823427
2004,220,14,40.01,869.676,380.36,492.69,112.495,23.12,0.4265,1.725,0,14.26942779,1.262357924
2004,220,15,50.8135,755.205,329.24,431.95,109.27,23.23,0.4349,1.47,0,14.26942738,1.26289177
2004,220,16,62.171,625.255,259.84,335.96,85.36,23.225,0.4407,1.81,0,14.26942739,1.263425322
2004,220,17,73.5975,196.259,81.955,98.31,24.62,22.185,0.5037,1.685,0,14.26942732,1.26396125
2004,220,18,84.6515,112.424,47.63,56.975,21.62,21.565,0.5915,1.61,0,14.26942735,1.264499423
2004,220,19,95.4875,1.748,0.805,0.065,0,20.79,0.5684,2.06,0,14.27345558,1.265037339
2004,220,20,105.263,0.046,0,0,0,18.64,0.7041,1.68,0,14.2850524,1.265568716
2004,220,21,113.5815,0.299,0,0,0,17.445,0.76995,2.025,0,14.28560989,1.266085996
2004,220,22,119.8275,0.069,0,0,0,16.51,0.79275,1.985,0,14.28576905,1.266590322
2004,220,23,123.277,0.46,0,0,0,16.1,0.777,2.575,0,14.2859448,1.267084863
2004,221,0,123.408,0.46,0,0,0,15.015,0.80295,1.655,0,14.28614337,1.267566864
2004,221,1,120.199,0.46,0,0,0,14.365,0.8383,1.73,0,14.28633922,1.268032666
2004,221,2,114.143,0.46,0,0,0,14.2,0.85215,1.58,0,14.28651868,1.268490177
2004,221,3,105.961,0.46,0,0,0,13.635,0.8556,2,0,14.28666796,1.268939839
2004,221,4,96.3135,1.242,0.49,0.005,0.005,13.34,0.85595,1.645,0,14.286789,1.269379899
2004,221,5,85.4905,69.161,27.8,29.81,9.675,13.085,0.8623,1.935,0,14.29953931,1.269812827
2004,221,6,74.481,348.887,142.16,176.9,52.81,14.2,0.8532,1.335,0,14.29468444,1.270255044
2004,221,7,63.08,717.485,303.34,392.795,103.585,17.88,0.7721,1.475,0,14.2945595,1.270742687
2004,221,8,51.7215,1031.688,439.925,575.345,137.935,20.6,0.6673,2.575,0,14.29455755,1.271268517
2004,221,9,40.886,1349.226,582.555,763.195,167.355,22.54,0.56625,3.08,0,14.29455755,1.271802826
2004,221,10,31.4785,1543.093,674.61,881.83,181.685,23.49,0.51965,2.605,0,14.29455752,1.272333784
2004,221,11,25.3935,1686.015,740.9,966.31,193.15,24.185,0.5045,2.38,0,14.29455753,1.272859579
2004,221,12,25.182,1666.741,732.245,955.225,188.55,24.475,0.50385,2.235,0,14.29455756,1.273381208
2004,221,13,30.962,1555.306,675.01,884.335,180.96,25.08,0.49225,2.93,0,14.29455764,1.273898237
2004,221,14,40.234,1367.741,585.205,767.51,166.16,25.52,0.46085,2.975,0,14.29455786,1.274409089
2004,221,15,51.0205,1098.181,458.66,605.99,144.145,25.72,0.46265,3.83,0,14.29455755,1.274915694
2004,221,16,62.3715,755.964,309.535,408.8,110.395,25.705,0.4641,3.775,0,14.29455755,1.275421004
2004,221,17,73.7985,394.91,159.67,206.485,66.29,25.11,0.5121,2.93,0,14.29455747,1.275930438
2004,221,18,84.851,85.721,35.605,39.745,14.195,23.855,0.6055,1.585,0,14.29455753,1.276450377
2004,221,19,95.7475,1.058,0.42,0,0,22.02,0.6876,2.725,0,14.29362768,1.276981435
2004,221,20,105.506,0.115,0,0,0,20.29,0.76045,2.295,0,14.30120457,1.277515255
2004,221,21,113.845,0.322,0,0,0,19.02,0.79345,2.68,0,14.30162255,1.278043496
2004,221,22,120.1075,0.437,0,0,0,18.135,0.8136,2.975,0,14.30178841,1.278563814
2004,221,23,123.566,0.46,0,0,0,17.345,0.85,2.66,0,14.30197619,1.279075539
2004,222,0,123.689,0.46,0,0,0,16.975,0.87855,2.255,0.846666667,14.30217524,1.279580161
2004,222,1,120.459,0.391,0,0,0,16.405,0.9096,1.07,0.846666667,14.3023691,1.280078253
2004,222,2,114.376,0.46,0,0,0,16.445,0.91205,1.415,0.846666667,14.3025456,1.280572434
2004,222,3,106.166,0.46,0,0,0,16.745,0.90415,2.12,0.846666667,14.30269562,1.281069122
2004,222,4,96.493,1.127,0.395,0.06,0.05,16.32,0.9207,1.685,0.846666667,14.30281501,1.281564857
2004,222,5,85.641,71.231,30.67,35.695,9.63,16.285,0.9139,2.22,0.846666667,14.31557325,1.282056254
2004,222,6,74.6335,307.694,130.715,165.16,46.94,17.765,0.89195,2.425,0.846666667,14.31095938,1.282557307
2004,222,7,63.2275,471.385,202.755,258.555,67.305,19.935,0.82505,2.91,0.846666667,14.31084108,1.283078178
2004,222,8,51.8785,806.656,345.55,444.535,108.6,21.73,0.75515,3.585,0.846666667,14.31083924,1.283609503
2004,222,9,41.064,1159.154,499.895,648.31,152.04,24.11,0.66865,4.125,0.846666667,14.31083925,1.28413791
2004,222,10,31.6965,1035,445.445,570.78,133.9,24.96,0.63615,4.31,0.846666667,14.31083921,1.284655147
2004,222,11,25.6635,1500.267,643.07,823.345,180.385,25.79,0.62025,4.985,0.846666667,14.31083922,1.285162705
2004,222,12,25.47,1569.75,669.135,867.07,182.895,26.645,0.5953,6.02,0.846666667,14.31083924,1.285658068
2004,222,13,31.222,1521.266,644.905,842.985,179.44,27.54,0.5866,5.57,0.846666667,14.31083929,1.286138095
2004,222,14,40.462,1199.588,504.67,662.71,151.825,28.02,0.58745,5.67,0.846666667,14.31083944,1.286604232
2004,222,15,51.2305,880.693,366.08,478.25,117.98,28.14,0.59625,5.33,0.846666667,14.31083925,1.287063764
2004,222,16,62.575,632.178,259.775,340.285,93.475,28.03,0.6054,5.615,0.846666667,14.31083926,1.287523184
2004,222,17,74.0025,59.455,24.26,23.9,6.195,26.485,0.6641,4.895,0.846666667,14.31083896,1.287999773
2004,222,18,85.053,7.774,3.06,2.24,2.73,21.345,0.8171,5.085,0.846666667,14.20618417,1.288526437
2004,222,19,95.9775,0.69,0.26,0,0.315,19.76,0.87975,4.025,0.846666667,14.1972524,1.289072762
2004,222,20,105.753,0.46,0,0,0.03,19.765,0.8463,3.35,0.846666667,14.19742266,1.289616604
2004,222,21,114.1135,0.46,0,0,0.02,19.815,0.8883,3.815,0.846666667,14.1975605,1.290160576
2004,222,22,120.3935,0.506,0,0,0.045,20.335,0.9134,4.08,0.846666667,14.19773067,1.290705937
2004,222,23,123.8585,0.46,0,0,0.035,20.07,0.9276,2.18,0.846666667,14.19792422,1.291251861
2004,223,0,123.975,0.46,0,0,0,19.16,0.9429,1.99,0,14.19812467,1.291794637
2004,223,1,120.7215,0.483,0,0,0.015,18.665,0.87405,3.29,0,14.19832198,1.292332427
2004,223,2,114.609,0.46,0,0,0,17.895,0.8766,1.795,0,14.1985021,1.292864316
2004,223,3,106.3695,0.46,0,0,0,16.58,0.90565,1.935,0,14.19865155,1.293383816
2004,223,4,96.673,1.311,0.4,0,0.015,15.635,0.95565,2.4,0,14.19877143,1.293886578
2004,223,5,85.7955,90.666,34.865,36.62,14.235,15.405,0.9414,2.78,0,14.21420911,1.294378282
2004,223,6,74.785,400.384,164.71,205.56,61.16,16.85,0.89,2.855,0,14.21117312,1.294879417
2004,223,7,63.3775,741.267,311.275,404.59,103.16,18.485,0.7994,5.275,0,14.21109624,1.295402529
2004,223,8,52.0355,1094.386,460.215,604.745,140.295,18.985,0.7341,6.095,0,14.21109504,1.295937021
2004,223,9,41.2435,1336.162,571.965,752.62,167.1,19.33,0.7007,6.28,0,14.21109509,1.29647496
2004,223,10,31.917,1365.418,590.785,782.38,174.48,19.87,0.68245,6.34,0,14.21109504,1.297015881
2004,223,11,25.9375,1169.734,508.135,673.04,153.89,20.115,0.6591,7.555,0,14.21109509,1.297558983
2004,223,12,25.7605,1148.114,502.975,667.655,159.225,20.26,0.6538,6.73,0,14.21109524,1.298102978
2004,223,13,31.487,753.181,330.195,437.03,111.73,20.025,0.6637,6.07,0,14.21109521,1.298646775
2004,223,14,40.6965,784.806,342.74,452.155,116.735,19.735,0.67965,6.1,0,14.21109504,1.299189307
2004,223,15,51.446,384.629,168.57,219.34,58.24,18.965,0.6954,5.955,0,14.21109505,1.299728566
2004,223,16,62.784,228.735,100.595,129.67,35.485,18.245,0.72905,5.735,0,14.21109506,1.300261858
2004,223,17,74.214,154.468,68.25,86.52,23.51,17.92,0.7407,4.455,0,14.211095,1.300790002
2004,223,18,85.2585,24.61,10.91,11.17,3.5,17.475,0.78615,3.04,0,14.19565517,1.301314828
2004,223,19,96.211,0.322,0.06,0,0.015,17.125,0.7995,3.525,0,14.15579985,1.301838402
2004,223,20,106.0045,0,0,0,0.06,16.3,0.8075,3.975,0,14.15640949,1.302356254
2004,223,21,114.3845,0.069,0,0,0.045,14.165,0.8766,3.635,0,14.15654373,1.302848402
2004,223,22,120.6835,0.345,0,0,0,13.54,0.90285,3.275,0,14.15669915,1.303312114
2004,223,23,124.156,0.46,0,0,0,14.315,0.88675,2.68,0,14.15688696,1.303777481
2004,224,0,124.2645,0.437,0,0,0,14.09,0.904,2.215,0,14.15708659,1.304248987
2004,224,1,120.988,0.345,0,0,0,13.625,0.91665,2.165,0,14.15727954,1.304712765
2004,224,2,114.8465,0.322,0,0,0,12.565,0.9394,3.01,0,14.15745029,1.30515837
2004,224,3,106.5765,0.46,0,0,0,12.32,0.9338,2.68,0,14.15759335,1.305587477
2004,224,4,96.855,1.127,0.3,0,0.065,11.48,0.9396,2.42,0,14.15770985,1.306001948
2004,224,5,85.987,87.837,35.34,38.275,14.32,10.915,0.9368,1.925,0,14.17091514,1.306395946
2004,224,6,74.937,371.381,151.9,191.44,57.49,12,0.9091,2.3,0,14.16764676,1.306796818
2004,224,7,63.527,728.962,302.39,393.9,103.065,13.945,0.79625,3.97,0,14.16756489,1.307237971
2004,224,8,52.1935,1034.287,434.32,571.865,136.375,15.555,0.7152,5.58,0,14.16756365,1.307719465
2004,224,9,41.425,1175.346,508.075,670.81,158.315,16.945,0.66705,5.5,0,14.16756368,1.308228471
2004,224,10,32.143,1246.324,544.375,722.145,170.625,17.515,0.65165,6.455,0,14.1675636,1.308752185
2004,224,11,26.2155,1370.018,597.545,795.72,186.92,18.18,0.62195,7.875,0,14.16756361,1.309283593
2004,224,12,26.0585,1134.567,494.32,659.705,162.605,18.52,0.5798,8.525,0,14.16756364,1.309820473
2004,224,13,31.7585,1189.33,513.045,683.875,167.095,18.355,0.57035,8.405,0,14.1675637,1.310358231
2004,224,14,40.936,996.475,430.53,574.075,144.965,18.135,0.55295,7.37,0,14.16756386,1.310894047
2004,224,15,51.6675,765.969,328.8,437.02,115.6,17.615,0.56675,7.245,0,14.16756364,1.311425793
2004,224,16,62.9995,537.211,225.34,298.38,83.37,17.495,0.56005,5.795,0,14.16756364,1.311953743
2004,224,17,74.4295,224.986,95.48,123.37,37.85,16.79,0.60695,4.13,0,14.16756358,1.312476254
2004,224,18,85.5075,77.786,36.595,46.225,16.65,16.285,0.6734,2.44,0,14.16756363,1.312990003
2004,224,19,96.449,0.759,0.46,0.08,0.155,14.985,0.75065,2.355,0,14.17919696,1.313487804
2004,224,20,106.262,0.092,0,0,0,13.37,0.7908,2.075,0,14.18837794,1.313955294
2004,224,21,114.6625,0.184,0,0,0,12.105,0.8361,1.2,0,14.18877725,1.314388433
2004,224,22,120.978,0.092,0,0,0,11.71,0.85295,1.465,0,14.18893361,1.314799877
2004,224,23,124.458,0.23,0,0,0,10.425,0.9026,1.86,0,14.18910596,1.315187513
2004,225,0,124.5585,0.23,0,0,0,9.94,0.91,1.925,0,14.18929153,1.315548706
2004,225,1,121.2575,0.391,0,0,0,8.985,0.93705,2.425,0,14.1894764,1.315887076
2004,225,2,115.084,0.46,0,0,0,8.5,0.94775,2.015,0,14.18965202,1.31620177
2004,225,3,106.783,0.46,0,0,0.035,9.1,0.9493,1.34,0,14.18979891,1.31651837
2004,225,4,97.038,0.69,0.04,0,0.17,10.1,0.9443,1.35,0,14.18990886,1.316861112
2004,225,5,86.1415,40.135,17.265,19.185,5.25,10.545,0.93485,1.28,0,14.19563478,1.317226278
2004,225,6,75.0895,169.809,76.425,95.79,24.215,11.13,0.9209,1.915,0,14.17248413,1.317607779
2004,225,7,63.6785,680.639,286.755,371.31,94.615,12.805,0.84935,2.945,0,14.17188884,1.318022366
2004,225,8,52.3545,986.838,423.11,553.47,133.61,14.545,0.71905,3.525,0,14.1718795,1.318479949
2004,225,9,41.609,1214.653,525.19,690.805,159.13,15.38,0.6556,3.815,0,14.1718795,1.31896538
2004,225,10,32.3695,431.71,188.87,251.02,64.92,15.285,0.6674,3.915,0,14.17187937,1.319458012
2004,225,11,26.497,261.901,112.825,146.595,39.59,15.015,0.70595,2.53,0,14.1718794,1.31994717
2004,225,12,26.3625,597.977,261.745,344.315,89.06,15.745,0.65565,3.665,0,14.17187946,1.32044063
2004,225,13,32.034,276.966,117.64,154.07,41.41,15.275,0.68355,3.665,0,14.17187966,1.320936523
2004,225,14,41.182,228.16,97.11,125.085,33.56,15.185,0.6968,3.94,0,14.17187943,1.321427218
2004,225,15,51.8945,225.653,96.88,125.265,34.015,14.57,0.7091,5.175,0,14.1718795,1.321910998
2004,225,16,63.218,236.026,99.61,125.95,31.565,14.43,0.71505,4.17,0,14.17187941,1.322387086
2004,225,17,74.6485,191.061,82.58,107.195,30.44,14.19,0.73415,4.715,0,14.17187938,1.322859137
2004,225,18,85.722,66.654,29.875,37.19,11.85,13.67,0.7781,3.535,0,14.1718794,1.323322818
2004,225,19,96.6925,0.299,0.14,0,0.015,13.005,0.8578,1.245,0,14.17689715,1.323772447
2004,225,20,106.5245,0.023,0,0,0.06,12.92,0.8922,0.51,0,14.18333373,1.324212329
2004,225,21,114.9435,0.322,0,0,0.01,12.84,0.90605,1.46,0,14.1836588,1.324649776
2004,225,22,121.2785,0.391,0,0,0,12.655,0.92,1.79,0,14.18382403,1.325083861
2004,225,23,124.764,0.138,0,0,0,12.505,0.9292,1.705,0,14.18400356,1.325513655
2004,226,0,124.853,0.138,0,0,0,12.45,0.92685,1.42,0,14.18418354,1.325940785
2004,226,1,121.528,0.391,0,0,0,12.35,0.92875,1.425,0,14.18436584,1.326365876
2004,226,2,115.3235,0.299,0,0,0,12.145,0.92945,2.42,0,14.18453793,1.326786933
2004,226,3,106.9935,0.437,0,0,0,11.15,0.944,2.41,0,14.18468135,1.327191584
2004,226,4,97.2215,0.897,0.23,0,0.005,9.795,0.95945,2.51,0,14.18479486,1.327561942
2004,226,5,86.296,58.811,22.36,22.6,6.97,9.265,0.96185,2.12,0,14.19428561,1.327902526
2004,226,6,75.245,358.363,147.71,184.375,57.51,10.965,0.917,3.07,0,14.18718469,1.328261276
2004,226,7,63.8325,729.997,307.265,399.905,106.055,13.28,0.81945,3.145,0,14.18700127,1.328678213
2004,226,8,52.515,1068.833,463.345,603.485,141.7,15.73,0.731,2.115,0,14.18699841,1.329151916
2004,226,9,41.794,1345.799,593.61,772.54,166.215,17.84,0.65035,2.35,0,14.18699835,1.329666325
2004,226,10,32.6005,1255.225,557.03,728.86,157.4,19.16,0.5526,3.07,0,14.18699836,1.330201806
2004,226,11,26.7825,749.593,333.65,440.505,108.435,19.325,0.5199,3.285,0,14.18699839,1.330743743
2004,226,12,26.6665,541.42,243.02,323.555,83.545,19.29,0.51925,3.355,0,14.18699848,1.331286148
2004,226,13,32.314,595.194,265.78,348.12,89.375,19.535,0.50555,3.385,0,14.18699877,1.331829269
2004,226,14,41.4305,627.279,280.3,368.86,95.635,19.915,0.4361,2.475,0,14.18699839,1.332374327
2004,226,15,52.125,897.368,387.49,509.465,128.505,20.935,0.4003,1.875,0,14.18699843,1.332922506
2004,226,16,63.44,462.254,189.18,247.33,66.335,20.285,0.4847,2.165,0,14.18699843,1.333471361
2004,226,17,74.8735,158.263,70.01,86.945,22.52,19.045,0.6165,1.54,0,14.18699838,1.334015886
2004,226,18,85.9795,31.441,15.76,17.235,6.21,18.455,0.6951,0.965,0,14.18298579,1.33455411
2004,226,19,96.9405,0.552,0.27,0,0,17.54,0.7134,0.745,0,14.15093987,1.335087241
2004,226,20,106.7895,0.069,0,0,0,16.055,0.73165,2.18,0,14.15195619,1.335606779
2004,226,21,115.2305,0.023,0,0,0,14.76,0.77375,1.135,0,14.15210337,1.336103109
2004,226,22,121.5795,0.023,0,0,0,13.45,0.83595,1.12,0,14.15225035,1.336572865
2004,226,23,125.074,0.161,0,0,0,12.26,0.8949,1.015,0,14.15241914,1.337013017
2004,227,0,125.1525,0.115,0,0,0,11.285,0.92835,1.235,0,14.15259974,1.337424479
2004,227,1,121.802,0.414,0,0,0,10.635,0.94425,0.205,0,14.15278214,1.337812659
2004,227,2,115.5635,0.46,0,0,0,10.34,0.96115,0.13,0,14.15295859,1.338186639
2004,227,3,107.2035,0.322,0,0,0,9.58,0.97215,0.59,0,14.15310424,1.338544156
2004,227,4,97.4075,0.736,0.2,0,0.005,8.995,0.97915,1.115,0,14.15321231,1.338879975
2004,227,5,86.489,66.309,25.225,30.26,13.18,9.085,0.9832,1.005,0,14.16315891,1.339207202
2004,227,6,75.3995,358.064,152.455,186.965,55.38,10.32,0.9619,1.36,0,14.15767903,1.339555787
2004,227,7,63.9855,628.705,269.54,346.235,90.385,13.915,0.83885,1.865,0,14.15753896,1.339975003
2004,227,8,52.6795,1046.155,455.09,591.95,139.665,16.715,0.7323,1.735,0,14.15753679,1.34046821
2004,227,9,41.9835,1326.709,583.265,761.16,165.07,18.65,0.6426,2.105,0,14.15753677,1.340998605
2004,227,10,32.833,1509.352,670.395,874.73,180.495,20.02,0.56505,1.98,0,14.15753675,1.341545045
2004,227,11,27.071,1315.048,582.635,763.885,162.64,20.57,0.50045,2.115,0,14.15753678,1.342096965
2004,227,12,26.9775,1272.498,564.58,742.01,162.48,21.065,0.44115,2.485,0,14.15753685,1.342650517
2004,227,13,32.6,1119.985,496.79,651.445,151.425,21.395,0.43915,2.095,0,14.15753709,1.343204739
2004,227,14,41.685,736.069,321.075,424.665,106.815,20.84,0.49405,3.775,0,14.15753679,1.343758811
2004,227,15,52.3595,906.223,395.06,529.88,139.86,20.99,0.49385,4.025,0,14.15753683,1.344312598
2004,227,16,63.6685,694.623,295.425,394.94,111.975,21.045,0.4762,3.23,0,14.15753684,1.344866569
2004,227,17,75.1025,287.477,123.355,158.4,48.075,20.59,0.5029,2.35,0,14.15753676,1.345420127
2004,227,18,86.202,58.627,26.02,29.845,11.095,19.47,0.5843,1.865,0,14.15753644,1.345970758
2004,227,19,97.189,0.437,0.235,0,0,17.765,0.66815,2.085,0,14.16238365,1.346510901
2004,227,20,107.059,0.023,0,0,0,15.55,0.7742,2.645,0,14.16768707,1.347026255
2004,227,21,115.521,0.23,0,0,0,13.905,0.84365,2,0,14.1679684,1.347507246
2004,227,22,121.8885,0.368,0,0,0,13.53,0.85325,2.205,0,14.16813049,1.347966559
2004,227,23,125.3885,0.276,0,0,0,12.11,0.8999,2.525,0,14.16831323,1.348404004
2004,228,0,125.456,0.345,0,0,0,12.145,0.9103,2.055,0,14.16850339,1.348823585
2004,228,1,122.0795,0.46,0,0,0.005,11.105,0.93265,2.17,0,14.16869504,1.349229255
2004,228,2,115.8075,0.437,0,0,0.005,9.8,0.9574,2.365,0,14.16887271,1.349600527
2004,228,3,107.415,0.437,0,0,0.01,9.535,0.96135,1.585,0,14.16901944,1.349947349
2004,228,4,97.593,0.713,0.13,0,0.075,10.03,0.94245,2.47,0,14.16912968,1.35029782
2004,228,5,86.648,65.366,26.595,30.155,13.415,9.65,0.93655,2.465,0,14.17825493,1.350649716
2004,228,6,75.5545,353.05,148.5,186.96,59.025,10.86,0.9146,1.845,0,14.17255188,1.351014332
2004,228,7,64.1415,717.899,305.055,396.335,105.68,14.725,0.8476,2.36,0,14.17240683,1.351449316
2004,228,8,52.8455,1060.99,455.4,599.2,143.19,17.175,0.78695,3.735,0,14.17240458,1.351952237
2004,228,9,42.175,1354.585,592.325,778.745,173.21,18.86,0.7086,4.295,0,14.17240456,1.35248461
2004,228,10,33.07,1534.077,681.845,897.46,195.375,19.875,0.6339,4.03,0,14.17240455,1.353029328
2004,228,11,27.364,1546.267,687.43,903.57,192.575,20.79,0.57075,3.21,0,14.17240456,1.353579243
2004,228,12,27.29,1370.248,608.495,796.55,169.12,21.415,0.52455,2.735,0,14.17240454,1.354131199
2004,228,13,32.89,1040.152,457.15,595.46,133.45,22.04,0.4707,2.27,0,14.17240455,1.354683329
2004,228,14,41.9455,703.869,308.59,397.28,94.66,22.28,0.4647,1.735,0,14.17240456,1.355234863
2004,228,15,52.5995,1092.132,472.025,624.905,157.705,23.42,0.4304,1.52,0,14.17240458,1.355783886
2004,228,16,63.899,757.85,326.635,436.46,124.21,23.505,0.42925,1.405,0,14.17240459,1.356329654
2004,228,17,75.333,366.666,165.62,223.02,76.29,23.05,0.4516,1.58,0,14.17240454,1.356876569
2004,228,18,86.4655,65.941,29.265,33.445,13.265,21.425,0.54285,1.47,0,14.17240445,1.357427558
2004,228,19,97.446,0.299,0.095,0,0,18.945,0.6589,1.63,0,14.17877451,1.357975721
2004,228,20,107.334,0,0,0,0,18.405,0.6637,1.23,0,14.18526934,1.358513694
2004,228,21,115.816,0.276,0,0,0,17.835,0.64965,1.475,0,14.18559114,1.359045724
2004,228,22,122.2,0.299,0,0,0,16.865,0.68585,1.43,0,14.18575322,1.359568527
2004,228,23,125.7065,0.391,0,0,0,14.835,0.80085,2.395,0,14.18593643,1.360068232
2004,229,0,125.762,0.299,0,0,0,13.24,0.87555,1.23,0,14.18612951,1.360532386
2004,229,1,122.358,0.437,0,0,0,12.535,0.9018,0.76,0,14.18631859,1.360969666
2004,229,2,116.052,0.46,0,0,0,12.315,0.91225,0.8,0,14.18649589,1.361395173
2004,229,3,107.628,0.414,0,0,0,12.545,0.9099,1.385,0,14.18664308,1.361820792
2004,229,4,97.7795,0.621,0.13,0,0.005,11.95,0.92175,2.085,0,14.18675185,1.362241576
2004,229,5,86.805,66.263,27.75,31.65,11.49,10.63,0.94435,1.59,0,14.19580911,1.362635397
2004,229,6,75.712,361.767,152.895,191.56,59.95,12.995,0.8958,0.75,0,14.19023738,1.363043305
2004,229,7,64.297,576.426,245.72,315.83,83.825,16.115,0.8201,0.77,0,14.19009602,1.363517255
2004,229,8,53.012,990.173,427.76,559.39,135.215,19.315,0.6855,1.635,0,14.19009383,1.364042851
2004,229,9,42.3675,1325.812,579.155,760.075,168.965,21.585,0.52985,3.135,0,14.19009381,1.364590129
2004,229,10,33.31,1537.504,678.26,890.76,188.13,22.515,0.4085,3.695,0,14.19009379,1.365139282
2004,229,11,27.6605,1595.004,706.8,929.445,194.93,23.09,0.37515,3.435,0,14.19009382,1.365686175
2004,229,12,27.6105,1619.683,714.9,942.4,201.86,23.635,0.36205,3.575,0,14.1900939,1.366230084
2004,229,13,33.1855,1454.75,635.25,841.135,189.35,24.015,0.35345,3.69,0,14.19009417,1.366770729
2004,229,14,42.209,1248.325,536.72,713.435,169.22,24.36,0.358,3.72,0,14.19009382,1.367308282
2004,229,15,52.845,918.068,391.88,521.27,135.095,24.39,0.37725,3.06,0,14.19009386,1.367844069
2004,229,16,64.137,638.296,263.77,352.48,101.86,24.28,0.3913,2.945,0,14.19009386,1.368380245
2004,229,17,75.5705,337.939,138.135,178.07,61.675,23.84,0.4337,2.375,0,14.1900938,1.368918928
2004,229,18,86.6975,54.924,23.985,25.295,10.05,22.065,0.5388,2.54,0,14.19009287,1.369464724
2004,229,19,97.705,0.253,0.07,0,0,19.915,0.6247,3.185,0,14.1904292,1.37001342
2004,229,20,107.6095,0,0,0,0,17.94,0.6932,3.21,0,14.19481129,1.370551643
2004,229,21,116.1145,0,0,0,0,15.715,0.7821,3.05,0,14.19506321,1.37106556
2004,229,22,122.515,0.253,0,0,0,14.735,0.81005,3.35,0,14.19521568,1.371553139
2004,229,23,126.029,0.092,0,0,0,14.805,0.7958,2.79,0,14.19538965,1.372031915
2004,230,0,126.071,0.345,0,0,0,14.42,0.8098,2.78,0,14.19557298,1.372507448
2004,230,1,122.6385,0.437,0,0,0,14.215,0.81275,2.615,0,14.19576369,1.372976792
2004,230,2,116.2985,0.322,0,0,0,15.57,0.75115,2.985,0,14.19593756,1.373457745
2004,230,3,107.84,0.161,0,0,0,16.04,0.7349,3.24,0,14.19607657,1.373955817
2004,230,4,97.966,0.253,0.01,0,0,16.385,0.72405,3.215,0,14.19617487,1.374460722
2004,230,5,87.002,24.357,10.15,9.805,2.905,16.365,0.7368,2.96,0,14.19913795,1.374968037
2004,230,6,75.8705,159.275,67.8,84.215,22.365,16.85,0.73945,3.46,0,14.13484678,1.375482939
2004,230,7,64.4545,484.909,206.545,263.4,68.895,18.845,0.7017,4.145,0,14.13292818,1.37601843
2004,230,8,53.18,861.672,368.47,478.875,119.015,20.51,0.671,4.88,0,14.13289778,1.376570371
2004,230,9,42.5635,1219.644,527.905,690.43,163.46,22.255,0.66245,4.92,0,14.13289739,1.377127724
2004,230,10,33.553,1423.263,614.21,800.81,175.255,23.64,0.67485,4.575,0,14.13289748,1.377681688
2004,230,11,27.9595,1578.421,681.055,891.64,191.96,25.13,0.6572,4.89,0,14.13289781,1.378224863
2004,230,12,27.931,1317.256,565.79,741.37,171.725,25.84,0.64095,5.045,0,14.13289743,1.378755088
2004,230,13,33.484,1148.758,491.585,643.265,151.91,26.36,0.623,5.38,0,14.13289754,1.379276037
2004,230,14,42.4785,627.003,268.895,348.135,88.7,26.905,0.5926,5.235,0,14.13289784,1.379787788
2004,230,15,53.0945,690.828,292.265,381.675,101.52,27.28,0.58295,5.4,0,14.13289741,1.380290766
2004,230,16,64.3775,510.416,211.02,275.295,77.135,27.245,0.58785,5.585,0,14.13289741,1.380790313
2004,230,17,75.811,177.031,76.45,95.59,27.165,26.065,0.64375,4.275,0,14.13289735,1.381301481
2004,230,18,86.9685,40.94,17.415,17.97,5.55,24.405,0.7266,3.34,0,14.13269887,1.381834764
2004,230,19,97.968,0.092,0.015,0,0,22.345,0.81365,2.94,0,14.11981703,1.38238687
2004,230,20,107.892,0,0,0,0,21.885,0.8289,2.935,0,14.12196311,1.38294567
2004,230,21,116.416,0,0,0,0,21.275,0.85135,4.035,0,14.12214259,1.383504915
2004,230,22,122.8365,0,0,0,0.005,21.195,0.86245,3.34,0,14.12228851,1.384064081
2004,230,23,126.3535,0.069,0,0,0.005,20.465,0.8855,2.31,0,14.122454,1.384622521
2004,231,0,126.386,0.46,0,0,0,20.065,0.89815,1.315,0,14.12264035,1.385179199
2004,231,1,122.9235,0.46,0,0,0,19.14,0.9317,1.38,0,14.12283662,1.385732338
2004,231,2,116.5465,0.46,0,0,0.01,18.595,0.9564,1.97,0,14.12301585,1.386280092
2004,231,3,108.055,0.46,0,0,0.005,17.71,0.96535,1.915,0,14.12316462,1.386820852
2004,231,4,98.1535,0.69,0.03,0,0.025,16.845,0.97855,2.535,0,14.12327607,1.387351021
2004,231,5,87.1615,46.897,21.755,24.92,7.14,17.295,0.9807,2.005,0,14.13308756,1.387877762
2004,231,6,76.029,91.103,40.47,48.845,12.99,18.06,0.9811,2.745,0,14.12027769,1.388412615
2004,231,7,64.6125,283.084,124.625,161.325,42.84,18.86,0.9822,2.61,0,14.11993092,1.388956961
2004,231,8,53.3515,663.711,289.4,377.18,98.035,21.17,0.93625,2.925,0,14.11992542,1.389512179
2004,231,9,42.76,708.423,305.035,394.345,96.425,23.32,0.8254,4.305,0,14.11992536,1.390070182
2004,231,10,33.799,1073.065,463.665,604.255,144,24.8,0.75115,5.245,0,14.11992546,1.390618197
2004,231,11,28.262,1062.209,461.01,601.78,145.595,25.78,0.6935,5.025,0,14.11992535,1.391152736
2004,231,12,28.258,1347.754,578.73,760.15,174.36,27.005,0.6017,5.015,0,14.11992536,1.391670242
2004,231,13,33.7885,910.524,390.805,510.55,125.905,27.25,0.60115,4.49,0,14.11992539,1.392174155
2004,231,14,42.752,835.958,358.515,466.105,116.09,27.265,0.62835,2.935,0,14.11992547,1.39267542
2004,231,15,53.348,856.428,367.29,477.785,122.73,27.84,0.60995,1.915,0,14.11992564,1.393170367
2004,231,16,64.623,596.804,253.615,327.6,91.36,28.285,0.58805,1.195,0,14.11992537,1.393653714
2004,231,17,76.0555,277.587,115.6,143.14,47.22,27.45,0.64605,2.175,0,14.11992536,1.394141543
2004,231,18,87.2085,21.022,8.045,5.88,2.035,25.15,0.7677,3.975,0,14.10725585,1.394660879
2004,231,19,98.236,0.092,0,0,0.095,23.59,0.8405,4.395,0,14.06346714,1.39521059
2004,231,20,108.1785,0,0,0,0.03,22.985,0.8297,4.405,0,14.06405178,1.395772342
2004,231,21,116.7235,0.046,0,0,0.01,23.545,0.78225,4.795,0,14.06418379,1.396334192
2004,231,22,123.16,0.207,0,0,0.395,22.415,0.76565,4.935,0,14.06433517,1.396897492
2004,231,23,126.6835,0.46,0,0,0,21.075,0.80255,1.84,0,14.06451734,1.39746438
2004,232,0,126.7005,0.46,0,0,0,20.58,0.8186,2.25,0.052916667,14.06471895,1.398030801
2004,232,1,123.2085,0.46,0,0,0,20.015,0.84615,2.185,0.052916667,14.06491621,1.398595509
2004,232,2,116.796,0.46,0,0,0,19.31,0.89865,2.425,0.052916667,14.06509582,1.39915694
2004,232,3,108.2705,0.46,0,0,0,18.74,0.91545,2.32,0.052916667,14.06524515,1.399713814
2004,232,4,98.342,0.529,0.03,0,0,18.765,0.9117,2.22,0.052916667,14.06535452,1.400268367
2004,232,5,87.321,44.413,19,21.025,5.975,18.07,0.9385,2.375,0.052916667,14.07666364,1.400818895
2004,232,6,76.1875,189.129,85.675,107.325,29.455,18.955,0.94865,1.9,0.052916667,14.06186622,1.40137056
2004,232,7,64.773,351.417,154.47,193.095,47.965,20.305,0.9183,3.115,0.052916667,14.0614593,1.401932063
2004,232,8,53.5205,393.3,175.05,224.055,57.765,21.145,0.88035,3.075,0.052916667,14.06145282,1.402498599
2004,232,9,42.9605,354.384,154.44,198.085,51.07,21.405,0.8635,2.37,0.052916667,14.06145271,1.403066158
2004,232,10,34.0475,343.551,147.97,191.325,50.56,21.34,0.86315,2.695,0.052916667,14.06145274,1.403633784
2004,232,11,28.568,507.656,217.35,284.825,74.74,20.42,0.87005,4.165,0.052916667,14.06145279,1.404200667
2004,232,12,28.589,635.881,272.045,356.445,89.35,19.655,0.869,4.135,0.052916667,14.06145297,1.404764634
2004,232,13,34.0975,712.609,310.73,403.755,101.425,19.975,0.86015,3.755,0.052916667,14.06145286,1.405327496
2004,232,14,43.031,461.702,200.075,259.16,66.625,20.14,0.85485,2.99,0.052916667,14.06145275,1.405891637
2004,232,15,53.6055,332.58,145.42,187.28,48.295,20.395,0.8445,2.39,0.052916667,14.06145278,1.406456715
2004,232,16,64.8725,273.148,119.17,151.93,38.365,20.17,0.86745,1.98,0.052916667,14.06145279,1.407021858
2004,232,17,76.305,137.908,62.53,79.285,22.66,20.17,0.8533,2.455,0.052916667,14.06145274,1.407586526
2004,232,18,87.45,23.115,10.655,10.77,2.94,19.795,0.87615,0.49,0.052916667,14.04225166,1.408151578
2004,232,19,98.506,0.322,0.03,0,0,19.255,0.90625,1.325,0.052916667,14.00888274,1.408717462
2004,232,20,108.468,0.345,0,0,0,18.505,0.93265,1.28,0.052916667,14.00949029,1.409280527
2004,232,21,117.033,0.46,0,0,0.03,17.815,0.9524,1.44,0.052916667,14.00963832,1.409836427
2004,232,22,123.488,0.46,0,0,0,17.51,0.95965,1.29,0.052916667,14.00980847,1.410386477
2004,232,23,127.016,0.46,0,0,0,17.8,0.9534,1.09,0.052916667,14.01000087,1.41093641
2004,233,0,127.019,0.46,0,0,0.065,17.79,0.94435,1.55,0.370416667,14.01020254,1.411488064
2004,233,1,123.496,0.46,0,0,0.01,17.7,0.94335,1.17,0.370416667,14.01040028,1.412039079
2004,233,2,117.047,0.46,0,0,0.045,17.08,0.96555,1.91,0.370416667,14.01057999,1.412585447
2004,233,3,108.4865,0.46,0,0,0.17,17.035,0.9672,2.3,0.370416667,14.01072943,1.413127209
2004,233,4,98.5315,0.46,0,0,0.345,16.28,0.9433,4.2,0.370416667,14.01083808,1.413662865
2004,233,5,87.518,6.624,2.23,0.995,0.975,15.755,0.9457,4.235,0.370416667,14.01096113,1.414187924
2004,233,6,76.3475,35.305,14.035,14.315,4.275,15.42,0.9394,4.65,0.370416667,13.94496196,1.414709157
2004,233,7,64.933,60.697,23.285,25.785,6.52,15.155,0.9514,4.845,0.370416667,13.866521,1.415233076
2004,233,8,53.6945,92.161,35.425,42.1,10.45,14.515,0.9571,4.29,0.370416667,13.86492275,1.415752119
2004,233,9,43.162,279.45,110.06,139.725,33.415,14.005,0.95,4.975,0.370416667,13.86490117,1.416258384
2004,233,10,34.3,296.056,118.585,151.675,37.025,14.35,0.95775,4.48,0.370416667,13.86490094,1.416762741
2004,233,11,28.8785,395.554,158.195,203.93,49.47,15.17,0.9525,4.72,0.370416667,13.86490114,1.417280218
2004,233,12,28.921,618.24,256.665,334.03,80.685,16.14,0.9388,4.02,0.370416667,13.86490104,1.417816022
2004,233,13,34.4095,824.688,357.115,459.885,109.765,18.56,0.87635,3.81,0.370416667,13.86490091,1.418379363
2004,233,14,43.312,312.225,131.35,166.88,41.875,18.145,0.8787,5.735,0.370416667,13.86490095,1.418955886
2004,233,15,53.869,156.032,64.595,80.935,21.195,16.215,0.91725,5.83,0.370416667,13.86490102,1.419517085
2004,233,16,65.1245,527.321,222.155,288.07,78.385,17.43,0.86655,4.19,0.370416667,13.86490094,1.420073182
2004,233,17,76.5565,272.021,112.215,143.99,43.385,18.105,0.85185,2.705,0.370416667,13.86490091,1.420642804
2004,233,18,87.735,21.919,9.13,8.87,2.615,17.425,0.8785,2.235,0.370416667,13.85413002,1.421213058
2004,233,19,98.781,0.115,0.05,0,0.005,16.365,0.9196,1.595,0.370416667,13.8163217,1.421773889
2004,233,20,108.7605,0.023,0,0,0,14.81,0.9551,1.78,0.370416667,13.81698686,1.422313764
2004,233,21,117.3485,0.092,0,0,0.015,13.79,0.9727,1.37,0.370416667,13.81712005,1.422826096
2004,233,22,123.8195,0.46,0,0,0,13,0.98415,1.185,0.370416667,13.81727809,1.423316191
2004,233,23,127.353,0.46,0,0,0,11.76,0.98625,0.71,0.370416667,13.81747024,1.423778571
2004,234,0,127.34,0.46,0,0,0.01,11.14,0.9886,0.635,0,13.81767341,1.424213457
2004,234,1,123.7865,0.46,0,0,0.03,10.875,0.9892,0.185,0,13.81787273,1.424634489
2004,234,2,117.2975,0.46,0,0,0,10.91,0.99105,0.345,0,13.81805543,1.425051832
2004,234,3,108.7035,0.46,0,0,0.005,10.43,0.9905,0.89,0,13.81820796,1.425461935
2004,234,4,98.721,0.552,0.04,0,0,9.595,0.99105,1.08,0,13.8183214,1.425850054
2004,234,5,87.682,47.311,18.06,21.05,8.845,9.655,0.99175,1.115,0,13.84609817,1.426223763
2004,234,6,76.5075,308.591,130.555,158.7,47.49,11.535,0.99155,1.145,0,13.83745452,1.426629065
2004,234,7,65.095,651.498,280.65,357.565,94.135,14.755,0.9559,1.945,0,13.83715532,1.427109473
2004,234,8,53.87,985.205,426.585,555.025,130.945,17.51,0.8686,1.815,0,13.83715033,1.42765653
2004,234,9,43.367,1246.232,550.25,718.635,156.76,19.975,0.76905,1.6,0,13.83715025,1.428239671
2004,234,10,34.5535,1450.449,641.87,840.73,175.24,21.54,0.69305,2.025,0,13.83715028,1.428835651
2004,234,11,29.1905,1498.174,662.9,872.025,182.89,22.43,0.6538,2.75,0,13.83715039,1.429432431
2004,234,12,29.2575,1484.65,654.27,863.82,184.25,23.075,0.60115,2.725,0,13.83715076,1.430026843
2004,234,13,34.7265,1499.508,658.37,875.275,197.48,23.835,0.54065,2.64,0,13.83715029,1.430617099
2004,234,14,43.5995,1284.044,553.41,736.755,173.245,24.09,0.53545,2.665,0,13.83715035,1.431203298
2004,234,15,54.1345,933.225,395.655,528.08,134.445,24.22,0.5343,2.085,0,13.83715048,1.43178768
2004,234,16,65.383,621.207,259.895,345.415,98.22,24.21,0.54565,1.87,0,13.83715028,1.432371467
2004,234,17,76.813,283.199,116.815,150.06,51.515,23.335,0.5996,2.17,0,13.83715027,1.432959218
2004,234,18,87.9825,41.584,18.56,18.365,6.715,21.885,0.69865,1.09,0,13.8370682,1.43355399
2004,234,19,99.0585,0.092,0.02,0,0,20.74,0.71405,1.08,0,13.83509027,1.434151193
2004,234,20,109.0575,0.092,0,0,0,19.285,0.7826,0.22,0,13.83777607,1.434744378
2004,234,21,117.664,0,0,0,0,18.015,0.85035,0.945,0,13.83796412,1.435327151
2004,234,22,124.155,0.138,0,0,0,16.7,0.8993,1.27,0,13.83811344,1.435894418
2004,234,23,127.693,0.253,0,0,0,16.31,0.90825,1.03,0,13.83828905,1.436448741
2004,235,0,127.665,0.437,0,0,0,15.255,0.9359,2.065,0,13.83848309,1.436990034
2004,235,1,124.0765,0.437,0,0,0,14.28,0.96565,2.245,0,13.83868057,1.437510588
2004,235,2,117.5505,0.46,0,0,0,13.77,0.98,1.355,0,13.83886165,1.438014149
2004,235,3,108.921,0.46,0,0,0,13.545,0.98495,1.69,0,13.83901374,1.438508707
2004,235,4,98.9105,0.552,0.03,0,0.025,13.215,0.98755,2.35,0,13.8391264,1.438996196
2004,235,5,87.8425,39.123,15.725,18.3,7.78,12.97,0.9718,2.825,0,13.86288913,1.439474943
2004,235,6,76.67,261.832,114.25,140.13,42.61,13.97,0.9462,1.79,0,13.84650354,1.439963004
2004,235,7,65.2595,601.151,258.06,331.395,90.64,17.77,0.8719,2.845,0,13.84593863,1.440503361
2004,235,8,54.047,940.838,408.43,537.33,132.13,20.62,0.75625,3.885,0,13.84592919,1.44108908
2004,235,9,43.5745,1227.533,536.805,708.715,161.27,22.425,0.66665,4.96,0,13.8459293,1.441684792
2004,235,10,34.8115,1452.795,635.77,841.195,181.035,23.535,0.61475,4.905,0,13.84592907,1.442276825
2004,235,11,29.5075,1558.756,681.3,903.65,189.87,24.47,0.5795,4.4,0,13.8459291,1.442861427
2004,235,12,29.598,1572.924,681.855,906.815,191.68,25.27,0.5446,4.19,0,13.84592922,1.443436601
2004,235,13,35.047,1477.98,630.625,844.44,186.185,25.815,0.51715,5.115,0,13.84592958,1.444002494
2004,235,14,43.8895,1282.825,537.19,724.95,170.36,26.27,0.4925,5.435,0,13.8459291,1.444560311
2004,235,15,54.4065,1004.318,412.99,559.965,143.105,26.6,0.4813,5.04,0,13.84592912,1.445111101
2004,235,16,65.644,660.905,266.46,358.73,104.665,26.66,0.45365,4.53,0,13.84592915,1.44565818
2004,235,17,77.073,301.829,121.11,152.505,54.55,25.83,0.53165,2.63,0,13.84592908,1.446212359
2004,235,18,88.275,43.24,17.6,17.955,8.425,23.28,0.67365,3.27,0,13.84588404,1.446790368
2004,235,19,99.3415,0.069,0,0,0,20.68,0.7758,2.9,0,13.84525368,1.447385177
2004,235,20,109.358,0.092,0,0,0,19.345,0.8187,2.655,0,13.84819925,1.447977102
2004,235,21,117.986,0.23,0,0,0,17.78,0.871,1.435,0,13.84839916,1.448557584
2004,235,22,124.4935,0.184,0,0,0,17.47,0.8649,1.95,0,13.84855571,1.449127437
2004,235,23,128.036,0.322,0,0,0,17.25,0.86405,1.85,0,13.84873454,1.44969367
2004,236,0,127.991,0.46,0,0,0,16.74,0.87785,1.895,0,13.84893171,1.450254525
2004,236,1,124.3705,0.46,0,0,0,16.65,0.88465,1.925,0,13.84913109,1.450810695
2004,236,2,117.805,0.46,0,0,0,16.285,0.9013,2.56,0,13.84931281,1.451363082
2004,236,3,109.1395,0.46,0,0,0,15.78,0.9209,2.755,0,13.84946524,1.451907833
2004,236,4,99.103,0.529,0.035,0,0,15.35,0.9355,2.595,0,13.84957783,1.452443769
2004,236,5,88.004,48.392,19.59,21.485,7.515,15.58,0.93515,2.335,0,13.87589766,1.452976227
2004,236,6,76.8335,307.119,122.805,151.18,46.765,17.56,0.9099,2.235,0,13.86744956,1.453527153
2004,236,7,65.4225,637.008,265.68,339.26,92.48,20.415,0.8706,2.61,0,13.86716644,1.454108444
2004,236,8,54.2245,962.665,409.375,533.1,129.345,23.06,0.8237,2.375,0,13.86716174,1.454700766
2004,236,9,43.783,1240.229,530.52,695.03,156.735,25.055,0.7816,2.93,0,13.86716188,1.455281687
2004,236,10,35.071,1125.367,489.855,641.055,147.07,26.375,0.70655,3.465,0,13.8671617,1.455842085
2004,236,11,29.8245,1081.483,469.28,611.695,138.52,27.15,0.65215,4.46,0,13.86716183,1.456383951
2004,236,12,29.942,1349.686,585.075,770.665,174.645,27.895,0.6219,4.825,0,13.86716229,1.456909505
2004,236,13,35.372,915.308,393.015,512.335,121.33,28.01,0.61485,4.575,0,13.8671617,1.457424883
2004,236,14,44.1855,870.435,373.245,487.615,121.645,28.14,0.61195,4.255,0,13.86716174,1.457937197
2004,236,15,54.6815,735.103,314.66,409.96,106.89,28.21,0.6184,4.14,0,13.86716183,1.458446968
2004,236,16,65.91,246.353,105.775,131.18,33.57,27.155,0.67505,3.605,0,13.8671617,1.458968694
2004,236,17,77.3355,49.933,21.52,23.2,6.94,25.595,0.76165,2.9,0,13.86714469,1.459517689
2004,236,18,88.53,17.28772,6.44,5.605,2.3,23.99,0.80565,3.23,0,13.78962546,1.460095698
2004,236,19,99.627,0.12857,0,0,0.065,22.515,0.85435,3.07,0,13.78314986,1.460693458
2004,236,20,109.66,0,0,0,0,21.795,0.88695,2.885,0,13.78340252,1.461296746
2004,236,21,118.31,0.00989,0,0,0.005,21.095,0.9175,3.03,0,13.78352488,1.461900794
2004,236,22,124.835,0.01978,0,0,0.01,20.365,0.94555,1.945,0,13.78367275,1.462503755
2004,236,23,128.3815,0.00989,0,0,0.005,20.3,0.9588,2.12,0,13.78384025,1.463105393
2004,237,0,128.321,0.07912,0,0,0.04,20.035,0.961,1.75,0.03175,13.78401708,1.463706262
2004,237,1,124.666,0.04945,0,0,0.025,19.68,0.96565,2.095,0.03175,13.78419178,1.464305457
2004,237,2,118.0595,0.18791,0,0,0.095,19.75,0.95185,2.16,0.03175,13.78435371,1.46490378
2004,237,3,109.3585,0.08901,0,0,0.045,19.71,0.95115,2.665,0.03175,13.78448996,1.46550218
2004,237,4,99.2935,0.06923,0.02,0,0.015,19.605,0.95215,2.63,0.03175,13.78458709,1.4661001
2004,237,5,88.2065,43.66435,15.765,18.54,6.31,19.675,0.95905,2.71,0.03175,13.80668175,1.466696521
2004,237,6,76.9965,104.6362,38.53,48.69,14.37,20.345,0.94745,2.855,0.03175,13.79469348,1.467294445
2004,237,7,65.588,365.20803,137.86,185.355,46.775,20.745,0.93905,3.75,0.03175,13.7942891,1.467895521
2004,237,8,54.4045,855.21797,327.335,427.57,105.03,22.525,0.86885,5.21,0.03175,13.7942824,1.468497774
2004,237,9,43.995,813.9821053,314.165,404.77,97.905,23.85,0.8412,6.215,0.03175,13.7942823,1.469095029
2004,237,10,35.335,1370.57,504.245,660.405,153.245,25.785,0.7889,6.08,0.03175,13.79428233,1.469676694
2004,237,11,30.148,730.963,267.2,343.635,85.245,26.375,0.782,7.325,0.03175,13.79428243,1.470239977
2004,237,12,30.2905,1489.319,548.76,722.86,171.91,26.865,0.7549,7.22,0.03175,13.79428276,1.470793238
2004,237,13,35.7005,1262.378,462.735,607.285,143.495,27.48,0.72445,6.515,0.03175,13.79428235,1.471334982
2004,237,14,44.4855,660.238,242.415,314.395,79.23,27.99,0.7049,6.045,0.03175,13.79428242,1.471863761
2004,237,15,54.96,225.469,80.01,96.87,25.925,26.14,0.78345,5.515,0.03175,13.79428258,1.47240732
2004,237,16,66.178,103.523,36.145,41.155,12.29,22.925,0.87495,5.775,0.03175,13.79428233,1.472991329
2004,237,17,77.603,91.954,35.64,41.41,12.49,22.715,0.91735,2.99,0.03175,13.79428232,1.473590894
2004,237,18,88.8285,28.727,12.41,13.655,5.435,23.155,0.90055,3.125,0.03175,13.7844042,1.47419047
2004,237,19,99.914,0,0,0,0.16,21.605,0.891,3.66,0.03175,13.76931408,1.474793636
2004,237,20,109.9685,0.023,0,0,0.175,20.445,0.9032,4,0.03175,13.77032071,1.475398862
2004,237,21,118.6385,0,0,0,0,19.575,0.9325,2.575,0.03175,13.77046194,1.476000524
2004,237,22,125.18,0,0,0,0.005,19.305,0.9487,3.05,0.03175,13.77060931,1.476598664
2004,237,23,128.731,0,0,0,0,19.6,0.92295,4.065,0.03175,13.77077564,1.477196874
2004,238,0,128.652,0.069,0,0,0.055,19.765,0.9236,4.515,1.164166667,13.77095126,1.477796652
2004,238,1,124.9625,0,0,0,0.015,19.76,0.9377,4.75,1.164166667,13.77112505,1.478396917
2004,238,2,118.3155,0,0,0,0.05,19.585,0.94605,4.245,1.164166667,13.77128009,1.478996587
2004,238,3,109.5775,0.023,0,0,0.04,19.365,0.9488,1.495,1.164166667,13.77141011,1.479594885
2004,238,4,99.485,0.046,0,0,0.015,18.95,0.9579,2.61,1.164166667,13.77150502,1.480190696
2004,238,5,88.3695,41.446,16,17.94,6.35,18.77,0.9624,3.02,1.164166667,13.79225708,1.480782634
2004,238,6,77.159,271.86,99.81,124.965,33.635,19.775,0.9503,3.815,1.164166667,13.77775112,1.481377583
2004,238,7,65.755,211.784,76.13,94.405,23.605,21.11,0.9326,5.035,1.164166667,13.77727361,1.481980178
2004,238,8,54.587,528.241,196.15,247,59.31,21.6,0.93995,3.93,1.164166667,13.7772657,1.482585008
2004,238,9,44.2085,389.85,148.215,189.05,49.405,22.55,0.9087,4.025,1.164166667,13.77726558,1.483189171
2004,238,10,35.602,436.356,160.82,204.67,51.94,23.215,0.89385,4.65,1.164166667,13.77726562,1.483790489
2004,238,11,30.472,286.35,98.62,123.2,30.11,23.315,0.89595,4.81,1.164166667,13.77726575,1.484389642
2004,238,12,30.64,182.137,60.87,73.96,17.895,23.06,0.8984,4.665,1.164166667,13.77726622,1.484989284
2004,238,13,36.032,757.321,279.21,353.985,81.65,21.305,0.89275,3.15,1.164166667,13.77726562,1.485592862
2004,238,14,44.789,484.886,183.215,229.115,57.945,22.485,0.8368,2.505,1.164166667,13.77726566,1.48619727
2004,238,15,55.2415,504.758,187.365,236.37,58.72,23.515,0.84155,2.83,1.164166667,13.77726576,1.486797864
2004,238,16,66.4505,246.1,90.005,112.43,28.045,23.53,0.8661,3.835,1.164166667,13.77726562,1.487395202
2004,238,17,77.873,40.411,14.63,16.005,4.53,23.185,0.881,2.715,1.164166667,13.77690437,1.487993737
2004,238,18,89.0905,0.345,0.09,0,0.62,21.5,0.8841,5.32,1.164166667,13.66014577,1.48860416
2004,238,19,100.207,0.092,0,0,0.125,20.245,0.92905,5.605,1.164166667,13.65922323,1.489222544
2004,238,20,110.2785,0.069,0,0,0.085,19.95,0.9392,2.94,1.164166667,13.65934165,1.489838311
2004,238,21,118.9695,0.184,0,0,0.085,19.705,0.93355,6.35,1.164166667,13.65946751,1.490452552
2004,238,22,125.53,0.092,0,0,0.035,19.94,0.91595,6.255,1.164166667,13.65962407,1.491066746
2004,238,23,129.0825,0.023,0,0,0.06,19.865,0.93175,4.895,1.164166667,13.6597956,1.491681406
2004,239,0,128.9865,0.115,0,0,0.025,19.52,0.9573,3.545,0.084666667,13.6599749,1.492294725
2004,239,1,125.26,0.184,0,0,0,19.695,0.9583,5.05,0.084666667,13.6601548,1.492907464
2004,239,2,118.572,0.207,0,0,0,20.19,0.95035,5.615,0.084666667,13.66032061,1.493522255
2004,239,3,109.7985,0.253,0,0,0.095,20.175,0.94475,5.845,0.084666667,13.66045899,1.494138326
2004,239,4,99.6785,0.161,0.005,0,0.085,19.87,0.94205,6.38,0.084666667,13.66055864,1.494753552
2004,239,5,88.5325,9.177,3.395,1.41,1.15,19.925,0.94625,5.86,0.084666667,13.66073267,1.495368071
2004,239,6,77.3245,50.784,19.42,19.535,5.415,20.505,0.916,5.945,0.084666667,13.58457695,1.495988729
2004,239,7,65.924,151.179,56.91,69.575,17.055,20.97,0.9048,5.865,0.084666667,13.5682732,1.496616827
2004,239,8,54.77,481.666,178.92,225.2,53.855,21.47,0.88735,5.915,0.084666667,13.56799632,1.49724683
2004,239,9,44.4245,1027.134,376.85,489.38,116.435,23.385,0.8481,5.565,0.084666667,13.56799256,1.497874801
2004,239,10,35.8705,836.188,312.255,405.475,100.66,25.1,0.8013,7.5,0.084666667,13.56799251,1.498489937
2004,239,11,30.8,696.831,259.05,338.3,86.815,25.17,0.8033,8.36,0.084666667,13.56799259,1.499094361
2004,239,12,30.9945,1298.12,484.425,639.89,154.885,26.28,0.7556,8.5,0.084666667,13.56799287,1.499689369
2004,239,13,36.369,1267.346,463.885,621.53,151.705,27.05,0.7525,7.825,0.084666667,13.56799256,1.500266824
2004,239,14,45.094,1057.977,382.275,510.28,128.325,27.295,0.7636,6.615,0.084666667,13.56799267,1.500833287
2004,239,15,55.5285,756.861,273.89,360.225,94,27.83,0.7628,6.355,0.084666667,13.5679926,1.501390442
2004,239,16,66.7255,502.504,182.73,238.455,69.23,28,0.7698,6.045,0.084666667,13.56799252,1.501938703
2004,239,17,78.145,260.797,90.975,112.87,38.72,27.845,0.7953,5.485,0.084666667,13.56799252,1.502486769
2004,239,18,89.3955,27.186,8.92,7.645,2.985,26.695,0.86415,3.935,0.084666667,13.56448174,1.503050935
2004,239,19,100.5015,0.069,0,0,0.02,26.02,0.9035,3.89,0.084666667,13.55223412,1.50363564
2004,239,20,110.5915,0,0,0,0,25.605,0.91985,4.11,0.084666667,13.55335553,1.504231005
2004,239,21,119.304,0.023,0,0,0.01,25.515,0.90275,5.01,0.084666667,13.55349773,1.504830547
2004,239,22,125.8805,0.046,0,0,0,25.385,0.8888,5.39,0.084666667,13.55364741,1.505431826
2004,239,23,129.4385,0,0,0,0,25.235,0.8881,5.57,0.084666667,13.55381645,1.506035247
2004,240,0,129.3235,0.092,0,0,0.03,24.715,0.9154,4.085,0.328083333,13.55399454,1.506643447
2004,240,1,125.56,0.092,0,0,0,24.385,0.9334,4.215,0.328083333,13.55417114,1.507257132
2004,240,2,118.83,0.115,0,0,0.035,24.17,0.94035,3.995,0.328083333,13.55433275,1.507873933
2004,240,3,110.017,0.092,0,0,0.055,23.78,0.94605,4.265,0.328083333,13.55446746,1.508493815
2004,240,4,99.871,0.115,0,0,0.025,23.69,0.9384,4.8,0.328083333,13.55456526,1.509115918
2004,240,5,88.736,8.004,2.835,1.475,0.985,23.695,0.92935,4.73,0.328083333,13.55471824,1.509738375
2004,240,6,77.4885,53.038,19.525,21.53,6.56,23.76,0.92835,3.755,0.328083333,13.48791247,1.510364294
2004,240,7,66.09,139.173,49.94,60.4,16.405,24.095,0.92,4.165,0.328083333,13.47380413,1.510992875
2004,240,8,54.9545,242.397,85.055,105.03,26.89,24.425,0.9121,3.74,0.328083333,13.47355706,1.511618817
2004,240,9,44.6425,238.004,81.01,98.795,24.51,24.845,0.90255,4.51,0.328083333,13.47355365,1.512240348
2004,240,10,36.1415,365.585,126.99,159.63,40.975,25.26,0.8909,7.36,0.328083333,13.47355369,1.512856279
2004,240,11,31.132,518.282,182.98,232.835,60.835,26.3,0.8371,9.005,0.328083333,13.4735536,1.513460549
2004,240,12,31.3495,608.787,216.15,275.955,71.88,27.02,0.81905,7.09,0.328083333,13.47355362,1.514048007
2004,240,13,36.7075,902.198,330.805,426.96,107.63,28.555,0.761,6.67,0.328083333,13.47355365,1.514608577
2004,240,14,45.4055,1025.156,370.15,485.995,122.265,29.18,0.7397,5.885,0.328083333,13.47355374,1.515138837
2004,240,15,55.818,737.771,266.005,344.975,88.465,29.495,0.72725,4.76,0.328083333,13.47355396,1.515654179
2004,240,16,67.005,454.48,163.49,209.145,57.69,29.755,0.6994,4.45,0.328083333,13.47355363,1.516159878
2004,240,17,78.421,118.657,44.68,52.12,13.55,28.9,0.7561,2.095,0.328083333,13.47355362,1.51667543
2004,240,18,89.664,10.971,4.155,2.82,0.78,28.02,0.8037,1.635,0.328083333,13.44211334,1.517219295
2004,240,19,100.7985,0.046,0,0,0.005,26.95,0.8616,2.33,0.328083333,13.43314246,1.517791302
2004,240,20,110.907,0.115,0,0,0,26.205,0.85485,2.445,0.328083333,13.43361738,1.518384583
2004,240,21,119.639,0.023,0,0,0.565,24.54,0.8671,3.855,0.328083333,13.43374654,1.518999496
2004,240,22,126.2355,0.023,0,0,0.065,22.14,0.95465,2.505,0.328083333,13.43389513,1.519637259
2004,240,23,129.796,0.023,0,0,0.035,21.855,0.94395,1.975,0.328083333,13.43406412,1.520282155
2004,241,0,129.661,0.023,0,0,0.005,21.695,0.94125,1.675,0.3175,13.4342416,1.520927376
2004,241,1,125.861,0.023,0,0,0.075,21.26,0.9495,2.755,0.3175,13.43441561,1.521572698
2004,241,2,119.088,0,0,0,0.035,20.86,0.9476,2.425,0.3175,13.43457361,1.522217633
2004,241,3,110.239,0.023,0,0,0.045,20.535,0.93875,2.38,0.3175,13.43470579,1.522861693
2004,241,4,100.063,0.023,0.005,0,0.015,20.3,0.9436,0.9,0.3175,13.43480262,1.523504736
2004,241,5,88.901,34.523,10.935,10.715,3.7,19.515,0.95855,1.41,0.3175,13.46187724,1.5241436
2004,241,6,77.6555,346.081,110.145,135.4,42.64,19.765,0.95815,1.33,0.3175,13.44727559,1.524780114
2004,241,7,66.2605,574.103,211.305,266.71,69.435,21.17,0.92235,2.53,0.3175,13.44652421,1.52542172
2004,241,8,55.1415,511.888,195.355,248.685,62.085,21.77,0.8998,2.075,0.3175,13.4465109,1.526065666
2004,241,9,44.8635,1229.695,448.88,592.55,139.325,22.715,0.878,2.32,0.3175,13.44651077,1.526708451
2004,241,10,36.4165,1582.262,578.37,768.895,170.67,25.535,0.7611,1.265,0.3175,13.446511,1.52733746
2004,241,11,31.4645,1829.144,669.405,896.82,190.655,26.885,0.6502,1.225,0.3175,13.44651083,1.52793655
2004,241,12,31.708,1461.903,535.075,711.565,158.885,27.11,0.63075,2.175,0.3175,13.44651086,1.528519452
2004,241,13,37.051,1635.139,586.915,793.235,176.8,27.82,0.6076,2.38,0.3175,13.44651073,1.529091196
2004,241,14,45.7205,1333.977,472.625,636.85,148.77,27.98,0.605,2.445,0.3175,13.44651075,1.529651863
2004,241,15,56.1105,701.891,250.44,328.66,81.565,27.835,0.6161,2.35,0.3175,13.44651077,1.530212331
2004,241,16,67.2865,195.385,71.935,88.705,21.875,27.085,0.6648,2.175,0.3175,13.44651079,1.530784189
2004,241,17,78.699,68.08,24.65,27.81,7.745,25.515,0.7793,2.59,0.3175,13.44651066,1.531381412
2004,241,18,89.973,5.589,1.825,1.045,0.685,23.605,0.8366,2.58,0.3175,13.38800373,1.532009336
2004,241,19,101.0985,0,0,0,0.14,22.6,0.8845,2.275,0.3175,13.38537683,1.532654625
2004,241,20,111.2255,0.023,0,0,0.345,21.135,0.95245,4.59,0.3175,13.38562078,1.533304687
2004,241,21,119.9795,0,0,0,0.115,20.585,0.96925,3.275,0.3175,13.3857434,1.533954502
2004,241,22,126.593,0,0,0,0.225,20.265,0.96305,3.15,0.3175,13.38589178,1.53460289
2004,241,23,130.1565,0,0,0,0.42,19.425,0.96045,4.165,0.3175,13.38606008,1.535248123
2004,242,0,130.002,0.023,0,0,0.44,17.905,0.9506,5.325,0.105833333,13.38623712,1.535883037
2004,242,1,126.1625,0.046,0,0,0.245,17.31,0.95125,4.5,0.105833333,13.38641149,1.536504928
2004,242,2,119.3475,0.115,0,0,0.29,16.455,0.9565,4.6,0.105833333,13.3865734,1.537115361
2004,242,3,110.4605,0.345,0,0,0.3,15.705,0.95825,5.04,0.105833333,13.38671345,1.537711114
2004,242,4,100.2565,0.299,0,0,0.09,15.62,0.9587,4.615,0.105833333,13.38681986,1.538298442
2004,242,5,89.0655,7.705,2.605,0.565,0.645,15.7,0.95795,5.275,0.105833333,13.38697628,1.538885704
2004,242,6,77.8205,51.704,21.195,22.58,6.375,15.86,0.93885,5.39,0.105833333,13.32797289,1.539478322
2004,242,7,66.432,123.073,50.375,60.16,16.03,15.88,0.93755,5.115,0.105833333,13.31353545,1.540076331
2004,242,8,55.3295,279.013,115.16,143.95,36.985,16.325,0.9111,5.47,0.105833333,13.31327398,1.540679708
2004,242,9,45.0855,325.289,129.675,163.75,42.32,17.23,0.87785,5.385,0.105833333,13.31327034,1.541295608
2004,242,10,36.693,479.78,186.445,240.03,62.46,17.57,0.86,5.875,0.105833333,13.31327029,1.541921843
2004,242,11,31.7995,582.015,224.74,291.26,75.815,17.915,0.83195,5.61,0.105833333,13.31327036,1.542553129
2004,242,12,32.072,520.513,193.72,250.625,65.98,18.725,0.79695,5.085,0.105833333,13.31327059,1.543191905
2004,242,13,37.3955,533.186,199.86,260.465,67.87,19.45,0.7565,4.545,0.105833333,13.31327036,1.543838887
2004,242,14,46.038,620.77,236.065,306.61,78.475,19.95,0.71895,4.87,0.105833333,13.31327053,1.544490882
2004,242,15,56.408,405.306,154.29,198.82,51.69,20.055,0.7099,4.16,0.105833333,13.31327033,1.545144848
2004,242,16,67.5725,254.058,96.415,123.155,32.36,19.74,0.71505,3.895,0.105833333,13.31327036,1.545798169
2004,242,17,78.9815,168.866,63.175,78.635,22.05,19.285,0.73315,3.115,0.105833333,13.3132703,1.546448798
2004,242,18,90.2475,25.438,9.09,8.445,3.65,17.775,0.7947,2.155,0.105833333,13.30732651,1.547090082
2004,242,19,101.4005,0.046,0,0,0,17.045,0.79975,2.23,0.105833333,13.30142411,1.547717291
2004,242,20,111.546,0.253,0,0,0,15.495,0.86615,2.58,0.105833333,13.30248101,1.548324728
2004,242,21,120.3225,0.46,0,0,0,14.655,0.8883,2.425,0.105833333,13.30263345,1.548906939
2004,242,22,126.953,0.46,0,0,0,14.28,0.89515,1.96,0.105833333,13.30280542,1.549474517
2004,242,23,130.5185,0.391,0,0,0,12.985,0.9321,2.06,0.105833333,13.30299937,1.550019811
2004,243,0,130.344,0.115,0,0,0.015,12.21,0.9556,2.145,0,13.30319272,1.550534969
2004,243,1,126.4655,0.046,0,0,0.035,11.775,0.96095,1.805,0,13.30337149,1.551031054
2004,243,2,119.6075,0.138,0,0,0.015,11.175,0.9685,2.145,0,13.30353409,1.55150997
2004,243,3,110.682,0.161,0,0,0.055,10.79,0.97705,1.94,0,13.30367316,1.551971931
2004,243,4,100.4485,0.023,0,0,0.06,10.46,0.9806,1.135,0,13.30377386,1.552421184
2004,243,5,89.2685,46.483,10.445,14.6,9.505,10.22,0.9824,1.38,0,13.34907844,1.55285851
2004,243,6,77.9885,374.647,120.79,146.13,47.29,11.765,0.96855,1.125,0,13.34467831,1.553317402
2004,243,7,66.605,755.205,270.245,350.75,95.92,14.77,0.8938,1.27,0,13.34440316,1.553847944
2004,243,8,55.5185,1145.561,418.505,559.155,134.96,17.4,0.8002,1.105,0,13.3443982,1.554447053
2004,243,9,45.3135,1463.881,537.655,721.68,161.72,19.585,0.70075,1.01,0,13.34439813,1.555084046
2004,243,10,36.9735,1677.091,616.05,834.155,180.43,20.475,0.6477,2.36,0,13.34439817,1.555734792
2004,243,11,32.14,1782.224,655.445,889.8,189.585,21.3,0.61775,2.94,0,13.34439834,1.556389024
2004,243,12,32.4355,1784.11,654.635,886.275,191.94,22.155,0.59935,3.035,0,13.34439893,1.557043878
2004,243,13,37.7445,1429.243,523.74,705.97,160.64,22.91,0.59455,2.92,0,13.34439816,1.55769674
2004,243,14,46.3585,1128.978,415.255,552.295,133.54,23.4,0.59425,2.84,0,13.3443982,1.558346305
2004,243,15,56.706,828.828,298.8,397.075,100,23.715,0.5916,2.495,0,13.34439829,1.558992882
2004,243,16,67.8605,553.449,200.22,265.32,78.295,23.85,0.6105,2.14,0,13.34439817,1.559637498
2004,243,17,79.266,263.902,92.845,115.655,40.03,23.655,0.6294,1.98,0,13.34439814,1.560282386
2004,243,18,90.563,22.333,8.215,6.05,1.715,21.9,0.7222,0.425,0,13.33866565,1.560933994
2004,243,19,101.7065,0,0,0,0,21.45,0.72395,0.29,0,13.32862779,1.561590114
2004,243,20,111.871,0.046,0,0,0,20.325,0.774,1.935,0,13.32958003,1.562245864
2004,243,21,120.668,0.276,0,0,0,18.505,0.85405,1.62,0,13.32972247,1.562893548
2004,243,22,127.316,0.184,0,0,0,17.07,0.9115,1.285,0,13.32988231,1.563523515
2004,243,23,130.883,0.437,0,0,0,16.645,0.91415,1.93,0,13.33006742,1.564139255
2004,244,0,130.6875,0.322,0,0,0,15.43,0.9499,1.24,0,13.33026808,1.564739551
2004,244,1,126.77,0.437,0,0,0,16.235,0.92365,1.9,0,13.33046405,1.565335781
2004,244,2,119.8665,0.414,0,0,0,15.485,0.94525,2.025,0,13.33064663,1.56593257
2004,244,3,110.9035,0.46,0,0,0,14.705,0.95365,1.105,0,13.33079835,1.566512653
2004,244,4,100.6435,0.46,0,0,0.03,14.75,0.95435,1.28,0,13.3309109,1.567084118
2004,244,5,89.436,27.301,9.62,8.88,2.82,14.405,0.9619,2.065,0,13.34239282,1.567651372
2004,244,6,78.157,234.646,84.265,102.975,31.065,16.585,0.9223,1.67,0,13.32489771,1.568239588
2004,244,7,66.7775,694.577,246.56,318.895,88.52,18.895,0.87795,2.31,0,13.32371903,1.568868959
2004,244,8,55.7125,1035.023,371.24,493.995,123.22,21.22,0.7873,2.645,0,13.32369763,1.569521297
2004,244,9,45.5395,1457.096,532.965,716.125,167.275,23.2,0.7175,2.03,0,13.32369736,1.570176898
2004,244,10,37.2545,1360.059,506.01,676.55,155.32,24.135,0.68775,2.19,0,13.32369751,1.570824554
2004,244,11,32.481,1396.698,523.06,700.91,154.67,25.06,0.5582,2.29,0,13.32369807,1.571462217
2004,244,12,32.803,1788.457,668.525,906.535,196.76,26.155,0.433,2.365,0,13.32369736,1.572084805
2004,244,13,38.096,1646.225,609.16,828.15,186.13,26.52,0.39815,2.38,0,13.32369742,1.572693992
2004,244,14,46.6825,1366.131,498.945,679.1,160.86,26.83,0.3699,1.775,0,13.32369758,1.573296111
2004,244,15,57.0095,1056.229,380.44,517.175,133.115,26.905,0.3783,1.875,0,13.32369739,1.573893987
2004,244,16,68.152,657.294,231.285,307.115,91.37,26.62,0.3947,2.12,0,13.32369743,1.574494193
2004,244,17,79.5535,277.794,96.915,120.2,43.235,25.95,0.45765,1.835,0,13.32369736,1.575104377
2004,244,18,90.842,17.158,6.365,4.5,1.21,23.95,0.5723,1.975,0,13.31518393,1.57573717
2004,244,19,102.014,0,0,0,0,21.37,0.69135,2.085,0,13.30450059,1.57639206
2004,244,20,112.197,0,0,0,0,20.12,0.74365,2.43,0,13.30533354,1.577049908
2004,244,21,121.0155,0.138,0,0,0,18.97,0.77735,2.365,0,13.30546966,1.577701421
2004,244,22,127.6815,0.207,0,0,0,18.8,0.77595,2.475,0,13.30562595,1.578347319
2004,244,23,131.252,0.299,0,0,0,18.345,0.79705,2.34,0,13.30580787,1.578989862
2004,245,0,131.0345,0.23,0,0,0,17.69,0.83045,1.66,0,13.30600144,1.579625598
2004,245,1,127.0755,0.023,0,0,0,16.125,0.90245,1.19,0,13.30618326,1.580244214
2004,245,2,120.127,0.069,0,0,0,15.67,0.9325,1.385,0,13.30634377,1.580844137
2004,245,3,111.126,0,0,0,0,16.165,0.9378,1.57,0,13.3064779,1.581444451
2004,245,4,100.8375,0.023,0,0,0.015,15.59,0.95705,2.265,0,13.30657475,1.582043921
2004,245,5,89.6015,40.181,12.375,14.8,6.74,14.81,0.9608,1.56,0,13.34576073,1.582626838
2004,245,6,78.325,342.355,110.305,135.3,45.3,16.67,0.9078,1.33,0,13.3387177,1.583219627
2004,245,7,66.9515,733.493,255.97,328.67,91.795,19.755,0.84675,1.13,0,13.33827374,1.583853191
2004,245,8,55.9055,1114.189,398.105,530.79,130.485,22.595,0.74405,1.77,0,13.33826572,1.584507394
2004,245,9,45.77,1427.587,515.495,694.615,160.08,24.5,0.65245,2.58,0,13.33826585,1.585154086
2004,245,10,37.5405,1640.222,602.56,810.78,178.345,26.03,0.5553,1.805,0,13.33826562,1.585780585
2004,245,11,32.826,1669.662,621.36,832.445,180.3,27.075,0.48255,1.405,0,13.33826568,1.586383735
2004,245,12,33.1725,1749.15,647.06,873.365,193.315,27.615,0.4424,2.145,0,13.33826585,1.586968911
2004,245,13,38.451,1501.072,549.615,741.61,171.115,28.085,0.4408,1.935,0,13.33826578,1.587541094
2004,245,14,47.0095,915.078,337.325,444.165,109.85,27.76,0.45455,2.525,0,13.33826564,1.588111338
2004,245,15,57.3165,855.784,312.37,410.6,105.245,28.335,0.42475,1.27,0,13.33826565,1.588678102
2004,245,16,68.447,495.305,179.935,231,63.545,27.975,0.4494,1.3,0,13.33826567,1.589241891
2004,245,17,79.843,187.565,70.11,84.765,24.525,26.865,0.53685,1.61,0,13.33826561,1.589825033
2004,245,18,91.165,14.559,5.975,4.905,1.405,25.145,0.5964,2.75,0,13.32355939,1.590439481
2004,245,19,102.325,0,0,0,0,22.19,0.7388,2.83,0,13.31467436,1.59108625
2004,245,20,112.526,0.092,0,0,0,20.885,0.7859,2.855,0,13.31538031,1.591744136
2004,245,21,121.3655,0.23,0,0,0,20.205,0.81885,2.64,0,13.31551766,1.592400395
2004,245,22,128.0495,0.299,0,0,0,20.23,0.8109,2.13,0,13.31567899,1.593055284
2004,245,23,131.623,0.253,0,0,0,19.59,0.82545,2.155,0,13.31586387,1.593708373
2004,246,0,131.382,0.46,0,0,0,18.625,0.85425,1.995,0,13.31606119,1.5943552
2004,246,1,127.3825,0.345,0,0,0,17.905,0.8812,1.48,0,13.31625964,1.594993035
2004,246,2,120.3875,0.46,0,0,0,17.74,0.87445,1.95,0,13.31643968,1.595625145
2004,246,3,111.3475,0.46,0,0,0,17.545,0.87305,1.84,0,13.31659347,1.596254686
2004,246,4,101.031,0.437,0,0,0,17.305,0.884,2.435,0,13.31670514,1.596880976
2004,246,5,89.807,27.301,10.215,10.055,3.51,16.89,0.89205,2.04,0,13.32817428,1.597501492
2004,246,6,78.494,255.093,87.63,106.235,32.24,17.915,0.8598,2.035,0,13.31093335,1.598127006
2004,246,7,67.127,696.854,246.23,318.1,89.505,20.255,0.8049,2.225,0,13.30976811,1.5987735
2004,246,8,56.0995,1078.907,386.78,519.215,130.92,23.135,0.66435,2.585,0,13.30974693,1.599430768
2004,246,9,46.0015,1351.986,490.165,661.515,155.655,24.675,0.57155,3.41,0,13.30974666,1.600077389
2004,246,10,37.827,1617.061,590.605,802.065,181.71,25.61,0.52125,4.9,0,13.30974678,1.600708891
2004,246,11,33.1695,1753.198,646.245,877.54,194.435,26.465,0.50565,5,0,13.30974724,1.601325202
2004,246,12,33.5445,1740.433,643.765,874.115,194.915,27.015,0.486,4.755,0,13.30974667,1.601927198
2004,246,13,38.808,1616.555,596.94,809.055,187.03,27.39,0.45035,4.49,0,13.30974674,1.602518554
2004,246,14,47.3395,1295.406,475.985,646.505,160.415,27.67,0.4462,4.675,0,13.30974694,1.60310179
2004,246,15,57.6235,967.495,352.255,478.28,128.235,27.62,0.44015,4.06,0,13.30974668,1.603682069
2004,246,16,68.7425,587.604,213.225,281.02,86.685,27.37,0.4472,3.595,0,13.30974671,1.6042662
2004,246,17,80.134,218.339,80.015,98.68,36.525,25.96,0.5348,2.54,0,13.30974663,1.604869525
2004,246,18,91.4875,15.916,5.93,4.52,2,23.575,0.6249,2.8,0,13.2984162,1.605506094
2004,246,19,102.6365,0.046,0,0,0,23.015,0.6308,2.565,0,13.28959312,1.606159902
2004,246,20,112.8565,0.115,0,0,0,21.345,0.7052,2.395,0,13.29036848,1.606819281
2004,246,21,121.72,0.184,0,0,0,20.745,0.7345,2.455,0,13.29050678,1.607479538
2004,246,22,128.419,0.368,0,0,0,19.67,0.78935,2.75,0,13.29066834,1.60813678
2004,246,23,131.9945,0.414,0,0,0,18.405,0.8684,2.525,0,13.29085956,1.608785426
2004,247,0,131.732,0.437,0,0,0,17.885,0.91285,1.78,0,13.29106276,1.609424335
2004,247,1,127.689,0.437,0,0,0,17.715,0.9274,0.965,0,13.29126322,1.610058648
2004,247,2,120.649,0.46,0,0,0,17.685,0.9487,1.58,0,13.29144653,1.61069153
2004,247,3,111.57,0.46,0,0,0,17.66,0.9689,2.61,0,13.29160003,1.611323999
2004,247,4,101.2245,0.46,0,0,0,18.32,0.9734,2.1,0,13.29171282,1.611960795
2004,247,5,89.976,16.146,5.885,5.24,1.525,18.38,0.9781,1.94,0,13.29260903,1.612602161
2004,247,6,78.664,105.892,41.255,49.03,11.875,18.895,0.98015,1.055,0,13.26422077,1.613248171
2004,247,7,67.3035,246.606,94.83,119.62,30.41,20.11,0.97415,2.045,0,13.26175043,1.613903655
2004,247,8,56.296,629.165,238.775,310.89,80.285,21.54,0.89555,2.335,0,13.26170497,1.61456609
2004,247,9,46.2355,1204.625,456.36,596.72,144.21,23.68,0.76515,1.385,0,13.26170431,1.615226502
2004,247,10,38.1185,1521.105,571.35,758.41,174.925,25.215,0.66315,1.835,0,13.26170437,1.615871999
2004,247,11,33.5195,1667.408,630.87,838.03,188.195,26.725,0.58145,1.645,0,13.2617046,1.616493942
2004,247,12,33.92,1372.157,520.16,681.34,152.405,27.455,0.53455,1.245,0,13.26170442,1.617092377
2004,247,13,39.1685,1115.477,420.655,550.205,129.7,27.995,0.49135,1.64,0,13.26170441,1.61767485
2004,247,14,47.6725,882.234,328.55,422.485,102.985,28.095,0.47055,1.735,0,13.26170432,1.618248617
2004,247,15,57.936,894.999,342.085,456.85,124.11,28.445,0.4602,1.985,0,13.26170433,1.618815924
2004,247,16,69.0415,458.942,181.015,235.555,66.92,28.205,0.478,1.345,0,13.26170434,1.619381633
2004,247,17,80.428,157.895,62.375,74.64,22.635,27.675,0.48105,1.23,0,13.26170433,1.619958274
2004,247,18,91.774,11.822,4.8,3.015,0.455,26.46,0.5201,0.425,0,13.24320133,1.620557922
2004,247,19,102.953,0,0,0,0,24.605,0.6005,0.93,0,13.23735596,1.621189522
2004,247,20,113.1895,0.023,0,0,0,24.675,0.59735,2.485,0,13.23798184,1.621835375
2004,247,21,122.074,0,0,0,0,22.225,0.74515,2.235,0,13.23811144,1.62249266
2004,247,22,128.7925,0.138,0,0,0,20.09,0.8681,1.885,0,13.23826238,1.623157732
2004,247,23,132.369,0.115,0,0,0,19.385,0.90865,1.655,0,13.23843792,1.623817567
2004,248,0,132.0825,0.368,0,0,0,19.12,0.92755,1.675,0,13.23862817,1.624473655
2004,248,1,127.9975,0.322,0,0,0,18.64,0.94555,0.595,0,13.23882298,1.625126182
2004,248,2,120.909,0.207,0,0,0,18.505,0.9612,0.325,0,13.2389973,1.625775429
2004,248,3,111.7925,0.46,0,0,0.01,18.155,0.97395,1.165,0,13.23914359,1.626421801
2004,248,4,101.419,0.437,0,0,0.005,18.355,0.9785,1.35,0,13.23925565,1.627067249
2004,248,5,90.1435,20.7,7.115,6.685,1.98,18.39,0.97895,1.985,0,13.2419382,1.627714004
2004,248,6,78.8345,192.165,73.04,89.8,25.52,17.87,0.9799,1.38,0,13.22422509,1.628358426
2004,248,7,67.482,388.056,146.865,190.695,52.97,19.515,0.97455,1.105,0,13.22274558,1.629010099
2004,248,8,56.495,753.595,285.57,370.645,95.695,21.32,0.9627,1.15,0,13.22271811,1.62967485
2004,248,9,46.4725,1281.56,477.975,633.04,152.93,24.565,0.8091,1.565,0,13.22271774,1.630336412
2004,248,10,38.4105,1472.897,555.745,737.715,170.07,26.325,0.6897,1.965,0,13.22271782,1.630971215
2004,248,11,33.87,1629.366,609.12,813.645,184.375,27.575,0.58795,1.89,0,13.22271812,1.631576312
2004,248,12,34.2955,1414.063,534.255,708.38,158.845,28.535,0.49605,1.705,0,13.22271779,1.632153026
2004,248,13,39.5315,1539.965,578.51,765.455,175.4,29.29,0.43505,1.78,0,13.22271794,1.632703825
2004,248,14,48.0075,830.783,299.065,375.195,83.365,29.375,0.40275,1.615,0,13.22271788,1.633240759
2004,248,15,58.251,556.117,203.235,252.415,60.815,29.685,0.3971,0.835,0,13.22271775,1.633770819
2004,248,16,69.3445,349.508,128.75,158.48,40.705,28.96,0.4569,1.52,0,13.22271776,1.634307994
2004,248,17,80.723,159.252,65.745,81.34,26.275,28.23,0.5099,1.21,0,13.22271775,1.634868818
2004,248,18,92.1025,11.362,4.62,3.17,0.975,26.72,0.5647,2.52,0,13.20497637,1.635461722
2004,248,19,103.2685,0.069,0,0,0,25.095,0.66495,2.16,0,13.2003232,1.636090339
2004,248,20,113.5245,0,0,0,0,23.58,0.7343,2.415,0,13.20095596,1.636743142
2004,248,21,122.43,0.046,0,0,0,22.135,0.79,2.6,0,13.20108604,1.637408799
2004,248,22,129.1655,0.138,0,0,0,21.5,0.8123,2.805,0,13.20123838,1.638078287
2004,248,23,132.7455,0.069,0,0,0,21.135,0.82315,1.31,0,13.20141307,1.638747941
2004,249,0,132.433,0.184,0,0,0,20.625,0.8501,1.86,0,13.20159698,1.639416853
2004,249,1,128.3055,0.322,0,0,0,19.71,0.88715,2.355,0,13.20178507,1.640082888
2004,249,2,121.1715,0.414,0,0,0,19.675,0.88285,2.445,0,13.20196376,1.640746096
2004,249,3,112.013,0.437,0,0,0,18.535,0.9168,1.45,0,13.20211594,1.641404245
2004,249,4,101.613,0.46,0,0,0,18.405,0.9395,1.44,0,13.20222841,1.64205589
2004,249,5,90.3505,21.965,7.74,7.3,2.415,18.205,0.9518,2.37,0,13.20592698,1.642705363
2004,249,6,79.0075,216.522,79.685,96.285,29.735,18.38,0.9541,2.215,0,13.19113952,1.643355215
2004,249,7,67.661,580.405,213.32,268.5,75.885,21.345,0.8901,2.175,0,13.18977531,1.644019281
2004,249,8,56.695,950.682,349.89,459.36,116.695,24.72,0.7481,2.5,0,13.18974981,1.644683379
2004,249,9,46.7095,1307.412,482.55,642.53,154.125,26.91,0.63885,4.05,0,13.18974946,1.645314504
2004,249,10,38.7055,1465.56,545.4,727.175,172.575,27.875,0.58285,5.43,0,13.18974955,1.645911886
2004,249,11,34.2225,1362.129,508.825,671.075,158.465,28.445,0.55445,5.195,0,13.18974987,1.646488527
2004,249,12,34.6745,1264.77,473.11,623.58,150.305,28.715,0.5422,5.93,0,13.1897495,1.647052652
2004,249,13,39.8955,1156.141,431.815,572.29,140.84,28.915,0.5383,5.965,0,13.18974963,1.647609395
2004,249,14,48.3475,1128.288,414.67,547.775,137.115,29.41,0.51035,5.83,0,13.18975003,1.648154698
2004,249,15,58.5665,841.731,311.565,413.885,111.105,29.525,0.50295,5.455,0,13.18974948,1.648689572
2004,249,16,69.6475,452.548,170.905,219.205,65.91,29.07,0.52705,5.035,0,13.18974949,1.6492303
2004,249,17,81.0205,150.374,57.965,69.965,22.62,27.905,0.5886,3.395,0,13.18974946,1.649797014
2004,249,18,92.3945,9.982,3.82,2.61,1.155,25.48,0.6927,3.025,0,13.17083449,1.650410999
2004,249,19,103.588,0.046,0,0,0,23.51,0.77725,2.835,0,13.16753177,1.6510646
2004,249,20,113.86,0,0,0,0,22.37,0.8308,2.92,0,13.16813302,1.651733156
2004,249,21,122.7895,0,0,0,0,21.71,0.85985,3.21,0,13.16826164,1.652405483
2004,249,22,129.5435,0,0,0,0,21.125,0.87585,3.31,0,13.16840987,1.653078393
2004,249,23,133.124,0,0,0,0,20.74,0.8922,2.82,0,13.16857805,1.653750685
2004,250,0,132.788,0,0,0,0,20.58,0.9049,2.78,0,13.1687552,1.654422212
2004,250,1,128.6145,0,0,0,0,20.7,0.9084,3.785,0,13.16892934,1.655093655
2004,250,2,121.433,0,0,0,0,20.9,0.9032,3.445,0,13.16908798,1.655765579
2004,250,3,112.2365,0,0,0,0,20.13,0.9307,2.76,0,13.16922035,1.656436435
2004,250,4,101.8075,0,0,0,0.005,19.885,0.9432,3.6,0,13.16931721,1.657104864
2004,250,5,90.52,22.011,7.325,6.455,2.335,19.875,0.94325,3.37,0,13.17296618,1.657772334
2004,250,6,79.178,240.327,85.175,101.025,32.91,20.66,0.921,3.725,0,13.15984404,1.658442358
2004,250,7,67.8405,635.26,226.1,283.34,80.975,23.09,0.8226,5.415,0,13.15852677,1.659114935
2004,250,8,56.898,1026.053,374.145,486.165,121.395,25.6,0.70425,7.365,0,13.15850201,1.659770946
2004,250,9,46.952,669.76,252.38,318.975,78.025,26.775,0.64335,7.33,0,13.15850167,1.660398413
2004,250,10,39.003,403.581,147.11,183.86,44.735,26.105,0.67975,6.84,0,13.15850175,1.661020847
2004,250,11,34.5785,695.451,260.7,330.845,79.625,26.345,0.68435,6.32,0,13.15850207,1.661647807
2004,250,12,35.0555,449.696,162.355,204.095,49.965,25.715,0.7233,5.395,0,13.15850171,1.662278561
2004,250,13,40.263,559.981,209.285,263.625,64.34,25.79,0.7162,5.04,0,13.15850185,1.662914587
2004,250,14,48.6875,463.335,171.205,212.74,50.965,25.82,0.6899,4.61,0,13.15850225,1.663549656
2004,250,15,58.8855,196.719,71.735,87.185,21.76,25.11,0.7153,4.115,0,13.15850168,1.664190612
2004,250,16,69.9545,91.471,32.955,38.06,10.12,23.94,0.72565,4.52,0,13.1585017,1.664845294
2004,250,17,81.319,40.526,14.855,14.74,4.57,21.95,0.71865,5.145,0,13.15726648,1.665514313
2004,250,18,92.7265,4.922,2.17,1.29,1.03,21.065,0.76655,2.61,0,13.07073132,1.666192358
2004,250,19,103.907,0,0,0,0,20.235,0.79535,2.605,0,13.07095421,1.666872997
2004,250,20,114.2005,0,0,0,0.015,18.765,0.8329,1.81,0,13.07109268,1.667546787
2004,250,21,123.1495,0.046,0,0,0.1,17.305,0.87,3.355,0,13.0712147,1.668204754
2004,250,22,129.922,0.046,0,0,0.015,16.36,0.8965,1.7,0,13.07136698,1.668843931
2004,250,23,133.503,0.345,0,0,0,15.665,0.91315,1.16,0,13.07154695,1.669467247
2004,251,0,133.1435,0.368,0,0,0,15.94,0.8868,2.76,0,13.07174702,1.670086154
2004,251,1,128.924,0.299,0,0,0,14.65,0.9196,1.58,0,13.07194286,1.670693441
2004,251,2,121.695,0.299,0,0,0,13.45,0.94695,2.135,0,13.07211726,1.671269214
2004,251,3,112.458,0.184,0,0,0.05,13.385,0.91835,3.475,0,13.07226113,1.671827236
2004,251,4,102.001,0,0,0,0.115,13.145,0.90175,2.965,0,13.07236024,1.672380734
2004,251,5,90.6885,19.297,5.705,3.745,1.685,12.705,0.9013,3.095,0,13.07419435,1.672923839
2004,251,6,79.349,333.408,108.215,132.065,42.585,13.595,0.86655,3.85,0,13.0615107,1.673474133
2004,251,7,68.0245,717.945,262.235,339.025,93.08,15.655,0.78605,5.31,0,13.0602074,1.674065608
2004,251,8,57.1015,1098.756,410.285,542.675,134.16,17.7,0.6928,6.31,0,13.0601828,1.674702426
2004,251,9,47.1945,1410.705,536.475,712.63,163.72,19.21,0.63895,5.82,0,13.06018247,1.675366718
2004,251,10,39.302,1622.765,625.49,831.175,181.875,21.14,0.5648,5.43,0,13.06018256,1.676045741
2004,251,11,34.9345,1725.391,668.12,889.995,191.065,22.13,0.48875,5.625,0,13.0601829,1.676728742
2004,251,12,35.4385,1707.037,658.355,879.595,190.985,22.98,0.44655,6,0,13.06018251,1.677409515
2004,251,13,40.6315,1572.901,600.1,802.995,181.155,23.62,0.4211,5.915,0,13.06018262,1.678085892
2004,251,14,49.0305,1331.562,498.565,669.6,161.19,23.89,0.4114,6.02,0,13.06018296,1.678758442
2004,251,15,59.206,994.497,364.21,490.2,129.905,23.79,0.4197,6.455,0,13.06018248,1.679430179
2004,251,16,70.2625,596.275,214.315,285.655,87.66,23.385,0.4228,6.68,0,13.0601825,1.680104248
2004,251,17,81.618,206.241,72.235,90.915,35.415,22.09,0.46795,5.09,0,13.06018247,1.68078398
2004,251,18,93.023,9.591,3.005,1.605,1.73,18.92,0.5944,3.665,0,13.05047065,1.681463933
2004,251,19,104.2295,0,0,0,0.165,16.6,0.72075,3.455,0,13.05279686,1.682119249
2004,251,20,114.5405,0.138,0,0,0.025,15.8,0.7038,3.655,0,13.05355474,1.682747931
2004,251,21,123.51,0,0,0,0,14.95,0.7374,3.75,0,13.05369012,1.683358698
2004,251,22,130.3025,0,0,0,0.02,14.56,0.7641,4.62,0,13.05383958,1.683954587
2004,251,23,133.885,0,0,0,0.105,13.225,0.84045,3.42,0,13.05400846,1.684527363
2004,252,0,133.498,0.046,0,0,0.035,11.865,0.90345,2.72,0,13.05418754,1.685059715
2004,252,1,129.2335,0.253,0,0,0.025,11.98,0.92365,3.605,0,13.0543691,1.685571783
2004,252,2,121.956,0.023,0,0,0.015,12.19,0.9349,4.485,0,13.05453613,1.686089293
2004,252,3,112.681,0,0,0,0.005,12.665,0.92325,4.535,0,13.05466841,1.686618025
2004,252,4,102.196,0,0,0,0.05,12.765,0.92535,4.005,0,13.05476428,1.687155958
2004,252,5,90.8965,25.185,7.78,6.505,3.12,12.405,0.9332,3.79,0,13.06243016,1.687689478
2004,252,6,79.5245,300.173,101.53,124.65,41.205,13.235,0.91145,4.595,0,13.05328602,1.688230396
2004,252,7,68.2065,688.068,250.865,326.75,91.415,15.695,0.81785,5.665,0,13.05213992,1.688818144
2004,252,8,57.307,1080.264,400.17,531.375,132.675,17.765,0.7155,6.255,0,13.0521182,1.689456603
2004,252,9,47.44,1399.711,528.025,703.385,162.34,19.695,0.64045,6.675,0,13.05211792,1.690124545
2004,252,10,39.605,1617.751,619.075,824.67,180.2,21.3,0.54145,8.515,0,13.05211805,1.69080601
2004,252,11,35.293,1710.694,659.31,877.78,187.08,22.035,0.50565,8.65,0,13.05211856,1.691489805
2004,252,12,35.8225,1694.41,651.615,867.445,185.805,22.655,0.48815,8.8,0,13.05211793,1.692172204
2004,252,13,41.0025,1560.366,593.88,793.13,176.715,23.015,0.4712,8.96,0,13.05211799,1.692852419
2004,252,14,49.3755,1321.074,494.75,664.155,158.095,22.985,0.4498,9.17,0,13.05211817,1.693531678
2004,252,15,59.5305,987.85,362.265,488,127.99,22.725,0.4476,8.655,0,13.05211795,1.694211792
2004,252,16,70.5745,593.952,213.075,283.78,86.48,22.13,0.4684,7.725,0,13.05211798,1.694893891
2004,252,17,81.9225,204.585,70.555,88.475,34.94,20.645,0.5593,6.155,0,13.05211792,1.695577434
2004,252,18,93.359,8.418,2.345,1.055,1.68,18.18,0.6809,5.545,0,13.04182436,1.696252048
2004,252,19,104.5515,0.046,0,0,0.27,16.24,0.78255,4.165,0,13.04414525,1.696899767
2004,252,20,114.881,0.023,0,0,0.125,15.03,0.8468,3.485,0,13.04488295,1.69751706
2004,252,21,123.8745,0,0,0,0.17,13.685,0.8981,3.15,0,13.0450154,1.698103165
2004,252,22,130.6835,0.138,0,0,0.09,12.875,0.91795,3.335,0,13.04516772,1.698659059
2004,252,23,134.267,0,0,0,0.045,13.01,0.9319,2.655,0,13.04534149,1.699204774
2004,253,0,133.854,0,0,0,0.05,12.685,0.9496,2.625,0,13.04551914,1.699747517
2004,253,1,129.5435,0.023,0,0,0.025,12.1,0.95755,3.005,0,13.04569353,1.700275734
2004,253,2,122.2175,0,0,0,0.115,12.03,0.9504,3.01,0,13.04585243,1.70079318
2004,253,3,112.903,0,0,0,0.09,11.53,0.9543,2.905,0,13.04598439,1.701300939
2004,253,4,102.3915,0,0,0,0.05,11.305,0.96215,2.65,0,13.04608021,1.701796115
2004,253,5,91.067,24.334,7.635,6.535,2.97,11.07,0.96655,2.535,0,13.05243025,1.702282902
2004,253,6,79.697,302.956,98.42,118.915,38.51,11.855,0.96015,2.585,0,13.04360493,1.702779469
2004,253,7,68.39,696.693,249.045,318.81,87.19,14.615,0.9246,2.905,0,13.04243799,1.703333284
2004,253,8,57.5135,1070.696,394.185,518.61,126.93,17.525,0.8183,3.9,0,13.04241581,1.703959068
2004,253,9,47.6875,1272.797,477.225,628.24,144.01,19.505,0.7138,4.455,0,13.04241551,1.704625394
2004,253,10,39.908,1349.617,511.84,674.92,151.29,20.82,0.6108,4.84,0,13.04241562,1.705306292
2004,253,11,35.654,1608.298,614.9,811.195,174.51,22.105,0.5226,4.615,0,13.04241605,1.705990835
2004,253,12,36.207,1705.887,651.94,863.6,185.62,23.045,0.49035,3.88,0,13.04241553,1.706673107
2004,253,13,41.3755,1550.568,587.67,777.925,171.995,23.825,0.46275,3.41,0,13.04241561,1.707349991
2004,253,14,49.724,1298.879,485.55,645.095,151.235,24.375,0.43465,2.89,0,13.04241584,1.708020544
2004,253,15,59.8575,967.081,354.825,472.425,121.705,24.88,0.41585,3.015,0,13.04241553,1.708684665
2004,253,16,70.886,570.308,205.52,270.025,80.945,24.78,0.39845,3.115,0,13.04241556,1.709346034
2004,253,17,82.2255,181.24,64.775,79.295,29.55,23.8,0.44395,2.44,0,13.04241551,1.710014287
2004,253,18,93.6595,6.946,2.595,1.27,0.64,21.91,0.51845,2.775,0,13.03014277,1.710695212
2004,253,19,104.877,0.046,0,0,0,18.97,0.64545,3.025,0,13.0324778,1.711377304
2004,253,20,115.225,0,0,0,0,17.31,0.7182,2.885,0,13.03315424,1.712039961
2004,253,21,124.24,0,0,0,0,16.955,0.7452,2.9,0,13.03328499,1.712687763
2004,253,22,131.069,0.023,0,0,0,15.72,0.79615,3.39,0,13.03343475,1.713320727
2004,253,23,134.652,0.046,0,0,0,15.015,0.8316,3.025,0,13.03360574,1.713932984
2004,254,0,134.212,0.207,0,0,0,14.125,0.8652,3.215,0,13.03379035,1.714525656
2004,254,1,129.8535,0.414,0,0,0,13.545,0.8894,3.16,0,13.03398166,1.715098533
2004,254,2,122.478,0.138,0,0,0,13.4,0.8926,2.77,0,13.03415704,1.715661019
2004,254,3,113.1235,0,0,0,0,13.495,0.8938,2.785,0,13.03429245,1.716222762
2004,254,4,102.587,0,0,0,0,12.685,0.9219,1.13,0,13.03438908,1.716773713
2004,254,5,91.239,21.505,6.41,6.3,3.365,12.49,0.9408,0.675,0,13.03762043,1.71730893
2004,254,6,79.872,283.337,93.425,113.66,37.985,13.61,0.90515,1.375,0,13.02816924,1.717858693
2004,254,7,68.5755,667.391,240.59,308.15,85.355,16.415,0.8406,1.855,0,13.02691435,1.718461968
2004,254,8,57.7225,1050.065,391.38,508.79,125.055,19.99,0.65275,1.885,0,13.0268904,1.71912439
2004,254,9,47.9375,1361.669,517.29,673.895,153.39,22.775,0.5075,1.675,0,13.02689007,1.719809264
2004,254,10,40.2145,1576.972,611.3,791.785,169.805,24.41,0.4659,1.25,0,13.02689016,1.72048582
2004,254,11,36.0175,1675.803,651.025,846.245,177.83,25.415,0.41735,1.6,0,13.02689049,1.721147164
2004,254,12,36.595,1655.678,644.475,837.04,177.47,26.37,0.36875,1.535,0,13.02689012,1.721791996
2004,254,13,41.751,1522.554,589.96,764.67,167.845,27.24,0.3122,1.745,0,13.02689024,1.722417545
2004,254,14,50.0725,1278.018,488.34,634,147.83,27.815,0.31125,1.52,0,13.02689063,1.723025157
2004,254,15,60.184,943.644,354.945,460.63,117.94,28.23,0.29215,1.745,0,13.02689009,1.723619045
2004,254,16,71.2005,556.278,207.06,262.435,78.52,28.21,0.24675,1.895,0,13.0268901,1.724207157
2004,254,17,82.527,177.721,65.095,75.785,28.61,26.535,0.3038,2.48,0,13.02689008,1.724818358
2004,254,18,93.9995,5.589,2.025,0.69,0.385,22.935,0.3596,3.48,0,13.0140346,1.725480587
2004,254,19,105.2025,0.092,0,0,0,21.085,0.4116,3.56,0,13.01663994,1.726166719
2004,254,20,115.5675,0.023,0,0,0,19.405,0.487,3.505,0,13.01729467,1.72685015
2004,254,21,124.6065,0.023,0,0,0,19.02,0.53075,3.005,0,13.01742587,1.72752661
2004,254,22,131.4525,0,0,0,0,18.105,0.5821,1.89,0,13.01757581,1.728196168
2004,254,23,135.039,0.138,0,0,0,17.25,0.62815,1.63,0,13.01774832,1.728853921
2004,255,0,134.5705,0.391,0,0,0,16.46,0.66335,3.46,0,13.01794106,1.729498098
2004,255,1,130.165,0.322,0,0,0,15.405,0.7268,1.685,0,13.01813727,1.730124072
2004,255,2,122.7395,0.207,0,0,0,14.32,0.77985,0.835,0,13.01831149,1.730725317
2004,255,3,113.347,0.345,0,0,0,14.345,0.78945,2.72,0,13.01845532,1.731313054
2004,255,4,102.7805,0.322,0,0,0,13.19,0.83955,1.75,0,13.01856243,1.731885043
2004,255,5,91.4085,21.505,8.725,9.05,3.895,13.195,0.84635,0.5,0,13.02190105,1.732440212
2004,255,6,80.048,213.325,78.57,95.565,27.065,14.95,0.8026,0.805,0,13.01269645,1.73302059
2004,255,7,68.761,559.59,208.27,262.265,70.65,17.88,0.7584,1.43,0,13.01137576,1.733655809
2004,255,8,57.9315,979.616,367.445,475.38,119.495,21.81,0.63295,2.44,0,13.01135044,1.734335299
2004,255,9,48.1885,1155.612,439.41,568.425,134.975,24.605,0.52525,2.44,0,13.01135009,1.735015406
2004,255,10,40.5235,1054.458,402.805,518.475,122.78,25.68,0.4526,2.71,0,13.01135017,1.735674565
2004,255,11,36.383,1463.582,567.87,733.775,164.685,26.75,0.4086,2.015,0,13.0113505,1.736314258
2004,255,12,36.9835,1553.489,605.32,783.54,176.22,27.33,0.37375,2.035,0,13.01135013,1.736935552
2004,255,13,42.1275,1139.144,438.73,562.93,132.36,27.925,0.34485,1.93,0,13.01135026,1.7375417
2004,255,14,50.424,1011.011,391.78,502.185,121.495,28.27,0.3346,1.25,0,13.01135065,1.738134615
2004,255,15,60.5125,517.937,201.57,253.305,63.235,28.075,0.3455,1.105,0,13.0113501,1.73872533
2004,255,16,71.515,308.867,120.48,148.42,38.305,27.875,0.33955,1.115,0,13.01135012,1.739321822
2004,255,17,82.832,172.178,67.265,82.41,26.72,26.775,0.4082,2.375,0,13.0113501,1.739935802
2004,255,18,94.3045,4.347,1.975,0.73,0.475,23.74,0.54075,2.9,0,12.99779231,1.740592195
2004,255,19,105.5285,0,0,0,0,21.485,0.5891,3.025,0,13.00062199,1.741277409
2004,255,20,115.9115,0.023,0,0,0,20.255,0.6291,1.62,0,13.00125023,1.741964885
2004,255,21,124.9735,0,0,0,0,18.88,0.68195,1.295,0,13.00138043,1.742645485
2004,255,22,131.84,0.092,0,0,0,18.055,0.712,2.165,0,13.00153165,1.743315332
2004,255,23,135.426,0.023,0,0,0,16.75,0.7669,0.695,0,13.00170454,1.743970031
2004,256,0,134.929,0.184,0,0,0,16.76,0.7687,0.785,0,13.0018878,1.744613821
2004,256,1,130.476,0.345,0,0,0,16.085,0.80235,1.395,0,13.00207662,1.745251213
2004,256,2,123.0005,0.437,0,0,0,15.365,0.84795,1.165,0,13.00225667,1.745874066
2004,256,3,113.567,0.46,0,0,0,15.275,0.8654,1,0,13.00240977,1.746487777
2004,256,4,102.9755,0.299,0,0,0,14.795,0.9001,1.935,0,13.00251972,1.747094637
2004,256,5,91.619,16.353,6.13,4.945,1.595,15.145,0.89155,2.05,0,13.00349409,1.747699878
2004,256,6,80.224,241.661,85.98,102.28,33.255,16.46,0.8568,0.97,0,12.99308621,1.748324567
2004,256,7,68.95,617.274,230.94,287.25,80.66,19.79,0.78995,0.3,0,12.99166204,1.748989204
2004,256,8,58.145,997.878,382.675,488.28,119.29,24.325,0.6048,0.22,0,12.9916346,1.749674326
2004,256,9,48.4425,1312.472,503.315,653.46,148.91,25.575,0.49385,1.195,0,12.99163421,1.750338037
2004,256,10,40.833,1521.082,591.97,771.77,169.03,26.495,0.41425,2.295,0,12.99163429,1.750983055
2004,256,11,36.748,1572.786,613.59,797.18,170.935,27.27,0.38315,2.85,0,12.99163457,1.751609671
2004,256,12,37.3735,1570.923,613.755,795.62,171.86,28.08,0.3475,2.785,0,12.99163428,1.752216003
2004,256,13,42.505,1485.547,580.03,753.07,170.245,28.51,0.32725,3.015,0,12.99163445,1.752804505
2004,256,14,50.7745,1209.869,468.47,611.79,147.455,28.755,0.2905,3.7,0,12.99163431,1.753382505
2004,256,15,60.843,893.458,340.23,444.78,117.58,28.825,0.2644,3.355,0,12.99163425,1.753955417
2004,256,16,71.831,493.327,187.235,236.83,72.765,28.57,0.3069,3.13,0,12.99163423,1.754531326
2004,256,17,83.1365,135.769,52.585,60.88,21.135,27.045,0.3623,2.495,0,12.99163422,1.755133651
2004,256,18,94.649,4.048,1.615,0.48,0.2,24.325,0.47345,3.08,0,12.97461448,1.755784799
2004,256,19,105.857,0,0,0,0,22.07,0.57405,3.065,0,12.97748946,1.75646855
2004,256,20,116.2585,0,0,0,0,20.62,0.6256,3.39,0,12.97802561,1.757158729
2004,256,21,125.3415,0,0,0,0,19.97,0.6313,3.145,0,12.97815361,1.757846234
2004,256,22,132.2275,0,0,0,0,18.16,0.71145,2.8,0,12.97830292,1.758524192
2004,256,23,135.815,0,0,0,0,17.91,0.73385,2.59,0,12.97847243,1.759190526
2004,257,0,135.2895,0,0,0,0,17.22,0.7878,2.69,0,12.9786503,1.75984991
2004,257,1,130.786,0,0,0,0,17.145,0.82905,2.565,0,12.97882451,1.760503156
2004,257,2,123.261,0.161,0,0,0,17.055,0.86225,2.7,0,12.97898656,1.761154981
2004,257,3,113.788,0.414,0,0,0,16.255,0.91575,2.815,0,12.97913018,1.761798684
2004,257,4,103.1715,0.46,0,0,0,15.885,0.9425,2.645,0,12.97924111,1.762430838
2004,257,5,91.7905,13.455,4.8,3.55,1.15,15.97,0.9571,2.765,0,12.9797598,1.763059973
2004,257,6,80.4005,200.468,73.445,88.27,28.36,17.09,0.95045,2.56,0,12.96794207,1.76370163
2004,257,7,69.138,573.505,212.13,266.41,75.95,19.72,0.8607,2.605,0,12.96633424,1.764372652
2004,257,8,58.3595,968.553,358.17,465.52,117.285,23.03,0.70555,4.07,0,12.96630308,1.765062313
2004,257,9,48.6975,1302.513,486.04,635.8,147.995,25.185,0.5552,5.005,0,12.96630262,1.765738601
2004,257,10,41.146,1543.001,581.77,760.4,167.465,26.88,0.48555,4.68,0,12.96630268,1.766385354
2004,257,11,37.1165,1633,619.05,809.04,175.95,28.095,0.4309,5.88,0,12.96630289,1.766998552
2004,257,12,37.765,1627.319,615.58,806.6,179.53,28.83,0.42165,6.87,0,12.96630277,1.767583701
2004,257,13,42.885,1503.97,563.14,739.605,170.125,29.27,0.3946,7.195,0,12.96630266,1.76814971
2004,257,14,51.1285,1271.624,470.8,620.115,150.845,29.42,0.38915,7.2,0,12.96630271,1.768705478
2004,257,15,61.176,725.121,264.62,343.105,90.015,29.22,0.39745,6.97,0,12.96630285,1.76926213
2004,257,16,72.15,476.261,172.945,218.42,67.835,28.95,0.41195,6.66,0,12.96630266,1.769826966
2004,257,17,83.442,133.561,48.345,55.925,21.08,27.7,0.4669,4.895,0,12.96630264,1.770416167
2004,257,18,94.9945,3.381,1.165,0.21,0.19,24.89,0.56725,3.125,0,12.94941657,1.771057263
2004,257,19,106.1865,0,0,0,0,22.3,0.66255,3.13,0,12.95271254,1.771739638
2004,257,20,116.606,0,0,0,0,21.255,0.7244,3.545,0,12.95323824,1.772432026
2004,257,21,125.711,0,0,0,0,20.345,0.7811,3.33,0,12.95336603,1.773123582
2004,257,22,132.6145,0.046,0,0,0,20.075,0.80545,3.05,0,12.95351641,1.773812839
2004,257,23,136.204,0,0,0,0.01,19.335,0.8397,2.77,0,12.95368741,1.774498823
2004,258,0,135.6515,0.069,0,0,0,17.75,0.8984,2.455,2.180166667,12.95386649,1.77517333
2004,258,1,131.0975,0.023,0,0,0,17.445,0.9051,2.57,2.180166667,12.95404431,1.775835316
2004,258,2,123.5215,0.161,0,0,0,17.065,0.9186,1.865,2.180166667,12.95420721,1.77649178
2004,258,3,114.0085,0.368,0,0,0,16.655,0.93355,2.285,2.180166667,12.95435008,1.777141352
2004,258,4,103.364,0.46,0,0,0,17.71,0.9256,2.815,2.180166667,12.95446004,1.777796426
2004,258,5,91.9625,11.224,3.74,2.73,0.895,17.68,0.9356,2.92,2.180166667,12.95478745,1.778459857
2004,258,6,80.5775,163.415,61.895,73.75,21.29,19,0.9058,3.695,2.180166667,12.94127661,1.779132492
2004,258,7,69.3285,557.589,204.505,258.38,74.48,21.21,0.8318,5.48,2.180166667,12.93940644,1.779821482
2004,258,8,58.575,913.882,336.835,438.15,112.05,23.17,0.76655,5.1,2.180166667,12.93936993,1.780513707
2004,258,9,48.9565,1137.511,424.975,552.56,132.78,25.21,0.70215,5.29,2.180166667,12.93936939,1.781191408
2004,258,10,41.4615,1130.128,427.57,555.005,131.46,26.295,0.67175,5.55,2.180166667,12.93936945,1.781846056
2004,258,11,37.484,859.303,322.56,416.205,99.035,26.325,0.67705,6.25,2.180166667,12.93936966,1.782489817
2004,258,12,38.1575,545.583,198.685,253.91,61.275,25.11,0.76285,5.225,2.180166667,12.93936954,1.783145058
2004,258,13,43.265,219.742,79.545,97.305,21.82,22.33,0.9009,3.225,2.180166667,12.93936943,1.783827074
2004,258,14,51.4855,69.207,22.915,25.745,6.13,20.72,0.88085,4.88,2.180166667,12.93936924,1.784520528
2004,258,15,61.5095,214.291,78.905,96.73,24.71,20.54,0.91505,2.735,2.180166667,12.93936912,1.785212859
2004,258,16,72.469,263.626,101.905,123.475,30.555,22.14,0.8962,2.79,2.180166667,12.93936912,1.785906268
2004,258,17,83.746,139.265,52.005,61.13,17.675,22.765,0.8769,3.195,2.180166667,12.93936913,1.786598196
2004,258,18,95.3045,3.013,1.24,0.45,0.385,22.4,0.8724,3.26,2.180166667,12.92380299,1.78729027
2004,258,19,106.515,0,0,0,0.005,21.67,0.87695,3.27,2.180166667,12.92763507,1.78798464
2004,258,20,116.953,0,0,0,0,21.025,0.8974,3.81,2.180166667,12.9281772,1.7886794
2004,258,21,126.08,0,0,0,0.005,20.485,0.91135,3.42,2.180166667,12.9283052,1.789373049
2004,258,22,133.0055,0,0,0,0,20.21,0.9029,3.27,2.180166667,12.92845455,1.790065127
2004,258,23,136.5945,0,0,0,0,19.725,0.9052,3.055,2.180166667,12.92862414,1.790755069
2004,259,0,136.0115,0,0,0,0,19.265,0.91275,3.165,0,12.92880215,1.791441586
2004,259,1,131.4085,0,0,0,0.005,18.93,0.91775,2.915,0,12.92897653,1.792124549
2004,259,2,123.782,0.092,0,0,0,18.085,0.9364,2.585,0,12.92913668,1.792800982
2004,259,3,114.23,0.322,0,0,0,17.85,0.94,2.89,0,12.92927769,1.793470461
2004,259,4,103.5585,0.276,0,0,0,18.235,0.9275,3.515,0,12.92938414,1.79414096
2004,259,5,92.173,13.432,4.395,3.005,1.36,18.305,0.9158,4.065,0,12.9298973,1.794814497
2004,259,6,80.7555,217.143,76.36,91.11,29.435,19.17,0.89585,4.915,0,12.9214148,1.795493869
2004,259,7,69.521,599.61,212.91,273.245,76.285,21.26,0.8412,5.885,0,12.91989614,1.796185208
2004,259,8,58.792,982.79,350.045,464.165,117.11,23.475,0.769,7.28,0,12.91986634,1.796878307
2004,259,9,49.2145,1194.229,432.225,574.465,137.205,25.285,0.70295,7.96,0,12.91986591,1.797555495
2004,259,10,41.7765,1289.127,473.01,628.45,146.77,26.82,0.63365,8.595,0,12.91986597,1.79820566
2004,259,11,37.8545,1149.149,422.71,557.98,130.265,27.585,0.5872,8.62,0,12.91986621,1.79883
2004,259,12,38.552,971.704,358.12,464.615,108.22,28.215,0.54945,8.31,0,12.91986602,1.799435475
2004,259,13,43.6465,1082.035,394.22,520.53,125.21,28.875,0.5227,8.135,0,12.91986605,1.800021393
2004,259,14,51.8425,810.29,295.6,381.51,93.255,28.89,0.51455,8.29,0,12.91986592,1.800596369
2004,259,15,61.8435,405.72,150.26,185.81,45.595,28.465,0.53735,6.545,0,12.91986593,1.801178075
2004,259,16,72.7895,428.904,153.23,193.915,57.79,28.4,0.5467,6.34,0,12.91986595,1.801767633
2004,259,17,84.05,96.393,32.77,35.17,12.04,27.36,0.58745,5.885,0,12.91986593,1.802373545
2004,259,18,95.654,1.357,0.4,0,0.025,26.035,0.63275,4.955,0,12.89568531,1.803010843
2004,259,19,106.844,0.023,0,0,0,24.35,0.70305,3.955,0,12.89864739,1.803678304
2004,259,20,117.3005,0.046,0,0,0,23.77,0.7415,4.045,0,12.89902691,1.804361527
2004,259,21,126.453,0.069,0,0,0.13,23.62,0.77175,4.535,0,12.89915435,1.805048534
2004,259,22,133.395,0.023,0,0,0,23.425,0.7909,4.62,0,12.89930657,1.805737091
2004,259,23,136.985,0,0,0,0,22.985,0.8127,3.44,0,12.89947693,1.806428146
2004,260,0,136.371,0,0,0,0,22.415,0.8387,3.06,0.010583333,12.89965459,1.807122296
2004,260,1,131.719,0.023,0,0,0,22.36,0.8545,3.175,0.010583333,12.89983034,1.807817875
2004,260,2,124.0425,0,0,0,0.07,21.955,0.91085,3.1,0.010583333,12.89999001,1.808514164
2004,260,3,114.45,0,0,0,0.15,20.755,0.86235,3.09,0.010583333,12.90012239,1.809211087
2004,260,4,103.754,0,0,0,0,20.255,0.8764,2.25,0.010583333,12.90021814,1.809906194
2004,260,5,92.347,4.094,1.28,0.305,0.135,20.06,0.8872,1.05,0.010583333,12.90030706,1.810599651
2004,260,6,80.9355,138.828,51.47,60.835,15.845,19.91,0.8964,2.58,0.010583333,12.88281125,1.811292812
2004,260,7,69.7135,436.448,159.025,199.79,51.445,19.82,0.8415,3.715,0.010583333,12.88030347,1.811986016
2004,260,8,59.011,1022.074,364.655,486.16,121.885,21.19,0.72005,3.785,0.010583333,12.88025381,1.812682484
2004,260,9,49.477,1334.276,482.95,648.505,151.02,22.315,0.62255,4.195,0.010583333,12.88025307,1.813380981
2004,260,10,42.097,1551.051,569.93,767.495,171.365,23.32,0.57045,4.135,0.010583333,12.88025313,1.814075963
2004,260,11,38.2255,1578.191,587.535,785.45,173.065,24.085,0.55735,3.815,0.010583333,12.88025332,1.814764328
2004,260,12,38.9445,1624.191,604.79,810.31,181.155,24.745,0.49935,4.115,0.010583333,12.88025326,1.815444814
2004,260,13,44.0295,1385.635,514.14,687.945,159.59,25.165,0.4348,4.07,0.010583333,12.88025309,1.81611784
2004,260,14,52.2,892.561,334.4,438.23,107.03,25.23,0.4091,3.475,0.010583333,12.88025311,1.816787097
2004,260,15,62.1795,834.348,303.8,405.5,108.695,25.18,0.40125,3.675,0.010583333,12.88025316,1.817456232
2004,260,16,73.1095,439.898,162.645,209.67,59.775,24.455,0.42145,4.64,0.010583333,12.88025324,1.818131229
2004,260,17,84.353,94.898,36.865,42.935,14.645,22.52,0.4951,3.3,0.010583333,12.8802531,1.818820957
2004,260,18,95.9705,2.507,1.25,0.785,0.88,20.125,0.59455,3.8,0.010583333,12.85805799,1.819519649
2004,260,19,107.175,0.023,0,0,0.02,19.29,0.6097,3.945,0.010583333,12.86158728,1.820213384
2004,260,20,117.649,0,0,0,0.065,18.05,0.6621,4.15,0.010583333,12.8619773,1.820897032
2004,260,21,126.8225,0,0,0,0,17.34,0.73595,3.865,0.010583333,12.86210269,1.821567799
2004,260,22,133.786,0.046,0,0,0.02,16.76,0.7852,4.47,0.010583333,12.86225352,1.822227984
2004,260,23,137.3775,0,0,0,0.065,15.735,0.76795,4.74,0.010583333,12.86242522,1.822872724
2004,261,0,136.735,0,0,0,0.015,15.045,0.7339,4.665,0,12.86260312,1.823498611
2004,261,1,132.0295,0,0,0,0.01,14.39,0.74315,4.88,0,12.86277784,1.824107866
2004,261,2,124.3005,0,0,0,0,13.975,0.7406,5.56,0,12.86293715,1.824702829
2004,261,3,114.6695,0.046,0,0,0,14.155,0.6931,6.225,0,12.86306957,1.825294529
2004,261,4,103.948,0.023,0,0,0.215,12.915,0.7536,4.405,0,12.86316721,1.825870713
2004,261,5,92.522,7.452,2.225,0.79,0.525,12.145,0.79345,4.355,0,12.86331989,1.826415559
2004,261,6,81.1125,196.535,67.795,80.4,27.435,11.88,0.8138,4.025,0,12.85401671,1.826943356
2004,261,7,69.9065,644.138,231.985,300.815,87.835,14.94,0.6653,6.265,0,12.85225523,1.827515432
2004,261,8,59.231,1028.629,377.86,503.005,129.1,17.1,0.563,8.335,0,12.85222015,1.828155615
2004,261,9,49.741,1338.669,502.19,670.055,158.64,19.215,0.43775,8.69,0,12.85221963,1.82883315
2004,261,10,42.4155,1544.749,588.485,784.665,175.87,20.285,0.40315,8.72,0,12.85221969,1.829527728
2004,261,11,38.598,1639.509,631.57,838.035,182.105,21.635,0.36275,6.705,0,12.8522199,1.830227933
2004,261,12,39.341,1616.371,624.6,825.68,179.615,22.585,0.32695,6.735,0,12.85221977,1.830928117
2004,261,13,44.4145,1476.117,566.275,747.865,167.805,23.36,0.31145,6.345,0,12.85221967,1.831624512
2004,261,14,52.559,1226.176,462.815,611.67,145.885,23.92,0.3023,5.505,0,12.85221974,1.83231576
2004,261,15,62.515,882.625,326.42,430.04,113.315,24.095,0.29635,5.08,0,12.85221992,1.833003355
2004,261,16,73.4325,483.943,175.86,226.38,69.9,23.92,0.31625,4.085,0,12.85221965,1.833690951
2004,261,17,84.6535,120.727,42.605,48.965,19.72,22.205,0.37885,3.265,0,12.85221965,1.834386332
2004,261,18,96.326,1.219,0.435,0,0.065,18.655,0.5032,3.285,0,12.83635064,1.835083549
2004,261,19,107.505,0,0,0,0,16.15,0.5953,2.835,0,12.84124269,1.835750582
2004,261,20,117.998,0.161,0,0,0.005,14.725,0.66855,3.025,0,12.84172297,1.836378876
2004,261,21,127.195,0.138,0,0,0,14.74,0.7251,3.32,0,12.84185598,1.836990044
2004,261,22,134.1795,0.069,0,0,0,15.03,0.7431,2.79,0,12.84201131,1.837605098
2004,261,23,137.77,0.046,0,0,0,14.21,0.7729,2.525,0,12.84218425,1.838213218
2004,262,0,137.0955,0.276,0,0,0,13.39,0.8086,2.915,0,12.84237156,1.838798683
2004,262,1,132.3395,0.184,0,0,0,12.825,0.835,2.56,0,12.84256035,1.839363368
2004,262,2,124.56,0.161,0,0,0,12.23,0.8534,2.505,0,12.84272867,1.839909453
2004,262,3,114.8895,0.023,0,0,0,12.2,0.8354,2.675,0,12.84286568,1.840445137
2004,262,4,104.1425,0.023,0,0,0,12.3,0.8131,2.41,0,12.84296311,1.840981997
2004,262,5,92.7335,15.387,6.525,6.47,2.95,11.715,0.84575,1.81,0,12.84375068,1.841510518
2004,262,6,81.2945,163.53,62.125,76.305,21.44,12.77,0.7918,1.055,0,12.83811865,1.842047112
2004,262,7,70.1005,499.537,184.525,234.39,62.07,14.565,0.6882,2.075,0,12.83652192,1.842628701
2004,262,8,59.453,811.716,298.535,387.315,98.08,17.46,0.5253,3.695,0,12.83648999,1.843269322
2004,262,9,50.0065,1094.616,407.395,533.97,127.265,19.59,0.45935,4.275,0,12.83648952,1.843952758
2004,262,10,42.7365,1457.418,550.52,726.875,164.905,21.855,0.3728,3.76,0,12.83648958,1.844652997
2004,262,11,38.9725,1616.463,618.665,813.355,178.835,23.795,0.29885,3.335,0,12.83648979,1.845350956
2004,262,12,39.7355,1571.176,601.22,790.61,172.695,25.17,0.2572,3.415,0,12.83648966,1.846033744
2004,262,13,44.798,1469.815,558.85,734.125,166.15,26.075,0.2295,4.065,0,12.83648957,1.846698883
2004,262,14,52.918,1217.85,457.26,599.845,143.845,26.665,0.2179,4.495,0,12.83648963,1.847349155
2004,262,15,62.8535,849.643,315.06,409.35,107.86,26.915,0.2038,3.605,0,12.83648954,1.847989928
2004,262,16,73.755,327.842,119.335,146.575,42.43,26.16,0.2334,2.95,0,12.83648954,1.848636445
2004,262,17,84.953,101.177,37.09,40.045,14.03,24.125,0.29545,2.77,0,12.83648955,1.849309191
2004,262,18,96.6455,1.15,0.535,0,0,21.725,0.3569,2.95,0,12.81725625,1.850006954
2004,262,19,107.836,0.023,0,0,0,20.03,0.41785,2.69,0,12.82159431,1.850709383
2004,262,20,118.346,0.069,0,0,0.015,19.125,0.43535,3.895,0,12.82200279,1.851405109
2004,262,21,127.566,0.023,0,0,0,17.23,0.5282,3.23,0,12.82213051,1.852085377
2004,262,22,134.57,0.023,0,0,0,17.26,0.5244,2.01,0,12.82228166,1.85275201
2004,262,23,138.163,0.138,0,0,0,16.235,0.58485,2.33,0,12.82245496,1.85340956
2004,263,0,137.4585,0.092,0,0,0,15.515,0.611,2.14,0,12.82264113,1.854049371
2004,263,1,132.649,0.115,0,0,0,15.66,0.5899,2.945,0,12.8228214,1.854682779
2004,263,2,124.819,0.092,0,0,0,14.04,0.67735,3.335,0,12.82298646,1.855297905
2004,263,3,115.108,0.184,0,0,0,13.08,0.71465,3.56,0,12.82312385,1.855877554
2004,263,4,104.338,0.322,0,0,0,13.06,0.71445,3.42,0,12.82322835,1.85644234
2004,263,5,92.9075,9.499,3.64,2.325,1.38,13.14,0.6985,3.525,0,12.82346105,1.857008054
2004,263,6,81.475,194.097,69.68,83.32,26.92,13.585,0.68035,3.83,0,12.81666172,1.857582047
2004,263,7,70.298,610.811,218.55,284.325,82.69,15.885,0.56605,5.645,0,12.81498836,1.858194326
2004,263,8,59.6775,1001.052,364.08,482.58,125.2,18.48,0.4449,6.04,0,12.81495478,1.858859382
2004,263,9,50.273,1312.541,487.795,648.28,155.025,20.775,0.3662,4.99,0,12.81495428,1.859555285
2004,263,10,43.059,1523.152,575.335,764.41,172.97,22.67,0.3083,4.74,0,12.81495434,1.860258639
2004,263,11,39.3455,1617.199,615.565,817.195,179.975,24.115,0.28235,4.775,0,12.81495455,1.860954645
2004,263,12,40.1315,1594.245,607.945,805.61,177.61,25.12,0.2649,4.82,0,12.81495443,1.861637445
2004,263,13,45.182,1450.955,549.995,727.415,165.36,25.88,0.25005,4.58,0,12.81495432,1.862306453
2004,263,14,53.2795,1200.094,450.915,594,143.375,26.355,0.2392,4.69,0,12.81495439,1.862963682
2004,263,15,63.1925,860.085,318.335,416.32,110.65,26.24,0.2722,4.55,0,12.81495457,1.863617163
2004,263,16,74.078,465.014,168.96,214.975,67.53,25.55,0.30875,4.765,0,12.81495431,1.864278817
2004,263,17,85.2905,109.273,38.815,42.535,17.745,23.56,0.3657,3.33,0,12.8149543,1.864961906
2004,263,18,96.9665,1.058,0.42,0,0,20.545,0.4561,3.27,0,12.79861392,1.865664364
2004,263,19,108.1665,0.023,0,0,0,17.835,0.55815,3.545,0,12.80371278,1.866357221
2004,263,20,118.6945,0.023,0,0,0,17.225,0.56995,2.825,0,12.80415507,1.867029851
2004,263,21,127.9385,0.092,0,0,0,16.165,0.6144,3.175,0,12.8042837,1.867687724
2004,263,22,134.964,0.23,0,0,0,14.695,0.6739,3.325,0,12.80444143,1.868318444
2004,263,23,138.5565,0.299,0,0,0,14.305,0.6952,2.73,0,12.80462678,1.868926017
2004,264,0,137.82,0.115,0,0,0,14.03,0.7139,3.045,0,12.80481868,1.869524501
2004,264,1,132.9585,0.207,0,0,0,12.11,0.8033,3.62,0,12.80500269,1.870089958
2004,264,2,125.0745,0.184,0,0,0,11.725,0.83245,3.59,0,12.80517275,1.870617652
2004,264,3,115.326,0.046,0,0,0,11.16,0.83715,3.06,0,12.80531041,1.871128428
2004,264,4,104.533,0,0,0,0,10.8,0.8401,2.775,0,12.80540739,1.871622166
2004,264,5,93.084,11.224,3.785,1.775,1.095,10.88,0.8356,2.525,0,12.80572212,1.872110627
2004,264,6,81.6565,250.953,82.7,100.065,34.875,11.18,0.8281,3.02,0,12.80247635,1.872606311
2004,264,7,70.4955,626.175,230.55,300.71,87.9,13.77,0.75725,3.45,0,12.80104676,1.873152367
2004,264,8,59.9035,1012.506,378.87,504.865,132.875,17.15,0.56475,4.725,0,12.80101801,1.873782676
2004,264,9,50.543,1322.385,503.95,673.78,164.415,20.005,0.4317,4.385,0,12.80101758,1.874468868
2004,264,10,43.385,1528.465,593.07,789.93,181.65,21.9,0.3643,3.01,0,12.80101764,1.875172792
2004,264,11,39.7215,1624.283,636.14,846.83,189.665,23.65,0.29755,3.27,0,12.80101785,1.875873933
2004,264,12,40.529,1596.66,624.765,831.455,186.645,25.065,0.25355,3.315,0,12.80101773,1.876561015
2004,264,13,45.5685,1451.898,562.915,748.36,173.6,26.13,0.2397,3.595,0,12.80101762,1.877229193
2004,264,14,53.64,1197.058,456.77,606.775,149.77,26.655,0.2476,4,0,12.80101768,1.877881569
2004,264,15,63.531,855.416,320.895,424.245,115.955,26.785,0.24965,4.855,0,12.80101785,1.878526554
2004,264,16,74.4025,456.527,167.72,214.615,69.38,26.395,0.2829,4.79,0,12.80101761,1.879174526
2004,264,17,85.589,103.707,37.095,40.14,17.9,24.365,0.3406,3.85,0,12.80101761,1.879845985
2004,264,18,97.2865,0.736,0.315,0,0,20.47,0.4758,3.575,0,12.78411027,1.880547279
2004,264,19,108.4975,0.046,0,0,0,18.41,0.5822,3.92,0,12.78917283,1.881244005
2004,264,20,119.042,0,0,0,0,17.345,0.6367,3.765,0,12.7895927,1.88192291
2004,264,21,128.31,0,0,0,0,16.59,0.66715,4,0,12.78971892,1.882586984
2004,264,22,135.3565,0.092,0,0,0,15.68,0.7108,3.495,0,12.78987097,1.883234685
2004,264,23,138.951,0.184,0,0,0,14.625,0.7667,3.535,0,12.79004865,1.883859866
2004,265,0,138.182,0.138,0,0,0,13.975,0.80535,3.465,0,12.79023785,1.884462932
2004,265,1,133.2665,0.391,0,0,0,13.59,0.82115,3.57,0,12.79042665,1.88505136
2004,265,2,125.3315,0.368,0,0,0,12.865,0.84805,3.08,0,12.79060664,1.885623037
2004,265,3,115.546,0.161,0,0,0,12.23,0.86055,2.7,0,12.79075204,1.886172953
2004,265,4,104.7275,0.046,0,0,0,12.05,0.85495,1.255,0,12.79085195,1.886709188
2004,265,5,93.2965,9.683,3.33,1.8,0.84,11.985,0.8567,2.115,0,12.79108377,1.887241197
2004,265,6,81.8365,235.52,77.505,92.57,32.08,12.21,0.8596,1.63,0,12.78707659,1.887776072
2004,265,7,70.6935,609.247,222.475,286.87,84.08,16.015,0.75605,2.13,0,12.78557317,1.888372247
2004,265,8,60.1305,990.035,369.88,487.19,126.525,20.305,0.5594,1.92,0,12.78554287,1.88905264
2004,265,9,50.814,1299.891,492.165,653.605,157.38,23.485,0.40675,3.21,0,12.78554243,1.889756878
2004,265,10,43.71,1507.282,577.125,768.915,176.73,24.805,0.37735,4.195,0,12.78554249,1.890447742
2004,265,11,40.099,1596.177,616.33,820.015,184.465,25.905,0.33255,3.885,0,12.78554271,1.891121331
2004,265,12,40.927,1569.428,603.9,805.265,182.94,26.79,0.31175,4.43,0,12.78554255,1.891775697
2004,265,13,45.954,1424.022,543.09,724.57,170.305,27.4,0.3032,4.015,0,12.7855425,1.892412541
2004,265,14,54.0015,1169.251,439.46,587.905,147.515,27.965,0.29,4.25,0,12.78554244,1.893033687
2004,265,15,63.8695,825.424,306.24,406.515,112.535,28.105,0.29565,4.445,0,12.78554246,1.893644669
2004,265,16,74.726,438.104,160.635,205.07,67.365,27.815,0.3018,3.95,0,12.78554248,1.894257863
2004,265,17,85.9285,96.416,35.105,37.76,16.455,26.04,0.3467,3.07,0,12.78554245,1.894898331
2004,265,18,97.607,0.621,0.26,0,0,23.025,0.44495,3.44,0,12.76764768,1.895583633
2004,265,19,108.8275,0.069,0,0,0,20.445,0.5326,3.08,0,12.77256381,1.896289885
2004,265,20,119.39,0,0,0,0,18.26,0.60695,2.39,0,12.77295572,1.896986808
2004,265,21,128.6825,0.161,0,0,0,16.27,0.68875,1.315,0,12.77308453,1.897656773
2004,265,22,135.75,0.276,0,0,0,16.49,0.68205,1.215,0,12.77324566,1.898310835
2004,265,23,139.3445,0.345,0,0,0,16.35,0.69005,2.36,0,12.77343416,1.898965697
2004,266,0,138.543,0.345,0,0,0,15.75,0.71165,2.43,0,12.77363416,1.899612798
2004,266,1,133.5745,0.023,0,0,0,14.535,0.76335,2.39,0,12.77382178,1.900238781
2004,266,2,125.5885,0,0,0,0,14.135,0.7828,2.705,0,12.77398171,1.900843907
2004,266,3,115.7635,0,0,0,0,13.02,0.8363,1.295,0,12.77411347,1.901427168
2004,266,4,104.9215,0,0,0,0,12.75,0.8446,2.87,0,12.77420951,1.901989113
2004,266,5,93.4745,7.406,2.74,1.475,0.56,12.12,0.8671,2.26,0,12.7743601,1.902536264
2004,266,6,82.02,215.878,70.945,84.21,28.415,13.175,0.8447,2.03,0,12.76904928,1.903090519
2004,266,7,70.893,563.822,203.12,257.12,75.255,16.245,0.7905,1.205,0,12.76742016,1.903704754
2004,266,8,60.3605,853.461,318.365,414.285,106.945,20.655,0.60305,0.845,0,12.76738724,1.904390063
2004,266,9,51.0845,1021.223,414.115,542.065,128.95,24,0.4593,0.68,0,12.76738675,1.905094333
2004,266,10,44.0365,1396.422,553.635,731.33,166.055,25,0.4266,1.585,0,12.76738681,1.905782279
2004,266,11,40.4765,1580.997,608.21,808.875,181.95,25.75,0.3808,2.82,0,12.76738702,1.906456968
2004,266,12,41.3225,1623.754,628.26,831.625,188.69,27.365,0.3272,3.15,0,12.76738689,1.907107569
2004,266,13,46.341,1419.721,544.285,720.765,168.055,28.395,0.28945,3.615,0,12.76738679,1.907724117
2004,266,14,54.3635,1167.158,443.595,587.115,145.81,29.075,0.25905,3.425,0,12.76738686,1.90831406
2004,266,15,64.21,804.287,300.33,395.68,108.86,29.38,0.2465,3.69,0,12.76738706,1.908887053
2004,266,16,75.0485,406.824,149.52,188.41,62.01,28.795,0.25605,4.08,0,12.76738677,1.909464956
2004,266,17,86.264,56.396,20.275,18.21,5.87,26.26,0.32375,3.175,0,12.76738613,1.910090405
2004,266,18,97.926,0.437,0.23,0,0,22.73,0.4563,3.12,0,12.72851922,1.910777668
2004,266,19,109.156,0,0,0,0,20.445,0.54615,3.385,0,12.73078442,1.9114873
2004,266,20,119.738,0,0,0,0,19.35,0.5858,3.995,0,12.73099042,1.912192171
2004,266,21,129.0525,0,0,0,0,18.895,0.6189,3.61,0,12.73111363,1.912890779
2004,266,22,136.144,0,0,0,0,18.4,0.6477,2.915,0,12.73126457,1.913584242
2004,266,23,139.741,0.023,0,0,0,18.05,0.7002,3.825,0,12.73143573,1.914272403
2004,267,0,138.906,0.046,0,0,0,16.845,0.7496,3.565,0,12.73161659,1.914948758
2004,267,1,133.8815,0.069,0,0,0,16.31,0.77045,2.81,0,12.73179458,1.915609606
2004,267,2,125.8445,0.046,0,0,0,15.13,0.81545,3.335,0,12.73195657,1.916252097
2004,267,3,115.9815,0.161,0,0,0,15.17,0.82475,2.92,0,12.73209202,1.916881245
2004,267,4,105.1155,0.207,0,0,0,14.45,0.8467,3.19,0,12.73219314,1.917501696
2004,267,5,93.651,7.544,2.56,1.395,0.505,13.66,0.87605,2.52,0,12.73235045,1.918101587
2004,267,6,82.2035,198.053,66.955,78.78,27.35,14.165,0.87385,2.29,0,12.72672268,1.918697608
2004,267,7,71.0955,560.533,203.555,257.26,76.03,17.875,0.751,2.37,0,12.72502699,1.919345306
2004,267,8,60.589,948.566,348.125,458.825,119.265,22.415,0.5169,3.525,0,12.72499262,1.920048802
2004,267,9,51.359,1237.124,460.225,611.575,147.725,24.99,0.4231,4.39,0,12.72499211,1.920747921
2004,267,10,44.3665,1420.595,536.055,712.46,164.525,26.69,0.35695,5.13,0,12.72499217,1.921416597
2004,267,11,40.853,1501.831,570.5,758.65,171.83,27.43,0.31385,5.315,0,12.72499238,1.922058393
2004,267,12,41.721,1475.91,560.995,745.735,171.94,28.195,0.29175,6.02,0,12.72499226,1.922679757
2004,267,13,46.725,1351.227,509.765,677.275,162.62,28.755,0.2809,6.305,0,12.72499215,1.923280909
2004,267,14,54.7255,1153.174,428.015,571.95,145.27,29.095,0.27625,6.88,0,12.72499222,1.923867103
2004,267,15,64.549,801.803,292.725,388.53,108.505,29.035,0.2834,6.495,0,12.72499241,1.924448448
2004,267,16,75.372,402.96,144.78,183.405,61.51,28.415,0.2962,6.005,0,12.72499214,1.925041377
2004,267,17,86.5675,70.357,24.45,25.23,10.05,26.44,0.35775,4.2,0,12.7249921,1.925672864
2004,267,18,98.2465,0.299,0.06,0,0,23.535,0.4563,3.49,0,12.70076056,1.926356274
2004,267,19,109.4865,0.023,0,0,0,20.945,0.54975,3.215,0,12.70461091,1.927066417
2004,267,20,120.084,0,0,0,0,20.17,0.60595,3.355,0,12.70488882,1.92777682
2004,267,21,129.4245,0,0,0,0,18.965,0.67825,2.94,0,12.70501348,1.928481082
2004,267,22,136.5355,0.069,0,0,0,18.28,0.7144,3.035,0,12.70516609,1.929176071
2004,267,23,140.133,0.046,0,0,0,17.91,0.7349,3.065,0,12.70534062,1.929864294
2004,268,0,139.2675,0,0,0,0,17.115,0.7669,3.045,0,12.70552062,1.930543651
2004,268,1,134.189,0.046,0,0,0,16.58,0.79605,3.11,0,12.70569605,1.931211451
2004,268,2,126.099,0,0,0,0,16.325,0.81655,2.85,0,12.70585624,1.931871602
2004,268,3,116.199,0,0,0,0,15.955,0.83055,2.435,0,12.70598765,1.932525255
2004,268,4,105.311,0,0,0,0,16.32,0.8299,2.385,0,12.70608273,1.933178848
2004,268,5,93.8665,3.289,1.17,0.325,0.045,16.37,0.8389,2.395,0,12.70616041,1.933836798
2004,268,6,82.387,102.511,38.61,46.9,12.225,16.665,0.8449,2.135,0,12.68830554,1.934498818
2004,268,7,71.2965,248.124,89.81,111.475,28.465,19.295,0.7846,2.715,0,12.68490561,1.935185604
2004,268,8,60.8215,473.547,171.655,217.46,52.98,20.995,0.7365,2.645,0,12.68483595,1.935895026
2004,268,9,51.6355,830.369,308.655,398.435,94.485,22.915,0.6667,2.605,0,12.68483493,1.936607733
2004,268,10,44.696,1325.26,490.97,644.47,150.28,25.085,0.5933,2.98,0,12.684835,1.937306967
2004,268,11,41.231,1392.581,521.095,685.1,158.83,26.46,0.5279,4.35,0,12.68483491,1.937979878
2004,268,12,42.119,1087.233,409.41,532.195,124.345,27.075,0.5044,2.84,0,12.68483493,1.938631554
2004,268,13,47.1125,1208.167,454.665,595.96,144.1,27.23,0.4897,4.455,0,12.68483495,1.939273699
2004,268,14,55.0875,648.347,244.055,312.36,76.215,26.69,0.4719,5.045,0,12.68483501,1.93992068
2004,268,15,64.8895,465.129,174.3,221.025,57.035,26.35,0.44095,4.9,0,12.68483516,1.940578207
2004,268,16,75.696,253.299,95.185,118.285,32.05,26.095,0.36795,4.645,0,12.68483495,1.941242323
2004,268,17,86.903,49.289,19.825,21.14,5.945,24.985,0.35945,3.035,0,12.68482246,1.941919719
2004,268,18,98.5655,0.115,0.09,0,0,23.36,0.4088,1.875,0,12.6422234,1.942618835
2004,268,19,109.814,0.046,0,0,0,22.535,0.4209,2.005,0,12.64428168,1.943330858
2004,268,20,120.4315,0.069,0,0,0,21.365,0.4697,1.985,0,12.64445916,1.944046816
2004,268,21,129.795,0.023,0,0,0,20.61,0.5076,2.625,0,12.64458445,1.944762786
2004,268,22,136.928,0,0,0,0,19.615,0.5057,2.825,0,12.64473662,1.945475138
2004,268,23,140.5295,0,0,0,0,17.96,0.5507,2.73,0,12.64490783,1.946175803
2004,269,0,139.629,0,0,0,0,16.915,0.5933,2.345,0,12.64508692,1.946857913
2004,269,1,134.4945,0.023,0,0,0,16.325,0.61785,2.09,0,12.64526213,1.947525319
2004,269,2,126.3535,0.092,0,0,0,15.945,0.621,2.89,0,12.64542333,1.94818278
2004,269,3,116.415,0.046,0,0,0,14.27,0.6909,1.935,0,12.64555787,1.948815912
2004,269,4,105.5045,0.184,0,0,0,13.46,0.7577,3.355,0,12.64565575,1.949415495
2004,269,5,94.046,4.646,1.475,0.43,0.17,13.015,0.78585,2.725,0,12.64575294,1.949996078
2004,269,6,82.571,140.875,47.64,52.77,16.27,12.36,0.8187,1.345,0,12.63687218,1.950559125
2004,269,7,71.501,604.693,223.28,279.405,81.555,16.585,0.67905,2.21,0,12.63460854,1.951174061
2004,269,8,61.0545,852.081,310.635,410.495,105.84,19.37,0.54365,4.355,0,12.63456185,1.951864156
2004,269,9,51.912,1312.909,491.155,651.55,156.68,21.11,0.46925,4.555,0,12.63456115,1.952577554
2004,269,10,45.0275,1336.484,505.29,666.515,150.34,22.555,0.41375,3.395,0,12.6345612,1.953294251
2004,269,11,41.611,1555.421,595.15,786.065,173.54,23.885,0.36695,3.17,0,12.63456138,1.954004761
2004,269,12,42.5155,1525.981,580.365,770.175,171.555,24.34,0.34875,4.145,0,12.63456135,1.954706996
2004,269,13,47.4985,1377.884,520.855,690.49,159.58,24.93,0.33195,3.88,0,12.63456116,1.955402497
2004,269,14,55.4495,1116.65,416.32,553.835,137.125,25.41,0.3124,4.705,0,12.63456118,1.956089845
2004,269,15,65.229,777.998,284.96,377.595,103.71,25.23,0.3151,4.88,0,12.63456122,1.956774699
2004,269,16,76.0175,385.986,138.95,174.315,58.265,24.805,0.3288,4.49,0,12.63456128,1.957464523
2004,269,17,87.2025,68.103,24.345,26.52,10.84,23.055,0.38065,2.955,0,12.63456116,1.958168261
2004,269,18,98.884,0.161,0.08,0,0,19.75,0.4815,3.15,0,12.61429833,1.958884279
2004,269,19,110.142,0,0,0,0,17.83,0.54355,3.075,0,12.61871057,1.959586691
2004,269,20,120.7765,0.046,0,0,0,15.43,0.62865,3.15,0,12.61898453,1.960255118
2004,269,21,130.164,0.253,0,0,0,15.61,0.6661,3.345,0,12.61911523,1.960900327
2004,269,22,137.3205,0.276,0,0,0,15.205,0.70225,3.6,0,12.61928038,1.961542817
2004,269,23,140.923,0.115,0,0,0,14.51,0.72865,3.565,0,12.61946376,1.962171452
2004,270,0,139.988,0,0,0,0,13.485,0.78285,2.675,0,12.61964699,1.962776328
2004,270,1,134.8015,0.069,0,0,0,12.615,0.82355,1.505,0,12.61982351,1.963352311
2004,270,2,126.607,0.046,0,0,0,11.805,0.85945,1.465,0,12.61998543,1.963900268
2004,270,3,116.631,0.046,0,0,0.005,10.715,0.891,2.345,0,12.62011818,1.964413896
2004,270,4,105.6995,0.046,0,0,0.005,10.115,0.91415,2.35,0,12.62021433,1.96489499
2004,270,5,94.225,6.049,2.055,1.09,0.64,9.265,0.93505,2.765,0,12.62033229,1.965346538
2004,270,6,82.7565,200.077,66.98,77.475,27.7,9.895,0.93515,1.81,0,12.61782913,1.965793577
2004,270,7,71.707,574.356,209.515,257.365,77.32,13.245,0.8674,1.81,0,12.61615077,1.966317614
2004,270,8,61.2895,942.149,352.98,464.51,120.435,16.73,0.6909,3.92,0,12.61611609,1.966948101
2004,270,9,52.1905,1280.157,487.88,647.55,154.83,18.115,0.6083,4.865,0,12.61611557,1.967631693
2004,270,10,45.359,1472.506,566.98,753.185,170.815,19.2,0.53205,4.275,0,12.61611563,1.968333017
2004,270,11,41.9875,1555.789,603.64,800.96,176.895,20.015,0.4925,4.17,0,12.61611584,1.969043845
2004,270,12,42.913,1520.484,592.155,783.51,173.99,20.96,0.4547,3.31,0,12.61611571,1.969760051
2004,270,13,47.8825,1368.799,528.25,699.88,161.65,21.805,0.42155,3.74,0,12.61611561,1.970478452
2004,270,14,55.812,1100.872,420.01,557.125,138.2,22.345,0.3948,4.035,0,12.61611568,1.97119624
2004,270,15,65.567,754.883,283.815,374.455,103.435,22.53,0.3799,3.69,0,12.61611588,1.971912879
2004,270,16,76.341,380.052,139.94,178.835,59.025,22.385,0.36975,3.355,0,12.6161156,1.972629437
2004,270,17,87.5385,64.584,23.44,24.665,10.92,20.67,0.4193,3.015,0,12.61611556,1.973347464
2004,270,18,99.201,0.092,0.055,0,0.01,17.91,0.50485,3.24,0,12.59499898,1.97405506
2004,270,19,110.468,0.069,0,0,0,15.57,0.6243,3.32,0,12.59919507,1.974727018
2004,270,20,121.1195,0.092,0,0,0,15.535,0.647,3.375,0,12.59945418,1.97537418
2004,270,21,130.5345,0.138,0,0,0,14.55,0.68385,2.82,0,12.59958375,1.976008668
2004,270,22,137.7115,0.023,0,0,0,13.265,0.7289,2.7,0,12.59974001,1.97661195
2004,270,23,141.317,0.069,0,0,0,13.285,0.73625,3.26,0,12.59991308,1.977196242
2004,271,0,140.348,0.069,0,0,0,12.54,0.7681,2.995,0.010583333,12.6000969,1.977768858
2004,271,1,135.1035,0.069,0,0,0,10.73,0.83195,2.95,0.010583333,12.6002756,1.97829704
2004,271,2,126.86,0,0,0,0,9.87,0.8631,3.165,0.010583333,12.60043617,1.978774378
2004,271,3,116.847,0,0,0,0,9.685,0.87745,3.06,0.010583333,12.60056688,1.979230463
2004,271,4,105.892,0,0,0,0,10.035,0.8719,3.015,0.010583333,12.60066151,1.979689947
2004,271,5,94.441,4.761,1.595,0.735,0.405,10.275,0.8699,3.01,0.010583333,12.6007565,1.980161497
2004,271,6,82.942,165.991,59.725,68.445,23.55,10.57,0.87555,2.835,0.010583333,12.59558375,1.9806439
2004,271,7,71.911,517.385,195.19,240.915,72.41,13.625,0.79785,3.23,0.010583333,12.59363443,1.981188128
2004,271,8,61.5255,893.619,339.315,444.78,116.295,16.785,0.68905,3.605,0.010583333,12.59359401,1.981825722
2004,271,9,52.47,1204.188,461.175,609.305,147.37,18.91,0.6276,3.91,0.010583333,12.59359341,1.982517058
2004,271,10,45.6945,1519.771,592.08,784.355,182.78,20.45,0.5372,4.125,0.010583333,12.59359347,1.983229637
2004,271,11,42.3675,1323.673,514.935,679.15,153.975,21.02,0.4933,4.2,0.010583333,12.59359371,1.983948372
2004,271,12,43.309,1478.831,577.725,761.515,170.805,21.9,0.44595,4.24,0.010583333,12.59359351,1.98466828
2004,271,13,48.2695,1339.313,520.625,686.195,159.57,22.63,0.40005,4.115,0.010583333,12.59359357,1.985386958
2004,271,14,56.173,1081.736,413.205,548.125,136.515,23.3,0.3777,4.565,0.010583333,12.59359343,1.98610222
2004,271,15,65.906,739.726,279.02,368.31,102.085,23.545,0.36525,4.2,0.010583333,12.59359345,1.986814129
2004,271,16,76.664,359.582,132.925,169.73,56.69,23.31,0.36875,4.58,0.010583333,12.59359349,1.987525995
2004,271,17,87.8375,57.431,21.105,22.335,9.76,21.54,0.4117,3.04,0.010583333,12.59359293,1.988243601
2004,271,18,99.517,0.092,0.06,0,0,19.17,0.4827,2.81,0.010583333,12.56818656,1.988960676
2004,271,19,110.793,0,0,0,0,17.295,0.54705,3.29,0.010583333,12.57169368,1.98965916
2004,271,20,121.4635,0.023,0,0,0,15.185,0.6162,3.21,0.010583333,12.57191579,1.990322689
2004,271,21,130.9005,0.092,0,0,0,15.07,0.62555,3.34,0.010583333,12.57204262,1.990961054
2004,271,22,138.103,0.138,0,0,0,15.23,0.6455,2.25,0.010583333,12.57220031,1.991599975
2004,271,23,141.7095,0.115,0,0,0,12.665,0.7352,2.475,0.010583333,12.57237931,1.992205239
2004,272,0,140.7095,0.161,0,0,0,11.105,0.8014,2.145,0,12.57256657,1.992743883
2004,272,1,135.408,0.138,0,0,0,10.975,0.83045,2.055,0,12.57275069,1.993251536
2004,272,2,127.1115,0.069,0,0,0,9.825,0.8577,2.03,0,12.57291441,1.993734008
2004,272,3,117.061,0.115,0,0,0,9.585,0.8667,1.855,0,12.57304864,1.994188207
2004,272,4,106.0875,0.115,0,0,0.01,9.895,0.8641,2.54,0,12.57314672,1.994643856
2004,272,5,94.6215,4.623,1.825,1.305,0.66,10.635,0.8285,2.945,0,12.57324115,1.995120979
2004,272,6,83.128,95.749,36.59,41.86,11.44,12.465,0.87855,4.75,0,12.558575,1.995647679
2004,272,7,72.1185,400.844,149.38,184.635,51.38,14.82,0.82335,7.48,0,12.55514272,1.996244832
2004,272,8,61.7625,408.158,155.14,197.005,48.43,15.85,0.7538,7.82,0,12.55507086,1.996889157
2004,272,9,52.752,517.477,198.62,251.095,60.475,16.735,0.68025,8.835,0,12.55506979,1.997555341
2004,272,10,46.0255,683.123,262.755,335.035,79.795,17.26,0.6209,8.99,0,12.55506987,1.998235507
2004,272,11,42.746,1218.655,471.97,615.255,140.38,18.54,0.57825,9.05,0,12.55506979,1.998930482
2004,272,12,43.7065,1076.009,420.505,550.095,127.2,19.41,0.52545,8.54,0,12.55506981,1.999639328
2004,272,13,48.655,1196.667,466.39,615.17,145.18,20.72,0.3952,8.715,0,12.55506986,2.00035714
2004,272,14,56.534,887.57,339.88,449.245,112.86,20.575,0.41505,8.95,0,12.55507001,2.001078101
2004,272,15,66.2435,712.793,271.41,359.45,99.91,20.335,0.3819,9.36,0,12.55506986,2.001798271
2004,272,16,76.984,343.666,126.33,163.87,55.21,19.42,0.33585,8.41,0,12.55506984,2.002515015
2004,272,17,88.173,52.831,18.62,19.065,9.995,17.655,0.41795,6.485,0,12.55506739,2.003218439
2004,272,18,99.833,0.138,0,0,0.23,15.695,0.54965,5.97,0,12.52667409,2.00389274
2004,272,19,111.117,0,0,0,0.21,13.99,0.6323,5.25,0,12.52978201,2.004525763
2004,272,20,121.8055,0,0,0,0.095,12.145,0.67575,4.205,0,12.52998228,2.0051066
2004,272,21,131.268,0,0,0,0.05,10.48,0.73395,3.79,0,12.53010668,2.005626164
2004,272,22,138.494,0,0,0,0.085,9.615,0.7769,3.68,0,12.53025878,2.006096194
2004,272,23,142.1035,0.069,0,0,0.04,8.93,0.8005,3.12,0,12.53043201,2.006533685
2004,273,0,141.0675,0.046,0,0,0.11,8.315,0.8312,3.04,0,12.53061526,2.006942754
2004,273,1,135.7115,0.253,0,0,0.09,7.635,0.85745,2.705,0,12.53079799,2.007322566
2004,273,2,127.3625,0.046,0,0,0,7.575,0.87835,3.025,0,12.5309646,2.007685313
2004,273,3,117.277,0.092,0,0,0.135,7.34,0.8938,3.17,0,12.53109828,2.008041162
2004,273,4,106.2795,0,0,0,0.05,7.14,0.91505,3.265,0,12.53119436,2.008386776
2004,273,5,94.803,4.094,1.245,0.38,0.365,7.38,0.92175,3.69,0,12.53127968,2.008733331
2004,273,6,83.3135,179.86,60.41,70.22,24.605,8.14,0.9129,1.385,0,12.52923354,2.009103247
2004,273,7,72.327,541.167,197.48,253.485,73.265,11.02,0.8408,2.89,0,12.52740863,2.009553111
2004,273,8,62.001,908.776,337.66,442.965,113.77,13.89,0.73645,3.13,0,12.52737032,2.010113105
2004,273,9,53.0345,1174.587,442.59,584.715,139.135,15.6,0.63495,3.885,0,12.52736974,2.01074359
2004,273,10,46.361,1299.086,500.91,658.3,149.11,17.06,0.5587,4.13,0,12.52736982,2.011411948
2004,273,11,43.126,1510.594,583.065,770.07,168.01,18.365,0.4715,4.365,0,12.52737008,2.012105706
2004,273,12,44.1015,1486.881,575.855,759.8,166.695,19.355,0.41015,3.6,0,12.52736982,2.012814961
2004,273,13,49.038,1342.027,517.165,683.205,156.005,20.125,0.3573,3.575,0,12.52737002,2.013532471
2004,273,14,56.8935,1084.979,413.495,547.885,134.23,20.63,0.3108,3.325,0,12.52736983,2.014253968
2004,273,15,66.581,740.646,279.12,368.44,101.135,20.97,0.27525,3.075,0,12.52736986,2.014977148
2004,273,16,77.303,349.37,128.84,165.745,54.83,20.73,0.2778,2.91,0,12.52736976,2.015700483
2004,273,17,88.4685,48.783,18.6,18.14,7.865,19.185,0.3206,1.89,0,12.52736102,2.016419213
2004,273,18,100.1465,0.069,0.035,0,0,17.67,0.36765,2.32,0,12.49611627,2.017123989
2004,273,19,111.44,0.161,0,0,0,14.225,0.4807,3.125,0,12.49886183,2.017784232
2004,273,20,122.145,0.207,0,0,0,13.135,0.54595,3.17,0,12.49904886,2.018386071
2004,273,21,131.6325,0.138,0,0,0,12.055,0.63045,3.41,0,12.49918084,2.018953072
2004,273,22,138.8835,0.023,0,0,0,11.21,0.70285,3.19,0,12.49933801,2.019486136
2004,273,23,142.4955,0.023,0,0,0,10.41,0.76045,3.15,0,12.49951124,2.019987995
2004,274,0,141.426,0,0,0,0,9.925,0.7873,2.65,0,12.49969156,2.020464207
2004,274,1,136.0115,0.023,0,0,0,9.27,0.8216,1.51,0,12.49986697,2.020916697
2004,274,2,127.613,0,0,0,0,7.705,0.8786,0.49,0,12.50002552,2.02132059
2004,274,3,117.4905,0,0,0,0.02,7.58,0.89265,1.86,0,12.50015586,2.021686024
2004,274,4,106.475,0,0,0,0,7.585,0.8947,2.185,0,12.50024936,2.022048656
2004,274,5,95.022,3.427,1.285,0.555,0.4,7.41,0.90335,0.97,0,12.50032623,2.022407303
2004,274,6,83.501,164.128,55.875,66.26,22.67,7.52,0.90655,0.49,0,12.49695446,2.022764475
2004,274,7,72.536,505.287,185.25,235.4,68.265,9.97,0.85075,1.165,0,12.49497806,2.023179649
2004,274,8,62.2425,913.307,350.03,455.965,117.235,15.71,0.6301,0.405,0,12.49493646,2.023750852
2004,274,9,53.3175,1212.606,470.35,617.31,145.635,19.185,0.41755,0.945,0,12.49493583,2.024440515
2004,274,10,46.6975,1410.636,551.365,726.87,162.665,20.48,0.33955,1.305,0,12.4949359,2.02516046
2004,274,11,43.504,1499.14,588.98,776.965,170.395,21.35,0.3046,1.84,0,12.49493613,2.025885806
2004,274,12,44.4965,1476.002,581.41,767.615,170.085,22.315,0.2486,2.04,0,12.49493594,2.026611618
2004,274,13,49.4215,1320.936,517.695,681.95,157.35,22.99,0.2358,2.05,0,12.49493599,2.027334829
2004,274,14,57.253,1064.486,412.345,544.85,134.87,23.61,0.21455,1.8,0,12.49493585,2.028053799
2004,274,15,66.9175,720.59,275.08,361.975,100.585,23.79,0.2067,2.13,0,12.49493586,2.028769254
2004,274,16,77.623,340.607,128.53,162.875,54.725,23.405,0.2069,2.385,0,12.49493589,2.029485675
2004,274,17,88.8045,44.551,17.43,16.295,7.175,21.63,0.22635,2.59,0,12.49490054,2.030209033
2004,274,18,100.46,0.069,0.01,0,0,19.315,0.2944,3.625,0,12.45963591,2.030933055
2004,274,19,111.7615,0.115,0,0,0,16.535,0.36225,2.8,0,12.46197393,2.031632874
2004,274,20,122.484,0.115,0,0,0,13.875,0.47905,3.19,0,12.4621406,2.032278074
2004,274,21,131.9965,0.069,0,0,0,12.325,0.58885,2.665,0,12.4622693,2.032863334
2004,274,22,139.2725,0.023,0,0,0,11.46,0.64725,3.04,0,12.46242474,2.03340747
2004,274,23,142.8865,0.046,0,0,0,10.8,0.68595,3.075,0,12.46259881,2.033923258
2004,275,0,141.7815,0.069,0,0,0,9.785,0.74635,2.79,0,12.46278162,2.034405902
2004,275,1,136.312,0,0,0,0,9.585,0.7626,2.71,0,12.46295908,2.034863486
2004,275,2,127.861,0,0,0,0,9.105,0.7894,2.575,0,12.46311658,2.035306553
2004,275,3,117.704,0,0,0,0,8.77,0.80365,2.575,0,12.46324664,2.035731891
2004,275,4,106.6685,0,0,0,0,8.885,0.8078,2.39,0,12.46333958,2.036152381
2004,275,5,95.206,3.726,1.545,0.815,0.465,8.18,0.8404,2.505,0,12.46341882,2.03655967
2004,275,6,83.687,140.254,52.49,61.715,20.66,8.8,0.85425,2.96,0,12.45821967,2.036965141
2004,275,7,72.7475,527.39,201.325,256.61,73.845,13.24,0.75355,4.16,0,12.45598919,2.037474656
2004,275,8,62.4825,709.688,273.5,352.985,91.64,17.195,0.6402,5.395,0,12.45594204,2.038119204
2004,275,9,53.603,787.98,303.37,390.035,95.235,19.33,0.5569,6.315,0,12.45594133,2.038824617
2004,275,10,47.032,1165.203,446.04,582.98,139.19,21.19,0.4834,6.575,0,12.45594139,2.039549172
2004,275,11,43.8825,929.361,355.665,460.12,110.21,21.675,0.46195,6.67,0,12.45594162,2.04027762
2004,275,12,44.8905,676.062,254.49,322.855,79.39,21.67,0.4621,6.61,0,12.45594144,2.041006056
2004,275,13,49.8035,990.978,380.435,488.295,117.95,23.225,0.414,6.555,0,12.45594145,2.041732122
2004,275,14,57.6125,858.406,330.865,428.195,108.595,24.065,0.3871,6.595,0,12.45594134,2.042450228
2004,275,15,67.2535,320.804,123.83,153.82,37.915,23.72,0.39575,6.84,0,12.45594135,2.043165917
2004,275,16,77.9405,100.349,37.98,43.58,11.68,22.605,0.45715,6.075,0,12.45594136,2.043888042
2004,275,17,89.096,16.353,6.385,5.3,2.1,21.29,0.4922,5.975,0,12.40155132,2.044617305
2004,275,18,100.7705,0.069,0,0,0,20.36,0.5352,5.415,0,12.3744868,2.045348385
2004,275,19,112.082,0.046,0,0,0.065,19.745,0.571,5.145,0,12.37480219,2.046076693
2004,275,20,122.8205,0.138,0,0,0,19.82,0.5822,7.225,0,12.3749004,2.046803209
2004,275,21,132.3595,0.092,0,0,0.865,18.355,0.69735,7.61,0,12.37503031,2.047523193
2004,275,22,139.661,0.046,0,0,0.155,15.83,0.8825,3.325,0,12.37518816,2.048213902
2004,275,23,143.278,0,0,0,0,15.285,0.9253,1.21,0,12.37536261,2.048873037
2004,276,0,142.138,0.138,0,0,0,15.02,0.9384,2.2,0,12.37554608,2.049522155
2004,276,1,136.6125,0.276,0,0,1.055,13.96,0.9072,6.895,0,12.37573218,2.050153421
2004,276,2,128.1105,0.23,0,0,0.535,10.9,0.91925,8.89,0,12.37590353,2.050719066
2004,276,3,117.9185,0.23,0,0,0.525,9.35,0.864,10.84,0,12.37604281,2.051197826
2004,276,4,106.8625,0.069,0,0,0.52,7.065,0.847,10.105,0,12.37614008,2.051592569
2004,276,5,95.39,2.898,0.73,0.12,0.735,5.4,0.78925,7.495,0,12.37620967,2.051893212
2004,276,6,83.875,162.633,58.795,69.345,26.69,4.19,0.80825,5.24,0,12.37381062,2.052121703
2004,276,7,72.9595,539.327,203.3,266.025,80.99,4.835,0.7661,6.985,0,12.37182664,2.052335837
2004,276,8,62.7255,915.906,351.395,470.515,123.935,6.2,0.6748,7.5,0,12.37178451,2.052600959
2004,276,9,53.8905,1219.851,481.335,638.32,154.305,7.79,0.5695,6.96,0,12.37178388,2.052938948
2004,276,10,47.3695,1424.252,570.135,753.765,172.325,9.71,0.4786,5.6,0,12.37178394,2.05335852
2004,276,11,44.2605,1512.411,608.27,805.085,179.91,11.35,0.39015,5.23,0,12.37178417,2.053853909
2004,276,12,45.2845,1477.934,590.415,784.385,177.92,12.92,0.2905,5.865,0,12.37178399,2.054410249
2004,276,13,50.1865,1324.202,524.515,698.145,165.615,13.915,0.2699,5.12,0,12.37178399,2.055009845
2004,276,14,57.971,1063.198,415.59,555.205,142.54,14.635,0.2468,4.6,0,12.37178389,2.055635298
2004,276,15,67.5885,715.323,274.86,366.75,106.22,14.955,0.22955,4.39,0,12.3717839,2.056275224
2004,276,16,78.258,331.315,123.48,161.345,56.8,14.9,0.2411,3.675,0,12.37178391,2.056918685
2004,276,17,89.429,39.445,14.935,14.35,7.855,13.22,0.28085,2.67,0,12.37161522,2.057537581
2004,276,18,101.0795,0.023,0.01,0,0,11.05,0.31945,2.43,0,12.33790825,2.058094279
2004,276,19,112.3975,0.046,0,0,0,9.095,0.3994,1.515,0,12.33997063,2.058571937
2004,276,20,123.154,0.023,0,0,0,7.84,0.45725,1.605,0,12.34011768,2.058979882
2004,276,21,132.718,0,0,0,0,6.49,0.51875,1.71,0,12.34024429,2.059326854
2004,276,22,140.046,0.069,0,0,0,6.155,0.5403,0.89,0,12.34039953,2.059632856
2004,276,23,143.6675,0.115,0,0,0,4.75,0.60115,0.76,0,12.34057794,2.05989527
2004,277,0,142.493,0.253,0,0,0,4.2,0.622,1.755,0,12.3407677,2.060107962
2004,277,1,136.9115,0.345,0,0,0,2.58,0.69695,1.235,0,12.34096013,2.060264962
2004,277,2,128.3565,0.184,0,0,0,2.01,0.7209,1.165,0,12.34113235,2.060366258
2004,277,3,118.13,0.322,0,0,0,1.265,0.75145,1.93,0,12.34127167,2.060435181
2004,277,4,107.0555,0.23,0,0,0,1.59,0.72585,1.755,0,12.3413721,2.060493969
2004,277,5,95.6115,2.944,1.06,0.295,0.1,2.025,0.70195,1.845,0,12.34144353,2.060571103
2004,277,6,84.063,154.997,57.355,65.47,23.655,2.145,0.7009,2.025,0,12.33879179,2.060661903
2004,277,7,73.172,524.745,201.71,253.795,73.235,5.755,0.6592,1.84,0,12.33673849,2.060847663
2004,277,8,62.9685,891.434,340.58,442.23,113.38,11.21,0.44265,2.995,0,12.33669474,2.061253809
2004,277,9,54.177,1191.607,457.72,602.25,143.06,14.07,0.3079,4.125,0,12.33669409,2.061828363
2004,277,10,47.7065,1395.226,541.02,714.05,161.74,15.825,0.26145,4.795,0,12.33669415,2.062473456
2004,277,11,44.639,1483.04,577.415,763.7,170.68,17.35,0.22305,5.065,0,12.3366944,2.063156912
2004,277,12,45.677,1448.793,562.15,746.81,170.635,19.06,0.1849,6.215,0,12.33669418,2.063867967
2004,277,13,50.566,1298.074,497.505,664.36,159.565,20.28,0.19265,7.24,0,12.33669438,2.064595282
2004,277,14,58.3255,1037.76,391.155,523.83,135.76,21.11,0.20045,7.56,0,12.33669413,2.065328599
2004,277,15,67.921,689.816,255.87,340.66,99.27,21.3,0.21375,7.86,0,12.33669421,2.066063265
2004,277,16,78.5715,307.947,111.625,143.51,51.195,20.855,0.23175,7.02,0,12.33669434,2.066797699
2004,277,17,89.7555,33.488,11.995,10.515,6.365,18.345,0.2802,4.87,0,12.33558448,2.067523636
2004,277,18,101.388,0.023,0,0,0.005,15.1,0.35935,4.805,0,12.29317978,2.06820948
2004,277,19,112.715,0.299,0,0,0,14.52,0.3925,4.95,0,12.29452856,2.068853128
2004,277,20,123.489,0.299,0,0,0,13.89,0.42075,4.545,0,12.29466204,2.069479823
2004,277,21,133.0785,0.046,0,0,0,12.21,0.48015,3.5,0,12.29479646,2.070070415
2004,277,22,140.4295,0,0,0,0,10.89,0.528,3.485,0,12.29495268,2.070608277
2004,277,23,144.0575,0.069,0,0,0,10.99,0.5409,3.875,0,12.29512747,2.071122891
2004,278,0,142.848,0.138,0,0,0,11.145,0.5389,4.905,0,12.29531335,2.071642488
2004,278,1,137.2075,0.092,0,0,0.005,11.29,0.55725,4.705,0,12.29549515,2.072167893
2004,278,2,128.6035,0.092,0,0,0,11.61,0.6081,4.02,0,12.29565611,2.072702162
2004,278,3,118.3435,0.046,0,0,0,10.38,0.6834,3.86,0,12.29578761,2.073218735
2004,278,4,107.25,0,0,0,0,9.22,0.7433,3.4,0,12.295879,2.073686559
2004,278,5,95.7975,2.461,0.85,0.09,0.11,8.54,0.7688,3.38,0,12.29594203,2.074114408
2004,278,6,84.2505,147.292,53.465,60.745,22.36,8.565,0.7749,3.74,0,12.29279461,2.07452759
2004,278,7,73.386,513.107,191.33,244.845,73.12,11.03,0.6586,6.87,0,12.2906375,2.074994927
2004,278,8,63.2155,882.786,334.58,439.57,114.66,12.2,0.5686,8.47,0,12.29059134,2.075535414
2004,278,9,54.4645,1189.583,459.095,606.865,145.17,12.5,0.52215,7.745,0,12.29059071,2.076102715
2004,278,10,48.0455,1394.214,548.445,724.135,164.615,13.075,0.47635,6.64,0,12.2905908,2.076685053
2004,278,11,45.0165,1478.923,585.06,774.645,173.355,13.64,0.42255,6.6,0,12.29059066,2.0772861
2004,278,12,46.068,1447.183,573.265,762.065,173.78,14.13,0.31435,6.935,0,12.29059071,2.077903515
2004,278,13,50.9445,1295.843,510.56,681.3,163.22,14.635,0.23515,7.145,0,12.29059086,2.078535485
2004,278,14,58.681,1034.264,402.505,538.93,139.765,14.715,0.2225,6.505,0,12.29059081,2.079175651
2004,278,15,68.2545,687.378,263.63,352.61,103.26,14.57,0.21275,6.18,0,12.29059066,2.079814923
2004,278,16,78.8855,307.717,114.605,149.925,54.365,13.785,0.2352,5.885,0,12.29059067,2.080440946
2004,278,17,90.0485,31.648,11.11,10.53,7.195,11.4,0.2826,4.79,0,12.28885222,2.081015966
2004,278,18,101.694,0.069,0,0,0.045,8.105,0.37145,3.13,0,12.24831525,2.08148152
2004,278,19,113.0275,0.023,0,0,0.02,6.4,0.43925,3.435,0,12.24953459,2.081834648
2004,278,20,123.818,0,0,0,0.005,5.48,0.48895,2.7,0,12.24965507,2.082123261
2004,278,21,133.433,0.023,0,0,0,5.065,0.5128,2.385,0,12.24978224,2.082378109
2004,278,22,140.8135,0,0,0,0,4.45,0.54675,2.785,0,12.24993809,2.082606574
2004,278,23,144.4465,0.069,0,0,0,4.015,0.6058,2.775,0,12.25011325,2.082807981
2004,279,0,143.201,0.092,0,0,0,3.255,0.67165,2.68,0,12.25029763,2.082978501
2004,279,1,137.5035,0.161,0,0,0.005,2.42,0.73945,1.465,0,12.25047878,2.083107969
2004,279,2,128.8485,0.184,0,0,0,1.71,0.78175,1.87,0,12.25064438,2.083198338
2004,279,3,118.5545,0.207,0,0,0,1.585,0.8039,2.14,0,12.25078016,2.083268066
2004,279,4,107.4455,0.253,0,0,0,2.055,0.8113,3,0,12.2508772,2.083346264
2004,279,5,95.984,2.369,0.92,0.155,0.04,2.06,0.81615,2.715,0,12.25094179,2.083436206
2004,279,6,84.438,151.478,53.985,60.2,21.195,2.26,0.81175,1.745,0,12.24889481,2.083531283
2004,279,7,73.5995,508.093,193.67,244.585,71.715,5.35,0.71105,2.24,0,12.24680151,2.083710651
2004,279,8,63.4615,881.383,335.96,443.245,116.52,8.29,0.5292,3.515,0,12.24675653,2.084042437
2004,279,9,54.7545,1185.374,459.055,608.4,146.9,10,0.45865,3.04,0,12.24675587,2.084483119
2004,279,10,48.3825,1386.624,544.885,720.1,164.525,11.55,0.4301,2.815,0,12.24675599,2.084992431
2004,279,11,45.3945,1468.343,583.075,767.825,171.265,12.89,0.3678,2.09,0,12.24675645,2.085556427
2004,279,12,46.458,1434.073,571.475,751.775,169.205,14.155,0.30935,1.65,0,12.24675589,2.086164137
2004,279,13,51.3225,1278.064,506.52,665.825,156.26,15.24,0.28825,1.54,0,12.24675596,2.086806463
2004,279,14,59.0355,1015.082,396.065,524.065,132.695,15.915,0.25735,1.7,0,12.24675619,2.08747159
2004,279,15,68.5845,667.46,258.555,339.51,96.14,16.43,0.2412,1.32,0,12.2467559,2.088150481
2004,279,16,79.1965,291.364,111.955,139.965,47.51,16.575,0.23765,0.915,0,12.24675593,2.088836455
2004,279,17,90.374,27.876,11.395,9.215,4.45,14.865,0.2609,0.895,0,12.24264768,2.089504691
2004,279,18,101.9965,0.046,0,0,0,13.23,0.2851,0.815,0,12.20466466,2.090129097
2004,279,19,113.3385,0.069,0,0,0,12.18,0.3083,0.865,0,12.20561543,2.090711473
2004,279,20,124.1465,0,0,0,0,11.285,0.32545,1.215,0,12.20572924,2.091259147
2004,279,21,133.789,0,0,0,0,10.125,0.35545,2.185,0,12.20585641,2.09176697
2004,279,22,141.1945,0.069,0,0,0,9.045,0.37785,2.235,0,12.20601291,2.092228096
2004,279,23,144.833,0,0,0,0,7.665,0.43545,2.01,0,12.20618906,2.092634215
2004,280,0,143.553,0.115,0,0,0,6.13,0.49895,2.26,0,12.20637165,2.092970998
2004,280,1,137.7975,0.207,0,0,0,5.875,0.5146,2.47,0,12.20655495,2.093263512
2004,280,2,129.093,0.184,0,0,0,5.195,0.5447,2.485,0,12.20672189,2.09353236
2004,280,3,118.7665,0.069,0,0,0,4.19,0.58735,1.365,0,12.20685454,2.093758023
2004,280,4,107.6395,0.207,0,0,0,4.345,0.5718,1.49,0,12.20694771,2.093961743
2004,280,5,96.2095,2.001,0.75,0.15,0.03,5.26,0.52825,2.22,0,12.20700779,2.094193076
2004,280,6,84.625,135.424,50.425,56.8,19.895,5.72,0.5166,1.825,0,12.20326083,2.094459669
2004,280,7,73.816,490.406,185.555,233.115,68.855,8.35,0.55285,1.605,0,12.20093119,2.094802909
2004,280,8,63.709,859.671,327.185,426.15,110.775,13.725,0.366,2.44,0,12.2008809,2.095320792
2004,280,9,55.044,1161.224,447.57,587.475,140,17.12,0.26535,2.395,0,12.20088028,2.095982162
2004,280,10,48.7205,1361.278,528.425,696.235,158.825,18.835,0.21465,2.945,0,12.20088025,2.09669584
2004,280,11,45.7705,1448.471,565.02,745.45,167.895,20.16,0.1913,3.09,0,12.20088015,2.097427731
2004,280,12,46.847,1413.166,552.15,729.185,166.92,21.505,0.1722,2.995,0,12.20088019,2.0981674
2004,280,13,51.699,1248.00921,478.5,634.605,152.445,22.485,0.16945,3.125,0,12.20088033,2.098907658
2004,280,14,59.3875,973.0277778,382.475,507.845,131.835,23.02,0.1696,3.165,0,12.20088076,2.099645057
2004,280,15,68.9125,656.535,252.58,333.015,97.1,23.155,0.16625,3.72,0,12.20088016,2.100380349
2004,280,16,79.5055,286.327,109.22,138.01,47.565,22.53,0.16165,3.565,0,12.20088018,2.101117199
2004,280,17,90.6615,24.265,10.31,9.05,2.94,20.41,0.19745,3.195,0,12.1938866,2.10185749
2004,280,18,102.299,0,0,0,0,18.1,0.25025,3.745,0,12.16104553,2.102587435
2004,280,19,113.6475,0.069,0,0,0,16.405,0.2982,4.015,0,12.16185271,2.103290693
2004,280,20,124.4725,0.046,0,0,0,14.41,0.348,3.85,0,12.16196339,2.10395421
2004,280,21,134.14,0,0,0,0,13.44,0.3908,4.08,0,12.16209201,2.104577285
2004,280,22,141.5745,0,0,0,0,12.39,0.43475,3.565,0,12.16224745,2.105168114
2004,280,23,145.2185,0,0,0,0,11.865,0.45765,4.04,0,12.16242152,2.105731611
2004,281,0,143.9025,0,0,0,0,11.14,0.4902,4.105,0,12.16260129,2.10627192
2004,281,1,138.0905,0.092,0,0,0,10.38,0.53025,4.055,0,12.16277741,2.10678321
2004,281,2,129.336,0.023,0,0,0,10.195,0.5465,3.405,0,12.16293681,2.107275282
2004,281,3,118.9765,0.092,0,0,0,9.26,0.5888,4.25,0,12.16306515,2.107743634
2004,281,4,107.8325,0,0,0,0,8.03,0.6562,3.355,0,12.16315566,2.108164018
2004,281,5,96.3995,1.518,0.765,0.02,0.22,8.18,0.66925,4.18,0,12.1632091,2.10855962
2004,281,6,84.814,133.262,51.42,62.52,19.265,8.48,0.68725,4.075,0,12.15950827,2.108965716
2004,281,7,74.0335,297.988,112.835,141.605,40.46,11.385,0.62365,4.27,0,12.15712879,2.1094421
2004,281,8,63.958,672.198,253.005,327.53,85.625,14.39,0.53425,4.425,0,12.1570772,2.110031083
2004,281,9,55.335,1097.238,415.02,544.745,132.87,18.605,0.4295,4.805,0,12.15707664,2.110717498
2004,281,10,49.058,1303.364,494.98,651.94,152.52,21.805,0.35775,5.855,0,12.15707644,2.111454648
2004,281,11,46.144,1342.441,511.435,672.02,155.98,24.005,0.3317,6.005,0,12.15707657,2.112191953
2004,281,12,47.234,1291.105,488.305,644.015,151.905,25.58,0.3509,6.35,0,12.15707705,2.112909289
2004,281,13,52.0735,1080.839,408.61,534.86,131.175,26.13,0.3729,6.9,0,12.15707644,2.113608076
2004,281,14,59.7365,806.84,303.42,395.03,101.74,26.5,0.3665,7.47,0,12.15707649,2.114296963
2004,281,15,69.239,463.404,176.645,223.63,61.14,26.45,0.37415,7.09,0,12.15707663,2.114982176
2004,281,16,79.8125,209.415,79.575,97.23,30.4,25.94,0.397,6.5,0,12.15707645,2.11567373
2004,281,17,90.984,15.732,5.99,4.77,2.19,23.23,0.49125,4.56,0,12.13812209,2.116393511
2004,281,18,102.5985,0,0,0,0,20.9,0.56845,4.3,0,12.11560185,2.117135569
2004,281,19,113.953,0.046,0,0,0,19.785,0.6141,4.51,0,12.11620524,2.117876561
2004,281,20,124.7965,0.046,0,0,0,18.945,0.6518,4.74,0,12.11631072,2.118610593
2004,281,21,134.4895,0,0,0,0,18.32,0.68895,5.06,0,12.11643981,2.119336742
2004,281,22,141.9525,0.069,0,0,0,18.335,0.71285,5.605,0,12.11659688,2.120058993
2004,281,23,145.6035,0.207,0,0,0,19.045,0.7065,6.105,0,12.11677898,2.120785817
2004,282,0,144.2525,0.161,0,0,0,19.6,0.7001,5.835,0.169333333,12.11697053,2.121519499
2004,282,1,138.382,0.184,0,0,0,19.585,0.72445,5.795,0.169333333,12.1171542,2.122255632
2004,282,2,129.578,0.253,0,0,0,19.555,0.74855,7.165,0.169333333,12.11732055,2.122991571
2004,282,3,119.1865,0.207,0,0,0.01,19.275,0.7819,8.045,0.169333333,12.11745684,2.123726134
2004,282,4,108.026,0.046,0,0,0.03,18.795,0.81355,7.34,0.169333333,12.11754944,2.124456911
2004,282,5,96.591,0.736,0.255,0,0.2,18.31,0.84665,6.05,0.169333333,12.11759807,2.125182045
2004,282,6,84.9995,39.008,14.55,14.65,4.87,17.93,0.8753,6.265,0.169333333,12.07925164,2.125901951
2004,282,7,74.2495,171.281,62.06,75.875,20.115,18.075,0.88155,7.45,0.169333333,12.0467133,2.126621256
2004,282,8,64.205,287.523,103.785,127.96,32.465,19.245,0.83765,8.755,0.169333333,12.04600037,2.127349785
2004,282,9,55.627,224.986,76.62,91.995,22.35,19.795,0.8209,7.845,0.169333333,12.04598958,2.128087522
2004,282,10,49.396,251.436,84.975,102.92,23.885,19.52,0.8607,8.415,0.169333333,12.04598969,2.128826451
2004,282,11,46.519,215.05,72.325,86.575,19.02,18.715,0.91385,8.035,0.169333333,12.04598945,2.129560297
2004,282,12,47.621,184.713,61.065,71.75,14.825,18.41,0.93475,8.815,0.169333333,12.04598949,2.130287841
2004,282,13,52.446,232.07,80.995,98.36,22.03,18.62,0.9327,9.035,0.169333333,12.04598958,2.131014785
2004,282,14,60.086,233.588,84.21,101.915,23.54,18.865,0.9184,7.985,0.169333333,12.04598988,2.131744551
2004,282,15,69.564,101.591,36.765,41.96,10.25,18.605,0.92325,7.555,0.169333333,12.04598949,2.132474225
2004,282,16,80.118,47.84,17.765,18.2,5.105,18.38,0.9298,6.745,0.169333333,12.04585031,2.13320088
2004,282,17,91.268,7.429,2.78,1.57,1.02,18.105,0.922,5.865,0.169333333,11.93649766,2.133925602
2004,282,18,102.894,0.092,0,0,0.07,17.455,0.9428,4.82,0.169333333,11.93473333,2.13464465
2004,282,19,114.257,0.391,0,0,0.02,16.955,0.9587,4.285,0.169333333,11.93486917,2.135353911
2004,282,20,125.1155,0.46,0,0,0,16.915,0.9627,4.615,0.169333333,11.93497617,2.136058138
2004,282,21,134.836,0.253,0,0,0,17.155,0.95685,4.735,0.169333333,11.93512143,2.136764266
2004,282,22,142.326,0.023,0,0,0.04,17.14,0.9569,5.17,0.169333333,11.93528688,2.137472504
2004,282,23,145.985,0.046,0,0,0.015,16.94,0.9654,5.2,0.169333333,11.93546264,2.138178723
2004,283,0,144.5985,0,0,0,0,16.98,0.97255,5.14,0.03175,11.93564527,2.138883419
2004,283,1,138.6735,0.046,0,0,0,17,0.97805,4.89,0.03175,11.93581966,2.139588686
2004,283,2,129.819,0.161,0,0,0.235,16.955,0.9743,4.71,0.03175,11.93598024,2.140293711
2004,283,3,119.395,0,0,0,0.34,16.415,0.89075,3.83,0.03175,11.93611025,2.140992915
2004,283,4,108.22,0,0,0,0.475,14.89,0.8607,4.195,0.03175,11.936198,2.141668793
2004,283,5,96.7815,0.506,0.17,0,0.25,13.43,0.847,4.015,0.03175,11.93624446,2.142304449
2004,283,6,85.225,19.872,7.635,6.12,1.66,13.205,0.85485,2.83,0.03175,11.93466684,2.142914207
2004,283,7,74.4695,170.292,67.715,81.555,18.745,14.045,0.77645,3.305,0.03175,11.8504998,2.14353443
2004,283,8,64.4565,771.328,293.17,378.535,96.395,15.74,0.65815,4.66,0.03175,11.84817958,2.144192164
2004,283,9,55.919,1076.906,404.37,533.335,128.98,17.35,0.52825,6.19,0.03175,11.84814367,2.144889644
2004,283,10,49.7345,1305.779,495.63,656.62,151.56,18.48,0.44715,4.905,0.03175,11.84814321,2.145612234
2004,283,11,46.8925,1436.189,552.23,729.985,165.155,19.77,0.38485,3.395,0.03175,11.84814328,2.146350396
2004,283,12,48.0035,1419.422,544.535,725.22,166.8,20.55,0.33895,4.325,0.03175,11.84814352,2.147097214
2004,283,13,52.8165,1250.326,477.635,637.145,153.185,20.945,0.3201,4.46,0.03175,11.84814329,2.147846853
2004,283,14,60.433,988.195,372.555,496.99,128.7,21.33,0.3117,4.07,0.03175,11.84814347,2.148597468
2004,283,15,69.888,636.134,235.99,311.72,91.26,21.515,0.2916,3.925,0.03175,11.84814322,2.149348388
2004,283,16,80.4205,258.635,94.01,118.515,43.115,20.97,0.291,3.265,0.03175,11.84814323,2.150099122
2004,283,17,91.587,18.285,6.915,4.665,3.135,19.075,0.3352,3.24,0.03175,11.83825312,2.150844615
2004,283,18,103.188,0,0,0,0,17.25,0.4027,3.885,0.03175,11.82399588,2.151570788
2004,283,19,114.5585,0.138,0,0,0,15.165,0.48215,3.535,0.03175,11.82478376,2.152261039
2004,283,20,125.4335,0,0,0,0,13.65,0.52235,3.97,0.03175,11.82489179,2.152905604
2004,283,21,135.18,0.023,0,0,0,12.945,0.4558,3.34,0.03175,11.82501943,2.153516247
2004,283,22,142.6995,0.069,0,0,0,12.415,0.43825,4.03,0.03175,11.8251769,2.154106091
2004,283,23,146.3665,0.023,0,0,0,11.18,0.4771,3.19,0.03175,11.82535321,2.154663866
2004,284,0,144.946,0.023,0,0,0,10.83,0.4811,3.585,0,11.82553475,2.155191122
2004,284,1,138.9625,0.023,0,0,0,10.195,0.5111,4.18,0,11.82570969,2.155698341
2004,284,2,130.059,0.023,0,0,0,9.71,0.5563,3.74,0,11.82586675,2.156182012
2004,284,3,119.6055,0.023,0,0,0,9.92,0.57965,3.79,0,11.82599458,2.156659788
2004,284,4,108.414,0.046,0,0,0,9.345,0.6082,4.11,0,11.82608462,2.157129605
2004,284,5,96.972,1.311,0.755,0.075,0.33,8.285,0.65705,3.77,0,11.8261379,2.157562802
2004,284,6,85.415,116.932,44.09,49.695,18.9,8.575,0.66965,4.32,0,11.83695403,2.157978296
2004,284,7,74.689,446.085,165.91,210.71,65.88,11.06,0.5839,6.045,0,11.83470451,2.158455422
2004,284,8,64.7075,829.656,315.63,417.925,113.39,12.91,0.51405,6.425,0,11.83464932,2.159019834
2004,284,9,56.211,1197.426,464.36,616.455,154.54,15.02,0.40775,7.915,0,11.83464861,2.15965086
2004,284,10,50.0715,1354.056,531.465,704.25,166.88,16.745,0.3219,7.415,0,11.83464852,2.160333788
2004,284,11,47.2645,1376.688,543.115,718.86,167.375,17.835,0.2908,6.855,0,11.83464845,2.161046154
2004,284,12,48.385,1257.548,498.325,654.275,154.99,18.83,0.26015,6.105,0,11.83464846,2.161775072
2004,284,13,53.185,1000.569,396.85,514.99,126.39,19.575,0.2194,5.99,0,11.8346485,2.16251442
2004,284,14,60.777,729.675,290.335,371.225,95.3,19.935,0.2038,5.76,0,11.83464862,2.163258758
2004,284,15,70.209,543.559,213.6,272.03,76.05,20.11,0.19745,5.165,0,11.83464894,2.164005022
2004,284,16,80.72,164.22,64.56,76.92,23.11,18.905,0.22125,4.785,0,11.83464847,2.164747084
2004,284,17,91.8655,10.419,4.315,3.07,0.97,16.405,0.29165,4.025,0,11.81205395,2.16546503
2004,284,18,103.479,0.115,0,0,0,13.93,0.3881,4.415,0,11.80407705,2.166130085
2004,284,19,114.8545,0.115,0,0,0,12.015,0.48205,4.41,0,11.80464427,2.166729699
2004,284,20,125.7485,0.161,0,0,0,12.02,0.5688,5.96,0,11.80475007,2.167296054
2004,284,21,135.5205,0.069,0,0,0.03,11.275,0.6561,5.71,0,11.804883,2.167848483
2004,284,22,143.071,0.023,0,0,0,10.36,0.7075,4.565,0,11.8050414,2.168368304
2004,284,23,146.7455,0.023,0,0,0.02,9.495,0.74115,4.495,0,11.80521689,2.168851018
2004,285,0,145.291,0,0,0,0,8.315,0.7852,3.835,0,11.80539757,2.169288448
2004,285,1,139.2505,0,0,0,0,7.73,0.79195,3.025,0,11.80557069,2.169684939
2004,285,2,130.299,0,0,0,0,8.34,0.74225,3.57,0,11.80572669,2.17008202
2004,285,3,119.8135,0,0,0,0,8.605,0.70735,3.725,0,11.80585289,2.170499682
2004,285,4,108.607,0,0,0,0,8.25,0.6972,3.58,0,11.80594117,2.170915242
2004,285,5,97.166,0.805,0.605,0.16,0.355,8.19,0.6829,3.795,0,11.80598991,2.171321097
2004,285,6,85.604,46.069,18.145,18.985,5.68,8.255,0.68275,3.62,0,11.78208004,2.171727143
2004,285,7,74.908,425.868,164.82,212.16,62.725,9.58,0.6813,4.62,0,11.76695299,2.172165303
2004,285,8,64.9595,656.374,258.105,333.09,87.24,11.78,0.64845,5.075,0,11.76657639,2.17267934
2004,285,9,56.5035,841.8,329.6,426.09,105.8,13.395,0.62045,4.545,0,11.76657052,2.173266165
2004,285,10,50.4075,1208.397,470.835,619.1,149.135,15.99,0.5203,5.355,0,11.76657043,2.173918719
2004,285,11,47.6355,1442.123,563.66,746.775,175.99,17.665,0.4127,5.66,0,11.76657044,2.174622845
2004,285,12,48.766,951.441,370.745,486.605,115.555,18.275,0.3577,5.51,0,11.76657048,2.175347401
2004,285,13,53.5515,470.442,182.51,229.43,56.56,17.8,0.3904,5.575,0,11.76657059,2.176073
2004,285,14,61.12,485.714,188.365,236.885,59.785,17.885,0.41905,5.655,0,11.76657092,2.176795643
2004,285,15,70.5255,356.178,139.72,174.305,44.51,17.98,0.39485,6.36,0,11.76657048,2.177519686
2004,285,16,81.0175,129.099,51.22,61.015,16.555,16.97,0.4517,5.72,0,11.7665705,2.178236098
2004,285,17,92.1795,9.545,3.695,2.75,1.17,15.43,0.5338,4.745,0,11.73865717,2.178927213
2004,285,18,103.767,0.023,0,0,0,14.465,0.53435,5.505,0,11.73384502,2.179587839
2004,285,19,115.149,0,0,0,0,13.845,0.5149,6.43,0,11.73433672,2.180226071
2004,285,20,126.058,0.046,0,0,0,13.36,0.4922,6.455,0,11.7344371,2.180847332
2004,285,21,135.8585,0.046,0,0,0.055,12.93,0.50505,7.475,0,11.73456646,2.181453736
2004,285,22,143.439,0.207,0,0,0.07,11.87,0.5562,4.855,0,11.73472856,2.182034325
2004,285,23,147.122,0.299,0,0,0.005,10.895,0.60395,3.575,0,11.73491738,2.182577004
2004,286,0,145.634,0.322,0,0,0,11.005,0.62065,4.19,0,11.73511628,2.183102721
2004,286,1,139.536,0.161,0,0,0.005,10.77,0.66085,4.62,0,11.73530536,2.183625919
2004,286,2,130.536,0.276,0,0,0.03,10.64,0.67395,4.88,0,11.73547189,2.184141719
2004,286,3,120.0195,0.046,0,0,0.07,10.18,0.71045,5.1,0,11.73560612,2.18464533
2004,286,4,108.8005,0.046,0,0,0.05,9.885,0.75515,5.495,0,11.73569597,2.185133037
2004,286,5,97.356,0.391,0.095,0,0.135,9.915,0.76725,5.49,0,11.73574282,2.185615075
2004,286,6,85.8315,28.244,10.535,10.195,3.185,9.77,0.78095,4.58,0,11.72455443,2.186094656
2004,286,7,75.129,113.873,41.245,48.16,11.53,10.505,0.74995,4.825,0,11.6610851,2.186586914
2004,286,8,65.2125,161.437,56.88,67.96,15.995,10.735,0.74605,4.885,0,11.65938975,2.187099425
2004,286,9,56.797,253.874,88.48,107.015,24.215,11.235,0.74115,5.465,0,11.6593628,2.187626716
2004,286,10,50.744,208.127,70.85,83.96,18.67,11.54,0.76555,6.005,0,11.65936247,2.188169901
2004,286,11,48.004,190.348,62.83,73.755,14.88,10.71,0.87565,5.54,0,11.65936257,2.188702713
2004,286,12,49.145,193.982,67.615,78.445,16.545,11.545,0.855,5.435,0,11.65936296,2.189235624
2004,286,13,53.916,130.916,45.66,51.325,11.215,11.87,0.86665,4.185,0,11.65936249,2.189791084
2004,286,14,61.46,184.621,66.145,78.95,17.855,12.08,0.8682,4.72,0,11.65936257,2.190356572
2004,286,15,70.8425,175.306,64.2,77.73,18.205,11.82,0.88175,5.36,0,11.65936279,2.190921131
2004,286,16,81.313,86.756,33.545,39.975,10.345,12.225,0.83605,5.44,0,11.65936249,2.19148836
2004,286,17,92.4545,3.358,1.3,0.705,0.39,12.415,0.81255,3.71,0,11.61306309,2.192066448
2004,286,18,104.0525,0.046,0,0,0,12.42,0.85345,2.98,0,11.61190362,2.192648032
2004,286,19,115.4405,0.253,0,0,0,12.535,0.85865,2.71,0,11.61219332,2.193231748
2004,286,20,126.367,0.322,0,0,0,12.4,0.84425,4.215,0,11.61229696,2.193815108
2004,286,21,136.1935,0,0,0,0,11.915,0.8819,4.35,0,11.61243202,2.194387284
2004,286,22,143.804,0,0,0,0,11.665,0.8915,4.26,0,11.61258793,2.194945866
2004,286,23,147.4975,0.23,0,0,0,11.505,0.8956,3.2,0,11.61276729,2.195496675
2004,287,0,145.9755,0.138,0,0,0,11.375,0.90515,3.015,0.021166667,11.61295878,2.196041908
2004,287,1,139.821,0.138,0,0,0,10.945,0.95065,2.835,0.021166667,11.61314041,2.19657617
2004,287,2,130.774,0.414,0,0,0,10.77,0.9766,3.18,0.021166667,11.61330984,2.197098362
2004,287,3,120.229,0.23,0,0,0.06,10.58,0.98395,4.56,0.021166667,11.61345136,2.197613133
2004,287,4,108.995,0.345,0,0,0.025,10.315,0.9859,4.91,0.021166667,11.61354881,2.198118517
2004,287,5,97.549,0.368,0,0,0.105,10.305,0.98335,4.935,0.021166667,11.61359915,2.198618169
2004,287,6,86.023,17.181,6.07,4.815,1.99,10.39,0.9773,4.135,0.021166667,11.61303065,2.19911939
2004,287,7,75.352,60.444,21.64,22.695,5.62,10.31,0.97725,4.825,0.021166667,11.50930669,2.199620716
2004,287,8,65.465,85.951,29.955,32.415,7.34,10.485,0.97195,5.06,0.021166667,11.50238556,2.200124023
2004,287,9,57.0895,181.585,64.255,75.29,16.445,10.92,0.9422,4.87,0.021166667,11.50227267,2.2006399
2004,287,10,51.0815,197.018,70.735,82.79,17.895,11.33,0.93965,4.95,0.021166667,11.5022712,2.201172779
2004,287,11,48.3725,208.955,74.62,88.295,19.085,11.765,0.90635,5.335,0.021166667,11.50227123,2.201722132
2004,287,12,49.5195,187.22,66.57,78.485,17.34,12.065,0.9017,6.135,0.021166667,11.50227115,2.202285389
2004,287,13,54.2785,136.85,47.455,54.595,12.22,11.63,0.9474,6.565,0.021166667,11.50227116,2.202846112
2004,287,14,61.797,180.527,65.2,76.14,16.84,11.785,0.93345,6.865,0.021166667,11.50227119,2.203401585
2004,287,15,71.1555,110.492,39.03,43.99,10.44,11.825,0.89585,6.84,0.021166667,11.50227124,2.203960738
2004,287,16,81.6045,23.897,8.11,5.96,2.3,11.59,0.8679,7.07,0.021166667,11.45461636,2.204516207
2004,287,17,92.764,3.427,1.82,1.085,1.065,11.245,0.85145,3.37,0.021166667,11.37060919,2.205060555
2004,287,18,104.3345,0.253,0,0,0,11.305,0.9215,3.03,0.021166667,11.37069549,2.205599365
2004,287,19,115.7285,0.115,0,0,0.01,10.86,0.8884,3.455,0.021166667,11.37075893,2.206130554
2004,287,20,126.6705,0,0,0,0,9.745,0.89485,3.72,0.021166667,11.37085181,2.206629748
2004,287,21,136.5265,0,0,0,0,8.375,0.8563,3.57,0.021166667,11.37097878,2.207074715
2004,287,22,144.1685,0.046,0,0,0,6.72,0.84455,2.935,0.021166667,11.37113643,2.207448701
2004,287,23,147.873,0.161,0,0,0,6.58,0.8079,3.375,0.021166667,11.37131534,2.207778624
2004,288,0,146.315,0.207,0,0,0,6.415,0.85415,3.4,0.09525,11.37150663,2.208100884
2004,288,1,140.103,0.115,0,0,0,6.035,0.86025,3.315,0.09525,11.37169076,2.208409355
2004,288,2,131.009,0.276,0,0,0,5.3,0.9027,3.785,0.09525,11.37185537,2.208689291
2004,288,3,120.4365,0.345,0,0,0,4.905,0.94775,2.16,0.09525,11.37199467,2.208939974
2004,288,4,109.1875,0.253,0,0,0,5.165,0.97115,2.36,0.09525,11.37209251,2.209187143
2004,288,5,97.7425,0.575,0.165,0,0.035,6.63,0.9833,3.695,0.09525,11.37214258,2.209478804
2004,288,6,86.2135,24.058,10,9.215,2.66,7.09,0.98725,4.315,0.09525,11.3688592,2.209819203
2004,288,7,75.5735,108.422,43.135,50.555,11.395,7.485,0.98865,4.035,0.09525,11.31158175,2.210180722
2004,288,8,65.7205,202.906,78.97,96.235,21.82,7.97,0.98,3.61,0.09525,11.30955801,2.210563612
2004,288,9,57.384,484.426,186.81,231.905,51.24,9.005,0.93235,2.86,0.09525,11.30952423,2.210982411
2004,288,10,51.417,721.004,280.115,351.755,78.735,10.255,0.87955,2.385,0.09525,11.30952377,2.211452751
2004,288,11,48.7405,460.828,172.78,215.03,48.26,10.82,0.86015,2.7,0.09525,11.30952384,2.211961835
2004,288,12,49.894,335.34,120.615,148.76,33.65,10.825,0.8536,3.4,0.09525,11.30952408,2.212482615
2004,288,13,54.636,209.921,72.98,87.035,19.095,11.035,0.8391,2.92,0.09525,11.30952387,2.213007728
2004,288,14,62.1325,193.798,69.495,82.685,18.34,10.94,0.86695,2.34,0.09525,11.30952395,2.213535151
2004,288,15,71.466,108.215,39.79,44.985,10.265,10.765,0.88645,0.9,0.09525,11.3095238,2.214057141
2004,288,16,81.8915,36.018,13.64,12.205,3.46,10.485,0.91205,1.175,0.09525,11.30562659,2.214569857
2004,288,17,93.0315,1.403,0.445,0,0.09,10.025,0.94605,1.7,0.09525,11.19761961,2.215067173
2004,288,18,104.6135,0.023,0,0,0,9.815,0.96245,1.105,0.09525,11.19816499,2.215550256
2004,288,19,116.0135,0,0,0,0.05,9.625,0.96695,1.29,0.09525,11.1982494,2.216024687
2004,288,20,126.971,0,0,0,0.315,9.255,0.952,2.7,0.09525,11.19834041,2.21648682
2004,288,21,136.8535,0.184,0,0,0.21,8.575,0.94505,4.775,0.09525,11.19847089,2.216925354
2004,288,22,144.5265,0.299,0,0,0.215,8.29,0.9424,4.57,0.09525,11.19863886,2.217341684
2004,288,23,148.2425,0.414,0,0,0.145,7.865,0.9379,4.365,0.09525,11.1988334,2.217741306
2004,289,0,146.652,0.391,0,0,0.04,8.1,0.9425,5.3,0.042333333,11.19903873,2.218136424
2004,289,1,140.3855,0.184,0,0,0.145,8.145,0.92925,6.055,0.042333333,11.19923019,2.218538194
2004,289,2,131.2435,0.46,0,0,0.065,7.705,0.9442,7.405,0.042333333,11.19940135,2.218930558
2004,289,3,120.6415,0.391,0,0,0.005,7.575,0.9403,7.59,0.042333333,11.19954625,2.219309245
2004,289,4,109.3825,0.345,0,0,0.08,7.435,0.9439,8.325,0.042333333,11.1996458,2.219681389
2004,289,5,97.934,0.161,0.01,0,0.025,7.31,0.92645,7.87,0.042333333,11.19969396,2.220047078
2004,289,6,86.4425,18.446,7.09,5.815,1.915,7.315,0.91915,5.875,0.042333333,11.19906246,2.220409834
2004,289,7,75.7975,88.32,34.375,38.11,8.695,7.545,0.89175,6.28,0.042333333,11.13686331,2.220778326
2004,289,8,65.975,150.765,57.395,67.265,14.675,7.855,0.89475,6.715,0.042333333,11.13379088,2.221159903
2004,289,9,57.6775,160.586,57.505,67.87,14.82,7.43,0.93165,7.935,0.042333333,11.13373818,2.221538697
2004,289,10,51.75,356.27,133.06,163.95,35.45,7.085,0.93615,8.51,0.042333333,11.13373749,2.221898748
2004,289,11,49.1035,663.274,257.3,326.915,73.38,7.9,0.8446,7.89,0.042333333,11.13373764,2.222270233
2004,289,12,50.265,1322.04,515.04,677.905,153.5,10.38,0.6393,8.425,0.042333333,11.13373824,2.222718369
2004,289,13,54.9915,783.679,300.28,389.71,92.13,11.245,0.57625,9.54,0.042333333,11.13373748,2.223238655
2004,289,14,62.463,311.673,120.39,148.57,34.78,11.435,0.59535,8.51,0.042333333,11.13373754,2.223780001
2004,289,15,71.7745,306.222,118.905,147.485,36.015,11.76,0.62745,9.075,0.042333333,11.13373768,2.224331278
2004,289,16,82.1775,131.951,50.21,59.145,18.17,11.2,0.6764,6.245,0.042333333,11.13373752,2.224878019
2004,289,17,93.3375,4.6,1.52,0.58,0.38,9.99,0.7545,4.495,0.042333333,11.12228044,2.225389339
2004,289,18,104.888,0.138,0,0,0.04,9.365,0.8044,4.81,0.042333333,11.13042194,2.22586188
2004,289,19,116.294,0.115,0,0,0.05,9.38,0.76635,7.805,0.042333333,11.13097145,2.226321036
2004,289,20,127.268,0,0,0,0.115,9.005,0.77335,8.46,0.042333333,11.13107126,2.226772143
2004,289,21,137.1775,0,0,0,0.05,8.935,0.759,8.595,0.042333333,11.131197,2.227213223
2004,289,22,144.885,0.046,0,0,0.13,8.48,0.67495,8.355,0.042333333,11.13135255,2.227642283
2004,289,23,148.611,0.023,0,0,0.1,8.005,0.6356,8.35,0.042333333,11.1315274,2.228049697
2004,290,0,146.9875,0.023,0,0,0.16,7.255,0.70295,6.57,0,11.13170737,2.228049697
2004,290,1,140.663,0.069,0,0,0.095,6.84,0.67005,7.6,0,11.13188266,2.228049697
2004,290,2,131.4775,0.069,0,0,0.145,6.36,0.6344,7.69,0,11.13204109,2.228049697
2004,290,3,120.8485,0.046,0,0,0.035,6.075,0.665,6.875,0,11.13216995,2.228049697
2004,290,4,109.5755,0,0,0,0.18,5.825,0.68125,8.925,0,11.13225965,2.228049697
2004,290,5,98.1285,0.23,0.015,0,0.285,5.15,0.70785,8.9,0,11.13230587,2.228049697
2004,290,6,86.636,68.356,26.765,30.37,10.175,4.66,0.7028,8.81,0,11.15921042,2.228049697
2004,290,7,76.021,142.301,55.13,65.83,15.965,4.975,0.69145,8.3,0,11.15634418,2.228049697
2004,290,8,66.229,666.54,255.4,326.66,83.12,6.355,0.61875,11.725,0,11.15623303,2.228049697
2004,290,9,57.9715,889.341,342.995,445.105,105.855,7.325,0.59,11.37,0,11.15623115,2.228049697
2004,290,10,52.086,765.647,298.56,384.43,89.57,7.615,0.5824,11.815,0,11.15623115,2.228049697
2004,290,11,49.465,723.143,281.675,359.315,83.71,7.515,0.5892,11.73,0,11.15623112,2.228049697
2004,290,12,50.6335,649.888,253.735,322.475,75.445,8.605,0.5389,10.93,0,11.15623113,2.228049697
2004,290,13,55.347,491.993,191.625,241.025,57.795,9.035,0.5016,11.935,0,11.15623118,2.228049697
2004,290,14,62.791,782.759,302.745,400.785,106.07,9.925,0.45145,11.87,0,11.15623131,2.228049697
2004,290,15,72.0785,379.868,141.27,179.92,53.41,9.735,0.44905,10.535,0,11.15623128,2.228049697
2004,290,16,82.459,184.092,68.395,85.15,33.48,9.405,0.4606,9.685,0,11.15623114,2.228049697
2004,290,17,93.601,7.13,2.2,1.01,1.545,7.94,0.5136,7.025,0,11.15050565,2.228049697
2004,290,18,105.16,0.023,0,0,0.13,5.74,0.6194,4.225,0,11.16152616,2.228049697
2004,290,19,116.5715,0.023,0,0,0,4.23,0.68005,4.265,0,11.16225744,2.228049697
2004,290,20,127.5615,0.023,0,0,0,3.325,0.71495,4.105,0,11.1623598,2.228049697
2004,290,21,137.4975,0.046,0,0,0,2.53,0.73975,4.235,0,11.1624875,2.228049697
2004,290,22,145.2385,0.345,0,0,0,1.75,0.76035,4.32,0,11.16265135,2.228049697
2004,290,23,148.9785,0.23,0,0,0,1.23,0.76265,4.245,0,11.16284163,2.228049697
2004,291,0,147.3205,0.184,0,0,0,1.245,0.74705,4.715,0,11.1630334,2.228049697
2004,291,1,140.941,0.115,0,0,0.005,1.025,0.7446,4.57,0,11.16321572,2.228049697
2004,291,2,131.7095,0.23,0,0,0.005,0.83,0.75375,4.755,0,11.16337918,2.228049697
2004,291,3,121.0535,0.046,0,0,0.085,-0.2,0.7996,4.225,0,11.16351201,2.228049697
2004,291,4,109.7685,0.023,0,0,0,-0.36,0.8038,3.795,0,11.16360145,2.228049697
2004,291,5,98.3225,0.46,0.1,0,0.055,-0.76,0.8217,4.415,0,11.16364892,2.228049697
2004,291,6,86.828,82.524,31.27,32.375,11.835,-0.255,0.81815,4.36,0,11.1957464,2.228049697
2004,291,7,76.246,402.086,154.9,187.21,54.275,2.15,0.7676,3.74,0,11.19360072,2.228049697
2004,291,8,66.4845,755.987,287.875,369.97,94.655,4.87,0.6191,5.37,0,11.19352253,2.228049697
2004,291,9,58.265,957.214,367.075,476.26,111.2,6.89,0.5345,4.975,0,11.19352129,2.228049697
2004,291,10,52.4165,1249.705,482.41,630.77,142.195,8.76,0.44755,5.845,0,11.19352118,2.228049697
2004,291,11,49.827,1316.451,507.905,668.225,148.665,10.475,0.3524,4.89,0,11.1935212,2.228049697
2004,291,12,51.0005,1232.386,471.975,620.895,141.14,12.065,0.30335,3.88,0,11.19352124,2.228049697
2004,291,13,55.6975,1087.233,412.63,544.165,129.55,13.23,0.2716,3.725,0,11.19352138,2.228049697
2004,291,14,63.119,867.238,326.355,428.42,110.28,14.185,0.2605,3.05,0,11.19352184,2.228049697
2004,291,15,72.38,482.724,181.1,230.655,65.785,14.735,0.28235,1.6,0,11.19352122,2.228049697
2004,291,16,82.7355,112.585,44.83,49.515,12.315,14.01,0.3021,0.705,0,11.19352124,2.228049697
2004,291,17,93.9,6.486,3.24,2.27,0.685,12.925,0.33045,1.84,0,11.17932958,2.228049697
2004,291,18,105.428,0.138,0,0,0,11.83,0.358,2.53,0,11.18668025,2.228049697
2004,291,19,116.844,0.023,0,0,0,10.97,0.396,3.255,0,11.18718699,2.228049697
2004,291,20,127.8495,0.023,0,0,0,9.605,0.48935,3.375,0,11.18728608,2.228049697
2004,291,21,137.814,0.023,0,0,0.01,8.115,0.57305,3.74,0,11.18741398,2.228049697
2004,291,22,145.589,0.046,0,0,0.02,7.54,0.6142,3.93,0,11.1875706,2.228049697
2004,291,23,149.342,0,0,0,0.025,7.45,0.6437,3.56,0,11.18774461,2.228049697
2004,292,0,147.653,0,0,0,0,8.715,0.60065,3.665,1.248833333,11.18792449,2.228049697
2004,292,1,141.218,0.069,0,0,0,9.24,0.57505,5.095,1.248833333,11.18809849,2.228049697
2004,292,2,131.942,0.092,0,0,0,9.905,0.53355,6.59,1.248833333,11.18825732,2.228049697
2004,292,3,121.257,0.023,0,0,0.48,9.03,0.6522,4.94,1.248833333,11.18838567,2.228049697
2004,292,4,109.9625,0.345,0,0,0.275,7.445,0.82115,4.06,1.248833333,11.1884778,2.228049697
2004,292,5,98.516,0.161,0,0,0.155,6.65,0.91715,4.86,1.248833333,11.1885258,2.228049697
2004,292,6,87.058,5.819,1.85,0.795,0.475,6.505,0.94435,6.805,1.248833333,11.18850669,2.228049697
2004,292,7,76.47,38.686,13.425,12.845,3.155,6.425,0.94605,10.685,1.248833333,11.07794567,2.228049697
2004,292,8,66.74,182.574,68.44,80.84,17.25,7.385,0.9215,11.37,1.248833333,11.02954542,2.228049697
2004,292,9,58.557,216.637,78.73,94.42,20.79,7.5,0.9136,9.675,1.248833333,11.02872855,2.228049697
2004,292,10,52.7495,73.991,23.72,24.025,4.515,7.715,0.9169,8.33,1.248833333,11.02871726,2.228049697
2004,292,11,50.1855,56.971,17.245,15.98,2.955,7.63,0.9526,7.185,1.248833333,11.02865454,2.228049697
2004,292,12,51.3635,89.907,28.98,30.315,5.27,7.805,0.95755,6.41,1.248833333,11.02858837,2.228049697
2004,292,13,56.0445,122.958,41.7,46.48,9.045,7.97,0.9505,7.915,1.248833333,11.0285876,2.228049697
2004,292,14,63.4425,69.828,23.73,24.645,5.055,8.28,0.9422,3.85,1.248833333,11.02858732,2.228049697
2004,292,15,72.679,14.191,4.04,1.585,0.93,7.61,0.9568,6.96,1.248833333,10.83246854,2.228049697
2004,292,16,83.009,25.806,10.05,9.685,3.26,7.595,0.9621,7.38,1.248833333,10.71392849,2.228049697
2004,292,17,94.159,2.392,1.105,0.485,0.635,7.94,0.95815,5.745,1.248833333,10.67813994,2.228049697
2004,292,18,105.693,0.322,0,0,0.105,7.72,0.95285,6.785,1.248833333,10.67834758,2.228049697
2004,292,19,117.1115,0.46,0,0,0.07,7.845,0.9491,5.905,1.248833333,10.67840996,2.228049697
2004,292,20,128.1335,0.46,0,0,0.145,7.75,0.95075,6.05,1.248833333,10.67851558,2.228049697
2004,292,21,138.126,0.46,0,0,0.13,7.505,0.95,6.65,1.248833333,10.6786639,2.228049697
2004,292,22,145.936,0.299,0,0,0.12,7.375,0.95745,6.085,1.248833333,10.67884105,2.228049697
2004,292,23,149.7045,0.46,0,0,0.09,7.19,0.97075,6.595,1.248833333,10.67903635,2.228049697
2004,293,0,147.9835,0.391,0,0,0.02,7.1,0.98335,5.86,0.010583333,10.67924229,2.228049697
2004,293,1,141.4925,0.437,0,0,0.09,7.04,0.9877,5.6,0.010583333,10.67943918,2.228049697
2004,293,2,132.171,0.437,0,0,0.075,6.84,0.9903,5.205,0.010583333,10.67961656,2.228049697
2004,293,3,121.462,0.46,0,0,0.16,6.67,0.99185,5.685,0.010583333,10.67976062,2.228049697
2004,293,4,110.154,0.46,0,0,0.155,6.72,0.99005,5.65,0.010583333,10.67986137,2.228049697
2004,293,5,98.7115,0.391,0.005,0,0.165,6.93,0.98085,5.175,0.010583333,10.67991075,2.228049697
2004,293,6,87.2515,10.603,3.71,1.995,0.875,7.605,0.96315,4.495,0.010583333,10.67985564,2.228049697
2004,293,7,76.6945,77.119,28.235,30.89,6.865,8.015,0.95795,5.21,0.010583333,10.62795532,2.228049697
2004,293,8,66.9965,152.168,55.17,64.6,14.095,8.595,0.95795,4.75,0.010583333,10.62332461,2.228049697
2004,293,9,58.851,215.349,77.06,92.005,20.05,9.095,0.959,4.2,0.010583333,10.62323783,2.228049697
2004,293,10,53.0805,291.111,105.19,127.445,28.09,9.765,0.95545,4.885,0.010583333,10.6232366,2.228049697
2004,293,11,50.543,286.649,103.22,125.455,28.015,10.235,0.95075,5.15,0.010583333,10.62323667,2.228049697
2004,293,12,51.723,216.039,76.525,92.025,20.54,10.215,0.95755,4.935,0.010583333,10.62323659,2.228049697
2004,293,13,56.3895,170.407,60.22,70.82,16.005,10.155,0.9702,4.95,0.010583333,10.62323659,2.228049697
2004,293,14,63.7625,99.061,34.635,38.605,8.825,10.275,0.9777,5.235,0.010583333,10.6232366,2.228049697
2004,293,15,72.974,48.323,16.53,16.39,4.13,10.15,0.98125,6.155,0.010583333,10.62307451,2.228049697
2004,293,16,83.279,18.4,6.22,3.995,1.52,10.115,0.9794,5.695,0.010583333,10.46712643,2.228049697
2004,293,17,94.451,1.219,0.315,0,0.045,10.2,0.9747,5.065,0.010583333,10.45383888,2.228049697
2004,293,18,105.953,0.46,0,0,0.055,9.94,0.9822,5.11,0.010583333,10.45401101,2.228049697
2004,293,19,117.3775,0.276,0,0,0.075,9.9,0.98445,4.455,0.010583333,10.45407042,2.228049697
2004,293,20,128.414,0.046,0,0,0.07,9.875,0.9822,4.12,0.010583333,10.45416622,2.228049697
2004,293,21,138.4345,0.23,0,0,0.075,9.8,0.98465,4.62,0.010583333,10.45429801,2.228049697
2004,293,22,146.278,0.368,0,0,0.06,9.795,0.9853,4.07,0.010583333,10.45446749,2.228049697
2004,293,23,150.062,0.23,0,0,0.095,9.7,0.9859,3.985,0.010583333,10.45465717,2.228049697
2004,294,0,148.3095,0.023,0,0,0.1,9.7,0.98355,3.805,0.010583333,10.45484344,2.228049697
2004,294,1,141.765,0.023,0,0,0.09,9.635,0.98315,4.11,0.010583333,10.45501502,2.228049697
2004,294,2,132.4005,0,0,0,0.025,9.515,0.98755,4.72,0.010583333,10.4551674,2.228049697
2004,294,3,121.666,0.092,0,0,0.02,9.435,0.9912,4.7,0.010583333,10.45529168,2.228049697
2004,294,4,110.3495,0.046,0,0,0.065,9.43,0.99225,4.67,0.010583333,10.45537938,2.228049697
2004,294,5,98.905,0.046,0.005,0,0.115,9.4,0.9912,5.01,0.010583333,10.45542202,2.228049697
2004,294,6,87.446,15.985,6.105,4.995,2.035,9.425,0.98625,4.475,0.010583333,10.45524872,2.228049697
2004,294,7,76.9215,60.766,22.86,24.69,5.725,9.505,0.98595,4.48,0.010583333,10.40052052,2.228049697
2004,294,8,67.2505,207,79.025,94.195,20.155,9.89,0.96415,5.07,0.010583333,10.39543149,2.228049697
2004,294,9,59.144,283.406,107.045,128.54,27.32,10.535,0.9399,4.52,0.010583333,10.39533163,2.228049697
2004,294,10,53.4075,397.693,150.41,182.225,38.755,11.34,0.91435,3.615,0.010583333,10.39533021,2.228049697
2004,294,11,50.8955,420.808,161.275,197.045,42.765,12.15,0.8874,3.71,0.010583333,10.39533025,2.228049697
2004,294,12,52.082,402.937,152.065,186.1,40.775,12.625,0.87495,4.885,0.010583333,10.39533018,2.228049697
2004,294,13,56.7315,334.443,124.6,152.405,33.55,12.89,0.86665,5.715,0.010583333,10.39533019,2.228049697
2004,294,14,64.076,186.461,67.745,81.78,18.33,12.915,0.86435,4.855,0.010583333,10.39533022,2.228049697
2004,294,15,73.266,119.738,44.215,51.93,11.865,12.935,0.85735,4.78,0.010583333,10.39533029,2.228049697
2004,294,16,83.5435,37.835,13.76,13.71,3.625,12.925,0.85855,4.455,0.010583333,10.394051,2.228049697
2004,294,17,94.7045,1.564,0.41,0,0.12,12.58,0.87985,4.065,0.010583333,10.34165695,2.228049697
2004,294,18,106.209,0.299,0,0,0,12.455,0.8742,5.05,0.010583333,10.3439005,2.228049697
2004,294,19,117.637,0.046,0,0,0,12.2,0.88565,4.855,0.010583333,10.34400897,2.228049697
2004,294,20,128.6895,0.437,0,0,0,11.975,0.89535,4.205,0.010583333,10.34410539,2.228049697
2004,294,21,138.737,0.46,0,0,0,11.825,0.8951,4.245,0.010583333,10.34425006,2.228049697
2004,294,22,146.618,0.46,0,0,0,11.67,0.88315,4.405,0.010583333,10.3444284,2.228049697
2004,294,23,150.419,0.46,0,0,0,11.57,0.8724,3.94,0.010583333,10.34462678,2.228049697
2004,295,0,148.6355,0.437,0,0,0,11.355,0.8752,4.07,0,10.34483122,2.228049697
2004,295,1,142.037,0.414,0,0,0,11.235,0.87225,3.84,0,10.34502695,2.228049697
2004,295,2,132.6265,0.414,0,0,0,11.115,0.86865,4.16,0,10.34520103,2.228049697
2004,295,3,121.8685,0.46,0,0,0,11.04,0.8676,4.21,0,10.34534281,2.228049697
2004,295,4,110.5415,0.437,0,0,0,10.825,0.8772,4.14,0,10.34544222,2.228049697
2004,295,5,99.1015,0.506,0.04,0,0,10.425,0.90285,3.985,0,10.34549174,2.228049697
2004,295,6,87.6785,39.445,14.51,14.365,3.605,10.665,0.9146,4.12,0,10.36227343,2.228049697
2004,295,7,77.148,184.161,70.895,85.39,20.295,10.99,0.9153,6.55,0,10.36162672,2.228049697
2004,295,8,67.5075,194.396,72.8,88.08,20.395,11.005,0.92545,5.92,0,10.3612259,2.228049697
2004,295,9,59.436,199.226,72.9,88.05,20.245,11.14,0.93735,5.015,0,10.36121803,2.228049697
2004,295,10,53.7375,251.137,91.83,111.805,25.545,11.615,0.9197,4.745,0,10.36121797,2.228049697
2004,295,11,51.247,278.599,102.215,124.64,28.2,12.12,0.9012,4.095,0,10.36121796,2.228049697
2004,295,12,52.436,268.203,97.865,119.255,26.995,12.5,0.8769,4.82,0,10.36121792,2.228049697
2004,295,13,57.069,271.584,100.325,122.43,27.8,12.66,0.85675,4.66,0,10.36121794,2.228049697
2004,295,14,64.3905,231.909,86.445,104.75,23.81,13.075,0.8371,4.795,0,10.36121798,2.228049697
2004,295,15,73.553,206.724,77.615,91.93,22.83,13.44,0.82075,5.025,0,10.3612181,2.228049697
2004,295,16,83.805,126.408,47.055,52.815,18.2,13.55,0.8187,4.38,0,10.36121804,2.228049697
2004,295,17,94.993,3.289,1.03,0.255,0.265,12.535,0.8508,3.49,0,10.37938592,2.228049697
2004,295,18,106.4615,0.46,0,0,0,11.535,0.88465,3.435,0,10.40339055,2.228049697
2004,295,19,117.8935,0.161,0,0,0.025,10.9,0.90365,4.085,0,10.40405872,2.228049697
2004,295,20,128.9595,0.276,0,0,0.09,10.195,0.91555,4.145,0,10.40416405,2.228049697
2004,295,21,139.0365,0.138,0,0,0.035,9.52,0.9307,4.355,0,10.40429864,2.228049697
2004,295,22,146.952,0.092,0,0,0.06,9.1,0.94205,4.465,0,10.40445769,2.228049697
2004,295,23,150.7725,0.023,0,0,0.07,8.81,0.9501,4.235,0,10.40463186,2.228049697
2004,296,0,148.9575,0,0,0,0.04,8.135,0.96205,3.595,0.010583333,10.40480856,2.228049697
2004,296,1,142.305,0,0,0,0.03,8.04,0.97125,3.86,0.010583333,10.40497855,2.228049697
2004,296,2,132.853,0,0,0,0,9.63,0.96085,4.49,0.010583333,10.40513001,2.228049697
2004,296,3,122.07,0.023,0,0,0.025,10.825,0.95315,4.865,0.010583333,10.40525341,2.228049697
2004,296,4,110.7355,0.184,0,0,0,11.26,0.95585,4.83,0.010583333,10.40534162,2.228049697
2004,296,5,99.295,0.391,0,0,0,11.535,0.9487,4.9,0.010583333,10.4053879,2.228049697
2004,296,6,87.8745,20.01,7.7,6.47,2.16,11.79,0.9424,5.52,0.010583333,10.405,2.228049697
2004,296,7,77.3725,78.223,28.745,32,7.49,12.005,0.9471,4.865,0.010583333,10.37580162,2.228049697
2004,296,8,67.764,190.463,68.87,82.15,18.36,12.505,0.94815,5.8,0.010583333,10.37336223,2.228049697
2004,296,9,59.728,273.309,100.045,121.04,26.955,13.265,0.9268,7.27,0.010583333,10.37331385,2.228049697
2004,296,10,54.062,353.809,130.655,159.845,35.77,14.08,0.89515,7.16,0.010583333,10.37331332,2.228049697
2004,296,11,51.597,473.708,177.525,216.855,47.055,15.255,0.8474,7.74,0.010583333,10.37331327,2.228049697
2004,296,12,52.787,811.624,305.15,382.595,85.96,16.575,0.79695,7.48,0.010583333,10.37331315,2.228049697
2004,296,13,57.404,745.269,282.035,354.415,81.445,18.085,0.74235,7.09,0.010583333,10.37331321,2.228049697
2004,296,14,64.7,326.347,120.535,146.68,33.76,17.45,0.7681,7.55,0.010583333,10.3733134,2.228049697
2004,296,15,73.8385,140.392,51.515,59.69,14.075,17.2,0.774,6.395,0.010583333,10.37331324,2.228049697
2004,296,16,84.0615,48.047,18.105,18.725,4.98,17.05,0.789,4.63,0.010583333,10.37327536,2.228049697
2004,296,17,95.239,0.345,0.075,0,0.01,16.575,0.8076,3.91,0.010583333,10.34810004,2.228049697
2004,296,18,106.7085,0,0,0,0.005,16.29,0.8134,5.5,0.010583333,10.35226299,2.228049697
2004,296,19,118.1465,0.023,0,0,0.005,16.105,0.82505,6.755,0.010583333,10.3524181,2.228049697
2004,296,20,129.226,0,0,0,0.03,15.79,0.8419,6.235,0.010583333,10.35250858,2.228049697
2004,296,21,139.3315,0,0,0,0.005,15.97,0.82965,7.635,0.010583333,10.35263321,2.228049697
2004,296,22,147.2835,0,0,0,0.025,15.865,0.83915,7.43,0.010583333,10.35278586,2.228049697
2004,296,23,151.122,0.023,0,0,0.07,15.565,0.8529,7.935,0.010583333,10.35295639,2.228049697
2004,297,0,149.2775,0.023,0,0,0.015,15.525,0.87355,7.9,0.550333333,10.35313346,2.228049697
2004,297,1,142.571,0.046,0,0,0.025,15.765,0.89015,7.82,0.550333333,10.35330543,2.228049697
2004,297,2,133.0805,0,0,0,0.135,15.48,0.9125,8.515,0.550333333,10.35345868,2.228049697
2004,297,3,122.272,0.092,0,0,0,15.495,0.92805,7.99,0.550333333,10.35358339,2.228049697
2004,297,4,110.9275,0.322,0,0,0,15.85,0.93255,7.525,0.550333333,10.35367482,2.228049697
2004,297,5,99.4925,0.46,0,0,0.01,16.595,0.9574,7.985,0.550333333,10.35372318,2.228049697
2004,297,6,88.069,4.531,1.42,0.285,0.215,16.99,0.9574,8.435,0.550333333,10.35371458,2.228049697
2004,297,7,77.5995,43.677,15.22,14.43,3.265,17.63,0.95225,9.01,0.550333333,10.2770442,2.228049697
2004,297,8,68.022,81.351,28.455,29.845,5.63,18.365,0.942,9.71,0.550333333,10.25335198,2.228049697
2004,297,9,60.018,224.181,83.8,98.645,19.585,18.595,0.95445,8.62,0.550333333,10.25288065,2.228049697
2004,297,10,54.3885,699.752,265.565,329.965,71.745,20.415,0.90045,11.195,0.550333333,10.25287373,2.228049697
2004,297,11,51.944,586.385,219.57,270.17,59.505,21.135,0.8672,9.46,0.550333333,10.25287362,2.228049697
2004,297,12,53.135,934.697,349.56,448.37,103.435,22.29,0.7993,9.75,0.550333333,10.25287367,2.228049697
2004,297,13,57.735,875.886,322.74,420.29,103.105,23.23,0.71335,10.105,0.550333333,10.25287382,2.228049697
2004,297,14,65.005,707.158,256.93,333.965,88.145,23.93,0.625,9.57,0.550333333,10.25287434,2.228049697
2004,297,15,74.119,482.655,171.205,218.155,68.985,24.18,0.55965,8.84,0.550333333,10.25287366,2.228049697
2004,297,16,84.3125,136.436,46.5,52.98,22.89,22.805,0.51055,7.105,0.550333333,10.25287369,2.228049697
2004,297,17,95.5185,2.737,0.67,0.045,0.62,20.055,0.5876,5.93,0.550333333,10.27114659,2.228049697
2004,297,18,106.9515,0.023,0,0,0.09,18.065,0.64945,5.675,0.550333333,10.29655718,2.228049697
2004,297,19,118.392,0.092,0,0,0.035,16.165,0.6826,5.075,0.550333333,10.29725312,2.228049697
2004,297,20,129.489,0.322,0,0,0,15.28,0.69085,6.535,0.550333333,10.29735535,2.228049697
2004,297,21,139.619,0.023,0,0,0,14.075,0.72945,4.32,0.550333333,10.2974865,2.228049697
2004,297,22,147.611,0,0,0,0,13.025,0.76625,3.665,0.550333333,10.29763849,2.228049697
2004,297,23,151.47,0.299,0,0,0,12.775,0.76795,3.6,0.550333333,10.29781491,2.228049697
2004,298,0,149.596,0.368,0,0,0,11.825,0.805,2.82,0,10.29801033,2.228049697
2004,298,1,142.837,0.276,0,0,0,10.445,0.8568,3.4,0,10.29819974,2.228049697
2004,298,2,133.3035,0.023,0,0,0,9.83,0.8712,3.3,0,10.29836116,2.228049697
2004,298,3,122.4735,0,0,0,0,9.215,0.8919,3.28,0,10.29848611,2.228049697
2004,298,4,111.1215,0.023,0,0,0,8.95,0.9015,3.22,0,10.29857401,2.228049697
2004,298,5,99.686,0.069,0.01,0,0,8.38,0.916,2.52,0,10.29861932,2.228049697
2004,298,6,88.3035,66.838,21.095,20.65,8.03,7.73,0.9288,1.99,0,10.36427461,2.228049697
2004,298,7,77.827,395.209,136.82,161.82,47.96,8.42,0.932,1.475,0,10.36458426,2.228049697
2004,298,8,68.277,727.904,273.7,345.455,88.275,11.875,0.83385,1.675,0,10.36449911,2.228049697
2004,298,9,60.309,1018.026,392.735,502.09,118.27,15.105,0.6407,0.95,0,10.36449741,2.228049697
2004,298,10,54.71,1207.132,464.905,606.89,139.05,15.77,0.5609,2.78,0,10.3644974,2.228049697
2004,298,11,52.287,1289.127,497.155,651.915,147.87,16.81,0.53035,3.54,0,10.36449739,2.228049697
2004,298,12,53.479,1242.598,477.18,627.95,145.95,17.97,0.4694,4.46,0,10.36449742,2.228049697
2004,298,13,58.061,1081.437,412.45,541.46,132.115,18.975,0.39645,4.14,0,10.36449752,2.228049697
2004,298,14,65.307,819.789,307.67,399.67,106.99,19.57,0.35965,4.365,0,10.36449788,2.228049697
2004,298,15,74.3935,478.952,177.1,220.64,69.63,19.75,0.3569,3.595,0,10.36449742,2.228049697
2004,298,16,84.5595,134.757,49.18,54.29,22.735,19.35,0.37505,2.075,0,10.36449746,2.228049697
2004,298,17,95.7595,2.415,0.955,0.045,0.03,18.015,0.3966,2.44,0,10.37999307,2.228049697
2004,298,18,107.1905,0.023,0,0,0,16.245,0.453,3.06,0,10.40328632,2.228049697
2004,298,19,118.634,0.276,0,0,0,14.58,0.50655,2.845,0,10.40395616,2.228049697
2004,298,20,129.744,0.069,0,0,0,12.12,0.6272,1.47,0,10.40405895,2.228049697
2004,298,21,139.9055,0.023,0,0,0,11.545,0.64035,2.655,0,10.40418508,2.228049697
2004,298,22,147.934,0,0,0,0,11.26,0.64515,3.265,0,10.40433788,2.228049697
2004,298,23,151.8135,0,0,0,0,11.355,0.64755,3.545,0,10.40450796,2.228049697
2004,299,0,149.9115,0,0,0,0,10.86,0.6858,3.8,0,10.40468408,2.228049697
2004,299,1,143.1005,0,0,0,0,9.915,0.7398,3.575,0,10.40485421,2.228049697
2004,299,2,133.5275,0,0,0,0,9.425,0.77605,3.52,0,10.40500641,2.228049697
2004,299,3,122.6735,0.069,0,0,0,8.81,0.80235,3.715,0,10.40513226,2.228049697
2004,299,4,111.3135,0,0,0,0,9.115,0.803,3.755,0,10.40522071,2.228049697
2004,299,5,99.8825,0.138,0.025,0,0,8.83,0.8254,3.555,0,10.40526555,2.228049697
2004,299,6,88.499,61.387,20.09,18.395,7.42,8.37,0.848,3.51,0,10.45956399,2.228049697
2004,299,7,78.0525,359.145,130.96,154.475,46.455,9.84,0.8551,3.36,0,10.45931531,2.228049697
2004,299,8,68.5325,704.076,264.065,334.62,87.285,14.225,0.73925,4.43,0,10.4592059,2.228049697
2004,299,9,60.5965,996.912,376.02,486.865,118.285,17.765,0.60595,5.19,0,10.4592038,2.228049697
2004,299,10,55.0315,1187.789,451.64,589.39,136.39,20.25,0.5246,4.57,0,10.45920374,2.228049697
2004,299,11,52.627,1261.757,480.135,628.755,142.99,22.39,0.46075,4.68,0,10.45920376,2.228049697
2004,299,12,53.82,1214.262,459.74,601.875,139.095,23.57,0.39635,4.045,0,10.45920379,2.228049697
2004,299,13,58.385,1017.152,383.86,500.12,121.27,24.26,0.35865,3.665,0,10.45920387,2.228049697
2004,299,14,65.605,741.175,276.295,353.525,93.07,24.51,0.34455,3.39,0,10.45920416,2.228049697
2004,299,15,74.667,447.028,166.04,204.04,61.4,24.35,0.3527,3.87,0,10.4592038,2.228049697
2004,299,16,84.7995,128.616,48.305,53.2,19.445,23.18,0.4195,3.235,0,10.45920386,2.228049697
2004,299,17,95.996,1.403,0.525,0,0,21.72,0.4494,3.925,0,10.47203185,2.228049697
2004,299,18,107.425,0.253,0,0,0.02,19.66,0.4972,4.385,0,10.49242254,2.228049697
2004,299,19,118.8725,0,0,0,0,17.36,0.5958,4.035,0,10.49303774,2.228049697
2004,299,20,129.9945,0,0,0,0,16.1,0.62765,3.56,0,10.49313526,2.228049697
2004,299,21,140.1835,0.069,0,0,0,15.545,0.6329,4.235,0,10.49326114,2.228049697
2004,299,22,148.2505,0.092,0,0,0,14.425,0.6708,3.995,0,10.4934179,2.228049697
2004,299,23,152.153,0,0,0,0,14.33,0.66535,3.985,0,10.49359149,2.228049697
2004,300,0,150.2255,0.069,0,0,0.02,13.415,0.70615,3.775,0.687916667,10.4937697,2.228049697
2004,300,1,143.361,0.23,0,0,0,14.03,0.66375,3.655,0.687916667,10.49394819,2.228049697
2004,300,2,133.749,0.322,0,0,0,13.47,0.68985,4.055,0.687916667,10.49411505,2.228049697
2004,300,3,122.874,0.299,0,0,0,13.28,0.6882,3.795,0.687916667,10.49425239,2.228049697
2004,300,4,111.505,0.299,0,0,0.02,12.05,0.74245,3.3,0.687916667,10.49434833,2.228049697
2004,300,5,100.0785,0.391,0.01,0,0.01,10.77,0.80015,4.28,0.687916667,10.49439715,2.228049697
2004,300,6,88.733,29.969,12.145,11.85,3.43,11.045,0.79955,3.925,0.687916667,10.49326895,2.228049697
2004,300,7,78.28,185.334,70.825,84.395,20.175,12.465,0.78005,3.81,0.687916667,10.48726623,2.228049697
2004,300,8,68.7865,191.153,70.2,82.54,18.485,14.35,0.72135,4.865,0.687916667,10.48635353,2.228049697
2004,300,9,60.886,191.751,67.71,78.675,16.905,15.465,0.7035,4.81,0.687916667,10.48633581,2.228049697
2004,300,10,55.3505,469.407,172.555,210.47,45.84,17.385,0.6419,5.58,0.687916667,10.48633556,2.228049697
2004,300,11,52.966,387.849,139.44,168.115,36.655,18.335,0.59375,8.45,0.687916667,10.48633565,2.228049697
2004,300,12,54.1565,221.605,75.705,88,18.49,16.29,0.74805,6.32,0.687916667,10.48633595,2.228049697
2004,300,13,58.703,219.121,77.58,90.705,18.655,15.73,0.8144,6.225,0.687916667,10.48633562,2.228049697
2004,300,14,65.8975,155.296,55.395,63.72,13.37,14.65,0.87115,7.795,0.687916667,10.48633577,2.228049697
2004,300,15,74.9335,37.467,12.36,10.985,2.585,14.035,0.9311,6.065,0.687916667,10.48426662,2.228049697
2004,300,16,85.0345,8.349,2.525,0.795,0.575,13.815,0.96035,6.82,0.687916667,10.28536784,2.228049697
2004,300,17,96.2695,0.483,0.005,0,0.09,13.52,0.95385,8.115,0.687916667,10.28354853,2.228049697
2004,300,18,107.6545,0.437,0,0,0,13.535,0.95855,7.69,0.687916667,10.28359132,2.228049697
2004,300,19,119.1035,0.322,0,0,0,13.39,0.96735,6.92,0.687916667,10.28364749,2.228049697
2004,300,20,130.2425,0.368,0,0,0,13.235,0.97395,6.4,0.687916667,10.28374849,2.228049697
2004,300,21,140.4575,0.437,0,0,0,13.37,0.974,5.75,0.687916667,10.283893,2.228049697
2004,300,22,148.5645,0.414,0,0,0,13.58,0.97755,4.455,0.687916667,10.28407083,2.228049697
2004,300,23,152.4905,0.414,0,0,0,13.93,0.983,2.25,0.687916667,10.28426655,2.228049697
2004,301,0,150.5355,0.437,0,0,0,14.28,0.984,0.605,0.021166667,10.28446943,2.228049697
2004,301,1,143.6225,0.46,0,0,0.07,13.965,0.9861,2.545,0.021166667,10.28466595,2.228049697
2004,301,2,133.969,0.414,0,0,0,13.9,0.98895,2.02,0.021166667,10.28484086,2.228049697
2004,301,3,123.0735,0.46,0,0,0,13.85,0.99035,1.945,0.021166667,10.28498175,2.228049697
2004,301,4,111.6985,0.46,0,0,0.065,13.615,0.9919,2.04,0.021166667,10.2850798,2.228049697
2004,301,5,100.274,0.46,0.015,0,0,13.445,0.99365,3.315,0.021166667,10.28512755,2.228049697
2004,301,6,88.929,15.801,5.925,3.845,1.41,13.4,0.99525,4.23,0.021166667,10.28497696,2.228049697
2004,301,7,78.506,94.438,36.585,39.38,8.51,13.37,0.99475,5.33,0.021166667,10.26312819,2.228049697
2004,301,8,69.0425,214.452,83.84,97.71,20.405,13.69,0.98495,5.195,0.021166667,10.26075161,2.228049697
2004,301,9,61.171,298.218,116.83,138.1,28.905,14.165,0.9525,4.51,0.021166667,10.26070373,2.228049697
2004,301,10,55.6675,209.622,78.16,91.22,19.235,14.12,0.93455,4.775,0.021166667,10.26070302,2.228049697
2004,301,11,53.2995,192.05,68.705,79.765,16.85,13.935,0.9389,5.395,0.021166667,10.26070307,2.228049697
2004,301,12,54.4895,172.73,62.055,70.59,14.93,14.355,0.91575,4.465,0.021166667,10.26070327,2.228049697
2004,301,13,59.018,153.111,54.9,62.49,13.49,14.485,0.89885,5.02,0.021166667,10.2607032,2.228049697
2004,301,14,66.1855,104.512,37.615,42.615,9.165,14.565,0.89655,4.375,0.021166667,10.26070304,2.228049697
2004,301,15,75.1955,74.221,27.24,30.055,6.635,14.72,0.8821,3.575,0.021166667,10.26070299,2.228049697
2004,301,16,85.2645,19.872,7.015,5.495,1.735,14.885,0.87155,3.515,0.021166667,10.19952125,2.228049697
2004,301,17,96.5005,0.437,0.11,0,0.005,14.725,0.8824,2.545,0.021166667,10.18312792,2.228049697
2004,301,18,107.8795,0,0,0,0,14.185,0.91775,2.08,0.021166667,10.18354105,2.228049697
2004,301,19,119.3315,0,0,0,0.005,13.34,0.94505,2.165,0.021166667,10.1835994,2.228049697
2004,301,20,130.4825,0.253,0,0,0,12.235,0.9714,2.615,0.021166667,10.18369283,2.228049697
2004,301,21,140.7275,0.069,0,0,0.325,11.13,0.9792,2.775,0.021166667,10.18382655,2.228049697
2004,301,22,148.874,0.184,0,0,0,9.915,0.9897,2.915,0.021166667,10.18398591,2.228049697
2004,301,23,152.824,0.46,0,0,0.1,9.87,0.993,2.59,0.021166667,10.18417367,2.228049697
2004,302,0,150.843,0.437,0,0,0.005,9.96,0.99515,2.045,0.084666667,10.1843772,2.228049697
2004,302,1,143.8795,0.322,0,0,0.005,10.1,0.9965,2.445,0.084666667,10.18456908,2.228049697
2004,302,2,134.1875,0.46,0,0,0.08,9.815,0.99615,2.505,0.084666667,10.1847392,2.228049697
2004,302,3,123.2715,0.391,0,0,0.025,9.93,0.997,2.54,0.084666667,10.18487873,2.228049697
2004,302,4,111.8915,0.391,0,0,0.005,10.49,0.99755,2.555,0.084666667,10.1849739,2.228049697
2004,302,5,100.4705,0.414,0,0,0.04,10.91,0.9964,2.965,0.084666667,10.18502007,2.228049697
2004,302,6,89.125,19.734,7.875,7.33,2.085,10.57,0.994,3.72,0.084666667,10.18468227,2.228049697
2004,302,7,78.7325,135.194,51.685,59.745,12.685,11.135,0.9766,4.98,0.084666667,10.17891943,2.228049697
2004,302,8,69.2965,260.176,97.465,116.44,24.38,12.195,0.94745,5.42,0.084666667,10.17744567,2.228049697
2004,302,9,61.456,286.143,103.09,122.625,25.025,13.27,0.94755,4.83,0.084666667,10.17741556,2.228049697
2004,302,10,55.981,345.023,124.65,149.15,30.315,14.36,0.94685,4.92,0.084666667,10.17741512,2.228049697
2004,302,11,53.6315,186.231,63.225,72.27,13.59,15.24,0.9413,4.275,0.084666667,10.17741518,2.228049697
2004,302,12,54.8185,210.381,73.8,85.535,16.16,15.52,0.9523,5.21,0.084666667,10.1774154,2.228049697
2004,302,13,59.3285,187.45,67.64,78.67,15.545,15.255,0.9712,5.105,0.084666667,10.17741525,2.228049697
2004,302,14,66.4715,137.517,51.13,58.39,11.755,15.255,0.9732,5.005,0.084666667,10.17741519,2.228049697
2004,302,15,75.4575,95.013,36.125,40.165,8.48,15.4,0.98275,5.665,0.084666667,10.17741514,2.228049697
2004,302,16,85.527,22.678,8.43,6.48,1.895,15.66,0.99155,5.36,0.084666667,10.14425674,2.228049697
2004,302,17,96.7265,0.713,0.1,0,0.005,15.855,0.9951,5,0.084666667,10.12263711,2.228049697
2004,302,18,108.099,0.46,0,0,0,16.03,0.9967,5.26,0.084666667,10.12327783,2.228049697
2004,302,19,119.5535,0.46,0,0,0,16.23,0.99805,5.08,0.084666667,10.12334932,2.228049697
2004,302,20,130.7175,0.46,0,0,0,16.65,0.99915,5.075,0.084666667,10.12345496,2.228049697
2004,302,21,140.99,0.46,0,0,0,17.275,1,4.77,0.084666667,10.12360179,2.228049697
2004,302,22,149.176,0.46,0,0,0,17.98,0.99925,5.905,0.084666667,10.12378015,2.228049697
2004,302,23,153.1545,0.414,0,0,0.185,18.48,0.99505,6.54,0.084666667,10.12397655,2.228049697
2004,303,0,151.1475,0.414,0,0,0.315,18.4,0.98475,6.055,0.179916667,10.12417799,2.228049697
2004,303,1,144.134,0.368,0,0,0.265,18.45,0.97335,5.375,0.179916667,10.12436972,2.228049697
2004,303,2,134.4075,0.437,0,0,0.15,18.685,0.96365,5.14,0.179916667,10.1245401,2.228049697
2004,303,3,123.4715,0.46,0,0,0.015,19.185,0.9583,6.22,0.179916667,10.12467982,2.228049697
2004,303,4,112.083,0.414,0,0,0.07,19.455,0.94995,6.525,0.179916667,10.12477557,2.228049697
2004,303,5,100.665,0.46,0,0,0.01,19.35,0.95515,6.435,0.179916667,10.12482151,2.228049697
2004,303,6,89.358,11.408,3.83,1.595,0.585,19.45,0.95225,5.76,0.179916667,10.12476721,2.228049697
2004,303,7,78.9575,173.098,67.235,76.66,16.825,19.65,0.9444,5.725,0.179916667,10.1204463,2.228049697
2004,303,8,69.551,292.031,112.74,133.225,26.415,20.505,0.92085,6.485,0.179916667,10.11882688,2.228049697
2004,303,9,61.741,828.184,311.115,389.085,88.495,22.065,0.8708,8.06,0.179916667,10.11879342,2.228049697
2004,303,10,56.294,1083.507,402.09,514.34,115.81,23.595,0.81175,9.305,0.179916667,10.11879292,2.228049697
2004,303,11,53.96,1182.591,438.05,567.135,127.69,24.735,0.7652,10.035,0.179916667,10.11879297,2.228049697
2004,303,12,55.1435,1013.495,374.265,481.26,110.29,24.925,0.7534,9.565,0.179916667,10.11879318,2.228049697
2004,303,13,59.6355,942.448,346.48,445.985,107.835,25.305,0.7348,9.325,0.179916667,10.11879306,2.228049697
2004,303,14,66.7515,672.336,245.97,311.395,80.79,25.875,0.70975,8.845,0.179916667,10.11879295,2.228049697
2004,303,15,75.7105,352.636,132.625,161.5,45.45,25.485,0.72335,8.66,0.179916667,10.11879302,2.228049697
2004,303,16,85.749,74.911,27.405,28.17,9.115,24.355,0.7524,7.645,0.179916667,10.11879316,2.228049697
2004,303,17,96.948,0.575,0.08,0,0.26,22.93,0.7817,8.585,0.179916667,10.13976825,2.228049697
2004,303,18,108.314,0,0,0,0.045,22.04,0.80425,7.515,0.179916667,10.15312,2.228049697
2004,303,19,119.769,0,0,0,0.01,22.07,0.78575,9.225,0.179916667,10.15347168,2.228049697
2004,303,20,130.947,0,0,0,0.085,21.865,0.7852,9.625,0.179916667,10.15356539,2.228049697
2004,303,21,141.2465,0,0,0,0,21.73,0.7956,10.71,0.179916667,10.15369038,2.228049697
2004,303,22,149.476,0,0,0,0.115,21.44,0.8116,11.08,0.179916667,10.15384268,2.228049697
2004,303,23,153.4805,0,0,0,0.02,20.99,0.82665,10.275,0.179916667,10.15401202,2.228049697
2004,304,0,151.45,0,0,0,0.035,21.045,0.8254,9.595,0.370416667,10.15418669,2.228049697
2004,304,1,144.3875,0.092,0,0,0.995,18.13,0.8722,9.43,0.370416667,10.1543572,2.228049697
2004,304,2,134.623,0.368,0,0,0.14,18.5,0.8756,7.145,0.370416667,10.15451779,2.228049697
2004,304,3,123.6685,0.023,0,0,0.245,17.755,0.8939,5.91,0.370416667,10.15464824,2.228049697
2004,304,4,112.2745,0,0,0,0.145,16.845,0.8551,6.125,0.370416667,10.15473275,2.228049697
2004,304,5,100.8625,0.023,0,0,0.025,15.94,0.8623,6.635,0.370416667,10.15477385,2.228049697
2004,304,6,89.5565,38.548,14.185,11.68,4.77,16.21,0.8248,9.275,0.370416667,10.17263339,2.228049697
2004,304,7,79.1845,318.021,116.7,135.045,41.62,16.745,0.7273,11.205,0.370416667,10.17490569,2.228049697
2004,304,8,69.804,667.989,245.975,310.76,82.155,17.125,0.57065,13.625,0.370416667,10.17449773,2.228049697
2004,304,9,62.0245,960.572,354.645,461.825,112.41,16.635,0.49995,14.615,0.370416667,10.17448944,2.228049697
2004,304,10,56.603,1150.414,426.92,562.08,130.125,15.765,0.49415,14.98,0.370416667,10.17448952,2.228049697
2004,304,11,54.2845,1222.197,454.225,602.315,138.95,15.635,0.5047,14.525,0.370416667,10.17448933,2.228049697
2004,304,12,55.466,1179.394,436.42,581.015,137.55,16.095,0.49995,13.63,0.370416667,10.17448935,2.228049697
2004,304,13,59.9375,1020.533,373.44,497.27,124.55,16.64,0.4922,13.87,0.370416667,10.17448941,2.228049697
2004,304,14,67.028,762.68,276.14,363.12,100.46,16.805,0.49695,12.815,0.370416667,10.1744896,2.228049697
2004,304,15,75.961,418.83,147.72,185.395,61.79,16.665,0.51145,12.075,0.370416667,10.17448943,2.228049697
2004,304,16,86.004,95.749,31.88,35.155,15.83,15.805,0.55395,9.17,0.370416667,10.17448942,2.228049697
2004,304,17,97.1645,0.736,0.14,0,0.245,14.155,0.63265,6.15,0.370416667,10.19947749,2.228049697
2004,304,18,108.5245,0.023,0,0,0.03,13.615,0.657,6.54,0.370416667,10.21843178,2.228049697
2004,304,19,119.981,0,0,0,0.075,12.555,0.70815,6.09,0.370416667,10.21891862,2.228049697
2004,304,20,131.1715,0,0,0,0.02,11.415,0.75945,4.695,0.370416667,10.21901478,2.228049697
2004,304,21,141.499,0.23,0,0,0,10.31,0.8062,4.005,0.370416667,10.21914423,2.228049697
2004,304,22,149.7685,0.207,0,0,0.035,9.75,0.8207,4.145,0.370416667,10.21930832,2.228049697
2004,304,23,153.8,0.046,0,0,0.095,8.735,0.8606,4.59,0.370416667,10.21948628,2.228049697
2004,305,0,151.75,0.092,0,0,0.025,8.495,0.86025,3.955,0,10.21966534,2.228049697
2004,305,1,144.641,0.046,0,0,0.035,7.835,0.8684,3.755,0,10.21983801,2.228049697
2004,305,2,134.839,0.023,0,0,0,7.785,0.8514,3.65,0,10.21998999,2.228049697
2004,305,3,123.8645,0,0,0,0.01,7.09,0.8853,3.505,0,10.22011189,2.228049697
2004,305,4,112.466,0,0,0,0,6.885,0.897,3.145,0,10.22019595,2.228049697
2004,305,5,101.058,0,0,0,0.03,6.435,0.89425,3.045,0,10.22023691,2.228049697
2004,305,6,89.751,25.898,9.57,8.315,2.215,6.455,0.8877,2.49,0,10.2193807,2.228049697
2004,305,7,79.409,285.177,100.16,114.12,32.805,7.375,0.88465,2.37,0,10.22170754,2.228049697
2004,305,8,70.0565,617.78,234.235,291.67,73.965,10,0.80835,2.51,0,10.22071631,2.228049697
2004,305,9,62.306,759.529,290.7,372.6,88.895,12.175,0.71515,3.02,0,10.22069621,2.228049697
2004,305,10,56.91,938.906,361.035,468.395,108.95,14,0.58815,3.545,0,10.22069594,2.228049697
2004,305,11,54.6055,863.19,332.495,429.935,98.955,15.25,0.48465,3.76,0,10.22069604,2.228049697
2004,305,12,55.7815,1121.94,432.77,564.68,132.725,16.785,0.35,4.29,0,10.22069643,2.228049697
2004,305,13,60.2345,951.924,364.445,477.235,118.73,17.78,0.35315,4.105,0,10.22069597,2.228049697
2004,305,14,67.3,685.883,264.62,341.365,92.455,18.375,0.34265,4.455,0,10.22069606,2.228049697
2004,305,15,76.206,289.11,108.915,133.165,37.545,18.185,0.3761,3.045,0,10.22069634,2.228049697
2004,305,16,86.2165,42.987,16.975,16.66,3.615,17.545,0.41395,2.65,0,10.22064457,2.228049697
2004,305,17,97.3765,0.299,0.1,0,0,16.495,0.4834,2.195,0,10.19581605,2.228049697
2004,305,18,108.727,0,0,0,0,15.88,0.4987,1.82,0,10.19942232,2.228049697
2004,305,19,120.186,0.023,0,0,0,15.61,0.5157,2.695,0,10.19955507,2.228049697
2004,305,20,131.3895,0.023,0,0,0,13.91,0.6511,3.095,0,10.19964621,2.228049697
2004,305,21,141.746,0.046,0,0,0,13.735,0.6453,3.295,0,10.19977259,2.228049697
2004,305,22,150.057,0.184,0,0,0,12.82,0.70225,3.575,0,10.19993066,2.228049697
2004,305,23,154.118,0.184,0,0,0,12.735,0.71285,2.925,0,10.20011173,2.228049697
2004,306,0,152.0445,0.207,0,0,0,12.305,0.7612,2.855,0.687916667,10.20029788,2.228049697
2004,306,1,144.89,0.138,0,0,0,12.77,0.724,2.75,0.687916667,10.20047725,2.228049697
2004,306,2,135.054,0.046,0,0,0,12.905,0.7142,3.18,0.687916667,10.20063225,2.228049697
2004,306,3,124.063,0.023,0,0,0.01,12.9,0.6894,5.125,0.687916667,10.20075525,2.228049697
2004,306,4,112.657,0.046,0,0,0.2,12.63,0.70795,5.84,0.687916667,10.20084059,2.228049697
2004,306,5,101.2525,0.299,0,0,0.2,11.165,0.8316,4.47,0.687916667,10.20088389,2.228049697
2004,306,6,89.9865,2.369,0.645,0,0.125,11.035,0.8362,7.68,0.687916667,10.20087651,2.228049697
2004,306,7,79.6355,26.795,9.4,7.18,1.93,10.965,0.8625,8.065,0.687916667,10.1764255,2.228049697
2004,306,8,70.3075,73.83,26.03,27.19,5.22,11.07,0.8949,8.71,0.687916667,10.05301464,2.228049697
2004,306,9,62.5855,88.619,29.92,31.775,5.59,11.3,0.92255,7.79,0.687916667,10.05021461,2.228049697
2004,306,10,57.2145,176.617,62.485,70.905,12.645,12.09,0.94555,7.8,0.687916667,10.05017266,2.228049697
2004,306,11,54.923,154.422,54.32,60.485,10.455,13.235,0.96705,7.97,0.687916667,10.05017212,2.228049697
2004,306,12,56.0945,143.658,51.145,55.975,9.395,14.58,0.98355,6.6,0.687916667,10.05017219,2.228049697
2004,306,13,60.528,122.337,44.305,47.03,8.245,16.93,0.98305,6.03,0.687916667,10.0501724,2.228049697
2004,306,14,67.566,106.122,37.46,40.25,7.725,18.25,0.9664,5.71,0.687916667,10.05017224,2.228049697
2004,306,15,76.4465,41.538,12.875,13.72,3.935,17.16,0.964,6.855,0.687916667,10.04914707,2.228049697
2004,306,16,86.4245,11.178,3.61,2.085,0.965,14.05,0.97185,3.285,0.687916667,9.885672092,2.228049697
2004,306,17,97.583,0.092,0.02,0,0.035,14.035,0.97685,3.025,0.687916667,9.884050331,2.228049697
2004,306,18,108.9265,0,0,0,0.085,14.34,0.9782,3.65,0.687916667,9.884134845,2.228049697
2004,306,19,120.387,0,0,0,0.025,14.605,0.97805,1.16,0.687916667,9.88418327,2.228049697
2004,306,20,131.602,0,0,0,0.11,14.445,0.98365,2.055,0.687916667,9.884271291,2.228049697
2004,306,21,141.985,0.046,0,0,0.125,13.73,0.9891,1.885,0.687916667,9.884395712,2.228049697
2004,306,22,150.337,0.184,0,0,0.195,13.345,0.99185,2.635,0.687916667,9.884551993,2.228049697
2004,306,23,154.433,0.253,0,0,0.195,12.39,0.9935,2.51,0.687916667,9.884732537,2.228049697
2004,307,0,152.339,0.207,0,0,0,12.635,0.9955,2.25,0.074083333,9.884919935,2.228049697
2004,307,1,145.136,0,0,0,0.46,12.575,0.99445,2.445,0.074083333,9.885094133,2.228049697
2004,307,2,135.267,0,0,0,0.145,11.745,0.9941,2.79,0.074083333,9.885243375,2.228049697
2004,307,3,124.259,0,0,0,0,11.755,0.9947,2.79,0.074083333,9.88536424,2.228049697
2004,307,4,112.8485,0,0,0,0.43,11.33,0.99535,4.445,0.074083333,9.88544823,2.228049697
2004,307,5,101.448,0.184,0,0,0.22,10.41,0.9956,7.14,0.074083333,9.885490666,2.228049697
2004,307,6,90.1825,3.174,0.985,0.015,0.39,9.855,0.98985,7.28,0.074083333,9.885484509,2.228049697
2004,307,7,79.8595,33.626,12.045,10.335,2.69,9.745,0.96385,6.83,0.074083333,9.826976728,2.228049697
2004,307,8,70.5585,147.361,54.53,61.29,12.31,9.81,0.9449,6.765,0.074083333,9.776673151,2.228049697
2004,307,9,62.863,121.854,43.815,48.155,9.665,9.635,0.93725,8.11,0.074083333,9.775584913,2.228049697
2004,307,10,57.517,126.431,44.55,48.52,9.395,9.27,0.9299,8.155,0.074083333,9.775568105,2.228049697
2004,307,11,55.235,179.814,63.515,72.89,14.485,8.96,0.9281,8.835,0.074083333,9.775567872,2.228049697
2004,307,12,56.4025,190.21,66.305,76.5,15.255,9.3,0.8903,8.895,0.074083333,9.775567903,2.228049697
2004,307,13,60.814,181.24,63.965,74.72,15.71,8.74,0.90035,8.7,0.074083333,9.775567985,2.228049697
2004,307,14,67.8245,136.39,48.715,56.025,11.955,8.545,0.8827,8.575,0.074083333,9.775568256,2.228049697
2004,307,15,76.6835,76.245,27.855,30.275,6.96,8.75,0.8474,7.945,0.074083333,9.775567933,2.228049697
2004,307,16,86.6635,12.696,4.38,3.2,1.44,8.345,0.84445,7.725,0.074083333,9.720397526,2.228049697
2004,307,17,97.7835,0.161,0.04,0,0.155,7.865,0.83845,7.72,0.074083333,9.718018539,2.228049697
2004,307,18,109.121,0,0,0,0.1,7.675,0.8166,6.945,0.074083333,9.718337133,2.228049697
2004,307,19,120.5815,0,0,0,0.035,7.675,0.80295,6.195,0.074083333,9.718389864,2.228049697
2004,307,20,131.8095,0,0,0,0.145,7.46,0.8222,5.575,0.074083333,9.718477224,2.228049697
2004,307,21,142.218,0,0,0,0.195,6.67,0.84105,4.625,0.074083333,9.71859982,2.228049697
2004,307,22,150.615,0,0,0,0.22,6.06,0.8757,4.105,0.074083333,9.718749402,2.228049697
2004,307,23,154.742,0,0,0,0.17,5.505,0.8804,4.335,0.074083333,9.718916541,2.228049697
2004,308,0,152.63,0,0,0,0.17,4.615,0.8915,2.7,0.243416667,9.719088757,2.228049697
2004,308,1,145.3815,0,0,0,0.13,4.565,0.8911,3.055,0.243416667,9.719254962,2.228049697
2004,308,2,135.478,0,0,0,0.165,4.355,0.8924,2.915,0.243416667,9.71940321,2.228049697
2004,308,3,124.4535,0,0,0,0.295,3.685,0.9052,3.81,0.243416667,9.719523291,2.228049697
2004,308,4,113.0385,0,0,0,0.13,3,0.92005,3.315,0.243416667,9.719606814,2.228049697
2004,308,5,101.645,0,0,0,0.055,3.24,0.92585,4,0.243416667,9.719647995,2.228049697
2004,308,6,90.4175,16.376,5.295,3.915,1.235,4.235,0.9168,3.05,0.243416667,9.71967577,2.228049697
2004,308,7,80.083,272.297,96.665,110.09,33.43,5.535,0.88145,4.82,0.243416667,9.74762433,2.228049697
2004,308,8,70.8075,579.048,223.415,281.03,73.645,6.865,0.83195,6.165,0.243416667,9.74669967,2.228049697
2004,308,9,63.139,618.47,238.335,304.865,73.375,6.87,0.8016,7.85,0.243416667,9.746677329,2.228049697
2004,308,10,57.816,938.538,360.07,465.66,107.5,7.04,0.76955,7.975,0.243416667,9.746676993,2.228049697
2004,308,11,55.5455,661.411,249.985,318.72,71.75,7.51,0.7691,7.465,0.243416667,9.746677068,2.228049697
2004,308,12,56.7065,1048.823,397.75,517.72,121.5,8.33,0.736,8.22,0.243416667,9.74667735,2.228049697
2004,308,13,61.098,1000.27,377.635,493.155,121.04,9.27,0.71995,7.925,0.243416667,9.746677063,2.228049697
2004,308,14,68.083,351.256,131.355,162.65,37.915,9.045,0.7357,7.785,0.243416667,9.74667725,2.228049697
2004,308,15,76.9125,152.421,56.385,66.66,15.26,8.985,0.7446,7.665,0.243416667,9.746677104,2.228049697
2004,308,16,86.862,31.418,11.65,10.72,3.13,8.67,0.7724,7.235,0.243416667,9.7435664,2.228049697
2004,308,17,97.979,0.23,0.045,0,0.26,8.215,0.8218,6.59,0.243416667,9.718971689,2.228049697
2004,308,18,109.309,0.207,0,0,0.07,7.515,0.899,6.05,0.243416667,9.720744913,2.228049697
2004,308,19,120.77,0.023,0,0,0.05,6.995,0.94385,6.675,0.243416667,9.720828654,2.228049697
2004,308,20,132.009,0.184,0,0,0.02,7.2,0.94235,8.315,0.243416667,9.720918811,2.228049697
2004,308,21,142.4465,0.023,0,0,0.03,7.545,0.91865,7.065,0.243416667,9.721045936,2.228049697
2004,308,22,150.886,0.092,0,0,0.075,7.62,0.9371,3.545,0.243416667,9.721198242,2.228049697
2004,308,23,155.0465,0.092,0,0,0.015,7.49,0.96275,1.435,0.243416667,9.721370171,2.228049697
2004,309,0,152.917,0.414,0,0,0.045,7.535,0.9771,2.56,0.116416667,9.721556144,2.228049697
2004,309,1,145.625,0.46,0,0,0.11,7.665,0.9769,2.34,0.116416667,9.721747637,2.228049697
2004,309,2,135.6895,0.414,0,0,0.07,7.6,0.98225,2.23,0.116416667,9.721919701,2.228049697
2004,309,3,124.646,0.437,0,0,0.1,7.6,0.9843,1.27,0.116416667,9.722057721,2.228049697
2004,309,4,113.2285,0.46,0,0,0.1,7.59,0.9851,1.67,0.116416667,9.722154793,2.228049697
2004,309,5,101.84,0.322,0,0,0.095,7.64,0.9863,3.925,0.116416667,9.722201915,2.228049697
2004,309,6,90.6115,2.277,0.555,0,0.31,7.83,0.9627,7.8,0.116416667,9.722196846,2.228049697
2004,309,7,80.306,31.303,11.13,9.66,2.555,7.34,0.93785,9.05,0.116416667,9.678761857,2.228049697
2004,309,8,71.055,77.809,28.485,30.035,6.12,7.14,0.92125,8.455,0.116416667,9.606711729,2.228049697
2004,309,9,63.4115,143.175,52.99,60.085,11.69,7.09,0.92395,8.62,0.116416667,9.605188459,2.228049697
2004,309,10,58.1115,162.771,59.835,68.6,13.495,7.59,0.9029,8.55,0.116416667,9.605164405,2.228049697
2004,309,11,55.852,531.346,202.345,248.475,51.87,8.64,0.8496,9.16,0.116416667,9.605164108,2.228049697
2004,309,12,57.0045,223.79,80.85,96.465,20.66,8.555,0.832,10.405,0.116416667,9.605164212,2.228049697
2004,309,13,61.376,431.572,164.005,204.375,45.615,9.395,0.78705,9.51,0.116416667,9.605164586,2.228049697
2004,309,14,68.3345,386.561,146.915,183.965,46.31,9.835,0.74125,10.36,0.116416667,9.605164139,2.228049697
2004,309,15,77.138,306.291,117.25,145.72,46.165,9.99,0.69985,10.345,0.116416667,9.605164224,2.228049697
2004,309,16,87.0545,62.951,23.865,25.44,10.455,9.545,0.74055,7.885,0.116416667,9.605164007,2.228049697
2004,309,17,98.1695,0.598,0.08,0,0.065,8.645,0.79405,6.655,0.116416667,9.636342323,2.228049697
2004,309,18,109.4905,0.23,0,0,0.07,7.87,0.7925,5.955,0.116416667,9.648326797,2.228049697
2004,309,19,120.953,0,0,0,0.065,6.785,0.81505,4.86,0.116416667,9.648614493,2.228049697
2004,309,20,132.204,0,0,0,0.035,6.43,0.7589,5.62,0.116416667,9.648702905,2.228049697
2004,309,21,142.667,0,0,0,0.025,5.67,0.74615,5.6,0.116416667,9.648823281,2.228049697
2004,309,22,151.151,0,0,0,0.06,4.365,0.7913,4.745,0.116416667,9.648971098,2.228049697
2004,309,23,155.347,0,0,0,0,4.06,0.78755,5.24,0.116416667,9.649136218,2.228049697
2004,310,0,153.2015,0,0,0,0,3.64,0.7614,4.6,0,9.649308155,2.228049697
2004,310,1,145.8655,0,0,0,0,2.885,0.7776,3.985,0,9.649473936,2.228049697
2004,310,2,135.899,0.023,0,0,0.01,2.44,0.7915,4.845,0,9.649623145,2.228049697
2004,310,3,124.84,0,0,0,0.015,1.765,0.80635,4.715,0,9.64974489,2.228049697
2004,310,4,113.418,0,0,0,0,1.105,0.82625,3.985,0,9.649830001,2.228049697
2004,310,5,102.034,0,0,0,0.03,0.655,0.8434,3.39,0,9.649873247,2.228049697
2004,310,6,90.806,26.588,9.175,7.035,3.555,0.165,0.87755,4.17,0,9.653402555,2.228049697
2004,310,7,80.53,267.904,100.805,115.61,36.29,1,0.8588,4.285,0,9.687750363,2.228049697
2004,310,8,71.3015,606.326,233.275,291.445,76.485,3.205,0.7707,5.655,0,9.687097001,2.228049697
2004,310,9,63.6845,903.44,349.1,451.49,109.505,5.41,0.6693,4.655,0,9.687080253,2.228049697
2004,310,10,58.403,1089.188,421.735,553.655,130.445,7.52,0.5885,4.475,0,9.68708001,2.228049697
2004,310,11,56.1535,1166.652,451.655,598.835,141.185,9.24,0.5011,5.76,0,9.687080116,2.228049697
2004,310,12,57.2995,1123.573,432.685,577.05,140,10.49,0.46215,6.595,0,9.687080533,2.228049697
2004,310,13,61.649,960.733,363.88,486.225,124.905,10.97,0.4454,7.625,0,9.687080036,2.228049697
2004,310,14,68.5795,681.122,254.185,335.305,95.57,11.195,0.4187,7.34,0,9.687080125,2.228049697
2004,310,15,77.3565,360.18,131.255,164.205,55.26,11.035,0.43075,7.18,0,9.687080404,2.228049697
2004,310,16,87.281,54.234,18.925,18.915,9.265,9.555,0.52775,5.54,0,9.687079412,2.228049697
2004,310,17,98.3555,0.391,0.1,0,0.145,7.705,0.6375,4.995,0,9.704314006,2.228049697
2004,310,18,109.668,0.069,0,0,0.015,6.95,0.63655,5.17,0,9.71255367,2.228049697
2004,310,19,121.131,0,0,0,0.045,6.07,0.6664,4.705,0,9.712768358,2.228049697
2004,310,20,132.3925,0.023,0,0,0,5.4,0.6973,4.395,0,9.712856048,2.228049697
2004,310,21,142.8825,0,0,0,0.01,4.38,0.74945,3.93,0,9.712977283,2.228049697
2004,310,22,151.41,0,0,0,0.01,3.935,0.7808,3.99,0,9.713125674,2.228049697
2004,310,23,155.644,0,0,0,0,4.195,0.7737,4.985,0,9.713291663,2.228049697
2004,311,0,153.483,0,0,0,0,5.23,0.73565,6.375,0,9.71346385,2.228049697
2004,311,1,146.1055,0,0,0,0,5.48,0.74195,6.235,0,9.713630333,2.228049697
2004,311,2,136.1065,0,0,0,0.005,5.295,0.7641,5.875,0,9.713779573,2.228049697
2004,311,3,125.034,0.023,0,0,0,5.015,0.7849,4.8,0,9.713901533,2.228049697
2004,311,4,113.6075,0,0,0,0.025,4.38,0.82155,4.135,0,9.713987406,2.228049697
2004,311,5,102.2285,0,0,0,0,4.235,0.8375,5.38,0,9.714030775,2.228049697
2004,311,6,91.04,23.138,8.245,6.115,3.2,4.365,0.83945,5.805,0,9.715101904,2.228049697
2004,311,7,80.7495,260.843,93.875,108.41,35.785,5.425,0.82695,5.855,0,9.748551698,2.228049697
2004,311,8,71.547,597.977,219.58,277.475,76.08,8.115,0.7751,7.26,0,9.747791089,2.228049697
2004,311,9,63.9535,872.39,324.125,421.795,104.93,10.97,0.72215,6.905,0,9.747772011,2.228049697
2004,311,10,58.692,1066.441,399.81,525.3,124.675,13.625,0.6488,6.13,0,9.747771723,2.228049697
2004,311,11,56.45,1142.088,428.78,567.38,133.48,14.93,0.6063,6.195,0,9.747771798,2.228049697
2004,311,12,57.5865,1092.822,409.06,543.325,131.345,16.165,0.57875,5.74,0,9.747772081,2.228049697
2004,311,13,61.9165,941.39,348.905,463.16,118.06,17.085,0.54455,6.145,0,9.747771793,2.228049697
2004,311,14,68.821,683.307,249.31,326.51,92.265,17.675,0.55035,6.195,0,9.747771981,2.228049697
2004,311,15,77.572,357.742,127.345,157.575,54.54,17.615,0.5541,6.355,0,9.747771836,2.228049697
2004,311,16,87.4635,66.286,22.89,23.335,11.945,16.06,0.63235,4.3,0,9.747771737,2.228049697
2004,311,17,98.534,0.23,0.015,0,0.005,13.59,0.72845,4.155,0,9.773186769,2.228049697
2004,311,18,109.8385,0,0,0,0,11.75,0.78745,3.885,0,9.785164802,2.228049697
2004,311,19,121.3015,0.437,0,0,0.03,11.19,0.7997,4.665,0,9.78546438,2.228049697
2004,311,20,132.5745,0.345,0,0,0.015,9.525,0.84065,4.385,0,9.785564594,2.228049697
2004,311,21,143.0905,0.207,0,0,0,9.76,0.81275,3.885,0,9.785697706,2.228049697
2004,311,22,151.661,0.023,0,0,0,9.51,0.8182,3.37,0,9.785853383,2.228049697
2004,311,23,155.9335,0.023,0,0,0,9.325,0.8232,3.805,0,9.786020951,2.228049697
2004,312,0,153.7605,0.092,0,0,0,8.245,0.87675,3.385,0,9.786196109,2.228049697
2004,312,1,146.341,0,0,0,0.005,8.06,0.89545,3.94,0,9.786366551,2.228049697
2004,312,2,136.3125,0,0,0,0.05,8,0.89865,4.06,0,9.786516094,2.228049697
2004,312,3,125.2255,0,0,0,0.045,7.265,0.91405,3.665,0,9.786638695,2.228049697
2004,312,4,113.7965,0,0,0,0.025,6.615,0.92105,3.075,0,9.786724722,2.228049697
2004,312,5,102.4225,0,0,0,0.005,6.31,0.91035,2.65,0,9.78676861,2.228049697
2004,312,6,91.234,25.461,9.43,8.145,3.27,6.44,0.9006,2.58,0,9.788889477,2.228049697
2004,312,7,80.9695,206.08,71.365,79.27,22.3,7.245,0.89235,3.375,0,9.817468643,2.228049697
2004,312,8,71.791,589.352,219.065,267.49,70.925,10.38,0.77735,5.35,0,9.816705296,2.228049697
2004,312,9,64.22,864.915,327.355,415.325,101.47,13.15,0.6283,7.46,0,9.816686623,2.228049697
2004,312,10,58.978,1056.919,400.635,515.88,120.265,14.59,0.5243,8.765,0,9.816686353,2.228049697
2004,312,11,56.7445,1123.435,427.145,552.86,126.505,15.685,0.4688,9.275,0,9.816686462,2.228049697
2004,312,12,57.8725,1076.17,407.09,528.785,124.465,16.495,0.32185,9.79,0,9.816686888,2.228049697
2004,312,13,62.1805,873.195,329.46,426.86,105.31,16.03,0.33145,10.495,0,9.816686377,2.228049697
2004,312,14,69.056,500.066,185.63,234.415,63.78,14.775,0.36015,9.915,0,9.816686462,2.228049697
2004,312,15,77.78,357.351,130.97,158.485,53.83,14.545,0.33345,8.035,0,9.816686727,2.228049697
2004,312,16,87.6415,67.781,24.255,25.745,12.82,12.915,0.3734,5.245,0,9.816686375,2.228049697
2004,312,17,98.709,0.253,0.025,0,0.165,10.335,0.4407,4.435,0,9.839330057,2.228049697
2004,312,18,110.005,0.046,0,0,0.15,9.665,0.4653,5.015,0,9.851306237,2.228049697
2004,312,19,121.4665,0,0,0,0.12,7.68,0.5559,4.415,0,9.851609866,2.228049697
2004,312,20,132.7495,0,0,0,0,6.645,0.5941,4.225,0,9.85169868,2.228049697
2004,312,21,143.2915,0,0,0,0,5.16,0.65435,3.165,0,9.851819672,2.228049697
2004,312,22,151.9075,0,0,0,0,4.315,0.67645,3.77,0,9.851968567,2.228049697
2004,312,23,156.2195,0,0,0,0.04,3.46,0.68315,4.43,0,9.852135258,2.228049697
2004,313,0,154.035,0,0,0,0.135,2.515,0.6856,4.595,0,9.852308317,2.228049697
2004,313,1,146.5765,0.023,0,0,0.075,1.67,0.7041,4.13,0,9.852476222,2.228049697
2004,313,2,136.518,0.069,0,0,0.075,0.89,0.7235,4.245,0,9.852628617,2.228049697
2004,313,3,125.4165,0.138,0,0,0.065,0.045,0.7397,4.07,0,9.852755442,2.228049697
2004,313,4,113.985,0.345,0,0,0.025,-0.085,0.7179,4.02,0,9.8528486,2.228049697
2004,313,5,102.616,0.368,0,0,0.015,-0.32,0.7286,3.8,0,9.852898267,2.228049697
2004,313,6,91.466,19.389,7.2,5.24,2.685,-0.79,0.74905,2.225,0,9.853138859,2.228049697
2004,313,7,81.189,176.364,69.52,80.845,23.05,0.395,0.73905,3.565,0,9.877685127,2.228049697
2004,313,8,72.0325,298.448,117.65,143.515,31.895,2.19,0.67995,3.595,0,9.876688357,2.228049697
2004,313,9,64.486,426.581,166.5,206.54,45.915,4.025,0.5486,3.22,0,9.876664355,2.228049697
2004,313,10,59.261,950.337,365.76,467.705,108.145,5.935,0.41225,3.71,0,9.87666399,2.228049697
2004,313,11,57.0315,1131.14,439.22,568.005,130.955,7.165,0.39695,2.915,0,9.876664059,2.228049697
2004,313,12,58.1515,1087.21,423.43,548.39,129.275,8.165,0.3593,2.055,0,9.876664314,2.228049697
2004,313,13,62.436,927.498,357.88,463.13,115.02,8.705,0.3364,2.435,0,9.87666408,2.228049697
2004,313,14,69.2855,669.622,254.43,318.275,89.69,8.96,0.2938,2.52,0,9.876664317,2.228049697
2004,313,15,77.9835,240.879,87.295,98.605,31.43,8.695,0.2733,2.495,0,9.876664059,2.228049697
2004,313,16,87.852,33.396,11.055,9.035,1.865,8.03,0.28505,1.515,0,9.875526002,2.228049697
2004,313,17,98.8765,0.207,0.09,0,0,7.235,0.3,2.14,0,9.838102202,2.228049697
2004,313,18,110.1645,0.023,0,0,0,6.375,0.32625,2.29,0,9.839993484,2.228049697
2004,313,19,121.625,0,0,0,0,5.565,0.3787,1.065,0,9.840078609,2.228049697
2004,313,20,132.9185,0,0,0,0,4.37,0.44115,0.815,0,9.840164333,2.228049697
2004,313,21,143.488,0.023,0,0,0,4.255,0.46845,1.64,0,9.840285606,2.228049697
2004,313,22,152.1485,0.046,0,0,0,4.35,0.43715,1.89,0,9.840436478,2.228049697
2004,313,23,156.5,0.046,0,0,0,3.585,0.4385,1.305,0,9.840605823,2.228049697
2004,314,0,154.305,0.115,0,0,0,3.33,0.42695,2.115,0,9.840783434,2.228049697
2004,314,1,146.8075,0,0,0,0,2.91,0.4562,2.775,0,9.840955244,2.228049697
2004,314,2,136.723,0.069,0,0,0,2.2,0.50575,2.815,0,9.841106631,2.228049697
2004,314,3,125.6055,0.184,0,0,0,1.53,0.55485,2.375,0,9.841233989,2.228049697
2004,314,4,114.173,0.184,0,0,0,1.32,0.5714,2.935,0,9.841325726,2.228049697
2004,314,5,102.809,0.253,0,0,0,0.965,0.59575,3.28,0,9.841372908,2.228049697
2004,314,6,91.6615,16.836,6.45,4.27,1.895,1.06,0.5971,3.22,0,9.841464617,2.228049697
2004,314,7,81.4075,229.402,85.49,96.105,31.65,1.21,0.65595,3.28,0,9.867969357,2.228049697
2004,314,8,72.274,563.431,214.15,264.16,72.87,4.445,0.61305,4.49,0,9.867001319,2.228049697
2004,314,9,64.7475,853.99,324.52,418.65,106.355,7.23,0.53335,6.115,0,9.866977992,2.228049697
2004,314,10,59.539,1019.682,389.245,509.405,124.365,8.815,0.47045,6.64,0,9.866977617,2.228049697
2004,314,11,57.316,1015.956,389.585,510.745,122.41,9.925,0.434,6.02,0,9.866977669,2.228049697
2004,314,12,58.4245,1082.932,414.875,545.805,134.05,11.085,0.39745,5.595,0,9.866977855,2.228049697
2004,314,13,62.686,809.531,306.99,400.975,102.68,11.785,0.3816,5.35,0,9.866977818,2.228049697
2004,314,14,69.5105,541.627,203.76,259.67,72.29,12.085,0.39455,5.715,0,9.866977636,2.228049697
2004,314,15,78.181,208.587,77.95,92.885,26.77,11.525,0.44245,5.235,0,9.866977654,2.228049697
2004,314,16,88.018,46.161,18.06,19.19,6.64,9.61,0.55295,4.315,0,9.866951829,2.228049697
2004,314,17,99.039,0.115,0.005,0,0,7.925,0.60145,4.81,0,9.858418715,2.228049697
2004,314,18,110.3185,0.069,0,0,0,7.27,0.6157,5.025,0,9.863297869,2.228049697
2004,314,19,121.7785,0.046,0,0,0,6.355,0.6543,4.29,0,9.86344941,2.228049697
2004,314,20,133.081,0.023,0,0,0,6.415,0.6446,5.195,0,9.863536938,2.228049697
2004,314,21,143.675,0.069,0,0,0.035,6.515,0.6308,5.675,0,9.863659434,2.228049697
2004,314,22,152.381,0.046,0,0,0.015,6.01,0.65745,5.42,0,9.863811518,2.228049697
2004,314,23,156.7765,0,0,0,0,6.265,0.64155,5.82,0,9.863979982,2.228049697
2004,315,0,154.573,0.069,0,0,0.02,7.055,0.60325,6.835,0,9.864154648,2.228049697
2004,315,1,147.037,0.046,0,0,0.01,6.68,0.64305,4.66,0,9.864325496,2.228049697
2004,315,2,136.9235,0.069,0,0,0.01,6.515,0.6496,5.41,0,9.864479111,2.228049697
2004,315,3,125.795,0.069,0,0,0.03,5.665,0.69415,4.58,0,9.864604803,2.228049697
2004,315,4,114.3605,0.023,0,0,0.01,4.7,0.73755,3.335,0,9.864692865,2.228049697
2004,315,5,103.0025,0.023,0,0,0,4.28,0.74555,3.775,0,9.86473738,2.228049697
2004,315,6,91.855,11.776,4.365,3.385,1.03,4.77,0.72805,4.195,0,9.86475113,2.228049697
2004,315,7,81.6225,223.859,83.645,98.95,30.14,5.925,0.70755,4.61,0,9.888670051,2.228049697
2004,315,8,72.5125,337.778,126.445,156.74,39.505,9.13,0.603,6.54,0,9.887583307,2.228049697
2004,315,9,65.006,428.007,160.82,201.295,46.755,10.655,0.58375,6.67,0,9.887557151,2.228049697
2004,315,10,59.813,671.577,253.475,324.11,77.005,12.945,0.56355,8.065,0,9.887556748,2.228049697
2004,315,11,57.594,952.476,359.96,468.46,113.67,15.73,0.52415,9.72,0,9.887556809,2.228049697
2004,315,12,58.6925,944.334,356.16,464.985,114.72,17.135,0.5285,9.455,0,9.887557034,2.228049697
2004,315,13,62.9335,686.665,260.08,335.345,83.83,17.315,0.5384,9.06,0,9.887556871,2.228049697
2004,315,14,69.7295,390.793,148.875,186.595,46.155,17.33,0.55655,8.565,0,9.887556837,2.228049697
2004,315,15,78.3735,171.419,65.96,79.705,20.415,16.595,0.5866,7.445,0,9.887556764,2.228049697
2004,315,16,88.1805,31.464,12.395,12.14,3.87,15,0.6553,5.295,0,9.884330702,2.228049697
2004,315,17,99.1955,0.207,0,0,0.01,13.54,0.6681,6.275,0,9.8454882,2.228049697
2004,315,18,110.4655,0,0,0,0.005,13.025,0.63285,6.5,0,9.847045287,2.228049697
2004,315,19,121.9255,0.069,0,0,0.025,11.93,0.66055,5.46,0,9.847123445,2.228049697
2004,315,20,133.237,0.207,0,0,0,11.87,0.6332,5.86,0,9.847212667,2.228049697
2004,315,21,143.858,0.253,0,0,0,11.22,0.64975,4.52,0,9.847343611,2.228049697
2004,315,22,152.6075,0.23,0,0,0,10.26,0.6858,2.12,0,9.847504843,2.228049697
2004,315,23,157.048,0.253,0,0,0,9.725,0.7044,2.97,0,9.847685459,2.228049697
2004,316,0,154.836,0.161,0,0,0,9.605,0.7033,3.375,0.243416667,9.847871669,2.228049697
2004,316,1,147.2655,0.345,0,0,0,9.385,0.72455,2.995,0.243416667,9.848053257,2.228049697
2004,316,2,137.1245,0.368,0,0,0,8.86,0.75695,2.975,0.243416667,9.848222751,2.228049697
2004,316,3,125.985,0.253,0,0,0.05,9.15,0.76045,1.69,0.243416667,9.848358723,2.228049697
2004,316,4,114.5465,0,0,0,0.18,8.635,0.8299,2.475,0.243416667,9.848449486,2.228049697
2004,316,5,103.1945,0.23,0,0,0.09,8.43,0.8674,2.39,0.243416667,9.848495047,2.228049697
2004,316,6,92.085,1.564,0.485,0,0.03,8.585,0.8922,6.155,0.243416667,9.848493708,2.228049697
2004,316,7,81.8395,24.242,8.225,6.45,2.04,8.74,0.9274,10.295,0.243416667,9.837481143,2.228049697
2004,316,8,72.7485,62.56,21.21,22.34,5.215,7.43,0.88955,11.72,0.243416667,9.711039286,2.228049697
2004,316,9,65.2625,105.271,36.905,40.25,7.565,6.935,0.88565,10.4,0.243416667,9.707100712,2.228049697
2004,316,10,60.086,152.237,54.475,61.815,11.565,7.105,0.90385,10.755,0.243416667,9.707038287,2.228049697
2004,316,11,57.8685,245.456,87.605,103.515,19.81,6.93,0.9001,11.2,0.243416667,9.707037459,2.228049697
2004,316,12,58.956,281.474,100.695,120.445,24.24,6.44,0.7883,12.415,0.243416667,9.707037537,2.228049697
2004,316,13,63.173,177.836,62.145,72.435,15.015,6.04,0.77355,11.19,0.243416667,9.707037803,2.228049697
2004,316,14,69.941,55.66,18.405,18.1,3.95,5.755,0.75825,9.8,0.243416667,9.707030992,2.228049697
2004,316,15,78.5595,19.458,6.17,3.905,1.505,5.6,0.7485,10.405,0.243416667,9.521268947,2.228049697
2004,316,16,88.376,5.957,1.67,0.635,0.81,4.91,0.8239,10.53,0.243416667,9.478936795,2.228049697
2004,316,17,99.3475,0.023,0,0,0.055,4.7,0.8246,9.865,0.243416667,9.478809542,2.228049697
2004,316,18,110.6075,0,0,0,0.005,5.23,0.73405,9.69,0.243416667,9.478819015,2.228049697
2004,316,19,122.0655,0,0,0,0.03,5.29,0.682,9.355,0.243416667,9.478863953,2.228049697
2004,316,20,133.3865,0,0,0,0.055,5.11,0.6737,8.875,0.243416667,9.478949418,2.228049697
2004,316,21,144.03,0,0,0,0.19,4.64,0.7096,7.195,0.243416667,9.479070604,2.228049697
2004,316,22,152.827,0,0,0,0.14,4.265,0.69015,7.715,0.243416667,9.479218559,2.228049697
2004,316,23,157.3125,0,0,0,0.205,3.885,0.69475,8.19,0.243416667,9.479384137,2.228049697
2004,317,0,155.0965,0.023,0,0,0.19,3.025,0.71625,6.985,0.010583333,9.479555522,2.228049697
2004,317,1,147.49,0,0,0,0.295,2.13,0.74385,8.38,0.010583333,9.479721452,2.228049697
2004,317,2,137.3235,0,0,0,0.105,1.43,0.79075,7.445,0.010583333,9.479869187,2.228049697
2004,317,3,126.1725,0,0,0,0.125,0.945,0.80245,7.34,0.010583333,9.479989115,2.228049697
2004,317,4,114.732,0.023,0,0,0.095,0.375,0.82015,6.86,0.010583333,9.48007335,2.228049697
2004,317,5,103.385,0.046,0,0,0.225,-0.34,0.8523,7.185,0.010583333,9.480115853,2.228049697
2004,317,6,92.2755,12.811,4.595,2.415,1.65,-0.58,0.84465,7.92,0.010583333,9.480152711,2.228049697
2004,317,7,82.0535,211.278,80.15,91.95,33.075,-0.215,0.81395,8.055,0.010583333,9.51974322,2.228049697
2004,317,8,72.984,540.178,206.685,259.9,76.675,1.23,0.7587,8.13,0.010583333,9.518871084,2.228049697
2004,317,9,65.5165,824.849,321.63,416.97,108.58,3.335,0.72145,7.655,0.010583333,9.518846891,2.228049697
2004,317,10,60.353,1014.783,400.795,525.275,129.045,5.24,0.66015,8.48,0.010583333,9.518846505,2.228049697
2004,317,11,58.1365,1092.408,433.395,569.52,136.78,6.26,0.5409,9.23,0.010583333,9.518846566,2.228049697
2004,317,12,59.213,1053.63,418.56,548.955,133.555,7.155,0.4357,9.25,0.010583333,9.518846792,2.228049697
2004,317,13,63.408,897.805,355.295,464.47,118.8,7.735,0.3436,9.11,0.010583333,9.518846629,2.228049697
2004,317,14,70.149,640.688,250.755,322.345,91.865,7.88,0.33445,9.26,0.010583333,9.518846599,2.228049697
2004,317,15,78.742,324.967,124.285,149.475,53.3,7.615,0.35315,8.46,0.010583333,9.518846522,2.228049697
2004,317,16,88.5265,49.611,18.05,18.3,10.67,5.97,0.4357,5.605,0.010583333,9.518844033,2.228049697
2004,317,17,99.4925,0.092,0,0,0.3,3.36,0.5701,4.615,0.010583333,9.538087287,2.228049697
2004,317,18,110.7435,0,0,0,0.08,2.025,0.62955,5.09,0.010583333,9.545267027,2.228049697
2004,317,19,122.199,0,0,0,0.02,1.39,0.68815,5.61,0.010583333,9.545451768,2.228049697
2004,317,20,133.5295,0,0,0,0.01,1.2,0.74835,5.385,0.010583333,9.545538185,2.228049697
2004,317,21,144.197,0.023,0,0,0.085,0.665,0.78645,5.09,0.010583333,9.545658469,2.228049697
2004,317,22,153.04,0.046,0,0,0.11,-0.235,0.8241,4.495,0.010583333,9.545807561,2.228049697
2004,317,23,157.572,0.069,0,0,0.03,-0.89,0.8344,4.565,0.010583333,9.545975496,2.228049697
2004,318,0,155.3535,0.115,0,0,0,-0.435,0.7675,4.74,0,9.546151436,2.228049697
2004,318,1,147.713,0.138,0,0,0,-0.03,0.68065,4.345,0,9.546323438,2.228049697
2004,318,2,137.522,0.046,0,0,0.05,-1.04,0.7132,3.37,0,9.546476886,2.228049697
2004,318,3,126.3575,0.276,0,0,0.005,-2.52,0.7947,3.52,0,9.546603551,2.228049697
2004,318,4,114.918,0.276,0,0,0.025,-3.065,0.8121,3.845,0,9.546696333,2.228049697
2004,318,5,103.5755,0.207,0,0,0.01,-3.41,0.81645,3.315,0,9.546742616,2.228049697
2004,318,6,92.4665,12.443,4.545,2.33,1.735,-3.565,0.8168,3.765,0,9.546777001,2.228049697
2004,318,7,82.265,210.358,81.985,91.01,32.11,-2.455,0.81605,3.92,0,9.584210993,2.228049697
2004,318,8,73.2175,534.359,209.79,257.815,75.185,0.99,0.71205,4.605,0,9.583302111,2.228049697
2004,318,9,65.7655,813.855,318.225,411.61,107.14,3.09,0.65065,5.25,0,9.583277406,2.228049697
2004,318,10,60.6145,1000.155,393.005,515.665,127.365,4.66,0.61935,5.885,0,9.583277013,2.228049697
2004,318,11,58.402,1076.147,425.315,558.56,135.085,6.005,0.56005,5.6,0,9.583277073,2.228049697
2004,318,12,59.466,1035.897,408.95,537.16,131.725,7.18,0.4876,5.34,0,9.583277296,2.228049697
2004,318,13,63.6365,885.5,347.805,455.53,117.575,8.105,0.4145,6.105,0,9.583277139,2.228049697
2004,318,14,70.35,627.141,245.025,314.27,90.35,8.575,0.42045,5.835,0,9.583277096,2.228049697
2004,318,15,78.914,312.984,119.875,143.465,51.59,8.385,0.4429,6.075,0,9.583277032,2.228049697
2004,318,16,88.672,42.55,15.56,15.295,7.77,6.745,0.5196,4.535,0,9.583246491,2.228049697
2004,318,17,99.631,0.046,0.03,0,0,5.165,0.6115,4.545,0,9.5826325,2.228049697
2004,318,18,110.8725,0,0,0,0,4.405,0.6455,4.125,0,9.587212513,2.228049697
2004,318,19,122.326,0,0,0,0,4,0.66005,4.29,0,9.587347477,2.228049697
2004,318,20,133.6645,0,0,0,0.015,3.775,0.66875,4.865,0,9.587432949,2.228049697
2004,318,21,144.358,0.023,0,0,0.01,2.76,0.71065,4.3,0,9.587553117,2.228049697
2004,318,22,153.2445,0,0,0,0,1.95,0.74495,3.82,0,9.587701381,2.228049697
2004,318,23,157.826,0,0,0,0,1.44,0.77255,3.63,0,9.587866382,2.228049697
2004,319,0,155.6065,0.046,0,0,0,1.2,0.79485,4.575,0,9.588038241,2.228049697
2004,319,1,147.9335,0.023,0,0,0,1.01,0.80565,4.36,0,9.588206649,2.228049697
2004,319,2,137.718,0.023,0,0,0,0.7,0.81065,4.075,0,9.588356348,2.228049697
2004,319,3,126.545,0,0,0,0.02,0.26,0.82465,4.68,0,9.588477969,2.228049697
2004,319,4,115.1005,0.046,0,0,0,0.06,0.8251,3.845,0,9.588564003,2.228049697
2004,319,5,103.765,0.092,0,0,0,-0.43,0.8341,3.075,0,9.588608338,2.228049697
2004,319,6,92.695,10.258,4.485,2.885,1.75,-0.885,0.84645,3.265,0,9.588624246,2.228049697
2004,319,7,82.475,158.999,62.595,71.72,22.13,-0.25,0.83605,3.7,0,9.619786513,2.228049697
2004,319,8,73.447,491.579,190.43,237.645,70.025,1.485,0.78025,5.295,0,9.618656094,2.228049697
2004,319,9,66.0135,712.609,276.795,360.155,94.48,3.18,0.70985,5.875,0,9.618625574,2.228049697
2004,319,10,60.8725,925.75,361.005,474.315,118.805,5.01,0.6383,6.06,0,9.618625074,2.228049697
2004,319,11,58.66,1048.248,412.7,541.265,131.93,7.17,0.56245,6.29,0,9.618625131,2.228049697
2004,319,12,59.7115,897.069,351.7,461.48,114.56,9.28,0.50025,5.83,0,9.618625341,2.228049697
2004,319,13,63.858,558.624,217.205,278.37,68.615,10.5,0.43965,5.895,0,9.618625222,2.228049697
2004,319,14,70.544,354.591,137.34,173.015,42.185,10.555,0.4206,5.465,0,9.618625117,2.228049697
2004,319,15,79.082,197.869,77.705,95.63,26.085,10.43,0.4595,4.07,0,9.618625197,2.228049697
2004,319,16,88.848,44.229,18.445,20.58,6.895,9.62,0.50335,3.145,0,9.61858353,2.228049697
2004,319,17,99.765,0.069,0.005,0,0,8.035,0.5449,3.015,0,9.618778927,2.228049697
2004,319,18,110.9965,0,0,0,0,6.08,0.6165,0.42,0,9.623741567,2.228049697
2004,319,19,122.4495,0,0,0,0,5.87,0.61005,2.26,0,9.623885485,2.228049697
2004,319,20,133.796,0,0,0,0,4.585,0.6305,3.77,0,9.623970842,2.228049697
2004,319,21,144.5105,0.023,0,0,0,4.205,0.64395,4.305,0,9.624090852,2.228049697
2004,319,22,153.445,0,0,0,0,3.67,0.6592,3.66,0,9.624239088,2.228049697
2004,319,23,158.074,0.023,0,0,0.02,2.805,0.6869,4.065,0,9.624404608,2.228049697
2004,320,0,155.8545,0,0,0,0,2.53,0.70345,2.85,0,9.624576466,2.228049697
2004,320,1,148.151,0.092,0,0,0,2.285,0.709,1.165,0,9.624745478,2.228049697
2004,320,2,137.9125,0.115,0,0,0,2.77,0.6765,2.095,0,9.624899795,2.228049697
2004,320,3,126.728,0.092,0,0,0,3.13,0.6453,3.12,0,9.62502567,2.228049697
2004,320,4,115.286,0,0,0,0,2.22,0.68115,4.02,0,9.625112998,2.228049697
2004,320,5,103.953,0.046,0,0,0,1.555,0.70735,3.565,0,9.625157167,2.228049697
2004,320,6,92.885,8.326,3.355,2.12,1.095,1.51,0.71535,3.665,0,9.625165708,2.228049697
2004,320,7,82.6835,217.166,83.66,98.315,32.55,1.83,0.72295,3.02,0,9.659479914,2.228049697
2004,320,8,73.6765,485.737,186.065,235.785,61.97,5.28,0.65425,3.705,0,9.658481202,2.228049697
2004,320,9,66.257,512.371,194.33,247.615,58.575,7.19,0.6192,3.55,0,9.658454498,2.228049697
2004,320,10,61.1285,513.245,195.085,246.93,56.67,8.805,0.621,3.495,0,9.658454071,2.228049697
2004,320,11,58.915,830.461,315.8,405.905,94.415,10.935,0.59385,3.475,0,9.658454129,2.228049697
2004,320,12,59.9515,655.523,247.915,317.165,74.6,12.75,0.5627,3.025,0,9.658454342,2.228049697
2004,320,13,64.075,603.152,229.43,293.115,70.37,13.16,0.56335,2.57,0,9.658454213,2.228049697
2004,320,14,70.7335,307.073,117.59,146.76,34.555,13.445,0.56,2.375,0,9.65845412,2.228049697
2004,320,15,79.245,68.494,26.285,28.925,6.58,12.79,0.60345,2.6,0,9.65845413,2.228049697
2004,320,16,88.984,10.396,4.115,2.825,0.805,11.97,0.6494,2.63,0,9.593475967,2.228049697
2004,320,17,99.8905,0.023,0,0,0,11.17,0.67815,2.62,0,9.592515246,2.228049697
2004,320,18,111.1135,0.092,0,0,0,10.01,0.7438,2.625,0,9.592758723,2.228049697
2004,320,19,122.563,0.046,0,0,0,9.705,0.7638,3.205,0,9.592809008,2.228049697
2004,320,20,133.916,0.069,0,0,0,9.435,0.76575,3.68,0,9.592896188,2.228049697
2004,320,21,144.656,0.046,0,0,0,9.055,0.7834,3.29,0,9.593019802,2.228049697
2004,320,22,153.635,0.115,0,0,0,8.75,0.7998,3.5,0,9.593172175,2.228049697
2004,320,23,158.317,0.023,0,0,0,8.785,0.79865,3.295,0,9.593341688,2.228049697
2004,321,0,156.1005,0.092,0,0,0,8.89,0.7773,3.215,0.010583333,9.593516205,2.228049697
2004,321,1,148.365,0.069,0,0,0,8.845,0.78515,3.12,0.010583333,9.593686683,2.228049697
2004,321,2,138.106,0.069,0,0,0,8.685,0.8156,2.81,0.010583333,9.59383841,2.228049697
2004,321,3,126.913,0.069,0,0,0,8.705,0.8233,2.215,0.010583333,9.593961755,2.228049697
2004,321,4,115.467,0,0,0,0,8.65,0.83145,3.595,0.010583333,9.594047541,2.228049697
2004,321,5,104.14,0,0,0,0,8.95,0.80285,2.255,0.010583333,9.594090146,2.228049697
2004,321,6,93.1105,4.83,1.585,0.8,0.365,9.1,0.7827,2.995,0.010583333,9.594088633,2.228049697
2004,321,7,82.889,89.079,33.245,38.66,9.165,9.075,0.8028,3.29,0.010583333,9.602269011,2.228049697
2004,321,8,73.9005,157.642,57.555,69.495,15.48,10.2,0.7571,3.225,0.010583333,9.5997631,2.228049697
2004,321,9,66.498,297.942,109.77,135.615,29.915,11.585,0.7124,3.77,0.010583333,9.599695709,2.228049697
2004,321,10,61.3775,329.199,120.175,148.655,32.54,12.52,0.7205,3.29,0.010583333,9.599694646,2.228049697
2004,321,11,59.164,407.353,149.7,186.15,40.775,13.715,0.7416,2.93,0.010583333,9.599694714,2.228049697
2004,321,12,60.186,359.168,130.45,162.095,35.705,14.37,0.73915,2.89,0.010583333,9.599694638,2.228049697
2004,321,13,64.2855,296.24,107.13,132.445,29.315,14.475,0.7734,3.895,0.010583333,9.599694644,2.228049697
2004,321,14,70.916,223.261,82.15,99.75,22.42,14.525,0.7722,4.49,0.010583333,9.599694639,2.228049697
2004,321,15,79.4,67.85,24.77,26.935,6.26,14.38,0.731,3.955,0.010583333,9.599694177,2.228049697
2004,321,16,89.112,8.533,2.945,1.31,0.795,13.59,0.75615,3.82,0.010583333,9.537294196,2.228049697
2004,321,17,100.013,0.023,0,0,0,12.955,0.7743,3.86,0.010583333,9.537606528,2.228049697
2004,321,18,111.225,0,0,0,0,12.38,0.78365,4.03,0.010583333,9.537833512,2.228049697
2004,321,19,122.672,0.023,0,0,0,12.285,0.7683,4.925,0.010583333,9.537883249,2.228049697
2004,321,20,134.033,0.023,0,0,0,11.955,0.7899,4.485,0.010583333,9.537969932,2.228049697
2004,321,21,144.796,0,0,0,0,11.715,0.8127,4.14,0.010583333,9.538091968,2.228049697
2004,321,22,153.8185,0,0,0,0,11.52,0.8401,3.605,0.010583333,9.538240367,2.228049697
2004,321,23,158.553,0.023,0,0,0,11.495,0.8618,3.915,0.010583333,9.538405868,2.228049697
2004,322,0,156.3405,0.046,0,0,0,11.52,0.8776,3.815,0,9.538579632,2.228049697
2004,322,1,148.579,0.092,0,0,0,11.275,0.8962,2.89,0,9.538748155,2.228049697
2004,322,2,138.2985,0.023,0,0,0,11.2,0.9059,2.455,0,9.53889875,2.228049697
2004,322,3,127.0945,0.023,0,0,0,11.315,0.91535,2.9,0,9.539019416,2.228049697
2004,322,4,115.6485,0.092,0,0,0,11.8,0.91305,2.295,0,9.539104371,2.228049697
2004,322,5,104.3265,0.023,0,0,0,12.83,0.8774,2.4,0,9.539146626,2.228049697
2004,322,6,93.299,2.898,0.85,0.26,0.13,13.535,0.85425,2.425,0,9.539143093,2.228049697
2004,322,7,83.095,93.84,34.375,40.38,9.7,13.82,0.8614,2.715,0,9.548747545,2.228049697
2004,322,8,74.1235,221.03,81.4,99.575,22.83,14.47,0.85015,4.6,0,9.546287637,2.228049697
2004,322,9,66.7345,217.442,78.11,94.825,21.01,15.355,0.83,5.575,0,9.546221101,2.228049697
2004,322,10,61.624,260.544,92.15,112.455,24.66,16.12,0.8189,5.89,0,9.546220107,2.228049697
2004,322,11,59.407,453.951,165.41,206.8,46.74,16.905,0.8319,5.425,0,9.546220089,2.228049697
2004,322,12,60.413,619.528,226.8,285.63,66.14,19.475,0.7336,5.99,0,9.546220035,2.228049697
2004,322,13,64.4885,625.278,228.01,291.28,72.885,20.32,0.69045,5.775,0,9.546220066,2.228049697
2004,322,14,71.093,508.323,184.82,232.495,63.965,21.13,0.6574,5.09,0,9.546220158,2.228049697
2004,322,15,79.5505,252.425,92.24,109.495,33.06,20.82,0.69175,4.165,0,9.546220449,2.228049697
2004,322,16,89.232,37.168,14.405,14.795,6.195,19.325,0.74495,3.71,0,9.546005594,2.228049697
2004,322,17,100.1255,0.092,0,0,0.05,17.49,0.8355,3.845,0,9.536398369,2.228049697
2004,322,18,111.3305,0.046,0,0,0.01,16.36,0.8539,3.385,0,9.539594544,2.228049697
2004,322,19,122.774,0.184,0,0,0.075,15.14,0.8762,4.67,0,9.539702566,2.228049697
2004,322,20,134.142,0.092,0,0,0,14.255,0.8917,3.22,0,9.539792185,2.228049697
2004,322,21,144.927,0.023,0,0,0,14.14,0.88925,3.415,0,9.539915457,2.228049697
2004,322,22,153.996,0.138,0,0,0,14.635,0.8836,4.08,0,9.540066659,2.228049697
2004,322,23,158.783,0.092,0,0,0.01,14.285,0.8919,4.985,0,9.540238361,2.228049697
2004,323,0,156.579,0.23,0,0,0.015,14.22,0.8961,4.815,0.518583333,9.54041773,2.228049697
2004,323,1,148.7895,0.115,0,0,0,14.185,0.8986,3.5,0.518583333,9.540593436,2.228049697
2004,323,2,138.486,0.092,0,0,0.005,14.045,0.9032,2.6,0.518583333,9.54074636,2.228049697
2004,323,3,127.2755,0.184,0,0,0,13.535,0.9179,2.035,0.518583333,9.540872288,2.228049697
2004,323,4,115.8285,0.023,0,0,0,13.04,0.9282,2.455,0.518583333,9.54095976,2.228049697
2004,323,5,104.513,0,0,0,0,12.63,0.93275,2.065,0.518583333,9.541002367,2.228049697
2004,323,6,93.4845,3.542,1.27,0.69,0.405,12.235,0.9404,2.075,0.518583333,9.541000393,2.228049697
2004,323,7,83.297,72.082,27.27,31.89,7.955,12.135,0.9458,1.865,0.518583333,9.539681912,2.228049697
2004,323,8,74.344,220.156,81.14,100.83,23.62,13.19,0.90975,2.2,0.518583333,9.536044446,2.228049697
2004,323,9,66.9675,385.618,142.95,178.75,40.965,15.115,0.84975,3.095,0.518583333,9.535943439,2.228049697
2004,323,10,61.864,437.276,161.355,201.29,45.38,16.695,0.78885,3.645,0.518583333,9.535941838,2.228049697
2004,323,11,59.6455,315.031,113.975,140.145,30.785,17.275,0.76785,2.955,0.518583333,9.535941855,2.228049697
2004,323,12,60.6365,248.216,87.92,107.24,23.65,17.355,0.76525,3.045,0.518583333,9.53594181,2.228049697
2004,323,13,64.6865,259.394,92.435,112.44,24.685,17.2,0.7707,3.275,0.518583333,9.535941821,2.228049697
2004,323,14,71.2625,121.463,42.86,49.37,11.03,16.705,0.80395,2.59,0.518583333,9.535941839,2.228049697
2004,323,15,79.6955,21.712,7.06,4.285,1.7,15.77,0.8807,2.23,0.518583333,9.482736596,2.228049697
2004,323,16,89.389,2.162,0.43,0,0.305,14.39,0.95965,4.095,0.518583333,9.406510305,2.228049697
2004,323,17,100.2345,0.46,0,0,0.14,14.045,0.97265,4.075,0.518583333,9.406558419,2.228049697
2004,323,18,111.429,0.46,0,0,0.03,13.825,0.9771,2.665,0.518583333,9.406573314,2.228049697
2004,323,19,122.8695,0.437,0,0,0,13.6,0.98345,2.24,0.518583333,9.406628206,2.228049697
2004,323,20,134.2455,0.46,0,0,0,13.255,0.9875,2.015,0.518583333,9.406729531,2.228049697
2004,323,21,145.0505,0.46,0,0,0,13.115,0.99085,2.39,0.518583333,9.406872399,2.228049697
2004,323,22,154.165,0.46,0,0,0,13.24,0.99275,2.98,0.518583333,9.407045794,2.228049697
2004,323,23,159.008,0.46,0,0,0.27,13.105,0.9931,3.56,0.518583333,9.407238852,2.228049697
2004,324,0,156.8105,0.437,0,0,0.275,12.795,0.9903,3.29,0.169333333,9.407436884,2.228049697
2004,324,1,148.9975,0.437,0,0,0.12,12.535,0.98975,2.895,0.169333333,9.407626455,2.228049697
2004,324,2,138.675,0.414,0,0,0.095,12.35,0.98995,1.85,0.169333333,9.407794759,2.228049697
2004,324,3,127.4555,0.46,0,0,0,12.295,0.99115,2.375,0.169333333,9.407930706,2.228049697
2004,324,4,116.0075,0.46,0,0,0,12.3,0.99275,2.995,0.169333333,9.40802571,2.228049697
2004,324,5,104.6975,0.46,0,0,0,12.3,0.99395,2.115,0.169333333,9.408071716,2.228049697
2004,324,6,93.7075,1.472,0.275,0,0.055,12.3,0.99525,2.445,0.169333333,9.408065155,2.228049697
2004,324,7,83.4965,16.054,5.14,3.055,1.12,12.3,0.996,3.385,0.169333333,9.406679633,2.228049697
2004,324,8,74.56,50.301,16.675,17.155,3.75,12.295,0.9952,4.395,0.169333333,9.252762217,2.228049697
2004,324,9,67.198,83.927,28.545,31.255,6.15,12.29,0.98885,4.215,0.169333333,9.240149632,2.228049697
2004,324,10,62.099,154.583,54.925,63.655,12.33,12.455,0.9723,4.77,0.169333333,9.23994389,2.228049697
2004,324,11,59.8765,84.226,29.255,30.735,6.24,12.635,0.9526,4.565,0.169333333,9.239941145,2.228049697
2004,324,12,60.8515,93.564,32.535,35.46,6.605,12.205,0.97445,5.275,0.169333333,9.239941107,2.228049697
2004,324,13,64.878,76.061,26.8,27.71,5.425,12.13,0.9717,5.08,0.169333333,9.239941,2.228049697
2004,324,14,71.4275,82.041,29.98,31.405,6.325,12.34,0.9622,4.33,0.169333333,9.239940388,2.228049697
2004,324,15,79.833,21.574,7.52,4.575,1.705,12.39,0.95485,3.985,0.169333333,9.158304562,2.228049697
2004,324,16,89.5005,3.105,1.03,0,0.22,12.23,0.96775,2.845,0.169333333,9.104098599,2.228049697
2004,324,17,100.337,0.092,0,0,0.02,12.08,0.97765,3.95,0.169333333,9.104238677,2.228049697
2004,324,18,111.52,0.345,0,0,0.02,11.95,0.984,3.995,0.169333333,9.104253783,2.228049697
2004,324,19,122.9595,0.46,0,0,0.11,11.785,0.9865,4.57,0.169333333,9.104306837,2.228049697
2004,324,20,134.341,0.46,0,0,0.11,11.7,0.9818,4.03,0.169333333,9.104407982,2.228049697
2004,324,21,145.1675,0.46,0,0,0.075,11.615,0.98035,4.1,0.169333333,9.104548326,2.228049697
2004,324,22,154.3265,0.437,0,0,0.1,11.505,0.9764,3.985,0.169333333,9.10471919,2.228049697
2004,324,23,159.2235,0.368,0,0,0,11.545,0.96895,4.565,0.169333333,9.10490562,2.228049697
2004,325,0,157.0395,0.115,0,0,0,11.655,0.9576,4.49,0.010583333,9.105088951,2.228049697
2004,325,1,149.2025,0.092,0,0,0,11.7,0.9514,4.845,0.010583333,9.105256032,2.228049697
2004,325,2,138.862,0.115,0,0,0,11.7,0.9583,4.515,0.010583333,9.105404406,2.228049697
2004,325,3,127.6345,0,0,0,0.015,11.66,0.96035,4.665,0.010583333,9.10552261,2.228049697
2004,325,4,116.1855,0.115,0,0,0,11.68,0.96105,5.03,0.010583333,9.105603703,2.228049697
2004,325,5,104.879,0.391,0,0,0,11.57,0.97425,5.385,0.010583333,9.105645418,2.228049697
2004,325,6,93.8915,1.357,0.225,0,0.145,11.6,0.97935,5.16,0.010583333,9.105638899,2.228049697
2004,325,7,83.6925,25.553,9.27,6.62,2.19,11.81,0.9116,4.71,0.010583333,9.092680421,2.228049697
2004,325,8,74.7745,66.401,24.22,25.235,5.54,11.37,0.91965,5.55,0.010583333,9.001166043,2.228049697
2004,325,9,67.424,283.521,107.86,128.8,25.1,10.445,0.8704,6.845,0.010583333,8.998469919,2.228049697
2004,325,10,62.3325,383.847,146.7,177.9,35.865,10.94,0.80855,7.5,0.010583333,8.998423982,2.228049697
2004,325,11,60.1025,349.646,131.875,160.265,33.455,10.905,0.79695,7.17,0.010583333,8.998423364,2.228049697
2004,325,12,61.062,228.459,83.71,100.44,21.34,9.9,0.82875,7.31,0.010583333,8.998423492,2.228049697
2004,325,13,65.061,157.205,57.01,66.395,14.25,9.83,0.81375,6.625,0.010583333,8.998423347,2.228049697
2004,325,14,71.584,91.816,33.145,36.975,8.07,9.86,0.79585,5.985,0.010583333,8.998423383,2.228049697
2004,325,15,79.964,29.325,10.14,9.135,2.625,9.63,0.8111,5.405,0.010583333,8.971571843,2.228049697
2004,325,16,89.605,5.175,1.725,0.585,0.47,9.35,0.793,5.47,0.010583333,8.868741747,2.228049697
2004,325,17,100.433,0,0,0,0.005,8.93,0.83345,4.675,0.010583333,8.86936817,2.228049697
2004,325,18,111.6065,0,0,0,0.245,7.98,0.85435,4.885,0.010583333,8.869400299,2.228049697
2004,325,19,123.042,0.115,0,0,0.085,7.29,0.86545,4.085,0.010583333,8.869447212,2.228049697
2004,325,20,134.429,0.092,0,0,0.06,7.105,0.86945,4.135,0.010583333,8.869535971,2.228049697
2004,325,21,145.2775,0.253,0,0,0.09,6.775,0.85135,4.655,0.010583333,8.86966074,2.228049697
2004,325,22,154.4795,0.138,0,0,0.08,6.63,0.83455,3.9,0.010583333,8.86981558,2.228049697
2004,325,23,159.435,0.115,0,0,0.075,6.435,0.8201,4.19,0.010583333,8.869983065,2.228049697
2004,326,0,157.263,0.161,0,0,0.05,6.385,0.79745,3.545,0,8.870156581,2.228049697
2004,326,1,149.404,0.161,0,0,0.05,6.425,0.777,3.2,0,8.870324391,2.228049697
2004,326,2,139.0455,0.23,0,0,0.08,6.16,0.7582,4.11,0,8.870475023,2.228049697
2004,326,3,127.81,0.115,0,0,0.085,5.92,0.76285,3.87,0,8.870595937,2.228049697
2004,326,4,116.3635,0.138,0,0,0.07,5.655,0.76855,2.77,0,8.870677953,2.228049697
2004,326,5,105.0615,0.253,0,0,0.06,5.66,0.7578,2.83,0,8.870718084,2.228049697
2004,326,6,94.073,1.242,0.33,0,0.085,5.6,0.77555,2.235,0,8.870711877,2.228049697
2004,326,7,83.8865,36.432,13.525,13.855,3.34,5.62,0.799,2.005,0,8.835504082,2.228049697
2004,326,8,74.986,167.808,65.33,78.03,16.69,5.71,0.75395,2.955,0,8.81844258,2.228049697
2004,326,9,67.645,292.215,115.89,139.735,29.44,5.845,0.71345,1.675,0,8.817786267,2.228049697
2004,326,10,62.556,414.598,165.95,202.085,42.165,6.1,0.70125,1.65,0,8.817774819,2.228049697
2004,326,11,60.324,615.434,248.565,307.33,65.53,6.48,0.6783,1.42,0,8.817774779,2.228049697
2004,326,12,61.265,541.834,215.955,265.655,57.86,6.355,0.69945,2.575,0,8.817774679,2.228049697
2004,326,13,65.2405,675.947,271.15,341.85,81.83,6.8,0.68215,2.7,0,8.817774745,2.228049697
2004,326,14,71.736,357.903,140.945,172.365,41.41,6.565,0.7021,3.01,0,8.817774965,2.228049697
2004,326,15,80.0885,191.843,78.905,95.77,25.3,6.59,0.70435,2.365,0,8.817774765,2.228049697
2004,326,16,89.703,17.894,6.78,6.11,1.6,6.025,0.74305,2.13,0,8.821554919,2.228049697
2004,326,17,100.5225,0.092,0.01,0,0,5.525,0.7997,1.225,0,8.854004037,2.228049697
2004,326,18,111.687,0.368,0,0,0.055,5.28,0.8461,2.495,0,8.855130052,2.228049697
2004,326,19,123.1185,0.391,0,0,0.075,5.065,0.86,1.78,0,8.855199884,2.228049697
2004,326,20,134.511,0.391,0,0,0.14,4.945,0.8615,1.475,0,8.855296526,2.228049697
2004,326,21,145.3805,0.345,0,0,0.03,4.805,0.8652,0.9,0,8.855430833,2.228049697
2004,326,22,154.6265,0.322,0,0,0.085,4.79,0.84385,1.295,0,8.855592764,2.228049697
2004,326,23,159.638,0.23,0,0,0.155,4.745,0.8561,1.55,0,8.855768199,2.228049697
2004,327,0,157.4825,0.115,0,0,0.205,4.905,0.85825,0.43,0.021166667,8.855944018,2.228049697
2004,327,1,149.6035,0.069,0,0,0.165,4.915,0.8751,0.74,0.021166667,8.856108143,2.228049697
2004,327,2,139.2285,0,0,0,0.215,4.765,0.8901,0.715,0.021166667,8.856251063,2.228049697
2004,327,3,127.9865,0.023,0,0,0.22,4.7,0.9024,0.43,0.021166667,8.856365372,2.228049697
2004,327,4,116.5375,0,0,0,0.22,4.625,0.9042,1.015,0.021166667,8.856444464,2.228049697
2004,327,5,105.2415,0,0,0,0.195,4.57,0.9143,1.195,0.021166667,8.856482508,2.228049697
2004,327,6,94.2935,1.564,0.545,0,0.23,4.38,0.92355,2.135,0.021166667,8.856477238,2.228049697
2004,327,7,84.0785,89.884,36.42,39.93,9.12,4.4,0.9264,0.51,0.021166667,8.891886322,2.228049697
2004,327,8,75.194,363.998,145.44,172.28,42.605,5.785,0.83275,0.405,0.021166667,8.890378665,2.228049697
2004,327,9,67.862,688.965,276.415,343.285,83.125,6.095,0.802,2.895,0.021166667,8.890316078,2.228049697
2004,327,10,62.7765,913.1,359.57,454.35,107.04,7.105,0.78675,3.315,0.021166667,8.890315034,2.228049697
2004,327,11,60.537,938.699,367.575,467.105,109.04,8.15,0.7567,2.76,0.021166667,8.890315065,2.228049697
2004,327,12,61.461,936.997,364.97,467.405,111.145,8.96,0.71655,2.87,0.021166667,8.890314991,2.228049697
2004,327,13,65.4115,787.29,306.68,391.76,98.13,9.735,0.68285,2.79,0.021166667,8.890315005,2.228049697
2004,327,14,71.8775,514.51,197.425,249.005,68.615,10.215,0.69345,4.58,0.021166667,8.890315031,2.228049697
2004,327,15,80.2065,211.738,80.535,93.81,30.155,9.93,0.74615,4.45,0.021166667,8.890315102,2.228049697
2004,327,16,89.796,27.692,10.795,9.92,3.655,9.06,0.81805,3.385,0.021166667,8.890842664,2.228049697
2004,327,17,100.6075,0.069,0,0,0,8.245,0.8547,2.455,0.021166667,8.918359837,2.228049697
2004,327,18,111.7605,0.046,0,0,0,8.31,0.883,2.385,0.021166667,8.920212694,2.228049697
2004,327,19,123.1885,0,0,0,0.035,8.16,0.9,4.07,0.021166667,8.920289119,2.228049697
2004,327,20,134.587,0,0,0,0,7.735,0.9151,4.22,0.021166667,8.920373947,2.228049697
2004,327,21,145.4745,0.023,0,0,0,7.905,0.93055,4.085,0.021166667,8.920492528,2.228049697
2004,327,22,154.764,0,0,0,0,8.125,0.9398,4.685,0.021166667,8.920637219,2.228049697
2004,327,23,159.8355,0.023,0,0,0,8.185,0.95305,3.965,0.021166667,8.920799111,2.228049697
2004,328,0,157.6985,0,0,0,0,8.28,0.9569,3.83,0.010583333,8.920965835,2.228049697
2004,328,1,149.799,0,0,0,0,8.36,0.9594,4.25,0.010583333,8.921125606,2.228049697
2004,328,2,139.41,0,0,0,0,8.4,0.96315,3.93,0.010583333,8.921267304,2.228049697
2004,328,3,128.16,0,0,0,0,8.435,0.9708,2.985,0.010583333,8.921382075,2.228049697
2004,328,4,116.7125,0,0,0,0,8.4,0.9758,2.785,0.010583333,8.921461444,2.228049697
2004,328,5,105.42,0.023,0,0,0,8.4,0.9802,2.995,0.010583333,8.921500108,2.228049697
2004,328,6,94.4735,0.92,0.265,0,0.025,8.4,0.9821,2.56,0.010583333,8.921495137,2.228049697
2004,328,7,84.268,24.449,8.935,8.175,2.255,8.49,0.9829,1.815,0.010583333,8.91245908,2.228049697
2004,328,8,75.399,135.608,52.385,61.72,13.755,8.905,0.9773,1.68,0.010583333,8.869227883,2.228049697
2004,328,9,68.0755,162.587,60.645,71.035,15.025,9.255,0.94975,3.125,0.010583333,8.867608326,2.228049697
2004,328,10,62.995,263.741,100.71,120.505,25.225,9.845,0.92235,2.35,0.010583333,8.867579949,2.228049697
2004,328,11,60.7465,323.541,124.76,149.375,30.81,10.47,0.88275,2.015,0.010583333,8.867579535,2.228049697
2004,328,12,61.6525,246.79,93.385,110.46,22.015,10.925,0.85275,0.845,0.010583333,8.867579571,2.228049697
2004,328,13,65.578,219.604,84.63,99.665,20.205,11.125,0.8434,1.19,0.010583333,8.867579678,2.228049697
2004,328,14,72.0165,54.303,19.285,19.96,4.175,10.82,0.86575,2.525,0.010583333,8.867573583,2.228049697
2004,328,15,80.32,22.494,7.46,6.12,2.07,10.105,0.9123,3.545,0.010583333,8.72451248,2.228049697
2004,328,16,89.921,3.335,0.775,0,0.435,9.225,0.95855,4.565,0.010583333,8.686130748,2.228049697
2004,328,17,100.6835,0.138,0,0,0.03,8.875,0.97435,4.48,0.010583333,8.686350461,2.228049697
2004,328,18,111.828,0.138,0,0,0.055,8.985,0.95485,3.275,0.010583333,8.686364408,2.228049697
2004,328,19,123.2515,0.069,0,0,0,9.125,0.92995,3.205,0.010583333,8.686410937,2.228049697
2004,328,20,134.6545,0.391,0,0,0.075,9.005,0.91705,4.15,0.010583333,8.68650038,2.228049697
2004,328,21,145.5625,0.207,0,0,0.06,8.5,0.84775,6.25,0.010583333,8.686630402,2.228049697
2004,328,22,154.895,0,0,0,0.03,8.155,0.82995,5.865,0.010583333,8.686779852,2.228049697
2004,328,23,160.0275,0,0,0,0,8.16,0.84155,6.005,0.010583333,8.686938494,2.228049697
2004,329,0,157.9105,0,0,0,0.035,8.04,0.84785,7.54,1.672166667,8.687102701,2.228049697
2004,329,1,149.9925,0,0,0,0.105,7.54,0.85535,7.77,1.672166667,8.687260124,2.228049697
2004,329,2,139.588,0.138,0,0,0.11,6.755,0.9033,8.11,1.672166667,8.687403273,2.228049697
2004,329,3,128.333,0.046,0,0,0.055,5.935,0.93215,10.935,1.672166667,8.687520165,2.228049697
2004,329,4,116.8845,0.253,0,0,0.195,5.23,0.93545,11.48,1.672166667,8.687602194,2.228049697
2004,329,5,105.597,0.092,0,0,0.4,4.245,0.9382,13.75,1.672166667,8.687642251,2.228049697
2004,329,6,94.6875,0.529,0.045,0,0.27,3.675,0.9355,14.635,1.672166667,8.687636839,2.228049697
2004,329,7,84.4525,7.015,2.25,0.495,0.64,3.39,0.9378,14.26,1.672166667,8.687485226,2.228049697
2004,329,8,75.6005,37.352,13.135,11.755,2.645,3.25,0.9424,14.7,1.672166667,8.55776404,2.228049697
2004,329,9,68.2845,67.344,23.775,23.78,4.29,3.52,0.9397,15.81,1.672166667,8.497955471,2.228049697
2004,329,10,63.205,77.119,25.66,26.95,4.915,3.3,0.9442,17.245,1.672166667,8.496981424,2.228049697
2004,329,11,60.949,107.387,37.66,41.68,7.77,3.12,0.9107,19.69,1.672166667,8.496967451,2.228049697
2004,329,12,61.8355,36.11,10.575,9.92,2.375,2.1,0.91325,19.31,1.672166667,8.48696574,2.228049697
2004,329,13,65.7355,84.042,30.225,31.6,6.03,1.155,0.92945,18.395,1.672166667,8.453339508,2.228049697
2004,329,14,72.1475,56.971,21.745,21.25,4.37,1.095,0.91945,20.885,1.672166667,8.453028175,2.228049697
2004,329,15,80.424,11.431,3.98,1.405,0.86,0.545,0.95015,16.27,1.672166667,8.32577616,2.228049697
2004,329,16,90.004,1.886,0.3,0,0.305,0.05,0.9839,13.105,1.672166667,8.319010347,2.228049697
2004,329,17,100.7545,0.161,0,0,0.03,0.085,0.99425,14.73,1.672166667,8.319095164,2.228049697
2004,329,18,111.8875,0.092,0,0,0.2,0.13,0.9972,12.525,1.672166667,8.319103491,2.228049697
2004,329,19,123.309,0.069,0,0,0.195,0.22,0.9889,12.68,1.672166667,8.319148987,2.228049697
2004,329,20,134.7155,0,0,0,0.285,0.28,0.9524,11.44,1.672166667,8.319232562,2.228049697
2004,329,21,145.642,0.023,0,0,0.31,0.03,0.9349,11.245,1.672166667,8.319347357,2.228049697
2004,329,22,155.017,0.184,0,0,0.235,-0.225,0.879,11.745,1.672166667,8.319491868,2.228049697
2004,329,23,160.2095,0.391,0,0,0.315,-0.52,0.83165,10.67,1.672166667,8.319661152,2.228049697
2004,330,0,158.1165,0.46,0,0,0.405,-1.235,0.79965,9.635,0.169333333,8.319844677,2.228049697
2004,330,1,150.1845,0.368,0,0,0.23,-1.875,0.79445,8.1,0.169333333,8.320021863,2.228049697
2004,330,2,139.7655,0.253,0,0,0.115,-2.27,0.7959,7.69,0.169333333,8.320173925,2.228049697
2004,330,3,128.504,0.161,0,0,0.055,-2.65,0.79165,6.39,0.169333333,8.320292248,2.228049697
2004,330,4,117.0555,0,0,0,0.11,-3.45,0.79505,4.775,0.169333333,8.320370576,2.228049697
2004,330,5,105.772,0.046,0,0,0,-3.935,0.7808,4.51,0.169333333,8.320407375,2.228049697
2004,330,6,94.866,3.312,0.605,0.22,0.665,-4.605,0.8063,3.415,0.169333333,8.320405099,2.228049697
2004,330,7,84.6345,143.612,38.735,58.52,38.95,-4.82,0.821,2.54,0.169333333,8.399612235,2.228049697
2004,330,8,75.7975,462.323,124.02,223.3,120.015,-3.55,0.78,2.615,0.169333333,8.399381356,2.228049697
2004,330,9,68.49,743.774,200.04,370.95,185.46,-1.575,0.7284,3.085,0.169333333,8.399353465,2.228049697
2004,330,10,63.4105,950.935,262.23,481.65,227,-0.25,0.73415,3.22,0.169333333,8.399352972,2.228049697
2004,330,11,61.1475,1027.41,293.825,524.08,233.34,0.36,0.71845,3.45,0.169333333,8.399353088,2.228049697
2004,330,12,62.013,986.516,293.775,502.925,213.245,1.01,0.70595,3.92,0.169333333,8.399352952,2.228049697
2004,330,13,65.886,825.447,256.085,418.635,171.75,1.62,0.69555,3.995,0.169333333,8.399352947,2.228049697
2004,330,14,72.2725,571.067,182.42,284.075,118.355,1.615,0.6803,4.54,0.169333333,8.399352956,2.228049697
2004,330,15,80.5235,261.74,83.71,118.58,58.34,1.385,0.72665,4.505,0.169333333,8.399352951,2.228049697
2004,330,16,90.078,28.704,8.57,9.01,7.32,0.43,0.8089,3.15,0.169333333,8.401467965,2.228049697
2004,330,17,100.819,0.046,0,0,0,0.03,0.84395,2.48,0.169333333,8.454773278,2.228049697
2004,330,18,111.9445,0.069,0,0,0,-0.195,0.84655,2.79,0.169333333,8.457130094,2.228049697
2004,330,19,123.3595,0.437,0,0,0,0.485,0.8415,3.855,0.169333333,8.457213302,2.228049697
2004,330,20,134.7715,0.391,0,0,0,0.85,0.8528,4.29,0.169333333,8.457307482,2.228049697
2004,330,21,145.7155,0.322,0,0,0,1.005,0.83295,4.32,0.169333333,8.45743756,2.228049697
2004,330,22,155.1325,0.391,0,0,0.065,0.825,0.85465,3.87,0.169333333,8.457595113,2.228049697
2004,330,23,160.387,0.23,0,0,0,1.11,0.83075,5.015,0.169333333,8.457769776,2.228049697
2004,331,0,158.3175,0.345,0,0,0,1.755,0.78685,6.13,0.021166667,8.457946511,2.228049697
2004,331,1,150.3725,0.299,0,0,0,1.92,0.8073,6.36,0.021166667,8.458119645,2.228049697
2004,331,2,139.9405,0.138,0,0,0,1.91,0.82595,6.265,0.021166667,8.458268672,2.228049697
2004,331,3,128.673,0.184,0,0,0,2.05,0.8437,6.185,0.021166667,8.458386407,2.228049697
2004,331,4,117.2255,0.046,0,0,0,2.235,0.85895,6.02,0.021166667,8.458466812,2.228049697
2004,331,5,105.945,0,0,0,0,2.405,0.8691,5.87,0.021166667,8.458504501,2.228049697
2004,331,6,95.042,1.38,0.42,0,0.065,2.635,0.8753,5.71,0.021166667,8.458500349,2.228049697
2004,331,7,84.8145,59.087,20.875,24.78,7.88,3.025,0.8755,6.265,0.021166667,8.487005143,2.228049697
2004,331,8,75.993,245.203,88.67,114.135,32.245,3.955,0.86525,6.365,0.021166667,8.485696407,2.228049697
2004,331,9,68.6905,462.783,170.31,216.83,56.14,5.42,0.8294,7.535,0.021166667,8.485571339,2.228049697
2004,331,10,63.61,706.629,266.42,337.55,80.65,7.27,0.7855,8.645,0.021166667,8.485569033,2.228049697
2004,331,11,61.3355,575.276,220.035,272.21,61.035,8.32,0.77445,7.83,0.021166667,8.485568974,2.228049697
2004,331,12,62.1845,448.5,170.86,208.425,45.63,8.905,0.77305,8.12,0.021166667,8.485568989,2.228049697
2004,331,13,66.0325,332.419,125.815,152.19,33.51,9.26,0.7699,7.18,0.021166667,8.485569012,2.228049697
2004,331,14,72.389,207.966,77.795,92.575,20.93,8.99,0.7973,6.96,0.021166667,8.485569076,2.228049697
2004,331,15,80.6155,118.105,46.145,52.755,12.425,9.175,0.80065,6.935,0.021166667,8.485569281,2.228049697
2004,331,16,90.1465,14.789,6.01,5.095,1.625,8.87,0.7984,6.035,0.021166667,8.495893841,2.228049697
2004,331,17,100.8775,0,0,0,0.035,8.21,0.77205,5.685,0.021166667,8.527732945,2.228049697
2004,331,18,111.991,0,0,0,0.01,7.79,0.78765,5.78,0.021166667,8.528608072,2.228049697
2004,331,19,123.4035,0,0,0,0,8.315,0.75175,6.15,0.021166667,8.528665991,2.228049697
2004,331,20,134.82,0,0,0,0.025,8.725,0.71945,6.605,0.021166667,8.528748808,2.228049697
2004,331,21,145.7805,0.069,0,0,0.085,8.525,0.7389,7.47,0.021166667,8.52886576,2.228049697
2004,331,22,155.239,0,0,0,0,8.76,0.7027,8.225,0.021166667,8.52900913,2.228049697
2004,331,23,160.5555,0,0,0,0.05,8.4,0.73245,8.12,0.021166667,8.529165983,2.228049697
2004,332,0,158.5145,0,0,0,0,8.805,0.70015,9.1,0.783166667,8.529328352,2.228049697
2004,332,1,150.557,0,0,0,0.01,8.78,0.7069,9.585,0.783166667,8.529484028,2.228049697
2004,332,2,140.1125,0,0,0,0.1,8.495,0.73715,9.715,0.783166667,8.529622754,2.228049697
2004,332,3,128.8405,0.092,0,0,0.115,7.73,0.8115,9.685,0.783166667,8.52973627,2.228049697
2004,332,4,117.393,0.092,0,0,0.02,7.555,0.8313,9.565,0.783166667,8.529815919,2.228049697
2004,332,5,106.116,0.046,0,0,0.07,7.305,0.8308,11.225,0.783166667,8.529854177,2.228049697
2004,332,6,95.2525,0.322,0.02,0,0.14,7.035,0.8636,9.965,0.783166667,8.529848862,2.228049697
2004,332,7,84.991,4.577,1.415,0,0.14,7.255,0.86895,9.425,0.783166667,8.529754087,2.228049697
2004,332,8,76.1825,19.895,6.67,4.015,0.95,7.445,0.90255,10.175,0.783166667,8.521761698,2.228049697
2004,332,9,68.8845,42.274,14.055,12.58,2.33,7.46,0.9247,12.04,0.783166667,8.222673807,2.228049697
2004,332,10,63.803,62.997,21.445,21.54,3.76,7.17,0.9391,11.235,0.783166667,8.190001006,2.228049697
2004,332,11,61.5195,103.178,36.045,38.675,6.395,6.945,0.9463,10.485,0.783166667,8.189533855,2.228049697
2004,332,12,62.347,222.847,83.105,96.055,17.525,7.365,0.9351,11.89,0.783166667,8.189527998,2.228049697
2004,332,13,66.17,101.476,36.95,39.85,7.16,7.415,0.94675,10.475,0.783166667,8.189527946,2.228049697
2004,332,14,72.4995,45.678,16.2,14.945,2.805,7.79,0.9502,9.67,0.783166667,8.189189051,2.228049697
2004,332,15,80.703,21.965,6.885,5.755,2.3,6.545,0.9054,12.455,0.783166667,8.007240812,2.228049697
2004,332,16,90.2095,5.865,1.495,0.91,1.185,3.765,0.88395,12.95,0.783166667,7.983403681,2.228049697
2004,332,17,100.9295,0.253,0,0,0.01,3.66,0.87415,12.13,0.783166667,7.983691181,2.228049697
2004,332,18,112.032,0.092,0,0,0.07,3.64,0.85255,11.405,0.783166667,7.983706681,2.228049697
2004,332,19,123.442,0,0,0,0.215,3.425,0.8469,12.36,0.783166667,7.983748075,2.228049697
2004,332,20,134.8615,0,0,0,0.13,3.085,0.8413,11.83,0.783166667,7.983825049,2.228049697
2004,332,21,145.84,0,0,0,0.155,2.875,0.84165,11.325,0.783166667,7.98393565,2.228049697
2004,332,22,155.3375,0,0,0,0.08,2.785,0.83345,11.545,0.783166667,7.98407039,2.228049697
2004,332,23,160.7175,0,0,0,0.115,2.595,0.8265,9.785,0.783166667,7.984220687,2.228049697
2004,333,0,158.705,0,0,0,0.125,2.425,0.8286,9.285,0,7.984376736,2.228049697
2004,333,1,150.7375,0,0,0,0.035,2.36,0.8362,8.935,0,7.984527006,2.228049697
2004,333,2,140.283,0.023,0,0,0.035,2.305,0.842,8.125,0,7.984662067,2.228049697
2004,333,3,129.0055,0,0,0,0.025,2.355,0.82485,8.33,0,7.984771687,2.228049697
2004,333,4,117.5595,0,0,0,0.135,2.2,0.824,7.48,0,7.984847845,2.228049697
2004,333,5,106.286,0,0,0,0.155,1.95,0.8361,7.57,0,7.984885825,2.228049697
2004,333,6,95.425,1.61,0.415,0,0.275,1.62,0.8492,6.73,0,7.984885092,2.228049697
2004,333,7,85.162,71.714,27.5,30.64,7.785,1.195,0.8567,4.465,0,8.055520635,2.228049697
2004,333,8,76.3685,188.186,73.525,88.835,20.39,1.01,0.84155,5.405,0,8.056430859,2.228049697
2004,333,9,69.0745,333.707,129.8,160.06,36.59,1.05,0.82675,5.46,0,8.056367929,2.228049697
2004,333,10,63.991,644.621,253.625,321.27,76.93,1.705,0.81,3.81,0,8.056366613,2.228049697
2004,333,11,61.696,656.765,256.71,324.94,77.595,2.445,0.7977,3.33,0,8.056366622,2.228049697
2004,333,12,62.504,757.781,293.41,381.35,96.525,3.355,0.7653,3.065,0,8.056366581,2.228049697
2004,333,13,66.3005,615.411,238.725,307.185,79.055,3.99,0.75,2.69,0,8.056366594,2.228049697
2004,333,14,72.603,438.081,168.11,214.965,60.675,4.525,0.7259,2.26,0,8.05636662,2.228049697
2004,333,15,80.7825,199.456,76.44,91.145,29.065,4.8,0.7151,0.66,0,8.056366694,2.228049697
2004,333,16,90.2665,17.089,6.965,5.025,0.835,3.785,0.761,0.16,0,8.071329863,2.228049697
2004,333,17,100.975,0,0,0,0,3.26,0.8023,1.12,0,8.129417921,2.228049697
2004,333,18,112.069,0,0,0,0,2.925,0.84015,1.785,0,8.130759085,2.228049697
2004,333,19,123.473,0,0,0,0,2.73,0.8631,2.34,0,8.130820601,2.228049697
2004,333,20,134.896,0,0,0,0,2.885,0.851,2.68,0,8.130899798,2.228049697
2004,333,21,145.891,0,0,0,0,2.79,0.8587,3.435,0,8.131011328,2.228049697
2004,333,22,155.4295,0,0,0,0.015,2.65,0.87,4.415,0,8.131147826,2.228049697
2004,333,23,160.8705,0,0,0,0.03,2.54,0.88905,3.325,0,8.131300546,2.228049697
2004,334,0,158.892,0,0,0,0,2.47,0.89865,4.095,0.328083333,8.131458231,2.228049697
2004,334,1,150.9165,0,0,0,0.015,2.5,0.88915,3.9,0.328083333,8.131610471,2.228049697
2004,334,2,140.45,0,0,0,0,2.42,0.9003,2.425,0.328083333,8.131746297,2.228049697
2004,334,3,129.1705,0,0,0,0.005,2.32,0.90845,3.155,0.328083333,8.131856562,2.228049697
2004,334,4,117.7225,0.046,0,0,0.005,2.505,0.8978,4.145,0.328083333,8.131933929,2.228049697
2004,334,5,106.4525,0.023,0,0,0.015,2.685,0.8911,5.11,0.328083333,8.131972337,2.228049697
2004,334,6,95.5935,0.414,0.105,0,0.095,2.655,0.9022,4.945,0.328083333,8.131969231,2.228049697
2004,334,7,85.332,11.293,4.005,1.92,0.89,2.595,0.9205,5.105,0.328083333,8.131679432,2.228049697
2004,334,8,76.553,45.034,16.245,15.16,3.385,2.75,0.92295,5.05,0.328083333,8.032331496,2.228049697
2004,334,9,69.2625,71.369,24.945,25.355,4.815,2.905,0.92785,5.525,0.328083333,8.01659377,2.228049697
2004,334,10,64.1735,93.357,32.335,34.205,6.16,3.1,0.94155,5.16,0.328083333,8.01627425,2.228049697
2004,334,11,61.867,99.498,34.28,36.605,6.585,3.195,0.92695,3.715,0.328083333,8.016269496,2.228049697
2004,334,12,62.6545,111.458,39.01,41.86,7.505,3.295,0.9122,3.325,0.328083333,8.016269392,2.228049697
2004,334,13,66.4245,94.576,34.295,36.585,7.035,3.255,0.90215,2.68,0.328083333,8.016269412,2.228049697
2004,334,14,72.702,74.313,27.41,28.68,5.84,3.06,0.9242,3.91,0.328083333,8.016269339,2.228049697
2004,334,15,80.8545,31.947,11.98,10.495,2.805,2.875,0.9402,4.285,0.328083333,7.997422317,2.228049697
2004,334,16,90.3175,5.635,2.085,1,0.615,2.87,0.9518,3.515,0.328083333,7.9228098,2.228049697
2004,334,17,101.0155,0.069,0,0,0.095,2.985,0.95285,3.77,0.328083333,7.92462814,2.228049697
2004,334,18,112.0975,0.092,0,0,0.1,3.165,0.9441,3.245,0.328083333,7.924675495,2.228049697
2004,334,19,123.499,0.069,0,0,0.075,3.415,0.9217,3.015,0.328083333,7.924716663,2.228049697
2004,334,20,134.925,0.253,0,0,0.1,3.45,0.92875,3.245,0.328083333,7.924796935,2.228049697
2004,334,21,145.934,0.046,0,0,0.1,3.47,0.9404,2.86,0.328083333,7.924912289,2.228049697
2004,334,22,155.5115,0.23,0,0,0.105,3.485,0.9468,3.03,0.328083333,7.925052022,2.228049697
2004,334,23,161.0195,0.046,0,0,0.155,3.395,0.9536,3.115,0.328083333,7.92520957,2.228049697
2004,335,0,159.0725,0.207,0,0,0.185,3.235,0.9622,3.865,0.740833333,7.925371027,2.228049697
2004,335,1,151.093,0.161,0,0,0.2,2.985,0.96495,4.43,0.740833333,7.925530595,2.228049697
2004,335,2,140.6165,0.23,0,0,0.17,2.82,0.96875,4.2,0.740833333,7.925673639,2.228049697
2004,335,3,129.3315,0.207,0,0,0.15,2.78,0.96545,4.05,0.740833333,7.92579108,2.228049697
2004,335,4,117.8845,0.046,0,0,0.15,2.775,0.9643,4.575,0.740833333,7.92587095,2.228049697
2004,335,5,106.6175,0.23,0,0,0.09,2.74,0.97,5.71,0.740833333,7.925911175,2.228049697
2004,335,6,95.8015,0.414,0.06,0,0.115,3.12,0.95715,2.45,0.740833333,7.925908966,2.228049697
2004,335,7,85.4965,15.617,5.99,3.335,1.395,3.205,0.96075,2.625,0.740833333,7.925256102,2.228049697
2004,335,8,76.7305,69.299,26.28,26.68,5.62,3.425,0.96535,3.63,0.740833333,7.89731114,2.228049697
2004,335,9,69.443,63.204,23.2,22.905,4.775,3.52,0.9604,3.725,0.740833333,7.89435648,2.228049697
2004,335,10,64.3515,136.965,50.565,55.405,10.51,3.555,0.96165,5.145,0.740833333,7.894284586,2.228049697
2004,335,11,62.031,129.835,46.58,51.39,9.46,3.685,0.95885,5.32,0.740833333,7.894283513,2.228049697
2004,335,12,62.7965,140.668,50.9,56.825,10.515,3.855,0.95865,5.92,0.740833333,7.894283565,2.228049697
2004,335,13,66.5415,68.54,24.13,24.455,4.395,3.99,0.9533,5.14,0.740833333,7.894283195,2.228049697
2004,335,14,72.791,61.571,22.05,22.25,4.225,4.145,0.9522,4.27,0.740833333,7.89426152,2.228049697
2004,335,15,80.9195,26.68,9.42,7.865,2.095,4.195,0.95005,4.205,0.740833333,7.828296976,2.228049697
2004,335,16,90.3985,11.523,4.565,4,1.235,4.085,0.95175,5.45,0.740833333,7.763002355,2.228049697
2004,335,17,101.047,0.23,0,0,0.105,4.025,0.96295,3.415,0.740833333,7.764039889,2.228049697
2004,335,18,112.122,0.437,0,0,0.135,3.985,0.97005,3.94,0.740833333,7.764091097,2.228049697
2004,335,19,123.518,0.437,0,0,0.285,3.715,0.9611,6.765,0.740833333,7.764135117,2.228049697
2004,335,20,134.948,0.253,0,0,0.665,2.035,0.94475,7.625,0.740833333,7.764219899,2.228049697
2004,335,21,145.9725,0.368,0,0,0.33,0.81,0.96625,5.91,0.740833333,7.764338044,2.228049697
2004,335,22,155.5875,0.437,0,0,0.04,0.355,0.97785,7.685,0.740833333,7.764488504,2.228049697
2004,335,23,161.158,0.391,0,0,0.04,0.445,0.9611,9.24,0.740833333,7.764657953,2.228049697
2004,336,0,159.2495,0.46,0,0,0.01,0.3,0.95745,10.505,0.0635,7.764833962,2.228049697
2004,336,1,151.2635,0.207,0,0,0.11,0.325,0.91075,11.625,0.0635,7.765001106,2.228049697
2004,336,2,140.781,0,0,0,0.015,0.305,0.8812,9.945,0.0635,7.765139864,2.228049697
2004,336,3,129.492,0.023,0,0,0.12,0.02,0.86695,9.18,0.0635,7.765248895,2.228049697
2004,336,4,118.0435,0,0,0,0.025,-0.32,0.8617,8.235,0.0635,7.765325576,2.228049697
2004,336,5,106.78,0,0,0,0.08,-0.755,0.8816,8.05,0.0635,7.765364394,2.228049697
2004,336,6,95.9685,1.886,0.57,0.005,0.27,-1.17,0.87205,7.045,0.0635,7.765366767,2.228049697
2004,336,7,85.656,107.985,41.12,42.495,16.595,-1.14,0.85175,5.825,0.0635,7.871502823,2.228049697
2004,336,8,76.906,398.429,152.535,189.885,56.95,-0.72,0.82375,6.89,0.0635,7.872396151,2.228049697
2004,336,9,69.6185,666.862,261.36,332.05,85.89,-0.16,0.81155,6.78,0.0635,7.872368387,2.228049697
2004,336,10,64.5215,857.601,340.525,436.045,103.65,0.505,0.7981,6.655,0.0635,7.872367772,2.228049697
2004,336,11,62.188,946.243,373.89,486.085,115.57,1.42,0.78705,7.19,0.0635,7.872367804,2.228049697
2004,336,12,62.9325,921.127,358.03,472.265,118.18,2.365,0.7713,6.45,0.0635,7.872367738,2.228049697
2004,336,13,66.6495,777.216,296.68,395.85,107.805,3.315,0.7454,6.745,0.0635,7.872367752,2.228049697
2004,336,14,72.874,524.607,196.74,261.01,80.27,3.825,0.7378,7.265,0.0635,7.872367778,2.228049697
2004,336,15,80.98,242.788,89.425,111.385,43.585,3.83,0.7385,6.395,0.0635,7.872367857,2.228049697
2004,336,16,90.439,25.553,8.785,7.46,5.61,2.92,0.82275,5.005,0.0635,7.878528535,2.228049697
2004,336,17,101.074,0.115,0,0,0.015,1.855,0.8622,3.93,0.0635,7.950311752,2.228049697
2004,336,18,112.1405,0.023,0,0,0,1.005,0.89275,2.565,0.0635,7.95237242,2.228049697
2004,336,19,123.531,0.276,0,0,0,0.795,0.89865,3.07,0.0635,7.952443526,2.228049697
2004,336,20,134.963,0.138,0,0,0,0.675,0.8982,2.64,0.0635,7.952525797,2.228049697
2004,336,21,146.002,0.023,0,0,0,0.07,0.9128,0.935,0.0635,7.952638072,2.228049697
2004,336,22,155.6545,0.184,0,0,0,0.19,0.90485,0.65,0.0635,7.952776329,2.228049697
2004,336,23,161.289,0.023,0,0,0,0.32,0.90125,0.96,0.0635,7.952932238,2.228049697
2004,337,0,159.4205,0.184,0,0,0,-0.205,0.9377,0.445,0.010583333,7.953092861,2.228049697
2004,337,1,151.4305,0.023,0,0,0,-0.4,0.9538,1.68,0.010583333,7.953249261,2.228049697
2004,337,2,140.9415,0.069,0,0,0,4.16E-18,0.92745,2.045,0.010583333,7.95338626,2.228049697
2004,337,3,129.649,0.138,0,0,0,-0.175,0.93165,1.89,0.010583333,7.953500011,2.228049697
2004,337,4,118.2015,0.023,0,0,0,-0.3,0.9408,1.81,0.010583333,7.953579479,2.228049697
2004,337,5,106.9405,0.092,0,0,0,-0.68,0.9554,2,0.010583333,7.953619458,2.228049697
2004,337,6,96.1325,1.587,0.505,0,0.035,-0.76,0.95,2.485,0.010583333,7.9536203,2.228049697
2004,337,7,85.813,79.373,30.095,33.46,12.11,-0.935,0.95325,2.075,0.010583333,8.035398683,2.228049697
2004,337,8,77.0755,328.049,116.49,147.095,43.97,-0.205,0.9318,1.365,0.010583333,8.036373374,2.228049697
2004,337,9,69.7905,655.247,246.905,313.62,82.915,1.175,0.89,1.62,0.010583333,8.036323693,2.228049697
2004,337,10,64.687,861.189,331.205,430.52,109.03,2.32,0.87795,2.49,0.010583333,8.036322617,2.228049697
2004,337,11,62.34,888.145,338.965,447.16,112.865,4.205,0.82435,2.695,0.010583333,8.036322636,2.228049697
2004,337,12,63.061,891.595,337.24,450.53,117.77,5.055,0.76505,3.62,0.010583333,8.036322594,2.228049697
2004,337,13,66.752,581.049,218.05,284.73,76.32,5.385,0.73355,5.185,0.010583333,8.036322606,2.228049697
2004,337,14,72.95,294.377,112.4,135.405,35.32,5.04,0.7445,6.105,0.010583333,8.036322624,2.228049697
2004,337,15,81.033,214.912,83.32,99.215,34.77,4.615,0.74315,6.2,0.010583333,8.03632267,2.228049697
2004,337,16,90.47,23.552,8.65,7.03,4.03,3.535,0.80545,4.35,0.010583333,8.043898436,2.228049697
2004,337,17,101.095,0.023,0,0,0.025,2.38,0.85045,3.885,0.010583333,8.106860051,2.228049697
2004,337,18,112.151,0.184,0,0,0,1.365,0.8889,3.465,0.010583333,8.108602892,2.228049697
2004,337,19,123.538,0.299,0,0,0,1.15,0.8821,4.01,0.010583333,8.108672037,2.228049697
2004,337,20,134.972,0.138,0,0,0,1.14,0.8712,4.64,0.010583333,8.108756189,2.228049697
2004,337,21,146.026,0.115,0,0,0,1.455,0.8488,5.55,0.010583333,8.108871359,2.228049697
2004,337,22,155.714,0.184,0,0,0.03,1.615,0.8364,6.565,0.010583333,8.109014029,2.228049697
2004,337,23,161.4135,0.115,0,0,0.145,1.425,0.843,7.37,0.010583333,8.109174631,2.228049697
2004,338,0,159.586,0.092,0,0,0.085,0.785,0.87635,5.625,0,8.109337168,2.228049697
2004,338,1,151.5955,0.092,0,0,0.075,0.105,0.9069,4.45,0,8.109494133,2.228049697
2004,338,2,141.099,0,0,0,0,-0.395,0.92165,3.665,0,8.109633056,2.228049697
2004,338,3,129.8035,0,0,0,0,-0.875,0.93645,2.99,0,8.109744083,2.228049697
2004,338,4,118.3585,0,0,0,0,-1.26,0.9458,3.28,0,8.109821948,2.228049697
2004,338,5,107.0995,0,0,0,0,-1.51,0.9473,3.115,0,8.109861246,2.228049697
2004,338,6,96.2945,1.403,0.545,0.01,0.06,-1.72,0.9503,2.65,0,8.10986127,2.228049697
2004,338,7,86.0045,98.371,33.01,37.625,16.51,-1.98,0.9542,2.195,0,8.193880691,2.228049697
2004,338,8,77.242,392.035,136.49,175.5,59.66,-0.995,0.92755,2.18,0,8.194229749,2.228049697
2004,338,9,69.955,587.604,235.31,284.555,68.655,0.515,0.8574,0.965,0,8.194191017,2.228049697
2004,338,10,64.846,785.013,320.53,396.215,88.985,1.3,0.82275,1.265,0,8.194190218,2.228049697
2004,338,11,62.484,940.24,371.35,479.25,113.135,1.945,0.8109,2.445,0,8.194190282,2.228049697
2004,338,12,63.183,910.685,351.17,462.295,115.67,2.98,0.74925,3.635,0,8.194190212,2.228049697
2004,338,13,66.8465,743.82,286.095,375.7,100.265,4.125,0.73765,4.495,0,8.19419023,2.228049697
2004,338,14,73.0195,531.024,201.875,261.205,77.875,5.13,0.6797,4.585,0,8.194190275,2.228049697
2004,338,15,81.078,257.462,100.91,123.405,40.36,5.415,0.6959,4.535,0,8.19419042,2.228049697
2004,338,16,90.4985,22.218,9.32,8.88,2.805,4.475,0.7835,3.505,0,8.200814128,2.228049697
2004,338,17,101.1105,0,0,0,0,3.02,0.8301,3.305,0,8.259336604,2.228049697
2004,338,18,112.157,0.115,0,0,0,2.55,0.8187,3.505,0,8.260955142,2.228049697
2004,338,19,123.5385,0.161,0,0,0,1.905,0.84785,4.35,0,8.261022536,2.228049697
2004,338,20,134.974,0.115,0,0,0,1.375,0.86255,4.2,0,8.261105433,2.228049697
2004,338,21,146.042,0.069,0,0,0,1.27,0.8585,4.405,0,8.261220945,2.228049697
2004,338,22,155.7665,0.023,0,0,0,1.135,0.84825,3.915,0,8.26136033,2.228049697
2004,338,23,161.5285,0,0,0,0,0.71,0.8581,4.2,0,8.261515395,2.228049697
2004,339,0,159.7455,0.138,0,0,0,0.955,0.8305,4.75,0.03175,8.261677671,2.228049697
2004,339,1,151.757,0.069,0,0,0,0.88,0.8428,4.78,0.03175,8.26183713,2.228049697
2004,339,2,141.254,0.069,0,0,0,0.335,0.8765,4.455,0.03175,8.261977928,2.228049697
2004,339,3,129.9565,0.115,0,0,0,0.16,0.88555,4.83,0.03175,8.26209339,2.228049697
2004,339,4,118.511,0.092,0,0,0,0.155,0.87865,4.76,0.03175,8.262174535,2.228049697
2004,339,5,107.2525,0.23,0,0,0.02,0.315,0.8604,5.575,0.03175,8.262216149,2.228049697
2004,339,6,96.4515,1.311,0.415,0,0.22,0.05,0.8728,5.67,0.03175,8.262214921,2.228049697
2004,339,7,86.155,105.087,38.685,43.48,17.27,0.28,0.8649,6.42,0.03175,8.340424721,2.228049697
2004,339,8,77.403,378.787,142.845,174.03,49.46,1.15,0.8442,7.33,0.03175,8.340444601,2.228049697
2004,339,9,70.1155,601.358,229.3,286.78,71.775,2.395,0.82985,7.65,0.03175,8.340406223,2.228049697
2004,339,10,64.998,829.472,311.18,401.925,101.255,4.845,0.78165,8.92,0.03175,8.340405472,2.228049697
2004,339,11,62.619,801.159,298.145,390.915,99.84,7.12,0.7261,10.42,0.03175,8.340405522,2.228049697
2004,339,12,63.297,875.656,322.25,429.655,113.205,8.86,0.68715,10.14,0.03175,8.340405466,2.228049697
2004,339,13,66.9355,649.014,236.24,312.35,85.98,9.925,0.64425,9.795,0.03175,8.340405508,2.228049697
2004,339,14,73.0825,581.67,211.525,277.165,83.165,10.65,0.6407,8.78,0.03175,8.340405647,2.228049697
2004,339,15,81.118,277.541,99.47,122.96,45.105,10.635,0.6397,7.325,0.03175,8.340406125,2.228049697
2004,339,16,90.519,26.381,9.205,7.87,5.795,8.995,0.7158,5.33,0.03175,8.343287545,2.228049697
2004,339,17,101.118,0.069,0,0,0.005,7.575,0.74725,5,0.03175,8.39493881,2.228049697
2004,339,18,112.1555,0.023,0,0,0,6.04,0.79325,4.05,0.03175,8.396894716,2.228049697
2004,339,19,123.5325,0.023,0,0,0.06,4.855,0.8282,4.73,0.03175,8.39696692,2.228049697
2004,339,20,134.9715,0,0,0,0,4.445,0.8269,4.14,0.03175,8.397047199,2.228049697
2004,339,21,146.052,0,0,0,0.02,3.755,0.8322,4.52,0.03175,8.397159955,2.228049697
2004,339,22,155.8095,0.023,0,0,0,3.47,0.82895,4.355,0.03175,8.397299211,2.228049697
2004,339,23,161.6355,0,0,0,0.025,2.925,0.8497,4.395,0.03175,8.397455089,2.228049697
2004,340,0,159.899,0,0,0,0,2.5,0.86355,3.825,0.243416667,8.397615685,2.228049697
2004,340,1,151.915,0,0,0,0,2.375,0.85545,3.025,0.243416667,8.39777058,2.228049697
2004,340,2,141.4065,0,0,0,0,1.875,0.8743,1.085,0.243416667,8.397909938,2.228049697
2004,340,3,130.1075,0,0,0,0,1.955,0.87085,0.565,0.243416667,8.398022885,2.228049697
2004,340,4,118.6615,0.023,0,0,0,2.135,0.8616,0.875,0.243416667,8.398102338,2.228049697
2004,340,5,107.405,0,0,0,0,2.065,0.8614,2.59,0.243416667,8.398142122,2.228049697
2004,340,6,96.606,1.15,0.405,0,0.03,1.135,0.8847,3.26,0.243416667,8.398140772,2.228049697
2004,340,7,86.301,105.11,32.265,34.31,15.49,0.455,0.89565,3.91,0.243416667,8.469414147,2.228049697
2004,340,8,77.559,375.153,132.55,161.45,48.2,1.69,0.87155,3.205,0.243416667,8.46919455,2.228049697
2004,340,9,70.2685,615.986,234.735,298.665,80.235,4.105,0.8352,2.7,0.243416667,8.469153645,2.228049697
2004,340,10,65.1445,540.063,208.165,265.385,66.44,5.91,0.8063,3.31,0.243416667,8.469152867,2.228049697
2004,340,11,62.749,642.965,247.5,318.775,80.765,7.275,0.77775,3.66,0.243416667,8.469152919,2.228049697
2004,340,12,63.405,662.055,252.355,325.715,83.6,8.535,0.7348,4.725,0.243416667,8.469152867,2.228049697
2004,340,13,67.0165,593.17,223.89,290.345,77.325,9.755,0.65525,6.15,0.243416667,8.469152921,2.228049697
2004,340,14,73.1375,490.291,183.275,235.235,68.875,10.02,0.6816,6.05,0.243416667,8.469153108,2.228049697
2004,340,15,81.151,102.189,39.125,45.76,11.925,8.98,0.7514,5.195,0.243416667,8.469153007,2.228049697
2004,340,16,90.533,15.295,6.345,6.175,2.135,8.3,0.78595,5.5,0.243416667,8.474656942,2.228049697
2004,340,17,101.1205,0,0,0,0.055,8.01,0.7641,6.16,0.243416667,8.501441542,2.228049697
2004,340,18,112.1475,0,0,0,0.005,7.67,0.78165,6.875,0.243416667,8.502227613,2.228049697
2004,340,19,123.5225,0.23,0,0,0.1,7.35,0.7997,8.05,0.243416667,8.502283262,2.228049697
2004,340,20,134.963,0.023,0,0,0.05,7.315,0.8193,7.5,0.243416667,8.502368332,2.228049697
2004,340,21,146.0545,0.023,0,0,0.09,6.675,0.884,7.74,0.243416667,8.502483546,2.228049697
2004,340,22,155.8455,0.322,0,0,0.06,6.55,0.9208,7.335,0.243416667,8.502630616,2.228049697
2004,340,23,161.7365,0.184,0,0,0,6.625,0.9612,6.05,0.243416667,8.502801078,2.228049697
2004,341,0,160.0465,0.368,0,0,0,6.885,0.98025,5.365,0.084666667,8.502977815,2.228049697
2004,341,1,152.068,0.391,0,0,0,7.43,0.98365,4.905,0.084666667,8.50315485,2.228049697
2004,341,2,141.5565,0.391,0,0,0,7.995,0.9861,4.99,0.084666667,8.503313689,2.228049697
2004,341,3,130.255,0.23,0,0,0,8.47,0.99085,5.105,0.084666667,8.503439774,2.228049697
2004,341,4,118.8105,0.046,0,0,0.005,8.765,0.99165,5.21,0.084666667,8.50352284,2.228049697
2004,341,5,107.554,0.023,0,0,0.005,9.13,0.97645,5.345,0.084666667,8.503562934,2.228049697
2004,341,6,96.757,0.253,0.11,0,0,9.105,0.97665,5.055,0.084666667,8.503559539,2.228049697
2004,341,7,86.482,13.087,4.975,2.76,1.055,9.24,0.98565,4.665,0.084666667,8.503098695,2.228049697
2004,341,8,77.712,125.189,50.05,55.25,10.57,9.685,0.97415,4.645,0.084666667,8.476395572,2.228049697
2004,341,9,70.418,387.941,140.435,174.72,36.405,10.345,0.94655,4.77,0.084666667,8.474226997,2.228049697
2004,341,10,65.2845,603.313,226.905,281.9,61.125,11.34,0.9022,5.385,0.084666667,8.474184903,2.228049697
2004,341,11,62.8725,204.194,77.405,90.2,19.025,10.955,0.93475,5.405,0.084666667,8.474184382,2.228049697
2004,341,12,63.504,164.289,60.095,69.415,15.115,10.515,0.9588,5.725,0.084666667,8.474184438,2.228049697
2004,341,13,67.0895,161.161,59.19,68.61,15.195,10.325,0.9531,5.975,0.084666667,8.474184288,2.228049697
2004,341,14,73.186,152.996,57.225,66.69,14.99,10.915,0.92645,5.015,0.084666667,8.474184306,2.228049697
2004,341,15,81.178,88.205,33.77,38.045,9.32,10.995,0.92635,4.75,0.084666667,8.474184349,2.228049697
2004,341,16,90.5415,7.498,2.655,1.33,0.785,10.595,0.9305,4.345,0.084666667,8.474174459,2.228049697
2004,341,17,101.116,0.322,0,0,0,10.315,0.952,3.46,0.084666667,8.489981818,2.228049697
2004,341,18,112.136,0.092,0,0,0,10.25,0.95635,4,0.084666667,8.490440209,2.228049697
2004,341,19,123.505,0,0,0,0.015,9.77,0.9681,4.63,0.084666667,8.49048953,2.228049697
2004,341,20,134.9465,0,0,0,0,9.9,0.967,4.855,0.084666667,8.49056917,2.228049697
2004,341,21,146.051,0,0,0,0,9.54,0.97805,4.23,0.084666667,8.490682876,2.228049697
2004,341,22,155.8745,0.046,0,0,0.025,9.51,0.98855,4.195,0.084666667,8.49082287,2.228049697
2004,341,23,161.8275,0.161,0,0,0.005,9.865,0.9924,2.915,0.084666667,8.490983893,2.228049697
2004,342,0,160.1885,0.46,0,0,0,10.085,0.9931,1.795,1.100666667,8.491161649,2.228049697
2004,342,1,152.218,0.437,0,0,0.32,10.265,0.9835,3.385,1.100666667,8.491342928,2.228049697
2004,342,2,141.7035,0.414,0,0,0.02,9.99,0.9527,5.425,1.100666667,8.491504409,2.228049697
2004,342,3,130.4005,0.322,0,0,0.015,10.01,0.95625,5.975,1.100666667,8.491633485,2.228049697
2004,342,4,118.955,0.391,0,0,0,9.99,0.9718,7.01,1.100666667,8.491723538,2.228049697
2004,342,5,107.702,0.115,0,0,0.325,10.53,0.9662,2.87,1.100666667,8.491767524,2.228049697
2004,342,6,96.9055,0.391,0.045,0,0,11.17,0.96175,6.23,1.100666667,8.491765511,2.228049697
2004,342,7,86.621,3.542,0.655,0.13,0.505,11.585,0.94835,12.395,1.100666667,8.4916899,2.228049697
2004,342,8,77.858,161.575,63.155,73.125,15.68,10.96,0.9177,10.025,1.100666667,8.470544303,2.228049697
2004,342,9,70.562,276,107.055,124.98,24.91,10.375,0.89835,11.435,1.100666667,8.468300933,2.228049697
2004,342,10,65.4175,253.782,96.805,112.07,21.23,10.82,0.86955,9.6,1.100666667,8.468256662,2.228049697
2004,342,11,62.9895,331.683,126.165,149.1,29.215,11.04,0.85675,10.22,1.100666667,8.468256042,2.228049697
2004,342,12,63.596,180.826,65.4,74.875,15.41,10.185,0.8746,11.815,1.100666667,8.468256189,2.228049697
2004,342,13,67.1555,51.635,16.89,15.89,3.88,8.18,0.8841,13.37,1.100666667,8.468230203,2.228049697
2004,342,14,73.2275,83.697,30.08,32.225,7.135,7.02,0.8793,14.15,1.100666667,8.467980946,2.228049697
2004,342,15,81.1985,64.17,24.325,25.17,5.7,6.4,0.801,13.195,1.100666667,8.46797629,2.228049697
2004,342,16,90.545,9.062,3.02,1.455,0.81,6.175,0.8041,12.195,1.100666667,8.447078669,2.228049697
2004,342,17,101.1075,0.046,0,0,0.17,5.58,0.82315,11.065,1.100666667,8.457033628,2.228049697
2004,342,18,112.117,0,0,0,0.17,5.12,0.83305,11.23,1.100666667,8.457338278,2.228049697
2004,342,19,123.4825,0,0,0,0.105,4.82,0.8555,9.2,1.100666667,8.457382809,2.228049697
2004,342,20,134.9255,0,0,0,0.16,4.505,0.87565,7.715,1.100666667,8.457461271,2.228049697
2004,342,21,146.0395,0,0,0,0.025,4.455,0.8735,7.765,1.100666667,8.457573542,2.228049697
2004,342,22,155.8955,0.023,0,0,0.085,4.5,0.87065,7.135,1.100666667,8.457712271,2.228049697
2004,342,23,161.912,0,0,0,0.1,4.265,0.8737,6.625,1.100666667,8.457867928,2.228049697
2004,343,0,160.3245,0,0,0,0.115,4,0.87805,4.46,0,8.458029724,2.228049697
2004,343,1,152.3635,0,0,0,0.145,2.67,0.91295,3.425,0,8.45818594,2.228049697
2004,343,2,141.8475,0.023,0,0,0,1.545,0.93835,2.535,0,8.458326578,2.228049697
2004,343,3,130.542,0.138,0,0,0.005,1.025,0.94125,2.76,0,8.458444326,2.228049697
2004,343,4,119.097,0.023,0,0,0,0.66,0.951,1.415,0,8.458527596,2.228049697
2004,343,5,107.8445,0,0,0,0,0.205,0.96365,2.115,0,8.458569372,2.228049697
2004,343,6,97.0515,0.897,0.465,0.04,0.115,0.04,0.9674,2.445,0,8.458569862,2.228049697
2004,343,7,86.755,76.567,29.89,35.285,11.975,0.085,0.967,1.875,0,8.515979966,2.228049697
2004,343,8,78.0015,247.25,94.705,116.9,31.2,0.655,0.96305,2.52,0,8.515748725,2.228049697
2004,343,9,70.699,540.73,209.53,257.855,62.91,2.83,0.91685,2.165,0,8.515681567,2.228049697
2004,343,10,65.5435,627.026,242.475,303.87,73.035,4.33,0.86575,3.4,0,8.515680291,2.228049697
2004,343,11,63.096,552.69,215.865,272.755,64.06,4.73,0.8522,4.405,0,8.515680304,2.228049697
2004,343,12,63.682,424.971,164.29,204.165,47.385,5.025,0.84445,4.575,0,8.515680254,2.228049697
2004,343,13,67.2155,392.541,150.91,188.545,45.56,5.395,0.83875,4.815,0,8.515680267,2.228049697
2004,343,14,73.2605,368,143.415,180.68,48.115,6,0.8263,5.035,0,8.515680292,2.228049697
2004,343,15,81.21,157.228,62.75,75.96,21.09,6.025,0.84325,4.925,0,8.51568036,2.228049697
2004,343,16,90.5415,12.995,5.255,4.24,1.53,5.455,0.8793,4.525,0,8.522662693,2.228049697
2004,343,17,101.09,0,0,0,0.015,4.855,0.90605,4.38,0,8.552849247,2.228049697
2004,343,18,112.093,0.023,0,0,0.01,4.13,0.93105,4.06,0,8.553760257,2.228049697
2004,343,19,123.4535,0.023,0,0,0,4.08,0.92305,4.83,0,8.553816061,2.228049697
2004,343,20,134.897,0,0,0,0,4.245,0.91625,5.56,0,8.553896265,2.228049697
2004,343,21,146.0235,0,0,0,0.005,4.415,0.91575,4.9,0,8.554009555,2.228049697
2004,343,22,155.9085,0,0,0,0.015,4.725,0.8952,5.205,0,8.554149658,2.228049697
2004,343,23,161.987,0,0,0,0.04,4.355,0.89265,6.505,0,8.554306065,2.228049697
2004,344,0,160.4555,0,0,0,0,4.05,0.90585,4.65,0,8.554468254,2.228049697
2004,344,1,152.506,0,0,0,0.015,3.885,0.9121,5.475,0,8.554625547,2.228049697
2004,344,2,141.9885,0,0,0,0.02,3.57,0.92235,4.085,0,8.554766327,2.228049697
2004,344,3,130.6815,0.046,0,0,0.025,3.03,0.9437,4.465,0,8.554882059,2.228049697
2004,344,4,119.237,0.161,0,0,0,3.065,0.94905,5.19,0,8.554965641,2.228049697
2004,344,5,107.985,0.092,0,0,0,3.545,0.94125,5.395,0,8.555008473,2.228049697
2004,344,6,97.192,0.437,0.085,0,0.005,3.7,0.939,4.08,0,8.555007176,2.228049697
2004,344,7,86.886,27.577,9.98,8.29,2.07,3.315,0.9531,3.515,0,8.542792329,2.228049697
2004,344,8,78.139,253.368,93.365,112.545,29.94,4.55,0.94215,3.86,0,8.534402895,2.228049697
2004,344,9,70.831,539.074,199.34,254.045,70.87,7.105,0.9022,4.735,0,8.533384611,2.228049697
2004,344,10,65.6645,765.992,286.825,373.78,100.735,9.27,0.87195,5.92,0,8.533364891,2.228049697
2004,344,11,63.199,678.638,253.445,329.1,85.955,10.15,0.85715,5.45,0,8.533364646,2.228049697
2004,344,12,63.7585,633.029,235.57,307.495,81.59,10.94,0.83475,4.54,0,8.533364828,2.228049697
2004,344,13,67.266,236.118,87.3,107.875,26.23,11.07,0.84455,4.135,0,8.533364815,2.228049697
2004,344,14,73.2875,73.945,26.32,29.065,7.285,10.9,0.8578,3.285,0,8.533364607,2.228049697
2004,344,15,81.217,29.21,10.22,9.265,3.105,10.57,0.88735,2.84,0,8.494212633,2.228049697
2004,344,16,90.532,5.635,2.01,0.915,0.555,10.24,0.901,2.78,0,8.40249233,2.228049697
2004,344,17,101.0685,0.322,0,0,0,9.905,0.9246,1.155,0,8.403319613,2.228049697
2004,344,18,112.0625,0.414,0,0,0,9.415,0.94605,1.485,0,8.403349704,2.228049697
2004,344,19,123.4205,0.322,0,0,0,8.585,0.9434,2.555,0,8.403395907,2.228049697
2004,344,20,134.865,0.299,0,0,0,7.81,0.95935,1.95,0,8.403483284,2.228049697
2004,344,21,146.0005,0.46,0,0,0,7.145,0.97235,0.9,0,8.403610823,2.228049697
2004,344,22,155.9145,0.414,0,0,0.005,6.38,0.97805,1.63,0,8.403771219,2.228049697
2004,344,23,162.055,0.391,0,0,0,5.9,0.98095,2.09,0,8.403948846,2.228049697
2004,345,0,160.5785,0.345,0,0,0,5.84,0.9764,1.58,0.021166667,8.404130872,2.228049697
2004,345,1,152.6425,0.46,0,0,0.025,5.355,0.97615,1.57,0.021166667,8.40430824,2.228049697
2004,345,2,142.1255,0.437,0,0,0,5.535,0.9807,1.43,0.021166667,8.404470303,2.228049697
2004,345,3,130.8195,0.437,0,0,0,5.805,0.969,1.315,0.021166667,8.404601784,2.228049697
2004,345,4,119.3735,0.46,0,0,0.035,5.61,0.96715,1.185,0.021166667,8.404694677,2.228049697
2004,345,5,108.123,0.46,0,0,0.005,5.495,0.97715,1.86,0.021166667,8.404741838,2.228049697
2004,345,6,97.3285,0.483,0.015,0,0.01,5.54,0.9776,1.275,0.021166667,8.404740004,2.228049697
2004,345,7,87.052,9.269,3.02,1.6,0.77,5.62,0.9793,2.32,0.021166667,8.404540694,2.228049697
2004,345,8,78.272,48.369,17.33,18.605,4.455,5.85,0.97165,2.245,0.021166667,8.31206166,2.228049697
2004,345,9,70.9575,94.76,34.44,39.185,8.94,6.195,0.95585,3.255,0.021166667,8.298603275,2.228049697
2004,345,10,65.7785,144.394,52.7,61.035,12.59,6.07,0.9633,6.415,0.021166667,8.298331464,2.228049697
2004,345,11,63.2945,224.94,86,101.43,20.575,6.21,0.92985,7.005,0.021166667,8.298327499,2.228049697
2004,345,12,63.83,195.845,75.585,88.235,18.435,6.32,0.88455,6.715,0.021166667,8.298327435,2.228049697
2004,345,13,67.3125,72.473,25.8,27.66,6.595,5.525,0.9109,8.055,0.021166667,8.298327397,2.228049697
2004,345,14,73.309,43.447,15.075,14.41,3.805,4.855,0.90035,8.74,0.021166667,8.296594038,2.228049697
2004,345,15,81.2175,19.688,6.705,4.54,1.81,4.51,0.88885,7.42,0.021166667,8.082054652,2.228049697
2004,345,16,90.5175,1.794,0.285,0,0.375,3.965,0.90445,8.295,0.021166667,8.067508323,2.228049697
2004,345,17,101.0415,0,0,0,0.1,3.705,0.9135,7.06,0.021166667,8.067662684,2.228049697
2004,345,18,112.027,0.046,0,0,0.09,3.7,0.91445,6.165,0.021166667,8.067667526,2.228049697
2004,345,19,123.38,0.046,0,0,0.09,3.7,0.9254,6.15,0.021166667,8.067707109,2.228049697
2004,345,20,134.8265,0.138,0,0,0.065,3.775,0.93305,6.055,0.021166667,8.067785442,2.228049697
2004,345,21,145.97,0.069,0,0,0.025,3.895,0.93495,5.805,0.021166667,8.067899483,2.228049697
2004,345,22,155.912,0.23,0,0,0.05,3.88,0.95725,5.9,0.021166667,8.068040868,2.228049697
2004,345,23,162.1145,0.253,0,0,0.03,4.22,0.9635,5.585,0.021166667,8.068205089,2.228049697
2004,346,0,160.697,0.023,0,0,0.04,4.915,0.9322,6.895,0,8.068370102,2.228049697
2004,346,1,152.775,0.023,0,0,0.225,4.66,0.90835,7.92,0,8.068523457,2.228049697
2004,346,2,142.2595,0,0,0,0.195,4.085,0.8941,8.25,0,8.068660398,2.228049697
2004,346,3,130.952,0.138,0,0,0.215,3.72,0.8873,9.2,0,8.068773997,2.228049697
2004,346,4,119.508,0.069,0,0,0.27,2.945,0.87345,10.285,0,8.068855086,2.228049697
2004,346,5,108.2565,0,0,0,0.16,2.56,0.84995,8.8,0,8.068895368,2.228049697
2004,346,6,97.462,0.046,0.02,0,0.31,1.91,0.86135,7.995,0,8.068894091,2.228049697
2004,346,7,87.1755,13.087,4.675,2.295,1.18,1.66,0.8602,8.615,0,8.068527046,2.228049697
2004,346,8,78.398,47.311,17.485,16.485,4.07,1.625,0.81255,10.11,0,7.98335113,2.228049697
2004,346,9,71.078,92.322,34.05,37.21,8.26,1.655,0.82255,7.8,0,7.973053195,2.228049697
2004,346,10,65.8845,138.368,51.27,58.665,12.985,1.73,0.83285,7.125,0,7.972825917,2.228049697
2004,346,11,63.381,216.476,80.25,96.415,21.3,1.9,0.82555,8.43,0,7.972822485,2.228049697
2004,346,12,63.892,173.558,64.225,75.335,16.845,1.95,0.8256,8.055,0,7.972822448,2.228049697
2004,346,13,67.3475,110.17,39.52,44.985,10.46,1.8,0.79125,7.92,0,7.972822558,2.228049697
2004,346,14,73.3215,78.844,28.685,31.515,7.58,1.79,0.77775,7.38,0,7.972822933,2.228049697
2004,346,15,81.21,47.38,17.695,18.025,4.7,1.95,0.7421,7.06,0,7.972581733,2.228049697
2004,346,16,90.4955,7.13,2.395,1.15,0.69,1.81,0.7532,5.385,0,7.941912192,2.228049697
2004,346,17,101.009,0.023,0,0,0.105,1.59,0.74935,5.475,0,7.948691557,2.228049697
2004,346,18,111.986,0.046,0,0,0.035,1.47,0.81545,5.01,0,7.948855017,2.228049697
2004,346,19,123.3335,0.046,0,0,0.09,1.365,0.81905,4.845,0,7.94889576,2.228049697
2004,346,20,134.7815,0.046,0,0,0.06,1.275,0.81615,4.57,0,7.948972189,2.228049697
2004,346,21,145.936,0.046,0,0,0.11,1.21,0.8501,3.005,0,7.94908177,2.228049697
2004,346,22,155.9035,0,0,0,0.035,1.1,0.8903,3.325,0,7.949216328,2.228049697
2004,346,23,162.1645,0.023,0,0,0.06,1.41,0.85115,4.94,0,7.949366111,2.228049697
2004,347,0,160.8085,0.092,0,0,0.065,1.17,0.856,5.765,0,7.949524624,2.228049697
2004,347,1,152.9045,0.23,0,0,0.125,1.065,0.8676,7.22,0,7.949682762,2.228049697
2004,347,2,142.3905,0.092,0,0,0.11,0.815,0.8795,6.615,0,7.949826098,2.228049697
2004,347,3,131.0825,0.069,0,0,0.04,0.91,0.8895,7.035,0,7.9499402,2.228049697
2004,347,4,119.6385,0.023,0,0,0.01,1.015,0.88855,7.3,0,7.950019703,2.228049697
2004,347,5,108.3865,0.023,0,0,0.01,1.19,0.888,7.945,0,7.95006032,2.228049697
2004,347,6,97.592,0.414,0.075,0,0.01,1.52,0.8821,9.565,0,7.950060395,2.228049697
2004,347,7,87.294,44.091,16.445,17.39,5.075,1.73,0.8859,9.15,0,7.97859446,2.228049697
2004,347,8,78.5195,189.083,71.5,87.815,22.595,2.695,0.86355,8.79,0,7.984504475,2.228049697
2004,347,9,71.1915,403.374,150.47,191.92,50.905,4.405,0.80085,10.585,0,7.984290251,2.228049697
2004,347,10,65.985,568.629,208.04,270.37,71.625,5.855,0.7599,10.86,0,7.984285413,2.228049697
2004,347,11,63.4615,551.632,201.555,258.225,66,7.11,0.7523,10.165,0,7.984285351,2.228049697
2004,347,12,63.947,403.627,149.24,189.735,47.775,7.55,0.72665,11.745,0,7.984285439,2.228049697
2004,347,13,67.378,523.02,195.835,253.425,67.84,7.71,0.6645,13.07,0,7.984285768,2.228049697
2004,347,14,73.327,310.408,113.69,144.695,44.87,6.74,0.6497,12.055,0,7.984285401,2.228049697
2004,347,15,81.198,130.87,48.535,57.965,17.07,6.21,0.6461,10.87,0,7.984285535,2.228049697
2004,347,16,90.4695,14.444,5.04,3.68,1.675,5.65,0.67785,9.42,0,8.003370678,2.228049697
2004,347,17,100.969,0.207,0,0,0.16,5.16,0.6649,11.325,0,8.045968163,2.228049697
2004,347,18,111.939,0.391,0,0,0.13,4.46,0.6813,10.505,0,8.046966829,2.228049697
2004,347,19,123.2825,0.276,0,0,0.46,3.17,0.61025,13.105,0,8.047025515,2.228049697
2004,347,20,134.732,0.276,0,0,0.04,3.085,0.619,12.625,0,8.047109572,2.228049697
2004,347,21,145.894,0.138,0,0,0.2,2.57,0.63735,10.56,0,8.047227473,2.228049697
2004,347,22,155.888,0.161,0,0,0.13,2.57,0.63735,13.655,0,8.047369136,2.228049697
2004,347,23,162.2085,0.023,0,0,0.185,1.965,0.6029,14.975,0,8.047525596,2.228049697
2004,348,0,160.9105,0.046,0,0,0.155,1.625,0.65945,13.3,0,8.047684109,2.228049697
2004,348,1,153.028,0.046,0,0,0.14,1.355,0.66445,13.475,0,8.04783826,2.228049697
2004,348,2,142.518,0,0,0,0.28,0.81,0.69165,12.49,0,8.047975825,2.228049697
2004,348,3,131.2105,0,0,0,0.23,0.315,0.67495,14.245,0,8.048086727,2.228049697
2004,348,4,119.765,0,0,0,0.61,-0.75,0.7282,12.91,0,8.048165031,2.228049697
2004,348,5,108.513,0,0,0,0.31,-1.95,0.7105,13.125,0,8.048204898,2.228049697
2004,348,6,97.717,0.23,0.02,0,0.47,-2.975,0.713,13.81,0,8.04820416,2.228049697
2004,348,7,87.4465,26.197,9.265,8.03,2.92,-3.32,0.63915,13.505,0,8.041806124,2.228049697
2004,348,8,78.6365,155.365,58.85,73.185,19.63,-3.63,0.6495,13.325,0,8.051980472,2.228049697
2004,348,9,71.299,281.014,106.595,135.96,35.37,-3.845,0.68195,12.82,0,8.051068284,2.228049697
2004,348,10,66.078,499.698,190.25,248.45,66.055,-3.815,0.67845,13.065,0,8.051047942,2.228049697
2004,348,11,63.534,307.51,115.645,147.275,37.69,-3.825,0.67725,11.55,0,8.051047654,2.228049697
2004,348,12,63.9955,284.418,106.57,135.315,34.49,-4.025,0.6659,11.155,0,8.051047762,2.228049697
2004,348,13,67.4,220.179,82.26,103.22,26.355,-4.05,0.63635,11.02,0,8.051048181,2.228049697
2004,348,14,73.3265,118.45,43.785,52.775,13.955,-4.125,0.65405,10.465,0,8.05104768,2.228049697
2004,348,15,81.178,49.519,18.38,19.47,5.72,-4.055,0.65395,10.085,0,8.051010606,2.228049697
2004,348,16,90.4375,6.371,2.23,0.815,0.675,-3.85,0.6638,8.48,0,8.02357656,2.228049697
2004,348,17,100.9235,0.023,0.005,0,0.045,-3.625,0.668,8.595,0,8.030544744,2.228049697
2004,348,18,111.8865,0,0,0,0.08,-3.685,0.6622,9.26,0,8.03071526,2.228049697
2004,348,19,123.228,0.023,0,0,0.335,-4.25,0.6735,10.365,0,8.030756131,2.228049697
2004,348,20,134.6765,0,0,0,0.25,-4.94,0.70355,9.81,0,8.030832491,2.228049697
2004,348,21,145.846,0,0,0,0.08,-5.315,0.7353,8.71,0,8.030941315,2.228049697
2004,348,22,155.865,0.023,0,0,0.08,-5.53,0.74875,8.39,0,8.031076121,2.228049697
2004,348,23,162.2415,0.023,0,0,0.005,-6.055,0.7834,7.63,0,8.031228043,2.228049697
2004,349,0,161.008,0.115,0,0,0,-6.335,0.77865,7.885,0,8.031387782,2.228049697
2004,349,1,153.1485,0.092,0,0,0.01,-6.64,0.7608,7.855,0,8.031545162,2.228049697
2004,349,2,142.642,0.046,0,0,0.01,-6.925,0.7549,7.64,0,8.03168439,2.228049697
2004,349,3,131.3355,0.046,0,0,0.01,-7.25,0.7608,8.11,0,8.03179741,2.228049697
2004,349,4,119.8905,0,0,0,0.045,-7.64,0.77285,7.665,0,8.031876737,2.228049697
2004,349,5,108.6365,0.023,0,0,0.015,-8.005,0.782,7.715,0,8.031917141,2.228049697
2004,349,6,97.839,0.46,0.07,0,0.12,-8.395,0.7827,7.415,0,8.031917015,2.228049697
2004,349,7,87.558,59.754,21.5,21.79,10.02,-8.77,0.78535,7.86,0,8.09116215,2.228049697
2004,349,8,78.747,317.331,117.705,149.495,53.365,-8.4,0.7492,8.6,0,8.093007669,2.228049697
2004,349,9,71.4,615.135,230.23,307.7,96.98,-7.75,0.7158,7.74,0,8.092912733,2.228049697
2004,349,10,66.1625,804.494,301.41,408.42,120.305,-6.87,0.68495,6.765,0,8.092910695,2.228049697
2004,349,11,63.5995,904.337,339.485,463.68,132.98,-5.755,0.64625,6.06,0,8.09291064,2.228049697
2004,349,12,64.036,898.909,336.745,462.27,134.135,-4.815,0.61415,6.015,0,8.092910654,2.228049697
2004,349,13,67.414,765.118,285.53,390.495,119.3,-4.07,0.59195,5.99,0,8.092910677,2.228049697
2004,349,14,73.318,534.336,198.13,265.21,90.245,-3.27,0.5712,5.92,0,8.092910739,2.228049697
2004,349,15,81.153,244.835,88.57,111.05,47.52,-3.03,0.5628,5.745,0,8.092910942,2.228049697
2004,349,16,90.3985,25.829,8.745,7.71,6.005,-3.64,0.62505,4.17,0,8.097280874,2.228049697
2004,349,17,100.874,0.023,0.005,0,0,-4.36,0.66535,3.72,0,8.156406834,2.228049697
2004,349,18,111.828,0.046,0,0,0,-4.61,0.70865,2.695,0,8.158365346,2.228049697
2004,349,19,123.1665,0.069,0,0,0,-5.255,0.7394,2.795,0,8.158435028,2.228049697
2004,349,20,134.6155,0.207,0,0,0,-6.13,0.79235,3.05,0,8.158515292,2.228049697
2004,349,21,145.793,0.092,0,0,0,-6.665,0.8083,2.655,0,8.15863121,2.228049697
2004,349,22,155.8355,0.276,0,0,0,-7.435,0.83475,2.64,0,8.158774627,2.228049697
2004,349,23,162.268,0.253,0,0,0,-7.93,0.8645,3.205,0,8.158940782,2.228049697
2004,350,0,161.0985,0.322,0,0,0,-8.24,0.87785,3.195,0,8.159114298,2.228049697
2004,350,1,153.263,0.253,0,0,0,-8.295,0.8809,3.215,0,8.159283102,2.228049697
2004,350,2,142.7615,0.23,0,0,0,-7.995,0.8727,3.935,0,8.159432077,2.228049697
2004,350,3,131.456,0.069,0,0,0,-7.71,0.84425,4.01,0,8.159550459,2.228049697
2004,350,4,120.011,0,0,0,0,-7.69,0.8331,3.95,0,8.159630648,2.228049697
2004,350,5,108.756,0.046,0,0,0,-8.14,0.85715,3.345,0,8.159671834,2.228049697
2004,350,6,97.9545,0.46,0.16,0,0.01,-8.105,0.87425,4.4,0,8.159671241,2.228049697
2004,350,7,87.664,69.437,23.13,24.395,13.525,-7.415,0.85755,5.03,0,8.224430388,2.228049697
2004,350,8,78.8535,337.801,116.995,158.185,63.77,-5.81,0.80975,7.105,0,8.22521186,2.228049697
2004,350,9,71.497,610.282,219.49,307.035,106.335,-3.915,0.74715,9.06,0,8.225139346,2.228049697
2004,350,10,66.244,811.003,298.5,416.335,129.47,-2.37,0.69275,8.91,0,8.225137852,2.228049697
2004,350,11,63.6555,908.04,338.695,470.77,139.955,-0.965,0.63645,8.9,0,8.225137855,2.228049697
2004,350,12,64.0685,890.445,332.28,462.815,138.94,0.37,0.58135,8.84,0,8.225137822,2.228049697
2004,350,13,67.423,760.127,282.895,392.79,124.04,1.385,0.5383,9.185,0,8.225137838,2.228049697
2004,350,14,73.3045,528.057,195.915,266.195,93.84,1.88,0.5403,8.83,0,8.225137873,2.228049697
2004,350,15,81.1195,199.732,73.635,92.855,37.7,1.18,0.59275,8.695,0,8.225137979,2.228049697
2004,350,16,90.3175,21.873,8.315,7.915,3.78,0.12,0.656,7.735,0,8.232183479,2.228049697
2004,350,17,100.8155,0.138,0,0,0.01,-0.515,0.68125,8.075,0,8.283381243,2.228049697
2004,350,18,111.766,0.322,0,0,0.03,-0.895,0.7023,7.865,0,8.284874797,2.228049697
2004,350,19,123.099,0.299,0,0,0.04,-1.305,0.72175,7.595,0,8.284942036,2.228049697
2004,350,20,134.5485,0.092,0,0,0.005,-1.63,0.74115,6.95,0,8.285026307,2.228049697
2004,350,21,145.734,0.069,0,0,0.05,-1.965,0.7439,7.46,0,8.285140883,2.228049697
2004,350,22,155.7975,0.023,0,0,0.03,-2.03,0.7314,7.63,0,8.285280454,2.228049697
2004,350,23,162.2855,0.023,0,0,0.02,-2.575,0.7628,6.875,0,8.285435336,2.228049697
2004,351,0,161.181,0.046,0,0,0.035,-3,0.79715,6.26,0,8.285596412,2.228049697
2004,351,1,153.3725,0.207,0,0,0,-2.915,0.8132,6.15,0,8.285756896,2.228049697
2004,351,2,142.8765,0.184,0,0,0,-2.55,0.79725,6.58,0,8.285904712,2.228049697
2004,351,3,131.572,0.345,0,0,0,-2.52,0.8017,6.625,0,8.28602764,2.228049697
2004,351,4,120.126,0.299,0,0,0,-2.41,0.79535,6.7,0,8.286116199,2.228049697
2004,351,5,108.8715,0.322,0,0,0,-2.575,0.80715,6.475,0,8.286161199,2.228049697
2004,351,6,98.069,0.322,0.085,0,0.005,-2.31,0.799,6.85,0,8.286159798,2.228049697
2004,351,7,87.763,32.154,11.985,12.075,3.84,-1.65,0.76045,6.995,0,8.271278915,2.228049697
2004,351,8,78.954,174.961,64.27,79.455,22.415,-0.675,0.7075,8.105,0,8.272217992,2.228049697
2004,351,9,71.586,430.169,155.61,203.745,60.665,0.91,0.64585,9.375,0,8.271517342,2.228049697
2004,351,10,66.317,751.525,268.215,365.04,108.79,2.545,0.58,9.635,0,8.271502912,2.228049697
2004,351,11,63.7065,895.827,322.195,444.075,130.21,3.955,0.5198,9.6,0,8.27150269,2.228049697
2004,351,12,64.093,876.898,314.325,435.315,129.045,4.495,0.52435,9.425,0,8.271502723,2.228049697
2004,351,13,67.4225,738.691,262.935,363.225,113.145,5.115,0.5299,10.06,0,8.271502818,2.228049697
2004,351,14,73.284,508.645,179.625,242.54,83.735,5.55,0.537,9.005,0,8.271503158,2.228049697
2004,351,15,81.0825,208.817,73.18,91.815,36.02,5.195,0.57805,6.885,0,8.271502752,2.228049697
2004,351,16,90.2675,25.208,8.155,7.18,5.525,3.51,0.65645,5.615,0,8.275505208,2.228049697
2004,351,17,100.7555,0.299,0,0,0.05,2.16,0.72715,4.795,0,8.32456281,2.228049697
2004,351,18,111.698,0.046,0,0,0,1.255,0.7773,4.17,0,8.32633671,2.228049697
2004,351,19,123.028,0.207,0,0,0,0.65,0.80865,3.615,0,8.326405625,2.228049697
2004,351,20,134.4785,0.207,0,0,0.1,0.93,0.7793,5.67,0,8.326489134,2.228049697
2004,351,21,145.669,0.115,0,0,0.115,-0.325,0.80155,5.485,0,8.326607388,2.228049697
2004,351,22,155.7535,0,0,0,0.01,-1.385,0.83195,3.705,0,8.326747462,2.228049697
2004,351,23,162.2945,0.023,0,0,0,-2.425,0.8526,3.595,0,8.326901296,2.228049697
2004,352,0,161.2575,0,0,0,0,-3.05,0.8517,3.25,0,8.327062437,2.228049697
2004,352,1,153.478,0,0,0,0,-3.505,0.85925,2.885,0,8.327217144,2.228049697
2004,352,2,142.989,0.069,0,0,0,-3.985,0.87005,3.345,0,8.327357639,2.228049697
2004,352,3,131.686,0.023,0,0,0,-4.435,0.8777,2.94,0,8.327473038,2.228049697
2004,352,4,120.2405,0.023,0,0,0,-5.15,0.89685,2.645,0,8.327553698,2.228049697
2004,352,5,108.9825,0,0,0,0,-5.455,0.9041,2.295,0,8.327594889,2.228049697
2004,352,6,98.1765,0.345,0.14,0,0,-5.88,0.9113,1.95,0,8.32759458,2.228049697
2004,352,7,87.8605,53.889,20.625,21.815,10.535,-5.935,0.9043,1.965,0,8.363300965,2.228049697
2004,352,8,79.0475,298.471,111.635,143.86,55.89,-4.505,0.85015,1.72,0,8.363815578,2.228049697
2004,352,9,71.6685,583.119,217.44,289.6,95.365,-1.71,0.67795,2.585,0,8.363672016,2.228049697
2004,352,10,66.3805,782.966,296.185,399.575,120.77,-0.05,0.5772,2.14,0,8.363669147,2.228049697
2004,352,11,63.749,873.264,330.365,451.535,134.215,1.37,0.5195,1.18,0,8.363669088,2.228049697
2004,352,12,64.11,857.026,322.985,445.61,133.615,1.83,0.52255,1.53,0,8.363669107,2.228049697
2004,352,13,67.4145,730.181,273.31,378.82,119.01,1.8,0.53495,1.93,0,8.363669151,2.228049697
2004,352,14,73.2545,502.435,187.62,258.935,88.65,1.885,0.54415,2.23,0,8.363669292,2.228049697
2004,352,15,81.0375,219.19,82.71,110.29,44.06,1.67,0.56345,2.56,0,8.363669777,2.228049697
2004,352,16,90.2145,24.771,9.465,8.525,4.575,0.72,0.61895,2.08,0,8.367212398,2.228049697
2004,352,17,100.6875,0.276,0,0,0,-0.56,0.70015,3.06,0,8.412830678,2.228049697
2004,352,18,111.6245,0.069,0,0,0,-1.73,0.7814,3.11,0,8.414522878,2.228049697
2004,352,19,122.9525,0,0,0,0,-2.55,0.8336,3.29,0,8.414590449,2.228049697
2004,352,20,134.4035,0.069,0,0,0,-3.09,0.85725,3.335,0,8.414669937,2.228049697
2004,352,21,145.5985,0.069,0,0,0,-3.42,0.8747,3.58,0,8.414784755,2.228049697
2004,352,22,155.7025,0,0,0,0,-2.985,0.865,3.895,0,8.4149247,2.228049697
2004,352,23,162.296,0,0,0,0,-2.725,0.861,4.465,0,8.415079512,2.228049697
2004,353,0,161.325,0,0,0,0,-2.02,0.86835,4.76,0,8.41524026,2.228049697
2004,353,1,153.577,0,0,0,0,-1.025,0.8491,5.49,0,8.415395676,2.228049697
2004,353,2,143.0965,0.023,0,0,0,-0.7,0.85325,4.745,0,8.415536386,2.228049697
2004,353,3,131.796,0.092,0,0,0,-0.17,0.8448,5.49,0,8.415652504,2.228049697
2004,353,4,120.3495,0.046,0,0,0,0.39,0.83415,6.09,0,8.415735033,2.228049697
2004,353,5,109.09,0.161,0,0,0,0.53,0.8305,5.995,0,8.415777544,2.228049697
2004,353,6,98.2805,0.253,0.02,0,0.02,1.16,0.8114,6.145,0,8.415776529,2.228049697
2004,353,7,87.99,38.64,14.14,14.86,5.495,0.995,0.82855,6.54,0,8.408934272,2.228049697
2004,353,8,79.137,255.461,90.165,113.54,41.865,1.28,0.82795,6.32,0,8.408802852,2.228049697
2004,353,9,71.745,575.391,205.8,276.56,92.555,2.795,0.77405,7.35,0,8.408380736,2.228049697
2004,353,10,66.4395,781.011,279.92,384.96,119.585,3.765,0.7272,8.165,0,8.408372363,2.228049697
2004,353,11,63.786,895.528,322.55,447.01,134.7,4.925,0.68065,8.3,0,8.408372255,2.228049697
2004,353,12,64.12,823.883,297.425,411.62,123.05,5.695,0.62625,10.015,0,8.408372367,2.228049697
2004,353,13,67.401,643.632,237.09,320.625,95.665,5.92,0.5764,11.08,0,8.408372792,2.228049697
2004,353,14,73.219,271.837,99.145,132.76,42.65,5.47,0.5385,10.545,0,8.408372279,2.228049697
2004,353,15,80.986,37.536,13.41,13.055,4.31,4.01,0.60245,8.12,0,8.40793632,2.228049697
2004,353,16,90.1535,11.753,3.89,2.62,1.355,3.36,0.6379,7.265,0,8.303075361,2.228049697
2004,353,17,100.615,0.322,0,0,0.085,2.705,0.67695,5.035,0,8.306270475,2.228049697
2004,353,18,111.547,0.184,0,0,0,2.11,0.7274,3.655,0,8.306387605,2.228049697
2004,353,19,122.871,0.115,0,0,0.205,1.885,0.66885,8.02,0,8.306430834,2.228049697
2004,353,20,134.3215,0.069,0,0,0.27,0.85,0.6529,8.88,0,8.306511111,2.228049697
2004,353,21,145.523,0.092,0,0,0.255,0.07,0.66465,9.92,0,8.30662531,2.228049697
2004,353,22,155.6455,0.046,0,0,0.295,-0.575,0.6999,9.385,0,8.306766191,2.228049697
2004,353,23,162.2885,0.046,0,0,0.55,-1.71,0.70785,11.455,0,8.306922097,2.228049697
2004,354,0,161.388,0.023,0,0,0.535,-3.305,0.6791,12.605,0,8.307083955,2.228049697
2004,354,1,153.6715,0.023,0,0,0.535,-4.415,0.642,11.73,0,8.307239597,2.228049697
2004,354,2,143.201,0.023,0,0,0.755,-6.2,0.61905,13.38,0,8.30737945,2.228049697
2004,354,3,131.9015,0,0,0,0.78,-8.09,0.61205,13.7,0,8.307493256,2.228049697
2004,354,4,120.4535,0,0,0,0.61,-9.93,0.6329,13.05,0,8.307573047,2.228049697
2004,354,5,109.1925,0.046,0,0,0.565,-11.3,0.65175,12.37,0,8.307614259,2.228049697
2004,354,6,98.379,0.437,0.02,0,0.42,-12.325,0.63985,11.965,0,8.307613686,2.228049697
2004,354,7,88.0765,56.12,20.675,20.965,12.105,-13.2,0.5987,12.84,0,8.347616753,2.228049697
2004,354,8,79.2185,318.55,118.675,152.92,59.985,-13.405,0.5463,13.15,0,8.34809376,2.228049697
2004,354,9,71.813,598.667,226.805,306.915,103.19,-13.1,0.49905,13.145,0,8.347965586,2.228049697
2004,354,10,66.4895,804.655,307.015,423.275,131.605,-12.415,0.45185,12.42,0,8.347963052,2.228049697
2004,354,11,63.8135,905.947,345.595,479.935,144.81,-11.7,0.41195,10.775,0,8.347963118,2.228049697
2004,354,12,64.1235,887.938,337.365,471.405,143.325,-11.025,0.43785,9.995,0,8.347962978,2.228049697
2004,354,13,67.3785,761.116,287.305,402.2,127.93,-10.525,0.41705,8.53,0,8.347963,2.228049697
2004,354,14,73.1775,535.371,200.89,279.465,97.31,-10.135,0.4097,7.725,0,8.347963054,2.228049697
2004,354,15,80.9285,254.748,93.89,127.245,52.95,-10.135,0.4012,7.22,0,8.34796323,2.228049697
2004,354,16,90.0895,26.611,8.795,7.74,7.065,-10.665,0.42985,5.585,0,8.350514859,2.228049697
2004,354,17,100.537,0.207,0,0,0.045,-11.44,0.49895,3.985,0,8.397431388,2.228049697
2004,354,18,111.465,0.46,0,0,0,-11.525,0.5099,4.125,0,8.399369612,2.228049697
2004,354,19,122.7855,0.414,0,0,0.07,-11.74,0.49555,3.92,0,8.399446308,2.228049697
2004,354,20,134.2355,0.437,0,0,0.025,-11.935,0.541,2.225,0,8.399536924,2.228049697
2004,354,21,145.443,0.437,0,0,0.125,-11.785,0.5019,1.06,0,8.399666445,2.228049697
2004,354,22,155.5815,0.437,0,0,0.305,-11.625,0.49015,0.405,0,8.399826235,2.228049697
2004,354,23,162.273,0.368,0,0,0.135,-11.585,0.48495,2.25,0,8.400003497,2.228049697
2004,355,0,161.4415,0.368,0,0,0.05,-11.45,0.4952,3.435,0.010583333,8.400185131,2.228049697
2004,355,1,153.761,0.299,0,0,0.03,-11.15,0.49845,4.065,0.010583333,8.40035956,2.228049697
2004,355,2,143.3,0.092,0,0,0.05,-10.94,0.50955,5.195,0.010583333,8.400509113,2.228049697
2004,355,3,132.0025,0.115,0,0,0,-10.67,0.53325,5.895,0.010583333,8.400627104,2.228049697
2004,355,4,120.5545,0.092,0,0,0.005,-10.3,0.56055,6.02,0.010583333,8.400710288,2.228049697
2004,355,5,109.292,0.092,0,0,0.01,-9.88,0.5552,7.745,0.010583333,8.400752599,2.228049697
2004,355,6,98.476,0.069,0.02,0,0.015,-9.545,0.56815,8.61,0.010583333,8.400751299,2.228049697
2004,355,7,88.1595,14.743,5.08,3.885,1.605,-9.085,0.5773,9.44,0.010583333,8.400156396,2.228049697
2004,355,8,79.2955,104.627,38.2,46.42,12.5,-8.64,0.5796,11.57,0.010583333,8.378077059,2.228049697
2004,355,9,71.8765,491.004,174,232.795,72.25,-7.585,0.53025,12.98,0.010583333,8.375887447,2.228049697
2004,355,10,66.534,769.695,273.815,375.64,112.945,-6.255,0.4729,13.74,0.010583333,8.37584283,2.228049697
2004,355,11,63.8335,902.198,320.245,444.99,132.865,-4.835,0.42945,13.9,0.010583333,8.37584223,2.228049697
2004,355,12,64.1185,882.119,312.785,436.685,131.785,-3.56,0.3761,14.94,0.010583333,8.375842296,2.228049697
2004,355,13,67.3505,759.299,268.88,375.005,118.145,-2.66,0.3664,14.945,0.010583333,8.375842171,2.228049697
2004,355,14,73.1275,534.888,187.93,260.445,90.16,-1.92,0.36965,14.275,0.010583333,8.375842196,2.228049697
2004,355,15,80.8655,252.218,86.17,114.985,47.85,-1.845,0.3855,14.185,0.010583333,8.375842263,2.228049697
2004,355,16,90.017,29.049,9.435,8.175,6.605,-2.065,0.40815,10.945,0.010583333,8.377028335,2.228049697
2004,355,17,100.454,0.184,0,0,0.065,-2.485,0.4384,9.41,0.010583333,8.415160058,2.228049697
2004,355,18,111.3765,0.069,0,0,0.035,-2.825,0.4735,7.925,0.010583333,8.417412808,2.228049697
2004,355,19,122.695,0.046,0,0,0,-3.225,0.5136,5.975,0.010583333,8.417487973,2.228049697
2004,355,20,134.1455,0.023,0,0,0,-3.565,0.5562,5.65,0.010583333,8.41756602,2.228049697
2004,355,21,145.357,0,0,0,0,-3.385,0.57505,5.97,0.010583333,8.417677043,2.228049697
2004,355,22,155.5115,0.023,0,0,0,-3.07,0.59165,7.625,0.010583333,8.417814097,2.228049697
2004,355,23,162.2505,0.092,0,0,0,-2.98,0.6281,7.08,0.010583333,8.417971495,2.228049697
2004,356,0,161.4885,0.069,0,0,0.125,-3.02,0.6714,5.745,0,8.418137026,2.228049697
2004,356,1,153.8435,0.046,0,0,0.01,-2.95,0.7098,5.7,0,8.418296013,2.228049697
2004,356,2,143.393,0.046,0,0,0.125,-3.465,0.759,5.055,0,8.418438912,2.228049697
2004,356,3,132.101,0.023,0,0,0,-3.275,0.77235,4.055,0,8.418555782,2.228049697
2004,356,4,120.652,0.023,0,0,0.1,-3.495,0.78295,4.565,0,8.418638488,2.228049697
2004,356,5,109.3865,0.046,0,0,0.105,-3.855,0.8096,4.58,0,8.418682029,2.228049697
2004,356,6,98.5645,0.184,0.04,0,0,-3.785,0.8392,4.55,0,8.418683489,2.228049697
2004,356,7,88.237,41.791,14.665,15.29,6,-3.385,0.8674,4.515,0,8.425119403,2.228049697
2004,356,8,79.3675,128.294,46.975,56.12,17.16,-3.205,0.88815,5.105,0,8.425901463,2.228049697
2004,356,9,71.933,412.758,152.25,201.385,60.405,-0.295,0.82415,7.17,0,8.425585242,2.228049697
2004,356,10,66.5725,736.713,271.36,368.5,109.67,3.14,0.70325,8.7,0,8.425578863,2.228049697
2004,356,11,63.8455,702.995,258.255,348.91,101.15,3.695,0.67625,8.95,0,8.425578762,2.228049697
2004,356,12,64.1055,499.675,184.74,245.01,68.14,3.23,0.692,8.78,0,8.425578796,2.228049697
2004,356,13,67.3125,382.582,140.77,184.195,50.97,2.36,0.6998,8.505,0,8.425578899,2.228049697
2004,356,14,73.0725,180.987,66.185,84.025,23.23,0.92,0.68765,7.765,0,8.425579269,2.228049697
2004,356,15,80.7965,100.211,37.485,46.93,14.52,0.08,0.5894,7.23,0,8.425578817,2.228049697
2004,356,16,89.941,18.101,6.585,6.585,2.85,-1.395,0.5529,5.775,0,8.425926956,2.228049697
2004,356,17,100.367,0.069,0,0,0.27,-2.915,0.58295,5.46,0,8.451776614,2.228049697
2004,356,18,111.284,0.023,0,0,0.23,-3.63,0.5936,6.14,0,8.4526482,2.228049697
2004,356,19,122.6005,0,0,0,0.125,-4.12,0.59045,5.79,0,8.45270125,2.228049697
2004,356,20,134.0505,0.023,0,0,0.185,-4.425,0.5911,4.67,0,8.45277914,2.228049697
2004,356,21,145.265,0.023,0,0,0.3,-4.955,0.59445,7.15,0,8.45289133,2.228049697
2004,356,22,155.4355,0.023,0,0,0.3,-5.51,0.58835,8.85,0,8.453030421,2.228049697
2004,356,23,162.221,0.046,0,0,0.24,-6.005,0.60405,6.72,0,8.45318704,2.228049697
2004,357,0,161.5275,0,0,0,0.35,-6.665,0.61645,6.4,0.010583333,8.453350034,2.228049697
2004,357,1,153.9205,0,0,0,0.35,-7.465,0.6401,6.445,0.010583333,8.453506283,2.228049697
2004,357,2,143.4835,0.023,0,0,0.285,-8.09,0.65485,6.06,0.010583333,8.453647577,2.228049697
2004,357,3,132.1935,0,0,0,0.355,-8.915,0.61595,7.235,0.010583333,8.453763351,2.228049697
2004,357,4,120.745,0.023,0,0,0.14,-9.295,0.60885,7.46,0.010583333,8.453845454,2.228049697
2004,357,5,109.4765,0,0,0,0.085,-9.445,0.61255,7.2,0.010583333,8.453888066,2.228049697
2004,357,6,98.649,0.046,0.015,0,0.075,-9.555,0.6206,6.525,0.010583333,8.453888374,2.228049697
2004,357,7,88.3075,12.742,4.58,3.69,1.61,-9.585,0.62265,6.84,0.010583333,8.453520497,2.228049697
2004,357,8,79.433,100.671,37.36,45.87,12.845,-9.645,0.62925,7.055,0.010583333,8.429531834,2.228049697
2004,357,9,71.982,156.975,56.835,71.02,19.25,-9.85,0.64155,7.045,0.010583333,8.427079689,2.228049697
2004,357,10,66.601,325.818,119.79,155.29,41.37,-9.96,0.6433,6.835,0.010583333,8.427029431,2.228049697
2004,357,11,63.8515,420.762,153.315,200.23,53.21,-10.025,0.62975,6.875,0.010583333,8.427028732,2.228049697
2004,357,12,64.0855,393.185,144.78,189.945,50.815,-9.885,0.58715,7.125,0.010583333,8.427028841,2.228049697
2004,357,13,67.2695,221.697,80.33,103.22,27.235,-10.01,0.5842,7.03,0.010583333,8.42702876,2.228049697
2004,357,14,73.0115,176.203,64.11,81.715,21.735,-10.05,0.58095,7.135,0.010583333,8.427028973,2.228049697
2004,357,15,80.72,64.469,23.755,27.975,7.83,-9.825,0.57405,7.41,0.010583333,8.427028118,2.228049697
2004,357,16,89.8225,5.773,1.985,1.105,0.805,-9.915,0.5591,7.92,0.010583333,8.403791696,2.228049697
2004,357,17,100.2755,0.023,0.005,0,0.08,-10,0.55935,8.395,0.010583333,8.411997892,2.228049697
2004,357,18,111.186,0,0,0,0.11,-9.995,0.5724,8.29,0.010583333,8.412248341,2.228049697
2004,357,19,122.5015,0.046,0,0,0.215,-10.325,0.57605,9.285,0.010583333,8.412290449,2.228049697
2004,357,20,133.951,0.046,0,0,0.08,-10.61,0.59125,10.255,0.010583333,8.41236836,2.228049697
2004,357,21,145.1705,0,0,0,0.045,-10.605,0.60145,9.105,0.010583333,8.412480299,2.228049697
2004,357,22,155.3535,0.023,0,0,0.22,-10.905,0.60455,9.985,0.010583333,8.412618375,2.228049697
2004,357,23,162.1805,0.046,0,0,0.115,-11.15,0.61245,11.06,0.010583333,8.412773694,2.228049697
2004,358,0,161.559,0.092,0,0,0.06,-11.19,0.6247,11.03,0,8.412938,2.228049697
2004,358,1,153.992,0.115,0,0,0.14,-11.36,0.62885,10.675,0,8.413099601,2.228049697
2004,358,2,143.569,0.092,0,0,0.14,-11.6,0.64035,10.68,0,8.413245471,2.228049697
2004,358,3,132.283,0.207,0,0,0.12,-11.89,0.63545,11.235,0,8.413366599,2.228049697
2004,358,4,120.833,0.276,0,0,0.25,-12.31,0.63025,11.745,0,8.413455774,2.228049697
2004,358,5,109.562,0.414,0,0,0.085,-12.5,0.64685,11.405,0,8.413504453,2.228049697
2004,358,6,98.729,0.391,0.015,0,0.145,-12.67,0.6535,11.405,0,8.413505564,2.228049697
2004,358,7,88.413,41.446,15.36,17.2,7.025,-13.165,0.64515,10.26,0,8.419487422,2.228049697
2004,358,8,79.492,300.403,108.72,141.41,54.195,-13.315,0.62635,10.08,0,8.42107176,2.228049697
2004,358,9,72.0275,590.824,216.09,296.005,99.37,-12.22,0.5961,9.99,0,8.420753309,2.228049697
2004,358,10,66.623,801.044,295.285,411.185,128.845,-11.1,0.56585,9.38,0,8.420746856,2.228049697
2004,358,11,63.8485,903.992,335.195,469.715,144,-9.805,0.52505,9.595,0,8.420746757,2.228049697
2004,358,12,64.0565,892.4,332.02,466.855,144.82,-8.815,0.4912,9.045,0,8.420746796,2.228049697
2004,358,13,67.219,765.532,285.07,401,130.14,-7.815,0.4362,8.78,0,8.420746921,2.228049697
2004,358,14,72.941,541.075,200.2,281.02,99.805,-7.37,0.409,8.515,0,8.420747377,2.228049697
2004,358,15,80.6395,255.254,92.885,127.11,54.14,-7.53,0.4201,6.95,0,8.420746802,2.228049697
2004,358,16,89.737,30.245,10.325,10.05,8.45,-8.355,0.45495,5.955,0,8.421475117,2.228049697
2004,358,17,100.176,0.023,0,0,0.045,-9.68,0.51945,4.285,0,8.455164985,2.228049697
2004,358,18,111.0855,0.161,0,0,0,-10.7,0.5675,3.77,0,8.457605699,2.228049697
2004,358,19,122.397,0.46,0,0,0,-12.075,0.6272,4.17,0,8.457686316,2.228049697
2004,358,20,133.847,0.345,0,0,0,-12.45,0.65175,4.245,0,8.457774236,2.228049697
2004,358,21,145.068,0.322,0,0,0,-12.795,0.66665,4.25,0,8.457897384,2.228049697
2004,358,22,155.2645,0.299,0,0,0,-13.04,0.6851,3.96,0,8.458050258,2.228049697
2004,358,23,162.1335,0.345,0,0,0.03,-13.085,0.6746,3.705,0,8.45822163,2.228049697
2004,359,0,161.582,0.253,0,0,0.025,-13.745,0.71005,3.45,0,8.45840057,2.228049697
2004,359,1,154.0585,0.184,0,0,0,-13.73,0.70985,4.175,0,8.458569326,2.228049697
2004,359,2,143.649,0.092,0,0,0.085,-14.17,0.71435,4.97,0,8.458718037,2.228049697
2004,359,3,132.368,0.023,0,0,0.195,-14.715,0.699,5.975,0,8.458836632,2.228049697
2004,359,4,120.9175,0.069,0,0,0.255,-15.895,0.71075,5.285,0,8.458920734,2.228049697
2004,359,5,109.6425,0.161,0,0,0.205,-16.815,0.6626,5.295,0,8.458966267,2.228049697
2004,359,6,98.8045,0.161,0.02,0,0.1,-17.49,0.69635,4.125,0,8.458967681,2.228049697
2004,359,7,88.4745,47.38,17.85,18.25,10.405,-17.94,0.7157,3.695,0,8.480469774,2.228049697
2004,359,8,79.5435,302.22,112.895,148.305,59.115,-16.93,0.63915,4.445,0,8.481122997,2.228049697
2004,359,9,72.063,585.695,220.29,304.98,104.215,-15.79,0.56405,3.715,0,8.480911272,2.228049697
2004,359,10,66.638,795.34,300.7,421.865,133.945,-14.52,0.51065,3.18,0,8.480907039,2.228049697
2004,359,11,63.8395,901.117,342.235,481,148.515,-13.255,0.47775,2.835,0,8.480906966,2.228049697
2004,359,12,64.021,891.848,337.575,476.11,148.56,-12.325,0.4472,3.745,0,8.480906989,2.228049697
2004,359,13,67.162,768.269,289.01,408.3,132.805,-11.41,0.41755,3.91,0,8.480907047,2.228049697
2004,359,14,72.866,542.8,202.885,285.995,101.74,-10.765,0.39435,4.335,0,8.480907244,2.228049697
2004,359,15,80.551,260.084,95.055,130.785,55.74,-10.5,0.3864,4.415,0,8.480907119,2.228049697
2004,359,16,89.646,31.947,11.16,11.04,8.985,-10.96,0.41245,3.965,0,8.4812534,2.228049697
2004,359,17,100.073,0.069,0.005,0,0.265,-12.845,0.60135,5.765,0,8.510020311,2.228049697
2004,359,18,110.979,0.276,0,0,0.01,-13.645,0.61365,5.575,0,8.512804415,2.228049697
2004,359,19,122.2885,0.184,0,0,0,-14.24,0.63175,4.1,0,8.51289057,2.228049697
2004,359,20,133.738,0.368,0,0,0,-14.58,0.65005,3.865,0,8.512974264,2.228049697
2004,359,21,144.964,0.345,0,0,0.07,-13.965,0.6252,4.925,0,8.513098705,2.228049697
2004,359,22,155.171,0.345,0,0,0.04,-13.865,0.6262,5.985,0,8.513252988,2.228049697
2004,359,23,162.078,0.276,0,0,0.045,-13.66,0.61935,5.4,0,8.513425149,2.228049697
2004,360,0,161.5985,0.414,0,0,0.045,-13.505,0.609,6.32,0,8.513605809,2.228049697
2004,360,1,154.1185,0.184,0,0,0.045,-13.435,0.63465,6.72,0,8.5137808,2.228049697
2004,360,2,143.724,0.161,0,0,0.11,-13.53,0.6548,6.315,0,8.513931561,2.228049697
2004,360,3,132.448,0.138,0,0,0.075,-13.705,0.6617,6.45,0,8.51405448,2.228049697
2004,360,4,120.9965,0.23,0,0,0.005,-13.65,0.65695,7.38,0,8.514143182,2.228049697
2004,360,5,109.7165,0.276,0,0,0,-12.805,0.63415,7.95,0,8.514191393,2.228049697
2004,360,6,98.8735,0.207,0.015,0,0.03,-12.275,0.6402,8.66,0,8.514193217,2.228049697
2004,360,7,88.53,12.167,4.25,2.955,1.08,-11.565,0.63335,7.68,0,8.513872449,2.228049697
2004,360,8,79.5895,62.652,22.675,26.13,7.14,-10.555,0.63235,8.395,0,8.456473048,2.228049697
2004,360,9,72.091,156.63,56.555,71.68,19.26,-9.84,0.60585,9.08,0,8.451113626,2.228049697
2004,360,10,66.646,363.998,133.995,176.03,47.885,-9.15,0.6066,7.955,0,8.451002688,2.228049697
2004,360,11,63.8215,647.795,238.695,322.41,91.565,-7.51,0.5811,7.19,0,8.451001054,2.228049697
2004,360,12,63.979,614.813,226.98,305.48,86.5,-6.5,0.57405,8.075,0,8.451001067,2.228049697
2004,360,13,67.096,472.581,174.955,232.955,65.675,-6.015,0.5845,7.78,0,8.451001022,2.228049697
2004,360,14,72.7835,239.867,88.9,115.115,31.82,-5.94,0.6061,6.905,0,8.451001034,2.228049697
2004,360,15,80.457,129.904,49.04,61.79,17.67,-5.875,0.6228,5.765,0,8.451001052,2.228049697
2004,360,16,89.5485,12.006,4.45,3.75,1.6,-5.84,0.64075,5.355,0,8.453030072,2.228049697
2004,360,17,99.9665,0.069,0,0,0.155,-5.735,0.65285,5.2,0,8.475573501,2.228049697
2004,360,18,110.8685,0.069,0,0,0.26,-5.975,0.73745,4.8,0,8.47632233,2.228049697
2004,360,19,122.1765,0.046,0,0,0.195,-6.47,0.8863,3.55,0,8.476372219,2.228049697
2004,360,20,133.6265,0.069,0,0,0.1,-6.425,0.91225,3.31,0,8.476449446,2.228049697
2004,360,21,144.854,0.023,0,0,0.085,-6.325,0.9151,3.47,0,8.476561444,2.228049697
2004,360,22,155.071,0.046,0,0,0.095,-6.255,0.9241,3.175,0,8.476699672,2.228049697
2004,360,23,162.015,0.046,0,0,0.105,-6.165,0.91625,3.245,0,8.476856712,2.228049697
2004,361,0,161.606,0.115,0,0,0.1,-5.98,0.9077,1.7,0.010583333,8.477021763,2.228049697
2004,361,1,154.1735,0.046,0,0,0.105,-5.99,0.9159,2.505,0.010583333,8.477183914,2.228049697
2004,361,2,143.795,0.046,0,0,0.1,-5.9,0.92865,1.695,0.010583333,8.477328035,2.228049697
2004,361,3,132.523,0.023,0,0,0.045,-5.91,0.9282,1.595,0.010583333,8.477446756,2.228049697
2004,361,4,121.0725,0.023,0,0,0.015,-6.1,0.9369,0.84,0.010583333,8.477531324,2.228049697
2004,361,5,109.788,0.092,0,0,0.195,-5.92,0.9328,0.605,0.010583333,8.477577003,2.228049697
2004,361,6,98.9365,0.092,0,0,0.135,-5.72,0.9294,1.745,0.010583333,8.477579576,2.228049697
2004,361,7,88.5825,23.483,4.16,7.905,6.505,-5.66,0.9274,2.895,0.010583333,8.473516046,2.228049697
2004,361,8,79.631,133.285,23.935,56.585,37.65,-5.255,0.9161,3.665,0.010583333,8.468946247,2.228049697
2004,361,9,72.1155,371.818,71.855,172.23,108.94,-5.01,0.90945,5.51,0.010583333,8.467713786,2.228049697
2004,361,10,66.645,498.847,97.395,231.33,144.085,-5,0.8838,6.63,0.010583333,8.467688178,2.228049697
2004,361,11,63.796,649.06,131.905,312.88,193.845,-5.38,0.8646,6.05,0.010583333,8.467687807,2.228049697
2004,361,12,63.9285,910.915,200.355,460.645,274.955,-5.515,0.78455,5.665,0.010583333,8.46768788,2.228049697
2004,361,13,67.0235,783.633,181.52,395.34,229.1,-5.28,0.69985,5.175,0.010583333,8.467688143,2.228049697
2004,361,14,72.695,552.115,132.775,276.185,163.25,-5.04,0.6688,4.595,0.010583333,8.467687891,2.228049697
2004,361,15,80.358,264.96,64.94,127.665,82.27,-5.36,0.67415,4.855,0.010583333,8.467688103,2.228049697
2004,361,16,89.448,34.408,7.675,12.55,11.785,-6.665,0.74355,4.125,0.010583333,8.467774399,2.228049697
2004,361,17,99.8535,0.069,0.02,0,0.01,-8.15,0.79795,1.705,0.010583333,8.491343907,2.228049697
2004,361,18,110.7545,0,0,0,0,-8.475,0.8105,2.23,0.010583333,8.494716043,2.228049697
2004,361,19,122.0625,0.092,0,0,0,-10.015,0.8535,1.725,0.010583333,8.494807736,2.228049697
2004,361,20,133.5115,0.322,0,0,0,-10.315,0.8573,2.335,0.010583333,8.494886715,2.228049697
2004,361,21,144.7405,0.115,0,0,0,-10.825,0.84915,2.29,0.010583333,8.495003984,2.228049697
2004,361,22,154.9665,0.184,0,0,0,-10.93,0.84625,1.785,0.010583333,8.495146657,2.228049697
2004,361,23,161.945,0.138,0,0,0,-10.825,0.8432,2.815,0.010583333,8.495309694,2.228049697
2004,362,0,161.605,0.161,0,0,0,-11.005,0.855,3.56,0,8.495479007,2.228049697
2004,362,1,154.2215,0.345,0,0,0,-11.115,0.86165,3.47,0,8.495649367,2.228049697
2004,362,2,143.861,0.437,0,0,0,-10.22,0.87255,3.42,0,8.495812326,2.228049697
2004,362,3,132.593,0.138,0,0,0,-9.785,0.8554,0.55,0,8.49594359,2.228049697
2004,362,4,121.142,0.322,0,0,0,-9.885,0.8823,2.33,0,8.496035845,2.228049697
2004,362,5,109.855,0.437,0,0,0.11,-10.875,0.9355,3.89,0,8.496088719,2.228049697
2004,362,6,98.9965,0.414,0.03,0,0.085,-12.035,0.92815,3.22,0,8.496093985,2.228049697
2004,362,7,88.6275,44.091,10.52,19.825,15.65,-12.685,0.91695,3.045,0,8.514297374,2.228049697
2004,362,8,79.665,273.01,69.73,133.98,83.75,-11.215,0.90565,3.42,0,8.516437753,2.228049697
2004,362,9,72.13,580.543,147.785,299.225,167.02,-9.155,0.8942,4.805,0,8.516186236,2.228049697
2004,362,10,66.6385,744.303,186.195,383.25,209.45,-6.685,0.84585,4.975,0,8.516181067,2.228049697
2004,362,11,63.762,937.388,232.23,464.965,242.29,-4.9,0.7789,5.05,0,8.516180973,2.228049697
2004,362,12,63.8695,933.248,258.5,464.585,216.97,-3.365,0.687,4.86,0,8.516180999,2.228049697
2004,362,13,66.9455,628.13,189.74,308.785,130.805,-2.515,0.65685,5.335,0,8.516181064,2.228049697
2004,362,14,72.5995,344.747,106.565,164.93,67.505,-2.5,0.6755,6.035,0,8.516181291,2.228049697
2004,362,15,80.2545,145.406,45.94,67.315,27.585,-2.91,0.68505,6.125,0,8.516181091,2.228049697
2004,362,16,89.304,25.346,8.165,9.785,5.06,-3.74,0.7297,5.895,0,8.515078117,2.228049697
2004,362,17,99.7385,0.391,0,0,0.15,-4.88,0.78345,5.035,0,8.537875361,2.228049697
2004,362,18,110.6365,0.161,0,0,0.04,-5.315,0.78745,4.92,0,8.53935003,2.228049697
2004,362,19,121.943,0,0,0,0.05,-5.455,0.79905,6.135,0,8.539411959,2.228049697
2004,362,20,133.3915,0,0,0,0.065,-5.705,0.776,7.33,0,8.539487261,2.228049697
2004,362,21,144.621,0,0,0,0.025,-5.685,0.7801,8.265,0,8.539596544,2.228049697
2004,362,22,154.8555,0,0,0,0,-5.44,0.7673,9.07,0,8.539733387,2.228049697
2004,362,23,161.867,0.023,0,0,0,-4.91,0.7174,8.075,0,8.539888773,2.228049697
2004,363,0,161.5965,0,0,0,0,-3.98,0.7049,9.03,0,8.540051709,2.228049697
2004,363,1,154.2625,0.023,0,0,0,-3.47,0.7236,8.06,0,8.540210624,2.228049697
2004,363,2,143.921,0,0,0,0.1,-3.53,0.7344,7.125,0,8.540354167,2.228049697
2004,363,3,132.659,0,0,0,0.06,-3.835,0.7591,5.66,0,8.540472625,2.228049697
2004,363,4,121.207,0,0,0,0,-3.805,0.76785,3.96,0,8.540557999,2.228049697
2004,363,5,109.9145,0,0,0,0,-3.765,0.77525,3.275,0,8.540604484,2.228049697
2004,363,6,99.0495,0.069,0.02,0,0.005,-3.71,0.7753,5.17,0,8.540608213,2.228049697
2004,363,7,88.668,24.426,8.255,9.32,4.095,-3.64,0.7799,5.58,0,8.535747139,2.228049697
2004,363,8,79.693,111.504,36.46,49.685,17.635,-2.985,0.77305,6.13,0,8.526573453,2.228049697
2004,363,9,72.1385,340.055,113.86,162.285,54.94,-0.755,0.7152,7.39,0,8.525295473,2.228049697
2004,363,10,66.6235,599.702,211.52,289.01,86.135,2.335,0.6312,8.86,0,8.525268957,2.228049697
2004,363,11,63.7225,524.975,188.62,250.275,69.765,4.29,0.59155,8.93,0,8.525268571,2.228049697
2004,363,12,63.805,380.903,136.73,178.735,49.48,5.745,0.58345,8.035,0,8.525268641,2.228049697
2004,363,13,66.8575,343.666,122.375,161.335,46.465,5.61,0.60025,6.54,0,8.525268892,2.228049697
2004,363,14,72.499,355.81,125.81,168.76,54.595,6.47,0.5979,7.89,0,8.525268665,2.228049697
2004,363,15,80.1435,245.663,86.05,116.16,42.695,6.17,0.61405,8.32,0,8.525268881,2.228049697
2004,363,16,89.194,18.837,6.375,5.86,2.675,4.66,0.67295,8.21,0,8.52680105,2.228049697
2004,363,17,99.617,0.069,0,0,0.2,3.52,0.71695,7.015,0,8.555534776,2.228049697
2004,363,18,110.512,0.023,0,0,0.025,2.83,0.7526,5.505,0,8.55670197,2.228049697
2004,363,19,121.8175,0.092,0,0,0,3.755,0.72595,7.475,0,8.556757869,2.228049697
2004,363,20,133.2665,0.023,0,0,0,3.52,0.7396,6.16,0,8.556834608,2.228049697
2004,363,21,144.5,0.069,0,0,0,3.135,0.75945,5.095,0,8.556945055,2.228049697
2004,363,22,154.7395,0.023,0,0,0,3.015,0.77945,3.665,0,8.557084811,2.228049697
2004,363,23,161.781,0.046,0,0,0,4.045,0.76335,5.285,0,8.557240968,2.228049697
2004,364,0,161.58,0,0,0,0,4.65,0.7559,5.665,0,8.557405064,2.228049697
2004,364,1,154.2955,0,0,0,0,4.76,0.7661,5.16,0,8.557563236,2.228049697
2004,364,2,143.974,0,0,0,0,5.085,0.7681,5.635,0,8.557707068,2.228049697
2004,364,3,132.72,0,0,0,0,5.07,0.7754,4.885,0,8.557825785,2.228049697
2004,364,4,121.2665,0,0,0,0,4.865,0.7863,3.485,0,8.5579115,2.228049697
2004,364,5,109.9715,0.023,0,0,0,4.55,0.7982,3.15,0,8.557958137,2.228049697
2004,364,6,99.097,0.115,0.015,0,0,3.69,0.8271,3.62,0,8.55796271,2.228049697
2004,364,7,88.7025,28.359,9.69,8.83,2.1,3.09,0.84315,2.985,0,8.548059188,2.228049697
2004,364,8,79.7145,132.595,48.96,62.805,18.46,2.915,0.84825,1.77,0,8.544472135,2.228049697
2004,364,9,72.1405,150.282,53.755,68.035,18.795,4.705,0.8001,2.925,0,8.543513086,2.228049697
2004,364,10,66.601,224.365,79.65,103.59,28.655,6.265,0.76475,2.4,0,8.543493301,2.228049697
2004,364,11,63.6755,841.064,300.975,418.27,131.59,9.17,0.69325,3.71,0,8.543493025,2.228049697
2004,364,12,63.732,842.214,301.165,421.29,134.19,11.115,0.6772,4.145,0,8.543493117,2.228049697
2004,364,13,66.764,736.046,258.25,364.52,120.44,11.835,0.6633,4.645,0,8.54349346,2.228049697
2004,364,14,72.3925,525.941,185.38,259.15,91.485,11.995,0.66405,4.49,0,8.54349307,2.228049697
2004,364,15,80.028,259.923,92.945,124.615,48.97,11.61,0.67135,4.045,0,8.543493189,2.228049697
2004,364,16,89.08,32.43,12.205,12.3,4.775,9.86,0.71185,3.075,0,8.543497077,2.228049697
2004,364,17,99.493,0.069,0.005,0,0,7.57,0.78355,3.565,0,8.559306118,2.228049697
2004,364,18,110.3865,0.023,0,0,0.03,4.44,0.8818,4.545,0,8.562012737,2.228049697
2004,364,19,121.691,0.138,0,0,0,2.85,0.90805,3.41,0,8.562093966,2.228049697
2004,364,20,133.14,0.276,0,0,0,2.04,0.9245,2.635,0,8.56217287,2.228049697
2004,364,21,144.3715,0.23,0,0,0,1.635,0.93325,1.94,0,8.562291125,2.228049697
2004,364,22,154.617,0.253,0,0,0,1.61,0.9265,2.69,0,8.562438407,2.228049697
2004,364,23,161.6865,0.437,0,0,0,1.295,0.92885,3.1,0,8.562610572,2.228049697
2004,365,0,161.5545,0.437,0,0,0,1.21,0.93835,3.515,0.021166667,8.562798036,2.228049697
2004,365,1,154.3245,0.414,0,0,0,0.88,0.954,3.245,0.021166667,8.562981053,2.228049697
2004,365,2,144.0235,0.414,0,0,0,0.955,0.96915,3.61,0.021166667,8.563146619,2.228049697
2004,365,3,132.7745,0.368,0,0,0,1.83,0.98125,4.53,0.021166667,8.563282639,2.228049697
2004,365,4,121.323,0.161,0,0,0.04,2.285,0.9882,5.475,0.021166667,8.563377543,2.228049697
2004,365,5,110.0225,0.207,0,0,0,2.85,0.99255,4.455,0.021166667,8.563428142,2.228049697
2004,365,6,99.1405,0.276,0,0,0.005,3.12,0.9941,3.645,0.021166667,8.563433856,2.228049697
2004,365,7,88.731,8.648,3.07,1.86,0.795,3.765,0.9961,4.095,0.021166667,8.56328967,2.228049697
2004,365,8,79.7295,89.999,32.45,39.4,10.485,4.73,0.99765,5.41,0.021166667,8.537819028,2.228049697
2004,365,9,72.1365,180.274,63.515,80.5,20.725,6.205,0.999444444,7.04,0.021166667,8.534678277,2.228049697
2004,365,10,66.5735,207.276,72.97,91.665,23.255,7.22,0.998666667,7.745,0.021166667,8.534611611,2.228049697
2004,365,11,63.62,368.414,130.48,170.2,45.725,8.86,0.94475,8.65,0.021166667,8.534610652,2.228049697
2004,365,12,63.653,228.275,77.605,99.81,27.475,9.5,0.92965,9.225,0.021166667,8.53461068,2.228049697
2004,365,13,66.6655,173.788,58.665,73.59,20.305,10.005,0.9267,9.48,0.021166667,8.534610606,2.228049697
2004,365,14,72.278,225.446,79.19,101.06,28.79,10.895,0.8975,9.685,0.021166667,8.534610619,2.228049697
2004,365,15,79.906,116.748,41.09,50.69,16.57,11.195,0.882,10.515,0.021166667,8.534610642,2.228049697
2004,365,16,88.9605,29.072,11.1,10.76,5.095,11.14,0.8662,10.83,0.021166667,8.530905377,2.228049697
2004,365,17,99.363,0.092,0.025,0,0,11.5,0.84785,10.41,0.021166667,8.53954958,2.228049697
2004,365,18,110.2565,0,0,0,0.075,11.515,0.85955,10.735,0.021166667,8.541416525,2.228049697
2004,365,19,121.5605,0.023,0,0,0.025,11.16,0.8854,10.52,0.021166667,8.541481566,2.228049697
2004,365,20,133.0075,0,0,0,0.005,11.575,0.88445,10.54,0.021166667,8.541554398,2.228049697
2004,365,21,144.2405,0.046,0,0,0.005,13.415,0.83135,12.56,0.021166667,8.541661791,2.228049697
2004,365,22,154.4915,0.069,0,0,0.09,13.47,0.82405,11.915,0.021166667,8.541799708,2.228049697
2004,365,23,161.587,0.046,0,0,0.13,12.925,0.8407,10.67,0.021166667,8.541956636,2.228049697
