"","year","doy","hour","zen","solar","netsolar","dw_solar","up_solar","temp","rh","windspeed","precip","day_length","DVI"
"1",2005,1,0,161.481,0.023,0,0,0.075,2.26,0.7666,3.65,0.0423333333333333,8,0
"2",2005,1,1,154.359,0.092,0,0,0,1.215,0.79925,3.77,0.0423333333333333,8.00011713168888,0
"3",2005,1,2,144.105,0.069,0,0,0.025,2.095,0.7347,4.505,0.0423333333333333,8.00027344843126,0
"4",2005,1,3,132.8695,0.046,0,0,0.005,2.56,0.64815,4.85,0.0423333333333333,8.00043638296786,0
"5",2005,1,4,121.416,0.069,0,0,0.275,1.795,0.765,5.63,0.0423333333333333,8.00059550023837,0
"6",2005,1,5,110.1075,0.368,0,0,0.01,1.535,0.81065,6.12,0.0423333333333333,8.00074654762669,0
"7",2005,1,6,99.2085,0.115,0,0,0,1.795,0.80235,5.755,0.0423333333333333,8.00087462835906,0
"8",2005,1,7,88.7705,8.556,3.025,1.605,0.945,1.915,0.8315,5.47,0.0423333333333333,8.00133131920907,0
"9",2005,1,8,79.739,31.441,10.94,9.33,2.82,1.915,0.8817,5.665,0.0423333333333333,8.11882178405016,0
"10",2005,1,9,72.1045,97.221,35.61,39.66,8.755,1.925,0.9325,6.415,0.0423333333333333,8.27322447201336,0
"11",2005,1,10,66.493,100.326,35.31,39.3,8.835,2.385,0.93425,5.96,0.0423333333333333,8.27419918109355,0
"12",2005,1,11,63.4875,135.286,48.395,55.7,12.46,2.81,0.95095,5.415,0.0423333333333333,8.27420055263967,0
"13",2005,1,12,63.471,146.74,52.85,61.465,13.71,3.435,0.9732,5.13,0.0423333333333333,8.27420048268618,0
"14",2005,1,13,66.4445,177.169,64.16,77.13,18.035,3.86,0.98485,5.575,0.0423333333333333,8.27420053529316,0
"15",2005,1,14,72.032,58.098,20.13,21.405,5.43,4.1,0.99005,5.195,0.0423333333333333,8.27419598752192,0
"16",2005,1,15,79.648,38.019,13.765,12.82,3.48,4.34,0.99285,5.12,0.0423333333333333,8.25018321961848,0
"17",2005,1,16,88.671,9.683,3.715,2.07,0.87,4.91,0.9947,5.795,0.0423333333333333,7.82026887295871,0
"18",2005,1,17,99.092,0.023,0.005,0,0,5.72,0.9964,5.45,0.0423333333333333,7.80778132588181,0
"19",2005,1,18,109.985,0.046,0,0,0,6.78,0.99765,4.955,0.0423333333333333,7.80760664849005,0
"20",2005,1,19,121.2875,0.253,0,0,0,8.025,0.999052631578947,4.43,0.0423333333333333,7.80753095279136,0
"21",2005,1,20,132.7365,0.345,0,0,0.07,9.03,1,4.73,0.0423333333333333,7.8074918787409,0
"22",2005,1,21,143.9695,0.437,0,0,0,10.56,0.998269230769231,4.69,0.0423333333333333,7.80749663539375,0
"23",2005,1,22,154.2225,0.391,0,0,0.065,11.215,0.996538461538462,4.455,0.0423333333333333,7.80754724083245,0
"24",2005,1,23,161.366,0.46,0,0,0.015,11.275,0.98555,5.605,0.0423333333333333,7.80763998030131,0
"25",2005,2,0,161.43,0.46,0,0,0.14,11.46,0.9657,6.155,0.338666666666667,7.80777115261271,0
"26",2005,2,1,154.366,0.46,0,0,0.19,11.97,0.94625,5.99,0.338666666666667,7.80793002188212,0
"27",2005,2,2,144.137,0.46,0,0,0.01,12.31,0.9434,7.265,0.338666666666667,7.80810558151582,0
"28",2005,2,3,132.908,0.46,0,0,0.055,12.345,0.9487,7.27,0.338666666666667,7.80828741260729,0
"29",2005,2,4,121.4555,0.414,0,0,0.03,12.185,0.96875,6.19,0.338666666666667,7.80846011072791,0
"30",2005,2,5,110.141,0.437,0,0,0.005,12.18,0.9768,6.59,0.338666666666667,7.80861264956597,0
"31",2005,2,6,99.233,0.46,0.02,0,0,12.315,0.98875,5.825,0.338666666666667,7.80873629674319,0
"32",2005,2,7,88.7825,14.973,5.865,4.385,1.44,12.675,0.99125,5.435,0.338666666666667,7.8108088482648,0
"33",2005,2,8,79.7355,77.556,29.46,31.795,7.055,13.01,0.99445,6.185,0.338666666666667,8.10121923302965,0
"34",2005,2,9,72.0785,120.589,44.33,50.185,10.86,13.625,0.98985,5.475,0.338666666666667,8.10772478931489,0
"35",2005,2,10,66.441,123.878,43.135,48.71,10.47,14.115,0.9735,5.195,0.338666666666667,8.10775795933204,0
"36",2005,2,11,63.408,167.486,58.74,68.005,14.505,14.495,0.9608,5.295,0.338666666666667,8.10775794543535,0
"37",2005,2,12,63.367,120.704,42.725,47.5,10.025,14.52,0.963,4.47,0.338666666666667,8.10775800837402,0
"38",2005,2,13,66.3235,75.463,24.99,27.595,7.03,11.295,0.9691,4.875,0.338666666666667,8.10775825384324,0
"39",2005,2,14,71.9,63.227,21.36,22.465,5.41,8.585,0.98565,5.015,0.338666666666667,8.10774784312289,0
"40",2005,2,15,79.5115,45.471,16.24,16.62,4.195,7.375,0.99375,4.565,0.338666666666667,8.10542384547277,0
"41",2005,2,16,88.54,12.995,4.765,3.705,1.5,6.87,0.99545,4.5,0.338666666666667,7.75617566258972,0
"42",2005,2,17,98.9505,0.368,0,0,0.155,6.255,0.98945,4.58,0.338666666666667,7.73253594030159,0
"43",2005,2,18,109.841,0.368,0,0,0.03,5.835,0.99325,3.95,0.338666666666667,7.7323198518435,0
"44",2005,2,19,121.1465,0.414,0,0,0.35,5.33,0.99215,4.695,0.338666666666667,7.73224847119906,0
"45",2005,2,20,132.5965,0.46,0,0,0.055,4.73,0.98375,4.295,0.338666666666667,7.73221895709867,0
"46",2005,2,21,143.828,0.391,0,0,0.05,4.515,0.9848,4.295,0.338666666666667,7.73223599670561,0
"47",2005,2,22,154.0815,0.23,0,0,0.03,4.295,0.9814,4.335,0.338666666666667,7.73229510843462,0
"48",2005,2,23,161.244,0.23,0,0,0.03,4.545,0.9762,3.875,0.338666666666667,7.73239100744012,0
"49",2005,3,0,161.3725,0,0,0,0.095,4.245,0.978,3.955,1.016,7.73251537694689,0
"50",2005,3,1,154.3655,0.023,0,0,0,4.445,0.9756,2.35,1.016,7.73265614048445,0
"51",2005,3,2,144.161,0,0,0,0.09,4.235,0.97995,4.34,1.016,7.73280893392553,0
"52",2005,3,3,132.943,0.046,0,0,0.045,4.19,0.9839,4.305,1.016,7.73296331922963,0
"53",2005,3,4,121.4895,0.023,0,0,0,4.8,0.98185,4.2,1.016,7.73310991740354,0
"54",2005,3,5,110.1695,0.184,0,0,0.03,4.77,0.9803,4.515,1.016,7.73323959967594,0
"55",2005,3,6,99.2535,0.161,0,0,0,4.8,0.97645,4.425,1.016,7.73334329622695,0
"56",2005,3,7,88.7895,7.82,2.71,1.47,0.755,4.655,0.97435,4.885,1.016,7.73364856815241,0
"57",2005,3,8,79.7235,31.993,10.975,9.595,2.4,4.32,0.983,5.445,1.016,7.82575828985785,0
"58",2005,3,9,72.046,48.599,16.57,16.015,3.23,4.345,0.98685,4.39,1.016,7.92392311610563,0
"59",2005,3,10,66.382,92.782,31.97,34.25,6.21,4.215,0.97835,4.835,1.016,7.92532940420378,0
"60",2005,3,11,63.323,118.565,41.115,45.07,7.995,4.17,0.9712,5.68,1.016,7.92532376091857,0
"61",2005,3,12,63.258,98.693,32.12,34.315,5.865,4.225,0.9729,5.06,1.016,7.92532347432602,0
"62",2005,3,13,66.196,70.61,23.61,24.48,4.645,3.87,0.96905,7.4,1.016,7.92532313205843,0
"63",2005,3,14,71.7625,43.7,14.445,13.675,2.91,3.495,0.9551,7.96,1.016,7.92262948506251,0
"64",2005,3,15,79.3685,73.761,28.03,30.12,6.175,3.36,0.9473,7.895,1.016,7.91778590533616,0
"65",2005,3,16,88.403,15.295,5.945,4.615,1.33,3.495,0.94225,5.83,1.016,7.73562497114566,0
"66",2005,3,17,98.805,0.046,0.03,0,0,3.41,0.95335,5.63,1.016,7.67972756212866,0
"67",2005,3,18,109.698,0,0,0,0.01,3.295,0.94345,5.735,1.016,7.67946131394959,0
"68",2005,3,19,121.0035,0,0,0,0,3.2,0.9395,5.67,1.016,7.67941096984801,0
"69",2005,3,20,132.4525,0,0,0,0.035,2.97,0.9441,5.57,1.016,7.67939650549534,0
"70",2005,3,21,143.6805,0,0,0,0,2.805,0.9493,6.11,1.016,7.67942128280422,0
"71",2005,3,22,153.9355,0,0,0,0,2.8,0.9583,5.125,1.016,7.67948435268643,0
"72",2005,3,23,161.115,0,0,0,0,2.725,0.97115,5.155,1.016,7.67958115557724,0
"73",2005,4,0,161.3065,0,0,0,0,2.8,0.9732,4.75,0.592666666666667,7.67970509138538,0
"74",2005,4,1,154.358,0,0,0,0,2.8,0.98475,4.395,0.592666666666667,7.6798491010849,0
"75",2005,4,2,144.1805,0,0,0,0.01,2.8,0.98245,3.985,0.592666666666667,7.68000167558702,0
"76",2005,4,3,132.971,0,0,0,0,2.785,0.9755,3.555,0.592666666666667,7.68015285992949,0
"77",2005,4,4,121.517,0,0,0,0.005,2.69,0.9791,3.85,0.592666666666667,7.68029273299622,0
"78",2005,4,5,110.194,0,0,0,0,2.6,0.98815,4.005,0.592666666666667,7.68041101639264,0
"79",2005,4,6,99.2665,0,0,0,0.005,2.59,0.99085,3.935,0.592666666666667,7.68049982939921,0
"80",2005,4,7,88.79,8.671,3.17,1.8,0.74,2.59,0.9907,3.845,0.592666666666667,7.680818579098,0
"81",2005,4,8,79.7065,30.682,11.115,9.9,2.5,2.6,0.9904,3.9,0.592666666666667,7.74352865961863,0
"82",2005,4,9,72.006,69.023,25.52,26.75,5.375,2.65,0.99295,3.99,0.592666666666667,7.84947780304574,0
"83",2005,4,10,66.317,123.832,45.265,50.67,9.91,2.9,0.9895,4.305,0.592666666666667,7.8500900100652,0
"84",2005,4,11,63.23,144.141,52.425,59.19,11.6,3.045,0.97715,4.085,0.592666666666667,7.85008495495605,0
"85",2005,4,12,63.1415,135.309,47.9,53.295,10.345,3.245,0.96135,3.61,0.592666666666667,7.85008480667553,0
"86",2005,4,13,66.063,78.729,27.51,28.895,5.755,3.235,0.96055,2.855,0.592666666666667,7.85008488645957,0
"87",2005,4,14,71.6185,38.778,13.09,12.155,2.785,3.305,0.9654,1.695,0.592666666666667,7.84182725597258,0
"88",2005,4,15,79.2215,19.297,6.09,4.305,1.48,3.15,0.9798,4.245,0.592666666666667,7.35753585075988,0
"89",2005,4,16,88.226,4.945,1.65,0.195,0.335,3.11,0.9891,5.22,0.592666666666667,7.31156366438659,0
"90",2005,4,17,98.655,0.207,0.02,0,0,3.35,0.98055,4.095,0.592666666666667,7.31100755093507,0
"91",2005,4,18,109.549,0.115,0,0,0,3.61,0.96745,4.81,0.592666666666667,7.31092827564619,0
"92",2005,4,19,120.8555,0.023,0,0,0,3.7,0.96475,4.1,0.592666666666667,7.31088640378865,0
"93",2005,4,20,132.305,0,0,0,0,3.675,0.9637,5.52,0.592666666666667,7.31088238194303,0
"94",2005,4,21,143.531,0.023,0,0,0.01,3.54,0.96225,5.93,0.592666666666667,7.31091697972404,0
"95",2005,4,22,153.7855,0.069,0,0,0.015,3.425,0.96045,7.515,0.592666666666667,7.31098780464113,0
"96",2005,4,23,160.98,0,0,0,0,3.46,0.94685,8.705,0.592666666666667,7.31109064016191,0
"97",2005,5,0,161.231,0,0,0,0.01,3.27,0.94175,8.415,1.16416666666667,7.31121716022122,0
"98",2005,5,1,154.343,0,0,0,0,3.065,0.9384,7.715,1.16416666666667,7.31135915239863,0
"99",2005,5,2,144.1945,0,0,0,0,2.895,0.9401,9.38,1.16416666666667,7.31150717283724,0
"100",2005,5,3,132.9935,0,0,0,0.06,2.625,0.9448,9.065,1.16416666666667,7.31165209544744,0
"101",2005,5,4,121.5395,0,0,0,0.105,1.78,0.9481,9.495,1.16416666666667,7.31178263294034,0
"102",2005,5,5,110.211,0,0,0,0.075,1.14,0.9514,10.575,1.16416666666667,7.31189029976195,0
"103",2005,5,6,99.2745,0.092,0,0,0.13,0.64,0.94725,11.83,1.16416666666667,7.31196874663488,0
"104",2005,5,7,88.784,2.599,0.81,0,0.305,0.23,0.93705,12.045,1.16416666666667,7.31203861350517,0
"105",2005,5,8,79.683,13.018,4.245,1.75,0.845,0.12,0.9298,10.92,1.16416666666667,7.31240379198264,0
"106",2005,5,9,71.96,29.739,10,8.13,1.78,0.005,0.934,7.5,1.16416666666667,7.29886268172068,0
"107",2005,5,10,66.243,65.159,23.375,23.645,4.14,0.075,0.93345,5.23,1.16416666666667,7.30344715059405,0
"108",2005,5,11,63.1305,93.426,34.54,36.92,6.325,-0.115,0.9358,3.74,1.16416666666667,7.30293106078614,0
"109",2005,5,12,63.0195,88.849,33.425,35.555,5.99,-0.09,0.9375,2.08,1.16416666666667,7.30291310378203,0
"110",2005,5,13,65.9235,127.259,49.255,54.715,9.835,0.14,0.9384,1.45,1.16416666666667,7.30291281060477,0
"111",2005,5,14,71.4695,83.122,31.08,32.79,6.11,0.19,0.94345,1.22,1.16416666666667,7.30291288671455,0
"112",2005,5,15,79.069,41.147,15.275,14.155,3.185,0.07,0.9457,1.065,1.16416666666667,7.30022626243949,0
"113",2005,5,16,88.082,7.429,2.705,1.115,0.685,0.01,0.952,1.08,1.16416666666667,7.05110054873706,0
"114",2005,5,17,98.503,0.368,0.005,0,0.165,0.005,0.95075,0.85,1.16416666666667,7.04613576075814,0
"115",2005,5,18,109.3985,0.299,0,0,0.175,-0.295,0.95055,0.79,1.16416666666667,7.04607957452306,0
"116",2005,5,19,120.7055,0.23,0,0,0.16,-0.325,0.94725,0.665,1.16416666666667,7.04604298122848,0
"117",2005,5,20,132.1545,0.368,0,0,0.29,-0.8,0.95145,0.61,1.16416666666667,7.04604474040072,0
"118",2005,5,21,143.3805,0.207,0,0,0.13,-0.885,0.94465,0.585,1.16416666666667,7.04608806414596,0
"119",2005,5,22,153.631,0.368,0,0,0.05,-0.695,0.9398,0.445,1.16416666666667,7.04616818884949,0
"120",2005,5,23,160.8385,0.46,0,0,0.17,-0.65,0.938,0.445,1.16416666666667,7.04628592973923,0
"121",2005,6,0,161.149,0.46,0,0,0.185,-0.71,0.93525,0.33,0.0423333333333333,7.0464319587296,0
"122",2005,6,1,154.322,0.322,0,0,0.205,-0.695,0.93915,0.005,0.0423333333333333,7.046591955403,0
"123",2005,6,2,144.2005,0.207,0,0,0.29,-0.955,0.96865,0,0.0423333333333333,7.04675018201842,0
"124",2005,6,3,133.009,0.184,0,0,0.295,-1.215,0.98105,0,0.0423333333333333,7.04689852545319,0
"125",2005,6,4,121.558,0.276,0,0,0.27,-1.49,0.96545,0,0.0423333333333333,7.04703222295656,0
"126",2005,6,5,110.223,0.322,0,0,0.3,-1.68,0.94585,0,0.0423333333333333,7.04714302976884,0
"127",2005,6,6,99.2775,0.299,0,0,0.3,-1.95,0.9132,0.215,0.0423333333333333,7.04722026958551,0
"128",2005,6,7,88.772,7.636,1.545,1.33,1.415,-2.13,0.9317,0.625,0.0423333333333333,7.04741546242077,0
"129",2005,6,8,79.6535,68.402,15.215,24.77,12.705,-3.045,0.92865,0.755,0.0423333333333333,7.26258227836491,0
"130",2005,6,9,71.906,177.491,40.74,69.3,32.705,-3.805,0.88215,0.8,0.0423333333333333,7.27130365909585,0
"131",2005,6,10,66.163,290.904,67.255,114.195,53.305,-4.27,0.8644,0.775,0.0423333333333333,7.27133068312583,0
"132",2005,6,11,63.0225,360.64,82.98,141.875,66.2,-4.695,0.8694,0.76,0.0423333333333333,7.27133034474372,0
"133",2005,6,12,62.89,527.919,125.88,213.255,97.26,-5.01,0.8542,0.73,0.0423333333333333,7.27133032270954,0
"134",2005,6,13,65.777,308.913,73.17,121.89,56.105,-5.205,0.8536,0.705,0.0423333333333333,7.27133040145954,0
"135",2005,6,14,71.3145,183.563,43.63,71.135,33.105,-5.15,0.84405,0.645,0.0423333333333333,7.27133072972219,0
"136",2005,6,15,78.9125,102.235,24.13,38.3,18.63,-5.68,0.8295,0.635,0.0423333333333333,7.27133037043873,0
"137",2005,6,16,87.9335,23.299,5.205,6.715,4.16,-5.995,0.8384,0.57,0.0423333333333333,7.22040401193341,0
"138",2005,6,17,98.3465,0.23,0.005,0,0.205,-5.955,0.85915,0.515,0.0423333333333333,7.15830104678934,0
"139",2005,6,18,109.2455,0.161,0,0,0.24,-6.07,0.83305,0.5,0.0423333333333333,7.15856717424442,0
"140",2005,6,19,120.5535,0.207,0,0,0.21,-6.27,0.8484,0.39,0.0423333333333333,7.15854681277882,0
"141",2005,6,20,132.002,0.299,0,0,0.22,-6.355,0.8529,0.42,0.0423333333333333,7.15855422611766,0
"142",2005,6,21,143.2245,0.253,0,0,0.195,-6.445,0.8516,0.43,0.0423333333333333,7.15860333479937,0
"143",2005,6,22,153.4715,0.23,0,0,0.125,-6.175,0.8635,0.355,0.0423333333333333,7.15868803728872,0
"144",2005,6,23,160.6905,0.322,0,0,0.21,-6.295,0.8581,0.16,0.0423333333333333,7.1588052326417,0
"145",2005,7,0,161.058,0.368,0,0,0.13,-6.165,0.855,0,0.0635,7.1589510284733,0
"146",2005,7,1,154.2935,0.46,0,0,0.185,-5.855,0.852,0,0.0635,7.15911406759599,0
"147",2005,7,2,144.2,0.46,0,0,0.185,-5.78,0.853,0,0.0635,7.15928426435235,0
"148",2005,7,3,133.021,0.46,0,0,0.1,-5.475,0.8582,0,0.0635,7.15944631031045,0
"149",2005,7,4,121.569,0.46,0,0,0.13,-5.305,0.85315,0.21,0.0635,7.15958894338924,0
"150",2005,7,5,110.2285,0.46,0,0,0.03,-4.905,0.85005,0.465,0.0635,7.15970243213015,0
"151",2005,7,6,99.274,0.46,0,0,0.105,-4.56,0.84465,0.475,0.0635,7.15977866376051,0
"152",2005,7,7,88.754,14.95,3.615,3.59,2.57,-4.445,0.8488,0.445,0.0635,7.16098762559117,0
"153",2005,7,8,79.614,111.09,27.745,41.37,19.095,-4.23,0.8493,0.525,0.0635,7.38353492878268,0
"154",2005,7,9,71.844,205.528,50.63,78.37,34.15,-3.805,0.84905,0.515,0.0635,7.3862343658165,0
"155",2005,7,10,66.074,292.491,72.845,115.135,49.165,-3.49,0.8438,0.545,0.0635,7.38623941568759,0
"156",2005,7,11,62.9085,364.918,91.265,144.425,60.84,-2.97,0.83505,0.53,0.0635,7.38623923718076,0
"157",2005,7,12,62.7505,299.023,74.89,116.415,49.14,-2.48,0.8335,0.405,0.0635,7.38623929265849,0
"158",2005,7,13,65.624,245.387,62.225,94.66,39.855,-2.22,0.836,0.325,0.0635,7.38623952830843,0
"159",2005,7,14,71.155,230.598,59.68,91.185,38.34,-1.99,0.84385,0.44,0.0635,7.38623932308785,0
"160",2005,7,15,78.751,170.476,45.145,67.005,28.51,-1.745,0.84545,0.425,0.0635,7.38623957202959,0
"161",2005,7,16,87.7445,36.202,9.64,11.395,5.875,-1.695,0.8714,0.5,0.0635,7.38459789992626,0
"162",2005,7,17,98.187,0.506,0,0,0.055,-1.65,0.89065,0.48,0.0635,7.27839989364189,0
"163",2005,7,18,109.0875,0.46,0,0,0,-1.555,0.90165,0.41,0.0635,7.27965347662584,0
"164",2005,7,19,120.398,0.46,0,0,0.045,-1.355,0.9143,0.135,0.0635,7.27966514538114,0
"165",2005,7,20,131.8455,0.46,0,0,0.055,-1.22,0.92195,0,0.0635,7.27967858141668,0
"166",2005,7,21,143.067,0.46,0,0,0.14,-1.205,0.93255,0,0.0635,7.27973492065502,0
"167",2005,7,22,153.309,0.368,0,0,0.05,-1.4,0.9565,0,0.0635,7.27983049748461,0
"168",2005,7,23,160.5365,0.161,0,0,0.055,-1.46,0.96795,0,0.0635,7.279953618287,0
"169",2005,8,0,160.9605,0,0,0,0.125,-1.595,0.9796,0.25,0.105833333333333,7.28009096271853,0
"170",2005,8,1,154.2565,0,0,0,0.215,-1.75,0.9841,0.355,0.105833333333333,7.28023644710898,0
"171",2005,8,2,144.1945,0,0,0,0.18,-1.79,0.9837,0.4,0.105833333333333,7.28038348808565,0
"172",2005,8,3,133.025,0.046,0,0,0.16,-1.805,0.97855,0.555,0.105833333333333,7.28052313889257,0
"173",2005,8,4,121.574,0.046,0,0,0.18,-1.94,0.96105,0.61,0.105833333333333,7.28064647474849,0
"174",2005,8,5,110.229,0.046,0,0,0.2,-2.105,0.94115,0.59,0.105833333333333,7.28074289746182,0
"175",2005,8,6,99.262,0.184,0.045,0,0.18,-2.295,0.92555,0.495,0.105833333333333,7.28080747517218,0
"176",2005,8,7,88.731,30.222,2.22,9.73,10.87,-2.335,0.91885,0.3,0.105833333333333,7.34240255728102,0
"177",2005,8,8,79.5695,162.449,12.055,64.815,58.34,-2.325,0.92165,0.315,0.105833333333333,7.51004926686827,0
"178",2005,8,9,71.777,322.391,23.485,130.35,113.1,-2.365,0.92195,0.34,0.105833333333333,7.5109715011906,0
"179",2005,8,10,65.98,542.363,42.585,228.105,190.8,-2.35,0.89925,0.335,0.105833333333333,7.51097171390736,0
"180",2005,8,11,62.7865,719.854,60.155,299.98,244.505,-2.1,0.8639,0.22,0.105833333333333,7.5109716353258,0
"181",2005,8,12,62.6055,711.229,56.09,283.075,230.405,-2.09,0.85695,0.22,0.105833333333333,7.51097171652673,0
"182",2005,8,13,65.4645,608.902,49.185,236.11,191.58,-1.93,0.85335,0.17,0.105833333333333,7.51097207023876,0
"183",2005,8,14,70.9875,485.3,43.46,191.15,152.76,-1.855,0.83885,0,0.105833333333333,7.51097167566178,0
"184",2005,8,15,78.5835,269.445,26.545,105.12,83.565,-1.905,0.8518,0,0.105833333333333,7.51097178802494,0
"185",2005,8,16,87.5905,49.381,5.49,15.755,14.145,-2.535,0.88545,0,0.105833333333333,7.51096062343146,0
"186",2005,8,17,98.0225,0.552,0.055,0,0.17,-3.295,0.93075,0.155,0.105833333333333,7.45349949069904,0
"187",2005,8,18,108.9275,0.276,0,0,0.07,-2.84,0.9151,0.175,0.105833333333333,7.45699077763487,0
"188",2005,8,19,120.2385,0.046,0,0,0,-2.795,0.91295,0.295,0.105833333333333,7.45707592494336,0
"189",2005,8,20,131.687,0,0,0,0.085,-2.735,0.9026,0.31,0.105833333333333,7.45709425046423,0
"190",2005,8,21,142.9055,0,0,0,0.065,-2.92,0.92545,0.31,0.105833333333333,7.45714821726,0
"191",2005,8,22,153.1405,0.046,0,0,0.015,-2.69,0.91385,0.395,0.105833333333333,7.45723709526062,0
"192",2005,8,23,160.3745,0.023,0,0,0,-2.2,0.88555,0.48,0.105833333333333,7.45735557034966,0
"193",2005,9,0,160.8525,0,0,0,0,-1.825,0.89855,0.57,0.0211666666666667,7.45749312641172,0
"194",2005,9,1,154.2115,0,0,0,0,-1.315,0.8883,0.69,0.0211666666666667,7.45764139548161,0
"195",2005,9,2,144.1825,0,0,0,0,-0.975,0.8889,0.76,0.0211666666666667,7.45779058002271,0
"196",2005,9,3,133.0245,0,0,0,0.01,-0.9,0.90605,0.825,0.0211666666666667,7.45792961756289,0
"197",2005,9,4,121.5735,0,0,0,0.005,-0.745,0.90905,0.81,0.0211666666666667,7.45804973676693,0
"198",2005,9,5,110.224,0,0,0,0,-0.385,0.919,0.785,0.0211666666666667,7.45814215532597,0
"199",2005,9,6,99.2465,0.207,0,0,0.025,0.21,0.91785,0.955,0.0211666666666667,7.45820246315085,0
"200",2005,9,7,88.7025,28.543,2.4,7.16,7.985,0.34,0.91175,1.28,0.0211666666666667,7.4974062225977,0
"201",2005,9,8,79.521,205.252,19.91,74.325,60.27,0.3,0.9154,1.42,0.0211666666666667,7.66393391518607,0
"202",2005,9,9,71.701,392.61,38.555,142.505,111.885,0.38,0.91905,1.365,0.0211666666666667,7.6647491973742,0
"203",2005,9,10,65.8775,506.529,61.505,206.685,154.955,0.495,0.9238,2.45,0.0211666666666667,7.66474754138856,0
"204",2005,9,11,62.656,598.253,98.585,266.995,178.875,0.98,0.91175,7.645,0.0211666666666667,7.66474744186901,0
"205",2005,9,12,62.454,547.515,163.3,334.355,182.145,1.415,0.901,8.41,0.0211666666666667,7.66474754444611,0
"206",2005,9,13,65.299,530.702,218.975,358.15,151.83,1.9,0.9038,6.69,0.0211666666666667,7.66474799455723,0
"207",2005,9,14,70.816,386.055,178.145,255.155,91.585,2.645,0.9047,6.825,0.0211666666666667,7.6647474673282,0
"208",2005,9,15,78.4125,208.61,98.85,129.135,45.71,3.115,0.9044,5.225,0.0211666666666667,7.66474754747329,0
"209",2005,9,16,87.43,29.601,12.38,12.465,4.86,2.4,0.92315,4.255,0.0211666666666667,7.65855492473031,0
"210",2005,9,17,97.86,0.23,0.09,0,0,2.345,0.92845,4.46,0.0211666666666667,7.57603091539467,0
"211",2005,9,18,108.765,0,0,0,0.03,2.37,0.9288,4.87,0.0211666666666667,7.57686331789261,0
"212",2005,9,19,120.078,0,0,0,0.01,2.09,0.9365,3.73,0.0211666666666667,7.5768709432172,0
"213",2005,9,20,131.5265,0,0,0,0,2.06,0.93225,2.755,0.0211666666666667,7.57689294036664,0
"214",2005,9,21,142.74,0,0,0,0.015,2.295,0.9284,4.005,0.0211666666666667,7.57695234407726,0
"215",2005,9,22,152.9695,0,0,0,0.025,2.11,0.9409,5.03,0.0211666666666667,7.57704562681139,0
"216",2005,9,23,160.207,0,0,0,0.18,1.39,0.96515,6.655,0.0211666666666667,7.5771670184894,0
"217",2005,10,0,160.737,0.023,0,0,0.025,1.07,0.9277,5.745,0.105833333333333,7.57730823837773,0
"218",2005,10,1,154.159,0,0,0,0.03,0.91,0.92395,6.56,0.105833333333333,7.57745944755051,0
"219",2005,10,2,144.162,0.023,0,0,0.045,0.81,0.92855,5.25,0.105833333333333,7.57760983875998,0
"220",2005,10,3,133.0165,0,0,0,0.085,0.56,0.92775,4.905,0.105833333333333,7.57774938376986,0
"221",2005,10,4,121.5675,0,0,0,0.09,0.395,0.91915,4.375,0.105833333333333,7.57786754480551,0
"222",2005,10,5,110.212,0,0,0,0.01,0.36,0.91375,4.525,0.105833333333333,7.57795684926441,0
"223",2005,10,6,99.2235,0,0,0,0.045,0.335,0.9108,3,0.105833333333333,7.57801105501726,0
"224",2005,10,7,88.6665,8.28,3.235,2.19,0.94,0.155,0.91105,2.045,0.105833333333333,7.57813957376342,0
"225",2005,10,8,79.4615,54.901,21.62,23.38,5.46,0.09,0.8989,2.63,0.105833333333333,7.69779604672555,0
"226",2005,10,9,71.6205,116.978,45.79,52.935,11.525,0.065,0.8856,2.41,0.105833333333333,7.70513237475775,0
"227",2005,10,10,65.7685,154.284,59.775,69.81,15.025,0.24,0.88775,2.185,0.105833333333333,7.70510256177642,0
"228",2005,10,11,62.52,220.869,84.855,100.96,21.56,0.245,0.8851,3.405,0.105833333333333,7.70510123783473,0
"229",2005,10,12,62.2965,192.257,73.59,86.73,18.24,0.28,0.9022,3.71,0.105833333333333,7.70510121861665,0
"230",2005,10,13,65.128,182.229,69.815,81.99,17.28,0.38,0.90655,4.44,0.105833333333333,7.70510124528642,0
"231",2005,10,14,70.6405,107.502,40.835,46.06,9.895,0.405,0.9246,4.54,0.105833333333333,7.70510120845032,0
"232",2005,10,15,78.238,57.178,22.1,23.01,5.215,0.485,0.93335,4.945,0.105833333333333,7.70509188898062,0
"233",2005,10,16,87.23,13.409,5.17,3.61,1.3,0.495,0.95125,6.13,0.105833333333333,7.57418455809521,0
"234",2005,10,17,97.6905,0.046,0,0,0,0.67,0.95985,3.45,0.105833333333333,7.56563036620467,0
"235",2005,10,18,108.6,0,0,0,0.01,0.625,0.9727,3.52,0.105833333333333,7.56573411477656,0
"236",2005,10,19,119.915,0.023,0,0,0.02,0.65,0.9818,5.11,0.105833333333333,7.56572533585614,0
"237",2005,10,20,131.3635,0,0,0,0,0.7,0.98355,5.915,0.105833333333333,7.56575190533846,0
"238",2005,10,21,142.572,0.115,0,0,0,0.93,0.9886,5.96,0.105833333333333,7.56581584712905,0
"239",2005,10,22,152.794,0.253,0,0,0.01,1.435,0.989,5.56,0.105833333333333,7.56591912450876,0
"240",2005,10,23,160.0335,0.253,0,0,0,1.755,0.98935,5.06,0.105833333333333,7.56605453296995,0
"241",2005,11,0,160.613,0.207,0,0,0,2.23,0.9903,4.335,0.931333333333333,7.56620761684868,0
"242",2005,11,1,154.0995,0.207,0,0,0.085,2.53,0.9908,3.42,0.931333333333333,7.56636909463775,0
"243",2005,11,2,144.1365,0.092,0,0,0.11,1.885,0.99025,3.04,0.931333333333333,7.56652619747069,0
"244",2005,11,3,133.003,0.069,0,0,0,1.9,0.99065,3.12,0.931333333333333,7.56666690165401,0
"245",2005,11,4,121.555,0.138,0,0,0,1.965,0.99095,3.02,0.931333333333333,7.56678592788654,0
"246",2005,11,5,110.1935,0.023,0,0,0.005,1.84,0.99155,3.205,0.931333333333333,7.56687376813376,0
"247",2005,11,6,99.1965,0.276,0,0,0,2.195,0.993,3.255,0.931333333333333,7.56692615062595,0
"248",2005,11,7,88.626,5.405,1.89,0.185,0.425,2.515,0.993,1.765,0.931333333333333,7.5669762414911,0
"249",2005,11,8,79.4,30.291,11.39,8.465,2.56,2.7,0.99205,2.03,0.931333333333333,7.5718866915206,0
"250",2005,11,9,71.53,122.015,44.275,48.68,9.81,2.025,0.9903,3.405,0.931333333333333,7.61650310686303,0
"251",2005,11,10,65.651,120.083,40.96,44.485,8.29,2.32,0.99045,3.14,0.931333333333333,7.61619678879598,0
"252",2005,11,11,62.376,119.968,42.665,46.345,8.59,2.5,0.989,2.55,0.931333333333333,7.61618466041654,0
"253",2005,11,12,62.132,151.478,55.8,61.045,11.59,2.915,0.9855,2.28,0.931333333333333,7.61618445472693,0
"254",2005,11,13,64.9505,140.714,49.725,55.365,10.29,3.42,0.98015,2.635,0.931333333333333,7.61618451745823,0
"255",2005,11,14,70.458,67.344,23.28,23.89,4.665,3.56,0.97875,3.06,0.931333333333333,7.61618404013474,0
"256",2005,11,15,78.058,73.646,26.845,28.175,5.655,3.77,0.97805,2.81,0.931333333333333,7.61617963622651,0
"257",2005,11,16,87.0645,5.842,1.925,0.205,0.37,3.725,0.9737,3.16,0.931333333333333,7.53003299851814,0
"258",2005,11,17,97.5175,0.184,0.01,0,0.025,3.485,0.97845,2.69,0.931333333333333,7.52521201273578,0
"259",2005,11,18,108.4325,0.23,0,0,0.04,3.635,0.98375,2.135,0.931333333333333,7.52533670789829,0
"260",2005,11,19,119.7505,0.138,0,0,0,3.475,0.9871,2.77,0.931333333333333,7.52533181711405,0
"261",2005,11,20,131.1965,0.069,0,0,0.01,3.77,0.9858,2.92,0.931333333333333,7.52536329439917,0
"262",2005,11,21,142.402,0.276,0,0,0,3.82,0.98315,2.55,0.931333333333333,7.52543402429827,0
"263",2005,11,22,152.615,0.207,0,0,0.115,4.285,0.9866,3.705,0.931333333333333,7.52554231419912,0
"264",2005,11,23,159.8535,0.046,0,0,0,4.615,0.98965,3.405,0.931333333333333,7.52567502065408,0
"265",2005,12,0,160.4815,0.414,0,0,0,5.67,0.9944,4.625,0.03175,7.52582733861482,0
"266",2005,12,1,154.0325,0.368,0,0,0,6.755,0.99715,4.105,0.03175,7.52599844072962,0
"267",2005,12,2,144.103,0.46,0,0,0,9.115,0.999166666666667,5.82,0.03175,7.52616710632038,0
"268",2005,12,3,132.9825,0.368,0,0,0.44,11.34,0.995121794871795,7.36,0.03175,7.52632216367073,0
"269",2005,12,4,121.537,0.23,0,0,0.255,11.98,0.991076923076923,4.705,0.03175,7.52644628486891,0
"270",2005,12,5,110.169,0.391,0,0,0.185,11.45,0.9909,2.95,0.03175,7.52653687422572,0
"271",2005,12,6,99.161,0.437,0.02,0,0.165,11.66,0.99485,4.805,0.03175,7.52658945565296,0
"272",2005,12,7,88.5785,18.193,7.345,5.79,1.475,13.15,0.9765,8.515,0.03175,7.52827121848428,0
"273",2005,12,8,79.3285,132.94,53.71,60.295,12.39,14.275,0.9426,10.57,0.03175,7.68225236492237,0
"274",2005,12,9,71.434,266.524,104.42,121.33,23.69,15.175,0.924,9.75,0.03175,7.68314342970163,0
"275",2005,12,10,65.528,694.508,268.54,329.15,72.44,16.585,0.89835,10.97,0.03175,7.68313504404153,0
"276",2005,12,11,62.225,343.367,128.835,152.95,31.415,17.03,0.87605,10.87,0.03175,7.68313478570725,0
"277",2005,12,12,61.9605,189.336,67.715,78.385,16.185,16.805,0.86285,8.925,0.03175,7.68313483899834,0
"278",2005,12,13,64.766,285.131,106.675,126.295,26.315,16.835,0.8686,7.825,0.03175,7.68313504649229,0
"279",2005,12,14,70.273,283.981,107.85,129,28.71,17.29,0.8394,9.335,0.03175,7.68313492661947,0
"280",2005,12,15,77.8735,149.845,57.495,65.95,15.24,17.275,0.82165,10.355,0.03175,7.68313485431454,0
"281",2005,12,16,86.8955,11.201,3.995,2.34,1.05,16.96,0.8225,9.55,0.03175,7.65205489443846,0
"282",2005,12,17,97.3425,0.506,0,0,0.05,16.485,0.8376,8.745,0.03175,7.64145961175216,0
"283",2005,12,18,108.261,0.414,0,0,0,16.225,0.8488,8.59,0.03175,7.6418897500051,0
"284",2005,12,19,119.583,0.414,0,0,0.035,15.935,0.8688,9.865,0.03175,7.64189467377933,0
"285",2005,12,20,131.0285,0.46,0,0,0.01,15.895,0.87835,10.32,0.03175,7.64193419401158,0
"286",2005,12,21,142.2275,0.46,0,0,0.02,16.305,0.8799,12.405,0.03175,7.6420172417402,0
"287",2005,12,22,152.4305,0.437,0,0,0.17,15.865,0.8958,11.72,0.03175,7.64213782766852,0
"288",2005,12,23,159.669,0.46,0,0,0,15.775,0.8877,12.335,0.03175,7.64228768718405,0
"289",2005,13,0,160.3425,0.391,0,0,1.62,13.16,0.94615,9.09,1.70391666666667,7.64245645086368,0
"290",2005,13,1,153.9565,0.46,0,0,0.08,11.705,0.99275,2.695,1.70391666666667,7.64263119763455,0
"291",2005,13,2,144.0635,0.46,0,0,0.15,11.545,0.99215,3.49,1.70391666666667,7.6428043119835,0
"292",2005,13,3,132.9555,0.437,0,0,1.275,9.615,0.98315,5.85,1.70391666666667,7.64295967017229,0
"293",2005,13,4,121.5125,0.46,0,0,0.2,7.675,0.9823,1.685,1.70391666666667,7.64308791816026,0
"294",2005,13,5,110.1385,0.391,0,0,0.32,7.34,0.9862,3.015,1.70391666666667,7.64317936090452,0
"295",2005,13,6,99.119,0.092,0,0,1.135,4.79,0.96495,7.585,1.70391666666667,7.64322500967406,0
"296",2005,13,7,88.526,5.221,1.58,0.53,0.715,2.83,0.9456,6.595,1.70391666666667,7.64325225214123,0
"297",2005,13,8,79.252,28.566,9.52,8.34,2.195,3.01,0.95105,6.75,1.70391666666667,7.63709411031182,0
"298",2005,13,9,71.331,48.944,16.45,16.025,3.68,2.19,0.9235,10.185,1.70391666666667,7.58063469859763,0
"299",2005,13,10,65.3975,61.502,21.12,20.55,3.88,1.49,0.93195,11.395,1.70391666666667,7.57797256896472,0
"300",2005,13,11,62.069,90.551,31.095,32.995,6.295,0.99,0.9217,11.005,1.70391666666667,7.57790037605767,0
"301",2005,13,12,61.7825,115.759,33.915,43.72,13.75,-0.065,0.97785,9.485,1.70391666666667,7.57789932350241,0
"302",2005,13,13,64.5785,111.826,19.395,42.09,26.825,-0.62,0.9959,11.42,1.70391666666667,7.57789931917438,0
"303",2005,13,14,70.081,82.317,9.19,29.03,24.43,-0.95,0.98785,11.47,1.70391666666667,7.57789926338296,0
"304",2005,13,15,77.688,78.131,6.275,29,27.38,-1.525,0.97165,11.21,1.70391666666667,7.57789914216685,0
"305",2005,13,16,86.687,28.681,2.935,10.335,11.47,-1.525,0.88805,11.22,1.70391666666667,7.551539427809,0
"306",2005,13,17,97.1645,0.69,0.025,0,0.435,-1.575,0.84105,11.13,1.70391666666667,7.51387343890411,0
"307",2005,13,18,108.0875,0.345,0,0,0.475,-2.15,0.85035,10.605,1.70391666666667,7.51514275433438,0
"308",2005,13,19,119.413,0.23,0,0,0.415,-3.18,0.8407,9.53,1.70391666666667,7.51516716396867,0
"309",2005,13,20,130.8575,0.023,0,0,0.37,-4.285,0.809,9.76,1.70391666666667,7.51520595789341,0
"310",2005,13,21,142.054,0.046,0,0,0.43,-5.505,0.8017,9.285,1.70391666666667,7.51527940680375,0
"311",2005,13,22,152.245,0,0,0,0.5,-7.255,0.76525,9.87,1.70391666666667,7.51538462214822,0
"312",2005,13,23,159.4795,0.023,0,0,0.61,-8.91,0.7628,10.4,1.70391666666667,7.51551378544451,0
"313",2005,14,0,160.1955,0.092,0,0,0.325,-10.295,0.77545,10.26,0,7.51566107000471,0
"314",2005,14,1,153.8735,0.023,0,0,0.275,-11.09,0.76425,10.965,0,7.51581376166885,0
"315",2005,14,2,144.017,0,0,0,0.17,-11.77,0.7478,10.475,0,7.51596002282177,0
"316",2005,14,3,132.924,0,0,0,0.225,-12.425,0.74975,9.72,0,7.51609105849279,0
"317",2005,14,4,121.482,0,0,0,0.16,-13.01,0.7583,8.71,0,7.51619828246339,0
"318",2005,14,5,110.1025,0,0,0,0.165,-13.605,0.77165,8.735,0,7.51627416088384,0
"319",2005,14,6,99.073,0.138,0.03,0,0.035,-13.845,0.7874,7.875,0,7.51631454642698,0
"320",2005,14,7,88.4655,53.084,7.37,18.645,20.49,-13.88,0.7756,8.15,0,7.68610505679152,0
"321",2005,14,8,79.167,330.556,47.045,148.5,124.72,-13.46,0.7616,6.59,0,7.70642467991,0
"322",2005,14,9,71.222,641.631,90.155,309.645,240.875,-12.705,0.7354,5.595,0,7.70647366552657,0
"323",2005,14,10,65.2595,889.87,125.08,443,332.695,-12.025,0.7362,6.2,0,7.70647255421182,0
"324",2005,14,11,61.904,997.694,138.57,501.84,371.855,-11.565,0.73175,5.67,0,7.70647253943264,0
"325",2005,14,12,61.598,1006.756,140.87,511.24,377.27,-10.93,0.69195,5.575,0,7.70647258321067,0
"326",2005,14,13,64.383,890.261,125.83,452.8,336.685,-10.455,0.67265,5.545,0,7.70647255253628,0
"327",2005,14,14,69.884,666.54,96.405,337.945,257.415,-10.095,0.68605,4.61,0,7.70647262282665,0
"328",2005,14,15,77.4945,368.736,53.395,182.36,148.98,-9.88,0.6326,3.995,0,7.70647287826069,0
"329",2005,14,16,86.513,74.773,8.55,31.255,31.235,-10.02,0.6295,4.065,0,7.70647262411381,0
"330",2005,14,17,96.9845,0.92,0.065,0,0.25,-10.53,0.68795,4.1,0,7.73691225185047,0
"331",2005,14,18,107.9135,0.299,0,0,0.005,-11.235,0.7423,5.505,0,7.75344148062414,0
"332",2005,14,19,119.2395,0.23,0,0,0,-11.47,0.7418,5.495,0,7.75377755852054,0
"333",2005,14,20,130.686,0.115,0,0,0.005,-11.26,0.73585,5.035,0,7.75382468777963,0
"334",2005,14,21,141.8755,0.115,0,0,0.01,-11.075,0.73205,5.47,0,7.75390435288127,0
"335",2005,14,22,152.054,0.299,0,0,0.005,-10.97,0.7283,5.8,0,7.75401950769154,0
"336",2005,14,23,159.2815,0.184,0,0,0.005,-10.99,0.7093,5.47,0,7.75416406390003,0
"337",2005,15,0,160.0395,0.345,0,0,0.01,-10.99,0.71565,5.46,0,7.75432518375256,0
"338",2005,15,1,153.7825,0.184,0,0,0.015,-10.9,0.7064,4.46,0,7.75449358686208,0
"339",2005,15,2,143.9625,0.161,0,0,0.005,-10.71,0.70375,3.965,0,7.75465050841805,0
"340",2005,15,3,132.883,0.138,0,0,0.02,-10.6,0.72795,4.51,0,7.7547896510213,0
"341",2005,15,4,121.445,0.092,0,0,0.03,-10.62,0.75045,4.955,0,7.7549012899519,0
"342",2005,15,5,110.0605,0.184,0,0,0.145,-10.82,0.78835,5.77,0,7.75497986538081,0
"343",2005,15,6,99.018,0.253,0,0,0.315,-11.53,0.7262,6.085,0,7.75501976142078,0
"344",2005,15,7,88.4,27.255,3.405,9.855,9.455,-12.13,0.67395,5.605,0,7.77018994562757,0
"345",2005,15,8,79.077,167.394,24.24,75.82,57.62,-12.08,0.65645,4.695,0,7.88075327294171,0
"346",2005,15,9,71.106,383.042,58.24,181.535,132.66,-12.135,0.62745,4.11,0,7.88094521045945,0
"347",2005,15,10,65.114,543.996,80.875,259.185,189.31,-11.52,0.5838,4.385,0,7.88093623583291,0
"348",2005,15,11,61.734,881.82,137.11,442.83,319.14,-10.885,0.59925,5.185,0,7.88093605960021,0
"349",2005,15,12,61.406,629.119,92.59,297.13,215.595,-10.68,0.5931,5.125,0,7.88093617721143,0
"350",2005,15,13,64.1815,480.079,68.81,222.555,162.71,-10.215,0.6261,4.155,0,7.88093666903825,0
"351",2005,15,14,69.6825,464.554,70.62,223.175,162.64,-9.505,0.5312,4.36,0,7.8809360795447,0
"352",2005,15,15,77.299,335.547,51.685,163.565,126.56,-9.34,0.51745,4.77,0,7.88093615396997,0
"353",2005,15,16,86.3355,57.776,8.305,23.82,20.465,-9.705,0.5947,4.475,0,7.88093569312197,0
"354",2005,15,17,96.802,0.667,0.085,0,0.215,-9.755,0.6497,5.425,0,7.89213159486842,0
"355",2005,15,18,107.7355,0.023,0,0,0.06,-9.895,0.6771,5.475,0,7.90165606679353,0
"356",2005,15,19,119.066,0.046,0,0,0.01,-9.805,0.68675,4.825,0,7.90185683738994,0
"357",2005,15,20,130.5105,0.023,0,0,0.055,-9.82,0.70895,5.41,0,7.90190211631653,0
"358",2005,15,21,141.694,0,0,0,0.04,-9.835,0.71305,5.355,0,7.9019815739091,0
"359",2005,15,22,151.8595,0,0,0,0.04,-9.815,0.71025,5.4,0,7.90209252549155,0
"360",2005,15,23,159.08,0,0,0,0.075,-9.885,0.67065,4.995,0,7.90222784723269,0
"361",2005,16,0,159.8765,0,0,0,0.095,-10.245,0.6645,5.76,0,7.90237829834849,0
"362",2005,16,1,153.684,0.023,0,0,0.265,-10.69,0.69205,8.055,0,7.90253388080351,0
"363",2005,16,2,143.9015,0,0,0,0.275,-11.46,0.82865,8.89,0,7.90268358856537,0
"364",2005,16,3,132.839,0.069,0,0,0.215,-11.925,0.8669,8.805,0,7.90281800497757,0
"365",2005,16,4,121.402,0.046,0,0,0.26,-12.55,0.8578,8.265,0,7.90292728615713,0
"366",2005,16,5,110.0125,0.138,0,0,0.195,-13.15,0.83855,8.07,0,7.90300355052,0
"367",2005,16,6,98.9605,0.391,0.05,0,0.085,-13.49,0.82275,7.68,0,7.90304283095514,0
"368",2005,16,7,88.3275,36.57,4.255,14.08,13.51,-13.53,0.7942,7.565,0,7.97429255493259,0
"369",2005,16,8,78.982,260.521,34.58,125.635,101.32,-13.365,0.75325,8.03,0,8.0280881559157,0
"370",2005,16,9,70.9825,586.477,74.605,287.475,231.31,-13.23,0.7053,9.045,0,8.02811058692165,0
"371",2005,16,10,64.963,901.071,114.49,458.815,357.985,-13.155,0.67435,9.02,0,8.02810556168721,0
"372",2005,16,11,61.5545,1035.736,132.205,535.73,411.27,-12.895,0.6877,8.41,0,8.02810555308362,0
"373",2005,16,12,61.2085,1047.696,133.605,543.99,416.77,-12.165,0.619,8.44,0,8.02810547938849,0
"374",2005,16,13,63.976,933.869,119.12,483.985,374.275,-11.785,0.5836,8.725,0,8.02810554673771,0
"375",2005,16,14,69.477,704.49,90.655,361.9,287.61,-11.685,0.6123,8.205,0,8.02810579392842,0
"376",2005,16,15,77.1,399.004,50.975,198.56,170.475,-11.3,0.58635,7.465,0,8.02810557415469,0
"377",2005,16,16,86.116,96.646,8.95,41.88,47.635,-11.785,0.60925,6.4,0,8.02810572758426,0
"378",2005,16,17,96.6165,1.357,0.075,0.015,0.445,-12.78,0.63405,4.64,0,8.0615024142268,0
"379",2005,16,18,107.5555,0.299,0,0,0,-13.35,0.63885,3.925,0,8.08496391655127,0
"380",2005,16,19,118.889,0.207,0,0,0,-13.45,0.6574,3.34,0,8.08545895904056,0
"381",2005,16,20,130.335,0.023,0,0,0,-13.785,0.6552,3.27,0,8.08551351360798,0
"382",2005,16,21,141.5105,0.322,0,0,0,-14.375,0.6941,3.505,0,8.08559994195759,0
"383",2005,16,22,151.6615,0.276,0,0,0,-15.25,0.74675,3.37,0,8.08572603547578,0
"384",2005,16,23,158.8725,0.138,0,0,0,-15.415,0.7575,3.565,0,8.08587579685071,0
"385",2005,17,0,159.7065,0.299,0,0,0,-15.09,0.75435,3.205,0,8.08603924355325,0
"386",2005,17,1,153.5765,0.23,0,0,0,-15.245,0.752,3.365,0,8.08621109016042,0
"387",2005,17,2,143.834,0.253,0,0,0,-15.59,0.7683,3.215,0,8.08637397174731,0
"388",2005,17,3,132.787,0.322,0,0,0,-15.81,0.77685,3.2,0,8.08652064966732,0
"389",2005,17,4,121.3525,0.184,0,0,0,-15.935,0.78095,3.345,0,8.08663713799771,0
"390",2005,17,5,109.959,0.253,0,0,0,-16.15,0.78435,3.85,0,8.08671548300187,0
"391",2005,17,6,98.895,0.46,0.095,0,0.01,-16.705,0.7998,4.4,0,8.08675364855433,0
"392",2005,17,7,88.2125,59.455,9.38,23.205,23.83,-17,0.80915,3.715,0,8.22804191261694,0
"393",2005,17,8,78.8775,350.98,54.09,165.595,135.505,-16.16,0.80445,3.39,0,8.23815583932173,0
"394",2005,17,9,70.8525,666.149,98.675,335.945,257.51,-14.655,0.72765,4.06,0,8.238142477122,0
"395",2005,17,10,64.8045,910.984,130.065,468.395,348.36,-13.44,0.65335,3.845,0,8.2381411924601,0
"396",2005,17,11,61.3705,1046.937,146.9,542.03,399.015,-12.23,0.5906,4.07,0,8.23814114984645,0
"397",2005,17,12,61.005,1057.655,147.1,548.495,404.455,-11.295,0.5555,4.58,0,8.23814116351302,0
"398",2005,17,13,63.765,945.323,130.45,488.99,365.33,-10.67,0.52575,5.94,0,8.23814118757386,0
"399",2005,17,14,69.267,717.347,100.255,367.925,282.855,-10.34,0.5285,5.89,0,8.23814125845338,0
"400",2005,17,15,76.8955,408.25,56.45,202.645,169,-10.39,0.5623,5.905,0,8.23814150874352,0
"401",2005,17,16,85.9335,102.12,10.87,44.675,48.63,-10.985,0.6125,5.1,0,8.23814124662157,0
"402",2005,17,17,96.428,1.265,0.13,0.03,0.465,-12.215,0.68185,3.455,0,8.26845931419496,0
"403",2005,17,18,107.375,0.276,0,0,0,-12.82,0.6813,3.67,0,8.29222884210964,0
"404",2005,17,19,118.711,0.368,0,0,0,-13.49,0.6952,3.4,0,8.29274795038836,0
"405",2005,17,20,130.156,0.437,0,0,0.01,-14.045,0.71775,3.805,0,8.29281008511282,0
"406",2005,17,21,141.325,0.414,0,0,0,-15.005,0.74935,3.245,0,8.29290877643258,0
"407",2005,17,22,151.4615,0.414,0,0,0,-15.715,0.75435,3.18,0,8.29304373774086,0
"408",2005,17,23,158.6595,0.391,0,0,0,-16.28,0.75795,3.245,0,8.29320581436366,0
"409",2005,18,0,159.5295,0.253,0,0,0.005,-16.82,0.76125,3.085,0,8.29338022435298,0
"410",2005,18,1,153.4625,0.253,0,0,0,-17.255,0.7602,2.235,0,8.29355364754586,0
"411",2005,18,2,143.7585,0.276,0,0,0,-17.59,0.7879,0.68,0,8.29371982823682,0
"412",2005,18,3,132.7275,0.299,0,0,0,-17.45,0.7749,0.23,0,8.29386718657365,0
"413",2005,18,4,121.2965,0.345,0,0,0,-17.47,0.7867,0.805,0,8.29398596449696,0
"414",2005,18,5,109.8975,0.368,0,0,0,-17.705,0.81955,1.525,0,8.29406682129463,0
"415",2005,18,6,98.823,0.483,0.09,0,0.015,-17.54,0.7955,3.42,0,8.29410382164156,0
"416",2005,18,7,88.1315,63.825,9.725,23.42,23.585,-17.15,0.78095,3.705,0,8.42669234131276,0
"417",2005,18,8,78.7675,370.484,53.99,167.96,135.495,-15.47,0.7757,4.425,0,8.43381999199154,0
"418",2005,18,9,70.7155,638.411,90.245,312.955,237.89,-13.305,0.76465,6.21,0,8.43379452419348,0
"419",2005,18,10,64.64,919.793,126.815,462.2,342.24,-11.46,0.6695,6.57,0,8.43379330619842,0
"420",2005,18,11,61.1785,1027.686,138.49,517.745,380.27,-10.74,0.65545,8.2,0,8.43379329434915,0
"421",2005,18,12,60.7955,1057.563,142.775,532.965,391.135,-9.795,0.64335,9.165,0,8.4337932937998,0
"422",2005,18,13,63.547,944.357,127.665,473.32,350.695,-8.96,0.63925,8.72,0,8.43379327989418,0
"423",2005,18,14,69.0515,626.681,87.43,307.485,232.57,-8.35,0.66115,8.835,0,8.43379329332402,0
"424",2005,18,15,76.6895,338.1,50.29,162.825,125.765,-7.975,0.6523,9.755,0,8.43379332283059,0
"425",2005,18,16,85.709,71.507,11.205,32.28,26.485,-7.78,0.68115,8.78,0,8.43379326280453,0
"426",2005,18,17,96.2385,0.897,0.05,0,0.26,-7.705,0.72595,8.32,0,8.44925102144325,0
"427",2005,18,18,107.193,0.023,0,0,0,-7.165,0.7254,9.79,0,8.46220433638098,0
"428",2005,18,19,118.532,0.092,0,0,0,-6.45,0.7038,10.865,0,8.4625032328905,0
"429",2005,18,20,129.9755,0.276,0,0,0,-5.94,0.6786,12.18,0,8.46256084877801,0
"430",2005,18,21,141.138,0.368,0,0,0,-5.47,0.6782,13.215,0,8.46265881491242,0
"431",2005,18,22,151.257,0.391,0,0,0,-4.895,0.6744,12.76,0,8.46279567163612,0
"432",2005,18,23,158.4435,0.345,0,0,0,-4.45,0.69565,11.805,0,8.4629585463142,0
"433",2005,19,0,159.3435,0.253,0,0,0.05,-3.73,0.7087,11.525,0,8.46313420743535,0
"434",2005,19,1,153.3405,0.345,0,0,0.025,-3.145,0.70985,10.615,0,8.4633120484566,0
"435",2005,19,2,143.6765,0.345,0,0,0.01,-2.35,0.71855,9.905,0,8.46348332144076,0
"436",2005,19,3,132.6625,0.391,0,0,0.01,-2.015,0.73875,9.44,0,8.46363493031077,0
"437",2005,19,4,121.2345,0.322,0,0,0,-1.495,0.75625,9.125,0,8.46375470562653,0
"438",2005,19,5,109.8315,0.253,0,0,0,-0.445,0.76725,8.42,0,8.46383259714387,0
"439",2005,19,6,98.744,0.276,0,0,0,0.19,0.80315,7.2,0,8.46386539700893,0
"440",2005,19,7,88.042,11.776,1.78,2.165,3.19,0.965,0.82455,7.39,0,8.46386083105464,0
"441",2005,19,8,78.6515,82.938,13,32.495,24.54,1.255,0.8453,6.945,0,8.50414779462449,0
"442",2005,19,9,70.572,154.33,26.28,63.81,43.14,1.46,0.86165,6.555,0,8.50307161020366,0
"443",2005,19,10,64.467,209.07,40.735,88.05,53.21,1.805,0.8429,7.28,0,8.50302492973878,0
"444",2005,19,11,60.981,396.129,97.285,179.79,89.785,1.545,0.80345,8.19,0,8.5030241629426,0
"445",2005,19,12,60.5805,260.751,67.275,112.76,51.89,0.675,0.82125,8.345,0,8.50302417959017,0
"446",2005,19,13,63.325,227.654,61.605,99.355,43.67,-0.21,0.83005,9.025,0,8.503024107863,0
"447",2005,19,14,68.8325,246.583,69.74,110.885,47.395,-0.86,0.83245,8.375,0,8.50302412177053,0
"448",2005,19,15,76.4785,134.849,38.37,59.44,26.195,-1.2,0.834,7.21,0,8.50302414908271,0
"449",2005,19,16,85.522,32.637,9.005,11.56,6.44,-1.515,0.82715,7.18,0,8.49880710249233,0
"450",2005,19,17,96.047,0.437,0.035,0,0.31,-2.045,0.83335,8.06,0,8.44333385493323,0
"451",2005,19,18,107.007,0.023,0,0,0.17,-2.3,0.8212,6.4,0,8.44501566242973,0
"452",2005,19,19,118.3505,0.184,0,0,0.225,-2.83,0.82525,5.57,0,8.44506433746627,0
"453",2005,19,20,129.794,0.069,0,0,0.1,-2.98,0.8381,4.875,0,8.44511850040415,0
"454",2005,19,21,140.946,0.115,0,0,0.145,-3.045,0.84295,4.085,0,8.44521002085429,0
"455",2005,19,22,151.0495,0.207,0,0,0.105,-3.19,0.8507,2.95,0,8.44533714231764,0
"456",2005,19,23,158.2195,0.138,0,0,0.09,-3.2,0.8672,1.91,0,8.44549051503151,0
"457",2005,20,0,159.151,0.092,0,0,0.13,-3.2,0.87305,1.595,0,8.44565498939812,0
"458",2005,20,1,153.2105,0.115,0,0,0.19,-3.185,0.862,0.825,0,8.44582129953783,0
"459",2005,20,2,143.5855,0.046,0,0,0.215,-3.145,0.8514,0.405,0,8.44597859199091,0
"460",2005,20,3,132.5885,0.069,0,0,0.19,-3.145,0.86285,0.965,0,8.44611497585981,0
"461",2005,20,4,121.166,0.115,0,0,0.195,-3.16,0.87875,1.545,0,8.44622365558732,0
"462",2005,20,5,109.759,0.069,0,0,0.2,-3.075,0.89065,1.89,0,8.44629594695703,0
"463",2005,20,6,98.6595,0.23,0,0,0.15,-3.01,0.89475,3.14,0,8.44632666957584,0
"464",2005,20,7,87.9455,17.986,4.585,5.38,3.335,-2.915,0.90355,3.825,0,8.4465187520094,0
"465",2005,20,8,78.5295,95.565,25.63,39.88,18.26,-2.64,0.90445,4.515,0,8.49713038219885,0
"466",2005,20,9,70.4225,200.951,54.23,87.625,38.33,-2.23,0.8932,5.395,0,8.49642050975327,0
"467",2005,20,10,64.288,403.466,114.13,184.14,77.145,-1.585,0.8692,4.795,0,8.49639110460386,0
"468",2005,20,11,60.7765,347.645,96.975,153.615,63.28,-1.15,0.8634,4.07,0,8.49639061772113,0
"469",2005,20,12,60.3585,353.533,101.76,157.06,62.07,-0.71,0.86285,4.305,0,8.49639075235372,0
"470",2005,20,13,63.097,272.182,79.66,118.505,45.165,-0.38,0.87815,4.71,0,8.49639129978348,0
"471",2005,20,14,68.6085,163.576,46.81,67.73,26.13,-0.425,0.88815,4.97,0,8.49639062975789,0
"472",2005,20,15,76.265,71.484,20.475,27.015,11.105,-0.59,0.8953,4.965,0,8.49639052900094,0
"473",2005,20,16,85.3305,16.951,4.93,4.28,2.84,-0.65,0.9,3.95,0,8.4265069308136,0
"474",2005,20,17,95.853,0.437,0.155,0,0.105,-0.625,0.9017,3.54,0,8.41841976954643,0
"475",2005,20,18,106.8205,0.046,0,0,0.11,-0.865,0.93755,4.45,0,8.41874851527239,0
"476",2005,20,19,118.169,0.023,0,0,0.395,-1.52,0.95515,5.74,0,8.41876925828404,0
"477",2005,20,20,129.608,0.046,0,0,0.495,-3.05,0.92765,7.945,0,8.41882315879921,0
"478",2005,20,21,140.753,0.092,0,0,0.295,-3.835,0.89505,7.745,0,8.41891604168718,0
"479",2005,20,22,150.8395,0.023,0,0,0.28,-4.235,0.88905,7.56,0,8.41904146190525,0
"480",2005,20,23,157.9915,0.115,0,0,0.33,-4.81,0.8847,8.08,0,8.41918923029193,0
"481",2005,21,0,158.95,0.161,0,0,0.12,-5.33,0.88025,6.24,0,8.4193551697697,0
"482",2005,21,1,153.0725,0.046,0,0,0.24,-5.395,0.8688,6.695,0,8.41952159481012,0
"483",2005,21,2,143.4885,0,0,0,0.255,-6.2,0.8751,6.275,0,8.41967470179725,0
"484",2005,21,3,132.51,0,0,0,0.05,-6.705,0.87075,5.45,0,8.41980730843303,0
"485",2005,21,4,121.0915,0,0,0,0.015,-7.1,0.8761,6.245,0,8.41991110228775,0
"486",2005,21,5,109.6785,0,0,0,0.015,-7.375,0.8736,6.12,0,8.41997906981581,0
"487",2005,21,6,98.5695,0.276,0.125,0,0.185,-7.615,0.84115,6.25,0,8.42000772049502,0
"488",2005,21,7,87.845,63.089,16.9,25.24,16.64,-8.025,0.79275,7.075,0,8.53392332213463,0
"489",2005,21,8,78.3995,329.843,85.69,148.1,82.035,-7.98,0.7532,7.87,0,8.53970560690409,0
"490",2005,21,9,70.2665,675.165,177.14,322.805,164.7,-7.365,0.70645,8.32,0,8.53966309039638,0
"491",2005,21,10,64.1035,919.862,244.915,450.7,217.825,-6.5,0.66005,8.45,0,8.53966167756594,0
"492",2005,21,11,60.565,943.644,255.82,463.535,216.42,-5.565,0.6648,7.555,0,8.53966166033335,0
"493",2005,21,12,60.13,611.294,160.225,284.835,133.465,-5.255,0.67065,6.93,0,8.53966167109953,0
"494",2005,21,13,62.8645,643.954,172.745,302.12,140.605,-4.57,0.66485,6.625,0,8.53966164503628,0
"495",2005,21,14,68.38,370.921,100.955,171.62,79.105,-4.14,0.65765,5.785,0,8.53966165427074,0
"496",2005,21,15,76.049,155.02,41.575,68.325,32.49,-4.04,0.6751,6.82,0,8.53966166709172,0
"497",2005,21,16,85.1355,37.513,10.115,13.87,8.16,-4.14,0.67615,7.73,0,8.53894336691011,0
"498",2005,21,17,95.62,0.828,0.105,0,0.235,-4.435,0.70375,6.955,0,8.49964246741769,0
"499",2005,21,18,106.633,0.138,0,0,0.175,-4.64,0.7157,8.365,0,8.50254639295584,0
"500",2005,21,19,117.9835,0.23,0,0,0.205,-4.925,0.73855,8.265,0,8.50262382559956,0
"501",2005,21,20,129.423,0.115,0,0,0.045,-4.92,0.76375,6.49,0,8.50268312876376,0
"502",2005,21,21,140.559,0.115,0,0,0.045,-4.76,0.7745,8.4,0,8.50277913152611,0
"503",2005,21,22,150.625,0.138,0,0,0.04,-4.64,0.79875,7.495,0,8.50290838742932,0
"504",2005,21,23,157.759,0.138,0,0,0,-4.17,0.81945,5.215,0,8.50306203969223,0
"505",2005,22,0,158.7445,0.161,0,0,0,-3.18,0.78775,4.23,0.105833333333333,8.50322976480606,0
"506",2005,22,1,152.9265,0.207,0,0,0.15,-3.18,0.87285,4.005,0.105833333333333,8.50340085559849,0
"507",2005,22,2,143.385,0.276,0,0,0.07,-3.065,0.9659,3.685,0.105833333333333,8.50356519586651,0
"508",2005,22,3,132.424,0.368,0,0,0.035,-2.64,0.97805,3.71,0.105833333333333,8.50371179867139,0
"509",2005,22,4,121.0105,0.46,0,0,0,-2.11,0.97905,5.605,0.105833333333333,8.50382968784174,0
"510",2005,22,5,109.5945,0.391,0,0,0.005,-1.235,0.90995,9.835,0.105833333333333,8.50390643482064,0
"511",2005,22,6,98.4725,0.253,0,0,0.195,-1.25,0.85415,11.715,0.105833333333333,8.50393480704561,0
"512",2005,22,7,87.6995,6.693,0.5,0.405,2.46,-2.395,0.86975,12.095,0.105833333333333,8.50390148857286,0
"513",2005,22,8,78.2635,105.823,15.57,46.44,35.315,-6.81,0.9053,15.645,0.105833333333333,8.53804011950973,0
"514",2005,22,9,70.104,321.356,49.635,150.025,107.86,-9.475,0.87505,15.66,0.105833333333333,8.53671926408967,0
"515",2005,22,10,63.9125,560.786,92.01,268.915,187.63,-10.835,0.86045,15.655,0.105833333333333,8.53667451495201,0
"516",2005,22,11,60.347,702.88,120.265,340.285,231.615,-11.58,0.83675,16.34,0.105833333333333,8.53667384156439,0
"517",2005,22,12,59.897,589.49,95.345,277.62,192.89,-11.245,0.8641,14.945,0.105833333333333,8.53667375226122,0
"518",2005,22,13,62.628,652.809,108.305,316.025,221.6,-9.895,0.8675,14.135,0.105833333333333,8.53667378576803,0
"519",2005,22,14,68.1485,474.743,81.15,227.425,161.18,-7.555,0.867,12.795,0.105833333333333,8.53667389028722,0
"520",2005,22,15,75.829,250.7,40.555,119.695,88.275,-5.755,0.8638,13.295,0.105833333333333,8.53667425921494,0
"521",2005,22,16,84.937,110.975,18.51,52.575,44.56,-6.095,0.7767,13.215,0.105833333333333,8.53667379489169,0
"522",2005,22,17,95.4265,2.507,0.24,0.23,1.37,-7.1,0.85135,13.545,0.105833333333333,8.56828343946595,0
"523",2005,22,18,106.4425,0.115,0,0,0.28,-8,0.7957,13.425,0.105833333333333,8.59570726832537,0
"524",2005,22,19,117.7985,0.023,0,0,0.235,-8.75,0.7317,12.44,0.105833333333333,8.59631010463966,0
"525",2005,22,20,129.235,0.023,0,0,0.05,-9.11,0.70075,11.85,0.105833333333333,8.59637441331028,0
"526",2005,22,21,140.3625,0.023,0,0,0.06,-9.305,0.69325,10.81,0.105833333333333,8.59646783480825,0
"527",2005,22,22,150.408,0.023,0,0,0.025,-9.585,0.71585,9.825,0.105833333333333,8.59659280448293,0
"528",2005,22,23,157.521,0.069,0,0,0.03,-9.955,0.72775,8.92,0.105833333333333,8.5967415317711,0
"529",2005,23,0,158.5305,0,0,0,0.09,-10.47,0.7367,7.295,0,8.59690436475872,0
"530",2005,23,1,152.773,0.023,0,0,0.05,-11.25,0.75345,5.99,0,8.59706660653033,0
"531",2005,23,2,143.274,0,0,0,0,-11.81,0.77145,5.41,0,8.59722060733756,0
"532",2005,23,3,132.3335,0.023,0,0,0,-12.38,0.78635,5.255,0,8.59735389626728,0
"533",2005,23,4,120.923,0.092,0,0,0.015,-12.875,0.76425,5.735,0,8.59745962052732,0
"534",2005,23,5,109.5015,0.138,0,0,0.085,-13.775,0.78015,4.93,0,8.59752954146385,0
"535",2005,23,6,98.3685,0.552,0.095,0,0.07,-14.28,0.78615,3.085,0,8.59755907730785,0
"536",2005,23,7,87.587,80.684,16.88,35.765,29.9,-14.44,0.7774,2.72,0,8.7156112003529,0
"537",2005,23,8,78.1215,341.205,66.47,162.725,117.085,-13.19,0.7513,3.555,0,8.7183567718076,0
"538",2005,23,9,69.9345,659.663,123.81,330.935,223.675,-11.965,0.71875,2.95,0,8.71832430178074,0
"539",2005,23,10,63.7125,948.612,180.38,488.73,316.425,-9.91,0.69025,1.405,0,8.71832338218452,0
"540",2005,23,11,60.124,1079.988,211.955,560.745,353.215,-7.54,0.6622,0.9,0,8.71832340025854,0
"541",2005,23,12,59.657,1089.901,221.535,564.36,347.385,-6.6,0.67935,1.245,0,8.71832336148324,0
"542",2005,23,13,62.3835,976.695,206.55,500.85,304.17,-6.655,0.7274,2.47,0,8.71832337261258,0
"543",2005,23,14,67.9145,746.81,162.525,378.125,232.43,-5.71,0.7084,2.525,0,8.71832339105564,0
"544",2005,23,15,75.6065,332.465,71.945,161.2,102.675,-5.56,0.70905,3.045,0,8.71832343942429,0
"545",2005,23,16,84.738,49.312,9.7,18.205,13.08,-5.6,0.7109,3.335,0,8.718318513866,0
"546",2005,23,17,95.1925,1.334,0.205,0,0.28,-5.445,0.7243,3.815,0,8.70574541642609,0
"547",2005,23,18,106.2515,0.207,0,0,0,-5.41,0.75535,4.54,0,8.71172651137973,0
"548",2005,23,19,117.6115,0,0,0,0,-6.06,0.8001,4.31,0,8.71187730757407,0
"549",2005,23,20,129.046,0.138,0,0,0.045,-6.155,0.82,5.24,0,8.71193747003884,0
"550",2005,23,21,140.163,0.023,0,0,0.015,-5.83,0.77945,6.435,0,8.71203525030193,0
"551",2005,23,22,150.1895,0.092,0,0,0,-5.615,0.7753,6.79,0,8.71216360040034,0
"552",2005,23,23,157.2785,0.115,0,0,0.03,-5.46,0.77765,7.16,0,8.71231796275359,0
"553",2005,24,0,158.3105,0.069,0,0,0.025,-5.71,0.80855,5.615,0.0105833333333333,8.71248483479218,0
"554",2005,24,1,152.6115,0.138,0,0,0,-5.435,0.80395,6.465,0.0105833333333333,8.71265328723116,0
"555",2005,24,2,143.155,0.161,0,0,0,-4.76,0.76515,7.35,0.0105833333333333,8.71281463923553,0
"556",2005,24,3,132.2325,0.253,0,0,0,-4.52,0.7521,7.915,0.0105833333333333,8.71295665778313,0
"557",2005,24,4,120.8295,0.161,0,0,0,-4.265,0.75055,7.92,0.0105833333333333,8.71306751280778,0
"558",2005,24,5,109.4025,0.23,0,0,0.03,-4.135,0.7381,8.18,0.0105833333333333,8.71313820033378,0
"559",2005,24,6,98.26,0.368,0.02,0,0.145,-4.465,0.734,7.28,0.0105833333333333,8.71316569269631,0
"560",2005,24,7,87.4685,53.498,9.68,16.65,13.745,-4.945,0.75175,7.175,0.0105833333333333,8.79182132737389,0
"561",2005,24,8,77.9755,362.963,72.69,158.18,108.665,-4.085,0.72535,8.3,0.0105833333333333,8.79773415067567,0
"562",2005,24,9,69.7575,678.822,135.655,323.29,199.16,-2.67,0.6765,10.095,0.0105833333333333,8.79764053691205,0
"563",2005,24,10,63.5085,919.126,190.035,448.11,261.205,-1.255,0.658,10.245,0.0105833333333333,8.79763810182813,0
"564",2005,24,11,59.894,1044.292,238.32,514.18,275.17,0.055,0.6383,8.905,0.0105833333333333,8.79763805685797,0
"565",2005,24,12,59.4125,971.773,261.195,477.715,217.2,1.06,0.63115,7.405,0.0105833333333333,8.79763811375398,0
"566",2005,24,13,62.139,895.068,275.065,435.91,168.625,2.055,0.61505,6.445,0.0105833333333333,8.79763831973585,0
"567",2005,24,14,67.676,732.665,241.09,352.445,126.235,2.92,0.61755,5.285,0.0105833333333333,8.79763821379807,0
"568",2005,24,15,75.382,385.181,129.535,179.815,66.195,3.23,0.6511,4.25,0.0105833333333333,8.79763809202175,0
"569",2005,24,16,84.5335,107.134,36.785,45.875,20.405,2.325,0.74815,3.26,0.0105833333333333,8.79763815190325,0
"570",2005,24,17,94.995,3.68,1.46,0.8,0.895,1.485,0.8017,3.49,0.0105833333333333,8.82420479604673,0
"571",2005,24,18,106.058,0.092,0,0,0,0.995,0.81825,3.205,0.0105833333333333,8.84965676226681,0
"572",2005,24,19,117.4225,0.115,0,0,0,0.63,0.8448,3,0.0105833333333333,8.85024578655596,0
"573",2005,24,20,128.855,0.138,0,0,0,0.455,0.8353,3.435,0.0105833333333333,8.85031565521494,0
"574",2005,24,21,139.9605,0.115,0,0,0,0.015,0.85145,2.82,0.0105833333333333,8.8504165582582,0
"575",2005,24,22,149.964,0.345,0,0,0,-0.305,0.85185,3.62,0.0105833333333333,8.85055376743107,0
"576",2005,24,23,157.0315,0.23,0,0,0,-0.48,0.84965,2.54,0.0105833333333333,8.85072000469519,0
"577",2005,25,0,158.083,0.322,0,0,0,-0.745,0.8581,1.165,0.0105833333333333,8.85089847539269,0
"578",2005,25,1,152.444,0.437,0,0,0,-1.02,0.8662,1.3,0.0105833333333333,8.8510843272996,0
"579",2005,25,2,143.0295,0.46,0,0,0,-1.15,0.83955,1.385,0.0105833333333333,8.8512631375084,0
"580",2005,25,3,132.127,0.46,0,0,0,-1.585,0.8327,2.34,0.0105833333333333,8.85141844101844,0
"581",2005,25,4,120.7295,0.414,0,0,0,-1.855,0.82375,2.295,0.0105833333333333,8.85153764125875,0
"582",2005,25,5,109.2985,0.46,0,0,0,-2.485,0.8378,2.955,0.0105833333333333,8.85161344303184,0
"583",2005,25,6,98.1445,0.69,0.095,0,0.025,-2.9,0.8518,3.29,0.0105833333333333,8.85164208449568,0
"584",2005,25,7,87.3455,73.117,22.03,25.67,13.78,-2.76,0.85245,2.585,0.0105833333333333,8.94539975276293,0
"585",2005,25,8,77.82,364.481,117.25,163.435,65.36,-1.21,0.83045,1.58,0.0105833333333333,8.9474619545497,0
"586",2005,25,9,69.575,675.878,230.655,323.35,105.42,0.81,0.81245,3.525,0.0105833333333333,8.94741073397802,0
"587",2005,25,10,63.298,916.044,324.335,447.85,128.66,2.835,0.7904,4.71,0.0105833333333333,8.94740952520416,0
"588",2005,25,11,59.6585,1049.881,382.92,519.82,137.265,4.825,0.74675,5.19,0.0105833333333333,8.94740953901237,0
"589",2005,25,12,59.1635,1065.429,391.98,529.545,137.215,6.185,0.70135,6.645,0.0105833333333333,8.94740950016364,0
"590",2005,25,13,61.887,961.791,353.05,475.795,127.68,7.325,0.7152,5.875,0.0105833333333333,8.94740951208559,0
"591",2005,25,14,67.4325,724.5,263.135,353.59,102.165,8.17,0.72915,4.67,0.0105833333333333,8.94740953259604,0
"592",2005,25,15,75.1525,421.084,150.69,197.355,64.585,8.285,0.7454,4.26,0.0105833333333333,8.94740958725271,0
"593",2005,25,16,84.326,86.779,29.54,33.085,14.5,6.475,0.78045,4.915,0.0105833333333333,8.94740975316734,0
"594",2005,25,17,94.798,3.128,0.91,0.18,0.44,4.605,0.79905,5.065,0.0105833333333333,8.96631495812508,0
"595",2005,25,18,105.865,0.023,0,0,0,3.77,0.80605,4.85,0.0105833333333333,8.98419231576189,0
"596",2005,25,19,117.233,0.023,0,0,0,3.55,0.80465,5.79,0.0105833333333333,8.98462894813556,0
"597",2005,25,20,128.663,0.023,0,0,0,3.32,0.8079,6.02,0.0105833333333333,8.98469621492267,0
"598",2005,25,21,139.76,0.023,0,0,0,3.465,0.8006,5.305,0.0105833333333333,8.98479541216245,0
"599",2005,25,22,149.7385,0,0,0,0,3.905,0.7894,5.025,0.0105833333333333,8.98492587189627,0
"600",2005,25,23,156.781,0,0,0,0.065,3.92,0.81035,5.34,0.0105833333333333,8.9850784175511,0
"601",2005,26,0,157.8485,0,0,0,0,2.74,0.85685,4.265,0.0105833333333333,8.98524347936779,0
"602",2005,26,1,152.267,0,0,0,0,2.17,0.8733,5.2,0.0105833333333333,8.98540835323531,0
"603",2005,26,2,142.896,0,0,0,0,1.62,0.8848,5.865,0.0105833333333333,8.9855632175256,0
"604",2005,26,3,132.015,0,0,0,0.015,1.255,0.8868,6.565,0.0105833333333333,8.98569673382091,0
"605",2005,26,4,120.6225,0,0,0,0.05,0.915,0.8887,7.03,0.0105833333333333,8.98579938593847,0
"606",2005,26,5,109.188,0,0,0,0,0.98,0.8868,6.385,0.0105833333333333,8.98586421852763,0
"607",2005,26,6,98.023,0.115,0.06,0,0,1.07,0.89145,5.7,0.0105833333333333,8.98588696786661,0
"608",2005,26,7,87.1765,14.145,5.14,3.89,1.505,1.09,0.89365,3.73,0.0105833333333333,8.98568062879861,0
"609",2005,26,8,77.6585,52.279,19.415,20.585,5.225,1.03,0.90805,3.695,0.0105833333333333,8.9361485666612,0
"610",2005,26,9,69.3875,75.394,27.21,29.65,7.13,0.9,0.9204,4.615,0.0105833333333333,8.9299944026091,0
"611",2005,26,10,63.0805,119.117,43.155,49.615,11.21,0.305,0.91765,5.185,0.0105833333333333,8.92984789992736,0
"612",2005,26,11,59.417,226.734,83.28,101.095,22.975,-0.24,0.81505,7.87,0.0105833333333333,8.92984565753946,0
"613",2005,26,12,58.906,340.101,129.585,159.495,36.595,-0.39,0.76925,6.375,0.0105833333333333,8.9298456452061,0
"614",2005,26,13,61.631,732.435,279.335,366.06,94.575,0.22,0.7314,6.12,0.0105833333333333,8.92984562290143,0
"615",2005,26,14,67.186,746.833,280.53,375.81,107.94,0.95,0.6955,7.725,0.0105833333333333,8.9298456543964,0
"616",2005,26,15,74.9215,442.658,163.77,217.245,71.59,0.435,0.6948,7.875,0.0105833333333333,8.92984574116526,0
"617",2005,26,16,84.1175,72.335,22.955,23.705,6.925,-0.375,0.734,8.04,0.0105833333333333,8.92984590671414,0
"618",2005,26,17,94.56,3.588,0.95,0.135,0.54,-1.065,0.7701,8.19,0.0105833333333333,8.94160432864978,0
"619",2005,26,18,105.6695,0.092,0,0,0.205,-1.66,0.7829,7.825,0.0105833333333333,8.9552441908662,0
"620",2005,26,19,117.0425,0.138,0,0,0.115,-2.2,0.7931,7.965,0.0105833333333333,8.95558434906759,0
"621",2005,26,20,128.472,0.23,0,0,0.15,-2.415,0.8169,9.68,0.0105833333333333,8.9556526169159,0
"622",2005,26,21,139.555,0.046,0,0,0.24,-2.98,0.8577,8.2,0.0105833333333333,8.95575574890238,0
"623",2005,26,22,149.5095,0,0,0,0.12,-3.005,0.85485,7.57,0.0105833333333333,8.95588620073161,0
"624",2005,26,23,156.5255,0.092,0,0,0.1,-3.14,0.8629,6.405,0.0105833333333333,8.95603982713715,0
"625",2005,27,0,157.6095,0.023,0,0,0.17,-3.355,0.85415,7.045,0,8.95620761557322,0
"626",2005,27,1,152.083,0.023,0,0,0.255,-3.83,0.8103,5.725,0,8.95637380005784,0
"627",2005,27,2,142.755,0,0,0,0.295,-5.12,0.77905,5.49,0,8.95652942796123,0
"628",2005,27,3,131.8975,0.023,0,0,0.24,-6.08,0.74425,5.62,0,8.9566632071424,0
"629",2005,27,4,120.5095,0,0,0,0.235,-6.905,0.73775,5.765,0,8.95676675472002,0
"630",2005,27,5,109.0715,0,0,0,0.295,-7.735,0.7594,6.185,0,8.95683203694163,0
"631",2005,27,6,97.896,0.437,0.105,0,0.26,-8.695,0.7931,6.06,0,8.95685673363776,0
"632",2005,27,7,87.041,78.729,28.185,32.015,16.105,-9.265,0.8066,6.4,0,9.04770450127419,0
"633",2005,27,8,77.4915,379.408,138.3,184.975,68.88,-8.76,0.77315,4.78,0,9.04910681524072,0
"634",2005,27,9,69.194,695.635,256.265,359.32,117.44,-7.96,0.73035,5.43,0,9.04905797752076,0
"635",2005,27,10,62.858,942.402,350.2,496.08,151.66,-7.135,0.68715,5.71,0,9.04905687973968,0
"636",2005,27,11,59.1695,1032.01,386.475,546.175,161.35,-6.395,0.63955,5.175,0,9.04905689855858,0
"637",2005,27,12,58.6465,1075.181,402.785,570.29,169.835,-5.59,0.6038,5.5,0,9.04905685810719,0
"638",2005,27,13,61.3705,956.639,354.08,504.29,157.495,-4.835,0.55625,6.17,0,9.04905686940563,0
"639",2005,27,14,66.9365,766.82,280.895,400.695,134.11,-4.35,0.5576,5.84,0,9.04905688764289,0
"640",2005,27,15,74.6885,471.592,170.985,239.66,91.135,-4.23,0.5621,5.87,0,9.04905693393271,0
"641",2005,27,16,83.9055,127.305,43.565,55.655,24.95,-4.69,0.59585,5.685,0,9.04905707194429,0
"642",2005,27,17,94.3615,3.335,0.93,0.16,0.445,-5.59,0.637,5.605,0,9.07086207520054,0
"643",2005,27,18,105.472,0,0,0,0.13,-6.4,0.68515,5.875,0,9.09799783710091,0
"644",2005,27,19,116.8495,0,0,0,0.2,-7.33,0.7146,6.405,0,9.09866473898348,0
"645",2005,27,20,128.2775,0,0,0,0.14,-8.07,0.74215,6.57,0,9.09873612515752,0
"646",2005,27,21,139.346,0,0,0,0.125,-8.735,0.76605,6.6,0,9.0988356586988,0
"647",2005,27,22,149.2775,0.023,0,0,0.085,-9.355,0.7767,6.635,0,9.09896688557708,0
"648",2005,27,23,156.2645,0.023,0,0,0.01,-9.77,0.77885,6.01,0,9.09912176197495,0
"649",2005,28,0,157.361,0.092,0,0,0,-10.135,0.7845,5.555,0,9.09928991443889,0
"650",2005,28,1,151.892,0.023,0,0,0,-10.4,0.7945,5.25,0,9.09946002733613,0
"651",2005,28,2,142.6085,0.046,0,0,0,-10.415,0.78545,5.34,0,9.09961740511645,0
"652",2005,28,3,131.7715,0.138,0,0,0,-10.57,0.7979,5.205,0,9.09975494353316,0
"653",2005,28,4,120.39,0.069,0,0,0,-10.76,0.8093,5.545,0,9.09986178272803,0
"654",2005,28,5,108.948,0.069,0,0,0,-10.67,0.7969,6.6,0,9.09992813972254,0
"655",2005,28,6,97.7615,0.437,0.23,0,0.075,-10.49,0.7889,6.345,0,9.09995202049169,0
"656",2005,28,7,86.9015,46.92,17.875,20.72,7.2,-9.945,0.766,6.94,0,9.14074745410047,0
"657",2005,28,8,77.321,201.043,74.7,99.095,31.265,-8.68,0.7215,7.465,0,9.14431881023694,0
"658",2005,28,9,68.9925,453.56,166.13,228.425,72.2,-7.28,0.6848,8.135,0,9.14413053886095,0
"659",2005,28,10,62.6285,802.355,292.11,412.4,128.925,-4.605,0.5889,8.07,0,9.1441264671106,0
"660",2005,28,11,58.9165,617.182,223.895,309.565,93.57,-2.7,0.5273,7.705,0,9.14412643591013,0
"661",2005,28,12,58.3795,545.767,197.925,269.615,80.945,-1.655,0.48245,7.625,0,9.14412643532483,0
"662",2005,28,13,61.1045,800.239,289.83,401.24,123.125,-0.28,0.4718,7.075,0,9.1441264056174,0
"663",2005,28,14,66.6835,347.254,125.775,168.83,49.825,0.435,0.5021,7.075,0,9.1441264196424,0
"664",2005,28,15,74.4515,157.688,56.515,72.695,22.145,0.495,0.54155,6.41,0,9.14412644697891,0
"665",2005,28,16,83.6925,69.161,26.065,31.835,10.76,0.56,0.57245,5.665,0,9.14412622565345,0
"666",2005,28,17,94.123,2.254,0.67,0.065,0.25,0.065,0.6162,5.275,0,9.14800752918742,0
"667",2005,28,18,105.276,0.092,0,0,0.015,-0.385,0.65395,5.36,0,9.15898652474169,0
"668",2005,28,19,116.6565,0.138,0,0,0.005,-0.39,0.63625,5.8,0,9.15927888147853,0
"669",2005,28,20,128.0795,0.046,0,0,0.02,-0.455,0.61375,6.01,0,9.15934773548355,0
"670",2005,28,21,139.138,0.023,0,0,0.065,-0.66,0.6283,5.31,0,9.1594496143622,0
"671",2005,28,22,149.0435,0.069,0,0,0.065,-0.87,0.66275,4.55,0,9.15958360248636,0
"672",2005,28,23,156.001,0.207,0,0,0.035,-0.905,0.66265,4.13,0,9.15974405603959,0
"673",2005,29,0,157.108,0.161,0,0,0.035,-1.085,0.67175,4.31,0.3175,9.15992148199006,0
"674",2005,29,1,151.693,0.276,0,0,0.02,-1.22,0.67685,4.405,0.3175,9.16010037256062,0
"675",2005,29,2,142.4555,0.276,0,0,0.05,-1.21,0.6847,3.62,0.3175,9.16027112904815,0
"676",2005,29,3,131.639,0.207,0,0,0.02,-1.2,0.6795,4.075,0.3175,9.16041608058361,0
"677",2005,29,4,120.265,0.322,0,0,0.025,-1.185,0.6893,4.42,0.3175,9.1605276970342,0
"678",2005,29,5,108.821,0.23,0,0,0.015,-1.115,0.70435,3.445,0.3175,9.16059795557882,0
"679",2005,29,6,97.6245,0.23,0.005,0,0.145,-1.395,0.7918,2.965,0.3175,9.16062068746202,0
"680",2005,29,7,86.753,11.983,3.695,2.545,1.565,-1.695,0.91255,3.28,0.3175,9.16045147821587,0
"681",2005,29,8,77.1435,61.686,14.925,21.02,10.765,-1.45,0.95555,3.1,0.3175,9.11826670307816,0
"682",2005,29,9,68.7865,181.378,29.12,69.81,48.1,-0.975,0.97725,2.635,0.3175,9.11326024574816,0
"683",2005,29,10,62.3915,298.057,35.185,110.97,84.165,-0.635,0.97905,2.745,0.3175,9.1131496533263,0
"684",2005,29,11,58.656,393.323,36.31,149.4,122.2,-0.38,0.9772,2.365,0.3175,9.11314800088835,0
"685",2005,29,12,58.1085,481.367,40.47,185.715,153.735,0.275,0.9748,1.78,0.3175,9.11314801568539,0
"686",2005,29,13,60.8355,452.295,33.7,178.14,152.33,0.095,0.97895,2.075,0.3175,9.11314797100631,0
"687",2005,29,14,66.428,333.776,24.03,127.76,112.43,-0.235,0.97875,3.06,0.3175,9.1131479831989,0
"688",2005,29,15,74.2135,256.358,16.645,102.4,92.91,-0.455,0.9812,3.62,0.3175,9.1131480011131,0
"689",2005,29,16,83.4755,102.074,7.055,40.785,39.3,-0.5,0.9811,3.28,0.3175,9.11314804044152,0
"690",2005,29,17,93.923,3.956,0.245,0.705,1.71,-0.8,0.98,4.18,0.3175,9.13008460149849,0
"691",2005,29,18,105.0775,0.368,0,0,0.145,-1.255,0.98135,4.465,0.3175,9.15083253355981,0
"692",2005,29,19,116.4625,0.276,0,0,0.1,-1.43,0.98535,3.645,0.3175,9.151367727503,0
"693",2005,29,20,127.884,0.253,0,0,0.195,-1.85,0.987,3.69,0.3175,9.15144310598185,0
"694",2005,29,21,138.9295,0.345,0,0,0.08,-2.695,0.98595,3.565,0.3175,9.15155300069366,0
"695",2005,29,22,148.8045,0.253,0,0,0.075,-2.16,0.98415,3.9,0.3175,9.15169848332121,0
"696",2005,29,23,155.7315,0.207,0,0,0.115,-1.85,0.97485,3.085,0.3175,9.15186480661289,0
"697",2005,30,0,156.8505,0.138,0,0,0.09,-2.485,0.9505,3.24,0.0105833333333333,9.15204118837672,0
"698",2005,30,1,151.4875,0.368,0,0,0.05,-3.755,0.9719,3.66,0.0105833333333333,9.1522213392514,0
"699",2005,30,2,142.2935,0.46,0,0,0.43,-7.04,0.9537,3.145,0.0105833333333333,9.15239967929855,0
"700",2005,30,3,131.499,0.23,0,0,0.015,-7.605,0.94925,2.76,0.0105833333333333,9.1525509495926,0
"701",2005,30,4,120.133,0,0,0,0.025,-8.455,0.94215,2.075,0.0105833333333333,9.15265879598948,0
"702",2005,30,5,108.685,0.138,0,0,0.01,-7.925,0.94545,2.115,0.0105833333333333,9.15272505198,0
"703",2005,30,6,97.4775,0.69,0.305,0,0.025,-8.71,0.9414,1.875,0.0105833333333333,9.15275047946052,0
"704",2005,30,7,86.5625,76.705,9.08,35.645,32.93,-8.205,0.9427,1.875,0.0105833333333333,9.23055136945821,0
"705",2005,30,8,76.958,367.517,63.46,174.38,125.6,-7.37,0.94865,2.19,0.0105833333333333,9.23130283378853,0
"706",2005,30,9,68.5725,725.443,131.625,354.1,250.025,-4.955,0.9609,1.765,0.0105833333333333,9.2312450466974,0
"707",2005,30,10,62.152,978.604,156.53,486.51,348.81,-2.94,0.93455,3.59,0.0105833333333333,9.2312438417161,0
"708",2005,30,11,58.3915,1127.023,135.87,558.46,437.435,-2.265,0.83455,3.445,0.0105833333333333,9.23124385947102,0
"709",2005,30,12,57.833,1119.364,133.64,550.225,435.195,-1.675,0.7517,3.065,0.0105833333333333,9.23124381883097,0
"710",2005,30,13,60.5625,1143.698,141.295,564.83,444.36,-1.26,0.6776,3.405,0.0105833333333333,9.23124383023194,0
"711",2005,30,14,66.169,666.425,77.82,315.44,254.545,-1.49,0.67145,4.19,0.0105833333333333,9.23124384844579,0
"712",2005,30,15,73.9725,501.768,64.445,240.385,199.575,-1.735,0.69395,3.91,0.0105833333333333,9.23124389402554,0
"713",2005,30,16,83.258,138.805,17.82,64.34,57.385,-2.335,0.74155,2.94,0.0105833333333333,9.23124402781695,0
"714",2005,30,17,93.7225,6.601,1.12,2.225,2.505,-3.03,0.7423,3.5,0.0105833333333333,9.24793268869859,0
"715",2005,30,18,104.8785,0.069,0,0,0,-3.91,0.7521,3.165,0.0105833333333333,9.27705687932046,0
"716",2005,30,19,116.2675,0.046,0,0,0,-4.815,0.77305,2.225,0.0105833333333333,9.27782008829845,0
"717",2005,30,20,127.685,0.23,0,0,0.01,-4.735,0.7662,3.73,0.0105833333333333,9.27789715497389,0
"718",2005,30,21,138.7165,0.414,0,0,0,-5.915,0.78195,2.94,0.0105833333333333,9.27800883672868,0
"719",2005,30,22,148.5655,0.46,0,0,0,-5.695,0.7569,2.665,0.0105833333333333,9.27816203399492,0
"720",2005,30,23,155.46,0.368,0,0,0,-7.145,0.80925,2.39,0.0105833333333333,9.27834092444258,0
"721",2005,31,0,156.5845,0.299,0,0,0,-6.985,0.8131,3.415,0,9.27852818268193,0
"722",2005,31,1,151.2755,0.391,0,0,0,-7.585,0.816,4.2,0,9.27871584977127,0
"723",2005,31,2,142.125,0.276,0,0,0,-7.8,0.82595,3.26,0,9.27889136846901,0
"724",2005,31,3,131.353,0.391,0,0,0.01,-7.445,0.8219,2.865,0,9.27904134475063,0
"725",2005,31,4,119.996,0.276,0,0,0,-6.25,0.80925,2.825,0,9.27915683352727,0
"726",2005,31,5,108.545,0.046,0,0,0.01,-5.375,0.7935,2.65,0,9.27922509690476,0
"727",2005,31,6,97.326,0.621,0.055,0,0.29,-5.87,0.8274,2.055,0,9.27924893252796,0
"728",2005,31,7,86.4055,49.427,5.305,19.155,17.99,-6.615,0.83995,2.945,0,9.31624910370201,0
"729",2005,31,8,76.7675,261.533,30.355,116.72,95.605,-6.665,0.81665,3.205,0,9.31737874960182,0
"730",2005,31,9,68.3565,479.803,50.525,210.645,172.255,-5.08,0.77405,2.33,0,9.3172007896424,0
"731",2005,31,10,61.9045,736.621,78.02,323.4,262.135,-3.615,0.73545,1.7,0,9.31719719342238,0
"732",2005,31,11,58.121,875.127,96.615,397.01,317.395,-3.93,0.79205,2.8,0,9.31719718824842,0
"733",2005,31,12,57.5515,841.754,96.94,382.345,304.865,-2.445,0.73725,2.87,0,9.3171971184848,0
"734",2005,31,13,60.2855,624.519,70.285,278.35,223.14,-1.775,0.7139,2.075,0,9.31719714742231,0
"735",2005,31,14,65.9065,445.234,56.035,200.905,159.96,-1.64,0.707,1.56,0,9.31719723028618,0
"736",2005,31,15,73.7315,377.108,47.905,172.79,135.51,-0.98,0.69885,1.04444444444444,0,9.31719750572791,0
"737",2005,31,16,83.038,123.74,14.1,54.92,45.985,-1.92,0.7377,3.89,0,9.31719717152559,0
"738",2005,31,17,93.4825,5.52,0.475,1.16,1.945,-1.99,0.77465,3.74,0,9.33165236018105,0
"739",2005,31,18,104.677,0.368,0,0,0,-1.99,0.8247,4.955,0,9.355965391815,0
"740",2005,31,19,116.071,0.138,0,0,0,-1.835,0.7369,4.93,0,9.35662866813256,0
"741",2005,31,20,127.4845,0.138,0,0,0.04,-2.08,0.74935,4.015,0,9.35670575128533,0
"742",2005,31,21,138.502,0.092,0,0,0.025,-2.41,0.7914,3.635,0,9.35681202463791,0
"743",2005,31,22,148.323,0.023,0,0,0.165,-3.08,0.78515,4.185,0,9.35694862358535,0
"744",2005,31,23,155.183,0.023,0,0,0.245,-5.445,0.8563,3.46,0,9.35710563907807,0
"745",2005,32,0,156.3145,0.161,0,0,0,-6.385,0.87505,2.45,0,9.35727859490887,0
"746",2005,32,1,151.055,0.299,0,0,0,-6.66,0.894,2.855,0,9.3574593253143,0
"747",2005,32,2,141.9495,0.184,0,0,0.05,-8.12,0.9168,3.87,0,9.35762983900842,0
"748",2005,32,3,131.201,0.092,0,0,0.015,-8.945,0.93195,4.535,0,9.35777113137476,0
"749",2005,32,4,119.8505,0.138,0,0,0,-8.665,0.93055,3.42,0,9.35787798380533,0
"750",2005,32,5,108.398,0.069,0,0,0.045,-9.075,0.93185,4.1,0,9.35794425928453,0
"751",2005,32,6,97.169,0.989,0.22,0,0.175,-9.265,0.93485,3.295,0,9.35796910520934,0
"752",2005,32,7,86.2415,93.38,11.545,39.405,37.325,-8.37,0.93535,2.71,0,9.43149833687121,0
"753",2005,32,8,76.5725,415.748,62.91,190.23,154.075,-7.215,0.90245,1.61,0,9.4314332074295,0
"754",2005,32,9,68.1315,761.99,107.305,364.11,283.565,-4.78,0.8581,3.61,0,9.43138642660367,0
"755",2005,32,10,61.6515,1032.424,139.01,504.73,384.03,-2.6,0.7901,3.98,0,9.43138554742039,0
"756",2005,32,11,57.846,1179.463,160.87,587.68,435.23,-1.235,0.71885,4.44,0,9.43138557719172,0
"757",2005,32,12,57.265,1196.782,167.715,601.95,436.82,-0.54,0.6941,4.405,0,9.43138550317453,0
"758",2005,32,13,60.0045,1077.136,166.775,540.28,386.045,-0.035,0.6851,2.86,0,9.43138551638758,0
"759",2005,32,14,65.642,819.122,131.375,407.79,294.855,-0.25,0.7408,3.72,0,9.4313855424379,0
"760",2005,32,15,73.485,502.412,83.18,245.39,185.37,-0.9,0.79035,4.4,0,9.43138561630048,0
"761",2005,32,16,82.818,168.728,28.195,78.67,65.145,-1.5,0.80165,4.22,0,9.43138583940522,0
"762",2005,32,17,93.2805,7.728,0.66,1.635,2.595,-2.87,0.81925,4.465,0,9.44401722653699,0
"763",2005,32,18,104.476,0,0,0,0,-3.33,0.787,4.49,0,9.4750666296367,0
"764",2005,32,19,115.874,0,0,0,0,-3.855,0.7806,4.5,0,9.47593587668397,0
"765",2005,32,20,127.285,0,0,0,0,-4.205,0.8103,4.335,0,9.47601429048509,0
"766",2005,32,21,138.2875,0.023,0,0,0,-4.555,0.8416,3.54,0,9.47611799329775,0
"767",2005,32,22,148.0755,0,0,0,0.005,-4.665,0.8605,4.045,0,9.47625348439844,0
"768",2005,32,23,154.902,0,0,0,0.04,-5.415,0.8918,3.36,0,9.47641079061089,0
"769",2005,33,0,156.038,0.023,0,0,0.05,-5.58,0.90005,3.185,0,9.47658024319231,0
"770",2005,33,1,150.8295,0.115,0,0,0.08,-6.45,0.92005,3.66,0,9.47675226245598,0
"771",2005,33,2,141.7665,0.207,0,0,0,-6.225,0.91745,3.445,0,9.47691844734961,0
"772",2005,33,3,131.044,0.138,0,0,0.03,-6.23,0.9176,3.935,0,9.47706152135938,0
"773",2005,33,4,119.701,0.046,0,0,0.03,-6.505,0.91605,3.07,0,9.47716777283253,0
"774",2005,33,5,108.2455,0.138,0,0,0.18,-7.57,0.9221,3.57,0,9.47723334494471,0
"775",2005,33,6,97.006,0.851,0.12,0,0.18,-7.73,0.94535,3.055,0,9.47725700175176,0
"776",2005,33,7,86.034,91.724,14.58,42.825,33.34,-7.005,0.94035,3.675,0,9.54234042888004,0
"777",2005,33,8,76.37,269.422,39.435,123.695,92.335,-6.095,0.9146,3.22,0,9.54194905312907,0
"778",2005,33,9,67.902,442.98,61.385,199.255,148.22,-5.09,0.88005,3.475,0,9.5418975788841,0
"779",2005,33,10,61.3925,908.247,138.615,428.825,306.385,-3.475,0.8176,2.52,0,9.54189663638036,0
"780",2005,33,11,57.565,1174.932,189.325,575.565,397.645,-2.81,0.80955,3.69,0,9.54189666937453,0
"781",2005,33,12,56.9745,976.649,159.24,464,318.535,-2.25,0.8044,4.31,0,9.54189659669705,0
"782",2005,33,13,59.72,801.458,130.45,371.37,255.63,-1.585,0.7875,4.705,0,9.54189661022632,0
"783",2005,33,14,65.3735,706.445,121.755,334.665,227.945,-0.61,0.76515,4.93,0,9.54189663731994,0
"784",2005,33,15,73.239,448.086,79.795,212.26,148.4,-0.645,0.77855,5.65,0,9.54189671441656,0
"785",2005,33,16,82.5945,115.529,19.42,48.555,36.69,-0.74,0.78,3.905,0,9.54189694581445,0
"786",2005,33,17,93.041,7.452,1.05,1.89,2.3,-1.485,0.80875,4.06,0,9.55016505681432,0
"787",2005,33,18,104.274,0.322,0,0,0,-1.345,0.8156,4.59,0,9.57129523924327,0
"788",2005,33,19,115.6765,0.322,0,0,0,-1.12,0.80105,3.05,0,9.57193277838852,0
"789",2005,33,20,127.083,0.345,0,0,0.02,-1.4,0.8268,3.44,0,9.57201622561581,0
"790",2005,33,21,138.069,0.184,0,0,0.045,-1.76,0.83925,3.285,0,9.57213096643711,0
"791",2005,33,22,147.8295,0,0,0,0.08,-2.65,0.85985,2.985,0,9.57227201428963,0
"792",2005,33,23,154.618,0,0,0,0.04,-3.025,0.832,3.275,0,9.5724304179852,0
"793",2005,34,0,155.756,0,0,0,0,-3.065,0.818,2.185,0.0105833333333333,9.57260037851425,0
"794",2005,34,1,150.5955,0,0,0,0.01,-4,0.849,1.67,0.0105833333333333,9.5727699977102,0
"795",2005,34,2,141.5785,0.207,0,0,0.15,-5.22,0.8552,3.52,0.0105833333333333,9.57293250803152,0
"796",2005,34,3,130.8775,0.368,0,0,0.115,-6.595,0.88565,3.77,0.0105833333333333,9.57308025941606,0
"797",2005,34,4,119.5445,0.414,0,0,0,-6.775,0.89325,2.96,0.0105833333333333,9.57319698319561,0
"798",2005,34,5,108.087,0.46,0,0,0,-6.955,0.92975,3.145,0.0105833333333333,9.57326998771044,0
"799",2005,34,6,96.839,1.403,0.175,0.005,0.255,-7.065,0.9358,2.355,0.0105833333333333,9.57329629692915,0
"800",2005,34,7,85.8615,103.73,17.995,43.5,35.455,-7.005,0.95205,3.395,0.0105833333333333,9.63685598337959,0
"801",2005,34,8,76.1635,436.908,80.025,198.54,145.01,-6.3,0.91325,2.025,0.0105833333333333,9.63629199905803,0
"802",2005,34,9,67.6665,775.445,141.24,379.065,259.705,-3.65,0.8561,2.53,0.0105833333333333,9.63624737458659,0
"803",2005,34,10,61.1295,1039.163,192.595,520.69,337.61,-0.925,0.76145,2.14,0.0105833333333333,9.6362465594532,0
"804",2005,34,11,57.278,1189.031,237.225,602.885,366.28,1.165,0.67475,2.8,0.0105833333333333,9.63624661017767,0
"805",2005,34,12,56.6775,1205.062,273.66,614.845,338.24,2.305,0.66,2.785,0.0105833333333333,9.63624655484997,0
"806",2005,34,13,59.4305,1088.153,281.315,555.17,274.69,3.11,0.67355,2.545,0.0105833333333333,9.63624660065261,0
"807",2005,34,14,65.104,854.335,241.445,430.495,199.91,3.37,0.7045,3.28,0.0105833333333333,9.6362467519736,0
"808",2005,34,15,72.991,530.633,159.39,257.055,121.55,2.895,0.79115,4.225,0.0105833333333333,9.63624726806333,0
"809",2005,34,16,82.369,191.038,58.82,86.91,46.24,2.09,0.82505,4.205,0.0105833333333333,9.6362465749223,0
"810",2005,34,17,92.839,10.212,2.62,2.245,2.43,0.79,0.8703,4.665,0.0105833333333333,9.64467473676352,0
"811",2005,34,18,104.071,0.184,0,0,0,0.64,0.8603,3.98,0.0105833333333333,9.67567894052163,0
"812",2005,34,19,115.478,0.207,0,0,0,0.045,0.89005,3.065,0.0105833333333333,9.67663169516712,0
"813",2005,34,20,126.881,0.299,0,0,0,-0.29,0.9151,2.515,0.0105833333333333,9.67671927294306,0
"814",2005,34,21,137.8505,0.437,0,0,0,-0.765,0.92915,2.57,0.0105833333333333,9.67683785239383,0
"815",2005,34,22,147.5785,0.184,0,0,0,-1.81,0.9451,3.045,0.0105833333333333,9.67699070949628,0
"816",2005,34,23,154.331,0.253,0,0,0,-1.88,0.94485,2.93,0.0105833333333333,9.67716190750495,0
"817",2005,35,0,155.4685,0.299,0,0,0,-2.155,0.94195,3.33,0,9.67734864892839,0
"818",2005,35,1,150.356,0.368,0,0,0.005,-2.77,0.95955,3.345,0,9.67753838621943,0
"819",2005,35,2,141.3815,0.115,0,0,0.01,-2.715,0.9699,2.77,0,9.67771122128591,0
"820",2005,35,3,130.7055,0.138,0,0,0,-3.255,0.9758,2.24,0,9.67785212867286,0
"821",2005,35,4,119.3825,0.368,0,0,0,-3.275,0.97915,1.97,0,9.67796318528339,0
"822",2005,35,5,107.9235,0.368,0,0,0,-3.6,0.97815,1.23,0,9.67803421310954,0
"823",2005,35,6,96.665,1.288,0.18,0,0.26,-4.82,0.97045,1.45,0,9.67805883328471,0
"824",2005,35,7,85.6825,66.217,17.205,29.445,16.31,-5.06,0.96675,1.17,0,9.71403626642662,0
"825",2005,35,8,75.9505,294.492,81.985,149.2,76.565,-4.04,0.9709,1.325,0,9.71241499975856,0
"826",2005,35,9,67.4255,667.23,197.105,332.04,150.255,-1.855,0.9783,1.455,0,9.71231315757049,0
"827",2005,35,10,60.8605,1020.28,315.66,498.36,188.945,0.505,0.9737,3.06,0,9.71231133469755,0
"828",2005,35,11,56.9875,1151.081,386.245,577.17,189.51,2.33,0.8952,3.9,0,9.71231132880524,0
"829",2005,35,12,56.379,1159.361,417.675,586.79,166.565,3.905,0.84845,3.455,0,9.71231130283704,0
"830",2005,35,13,59.1405,1048.225,392.48,530.905,139.185,5.235,0.8214,3.885,0,9.71231132634156,0
"831",2005,35,14,64.8315,824.504,312.77,413.075,110.955,6.05,0.79715,3.66,0,9.7123113894702,0
"832",2005,35,15,72.7415,512.601,195.06,250.47,76.005,6.75,0.80935,3.38,0,9.71231159125851,0
"833",2005,35,16,82.145,186.576,70.945,85.235,32.04,6.015,0.84175,2.905,0,9.71231137990526,0
"834",2005,35,17,92.634,10.971,3.945,2.605,1.31,5.485,0.841,3.435,0,9.71919832625115,0
"835",2005,35,18,103.8685,0.046,0,0,0,4.83,0.86175,2.935,0,9.74841778007052,0
"836",2005,35,19,115.2785,0.207,0,0,0,4.355,0.86975,3.95,0,9.74935968108014,0
"837",2005,35,20,126.6765,0.391,0,0,0,3.73,0.88795,3.77,0,9.74944862025242,0
"838",2005,35,21,137.629,0.391,0,0,0,3.07,0.9017,3.97,0,9.74956922449577,0
"839",2005,35,22,147.3245,0.391,0,0,0,2.75,0.91165,3.635,0,9.74972582132373,0
"840",2005,35,23,154.039,0.368,0,0,0,2.87,0.9145,2.78,0,9.74990741438858,0
"841",2005,36,0,155.1765,0.299,0,0,0,2.43,0.91905,3.09,0.0105833333333333,9.75009903806432,0
"842",2005,36,1,150.108,0.368,0,0,0,1.83,0.9297,3.19,0.0105833333333333,9.75028943178852,0
"843",2005,36,2,141.181,0.299,0,0,0,1.465,0.92475,2.925,0.0105833333333333,9.75046696780447,0
"844",2005,36,3,130.5295,0.345,0,0,0,1.355,0.93095,3.315,0.0105833333333333,9.75061727469342,0
"845",2005,36,4,119.2145,0.322,0,0,0,1.475,0.92165,3.045,0.0105833333333333,9.75073202330369,0
"846",2005,36,5,107.754,0.437,0,0,0,1.335,0.91935,2.8,0.0105833333333333,9.75080294977332,0
"847",2005,36,6,96.484,1.679,0.55,0,0.08,0.565,0.93015,3.73,0.0105833333333333,9.75082910415258,0
"848",2005,36,7,85.4585,115.552,35.945,44.21,20.385,0.685,0.91995,4.215,0.0105833333333333,9.80706611920785,0
"849",2005,36,8,75.7335,466.9,160.565,204.63,65.84,1.66,0.90415,3.185,0.0105833333333333,9.80624115937707,0
"850",2005,36,9,67.181,775.192,289.69,374.59,96.48,3.975,0.85605,3.76,0.0105833333333333,9.80619936536568,0
"851",2005,36,10,60.5875,1007.63,387.085,508.23,122.605,6.31,0.8097,4.195,0.0105833333333333,9.80619877300825,0
"852",2005,36,11,56.691,1143.79,441.01,584.195,138.56,8.22,0.7724,5.84,0.0105833333333333,9.80619866269635,0
"853",2005,36,12,56.076,1135.694,436.295,581.56,140.805,9.135,0.74985,6.81,0.0105833333333333,9.80619886506296,0
"854",2005,36,13,58.845,994.819,381.205,507.04,127.265,9.845,0.73825,6.465,0.0105833333333333,9.80619877175249,0
"855",2005,36,14,64.556,806.035,306.945,406.91,110.43,10.18,0.72965,6.37,0.0105833333333333,9.80619864235384,0
"856",2005,36,15,72.49,371.749,140.23,178.46,53.06,9.845,0.77065,5.16,0.0105833333333333,9.80619869886547,0
"857",2005,36,16,81.917,125.695,49.775,58.715,16.69,8,0.79915,5.63,0.0105833333333333,9.806198861413,0
"858",2005,36,17,92.3925,7.383,2.775,1.705,0.86,6.375,0.81385,5.39,0.0105833333333333,9.8092119371319,0
"859",2005,36,18,103.6655,0.253,0,0,0,5.115,0.8439,4.17,0.0105833333333333,9.8279229816468,0
"860",2005,36,19,115.079,0.345,0,0,0,4.58,0.83135,3.375,0.0105833333333333,9.82857138036223,0
"861",2005,36,20,126.4695,0,0,0,0,3.85,0.8362,4.01,0.0105833333333333,9.82865466228551,0
"862",2005,36,21,137.406,0.023,0,0,0,4.08,0.81215,3.87,0.0105833333333333,9.82876229556745,0
"863",2005,36,22,147.07,0,0,0,0,3.855,0.7976,3.69,0.0105833333333333,9.82890139280732,0
"864",2005,36,23,153.744,0.138,0,0,0,3.43,0.78905,4.665,0.0105833333333333,9.82906453176048,0
"865",2005,37,0,154.878,0.368,0,0,0,3.62,0.7684,4.89,0.09525,9.82925057178122,0
"866",2005,37,1,149.856,0.046,0,0,0,3.955,0.7505,5.825,0.09525,9.8294354199554,0
"867",2005,37,2,140.971,0.046,0,0,0,3.365,0.78275,5.24,0.09525,9.82959694904803,0
"868",2005,37,3,130.346,0.138,0,0,0,2.835,0.81645,5.015,0.09525,9.82973582142314,0
"869",2005,37,4,119.0395,0.276,0,0,0,3.04,0.8147,5.475,0.09525,9.82984533448284,0
"870",2005,37,5,107.578,0.138,0,0,0,3.005,0.82265,4.945,0.09525,9.82991224960739,0
"871",2005,37,6,96.3005,0.713,0.13,0,0,3.17,0.82065,5.01,0.09525,9.82993262632415,0
"872",2005,37,7,85.271,43.746,17.015,17.93,4.485,3.21,0.82735,4.87,0.09525,9.82368383402908,0
"873",2005,37,8,75.5105,123.786,46.12,54.2,12.47,3.79,0.81575,4.895,0.09525,9.8161858140377,0
"874",2005,37,9,66.929,242.213,90.3,110.045,25.035,4.65,0.8119,4.97,0.09525,9.81583789556121,0
"875",2005,37,10,60.307,298.287,109.08,132.825,29.625,5.78,0.81425,5.055,0.09525,9.81583178110911,0
"876",2005,37,11,56.3895,320.735,115.875,141.59,31.96,7.085,0.78375,6.21,0.09525,9.81583167966879,0
"877",2005,37,12,55.7675,330.671,120.8,148.125,33.77,7.57,0.7872,5.86,0.09525,9.81583169964345,0
"878",2005,37,13,58.5455,352.843,130.025,159.96,36.445,7.98,0.78775,5.395,0.09525,9.81583174182688,0
"879",2005,37,14,64.2785,215.395,76.52,91.985,21.07,8.135,0.79095,5.315,0.09525,9.81583187184282,0
"880",2005,37,15,72.236,151.34,54.725,64.215,14.775,7.97,0.81045,4.87,0.09525,9.81583230367683,0
"881",2005,37,16,81.6885,35.765,12.695,11.835,3.355,7.295,0.83905,4.905,0.09525,9.81383888084324,0
"882",2005,37,17,92.1865,4.347,1.485,0.545,0.325,6.86,0.8328,5.28,0.09525,9.72368357996101,0
"883",2005,37,18,103.4615,0.023,0,0,0.04,6.21,0.84585,4.775,0.09525,9.72526070196636,0
"884",2005,37,19,114.879,0.046,0,0,0,6.395,0.8265,4.975,0.09525,9.72533935486328,0
"885",2005,37,20,126.2655,0.115,0,0,0.01,6.515,0.81705,4.72,0.09525,9.72541039451734,0
"886",2005,37,21,137.1825,0.184,0,0,0,6.14,0.83755,4.595,0.09525,9.72552260262243,0
"887",2005,37,22,146.8105,0.391,0,0,0.03,5.725,0.8728,4.375,0.09525,9.72567399935382,0
"888",2005,37,23,153.4455,0.46,0,0,0.01,5.825,0.91855,4.76,0.09525,9.72585892785819,0
"889",2005,38,0,154.5755,0.322,0,0,0,5.7,0.94815,5.35,0,9.72605409580561,0
"890",2005,38,1,149.5975,0.253,0,0,0,5.84,0.95515,5.225,0,9.72624207530592,0
"891",2005,38,2,140.756,0.414,0,0,0,5.84,0.97705,5.565,0,9.72641824741019,0
"892",2005,38,3,130.155,0.299,0,0,0.005,5.83,0.98355,5.41,0,9.7265699256382,0
"893",2005,38,4,118.86,0.345,0,0,0,5.85,0.9841,6.01,0,9.72668267075085,0
"894",2005,38,5,107.3965,0.437,0,0,0.015,6.055,0.98165,5.795,0,9.72675258237659,0
"895",2005,38,6,96.109,0.437,0.045,0,0,6.135,0.9832,6.015,0,9.72677207277597,0
"896",2005,38,7,85.077,7.82,2.585,0.935,0.54,6.235,0.9815,6.405,0,9.72666088970513,0
"897",2005,38,8,75.282,48.576,17.265,16.965,3.87,6.335,0.98125,6.01,0,9.62169111917465,0
"898",2005,38,9,66.673,111.665,40.725,45.46,9.285,6.635,0.98185,6.37,0,9.60444724610087,0
"899",2005,38,10,60.0225,185.725,70.45,81.865,16.565,7.2,0.98,6.73,0,9.60413322709288,0
"900",2005,38,11,56.0845,155.319,56.65,65.35,13.435,7.5,0.98375,6.44,0,9.60412880523026,0
"901",2005,38,12,55.455,190.164,69.315,81.02,16.89,7.67,0.99095,5.71,0,9.60412872843989,0
"902",2005,38,13,58.245,173.719,63.085,73.67,15.745,7.885,0.99475,5.325,0,9.60412874781316,0
"903",2005,38,14,63.9975,135.792,48.955,56.53,12.45,8,0.99665,5.085,0,9.60412878684511,0
"904",2005,38,15,71.9815,101.591,37.155,42.2,9.72,7.865,0.99755,4.235,0,9.60412889809494,0
"905",2005,38,16,81.4595,29.854,10.95,9.915,2.91,7.57,0.998,3.25,0,9.58742156769012,0
"906",2005,38,17,91.9455,1.357,0.33,0,0.14,7.075,0.9984,2.595,0,9.51359523541502,0
"907",2005,38,18,103.2555,0.46,0,0,0.01,6.9,0.999,2.315,0,9.51449999467448,0
"908",2005,38,19,114.6775,0.46,0,0,0.005,6.6,0.999,1.545,0,9.51455505521982,0
"909",2005,38,20,126.058,0.46,0,0,0,6.46,0.9995,1.215,0,9.51463391093075,0
"910",2005,38,21,136.9565,0.46,0,0,0.235,5.995,0.99915,2.2,0,9.51475682027856,0
"911",2005,38,22,146.551,0.46,0,0,0.595,4.07,0.9979,5.765,0,9.51491596048593,0
"912",2005,38,23,153.1435,0.437,0,0,0.19,3.13,0.99565,5.215,0,9.51510041220529,0
"913",2005,39,0,154.268,0.207,0,0,0.18,2.4,0.98645,6.73,0.0211666666666667,9.51529089649644,0
"914",2005,39,1,149.3315,0.161,0,0,0,2.285,0.9877,4.94,0.0211666666666667,9.51547120148336,0
"915",2005,39,2,140.5335,0.23,0,0,0.04,2.23,0.98505,4.665,0.0211666666666667,9.51563837338254,0
"916",2005,39,3,129.959,0.207,0,0,0.05,1.92,0.98085,4.725,0.0211666666666667,9.51578223650775,0
"917",2005,39,4,118.6735,0.069,0,0,0.09,1.425,0.98175,5.645,0.0211666666666667,9.51588859243785,0
"918",2005,39,5,107.211,0.184,0,0,0.025,1.14,0.98065,5.865,0.0211666666666667,9.51595260960637,0
"919",2005,39,6,95.8775,0.46,0.18,0,0.1,0.97,0.9794,4.86,0.0211666666666667,9.51597235463774,0
"920",2005,39,7,84.8765,30.176,11.66,10.92,2.97,0.795,0.97365,5.395,0.0211666666666667,9.50352098177477,0
"921",2005,39,8,75.0465,104.949,40.59,45.34,9.49,0.805,0.9601,5.965,0.0211666666666667,9.48391563605369,0
"922",2005,39,9,66.412,149.546,56.725,64.335,13.385,0.645,0.97325,5.46,0.0211666666666667,9.48287107404755,0
"923",2005,39,10,59.734,251.275,95.29,110.815,22.76,1.025,0.93115,5.055,0.0211666666666667,9.48285131903526,0
"924",2005,39,11,55.773,303.002,116.64,137.1,28.56,1.32,0.91,5.36,0.0211666666666667,9.48285107740681,0
"925",2005,39,12,55.1395,312.777,121.99,143.845,30.225,1.695,0.893,5.56,0.0211666666666667,9.48285126385237,0
"926",2005,39,13,57.9415,250.7,94.83,111.79,24.425,1.71,0.8934,5.43,0.0211666666666667,9.48285123657524,0
"927",2005,39,14,63.717,176.709,64.55,75.19,16.855,1.645,0.89145,4.85,0.0211666666666667,9.48285105505017,0
"928",2005,39,15,71.7255,103.73,37.905,42.675,10.055,1.555,0.8947,5.2,0.0211666666666667,9.48285107879301,0
"929",2005,39,16,81.2305,44.505,16.135,16.01,4.445,1.265,0.9043,4.94,0.0211666666666667,9.48260046169493,0
"930",2005,39,17,91.7415,2.622,0.67,0.025,0.275,0.805,0.9332,4.595,0.0211666666666667,9.43788524003523,0
"931",2005,39,18,103.051,0.115,0,0,0.05,0.34,0.9582,5.63,0.0211666666666667,9.44155863616552,0
"932",2005,39,19,114.4755,0,0,0,0.1,-0.065,0.95765,6.17,0.0211666666666667,9.441682566013,0
"933",2005,39,20,125.851,0,0,0,0.085,-0.395,0.9478,5.43,0.0211666666666667,9.44175106842676,0
"934",2005,39,21,136.7295,0.046,0,0,0.1,-0.67,0.93955,5.905,0.0211666666666667,9.44185663606358,0
"935",2005,39,22,146.2875,0.115,0,0,0.075,-0.84,0.9575,5.775,0.0211666666666667,9.44199621468936,0
"936",2005,39,23,152.8375,0.184,0,0,0.09,-0.89,0.9497,4.745,0.0211666666666667,9.44216188043167,0
"937",2005,40,0,153.9555,0.023,0,0,0.145,-1.105,0.9344,4.725,0.0846666666666667,9.44233774218384,0
"938",2005,40,1,149.061,0,0,0,0.18,-1.5,0.91865,5.595,0.0846666666666667,9.44250681318214,0
"939",2005,40,2,140.3065,0.023,0,0,0.315,-2.025,0.9474,5.465,0.0846666666666667,9.44266399464646,0
"940",2005,40,3,129.757,0.207,0,0,0.29,-2.61,0.975,5.42,0.0846666666666667,9.44280172863435,0
"941",2005,40,4,118.483,0.322,0,0,0.15,-2.645,0.9534,5.045,0.0846666666666667,9.44291149556419,0
"942",2005,40,5,107.0185,0.276,0,0,0.14,-2.685,0.9567,4.725,0.0846666666666667,9.44297930463921,0
"943",2005,40,6,95.68,1.403,0.105,0,0.41,-2.6,0.9392,4.41,0.0846666666666667,9.4430028104871,0
"944",2005,40,7,84.67,44.137,6.46,14.34,13.045,-2.53,0.92825,3.73,0.0846666666666667,9.4527229548454,0
"945",2005,40,8,74.81,177.399,26.24,71.23,53.02,-2.52,0.92585,4.52,0.0846666666666667,9.45031414091345,0
"946",2005,40,9,66.1445,365.585,55.49,154.635,109.77,-2.585,0.9058,5.39,0.0846666666666667,9.45002734058818,0
"947",2005,40,10,59.4375,588.018,97.42,259.825,174.87,-2.28,0.8566,4.435,0.0846666666666667,9.45002193141437,0
"948",2005,40,11,55.458,529.207,93.29,229.785,148.135,-1.82,0.841,3.39,0.0846666666666667,9.45002183687489,0
"949",2005,40,12,54.8195,499.399,92.32,216.42,133.435,-1.67,0.84495,4.34,0.0846666666666667,9.45002186133673,0
"950",2005,40,13,57.633,400.499,78.585,173.06,102.905,-1.475,0.83685,4.345,0.0846666666666667,9.45002192276822,0
"951",2005,40,14,63.434,295.343,60.175,127.18,74.315,-1.395,0.8486,4.965,0.0846666666666667,9.45002212879863,0
"952",2005,40,15,71.469,183.057,38.045,78.375,46.05,-1.315,0.85335,4.825,0.0846666666666667,9.45002197241831,0
"953",2005,40,16,80.998,54.625,11.08,20.415,13.525,-1.305,0.8705,4.55,0.0846666666666667,9.45001897379515,0
"954",2005,40,17,91.5355,6.739,1.29,1.485,1.895,-1.4,0.8933,4.06,0.0846666666666667,9.43191340337009,0
"955",2005,40,18,102.8465,0.092,0,0,0.06,-1.56,0.9185,3.765,0.0846666666666667,9.43966831965272,0
"956",2005,40,19,114.273,0.069,0,0,0.18,-1.805,0.93365,4.4,0.0846666666666667,9.43990186534594,0
"957",2005,40,20,125.64,0.092,0,0,0.24,-2.39,0.9182,5.06,0.0846666666666667,9.43997408681346,0
"958",2005,40,21,136.5015,0.138,0,0,0.2,-2.67,0.91385,4.25,0.0846666666666667,9.44008329272107,0
"959",2005,40,22,146.024,0.207,0,0,0.16,-2.855,0.8936,5.195,0.0846666666666667,9.44022710213807,0
"960",2005,40,23,152.529,0.207,0,0,0.05,-2.875,0.88845,5.215,0.0846666666666667,9.44039620253286,0
"961",2005,41,0,153.6385,0.138,0,0,0.245,-3.2,0.8407,7.355,0,9.44057601874664,0
"962",2005,41,1,148.7835,0,0,0,0.355,-4.105,0.8598,8.235,0,9.44074926300852,0
"963",2005,41,2,140.071,0,0,0,0.25,-4.47,0.87865,7.32,0,9.44090515103396,0
"964",2005,41,3,129.5485,0,0,0,0.315,-5.055,0.86985,8.205,0,9.44103840297011,0
"965",2005,41,4,118.2845,0,0,0,0.1,-5.415,0.82845,7.41,0,9.44113887618277,0
"966",2005,41,5,106.8215,0,0,0,0.105,-5.33,0.82315,6.515,0,9.44119994940959,0
"967",2005,41,6,95.477,1.587,0.15,0,0.54,-5.38,0.83795,6.6,0,9.44122267623239,0
"968",2005,41,7,84.4575,46.851,7.13,17.65,15.12,-5.415,0.8509,6.185,0,9.45648927209576,0
"969",2005,41,8,74.5665,125.534,17.19,49.99,38.74,-5.47,0.86595,6.195,0,9.45429601009279,0
"970",2005,41,9,65.873,577.323,95.595,273.05,191.385,-5.385,0.8494,6.405,0,9.45405899954392,0
"971",2005,41,10,59.1395,769.005,126.05,362.86,249.68,-4.88,0.8163,6.695,0,9.45405454785288,0
"972",2005,41,11,55.1395,1039.83,190.025,512.49,333.005,-4.38,0.78785,6.475,0,9.45405447431252,0
"973",2005,41,12,54.494,1093.098,219.71,544.945,335.605,-3.865,0.78335,6.615,0,9.45405450204565,0
"974",2005,41,13,57.3235,931.569,203.15,465.795,275.415,-3.835,0.7812,6.62,0,9.45405457791484,0
"975",2005,41,14,63.1495,535.739,118.35,259.41,151.84,-3.58,0.77345,6.73,0,9.45405484014767,0
"976",2005,41,15,71.2125,315.905,70.485,150.79,87.845,-3.245,0.76955,6.315,0,9.45405455928172,0
"977",2005,41,16,80.767,91.517,19.885,40.495,25.255,-3.05,0.7535,6.04,0,9.45405469843747,0
"978",2005,41,17,91.293,6.693,1.215,1.13,1.705,-3.02,0.7489,5.105,0,9.46538274301169,0
"979",2005,41,18,102.6395,0.069,0,0,0.01,-3.165,0.73875,4.67,0,9.48401614266299,0
"980",2005,41,19,114.071,0.023,0,0,0.03,-3.275,0.7567,4.635,0,9.48452900335475,0
"981",2005,41,20,125.4325,0,0,0,0.16,-3.72,0.7749,4.675,0,9.48460467996327,0
"982",2005,41,21,136.269,0,0,0,0.155,-3.995,0.785,5.515,0,9.48471036548609,0
"983",2005,41,22,145.756,0,0,0,0.08,-4.94,0.84215,3.97,0,9.4848472008266,0
"984",2005,41,23,152.218,0,0,0,0,-5.615,0.881,3.87,0,9.48500567356068,0
"985",2005,42,0,153.318,0.023,0,0,0,-5.985,0.9007,3.46,0.0105833333333333,9.48517545087314,0
"986",2005,42,1,148.5005,0,0,0,0,-6.46,0.91995,3.485,0.0105833333333333,9.48534453326865,0
"987",2005,42,2,139.8315,0.046,0,0,0,-6.1,0.92195,4,0.0105833333333333,9.48550232060769,0
"988",2005,42,3,129.336,0.069,0,0,0,-5.13,0.88015,4.62,0.0105833333333333,9.48563775505344,0
"989",2005,42,4,118.083,0.046,0,0,0,-4.755,0.8737,4.925,0.0105833333333333,9.48574016273782,0
"990",2005,42,5,106.619,0.069,0,0,0,-4.8,0.86915,5.395,0.0105833333333333,9.48580205794147,0
"991",2005,42,6,95.234,2.852,0.465,0.275,0.78,-5.295,0.8916,4.37,0.0105833333333333,9.48583072678345,0
"992",2005,42,7,84.24,137.08,35.47,60.55,39.135,-5.2,0.8953,2.69,0.0105833333333333,9.55742787458587,0
"993",2005,42,8,74.317,455.308,111.72,218.655,127.055,-3.115,0.841,6.93,0.0105833333333333,9.55699967389823,0
"994",2005,42,9,65.598,832.209,204.7,413.445,224.75,-1.98,0.8242,6.99,0.0105833333333333,9.55696836131125,0
"995",2005,42,10,58.836,1088.958,299.38,551.765,258.43,-0.345,0.7931,6.81,0.0105833333333333,9.55696783736746,0
"996",2005,42,11,54.815,1214.124,424.815,625.06,199.25,1.08,0.78445,6.275,0.0105833333333333,9.55696792009405,0
"997",2005,42,12,54.167,1223.37,471.715,632.365,158.525,2.315,0.76905,6.465,0.0105833333333333,9.55696779936098,0
"998",2005,42,13,57.011,1112.717,429.51,573.135,146.22,3.51,0.7582,7.215,0.0105833333333333,9.55696784760009,0
"999",2005,42,14,62.862,889.594,339.04,454.735,127.16,4.04,0.762,7.55,0.0105833333333333,9.55696800888384,0
"1000",2005,42,15,70.954,594.573,222.19,298.085,95.115,4.945,0.71305,7.61,0.0105833333333333,9.55696799756596,0
"1001",2005,42,16,80.535,249.527,90.45,118.07,47.375,4.935,0.70735,6.5,0.0105833333333333,9.55696780683296,0
"1002",2005,42,17,91.0865,20.493,6.74,5.5,5.02,3.415,0.7612,5.475,0.0105833333333333,9.56316146572194,0
"1003",2005,42,18,102.435,0.253,0,0,0.005,1.925,0.82875,4.61,0.0105833333333333,9.61205440299382,0
"1004",2005,42,19,113.867,0.368,0,0,0,1.42,0.83425,3.59,0.0105833333333333,9.61350047295424,0
"1005",2005,42,20,125.22,0.092,0,0,0,0.87,0.85785,3.375,0.0105833333333333,9.61359742733133,0
"1006",2005,42,21,136.039,0.161,0,0,0,0.505,0.87095,3.41,0.0105833333333333,9.61370881544771,0
"1007",2005,42,22,145.487,0.23,0,0,0,0.815,0.8467,4.34,0.0105833333333333,9.6138551665735,0
"1008",2005,42,23,151.9025,0.115,0,0,0,0.98,0.8413,5.015,0.0105833333333333,9.61402513581397,0
"1009",2005,43,0,152.991,0.276,0,0,0,1.255,0.8233,5.13,0,9.61420618996534,0
"1010",2005,43,1,148.212,0.437,0,0,0,1.105,0.81925,5.74,0,9.61439582135248,0
"1011",2005,43,2,139.585,0.391,0,0,0.01,0.78,0.81675,4.775,0,9.61457602508246,0
"1012",2005,43,3,129.115,0.299,0,0,0,0.615,0.8112,3.91,0,9.61472636329433,0
"1013",2005,43,4,117.874,0.299,0,0,0,0.535,0.8051,2.36,0,9.61483751224646,0
"1014",2005,43,5,106.412,0.092,0,0,0,0.475,0.80425,2.195,0,9.61490277681471,0
"1015",2005,43,6,95.0225,3.841,1.33,0.485,0.395,0.61,0.8027,2.73,0,9.61493668866732,0
"1016",2005,43,7,84.0185,162.679,57.145,70.36,29.455,0.865,0.80615,3.765,0,9.68369841982793,0
"1017",2005,43,8,74.065,451.95,168.095,216.25,65.605,1.995,0.81205,2.955,0,9.68318871539258,0
"1018",2005,43,9,65.317,717.784,272.625,353.49,93.415,3.385,0.7984,3.5,0,9.68316101811642,0
"1019",2005,43,10,58.5275,946.404,362.485,476.105,120.685,4.645,0.75885,3.53,0,9.68316058851419,0
"1020",2005,43,11,54.4875,1001.328,380.975,507.435,130.47,6.125,0.7363,2.575,0,9.68316068109978,0
"1021",2005,43,12,53.837,1121.94,421.9,571.965,153.56,7.725,0.71035,2.59,0,9.68316053613488,0
"1022",2005,43,13,56.696,911.145,337.015,459.08,131.315,9.015,0.71145,3.425,0,9.68316058350059,0
"1023",2005,43,14,62.573,646.576,237.405,320.995,95.525,9.63,0.7217,4.355,0,9.68316074114563,0
"1024",2005,43,15,70.6945,387.067,143.64,189.34,56.9,9.47,0.76665,4.545,0,9.68316074009407,0
"1025",2005,43,16,80.303,161.322,61.31,77.735,23.95,9.16,0.7933,3.065,0,9.68316054341065,0
"1026",2005,43,17,90.842,13.363,5.655,4.77,1.365,8.545,0.81725,1.74,0,9.69237395093918,0
"1027",2005,43,18,102.228,0.046,0,0,0,7.24,0.84165,2.255,0,9.72489636893553,0
"1028",2005,43,19,113.6645,0,0,0,0,6.03,0.86695,2.995,0,9.72586995285501,0
"1029",2005,43,20,125.0105,0,0,0,0,6.29,0.83805,4.35,0,9.72595448186033,0
"1030",2005,43,21,135.8055,0,0,0,0,5.29,0.85455,4.285,0,9.72606205842516,0
"1031",2005,43,22,145.213,0,0,0,0,5.425,0.84495,4.315,0,9.72620045332641,0
"1032",2005,43,23,151.5845,0,0,0,0,5.49,0.8494,4.485,0,9.72636101089236,0
"1033",2005,44,0,152.6625,0,0,0,0.19,5.01,0.87405,4.675,0.9525,9.72653232614573,0
"1034",2005,44,1,147.9175,0,0,0,0,4.7,0.89245,4.335,0.9525,9.72670260980403,0
"1035",2005,44,2,139.333,0,0,0,0,5.175,0.8814,4.39,0.9525,9.72686013021919,0
"1036",2005,44,3,128.889,0,0,0,0,5.095,0.89475,4.595,0.9525,9.72699391006153,0
"1037",2005,44,4,117.6615,0.115,0,0,0.01,5.215,0.9014,5.52,0.9525,9.72709623271597,0
"1038",2005,44,5,106.1995,0.46,0,0,0,5.36,0.93835,5.84,0.9525,9.72716258482963,0
"1039",2005,44,6,94.769,0.667,0.065,0,0,5.995,0.97155,6.675,0.9525,9.72718193851134,0
"1040",2005,44,7,83.79,14.49,4.77,3.075,1.06,6.32,0.97555,6.875,0.9525,9.72666984159584,0
"1041",2005,44,8,73.806,63.411,21.445,22.585,4.76,6.46,0.97825,7.005,0.9525,9.64675623011876,0
"1042",2005,44,9,65.032,100.234,35.015,38.975,8.115,6.78,0.9685,8.23,0.9525,9.64090186813575,0
"1043",2005,44,10,58.2145,85.583,28.895,30.985,6.36,6.86,0.9567,8.27,0.9525,9.64079546948479,0
"1044",2005,44,11,54.155,108.399,36.145,39.785,7.525,6.89,0.9714,9,0.9525,9.6407940013054,0
"1045",2005,44,12,53.5025,96.968,31.67,34,6.115,7.025,0.96745,8.825,0.9525,9.64079403345716,0
"1046",2005,44,13,56.3775,91.931,30.035,32.165,5.83,7.275,0.9642,9.04,0.9525,9.64079395753535,0
"1047",2005,44,14,62.284,71.093,23.25,23.95,4.365,7.52,0.9679,8.99,0.9525,9.64079356180008,0
"1048",2005,44,15,70.434,59.133,20.065,20.3,3.935,7.835,0.97335,9.26,0.9525,9.64076433887991,0
"1049",2005,44,16,80.0695,28.911,9.965,8.43,2.04,8.09,0.9742,9.385,0.9525,9.5775841635222,0
"1050",2005,44,17,90.6385,3.358,1.255,0,0.09,8.435,0.97455,9.325,0.9525,9.50486925920854,0
"1051",2005,44,18,102.0225,0.46,0,0,0,8.94,0.97465,10.215,0.9525,9.50567897377157,0
"1052",2005,44,19,113.46,0.46,0,0,0,9.405,0.97825,9.88,0.9525,9.50573319176691,0
"1053",2005,44,20,124.798,0.46,0,0,0,10.13,0.9794,9.125,0.9525,9.50581234043911,0
"1054",2005,44,21,135.5705,0.46,0,0,0,11.19,0.9665,9.505,0.9525,9.50593554437383,0
"1055",2005,44,22,144.939,0.46,0,0,0,11.485,0.94375,7.555,0.9525,9.50609490089943,0
"1056",2005,44,23,151.263,0.46,0,0,0,11.3,0.88685,8.925,0.9525,9.50628019404109,0
"1057",2005,45,0,152.3285,0.391,0,0,0.14,10.6,0.8836,9.265,0,9.50647632823523,0
"1058",2005,45,1,147.618,0.368,0,0,0.13,9.89,0.9018,8.515,0,9.50666835158158,0
"1059",2005,45,2,139.075,0.414,0,0,0.065,9.485,0.90965,9.24,0,9.50684628947107,0
"1060",2005,45,3,128.66,0.368,0,0,0.11,8.92,0.9343,9.375,0,9.50699851752201,0
"1061",2005,45,4,117.4435,0.46,0,0,0.005,8.185,0.9598,9.1,0,9.50711389920939,0
"1062",2005,45,5,105.982,0.46,0,0,0.005,7.66,0.93435,11.4,0,9.50718502286751,0
"1063",2005,45,6,94.552,0.69,0.125,0,0,7.035,0.92,10.97,0,9.50720573178079,0
"1064",2005,45,7,83.556,11.523,4.02,2.035,0.95,6.285,0.9065,12.535,0,9.50697307660495,0
"1065",2005,45,8,73.5455,88.458,33.39,35.66,7.36,5.34,0.91205,11.55,0,9.46252058061249,0
"1066",2005,45,9,64.743,123.073,45.985,49.86,9.885,5.25,0.8869,11.23,0,9.45905083730426,0
"1067",2005,45,10,57.897,236.555,88.66,103.465,21.21,4.93,0.8334,12.795,0,9.4589846480389,0
"1068",2005,45,11,53.82,626.359,244.785,300.98,62.81,5.25,0.82235,11.98,0,9.4589838356919,0
"1069",2005,45,12,53.1645,555.036,216,265.595,57.425,5.69,0.8046,11.2,0,9.45898368124796,0
"1070",2005,45,13,56.057,550.459,213.485,265.015,59.985,6.685,0.7967,10.54,0,9.45898371002562,0
"1071",2005,45,14,61.9915,508.576,195.265,242.32,58.71,7.49,0.78525,9.955,0,9.45898379119119,0
"1072",2005,45,15,70.174,565.892,217.36,280.205,78.535,8.475,0.7784,9.15,0,9.45898405752874,0
"1073",2005,45,16,79.8365,271.446,99.74,127.11,47.04,8.9,0.7956,6.64,0,9.45898373438086,0
"1074",2005,45,17,90.432,25.093,8.855,7.56,4.685,8.11,0.8393,4.11,0,9.46230846736146,0
"1075",2005,45,18,101.815,0,0,0,0,7.36,0.87695,3.815,0,9.51321326303658,0
"1076",2005,45,19,113.256,0,0,0,0,6.57,0.91065,3.435,0,9.51498733583921,0
"1077",2005,45,20,124.584,0.046,0,0,0,6.19,0.92175,3.98,0,9.51508132495002,0
"1078",2005,45,21,135.3355,0.299,0,0,0,5.95,0.9129,3.965,0,9.51519078921988,0
"1079",2005,45,22,144.663,0.207,0,0,0,5.77,0.90195,3.56,0,9.51533816681179,0
"1080",2005,45,23,150.938,0.345,0,0,0,6.48,0.86805,4.435,0,9.51551038986407,0
"1081",2005,46,0,151.99,0.092,0,0,0,6.605,0.85115,4.24,0.201083333333333,9.51569366607239,0
"1082",2005,46,1,147.3145,0.069,0,0,0,7.49,0.82355,4.955,0.201083333333333,9.51586770733512,0
"1083",2005,46,2,138.811,0,0,0,0.015,7.465,0.8225,5.06,0.201083333333333,9.51602715871583,0
"1084",2005,46,3,128.423,0,0,0,0,7.42,0.8218,4.25,0.201083333333333,9.51616175099393,0
"1085",2005,46,4,117.217,0,0,0,0,8.045,0.8186,3.8,0.201083333333333,9.51626409445868,0
"1086",2005,46,5,105.7585,0,0,0,0,8.125,0.8183,2.775,0.201083333333333,9.51632713799756,0
"1087",2005,46,6,94.33,2.208,0.67,0.095,0.24,7.24,0.84695,3.36,0.201083333333333,9.51635539082339,0
"1088",2005,46,7,83.3165,33.603,12.93,12.075,3.285,6.59,0.88565,3.555,0.201083333333333,9.50335257164465,0
"1089",2005,46,8,73.2785,155.089,59.22,69.025,15.52,7.985,0.85865,3.92,0.201083333333333,9.49532425934092,0
"1090",2005,46,9,64.449,116.035,40.67,45.5,9.99,9.24,0.83105,6.73,0.201083333333333,9.49461874430546,0
"1091",2005,46,10,57.5755,408.802,153.645,189.54,41.615,10.395,0.8168,6.67,0.201083333333333,9.4946052629237,0
"1092",2005,46,11,53.479,710.401,267.09,340.66,79.245,12.265,0.7637,3.51,0.201083333333333,9.49460511670557,0
"1093",2005,46,12,52.8235,779.93,295.035,379.21,91.325,13.525,0.74735,3.025,0.201083333333333,9.49460531188988,0
"1094",2005,46,13,55.7355,1204.74,441.09,595.15,158.365,15.295,0.6786,4.91,0.201083333333333,9.49460525083579,0
"1095",2005,46,14,61.7005,935.755,331.035,455.065,133.195,16.19,0.66475,4.74,0.201083333333333,9.49460509745522,0
"1096",2005,46,15,69.9125,477.112,168.43,224.82,68.935,14.03,0.7248,7.11,0.201083333333333,9.49460513492681,0
"1097",2005,46,16,79.601,94.829,33.46,40.76,12.86,11.965,0.8071,8.73,0.201083333333333,9.49460523574145,0
"1098",2005,46,17,90.189,7.176,1.745,1.09,1.84,8.925,0.88825,11.945,0.201083333333333,9.50111320475492,0
"1099",2005,46,18,101.609,0.23,0,0,0.99,5.865,0.95365,13.125,0.201083333333333,9.51881751041694,0
"1100",2005,46,19,113.051,0.161,0,0,0.515,4.39,0.8996,12.51,0.201083333333333,9.51934176682789,0
"1101",2005,46,20,124.3695,0,0,0,0.25,3.51,0.87845,11.575,0.201083333333333,9.51941782212949,0
"1102",2005,46,21,135.0975,0.23,0,0,0.235,2.895,0.8835,9.77,0.201083333333333,9.51952559539679,0
"1103",2005,46,22,144.384,0.391,0,0,0.215,1.995,0.90915,8.24,0.201083333333333,9.51967530559069,0
"1104",2005,46,23,150.612,0.299,0,0,0.295,1.915,0.88105,9.29,0.201083333333333,9.51985243124799,0
"1105",2005,47,0,151.6475,0,0,0,0.325,0.735,0.9449,7.75,0.0105833333333333,9.52003225541773,0
"1106",2005,47,1,147.005,0,0,0,0.075,0.51,0.9609,5.22,0.0105833333333333,9.52020174694592,0
"1107",2005,47,2,138.543,0,0,0,0.16,0.35,0.9226,6.28,0.0105833333333333,9.52035895099555,0
"1108",2005,47,3,128.1815,0.046,0,0,0.045,0.32,0.8924,6.005,0.0105833333333333,9.52049447070226,0
"1109",2005,47,4,116.989,0.391,0,0,0.055,0.12,0.8642,5.97,0.0105833333333333,9.5206036508513,0
"1110",2005,47,5,105.531,0.322,0,0,0.12,-0.325,0.8711,6.545,0.0105833333333333,9.52067455834265,0
"1111",2005,47,6,94.0655,5.589,1.755,0.84,0.78,-0.775,0.87505,6.645,0.0105833333333333,9.52073166733723,0
"1112",2005,47,7,83.076,130.617,55.175,57.1,20.97,-1.02,0.86525,5.83,0.0105833333333333,9.59611615412133,0
"1113",2005,47,8,73.0085,426.673,178.905,222.27,61.145,-0.93,0.8267,5.59,0.0105833333333333,9.59577159105136,0
"1114",2005,47,9,64.1505,654.304,265.46,332.03,79.175,-0.7,0.78095,6.385,0.0105833333333333,9.59574189349904,0
"1115",2005,47,10,57.251,1052.342,418.125,542.33,128.255,0.06,0.7519,5.395,0.0105833333333333,9.59574143537492,0
"1116",2005,47,11,53.1365,1105.219,432.45,573.21,141.455,1.44,0.6938,5.53,0.0105833333333333,9.59574144420555,0
"1117",2005,47,12,52.481,978.558,374.735,504.82,130.195,1.95,0.6548,8.75,0.0105833333333333,9.59574133682651,0
"1118",2005,47,13,55.411,766.153,290.475,387.585,104.43,1.895,0.6339,8.605,0.0105833333333333,9.59574135678842,0
"1119",2005,47,14,61.4075,697.383,262.8,354.325,100.635,2.4,0.6308,8.75,0.0105833333333333,9.59574140966729,0
"1120",2005,47,15,69.6505,621.023,233.425,319.245,98.855,2.66,0.56615,10.06,0.0105833333333333,9.59574157854886,0
"1121",2005,47,16,79.3675,228.505,82.52,107.625,40.295,2.06,0.5392,9.655,0.0105833333333333,9.5957414491297,0
"1122",2005,47,17,89.9855,30.567,10.655,11.105,6.57,1.09,0.5841,7.82,0.0105833333333333,9.59668294753449,0
"1123",2005,47,18,101.402,0,0,0,0,0.42,0.64985,6.905,0.0105833333333333,9.64078376611911,0
"1124",2005,47,19,112.844,0.023,0,0,0,-0.115,0.6754,6.13,0.0105833333333333,9.64332662597182,0
"1125",2005,47,20,124.155,0,0,0,0,-0.45,0.69495,5.215,0.0105833333333333,9.64343377975537,0
"1126",2005,47,21,134.86,0.069,0,0,0,-0.765,0.7214,3.915,0.0105833333333333,9.64353966527277,0
"1127",2005,47,22,144.1035,0.069,0,0,0,-1.255,0.77075,3.46,0.0105833333333333,9.64367912648799,0
"1128",2005,47,23,150.2815,0.184,0,0,0,-1.18,0.79,3.31,0.0105833333333333,9.64384434724526,0
"1129",2005,48,0,151.3015,0.138,0,0,0,-1.18,0.80665,3.035,0,9.64402341207335,0
"1130",2005,48,1,146.6895,0.023,0,0,0,-0.955,0.79805,2.665,0,9.64419918834779,0
"1131",2005,48,2,138.269,0.023,0,0,0,-1.21,0.8135,2.18,0,9.64435848317454,0
"1132",2005,48,3,127.935,0.184,0,0,0,-1.71,0.8283,3.4,0,9.64449778419948,0
"1133",2005,48,4,116.7565,0.115,0,0,0.19,-1.85,0.76335,8.885,0,9.64460642060581,0
"1134",2005,48,5,105.3,0.023,0,0,0.245,-2.84,0.67035,8.33,0,9.64467158803009,0
"1135",2005,48,6,93.836,6.003,1.83,0.83,1.025,-3.59,0.7049,9.295,0,9.64473140181416,0
"1136",2005,48,7,82.8285,173.604,63.765,80.65,32.765,-4.68,0.7335,9.205,0,9.72036708042158,0
"1137",2005,48,8,72.735,521.778,190.535,260.45,89.63,-5.14,0.6591,11.47,0,9.71998115169119,0
"1138",2005,48,9,63.8485,893.987,326.555,458.88,143.45,-5.22,0.57625,11.9,0,9.71995681004477,0
"1139",2005,48,10,56.922,1120.192,411.295,581.835,171.19,-4.7,0.57345,11.26,0,9.71995644990703,0
"1140",2005,48,11,52.788,1275.695,470.06,668.24,192.67,-4.06,0.55935,9.825,0,9.71995650503949,0
"1141",2005,48,12,52.134,1260.124,462.79,659.46,190.705,-3.36,0.5598,9.105,0,9.71995635896284,0
"1142",2005,48,13,55.085,1038.91,379.185,537.745,159.295,-2.665,0.5499,8.3,0,9.7199563764181,0
"1143",2005,48,14,61.113,881.544,320.145,450.945,140.03,-1.755,0.5234,8.625,0,9.71995642080755,0
"1144",2005,48,15,69.388,561.568,202.31,280.12,92.995,-0.965,0.5206,7.61,0,9.71995655992657,0
"1145",2005,48,16,79.1335,261.441,97.125,131.68,48.48,-0.545,0.52625,6.785,0,9.71995652750903,0
"1146",2005,48,17,89.7395,31.004,11.69,12.965,6.19,-0.685,0.5791,5.64,0,9.72050743093038,0
"1147",2005,48,18,101.195,0.069,0,0,0,-1.225,0.6602,3.805,0,9.75860232655277,0
"1148",2005,48,19,112.6405,0,0,0,0,-1.67,0.6877,3.01,0,9.76115499693359,0
"1149",2005,48,20,123.941,0.115,0,0,0,-1.97,0.72055,1.67,0,9.7612642065762,0
"1150",2005,48,21,134.617,0.023,0,0,0,-1.515,0.7063,1.455,0,9.76137220305637,0
"1151",2005,48,22,143.8205,0.023,0,0,0,-1.26,0.71515,2.38,0,9.76150950364631,0
"1152",2005,48,23,149.9495,0.023,0,0,0.27,-1.64,0.7464,5.795,0,9.76167059642678,0
"1153",2005,49,0,150.9525,0.023,0,0,0.275,-2.635,0.86025,4.67,0,9.76184289140175,0
"1154",2005,49,1,146.3695,0.023,0,0,0.03,-2.865,0.8654,2.495,0,9.76201492982423,0
"1155",2005,49,2,137.9895,0.023,0,0,0.39,-3.85,0.7741,5.98,0,9.76217554490827,0
"1156",2005,49,3,127.683,0,0,0,0.3,-5.215,0.6911,6.405,0,9.76231223812794,0
"1157",2005,49,4,116.5175,0,0,0,0.3,-6.19,0.7043,5.85,0,9.7624158313781,0
"1158",2005,49,5,105.063,0,0,0,0.265,-7.125,0.66085,6.235,0,9.76247977154295,0
"1159",2005,49,6,93.5645,7.245,2.49,1.41,1.495,-7.895,0.71045,6.045,0,9.76255660513139,0
"1160",2005,49,7,82.5755,159.781,58.735,74.835,28.645,-8.21,0.7292,6.135,0,9.83170982708924,0
"1161",2005,49,8,72.455,543.421,195.325,270.08,94.455,-7.925,0.68155,4.83,0,9.83120551756355,0
"1162",2005,49,9,63.544,896.379,325.46,459.215,144.405,-7.11,0.634,4.16,0,9.83117940063253,0
"1163",2005,49,10,56.5895,1154.715,424.685,601.89,177.705,-6.075,0.5734,3.73,0,9.83117898941687,0
"1164",2005,49,11,52.4375,1296.188,480.635,682.17,195.615,-5.04,0.4956,3.47,0,9.83117911150581,0
"1165",2005,49,12,51.784,1315.071,488.32,693.915,198.345,-4.085,0.4803,3.035,0,9.83117899218763,0
"1166",2005,49,13,54.759,1208.972,449.34,637.775,186.1,-2.965,0.46945,2.27,0,9.83117917116607,0
"1167",2005,49,14,60.818,990.472,363.71,518.765,159.735,-2.46,0.46975,2.44,0,9.83117914427589,0
"1168",2005,49,15,69.126,674.935,244.655,347.285,118.065,-2.305,0.49045,3.765,0,9.83117895351803,0
"1169",2005,49,16,78.9,312.041,111.295,153.67,62.615,-2.235,0.50105,4.23,0,9.83117896717322,0
"1170",2005,49,17,89.5355,35.995,12.49,13.375,9.17,-2.585,0.53405,3.73,0,9.83125441675998,0
"1171",2005,49,18,100.9895,0.092,0,0,0,-3.26,0.6244,2.835,0,9.86952956133237,0
"1172",2005,49,19,112.4335,0,0,0,0,-3.54,0.632,1.79,0,9.87337415926985,0
"1173",2005,49,20,123.7235,0,0,0,0,-3.785,0.68675,2.57,0,9.87350511381031,0
"1174",2005,49,21,134.377,0.023,0,0,0,-4.18,0.7485,2.57,0,9.87361116633226,0
"1175",2005,49,22,143.5355,0,0,0,0,-4.315,0.73,2.27,0,9.8737487926901,0
"1176",2005,49,23,149.616,0.046,0,0,0,-4.62,0.73585,1.905,0,9.87390971263956,0
"1177",2005,50,0,150.6005,0,0,0,0,-4.97,0.72865,2.63,0.0105833333333333,9.87408338884726,0
"1178",2005,50,1,146.047,0.023,0,0,0,-5.63,0.7784,2.45,0.0105833333333333,9.87425530075895,0
"1179",2005,50,2,137.7055,0,0,0,0,-5.525,0.7739,1.665,0.0105833333333333,9.87441612526664,0
"1180",2005,50,3,127.427,0,0,0,0,-5.725,0.79205,2.765,0.0105833333333333,9.87455279037516,0
"1181",2005,50,4,116.275,0.069,0,0,0,-5.925,0.77595,3.275,0.0105833333333333,9.87465814132289,0
"1182",2005,50,5,104.823,0.046,0,0,0,-6.12,0.7953,2.53,0.0105833333333333,9.87472401595687,0
"1183",2005,50,6,93.328,9.223,3.72,2.53,1.68,-6.18,0.78885,2.745,0.0105833333333333,9.87484448909685,0
"1184",2005,50,7,82.3195,178.756,62.99,82.06,33.17,-4.9,0.7625,3.49,0.0105833333333333,9.94215366383775,0
"1185",2005,50,8,72.1725,367.241,130.295,177.78,58.37,-2.92,0.7204,4.335,0.0105833333333333,9.94162536147405,0
"1186",2005,50,9,63.234,629.694,227.78,309.935,92.01,-1.375,0.7006,5.515,0.0105833333333333,9.94160151149895,0
"1187",2005,50,10,56.2515,505.333,179.46,241.7,68.83,-0.47,0.67575,5.735,0.0105833333333333,9.94160108641913,0
"1188",2005,50,11,52.0835,450.294,157.725,210.19,58.895,-0.425,0.6845,6.49,0.0105833333333333,9.9416011420235,0
"1189",2005,50,12,51.4325,641.93,227.79,305.655,85.62,-0.005,0.65945,5.95,0.0105833333333333,9.94160134929463,0
"1190",2005,50,13,54.428,517.661,184.375,244.3,68.115,0.38,0.6518,4.475,0.0105833333333333,9.94160123850627,0
"1191",2005,50,14,60.521,516.741,184.805,246.975,70.15,0.995,0.6401,5.1,0.0105833333333333,9.94160112723671,0
"1192",2005,50,15,68.8625,230.69,81.93,105.845,29.86,1.175,0.6487,5.265,0.0105833333333333,9.94160120499767,0
"1193",2005,50,16,78.6655,93.587,33.4,40.79,12.095,1.075,0.6924,5.32,0.0105833333333333,9.94160143338069,0
"1194",2005,50,17,89.3305,11.27,3.995,3.3,1.38,0.755,0.73785,4.745,0.0105833333333333,9.93232742133581,0
"1195",2005,50,18,100.7825,0.046,0,0,0.22,0.24,0.791,6.34,0.0105833333333333,9.94500155189794,0
"1196",2005,50,19,112.227,0.023,0,0,0.1,-0.47,0.88,6.19,0.0105833333333333,9.94554065853682,0
"1197",2005,50,20,123.505,0.023,0,0,0,-0.455,0.9052,6.73,0.0105833333333333,9.94561752248043,0
"1198",2005,50,21,134.1325,0,0,0,0,-0.065,0.8297,6.535,0.0105833333333333,9.94572453276835,0
"1199",2005,50,22,143.2475,0.184,0,0,0.005,0.12,0.8227,6.62,0.0105833333333333,9.94586644281969,0
"1200",2005,50,23,149.2785,0.207,0,0,0.005,0.01,0.8907,7.13,0.0105833333333333,9.9460380364912,0
"1201",2005,51,0,150.2435,0.299,0,0,0,0,0.93355,6.255,0.15875,9.94622509699525,0
"1202",2005,51,1,145.7195,0.299,0,0,0,0.065,0.94055,6.53,0.15875,9.94641560553906,0
"1203",2005,51,2,137.4175,0.138,0,0,0,0.2,0.92465,7.07,0.15875,9.94658789907291,0
"1204",2005,51,3,127.165,0,0,0,0,0.235,0.93725,8.175,0.15875,9.94672827342392,0
"1205",2005,51,4,116.026,0,0,0,0,0.215,0.95665,8.54,0.15875,9.94683207336419,0
"1206",2005,51,5,104.578,0.023,0,0,0,0.305,0.96175,8.7,0.15875,9.94689590388983,0
"1207",2005,51,6,93.0485,0.667,0.12,0,0,0.665,0.9704,7.805,0.15875,9.94691700737276,0
"1208",2005,51,7,82.0595,20.7,7.005,5.075,1.64,1.17,0.9757,7.41,0.15875,9.94456926755539,0
"1209",2005,51,8,71.8865,66.378,22.81,23.84,5.275,1.67,0.9786,7.835,0.15875,9.86830338526699,0
"1210",2005,51,9,62.921,79.327,26.87,28.155,5.705,2.365,0.98265,6.85,0.15875,9.86459574915309,0
"1211",2005,51,10,55.9125,122.245,42.42,47.05,8.96,3.33,0.98765,6.12,0.15875,9.86452982326497,0
"1212",2005,51,11,51.7255,111.274,37.45,41.03,7.9,4.455,0.9873,7.08,0.15875,9.86452894799097,0
"1213",2005,51,12,51.0775,147.591,50.975,57.405,11.225,5.345,0.9874,7.81,0.15875,9.86452892515613,0
"1214",2005,51,13,54.097,92.276,31.29,33.1,6.295,6.195,0.99145,7.54,0.15875,9.86452889335139,0
"1215",2005,51,14,60.226,100.096,35.675,38.415,7.55,7.66,0.9897,8.93,0.15875,9.86452892616264,0
"1216",2005,51,15,68.6,134.596,50.62,57.765,12.185,8.545,0.97515,9.21,0.15875,9.86452902201546,0
"1217",2005,51,16,78.4315,103.776,41.14,46.15,10.125,9.075,0.97305,7.51,0.15875,9.86452930336527,0
"1218",2005,51,17,89.088,4.278,1.46,0.11,0.28,9.01,0.97955,5.38,0.15875,9.85740505942122,0
"1219",2005,51,18,100.5745,0.46,0.005,0,0.05,9.655,0.9657,4.71,0.15875,9.86896294051901,0
"1220",2005,51,19,112.0215,0.46,0,0,0.11,9.335,0.9654,4.4,0.15875,9.86942848414278,0
"1221",2005,51,20,123.288,0.46,0,0,0.235,8.965,0.9653,6.67,0.15875,9.8695134893823,0
"1222",2005,51,21,133.889,0.138,0,0,0.78,6.855,0.93915,7.42,0.15875,9.86963125926332,0
"1223",2005,51,22,142.9595,0.115,0,0,0.055,5.45,0.9292,4.055,0.15875,9.86977496852517,0
"1224",2005,51,23,148.9395,0.138,0,0,0.185,4.71,0.95575,5.405,0.15875,9.86994138117461,0
"1225",2005,52,0,149.886,0.161,0,0,0.14,3.785,0.9734,5.525,0,9.8701222091766,0
"1226",2005,52,1,145.3865,0.322,0,0,0.005,3.51,0.97715,5.025,0,9.87030733741571,0
"1227",2005,52,2,137.123,0.46,0,0,0.065,3.15,0.9873,3.41,0,9.87048855563986,0
"1228",2005,52,3,126.898,0.391,0,0,0.185,2.57,0.9789,5.04,0,9.8706462371133,0
"1229",2005,52,4,115.7745,0.322,0,0,0,2.245,0.9548,4.395,0,9.87076374738639,0
"1230",2005,52,5,104.329,0.345,0,0,0.095,1.875,0.9387,5.215,0,9.87083538227295,0
"1231",2005,52,6,92.806,2.99,1.09,0.245,0.25,1.88,0.92055,3.47,0,9.87086977718276,0
"1232",2005,52,7,81.794,35.029,13.465,12.945,3.42,2.055,0.93275,4.565,0,9.85053307556114,0
"1233",2005,52,8,71.5975,72.013,26.165,28.635,6.68,1.765,0.9433,5.685,0,9.82698697526635,0
"1234",2005,52,9,62.6035,99.797,35.32,39.445,8.93,1.27,0.96385,6.65,0,9.82619207622593,0
"1235",2005,52,10,55.569,140.921,51.13,58.305,12.635,1.375,0.962,6.33,0,9.82617785584236,0
"1236",2005,52,11,51.365,189.06,67.82,80.375,17.555,1.635,0.9337,6.255,0,9.82617773735457,0
"1237",2005,52,12,50.7205,228.183,82.075,99.21,22.23,1.8,0.9095,5.11,0,9.82617783475612,0
"1238",2005,52,13,53.764,180.389,63.815,76.63,17.56,1.89,0.89805,4.275,0,9.82617768231959,0
"1239",2005,52,14,59.9265,166.543,59.465,71.74,16.96,1.995,0.8846,4.2,0,9.8261777371294,0
"1240",2005,52,15,68.3375,117.415,42.1,49.965,12.275,2.11,0.86385,4.365,0,9.82617790296738,0
"1241",2005,52,16,78.198,56.741,20.54,22.585,5.95,2.17,0.8486,3.775,0,9.82617285702542,0
"1242",2005,52,17,88.884,8.924,3.08,1.875,0.97,2.085,0.8487,3.31,0,9.78861446793132,0
"1243",2005,52,18,100.369,0,0.01,0,0,2.175,0.8347,3.395,0,9.79465059308545,0
"1244",2005,52,19,111.815,0,0,0,0,2.095,0.8486,2.14,0,9.79489847495518,0
"1245",2005,52,20,123.07,0,0,0,0,2.025,0.86855,0.785,0,9.79496883061465,0
"1246",2005,52,21,133.6425,0,0,0,0,1.825,0.889,1.44,0,9.79507430212526,0
"1247",2005,52,22,142.6695,0,0,0,0,1.63,0.90665,1.18,0,9.79521152136015,0
"1248",2005,52,23,148.5975,0.046,0,0,0,1.55,0.8968,2.01,0,9.79537203921389,0
"1249",2005,53,0,149.523,0.115,0,0,0,1.44,0.8872,2.805,0,9.79554796126698,0
"1250",2005,53,1,145.049,0.092,0,0,0.005,1.245,0.8838,3.005,0,9.79572549587692,0
"1251",2005,53,2,136.8235,0.092,0,0,0,1.05,0.8691,1.88,0,9.79588966184028,0
"1252",2005,53,3,126.6275,0.069,0,0,0,1,0.897,1.275,0,9.7960294278031,0
"1253",2005,53,4,115.519,0.092,0,0,0,0.78,0.9055,2.565,0,9.79613572524978,0
"1254",2005,53,5,104.0755,0.092,0,0,0.005,0.695,0.8861,3.05,0,9.79620152828137,0
"1255",2005,53,6,92.521,3.036,0.855,0.255,0.275,0.7,0.8824,3.715,0,9.79623435318349,0
"1256",2005,53,7,81.525,41.193,14.645,15.285,4.35,0.845,0.87955,4.39,0,9.78883813675407,0
"1257",2005,53,8,71.303,95.841,33.62,39.595,10.2,0.98,0.86455,4.985,0,9.78093788019298,0
"1258",2005,53,9,62.284,129.973,44.585,53.33,13.48,1.11,0.85405,5.845,0,9.7805448440367,0
"1259",2005,53,10,55.222,216.844,74.38,92.4,23.42,1.305,0.90575,6.85,0,9.78053779570585,0
"1260",2005,53,11,51,392.863,138.685,178.28,46.12,1.555,0.8442,6.81,0,9.78053769008609,0
"1261",2005,53,12,50.36,323.587,110.52,141.295,37.185,1.805,0.81525,6.87,0,9.78053772693251,0
"1262",2005,53,13,53.431,160.356,53.33,65.865,17.515,1.605,0.8436,6.935,0,9.78053783685997,0
"1263",2005,53,14,59.63,314.709,112.68,145.83,39.51,1.63,0.825,6.305,0,9.78053822512229,0
"1264",2005,53,15,68.0745,256.657,93.63,122.18,34.22,1.855,0.76625,6.74,0,9.7805377406873,0
"1265",2005,53,16,77.964,185.817,68.38,88.66,28.04,1.735,0.74895,5.695,0,9.78053780279902,0
"1266",2005,53,17,88.679,35.811,13.68,15.595,6.225,1.41,0.776,3.305,0,9.78059331589242,0
"1267",2005,53,18,100.1625,0,0.005,0,0,0.83,0.78285,2.155,0,9.81920152810667,0
"1268",2005,53,19,111.608,0.207,0,0,0,0.36,0.7995,1.375,0,9.82300666903213,0
"1269",2005,53,20,122.849,0.138,0,0,0,0.21,0.8002,2.07,0,9.8231398067418,0
"1270",2005,53,21,133.395,0.322,0,0,0,-0.58,0.83145,2.3,0,9.82325269364923,0
"1271",2005,53,22,142.378,0.299,0,0,0,-1.69,0.88925,2.345,0,9.82340388231683,0
"1272",2005,53,23,148.2525,0.299,0,0,0,-1.82,0.8744,2.365,0,9.8235797732112,0
"1273",2005,54,0,149.1575,0.184,0,0,0,-2.465,0.8912,1.29,0,9.82376594453286,0
"1274",2005,54,1,144.7095,0.253,0,0,0,-2.75,0.9065,1.18,0,9.82394998738349,0
"1275",2005,54,2,136.522,0.207,0,0,0,-2.74,0.897,1.64,0,9.82412272689377,0
"1276",2005,54,3,126.352,0.069,0,0,0,-3.285,0.9224,1.01,0,9.82426694334505,0
"1277",2005,54,4,115.257,0.023,0,0,0,-3.79,0.93645,2.13,0,9.82437315034608,0
"1278",2005,54,5,103.818,0,0,0,0,-4.065,0.9193,1.54,0,9.82443836413048,0
"1279",2005,54,6,92.2715,13.317,5.58,5.255,2.4,-4.07,0.90405,1.54,0,9.82478179899075,0
"1280",2005,54,7,81.2525,216.706,82.41,110.825,43.35,-3.495,0.90735,1.79,0,9.90001880652279,0
"1281",2005,54,8,71.0065,515.453,183.51,249.55,82.055,-1.63,0.87305,1.92,0,9.89962793701138,0
"1282",2005,54,9,61.9615,767.487,285.45,384.3,107.825,-0.19,0.8015,1.87,0,9.89960865395007,0
"1283",2005,54,10,54.872,876.576,322.13,441.035,123.88,0.595,0.6936,1.99,0,9.89960831598637,0
"1284",2005,54,11,50.6345,968.093,353.91,490.96,139.605,1.21,0.6584,2.12,0,9.8996083766193,0
"1285",2005,54,12,49.999,811.256,295.53,404.66,114.01,1.31,0.6647,2.475,0,9.89960860658072,0
"1286",2005,54,13,53.0945,788.279,287.335,393.825,112.46,1.735,0.6493,2.46,0,9.89960843298707,0
"1287",2005,54,14,59.33,699.108,253.96,349.28,103.345,2.26,0.62865,2.72,0,9.89960844560767,0
"1288",2005,54,15,67.8125,309.12,111.825,148.66,42.11,2.15,0.6007,3.34,0,9.89960833105153,0
"1289",2005,54,16,77.731,142.071,51.62,66.68,19.365,2.005,0.61445,3.515,0,9.89960833967494,0
"1290",2005,54,17,88.4385,19.113,6.945,7.16,2.725,1.48,0.6698,4.145,0,9.89927099335536,0
"1291",2005,54,18,99.956,0.046,0.02,0,0,0.98,0.7044,3.2,0,9.92212387366252,0
"1292",2005,54,19,111.4,0,0,0,0,0.715,0.7146,2.96,0,9.92313792761151,0
"1293",2005,54,20,122.63,0,0,0,0,0.3,0.7356,4.11,0,9.92322167881449,0
"1294",2005,54,21,133.1465,0,0,0,0,0,0.76215,3.95,0,9.92332762237712,0
"1295",2005,54,22,142.082,0.023,0,0,0,-0.235,0.79485,3.025,0,9.92346546127942,0
"1296",2005,54,23,147.9055,0.046,0,0,0,-0.325,0.79,2.275,0,9.92362799880627,0
"1297",2005,55,0,148.79,0.092,0,0,0,-0.29,0.7712,1.99,0,9.9238036671518,0
"1298",2005,55,1,144.365,0.115,0,0,0,-0.275,0.7559,2.13,0,9.92398179816181,0
"1299",2005,55,2,136.214,0.138,0,0,0,-0.31,0.73755,2.53,0,9.92414857840216,0
"1300",2005,55,3,126.0735,0.138,0,0,0,-0.535,0.77665,2.24,0,9.9242919495756,0
"1301",2005,55,4,114.991,0.046,0,0,0,-0.81,0.82005,2.795,0,9.92439973661587,0
"1302",2005,55,5,103.557,0.069,0,0,0,-1.015,0.85125,2.695,0,9.92446507330751,0
"1303",2005,55,6,91.9775,5.934,1.95,1.23,0.76,-1.25,0.8772,3.22,0,9.92452195268284,0
"1304",2005,55,7,80.977,111.527,41.395,52.945,16.065,-1.085,0.85935,3.575,0,9.97654729768307,0
"1305",2005,55,8,70.7065,468.257,171.095,232.715,73.995,-0.3,0.763,3.19,0,9.97561661653893,0
"1306",2005,55,9,61.6325,783.955,285.095,394.185,119.28,0.97,0.61425,2.865,0,9.97557676406517,0
"1307",2005,55,10,54.52,1009.24,364.225,509.5,148.785,1.65,0.54815,2.9,0,9.97557605871661,0
"1308",2005,55,11,50.265,939.251,342.925,473.9,133.94,2.255,0.5503,2.465,0,9.9755761197181,0
"1309",2005,55,12,49.6345,736.253,269.46,370.035,104.565,2.59,0.55995,3.595,0,9.97557634725864,0
"1310",2005,55,13,52.759,466.233,169.03,225.175,62.545,2.6,0.5708,4.11,0,9.975576181219,0
"1311",2005,55,14,59.0325,426.512,155.6,208.15,58.955,2.74,0.579,3.365,0,9.97557617149663,0
"1312",2005,55,15,67.55,226.527,81.985,107.65,30.03,2.47,0.60915,2.805,0,9.97557607610221,0
"1313",2005,55,16,77.498,91.011,33.115,41.295,11.785,2.375,0.6287,2.045,0,9.97557608512463,0
"1314",2005,55,17,88.235,9.798,3.59,2.665,1.02,2.255,0.6388,0.715,0,9.9639192864706,0
"1315",2005,55,18,99.7495,0.046,0,0,0,1.95,0.6624,0.965,0,9.97508112587783,0
"1316",2005,55,19,111.1945,0,0,0,0,1.69,0.7047,1.295,0,9.97556786320734,0
"1317",2005,55,20,122.41,0.023,0,0,0,1.615,0.71495,1.02,0,9.97564387229886,0
"1318",2005,55,21,132.897,0,0,0,0,1.385,0.75695,1.315,0,9.97575119983854,0
"1319",2005,55,22,141.785,0,0,0,0,1.225,0.77795,1.915,0,9.97588967954381,0
"1320",2005,55,23,147.5585,0.046,0,0,0,0.795,0.85575,2.03,0,9.97605199412252,0
"1321",2005,56,0,148.4195,0.138,0,0,0,0.575,0.89615,2.695,0,9.97622948659106,0
"1322",2005,56,1,144.0185,0.092,0,0,0,0.61,0.9144,2.685,0,9.97640876062418,0
"1323",2005,56,2,135.903,0.092,0,0,0,0.725,0.92385,2.97,0,9.97657359014249,0
"1324",2005,56,3,125.789,0.115,0,0,0,0.635,0.948,3.305,0,9.97671498825523,0
"1325",2005,56,4,114.724,0.138,0,0,0,0.54,0.95645,3.81,0,9.97682301043123,0
"1326",2005,56,5,103.2925,0.207,0,0,0,0.5,0.95785,3.675,0,9.97689013427452,0
"1327",2005,56,6,91.7225,9.591,3.395,2.815,1.29,0.465,0.9629,4.08,0,9.97701175972275,0
"1328",2005,56,7,80.6985,140.944,51.29,65.08,21.47,0.62,0.95875,5.58,0,10.0323339854232,0
"1329",2005,56,8,70.403,236.739,85.435,114.015,33.315,1.285,0.925,6.35,0,10.0315678478616,0
"1330",2005,56,9,61.304,747.845,269.08,381.775,115.47,2.06,0.84175,6.755,0,10.0315385275328,0
"1331",2005,56,10,54.1625,1090.798,394.945,562.71,162.77,3.31,0.74405,6.525,0,10.0315380382815,0
"1332",2005,56,11,49.894,1287.54,461.59,666.425,189.375,4.64,0.6505,5.715,0,10.0315381438416,0
"1333",2005,56,12,49.269,1360.128,486.44,707.58,201.435,5.88,0.5691,5.72,0,10.0315385658954,0
"1334",2005,56,13,52.4215,1240.229,442.705,644.275,187.425,7.105,0.5284,5.33,0,10.0315380643645,0
"1335",2005,56,14,58.734,1015.611,359.98,522.33,160.075,7.85,0.528,6,0,10.0315381530522,0
"1336",2005,56,15,67.288,722.384,254.965,363.425,122.02,8.465,0.5207,5.63,0,10.0315384427858,0
"1337",2005,56,16,77.265,286.879,105.325,143.515,51.22,8.46,0.54425,4.895,0,10.0315380701486,0
"1338",2005,56,17,87.9945,46.989,18.73,21.685,8.42,8.065,0.584,2.575,0,10.0315381412362,0
"1339",2005,56,18,99.5455,0.069,0.03,0,0,7.275,0.6238,1.72,0,10.0836848611285,0
"1340",2005,56,19,110.987,0,0,0,0,6.12,0.67665,2.445,0,10.0914899029351,0
"1341",2005,56,20,122.186,0,0,0,0,5.03,0.7204,2.72,0,10.0916937262856,0
"1342",2005,56,21,132.646,0,0,0,0,3.765,0.79125,2.09,0,10.0918018277537,0
"1343",2005,56,22,141.4875,0,0,0,0,2.71,0.81995,3.1,0,10.0919402207878,0
"1344",2005,56,23,147.2075,0.023,0,0,0,1.69,0.84285,4.945,0,10.0921020262972,0
"1345",2005,57,0,148.0465,0.046,0,0,0.105,1.525,0.82225,5.845,0,10.0922769089925,0
"1346",2005,57,1,143.666,0,0,0,0.1,0.415,0.8576,6.655,0,10.0924516461813,0
"1347",2005,57,2,135.5875,0.023,0,0,0.03,0.075,0.86305,7.43,0,10.0926127790364,0
"1348",2005,57,3,125.501,0,0,0,0,-0.03,0.86475,7.21,0,10.0927508542909,0
"1349",2005,57,4,114.4515,0,0,0,0.005,-0.35,0.874,6.46,0,10.0928554638216,0
"1350",2005,57,5,103.0235,0.115,0,0,0.005,-0.725,0.8847,5.32,0,10.0929209850693,0
"1351",2005,57,6,91.424,16.79,5.995,5.235,2.485,-0.915,0.87425,4.88,0,10.0936751988157,0
"1352",2005,57,7,80.415,223.928,82.225,108.51,41.035,-0.575,0.85525,5.62,0,10.1543056487496,0
"1353",2005,57,8,70.0965,595.585,216.32,299.045,96.735,0.4,0.76085,6.585,0,10.1537432357566,0
"1354",2005,57,9,60.971,943.713,337.795,482.485,146.955,1.625,0.69165,5.795,0,10.1537235944439,0
"1355",2005,57,10,53.8045,1212.307,432.57,628.185,184.25,2.77,0.64205,6.275,0,10.1537232706346,0
"1356",2005,57,11,49.518,1358.081,487.71,709.51,202.265,3.83,0.61625,5.445,0,10.1537233374696,0
"1357",2005,57,12,48.9005,1380.437,497.54,722.995,205.165,4.975,0.5663,4.25,0,10.1537235919487,0
"1358",2005,57,13,52.082,1218.724,437.475,634.87,184.22,5.675,0.51955,4.085,0,10.1537233617152,0
"1359",2005,57,14,58.4345,935.433,335.915,479.785,145.53,6.05,0.51255,4.85,0,10.1537236078104,0
"1360",2005,57,15,67.026,692.576,246.825,349.08,114.825,5.995,0.5175,6.69,0,10.1537233430482,0
"1361",2005,57,16,77.033,267.007,96.295,129.13,44.485,5.495,0.54885,6.155,0,10.153723474958,0
"1362",2005,57,17,87.793,37.007,13.69,15.225,5.7,4.045,0.63845,4.915,0,10.1536779929693,0
"1363",2005,57,18,99.338,0.046,0.025,0,0,2.955,0.68335,4.925,0,10.1779138245232,0
"1364",2005,57,19,110.7785,0,0,0,0.01,2.07,0.7168,5.175,0,10.1816597411659,0
"1365",2005,57,20,121.9655,0,0,0,0,1.14,0.7467,5.375,0,10.1817937931109,0
"1366",2005,57,21,132.393,0.046,0,0,0,0.56,0.7633,5.405,0,10.1819017887402,0
"1367",2005,57,22,141.1885,0,0,0,0,0.035,0.77845,5.605,0,10.1820419039891,0
"1368",2005,57,23,146.8545,0,0,0,0,-0.345,0.78475,5.26,0,10.1822034259533,0
"1369",2005,58,0,147.6705,0.046,0,0,0,-0.75,0.80805,5.5,0,10.1823783335397,0
"1370",2005,58,1,143.311,0.115,0,0,0,-0.685,0.8015,6.69,0,10.182555848439,0
"1371",2005,58,2,135.2675,0.023,0,0,0.045,-0.765,0.80765,6.71,0,10.1827215892655,0
"1372",2005,58,3,125.208,0.023,0,0,0.005,-0.92,0.81935,6.28,0,10.1828609540839,0
"1373",2005,58,4,114.174,0.023,0,0,0.02,-0.935,0.8249,5.135,0,10.182966884971,0
"1374",2005,58,5,102.752,0,0,0,0.03,-1.44,0.8473,4.18,0,10.1830319918403,0
"1375",2005,58,6,91.1625,15.41,5.6,5.12,2.055,-2.015,0.86935,3.48,0,10.1835364034664,0
"1376",2005,58,7,80.1295,155.825,56.755,73.82,23.285,-1.54,0.85455,4.49,0,10.2357708885408,0
"1377",2005,58,8,69.788,361.606,129.41,174.815,51.985,-0.32,0.8075,5.55,0,10.2350321780964,0
"1378",2005,58,9,60.6365,686.09,246.555,337.645,100.965,1.09,0.7615,5.545,0,10.2350078029894,0
"1379",2005,58,10,53.4425,545.261,195.475,259.845,73.265,2.275,0.74675,5.48,0,10.2350073900037,0
"1380",2005,58,11,49.141,539.212,191.345,251.67,69.28,3.08,0.7401,4.37,0,10.2350074449815,0
"1381",2005,58,12,48.5315,481.114,170.225,222.275,61.03,4.19,0.72085,3.4,0,10.2350076468789,0
"1382",2005,58,13,51.7435,349.692,120.83,155.205,41.685,5,0.70255,3.09,0,10.2350075532768,0
"1383",2005,58,14,58.136,304.106,105.52,135.205,36.695,5.78,0.6859,2.97,0,10.2350074207778,0
"1384",2005,58,15,66.7625,277.403,100.05,129.035,35.9,6.43,0.667,1.66,0,10.2350074717562,0
"1385",2005,58,16,76.802,169.556,62.5,80.165,22.865,6.63,0.66405,0.825,0,10.2350076139253,0
"1386",2005,58,17,87.591,39.123,15.405,17.46,5.185,6.32,0.67895,0.635,0,10.234896265282,0
"1387",2005,58,18,99.1325,0.069,0.025,0,0,5.91,0.69065,0.87,0,10.2586200812934,0
"1388",2005,58,19,110.5705,0,0,0,0,5.43,0.71055,1.86,0,10.262896505332,0
"1389",2005,58,20,121.7425,0,0,0,0.125,4.265,0.778,3.195,0,10.2630415426878,0
"1390",2005,58,21,132.141,0,0,0,0,3.59,0.828,2.655,0,10.2631491524399,0
"1391",2005,58,22,140.8865,0,0,0,0,3.615,0.8237,1.89,0,10.2632880826822,0
"1392",2005,58,23,146.5,0,0,0,0,3.125,0.8624,1.89,0,10.2634501722824,0
"1393",2005,59,0,147.292,0.138,0,0,0,3.085,0.8834,2.83,0.0529166666666667,10.2636267802489,0
"1394",2005,59,1,142.9545,0.345,0,0,0,3.27,0.8991,3.63,0.0529166666666667,10.263814849891,0
"1395",2005,59,2,134.9455,0.276,0,0,0,3.37,0.9145,3.9,0.0529166666666667,10.2639945291222,0
"1396",2005,59,3,124.915,0.161,0,0,0.545,2.705,0.93495,6.375,0.0529166666666667,10.2641443384483,0
"1397",2005,59,4,113.894,0.023,0,0,0.64,0.265,0.94895,7.595,0.0529166666666667,10.2642535384324,0
"1398",2005,59,5,102.4765,0.184,0,0,0.325,-0.765,0.9475,7.505,0.0529166666666667,10.2643208177562,0
"1399",2005,59,6,90.8575,6.923,1.56,1.04,1.4,-1.19,0.937,7.955,0.0529166666666667,10.2643884744381,0
"1400",2005,59,7,79.839,72.68,17.46,28.765,16.28,-1.395,0.9299,7.845,0.0529166666666667,10.2845431048098,0
"1401",2005,59,8,69.4775,135.953,29.12,55.02,31.905,-1.29,0.88855,9.105,0.0529166666666667,10.2820781994028,0
"1402",2005,59,9,60.2975,193.039,41.785,79.215,44.24,-1.305,0.8639,9.565,0.0529166666666667,10.2819978162093,0
"1403",2005,59,10,53.079,259.187,57.165,109.34,59.14,-1.285,0.84215,9.355,0.0529166666666667,10.2819965081858,0
"1404",2005,59,11,48.762,307.418,68.985,130.75,68.995,-1.425,0.829,10.075,0.0529166666666667,10.2819965119376,0
"1405",2005,59,12,48.1605,299.161,68.63,127.135,65.885,-1.6,0.82945,10.12,0.0529166666666667,10.2819964692911,0
"1406",2005,59,13,51.404,341.642,81.325,150.1,76.585,-1.68,0.82525,10.225,0.0529166666666667,10.2819964834965,0
"1407",2005,59,14,57.8355,481.896,124.095,229.61,115.825,-1.765,0.82275,9.975,0.0529166666666667,10.2819965118895,0
"1408",2005,59,15,66.504,264.339,63.305,123.1,67.57,-1.97,0.80725,9.705,0.0529166666666667,10.2819965905439,0
"1409",2005,59,16,76.5705,212.635,45.49,101.94,64.66,-2.285,0.8687,8.835,0.0529166666666667,10.2819968146005,0
"1410",2005,59,17,87.3515,34.684,6.595,13.205,10.495,-2.48,0.85515,10.035,0.0529166666666667,10.2816807191514,0
"1411",2005,59,18,98.9265,0.368,0,0,0.275,-3.16,0.8814,10.42,0.0529166666666667,10.2916387249791,0
"1412",2005,59,19,110.3635,0.23,0,0,0.18,-3.405,0.8728,10.365,0.0529166666666667,10.2945440003552,0
"1413",2005,59,20,121.519,0.092,0,0,0.14,-3.635,0.82785,10.34,0.0529166666666667,10.2946682191666,0
"1414",2005,59,21,131.885,0.023,0,0,0.08,-3.77,0.84465,9.2,0.0529166666666667,10.2947776204412,0
"1415",2005,59,22,140.5835,0.046,0,0,0.165,-4.045,0.87125,9.745,0.0529166666666667,10.2949177885312,0
"1416",2005,59,23,146.145,0,0,0,0.08,-4.2,0.8589,9.935,0.0529166666666667,10.2950815017937,0
"1417",2005,60,0,146.912,0,0,0,0.165,-4.245,0.8551,10.3,0.0105833333333333,10.2952553670675,0
"1418",2005,60,1,142.592,0.023,0,0,0.205,-4.425,0.85255,10.115,0.0105833333333333,10.2954303549538,0
"1419",2005,60,2,134.6185,0.023,0,0,0.105,-4.56,0.84205,10.855,0.0105833333333333,10.2955937666952,0
"1420",2005,60,3,124.6145,0.115,0,0,0.195,-4.81,0.87575,10.205,0.0105833333333333,10.2957357425434,0
"1421",2005,60,4,113.611,0.23,0,0,0.09,-4.735,0.86025,10.16,0.0105833333333333,10.2958477196426,0
"1422",2005,60,5,102.1985,0.115,0,0,0.03,-4.7,0.8687,9.98,0.0105833333333333,10.295917642837,0
"1423",2005,60,6,90.5915,7.912,1.435,1.39,1.985,-4.305,0.8693,9.82,0.0105833333333333,10.2960014788717,0
"1424",2005,60,7,79.547,181.769,35.77,82.57,57.28,-4.83,0.76095,12.46,0.0105833333333333,10.3426280208682,0
"1425",2005,60,8,69.162,702.466,145.105,351.79,227.075,-4.85,0.73745,11.495,0.0105833333333333,10.3417506838822,0
"1426",2005,60,9,59.9585,739.013,152.23,364.84,225.575,-4.575,0.7588,10.395,0.0105833333333333,10.3417231241166,0
"1427",2005,60,10,52.712,964.482,210.15,483.72,283.58,-4.095,0.7307,10.025,0.0105833333333333,10.3417226587565,0
"1428",2005,60,11,48.382,608.902,132.14,289.295,167.245,-3.815,0.73745,10.11,0.0105833333333333,10.3417227150984,0
"1429",2005,60,12,47.7895,639.101,140.265,306.565,175.62,-3.565,0.728,10.18,0.0105833333333333,10.3417229226991,0
"1430",2005,60,13,51.063,797.019,184.05,396.82,220.28,-3.28,0.7204,10.275,0.0105833333333333,10.3417228104699,0
"1431",2005,60,14,57.538,719.716,180.175,361.925,191.73,-2.84,0.6814,10.535,0.0105833333333333,10.3417226979989,0
"1432",2005,60,15,66.244,482.425,125.485,242.275,128.895,-2.76,0.70255,10.42,0.0105833333333333,10.3417227711246,0
"1433",2005,60,16,76.3415,332.258,92.675,176.33,98.305,-2.765,0.7069,9.965,0.0105833333333333,10.3417229792529,0
"1434",2005,60,17,87.1505,46.851,11.705,18.475,12.26,-3.325,0.75655,8.615,0.0105833333333333,10.3417191579714,0
"1435",2005,60,18,98.7225,0.207,0.07,0,0.04,-3.495,0.745,7.405,0.0105833333333333,10.3735988664728,0
"1436",2005,60,19,110.154,0.023,0,0,0.06,-3.915,0.7671,5.9,0.0105833333333333,10.380307720076,0
"1437",2005,60,20,121.295,0,0,0,0,-4.405,0.77275,4.88,0.0105833333333333,10.3805013362505,0
"1438",2005,60,21,131.6285,0,0,0,0,-4.88,0.79315,4.215,0.0105833333333333,10.3806093088349,0
"1439",2005,60,22,140.278,0.069,0,0,0,-4.995,0.80025,4.81,0.0105833333333333,10.3807493845297,0
"1440",2005,60,23,145.7865,0,0,0,0,-5.215,0.8036,4.6,0.0105833333333333,10.3809137823683,0
"1441",2005,61,0,146.531,0.046,0,0,0,-5.9,0.82055,4.215,0,10.3810887597154,0
"1442",2005,61,1,142.228,0.069,0,0,0,-6.27,0.81135,4.43,0,10.3812671992687,0
"1443",2005,61,2,134.2895,0.138,0,0,0,-6.59,0.7948,4.045,0,10.3814350972748,0
"1444",2005,61,3,124.3125,0.092,0,0,0,-6.88,0.793,3.51,0,10.3815801461133,0
"1445",2005,61,4,113.324,0.368,0,0,0,-7,0.79875,3.61,0,10.3816949325976,0
"1446",2005,61,5,101.917,0.092,0,0,0,-7.235,0.7837,3.45,0,10.3817670878451,0
"1447",2005,61,6,90.284,27.301,7.81,10.81,6.93,-7.705,0.7976,3.465,0,10.3936104061186,0
"1448",2005,61,7,79.2525,251.965,70.435,122.835,65.605,-6.66,0.76395,4.195,0,10.4402011199921,0
"1449",2005,61,8,68.8465,631.212,171.58,317.04,161.525,-5.42,0.60725,5.56,0,10.4396823546089,0
"1450",2005,61,9,59.614,1049.283,295.555,538,251.675,-4.68,0.5924,5,0,10.439667118685,0
"1451",2005,61,10,52.3425,1268.703,392.3,657.37,263.05,-3.815,0.5378,5.3,0,10.439666889422,0
"1452",2005,61,11,47.9955,1323.558,464.275,688.46,213.18,-2.88,0.49275,5.295,0,10.4396669896472,0
"1453",2005,61,12,47.413,1440.352,544.425,759.565,202.49,-1.995,0.4936,4.815,0,10.4396673829295,0
"1454",2005,61,13,50.721,1322.109,497.46,696.185,190.97,-1.13,0.4801,4.665,0,10.4396669209039,0
"1455",2005,61,14,57.2385,1095.904,402.955,572.19,171.75,-0.585,0.4642,5.22,0,10.4396670192374,0
"1456",2005,61,15,65.985,705.111,253.55,356.62,116.565,-0.525,0.4702,4.68,0,10.4396673367786,0
"1457",2005,61,16,76.111,396.75,146.98,203.05,73.725,-0.78,0.4891,4.395,0,10.4396669172283,0
"1458",2005,61,17,86.9505,52.555,17.685,19.78,9.165,-1.635,0.55105,3.78,0,10.4396663590098,0
"1459",2005,61,18,98.517,0.368,0.145,0,0.03,-2.845,0.6316,2.87,0,10.4751473767532,0
"1460",2005,61,19,109.947,0,0,0,0.025,-3.84,0.7183,3.81,0,10.4837705271578,0
"1461",2005,61,20,121.069,0,0,0,0.135,-4.585,0.73695,4.705,0,10.4840043101836,0
"1462",2005,61,21,131.3725,0,0,0,0.135,-5.335,0.76195,4.38,0,10.4841132499068,0
"1463",2005,61,22,139.9725,0,0,0,0.015,-5.99,0.7622,3.445,0,10.4842525487589,0
"1464",2005,61,23,145.4265,0.115,0,0,0.005,-6.51,0.76125,3.855,0,10.4844178395848,0
"1465",2005,62,0,146.1455,0.046,0,0,0,-6.77,0.7103,4.345,0,10.4845978304944,0
"1466",2005,62,1,141.862,0.115,0,0,0,-7.325,0.7294,1.73,0,10.484777261417,0
"1467",2005,62,2,133.9565,0.253,0,0,0,-7.625,0.73845,2.115,0,10.4849497111395,0
"1468",2005,62,3,124.006,0.345,0,0,0,-8.305,0.779,2.135,0,10.4851040320435,0
"1469",2005,62,4,113.035,0.345,0,0,0,-8.435,0.79465,2.65,0,10.4852240492361,0
"1470",2005,62,5,101.633,0.414,0,0,0,-8.605,0.8075,2.765,0,10.485299226767,0
"1471",2005,62,6,90.012,36.616,12.78,12.55,6.78,-8.635,0.81855,2.045,0,10.5356275335945,0
"1472",2005,62,7,78.9555,326.117,113.82,151.995,60.61,-6.725,0.76415,2.06,0,10.5573010663369,0
"1473",2005,62,8,68.5265,699.453,251.35,355.48,119.885,-4.625,0.69725,3.82,0,10.557002003961,0
"1474",2005,62,9,59.2705,1039.117,378.975,537.86,162.165,-3.355,0.6604,4.265,0,10.5569939279573,0
"1475",2005,62,10,51.9715,1289.886,471.43,674.55,196.465,-1.99,0.61315,4.675,0,10.5569939516423,0
"1476",2005,62,11,47.613,1422.297,522.555,748.33,213.075,-0.61,0.56855,4.26,0,10.5569938049992,0
"1477",2005,62,12,47.039,1435.66,528.915,757.085,214.73,0.975,0.53215,3.845,0,10.5569938326638,0
"1478",2005,62,13,50.3815,1324.731,485.82,695.99,201.415,2.28,0.47855,3.17,0,10.5569939104343,0
"1479",2005,62,14,56.942,1094.294,398.375,569.74,173.19,3.365,0.4658,3.095,0,10.5569941736355,0
"1480",2005,62,15,65.725,722.154,262.23,369.23,121.115,4.09,0.451,2.8,0,10.5569938730885,0
"1481",2005,62,16,75.8815,338.445,125.155,169.275,61.075,4.295,0.4548,2.275,0,10.5569939745974,0
"1482",2005,62,17,86.711,60.835,24.04,27.81,10.78,3.485,0.50195,2.87,0,10.5569937734118,0
"1483",2005,62,18,98.3125,0.345,0.1,0,0,2.745,0.53725,2.365,0,10.5960209568527,0
"1484",2005,62,19,109.738,0.023,0,0,0,1.95,0.573,3.175,0,10.6074467558504,0
"1485",2005,62,20,120.844,0.115,0,0,0,0.695,0.64605,3.66,0,10.6077421983558,0
"1486",2005,62,21,131.1125,0.046,0,0,0,0.37,0.67595,3.55,0,10.6078558870287,0
"1487",2005,62,22,139.6635,0.092,0,0,0,-0.37,0.74575,3.425,0,10.6079992157063,0
"1488",2005,62,23,145.066,0.046,0,0,0,0.215,0.73575,3.165,0,10.6081670219701,0
"1489",2005,63,0,145.76,0.046,0,0,0,0.035,0.7253,3.485,0,10.6083447960396,0
"1490",2005,63,1,141.492,0.276,0,0,0,-0.49,0.79905,2.375,0,10.608528710791,0
"1491",2005,63,2,133.619,0.138,0,0,0.02,-0.02,0.8069,3.55,0,10.6087043910313,0
"1492",2005,63,3,123.6975,0.207,0,0,0.035,-0.09,0.8477,3.765,0,10.6088521423408,0
"1493",2005,63,4,112.742,0.115,0,0,0,-0.445,0.8696,3.33,0,10.6089653457291,0
"1494",2005,63,5,101.345,0.299,0.005,0,0,-1.12,0.88985,2.64,0,10.6090358131932,0
"1495",2005,63,6,89.697,27.232,10.18,10.285,4.01,-1.255,0.8871,2.9,0,10.6190787885177,0
"1496",2005,63,7,78.655,264.891,99.67,129.92,46.565,-0.375,0.8743,2.03,0,10.6545640020043,0
"1497",2005,63,8,68.207,630.522,236.925,319.035,99.735,2.585,0.80215,1.01,0,10.6539341900812,0
"1498",2005,63,9,58.923,957.674,349.21,488.9,148.44,3.83,0.7761,2.405,0,10.6539179357438,0
"1499",2005,63,10,51.599,1203.268,438.535,620.065,181.4,5.62,0.72385,3.17,0,10.6539176944528,0
"1500",2005,63,11,47.225,1365.74,499.65,709.46,202.455,7.605,0.6667,2.575,0,10.6539177835067,0
"1501",2005,63,12,46.662,1246.002,455.335,643.025,185.27,9.15,0.60955,3.9,0,10.6539181255189,0
"1502",2005,63,13,50.0375,970.393,354.955,488.295,142.375,10.15,0.53705,5.155,0,10.6539177392733,0
"1503",2005,63,14,56.6445,1036.357,374.19,529.83,162.52,11.05,0.49035,6.38,0,10.6539178650681,0
"1504",2005,63,15,65.4675,742.762,267.55,375.71,122.16,11.955,0.4603,5.65,0,10.6539182711731,0
"1505",2005,63,16,75.6535,302.059,112.06,151.205,51.035,12.05,0.46515,4.75,0,10.6539177192386,0
"1506",2005,63,17,86.514,38.571,15.05,16.385,5.52,10.94,0.56835,3.36,0,10.6538087065667,0
"1507",2005,63,18,98.108,0.276,0.015,0,0.045,8.95,0.67655,3.65,0,10.6539721329576,0
"1508",2005,63,19,109.529,0.092,0,0,0.015,9.135,0.63605,4.22,0,10.6574095893892,0
"1509",2005,63,20,120.618,0,0,0,0.025,10.445,0.54235,3.935,0,10.6575479286923,0
"1510",2005,63,21,130.854,0,0,0,0.49,8.245,0.61635,6.985,0,10.6576568469109,0
"1511",2005,63,22,139.3535,0,0,0,0.045,5.37,0.7264,5.08,0,10.6577974168726,0
"1512",2005,63,23,144.702,0.023,0,0,0.005,4.68,0.77175,6.965,0,10.6579618156909,0
"1513",2005,64,0,145.372,0,0,0,0.055,3.7,0.82795,8.195,0,10.6581386569896,0
"1514",2005,64,1,141.1215,0,0,0,0.07,2.565,0.8614,7.67,0,10.6583144265436,0
"1515",2005,64,2,133.281,0,0,0,0.065,2,0.87055,7.235,0,10.6584778291691,0
"1516",2005,64,3,123.384,0,0,0,0.07,1.225,0.8989,5.44,0,10.6586178583681,0
"1517",2005,64,4,112.4465,0.023,0,0,0.045,0.89,0.91125,5.14,0,10.65872487741,0
"1518",2005,64,5,101.0555,0.069,0,0,0.03,0.46,0.92305,5.275,0,10.6587917238844,0
"1519",2005,64,6,89.4215,26.197,11.05,12.03,4.765,0.415,0.91965,5.68,0,10.6661752705609,0
"1520",2005,64,7,78.353,125.35,47.275,58.85,17.105,0.745,0.9124,7.15,0,10.6962288658764,0
"1521",2005,64,8,67.8825,258.52,95.95,126.6,36.59,0.805,0.9355,7.33,0,10.6954341945023,0
"1522",2005,64,9,58.574,402.224,147.15,197.22,57.07,1.405,0.93565,6.49,0,10.6954141796174,0
"1523",2005,64,10,51.2215,533.554,195.23,264.155,76.11,2.91,0.87015,6.115,0,10.6954138816915,0
"1524",2005,64,11,46.836,662.032,243.06,331.49,94.93,4,0.79345,6.095,0,10.6954139765177,0
"1525",2005,64,12,46.284,603.612,219.9,299.15,85.17,5.005,0.73725,6.67,0,10.6954143419008,0
"1526",2005,64,13,49.6965,456.32,164.86,221.16,62.73,4.965,0.72575,6.425,0,10.6954139197899,0
"1527",2005,64,14,56.348,433.964,158.88,212.42,60.95,4.99,0.7166,6.36,0,10.6954140302665,0
"1528",2005,64,15,65.2095,565.662,207.89,287.7,94.015,5.165,0.69695,5.3,0,10.6954143835234,0
"1529",2005,64,16,75.4255,379.178,139.815,193.85,72.72,5.345,0.67985,4.94,0,10.6954139074294,0
"1530",2005,64,17,86.276,69.276,25.945,31.55,13.49,4.62,0.72225,3.055,0,10.6954137772219,0
"1531",2005,64,18,97.904,0.414,0.16,0,0,3.625,0.756,0.325,0,10.7326949608444,0
"1532",2005,64,19,109.321,0,0,0,0,3.28,0.7676,0.805,0,10.7464843838899,0
"1533",2005,64,20,120.392,0,0,0,0,2.255,0.81705,3.1,0,10.7468358485093,0
"1534",2005,64,21,130.591,0.299,0,0,0,0.205,0.8877,3.605,0,10.7469524974627,0
"1535",2005,64,22,139.044,0.368,0,0,0,-0.03,0.8976,3.725,0,10.7471089726165,0
"1536",2005,64,23,144.3385,0.414,0,0,0,-0.49,0.9133,3.855,0,10.7472954299507,0
"1537",2005,65,0,144.983,0.414,0,0,0,-0.73,0.89675,4.35,0,10.7474973558696,0
"1538",2005,65,1,140.746,0.46,0,0,0,0.075,0.8595,5.15,0,10.7477005362032,0
"1539",2005,65,2,132.938,0.345,0,0,0,0.045,0.8628,5.35,0,10.7478885902377,0
"1540",2005,65,3,123.0695,0.253,0,0,0,0.355,0.8501,5.915,0,10.7480441437285,0
"1541",2005,65,4,112.1475,0.276,0,0,0,0.685,0.83685,5.95,0,10.7481609701734,0
"1542",2005,65,5,100.7635,0.069,0,0,0.005,0.45,0.8435,5.885,0,10.7482317524978,0
"1543",2005,65,6,89.1035,40.089,14.985,15.92,7.575,0.55,0.8417,6.105,0,10.8022372208853,0
"1544",2005,65,7,78.0495,316.135,114.43,149.145,54.01,1.675,0.8259,6.775,0,10.8131747426007,0
"1545",2005,65,8,67.5575,703.524,250.74,350,110.765,4.625,0.7544,8.355,0,10.81290154166,0
"1546",2005,65,9,58.224,1052.664,370.48,530.135,160.565,8.755,0.62575,8.745,0,10.8128950549062,0
"1547",2005,65,10,50.8465,1302.95,460.775,664.685,192.285,12.63,0.48805,9.84,0,10.812895208655,0
"1548",2005,65,11,46.446,1439.731,512.06,740.2,209.22,14.635,0.44105,10.025,0,10.8128949802758,0
"1549",2005,65,12,45.9065,1452.542,518.025,748.99,211.84,16.66,0.37835,10.375,0,10.8128950643892,0
"1550",2005,65,13,49.355,1335.426,473.125,684.87,198.83,17.875,0.3417,11.05,0,10.8128953656268,0
"1551",2005,65,14,56.051,948.198,332.19,476.75,144.94,18.355,0.33415,11.54,0,10.8128950261332,0
"1552",2005,65,15,64.953,733.608,259.775,365.085,118.92,18.605,0.3308,11.615,0,10.8128951490337,0
"1553",2005,65,16,75.2005,302.22,106.49,145.185,51.735,17.695,0.3545,10.52,0,10.8128951165755,0
"1554",2005,65,17,86.078,43.93,16.38,17.855,7.035,14.95,0.42445,8.49,0,10.8128719549231,0
"1555",2005,65,18,97.7005,0.299,0.02,0,0.41,12.315,0.5373,5.955,0,10.8186752507359,0
"1556",2005,65,19,109.1105,0.069,0,0,0.01,10.515,0.5993,6.015,0,10.8233552680745,0
"1557",2005,65,20,120.164,0.069,0,0,0.01,10.42,0.60135,7.255,0,10.8235239144992,0
"1558",2005,65,21,130.331,0.115,0,0,0.01,10.335,0.60715,7.58,0,10.8236374120984,0
"1559",2005,65,22,138.7315,0.069,0,0,0.01,10.735,0.59045,8.54,0,10.8237835423234,0
"1560",2005,65,23,143.973,0.023,0,0,0,10.65,0.6169,8.93,0,10.8239508843133,0
"1561",2005,66,0,144.592,0.023,0,0,0.01,10.705,0.63565,8.975,0.03175,10.8241285807526,0
"1562",2005,66,1,140.369,0.092,0,0,0.035,11.13,0.64005,9.145,0.03175,10.8243081490824,0
"1563",2005,66,2,132.593,0.276,0,0,0.27,11.315,0.71695,10.155,0.03175,10.8244813586977,0
"1564",2005,66,3,122.752,0.161,0,0,0.01,11.055,0.77925,9.845,0.03175,10.8246325220667,0
"1565",2005,66,4,111.8455,0.437,0,0,0.315,10.505,0.84075,12.145,0.03175,10.8247493830273,0
"1566",2005,66,5,100.469,0.46,0.02,0,0.12,9.715,0.87665,8.515,0.03175,10.824825344397,0
"1567",2005,66,6,88.825,26.312,10.26,9.835,3.01,9.465,0.8506,8.44,0.03175,10.8314848356589,0
"1568",2005,66,7,77.743,232.99,89.885,108.55,28.27,10.275,0.861,10.36,0.03175,10.8558719671477,0
"1569",2005,66,8,67.23,461.679,174.01,222.01,59.015,11.595,0.8361,12.64,0.03175,10.8550900924238,0
"1570",2005,66,9,57.87,1028.491,365.705,507.69,145.815,12.165,0.7266,12.82,0.03175,10.855071843112,0
"1571",2005,66,10,50.468,1049.421,368.36,521.505,151.94,11.515,0.64175,12.365,0.03175,10.8550716206205,0
"1572",2005,66,11,46.0505,981.778,349.05,486.44,140.34,8.67,0.69465,13.295,0.03175,10.8550718657905,0
"1573",2005,66,12,45.5265,484.127,169.555,226.015,65.165,5.72,0.7373,12.915,0.03175,10.8550716588558,0
"1574",2005,66,13,49.0145,337.088,117.03,152.945,42.95,4.66,0.7336,11.61,0.03175,10.8550719143219,0
"1575",2005,66,14,55.756,183.057,61.375,76.985,21.875,4.035,0.7486,10.955,0.03175,10.8550715854862,0
"1576",2005,66,15,64.6975,149.339,50.945,63.005,17.98,3.515,0.73715,11.145,0.03175,10.8550716035723,0
"1577",2005,66,16,74.9725,58.788,19.965,21.81,7.05,3.405,0.70245,9.82,0.03175,10.8550695320226,0
"1578",2005,66,17,85.882,11.408,3.625,1.66,1.62,2.885,0.69365,9.285,0.03175,10.7784850690607,0
"1579",2005,66,18,97.497,0.161,0.03,0,0.175,2.315,0.7062,9.315,0.03175,10.7770258034855,0
"1580",2005,66,19,108.9015,0.046,0,0,0.375,1.46,0.7199,8.435,0.03175,10.7772472438102,0
"1581",2005,66,20,119.9365,0.046,0,0,0.235,0.305,0.7027,8.175,0.03175,10.7773232242257,0
"1582",2005,66,21,130.0685,0.092,0,0,0.14,-0.215,0.7064,8.185,0.03175,10.7774360573252,0
"1583",2005,66,22,138.4175,0.23,0,0,0.18,-0.595,0.68515,9.08,0.03175,10.7775863069087,0
"1584",2005,66,23,143.6065,0.276,0,0,0.12,-0.94,0.7199,7.795,0.03175,10.7777664843629,0
"1585",2005,67,0,144.199,0.368,0,0,0.035,-0.855,0.68815,7.58,0,10.7779623787968,0
"1586",2005,67,1,139.993,0.345,0,0,0.24,-1.12,0.6357,8.29,0,10.7781609015879,0
"1587",2005,67,2,132.2455,0.138,0,0,0.37,-2.18,0.67565,7.01,0,10.7783387622718,0
"1588",2005,67,3,122.4325,0.046,0,0,0.3,-3.355,0.67875,7.475,0,10.7784823651535,0
"1589",2005,67,4,111.5425,0,0,0,0.27,-4.12,0.72655,5.695,0,10.7785888518723,0
"1590",2005,67,5,100.172,0.023,0,0,0.1,-4.79,0.74905,5.135,0,10.7786529311455,0
"1591",2005,67,6,88.502,52.67,19.405,20.845,10.095,-5.115,0.74085,5.54,0,10.8518492562916,0
"1592",2005,67,7,77.4345,356.408,129.92,176.3,65.62,-4.52,0.65135,7.29,0,10.855122531463,0
"1593",2005,67,8,66.902,568.514,210.32,288.785,91.08,-3.695,0.5347,8.22,0,10.8549941672789,0
"1594",2005,67,9,57.517,960.434,349.02,492.565,147.565,-3.085,0.4263,8.6,0,10.8549913324378,0
"1595",2005,67,10,50.0885,1369.949,504.875,721.84,207.71,-2.28,0.43425,9.07,0,10.8549912903095,0
"1596",2005,67,11,45.66,1344.902,495.78,706.98,199.135,-1.95,0.43705,9.345,0,10.8549914328608,0
"1597",2005,67,12,45.1465,942.54,345.37,483.43,137.905,-1.465,0.4305,9.075,0,10.8549919980867,0
"1598",2005,67,13,48.6725,1241.77,460.86,655.035,189.245,-0.775,0.4108,7.855,0,10.8549912953977,0
"1599",2005,67,14,55.4605,917.056,336.215,475.4,142.795,-0.22,0.3873,7.23,0,10.8549913553964,0
"1600",2005,67,15,64.445,672.773,245.95,346.105,112.325,0.13,0.38315,6.68,0,10.8549915369594,0
"1601",2005,67,16,74.7485,407.422,147.89,208.44,76.5,0.335,0.38175,5.755,0,10.8549913313107,0
"1602",2005,67,17,85.647,91.402,32.75,41.85,19.725,-0.26,0.43165,4.505,0,10.854991391336,0
"1603",2005,67,18,97.294,0.736,0.32,0,0.07,-1.295,0.4806,3.3,0,10.896736092937,0
"1604",2005,67,19,108.693,0.023,0,0,0,-1.66,0.5187,2.525,0,10.9183360558394,0
"1605",2005,67,20,119.708,0,0,0,0,-2.865,0.619,1.81,0,10.9188535826983,0
"1606",2005,67,21,129.8035,0,0,0,0,-2.97,0.6658,2.085,0,10.9189707283002,0
"1607",2005,67,22,138.104,0,0,0,0,-3.195,0.6772,1.77,0,10.9191136663539,0
"1608",2005,67,23,143.237,0.023,0,0,0,-3.76,0.69865,1.765,0,10.9192795706328,0
"1609",2005,68,0,143.8065,0.023,0,0,0,-4.48,0.7359,0.63,0,10.9194575082908,0
"1610",2005,68,1,139.6135,0.023,0,0,0,-4.835,0.8055,1.58,0,10.9196354085269,0
"1611",2005,68,2,131.896,0,0,0,0,-5.11,0.8363,1.12,0,10.9197993491683,0
"1612",2005,68,3,122.108,0.138,0,0,0,-5.305,0.84345,1.81,0,10.9199408982971,0
"1613",2005,68,4,111.236,0.023,0,0,0,-5.72,0.86075,2.135,0,10.9200490957099,0
"1614",2005,68,5,99.8735,0.092,0.02,0,0,-6.275,0.87815,2.595,0,10.9201138425834,0
"1615",2005,68,6,88.22,46.184,18.38,21.725,8.555,-5.99,0.8389,2.945,0,10.976381406424,0
"1616",2005,68,7,77.1265,290.536,102.295,136.375,46.99,-4.95,0.74775,4.095,0,10.9797622188276,0
"1617",2005,68,8,66.572,756.769,270.96,382.605,124.335,-3.765,0.6582,5.925,0,10.9795577492049,0
"1618",2005,68,9,57.1605,1049.536,381.215,541.06,161.325,-2.275,0.51495,5.29,0,10.9795533860577,0
"1619",2005,68,10,49.707,1284.389,472.425,673.475,191.72,-1.4,0.44545,4.76,0,10.9795534973552,0
"1620",2005,68,11,45.263,1495.506,553.28,795.37,221.22,-0.75,0.38715,5.29,0,10.9795533283816,0
"1621",2005,68,12,44.765,1518.299,562.525,811.66,226.49,-0.33,0.3209,6.135,0,10.9795533849443,0
"1622",2005,68,13,48.3315,1406.519,519.49,751.435,215.57,0.23,0.28615,7.155,0,10.9795535767099,0
"1623",2005,68,14,55.165,1178.267,431.995,626.01,188.89,0.745,0.26825,7.135,0,10.9795534732167,0
"1624",2005,68,15,64.1905,845.411,306.68,444.43,145.93,0.975,0.26995,7.335,0,10.979553348669,0
"1625",2005,68,16,74.524,459.425,165.26,236.715,89.545,0.935,0.2827,7.735,0,10.9795533786336,0
"1626",2005,68,17,85.451,105.593,37.02,47.56,25.655,0.04,0.31615,6.86,0,10.9795534295671,0
"1627",2005,68,18,97.0905,0.874,0.165,0,0.31,-1.91,0.40965,3.835,0,11.0168759379506,0
"1628",2005,68,19,108.484,0.023,0,0,0,-2.975,0.4661,2.905,0,11.0414845847556,0
"1629",2005,68,20,119.4785,0,0,0,0,-3.56,0.4894,2.22,0,11.0420826098935,0
"1630",2005,68,21,129.5395,0.069,0,0,0,-4.035,0.5084,2.54,0,11.0422024463006,0
"1631",2005,68,22,137.7875,0.253,0,0,0,-4.48,0.5165,2.23,0,11.0423527396391,0
"1632",2005,68,23,142.8695,0.437,0,0,0,-5.06,0.55565,1.88,0,11.0425376967314,0
"1633",2005,69,0,143.4105,0.414,0,0,0,-5.71,0.60265,2.8,0,11.042741898285,0
"1634",2005,69,1,139.232,0.276,0,0,0,-6.405,0.657,3.01,0,11.0429413805989,0
"1635",2005,69,2,131.545,0.345,0,0,0,-6.905,0.70015,2.935,0,11.0431218261928,0
"1636",2005,69,3,121.7845,0.414,0,0,0,-7.045,0.71005,2.925,0,11.0432793686506,0
"1637",2005,69,4,110.9295,0.414,0,0,0,-7.245,0.72635,3.68,0,11.0433999325788,0
"1638",2005,69,5,99.5725,0.345,0.01,0,0,-5.97,0.71285,3.435,0,11.0434723601797,0
"1639",2005,69,6,87.895,21.229,7.905,7.195,2.345,-4.62,0.68785,4.65,0,11.0447082978462,0
"1640",2005,69,7,76.814,145.475,52.65,66.88,19.565,-2.835,0.631,6.36,0,11.0506890754977,0
"1641",2005,69,8,66.241,323.932,115.33,150.765,42.91,-1.105,0.5526,8.295,0,11.0494367981476,0
"1642",2005,69,9,56.8045,326.094,111.77,144.515,39.905,-0.1,0.53555,9.285,0,11.0494101803186,0
"1643",2005,69,10,49.3235,395.209,127.225,174.015,53.44,-1.055,0.79135,9.85,0,11.0494097863814,0
"1644",2005,69,11,44.871,253.437,72.385,106.29,39.985,-1.025,0.8593,9.4,0,11.0494098494366,0
"1645",2005,69,12,44.3855,201.227,57.45,81.455,30.14,0.24,0.7645,8.75,0,11.0494100776293,0
"1646",2005,69,13,47.9905,183.333,54.595,73.78,24.75,1.375,0.6882,9.41,0,11.0494099040754,0
"1647",2005,69,14,54.873,305.762,108.45,138.93,37.6,3.235,0.67255,9.085,0,11.0494098911563,0
"1648",2005,69,15,63.938,110.86,37.72,45.39,12.815,3.49,0.68855,6.51,0,11.0494098011788,0
"1649",2005,69,16,74.3015,97.635,37.73,42.98,10.2,3.955,0.8101,4.73,0,11.0494098093094,0
"1650",2005,69,17,85.256,36.938,15.1,15.06,4.2,4.775,0.75845,7.495,0,11.0477288472956,0
"1651",2005,69,18,96.8885,0.46,0.155,0,0.03,4.385,0.7369,7.135,0,11.0294194875103,0
"1652",2005,69,19,108.2735,0,0,0,0.045,3.785,0.72855,7.25,0,11.0320244439742,0
"1653",2005,69,20,119.2475,0.046,0,0,0.055,2.525,0.76395,4.985,0,11.0321529994451,0
"1654",2005,69,21,129.272,0,0,0,0,2.81,0.7337,6.715,0,11.0322654652242,0
"1655",2005,69,22,137.4695,0.023,0,0,0.005,2.905,0.75465,8.68,0,11.0324094200503,0
"1656",2005,69,23,142.499,0.046,0,0,0.095,2.435,0.7909,9.555,0,11.0325769104506,0
"1657",2005,70,0,143.0155,0.069,0,0,0.14,1.69,0.8394,9.495,0,11.032758086939,0
"1658",2005,70,1,138.8475,0,0,0,0.13,1.065,0.8747,9.705,0,11.0329375246324,0
"1659",2005,70,2,131.1915,0.046,0,0,0.095,0.605,0.91845,9.21,0,11.0331022260591,0
"1660",2005,70,3,121.4565,0.138,0,0,0.205,0.045,0.93135,8.305,0,11.0332453379188,0
"1661",2005,70,4,110.619,0.023,0,0,0.18,-0.84,0.9212,7.45,0,11.0333539096128,0
"1662",2005,70,5,99.27,0.276,0,0,0.44,-1.7,0.80555,8.92,0,11.0334205234249,0
"1663",2005,70,6,87.609,22.954,6.715,5.92,3.09,-1.865,0.7798,8.37,0,11.0354192167058,0
"1664",2005,70,7,76.501,214.82,71.59,102.935,37.68,-1.51,0.7566,8.185,0,11.0458113863747,0
"1665",2005,70,8,65.908,650.463,227.125,324.825,110.76,-0.805,0.71585,9.92,0,11.0447678881849,0
"1666",2005,70,9,56.446,871.999,328.13,443.445,121.96,-0.31,0.71305,9.515,0,11.044745658345,0
"1667",2005,70,10,48.94,1080.402,411.605,558.785,145.74,0.365,0.6617,9.83,0,11.0447453415472,0
"1668",2005,70,11,44.472,720.13,264.28,359.975,99.385,1.15,0.62845,9.625,0,11.0447454313245,0
"1669",2005,70,12,44.004,704.996,256.99,351.5,99.945,1.62,0.5822,10.89,0,11.044745773155,0
"1670",2005,70,13,47.6505,527.735,190.08,255.5,73.44,1.56,0.5746,12.08,0,11.044745383235,0
"1671",2005,70,14,54.581,702.926,253.52,355.54,108.47,1.555,0.6034,11.555,0,11.0447455038785,0
"1672",2005,70,15,63.6875,315.79,115.075,153.26,45.43,2.67,0.50875,11.99,0,11.0447458833105,0
"1673",2005,70,16,74.078,138.46,50.385,63.825,19.085,2.78,0.51425,10.385,0,11.044745361819,0
"1674",2005,70,17,85.022,48.139,18.355,20.575,7.285,2.705,0.53895,9.195,0,11.044720379441,0
"1675",2005,70,18,96.686,0.667,0.175,0,0.02,2.305,0.571,5.71,0,11.0507832444423,0
"1676",2005,70,19,108.0635,0.046,0,0,0.015,1.78,0.61445,5.775,0,11.0563013329332,0
"1677",2005,70,20,119.018,0.046,0,0,0,2.005,0.63205,7.19,0,11.0564955590446,0
"1678",2005,70,21,129.007,0.23,0,0,0.365,1.29,0.87115,7.565,0,11.0566126798344,0
"1679",2005,70,22,137.1525,0.437,0,0,0,1.5,0.89125,6.565,0,11.0567714845674,0
"1680",2005,70,23,142.1285,0.138,0,0,0.015,3.31,0.8127,7.75,0,11.0569553483474,0
"1681",2005,71,0,142.6175,0.023,0,0,0,3.21,0.85055,7.435,0,11.0571383859123,0
"1682",2005,71,1,138.4615,0.023,0,0,0.035,4.05,0.7995,9.93,0,11.057316801371,0
"1683",2005,71,2,130.8345,0,0,0,0.11,3.345,0.8139,9.06,0,11.0574814654596,0
"1684",2005,71,3,121.128,0.023,0,0,0.13,2.495,0.7904,8.455,0,11.0576214957852,0
"1685",2005,71,4,110.3075,0,0,0,0.95,0.235,0.7107,10.24,0,11.0577276854804,0
"1686",2005,71,5,98.9655,0.253,0.005,0,0.81,-2.595,0.72855,9.29,0,11.0577940520926,0
"1687",2005,71,6,87.282,72.082,24.88,28.19,13.685,-3.68,0.6536,7.835,0,11.1359745258155,0
"1688",2005,71,7,76.187,270.112,98.015,130.35,43.83,-3.56,0.6008,8.405,0,11.1364838103075,0
"1689",2005,71,8,65.573,325.22,115.92,152.78,44.42,-3.375,0.6291,7.695,0,11.1364139733814,0
"1690",2005,71,9,56.0875,325.933,111.62,144.3,40.46,-2.965,0.6186,6.51,0,11.1364125619924,0
"1691",2005,71,10,48.5545,452.18,155.84,204.18,56.52,-2.63,0.5622,5.385,0,11.1364125688595,0
"1692",2005,71,11,44.0755,396.428,135.205,176.13,48.245,-2.475,0.48475,5.23,0,11.136412529417,0
"1693",2005,71,12,43.621,324.323,108.97,139.79,37.335,-2.465,0.50815,3.55,0,11.1364125429368,0
"1694",2005,71,13,47.31,469.545,162.395,211.15,56.95,-2.255,0.4817,2.365,0,11.1364125704611,0
"1695",2005,71,14,54.2905,225.584,76.57,96.775,25.21,-1.995,0.4673,0.9,0,11.1364126502644,0
"1696",2005,71,15,63.436,120.382,39.99,49.34,13.195,-1.88,0.507,1.655,0,11.1364128950889,0
"1697",2005,71,16,73.8575,102.189,35.085,43.615,12.505,-1.88,0.54235,3.245,0,11.1364125720767,0
"1698",2005,71,17,84.8295,21.689,7.415,7.265,2.895,-2.41,0.61965,5.07,0,11.1099385314075,0
"1699",2005,71,18,96.4845,0.46,0.035,0,0.215,-2.62,0.63195,5.335,0,11.0952456234779,0
"1700",2005,71,19,107.854,0.092,0,0,0.135,-2.8,0.59335,5.26,0,11.0959126688012,0
"1701",2005,71,20,118.786,0.023,0,0,0.255,-3.07,0.58445,4.94,0,11.0960016985651,0
"1702",2005,71,21,128.738,0.023,0,0,0.28,-3.54,0.6033,4.875,0,11.0961156478948,0
"1703",2005,71,22,136.8335,0.023,0,0,0.205,-3.795,0.6082,4.335,0,11.0962613956558,0
"1704",2005,71,23,141.756,0.046,0,0,0.105,-3.915,0.6091,4.94,0,11.0964307807299,0
"1705",2005,72,0,142.222,0,0,0,0.235,-4.19,0.62955,4.43,0,11.0966107698031,0
"1706",2005,72,1,138.0765,0,0,0,0.29,-5.02,0.649,4.34,0,11.0967872610503,0
"1707",2005,72,2,130.4785,0,0,0,0.19,-5.82,0.6765,3.805,0,11.0969504786115,0
"1708",2005,72,3,120.796,0,0,0,0.05,-6.435,0.69455,2.205,0,11.0970886287606,0
"1709",2005,72,4,109.9925,0,0,0,0,-7,0.71565,2.1,0,11.0971924562831,0
"1710",2005,72,5,98.6585,0.414,0.125,0,0.005,-7.585,0.7344,1.685,0,11.0972579136671,0
"1711",2005,72,6,86.9925,52.877,20.1,22.585,8.335,-7.775,0.73895,1.775,0,11.1523716656889,0
"1712",2005,72,7,75.872,264.086,97.51,128.85,40.555,-6.74,0.6806,2.825,0,11.1526564929338,0
"1713",2005,72,8,65.2405,545.537,198.845,269.795,82.305,-5.335,0.5458,4.33,0,11.1525028366094,0
"1714",2005,72,9,55.728,745.752,274.425,372.3,106.985,-3.455,0.41455,1.74,0,11.1524998009837,0
"1715",2005,72,10,48.1705,1285.332,474.385,661.5,186.58,-1.725,0.3484,1.595,0,11.1524997624445,0
"1716",2005,72,11,43.6765,1049.628,389.285,533.295,147.115,-0.97,0.34145,1.735,0,11.1524997543462,0
"1717",2005,72,12,43.2385,1293.083,479.655,669.46,186.52,-0.02,0.3216,2.32,0,11.1524998041574,0
"1718",2005,72,13,46.971,1342.073,496.915,703.415,199.23,1.1,0.29405,2.45,0,11.1524999692555,0
"1719",2005,72,14,54,1041.509,382.265,538.315,158.725,1.89,0.2794,2.435,0,11.1524999598584,0
"1720",2005,72,15,63.1885,794.926,288.32,405.605,127.225,2.56,0.27865,2.84,0,11.1524997656165,0
"1721",2005,72,16,73.638,402.477,147.395,201.315,67.875,2.29,0.29505,3.51,0,11.1524997760539,0
"1722",2005,72,17,84.6355,134.619,47.56,62.18,29.875,1.955,0.31715,3.29,0,11.152499789591,0
"1723",2005,72,18,96.2835,1.725,0.66,0.17,0.185,0.57,0.36945,3.445,0,11.1853170845171,0
"1724",2005,72,19,107.645,0.023,0,0,0,-0.12,0.3827,2.785,0,11.2164787767128,0
"1725",2005,72,20,118.5555,0,0,0,0,-0.895,0.41335,2.535,0,11.2172374863747,0
"1726",2005,72,21,128.469,0,0,0,0,-2.115,0.48205,3.015,0,11.2173603675861,0
"1727",2005,72,22,136.5115,0,0,0,0,-2.93,0.51935,1.55,0,11.217504992248,0
"1728",2005,72,23,141.3825,0.253,0,0,0,-4.105,0.5915,0.495,0,11.217677677402,0
"1729",2005,73,0,141.823,0.276,0,0,0,-3.93,0.56505,0.435,0,11.2178717901116,0
"1730",2005,73,1,137.69,0.322,0,0,0,-4.255,0.5865,0.72,0,11.2180664760018,0
"1731",2005,73,2,130.1175,0.115,0,0,0,-4.2,0.57635,0.905,0,11.2182432522599,0
"1732",2005,73,3,120.464,0.115,0,0,0,-4.59,0.5966,1.85,0,11.2183871220106,0
"1733",2005,73,4,109.6775,0.184,0,0,0,-5.405,0.6848,2.115,0,11.2184959748349,0
"1734",2005,73,5,98.352,0.276,0.035,0,0.005,-4.825,0.7086,2.34,0,11.2185630168449,0
"1735",2005,73,6,86.6655,29.141,10.84,11.785,4.03,-4.215,0.71325,1.87,0,11.2246150346245,0
"1736",2005,73,7,75.5555,204.355,76.905,100.8,30.03,-2.51,0.63795,3.385,0,11.2232718901942,0
"1737",2005,73,8,64.9045,708.745,259.66,359.56,113.345,-0.05,0.51235,5.11,0,11.2223522700673,0
"1738",2005,73,9,55.367,972.601,355.025,497.475,147.36,2.035,0.39945,5.37,0,11.222334071015,0
"1739",2005,73,10,47.7825,1361.232,505.535,717.32,205.905,3.53,0.35815,5.71,0,11.2223338550626,0
"1740",2005,73,11,43.277,1045.948,393.52,549.205,156.455,4.175,0.3723,6.95,0,11.222334072243,0
"1741",2005,73,12,42.8565,1236.94,459.765,651.15,184.705,4.45,0.34275,7.905,0,11.2223339373985,0
"1742",2005,73,13,46.632,1437.224,531.22,765.705,221.52,4.135,0.2854,10.065,0,11.2223338771567,0
"1743",2005,73,14,53.71,1218.632,446.31,643.89,195.085,3.745,0.31445,10.255,0,11.2223338381233,0
"1744",2005,73,15,62.9405,885.73,320.72,462.105,151.33,3.575,0.31715,9.06,0,11.2223338539666,0
"1745",2005,73,16,73.4185,422.648,153.885,215.43,77.195,3.345,0.33575,7.38,0,11.2223338295988,0
"1746",2005,73,17,84.4415,127.121,45.05,59.225,28.94,2.615,0.3737,5.745,0,11.2223338371493,0
"1747",2005,73,18,96.0455,1.794,0.74,0.145,0.26,0.79,0.42815,3.735,0,11.251229557872,0
"1748",2005,73,19,107.4335,0.023,0,0,0.03,-0.495,0.49435,3.26,0,11.2786235358476,0
"1749",2005,73,20,118.323,0,0,0,0,-1.145,0.54585,3.415,0,11.279326576967,0
"1750",2005,73,21,128.2,0,0,0,0,-2.765,0.6218,2.715,0,11.2794480118591,0
"1751",2005,73,22,136.191,0.023,0,0,0,-2.84,0.64155,2.52,0,11.2795925612628,0
"1752",2005,73,23,141.0105,0.046,0,0,0,-3.565,0.67805,1.915,0,11.2797609400127,0
"1753",2005,74,0,141.425,0.276,0,0,0,-3.735,0.6853,2.325,0,11.2799475116795,0
"1754",2005,74,1,137.3025,0.207,0,0,0,-4.03,0.6867,3.11,0,11.280139293323,0
"1755",2005,74,2,129.7595,0.207,0,0,0,-4.33,0.70285,2.675,0,11.2803145188055,0
"1756",2005,74,3,120.1305,0.276,0,0,0,-5.21,0.7502,2.07,0,11.2804651410685,0
"1757",2005,74,4,109.361,0.161,0,0,0,-5.635,0.7709,2.055,0,11.2805784239225,0
"1758",2005,74,5,98.0435,0.598,0.17,0,0,-6.45,0.8055,1.375,0,11.2806490420314,0
"1759",2005,74,6,86.3725,96.646,32.69,38.89,17.36,-6.535,0.81885,0.52,0,11.3555326158569,0
"1760",2005,74,7,75.238,399.004,140.36,186.81,66.365,-3.505,0.7369,0.455,0,11.3552506241438,0
"1761",2005,74,8,64.5695,839.546,309.59,425.685,131.425,0.34,0.5436,0.74,0,11.3552034881316,0
"1762",2005,74,9,55.005,1187.053,434.55,613.465,179.3,2.205,0.38215,1.37,0,11.3552026050926,0
"1763",2005,74,10,47.3965,1347.892,498.895,699.52,197.195,3.1,0.3379,2.355,0,11.3552026602106,0
"1764",2005,74,11,42.877,1383.496,513.125,720.68,200.505,3.74,0.33365,3.02,0,11.3552025884043,0
"1765",2005,74,12,42.4745,1488.721,551.795,780.895,216.94,4.875,0.3094,2.75,0,11.3552026247699,0
"1766",2005,74,13,46.2935,1341.383,497.095,705.33,200.38,5.535,0.2971,2.81,0,11.3552027412977,0
"1767",2005,74,14,53.424,1192.918,437.76,623.415,184.34,6.5,0.2856,2.16,0,11.3552031379002,0
"1768",2005,74,15,62.6945,865.191,314.24,446.43,142.325,6.75,0.27585,2.11,0,11.3552026151509,0
"1769",2005,74,16,73.201,462.553,169.01,234.775,83.035,6.81,0.2775,1.875,0,11.3552026495378,0
"1770",2005,74,17,84.246,130.341,48.21,62.405,25.185,6.515,0.2792,1.445,0,11.3552027003528,0
"1771",2005,74,18,95.8465,1.909,0.77,0.115,0.01,5.06,0.31145,1.7,0,11.3800107960616,0
"1772",2005,74,19,107.224,0.023,0,0,0,4.345,0.3267,2.445,0,11.4060945097608,0
"1773",2005,74,20,118.09,0.023,0,0,0,3,0.36825,3.365,0,11.4067969637551,0
"1774",2005,74,21,127.929,0.046,0,0,0,1.65,0.41275,3.875,0,11.406920377414,0
"1775",2005,74,22,135.87,0,0,0,0,1.13,0.43835,3.485,0,11.4070663541031,0
"1776",2005,74,23,140.6365,0,0,0,0,0.07,0.4947,3.665,0,11.4072331771878,0
"1777",2005,75,0,141.0255,0,0,0,0,-0.095,0.50335,3.62,0,11.407411663112,0
"1778",2005,75,1,136.9125,0,0,0,0,-1.255,0.55225,2.105,0,11.4075885559786,0
"1779",2005,75,2,129.3975,0,0,0,0,-2.385,0.60735,0.915,0,11.4077524693126,0
"1780",2005,75,3,119.795,0.115,0,0,0,-2.18,0.5859,0.505,0,11.4078936046918,0
"1781",2005,75,4,109.0425,0.115,0,0,0,-2.03,0.5792,1.1,0,11.4080023679514,0
"1782",2005,75,5,97.7335,0.598,0.135,0,0,-2.055,0.5791,0.515,0,11.408071887138,0
"1783",2005,75,6,86.043,74.129,27.815,33.335,12.485,-1.975,0.58045,0.72,0,11.4671947712131,0
"1784",2005,75,7,74.9205,402.96,148.195,199.785,69.53,-0.15,0.58485,1.105,0,11.4663488940487,0
"1785",2005,75,8,64.2315,817.558,295.63,415.89,133.69,2.55,0.48375,4.64,0,11.4662708418804,0
"1786",2005,75,9,54.645,1163.363,424.105,602.005,179.275,4.67,0.40065,4.155,0,11.4662694049428,0
"1787",2005,75,10,47.009,1401.551,517.69,734.96,208.31,6.545,0.3313,2.975,0,11.4662694192449,0
"1788",2005,75,11,42.4785,1529.339,568.48,808.56,224.785,7.78,0.3069,2.94,0,11.4662693773703,0
"1789",2005,75,12,42.092,1539.965,572.33,815.59,227.165,8.925,0.29115,3.09,0,11.466269388742,0
"1790",2005,75,13,45.957,1419.974,525.685,749.875,214.55,9.655,0.2793,3.36,0,11.4662694074075,0
"1791",2005,75,14,53.1375,1140.892,420.125,597.88,179.395,10.36,0.27125,3.19,0,11.4662694543548,0
"1792",2005,75,15,62.4495,689.126,258.995,361.19,114.58,10.385,0.26985,2.81,0,11.4662695890269,0
"1793",2005,75,16,72.9835,323.265,124.375,168.555,54.455,10.1,0.27785,3.125,0,11.4662694647474,0
"1794",2005,75,17,84.053,85.169,34.475,42.69,14.1,9.525,0.30005,3.29,0,11.4662694148813,0
"1795",2005,75,18,95.649,2.001,1.05,0.345,0.285,7.82,0.34225,3.46,0,11.4841736949636,0
"1796",2005,75,19,107.014,0.023,0,0,0.015,5.995,0.38785,4.35,0,11.4986795643211,0
"1797",2005,75,20,117.8575,0.046,0,0,0.015,3.765,0.4514,4.5,0,11.4991221373914,0
"1798",2005,75,21,127.6585,0,0,0,0,2.34,0.5156,4.555,0,11.4992418532421,0
"1799",2005,75,22,135.5475,0.046,0,0,0,1.905,0.54435,4.48,0,11.4993880549349,0
"1800",2005,75,23,140.2625,0.069,0,0,0,0.98,0.5816,3.89,0,11.4995587274465,0
"1801",2005,76,0,140.626,0.023,0,0,0,0.03,0.62615,3.3,0,11.4997408650613,0
"1802",2005,76,1,136.525,0,0,0,0,-0.47,0.63845,2.41,0,11.4999181298845,0
"1803",2005,76,2,129.0355,0,0,0,0,-0.685,0.63995,1.475,0,11.5000817941779,0
"1804",2005,76,3,119.4565,0,0,0,0.025,-1.405,0.6716,1.745,0,11.5002205389756,0
"1805",2005,76,4,108.723,0.023,0,0,0.01,-0.735,0.65475,1.55,0,11.5003252423686,0
"1806",2005,76,5,97.423,0.621,0.245,0,0,0.29,0.60905,1.38,0,11.5003932148149,0
"1807",2005,76,6,85.7495,79.649,31.775,38.05,14.57,-0.12,0.62365,1.81,0,11.5565508163006,0
"1808",2005,76,7,74.601,382.352,146.015,196.165,68.66,1.19,0.64235,1.79,0,11.5554905140646,0
"1809",2005,76,8,63.895,701.339,260.825,362.105,115.335,4.5,0.5277,3.28,0,11.5554192937566,0
"1810",2005,76,9,54.283,1099.768,405.24,571.39,171.47,7.5,0.4173,4.59,0,11.5554180013922,0
"1811",2005,76,10,46.6195,1362.589,501.265,711.145,203.755,10.35,0.3163,6.315,0,11.5554180146068,0
"1812",2005,76,11,42.079,1496.955,551.8,785.745,221.175,11.765,0.2836,7.55,0,11.555417973229,0
"1813",2005,76,12,41.7115,1472.874,543.8,774.09,219.47,12.435,0.2722,8.28,0,11.5554179844841,0
"1814",2005,76,13,45.6215,1354.654,496.53,707.44,205.385,13.03,0.2638,7.66,0,11.5554180031102,0
"1815",2005,76,14,52.8525,1176.151,430.69,615.46,186.96,13.415,0.2624,7.995,0,11.5554180500623,0
"1816",2005,76,15,62.205,820.617,298.155,425.75,139.415,13.4,0.26555,8.295,0,11.5554181840377,0
"1817",2005,76,16,72.7675,439.944,162.005,227.625,83.515,13.225,0.27175,7.9,0,11.5554180564708,0
"1818",2005,76,17,83.859,115.828,43.56,55.565,24.685,12.055,0.30055,6.115,0,11.5554180115678,0
"1819",2005,76,18,95.4165,2.047,0.565,0.035,0.315,8.77,0.37635,4.825,0,11.5739507804978,0
"1820",2005,76,19,106.8035,0,0,0,0,6.835,0.42095,4.61,0,11.5943247378456,0
"1821",2005,76,20,117.6225,0,0,0,0,6.195,0.43675,4.465,0,11.5949327658232,0
"1822",2005,76,21,127.386,0.023,0,0,0.035,4.685,0.50015,4.64,0,11.5950548962801,0
"1823",2005,76,22,135.223,0,0,0,0,3.46,0.5413,4.44,0,11.5952009937842,0
"1824",2005,76,23,139.887,0,0,0,0,3.08,0.5417,3.895,0,11.5953685456083,0
"1825",2005,77,0,140.2245,0.23,0,0,0,2.79,0.54735,4.575,0,11.595553102207,0
"1826",2005,77,1,136.1335,0.184,0,0,0,3.505,0.5394,4.99,0,11.5957429962441,0
"1827",2005,77,2,128.6705,0.092,0,0,0,3.245,0.5522,4.835,0,11.5959152349788,0
"1828",2005,77,3,119.12,0.023,0,0,0,2.385,0.5638,4.545,0,11.5960566519451,0
"1829",2005,77,4,108.405,0.046,0,0,0,1.51,0.58525,4.855,0,11.596161755312,0
"1830",2005,77,5,97.1125,0.874,0.305,0,0.06,1.53,0.58075,4.845,0,11.5962321041811,0
"1831",2005,77,6,85.4175,84.847,32.375,39.545,14.875,0.705,0.60705,3.445,0,11.6493214344081,0
"1832",2005,77,7,74.284,400.798,147.925,199.27,69.36,3.085,0.5673,4.34,0,11.6481082592794,0
"1833",2005,77,8,63.5585,795.041,288.935,405.02,128.5,7.465,0.41885,7.11,0,11.6480424391368,0
"1834",2005,77,9,53.921,1157.59,423.73,600.72,178.68,10.73,0.32995,9.3,0,11.6480412835826,0
"1835",2005,77,10,46.232,1380.138,507.06,723.635,206.82,12.545,0.27725,10.865,0,11.6480413221154,0
"1836",2005,77,11,41.6775,1531.409,564.945,809.075,226.885,13.47,0.2477,11.14,0,11.6480412603213,0
"1837",2005,77,12,41.33,1490.4,550.075,784.32,221.84,14.155,0.23745,11.07,0,11.6480412773994,0
"1838",2005,77,13,45.286,1169.228,430.865,604.835,175.44,14.285,0.2647,10.625,0,11.6480413184379,0
"1839",2005,77,14,52.5695,891.25,328.895,453.75,134.585,14.005,0.28295,11.125,0,11.6480414440029,0
"1840",2005,77,15,61.9635,597.632,221.42,299.365,90.46,14,0.2652,11.59,0,11.6480418225785,0
"1841",2005,77,16,72.553,334.926,125.39,165.955,52.73,13.615,0.2779,11.375,0,11.6480412888741,0
"1842",2005,77,17,83.6635,80.063,31.73,38.035,13.05,12.84,0.29995,10.035,0,11.6480412963502,0
"1843",2005,77,18,95.2215,1.334,0.4,0.03,0.43,11.695,0.34285,7.055,0,11.6579840134117,0
"1844",2005,77,19,106.594,0.069,0,0,0.09,11.455,0.3981,8.395,0,11.6694433065836,0
"1845",2005,77,20,117.3885,0.069,0,0,0.19,10.7,0.4881,8.905,0,11.6698328633551,0
"1846",2005,77,21,127.113,0,0,0,0.13,9.79,0.55015,6.83,0,11.6699532449451,0
"1847",2005,77,22,134.8995,0,0,0,0.005,9.545,0.53995,7.22,0,11.6700988415676,0
"1848",2005,77,23,139.5115,0.046,0,0,0.04,9.55,0.5589,8.38,0,11.6702683060744,0
"1849",2005,78,0,139.825,0,0,0,0.05,9.065,0.6076,8.05,0,11.6704487915359,0
"1850",2005,78,1,135.7425,0.069,0,0,0.04,8.555,0.6357,7.08,0,11.6706277680464,0
"1851",2005,78,2,128.3075,0.069,0,0,0.02,8.355,0.6486,7.74,0,11.6707950221671,0
"1852",2005,78,3,118.7805,0,0,0,0.22,7.405,0.74685,7.54,0,11.6709353914567,0
"1853",2005,78,4,108.0835,0.023,0,0,0.04,6.575,0.7839,6.675,0,11.6710393516722,0
"1854",2005,78,5,96.8015,0.736,0.25,0,0.04,6.23,0.81865,6.735,0,11.6711073402704,0
"1855",2005,78,6,85.125,31.878,11.795,12.215,4.545,5.95,0.82755,5.65,0,11.6738307672929,0
"1856",2005,78,7,73.9635,150.328,53.725,70.145,21.6,5.265,0.76665,7.225,0,11.6553823716969,0
"1857",2005,78,8,63.222,411.838,149.38,201.845,60.21,3.73,0.7181,8.34,0,11.6544348110307,0
"1858",2005,78,9,53.56,989.138,362.425,506.03,151.405,4.475,0.64355,6.85,0,11.6544178702973,0
"1859",2005,78,10,45.843,623.139,225.835,306.13,87.62,4.015,0.62905,7.47,0,11.6544176863949,0
"1860",2005,78,11,41.276,320.735,110.565,144.165,40.245,3.34,0.6557,7.035,0,11.6544179536964,0
"1861",2005,78,12,40.9485,161.506,51.9,63.93,17.42,2.89,0.6953,7.81,0,11.654417704358,0
"1862",2005,78,13,44.9525,168.475,54.735,68.04,18.655,2.29,0.7613,7.76,0,11.6544179290684,0
"1863",2005,78,14,52.288,200.859,67.705,85.915,23.89,2.365,0.79275,8.42,0,11.6544177211107,0
"1864",2005,78,15,61.723,120.244,40.355,49.255,14.15,2.435,0.8414,8.13,0,11.654417796202,0
"1865",2005,78,16,72.34,43.033,13.845,13.99,4.8,2.205,0.88155,8.46,0,11.6539052210283,0
"1866",2005,78,17,83.47,10.649,3.015,1.075,1.47,1.6,0.89525,8.73,0,11.5006154482714,0
"1867",2005,78,18,95.0255,0.391,0.04,0,0.235,1.165,0.9082,9.075,0,11.4975798336487,0
"1868",2005,78,19,106.3825,0.069,0,0,0.04,0.955,0.94035,8.335,0,11.4976829104195,0
"1869",2005,78,20,117.155,0.046,0,0,0.035,1.09,0.9417,7.01,0,11.4977629165803,0
"1870",2005,78,21,126.838,0.092,0,0,0,1.26,0.93295,5.99,0,11.4978814783714,0
"1871",2005,78,22,134.5725,0.069,0,0,0.01,1.4,0.9112,5.455,0,11.4980332512391,0
"1872",2005,78,23,139.1375,0,0,0,0.09,1.225,0.9285,5.745,0,11.4982048198129,0
"1873",2005,79,0,139.4255,0.092,0,0,0.03,1.18,0.93735,5.455,0,11.4983864787926,0
"1874",2005,79,1,135.3515,0.092,0,0,0.065,1.27,0.876,5.94,0,11.4985694745339,0
"1875",2005,79,2,127.9425,0.023,0,0,0.095,1.085,0.86245,5.84,0,11.4987362739555,0
"1876",2005,79,3,118.44,0,0,0,0.195,0.57,0.852,6.075,0,11.4988740622261,0
"1877",2005,79,4,107.761,0.046,0,0,0.07,0.31,0.8471,4.945,0,11.4989767865872,0
"1878",2005,79,5,96.487,0.897,0.25,0,0.165,0.255,0.8374,4.435,0,11.4990445850479,0
"1879",2005,79,6,84.794,63.963,23.46,28.28,8.885,-0.05,0.85295,2.465,0,11.5406310965248,0
"1880",2005,79,7,73.645,408.779,148.695,201.875,68.495,0.315,0.83315,3.485,0,11.5385502134083,0
"1881",2005,79,8,62.885,651.521,239.275,327.115,100.17,1.285,0.7415,5.2,0,11.5384354732052,0
"1882",2005,79,9,53.198,806.518,298.75,405.685,115.99,1.775,0.66975,5.235,0,11.5384334478128,0
"1883",2005,79,10,45.4565,712.678,262.49,354.81,99.76,1.905,0.6605,4.58,0,11.5384334303294,0
"1884",2005,79,11,40.876,1382.461,513.165,719.285,200.425,3.11,0.6226,4.63,0,11.5384334201845,0
"1885",2005,79,12,40.568,1488.192,547.24,779.545,221.855,3.855,0.6065,4.98,0,11.5384334176158,0
"1886",2005,79,13,44.619,1448.563,531.785,760.71,213.92,4.69,0.5739,4.345,0,11.5384334143715,0
"1887",2005,79,14,52.0085,1238.09,450.065,646.735,190.345,6.235,0.5062,4.26,0,11.5384334254093,0
"1888",2005,79,15,61.4835,900.013,324.165,464.74,147.81,6.63,0.4792,4.205,0,11.5384334453939,0
"1889",2005,79,16,72.126,478.262,173.495,246.13,88.895,6.38,0.4769,4.685,0,11.5384334868524,0
"1890",2005,79,17,83.2765,112.861,39.87,50.925,20.79,5.645,0.49945,5.145,0,11.538433537659,0
"1891",2005,79,18,94.7945,2.553,0.855,0.19,0.345,3.775,0.56535,3.745,0,11.5616398359001,0
"1892",2005,79,19,106.1725,0,0,0,0,2.41,0.6193,3.535,0,11.5836883286144,0
"1893",2005,79,20,116.9185,0.046,0,0,0,2.05,0.64865,3.715,0,11.5843104039495,0
"1894",2005,79,21,126.565,0.023,0,0,0.08,0.865,0.6878,4.09,0,11.5844353497715,0
"1895",2005,79,22,134.2485,0.23,0,0,0,0.365,0.71985,4.43,0,11.584587768528,0
"1896",2005,79,23,138.7625,0,0,0,0,0.815,0.7152,4.15,0,11.5847636827073,0
"1897",2005,80,0,139.0255,0,0,0,0,0.46,0.71365,4.47,0,11.5849426579221,0
"1898",2005,80,1,134.961,0,0,0,0,0.205,0.71355,4.37,0,11.5851193623282,0
"1899",2005,80,2,127.5775,0,0,0,0,-0.31,0.73575,3.785,0,11.5852821317616,0
"1900",2005,80,3,118.1005,0,0,0,0,-0.84,0.75685,3.625,0,11.5854192136556,0
"1901",2005,80,4,107.4395,0.023,0,0,0,-1.215,0.77325,4.015,0,11.5855214655312,0
"1902",2005,80,5,96.137,1.518,0.71,0.055,0.26,-1.62,0.78225,3.35,0,11.5855951048389,0
"1903",2005,80,6,84.499,103.5,38.95,48.19,17.835,-1.5,0.7986,3.8,0,11.6399018368501,0
"1904",2005,80,7,73.3265,360.709,130.755,176.905,59.4,-0.185,0.73525,5.635,0,11.6388421967812,0
"1905",2005,80,8,62.55,865.421,307.26,435.625,137.165,1.83,0.64435,7.375,0,11.6387928093066,0
"1906",2005,80,9,52.836,1153.266,414.64,589.38,172.215,3.485,0.5618,6.56,0,11.6387919545013,0
"1907",2005,80,10,45.067,1476.922,535.005,767.845,214.905,4.81,0.518,6.175,0,11.6387920379334,0
"1908",2005,80,11,40.476,1580.514,578.79,830.335,226.835,6.115,0.4764,5.125,0,11.6387919449787,0
"1909",2005,80,12,40.188,1581.917,581.285,833.59,228.49,7.495,0.4409,6.06,0,11.6387919623006,0
"1910",2005,80,13,44.289,1453.784,530.34,760.91,213.71,8.57,0.40705,6.015,0,11.6387920049507,0
"1911",2005,80,14,51.7285,1240.758,449.11,642.86,189.21,9.3,0.3733,6.1,0,11.6387921362123,0
"1912",2005,80,15,61.2455,868.48,311.075,443.36,141.325,9.73,0.3548,6.82,0,11.6387921286654,0
"1913",2005,80,16,71.9165,381.064,137.16,187.87,63.9,9.385,0.36995,6.575,0,11.6387919657248,0
"1914",2005,80,17,83.0825,91.908,35.305,42.255,14.15,8.46,0.40865,5.88,0,11.6387919706976,0
"1915",2005,80,18,94.604,2.346,0.755,0.075,0.24,7.14,0.4537,4.48,0,11.6567887779338,0
"1916",2005,80,19,105.962,0,0,0,0,6.35,0.48425,5.695,0,11.6726481587086,0
"1917",2005,80,20,116.6835,0,0,0,0.02,5.295,0.53025,5.61,0,11.6731352845941,0
"1918",2005,80,21,126.2905,0,0,0,0.255,3.835,0.5958,4.415,0,11.673257253475,0
"1919",2005,80,22,133.9215,0.023,0,0,0,2.135,0.69055,4.1,0,11.6734049050597,0
"1920",2005,80,23,138.387,0.069,0,0,0,1.93,0.7169,5.12,0,11.6735758585241,0
"1921",2005,81,0,138.6255,0.046,0,0,0.055,2.115,0.72495,6.09,0,11.6737581816227,0
"1922",2005,81,1,134.5695,0.023,0,0,0.04,1.405,0.75495,5.305,0,11.6739374272948,0
"1923",2005,81,2,127.2095,0,0,0,0,1.025,0.75955,5.745,0,11.674100717972,0
"1924",2005,81,3,117.7605,0.046,0,0,0.005,0.715,0.7617,5.61,0,11.6742386811512,0
"1925",2005,81,4,107.1165,0.023,0,0,0.005,0.665,0.762,6.99,0,11.6743418848516,0
"1926",2005,81,5,95.8295,0.851,0.36,0,0.115,0.69,0.7629,7.615,0,11.6744084340014,0
"1927",2005,81,6,84.2005,40.089,14.82,15.635,5.415,0.955,0.753,7.905,0,11.6829930580341,0
"1928",2005,81,7,73.0075,253.207,92.62,121.745,36.34,1.745,0.71415,9.375,0,11.6724832359938,0
"1929",2005,81,8,62.212,414.667,150.355,199.13,57.565,2.89,0.6726,10.095,0,11.6720116760197,0
"1930",2005,81,9,52.476,443.808,157.695,206.665,57.8,4.045,0.63315,9.975,0,11.6720034416641,0
"1931",2005,81,10,44.68,446.43,155.84,203.195,56.075,4.965,0.6059,9.985,0,11.6720033691769,0
"1932",2005,81,11,40.0765,262.338,85.935,107.755,28.335,5.37,0.59585,9.03,0,11.6720034401853,0
"1933",2005,81,12,39.81,236.647,76.165,94.24,24.35,5.76,0.57855,9.38,0,11.6720033481682,0
"1934",2005,81,13,43.958,177.353,55.33,66.96,17.31,5.54,0.62445,9.705,0,11.6720034040553,0
"1935",2005,81,14,51.452,172.96,58.845,67.995,16.145,5.105,0.6905,11.92,0,11.6720035758993,0
"1936",2005,81,15,61.01,96.761,33.195,36.235,9.18,4.575,0.76645,13.015,0,11.6720034311776,0
"1937",2005,81,16,71.7085,29.946,9.11,7.905,2.915,4.21,0.80785,11.24,0,11.6424850689555,0
"1938",2005,81,17,82.889,13.202,4.53,2.72,1.2,3.8,0.86085,10.53,0,11.461644449813,0
"1939",2005,81,18,94.4095,0.46,0.08,0,0.005,3.5,0.90205,9.16,0,11.4604834934983,0
"1940",2005,81,19,105.7515,0,0,0,0,3.715,0.90585,9.135,0,11.4605602252469,0
"1941",2005,81,20,116.448,0,0,0,0,4.075,0.88975,9.505,0,11.4606407740124,0
"1942",2005,81,21,126.015,0,0,0,0,4.185,0.87605,8.23,0,11.4607591018321,0
"1943",2005,81,22,133.596,0,0,0,0,4.115,0.87325,7.115,0,11.4609086095306,0
"1944",2005,81,23,138.012,0,0,0,0.01,3.815,0.8617,8.9,0,11.4610790877718,0
"1945",2005,82,0,138.226,0,0,0,0,3.745,0.8636,9.9,0,11.461258958765,0
"1946",2005,82,1,134.1765,0,0,0,0.005,3.65,0.8696,8.955,0,11.4614358537857,0
"1947",2005,82,2,126.8435,0,0,0,0.08,3.22,0.87875,7.77,0,11.4615975077494,0
"1948",2005,82,3,117.42,0.115,0,0,0.055,2.795,0.8927,7.865,0,11.4617352758736,0
"1949",2005,82,4,106.7925,0.46,0,0,0,2.365,0.93,6.685,0,11.4618436909763,0
"1950",2005,82,5,95.481,0.552,0.04,0,0,2.205,0.93225,8.035,0,11.461910784755,0
"1951",2005,82,6,83.902,7.406,2.46,0.68,0.46,2.23,0.9353,8.285,0,11.4619286074478,0
"1952",2005,82,7,72.689,34.408,11.54,10.37,2.555,2.275,0.9311,8.24,0,11.3777810481411,0
"1953",2005,82,8,61.8775,114.586,40.295,45.93,9.55,2.075,0.93465,9.445,0,11.3092953705203,0
"1954",2005,82,9,52.115,258.014,93.445,112.425,23.185,2.13,0.9288,10.77,0,11.3080976834746,0
"1955",2005,82,10,44.294,284.924,101.645,122.48,25.125,2.28,0.91005,10.565,0,11.3080807313146,0
"1956",2005,82,11,39.6775,388.585,143.35,175.11,36.615,2.57,0.8908,9.44,0,11.3080805962413,0
"1957",2005,82,12,39.43,581.831,222.105,274.405,59.525,3.31,0.86075,9.79,0,11.3080806925846,0
"1958",2005,82,13,43.631,262.568,92.695,112.465,24.905,3.56,0.8404,8.31,0,11.3080805500756,0
"1959",2005,82,14,51.1745,198.904,70,83.665,19.14,3.71,0.82165,7.48,0,11.3080806152883,0
"1960",2005,82,15,60.776,125.511,44.06,52.195,12.38,3.67,0.8337,6.025,0,11.3080807997631,0
"1961",2005,82,16,71.4975,137.494,50.07,60.875,15.255,3.085,0.87115,6.85,0,11.3080805769525,0
"1962",2005,82,17,82.696,26.013,9.2,8.29,2.73,2.765,0.88355,5.435,0,11.2971087742534,0
"1963",2005,82,18,94.181,0.989,0.28,0,0.095,2.465,0.89325,4.41,0,11.2757073529965,0
"1964",2005,82,19,105.5405,0,0,0,0,2.355,0.8935,3.99,0,11.2767009291112,0
"1965",2005,82,20,116.2105,0,0,0,0,2.28,0.90445,3.595,0,11.2767994963563,0
"1966",2005,82,21,125.739,0,0,0,0.005,1.815,0.8743,2.995,0,11.2769157468622,0
"1967",2005,82,22,133.2695,0.069,0,0,0.005,1.295,0.8787,2.4,0,11.2770640095033,0
"1968",2005,82,23,137.6375,0.023,0,0,0,0.905,0.87545,1.085,0,11.2772358809522,0
"1969",2005,83,0,137.8275,0.138,0,0,0,1.02,0.8655,1.025,0.455083333333333,11.2774188469696,0
"1970",2005,83,1,133.7875,0.046,0,0,0,1.11,0.8901,1.53,0.455083333333333,11.2776012789212,0
"1971",2005,83,2,126.4785,0.046,0,0,0.025,1.195,0.88365,1.455,0.455083333333333,11.2777654743023,0
"1972",2005,83,3,117.0765,0,0,0,0,0.98,0.88955,1.595,0.455083333333333,11.2779029115702,0
"1973",2005,83,4,106.4705,0.023,0,0,0,0.805,0.88455,1.715,0.455083333333333,11.2780041523789,0
"1974",2005,83,5,95.177,2.875,1.18,0.39,0.275,0.325,0.88855,2.19,0.455083333333333,11.2780920314404,0
"1975",2005,83,6,83.602,134.205,48.06,59.19,21.18,0.145,0.8755,2.095,0.455083333333333,11.3512987130725,0
"1976",2005,83,7,72.37,515.269,188.79,246.64,75.37,0.99,0.8414,2.715,0.455083333333333,11.3508379700843,0
"1977",2005,83,8,61.542,881.613,331.69,446.38,123.64,2.65,0.8135,3.21,0.455083333333333,11.3508057828388,0
"1978",2005,83,9,51.7545,1188.318,447.29,617.18,170.435,3.965,0.8115,4.08,0.455083333333333,11.3508052459093,0
"1979",2005,83,10,43.9065,1005.008,361.165,497.505,138.05,4.895,0.79945,3.585,0.455083333333333,11.350805323989,0
"1980",2005,83,11,39.278,612.076,215.97,290.73,80.745,5.395,0.7969,4.24,0.455083333333333,11.3508052035862,0
"1981",2005,83,12,39.055,512.762,179.235,237.68,65.865,5.91,0.77655,3.47,0.455083333333333,11.3508052434166,0
"1982",2005,83,13,43.3035,402.707,139.13,182.795,50.745,5.89,0.7896,4.315,0.455083333333333,11.3508053730747,0
"1983",2005,83,14,50.9025,234.991,77.785,99.09,27,5.585,0.8068,3.48,0.455083333333333,11.3508058127902,0
"1984",2005,83,15,60.543,131.054,42.83,51.265,13.43,5.3,0.8294,2.885,0.455083333333333,11.3508052256084,0
"1985",2005,83,16,71.2905,60.237,20.715,21.235,5.365,4.97,0.8631,1.695,0.455083333333333,11.3508035871746,0
"1986",2005,83,17,82.5055,9.683,3.165,0.395,0.76,4.62,0.90765,1.845,0.455083333333333,11.273399231636,0
"1987",2005,83,18,93.99,0.736,0.305,0,0.03,4.66,0.93515,2.595,0.455083333333333,11.2710995248349,0
"1988",2005,83,19,105.3305,0,0,0,0,4.58,0.9418,3.245,0.455083333333333,11.2713104398966,0
"1989",2005,83,20,115.975,0,0,0,0,4.285,0.94455,3.325,0.455083333333333,11.2713942771507,0
"1990",2005,83,21,125.463,0.046,0,0,0,4.22,0.9571,2.39,0.455083333333333,11.2715135370169,0
"1991",2005,83,22,132.9425,0.253,0,0,0,4.04,0.968,2.91,0.455083333333333,11.2716695242923,0
"1992",2005,83,23,137.263,0.161,0,0,0,4.02,0.97765,4.565,0.455083333333333,11.2718520837561,0
"1993",2005,84,0,137.4285,0.069,0,0,0,4.19,0.9742,4.535,0.201083333333333,11.2720390240311,0
"1994",2005,84,1,133.397,0.115,0,0,0,4.295,0.96785,2.57,0.201083333333333,11.2722202018966,0
"1995",2005,84,2,126.1115,0.092,0,0,0,4.325,0.9683,1.91,0.201083333333333,11.2723868058075,0
"1996",2005,84,3,116.736,0.069,0,0,0,4.385,0.96965,2.89,0.201083333333333,11.2725251191624,0
"1997",2005,84,4,106.1475,0.23,0,0,0,4.425,0.9712,4.57,0.201083333333333,11.2726277259538,0
"1998",2005,84,5,94.8335,0.575,0.24,0,0.015,4.565,0.9715,4.265,0.201083333333333,11.272690618601,0
"1999",2005,84,6,83.3,30.36,11.635,10.65,2.905,4.68,0.96535,5.65,0.201083333333333,11.2735181279444,0
"2000",2005,84,7,72.0535,100.142,37.255,41.395,9.33,5.105,0.9537,5.01,0.201083333333333,11.2547303176899,0
"2001",2005,84,8,61.2085,152.674,52.68,60.455,12.815,5.485,0.9482,6.64,0.201083333333333,11.2536291555495,0
"2002",2005,84,9,51.397,174.478,58.38,67.97,13.75,5.13,0.9638,5.59,0.201083333333333,11.2536089049193,0
"2003",2005,84,10,43.52,232.921,78.765,92.76,18.155,5.08,0.96375,4.86,0.201083333333333,11.2536086608803,0
"2004",2005,84,11,38.8795,438.403,156.28,191.82,38.215,5.495,0.9489,6.49,0.201083333333333,11.253608852845,0
"2005",2005,84,12,38.678,548.32,206.805,254.005,52.095,5.83,0.92715,8.145,0.201083333333333,11.2536088041051,0
"2006",2005,84,13,42.9775,257.899,91.44,109.485,23.055,5.36,0.92055,7.79,0.201083333333333,11.2536086389791,0
"2007",2005,84,14,50.6315,173.719,60.385,70.38,14.9,5.02,0.9131,7.205,0.201083333333333,11.2536086690165,0
"2008",2005,84,15,60.3115,97.382,32.99,36.845,8.05,4.555,0.92015,6.53,0.201083333333333,11.2536087455446,0
"2009",2005,84,16,71.0835,69.621,24.41,26.28,6.11,4.165,0.9323,6.735,0.201083333333333,11.2536086289669,0
"2010",2005,84,17,82.3135,35.489,12.875,12.565,3.7,3.615,0.94015,7.195,0.201083333333333,11.2486945214057,0
"2011",2005,84,18,93.7605,1.265,0.34,0,0.14,3.2,0.9478,7.58,0.201083333333333,11.2389400281457,0
"2012",2005,84,19,105.1195,0,0,0,0.07,2.995,0.9462,7.02,0.201083333333333,11.241495257099,0
"2013",2005,84,20,115.739,0,0,0,0.01,2.865,0.94105,6.825,0.201083333333333,11.2416277038014,0
"2014",2005,84,21,125.185,0,0,0,0.03,2.76,0.94255,6.96,0.201083333333333,11.2417460766855,0
"2015",2005,84,22,132.6155,0,0,0,0.05,2.515,0.9565,6.045,0.201083333333333,11.2418944812493,0
"2016",2005,84,23,136.887,0,0,0,0.07,2.265,0.96665,5.585,0.201083333333333,11.2420635515797,0
"2017",2005,85,0,137.03,0,0,0,0.005,2.31,0.9708,4.785,0,11.2422426812196,0
"2018",2005,85,1,133.005,0,0,0,0.02,2.445,0.97155,4.79,0,11.2424183600206,0
"2019",2005,85,2,125.7455,0.023,0,0,0.09,2.465,0.96275,4.28,0,11.2425795632354,0
"2020",2005,85,3,116.3945,0,0,0,0.045,2.435,0.94945,4.315,0,11.242714774273,0
"2021",2005,85,4,105.8255,0.023,0,0,0.02,2.41,0.9459,4.345,0,11.2428138428762,0
"2022",2005,85,5,94.53,0.92,0.26,0,0.065,2.345,0.95295,4.52,0,11.2428776971692,0
"2023",2005,85,6,82.998,20.056,7.19,5.655,1.925,2.26,0.96855,4.87,0,11.2429446632806,0
"2024",2005,85,7,71.7355,87.584,32.125,35.81,8.05,2.35,0.9757,4.62,0,11.2099957608329,0
"2025",2005,85,8,60.8735,171.212,62.545,73.75,16.14,2.635,0.9648,4.13,0,11.2076201412208,0
"2026",2005,85,9,51.039,248.584,89.92,107.93,23.48,2.895,0.95785,4.095,0,11.2075756506239,0
"2027",2005,85,10,43.135,320.275,116.295,141.095,31.035,3.315,0.9443,3.33,0,11.2075750040117,0
"2028",2005,85,11,38.4825,417.542,151.425,187.475,41.89,3.84,0.91755,2.705,0,11.2075750667439,0
"2029",2005,85,12,38.3025,364.228,131.06,163.015,37.605,4.2,0.90605,3.55,0,11.2075752881735,0
"2030",2005,85,13,42.6535,300.357,105.695,131.985,31.2,4.455,0.90065,3.8,0,11.2075751285186,0
"2031",2005,85,14,50.361,262.177,92.35,115.69,28.1,4.78,0.89105,4.275,0,11.2075750800699,0
"2032",2005,85,15,60.0815,213.877,76.085,94.86,23.66,5.155,0.8794,4.28,0,11.207575024578,0
"2033",2005,85,16,70.878,108.859,38.46,46.415,11.975,5.38,0.86365,4.25,0,11.2075750405236,0
"2034",2005,85,17,82.1215,50.715,18.735,20.915,6.1,5.23,0.87245,4.505,0,11.2075589929746,0
"2035",2005,85,18,93.573,2.024,0.665,0.095,0.245,4.875,0.8915,3.74,0,11.22831813853,0
"2036",2005,85,19,104.9085,0,0,0,0,4.61,0.89305,3.945,0,11.2355245847028,0
"2037",2005,85,20,115.5015,0,0,0,0,4.42,0.87545,3.655,0,11.2357556939855,0
"2038",2005,85,21,124.9105,0,0,0,0,4.235,0.87945,3.62,0,11.2358742013567,0
"2039",2005,85,22,132.288,0,0,0,0,4.05,0.87165,3.175,0,11.2360216372253,0
"2040",2005,85,23,136.5135,0,0,0,0,3.98,0.87545,3.095,0,11.2361903538437,0
"2041",2005,86,0,136.634,0,0,0,0,3.925,0.8599,3.59,0,11.2363687680769,0
"2042",2005,86,1,132.6175,0,0,0,0,3.64,0.8672,3.765,0,11.2365446318346,0
"2043",2005,86,2,125.38,0,0,0,0,3.225,0.8902,4.58,0,11.2367057169652,0
"2044",2005,86,3,116.054,0,0,0,0,2.965,0.90395,5.375,0,11.2368411966367,0
"2045",2005,86,4,105.5015,0,0,0,0.01,2.635,0.90465,5.275,0,11.23694128824,0
"2046",2005,86,5,94.191,0.943,0.33,0,0.06,2.44,0.91425,3.27,0,11.2370066248005,0
"2047",2005,86,6,82.696,34.868,12.945,13.17,3.92,2.405,0.9206,2.9,0,11.2464802135319,0
"2048",2005,86,7,71.4205,144.578,52.315,63.745,16.665,2.845,0.9063,4.855,0,11.238949397478,0
"2049",2005,86,8,60.5425,270.917,96.74,120.98,31.05,3.67,0.8814,4.185,0,11.2382839749156,0
"2050",2005,86,9,50.6815,377.246,131.575,168.135,43.485,4.33,0.8832,5.275,0,11.2382715021615,0
"2051",2005,86,10,42.7515,803.16,286.46,383.63,101.845,5.4,0.8571,7.175,0,11.2382713891148,0
"2052",2005,86,11,38.085,891.986,314.93,425.015,115.05,6.46,0.8183,7.49,0,11.2382715479436,0
"2053",2005,86,12,37.929,1024.903,367.405,498.41,135.92,7.715,0.7727,6.2,0,11.2382713442376,0
"2054",2005,86,13,42.3315,1153.128,417.225,576.47,159.72,8.415,0.76015,6.635,0,11.2382713746754,0
"2055",2005,86,14,50.0925,848.401,306.43,420.345,117.705,8.575,0.76955,7.425,0,11.2382713434673,0
"2056",2005,86,15,59.8515,545.261,196.965,264.865,76.24,8.45,0.77445,8.115,0,11.2382713512006,0
"2057",2005,86,16,70.6745,332.051,120.495,159.18,47.145,8.21,0.7731,8.22,0,11.2382713596786,0
"2058",2005,86,17,81.9315,94.162,35.355,43.615,13.71,7.775,0.78975,7.54,0,11.2382713686871,0
"2059",2005,86,18,93.3845,3.634,1.545,0.535,0.94,7.26,0.81,6.52,0,11.2748340703695,0
"2060",2005,86,19,104.6995,0.023,0,0,0.06,6.31,0.8605,5.695,0,11.2978604559788,0
"2061",2005,86,20,115.2635,0.046,0,0,0.04,5.63,0.88035,4.305,0,11.2984371802567,0
"2062",2005,86,21,124.632,0,0,0,0.12,4.955,0.88455,6.895,0,11.2985611053082,0
"2063",2005,86,22,131.96,0,0,0,0.16,4.205,0.87795,7.865,0,11.2987080512467,0
"2064",2005,86,23,136.1395,0,0,0,0.145,3.435,0.871,7.115,0,11.2988762414611,0
"2065",2005,87,0,136.237,0,0,0,0.085,2.945,0.8664,5.805,0,11.2990540984305,0
"2066",2005,87,1,132.228,0,0,0,0.135,2.24,0.88465,5.825,0,11.2992308392496,0
"2067",2005,87,2,125.0145,0,0,0,0.145,2.39,0.86005,7.21,0,11.2993924943206,0
"2068",2005,87,3,115.713,0,0,0,0.245,1.565,0.8731,9.04,0,11.2995284271831,0
"2069",2005,87,4,105.18,0,0,0,0.115,1.415,0.85925,6.735,0,11.2996295464482,0
"2070",2005,87,5,93.8905,4.117,1.45,0.65,0.54,1.24,0.86185,6.625,0,11.2997370204951,0
"2071",2005,87,6,82.395,143.681,53.09,65.4,22.615,1.345,0.8659,7.3,0,11.3743258366305,0
"2072",2005,87,7,71.1055,591.284,214.225,294.09,99.2,3.105,0.8075,8.355,0,11.3738892056128,0
"2073",2005,87,8,60.2095,980.076,350.21,497.47,152.18,5.99,0.6834,9.02,0,11.3738598572062,0
"2074",2005,87,9,50.3275,1325.628,476.57,686.03,196.665,7.94,0.63125,10.23,0,11.3738593459477,0
"2075",2005,87,10,42.3695,1563.425,569.075,818.755,223.38,9.495,0.56685,9.495,0,11.3738594812572,0
"2076",2005,87,11,37.689,1685.095,614.105,885.13,235.39,11.085,0.5167,9.225,0,11.3738593533417,0
"2077",2005,87,12,37.5575,1680.587,612.8,882.27,233.705,12.395,0.49995,8.16,0,11.3738593307161,0
"2078",2005,87,13,42.0135,1556.571,563.69,811.885,219.74,13.9,0.45715,7.885,0,11.373859353344,0
"2079",2005,87,14,49.8255,1317.624,474.165,680.05,191.94,14.9,0.41645,6.605,0,11.3738594159854,0
"2080",2005,87,15,59.626,950.843,340.435,484.155,146.92,15.66,0.39615,4.955,0,11.373859600415,0
"2081",2005,87,16,70.47,430.974,156.295,211.95,68.005,15.72,0.3998,3.75,0,11.3738593671236,0
"2082",2005,87,17,81.74,173.604,64.895,81.445,30.905,15.63,0.43925,1.57,0,11.3738593935471,0
"2083",2005,87,18,93.1585,6.118,2.54,0.87,0.265,14.415,0.4767,1.05,0,11.4006906333004,0
"2084",2005,87,19,104.4875,0.092,0,0,0,13.425,0.51595,1.805,0,11.442286394923,0
"2085",2005,87,20,115.0255,0,0,0,0,11.65,0.59695,1.92,0,11.4432914313282,0
"2086",2005,87,21,124.3535,0,0,0,0,9.73,0.667,2.53,0,11.4434213851844,0
"2087",2005,87,22,131.6325,0.092,0,0,0,8.5,0.69685,2.475,0,11.4435704890776,0
"2088",2005,87,23,135.766,0.368,0,0,0,7.035,0.74835,1.02,0,11.4437511092904,0
"2089",2005,88,0,135.8425,0.161,0,0,0,7.225,0.7322,2.115,0,11.4439472601419,0
"2090",2005,88,1,131.8395,0.115,0,0,0,7.005,0.73145,2.095,0,11.4441320604183,0
"2091",2005,88,2,124.651,0.046,0,0,0.09,4.97,0.7963,4.085,0,11.4442989485579,0
"2092",2005,88,3,115.3735,0.046,0,0,0,3.91,0.8567,3.5,0,11.4444373834848,0
"2093",2005,88,4,104.858,0.023,0,0,0.025,4.375,0.82065,4.525,0,11.4445396586027,0
"2094",2005,88,5,93.556,7.337,2.7,1.74,1.195,4.16,0.8119,4.91,0,11.4447313657162,0
"2095",2005,88,6,82.0925,207.184,75.875,95.29,33.94,3.775,0.8408,4.4,0,11.5184424870876,0
"2096",2005,88,7,70.792,511.129,185.635,246.425,76.23,7.52,0.78135,5.26,0,11.5180006669323,0
"2097",2005,88,8,59.882,972.854,341.765,482.605,146.82,11.55,0.6755,6.55,0,11.5179784853687,0
"2098",2005,88,9,49.972,1314.151,463.545,663.15,189.91,14.595,0.56565,8.25,0,11.5179780874204,0
"2099",2005,88,10,41.9875,1456.59,521.145,745.255,205.695,16.5,0.507,8.615,0,11.5179781427972,0
"2100",2005,88,11,37.294,1615.819,582.52,834.905,226.04,18.295,0.4321,8.785,0,11.5179783504414,0
"2101",2005,88,12,37.1865,1585.551,573.955,816.925,222.51,19.455,0.35495,10.415,0,11.5179782376207,0
"2102",2005,88,13,41.696,1123.412,408.335,565.335,158.02,19.72,0.35355,10.24,0,11.5179781295298,0
"2103",2005,88,14,49.563,969.082,349.805,481.135,136.57,19.985,0.3473,10.285,0,11.5179782120196,0
"2104",2005,88,15,59.401,495.995,180.655,236.61,67.285,19.705,0.3801,9.67,0,11.5179784566787,0
"2105",2005,88,16,70.2685,317.676,116.955,150.715,44.105,19.155,0.42055,8.245,0,11.5179781213426,0
"2106",2005,88,17,81.551,103.891,39,47.025,15.205,17.715,0.49895,6.64,0,11.5179781350426,0
"2107",2005,88,18,92.97,4.646,1.63,0.65,0.76,16.015,0.5494,6.495,0,11.544766357645,0
"2108",2005,88,19,104.277,0,0,0,0.085,14.625,0.6193,6.41,0,11.5677444315881,0
"2109",2005,88,20,114.787,0,0,0,0,14.025,0.63475,6.74,0,11.5683691411639,0
"2110",2005,88,21,124.0765,0,0,0,0.01,13.5,0.64605,6.16,0,11.5684939518023,0
"2111",2005,88,22,131.306,0,0,0,0.005,12.99,0.65435,5.77,0,11.5686417273895,0
"2112",2005,88,23,135.394,0,0,0,0,13.22,0.6386,6.635,0,11.5688107113224,0
"2113",2005,89,0,135.4475,0.023,0,0,0.005,12.905,0.6477,6,0.03175,11.5689898579055,0
"2114",2005,89,1,131.4525,0.046,0,0,0.01,12.155,0.6761,5.52,0.03175,11.5691685718348,0
"2115",2005,89,2,124.287,0.092,0,0,0.025,11.74,0.68695,6.175,0.03175,11.5693337143022,0
"2116",2005,89,3,115.0335,0.069,0,0,0,11.34,0.7012,6.34,0.03175,11.5694736453492,0
"2117",2005,89,4,104.538,0.046,0,0,0,11.055,0.709,7.025,0.03175,11.5695764524599,0
"2118",2005,89,5,93.257,1.38,0.355,0,0.07,11.62,0.6915,7.66,0.03175,11.5696468174311,0
"2119",2005,89,6,81.791,19.09,6.44,4.065,1.81,12.445,0.6674,7.405,0.03175,11.5696399207857,0
"2120",2005,89,7,70.4785,295.964,101.88,132.625,40.63,13.265,0.64705,8.25,0.03175,11.5401828376511,0
"2121",2005,89,8,59.5535,941.597,325.645,454.185,136.705,16.175,0.56685,11.14,0.03175,11.5386860309074,0
"2122",2005,89,9,49.62,1272.751,441.78,625.44,177.13,18.11,0.5489,13.265,0.03175,11.5386593712361,0
"2123",2005,89,10,41.607,1485.915,523.57,743.35,202.37,19.425,0.552,12.09,0.03175,11.5386590137277,0
"2124",2005,89,11,36.901,1593.256,564.22,804.25,214.885,20.685,0.54985,12.215,0.03175,11.538659102697,0
"2125",2005,89,12,36.8175,1547.831,547.78,779.72,208.32,21.705,0.54485,14.4,0.03175,11.5386594339731,0
"2126",2005,89,13,41.38,1514.021,536.395,764.475,208.825,22.605,0.54525,16.14,0.03175,11.5386590548478,0
"2127",2005,89,14,49.299,1045.626,368.61,516.62,146.74,22.775,0.5342,15.49,0.03175,11.5386591729733,0
"2128",2005,89,15,59.1775,829.242,289.575,404.22,121.875,22.715,0.50655,15.755,0.03175,11.538659527686,0
"2129",2005,89,16,70.069,557.221,193.78,267.87,90.315,22.89,0.4895,15.47,0.03175,11.5386590298897,0
"2130",2005,89,17,81.362,180.205,63.63,81.53,32.16,22.01,0.53885,13.51,0.03175,11.5386590409279,0
"2131",2005,89,18,92.7835,7.245,2.19,0.685,0.885,20.38,0.6198,12.925,0.03175,11.5583673749575,0
"2132",2005,89,19,104.0655,0.598,0,0,0.42,19.21,0.67695,12.095,0.03175,11.5957219381483,0
"2133",2005,89,20,114.5495,0.161,0,0,0.305,16.815,0.793,10.045,0.03175,11.5967260318453,0
"2134",2005,89,21,123.797,0,0,0,0.25,15.725,0.8243,6.925,0.03175,11.5968590444999,0
"2135",2005,89,22,130.9785,0,0,0,0.62,13.79,0.66765,8.545,0.03175,11.5970056342801,0
"2136",2005,89,23,135.0225,0.092,0,0,0.27,11.745,0.68965,8.69,0.03175,11.5971757873325,0
"2137",2005,90,0,135.054,0.023,0,0,0.235,10.155,0.7222,9.765,0,11.5973584918766,0
"2138",2005,90,1,131.067,0.046,0,0,0.02,9.725,0.7673,8.88,0,11.5975367603647,0
"2139",2005,90,2,123.9245,0,0,0,0.05,9.38,0.8198,8.58,0,11.5977013629982,0
"2140",2005,90,3,114.6965,0,0,0,0,9.305,0.8328,8.965,0,11.5978384934608,0
"2141",2005,90,4,104.218,0,0,0,0.05,9.3,0.79005,10.81,0,11.5979410798819,0
"2142",2005,90,5,92.923,5.658,1.95,0.665,0.87,8.58,0.787,9.38,0,11.5980828854454,0
"2143",2005,90,6,81.49,46.851,16.74,17.07,5.435,8.295,0.77535,10.86,0,11.6253428617623,0
"2144",2005,90,7,70.168,202.561,72.725,91.74,25.57,8.17,0.78485,12.005,0,11.6207215255726,0
"2145",2005,90,8,59.2275,433.297,154.805,203.27,56.755,8.285,0.7424,13.665,0,11.6204885429273,0
"2146",2005,90,9,49.2685,666.218,239.995,321.085,88.095,8.62,0.72325,13.72,0,11.6204844472016,0
"2147",2005,90,10,41.2275,1331.723,478.515,672.565,179.05,10.18,0.67535,12.67,0,11.6204843776735,0
"2148",2005,90,11,36.509,1721.228,623.835,896.805,234.84,11.865,0.61245,11.915,0,11.6204843674863,0
"2149",2005,90,12,36.448,1711.2,623.91,899.82,236.805,13.78,0.53225,12.605,0,11.6204843998349,0
"2150",2005,90,13,41.0645,1589.3,577.025,833.54,225.25,15.245,0.454,12.355,0,11.6204844931637,0
"2151",2005,90,14,49.0405,1339.244,480.54,693.09,196.16,16.255,0.3898,10.545,0,11.6204847973613,0
"2152",2005,90,15,58.9565,1020.464,362.115,519.825,158.165,16.72,0.3468,8.4,0,11.6204844084509,0
"2153",2005,90,16,69.8695,615.526,216.37,306.84,104.595,16.85,0.3277,6.545,0,11.620484452888,0
"2154",2005,90,17,81.1735,222.824,77.92,104.31,44.645,16.25,0.3636,4.92,0,11.6204845054032,0
"2155",2005,90,18,92.5575,10.419,3.615,2.085,1.725,13.965,0.4675,3.255,0,11.6343749942856,0
"2156",2005,90,19,103.856,0,0,0,0,13.075,0.4648,3.805,0,11.6755967731741,0
"2157",2005,90,20,114.3115,0,0,0,0,11.305,0.5357,2.845,0,11.6767377504255,0
"2158",2005,90,21,123.5195,0,0,0,0,10.365,0.54105,2.725,0,11.6768689434826,0
"2159",2005,90,22,130.6525,0.046,0,0,0,9.05,0.58575,2.13,0,11.677016170841,0
"2160",2005,90,23,134.651,0.092,0,0,0,7.605,0.6445,1.665,0,11.6771877667539,0
"2161",2005,91,0,134.663,0.138,0,0,0.01,7.775,0.6151,3.57,0.09525,11.6773726186984,0
"2162",2005,91,1,130.684,0.023,0,0,0.03,6.72,0.71445,3.325,0.09525,11.6775555676199,0
"2163",2005,91,2,123.5625,0.023,0,0,0,6.655,0.73585,3.585,0.09525,11.6777199000988,0
"2164",2005,91,3,114.359,0.046,0,0,0,7.095,0.7348,3.375,0.09525,11.6778594445365,0
"2165",2005,91,4,103.8985,0.069,0,0,0,7.44,0.72565,3.265,0.09525,11.6779643509382,0
"2166",2005,91,5,92.63,9.407,3.865,3.53,1.515,6.765,0.7669,5.27,0.09525,11.6782646745262,0
"2167",2005,91,6,81.19,118.266,45.215,56.115,16.78,7.195,0.73615,5.575,0.09525,11.7394284060072,0
"2168",2005,91,7,69.858,366.942,133.715,176.54,51.665,8.245,0.67925,7.23,0.09525,11.738655580616,0
"2169",2005,91,8,58.902,508.231,184.52,242.565,67.92,8.95,0.6401,7.64,0.09525,11.738622321329,0
"2170",2005,91,9,48.9205,786.002,284.275,377.615,104.05,9.995,0.5811,7.665,0.09525,11.7386217494764,0
"2171",2005,91,10,40.851,766.659,273.625,359.9,97.05,10.65,0.52805,6.475,0.09525,11.7386218366607,0
"2172",2005,91,11,36.1185,881.59,318.615,421.52,112.76,11.775,0.5023,4.36,0.09525,11.7386221805797,0
"2173",2005,91,12,36.081,894.815,327.965,432.645,114.92,12.69,0.48005,1.885,0.09525,11.738621793696,0
"2174",2005,91,13,40.7545,610.673,220.905,286.06,74.33,13.07,0.46975,1.2,0.09525,11.7386219213167,0
"2175",2005,91,14,48.7815,459.724,164.61,211,54.7,12.985,0.46915,1.745,0.09525,11.7386223484002,0
"2176",2005,91,15,58.736,193.89,67.32,83.21,21.59,12.68,0.4757,2.955,0.09525,11.7386217754176,0
"2177",2005,91,16,69.6725,123.832,43.235,52.05,14.1,12.26,0.5064,3.75,0.09525,11.7386218020838,0
"2178",2005,91,17,80.986,26.358,6.97,7.03,5.045,7.39,0.85745,11.34,0.09525,11.7219564188433,0
"2179",2005,91,18,92.373,2.53,0.794736842105263,0.095,1.42,5.305,0.89165,12.855,0.09525,11.6810447757517,0
"2180",2005,91,19,103.6455,0,0,0,0.23,3.43,0.91285,12.645,0.09525,11.6818473258461,0
"2181",2005,91,20,114.0735,0,0,0,0.12,3.12,0.90695,12.14,0.09525,11.6819461176156,0
"2182",2005,91,21,123.2415,0,0,0,0,3.97,0.85605,10.44,0.09525,11.682063093361,0
"2183",2005,91,22,130.325,0,0,0,0.065,4.49,0.82305,7.58,0.09525,11.6822110921113,0
"2184",2005,91,23,134.281,0,0,0,0.01,4.345,0.85585,5.275,0.09525,11.6823803493086,0
"2185",2005,92,0,134.273,0.023,0,0,0.02,4.11,0.8987,6.99,0.0529166666666667,11.68256070435,0
"2186",2005,92,1,130.3005,0.069,0,0,0.07,4.115,0.9038,8.63,0.0529166666666667,11.6827399808524,0
"2187",2005,92,2,123.2015,0,0,0,0.155,3.725,0.90105,9.59,0.0529166666666667,11.6829043570166,0
"2188",2005,92,3,114.021,0,0,0,0.025,3.735,0.9171,8.63,0.0529166666666667,11.6830416270328,0
"2189",2005,92,4,103.5795,0,0,0,0,3.96,0.9231,8.015,0.0529166666666667,11.683142863138,0
"2190",2005,92,5,92.2995,4.991,1.735,0.455,0.515,4.025,0.91945,7.92,0.0529166666666667,11.6832651215435,0
"2191",2005,92,6,80.893,124.131,50.865,59.15,14.51,3.89,0.916,9.89,0.0529166666666667,11.736499502048,0
"2192",2005,92,7,69.5505,505.701,195.04,241.41,61.29,4.225,0.88565,10.08,0.0529166666666667,11.735526312027,0
"2193",2005,92,8,58.5805,920.437,353.85,457.56,115.3,5.53,0.85395,10.455,0.0529166666666667,11.735488647439,0
"2194",2005,92,9,48.5725,1356.586,510.43,690.615,177.855,7.53,0.7643,10.66,0.0529166666666667,11.7354880051867,0
"2195",2005,92,10,40.475,1568.301,588.2,811.525,209.27,9.44,0.65,11.755,0.0529166666666667,11.7354881163978,0
"2196",2005,92,11,35.7275,1614.876,606.455,839.945,215.175,10.43,0.54895,11.305,0.0529166666666667,11.7354885643371,0
"2197",2005,92,12,35.7165,1385.704,519.97,716.405,186.225,11.105,0.52505,11.135,0.0529166666666667,11.735488026467,0
"2198",2005,92,13,40.444,1451.99,543.55,752.395,198.775,11.985,0.46125,11.115,0.0529166666666667,11.7354881074092,0
"2199",2005,92,14,48.5255,1199.289,446.58,616.2,170.525,12.55,0.42025,11.225,0.0529166666666667,11.735488370955,0
"2200",2005,92,15,58.5185,909.627,336.04,461.265,135.81,12.99,0.37975,10.645,0.0529166666666667,11.7354880396147,0
"2201",2005,92,16,69.476,672.083,247.18,341.28,113.17,13.215,0.3539,10.23,0.0529166666666667,11.7354880898625,0
"2202",2005,92,17,80.799,221.513,80.6,105.33,43.445,12.65,0.393,7.24,0.0529166666666667,11.7354881388623,0
"2203",2005,92,18,92.187,12.88,4.24,3.025,2.68,10.91,0.49225,3.99,0.0529166666666667,11.7480583114431,0
"2204",2005,92,19,103.4335,0,0,0,0,9.57,0.5526,3.685,0.0529166666666667,11.7907072236761,0
"2205",2005,92,20,113.834,0.023,0,0,0,8.025,0.61995,4.45,0.0529166666666667,11.7919010981701,0
"2206",2005,92,21,122.964,0,0,0,0,6.675,0.6533,3.655,0.0529166666666667,11.7920354479243,0
"2207",2005,92,22,130,0,0,0,0.005,6.1,0.6725,3.295,0.0529166666666667,11.7921830484597,0
"2208",2005,92,23,133.913,0,0,0,0,6.32,0.61235,1.605,0.0529166666666667,11.7923516495195,0
"2209",2005,93,0,133.8845,0.161,0,0,0,5.9,0.6141,1.385,0,11.7925352114995,0
"2210",2005,93,1,129.9185,0.414,0,0,0,4.455,0.70455,2.805,0,11.7927275243235,0
"2211",2005,93,2,122.8415,0.437,0,0,0,3.44,0.7413,3.445,0,11.7929143936311,0
"2212",2005,93,3,113.6865,0.46,0,0,0,3.22,0.72065,3.42,0,11.793072823299,0
"2213",2005,93,4,103.2645,0.437,0,0,0,2.4,0.7655,2.225,0,11.7931905191381,0
"2214",2005,93,5,91.97,16.445,7.085,6.86,3.14,2.5,0.76075,2.48,0,11.7947025663173,0
"2215",2005,93,6,80.595,248.17,97.68,122.925,41.695,3.39,0.77425,2.445,0,11.8560495111706,0
"2216",2005,93,7,69.245,373.865,139.785,178.83,49.83,6.265,0.71905,3.84,0,11.8554884164715,0
"2217",2005,93,8,58.2575,812.613,301.44,403.04,112.735,9.05,0.6198,2.945,0,11.8554691549257,0
"2218",2005,93,9,48.228,826.16,311.05,411.865,108.16,11.295,0.51475,2.825,0,11.8554688401192,0
"2219",2005,93,10,40.101,1403.598,527.355,717.815,184.365,13.58,0.4062,3.895,0,11.855468910554,0
"2220",2005,93,11,35.341,1707.175,643.185,889.855,223.665,15.205,0.30995,4.53,0,11.8554691813389,0
"2221",2005,93,12,35.3535,1711.131,644.54,891.915,224.465,16.33,0.27265,4.02,0,11.8554689175379,0
"2222",2005,93,13,40.1365,1574.35,590.48,816.655,211.29,17.545,0.25,4.165,0,11.8554691292228,0
"2223",2005,93,14,48.2715,1338.807,496.465,686.03,185.865,18.395,0.2535,3.805,0,11.8554689363441,0
"2224",2005,93,15,58.3005,1014.254,370.34,510.09,148.395,19.09,0.24775,3.87,0,11.8554689529643,0
"2225",2005,93,16,69.2805,608.097,221.405,300.75,98.28,19.32,0.2444,3.595,0,11.8554688573828,0
"2226",2005,93,17,80.612,213.509,79.085,101.1,39.775,18.93,0.2612,3.45,0,11.8554688617744,0
"2227",2005,93,18,91.965,12.512,5.195,3.33,1.47,17.37,0.3059,2.515,0,11.8664490045961,0
"2228",2005,93,19,103.2235,0.069,0,0,0,15.565,0.36515,3.17,0,11.9042847499731,0
"2229",2005,93,20,113.5955,0.023,0,0,0,13.585,0.4473,3.875,0,11.9054200812755,0
"2230",2005,93,21,122.684,0,0,0,0,12.535,0.47535,4.5,0,11.9055540729236,0
"2231",2005,93,22,129.674,0.023,0,0,0,10.61,0.5517,3.515,0,11.9057024885284,0
"2232",2005,93,23,133.545,0.046,0,0,0,11.275,0.51835,5.1,0,11.9058734879347,0
"2233",2005,94,0,133.4965,0.023,0,0,0.025,10.32,0.54645,4.55,0,11.9060549399944,0
"2234",2005,94,1,129.5395,0.023,0,0,0.065,9.92,0.55255,4.225,0,11.9062329300919,0
"2235",2005,94,2,122.4855,0.069,0,0,0,8.995,0.592,3.8,0,11.9063971475614,0
"2236",2005,94,3,113.352,0.046,0,0,0,8.255,0.6256,4.06,0,11.9065363964892,0
"2237",2005,94,4,102.95,0.023,0,0,0,8.145,0.6388,5.04,0,11.9066384247329,0
"2238",2005,94,5,91.681,16.307,7.145,6.74,3.275,7.955,0.65595,4.245,0,11.9080142348546,0
"2239",2005,94,6,80.297,152.812,55.94,68.245,21.61,7.885,0.6932,3.78,0,11.960131722197,0
"2240",2005,94,7,68.941,586.776,211.04,282.335,87.45,10.435,0.65225,3.875,0,11.959357184,0
"2241",2005,94,8,57.939,987.919,356.795,486.33,138.415,14.12,0.574,3.715,0,11.9593327653682,0
"2242",2005,94,9,47.885,1241.816,451.42,619.1,165.65,17.32,0.4871,3.935,0,11.9593323567908,0
"2243",2005,94,10,39.7295,1503.832,554.56,761.305,194.98,20.13,0.391,5.01,0,11.9593324121581,0
"2244",2005,94,11,34.954,1706.462,635.325,876.7,219.73,22.155,0.32065,4.97,0,11.959332615723,0
"2245",2005,94,12,34.994,1715.386,637.76,881.78,221.78,23.495,0.2974,5.48,0,11.9593325158532,0
"2246",2005,94,13,39.8305,1574.143,583.245,807.27,209.005,24.45,0.2794,6.075,0,11.9593323896041,0
"2247",2005,94,14,48.0205,1323.351,483.345,669.12,181.715,25.03,0.2534,7.485,0,11.9593324464687,0
"2248",2005,94,15,58.086,1015.404,365.745,503.735,146.725,25.15,0.2451,8.665,0,11.9593326058204,0
"2249",2005,94,16,69.086,619.988,221.8,300.33,98.195,24.78,0.25715,9.78,0,11.9593324031209,0
"2250",2005,94,17,80.4275,229.218,81.85,103.725,42.39,23.55,0.28345,8.805,0,11.9593324167796,0
"2251",2005,94,18,91.7815,14.766,4.73,2.825,3.13,20.57,0.3493,6.965,0,11.9673652129261,0
"2252",2005,94,19,103.0145,0,0,0,0.075,18.675,0.40925,6.385,0,12.0045969472119,0
"2253",2005,94,20,113.358,0,0,0,0.045,16.825,0.4857,6.02,0,12.0057853184366,0
"2254",2005,94,21,122.406,0.023,0,0,0,15.43,0.5419,5.46,0,12.0059204348135,0
"2255",2005,94,22,129.3495,0.023,0,0,0.005,14.425,0.59035,5.245,0,12.0060695431066,0
"2256",2005,94,23,133.179,0.046,0,0,0.035,12.3,0.67035,4.725,0,12.006240312798,0
"2257",2005,95,0,133.112,0.207,0,0,0,13.095,0.67835,6.605,0,12.0064264863487,0
"2258",2005,95,1,129.1605,0.023,0,0,0,12.005,0.72625,5.38,0,12.0066108910541,0
"2259",2005,95,2,122.1295,0,0,0,0,11.67,0.75235,5.28,0,12.0067732581676,0
"2260",2005,95,3,113.0195,0,0,0,0.125,10.86,0.7867,4.9,0,12.0069101377405,0
"2261",2005,95,4,102.636,0,0,0,0,9.84,0.8219,5.305,0,12.007011005596,0
"2262",2005,95,5,91.3565,11.201,3.925,2.395,1.14,10.015,0.8303,5.125,0,12.0074121157542,0
"2263",2005,95,6,80.004,139.449,52.365,63.86,17.655,11.405,0.8144,5.15,0,12.0499415006227,0
"2264",2005,95,7,68.639,518.581,189.92,249.455,72.795,13.79,0.74045,8.005,0,12.0488934293456,0
"2265",2005,95,8,57.622,777.584,287.19,382.8,107.755,16.415,0.6582,9.81,0,12.0488622983769,0
"2266",2005,95,9,47.5445,1243.219,460.24,620.69,165.24,18.485,0.60735,10.115,0,12.0488617888474,0
"2267",2005,95,10,39.359,1595.119,584.435,802.645,205.39,20.27,0.5486,11.18,0,12.0488618835694,0
"2268",2005,95,11,34.572,1685.233,619.4,852.755,213.9,21.525,0.4941,11.16,0,12.0488622560618,0
"2269",2005,95,12,34.6345,1689.902,620.275,855.74,214.81,22.5,0.439,10.93,0,12.0488618235455,0
"2270",2005,95,13,39.5275,1207.684,444.77,600.535,156.24,22.605,0.4612,11.545,0,12.0488619310707,0
"2271",2005,95,14,47.771,935.134,341.865,457.11,122.54,22.1,0.49335,12.005,0,12.0488622815463,0
"2272",2005,95,15,57.8745,596.229,217.695,283.745,77.015,21.6,0.5063,12.315,0,12.0488618129414,0
"2273",2005,95,16,68.8925,255.714,94.08,117.415,31.545,21.315,0.5198,10.2,0,12.0488618400425,0
"2274",2005,95,17,80.242,104.65,39.825,47.03,13.92,20.97,0.53145,8.69,0,12.0488618562001,0
"2275",2005,95,18,91.597,9.637,3.6,2.415,1.445,19.765,0.5763,6.08,0,12.0569009936943,0
"2276",2005,95,19,102.8035,0,0,0,0.02,18.11,0.63275,4.715,0,12.0747294659871,0
"2277",2005,95,20,113.119,0,0,0,0.035,16.955,0.67525,5.025,0,12.0753818525277,0
"2278",2005,95,21,122.129,0,0,0,0,16.45,0.6972,4.58,0,12.0755082085668,0
"2279",2005,95,22,129.025,0,0,0,0,15.94,0.713,3.9,0,12.0756563425969,0
"2280",2005,95,23,132.815,0.115,0,0,0,14.975,0.74995,3.585,0,12.0758284099103,0
"2281",2005,96,0,132.7275,0,0,0,0,14.625,0.77095,3.72,0,12.0760116152352,0
"2282",2005,96,1,128.785,0.023,0,0,0,14.695,0.7586,4.105,0,12.0761882792028,0
"2283",2005,96,2,121.7735,0,0,0,0.005,14.265,0.76265,3.99,0,12.0763516067488,0
"2284",2005,96,3,112.689,0.115,0,0,0,14.115,0.7729,4.34,0,12.0764896312067,0
"2285",2005,96,4,102.3235,0.023,0,0,0.015,13.855,0.7846,4.06,0,12.076593007854,0
"2286",2005,96,5,91.073,13.409,5.185,4.36,1.725,13.08,0.79815,3.975,0,12.0772464627599,0
"2287",2005,96,6,79.709,229.563,84.215,105.34,33.72,13.28,0.79905,4.44,0,12.121235756938,0
"2288",2005,96,7,68.3385,600.944,215.55,284.39,85.115,16.425,0.67305,4.95,0,12.1204189217705,0
"2289",2005,96,8,57.3095,926.624,337.71,450.81,124.36,19.08,0.54605,6.7,0,12.1203959719686,0
"2290",2005,96,9,47.2065,1005.445,370.16,491.04,128.9,20.725,0.48255,7.2,0,12.1203956067819,0
"2291",2005,96,10,38.9935,1155.313,426.905,566.025,144.87,21.225,0.4723,7.025,0,12.1203956701326,0
"2292",2005,96,11,34.188,1059.495,389.98,513.685,131.275,21.625,0.46575,8.825,0,12.1203959078956,0
"2293",2005,96,12,34.278,483.322,171.575,217.53,55.495,19.87,0.5257,9.485,0,12.1203957131319,0
"2294",2005,96,13,39.227,251.643,84.065,100.3,24.29,18.11,0.6464,5.465,0,12.1203957821708,0
"2295",2005,96,14,47.523,208.725,72.435,83.605,18.55,16.825,0.7808,3.3,0,12.1203956292472,0
"2296",2005,96,15,57.6635,158.493,56.445,64.615,14.69,16.95,0.78925,4.37,0,12.120395655279,0
"2297",2005,96,16,68.7005,327.497,123.76,152.71,38.655,17.08,0.782,5.825,0,12.1203957073681,0
"2298",2005,96,17,80.055,186.093,71.33,87.295,25.835,17.145,0.74355,6.285,0,12.1203956538978,0
"2299",2005,96,18,91.3755,12.903,4.925,3.965,1.97,15.47,0.7798,5.51,0,12.1271845572044,0
"2300",2005,96,19,102.594,0,0,0,0.03,14.055,0.83035,4.17,0,12.1551371672756,0
"2301",2005,96,20,112.881,0,0,0,0.01,12.53,0.88435,3.615,0,12.1561492305367,0
"2302",2005,96,21,121.85,0.046,0,0,0.005,12.295,0.90415,3.455,0,12.1562826033446,0
"2303",2005,96,22,128.703,0,0,0,0.03,11.715,0.92765,3.425,0,12.1564321632427,0
"2304",2005,96,23,132.452,0.161,0,0,0.005,11.76,0.9427,3.105,0,12.1566053754425,0
"2305",2005,97,0,132.3475,0.115,0,0,0,12.05,0.9317,2.975,0,12.1567932591976,0
"2306",2005,97,1,128.4095,0.023,0,0,0.04,11.6,0.93645,3.325,0,12.1569741607727,0
"2307",2005,97,2,121.421,0.253,0,0,0,11.47,0.9563,3.46,0,12.1571424625703,0
"2308",2005,97,3,112.3595,0.069,0,0,0.015,12.01,0.95185,3.345,0,12.1572864913817,0
"2309",2005,97,4,102.014,0.046,0,0,0.025,12.005,0.9568,4.305,0,12.1573889938817,0
"2310",2005,97,5,90.751,6.9,2.435,1.13,0.92,12.53,0.95275,6.8,0,12.1575532038872,0
"2311",2005,97,6,79.4185,82.179,29.885,35.33,10.13,9.34,0.9694,8.735,0,12.1779744156267,0
"2312",2005,97,7,68.0415,91.195,31.09,35.465,9.235,7.4,0.9166,10.51,0,12.1754347322409,0
"2313",2005,97,8,56.9975,289.639,102.625,125.09,29.095,7.335,0.87645,10.455,0,12.1753648918549,0
"2314",2005,97,9,46.8705,471.638,166.87,210.23,50.645,8.14,0.8432,11.735,0,12.1753638169911,0
"2315",2005,97,10,38.6275,736.92,265.01,339.875,82.985,8.545,0.801,12.57,0,12.1753638473582,0
"2316",2005,97,11,33.8075,781.218,281.6,362.455,89.47,9.935,0.7638,12.59,0,12.175363766773,0
"2317",2005,97,12,33.9235,854.611,314.58,408.385,100.78,10.89,0.7148,12.615,0,12.1753637799952,0
"2318",2005,97,13,38.929,1006.664,374.145,490.325,122.475,11.62,0.6744,12.405,0,12.1753638055488,0
"2319",2005,97,14,47.278,1049.628,394.625,519.11,132.73,12.875,0.6388,12.26,0,12.1753638744078,0
"2320",2005,97,15,57.4535,781.839,292.005,381.9,100.63,13.035,0.62315,11.775,0,12.1753640653671,0
"2321",2005,97,16,68.511,572.815,213.52,275.575,76.71,12.725,0.62245,11.205,0,12.175363804178,0
"2322",2005,97,17,79.8735,244.605,95.905,122.825,38.555,12.71,0.6209,11.55,0,12.1753638109092,0
"2323",2005,97,18,91.1935,13.593,6.015,6.21,4.1,11.76,0.65655,10.115,0,12.179891202043,0
"2324",2005,97,19,102.3845,0,0,0,0.395,10.79,0.6876,10.06,0,12.2088275149076,0
"2325",2005,97,20,112.6415,0,0,0,0.58,9.34,0.7224,9.305,0,12.2099350938723,0
"2326",2005,97,21,121.5755,0,0,0,0.09,8.3,0.73695,8.125,0,12.2100690822233,0
"2327",2005,97,22,128.379,0.023,0,0,0,8.455,0.73785,7.725,0,12.2102175755029,0
"2328",2005,97,23,132.0885,0,0,0,0.55,7.505,0.77335,6.855,0,12.2103875894391,0
"2329",2005,98,0,131.9665,0,0,0,0.16,6.085,0.81195,5.02,0,12.2105670305277,0
"2330",2005,98,1,128.0385,0.046,0,0,0.26,5.1,0.8422,5.37,0,12.2107440582747,0
"2331",2005,98,2,121.071,0,0,0,0.185,3.985,0.86265,4.785,0,12.2109079103781,0
"2332",2005,98,3,112.0325,0.046,0,0,0.155,3.215,0.8769,4.91,0,12.211044400209,0
"2333",2005,98,4,101.704,0.161,0,0,0,3.21,0.88415,4.615,0,12.2111480809233,0
"2334",2005,98,5,90.471,27.117,9.63,8.73,4.345,3.74,0.87685,4.66,0,12.2303559203721,0
"2335",2005,98,6,79.13,297.252,108.555,134.54,46.725,6.415,0.78915,5.3,0,12.2688180558587,0
"2336",2005,98,7,67.748,717.968,262.345,348.495,103.36,9.12,0.66115,6.185,0,12.2682017735073,0
"2337",2005,98,8,56.69,1122.285,416.2,561.095,150.17,11.615,0.49155,6.685,0,12.2681857088487,0
"2338",2005,98,9,46.5385,1448.471,547.25,739.375,183.615,13.67,0.39455,7.01,0,12.2681854899467,0
"2339",2005,98,10,38.2655,1675.343,640.665,867.6,205.71,15.34,0.3404,8.345,0,12.2681856586085,0
"2340",2005,98,11,33.431,1784.524,688.99,932.705,215.895,16.59,0.30775,7.92,0,12.2681856916059,0
"2341",2005,98,12,33.571,1774.818,685.395,928.415,214.595,17.79,0.2747,7.15,0,12.2681854697077,0
"2342",2005,98,13,38.6325,1650.25,632.58,857.565,203.4,18.625,0.24465,7.13,0,12.2681854875851,0
"2343",2005,98,14,47.034,1410.245,533.91,722.395,180.065,19.145,0.2413,6.31,0,12.268185530822,0
"2344",2005,98,15,57.246,1068.143,398.22,537.12,145,19.375,0.2479,6.185,0,12.2681856454288,0
"2345",2005,98,16,68.321,669.415,247.25,328.67,100.14,19.305,0.2506,6.49,0,12.268185526382,0
"2346",2005,98,17,79.6905,262.591,95.79,119.51,45.205,18.75,0.27435,5.605,0,12.2681854901171,0
"2347",2005,98,18,91.0115,18.975,6.71,5,3.24,16.67,0.3154,4.375,0,12.2707412898231,0
"2348",2005,98,19,102.1755,0.023,0,0,0,14.53,0.38145,4.29,0,12.3008886373329,0
"2349",2005,98,20,112.4055,0,0,0,0,12.675,0.46225,4.175,0,12.3021353286983,0
"2350",2005,98,21,121.296,0,0,0,0,11.11,0.54985,4.23,0,12.3022721908425,0
"2351",2005,98,22,128.0585,0.023,0,0,0,10.385,0.59415,4.53,0,12.3024208797541,0
"2352",2005,98,23,131.73,0.069,0,0,0,9.49,0.64315,4.215,0,12.3025922427562,0
"2353",2005,99,0,131.5895,0.069,0,0,0,9.125,0.6354,4.505,0,12.3027749184789,0
"2354",2005,99,1,127.6675,0.023,0,0,0,7.94,0.6412,4.52,0,12.302954791717,0
"2355",2005,99,2,120.7215,0.069,0,0,0,7.44,0.6396,3.83,0,12.3031183191997,0
"2356",2005,99,3,111.7055,0.023,0,0,0.005,6.775,0.64015,4.385,0,12.3032569900144,0
"2357",2005,99,4,101.3995,0,0,0,0,6.21,0.6585,4.53,0,12.3033579118561,0
"2358",2005,99,5,90.1535,31.05,12.615,12.08,5.295,6.265,0.65365,4.475,0,12.3414319723603,0
"2359",2005,99,6,78.845,330.418,121.895,155.01,50.33,7.805,0.6259,5.045,0,12.3691885198544,0
"2360",2005,99,7,67.455,558.601,207.65,270.71,76.28,10.135,0.54735,6.515,0,12.3686493206206,0
"2361",2005,99,8,56.384,958.962,357.49,475.93,126,12.565,0.4808,5.9,0,12.368635992518,0
"2362",2005,99,9,46.209,1230.707,466.59,622.215,155.13,15.675,0.39695,4.2,0,12.3686358232693,0
"2363",2005,99,10,37.905,1636.197,624.77,844.955,199.935,18.38,0.3215,3.105,0,12.3686359933408,0
"2364",2005,99,11,33.055,1763.755,677.765,918.995,212.095,20.11,0.2809,3.005,0,12.3686360245678,0
"2365",2005,99,12,33.222,1681.852,645.31,874.335,202.395,21.38,0.247,3.81,0,12.3686358036081,0
"2366",2005,99,13,38.3395,1661.244,634.755,861.72,204.18,22.4,0.21225,4,0,12.3686358218149,0
"2367",2005,99,14,46.7945,1371.789,519.085,700.985,175.585,23.2,0.1832,4.43,0,12.3686358648566,0
"2368",2005,99,15,57.0405,941.62,355.12,471.93,125.91,23.365,0.17475,4.7,0,12.3686359770104,0
"2369",2005,99,16,68.1345,588.363,221.13,287.955,84.925,23.43,0.17975,5.84,0,12.3686358598178,0
"2370",2005,99,17,79.507,190.118,73.215,88.85,29.04,22.32,0.2246,5.335,0,12.3686358243666,0
"2371",2005,99,18,90.7905,20.493,8.855,7.94,2.78,20.5,0.2705,4.175,0,12.3704970132987,0
"2372",2005,99,19,101.9655,0,0,0,0,18.315,0.3259,3.785,0,12.3964980593721,0
"2373",2005,99,20,112.1655,0,0,0,0,17.18,0.3679,4.245,0,12.3976893957421,0
"2374",2005,99,21,121.021,0.023,0,0,0,15.71,0.42465,3.725,0,12.3978262665043,0
"2375",2005,99,22,127.7355,0.092,0,0,0.045,14.255,0.491,4.66,0,12.397977206042,0
"2376",2005,99,23,131.3715,0.138,0,0,0,13.52,0.51765,4.895,0,12.3981527289474,0
"2377",2005,100,0,131.215,0.253,0,0,0,14.84,0.5003,5.2,0,12.3983424020328,0
"2378",2005,100,1,127.3005,0.046,0,0,0,14.745,0.50785,4.975,0,12.3985287294277,0
"2379",2005,100,2,120.3755,0,0,0,0.01,13.46,0.56395,4.185,0,12.3986924831106,0
"2380",2005,100,3,111.3845,0.069,0,0,0,13.04,0.59395,3.845,0,12.3988288063703,0
"2381",2005,100,4,101.095,0.046,0,0,0,12.925,0.6083,3.76,0,12.3989313433699,0
"2382",2005,100,5,89.8785,20.999,6.66,5.23,1.735,12.3,0.6311,4.78,0,12.4029120200544,0
"2383",2005,100,6,78.559,275.54,101.455,126.67,40.75,13.52,0.6185,4.68,0,12.4330616934194,0
"2384",2005,100,7,67.165,630.844,232.07,298.975,84.46,17.53,0.56045,5.985,0,12.4322085393013,0
"2385",2005,100,8,56.0795,1028.307,380.655,499.425,130.755,20.84,0.51865,6.53,0,12.4321880831519,0
"2386",2005,100,9,45.882,1385.152,520.07,685.915,168.44,23.655,0.4647,6.99,0,12.4321877816694,0
"2387",2005,100,10,37.5475,1404.587,531.275,704.245,170.33,25.035,0.42865,7.95,0,12.4321878712382,0
"2388",2005,100,11,32.6805,1287.149,484.02,634.89,150.78,25.39,0.4029,8.52,0,12.4321882174543,0
"2389",2005,100,12,32.8735,1467.354,554.98,731.2,173.25,25.995,0.3668,8.36,0,12.4321878221085,0
"2390",2005,100,13,38.0485,1521.404,575.75,762.835,183.65,26.5,0.35285,8.39,0,12.4321879424109,0
"2391",2005,100,14,46.5555,1222.496,458.545,604.93,151.03,26.925,0.33635,8.55,0,12.4321883284418,0
"2392",2005,100,15,56.8355,1022.902,382.22,505.36,135.935,26.955,0.34065,8.955,0,12.4321878020378,0
"2393",2005,100,16,67.9435,610.88,230.52,301.52,91.095,26.71,0.3404,8.755,0,12.4321878220825,0
"2394",2005,100,17,79.3265,229.724,86.02,104.37,35.76,25.785,0.37605,7.315,0,12.4321878220386,0
"2395",2005,100,18,90.6105,21.068,7.7,6.09,3,23.255,0.4498,4.895,0,12.4331886499602,0
"2396",2005,100,19,101.757,0.023,0,0,0,20.705,0.53535,4.39,0,12.4583589695966,0
"2397",2005,100,20,111.93,0.023,0,0,0,19.835,0.5696,4.565,0,12.4595984653163,0
"2398",2005,100,21,120.744,0,0,0,0,18.93,0.61875,4.585,0,12.4597365250976,0
"2399",2005,100,22,127.4185,0,0,0,0,19.015,0.63435,4.595,0,12.4598848811689,0
"2400",2005,100,23,131.014,0,0,0,0,18.15,0.66495,4.325,0,12.4600538903891,0
"2401",2005,101,0,130.8415,0,0,0,0,18.425,0.6558,4.285,0.0105833333333333,12.4602320540932,0
"2402",2005,101,1,126.935,0,0,0,0,17.67,0.67135,4.455,0.0105833333333333,12.4604089282989,0
"2403",2005,101,2,120.0325,0,0,0,0,16.48,0.712,4.43,0.0105833333333333,12.4605701975397,0
"2404",2005,101,3,111.063,0.092,0,0,0,15.68,0.73995,4.14,0.0105833333333333,12.4607070821134,0
"2405",2005,101,4,100.794,0.069,0,0,0,15.13,0.75855,4.085,0.0105833333333333,12.4608099135877,0
"2406",2005,101,5,89.567,31.395,13.16,14.785,5.22,14.805,0.77945,3.86,0.0105833333333333,12.4981387237353,0
"2407",2005,101,6,78.2775,192.211,73.13,89.62,23.79,15.895,0.75475,4.65,0.0105833333333333,12.5193580531727,0
"2408",2005,101,7,66.88,445.234,167.38,212.045,55.24,18.545,0.66565,5.47,0.0105833333333333,12.5187525421791,0
"2409",2005,101,8,55.7815,705.778,263.47,335.87,84.56,20.925,0.58605,6.255,0.0105833333333333,12.518738563547,0
"2410",2005,101,9,45.5585,977.914,364.66,471.115,114.555,22.95,0.52335,6.87,0.0105833333333333,12.5187383635161,0
"2411",2005,101,10,37.1955,1174.564,439.54,572.415,138.06,24.24,0.47805,8.25,0.0105833333333333,12.518738498384,0
"2412",2005,101,11,32.3105,644.92,236.675,296.03,70.865,24.24,0.46245,9.065,0.0105833333333333,12.5187390300928,0
"2413",2005,101,12,32.529,1298.81,489.72,636.19,151.035,25.04,0.43085,8.92,0.0105833333333333,12.5187383740626,0
"2414",2005,101,13,37.761,821.836,306.8,391.505,94.27,25.475,0.39935,9.51,0.0105833333333333,12.5187384378804,0
"2415",2005,101,14,46.3185,726.961,272.1,344.24,84.865,25.675,0.3821,9.39,0.0105833333333333,12.5187386318153,0
"2416",2005,101,15,56.6315,629.832,235.525,299.285,76.52,24.525,0.45745,9.375,0.0105833333333333,12.5187384053554,0
"2417",2005,101,16,67.7595,344.126,130.375,160.64,40.865,22.9,0.55645,6.415,0.0105833333333333,12.5187384616492,0
"2418",2005,101,17,79.1455,111.826,42.745,48.69,12.635,22.8,0.55865,4.885,0.0105833333333333,12.5187383778993,0
"2419",2005,101,18,90.4295,7.659,3.28333333333333,1.595,1.07,22.41,0.52435,8.275,0.0105833333333333,12.5121400483337,0
"2420",2005,101,19,101.5475,0,0,0,1.285,18.755,0.6962,12.335,0.0105833333333333,12.5216880593094,0
"2421",2005,101,20,111.6925,0,0,0,0.02,17.275,0.7043,7.815,0.0105833333333333,12.5222591276042,0
"2422",2005,101,21,120.469,0,0,0,0.03,16.275,0.7631,3.63,0.0105833333333333,12.5223855470284,0
"2423",2005,101,22,127.1,0,0,0,0.01,16.285,0.74055,4.085,0.0105833333333333,12.5225341496201,0
"2424",2005,101,23,130.6595,0.023,0,0,0,16.52,0.7116,4.585,0.0105833333333333,12.5227040457822,0
"2425",2005,102,0,130.4705,0,0,0,0.145,16.255,0.8017,5.59,1.05833333333333,12.5228837742012,0
"2426",2005,102,1,126.573,0.161,0,0,0.065,15.61,0.8491,4.605,1.05833333333333,12.5230635958319,0
"2427",2005,102,2,119.6895,0,0,0,0.045,15.51,0.81995,7.09,1.05833333333333,12.5232298150528,0
"2428",2005,102,3,110.744,0.207,0,0,0.09,15.445,0.88925,8.83,1.05833333333333,12.523368510555,0
"2429",2005,102,4,100.4935,0.345,0,0,0.545,14.12,0.9547,7.645,1.05833333333333,12.5234767154917,0
"2430",2005,102,5,89.2965,3.496,1.04736842105263,0.055,0.585,14.415,0.97245,7.07,1.05833333333333,12.5235715001454,0
"2431",2005,102,6,77.9985,20.309,5.805,4.105,2.055,13.645,0.96525,6.24,1.05833333333333,12.5225012939933,0
"2432",2005,102,7,66.594,49.703,15.835,15.455,3.385,11.9,0.96405,7.325,1.05833333333333,12.3954466660437,0
"2433",2005,102,8,55.4825,215.257,77.9,90.205,17.63,12.52,0.93115,8.76,1.05833333333333,12.3846555784701,0
"2434",2005,102,9,45.2375,193.453,67.8,77.065,14.86,13.505,0.9452,8.47,1.05833333333333,12.3844871355086,0
"2435",2005,102,10,36.8435,385.227,132.455,157.68,31.575,12.55,0.9151,11.21,1.05833333333333,12.3844849460432,0
"2436",2005,102,11,31.9425,456.688,159.1,191.52,39.14,12.37,0.90935,9.86,1.05833333333333,12.3844849543268,0
"2437",2005,102,12,32.1875,824.182,302.37,375.845,81.505,12.215,0.9079,10.605,1.05833333333333,12.3844849110552,0
"2438",2005,102,13,37.4745,648.738,238.64,298.315,67.335,11.735,0.91025,9.665,1.05833333333333,12.3844849250875,0
"2439",2005,102,14,46.085,876.093,328.475,417.795,97.68,11.28,0.89835,8.395,1.05833333333333,12.3844849442157,0
"2440",2005,102,15,56.433,232.668,82.905,100.925,23.605,10.33,0.9011,6.66,1.05833333333333,12.3844849804318,0
"2441",2005,102,16,67.576,207.253,75.105,91.125,21.615,9.945,0.9011,6.76,1.05833333333333,12.3844850481574,0
"2442",2005,102,17,78.965,17.71,5.625,3.705,1.82,9.41,0.91055,5.075,1.05833333333333,12.3546136373957,0
"2443",2005,102,18,90.212,2.76,0.865,0,0.33,8.795,0.9281,6.945,1.05833333333333,12.2977374980264,0
"2444",2005,102,19,101.3395,0.023,0,0,0,8.86,0.92815,7.3,1.05833333333333,12.2980652267451,0
"2445",2005,102,20,111.4555,0,0,0,0.125,8.69,0.89885,8.535,1.05833333333333,12.2981568980019,0
"2446",2005,102,21,120.1965,0.023,0,0,0.015,8.44,0.8083,9.61,1.05833333333333,12.2982750406761,0
"2447",2005,102,22,126.7825,0,0,0,0.235,7.765,0.8008,8.365,1.05833333333333,12.2984243354894,0
"2448",2005,102,23,130.3085,0.023,0,0,0.06,7.445,0.78085,7.31,1.05833333333333,12.2985941969684,0
"2449",2005,103,0,130.1025,0,0,0,0.54,6.19,0.8408,7.835,0.116416666666667,12.2987751269608,0
"2450",2005,103,1,126.212,0.023,0,0,0.145,5.48,0.8812,8.3,0.116416666666667,12.2989522228315,0
"2451",2005,103,2,119.351,0,0,0,0.015,5.09,0.8692,8.605,0.116416666666667,12.2991151519564,0
"2452",2005,103,3,110.43,0,0,0,0.09,4.58,0.88845,9.255,0.116416666666667,12.299251049991,0
"2453",2005,103,4,100.1965,0,0.01,0,0,4.795,0.8524,7.82,0.116416666666667,12.2993515423336,0
"2454",2005,103,5,88.9885,3.404,1.19,0.225,0.29,4.845,0.8135,8.175,0.116416666666667,12.2994418684114,0
"2455",2005,103,6,77.722,62.721,23.825,25.31,5.935,4.765,0.74175,8.27,0.116416666666667,12.3005954471171,0
"2456",2005,103,7,66.3125,618.792,233.98,301.75,77.945,5.425,0.68695,9.765,0.116416666666667,12.2951024574443,0
"2457",2005,103,8,55.191,1111.314,419.75,555.15,136.425,6.875,0.6661,10.425,0.116416666666667,12.2949601452288,0
"2458",2005,103,9,44.9205,1460.73,557.365,746.515,174.11,8.655,0.6427,10.89,0.116416666666667,12.2949579314454,0
"2459",2005,103,10,36.4955,1678.931,648.01,872.765,195.585,10.525,0.59485,11.495,0.116416666666667,12.294957909556,0
"2460",2005,103,11,31.5765,1792.229,699.005,940.935,205.525,12.945,0.48825,11.645,0.116416666666667,12.2949579003345,0
"2461",2005,103,12,31.846,1781.189,696.77,936.05,203.68,14.24,0.4247,12.26,0.116416666666667,12.2949578927508,0
"2462",2005,103,13,37.1925,1652.688,646.055,864.57,191.915,15.19,0.39085,12.41,0.116416666666667,12.2949579044107,0
"2463",2005,103,14,45.853,1410.245,543,727.43,170.415,15.475,0.4317,11.72,0.116416666666667,12.2949578980548,0
"2464",2005,103,15,56.2315,1078.815,410.24,551.12,140.635,14.94,0.46625,11.51,0.116416666666667,12.2949579079892,0
"2465",2005,103,16,67.394,682.272,256.71,343.545,100.135,14.28,0.45385,11.575,0.116416666666667,12.2949579220512,0
"2466",2005,103,17,78.785,285.476,105.815,136.995,50.455,12.965,0.4437,10.71,0.116416666666667,12.2949579277146,0
"2467",2005,103,18,90.0335,27.784,9.56,9.05,6.73,10.475,0.4946,8.99,0.116416666666667,12.2957116428195,0
"2468",2005,103,19,101.1315,0,0,0,0.48,8.285,0.55695,8.31,0.116416666666667,12.3365946471794,0
"2469",2005,103,20,111.2195,0,0,0,0.28,6.97,0.59325,7.77,0.116416666666667,12.3384379432236,0
"2470",2005,103,21,119.92,0.023,0,0,0.055,6.06,0.6151,7.385,0.116416666666667,12.3385853041224,0
"2471",2005,103,22,126.468,0,0,0,0.15,5.395,0.6494,6.795,0.116416666666667,12.3387338280434,0
"2472",2005,103,23,129.957,0.046,0,0,0.225,4.61,0.7015,5.455,0.116416666666667,12.3389033935506,0
"2473",2005,104,0,129.7375,0,0,0,0.135,3.76,0.743,5.335,0,12.3390841139606,0
"2474",2005,104,1,125.8545,0,0,0,0.095,3.04,0.7792,4.31,0,12.3392601861567,0
"2475",2005,104,2,119.0155,0.023,0,0,0.025,2.73,0.78905,3.77,0,12.3394231997613,0
"2476",2005,104,3,110.1155,0.345,0,0,0.035,2.53,0.7952,3.48,0,12.3395664986126,0
"2477",2005,104,4,99.904,0.437,0,0,0.15,2.14,0.80215,4.375,0,12.3396809200979,0
"2478",2005,104,5,88.725,45.678,16.48,17.355,8.34,1.33,0.8398,4.355,0,12.4298664557582,0
"2479",2005,104,6,77.4485,347.944,127.71,165.585,55.79,3.225,0.76685,5.19,0,12.437222409679,0
"2480",2005,104,7,66.0355,766.429,286.495,382.555,109.945,6.13,0.6355,6.69,0,12.4370501681307,0
"2481",2005,104,8,54.8995,1158.027,438.1,592.29,152.985,8.76,0.54535,7.275,0,12.4370460452371,0
"2482",2005,104,9,44.6065,1474.047,566.475,765.475,182.3,11.405,0.4479,6.975,0,12.4370459679553,0
"2483",2005,104,10,36.1505,1693.352,651.745,879.01,196.725,13.02,0.39855,6.455,0,12.437045999268,0
"2484",2005,104,11,31.2135,1799.313,696.885,936.52,202.315,14.27,0.37325,7.03,0,12.4370460953287,0
"2485",2005,104,12,31.51,1782.707,696.605,932.48,200.805,15.295,0.36185,6.96,0,12.4370464472719,0
"2486",2005,104,13,36.912,1652.044,641.43,855.905,188.365,16.395,0.352,7.45,0,12.4370460255807,0
"2487",2005,104,14,45.6245,1415.696,543.24,724.055,167.965,17.48,0.33405,7.415,0,12.4370461154338,0
"2488",2005,104,15,56.035,1086.336,409.25,545.375,137.08,18.21,0.31405,6.59,0,12.4370463624417,0
"2489",2005,104,16,67.211,691.15,257.365,340.64,97.03,18.71,0.2836,5.795,0,12.4370460068894,0
"2490",2005,104,17,78.6065,291.019,107.225,135.785,47.95,18.66,0.27765,4.96,0,12.4370460095703,0
"2491",2005,104,18,89.855,29.509,10.685,10.195,5.94,15.71,0.4256,4.21,0,12.4373416792729,0
"2492",2005,104,19,100.924,0.023,0.005,0,0.04,13.35,0.4617,5.58,0,12.4777424373822,0
"2493",2005,104,20,110.9835,0.023,0,0,0.095,11.445,0.46865,5.19,0,12.47977238935,0
"2494",2005,104,21,119.647,0,0,0,0,10.64,0.40315,6.24,0,12.4799244701783,0
"2495",2005,104,22,126.153,0.046,0,0,0,9.41,0.378,5.59,0,12.4800739525095,0
"2496",2005,104,23,129.6095,0.069,0,0,0,8.4,0.4079,5.21,0,12.4802462382652,0
"2497",2005,105,0,129.376,0.092,0,0,0,7.14,0.47875,3.86,0,12.480429880096,0
"2498",2005,105,1,125.5,0.115,0,0,0,6.71,0.5096,3.485,0,12.4806120055726,0
"2499",2005,105,2,118.6815,0.023,0,0,0,6.41,0.5342,4.485,0,12.4807774936473,0
"2500",2005,105,3,109.805,0,0,0,0,6.185,0.54905,3.79,0,12.4809134944699,0
"2501",2005,105,4,99.6115,0.069,0.025,0,0,6.14,0.5489,2.975,0,12.4810147421119,0
"2502",2005,105,5,88.4235,46.46,17.375,18.35,7.705,6.55,0.53005,3.58,0,12.5640536003565,0
"2503",2005,105,6,77.178,348.050526315789,129.01,168.82,57.675,7.725,0.5447,3.415,0,12.5691845170195,0
"2504",2005,105,7,65.7625,771.512,284.745,384.37,112.39,10.205,0.44595,5.945,0,12.5690008798156,0
"2505",2005,105,8,54.6135,1166.238,437.4,595.265,155.105,11.755,0.4223,4.905,0,12.5689967501269,0
"2506",2005,105,9,44.2965,1485.087,571.96,773.155,184.01,13.865,0.3696,2.975,0,12.568996711266,0
"2507",2005,105,10,35.8115,1697.032,666.53,897.92,201.65,15.795,0.31005,3.385,0,12.5689967463925,0
"2508",2005,105,11,30.8545,1806.006,715.915,965.07,211.11,17.115,0.25675,5.555,0,12.5689966892787,0
"2509",2005,105,12,31.175,1797.933,718.405,964.415,209.995,18.27,0.2342,5.395,0,12.5689967055057,0
"2510",2005,105,13,36.635,1676.516,670.94,896.925,200.65,19.26,0.19585,5.11,0,12.5689967430471,0
"2511",2005,105,14,45.399,1429.726,566.925,756.375,178.77,20.175,0.1585,5.165,0,12.5689968510141,0
"2512",2005,105,15,55.839,1094.662,426.545,570.005,146.295,20.64,0.16915,5.12,0,12.5689971455309,0
"2513",2005,105,16,67.0295,695.152,267.57,354.415,102.81,20.73,0.2006,4.085,0,12.568996713751,0
"2514",2005,105,17,78.4295,287.178,109.775,138.105,48.545,20.59,0.21995,3.64,0,12.568996715257,0
"2515",2005,105,18,89.638,19.688,7.315,4.855,1.39,18.92,0.2563,3.575,0,12.5688823644507,0
"2516",2005,105,19,100.718,0,0.005,0,0,16.91,0.29655,3.235,0,12.5890460709298,0
"2517",2005,105,20,110.747,0.046,0,0,0,15.135,0.33035,4.01,0,12.5902327143984,0
"2518",2005,105,21,119.3755,0,0,0,0,13.885,0.3864,4.52,0,12.5903711471706,0
"2519",2005,105,22,125.84,0.069,0,0,0,12.59,0.4266,2.525,0,12.5905212914721,0
"2520",2005,105,23,129.263,0.115,0,0,0,12.23,0.4314,2.52,0,12.5906955165085,0
"2521",2005,106,0,129.0165,0.161,0,0,0,11.93,0.43525,2.94,0,12.5908822177207,0
"2522",2005,106,1,125.149,0.092,0,0,0,10.71,0.47225,2.81,0,12.5910664482141,0
"2523",2005,106,2,118.35,0.092,0,0,0,9.835,0.50055,3.87,0,12.5912318695846,0
"2524",2005,106,3,109.497,0.092,0,0,0,8.94,0.54335,4.575,0,12.5913708559339,0
"2525",2005,106,4,99.324,0.115,0.015,0,0,8.47,0.56115,5.075,0,12.591473589825,0
"2526",2005,106,5,88.1635,56.35,21.685,25.45,10.07,7.895,0.5928,3.895,0,12.6768576292215,0
"2527",2005,106,6,76.9095,335.501,121.455,159.82,53.195,8.8,0.61705,2.725,0,12.6787148284609,0
"2528",2005,106,7,65.4915,781.011,291.265,390.395,112.03,12.645,0.505,2.765,0,12.6786001049413,0
"2529",2005,106,8,54.3305,1133.279,426.48,577.9,149.59,15.875,0.39925,3.615,0,12.6785976701289,0
"2530",2005,106,9,43.991,1468.642,563.48,762.425,181.305,18.74,0.3344,3.47,0,12.6785976253236,0
"2531",2005,106,10,35.4735,1683.669,654.435,883.695,199,20.05,0.27295,3.52,0,12.6785976757827,0
"2532",2005,106,11,30.4975,1782.868,697.86,938.01,205.18,20.915,0.2669,3.855,0,12.6785978537454,0
"2533",2005,106,12,30.8445,1772.058,694.78,929.785,203.835,21.715,0.2518,4.405,0,12.6785978468321,0
"2534",2005,106,13,36.3605,1631.62,635.38,850.45,191.96,22.315,0.22525,4.825,0,12.6785976414758,0
"2535",2005,106,14,45.173,1415.65,546.875,730.16,175.16,22.845,0.22235,4.92,0,12.6785976558943,0
"2536",2005,106,15,55.645,1016.232,389.425,518.595,134.7,23.065,0.22965,5.01,0,12.6785976856683,0
"2537",2005,106,16,66.8505,515.775,197.2,256.115,70.955,22.82,0.2545,4.985,0,12.6785977367624,0
"2538",2005,106,17,78.2515,175.283,68.31,81.08,22.32,21.88,0.2878,4.68,0,12.6785976539015,0
"2539",2005,106,18,89.462,18.446,7.355,5.715,1.805,19.935,0.34525,4.01,0,12.6769256088563,0
"2540",2005,106,19,100.51,0,0,0,0,18.57,0.37065,4.245,0,12.6919112682929,0
"2541",2005,106,20,110.513,0,0,0,0,17.04,0.43615,3.645,0,12.6929135079455,0
"2542",2005,106,21,119.105,0.069,0,0,0,16.1,0.47305,3.185,0,12.6930499141446,0
"2543",2005,106,22,125.5295,0.023,0,0,0,14.9,0.5245,3.06,0,12.6932014623477,0
"2544",2005,106,23,128.9195,0.092,0,0,0,15.145,0.5157,2.645,0,12.69337329911,0
"2545",2005,107,0,128.659,0.046,0,0,0,14.48,0.5424,3.79,0,12.6935567568123,0
"2546",2005,107,1,124.8,0,0,0,0,13.245,0.59545,2.805,0,12.6937336702623,0
"2547",2005,107,2,118.0225,0.046,0,0,0,12.985,0.60275,2.93,0,12.6938947902261,0
"2548",2005,107,3,109.193,0.023,0,0,0,12.45,0.6221,3.68,0,12.6940302572233,0
"2549",2005,107,4,99.039,0.138,0.02,0,0,11.2,0.6677,2.735,0,12.6941301412519,0
"2550",2005,107,5,87.8695,45.264,17.61,18.66,6.165,10.705,0.68315,2.09,0,12.7625910839597,0
"2551",2005,107,6,76.6465,324.645,120.05,153.4,49.515,11.73,0.6773,2.06,0,12.7647254237675,0
"2552",2005,107,7,65.2235,718.888,265.69,351.8,99.56,16.38,0.53015,4.145,0,12.7644930185395,0
"2553",2005,107,8,54.051,1093.397,407.895,544.045,138.715,19.2,0.44165,3.83,0,12.7644882465134,0
"2554",2005,107,9,43.6875,1405.99,534.835,711.745,166.965,22.3,0.3318,2.83,0,12.7644881648101,0
"2555",2005,107,10,35.138,1620.488,624.195,833.395,184.52,24.33,0.27425,3.05,0,12.7644882198692,0
"2556",2005,107,11,30.145,1749.403,677.125,904.22,195.655,25.17,0.2672,3.62,0,12.7644884132464,0
"2557",2005,107,12,30.516,1739.237,675.78,898.045,194.46,25.83,0.2516,3.43,0,12.7644883444754,0
"2558",2005,107,13,36.0885,1572.28,614.29,813.705,183.055,26.4,0.24515,3.855,0,12.7644881870778,0
"2559",2005,107,14,44.9515,1344.856,515.205,685.04,163.12,26.66,0.23335,3.95,0,12.764488213794,0
"2560",2005,107,15,55.452,1076.469,409.395,545.225,140.595,26.86,0.2253,4.89,0,12.7644882760766,0
"2561",2005,107,16,66.671,585.787,220.945,288.705,81.68,26.58,0.22555,4.925,0,12.7644883830809,0
"2562",2005,107,17,78.0755,298.885,113.645,144.685,47.555,26.16,0.2286,4.545,0,12.7644881902882,0
"2563",2005,107,18,89.2835,32.821,13.45,12.7,4.95,24.615,0.2622,3.535,0,12.7644183076501,0
"2564",2005,107,19,100.3065,0,0,0,0,21.62,0.32465,4.145,0,12.8043316992787,0
"2565",2005,107,20,110.279,0,0,0,0,18.815,0.42255,3.925,0,12.8068192178181,0
"2566",2005,107,21,118.833,0,0,0,0,17.58,0.47325,3.93,0,12.8069825683876,0
"2567",2005,107,22,125.22,0.115,0,0,0,16.935,0.48455,3.995,0,12.8071347447964,0
"2568",2005,107,23,128.578,0.092,0,0,0,16.025,0.51215,3.615,0,12.8073106917528,0
"2569",2005,108,0,128.3065,0.046,0,0,0,14.29,0.58415,3.015,0,12.8074926883751,0
"2570",2005,108,1,124.4555,0,0,0,0,13.695,0.6095,1.18,0,12.807669304832,0
"2571",2005,108,2,117.6985,0,0,0,0,13.73,0.61485,0.365,0,12.8078288760872,0
"2572",2005,108,3,108.892,0.023,0,0,0,13.355,0.64155,0.88,0,12.8079624133621,0
"2573",2005,108,4,98.756,0.161,0.03,0,0,12.965,0.6698,1.57,0,12.8080620820461,0
"2574",2005,108,5,87.617,49.818,19.38,21.13,7.235,12.57,0.6896,2.105,0,12.8754487508923,0
"2575",2005,108,6,76.3855,308.775,119.33,153.565,47.255,13.535,0.689,1.76,0,12.8757665859888,0
"2576",2005,108,7,64.9605,689.333,258.84,342.72,96.32,17,0.59205,2.685,0,12.8755818957495,0
"2577",2005,108,8,53.776,1083.668,407.005,542.35,137.69,19.925,0.51725,2.565,0,12.8755782488625,0
"2578",2005,108,9,43.3905,1374.871,522.535,694.97,162.68,23.165,0.4014,3.315,0,12.8755782263288,0
"2579",2005,108,10,34.8065,1628.722,623.69,833.185,184.465,25.43,0.3197,4.51,0,12.8755781855962,0
"2580",2005,108,11,29.794,1557.307,598.5,794.135,172.16,26.345,0.2808,5.195,0,12.8755782388784,0
"2581",2005,108,12,30.1905,1605.883,624.975,825.58,181.425,26.78,0.2655,4.535,0,12.8755784192272,0
"2582",2005,108,13,35.8195,1465.445,570.14,755.065,175.46,27.2,0.26395,4.71,0,12.8755783446514,0
"2583",2005,108,14,44.731,910.11,352.005,459.59,111.515,27.07,0.26255,6.185,0,12.8755781975036,0
"2584",2005,108,15,55.2625,529.529,201.125,253.11,62.7,26.935,0.2648,6.995,0,12.8755782140306,0
"2585",2005,108,16,66.4925,637.882,248.15,329.405,96.245,26.915,0.27605,8.29,0,12.8755782381442,0
"2586",2005,108,17,77.9005,246.583,93.515,118.11,40.415,26.23,0.28785,7.06,0,12.8755782010333,0
"2587",2005,108,18,89.071,30.222,11.305,10.235,4.67,23.815,0.3606,5.295,0,12.8752101772951,0
"2588",2005,108,19,100.1005,0,0,0,0,20.67,0.4635,4.505,0,12.9036373557661,0
"2589",2005,108,20,110.0445,0,0,0,0,19.115,0.5188,4.605,0,12.9055527890847,0
"2590",2005,108,21,118.5645,0,0,0,0,17.885,0.57795,4.305,0,12.9057064509826,0
"2591",2005,108,22,124.913,0,0,0,0,16.97,0.61605,4.48,0,12.9058561590178,0
"2592",2005,108,23,128.24,0.092,0,0,0,15.8,0.6654,4.17,0,12.9060271851569,0
"2593",2005,109,0,127.956,0.115,0,0,0,15.45,0.67795,4.435,0,12.9062117457724,0
"2594",2005,109,1,124.1155,0.115,0,0,0,14.685,0.71105,4.235,0,12.9063930667125,0
"2595",2005,109,2,117.378,0.023,0,0,0,13.925,0.7451,4.39,0,12.9065567040468,0
"2596",2005,109,3,108.594,0.069,0,0,0,13.585,0.7524,4.285,0,12.9066906598526,0
"2597",2005,109,4,98.4755,0.276,0.06,0,0,13.37,0.7565,4.79,0,12.9067917297669,0
"2598",2005,109,5,87.328,60.237,23.245,25.895,9.685,13.325,0.76015,4.925,0,12.9749448653505,0
"2599",2005,109,6,76.1275,355.879,131.255,170.405,54.815,15.135,0.7043,5.47,0,12.9743787407662,0
"2600",2005,109,7,64.701,751.755,273.43,364.93,102.13,18.095,0.5707,6.63,0,12.9742616321371,0
"2601",2005,109,8,53.504,1095.421,401.54,538.08,134.495,20.83,0.37435,8.235,0,12.9742594078374,0
"2602",2005,109,9,43.095,1429.956,534.375,720.635,168.635,22.335,0.30465,10.575,0,12.9742593505867,0
"2603",2005,109,10,34.4805,1691.052,638.845,864.395,193.085,23.145,0.28735,11.24,0,12.9742593658498,0
"2604",2005,109,11,29.447,1780.821,676.015,913.115,199.745,24.21,0.2816,10.89,0,12.9742593972024,0
"2605",2005,109,12,29.869,1766.354,670.075,905.4,199.945,24.81,0.26835,10.805,0,12.9742594935629,0
"2606",2005,109,13,35.554,1642.453,618.595,833.665,189.84,25.37,0.27955,10.62,0,12.9742598181183,0
"2607",2005,109,14,44.5135,1245.565,461.41,617.08,147.245,25.51,0.30975,10.565,0,12.9742594016944,0
"2608",2005,109,15,55.073,1088.452,403.53,537.98,138.265,25.65,0.31485,10.545,0,12.9742594478599,0
"2609",2005,109,16,66.3185,633.351,230.905,305.615,87.22,25.525,0.3001,10.73,0,12.9742595179358,0
"2610",2005,109,17,77.724,111.044,41.945,47.275,12.45,24.565,0.31945,9.265,0,12.9742593838739,0
"2611",2005,109,18,88.895,14.306,5.535,3.345,1.905,23.555,0.37795,7.62,0,12.9626959271274,0
"2612",2005,109,19,99.894,0.023,0,0,0.04,22.23,0.4407,6.915,0,12.9678133376765,0
"2613",2005,109,20,109.8135,0,0,0,0.085,21.245,0.4649,7.28,0,12.968464956695,0
"2614",2005,109,21,118.2975,0,0,0,0.04,20.22,0.49955,6.95,0,12.9685956869928,0
"2615",2005,109,22,124.607,0,0,0,0,20.07,0.51905,7.965,0,12.9687456018089,0
"2616",2005,109,23,127.9055,0,0,0,0.005,19.75,0.5289,8.25,0,12.9689152287782,0
"2617",2005,110,0,127.6085,0,0,0,0,19.82,0.5252,8.265,1.94733333333333,12.9690933186478,0
"2618",2005,110,1,123.777,0,0,0,0.02,19.82,0.51865,8.405,1.94733333333333,12.9692674454633,0
"2619",2005,110,2,117.0605,0,0,0,0.005,19.58,0.5212,7.24,1.94733333333333,12.9694257117172,0
"2620",2005,110,3,108.2985,0,0,0,0.08,18.975,0.5477,6.205,1.94733333333333,12.9695571226562,0
"2621",2005,110,4,98.2015,0.161,0.01,0,0.09,18.24,0.5828,5.265,1.94733333333333,12.9696546003694,0
"2622",2005,110,5,87.082,54.832,19.145,20.38,7.375,16.635,0.642,4.725,1.94733333333333,13.0289249150189,0
"2623",2005,110,6,75.8735,344.724,124.605,158.99,49.58,17.165,0.63685,4.81,1.94733333333333,13.0275134391853,0
"2624",2005,110,7,64.4435,751.916,272.45,357.705,97.685,19.71,0.57255,6.39,1.94733333333333,13.0273571064989,0
"2625",2005,110,8,53.236,1138.684,422.275,555.625,136.205,22.205,0.51465,7.005,1.94733333333333,13.0273542199058,0
"2626",2005,110,9,42.806,1221.691,461.41,599.1,138.45,23.615,0.48,7.555,1.94733333333333,13.027354125124,0
"2627",2005,110,10,34.158,1319.855,502.45,646.96,145.525,24.55,0.468,7.16,1.94733333333333,13.0273541576475,0
"2628",2005,110,11,29.1035,1792.965,687.655,905.85,198.95,25.67,0.43775,6.635,1.94733333333333,13.0273542581589,0
"2629",2005,110,12,29.548,1252.557,480.155,618.86,135.8,26.255,0.4072,6.135,1.94733333333333,13.0273546189619,0
"2630",2005,110,13,35.2895,827.793,314.09,396.705,91.855,26.635,0.38495,7.115,1.94733333333333,13.0273541747088,0
"2631",2005,110,14,44.297,1073.318,398.155,521.255,125.42,26.615,0.3986,9.51,1.94733333333333,13.027354246844,0
"2632",2005,110,15,54.8855,601.795,224.655,282.805,69.06,26.725,0.3962,8.225,1.94733333333333,13.027354426499,0
"2633",2005,110,16,66.143,119.6,40.645,48.155,14.335,23.59,0.5561,9.08,1.94733333333333,13.0273541596065,0
"2634",2005,110,17,77.5515,120.037,46.155,57.61,17.29,16.03,0.96105,7.205,1.94733333333333,13.0273541530598,0
"2635",2005,110,18,88.721,46.851,19.835,22.725,6.695,15.43,0.9504,5.22,1.94733333333333,13.0273505569336,0
"2636",2005,110,19,99.6915,0.092,0.01,0,0.23,14.695,0.9597,5.105,1.94733333333333,13.0831840563645,0
"2637",2005,110,20,109.582,0.023,0,0,0.64,12.29,0.9479,7.965,1.94733333333333,13.0896526759696,0
"2638",2005,110,21,118.031,0,0,0,0.275,11.515,0.95355,6.93,1.94733333333333,13.089896531605,0
"2639",2005,110,22,124.3035,0.391,0,0,0.475,9.95,0.96715,8.805,1.94733333333333,13.0900565006841,0
"2640",2005,110,23,127.5715,0.161,0,0,0.19,9.06,0.96455,7.765,1.94733333333333,13.0902424844443,0
"2641",2005,111,0,127.2665,0.046,0,0,0.125,8.68,0.9707,8.785,0.264583333333333,13.0904263587062,0
"2642",2005,111,1,123.442,0.046,0,0,0.06,8.42,0.98525,8.475,0.264583333333333,13.0906032397725,0
"2643",2005,111,2,116.747,0.046,0,0,0.06,8.485,0.9885,7.125,0.264583333333333,13.0907633429618,0
"2644",2005,111,3,108.006,0.092,0,0,0,8.73,0.9883,6.23,0.264583333333333,13.0908968152108,0
"2645",2005,111,4,97.9285,0.184,0.03,0,0,8.975,0.99485,5.875,0.264583333333333,13.0909964256493,0
"2646",2005,111,5,86.8015,17.94,6.975,5.43,1.85,9.3,0.99655,5.41,0.264583333333333,13.0923153181739,0
"2647",2005,111,6,75.6225,80.5,30.4,33.97,7.775,9.78,0.99385,4.57,0.264583333333333,13.0686411176779,0
"2648",2005,111,7,64.1915,170.361,64.25,76.2,16.43,10.065,0.98865,5.455,0.264583333333333,13.0657204858307,0
"2649",2005,111,8,52.974,328.256,124.72,152.18,32.45,10.105,0.9802,5.305,0.264583333333333,13.0656653316587,0
"2650",2005,111,9,42.5205,658.789,250.38,310.7,67.165,10.86,0.96315,4.315,0.264583333333333,13.0656645990572,0
"2651",2005,111,10,33.8395,770.891,290.1,363.275,79.17,11.825,0.92735,5.55,0.264583333333333,13.0656646411881,0
"2652",2005,111,11,28.7645,699.361,257.87,322.825,70.285,12.525,0.8996,4.8,0.264583333333333,13.0656645331242,0
"2653",2005,111,12,29.2325,791.108,294.295,371.33,82.88,13.05,0.8727,4.845,0.264583333333333,13.0656645484461,0
"2654",2005,111,13,35.0305,1292.416,489.71,634.8,141.955,14.115,0.8476,6.195,0.264583333333333,13.0656645811481,0
"2655",2005,111,14,44.084,700.672,261.55,329.665,75.455,14.645,0.83355,6.475,0.264583333333333,13.065664669368,0
"2656",2005,111,15,54.701,362.526,132.91,163.365,37.725,14.79,0.8254,5.505,0.264583333333333,13.0656648916477,0
"2657",2005,111,16,65.9695,209.208,76.535,92.49,21.625,14.425,0.84295,5.785,0.264583333333333,13.065664558152,0
"2658",2005,111,17,77.378,46.552,16.295,16.43,4.645,13.88,0.86155,4.865,0.264583333333333,13.065617312729,0
"2659",2005,111,18,88.509,2.438,0.515,0,0.37,12.975,0.901,4.965,0.264583333333333,12.9986184092148,0
"2660",2005,111,19,99.487,0.322,0,0,0.2,12.115,0.9416,5.845,0.264583333333333,12.9992648995096,0
"2661",2005,111,20,109.3505,0.092,0,0,0.085,11.545,0.9514,5.85,0.264583333333333,12.9994299717811,0
"2662",2005,111,21,117.767,0,0,0,0.005,11.365,0.9491,5.71,0.264583333333333,12.9995544340853,0
"2663",2005,111,22,124.002,0,0,0,0.03,11.135,0.95145,6.95,0.264583333333333,12.9997049397053,0
"2664",2005,111,23,127.242,0.207,0,0,0,11.035,0.96265,6.135,0.264583333333333,12.9998803255778,0
"2665",2005,112,0,126.927,0,0,0,0,11.24,0.9662,4.935,0,13.0000656519689,0
"2666",2005,112,1,123.111,0.184,0,0,0,11.38,0.973,2.77,0,13.0002444892069,0
"2667",2005,112,2,116.435,0.345,0,0,0,11.39,0.9793,5.065,0,13.0004159727871,0
"2668",2005,112,3,107.719,0.391,0,0,0,11.355,0.9807,6.135,0,13.000564144141,0
"2669",2005,112,4,97.66,0.391,0.04,0,0,11.4,0.9797,6.005,0,13.0006717237526,0
"2670",2005,112,5,86.5605,24.702,9.675,8.39,2.445,11.515,0.9816,4.805,0,13.0075333961558,0
"2671",2005,112,6,75.376,100.625,38.42,43.185,9.905,11.905,0.98165,5.435,0,12.997432789217,0
"2672",2005,112,7,63.9425,371.841,145.895,176.245,38.475,12.905,0.97775,4.83,0,12.9958654451055,0
"2673",2005,112,8,52.7135,308.89,116.805,137.98,29.355,14.24,0.94845,5.095,0,12.9958356691668,0
"2674",2005,112,9,42.2385,247.687,88.075,102.12,21.7,14.615,0.9466,5.37,0,12.9958352416655,0
"2675",2005,112,10,33.5265,1094.524,429.27,536.085,112.345,16.405,0.8973,6.505,0,12.9958353018798,0
"2676",2005,112,11,28.425,708.676,269.865,338.22,72.145,18.07,0.72895,5.61,0,12.9958355138582,0
"2677",2005,112,12,28.9195,1094.179,419.645,538.665,115.03,17.775,0.7677,5.58,0,12.9958353807646,0
"2678",2005,112,13,34.774,844.491,317.485,408.55,94.96,12,0.9508,10.23,0,12.9958352891168,0
"2679",2005,112,14,43.875,404.593,149.22,185.4,42.95,9.82,0.9359,11.285,0,12.9958353370832,0
"2680",2005,112,15,54.517,163.3,58.495,68.205,15.3,8.68,0.9479,10.055,0,12.9958352647384,0
"2681",2005,112,16,65.7965,118.22,43.045,49.575,12.13,7.655,0.9371,11.015,0,12.9958352618938,0
"2682",2005,112,17,77.206,20.608,6.885,4.485,1.905,6.43,0.93925,12.335,0,12.9468629503883,0
"2683",2005,112,18,88.3365,2.691,0.71,0,0.175,5.855,0.92065,13.675,0,12.8871757958423,0
"2684",2005,112,19,99.285,0.23,0.01,0,0.075,5.815,0.8928,14.295,0,12.8873882349543,0
"2685",2005,112,20,109.1205,0,0,0,0,5.56,0.8558,14.665,0,12.8874874893557,0
"2686",2005,112,21,117.5025,0,0,0,0,5.77,0.8533,13.825,0,12.8876104163242,0
"2687",2005,112,22,123.704,0,0,0,0.055,6.105,0.8598,11.445,0,12.8877623471499,0
"2688",2005,112,23,126.9155,0,0,0,0.15,6.005,0.8859,10.035,0,12.8879332640999,0
"2689",2005,113,0,126.5895,0.138,0,0,0.35,5.46,0.8854,10.985,0.0105833333333333,12.8881160780711,0
"2690",2005,113,1,122.7845,0.322,0,0,0.295,4.75,0.8777,11.43,0.0105833333333333,12.8883026814714,0
"2691",2005,113,2,116.129,0.414,0,0,0.38,3.985,0.8563,11.135,0.0105833333333333,12.8884803179939,0
"2692",2005,113,3,107.4345,0.345,0,0,0.14,3.6,0.86515,9.33,0.0105833333333333,12.8886284194901,0
"2693",2005,113,4,97.3945,0.414,0.01,0,0.095,3.675,0.8253,9.955,0.0105833333333333,12.8887342407391,0
"2694",2005,113,5,86.285,24.817,10.045,10.075,3.48,3.125,0.80475,11.98,0.0105833333333333,12.8956126550299,0
"2695",2005,113,6,75.133,74.336,27.845,30.865,8.035,2.665,0.8107,11.445,0.0105833333333333,12.8865763021253,0
"2696",2005,113,7,63.6975,134.964,49.075,56.225,12.93,2.42,0.80775,11.43,0.0105833333333333,12.8846110155519,0
"2697",2005,113,8,52.4595,354.89,133.75,163.39,36.835,2.415,0.77115,13.03,0.0105833333333333,12.8845733701128,0
"2698",2005,113,9,41.9625,511.106,193.725,239.575,53.875,2.815,0.7342,12.4,0.0105833333333333,12.884572817861,0
"2699",2005,113,10,33.2165,508.185,189.135,234.53,53.08,3.08,0.71845,11.815,0.0105833333333333,12.8845728788214,0
"2700",2005,113,11,28.093,535.394,199.135,248.16,57.04,3.155,0.71965,11.705,0.0105833333333333,12.8845730894398,0
"2701",2005,113,12,28.61,707.917,269.115,340.495,78.08,3.5,0.699,11.515,0.0105833333333333,12.8845729639398,0
"2702",2005,113,13,34.519,799.342,308.69,392.775,89.725,3.74,0.66775,11.62,0.0105833333333333,12.8845728640343,0
"2703",2005,113,14,43.6665,620.563,239.035,302.1,71.205,4.485,0.6497,11.07,0.0105833333333333,12.8845729392449,0
"2704",2005,113,15,54.3355,382.927,146.65,181.925,43.375,4.575,0.66005,10.095,0.0105833333333333,12.8845731269182,0
"2705",2005,113,16,65.6255,217.672,82.47,102.38,25.895,4.365,0.6896,9.73,0.0105833333333333,12.8845728511396,0
"2706",2005,113,17,77.035,181.723,73.76,90.275,23.13,3.445,0.7675,7.625,0.0105833333333333,12.8845728466481,0
"2707",2005,113,18,88.1635,31.096,13.005,12.345,4.915,4.495,0.6503,7.345,0.0105833333333333,12.8845628168366,0
"2708",2005,113,19,99.084,0.069,0,0,0.085,3.885,0.6677,6.535,0.0105833333333333,12.923039636639,0
"2709",2005,113,20,108.893,0,0,0,0.135,3.235,0.68665,5.905,0.0105833333333333,12.9251933170106,0
"2710",2005,113,21,117.2405,0,0,0,0,2.45,0.71165,5.4,0.0105833333333333,12.9253525641289,0
"2711",2005,113,22,123.4055,0.092,0,0,0.015,1.96,0.70875,5.865,0.0105833333333333,12.9255058057936,0
"2712",2005,113,23,126.592,0.023,0,0,0,1.76,0.69745,6.84,0.0105833333333333,12.9256796263452,0
"2713",2005,114,0,126.2565,0.046,0,0,0.01,1.935,0.64975,7.835,0,12.9258594741369,0
"2714",2005,114,1,122.46,0.046,0,0,0.075,1.765,0.6325,8.55,0,12.9260360216038,0
"2715",2005,114,2,115.826,0.069,0,0,0.045,1.45,0.63555,8.225,0,12.9261967142738,0
"2716",2005,114,3,107.154,0.023,0,0,0.05,1.185,0.63755,8.64,0,12.926328950556,0
"2717",2005,114,4,97.133,0.667,0.14,0,0.08,0.85,0.646,8.2,0,12.9264317817512,0
"2718",2005,114,5,86.054,85.307,30.695,33.275,14.525,0.815,0.6321,8.715,0,12.9960622729929,0
"2719",2005,114,6,74.895,427.524,159.935,205.98,65.245,1.255,0.61065,10.49,0,12.9953684134609,0
"2720",2005,114,7,63.4575,848.286,319.945,421.3,112.195,1.9,0.6078,11.395,0,12.9953076634732,0
"2721",2005,114,8,52.21,1238.527,475.41,630.435,148.59,2.77,0.6166,11.795,0,12.9953065693244,0
"2722",2005,114,9,41.6895,1553.627,610.44,805.75,174.195,3.7,0.63005,11.85,0,12.9953065882139,0
"2723",2005,114,10,32.9095,1758.58,700.72,915.245,191.065,5,0.62185,11.81,0,12.9953065246784,0
"2724",2005,114,11,27.765,1833.238,736.635,963.755,197.2,6.305,0.58625,11.54,0,12.995306536489,0
"2725",2005,114,12,28.305,1739.191,694.325,919.2,194.475,7.79,0.5324,11.775,0,12.9953065594635,0
"2726",2005,114,13,34.267,1564.782,618.365,821.39,183.555,9.245,0.4898,12.11,0,12.9953066236471,0
"2727",2005,114,14,43.46,1275.741,498.055,663.255,157.985,10.255,0.4453,12.37,0,12.9953068141982,0
"2728",2005,114,15,54.155,874.299,336.75,446.98,114.72,11.035,0.4038,12.515,0,12.995306572215,0
"2729",2005,114,16,65.455,610.604,233.36,309.445,88.415,11.58,0.38085,11.87,0,12.9953065997909,0
"2730",2005,114,17,76.8645,339.894,127.705,169.195,58.615,11.69,0.37505,9.845,0,12.9953065409007,0
"2731",2005,114,18,87.954,49.887,18.315,19.98,11.085,10.325,0.43815,6.415,0,12.9953062314508,0
"2732",2005,114,19,98.8815,0.138,0.03,0,0.03,8.3,0.52755,4.27,0,13.0599037186904,0
"2733",2005,114,20,108.6645,0,0,0,0,7.17,0.57355,4.1,0,13.0678852019695,0
"2734",2005,114,21,116.979,0,0,0,0.08,5.585,0.65235,4.45,0,13.0681552823621,0
"2735",2005,114,22,123.111,0,0,0,0.005,4.68,0.69765,4.66,0,13.0683077083906,0
"2736",2005,114,23,126.273,0.023,0,0,0.01,4.16,0.72875,4.92,0,13.0684778660182,0
"2737",2005,115,0,125.927,0.023,0,0,0.035,3.805,0.73935,4.765,0.0105833333333333,13.0686567244965,0
"2738",2005,115,1,122.14,0.184,0,0,0.01,3.17,0.76625,4.27,0.0105833333333333,13.0688348975865,0
"2739",2005,115,2,115.527,0.345,0,0,0,3.895,0.73595,4.425,0.0105833333333333,13.069005298669,0
"2740",2005,115,3,106.8775,0.207,0,0,0.11,2.66,0.78625,3.92,0.0105833333333333,13.069148147231,0
"2741",2005,115,4,96.876,1.058,0.265,0,0.085,2.33,0.79775,4.47,0.0105833333333333,13.0692597962551,0
"2742",2005,115,5,85.7865,94.806,34.64,38.785,16.125,2.285,0.80695,3.44,0.0105833333333333,13.1337687022711,0
"2743",2005,115,6,74.658,433.964,163.7,208.83,64.395,5.015,0.73345,3.575,0.0105833333333333,13.1328671618899,0
"2744",2005,115,7,63.2225,853.208,322.14,422.845,112.18,8.235,0.60395,4.825,0.0105833333333333,13.1328133518716,0
"2745",2005,115,8,51.965,1236.434,472.04,626.245,148.48,11.505,0.4759,6.225,0.0105833333333333,13.1328124207697,0
"2746",2005,115,9,41.422,1536.883,596.9,791.3,173.26,13.37,0.36135,7.775,0.0105833333333333,13.1328124537946,0
"2747",2005,115,10,32.61,1703.794,671.37,880.47,186.28,14.805,0.3069,7.81,0.0105833333333333,13.1328123753597,0
"2748",2005,115,11,27.4385,1830.225,725.72,954.995,199.85,15.88,0.28165,8.985,0.0105833333333333,13.1328123880309,0
"2749",2005,115,12,28.002,1829.535,720.615,962.39,206.935,16.69,0.2552,9.74,0.0105833333333333,13.1328124149231,0
"2750",2005,115,13,34.0195,1567.266,607.62,812.165,186.59,16.975,0.24735,11,0.0105833333333333,13.1328124930345,0
"2751",2005,115,14,43.256,1104.184,422.58,556.85,135.84,16.635,0.2501,11.705,0.0105833333333333,13.1328127257249,0
"2752",2005,115,15,53.977,746.235,284.14,365.45,92.455,16.595,0.25605,10.535,0.0105833333333333,13.1328124108537,0
"2753",2005,115,16,65.2865,337.433,128.02,158.14,40.125,16.56,0.2677,10.43,0.0105833333333333,13.1328124272285,0
"2754",2005,115,17,76.694,149.385,57.12,68.015,17.935,16.055,0.2965,9.925,0.0105833333333333,13.1328123655874,0
"2755",2005,115,18,87.7835,21.459,7.62,6.865,3.33,13.995,0.4062,11.595,0.0105833333333333,13.1286278761786,0
"2756",2005,115,19,98.6815,0.023,0,0,0.865,11.45,0.6181,10.87,0.0105833333333333,13.1376718101231,0
"2757",2005,115,20,108.4385,0.069,0,0,0.135,9.47,0.81355,8.94,0.0105833333333333,13.138675101704,0
"2758",2005,115,21,116.721,0.092,0,0,0.25,8.525,0.8594,9.81,0.0105833333333333,13.1388176994726,0
"2759",2005,115,22,122.819,0,0,0,0,8.075,0.91325,7.775,0.0105833333333333,13.1389715355225,0
"2760",2005,115,23,125.955,0,0,0,0,7.905,0.9408,5.425,0.0105833333333333,13.1391410593525,0
"2761",2005,116,0,125.603,0.046,0,0,0,7.8,0.9558,5.225,0.1905,13.1393202255388,0
"2762",2005,116,1,121.827,0,0,0,0.005,7.795,0.9622,6.07,0.1905,13.139494983101,0
"2763",2005,116,2,115.2325,0.023,0,0,0.06,7.69,0.9611,6.015,0.1905,13.1396513880519,0
"2764",2005,116,3,106.605,0.023,0,0,0.22,7.085,0.91045,3.185,0.1905,13.1397814177727,0
"2765",2005,116,4,96.623,0.299,0.085,0,0.07,6.99,0.91505,1.92,0.1905,13.1398775310591,0
"2766",2005,116,5,85.5615,20.286,7.97,5.48,1.94,6.97,0.9348,1.965,0.1905,13.1418878527761,0
"2767",2005,116,6,74.4275,151.754,62.155,71.185,15.81,7.06,0.9234,3.395,0.1905,13.1159666424395,0
"2768",2005,116,7,62.992,698.855,281.525,356.51,85.22,8.05,0.81655,5.47,0.1905,13.1142495156032,0
"2769",2005,116,8,51.723,1048.662,404.7,521.29,116.725,9.1,0.7541,5.77,0.1905,13.1142184093248,0
"2770",2005,116,9,41.16,1516.942,597.675,780.105,163.635,10.785,0.6687,5.365,0.1905,13.1142179781518,0
"2771",2005,116,10,32.3135,1495.575,588.92,765.445,164.21,11.79,0.6124,6.52,0.1905,13.1142180468569,0
"2772",2005,116,11,27.117,802.286,306.55,390.32,87.47,12.13,0.5817,7.26,0.1905,13.1142182957213,0
"2773",2005,116,12,27.702,635.766,235.855,301.44,67.72,10.57,0.6177,8.425,0.1905,13.1142180665141,0
"2774",2005,116,13,33.7745,1060.093,403.115,525.65,120.175,11.325,0.63025,7.815,0.1905,13.1142182706389,0
"2775",2005,116,14,43.055,1298.327,463.02,665.72,158.73,11.475,0.6047,10.52,0.1905,13.1142179937208,0
"2776",2005,116,15,53.8,1148.528,424.815,582.87,152.155,10.455,0.6033,11.06,0.1905,13.1142180069278,0
"2777",2005,116,16,65.119,750.628,272.735,375.65,111.585,11.14,0.5326,10.735,0.1905,13.1142180225396,0
"2778",2005,116,17,76.5255,241.891,90.115,115.635,35.845,10.53,0.60195,8.795,0.1905,13.114217974061,0
"2779",2005,116,18,87.6125,25.116,8.53,6.885,2.61,9.175,0.6849,7.71,0.1905,13.112595754478,0
"2780",2005,116,19,98.484,0.138,0,0,0.255,7.58,0.7943,6.49,0.1905,13.1258283336121,0
"2781",2005,116,20,108.2135,0.161,0,0,0.095,6.395,0.8435,5.385,0.1905,13.1271280767927,0
"2782",2005,116,21,116.464,0.023,0,0,0.11,6.08,0.8548,6.605,0.1905,13.1272765618534,0
"2783",2005,116,22,122.5295,0.161,0,0,0.04,5.555,0.88475,6.375,0.1905,13.1274317465422,0
"2784",2005,116,23,125.6395,0.161,0,0,0.05,5.355,0.8911,6.57,0.1905,13.1276112467703,0
"2785",2005,117,0,125.2825,0.207,0,0,0.035,5.02,0.8928,6.19,0,13.1277990611466,0
"2786",2005,117,1,121.514,0.138,0,0,0.095,4.68,0.88195,6.655,0,13.1279832856234,0
"2787",2005,117,2,114.941,0.115,0,0,0.065,4.395,0.8848,6.855,0,13.1281461467961,0
"2788",2005,117,3,106.336,0.115,0,0,0,4.275,0.87725,6.53,0,13.1282805625162,0
"2789",2005,117,4,96.3725,1.15,0.305,0,0.175,4.215,0.8732,7.215,0,13.1283908031612,0
"2790",2005,117,5,85.3415,93.173,33.105,35.915,13.54,3.88,0.8931,6.235,0,13.1886477261878,0
"2791",2005,117,6,74.2015,455.193,170.27,217.175,63.4,5.095,0.8419,7.495,0,13.187566711073,0
"2792",2005,117,7,62.7645,737.932,280.54,360.345,88.19,6.54,0.734,8.79,0,13.1875101603219,0
"2793",2005,117,8,51.4875,1255.501,478.805,632.05,144.795,8.13,0.64505,8.985,0,13.1875091648993,0
"2794",2005,117,9,40.902,1367.465,531.12,698.16,151.715,9.705,0.56835,8.82,0,13.1875091991051,0
"2795",2005,117,10,32.023,1055.309,410.515,531.685,117.03,10.635,0.48345,9.845,0,13.1875091441172,0
"2796",2005,117,11,26.8,1097.261,426.75,552.005,123.91,11.18,0.4268,11.465,0,13.1875091593021,0
"2797",2005,117,12,27.407,1053.86,410.605,529.51,121.715,11.535,0.4208,11.38,0,13.1875091947838,0
"2798",2005,117,13,33.532,1179.164,460.545,602.215,140.265,11.975,0.39505,10.595,0,13.1875093020442,0
"2799",2005,117,14,42.8555,642.459,249.52,316.045,75.8,12.09,0.37895,10.19,0,13.1875096239253,0
"2800",2005,117,15,53.6235,510.416,198.255,250.265,61.775,12.22,0.36965,9.43,0,13.1875091726714,0
"2801",2005,117,16,64.9545,377.223,147.12,186.475,49.63,12.58,0.3331,9.12,0,13.1875091834245,0
"2802",2005,117,17,76.3575,349.692,128.765,172.305,61.34,12.795,0.323,8.925,0,13.1875091448446,0
"2803",2005,117,18,87.407,56.856,20.98,23.47,10.95,11.475,0.4014,5.53,0,13.1875090821432,0
"2804",2005,117,19,98.285,0.184,0.025,0,0,9.62,0.4799,3.87,0,13.2467942172993,0
"2805",2005,117,20,107.9885,0,0,0,0,8.63,0.52895,3.525,0,13.2568691442439,0
"2806",2005,117,21,116.2095,0,0,0,0,7.585,0.5852,3.34,0,13.257186178213,0
"2807",2005,117,22,122.2445,0.069,0,0,0,6.89,0.6365,4.38,0,13.2573405111934,0
"2808",2005,117,23,125.331,0,0,0,0.015,6.065,0.67555,4.275,0,13.2575118433308,0
"2809",2005,118,0,124.9635,0,0,0,0,5.81,0.6959,4.41,0,13.2576883000365,0
"2810",2005,118,1,121.2085,0,0,0,0,5.965,0.71515,3.95,0,13.2578608448091,0
"2811",2005,118,2,114.654,0,0,0,0,6.575,0.72,3.32,0,13.2580166123457,0
"2812",2005,118,3,106.0705,0,0,0,0,6.55,0.74155,3.035,0,13.2581456413698,0
"2813",2005,118,4,96.128,0.874,0.355,0,0.01,6.18,0.7718,0.83,0,13.2582490311341,0
"2814",2005,118,5,85.0865,62.905,26.18,30.56,8.46,6.575,0.74815,2.005,0,13.3035914385742,0
"2815",2005,118,6,73.978,191.291,75.385,90.87,22.245,7.53,0.75045,1.775,0,13.3008405988903,0
"2816",2005,118,7,62.5415,246.606,92.895,112.67,26.86,8.5,0.7448,2.67,0,13.3007156457657,0
"2817",2005,118,8,51.256,465.037,178.175,220.935,51.64,9.72,0.6827,2.44,0,13.3007134908964,0
"2818",2005,118,9,40.6475,821.583,320.75,400.85,91.875,11.385,0.575,1.1,0,13.3007134666096,0
"2819",2005,118,10,31.736,758.149,292.99,368.15,83.5,12.53,0.51785,0.745,0,13.3007134690806,0
"2820",2005,118,11,26.487,996.291,384.86,487.335,109.905,13.635,0.4737,2.02,0,13.3007134467717,0
"2821",2005,118,12,27.1155,905.901,340.61,433.64,101.185,13.74,0.4898,5.575,0,13.3007134560193,0
"2822",2005,118,13,33.2935,498.41,182.5,226.015,52.5,13.425,0.5157,6.545,0,13.300713470076,0
"2823",2005,118,14,42.659,464.025,171.765,212.765,50.055,12.61,0.59735,7.39,0,13.3007135004033,0
"2824",2005,118,15,53.451,428.536,161.98,199.96,46.72,12.265,0.61865,5.265,0,13.3007135675627,0
"2825",2005,118,16,64.7885,205.367,77.09,92.705,21.84,12.26,0.61995,3.925,0,13.3007135047691,0
"2826",2005,118,17,76.1925,101.614,38.995,43.85,10.965,12.135,0.642,3.61,0,13.3007134672377,0
"2827",2005,118,18,87.24,13.041,4.8,3.27,1.425,11.23,0.7366,3.91,0,13.2811980155509,0
"2828",2005,118,19,98.088,0.069,0,0,0,10.64,0.76525,3.205,0,13.2817761581569,0
"2829",2005,118,20,107.766,0,0,0,0,10.245,0.80235,2.89,0,13.2823231795745,0
"2830",2005,118,21,115.956,0,0,0,0,9.805,0.83905,1.635,0,13.2824541647054,0
"2831",2005,118,22,121.9595,0,0,0,0,9.725,0.8354,0.96,0,13.2826049092735,0
"2832",2005,118,23,125.024,0,0,0,0,9.345,0.85545,1.725,0,13.2827747438501,0
"2833",2005,119,0,124.6525,0,0,0,0,8.9,0.86835,1.19444444444444,0.03175,13.282951731627,0
"2834",2005,119,1,120.905,0.414,0,0,0.01,8.51,0.88095,0.675,0.03175,13.2831341066164,0
"2835",2005,119,2,114.372,0.391,0,0,0.015,8.11,0.9165,1.73,0.03175,13.2833116572735,0
"2836",2005,119,3,105.8115,0.414,0,0,0.02,8.015,0.87585,1.21,0.03175,13.2834580485075,0
"2837",2005,119,4,95.8865,1.104,0.34,0,0.05,7.805,0.8215,2.645,0.03175,13.2835729962103,0
"2838",2005,119,5,84.873,34.776,13.955,14.665,4.2,7.5,0.87295,2.295,0.03175,13.3079169194673,0
"2839",2005,119,6,73.76,116.518,44.185,52.345,12.65,7.745,0.83625,3.855,0.03175,13.2926009788522,0
"2840",2005,119,7,62.324,315.621333333333,120.805,149.42,35.6,8.345,0.8231,4.2,0.03175,13.2918184819927,0
"2841",2005,119,8,51.028,526.056,201.93,252.4,59.745,9.655,0.80025,3.735,0.03175,13.2918047950449,0
"2842",2005,119,9,40.401,796.329,305.825,387.645,90.925,11.24,0.7496,3.94,0.03175,13.2918046700459,0
"2843",2005,119,10,31.453,493.281,180.905,224.31,51.28,11.49,0.75685,3.155,0.03175,13.2918048645684,0
"2844",2005,119,11,26.179,446.407,158.29,195.96,44.39,11.71,0.7122,2.71,0.03175,13.2918046196701,0
"2845",2005,119,12,26.826,470.787,169.205,208.545,46.93,11.86,0.71015,2.375,0.03175,13.2918046437306,0
"2846",2005,119,13,33.0565,442.704,162.37,198.16,44.365,11.845,0.7244,2.535,0.03175,13.2918047040963,0
"2847",2005,119,14,42.4665,309.465,112.255,135.405,30.085,11.72,0.74955,3.175,0.03175,13.2918048742051,0
"2848",2005,119,15,53.28,190.754736842105,70.87,83.36,18.265,11.665,0.75055,3.14,0.03175,13.2918046654827,0
"2849",2005,119,16,64.6255,82.041,28.595,30.33,6.8,10.955,0.80025,3.65,0.03175,13.2918046895692,0
"2850",2005,119,17,76.0265,60.812,22.41,23.63,5.87,9.98,0.8212,5.85,0.03175,13.2918010667955,0
"2851",2005,119,18,87.0725,7.038,2.285,0.505,0.92,9.32,0.84675,5.67,0.03175,13.2470074333484,0
"2852",2005,119,19,97.8925,0.46,0,0,0.355,8.485,0.89535,6.005,0.03175,13.2476357510759,0
"2853",2005,119,20,107.5455,0.276,0,0,0.09,7.895,0.90675,5.385,0.03175,13.2479036409859,0
"2854",2005,119,21,115.7055,0.345,0,0,0.12,7.58,0.8893,6.19,0.03175,13.2480427491692,0
"2855",2005,119,22,121.678,0.391,0,0,0.075,7.02,0.8341,6.495,0.03175,13.2482136372007,0
"2856",2005,119,23,124.7215,0.023,0,0,0.035,6.715,0.833,6.04,0.03175,13.2483976957042,0
"2857",2005,120,0,124.3435,0.046,0,0,0,6.68,0.841,3.705,0.0211666666666667,13.2485773676828,0
"2858",2005,120,1,120.6065,0,0,0,0.015,6.58,0.8587,3.56,0.0211666666666667,13.248751604209,0
"2859",2005,120,2,114.094,0,0,0,0.03,6.375,0.8803,3.06,0.0211666666666667,13.2489077590856,0
"2860",2005,120,3,105.5555,0.092,0,0,0.045,6.195,0.8938,3.22,0.0211666666666667,13.2490366610714,0
"2861",2005,120,4,95.6135,0.851,0.245,0,0.11,6.06,0.8955,3.51,0.0211666666666667,13.249140267386,0
"2862",2005,120,5,84.6625,53.682,22.615,24.42,5.92,5.935,0.90105,3.02,0.0211666666666667,13.2874697134073,0
"2863",2005,120,6,73.547,227.861,93.485,111.935,25.51,6.42,0.86715,3.725,0.0211666666666667,13.2830712849942,0
"2864",2005,120,7,62.109,396.796,159.59,191.62,43.83,7.405,0.78195,3.65,0.0211666666666667,13.2828812761689,0
"2865",2005,120,8,50.8075,910.606315789474,366.56,460.005,105.505,8.785,0.686,4.145,0.0211666666666667,13.2828780112462,0
"2866",2005,120,9,40.1585,1094.248,449.575,571.84,127.16,10.005,0.6501,4.68,0.0211666666666667,13.2828779357887,0
"2867",2005,120,10,31.1775,641.654,248.84,315.74,72.715,10.2,0.67585,6.03,0.0211666666666667,13.2828779503136,0
"2868",2005,120,11,25.8755,1294.463,524.215,675.905,143.53,11.385,0.51755,6.285,0.0211666666666667,13.282877975714,0
"2869",2005,120,12,26.5425,1582.906,648.12,842.485,177.92,12.58,0.30755,7.94,0.0211666666666667,13.2828780458992,0
"2870",2005,120,13,32.8255,1231.397,495.61,646.58,147.705,12.985,0.28755,8.33,0.0211666666666667,13.2828782705568,0
"2871",2005,120,14,42.274,1201.451,477.36,629.235,150.3,13.31,0.25625,9.31,0.0211666666666667,13.2828780089946,0
"2872",2005,120,15,53.1095,875.081,342.625,451.845,116.38,13.48,0.23925,10.465,0.0211666666666667,13.2828780834253,0
"2873",2005,120,16,64.463,674.636,260.775,346.625,101.765,13.265,0.23395,10.53,0.0211666666666667,13.282877999196,0
"2874",2005,120,17,75.8605,255.576,98.505,126.275,39.785,12.6,0.2479,9.595,0.0211666666666667,13.2828779707469,0
"2875",2005,120,18,86.869,56.12,20.885,22.76,10.23,11.225,0.30245,7.325,0.0211666666666667,13.282877803109,0
"2876",2005,120,19,97.6975,0.299,0.09,0,0.015,9.59,0.3866,4.785,0.0211666666666667,13.33909075651,0
"2877",2005,120,20,107.3255,0.023,0,0,0,8.485,0.4442,3.94,0.0211666666666667,13.3486398435257,0
"2878",2005,120,21,115.456,0.023,0,0,0,7.875,0.46115,3.74,0.0211666666666667,13.3489508831711,0
"2879",2005,120,22,121.401,0,0,0,0,6.565,0.53415,3.345,0.0211666666666667,13.3491043185497,0
"2880",2005,120,23,124.4215,0.368,0,0,0,5.73,0.57365,2.85,0.0211666666666667,13.3492823407549,0
"2881",2005,121,0,124.038,0.46,0,0,0,5.05,0.59775,3.295,0,13.3494841616766,0
"2882",2005,121,1,120.315,0.414,0,0,0.005,3.99,0.64425,3.61,0,13.3496827388916,0
"2883",2005,121,2,113.819,0.276,0,0,0.005,2.715,0.7072,2.925,0,13.3498583658458,0
"2884",2005,121,3,105.302,0.253,0,0,0,2.19,0.73655,3.545,0,13.3499979878878,0
"2885",2005,121,4,95.3835,1.817,0.89,0.385,0.33,2.02,0.74895,3.59,0,13.3501197303357,0
"2886",2005,121,5,84.4545,60.628,23.245,24.74,6.975,2.175,0.7844,2.395,0,13.3898681212867,0
"2887",2005,121,6,73.337,375.705,150.42,189.67,54.23,4.395,0.73765,3.69,0,13.3864064178172,0
"2888",2005,121,7,61.9005,663.527,260.675,333.175,83.555,6.85,0.60615,6.235,0,13.3862693064242,0
"2889",2005,121,8,50.59,1071.616,421.05,545.555,127.605,8.525,0.5366,6.915,0,13.3862669895646,0
"2890",2005,121,9,39.9205,1557.284,620.88,808.475,171.765,10.055,0.45615,9.55,0,13.3862669561451,0
"2891",2005,121,10,30.906,1722.332,693.04,905.74,185.31,10.745,0.37895,11.1,0,13.3862669877296,0
"2892",2005,121,11,25.575,1774.979,715.99,939.895,194.25,11.2,0.34205,12.575,0,13.3862669440785,0
"2893",2005,121,12,26.2615,1641.579,656.535,863.62,185.635,11.225,0.32955,12.175,0,13.3862669625699,0
"2894",2005,121,13,32.596,1429.289,565.515,745.205,168.735,11.38,0.32905,11.05,0,13.3862670083555,0
"2895",2005,121,14,42.0845,1180.843,460.7,607.035,147.06,11.17,0.32955,11.69,0,13.3862671357051,0
"2896",2005,121,15,52.941,635.122,245.605,315.595,79.795,10.57,0.3442,11.73,0,13.3862670105502,0
"2897",2005,121,16,64.302,454.503,177.655,226.43,59.07,9.995,0.34085,11.58,0,13.3862669695336,0
"2898",2005,121,17,75.699,175.099,69.62,84.745,22.005,9.03,0.35905,9.82,0,13.3862669580199,0
"2899",2005,121,18,86.7055,23.46,9.885,8.595,3.04,8.555,0.36295,8.28,0,13.3811229800441,0
"2900",2005,121,19,97.504,0.23,0.05,0,0.005,7.965,0.3857,7.325,0,13.3827103258307,0
"2901",2005,121,20,107.1085,0.023,0,0,0,7.445,0.4276,5.665,0,13.3837564841013,0
"2902",2005,121,21,115.21,0.023,0,0,0,6.88,0.46205,5.57,0,13.3838985890324,0
"2903",2005,121,22,121.125,0.023,0,0,0.06,5.88,0.50105,4.975,0,13.3840505154301,0
"2904",2005,121,23,124.1265,0.069,0,0,0,5.645,0.50535,5.715,0,13.3842218219449,0
"2905",2005,122,0,123.7375,0.046,0,0,0.12,4.895,0.53185,5.245,0,13.3844020083381,0
"2906",2005,122,1,120.025,0,0,0,0.13,3.515,0.5867,4.62,0,13.3845753782795,0
"2907",2005,122,2,113.552,0,0,0,0.025,2.305,0.6399,4.46,0,13.3847305062023,0
"2908",2005,122,3,105.0565,0.115,0,0,0,2.055,0.64425,5.155,0,13.3848600134144,0
"2909",2005,122,4,95.1205,2.231,0.74,0.1,0.32,1.39,0.68645,4.87,0,13.3849846871894,0
"2910",2005,122,5,84.253,35.972,25.37,27.415,7.08,1.795,0.68785,5.295,0,13.4096914267387,0
"2911",2005,122,6,73.133,264.5,85.21,104.065,25.415,3.12,0.64975,6.24,0,13.3925632807247,0
"2912",2005,122,7,61.698,789.889,304.98,393.87,99.165,4.625,0.5985,7.93,0,13.3918739492992,0
"2913",2005,122,8,50.3775,1158.372,451.32,588.67,138.09,6.375,0.51765,8.62,0,13.3918621230558,0
"2914",2005,122,9,39.6885,950.13,374.455,482.78,109.825,7.175,0.42925,9.435,0,13.3918620647097,0
"2915",2005,122,10,30.639,559.981,210.07,265.48,62.625,6.875,0.44775,9.79,0,13.3918619916396,0
"2916",2005,122,11,25.2795,783.978,300.71,383.685,90.96,7.14,0.45165,9.965,0,13.3918620965199,0
"2917",2005,122,12,25.9845,856.589,330.435,423.54,99.73,7.25,0.4788,10.165,0,13.3918624635165,0
"2918",2005,122,13,32.37,833.957,322.175,413.775,99.205,7.38,0.47775,10.735,0,13.3918620068743,0
"2919",2005,122,14,41.8975,1120.997,438.145,572.89,137.42,7.815,0.45265,10.445,0,13.3918620702227,0
"2920",2005,122,15,52.7765,926.118,360.86,474.65,121.965,8.115,0.45295,9.84,0,13.391862215098,0
"2921",2005,122,16,64.1425,670.243,250.555,333.675,96.795,8.375,0.43945,8.895,0,13.3918619960903,0
"2922",2005,122,17,75.5355,333.592,124.01,162.53,53.51,8.105,0.442,9.14,0,13.3918619831615,0
"2923",2005,122,18,86.5395,48.783,17.095,18.5,6.01,7.305,0.48145,7.41,0,13.3918594929895,0
"2924",2005,122,19,97.311,0.345,0.105,0,0.135,6.165,0.53635,4.67,0,13.436814336658,0
"2925",2005,122,20,106.892,0,0,0,0,4.63,0.60295,3.825,0,13.4432119476153,0
"2926",2005,122,21,114.9645,0,0,0,0,3.68,0.6395,3.92,0,13.4434636600708,0
"2927",2005,122,22,120.853,0.023,0,0,0,3.195,0.6524,3.415,0,13.4436154801601,0
"2928",2005,122,23,123.8355,0.046,0,0,0,2.72,0.65895,3.47,0,13.4437856753486,0
"2929",2005,123,0,123.4415,0.276,0,0,0,1.685,0.7027,2.79,0,13.4439702220465,0
"2930",2005,123,1,119.741,0.138,0,0,0,1.745,0.6975,2.785,0,13.4441544828958,0
"2931",2005,123,2,113.287,0.046,0,0,0,1.505,0.7102,2.895,0,13.4443151168803,0
"2932",2005,123,3,104.8135,0.046,0,0,0,0.795,0.7355,2.725,0,13.4444455537309,0
"2933",2005,123,4,94.9035,2.99,1.25,0.45,0.185,-0.2,0.7799,1.855,0,13.4445840585163,0
"2934",2005,123,5,84.051,137.402,51.635,59.425,21.085,-0.205,0.7861,1.335,0,13.4964507494596,0
"2935",2005,123,6,72.9335,487.906666666667,188.795,236.605555555556,70.34,1.885,0.73205,1.41,0,13.4954108037521,0
"2936",2005,123,7,61.4995,899.047,353.88,450.557894736842,115.65,4.845,0.5434,1.405,0,13.4953737526648,0
"2937",2005,123,8,50.173,1284.27157894737,505.47,656.535,150.585,6.38,0.46985,1.9,0,13.4953731871794,0
"2938",2005,123,9,39.4625,1578.904,634.675,823.785,174.355,7.62,0.47505,3.825,0,13.495373261709,0
"2939",2005,123,10,30.379,1753.635,714.005,926.52,188.295,9.34,0.43315,4.13,0,13.4953731328233,0
"2940",2005,123,11,24.989,1364.222,553.895,717.905,153.145,10.49,0.36095,4.64,0,13.4953731639366,0
"2941",2005,123,12,25.7115,1476.715,598.745,777.725,165.535,11.63,0.28065,6.93,0,13.4953732609312,0
"2942",2005,123,13,32.1465,1296.004,519.805,677.835,152.515,12.395,0.24535,6.585,0,13.4953735804373,0
"2943",2005,123,14,41.713,1374.204,545.47,722.03,171.935,13.26,0.2212,7.115,0,13.4953731602861,0
"2944",2005,123,15,52.611,1065.245,414.735,552.6,143.57,13.44,0.21635,7.415,0,13.4953731943663,0
"2945",2005,123,16,63.984,701.868,268.2,358.285,105.165,13.665,0.1979,6.66,0,13.4953732242909,0
"2946",2005,123,17,75.3745,347.783,132.355,175.275,61.595,13.59,0.19885,7.41,0,13.4953731420769,0
"2947",2005,123,18,86.341,68.402,26.635,30.63,14.22,12.35,0.2292,4.765,0,13.4953732076375,0
"2948",2005,123,19,97.121,0.483,0.27,0,0.01,10.85,0.25355,3.525,0,13.5423610147602,0
"2949",2005,123,20,106.677,0,0,0,0,9.765,0.27015,2.315,0,13.5551072710929,0
"2950",2005,123,21,114.7225,0,0,0,0,8.81,0.2954,2.145,0,13.5554975687362,0
"2951",2005,123,22,120.5855,0.023,0,0,0,7.355,0.32795,2.23,0,13.5556510395333,0
"2952",2005,123,23,123.5485,0,0,0,0,6.935,0.3304,2.335,0,13.5558195442307,0
"2953",2005,124,0,123.151,0,0,0,0,6.125,0.34745,1.395,0,13.5559950636818,0
"2954",2005,124,1,119.4605,0.046,0,0,0,5.34,0.3711,1.315,0,13.5561667656218,0
"2955",2005,124,2,113.028,0.184,0,0,0,3.805,0.4772,1.315,0,13.5563269216679,0
"2956",2005,124,3,104.575,0.299,0,0,0,3.94,0.4504,0.905,0,13.5564645650956,0
"2957",2005,124,4,94.6885,3.197,1.375,0.465,0.07,2,0.53945,1.185,0,13.5566130648142,0
"2958",2005,124,5,83.8545,131.836,53.845,62.025,21.65,3.14,0.4703,0.78,0,13.6022020214832,0
"2959",2005,124,6,72.737,492.913,196.125,247.075,73.285,5.275,0.49545,0.77,0,13.6009825743919,0
"2960",2005,124,7,61.3045,911.187368421052,358.45,465.02,120.63,9.96,0.32545,1.02,0,13.6009428566872,0
"2961",2005,124,8,49.971,1278.8,511.705,666.68,155.135,12.495,0.22325,1.825,0,13.600942179508,0
"2962",2005,124,9,39.24,1573.90352941176,642.495,835.965,178.34,13.38,0.1933,2.54,0,13.6009422321994,0
"2963",2005,124,10,30.1235,1787.905,737.745,957.165,193.5,14.17,0.18745,2.235,0,13.6009424267601,0
"2964",2005,124,11,24.703,1878.64,778.17,1012.16,202.3,15.065,0.182,2.325,0,13.600942355274,0
"2965",2005,124,12,25.4425,1853.041,763.825,998.38,204.19,15.785,0.18075,2.135,0,13.6009422018936,0
"2966",2005,124,13,31.9265,1725.207,704.61,926.33,198.86,16.68,0.16635,2.205,0,13.6009422351153,0
"2967",2005,124,14,41.5315,1482.879,597.585,788.195,181.225,17.19,0.16135,1.855,0,13.6009423244264,0
"2968",2005,124,15,52.4485,1164.858,460.695,611.77,155.895,17.795,0.1535,1.96,0,13.6009425273627,0
"2969",2005,124,16,63.826,779.516,302.89,404.89,117.055,17.955,0.1369,1.83,0,13.6009422025196,0
"2970",2005,124,17,75.214,359.592222222222,146.41,189.925,64.37,17.97,0.1386,1.32,0,13.6009421930955,0
"2971",2005,124,18,86.179,74.566,30.145,32.82,13.45,16.86,0.1509,2.515,0,13.6009421005927,0
"2972",2005,124,19,96.9315,0.598,0.29,0,0,15.47,0.1765,3.34,0,13.6435144940651,0
"2973",2005,124,20,106.4655,0.023,0,0,0,13.98,0.21465,3.915,0,13.6575895984945,0
"2974",2005,124,21,114.4845,0.046,0,0,0,10.75,0.3248,4.175,0,13.6580194267049,0
"2975",2005,124,22,120.318,0,0,0,0,9.08,0.4053,3.74,0,13.6581738177132,0
"2976",2005,124,23,123.266,0.023,0,0,0,8.38,0.44195,3.85,0,13.6583413154227,0
"2977",2005,125,0,122.866,0,0,0,0,8.61,0.43595,4.085,0,13.6585172596719,0
"2978",2005,125,1,119.186,0,0,0,0,8.735,0.41675,4.29,0,13.6586874529679,0
"2979",2005,125,2,112.773,0,0,0,0,8.43,0.42495,2.88,0,13.6588420281443,0
"2980",2005,125,3,104.3425,0.023,0,0,0,7.83,0.44755,2.535,0,13.6589695623077,0
"2981",2005,125,4,94.443,2.944,1.165,0.435,0.215,7.555,0.46565,3.565,0,13.6591050831577,0
"2982",2005,125,5,83.663,138.598,61.11,77.395,28.395,7.53,0.5054,2.265,0,13.7000536279624,0
"2983",2005,125,6,72.546,492.614,196.52,257.52,80.57,11.795,0.3907,4.94,0,13.6987639403691,0
"2984",2005,125,7,61.1155,820.226,322.845,416.845,107.27,14.695,0.3263,4.64,0,13.6987247360053,0
"2985",2005,125,8,49.773,953.235,374.08,477.32,110.85,15.885,0.3172,4.705,0,13.6987241269533,0
"2986",2005,125,9,39.0255,1084.657,475.7,613.98,135.525,16.92,0.29955,4.165,0,13.6987240717918,0
"2987",2005,125,10,29.873,1885.655,765.545,999.935,214.675,17.83,0.2674,3.53,0,13.6987240929578,0
"2988",2005,125,11,24.423,1652.688,671.025,874.295,184.73,18.265,0.25625,3.04,0,13.6987241521005,0
"2989",2005,125,12,25.177,1559.975,632.535,820.55,175.945,18.9,0.2449,3.005,0,13.698724353098,0
"2990",2005,125,13,31.71,1166.859,465.415,600.21,133.81,19.155,0.23755,2.46,0,13.6987241812536,0
"2991",2005,125,14,41.3515,1012.368,401.775,518.59,120.45,19.46,0.2326,2.89,0,13.6987241493572,0
"2992",2005,125,15,52.2855,980.766,380.495,504.005,125.615,19.85,0.23185,2.95,0,13.6987240932119,0
"2993",2005,125,16,63.6715,763.232,296.875,393.1,111.505,20.1,0.23355,3.175,0,13.6987240968029,0
"2994",2005,125,17,75.0565,367.08,141.2,185.125,62.335,20.2,0.22735,2.125,0,13.6987240908685,0
"2995",2005,125,18,86.02,72.335,28.465,31.765,12.585,18.89,0.2546,3.405,0,13.6987240506,0
"2996",2005,125,19,96.7425,0.621,0.23,0,0,16.48,0.30535,4.29,0,13.7366516269821,0
"2997",2005,125,20,106.254,0.023,0,0,0,14.35,0.37405,5.04,0,13.7492563724413,0
"2998",2005,125,21,114.247,0,0,0,0,12.9,0.4288,4.605,0,13.7496625550208,0
"2999",2005,125,22,120.057,0.046,0,0,0,11.675,0.4731,4.46,0,13.7498161114838,0
"3000",2005,125,23,122.987,0.069,0,0,0,10.91,0.4975,4.435,0,13.749986180026,0
"3001",2005,126,0,122.583,0.069,0,0,0,10.185,0.5223,4.105,0,13.7501646810533,0
"3002",2005,126,1,118.9165,0.092,0,0,0,10.105,0.5202,3.845,0,13.750339331215,0
"3003",2005,126,2,112.5235,0.069,0,0,0,9.56,0.5422,2.54,0,13.7504970209782,0
"3004",2005,126,3,104.1145,0.069,0,0,0,9.11,0.56665,3.015,0,13.7506269517058,0
"3005",2005,126,4,94.24,3.565,1.55,0.515,0.28,8.935,0.5783,3.755,0,13.7507756643738,0
"3006",2005,126,5,83.473,104.581,40.18,46.205,15.635,7.955,0.6242,3.19,0,13.7838207520249,0
"3007",2005,126,6,72.361,472.029,181.39,233.255,70.71,11.17,0.5548,3.865,0,13.7819543908436,0
"3008",2005,126,7,60.9325,921.456666666667,332.055,435.655,114.435,16.415,0.38595,7.115,0,13.7819003363522,0
"3009",2005,126,8,49.584,1268.404,481.36,632.48,148.585,18.945,0.3255,8.52,0,13.7818995349323,0
"3010",2005,126,9,38.8145,1575.37222222222,607.43,795.975,171.665,20.48,0.30725,7.775,0,13.7818995227408,0
"3011",2005,126,10,29.63,1677.666,657.485,857.825,177.685,21.905,0.29275,6.29,0,13.7818994510528,0
"3012",2005,126,11,24.147,1524.417,598.955,777.965,162.365,22.415,0.299,5.31,0,13.781899475231,0
"3013",2005,126,12,24.9175,1663.153,650.245,845.66,181.33,23.135,0.2949,5.065,0,13.7818995445611,0
"3014",2005,126,13,31.496,1383.128,535.7,695.795,156.89,23.715,0.2817,4.735,0,13.7818997649635,0
"3015",2005,126,14,41.1735,493.005,188.095,233.045,55.635,23.625,0.2933,5.57,0,13.7818994989749,0
"3016",2005,126,15,52.1275,436.057,165.37,205.555,50.15,23.86,0.2931,5.99,0,13.7818995570582,0
"3017",2005,126,16,63.517,313.007,120.43,152.265,41.345,23.755,0.3,6.955,0,13.7818994891229,0
"3018",2005,126,17,74.8985,396.313,155.92,208.485,70.02,24.055,0.3002,8.02,0,13.7818994657344,0
"3019",2005,126,18,85.8225,64.768,25.63,27.13,9.845,22.735,0.3393,7.28,0,13.7818994668087,0
"3020",2005,126,19,96.558,0.575,0.185,0,0.035,20.895,0.39885,5.385,0,13.8145804834889,0
"3021",2005,126,20,106.0455,0,0,0,0.035,18.92,0.462,4.945,0,13.8242939053281,0
"3022",2005,126,21,114.0125,0,0,0,0,18.51,0.4854,5.25,0,13.8246409330072,0
"3023",2005,126,22,119.799,0,0,0,0.175,17.2,0.53265,5.985,0,13.8247923177564,0
"3024",2005,126,23,122.712,0.023,0,0,0,16.5,0.5518,6.45,0,13.8249594744415,0
"3025",2005,127,0,122.308,0.023,0,0,0,16.87,0.5422,5.58,0,13.825134795006,0
"3026",2005,127,1,118.653,0,0,0,0,16.205,0.5747,3.905,0,13.825305277423,0
"3027",2005,127,2,112.2785,0.092,0,0,0,15.315,0.60345,3.48,0,13.8254606078416,0
"3028",2005,127,3,103.8915,0,0,0,0,13.995,0.647,2.84,0,13.8255893309151,0
"3029",2005,127,4,94.0045,4.554,2.195,1.34,0.575,13.16,0.6786,2.43,0,13.825759801044,0
"3030",2005,127,5,83.289,89.608,35.295,40.445,11.415,12.705,0.7053,2.085,0,13.853854995807,0
"3031",2005,127,6,72.181,389.712,145.815,183.63,52.265,14.13,0.69315,2.545,0,13.8514814520399,0
"3032",2005,127,7,60.753,874.046,324.15,424.063157894737,108.75,18.42,0.5946,4.12,0,13.8514152488505,0
"3033",2005,127,8,49.3985,1224.083,460.285,597.04,138.695,21.82,0.5141,5.11,0,13.8514142118326,0
"3034",2005,127,9,38.6105,1563.747,597.7,776.395,166.975,24.16,0.4505,7.23,0,13.8514142656478,0
"3035",2005,127,10,29.3925,1773.392,687.54,896.095,184.495,25.1,0.4335,5.6,0,13.8514141842928,0
"3036",2005,127,11,23.875,1755.13,683.03,890.545,184.72,26.01,0.39465,4.74,0,13.8514142126002,0
"3037",2005,127,12,24.6595,1426.184,547.585,710.505,153.095,26.555,0.3555,5,0,13.8514142965932,0
"3038",2005,127,13,31.2855,1028.859,391.14,501.69,114.45,26.855,0.34575,6.17,0,13.8514145656946,0
"3039",2005,127,14,40.999,1247.911,508.405,669.495,159.4,27.375,0.3261,5.835,0,13.8514142181093,0
"3040",2005,127,15,51.9685,993.094,389.575,510.035,130.87,27.835,0.30135,4.96,0,13.8514142560507,0
"3041",2005,127,16,63.365,756.194,278.93,368.43,104.735,28.005,0.28515,5.15,0,13.8514142727451,0
"3042",2005,127,17,74.742,322.92,118.935,149.675,46.185,27.3,0.3021,5.505,0,13.8514141959646,0
"3043",2005,127,18,85.666,54.51,21.76,21.815,6.91,25.395,0.3454,4.235,0,13.8514135256596,0
"3044",2005,127,19,96.3705,0.529,0.125,0,0,23.035,0.4135,4.235,0,13.8773346362979,0
"3045",2005,127,20,105.839,0,0,0,0,21.02,0.47445,4.28,0,13.8838020812917,0
"3046",2005,127,21,113.7815,0.023,0,0,0,19.685,0.51465,4.225,0,13.8840769446487,0
"3047",2005,127,22,119.5435,0,0,0,0,18.205,0.5623,3.975,0,13.8842277627353,0
"3048",2005,127,23,122.442,0.069,0,0,0,17.155,0.58665,3.97,0,13.8843958001712,0
"3049",2005,128,0,122.036,0.069,0,0,0,16.075,0.60715,2.215,0,13.8845735336826,0
"3050",2005,128,1,118.3925,0.046,0,0,0,15.72,0.6133,2.315,0,13.884746098257,0
"3051",2005,128,2,112.038,0,0,0,0,15.485,0.61985,2.615,0,13.8849006993587,0
"3052",2005,128,3,103.673,0.023,0,0,0,14.445,0.65955,2.74,0,13.8850274025526,0
"3053",2005,128,4,93.8115,3.933,1.545,0.565,0.35,13.515,0.6852,4.285,0,13.8851815599601,0
"3054",2005,128,5,83.1085,117.668,45.315,52.47,16.35,13.515,0.6822,3.455,0,13.9128452625127,0
"3055",2005,128,6,72.004,537.625,203.015,263.405,76.815,17.3,0.58975,4.35,0,13.9110423849114,0
"3056",2005,128,7,60.579,886.42,334.635,436.44,115.475,20.27,0.5009,6.66,0,13.9109941616834,0
"3057",2005,128,8,49.2175,1224.911,471.36,613.985,143.98,23.39,0.4303,8.255,0,13.9109933817045,0
"3058",2005,128,9,38.411,1539.252,599.645,780.665,168.59,25.035,0.3697,7.135,0,13.9109934473103,0
"3059",2005,128,10,29.158,1758.005,693.48,903.41,187.155,26.005,0.31505,6.55,0,13.9109936949589,0
"3060",2005,128,11,23.6105,1815.965,717.505,939.36,193.66,26.93,0.2886,7.29,0,13.9109934764011,0
"3061",2005,128,12,24.4075,1778.889,713.775,937.95,198.98,27.705,0.2643,8.295,0,13.9109936625422,0
"3062",2005,128,13,31.0775,1616.992,629.13,831.115,184.455,28.045,0.24725,8.93,0,13.9109933961664,0
"3063",2005,128,14,40.8265,1446.217,554.16,733.98,172.8,28.45,0.24935,9.12,0,13.9109934075974,0
"3064",2005,128,15,51.8135,1092.5,414.22,542.63,141.84,28.23,0.2604,9.965,0,13.9109934268448,0
"3065",2005,128,16,63.2135,645.633,259.07,334.865,92.725,27.96,0.2773,9.17,0,13.9109934340756,0
"3066",2005,128,17,74.5875,353.096,136.27,173.065,55.035,27.42,0.28905,8.825,0,13.9109933857044,0
"3067",2005,128,18,85.5095,60.398,25.565,26.365,10.625,25.695,0.32245,6.315,0,13.9109932601892,0
"3068",2005,128,19,96.189,0.828,0.325,0,0.125,23.16,0.4062,4.705,0,13.9373181185638,0
"3069",2005,128,20,105.634,0,0,0,0,21.295,0.4702,4.86,0,13.9452251221803,0
"3070",2005,128,21,113.553,0,0,0,0,20.02,0.5313,4.945,0,13.9455385092063,0
"3071",2005,128,22,119.293,0,0,0,0.045,19.5,0.56195,5.095,0,13.9456891193724,0
"3072",2005,128,23,122.176,0.023,0,0,0,18.39,0.6039,4.955,0,13.9458557761114,0
"3073",2005,129,0,121.7695,0,0,0,0,17.9,0.63015,5.08,0,13.9460298524028,0
"3074",2005,129,1,118.1385,0,0,0,0,17.995,0.64385,5.39,0,13.9461984885969,0
"3075",2005,129,2,111.805,0.023,0,0,0,17.92,0.66235,4.245,0,13.9463510429787,0
"3076",2005,129,3,103.4595,0.023,0,0,0,18.055,0.68025,3.12,0,13.9464783878286,0
"3077",2005,129,4,93.624,0.667,0.19,0,0.02,17.44,0.73275,3.525,0,13.9465766128438,0
"3078",2005,129,5,82.9325,13.892,4.98,2.58,1.175,17.67,0.7252,4.75,0,13.9469528390674,0
"3079",2005,129,6,71.8335,52.624,19.375,19.1,4.905,17.995,0.7292,4.915,0,13.8606578812869,0
"3080",2005,129,7,60.41,240.741,87.045,104.425,24.945,19.07,0.69405,5.9,0,13.8479926696755,0
"3081",2005,129,8,49.0425,456.619,166.58,204.29,48.45,20.77,0.64255,8.13,0,13.8477877442643,0
"3082",2005,129,9,38.219,407.813,150.215,183.455,43,21.075,0.6477,9.49,0,13.8477850335679,0
"3083",2005,129,10,28.931,344.816,119.44,144.28,32.845,20.915,0.6778,9.9,0,13.8477850198953,0
"3084",2005,129,11,23.348,352.636,120.585,144.94,33.465,19.85,0.75415,9.5,0,13.8477849897654,0
"3085",2005,129,12,24.1585,716.174,259.08,323.34,75.975,20.305,0.73495,8.725,0,13.8477850127117,0
"3086",2005,129,13,30.8745,1215.297,450.94,582.405,135.98,22.305,0.602,10.44,0,13.8477850671731,0
"3087",2005,129,14,40.656,957.973,366.055,466.895,112.26,23.385,0.52635,10.38,0,13.8477852133679,0
"3088",2005,129,15,51.6595,1083.438,401.495,524.315,131.29,24.545,0.47695,10.59,0,13.8477850384616,0
"3089",2005,129,16,63.0635,412.551,153.06,192.88,50.245,24.435,0.4634,10.96,0,13.8477850542614,0
"3090",2005,129,17,74.4325,240.166,90.095,108.21,29.73,23.795,0.48955,10.92,0,13.8477850008552,0
"3091",2005,129,18,85.317,45.471,16.72,14.725,4.45,22.54,0.55875,9.205,0,13.8477614261317,0
"3092",2005,129,19,96.007,0.828,0.315,0,0.415,21.31,0.6147,7.42,0,13.8611725654113,0
"3093",2005,129,20,105.432,0,0,0,0.08,19.685,0.6873,5.245,0,13.8651036431664,0
"3094",2005,129,21,113.328,0,0,0,0.005,18.28,0.75085,4.605,0,13.8653190849129,0
"3095",2005,129,22,119.0465,0.092,0,0,0,17.845,0.7855,5.575,0,13.8654693658347,0
"3096",2005,129,23,121.916,0.023,0,0,0.065,17.17,0.82125,5.205,0,13.8656390592072,0
"3097",2005,130,0,121.5085,0,0,0,0,16.445,0.86,5.015,0,13.865813407364,0
"3098",2005,130,1,117.889,0,0,0,0.01,16.53,0.8797,5.095,0,13.8659834407533,0
"3099",2005,130,2,111.5745,0,0,0,0.005,16.135,0.9045,4.845,0,13.8661374357477,0
"3100",2005,130,3,103.2515,0.023,0,0,0.02,15.745,0.92965,5.225,0,13.8662659140643,0
"3101",2005,130,4,93.4035,5.819,1.805,0.825,0.665,15.045,0.9521,4.57,0,13.8664810858383,0
"3102",2005,130,5,82.7615,156.768,58.505,68.76,25.275,15.185,0.9574,5.09,0,13.9048500493147,0
"3103",2005,130,6,71.668,493.12,186.49,241.04,72.12,17.265,0.88735,5.655,0,13.9036536027273,0
"3104",2005,130,7,60.2465,884.991578947368,340.86,445.345,116.275,20.47,0.72405,6.075,0,13.9036197787506,0
"3105",2005,130,8,48.8725,1234.088,485.925,633.361111111111,147.94,23.15,0.5614,7.115,0,13.9036192304275,0
"3106",2005,130,9,38.0315,1517.64222222222,610.81,802.645,170.72,25.18,0.4334,7.615,0,13.9036192884911,0
"3107",2005,130,10,28.7095,1705.128,690.325,913.227777777778,184.73,26.59,0.36915,8.415,0,13.9036195055576,0
"3108",2005,130,11,23.0935,1719.687,722.86,949.98,192.39,27.655,0.3474,8.435,0,13.9036193621675,0
"3109",2005,130,12,23.9145,1612.576,652.455,861.83,179.415,28.52,0.33015,7.59,0,13.9036192925243,0
"3110",2005,130,13,30.674,1332.436,530.945,704.74,153.845,29.18,0.31375,7.625,0,13.9036192639996,0
"3111",2005,130,14,40.4875,1405.553,557.715,743.3,173.305,30.005,0.2579,7.085,0,13.9036192496332,0
"3112",2005,130,15,51.5065,915.837,361.93,475.36,119.01,30.1,0.2652,5.615,0,13.9036192513735,0
"3113",2005,130,16,62.915,752.721,291.65,386.615,108.93,30.47,0.2464,4.565,0,13.9036192465165,0
"3114",2005,130,17,74.2815,374.049,144.915,186.005,62.11,30.245,0.2472,5.065,0,13.9036192488719,0
"3115",2005,130,18,85.165,75.417,28.91,30.445,11.215,28.74,0.29865,3.665,0,13.9036192611424,0
"3116",2005,130,19,95.828,0.805,0.46,0,0,26.175,0.3898,4.085,0,13.928469275569,0
"3117",2005,130,20,105.2325,0.046,0,0,0,23.96,0.49675,4.41,0,13.9396999046936,0
"3118",2005,130,21,113.105,0,0,0,0,22.385,0.56135,4.725,0,13.9401059819329,0
"3119",2005,130,22,118.8025,0,0,0,0,21.45,0.6144,4.575,0,13.9402569314271,0
"3120",2005,130,23,121.658,0.023,0,0,0,20.805,0.67295,4.805,0,13.940422977375,0
"3121",2005,131,0,121.2505,0.023,0,0,0,20.065,0.7313,4.315,0,13.9405976247318,0
"3122",2005,131,1,117.6465,0.046,0,0,0,19.59,0.7825,4.175,0,13.940768941533,0
"3123",2005,131,2,111.352,0.046,0,0,0,19.04,0.8229,3.545,0,13.9409246100904,0
"3124",2005,131,3,103.047,0.069,0,0,0,18.5,0.84775,3.385,0,13.9410543499058,0
"3125",2005,131,4,93.2265,2.76,0.985,0.2,0.125,18.235,0.86865,3.515,0,13.9411875582461,0
"3126",2005,131,5,82.595,66.562,26.78,29.595,7.775,18.955,0.8715,4.985,0,13.9615755977818,0
"3127",2005,131,6,71.507,170.085,67.38,81.49,20.205,20.225,0.84475,5.16,0,13.9571353819267,0
"3128",2005,131,7,60.088,524.101,221.68,278.095,68.705,22.215,0.78,5.915,0,13.9570122883631,0
"3129",2005,131,8,48.7095,885.592,348.635,442.865,105.35,24.415,0.69625,4.865,0,13.9570103376142,0
"3130",2005,131,9,37.849,1188.594,486.26,619.905,140.035,25.75,0.6456,3.37,0,13.9570103364605,0
"3131",2005,131,10,28.495,1299.523,518.83,662.475,143.785,26.805,0.6066,3.2,0,13.9570103009526,0
"3132",2005,131,11,22.8445,1511.629,606.805,777.93,163.93,27.615,0.57365,2.69,0,13.9570103160257,0
"3133",2005,131,12,23.6745,1116.719,441.68,561.275,125.165,28.01,0.549,3.105,0,13.9570103490988,0
"3134",2005,131,13,30.476,859.901,337.11,423.185,98.99,28.275,0.5235,2.905,0,13.9570104440356,0
"3135",2005,131,14,40.3215,822.917,328.685,410.75,95.86,28.7,0.4993,1.9,0,13.9570107128953,0
"3136",2005,131,15,51.356,668.357,264.375,330.705,80.17,29.235,0.47015,3.19,0,13.9570103299055,0
"3137",2005,131,16,62.768,478.009,179.815,235.925,65.18,20.25,0.60305,15.12,0,13.9570103354212,0
"3138",2005,131,17,74.13,185.863,69.97,87.43,25.135,15.905,0.68985,14.53,0,13.9570102704407,0
"3139",2005,131,18,85.0135,22.172,8.37,7.72,3.035,14.35,0.7286,7.5,0,13.9435158368044,0
"3140",2005,131,19,95.6495,0.115,0,0,0.445,13.42,0.7955,8.36,0,13.9152611213668,0
"3141",2005,131,20,105.0345,0.023,0,0,0.25,12.275,0.85945,10.78,0,13.9159570847315,0
"3142",2005,131,21,112.8855,0,0,0,0.305,11.645,0.87315,9.145,0,13.916091851591,0
"3143",2005,131,22,118.563,0.138,0,0,0.415,10.74,0.90725,8.105,0,13.9162424428141,0
"3144",2005,131,23,121.4075,0.368,0,0,0.005,10.395,0.94445,9.335,0,13.9164216441651,0
"3145",2005,132,0,121.001,0.299,0,0,0.015,11.17,0.9364,8.275,0.0105833333333333,13.9166164733821,0
"3146",2005,132,1,117.4075,0.322,0,0,0.09,11.085,0.9455,7.74,0.0105833333333333,13.9168045092733,0
"3147",2005,132,2,111.1325,0.23,0,0,0,11.85,0.93075,9.08,0.0105833333333333,13.916974112134,0
"3148",2005,132,3,102.8495,0,0,0,0.03,11.895,0.9076,9.66,0.0105833333333333,13.9171070266573,0
"3149",2005,132,4,93.0535,1.288,0.43,0,0.085,11.88,0.9177,8.09,0.0105833333333333,13.9172145305323,0
"3150",2005,132,5,82.4325,32.039,11.81,10.72,3.41,11.695,0.8934,8.335,0.0105833333333333,13.9283289282867,0
"3151",2005,132,6,71.3515,129.789,48.46,56.795,13.415,11.32,0.8826,7.37,0.0105833333333333,13.8911719317453,0
"3152",2005,132,7,59.935,390.287,150.1,185.245,42.175,11.485,0.853,7.6,0.0105833333333333,13.8900028911219,0
"3153",2005,132,8,48.551,801.274,311.46,395.72,91.735,12.14,0.8023,8.755,0.0105833333333333,13.8899839837478,0
"3154",2005,132,9,37.675,1189.675,460.64,594.21,137.025,13.22,0.73525,9.78,0.0105833333333333,13.889983721393,0
"3155",2005,132,10,28.2875,1634.058,638.1,834.345,178.7,15.015,0.7,8.06,0.0105833333333333,13.8899837776918,0
"3156",2005,132,11,22.5985,1823.601,718.205,938.665,190.375,16.645,0.67815,7.475,0.0105833333333333,13.8899839656613,0
"3157",2005,132,12,23.439,1597.971,628.015,819.115,165.295,18.21,0.65305,7.455,0.0105833333333333,13.8899838971915,0
"3158",2005,132,13,30.283,1625.456,640.225,834.85,171.82,19.695,0.6178,7.77,0.0105833333333333,13.8899837428743,0
"3159",2005,132,14,40.1595,1388.993,547.68,714.37,155.91,20.595,0.59735,7.37,0.0105833333333333,13.8899837641959,0
"3160",2005,132,15,51.2075,1136.50666666667,440.945,575.55,138.76,21.245,0.5901,6.775,0.0105833333333333,13.8899838037187,0
"3161",2005,132,16,62.6215,748.949,284.735,372.865,102.21,21.01,0.5964,8.78,0.0105833333333333,13.8899838266502,0
"3162",2005,132,17,73.9805,340.193,128.68,163.745,51.015,19.89,0.6115,9.445,0.0105833333333333,13.8899837457424,0
"3163",2005,132,18,79.83,107.64,51.3,58,18.8,18.7,0.629,9.9,0.0105833333333333,13.8899837127813,0
"3164",2005,132,19,NA,1.058,0.2175,0.215,0.4925,16.45,0.7254,6.2025,0.0105833333333333,13.9137978470948,0
"3165",2005,132,20,NA,0.0115,0,0,0.125,15.6625,0.759375,5.9875,0.0105833333333333,13.9320013408525,0
"3166",2005,132,21,NA,0,0,0,0.165,15.2125,0.77005,5.445,0.0105833333333333,13.9325942678429,0
"3167",2005,132,22,NA,0.069,0,0,0.21,13.975,0.82645,4.485,0.0105833333333333,13.9327487419535,0
"3168",2005,132,23,NA,0.184,0,0,0.0025,13.7425,0.844175,5.2275,0.0105833333333333,13.9329201922521,0
"3169",2005,133,0,NA,0.1495,0,0,0.0175,13.54,0.87325,5.735,0,13.9331038999848,0
"3170",2005,133,1,NA,0.161,0,0,0.0575,13.165,0.901625,5.555,0,13.933281781587,0
"3171",2005,133,2,NA,0.115,0,0,0,13.4175,0.90345,6.205,0,13.9334440147591,0
"3172",2005,133,3,NA,0,0,0,0.015,13.4875,0.9064,6.795,0,13.9335752607325,0
"3173",2005,133,4,NA,1.7825,0.4525,0.1225,0.1725,13.6025,0.915075,5.7275,0,13.9336921744188,0
"3174",2005,133,5,NA,38.5595,13.4675,13.9625,4.0275,13.3,0.881575,6.85,0,13.9516905348026,0
"3175",2005,133,6,NA,96.83,35.215,41.4575,9.915,12.59,0.867925,6.655,0,13.9320632340665,0
"3176",2005,133,7,NA,262.177,100.635,123.4275,28.1325,11.9575,0.8335,7.5475,0,13.9314311490674,0
"3177",2005,133,8,NA,487.8415,189.2375,238.77,54.9,12.0425,0.7696,7.355,0,13.9314208475443,0
"3178",2005,133,9,NA,886.2935,353.6125,455.365,104.475,12.995,0.716725,8.275,0,13.9314209644584,0
"3179",2005,133,10,NA,1361.2895,561.6775,730.9625,158.26,14.605,0.65245,7.79,0,13.9314207169876,0
"3180",2005,133,11,22.36,1744.389,664.205,877.995,191.42,28.185,0.4618,13.615,0,13.9314207532639,0
"3181",2005,133,12,23.208,1607.516,610.635,812.08,183.83,28.59,0.40845,14.52,0,13.9314208597845,0
"3182",2005,133,13,30.093,1564.621,594.2,790.755,183.685,28.595,0.39325,12.925,0,13.9314212022308,0
"3183",2005,133,14,39.9985,1340.992,498.435,670.37,164.07,28.595,0.3605,13.3,0,13.9314207489049,0
"3184",2005,133,15,51.061,1121.641,411.965,559.955,147.52,28.265,0.3872,12.545,0,13.9314207786013,0
"3185",2005,133,16,62.4795,459.701,162.48,218.56,59.53,26.435,0.4896,12.145,0,13.9314207981366,0
"3186",2005,133,17,73.8325,169.372,59.425,80.4,22.62,20.565,0.84355,7.665,0,13.9314207351361,0
"3187",2005,133,18,84.712,101.407,35.29,45.745,16.21,21.03,0.67025,6.41,0,13.9314206708974,0
"3188",2005,133,19,95.267,2.001,0.435,0.43,0.54,19.48,0.6553,4.045,0,13.9503056196904,0
"3189",2005,133,20,104.6475,0,0,0,0,19.05,0.6593,1.195,0,13.9660052060109,0
"3190",2005,133,21,112.457,0,0,0,0.025,18.78,0.66695,1.745,0,13.9665610815254,0
"3191",2005,133,22,118.0955,0,0,0,0.005,17.21,0.74565,0.865,0,13.9667124739087,0
"3192",2005,133,23,120.919,0,0,0,0,17.09,0.7439,1.12,0,13.9668765803505,0
"3193",2005,134,0,120.516,0,0,0,0.02,15.91,0.8101,3.195,0,13.9670494414609,0
"3194",2005,134,1,116.948,0,0,0,0.025,15.245,0.85775,3.37,0,13.967219144706,0
"3195",2005,134,2,110.7125,0,0,0,0,14.985,0.87615,3.33,0,13.9673740142441,0
"3196",2005,134,3,102.4685,0,0,0,0,15.08,0.9052,3.93,0,13.9675036456862,0
"3197",2005,134,4,92.689,2.277,0.475,0.245,0.26,15.325,0.91245,3.365,0,13.967630816526,0
"3198",2005,134,5,82.1235,45.08,15.125,17.205,4.645,14.905,0.86975,5.365,0,13.9898260125705,0
"3199",2005,134,6,71.054,63.871,21.97,26.12,6.415,13.86,0.85325,5.94,0,13.9787311153085,0
"3200",2005,134,7,59.6445,134.067,51.17,61.61,14.09,12.43,0.814,7.495,0,13.9783596178222,0
"3201",2005,134,8,48.252,174.409,67.015,81.82,18.065,11.945,0.7369,5.955,0,13.9783535645165,0
"3202",2005,134,9,37.3405,582.912,246.585,316.52,71.925,12.77,0.6982,6.77,0,13.9783534718154,0
"3203",2005,134,10,27.887,1088.521,485.255,627.58,137.82,14.195,0.6049,7.52,0,13.9783535406809,0
"3204",2005,134,11,22.127,1693.858,774.59,990.995,207.86,16.04,0.5152,7.415,0,13.9783537828817,0
"3205",2005,134,12,22.98,1695.79,769.455,993.995,212.78,18.4,0.41915,8.34,0,13.9783535621986,0
"3206",2005,134,13,29.9045,1570.003,704.065,919.285,206.285,19.955,0.3666,9.005,0,13.9783537056402,0
"3207",2005,134,14,39.841,1350.698,595.06,794.64,190.435,20.855,0.34455,9.985,0,13.9783534861322,0
"3208",2005,134,15,50.917,551.011,237.615,317.06,78.91,20.565,0.3638,11.41,0,13.9783534951203,0
"3209",2005,134,16,62.3375,398.935,169.295,226.025,59.83,20.01,0.39905,12.37,0,13.9783535019487,0
"3210",2005,134,17,73.686,274.988,113.6,156.425,47.445,16.9,0.516,13.445,0,13.9783534587169,0
"3211",2005,134,18,84.5625,72.105,30.345,41.61,16.54,15.225,0.4105,11.555,0,13.9783534311684,0
"3212",2005,134,19,95.097,1.955,0.07,0.135,0.95,12.91,0.43375,9.32,0,13.9902823957367,0
"3213",2005,134,20,104.4575,0,0,0,0.055,11.71,0.49425,7.115,0,13.9989754588096,0
"3214",2005,134,21,112.2475,0,0,0,0.025,10.685,0.5672,6.34,0,13.9993484658061,0
"3215",2005,134,22,117.8685,0,0,0,0.15,9.54,0.62105,6.2,0,13.9994964186197,0
"3216",2005,134,23,120.682,0.023,0,0,0.105,8.6,0.6684,5.315,0,13.9996606086423,0
"3217",2005,135,0,120.2795,0,0,0,0.015,7.785,0.6989,3.55,0,13.9998341965437,0
"3218",2005,135,1,116.7255,0,0,0,0.055,7.225,0.73975,3.93,0,14.0000039023379,0
"3219",2005,135,2,110.511,0,0,0,0.02,7.285,0.76655,4.475,0,14.0001588145946,0
"3220",2005,135,3,102.288,0.023,0,0,0.035,7.21,0.71845,5.675,0,14.000289786955,0
"3221",2005,135,4,92.531,6.555,2.535,2.135,1.35,6.655,0.7235,5.055,0,14.0005432272304,0
"3222",2005,135,5,81.977,95.266,43.5,55.87,16.055,7.525,0.72075,6.15,0,14.0371242083923,0
"3223",2005,135,6,70.913,417.611,183.375,245.365,69.185,8.615,0.7004,8.075,0,14.0352550804105,0
"3224",2005,135,7,59.5065,516.81,212.25,280.365,70.185,9.3,0.67215,8.44,0,14.0352002403247,0
"3225",2005,135,8,48.109,652.648,250.225,329.445,78.14,9.985,0.6346,8.285,0,14.0351993723749,0
"3226",2005,135,9,37.1825,657.616,248.75,328.49,77.835,10.6,0.60125,7.64,0,14.035199456272,0
"3227",2005,135,10,27.696,808.588,308.225,408.12,94.03,11.735,0.5457,7.485,0,14.0351993685439,0
"3228",2005,135,11,21.899,735.977,273.725,364.01,86.59,12.32,0.5151,7.42,0,14.0351993499254,0
"3229",2005,135,12,22.7585,797.364,298.2,394.7,92.455,12.89,0.48165,7.965,0,14.0351993575034,0
"3230",2005,135,13,29.7205,668.449,249.51,330.215,79.21,13.26,0.4695,8.075,0,14.0351993672879,0
"3231",2005,135,14,39.6835,758.816,287.99,383.545,93.715,13.565,0.45095,8.465,0,14.0351993850784,0
"3232",2005,135,15,50.774,762.082,291.1,389.84,96.6,13.44,0.4562,8.835,0,14.0351994190788,0
"3233",2005,135,16,62.197,420.026,159.395,210.94,53.015,12.99,0.46005,8.665,0,14.0351994381813,0
"3234",2005,135,17,73.542,196.121,74.4,96.825,23.76,12.655,0.4633,7.72,0,14.0351993657426,0
"3235",2005,135,18,84.4145,43.769,15.78,18.71,5.245,12.315,0.48055,6.68,0,14.0351313900564,0
"3236",2005,135,19,94.892,1.219,0.105,0,0.14,11.855,0.49765,5.37,0,14.0300802901499,0
"3237",2005,135,20,104.272,0,0,0,0,11.29,0.53795,4.38,0,14.0329135054546,0
"3238",2005,135,21,112.04,0.046,0,0,0,10.64,0.57055,3.84,0,14.0331121439605,0
"3239",2005,135,22,117.6465,0,0,0,0,10.295,0.59705,2.97,0,14.0332594392295,0
"3240",2005,135,23,120.45,0.023,0,0,0,9.835,0.61755,3.375,0,14.0334241746139,0
"3241",2005,136,0,120.0515,0.023,0,0,0.02,9.14,0.6387,3.575,0,14.0335984653508,0
"3242",2005,136,1,116.5115,0,0,0,0.16,8.325,0.675,3.17,0,14.0337688549644,0
"3243",2005,136,2,110.3135,0.046,0,0,0.055,7.245,0.7101,2.58,0,14.0339243523644,0
"3244",2005,136,3,102.1115,0,0,0,0.04,5.85,0.7579,2.42,0,14.0340550471208,0
"3245",2005,136,4,92.3415,9.131,3.05,2.705,0.905,4.46,0.81095,1.865,0,14.034459218913,0
"3246",2005,136,5,81.8335,175.26,68.735,89.32,29.59,5.225,0.7982,1.9,0,14.0731579481102,0
"3247",2005,136,6,70.7785,532.015555555555,206.1,273.985,80.51,8.095,0.7075,2.73,0,14.0720882951318,0
"3248",2005,136,7,59.3755,914.158,357.1,474.05,120.705,10.92,0.59475,1.77,0,14.072059017255,0
"3249",2005,136,8,47.9735,1213.871,480.955,633.62,144.47,12.15,0.49425,1.45,0,14.0720585389386,0
"3250",2005,136,9,37.0305,1578.927,638.21,833.99,175.115,13.21,0.4621,1.715,0,14.0720585947429,0
"3251",2005,136,10,27.5125,1808.789,741.305,964.785,190.845,14.4,0.4386,1.74,0,14.0720588025159,0
"3252",2005,136,11,21.677,1910.472,782.94,1021.65,199.385,15.45,0.41145,1.855,0,14.0720586855711,0
"3253",2005,136,12,22.5425,1787.629,726.005,952.855,192.505,16.36,0.3801,2.175,0,14.0720585765466,0
"3254",2005,136,13,29.5395,1666.672,666.37,881.67,193.165,17.415,0.3432,2.315,0,14.0720586517374,0
"3255",2005,136,14,39.5305,1280.71263157895,516.72,685.41,160.37,17.88,0.32695,1.97,0,14.072058863565,0
"3256",2005,136,15,50.6325,1248.739,482.705,645.675,162.625,18.47,0.3115,2.68,0,14.0720585668788,0
"3257",2005,136,16,62.0585,838.741,317.54,428.485,120.12,18.79,0.29725,2.225,0,14.0720585721983,0
"3258",2005,136,17,73.399,439.208,163.79,221.605,71.535,18.84,0.29415,1.865,0,14.0720584763735,0
"3259",2005,136,18,84.2675,104.328,36.665,48.04,17.335,18.025,0.33015,3.31,0,14.0720585454644,0
"3260",2005,136,19,94.7305,2.093,0.145,0.045,0.46,15.355,0.47455,5.145,0,14.0869041599314,0
"3261",2005,136,20,104.0875,0,0,0,0,13.86,0.53525,4.795,0,14.1016708992656,0
"3262",2005,136,21,111.839,0,0,0,0,12.65,0.59775,4.13,0,14.1022294189124,0
"3263",2005,136,22,117.4285,0.023,0,0,0,12.1,0.6351,4.32,0,14.1023813357247,0
"3264",2005,136,23,120.2245,0.023,0,0,0,11.405,0.6813,3.78,0,14.1025462808118,0
"3265",2005,137,0,119.8285,0.023,0,0,0,11.17,0.6834,3.605,0,14.1027196210977,0
"3266",2005,137,1,116.3005,0,0,0,0,10.64,0.71715,4.105,0,14.1028892386286,0
"3267",2005,137,2,110.1225,0,0,0,0,9.905,0.7557,4.22,0,14.1030430130335,0
"3268",2005,137,3,101.9405,0.046,0,0,0,9.5,0.7577,3.985,0,14.1031721440757,0
"3269",2005,137,4,92.196,11.799,4.865,5.595,1.95,9.35,0.76565,3.69,0,14.1038772531412,0
"3270",2005,137,5,81.6965,211.301,85.615,114.88,38.265,10.01,0.7613,2.675,0,14.1407891843561,0
"3271",2005,137,6,70.6475,540.316,204.67,274.855,82.145,12.89,0.6633,4.285,0,14.1398164179191,0
"3272",2005,137,7,59.248,932.742,357.18,478.845,125.48,15.195,0.57125,5.27,0,14.1397909276838,0
"3273",2005,137,8,47.842,1283.64352941176,509.06,675.895,158.425,16.59,0.48575,4.81,0,14.1397905248679,0
"3274",2005,137,9,36.885,1618.694,640.56,848.295,183.65,17.825,0.42425,4.935,0,14.1397905838813,0
"3275",2005,137,10,27.3345,1786.203,720.96,943.2,194.3,18.925,0.3905,5.225,0,14.1397908044679,0
"3276",2005,137,11,21.461,1917.602,774.475,1015.59,206.345,20.03,0.3626,5.52,0,14.1397906505322,0
"3277",2005,137,12,22.329,1874.638,753.895,991.59,204.04,20.975,0.3443,5.625,0,14.1397905985269,0
"3278",2005,137,13,29.3645,1766.377,704.165,930.34,198.74,21.53,0.3244,5.88,0,14.1397905434218,0
"3279",2005,137,14,39.38,1530.42,600.855,800.37,183.57,22.12,0.3062,6.21,0,14.1397905644397,0
"3280",2005,137,15,50.495,1202.21,463.67,622.38,155.975,22.395,0.29535,6.15,0,14.1397906046576,0
"3281",2005,137,16,61.921,865.375,328.18,442.805,123.54,22.53,0.2964,6.62,0,14.139790614455,0
"3282",2005,137,17,73.2575,487.347,181.405,246.89,79.475,22.255,0.3125,6.7,0,14.1397905387571,0
"3283",2005,137,18,84.123,123.97,43.85,58.27,22.73,21.22,0.34975,6.6,0,14.1397905090193,0
"3284",2005,137,19,94.5695,2.622,0.335,0.225,0.495,18.93,0.41875,4.465,0,14.1528177490103,0
"3285",2005,137,20,103.9055,0,0,0,0,16.98,0.48725,4.025,0,14.1700127146928,0
"3286",2005,137,21,111.639,0,0,0,0,15.78,0.5291,4.58,0,14.1706638778635,0
"3287",2005,137,22,117.2155,0,0,0,0,14.54,0.5645,3.665,0,14.1708166198126,0
"3288",2005,137,23,120.0035,0.023,0,0,0,13.13,0.6452,4.11,0,14.1709805156653,0
"3289",2005,138,0,119.6105,0.023,0,0,0,12.78,0.69025,3.905,0,14.1711534333788,0
"3290",2005,138,1,116.0965,0,0,0,0,12.17,0.7223,4.265,0,14.1713226162261,0
"3291",2005,138,2,109.9375,0.023,0,0,0,11.56,0.74295,4.39,0,14.1714767122533,0
"3292",2005,138,3,101.775,0.023,0,0,0,10.89,0.7723,3.855,0,14.1716051399021,0
"3293",2005,138,4,92.0565,8.832,2.815,2.04,0.845,10.385,0.7952,4.385,0,14.1719792915289,0
"3294",2005,138,5,81.5645,181.217,67.82,87.985,27.985,11.175,0.77755,4.145,0,14.2024677097656,0
"3295",2005,138,6,70.5235,560.28,217.84,292.015,86.095,14.8,0.6094,5.655,0,14.2012818744401,0
"3296",2005,138,7,59.127,879.497,344.715,461.865,121.34,17.45,0.51,6.9,0,14.2012517901951,0
"3297",2005,138,8,47.7175,1318.912,512.13,679.23,161.11,19.845,0.4474,7.525,0,14.201251307318,0
"3298",2005,138,9,36.744,1469.171,575.835,760.18,170.25,21.87,0.38135,6.3,0,14.2012513631206,0
"3299",2005,138,10,27.1625,1549.763,608.825,798.79,168.695,22.66,0.352,5.665,0,14.2012515691133,0
"3300",2005,138,11,21.2515,1925.192,769.935,1007,204.01,23.79,0.3297,6.415,0,14.2012514572175,0
"3301",2005,138,12,22.121,1780.384,703.76,929.125,193.265,24.555,0.31165,6.2,0,14.2012513415971,0
"3302",2005,138,13,29.1905,1707.014,665.54,882.94,192.615,25.435,0.30225,6.44,0,14.2012514070938,0
"3303",2005,138,14,39.231,774.18,290.04,382.925,91.26,25.26,0.30065,6.305,0,14.2012515876974,0
"3304",2005,138,15,50.3565,785.68,298.315,394.235,97.21,25.535,0.3063,6.635,0,14.2012513386773,0
"3305",2005,138,16,61.785,386.607,144.85,188.1,47.195,25.32,0.3094,6.4,0,14.2012513422641,0
"3306",2005,138,17,73.119,235.727,89.945,116.235,30.655,24.92,0.32415,7.215,0,14.2012512091027,0
"3307",2005,138,18,83.978,62.123,22.885,27.28,7.95,23.86,0.36465,6.405,0,14.2012512662238,0
"3308",2005,138,19,94.374,1.242,0.09,0,0.14,22.395,0.41735,5.68,0,14.2054439520006,0
"3309",2005,138,20,103.728,0,0,0,0,21.18,0.46025,5.35,0,14.2112447968501,0
"3310",2005,138,21,111.4455,0,0,0,0.005,20.335,0.5056,6.215,0,14.2115444477396,0
"3311",2005,138,22,117.005,0,0,0,0,20.615,0.4972,5.73,0,14.2116918955595,0
"3312",2005,138,23,119.787,0,0,0,0.09,20.355,0.51775,5.56,0,14.2118554298728,0
"3313",2005,139,0,119.3975,0,0,0,0,19.525,0.56145,2.935,0.783166666666667,14.2120269115645,0
"3314",2005,139,1,115.897,0,0,0,0.245,18.325,0.6538,4.645,0.783166666666667,14.2121946313779,0
"3315",2005,139,2,109.7575,0,0,0,0.025,17.56,0.75585,6.54,0.783166666666667,14.2123475097784,0
"3316",2005,139,3,101.615,0,0,0,0.07,17.56,0.7885,7.74,0.783166666666667,14.2124746989163,0
"3317",2005,139,4,91.919,0.391,0,0,0.11,18.13,0.78195,6.985,0.783166666666667,14.2125715150206,0
"3318",2005,139,5,81.437,3.013,0.485,0,0.27,17.035,0.8798,4.42,0.783166666666667,14.2126470757151,0
"3319",2005,139,6,70.4035,10.626,2.315,0.58,0.57,16.64,0.96325,5.45,0.783166666666667,14.2125143287558,0
"3320",2005,139,7,59.0105,87.906,29.4,32.975,7.23,16.785,0.96345,4.22,0.783166666666667,14.0238085062231,0
"3321",2005,139,8,47.5975,342.562,127.415,159.015,34.61,17.52,0.9461,5.21,0.783166666666667,14.0157458492742,0
"3322",2005,139,9,36.6105,778.872,298.095,381.055,82.395,19.06,0.9292,6.91,0.783166666666667,14.0156384755224,0
"3323",2005,139,10,26.998,1479.728,568.68,741.09,157.935,21.57,0.84645,8.055,0.783166666666667,14.0156372664993,0
"3324",2005,139,11,21.049,1626.514,635.925,832.25,175.11,22.86,0.7796,7.35,0.783166666666667,14.0156372511453,0
"3325",2005,139,12,21.9165,1593.026,617.065,811.53,174.725,24.28,0.74205,6.42,0.783166666666667,14.0156371683682,0
"3326",2005,139,13,29.02,1617.521,626.855,826.275,177.59,25.835,0.59625,6.485,0.783166666666667,14.0156371828505,0
"3327",2005,139,14,39.0865,1455.233,556.465,736.7,166.95,26.69,0.47975,6.44,0.783166666666667,14.0156372111827,0
"3328",2005,139,15,50.222,1192.182,445.805,598.035,149.185,27.145,0.42415,7.57,0.783166666666667,14.015637268316,0
"3329",2005,139,16,61.653,813.073,297.52,400.725,110.58,27.28,0.40345,6.15,0.783166666666667,14.0156372160294,0
"3330",2005,139,17,72.981,317.676,112.785,150.095,43.66,26.505,0.42315,4.22,0.783166666666667,14.0156371833556,0
"3331",2005,139,18,83.837,43.24,17.8166666666667,18.53,4.235,24.56,0.50885,2.09,0.783166666666667,14.0155870757804,0
"3332",2005,139,19,94.2185,0.46,0,0,2.01,18.285,0.80805,10.375,0.783166666666667,14.0039970937889,0
"3333",2005,139,20,103.553,0.023,0,0,0.13,16.9,0.87955,4.735,0.783166666666667,14.0064855169298,0
"3334",2005,139,21,111.2535,0.138,0,0,0.08,16.485,0.92175,3.44,0.783166666666667,14.0066776717347,0
"3335",2005,139,22,116.8015,0,0,0,0.015,16.01,0.9335,2.94,0.783166666666667,14.0068262114504,0
"3336",2005,139,23,119.5765,0,0,0,0,15.355,0.95905,2.07,0.783166666666667,14.0069896895591,0
"3337",2005,140,0,119.1895,0,0,0,0.02,14.69,0.97855,2.1,0.0105833333333333,14.007162827557,0
"3338",2005,140,1,115.706,0,0,0,0,14.055,0.9908,2.585,0.0105833333333333,14.0073326619705,0
"3339",2005,140,2,109.5855,0,0,0,0.015,13.86,0.9956,3.14,0.0105833333333333,14.0074883727547,0
"3340",2005,140,3,101.4605,0,0,0,0.05,14.26,0.98995,6.49,0.0105833333333333,14.0076189835612,0
"3341",2005,140,4,91.7505,5.658,1.535,0.985,0.615,14.255,0.975166666666667,7.875,0.0105833333333333,14.0078360374507,0
"3342",2005,140,5,81.317,59.616,21.67,25.655,6.21,14.11,0.9712,7.74,0.0105833333333333,14.0397222875442,0
"3343",2005,140,6,70.289,317.078,121.45,157.14,38.725,14.4,0.951,7.775,0.0105833333333333,14.0352365644377,0
"3344",2005,140,7,58.9,341.458,127.755,163.285,35.985,14.655,0.93345,9.17,0.0105833333333333,14.0351007218123,0
"3345",2005,140,8,47.4835,339.043,121.845,157.54,35.965,14.195,0.95825,8.965,0.0105833333333333,14.0350985281678,0
"3346",2005,140,9,36.4835,360.433,129.08,165.555,37.26,14.335,0.9523,6.75,0.0105833333333333,14.035098510903,0
"3347",2005,140,10,26.8385,441.186,157.595,202.495,45.14,15.135,0.8946,5.42,0.0105833333333333,14.0350984953827,0
"3348",2005,140,11,20.8495,633.88,231.445,299.055,67.12,16.205,0.8512,5.765,0.0105833333333333,14.0350985089672,0
"3349",2005,140,12,21.719,554.047,199.245,259.44,57.41,16.64,0.82885,6.63,0.0105833333333333,14.0350984922651,0
"3350",2005,140,13,28.853,445.487,158.085,203.955,45.395,16.735,0.8243,6.4,0.0105833333333333,14.0350985007269,0
"3351",2005,140,14,38.9415,305.877,107.145,136.83,30.57,16.625,0.83825,6.855,0.0105833333333333,14.0350985131979,0
"3352",2005,140,15,50.088,667.943,255.345,330.675,77.375,17.585,0.7973,4.935,0.0105833333333333,14.0350985344819,0
"3353",2005,140,16,61.52,301.001,111.935,144.7,33.74,17.875,0.81065,4.935,0.0105833333333333,14.0350985484953,0
"3354",2005,140,17,72.8445,396.727,150.235,199.465,60.585,18.37,0.80485,4.61,0.0105833333333333,14.0350984951556,0
"3355",2005,140,18,83.6975,91.264,32.68,42.195,12.76,18.305,0.82865,3.405,0.0105833333333333,14.0350984557276,0
"3356",2005,140,19,94.0675,3.174,0.6,0.4,0.44,17.635,0.8505,3.775,0.0105833333333333,14.0460409541398,0
"3357",2005,140,20,103.381,0,0,0,0.25,16.66,0.81855,5.065,0.0105833333333333,14.0578993573579,0
"3358",2005,140,21,111.067,0,0,0,0.095,15.305,0.81255,4.225,0.0105833333333333,14.0583914737903,0
"3359",2005,140,22,116.602,0,0,0,0,14.495,0.82065,3.65,0.0105833333333333,14.0585406506423,0
"3360",2005,140,23,119.37,0,0,0,0.125,12.91,0.8867,3.545,0.0105833333333333,14.0587037043911,0
"3361",2005,141,0,118.992,0.115,0,0,0.095,11.685,0.91905,3.52,0.0105833333333333,14.0588787694208,0
"3362",2005,141,1,115.5195,0.023,0,0,0.01,11.045,0.92105,3.295,0.0105833333333333,14.0590528017976,0
"3363",2005,141,2,109.417,0,0,0,0,10.535,0.9212,2.79,0.0105833333333333,14.0592089493359,0
"3364",2005,141,3,101.3125,0,0,0,0,10.16,0.91935,3.07,0.0105833333333333,14.0593393977972,0
"3365",2005,141,4,91.6255,15.755,5.56,6.485,2.795,10.3,0.8888,2.405,0.0105833333333333,14.0611748492543,0
"3366",2005,141,5,81.2,210.427,75.12,97.85,33.22,10.3,0.8955,2.785,0.0105833333333333,14.1084498272981,0
"3367",2005,141,6,70.181,570.423,216.745,285.4,83.72,13.36,0.80405,2.965,0.0105833333333333,14.1076599361784,0
"3368",2005,141,7,58.7945,889.985,342.97,456.645,116.845,15.855,0.7253,3.37,0.0105833333333333,14.1076374868673,0
"3369",2005,141,8,47.3755,1270.796,499.34,657.284210526316,154.205,17.46,0.69245,3.58,0.0105833333333333,14.1076371296807,0
"3370",2005,141,9,36.361,1613.657,647.56,845.245,179.745,18.92,0.6071,3.455,0.0105833333333333,14.1076371938949,0
"3371",2005,141,10,26.6875,1791.516,726.655,941.115,187.19,20.22,0.5047,2.785,0.0105833333333333,14.1076374378824,0
"3372",2005,141,11,20.658,1729.554,696.185,906.465,182.72,21.025,0.37055,4.145,0.0105833333333333,14.1076372273351,0
"3373",2005,141,12,21.524,1816.218,726.795,945.695,194.285,21.925,0.3374,3.565,0.0105833333333333,14.1076373700428,0
"3374",2005,141,13,28.6905,1295.498,500.08,658.09,146.705,22.09,0.3281,4.17,0.0105833333333333,14.1076371767554,0
"3375",2005,141,14,38.8015,663.136,242.995,317.51,74.95,21.8,0.36065,4.07,0.0105833333333333,14.1076371419604,0
"3376",2005,141,15,49.956,620.747,228.54,297.94,71.765,21.585,0.3718,5.13,0.0105833333333333,14.1076371469405,0
"3377",2005,141,16,61.3915,320.39,116.785,150.395,35.74,21.045,0.39845,4.225,0.0105833333333333,14.1076371506142,0
"3378",2005,141,17,72.7115,67.367,23.185,28.03,6.66,20.665,0.41145,2.655,0.0105833333333333,14.1076371561418,0
"3379",2005,141,18,83.5595,27.968,9.875,10.665,2.735,19.505,0.5301,2.91,0.0105833333333333,14.0853432365428,0
"3380",2005,141,19,93.916,1.38,0.245,0.045,0.045,18.52,0.6304,3.21,0.0105833333333333,14.0605969383274,0
"3381",2005,141,20,103.212,0,0,0,0.015,18.335,0.6238,2.965,0.0105833333333333,14.0613238513942,0
"3382",2005,141,21,110.884,0,0,0,0,17.54,0.6918,2.17,0.0105833333333333,14.0614597886451,0
"3383",2005,141,22,116.407,0,0,0,0.005,16.965,0.73725,2.96,0.0105833333333333,14.0616055790577,0
"3384",2005,141,23,119.171,0,0,0,0,16.24,0.7778,3.25,0.0105833333333333,14.0617702836506,0
"3385",2005,142,0,118.798,0,0,0,0,15.96,0.79425,2.49,0,14.0619429927229,0
"3386",2005,142,1,115.3385,0,0,0,0,15.625,0.81605,2.65,0,14.0621127340269,0
"3387",2005,142,2,109.2545,0,0,0,0,15.835,0.81775,2.86,0,14.0622668367589,0
"3388",2005,142,3,101.168,0,0,0,0,15.69,0.8127,2.94,0,14.0623954481365,0
"3389",2005,142,4,91.5055,12.42,4.555,5.25,1.66,15.565,0.83285,2.64,0,14.0632012715463,0
"3390",2005,142,5,81.0885,104.052,39.75,49.065,12.17,15.68,0.841,4.025,0,14.0983882344597,0
"3391",2005,142,6,70.076,318.527,119.325,153.24,38.185,16.785,0.78805,4.37,0,14.0968432828303,0
"3392",2005,142,7,58.6945,897.414,339.6,448.1,114.275,19.34,0.7046,5.665,0,14.0968020369729,0
"3393",2005,142,8,47.2715,1237.239,473.955,622.715,143.04,20.845,0.70265,7.385,0,14.0968013842922,0
"3394",2005,142,9,36.244,1490.055,579.6,755.51,161.805,21.945,0.6845,8.04,0,14.0968014715416,0
"3395",2005,142,10,26.541,1708.279,675.17,875.495,179.075,23.125,0.6631,8.785,0,14.0968018121152,0
"3396",2005,142,11,20.4715,1512.756,590.12,767.36,158.27,24.26,0.6441,9.355,0,14.0968014261768,0
"3397",2005,142,12,21.3355,1276.822,494.55,644.705,141.065,25.14,0.60175,10.845,0,14.0968015517326,0
"3398",2005,142,13,28.53,1320.085,508.965,663.275,142.86,25.865,0.5402,10.38,0,14.0968019610505,0
"3399",2005,142,14,38.6625,1517.448,585.57,776.235,177.93,27.075,0.39135,10.625,0,14.0968014042331,0
"3400",2005,142,15,49.828,1243.725,472.73,636.29,160.575,27.76,0.26075,11.195,0,14.0968014254701,0
"3401",2005,142,16,61.264,835.544,311.955,422.765,118.185,27.665,0.2088,10.285,0,14.0968014330701,0
"3402",2005,142,17,72.58,411.286,149.295,202.72,64.19,26.945,0.1701,10.34,0,14.0968013849145,0
"3403",2005,142,18,83.424,110.699,40.64,52.945,18.46,25.09,0.22195,7.03,0,14.0968012655426,0
"3404",2005,142,19,93.7325,5.037,1.325,1.455,1.23,22.46,0.295,4.315,0,14.1124397195388,0
"3405",2005,142,20,103.0475,0,0,0,0,20.62,0.3414,4.205,0,14.1298174075944,0
"3406",2005,142,21,110.7055,0,0,0,0,19.42,0.4188,4.11,0,14.1304565127464,0
"3407",2005,142,22,116.2175,0,0,0,0,18.395,0.4986,3.24,0,14.1306092853346,0
"3408",2005,142,23,118.9775,0,0,0,0,17.185,0.57155,3.83,0,14.1307729406472,0
"3409",2005,143,0,118.609,0,0,0,0,15.965,0.63895,3.59,0,14.1309447424966,0
"3410",2005,143,1,115.1635,0,0,0,0,14.535,0.7016,3.785,0,14.1311129684601,0
"3411",2005,143,2,109.099,0,0,0,0,14,0.7331,3.975,0,14.1312668067819,0
"3412",2005,143,3,101.031,0,0,0,0,13.975,0.73165,4.13,0,14.1313946172833,0
"3413",2005,143,4,91.391,15.364,4.76,4.445,2.27,14.135,0.7265,4.395,0,14.1329760034097,0
"3414",2005,143,5,80.982,213.141,78.815,101.6,34.655,14.935,0.7025,5.905,0,14.1694054843953,0
"3415",2005,143,6,69.979,582.797,218.315,288.54,83.355,17.415,0.60585,7.17,0,14.1684762641113,0
"3416",2005,143,7,58.6,988.264,380.27,498.67,124.365,20.2,0.5022,7.765,0,14.1684524460001,0
"3417",2005,143,8,47.1735,1351.595,533.62,694.095,153.265,23.135,0.3734,10.205,0,14.1684520754931,0
"3418",2005,143,9,36.1345,1646.892,663.61,857.3,171.385,24.15,0.3104,13.625,0,14.1684521388029,0
"3419",2005,143,10,26.401,1847.107,748.32,966.465,184.35,24.965,0.28615,14.56,0,14.1684523773847,0
"3420",2005,143,11,20.2925,1940.993,783,1017.66,194.62,25.25,0.2935,14.06,0,14.1684521782511,0
"3421",2005,143,12,21.1515,1939.36,775.17,1018.55,203.54,25.73,0.2759,14.135,0,14.1684522587956,0
"3422",2005,143,13,28.374,1705.749,670.09,889.07,190.315,26.33,0.24995,14.69,0,14.1684521019563,0
"3423",2005,143,14,38.5285,1462.294,562.36,753.835,173.535,26.055,0.2626,13.715,0,14.1684521395731,0
"3424",2005,143,15,49.7025,1234.663,467.185,620.435,157.58,25.445,0.292,12.035,0,14.1684522151144,0
"3425",2005,143,16,61.137,777.653,286.87,389.305,107.085,24.685,0.3105,10.975,0,14.1684520986127,0
"3426",2005,143,17,72.45,429.387,155.205,211.845,67.715,23.705,0.33705,10.445,0,14.1684520437409,0
"3427",2005,143,18,83.288,146.878,50.56,68.77,28.17,22.505,0.3718,8.45,0,14.1684520464153,0
"3428",2005,143,19,93.59,5.497,0.85,0.815,1.32,20.57,0.4518,5.82,0,14.1809228471953,0
"3429",2005,143,20,102.8865,0,0,0,0.5,18.425,0.59315,7.41,0,14.2023741241353,0
"3430",2005,143,21,110.5305,0,0,0,0.49,16.045,0.70295,7.155,0,14.2031638794566,0
"3431",2005,143,22,116.033,0,0,0,0.405,14.03,0.7689,5.285,0,14.2033188539317,0
"3432",2005,143,23,118.789,0,0,0,0.16,12.71,0.81095,3.56,0,14.2034819177931,0
"3433",2005,144,0,118.4275,0,0,0,0.05,11.875,0.84815,3.525,0,14.2036534390206,0
"3434",2005,144,1,114.9965,0.161,0,0,0.065,11.285,0.8817,4.71,0,14.2038249475814,0
"3435",2005,144,2,108.95,0.023,0,0,0.01,11.35,0.907,6.175,0,14.2039835215096,0
"3436",2005,144,3,100.901,0,0,0,0.145,11.475,0.91645,6.23,0,14.2041113205526,0
"3437",2005,144,4,91.244,5.75,1.425,0.85,0.535,11.225,0.93845,6.095,0,14.2043224212074,0
"3438",2005,144,5,80.88,93.334,34.575,43.425,10.955,11.18,0.945,6.5,0,14.2245626228633,0
"3439",2005,144,6,69.884,555.818,208.215,281.005,81.855,12.49,0.8358,5.985,0,14.2220721634339,0
"3440",2005,144,7,58.511,979.775789473684,370.995,500.415,128.965,14.25,0.66375,6.42,0,14.2220092419261,0
"3441",2005,144,8,47.0825,1336.507,518.955,688.13,157.195,15.565,0.61255,6.475,0,14.2220082625283,0
"3442",2005,144,9,36.031,1636.312,651.9,850.74,177.2,17.025,0.5561,7.045,0,14.2220083189264,0
"3443",2005,144,10,26.268,1639.9,659.845,856.15,170.615,18.165,0.50085,6.765,0,14.2220082698361,0
"3444",2005,144,11,20.119,1777.992,717.305,928.42,181.18,18.96,0.4814,7.075,0,14.2220083497222,0
"3445",2005,144,12,20.973,1582.722,633.095,822.66,166.38,19.71,0.44715,6.585,0,14.2220086236811,0
"3446",2005,144,13,28.2215,1409.302,560.16,730.855,155.39,20.48,0.4104,6.995,0,14.2220082999988,0
"3447",2005,144,14,38.3955,1229.718,481.895,631.185,140.185,20.96,0.38295,7.1,0,14.2220083872923,0
"3448",2005,144,15,49.576,1178.681,456.785,605.585,146.505,21.4,0.3634,7.285,0,14.2220083497358,0
"3449",2005,144,16,61.0145,866.341,325.815,437.86,119.725,21.455,0.35315,6.95,0,14.2220082651915,0
"3450",2005,144,17,72.322,483.161,179.415,244.265,77.33,21.275,0.3662,7.12,0,14.2220082645563,0
"3451",2005,144,18,83.157,140.024,48.875,65.935,25.745,20.155,0.40335,7.72,0,14.222008239076,0
"3452",2005,144,19,93.4495,5.083,0.81,0.62,0.895,18.165,0.45915,7.485,0,14.2321462711528,0
"3453",2005,144,20,102.7275,0,0,0,0.2,16.57,0.47625,6.675,0,14.2508564131338,0
"3454",2005,144,21,110.3605,0,0,0,0.115,15.04,0.5953,6.275,0,14.2515971867786,0
"3455",2005,144,22,115.852,0,0,0,0.02,13.96,0.65935,5.755,0,14.2517509438693,0
"3456",2005,144,23,118.608,0,0,0,0,12.865,0.7124,3.89,0,14.251913489462,0
"3457",2005,145,0,118.2505,0,0,0,0.03,11.9,0.75265,3.465,0,14.2520846975062,0
"3458",2005,145,1,114.835,0,0,0,0.065,10.695,0.8005,3.16,0,14.2522524186591,0
"3459",2005,145,2,108.8065,0,0,0,0,10.13,0.83135,2.9,0,14.2524053266957,0
"3460",2005,145,3,100.775,0,0,0,0.025,9.79,0.85045,2.9,0,14.2525327558275,0
"3461",2005,145,4,91.1415,18.009,5.615,5.91,2.83,9.405,0.86985,2.66,0,14.2555069923646,0
"3462",2005,145,5,80.785,223.537,82.515,106.78,36.73,11.27,0.82425,3.78,0,14.2881046225917,0
"3463",2005,145,6,69.7955,600.53,223.605,301.59,89.66,13.33,0.7196,6.085,0,14.2871786547015,0
"3464",2005,145,7,58.426,988.149,376.68,505.04,130.99,14.955,0.5906,5.82,0,14.2871559675745,0
"3465",2005,145,8,46.9975,1356.586,532.135,705.22,162.975,16.41,0.5055,5.205,0,14.2871556228229,0
"3466",2005,145,9,35.9315,1519.863,609.85,796.045,166.15,17.55,0.4506,3.74,0,14.2871556933246,0
"3467",2005,145,10,26.142,1681.415,680.825,886.545,175.09,18.18,0.42955,4.74,0,14.2871559615868,0
"3468",2005,145,11,19.953,1829.19,747.795,967.46,185.61,19.3,0.4103,4.105,0,14.287155698873,0
"3469",2005,145,12,20.7995,1493.459,602.805,784.62,156.225,20.13,0.3864,3.71,0,14.2871559067221,0
"3470",2005,145,13,28.0715,1755.705,708.95,923.495,194.13,21.02,0.368,4.19,0,14.2871557075835,0
"3471",2005,145,14,38.2645,1376.182,544.14,714.71,163.025,21.59,0.3515,3.74,0,14.2871557495676,0
"3472",2005,145,15,49.4545,1026.835,400.08,528.875,128.59,21.595,0.3467,4.03,0,14.2871556451811,0
"3473",2005,145,16,60.893,462.346,177.005,231.095,57.595,21.15,0.3629,3.945,0,14.2871556476931,0
"3474",2005,145,17,72.1975,372.094,139.995,183.845,51.695,20.88,0.3708,4.05,0,14.2871555506366,0
"3475",2005,145,18,83.027,116.748,45.085,58.89,19.96,20.315,0.4034,3.105,0,14.287155622677,0
"3476",2005,145,19,93.273,5.52,1.74,1.715,0.645,19.33,0.4425,2.51,0,14.2957543440309,0
"3477",2005,145,20,102.572,0,0,0,0,18.045,0.4934,1.8,0,14.3107806263689,0
"3478",2005,145,21,110.1945,0,0,0,0,16.6,0.54495,3.325,0,14.31142368323,0
"3479",2005,145,22,115.6775,0,0,0,0,15.6,0.5748,3.685,0,14.3115757684517,0
"3480",2005,145,23,118.43,0,0,0,0,14.945,0.6016,3.025,0,14.311738236921,0
"3481",2005,146,0,118.081,0,0,0,0,14.855,0.6169,3.39,0,14.3119087434593,0
"3482",2005,146,1,114.678,0.023,0,0,0,14.05,0.66475,2.785,0,14.3120759120485,0
"3483",2005,146,2,108.6675,0.023,0,0,0,13.13,0.711,2.575,0,14.3122303112808,0
"3484",2005,146,3,100.6555,0.023,0,0,0,12.82,0.7342,3.36,0,14.3123583314994,0
"3485",2005,146,4,91.0425,9.683,3.91,3.43,1.3,12.24,0.77175,2.935,0,14.3127948015876,0
"3486",2005,146,5,80.6945,123.326,48.38,60.095,15.005,13.425,0.74845,2.99,0,14.3340219680872,0
"3487",2005,146,6,69.7135,296.24,112.545,142.145,33.765,15.695,0.65255,4.715,0,14.3323297660476,0
"3488",2005,146,7,58.347,415.748,157,201.24,46.765,17.505,0.58155,5.71,0,14.3322890518134,0
"3489",2005,146,8,46.9165,697.797,264.38,345.29,80.645,18.71,0.55715,6.26,0,14.3322884527203,0
"3490",2005,146,9,35.8375,273.217,92.02,117.575,26.565,17.83,0.62335,5.28,0,14.3322885897744,0
"3491",2005,146,10,26.022,1067.384,409.48,531.855,117.505,18.27,0.6688,5.485,0,14.3322884242367,0
"3492",2005,146,11,19.7925,1839.862,739.805,956.805,185.675,20.57,0.5437,5.95,0,14.3322884467869,0
"3493",2005,146,12,20.63,1966.776,796.66,1028.745,197.495,22.3,0.3845,6.34,0,14.3322885097212,0
"3494",2005,146,13,27.9265,1748.23,697.175,908.79,186.005,23.01,0.3168,6.6,0,14.3322887050033,0
"3495",2005,146,14,38.1365,1595.579,625.425,825.75,184.43,23.405,0.2903,6.595,0,14.3322884763749,0
"3496",2005,146,15,49.334,1277.397,488.35,654.73,162.09,23.325,0.28235,7.285,0,14.3322885350032,0
"3497",2005,146,16,60.7735,902.957,336.205,456.3,126.775,23.58,0.27635,6.62,0,14.3322884483628,0
"3498",2005,146,17,72.0745,475.709,171.96,234.06,74.56,23.535,0.2703,6.375,0,14.3322884234408,0
"3499",2005,146,18,82.8995,146.418,49.865,67.085,26.45,22.71,0.28015,6.02,0,14.332288438694,0
"3500",2005,146,19,93.1385,6.302,1.105,0.945,0.745,20.545,0.32615,3.9,0,14.3392007271098,0
"3501",2005,146,20,102.4225,0,0,0,0,18.75,0.38295,3.635,0,14.3567877185287,0
"3502",2005,146,21,110.0325,0,0,0,0,17.925,0.41565,3.23,0,14.3575507162833,0
"3503",2005,146,22,115.509,0,0,0,0,16.69,0.463,3.075,0,14.3577045071035,0
"3504",2005,146,23,118.2585,0.023,0,0,0,14.82,0.5274,2.82,0,14.3578669801246,0
"3505",2005,147,0,117.9165,0.115,0,0,0,13.915,0.5717,3.81,0,14.3580409133227,0
"3506",2005,147,1,114.53,0.023,0,0,0,13.8,0.5945,3.855,0,14.3582123122597,0
"3507",2005,147,2,108.5355,0.069,0,0,0,13.885,0.60625,4.115,0,14.3583666284995,0
"3508",2005,147,3,100.541,0.115,0,0,0.01,13.31,0.64205,4.115,0,14.358497218166,0
"3509",2005,147,4,90.9485,17.618,5.93,5.805,2.615,12.74,0.678,3.375,0,14.3611689779238,0
"3510",2005,147,5,80.6075,246.859,94.345,123.33,40.95,13.49,0.6674,3.83,0,14.3882265056551,0
"3511",2005,147,6,69.6355,507.403,191.885,252.31,67.86,15.995,0.57425,5.45,0,14.3872547641537,0
"3512",2005,147,7,58.274,791.384,298.89,396.515,99.71,17.235,0.50505,7.29,0,14.3872319390837,0
"3513",2005,147,8,46.839,1273.51,492.305,643.505,144.06,18.37,0.46035,7.345,0,14.3872315961936,0
"3514",2005,147,9,35.7515,1659.772,654.83,849.02,170.415,19.755,0.4144,7.54,0,14.3872316660856,0
"3515",2005,147,10,25.907,1872.844,751.12,967.7,181.7,21.005,0.35205,7.835,0,14.3872319310394,0
"3516",2005,147,11,19.6395,1978.529,794.595,1027.95,192.425,22.15,0.3015,8.01,0,14.3872316741779,0
"3517",2005,147,12,20.4675,1862.54,737.245,966.12,194.75,22.735,0.2779,9.61,0,14.3872318864099,0
"3518",2005,147,13,27.786,1438.351,558.86,738.33,163.97,23.09,0.26615,9.185,0,14.3872316748998,0
"3519",2005,147,14,38.012,951.188,361.195,477.935,113.02,23.23,0.26475,9.655,0,14.3872317654674,0
"3520",2005,147,15,49.2165,1044.936,390.55,523.625,131.46,23.4,0.26415,9.41,0,14.3872316096485,0
"3521",2005,147,16,60.656,429.157,159.05,207.045,51.5,23.105,0.2724,9.04,0,14.3872316124537,0
"3522",2005,147,17,71.954,130.41,45.295,58.51,15.565,21.135,0.3348,7.54,0,14.387231600003,0
"3523",2005,147,18,82.7755,41.331,13.605,15.77,5.055,19.26,0.4277,8.1,0,14.3869481835536,0
"3524",2005,147,19,93.0085,1.633,0.12,0,0.415,18.31,0.48115,6.78,0,14.3675242066288,0
"3525",2005,147,20,102.275,0,0,0,0.07,17.925,0.51515,6.03,0,14.3694455317279,0
"3526",2005,147,21,109.876,0,0,0,0.03,17.33,0.5908,6.11,0,14.3696276676257,0
"3527",2005,147,22,115.343,0.023,0,0,0.325,16.455,0.6334,6.08,0,14.3697736139881,0
"3528",2005,147,23,118.0935,0,0,0,0.205,14.91,0.689,5.005,0,14.3699373483906,0
"3529",2005,148,0,117.759,0,0,0,0.1,13.25,0.74445,4.85,0,14.3701080758571,-1
"3530",2005,148,1,114.386,0,0,0,0.03,12.25,0.76005,4.845,0,14.3702748416139,-0.998090277777778
"3531",2005,148,2,108.4095,0,0,0,0,11.44,0.80465,5.065,0,14.3704262566226,-0.996809027777778
"3532",2005,148,3,100.4335,0,0,0,0,10.925,0.8498,4.485,0,14.3705518553566,-0.995987847222222
"3533",2005,148,4,90.86,16.652,5.57,6.325,2.525,10.61,0.87655,4.38,0,14.3725729359105,-0.995454861111111
"3534",2005,148,5,80.5285,126.914,49.155,62.395,18.09,11.67,0.86025,5.3,0,14.3928882828391,-0.994663194444444
"3535",2005,148,6,69.564,572.194,211.015,282.265,80.505,13.595,0.77875,6.555,0,14.3914621374667,-0.992835069444444
"3536",2005,148,7,58.2045,996.153,375.215,500.62,125.15,15.595,0.6711,6.675,0,14.3914297011285,-0.989644097222222
"3537",2005,148,8,46.7685,1367.511,530.925,700.14,154.665,17.7,0.50705,7.835,0,14.3914291980269,-0.985027777777778
"3538",2005,148,9,35.6705,1595.165,629.235,824.985,169.14,19.005,0.40845,9.475,0,14.3914292549148,-0.979227430555555
"3539",2005,148,10,25.8005,1421.078,558.04,732.385,151.33,19.52,0.3738,10.605,0,14.3914294635135,-0.972795138888889
"3540",2005,148,11,19.492,1704.645,671.355,885.225,180.475,20.285,0.3462,11.22,0,14.3914293420723,-0.965918402777778
"3541",2005,148,12,20.307,1527.43,594.515,789.055,168.49,20.77,0.3271,11,0,14.3914292364138,-0.958607638888889
"3542",2005,148,13,27.648,1641.004,638.18,851.085,182.3,21.19,0.3108,10.075,0,14.3914293115129,-0.950982638888889
"3543",2005,148,14,37.89,1563.494,599.19,806.95,185.085,21.78,0.29065,9.07,0,14.391429514919,-0.943006944444444
"3544",2005,148,15,49.1015,1294.854,485.34,661.92,167.33,21.975,0.28015,9.135,0,14.3914292237351,-0.934758680555555
"3545",2005,148,16,60.5395,890.146,324.73,447.785,126.445,21.835,0.27785,8.58,0,14.3914292241121,-0.926491319444444
"3546",2005,148,17,71.836,500.158,179.29,248.04,79.41,21.67,0.2847,6.815,0,14.3914291171574,-0.918329861111111
"3547",2005,148,18,82.652,161.667,55.325,76.295,30.59,21.04,0.29995,5.565,0,14.3914292014613,-0.910444444444444
"3548",2005,148,19,92.8795,6.555,1.185,1.15,0.9,18.72,0.3525,3.19,0,14.398787906643,-0.903583333333333
"3549",2005,148,20,102.1315,0,0,0,0,16.62,0.417,2.605,0,14.4182998489765,-0.898256944444444
"3550",2005,148,21,109.722,0,0,0,0,15.8,0.4497,3.07,0,14.4191211776444,-0.893944444444444
"3551",2005,148,22,115.1845,0,0,0,0,14.945,0.48405,3.24,0,14.4192764531104,-0.890213541666667
"3552",2005,148,23,117.935,0,0,0,0,13.535,0.53995,1.755,0,14.4194385399107,-0.887269097222222
"3553",2005,149,0,117.608,0,0,0,0,12.275,0.5914,1.235,0,14.4196085134085,-0.885251736111111
"3554",2005,149,1,114.249,0,0,0,0,12.375,0.59215,1.34,0,14.4197746006657,-0.883637152777778
"3555",2005,149,2,108.291,0.023,0,0,0,11.945,0.61665,2.4,0,14.4199256940677,-0.882137152777778
"3556",2005,149,3,100.3305,0,0,0,0,11.245,0.6505,2.2,0,14.4200521961927,-0.881029513888889
"3557",2005,149,4,90.7385,19.343,7.51,6.53,2.355,11.55,0.6371,2.82,0,14.4239529844764,-0.880059027777778
"3558",2005,149,5,80.4545,234.531,88.4,114.03,38.115,11.595,0.65155,2.31,0,14.4447024309593,-0.878967013888889
"3559",2005,149,6,69.4955,609.822,230.285,304.315,87.15,16.065,0.51675,3.495,0,14.4436730293778,-0.876307291666667
"3560",2005,149,7,58.1405,1008.619,383.655,509.285,127.78,19.47,0.38285,4.775,0,14.4436499837288,-0.870913194444445
"3561",2005,149,8,46.705,1374.756,539.98,702.84,156.455,21.445,0.3034,5.065,0,14.44364964566,-0.863651041666667
"3562",2005,149,9,35.5955,1669.11,668.92,862.36,174.78,23.07,0.2433,4.83,0,14.4436497242565,-0.855138888888889
"3563",2005,149,10,25.698,1867.485,751.785,967.885,188.425,24.25,0.2067,5.29,0,14.4436500246515,-0.845652777777778
"3564",2005,149,11,19.3505,1385.198,536.465,697.16,147.29,24.815,0.2008,4.39,0,14.4436497016885,-0.835560763888889
"3565",2005,149,12,20.155,918.827,342.745,446.235,101.875,24.975,0.20615,5.08,0,14.4436498597667,-0.825217013888889
"3566",2005,149,13,27.514,723.373,260.265,340.575,80.7,23.455,0.29045,8.945,0,14.443649795449,-0.815345486111111
"3567",2005,149,14,37.771,339.388,113.26,146.07,34.595,20.585,0.4407,8.9,0,14.4436496569483,-0.806998263888889
"3568",2005,149,15,48.9875,309.511,109.34,137.485,31.44,19.265,0.564,2.32,0,14.4436496650738,-0.800105902777777
"3569",2005,149,16,60.4275,627.141,234.095,305.425,79.9,21.015,0.4434,3.81,0,14.4436496652381,-0.793064236111111
"3570",2005,149,17,71.7195,410.642,150.685,199.475,58.345,22.45,0.34945,4.805,0,14.4436495685942,-0.784916666666666
"3571",2005,149,18,82.532,82.547,28.6,33.875,8.2,21.77,0.3668,4.1,0,14.4436496397561,-0.776506944444444
"3572",2005,149,19,92.718,3.082,0.675,0.205,0.11,20.79,0.41105,3.68,0,14.4461038082441,-0.768673611111111
"3573",2005,149,20,101.9925,0.023,0,0,0,19.725,0.45865,1.025,0,14.4542598322164,-0.761550347222222
"3574",2005,149,21,109.5755,0.046,0,0,0,19.385,0.47715,2.18,0,14.454683935322,-0.754914930555555
"3575",2005,149,22,115.0315,0,0,0,0,18.135,0.5492,2.615,0,14.4548338749432,-0.748831597222222
"3576",2005,149,23,117.7815,0.023,0,0,0.02,17.645,0.6213,2.315,0,14.4549966212949,-0.743352430555555
"3577",2005,150,0,117.4625,0,0,0,0.145,17.03,0.69345,1.64,0,14.4551673272779,-0.738256944444444
"3578",2005,150,1,114.119,0.023,0,0,0.02,16.43,0.7503,1.21,0,14.4553341737955,-0.733583333333333
"3579",2005,150,2,108.177,0,0,0,0,16.395,0.74135,0.71,0,14.4554848675428,-0.729130208333333
"3580",2005,150,3,100.2345,0,0,0,0.1,15.695,0.79985,2.52,0,14.4556097963454,-0.724932291666666
"3581",2005,150,4,90.6615,2.461,0.56,0.1,0.135,15.265,0.80745,2.105,0,14.4557326000821,-0.721126736111111
"3582",2005,150,5,80.3835,32.568,11.615,12.685,3.335,15.26,0.78945,1.815,0,14.4602224462802,-0.717472222222222
"3583",2005,150,6,69.4335,311.144,117.925,152.15,38.31,15.84,0.7559,1.845,0,14.4085212097439,-0.713618055555555
"3584",2005,150,7,58.082,941.16,355.26,467.19,114.495,18.3,0.60735,2.66,0,14.4073374286601,-0.708708333333333
"3585",2005,150,8,46.644,1357.115,520.07,681.545,150.15,19.65,0.5669,3.23,0,14.4073193215001,-0.702475694444444
"3586",2005,150,9,35.5255,1603.169,631.04,813.02,162.05,20.645,0.52895,3.54,0,14.4073191283419,-0.695428819444444
"3587",2005,150,10,25.6045,1807.432,723.785,925.485,173.23,21.81,0.47765,3.885,0,14.4073192992689,-0.687631944444444
"3588",2005,150,11,19.217,1883.332,762.615,974.03,179.01,22.905,0.39645,3.635,0,14.4073193369646,-0.679050347222222
"3589",2005,150,12,20.0085,1931.241,780.355,1001.3,189.18,23.97,0.32605,3.82,0,14.4073191028624,-0.66971875
"3590",2005,150,13,27.3815,1566.921,625.585,806.79,163.275,24.505,0.2908,3.05,0,14.4073191195325,-0.659831597222222
"3591",2005,150,14,37.6535,1215.274,476.65,617.845,133.845,24.77,0.27115,3.475,0,14.4073191529946,-0.649666666666667
"3592",2005,150,15,48.8775,1341.268,518.965,685.635,166.61,25.185,0.2558,3.86,0,14.4073192142806,-0.639265625
"3593",2005,150,16,60.318,951.74,360.535,483.465,131.015,25.165,0.26135,4.275,0,14.4073191235221,-0.628727430555556
"3594",2005,150,17,71.6055,428.651,156.79,209.09,64.65,24.645,0.275,4.87,0,14.4073190856089,-0.618376736111111
"3595",2005,150,18,82.4175,153.295,54.09,71.56,26.825,24,0.29065,4.58,0,14.4073191146453,-0.608430555555556
"3596",2005,150,19,92.5975,7.774,1.74,1.76,0.84,22.155,0.33685,4.64,0,14.4116115760659,-0.599348958333333
"3597",2005,150,20,101.8575,0,0,0,0.16,20.63,0.3768,6.63,0,14.428189916163,-0.5914375
"3598",2005,150,21,109.4315,0,0,0,0.13,18.945,0.4194,5.49,0,14.4289810274711,-0.584640625
"3599",2005,150,22,114.8835,0,0,0,0,17.645,0.4488,4.295,0,14.4291347385217,-0.578880208333333
"3600",2005,150,23,117.636,0,0,0,0,16.64,0.47855,4.075,0,14.4292960389433,-0.573920138888889
"3601",2005,151,0,117.324,0,0,0,0,15.615,0.51765,2.54,0,14.4294657860185,-0.569664930555556
"3602",2005,151,1,113.9945,0,0,0,0,14.595,0.5743,3.94,0,14.4296322281001,-0.566119791666667
"3603",2005,151,2,108.071,0.046,0,0,0,13.435,0.6188,3.495,0,14.4297845571489,-0.563331597222222
"3604",2005,151,3,100.143,0.023,0,0,0,12.61,0.64115,2.91,0,14.4299135837079,-0.561232638888889
"3605",2005,151,4,90.59,21.919,8.04,7.75,3.39,11.71,0.6849,2.37,0,14.4376222668526,-0.559732638888889
"3606",2005,151,5,80.3205,242.006,91.375,118.595,40.385,12.635,0.68245,2.7,0,14.4638214450045,-0.558223958333334
"3607",2005,151,6,69.376,627.302,237.31,315.47,92.63,15.865,0.6039,3.64,0,14.4629057517374,-0.555272569444445
"3608",2005,151,7,58.03,959.123,367.015,489.395,124.985,18.095,0.5496,4.375,0,14.4628846709158,-0.550425347222222
"3609",2005,151,8,46.59,1370.8,538.975,711.36,162.395,20.265,0.4849,3.995,0,14.4628843618542,-0.544050347222222
"3610",2005,151,9,35.4615,1569.474,630.735,819.375,168.58,22.255,0.39255,3.13,0,14.4628844446522,-0.536230902777778
"3611",2005,151,10,25.5145,1770.655,724.155,929.185,175.76,23.715,0.30755,2.56,0,14.4628847629817,-0.527213541666667
"3612",2005,151,11,19.091,1958.105,808.21,1032.615,186.73,24.6,0.2845,2.24,0,14.4628844105425,-0.517381944444445
"3613",2005,151,12,19.863,1924.525,793.165,1016.305,187.74,25.465,0.28305,3.485,0,14.4628845511528,-0.506942708333334
"3614",2005,151,13,27.257,1802.556,735.97,948.98,185.485,26.165,0.2607,3.425,0,14.462885003364,-0.495960069444445
"3615",2005,151,14,37.541,1587.69,631.575,824.38,176.075,26.42,0.24995,3.655,0,14.4628843801062,-0.484645833333333
"3616",2005,151,15,48.7705,1266.748,495.96,656.41,155.585,26.415,0.2637,4.24,0,14.4628843974991,-0.473244791666667
"3617",2005,151,16,60.2095,883.683,337.885,451.36,121.19,26.655,0.25505,4.99,0,14.4628843944616,-0.461762152777778
"3618",2005,151,17,71.495,466.739,174.655,233.51,71.985,26.415,0.26975,4.665,0,14.4628843556834,-0.450279513888889
"3619",2005,151,18,82.3015,136.804,47.76,61.705,21.75,25.665,0.29755,4.56,0,14.4628842696535,-0.439140625
"3620",2005,151,19,92.4775,7.774,1.99,1.895,1.09,23.505,0.3522,3.42,0,14.4657646800265,-0.429012152777778
"3621",2005,151,20,101.7255,0,0,0,0,21.98,0.38395,2.715,0,14.4798709576465,-0.420163194444444
"3622",2005,151,21,109.2935,0,0,0,0,21.07,0.408,3.12,0,14.4805965468429,-0.412159722222222
"3623",2005,151,22,114.743,0,0,0,0.005,19.63,0.46975,3.44,0,14.4807491465139,-0.404972222222222
"3624",2005,151,23,117.4955,0,0,0,0,18.72,0.53655,2.905,0,14.4809102012974,-0.398600694444445
"3625",2005,152,0,117.1925,0,0,0,0,17.33,0.6155,3.145,0,14.4810797227225,-0.393027777777778
"3626",2005,152,1,113.877,0,0,0,0,16.455,0.65085,3.455,0,14.481245853221,-0.388241319444444
"3627",2005,152,2,107.969,0,0,0,0,15.71,0.6836,3.05,0,14.4813973229597,-0.384017361111111
"3628",2005,152,3,100.059,0,0,0,0,15.325,0.6976,3.5,0,14.4815235442312,-0.380185763888889
"3629",2005,152,4,90.5235,13.432,4.72,4.415,1.3,15.25,0.6958,3.165,0,14.4824844063803,-0.376513888888889
"3630",2005,152,5,80.2605,112.907,41.975,50.65,13.015,15.59,0.6796,3.13,0,14.4993369673546,-0.37275
"3631",2005,152,6,69.3235,367.149,134.24,176.325,49.385,17.38,0.62175,4.22,0,14.4975735873439,-0.368246527777778
"3632",2005,152,7,57.9815,857.44,321.12,428.52,110.53,19.825,0.5403,5.095,0,14.497533434483,-0.362272569444445
"3633",2005,152,8,46.542,1354.01,520.365,690.975,160.355,22.42,0.4381,6.32,0,14.4975328250233,-0.354548611111111
"3634",2005,152,9,35.4035,1639.739,643.5,845.81,178.6,23.48,0.382,7.84,0,14.4975328370187,-0.345555555555556
"3635",2005,152,10,25.434,1840.92,735.545,957.515,187.45,24.54,0.33685,8.205,0,14.497532800799,-0.335826388888889
"3636",2005,152,11,18.97,1942.051,784.69,1013.18,189.345,25.385,0.33605,7.255,0,14.4975328101209,-0.325435763888889
"3637",2005,152,12,19.7265,1863.345,748.735,969.06,183.45,26.27,0.3218,7.015,0,14.4975328241321,-0.314444444444445
"3638",2005,152,13,27.1325,1749.863,696.385,903.665,179.795,27.05,0.3222,6.84,0,14.4975328555821,-0.302875
"3639",2005,152,14,37.431,1456.498,569.025,744.105,162.37,27.36,0.3333,7.245,0,14.4975329346352,-0.290927083333333
"3640",2005,152,15,48.664,991.277,379.225,498.925,120.06,27.36,0.3567,7.31,0,14.4975330873609,-0.278871527777778
"3641",2005,152,16,60.105,717.6,271.07,357.26,92.255,27.325,0.38325,7.625,0,14.4975328235081,-0.266828125
"3642",2005,152,17,71.3865,312.018,116.47,149.75,39.59,26.77,0.419,7.21,0,14.4975328093135,-0.254989583333333
"3643",2005,152,18,82.191,112.585,43.13,54.975,15.855,25.97,0.4669,6.745,0,14.4975326842896,-0.243621527777778
"3644",2005,152,19,92.364,4.508,1.15,0.91,0.715,24.81,0.5172,5.52,0,14.4970138446919,-0.232934027777778
"3645",2005,152,20,101.5975,0,0,0,0.165,23.085,0.56525,4.795,0,14.5069579667763,-0.223248263888889
"3646",2005,152,21,109.161,0,0,0,0,21.535,0.61845,2.61,0,14.5075256941667,-0.214699652777778
"3647",2005,152,22,114.604,0,0,0,0,20.765,0.64445,2.65,0,14.5076754719421,-0.206956597222222
"3648",2005,152,23,117.3615,0.023,0,0,0,20.235,0.63205,3.365,0,14.5078370268848,-0.199664930555556
"3649",2005,153,0,117.068,0.023,0,0,0,19.735,0.62325,4.605,0.03175,14.5080075442604,-0.192730902777778
"3650",2005,153,1,113.7655,0,0,0,0,19.14,0.6299,4.17,0.03175,14.5081745008138,-0.186177083333333
"3651",2005,153,2,107.8735,0.023,0,0,0,18.745,0.6409,4.68,0.03175,14.5083268491628,-0.179967013888889
"3652",2005,153,3,99.979,0.023,0,0,0,18.51,0.65005,3.52,0.03175,14.508453333395,-0.173975694444444
"3653",2005,153,4,90.462,4.669,1.12,0.725,0.42,18.185,0.667,3.65,0.03175,14.5086273171282,-0.168178819444444
"3654",2005,153,5,80.207,61.134,20.47,24.295,6.57,17.985,0.6999,3.27,0.03175,14.510234583114,-0.162564236111111
"3655",2005,153,6,69.2755,162.265,56.485,70.44,16.81,17.635,0.76535,2.785,0.03175,14.5034870804722,-0.157140625
"3656",2005,153,7,57.9395,259.555,89.74,113.78,27.07,17.855,0.8154,3.79,0.03175,14.5033320731762,-0.151762152777778
"3657",2005,153,8,46.4965,400.315,138.895,179.775,41.265,17.655,0.8829,4.275,0.03175,14.5033297352522,-0.146376736111111
"3658",2005,153,9,35.351,508.139,180.635,232.89,52.815,17.885,0.87125,4.365,0.03175,14.5033297188185,-0.140980902777778
"3659",2005,153,10,25.3575,524.63,179.86,230.94,51.535,18.035,0.87455,4.81,0.03175,14.5033296986071,-0.135453125
"3660",2005,153,11,18.8545,447.465,154.29,198.81,44.775,17.165,0.87215,6.59,0.03175,14.5033297331929,-0.130175347222222
"3661",2005,153,12,19.5945,666.517,241.665,312.76,71.4,18.65,0.81175,5.03,0.03175,14.503329836657,-0.124684027777778
"3662",2005,153,13,27.0125,462.001,158.25,204.38,46.175,18.235,0.84095,5.04,0.03175,14.5033301631323,-0.118821180555555
"3663",2005,153,14,37.3225,209.438,70.53,87.42,19.505,17.97,0.83945,4.62,0.03175,14.5033297232208,-0.113194444444444
"3664",2005,153,15,48.562,164.818,54.74,67.295,14.95,17.545,0.89865,3.685,0.03175,14.5033297460415,-0.107807291666666
"3665",2005,153,16,60.002,226.136,77.03,96.555,21.985,17.18,0.9409,3.345,0.03175,14.5033297419415,-0.102694444444444
"3666",2005,153,17,71.2825,169.855,60.54,76.345,18.385,17.2,0.94975,5.11,0.03175,14.503329705542,-0.0977013888888887
"3667",2005,153,18,82.0835,30.222,9.935,10.555,2.945,17.13,0.94185,4.81,0.03175,14.4970841240022,-0.0927256944444443
"3668",2005,153,19,92.2165,1.863,0.33,0.01,0.22,17.1,0.9442,3.255,0.03175,14.4458537849768,-0.087784722222222
"3669",2005,153,20,101.475,0,0,0,0.15,16.925,0.9605,3.995,0.03175,14.4465378766443,-0.0829149305555554
"3670",2005,153,21,109.033,0,0,0,0.035,16.715,0.9826,3.225,0.03175,14.446677488008,-0.0781788194444442
"3671",2005,153,22,114.473,0,0,0,0,16.88,0.9751,3.18,0.03175,14.4468213961142,-0.0734583333333331
"3672",2005,153,23,117.233,0,0,0,0.03,16.975,0.9704,1.96,0.03175,14.4469836511768,-0.0686475694444443
"3673",2005,154,0,116.949,0,0,0,0.06,17.1,0.9681,1.295,0,14.4471536801255,-0.0637604166666665
"3674",2005,154,1,113.662,0.046,0,0,0.025,17.115,0.96875,1.12,0,14.4473214899833,-0.0588246527777776
"3675",2005,154,2,107.786,0,0,0,0.065,17.1,0.96875,1.77,0,14.4474746465379,-0.0538888888888887
"3676",2005,154,3,99.906,0,0,0,0.055,17.16,0.97215,1.645,0,14.4476009950797,-0.0489374999999998
"3677",2005,154,4,90.405,4.6,1.16,0.97,0.53,17.2,0.97425,2.35,0,14.4477706893509,-0.0439513888888887
"3678",2005,154,5,80.1575,74.98,27.93,34.295,8.455,17.045,0.9901,3.615,0,14.4508502942981,-0.0390052083333331
"3679",2005,154,6,69.2345,160.448,58.94,74.515,17.215,17.28,0.9862,3.315,0,14.4464512177389,-0.0340312499999998
"3680",2005,154,7,57.9015,253.69,92.02,117.08,26.7,18.21,0.9354,3.17,0,14.4463505320507,-0.0286527777777775
"3681",2005,154,8,46.457,252.839,89.41,112.845,25.06,19.04,0.8853,1.53,0,14.4463490147649,-0.0226631944444442
"3682",2005,154,9,35.3035,303.646,106.96,134.355,29.845,19.435,0.86685,1.52,0,14.4463490440355,-0.0162482638888887
"3683",2005,154,10,25.289,443.486,158.33,199.8,44.21,20.005,0.8362,1.9,0,14.4463489902458,-0.00949826388888865
"3684",2005,154,11,18.7485,260.498,87.285,109.92,23.655,20.215,0.8232,2.08,0,14.4463490030962,-0.00247743055555532
"3685",2005,154,12,19.4695,538.798,195.92,245.08,52.835,20.955,0.78925,1.445,0,14.4463490283779,0.00204723598954315
"3686",2005,154,13,26.8995,668.564,249.105,318.045,70.415,21.645,0.7643,1.61,0,14.4463490960414,0.00394813288375583
"3687",2005,154,14,37.219,545.79,199.075,255.885,58.26,21.8,0.76135,2.865,0,14.4463492775474,0.00590808704197338
"3688",2005,154,15,48.4615,714.403,267.94,343.64,77.985,22.36,0.7265,2.99,0,14.4463490230158,0.00791697670636165
"3689",2005,154,16,59.9015,619.528,227.09,295.775,72.625,22.9,0.69565,3.46,0,14.4463490234613,0.00999955263795142
"3690",2005,154,17,71.18,427.754,156.965,207.6,58.13,22.94,0.68635,3.17,0,14.4463488912112,0.0121201592705428
"3691",2005,154,18,81.9775,193.108,71.68,94.67,29.495,22.94,0.69305,3.9,0,14.4463490034426,0.0142433581274553
"3692",2005,154,19,92.109,9.752,3.085,3.325,1.26,21.85,0.74315,2.675,0,14.4501963659155,0.0162944485433322
"3693",2005,154,20,101.357,0,0,0,0,20.49,0.80995,2.73,0,14.469824908047,0.0181766966334346
"3694",2005,154,21,108.9085,0,0,0,0,19.37,0.86185,3.155,0,14.4707523241896,0.0198801157289236
"3695",2005,154,22,114.3505,0,0,0,0,18.825,0.8838,3.17,0,14.4709085003273,0.0214603084653277
"3696",2005,154,23,117.1115,0.023,0,0,0,18.255,0.90675,3.255,0,14.4710703048335,0.0229569884674994
"3697",2005,155,0,116.8385,0,0,0,0,16.975,0.9461,3.39,0,14.4712404380842,0.0243143335689799
"3698",2005,155,1,113.5635,0,0,0,0,16.33,0.9662,3.68,0,14.471406303628,0.0255267851371856
"3699",2005,155,2,107.7035,0,0,0,0,16.125,0.97805,3.31,0,14.4715580307473,0.026675600960887
"3700",2005,155,3,99.8395,0,0,0,0,16.175,0.9735,3.455,0,14.4716841601746,0.0278128524224115
"3701",2005,155,4,90.3535,16.376,5.925,5.765,2.185,16.4,0.9642,3.45,0,14.4735993309074,0.0289706281788355
"3702",2005,155,5,80.113,127.512,46.725,57.855,15.935,16.78,0.9607,3.825,0,14.4933333629705,0.0301736877136049
"3703",2005,155,6,69.197,458.597,167.825,222.685,61.06,18.47,0.90995,4.99,0,14.491893506459,0.0315325436441891
"3704",2005,155,7,57.8655,914.641,339.235,451.415,112.915,21.145,0.81175,6.16,0,14.4918608439814,0.0332171430151474
"3705",2005,155,8,46.4235,1282.526,489.93,635.205,142.815,24.165,0.69545,7.265,0,14.4918603359462,0.0353001802810352
"3706",2005,155,9,35.2615,1588.955,616.86,792.61,161.87,26.215,0.6244,7.205,0,14.4918603927852,0.0376890388245975
"3707",2005,155,10,25.2255,1777.854,693.63,886.085,171.25,27.445,0.61205,7.335,0,14.4918606001862,0.0402377156852089
"3708",2005,155,11,18.6475,1651.699,643.01,821.99,158.44,28.635,0.58215,7.52,0,14.4918604827333,0.0428789137643848
"3709",2005,155,12,19.3485,1594.291,619.56,797.12,162.31,29.315,0.55765,7.875,0,14.491860372616,0.0455759422005933
"3710",2005,155,13,26.788,1737.374,671.885,867.225,176.925,30.17,0.52065,8.035,0,14.4918604419603,0.0483063444798183
"3711",2005,155,14,37.117,1242.621,473.645,613.175,133.28,30.3,0.50245,9.03,0,14.4918606285991,0.0510529502449461
"3712",2005,155,15,48.3635,1406.381,535.5,697.7,163.555,31,0.4673,9.395,0,14.4918603643358,0.0538085307716311
"3713",2005,155,16,59.805,696.923,255.49,331.85,82.31,30.7,0.46895,9.235,0,14.4918603642494,0.0565677063584943
"3714",2005,155,17,71.0805,427.064,158.62,206.24,62.265,30.3,0.4852,9.15,0,14.4918602390989,0.0593205905900457
"3715",2005,155,18,81.876,145.728,53.69,68.565,23.35,29.405,0.52345,8.29,0,14.491860344002,0.0620548344799362
"3716",2005,155,19,92.0055,9.131,2.085,1.64,1.195,27.85,0.58495,7.165,0,14.4945383199597,0.0647317009990884
"3717",2005,155,20,101.242,0,0,0,0.125,26.305,0.64415,6.085,0,14.5094306506609,0.0673005634095655
"3718",2005,155,21,108.79,0,0,0,0.02,25.52,0.6763,6.36,0,14.5102076617498,0.0697653714697057
"3719",2005,155,22,114.2305,0,0,0,0,25.17,0.69655,6.435,0,14.5103610824137,0.0721726885832757
"3720",2005,155,23,116.9965,0,0,0,0.015,24.645,0.723,6.29,0,14.5105220057801,0.0745327520402151
"3721",2005,156,0,116.7315,0,0,0,0.005,24.125,0.74895,5.99,0,14.5106912264236,0.0768336523437778
"3722",2005,156,1,113.4715,0,0,0,0.03,23.64,0.7749,6.19,0,14.5108570325761,0.0790749696957028
"3723",2005,156,2,107.627,0,0,0,0.015,23.28,0.79595,6.38,0,14.5110080077582,0.0812643218514454
"3724",2005,156,3,99.777,0,0,0,0.015,23.41,0.7976,6.07,0,14.5111345135912,0.0834392768034147
"3725",2005,156,4,90.268,20.263,6.595,8.19,3.19,22.79,0.75165,4.29,0,14.5161005591517,0.0855829559684347
"3726",2005,156,5,80.0745,167.9,62.63,80.53,21.145,21.215,0.7635,2.83,0,14.5370447571026,0.0875806892850067
"3727",2005,156,6,69.1655,429.962,161.345,207.165,52.825,22.9,0.74515,3.385,0,14.5359238939011,0.0895858074323576
"3728",2005,156,7,57.8385,449.282,165.38,211.535,51.51,24.925,0.7348,6.745,0,14.5358988618395,0.0918291907236388
"3729",2005,156,8,46.3945,833.037,313.37,404.045,95.11,26.135,0.7064,7.965,0,14.5358985116255,0.0942550873315903
"3730",2005,156,9,35.2245,1156.923,443.025,570.495,122.555,27.345,0.6268,7.165,0,14.5358986931428,0.0967960359165023
"3731",2005,156,10,25.1685,1853.57,726.78,930.055,177.78,29.44,0.52675,7.35,0,14.5358986671936,0.0994576646745765
"3732",2005,156,11,18.5545,1620.028,628.4,804.195,154.175,30.805,0.47955,8.26,0,14.5358984864359,0.102199588885648
"3733",2005,156,12,19.2345,1012.023,380.835,487.785,100.995,30.065,0.49605,8.665,0,14.5358985093495,0.104950705529405
"3734",2005,156,13,26.6815,1777.049,678.04,887.22,184.555,31.68,0.3952,11.475,0,14.5358985705692,0.107707966154756
"3735",2005,156,14,37.018,1410.452,528.42,698.905,156.92,32.39,0.3411,12.53,0,14.5358987336059,0.110468130247312
"3736",2005,156,15,48.2685,1240.022,455.815,608.935,148.455,32.48,0.35075,12.23,0,14.5358985072153,0.113222023937078
"3737",2005,156,16,59.7095,882.924,315.06,424.82,114.635,32.19,0.35715,11.985,0,14.5358985053532,0.115977884647412
"3738",2005,156,17,70.983,520.007,185.46,250.56,76.04,31.71,0.39335,11.165,0,14.5358983408893,0.118739266895271
"3739",2005,156,18,81.7765,148.718,51.74,66.02,21.175,30.52,0.43735,9.25,0,14.5358984862627,0.121500241642561
"3740",2005,156,19,91.9065,10.603,2.515,1.97,1.36,29.33,0.4826,7.38,0,14.5377963362278,0.124236423207786
"3741",2005,156,20,101.133,0.046,0,0,0.13,28.125,0.5259,6.13,0,14.5524887357944,0.126919596194693
"3742",2005,156,21,108.6775,0,0,0,0.09,26.14,0.5919,4.19,0,14.5532958132253,0.129491972035832
"3743",2005,156,22,114.115,0,0,0,0.01,24.905,0.60215,4.4,0,14.5534496277849,0.131917065016208
"3744",2005,156,23,116.8865,0,0,0,0.12,23.875,0.60015,5.61,0,14.5536102773814,0.134218200655119
"3745",2005,157,0,116.632,0,0,0,0.215,22.25,0.6604,4.085,0,14.5537791127527,0.136356283325324
"3746",2005,157,1,113.3865,0,0,0,0,21.015,0.706,3.475,0,14.5539447104038,0.138303387547951
"3747",2005,157,2,107.5575,0,0,0,0,20.125,0.7401,3.145,0,14.5540956175264,0.140100109435948
"3748",2005,157,3,99.722,0.023,0,0,0.015,18.935,0.78175,3.415,0,14.5542216471845,0.141744504093951
"3749",2005,157,4,90.227,23.529,8.15,7.97,3.395,18.26,0.8096,3.065,0,14.5653038871587,0.143249813102502
"3750",2005,157,5,80.041,242.719,89.29,114.12,37.065,18.695,0.80675,1.86,0,14.585077910572,0.144737107380794
"3751",2005,157,6,69.138,620.011,231.12,300.615,83.32,21.415,0.72715,1.87,0,14.5841287538628,0.146457922609856
"3752",2005,157,7,57.815,1016.761,385.215,502.015,121.245,24.23,0.61695,3.04,0,14.5841079108665,0.148563217530609
"3753",2005,157,8,46.3715,1378.459,531.81,690.66,147.465,26.065,0.5103,4.02,0,14.5841076140174,0.150947931796051
"3754",2005,157,9,35.192,1669.961,656.675,845.98,163.49,27.32,0.4285,3.915,0,14.5841077110144,0.153484673678617
"3755",2005,157,10,25.119,1891.129,752.41,964.805,176.085,28.63,0.36105,4.305,0,14.5841080877689,0.156121286073179
"3756",2005,157,11,18.4675,1712.442,676.18,870.55,167.59,29.385,0.33825,4.725,0,14.5841076438688,0.158819876314006
"3757",2005,157,12,19.1255,1824.268,715.46,927.28,182.915,29.92,0.3246,5.005,0,14.5841077438088,0.161547270026955
"3758",2005,157,13,26.578,1513.676,584.75,762.835,158.72,30.215,0.319,5.495,0,14.5841080586228,0.164289040239878
"3759",2005,157,14,36.924,1421.929,541.675,711.485,155.925,30.485,0.30975,4.865,0,14.584107632345,0.167038552014782
"3760",2005,157,15,48.176,1259.089,469.105,624.215,148.875,30.685,0.30565,4.71,0,14.5841076535614,0.169793287521748
"3761",2005,157,16,59.6175,965.333,358.905,475.575,122.23,30.795,0.30265,3.005,0,14.5841076426723,0.172550849114349
"3762",2005,157,17,70.8895,549.148,197.715,263.495,78.015,30.755,0.31465,2.935,0,14.5841076128969,0.175308983023323
"3763",2005,157,18,81.681,182.965,61.53,81.885,30.785,29.435,0.3608,5.475,0,14.5841075355399,0.178050203271459
"3764",2005,157,19,91.8085,12.834,3.135,2.975,2.135,27.02,0.42595,4.405,0,14.5852461393511,0.180700567046775
"3765",2005,157,20,101.029,0,0,0,0,25.1,0.4838,3.99,0,14.6014037879474,0.183178027057142
"3766",2005,157,21,108.5685,0,0,0,0,23.54,0.5494,3.88,0,14.6023308585983,0.185470429400751
"3767",2005,157,22,114.01,0,0,0,0,22.75,0.65265,2.87,0,14.6024865710326,0.187619782195411
"3768",2005,157,23,116.7845,0,0,0,0,21.385,0.7365,3.485,0,14.6026469636243,0.189626534706148
"3769",2005,158,0,116.54,0,0,0,0,20.58,0.7751,3.16,0,14.6028153299856,0.191482441379862
"3770",2005,158,1,113.309,0,0,0,0,21.065,0.7608,2.61,0,14.6029804072793,0.193315581778981
"3771",2005,158,2,107.493,0,0,0,0,20.205,0.80355,3.03,0,14.6031307013145,0.195121687870469
"3772",2005,158,3,99.673,0.023,0,0,0,19.555,0.8593,3.09,0,14.6032570630024,0.196817876633755
"3773",2005,158,4,90.1915,24.288,9.08,10.37,4.02,19.445,0.89295,2.95,0,14.6164136417804,0.198457990111609
"3774",2005,158,5,80.0135,179.285,67.67,85.865,23.455,19.765,0.89735,2.88,0,14.6350313990284,0.20011364684447
"3775",2005,158,6,69.1155,473.34,176.025,227.99,59.125,21.87,0.8415,4.02,0,14.6340223554545,0.201945226855486
"3776",2005,158,7,57.796,816.983,304.7,397.29,96.605,23.61,0.7864,4.05,0,14.634000509519,0.204041375344561
"3777",2005,158,8,46.352,1370.57,522.94,677.54,147.745,25.205,0.739,2.88,0,14.6340001971765,0.206343889696308
"3778",2005,158,9,35.1675,1498.381,580.575,746.02,149.615,26.965,0.6756,3.555,0,14.6340002883988,0.208824070382794
"3779",2005,158,10,25.074,1744.573,685.7,874.615,163.195,28.865,0.59515,3.085,0,14.6340006395601,0.211455297408691
"3780",2005,158,11,18.3875,1854.904,730.24,933.965,170.37,30.55,0.4938,3.83,0,14.634000234235,0.214182719866149
"3781",2005,158,12,19.022,1737.328,677.13,873.635,167.77,31.625,0.43455,5.365,0,14.6340003479547,0.21694369095779
"3782",2005,158,13,26.4795,1537.987,590.74,767.675,155.72,32.155,0.40365,6.375,0,14.634000706971,0.219705597186113
"3783",2005,158,14,36.832,1410.084,534.865,702.44,153.7,32.505,0.3943,7.255,0,14.6340002152432,0.222461515790259
"3784",2005,158,15,48.088,879.014,326.04,427.36,100.165,32.245,0.4112,8.1,0,14.6340002333804,0.225216604365745
"3785",2005,158,16,59.529,708.791,258.565,339.855,87.865,32.055,0.41415,7.915,0,14.6340002232888,0.227975666153725
"3786",2005,158,17,70.799,426.949,156.49,205.575,58.245,31.63,0.4281,8.225,0,14.6340001935629,0.230738062644115
"3787",2005,158,18,81.5895,171.465,61.615,80.095,25.95,30.665,0.4671,7.975,0,14.6340000782631,0.233499736082131
"3788",2005,158,19,91.6795,10.189,2.98,2.915,1.325,29.12,0.5096,5.355,0,14.6332157777021,0.236234046675281
"3789",2005,158,20,100.9285,0,0,0,0,27.44,0.55625,4.57,0,14.6459752587293,0.238889830782656
"3790",2005,158,21,108.467,0,0,0,0.005,25.855,0.6192,4.175,0,14.6468059857536,0.241422068396736
"3791",2005,158,22,113.908,0,0,0,0,24.66,0.62715,3.66,0,14.6469598113824,0.24381948325763
"3792",2005,158,23,116.6885,0.023,0,0,0,23.685,0.65545,3.05,0,14.647120290751,0.246095204521012
"3793",2005,159,0,116.4525,0,0,0,0,22.48,0.70425,2.49,0,14.6472890901742,0.248236266934148
"3794",2005,159,1,113.237,0,0,0,0,21.31,0.7505,3.17,0,14.6474540122128,0.250219612141021
"3795",2005,159,2,107.4365,0,0,0,0,20.91,0.79225,4.3,0,14.647604305026,0.252093741508258
"3796",2005,159,3,99.6285,0,0,0,0,20.495,0.83475,3.63,0,14.6477296441266,0.253909672227615
"3797",2005,159,4,90.1605,23.046,8.27,8.67,3.42,20.695,0.8489,3.955,0,14.6573603439524,0.255710142333364
"3798",2005,159,5,79.9895,255.507,93.955,121.7,38.16,21.62,0.83675,4.245,0,14.6725648297159,0.257590844987087
"3799",2005,159,6,69.098,388.93,144.74,186.02,48.67,23.485,0.7439,4.235,0,14.6715659524329,0.259662171519729
"3800",2005,159,7,57.782,790.326,289.775,373.95,88.175,24.76,0.6695,4.29,0,14.6715445921384,0.261931688769776
"3801",2005,159,8,46.336,1342.763,504.04,653.685,140.85,27.11,0.5998,5.41,0,14.6715442936068,0.26439605106376
"3802",2005,159,9,35.1455,1670.122,636.645,821.6,163.99,28.67,0.55445,5.895,0,14.6715444053858,0.267026347470147
"3803",2005,159,10,25.035,1719.526,665.175,853.02,157.955,29.075,0.5414,6.17,0,14.6715448434895,0.269718292194675
"3804",2005,159,11,18.315,1801.705,700.955,899.66,165.785,29.74,0.53255,5.335,0,14.6715443108754,0.272435618110133
"3805",2005,159,12,18.925,1787.514,693.745,893.22,170.415,30.675,0.4712,5.54,0,14.6715443883047,0.275180760328216
"3806",2005,159,13,26.385,1623.501,619.86,802.385,158.005,31.295,0.44295,6.33,0,14.6715446279074,0.277941386936369
"3807",2005,159,14,36.7435,1159.154,436.295,568.715,124.52,31.385,0.4694,7.18,0,14.6715443157573,0.280704984015423
"3808",2005,159,15,48.003,663.849,246.305,315.815,71.75,31.24,0.48005,7.35,0,14.6715443460208,0.28346846339415
"3809",2005,159,16,59.444,119.945,36.095,49.245,14.41,24.465,0.703,10.1,0,14.6715443214083,0.286066926239788
"3810",2005,159,17,70.7115,84.893,29.86,33.91,8.095,22.105,0.84955,3.145,0,14.6715442914732,0.28823228783415
"3811",2005,159,18,81.5005,26.059,8.88,7.855,2.59,21.9,0.89335,3.25,0,14.6413631553596,0.290230699640108
"3812",2005,159,19,91.592,1.978,0.2,0,0.145,21.87,0.87105,5.265,0,14.5950964452871,0.292213043893157
"3813",2005,159,20,100.8325,0,0,0,0.11,21.475,0.8965,4.275,0,14.5955179494234,0.294166043382543
"3814",2005,159,21,108.3695,0,0,0,0.03,21.03,0.90505,4.325,0,14.5956486487854,0.296060313242295
"3815",2005,159,22,113.812,0,0,0,0,20.64,0.90135,2.86,0,14.5957924267868,0.297895260445252
"3816",2005,159,23,116.6,0,0,0,0,20.19,0.89925,3.075,0,14.5959541663253,0.299669656625716
"3817",2005,160,0,116.375,0,0,0,0.005,20.065,0.89815,4.195,0,14.5961230189436,0.301402205887403
"3818",2005,160,1,113.1705,0.023,0,0,0.015,19.53,0.9162,2.315,0,14.5962892867778,0.303086267049968
"3819",2005,160,2,107.386,0,0,0,0.02,18.96,0.91565,3.43,0,14.5964399855681,0.304688449592049
"3820",2005,160,3,99.5905,0,0,0,0,19.255,0.88305,4.57,0,14.5965644495658,0.306270154082013
"3821",2005,160,4,90.134,15.824,5.47,5.34,1.525,18.91,0.8812,2.98,0,14.598140583706,0.307848123520023
"3822",2005,160,5,79.97,144.877,54.26,65.125,14.955,19.025,0.89005,2.675,0,14.605078069375,0.309408916913119
"3823",2005,160,6,69.0845,478.262,179.495,226.505,54.775,20.515,0.8665,2.24,0,14.6035383572211,0.311088665583291
"3824",2005,160,7,57.7725,1006.825,380.585,485.67,111.58,23.35,0.77685,3.425,0,14.6035059464831,0.31307532128076
"3825",2005,160,8,46.327,1366.683,527.83,669.49,135.595,25.875,0.64895,3.78,0,14.6035054646271,0.315399593344518
"3826",2005,160,9,35.1305,1649.56,649.76,817.56,149.8,27.64,0.53755,3.53,0,14.6035055255815,0.317941074598518
"3827",2005,160,10,25.0025,1845.175,735.015,921.19,158.81,28.56,0.53495,3.405,0,14.6035057493726,0.320586648142032
"3828",2005,160,11,18.2485,2016.847,770.08,1010.89,176.405,29.375,0.5499,4.82,0,14.6035055837291,0.323283143466261
"3829",2005,160,12,18.8345,1810.859,711.35,903.585,165.945,29.965,0.54725,5.925,0,14.6035055495328,0.326011154476827
"3830",2005,160,13,26.2945,1433.314,553.5,708.305,139.12,29.875,0.5655,6.275,0,14.6035054775492,0.328748321310252
"3831",2005,160,14,36.6585,1409.67,534.935,692.57,146.61,30.015,0.586,6.535,0,14.6035054879289,0.331486300196467
"3832",2005,160,15,47.9185,1256.03,471.525,610.92,138.28,30.125,0.5829,6.89,0,14.6035055028227,0.333250045891206
"3833",2005,160,16,59.3595,884.994,325.575,423.785,105.425,30.035,0.5716,6.865,0,14.6035054925357,0.334034686898151
"3834",2005,160,17,70.628,520.214,186.785,248.96,67.72,29.8,0.562,6.49,0,14.6035054584408,0.33481932790778
"3835",2005,160,18,81.4145,138.736,50.58,63.375,18,28.605,0.64,5.85,0,14.6035054239209,0.335603968921558
"3836",2005,160,19,91.5075,7.889,2.175,1.71,1.335,27.15,0.7057,5.115,0,14.6057868797641,0.336388471958263
"3837",2005,160,20,100.741,0.023,0,0,0.01,26.125,0.74995,4.815,0,14.6194819049452,0.337172008500703
"3838",2005,160,21,108.2785,0,0,0,0,25.62,0.7823,5.1,0,14.6202122905689,0.337954672136394
"3839",2005,160,22,113.723,0.023,0,0,0.005,25.325,0.79845,4.385,0,14.6203659873408,0.338737282261714
"3840",2005,160,23,116.5165,0.023,0,0,0.005,24.455,0.84295,2.68,0,14.6205280358949,0.339519873275759
"3841",2005,161,0,116.3035,0.023,0,0,0.005,23.965,0.85325,3.435,0.0635,14.620697843599,0.340302444203211
"3842",2005,161,1,113.1115,0,0,0,0.045,23.18,0.88835,3.075,0.0635,14.6208632262264,0.341084994842098
"3843",2005,161,2,107.341,0.069,0,0,0,22.865,0.90705,2.93,0.0635,14.6210137764348,0.341867526357893
"3844",2005,161,3,99.5565,0.023,0,0,0,22.815,0.9107,3.075,0.0635,14.621140078756,0.342650041115964
"3845",2005,161,4,90.115,4.761,1.17,0.55,0.395,22.605,0.92775,3.09,0.0635,14.6213098257719,0.343432537954208
"3846",2005,161,5,79.9575,89.033,33.54,39.15,8.895,22.755,0.93705,3.195,0.0635,14.6147259422072,0.344215422998747
"3847",2005,161,6,69.078,279.381,105.625,130.74,29.56,23.555,0.9138,3.88,0.0635,14.6110148532162,0.34499893102644
"3848",2005,161,7,57.767,370.162,139.565,173.66,37.87,24.33,0.86985,4.545,0.0635,14.6109360973878,0.345782668350551
"3849",2005,161,8,46.3215,469.982,175.83,219.7,48.115,24.825,0.81175,4.6,0.0635,14.6109349387754,0.346566410509405
"3850",2005,161,9,35.121,708.837,266.705,334.75,71.585,25.24,0.7863,5.315,0.0635,14.6109350079068,0.347350152734173
"3851",2005,161,10,24.9745,1497.185,582.815,733.595,138.095,26.47,0.68885,4.635,0.0635,14.610934928966,0.348133894959533
"3852",2005,161,11,18.1885,1998.309,791.465,995.885,169.805,28.17,0.59095,3.17,0.0635,14.6109349247243,0.348917637189927
"3853",2005,161,12,18.7485,1209.869,468.425,590.94,107.44,29.005,0.5497,2.65,0.0635,14.6109349342185,0.349701379420002
"3854",2005,161,13,26.2085,1506.592,582.405,736.67,142.345,29.775,0.50435,2.93,0.0635,14.6109349499468,0.350485121648552
"3855",2005,161,14,36.576,1667.362,633.775,817.04,163.805,30.485,0.4479,6.115,0.0635,14.6109349832727,0.351268863874133
"3856",2005,161,15,47.8385,1379.908,516.425,666.375,146.775,30.725,0.46975,5.885,0.0635,14.6109350408331,0.352052606094217
"3857",2005,161,16,59.2795,706.56,257.07,335.82,81.48,27.775,0.63725,7.28,0.0635,14.6109349447801,0.352836348316629
"3858",2005,161,17,70.547,322.943,121.025,149.19,33.375,25.35,0.7546,4.44,0.0635,14.6109348702466,0.353620090549361
"3859",2005,161,18,81.334,152.352,57.55,70.185,20.44,25.995,0.79275,4.525,0.0635,14.6109349011551,0.354403832784732
"3860",2005,161,19,91.427,8.326,2.135,1.33,0.715,25.07,0.7976,4.955,0.0635,14.6120882943647,0.355187505237834
"3861",2005,161,20,100.6545,0,0,0,0.015,24.365,0.8483,4.475,0.0635,14.6257976704242,0.355970278268754
"3862",2005,161,21,108.1925,0,0,0,0.01,24.01,0.85715,4.195,0.0635,14.626568217868,0.356752174817622
"3863",2005,161,22,113.6395,0.069,0,0,0.87,21.695,0.88975,5.18,0.0635,14.6267231746853,0.357534015331355
"3864",2005,161,23,116.4405,0.322,0,0,0.09,21.53,0.928,4.855,0.0635,14.6268933947339,0.35831583615673
"3865",2005,162,0,116.238,0.299,0,0,0.195,21.405,0.915,3.64,0.0423333333333333,14.6270800600823,0.359097635373721
"3866",2005,162,1,113.06,0.368,0,0,0.105,21.465,0.8944,3.785,0.0423333333333333,14.6272632091181,0.359879412199316
"3867",2005,162,2,107.3015,0.207,0,0,0.015,21.125,0.9116,3.48,0.0423333333333333,14.6274289896197,0.360661167897857
"3868",2005,162,3,99.531,0.253,0,0,0.065,20.74,0.92815,2.82,0.0423333333333333,14.6275635396122,0.361442905411782
"3869",2005,162,4,90.0985,16.514,5.365,4.48,1.135,20.75,0.92145,2.305,0.0423333333333333,14.6294860748712,0.362224518367354
"3870",2005,162,5,79.9485,225.078,82.485,102.35,28.42,21.035,0.9438,4.525,0.0423333333333333,14.6388427687316,0.363005448227519
"3871",2005,162,6,69.073,443.739,162.385,204.72,49.095,21.645,0.9265,5.095,0.0423333333333333,14.6376148878152,0.36378588570753
"3872",2005,162,7,57.7665,419.934,158.665,196.15,41.65,22.11,0.91595,5.325,0.0423333333333333,14.6375889590648,0.364566399143609
"3873",2005,162,8,46.3215,743.038,285.425,355.35,73.37,23.31,0.88175,6.775,0.0423333333333333,14.6375885798367,0.365346914173398
"3874",2005,162,9,35.1145,715.461,273.93,338.75,67.74,23.695,0.8712,6.465,0.0423333333333333,14.6375886472379,0.366127429222078
"3875",2005,162,10,24.9555,899.139,339.79,423.905,86.89,24.575,0.8232,6.8,0.0423333333333333,14.6375888989737,0.366907944251425
"3876",2005,162,11,18.1355,1309.781,497.38,628.845,123.425,25.565,0.7796,7.44,0.0423333333333333,14.6375886672576,0.367688459279559
"3877",2005,162,12,18.6685,1114.235,424.745,537.375,106.565,26.02,0.7627,7.36,0.0423333333333333,14.6375889003566,0.368468974307609
"3878",2005,162,13,26.1275,623.139,223.85,283.68,59.25,25.08,0.7946,8.515,0.0423333333333333,14.6375886398523,0.36924948933732
"3879",2005,162,14,36.4985,1532.375,570.835,737.45,151.04,24.755,0.78635,8.995,0.0423333333333333,14.6375887423599,0.370030004376601
"3880",2005,162,15,47.7625,587.374,218.8,273.71,58.665,25.035,0.77625,6.845,0.0423333333333333,14.6375886272515,0.370810519416646
"3881",2005,162,16,59.205,479.159,178.32,223.87,49.47,25.225,0.73695,8.485,0.0423333333333333,14.6375885960891,0.371591034465552
"3882",2005,162,17,70.4685,314.318,117.285,147.175,35.845,24.1,0.78935,6.445,0.0423333333333333,14.6375885926072,0.372371549516557
"3883",2005,162,18,81.255,156.423,58.145,72.255,19.475,24.29,0.82945,4.9,0.0423333333333333,14.6375885842412,0.37315206456828
"3884",2005,162,19,91.351,9.407,2.895,2.755,1.635,23.36,0.8845,4.995,0.0423333333333333,14.6382380733136,0.373932540274721
"3885",2005,162,20,100.5745,0,0,0,0.12,22.765,0.8892,5.9,0.0423333333333333,14.6518281721525,0.374712153153233
"3886",2005,162,21,108.113,0,0,0,0.025,22.565,0.8738,5.46,0.0423333333333333,14.6526233400652,0.375490894164747
"3887",2005,162,22,113.563,0.046,0,0,0.105,22.23,0.86465,5.04,0.0423333333333333,14.6527781237354,0.376269577587805
"3888",2005,162,23,116.37,0,0,0,0.055,21.795,0.8899,4.205,0.0423333333333333,14.6529398816978,0.377048241820971
"3889",2005,163,0,116.18,0,0,0,0.005,21.58,0.9081,3.245,0,14.6531079661196,0.377826886057749
"3890",2005,163,1,113.014,0,0,0,0.05,21.15,0.94035,2.925,0,14.6532725070771,0.378605510129264
"3891",2005,163,2,107.27,0,0,0,0.01,20.96,0.96325,3.59,0,14.6534220463429,0.37938411515966
"3892",2005,163,3,99.5085,0,0,0,0.02,21.04,0.95455,3.35,0,14.6535463230865,0.38016270358984
"3893",2005,163,4,90.088,12.006,4.215,4.245,1.505,20.785,0.97825,2.355,0,14.6542121452584,0.380941244119202
"3894",2005,163,5,79.943,80.799,29.755,34.895,7.91,20.755,0.9864,2.39,0,14.6564270718076,0.381719609990872
"3895",2005,163,6,69.0735,231.334,85.54,104.2,22.355,21.37,0.97395,3.475,0,14.6532455534076,0.382498034466019
"3896",2005,163,7,57.7695,286.626,103.44,126.875,27,21.89,0.9254,3.17,0,14.6531779873942,0.383276655926573
"3897",2005,163,8,46.3245,435.942,164.23,201.525,41.47,22.35,0.8554,3.27,0,14.6531770083985,0.384055281542656
"3898",2005,163,9,35.113,612.49,220.3,276.5,56.875,22.46,0.8499,2.095,0,14.653177040597,0.384833907216139
"3899",2005,163,10,24.9395,495.029,183.67,230.79,49.545,22.67,0.8234,1.835,0,14.6531769678551,0.38561253289208
"3900",2005,163,11,18.09,874.391,325.4,403.27,80.115,23.44,0.7428,1.935,0,14.6531769807792,0.386391158571647
"3901",2005,163,12,18.596,804.954,297.48,371.58,75.76,23.7,0.732,2.785,0,14.6531770064332,0.387169784248875
"3902",2005,163,13,26.0505,900.036,334.29,418.13,85.65,24.25,0.67535,3.535,0,14.6531770747301,0.387948409920408
"3903",2005,163,14,36.423,500.02,184.515,231.155,49.135,23.855,0.7683,4.43,0,14.6531772540469,0.388727035576929
"3904",2005,163,15,47.688,557.06,212.755,264.15,54.995,23.485,0.79095,4.825,0,14.6531769982497,0.389505661238087
"3905",2005,163,16,59.1295,477.48,175.865,219.82,48.075,23.355,0.7778,5.12,0,14.6531769958301,0.390284286914899
"3906",2005,163,17,70.3955,461.587,174.02,218.6,49.175,23.145,0.80425,5.17,0,14.6531768618446,0.39106291259998
"3907",2005,163,18,81.1825,176.617,65.105,80.8,19.51,22.655,0.8239,4.655,0,14.6531769785783,0.391841538286108
"3908",2005,163,19,91.242,23.966,9.63,11.88,4.005,21.955,0.8598,2.76,0,14.6551313464883,0.392620045478378
"3909",2005,163,20,100.4975,0,0,0,0.045,21.08,0.90195,2.195,0,14.6850620196651,0.393396618608684
"3910",2005,163,21,108.0365,0,0,0,0.13,20.97,0.9039,1.91,0,14.6863952018992,0.394171294365484
"3911",2005,163,22,113.493,0,0,0,0.11,20.97,0.9237,1.59,0,14.6865581813769,0.394945879277189
"3912",2005,163,23,116.307,0.023,0,0,0.145,20.12,0.9537,2.39,0,14.6867186818031,0.395720444547091
"3913",2005,164,0,116.1265,0,0,0,0,19.365,0.9766,1.98,0,14.6868871974732,0.396494989838879
"3914",2005,164,1,112.9745,0.023,0,0,0.02,18.67,0.9852,2.49,0,14.6870520424505,0.397269514888592
"3915",2005,164,2,107.244,0.023,0,0,0.105,18.2,0.99065,2.43,0,14.6872032691402,0.398044020745898
"3916",2005,164,3,99.4955,0.023,0,0,0.07,18.175,0.99105,2.65,0,14.687328201729,0.398818509834229
"3917",2005,164,4,90.082,24.403,7.605,8.305,2.995,18.015,0.98645,2.55,0,14.7003942336844,0.399592197775056
"3918",2005,164,5,79.9445,222.134,80.705,100.615,28.95,18.465,0.9838,2.565,0,14.7128410839112,0.40036433559578
"3919",2005,164,6,69.0805,574.977,215.02,273.185,68.63,21.15,0.9008,4.135,0,14.7118219207874,0.401135778831615
"3920",2005,164,7,57.778,978.742,375.195,474.605,104.715,23.98,0.80015,2.65,0,14.7118005744456,0.401907285321386
"3921",2005,164,8,46.3335,1346.466,521.71,658.64,128.31,26.325,0.7117,4.2,0,14.7118002686288,0.402678793127399
"3922",2005,164,9,35.117,1637.577,644.64,809.07,144.245,27.695,0.66145,6.22,0,14.7118003451699,0.40345030094735
"3923",2005,164,10,24.9295,1786.548,711.545,886.39,148.69,28.79,0.55605,8.885,0,14.7118006342687,0.404221808745074
"3924",2005,164,11,18.051,1840.529,734.38,919.2,157.42,29.07,0.53355,9.08,0,14.7118003300618,0.404993316543717
"3925",2005,164,12,18.528,1929.01,767.26,963.59,166.23,29.66,0.50695,9.005,0,14.7118004989853,0.405764824350583
"3926",2005,164,13,25.9775,1623.363,635.83,803.425,146.76,30.13,0.46155,8.33,0,14.7118003885444,0.406536332153894
"3927",2005,164,14,36.352,1512.572,585.785,743.795,147.13,30.28,0.46955,8.215,0,14.7118002877702,0.407307839970045
"3928",2005,164,15,47.6175,863.489,331.515,419.545,90.485,30.26,0.48355,7.98,0,14.7118003037458,0.408079347791351
"3929",2005,164,16,59.06,727.053,273.52,349.41,82.285,30.21,0.5274,8.02,0,14.7118002913423,0.40885085561244
"3930",2005,164,17,70.3255,269.1,98.63,122.98,30.43,29.72,0.5779,7.405,0,14.7118002625631,0.409622363436032
"3931",2005,164,18,81.112,47.978,19.1111111111111,19.24,7.375,26.31,0.65565,9.35,0,14.7117835291854,0.410393872278601
"3932",2005,164,19,91.174,1.012,0,0.04,0.56,18.755,0.8817,3.48,0,14.6826417049919,0.411167152897865
"3933",2005,164,20,100.426,0.138,0,0,0.005,18.945,0.91885,6.28,0,14.6843306532637,0.411942100952128
"3934",2005,164,21,107.9685,0.023,0,0,0,19.41,0.9067,5.12,0,14.6845345268842,0.412716934088147
"3935",2005,164,22,113.4285,0,0,0,0.03,19.525,0.90895,5.395,0,14.6846791021062,0.413491746068245
"3936",2005,164,23,116.25,0,0,0,0.06,20.5,0.8642,5.775,0,14.6848397754598,0.414266539515161
"3937",2005,165,0,116.082,0.184,0,0.07,0.56,18.71,0.96705,8.625,1.66158333333333,14.6850124484654,0.415041312722787
"3938",2005,165,1,112.942,0.345,0,0,0.015,17.825,0.96365,3.855,1.66158333333333,14.6851908389583,0.415816064615249
"3939",2005,165,2,107.2225,0.023,0,0,0.03,18.04,0.96615,3.82,1.66158333333333,14.6853511156594,0.416590795945039
"3940",2005,165,3,99.4845,0.023,0,0,0.055,18.13,0.963,3.57,1.66158333333333,14.6854761879766,0.417365509949323
"3941",2005,165,4,90.081,18.17,5.535,4.245,1.27,18.195,0.96045,4.41,1.66158333333333,14.6882243566095,0.418140049491168
"3942",2005,165,5,79.95,208.127,77.175,94.85,25.78,18.855,0.95985,4.155,1.66158333333333,14.6939011909956,0.418914077401631
"3943",2005,165,6,69.09,588.593,223.32,282.305,68.47,20.54,0.93145,5.315,1.66158333333333,14.6926321764343,0.419687837605707
"3944",2005,165,7,57.7905,1010.344,386.1,491.46,104.52,22.3,0.8301,6.7,1.66158333333333,14.6926060215411,0.42046167647644
"3945",2005,165,8,46.3455,1396.836,544.42,692.235,133.355,23.365,0.773,6.65,1.66158333333333,14.6926056433797,0.421235516958719
"3946",2005,165,9,35.1255,1180.337,461.29,586.39,113.29,23.99,0.74075,9.255,1.66158333333333,14.6926057133717,0.422009357459716
"3947",2005,165,10,24.926,1415.696,559.575,710.115,131.335,24.08,0.67705,10.405,1.66158333333333,14.6926059756717,0.42278319794053
"3948",2005,165,11,18.018,1442.146,573.44,733.41,137.03,23.59,0.66905,10.795,1.66158333333333,14.6926057213775,0.423557038420858
"3949",2005,165,12,18.466,1219.805,480.585,618.335,121.71,23.18,0.62355,10.315,1.66158333333333,14.6926059312088,0.424330878903886
"3950",2005,165,13,25.9095,1585.896,624.325,805.175,159.11,23.43,0.6038,10.8,1.66158333333333,14.6926057151609,0.425104719387292
"3951",2005,165,14,36.2845,1431.129,554.45,722.44,152.275,23.71,0.58385,11.265,1.66158333333333,14.6926058354569,0.425878559876514
"3952",2005,165,15,47.5525,1093.075,415.345,544.13,121.37,23.47,0.57785,10.115,1.66158333333333,14.6926056621792,0.426652400368953
"3953",2005,165,16,58.995,759.299,282.5,371.055,90.985,23.37,0.58695,9.42,1.66158333333333,14.6926056597401,0.427426240872065
"3954",2005,165,17,70.258,442.796,161.075,211.77,57.82,23.25,0.59285,8.875,1.66158333333333,14.6926055554424,0.42820008138166
"3955",2005,165,18,81.0455,158.976,56.605,71.82,21.565,22.56,0.63985,6.5,1.66158333333333,14.6926056352716,0.428973921892742
"3956",2005,165,19,91.112,8.855,2.33,1.655,0.875,21.75,0.6912,5.355,1.66158333333333,14.692321531969,0.429747779654559
"3957",2005,165,20,100.3605,0,0,0,0.05,21.24,0.7197,5.405,1.66158333333333,14.7050090562472,0.430520883926876
"3958",2005,165,21,107.9045,0.023,0,0,0.185,20.785,0.73725,5.415,1.66158333333333,14.705793721023,0.431293169619281
"3959",2005,165,22,113.3695,0,0,0,0.29,19.71,0.7904,4.265,1.66158333333333,14.7059479320383,0.432065398253128
"3960",2005,165,23,116.202,0,0,0,0.185,18.43,0.87475,4.195,1.66158333333333,14.7061080309692,0.432837607785012
"3961",2005,166,0,116.0435,0.023,0,0,0,19.435,0.81115,5.555,0,14.7062763490754,0.433609797357439
"3962",2005,166,1,112.917,0,0,0,0.105,19.085,0.8259,5.02,0,14.7064411351082,0.434381966685402
"3963",2005,166,2,107.208,0.023,0,0,0,19.17,0.81105,6.315,0,14.7065906419401,0.435154116912019
"3964",2005,166,3,99.481,0.023,0,0,0.2,18.78,0.8205,6.29,0,14.7067149738805,0.435926250495804
"3965",2005,166,4,90.084,25.254,8.205,7.375,3.575,18.14,0.85015,6.69,0,14.7221371053174,0.436697439004459
"3966",2005,166,5,79.9595,251.482,92.46,115.635,35.475,18.51,0.83125,6.985,0,14.7304987787539,0.437467181171148
"3967",2005,166,6,69.1045,622.081,234.905,300.615,76.575,19.36,0.8008,7.55,0,14.7294871197506,0.438236476217497
"3968",2005,166,7,57.8075,1018.187,392.48,500.765,109.31,20.355,0.7596,8.275,0,14.72946641252,0.439005834072125
"3969",2005,166,8,46.3625,1338.531,526.82,668.415,129.39,21.34,0.7271,8.395,0,14.7294661270478,0.439775193203912
"3970",2005,166,9,35.139,1499.554,600.435,760.315,141.015,22.245,0.6864,8.715,0,14.7294662300971,0.440544552346797
"3971",2005,166,10,24.927,1377.079,550.655,697.895,128.005,22.93,0.66075,8.505,0,14.7294666287509,0.441313911459159
"3972",2005,166,11,17.993,1825.096,734.015,933.92,167.295,23.925,0.63,8.795,0,14.7294661514607,0.442083270576305
"3973",2005,166,12,18.413,1995.227,800.345,1027.43,188.66,24.44,0.59905,9.18,0,14.7294662402712,0.442852629717086
"3974",2005,166,13,25.8455,1011.862,397.07,510.385,106.885,24.28,0.596,8.89,0,14.7294665144798,0.443621988835781
"3975",2005,166,14,36.22,1013.679,395.13,507.345,109.37,23.94,0.59185,9.49,0,14.7294661458987,0.444391347960218
"3976",2005,166,15,47.488,1140.616,435.975,568.8,128.315,24.16,0.58515,8.38,0,14.7294661677304,0.44516070710575
"3977",2005,166,16,58.93,775.79,292.325,383.645,93.89,24.26,0.5822,8.135,0,14.7294661429479,0.445930066251462
"3978",2005,166,17,70.1955,359.536,133.095,173.25,47.615,23.725,0.616,7.16,0,14.7294661262977,0.446699425399694
"3979",2005,166,18,80.9835,179.239,62.87,82.635,27.23,22.945,0.6424,6.5,0,14.7294660690361,0.447468784552424
"3980",2005,166,19,91.052,11.937,3.075,2.9,1.07,21.69,0.69545,4.905,0,14.7290295145482,0.448238170267657
"3981",2005,166,20,100.2995,0,0,0,0.885,19.815,0.8119,4.975,0,14.742493768553,0.449006763254922
"3982",2005,166,21,107.8485,0,0,0,0.425,18.58,0.833,4.375,0,14.7433746976938,0.449774483169017
"3983",2005,166,22,113.318,0,0,0,0.335,18.145,0.78965,5.145,0,14.7435297875941,0.450542140015885
"3984",2005,166,23,116.1585,0,0,0,0.55,16.08,0.8885,4.685,0,14.7436895781928,0.451309777694201
"3985",2005,167,0,116.01,0,0,0,0,15.13,0.91065,1.72,0,14.7438567059075,0.452077395471018
"3986",2005,167,1,112.897,0,0,0,0,13.815,0.95755,2.47,0,14.7440204481925,0.45284499310563
"3987",2005,167,2,107.2,0,0,0,0.005,13.755,0.9594,2.29,0,14.7441693002486,0.453612571710463
"3988",2005,167,3,99.482,0.023,0,0,0.005,13.095,0.98275,1.945,0,14.7442930091227,0.454380133722523
"3989",2005,167,4,90.0935,23.851,8.12,9.42,3.195,12.75,0.98965,0.85,0,14.7553322570249,0.455147016053228
"3990",2005,167,5,79.974,236.348,86.705,110.41,32.885,13.045,0.99455,1.805,0,14.7621037215799,0.455912813660646
"3991",2005,167,6,69.123,513.038,202.765,257.035,61.61,15.395,0.93085,2.365,0,14.7610232978438,0.456678264584772
"3992",2005,167,7,57.8285,988.379,393.775,497.72,109.13,17.515,0.77565,2.07,0,14.7610013072649,0.457443782670487
"3993",2005,167,8,46.384,1308.194,528.285,670.29,133.22,18.96,0.69685,3.25,0,14.7610010014898,0.458209302114526
"3994",2005,167,9,35.158,1478.946,607.28,769.845,144.3,19.965,0.6426,3.65,0,14.761001098465,0.458974821571285
"3995",2005,167,10,24.9335,1440.421,592.525,746.89,128.105,20.695,0.56155,3.845,0,14.7610014718856,0.459740340999387
"3996",2005,167,11,17.974,1981.565,827.615,1040.955,168.9,21.535,0.497,3.96,0,14.7610010312886,0.460505860431581
"3997",2005,167,12,18.365,1970.709,820.045,1035.365,172.57,22.35,0.44145,3.9,0,14.7610011305928,0.461271379884568
"3998",2005,167,13,25.788,1854.398,762.2,969.235,172.53,23.065,0.40755,3.44,0,14.7610014387494,0.462036899312731
"3999",2005,167,14,36.161,1637.025,659.375,846.965,165.055,23.73,0.37315,3.285,0,14.7610010185674,0.46280241874772
"4000",2005,167,15,47.4285,1324.501,521.43,677.04,146.07,24.24,0.35855,2.975,0,14.761001037029,0.463567938207181
"4001",2005,167,16,58.87,958.87,367.415,483.2,118.015,24.565,0.3666,3.255,0,14.7610010162339,0.464333457666785
"4002",2005,167,17,70.1365,550.344,207.045,273.395,77.765,24.46,0.3777,3.385,0,14.7610009982138,0.465098977128753
"4003",2005,167,18,80.9255,207.713,76.41,101.275,34.75,23.395,0.43105,3.065,0,14.7610009134724,0.465864496596982
"4004",2005,167,19,90.998,16.307,4.865,5.23,2.44,21.88,0.48575,2.86,0,14.7607477973243,0.466630031490484
"4005",2005,167,20,100.244,0,0,0,0,20.765,0.5153,2.88,0,14.7759678213348,0.467394654391255
"4006",2005,167,21,107.797,0,0,0,0,19.525,0.55465,3.42,0,14.7769852892244,0.468158287655668
"4007",2005,167,22,113.275,0,0,0,0,18.07,0.6026,3.275,0,14.7771426035242,0.468921849303521
"4008",2005,167,23,116.1235,0,0,0,0,16.68,0.6514,2.815,0,14.7773021122522,0.469685391636988
"4009",2005,168,0,115.987,0.023,0,0,0,16.34,0.6519,2.77,0,14.7774694768284,0.470448914043243
"4010",2005,168,1,112.8835,0.046,0,0,0,15.73,0.6783,3.155,0,14.777633986886,0.471212416217253
"4011",2005,168,2,107.198,0,0,0,0.095,14.84,0.73175,3.29,0,14.7777847590183,0.471975899170421
"4012",2005,168,3,99.489,0.046,0,0,0.135,13.61,0.80945,3.43,0,14.7779085281857,0.472739365386371
"4013",2005,168,4,90.1065,25.599,8.335,8.54,3.575,12.575,0.85735,2.77,0,14.7944690323007,0.473501814220794
"4014",2005,168,5,79.9945,241.086,92.51,115.795,34.745,13.52,0.81945,2.835,0,14.8009191401557,0.474262859458109
"4015",2005,168,6,69.1465,602.485,231.245,298.75,77.255,15.47,0.73985,4.175,0,14.7998925342095,0.475023573774604
"4016",2005,168,7,57.8545,1000.178,387.225,501.275,113.4,17.22,0.65695,4.76,0,14.7998717675296,0.47578435200234
"4017",2005,168,8,46.408,1365.073,542.5,692.815,136.9,19,0.58755,3.91,0,14.7998714941024,0.476545131513936
"4018",2005,168,9,35.1795,1670.007,676.46,856.635,151.015,20.25,0.5019,4.61,0,14.7998716480787,0.477305911032821
"4019",2005,168,10,24.946,1894.303,772.965,970.015,160.635,20.77,0.48355,6.405,0,14.7998722590273,0.47806669050503
"4020",2005,168,11,17.962,1855.272,757.385,956.6,157.045,21.125,0.48525,5.545,0,14.7998714916333,0.478827469986786
"4021",2005,168,12,18.322,1886.782,768.115,970.32,162.16,21.67,0.43535,4.595,0,14.7998715466163,0.479588249512013
"4022",2005,168,13,25.734,1171.068,471.53,600.2,113.31,22.055,0.43135,4.22,0,14.7998717103928,0.480349029023891
"4023",2005,168,14,36.105,570.492,225.775,286.235,61.585,21.71,0.45195,5.36,0,14.7998715304876,0.481109808536753
"4024",2005,168,15,47.374,621.322,245.57,310.34,66.45,21.58,0.46085,5.495,0,14.7998715686433,0.481870588058265
"4025",2005,168,16,58.8165,324.852,127.54,160.48,34.59,21.195,0.4792,5.375,0,14.799871486656,0.482631367582451
"4026",2005,168,17,70.08,209.047,81.88,102.745,23.35,20.615,0.5135,4.26,0,14.7998714826743,0.483392147111884
"4027",2005,168,18,80.871,171.189,63.875,81.595,25.93,20.325,0.5258,3.875,0,14.7998714379898,0.484152926644285
"4028",2005,168,19,90.947,12.167,4.255,4.675,2.465,19.185,0.616,4.79,0,14.7972683604457,0.484913865012722
"4029",2005,168,20,100.1925,0.023,0,0,0.075,18.375,0.62495,4.275,0,14.8076059942063,0.485674331388573
"4030",2005,168,21,107.7495,0,0,0,0.08,17.5,0.63245,3.85,0,14.8084466793564,0.486434115541418
"4031",2005,168,22,113.2355,0,0,0,0.08,15.565,0.695,3.185,0,14.8086006181991,0.487193838982225
"4032",2005,168,23,116.0935,0,0,0,0,14.18,0.75835,2.77,0,14.8087597523927,0.4879535433127
"4033",2005,169,0,115.9685,0,0,0,0,12.955,0.8263,2.48,0,14.8089263070434,0.488713227762633
"4034",2005,169,1,112.8775,0.023,0,0,0.105,12.04,0.86635,2.985,0,14.8090902147013,0.489472892040511
"4035",2005,169,2,107.2025,0,0,0,0.1,11.535,0.88805,2.57,0,14.8092393607571,0.490232537208866
"4036",2005,169,3,99.5035,0.023,0,0,0.12,11.31,0.8896,2.81,0,14.8093632850479,0.490992165708279
"4037",2005,169,4,90.1245,26.105,8.06,8,3.64,10.87,0.9062,2.57,0,14.8277838932038,0.491750661919015
"4038",2005,169,5,80.0165,257.347,92.215,116.55,35.54,11.78,0.88835,3.11,0,14.8331796491475,0.492507703495859
"4039",2005,169,6,69.1715,618.907,233.14,303.1,78.525,14.085,0.8366,4.605,0,14.8321699109572,0.493264477107653
"4040",2005,169,7,57.882,1010.919,387.905,502.46,113.63,16.135,0.7701,4.565,0,14.8321496048176,0.494021313653878
"4041",2005,169,8,46.437,1366.039,542.145,690.025,136.27,17.735,0.67985,3.975,0,14.8321493365152,0.494778151457158
"4042",2005,169,9,35.205,1657.058,670.79,846.35,151.56,18.91,0.6108,3.975,0,14.8321494776223,0.49553498926821
"4043",2005,169,10,24.9625,1654.873,676.645,853.275,151.675,19.92,0.5756,3.96,0,14.8321500341376,0.496291827036638
"4044",2005,169,11,17.957,1218.701,493.04,629.875,123.515,20.44,0.5667,3.76,0,14.8321493389174,0.497048664813541
"4045",2005,169,12,18.286,897.782,356.15,459.025,96.71,20.635,0.5579,4.01,0,14.8321493970876,0.497805502629366
"4046",2005,169,13,25.6855,1008.918,408.31,521.96,110.25,21.125,0.54355,3.82,0,14.8321495708755,0.49856234043102
"4047",2005,169,14,36.0535,1090.522,439.095,559.54,117.255,21.51,0.53155,3.965,0,14.8321493697998,0.49931917823434
"4048",2005,169,15,47.3205,828,334.635,425.95,92.365,21.765,0.51585,3.745,0,14.8321494181771,0.50007601604699
"4049",2005,169,16,58.764,457.999,184.265,233.325,51.44,21.665,0.5163,3.325,0,14.8321493335151,0.500832853861857
"4050",2005,169,17,70.028,321.149,126.645,160.56,37.29,21.48,0.5307,3.37,0,14.8321492548351,0.501589691686704
"4051",2005,169,18,80.8215,175.973,69.24,89.595,26.955,21.015,0.5541,2.94,0,14.8321493273618,0.502346529511926
"4052",2005,169,19,90.902,14.743,5.55,6.105,2.66,19.945,0.5976,2.71,0,14.8296539880075,0.503103519787838
"4053",2005,169,20,100.1485,0,0,0,0,19.015,0.6105,2.54,0,14.8399119336967,0.503860035752295
"4054",2005,169,21,107.71,0,0,0,0,17.56,0.68035,2.55,0,14.8408063288559,0.504615870209265
"4055",2005,169,22,113.202,0.023,0,0,0,16.94,0.71935,2.58,0,14.8409615300033,0.505371640517201
"4056",2005,169,23,116.0705,0.023,0,0,0,15.685,0.78725,2.215,0,14.841121581061,0.506127391557311
"4057",2005,170,0,115.9585,0,0,0,0,15.195,0.8183,2.025,0,14.8412888001433,0.506883122594951
"4058",2005,170,1,112.878,0.023,0,0,0,14.54,0.85015,2.36,0,14.8414519468458,0.507638833440791
"4059",2005,170,2,107.2135,0,0,0,0,14.355,0.88025,2.19,0,14.8416012620266,0.508394525188991
"4060",2005,170,3,99.5195,0.023,0,0,0,13.945,0.90705,2.385,0,14.8417246239107,0.509150200271103
"4061",2005,170,4,90.1465,24.587,8.125,8.175,3.03,13.505,0.9215,2.235,0,14.8547107751656,0.509905073961
"4062",2005,170,5,80.045,258.29,91.99,114.685,34.73,13.86,0.9199,1.95,0,14.8585570357185,0.510658918454287
"4063",2005,170,6,69.204,607.246,233.92,299.605,77.48,16.815,0.82585,2.395,0,14.8574838640077,0.511412593356818
"4064",2005,170,7,57.9155,994.06,388.555,499.8,113.86,19.07,0.71375,3.32,0,14.8574623806085,0.512166335206285
"4065",2005,170,8,46.4715,1356.448,541.905,690.865,138.63,20.215,0.66045,2.99,0,14.857462092782,0.51292007838722
"4066",2005,170,9,35.2355,1561.953,641.24,808.42,148.865,21.325,0.60595,2.215,0,14.8574622252783,0.513673821577654
"4067",2005,170,10,24.986,1688.039,698.835,877.27,156.875,22.385,0.5479,2.635,0,14.8574627462051,0.514427564728126
"4068",2005,170,11,17.957,1752.255,724.125,909.405,160.08,23.005,0.5222,3.23,0,14.857462098366,0.51518130788636
"4069",2005,170,12,18.2575,1404.656,558.975,725.51,134.61,23.225,0.51085,3.51,0,14.8574621597774,0.515935051080458
"4070",2005,170,13,25.6405,1646.547,657.075,848.895,156.66,24.04,0.4863,3.445,0,14.8574623441844,0.516688794259523
"4071",2005,170,14,36.0055,1524.256,598.85,777.625,151.44,24.535,0.46925,3.275,0,14.8574621220143,0.517442537440897
"4072",2005,170,15,47.2725,1205.936,460.21,605.685,129.5,24.605,0.4607,3.315,0,14.8574621637659,0.518196280633305
"4073",2005,170,16,58.7155,983.917,366.045,493.56,117.085,24.795,0.4564,3.765,0,14.8574620914603,0.518950023827582
"4074",2005,170,17,69.981,554.024,202.685,274.435,74.97,24.43,0.47495,3.8,0,14.8574620779621,0.519703767027106
"4075",2005,170,18,80.776,216.706,77.435,104.245,34.07,23.595,0.51985,3.025,0,14.8574620712736,0.520457510227865
"4076",2005,170,19,90.8605,18.492,5.33,6.14,2.995,21.525,0.6016,2.93,0,14.8558190417263,0.521211353909982
"4077",2005,170,20,100.1085,0,0,0,0,19.975,0.6498,3.095,0,14.8679230314086,0.521964557758901
"4078",2005,170,21,107.6765,0,0,0,0,18.945,0.68545,2.895,0,14.8689643282957,0.522716957475402
"4079",2005,170,22,113.1765,0,0,0,0,18.56,0.69065,2.83,0,14.8691215906437,0.523469283860706
"4080",2005,170,23,116.0545,0.023,0,0,0,18.24,0.6973,2.325,0,14.8692806806397,0.524221590890366
"4081",2005,171,0,115.955,0,0,0,0,17.755,0.7179,1.78,0,14.8694476908323,0.524973877967852
"4082",2005,171,1,112.884,0.023,0,0,0,17.24,0.7332,1.83,0,14.8696109059659,0.52572614484065
"4083",2005,171,2,107.2285,0,0,0,0,16.73,0.75045,1.945,0,14.8697598961434,0.526478392611192
"4084",2005,171,3,99.544,0.046,0,0,0,16.045,0.7741,1.565,0,14.8698839258032,0.527230623676949
"4085",2005,171,4,90.173,22.586,7.985,8.35,2.73,15.505,0.79385,1.985,0,14.8779092318255,0.527982356072639
"4086",2005,171,5,80.0765,227.493,84.595,111.04,33.17,14.925,0.85045,2.3,0,14.8801655432294,0.528733459240379
"4087",2005,171,6,69.239,588.685,220.32,295.885,76.075,18.345,0.75955,1.51,0,14.8789944369838,0.529484495986901
"4088",2005,171,7,57.9525,976.672,365.645,495.65,112.13,20.98,0.62535,2.55,0,14.8789710615204,0.530235605843984
"4089",2005,171,8,46.507,1330.297,512.365,683.73,136.235,22.595,0.5424,2.29,0,14.8789707344709,0.530986717151803
"4090",2005,171,9,35.271,1627.342,650.67,847.185,149.975,23.675,0.5008,1.425,0,14.8789708198615,0.531737828474414
"4091",2005,171,10,25.0135,1799.566,734.605,947.605,158.435,24.405,0.48665,2.055,0,14.8789711445177,0.532488939771928
"4092",2005,171,11,17.9665,1882.435,774.345,987.015,159.37,24.99,0.45875,2.405,0,14.8789707786284,0.533240051071965
"4093",2005,171,12,18.233,1844.14,749.335,955.84,157.27,25.54,0.45245,2.835,0,14.8789709079496,0.533991162386481
"4094",2005,171,13,25.603,1753.313,699.155,902.365,160.175,26.215,0.4291,2.85,0,14.878971312017,0.534742273668351
"4095",2005,171,14,35.961,1523.842,592.24,776.095,151.225,26.38,0.4315,3.015,0,14.8789707503464,0.535493384959867
"4096",2005,171,15,47.2265,1251.085,478.27,634.515,134.34,26.67,0.42005,3.005,0,14.8789707646345,0.536244496284886
"4097",2005,171,16,58.6695,983.756,366.94,496.41,115.22,27.175,0.39265,1.985,0,14.878970747382,0.536995607610087
"4098",2005,171,17,69.938,564.052,206.375,277.975,73.395,27.045,0.39895,1.37,0,14.8789707223014,0.537746718937879
"4099",2005,171,18,80.734,202.055,73.53,95.835,28.98,26.84,0.4287,0.795,0,14.8789705986451,0.538497830274774
"4100",2005,171,19,90.824,17.963,5.355,5.92,2.17,24.43,0.54855,1.36,0,14.8766546559611,0.539249083364868
"4101",2005,171,20,100.0755,0,0,0,0,23.465,0.5641,1.37,0,14.8869493336267,0.539999848074692
"4102",2005,171,21,107.6495,0,0,0,0,22,0.61215,0.315,0,14.8879457582494,0.540749921578136
"4103",2005,171,22,113.156,0,0,0,0,21.02,0.65395,1.845,0,14.8881020703131,0.541499924504825
"4104",2005,171,23,116.0465,0,0,0,0.04,18.365,0.75895,3.52,0,14.8882604130046,0.542249908166349
"4105",2005,172,0,115.955,0,0,0,0.04,16.94,0.8125,2.85,0,14.888426254651,0.542999871979131
"4106",2005,172,1,112.8965,0.023,0,0,0,17.045,0.80215,2.605,0,14.8885895536949,0.543749815639592
"4107",2005,172,2,107.2505,0.023,0,0,0,16.37,0.8369,1.735,0,14.8887388238199,0.544499740162247
"4108",2005,172,3,99.573,0.046,0,0,0.02,15.345,0.8728,2.46,0,14.8888635599228,0.545249647908118
"4109",2005,172,4,90.2045,25.852,9.325,10.72,3.56,15.38,0.8668,1.53,0,14.9061405867311,0.545998489959312
"4110",2005,172,5,80.114,216.637,79.48,101.65,29.115,15.895,0.86215,0.75,0,14.9097069497639,0.546746055230305
"4111",2005,172,6,69.2785,571.435,216.235,285.115,72.235,19.18,0.80345,1.59,0,14.908640367773,0.547493467339255
"4112",2005,172,7,57.9935,916.136,348.24,460.88,101.86,22.19,0.683,2.985,0,14.9086191659866,0.548240946098854
"4113",2005,172,8,46.5485,1327.951,510.075,671.31,131.435,24.25,0.61995,4.465,0,14.9086188784283,0.54898842617513
"4114",2005,172,9,35.3095,1646.455,634.36,825.93,145.345,25.63,0.56215,4.705,0,14.9086189888622,0.549735906262259
"4115",2005,172,10,25.049,1835.193,718.705,926.465,150.655,26.7,0.5082,4.73,0,14.9086194166456,0.550483386316411
"4116",2005,172,11,17.979,1930.781,760.42,979.19,157.225,27.29,0.47755,4.69,0,14.9086188970407,0.551230866376189
"4117",2005,172,12,18.217,1856.813,723.53,940.48,159.72,27.86,0.46005,4.76,0,14.9086189755761,0.551978346462991
"4118",2005,172,13,25.5675,1604.089,617.19,808.83,149.925,28.275,0.44295,4.525,0,14.9086192147041,0.55272582653033
"4119",2005,172,14,35.922,1560.872,583.105,780.14,152.74,28.825,0.4355,4.2,0,14.9086188989804,0.553473306602362
"4120",2005,172,15,47.186,1248.279,456.275,615.845,131.38,29,0.43285,4.085,0,14.908618923789,0.554220786692219
"4121",2005,172,16,58.629,936.606,335.03,460.42,110.355,29.085,0.44485,4.14,0,14.9086188852362,0.554968266782918
"4122",2005,172,17,69.8985,458.252,168.275,225.29,58.1,28.435,0.48325,4.08,0,14.9086188774228,0.555715746876458
"4123",2005,172,18,80.698,178.687,62.16,83.12,25.755,26.92,0.5626,3.6,0,14.908618837043,0.55646322697295
"4124",2005,172,19,90.7535,14.536,3.8,3.88,1.475,24.625,0.6685,3.325,0,14.9039128880566,0.557210995394976
"4125",2005,172,20,100.0455,0,0,0,0,23.135,0.716,3.085,0,14.9105373092672,0.557958646273818
"4126",2005,172,21,107.6265,0,0,0,0,22.24,0.7448,2.88,0,14.9113976312902,0.558705838553781
"4127",2005,172,22,113.1435,0,0,0,0,21.66,0.75765,3.1,0,14.9115512468767,0.559452968703058
"4128",2005,172,23,116.044,0.023,0,0,0.015,22.185,0.7278,3.615,0,14.9117098615393,0.560200079719654
"4129",2005,173,0,115.9655,0.023,0,0,0.055,21.865,0.753,3.055,0,14.9118768896307,0.560947170781572
"4130",2005,173,1,112.917,0,0,0,0.09,21.115,0.81025,3.06,0,14.9120398926892,0.561694241619786
"4131",2005,173,2,107.279,0,0,0,0.045,19.72,0.85235,1.83,0,14.9121882986467,0.56244129337532
"4132",2005,173,3,99.605,0.069,0,0,0.01,19.39,0.80725,1.235,0,14.912312223646,0.563188328442733
"4133",2005,173,4,90.24,18.032,5.645,5.43,1.435,18.925,0.79905,1.465,0,14.9149316116254,0.563935195397497
"4134",2005,173,5,80.155,208.196,80.625,102.69,27.92,19.7,0.7532,1.37,0,14.913234221178,0.564682005850748
"4135",2005,173,6,69.322,439.599,167.135,213.795,51.01,21.135,0.74135,0.945,0,14.9118749970164,0.565429003617377
"4136",2005,173,7,58.037,972.187,359.785,480.375,108.075,24.22,0.54165,3.85,0,14.9118479835006,0.566176086331429
"4137",2005,173,8,46.5935,1336.783,496.79,664.525,132.445,25.005,0.48895,4.585,0,14.9118475980829,0.566923170724436
"4138",2005,173,9,35.3535,1636.312,624.765,821.215,147.495,26.145,0.45685,4.55,0,14.9118476692446,0.567670255136701
"4139",2005,173,10,25.085,1852.742,722.83,936.29,155.38,27.4,0.4366,3.81,0,14.911847934848,0.568417339528329
"4140",2005,173,11,18,1950.4,771.48,990.95,157.655,28.395,0.4176,3.16,0,14.9118476730413,0.569164423919725
"4141",2005,173,12,18.2065,1952.815,773.595,992.45,159.2,29.25,0.3667,3.045,0,14.9118478738708,0.569911508314857
"4142",2005,173,13,25.5395,1839.586,719.245,928.93,156.63,29.74,0.3618,2.56,0,14.9118476739479,0.570658592709934
"4143",2005,173,14,35.8865,1609.747,619.945,807.83,148.585,30.115,0.35725,2.26,0,14.9118477298318,0.571405677113837
"4144",2005,173,15,47.1485,1311.092,495.555,650.275,131.525,30.385,0.3523,1.925,0,14.911847636064,0.572152761520062
"4145",2005,173,16,58.593,944.587,348.71,462.265,105.89,30.21,0.35785,2.245,0,14.911847612401,0.572899845933482
"4146",2005,173,17,69.8635,552.897,200.275,266.13,71.125,29.78,0.3781,2.6,0,14.9118475977144,0.573646930349253
"4147",2005,173,18,80.6665,206.609,73.545,96.345,30.39,28.37,0.45935,2.485,0,14.9118475057516,0.574394014771559
"4148",2005,173,19,90.726,17.756,5.025,5.465,1.89,26.59,0.48545,3.135,0,14.9087434160896,0.575141289405344
"4149",2005,173,20,100.0225,0,0,0,0,25.38,0.5139,2.97,0,14.9169919398814,0.575888248790461
"4150",2005,173,21,107.61,0,0,0,0,23.925,0.55525,3.535,0,14.9179697236576,0.576634642751217
"4151",2005,173,22,113.137,0.023,0,0,0,22.125,0.6319,2.945,0,14.9181259726717,0.57738096720642
"4152",2005,173,23,116.049,0.023,0,0,0,21.31,0.66105,3.46,0,14.9182851896586,0.578127272326232
"4153",2005,174,0,115.9815,0.023,0,0,0,20.33,0.69245,3.55,0,14.9184521210852,0.5788735574558
"4154",2005,174,1,112.943,0,0,0,0,19.925,0.681,3.255,0,14.9186150277908,0.579619822368861
"4155",2005,174,2,107.312,0,0,0,0,19.32,0.70045,2.68,0,14.9187635172004,0.580366068195661
"4156",2005,174,3,99.6435,0.023,0,0,0,18.875,0.7236,2.945,0,14.9188870503806,0.581112297349419
"4157",2005,174,4,90.3205,21.459,7.885,7.805,2.305,18.435,0.73635,2.615,0,14.9249497478058,0.581858147303737
"4158",2005,174,5,80.2,215.096,81.12,104.435,30.08,18.79,0.73925,2.55,0,14.9253991419016,0.582603598053735
"4159",2005,174,6,69.368,572.884,214.965,283.38,72.445,21.745,0.6203,3.68,0,14.9241629408006,0.583349097039508
"4160",2005,174,7,58.085,949.348,360.27,475.535,108.13,24.155,0.5088,5.175,0,14.9241383978318,0.584094673315395
"4161",2005,174,8,46.642,875.702,344.235,439.38,93.175,25.52,0.45255,6.12,0,14.924138052973,0.584840251117011
"4162",2005,174,9,35.401,999.902,399.715,499.36,100.065,26.305,0.4538,5.82,0,14.9241381346565,0.585585828934761
"4163",2005,174,10,25.129,1080.425,431.14,538.81,101.965,27.335,0.5064,5.525,0,14.9241384438228,0.586331406728551
"4164",2005,174,11,18.0275,1862.149,749.99,939.05,160.305,28.575,0.52375,5.68,0,14.9241381032485,0.587076984524266
"4165",2005,174,12,18.2045,1877.329,749.995,945.325,161.63,29.795,0.53315,5.765,0,14.9241382462055,0.587822562332096
"4166",2005,174,13,25.5155,1764.951,697.845,884.97,158.91,30.795,0.5036,5.34,0,14.924138222648,0.588568140132606
"4167",2005,174,14,35.855,1525.337,593.7,760.99,148.375,31.165,0.4912,5.45,0,14.9241380616337,0.589313717944431
"4168",2005,174,15,47.1155,1245.933,477.365,614.495,130.865,31.27,0.5074,4.7,0,14.9241380675249,0.590059295765766
"4169",2005,174,16,58.5595,870.826,330.735,428.13,101.935,31.225,0.5209,4.54,0,14.9241380660993,0.590804873586827
"4170",2005,174,17,69.8325,479.941,183.95,236.84,63.825,30.855,0.5499,4.385,0,14.9241379947695,0.591550451412348
"4171",2005,174,18,80.6375,166.658,63.095,79.74,23.9,29.68,0.6,3.87,0,14.9241380049104,0.592296029241621
"4172",2005,174,19,90.7045,16.1,4.935,4.985,1.78,27.91,0.65455,3.39,0,14.9194643375257,0.593041893570573
"4173",2005,174,20,100.005,0.046,0,0,0.015,26.115,0.70315,3.815,0,14.9258103990581,0.593787655378189
"4174",2005,174,21,107.6015,0,0,0,0.005,24.835,0.73265,3.655,0,14.92667830457,0.594532974941312
"4175",2005,174,22,113.1375,0,0,0,0,24.485,0.74065,4.17,0,14.9268319602816,0.595278231873435
"4176",2005,174,23,116.061,0,0,0,0,23.825,0.7697,3.635,0,14.9269898841409,0.596023469702636
"4177",2005,175,0,116.0035,0,0,0,0,23.44,0.79935,3.9,0,14.927155447895,0.596768687698727
"4178",2005,175,1,112.975,0,0,0,0,22.93,0.83615,3.635,0,14.9273172952168,0.597513885621047
"4179",2005,175,2,107.351,0,0,0,0,22.615,0.86095,3.645,0,14.9274660568019,0.598259064499645
"4180",2005,175,3,99.691,0.046,0,0,0,22.225,0.8845,3.76,0,14.927589862607,0.599004226666799
"4181",2005,175,4,90.364,18.239,6.205,5.84,1.85,21.65,0.90665,2.72,0,14.9303405019983,0.599749212592076
"4182",2005,175,5,80.25,173.673,68.82,84.745,23.695,22.43,0.8894,2.77,0,14.9283923965867,0.600494149310785
"4183",2005,175,6,69.42,489.601,192.315,243.71,62.86,24.005,0.83745,3.215,0,14.926943726184,0.601239294297875
"4184",2005,175,7,58.137,894.355,347.78,444.125,100.79,26.145,0.7432,4.735,0,14.9269149539085,0.601984529868682
"4185",2005,175,8,46.6935,1272.521,502.03,634.71,126.67,27.5,0.704,4.07,0,14.9269145343547,0.602729767229243
"4186",2005,175,9,35.4515,1576.926,632.695,792.32,142.355,28.87,0.6604,3.41,0,14.9269145929104,0.603475004611937
"4187",2005,175,10,25.178,1788.25,725.34,903.97,151.685,30.365,0.62025,3.28,0,14.9269148056524,0.604220241977997
"4188",2005,175,11,18.0605,1926.365,786.815,980.265,161.955,31.585,0.5605,3.39,0,14.9269146676471,0.604965479339476
"4189",2005,175,12,18.208,1847.889,748.86,938.575,159.8,32.245,0.5152,3.715,0,14.9269145819447,0.605710716714669
"4190",2005,175,13,25.4975,1809.893,725.11,916.85,165.585,32.775,0.4599,4.59,0,14.9269145979004,0.60645595409414
"4191",2005,175,14,35.8285,1580.054,623.47,795.935,155.855,33.04,0.4521,4.69,0,14.9269145484743,0.607201191475662
"4192",2005,175,15,47.087,1271.969,491.915,634.23,136.06,32.93,0.4467,5.015,0,14.9269145540016,0.607946428859876
"4193",2005,175,16,58.5305,916.297,349.515,453.14,108.345,32.72,0.4731,3.96,0,14.9269145533139,0.608691666243793
"4194",2005,175,17,69.805,537.027,204.385,265.015,71.765,32.315,0.5161,2.65,0,14.9269144939055,0.609436903631394
"4195",2005,175,18,80.6165,234.577,90.185,114.565,34.23,30.945,0.5925,2.595,0,14.9269144577491,0.610182141024855
"4196",2005,175,19,90.6875,28.819,11.18,13.925,5.495,28.295,0.64,4.3,0,14.926618763996,0.610927396549484
"4197",2005,175,20,99.993,0,0,0,0.055,26.65,0.67075,4.005,0,14.9610489998479,0.611670558482295
"4198",2005,175,21,107.597,0,0,0,0.02,25.48,0.725,3.08,0,14.9627159209839,0.612411505565474
"4199",2005,175,22,113.1435,0,0,0,0.005,24.72,0.7612,2.61,0,14.9628848668975,0.613152339958552
"4200",2005,175,23,116.079,0,0,0,0,24.155,0.7965,3.29,0,14.9630426980719,0.613893154292802
"4201",2005,176,0,116.034,0,0,0,0,23.175,0.8487,3.005,0,14.9632079180394,0.614633948796833
"4202",2005,176,1,113.014,0,0,0,0,22.685,0.86655,2.445,0,14.9633696496608,0.615374723231111
"4203",2005,176,2,107.3965,0,0,0,0,22.185,0.8821,1.765,0,14.9635174107013,0.616115478667248
"4204",2005,176,3,99.7405,0.023,0,0,0,21.95,0.8899,1.95,0,14.9636406303279,0.616856217469215
"4205",2005,176,4,90.415,13.984,5.525,4.945,1.635,21.35,0.91205,2.51,0,14.9646395034734,0.61759688739048
"4206",2005,176,5,80.303,159.252,63.68,77.18,19.535,22.325,0.89745,2.585,0,14.9575986686387,0.618337928179306
"4207",2005,176,6,69.4745,439.484,175.34,220.65,54.895,24.615,0.82195,3.04,0,14.9558678125743,0.619079507346295
"4208",2005,176,7,58.19,817.765,326.125,411.96,92.815,26.55,0.7336,3.81,0,14.9558336811468,0.61982119483212
"4209",2005,176,8,46.747,1179.118,473.865,594.445,120.405,27.815,0.68735,3.6,0,14.9558331792334,0.620562884443383
"4210",2005,176,9,35.506,1439.823,587.075,729.305,135.78,28.905,0.67315,2.49,0,14.9558332363176,0.621304574081944
"4211",2005,176,10,25.23,1632.678,670.575,829.25,145.705,30.055,0.61305,2.455,0,14.9558334438773,0.622046263704265
"4212",2005,176,11,18.102,1789.676,738.16,911.75,155.12,31.045,0.57965,2.065,0,14.955833319987,0.62278795332145
"4213",2005,176,12,18.2185,1713.339,708.09,872.27,150.265,32.24,0.5177,1.305,0,14.9558332150892,0.623529642952677
"4214",2005,176,13,25.485,1656.322,679.82,841.295,153.22,32.925,0.4667,1.425,0,14.9558332853163,0.624271332586031
"4215",2005,176,14,35.8075,1255.777,509.415,629.53,119.285,33.09,0.44405,1.265,0,14.9558334659507,0.625013022203989
"4216",2005,176,15,47.063,1106.208,451.62,563.085,119.28,33.255,0.46025,1.52631578947368,0,14.9558332012425,0.625754711827108
"4217",2005,176,16,58.5075,742.463,297.725,368.005,79.53,32.28,0.4888,2.35789473684211,0,14.9558331959674,0.626496401466795
"4218",2005,176,17,69.783,331.867,131.36,165.44,37.98,30.065,0.55715,2.6,0,14.9558330669634,0.627238091114723
"4219",2005,176,18,80.597,158.102,67.185,83.955,21.77,29.835,0.5983,3.045,0,14.9558331786636,0.627979780763713
"4220",2005,176,19,90.6755,19.136,6.67,7.845,2.685,27.91,0.5905,3.285,0,14.9520204874238,0.628721704379654
"4221",2005,176,20,99.988,0.023,0,0,0,26.785,0.6381,2.84,0,14.959145866098,0.629463424698188
"4222",2005,176,21,107.6005,0,0,0,0,25.315,0.6794,2.46,0,14.9600739398326,0.630204650758797
"4223",2005,176,22,113.157,0.023,0,0,0,24.765,0.706,1.72,0,14.9602290601712,0.63094581033546
"4224",2005,176,23,116.1045,0,0,0,0,23.99,0.74515,0.805,0,14.9603873805821,0.631686950673594
"4225",2005,177,0,116.069,0,0,0,0,23.75,0.7537,1.67,0,14.9605526326888,0.632428071151224
"4226",2005,177,1,113.0595,0,0,0,0,23.15,0.77355,2.84,0,14.9607142205143,0.633169171567693
"4227",2005,177,2,107.4475,0,0,0,0,22.02,0.84575,2.77,0,14.9608627253239,0.633910252950838
"4228",2005,177,3,99.795,0,0,0,0,21.6,0.869,1.645,0,14.9609859095634,0.634651317657772
"4229",2005,177,4,90.468,16.905,6.245,5.98,1.5,21.53,0.87015,1.755,0,14.9629670508641,0.635392253198528
"4230",2005,177,5,80.36,166.451,67.435,82.54,21.425,21.7,0.8702,0.925,0,14.9586624619085,0.636133331352041
"4231",2005,177,6,69.5325,468.165,188.38,236.275,59,24.265,0.81135,2.125,0,14.9571117137473,0.636874768889814
"4232",2005,177,7,58.2495,826.827,334.815,417.92,92.165,26.75,0.73615,1.54,0,14.957081090106,0.637616303481541
"4233",2005,177,8,46.806,1195.839,489.805,603.79,116.75,29.18,0.64235,0.535,0,14.9570806452683,0.63835783998001
"4234",2005,177,9,35.5655,1506.132,620.125,762.5,134.36,30.355,0.58715,1.1,0,14.9570807051735,0.639099376502103
"4235",2005,177,10,25.287,1703.495,706.17,870.72,146.93,31.03,0.51725,2.33,0,14.9570809235521,0.639840913007117
"4236",2005,177,11,18.148,1849.016,766.285,946,155.61,31.67,0.4487,2.84,0,14.9570807694755,0.640582449508185
"4237",2005,177,12,18.235,1833.284,759.555,942.52,161.01,32.175,0.41975,2.805,0,14.9570807097141,0.641323986022377
"4238",2005,177,13,25.4765,1484.765,614.645,762.595,140.53,32.26,0.4335,2.57,0,14.9570806660376,0.642065522542917
"4239",2005,177,14,35.789,1360.519,560.015,702.19,139.205,32.3,0.44425,3.07,0,14.957080690869,0.642807059064613
"4240",2005,177,15,47.043,1034.747,421.46,531.21,113.37,32.335,0.43695,3.18,0,14.9570807291589,0.643548595582435
"4241",2005,177,16,58.4875,731.653,299.22,374.555,86.645,32.525,0.42285,2.05,0,14.9570806616563,0.644290132102051
"4242",2005,177,17,69.765,481.896,200.135,255.205,65.725,32.165,0.45815,1.895,0,14.9570806558289,0.645031668626166
"4243",2005,177,18,80.5825,184.989,77.82,98.2,26.5,31.265,0.5317,1.405,0,14.9570806147237,0.645773205153162
"4244",2005,177,19,90.6675,16.468,6.805,7.745,2.29,30.085,0.5349,2.465,0,14.9520503486357,0.646515050384077
"4245",2005,177,20,99.987,0,0,0,0,29.24,0.5283,2.99,0,14.957023458814,0.647256899122579
"4246",2005,177,21,107.609,0,0,0,0,27.8,0.61925,3.425,0,14.9579149742424,0.647998387952977
"4247",2005,177,22,113.1785,0,0,0,0.015,25.895,0.71525,3.29,0,14.9580688345885,0.64873981262514
"4248",2005,177,23,116.1355,0,0,0,0,24.9,0.7457,3.14,0,14.9582264652865,0.649481218179797
"4249",2005,178,0,116.112,0,0,0,0,23.61,0.8019,1.835,0,14.9583918583969,0.65022260390903
"4250",2005,178,1,113.11,0,0,0,0,22.935,0.846,0.69,0,14.9585540111144,0.650963969535196
"4251",2005,178,2,107.505,0.046,0,0,0,22.795,0.85275,1.795,0,14.9587023153975,0.651705316107019
"4252",2005,178,3,99.855,0.023,0,0,0,22.34,0.8787,1.91,0,14.9588277170744,0.652446645880021
"4253",2005,178,4,90.525,12.719,4.335,3.845,0.96,22.5,0.8677,2.225,0,14.9595872748676,0.653187921337639
"4254",2005,178,5,80.4205,154.675,63.075,77.175,19.8,22.99,0.84925,2.045,0,14.9525895965591,0.653929579641327
"4255",2005,178,6,69.5945,453.353,184.995,230.88,57.015,24.9,0.80195,1.55,0,14.9507827707013,0.654671778247557
"4256",2005,178,7,58.31,835.475,338.095,421.045,92.18,27.255,0.72445,1.23,0,14.95074695168,0.655414089919652
"4257",2005,178,8,46.8685,1191.17,483.355,599.195,117.45,29.355,0.6028,1.75,0,14.9507464187646,0.656156403822279
"4258",2005,178,9,35.6275,1520.898,619.78,764.425,136.19,30.165,0.5257,2.37,0,14.9507464756051,0.656898717754118
"4259",2005,178,10,25.3485,1573.154,640.34,793.855,140.715,30.725,0.48605,3.74,0,14.9507466810709,0.657641031669863
"4260",2005,178,11,18.2015,1512.342,613.645,761.01,134.76,30.61,0.51735,3.595,0,14.9507465646611,0.658383345580142
"4261",2005,178,12,18.2575,1927.285,786.51,976.945,169.465,31.435,0.45845,3.64,0,14.9507464514009,0.659125659504515
"4262",2005,178,13,25.4745,1759.638,715.755,891.42,160.43,31.865,0.43875,3.735,0,14.9507465120819,0.659867973432113
"4263",2005,178,14,35.778,1454.152,582.035,727.27,140.6,31.65,0.4581,4.015,0,14.9507466669841,0.660610287346484
"4264",2005,178,15,47.0255,796.582,316.1,394.35,81.295,31.125,0.49925,3.635,0,14.9507464453195,0.66135260126495
"4265",2005,178,16,58.47,690.667,271.13,338.92,76.25,29.75,0.5883,4.45,0,14.9507464376076,0.662094915197492
"4266",2005,178,17,69.7535,442.566,176.695,220.47,53.525,29.99,0.58335,3.87,0,14.9507462639846,0.66283722914116
"4267",2005,178,18,80.5735,187.312,72.81,89.505,22.18,28.91,0.64095,3.085,0,14.9507464259311,0.663579543085544
"4268",2005,178,19,90.665,20.447,7.35,8.255,2.49,27.545,0.67815,3.205,0,14.9476728228928,0.664322045607912
"4269",2005,178,20,99.991,0,0,0,0,25.93,0.74215,3.25,0,14.9557722845084,0.665064239740165
"4270",2005,178,21,107.623,0,0,0,0,24.63,0.8122,2.095,0,14.9567857980798,0.665805874656841
"4271",2005,178,22,113.205,0,0,0,0,24.145,0.8285,2.095,0,14.9569419636955,0.66654743778912
"4272",2005,178,23,116.1755,0,0,0,0,23.42,0.847,2.555,0,14.9570995262723,0.667311534205674
"4273",2005,179,0,116.162,0,0,0,0,23.03,0.8588,2.895,0.381,14.9572648433829,0.668117641195115
"4274",2005,179,1,113.1685,0,0,0,0,22.675,0.87275,2.475,0.381,14.9574267995715,0.668905861796893
"4275",2005,179,2,107.567,0,0,0,0,22.725,0.87835,2.575,0.381,14.9575750995071,0.669686651784271
"4276",2005,179,3,99.9185,0,0,0,0.015,22.195,0.9034,2.92,0.381,14.9576984477335,0.670455555557717
"4277",2005,179,4,90.5875,9.775,2.64,1.635,0.455,21.91,0.91975,3.1,0.381,14.958109615159,0.671203995773
"4278",2005,179,5,80.485,124.913,47.525,55.635,12.935,22.06,0.91945,2.57,0.381,14.9483957623097,0.671949007099548
"4279",2005,179,6,69.659,497.881,198.355,246.83,59.445,23.695,0.8619,2.325,0.381,14.9460860058594,0.672738122570057
"4280",2005,179,7,58.377,847.849,336.045,418.655,91.275,25.805,0.7703,2.6,0.381,14.9460399532584,0.673611752011369
"4281",2005,179,8,46.9335,1273.786,514.22,639.25,126.53,27.575,0.68255,3.42,0.381,14.9460393519437,0.674558157173842
"4282",2005,179,9,35.693,1545.416,627.455,776.97,140.22,28.765,0.6339,4.215,0.381,14.9460394389289,0.675547168959356
"4283",2005,179,10,25.4155,1665.131,682.585,841.845,145.695,29.67,0.59625,4.245,0.381,14.9460392899646,0.676558126853355
"4284",2005,179,11,18.2605,1756.832,722.045,892.92,151.48,30.29,0.54205,4.52,0.381,14.9460393309101,0.677580378667614
"4285",2005,179,12,18.289,1842.024,756.09,935.685,158.645,30.8,0.52215,4.105,0.381,14.9460394588403,0.678608204199556
"4286",2005,179,13,25.4795,1683.416,685.825,851.47,151.295,31.265,0.497,3.555,0.381,14.9460398582551,0.679638845818009
"4287",2005,179,14,35.7695,1497.484,605.215,756.83,143.495,31.54,0.50255,3.03,0.381,14.9460393033955,0.680670393192481
"4288",2005,179,15,47.0145,1186.156,473.645,596.265,122.82,31.58,0.5125,2.695,0.381,14.9460393177816,0.681701990516074
"4289",2005,179,16,58.4595,811.371,322.895,407.93,93.725,31.405,0.5349,2.965,0.381,14.9460393004339,0.682733592555398
"4290",2005,179,17,69.744,412.62,161.55,204.385,51.02,30.73,0.5681,3.005,0.381,14.946039275702,0.683764282550212
"4291",2005,179,18,80.569,93.334,34.075,39.585,8.525,29.45,0.6264,2.125,0.381,14.9460391418276,0.684787411425429
"4292",2005,179,19,90.6665,10.603,3.69,3.615,1.45,27.165,0.7055,3.08,0.381,14.931828039751,0.685778686614805
"4293",2005,179,20,100.0015,0.069,0,0,0.295,24.735,0.71495,5.16,0.381,14.9342650933856,0.686698970387337
"4294",2005,179,21,107.645,0,0,0,0.235,23.22,0.7891,5.14,0.381,14.9347727865384,0.687539498486104
"4295",2005,179,22,113.2385,0,0,0,0.005,22.735,0.7784,2.545,0.381,14.9349194994349,0.688333756250803
"4296",2005,179,23,116.219,0.276,0,0,0.515,22.45,0.8042,7.065,0.381,14.9350837034841,0.689109247419031
"4297",2005,180,0,116.218,0.184,0,0,0.035,23.095,0.77735,3.57,0.0105833333333333,14.9352628844427,0.689893535119861
"4298",2005,180,1,113.231,0.345,0,0,0.015,22.615,0.8101,2.785,0.0105833333333333,14.9354394743971,0.690681864187593
"4299",2005,180,2,107.635,0.299,0,0,0.05,22.225,0.8981,2.38,0.0105833333333333,14.9356047640457,0.691448791545615
"4300",2005,180,3,99.988,0.322,0,0,0.19,22.09,0.91585,2.44,0.0105833333333333,14.9357415808651,0.692202558913573
"4301",2005,180,4,90.6535,8.257,2.91,2.39,0.86,22.07,0.9314,2.48,0.0105833333333333,14.9360639805618,0.692952403820072
"4302",2005,180,5,80.5545,77.671,34.225,41.63,10.335,22.085,0.94625,2.375,0.0105833333333333,14.9229778054381,0.69370212189694
"4303",2005,180,6,69.7275,237.866,98.14,118.235,22.62,22.845,0.9153,1.46,0.0105833333333333,14.9185466935129,0.694471240082969
"4304",2005,180,7,58.445,782.345,315.08,390.21,81.965,24.54,0.85305,1.67,0.0105833333333333,14.9184574469102,0.695298769064696
"4305",2005,180,8,47.003,1212.468,488.69,603.24,117.42,27.02,0.79335,1.56,0.0105833333333333,14.9184561854462,0.696212759951116
"4306",2005,180,9,35.7625,1442.583,582.195,719.66,132.24,28.27,0.76635,2.44,0.0105833333333333,14.9184562122804,0.697188211051074
"4307",2005,180,10,25.4865,1726.334,706.5,869.41,150.305,29.775,0.68345,2.34,0.0105833333333333,14.9184561320224,0.698195255248534
"4308",2005,180,11,18.3255,1664.51,683.805,843.43,148.2,30.855,0.62185,2.32,0.0105833333333333,14.918456144241,0.699220832251724
"4309",2005,180,12,18.326,1392.719,565.515,696.885,124.25,31.485,0.57955,1.865,0.0105833333333333,14.918456167267,0.700251861420822
"4310",2005,180,13,25.4885,1709.613,697.15,863.37,152.905,32.13,0.5398,1.995,0.0105833333333333,14.9184562264133,0.701282929742317
"4311",2005,180,14,35.766,1465.629,595.995,741.095,140.77,32.59,0.53695,1.88,0.0105833333333333,14.9184563773151,0.702311316671655
"4312",2005,180,15,47.0065,1158.878,466.65,585.135,121.35,32.605,0.5358,2.44,0.0105833333333333,14.918456164772,0.703337772387444
"4313",2005,180,16,58.454,799.411,320.875,400.555,90.325,32.595,0.5573,1.865,0.0105833333333333,14.9184561575006,0.704364204302232
"4314",2005,180,17,69.739,463.565,184.365,231.715,58.385,31.485,0.6556,1.965,0.0105833333333333,14.9184559715133,0.705394140853087
"4315",2005,180,18,80.5705,144.923,53.92,65.555,16.845,29.215,0.76185,2.915,0.0105833333333333,14.9184561454839,0.706418780904427
"4316",2005,180,19,90.674,11.638,3.17,2.76,1.06,27.535,0.8145,3.125,0.0105833333333333,14.9092347353293,0.70741224179031
"4317",2005,180,20,100.0195,0,0,0,0,26.43,0.8596,3.075,0.0105833333333333,14.9124789448799,0.70836840035665
"4318",2005,180,21,107.6745,0,0,0,0.045,25.44,0.8915,3.025,0.0105833333333333,14.9131838658592,0.709289132006625
"4319",2005,180,22,113.279,0,0,0,0.055,24.685,0.9128,2.985,0.0105833333333333,14.9133340398961,0.710176298888877
"4320",2005,180,23,116.273,0.046,0,0,0.015,24.7,0.9006,3.39,0.0105833333333333,14.9134927958444,0.711048279725466
"4321",2005,181,0,116.2795,0.069,0,0,0,24.555,0.89605,2.605,0,14.9136616683814,0.71191751259348
"4322",2005,181,1,113.301,0,0,0,0,24.53,0.88415,3.025,0,14.9138272308718,0.712783134208621
"4323",2005,181,2,107.708,0.069,0,0,0,24.93,0.8457,3.35,0,14.9139767983542,0.713656663175316
"4324",2005,181,3,100.0645,0.046,0,0,0,25.445,0.7989,3.185,0,14.9141040686585,0.714548917125619
"4325",2005,181,4,90.723,4.738,1.305,0.315,0.41,25.15,0.81,2.93,0,14.9142753213757,0.715445575922552
"4326",2005,181,5,80.626,60.375,23.795,27.025,6.43,25.005,0.8255,3.27,0,14.8985235063241,0.716333448969038
"4327",2005,181,6,69.799,181.631,73.145,86.89,17.935,25.095,0.8495,1.795,0,14.8900916888293,0.717220209750155
"4328",2005,181,7,58.516,292.79,116.655,142.66,30.155,26,0.81585,3.21,0,14.889918564024,0.718126463449329
"4329",2005,181,8,47.0735,803.091,323.02,399.905,80.615,27.18,0.76615,1.655,0,14.8899160448087,0.719069958612244
"4330",2005,181,9,35.8355,1047.581,427.495,525.255,100.775,28.385,0.6643,1.83,0,14.889916023325,0.720049139480027
"4331",2005,181,10,25.559,1726.058,703.64,871.175,147.75,29.25,0.60315,3.575,0,14.8899160085196,0.721052646400773
"4332",2005,181,11,18.3955,1810.813,738.475,915.84,153.2,30.495,0.54455,4.63,0,14.8899160132777,0.722073222075876
"4333",2005,181,12,18.3705,1728.427,702.98,877.965,152.365,31.175,0.4876,5.025,0,14.8899160016924,0.723102873165365
"4334",2005,181,13,25.504,1770.241,711.535,892,157.625,31.315,0.5272,5.745,0,14.889916008151,0.724134210450502
"4335",2005,181,14,35.7675,1549.211,613.01,772.17,144.26,31.465,0.52185,5.225,0,14.8899160145856,0.725165765369708
"4336",2005,181,15,47.005,1308.884,506.76,646.22,132.09,31,0.4916,5.71,0,14.8899160213516,0.726197008936326
"4337",2005,181,16,58.45,980.605,376.88,482.005,108.75,30.76,0.49205,5.115,0,14.8899160216364,0.72722702796843
"4338",2005,181,17,69.74,530.794,201.375,257.915,66.38,29.8,0.5383,4.04,0,14.8899159569235,0.728252348810783
"4339",2005,181,18,80.577,189.681,69.24,87.615,25.92,28.135,0.59455,3.57,0,14.8899159570952,0.729258217400165
"4340",2005,181,19,90.688,13.685,3.335,3.085,1.34,26.055,0.5816,3.825,0,14.8830211866627,0.730217122567309
"4341",2005,181,20,100.042,0.023,0,0,0.055,24.09,0.65375,4.795,0,14.8861361307043,0.731104102402953
"4342",2005,181,21,107.7065,0,0,0,0.17,23.785,0.6626,4.92,0,14.8869654449829,0.731943169112898
"4343",2005,181,22,113.325,0,0,0,0.125,22.16,0.7547,2.71,0,14.8871175902998,0.7327368787683
"4344",2005,181,23,116.331,0.023,0,0,0.075,21.105,0.82125,2.685,0,14.8872755940449,0.733463668427496
"4345",2005,182,0,116.349,0.023,0,0,0,21.455,0.8022,3.605,0,14.8874425771695,0.734172151824124
"4346",2005,182,1,113.3765,0.023,0,0,0.01,21.58,0.80185,3.975,0,14.8876072201192,0.734893072192091
"4347",2005,182,2,107.787,0,0,0,0.26,20.995,0.83185,3.465,0,14.8877573813047,0.735601930855197
"4348",2005,182,3,100.143,0,0,0,0.22,19.82,0.89645,3.065,0,14.8878826467011,0.736263735707954
"4349",2005,182,4,90.8345,17.296,6.305,6.89,2.325,19.31,0.92905,2.59,0,14.8901694251351,0.736879487132489
"4350",2005,182,5,80.703,152.375,60.785,74.55,18.3,19.46,0.9437,2.655,0,14.8949151576167,0.737485282235465
"4351",2005,182,6,69.8745,483.092,188.805,236.495,55.695,20.8,0.8589,3.805,0,14.8934356539305,0.738131983080904
"4352",2005,182,7,58.5895,873.126,342.525,431.23,93.29,22.135,0.7419,4.85,0,14.8934051417442,0.73885013672126
"4353",2005,182,8,47.147,1347.156,538.305,673.205,129.435,23.48,0.6293,5.245,0,14.8934046986913,0.739635959462342
"4354",2005,182,9,35.9125,1633.437,666.515,825.58,143.905,23.595,0.5344,6.16,0,14.8934047719921,0.740456751648158
"4355",2005,182,10,25.64,1857.112,766.835,953.015,154.56,23.855,0.5112,6.2,0,14.8934050470171,0.741286177742519
"4356",2005,182,11,18.473,1845.589,762.565,951.5,154.7,24.355,0.48515,5.715,0,14.8934047683459,0.742132706593413
"4357",2005,182,12,18.4205,1813.527,744.8,932.96,157.47,25.01,0.46865,5.845,0,14.8934049564341,0.743004193392165
"4358",2005,182,13,25.524,1810.468,739.825,930.505,164.095,25.715,0.43895,6.32,0,14.8934047907296,0.743903333788699
"4359",2005,182,14,35.775,1645.811,663.355,840.815,158.785,26.215,0.3939,6.35,0,14.8934047570597,0.744825306639235
"4360",2005,182,15,47.007,1377.953,545.47,698.925,146.57,26.145,0.3991,6.33,0,14.8934047104415,0.745755041579136
"4361",2005,182,16,58.4535,965.678,374.255,481.95,112.515,25.775,0.43465,5.605,0,14.8934047128736,0.746676855285245
"4362",2005,182,17,69.747,592.71,225.175,290.45,78.39,24.965,0.46105,5.825,0,14.8934047015905,0.747576259773392
"4363",2005,182,18,80.5865,218.017,80.48,103.52,34.185,23.645,0.51915,5.22,0,14.8934046051744,0.748431349743793
"4364",2005,182,19,90.704,18.147,5.17,5.895,3.125,21.11,0.64815,3.08,0,14.8892284649595,0.749195447483332
"4365",2005,182,20,100.07,0,0,0,0.29,18.68,0.76115,3.005,0,14.8941362919461,0.749829077899099
"4366",2005,182,21,107.746,0,0,0,0.085,17.375,0.82855,2.855,0,14.8951019977143,0.750358905556195
"4367",2005,182,22,113.378,0.046,0,0,0.025,16.955,0.85005,3.27,0,14.8952577708839,0.750840207602727
"4368",2005,182,23,116.3965,0.046,0,0,0,16.675,0.8396,4.02,0,14.895417655848,0.751301851152824
"4369",2005,183,0,116.4245,0,0,0,0,16.095,0.8372,3.56,0,14.8955851262956,0.751739435922892
"4370",2005,183,1,113.459,0.023,0,0,0,15.45,0.8488,3.13,0,14.8957488168573,0.752142990491288
"4371",2005,183,2,107.872,0.023,0,0,0,14.835,0.8579,2.91,0,14.8958995465922,0.752511959739815
"4372",2005,183,3,100.227,0.023,0,0,0,14.385,0.85875,2.7,0,14.8960253443267,0.752852122339549
"4373",2005,183,4,90.912,23.069,8.675,9.655,3.325,13.98,0.8676,1.945,0,14.9054958950274,0.753169515550261
"4374",2005,183,5,80.7815,193.936,79.28,98.89,27.46,14.44,0.86975,1.225,0,14.9137429723262,0.753488366765469
"4375",2005,183,6,69.953,561.798,221.67,279.63,69.67,15.66,0.83975,2.035,0,14.9126042542016,0.753852371361535
"4376",2005,183,7,58.6675,968.691,383.66,487.89,107.38,17.565,0.691,2.81,0,14.9125809031118,0.754302755970455
"4377",2005,183,8,47.2245,1343.154,545.895,683.23,131.51,18.6,0.65885,1.83,0,14.9125805740955,0.754835681749867
"4378",2005,183,9,35.9915,1659.565,688.32,855.435,147.785,19.495,0.61905,2.29,0,14.9125806642977,0.755422680589159
"4379",2005,183,10,25.725,1870.222,788.38,974.61,155.26,20.47,0.5875,1.65,0,14.9125810098118,0.756061369211515
"4380",2005,183,11,18.556,1929.562,814.95,1010.035,157.915,21.32,0.57045,1.88,0,14.9125806117207,0.756749416699395
"4381",2005,183,12,18.478,1743.423,730.465,913.085,152.57,22.015,0.56915,1.875,0,14.9125807269967,0.757478077751472
"4382",2005,183,13,25.55,1565.081,655.77,820,148.915,22.805,0.52865,1.64,0,14.912581087652,0.75824445290013
"4383",2005,183,14,35.789,1559.745,643.54,807.885,150.15,23.18,0.5131,1.89,0,14.9125805905954,0.759039445680883
"4384",2005,183,15,47.014,1344.994,544.225,685.855,136.535,23.56,0.49645,1.665,0,14.9125806067748,0.759852398644218
"4385",2005,183,16,58.4585,833.359,333.12,421.01,92.48,23.64,0.5311,1.805,0,14.9125805909185,0.760676085892173
"4386",2005,183,17,69.757,416.484,166.19,209.39,49.76,23.11,0.5712,2.435,0,14.9125805668331,0.761489254886062
"4387",2005,183,18,80.604,219.627,89.15,113.905,32,22.71,0.60815,2.47,0,14.9125804386733,0.762280260591912
"4388",2005,183,19,90.7275,19.021,6.12,7.185,2.345,21.515,0.6559,2.71,0,14.908592037724,0.763031600992157
"4389",2005,183,20,100.1045,0,0,0,0.015,19.515,0.744,1.96,0,14.9134576324304,0.763699038218054
"4390",2005,183,21,107.7935,0,0,0,0,19.32,0.723,1.505,0,14.9144425040326,0.764306634715655
"4391",2005,183,22,113.438,0,0,0,0,17.78,0.7885,2.815,0,14.9145976603514,0.764865783961756
"4392",2005,183,23,116.469,0.023,0,0,0,16.54,0.85715,2.95,0,14.9147555402851,0.765346821310502
"4393",2005,184,0,116.508,0,0,0,0,16.59,0.85345,2.495,0,14.9149220233452,0.765794456874253
"4394",2005,184,1,113.547,0,0,0,0,16.32,0.8489,3.085,0,14.9150850541965,0.766235943494329
"4395",2005,184,2,107.9615,0.046,0,0,0,15.935,0.86125,2.985,0,14.9152349904078,0.766659172564631
"4396",2005,184,3,100.3155,0.046,0,0,0,15.2,0.88685,2.27,0,14.9153619892358,0.767051426393378
"4397",2005,184,4,90.994,17.503,5.805,5.445,1.975,14.36,0.92025,0.733333333333333,0,14.9177616149988,0.767400767128705
"4398",2005,184,5,80.8645,229.448,84.89,102.585,29.685,15.395,0.8934,1.145,0,14.9215744244954,0.767755396583319
"4399",2005,184,6,70.034,582.199,227.06,282.1,69.45,17.68,0.85525,1.865,0,14.9203061966128,0.768201633214779
"4400",2005,184,7,58.7475,959.905,381.53,477.84,103.06,20.335,0.75715,2.34,0,14.9202802931996,0.768786203573137
"4401",2005,184,8,47.305,1321.005,534.665,662.91,125.915,22.655,0.64015,1.815,0,14.9202799202207,0.769505460722829
"4402",2005,184,9,36.074,1627.204,667.33,825.9,142.34,24.005,0.5646,3.07,0,14.9202799907846,0.770316303312139
"4403",2005,184,10,25.8135,1840.92,765.07,942.545,150.135,25.16,0.5194,2.47,0,14.9202802550581,0.771183406120985
"4404",2005,184,11,18.646,1953.758,813.56,1005.19,156.77,26.125,0.4818,3.265,0,14.9202799965488,0.772093260753177
"4405",2005,184,12,18.5425,1912.312,795.52,985.385,157.68,27.205,0.44385,2.69,0,14.9202802018451,0.77303928150713
"4406",2005,184,13,25.5825,1615.198,661.895,827.46,143.7,27.87,0.4293,2.74,0,14.9202799946971,0.774012032306451
"4407",2005,184,14,35.803,1626.859,657.845,826.21,153.55,28.565,0.4094,3.425,0,14.9202800759696,0.775002427420635
"4408",2005,184,15,47.0255,1329.009,527.62,665.065,132.06,29.315,0.3867,1.92,0,14.9202799324984,0.776008388649855
"4409",2005,184,16,58.472,843.065,331.32,418.215,92.36,29.2,0.38925,2.045,0,14.9202799345937,0.777020265376061
"4410",2005,184,17,69.7705,330.073,127.915,157.595,35.305,27.94,0.4658,2.695,0,14.9202799194923,0.778018390174576
"4411",2005,184,18,80.624,117.07,45.675,55.855,14.28,25.99,0.5318,3.53,0,14.9202797974072,0.778973415062622
"4412",2005,184,19,90.7545,16.56,5.785,6.155,1.765,24.42,0.5971,3.515,0,14.9126209394084,0.779865965075347
"4413",2005,184,20,100.1425,0,0,0,0.02,22.45,0.65225,3.87,0,14.9162392395165,0.780681444519485
"4414",2005,184,21,107.846,0,0,0,0,21.78,0.65765,3.485,0,14.9169687762138,0.781433015825301
"4415",2005,184,22,113.504,0,0,0,0.025,20.625,0.71135,3.39,0,14.9171191780943,0.782137316149349
"4416",2005,184,23,116.549,0,0,0,0,20.505,0.7079,4.065,0,14.9172766107965,0.78280772120005
"4417",2005,185,0,116.5965,0,0,0,0,20.265,0.7217,3.775,0,14.917442163719,0.783468393252491
"4418",2005,185,1,113.641,0.023,0,0,0.01,20.72,0.70915,3.84,0,14.9176058393587,0.784134872502162
"4419",2005,185,2,108.056,0,0,0,0.03,19.43,0.7724,3.12,0,14.917755671857,0.784778579409254
"4420",2005,185,3,100.4085,0,0,0,0,18.88,0.80775,2.97,0,14.9178808021602,0.785371583410594
"4421",2005,185,4,91.0795,17.457,6.94,6.61,2.25,19.155,0.8251,4.22,0,14.92022767051,0.785956932815936
"4422",2005,185,5,80.9495,175.007,67.945,83.165,22.815,20.33,0.81125,4.015,0,14.9226277315917,0.786582422373966
"4423",2005,185,6,70.1185,492.407,190.225,238.845,59.535,22.075,0.79065,4.135,0,14.9212143408431,0.787286578280555
"4424",2005,185,7,58.83,901.209,348.815,439.765,97.07,24.425,0.7379,5.47,0,14.9211855925105,0.788093148101485
"4425",2005,185,8,47.388,1127.529,449.25,563.775,113.59,25.95,0.7109,5.745,0,14.9211851738256,0.788985025458666
"4426",2005,185,9,36.16,1579.571,632.505,787.48,140.98,27.125,0.68415,5.735,0,14.9211852370828,0.789926772553905
"4427",2005,185,10,25.906,1823.946,741.515,917.465,151.89,28.415,0.615,4.665,0,14.9211854703474,0.790905568724576
"4428",2005,185,11,18.7425,1752.531,717.89,889.655,149.025,29.555,0.54355,3.765,0,14.9211852793355,0.791912180939457
"4429",2005,185,12,18.6125,1977.356,811.75,1005.87,168.485,30.665,0.4502,2.975,0,14.9211853132229,0.792935655434552
"4430",2005,185,13,25.621,721.142,288.83,356.495,66.77,29.975,0.4968,2.89,0,14.9211851858986,0.793961497031195
"4431",2005,185,14,35.8255,115.184,37.85,47.16,10.47,26.105,0.7266,4.36,0,14.921185196147,0.794943848398601
"4432",2005,185,15,47.043,233.013,90.885,111.005,23.4,23.9,0.8469,2.735,0,14.9211852103958,0.795827811686019
"4433",2005,185,16,58.487,164.979,65.485,77.655,15.945,23.88,0.8473,1.62,0,14.9211851961539,0.796664750572215
"4434",2005,185,17,69.791,89.631,33.72,39.175,8.565,23.79,0.877,1.895,0,14.9211851663227,0.797499198103336
"4435",2005,185,18,80.65,46.161,18.12,19.54,5.35,23.435,0.88995,2.195,0,14.921042391895,0.798323445407552
"4436",2005,185,19,90.8255,4.37,1.23,0.83,1.04,22.29,0.9113,3.235,0,14.8795395823512,0.799112003811186
"4437",2005,185,20,100.1895,0,0,0,0.48,20.905,0.90765,5.185,0,14.8803428349233,0.799836903892623
"4438",2005,185,21,107.9065,0,0,0,0.38,19.835,0.9492,3.375,0,14.8805376672839,0.800496692875767
"4439",2005,185,22,113.577,0,0,0,0.29,19.545,0.96395,3.365,0,14.8806793682913,0.801119353186
"4440",2005,185,23,116.6355,0,0,0,0.225,19.385,0.9707,2.36,0,14.880838024584,0.80172958204727
"4441",2005,186,0,116.6915,0,0,0,0.23,19.275,0.97715,2.925,0.0740833333333333,14.8810046079462,0.80233232561583
"4442",2005,186,1,113.7405,0,0,0,0.125,19.395,0.9769,1.205,0.0740833333333333,14.8811677317289,0.802935346663825
"4443",2005,186,2,108.156,0.023,0,0,0.065,19.41,0.98305,1.08,0.0740833333333333,14.881316594744,0.803542113140725
"4444",2005,186,3,100.5055,0.023,0,0,0.09,19.44,0.98755,1.625,0.0740833333333333,14.8814409869775,0.804150126888571
"4445",2005,186,4,91.1685,6.371,1.85,1.21,0.585,19.335,0.9922,2.205,0.0740833333333333,14.881662298702,0.804756061114544
"4446",2005,186,5,81.039,87.561,34.485,39.16,7.57,18.85,0.99575,3.325,0.0740833333333333,14.8686494520949,0.805345586620863
"4447",2005,186,6,70.2065,338.652,143.665,174.66,34.47,19.315,0.981,3.51,0.0740833333333333,14.8647617312051,0.805934555528139
"4448",2005,186,7,58.917,814.43,339.46,420.11,86.275,20.45,0.91925,3.2,0.0740833333333333,14.8646828601729,0.806567744389764
"4449",2005,186,8,47.4745,1324.064,543.585,666.905,122.32,22.06,0.839,1.95,0.0740833333333333,14.8646817088935,0.807274701160074
"4450",2005,186,9,36.2495,1568.899,647.67,794.395,130.47,23.775,0.7518,1.975,0.0740833333333333,14.8646817807963,0.80806571876669
"4451",2005,186,10,26.001,1906.7,798.29,979.43,153.535,25.19,0.6399,2.365,0.0740833333333333,14.8646816940253,0.808928440981058
"4452",2005,186,11,18.842,1945.708,812.45,1001.96,153.605,26.045,0.5491,2.895,0.0740833333333333,14.8646817062351,0.809837385156374
"4453",2005,186,12,18.6915,1894.74,785.375,974.565,155.465,26.575,0.5443,3.35,0.0740833333333333,14.8646817301889,0.810771613667044
"4454",2005,186,13,25.6665,1559.492,639.305,797.375,134.97,26.805,0.54675,3.985,0.0740833333333333,14.8646817931237,0.811718699208289
"4455",2005,186,14,35.8525,1363.302,552.245,691.32,129.83,27.05,0.53145,4.235,0.0740833333333333,14.8646819552802,0.812673402071434
"4456",2005,186,15,47.063,1202.532,480.375,606.025,120.475,27.39,0.47085,4.08,0.0740833333333333,14.8646817240106,0.813637052060746
"4457",2005,186,16,58.508,799.549,316.265,397.84,85.365,27.41,0.46515,2.905,0.0740833333333333,14.8646817183395,0.814606004952525
"4458",2005,186,17,69.815,349.393,141.92,175.79,39.15,26.48,0.54675,2.28,0.0740833333333333,14.8646815576515,0.815561074106694
"4459",2005,186,18,80.6805,102.281,39.305,47.585,11.49,24.96,0.62305,2.495,0.0740833333333333,14.864681704781,0.816473582136256
"4460",2005,186,19,90.864,17.02,6.345,7.32,2.38,23.285,0.6903,2.47,0.0740833333333333,14.8607250384279,0.81732048814735
"4461",2005,186,20,100.2415,0,0,0,0,22.6,0.7081,2.55,0.0740833333333333,14.8679223271524,0.818113026783731
"4462",2005,186,21,107.9715,0,0,0,0,21.08,0.79815,1.23,0.0740833333333333,14.8686466144683,0.818850392562715
"4463",2005,186,22,113.6565,0.023,0,0,0,20.5,0.8229,0.776470588235294,0.0740833333333333,14.8687981671287,0.81953286056363
"4464",2005,186,23,116.727,0,0,0,0,20.395,0.81895,1.24210526315789,0.0740833333333333,14.8689570988732,0.820196920045943
"4465",2005,187,0,116.793,0,0,0,0,18.71,0.9064,1.48,0,14.8691233223269,0.820811865164898
"4466",2005,187,1,113.847,0,0,0,0.02,18.34,0.9134,2.04,0,14.8692864359683,0.821369658886371
"4467",2005,187,2,108.263,0,0,0,0.05,17.715,0.932,1.32,0,14.8694350696114,0.821899497625724
"4468",2005,187,3,100.6085,0,0,0,0.015,16.62,0.95825,1.515,0,14.8695590493283,0.822380952382156
"4469",2005,187,4,91.2595,14.651,4.93,4.555,1.67,16.57,0.96065,1.215,0,14.8707479585197,0.822830266828047
"4470",2005,187,5,81.131,193.844,74.78,89.495,24.03,16.82,0.9441,0.833333333333333,0,14.8704235103687,0.823285182803682
"4471",2005,187,6,70.297,541.995,217.21,264.545,60.65,19.37,0.90935,0.755,0,14.8689576455388,0.823818756807419
"4472",2005,187,7,59.0055,908.5,362.665,449.46,90.72,21.745,0.83425,1.265,0,14.8689279803715,0.82448837023543
"4473",2005,187,8,47.5635,1288.069,524.485,645.6,114.645,24.07,0.7199,1.14,0,14.8689275464277,0.825278593749573
"4474",2005,187,9,36.341,1604.135,662.82,811.6,130.035,25.77,0.6105,1.235,0,14.8689276066814,0.826159534342805
"4475",2005,187,10,26.101,1919.028,804.505,981.785,150.18,26.75,0.54165,1.24,0,14.8689278276118,0.827091879909054
"4476",2005,187,11,18.949,1261.044,535.925,659.13,108.84,26.99,0.53565,1.255,0,14.8689276673879,0.82804476662142
"4477",2005,187,12,18.7745,1864.932,780.835,963.02,158.145,27.035,0.5579,2.225,0,14.8689276199535,0.829002135303732
"4478",2005,187,13,25.7175,1333.816,550.57,673.48,112.035,27.535,0.515,1.39,0,14.8689275612093,0.829967679765391
"4479",2005,187,14,35.885,1384.048,567.565,697.875,122.335,28.005,0.50435,1.85,0,14.8689275761807,0.830946834811623
"4480",2005,187,15,47.091,1142.64,476.41,594.43,117.845,27.83,0.5161,2.365,0,14.8689275986674,0.831929899977072
"4481",2005,187,16,58.5355,697.82,282.505,350.54,73.58,27.005,0.5739,2.545,0,14.8689275696142,0.83289919298493
"4482",2005,187,17,69.845,333.477,134.6,164.54,34.01,26.51,0.61305,1.925,0,14.8689275557748,0.833848431913199
"4483",2005,187,18,80.7165,120.543,48.475,57.605,11.875,25.825,0.6389,1.14,0,14.8689275049777,0.834777628329826
"4484",2005,187,19,90.9075,11.753,4.41,4.345,1.05,25.15,0.63805,1.36,0,14.8610871974773,0.835681641714266
"4485",2005,187,20,100.299,0,0,0,0,23.53,0.7393,2.2,0,14.8662569340837,0.836538112340219
"4486",2005,187,21,108.043,0,0,0,0,22.385,0.7836,2.45,0,14.866913235449,0.837331268272009
"4487",2005,187,22,113.742,0,0,0,0.01,21.675,0.8026,2.59,0,14.8670630827887,0.838078520571441
"4488",2005,187,23,116.826,0.023,0,0,0.04,20.475,0.87855,2.855,0,14.8672218412891,0.838776076061929
"4489",2005,188,0,116.9025,0,0,0,0.005,20.145,0.8881,2.925,0,14.8673889739887,0.83943267568223
"4490",2005,188,1,113.9585,0,0,0,0.11,19.095,0.9357,2.445,0,14.8675518748289,0.840051426424915
"4491",2005,188,2,108.373,0,0,0,0.175,18.27,0.96855,3.075,0,14.8677000087146,0.840618034778625
"4492",2005,188,3,100.7135,0.023,0,0,0.095,17.69,0.9754,2.205,0,14.8678249240878,0.841145201609561
"4493",2005,188,4,91.395,12.926,4.63,4.35,1.475,17.505,0.97335,2.36,0,14.8686307441964,0.841650839107951
"4494",2005,188,5,81.228,180.021,69.32,83.7,21.605,17.77,0.9678,2.395,0,14.8667364859754,0.842158728562334
"4495",2005,188,6,70.389,503.769,198.175,244.97,56.805,19.79,0.9146,2.56,0,14.8651507313156,0.8427307039747
"4496",2005,188,7,59.0955,881.82,356.125,441.68,90.45,22.435,0.795,1.59,0,14.8651186569151,0.843429787046435
"4497",2005,188,8,47.654,1269.531,523.405,639.65,113.9,24.405,0.73715,1.08,0,14.8651181835567,0.844244566194697
"4498",2005,188,9,36.436,1565.426,649.025,796.26,129.73,25.64,0.6763,2.175,0,14.8651182415408,0.845129938137098
"4499",2005,188,10,26.206,1566.691,657.97,806.74,126.28,26.905,0.5571,2.465,0,14.8651184526283,0.846062585224211
"4500",2005,188,11,19.0605,805.529,343.415,425.805,75.755,26.75,0.59685,2.645,0,14.8651183199878,0.847014125185023
"4501",2005,188,12,18.867,1571.268,662.49,808.755,131.48,27.375,0.56465,2.74,0,14.8651182269775,0.847972946168082
"4502",2005,188,13,25.7745,1767.642,736.085,900.475,145.625,28.285,0.50735,2.365,0,14.865118277788,0.848953536077122
"4503",2005,188,14,35.9235,744.51,308.945,376.125,66.685,28,0.5311,1.955,0,14.8651181992214,0.849942225984427
"4504",2005,188,15,47.1215,726.202,299.185,367.85,70.325,27.405,0.5903,2.725,0,14.865118204392,0.850919537342891
"4505",2005,188,16,58.566,814.2,331.235,412.115,86.52,27.095,0.62225,4.18,0,14.8651181999399,0.85188408390498
"4506",2005,188,17,69.88,307.717,121.59,149.015,33.245,25.825,0.68945,3.655,0,14.8651182023217,0.852823170567664
"4507",2005,188,18,80.758,204.424,85.82,106.815,28.26,25.33,0.71955,2.87,0,14.8651182028335,0.853730683359297
"4508",2005,188,19,90.9555,15.134,6.39,8.22,3.125,22.645,0.7555,2.17,0,14.8613998854934,0.854570908603296
"4509",2005,188,20,100.363,0,0,0,0.13,21.715,0.8023,2.375,0,14.8691501630205,0.855325720812284
"4510",2005,188,21,108.119,0,0,0,0.055,20.99,0.871,2.49,0,14.8700703816065,0.856037975012094
"4511",2005,188,22,113.8355,0,0,0,0.01,20.895,0.86985,2.92,0,14.8702250360502,0.85672860862902
"4512",2005,188,23,116.9325,0.023,0,0,0.125,20.065,0.9021,3.75,0,14.8703838744633,0.857394380182488
"4513",2005,189,0,117.0155,0.023,0,0,0.34,18.705,0.9264,3.37,0,14.8705513772629,0.858000100908655
"4514",2005,189,1,114.0745,0,0,0,0.16,18.055,0.8893,3.06,0,14.8707154727172,0.85854975207007
"4515",2005,189,2,108.485,0,0,0,0.13,17.325,0.8906,2.97,0,14.8708637623197,0.859060596963137
"4516",2005,189,3,100.825,0,0,0,0.015,16.76,0.90705,2.385,0,14.8709879082724,0.85953501611079
"4517",2005,189,4,91.494,11.914,3.915,3.515,1.21,16.36,0.9246,3.02,0,14.8716340053087,0.85998237604335
"4518",2005,189,5,81.3255,158.562,64.425,76.87,19.265,16.895,0.92785,1.28,0,14.8688126539642,0.860433516881533
"4519",2005,189,6,70.4855,485.024,197.65,243.5,56.62,19.285,0.85975,2.125,0,14.8670676470466,0.860966818264034
"4520",2005,189,7,59.1885,886.65,361.37,443.39,91.12,21.615,0.7642,1.68,0,14.8670322685009,0.861630654116691
"4521",2005,189,8,47.7475,1254.673,519.46,636.625,113.53,23.91,0.7048,0.98,0,14.8670317370036,0.862413859302657
"4522",2005,189,9,36.5345,1559.883,654.27,797.425,128.265,25.15,0.6684,1.32,0,14.867031793697,0.863278691341598
"4523",2005,189,10,26.316,1798.209,760.85,928.465,140.96,26.23,0.59145,2.13,0,14.8670319991037,0.864190295489706
"4524",2005,189,11,19.1795,1906.861,812.38,991.04,145.46,27.03,0.52915,1.945,0,14.8670318838187,0.86513527982049
"4525",2005,189,12,18.9655,1947.249,831.615,1014.03,149.825,27.895,0.4606,1.6,0,14.8670317695228,0.866105841293181
"4526",2005,189,13,25.8365,1831.283,774.915,947.45,147.515,28.395,0.41205,1.885,0,14.8670318300063,0.867094548482421
"4527",2005,189,14,35.9665,1637.025,683.05,839.805,141.555,28.71,0.38955,1.845,0,14.8670319858714,0.868092694335437
"4528",2005,189,15,47.1575,1300.006,534.205,660.64,121.575,28.875,0.3879,1.855,0,14.8670317644945,0.869095897155722
"4529",2005,189,16,58.603,888.881,357.97,443.325,90.95,28.735,0.40955,1.89,0,14.8670317578131,0.870099354102685
"4530",2005,189,17,69.92,529.345,210.4,260.805,62.275,27.74,0.48045,2.49,0,14.8670315838247,0.871090093476794
"4531",2005,189,18,80.805,203.987,80.6,98.31,27.835,26.68,0.5539,1.975,0,14.867031744807,0.872053208910032
"4532",2005,189,19,91.01,14.145,4.1,4.13,1.11,25.505,0.5839,1.795,0,14.8626931300412,0.872979549600408
"4533",2005,189,20,100.4335,0,0,0,0.005,24.595,0.5817,1.525,0,14.8695973417162,0.873866163346147
"4534",2005,189,21,108.204,0,0,0,0,23.89,0.5834,1.275,0,14.8704915401279,0.874718719844276
"4535",2005,189,22,113.936,0,0,0,0,22.41,0.6474,1.695,0,14.8706456243113,0.875520990691674
"4536",2005,189,23,117.0445,0.069,0,0,0,20.435,0.74565,1.135,0,14.8708052893846,0.876236605839935
"4537",2005,190,0,117.138,0.023,0,0,0,20.2,0.72775,2.45,0,14.8709742457171,0.876893616141274
"4538",2005,190,1,114.1975,0.023,0,0,0,20.035,0.69115,2.635,0,14.8711386387199,0.877539738195107
"4539",2005,190,2,108.606,0,0,0,0,19.535,0.67835,2.41,0,14.8712881224126,0.878167622923132
"4540",2005,190,3,100.94,0.023,0,0,0,19.38,0.66545,2.785,0,14.871412499752,0.878777436448078
"4541",2005,190,4,91.5975,8.855,3.44,2.645,0.655,18.755,0.68675,1.865,0,14.8717617096163,0.879365563566271
"4542",2005,190,5,81.4265,124.591,51.2,59.62,11.555,18.16,0.71775,0.795,0,14.8658366110227,0.87991956613753
"4543",2005,190,6,70.5835,406.962,167.42,203.185,43.825,19.605,0.74545,1.4,0,14.8635493985159,0.880497320341986
"4544",2005,190,7,59.2855,916.274,371.225,462.285,94.56,21.925,0.6295,3.04,0,14.863502747134,0.881178077337146
"4545",2005,190,8,47.8445,1309.735,537.26,664.45,121.15,24.645,0.4539,3.19,0,14.8635020630084,0.88198604423447
"4546",2005,190,9,36.636,1612.139,677.16,827.95,134.12,26.46,0.434,2.075,0,14.8635021372912,0.882892014432924
"4547",2005,190,10,26.427,1761.133,747.96,910.035,134.645,27.81,0.4055,1.645,0,14.8635024156802,0.883852713163763
"4548",2005,190,11,19.3035,1762.628,746.57,911.18,130.635,28.35,0.3658,1.855,0,14.8635021305563,0.88483981427173
"4549",2005,190,12,19.0695,1933.84,826.89,1006.485,145.16,28.78,0.3656,1.845,0,14.8635023128087,0.88583820865774
"4550",2005,190,13,25.905,1823.67,775.735,943.55,141.525,29.545,0.3496,1.185,0,14.8635021610533,0.886848270273956
"4551",2005,190,14,36.017,1609.701,674.295,825.06,135.645,29.695,0.3365,1.985,0,14.863502105868,0.887865871795778
"4552",2005,190,15,47.199,1309.758,541.465,665.18,119.615,30.075,0.32215,1.405,0,14.8635020792737,0.888887032404218
"4553",2005,190,16,58.644,955.374,388.565,478.765,97.66,29.93,0.33835,1.76,0,14.8635020781564,0.889909661808241
"4554",2005,190,17,69.965,562.488,227.19,277.06,65.595,29.665,0.3731,1.445,0,14.8635020755263,0.890929713735903
"4555",2005,190,18,80.8575,207.092,82.405,99.725,28.575,27.905,0.45925,2.055,0,14.863502061671,0.891931920340612
"4556",2005,190,19,91.071,16.169,4.915,5.01,1.805,25.46,0.50165,3.105,0,14.8597648797645,0.892877452577552
"4557",2005,190,20,100.5085,0,0,0,0,23.145,0.5911,3.505,0,14.867063602666,0.893731852682082
"4558",2005,190,21,108.296,0,0,0,0,21.34,0.64095,3.57,0,14.8680017422387,0.894489550875386
"4559",2005,190,22,114.0415,0.023,0,0,0,20.755,0.64935,3.765,0,14.8681570133385,0.895185737858035
"4560",2005,190,23,117.1635,0,0,0,0.01,19.885,0.6909,3.935,0,14.868315809505,0.895842839632853
"4561",2005,191,0,117.2615,0,0,0,0.01,18.8,0.7317,3.92,0,14.868481816714,0.896446230836789
"4562",2005,191,1,114.3255,0,0,0,0,18.87,0.7138,4.44,0,14.8686443585146,0.89702138971659
"4563",2005,191,2,108.733,0,0,0,0,18.825,0.68685,4.2,0,14.8687940321123,0.897597247555767
"4564",2005,191,3,101.0585,0,0,0,0,18.06,0.70345,3.505,0,14.8689184162767,0.89815040411671
"4565",2005,191,4,91.7025,13.593,4.91,3.8,1.29,17.955,0.69325,2.945,0,14.8698622884575,0.898679120751914
"4566",2005,191,5,81.5315,201.503,82.225,97.61,27.47,17.805,0.70685,2.46,0,14.8705970422863,0.899200661880773
"4567",2005,191,6,70.684,550.298,223.98,274.035,66.14,20.655,0.6701,2.75,0,14.8691414858151,0.899797548909537
"4568",2005,191,7,59.384,937.135,385.01,477.655,99.44,23.74,0.59255,2.53,0,14.8691118018324,0.900552303813623
"4569",2005,191,8,47.943,1302.904,542.975,670.005,122.97,25.73,0.5388,3.42,0,14.8691113677182,0.901425390998528
"4570",2005,191,9,36.7405,1609.632,681.395,838.575,139.025,27.315,0.3948,4.21,0,14.8691114295676,0.902366390137528
"4571",2005,191,10,26.543,1846.555,789.415,970.02,149.465,27.865,0.34065,3.75,0,14.8691116571669,0.903340636520387
"4572",2005,191,11,19.4305,1865.323,800.285,983.84,148.82,28.355,0.34435,3.39,0,14.8691114800758,0.904328490440065
"4573",2005,191,12,19.18,1848.326,792.46,978.325,149.34,28.76,0.34135,4.16,0,14.8691114722138,0.905326727618353
"4574",2005,191,13,25.981,1793.08,764.14,940.69,148.345,29.365,0.34315,3.97,0,14.8691113779164,0.906335046864005
"4575",2005,191,14,36.0715,1629.458,688.04,849.37,143.57,29.64,0.32355,4.03,0,14.8691113849949,0.907350877412456
"4576",2005,191,15,47.2445,1260.354,521.61,645.765,119.62,29.815,0.33815,3.77,0,14.8691113936926,0.908369996305612
"4577",2005,191,16,58.691,937.549,383.27,473.45,98.735,29.955,0.34745,2.93,0,14.8691113886222,0.909391194845311
"4578",2005,191,17,70.0145,564.075,229.5,281.01,68.125,29.42,0.36615,2.72,0,14.869111240602,0.910409681554194
"4579",2005,191,18,80.914,194.718,78.73,93.91,24.635,28.375,0.41685,1.865,0,14.8691113737016,0.91141467319426
"4580",2005,191,19,91.1345,14.904,5.69,6.07,1.035,27.105,0.4385,1.5,0,14.8645146095406,0.912392681714516
"4581",2005,191,20,100.591,0,0,0,0.005,25.135,0.5246,2.345,0,14.8708501881317,0.913319487376063
"4582",2005,191,21,108.392,0,0,0,0,23.485,0.58985,3.065,0,14.8717391309038,0.914174637639299
"4583",2005,191,22,114.1525,0.023,0,0,0,22.18,0.6627,3.35,0,14.871893453433,0.914961689867653
"4584",2005,191,23,117.288,0.023,0,0,0,21.085,0.7154,3.275,0,14.8720526545347,0.91568847137101
"4585",2005,192,0,117.396,0,0,0,0,20.55,0.7201,2.74,0.0846666666666667,14.872219281249,0.916372414146326
"4586",2005,192,1,114.4605,0.023,0,0,0,20.415,0.70285,2.52,0.0846666666666667,14.8723832480952,0.917038365719905
"4587",2005,192,2,108.8615,0.023,0,0,0,20.105,0.7058,2.56,0.0846666666666667,14.8725332800967,0.917692248656616
"4588",2005,192,3,101.182,0,0,0,0,19.73,0.7019,2.47,0.0846666666666667,14.8726583153032,0.918327418731234
"4589",2005,192,4,91.85,5.382,2.05,1.145,0.3,19.475,0.6973,2.995,0.0846666666666667,14.8728477610929,0.918945251064455
"4590",2005,192,5,81.6385,115.46,48.4,57.45,11.9,19.815,0.68595,3.015,0.0846666666666667,14.8645092070963,0.919565427564138
"4591",2005,192,6,70.7875,299.046,124.17,152.355,31.3,20.585,0.73035,1.94,0.0846666666666667,14.8617775025182,0.920216014721937
"4592",2005,192,7,59.4845,511.635,209.335,258.64,52.52,23.145,0.61115,3.39,0.0846666666666667,14.8617214144307,0.920954235051566
"4593",2005,192,8,48.0435,615.848,250.41,311.095,61.825,23.825,0.6076,3.675,0.0846666666666667,14.8617205726041,0.921772522936873
"4594",2005,192,9,36.845,908.615,371.21,460.445,87.625,24.875,0.5994,3.685,0.0846666666666667,14.8617206373726,0.922629673868282
"4595",2005,192,10,26.663,871.24,358.4,445.035,85.58,26.525,0.5519,4.285,0.0846666666666667,14.861720875801,0.923541350048684
"4596",2005,192,11,19.567,1227.993,500.08,621.54,113.28,27.285,0.53525,5.8,0.0846666666666667,14.8617206735511,0.924495226990987
"4597",2005,192,12,19.299,975.683,393.21,488.49,92.29,27.555,0.51415,6.1,0.0846666666666667,14.8617207522222,0.925464737308296
"4598",2005,192,13,26.063,733.7,291.84,359.88,68.605,27.625,0.5181,5.935,0.0846666666666667,14.8617206002235,0.926439056309079
"4599",2005,192,14,36.1305,581.624,230.72,281.83,53.91,27.42,0.54105,5.575,0.0846666666666667,14.8617206370527,0.927411483544813
"4600",2005,192,15,47.297,355.419,139.175,168.83,32.535,27.395,0.5481,5.24,0.0846666666666667,14.8617206988757,0.928380652201468
"4601",2005,192,16,58.7415,255.76,98.71,118.415,23.11,26.42,0.5925,4.81,0.0846666666666667,14.8617205905868,0.929334523518972
"4602",2005,192,17,70.071,132.02,50.82,59.715,12,26.3,0.5923,5,0.0846666666666667,14.8617205358146,0.930270536281053
"4603",2005,192,18,80.976,26.542,7.585,7.76,2.995,23.175,0.8154,3.25,0.0846666666666667,14.8416116389451,0.931142732302287
"4604",2005,192,19,91.205,2.208,0.295,0,0.465,21.915,0.90675,3.945,0.0846666666666667,14.7741641872683,0.931915699424173
"4605",2005,192,20,100.676,0.046,0,0,0.155,22.15,0.8794,4.24,0.0846666666666667,14.7744828765921,0.932663125781514
"4606",2005,192,21,108.495,0.046,0,0,0.23,21.83,0.88875,4.1,0.0846666666666667,14.7746139849489,0.933408383674299
"4607",2005,192,22,114.2725,0.069,0,0,0.255,21.465,0.9063,4.48,0.0846666666666667,14.7747584987716,0.934136043141222
"4608",2005,192,23,117.4205,0.046,0,0,0.075,21.365,0.9277,4.905,0.0846666666666667,14.7749218387077,0.934851615282622
"4609",2005,193,0,117.5355,0.115,0,0,0.22,21.37,0.9379,4.91,0.98425,14.7750938658346,0.935564701925175
"4610",2005,193,1,114.599,0.023,0,0,0.265,20.9,0.94065,5.225,0.98425,14.7752620782768,0.936265532168588
"4611",2005,193,2,108.995,0,0,0,0,20.905,0.9644,5.065,0.98425,14.775411872551,0.936954035203153
"4612",2005,193,3,101.308,0.092,0,0,0.05,21.205,0.97575,5.405,0.98425,14.7755374414773,0.937650640291025
"4613",2005,193,4,91.9635,0.897,0,0,0.17,21.63,0.96875,5.51,0.98425,14.7756393770428,0.938366327871639
"4614",2005,193,5,81.7485,18.032,5.79,4.695,1.545,21.435,0.96985,5.105,0.98425,14.7762593863119,0.939088026979346
"4615",2005,193,6,70.8935,60.49,22.805,24.71,5.1,21.185,0.96995,5.215,0.98425,14.6705392467445,0.9397980919454
"4616",2005,193,7,59.5865,145.452,57.17,67.2,12.465,21.02,0.9686,4.835,0.98425,14.6626411585308,0.940497218813794
"4617",2005,193,8,48.147,257.485,99.07,120.42,21.305,21.605,0.97225,4.22,0.98425,14.6625228337106,0.941207390708373
"4618",2005,193,9,36.9555,674.176,272.83,332.575,57.9,23.245,0.9359,4.28,0.98425,14.6625213647962,0.941974277483518
"4619",2005,193,10,26.7855,432.998,177.42,214.915,40.055,24.05,0.8918,4.425,0.98425,14.6625213887394,0.942800062694449
"4620",2005,193,11,19.7065,407.054,157.055,193.325,35.63,22.775,0.9442,3.595,0.98425,14.6625213030104,0.943614803752119
"4621",2005,193,12,19.424,620.425,240.84,296.675,51.975,23.23,0.92375,2.715,0.98425,14.6625213160486,0.94441026958027
"4622",2005,193,13,26.15,466.9,188.93,230.26,42.75,23.96,0.88635,2.725,0.98425,14.6625213374926,0.945233650505516
"4623",2005,193,14,36.196,724.132,290.505,351.05,62.365,24.11,0.8641,2.485,0.98425,14.6625213832329,0.946077098515796
"4624",2005,193,15,47.3545,328.785,129.445,155.235,27.71,23.645,0.9049,1.32,0.98425,14.6625214655907,0.94691344002578
"4625",2005,193,16,58.798,291.456,124.495,147.075,27.455,23.63,0.92035,1.525,0.98425,14.66252132972,0.947738858189792
"4626",2005,193,17,70.132,100.625,40.545,46.905,9.1,23.09,0.9416,2.445,0.98425,14.66252129464,0.948551321100972
"4627",2005,193,18,81.0435,40.549,14.565,14.685,3.565,22.505,0.96965,2.785,0.98425,14.6618773383244,0.94933683767485
"4628",2005,193,19,91.28,3.059,0.885,0.31,0.505,22.155,0.9771,2.94,0.98425,14.6225008564028,0.950099272118311
"4629",2005,193,20,100.7715,0.207,0,0,0.065,21.965,0.984,2.26,0.98425,14.6236189149462,0.950848098039297
"4630",2005,193,21,108.6045,0.322,0,0,0.205,21.865,0.9853,2.145,0.98425,14.6238015545145,0.951589536412324
"4631",2005,193,22,114.397,0.391,0,0,0.245,21.655,0.9799,2.885,0.98425,14.6239618261584,0.952323014768146
"4632",2005,193,23,117.5585,0.345,0,0,0.265,21.58,0.97755,2.26,0.98425,14.6241436881501,0.953049131994733
"4633",2005,194,0,117.679,0.345,0,0,0.215,21.59,0.9749,1.755,0.359833333333333,14.6243327345259,0.95377356351744
"4634",2005,194,1,114.7445,0.391,0,0,0.125,21.465,0.9756,1.345,0.359833333333333,14.6245192052283,0.954495004480396
"4635",2005,194,2,109.1345,0.414,0,0,0.095,21.3,0.98395,2.09,0.359833333333333,14.6246910486334,0.955208874405255
"4636",2005,194,3,101.439,0.345,0,0,0.47,21.215,0.9812,2.535,0.359833333333333,14.6248344731306,0.955916184198121
"4637",2005,194,4,92.0795,6.164,1.575,1.135,0.415,20.97,0.9588,2.21,0.359833333333333,14.6250665914258,0.95661477891952
"4638",2005,194,5,81.861,52.348,21.175,22.71,3.985,20.93,0.9752,2.82,0.359833333333333,14.6235148281644,0.957305812399298
"4639",2005,194,6,71.002,190.992,81.195,94.865,16.18,21.12,0.9641,3.285,0.359833333333333,14.6132743539578,0.958000830092041
"4640",2005,194,7,59.693,357.213,152.245,180.745,31.155,21.675,0.93325,4.255,0.359833333333333,14.6130473671795,0.958715460198808
"4641",2005,194,8,48.2535,287.178,118.555,141.77,25.61,21.88,0.9273,4.355,0.359833333333333,14.6130439657504,0.959449839946969
"4642",2005,194,9,37.0665,777.538,324.16,389.685,65.59,22.495,0.90615,5.055,0.359833333333333,14.6130439097971,0.960205083257012
"4643",2005,194,10,26.9135,983.365,409.88,498.395,84.38,23.625,0.8421,5.79,0.359833333333333,14.6130439621767,0.961003173178693
"4644",2005,194,11,19.853,769.948,322.365,394.515,70.67,24.275,0.79515,5.275,0.359833333333333,14.613044137116,0.961842752128882
"4645",2005,194,12,19.5565,711.367,299.43,368.185,68.19,24.855,0.78435,5.205,0.359833333333333,14.6130440983338,0.96270927727789
"4646",2005,194,13,26.246,887.432,367.98,444.39,77.02,25.86,0.75915,4.98,0.359833333333333,14.6130439235591,0.963608125641791
"4647",2005,194,14,36.2685,277.219,111.82,136.645,26.08,24.855,0.8204,5.14,0.359833333333333,14.6130439364616,0.96450697400569
"4648",2005,194,15,47.417,167.992,65.355,77.635,13.415,22.27,0.9573,3.685,0.359833333333333,14.6130439558474,0.965327977035907
"4649",2005,194,16,58.8595,429.732,177.04,212.765,36.665,23.57,0.9205,3.145,0.359833333333333,14.6130439500673,0.966119273541541
"4650",2005,194,17,70.196,403.282,170.425,202.62,42.14,25.13,0.87045,2.5,0.359833333333333,14.6130439166611,0.966976209124908
"4651",2005,194,18,81.117,193.476,86.57,105.425,24.825,25.56,0.85775,2.07,0.359833333333333,14.6130437981811,0.967874721063827
"4652",2005,194,19,91.4,11.753,5.11,5.84,1.62,24.58,0.92175,2.04,0.359833333333333,14.6116607274451,0.968762121543074
"4653",2005,194,20,100.8715,0.023,0,0,0.07,24.25,0.88375,3.225,0.359833333333333,14.6242355696493,0.96962224938023
"4654",2005,194,21,108.7205,0,0,0,0.14,23.32,0.8755,3.36,0.359833333333333,14.6251283057636,0.970454297152658
"4655",2005,194,22,114.528,0,0,0,0.27,22.605,0.8263,3.87,0.359833333333333,14.6252826297455,0.971247796175852
"4656",2005,194,23,117.7035,0,0,0,0.325,21.53,0.8592,4.18,0.359833333333333,14.6254423022979,0.971996884887216
"4657",2005,195,0,117.831,0.023,0,0,0.245,20.64,0.9189,3.725,0.0635,14.6256107530261,0.972695022684461
"4658",2005,195,1,114.894,0,0,0,0.005,21.05,0.94455,3.395,0.0635,14.6257763946162,0.973380444085111
"4659",2005,195,2,109.2785,0,0,0,0.195,20.925,0.9642,2.38,0.0635,14.6259281857092,0.974073471278751
"4660",2005,195,3,101.572,0.023,0,0,0.075,20.475,0.97605,2.285,0.0635,14.6260549806425,0.974751125368825
"4661",2005,195,4,92.1975,3.588,0.89,0.325,0.22,20.665,0.98485,3.105,0.0635,14.6262039463379,0.975421798452928
"4662",2005,195,5,81.975,109.687,44.23,51.505,10.005,20.905,0.9863,3.87,0.0635,14.6303299487752,0.97610401956756
"4663",2005,195,6,71.112,321.379,129.99,154.82,28.68,21.38,0.9651,3.585,0.0635,14.627682893529,0.976805245872129
"4664",2005,195,7,59.7985,673.716,277.6,335.63,63.165,22.4,0.92805,3.365,0.0635,14.6276237134465,0.977545300645635
"4665",2005,195,8,48.362,1158.671,477.055,578.825,101.295,24.33,0.8575,3.04,0.0635,14.6276228321412,0.978357527071773
"4666",2005,195,9,37.1825,1177.738,490.53,599.215,103.005,26,0.78935,3.925,0.0635,14.6276229368628,0.979248420385562
"4667",2005,195,10,27.044,1407.094,585.775,714.455,116.055,26.855,0.7504,5.625,0.0635,14.6276233457617,0.980186592173625
"4668",2005,195,11,20.003,1343.108,561.425,685.835,112.22,27.405,0.7441,5.725,0.0635,14.6276228559368,0.981147492492262
"4669",2005,195,12,19.694,1382.576,581.615,709.71,113.475,28.13,0.7326,5.28,0.0635,14.6276229432097,0.98212650520085
"4670",2005,195,13,26.3455,1195.701,498.525,609.735,100.5,28.52,0.7124,5.785,0.0635,14.6276232166233,0.983119518921942
"4671",2005,195,14,36.344,437.437,171.855,206.105,35.205,26.51,0.79875,4.46,0.0635,14.6276228540527,0.984090767437066
"4672",2005,195,15,47.4845,435.735,178.615,213.3,38.335,27.625,0.72325,5.075,0.0635,14.6276228809896,0.985049545213369
"4673",2005,195,16,58.926,910.202,380.81,468.295,94.305,28.475,0.70415,5.065,0.0635,14.6276228693589,0.98603579095167
"4674",2005,195,17,70.2675,386.17,157.305,198.085,42.1,25.595,0.83085,5.505,0.0635,14.6276228342327,0.986991949947531
"4675",2005,195,18,81.1945,214.82,88.965,106.785,23.185,24.29,0.86745,5.01,0.0635,14.6276227871371,0.987874023232329
"4676",2005,195,19,91.486,13.041,4.025,3.375,1.465,23.53,0.90605,3.52,0.0635,14.6260615027042,0.98871177789954
"4677",2005,195,20,100.9765,0.069,0,0,0.275,22.74,0.9151,4.525,0.0635,14.6385633699367,0.989513540109475
"4678",2005,195,21,108.8425,0.046,0,0,0.285,21.98,0.9507,3.365,0.0635,14.639507924771,0.990277424518176
"4679",2005,195,22,114.6665,0.23,0,0,0.155,21.605,0.9688,2.82,0.0635,14.6396691678263,0.991012566404831
"4680",2005,195,23,117.853,0.368,0,0,0.215,21.575,0.97225,3.14,0.0635,14.6398445879774,0.991737257426919
"4681",2005,196,0,117.987,0.391,0,0,0.28,21.41,0.97805,2.72,0.0105833333333333,14.640035495883,0.992456874281777
"4682",2005,196,1,115.0485,0.368,0,0,0.275,21.07,0.97925,2.735,0.0105833333333333,14.6402226307373,0.993163253571648
"4683",2005,196,2,109.427,0.414,0,0,0.145,20.88,0.9814,2.21,0.0105833333333333,14.6403943279517,0.993855614508227
"4684",2005,196,3,101.7125,0.437,0,0,0.22,20.825,0.98135,2.05,0.0105833333333333,14.6405404866873,0.994541449047356
"4685",2005,196,4,92.357,7.038,2.665,2.61,0.865,20.905,0.9832,2.315,0.0105833333333333,14.640819594008,0.995227950825143
"4686",2005,196,5,82.0925,71.3,30.565,34.485,6.405,21.065,0.9843,2.39,0.0105833333333333,14.6450774608965,0.995920844324815
"4687",2005,196,6,71.2245,171.58,73.25,85.93,15.27,21.525,0.974,3.55,0.0105833333333333,14.640584954011,0.996630108410839
"4688",2005,196,7,59.9075,373.129,156.835,185.405,31.75,22.445,0.949,2.675,0.0105833333333333,14.6404837142987,0.997375034532564
"4689",2005,196,8,48.4725,789.544,333.38,398.965,68.545,23.92,0.8913,2.095,0.0105833333333333,14.6404821945495,0.998178853648727
"4690",2005,196,9,37.3005,897.207,375.295,451.83,78.105,25.42,0.83265,2.71,0.0105833333333333,14.6404822231815,0.999049504459809
"4691",2005,196,10,27.179,1019.751,430.545,521.16,90.415,26.165,0.8189,2.795,0.0105833333333333,14.6404821701651,0.999965067398108
"4692",2005,196,11,20.1575,1135.096,472.995,577.545,100.715,26.74,0.8011,4.075,0.0105833333333333,14.6404821828828,1.00045764550956
"4693",2005,196,12,19.837,1741.537,736.055,899.72,146.845,27.65,0.7696,4.38,0.0105833333333333,14.6404822072639,1.00089104876512
"4694",2005,196,13,26.453,1069.684,447.395,547.275,93.15,27.94,0.73735,5.025,0.0105833333333333,14.6404822715172,1.00131338023413
"4695",2005,196,14,36.428,237.015,94.79,112.16,19.805,26.02,0.86945,1.825,0.0105833333333333,14.6404824424088,1.00175011133043
"4696",2005,196,15,47.5585,56.235,19.24,21.2,4.62,24.41,0.83645,3.25555555555556,0.0105833333333333,14.6404773796097,1.00221186175137
"4697",2005,196,16,58.9985,53.636,19.87,20.425,4.45,23.475,0.89315,1.155,0.0105833333333333,14.6399930210574,1.00268568338188
"4698",2005,196,17,70.3445,91.839,36.605,40.3,7.56,23.25,0.9297,1.39,0.0105833333333333,14.639940091933,1.00316337365514
"4699",2005,196,18,81.278,59.8,26.84,29.45,7.255,23.67,0.92945,0.41,0.0105833333333333,14.6399389796392,1.00364049819467
"4700",2005,196,19,91.5765,6.716,3.19,2.74,1.385,23.185,0.95585,1.2,0.0105833333333333,14.6220836476865,1.00411917893641
"4701",2005,196,20,101.0885,0.46,0,0,0.04,23.185,0.94985,1.205,0.0105833333333333,14.6250050868003,1.00460034409931
"4702",2005,196,21,108.97,0.46,0,0,0,22.51,0.9716,1.435,0.0105833333333333,14.6253196072706,1.00508272421915
"4703",2005,196,22,114.8115,0.46,0,0,0.035,22.395,0.9733,1.62,0.0105833333333333,14.6254867826208,1.00556646743139
"4704",2005,196,23,118.0105,0.46,0,0,0.085,22.505,0.97095,1.125,0.0105833333333333,14.6256731153095,1.0060501904038
"4705",2005,197,0,118.152,0.46,0,0,0.225,22.325,0.97255,1.685,0,14.6258693469614,1.00653397753243
"4706",2005,197,1,115.209,0.437,0,0,0.09,22.025,0.9726,1.79,0,14.6260617274481,1.00701828971571
"4707",2005,197,2,109.5785,0.46,0,0,0.02,21.32,0.98765,1.28,0,14.6262369948367,1.00750314877186
"4708",2005,197,3,101.854,0.46,0,0,0.1,21.16,0.9931,1.78,0,14.6263848090268,1.00798798537645
"4709",2005,197,4,92.4835,3.381,0.845,0.38,0.115,20.77,0.9929,1.125,0,14.6265418601256,1.00847246586235
"4710",2005,197,5,82.212,48.691,20.855,22.385,3.97,21.055,0.9915,1,0,14.6246580987739,1.00895700361834
"4711",2005,197,6,71.3395,164.266,71.125,82.37,14.145,21.75,0.9844,0.555,0,14.6110443395406,1.0094431833381
"4712",2005,197,7,60.0205,496.409,210.17,247.695,41.63,22.79,0.9343,1.43,0,14.6107345948394,1.00992950649105
"4713",2005,197,8,48.584,942.034,384.775,456.26,77.16,24.63,0.82325,1.66,0,14.6107298854048,1.01040913811396
"4714",2005,197,9,37.4195,1168.86,481.655,578.58,96.405,25.78,0.75395,2.415,0,14.6107298478241,1.01087559504772
"4715",2005,197,10,27.3175,1439.547,594.7,719.81,111.32,26.165,0.77575,1.755,0,14.6107298627908,1.0113325586124
"4716",2005,197,11,20.3195,1725.414,718.615,872.09,131.49,27.26,0.7492,1.965,0,14.6107298249373,1.01177827217277
"4717",2005,197,12,19.9875,1583.067,662.46,802.745,122.505,28.185,0.70855,1.575,0,14.6107298344359,1.01220597003262
"4718",2005,197,13,26.5665,1761.57,743.35,900.81,139.04,29.145,0.66875,1.575,0,14.6107298473474,1.01261373266069
"4719",2005,197,14,36.5165,1550.798,645.075,784.76,127.195,29.535,0.6337,1.905,0,14.6107298713052,1.01300548526708
"4720",2005,197,15,47.637,957.237,384.88,462.37,79.515,29.415,0.64325,1.55,0,14.6107299131481,1.01339384679951
"4721",2005,197,16,59.0765,842.605,344.645,421.47,82.165,29.705,0.6559,1.3,0,14.6107299003265,1.01378001867645
"4722",2005,197,17,70.426,463.68,186.655,227.095,49.27,29.365,0.691,1.485,0,14.6107298439922,1.01416682969986
"4723",2005,197,18,81.3665,151.041,60.255,71.555,17.055,28.51,0.744,1.455,0,14.6107298161128,1.01456829872901
"4724",2005,197,19,91.6745,11.73,3.56,3.375,0.87,27.22,0.8071,1.675,0,14.6071285175699,1.01499330839712
"4725",2005,197,20,101.205,0,0,0,0.01,25.885,0.8655,2.24,0,14.6163704647058,1.01544134499965
"4726",2005,197,21,109.1035,0,0,0,0,24.8,0.9036,2.155,0,14.6171484127147,1.01590533843737
"4727",2005,197,22,114.961,0,0,0,0.005,24.155,0.9159,2.485,0,14.6173000951716,1.01637835019307
"4728",2005,197,23,118.174,0,0,0,0.005,23.485,0.9293,2.405,0,14.6174593750569,1.01685659462408
"4729",2005,198,0,118.3175,0,0,0,0.005,23.195,0.94615,2.205,0,14.6176274181711,1.01733785658455
"4730",2005,198,1,115.376,0,0,0,0,22.86,0.9548,1.685,0,14.6177928970721,1.01782066068317
"4731",2005,198,2,109.735,0,0,0,0.005,22.39,0.96375,1.75,0,14.6179449213144,1.01830501421405
"4732",2005,198,3,101.998,0.023,0,0,0.01,22.285,0.9694,2.005,0,14.6180730263153,1.0187902077647
"4733",2005,198,4,92.6105,5.612,1.635,1.11,0.255,22.155,0.97335,1.12,0,14.6182804710162,1.01927564486132
"4734",2005,198,5,82.3345,94.185,37.165,40.905,8.155,22.16,0.979,2.26,0,14.6265106890804,1.01976055656225
"4735",2005,198,6,71.4555,403.282,164.94,196.815,41.93,23.06,0.97395,1.92,0,14.6236209201042,1.02024377216884
"4736",2005,198,7,60.1345,774.295,318.93,386.575,75.925,24.82,0.93075,2.855,0,14.6235545944263,1.02071986911692
"4737",2005,198,8,48.6985,1159.867,481.705,581.375,102.135,26.615,0.8682,2.735,0,14.6235535878709,1.02117795763983
"4738",2005,198,9,37.5435,1469.562,615.085,741.6,118.9,28.19,0.8059,2.74,0,14.6235536485559,1.02160974833895
"4739",2005,198,10,27.459,1629.389,695.425,840.37,131.665,29.035,0.7574,3.745,0,14.6235536109332,1.02201705856953
"4740",2005,198,11,20.486,1753.083,748.635,909.88,141.9,29.255,0.73465,4.915,0,14.6235537320656,1.02241202246015
"4741",2005,198,12,20.1475,1741.583,736.23,895.01,138.37,29.46,0.70485,5.67,0,14.6235541545714,1.02280175377699
"4742",2005,198,13,26.685,1597.074,674.09,820.115,131.6,29.835,0.69885,5.34,0,14.6235536035822,1.02318407973681
"4743",2005,198,14,36.6125,1498.657,627.42,766.395,130.06,30.13,0.6837,5.125,0,14.623553643026,1.02355751560455
"4744",2005,198,15,47.7205,1112.257,457.72,558.48,101.715,30.02,0.68895,4.715,0,14.6235537170093,1.0239284372337
"4745",2005,198,16,59.1585,838.649,341.07,416.195,83.28,29.96,0.6976,4.42,0,14.6235535963962,1.02430168146866
"4746",2005,198,17,70.513,461.15,186.74,225.605,50.72,29.3,0.731,4.37,0,14.6235535478049,1.02468441947479
"4747",2005,198,18,81.4615,154.514,62.295,72.8,18.155,28.19,0.78055,2.81,0,14.6235535066171,1.0250886508787
"4748",2005,198,19,91.775,11.431,3.225,2.93,1.3,26.29,0.8658,3.44,0,14.6192966623556,1.02552353653486
"4749",2005,198,20,101.328,0,0,0,0.075,24.895,0.91585,3.39,0,14.627868593955,1.02598337911367
"4750",2005,198,21,109.2435,0,0,0,0,24.87,0.9013,4.65,0,14.6286426445529,1.02645087898551
"4751",2005,198,22,115.119,0.092,0,0,0.005,24.8,0.90705,5.265,0,14.6287961295433,1.02691879252954
"4752",2005,198,23,118.3435,0.161,0,0,0.09,24.425,0.92545,4.64,0,14.6289617286451,1.02738883631597
"4753",2005,199,0,118.4935,0.253,0,0,0.06,23.835,0.9523,3.595,0.60325,14.6291410607137,1.02786300594797
"4754",2005,199,1,115.546,0.322,0,0,0.02,23.46,0.9666,3.22,0.60325,14.6293230346385,1.0283406323001
"4755",2005,199,2,109.8965,0.092,0,0,0,23.35,0.9744,3.315,0.60325,14.6294872023918,1.02881971614469
"4756",2005,199,3,102.146,0.414,0,0,0.115,23.585,0.9693,3.69,0.60325,14.6296245809478,1.02929841026526
"4757",2005,199,4,92.7405,8.763,4.375,4.285,1.6,23.535,0.96135,4.735,0.60325,14.6300116902133,1.02977651457253
"4758",2005,199,5,82.4585,70.61,32.34,38.12,8.27,23.825,0.9225,4.975,0.60325,14.6404390595983,1.03025301878393
"4759",2005,199,6,71.5745,248.607,103.355,121.85,22.365,23.93,0.93465,4.125,0.60325,14.6363561759021,1.030727700542
"4760",2005,199,7,60.25,756.723,315.975,378.93,69.48,24.625,0.89425,5.165,0.60325,14.636262083078,1.03119954912767
"4761",2005,199,8,48.815,897.575,373.095,450.875,80.26,25.67,0.8723,6.635,0.60325,14.6362606724896,1.03166288048786
"4762",2005,199,9,37.668,966.046,397.28,480.86,81.44,26.02,0.86475,6.98,0.60325,14.6362607034174,1.03211784708008
"4763",2005,199,10,27.6045,1644.546,674.5,822.135,128.345,27.365,0.82905,7.565,0.60325,14.6362606374092,1.03256017030476
"4764",2005,199,11,20.6575,1813.343,745.72,910.96,138.24,28.22,0.7763,7.85,0.60325,14.6362606503054,1.03298303710387
"4765",2005,199,12,20.3105,1588.196,656.775,804.135,129.97,28.84,0.76425,7.575,0.60325,14.6362606752702,1.03339056827097
"4766",2005,199,13,26.8125,648.876,259.22,319.085,55.815,27.405,0.7818,8.6,0.60325,14.6362607415746,1.03380659108227
"4767",2005,199,14,36.712,171.672,63.31,74.66,12.41,22.5,0.9386,4.28,0.60325,14.6362609192548,1.03426901462996
"4768",2005,199,15,47.8105,55.637,19.165,18.745,3.635,22.17,0.9706,2.88,0.60325,14.6362512931486,1.03475137044743
"4769",2005,199,16,59.2465,87.584,34.38,38.035,7.2,22.33,0.95915,2.985,0.60325,14.6362056506828,1.03523393871324
"4770",2005,199,17,70.6055,316.779,136.105,163.21,32.14,23,0.92695,2.21,0.60325,14.6362055831329,1.03571528815184
"4771",2005,199,18,81.56,247.687,103.86,123.28,30.12,24.575,0.892,2,0.60325,14.6362054926164,1.03619061785533
"4772",2005,199,19,91.9215,12.719,3.96,3.335,1.535,23.61,0.9279,2.45,0.60325,14.6330965415479,1.03666415401035
"4773",2005,199,20,101.4565,0.069,0,0,0,22.495,0.95595,2.025,0.60325,14.6424164084097,1.03714360481944
"4774",2005,199,21,109.391,0,0,0,0.05,21.775,0.9731,2.545,0.60325,14.6433625114282,1.03762530908088
"4775",2005,199,22,115.282,0.023,0,0,0.04,21.31,0.9836,2.275,0.60325,14.6435173579385,1.03810755059148
"4776",2005,199,23,118.5185,0,0,0,0,21.265,0.98695,2.35,0.60325,14.643676850309,1.03858973073687
"4777",2005,200,0,118.6735,0.046,0,0,0.105,20.905,0.98855,2.25,0,14.6438453532537,1.03907168645569
"4778",2005,200,1,115.722,0,0,0,0.14,20.305,0.9935,2.05,0,14.6440127807664,1.03955268469812
"4779",2005,200,2,110.062,0.023,0,0,0.095,19.88,0.999058823529412,2.005,0,14.644164927553,1.04003199334338
"4780",2005,200,3,102.298,0,0,0,0.21,19.615,0.99885,2.04,0,14.6442941523625,1.04050974389231
"4781",2005,200,4,92.9125,7.383,1.51,1.705,1.315,19.36,0.9965,0.645,0,14.6445779079128,1.04098607781284
"4782",2005,200,5,82.583,169.74,59.015,73.065,22.695,19.485,0.99085,0.355,0,14.6600081055357,1.04146083023816
"4783",2005,200,6,71.697,480.102,193.67,226.21,43.85,20.83,0.96735,0.43,0,14.6584893468884,1.0419378489884
"4784",2005,200,7,60.366,928.303,376.435,452.07,81.945,24.24,0.74505,0.91,0,14.6584546385352,1.04241477692952
"4785",2005,200,8,48.9335,1286.183,527.65,642.235,105.52,25.875,0.6445,1.755,0,14.6584542423092,1.04287555816471
"4786",2005,200,9,37.7955,1596.108,667.27,806.875,119.79,27.17,0.53575,1.09,0,14.6584542579227,1.04331738663758
"4787",2005,200,10,27.7525,1812.009,765.94,925.48,128.285,27.76,0.51615,1.05,0,14.6584540955571,1.04374348204058
"4788",2005,200,11,20.8335,1928.55,814.735,990.985,135.12,27.91,0.52875,1.575,0,14.6584541142873,1.04416258389769
"4789",2005,200,12,20.481,1793.816,757.185,923.615,131.06,28.36,0.5402,1.63,0,14.6584541634777,1.0445756235435
"4790",2005,200,13,26.945,1304.307,552.41,670.52,106.45,28.47,0.53855,1.345,0,14.658454312196,1.04498278572829
"4791",2005,200,14,36.818,1614.692,670.03,818.92,131.285,29.17,0.5317,1.215,0,14.6584541820237,1.04538088006118
"4792",2005,200,15,47.906,1340.67,546.71,671.23,116.09,29.39,0.507,1.125,0,14.6584541249644,1.04576814582355
"4793",2005,200,16,59.339,929.2,376.37,457.965,86.745,29.805,0.5072,0.635,0,14.658454115737,1.0461474611757
"4794",2005,200,17,70.7025,511.129,206.22,244.935,53.29,29.275,0.5396,0.66,0,14.6584541116988,1.0465282231748
"4795",2005,200,18,81.666,178.641,71.945,82.855,20.835,28.45,0.5777,0.71,0,14.6584541111735,1.04692531449664
"4796",2005,200,19,92.036,10.81,3.115,2.625,0.555,26.455,0.67505,1,0,14.6532004333546,1.04735151442424
"4797",2005,200,20,101.591,0,0,0,0,24.845,0.7297,1.675,0,14.6605116969933,1.04780563874374
"4798",2005,200,21,109.542,0.023,0,0,0,23.595,0.775,2.405,0,14.6613130590599,1.04827407015564
"4799",2005,200,22,115.4505,0,0,0,0,23.01,0.7964,2.41,0,14.661465382464,1.04874873727207
"4800",2005,200,23,118.7015,0,0,0,0,22.865,0.79065,2.6,0,14.6616241202447,1.04922516025588
"4801",2005,201,0,118.858,0,0,0,0,22.25,0.80265,2.76,0,14.6617915982138,1.04970290238565
"4802",2005,201,1,115.9005,0,0,0,0,21.95,0.794,2.685,0,14.6619573292648,1.0501817592956
"4803",2005,201,2,110.229,0,0,0,0,21.6,0.8087,2.635,0,14.6621089930704,1.0506609999806
"4804",2005,201,3,102.4525,0,0,0,0.045,20.8,0.8665,2.92,0,14.6622370413685,1.05114013712143
"4805",2005,201,4,93.0485,6.923,1.98,1.425,0.46,20.165,0.9124,2.34,0,14.6624970569128,1.05161792242754
"4806",2005,201,5,82.7125,141.45,56.035,63.365,15.07,20.565,0.93825,2.315,0,14.6747643436815,1.0520943986338
"4807",2005,201,6,71.819,479.343,191.295,226.37,48.49,22.755,0.94035,2.555,0,14.6729717705398,1.05257129559764
"4808",2005,201,7,60.4855,884.258,350.945,424.255,79.845,25.005,0.8784,3.135,0,14.6729310922516,1.05304001183876
"4809",2005,201,8,49.0545,1253.983,503.43,611.14,102.05,26.99,0.82225,3.285,0,14.6729305024276,1.05348704007559
"4810",2005,201,9,37.9265,1551.074,630.585,765,117.065,28.73,0.77675,3.155,0,14.6729306558054,1.05390326160144
"4811",2005,201,10,27.9035,1785.421,718.52,888.84,141.385,29.61,0.75315,3.64,0,14.6729312724558,1.05429125244977
"4812",2005,201,11,21.0155,1924.617,775,962.72,154.51,30.385,0.71595,3.885,0,14.6729305007305,1.05465828301138
"4813",2005,201,12,20.6575,1845.727,743.13,927.18,155.855,30.995,0.68125,4.895,0,14.6729305568986,1.05500599799937
"4814",2005,201,13,27.0835,1370.639,551.89,685.83,123.365,30.86,0.69555,5.065,0,14.6729307283976,1.05534674974144
"4815",2005,201,14,36.9295,1683.416,664.09,834.905,152.885,31.28,0.67755,5.765,0,14.6729305432777,1.05568317708392
"4816",2005,201,15,48.0075,1095.122,425.795,536.17,105.065,31.155,0.6637,6.065,0,14.6729305871439,1.05601510111971
"4817",2005,201,16,59.437,594.757,228.165,283.675,58.825,30.91,0.6894,4.535,0,14.6729304953766,1.0563526840333
"4818",2005,201,17,70.8045,319.769,120.1,144.405,32.49,30.17,0.75815,3.385,0,14.6729304947033,1.05670470402299
"4819",2005,201,18,81.775,94.392,33.28,37.425,9.455,28.83,0.81205,3.025,0,14.6729304717773,1.05708445987373
"4820",2005,201,19,92.155,7.889,2.43,1.785,0.86,27.78,0.84425,3.04,0,14.6606853665517,1.0574927132974
"4821",2005,201,20,101.7335,0,0,0,0,26.87,0.8832,3.08,0,14.664913307123,1.05792068040309
"4822",2005,201,21,109.6995,0,0,0,0.005,26.285,0.90105,2.93,0,14.6653994729982,1.05836087384399
"4823",2005,201,22,115.6265,0.023,0,0,0.17,25.83,0.8983,3.7,0,14.6655461934211,1.05880866598521
"4824",2005,201,23,118.8875,0,0,0,0.095,24.815,0.88095,2.85,0,14.6657058123984,1.05926564136269
"4825",2005,202,0,119.05,0,0,0,0.685,23.325,0.8284,7.92,0.92075,14.6658736049454,1.05973442326915
"4826",2005,202,1,116.087,0,0,0,0.535,21.14,0.8688,5.815,0.92075,14.6660391208511,1.06021181294263
"4827",2005,202,2,110.402,0.046,0,0,0.225,20.57,0.92765,3.815,0.92075,14.6661914259432,1.06068990426831
"4828",2005,202,3,102.613,0.023,0,0,0.03,20.535,0.94925,3.065,0.92075,14.666320024015,1.06116732514594
"4829",2005,202,4,93.187,3.358,0.73,0.175,0.275,20.525,0.9726,3.295,0.92075,14.6664665177602,1.06164466329087
"4830",2005,202,5,82.8425,130.732,51.445,58.61,13.91,20.99,0.94995,3.415,0.92075,14.6739861499499,1.06212193096707
"4831",2005,202,6,71.944,450.777,176.26,212.32,47.275,22.655,0.89495,3.925,0.92075,14.6718235922114,1.0625991077221
"4832",2005,202,7,60.6065,787.704,312.385,384.27,79.245,24.585,0.85665,4.17,0.92075,14.6717749106396,1.06306990107976
"4833",2005,202,8,49.1765,1055.516,423.4,525.565,101.74,26.56,0.8266,4.945,0.92075,14.6717741824816,1.06352260966357
"4834",2005,202,9,38.0575,1495.023,588.125,738.405,136.615,28.32,0.794,5.48,0.92075,14.6717743289308,1.06394693708075
"4835",2005,202,10,28.0605,1785.122,708.96,894.66,160.92,29.335,0.7678,4.765,0.92075,14.6717749156584,1.06434305466397
"4836",2005,202,11,21.2,1663.935,664.05,835.46,153.715,30.48,0.72785,3.73,0.92075,14.6717741832796,1.06471251954079
"4837",2005,202,12,20.8405,1150.506,462.1,578.04,114.23,30.685,0.7454,4.01,0.92075,14.6717742408797,1.06506352595163
"4838",2005,202,13,27.2295,1570.049,619.7,781.255,147.66,31.405,0.7206,4.415,0.92075,14.6717744168389,1.06540079182423
"4839",2005,202,14,37.0485,1502.843,583.06,739.695,141.675,32.085,0.6864,4.3,0.92075,14.6717742217648,1.06571596500842
"4840",2005,202,15,48.1125,1251.269,480.185,609.775,125.205,32.23,0.67825,5.155,0.92075,14.6717742866768,1.06601737919755
"4841",2005,202,16,59.542,747.615,283.865,360.955,79.955,31.78,0.70585,4.325,0.92075,14.6717741813288,1.06632394672856
"4842",2005,202,17,70.913,527.275,205.985,259.03,63.885,31.395,0.7503,4.51,0.92075,14.6717741169756,1.06664428671987
"4843",2005,202,18,81.8915,163.921,62.785,78.16,23.045,30.205,0.8053,4.415,0.92075,14.6717741299436,1.06698875828009
"4844",2005,202,19,92.2775,14.306,6.11,6.82,3.25,28.965,0.8382,4.23,0.92075,14.6680222023942,1.06736678577842
"4845",2005,202,20,101.8785,0.023,0,0,1.33,23.64,0.73955,5.185,0.92075,14.6766267294508,1.06780633787786
"4846",2005,202,21,109.8645,0.023,0,0,0.15,22.325,0.8231,4.675,0.92075,14.6774740292127,1.06827994208181
"4847",2005,202,22,115.808,0,0,0,0.435,22.615,0.8348,3.155,0.92075,14.6776273854876,1.06875550332189
"4848",2005,202,23,119.0815,0.207,0,0,0.28,21.35,0.85125,2.07,0.92075,14.6777910066654,1.06923188182076
"4849",2005,203,0,119.245,0.46,0,0,0.145,21.295,0.9155,2.75,0.370416666666667,14.6779765572942,1.06970871638204
"4850",2005,203,1,116.2765,0.46,0,0,0.1,21.285,0.93415,2.8,0.370416666666667,14.6781692021376,1.07018550358519
"4851",2005,203,2,110.58,0.437,0,0,0.14,21.295,0.94865,1.565,0.370416666666667,14.6783454186179,1.07066226183725
"4852",2005,203,3,102.774,0.414,0,0,0.03,21.06,0.9635,1.635,0.370416666666667,14.6784926406587,1.07113890253045
"4853",2005,203,4,93.328,6.44,1.69,1.215,0.67,20.57,0.9794,2.155,0.370416666666667,14.6787455212034,1.07161496981665
"4854",2005,203,5,82.9745,137.793,54.155,62.67,16.52,20.555,0.9779,1.775,0.370416666666667,14.6883508810966,1.07208971141722
"4855",2005,203,6,72.0715,485.967,194.68,233.21,53.17,22.315,0.92225,0.89,0.370416666666667,14.686449426432,1.07256472164882
"4856",2005,203,7,60.73,897.759,354.1,440.975,93.33,23.465,0.8854,2.745,0.370416666666667,14.6864068385106,1.07303730066874
"4857",2005,203,8,49.3015,1261.182,493.76,627.145,125.065,24.74,0.824,3.23,0.370416666666667,14.6864062223244,1.0735027416816
"4858",2005,203,9,38.193,1509.651,597.815,759.365,144.57,25.755,0.7836,3.69,0.370416666666667,14.6864063721799,1.0739574536226
"4859",2005,203,10,28.2205,1660.094,660.35,841.3,158.815,26.02,0.77465,4.025,0.370416666666667,14.6864061961237,1.0744044818225
"4860",2005,203,11,21.3925,1649.514,661.775,842.595,154.625,26.295,0.75905,4.015,0.370416666666667,14.6864062099321,1.0748478292496
"4861",2005,203,12,21.029,1875.282,752.39,957.985,175.885,27.27,0.71745,4.1,0.370416666666667,14.6864062408037,1.07528165375802
"4862",2005,203,13,27.3815,1781.626,711.02,904.385,169.975,28.125,0.69565,4.255,0.370416666666667,14.6864063283083,1.07569947486191
"4863",2005,203,14,37.1725,1576.075,621.96,790.1,152.535,28.66,0.67195,3.775,0.370416666666667,14.6864065658094,1.07610335985869
"4864",2005,203,15,48.2235,1269.991,495.405,627.975,130.03,29.09,0.6546,3.315,0.370416666666667,14.6864062204684,1.07649660692974
"4865",2005,203,16,59.651,898.794,346.65,438.18,100.695,29.195,0.66835,3.12,0.370416666666667,14.6864062210858,1.07688363990148
"4866",2005,203,17,71.0275,499.33,192.18,240.82,63.39,28.79,0.70645,2.455,0.370416666666667,14.6864061364568,1.07727417904905
"4867",2005,203,18,82.0115,166.175,64.46,78.815,23.61,28.04,0.76385,1.04,0.370416666666667,14.6864061901809,1.0776775465125
"4868",2005,203,19,92.4445,9.223,2.6,2.26,0.715,26.32,0.822,0.68125,0.370416666666667,14.6800620727677,1.07810492074365
"4869",2005,203,20,102.031,0.046,0,0,0,25.305,0.8599,1.625,0.370416666666667,14.686735596189,1.07855324735621
"4870",2005,203,21,110.0345,0.299,0,0,0,24.285,0.8974,2.55,0.370416666666667,14.6874879755259,1.07901260257989
"4871",2005,203,22,115.995,0.23,0,0,0,23.605,0.9137,2.18,0.370416666666667,14.6876516664405,1.07947918347069
"4872",2005,203,23,119.2805,0.23,0,0,0,22.98,0.9231,1.535,0.370416666666667,14.6878229106838,1.07994980466411
"4873",2005,204,0,119.448,0.345,0,0,0,22.375,0.9393,1.495,0,14.6880070197589,1.08042306184185
"4874",2005,204,1,116.47,0.46,0,0,0.005,22.325,0.93635,2.12,0,14.6881949905846,1.08089729582973
"4875",2005,204,2,110.7595,0.46,0,0,0.04,21.9,0.9423,2.32,0,14.6883718313092,1.0813719807871
"4876",2005,204,3,102.939,0.46,0,0,0,21.075,0.96615,1.77,0,14.6885197469657,1.08184711986117
"4877",2005,204,4,93.5075,5.382,1.38,0.96,0.465,20.54,0.97745,2,0,14.6887338215296,1.08232159669055
"4878",2005,204,5,83.108,123.556,46.415,55.06,15.255,20.545,0.98145,2.46,0,14.6959005453204,1.08279490937331
"4879",2005,204,6,72.199,457.815,173.665,215.8,53.975,22.49,0.95115,2.87,0,14.6937109964837,1.08326867843493
"4880",2005,204,7,60.8535,849.666,324.445,409.65,93.195,24.61,0.86405,3.125,0,14.6936620941864,1.08373641525835
"4881",2005,204,8,49.428,1125.298,437.46,553.69,116.295,26.06,0.8154,3.595,0,14.6936615362476,1.08418890698304
"4882",2005,204,9,38.33,1157.36,460.17,580.3,118.37,27.02,0.7709,3.545,0,14.6936613619789,1.08462548273332
"4883",2005,204,10,28.3825,1190.549,484.84,610.605,124.505,27.775,0.74155,2.6,0,14.6936614593533,1.0850478641037
"4884",2005,204,11,21.5885,948.382,384.43,481.935,99.67,28.195,0.71985,2.185,0,14.6936618172569,1.08545917277098
"4885",2005,204,12,21.2255,1359.599,547.13,691.23,137.42,28.6,0.6987,2.785,0,14.6936613832432,1.08586199885007
"4886",2005,204,13,27.5405,1520.185,606.75,767.795,151.8,29.305,0.67885,2.62,0,14.6936614661462,1.08625248026695
"4887",2005,204,14,37.3035,1276.293,506.7,642.955,131.645,29.585,0.6921,3.34,0,14.6936616903358,1.08663125027018
"4888",2005,204,15,48.3415,675.717,271.27,339.815,73.275,29.545,0.7115,3.04,0,14.6936613656785,1.08700704066649
"4889",2005,204,16,59.766,406.962,163.55,202.94,44.84,28.885,0.7658,3.245,0,14.6936613660822,1.08739135800015
"4890",2005,204,17,71.1455,340.607,134.965,167.81,40.575,28.57,0.8027,2.755,0,14.6936612744367,1.08778700300852
"4891",2005,204,18,82.1385,153.847,60.12,74.3,20.76,28.16,0.82175,2.58,0,14.6936613388014,1.08819051727844
"4892",2005,204,19,92.58,5.129,1.15,1,0.72,26.385,0.88025,3.01,0,14.6845656737638,1.08861542282474
"4893",2005,204,20,102.189,0.46,0,0,0,25.695,0.89575,3.43,0,14.6900693663348,1.0890602118133
"4894",2005,204,21,110.2115,0.46,0,0,0,25.075,0.90075,3.54,0,14.6907372768066,1.08951283850058
"4895",2005,204,22,116.1875,0.46,0,0,0.01,24.72,0.90795,3.75,0,14.6909094470933,1.08997072787758
"4896",2005,204,23,119.4855,0.46,0,0,0.01,24.415,0.91025,3.58,0,14.6910945091173,1.09043176004195
"4897",2005,205,0,119.654,0.46,0,0,0,24.32,0.9115,3.485,0,14.6912898005503,1.09089452980915
"4898",2005,205,1,116.67,0.437,0,0,0.065,23.79,0.9325,3.065,0,14.6914816788104,1.09135973496553
"4899",2005,205,2,110.944,0.414,0,0,0.01,23.375,0.95135,3.44,0,14.6916560902826,1.09182814347596
"4900",2005,205,3,103.106,0.46,0,0,0.03,23.57,0.9445,3.845,0,14.6918032190802,1.09229719653282
"4901",2005,205,4,93.656,4.025,0.88,0.36,0.355,23.285,0.9557,3.25,0,14.6919770614962,1.09276647581387
"4902",2005,205,5,83.2445,109.02,41.53,48.09,12.695,23.335,0.96105,3.19,0,14.6964902064618,1.09323604110776
"4903",2005,205,6,72.3285,417.519,162.195,200.025,49.415,24.585,0.9342,4.105,0,14.6938582862321,1.09370120022442
"4904",2005,205,7,60.9795,802.401,311.205,389.175,86.145,26.69,0.87895,4.335,0,14.6937994803162,1.09414975732153
"4905",2005,205,8,49.5575,1179.049,459.29,576.95,116.24,28.22,0.84045,5.165,0,14.6937987000796,1.09457084126822
"4906",2005,205,9,38.4705,1514.665,595.24,749.895,140.655,29.52,0.8034,5.355,0,14.6937986614626,1.09496303278052
"4907",2005,205,10,28.5475,1745.907,690.01,869.595,155.635,30.655,0.7566,5.31,0,14.6937985873561,1.09532504131625
"4908",2005,205,11,21.788,1870.82,742.235,937.325,163.985,31.61,0.7081,5.09,0,14.693798635454,1.09565715798266
"4909",2005,205,12,21.425,1879.031,745.28,942.415,165.69,32.29,0.6772,5.44,0,14.6937987907488,1.09596330238484
"4910",2005,205,13,27.7035,1773.852,699.555,885.92,160.05,32.725,0.6812,5.695,0,14.6937987381164,1.09625040011112
"4911",2005,205,14,37.4385,1564.207,610.26,774.175,146.77,33.115,0.67795,5.57,0,14.6937985918059,1.09652268059185
"4912",2005,205,15,48.465,1261.297,484.92,615.39,125.15,33.165,0.70035,5.13,0,14.6937985993406,1.09678683267295
"4913",2005,205,16,59.8865,904.406,342.545,433.92,97.605,32.995,0.6933,5,0,14.6937986001997,1.09705322064696
"4914",2005,205,17,71.27,485.783,182.835,228.15,57.99,32.54,0.72245,3.355,0,14.6937985213337,1.09733104268091
"4915",2005,205,18,82.2675,150.535,55.48,66.795,20.255,31.365,0.78935,2.965,0,14.6937985653947,1.09763697092122
"4916",2005,205,19,92.7205,8.004,1.835,1.59,0.955,29.55,0.8555,3.445,0,14.6859258861997,1.09798898786598
"4917",2005,205,20,102.352,0,0,0,0.005,28.505,0.8594,3.725,0,14.6917643670396,1.09837826365861
"4918",2005,205,21,110.3945,0,0,0,0.01,27.605,0.8759,3.65,0,14.6924487941243,1.09878829664302
"4919",2005,205,22,116.388,0,0,0,0.005,27.37,0.8835,4.42,0,14.6925985304596,1.09920927447513
"4920",2005,205,23,119.6955,0,0,0,0.015,26.91,0.9005,4.205,0,14.6927571594639,1.09963636757919
"4921",2005,206,0,119.8675,0.345,0,0,0,26.525,0.92035,4.09,0,14.6929331098581,1.10007040889278
"4922",2005,206,1,116.8735,0.368,0,0,0.03,26.235,0.9146,3.935,0,14.6931186195939,1.10050958520445
"4923",2005,206,2,111.1325,0.46,0,0,0.05,25.27,0.93755,2.995,0,14.6932916196877,1.10095724531072
"4924",2005,206,3,103.277,0.46,0,0,0.025,24.75,0.9525,2.885,0,14.6934400199273,1.10141357528365
"4925",2005,206,4,93.8045,5.336,1.66,1.205,0.33,24.105,0.9677,1.695,0,14.6936523201382,1.10187541858656
"4926",2005,206,5,83.382,121.187,46.885,53.78,13.64,24.36,0.96735,2.475,0,14.7003447306264,1.10233840464356
"4927",2005,206,6,72.4615,440.473,171.1,207.085,46.365,25.845,0.92995,3.25,0,14.6981017154166,1.10279262027622
"4928",2005,206,7,61.108,858.153,334.76,414.205,87.17,27.8,0.8498,3.93,0,14.6980516941435,1.10322374495076
"4929",2005,206,8,49.686,1222.082,479.61,595.77,113.025,29.685,0.76625,4.05,0,14.6980509235413,1.10361800322295
"4930",2005,206,9,38.614,1536.17,609.535,758.24,133.28,30.83,0.70745,3.735,0,14.6980509975215,1.10397488537515
"4931",2005,206,10,28.7165,1757.959,704.32,874.39,146.785,32.13,0.66035,2.755,0,14.6980512769573,1.10429565082504
"4932",2005,206,11,21.9925,1871.786,750.7,933.625,154.13,32.84,0.65775,2.74,0,14.6980509920009,1.10458308753007
"4933",2005,206,12,21.6325,1899.938,760.395,945.73,157.42,33.04,0.664,2.775,0,14.6980511777503,1.10485426717803
"4934",2005,206,13,27.875,1812.975,722.52,901.315,155.295,33.135,0.64905,3.465,0,14.6980510264173,1.10512000308084
"4935",2005,206,14,37.581,1653.608,654.355,818.1,147.83,33.33,0.6336,4.06,0,14.6980509672988,1.10538030396097
"4936",2005,206,15,48.5945,1285.976,502.775,629.8,122.285,33.31,0.61425,4.03,0,14.6980509429011,1.10563729725554
"4937",2005,206,16,60.0115,855.347,332.37,414.055,88.79,33.24,0.64285,2.855,0,14.6980509388937,1.10589599716675
"4938",2005,206,17,71.398,459.655,178.565,219.775,53.945,32.605,0.6936,2.4,0,14.6980509377421,1.10616776487738
"4939",2005,206,18,82.404,134.757,49.605,60.04,18.11,30.42,0.7202,3.535,0,14.6980509393883,1.10648705847641
"4940",2005,206,19,92.867,6.946,1.59,1.26,0.675,28.035,0.7655,3.64,0,14.6886129221769,1.10687040333868
"4941",2005,206,20,102.52,0,0,0,0,27.18,0.7902,4.415,0,14.6938360735628,1.10728925065241
"4942",2005,206,21,110.581,0.023,0,0,0,27.595,0.8038,5.205,0,14.6944582707088,1.10771179726252
"4943",2005,206,22,116.5925,0,0,0,0,27.15,0.8202,5.08,0,14.6946074709605,1.10813455498686
"4944",2005,206,23,119.9125,0.092,0,0,0,26.575,0.83575,4.935,0,14.6947680686018,1.10856598268886
"4945",2005,207,0,120.084,0.023,0,0,0,26.205,0.8521,5.14,0.465666666666667,14.6949394000806,1.10900473828659
"4946",2005,207,1,117.0805,0,0,0,0,26.08,0.8494,5.58,0.465666666666667,14.6951050759853,1.10944703951656
"4947",2005,207,2,111.322,0.023,0,0,0,26.305,0.83385,6.785,0.465666666666667,14.695257114322,1.10988861046754
"4948",2005,207,3,103.4495,0,0,0,0.025,26.11,0.83905,6.565,0.465666666666667,14.695384865455,1.1103299502987
"4949",2005,207,4,93.992,2.553,0.465,0.095,0.185,25.68,0.86125,5.615,0.465666666666667,14.6955140833661,1.11077552694957
"4950",2005,207,5,83.5195,108.905,42.56,49.425,11.885,25.65,0.8667,5.42,0.465666666666667,14.6985414322383,1.111223842723
"4951",2005,207,6,72.594,280.117,111.57,135.09,29.1,26.21,0.85095,5.755,0.465666666666667,14.6957738054814,1.11166868586589
"4952",2005,207,7,61.2375,419.888,167.86,203.165,40.985,26.735,0.83805,5.27,0.465666666666667,14.6957120367672,1.11210606600068
"4953",2005,207,8,49.819,718.612,287.28,351.46,69.52,27.705,0.8023,5.415,0.465666666666667,14.695711165161,1.11253124969273
"4954",2005,207,9,38.7565,1104.69,441.025,544.335,102.685,28.54,0.76535,5.675,0.465666666666667,14.6957111667254,1.11293944328819
"4955",2005,207,10,28.8895,1694.686,674.515,839.895,147.77,29.61,0.7152,5.385,0.465666666666667,14.6957110888054,1.1133267192386
"4956",2005,207,11,22.202,1774.036,712.53,888.355,153.465,30.605,0.677,4.515,0.465666666666667,14.695711104079,1.11368800199163
"4957",2005,207,12,21.846,1871.441,740.615,929.08,159.12,30.97,0.6395,5.175,0.465666666666667,14.6957111396204,1.11403030998022
"4958",2005,207,13,28.0505,1688.821,667.34,837.095,150.02,31.47,0.61635,5.72,0.465666666666667,14.6957112420348,1.11435963560931
"4959",2005,207,14,37.727,1078.93,428.675,531.43,101,31.345,0.63145,5.055,0.465666666666667,14.6957115211834,1.11468317436687
"4960",2005,207,15,48.727,740.324,295.315,362.765,71.95,30.965,0.6746,4.265,0.465666666666667,14.6957111119181,1.11501450464489
"4961",2005,207,16,60.1425,543.651,217.975,266.5,55.86,30.635,0.68725,4.14,0.465666666666667,14.6957111129648,1.11535645035001
"4962",2005,207,17,71.534,199.272,77.71,94.195,21.94,29.16,0.7433,5.48,0.465666666666667,14.695711041191,1.11572314774144
"4963",2005,207,18,82.545,4.623,0.7,1.385,2.48,21.445,0.96375,7.255,0.465666666666667,14.6385814756946,1.11617262751736
"4964",2005,207,19,93.055,0.989,0,0,0.585,20.98,0.9629,5.235,0.465666666666667,14.5908320760979,1.11665921782027
"4965",2005,207,20,102.695,0.46,0,0,0.3,21.01,0.96415,4.215,0.465666666666667,14.5910478204113,1.11714926279011
"4966",2005,207,21,110.7735,0.46,0,0,0.435,20.625,0.96265,4.895,0.465666666666667,14.5911865603915,1.11763895399254
"4967",2005,207,22,116.804,0.46,0,0,0.33,20.185,0.9473,4.745,0.465666666666667,14.5913514874513,1.11812754729443
"4968",2005,207,23,120.1345,0.46,0,0,0.26,20.085,0.9511,3.795,0.465666666666667,14.5915387292478,1.11861517105559
"4969",2005,208,0,120.306,0.46,0,0,0.345,19.44,0.93565,5,0.03175,14.591736080589,1.1191010469597
"4970",2005,208,1,117.292,0.414,0,0,0.3,18.87,0.9468,4.34,0.03175,14.5919287759028,1.11958334328731
"4971",2005,208,2,111.5185,0.46,0,0,0.325,18.65,0.9561,4.385,0.03175,14.5921040141317,1.12006277923951
"4972",2005,208,3,103.6255,0.46,0,0,0.375,18.43,0.95515,4.815,0.03175,14.5922523506834,1.12054041021703
"4973",2005,208,4,94.1465,1.932,0.205,0.005,0.42,18.03,0.95295,4.105,0.03175,14.5923810985584,1.12101527612913
"4974",2005,208,5,83.6595,59.018,24.475,26.315,4.98,17.62,0.94685,3.58,0.03175,14.588382144079,1.12148647014315
"4975",2005,208,6,72.7285,318.619,133.25,157.54,29.06,18.105,0.9247,4.75,0.03175,14.580007287625,1.1219589612894
"4976",2005,208,7,61.3675,536.59,217.52,262.385,46.9,18.705,0.89755,4.745,0.03175,14.5798174201561,1.12243723887612
"4977",2005,208,8,49.951,764.957,320.75,394.745,75.255,19.625,0.85075,4.205,0.03175,14.5798145696745,1.12292136590267
"4978",2005,208,9,38.904,597.471,253.975,314.975,61.81,20.3,0.77005,3.545,0.03175,14.5798145046242,1.12340999392047
"4979",2005,208,10,29.0635,1324.432,547.355,682.005,121.46,21.245,0.76025,3.32,0.03175,14.5798145241962,1.12390124321798
"4980",2005,208,11,22.4175,1279.375,531.545,667.07,119.955,22.01,0.69045,3.64,0.03175,14.5798145699382,1.12439328292013
"4981",2005,208,12,22.064,1534.284,630.92,790.745,138.755,22.685,0.6378,4.565,0.03175,14.5798147129925,1.12488429089623
"4982",2005,208,13,28.2345,1374.894,559.725,702.315,128.21,22.95,0.6083,4.415,0.03175,14.5798147236719,1.12537382038446
"4983",2005,208,14,37.8825,1396.928,566.39,712.48,133.11,23.2,0.5924,4.635,0.03175,14.5798145335608,1.12586222849062
"4984",2005,208,15,48.8685,722.959,292.675,363.975,72.99,22.755,0.62575,4.33,0.03175,14.5798145418003,1.12635106818209
"4985",2005,208,16,60.2795,528.011,204.185,249.875,52.465,22.655,0.6203,3.9,0.03175,14.5798145438905,1.12684103203472
"4986",2005,208,17,71.6725,422.372,159.89,197.5,48.4,22.285,0.6425,3.45,0.03175,14.5798144710882,1.12733174678678
"4987",2005,208,18,82.691,164.473,60.815,74.585,23.805,21.34,0.71305,2.725,0.03175,14.5798145065852,1.12782362703113
"4988",2005,208,19,93.2105,7.176,1.485,1.43,0.95,19.61,0.8105,2.555,0.03175,14.5767717557702,1.12831409476326
"4989",2005,208,20,102.877,0,0,0,0.245,18.1,0.87445,2.47,0.03175,14.5871056542882,1.12879552919127
"4990",2005,208,21,110.973,0.046,0,0,0.065,17.995,0.86435,2.79,0.03175,14.5878546234444,1.12926940345583
"4991",2005,208,22,117.02,0,0,0,0.025,17.885,0.8219,3.095,0.03175,14.5880074647313,1.12974214864659
"4992",2005,208,23,120.3625,0,0,0,0,16.965,0.8443,1.89,0.03175,14.5881671941442,1.13020926747713
"4993",2005,209,0,120.535,0,0,0,0,16.325,0.84935,2.34,0,14.5883356798169,1.13066674317944
"4994",2005,209,1,117.5085,0,0,0,0,15.35,0.88595,1.88,0,14.5885014079314,1.13111249855475
"4995",2005,209,2,111.715,0,0,0,0,15.235,0.86935,2.03,0,14.5886531620328,1.13154955707276
"4996",2005,209,3,103.8045,0,0,0,0,14.395,0.9112,0.67,0,14.5887803231014,1.13197825320198
"4997",2005,209,4,94.302,3.289,0.675,0.35,0.295,14.155,0.92285,0.945,0,14.5889232789073,1.13239698776657
"4998",2005,209,5,83.7995,124.844,50.98,59.37,15.32,14.17,0.9422,0.995,0,14.5972217302354,1.13281300415029
"4999",2005,209,6,72.864,485.369,192.865,231.78,53.5,17.07,0.8428,0.525,0,14.5949873260178,1.13325351992494
"5000",2005,209,7,61.4995,822.894,328.165,406.775,83.48,18.985,0.7123,1.345,0,14.5949365181236,1.13372567734477
"5001",2005,209,8,50.086,1056.804,438.29,540.065,101.64,20.53,0.65695,0.74,0,14.5949359864629,1.1342107919915
"5002",2005,209,9,39.053,1543.3,631.595,786.925,137.4,21.51,0.5842,1.805,0,14.5949357357768,1.13470013969204
"5003",2005,209,10,29.243,1438.489,592.835,741.665,129.455,21.735,0.5507,2.725,0,14.594935799974,1.13518991366836
"5004",2005,209,11,22.6355,1326.663,558.43,695.97,121.285,22.13,0.54535,2.48,0,14.5949360273788,1.13567942000788
"5005",2005,209,12,22.2875,1420.894,594.87,744.14,127.535,22.835,0.5291,1.675,0,14.5949358263547,1.13616772590147
"5006",2005,209,13,28.424,1580.997,655.82,820.95,144.45,23.115,0.53565,2.58,0,14.5949358700798,1.13665427361929
"5007",2005,209,14,38.043,1312.725,537.35,669.03,120.11,23.37,0.53825,1.935,0,14.5949357459601,1.13713952975469
"5008",2005,209,15,49.0115,873.218,360.415,443.355,82.57,23.56,0.51785,1.52,0,14.5949357578725,1.13762354654193
"5009",2005,209,16,60.42,836.602,337.575,418.525,89.505,23.615,0.5254,1.84,0,14.5949357568484,1.13810681804586
"5010",2005,209,17,71.817,512.348,200.705,249.735,62.155,23.54,0.5369,1.715,0,14.5949355888298,1.13859015215308
"5011",2005,209,18,82.842,154.744,60.425,71.905,21.385,23.07,0.57255,0.529411764705882,0,14.594935736424,1.13907505454626
"5012",2005,209,19,93.372,6.486,1.82,1.285,0.11,21.475,0.62035,0.325,0,14.5907759220228,1.13956397464915
"5013",2005,209,20,103.061,0,0,0,0,20.85,0.6195,1.10986842105263,0,14.6000170787646,1.14005349092545
"5014",2005,209,21,111.177,0,0,0,0,18.375,0.7831,1.89473684210526,0,14.600722952344,1.14053658282052
"5015",2005,209,22,117.242,0.115,0,0,0,17.87,0.78025,2.33,0,14.6008762820194,1.14100916256279
"5016",2005,209,23,120.5955,0.046,0,0,0,16.4,0.8493,0.92,0,14.6010404932404,1.14147085078614
"5017",2005,210,0,120.7655,0.069,0,0,0,16.115,0.8584,0.775,0,14.6012120281598,1.14192114588139
"5018",2005,210,1,117.7295,0,0,0,0,15.61,0.8791,0.63,0,14.6013804316591,1.14236554810427
"5019",2005,210,2,111.9185,0,0,0,0,14.845,0.91675,0.392857142857143,0,14.6015317340428,1.14279968677139
"5020",2005,210,3,103.984,0,0,0,0.005,14.49,0.9296,1.085,0,14.6016590017407,1.14322404593508
"5021",2005,210,4,94.4965,3.542,0.86,0.42,0.24,13.845,0.9522,0.257142857142857,0,14.6018070718869,1.14363898267427
"5022",2005,210,5,83.9435,132.756,48.805,59.54,19.72,14.285,0.9477,0.827777777777778,0,14.6104697461826,1.14405136897284
"5023",2005,210,6,73.002,480.93,191.245,229.83,54.365,16.745,0.88395,0.71875,0,14.6083729351683,1.14448859301167
"5024",2005,210,7,61.633,884.718,350.96,432.14,89.135,19.445,0.80285,1.535,0,14.6083254586281,1.14495900046504
"5025",2005,210,8,50.225,1254.351,503.78,623.89,117.05,21.445,0.7265,2.47,0,14.6083247286789,1.14544463610151
"5026",2005,210,9,39.204,1556.433,632.53,782.465,134.665,23.04,0.6308,2.29,0,14.6083248090281,1.14593123560475
"5027",2005,210,10,29.426,1774.887,727.205,898.775,146.34,24.15,0.5923,1.985,0,14.6083251160949,1.14641225747618
"5028",2005,210,11,22.861,1894.809,779.21,964.195,152.82,25.025,0.56815,1.885,0,14.6083247823247,1.14688555115937
"5029",2005,210,12,22.5195,1902.652,784.525,968.115,152.96,26.035,0.5506,1.235,0,14.6083249335358,1.14734854604519
"5030",2005,210,13,28.6205,1803.637,738.685,912.505,149.405,26.63,0.55475,1.43,0,14.6083248992435,1.14780064678203
"5031",2005,210,14,38.2075,1356.264,546.78,674.765,117.58,26.915,0.5573,1.58,0,14.6083247395383,1.14824587446982
"5032",2005,210,15,49.1635,1257.778,500.185,621.135,117.64,27.075,0.5621,1.875,0,14.608324746365,1.14868737374399
"5033",2005,210,16,60.5675,902.359,355.575,437.535,91.07,27.4,0.55995,1.27368421052632,0,14.6083247478401,1.14912460414579
"5034",2005,210,17,71.9675,370.346,144.49,174.535,38.595,26.825,0.5862,0.985,0,14.6083246847981,1.1495640226207
"5035",2005,210,18,82.998,122.314,49.295,59.61,13.97,25.74,0.63545,1.13,0,14.6083246950413,1.15001675702049
"5036",2005,210,19,93.577,4.6,1.315,0.965,0.255,24.245,0.72085,1.285,0,14.6011526124628,1.15048632851391
"5037",2005,210,20,103.2515,0.023,0,0,0,23.445,0.73935,1.87,0,14.6081916878355,1.15096630849313
"5038",2005,210,21,111.387,0,0,0,0,22.015,0.80765,1.785,0,14.6087636412166,1.15145151512297
"5039",2005,210,22,117.47,0,0,0,0,21.275,0.82935,1.485,0,14.6089121776464,1.15193906766782
"5040",2005,210,23,120.834,0.023,0,0,0,19.835,0.8946,0.82,0,14.6090723748871,1.15242514739042
"5041",2005,211,0,121.003,0.046,0,0,0.02,19.415,0.9029,0.74,0,14.6092423978265,1.15290765322641
"5042",2005,211,1,117.9525,0,0,0,0.055,18.62,0.91825,1.4,0,14.6094096193679,1.15338630863102
"5043",2005,211,2,112.1225,0.115,0,0,0.01,17.92,0.9406,1.4,0,14.6095633978913,1.15385892894996
"5044",2005,211,3,104.168,0.115,0,0,0,17.805,0.9552,1.295,0,14.609695353098,1.15432766242393
"5045",2005,211,4,94.659,2.875,0.695,0.255,0.16,18.145,0.9595,1.61,0,14.6098328855957,1.15479749035203
"5046",2005,211,5,84.0875,113.229,42.49,49.535,13.665,17.865,0.96345,1.24,0,14.6154853135185,1.15526718446334
"5047",2005,211,6,73.1405,429.686,167.535,204.245,48.15,19.52,0.92535,1.73,0,14.6129281472061,1.15574242939644
"5048",2005,211,7,61.7675,718.773,285.555,352,71.22,21.585,0.87085,1.48,0,14.6128703659417,1.1562276374716
"5049",2005,211,8,50.3615,989.874,405.195,498.185,93.63,23.81,0.78525,1.06,0,14.6128695088435,1.15671191910022
"5050",2005,211,9,39.3595,1478.532,598.365,735.375,124.85,25.45,0.68535,1.25,0,14.612869560638,1.15718387519984
"5051",2005,211,10,29.6125,1730.635,707.795,870.01,141.655,26.495,0.65495,1.245,0,14.6128694835388,1.15764040060178
"5052",2005,211,11,23.088,1455.371,611.23,754.775,124.505,26.97,0.64215,1.5,0,14.612869512351,1.15808561883078
"5053",2005,211,12,22.754,1661.244,692.155,852.605,140.935,27.72,0.60915,1.31,0,14.6128695974905,1.1585202075365
"5054",2005,211,13,28.823,1578.697,647.29,801.27,135.87,28.015,0.5787,2.39,0,14.6128698644173,1.15894485197428
"5055",2005,211,14,38.3775,1410.13,571.995,703.86,123.255,28.345,0.56525,1.995,0,14.612869512305,1.15936307072299
"5056",2005,211,15,49.3185,811.739,322.65,391.28,71.63,28.27,0.5752,1.53,0,14.612869540851,1.15977858932796
"5057",2005,211,16,60.7195,737.219,290.525,355.12,74.41,28.22,0.5835,2.115,0,14.6128695301099,1.16019544591245
"5058",2005,211,17,72.1235,465.497,181.525,221.185,56.045,27.73,0.61645,2.445,0,14.6128694918089,1.16061789656668
"5059",2005,211,18,83.159,140.576,51.85,62.17,19.565,26.19,0.7029,2.585,0,14.6128694489172,1.1610590339666
"5060",2005,211,19,93.75,5.014,0.9,0.65,0.315,24.24,0.7593,2.855,0,14.6068963116165,1.1615251771321
"5061",2005,211,20,103.4475,0.184,0,0,0,23.605,0.76225,2.315,0,14.614778476861,1.16200369126231
"5062",2005,211,21,111.604,0,0,0,0,22.76,0.77165,2.005,0,14.6154198300388,1.16248607839936
"5063",2005,211,22,117.702,0,0,0,0.005,21.415,0.8101,3.205,0,14.6155695884903,1.16297196502428
"5064",2005,211,23,121.0775,0,0,0,0,20.6,0.82845,2.55,0,14.6157290190216,1.16345812568761
"5065",2005,212,0,121.245,0,0,0,0,19.7,0.8613,1.95,0,14.615897451724,1.16394196188883
"5066",2005,212,1,118.181,0,0,0,0,18.85,0.89055,1.73,0,14.6160629835748,1.16442131333418
"5067",2005,212,2,112.3305,0.115,0,0,0,19.805,0.83525,2.525,0,14.616216112654,1.16490094675416
"5068",2005,212,3,104.3545,0.437,0,0,0,18.515,0.89495,1.54,0,14.6163540377588,1.16537939847702
"5069",2005,212,4,94.8195,2.967,0.755,0.25,0.105,18.715,0.89905,2.48,0,14.6165020264464,1.16585398888206
"5070",2005,212,5,84.232,124.545,47.065,54.36,15.035,18.225,0.9186,2.475,0,14.6231828988617,1.16632683509021
"5071",2005,212,6,73.2815,478.032,189.185,229.23,52.95,20.075,0.8889,1.125,0,14.6208867518857,1.16680414226798
"5072",2005,212,7,61.905,870.067,347.19,427.12,89.61,22.545,0.82925,2.155,0,14.6208350035399,1.167289135328
"5073",2005,212,8,50.502,1176.45,472.255,580.34,107.87,24.445,0.7491,2.16,0,14.6208342402275,1.16776855247937
"5074",2005,212,9,39.5135,1495.598,610.79,749.815,128.78,26.17,0.65605,1.76,0,14.6208342934779,1.16823211346047
"5075",2005,212,10,29.7995,1703.955,702.28,862.985,141.255,27.105,0.6154,1.685,0,14.6208342023695,1.16867764040869
"5076",2005,212,11,23.3195,1800.877,744.46,914.585,144.925,27.655,0.59955,1.305,0,14.6208342256656,1.16911052122131
"5077",2005,212,12,22.9945,1823.44,755.355,927.51,147.51,28.335,0.58875,1.445,0,14.620834290854,1.16953146112641
"5078",2005,212,13,29.029,1736.799,715.16,876.315,141.375,29.11,0.5674,1.225,0,14.6208344917864,1.16993664854429
"5079",2005,212,14,38.556,1465.997,601.255,737.265,128.01,29.385,0.58755,1.515,0,14.6208342487014,1.17032944506523
"5080",2005,212,15,49.4815,1099.906,444.585,544.235,103.395,29.135,0.5958,2.02,0,14.6208342972628,1.1707219352422
"5081",2005,212,16,60.8765,750.904,301.195,369.73,76.9,28.505,0.61895,2.585,0,14.6208342260841,1.17112490721488
"5082",2005,212,17,72.284,195.247,75.85,88.37,16.385,27.805,0.62755,1.745,0,14.6208342138698,1.17154253566971
"5083",2005,212,18,83.324,48.714,18.995,21.095,4.71,26.26,0.68825,2.215,0,14.6208145333481,1.17198131285765
"5084",2005,212,19,93.925,2.806,0.385,0.1,0.38,24.27,0.79425,2.98,0,14.5920219320047,1.17244738746625
"5085",2005,212,20,103.6495,0,0,0,0,23.855,0.80655,1.505,0,14.5937863827634,1.17292759777476
"5086",2005,212,21,111.8245,0.069,0,0,0,23.18,0.8284,2.165,0,14.5939969557944,1.17341140431368
"5087",2005,212,22,117.9425,0,0,0,0,21.95,0.88095,1.1,0,14.5941418434952,1.17389946344925
"5088",2005,212,23,121.326,0,0,0,0.015,20.945,0.9198,1.265,0,14.594302332905,1.17438924815449
"5089",2005,213,0,121.492,0,0,0,0.07,20.18,0.94315,2.235,0,14.5944712489797,1.17487778012655
"5090",2005,213,1,118.413,0.023,0,0,0,20.22,0.91965,2.09,0,14.5946372767555,1.17536517808144
"5091",2005,213,2,112.54,0.069,0,0,0.045,21,0.8854,1.89,0,14.5947899345228,1.17585378323158
"5092",2005,213,3,104.541,0,0,0,0.02,19.99,0.9264,1.825,0,14.594918652696,1.17634200041556
"5093",2005,213,4,94.983,2.415,0.43,0.195,0.15,19.11,0.95055,2.52,0,14.595043447901,1.17682619562196
"5094",2005,213,5,84.3785,106.122,40.67,47.085,12.96,18.96,0.9557,1.7,0,14.5970421832871,1.17730706302616
"5095",2005,213,6,73.4225,425.753,166.885,201.645,48.18,21,0.92005,1.315,0,14.5941545316526,1.17779291297843
"5096",2005,213,7,62.0425,812.82,326.065,397.805,82.03,24.555,0.82185,0.745,0,14.5940902243526,1.17827880999525
"5097",2005,213,8,50.645,1187.329,483.685,589.435,107.395,26.675,0.7046,0.67,0,14.5940892855213,1.17874235898563
"5098",2005,213,9,39.671,1499.853,616.475,753.62,126.825,27.78,0.6448,1.07,0,14.5940893124692,1.17918158994135
"5099",2005,213,10,29.9925,1736.707,717.555,880.045,141.17,28.545,0.6119,1.6,0,14.5940892380879,1.17960260896737
"5100",2005,213,11,23.556,1846.302,765.325,941.455,148.95,29.04,0.58705,2.29,0,14.5940892496674,1.1800096817026
"5101",2005,213,12,23.242,1847.935,763.915,941.4,150.07,29.6,0.55445,2.385,0,14.5940892720341,1.18040398426785
"5102",2005,213,13,29.243,1744.274,718.41,883.325,144.85,30.355,0.528,2.07,0,14.5940893311096,1.180781000296
"5103",2005,213,14,38.7385,1453.048,596.905,732.69,128.54,30.935,0.5054,1.925,0,14.5940894878247,1.18113899755865
"5104",2005,213,15,49.6475,965.448,392.24,480.89,92.635,30.515,0.5209,2.485,0,14.5940892723111,1.18149462990107
"5105",2005,213,16,61.04,795.271,320.995,396.685,85.89,30.365,0.53395,3.245,0,14.594089270029,1.18185869063576
"5106",2005,213,17,72.4505,409.4,166.25,201.775,51.295,29.34,0.5865,2.645,0,14.5940890909069,1.18223903193709
"5107",2005,213,18,83.494,106.789,42.44,51.13,14.52,27.645,0.65885,2.39,0,14.5940892505219,1.18265256451984
"5108",2005,213,19,94.1475,3.772,0.695,0.465,0.155,25.84,0.75505,2.61,0,14.5877554833415,1.18310031187712
"5109",2005,213,20,103.8565,0.368,0,0,0,24.79,0.8044,3.035,0,14.5948857784993,1.18356839541446
"5110",2005,213,21,112.0515,0.414,0,0,0,23.82,0.81225,3.155,0,14.5954128149173,1.18404618510724
"5111",2005,213,22,118.1865,0.46,0,0,0,23.08,0.8279,3.36,0,14.5955828685584,1.18453013885384
"5112",2005,213,23,121.5805,0.46,0,0,0,22.94,0.80885,3.46,0,14.5957695682807,1.18501642363233
"5113",2005,214,0,121.7435,0.46,0,0,0,22.215,0.81835,3.09,0,14.595965968071,1.18550429021794
"5114",2005,214,1,118.649,0.322,0,0,0,21.735,0.8444,2.8,0,14.5961560880019,1.1859935563419
"5115",2005,214,2,112.753,0.437,0,0,0,20.695,0.88455,2.155,0,14.5963263026123,1.1864829057298
"5116",2005,214,3,104.7315,0.391,0,0,0,20.65,0.8785,1.395,0,14.5964713224088,1.18697148014335
"5117",2005,214,4,95.189,2.53,0.54,0.135,0,20.015,0.91185,0.515,0,14.5966082651169,1.18745899883643
"5118",2005,214,5,84.524,86.089,35.32,40.245,9.43,20.6,0.88865,1.62,0,14.5962524859113,1.18794645608622
"5119",2005,214,6,73.566,344.724,143.41,172.89,39.645,21.675,0.8766,1.14,0,14.5923795551567,1.18843602060781
"5120",2005,214,7,62.1815,723.81,297.835,364.45,77.34,24.225,0.82045,1.74,0,14.5922929032009,1.18892225992087
"5121",2005,214,8,50.788,1106.576,454.16,556.12,106.34,26.66,0.7482,2.125,0,14.5922916258669,1.18938802902849
"5122",2005,214,9,39.834,1429.68,589.525,721.135,126.225,28.615,0.6648,2.25,0,14.5922916584004,1.18981947691969
"5123",2005,214,10,30.1885,1656.644,685.005,841.505,139.75,29.515,0.61525,2.86,0,14.5922915830567,1.19022022336175
"5124",2005,214,11,23.7965,1751.68,725.76,891.41,145.01,30.17,0.5772,3.08,0,14.5922915959058,1.19060113980687
"5125",2005,214,12,23.493,1756.395,735.305,903.71,149.905,30.75,0.5482,2.83,0,14.5922916217854,1.19096478011035
"5126",2005,214,13,29.462,1653.654,693.285,851.56,145.745,31.27,0.5395,2.49,0,14.5922916916896,1.19131190306926
"5127",2005,214,14,38.927,1449.943,602.115,740.765,133.92,31.515,0.51965,2.965,0,14.5922918787232,1.19164693221223
"5128",2005,214,15,49.8195,1169.619,489.845,603.115,117.75,31.76,0.49615,2.89,0,14.5922916136076,1.19197392141336
"5129",2005,214,16,61.207,766.728,313.31,385.765,83.165,31.37,0.5401,2.74,0,14.5922916133332,1.19230329841768
"5130",2005,214,17,72.6215,379.086,155.365,189.735,47.295,30.32,0.6033,2.565,0,14.5922914888445,1.19265536908541
"5131",2005,214,18,83.669,100.878,39.515,47.185,12.55,28.665,0.6855,2.445,0,14.5922915935894,1.19304516250341
"5132",2005,214,19,94.336,3.266,0.54,0.305,0.195,26.61,0.7533,3.29,0,14.5845537964735,1.19347708820534
"5133",2005,214,20,104.0695,0.276,0,0,0.005,25.115,0.77835,3.34,0,14.5909940392935,1.19393860564232
"5134",2005,214,21,112.284,0.391,0,0,0.02,23.755,0.8289,3.19,0,14.5914848566165,1.19441572604441
"5135",2005,214,22,118.436,0.46,0,0,0,22.89,0.86325,3.1,0,14.5916534785753,1.19490098001489
"5136",2005,214,23,121.8395,0.46,0,0,0,22.21,0.87395,3.285,0,14.5918400931718,1.19538957655705
"5137",2005,215,0,121.998,0.46,0,0,0,21.77,0.86405,2.805,0,14.5920365582803,1.195879462433
"5138",2005,215,1,118.888,0.46,0,0,0,21.19,0.8806,1.965,0,14.592229524318,1.1963696559681
"5139",2005,215,2,112.9705,0.46,0,0,0,21.24,0.8713,2.285,0,14.5924057530105,1.19685974309265
"5140",2005,215,3,104.9235,0.483,0,0,0,20.65,0.8971,1.285,0,14.5925535026529,1.19734943070555
"5141",2005,215,4,95.359,2.599,0.4,0.055,0.11,19.87,0.92495,2.71,0,14.5926946007244,1.19783727435083
"5142",2005,215,5,84.672,96.025,36.08,41.66,10.885,19.665,0.9314,1.985,0,14.5944267339361,1.19832292469965
"5143",2005,215,6,73.709,403.144,160.425,192.87,46.055,21.82,0.89895,1.69,0,14.5911749593071,1.19881165706032
"5144",2005,215,7,62.3225,791.361,316.41,387.985,81.75,24.735,0.8395,2.46,0,14.5911020420083,1.1992962277909
"5145",2005,215,8,50.933,1181.51,475.345,586.1,110.07,27.085,0.77495,3.265,0,14.5911009431878,1.1997561737286
"5146",2005,215,9,39.9955,1508.754,612.97,756.32,130.05,28.58,0.71975,4.155,0,14.5911010160766,1.20018415851926
"5147",2005,215,10,30.386,1723.413,704.735,869.96,142.82,29.34,0.6862,4.945,0,14.5911009285901,1.20058761519696
"5148",2005,215,11,24.042,1850.557,757.38,936.14,149.92,30.16,0.62765,5.575,0,14.5911009411901,1.20097111564225
"5149",2005,215,12,23.751,1840.276,751.455,929.29,149.885,30.9,0.58255,5.305,0,14.5911009665658,1.20133281641494
"5150",2005,215,13,29.6885,1686.061,684.525,847.3,142.49,31.45,0.5514,5.195,0,14.5911010351173,1.20167489625879
"5151",2005,215,14,39.1215,1426.989,574.87,712.345,128.195,31.875,0.52865,4.53,0,14.5911012186075,1.20200115738784
"5152",2005,215,15,50.0005,1046.454,422.135,521.395,100.77,31.785,0.55075,3.815,0,14.5911009591815,1.20232180696531
"5153",2005,215,16,61.3805,823.308,326.495,403.2,88.06,31.61,0.56665,3.965,0,14.5911009587668,1.20264692084331
"5154",2005,215,17,72.7955,441.301,173.16,210.355,51.53,30.715,0.5942,3.3,0,14.5911008295679,1.20298932185946
"5155",2005,215,18,83.847,129.559,49.815,60.295,16.08,28.96,0.6777,2.785,0,14.5911009392421,1.20337013144429
"5156",2005,215,19,94.5665,2.875,0.71,0.505,0.115,27.6,0.7262,1.27,0,14.585523803713,1.20378923022548
"5157",2005,215,20,104.286,0,0,0,0,27.055,0.74465,0.685,0,14.5936082159155,1.20422739368802
"5158",2005,215,21,112.5205,0.437,0,0,0,25.925,0.77655,2.515,0,14.5941994562356,1.2046790247757
"5159",2005,215,22,118.6905,0.437,0,0,0.08,24.54,0.8294,3.34,0,14.5943702972325,1.20514752368294
"5160",2005,215,23,122.1035,0.391,0,0,0.025,24.15,0.83935,3.24,0,14.5945541834173,1.20562517596315
"5161",2005,216,0,122.259,0.391,0,0,0.025,23.66,0.8539,3.785,0,14.5947458383131,1.20610630091746
"5162",2005,216,1,119.1315,0.46,0,0,0.035,23.335,0.87755,2.95,0,14.5949365191087,1.20659012884673
"5163",2005,216,2,113.188,0.46,0,0,0,22.92,0.90515,2.615,0,14.595113127232,1.20707594048878
"5164",2005,216,3,105.1165,0.46,0,0,0,22.9,0.91295,2.89,0,14.5952602951098,1.20756274079314
"5165",2005,216,4,95.5265,1.495,0.14,0,0.05,23.48,0.87845,3.795,0,14.5953826568147,1.20804817427756
"5166",2005,216,5,84.8185,14.743,4.085,2.395,1.38,23.4,0.8837,4.125,0,14.5958906993992,1.20853223504645
"5167",2005,216,6,73.854,50.991,18.27,18.855,4.17,23.46,0.87535,2.585,0,14.4982145174481,1.20902373184573
"5168",2005,216,7,62.464,136.689,53.215,61.315,11.435,22.665,0.8819,3.325,0,14.4834843516481,1.20952561476208
"5169",2005,216,8,51.082,230.874,93.04,107.225,18.44,23.23,0.87,4.26,0,14.4832561867789,1.21002919824629
"5170",2005,216,9,40.1615,356.063,143.16,168.85,30.125,23.705,0.8441,4.155,0,14.4832532364264,1.21053004628101
"5171",2005,216,10,30.5865,1070.305,440.55,536.31,96.795,25.49,0.79605,6.06,0,14.483253213336,1.2110214913904
"5172",2005,216,11,24.291,1230.822,501.335,617.01,113.3,27.64,0.71835,5.14,0,14.4832531947097,1.21148702183549
"5173",2005,216,12,24.014,1153.818,462.53,574.015,107.97,27.67,0.7423,5.49,0,14.4832532141819,1.21193333780788
"5174",2005,216,13,29.9205,1175.76,475.51,587.87,111.13,27.905,0.7282,5.07,0,14.4832531999013,1.21237695131527
"5175",2005,216,14,39.3225,1373.376,552.94,683.605,129.725,28.56,0.7127,4.925,0,14.4832532173672,1.21281101294346
"5176",2005,216,15,50.1825,1123.09,445.345,554.47,111.09,28.965,0.7028,4.305,0,14.4832532457655,1.2132328961553
"5177",2005,216,16,61.559,711.505,281.74,350.32,77.825,29.1,0.7051,3.59,0,14.4832532512681,1.21364819595111
"5178",2005,216,17,72.977,343.482,136.745,169.355,39.855,28.62,0.75895,2.345,0,14.4832532034226,1.21406771402387
"5179",2005,216,18,84.03,78.223,30.59,36.845,9.235,27.455,0.82095,2.245,0,14.4832531493376,1.21450588763334
"5180",2005,216,19,94.767,1.587,0.08,0,0.06,26.195,0.8374,2.405,0,14.4671458684711,1.21496859349664
"5181",2005,216,20,104.508,0.345,0,0,0.08,25.155,0.88555,2.7,0,14.4710535589344,1.21544987044324
"5182",2005,216,21,112.7625,0.46,0,0,0.025,24.35,0.88435,0.83,0,14.4714159216105,1.21594185801884
"5183",2005,216,22,118.9505,0.46,0,0,0.085,23.515,0.88045,1.56,0,14.4715830271094,1.21644118094741
"5184",2005,216,23,122.372,0.736,0,0,0.05,22.705,0.8904,1.825,0,14.4717771250754,1.2169456986573
"5185",2005,217,0,122.5235,0.943,0,0,0.105,21.78,0.91195,2.725,0.0105833333333333,14.4719997280968,1.21745333071136
"5186",2005,217,1,119.378,0.69,0,0,0.185,21.32,0.84785,3.915,0.0105833333333333,14.4722203041375,1.21796185831616
"5187",2005,217,2,113.4105,0.46,0,0,0.135,20.86,0.79535,4.925,0.0105833333333333,14.4724081553587,1.2184701029834
"5188",2005,217,3,105.3135,0.414,0,0,0.215,20.465,0.82035,4.195,0.0105833333333333,14.4725584992192,1.21897752023301
"5189",2005,217,4,95.7385,0.92,0.04,0,0.28,19.74,0.8581,2.16,0.0105833333333333,14.4726756573948,1.21948298542745
"5190",2005,217,5,84.968,37.513,15.02,16.81,4.405,19.465,0.902,1.99,0.0105833333333333,14.483439634138,1.21998522748208
"5191",2005,217,6,74.0015,45.678,16.535,17.75,4.075,19.36,0.90695,1.885,0.0105833333333333,14.4648099925234,1.22048693561573
"5192",2005,217,7,62.606,207.598,83.25,98.1,18.235,19.815,0.89785,1.69,0.0105833333333333,14.4623232906586,1.22099123745068
"5193",2005,217,8,51.229,525.389,218.6,262.47,46.785,20.75,0.85165,1.925,0.0105833333333333,14.4622830915401,1.22149891394007
"5194",2005,217,9,40.329,572.815,239.195,288.315,53.415,21.95,0.80985,1.775,0.0105833333333333,14.4622825629482,1.22200873490438
"5195",2005,217,10,30.793,713.23,295.205,358.485,67.985,23.16,0.75035,1.915,0.0105833333333333,14.4622826309254,1.2225168590972
"5196",2005,217,11,24.5435,587.282,242.145,299.675,59.41,23.535,0.72805,2.535,0.0105833333333333,14.4622828594068,1.22302156277222
"5197",2005,217,12,24.2805,1305.802,533.245,658.4,118.395,24.64,0.67585,2.35,0.0105833333333333,14.4622826709323,1.22352094709529
"5198",2005,217,13,30.1555,1665.384,672.83,834.44,148.4,25.895,0.6555,2.83,0.0105833333333333,14.4622826901408,1.22400832906721
"5199",2005,217,14,39.5275,1198.76,480.095,595.205,112.555,26.015,0.63445,3.9,0.0105833333333333,14.4622825832527,1.22448683087743
"5200",2005,217,15,50.371,913.606,365.53,450.96,89.4,25.775,0.6239,4.275,0.0105833333333333,14.4622825922943,1.22496618391829
"5201",2005,217,16,61.742,507.104,204.505,251.37,52.57,25.19,0.64745,3.465,0.0105833333333333,14.4622825982048,1.22545106272422
"5202",2005,217,17,73.1625,450.616,179.69,222.68,54.835,25.155,0.63625,2.54,0.0105833333333333,14.4622825595466,1.22593979608694
"5203",2005,217,18,84.2175,161.897,63.345,77.67,21.62,24.76,0.67795,1.66,0.0105833333333333,14.4622825111186,1.22643096024199
"5204",2005,217,19,94.971,2.553,0.485,0.495,0.325,23.53,0.7429,2.095,0.0105833333333333,14.4546141418918,1.22693039451731
"5205",2005,217,20,104.736,0.437,0,0,0.01,21.92,0.8083,2.25,0.0105833333333333,14.4617363803883,1.22743837979747
"5206",2005,217,21,113.01,0.391,0,0,0.18,20.5,0.8501,2.66,0.0105833333333333,14.4624035650208,1.22794806603048
"5207",2005,217,22,119.216,0.46,0,0,0.045,19.825,0.87675,2.055,0.0105833333333333,14.462572869001,1.22845530408733
"5208",2005,217,23,122.6465,0.437,0,0,0.005,20.415,0.81645,1.865,0.0105833333333333,14.4627576713479,1.22896235482164
"5209",2005,218,0,122.7915,0.437,0,0,0,20.56,0.7677,2.38,0,14.4629532904668,1.22947074558373
"5210",2005,218,1,119.626,0.391,0,0,0.01,19.985,0.79735,0.98,0,14.46314617655,1.22997834064753
"5211",2005,218,2,113.634,0.322,0,0,0.12,18.84,0.88005,1.62,0,14.4633205051293,1.23048151261529
"5212",2005,218,3,105.511,0.414,0,0,0.18,18.11,0.89625,2.45,0,14.4634673214984,1.23097765174885
"5213",2005,218,4,95.915,0.92,0.015,0,0.165,17.73,0.912,2.65,0,14.4635873012204,1.23146843932898
"5214",2005,218,5,85.1165,32.269,12.275,12.885,3.08,17.705,0.9114,2.49,0,14.4778270695397,1.23195603133065
"5215",2005,218,6,74.1485,152.513,62.76,75.085,15.675,18.145,0.8887,2.825,0,14.4386299472976,1.23244763541918
"5216",2005,218,7,62.752,363.768,150.81,185.015,38.06,19.32,0.83685,2.875,0,14.4374736986508,1.2329495928573
"5217",2005,218,8,51.3805,665.114,270.265,332.015,65.385,21.825,0.6879,2.525,0,14.4374551970982,1.23346124861721
"5218",2005,218,9,40.498,673.854,273.205,335.685,64.155,23.14,0.6222,2.5,0,14.4374549739186,1.23397328186054
"5219",2005,218,10,31.001,1133.279,458.825,568.805,100.985,24.115,0.6232,2.68,0,14.437455103702,1.23447980138307
"5220",2005,218,11,24.8025,1506.661,610.075,758.045,127.7,25.495,0.5697,2.97,0,14.4374555872787,1.234975969914
"5221",2005,218,12,24.553,1910.932,778.18,964.445,156.66,26.405,0.5489,2.79,0,14.437454982436,1.23545792470472
"5222",2005,218,13,30.3995,1794.391,728.21,899.75,149.045,27.185,0.52515,2.075,0,14.4374550416555,1.23592645267093
"5223",2005,218,14,39.7395,1503.947,600.85,745.625,131.55,27.015,0.5394,2.885,0,14.4374552019735,1.23638960202376
"5224",2005,218,15,50.5655,1229.35,486.86,603.915,115.5,27.06,0.5298,2.705,0,14.4374549957657,1.23685390088926
"5225",2005,218,16,61.93,855.416,332.07,413.805,89.935,26.95,0.51775,2.985,0,14.437455005493,1.23731878865952
"5226",2005,218,17,73.353,456.734,174.2,216.645,56.38,26.55,0.5331,2.585,0,14.4374549514691,1.2377881599085
"5227",2005,218,18,84.4095,119.347,43.32,52.165,17.42,25.29,0.6149,2.455,0,14.4374549752121,1.23827043986745
"5228",2005,218,19,95.22,2.599,0.285,0.35,0.24,22.975,0.7377,2.785,0,14.4245181991004,1.23877348350174
"5229",2005,218,20,104.968,0.092,0,0,0,21.495,0.7832,2.36,0,14.4291955795972,1.23928770246848
"5230",2005,218,21,113.262,0,0,0,0.01,21.115,0.75295,2.34,0,14.4297100377746,1.23980258741518
"5231",2005,218,22,119.485,0,0,0,0,20.33,0.75395,1.575,0,14.4298553861513,1.24031649215721
"5232",2005,218,23,122.926,0,0,0,0,20.265,0.72765,1.505,0,14.4300142951543,1.24082916479587
"5233",2005,219,0,123.064,0,0,0,0,19.82,0.72875,2.095,0,14.4301834029774,1.24134075620666
"5234",2005,219,1,119.882,0,0,0,0,19.205,0.7668,1.985,0,14.4303511666631,1.24184953596569
"5235",2005,219,2,113.8605,0,0,0,0,19.58,0.7324,1.8,0,14.4305069594743,1.24235757996168
"5236",2005,219,3,105.7115,0.046,0,0,0.01,18.725,0.78015,1.995,0,14.4306394374442,1.24286392321455
"5237",2005,219,4,96.092,1.403,0.205,0.02,0.115,17.925,0.8154,1.78,0,14.4307590007965,1.24336344055778
"5238",2005,219,5,85.265,90.068,32.43,36.68,10.395,17.875,0.82105,2.075,0,14.4555886000235,1.24385697597139
"5239",2005,219,6,74.2975,395.255,152.865,186.135,46.325,19.84,0.78745,1.325,0,14.4528880268074,1.24435726916612
"5240",2005,219,7,62.897,797.042,312.645,384.97,82.61,23.115,0.73095,1.155,0,14.4528139990483,1.24486735096457
"5241",2005,219,8,51.532,1177.37,465.75,576.73,109.835,25.285,0.6564,1.865,0,14.4528128524409,1.24536670849135
"5242",2005,219,9,40.67,1488.951,600.415,740.45,128.44,26.735,0.5985,1.23,0,14.4528128838146,1.24584545175781
"5243",2005,219,10,31.2115,1674.147,680.035,837.88,137.79,27.195,0.6058,1.665,0,14.4528128073851,1.24630894536755
"5244",2005,219,11,25.063,1868.497,764.865,941.395,150.415,27.835,0.5956,1.415,0,14.4528128199842,1.24676204657251
"5245",2005,219,12,24.83,1843.197,755.325,930.275,149.2,28.505,0.59335,1.365,0,14.4528128452723,1.24720142108725
"5246",2005,219,13,30.6475,1733.004,700.12,868.08,145.395,28.775,0.59165,1.875,0,14.4528129147734,1.24763007328046
"5247",2005,219,14,39.9565,1511.744,605.785,751.02,132.7,29.02,0.58805,1.8,0,14.4528131086508,1.24805248962402
"5248",2005,219,15,50.7645,1199.542,473.42,589.17,113.69,29.22,0.5706,1.785,0,14.4528128417789,1.24846932822452
"5249",2005,219,16,62.1245,816.017,316.645,396.135,86.83,29.205,0.5668,1.835,0,14.4528128479884,1.24888380048506
"5250",2005,219,17,73.548,431.204,165.04,205.02,53.06,28.55,0.5828,2.14,0,14.4528127345137,1.24930665487616
"5251",2005,219,18,84.604,111.665,41.205,49.665,16.06,27,0.6343,2.2,0,14.4528128212319,1.24975419863902
"5252",2005,219,19,95.4345,2.208,0.33,0.3,0.155,25.59,0.6641,1.96,0,14.4389187256978,1.25022962706687
"5253",2005,219,20,105.2045,0.253,0,0,0,24.77,0.7221,1.81,0,14.4433535472122,1.25072121933239
"5254",2005,219,21,113.52,0.299,0,0,0,23.625,0.83975,1.325,0,14.4438450136188,1.25122241282669
"5255",2005,219,22,119.759,0.414,0,0,0,22.61,0.8862,1.105,0,14.4440071184102,1.25173098154493
"5256",2005,219,23,123.2075,0.368,0,0,0,23,0.868,2.495,0,14.4441884028586,1.25224107637239
"5257",2005,220,0,123.341,0.46,0,0,0,21.685,0.9144,2.285,0,14.4443819824602,1.25275248915926
"5258",2005,220,1,120.1375,0.46,0,0,0.01,20.435,0.95345,1.13,0,14.444577842447,1.25326470605828
"5259",2005,220,2,114.0895,0.46,0,0,0.05,19.97,0.96975,1.2,0,14.4447586941927,1.25377479589265
"5260",2005,220,3,105.9125,0.46,0,0,0.09,20.095,0.97915,1.705,0,14.444912153476,1.25428417356761
"5261",2005,220,4,96.27,1.403,0.165,0,0.065,20.415,0.97775,1.29,0,14.4450414307798,1.25479443401062
"5262",2005,220,5,85.455,67.229,26.435,30.265,7.39,20.16,0.9757,1.51,0,14.4643201300226,1.25530337018266
"5263",2005,220,6,74.4465,295.136,120.83,147.72,35.135,21.095,0.9526,0.84,0,14.4596062062382,1.25581218851173
"5264",2005,220,7,63.0435,663.918,268.52,333.715,75.45,23.14,0.9182,1.675,0,14.4594781278018,1.25632150785346
"5265",2005,220,8,51.6865,1080.586,438.25,540.655,108.51,25.35,0.82485,1.535,0,14.4594761072878,1.25681947444829
"5266",2005,220,9,40.845,1406.496,576.235,708.165,128.86,27.26,0.74565,1.065,0,14.4594761029437,1.25729260799749
"5267",2005,220,10,31.426,1592.29,655.9,805.61,137.34,27.96,0.7075,1.615,0,14.4594760705101,1.25774291724775
"5268",2005,220,11,25.329,1832.341,770.63,950.64,164.62,29.265,0.6433,1.375,0,14.4594760877394,1.25817113989273
"5269",2005,220,12,25.1135,1437.132,594.04,726.75,122.955,29.555,0.61585,1.215,0,14.4594761288784,1.25857963000409
"5270",2005,220,13,30.8995,1631.091,672,828.19,144.935,30.02,0.5827,1.885,0,14.4594762510581,1.2589778502467
"5271",2005,220,14,40.1775,1431.152,586.325,723.735,133.04,30.285,0.5656,1.75,0,14.459476240702,1.25936569153629
"5272",2005,220,15,50.9705,1156.371,466.59,576.525,113.655,30.635,0.53015,1.435,0,14.4594760911835,1.25974438609879
"5273",2005,220,16,62.3225,757.183,304.465,376.71,82.945,30.915,0.49705,0.97,0,14.4594760951276,1.26011336705536
"5274",2005,220,17,73.749,365.838,147.68,181.6,45.955,30.485,0.55275,0.81,0,14.4594760834561,1.26048467910192
"5275",2005,220,18,84.802,85.514,34.05,39.635,10.695,28.975,0.6496,0.52,0,14.4594759639509,1.26088418287374
"5276",2005,220,19,95.6555,1.495,0.18,0.055,0,27.19,0.7238,1.405,0,14.4400658326747,1.26132548726072
"5277",2005,220,20,105.447,0,0,0,0,26.14,0.7776,2.175,0,14.4432906721901,1.26179559363259
"5278",2005,220,21,113.7805,0.391,0,0,0,24.715,0.84365,2.78,0,14.4436645473539,1.26228362326453
"5279",2005,220,22,120.039,0.23,0,0,0,23.26,0.92135,1.835,0,14.4438228788691,1.26278641918041
"5280",2005,220,23,123.496,0.414,0,0,0,22.77,0.9412,1.91,0,14.4439996238242,1.2632956005662
"5281",2005,221,0,123.6205,0.253,0,0,0.035,21.98,0.95075,2.765,0,14.4441894586071,1.26380709978571
"5282",2005,221,1,120.396,0.138,0,0,0.02,21.41,0.95005,2.115,0,14.4443693594339,1.26431974213743
"5283",2005,221,2,114.32,0.322,0,0,0.03,20.64,0.958,1.325,0,14.4445360064084,1.2648320373089
"5284",2005,221,3,106.116,0.46,0,0,0,20.49,0.9762,0.78,0,14.4446848209886,1.26534339016005
"5285",2005,221,4,96.449,1.288,0.175,0,0.375,19.97,0.98405,2.16,0,14.4448115388576,1.26585356843254
"5286",2005,221,5,85.606,66.401,22.915,28.14,8.36,18.62,0.9871,1.595,0,14.4629611074237,1.26635731535898
"5287",2005,221,6,74.5955,327.888,128.42,162.85,43.485,19.83,0.98625,1,0,14.4580401687583,1.26685965615553
"5288",2005,221,7,63.192,720.705,287.82,358.195,81.88,22.795,0.93455,1.525,0,14.4579074663728,1.26736916918479
"5289",2005,221,8,51.841,1099.929,444.93,551.305,110.975,26.05,0.80635,1.67,0,14.4579053768278,1.26786498392955
"5290",2005,221,9,41.0215,1418.824,578.18,715.14,131.55,28.145,0.72755,2.26,0,14.4579053686927,1.2683247847833
"5291",2005,221,10,31.6435,1635.967,671.275,830.09,144.7,29.265,0.67295,2.51,0,14.4579053401607,1.2687510705316
"5292",2005,221,11,25.5975,1789.101,735.32,909.43,154.495,30.125,0.60585,2.79,0,14.4579053613494,1.26915195657637
"5293",2005,221,12,25.4,1765.296,725.33,897.455,152.245,30.925,0.52915,2.655,0,14.4579054171164,1.26952877045677
"5294",2005,221,13,31.159,1708.187,696.63,863.38,151.07,31.405,0.4833,2.59,0,14.4579055887118,1.26988535267415
"5295",2005,221,14,40.4055,1443.342,582.385,725.37,135.06,31.46,0.4966,3.035,0,14.4579054179095,1.27023303957437
"5296",2005,221,15,51.1785,1137.258,453.31,567.245,115.11,31.435,0.4944,3.055,0,14.4579054159715,1.27058021822733
"5297",2005,221,16,62.525,762.013,300.5,376.625,86.025,31.105,0.52935,2.65,0,14.4579053595359,1.27093334540086
"5298",2005,221,17,73.9525,397.808,158.565,195.57,51.4,30.345,0.6025,2.105,0,14.4579053582701,1.27130398860184
"5299",2005,221,18,85.0045,83.605,30.62,37.11,11.53,28.495,0.6719,3.41,0,14.4579053256634,1.27171190196771
"5300",2005,221,19,95.9215,0.989,0.005,0,0.03,26.21,0.7719,2.675,0,14.4382561659257,1.2721681302465
"5301",2005,221,20,105.693,0.345,0,0,0.005,25.1,0.8209,3.255,0,14.4414983982853,1.27265380743704
"5302",2005,221,21,114.0475,0.46,0,0,0.015,23.99,0.86465,3.56,0,14.4418691396351,1.27315210405173
"5303",2005,221,22,120.3245,0.46,0,0,0.015,23.595,0.8789,3.675,0,14.4420351115094,1.27365691093689
"5304",2005,221,23,123.7875,0.46,0,0,0,22.975,0.8946,2.625,0,14.4422207428139,1.27416493509618
"5305",2005,222,0,123.9055,0.46,0,0,0,22.265,0.9084,2.37,0,14.4424182800799,1.27467595137554
"5306",2005,222,1,120.659,0.46,0,0,0.02,21.575,0.92525,2.705,0,14.4426139546907,1.27518862367843
"5307",2005,222,2,114.553,0.46,0,0,0,21.795,0.90485,2.635,0,14.4427944774727,1.27570154370587
"5308",2005,222,3,106.3195,0.46,0,0,0.02,21.42,0.92025,2.645,0,14.4429472907328,1.27621446192408
"5309",2005,222,4,96.63,0.897,0.055,0,0.05,21.425,0.9195,1.33,0,14.4430683833178,1.27672738633321
"5310",2005,222,5,85.7575,48.093,18.775,20.65,4.47,21.345,0.92115,2.345,0,14.457832355621,1.27723918221923
"5311",2005,222,6,74.7455,144.118,58.565,69.775,14.605,21.91,0.93285,2.19,0,14.4462983266018,1.27775069071935
"5312",2005,222,7,63.3405,514.924,208.525,257.71,55.55,23.865,0.87835,3.255,0,14.4459842568612,1.2782596451303
"5313",2005,222,8,51.9985,758.793,304.44,377.95,77.47,25.505,0.8198,3.545,0,14.4459792703924,1.27875571946691
"5314",2005,222,9,41.2,1363.348,547.565,679.57,127.13,27.51,0.74655,2.92,0,14.4459793863299,1.27922743676966
"5315",2005,222,10,31.8645,1687.441,680.32,840.805,145.375,29.5,0.64345,2.67,0,14.4459792053927,1.27965955446755
"5316",2005,222,11,25.8715,1849.062,748.755,925.575,159.725,30.36,0.61075,3.58,0,14.4459792691248,1.28005525757377
"5317",2005,222,12,25.6905,1035.023,420.235,517.66,95.285,30.435,0.5984,2.72,0,14.4459794804422,1.28043736672182
"5318",2005,222,13,31.4225,667.874,271.15,335.56,67.38,29.48,0.6827,2.72,0,14.4459792829352,1.28083225948158
"5319",2005,222,14,40.6385,1452.473,580.465,719.57,136.36,30.045,0.6669,2.635,0,14.4459793228946,1.28123274296356
"5320",2005,222,15,51.393,1158.924,453.805,563.885,111.035,31.255,0.5335,1.73,0,14.4459792173614,1.28160689279838
"5321",2005,222,16,62.733,596.758,231.615,283.84,59.685,31.39,0.547,1.32,0,14.4459792230023,1.28195951398646
"5322",2005,222,17,74.162,331.683,126.94,156.51,40.5,29.78,0.69,2.02,0,14.445979161813,1.28233550483408
"5323",2005,222,18,85.2075,85.054,31.37,37.55,10.595,29.11,0.69115,2.165,0,14.4459791866589,1.28274462974236
"5324",2005,222,19,96.154,1.15,0.11,0,0,28.025,0.7351,2.515,0,14.4266761131278,1.28317692247777
"5325",2005,222,20,105.9445,0,0,0,0,27.855,0.71685,2.545,0,14.4299774846528,1.28362453518913
"5326",2005,222,21,114.3195,0.207,0,0,0,26.625,0.78815,1.08,0,14.4303440082668,1.28408583062591
"5327",2005,222,22,120.613,0.345,0,0,0.08,24.81,0.85925,1.43,0,14.4304999468017,1.2845717044568
"5328",2005,222,23,124.0845,0.437,0,0,0.08,24.59,0.8594,2.385,0,14.4306807721939,1.28507022180602
"5329",2005,223,0,124.195,0.437,0,0,0.01,23.25,0.9117,1.855,0,14.430876710639,1.28557549302595
"5330",2005,223,1,120.924,0.46,0,0,0,22.625,0.93305,0.555,0,14.4310715118558,1.28608693810973
"5331",2005,223,2,114.7895,0.46,0,0,0.035,22.555,0.9361,1.16,0,14.4312520042923,1.28659978810201
"5332",2005,223,3,106.5265,0.46,0,0,0,22.885,0.921,1.28,0,14.4314057680199,1.28711212779427
"5333",2005,223,4,96.813,0.897,0.035,0,0.055,22.35,0.93145,2.14,0,14.4315270580075,1.28762479984116
"5334",2005,223,5,85.9495,48.944,18.345,19.965,4.305,22.13,0.9258,1.92,0,14.4475822329785,1.28813739295638
"5335",2005,223,6,74.8995,245.088,97.06,118.21,25.32,22.29,0.93705,1.325,0,14.4368498425645,1.28864965906586
"5336",2005,223,7,63.4905,488.681,193.74,238.36,50.235,23.77,0.8885,1.565,0,14.4365546353298,1.28915958012804
"5337",2005,223,8,52.1555,885.431,352.695,435.835,87.155,26.17,0.77525,1.225,0,14.4365499413244,1.28965354312116
"5338",2005,223,9,41.3815,1324.915,534.015,656.96,119.37,28.21,0.6974,1.165,0,14.4365499875555,1.29011454012716
"5339",2005,223,10,32.0875,1448.54,588.05,721.96,124.81,29.165,0.6683,1.21,0,14.4365498559277,1.2905439724319
"5340",2005,223,11,26.1475,1766.906,711.54,883.055,148.365,30.225,0.62195,2.15,0,14.4365498730412,1.29094731498417
"5341",2005,223,12,25.986,1796.691,724.995,899.39,152.83,31.36,0.5916,2.675,0,14.4365499111418,1.29131804133097
"5342",2005,223,13,31.692,1648.87,663.675,826.29,147.635,32.085,0.55485,4.035,0,14.4365500212461,1.29165778310851
"5343",2005,223,14,40.876,1393.777,557.23,694.64,131.64,32.55,0.53355,3.745,0,14.4365503337563,1.29197597489729
"5344",2005,223,15,51.613,1074.123,427.245,532.34,108.625,32.875,0.54215,2.69,0,14.4365498858345,1.29227910628346
"5345",2005,223,16,62.946,649.198,256.45,316.975,69.975,32.755,0.56465,1.73,0,14.4365498915061,1.29257824263179
"5346",2005,223,17,74.3755,195.362,73.86,89.285,20.085,30.85,0.65955,2.13,0,14.4365498359889,1.29291467203948
"5347",2005,223,18,85.4555,11.408,2.4,2.62,1.67,26.855,0.75795,4.815,0,14.3905976292794,1.29334076882133
"5348",2005,223,19,96.3915,0.115,0,0,0.075,25.945,0.7825,3.34,0,14.3366445883666,1.29382601574728
"5349",2005,223,20,106.2005,0.207,0,0,0.015,25.575,0.80365,2.915,0,14.3368692289536,1.29432482502254
"5350",2005,223,21,114.596,0.46,0,0,0.135,24.405,0.85525,4.05,0,14.3370002410978,1.29483336220844
"5351",2005,223,22,120.906,0.46,0,0,0.02,24.005,0.87185,3.74,0,14.3371635155912,1.29535007495015
"5352",2005,223,23,124.3845,0.46,0,0,0.035,23.675,0.8908,2.405,0,14.3373509721564,1.29586978764418
"5353",2005,224,0,124.4865,0.46,0,0,0,23.96,0.8302,3.625,0.03175,14.3375499582156,1.29638964776219
"5354",2005,224,1,121.192,0.437,0,0,0.005,24.245,0.76425,3.17,0.03175,14.3377464237968,1.29690718333811
"5355",2005,224,2,115.0255,0.391,0,0,0,23.95,0.77585,2.44,0.03175,14.3379253588956,1.29742473380354
"5356",2005,224,3,106.7325,0.368,0,0,0.01,23.425,0.8214,3.195,0.03175,14.3380749208562,1.29794544424212
"5357",2005,224,4,96.994,0.667,0.005,0,0.155,22.87,0.84395,3.775,0.03175,14.3381901561146,1.29846950139247
"5358",2005,224,5,86.1055,63.779,23.9,27.555,7.71,21.945,0.87925,3.015,0.03175,14.3571600880515,1.29899514268304
"5359",2005,224,6,75.053,322.322,126.62,157.135,39.77,22.82,0.8578,3.07,0.03175,14.3518708057739,1.29951986719141
"5360",2005,224,7,63.6425,685.354,267.345,335.045,76.21,24.97,0.7878,3.815,0.03175,14.3517243002388,1.30003642931048
"5361",2005,224,8,52.3155,1060.99,415.76,520.51,105.54,26.145,0.74625,3.74,0.03175,14.3517219816743,1.30053578746166
"5362",2005,224,9,41.564,1402.862,559.665,692.675,127.12,27.835,0.7117,1.875,0.03175,14.3517219589758,1.30101203635197
"5363",2005,224,10,32.3155,1648.64,659.295,818.08,142.235,29.21,0.68655,2.225,0.03175,14.3517219524061,1.30145584673154
"5364",2005,224,11,26.4285,1781.557,712.77,886.315,150.81,30.535,0.6453,3.055,0.03175,14.3517219401613,1.3018638701931
"5365",2005,224,12,26.2875,1262.815,503.505,628.995,115.54,30.945,0.64185,3.94,0.03175,14.3517219557575,1.30224554853318
"5366",2005,224,13,31.967,1568.83,625.4,780.005,142.39,31.96,0.6019,3.925,0.03175,14.3517219903746,1.30260311718342
"5367",2005,224,14,41.122,1327.859,517.725,650.71,124.85,32.42,0.55895,5.13,0.03175,14.3517220799346,1.30293395505639
"5368",2005,224,15,51.8375,446.982,173.285,213.94,43.26,30.8,0.65355,3.71,0.03175,14.3517220512413,1.30328570759886
"5369",2005,224,16,63.163,298.816,116.385,144.74,31.715,27.26,0.76495,4.255,0.03175,14.351721956934,1.30371521173795
"5370",2005,224,17,74.595,328.141,131.19,165.695,41.69,25.885,0.84115,3.41,0.03175,14.3517219565899,1.30419902146887
"5371",2005,224,18,85.6705,27.462,9.885,11.305,3.1,25.315,0.87095,2.52,0.03175,14.3457576828127,1.30469837252586
"5372",2005,224,19,96.6335,0.621,0,0,0.23,24.765,0.8874,3.62,0.03175,14.2789305229813,1.30520993427458
"5373",2005,224,20,106.4595,0.46,0,0,0.15,23.96,0.94995,2.47,0.03175,14.279418490211,1.30573334375918
"5374",2005,224,21,114.875,0.644,0,0,0.055,23.615,0.9654,1.66,0.03175,14.2795706416632,1.30626171778561
"5375",2005,224,22,121.204,0.92,0,0,0.055,23.46,0.96045,1.305,0.03175,14.2797535091739,1.30679187411981
"5376",2005,224,23,124.69,0.92,0,0,0.055,23.37,0.9672,1.38,0.03175,14.2799729504164,1.30732280496082
"5377",2005,225,0,124.7815,0.874,0,0,0.1,23.065,0.97425,1.43,0.0635,14.2802045077699,1.30785487619415
"5378",2005,225,1,121.4625,0.966,0,0,0.09,22.94,0.97775,1.535,0.0635,14.2804332470333,1.30838806556598
"5379",2005,225,2,115.2655,0.92,0,0,0.065,22.655,0.98105,1.13,0.0635,14.2806457714228,1.30892215717044
"5380",2005,225,3,106.942,1.15,0,0,0.04,22.325,0.9856,1.36,0.0635,14.2808286524786,1.30945736869052
"5381",2005,225,4,97.179,1.587,0.03,0,0.075,22.17,0.98865,0.685,0.0635,14.2809783192744,1.30999325575623
"5382",2005,225,5,86.2605,40.572,17.515,19.425,4.995,22.17,0.9922,1.3,0.0635,14.2982346171062,1.31052806753044
"5383",2005,225,6,75.208,139.058,54.525,66.08,13.875,22.54,0.9936,1.805,0.0635,14.2795486280187,1.31106250445107
"5384",2005,225,7,63.7955,310.063,128.07,154.83,30.315,22.89,0.9936,1.92,0.0635,14.2790125293051,1.31159711133192
"5385",2005,225,8,52.4765,440.45,188.81,230.84,46.785,23.55,0.9827,1.305,0.0635,14.2790039233311,1.31212927502367
"5386",2005,225,9,41.75,1117.57,452.395,557.89,105.65,25.2,0.88605,2.08,0.0635,14.2790038306918,1.31265229044024
"5387",2005,225,10,32.5445,1543.921,616.175,768.39,140.68,26.79,0.7803,3.67,0.0635,14.2790039526301,1.31315517218344
"5388",2005,225,11,26.713,1245.611,490.145,613.1,115.805,27.27,0.72335,5.52,0.0635,14.2790044057298,1.3136406423958
"5389",2005,225,12,26.592,1615.428,638.495,801.765,147.66,27.815,0.7187,5.855,0.0635,14.2790038432395,1.31411587541877
"5390",2005,225,13,32.2475,746.81,298.635,373.44,77.595,27.135,0.74045,5.925,0.0635,14.2790039075214,1.31459248510917
"5391",2005,225,14,41.369,1097.284,433.805,540.41,107.53,26.735,0.709,4.71,0.0635,14.2790040835291,1.31507975660101
"5392",2005,225,15,52.0675,954.73,369.765,465.47,96.705,26.47,0.76065,4.995,0.0635,14.2790038504231,1.31557305121973
"5393",2005,225,16,63.3855,668.357,255.11,320.86,73.24,25.465,0.77285,5.43,0.0635,14.2790038597629,1.31607657777338
"5394",2005,225,17,74.8175,289.662,109.83,134.995,32.61,24.805,0.78285,4.35,0.0635,14.2790037212035,1.31659161425801
"5395",2005,225,18,85.924,49.887,16.87,19.035,4.99,23.63,0.85315,3.39,0.0635,14.2789960578907,1.31711629492456
"5396",2005,225,19,96.8795,0.69,0,0,0.175,22.755,0.90865,3.545,0.0635,14.2555799033003,1.31765024423936
"5397",2005,225,20,106.7245,0.529,0,0,0.155,22.16,0.9509,2.315,0.0635,14.2579019061801,1.31818897270154
"5398",2005,225,21,115.1625,0.759,0,0,0.225,22.005,0.93955,2.965,0.0635,14.2581380071398,1.3187285112233
"5399",2005,225,22,121.5075,0.943,0,0,0.3,21.375,0.9472,3.545,0.0635,14.2583264335317,1.31926846377614
"5400",2005,225,23,125,0.989,0,0,0.25,20.82,0.94135,3.34,0.0635,14.2585490203926,1.31980819594354
"5401",2005,226,0,125.081,1.012,0,0,0.145,20.665,0.94175,2.28,0.391583333333333,14.2587873464414,1.32034726915525
"5402",2005,226,1,121.7355,1.265,0,0,0.235,20.655,0.95045,0.77,0.391583333333333,14.2590322054219,1.3208860989517
"5403",2005,226,2,115.5075,1.311,0,0,0.275,20.645,0.95625,0.87,0.391583333333333,14.2592697002797,1.32142486699703
"5404",2005,226,3,107.152,1.242,0,0,0.205,20.32,0.9715,2.73,0.391583333333333,14.2594702286365,1.32196308767977
"5405",2005,226,4,97.362,1.357,0,0,0.175,20.29,0.974,3.42,0.391583333333333,14.2596188994294,1.32250066829093
"5406",2005,226,5,86.4515,11.04,2.935,1.32,0.96,20.34,0.97825,2.315,0.391583333333333,14.2599431502482,1.32303825290823
"5407",2005,226,6,75.3625,41.653,14.055,13.195,3.955,20.2,0.9735,2.105,0.391583333333333,14.1836191042375,1.32358106545141
"5408",2005,226,7,63.9485,149.477,57.965,68.02,13.42,19.09,0.9765,4.61,0.391583333333333,14.1500993075341,1.32412831165033
"5409",2005,226,8,52.6405,275.149,109.65,131.875,25.24,19.52,0.95875,5.225,0.391583333333333,14.1495468574763,1.32467582552956
"5410",2005,226,9,41.938,163.07,61.78,73.465,14.005,19.43,0.9334,4.07,0.391583333333333,14.1495394368891,1.32522456735037
"5411",2005,226,10,32.776,217.925,78.14,96.4,18.29,19.57,0.9301,2.005,0.391583333333333,14.1495393270956,1.32577347196735
"5412",2005,226,11,27.0015,363.492,134.02,167.1,30.86,19.9,0.9508,2.285,0.391583333333333,14.1495393512998,1.3263238074169
"5413",2005,226,12,26.9005,205.183,73.615,89.425,16.205,20.06,0.9559,3.17,0.391583333333333,14.1495394061738,1.32687547049078
"5414",2005,226,13,32.5305,226.481,82.515,100.625,18.515,19.865,0.95005,4.42,0.391583333333333,14.1495395679689,1.32742704422387
"5415",2005,226,14,41.623,275.724,102.3,125.74,23.27,19.2,0.95755,4.635,0.391583333333333,14.1495394422574,1.32797610296716
"5416",2005,226,15,52.3015,334.282,129.52,158.14,29.575,19.605,0.9497,4.645,0.391583333333333,14.1495393736583,1.32852433860204
"5417",2005,226,16,63.6115,151.869,57.38,67.855,13.285,19.86,0.94675,4.035,0.391583333333333,14.1495393866733,1.32907466545261
"5418",2005,226,17,75.0445,52.325,18.025,18.83,4.56,19.705,0.9567,3.42,0.391583333333333,14.1495218022859,1.32962528364159
"5419",2005,226,18,86.1455,12.121,2.875,1.535,1.08,19.42,0.96055,3.435,0.391583333333333,14.0346448149075,1.33018244294232
"5420",2005,226,19,97.1285,2.438,0,0,0.27,19.355,0.9635,2.67,0.391583333333333,14.0252984701694,1.33074683850932
"5421",2005,226,20,106.992,2.369,0,0,0.155,19.3,0.9733,3.615,0.391583333333333,14.0255379551678,1.3313114119539
"5422",2005,226,21,115.45,2.277,0,0,0.28,19.34,0.9712,3.845,0.391583333333333,14.0257849669769,1.33187589850365
"5423",2005,226,22,121.8135,2.346,0,0,0.21,19.335,0.9324,4.2,0.391583333333333,14.0260932094666,1.3324404754544
"5424",2005,226,23,125.3125,2.599,0,0,0.165,19.27,0.93955,3.065,0.391583333333333,14.0264636146085,1.33300475117913
"5425",2005,227,0,125.3835,2.461,0,0,0.23,19.145,0.93935,2.685,0.0740833333333333,14.0268667543441,1.33356826061639
"5426",2005,227,1,122.013,2.369,0,0,0.25,18.82,0.9626,2.3,0.0740833333333333,14.0272502418804,1.33412990035443
"5427",2005,227,2,115.7495,2.346,0,0,0.205,18.97,0.94295,2.705,0.0740833333333333,14.027596261718,1.33469075677529
"5428",2005,227,3,107.363,2.323,0,0,0.18,19.06,0.95595,2.88,0.0740833333333333,14.027885191681,1.33525258975179
"5429",2005,227,4,97.547,2.392,0,0,0.27,19.2,0.961,2.56,0.0740833333333333,14.0281011689729,1.33581531848677
"5430",2005,227,5,86.6095,13.294,3.615,2.945,1.225,19.31,0.9471,2.5,0.0740833333333333,14.0287099622955,1.33637895661297
"5431",2005,227,6,75.519,73.945,29.045,32.77,6.715,19.57,0.9233,2.715,0.0740833333333333,13.9684233091054,1.33694788770471
"5432",2005,227,7,64.104,235.543,97.29,116.575,22.235,20,0.89685,3.04,0.0740833333333333,13.9630843640411,1.33752335369796
"5433",2005,227,8,52.807,353.694,143.04,174.57,33.855,20.32,0.899,3.635,0.0740833333333333,13.9629938992367,1.33810115122231
"5434",2005,227,9,42.128,294.584,116.26,141.275,27.28,20.88,0.8981,3.595,0.0740833333333333,13.9629926847622,1.33868062220088
"5435",2005,227,10,33.0125,273.608,107.485,130.135,25.345,21.125,0.8996,3.09,0.0740833333333333,13.9629927571851,1.33926110335944
"5436",2005,227,11,27.2935,341.136,136.375,167.235,33.385,21.845,0.87665,2.96,0.0740833333333333,13.9629926871672,1.33984194803489
"5437",2005,227,12,27.215,250.102,97.495,118.795,23.435,22.42,0.84695,2.395,0.0740833333333333,13.9629927817737,1.3404221168529
"5438",2005,227,13,32.8195,199.341,71.12,84.415,15.31,22.39,0.8671,1.45,0.0740833333333333,13.9629930882217,1.34100159517217
"5439",2005,227,14,41.8795,288.788,104.99,126.39,22.425,22.09,0.91165,1.37,0.0740833333333333,13.9629926920773,1.34158153947687
"5440",2005,227,15,52.5405,188.117,71.4,84,15.96,21.93,0.91495,1.765,0.0740833333333333,13.9629927312923,1.34216199975779
"5441",2005,227,16,63.8445,140.852,52.99,61.365,11.635,21.805,0.9306,1.515,0.0740833333333333,13.9629927690132,1.34274268124575
"5442",2005,227,17,75.2765,124.43,48.625,55.925,10.8,21.635,0.93865,1.23,0.0740833333333333,13.962992675492,1.34332351281106
"5443",2005,227,18,86.372,40.135,18.385,20.92,5.655,21.44,0.9468,1.73,0.0740833333333333,13.9625500781501,1.3439044547494
"5444",2005,227,19,97.3835,0.874,0.05,0,0.21,21.015,0.95595,1.72,0.0740833333333333,13.9402733149364,1.34448675410248
"5445",2005,227,20,107.2665,0.483,0,0,0,20.39,0.96505,1.615,0.0740833333333333,13.9421633759318,1.34506939240334
"5446",2005,227,21,115.743,0.46,0,0,0.135,19.655,0.98215,1.305,0.0740833333333333,13.9423543550228,1.34564919766537
"5447",2005,227,22,122.125,0.414,0,0,0.02,18.59,0.9928,1.675,0.0740833333333333,13.9425201501552,1.34622296216444
"5448",2005,227,23,125.6305,0.46,0,0,0.175,18.28,0.99695,1.92,0.0740833333333333,13.9427082923409,1.34679051096517
"5449",2005,228,0,125.69,0.46,0,0,0.055,18.04,0.99815,1.165,0.0105833333333333,13.942910416902,1.34735507761018
"5450",2005,228,1,122.2915,0.552,0,0,0,18.615,0.9989,1.445,0.0105833333333333,13.9431118026344,1.34792141501606
"5451",2005,228,2,115.994,1.334,0,0,0.165,18.805,0.998,1.62,0.0105833333333333,13.9433227978488,1.34849161274615
"5452",2005,228,3,107.575,1.403,0,0,0.08,18.72,0.9989,2.04,0.0105833333333333,13.9435306549591,1.34906227843302
"5453",2005,228,4,97.7335,1.702,0,0,0,18.755,1,2.405,0.0105833333333333,13.9436946837623,1.34963268819854
"5454",2005,228,5,86.7685,37.674,13.39,14.075,2.94,18.885,0.999933333333333,2.305,0.0105833333333333,13.9740317501902,1.3502018776638
"5455",2005,228,6,75.675,138,55.22,65.515,12.305,18.685,0.999,2.61,0.0105833333333333,13.958358186309,1.35076979378857
"5456",2005,228,7,64.261,312.685,131.825,159.495,30.195,18.925,0.99865,1.825,0.0105833333333333,13.957738455863,1.35133894961057
"5457",2005,228,8,52.9715,573.344,240.185,294.795,56.59,20.265,0.96285,2.965,0.0105833333333333,13.9577279401237,1.35191407262769
"5458",2005,228,9,42.3205,899.76,364.31,453.375,85.52,21.97,0.8485,4.025,0.0105833333333333,13.957727838673,1.35249501705518
"5459",2005,228,10,33.2515,840.811,349.98,437.98,88.305,23.155,0.7846,4.205,0.0105833333333333,13.9577280253069,1.35307443376018
"5460",2005,228,11,27.589,1056.551,434.55,545.725,106.245,23.825,0.7489,4.825,0.0105833333333333,13.9577279937824,1.3536489427747
"5461",2005,228,12,27.532,1369.42,554.735,695.575,128.04,24.96,0.6999,4.88,0.0105833333333333,13.9577278120874,1.3542153794333
"5462",2005,228,13,33.113,1337.266,542.715,680.79,125.49,25.775,0.66815,3.79,0.0105833333333333,13.957727833997,1.35476990981114
"5463",2005,228,14,42.144,1219.736,492.435,619.03,118.825,26.235,0.64145,3.725,0.0105833333333333,13.9577278852389,1.35531470906713
"5464",2005,228,15,52.7845,1070.558,422.305,530.89,108.77,26.32,0.6294,3.665,0.0105833333333333,13.9577279997196,1.35585487346609
"5465",2005,228,16,64.0785,771.282,301.74,381.805,89.405,26.215,0.6498,4.09,0.0105833333333333,13.9577278308653,1.35639521363136
"5466",2005,228,17,75.5125,331.982,125.675,156.74,43.055,25.68,0.6656,2.635,0.0105833333333333,13.9577278075673,1.35694094918916
"5467",2005,228,18,86.6405,66.562,23.555,28.07,8.915,24.84,0.72655,2.07,0.0105833333333333,13.9577277479192,1.35749697299747
"5468",2005,228,19,97.6425,0.575,0,0,0.005,23.46,0.79185,2.185,0.0105833333333333,13.9570217934501,1.35806579146793
"5469",2005,228,20,107.5435,0.391,0,0,0.015,22.005,0.8678,2.445,0.0105833333333333,13.9629132953265,1.35864411158485
"5470",2005,228,21,116.0405,0.46,0,0,0,21.485,0.8756,2.105,0.0105833333333333,13.9632404753325,1.35922487620634
"5471",2005,228,22,122.44,0.46,0,0,0.025,20.95,0.8874,1.96,0.0105833333333333,13.9634086664782,1.35980557214326
"5472",2005,228,23,125.951,0.46,0,0,0.03,20.595,0.90085,1.43,0.0105833333333333,13.9635981607636,1.36038548764002
"5473",2005,229,0,125.998,0.46,0,0,0,20.135,0.9215,1.445,0,13.9637992973111,1.36096405505138
"5474",2005,229,1,122.572,0.437,0,0,0.025,19.725,0.937,1.64,0,13.963997834464,1.36154058225666
"5475",2005,229,2,116.2395,0.46,0,0,0.085,19.095,0.93965,2.115,0,13.9641807705207,1.36211380662955
"5476",2005,229,3,107.7895,0.437,0,0,0.005,18.625,0.94055,1.835,0,13.9643357524433,1.36268262829755
"5477",2005,229,4,97.92,0.828,0.01,0,0.01,19.085,0.89915,2.915,0,13.964456670745,1.36325138867183
"5478",2005,229,5,86.9245,62.031,22.72,25.755,7.63,18.465,0.89285,2.51,0,14.0011369021697,1.36381700516764
"5479",2005,229,6,75.8325,346.334,131.91,162.545,43.525,19.13,0.90235,1.975,0,13.997229411431,1.36438067012652
"5480",2005,229,7,64.4165,747.753,287.48,361.205,82.88,21.675,0.8243,2.06,0,13.9970900206417,1.36495405066236
"5481",2005,229,8,53.1395,1132.313,441.565,560.05,114.15,23.745,0.71735,2.73,0,13.9970877032477,1.36552721798507
"5482",2005,229,9,42.515,1449.966,573.05,725.415,135.38,25.085,0.6498,3.33,0,13.9970876727084,1.36608822822352
"5483",2005,229,10,33.493,1613.45,646.605,818.005,148.335,25.915,0.61675,3.67,0,13.9970876911165,1.36663585647069
"5484",2005,229,11,27.887,1774.818,716.12,907.07,162.57,26.445,0.5881,4.54,0,13.9970876550465,1.36717278854559
"5485",2005,229,12,27.853,1732.82,700.025,884.74,159.54,26.725,0.58355,4.265,0,13.9970876645708,1.36770250243316
"5486",2005,229,13,33.412,1262.93,506.565,637.42,117.325,26.785,0.59125,4.07,0,13.9970876793381,1.36822899618303
"5487",2005,229,14,42.413,1553.006,623.525,787.075,152.365,27.295,0.57995,4.08,0,13.9970877113096,1.36874977780504
"5488",2005,229,15,53.0335,1104.966,438.445,553.13,115.135,27.315,0.58275,3.285,0,13.9970877800857,1.36926504490205
"5489",2005,229,16,64.318,750.122,294.55,369.585,86.22,27.4,0.5858,2.47,0,13.9970877002349,1.36977917740079
"5490",2005,229,17,75.7525,302.473,114.31,141.68,38.415,26.41,0.6499,2.65,0,13.9970876740323,1.3703025677878
"5491",2005,229,18,86.8745,34.109,11.945,13.315,3.435,24.465,0.756,2.39,0,13.9960532566318,1.37085067556798
"5492",2005,229,19,97.905,0.46,0,0,0,23.275,0.81595,2.255,0,13.9609577502836,1.3714193484415
"5493",2005,229,20,107.8235,0.207,0,0,0.025,22.525,0.85455,2.445,0,13.9621378658197,1.3719969101445
"5494",2005,229,21,116.342,0.414,0,0,0,21.9,0.8784,2.13,0,13.9622985940267,1.37257698306341
"5495",2005,229,22,122.7595,0.46,0,0,0.005,22.055,0.90005,2.085,0,13.9624642342341,1.3731575811535
"5496",2005,229,23,126.275,0.46,0,0,0.005,22.085,0.912,1.71,0,13.9626550257181,1.37373798854075
"5497",2005,230,0,126.309,0.46,0,0,0.005,21.97,0.92105,1.88,0.201083333333333,13.9628568064804,1.37431845013831
"5498",2005,230,1,122.8545,0.46,0,0,0.005,21.835,0.9391,1.46,0.201083333333333,13.9630558964277,1.37489908874936
"5499",2005,230,2,116.488,0.46,0,0,0,21.79,0.94325,1.84,0.201083333333333,13.9632389631322,1.37547981733299
"5500",2005,230,3,108.003,0.46,0,0,0.015,21.015,0.9645,2.61,0.201083333333333,13.9633932358127,1.37606059106125
"5501",2005,230,4,98.109,0.667,0,0,0.025,20.405,0.9768,1.715,0.201083333333333,13.96351052764,1.37664031416617
"5502",2005,230,5,87.1235,63.618,23.65,27.2,6.35,20.14,0.9826,1.82,0.201083333333333,13.9963950890746,1.37721636941901
"5503",2005,230,6,75.9915,288.949,111.51,137.62,31.135,21.375,0.97935,2.055,0.201083333333333,13.9923529528244,1.37779193545798
"5504",2005,230,7,64.5755,504.666,193.325,240.025,52.88,23.215,0.9407,3.325,0.201083333333333,13.992217479015,1.37836734448425
"5505",2005,230,8,53.3095,843.985,329.06,413.2,88.195,24.675,0.8969,5.3,0.201083333333333,13.9922152491351,1.37893345649372
"5506",2005,230,9,42.714,802.309,316.41,399.525,81.89,24.89,0.8926,5.435,0.201083333333333,13.9922152268407,1.37949127216901
"5507",2005,230,10,33.7395,1470.436,574.575,723.935,137.825,26.295,0.82535,5.875,0.201083333333333,13.9922152211869,1.38003795565144
"5508",2005,230,11,28.1885,871.401,344.525,434.695,87.055,26.57,0.82095,5.785,0.201083333333333,13.9922152076532,1.38057107788565
"5509",2005,230,12,28.1785,1414.546,562.305,707.15,133.2,27.58,0.79835,4.85,0.201083333333333,13.992215221789,1.38109160698514
"5510",2005,230,13,33.7145,1676.792,661.48,833.56,155.555,28.345,0.7574,5.155,0.201083333333333,13.9922152528146,1.38159236604701
"5511",2005,230,14,42.685,1393.685,539.645,681.485,131.305,28.84,0.70585,5.675,0.201083333333333,13.9922153341918,1.3820772032752
"5512",2005,230,15,53.2865,1088.13,415.46,524.415,110.145,29.065,0.68115,5.845,0.201083333333333,13.992215519093,1.38255222894763
"5513",2005,230,16,64.5635,761.185,282.61,356.805,84.285,29.08,0.6604,5.39,0.201083333333333,13.9922152262582,1.38302386567612
"5514",2005,230,17,75.9955,323.886,117.41,145.87,39.185,28.495,0.6904,4.195,0.201083333333333,13.9922152167091,1.38350341906258
"5515",2005,230,18,87.1505,44.551,14.965,16.555,4.375,26.94,0.7806,3.665,0.201083333333333,13.9921826796258,1.38400966577153
"5516",2005,230,19,98.1705,0.483,0,0,0.035,25.51,0.8605,3.905,0.201083333333333,13.9804047280695,1.3845468907058
"5517",2005,230,20,108.109,0.253,0,0,0,25.055,0.88825,4.445,0.201083333333333,13.9830304298082,1.38509963167278
"5518",2005,230,21,116.6475,0.46,0,0,0,24.955,0.903,3.6,0.201083333333333,13.9832387655514,1.38565589380282
"5519",2005,230,22,123.0805,1.035,0,0.67,3.37,22.39,0.90385,8.455,0.201083333333333,13.9834221191985,1.38622474599216
"5520",2005,230,23,126.6035,2.162,0,0,0.455,22.54,0.8741,4.725,0.201083333333333,13.983694696624,1.38680129036794
"5521",2005,231,0,126.625,2.001,0,0,0.565,22.155,0.86745,8.305,1.18533333333333,13.9840396812858,1.38737814955173
"5522",2005,231,1,123.14,1.886,0,0,0.47,21.68,0.92165,5.385,1.18533333333333,13.9843670123635,1.38795590649978
"5523",2005,231,2,116.7355,2.231,0,0,0,20.775,0.91565,3.94,1.18533333333333,13.9846742149561,1.38853371156513
"5524",2005,231,3,108.219,2.461,0,0,0.07,20.85,0.96025,3.67,1.18533333333333,13.9849579939571,1.38911090588556
"5525",2005,231,4,98.2965,2.622,0,0,0.065,20.61,0.97925,2.48,1.18533333333333,13.9851827948673,1.38968785172917
"5526",2005,231,5,87.284,24.104,8.215,7.935,2.215,20.99,0.9797,3.86,1.18533333333333,13.9909182784464,1.39026456429819
"5527",2005,231,6,76.151,226.527,87.41,104.75,23.685,21.66,0.9608,3.455,1.18533333333333,13.9472682278703,1.39084455260808
"5528",2005,231,7,64.734,753.296,286.535,357.2,77.88,23.315,0.898,4.84,1.18533333333333,13.9456883902449,1.39142552676402
"5529",2005,231,8,53.4805,1168.676,445.325,558.88,112.47,25.32,0.80665,3.72,1.18533333333333,13.9456619366332,1.39199386903834
"5530",2005,231,9,42.913,1502.038,574.635,728.45,139.325,26.535,0.7713,5.66,1.18533333333333,13.9456615727056,1.39254123964677
"5531",2005,231,10,33.9865,1713.109,659.25,837.08,154.41,27.52,0.74065,4.54,1.18533333333333,13.9456616383946,1.39306835055081
"5532",2005,231,11,28.4935,1822.658,705.38,897.17,163.31,28.44,0.72325,3.74,1.18533333333333,13.945661872397,1.3935740150187
"5533",2005,231,12,28.508,1781.603,688.695,877.155,161.01,29.575,0.69685,3.555,1.18533333333333,13.9456616706513,1.39405236340092
"5534",2005,231,13,34.0225,1697.837,650.47,830.42,158.04,30.76,0.6253,4.345,1.18533333333333,13.9456617287459,1.394494752108
"5535",2005,231,14,42.962,1476.393,558.815,714.225,144.155,31.315,0.56365,4.32,1.18533333333333,13.9456615917475,1.39490671035998
"5536",2005,231,15,53.5425,1172.701,436.11,558.91,121.955,31.485,0.5697,3.6,1.18533333333333,13.9456616114545,1.39530501988247
"5537",2005,231,16,64.812,768.913,281.635,359.055,87.775,31.415,0.59185,2.495,1.18533333333333,13.9456616285935,1.39570140064571
"5538",2005,231,17,76.244,425.822,159.54,202.22,58.065,30.815,0.67555,1.94,1.18533333333333,13.9456615721345,1.39611046788357
"5539",2005,231,18,87.392,46.414,15.725,18.735,5.52,29.585,0.7277,2.31,1.18533333333333,13.945648829777,1.39655175132294
"5540",2005,231,19,98.4415,0.46,0,0,0.035,28.15,0.78475,3.24,1.18533333333333,13.9375513000522,1.39703438230017
"5541",2005,231,20,108.3975,0.414,0,0,0.095,26.25,0.859,3.72,1.18533333333333,13.9405582753121,1.3975582173742
"5542",2005,231,21,116.9575,0.46,0,0,0.01,25.485,0.88625,3.28,1.18533333333333,13.9407801052522,1.39810732556379
"5543",2005,231,22,123.408,0.299,0,0.065,0.97,23.475,0.868,6.235,1.18533333333333,13.9409445149673,1.39867456947826
"5544",2005,231,23,126.936,0.897,0,0,0.075,21.36,0.9742,2.72,1.18533333333333,13.9411420992418,1.39925623718262
"5545",2005,232,0,126.942,0.943,0,0,0.04,21.44,0.9764,2.01,0.0105833333333333,13.9413760611935,1.39984001711298
"5546",2005,232,1,123.427,1.104,0,0,0.1,21.69,0.9716,3.44,0.0105833333333333,13.9416141370506,1.40042376778735
"5547",2005,232,2,116.9855,1.357,0,0,0.055,22.05,0.94165,4.21,0.0105833333333333,13.941848766391,1.40100724355981
"5548",2005,232,3,108.4345,1.725,0,0,0.095,22.005,0.94085,2.895,0.0105833333333333,13.9420654030315,1.40159045877312
"5549",2005,232,4,98.4865,1.909,0,0,0.035,22,0.9553,2.65,0.0105833333333333,13.9422425617997,1.40217369381499
"5550",2005,232,5,87.442,55.729,19.605,21.495,5.635,22.79,0.95965,2.9,0.0105833333333333,13.974177892142,1.40275374429975
"5551",2005,232,6,76.31,281.52,105.15,128.76,30.7,23.785,0.95395,2.35,0.0105833333333333,13.9688080398583,1.40332772882172
"5552",2005,232,7,64.895,736.943,280.69,349.155,77.615,25.195,0.90255,2.685,0.0105833333333333,13.9686281197275,1.40389159771319
"5553",2005,232,8,53.6525,936.813,359.375,453.375,94.53,26.045,0.79415,5.07,0.0105833333333333,13.9686251440418,1.40444105087424
"5554",2005,232,9,43.115,1319.441,503.515,636.24,122.465,26.345,0.7546,4.84,0.0105833333333333,13.9686250947641,1.4049812973865
"5555",2005,232,10,34.238,1683.485,644.345,819.12,151.29,27.22,0.72195,5.76,0.0105833333333333,13.9686251533408,1.40551060396517
"5556",2005,232,11,28.804,1825.533,706.47,897.81,162.845,28.24,0.6711,4.605,0.0105833333333333,13.9686253587332,1.40601954902396
"5557",2005,232,12,28.8395,1827.097,705.83,900.3,166.595,28.98,0.643,5.24,0.0105833333333333,13.9686252313502,1.4065065127988
"5558",2005,232,13,34.3335,1438.466,552.235,707.445,140.66,29.13,0.6536,5.86,0.0105833333333333,13.9686251294326,1.40698122198578
"5559",2005,232,14,43.2435,1308.7,502.065,645.39,137.82,29.36,0.6668,5.43,0.0105833333333333,13.9686251912575,1.40745041111037
"5560",2005,232,15,53.8045,1047.075,395.97,509.005,114.955,29.445,0.67915,4.72,0.0105833333333333,13.9686253296369,1.40791492485142
"5561",2005,232,16,65.0635,710.309,260.06,335.555,85.225,29.35,0.68065,4.21,0.0105833333333333,13.9686251148313,1.40837958851823
"5562",2005,232,17,76.4955,324.162,116.12,150.46,45.145,28.635,0.7185,3.3,0.0105833333333333,13.9686250996525,1.40885599702336
"5563",2005,232,18,87.675,42.159,13.125,15.05,4.785,26.685,0.8141,2.44,0.0105833333333333,13.9685559592569,1.40936611164098
"5564",2005,232,19,98.714,0.345,0,0,0,25.14,0.87235,2.195,0.0105833333333333,13.9559391247366,1.40991152351389
"5565",2005,232,20,108.6895,0.46,0,0,0.035,23.985,0.909,2.735,0.0105833333333333,13.9583007285375,1.41047619525943
"5566",2005,232,21,117.27,0.46,0,0,0.065,23.6,0.9,2.555,0.0105833333333333,13.9585032631496,1.4110483363374
"5567",2005,232,22,123.7385,0.46,0,0,0.165,22.48,0.91055,1.82,0.0105833333333333,13.9586718949107,1.41162545067389
"5568",2005,232,23,127.271,0.437,0,0,0,21.595,0.9439,1.685,0.0105833333333333,13.9588623674235,1.41220630884933
"5569",2005,233,0,127.2625,0.46,0,0,0,20.965,0.96075,2.01,0,13.9590633463313,1.41278762235559
"5570",2005,233,1,123.7155,0.483,0,0,0,20.91,0.9389,2.15,0,13.9592627030842,1.41336850007406
"5571",2005,233,2,117.238,0.483,0,0,0,19.79,0.9679,1.925,0,13.9594463059329,1.41394743551234
"5572",2005,233,3,108.651,0.46,0,0,0.005,19.385,0.94365,1.78,0,13.9596003220403,1.41452250082635
"5573",2005,233,4,98.6755,0.598,0,0,0.02,18.73,0.9688,1.5,0,13.9597147708358,1.41509358998818
"5574",2005,233,5,87.642,61.042,15.59,22.5,11.38,18.615,0.98535,1.83,0,13.9882189939925,1.41565945013705
"5575",2005,233,6,76.471,374.348,139.145,172.13,48.19,19.435,0.949,0.6,0,13.9834495037723,1.41622681240986
"5576",2005,233,7,65.0575,775.261,298.825,371.835,86.77,22.645,0.81715,0.815,0,13.9832969364904,1.41680317483221
"5577",2005,233,8,53.8275,1168.952,451.695,570.89,120.035,24.815,0.6896,1.66,0,13.9832944505202,1.41737186383661
"5578",2005,233,9,43.3175,1495.437,583.42,741.585,145.54,26.24,0.62515,2.395,0,13.9832943866583,1.4179206318792
"5579",2005,233,10,34.4915,1622.282,637.605,811.935,153.31,27.305,0.55325,2.755,0,13.983294399441,1.418448289036
"5580",2005,233,11,29.1145,1800.394,707.58,902.825,166.215,28.19,0.4928,3,0,13.9832944206928,1.41895515341472
"5581",2005,233,12,29.1765,1816.241,712.24,909.41,168.185,28.68,0.50095,2.84,0,13.9832944769562,1.41944514610764
"5582",2005,233,13,34.649,1646.248,640.135,820.94,160.69,28.855,0.55665,3.215,0,13.9832946523486,1.41992629224866
"5583",2005,233,14,43.528,1239.976,479.285,612.78,128.255,29.05,0.59235,3.105,0,13.9832944819049,1.42040230266691
"5584",2005,233,15,54.071,1139.512,429.305,553.105,123.605,29.595,0.571,3.01,0,13.9832944739411,1.42086758449394
"5585",2005,233,16,65.3205,461.518,172.66,219.565,50.59,28.88,0.62195,2.615,0,13.9832944188926,1.42133533387485
"5586",2005,233,17,76.75,174.685,65.3,84.14,22.64,26.96,0.72295,2.885,0,13.9832944199356,1.42183763833918
"5587",2005,233,18,87.9225,42.849,15.265,17.58,5.435,25.37,0.7846,1.755,0,13.9831866595744,1.4223761944057
"5588",2005,233,19,98.992,0.184,0,0,0.13,24.775,0.79545,1.845,0,13.9733180156921,1.42293216380169
"5589",2005,233,20,108.986,0.391,0,0,0.065,24,0.82925,0.96,0,13.9758276294663,1.42349657760863
"5590",2005,233,21,117.5875,0.46,0,0,0.05,23.18,0.8695,1.585,0,13.9760325880236,1.42406793271977
"5591",2005,233,22,124.0745,0.437,0,0,0.435,23.015,0.85785,2.56,0,13.9762011293491,1.42464259757317
"5592",2005,233,23,127.61,0.46,0,0,0.285,22.045,0.90995,2.04,0,13.9763914902702,1.42521974323528
"5593",2005,234,0,127.5855,0.46,0,0,0.135,21.31,0.91385,1.675,0,13.9765933735583,1.42579873317624
"5594",2005,234,1,124.007,0.437,0,0,0.235,21.125,0.87625,1.04,0,13.9767913140839,1.42637768656991
"5595",2005,234,2,117.489,0.46,0,0,0.26,19.915,0.92165,1.68,0,13.9769720992425,1.42695489186545
"5596",2005,234,3,108.869,0.46,0,0,0.195,19.475,0.88865,0.65,0,13.977124039008,1.42752832628056
"5597",2005,234,4,98.8665,0.529,0,0,0.28,18.925,0.8563,1.635,0,13.9772368753427,1.42809828326244
"5598",2005,234,5,87.804,47.817,14.77,16.405,5.14,17.935,0.87945,2.915,0,13.9993973958315,1.42865975880328
"5599",2005,234,6,76.632,354.982,129.45,161.82,43.77,17.995,0.89315,3.115,0,13.9896956369504,1.42921545228615
"5600",2005,234,7,65.22,756.24,283.345,358.11,84.04,20.16,0.80545,3.565,0,13.9893931166431,1.42978221508558
"5601",2005,234,8,54.0035,1147.171,438.02,558.39,118.79,21.885,0.7142,3.955,0,13.9893881737684,1.43035879541042
"5602",2005,234,9,43.5235,1472.322,571.45,727.73,142.84,23.03,0.6556,3.415,0,13.9893881226071,1.43093439670938
"5603",2005,234,10,34.7485,1726.265,678.54,866.51,163.74,23.795,0.5987,3.51,0,13.9893882763663,1.43150525589645
"5604",2005,234,11,29.4295,1821.899,721.595,923.805,171.905,24.22,0.58145,3.585,0,13.9893888637049,1.43207148447337
"5605",2005,234,12,29.5165,1856.928,734.725,942.24,177.175,24.455,0.57925,4.12,0,13.9893881181944,1.43263456946526
"5606",2005,234,13,34.969,1717.295,674.38,865.47,168.145,24.645,0.5583,4.09,0,13.9893881692649,1.43319540729876
"5607",2005,234,14,43.8195,1515.332,589.635,758.005,157.885,24.805,0.54945,3.95,0,13.9893883091676,1.43375426746666
"5608",2005,234,15,54.3405,1009.976,384.16,494.475,112.615,24.545,0.5689,4.035,0,13.9893881462593,1.43431369827229
"5609",2005,234,16,65.5805,738.783,275.525,357.09,92.87,24.045,0.6016,4.255,0,13.9893881631442,1.43487718317274
"5610",2005,234,17,77.008,323.564,118.45,152.185,47.025,23.435,0.6118,2.975,0,13.9893881105673,1.43544565220732
"5611",2005,234,18,88.2135,37.973,11.56,13.62,5.395,21.125,0.7439,4.62,0,13.9891271939493,1.43602121946797
"5612",2005,234,19,99.2725,0.161,0,0,0.27,19.595,0.7802,4.505,0,13.9721410549153,1.4365972181807
"5613",2005,234,20,109.285,0.161,0,0,0.09,18.82,0.7778,5.325,0,13.9739626339606,1.43716773468229
"5614",2005,234,21,117.9075,0.207,0,0,0.13,18.255,0.7543,5.06,0,13.9741364439855,1.43773223280971
"5615",2005,234,22,124.411,0.276,0,0,0.165,17.25,0.7656,4.05,0,13.9742936195326,1.43828784608888
"5616",2005,234,23,127.952,0.276,0,0,0.05,16.555,0.8127,3.825,0,13.9744738453302,1.43883183502123
"5617",2005,235,0,127.9125,0.161,0,0,0.04,15.88,0.86155,3.655,0,13.9746607160503,1.43936479854468
"5618",2005,235,1,124.3,0.46,0,0,0.005,15.33,0.88075,3.1,0,13.9748479083887,1.43988673909562
"5619",2005,235,2,117.744,0.46,0,0,0,14.945,0.89065,3.08,0,13.9750287388979,1.44039953466634
"5620",2005,235,3,109.0885,0.437,0,0,0,14.485,0.91155,3.08,0,13.9751801219268,1.44090350891909
"5621",2005,235,4,99.056,0.506,0,0,0,14.05,0.92525,2.675,0,13.975291804168,1.44139761488109
"5622",2005,235,5,87.965,64.009,19.255,21.85,8.905,13.895,0.9275,3.22,0,14.0000530382857,1.44188354683254
"5623",2005,235,6,76.795,386.814,135.2,172.17,50.295,15.29,0.8961,2.36,0,13.9953995645487,1.44238206345455
"5624",2005,235,7,65.383,775.445,292.105,376.58,93.575,17.615,0.77815,3.28,0,13.9952591199341,1.44291577571577
"5625",2005,235,8,54.1825,1165.502,445.53,577.345,129.02,19.115,0.70005,4.355,0,13.9952568573231,1.44347550477926
"5626",2005,235,9,43.733,1451.323,564.385,731.21,151.585,20.195,0.6433,4.66,0,13.9952568321196,1.44404614644468
"5627",2005,235,10,35.0085,1698.389,669.29,865.305,171.3,21.245,0.5833,4.965,0,13.9952568310162,1.44462155616346
"5628",2005,235,11,29.7475,1680.587,671.715,866.22,172.685,21.62,0.5791,5.145,0,13.9952568114057,1.44519814235956
"5629",2005,235,12,29.859,1612.921,642.415,829.615,165.35,21.985,0.5682,5.11,0,13.9952568215429,1.4457745782127
"5630",2005,235,13,35.293,1450.035,572.435,738.035,152.37,22.405,0.54885,5.01,0,13.9952568387828,1.44635032394935
"5631",2005,235,14,44.1145,1497.093,586.435,757.475,162.595,22.825,0.5374,5.375,0,13.9952568780401,1.44692473572307
"5632",2005,235,15,54.6145,910.317,351.46,454.2,105.13,22.61,0.55605,5.255,0,13.9952569612144,1.44749874611737
"5633",2005,235,16,65.844,680.869,258.14,334.56,86.9,22.34,0.5584,5.31,0,13.9952568406614,1.44807368740504
"5634",2005,235,17,77.272,272.918,101.68,129.615,35.135,21.585,0.5712,3.925,0,13.9952567907057,1.44864984596731
"5635",2005,235,18,88.467,32.177,11.755,13.51,4.29,20.015,0.6603,2.645,0,13.9935405033441,1.44922538007691
"5636",2005,235,19,99.5565,0.322,0,0,0.055,18.16,0.78915,2.69,0,13.96649214432,1.44979363468881
"5637",2005,235,20,109.588,0.184,0,0,0.04,17.425,0.8055,2.82,0,13.9676861619172,1.45035071409644
"5638",2005,235,21,118.2305,0.092,0,0,0.04,16.415,0.84825,3.36,0,13.9678394825913,1.45089572566557
"5639",2005,235,22,124.752,0.276,0,0,0.01,15.92,0.8626,3.645,0,13.967994113385,1.45142867026213
"5640",2005,235,23,128.2975,0.437,0,0,0,15.6,0.87205,3.315,0,13.9681789558361,1.4519543314709
"5641",2005,236,0,128.2415,0.46,0,0,0,15.43,0.87055,2.8,0,13.9683798996601,1.45247536801592
"5642",2005,236,1,124.594,0.437,0,0,0,15.3,0.86705,3.195,0,13.968577408038,1.45299347411524
"5643",2005,236,2,117.999,0.391,0,0,0,14.9,0.87295,3.525,0,13.9687558060595,1.45350624627922
"5644",2005,236,3,109.306,0.46,0,0,0.005,14.58,0.8818,3.345,0,13.968904250398,1.45401149527268
"5645",2005,236,4,99.2485,0.483,0,0,0,14.195,0.8956,3.385,0,13.9690148921259,1.45450901971946
"5646",2005,236,5,88.167,51.037,17.495,19.94,7.9,14.305,0.88605,3.27,0,13.9877095028055,1.45500239242028
"5647",2005,236,6,76.9565,354.361,130.29,168.53,50.04,15.7,0.8399,4.2,0,13.9790819436712,1.45551123261492
"5648",2005,236,7,65.5485,740.186,274.965,357.64,90.78,17.14,0.8029,4.915,0,13.9788268273429,1.45604685341469
"5649",2005,236,8,54.362,1145.768,432.145,560.975,126.295,19.47,0.73735,5.37,0,13.9788227090523,1.45660766155717
"5650",2005,236,9,43.9425,1380.529,529.885,684.45,141.545,21.43,0.67145,4.66,0,13.9788226354302,1.45718402915807
"5651",2005,236,10,35.272,1658.53,643.71,829.755,162.39,23.115,0.58915,4.955,0,13.9788226310397,1.45776137640122
"5652",2005,236,11,30.07,1800.877,702.13,905.285,172.01,24.025,0.53105,5.14,0,13.9788226434696,1.45833247577183
"5653",2005,236,12,30.205,1804.442,704.05,906.1,172.665,24.675,0.51595,4.685,0,13.9788226648006,1.4588967530503
"5654",2005,236,13,35.6205,1463.467,567.395,731.24,146.795,25.09,0.50785,4.825,0,13.9788227186771,1.45945507330312
"5655",2005,236,14,44.412,1336.139,514.52,660.48,141.655,25.415,0.52225,4.46,0,13.978822866343,1.46000861119563
"5656",2005,236,15,54.892,1113.683,420.45,540.83,124.94,25.745,0.51125,4.45,0,13.9788226851071,1.46055747399285
"5657",2005,236,16,66.1125,656.167,241.75,310.135,79.735,25.44,0.52705,3.995,0,13.9788226987843,1.46110615282161
"5658",2005,236,17,77.5365,209.553,74.525,92.38,25.345,24.14,0.6051,2.82,0,13.9788226460027,1.46166535353352
"5659",2005,236,18,88.7635,40.388,14.865,17.29,5.785,22.815,0.67115,1.89,0,13.978644885582,1.46223699190523
"5660",2005,236,19,99.8435,0.161,0,0,0,22.045,0.6983,2.61,0,13.9718998373378,1.46281467161673
"5661",2005,236,20,109.893,0.069,0,0,0,20.74,0.75625,3.13,0,13.9742385649978,1.46339398472469
"5662",2005,236,21,118.558,0.069,0,0,0.04,19.545,0.78585,3.38,0,13.9744212184079,1.46397002128342
"5663",2005,236,22,125.0965,0.184,0,0,0.01,18.64,0.80445,2.91,0,13.9745736185579,1.4645394051209
"5664",2005,236,23,128.646,0.207,0,0,0,18,0.82695,3.39,0,13.9747495916748,1.46510157719144
"5665",2005,237,0,128.572,0.161,0,0,0,17.475,0.84925,2.615,0,13.9749338233694,1.46565701955425
"5666",2005,237,1,124.8915,0.46,0,0,0,17.115,0.8636,3.02,0,13.9751203611369,1.46620663878956
"5667",2005,237,2,118.2535,0.322,0,0,0,17.59,0.8285,3.3,0,13.9752970026985,1.46675701300092
"5668",2005,237,3,109.525,0.207,0,0,0.005,17.06,0.8535,2.5,0,13.9754385267786,1.46730698331494
"5669",2005,237,4,99.4395,0.46,0,0,0,16.99,0.86195,2.63,0,13.9755425696824,1.46785271303393
"5670",2005,237,5,88.329,26.473,9.465,10.09,2.66,17.535,0.83785,3.085,0,13.9816084522232,1.46840140998452
"5671",2005,237,6,77.1195,186.461,72.235,91.05,21.75,18.01,0.82345,3.615,0,13.9335293437883,1.46895949849368
"5672",2005,237,7,65.7145,483.92,186.015,236.72,54.59,19.46,0.7688,3.595,0,13.9319606091955,1.46953100078701
"5673",2005,237,8,54.542,875.127,337.15,430.345,96.78,22.01,0.68225,2.865,0,13.9319349200372,1.47011406808823
"5674",2005,237,9,44.157,844.537,329.87,419.935,92.285,23.425,0.6497,2.43,0,13.9319345993891,1.47069615814809
"5675",2005,237,10,35.5375,1336.691,519.08,665.265,140.535,24.855,0.59955,2.84,0,13.9319347213921,1.47126833766747
"5676",2005,237,11,30.394,838.856,329.34,419.45,90.925,25.78,0.592,2.28,0,13.9319351804509,1.47182679403445
"5677",2005,237,12,30.555,489.072,185.07,233.69,51.26,25.575,0.62005,1.29,0,13.931934609476,1.47238007432618
"5678",2005,237,13,35.952,706.33,274.215,340.58,72.935,26.13,0.59925,0.88,0,13.9319346732188,1.47293055200217
"5679",2005,237,14,44.714,580.543,225.07,280.785,60.42,25.915,0.60245,1.425,0,13.9319348511553,1.47347827747099
"5680",2005,237,15,55.1725,270.135,103.045,127.995,28.15,25.57,0.68285,0.955,0,13.9319346168234,1.47403053416067
"5681",2005,237,16,66.383,130.801,48.605,59.46,13.15,24.595,0.81245,1.33,0,13.931934628707,1.47459217159322
"5682",2005,237,17,77.8065,45.011,16.125,18.495,4.64,23.74,0.82825,1.87,0,13.9317326841568,1.47516430373486
"5683",2005,237,18,89.027,9.407,3.09,2.95,1.17,23.67,0.76795,2.87,0,13.8241895166232,1.47574754309032
"5684",2005,237,19,100.1355,0.023,0,0,0,23.28,0.77505,2.26,0,13.8212199024108,1.47633954151245
"5685",2005,237,20,110.202,0.046,0,0,0,23.115,0.7757,2.465,0,13.8213684838095,1.47693361552032
"5686",2005,237,21,118.8895,0.299,0,0,0.06,22.75,0.78,2.48,0,13.8214952904923,1.47752917993458
"5687",2005,237,22,125.444,0.138,0,0,0.045,22.42,0.7766,3.16,0,13.8216544848199,1.47812633202849
"5688",2005,237,23,128.998,0.23,0,0,0.28,21.74,0.83055,1.84,0,13.8218311867115,1.47872494115311
"5689",2005,238,0,128.906,0.437,0,0,0.24,20.61,0.9181,1.61,0.0105833333333333,13.8220256382627,1.47932382638961
"5690",2005,238,1,125.1895,0.46,0,0,0.225,20.225,0.94625,3.68,0.0105833333333333,13.822223774714,1.47992095198907
"5691",2005,238,2,118.5115,0.46,0,0,0.1,20.415,0.9001,4.005,0.0105833333333333,13.8224045087797,1.4805176780201
"5692",2005,238,3,109.745,0.437,0,0,0.125,20.31,0.89105,2.235,0.0105833333333333,13.8225544067031,1.48111456169042
"5693",2005,238,4,99.632,0.391,0,0,0.065,19.785,0.91775,1.52,0.0105833333333333,13.822661950405,1.48170994457972
"5694",2005,238,5,88.4925,24.127,7.63,7.46,1.725,19.69,0.91915,1.65,0.0105833333333333,13.8265085905661,1.48230335728951
"5695",2005,238,6,77.2845,160.149,64.205,77.755,17.09,20.74,0.8623,1.755,0.0105833333333333,13.7784093960075,1.48290197412233
"5696",2005,238,7,65.8835,540.799,207.98,264.06,62.23,21.795,0.83155,3.475,0.0105833333333333,13.7766564755878,1.48350658031717
"5697",2005,238,8,54.7255,724.799,283.13,363.49,84.13,22.12,0.8724,3.915,0.0105833333333333,13.7766274183812,1.48411116555383
"5698",2005,238,9,44.373,757.827,305.445,390.54,88.275,22.77,0.875,2.055,0.0105833333333333,13.7766270399114,1.48471444764584
"5699",2005,238,10,35.805,854.105,342.595,439.265,99.485,23.99,0.8264,2.04,0.0105833333333333,13.7766271282505,1.48531266576696
"5700",2005,238,11,30.721,1195.333,467.045,596.81,125.195,24.625,0.82105,2.38,0.0105833333333333,13.7766274523003,1.48590291431467
"5701",2005,238,12,30.908,1014.346,393.55,498.74,106.685,25.335,0.8001,1.845,0.0105833333333333,13.7766270810726,1.4864851586133
"5702",2005,238,13,36.285,882.602,334.61,425.29,90.505,26.02,0.77745,2.235,0.0105833333333333,13.7766271972543,1.48705724309075
"5703",2005,238,14,45.022,973.107,376.485,472.815,101.29,26.82,0.7408,1.65,0.0105833333333333,13.7766275351671,1.48761634337136
"5704",2005,238,15,55.4575,253.667,100.05,126.43,29.49,26.535,0.75645,1.27,0.0105833333333333,13.7766270545157,1.48817052573008
"5705",2005,238,16,66.659,250.447,97.235,120.575,26.74,26.775,0.7492,0.69,0.0105833333333333,13.7766270622114,1.48872516080815
"5706",2005,238,17,78.077,161.897,63.855,78.66,18.575,26.85,0.74395,0.205,0.0105833333333333,13.7766270159397,1.48927662062907
"5707",2005,238,18,89.3305,13.915,5.875,6.595,2.1,25.975,0.79915,0.69,0.0105833333333333,13.7507136201065,1.48983734587209
"5708",2005,238,19,100.43,0.253,0,0,0,24.925,0.85895,0.82,0.0105833333333333,13.7306573015482,1.49041711752584
"5709",2005,238,20,110.514,0.46,0,0,0,24.815,0.82515,1.405,0.0105833333333333,13.73120586584,1.49100635410732
"5710",2005,238,21,119.222,0.437,0,0,0,23.6,0.87625,1.475,0.0105833333333333,13.7313537643053,1.49160297793284
"5711",2005,238,22,125.796,0.437,0,0,0,22.02,0.9251,1.035,0.0105833333333333,13.73152412492,1.49221000386388
"5712",2005,238,23,129.3515,0.437,0,0,0,21.055,0.9573,0.91,0.0105833333333333,13.7317166135837,1.49282044282351
"5713",2005,239,0,129.2415,0.437,0,0,0.07,20.68,0.9733,1.805,0,13.7319189729517,1.4934302505722
"5714",2005,239,1,125.4885,0.46,0,0,0.03,20.205,0.98045,1.86,0,13.7321173300521,1.49403871638343
"5715",2005,239,2,118.769,0.46,0,0,0.12,19.8,0.984,2.375,0,13.7322987962607,1.49464513747033
"5716",2005,239,3,109.9655,0.46,0,0,0.05,19.16,0.98875,1.96,0,13.7324494542042,1.49524820425442
"5717",2005,239,4,99.8235,0.483,0,0,0.05,18.665,0.99485,1.685,0,13.7325591874009,1.49584662140856
"5718",2005,239,5,88.696,34.086,10.34,12.095,4.355,18.08,0.99755,1.925,0,13.7508069607795,1.49643846862968
"5719",2005,239,6,77.449,283.682,101.38,128.855,36.22,19.115,0.9979,1.535,0,13.7254978710009,1.49703302991369
"5720",2005,239,7,66.05,651.038,244.78,312.225,75.755,21.21,0.9844,2.43,0,13.7246233797401,1.49764052051711
"5721",2005,239,8,54.9095,863.19,328.785,420.36,94.73,23.83,0.86865,3.82,0,13.7246087244492,1.49824896003459
"5722",2005,239,9,44.5895,1249.107,480.025,611.645,126.51,25.43,0.79915,3.375,0,13.7246085791358,1.4988415107991
"5723",2005,239,10,36.075,1192.389,461.125,591.71,123.415,26.63,0.74145,4.125,0,13.7246087925342,1.49941360556718
"5724",2005,239,11,31.051,1497.346,579.085,747.805,148.915,26.59,0.7281,6.225,0,13.7246086694812,1.49997507610861
"5725",2005,239,12,31.265,1729.508,670.875,865.065,166.02,27.005,0.59725,5.75,0,13.7246085779062,1.50053270946346
"5726",2005,239,13,36.6245,1664.924,649.105,840.35,166.505,27.52,0.5297,4.68,0,13.724608636272,1.50108025682069
"5727",2005,239,14,45.33,1438.535,556.48,722.79,153.145,28.055,0.47005,4.12,0,13.7246085543725,1.50161535107669
"5728",2005,239,15,55.7465,1103.425,419.125,544.865,126.02,28.48,0.44535,3.07,0,13.7246085490902,1.50213807041047
"5729",2005,239,16,66.9355,708.446,263.56,341.54,89.705,28.395,0.4056,2.625,0,13.7246085538834,1.5026561978614
"5730",2005,239,17,78.354,305.21,112.455,141.18,43.165,28.01,0.4749,1.025,0,13.7246085560696,1.50318065801823
"5731",2005,239,18,89.598,31.694,11.2,11.205,3.26,26.4,0.5149,0.36,0,13.7233143467656,1.5037291689973
"5732",2005,239,19,100.725,0.046,0,0,0,24.73,0.59515,1.32,0,13.71283652061,1.50430953144497
"5733",2005,239,20,110.83,0.138,0,0,0,22.99,0.66445,1.065,0,13.7142813604293,1.50491138161856
"5734",2005,239,21,119.559,0.046,0,0,0,20.185,0.81955,1.15,0,13.7144358509434,1.50552286523284
"5735",2005,239,22,126.149,0.253,0,0,0,20.395,0.77405,2.19,0,13.7145905033076,1.50613287746382
"5736",2005,239,23,129.709,0.046,0,0,0,19.515,0.7995,1.805,0,13.7147662629074,1.50674109086239
"5737",2005,240,0,129.58,0.092,0,0,0,18.905,0.8212,1.965,0,13.7149450616025,1.50734420892721
"5738",2005,240,1,125.7875,0,0,0,0,17.915,0.86045,1,0,13.7151197671975,1.50793956898078
"5739",2005,240,2,119.0255,0,0,0,0.015,16.92,0.89025,1.62,0,13.7152750491521,1.50852241882164
"5740",2005,240,3,110.1855,0.023,0,0,0.02,16.005,0.9171,0.43,0,13.7154048242432,1.50909021247073
"5741",2005,240,4,100.0165,0.092,0,0,0,15.89,0.9261,0.335,0,13.7155004574871,1.50964877542521
"5742",2005,240,5,88.8615,34.707,10.405,10.9,4.07,15.375,0.94965,1.395,0,13.7345581142859,1.51020013636704
"5743",2005,240,6,77.6155,314.272,113.205,144.485,41.105,16.045,0.94775,2.03,0,13.7110126229951,1.51075325396771
"5744",2005,240,7,66.2195,739.036,278.19,356.12,89.73,19.97,0.94205,2.15,0,13.7101860607469,1.51134246249457
"5745",2005,240,8,55.095,1126.218,430.48,555.975,124.955,23.945,0.85105,3.28,0,13.7101721638728,1.51195284010849
"5746",2005,240,9,44.8115,1394.03,541.365,697.99,144.075,26.23,0.68475,2.845,0,13.7101720396118,1.51254076467469
"5747",2005,240,10,36.349,1696.204,665.525,855.62,166.975,27.89,0.56465,2.66,0,13.710172209912,1.5130939777183
"5748",2005,240,11,31.384,1736.638,681.345,873.555,165.55,29.305,0.46755,2.155,0,13.7101719854918,1.51360877805142
"5749",2005,240,12,31.623,1755.153,684.64,881.745,168.845,29.64,0.44335,2.47,0,13.7101720041572,1.51409750036854
"5750",2005,240,13,36.967,1653.102,639.16,825.555,163.55,29.97,0.42435,2.675,0,13.710172046719,1.51457532007992
"5751",2005,240,14,45.6445,1319.74,504.145,651.135,135.855,30.65,0.3496,2.255,0,13.7101721607165,1.51503559483536
"5752",2005,240,15,56.0385,913.514,346.115,443.61,99.59,30.69,0.37435,1.595,0,13.7101720701743,1.51548281051172
"5753",2005,240,16,67.2175,467.337,179.16,224.455,52.64,30.02,0.4046,1.43,0,13.7101720069385,1.51594147591371
"5754",2005,240,17,78.632,286.074,106.315,133.33,39.13,29.56,0.4629,1.17,0,13.710172001789,1.51641977923115
"5755",2005,240,18,89.908,16.054,4.33,3.76,0.19,28.255,0.50755,1.55,0,13.6971416882531,1.51692631510714
"5756",2005,240,19,101.0255,0,0,0,0,26.065,0.6022,2.915,0,13.6724489427348,1.51747976764031
"5757",2005,240,20,111.148,0.023,0,0,0,23.895,0.73045,3.06,0,13.673136860812,1.51807361386393
"5758",2005,240,21,119.898,0.069,0,0,0.025,22.36,0.76545,3.475,0,13.673270675831,1.51868596960133
"5759",2005,240,22,126.506,0.115,0,0,0.01,21.405,0.82265,3.59,0,13.6734223285092,1.51930326001607
"5760",2005,240,23,130.0685,0.115,0,0,0.005,20.44,0.89355,2.765,0,13.6735955683582,1.51992018728241
"5761",2005,241,0,129.9185,0.069,0,0,0,19.615,0.93145,1.485,0,13.6737768551852,1.52053377181065
"5762",2005,241,1,126.0905,0.207,0,0,0,19.055,0.9601,0.665,0,13.6739549895948,1.52114282053047
"5763",2005,241,2,119.2855,0.276,0,0,0.16,18.23,0.97605,1.545,0,13.6741239652868,1.52174554669016
"5764",2005,241,3,110.4065,0.46,0,0,0.005,17.82,0.98355,1.845,0,13.6742691010619,1.52234136553764
"5765",2005,241,4,100.21,0.46,0,0,0.08,18.245,0.97785,2.255,0,13.6743791595909,1.52293726002047
"5766",2005,241,5,89.026,38.41,11.575,14.045,5.84,18.345,0.97865,2.035,0,13.6984165699741,1.52353486824985
"5767",2005,241,6,77.7805,272.55,96.765,124.05,36.73,18.635,0.9677,2.465,0,13.6822383406512,1.52413415744523
"5768",2005,241,7,66.391,339.204,129.965,168.375,40.575,18.725,0.98655,2.745,0,13.6816493205029,1.52473642537649
"5769",2005,241,8,55.2845,492.131,194.635,249.4,57.345,19.545,0.99055,2.095,0,13.6816393723532,1.52534286148969
"5770",2005,241,9,45.033,1184.316,461.715,587.35,121.41,22.465,0.89435,0.79,0,13.6816394885995,1.52595780834446
"5771",2005,241,10,36.6255,1618.556,629.425,805.82,155.31,25.365,0.715,2.18,0,13.6816392444029,1.5265621016365
"5772",2005,241,11,31.7205,1767.067,691.16,886.04,166.69,27.69,0.5227,2.725,0,13.6816392803154,1.52712910811588
"5773",2005,241,12,31.9835,1765.112,690.075,884.95,169.45,28.695,0.4439,2.92,0,13.6816393861201,1.52765818811621
"5774",2005,241,13,37.312,1378.988,538.36,688.71,138.545,29.06,0.45975,2.49,0,13.6816397298087,1.52816810211133
"5775",2005,241,14,45.9615,1285.562,500.01,636.93,133.62,29.75,0.4098,1.58,0,13.6816392780502,1.52866169830924
"5776",2005,241,15,56.3355,1092.385,423.29,538.88,121.94,30.47,0.39915,0.985,0,13.6816393110032,1.52913167043818
"5777",2005,241,16,67.503,638.986,246.175,314.98,79.875,29.38,0.50565,1.465,0,13.6816393413085,1.5296079279168
"5778",2005,241,17,78.9125,183.011,70.995,88.415,21.065,28.345,0.5615,0.965,0,13.6816392648177,1.53011811824943
"5779",2005,241,18,90.18,16.514,5.985,6.73,2.125,26.87,0.5381,2.22,0,13.6628662508432,1.53066292581224
"5780",2005,241,19,101.329,0.115,0,0,0.02,24.04,0.66645,2.765,0,13.6428208034418,1.53125164821387
"5781",2005,241,20,111.469,0.046,0,0,0.11,22.31,0.6834,3.27,0,13.643453667782,1.53186718681293
"5782",2005,241,21,120.2395,0.253,0,0,0,21.885,0.6904,2.86,0,13.6435900971294,1.53248778177097
"5783",2005,241,22,126.8655,0.115,0,0,0.07,21.375,0.70505,3.375,0,13.6437470987395,1.53310898604034
"5784",2005,241,23,130.43,0.069,0,0,0.095,19.585,0.76215,3.42,0,13.6439190340304,1.53372782914357
"5785",2005,242,0,130.261,0.115,0,0,0.075,18.155,0.83255,3.36,0,13.6440999163194,1.53433613338861
"5786",2005,242,1,126.393,0.345,0,0,0,18.265,0.8557,2.765,0,13.6442837614685,1.5349376926044
"5787",2005,242,2,119.545,0.391,0,0,0,18.31,0.88415,3,0,13.6444599984291,1.53554013392498
"5788",2005,242,3,110.629,0.46,0,0,0.005,18.21,0.9478,2.59,0,13.644609048717,1.53614223768677
"5789",2005,242,4,100.4035,0.46,0,0,0.125,18.355,0.9672,3.4,0,13.6447195939655,1.53674458480924
"5790",2005,242,5,89.2295,15.686,5.225,5.05,1.56,18.295,0.9029,4.245,0,13.6454116679487,1.5373473741788
"5791",2005,242,6,77.9485,139.84,53.995,65.565,14.815,19.4,0.76505,3.95,0,13.5989155269198,1.53795813701552
"5792",2005,242,7,66.564,216.913,82.285,102.525,24,20.02,0.71745,5.6,0,13.5965740718189,1.53857885668364
"5793",2005,242,8,55.4735,416.139,157.13,199.57,46.62,20.435,0.7351,6.94,0,13.5965339299117,1.53920267604707
"5794",2005,242,9,45.2575,635.835,240.75,306.285,69.48,21.77,0.672,7.155,0,13.5965333684268,1.53982897056847
"5795",2005,242,10,36.905,811.647,308.24,393.935,88.77,22.98,0.62745,7.92,0,13.5965334267155,1.54045415004175
"5796",2005,242,11,32.057,794.098,299.66,383.365,85.49,23.605,0.6044,7.155,0,13.5965336306537,1.54107480650799
"5797",2005,242,12,32.348,553.61,208.67,266.13,60.69,23.9,0.58895,6.495,0,13.5965335117815,1.54169191688168
"5798",2005,242,13,37.66,323.104,117.78,148.305,33.855,23.815,0.6014,6.41,0,13.5965334009372,1.54230810212331
"5799",2005,242,14,46.281,275.678,101.3,126.46,29.12,23.95,0.62245,4.885,0,13.5965334558777,1.54292405565195
"5800",2005,242,15,56.6355,315.675,119.03,148.8,34.43,24.595,0.61485,4.24,0,13.5965335818469,1.54353603286031
"5801",2005,242,16,67.79,183.379,69.015,86.055,20.62,24.545,0.5601,5.945,0,13.5965333937142,1.54414468619377
"5802",2005,242,17,79.1965,65.734,24.185,28.225,7.685,23.675,0.5935,5.515,0,13.5965333363021,1.54475830980122
"5803",2005,242,18,90.4955,7.751,2.35,1.845,1.64,22.585,0.64005,4.455,0,13.5336732687606,1.54538354994641
"5804",2005,242,19,101.633,0,0,0,0.225,21.16,0.73775,3.2,0,13.529812111846,1.54601735362914
"5805",2005,242,20,111.793,0.046,0,0,0.16,20.43,0.7827,3.195,0,13.5300537053944,1.54665092979536
"5806",2005,242,21,120.584,0.184,0,0,0.06,19.805,0.80065,3.09,0,13.530180420546,1.54728184532727
"5807",2005,242,22,127.228,0.046,0,0,0.175,18.79,0.8513,2.57,0,13.5303350870862,1.54790716993969
"5808",2005,242,23,130.797,0.299,0,0,0.075,18.04,0.8914,2.555,0,13.530511676221,1.54852394997668
"5809",2005,243,0,130.605,0.184,0,0,0.1,17.46,0.9116,2.685,0,13.5307027118965,1.54913245900581
"5810",2005,243,1,126.696,0.414,0,0,0.015,16.51,0.9408,2.88,0,13.5308917757281,1.54972946754061
"5811",2005,243,2,119.804,0.46,0,0,0,16.1,0.9562,2.475,0,13.5310724052825,1.55031478276692
"5812",2005,243,3,110.8515,0.46,0,0,0,15.735,0.9654,2.685,0,13.5312238782003,1.55089269944385
"5813",2005,243,4,100.596,0.46,0,0,0.005,15.495,0.96775,2.395,0,13.5313341786641,1.55146451202591
"5814",2005,243,5,89.395,34.385,13.205,15.715,4.655,15.41,0.9689,2.045,0,13.5543381491453,1.55203174368322
"5815",2005,243,6,78.1165,260.176,96.78,123.7,33.25,16.62,0.92815,2.5,0,13.5352369746227,1.55260995909847
"5816",2005,243,7,66.736,702.213,264.31,341.57,85.345,18.325,0.8608,3.15,0,13.5344330836217,1.55321373610579
"5817",2005,243,8,55.6645,982.514,372.295,481.9,108.695,20.735,0.79965,2.88,0,13.5344192095196,1.55383966873358
"5818",2005,243,9,45.485,1430.416,549.405,712.07,146.685,22.885,0.68475,3.835,0,13.5344190779225,1.55447283248844
"5819",2005,243,10,37.1865,1576.926,615.26,798.535,159.025,24.1,0.57455,4.4,0,13.5344193114571,1.55509897810448
"5820",2005,243,11,32.399,1686.889,659.835,858.105,169.24,24.715,0.52415,4.15,0,13.5344191346035,1.55571649647284
"5821",2005,243,12,32.714,1736.96,682.945,886.655,174.285,25.26,0.4937,4.62,0,13.5344191667265,1.55632668088539
"5822",2005,243,13,38.0105,1189.675,460.245,595.43,122.045,25.335,0.4904,3.96,0,13.5344190392506,1.55693242034996
"5823",2005,243,14,46.603,924.508,354.025,456.17,98.275,25.485,0.48165,3.675,0,13.5344190512608,1.55753642709345
"5824",2005,243,15,56.9365,905.556,342.375,445.195,105.18,25.865,0.4683,3.71,0,13.5344190706536,1.55813612960554
"5825",2005,243,16,68.0815,695.474,258.015,340.81,91.6,25.975,0.4683,4.275,0,13.5344190904025,1.55873163417251
"5826",2005,243,17,79.4835,273.93,96.63,125.615,41,24.82,0.52815,2.76,0,13.5344190324889,1.55933560839723
"5827",2005,243,18,90.775,22.471,6.95,6.86,2.955,23.115,0.5901,2.13,0,13.527976375433,1.55995772376757
"5828",2005,243,19,101.94,0,0,0,0,21.69,0.63495,1.935,0,13.5118785338526,1.56059157160273
"5829",2005,243,20,112.119,0,0,0,0,20.135,0.70145,1.975,0,13.5127777081186,1.56122714741311
"5830",2005,243,21,120.931,0,0,0,0,19.065,0.7465,0.76,0,13.512914214687,1.56185672717084
"5831",2005,243,22,127.594,0,0,0,0,17.66,0.815,0.38,0,13.5130622511303,1.562474637359
"5832",2005,243,23,131.163,0,0,0,0,16.935,0.854,1.385,0,13.5132295432733,1.56307850771667
"5833",2005,244,0,130.9495,0,0,0,0,16.08,0.8807,1.275,0,13.513404683988,1.56366928548521
"5834",2005,244,1,127.002,0,0,0,0,16.13,0.8863,1.2,0,13.5135776077143,1.56425270371747
"5835",2005,244,2,120.063,0.023,0,0,0,15.975,0.9032,1.405,0,13.5137345046001,1.56483509244477
"5836",2005,244,3,111.072,0.092,0,0,0,16.805,0.89445,1.845,0,13.513866960595,1.56542370784729
"5837",2005,244,4,100.79,0.046,0,0,0,17.57,0.86325,2.115,0,13.5139642164202,1.56602579554196
"5838",2005,244,5,89.5625,25.07,7.84,8.105,2.04,17.21,0.8877,2.615,0,13.5198122127931,1.56663070731688
"5839",2005,244,6,78.2845,249.366,92.97,118.025,33.11,17.905,0.87945,3,0,13.4890257181987,1.56723936819598
"5840",2005,244,7,66.9105,637.33,237.54,307.29,79.5,21.07,0.7527,4.755,0,13.4876346424126,1.56786952393099
"5841",2005,244,8,55.8585,996.521,378.31,486.6,111.85,22.58,0.73325,3.76,0,13.4876104101939,1.5685083638369
"5842",2005,244,9,45.7135,1393.915,539.765,691.685,143.725,23.955,0.70715,4.415,0,13.4876101039946,1.56914136490871
"5843",2005,244,10,37.471,1635.162,646.96,829.035,162.395,25.625,0.59715,5.57,0,13.4876102465634,1.56975892319119
"5844",2005,244,11,32.7415,1752.83,696.98,895.785,171.045,26.55,0.496,5.81,0,13.4876107949263,1.5703562233914
"5845",2005,244,12,33.083,1744.734,689.69,887.485,171.135,26.99,0.46615,5.51,0,13.4876101055498,1.57093994985044
"5846",2005,244,13,38.365,1614.508,631.52,812.04,163,27.685,0.42135,4.98,0,13.4876101612627,1.57151071364214
"5847",2005,244,14,46.9295,1381.817,533.745,685.685,147.695,28.335,0.3412,4.7,0,13.4876103192273,1.57206437398378
"5848",2005,244,15,57.242,1060.116,401.135,518.87,124.035,28.56,0.29515,5.6,0,13.4876101313907,1.57260590171218
"5849",2005,244,16,68.375,660.606,244.55,317.555,86.735,28.355,0.28155,4.54,0,13.4876101594444,1.57314714226192
"5850",2005,244,17,79.7725,261.073,93.505,119.795,39.29,26.55,0.3532,2.75,0,13.4876100938299,1.57371461547498
"5851",2005,244,18,91.0955,19.527,5.855,5.805,2.27,24.395,0.40655,2.6,0,13.4789342655746,1.5743223623085
"5852",2005,244,19,102.2485,0,0,0,0.005,21.585,0.45415,2.8,0,13.4637871535999,1.57495795399727
"5853",2005,244,20,112.4465,0.023,0,0,0,20.38,0.5309,1.735,0,13.4646135915595,1.57559924760713
"5854",2005,244,21,121.2815,0,0,0,0,19.005,0.6121,1.835,0,13.4647486363923,1.57623473043134
"5855",2005,244,22,127.96,0.023,0,0,0,18.71,0.61175,2.17,0,13.46489717915,1.57686350724353
"5856",2005,244,23,131.533,0.069,0,0,0,16.335,0.73875,1.475,0,13.4650669026922,1.57747515749812
"5857",2005,245,0,131.297,0.046,0,0,0,14.895,0.8044,1.17,0,13.4652460253846,1.57805344631681
"5858",2005,245,1,127.3085,0,0,0,0,14.265,0.8346,1.05,0,13.4654205189789,1.57860862962227
"5859",2005,245,2,120.3245,0.046,0,0,0,14.205,0.83925,1.42,0,13.4655779150498,1.5791553392307
"5860",2005,245,3,111.2935,0.069,0,0,0,13.31,0.8522,1.1,0,13.4657114613787,1.57968957156082
"5861",2005,245,4,100.9835,0.115,0,0,0,13.46,0.82795,1.655,0,13.4658092803959,1.58021377542071
"5862",2005,245,5,89.767,36.547,11.95,13.29,4.57,13.575,0.81605,1.775,0,13.49384799932,1.58074032548012
"5863",2005,245,6,78.4535,323.196,115.16,142.82,42.655,15.19,0.81975,1.845,0,13.4797309109408,1.58128834866694
"5864",2005,245,7,67.0855,708.791,266.92,340.555,87.4,19.295,0.7264,3.13,0,13.4790820045183,1.58189268318545
"5865",2005,245,8,56.051,1089.68888888889,421.06,540.325,122.255,22.565,0.59875,3.045,0,13.4790706616564,1.58253074224231
"5866",2005,245,9,45.9455,1418.594,554.725,711.275,145.895,25.48,0.47045,3.59,0,13.4790706942202,1.58315716110494
"5867",2005,245,10,37.757,1655.839,652.915,838.715,162.715,27.35,0.385,5.745,0,13.4790705069577,1.58374855617235
"5868",2005,245,11,33.0865,1748.897,689.705,887.545,168.16,28.31,0.34505,6.555,0,13.4790705312484,1.58430773919488
"5869",2005,245,12,33.454,1750.714,687.62,888.04,171.38,28.86,0.32465,7.02,0,13.4790705934506,1.58484601829294
"5870",2005,245,13,38.721,1594.751,617.805,800.84,161.445,29.27,0.32275,6.525,0,13.4790707878611,1.5853696429422
"5871",2005,245,14,47.26,1349.226,514.885,667.675,143.92,29.715,0.31425,5.55,0,13.479070588985,1.58587931783145
"5872",2005,245,15,57.5515,1024.926,382.045,496.735,118.375,29.86,0.2965,5.57,0,13.4790706599364,1.58637892264799
"5873",2005,245,16,68.67,623.852,227.625,295.335,80.96,29.285,0.3133,4.765,0,13.479070533974,1.58688587153821
"5874",2005,245,17,80.0635,238.142,84.24,107.025,34.725,27.515,0.40045,2.88,0,13.4790705360694,1.58742901065072
"5875",2005,245,18,91.3795,13.892,3.405,3.36,1.18,25.11,0.44475,3.23,0,13.4652214985435,1.58802275832915
"5876",2005,245,19,102.562,0,0,0,0.04,22.855,0.47875,3.06,0,13.4513375391236,1.58865243799866
"5877",2005,245,20,112.776,0,0,0,0.02,20.325,0.55975,2.56,0,13.4520500568964,1.58929481927137
"5878",2005,245,21,121.632,0,0,0,0,18.89,0.60675,1.805,0,13.4521820665465,1.58993106775645
"5879",2005,245,22,128.3295,0.046,0,0,0,16.795,0.6916,1.24,0,13.4523310517569,1.59054873062343
"5880",2005,245,23,131.904,0.046,0,0,0,16.145,0.7086,1.925,0,13.4525012837755,1.59114523139172
"5881",2005,246,0,131.647,0,0,0,0,14.02,0.8037,1.425,0,13.452679366162,1.59171286679032
"5882",2005,246,1,127.614,0,0,0,0.02,13.83,0.81395,1.33,0,13.4528514687165,1.59225281202084
"5883",2005,246,2,120.586,0.138,0,0,0.02,13.695,0.82175,2.265,0,13.4530108264218,1.5927884526082
"5884",2005,246,3,111.5165,0.161,0,0,0.025,13.555,0.82095,2.475,0,13.4531484491848,1.59332038730041
"5885",2005,246,4,101.179,0.092,0,0,0.08,12.81,0.81675,2.84,0,13.4532483974008,1.59383999191951
"5886",2005,246,5,89.9365,34.983,10.42,11.865,4.775,11.49,0.87005,2.005,0,13.4794704486684,1.59432761610501
"5887",2005,246,6,78.6225,337.387,119.145,147.975,45.19,13.115,0.84525,1.375,0,13.4638994990541,1.5948193927678
"5888",2005,246,7,67.262,725.834,277.33,351.985,90.22,17.205,0.72995,1.85,0,13.4631627781982,1.59538609432059
"5889",2005,246,8,56.2495,1109.75,431.41,549.49,123.365,21.35,0.5918,2.095,0,13.4631498490548,1.59601628538447
"5890",2005,246,9,46.1785,1428.691,562.47,719.895,147.51,23.75,0.45675,2.93,0,13.4631497411532,1.59665534252189
"5891",2005,246,10,38.047,1625.272,656.765,838.08,161.515,24.95,0.41365,3.13,0,13.4631498281637,1.59728119792656
"5892",2005,246,11,33.4345,1735.097,698.855,894.225,168.385,25.965,0.35695,3.91,0,13.4631496913352,1.59789195766246
"5893",2005,246,12,33.8285,1740.387,691.885,885.41,168.1,27.035,0.32875,3.47,0,13.4631497403189,1.59848369661262
"5894",2005,246,13,39.0815,1610.161,634.235,814.58,161.155,27.67,0.30825,3.27,0,13.4631498884976,1.5990565617247
"5895",2005,246,14,47.592,1368.201,529.315,681.315,144.645,28.16,0.30035,3.71,0,13.4631498170441,1.5996151795316
"5896",2005,246,15,57.86,1034.678,391.3,504.51,118.79,28.295,0.30075,3.69,0,13.4631496990063,1.60016530413971
"5897",2005,246,16,68.9705,638.411,235.86,303.435,82.515,28.07,0.31575,3.49,0,13.4631497060171,1.60071667831916
"5898",2005,246,17,80.3555,241.04,86.795,109.51,35.75,27,0.3774,2.415,0,13.4631496951762,1.60128492796549
"5899",2005,246,18,91.7045,16.054,4.815,4.28,1.785,25.185,0.4243,2.525,0,13.4512420775844,1.60188488811046
"5900",2005,246,19,102.8765,0.023,0,0,0,23.445,0.4579,2.295,0,13.4373081430132,1.60251291569303
"5901",2005,246,20,113.109,0,0,0,0,22.005,0.50595,2.53,0,13.4380608166291,1.60315461209029
"5902",2005,246,21,121.988,0,0,0,0,20.185,0.56535,2.74,0,13.4381936040128,1.60379869887345
"5903",2005,246,22,128.7015,0,0,0,0,18.835,0.6006,3.265,0,13.4383415606498,1.60443578510976
"5904",2005,246,23,132.278,0,0,0,0,17.49,0.66945,3.195,0,13.4385089796869,1.60505943365598
"5905",2005,247,0,131.9965,0,0,0,0,16.965,0.70125,3.075,0,13.4386851906694,1.60567018662271
"5906",2005,247,1,127.9225,0.046,0,0,0,15.445,0.76655,1.455,0,13.438858960147,1.60626289383311
"5907",2005,247,2,120.8475,0.069,0,0,0,15.63,0.76485,2.73,0,13.4390189854927,1.60684244310299
"5908",2005,247,3,111.7395,0.092,0,0,0,14.725,0.79605,3.1,0,13.4391532169205,1.60741402304873
"5909",2005,247,4,101.372,0.046,0,0,0,14.375,0.82685,2.17,0,13.4392512013811,1.60797102316294
"5910",2005,247,5,90.103,29.624,9.42,10.105,3.38,13.57,0.85525,1.705,0,13.4544186044871,1.60851268966062
"5911",2005,247,6,78.793,288.581,104.775,129.89,39.05,14.895,0.82235,0.92,0,13.4329486378541,1.60906119060951
"5912",2005,247,7,67.4395,672.566,250.49,322.645,83.975,17.79,0.7587,2.71,0,13.4318639087171,1.60965629685446
"5913",2005,247,8,56.4475,1054.366,402.37,514.81,116.96,21.385,0.64275,1.59,0,13.4318447413266,1.61029294703557
"5914",2005,247,9,46.4155,1369.903,529.355,677.77,140.52,24.32,0.50325,2.665,0,13.4318444781864,1.61093354136918
"5915",2005,247,10,38.3395,1602.709,626.525,799.81,156.035,26.12,0.3985,3.085,0,13.4318445452597,1.61155091722012
"5916",2005,247,11,33.7845,1709.176,672.81,857.9,161.925,27.53,0.3615,2.14,0,13.4318447827452,1.61213878864907
"5917",2005,247,12,34.205,1696.411,669.69,850.73,159.97,28.865,0.32235,1.5,0,13.4318445794385,1.6126924009994
"5918",2005,247,13,39.443,1562.091,613.98,777.965,150.005,29.61,0.29315,1.12,0,13.4318446517592,1.61321467456641
"5919",2005,247,14,47.9265,1324.179,513.22,651.12,135.39,29.985,0.29885,1.35,0,13.4318445073184,1.61371800223123
"5920",2005,247,15,58.1735,976.212,371.2,473.005,109.03,30.05,0.31025,1.59,0,13.4318445383267,1.61421349005197
"5921",2005,247,16,69.2715,523.342,200.25,249.585,62.06,30.19,0.30805,0.715,0,13.43184457447,1.61470523424364
"5922",2005,247,17,80.6515,179.584,65.375,80.8,24.045,28.62,0.36335,2.1,0,13.4318444961926,1.61522160498631
"5923",2005,247,18,91.993,10.833,2.765,2.55,0.785,26.075,0.44365,3.325,0,13.4118260269583,1.61579757183766
"5924",2005,247,19,103.192,0.092,0,0,0,23.665,0.52945,3.345,0,13.4016395316858,1.61642218143006
"5925",2005,247,20,113.4425,0,0,0,0.005,21.325,0.63745,3.89,0,13.4022536051711,1.61706821885997
"5926",2005,247,21,122.3435,0,0,0,0,19.8,0.7144,2.695,0,13.4023833117782,1.61771500555925
"5927",2005,247,22,129.076,0,0,0,0,18.97,0.757,2.3,0,13.402531313552,1.61835516862329
"5928",2005,247,23,132.6545,0,0,0,0,18.48,0.7718,2.175,0,13.4026988553169,1.61898928585619
"5929",2005,248,0,132.3495,0,0,0,0,17.945,0.7934,1.76,0,13.4028753141786,1.61961755529477
"5930",2005,248,1,128.231,0,0,0,0,17.275,0.8231,1.615,0,13.403048084927,1.62023774419098
"5931",2005,248,2,121.108,0,0,0,0,16.97,0.8342,1.825,0,13.4032055635868,1.62085053544003
"5932",2005,248,3,111.9605,0.023,0,0,0,16.85,0.83925,1.82,0,13.4033369059881,1.62145982755058
"5933",2005,248,4,101.5675,0,0,0,0,16.7,0.8454,2.05,0,13.4034329204361,1.62206680635916
"5934",2005,248,5,90.2705,22.609,7.345,7,2.035,15.925,0.8664,2.92,0,13.4070722705896,1.62266517063627
"5935",2005,248,6,78.965,247.71,89.465,112.615,33.405,16.325,0.86965,2.575,0,13.3808590127204,1.62326113490081
"5936",2005,248,7,67.618,611.179,231.15,296.86,78.7,19.725,0.77335,2.865,0,13.3794301247028,1.62388773803121
"5937",2005,248,8,56.646,718.543,271.78,346.7,81.21,22.085,0.65735,3.335,0,13.3794046330991,1.62453748810024
"5938",2005,248,9,46.6525,610.121,238.18,300.3,65.105,22.77,0.61475,3.15,0,13.3794042971034,1.62518704854851
"5939",2005,248,10,38.6335,1244.254,483.21,614.57,126.16,24.545,0.5465,2.845,0,13.3794044063181,1.62582856346544
"5940",2005,248,11,34.138,1670.49,652.015,834.035,162.315,26.66,0.45965,3.29,0,13.3794048207445,1.62644503974179
"5941",2005,248,12,34.582,1661.635,646.815,830.385,162.74,27.34,0.43245,3.74,0,13.379404317032,1.62703444348008
"5942",2005,248,13,39.8055,1533.157,593.945,761.36,153.775,27.975,0.4181,2.975,0,13.3794043958305,1.62760782162694
"5943",2005,248,14,48.265,1285.677,492.875,632.505,136.58,28.47,0.4049,2.93,0,13.3794046277124,1.62816591073757
"5944",2005,248,15,58.4895,958.042,360.99,464.525,110.795,28.555,0.4043,3.25,0,13.3794043152177,1.62871562503616
"5945",2005,248,16,69.575,558.44,207.12,266.635,73.515,28.15,0.42585,3.715,0,13.3794043318708,1.62927000198941
"5946",2005,248,17,80.9485,193.43,69.965,88.335,29.055,26.87,0.482,3.265,0,13.3794042693723,1.62984691573962
"5947",2005,248,18,92.3225,9.798,2.065,1.83,0.755,23.855,0.613,3.135,0,13.3609984569678,1.63046744922762
"5948",2005,248,19,103.5105,0,0,0,0,21.675,0.69855,2.73,0,13.3521155459288,1.63111725209364
"5949",2005,248,20,113.7805,0,0,0,0,20.755,0.7241,2.89,0,13.3527485384424,1.63177117873575
"5950",2005,248,21,122.7015,0,0,0,0,20.135,0.74095,3.11,0,13.352878493537,1.63242312976728
"5951",2005,248,22,129.4535,0.046,0,0,0,19.185,0.77185,2.77,0,13.3530275922416,1.63307059882585
"5952",2005,248,23,133.032,0.207,0,0,0,18.4,0.79655,2.54,0,13.3532019533564,1.63371056582236
"5953",2005,249,0,132.7015,0.023,0,0,0,18.225,0.79365,1.985,0,13.353386253468,1.63434525005371
"5954",2005,249,1,128.5415,0.023,0,0,0,17.34,0.84285,1.815,0,13.3535606187738,1.63497293179267
"5955",2005,249,2,121.3695,0.138,0,0,0,16.73,0.88155,2.415,0,13.3537220612255,1.6355892805097
"5956",2005,249,3,112.1835,0,0,0,0,16.05,0.893,2.135,0,13.3538570442033,1.6361942359957
"5957",2005,249,4,101.761,0.023,0,0,0,15.425,0.9082,1.43,0,13.353952880636,1.6367862681039
"5958",2005,249,5,90.479,25.599,9.07,9.38,3.2,15.41,0.908,1.855,0,13.3614189096085,1.6373711423607
"5959",2005,249,6,79.138,276.69,96.95,122.115,37.555,16.005,0.8811,1.605,0,13.3401037591951,1.63796285660725
"5960",2005,249,7,67.7985,664.516,248.375,319.73,85.195,18.815,0.8113,1.95,0,13.3388417222635,1.63858549022181
"5961",2005,249,8,56.8485,1043.533,401.06,514.095,119.56,22.1,0.6855,1.69,0,13.3388190133427,1.63923730553906
"5962",2005,249,9,46.8935,1354.24,532.485,679.125,142.02,24.89,0.5433,1.335,0,13.3388187260746,1.63988365391566
"5963",2005,249,10,38.932,1562.689,622.53,795.75,157.03,26.015,0.47035,1.82,0,13.3388188763998,1.64050730363102
"5964",2005,249,11,34.492,1654.183,663.285,847.22,163.025,27.015,0.4436,2.05,0,13.3388194594,1.64111120563052
"5965",2005,249,12,34.9625,1656.529,658.475,840.145,162.655,27.78,0.4161,2.04,0,13.3388187253669,1.64169497599253
"5966",2005,249,13,40.173,1522.554,601.925,767.38,152.95,28.63,0.4005,1.615,0,13.3388187798172,1.64225718457093
"5967",2005,249,14,48.605,1291.243,502.51,641.185,135.93,29.33,0.3688,1.29,0,13.3388189355367,1.64279599131116
"5968",2005,249,15,58.8095,954.086,366.455,466.595,108.78,29.63,0.3652,1.32,0,13.3388187576338,1.64331828849585
"5969",2005,249,16,69.88,538.499,207.095,261.43,70.465,29.74,0.3646,1.06,0,13.3388187943033,1.64383346669773
"5970",2005,249,17,81.2475,178.894,67.65,83.26,25.72,29.16,0.3887,1.46,0,13.3388187176755,1.64435674410028
"5971",2005,249,18,92.6535,8.671,2.03,1.665,0.375,27.14,0.46045,2.915,0,13.3190988706102,1.64492078741702
"5972",2005,249,19,103.8285,0.046,0,0,0.24,24.135,0.5888,3.87,0,13.3120133907434,1.6455422594976
"5973",2005,249,20,114.1165,0,0,0,0.06,21.115,0.7057,3.265,0,13.3126208961107,1.64619663490636
"5974",2005,249,21,123.0615,0,0,0,0,20.225,0.73845,2.92,0,13.3127502574533,1.64685356599654
"5975",2005,249,22,129.8305,0,0,0,0,19.785,0.7658,2.945,0,13.3128984617101,1.64750756398856
"5976",2005,249,23,133.412,0,0,0,0,19.055,0.8157,2.74,0,13.3130664036222,1.64815744676167
"5977",2005,250,0,133.057,0.023,0,0,0,18.3,0.85225,2.975,0,13.3132437315461,1.64880032933642
"5978",2005,250,1,128.8495,0.184,0,0,0,17.615,0.87985,2.39,0,13.3134220837575,1.64943451504979
"5979",2005,250,2,121.6315,0.115,0,0,0,17.34,0.89375,2.225,0,13.3135883688938,1.65006191164666
"5980",2005,250,3,112.4045,0.023,0,0,0,17.295,0.8968,2.175,0,13.3137232710705,1.65068684619474
"5981",2005,250,4,101.955,0.023,0,0,0,16.915,0.9123,1.95,0,13.3138197902319,1.65130834580268
"5982",2005,250,5,90.649,20.24,6.835,7.05,1.92,16.815,0.9079,1.57,0,13.315994167754,1.65192572161703
"5983",2005,250,6,79.3085,227.654,84.015,106.33,31.88,17.025,0.9093,1.465,0,13.2928152912235,1.65254506317509
"5984",2005,250,7,67.979,588.386,222.755,285.095,75.85,20.62,0.80105,1.875,0,13.2913238176082,1.65318971512579
"5985",2005,250,8,57.0525,972.187,371.115,475.54,111.205,24.59,0.66725,2.755,0,13.2912967278807,1.65384522189266
"5986",2005,250,9,47.136,1286.459,498.175,635.725,134.495,27.23,0.55985,3.265,0,13.291296358589,1.65446457604841
"5987",2005,250,10,39.229,1505.419,590.345,749.275,149.07,28.755,0.50365,2.79,0,13.2912964396384,1.65503673948154
"5988",2005,250,11,34.848,1626.859,652.08,830.28,166.795,29.555,0.4647,2.435,0,13.2912967397776,1.65557388385194
"5989",2005,250,12,35.3455,1611.104,641.695,813.165,161.975,30.155,0.4219,2.065,0,13.291296412767,1.65608678905756
"5990",2005,250,13,40.542,1089.786,419.1,528.35,106.995,30.305,0.4071,2.25,0,13.2912965595462,1.6565858027679
"5991",2005,250,14,48.9475,1133.44,443.51,563.59,124.145,30.835,0.388,2.035,0,13.2912964996185,1.65707153737308
"5992",2005,250,15,59.1285,761.99,291.79,376.5,89.91,30.67,0.39925,2.975,0,13.2912963698389,1.65754999583997
"5993",2005,250,16,70.189,433.849,164.98,211.02,56.54,29.825,0.4434,2.925,0,13.2912963760423,1.6580482060798
"5994",2005,250,17,81.547,149.983,57.56,72.235,21.72,28.835,0.4913,2.605,0,13.2912963695503,1.65857942511992
"5995",2005,250,18,92.9515,7.659,1.805,1.86,0.475,26.64,0.56225,2.69,0,13.2686205533043,1.65915908606527
"5996",2005,250,19,104.1505,0,0,0,0,24.52,0.628,2.165,0,13.2638329361154,1.65978718795177
"5997",2005,250,20,114.4575,0,0,0,0,23.525,0.656,2.085,0,13.2643827976889,1.66043748469459
"5998",2005,250,21,123.423,0,0,0,0,22,0.7182,2.525,0,13.2645109247758,1.66109726859635
"5999",2005,250,22,130.209,0,0,0,0,20.92,0.76445,2.92,0,13.2646592435733,1.66176045418357
"6000",2005,250,23,133.792,0,0,0,0,19.84,0.81875,2.135,0,13.2648276171442,1.66242115247803
"6001",2005,251,0,133.4125,0,0,0,0,19.58,0.83025,2.05,0,13.2650044300794,1.66307819369633
"6002",2005,251,1,129.157,0.023,0,0,0,19.035,0.85215,1.605,0,13.2651780062317,1.66373206489652
"6003",2005,251,2,121.8915,0.138,0,0,0,18.68,0.87195,1.965,0,13.2653399917604,1.6643817410214
"6004",2005,251,3,112.627,0.299,0,0,0,18.58,0.8763,1.655,0,13.2654802425472,1.66502900742093
"6005",2005,251,4,102.1495,0,0,0,0,18.36,0.8816,1.655,0,13.2655828087325,1.66567444483997
"6006",2005,251,5,90.8165,17.549,5.895,5.845,1.58,17.335,0.91675,1.55,0,13.2667510112931,1.66631173549711
"6007",2005,251,6,79.482,201.342,83.475,107.94,31.815,18.08,0.89385,0.905,0,13.2438984125377,1.66694818424404
"6008",2005,251,7,68.1615,437.092,165.975,207.785,51.305,20.47,0.83545,1.46,0,13.2422763909685,1.66760312976641
"6009",2005,251,8,57.2565,921.081,360.78,455.91,106.49,24.925,0.67165,1.785,0,13.2422466409976,1.66826247169935
"6010",2005,251,9,47.3805,1252.258,495.79,626.59,131.795,27.85,0.5602,1.725,0,13.2422462269503,1.66887684376815
"6011",2005,251,10,39.5315,1304.261,524.21,662.61,132.51,29.41,0.48,2.01,0,13.2422462953579,1.66943457377253
"6012",2005,251,11,35.2075,1522.991,611.49,774.465,155.895,30.22,0.44105,2.46,0,13.2422465440057,1.66995277439468
"6013",2005,251,12,35.7295,1184.638,466.035,587.73,119.32,30.535,0.41025,2.63,0,13.2422463156329,1.67044984572117
"6014",2005,251,13,40.913,850.057,323.86,402.93,82.495,30.725,0.38635,2.64,0,13.2422465155266,1.67093690633348
"6015",2005,251,14,49.292,1082.564,423.555,540.35,121.085,31.365,0.35485,3.325,0,13.2422462766331,1.67140675520707
"6016",2005,251,15,59.452,844.951,323.18,415.04,100.325,31.475,0.33295,3.65,0,13.2422462443697,1.67186048595158
"6017",2005,251,16,70.497,395.002,147.705,186.29,46.73,30.99,0.34225,2.98,0,13.2422462528184,1.67232235559527
"6018",2005,251,17,81.8485,77.625,28.58,33.89,7.865,27.94,0.49115,2.525,0,13.2422462367038,1.67285132561992
"6019",2005,251,18,93.286,2.875,0.475,0.365,0.295,26.34,0.5438,2.96,0,13.1969363572637,1.67345202679381
"6020",2005,251,19,104.4725,0,0,0,0,25.35,0.57835,0.64,0,13.1960306610195,1.67408268218011
"6021",2005,251,20,114.799,0,0,0,0.195,23.15,0.71355,3.275,0,13.1963106356787,1.67473648016039
"6022",2005,251,21,123.7855,0.046,0,0,0.015,22.155,0.7817,2.695,0,13.1964346004281,1.67540383863224
"6023",2005,251,22,130.5915,0.115,0,0,0.045,21.055,0.81965,2.4,0,13.1965871700486,1.6760738320237
"6024",2005,251,23,134.1755,0.023,0,0,0.015,20.65,0.8211,2.46,0,13.1967605212431,1.67674316758368
"6025",2005,252,0,133.769,0.115,0,0,0.005,20.28,0.863,1.98,0,13.1969415243773,1.67741119014855
"6026",2005,252,1,129.4675,0.23,0,0,0,19.185,0.9019,1.945,0,13.197124741359,1.67807496201765
"6027",2005,252,2,122.1545,0.092,0,0,0.005,18.635,0.92095,2.1,0,13.1972923139751,1.67873184177365
"6028",2005,252,3,112.8485,0.023,0,0,0.03,18.12,0.94245,2.315,0,13.1974267406526,1.6793828102033
"6029",2005,252,4,102.3445,0.161,0,0,0,17.405,0.95195,1.485,0,13.1975248552147,1.68002561135734
"6030",2005,252,5,91.0255,16.721,6.285,7.125,2.4,17.19,0.95385,1.365,0,13.1985070436224,1.68066138217092
"6031",2005,252,6,79.6555,190.21,75.24,95.155,26.705,17.84,0.94085,0.77,0,13.1770531516748,1.68130145444639
"6032",2005,252,7,68.345,518.374,206.03,263.515,68.27,20.7,0.87295,1.045,0,13.1753892893825,1.6819625050208
"6033",2005,252,8,57.463,877.45,352.98,449.705,105.335,24.425,0.72915,0.62,0,13.1753585009109,1.68263009796521
"6034",2005,252,9,47.6275,1134.038,451.51,567.345,119.945,26.41,0.6208,1.2,0,13.1753580700026,1.68326965639452
"6035",2005,252,10,39.835,1445.527,581.005,728.935,144.845,28.13,0.51885,1.405,0,13.1753581376644,1.68387099334964
"6036",2005,252,11,35.567,1572.395,625.365,788.54,152.65,29.34,0.4805,1.45,0,13.1753583836328,1.68443117880793
"6037",2005,252,12,36.1145,1603.905,637.67,804.925,158.3,30.255,0.45445,1.735,0,13.175358161522,1.68495515986447
"6038",2005,252,13,41.286,1489.388,592.35,750.49,153.64,30.98,0.4387,1.785,0,13.1753583248332,1.68544749278333
"6039",2005,252,14,49.6375,1091.994,431.085,546.15,117.88,31.285,0.41565,1.375,0,13.1753580827034,1.68591834040848
"6040",2005,252,15,59.7775,852.472,335.125,425.06,101.525,31.545,0.3989,1.43,0,13.1753580917455,1.68637681217503
"6041",2005,252,16,70.8085,429.824,168.97,210.965,55.725,31.5,0.39985,0.82,0,13.1753581021558,1.68683048357668
"6042",2005,252,17,82.1505,142.393,55.44,67.16,19.38,30.76,0.4106,1.32,0,13.1753580817491,1.68730134684938
"6043",2005,252,18,93.5865,5.543,1.215,0.93,0.085,28.745,0.48235,2.48,0,13.1542046989896,1.68782715763672
"6044",2005,252,19,104.799,0.023,0,0,0,26.3,0.57485,3.28,0,13.1530666649512,1.68842334659321
"6045",2005,252,20,115.1405,0,0,0,0,24.315,0.64565,3.525,0,13.1536025704657,1.68906674430834
"6046",2005,252,21,124.1515,0.023,0,0,0,23.155,0.7041,2.84,0,13.1537310662474,1.68973058894581
"6047",2005,252,22,130.976,0.069,0,0,0,21.93,0.7606,2.395,0,13.153882013395,1.69040249488561
"6048",2005,252,23,134.559,0,0,0,0,21.125,0.8006,2.08,0,13.1540532188746,1.69107675818955
"6049",2005,253,0,134.126,0,0,0,0,20.585,0.82615,1.69,0,13.1542302206125,1.69175022792211
"6050",2005,253,1,129.778,0,0,0,0,20.47,0.8298,1.99,0,13.1544042613074,1.69242266352363
"6051",2005,253,2,122.415,0.069,0,0,0.01,19.615,0.8608,2.985,0,13.1545633392922,1.69309261297694
"6052",2005,253,3,113.0705,0.115,0,0,0.035,19.425,0.869,2.515,0,13.1546991854611,1.69375909883319
"6053",2005,253,4,102.539,0.161,0,0,0,18.61,0.90805,1.315,0,13.1547992620345,1.69442105724738
"6054",2005,253,5,91.1965,17.135,5.815,5.84,2,19.52,0.88225,2.95,0,13.1558977358755,1.69508339129346
"6055",2005,253,6,79.83,205.114,78.21,99.38,29.345,19.065,0.90835,2.1,0,13.1373524970391,1.69574872887059
"6056",2005,253,7,68.5295,545.077,212.235,270.615,71.975,22.215,0.84705,2.075,0,13.1357797634626,1.69642163867212
"6057",2005,253,8,57.6735,921.311,359.97,458.595,108.475,25.615,0.72495,3.025,0,13.1357504096898,1.69708359487303
"6058",2005,253,9,47.8765,1230.362,485.605,617.705,133.465,28.1,0.59945,4.265,0,13.1357499981994,1.69769769079624
"6059",2005,253,10,40.14,1467.515,584.505,742.565,150.455,29.885,0.4527,3.57,0,13.1357500662652,1.69825236443203
"6060",2005,253,11,35.9285,1631.643,656.685,833.525,164.79,30.95,0.39655,2.76,0,13.135750314186,1.69875545623122
"6061",2005,253,12,36.502,1583.481,638.975,810.47,162.195,31.79,0.343,2.39,0,13.1357500881999,1.69921841811508
"6062",2005,253,13,41.6605,1478.693,596.36,757.495,157.16,32.305,0.31115,2.405,0,13.1357502757096,1.69965015688011
"6063",2005,253,14,49.9875,1260.745,503,640.195,141.17,32.625,0.29545,2.565,0,13.1357500241494,1.70006150040481
"6064",2005,253,15,60.104,847.389,336.14,428.06,104.37,32.505,0.2859,2.34,0,13.1357500560115,1.70046784014915
"6065",2005,253,16,71.1225,470.695,182.735,231.71,63.445,31.875,0.3136,2.96,0,13.1357501005609,1.70089267631512
"6066",2005,253,17,82.4545,136.965,51.15,63.335,19.86,30.085,0.4338,4.135,0,13.1357500137861,1.701372131564
"6067",2005,253,18,93.927,5.198,0.875,0.545,0.72,27.425,0.5943,4.62,0,13.1148176486318,1.70193461629929
"6068",2005,253,19,105.123,0,0,0,0.165,25.525,0.6741,4.325,0,13.1146215839222,1.70255957292106
"6069",2005,253,20,115.484,0.023,0,0,0.055,24.475,0.72845,4.175,0,13.115146991347,1.70321178646067
"6070",2005,253,21,124.5165,0,0,0,0.1,23.455,0.7641,3.63,0,13.1152753194445,1.70387703533817
"6071",2005,253,22,131.359,0.069,0,0,0,22.19,0.81775,2.94,0,13.1154256095483,1.70455121436029
"6072",2005,253,23,134.945,0,0,0,0,21.29,0.8486,2.725,0,13.1155970684255,1.70522900928465
"6073",2005,254,0,134.484,0.184,0,0,0,20.72,0.85845,2.785,0,13.1157791914635,1.70590649146099
"6074",2005,254,1,130.091,0.414,0,0,0,19.87,0.88075,2.655,0,13.1159691870496,1.70658145768235
"6075",2005,254,2,122.6765,0.207,0,0,0,19.355,0.90105,1.89,0,13.1161465656179,1.70725226430467
"6076",2005,254,3,113.2915,0.299,0,0,0,18.62,0.91895,2.145,0,13.1162893166702,1.70791756464243
"6077",2005,254,4,102.7345,0.46,0,0,0,18.61,0.9173,2.77,0,13.1163974088454,1.70857898258937
"6078",2005,254,5,91.368,14.283,4.855,4.74,1.51,18.62,0.9137,2.06,0,13.1169977026531,1.7092403678206
"6079",2005,254,6,80.0045,188.531,73.395,92.425,26.46,19.035,0.90435,2.005,0,13.0983151953843,1.7099048833549
"6080",2005,254,7,68.717,505.103,199.14,255.11,68.335,21.42,0.8259,2.545,0,13.0966002873366,1.71058042139361
"6081",2005,254,8,57.883,871.171,344,438.94,105.25,24.895,0.66445,3.405,0,13.0965680015539,1.71125241884612
"6082",2005,254,9,48.1275,1182.522,471.2,597.245,130.25,27.675,0.5441,3.01,0,13.0965675380647,1.71188218355423
"6083",2005,254,10,40.4485,1347.846,541.475,683.53,139.21,28.91,0.50035,2.745,0,13.0965675967915,1.71246235408238
"6084",2005,254,11,36.2945,1500.313,608.005,771.48,154.085,29.975,0.4371,3.29,0,13.0965678063286,1.71300502494094
"6085",2005,254,12,36.889,1536.446,616.735,784.875,158.825,30.795,0.37695,3.465,0,13.096567677211,1.71351227150232
"6086",2005,254,13,42.0365,1281.445,508.72,645.975,134.41,31.385,0.33065,3.51,0,13.0965675789279,1.71399019536175
"6087",2005,254,14,50.3375,909.144,354.705,446.805,97.155,31.69,0.3007,3.555,0,13.0965676550579,1.71444825067529
"6088",2005,254,15,60.432,737.058,291.6,369.76,89.21,31.34,0.3024,4.01,0,13.096567845912,1.71490732512793
"6089",2005,254,16,71.4385,405.628,162.575,205.64,56.62,31.16,0.31435,3.64,0,13.0965675613511,1.71537830466736
"6090",2005,254,17,82.759,115.598,45.095,54.19,15.145,29.875,0.3619,2.815,0,13.0965675557729,1.71588001423355
"6091",2005,254,18,94.23,4.324,0.83,0.58,0.3,26.74,0.4768,3.6,0,13.0725129025495,1.71645908681809
"6092",2005,254,19,105.4495,0.069,0,0,0,25,0.58555,3.935,0,13.0732002267009,1.71710000675609
"6093",2005,254,20,115.8285,0,0,0,0.035,24.135,0.64425,3.79,0,13.0736582670165,1.71776207286907
"6094",2005,254,21,124.8845,0,0,0,0.04,22.19,0.7159,3.24,0,13.0737848788807,1.71843761271819
"6095",2005,254,22,131.746,0,0,0,0,21.225,0.76265,3.115,0,13.0739341446464,1.71911931174989
"6096",2005,254,23,135.333,0.023,0,0,0,20.645,0.79325,3.345,0,13.074103628782,1.71980053607838
"6097",2005,255,0,134.8425,0.023,0,0,0,19.7,0.82695,2.745,0,13.0742820548088,1.72047873073283
"6098",2005,255,1,130.4,0.023,0,0,0,19.04,0.84915,2.64,0,13.0744580772271,1.72115142285746
"6099",2005,255,2,122.937,0.046,0,0,0,18.28,0.8772,2.485,0,13.074617953175,1.72181707516047
"6100",2005,255,3,113.5135,0.092,0,0,0,17.72,0.8875,2.455,0,13.0747525647042,1.7224745316708
"6101",2005,255,4,102.9285,0.368,0,0,0,17.01,0.9041,2.195,0,13.0748549812036,1.72312250926272
"6102",2005,255,5,91.5785,14.628,5.18,4.915,1.49,16.97,0.8948,2.34,0,13.075501988889,1.72376426485475
"6103",2005,255,6,80.1815,198.467,77.67,97.775,29.405,17.43,0.87705,2.07,0,13.0592979029912,1.72441024046147
"6104",2005,255,7,68.904,550.482,220.025,282.015,74.64,21.295,0.7695,2.685,0,13.05766045898,1.72508196807208
"6105",2005,255,8,58.0925,843.778,335.28,427.8,101.55,25.325,0.5744,4.315,0,13.0576293896781,1.72575566887321
"6106",2005,255,9,48.3805,1224.267,484.435,618.1,134.37,27.78,0.44075,5.95,0,13.0576289382475,1.72638336973067
"6107",2005,255,10,40.759,1368.638,544.815,693.67,144.415,28.915,0.3722,5.935,0,13.05762898979,1.72696500184251
"6108",2005,255,11,36.66,1532.651,611.575,780.895,159.475,29.175,0.3483,5.61,0,13.0576291698701,1.72752453671945
"6109",2005,255,12,37.279,1487.318,597.93,764.58,158.335,30.295,0.33405,5.15,0,13.0576291457607,1.72805944248485
"6110",2005,255,13,42.4135,1305.112,514.855,657.175,139.675,30.525,0.32365,4.855,0,13.0576289539337,1.72856850074017
"6111",2005,255,14,50.691,1113.177,437.915,560.5,126.13,30.915,0.31465,5.19,0,13.0576289687761,1.72906481087915
"6112",2005,255,15,60.763,707.526,274.12,348.19,82.465,31.285,0.30655,4.195,0,13.0576289984441,1.72954487732451
"6113",2005,255,16,71.754,407.56,159.29,200.645,54.565,30.985,0.3142,3.88,0,13.0576290413107,1.73002342116473
"6114",2005,255,17,83.063,124.223,46.545,56.69,17.835,29.24,0.37805,3.465,0,13.0576289602224,1.73054364444142
"6115",2005,255,18,94.573,2.99,0.435,0.14,0.045,26.43,0.46165,3.88,0,13.0358568796135,1.73113981553836
"6116",2005,255,19,105.7775,0.023,0,0,0,23.92,0.5413,4.135,0,13.0372998866638,1.73179533001463
"6117",2005,255,20,116.1745,0,0,0,0,23.095,0.5884,4.43,0,13.0377761484494,1.73247203456306
"6118",2005,255,21,125.252,0,0,0,0,22.01,0.6457,3.74,0,13.0379031101244,1.73315476793328
"6119",2005,255,22,132.1335,0,0,0,0,20.845,0.69515,3.65,0,13.0380524683045,1.73383975612273
"6120",2005,255,23,135.72,0,0,0,0,20.94,0.69815,4.45,0,13.0382215890116,1.73452421501885
"6121",2005,256,0,135.202,0,0,0,0.015,20.665,0.72435,3.695,0,13.0383988764386,1.73520840689888
"6122",2005,256,1,130.711,0.023,0,0,0,19.25,0.7883,3.24,0,13.0385740473561,1.73588842203908
"6123",2005,256,2,123.1985,0.023,0,0,0,18.66,0.82035,3.5,0,13.0387337008717,1.73656047730691
"6124",2005,256,3,113.7335,0,0,0,0,18.425,0.83835,3.085,0,13.0388662721128,1.73722805616049
"6125",2005,256,4,103.123,0,0,0,0,17.6,0.86725,2.52,0,13.0389621747509,1.73788878574062
"6126",2005,256,5,91.7495,15.111,6.085,5.835,2.195,17.51,0.8824,3.065,0,13.0396616585884,1.73854292193175
"6127",2005,256,6,80.3575,125.143,47.365,55.885,15.185,18.67,0.85255,3.13,0,13.0217512298586,1.73920531841311
"6128",2005,256,7,69.0925,521.64,201.16,256.3,68.055,21.515,0.74225,4.645,0,13.0196807268893,1.73988671918633
"6129",2005,256,8,58.307,914.963,353.61,451.305,106.125,24.635,0.5857,6.495,0,13.0196410556966,1.74056666912567
"6130",2005,256,9,48.636,1253.04,487.99,621.375,132.66,27.45,0.46575,7.085,0,13.0196405387114,1.7412078643219
"6131",2005,256,10,41.0715,1480.418,579.845,738.43,149.545,30.06,0.39495,7.48,0,13.0196406847648,1.7417784888278
"6132",2005,256,11,37.026,1592.221,624.705,797.83,160.615,31.175,0.3552,7.345,0,13.0196405100008,1.74228135664331
"6133",2005,256,12,37.67,1558.549,609.815,780.14,158.725,31.29,0.3447,6.685,0,13.0196404844425,1.74275800478884
"6134",2005,256,13,42.794,1436.35,557.125,714.77,151.665,30.7,0.3309,6.835,0,13.0196404922987,1.74324502914801
"6135",2005,256,14,51.044,968.438,375.09,476.545,106.95,29.615,0.32455,7.09,0,13.0196405021157,1.74376649188424
"6136",2005,256,15,61.095,558.187,212.475,269.09,63.41,31.575,0.3236,7.31,0,13.0196405181667,1.74426975878505
"6137",2005,256,16,72.072,228.827,88.405,106.95,24.16,30.82,0.3548,5.99,0,13.0196405401569,1.74474784839605
"6138",2005,256,17,83.3675,81.351,30.575,34.74,8.835,29.64,0.3953,5.315,0,13.0196404947833,1.74526640758382
"6139",2005,256,18,94.881,1.587,0.085,0,0.18,28.04,0.465,5.195,0,12.9857263359162,1.74583637186714
"6140",2005,256,19,106.1065,0,0,0,0.03,26.27,0.57655,2.785,0,12.9871897674661,1.74645626422649
"6141",2005,256,20,116.5205,0.023,0,0,0.015,24.83,0.6393,2.9,0,12.9874979644185,1.74711048344806
"6142",2005,256,21,125.6215,0,0,0,0,23.755,0.6806,2.015,0,12.9876224589937,1.7477834551365
"6143",2005,256,22,132.5215,0,0,0,0,23.135,0.7061,3.245,0,12.9877717141632,1.74846513087128
"6144",2005,256,23,136.109,0,0,0,0,23.455,0.70965,4.08,0,12.9879416206377,1.74914803442003
"6145",2005,257,0,135.564,0,0,0,0.23,22.955,0.742,3.84,0.34925,12.9881197502747,1.74983156381917
"6146",2005,257,1,131.023,0.207,0,0,0.47,20.77,0.9203,3.745,0.34925,12.988298931565,1.75052013210824
"6147",2005,257,2,123.4595,0.46,0,0,0.265,20.42,0.92915,3.32,0.34925,12.9884742450458,1.75120808409772
"6148",2005,257,3,113.956,0.46,0,0,0.34,19.875,0.90995,2.665,0.34925,12.9886277130128,1.75189392732477
"6149",2005,257,4,103.3185,0.46,0,0,0.08,19.435,0.93565,1.23,0.34925,12.9887394833455,1.75257657691995
"6150",2005,257,5,91.922,6.118,1.815,1.155,0.565,19.05,0.9545,2.62,0.34925,12.9888689146288,1.75325580603543
"6151",2005,257,6,80.535,59.294,23.02,24.9,5.95,19.37,0.9511,1.565,0.34925,12.9488318088614,1.75393646055063
"6152",2005,257,7,69.2835,166.152,65.38,77.53,15.995,20.055,0.94365,2.25,0.34925,12.9397332616854,1.75462330443604
"6153",2005,257,8,58.5225,594.113,234.535,294.615,65.295,21.235,0.89975,3.065,0.34925,12.9395552660455,1.75531543494396
"6154",2005,257,9,48.894,944.311,361.665,457.15,96.545,22.265,0.8518,3.155,0.34925,12.9395527191548,1.75600900865988
"6155",2005,257,10,41.384,1156.739,446.84,566.85,117.1,23.7,0.7554,2.935,0.34925,12.9395526996032,1.75669788408289
"6156",2005,257,11,37.395,715.208,273.47,348.58,75.82,23.35,0.78005,4.5,0.34925,12.9395526817721,1.75738305044377
"6157",2005,257,12,38.0625,727.881,279.26,351.545,75.9,22.58,0.81345,4.825,0.34925,12.93955270285,1.75807229977581
"6158",2005,257,13,43.1735,731.078,278.575,349.31,74.535,23.17,0.76335,4.31,0.34925,12.9395526884192,1.7587621361921
"6159",2005,257,14,51.399,450.156,171.41,214.52,46.83,22.92,0.73745,4.205,0.34925,12.9395527111634,1.75945096911304
"6160",2005,257,15,61.428,616.124,235.455,295.1,67.01,23.37,0.69705,3.405,0.34925,12.939552760424,1.76013909777403
"6161",2005,257,16,72.3915,440.266,164.95,207.985,55.47,23.995,0.64565,2.515,0.34925,12.9395528382412,1.76082279624869
"6162",2005,257,17,83.672,126.523,45.665,54.47,16.955,23.645,0.6127,1.865,0.34925,12.9395526955014,1.76150521608751
"6163",2005,257,18,95.23,3.105,0.655,0.39,0.145,22.445,0.6693,1.94,0.34925,12.921225371683,1.76219457481236
"6164",2005,257,19,106.436,0,0,0,0.08,20.335,0.7608,2.445,0.34925,12.9243078256405,1.76288909059033
"6165",2005,257,20,116.8675,0.276,0,0,0,19.3,0.8791,2.765,0.34925,12.9248109891869,1.76357824005191
"6166",2005,257,21,125.991,0.138,0,0,0,18.835,0.89105,2.92,0.34925,12.9249463957822,1.7642612251012
"6167",2005,257,22,132.9105,0.46,0,0,0.065,18.305,0.89485,3.205,0.34925,12.9251101432684,1.76493880418848
"6168",2005,257,23,136.4995,0.414,0,0,0.01,17.765,0.8826,2.4,0.34925,12.9253062518144,1.76560951400398
"6169",2005,258,0,135.9235,0.414,0,0,0.095,16.77,0.92445,3.17,1.73566666666667,12.9255103155302,1.76626838038056
"6170",2005,258,1,131.3335,0.391,0,0,0.02,16.635,0.8829,3.555,1.73566666666667,12.9257102298498,1.76691735875431
"6171",2005,258,2,123.7195,0.138,0,0,0,16.505,0.78125,4.04,1.73566666666667,12.925885381792,1.76756380434775
"6172",2005,258,3,114.177,0,0,0,0,16.605,0.7155,3.775,1.73566666666667,12.9260216372676,1.76820994965987
"6173",2005,258,4,103.512,0,0,0,0,16.365,0.69495,4.17,1.73566666666667,12.9261190330331,1.76885471904401
"6174",2005,258,5,92.132,3.657,1.09,0.29,0.47,16.68,0.7116,4.7,1.73566666666667,12.9262039869633,1.76950020557347
"6175",2005,258,6,80.7125,43.815,15.895,17.415,4.61,17.055,0.68825,4.15,1.73566666666667,12.8827461355921,1.77015387657944
"6176",2005,258,7,69.4735,91.954,32.695,38.655,8.845,17.1,0.69885,3.685,1.73566666666667,12.8588719700026,1.77081393295516
"6177",2005,258,8,58.7395,152.214,52.245,62.75,13.095,16.945,0.7271,3.27,1.73566666666667,12.8583901337439,1.77147394999228
"6178",2005,258,9,49.153,207,70.66,84.375,16.705,17.44,0.72545,2.96,1.73566666666667,12.8583831046631,1.77213691421831
"6179",2005,258,10,41.699,274.919,95.69,117.015,24.54,17.925,0.72015,3.84,1.73566666666667,12.8583829963186,1.77280781680365
"6180",2005,258,11,37.763,229.172,73.89,88.645,17.005,17.895,0.76355,3.77,1.73566666666667,12.8583830362379,1.77348213415706
"6181",2005,258,12,38.4545,132.296,41.025,47.725,9.005,16.58,0.8962,3.97,1.73566666666667,12.8583831554446,1.77414563498469
"6182",2005,258,13,43.555,155.572,50.335,60.28,11.535,15.815,0.9403,5.48,1.73566666666667,12.8583835575498,1.77478970656592
"6183",2005,258,14,51.7555,206.471,71.075,86.725,18.205,15.975,0.94565,5.415,1.73566666666667,12.8583830349797,1.77542742431051
"6184",2005,258,15,61.762,79.074,25.395,28.755,6.085,16.175,0.95585,4.73,1.73566666666667,12.8583830662529,1.77606900963497
"6185",2005,258,16,72.7125,61.64,19.755,21.55,4.605,16.43,0.9687,4.665,1.73566666666667,12.858376083279,1.77671531710876
"6186",2005,258,17,83.9765,26.381,7.985,7.67,2.185,16.83,0.9741,3.375,1.73566666666667,12.7889969114245,1.77737066330022
"6187",2005,258,18,95.5405,0.897,0.05,0,0.06,17.13,0.97965,2.815,1.73566666666667,12.7276138069162,1.7780372776445
"6188",2005,258,19,106.7645,0.713,0,0,0.065,17.415,0.97375,1.71,1.73566666666667,12.7278546655572,1.77871118797272
"6189",2005,258,20,117.215,0.92,0,0,0.025,17.44,0.98165,1.775,1.73566666666667,12.7279746961488,1.7793876968725
"6190",2005,258,21,126.362,0.92,0,0,0.17,17.525,0.98355,1.92,1.73566666666667,12.7281385473694,1.78006509491309
"6191",2005,258,22,133.301,1.265,0,0,0.155,17.43,0.98215,1.845,1.73566666666667,12.7283539972887,1.78074239803544
"6192",2005,258,23,136.8915,1.518,0,0,0.125,17.4,0.982,1.205,1.73566666666667,12.7286239641359,1.78141866054736
"6193",2005,259,0,136.286,1.748,0,0,0.115,17.325,0.9836,2.005,0,12.7289299116744,1.78209402982772
"6194",2005,259,1,131.644,1.794,0,0,0.055,17.295,0.98665,2.07,0,12.7292455792765,1.78276849537632
"6195",2005,259,2,123.9795,1.817,0,0,0.045,17.12,0.9915,3.28,0,12.7295368952734,1.78344118164564
"6196",2005,259,3,114.3965,1.817,0,0,0.05,17.1,0.9947,2.295,0,12.7297797465044,1.78411214946662
"6197",2005,259,4,103.7085,1.84,0,0,0.1,17.075,0.9957,2.455,0,12.729957220213,1.78478270421922
"6198",2005,259,5,92.3055,3.657,0.065,0,0.505,16.905,0.995,3.03,0,12.7300797608344,1.78545149572697
"6199",2005,259,6,80.891,45.747,15.205,15.43,4.38,16.1,0.99245,4.645,0,12.692795673666,1.78611217170469
"6200",2005,259,7,69.6655,127.236,46.65,54.925,11.915,15.86,0.9706,4.855,0,12.6737905307287,1.78676385962107
"6201",2005,259,8,58.958,208.173,76.755,92.59,19.53,16.155,0.9281,4.53,0,12.6733917838641,1.78741677218224
"6202",2005,259,9,49.4125,344.54,128.83,157.82,32.88,16.75,0.8877,5.055,0,12.6733858779017,1.78807901733377
"6203",2005,259,10,42.018,469.982,175.02,218.305,45.93,17.32,0.84665,5.955,0,12.673385787681,1.78875241435611
"6204",2005,259,11,38.136,710.585,271.04,339.9,71.42,18.04,0.8059,6.93,0,12.6733858089519,1.78943663194598
"6205",2005,259,12,38.85,257.117,89.595,112.485,24.045,17.515,0.82765,5.935,0,12.6733858566485,1.79012239035835
"6206",2005,259,13,43.938,196.719,66.675,82.865,17.675,16.68,0.90715,3.875,0,12.673386002281,1.79079684945465
"6207",2005,259,14,52.113,333.27,121.785,152.34,32.785,16.945,0.90635,5.94,0,12.6733859926104,1.79146617751481
"6208",2005,259,15,62.099,238.004,87.075,107.825,23.38,17.03,0.8641,6.35,0,12.6733858201203,1.79213876277557
"6209",2005,259,16,73.0335,263.695,96.4,119.755,30.545,17.405,0.81405,5.44,0,12.6733858281003,1.79281541977433
"6210",2005,259,17,84.279,116.15,40.18,47.545,16.14,17.815,0.76315,4.33,0,12.673385829691,1.79349859267196
"6211",2005,259,18,95.8935,2.99,0.235,0.11,0.42,16.11,0.84785,2.805,0,12.6620591494497,1.79417063748484
"6212",2005,259,19,107.094,1.38,0,0,0.085,15.02,0.85455,2.03,0,12.6691070031497,1.79481387353484
"6213",2005,259,20,117.5635,1.38,0,0,0,14.285,0.84705,2.515,0,12.6696563836,1.79543411108178
"6214",2005,259,21,126.734,1.38,0,0,0.025,13.13,0.88735,1.845,0,12.669852109041,1.79602754837734
"6215",2005,259,22,133.693,1.265,0,0,0.14,13.145,0.8863,1.585,0,12.6700846859709,1.79660364598755
"6216",2005,259,23,137.2825,1.15,0,0,0.065,13.02,0.88895,1.915,0,12.6703393768306,1.79717798334306
"6217",2005,260,0,136.647,1.15,0,0,0.055,11.76,0.9333,2.265,0,12.6706014111253,1.79772933439982
"6218",2005,260,1,131.954,1.334,0,0,0.045,10.88,0.9591,2.115,0,12.6708654284873,1.79824275277332
"6219",2005,260,2,124.239,1.242,0,0,0,10.315,0.9746,1.39,0,12.6711115289013,1.79872868986579
"6220",2005,260,3,114.6165,1.242,0,0,0.01,10.205,0.9755,2.025,0,12.6713131226021,1.79920130987797
"6221",2005,260,4,103.9025,1.334,0,0,0.135,10.165,0.977,2.335,0,12.6714631129941,1.7996709177959
"6222",2005,260,5,92.479,13.57,3.215,3.155,1.765,10.12,0.98175,1.91,0,12.6721144941561,1.80013879793259
"6223",2005,260,6,81.0705,228.367,79.76,97.77,29.865,11.38,0.97805,1.01,0,12.679636015403,1.80063028053199
"6224",2005,260,7,69.859,604.256,226.555,286.155,73.475,14.405,0.92705,1.94,0,12.6783502265018,1.80119683814598
"6225",2005,260,8,59.1775,989.552,377.105,480.875,108.015,17.75,0.80815,1.865,0,12.678322927677,1.801849285357
"6226",2005,260,9,49.6775,1346.029,517.06,664.85,139.035,19.37,0.68325,2.935,0,12.6783225246759,1.80254503077916
"6227",2005,260,10,42.337,1565.794,612.6,784.705,155.645,20.745,0.62375,2.07,0,12.678322588565,1.8032545698294
"6228",2005,260,11,38.508,1627.871,645.45,826.055,160.335,21.795,0.5757,2.355,0,12.6783228229319,1.80396854176379
"6229",2005,260,12,39.244,1607.493,633.97,813.46,159.845,22.805,0.5288,2.135,0,12.6783226324002,1.80468125281735
"6230",2005,260,13,44.3205,1469.171,577.645,737.245,149.845,24.005,0.4781,1.54,0,12.6783226685963,1.80538734518695
"6231",2005,260,14,52.4715,1210.099,469.6,600.995,131.24,24.54,0.44605,1.935,0,12.6783225392373,1.80608468350776
"6232",2005,260,15,62.4345,864.616,331.25,422.53,101.56,25.095,0.4329,1.57,0,12.6783225503246,1.80677462356598
"6233",2005,260,16,73.3545,470.603,176.39,222.29,62.005,25.1,0.4393,1.45,0,12.6783225663738,1.80746029061753
"6234",2005,260,17,84.5805,119.968,43.57,50.63,16.8,24.68,0.45095,1.31,0,12.6783225562374,1.80814916915379
"6235",2005,260,18,96.2475,1.771,0.245,0.06,0,22.62,0.52455,2.325,0,12.6672145877328,1.80885293141122
"6236",2005,260,19,107.425,0,0,0,0.065,20.915,0.55885,3.495,0,12.6743005710267,1.80956706665188
"6237",2005,260,20,117.912,0.092,0,0,0,18.97,0.63625,3.21,0,12.6748032353807,1.81027581812538
"6238",2005,260,21,127.1055,0.46,0,0,0,16.835,0.7369,3.57,0,12.6749404480673,1.81096265571099
"6239",2005,260,22,134.0835,0.621,0,0,0.005,15.7,0.8074,4.1,0,12.6751184242609,1.8116208488294
"6240",2005,260,23,137.6755,0.713,0,0,0,15.57,0.8365,2.925,0,12.6753302340048,1.81226528050802
"6241",2005,261,0,137.009,0.46,0,0,0,14.095,0.89645,2.13,0,12.6755483784583,1.81288964859679
"6242",2005,261,1,132.2635,0.46,0,0,0,13.58,0.92035,1.65,0,12.6757530521178,1.8134867306533
"6243",2005,261,2,124.497,0.46,0,0,0,13.415,0.9337,0.63,0,12.6759392389476,1.8140736654976
"6244",2005,261,3,114.8365,0.483,0,0,0.005,13.565,0.937,1.88,0,12.676095178868,1.81466036252772
"6245",2005,261,4,104.096,0.598,0,0,0.005,12.665,0.9608,2.195,0,12.6762114391355,1.81523529087178
"6246",2005,261,5,92.692,10.005,4.13,4.34,1.455,12.715,0.96955,1.565,0,12.6764934669802,1.81579656554714
"6247",2005,261,6,81.2505,176.893,67.195,82.645,20.855,13.58,0.97055,1.78,0,12.679445373287,1.81637242593106
"6248",2005,261,7,70.055,453.353,170.63,214.985,51.375,16.36,0.93005,1.755,0,12.6778638511496,1.81699933345348
"6249",2005,261,8,59.4,742.072,280.43,356.355,80.915,18.895,0.81195,3.04,0,12.6778303373453,1.81768148113935
"6250",2005,261,9,49.9415,1143.33,433.895,558.88,123.355,21.33,0.65625,5.405,0,12.6778298284129,1.81839068540159
"6251",2005,261,10,42.658,1337.91,510.535,657.43,137.125,22.18,0.62185,6.09,0,12.6778298857595,1.81910473162435
"6252",2005,261,11,38.882,1479.245,568.25,733.635,150.33,23.2,0.58275,5.55,0,12.677830092371,1.81981578341303
"6253",2005,261,12,39.641,1447.16,557.74,719.96,150.475,24.335,0.54405,5.05,0,12.6778299772651,1.82051860369734
"6254",2005,261,13,44.7035,1331.838,509.46,656.565,140.67,25.24,0.51345,4.365,0,12.6778298636312,1.82120892145959
"6255",2005,261,14,52.831,1180.866,446.85,576.015,129.785,26.125,0.4867,3.35,0,12.6778299268476,1.82188423499343
"6256",2005,261,15,62.7715,807.507,302.905,390.32,97.415,26.795,0.46395,3.62,0,12.6778300921235,1.82254351336259
"6257",2005,261,16,73.676,413.563,153.005,194.56,55.475,27.005,0.4723,3.33,0,12.6778298590224,1.8231924830347
"6258",2005,261,17,84.8805,86.02,30.165,35.5,10.78,25.635,0.533,3.07,0,12.6778298551804,1.82385458897117
"6259",2005,261,18,96.5675,0.92,0.03,0,0,23.08,0.62705,3.32,0,12.6585193980926,1.82455036941493
"6260",2005,261,19,107.7565,0,0,0,0,20.95,0.71,3.32,0,12.6632912591133,1.82526447414405
"6261",2005,261,20,118.261,0.253,0,0,0.045,19.56,0.7722,3.465,0,12.6636463338174,1.8259761621444
"6262",2005,261,21,127.4775,0.46,0,0,0.01,18.705,0.8192,3.145,0,12.6637849431943,1.82667952865651
"6263",2005,261,22,134.4775,0.46,0,0,0,18.28,0.8441,3.11,0,12.6639592738899,1.82737583537074
"6264",2005,261,23,138.068,0.46,0,0,0,18.22,0.85755,3.285,0,12.6641574310792,1.82806902731748
"6265",2005,262,0,137.371,0.851,0,0,0,18.43,0.87065,4.68,0,12.6643776029995,1.82876319164382
"6266",2005,262,1,132.573,0.92,0,0,0,18.915,0.87415,3.135,0,12.6646119314224,1.82946162064542
"6267",2005,262,2,124.756,0.92,0,0,0.015,18.875,0.90315,3.765,0,12.6648293653671,1.83016258177012
"6268",2005,262,3,115.0555,0.92,0,0,0.015,18.655,0.93515,4.45,0,12.6650097067538,1.83086207973693
"6269",2005,262,4,104.292,0.92,0,0,0.015,18.56,0.9617,2.065,0,12.665141826887,1.83155973653784
"6270",2005,262,5,92.8665,1.771,0.08,0,0,18.345,0.9832,4.69,0,12.6652233126084,1.83225547591088
"6271",2005,262,6,81.431,25.415,8.615,6.25,1.12,19.42,0.93435,6.065,0,12.659205553547,1.83295628046068
"6272",2005,262,7,70.2505,483.138,178.11,224.55,55.595,20.69,0.9095,7.245,0,12.5760575779524,1.83366998887512
"6273",2005,262,8,59.623,972.371,354.93,456.96,106.36,22.04,0.8434,8.575,0,12.5742900169625,1.83439087014207
"6274",2005,262,9,50.2085,1217.965,449.535,580.795,126.16,23.8,0.7556,9.275,0,12.5742633715156,1.83510717110547
"6275",2005,262,10,42.981,1475.519,548.36,708.45,146.95,26.68,0.65945,9.865,0,12.5742630654426,1.83579558465597
"6276",2005,262,11,39.2565,1587.506,592.145,766.24,156.37,30.165,0.55155,10.035,0,12.5742632336318,1.83640476192533
"6277",2005,262,12,40.0365,1547.969,577.82,747.335,154.84,32.34,0.47485,10.315,0,12.5742632823127,1.83690333226617
"6278",2005,262,13,45.0905,1370.133,504.18,653.365,140.915,33.24,0.43685,10.595,0,12.5742630393981,1.83732439849461
"6279",2005,262,14,53.191,915.768,337.135,431.035,97.395,33.39,0.42515,8.685,0,12.5742630564503,1.83771600242047
"6280",2005,262,15,63.109,125.143,42.495,50.065,12.185,31.58,0.473,7.43,0,12.5742630916955,1.83815306239671
"6281",2005,262,16,74,60.214,19.865,24.22,9.6,19.435,0.87055,7.15,0,12.574260770409,1.838809292759
"6282",2005,262,17,85.2195,12.558,4.31,3.92,1.12,20.02,0.8559,4.13,0,12.4508874667749,1.83952761340874
"6283",2005,262,18,96.8875,0.713,0,0,0.295,20.07,0.8807,3.625,0,12.4359311388968,1.84025223759873
"6284",2005,262,19,108.0865,0.828,0,0,0.325,21.125,0.81565,6.08,0,12.4360611163771,1.84097989261746
"6285",2005,262,20,118.61,0.943,0,0,0.095,20.215,0.90435,2.64,0,12.4361747431394,1.84170786416198
"6286",2005,262,21,127.848,1.15,0,0,0.09,19.77,0.94185,3.605,0,12.4363451050835,1.84243251835105
"6287",2005,262,22,134.8685,1.357,0,0,0.015,19.735,0.94205,3.09,0,12.4365730607213,1.8431555172022
"6288",2005,262,23,138.462,1.219,0,0,0.075,19.73,0.9437,1.515,0,12.4368368113127,1.84387835181791
"6289",2005,263,0,137.7325,1.196,0,0,0.075,19.425,0.9607,4.84,0,12.4371059887389,1.84459992995242
"6290",2005,263,1,132.8825,1.219,0,0,0.115,19.295,0.9668,2.665,0,12.4373694364519,1.84531961809132
"6291",2005,263,2,125.013,1.196,0,0,0,18.94,0.97105,1.08,0,12.4376095245154,1.84603693710464
"6292",2005,263,3,115.2745,1.38,0,0,0.055,18.99,0.9734,2.235,0,12.4378125551446,1.84675267173851
"6293",2005,263,4,104.4855,1.38,0,0,0.01,18.965,0.97595,2.225,0,12.4379665112814,1.84746853107653
"6294",2005,263,5,93.0415,3.841,0.585,0.095,0.2,19.145,0.9772,2.29,0,12.4380822099126,1.84818519523836
"6295",2005,263,6,81.612,59.777,22.28,24.425,5.425,19.315,0.9776,1.61,0,12.4225087211801,1.84890403953881
"6296",2005,263,7,70.4465,218.569,86.59,104.465,21.595,19.935,0.96935,1.77,0,12.4151380245095,1.84962694765569
"6297",2005,263,8,59.8485,409.653,164.585,202.345,42.315,20.8,0.91495,2.265,0,12.4149686366623,1.850354806553
"6298",2005,263,9,50.4785,657.846,258.245,322.035,67,21.885,0.84345,1.375,0,12.4149660849909,1.85108532668076
"6299",2005,263,10,43.3055,1264.885,497.905,637.52,132.465,23.6,0.76515,1.665,0,12.414966055661,1.85181213223939
"6300",2005,263,11,39.6315,1288.943,503.74,645.995,132.335,24.77,0.6468,2.775,0,12.4149660617966,1.85252646030256
"6301",2005,263,12,40.4325,1515.194,588.555,759.255,156.775,25.73,0.56035,2.835,0,12.4149660355031,1.85322521909939
"6302",2005,263,13,45.4755,1422.251,548.07,706.87,149.885,26.81,0.50125,2.19,0,12.4149660448943,1.85390385227172
"6303",2005,263,14,53.5525,1169.32,447.595,578.175,130.52,27.845,0.44925,2.435,0,12.4149660568474,1.85455633361622
"6304",2005,263,15,63.4485,817.144,307.86,396.73,99.085,28.23,0.41765,2.285,0,12.4149660776659,1.85518832476858
"6305",2005,263,16,74.324,426.466,156.63,198.66,57.5,28.385,0.4006,1.885,0,12.4149661131102,1.85581181308891
"6306",2005,263,17,85.518,95.979,33.53,39.105,13.905,26.935,0.4734,2.34,0,12.4149661045452,1.85645470705298
"6307",2005,263,18,97.208,0.92,0.035,0,0,25.265,0.5242,1.9,0,12.4098606560833,1.85713683825864
"6308",2005,263,19,108.4175,0.069,0,0,0,23.31,0.602,1.71,0,12.4186945974406,1.857849447868
"6309",2005,263,20,118.958,0.138,0,0,0,21.52,0.67995,2.52,0,12.4191254411387,1.85857756767332
"6310",2005,263,21,128.219,0.368,0,0,0,19.515,0.81565,2.525,0,12.4192606885456,1.85930530425594
"6311",2005,263,22,135.2615,0.391,0,0,0,18.675,0.8681,1.99,0,12.4194304998812,1.86002328292062
"6312",2005,263,23,138.856,0.46,0,0,0,17.8,0.91285,2.035,0,12.4196260590179,1.86073096229852
"6313",2005,264,0,138.0945,0.46,0,0,0,17.13,0.93935,1.605,0,12.4198343556851,1.86142689667755
"6314",2005,264,1,133.192,0.46,0,0,0,16.47,0.96655,1.445,0,12.4200397634264,1.86211080590371
"6315",2005,264,2,125.2705,0.46,0,0,0,16.84,0.97115,1.47,0,12.4202263716014,1.86279190664928
"6316",2005,264,3,115.4925,0.46,0,0,0.1,16.66,0.97855,2.195,0,12.4203818018881,1.86347488881024
"6317",2005,264,4,104.6805,0.46,0,0,0.255,16.005,0.98685,1.955,0,12.4204957139366,1.86414931320458
"6318",2005,264,5,93.2545,8.257,1.895,1.6,0.885,15.625,0.98955,1.635,0,12.4206994807958,1.86481234610902
"6319",2005,264,6,81.794,168.107,59.895,74.68,21.935,14.94,0.9929,1.665,0,12.434429419312,1.86546220298931
"6320",2005,264,7,70.6465,449.305,172.96,220.9,55.49,16.96,0.99115,0.845,0,12.4329364246844,1.86612704766969
"6321",2005,264,8,60.0755,963.861,368.565,467.925,107.15,21.545,0.8126,1.93,0,12.4329022545843,1.86684235294015
"6322",2005,264,9,50.747,1282.319,488.085,632.165,136.56,24.875,0.593,3.705,0,12.4329017150663,1.86756353151707
"6323",2005,264,10,43.6325,1495.23,573.175,745.365,154.505,25.88,0.52795,4.02,0,12.4329017612272,1.86825909490293
"6324",2005,264,11,40.007,1601.697,616.4,802.57,163.535,26.78,0.4733,3.955,0,12.4329019216966,1.86893554615848
"6325",2005,264,12,40.8295,1574.994,606.28,790.36,163.515,27.48,0.442,4.205,0,12.4329025280734,1.86959256411351
"6326",2005,264,13,45.861,1437.845,547.565,714.16,153.695,28.075,0.40385,3.865,0,12.4329017485196,1.87023151295876
"6327",2005,264,14,53.914,1180.475,443.41,578.805,133.45,28.48,0.37515,4.14,0,12.4329017944063,1.8708550928492
"6328",2005,264,15,63.7875,832.416,307.65,398.89,102.49,28.58,0.36495,4.26,0,12.4329019141513,1.87147044507302
"6329",2005,264,16,74.6465,425.431,154.595,196.34,59.315,28.23,0.39775,4.15,0,12.4329017707143,1.87208990303237
"6330",2005,264,17,85.8555,76.889,26.335,30.45,10.78,26.64,0.4557,3.15,0,12.4329017580117,1.87273823379843
"6331",2005,264,18,97.5285,0.598,0,0,0,23.545,0.5717,3.56,0,12.4212435352348,1.87343729463451
"6332",2005,264,19,108.747,0,0,0,0,21.315,0.70675,3.97,0,12.4275259185657,1.8741647211173
"6333",2005,264,20,119.3055,0.23,0,0,0.01,20.175,0.8104,3.655,0,12.4278563717665,1.87489333389932
"6334",2005,264,21,128.5915,0.46,0,0,0,19.225,0.8581,3.595,0,12.4279942154322,1.87561624634365
"6335",2005,264,22,135.654,0.46,0,0,0,18.37,0.86495,3.145,0,12.4281694483959,1.87633052217218
"6336",2005,264,23,139.251,0.644,0,0,0,18.085,0.90815,3.795,0,12.4283730467792,1.87703771157507
"6337",2005,265,0,138.456,0.92,0,0,0,19.11,0.89925,4.75,0,12.4286029747179,1.87774954018257
"6338",2005,265,1,133.5,0.92,0,0,0,19.375,0.894,4.12,0,12.4288412766551,1.87846858443619
"6339",2005,265,2,125.526,0.897,0,0,0,19.76,0.8939,4.34,0,12.4290584528787,1.87919051225602
"6340",2005,265,3,115.7115,0.897,0,0,0,19.945,0.89575,4.305,0,12.4292379557159,1.8799146380929
"6341",2005,265,4,104.8735,0.897,0,0,0,20.08,0.89555,4.615,0,12.4293691922436,1.88063983763622
"6342",2005,265,5,93.4325,7.521,1.86,1.005,0.58,19.895,0.91225,4.42,0,12.4295581252276,1.88136486399967
"6343",2005,265,6,81.976,147.384,53.935,64.115,16.69,20.445,0.91725,4.72,0,12.439835289204,1.88209067137458
"6344",2005,265,7,70.8455,459.172,172.46,216.17,54.54,23.195,0.86055,5.81,0,12.4381359917856,1.88281851299611
"6345",2005,265,8,60.304,896.655,338.235,428.455,100.435,26.355,0.7458,6.83,0,12.4380973772832,1.88352189556723
"6346",2005,265,9,51.0185,1191.906,449.88,571.985,124.665,29.49,0.61095,7.655,0,12.4380967782825,1.88415427327235
"6347",2005,265,10,43.958,1356.839,515.705,656.46,137.65,31.425,0.51685,7.455,0,12.4380968411652,1.88469479288812
"6348",2005,265,11,40.384,1512.549,576.59,737.82,151.745,32.75,0.4408,8.055,0,12.4380970721896,1.8851582166058
"6349",2005,265,12,41.228,1454.175,552.41,707.685,149.61,33.42,0.4195,8.07,0,12.4380968916565,1.88556749347848
"6350",2005,265,13,46.247,1194.988,451.55,576.555,127.21,33.96,0.383,7.885,0,12.4380969006293,1.88594115958701
"6351",2005,265,14,54.275,1081.552,405.27,516.825,120.745,34.14,0.3672,7.64,0,12.4380967917729,1.88629272354966
"6352",2005,265,15,64.1265,739.427,273.555,348.365,88.375,34.09,0.35675,6.705,0,12.4380967997109,1.88664021709081
"6353",2005,265,16,74.969,352.222,127.32,160.655,46.75,33.33,0.3688,6.425,0,12.4380968102236,1.88701260535828
"6354",2005,265,17,86.156,76.843,26.79,31.685,10.51,31.255,0.417,4.23,0,12.4380968055014,1.88746470717426
"6355",2005,265,18,97.849,0.414,0,0,0,29.05,0.4945,3.085,0,12.4267101329417,1.88801818798514
"6356",2005,265,19,109.0775,0,0,0,0,26.27,0.60555,3.03,0,12.4330116909716,1.88865918677867
"6357",2005,265,20,119.6535,0.138,0,0,0,26.78,0.61625,3.235,0,12.4333398254996,1.88933127247516
"6358",2005,265,21,128.9635,0,0,0,1.385,23.67,0.7673,7.3,0,12.4334670032399,1.89002774836604
"6359",2005,265,22,136.0465,0.368,0,0,0.365,21.03,0.85895,6.4,0,12.4336257830139,1.89075461430101
"6360",2005,265,23,139.644,0.46,0,0,0.04,20.71,0.86605,5.88,0,12.43382074747,1.89148348416641
"6361",2005,266,0,138.817,0.46,0,0,0.125,20.59,0.8586,5.24,0.867833333333333,12.4340296106317,1.89221165057411
"6362",2005,266,1,133.807,0.46,0,0,0.205,19.86,0.8762,4.98,0.867833333333333,12.4342340759373,1.89293775824343
"6363",2005,266,2,125.7825,0.46,0,0,0.235,19.13,0.9014,4.62,0.867833333333333,12.4344203936204,1.89365871292886
"6364",2005,266,3,115.9285,0.46,0,0,0.01,18.925,0.9101,4.06,0.867833333333333,12.4345754762151,1.8943752817105
"6365",2005,266,4,105.07,0.529,0,0,0.035,18.89,0.91455,4.015,0.867833333333333,12.4346893388603,1.89509055972464
"6366",2005,266,5,93.608,3.174,0.46,0.15,0.29,18.91,0.9064,4.35,0.867833333333333,12.43477874543,1.89580574971492
"6367",2005,266,6,82.159,56.097,19.2,21.34,5.285,18.54,0.8795,5.355,0.867833333333333,12.4165313499426,1.89651941525391
"6368",2005,266,7,71.0465,239.108,87.83,109.325,24.445,18.325,0.86305,6.115,0.867833333333333,12.407667190215,1.89723020901644
"6369",2005,266,8,60.535,454.342,169.8,213.905,46.865,18.41,0.85865,6.235,0.867833333333333,12.4074628311274,1.89794039834458
"6370",2005,266,9,51.293,581.417,218.64,275.46,59.325,18.86,0.84425,5.605,0.867833333333333,12.4074597394839,1.89865395059298
"6371",2005,266,10,44.287,426.765,153.135,190.47,40.115,19.535,0.8126,5.65,0.867833333333333,12.407459697014,1.89937363710638
"6372",2005,266,11,40.7605,53.245,14.315,14.65,3.02,18.31,0.905,3.825,0.867833333333333,12.4074526241319,1.90009028746734
"6373",2005,266,12,41.624,164.657,53.73,63.42,12.095,17.85,0.9493,3.885,0.867833333333333,12.4074010841107,1.90079648464902
"6374",2005,266,13,46.6325,105.156,34.055,38.515,7.62,18.05,0.93205,3.41,0.867833333333333,12.4074007019609,1.90150081017999
"6375",2005,266,14,54.6375,115.368,36.935,42.28,7.835,17.84,0.9652,4.36,0.867833333333333,12.4074007276981,1.90220506056119
"6376",2005,266,15,64.4665,94.806,31.21,35.34,7.23,17.865,0.95385,4.18,0.867833333333333,12.407400787852,1.90290792233314
"6377",2005,266,16,75.293,98.854,36.325,41.55,9.14,17.885,0.95375,3.595,0.867833333333333,12.4074009027264,1.90361112678266
"6378",2005,266,17,86.494,26.289,9.09,8.955,2.665,17.775,0.95395,4.2,0.867833333333333,12.379277329857,1.90431436424437
"6379",2005,266,18,98.168,0.966,0,0,0.015,17.695,0.9515,3.835,0.867833333333333,12.3247922435995,1.90501817182946
"6380",2005,266,19,109.4065,0.943,0,0,0,17.645,0.95465,3.805,0.867833333333333,12.3253105395895,1.90572223558263
"6381",2005,266,20,120.0005,0.943,0,0,0,17.65,0.94605,3.625,0.867833333333333,12.3254400995955,1.90642592166094
"6382",2005,266,21,129.335,0.92,0,0,0,17.57,0.94125,2.925,0.867833333333333,12.3256056937602,1.90712899043585
"6383",2005,266,22,136.441,0.943,0,0,0,17.4,0.93055,3.215,0.867833333333333,12.3258116899065,1.90782997556468
"6384",2005,266,23,140.0385,0.92,0,0,0,17.08,0.91965,3.125,0.867833333333333,12.3260459139207,1.90852670070219
"6385",2005,267,0,139.179,0.92,0,0,0,16.915,0.91615,3.015,0,12.3262898609078,1.9092190017973
"6386",2005,267,1,134.1145,0.92,0,0,0,16.8,0.91505,3.36,0,12.3265292328495,1.90990863557025
"6387",2005,267,2,126.039,0.92,0,0,0,16.72,0.92475,2.905,0,12.3267462710129,1.91059636397091
"6388",2005,267,3,116.1455,0.92,0,0,0,16.27,0.9383,3.225,0,12.3269262732863,1.91127871518692
"6389",2005,267,4,105.263,0.92,0,0,0.005,16.07,0.9317,3.835,0,12.327057574057,1.91195417576574
"6390",2005,267,5,93.785,4.048,0.865,0.355,0.205,15.905,0.9475,3.215,0,12.3271651759927,1.91262557907408
"6391",2005,267,6,82.3435,58.558,21.27,22.905,4.84,16.745,0.94575,2.68,0,12.3140100351558,1.91330456865448
"6392",2005,267,7,71.2485,190.578,70.385,85.22,17.47,17.245,0.9395,3.165,0,12.3066389981148,1.91399750820819
"6393",2005,267,8,60.765,446.729,169.365,211.11,44.54,18.405,0.9334,3.36,0,12.3064650876605,1.91470465097578
"6394",2005,267,9,51.568,952.913,359.325,454.515,97.55,20.22,0.89345,3.345,0,12.3064624505221,1.91543000809829
"6395",2005,267,10,44.6165,1262.7,478.26,606.165,126.4,23.83,0.78545,2.865,0,12.3064624134838,1.91616329058759
"6396",2005,267,11,41.139,1375.584,523.38,664.95,137.65,27.055,0.67155,3.27,0,12.3064624461051,1.91686200892741
"6397",2005,267,12,42.022,1071.547,408.455,514.925,108.655,29.02,0.5751,3.32,0,12.3064624017088,1.9174980088607
"6398",2005,267,13,47.0185,895.689,340.96,429.775,93.4,30.325,0.4801,3.525,0,12.3064624213028,1.91807669532666
"6399",2005,267,14,54.999,798.928,302.73,380.96,86.1,30.955,0.39715,4.705,0,12.3064624673749,1.91861494785414
"6400",2005,267,15,64.8065,522.169,197.315,244.95,56.795,30.91,0.3834,3.63,0,12.3064625863692,1.9191400061982
"6401",2005,267,16,75.6175,230.621,87.31,105.92,24.57,30.29,0.4103,3.08,0,12.3064624503549,1.91968004253569
"6402",2005,267,17,86.793,38.433,14.17,15.2,3.62,28.46,0.49025,2.705,0,12.3060541471878,1.92026991884033
"6403",2005,267,18,98.4875,0.414,0,0,0,26.09,0.58365,2.99,0,12.2583843593944,1.92092886542213
"6404",2005,267,19,109.735,0.184,0,0,0,24.47,0.68665,3.305,0,12.2600521377413,1.92163413533232
"6405",2005,267,20,120.3465,0.046,0,0,0,23.61,0.74385,2.815,0,12.2601908677779,1.92235782786643
"6406",2005,267,21,129.705,0.322,0,0,0,22.755,0.797,2.81,0,12.2603201056805,1.92308977180898
"6407",2005,267,22,136.8335,0.46,0,0,0,22.7,0.8013,3.275,0,12.2604918792975,1.92382484369298
"6408",2005,267,23,140.4325,0.46,0,0,0,22.275,0.82675,2.995,0,12.2606914736844,1.9245610708057
"6409",2005,268,0,139.542,0.46,0,0,0,21.98,0.8468,2.91,1.86266666666667,12.2609011321575,1.92529861140518
"6410",2005,268,1,134.422,0.46,0,0,0,22.1,0.85435,2.755,1.86266666666667,12.2611059197936,1.92603638502307
"6411",2005,268,2,126.292,0.46,0,0,0,21.83,0.8686,2.615,1.86266666666667,12.2612917880673,1.92677430747817
"6412",2005,268,3,116.3645,0.46,0,0,0,21.88,0.8661,2.8,1.86266666666667,12.2614461650644,1.92751243693594
"6413",2005,268,4,105.458,0.46,0,0,0.03,22.355,0.84275,3.73,1.86266666666667,12.2615581335311,1.92824994792737
"6414",2005,268,5,94.0025,2.185,0.37,0.005,0.365,22.005,0.8787,3.595,1.86266666666667,12.2616340905551,1.92898729248614
"6415",2005,268,6,82.528,43.976,14.215,13.91,3.93,21.59,0.9033,2.695,1.86266666666667,12.2386761658838,1.92972596843896
"6416",2005,268,7,71.4515,64.423,20.18,21.24,4.555,21.37,0.93105,3.7,1.86266666666667,12.2202220073366,1.9304657582161
"6417",2005,268,8,60.998,186.3,63.235,75.665,14.935,21.36,0.95565,3.75,1.86266666666667,12.2197635826237,1.93120591694048
"6418",2005,268,9,51.845,242.742,83.37,99.995,19.36,21.63,0.95045,3.905,1.86266666666667,12.2197564948513,1.93194611237754
"6419",2005,268,10,44.9475,115.575,35.125,39.535,6.58,21.51,0.9546,4.03,1.86266666666667,12.2197563835717,1.93268630795241
"6420",2005,268,11,41.517,230.069,78.45,93.44,17.63,21.195,0.97005,4.235,1.86266666666667,12.2197564034564,1.93342645039093
"6421",2005,268,12,42.42,301.461,105.85,127.24,24.735,21.96,0.9288,5.14,1.86266666666667,12.2197564453873,1.93416653736806
"6422",2005,268,13,47.4045,281.451,95.31,115.35,22.495,21.545,0.91165,6.15,1.86266666666667,12.2197565713716,1.93490657210128
"6423",2005,268,14,55.361,163.438,52.72,62.495,11.655,20.385,0.9393,5.685,1.86266666666667,12.2197569724372,1.93564590042086
"6424",2005,268,15,65.147,211.025,72.705,88.78,17.425,20.03,0.95245,4.575,1.86266666666667,12.2197564285481,1.93638240756258
"6425",2005,268,16,75.941,69.552,22.645,25.665,5.57,19.985,0.94465,4.98,1.86266666666667,12.2197563122071,1.93711771869739
"6426",2005,268,17,87.1295,10.603,2.205,1.315,0.785,19.5,0.96995,5.16,1.86266666666667,12.1284231449509,1.9378529086745
"6427",2005,268,18,98.8065,1.15,0,0,0.085,19.35,0.97815,3.905,1.86266666666667,12.1168211107861,1.93858739077357
"6428",2005,268,19,110.0625,1.38,0,0,0.055,19.465,0.98395,3.41,1.86266666666667,12.1170263850661,1.93932191305941
"6429",2005,268,20,120.6925,1.426,0,0,0.11,19.55,0.98485,2.905,1.86266666666667,12.1171646360947,1.94005732091936
"6430",2005,268,21,130.0745,1.564,0,0,0.145,19.525,0.98655,2.88,1.86266666666667,12.1173654397822,1.94079298296517
"6431",2005,268,22,137.226,1.587,0,0,0.15,19.5,0.98675,2.49,1.86266666666667,12.1176227688687,1.94152842167465
"6432",2005,268,23,140.8285,1.472,0,0,0.165,19.5,0.988,1.8,1.86266666666667,12.1179099435817,1.94226374239694
"6433",2005,269,0,139.902,1.909,0,0,0.195,19.445,0.98765,2.04,0,12.1182230825972,1.9429988107331
"6434",2005,269,1,134.7275,2.185,0,0,0.1,19.14,0.98755,1.575,0,12.1185671578535,1.94373219213842
"6435",2005,269,2,126.5455,2.323,0,0,0.055,18.87,0.9917,3.22,0,12.1189027582021,1.94446263136404
"6436",2005,269,3,116.578,2.346,0,0,0.01,18.785,0.99545,4.055,0,12.1191893826054,1.94519108713606
"6437",2005,269,4,105.6525,2.392,0,0,0.095,19.105,0.995,2.815,0,12.1193986985116,1.9459208460474
"6438",2005,269,5,94.1805,5.129,0.79,0.06,0.49,19.39,0.99215,3.065,0,12.1195618937911,1.9466537558475
"6439",2005,269,6,82.712,47.679,15.54,15.13,3.82,19.605,0.9878,2.79,0,12.1046900133004,1.94738923934442
"6440",2005,269,7,71.657,192.05,70.495,83.835,17.54,19.435,0.94045,5.255,0,12.0930834631622,1.94812536672406
"6441",2005,269,8,61.2315,242.696,86.475,103.81,20.895,18.99,0.90615,5.38,0,12.0927919514594,1.94885880123137
"6442",2005,269,9,52.1235,571.803,212.92,262.73,53.365,19.83,0.84475,5.46,0,12.0927874260815,1.94959403356434
"6443",2005,269,10,45.279,1166.238,440.925,557.81,113.59,21.18,0.7474,6.625,0,12.0927874215543,1.95033647371464
"6444",2005,269,11,41.897,1266.495,480.265,612.135,125.4,22.54,0.6724,6.42,0,12.0927873357614,1.95108080594483
"6445",2005,269,12,42.8155,918.229,342.525,432.795,90.195,22.46,0.6606,6.38,0,12.0927873592932,1.951823517134
"6446",2005,269,13,47.7905,501.377,186.05,232.12,49.335,21.71,0.682,5.865,0,12.0927874173349,1.95256761193108
"6447",2005,269,14,55.7235,401.419,148.895,185.215,39.86,21.11,0.6927,6.565,0,12.092787590927,1.95331249877552
"6448",2005,269,15,65.485,277.104,103.43,126.83,27.18,21.17,0.69605,4.96,0,12.0927874152676,1.95405718059634
"6449",2005,269,16,76.262,236.026,86.4,105.835,27.455,21.255,0.70995,4.52,0,12.0927874304794,1.95480196652558
"6450",2005,269,17,87.4675,31.234,9.7,9.775,3.215,20.615,0.74055,3.045,0,12.0900255120076,1.95554619675732
"6451",2005,269,18,99.1245,0.184,0,0,0.035,18.61,0.8303,2.495,0,12.0446164163296,1.95628340205405
"6452",2005,269,19,110.3885,0.253,0,0,0,17.22,0.88915,2.395,0,12.0457601159387,1.95700158222238
"6453",2005,269,20,121.038,0.46,0,0,0.01,16.135,0.916,2.495,0,12.0458842170985,1.95769783740055
"6454",2005,269,21,130.444,0.667,0,0,0,15.81,0.92595,2.355,0,12.0460313954117,1.95837902965412
"6455",2005,269,22,137.6175,0.92,0,0,0,16.25,0.93385,1.83,0,12.0462278713376,1.95906151674714
"6456",2005,269,23,141.2215,0.92,0,0,0,16.195,0.94895,1.885,0,12.0464615791494,1.95974833391768
"6457",2005,270,0,140.261,0.92,0,0,0,15.79,0.94905,1.35,0,12.0467065999347,1.96042995814892
"6458",2005,270,1,135.0305,0.92,0,0,0.065,15.25,0.9533,2.305,0,12.0469444491383,1.96110032841815
"6459",2005,270,2,126.7985,0.92,0,0,0.01,14.645,0.95825,1.875,0,12.0471607168682,1.96175596959825
"6460",2005,270,3,116.795,0.92,0,0,0,14.29,0.9748,1.42,0,12.0473397359598,1.96239839065663
"6461",2005,270,4,105.846,0.92,0,0,0,13.77,0.9832,1.965,0,12.0474686737258,1.96302799743991
"6462",2005,270,5,94.3595,5.681,0.985,0.605,0.775,12.435,0.9922,1.795,0,12.0476039701111,1.96362810136622
"6463",2005,270,6,82.897,175.03,57.97,73.13,24.205,12.34,0.998,1.305,0,12.072033059933,1.96420362990317
"6464",2005,270,7,71.862,556.278,202.735,252.985,66.29,14.665,0.97115,2.645,0,12.0706968284266,1.96481560685316
"6465",2005,270,8,61.468,938.952,351.135,450.975,104.915,16.725,0.8047,3.31,0,12.0706634124533,1.9654889549648
"6466",2005,270,9,52.403,1247.911,473.385,613.47,132.575,18.365,0.68695,3.905,0,12.070662925373,1.96620031494335
"6467",2005,270,10,45.612,1466.848,564.23,730.945,151.37,19.825,0.5685,3.265,0,12.0706630254468,1.96693292169019
"6468",2005,270,11,42.276,1561.24,605.785,782.82,158.28,21.33,0.4967,2.365,0,12.0706629088554,1.96767630216315
"6469",2005,270,12,43.214,1532.306,594.15,767.835,156.555,22.625,0.4511,1.94,0,12.0706630164053,1.96842115961137
"6470",2005,270,13,48.1755,1382.668,532.23,686.72,144.91,23.71,0.4109,1.52,0,12.0706633920134,1.96916029592197
"6471",2005,270,14,56.086,1124.631,426.815,550.22,124.045,24.535,0.3911,1.67,0,12.0706629109392,1.96989009207877
"6472",2005,270,15,65.8235,777.308,289.715,371.165,93.81,25.01,0.3697,1.78,0,12.0706629600447,1.97061107647603
"6473",2005,270,16,76.585,381.754,140.035,172.825,51.475,25.1,0.36525,1.43,0,12.0706630585467,1.97132760122601
"6474",2005,270,17,87.7655,61.778,21.25,22.6,8.51,23.965,0.3985,1.915,0,12.0706628521435,1.97205189595456
"6475",2005,270,18,99.4415,0.276,0,0,0,20.02,0.46745,3.28,0,12.0744112762681,1.97279403425696
"6476",2005,270,19,110.714,0.023,0,0,0,18.855,0.5158,2.305,0,12.0814532815805,1.97352987899043
"6477",2005,270,20,121.379,0,0,0,0.045,17.43,0.56145,2.935,0,12.0817269054429,1.97425033082901
"6478",2005,270,21,130.8125,0,0,0,0,15.55,0.61525,1.96,0,12.0818520565705,1.97494130634004
"6479",2005,270,22,138.009,0,0,0,0,15.16,0.72385,2.405,0,12.0820041115018,1.97560660538975
"6480",2005,270,23,141.6155,0,0,0,0,14.935,0.74605,3.375,0,12.0821756786137,1.97626398741628
"6481",2005,271,0,140.621,0.069,0,0,0,14.64,0.77065,3.655,0.4445,12.0823570031971,0
"6482",2005,271,1,135.334,0.46,0,0,0,13.6,0.86005,2.225,0.4445,12.0825464707875,0
"6483",2005,271,2,127.05,0.46,0,0,0,13.37,0.89445,2.465,0.4445,12.082731077291,0
"6484",2005,271,3,117.0095,0.46,0,0,0,13.325,0.92535,2.725,0.4445,12.0828842135465,0
"6485",2005,271,4,106.0405,0.805,0,0,0,13.195,0.9437,2.645,0.4445,12.0829995454105,0
"6486",2005,271,5,94.5785,5.29,1.315,0.425,0.225,13.41,0.9581,2.64,0.4445,12.0831228979332,0
"6487",2005,271,6,83.0825,163.024,56.555,66.545,20.505,14.37,0.95275,3.22,0.4445,12.1040033135886,0
"6488",2005,271,7,72.068,519.869,191.51,238.61,63.32,15.4,0.879,4.63,0.4445,12.1025406983406,0
"6489",2005,271,8,61.705,811.256,306.305,390.645,92.2,19.915,0.77145,6.16,0.4445,12.1025047612302,0
"6490",2005,271,9,52.6835,903.509,341.8,435.32,96.77,22.51,0.68125,7.115,0.4445,12.1025042266028,0
"6491",2005,271,10,45.946,767.027,287.36,364.535,79.485,23.515,0.6283,8.675,0.4445,12.1025043640209,0
"6492",2005,271,11,42.6545,903.256,340.055,433.615,93.975,24.205,0.5815,7.955,0.4445,12.1025049145911,0
"6493",2005,271,12,43.61,981.479,366.77,469.5,102.085,24.935,0.5559,8.775,0.4445,12.1025042327233,0
"6494",2005,271,13,48.561,545.399,198.96,249.76,53.885,25.22,0.5706,9.35,0.4445,12.1025042943885,0
"6495",2005,271,14,56.446,196.604,65.485,77.71,16.87,24.055,0.65215,8.295,0.4445,12.102504485142,0
"6496",2005,271,15,66.162,199.64,70.045,83.935,18.47,23.555,0.70125,8.695,0.4445,12.1025042671255,0
"6497",2005,271,16,76.9075,27.347,6.33,5.965,2.78,22.035,0.81375,9.22,0.4445,12.0842878787888,0
"6498",2005,271,17,88.1,2.76,0.22,0.17,1.17,18.295,0.9414,7.045,0.4445,11.9382357188316,0
"6499",2005,271,18,99.7555,0.644,0,0,0.97,15.495,0.9202,9.055,0.4445,11.9378397066883,0
"6500",2005,271,19,111.0395,0.782,0,0,0.07,13.795,0.9051,8.375,0.4445,11.9379080106214,0
"6501",2005,271,20,121.7225,0.644,0,0,0.095,13.145,0.8802,8.81,0.4445,11.9380203318761,0
"6502",2005,271,21,131.1785,0.46,0,0,0.27,12.22,0.85995,8.34,0.4445,11.9381725228271,0
"6503",2005,271,22,138.3995,0.437,0,0,0.405,11.085,0.84245,6.25,0.4445,11.9383527200246,0
"6504",2005,271,23,142.0085,0.46,0,0,0.125,10.855,0.85095,6.27,0.4445,11.9385544437601,0
"6505",2005,272,0,140.9805,0.046,0,0,0.43,9.71,0.8135,6.63,0,11.9387532917672,0
"6506",2005,272,1,135.6385,0.092,0,0,0.35,8.815,0.81915,4.575,0,11.9389328741712,0
"6507",2005,272,2,127.3015,0.368,0,0,0.225,7.74,0.8911,3.655,0,11.9391015583214,0
"6508",2005,272,3,117.2255,0.46,0,0,0.175,7.425,0.91405,3.94,0,11.9392492350962,0
"6509",2005,272,4,106.235,0.46,0,0,0.255,6.87,0.92405,4.1,0,11.9393559697777,0
"6510",2005,272,5,94.7605,5.267,0.865,0.365,0.735,6.46,0.91605,4.12,0,11.9394639618695,0
"6511",2005,272,6,83.2695,183.563,65.1,77.19,25.87,6.67,0.8846,4.845,0,11.9609641063883,0
"6512",2005,272,7,72.277,560.694,216.68,269.56,72.33,8.415,0.7682,5.905,0,11.9596035043455,0
"6513",2005,272,8,61.9445,946.496,372.51,472.335,111.08,10.4,0.62525,6.35,0,11.9595703504593,0
"6514",2005,272,9,52.966,1258.583,499.77,637.93,138.94,12.135,0.5054,5.9,0,11.9595698271574,0
"6515",2005,272,10,46.281,1469.562,588.22,752.535,156.82,13.705,0.41895,5.825,0,11.9595699082524,0
"6516",2005,272,11,43.033,1561.401,625.985,803.38,165.245,15.125,0.3238,5.16,0,11.9595702172571,0
"6517",2005,272,12,44.006,1534.054,611.63,787.335,164.885,16.12,0.26305,4.625,0,11.9595698829339,0
"6518",2005,272,13,48.9455,1378.919,544.35,699.41,152.545,16.83,0.24815,3.315,0,11.9595700361305,0
"6519",2005,272,14,56.807,1112.165,431.995,554.145,129.655,17.28,0.2442,3,0,11.9595700064941,0
"6520",2005,272,15,66.4995,751.985,287.25,365.37,95.53,17.555,0.2368,2.16,0,11.9595698411235,0
"6521",2005,272,16,77.2265,371.703,139.67,172.175,53.96,17.625,0.22555,1.54,0,11.9595698485605,0
"6522",2005,272,17,88.3985,54.901,19.4,20.84,8.86,16.75,0.2395,1.18,0,11.9595692139124,0
"6523",2005,272,18,100.071,0.023,0,0,0,15.105,0.2741,0.31,0,11.9718693222496,0
"6524",2005,272,19,111.362,0,0,0,0,14.035,0.30315,2.21,0,11.9784612124075,0
"6525",2005,272,20,122.063,0,0,0,0,12.64,0.373,1.66,0,11.9787044767712,0
"6526",2005,272,21,131.545,0,0,0,0,10.44,0.5224,1.735,0,11.9788316594171,0
"6527",2005,272,22,138.789,0,0,0,0,10.385,0.48755,2.94,0,11.9789856457834,0
"6528",2005,272,23,142.401,0,0,0,0,8.76,0.5715,1.275,0,11.9791584189795,0
"6529",2005,273,0,141.3385,0,0,0,0,8.705,0.56685,2,0,11.9793381927218,0
"6530",2005,273,1,135.94,0,0,0,0,7.28,0.6648,2.11,0,11.9795126458139,0
"6531",2005,273,2,127.551,0,0,0,0,6.48,0.71915,1.91,0,11.9796696954114,0
"6532",2005,273,3,117.4385,0.069,0,0,0,6.7,0.70565,2.31,0,11.9797994157391,0
"6533",2005,273,4,106.429,0.046,0,0,0,5.92,0.7568,1.33,0,11.9798928965093,0
"6534",2005,273,5,94.94,4.071,1.135,0.5,0.28,6.09,0.74335,2.17,0,11.9799758056589,0
"6535",2005,273,6,83.455,185.173,64.8,73.84,23.72,5.55,0.8076,2.18,0,11.9989708895657,0
"6536",2005,273,7,72.4865,559.222,214.72,261.46,68.965,9.725,0.735,1.7,0,11.9975469271552,0
"6537",2005,273,8,62.183,933.409,363.54,460.375,108.64,14.13,0.5342,3.565,0,11.9975127601538,0
"6538",2005,273,9,53.2495,1244.07,485.925,625.09,138.735,16.655,0.39495,5.215,0,11.9975124212615,0
"6539",2005,273,10,46.616,1450.817,572.33,738.065,157.175,18.015,0.344,4.925,0,11.9975123820367,0
"6540",2005,273,11,43.4115,1542.702,608.8,788.85,166.285,18.965,0.31635,5.42,0,11.9975122283268,0
"6541",2005,273,12,44.4005,1509.191,591.145,766.895,164.005,19.795,0.2992,4.89,0,11.997512273908,0
"6542",2005,273,13,49.3285,1343.154,516.505,670.105,149.33,20.62,0.2888,4.79,0,11.9975124206672,0
"6543",2005,273,14,57.167,1081.506,405.72,526.095,125.43,21.175,0.2872,5.29,0,11.9975124170625,0
"6544",2005,273,15,66.837,733.907,268.21,345.93,92.59,21.335,0.29205,5.455,0,11.9975122339092,0
"6545",2005,273,16,77.5455,338.238,120.665,150.61,48.45,20.98,0.3089,5.345,0,11.997512241178,0
"6546",2005,273,17,88.731,46.46,14.675,16.015,7.525,19.135,0.38865,3.775,0,11.9975001405283,0
"6547",2005,273,18,100.3835,0.023,0,0,0,16.505,0.5063,3.44,0,11.9977107495379,0
"6548",2005,273,19,111.6835,0,0,0,0.02,14.705,0.60295,3.405,0,12.0020244588753,0
"6549",2005,273,20,122.401,0.023,0,0,0,14.07,0.6333,3.28,0,12.0022150107131,0
"6550",2005,273,21,131.9075,0,0,0,0,12.36,0.72285,3,0,12.0023421493045,0
"6551",2005,273,22,139.178,0,0,0,0,12.01,0.74755,3.135,0,12.0024962821361,0
"6552",2005,273,23,142.794,0,0,0,0,12.13,0.74565,2.545,0,12.0026692423167,0
"6553",2005,274,0,141.6955,0,0,0,0,11.585,0.77555,2.1,0,12.0028490615201,0
"6554",2005,274,1,136.2405,0.023,0,0,0,11.54,0.78155,2.84,0,12.0030238973917,0
"6555",2005,274,2,127.802,0.069,0,0,0,11.045,0.806,3.145,0,12.0031825810739,0
"6556",2005,274,3,117.652,0.276,0,0,0,10.315,0.84395,2.79,0,12.0033184092995,0
"6557",2005,274,4,106.623,0.368,0,0,0,9.635,0.8798,2.185,0,12.0034197324846,0
"6558",2005,274,5,95.1605,3.657,0.79,0.355,0.2,9.55,0.88045,2.585,0,12.0035016399711,0
"6559",2005,274,6,83.643,151.846,52.88,62,19.44,10.065,0.87235,2.03,0,12.0176747195279,0
"6560",2005,274,7,72.697,511.428,192.44,237.005,64.19,14.01,0.73885,2.975,0,12.0159706191486,0
"6561",2005,274,8,62.4245,899.162,342.26,433.015,103.68,18.22,0.59255,2.805,0,12.0159301164687,0
"6562",2005,274,9,53.5345,1199.657,459.775,587.785,130.625,21.055,0.4437,3.685,0,12.0159295307749,0
"6563",2005,274,10,46.9515,1364.797,526.775,675.26,143.94,22.75,0.37455,3.27,0,12.0159296628708,0
"6564",2005,274,11,43.791,1400.102,538.665,695.53,147.115,23.985,0.32495,3.88,0,12.015929494492,0
"6565",2005,274,12,44.796,1413.994,542.99,699.3,149.245,25.145,0.2805,4.605,0,12.0159295106361,0
"6566",2005,274,13,49.713,1244.093,471.53,609.005,136.245,26.31,0.2413,5.31,0,12.0159295489887,0
"6567",2005,274,14,57.5255,973.797,364.885,469.935,112.07,26.605,0.237,5.87,0,12.0159296612151,0
"6568",2005,274,15,67.1725,622.334,229.14,293.445,76.245,26.38,0.2559,5.77,0,12.015929972725,0
"6569",2005,274,16,77.8645,271.308,99.295,123.615,34.945,25.74,0.31125,4.905,0,12.0159295180366,0
"6570",2005,274,17,89.025,27.14,9.225,9.675,2.75,23.14,0.40115,3.325,0,12.0115508721161,0
"6571",2005,274,18,100.6965,0.023,0,0,0,20.365,0.4964,3.41,0,11.982573266153,0
"6572",2005,274,19,112.003,0,0,0,0,19.22,0.5483,3.41,0,11.9835842431919,0
"6573",2005,274,20,122.738,0,0,0,0.105,18.135,0.6078,4,0,11.9836955765535,0
"6574",2005,274,21,132.2715,0,0,0,0,16.97,0.6532,4.095,0,11.9838217761846,0
"6575",2005,274,22,139.5655,0,0,0,0,15.885,0.7303,3.985,0,11.9839764965211,0
"6576",2005,274,23,143.1835,0.092,0,0,0,14.58,0.80765,3.6,0,11.9841519169966,0
"6577",2005,275,0,142.0515,0.46,0,0,0,14.385,0.83955,3.31,0,11.9843474669745,0
"6578",2005,275,1,136.5405,0.483,0,0,0,14.67,0.85055,3.485,0,11.9845507797199,0
"6579",2005,275,2,128.0495,0.713,0,0,0,14.9,0.8651,2.88,0,11.9847404642288,0
"6580",2005,275,3,117.867,0.506,0,0,0,15.5,0.86995,2.695,0,11.9848982832855,0
"6581",2005,275,4,106.8175,0.897,0,0,0,16.29,0.91845,3.12,0,11.9850111769468,0
"6582",2005,275,5,95.345,2.875,0.665,0.055,0.305,16.305,0.94415,3.09,0,11.9850911373323,0
"6583",2005,275,6,83.829,65.711,23.815,25.675,5.905,16.935,0.95685,2.66,0,11.9755400457875,0
"6584",2005,275,7,72.9075,180.297,67.07,79.2,16.19,18.56,0.94815,3.96,0,11.9698384740662,0
"6585",2005,275,8,62.667,371.312,136.375,168.105,36.365,20.63,0.9134,5.225,0,11.9697016019569,0
"6586",2005,275,9,53.819,769.718,288.25,363.27,78.86,23.835,0.81675,6.915,0,11.9696995105037,0
"6587",2005,275,10,47.2875,945.691,351.74,446.455,95.805,25.96,0.73705,7.27,0,11.9696995066455,0
"6588",2005,275,11,44.1705,1076.745,401.7,515.075,111.385,27.27,0.67755,7.42,0,11.9696994732902,0
"6589",2005,275,12,45.189,1035.299,387.355,496.845,109.67,27.825,0.65485,6.39,0,11.9696994907554,0
"6590",2005,275,13,50.095,825.056,305.625,387.545,85.8,28.84,0.6013,6.3,0,11.9696995301633,0
"6591",2005,275,14,57.883,501.239,180.975,227.725,51.805,28.12,0.62415,6.93,0,11.9696996432697,0
"6592",2005,275,15,67.5085,378.12,138.515,172.565,39.545,28.48,0.61275,7.15,0,11.9696999564486,0
"6593",2005,275,16,78.181,107.479,38.375,44.8,10.685,27.885,0.62945,5.565,0,11.9696995013851,0
"6594",2005,275,17,89.3585,11.661,3.35,2.46,1.28,26.46,0.6993,3.84,0,11.9286180156849,0
"6595",2005,275,18,101.0065,0.23,0,0,0.105,24.695,0.78345,4.06,0,11.9182164244652,0
"6596",2005,275,19,112.3215,0.115,0,0,0.02,24.615,0.77845,5.18,0,11.9186202273493,0
"6597",2005,275,20,123.072,0.092,0,0,0.135,23.885,0.79865,4.065,0,11.9187207633516,0
"6598",2005,275,21,132.6305,0.069,0,0,0,23.41,0.8061,3.18,0,11.9188506452626,0
"6599",2005,275,22,139.9505,0.207,0,0,0.005,22.78,0.82605,3.98,0,11.9190128668522,0
"6600",2005,275,23,143.575,0.345,0,0,0.085,21.865,0.85835,3.675,0,11.9192022544165,0
"6601",2005,276,0,142.4065,0.46,0,0,0.01,21.195,0.8748,3.515,0,11.9194073067453,0
"6602",2005,276,1,136.839,0.46,0,0,0.01,20.54,0.89225,3.09,0,11.9196107393596,0
"6603",2005,276,2,128.2965,0.46,0,0,0.005,20.13,0.90355,3.195,0,11.9197924336476,0
"6604",2005,276,3,118.0785,0.506,0,0,0.065,19.58,0.9198,2.785,0,11.9199419019019,0
"6605",2005,276,4,107.0105,0.92,0,0,0,19.14,0.9363,3.31,0,11.9200542727726,0
"6606",2005,276,5,95.5285,3.542,0.685,0.33,0.345,18.99,0.9413,2.525,0,11.9201409727031,0
"6607",2005,276,6,84.0165,161,59.685,72.945,20.315,19.3,0.93955,2.41,0,11.935720228469,0
"6608",2005,276,7,73.1195,342.493,125.87,155.605,39.205,21.58,0.8745,3.465,0,11.9341060309351,0
"6609",2005,276,8,62.911,901.669,333.66,423.46,101.85,24.315,0.76925,4.715,0,11.9340675014838,0
"6610",2005,276,9,54.1075,870.067,323.72,410.715,91.74,26.52,0.677,5.29,0,11.9340669068102,0
"6611",2005,276,10,47.6255,913.928,341.665,432.845,93.715,27.38,0.64135,5.15,0,11.9340669747358,0
"6612",2005,276,11,44.549,1292.462,488.99,624.685,134.575,28.545,0.589,5.265,0,11.9340672272182,0
"6613",2005,276,12,45.5815,1386.003,519.265,668.075,146.435,29.31,0.54215,6.02,0,11.9340669987792,0
"6614",2005,276,13,50.474,1065.751,396.895,509.19,114.275,29.67,0.5203,5.78,0,11.9340672390333,0
"6615",2005,276,14,58.2405,564.259,207.09,261.495,59.79,29.64,0.52185,5.525,0,11.9340669297804,0
"6616",2005,276,15,67.841,355.557,131.32,162.59,36.72,29.345,0.52575,5.79,0,11.9340669350039,0
"6617",2005,276,16,78.495,140.3,51.1,60.565,14.535,28.395,0.5747,4.245,0,11.934066924331,0
"6618",2005,276,17,89.649,16.376,5.13,4.66,1.76,26.755,0.6433,3.305,0,11.9105668607789,0
"6619",2005,276,18,101.3145,0,0,0,0,25.3,0.70175,3.095,0,11.8975832411991,0
"6620",2005,276,19,112.637,0,0,0,0,23.625,0.75395,3.14,0,11.8981706291087,0
"6621",2005,276,20,123.408,0.092,0,0,0,22.605,0.79385,3.1,0,11.8982739674796,0
"6622",2005,276,21,132.9905,0.138,0,0,0.035,21.73,0.83715,2.885,0,11.8984060219697,0
"6623",2005,276,22,140.3375,0.46,0,0,0,21.14,0.87215,3.485,0,11.8985767451685,0
"6624",2005,276,23,143.964,0.46,0,0,0.025,21.155,0.87895,3.19,0,11.8987789289459,0
"6625",2005,277,0,142.7615,0.46,0,0,0,21.245,0.87985,3.09,0,11.8989888783075,0
"6626",2005,277,1,137.1355,0.46,0,0,0.02,21.12,0.8849,3.47,0,11.8991919578511,0
"6627",2005,277,2,128.543,0.46,0,0,0,20.535,0.9087,2.655,0,11.8993729356026,0
"6628",2005,277,3,118.2905,0.621,0,0,0,19.54,0.941,2.44,0,11.8995237761968,0
"6629",2005,277,4,107.2045,0.621,0,0,0.01,19.265,0.9522,2.27,0,11.8996331377031,0
"6630",2005,277,5,95.752,2.599,0.35,0.015,0.045,19.01,0.95845,2.34,0,11.8997035278798,0
"6631",2005,277,6,84.206,117.231,40.14,46.515,13.745,19.005,0.9607,1.935,0,11.907389927414,0
"6632",2005,277,7,73.3345,448.96,162.98,201.735,53.635,21.77,0.88565,2.93,0,11.9051146211004,0
"6633",2005,277,8,63.1565,826.666,303.655,384.01,92.185,24.805,0.77815,3.985,0,11.905060564089,0
"6634",2005,277,9,54.3955,1146.044,425.405,541.69,120.67,27.045,0.68685,3.975,0,11.9050597809888,0
"6635",2005,277,10,47.9625,1006.848,377.2,480.21,103.155,28.235,0.6157,4.295,0,11.9050597391701,0
"6636",2005,277,11,44.9245,1164.191,436.885,558.89,120.02,28.97,0.5726,4.39,0,11.9050597659643,0
"6637",2005,277,12,45.974,1104.897,413.61,526.365,112.53,29.72,0.5276,4.35,0,11.9050597186318,0
"6638",2005,277,13,50.855,896.839,330.83,420.175,92.6,30.035,0.50835,4.895,0,11.9050597310926,0
"6639",2005,277,14,58.5965,837.2,308.355,392.335,92.375,30.26,0.4933,5.28,0,11.9050597558559,0
"6640",2005,277,15,68.1725,504.528,183.865,232.98,59.265,30.13,0.5006,5.915,0,11.905059815349,0
"6641",2005,277,16,78.81,207.46,73.41,88.275,25.955,29.41,0.5322,5.025,0,11.9050599319971,0
"6642",2005,277,17,89.978,27.232,8.425,8.34,3.325,27.565,0.5999,3.56,0,11.9003162706701,0
"6643",2005,277,18,101.6195,0.023,0,0,0,25.74,0.66835,3.3,0,11.8827258113699,0
"6644",2005,277,19,112.9515,0,0,0,0.015,24.1,0.7331,3.2,0,11.8838577072613,0
"6645",2005,277,20,123.7395,0.069,0,0,0.005,22.735,0.7902,3.54,0,11.8839728287101,0
"6646",2005,277,21,133.3465,0.046,0,0,0,22.32,0.80315,3.375,0,11.8841030406278,0
"6647",2005,277,22,140.721,0.207,0,0,0.005,21.415,0.8339,3.22,0,11.884264951755,0
"6648",2005,277,23,144.352,0.46,0,0,0.015,20.865,0.85265,3.305,0,11.8844577493442,0
"6649",2005,278,0,143.1145,0.46,0,0,0,20.15,0.8803,2.795,0,11.8846673038289,0
"6650",2005,278,1,137.4315,0.46,0,0,0,19.425,0.9057,1.865,0,11.8848698411261,0
"6651",2005,278,2,128.789,0.598,0,0,0,18.955,0.9231,2.645,0,11.8850540004165,0
"6652",2005,278,3,118.504,0.828,0,0,0,18.515,0.9367,3.11,0,11.8852132074907,0
"6653",2005,278,4,107.3985,0.92,0,0,0.01,18.32,0.941,2.8,0,11.8853310737761,0
"6654",2005,278,5,95.9395,2.875,0.43,0.04,0.065,17.89,0.9518,2.085,0,11.8854076430461,0
"6655",2005,278,6,84.393,127.213,43.5,50.145,15.65,17.895,0.9457,2.295,0,11.8946342836002,0
"6656",2005,278,7,73.5475,474.605,172.645,213.24,58.06,20.66,0.85455,3.61,0,11.8925584124893,0
"6657",2005,278,8,63.4015,846.63,313.025,398.835,97.56,23.75,0.69345,5.905,0,11.8925092998372,0
"6658",2005,278,9,54.684,1145.354,429.08,550.77,124.93,25.955,0.57235,6.91,0,11.8925087660939,0
"6659",2005,278,10,48.3005,1261.826,474.77,611.36,133.895,26.97,0.5361,6.945,0,11.8925085936452,0
"6660",2005,278,11,45.3025,1155.819,435.89,559.415,120.31,27.53,0.5229,6.685,0,11.8925088325326,0
"6661",2005,278,12,46.3645,1203.521,452.72,583.025,126.195,28.27,0.4848,6.215,0,11.8925086343649,0
"6662",2005,278,13,51.232,1210.835,453.845,585.215,133.465,28.915,0.45765,5.615,0,11.8925087084423,0
"6663",2005,278,14,58.9495,973.866,359.775,463.545,113,29.315,0.42325,5.725,0,11.8925085553675,0
"6664",2005,278,15,68.505,559.797,201.515,255.485,67.71,29.185,0.4185,5.595,0,11.892508586379,0
"6665",2005,278,16,79.122,267.812,96.905,120.29,38.175,28.935,0.4221,4.81,0,11.8925086443328,0
"6666",2005,278,17,90.2665,25.576,7.54,7.23,3.445,26.64,0.53465,3.84,0,11.8881168855283,0
"6667",2005,278,18,101.924,0,0,0,0,24.23,0.6247,3.515,0,11.8721242716881,0
"6668",2005,278,19,113.264,0.023,0,0,0,22.45,0.68065,3.325,0,11.8731787760225,0
"6669",2005,278,20,124.0675,0.069,0,0,0,21.255,0.7167,3.105,0,11.8732927456218,0
"6670",2005,278,21,133.7025,0.069,0,0,0,20.12,0.78025,3.065,0,11.873423735814,0
"6671",2005,278,22,141.1035,0.391,0,0,0,19.405,0.8187,3.16,0,11.8735910668662,0
"6672",2005,278,23,144.739,0.46,0,0,0,18.96,0.84135,3.03,0,11.8737908057408,0
"6673",2005,279,0,143.4665,0.46,0,0,0,19.01,0.85425,4.05,0,11.8740010798687,0
"6674",2005,279,1,137.7275,0.437,0,0,1.255,16.4,0.84685,7.48,0,11.8742020365063,0
"6675",2005,279,2,129.033,0.276,0,0,0.255,14.97,0.83785,6.625,0,11.8743778103595,0
"6676",2005,279,3,118.7155,0.023,0,0,0.26,13.93,0.7746,6.275,0,11.8745114998337,0
"6677",2005,279,4,107.5925,0,0,0,0.335,12.85,0.7503,6.64,0,11.8746001162568,0
"6678",2005,279,5,96.1265,0.69,0.01,0,0.235,12.14,0.75115,6.255,0,11.8746477275256,0
"6679",2005,279,6,84.5795,23.414,6.99,6.39,2.49,11.6,0.81035,5.86,0,11.870639372537,0
"6680",2005,279,7,73.7635,88.527,29.825,35.335,8.325,10.58,0.79755,6.125,0,11.7823203430915,0
"6681",2005,279,8,63.649,209.622,73.815,91.71,20.075,10.39,0.7436,5.73,0,11.7795297890891,0
"6682",2005,279,9,54.9745,740.071,275.265,349.51,74.79,11.26,0.6181,5.535,0,11.7794861447126,0
"6683",2005,279,10,48.638,1388.073,523.205,671,141.845,13.28,0.553,5.76,0,11.7794855701341,0
"6684",2005,279,11,45.6785,1474.553,559.485,721.12,151.54,14.135,0.49385,6.055,0,11.779485634481,0
"6685",2005,279,12,46.754,1435.936,544.16,702.47,150.715,14.85,0.42285,6.135,0,11.7794858536297,0
"6686",2005,279,13,51.6075,1276.431,480.66,620.73,139.97,15.28,0.4091,6.245,0,11.7794856844558,0
"6687",2005,279,14,59.3015,1011.678,377.22,487.735,119.22,15.435,0.39675,5.76,0,11.7794856505736,0
"6688",2005,279,15,68.8325,669.415,245.235,316.905,88.605,14.93,0.4053,6.19,0,11.7794855861416,0
"6689",2005,279,16,79.432,287.776,101.615,129.385,45.29,13.385,0.4691,6.62,0,11.77948559486,0
"6690",2005,279,17,90.593,24.035,6.385,6.875,4.375,10.905,0.56775,5.955,0,11.7747261850638,0
"6691",2005,279,18,102.225,0,0,0,0.405,8.97,0.6674,4.395,0,11.7608186406117,0
"6692",2005,279,19,113.5725,0,0,0,0.375,7.66,0.73505,3.01,0,11.7618205274836,0
"6693",2005,279,20,124.3935,0,0,0,0.22,6.565,0.7904,2.915,0,11.7619302689445,0
"6694",2005,279,21,134.054,0.023,0,0,0.215,5.8,0.8353,3.15,0,11.7620574432559,0
"6695",2005,279,22,141.483,0.046,0,0,0.165,5.475,0.8569,3.555,0,11.7622141759224,0
"6696",2005,279,23,145.125,0.023,0,0,0.14,5.485,0.85715,3.795,0,11.7623894520552,0
"6697",2005,280,0,143.8165,0.184,0,0,0.1,5.865,0.83245,4.74,0,11.7625751256279,0
"6698",2005,280,1,138.0205,0.046,0,0,0.14,5.95,0.8212,4.81,0,11.7627563556585,0
"6699",2005,280,2,129.2775,0,0,0,0.025,6.19,0.81575,4.95,0,11.7629135286389,0
"6700",2005,280,3,118.926,0,0,0,0.125,6.31,0.8028,5.625,0,11.7630408837932,0
"6701",2005,280,4,107.785,0,0,0,0.23,6.17,0.80965,5.72,0,11.7631302578383,0
"6702",2005,280,5,96.354,0.92,0.21,0.05,0.365,6.08,0.8172,5.38,0,11.7631810818479,0
"6703",2005,280,6,84.767,63.503,24.475,27.83,8.2,6.245,0.8125,5.745,0,11.75826303853,0
"6704",2005,280,7,73.9795,312.248,116.76,145.945,35.63,6.89,0.7746,6.67,0,11.7523656874854,0
"6705",2005,280,8,63.898,455.055,173.895,220.855,49.625,8.145,0.6955,7.62,0,11.7522133954322,0
"6706",2005,280,9,55.2645,439.185,165.685,208.735,45.06,8.39,0.682,6.735,0,11.7522110256596,0
"6707",2005,280,10,48.976,939.688,360.29,459.46,98.125,9.81,0.6618,6.335,0,11.7522110029574,0
"6708",2005,280,11,46.054,1349.318,521.645,669.77,142.52,11.415,0.6424,5.665,0,11.7522109960631,0
"6709",2005,280,12,47.141,1240.16,477.93,615.445,132.955,12.385,0.61785,6.21,0,11.7522109846111,0
"6710",2005,280,13,51.9825,875.426,337.975,436.45,98.81,13.115,0.599,6.375,0,11.7522110012578,0
"6711",2005,280,14,59.6535,602.6,231.045,298.645,69.885,13.44,0.581,6.705,0,11.7522110381341,0
"6712",2005,280,15,69.1595,286.81,109.205,138.95,31.92,13.16,0.59405,7.52,0,11.7522111325649,0
"6713",2005,280,16,79.74,115.92,42.34,52.06,13.035,11.815,0.70645,7.43,0,11.7522110752349,0
"6714",2005,280,17,90.9145,16.767,5.42,5.28,1.925,10.935,0.75185,6.405,0,11.7281063977437,0
"6715",2005,280,18,102.5245,0,0,0,0.385,10.075,0.78495,6.035,0,11.7214581520242,0
"6716",2005,280,19,113.8795,0,0,0,0.315,9.135,0.8119,4.14,0,11.7220498674328,0
"6717",2005,280,20,124.7175,0,0,0,0.35,7.865,0.8542,3.44,0,11.7221510760854,0
"6718",2005,280,21,134.4035,0.023,0,0,0.16,7.94,0.88085,4.37,0,11.7222784404845,0
"6719",2005,280,22,141.861,0,0,0,0.2,8.3,0.8384,5.11,0,11.722434563983,0
"6720",2005,280,23,145.51,0,0,0,0.26,7.585,0.8357,4.095,0,11.7226082443817,0
"6721",2005,281,0,144.168,0,0,0,0.31,7.245,0.82415,4.555,0,11.7227880756952,0
"6722",2005,281,1,138.3135,0,0,0,0.4,5.875,0.874,4.235,0,11.7229616733503,0
"6723",2005,281,2,129.5185,0.414,0,0,0.325,5.05,0.90175,4.54,0,11.7231268042786,0
"6724",2005,281,3,119.1355,0.46,0,0,0.305,4.36,0.92065,4.04,0,11.7232728519557,0
"6725",2005,281,4,107.9795,0.437,0,0,0.24,4.01,0.9267,3.795,0,11.723376502909,0
"6726",2005,281,5,96.544,1.656,0.12,0,0.365,3.295,0.93975,3.51,0,11.7234368573505,0
"6727",2005,281,6,84.955,74.428,24.04,25.49,6.095,3.355,0.94345,3.455,0,11.7263826240149,0
"6728",2005,281,7,74.197,287.523,111.27,138.06,30.53,4.895,0.91925,3.96,0,11.7223145643594,0
"6729",2005,281,8,64.1465,692.806,270.22,345.445,79.73,8.06,0.8044,5.655,0,11.722208985377,0
"6730",2005,281,9,55.555,862.063,334.57,429.41,95.88,9.755,0.64205,7.71,0,11.7222073414292,0
"6731",2005,281,10,49.3125,1383.657,542.71,697.125,149.895,11.205,0.542,8.23,0,11.7222073589152,0
"6732",2005,281,11,46.4295,1460.201,575.115,738.29,155.875,12.215,0.51405,7.39,0,11.7222073089895,0
"6733",2005,281,12,47.5275,1422.872,557.745,716.325,153.74,13.04,0.49115,7.265,0,11.7222073205992,0
"6734",2005,281,13,52.355,1264.793,490.1,629.595,141.54,13.76,0.4723,7.33,0,11.7222073389997,0
"6735",2005,281,14,60.002,996.544,379.57,488.22,118.785,14.19,0.4713,6.575,0,11.7222073825534,0
"6736",2005,281,15,69.4865,643.08,239.415,305.89,84.775,14.565,0.4648,6.19,0,11.7222074970981,0
"6737",2005,281,16,80.0455,268.916,95.655,119.225,40.795,14.195,0.47095,5.855,0,11.7222073792427,0
"6738",2005,281,17,91.199,21.16,5.7,5.535,3.94,12.245,0.5801,5.07,0,11.715961727322,0
"6739",2005,281,18,102.822,0.069,0,0,0.45,10.01,0.6807,5.68,0,11.7068851502788,0
"6740",2005,281,19,114.184,0,0,0,0.36,8.735,0.7398,6.29,0,11.7078113074448,0
"6741",2005,281,20,125.038,0,0,0,0.38,7.565,0.7851,5.375,0,11.7079195508997,0
"6742",2005,281,21,134.7525,0,0,0,0.08,7.28,0.7981,5.055,0,11.7080467342422,0
"6743",2005,281,22,142.2365,0,0,0,0.02,7,0.8132,4.635,0,11.7082020679267,0
"6744",2005,281,23,145.893,0,0,0,0,6.885,0.80995,3.88,0,11.7083757293804,0
"6745",2005,282,0,144.515,0.023,0,0,0,6.67,0.81635,3.86,0,11.7085562806286,0
"6746",2005,282,1,138.603,0.138,0,0,0,6.355,0.82985,3.495,0,11.7087335521313,0
"6747",2005,282,2,129.7605,0.414,0,0,0.375,4.48,0.89225,3.145,0,11.7089030345539,0
"6748",2005,282,3,119.3435,0.46,0,0,0.13,3.7,0.9231,3.25,0,11.7090489834944,0
"6749",2005,282,4,108.1735,0.46,0,0,0.03,4.09,0.92175,3.44,0,11.7091526057103,0
"6750",2005,282,5,96.7345,1.656,0.16,0,0.19,4.24,0.9242,3.065,0,11.7092128424195,0
"6751",2005,282,6,85.1415,118.335,39.4,45.02,14.36,4.68,0.9292,2.72,0,11.7257878471963,0
"6752",2005,282,7,74.4155,458.137,166.15,207.435,56.73,7.38,0.8506,3.47,0,11.7237419573909,0
"6753",2005,282,8,64.3965,823.653,309.105,393.175,95.38,10.27,0.761,3.24,0,11.723689485974,0
"6754",2005,282,9,55.848,1144.503,436.975,556.64,123.985,12.575,0.67865,2.72,0,11.7236888434918,0
"6755",2005,282,10,49.652,1238.596,474.525,606.49,128.61,14.245,0.59305,3.25,0,11.7236886472886,0
"6756",2005,282,11,46.803,1531.271,596.745,760.15,157.655,14.985,0.5674,3.71,0,11.7236886870238,0
"6757",2005,282,12,47.911,1429.611,554.675,707.46,149.075,15.815,0.53685,4.765,0,11.7236888161221,0
"6758",2005,282,13,52.7275,1247.934,477.85,607.44,133.215,16.975,0.49265,4.775,0,11.7236892708222,0
"6759",2005,282,14,60.3495,972.877,367.085,467.565,110.72,17.875,0.4583,4.53,0,11.7236886781606,0
"6760",2005,282,15,69.8095,343.666,129.495,160.805,35.485,17.825,0.4386,4.32,0,11.7236887178097,0
"6761",2005,282,16,80.348,107.548,36.62,40.705,8.385,16.905,0.47595,2.96,0,11.7236887968405,0
"6762",2005,282,17,91.5165,14.352,4.435,3.25,1.29,15.54,0.53925,2.605,0,11.6967816630296,0
"6763",2005,282,18,103.117,0.023,0,0,0,14.565,0.59055,2.055,0,11.6932535304068,0
"6764",2005,282,19,114.484,0.36593,0,0,0.185,12.395,0.6838,5.225,0,11.6937848486576,0
"6765",2005,282,20,125.356,0.18791,0,0,0.095,12.07,0.7252,5.97,0,11.6938943678726,0
"6766",2005,282,21,135.0955,0.13846,0,0,0.07,11.175,0.7707,4.225,0,11.6940294213545,0
"6767",2005,282,22,142.6105,0,0,0,0,10.815,0.80085,2.9,0,11.6941899815438,0
"6768",2005,282,23,146.274,0,0,0,0,10.015,0.8381,2.45,0,11.6943638389882,0
"6769",2005,283,0,144.862,0.03956,0,0,0.02,9.095,0.8747,2.64,0,11.69454497994,0
"6770",2005,283,1,138.893,0.20769,0,0,0.105,8.5,0.9063,3.03,0,11.694724179238,0
"6771",2005,283,2,130.0015,0.04945,0,0,0.025,8.58,0.9051,2.8,0,11.6948872936436,0
"6772",2005,283,3,119.5545,0.10879,0,0,0.055,8.735,0.9122,2.155,0,11.6950165413474,0
"6773",2005,283,4,108.367,0.868888888888889,0,0,0.03,9.165,0.90205,2.32,0,11.695117490999,0
"6774",2005,283,5,96.928,1.242,0.035,0,0.045,9.445,0.90145,2.865,0,11.6951784054946,0
"6775",2005,283,6,85.3685,53.728,19.025,20.9,4.62,10.185,0.90265,2.69,0,11.6823916070172,0
"6776",2005,283,7,74.636,163.99,60.745,73.105,15.48,11.79,0.86925,2.45,0,11.6735464806105,0
"6777",2005,283,8,64.6475,230.736,83.555,103.265,22.285,12.805,0.84255,3.095,0,11.6733170506408,0
"6778",2005,283,9,56.14,411.516,151.36,190.46,41.21,12.82,0.8693,3.455,0,11.6733134682786,0
"6779",2005,283,10,49.9885,618.056,233.145,294.895,63.74,13.245,0.85145,4.71,0,11.6733134088752,0
"6780",2005,283,11,47.1735,1044.844,399.985,508.65,109.115,14.635,0.76405,5.47,0,11.6733134907893,0
"6781",2005,283,12,48.293,688.551,263.33,333.2,71.8,15.485,0.72285,6.36,0,11.6733137829253,0
"6782",2005,283,13,53.096,402.086,150.225,187.445,40.335,16.05,0.71405,4.31,0,11.6733134624453,0
"6783",2005,283,14,60.695,239.959,87.2,107.7,23.42,16.195,0.72255,4.165,0,11.6733135991878,0
"6784",2005,283,15,70.1305,288.305,107.685,134.035,29.42,15.91,0.74385,4.475,0,11.6733135276039,0
"6785",2005,283,16,80.6485,113.252,41.235,49.04,10.985,15.97,0.7478,3.57,0,11.6733134212487,0
"6786",2005,283,17,91.7985,6.003,1.505,0.885,0.34,15.87,0.7652,1.935,0,11.6422294812018,0
"6787",2005,283,18,103.409,0.092,0,0,0,15.235,0.7949,2,0,11.640858982387,0
"6788",2005,283,19,114.783,0.046,0,0,0,15.295,0.7692,3.575,0,11.6412793595672,0
"6789",2005,283,20,125.672,0.023,0,0,0,14.84,0.75615,4.92,0,11.641378932229,0
"6790",2005,283,21,135.4375,0,0,0,0,14.505,0.77365,4.05,0,11.6415074215326,0
"6791",2005,283,22,142.9805,0,0,0,0,14.125,0.79395,3.75,0,11.6416633651128,0
"6792",2005,283,23,146.654,0,0,0,0,13.735,0.8199,3.105,0,11.6418373971437,0
"6793",2005,284,0,145.2075,0.023,0,0,0.025,13.59,0.8299,3.305,0,11.6420179182372,0
"6794",2005,284,1,139.1805,0.506,0,0,0,13.26,0.8493,2.795,0,11.642204800858,0
"6795",2005,284,2,130.24,0.483,0,0,0,13.07,0.85795,2.58,0,11.6423869772192,0
"6796",2005,284,3,119.764,0.414,0,0,0,12.915,0.87125,2.85,0,11.6425335288607,0
"6797",2005,284,4,108.559,0.782,0,0,0,12.7,0.88465,2.805,0,11.6426390749586,0
"6798",2005,284,5,97.118,1.84,0.01,0,0.01,12.7,0.89235,2.385,0,11.6427033053182,0
"6799",2005,284,6,85.558,22.885,5.5,4.335,1.595,12.87,0.8985,2.94,0,11.6394741394346,0
"6800",2005,284,7,74.856,79.143,27.33,31.435,7.215,13.04,0.9055,3.78,0,11.556231988497,0
"6801",2005,284,8,64.899,230.575,85.28,105.025,22.865,13.79,0.8869,2.44,0,11.5531995951973,0
"6802",2005,284,9,56.433,379.937,142.23,177.705,38.485,14.655,0.8405,2.28,0,11.5531508436951,0
"6803",2005,284,10,50.325,421.682,157.225,197.715,42.79,15.25,0.821,2.495,0,11.5531501983902,0
"6804",2005,284,11,47.546,552.276,211.84,265.46,56.915,15.86,0.803,2.705,0,11.5531502826455,0
"6805",2005,284,12,48.6745,578.197,221.385,276.82,58.9,16.51,0.76295,2.905,0,11.5531505814338,0
"6806",2005,284,13,53.463,143.382,48.065,57.89,12.65,16.685,0.74745,2.485,0,11.5531502530898,0
"6807",2005,284,14,61.037,195.132,71.75,87.265,19.22,16.85,0.75235,2.385,0,11.553150387962,0
"6808",2005,284,15,70.449,140.024,51.61,62.015,13.635,17.1,0.73895,2.425,0,11.5531503362257,0
"6809",2005,284,16,80.947,53.199,18.935,20.785,5.015,16.885,0.7589,2.205,0,11.5531383576801,0
"6810",2005,284,17,92.1125,3.565,0.81,0.3,0.175,16.45,0.7795,1.575,0,11.4776783232667,0
"6811",2005,284,18,103.697,0.092,0,0,0,16.025,0.80585,1.42,0,11.4780527757943,0
"6812",2005,284,19,115.078,0.138,0,0,0.01,15.245,0.8276,3.785,0,11.4782096154673,0
"6813",2005,284,20,125.984,0.115,0,0,0,14.99,0.825,2.855,0,11.4783061348829,0
"6814",2005,284,21,135.776,0.023,0,0,0,14.13,0.8511,2.715,0,11.4784369083088,0
"6815",2005,284,22,143.3485,0.115,0,0,0,13.1,0.8906,2.16,0,11.4785958374961,0
"6816",2005,284,23,147.0305,0.46,0,0,0,12.415,0.92635,2.695,0,11.478785633269,0
"6817",2005,285,0,145.5505,0.437,0,0,0.165,11.685,0.95495,2.04,0,11.4789940397218,0
"6818",2005,285,1,139.467,0.46,0,0,0.045,10.255,0.97285,1.835,0,11.4791951474167,0
"6819",2005,285,2,130.479,0.621,0,0,0.05,9.81,0.9845,1.65,0,11.4793800873022,0
"6820",2005,285,3,119.9705,1.035,0,0,0.105,9.115,0.99195,1.74,0,11.4795438672011,0
"6821",2005,285,4,108.755,0.46,0,0,0.015,9.08,0.99545,1.96,0,11.4796591616942,0
"6822",2005,285,5,97.309,0.989,0.055,0,0.155,9.37,0.99785,1.32,0,11.4797141945902,0
"6823",2005,285,6,85.746,58.811,20.965,25.59,7.255,9.595,0.99895,0.805,0,11.4812913009917,0
"6824",2005,285,7,75.0765,292.008,110.67,141.2,34.045,10.7,0.999916666666667,1.18,0,11.4753703593309,0
"6825",2005,285,8,65.1515,655.661,253.96,318.45,73.835,13.34,0.9975,0.87,0,11.4751983831657,0
"6826",2005,285,9,56.726,815.649,308.78,387.44,85.775,15.37,0.89065,1.405,0,11.4751956286274,0
"6827",2005,285,10,50.664,883.982,339.88,423.705,89.835,17.115,0.698,1.775,0,11.4751955648199,0
"6828",2005,285,11,47.9155,1177.301,459.65,580.645,122.875,18.4,0.6339,2.01,0,11.4751955809924,0
"6829",2005,285,12,49.053,949.44,367.535,462.065,96.16,19.02,0.601,2.27,0,11.4751956116856,0
"6830",2005,285,13,53.8275,1187.49,460.4,582.3,130.145,20.03,0.5628,1.98,0,11.4751956997301,0
"6831",2005,285,14,61.3775,756.309,286.555,359.965,84.965,20.165,0.55615,2.25,0,11.4751959799009,0
"6832",2005,285,15,70.7665,503.723,191.315,239.8,63.595,20.5,0.5446,1.93,0,11.4751956184128,0
"6833",2005,285,16,81.2415,179.262,66.46,81.255,24.235,20.13,0.55445,1.83,0,11.4751956564928,0
"6834",2005,285,17,92.389,11.592,3.425,2.69,0.81,18.35,0.62385,1.465,0,11.4639593990171,0
"6835",2005,285,18,103.9835,0.115,0,0,0,17.55,0.6506,3.2,0,11.4670090771033,0
"6836",2005,285,19,115.3705,0,0,0,0,15.69,0.72605,2.48,0,11.4677297229483,0
"6837",2005,285,20,126.2915,0,0,0,0.005,14.065,0.80675,1.35,0,11.4678331969256,0
"6838",2005,285,21,136.1145,0.092,0,0,0,14.265,0.796,2.87,0,11.4679622995205,0
"6839",2005,285,22,143.7165,0.46,0,0,0,14.93,0.7834,2.32,0,11.4681314622517,0
"6840",2005,285,23,147.4065,0.092,0,0,0,14.785,0.79025,2.43,0,11.4683231986067,0
"6841",2005,286,0,145.892,0.345,0,0,0,13.51,0.85115,1.62,0,11.4685155110347,0
"6842",2005,286,1,139.7515,0.207,0,0,0,12.555,0.8752,1.185,0,11.4687058347381,0
"6843",2005,286,2,130.7155,0.414,0,0,0,12.05,0.91065,1.075,0,11.4688766652782,0
"6844",2005,286,3,120.1785,0.138,0,0,0,11.95,0.90685,1.16,0,11.4690156785991,0
"6845",2005,286,4,108.9475,0.299,0,0,0,11.285,0.9282,1.175,0,11.4691098913709,0
"6846",2005,286,5,97.5035,0.943,0.05,0,0.045,10.965,0.935,1.91,0,11.4691622960192,0
"6847",2005,286,6,85.975,63.779,28.23,35.045,11.615,10.445,0.96545,1.175,0,11.474634980478,0
"6848",2005,286,7,75.2975,346.219,134.865,168.1,42.42,12.735,0.9159,0.895,0,11.4697489697199,0
"6849",2005,286,8,65.405,702.696,268.425,337.245,83.17,16.275,0.78525,2.71,0,11.4696072200053,0
"6850",2005,286,9,57.019,1034.103,396.97,504.155,115.94,19.005,0.6416,3.445,0,11.4696049528305,0
"6851",2005,286,10,50.9995,1242.966,478.955,610.75,133.82,20.625,0.5823,3.785,0,11.4696049322539,0
"6852",2005,286,11,48.284,1291.749,502.805,641.825,139.575,21.81,0.53795,3.815,0,11.469604923062,0
"6853",2005,286,12,49.428,1071.156,416.885,533.66,119.185,22.585,0.53485,3.935,0,11.4696049164267,0
"6854",2005,286,13,54.191,816.063,312.47,399.485,91.655,22.96,0.5389,5.165,0,11.4696049241777,0
"6855",2005,286,14,61.7155,684.457,259.46,334.57,82.68,23.13,0.5243,5.865,0,11.4696049175062,0
"6856",2005,286,15,71.0795,396.75,149.475,191.03,51.535,22.64,0.52155,5.56,0,11.4696049236528,0
"6857",2005,286,16,81.533,187.404,70.915,91.17,28.16,21.775,0.5235,5.585,0,11.4696049296892,0
"6858",2005,286,17,92.6975,11.063,2.94,3.245,1.61,19.28,0.62975,3.655,0,11.4590581878697,0
"6859",2005,286,18,104.2665,0,0,0,0,16.825,0.7263,3.71,0,11.4626161656347,0
"6860",2005,286,19,115.6605,0,0,0,0,15.61,0.77825,3.67,0,11.4633456664005,0
"6861",2005,286,20,126.597,0,0,0,0,14.76,0.8156,2.87,0,11.4634493751531,0
"6862",2005,286,21,136.446,0.069,0,0,0,13.405,0.86055,2.365,0,11.463578232293,0
"6863",2005,286,22,144.0805,0.345,0,0,0.005,12.465,0.9096,1.21,0,11.463743945763,0
"6864",2005,286,23,147.7825,0.46,0,0,0,11.745,0.9438,1.495,0,11.4639422234499,0
"6865",2005,287,0,146.2315,0.46,0,0,0,10.875,0.97645,1.325,0,11.4641506000591,0
"6866",2005,287,1,140.034,0.391,0,0,0.025,10.805,0.9874,1.53,0,11.4643509390252,0
"6867",2005,287,2,130.952,0.253,0,0,0.205,9.8,0.99235,2.06,0,11.4645236086432,0
"6868",2005,287,3,120.3865,0.207,0,0,0.17,8.125,0.99465,1.325,0,11.4646593281717,0
"6869",2005,287,4,109.141,0.23,0,0,0.015,6.92,0.99635,1.02,0,11.4647538699168,0
"6870",2005,287,5,97.695,0.575,0,0,0.065,6.93,0.9973,0.355,0,11.4648030186436,0
"6871",2005,287,6,86.168,63.365,20.375,25.03,7.83,6.495,0.997,1.06,0,11.4693898106761,0
"6872",2005,287,7,75.521,372.393,137.6,171.58,48.28,8.855,0.999375,0.94,0,11.4643453232037,0
"6873",2005,287,8,65.6595,770.799,293.37,364.77,91.02,13.36,0.9317,2.245,0,11.4641993213892,0
"6874",2005,287,9,57.3115,1075.48,414.225,524.395,119.56,18.465,0.6631,4.625,0,11.464196988611,0
"6875",2005,287,10,51.335,1281.054,496.925,636.475,138.16,20.795,0.5398,5.41,0,11.4641969636775,0
"6876",2005,287,11,48.652,1372.755,534.665,686.455,146.655,22.3,0.44755,5.81,0,11.46419696381,0
"6877",2005,287,12,49.804,1333.609,517.92,664.335,144.045,23.5,0.3472,5.59,0,11.4641969437951,0
"6878",2005,287,13,54.5495,1180.13,454.91,583.88,133.765,24.365,0.29625,5.33,0,11.4641969545241,0
"6879",2005,287,14,62.0505,907.373,343.8,440.515,110.155,24.805,0.28995,5.615,0,11.4641969714376,0
"6880",2005,287,15,71.3925,561.177,206.765,260.95,74.91,24.965,0.28925,5.22,0,11.4641970078967,0
"6881",2005,287,16,81.822,203.642,70.235,86.76,31.195,23.96,0.32355,5.045,0,11.4641970827445,0
"6882",2005,287,17,92.968,10.143,2.055,1.57,1.22,21.705,0.3971,3.84,0,11.4545573876663,0
"6883",2005,287,18,104.546,0,0,0,0,19.405,0.4725,3.905,0,11.4585998366989,0
"6884",2005,287,19,115.9455,0,0,0,0.01,16.99,0.5587,4.265,0,11.4593452697659,0
"6885",2005,287,20,126.8985,0.023,0,0,0,15.86,0.62985,4.7,0,11.4594496918335,0
"6886",2005,287,21,136.7745,0,0,0,0.105,14.24,0.71855,4.32,0,11.4595779357072,0
"6887",2005,287,22,144.441,0,0,0,0,13.265,0.77155,3.11,0,11.4597335301913,0
"6888",2005,287,23,148.1525,0,0,0,0,12.47,0.8181,2.05,0,11.4599073465958,0
"6889",2005,288,0,146.5705,0.276,0,0,0.005,13.525,0.7898,4.305,0,11.4600939855715,0
"6890",2005,288,1,140.316,0.069,0,0,0.055,12.88,0.78455,3.94,0,11.4602780929081,0
"6891",2005,288,2,131.1875,0,0,0,0.01,12.425,0.726,4.58,0,11.460434574433,0
"6892",2005,288,3,120.5915,0,0,0,0.245,11.66,0.72415,4.84,0,11.4605606357922,0
"6893",2005,288,4,109.335,0,0,0,0.155,10.725,0.73565,4.125,0,11.4606481861528,0
"6894",2005,288,5,97.888,0.552,0,0,0.255,9.85,0.74475,4.46,0,11.4606947204207,0
"6895",2005,288,6,86.3965,95.841,33.845,37.665,13.735,8.885,0.7851,3.97,0,11.4804732275092,0
"6896",2005,288,7,75.7425,436.494,165.82,202.25,59.38,11.11,0.70535,5.775,0,11.4780817796986,0
"6897",2005,288,8,65.9125,803.114,311.27,388.215,99.23,13.565,0.5753,6.22,0,11.4780138066204,0
"6898",2005,288,9,57.6065,1103.655,434.575,551.46,127.095,15.87,0.45605,5.465,0,11.4780127416245,0
"6899",2005,288,10,51.67,1303.502,519.75,663.185,143.93,17.1,0.37475,4.755,0,11.4780127862374,0
"6900",2005,288,11,49.0155,1386.187,552.57,708.03,151.39,18.295,0.30775,5.705,0,11.4780127052363,0
"6901",2005,288,12,50.1755,1344.442,532.55,683.395,149.205,19.75,0.25465,6.515,0,11.4780127231107,0
"6902",2005,288,13,54.9075,1186.823,464.125,597.88,138.46,20.36,0.2321,7.31,0,11.47801276603,0
"6903",2005,288,14,62.3825,918.988,353.165,454.835,115.56,20.675,0.2163,7.545,0,11.4780128941263,0
"6904",2005,288,15,71.7005,570.009,213.13,270.195,79.67,20.65,0.2169,7.62,0,11.4780128633839,0
"6905",2005,288,16,82.109,204.838,72.225,88.54,33.42,19.81,0.2288,5.775,0,11.4780127262063,0
"6906",2005,288,17,93.272,9.2,1.705,1.28,1.445,16.955,0.2792,3.475,0,11.4682556281468,0
"6907",2005,288,18,104.822,0,0,0,0,14.335,0.3444,3.175,0,11.4725004207248,0
"6908",2005,288,19,116.227,0,0,0,0,13.605,0.35725,3.175,0,11.4732353988624,0
"6909",2005,288,20,127.196,0,0,0,0.015,12.11,0.40935,2.545,0,11.4733397488938,0
"6910",2005,288,21,137.0995,0,0,0,0,10.72,0.46705,2.85,0,11.4734678205288,0
"6911",2005,288,22,144.798,0,0,0,0.025,9.535,0.52065,3.535,0,11.4736237414038,0
"6912",2005,288,23,148.5225,0,0,0,0,8.645,0.55355,3.395,0,11.4737976291791,0
"6913",2005,289,0,146.906,0,0,0,0,7.935,0.5746,3.37,0,11.4739772654351,0
"6914",2005,289,1,140.5955,0,0,0,0.005,7.05,0.602,2.91,0,11.4741501167281,0
"6915",2005,289,2,131.421,0.138,0,0,0.05,6.2,0.6396,3.375,0,11.4743075775253,0
"6916",2005,289,3,120.7985,0.23,0,0,0.125,4.695,0.71385,3.59,0,11.4744401959618,0
"6917",2005,289,4,109.527,0.115,0,0,0.02,5.005,0.7084,3.795,0,11.4745326930121,0
"6918",2005,289,5,98.082,0.483,0.03,0,0.065,4.37,0.7417,3.67,0,11.4745794203279,0
"6919",2005,289,6,86.589,92.828,33.93,37.695,13.2,4.16,0.75595,2.345,0,11.4914972737998,0
"6920",2005,289,7,75.9655,427.018,166.585,198.76,55.865,6.58,0.74425,2.155,0,11.4889108925533,0
"6921",2005,289,8,66.1685,791.039,309.585,382.84,95.62,10.535,0.66755,3.195,0,11.4888387156981,0
"6922",2005,289,9,57.9005,1089.97,430.725,543.395,123.595,13.995,0.55995,3.225,0,11.4888375964366,0
"6923",2005,289,10,52.004,1291.588,514.52,653.88,140.56,15.34,0.4408,3.565,0,11.4888376269854,0
"6924",2005,289,11,49.378,1373.192,548.485,697.315,147.075,16.93,0.4081,3.23,0,11.4888375495147,0
"6925",2005,289,12,50.545,1335.288,528.91,674.81,145.71,17.965,0.3541,3.87,0,11.4888375626872,0
"6926",2005,289,13,55.2615,1177.071,461.43,589.13,134.305,18.745,0.31285,3.92,0,11.4888375879808,0
"6927",2005,289,14,62.712,923.979,356.28,454.71,113.96,19.31,0.2884,4.16,0,11.4888376559661,0
"6928",2005,289,15,72.0045,424.166,158.28,198.17,54.63,19.245,0.2775,3.61,0,11.4888378447021,0
"6929",2005,289,16,82.3905,192.096,71.6,88.37,28.08,18.86,0.29035,3.085,0,11.4888375877603,0
"6930",2005,289,17,93.538,5.497,0.865,0.76,0.3,17.295,0.3153,2.705,0,11.4769927468109,0
"6931",2005,289,18,105.0945,0.046,0,0,0,15.405,0.3723,2.585,0,11.4811346704335,0
"6932",2005,289,19,116.504,0.115,0,0,0,13.94,0.42755,1.73,0,11.4817979688974,0
"6933",2005,289,20,127.4905,0.023,0,0,0,12.94,0.4844,0.886666666666667,0,11.481903577012,0
"6934",2005,289,21,137.421,0,0,0,0,12.25,0.50505,0.875,0,11.4820324522432,0
"6935",2005,289,22,145.153,0,0,0,0,11.015,0.5744,1.225,0,11.4821891195931,0
"6936",2005,289,23,148.89,0,0,0,0,10.745,0.57635,1.59,0,11.482362998867,0
"6937",2005,290,0,147.2405,0,0,0,0,10.015,0.60875,3.12,0,11.4825424252704,0
"6938",2005,290,1,140.874,0,0,0,0.06,9.065,0.70255,3.54,0,11.4827148234536,0
"6939",2005,290,2,131.653,0,0,0,0,8.76,0.7409,3.67,0,11.482869556999,0
"6940",2005,290,3,121.0045,0,0,0,0,8.63,0.7661,3.575,0,11.4829943015743,0
"6941",2005,290,4,109.722,0.484210526315789,0,0,0,9.065,0.7764,3.715,0,11.4830867540857,0
"6942",2005,290,5,98.2755,0.253,0.005,0,0.03,9.41,0.76285,4.105,0,11.4831351675633,0
"6943",2005,290,6,86.7815,45.954,14.805,14.865,4.135,9.105,0.7727,3.85,0,11.4680256957577,0
"6944",2005,290,7,76.1905,303.508,112.735,138.395,34.9,11.135,0.6608,4.72,0,11.455179823466,0
"6945",2005,290,8,66.423,613.571,229.865,288.43,71.48,14.8,0.4765,8.105,0,11.4548186580842,0
"6946",2005,290,9,58.1945,1039.807,394.97,505.56,118.62,17.91,0.37305,9.265,0,11.4548128548008,0
"6947",2005,290,10,52.337,1145.308,433.93,558.86,124.34,20.445,0.35625,9.395,0,11.4548128021445,0
"6948",2005,290,11,49.7395,1170.24,444.1,572.14,124.52,22.34,0.38645,8.85,0,11.4548128484508,0
"6949",2005,290,12,50.9105,1087.026,411.865,532.055,118.71,24.115,0.38795,8.465,0,11.4548127837327,0
"6950",2005,290,13,55.613,760.587,287.805,367.92,83.615,25.29,0.37935,9.42,0,11.4548128122282,0
"6951",2005,290,14,63.04,642.85,239.425,304.18,75.555,26.075,0.3741,9.12,0,11.4548128873817,0
"6952",2005,290,15,72.309,434.47,158.935,201.78,58.53,26.325,0.38285,9.775,0,11.4548130954774,0
"6953",2005,290,16,82.669,126.5,48.11,59.74,19.67,25.7,0.4173,7.775,0,11.4548128099374,0
"6954",2005,290,17,93.8375,5.589,1.03,0.795,0.955,23.52,0.49215,6.115,0,11.4359618877716,0
"6955",2005,290,18,105.364,0,0,0,0.355,21.25,0.5702,5.405,0,11.4397427001786,0
"6956",2005,290,19,116.7785,0,0,0,0.015,20.735,0.61305,3.935,0,11.4402491599098,0
"6957",2005,290,20,127.7795,0,0,0,0.01,19.725,0.65505,3.8,0,11.4403493492472,0
"6958",2005,290,21,137.7385,0,0,0,0.005,18.55,0.6942,4.175,0,11.4404775486862,0
"6959",2005,290,22,145.5045,0.023,0,0,0,16.935,0.7122,4.085,0,11.4406344545776,0
"6960",2005,290,23,149.2545,0,0,0,0.01,16.39,0.657,3.685,0,11.4408092563236,0
"6961",2005,291,0,147.5725,0,0,0,0,13.79,0.71015,1.78,0,11.4409892974699,0
"6962",2005,291,1,141.151,0,0,0,0,13.71,0.6341,2.655,0,11.4411613866407,0
"6963",2005,291,2,131.8845,0,0,0,0,13.49,0.5925,3.05,0,11.4413155860752,0
"6964",2005,291,3,121.2075,0,0,0,0,12.395,0.6063,2.9,0,11.4414404983949,0
"6965",2005,291,4,109.915,0,0,0,0,10.275,0.69095,1.395,0,11.441527116965,0
"6966",2005,291,5,98.4705,0.322,0.005,0,0,9.715,0.711,1.175,0,11.441571378708,0
"6967",2005,291,6,87.0115,80.086,28.275,31.075,10.405,9.19,0.7389,2.08,0,11.4541580536664,0
"6968",2005,291,7,76.4155,353.625,132.89,157.94,42.915,10.545,0.7685,0.92,0,11.450901289335,0
"6969",2005,291,8,66.678,772.708,294.54,361.24,90.47,14.91,0.5918,1.48,0,11.4508091080105,0
"6970",2005,291,9,58.4885,1069.454,413.8,517.13,116.925,18.325,0.4677,0.985,0,11.4508076334891,0
"6971",2005,291,10,52.6685,1267.024,491.87,624.725,134.11,20.11,0.40775,1.23,0,11.4508076487909,0
"6972",2005,291,11,50.099,1350.836,525.41,668.255,141.535,21.625,0.34975,1.95,0,11.4508076043927,0
"6973",2005,291,12,51.2755,1306.193,504.195,645.105,139.965,22.32,0.32485,2.97,0,11.4508076156934,0
"6974",2005,291,13,55.9615,1147.309,438.26,559.575,127.55,22.985,0.3065,2.76,0,11.4508076332487,0
"6975",2005,291,14,63.363,881.429,331.425,422.675,104.815,23.485,0.30285,2.48,0,11.450807674415,0
"6976",2005,291,15,72.6065,537.349,197.435,249.505,70.42,23.785,0.3003,1.725,0,11.4508077835248,0
"6977",2005,291,16,82.944,180.297,62.55,73.825,26.07,23.5,0.29865,1.57,0,11.4508076878855,0
"6978",2005,291,17,94.098,6.256,1.42,0.77,0.33,21.835,0.32395,2.15,0,11.4396624915793,0
"6979",2005,291,18,105.629,0.092,0,0,0,20.235,0.3613,3.91,0,11.4450768144744,0
"6980",2005,291,19,117.0485,0,0,0,0,17.53,0.4451,3.935,0,11.4457398717366,0
"6981",2005,291,20,128.064,0.023,0,0,0,15.605,0.51705,4.735,0,11.4458436286345,0
"6982",2005,291,21,138.0505,0.023,0,0,0,14.3,0.5771,4.295,0,11.4459730538165,0
"6983",2005,291,22,145.851,0.023,0,0,0,13.365,0.61865,3.72,0,11.446130820986,0
"6984",2005,291,23,149.6175,0,0,0,0,12.845,0.64455,4.365,0,11.4463055957617,0
"6985",2005,292,0,147.903,0,0,0,0,12.71,0.6583,4.695,0,11.446485226643,0
"6986",2005,292,1,141.426,0,0,0,0,12.44,0.67455,4.635,0,11.4466579335846,0
"6987",2005,292,2,132.115,0,0,0,0,12.36,0.68095,3.815,0,11.4468117090259,0
"6988",2005,292,3,121.411,0,0,0,0,12.175,0.6899,2.74,0,11.4469362690524,0
"6989",2005,292,4,110.1085,0,0,0,0,11.855,0.7194,3.47,0,11.4470227162248,0
"6990",2005,292,5,98.6635,0.184,0.08,0,0,12.435,0.7252,2.745,0,11.4470659055642,0
"6991",2005,292,6,87.2065,51.957,18.595,19.195,5.705,13.44,0.727,3.21,0,11.4391609167396,0
"6992",2005,292,7,76.641,347.231,130.25,161.29,45.625,15.38,0.73045,2.57,0,11.4304212024005,0
"6993",2005,292,8,66.9335,694.094,260.065,328.66,83.07,18.315,0.6561,6.73,0,11.4301724664305,0
"6994",2005,292,9,58.7805,1019.36,387.45,492.485,113.815,18.925,0.58045,6.31,0,11.4301684927981,0
"6995",2005,292,10,53.0005,1191.676,455.51,581.11,128.695,19.715,0.52905,6.73,0,11.430168408763,0
"6996",2005,292,11,50.4555,1218.747,468.22,597.885,130.5,20.335,0.50155,6.905,0,11.430168462601,0
"6997",2005,292,12,51.6365,1309.965,504.26,646.035,143.41,19.975,0.5185,7.745,0,11.4301686430682,0
"6998",2005,292,13,56.307,1094.777,416.415,534.29,123.985,19.535,0.52345,7.21,0,11.4301686017183,0
"6999",2005,292,14,63.685,738.783,279.71,358.43,87.735,18.545,0.54255,7.065,0,11.4301684260421,0
"7000",2005,292,15,72.9015,377.361,139.935,178.48,46.895,17.16,0.5389,7.5,0,11.4301684412351,0
"7001",2005,292,16,83.214,89.332,32.735,39.215,11.095,15.855,0.56465,6.99,0,11.4301684670176,0
"7002",2005,292,17,94.389,2.3,0.2,0.025,0.66,14.07,0.62165,6.49,0,11.3997601450891,0
"7003",2005,292,18,105.8895,0,0,0,0.315,12.59,0.67545,6.88,0,11.4027978705473,0
"7004",2005,292,19,117.314,0,0,0,0.14,11.595,0.7144,7.37,0,11.4031278198921,0
"7005",2005,292,20,128.345,0,0,0,0.165,10.785,0.74185,7.07,0,11.4032251451976,0
"7006",2005,292,21,138.361,0.046,0,0,0.02,10.415,0.7533,7.235,0,11.403354561309,0
"7007",2005,292,22,146.1945,0.092,0,0,0.02,10.335,0.76065,6.63,0,11.4035147455495,0
"7008",2005,292,23,149.9785,0.023,0,0,0,10.395,0.7541,5.44,0,11.4036930407401,0
"7009",2005,293,0,148.2305,0.023,0,0,0.365,10.13,0.798,2.55,0.889,11.403873381703,0
"7010",2005,293,1,141.698,0.207,0,0,0.195,9.4,0.8767,4.925,0.889,11.4040516416241,0
"7011",2005,293,2,132.3445,0.46,0,0,0.07,9.23,0.8909,6.47,0.889,11.4042222027272,0
"7012",2005,293,3,121.6165,0.46,0,0,0,9.585,0.8876,6.635,0.889,11.4043669022358,0
"7013",2005,293,4,110.302,0.46,0,0,0.005,9.7,0.89045,6.755,0.889,11.4044673860956,0
"7014",2005,293,5,98.8595,0.46,0,0,0.02,9.775,0.8984,5.56,0.889,11.4045162371462,0
"7015",2005,293,6,87.3995,7.314,1.505,0.135,0.68,9.775,0.91275,5.76,0.889,11.4044752878457,0
"7016",2005,293,7,76.8665,15.939,3.73,2.135,0.885,9.83,0.9286,4.425,0.889,11.4013324244638,0
"7017",2005,293,8,67.1895,42.504,12.055,11.92,2.68,9.605,0.95645,6.32,0.889,11.129321454114,0
"7018",2005,293,9,59.073,141.634,46.315,54.93,10.41,9.62,0.95335,7.56,0.889,11.0902348360868,0
"7019",2005,293,10,53.33,161.207,54.345,64.075,12.595,9.765,0.93755,7.885,0.889,11.0897106017799,0
"7020",2005,293,11,50.81,187.611,62.95,75.435,14.67,9.985,0.9327,5.945,0.889,11.0897042924805,0
"7021",2005,293,12,51.994,201.273,69.01,84.09,16.76,9.79,0.9367,7.1,0.889,11.0897043876437,0
"7022",2005,293,13,56.649,449.604,172.285,215.62,45.08,10.285,0.89665,8.745,0.889,11.0897041673443,0
"7023",2005,293,14,64.002,326.186,122.31,151.975,32.3,10.66,0.88,8.575,0.889,11.0897042002644,0
"7024",2005,293,15,73.1945,101.108,36.325,43.24,10.095,10.26,0.8717,8.755,0.889,11.089704277639,0
"7025",2005,293,16,83.4815,5.359,0.95,0.33,0.51,9.815,0.86345,7.505,0.889,10.9938041977838,0
"7026",2005,293,17,94.6435,0.552,0,0,0.335,9.03,0.9013,7.625,0.889,10.9700378920094,0
"7027",2005,293,18,106.147,0.46,0,0,0.07,8.705,0.9324,7.75,0.889,10.9701417001982,0
"7028",2005,293,19,117.575,0.598,0,0,0.17,8.635,0.93685,7.79,0.889,10.9702031975372,0
"7029",2005,293,20,128.622,0.874,0,0,0.23,8.475,0.92695,9.26,0.889,10.9703180089183,0
"7030",2005,293,21,138.6645,0.92,0,0,0.03,8.32,0.9311,10.335,0.889,10.9704889074935,0
"7031",2005,293,22,146.535,0.92,0,0,0.03,8.33,0.9368,9.7,0.889,10.9707003905204,0
"7032",2005,293,23,150.3335,0.92,0,0,0.025,8.405,0.93635,6.82,0.889,10.9709348769302,0
"7033",2005,294,0,148.5565,0.92,0,0,0.135,8.41,0.9373,6.25,0.105833333333333,10.9711779741237,0
"7034",2005,294,1,141.97,0.92,0,0,0.24,8.025,0.9367,6.905,0.105833333333333,10.9714125007941,0
"7035",2005,294,2,132.573,0.92,0,0,0.205,7.85,0.94375,5.95,0.105833333333333,10.9716215613382,0
"7036",2005,294,3,121.819,0.92,0,0,0.02,8.015,0.94695,5.33,0.105833333333333,10.971791539353,0
"7037",2005,294,4,110.4955,0.92,0,0,0.255,7.93,0.951,5.57,0.105833333333333,10.9719101460075,0
"7038",2005,294,5,99.053,0.943,0,0,0.16,7.7,0.95085,6.945,0.105833333333333,10.9719693382271,0
"7039",2005,294,6,87.6325,9.223,2.14,1.285,0.66,7.77,0.9383,8.12,0.105833333333333,10.9719232979892,0
"7040",2005,294,7,77.0925,56.511,18.67,20.155,4.47,7.985,0.9295,8.875,0.105833333333333,10.8867667783544,0
"7041",2005,294,8,67.4465,173.374,61.605,75.095,15.215,8.41,0.91315,9.045,0.105833333333333,10.8761396022867,0
"7042",2005,294,9,59.366,264.914,97.455,120.2,24.885,8.87,0.8848,9.47,0.105833333333333,10.8759493256157,0
"7043",2005,294,10,53.658,164.68,55.735,65.65,13.225,8.995,0.8605,8.3,0.105833333333333,10.8759466937513,0
"7044",2005,294,11,51.1635,259.601,90.775,110.585,22.705,8.74,0.89985,8.06,0.105833333333333,10.8759466757508,0
"7045",2005,294,12,52.3495,255.783,90.87,110.68,23.01,9.695,0.82665,7.82,0.105833333333333,10.875946654863,0
"7046",2005,294,13,56.9885,227.079,80.945,98.205,20.755,10.14,0.78205,7.86,0.105833333333333,10.875946689594,0
"7047",2005,294,14,64.3155,171.948,61.175,73.79,15.835,10.73,0.73955,7.365,0.105833333333333,10.8759467855192,0
"7048",2005,294,15,73.483,216.637,80.7,100.795,24.71,11.18,0.73105,7.105,0.105833333333333,10.8759470674711,0
"7049",2005,294,16,83.742,127.673,45.265,55.98,19.085,10.99,0.75755,4.805,0.105833333333333,10.8759466815145,0
"7050",2005,294,17,94.8925,3.197,0.575,0.55,0.465,10.07,0.7996,2.93,0.105833333333333,10.8719373710605,0
"7051",2005,294,18,106.3995,0.23,0,0,0.085,9.175,0.84475,2.84,0.105833333333333,10.8842764909509,0
"7052",2005,294,19,117.833,0.391,0,0,0.085,8.84,0.8578,3.02,0.105833333333333,10.8848377370983,0
"7053",2005,294,20,128.8955,0.46,0,0,0.03,8.61,0.8757,2.965,0.105833333333333,10.8849477568235,0
"7054",2005,294,21,138.965,0.46,0,0,0.04,8.1,0.8513,3.035,0.105833333333333,10.8850934092755,0
"7055",2005,294,22,146.871,0.46,0,0,0.065,7.92,0.81855,2.55,0.105833333333333,10.8852722752557,0
"7056",2005,294,23,150.688,0.506,0,0,0.05,7.06,0.8624,2.595,0.105833333333333,10.8854736503564,0
"7057",2005,295,0,148.88,0.874,0,0,0.06,6.685,0.90725,2.5,0.0105833333333333,10.8856955626592,0
"7058",2005,295,1,142.24,0.92,0,0,0.125,6.635,0.91785,2.36,0.0105833333333333,10.8859268945589,0
"7059",2005,295,2,132.7995,0.92,0,0,0.07,6.335,0.923,2.57,0.0105833333333333,10.8861369664787,0
"7060",2005,295,3,122.0205,0.92,0,0,0.04,6.845,0.9127,2.27,0.0105833333333333,10.8863078140427,0
"7061",2005,295,4,110.688,0.92,0,0,0.14,6.65,0.9001,2.58,0.0105833333333333,10.8864282844317,0
"7062",2005,295,5,99.2485,0.621,0,0,0.115,5.54,0.9094,2.02,0.0105833333333333,10.8864872746791,0
"7063",2005,295,6,87.8285,18.239,6.375,5.535,1.565,5.8,0.88745,1.815,0.0105833333333333,10.8861126326023,0
"7064",2005,295,7,77.319,272.803,100.825,124.6,31.715,7.015,0.89355,0.95,0.0105833333333333,10.86155853516,0
"7065",2005,295,8,67.7025,690.46,259.82,333.01,85.395,9.54,0.80715,3.195,0.0105833333333333,10.8600770690754,0
"7066",2005,295,9,59.657,851.23,325.36,419.61,98.32,11.555,0.68895,4.475,0.0105833333333333,10.8600500947491,0
"7067",2005,295,10,53.9845,955.328,365.4,470.405,104.935,12.545,0.5995,5.145,0.0105833333333333,10.8600497274468,0
"7068",2005,295,11,51.5115,1302.973,501.405,651.18,145.345,13.725,0.5663,5.03,0.0105833333333333,10.8600498110561,0
"7069",2005,295,12,52.7005,961.285,365.63,477.895,110.535,13.91,0.6075,7.135,0.0105833333333333,10.8600501202877,0
"7070",2005,295,13,57.323,960.388,364.79,477.015,115.08,13.98,0.5403,7.875,0.0105833333333333,10.8600497786995,0
"7071",2005,295,14,64.625,688.39,255.155,334.915,88.925,13.51,0.53795,8.3,0.0105833333333333,10.8600499173315,0
"7072",2005,295,15,73.7695,203.757,72.375,89.555,22.155,11.49,0.5409,6.565,0.0105833333333333,10.86004989354,0
"7073",2005,295,16,83.9995,77.763,27.595,31.905,8.035,10.84,0.59035,4.02,0.0105833333333333,10.8600497356183,0
"7074",2005,295,17,95.1795,2.208,0.3,0.055,0.2,9.74,0.67655,3.015,0.0105833333333333,10.8401618848451,0
"7075",2005,295,18,106.6485,0,0,0,0,8.985,0.72645,3.56,0.0105833333333333,10.8465010577222,0
"7076",2005,295,19,118.086,0,0,0,0.05,8.865,0.7337,3.515,0.0105833333333333,10.8468095151741,0
"7077",2005,295,20,129.162,0,0,0,0.02,7.99,0.752,3.535,0.0105833333333333,10.8469016179466,0
"7078",2005,295,21,139.26,0,0,0,0.065,7.465,0.73385,4.145,0.0105833333333333,10.8470260430046,0
"7079",2005,295,22,147.2035,0,0,0,0.325,6.36,0.7331,4.295,0.0105833333333333,10.8471794031095,0
"7080",2005,295,23,151.038,0.023,0,0,0.305,4.495,0.78105,3.045,0.0105833333333333,10.8473512687523,0
"7081",2005,296,0,149.2,0.299,0,0,0.03,3.785,0.793,3.06,0,10.8475378830729,0
"7082",2005,296,1,142.507,0.345,0,0,0.08,3.025,0.8319,2.38,0,10.8477291981993,0
"7083",2005,296,2,133.0245,0.368,0,0,0,2.44,0.86425,2.755,0,10.8479034776316,0
"7084",2005,296,3,122.223,0.46,0,0,0,2.685,0.87505,2.37,0,10.8480477549218,0
"7085",2005,296,4,110.88,0.46,0,0,0.03,2.745,0.8785,2.675,0,10.8481516866,0
"7086",2005,296,5,99.4435,0.506,0,0,0.005,2.595,0.8784,2.065,0,10.8482051162083,0
"7087",2005,296,6,88.0205,27.784,9.95,10.355,2.695,2.53,0.88155,0.695,0,10.8453194655186,0
"7088",2005,296,7,77.544,148.074,58.12,70.54,15.83,3.58,0.8435,3.065,0,10.8250278294808,0
"7089",2005,296,8,67.958,303.715,118.075,145.995,31.51,4.54,0.77695,4.235,0,10.8238240394784,0
"7090",2005,296,9,59.947,778.642,301.635,388.245,89.64,6.515,0.6662,4.715,0,10.8238019081018,0
"7091",2005,296,10,54.309,1048.248,404.105,527.75,120.295,8.025,0.56405,6.31,0,10.8238016257644,0
"7092",2005,296,11,51.8595,926.601,353.13,460.08,104.635,8.66,0.4895,6.885,0,10.8238017745222,0
"7093",2005,296,12,53.0505,720.153,276.69,360.01,82.71,9.075,0.454,7.235,0,10.8238023487761,0
"7094",2005,296,13,57.654,637.997,241.15,313.23,74.045,9.26,0.4358,7.825,0,10.8238016290254,0
"7095",2005,296,14,64.931,445.234,166.93,214.72,50.76,9.115,0.48805,7.305,0,10.8238016853732,0
"7096",2005,296,15,74.0495,175.398,63.95,81.22,20.535,8.315,0.5994,7.625,0,10.8238018462489,0
"7097",2005,296,16,84.2515,81.512,29.655,35.82,9.705,7.085,0.70915,7.145,0,10.8238016622257,0
"7098",2005,296,17,95.4215,1.863,0.29,0,0.5,6.2,0.7679,4.94,0,10.807108229981,0
"7099",2005,296,18,106.893,0,0,0,0.28,5.45,0.8351,6.17,0,10.8141335331656,0
"7100",2005,296,19,118.332,0.322,0,0,0.22,4.78,0.91125,5.505,0,10.8144632793825,0
"7101",2005,296,20,129.4235,0.46,0,0,0.245,4.31,0.9374,3.755,0,10.8145670698748,0
"7102",2005,296,21,139.551,0.483,0,0,0,5.015,0.9433,4.795,0,10.8147124714607,0
"7103",2005,296,22,147.5305,0.805,0,0,0.07,5.815,0.92635,6.875,0,10.814900439288,0
"7104",2005,296,23,151.386,0.874,0,0,0.32,5.775,0.9064,8.2,0,10.8151261711221,0
"7105",2005,297,0,149.519,0.782,0,0,0.375,5.1,0.91975,7.34,0,10.8153611433186,0
"7106",2005,297,1,142.774,0.759,0,0,0.3,4.56,0.92395,6.91,0,10.8155838988231,0
"7107",2005,297,2,133.25,0.828,0,0,0.17,4.245,0.9284,6.5,0,10.8157852073718,0
"7108",2005,297,3,122.4255,0.92,0,0,0.065,4.355,0.92635,7.005,0,10.8159536251606,0
"7109",2005,297,4,111.074,0.92,0,0,0.04,4.71,0.9117,7.6,0,10.8160749281868,0
"7110",2005,297,5,99.6385,0.897,0,0,0.24,3.965,0.90295,8.495,0,10.816137029103,0
"7111",2005,297,6,88.2555,12.742,3.69,2.78,1.22,4.245,0.906,7.795,0,10.8160686662391,0
"7112",2005,297,7,77.771,86.94,31.58,36.335,8.355,4.245,0.908,8.285,0,10.7725046049457,0
"7113",2005,297,8,68.2145,318.918,120.58,151.07,33.245,4.595,0.89165,8.715,0,10.7690178299071,0
"7114",2005,297,9,60.2375,625.669,238.895,303.58,67.805,5.495,0.8643,8.26,0,10.7689525647431,0
"7115",2005,297,10,54.6325,895.091,343.025,439.935,97.835,7.375,0.7918,8.27,0,10.7689518353858,0
"7116",2005,297,11,52.204,905.096,348.085,450.3,101.58,8.695,0.71645,8.52,0,10.7689516486541,0
"7117",2005,297,12,53.395,815.235,308.86,402.035,91.75,8.975,0.70625,9.685,0,10.7689517748153,0
"7118",2005,297,13,57.9825,296.033,107.935,137.425,32.05,8.77,0.71165,9.005,0,10.7689522309347,0
"7119",2005,297,14,65.234,347.599,130.82,166.77,39.125,8.97,0.70165,9.37,0,10.7689516510182,0
"7120",2005,297,15,74.328,139.748,51.42,63.255,15,9.01,0.69245,8.495,0,10.768951702835,0
"7121",2005,297,16,84.499,38.893,14.47,15.69,4.64,8.765,0.70985,6.925,0,10.7680504730346,0
"7122",2005,297,17,95.701,0.598,0,0,0.26,8.405,0.7251,6.965,0,10.6899984101177,0
"7123",2005,297,18,107.134,0,0,0,0.305,7.935,0.7266,7.495,0,10.6914312665081,0
"7124",2005,297,19,118.5765,0,0,0,0.25,7.34,0.7474,7,0,10.6915278407274,0
"7125",2005,297,20,129.6825,0,0,0,0.24,7.055,0.75145,7.035,0,10.6916157263829,0
"7126",2005,297,21,139.837,0,0,0,0.2,6.755,0.76175,6.78,0,10.6917396799148,0
"7127",2005,297,22,147.856,0,0,0,0.22,6.47,0.774,6.675,0,10.6918924398566,0
"7128",2005,297,23,151.7315,0,0,0,0.255,6.1,0.8031,6.23,0,10.6920634651688,0
"7129",2005,298,0,149.834,0,0,0,0.085,5.92,0.8166,6.76,0,10.6922411074279,0
"7130",2005,298,1,143.036,0,0,0,0.105,6.025,0.81625,7.11,0,10.6924130838746,0
"7131",2005,298,2,133.4735,0,0,0,0.125,6.03,0.82545,7.43,0,10.6925673800223,0
"7132",2005,298,3,122.6255,0.046,0,0,0.175,5.945,0.8313,7.34,0,10.6926948378084,0
"7133",2005,298,4,111.2665,0,0,0,0.14,5.695,0.8374,7.97,0,10.6927849545392,0
"7134",2005,298,5,99.835,0.138,0,0,0.22,5.61,0.8585,8.365,0,10.6928315941118,0
"7135",2005,298,6,88.4515,50.301,18.775,21.505,8.64,5.48,0.8739,7.115,0,10.7246774326418,0
"7136",2005,298,7,77.996,323.219,117.85,146.16,43.305,5.93,0.8517,8.16,0,10.7226313652056,0
"7137",2005,298,8,68.469,616.009,228.715,291.53,74.435,6.635,0.80845,8.895,0,10.7224293561093,0
"7138",2005,298,9,60.527,939.159,355.21,455.785,107.64,7.815,0.75135,7.63,0,10.7224256265205,0
"7139",2005,298,10,54.9535,864.087,330.45,423.145,94.24,8.82,0.6994,7.235,0,10.7224257125249,0
"7140",2005,298,11,52.5455,1042.613,400.785,517.45,115.145,9.815,0.6436,7.06,0,10.7224255350911,0
"7141",2005,298,12,53.737,740.002,283.32,366.63,82.755,10.625,0.59,6.36,0,10.7224255622907,0
"7142",2005,298,13,58.3075,409.055,155.57,198.71,45.065,10.745,0.5847,6.38,0,10.722425638186,0
"7143",2005,298,14,65.532,370.967,142.94,181.49,41.075,10.74,0.59145,6.665,0,10.7224258853399,0
"7144",2005,298,15,74.5995,244.421,94.135,118.375,28.375,10.715,0.5887,5.34,0,10.7224255924564,0
"7145",2005,298,16,84.74,64.331,23.885,27.925,7.34,10.41,0.6097,3.485,0,10.7224254743927,0
"7146",2005,298,17,95.939,1.127,0.175,0,0.35,9.525,0.65365,3.01,0,10.6991994549219,0
"7147",2005,298,18,107.369,0,0,0,0.14,8.155,0.69925,2.59,0,10.704654163192,0
"7148",2005,298,19,118.8145,0,0,0,0.025,8.155,0.7,2.52,0,10.7048898531711,0
"7149",2005,298,20,129.9355,0,0,0,0.035,7.875,0.72845,1.81,0,10.7049808754756,0
"7150",2005,298,21,140.1175,0,0,0,0,6.88,0.7765,1.93,0,10.7051055647741,0
"7151",2005,298,22,148.1745,0.046,0,0,0.03,6.08,0.7937,2.635,0,10.7052597041368,0
"7152",2005,298,23,152.071,0.207,0,0,0,4.585,0.85605,1.55,0,10.7054368088013,0
"7153",2005,299,0,150.1485,0.322,0,0,0.005,4.335,0.8572,1.765,0,10.7056306025093,0
"7154",2005,299,1,143.2985,0.46,0,0,0.005,3.9,0.86465,2.17,0,10.7058251590173,0
"7155",2005,299,2,133.695,0.092,0,0,0.035,3.845,0.8654,1.155,0,10.705995958602,0
"7156",2005,299,3,122.826,0.046,0,0,0,3.26,0.89575,1.575,0,10.7061249237887,0
"7157",2005,299,4,111.459,0.253,0,0,0.015,2.775,0.9087,1.64,0,10.7062172423644,0
"7158",2005,299,5,100.0305,0.138,0,0,0.01,2.765,0.901,1.18,0,10.7062653539978,0
"7159",2005,299,6,88.6465,34.247,13.55,15.315,4.275,2.93,0.89545,0.185,0,10.7066280410385,0
"7160",2005,299,7,78.2255,196.903,79.14,96.665,22.34,4.22,0.87935,0.74,0,10.698133636681,0
"7161",2005,299,8,68.726,359.03,141.52,174.58,37.02,5.805,0.85795,0.7,0,10.6974316471958,0
"7162",2005,299,9,60.8155,798.79,312.32,395.405,88.045,8.615,0.75355,0.515,0,10.6974185188527,0
"7163",2005,299,10,55.273,1165.18,452.975,579.845,129.93,10.44,0.56905,1.495,0,10.6974183831585,0
"7164",2005,299,11,52.8845,991.231,388.08,497.4,108.51,11.11,0.53355,1.455,0,10.6974185911895,0
"7165",2005,299,12,54.0755,751.778,288.685,373.085,83.34,11.405,0.47965,2.625,0,10.6974184864935,0
"7166",2005,299,13,58.6265,943.529,364.01,473.825,112.48,11.86,0.45185,2.695,0,10.6974183770866,0
"7167",2005,299,14,65.8275,758.126,293.455,386.645,98.305,12.36,0.42855,2.57,0,10.697418459215,0
"7168",2005,299,15,74.8695,181.079,65.73,79.255,17.755,11.34,0.4713,1.195,0,10.6974187017763,0
"7169",2005,299,16,84.9775,103.776,38.565,46.005,15.505,11.715,0.4638,0.74,0,10.6974183785628,0
"7170",2005,299,17,96.2115,0.575,0.02,0,0.01,10.85,0.4887,1.615,0,10.6954643557682,0
"7171",2005,299,18,107.6,0.069,0,0,0,9.76,0.62075,3.305,0,10.7071117272604,0
"7172",2005,299,19,119.0475,0.046,0,0,0,9.355,0.6559,1.73,0,10.7075565772654,0
"7173",2005,299,20,130.183,0,0,0,0,8.985,0.6882,1.8,0,10.707651905351,0
"7174",2005,299,21,140.392,0,0,0,0,8.64,0.71615,1.89,0,10.7077765874841,0
"7175",2005,299,22,148.489,0,0,0,0,8.29,0.72045,2.165,0,10.7079296204907,0
"7176",2005,299,23,152.4105,0,0,0,0,8,0.7059,2.175,0,10.7081008231436,0
"7177",2005,300,0,150.4605,0,0,0,0.06,7.095,0.77645,2.165,0,10.7082782997182,0
"7178",2005,300,1,143.558,0,0,0,0.16,5.9,0.83155,2.41,0,10.7084498979767,0
"7179",2005,300,2,133.916,0.276,0,0,0.01,5.665,0.843,2.165,0,10.7086097751592,0
"7180",2005,300,3,123.025,0.276,0,0,0.145,5.18,0.8732,2.43,0,10.7087470756235,0
"7181",2005,300,4,111.6515,0.276,0,0,0.15,4.84,0.88415,2.665,0,10.7088438120449,0
"7182",2005,300,5,100.227,0.345,0,0,0.28,3.63,0.91385,3.115,0,10.7088932894277,0
"7183",2005,300,6,88.8825,39.537,13.77,14.82,5.235,2.96,0.91615,3.47,0,10.7184490629704,0
"7184",2005,300,7,78.4505,294.101,111.125,137.945,40.67,4.2,0.8823,2.805,0,10.7132634741324,0
"7185",2005,300,8,68.9805,656.052,249.99,318.84,84.04,6.91,0.82005,3.845,0,10.712821580112,0
"7186",2005,300,9,61.103,950.452,362.28,466.155,111.915,8.89,0.74235,4.65,0,10.7128133795985,0
"7187",2005,300,10,55.59,1091.2925,428.185,552.22,126.455,10.005,0.66755,4.7,0,10.7128132990624,0
"7188",2005,300,11,53.2185,870.435,336.015,434.085,98.22,10.545,0.5857,4.605,0,10.7128134491179,0
"7189",2005,300,12,54.409,985.826,382.825,494.66,112.445,11.195,0.53875,3.89,0,10.7128133249949,0
"7190",2005,300,13,58.9425,578.548571428571,268.605,347.43,82.55,11.46,0.5068,3.74,0,10.7128134932291,0
"7191",2005,300,14,66.117,519.637647058824,218.675,282.46,71.675,11.715,0.4837,3.98,0,10.7128134616833,0
"7192",2005,300,15,75.1335,351.486,132.795,171.64,48.14,11.48,0.50375,3.965,0,10.7128132868149,0
"7193",2005,300,16,85.209,80.201,28.34,34.51,11.355,10.545,0.54665,2.79,0,10.7128132929692,0
"7194",2005,300,17,96.445,1.472,0.12,0.02,0.115,9.545,0.6045,2.605,0,10.703076407636,0
"7195",2005,300,18,107.825,0,0,0,0,8.61,0.6173,1.87,0,10.7115017996343,0
"7196",2005,300,19,119.276,0,0,0,0,7.89,0.65565,0.85,0,10.711835053035,0
"7197",2005,300,20,130.425,0,0,0,0,5.81,0.75975,0.965,0,10.7119281349975,0
"7198",2005,300,21,140.6615,0,0,0,0,5.27,0.78455,1.845,0,10.7120529336709,0
"7199",2005,300,22,148.799,0.03956,0,0,0.02,4.355,0.82685,1.29,0,10.712207267715,0
"7200",2005,300,23,152.7435,0,0,0,0,3.82,0.86075,1.335,0,10.7123799202703,0
"7201",2005,301,0,150.769,0,0,0,0,3.945,0.8555,0.606666666666667,0,10.7125572103119,0
"7202",2005,301,1,143.8165,0,0,0,0,1.9,0.92845,0.757142857142857,0,10.712729064191,0
"7203",2005,301,2,134.1355,0,0,0,0,2.245,0.9497,1.01428571428571,0,10.7128826377283,0
"7204",2005,301,3,123.225,0.00989,0,0,0.005,1.125,0.95475,1.4,0,10.7130080440685,0
"7205",2005,301,4,111.8435,0,0,0,0,0.205,0.96525,1.34,0,10.7130961131118,0
"7206",2005,301,5,100.422,0.00989,0,0,0.005,-0.07,0.9651,1,0,10.7131405896041,0
"7207",2005,301,6,89.077,67.5688888888889,13.14,14.805,5.715,-0.045,0.96835,1.395,0,10.7582443990941,0
"7208",2005,301,7,78.678,296.953,114.22,139.77,40.725,1.26,0.94565,0.633333333333333,0,10.7568291660102,0
"7209",2005,301,8,69.234,648.301,250.41,311.67,79.105,6.17,0.80755,0.876923076923077,0,10.7567291139434,0
"7210",2005,301,9,61.3875,942.402,367.32,467.275,110.315,8.36,0.71635,1.745,0,10.7567273058274,0
"7211",2005,301,10,55.9065,1140.041,446.565,570.835,128.725,10.765,0.5872,2.215,0,10.7567272989766,0
"7212",2005,301,11,53.5525,1212.376,475.66,611.46,136.82,11.775,0.51735,2.125,0,10.7567272743148,0
"7213",2005,301,12,54.7395,1116.006,438.18,564.135,128.39,12.51,0.4761,1.605,0,10.7567272992132,0
"7214",2005,301,13,59.254,992.059,385.715,496,118.465,13.155,0.4574,1.46,0,10.7567273683254,0
"7215",2005,301,14,66.4025,754.308,288.655,373.74,98.025,13.245,0.45125,1.67,0,10.7567275920842,0
"7216",2005,301,15,75.3955,398.797,152.36,194.435,58.5,13.4,0.4408,1.135,0,10.7567273381446,0
"7217",2005,301,16,85.4725,97.865,35.78,42.465,15.46,12.765,0.46465,1.3,0,10.7567274249355,0
"7218",2005,301,17,96.672,1.242,0.115,0,0,11.495,0.49715,1.925,0,10.7534402046532,0
"7219",2005,301,18,108.0475,0.023,0,0,0,10.005,0.5516,2.375,0,10.764417480533,0
"7220",2005,301,19,119.4995,0.046,0,0,0,9.535,0.5715,2.86,0,10.7648421348329,0
"7221",2005,301,20,130.6615,0.023,0,0,0.01,8.31,0.6175,2.88,0,10.7649386151204,0
"7222",2005,301,21,140.9275,0.414,0,0,0,6.16,0.6961,2.75,0,10.7650726165663,0
"7223",2005,301,22,149.104,0.092,0,0,0,5.645,0.7283,2.905,0,10.7652411584927,0
"7224",2005,301,23,153.075,0.253,0,0,0,4.715,0.77355,2.415,0,10.7654226927746,0
"7225",2005,302,0,151.074,0.391,0,0,0,3.59,0.8109,1.57,0.0105833333333333,10.7656196570226,0
"7226",2005,302,1,144.072,0,0,0,0,3.66,0.80485,1.615,0.0105833333333333,10.7658046888741,0
"7227",2005,302,2,134.353,0,0,0,0,3.63,0.7988,1.815,0.0105833333333333,10.7659585523587,0
"7228",2005,302,3,123.423,0,0,0,0,2.925,0.82425,3.255,0.0105833333333333,10.7660832005838,0
"7229",2005,302,4,112.036,0,0,0,0,2.505,0.8356,3.49,0.0105833333333333,10.766170394342,0
"7230",2005,302,5,100.6185,0,0,0,0,2.23,0.84125,2.645,0.0105833333333333,10.7662141040494,0
"7231",2005,302,6,89.3105,32.0230769230769,14.085,14.54,5.205,2.175,0.84355,2.635,0.0105833333333333,10.7618629014161,0
"7232",2005,302,7,78.9035,331.497647058823,115.98,142.32,42.385,2.86,0.84245,2.51,0.0105833333333333,10.7485495272636,0
"7233",2005,302,8,69.487,659.801,250.65,316.88,83.505,7.165,0.7402,4.65,0.0105833333333333,10.7476908602968,0
"7234",2005,302,9,61.673,938.885555555555,363.415,469.555,114.27,10.33,0.60865,6.21,0.0105833333333333,10.7476751542244,0
"7235",2005,302,10,56.219,1091.81,439.285,571.53,133.75,11.95,0.5336,6.715,0.0105833333333333,10.7476749826349,0
"7236",2005,302,11,53.881,1231.57333333333,469.705,613.14,142.195,12.965,0.49,6.06,0.0105833333333333,10.7476749248639,0
"7237",2005,302,12,55.0645,1150.782,448.995,589.46,139.93,13.755,0.45795,5.92,0.0105833333333333,10.7476749633655,0
"7238",2005,302,13,59.561,980.95,381.415,503.175,125.88,14.33,0.4359,5.62,0.0105833333333333,10.7476750794524,0
"7239",2005,302,14,66.684,748.202105263158,277.48,366.69,100.935,14.68,0.42475,5.925,0.0105833333333333,10.7476754654706,0
"7240",2005,302,15,75.6505,444.36,150.7,197.34,63.52,14.495,0.4306,5.93,0.0105833333333333,10.7476749584786,0
"7241",2005,302,16,85.696,124.101428571429,32.475,39.835,17.38,13.19,0.47935,4.96,0.0105833333333333,10.7476749929011,0
"7242",2005,302,17,96.8955,0.851,0,0,0.01,10.965,0.5585,4.45,0.0105833333333333,10.7491205546876,0
"7243",2005,302,18,108.262,0,0,0,0.07,9.385,0.60945,4.76,0.0105833333333333,10.7633853088321,0
"7244",2005,302,19,119.717,0,0,0,0,7.75,0.6678,4.74,0.0105833333333333,10.7639231205736,0
"7245",2005,302,20,130.893,0.0726315789473684,0,0,0.02,6.62,0.7001,4.915,0.0105833333333333,10.7640210743343,0
"7246",2005,302,21,141.186,0.15824,0,0,0.08,5.51,0.73855,5.165,0.0105833333333333,10.7641511482297,0
"7247",2005,302,22,149.4025,0,0,0,0.015,5.175,0.74825,4.3,0.0105833333333333,10.7643095985756,0
"7248",2005,302,23,153.402,0.66125,0,0,0.02,4.405,0.7733,3.075,0.0105833333333333,10.7644982650387,0
"7249",2005,303,0,151.3765,0.7475,0,0,0,3.875,0.7807,2.7,0.0211666666666667,10.7647213586282,0
"7250",2005,303,1,144.328,1.38,0,0,0,3.535,0.7989,2.36,0.0211666666666667,10.7649618457275,0
"7251",2005,303,2,134.5705,0.736,0,0,0,3.5,0.7879,3.18,0.0211666666666667,10.7651838590865,0
"7252",2005,303,3,123.6195,0.338947368421053,0,0,0,2.89,0.78635,3.63,0.0211666666666667,10.7653358129642,0
"7253",2005,303,4,112.227,0.847368421052631,0,0,0,2.665,0.79395,3.6,0.0211666666666667,10.7654410964443,0
"7254",2005,303,5,100.815,0.483,0,0,0,1.825,0.81845,3.555,0.0211666666666667,10.7654965552039,0
"7255",2005,303,6,89.509,35.259,13.34,12.76,4.755,2.025,0.8185,3.85,0.0211666666666667,10.7641452753428,0
"7256",2005,303,7,79.129,274.006666666667,110.465,136.69,42.015,3.655,0.8145,4.59,0.0211666666666667,10.7540817705617,0
"7257",2005,303,8,69.7435,720.36,247.34,317.545,86.87,8.095,0.6904,7.105,0.0211666666666667,10.7534212147162,0
"7258",2005,303,9,61.9565,929.499,353.29,460.2,114.94,11.64,0.5458,8.76,0.0211666666666667,10.7534091329957,0
"7259",2005,303,10,56.5295,1109.704,422.59,553.16,132.87,14.12,0.4585,9.85,0.0211666666666667,10.7534091190132,0
"7260",2005,303,11,54.206,1148.87875,441.97,579.97,137.845,15.61,0.42895,9.3,0.0211666666666667,10.7534089669764,0
"7261",2005,303,12,55.3875,996.36,372.65,490.8,118.25,16.505,0.41045,8.445,0.0211666666666667,10.7534090100764,0
"7262",2005,303,13,59.864,861.718,320.97,419.86,104.345,17.325,0.3985,8.145,0.0211666666666667,10.7534091428738,0
"7263",2005,303,14,66.9605,539.212,197.16,257.755,65.875,17.45,0.399,8.96,0.0211666666666667,10.7534095872039,0
"7264",2005,303,15,75.901,318.458,118.055,152.07,41.77,17.08,0.42145,8.425,0.0211666666666667,10.7534089973856,0
"7265",2005,303,16,85.914,90.39,31.525,39.34,13.84,15.99,0.47715,7.525,0.0211666666666667,10.7534090275671,0
"7266",2005,303,17,97.114,0.667,0,0,0.235,14.095,0.55285,5.155,0.0211666666666667,10.7472246539125,0
"7267",2005,303,18,108.4745,0.08901,0,0,0.045,13.17,0.5953,4.815,0.0211666666666667,10.7568314804593,0
"7268",2005,303,19,119.9305,0,0,0,0,12.275,0.6324,5.1,0.0211666666666667,10.757210407477,0
"7269",2005,303,20,131.118,0,0,0,0,12.41,0.6338,5.235,0.0211666666666667,10.7573049264107,0
"7270",2005,303,21,141.4395,0.42527,0,0,0.215,12.58,0.6432,5.75,0.0211666666666667,10.7574384206014,0
"7271",2005,303,22,149.698,0.22747,0,0,0.115,11.93,0.74365,5.77,0.0211666666666667,10.7576102242821,0
"7272",2005,303,23,153.724,0.30659,0,0,0.155,11.925,0.7771,6.81,0.0211666666666667,10.7577976347477,0
"7273",2005,304,0,151.6775,0.0989,0,0,0.05,11.57,0.8354,6.8,1.34408333333333,10.7579888658982,0
"7274",2005,304,1,144.578,0.00989,0,0,0.005,11.34,0.84295,4.13,1.34408333333333,10.7581638063078,0
"7275",2005,304,2,134.787,0,0,0,0,11.14,0.8539,3.455,1.34408333333333,10.7583180959816,0
"7276",2005,304,3,123.818,0,0,0,0,10.9,0.863,3.99,1.34408333333333,10.7584428476967,0
"7277",2005,304,4,112.4195,0,0,0,0,10.99,0.8443,4.82,1.34408333333333,10.758530191504,0
"7278",2005,304,5,101.0095,0,0,0,0,10.865,0.8587,3.52,1.34408333333333,10.7585741163175,0
"7279",2005,304,6,89.7025,26.28762,10.09,11.04,3.2,10.72,0.84485,4.56,1.34408333333333,10.756075785908,0
"7280",2005,304,7,79.355,148.03352,57.475,70.25,17.365,11.42,0.8079,4.33,1.34408333333333,10.7347233007157,0
"7281",2005,304,8,69.9955,244.00608,96.745,119.585,26.615,11.865,0.80585,4.78,1.34408333333333,10.7334225061831,0
"7282",2005,304,9,62.238,349.07744,137.36,173.11,39.12,13.045,0.79685,6.525,1.34408333333333,10.7333985102877,0
"7283",2005,304,10,56.837,290.69677,115.14,144.16,31.825,13.87,0.78655,5.485,1.34408333333333,10.7333981935192,0
"7284",2005,304,11,54.528,118.19539,47.275,57.455,12.48,13.525,0.81135,5.21,1.34408333333333,10.7333983151078,0
"7285",2005,304,12,55.706,113.46797,46.42,55.605,10.945,11.67,0.9401,4.185,1.34408333333333,10.733398778294,0
"7286",2005,304,13,60.163,77.9332,32.24,36.83,7.16,11.25,0.9702,3.59,1.34408333333333,10.7333981870138,0
"7287",2005,304,14,67.233,38.72924,16.1,16.67,3.48,10.915,0.9839,3.355,1.34408333333333,10.7259821469374,0
"7288",2005,304,15,76.1475,16.77344,6.7,5.995,1.78,10.495,0.9917,4.605,1.34408333333333,10.3558299752811,0
"7289",2005,304,16,86.165,1.89888,0.71,0.025,0.25,10.2,0.99425,3.255,1.34408333333333,10.3362451626104,0
"7290",2005,304,17,97.3255,0,0,0,0,10.2,0.99615,1.605,1.34408333333333,10.3361369652465,0
"7291",2005,304,18,108.679,0.971111111111111,0,0,0,10.2,0.9974,2.03,1.34408333333333,10.3361447057429,0
"7292",2005,304,19,120.137,1.55692307692308,0,0,0,10.245,0.9981,2.79,1.34408333333333,10.3362196989481,0
"7293",2005,304,20,131.338,0.92,0,0,0.24,10.44,0.99795,4.935,1.34408333333333,10.3363605657648,0
"7294",2005,304,21,141.6865,10.8866666666667,0,0,0.4,9.915,0.9655,6.275,1.34408333333333,10.33748924952,0
"7295",2005,304,22,149.988,0.44505,0,0,0.225,9.8,0.9599,4.69,1.34408333333333,10.3394014385515,0
"7296",2005,304,23,154.042,0.33626,0,0,0.17,9.485,0.9604,2.705,1.34408333333333,10.3396414110677,0
"7297",2005,305,0,151.9745,0.92,0,0,0.015,9.35,0.974,3.005,0.0423333333333333,10.3398568791503,0
"7298",2005,305,1,144.829,0.45494,0,0,0.23,9.445,0.97045,4.055,0.0423333333333333,10.340072473481,0
"7299",2005,305,2,135.002,0.88021,0,0,0.445,8.63,0.9265,5.27,0.0423333333333333,10.3402592443452,0
"7300",2005,305,3,124.0145,1.87538461538462,0,0,0.5,6.775,0.90425,5.15,0.0423333333333333,10.3404464140143,0
"7301",2005,305,4,112.611,1.77428571428571,0,0,0.385,5.66,0.8871,4.285,0.0423333333333333,10.3405994745142,0
"7302",2005,305,5,101.2065,1.07333333333333,0,0,0.18,4.3,0.9112,2.485,0.0423333333333333,10.3406650729931,0
"7303",2005,305,6,89.9375,46.92,6.18,4.845,1.62,3.135,0.92745,3.455,0.0423333333333333,10.3689548651477,0
"7304",2005,305,7,79.58,123.51,107.51,132.085,39.32,3.56,0.9225,2.39,0.0423333333333333,10.3674347151126,0
"7305",2005,305,8,70.246,742.44,243,303.39,79.695,5.735,0.87195,3.35,0.0423333333333333,10.367201076964,0
"7306",2005,305,9,62.5175,908.178,351.265,448.56,109.085,7.815,0.82655,4.465,0.0423333333333333,10.3671966291076,0
"7307",2005,305,10,57.1405,1119.87,429.95,556.71,131.2,9.59,0.71925,4.33,0.0423333333333333,10.367196655357,0
"7308",2005,305,11,54.8455,1195.29789473684,462.275,597.68,139.925,10.51,0.6501,3.63,0.0423333333333333,10.3671965593949,0
"7309",2005,305,12,56.019,1141.927,449.55,581.12,139.995,11.285,0.5998,3.345,0.0423333333333333,10.3671965764262,0
"7310",2005,305,13,60.457,987.39,377.22,491.415,125.865,11.89,0.5985,4.81,0.0423333333333333,10.367196611568,0
"7311",2005,305,14,67.5005,719.693,268.18,350.295,98.73,12.205,0.6025,4.8,0.0423333333333333,10.3671967132619,0
"7312",2005,305,15,76.3885,392.656,141.01,184.075,60.26,12.395,0.58345,5.265,0.0423333333333333,10.3671970207776,0
"7313",2005,305,16,86.373,85.445,27.29,32.935,14.83,11.675,0.64035,3.53,0.0423333333333333,10.3671965992431,0
"7314",2005,305,17,97.5345,0.598,0,0,0.07,9.52,0.742,3.865,0.0423333333333333,10.3843076394605,0
"7315",2005,305,18,108.8795,0,0,0,0.035,7.92,0.8249,3.92,0.0423333333333333,10.398966651924,0
"7316",2005,305,19,120.338,0,0,0,0.005,6.955,0.8609,3.95,0.0423333333333333,10.3993751537209,0
"7317",2005,305,20,131.552,0,0,0,0,6.665,0.86585,4.415,0.0423333333333333,10.399471984645,0
"7318",2005,305,21,141.927,0,0,0,0.015,7.115,0.82805,5.04,0.0423333333333333,10.3995990949328,0
"7319",2005,305,22,150.271,0,0,0,0.125,6.44,0.84115,4.575,0.0423333333333333,10.3997533569773,0
"7320",2005,305,23,154.357,0,0,0,0.06,6.11,0.84075,4.21,0.0423333333333333,10.3999243652585,0
"7321",2005,306,0,152.268,0,0,0,0.005,6.49,0.8071,3.415,0,10.4001002924724,0
"7322",2005,306,1,145.0775,0.115,0,0,0,6.385,0.817,2.465,0,10.4002722247801,0
"7323",2005,306,2,135.2145,0,0,0,0,5.495,0.8486,2.55,0,10.400425789394,0
"7324",2005,306,3,124.21,0,0,0,0,4.91,0.86195,2.14,0,10.40054671536,0
"7325",2005,306,4,112.801,0,0,0,0,4.655,0.85665,3.04,0,10.400629931867,0
"7326",2005,306,5,101.402,0,0,0,0,4.195,0.8619,1.52,0,10.4006695580822,0
"7327",2005,306,6,90.1345,36.317,11.335,10.16,4.355,3.8,0.8622,2.025,0,10.4034348320444,0
"7328",2005,306,7,79.8055,303.324,111.915,132.48,39.565,4.09,0.8678,1.345,0,10.3987530824053,0
"7329",2005,306,8,70.4965,645.702,243.755,302.49,79.61,8.5,0.7709,2.825,0,10.3981889845438,0
"7330",2005,306,9,62.7945,937.963,355.065,450.855,110.26,11.965,0.62425,3.17,0,10.3981782817116,0
"7331",2005,306,10,57.4445,1131.922,428.3,549.81,129.525,14.96,0.50135,4.315,0,10.3981783194413,0
"7332",2005,306,11,55.161,1219.299,459.16,594.455,139.525,16.675,0.4241,5.795,0,10.3981781313391,0
"7333",2005,306,12,56.328,1127.69,420.9,547.04,130.865,17.63,0.3475,6.105,0,10.3981781565352,0
"7334",2005,306,13,60.7445,1013.794,373.025,486.165,123.465,18.3,0.32,6.53,0,10.3981782213132,0
"7335",2005,306,14,67.7625,753.802,270.765,352.43,98.45,18.715,0.3369,7.775,0,10.3981784270267,0
"7336",2005,306,15,76.6245,405.513,140.2,180.125,58.91,18.25,0.40195,7.485,0,10.3981782160413,0
"7337",2005,306,16,86.615,92.046,28.285,33.885,16.455,16.15,0.5245,6.04,0,10.3981783280228,0
"7338",2005,306,17,97.736,0.506,0,0,0.205,13.575,0.61115,5.38,0,10.4153059017462,0
"7339",2005,306,18,109.0735,0,0,0,0,12.82,0.6364,6.255,0,10.4311355518319,0
"7340",2005,306,19,120.535,0,0,0,0.015,12.57,0.64465,7.06,0,10.4315792062235,0
"7341",2005,306,20,131.7595,0,0,0,0.075,12.615,0.65715,8.11,0,10.4316765048293,0
"7342",2005,306,21,142.1625,0,0,0,0.03,11.91,0.6984,7.23,0,10.4318035520902,0
"7343",2005,306,22,150.549,0,0,0,0,11.835,0.70695,6.69,0,10.4319578033505,0
"7344",2005,306,23,154.669,0,0,0,0,11.475,0.71805,6.75,0,10.4321288742875,0
"7345",2005,307,0,152.56,0,0,0,0.01,11.31,0.7124,6.485,0,10.4323049741329,0
"7346",2005,307,1,145.3215,0,0,0,0.005,11.725,0.68805,6.795,0,10.432473772427,0
"7347",2005,307,2,135.428,0,0,0,0.195,10.915,0.7194,5.565,0,10.4326246312321,0
"7348",2005,307,3,124.405,0,0,0,0.085,9.405,0.777,5.435,0,10.4327457443233,0
"7349",2005,307,4,112.9925,0,0,0,0,10.05,0.7503,6.51,0,10.4328291703241,0
"7350",2005,307,5,101.5965,0,0,0,0.34,9.34,0.7692,5.47,0,10.4328690654515,0
"7351",2005,307,6,90.367,29.693,11.03,10.955,3.98,7.835,0.8311,5,0,10.4292743865662,0
"7352",2005,307,7,80.029,294.124,109.035,135.87,41.315,10.455,0.75085,7.145,0,10.4206904601539,0
"7353",2005,307,8,70.746,471.362,173.02,220.7,58.675,13.355,0.64235,9.63,0,10.4197556912562,0
"7354",2005,307,9,63.072,714.932,264.39,342,86.89,15.585,0.5674,9.54,0,10.4197379270129,0
"7355",2005,307,10,57.743,964.482,360.83,469.6,115.17,17.975,0.487,9.72,0,10.4197376690863,0
"7356",2005,307,11,55.472,938.975,348.49,454.745,109.99,19.71,0.41445,9.76,0,10.4197377279111,0
"7357",2005,307,12,56.6325,972.946,364.455,475.455,118.53,20.855,0.3416,12.07,0,10.4197379318534,0
"7358",2005,307,13,61.0295,879.888,322.845,424.745,112.575,21.225,0.33425,13.275,0,10.4197378252924,0
"7359",2005,307,14,68.021,681.881,247.275,325.52,92.305,20.95,0.3641,13.67,0,10.4197377028314,0
"7360",2005,307,15,76.857,320.068,114.32,148.215,45.545,20.4,0.37755,12.4,0,10.4197377527326,0
"7361",2005,307,16,86.8135,79.166,24.55,28.99,13.04,18.34,0.4671,7.63,0,10.4197378659597,0
"7362",2005,307,17,97.933,0.368,0,0,0.035,16.785,0.51455,7.785,0,10.4304756634082,0
"7363",2005,307,18,109.263,0,0,0,0.13,15.69,0.54595,7.855,0,10.4425811211943,0
"7364",2005,307,19,120.7255,0,0,0,0.01,15.275,0.5571,8.555,0,10.4429384921077,0
"7365",2005,307,20,131.9615,0,0,0,0.035,14.645,0.5789,8.1,0,10.4430340377047,0
"7366",2005,307,21,142.392,0,0,0,0.035,14.62,0.58025,8.795,0,10.4431606042185,0
"7367",2005,307,22,150.82,0,0,0,0.035,13.675,0.621,7.58,0,10.4433148156844,0
"7368",2005,307,23,154.974,0,0,0,0,14.29,0.5979,8.645,0,10.4434858441664,0
"7369",2005,308,0,152.848,0,0,0,0.005,14.485,0.59575,9.22,0,10.4436620940276,0
"7370",2005,308,1,145.566,0,0,0,0.015,14.23,0.61105,8.705,0,10.443831336643,0
"7371",2005,308,2,135.639,0,0,0,0,14.045,0.6193,8.735,0,10.4439821387893,0
"7372",2005,308,3,124.601,0,0,0,0.06,13.795,0.634,8.28,0,10.4441038282124,0
"7373",2005,308,4,113.1825,0,0,0,0.015,13.925,0.63325,8.84,0,10.4441877765879,0
"7374",2005,308,5,101.792,0,0,0,0.055,13.43,0.65935,7.265,0,10.4442282062518,0
"7375",2005,308,6,90.564,6.601,1.56,0.775,0.82,12.42,0.7106,6.095,0,10.4442060056164,0
"7376",2005,308,7,80.2525,85.974,31.575,36.635,9.165,12.345,0.7283,5.82,0,10.4022091070983,0
"7377",2005,308,8,70.9955,257.094,95.36,119.225,27.76,13.115,0.71515,6.29,0,10.3978952227299,0
"7378",2005,308,9,63.3465,454.825,167.895,212.73,50.185,14.435,0.6804,6.5,0,10.3978116621546,0
"7379",2005,308,10,58.0385,1102.068,409.63,535.9,132.565,16.52,0.60345,8.505,0,10.3978104673172,0
"7380",2005,308,11,55.778,972.049,361.1,471.875,113.665,17.61,0.5658,7.23,0,10.3978105396135,0
"7381",2005,308,12,56.933,974.395,358.23,468.09,116.17,18.715,0.5219,6.025,0,10.3978104653738,0
"7382",2005,308,13,61.3095,834.67,308.455,403.58,102.12,19.315,0.51225,5.34,0,10.3978104504342,0
"7383",2005,308,14,68.2745,545.192,193.365,251.45,70.005,19.185,0.53175,5.655,0,10.3978104586417,0
"7384",2005,308,15,77.0825,384.652,137.535,177.485,56.965,19.315,0.5407,5.87,0,10.3978104678823,0
"7385",2005,308,16,87.0085,72.657,23.63,28.055,11.98,18.05,0.62175,4.36,0,10.3978104160884,0
"7386",2005,308,17,98.1245,0.368,0,0,0.09,16.195,0.7122,3.365,0,10.4029948171189,0
"7387",2005,308,18,109.4475,0.023,0,0,0,16.41,0.70875,2.285,0,10.4131376318512,0
"7388",2005,308,19,120.9095,0,0,0,0,15.6,0.74795,2.035,0,10.4134490643608,0
"7389",2005,308,20,132.1565,0,0,0,0,15.135,0.77375,1.91,0,10.4135426228257,0
"7390",2005,308,21,142.615,0,0,0,0,14.78,0.81535,3.505,0,10.4136681910169,0
"7391",2005,308,22,151.088,0,0,0,0,15.4,0.85535,3.51,0,10.4138213974152,0
"7392",2005,308,23,155.275,0,0,0,0,15.19,0.875,3.975,0,10.4139919113436,0
"7393",2005,309,0,153.1325,0,0,0,0,15.165,0.87635,4.18,0.105833333333333,10.4141679886927,0
"7394",2005,309,1,145.808,0,0,0,0.07,15.065,0.8731,5.225,0.105833333333333,10.4143373227514,0
"7395",2005,309,2,135.8475,0,0,0,0.085,14.02,0.90065,4.805,0.105833333333333,10.414489106804,0
"7396",2005,309,3,124.794,0,0,0,0,13.375,0.92415,4.02,0.105833333333333,10.4146116324866,0
"7397",2005,309,4,113.372,0,0,0,0,13.355,0.9303,4.29,0.105833333333333,10.4146968042132,0
"7398",2005,309,5,101.9865,0,0,0,0.15,12.455,0.95015,3.465,0.105833333333333,10.4147386690997,0
"7399",2005,309,6,90.759,18.63,6.94,6.7,2.565,11.745,0.9703,4.435,0.105833333333333,10.4144312047301,0
"7400",2005,309,7,80.4735,171.396,62.01,75.795,19.965,12.71,0.9669,4.205,0.105833333333333,10.4031131328622,0
"7401",2005,309,8,71.243,420.67,152.28,198,51.3,14.675,0.9371,5.45,0.105833333333333,10.4016338951332,0
"7402",2005,309,9,63.618,905.418,334.03,438.63,110.285,17.145,0.8624,7.48,0.105833333333333,10.4016049333017,0
"7403",2005,309,10,58.3325,712.402,260.245,336.95,80.86,18.44,0.80845,7.305,0.105833333333333,10.40160451546,0
"7404",2005,309,11,56.0805,447.603,161.19,205.63,47.01,18.825,0.79415,6.74,0.105833333333333,10.4016045776673,0
"7405",2005,309,12,57.228,298.057,106.655,134.815,30.105,17.565,0.88715,9.02,0.105833333333333,10.4016048004573,0
"7406",2005,309,13,61.584,336.421,121.66,150.82,33.22,18.29,0.83925,7.24,0.105833333333333,10.4016046380752,0
"7407",2005,309,14,68.521,198.651,70.785,85.17,18.84,18.555,0.82155,6.63,0.105833333333333,10.4016045954689,0
"7408",2005,309,15,77.304,117.277,42.12,48.815,11.235,18.44,0.83655,5.855,0.105833333333333,10.4016045328743,0
"7409",2005,309,16,87.2355,19.389,5.965,4.135,1.565,18.83,0.8027,7.35,0.105833333333333,10.365563605742,0
"7410",2005,309,17,98.3105,0.138,0,0,0.26,17.83,0.83635,5.395,0.105833333333333,10.3394622110398,0
"7411",2005,309,18,109.6265,0,0,0,0.05,17.045,0.8555,3.815,0.105833333333333,10.3399327175406,0
"7412",2005,309,19,121.087,0,0,0,0.005,17.225,0.85545,3.805,0.105833333333333,10.3399930328117,0
"7413",2005,309,20,132.3475,0,0,0,0.1,17.475,0.85315,5.36,0.105833333333333,10.3400834221136,0
"7414",2005,309,21,142.8305,0,0,0,0.01,18.14,0.79535,8.975,0.105833333333333,10.3402098511224,0
"7415",2005,309,22,151.3485,0.023,0,0,0,19.15,0.7481,11.09,0.105833333333333,10.3403639231709,0
"7416",2005,309,23,155.5715,0.046,0,0,1.95,15.23,0.8263,10.355,0.105833333333333,10.3405365461936,0
"7417",2005,310,0,153.4145,0.115,0,0,0.115,13.69,0.92265,7.22,0.254,10.3407173463746,0
"7418",2005,310,1,146.047,0.138,0,0,0,13.795,0.8873,8.685,0.254,10.34089396848,0
"7419",2005,310,2,136.0565,0.207,0,0,0.585,12.825,0.89825,13.465,0.254,10.3410536062313,0
"7420",2005,310,3,124.9875,0.161,0,0,0.13,11.565,0.8727,9.9,0.254,10.3411828033203,0
"7421",2005,310,4,113.5615,0.023,0,0,0.245,10.84,0.891,12.855,0.254,10.3412701639954,0
"7422",2005,310,5,102.1805,0,0,0,0.015,10.615,0.89595,10.86,0.254,10.3413112018845,0
"7423",2005,310,6,90.9935,4.623,1.345,0.795,0.64,10.615,0.9017,10.175,0.254,10.3412987312636,0
"7424",2005,310,7,80.6965,77.073,27.87,31.895,7.4,10.6,0.9007,10.65,0.254,10.2993362214073,0
"7425",2005,310,8,71.4865,305.647,115.81,144.97,32.61,10.815,0.8775,10.825,0.254,10.2940531303499,0
"7426",2005,310,9,63.888,464.646,175.61,223.61,51.075,11.195,0.84365,10.145,0.254,10.293947413869,0
"7427",2005,310,10,58.6215,257.669,93.87,117.835,26.115,10.975,0.82445,9.175,0.254,10.2939458792554,0
"7428",2005,310,11,56.377,276.414,99.865,125.27,27.295,10.76,0.8044,8.245,0.254,10.293945906075,0
"7429",2005,310,12,57.518,204.309,72.915,89.48,19.54,10.565,0.79985,5.945,0.254,10.2939458538328,0
"7430",2005,310,13,61.852,124.982,43.235,51.355,11.275,10.59,0.814,4.555,0.254,10.2939458666443,0
"7431",2005,310,14,68.763,109.503,39.26,46.48,10.55,10.71,0.8235,4.625,0.254,10.2939458885059,0
"7432",2005,310,15,77.5205,106.536,39.835,48.64,11.69,10.64,0.82945,4.85,0.254,10.2939459413588,0
"7433",2005,310,16,87.4205,45.08,16.99,20.495,6.045,10.53,0.83525,4.515,0.254,10.2937807941561,0
"7434",2005,310,17,98.492,0.161,0,0,0.04,10.205,0.86245,3.55,0.254,10.2679578701493,0
"7435",2005,310,18,109.798,0,0,0,0.115,9.645,0.85575,3.825,0.254,10.2717537553762,0
"7436",2005,310,19,121.2605,0,0,0,0.135,8.275,0.88485,3.3,0.254,10.2718943914119,0
"7437",2005,310,20,132.5305,0,0,0,0.005,7.335,0.905,2.71,0.254,10.2719845778362,0
"7438",2005,310,21,143.041,0,0,0,0,6.885,0.91305,1.905,0.254,10.2721093670788,0
"7439",2005,310,22,151.602,0.023,0,0,0,6.575,0.9244,0.925,0.254,10.2722624644178,0
"7440",2005,310,23,155.863,0.046,0,0,0,5.595,0.95095,1.615,0.254,10.2724341750104,0
"7441",2005,311,0,153.6925,0.023,0,0,0,4.98,0.95655,1.76,0,10.2726120923593,0
"7442",2005,311,1,146.284,0,0,0,0,4.675,0.9733,2.12,0,10.2727819961656,0
"7443",2005,311,2,136.2625,0.253,0,0,0.145,4.635,0.9802,3.265,0,10.2729383344726,0
"7444",2005,311,3,125.1785,0.322,0,0,0.15,3.515,0.98665,3.145,0,10.2730725838387,0
"7445",2005,311,4,113.7505,0.414,0,0,0,3.56,0.9905,3.51,0,10.2731685486889,0
"7446",2005,311,5,102.376,0.437,0,0,0,4.27,0.9721,4.285,0,10.2732168354093,0
"7447",2005,311,6,91.188,19.458,6.73,6.235,1.91,4.725,0.9538,4.455,0,10.272954206545,0
"7448",2005,311,7,80.9165,250.217,81.125,113.41,31.38,5.835,0.96565,4.7,0,10.2732552697768,0
"7449",2005,311,8,71.732,341.435,126.865,156.53,38.12,8.075,0.93405,4.915,0,10.2720539160041,0
"7450",2005,311,9,64.156,672.244,248.75,316.375,76.25,10.54,0.86485,6.21,0,10.2720295359137,0
"7451",2005,311,10,58.909,809.14,303.39,392.65,92.855,12.515,0.7761,8.545,0,10.2720291863113,0
"7452",2005,311,11,56.674,847.642,316.32,410.17,96.29,14.06,0.7053,9.375,0,10.2720292576594,0
"7453",2005,311,12,57.8035,894.746,330.27,432.2,107.33,15.68,0.63655,10.015,0,10.2720295204089,0
"7454",2005,311,13,62.116,659.203,243.055,314.81,77.63,16.285,0.62015,9.91,0,10.2720292675078,0
"7455",2005,311,14,69,586.845,215.455,278.38,73.965,16.705,0.6211,9.105,0,10.2720294783361,0
"7456",2005,311,15,77.731,303.186,107.995,139.145,43.285,16.5,0.63895,8.495,0,10.2720292609114,0
"7457",2005,311,16,87.598,54.832,17.01,19.665,7.95,14.935,0.71215,5.2,0,10.272028114322,0
"7458",2005,311,17,98.6675,0.138,0,0,0,13.785,0.74885,4.22,0,10.2642859472407,0
"7459",2005,311,18,109.965,0,0,0,0.02,12.91,0.77365,4.115,0,10.2704039965035,0
"7460",2005,311,19,121.427,0,0,0,0,12.71,0.7865,5,0,10.270602455493,0
"7461",2005,311,20,132.707,0,0,0,0,12.045,0.8147,3.085,0,10.2706930508468,0
"7462",2005,311,21,143.244,0,0,0,0,12.305,0.80945,3.085,0,10.2708174733777,0
"7463",2005,311,22,151.85,0.023,0,0,0,11.785,0.814,2.155,0,10.2709701923013,0
"7464",2005,311,23,156.15,0.391,0,0,0,11.74,0.81955,2.96,0,10.271150192876,0
"7465",2005,312,0,153.968,0.437,0,0,0,11.49,0.82325,3.42,0,10.2713511742268,0
"7466",2005,312,1,146.5185,0.322,0,0,0.01,11.475,0.83175,2.745,0,10.2715438394752,0
"7467",2005,312,2,136.4685,0.391,0,0,0.378947368421053,16.165,0.8158,5.96,0,10.2717137389847,0
"7468",2005,312,3,125.3705,0.46,0,0,0.46,13.21,0.87545,3.16,0,10.2718550508719,0
"7469",2005,312,4,113.939,0.506,0,0,0.01,12.52,0.89415,1.76,0,10.2719555137353,0
"7470",2005,312,5,102.5685,0.46,0,0,0,12.645,0.8993,1.955,0,10.2720054676434,0
"7471",2005,312,6,91.381,9.821,3.15,2.525,0.745,12.41,0.90055,2.715,0,10.271979168368,0
"7472",2005,312,7,81.137,207.575,78.74,97.21,24.125,12.485,0.9185,2.27,0,10.2682023210454,0
"7473",2005,312,8,71.9745,369.725,137.94,172.205,39.73,14.265,0.91385,2.1,0,10.2666587840714,0
"7474",2005,312,9,64.4205,435.505,161.025,201.47,44.825,15.61,0.90675,3.585,0,10.26662714547,0
"7475",2005,312,10,59.1925,528.149,198.35,248.575,54.58,16.815,0.8864,3.88,0,10.2666266784103,0
"7476",2005,312,11,56.9625,773.352,287.655,362.72,80.735,18.155,0.85015,3.195,0,10.2666267389092,0
"7477",2005,312,12,58.0825,815.005,302.44,383.98,88.965,19.28,0.8178,2.69,0,10.2666269566614,0
"7478",2005,312,13,62.3745,752.629,283.35,358.735,84.83,20.8,0.7819,2.825,0,10.2666268091284,0
"7479",2005,312,14,69.2305,326.462,120.14,148.91,34.625,21.72,0.7717,4.33,0,10.266626739799,0
"7480",2005,312,15,77.935,140.599,51.96,61.66,14.165,21.285,0.8047,3.79,0,10.2666267119306,0
"7481",2005,312,16,87.81,19.803,5.98,5.18,1.755,20.455,0.843,3.315,0,10.2402610176491,0
"7482",2005,312,17,98.8365,0.069,0,0,0.055,19.535,0.8742,3.955,0,10.2146159398117,0
"7483",2005,312,18,110.1265,0.046,0,0,0.135,18.355,0.9053,4.31,0,10.2151669083475,0
"7484",2005,312,19,121.588,0.368,0,0,0.015,17.87,0.9147,5.1,0,10.2152305156067,0
"7485",2005,312,20,132.879,0.437,0,0,0.02,17.695,0.91455,4.89,0,10.2153322065835,0
"7486",2005,312,21,143.44,0.506,0,0,0,17.965,0.90585,5.325,0,10.2154782827582,0
"7487",2005,312,22,152.091,0.529,0,0,0,17.965,0.9011,6.14,0,10.2156599583962,0
"7488",2005,312,23,156.434,0.782,0,0,0,18.275,0.88925,6.905,0,10.2158698334661,0
"7489",2005,313,0,154.24,0.897,0,0,0,18.4,0.887,6.595,0,10.2161004836852,0
"7490",2005,313,1,146.752,0.897,0,0,0,18.625,0.8845,7.235,0,10.2163282452911,0
"7491",2005,313,2,136.6725,0.736,0,0,0.085,19.355,0.8568,9.71,0,10.2165269193844,0
"7492",2005,313,3,125.5605,0.598,0,0,0.11,18.7,0.8848,9.22,0,10.2166800615008,0
"7493",2005,313,4,114.126,0.506,0,0,0.185,18.26,0.9005,8.705,0,10.2167823482385,0
"7494",2005,313,5,102.763,0.713,0,0,0.12,17.605,0.9209,8.11,0,10.2168331849397,0
"7495",2005,313,6,91.614,12.167,3.745,2.88,1.02,17.85,0.9027,7.94,0,10.2167822507971,0
"7496",2005,313,7,81.3545,168.912,60.11,72.92,21.145,16.63,0.8577,9.14,0,10.2121852229785,0
"7497",2005,313,8,72.2165,308.039,114.5,144.245,36.44,14.405,0.70685,7.865,0,10.2105685121073,0
"7498",2005,313,9,64.682,688.574,255.445,326.515,78.675,13.015,0.5789,11.12,0,10.2105351719199,0
"7499",2005,313,10,59.471,659.295,246.995,315.505,72.53,12.555,0.5058,9.485,0,10.2105346711571,0
"7500",2005,313,11,57.247,816.293,307.235,396.54,91.875,12.205,0.501,9.6,0,10.2105347290925,0
"7501",2005,313,12,58.3585,766.682,289.155,373.28,87.515,11.94,0.4924,10.645,0,10.2105349350499,0
"7502",2005,313,13,62.626,801.918,299.905,388.07,95.82,12.16,0.4929,10.215,0,10.2105348233127,0
"7503",2005,313,14,69.457,636.157,234.415,304.235,81.885,12.325,0.4646,10.59,0,10.2105347060304,0
"7504",2005,313,15,78.1335,331.2,121.395,158.96,47.6,11.565,0.45855,11.35,0,10.210534764445,0
"7505",2005,313,16,87.978,27.876,9.01,10.18,3.635,10.37,0.5079,9.83,0,10.2072088607355,0
"7506",2005,313,17,99.0005,0.092,0,0,0.17,9.635,0.53065,9.185,0,10.1660252002094,0
"7507",2005,313,18,110.2825,0,0,0,0.2,8.88,0.52545,10.615,0,10.1670639520461,0
"7508",2005,313,19,121.741,0,0,0,0.19,8.315,0.5589,9.485,0,10.1671357190995,0
"7509",2005,313,20,133.0425,0,0,0,0.31,7.53,0.5808,9.895,0,10.1672251747329,0
"7510",2005,313,21,143.6295,0,0,0,0.265,6.285,0.63855,8.34,0,10.167350080959,0
"7511",2005,313,22,152.3265,0,0,0,0.23,5.425,0.66225,8.23,0,10.1675023267605,0
"7512",2005,313,23,156.7095,0,0,0,0.175,4.5,0.67325,6.945,0,10.1676722222809,0
"7513",2005,314,0,154.5085,0,0,0,0.23,3.47,0.7083,5.82,0,10.1678471662862,0
"7514",2005,314,1,146.9815,0,0,0,0.2,2.8,0.69965,5.39,0,10.1680160253642,0
"7515",2005,314,2,136.875,0,0,0,0.02,2.03,0.7483,5.565,0,10.1681662700286,0
"7516",2005,314,3,125.751,0,0,0,0.085,1.745,0.74895,5.795,0,10.168288076235,0
"7517",2005,314,4,114.314,0.023,0,0,0.155,1.07,0.77605,5.235,0,10.1683728474013,0
"7518",2005,314,5,102.9555,0.023,0,0,0.16,0.65,0.79205,4,0,10.1684145528184,0
"7519",2005,314,6,91.807,18.032,5.365,3.545,2.645,-0.355,0.8341,2.96,0,10.1682548355288,0
"7520",2005,314,7,81.571,238.165,90.405,108.115,33.79,0.37,0.82925,3.575,0,10.1719588708347,0
"7521",2005,314,8,72.455,571.688,221.46,278.69,75.585,2.31,0.73665,4.37,0,10.1707540599913,0
"7522",2005,314,9,64.944,846.952,331.045,420.97,103.62,3.75,0.66565,3.575,0,10.1707290524853,0
"7523",2005,314,10,59.7475,1057.862,413.695,530.81,124.98,4.86,0.6235,2.95,0,10.1707286918771,0
"7524",2005,314,11,57.527,1128.012,438.44,567.325,133.08,6.01,0.58485,3.905,0,10.1707287661541,0
"7525",2005,314,12,58.6285,1092.845,421.1,545.92,131.39,7.17,0.53025,4.44,0,10.1707290415315,0
"7526",2005,314,13,62.8755,934.973,356.51,462.79,118,8.36,0.4644,3.83,0,10.1707287646766,0
"7527",2005,314,14,69.6765,671.393,250.265,326.32,92.38,8.995,0.4192,4.035,0,10.1707289554256,0
"7528",2005,314,15,78.3285,344.747,123.75,160.275,53.97,9.245,0.3914,3.67,0,10.1707287860538,0
"7529",2005,314,16,88.1425,58.995,18.49,21.645,11.135,8.385,0.4561,3.185,0,10.1707285163746,0
"7530",2005,314,17,99.16,0.092,0,0,0.01,6.78,0.5251,3.61,0,10.174239749465,0
"7531",2005,314,18,110.4315,0,0,0,0,5.55,0.57695,2.285,0,10.1820018913493,0
"7532",2005,314,19,121.8895,0,0,0,0,4.25,0.6428,1.03,0,10.1822322666149,0
"7533",2005,314,20,133.199,0,0,0,0,3.885,0.6556,2.49,0,10.1823233066695,0
"7534",2005,314,21,143.812,0,0,0,0,3.34,0.6744,3.12,0,10.1824476202496,0
"7535",2005,314,22,152.553,0,0,0,0.02,2.9,0.6813,3.86,0,10.1825995506465,0
"7536",2005,314,23,156.981,0,0,0,0,1.915,0.7288,3.175,0,10.1827688219363,0
"7537",2005,315,0,154.7725,0,0,0,0,1.49,0.76215,3.14,0,10.1829437331186,0
"7538",2005,315,1,147.2085,0,0,0,0,1.65,0.74885,3.325,0,10.1831125154672,0
"7539",2005,315,2,137.0755,0,0,0,0,1.525,0.76845,3.34,0,10.1832633617529,0
"7540",2005,315,3,125.9385,0,0,0,0,0.92,0.794,3.29,0,10.1833855336384,0
"7541",2005,315,4,114.5015,0.046,0,0,0,1.345,0.7711,3.915,0,10.1834711887775,0
"7542",2005,315,5,103.147,0,0,0,0,1.685,0.75825,4.31,0,10.1835137192452,0
"7543",2005,315,6,92.0375,14.95,4.74,3.31,2.385,0.62,0.8112,3.58,0,10.1834434335802,0
"7544",2005,315,7,81.7865,220.708,81.17,96.81,29.685,1.84,0.7946,4.09,0,10.1862000823436,0
"7545",2005,315,8,72.6915,542.087,203.365,254.18,67.125,5.25,0.6941,5.335,0,10.1848940928095,0
"7546",2005,315,9,65.1995,753.825,282.54,361.255,88.725,8.02,0.5835,6.755,0,10.1848668355166,0
"7547",2005,315,10,60.02,1015.266,383.88,492.35,117.065,10.915,0.50165,6.415,0,10.184866436388,0
"7548",2005,315,11,57.8035,1071.064,403.59,521.46,122.93,13.64,0.4228,7.36,0,10.1848665020613,0
"7549",2005,315,12,58.893,1023.454,382.76,496.725,121.21,15.735,0.35995,8.45,0,10.1848667419643,0
"7550",2005,315,13,63.115,859.694,317.465,413.805,106.705,16.45,0.3593,8.95,0,10.1848665390333,0
"7551",2005,315,14,69.892,364.159,134.42,171.43,42.935,15.93,0.4119,8.32,0,10.1848666217161,0
"7552",2005,315,15,78.514,210.818,78.14,97.465,26.69,15.05,0.4498,7.02,0,10.1848664684313,0
"7553",2005,315,16,88.3385,52.049,19,21.38,8.445,13.98,0.4883,6.55,0,10.1848620098846,0
"7554",2005,315,17,99.3115,0.115,0,0,0.235,12.27,0.5452,7.16,0,10.1765998212951,0
"7555",2005,315,18,110.5735,0,0,0,0.025,11.195,0.55805,7.605,0,10.1823103259633,0
"7556",2005,315,19,122.032,0,0,0,0.015,10.435,0.55825,6.505,0,10.182493508851,0
"7557",2005,315,20,133.35,0,0,0,0.015,9.645,0.5783,6.695,0,10.182583305491,0
"7558",2005,315,21,143.989,0,0,0,0.025,9.1,0.5852,6.665,0,10.182707229075,0
"7559",2005,315,22,152.775,0,0,0,0.065,8.28,0.6068,5.68,0,10.18285886233,0
"7560",2005,315,23,157.249,0,0,0,0.125,7.695,0.6141,5.52,0,10.1830279135037,0
"7561",2005,316,0,155.033,0,0,0,0.045,6.645,0.64495,4.705,0,10.1832024981933,0
"7562",2005,316,1,147.4355,0,0,0,0,6.99,0.6134,5.27,0,10.1833721134584,0
"7563",2005,316,2,137.275,0,0,0,0.335,5.76,0.66275,4.385,0,10.1835231158219,0
"7564",2005,316,3,126.126,0,0,0,0,5.865,0.64685,4.67,0,10.1836456925222,0
"7565",2005,316,4,114.688,0,0,0,0.075,5.905,0.64895,4.41,0,10.1837314764336,0
"7566",2005,316,5,103.338,0,0,0,0.07,4.99,0.69525,4.94,0,10.1837742430732,0
"7567",2005,316,6,92.23,13.34,4.275,2.52,1.345,5.33,0.675,5.47,0,10.1837330864465,0
"7568",2005,316,7,82.002,166.037,61.055,71.795,21.035,6.725,0.6284,5.75,0,10.1835503277831,0
"7569",2005,316,8,72.927,481.689,179.77,224.115,58.98,10.42,0.4987,8.065,0,10.1820257010783,0
"7570",2005,316,9,65.4545,759.644,278.325,355.09,89.54,13.66,0.3772,10.815,0,10.1819935840889,0
"7571",2005,316,10,60.2875,992.473,365.585,470.455,113.94,15.68,0.34375,12.14,0,10.1819931004928,0
"7572",2005,316,11,58.0735,1067.867,391.76,505.505,121.17,17.435,0.34065,12.055,0,10.181993158587,0
"7573",2005,316,12,59.15,778.274,285.51,366.29,85.9,18.77,0.3483,12.31,0,10.1819933664583,0
"7574",2005,316,13,63.3505,570.515,210.78,266.325,61.26,19.195,0.3377,12.01,0,10.1819932489157,0
"7575",2005,316,14,70.099,223.261,81.505,99.02,21.835,18.995,0.3351,11.21,0,10.1819931382698,0
"7576",2005,316,15,78.6955,81.811,28.43,31.9,7.765,18.285,0.35735,9.915,0,10.1819932007229,0
"7577",2005,316,16,88.49,22.241,7.565,7.48,2.445,18.03,0.36965,11.025,0,10.1351907030881,0
"7578",2005,316,17,99.457,0.023,0,0,0.08,17.455,0.36145,11.165,0,10.1125147966136,0
"7579",2005,316,18,110.712,0.023,0,0,0.1,17.015,0.35325,10.065,0,10.1130476317979,0
"7580",2005,316,19,122.1675,0,0,0,0.095,16.75,0.36285,11.185,0,10.1131069084953,0
"7581",2005,316,20,133.4945,0,0,0,0.005,16.83,0.36745,11.93,0,10.1131954943252,0
"7582",2005,316,21,144.159,0,0,0,0.165,16.475,0.39205,12.395,0,10.1133196838929,0
"7583",2005,316,22,152.9895,0,0,0,0.01,16.235,0.44575,12.225,0,10.113471680283,0
"7584",2005,316,23,157.509,0,0,0,0.025,16.28,0.4647,12.565,0,10.11364115682,0
"7585",2005,317,0,155.292,0,0,0,0.11,15.645,0.4929,11.595,0,10.113816090492,0
"7586",2005,317,1,147.659,0,0,0,0,15.42,0.5361,10.965,0,10.1139845991963,0
"7587",2005,317,2,137.4725,0,0,0,0,15.775,0.62315,10.36,0,10.1141349608957,0
"7588",2005,317,3,126.314,0,0,0,0.285,15.425,0.72005,9.915,0,10.11425709029,0
"7589",2005,317,4,114.871,0,0,0,0.03,14.765,0.73215,7.795,0,10.1143420334583,0
"7590",2005,317,5,103.528,0,0,0,0.48,13.865,0.6547,9.16,0,10.1143840216061,0
"7591",2005,317,6,92.4205,7.153,1.185,0.545,0.885,11.69,0.7025,5.645,0,10.114371279438,0
"7592",2005,317,7,82.2125,193.085,68.125,80.465,25.59,11.475,0.7086,6.775,0,10.1155485454303,0
"7593",2005,317,8,73.1605,523.641,190.505,242.06,68.67,12.235,0.6409,10.64,0,10.1139651056908,0
"7594",2005,317,9,65.7055,819.283,302.665,389.89,100.215,12.76,0.61195,11.9,0,10.1139313350321,0
"7595",2005,317,10,60.552,988.356,369.22,478.535,116.85,12.86,0.54835,12.215,0,10.1139308225762,0
"7596",2005,317,11,58.3385,943.046,354.03,461.25,109.785,12.49,0.4992,12.32,0,10.1139308811457,0
"7597",2005,317,12,59.405,1059.219,397.3,517.525,128.735,13.205,0.44295,11.87,0,10.1139310911352,0
"7598",2005,317,13,63.5815,842.306,312.755,407.36,106.69,13.41,0.3974,11.075,0,10.113930967702,0
"7599",2005,317,14,70.301,639.308,232.33,302.905,89.47,13.89,0.3613,11.58,0,10.1139308643726,0
"7600",2005,317,15,78.873,263.258,91.4,117.13,38.75,13.175,0.3883,10.415,0,10.1139309405743,0
"7601",2005,317,16,88.6355,49.22,16.595,18.44,9.515,11.615,0.4694,8.01,0,10.1139233361696,0
"7602",2005,317,17,99.599,0.069,0,0,0.535,9.245,0.5592,6.005,0,10.1041785104553,0
"7603",2005,317,18,110.8425,0,0,0,0.18,6.1225,0.62275,4.36,0,10.109387790611,0
"7604",2005,317,19,122.296,0,0,0,0.085,6.1225,0.68365,3.9,0,10.1095551503913,0
"7605",2005,317,20,133.633,0,0,0,0.025,6.1225,0.7194,4.15,0,10.109644438177,0
"7606",2005,317,21,144.319,0,0,0,0.085,6.1225,0.72245,3.38,0,10.1097679346173,0
"7607",2005,317,22,153.1965,0,0,0,0,3,0.76135,2.21,0,10.10991927739,0
"7608",2005,317,23,157.7655,0.023,0,0,0,3.655,0.7555,2.09,0,10.110088475632,0
"7609",2005,318,0,155.545,0,0,0,0,3.715,0.7389,1.92105263157895,0,10.1102637975161,0
"7610",2005,318,1,147.879,0,0,0,0.005,3.675,0.7439,2.19,0,10.1104325968634,0
"7611",2005,318,2,137.6695,0.023,0,0,0,2.97,0.77325,0.841176470588235,0,10.1105836071254,0
"7612",2005,318,3,126.498,0,0,0,0,2.605,0.78485,1.675,0,10.1107067827674,0
"7613",2005,318,4,115.0575,0,0,0,0,2.505,0.7898,1.845,0,10.1107923246974,0
"7614",2005,318,5,103.7185,0,0,0,0,2.5,0.78535,2.76,0,10.1108350205167,0
"7615",2005,318,6,92.6485,8.625,3.105,2.305,1.385,2.315,0.8038,3.085,0,10.1108217611607,0
"7616",2005,318,7,82.4235,74.589,28.33,32.975,7.82,2.205,0.83145,3.225,0,10.0856170835118,0
"7617",2005,318,8,73.391,196.857,73.6,90.425,19.515,3.61,0.8086,4.44,0,10.081551190895,0
"7618",2005,318,9,65.9535,312.087,115.02,144.415,31.625,5.145,0.75755,6.45,0,10.0814624889272,0
"7619",2005,318,10,60.81,308.568,113.19,141.855,31.18,6.505,0.6965,8.285,0,10.0814611906638,0
"7620",2005,318,11,58.599,248.538,90.615,111.9,24.12,6.87583333333333,0.6672,7.67,0,10.0814612244276,0
"7621",2005,318,12,59.652,143.589,48.62,57.325,11.75,7.24666666666667,0.6877,5.31,0,10.0814611495191,0
"7622",2005,318,13,63.8045,156.929,56.075,66.18,13.6,7.89444444444444,0.6656,4.9,0,10.0814611636644,0
"7623",2005,318,14,70.4985,49.266,14.67,15.565,3.725,7.08611111111111,0.7024,4.475,0,10.0813960772189,0
"7624",2005,318,15,79.042,26.358,7.32,6.755,2.23,6.27777777777778,0.83445,6.725,0,9.88913971627571,0
"7625",2005,318,16,88.8155,3.128,0.43,0,0.355,6.22,0.87575,5.21,0,9.78762992497043,0
"7626",2005,318,17,99.734,0.391,0,0,0.185,6.09928571428571,0.9081,4.995,0,9.78748308081821,0
"7627",2005,318,18,110.967,0.414,0,0,0.18,6.09928571428571,0.9529,4.68,0,9.78749650280965,0
"7628",2005,318,19,122.42,0.391,0,0,0.02,6.09928571428571,0.96415,4.675,0,9.78755053391392,0
"7629",2005,318,20,133.765,0.345,0,0,0.12,5.97857142857143,0.9674,4.525,0,9.78765063296842,0
"7630",2005,318,21,144.475,0.207,0,0,0.125,5.965,0.9724,3.935,0,9.78778719739327,0
"7631",2005,318,22,153.396,0.138,0,0,0.075,5.945,0.97485,3.76,0,9.78794749790993,0
"7632",2005,318,23,158.0145,0.023,0,0,0.02,6.02,0.97865,3.515,0,9.78812093859521,0
"7633",2005,319,0,155.7945,0,0,0,0,6.24947368421053,0.98675,2.175,0.66675,9.78829542519999,0
"7634",2005,319,1,148.1,0,0,0,0.005,6.24947368421053,0.99075,1.69,0.66675,9.78846161936597,0
"7635",2005,319,2,137.866,0,0,0,0.09,6.24947368421053,0.99285,2.095,0.66675,9.78861019089149,0
"7636",2005,319,3,126.6845,0,0,0,0.02,6.24947368421053,0.9953,2.32,0.66675,9.78873033660819,0
"7637",2005,319,4,115.239,0,0,0,0.045,6.47894736842105,0.9969,2.32,0.66675,9.78881348470402,0
"7638",2005,319,5,103.906,0,0,0,0.105,6.40666666666667,0.9983,2.63,0.66675,9.78885405783986,0
"7639",2005,319,6,92.838,0.667,0,0,0.105,7.79222222222222,0.999,2.815,0.66675,9.78884891881213,0
"7640",2005,319,7,82.6335,17.641,4.95,3.43,1.325,7.79222222222222,0.999571428571429,2.92,0.66675,9.78676364338527,0
"7641",2005,319,8,73.618,91.172,31.415,36.225,7.305,7.79222222222222,0.999428571428572,5.47,0.66675,9.68155538288103,0
"7642",2005,319,9,66.1985,228.344,82.18,100.125,19.19,7.79222222222222,0.999285714285714,6.91,0.66675,9.67778396291791,0
"7643",2005,319,10,61.067,111.757,37.195,42.725,7.795,9.17777777777778,0.99265,6.01,0.66675,9.6777249308291,0
"7644",2005,319,11,58.8545,42.642,12.125,10.94,1.77,9.555,0.9911,4.805,0.66675,9.67627083189833,0
"7645",2005,319,12,59.8925,130.479,44.185,50.195,8.785,10.4,0.9947,3.595,0.66675,9.67345118330323,0
"7646",2005,319,13,64.023,109.848,37.985,43.19,7.85,11.41,0.99355,5.57,0.66675,9.67342967944424,0
"7647",2005,319,14,70.69,71.622,25.63,26.355,4.64,12.965,0.98765,4.51,0.66675,9.67342944180909,0
"7648",2005,319,15,79.2065,148.12,57.86,67.495,13.96,16.155,0.94395,8.265,0.66675,9.67342900519433,0
"7649",2005,319,16,88.953,21.482,7.09333333333333,6.6,3.87,15.285,0.853,13.715,0.66675,9.65985463067529,0
"7650",2005,319,17,99.8605,0.161,0,0,1.92,9.57,0.8229,15.79,0.66675,9.65202642814782,0
"7651",2005,319,18,111.0855,0.023,0,0,0.475,7.585,0.841,14.9,0.66675,9.65285448893301,0
"7652",2005,319,19,122.5365,0,0,0,0.62,6.585,0.82805,13.84,0.66675,9.65291645473623,0
"7653",2005,319,20,133.8885,0.069,0,0,0.47,5.125,0.82405,14.12,0.66675,9.65300354987414,0
"7654",2005,319,21,144.6225,0.046,0,0,0.315,4.34,0.8113,12.87,0.66675,9.65312780558181,0
"7655",2005,319,22,153.5885,0,0,0,0.335,3.835,0.8177,14.005,0.66675,9.65327765769483,0
"7656",2005,319,23,158.2575,0.023,0,0,0.32,3.315,0.8158,14.36,0.66675,9.65344402290721,0
"7657",2005,320,0,156.0405,0,0,0,0.315,2.595,0.815,14.885,0,9.65361624812974,0
"7658",2005,320,1,148.3135,0,0,0,0.15,1.78,0.84845,13.38,0,9.65378264319138,0
"7659",2005,320,2,138.059,0,0,0,0.165,1.195,0.81275,14.36,0,9.65393087481927,0
"7660",2005,320,3,126.8675,0,0,0,0.2,0.89,0.7916,12.795,0,9.65405123994824,0
"7661",2005,320,4,115.4235,0,0,0,0.195,0.455,0.76305,12.16,0,9.65413550040748,0
"7662",2005,320,5,104.0955,0,0,0,0.345,-0.155,0.7629,14.045,0,9.65417757513351,0
"7663",2005,320,6,93.064,2.024,0.2,0,0.32,-0.745,0.74585,12.745,0,9.65417431975673,0
"7664",2005,320,7,82.8395,32.844,10.795,10.68,3.28,-1.03,0.72515,12.21,0,9.60728269292746,0
"7665",2005,320,8,73.8455,57.224,18.655,21.135,5.41,-1.475,0.7913,11.935,0,9.52792151246388,0
"7666",2005,320,9,66.4395,102.488,34.84,41.93,9.765,-2.025,0.7861,12.12,0,9.52620192952805,0
"7667",2005,320,10,61.3175,202.906,73.22,92.2,20.53,-2.025,0.7447,12.38,0,9.52617456537516,0
"7668",2005,320,11,59.1035,448.5,171.405,222.85,49.995,-2.14,0.6834,13.625,0,9.52617422226851,0
"7669",2005,320,12,60.128,330.878,124.39,160.24,35.635,-2.3,0.7037,12.795,0,9.52617433261597,0
"7670",2005,320,13,64.2345,251.942,93.94,120.775,27.175,-2.52,0.6948,12.69,0,9.52617472906417,0
"7671",2005,320,14,70.8725,172.569,64.195,81.67,18.685,-2.745,0.70355,11.76,0,9.52617425096302,0
"7672",2005,320,15,79.3645,169.234,64.035,82.195,22.68,-2.82,0.6934,10.815,0,9.52617433067756,0
"7673",2005,320,16,89.0815,40.48,13.92,15.295,8.445,-2.615,0.6749,9.185,0,9.52601102671764,0
"7674",2005,320,17,99.984,0.069,0,0,0.01,-2.97,0.68105,9.155,0,9.52324010785761,0
"7675",2005,320,18,111.1985,0.023,0,0,0.005,-3.09,0.6746,8.35,0,9.52733565207868,0
"7676",2005,320,19,122.6465,0.023,0,0,0.06,-3.56,0.69685,7.345,0,9.52745989482538,0
"7677",2005,320,20,134.007,0.023,0,0,0.27,-4.385,0.6764,9.86,0,9.52754564781659,0
"7678",2005,320,21,144.762,0,0,0,0.21,-5.545,0.6742,9.105,0,9.52766574284694,0
"7679",2005,320,22,153.7755,0.023,0,0,0.21,-6.19,0.7253,7.415,0,9.52781333661413,0
"7680",2005,320,23,158.495,0,0,0,0.145,-6.95,0.74455,7.215,0,9.52797885543655,0
"7681",2005,321,0,156.282,0.046,0,0,0.075,-7.52,0.7695,6.17,0,9.52815105176118,0
"7682",2005,321,1,148.527,0,0,0,0.085,-7.94,0.8004,4.77,0,9.5283171605523,0
"7683",2005,321,2,138.2505,0.023,0,0,0.015,-8.045,0.8089,4.46,0,9.52846564405461,0
"7684",2005,321,3,127.0495,0.069,0,0,0.03,-8.215,0.8107,5.45,0,9.52858825912845,0
"7685",2005,321,4,115.6045,0,0,0,0.025,-8.465,0.7993,6.49,0,9.52867433034481,0
"7686",2005,321,5,104.283,0.092,0,0,0.115,-8.45,0.8047,6.1,0,9.52871792380594,0
"7687",2005,321,6,93.2525,8.05,2.11,1.355,0.98,-8.985,0.82145,5.77,0,9.52872557070676,0
"7688",2005,321,7,83.045,127.213,49.025,57.24,15.12,-9.055,0.81875,5.845,0,9.5566626945365,0
"7689",2005,321,8,74.068,399.418,159.055,198.875,49.065,-8.555,0.7963,5.435,0,9.5552987841343,0
"7690",2005,321,9,66.678,771.512,307.085,391.12,95.96,-7.555,0.7563,4.2,0,9.55526059143511,0
"7691",2005,321,10,61.5645,975.867,385.085,497.745,119.82,-6.46,0.72085,3.745,0,9.55525996271518,0
"7692",2005,321,11,59.35,1060.737,416.255,541.32,129.52,-5.23,0.6723,3.865,0,9.5552600159536,0
"7693",2005,321,12,60.3595,1025.064,398.43,519.74,127.875,-3.98,0.6143,3.845,0,9.55526020645229,0
"7694",2005,321,13,64.44,866.548,332.8,435.715,113.765,-3.14,0.5586,3.625,0,9.55526015423929,0
"7695",2005,321,14,71.051,611.455,230.925,302.42,87.21,-2.585,0.52395,3.02,0,9.55525998469493,0
"7696",2005,321,15,79.5155,290.03,106.09,137.79,46.86,-2.335,0.50665,1.95,0,9.55526000905734,0
"7697",2005,321,16,89.203,38.594,12.99,13.69,6.99,-2.685,0.5278,0.485,0,9.55513728806003,0
"7698",2005,321,17,100.099,0.023,0,0,0,-3.625,0.5503,0.245,0,9.54441076088639,0
"7699",2005,321,18,111.305,0,0,0,0,-0.07,0.59115,1.635,0,9.54786377647217,0
"7700",2005,321,19,122.75,0,0,0,0,-0.67,0.6493,1.96,0,9.5479753038317,0
"7701",2005,321,20,134.1165,0,0,0,0,-1.62666666666667,0.70455,2.205,0,9.54805987511383,0
"7702",2005,321,21,144.896,0,0,0,0,-2.625,0.71065,2.7,0,9.54817919127566,0
"7703",2005,321,22,153.953,0,0,0,0,-3.33666666666667,0.76,2.26,0,9.54832630320888,0
"7704",2005,321,23,158.7275,0.069,0,0,0,-3.78166666666667,0.7831,2.31,0,9.54849221296132,0
"7705",2005,322,0,156.521,0,0,0,0,-3.51,0.78605,3.075,0,9.54866565862457,0
"7706",2005,322,1,148.739,0.023,0,0,0,-3.98,0.75305,3.91,0,9.54883209126272,0
"7707",2005,322,2,138.442,0,0,0,0,-3.9175,0.71665,4.77,0,9.54898147494254,0
"7708",2005,322,3,127.231,0,0,0,0,-4.1125,0.70465,5.215,0,9.54910290157126,0
"7709",2005,322,4,115.7845,0,0,0,0,-4.345,0.7078,5.085,0,9.54918821176168,0
"7710",2005,322,5,104.468,0.023,0,0,0,-2.4,0.70505,6.65,0,9.54923210869489,0
"7711",2005,322,6,93.4385,2.07,0.36,0,0.09,-2.195,0.6913,6.165,0,9.54923181684658,0
"7712",2005,322,7,83.2465,46.046,17.02,18.35,4.255,-1.855,0.67915,6.165,0,9.51605351129205,0
"7713",2005,322,8,74.2895,194.166,71.905,87.525,19.91,-1.16,0.67955,6.44,0,9.50449821229391,0
"7714",2005,322,9,66.913,767.418,289.355,369.755,93.615,-1.4275,0.61285,8.025,0,9.50416353922989,0
"7715",2005,322,10,61.8065,965.931,367.5,473.9,114.885,0.446315789473684,0.55325,6.725,0,9.50415812073976,0
"7716",2005,322,11,59.588,1053.883,400.095,520.315,125.205,2.18,0.5401,6.565,0,9.50415805587032,0
"7717",2005,322,12,60.5825,811.21,309.53,402.575,95.135,3.46,0.54755,6.145,0,9.50415813997255,0
"7718",2005,322,13,64.639,439.116,169.525,216.28,47.615,4.365,0.563,4.625,0,9.50415844084001,0
"7719",2005,322,14,71.222,504.62,185.495,239.865,66.795,4.5875,0.5676,5.145,0,9.50415810865118,0
"7720",2005,322,15,79.661,283.291,100.635,130.18,45.195,4.7875,0.57965,4.635,0,9.50415824264776,0
"7721",2005,322,16,89.3605,36.501,10.91,12.455,6.175,3.26,0.6292,2.51,0,9.50391441313162,0
"7722",2005,322,17,100.2085,0.023,0,0,0.09,1.75,0.68885,3.635,0,9.48840291349221,0
"7723",2005,322,18,111.405,0,0,0,0.035,2.95,0.78225,4.435,0,9.49133107490326,0
"7724",2005,322,19,122.8475,0,0,0,0,2.22,0.808,4.37,0,9.49143095346372,0
"7725",2005,322,20,134.2205,0,0,0,0,1.13166666666667,0.8118,4.49,0,9.49151443934112,0
"7726",2005,322,21,145.0205,0,0,0,0,0.295,0.8025,4.53,0,9.4916327351649,0
"7727",2005,322,22,154.1255,0,0,0,0.03,-0.483333333333333,0.80445,5.305,0,9.49177867852995,0
"7728",2005,322,23,158.952,0,0,0,0,-0.613333333333333,0.7932,5.665,0,9.49194287392576,0
"7729",2005,323,0,156.7555,0,0,0,0.035,0.5,0.79555,4.25,0,9.49211348269421,0
"7730",2005,323,1,148.9475,0,0,0,0.01,-0.02,0.81655,3.95,0,9.49227894634685,0
"7731",2005,323,2,138.6295,0,0,0,0,0.21,0.8159,5.585,0,9.49242761965172,0
"7732",2005,323,3,127.412,0,0,0,0.025,-0.01,0.83095,5.855,0,9.49254924987549,0
"7733",2005,323,4,115.9645,0,0,0,0,-0.225,0.83875,5.67,0,9.49263535798802,0
"7734",2005,323,5,104.6515,0,0,0,0,-0.275,0.8372,5.425,0,9.49268003525894,0
"7735",2005,323,6,93.6625,6.532,1.87,0.73,0.525,0.06,0.82275,6.7,0,9.49268840024008,0
"7736",2005,323,7,83.447,162.702,60.175,70.61,23.73,1.6,0.801,6.71,0,9.53039593948837,0
"7737",2005,323,8,74.508,473.961,179.08,225.625,63.405,2.79,0.73555,7.535,0,9.52932427600897,0
"7738",2005,323,9,67.1415,759.207,289.345,369.53,95.455,4.7,0.6389,8.22,0,9.52929265569469,0
"7739",2005,323,10,62.044,957.904,365.985,471.87,117.045,7.35263157894737,0.56935,9.215,0,9.52929217824189,0
"7740",2005,323,11,59.8205,1040.98,395.93,514.535,126.695,9.59,0.5127,9.725,0,9.52929233692318,0
"7741",2005,323,12,60.8005,1002.754,378.49,493.455,124.405,10.9,0.432,10.805,0,9.52929217220482,0
"7742",2005,323,13,64.831,849.597,315.04,412.23,110.155,11.87,0.39495,11.23,0,9.52929226446462,0
"7743",2005,323,14,71.387,594.044,216.01,281.77,83.355,11.76,0.41635,10.26,0,9.5292925862803,0
"7744",2005,323,15,79.8,280.784,97.385,125.34,44.71,11.91,0.43625,8.235,0,9.52929219014398,0
"7745",2005,323,16,89.4745,34.293,9.21,10.165,6.605,9.205,0.53135,6.105,0,9.52878967692751,0
"7746",2005,323,17,100.313,0.069,0,0,0.165,7.125,0.59125,6.615,0,9.50767920332282,0
"7747",2005,323,18,111.4985,0,0,0,0.135,5.97,0.6149,5.92,0,9.51005702916635,0
"7748",2005,323,19,122.9385,0,0,0,0.15,5.11,0.6427,5.39,0,9.51014625085168,0
"7749",2005,323,20,134.317,0,0,0,0.135,3.89,0.68585,4.845,0,9.51022957952717,0
"7750",2005,323,21,145.1405,0,0,0,0.055,3.215,0.7189,4.97,0,9.51034795081732,0
"7751",2005,323,22,154.287,0,0,0,0.005,2.37,0.7715,3.84,0,9.51049398167192,0
"7752",2005,323,23,159.171,0,0,0,0,2.555,0.79105,3.615,0,9.51065851416702,0
"7753",2005,324,0,156.9835,0.023,0,0,0.005,1.86,0.8376,4.08,0,9.51082960992322,0
"7754",2005,324,1,149.152,0,0,0,0,1.3,0.85745,3.825,0,9.51099620023447,0
"7755",2005,324,2,138.815,0.092,0,0,0,0.895,0.87445,2.125,0,9.51114705225002,0
"7756",2005,324,3,127.5895,0.299,0,0,0,0.525,0.8872,1.685,0,9.51127651251205,0
"7757",2005,324,4,116.1435,0.092,0,0,0,0.735,0.86845,2.19,0,9.51136899421932,0
"7758",2005,324,5,104.8365,0,0,0,0,0.405,0.8787,2.015,0,9.51141458239916,0
"7759",2005,324,6,93.847,4.899,1.285,0.565,0.3,-0.16,0.8897,2.175,0,9.51141913736451,0
"7760",2005,324,7,83.644,104.236,34.32,38.81,10.32,-0.195,0.87805,2.455,0,9.53560435113173,0
"7761",2005,324,8,74.722,430.33,161.635,201.715,55.66,1.45,0.8521,2.57,0,9.53386918004022,0
"7762",2005,324,9,67.3685,701.362,267.275,340.76,88.1,4.265,0.76745,2.62,0,9.53381779746027,0
"7763",2005,324,10,62.276,949.601,363.285,467.245,114.645,6.795,0.68265,1.995,0,9.53381704070362,0
"7764",2005,324,11,60.049,823.147,312.825,404.4,96.205,8.62,0.62155,2.64,0,9.53381702826755,0
"7765",2005,324,12,61.0115,832.554,314.98,407.4,100.8,9.705,0.5951,2.52,0,9.53381695296754,0
"7766",2005,324,13,65.018,555.335,209.77,269.215,64.8,10.16,0.5799,2.12,0,9.53381697913035,0
"7767",2005,324,14,71.546,475.456,183.84,238.725,66.04,10.11,0.6149,3.31,0,9.53381705325229,0
"7768",2005,324,15,79.932,231.403,84.975,108.76,33.86,9.635,0.64935,3.615,0,9.53381728832147,0
"7769",2005,324,16,89.579,24.656,7.125,7.825,3.245,7.37,0.82645,3.81,0,9.52881241940465,0
"7770",2005,324,17,100.4105,0.023,0,0,0.035,6.31,0.85485,2.515,0,9.51843673893572,0
"7771",2005,324,18,111.587,0,0,0,0.035,5.52,0.87,2.975,0,9.51951973997733,0
"7772",2005,324,19,123.023,0.023,0,0,0,4.495,0.91225,1.9,0,9.51958396919506,0
"7773",2005,324,20,134.409,0.092,0,0,0,4.04,0.93405,2.045,0,9.51966918934496,0
"7774",2005,324,21,145.2515,0,0,0,0.04,3.39,0.9429,2.675,0,9.51979126186121,0
"7775",2005,324,22,154.444,0.023,0,0,0.145,3.91,0.94385,1.415,0,9.51993797982144,0
"7776",2005,324,23,159.3845,0.023,0,0,0.1,3.76,0.947,1.585,0,9.52010396722688,0
"7777",2005,325,0,157.209,0.069,0,0,0.055,3.955,0.937,1.795,0,9.5202776901222,0
"7778",2005,325,1,149.355,0.069,0,0,0.035,3.89,0.93675,2.58,0,9.52044647174143,0
"7779",2005,325,2,139.001,0.069,0,0,0.14,3.51,0.93685,2.36,0,9.52059860898171,0
"7780",2005,325,3,127.7675,0.046,0,0,0.09,3.295,0.9445,2.79,0,9.52072254449878,0
"7781",2005,325,4,116.3205,0.069,0,0,0,4.11428571428571,0.87645,4.74,0,9.52080978256962,0
"7782",2005,325,5,105.0175,0,0,0,0.05,4.05714285714286,0.828,5.1,0,9.52085417683452,0
"7783",2005,325,6,94.029,1.058,0.035,0,0.425,4.05714285714286,0.8265,5.485,0,9.52085398418861,0
"7784",2005,325,7,83.839,50.025,18.135,20.93,5.615,4.05714285714286,0.83725,5.11,0,9.49733485392217,0
"7785",2005,325,8,74.9355,412.758,153.32,192.2,53.235,4,0.776,5.495,0,9.48855229475878,0
"7786",2005,325,9,67.592,743.176,277.295,354.59,92.245,4.485,0.7423,7.02,0,9.48828902429533,0
"7787",2005,325,10,62.5035,934.053,349.62,450.41,111.45,5.36,0.7118,7.73,0,9.48828476034518,0
"7788",2005,325,11,60.27,1038.496,384.685,502.035,125.53,6.545,0.67785,7.035,0,9.48828481880294,0
"7789",2005,325,12,61.2155,988.218,365.14,477.95,121.735,7.615,0.6515,7.185,0,9.48828467945251,0
"7790",2005,325,13,65.198,804.011,295.155,386.685,104.29,8.765,0.6319,6.95,0,9.48828469955846,0
"7791",2005,325,14,71.699,516.373,186.745,242.28,71.465,9.59,0.6252,6.52,0,9.48828474616468,0
"7792",2005,325,15,80.0595,248.837,86.925,111.785,37.87,9.625,0.6392,6.605,0,9.48828488392646,0
"7793",2005,325,16,89.681,33.143,10.615,11.685,6.695,8.04,0.70885,4.785,0,9.48748482804347,0
"7794",2005,325,17,100.5015,0.023,0,0,0.185,6.035,0.7923,5.01,0,9.46739590569841,0
"7795",2005,325,18,111.6685,0,0,0,0.13,5.305,0.8222,4.44,0,9.4695727922342,0
"7796",2005,325,19,123.1005,0.023,0,0,0.06,5.325,0.81205,6.02,0,9.46965756705816,0
"7797",2005,325,20,134.4925,0,0,0,0.55,4.10178571428571,0.7862,9.84,0,9.46974099870703,0
"7798",2005,325,21,145.356,0,0,0,0.59,2.87857142857143,0.75275,8.59,0,9.46985901106462,0
"7799",2005,325,22,154.591,0,0,0,0.37,1.9,0.78825,6.33,0,9.47000497230598,0
"7800",2005,325,23,159.5895,0.023,0,0,0.265,1.15,0.83455,6.04,0,9.47016958614591,0
"7801",2005,326,0,157.4305,0,0,0,0,1.13684210526316,0.82815,7.24,0,9.4703409939441,0
"7802",2005,326,1,149.5535,0,0,0,0,1.5,0.8176,7.25,0,9.47050625571074,0
"7803",2005,326,2,139.185,0,0,0,0.135,1.91666666666667,0.81365,7.98,0,9.47065472825782,0
"7804",2005,326,3,127.943,0,0,0,0.21,1.5,0.84115,7.77,0,9.47077637666228,0
"7805",2005,326,4,116.4945,0,0,0,0.285,1.34,0.8531,7.705,0,9.47086253567117,0
"7806",2005,326,5,105.198,0,0,0,0.29,0,0.8582,6.705,0,9.47090708729061,0
"7807",2005,326,6,94.2495,4.117,0.705,0.13,0.5,-0.085,0.8482,6.4,0,9.47091095388328,0
"7808",2005,326,7,84.0325,138.276,55.15,65.635,24.665,-0.48,0.826,7.12,0,9.50522944689403,0
"7809",2005,326,8,75.1445,452.709,175.285,224.685,69.285,0.673684210526316,0.7578,8.895,0,9.50396468586735,0
"7810",2005,326,9,67.8105,750.007,285.82,371.41,103.42,1.56842105263158,0.7121,8.98,0,9.50392650273701,0
"7811",2005,326,10,62.726,949.44,360.91,472.59,124.915,2.46315789473684,0.654,8.54,0,9.50392589084009,0
"7812",2005,326,11,60.4865,1035.276,392.265,517.39,134.765,3.265,0.5822,7.67,0,9.50392603807218,0
"7813",2005,326,12,61.4135,1000.477,376.22,497.365,132.045,3.835,0.4853,7.48,0,9.50392663560828,0
"7814",2005,326,13,65.37,847.021,314.205,415.74,116.195,4.31,0.4398,7.32,0,9.50392589582572,0
"7815",2005,326,14,71.846,591.836,215.11,284.025,87.96,4.35,0.434,7.54,0,9.5039259559707,0
"7816",2005,326,15,80.18,280.163,97.55,127.215,47.725,4.745,0.4262,6.32,0,9.50392614406978,0
"7817",2005,326,16,89.7745,31.326,8.99,9.175,6.325,3.54,0.46695,3.745,0,9.50283104776931,0
"7818",2005,326,17,100.588,0,0,0,0,2.63,0.4953,2.475,0,9.48239860254595,0
"7819",2005,326,18,111.7435,0,0,0,0,0.87,0.58295,1.76,0,9.48422734120911,0
"7820",2005,326,19,123.1725,0.046,0,0,0,0.56,0.61075,2.265,0,9.48430554156437,0
"7821",2005,326,20,134.568,0,0,0,0,-0.355,0.68045,2.58,0,9.48438943268759,0
"7822",2005,326,21,145.452,0.023,0,0,0,-0.23,0.70055,2.795,0,9.48450782200595,0
"7823",2005,326,22,154.731,0.046,0,0,0,-0.335,0.7606,2.78,0,9.48465598169934,0
"7824",2005,326,23,159.788,0,0,0,0,0.385,0.7529,3.005,0,9.48482175727224,0
"7825",2005,327,0,157.6465,0,0,0,0,0.6,0.7756,3.285,0,9.48499283994542,0
"7826",2005,327,1,149.7515,0,0,0,0,1.015,0.7743,3.975,0,9.48515767802045,0
"7827",2005,327,2,139.3645,0,0,0,0,1.4,0.78955,4.6,0,9.48530644243722,0
"7828",2005,327,3,128.1165,0,0,0,0.07,1.65,0.8071,4.75,0,9.48542819014291,0
"7829",2005,327,4,116.6715,0,0,0,0.015,1.975,0.78185,5.875,0,9.4855142685568,0
"7830",2005,327,5,105.3755,0,0,0,0.2,2.18,0.78765,7.6,0,9.48555877362118,0
"7831",2005,327,6,94.4285,0.897,0,0,0.075,2.34,0.75725,8.735,0,9.48555916886573,0
"7832",2005,327,7,84.2215,41.446,14.375,15.745,4.305,2.83,0.7222,8.735,0,9.44917991373491,0
"7833",2005,327,8,75.35,144.44,51.995,64.265,15.52,3.835,0.68985,9.36,0,9.43340281426472,0
"7834",2005,327,9,68.0235,382.812,141.595,182.85,44.45,5.95,0.65315,10.18,0,9.43292548146526,0
"7835",2005,327,10,62.9425,584.016,214.25,281.235,70.51,7.895,0.619,10.29,0,9.43291761856501,0
"7836",2005,327,11,60.6965,672.313,245.145,322.19,81.775,9.33,0.6029,11.455,0,9.43291750603949,0
"7837",2005,327,12,61.6065,524.124,194.895,252.83,60.27,10.58,0.57115,12.025,0,9.43291754569424,0
"7838",2005,327,13,65.5375,599.035,220.705,289.05,75.9,11.655,0.5411,12.56,0,9.4329176666305,0
"7839",2005,327,14,71.9835,603.382,211.115,280.505,88.93,12.81,0.5088,12.505,0,9.43291809031085,0
"7840",2005,327,15,80.292,226.78,74.92,97.555,35.705,12.73,0.51715,11.9,0,9.43291754903371,0
"7841",2005,327,16,89.901,12.926,2.945,2.255,2.38,11.345,0.57975,7.65,0,9.42270838011092,0
"7842",2005,327,17,100.665,0,0,0,0.14,10.645,0.6121,8.02,0,9.42357446614765,0
"7843",2005,327,18,111.8115,0.023,0,0,0.385,9.825,0.62795,9.5,0,9.42432345709214,0
"7844",2005,327,19,123.237,0.023,0,0,0.5,8.16,0.66955,8.97,0,9.42438066178187,0
"7845",2005,327,20,134.6395,0.023,0,0,0.21,7.38,0.66315,8.835,0,9.42446457729052,0
"7846",2005,327,21,145.5415,0,0,0,0.25,6.64,0.70145,7.61,0,9.42458362466192,0
"7847",2005,327,22,154.8645,0,0,0,0.145,6.14,0.693,8.81,0,9.42472916575481,0
"7848",2005,327,23,159.981,0,0,0,0.215,5.785,0.70125,7.625,0,9.42489378748833,0
"7849",2005,328,0,157.8595,0.023,0,0,0.45,4.655,0.72995,8.09,0,9.42506436246791,0
"7850",2005,328,1,149.947,0,0,0,0.285,3.48,0.7545,8.1,0,9.42522967246612,0
"7851",2005,328,2,139.545,0,0,0,0.29,2.945,0.74475,9.87,0,9.42537815892516,0
"7852",2005,328,3,128.291,0,0,0,0.445,1.74,0.75005,9.57,0,9.42549913873507,0
"7853",2005,328,4,116.8425,0,0,0,0.395,0.495,0.7198,10.75,0,9.42558465428629,0
"7854",2005,328,5,105.553,0,0,0,0.28,-0.55,0.71595,10.54,0,9.42562864581621,0
"7855",2005,328,6,94.6465,3.818,0.635,0.22,0.64,-1.26,0.6883,10.425,0,9.42563114915909,0
"7856",2005,328,7,84.408,119.899,42.84,52.385,17.95,-1.715,0.6412,10.18,0,9.45700312516474,0
"7857",2005,328,8,75.5505,287.293,105.8,139.21,41.79,-2.075,0.571,10.785,0,9.45556890968916,0
"7858",2005,328,9,68.234,369.334,137.48,182.49,46.14,-3.6,0.4729,11.765,0,9.45552475094171,0
"7859",2005,328,10,63.155,784.231,288.045,386.425,103.955,-3.99,0.3627,12.695,0,9.4555240438224,0
"7860",2005,328,11,60.9005,1033.298,384.27,516.875,139.825,-3.5,0.3568,11.995,0,9.45552410083978,0
"7861",2005,328,12,61.792,1004.111,370.425,502.48,139.525,-3.94,0.2947,12.13,0,9.45552401654491,0
"7862",2005,328,13,65.6985,852.794,311.365,423.13,124.06,-4.45,0.27875,11.545,0,9.45552404723326,0
"7863",2005,328,14,72.117,600.07,215.7,292.905,95.195,-4.64,0.28565,10.61,0,9.45552413807475,0
"7864",2005,328,15,80.4,286.833,98.085,134.7,53.415,-4.835,0.2911,10.855,0,9.455524430743,0
"7865",2005,328,16,89.9835,32.016,8.395,9.06,7.62,-5.895,0.3171,9.07,0,9.45472168526272,0
"7866",2005,328,17,100.737,0.023,0,0,0.195,-6.695,0.37655,6.1,0,9.43747731268411,0
"7867",2005,328,18,111.874,0,0,0,0.095,-7.15,0.38255,6.805,0,9.43948546795608,0
"7868",2005,328,19,123.2965,0.023,0,0,0.12,-7.9,0.4305,4.635,0,9.43956666171557,0
"7869",2005,328,20,134.7035,0.023,0,0,0.045,-8.555,0.49215,3.645,0,9.43965050398532,0
"7870",2005,328,21,145.6225,0,0,0,0,-8.7,0.5422,4.25,0,9.43976933866584,0
"7871",2005,328,22,154.9885,0.023,0,0,0.05,-8.705,0.5407,4.905,0,9.43991593615417,0
"7872",2005,328,23,160.166,0,0,0,0.07,-9.09,0.5618,4.025,0,9.44008068270364,0
"7873",2005,329,0,158.066,0,0,0,0.06,-9.85,0.6263,2.89,0,9.44025093343778,0
"7874",2005,329,1,150.137,0.023,0,0,0,-9.75,0.65395,1.64,0,9.44041630908947,0
"7875",2005,329,2,139.721,0.207,0,0,0,-9.08,0.6244,2.615,0,9.44056955912498,0
"7876",2005,329,3,128.462,0.046,0,0,0.01,-8.34,0.5542,3.405,0,9.4406965190033,0
"7877",2005,329,4,117.0145,0.023,0,0,0,-8.09,0.52595,3.185,0,9.44078335949941,0
"7878",2005,329,5,105.728,0,0,0,0.025,-7.935,0.50405,1.635,0,9.44082775909248,0
"7879",2005,329,6,94.824,2.967,0.89,0.505,0.505,-8.075,0.5289,1.28,0,9.44082950271225,0
"7880",2005,329,7,84.592,78.66,26.745,30.845,8.595,-7.535,0.5093,2.635,0,9.4541425756522,0
"7881",2005,329,8,75.751,353.487,127.275,168.25,48.16,-6.605,0.44365,3.46,0,9.45147565289891,0
"7882",2005,329,9,68.44,454.158,162.645,216.39,54.93,-5.89,0.4088,5.13,0,9.45139275002908,0
"7883",2005,329,10,63.361,410.642,148.11,196.625,47.08,-5.27,0.37915,5.365,0,9.45139142321747,0
"7884",2005,329,11,61.0985,348.036,123.645,164.125,39.245,-4.69,0.3641,5.61,0,9.45139141471927,0
"7885",2005,329,12,61.9705,319.654,112.48,148.36,34.835,-4.26,0.3576,5.53,0,9.4513913766318,0
"7886",2005,329,13,65.851,148.304,49.935,63.14,14.72,-4.26,0.33675,6.445,0,9.4513913996266,0
"7887",2005,329,14,72.243,209.208,74.27,95.815,22.99,-3.625,0.3284,6.865,0,9.45139146074884,0
"7888",2005,329,15,80.501,157.067,56.755,73.795,19.43,-2.935,0.3299,7.995,0,9.45139165116801,0
"7889",2005,329,16,90.0605,13.869,5.025,4.545,2.285,-2.495,0.36435,7.02,0,9.43585596138366,0
"7890",2005,329,17,100.8035,0.023,0,0,0.2,-2.405,0.3884,7.635,0,9.43692993821722,0
"7891",2005,329,18,111.93,0,0,0,0.015,-2.62,0.4368,7.095,0,9.4375894437759,0
"7892",2005,329,19,123.3475,0.046,0,0,0.015,-2.74,0.4378,8.33,0,9.43764541979657,0
"7893",2005,329,20,134.759,0.023,0,0,0.02,-2.82,0.45775,8.07,0,9.43773032934712,0
"7894",2005,329,21,145.6985,0.023,0,0,0,-2.615,0.4746,7.66,0,9.43785023157771,0
"7895",2005,329,22,155.105,0,0,0,0,-1.97,0.44765,8.24,0,9.43799763785184,0
"7896",2005,329,23,160.345,0,0,0,0.15,-1.62184210526316,0.4487,7.615,0,9.43816198172121,0
"7897",2005,330,0,158.269,0.023,0,0,0.18,-1.62184210526316,0.4791,4.155,0,9.43833274334745,0
"7898",2005,330,1,150.325,0.046,0,0,0,-1.62184210526316,0.48475,3.45,0,9.43849897876781,0
"7899",2005,330,2,139.8965,0,0,0,0,-1.62184210526316,0.4617,4.86,0,9.43864862301598,0
"7900",2005,330,3,128.6325,0,0,0,0.195,-1.62184210526316,0.4832,4.56,0,9.43876918902029,0
"7901",2005,330,4,117.184,0,0,0,0,-1.27368421052632,0.5193,4.57,0,9.43885424508123,0
"7902",2005,330,5,105.9035,0,0,0,0,-1.53636363636364,0.54315,4.625,0,9.43889766288076,0
"7903",2005,330,6,94.9985,3.128,0.615,0.105,0.19,-1.135,0.562,5.005,0,9.43889809325545,0
"7904",2005,330,7,84.7715,101.062,34.665,40.46,13.61,-0.65,0.58125,4.395,0,9.46175414833148,0
"7905",2005,330,8,75.9445,361.629,131.48,171.52,52.925,2.26,0.51855,5.65,0,9.4598843496291,0
"7906",2005,330,9,68.642,302.082,109.455,142.19,35.655,5.21,0.4536,6.53,0,9.45982802162268,0
"7907",2005,330,10,63.5625,285.315,101.945,131.985,31.26,5.97,0.4387,6.735,0,9.45982711438078,0
"7908",2005,330,11,61.2885,614.399,224.23,295.93,74.2,7.68,0.41835,6.56,0,9.45982720285499,0
"7909",2005,330,12,62.1435,728.801,263.095,351.8,92.165,9.695,0.4136,6.61,0,9.45982710556135,0
"7910",2005,330,13,65.9975,438.748,159.575,208.57,52.555,10.635,0.4237,6.11,0,9.45982712730082,0
"7911",2005,330,14,72.362,393.047,140.93,185.62,55.5,11.435,0.42875,6.455,0,9.45982718417755,0
"7912",2005,330,15,80.5945,130.525,45.58,57.04,15.735,11.12,0.4491,6.27,0,9.45982736004803,0
"7913",2005,330,16,90.13,9.315,1.895,1.22,1.195,9.65,0.48875,5.705,0,9.43769057790482,0
"7914",2005,330,17,100.8645,0.023,0,0,0.02,9.095,0.52325,6.495,0,9.439770997151,0
"7915",2005,330,18,111.98,0.046,0,0,0.035,9.005,0.654,7.34,0,9.44028287467214,0
"7916",2005,330,19,123.3935,0,0,0,0.04,8.795,0.6799,6.48,0,9.44033690812546,0
"7917",2005,330,20,134.8095,0.023,0,0,0.03,8.625,0.65345,6.525,0,9.44042174381389,0
"7918",2005,330,21,145.7655,0.023,0,0,0.04,8.545,0.69045,5.6,0,9.44054273544692,0
"7919",2005,330,22,155.214,0,0,0,0,9.185,0.7469,5.67,0,9.44069067983908,0
"7920",2005,330,23,160.515,0,0,0,0,9.565,0.7494,4.625,0,9.44085530505433,0
"7921",2005,331,0,158.4655,0,0,0,0.185,9.48,0.7769,4.36,0.306916666666667,9.44102558893199,0
"7922",2005,331,1,150.512,0.276,0,0,0.145,8.41,0.9096,4.09,0.306916666666667,9.44119659398836,0
"7923",2005,331,2,140.0705,0.023,0,0,0.01,8.71,0.923,4.825,0.306916666666667,9.44135236793973,0
"7924",2005,331,3,128.7995,0,0,0,0.05,8.685,0.9205,5.92,0.306916666666667,9.44147302296375,0
"7925",2005,331,4,117.3515,0.069,0,0,0.02,8.665,0.9358,7.095,0.306916666666667,9.44155807467869,0
"7926",2005,331,5,106.075,0.115,0,0,0,8.96,0.9696,7.51,0.306916666666667,9.44160180616606,0
"7927",2005,331,6,95.21,0.943,0.005,0,0.23,9.36,0.9715,7.625,0.306916666666667,9.44159965284955,0
"7928",2005,331,7,84.9485,21.413,6.48,5.415,1.695,9.315,0.9747,7.285,0.306916666666667,9.43683692824721,0
"7929",2005,331,8,76.1375,76.866,25.99,29.41,6.045,9.365,0.9718,7.53,0.306916666666667,9.34645416230837,0
"7930",2005,331,9,68.838,107.433,36.455,42.19,8.06,9.465,0.96245,8.795,0.306916666666667,9.34321296996595,0
"7931",2005,331,10,63.7565,157.159,54.775,63.59,11.655,9.735,0.90965,10.685,0.306916666666667,9.34315915548534,0
"7932",2005,331,11,61.4755,88.826,28.74,31.17,5.49,9.89,0.90965,10.31,0.306916666666667,9.34315840238736,0
"7933",2005,331,12,62.308,91.264,30.725,32.915,5.47,10.07,0.9389,10.9,0.306916666666667,9.34315843968559,0
"7934",2005,331,13,66.1365,86.549,30.005,31.92,5.835,10.385,0.9396,10.05,0.306916666666667,9.34315857564527,0
"7935",2005,331,14,72.474,55.154,18.125,18.115,3.65,10.485,0.9635,9.24,0.306916666666667,9.34312101547206,0
"7936",2005,331,15,80.683,37.26,12.935,11.485,2.715,11.065,0.9643,9.53,0.306916666666667,9.32347992433058,0
"7937",2005,331,16,90.1945,3.151,0.475,0,0.08,11.375,0.9617,7.645,0.306916666666667,9.18558720625935,0
"7938",2005,331,17,100.9185,0.115,0,0,0,11.86,0.95255,8.075,0.306916666666667,9.18610240972037,0
"7939",2005,331,18,112.0225,0.161,0,0,0.02,12.215,0.9469,8.44,0.306916666666667,9.18614588851909,0
"7940",2005,331,19,123.4335,0.414,0,0,0,12.36,0.9449,7.56,0.306916666666667,9.18619303876794,0
"7941",2005,331,20,134.8525,0.437,0,0,0,12.305,0.94345,6.545,0.306916666666667,9.18628865299732,0
"7942",2005,331,21,145.826,0.437,0,0,0,12.48,0.9414,6.825,0.306916666666667,9.18642496609107,0
"7943",2005,331,22,155.3145,0.391,0,0,0,13.115,0.9291,8.43,0.306916666666667,9.18659217185919,0
"7944",2005,331,23,160.6785,0.046,0,0,0,13.51,0.91525,9.91,0.306916666666667,9.18676842399172,0
"7945",2005,332,0,158.6595,0.023,0,0,0,13.685,0.9096,11.29,0.772583333333333,9.18693933756933,0
"7946",2005,332,1,150.693,0.529,0,0,0.115,13.64,0.9216,12.215,0.772583333333333,9.18711576286594,0
"7947",2005,332,2,140.241,0.736,0,0,0.01,13.82,0.91135,10.505,0.772583333333333,9.18729454631404,0
"7948",2005,332,3,128.9655,0.897,0,0,0,14.06,0.89825,10.985,0.772583333333333,9.18745001193066,0
"7949",2005,332,4,117.519,0.713,0,0,0,14.64,0.8816,12.235,0.772583333333333,9.18755960365323,0
"7950",2005,332,5,106.2445,0.437,0,0,0.025,14.66,0.90435,11.72,0.772583333333333,9.18761091850445,0
"7951",2005,332,6,95.384,0.529,0,0,0.135,14.38,0.95545,9.94,0.772583333333333,9.187608707846,0
"7952",2005,332,7,85.122,8.648,1.7,1.59,1.04,14.395,0.9381,11.84,0.772583333333333,9.18740097474596,0
"7953",2005,332,8,76.3245,141.22,52.29,62.485,13.12,13.24,0.91225,11.405,0.772583333333333,9.13087030038544,0
"7954",2005,332,9,69.0305,272.481,102.335,125.79,26.065,13.26,0.86235,11.88,0.772583333333333,9.12802968595629,0
"7955",2005,332,10,63.947,720.061,263.17,341.465,84.23,13.64,0.8147,12.265,0.772583333333333,9.12798059858809,0
"7956",2005,332,11,61.6525,765.003,274.715,362.615,93.265,13.66,0.7496,12.555,0.772583333333333,9.12797991551525,0
"7957",2005,332,12,62.466,687.493,241.96,323.69,85.615,13.54,0.72395,11.87,0.772583333333333,9.12798000016157,0
"7958",2005,332,13,66.2695,416.668,148.15,195.28,51.03,13.04,0.7107,11.005,0.772583333333333,9.1279803095015,0
"7959",2005,332,14,72.5795,152.352,50.93,66.775,19.325,10.85,0.70455,11.105,0.772583333333333,9.12797996601737,0
"7960",2005,332,15,80.7635,92.989,32.275,40.025,11.44,9.565,0.70135,9.6,0.772583333333333,9.12798009990213,0
"7961",2005,332,16,90.253,5.819,0.89,0.385,0.705,8.965,0.69815,8.94,0.772583333333333,9.10023725956584,0
"7962",2005,332,17,100.965,0,0,0,0.145,8.32,0.7329,7.98,0.772583333333333,9.10564508809916,0
"7963",2005,332,18,112.061,0.023,0,0,0.295,7.625,0.74345,8.845,0.772583333333333,9.10600134268483,0
"7964",2005,332,19,123.466,0,0,0,0.345,6.77,0.71835,10.51,0.772583333333333,9.10604947671861,0
"7965",2005,332,20,134.8885,0,0,0,0.63,5.38,0.7319,9.37,0.772583333333333,9.1061310609622,0
"7966",2005,332,21,145.8795,0,0,0,0.37,3.995,0.7612,8.75,0.772583333333333,9.10624811454968,0
"7967",2005,332,22,155.408,0,0,0,0.545,2.725,0.73725,10.32,0.772583333333333,9.10639194905835,0
"7968",2005,332,23,160.8355,0,0,0,0.11,2.32,0.7614,8.16,0.772583333333333,9.10655286511875,0
"7969",2005,333,0,158.8475,0,0,0,0.05,2.395,0.7672,7.73,0,9.10672098291918,0
"7970",2005,333,1,150.8735,0,0,0,0.105,2.385,0.7667,7.785,0,9.10688324911893,0
"7971",2005,333,2,140.4095,0,0,0,0.21,2.22,0.7266,9.31,0,9.10702889712318,0
"7972",2005,333,3,129.1305,0,0,0,0.35,1.495,0.7248,10.06,0,9.10714821579168,0
"7973",2005,333,4,117.6825,0,0,0,0.54,0.605,0.72395,8.93,0,9.10723236024351,0
"7974",2005,333,5,106.4115,0,0,0,0.235,-0.225,0.70365,10.595,0,9.10727579698536,0
"7975",2005,333,6,95.5525,0.736,0.055,0,0.29,-0.655,0.7164,10.43,0,9.10727542318673,0
"7976",2005,333,7,85.2895,21.183,6.135,5.1,2.425,-0.855,0.7336,10.275,0,9.10347856540111,0
"7977",2005,333,8,76.507,78.292,26.45,31.665,8.3,-0.91,0.723,10.605,0,9.0347013607248,0
"7978",2005,333,9,69.2165,155.066,53.34,67.75,16.575,-0.955,0.72675,10.425,0,9.03187643901895,0
"7979",2005,333,10,64.131,167.739,57.06,72.645,17.795,-1.155,0.7143,10.205,0,9.0318265229079,0
"7980",2005,333,11,61.8265,195.063,66.995,85.68,20.75,-1.275,0.72365,9.425,0,9.03182581107539,0
"7981",2005,333,12,62.6185,159.022,53.505,67.43,16.105,-1.295,0.7574,9.025,0,9.03182586527319,0
"7982",2005,333,13,66.3935,94.576,30.285,36.855,9.14,-1.475,0.7633,9.33,0,9.03182604632987,0
"7983",2005,333,14,72.6785,100.326,33.515,41.215,10.305,-1.555,0.7345,9.185,0,9.03182601919925,0
"7984",2005,333,15,80.838,46.23,14.81,16.545,4.8,-1.65,0.73745,9.245,0,9.03160273471442,0
"7985",2005,333,16,90.305,6.049,1.115,0.36,0.715,-1.76,0.71275,8.98,0,8.93974841295625,0
"7986",2005,333,17,101.007,0.115,0,0,0.07,-1.97,0.7459,8.275,0,8.94165152154649,0
"7987",2005,333,18,112.0935,0.069,0,0,0.05,-2.095,0.75115,7.82,0,8.94175489134714,0
"7988",2005,333,19,123.493,0.069,0,0,0.035,-2.2,0.7481,7.705,0,8.94179826938596,0
"7989",2005,333,20,134.9195,0.023,0,0,0.1,-2.39,0.79255,7.72,0,8.94188029136284,0
"7990",2005,333,21,145.9235,0.046,0,0,0.075,-2.54,0.82055,6.455,0,8.94199699350541,0
"7991",2005,333,22,155.493,0.023,0,0,0.005,-2.31,0.7542,7.415,0,8.9421414136419,0
"7992",2005,333,23,160.9835,0.023,0,0,0.02,-2.235,0.7536,6.475,0,8.94230301519616,0
"7993",2005,334,0,159.03,0.138,0,0,0.04,-2.37,0.74425,6.895,0,8.94247248213803,0
"7994",2005,334,1,151.048,0.023,0,0,0,-2.325,0.7494,6.97,0,8.94263832662002,0
"7995",2005,334,2,140.5765,0.092,0,0,0.055,-2.365,0.7528,7.22,0,8.9427853677282,0
"7996",2005,334,3,129.2915,0.023,0,0,0.205,-2.865,0.74645,7.155,0,8.94290657743321,0
"7997",2005,334,4,117.845,0.023,0,0,0.795,-4.375,0.7452,8.53,0,8.94299107918867,0
"7998",2005,334,5,106.5775,0.023,0,0,0.025,-5.315,0.7888,6.465,0,8.94303468486242,0
"7999",2005,334,6,95.7595,1.288,0.185,0,0.065,-4.85,0.78475,3.765,0,8.94303569551709,0
"8000",2005,334,7,85.4565,53.314,18.365,21.035,5.745,-4.61,0.7627,5.26,0,8.95201067873229,0
"8001",2005,334,8,76.687,209.898,77.575,101.715,25.93,-4.57,0.7534,4.28,0,8.94866670927004,0
"8002",2005,334,9,69.3985,322.391,118.7,157.03,39.17,-3.6425,0.73615,4.66,0,8.94848637061042,0
"8003",2005,334,10,64.309,682.088,250.775,338.57,90.105,-3.6425,0.7209,3.735,0,8.94848320733679,0
"8004",2005,334,11,61.992,939.343,340.01,466.655,130.93,-3.6425,0.70595,3.885,0,8.94848311745265,0
"8005",2005,334,12,62.763,922.645,332.61,457.055,128.125,-3.6425,0.696,3.61,0,8.94848317492706,0
"8006",2005,334,13,66.513,776.71,275.565,379.66,114.49,-3.6425,0.67335,2.97,0,8.94848337360824,0
"8007",2005,334,14,72.7705,510.83,178.61,246.44,80.34,-3.6425,0.68025,2.685,0,8.94848327864594,0
"8008",2005,334,15,80.906,179.952,60.48,80.33,26.63,-3.6425,0.701,2.615,0,8.94848314389247,0
"8009",2005,334,16,90.3895,14.352,3.96,3.475,1.38,-3.6425,0.76055,2.625,0,8.94579737825837,0
"8010",2005,334,17,101.0415,0,0,0,0,-3.6425,0.8147,2.14,0,8.96349949739765,0
"8011",2005,334,18,112.117,0.023,0,0,0,-2.715,0.842,2.795,0,8.96436844028518,0
"8012",2005,334,19,123.514,0,0,0,0,-2.83,0.87335,2.835,0,8.96442519849512,0
"8013",2005,334,20,134.943,0,0,0,0,-3.15,0.8701,2.86,0,8.96450666206292,0
"8014",2005,334,21,145.9645,0.046,0,0,0,-3.045,0.8701,3.76,0,8.9646229335425,0
"8015",2005,334,22,155.5685,0,0,0,0,-2.565,0.84105,1.655,0,8.96476749691102,0
"8016",2005,334,23,161.125,0,0,0,0,-2.65,0.861,3.455,0,8.96492723854627,0
"8017",2005,335,0,159.208,0.023,0,0,0,-2.7,0.8568,3.365,0.0635,8.96509459780723,0
"8018",2005,335,1,151.222,0.023,0,0,0,-2.705,0.86345,3.14,0.0635,8.96525688472755,0
"8019",2005,335,2,140.7405,0.046,0,0,0,-2.7,0.8626,4.475,0.0635,8.96540302507252,0
"8020",2005,335,3,129.452,0,0,0,0.06,-2.46666666666667,0.9354,5.31,0.0635,8.96552218025336,0
"8021",2005,335,4,118.0055,0,0,0,0.02,-2.46666666666667,0.96835,5.05,0.0635,8.96560543870268,0
"8022",2005,335,5,106.74,0.023,0,0,0,-2.23333333333333,0.97485,4.885,0.0635,8.96564832451487,0
"8023",2005,335,6,95.928,0.851,0,0,0.23,-2.155,0.97575,4.17,0.0635,8.96564809946297,0
"8024",2005,335,7,85.6185,30.659,1.55,8.2,9.56,-2,0.9783,3.215,0.0635,8.94160150171849,0
"8025",2005,335,8,76.8635,112.355,7.565,40.02,35.555,-2.15,0.974,2.205,0.0635,8.911593697263,0
"8026",2005,335,9,69.574,261.832,20.39,111.15,95.17,-2.15,0.97275,1.555,0.0635,8.910503313911,0
"8027",2005,335,10,64.481,570.745,53.62,254.93,206.875,-2.15,0.9661,3.84,0.0635,8.91048374921681,0
"8028",2005,335,11,62.151,602.945,61.665,267.06,209.375,-2.15,0.94275,5.525,0.0635,8.91048351661277,0
"8029",2005,335,12,62.9005,425.362,44.9,177.6,135.335,-2.15,0.90135,9.86,0.0635,8.91048369800091,0
"8030",2005,335,13,66.625,396.152,49.815,172.395,125.215,-2.3,0.86225,10.33,0.0635,8.9104836937971,0
"8031",2005,335,14,72.854,257.853,32.825,111.235,80.835,-2.775,0.8316,10.415,0.0635,8.91048349349216,0
"8032",2005,335,15,80.9675,113.298,14.06,46.795,35.51,-3.475,0.786,11.115,0.0635,8.91048351285069,0
"8033",2005,335,16,90.43,10.511,0.38,1.87,3.6,-3.9,0.8683,10.01,0.0635,8.90059002076973,0
"8034",2005,335,17,101.0685,0.023,0,0,0.225,-5.30588235294118,0.79715,9.005,0.0635,8.91330422572385,0
"8035",2005,335,18,112.135,0.069,0,0,0.205,-6.1,0.79785,8.49,0.0635,8.91388231343815,0
"8036",2005,335,19,123.5295,0.023,0,0,0.335,-6.5,0.8072,6.865,0.0635,8.9139343205734,0
"8037",2005,335,20,134.959,0.023,0,0,0.03,-9.16666666666667,0.82195,5.66,0.0635,8.91401593911202,0
"8038",2005,335,21,145.9965,0,0,0,0.095,-9.16666666666667,0.82605,6.13,0.0635,8.91413242765898,0
"8039",2005,335,22,155.639,0,0,0,0.06,-9.16666666666667,0.81075,5.725,0.0635,8.91427483850319,0
"8040",2005,335,23,161.2575,0,0,0,0.075,-9.16666666666667,0.81105,4.995,0.0635,8.91443406819191,0
"8041",2005,336,0,159.3785,0.023,0,0,0.005,-9.16666666666667,0.81765,4.275,0,8.9146010139054,0
"8042",2005,336,1,151.3905,0,0,0,0.115,-11.8333333333333,0.83625,4.915,0,8.91476238301079,0
"8043",2005,336,2,140.9015,0.092,0,0,0,-11.35,0.82395,6.345,0,8.91490834508968,0
"8044",2005,336,3,129.6105,0.023,0,0,0.055,-11.355,0.8222,5.61,0,8.91502843314365,0
"8045",2005,336,4,118.1635,0,0,0,0.075,-11.595,0.8134,4.8,0,8.91511180866949,0
"8046",2005,336,5,106.901,0.046,0,0,0.005,-11.26,0.8152,4.935,0,8.91515466209849,0
"8047",2005,336,6,96.0925,1.426,0.04,0,0.42,-10.5466666666667,0.81415,4.8,0,8.91515502773536,0
"8048",2005,336,7,85.7745,75.647,11.01,31.98,24.235,-9.57333333333333,0.7695,5.19,0,8.94981243432347,0
"8049",2005,336,8,77.035,357.627,55.275,168.625,119.68,-8.6,0.7442,4.62,0,8.94824770300028,0
"8050",2005,336,9,69.747,691.035,105.04,326.38,233.755,-8.485,0.69575,5.33,0,8.94816743176805,0
"8051",2005,336,10,64.6475,939.435,147.69,450.225,315.475,-7.685,0.64535,5.645,0,8.94816601648125,0
"8052",2005,336,11,62.3025,1014.392,161.275,487.285,335.045,-7.245,0.6473,5.54,0,8.94816602280357,0
"8053",2005,336,12,63.03,1003.789,165.64,480.645,328.285,-6.79,0.656,4.335,0,8.9481659854155,0
"8054",2005,336,13,66.729,546.963,87.405,255.935,170.475,-6.69,0.67135,3.875,0,8.94816599888117,0
"8055",2005,336,14,72.933,363.63,58.62,168.855,111.475,-6.67,0.66925,3.005,0,8.94816602388616,0
"8056",2005,336,15,81.0205,111.78,16.705,48.815,33.36,-6.96,0.68745,2.15,0,8.94816609140738,0
"8057",2005,336,16,90.466,10.212,1.07,2.735,2.86,-6.68,0.6822,0.7875,0,8.93784202835585,0
"8058",2005,336,17,101.091,0.046,0,0,0.005,-6.64,0.6907,0.933333333333333,0,8.95025742982383,0
"8059",2005,336,18,112.149,0.023,0,0,0,-6.54,0.70395,1.35,0,8.95082197866047,0
"8060",2005,336,19,123.5365,0,0,0,0,-6.445,0.72885,2.07,0,8.95087405860073,0
"8061",2005,336,20,134.971,0.023,0,0,0,-6.405,0.74795,3.08,0,8.95095609592767,0
"8062",2005,336,21,146.0225,0,0,0,0,-6.34,0.75135,3.635,0,8.95107342705051,0
"8063",2005,336,22,155.7005,0.069,0,0,0,-6.43,0.76855,4.055,0,8.95121755590956,0
"8064",2005,336,23,161.383,0.069,0,0,0,-6.5,0.7847,4.37,0,8.9513819853653,0
"8065",2005,337,0,159.546,0.069,0,0,0,-6.4525,0.7995,4.82,0.0423333333333333,8.95155201363554,0
"8066",2005,337,1,151.5555,0.207,0,0,0,-6.405,0.8049,5.43,0.0423333333333333,8.95171982859129,0
"8067",2005,337,2,141.0605,0.161,0,0,0,-6.17,0.8198,5.875,0.0423333333333333,8.95187322021243,0
"8068",2005,337,3,129.7645,0.207,0,0,0,-6.04,0.8343,5.535,0.0423333333333333,8.95199784576648,0
"8069",2005,337,4,118.321,0.069,0,0,0,-5.8,0.82985,5.835,0.0423333333333333,8.95208446770482,0
"8070",2005,337,5,107.06,0.138,0,0,0,-5.7,0.8331,6.295,0.0423333333333333,8.95212780557922,0
"8071",2005,337,6,96.2545,1.104,0.015,0,0.325,-11.7877777777778,0.85775,7.175,0.0423333333333333,8.95212668895167,0
"8072",2005,337,7,85.9675,42.711,6.605,15.325,12.1,-11.1888888888889,0.86455,7.315,0.0423333333333333,8.93482338733046,0
"8073",2005,337,8,77.201,174.685,28.575,74.645,48.77,-10.225,0.84795,8.16,0.0423333333333333,8.92705099376423,0
"8074",2005,337,9,69.914,262.867,42.495,112.56,72.55,-9.785,0.84525,8.57,0.0423333333333333,8.9266813669675,0
"8075",2005,337,10,64.8065,416.484,70.69,183.065,114.61,-8.73166666666667,0.8219,7.85,0.0423333333333333,8.92667484002497,0
"8076",2005,337,11,62.449,560.763,102.535,256.365,154.935,-8.23833333333333,0.79325,7.185,0.0423333333333333,8.92667479019441,0
"8077",2005,337,12,63.1535,615.296,121.27,287.12,168.525,-7.72,0.7662,7.52,0.0423333333333333,8.92667480007254,0
"8078",2005,337,13,66.826,277.38,52.5,120.76,70.95,-7.53,0.7714,6.62,0.0423333333333333,8.92667475073707,0
"8079",2005,337,14,73.002,155.664,28.695,64.47,38.855,-7.44833333333333,0.7765,5.82,0.0423333333333333,8.92667476279998,0
"8080",2005,337,15,81.068,37.03,5.895,11.415,8.855,-7.74,0.7789,5.94,0.0423333333333333,8.92515749597317,0
"8081",2005,337,16,90.4915,2.806,0.08,0,0.675,-7.915,0.80745,5.58,0.0423333333333333,8.81632814566651,0
"8082",2005,337,17,101.1065,0.069,0,0,0.08,-2,0.8256,5.32,0.0423333333333333,8.81757551885672,0
"8083",2005,337,18,112.156,0,0,0,0.115,-1.63,0.88605,4.84,0.0423333333333333,8.81762604229925,0
"8084",2005,337,19,123.539,0,0,0,0.175,-1.625,0.9183,3.445,0.0423333333333333,8.81766954648081,0
"8085",2005,337,20,134.975,0.046,0,0,0.295,-2.13888888888889,0.95115,3.97,0.0423333333333333,8.81775207186377,0
"8086",2005,337,21,146.0385,0,0,0,0.295,-2.75891812865497,0.97465,4.16,0.0423333333333333,8.81786967991595,0
"8087",2005,337,22,155.7545,0.023,0,0,0.245,-2.75891812865497,0.9707,3.92,0.0423333333333333,8.8180125766259,0
"8088",2005,337,23,161.501,0.023,0,0,0.195,-2.75891812865497,0.963,3.93,0.0423333333333333,8.81817360060987,0
"8089",2005,338,0,159.7065,0,0,0,0.23,-3.37894736842105,0.95705,4.31,0.0105833333333333,8.81833943827647,0
"8090",2005,338,1,151.7175,0,0,0,0.205,-3.925,0.9457,5.78,0.0105833333333333,8.81849860515702,0
"8091",2005,338,2,141.2155,0.023,0,0,0.065,-4.18,0.93785,6.575,0.0105833333333333,8.81864193136545,0
"8092",2005,338,3,129.9195,0,0,0,0.065,-4.31,0.9316,5.935,0.0105833333333333,8.818758312512,0
"8093",2005,338,4,118.4725,0,0,0,0.02,-4.35,0.92415,5.365,0.0105833333333333,8.81883931447935,0
"8094",2005,338,5,107.215,0,0,0,0,-9.98,0.92905,5.735,0.0105833333333333,8.81887990847689,0
"8095",2005,338,6,96.4145,0.989,0,0,0.47,-13.0288888888889,0.93165,4.88,0.0105833333333333,8.81887780776469,0
"8096",2005,338,7,86.1175,54.418,6.115,20.965,18.035,-12.8044444444444,0.9055,6.155,0.0105833333333333,8.82922133502427,0
"8097",2005,338,8,77.3645,220.731,30.75,102.265,73.955,-11.85,0.8874,5.895,0.0105833333333333,8.82607522008173,0
"8098",2005,338,9,70.076,412.62,57.915,195.505,137.91,-11.085,0.8904,7.465,0.0105833333333333,8.82590344946521,0
"8099",2005,338,10,64.9615,617.941,96.94,302.06,204.18,-9.77833333333333,0.87935,8.115,0.0105833333333333,8.82590041000602,0
"8100",2005,338,11,62.5865,631.534,95,300.53,205.105,-9.23166666666667,0.86935,7.775,0.0105833333333333,8.82590034462783,0
"8101",2005,338,12,63.27,560.97,82.33,260.865,178.795,-8.65,0.86785,7.42,0.0105833333333333,8.82590036552016,0
"8102",2005,338,13,66.915,529.667,82.475,249.13,168.375,-8.37,0.83925,5.59,0.0105833333333333,8.82590041446077,0
"8103",2005,338,14,73.068,309.35,45.95,141.71,97.475,-8.22666666666667,0.8199,4.925,0.0105833333333333,8.82590057278521,0
"8104",2005,338,15,81.1085,140.76,20.965,63.455,44.86,-8.52,0.816,4.55,0.0105833333333333,8.82590057455525,0
"8105",2005,338,16,90.515,18.124,1.845,5.54,5.88,-9.15,0.79825,4.46,0.0105833333333333,8.82566491995578,0
"8106",2005,338,17,101.1165,0,0,0,0.1,-6.445,0.8466,3.025,0.0105833333333333,8.84974229031485,0
"8107",2005,338,18,112.1565,0,0,0,0.145,-7.055,0.8669,2.76,0.0105833333333333,8.85071238235473,0
"8108",2005,338,19,123.5355,0,0,0,0,-7.835,0.88085,1.565,0.0105833333333333,8.8507717128432,0
"8109",2005,338,20,134.973,0,0,0,0,-8.585,0.90085,1.205,0.0105833333333333,8.85085426601533,0
"8110",2005,338,21,146.05,0,0,0,0.01,-8.89,0.926,2.345,0.0105833333333333,8.85097108764918,0
"8111",2005,338,22,155.7995,0,0,0,0.04,-10.255,0.9409,3.005,0.0105833333333333,8.85111404090272,0
"8112",2005,338,23,161.611,0,0,0,0.04,-11.2,0.9154,3.06,0.0105833333333333,8.85127336978302,0
"8113",2005,339,0,159.8615,0,0,0,0.03,-12.215,0.8992,2.66,0.0105833333333333,8.85143901041482,0
"8114",2005,339,1,151.8765,0,0,0,0.02,-12.34,0.8821,3.99,0.0105833333333333,8.85159838336053,0
"8115",2005,339,2,141.3695,0,0,0,0.03,-12.73,0.8775,3.795,0.0105833333333333,8.85174078052648,0
"8116",2005,339,3,130.0705,0,0,0,0.005,-13.405,0.89035,2.88,0.0105833333333333,8.85185686229475,0
"8117",2005,339,4,118.624,0,0,0,0.04,-14.08,0.8871,2.35,0.0105833333333333,8.85193778488601,0
"8118",2005,339,5,107.3685,0,0,0,0,-14.26,0.8804,2.44,0.0105833333333333,8.85197824884657,0
"8119",2005,339,6,96.5685,0.943,0.01,0,0.165,-14.27,0.88255,2.275,0.0105833333333333,8.85197561587757,0
"8120",2005,339,7,86.2655,100.464,16.0769230769231,45.87,47.74,-14.42,0.88135,3.64,0.0105833333333333,8.89801519832218,0
"8121",2005,339,8,77.522,393.852,73.155,194.595,138.24,-13.475,0.8563,4.645,0.0105833333333333,8.89691972500473,0
"8122",2005,339,9,70.231,650.164,127.405,338.875,229.16,-12.385,0.81555,3.2,0.0105833333333333,8.89686759971755,0
"8123",2005,339,10,65.109,919.264,177.62,492.39,326.595,-10.825,0.7703,2.43,0.0105833333333333,8.89686668866558,0
"8124",2005,339,11,62.718,870.987,146.955,429.375,290.015,-10.225,0.7517,3.155,0.0105833333333333,8.89686675893945,0
"8125",2005,339,12,63.3785,847.78,141.42,411.15,276.895,-9.58,0.76435,3.19,0.0105833333333333,8.89686667888144,0
"8126",2005,339,13,66.9985,734.712,125.57,360.37,247.81,-9.21,0.7674,4.105,0.0105833333333333,8.89686669138293,0
"8127",2005,339,14,73.125,522.859,90.495,253.905,181.625,-9.005,0.7359,4.27,0.0105833333333333,8.89686671410566,0
"8128",2005,339,15,81.145,234.393,40.77,112.585,86.08,-9.3,0.721,4.395,0.0105833333333333,8.89686677458041,0
"8129",2005,339,16,90.531,23.69,2.355,7.365,9.48,-10.385,0.78745,3.195,0.0105833333333333,8.89743500889512,0
"8130",2005,339,17,101.122,0,0,0,0,-10.89,0.8056,2.735,0.0105833333333333,8.92399581614011,0
"8131",2005,339,18,112.15,0,0,0,0,-11.195,0.8153,2.435,0.0105833333333333,8.92539134615595,0
"8132",2005,339,19,123.5255,0,0,0,0,-11.62,0.8188,1.175,0.0105833333333333,8.92545843730332,0
"8133",2005,339,20,134.9645,0,0,0,0,-12.285,0.8712,1.645,0.0105833333333333,8.92554169980371,0
"8134",2005,339,21,146.054,0,0,0,0,-11.95,0.85145,1.615,0.0105833333333333,8.92565884765773,0
"8135",2005,339,22,155.8385,0.023,0,0,0,-11.78,0.83095,0.845,0.0105833333333333,8.92580295486624,0
"8136",2005,339,23,161.7135,0,0,0,0,-12.77,0.8727,2.22,0.0105833333333333,8.92596425390039,0
"8137",2005,340,0,160.0115,0,0,0,0,-12.35,0.8692,2.125,0,8.9261301225113,0
"8138",2005,340,1,152.031,0,0,0,0,-11.975,0.86335,2.55,0,8.92628993088585,0
"8139",2005,340,2,141.52,0,0,0,0.005,-12.225,0.85785,2.52,0,8.92643339313931,0
"8140",2005,340,3,130.219,0,0,0,0,-12.32,0.8567,2.885,0,8.92654951974769,0
"8141",2005,340,4,118.7725,0,0,0,0,-12.215,0.85725,2.71,0,8.9266306503065,0
"8142",2005,340,5,107.518,0,0,0,0,-11.96,0.8655,3.015,0,8.92667094703709,0
"8143",2005,340,6,96.721,0.621,0,0,0.19,-11.725,0.8523,4.365,0,8.92666791229501,0
"8144",2005,340,7,86.447,40.48,5.415,15.135,12.675,-11.105,0.83375,4.17,0,8.90215278735769,0
"8145",2005,340,8,77.6745,185.472,26.45,85.425,61.195,-10.32,0.83525,4.86,0,8.89186678512154,0
"8146",2005,340,9,70.382,385.25,53.985,180.455,127.665,-9.61,0.85365,4.41,0,8.89141183148519,0
"8147",2005,340,10,65.251,604.716,83.065,285.95,204.34,-8.59,0.85265,3.655,0,8.89140384660082,0
"8148",2005,340,11,62.842,670.45,93.955,321.56,229.325,-7.675,0.84685,2.78,0,8.89140376203538,0
"8149",2005,340,12,63.48,745.89,109.81,365.91,257.055,-6.52,0.8299,1.745,0,8.89140389795322,0
"8150",2005,340,13,67.073,566.467,81.56,277.365,195.505,-6.32,0.82865,2.305,0,8.89140441391862,0
"8151",2005,340,14,73.1745,328.118,48.505,157.7,109.33,-6.395,0.85555,2.59,0,8.89140377100641,0
"8152",2005,340,15,81.1715,174.915,24.745,82.845,60.965,-6.23,0.8566,3.46,0,8.89140383125466,0
"8153",2005,340,16,90.5405,18.837,1.23,5.485,5.835,-7.23,0.8909,3.385,0,8.89173701038533,0
"8154",2005,340,17,101.118,0,0,0,0,-7.845,0.8988,3.9,0,8.91667952843537,0
"8155",2005,340,18,112.139,0,0,0,0,-7.155,0.88015,5.4,0,8.91774470180682,0
"8156",2005,340,19,123.509,0,0,0,0.485,-7.695,0.86565,6.375,0,8.91780628179475,0
"8157",2005,340,20,134.9525,0,0,0,0.525,-9.38,0.822,6.805,0,8.91788956997693,0
"8158",2005,340,21,146.052,0,0,0,0.665,-10.76,0.82975,6.09,0,8.91800670919304,0
"8159",2005,340,22,155.868,0,0,0,0.345,-13.315,0.8405,3.715,0,8.9181504012024,0
"8160",2005,340,23,161.807,0,0,0,0.2,-14.63,0.86555,4.03,0,8.918310888238,0
"8161",2005,341,0,160.154,0,0,0,0.11,-15.475,0.86135,3.125,0,8.91847671186203,0
"8162",2005,341,1,152.181,0,0,0,0,-16.395,0.85205,2.37,0,8.91863661419089,0
"8163",2005,341,2,141.6675,0,0,0,0.015,-16.945,0.7996,3.845,0,8.91877947641986,0
"8164",2005,341,3,130.365,0,0,0,0.265,-17.52,0.80015,3.935,0,8.918895581889,0
"8165",2005,341,4,118.92,0,0,0,0.06,-18.015,0.8047,2.565,0,8.91897656812601,0
"8166",2005,341,5,107.6665,0,0,0,0.025,-18.215,0.80355,3.39,0,8.91901678094148,0
"8167",2005,341,6,96.87,0.851,0.05,0.005,0.355,-18.825,0.81325,2.075,0,8.91901382357794,0
"8168",2005,341,7,86.5875,73.278,10.345,30.445,25.325,-18.6,0.8173,1.115,0,8.94547319747386,0
"8169",2005,341,8,77.8245,326.209,46.37,146.25,111.805,-17.68,0.8165,1.865,0,8.94342843184454,0
"8170",2005,341,9,70.527,616.86,94.335,296.995,217.385,-16.065,0.7743,1.27,0,8.9433379081591,0
"8171",2005,341,10,65.385,899.369,149.565,441.475,310.79,-13.975,0.68765,0.745,0,8.94333635011347,0
"8172",2005,341,11,62.961,1005.721,163.075,496.135,344.095,-12.84,0.66515,0.88,0,8.94333636329755,0
"8173",2005,341,12,63.574,974.303,168.58,480.17,329.735,-11.91,0.6466,0.735,0,8.94333632056975,0
"8174",2005,341,13,67.1415,812.636,139.765,396.445,275.56,-11.045,0.6447,0.765,0,8.94333633264856,0
"8175",2005,341,14,73.218,557.451,95.335,267.635,193.415,-10.67,0.6502,1.245,0,8.94333635218021,0
"8176",2005,341,15,81.193,225.745,33.755,104.265,81.585,-11.545,0.68095,3.005,0,8.9433364002244,0
"8177",2005,341,16,90.5455,24.449,2.23,8.09,10.075,-12.615,0.7354,4.125,0,8.94342818081461,0
"8178",2005,341,17,101.11,0.276,0,0,0.12,-13.655,0.7722,3.69,0,8.96713025381949,0
"8179",2005,341,18,112.1225,0,0,0,0,-14.02,0.766,2.705,0,8.96856208751393,0
"8180",2005,341,19,123.4875,0.046,0,0,0.03,-14.89,0.79105,3.705,0,8.96863059715823,0
"8181",2005,341,20,134.9315,0.023,0,0,0.005,-15.08,0.78235,2.495,0,8.96871512299091,0
"8182",2005,341,21,146.044,0.023,0,0,0,-14.925,0.7915,2.96,0,8.968833442859,0
"8183",2005,341,22,155.8915,0.023,0,0,0,-13.935,0.7658,3.62,0,8.96897868114209,0
"8184",2005,341,23,161.891,0.069,0,0,0,-13.08,0.74465,4.43,0,8.96914186474756,0
"8185",2005,342,0,160.293,0.161,0,0,0,-12.325,0.7395,5.04,0.306916666666667,8.96931395399329,0
"8186",2005,342,1,152.3285,0.184,0,0,0,-11.865,0.7357,4.35,0.306916666666667,8.96948375192922,0
"8187",2005,342,2,141.8125,0.138,0,0,0,-11.63,0.74145,4.365,0.306916666666667,8.96963534658868,0
"8188",2005,342,3,130.5085,0.092,0,0,0,-10.88,0.73655,5.005,0.306916666666667,8.96975640172344,0
"8189",2005,342,4,119.0625,0.161,0,0,0,-10.54,0.7407,5.8,0.306916666666667,8.969841078028,0
"8190",2005,342,5,107.8095,0.115,0,0,0,-9.87,0.75615,6.33,0.306916666666667,8.96988329837832,0
"8191",2005,342,6,97.015,0.483,0,0,0.075,-9.025,0.77975,6.335,0.306916666666667,8.96987990911023,0
"8192",2005,342,7,86.724,38.088,4.205,11.195,10.225,-8.095,0.7956,6.68,0.306916666666667,8.93938121300307,0
"8193",2005,342,8,77.966,184.529,26.555,80.33,56.84,-7.48,0.79,7.755,0.306916666666667,8.92544482160733,0
"8194",2005,342,9,70.6665,320.735,44.29,139.185,97.19,-6.65,0.79955,6.745,0.306916666666667,8.92487595469004,0
"8195",2005,342,10,65.513,308.154,39.7,128.125,90.83,-5.55,0.7863,7.905,0.306916666666667,8.92486602150735,0
"8196",2005,342,11,63.0725,210.91,21.405,76.68,58.28,-5.18,0.83405,7.005,0.306916666666667,8.9248660968438,0
"8197",2005,342,12,63.6625,300.288,18.34,108.345,94.005,-5.25,0.9326,5.525,0.306916666666667,8.92486588823286,0
"8198",2005,342,13,67.202,356.362,16.9,131.365,118.795,-4.89,0.94475,4.69,0.306916666666667,8.92486591273201,0
"8199",2005,342,14,73.2535,225.998,8.01,80.33,75.88,-4.78,0.9545,4.015,0.306916666666667,8.92486597408545,0
"8200",2005,342,15,81.208,93.518,3.405,38.09,38.07,-4.515,0.95755,1.055,0.306916666666667,8.92486616413678,0
"8201",2005,342,16,90.5425,8.326,0,3.96,6.37,-4.88,0.96145,2.63,0.306916666666667,8.91221409637644,0
"8202",2005,342,17,101.0955,0.046,0,0,0.23,-5.185,0.9605,5.825,0.306916666666667,8.9236577600904,0
"8203",2005,342,18,112.099,0.046,0,0,1.05,-7.205,0.93485,11.365,0.306916666666667,8.92411218850589,0
"8204",2005,342,19,123.461,0.345,0,0,0.725,-8.885,0.90415,13.09,0.306916666666667,8.92416601773612,0
"8205",2005,342,20,134.906,0.46,0,0,0.275,-9.73,0.8816,12.625,0.306916666666667,8.92426081117507,0
"8206",2005,342,21,146.028,0.46,0,0,0.16,-11.5816666666667,0.87015,13.125,0.306916666666667,8.92439853588423,0
"8207",2005,342,22,155.9065,0.46,0,0,0.475,-11.5816666666667,0.8627,13.08,0.306916666666667,8.92456559813406,0
"8208",2005,342,23,161.9705,0.207,0,0,0.255,-11.5816666666667,0.8546,11.71,0.306916666666667,8.92474633264297,0
"8209",2005,343,0,160.424,0.046,0,0,0.495,-11.5816666666667,0.83105,10.61,0.0105833333333333,8.92492019597667,0
"8210",2005,343,1,152.471,0.069,0,0,0.04,-13.4333333333333,0.8237,10.345,0.0105833333333333,8.9250836693363,0
"8211",2005,343,2,141.9535,0.092,0,0,0.045,-13.36,0.8266,10.95,0.0105833333333333,8.92523029615115,0
"8212",2005,343,3,130.6485,0.161,0,0,0.005,-13.3142857142857,0.8434,10.96,0.0105833333333333,8.92535086339698,0
"8213",2005,343,4,119.2025,0.161,0,0,0.055,-13.1171428571429,0.8474,8.66,0.0105833333333333,8.92543614235566,0
"8214",2005,343,5,107.9515,0.115,0,0,0.04,-13.1171428571429,0.85255,7.51,0.0105833333333333,8.92547792152044,0
"8215",2005,343,6,97.1565,0.644,0,0,0.185,-13.1171428571429,0.85645,6.91,0.0105833333333333,8.92547435067832,0
"8216",2005,343,7,86.8555,57.799,4.345,22.555,20.575,-12.92,0.85525,5.86,0.0105833333333333,8.93401933846187,0
"8217",2005,343,8,78.1045,274.965,27.555,127.305,101.655,-13.47,0.84985,6.655,0.0105833333333333,8.93049988330908,0
"8218",2005,343,9,70.799,501.837,49.73,231.445,181.91,-13.835,0.84105,4.95,0.0105833333333333,8.93034401195621,0
"8219",2005,343,10,65.636,900.013,101.765,434.09,342.82,-13.075,0.8137,3.38,0.0105833333333333,8.93034132311027,0
"8220",2005,343,11,63.175,1011.655,112.695,491.065,387.725,-12.045,0.80175,3.265,0.0105833333333333,8.93034129621325,0
"8221",2005,343,12,63.7415,987.091,105.31,476.89,381.015,-11.28,0.7998,4.655,0.0105833333333333,8.9303414181567,0
"8222",2005,343,13,67.255,831.45,86.5,398.705,325.56,-10.175,0.793,4.18,0.0105833333333333,8.93034187999345,0
"8223",2005,343,14,73.2825,572.263,55.155,270.115,231.49,-10.22,0.81435,5.46,0.0105833333333333,8.93034130929886,0
"8224",2005,343,15,81.2155,251.735,22.33,115.805,107.54,-10.525,0.83425,5.265,0.0105833333333333,8.93034137640555,0
"8225",2005,343,16,90.5345,26.059,0.785,7.905,11.885,-11.585,0.84525,3.89,0.0105833333333333,8.93059370080478,0
"8226",2005,343,17,101.0765,0.023,0,0,0.09,-12.465,0.86175,4.07,0.0105833333333333,8.95438781167496,0
"8227",2005,343,18,112.071,0.023,0,0,0.01,-13.62,0.874,4.27,0.0105833333333333,8.95598601827922,0
"8228",2005,343,19,123.4285,0.092,0,0,0.01,-13.58,0.8754,4.71,0.0105833333333333,8.9560575490974,0
"8229",2005,343,20,134.8745,0.046,0,0,0.05,-14.31,0.8427,5.625,0.0105833333333333,8.95614307670736,0
"8230",2005,343,21,146.0065,0.023,0,0,0,-13.2605555555556,0.8304,6.49,0.0105833333333333,8.95626189976386,0
"8231",2005,343,22,155.9135,0,0,0,0.02,-13.2605555555556,0.83815,5.27,0.0105833333333333,8.95640650038786,0
"8232",2005,343,23,162.039,0,0,0,0.01,-13.2605555555556,0.85845,5.36,0.0105833333333333,8.95656739146452,0
"8233",2005,344,0,160.5485,0.023,0,0,0,-13.2605555555556,0.876,6,0.0105833333333333,8.95673398962715,0
"8234",2005,344,1,152.609,0.023,0,0,0,-12.2111111111111,0.86815,6.55,0.0105833333333333,8.9568952750709,0
"8235",2005,344,2,142.092,0,0,0,0,-11.75,0.86755,6.405,0.0105833333333333,8.95703946084131,0
"8236",2005,344,3,130.786,0,0,0,0,-11.3285714285714,0.85825,5.535,0.0105833333333333,8.95715567367846,0
"8237",2005,344,4,119.341,0.023,0,0,0,-10.4892857142857,0.8372,7.225,0.0105833333333333,8.95723711777525,0
"8238",2005,344,5,108.089,0.161,0,0,0,-10.4892857142857,0.8233,7.2,0.0105833333333333,8.95727866872927,0
"8239",2005,344,6,97.295,0.736,0,0,0.15,-10.4892857142857,0.83095,7.34,0.0105833333333333,8.95727535393367,0
"8240",2005,344,7,87.0215,55.338,4.845,22.52,20.455,-9.65,0.8389,7.365,0.0105833333333333,8.96127547981949,0
"8241",2005,344,8,78.2395,258.704,24.46,116.49,94.2,-9.11111111111111,0.83005,8.395,0.0105833333333333,8.95723131770975,0
"8242",2005,344,9,70.927,531.024,54.96,246.71,193.905,-7.65805555555556,0.81135,8.755,0.0105833333333333,8.95705607424512,0
"8243",2005,344,10,65.7515,847.504,94.735,404.15,319.22,-7.65805555555556,0.7837,9.33,0.0105833333333333,8.95705305958243,0
"8244",2005,344,11,63.272,989.782,109.06,477.985,374.495,-6.205,0.77935,8.96,0.0105833333333333,8.95705302743646,0
"8245",2005,344,12,63.8125,729.813,73.305,341.43,268.97,-4.98,0.77535,8.715,0.0105833333333333,8.95705299854282,0
"8246",2005,344,13,67.3015,637.422,67.5,299.825,236.68,-3.68,0.7521,8.56,0.0105833333333333,8.95705300965719,0
"8247",2005,344,14,73.304,318.366,28.33,139.355,113.795,-2.94,0.7493,8.535,0.0105833333333333,8.95705302375504,0
"8248",2005,344,15,81.219,117.507,8.275,46.86,41.795,-3.115,0.81105,9.25,0.0105833333333333,8.95705305150119,0
"8249",2005,344,16,90.5205,13.892,0.505,2.925,4.615,-2.415,0.7715,8.81,0.0105833333333333,8.95149667780638,0
"8250",2005,344,17,101.0495,0.046,0,0,0,-2.115,0.7926,8.455,0.0105833333333333,8.96810218148078,0
"8251",2005,344,18,112.0365,0.345,0,0,0,-1.66,0.82995,8.045,0.0105833333333333,8.96880757803691,0
"8252",2005,344,19,123.3905,0.253,0,0,0,-0.695,0.86,8.01,0.0105833333333333,8.96886816433134,0
"8253",2005,344,20,134.8365,0,0,0,0.005,0.185,0.89095,10.365,0.0105833333333333,8.96895653606466,0
"8254",2005,344,21,145.9785,0.023,0,0,0,0.75,0.8999,10.65,0.0105833333333333,8.96907511694217,0
"8255",2005,344,22,155.914,0.069,0,0,0,1.155,0.88925,10.655,0.0105833333333333,8.96922110537337,0
"8256",2005,344,23,162.1015,0,0,0,0.185,1.08,0.89795,9.515,0.0105833333333333,8.96938441750999,0
"8257",2005,345,0,160.668,0.092,0,0,0.24,0.43,0.90265,9.105,0,8.96955306288738,0
"8258",2005,345,1,152.744,0.322,0,0,0.075,0.42,0.8796,8.09,0,8.96972376550624,0
"8259",2005,345,2,142.227,0.46,0,0,0.025,0.685,0.86515,9.33,0,8.96988619745566,0
"8260",2005,345,3,130.9205,0.46,0,0,0,1.065,0.85595,10.565,0,8.97002140081188,0
"8261",2005,345,4,119.4745,0.437,0,0,0.01,1.525,0.82135,11.11,0,8.97011531825655,0
"8262",2005,345,5,108.2235,0.069,0,0,0.245,1.295,0.7331,11.67,0,8.97015893417119,0
"8263",2005,345,6,97.43,0.345,0,0,0.295,0.605,0.74865,9.475,0,8.97015497495535,0
"8264",2005,345,7,87.1465,43.033,4.46,14.395,13.735,0.06,0.75175,8.16,0,8.94894807087589,0
"8265",2005,345,8,78.3665,181.884,22.4,76.92,58.52,-0.365,0.76265,6.485,0,8.93982748706555,0
"8266",2005,345,9,71.0485,293.618,34.01,122.335,92.655,-0.745,0.7795,5.82,0,8.93944657275566,0
"8267",2005,345,10,65.8595,521.272,66.965,230.575,168.165,-0.71,0.7787,6.145,0,8.93943997603156,0
"8268",2005,345,11,63.361,984.584,151.02,468.49,324.28,-0.46,0.74385,7.45,0,8.93943986512336,0
"8269",2005,345,12,63.8785,713.115,110.335,330.94,223.33,-0.68,0.75145,6.935,0,8.9394398881604,0
"8270",2005,345,13,67.34,702.903,110.295,326.595,220.14,-0.58,0.74715,7.55,0,8.93943994253725,0
"8271",2005,345,14,73.319,431.963,70.745,202.125,135.945,-0.96,0.70655,7.235,0,8.93944011834794,0
"8272",2005,345,15,81.2145,190.877,31.195,88.67,61.875,-1.575,0.70405,5.43,0,8.93944004269672,0
"8273",2005,345,16,90.5025,25.576,3.95,11.105,9.01,-2.485,0.7195,3.625,0,8.93907837674433,0
"8274",2005,345,17,101.0185,0,0,0,0.075,-2.92222222222222,0.7494,1.165,0,8.96117510811337,0
"8275",2005,345,18,111.996,0,0,0,0.045,-3.12,0.7347,0.485714285714286,0,8.96267921181975,0
"8276",2005,345,19,123.3455,0.368,0,0,0.05,-3.01,0.74085,1,0,8.96275050180155,0
"8277",2005,345,20,134.7935,0.391,0,0,0.085,-3.58833333333333,0.7936,1.265,0,8.96284476886089,0
"8278",2005,345,21,145.9455,0.322,0,0,0.16,-3.58833333333333,0.81225,2.015,0,8.96297797752944,0
"8279",2005,345,22,155.9065,0.414,0,0,0.08,-4.16666666666667,0.8212,2.08,0,8.9631399045943,0
"8280",2005,345,23,162.154,0.322,0,0,0.085,-4.13,0.8706,2.405,0,8.96332184409392,0
"8281",2005,346,0,160.7805,0.299,0,0,0.115,-4.065,0.84695,2.03,0,8.96350623679121,0
"8282",2005,346,1,152.874,0.437,0,0,0.13,-4.185,0.84865,1.87,0,8.96368699312691,0
"8283",2005,346,2,142.3585,0.46,0,0,0.1,-4.11,0.82945,2.055,0,8.96385341635362,0
"8284",2005,346,3,131.0515,0.437,0,0,0.13,-4.2628947368421,0.82395,1.84,0,8.96398825692147,0
"8285",2005,346,4,119.606,0.437,0,0,0.12,-4.2628947368421,0.815,1.37,0,8.96408213421733,0
"8286",2005,346,5,108.3545,0.322,0,0,0.105,-4.2628947368421,0.82885,0.98,0,8.96412773093209,0
"8287",2005,346,6,97.561,0.69,0,0,0.3,-4.2628947368421,0.8674,2.465,0,8.96412430519164,0
"8288",2005,346,7,87.266,42.596,5.755,16.71,13.405,-4.2628947368421,0.87515,3.175,0,8.94275646999272,0
"8289",2005,346,8,78.4895,202.101,31.03,90.19,61.96,-4.2628947368421,0.85805,3.515,0,8.93372748885885,0
"8290",2005,346,9,71.164,536.245,89.58,255.07,171.875,-4.2628947368421,0.82495,3.585,0,8.93333992397311,0
"8291",2005,346,10,65.9615,793.109,132.54,377.805,254.765,-4.41578947368421,0.7956,3.315,0,8.93333318088212,0
"8292",2005,346,11,63.4425,984.193,176.48,476.33,315.32,-3.135,0.7196,2.265,0,8.93333307554864,0
"8293",2005,346,12,63.934,990.577142857143,181.728571428571,467.27,313.2,-3.45714285714286,0.705857142857143,1.935,0,8.93333310006308,0
"8294",2005,346,13,67.371,796.106666666667,153.92,392.385,246.38,-1.93333333333333,0.637466666666667,1.62,0,8.93333316045252,0
"8295",2005,346,14,73.326,555.22,106.24,260.97,174.38,-1.715,0.65075,1.245,0,8.93333335921248,0
"8296",2005,346,15,81.2015,257.968,46.9,115.91,84.555,-1.94,0.6518,1.195,0,8.93333321204537,0
"8297",2005,346,16,90.476,25.001,2.68,8.535,7.465,-3.235,0.75965,1.95,0,8.93360150163335,0
"8298",2005,346,17,100.9795,0.391,0,0,0,-3.275,0.8084,1.585,0,8.95757007214257,0
"8299",2005,346,18,111.952,0.253,0,0,0,-2.99,0.81065,1.25,0,8.95907158661286,0
"8300",2005,346,19,123.2975,0.138,0,0,0.025,-2.755,0.82345,2.02,0,8.95914391521079,0
"8301",2005,346,20,134.7455,0,0,0,0.185,-2.925,0.8969,1.67,0,8.95922971725979,0
"8302",2005,346,21,145.9035,0,0,0,0.095,-2.72,0.9071,1.41,0,8.95934705612901,0
"8303",2005,346,22,155.8925,0,0,0,0.065,-2.675,0.9343,1.615,0,8.95949111940856,0
"8304",2005,346,23,162.198,0,0,0,0.025,-2.46,0.9557,2.105,0,8.95965165087713,0
"8305",2005,347,0,160.886,0,0,0,0.18,-2.05,0.96095,2.26,0,8.95981779998867,0
"8306",2005,347,1,152.9985,0.368,0,0,0.27,-2.04,0.89065,3.205,0,8.95998681854775,0
"8307",2005,347,2,142.4865,0.322,0,0,0.07,-2.635,0.89105,2.86,0,8.96014751184964,0
"8308",2005,347,3,131.1795,0.46,0,0,0.12,-2.47,0.87605,3.735,0,8.96027974684131,0
"8309",2005,347,4,119.7345,0.46,0,0,0.08,-2.52,0.86865,1.375,0,8.9603745510355,0
"8310",2005,347,5,108.483,0.46,0,0,0.02,-2.625,0.8778,0.8,0,8.9604217762041,0
"8311",2005,347,6,97.686,0.621,0,0,0.195,-2.9,0.89265,1.355,0,8.96041861571108,0
"8312",2005,347,7,87.3805,27.462,3.675,8.7,7.285,-2.985,0.9145,1.305,0,8.94441177153806,0
"8313",2005,347,8,78.609,114.77,17.885,46.3,31.295,-2.48,0.88235,1.12,0,8.90364145951206,0
"8314",2005,347,9,71.274,221.651,34.61,92.68,60.66,-1.94,0.8196,1.28,0,8.90221883741414,0
"8315",2005,347,10,66.056,323.863,50.37,137.655,89.15,-1.825,0.8003,2.04,0,8.90219368394139,0
"8316",2005,347,11,63.5175,313.099,46.3,130.53,85.75,-1.865,0.8022,3.55,0,8.90219335195952,0
"8317",2005,347,12,63.984,471.316,79.455,209.55,132.3,-1.76,0.8081,3.905,0,8.90219345246568,0
"8318",2005,347,13,67.396,402.569,69.365,180.29,112.9,-1.705,0.8012,4.42,0,8.90219382409914,0
"8319",2005,347,14,73.3275,267.076,46.615,118.9,75.05,-1.845,0.80765,4.52,0,8.90219338510443,0
"8320",2005,347,15,81.1835,162.495,29.585,73.215,47.25,-1.96,0.82035,5,0,8.90219348077177,0
"8321",2005,347,16,90.4465,15.755,1.72,4.265,4.62,-2.885,0.856,4.37,0,8.90119046193191,0
"8322",2005,347,17,100.935,0.368,0,0,0.135,-3.68,0.881,4.43,0,8.92237809245786,0
"8323",2005,347,18,111.9,0.437,0,0,0.03,-3.79,0.9035,5.26,0,8.92328771714966,0
"8324",2005,347,19,123.241,0.46,0,0,0,-3.025,0.8949,6.07,0,8.92335275613003,0
"8325",2005,347,20,134.69,0.46,0,0,0,-2.7,0.89365,6.935,0,8.92344881169584,0
"8326",2005,347,21,145.858,0.46,0,0,0.01,-2.175,0.874,6.52,0,8.92358498921375,0
"8327",2005,347,22,155.871,0.46,0,0,0,-2.025,0.87365,6.16,0,8.92375193203044,0
"8328",2005,347,23,162.234,0.46,0,0,0.01,-1.8,0.87055,6.145,0,8.92393820075996,0
"8329",2005,348,0,160.9855,0.46,0,0,0.025,-1.52,0.86215,7.385,0.0635,8.92413201581115,0
"8330",2005,348,1,153.1185,0.46,0,0,0.02,-1.56,0.87345,7.61,0.0635,8.92431871221651,0
"8331",2005,348,2,142.6115,0.46,0,0,0,-1.305,0.8778,6.725,0.0635,8.92448575413339,0
"8332",2005,348,3,131.3055,0.46,0,0,0.09,-1.17,0.8831,7.485,0.0635,8.92462198759675,0
"8333",2005,348,4,119.86,0.46,0,0,0.12,-1.205,0.89665,7.67,0.0635,8.92471729983411,0
"8334",2005,348,5,108.6065,0.092,0,0,0.175,-1.51,0.95435,8.265,0.0635,8.92476247039846,0
"8335",2005,348,6,97.8095,0.138,0,0,0.055,-1.535,0.97765,9.905,0.0635,8.92475975022763,0
"8336",2005,348,7,87.531,29.095,1.02,8.42,9.865,-1.445,0.9801,11.315,0.0635,8.90504870949646,0
"8337",2005,348,8,78.721,88.573,4.395,30.89,29.075,-0.93,0.97515,10.995,0.0635,8.86200382465917,0
"8338",2005,348,9,71.3765,158.539,9.51,57.985,50.62,-0.21,0.9728,9.13,0.0635,8.86063729047567,0
"8339",2005,348,10,66.144,212.704,13.46,76.28,65.22,0.24,0.9752,8.505,0.0635,8.86061285067371,0
"8340",2005,348,11,63.583,220.432,15.01,77.69,65.295,0.6,0.9717,8.39,0.0635,8.86061252770482,0
"8341",2005,348,12,64.0265,171.81,12.455,58.41,48.96,0.75,0.97405,7.37,0.0635,8.86061263050586,0
"8342",2005,348,13,67.4115,155.572,13.235,54.09,43.865,0.975,0.97685,6.99,0.0635,8.86061301010477,0
"8343",2005,348,14,73.323,130.41,13.145,46.345,36.72,1.03,0.9823,6.68,0.0635,8.8606125605858,0
"8344",2005,348,15,81.1595,39.882,3.915,10.6,10.75,1.21,0.985,6.225,0.0635,8.85977659193572,0
"8345",2005,348,16,90.408,4.393,0.275,0.235,1.27,1.355,0.9874,5.43,0.0635,8.76109779964943,0
"8346",2005,348,17,100.8865,0,0,0,0.025,1.405,0.9891,5.405,0.0635,8.76291062422579,0
"8347",2005,348,18,111.844,0,0,0,0,1.575,0.99035,4.9,0.0635,8.76298071777614,0
"8348",2005,348,19,123.1815,0.046,0,0,0.03,1.79,0.99225,5.62,0.0635,8.76302431427131,0
"8349",2005,348,20,134.6315,0.069,0,0,0.195,1.585,0.9922,5.025,0.0635,8.76310745974116,0
"8350",2005,348,21,145.807,0.184,0,0,0.08,1.16,0.988,3.415,0.0635,8.76322781704008,0
"8351",2005,348,22,155.842,0.483,0,0,0.135,1.15,0.97695,4.195,0.0635,8.76338503560015,0
"8352",2005,348,23,162.2625,0.552,0,0,0.01,1.65,0.92635,5.03,0.0635,8.76357316647548,0
"8353",2005,349,0,161.077,0.575,0,0,0.075,1.375,0.9277,2.73,0.0211666666666667,8.76377130215504,0
"8354",2005,349,1,153.2345,0.483,0,0,0.125,0.475,0.95485,3.19,0.0211666666666667,8.76396135516893,0
"8355",2005,349,2,142.7325,0.69,0,0,0.005,0.08,0.9747,3.125,0.0211666666666667,8.76413334173714,0
"8356",2005,349,3,131.4265,0.46,0,0,0.075,-0.27,0.9757,2.745,0.0211666666666667,8.76427394408114,0
"8357",2005,349,4,119.981,0.391,0,0,0.085,-1.375,0.9832,2.3,0.0211666666666667,8.76436741320118,0
"8358",2005,349,5,108.7265,0.46,0,0,0.045,-1.8,0.98865,2.24,0.0211666666666667,8.76441419531545,0
"8359",2005,349,6,97.927,0.621,0,0,0.035,-2.865,0.98855,2.23,0.0211666666666667,8.76441176673426,0
"8360",2005,349,7,87.6385,37.145,4.835,10.205,8.99,-4.035,0.9739,1.81,0.0211666666666667,8.74002866794558,0
"8361",2005,349,8,78.828,241.523,39.18,107.92,68.05,-4.49,0.9715,1.86,0.0211666666666667,8.73050046352287,0
"8362",2005,349,9,71.473,692.024,125.675,338.23,171.04,-1.74,0.98295,2.165,0.0211666666666667,8.72993639209617,0
"8363",2005,349,10,66.2245,942.333,200.18,414.935,232.5,-0.12,0.98375,3.09,0.0211666666666667,8.72992611581058,0
"8364",2005,349,11,63.6435,994.497,230.465,459.995,241.865,1.115,0.9463,3.76,0.0211666666666667,8.7299261216823,0
"8365",2005,349,12,64.0605,747.638,178.64,344.285,166.995,1.54,0.8987,4.375,0.0211666666666667,8.72992597688708,0
"8366",2005,349,13,67.4205,602.462,152.325,273.09,127.04,1.935,0.8804,3.785,0.0211666666666667,8.72992600645951,0
"8367",2005,349,14,73.3085,594.021,149.87,262.545,128.57,2.37,0.84385,4.535,0.0211666666666667,8.72992608753577,0
"8368",2005,349,15,81.1285,241.247,58.04,101.59,52.815,1.63,0.8711,5.615,0.0211666666666667,8.72992634905232,0
"8369",2005,349,16,90.3285,14.214,2.45,3.35,2.48,0.685,0.8761,5.945,0.0211666666666667,8.73400238294685,0
"8370",2005,349,17,100.8315,0.391,0,0,0.16,0.35,0.78945,7.445,0.0211666666666667,8.76561251584218,0
"8371",2005,349,18,111.783,0.138,0,0,0.11,-0.01,0.80895,6.07,0.0211666666666667,8.76668779665236,0
"8372",2005,349,19,123.117,0.069,0,0,0.365,-0.73,0.8215,7.94,0.0211666666666667,8.76675008663655,0
"8373",2005,349,20,134.5665,0.207,0,0,0.265,-1.315,0.8056,7.465,0.0211666666666667,8.76683556917116,0
"8374",2005,349,21,145.7485,0.207,0,0,0.41,-2.235,0.758,7.785,0.0211666666666667,8.76695986265999,0
"8375",2005,349,22,155.806,0.138,0,0,0.15,-3.025,0.78605,5.17,0.0211666666666667,8.76711065000531,0
"8376",2005,349,23,162.2815,0.46,0,0,0.13,-2.79,0.8192,6.245,0.0211666666666667,8.76728445493138,0
"8377",2005,350,0,161.1615,0.46,0,0,0.02,-2.785,0.8175,5.765,0.0105833333333333,8.76747569883761,0
"8378",2005,350,1,153.346,0.46,0,0,0.07,-2.86,0.81795,6.89,0.0105833333333333,8.76766077874892,0
"8379",2005,350,2,142.8475,0.437,0,0,0.17,-2.965,0.8008,7.75,0.0105833333333333,8.76782599376729,0
"8380",2005,350,3,131.5445,0.207,0,0,0.17,-3.35,0.82795,6.755,0.0105833333333333,8.76795487221413,0
"8381",2005,350,4,120.098,0.345,0,0,0.07,-3.34,0.854,7.355,0.0105833333333333,8.76804328673025,0
"8382",2005,350,5,108.8425,0.46,0,0,0.06,-3.165,0.8122,7.725,0.0105833333333333,8.76808953417335,0
"8383",2005,350,6,98.041,0.575,0,0,0.045,-3.065,0.8148,8.08,0.0105833333333333,8.76808641141989,0
"8384",2005,350,7,87.7405,42.504,8.965,16.405,10.565,-2.935,0.75445,9.44,0.0105833333333333,8.75543376175861,0
"8385",2005,350,8,78.929,304.612,71.9,142.48,84.02,-3.15,0.76835,8.47,0.0105833333333333,8.74956371378461,0
"8386",2005,350,9,71.5655,560.694,134.465,270.61,148.88,-2.665,0.7414,9.36,0.0105833333333333,8.74920245657006,0
"8387",2005,350,10,66.299,447.465,105.04,211.225,107.405,-2.145,0.7537,9.805,0.0105833333333333,8.74919592993306,0
"8388",2005,350,11,63.6955,744.625,183.295,358.72,183.455,-1.89,0.6724,11.565,0.0105833333333333,8.7491958179324,0
"8389",2005,350,12,64.0885,974.211,253.925,483.77,240.72,-1.785,0.6479,11.9,0.0105833333333333,8.7491958423598,0
"8390",2005,350,13,67.423,469.016,119.61,224.82,106.525,-2.205,0.6446,11.12,0.0105833333333333,8.7491959025078,0
"8391",2005,350,14,73.289,237.774,59.325,108.95,51.47,-2.175,0.67165,8.145,0.0105833333333333,8.74919610159036,0
"8392",2005,350,15,81.093,166.796,42.205,77.05,39.19,-2.005,0.7254,6.565,0.0105833333333333,8.74919595935718,0
"8393",2005,350,16,90.28,24.794,4.51,6.94,7.015,-2.37,0.75315,5.9,0.0105833333333333,8.74975773880614,0
"8394",2005,350,17,100.771,0.046,0,0,0.16,-3.16,0.79445,5.02,0.0105833333333333,8.77821258942202,0
"8395",2005,350,18,111.715,0.161,0,0,0.14,-4.235,0.8602,3.64,0.0105833333333333,8.77968987555902,0
"8396",2005,350,19,123.047,0.368,0,0,0,-4.735,0.85805,3.76,0.0105833333333333,8.77976012704455,0
"8397",2005,350,20,134.496,0.115,0,0,0.02,-5.14,0.83465,4.045,0.0105833333333333,8.77984952474773,0
"8398",2005,350,21,145.686,0.345,0,0,0,-5.47,0.83575,3.18,0.0105833333333333,8.77997384661908,0
"8399",2005,350,22,155.766,0.322,0,0,0,-5.995,0.835,3.32,0.0105833333333333,8.7801324956351,0
"8400",2005,350,23,162.2945,0.207,0,0,0,-6.6,0.8399,2.35,0.0105833333333333,8.78030724125204,0
"8401",2005,351,0,161.2395,0.207,0,0,0,-7.29,0.8601,2.915,0,8.78048291994825,0
"8402",2005,351,1,153.452,0.115,0,0,0,-7.805,0.8746,1.59,0,8.78065137488612,0
"8403",2005,351,2,142.9615,0.138,0,0,0,-7.71,0.8733,1.675,0,8.78079934059068,0
"8404",2005,351,3,131.6585,0.276,0,0,0,-8.31,0.88585,2.93,0,8.78092280593318,0
"8405",2005,351,4,120.2115,0.161,0,0,0,-8.385,0.88055,2.825,0,8.78101026333537,0
"8406",2005,351,5,108.955,0.184,0,0,0,-8.76,0.8973,2.77,0,8.78105328029829,0
"8407",2005,351,6,98.151,0.322,0,0,0,-8.89,0.9047,2.215,0,8.7810511269796,0
"8408",2005,351,7,87.837,57.132,12.015,24.69,19.63,-9.155,0.91315,2.765,0,8.79776054681945,0
"8409",2005,351,8,79.0265,298.034,81.485,151.925,87.275,-7.415,0.87475,2.04,0,8.79519297612501,0
"8410",2005,351,9,71.6475,534.198,156.49,293.115,155.325,-4.535,0.79055,1.885,0,8.79504103568501,0
"8411",2005,351,10,66.366,787.704,214.72,398.795,199.855,-3.135,0.72575,1.895,0,8.79503832989931,0
"8412",2005,351,11,63.74,919.655,244.73,450.03,217.89,-2.355,0.7196,3.365,0,8.79503828993006,0
"8413",2005,351,12,64.107,875.357,234.755,425.94,203.34,-1.655,0.6555,4.255,0,8.79503837455202,0
"8414",2005,351,13,67.419,632.04,166.28,301.16,143.175,-1.48,0.6483,3.835,0,8.79503828149644,0
"8415",2005,351,14,73.263,463.772,122.115,221.045,109.33,-1.56,0.68395,3.935,0,8.79503829531857,0
"8416",2005,351,15,81.049,193.131,48.78,87.665,47.2,-2.09,0.7293,3.41,0,8.79503832249052,0
"8417",2005,351,16,90.227,23,5.44,8.8,6.29,-2.795,0.7623,2.855,0,8.79597340438318,0
"8418",2005,351,17,100.7055,0.138,0,0,0.085,-3.705,0.79125,2.53,0,8.82456450116936,0
"8419",2005,351,18,111.6435,0.368,0,0,0.015,-4.4,0.80535,3.025,0,8.82590757300351,0
"8420",2005,351,19,122.971,0.23,0,0,0.24,-4.835,0.782,3.02,0,8.82597721224861,0
"8421",2005,351,20,134.4225,0.046,0,0,0.165,-5.54,0.8084,2,0,8.82606404394979,0
"8422",2005,351,21,145.617,0.161,0,0,0.085,-6.285,0.8418,2.77,0,8.82618404672583,0
"8423",2005,351,22,155.714,0.299,0,0,0.015,-6.85,0.8362,4.245,0,8.82633691072245,0
"8424",2005,351,23,162.2965,0.437,0,0,0.12,-7.3,0.803,4.925,0,8.82651628008156,0
"8425",2005,352,0,161.3095,0.437,0,0,0.135,-7.365,0.76455,4.06,0,8.82670738219467,0
"8426",2005,352,1,153.553,0.46,0,0,0.225,-8.085,0.79475,3.16,0,8.82689194190701,0
"8427",2005,352,2,143.07,0.437,0,0,0.115,-8.575,0.7794,2.075,0,8.82705772626728,0
"8428",2005,352,3,131.7695,0.46,0,0,0.015,-8.47,0.7494,3.24,0,8.82719218516388,0
"8429",2005,352,4,120.322,0.46,0,0,0.055,-8.46,0.7281,4.955,0,8.82728677904082,0
"8430",2005,352,5,109.0625,0.46,0,0,0.19,-8.775,0.7197,5.01,0,8.82733419447834,0
"8431",2005,352,6,98.255,0.483,0,0,0.315,-9.595,0.82815,5.49,0,8.82733092957265,0
"8432",2005,352,7,87.9685,31.441,5.715,11.81,8.225,-9.735,0.87695,4.065,0,8.80220523619421,0
"8433",2005,352,8,79.115,163.346,31.07,71.62,43.145,-9.38,0.86815,4.465,0,8.78105155000572,0
"8434",2005,352,9,71.726,486.795,98.48,229.395,137.34,-9.05,0.8297,4.47,0,8.7801005235423,0
"8435",2005,352,10,66.4265,561.752,111.52,262.21,152.89,-8.385,0.81285,3.245,0,8.78008331084578,0
"8436",2005,352,11,63.777,626.957,122.755,293.535,170.245,-8.46,0.8067,4.8,0,8.78008306283378,0
"8437",2005,352,12,64.118,520.168,100.355,239.93,139.785,-8.32,0.81805,4.42,0,8.78008312094324,0
"8438",2005,352,13,67.4045,407.951,77.585,186.495,109.45,-8.045,0.77035,4.89,0,8.78008331866124,0
"8439",2005,352,14,73.228,400.131,82.35,191.585,115.835,-8.165,0.75115,5.205,0,8.78008323073814,0
"8440",2005,352,15,80.9985,249.642,50.64,119.45,81.935,-7.94,0.7001,5.26,0,8.78008309098661,0
"8441",2005,352,16,90.1695,26.22,3.63,8.355,9.065,-8.795,0.73465,4.03,0,8.78072798919246,0
"8442",2005,352,17,100.6335,0.437,0,0,0.015,-9.885,0.75635,3.655,0,8.80787457983794,0
"8443",2005,352,18,111.5675,0.253,0,0,0,-10.68,0.77505,3.36,0,8.80954546199066,0
"8444",2005,352,19,122.8915,0.092,0,0,0,-11.455,0.77085,3.58,0,8.80961830634187,0
"8445",2005,352,20,134.343,0,0,0,0,-12.225,0.78895,2.695,0,8.8097015011218,0
"8446",2005,352,21,145.5425,0,0,0,0,-12.685,0.79385,3.35,0,8.80981641483474,0
"8447",2005,352,22,155.6605,0,0,0,0,-13.115,0.81585,3.195,0,8.80995899582085,0
"8448",2005,352,23,162.2915,0,0,0,0,-13.16,0.8035,4.355,0,8.81011776644868,0
"8449",2005,353,0,161.373,0,0,0,0.045,-13.49,0.81195,4.59,0,8.81028232225655,0
"8450",2005,353,1,153.6475,0,0,0,0.035,-14.185,0.82495,3.775,0,8.81044190820182,0
"8451",2005,353,2,143.1745,0.023,0,0,0.035,-14.69,0.8287,3.385,0,8.81058505761183,0
"8452",2005,353,3,131.876,0.023,0,0,0.04,-15.09,0.8404,3.165,0,8.81070243310611,0
"8453",2005,353,4,120.4295,0.046,0,0,0.02,-15.455,0.8465,4.795,0,8.81078515430081,0
"8454",2005,353,5,109.169,0.092,0,0,0.025,-15.485,0.8342,4.905,0,8.81082750593605,0
"8455",2005,353,6,98.3565,0.299,0,0,0.155,-15.795,0.83695,3.98,0,8.81082580544946,0
"8456",2005,353,7,88.056,65.136,11.805,23.32,19.485,-15.885,0.83035,4.085,0,8.83795912717853,0
"8457",2005,353,8,79.1985,352.36,71.59,159.37,102.715,-15.185,0.81805,5.24,0,8.83604434969031,0
"8458",2005,353,9,71.798,636.732,136.36,308.955,188.045,-14.07,0.78545,6.81,0,8.83593317448283,0
"8459",2005,353,10,66.4785,852.196,187.325,422.16,247.035,-12.88,0.76135,6.425,0,8.83593120054898,0
"8460",2005,353,11,63.8075,961.561,213.195,478.385,275.095,-11.94,0.74485,6.475,0,8.83593118640531,0
"8461",2005,353,12,64.124,945.99,212.01,471.465,270.79,-10.925,0.72705,6.12,0,8.83593117119178,0
"8462",2005,353,13,67.3855,808.243,180.935,401.81,235.625,-10.32,0.7324,6.09,0,8.83593119100138,0
"8463",2005,353,14,73.188,563.592,125.785,277.395,170.77,-9.86,0.7252,5.24,0,8.83593117438148,0
"8464",2005,353,15,80.9435,261.763,55.94,124.52,85.19,-9.825,0.7375,4.225,0,8.83593119197656,0
"8465",2005,353,16,90.103,29.371,4.08,9.025,11.415,-10.53,0.75475,4.01,0,8.83605618200513,0
"8466",2005,353,17,100.557,0.322,0,0,0.015,-11.525,0.802,3.09,0,8.85613206019812,0
"8467",2005,353,18,111.4855,0.069,0,0,0,-11.89,0.8184,3.18,0,8.85820963576332,0
"8468",2005,353,19,122.807,0,0,0,0,-12.185,0.82535,3.17,0,8.8582872148726,0
"8469",2005,353,20,134.257,0,0,0,0,-12.51,0.8391,2.915,0,8.85836868911275,0
"8470",2005,353,21,145.464,0,0,0,0,-13.125,0.8632,2.26,0,8.85848404546195,0
"8471",2005,353,22,155.5975,0.023,0,0,0,-13.19,0.87225,2.12,0,8.85862629347846,0
"8472",2005,353,23,162.278,0,0,0,0,-13.62,0.88285,0.93,0,8.85878657486473,0
"8473",2005,354,0,161.4305,0,0,0,0.035,-14.24,0.90155,2.88,0,8.85895163583029,0
"8474",2005,354,1,153.7385,0,0,0,0.01,-14.235,0.9009,3.065,0,8.85911181951566,0
"8475",2005,354,2,143.273,0,0,0,0.01,-13.6,0.89155,2.78,0,8.8592551958358,0
"8476",2005,354,3,131.979,0,0,0,0,-13.825,0.89175,2.625,0,8.85937226195563,0
"8477",2005,354,4,120.531,0,0,0,0,-13.94,0.89135,2.08,0,8.85945464273667,0
"8478",2005,354,5,109.2685,0,0,0,0,-14.43,0.89185,2.245,0,8.85949659082097,0
"8479",2005,354,6,98.4505,0.184,0,0,0.035,-13.79,0.88615,3.4,0,8.85949525751757,0
"8480",2005,354,7,88.139,50.968,6.08421052631579,23.775,24.63,-13.58,0.87725,2.835,0,8.86478173090117,0
"8481",2005,354,8,79.278,306.406,72.85,156.37,96.855,-11.775,0.85815,2.47,0,8.86108698388241,0
"8482",2005,354,9,71.8625,573.436,142.905,302.26,176.525,-9.08,0.8136,3.975,0,8.86087650317356,0
"8483",2005,354,10,66.524,810.704,191.87,415.07,237.8,-6.36,0.73895,4.7,0,8.8608727354482,0
"8484",2005,354,11,63.828,954.086,218.385,469.89,264.025,-4.47,0.67155,5.495,0,8.86087269835149,0
"8485",2005,354,12,64.119,936.974,217.42,461.32,257.17,-3.32,0.6238,5.88,0,8.8608727497159,0
"8486",2005,354,13,67.358,800.952,185.88,391.82,221.41,-2.64,0.666,5.34,0,8.86087270915771,0
"8487",2005,354,14,73.141,542.225,123.035,260.46,154.78,-2.315,0.6815,5.25,0,8.86087278423011,0
"8488",2005,354,15,80.8815,255.116,55.145,117.46,78.135,-2.16,0.71175,4.595,0,8.86087302612063,0
"8489",2005,354,16,90.036,29.44,4.29,8.775,9.995,-2.955,0.7702,3.84,0,8.86085109241051,0
"8490",2005,354,17,100.476,0.368,0,0,0.025,-4.185,0.8109,3.34,0,8.87831887215216,0
"8491",2005,354,18,111.398,0.345,0,0,0,-4.57,0.8132,4.105,0,8.88037795129945,0
"8492",2005,354,19,122.717,0.299,0,0,0.125,-4.375,0.80895,4.39,0,8.88045911079304,0
"8493",2005,354,20,134.167,0.138,0,0,0.1,-5.43,0.8384,4.685,0,8.88054695032792,0
"8494",2005,354,21,145.3785,0.23,0,0,0.13,-6.395,0.8676,4.72,0,8.88066932119347,0
"8495",2005,354,22,155.529,0.391,0,0,0,-6.895,0.85835,4.47,0,8.88082546098757,0
"8496",2005,354,23,162.257,0.437,0,0,0.015,-7.85,0.86925,3.645,0,8.88100844826409,0
"8497",2005,355,0,161.478,0.391,0,0,0,-8.005,0.86915,4.425,0,8.88119898711241,0
"8498",2005,355,1,153.823,0.299,0,0,0,-8.15,0.8609,4.8,0,8.88137885474231,0
"8499",2005,355,2,143.371,0.299,0,0,0,-8.435,0.86385,4.375,0,8.88153761474983,0
"8500",2005,355,3,132.078,0.46,0,0,0,-8.8,0.8805,4.345,0,8.88167060378276,0
"8501",2005,355,4,120.6305,0.253,0,0,0,-9.645,0.89915,3.66,0,8.88176418031125,0
"8502",2005,355,5,109.3625,0.207,0,0,0,-9.96,0.9185,2.825,0,8.88180999646396,0
"8503",2005,355,6,98.5425,0.414,0.005,0,0,-9.97,0.93225,3.065,0,8.88180892449866,0
"8504",2005,355,7,88.217,47.587,8.88,19.96,16.175,-9.52,0.93985,4.05,0,8.88030091906177,0
"8505",2005,355,8,79.3495,276.391,64.63,136.765,83.605,-8.48,0.9339,4,0,8.87579972436053,0
"8506",2005,355,9,71.9205,551.793,132.275,275.13,157.71,-6.28,0.92,4.175,0,8.87554317137266,0
"8507",2005,355,10,66.564,771.972,182.14,383.28,212.65,-4.06,0.8862,4.79,0,8.87553858172206,0
"8508",2005,355,11,63.844,744.027,169.395,360.855,198.66,-2.71,0.859,6.03,0,8.87553872768323,0
"8509",2005,355,12,64.109,823.86,203.605,415.49,221.17,-1.92,0.8465,5.37,0,8.8755385580734,0
"8510",2005,355,13,67.3235,562.212,137.5,277.8,143.09,-1.63,0.8449,5.41,0,8.87553871372488,0
"8511",2005,355,14,73.087,477.066,117.48,235.76,132.92,-1.335,0.8258,5.79,0,8.87553927916702,0
"8512",2005,355,15,80.8125,242.673,57.475,116.73,74.065,-1.125,0.82685,4.2,0,8.87553854618563,0
"8513",2005,355,16,89.9605,28.888,5.19,10.2,8.825,-1.935,0.8633,2.41,0,8.8753666466614,0
"8514",2005,355,17,100.3895,0.184,0,0,0,-2.585,0.88985,2.345,0,8.89174066535723,0
"8515",2005,355,18,111.3065,0.345,0,0,0,-3.23,0.92775,2.775,0,8.89367243827312,0
"8516",2005,355,19,122.624,0.161,0,0,0,-4.035,0.94985,3.03,0,8.89375044648092,0
"8517",2005,355,20,134.0745,0.069,0,0,0,-4.725,0.95805,3.06,0,8.89383502465341,0
"8518",2005,355,21,145.289,0.161,0,0,0,-5.595,0.9701,2.47,0,8.89395435203688,0
"8519",2005,355,22,155.4545,0.322,0,0,0,-5.745,0.97175,2.15,0,8.89410741025606,0
"8520",2005,355,23,162.2275,0.437,0,0,0,-6.51,0.9553,3.205,0,8.89428756990113,0
"8521",2005,356,0,161.5195,0.46,0,0,0,-6.24,0.95675,2.99,0,8.89448005379381,0
"8522",2005,356,1,153.902,0.46,0,0,0,-5.93,0.9586,3.025,0,8.89466653406037,0
"8523",2005,356,2,143.4615,0.46,0,0,0.06,-6.83,0.95115,2.88,0,8.89483451120376,0
"8524",2005,356,3,132.1715,0.46,0,0,0.005,-6.995,0.9495,3.08,0,8.89497176918639,0
"8525",2005,356,4,120.7225,0.437,0,0,0.01,-7.155,0.9486,3.01,0,8.89506828396023,0
"8526",2005,356,5,109.454,0.414,0,0,0,-6.965,0.94985,2.78,0,8.8951174554892,0
"8527",2005,356,6,98.6275,0.529,0.03,0,0.045,-6.16,0.9559,3.02,0,8.89511682797034,0
"8528",2005,356,7,88.2895,32.729,9.4,17.52,11.185,-5.505,0.9594,4.62,0,8.86894446712125,0
"8529",2005,356,8,79.4165,171.741,47.935,102.99,51.955,-4.64,0.95705,5.735,0,8.85112431613381,0
"8530",2005,356,9,71.971,408.848,113.12,246.195,120.18,-2.105,0.9093,8,0,8.85027462260943,0
"8531",2005,356,10,66.593,746.028,200.215,418.82,204.84,-0.31,0.87125,8.69,0,8.85025920490933,0
"8532",2005,356,11,63.8515,930.327,236.44,445.395,219.22,1.32,0.82865,9.745,0,8.85025905433537,0
"8533",2005,356,12,64.09,905.855,250.235,433.69,194.165,2.54,0.803,8.475,0,8.85025931689048,0
"8534",2005,356,13,67.281,774.272,224.08,367.295,157.65,3.48,0.79605,8.58,0,8.85025907756401,0
"8535",2005,356,14,73.025,494.845,147.145,230.14,96.51,4.055,0.7588,9.195,0,8.85025931273497,0
"8536",2005,356,15,80.7395,297.091,89.04,136.535,62.58,4.285,0.73885,8.45,0,8.85025908369837,0
"8537",2005,356,16,89.8415,33.764,8.91,12.195,8.505,3.275,0.76915,7.155,0,8.85023073593546,0
"8538",2005,356,17,100.297,0.345,0,0,0.025,2.34,0.8006,6.695,0,8.86381007037264,0
"8539",2005,356,18,111.211,0.391,0,0,0.005,1.815,0.81325,6.805,0,8.86680871261162,0
"8540",2005,356,19,122.5255,0.46,0,0,0,1.7,0.8202,7.495,0,8.86690604131387,0
"8541",2005,356,20,133.9755,0.46,0,0,0,1.91,0.81815,8.46,0,8.86699885395811,0
"8542",2005,356,21,145.1935,0.46,0,0,0,1.74,0.84135,8.615,0,8.86713154160464,0
"8543",2005,356,22,155.3745,0.46,0,0,0,1.595,0.85555,7.975,0,8.86729614233103,0
"8544",2005,356,23,162.1915,0.46,0,0,0.01,1.445,0.86475,8.36,0,8.86748083982332,0
"8545",2005,357,0,161.5525,0.46,0,0,0,1.24,0.87425,7.695,0,8.86767372080857,0
"8546",2005,357,1,153.9765,0.483,0,0,0,1.105,0.8829,6.875,0,8.86786108138758,0
"8547",2005,357,2,143.5485,0.46,0,0,0.005,0.92,0.89185,7.23,0,8.86803048556306,0
"8548",2005,357,3,132.2615,0.598,0,0,0,0.995,0.8922,7.51,0,8.86817133963657,0
"8549",2005,357,4,120.8125,0.69,0,0,0,1.425,0.87585,8.91,0,8.86827538421841,0
"8550",2005,357,5,109.541,0.529,0,0,0.03,1.535,0.87245,7.73,0,8.86832921930501,0
"8551",2005,357,6,98.709,0.736,0,0,0,1.56,0.8729,7.755,0,8.86833000792718,0
"8552",2005,357,7,88.358,26.887,7.86,9.62,4.03,1.65,0.8747,7.675,0,8.85627417004266,0
"8553",2005,357,8,79.478,200.376,62.72,91.94,34.195,1.84,0.8724,7.995,0,8.83593050341736,0
"8554",2005,357,9,72.017,524.768,166.61,249.715,91.69,2.45,0.86265,7.765,0,8.83475017212163,0
"8555",2005,357,10,66.618,400.108,124.4,180.275,61.385,3.475,0.84565,6.815,0,8.83472832636576,0
"8556",2005,357,11,63.85,792.718,259.835,377.65,127.995,5.87,0.78795,7.685,0,8.83472804482196,0
"8557",2005,357,12,64.0645,761.116,252.805,363.13,119.34,7.095,0.76055,8.355,0,8.83472818218201,0
"8558",2005,357,13,67.2315,576.679,193.87,273.89,85.6,7.97,0.7432,8.12,0,8.83472871097033,0
"8559",2005,357,14,72.9595,264.523,88.03,121.76,38.23,7.575,0.77055,5.265,0,8.83472805217157,0
"8560",2005,357,15,80.6595,109.572,37.76,49.785,14.6,6.41,0.80525,4.265,0,8.83472811224998,0
"8561",2005,357,16,89.756,12.788,3.61,3.83,1.64,5.44,0.8424,3.645,0,8.82425776508038,0
"8562",2005,357,17,100.201,0.46,0,0,0.015,5.26,0.8428,4.705,0,8.83738993108857,0
"8563",2005,357,18,111.1105,0.46,0,0,0.045,4.455,0.84515,4.44,0,8.83800527283991,0
"8564",2005,357,19,122.423,0.46,0,0,0.015,4.135,0.8464,4.06,0,8.83806187406584,0
"8565",2005,357,20,133.8735,0.483,0,0,0,4.32,0.82975,3.635,0,8.83815441358756,0
"8566",2005,357,21,145.0945,0.897,0,0,0.075,3.255,0.86075,4,0,8.83829606478867,0
"8567",2005,357,22,155.288,0.92,0,0,0,2.88,0.88135,3.655,0,8.83848613363585,0
"8568",2005,357,23,162.1455,1.035,0,0,0,2.7,0.89665,4.195,0,8.83870431705996,0
"8569",2005,358,0,161.5775,0.943,0,0,0.005,2.59,0.91375,4.7,0,8.83893471872277,0
"8570",2005,358,1,154.044,1.334,0,0,0,2.59,0.9174,4.51,0,8.83916711361129,0
"8571",2005,358,2,143.6295,1.265,0,0,0,2.67,0.9126,4.52,0,8.83938963613385,0
"8572",2005,358,3,132.347,1.265,0,0,0,2.705,0.90465,4.965,0,8.83957012413374,0
"8573",2005,358,4,120.897,1.38,0,0,0.16,2.31,0.9055,4.055,0,8.83970079319749,0
"8574",2005,358,5,109.6235,1.495,0,0,0,2.03,0.8899,4.065,0,8.83977190866462,0
"8575",2005,358,6,98.7845,1.564,0,0,0.035,2.065,0.88425,4.245,0,8.83977329845099,0
"8576",2005,358,7,88.459,17.181,4.91,4.82,1.85,2.06,0.88355,4.14,0,8.83844577631326,0
"8577",2005,358,8,79.5315,58.305,18.975,22.375,6.115,2.425,0.8751,3.805,0,8.75287332107777,0
"8578",2005,358,9,72.053,70.495,21.765,26.125,6.985,2.855,0.87325,4.14,0,8.7472659716705,0
"8579",2005,358,10,66.635,83.076,25.22,30.4,7.98,3.05,0.8884,3.61,0,8.74715861610528,0
"8580",2005,358,11,63.841,93.081,28.775,35.07,8.95,3.195,0.90335,3.785,0,8.74715708072452,0
"8581",2005,358,12,64.031,125.442,41.19,51.45,12.775,3.445,0.91865,2.665,0,8.74715711203726,0
"8582",2005,358,13,67.1755,186.461,65.885,84.59,21.33,3.8,0.9299,2.34,0,8.74715704317643,0
"8583",2005,358,14,72.885,101.338,34.76,43.945,11.645,4.06,0.9394,3.155,0,8.74715705797434,0
"8584",2005,358,15,80.5725,25.53,7.435,7.73,2.565,3.475,0.95225,2.48,0,8.70725516719826,0
"8585",2005,358,16,89.6665,5.589,0.83,0.07,0.385,3.295,0.95485,2.73,0,8.62841915477061,0
"8586",2005,358,17,100.1005,1.38,0,0,0,3.115,0.9605,1.585,0,8.62875307844221,0
"8587",2005,358,18,111.006,1.38,0,0,0.01,2.94,0.96285,1.175,0,8.62877133946215,0
"8588",2005,358,19,122.316,1.449,0,0,0.055,2.305,0.96995,2.665,0,8.62883528905147,0
"8589",2005,358,20,133.766,1.633,0,0,0.005,2.205,0.9767,2.69,0,8.62896650918521,0
"8590",2005,358,21,144.9895,1.817,0,0,0.02,2.38,0.97745,1.655,0,8.62916637653537,0
"8591",2005,358,22,155.1945,1.84,0,0,0.01,2.325,0.9784,1.72,0,8.62942336811552,0
"8592",2005,358,23,162.0925,1.84,0,0,0.095,1.95,0.97945,2.365,0,8.62971354787489,0
"8593",2005,359,0,161.5945,1.84,0,0,0.035,1.59,0.9842,4.535,0.03175,8.63001498824097,0
"8594",2005,359,1,154.104,1.84,0,0,0.175,1.255,0.9873,4.575,0.03175,8.63030723087041,0
"8595",2005,359,2,143.707,2.116,0,0,0.055,1.245,0.98775,4.745,0.03175,8.63058069877626,0
"8596",2005,359,3,132.428,2.231,0,0,0.105,1.385,0.98535,5.59,0.03175,8.63082018454105,0
"8597",2005,359,4,120.9775,2.3,0,0,0.12,1.14,0.9861,6.24,0.03175,8.63099536375766,0
"8598",2005,359,5,109.6995,2.461,0,0,0.02,1.31,0.98635,7.195,0.03175,8.63108986411673,0
"8599",2005,359,6,98.855,2.76,0,0,0.075,1.34,0.97995,7.665,0.03175,8.63109064610475,0
"8600",2005,359,7,88.5175,5.911,0.49,0,0.375,1.1,0.9725,8.61,0.03175,8.63092905845481,0
"8601",2005,359,8,79.5785,22.126,5.305,3.855,1.755,0.785,0.9676,8.725,0.03175,8.61647827387949,0
"8602",2005,359,9,72.0865,121.509,42.64,51.225,11.395,0.795,0.9582,8.66,0.03175,8.49259893310383,0
"8603",2005,359,10,66.644,176.87,64.09,78.285,17.045,1.2,0.941,9.4,0.03175,8.4897893078665,0
"8604",2005,359,11,63.8265,130.893,45.2,53.81,11.99,1.06,0.9301,9.48,0.03175,8.48974818064187,0
"8605",2005,359,12,63.989,97.198,32.1,36.935,8.305,0.83,0.9306,10.47,0.03175,8.48974766065841,0
"8606",2005,359,13,67.112,71.323,23.135,25.475,6.015,0.695,0.9223,10.475,0.03175,8.48974739510191,0
"8607",2005,359,14,72.8035,61.525,20.08,21.815,5.38,0.56,0.9214,9.535,0.03175,8.48973000456436,0
"8608",2005,359,15,80.4815,34.27,10.475,9.945,3.14,0.6,0.92085,8.19,0.03175,8.46558614222385,0
"8609",2005,359,16,89.573,6.325,0.795,0.02,0.42,0.705,0.9143,7.905,0.03175,8.3455801143601,0
"8610",2005,359,17,99.992,1.518,0,0,0.03,0.735,0.9203,7.84,0.03175,8.3469076646889,0
"8611",2005,359,18,110.8975,1.472,0,0,0.02,0.7,0.92755,8.42,0.03175,8.34695119282139,0
"8612",2005,359,19,122.2045,2.093,0,0,0,0.62,0.9442,7.86,0.03175,8.34701448158551,0
"8613",2005,359,20,133.656,2.438,0,0,0.015,0.79,0.926,7.485,0.03175,8.3471699903486,0
"8614",2005,359,21,144.881,2.576,0,0,0.055,0.84,0.92195,7.605,0.03175,8.34741865432552,0
"8615",2005,359,22,155.097,2.208,0,0,0.06,0.785,0.92895,7.365,0.03175,8.34772284671144,0
"8616",2005,359,23,162.0315,2.162,0,0,0.13,0.38,0.9597,5.785,0.03175,8.34804143206835,0
"8617",2005,360,0,161.603,2.415,0,0,0,0.585,0.94025,5.095,0,8.34838250221421,0
"8618",2005,360,1,154.1595,2.576,0,0,0.02,0.925,0.8946,5.525,0,8.34873889114923,0
"8619",2005,360,2,143.779,2.622,0,0,0.045,0.935,0.8862,5.08,0,8.34907354991538,0
"8620",2005,360,3,132.504,2.346,0,0,0.1,0.865,0.8833,3.035,0,8.34934118491039,0
"8621",2005,360,4,121.053,2.231,0,0,0.03,0.685,0.89515,2.97,0,8.34952047297704,0
"8622",2005,360,5,109.772,2.254,0,0,0.125,0.32,0.93285,3.595,0,8.34961478076476,0
"8623",2005,360,6,98.922,2.323,0,0,0.07,0.34,0.9283,3.615,0,8.3496213291355,0
"8624",2005,360,7,88.57,12.673,2.815,2.365,1.155,0.23,0.933,3.52,0,8.34919403977811,0
"8625",2005,360,8,79.622,50.991,16.575,19.155,4.965,0.2,0.92975,3.735,0,8.27512712067238,0
"8626",2005,360,9,72.109,103.247,35.55,43.595,10.3,0.255,0.9285,3.405,0,8.26683105415559,0
"8627",2005,360,10,66.6455,141.749,48.48,60.745,14.3,0.46,0.89425,4.53,0,8.26664941310971,0
"8628",2005,360,11,63.803,156.86,53.32,67.605,16.125,0.305,0.86565,4.695,0,8.26664671012836,0
"8629",2005,360,12,63.941,162.219,55.25,70.615,16.98,0.305,0.88735,4.38,0,8.2666466721728,0
"8630",2005,360,13,67.0415,120.796,39.89,50.665,12.525,0.395,0.8996,5.34,0,8.26664670887955,0
"8631",2005,360,14,72.7175,100.878,33.385,42.395,10.82,0.36,0.91255,5.135,0,8.26664666397152,0
"8632",2005,360,15,80.385,51.658,16.705,19.845,5.58,0.27,0.90955,5.16,0,8.26661161180798,0
"8633",2005,360,16,89.474,8.464,1.755,1.32,0.9,0.275,0.91655,5.395,0,8.22146568161666,0
"8634",2005,360,17,99.8825,1.449,0,0,0.025,0.215,0.92495,5.06,0,8.22770330330732,0
"8635",2005,360,18,110.7825,1.541,0,0,0,0.29,0.9257,5.29,0,8.22788997157663,0
"8636",2005,360,19,122.0905,1.771,0,0,0,0.54,0.9324,5.535,0,8.22795307855213,0
"8637",2005,360,20,133.54,1.84,0,0,0.03,0.575,0.92965,5.575,0,8.22808691114957,0
"8638",2005,360,21,144.7685,1.794,0,0,0.155,0.33,0.939,5.9,0,8.22828426018365,0
"8639",2005,360,22,154.9915,1.84,0,0,0.005,0.175,0.9456,6.21,0,8.22852925081916,0
"8640",2005,360,23,161.9635,1.817,0,0,0,0.235,0.94245,6.94,0,8.22880895196548,0
"8641",2005,361,0,161.6065,1.84,0,0,0,0.25,0.9447,6.875,0,8.22910032682802,0
"8642",2005,361,1,154.2085,1.84,0,0,0.025,0.375,0.9425,5.865,0,8.22938659538239,0
"8643",2005,361,2,143.8445,1.978,0,0,0.085,0.235,0.9464,5.155,0,8.22965048146569,0
"8644",2005,361,3,132.5755,1.955,0,0,0,0.065,0.95365,5.18,0,8.22987320804218,0
"8645",2005,361,4,121.1245,2.047,0,0,0.01,0.025,0.9539,5.31,0,8.23003498070178,0
"8646",2005,361,5,109.8385,2.116,0,0,0,0.075,0.95225,5.265,0,8.23012458565882,0
"8647",2005,361,6,98.9815,2.277,0,0,0.01,0.32,0.94715,5.65,0,8.23013183413814,0
"8648",2005,361,7,88.617,38.18,10.1,11.57,4.805,0.405,0.94445,5.72,0,8.23529952574671,0
"8649",2005,361,8,79.6575,297.045,98.09,133.375,49.1,1.13,0.9246,6.01,0,8.24271728113816,0
"8650",2005,361,9,72.1275,572.125,199.75,268.205,84.275,2.36,0.9009,5.905,0,8.24236715753335,0
"8651",2005,361,10,66.6395,770.615,270.74,367.245,109.815,4.29,0.8678,5.135,0,8.24235944695193,0
"8652",2005,361,11,63.772,892.653,311.735,429.76,129.48,6.225,0.83505,5.245,0,8.24235957034938,0
"8653",2005,361,12,63.8855,880.785,302.735,422.3,131.19,8.015,0.8149,6.64,0,8.24235934203367,0
"8654",2005,361,13,66.9645,760.357,256.955,360.98,118.075,9.385,0.80095,7.015,0,8.24235938315264,0
"8655",2005,361,14,72.623,360.686,120.3,167.45,55.415,9.585,0.8311,7.94,0,8.24235951150841,0
"8656",2005,361,15,80.28,30.682,8.52,9.09,3.52,8.33,0.94155,6.255,0,8.24022904939764,0
"8657",2005,361,16,89.331,5.911,0.74,0.19,0.605,7.53,0.98035,5.045,0,8.15154518972262,0
"8658",2005,361,17,99.7675,1.771,0,0,0,7.495,0.9907,5.285,0,8.15271882584133,0
"8659",2005,361,18,110.6665,2.07,0,0,0,7.585,0.99225,4.355,0,8.15275167834612,0
"8660",2005,361,19,121.9725,2.185,0,0,0.005,7.845,0.9829,4.195,0,8.15282605754975,0
"8661",2005,361,20,133.4215,2.231,0,0,0,7.91,0.97015,4.12,0,8.15298297995861,0
"8662",2005,361,21,144.6505,2.3,0,0,0,7.88,0.97235,2.8,0,8.15321262703478,0
"8663",2005,361,22,154.8825,2.438,0,0,0,8.68,0.9682,3.75,0,8.15350703673255,0
"8664",2005,361,23,161.8865,2.507,0,0,0.025,8.555,0.96475,2.37,0,8.15385238494481,0
"8665",2005,362,0,161.599,2.668,0,0,0.01,7.785,0.9787,3.83,0.846666666666667,8.15422517337951,0
"8666",2005,362,1,154.2515,2.737,0,0,0.01,7.84,0.9842,2.615,0.846666666666667,8.15460262646868,0
"8667",2005,362,2,143.906,2.737,0,0,0.125,8.5,0.9841,2.855,0.846666666666667,8.15494746632866,0
"8668",2005,362,3,132.643,2.783,0,0,0.29,7.355,0.9845,2.83,0.846666666666667,8.15523280156967,0
"8669",2005,362,4,121.192,3.036,0,0,0,7.205,0.99245,4.065,0.846666666666667,8.15544624066458,0
"8670",2005,362,5,109.901,2.875,0,0,0.23,7.71,0.99315,3.36,0.846666666666667,8.15556081292849,0
"8671",2005,362,6,99.036,2.737,0,0,0.32,6.425,0.9939,5.125,0.846666666666667,8.15556358166604,0
"8672",2005,362,7,88.6575,5.98,0.445,0,0.185,6.81,0.99835,5.075,0.846666666666667,8.15541528112334,0
"8673",2005,362,8,79.686,11.707,0.89,0.085,1.38,6.005,0.9978,5.05,0.846666666666667,8.15405071765704,0
"8674",2005,362,9,72.138,12.926,1.05,0.4,1.1,4.44,0.99745,6.055,0.846666666666667,8.14775923108661,0
"8675",2005,362,10,66.6275,20.838,4.195,2.165,0.975,3.905,0.9981,7.135,0.846666666666667,8.10912990520179,0
"8676",2005,362,11,63.7335,60.904,17.17,18.345,4.06,4.09,0.9966,7.105,0.846666666666667,7.75071334553974,0
"8677",2005,362,12,63.8215,77.625,23.49,26.92,6.14,4.165,0.98425,7.685,0.846666666666667,7.73965634575908,0
"8678",2005,362,13,66.8795,62.928,17.905,20.505,5.12,3.495,0.9691,9.65,0.846666666666667,7.73951701995861,0
"8679",2005,362,14,72.5255,41.377,11.075,11.44,3.395,2.34,0.9754,10.78,0.846666666666667,7.73458895845482,0
"8680",2005,362,15,80.171,43.401,12.865,13.725,3.955,2.165,0.95275,10.545,0.846666666666667,7.69756112837539,0
"8681",2005,362,16,89.222,7.521,0.915,0.375,0.34,1.915,0.9504,9.78,0.846666666666667,7.63793782807895,0
"8682",2005,362,17,99.648,2.99,0,0,0,1.62,0.95615,9.505,0.846666666666667,7.6427191047808,0
"8683",2005,362,18,110.544,2.898,0,0,0,1.38,0.93035,8.755,0.846666666666667,7.64282270204836,0
"8684",2005,362,19,121.849,3.059,0,0,0.005,1.145,0.92715,8.51,0.846666666666667,7.64289988039509,0
"8685",2005,362,20,133.297,3.197,0,0,0,1.16,0.9274,7.955,0.846666666666667,7.64308382127863,0
"8686",2005,362,21,144.53,3.128,0,0,0.005,1.035,0.9309,7.175,0.846666666666667,7.6433669136755,0
"8687",2005,362,22,154.7695,3.243,0,0,0.015,0.94,0.92965,7.51,0.846666666666667,7.6437273028683,0
"8688",2005,362,23,161.8025,3.013,0,0,0.095,0.725,0.9268,7.645,0.846666666666667,7.64413562909307,0
"8689",2005,363,0,161.5835,2.875,0,0,0.125,0.545,0.9316,7.71,0,7.64454120253158,0
"8690",2005,363,1,154.287,2.875,0,0,0.065,0.495,0.9311,7.225,0,7.64492955157098,0
"8691",2005,363,2,143.9625,2.921,0,0,0.015,0.5,0.92695,6.795,0,7.64528644163914,0
"8692",2005,363,3,132.7045,2.737,0,0,0.05,0.44,0.95085,6.1,0,7.64557998366552,0
"8693",2005,363,4,121.253,2.737,0,0,0.06,0.565,0.9469,6.695,0,7.64578837658885,0
"8694",2005,363,5,109.9585,2.783,0,0,0.025,0.58,0.95385,6.035,0,7.64590796456199,0
"8695",2005,363,6,99.086,2.714,0,0,0.025,0.635,0.95775,6.02,0,7.64592798342423,0
"8696",2005,363,7,88.6945,10.695,2.04,1.265,0.75,0.74,0.95765,5.52,0,7.64572957567413,0
"8697",2005,363,8,79.7095,45.977,14.59,15.78,3.855,1.005,0.94215,5.015,0,7.60591423566603,0
"8698",2005,363,9,72.1415,110.4,38.295,46.01,10.15,1.285,0.92875,5.265,0,7.59961991091772,0
"8699",2005,363,10,66.6075,138.23,47.32,58.3,12.855,1.495,0.92265,4.87,0,7.59939780960502,0
"8700",2005,363,11,63.6875,198.145,69.405,87.485,19.46,1.8,0.9136,5.02,0,7.59939405007532,0
"8701",2005,363,12,63.75,157.274,53.775,67.425,15.245,2.155,0.90975,4.355,0,7.59939398060104,0
"8702",2005,363,13,66.789,108.261,35.685,44,10.24,2.31,0.91155,4.405,0,7.59939399949792,0
"8703",2005,363,14,72.418,124.338,43.045,54.045,12.72,2.535,0.90235,4.2,0,7.59939403630446,0
"8704",2005,363,15,80.057,65.757,22.08,27.445,6.97,2.625,0.88715,3.29,0,7.59939301821488,0
"8705",2005,363,16,89.108,10.695,2.395,2.615,1.135,2.47,0.8527,2.98,0,7.59881714670994,0
"8706",2005,363,17,99.523,1.587,0,0,0,2.355,0.85205,1.485,0,7.61473749694821,0
"8707",2005,363,18,110.418,1.564,0,0,0.005,2.025,0.8788,2.285,0,7.61512133943741,0
"8708",2005,363,19,121.723,1.679,0,0,0,2.035,0.86635,1.265,0,7.6151760237673,0
"8709",2005,363,20,133.1725,1.794,0,0,0,2.005,0.85345,1.12,0,7.61529231765309,0
"8710",2005,363,21,144.4035,1.564,0,0,0,1.98,0.84135,2.58,0,7.61546708538988,0
"8711",2005,363,22,154.6475,1.357,0,0,0,1.77,0.88145,2.85,0,7.61567295040965,0
"8712",2005,363,23,161.711,1.357,0,0,0,1.7,0.91015,3.38,0,7.6158981484669,0
"8713",2005,364,0,161.5605,1.403,0,0,0,1.75,0.9211,3.975,0.3175,7.6161368075192,0
"8714",2005,364,1,154.3175,1.403,0,0,0,1.795,0.93765,3.71,0.3175,7.61637444894489,0
"8715",2005,364,2,144.012,1.403,0,0,0,1.815,0.9418,2.005,0.3175,7.6165913206014,0
"8716",2005,364,3,132.7615,1.61,0,0,0.005,1.785,0.93215,3.43,0.3175,7.61677851111091,0
"8717",2005,364,4,121.308,1.84,0,0,0.03,1.635,0.91775,4.885,0.3175,7.61692657410783,0
"8718",2005,364,5,110.0095,1.771,0,0,0.025,1.545,0.9282,6.395,0.3175,7.61701312473861,0
"8719",2005,364,6,99.1305,1.748,0,0,0.06,1.45,0.92565,7.205,0.3175,7.61702760532562,0
"8720",2005,364,7,88.7235,12.673,2.83,2.69,1.28,1.465,0.9137,8.295,0.3175,7.61680571752209,0
"8721",2005,364,8,79.726,78.361,26.025,32.525,8.57,1.545,0.9074,8.905,0.3175,7.64172712393075,0
"8722",2005,364,9,72.139,156.055,53.38,69.57,17.55,1.86,0.90285,9.385,0.3175,7.64032074230467,0
"8723",2005,364,10,66.5815,259.256,90.74,119.825,29.68,2.265,0.8965,10.38,0.3175,7.64026922498402,0
"8724",2005,364,11,63.6335,247.411,85.16,113.075,28.67,2.61,0.90465,9.365,0.3175,7.64026835447213,0
"8725",2005,364,12,63.673,163.369,54.405,71.005,18.045,2.635,0.913,9.155,0.3175,7.64026843003602,0
"8726",2005,364,13,66.6895,120.29,39.12,50.4,13.06,2.645,0.91745,8.155,0.3175,7.64026834801162,0
"8727",2005,364,14,72.3045,39.169,10.545,11.71,3.71,2.445,0.9236,7.475,0.3175,7.63846530793215,0
"8728",2005,364,15,79.936,11.523,2.08,1.175,1.09,2.295,0.9335,6.975,0.3175,7.43205955717025,0
"8729",2005,364,16,88.9905,2.07,0,0,0.86,0.535,0.9603,6,0.3175,7.4298490529456,0
"8730",2005,364,17,99.395,0.989,0,0,0,0.3,0.9768,5.27,0.3175,7.42984703476417,0
"8731",2005,364,18,110.288,1.196,0,0,0.005,0.465,0.9791,5.09,0.3175,7.42983712097454,0
"8732",2005,364,19,121.593,1.311,0,0,0,0.74,0.9827,4.76,0.3175,7.42988199597751,0
"8733",2005,364,20,133.0425,1.541,0,0,0.03,1.64,0.9768,4.595,0.3175,7.42998751054814,0
"8734",2005,364,21,144.2735,1.771,0,0,0.1,1.93,0.94055,4.17,0.3175,7.43015739428122,0
"8735",2005,364,22,154.5225,1.817,0,0,0,1.93,0.948,4.33,0.3175,7.43038304703277,0
"8736",2005,364,23,161.6125,2.07,0,0,0,2.435,0.93415,5.395,0.3175,7.43065169435746,0
"8737",2005,365,0,161.53,2.277,0,0,0,3.05,0.89085,5.915,0,7.43095734202515,0
"8738",2005,365,1,154.3385,2.323,0,0,0.04,2.94,0.8498,5.635,0,7.43127096964736,0
"8739",2005,365,2,144.0575,1.886,0,0,0,2.795,0.8513,5.11,0,7.4315420824495,0
"8740",2005,365,3,132.813,1.495,0,0,0.13,2.665,0.83355,6.35,0,7.43173841462866,0
"8741",2005,365,4,121.3595,1.035,0,0,0.225,2.1,0.81845,8.71,0,7.43186213462508,0
"8742",2005,365,5,110.0565,0.92,0,0,0.175,1.505,0.82785,8.275,0,7.43192421271668,0
"8743",2005,365,6,99.1675,0.943,0,0,0.07,1.17,0.84345,7.535,0,7.43193260042692,0
"8744",2005,365,7,88.748,20.424,5.97,6.35,2.01,0.98,0.84495,8.03,0,7.4313497747924,0
"8745",2005,365,8,79.7365,130.916,47.545,59.69,14.145,0.925,0.8521,8.165,0,7.48736686312206,0
"8746",2005,365,9,72.128,413.678,152.865,199.68,53.215,1.27,0.8351,8.465,0,7.48681505491925,0
"8747",2005,365,10,66.546,518.949,191.315,253.805,65.01,1.9,0.81655,8.805,0,7.48679375316108,0
"8748",2005,365,11,63.5735,339.618,123.79,162.505,38.64,2.135,0.8044,7.79,0,7.48679338998103,0
"8749",2005,365,12,63.586,231.702,81.625,107.12,25.925,2.295,0.7726,7.51,0,7.4867934500834,0
"8750",2005,365,13,66.585,136.85,47.07,60.365,14.71,2.155,0.76405,6.65,0,7.48679367173649,0
"8751",2005,365,14,72.1865,124.223,42.35,54.975,13.885,1.94,0.78925,6.62,0,7.48679352217719,0
"8752",2005,365,15,79.8125,90.896,32.145,41.415,10.61,1.925,0.78475,4.805,0,7.48679347168325,0
"8753",2005,365,16,88.8285,12.581,3.41,3.725,1.52,1.765,0.80735,3.815,0,7.50794194652608,0
"8754",2005,365,17,99.263,0.46,0,0,0.02,1.59,0.82575,2.72,0,7.53906303136796,0
"8755",2005,365,18,110.1555,0.46,0,0,0.005,1.305,0.8206,1.725,0,7.53976140477412,0
"8756",2005,365,19,121.459,0.46,0,0,0,0.875,0.8613,2.2,0,7.53980681422479,0
"8757",2005,365,20,132.907,0.46,0,0,0,0.71,0.87845,2.305,0,7.53988474135266,0
"8758",2005,365,21,144.14,0.483,0,0,0,0.06,0.9127,2.92,0,7.54000106883736,0
"8759",2005,365,22,154.391,0.782,0,0,0,-0.34,0.9266,3.42,0,7.54015435490349,0
"8760",2005,365,23,161.5065,0.943,0,0,0.005,-0.195,0.91065,4.03,0,7.54034405529384,0
