year,doy,hour,zen,solar,netsolar,dw_solar,up_solar,temp,rh,windspeed,precip,day_length,DVI
2006,1,0,161.491,0.966,0,0,0.01,-0.4,0.91505,3.675,0,8,0
2006,1,1,154.3555,1.357,0,0,0,-0.22,0.9157,4.205,0,8.000168695,0
2006,1,2,144.0965,1.357,0,0,0,-0.135,0.9263,3.825,0,8.000407082,0
2006,1,3,132.8575,1.426,0,0,0,0.215,0.92205,4.26,0,8.000660158,0
2006,1,4,121.4055,1.403,0,0,0,0.29,0.92335,4.345,0,8.00091017,0
2006,1,5,110.0975,1.449,0,0,0,0.63,0.91255,5.13,0,8.00113764,0
2006,1,6,99.2015,1.357,0,0,0.04,1.055,0.88615,5.745,0,8.001326152,0
2006,1,7,88.7675,18.676,5.28,6.105,2.36,0.86,0.8975,5.685,0,8.007867369,0
2006,1,8,79.7395,109.02,38.56,49.635,12.89,1.045,0.89465,5.985,0,8.322511183,0
2006,1,9,72.111,174.777,61.04,79.175,19.36,1.855,0.86025,7.02,0,8.326528339,0
2006,1,10,66.503,221.72,75.46,98.115,24.255,2.795,0.8145,7.86,0,8.326550781,0
2006,1,11,63.505,341.044,118.015,155.23,38.735,4.655,0.75545,8.655,0,8.326550812,0
2006,1,12,63.493,367.195,128.645,169.82,42.94,6.65,0.70975,8.61,0,8.326550848,0
2006,1,13,66.472,251.804,85.235,111.79,28.615,7.905,0.7009,7.165,0,8.326551006,0
2006,1,14,72.064,133.745,44.905,57.315,14.9,8.615,0.7332,7.385,0,8.32655095,0
2006,1,15,79.6815,64.078,20.635,24.6,6.85,8.71,0.74425,8.46,0,8.326549848,0
2006,1,16,88.7035,6.279,1.29,0.63,0.57,8.745,0.7821,8.305,0,8.037900335,0
2006,1,17,99.125,0.621,0,0,0.02,9.115,0.80145,7.68,0,8.000948214,0
2006,1,18,110.018,0.943,0,0,0,9.105,0.81395,6.75,0,8.000603007,0
2006,1,19,121.323,1.219,0,0,0,9.405,0.8431,6.915,0,8.000496791,0
2006,1,20,132.7715,1.334,0,0,0,9.62,0.85055,7.38,0,8.000440939,0
2006,1,21,144.0035,1.495,0,0,0,9.94,0.8625,6.96,0,8.000446557,0
2006,1,22,154.2575,1.817,0,0,0,10.565,0.8835,6.89,0,8.000521804,0
2006,1,23,161.3945,2.323,0,0,0.13,10.4,0.9137,6.16,0,8.000681303,0
2006,2,0,161.4435,2.944,0,0,0.01,11.14,0.9282,5.605,0.021166667,8.000948776,0
2006,2,1,154.364,3.335,0,0,0.03,12.065,0.9218,6.425,0.021166667,8.001336377,0
2006,2,2,144.1295,3.174,0,0,0.02,11.88,0.9414,5.755,0.021166667,8.001791252,0
2006,2,3,132.899,3.082,0,0,0.045,11.98,0.9564,5.605,0.021166667,8.002240824,0
2006,2,4,121.4455,2.806,0,0,0.005,12.06,0.9701,6.225,0.021166667,8.002648429,0
2006,2,5,110.1325,2.875,0,0,0.02,13.085,0.9687,7.235,0.021166667,8.002995573,0
2006,2,6,99.2275,2.829,0,0,0.095,13.615,0.9595,5.855,0.021166667,8.003276584,0
2006,2,7,88.7795,15.985,3.765,3.495,1.51,13.765,0.9551,6.885,0.021166667,8.006466866,0
2006,2,8,79.7355,133.101,45.225,59.49,17.25,14.52,0.949,6.365,0.021166667,8.296040988,0
2006,2,9,72.0865,137.402,44.915,58.295,16.76,15.915,0.93065,7.005,0.021166667,8.299434949,0
2006,2,10,66.4535,114.77,36.115,45.395,11.61,14.655,0.81055,7.89,0.021166667,8.299451394,0
2006,2,11,63.4265,382.076,132.895,174.355,43.355,13.51,0.8947,5.25,0.021166667,8.299451369,0
2006,2,12,63.3935,722.476,250.655,340.725,97.43,13.72,0.8316,6.815,0.021166667,8.299451407,0
2006,2,13,66.354,529.414,182.02,252.64,76.13,13.405,0.73565,7.95,0.021166667,8.299451574,0
2006,2,14,71.932,441.853,151.97,212.45,67.975,12.57,0.71485,7.94,0.021166667,8.299451511,0
2006,2,15,79.544,132.204,44.71,60.105,17.525,11.275,0.76735,5.7,0.021166667,8.299451416,0
2006,2,16,88.572,15.548,3.595,4.05,1.725,10.325,0.8122,5.185,0.021166667,8.179149424,0
2006,2,17,98.985,1.38,0,0,0.24,9.295,0.8686,5.41,0.021166667,8.058127852,0
2006,2,18,109.878,1.495,0,0,0.15,8.355,0.9404,5.185,0.021166667,8.057376835,0
2006,2,19,121.183,1.863,0,0,0.43,7.235,0.9703,8.09,0.021166667,8.057263785,0
2006,2,20,132.631,2.024,0,0,0.01,6.675,0.98305,6.65,0.021166667,8.057212815,0
2006,2,21,143.861,2.3,0,0,0.09,7.145,0.9902,5.385,0.021166667,8.057240776,0
2006,2,22,154.1175,2.346,0,0,0.485,6.43,0.9914,8.605,0.021166667,8.057358071,0
2006,2,23,161.2735,2.737,0,0,0.08,6.085,0.9648,7.27,0.021166667,8.057566615,0
2006,3,0,161.3865,2.76,0,0,0.06,5.725,0.9467,7.365,0,8.057868582,0
2006,3,1,154.367,2.576,0,0,0.005,5.455,0.95215,6.465,0,8.058220126,0
2006,3,2,144.1565,2.553,0,0,0,5.28,0.9648,5.865,0,8.058587765,0
2006,3,3,132.935,2.438,0,0,0,5.095,0.9718,7.335,0,8.058951476,0
2006,3,4,121.481,2.622,0,0,0,5.075,0.96775,6.54,0,8.059295402,0
2006,3,5,110.164,2.76,0,0,0.01,5.03,0.95885,5.795,0,8.059610994,0
2006,3,6,99.2475,2.76,0,0,0,4.96,0.9562,4.05,0,8.059863797,0
2006,3,7,88.7885,12.903,2.71,2.4,1.05,4.75,0.95885,4.8,0,8.061174929,0
2006,3,8,79.7275,57.362,18.38,21.66,5.565,4.685,0.96335,4.46,0,8.302930911,0
2006,3,9,72.0545,125.879,42.46,53.375,12.74,4.83,0.9624,3.335,0,8.314278836,0
2006,3,10,66.3975,178.802,60.265,77.525,18.52,5.285,0.94475,2.69,0,8.314323071,0
2006,3,11,63.344,149.063,48.29,62.655,15.105,5.35,0.939,3.785,0,8.314322781,0
2006,3,12,63.2865,232.162,78.405,103.77,25.51,5.44,0.94795,4.1,0,8.314322798,0
2006,3,13,66.228,162.403,53.425,70.42,17.62,5.525,0.9385,3.99,0,8.31432277,0
2006,3,14,71.7955,104.443,33.065,43.33,11.095,5.33,0.94645,3.73,0,8.314322782,0
2006,3,15,79.4035,52.187,15.665,19.51,5.32,5.26,0.95665,3.26,0,8.314255466,0
2006,3,16,88.4365,9.545,1.47,1.165,0.755,5.395,0.9577,3.195,0,8.024117639,0
2006,3,17,98.8405,1.978,0,0,0.005,5.23,0.96585,3.73,0,8.000961078,0
2006,3,18,109.734,1.909,0,0,0.06,5.08,0.9541,5.135,0,8.000692966,0
2006,3,19,121.0385,1.863,0,0,0.005,4.905,0.9643,6.13,0,8.000589929,0
2006,3,20,132.487,2.047,0,0,0.01,4.78,0.97555,7.5,0,8.000558448,0
2006,3,21,143.719,2.139,0,0,0.005,4.62,0.9866,8.045,0,8.000606873,0
2006,3,22,153.972,2.185,0,0,0,4.78,0.99125,8.445,0,8.000736957,0
2006,3,23,161.1475,2.277,0,0,0,4.885,0.992,9.22,0,8.000943051,0
2006,4,0,161.3235,2.346,0,0,0,5.21,0.98845,9.335,0,8.001217219,0
2006,4,1,154.362,2.576,0,0,0,5.595,0.9693,8.375,0,8.001548344,0
2006,4,2,144.177,2.668,0,0,0,5.93,0.95255,7.575,0,8.001922119,0
2006,4,3,132.9645,2.691,0,0,0.1,5.525,0.9471,7.24,0,8.002301851,0
2006,4,4,121.5105,2.484,0,0,0.03,5.025,0.95085,7.22,0,8.002644373,0
2006,4,5,110.187,2.438,0,0,0.01,4.72,0.9496,7.735,0,8.002922513,0
2006,4,6,99.263,2.254,0,0,0.06,4.16,0.95315,5.465,0,8.003124439,0
2006,4,7,88.7895,45.908,13.655,14.875,5.735,3.815,0.957,5.815,0,8.260154409,0
2006,4,8,79.7125,278.852,94.435,122.16,39.965,4.725,0.93045,6.455,0,8.311626851,0
2006,4,9,72.0165,194.787,68.87,88.815,20.91,5.415,0.8951,10.155,0,8.31193338,0
2006,4,10,66.3335,156.101,52.62,67.22,16.13,5.33,0.91325,9.685,0,8.311934177,0
2006,4,11,63.2535,254.288,88.88,116.25,28.375,5.745,0.88775,8.235,0,8.311934158,0
2006,4,12,63.1705,232.967,80.64,106.375,26.72,6.05,0.83975,8.85,0,8.311934173,0
2006,4,13,66.0975,108.882,34.345,44.65,11.63,5.46,0.8467,9.505,0,8.31193421,0
2006,4,14,71.654,74.589,23.325,29.31,7.755,4.61,0.8544,8.9,0,8.311934248,0
2006,4,15,79.2575,39.169,11.405,13.795,4.28,4.075,0.85405,8.995,0,8.304350411,0
2006,4,16,88.2595,7.682,1.19,1.03,1.035,3.46,0.8608,8.845,0,7.964123363,0
2006,4,17,98.693,0.529,0,0,0.05,3.235,0.8792,9.16,0,7.956108786,0
2006,4,18,109.587,0.575,0,0,0.04,3.105,0.8722,9.06,0,7.955988352,0
2006,4,19,120.893,0.46,0,0,0.135,2.815,0.85035,8.855,0,7.955934708,0
2006,4,20,132.3415,0.46,0,0,0.1,2.485,0.86,7.12,0,7.955927662,0
2006,4,21,143.57,0.46,0,0,0.065,2.365,0.85285,7.245,0,7.955968043,0
2006,4,22,153.8225,0.46,0,0,0.185,2.03,0.85915,6.6,0,7.956052787,0
2006,4,23,161.0145,0.46,0,0,0.155,1.68,0.8683,7.045,0,7.956176423,0
2006,5,0,161.2505,0.46,0,0,0.07,1.55,0.8744,6.675,0,7.956331116,0
2006,5,1,154.348,0.529,0,0,0.08,1.505,0.88615,6.835,0,7.956507463,0
2006,5,2,144.193,0.644,0,0,0.165,1.26,0.87415,7.85,0,7.956697527,0
2006,5,3,132.987,0.529,0,0,0.16,0.905,0.8852,6.82,0,7.956884131,0
2006,5,4,121.536,0.552,0,0,0.03,1.01,0.8699,5.955,0,7.957050098,0
2006,5,5,110.207,0.506,0,0,0.025,1.09,0.8676,5.545,0,7.957187115,0
2006,5,6,99.273,0.506,0,0,0.03,1.1,0.8587,6.18,0,7.957285249,0
2006,5,7,88.7855,20.447,6.81,7.91,2.65,1.1,0.8684,5.88,0,7.96378522,0
2006,5,8,79.689,86.365,30.355,38.125,9.75,1.26,0.862,6.65,0,8.182993197,0
2006,5,9,71.9715,220.777,79.69,105.03,26.675,1.675,0.83595,8.005,0,8.18553539,0
2006,5,10,66.262,212.681,74.97,98.545,24.72,2.03,0.8221,7.96,0,8.185539249,0
2006,5,11,63.1545,235.934,81.81,108.15,26.995,2.035,0.8189,8.605,0,8.185539057,0
2006,5,12,63.0495,181.746,61.47,80.845,20.215,1.695,0.8281,8.625,0,8.185539095,0
2006,5,13,65.959,126.431,42.12,54.21,13.475,1.415,0.82285,7.95,0,8.185539242,0
2006,5,14,71.507,115.552,39.235,50.635,12.73,1.44,0.82195,7.395,0,8.185539871,0
2006,5,15,79.107,31.487,9.075,10.545,3.355,1.24,0.8113,7.715,0,8.160483947,0
2006,5,16,88.117,5.244,0.745,0.37,0.645,0.95,0.84115,6.17,0,7.861204298,0
2006,5,17,98.5415,0.46,0,0,0.225,0.62,0.79785,7.225,0,7.858391459,0
2006,5,18,109.4365,0.46,0,0,0.21,0.295,0.76765,7.385,0,7.858303557,0
2006,5,19,120.7435,0.437,0,0,0.14,0.165,0.78,6.48,0,7.85826132,0
2006,5,20,132.1925,0.46,0,0,0.145,0.045,0.7919,7.04,0,7.858264507,0
2006,5,21,143.419,0.46,0,0,0.08,0.015,0.77385,6.48,0,7.858314665,0
2006,5,22,153.6705,0.391,0,0,0.105,0.06,0.7598,5.835,0,7.858407381,0
2006,5,23,160.8745,0.46,0,0,0.13,-0.085,0.80965,5.76,0,7.858535919,0
2006,6,0,161.171,0.391,0,0,0.165,-0.16,0.7558,6.46,0,7.858692831,0
2006,6,1,154.328,0.46,0,0,0.15,-0.23,0.7718,6.415,0,7.858865969,0
2006,6,2,144.199,0.46,0,0,0.16,-0.38,0.7909,6.63,0,7.859047924,0
2006,6,3,133.006,0.46,0,0,0.17,-0.45,0.77415,6.445,0,7.8592222,0
2006,6,4,121.5535,0.437,0,0,0.16,-0.6,0.7626,7.42,0,7.859376812,0
2006,6,5,110.2205,0.46,0,0,0.24,-0.765,0.75975,6.99,0,7.859501632,0
2006,6,6,99.277,0.414,0,0,0.185,-0.975,0.75305,5.97,0,7.859587651,0
2006,6,7,88.774,10.488,2.835,2.55,1.24,-1.045,0.69925,6.8,0,7.859970224,0
2006,6,8,79.6595,47.679,16.305,19.475,5.29,-1.005,0.7186,5.725,0,8.006210798,0
2006,6,9,71.9185,127.213,44.995,58.235,14.72,-1.115,0.72105,5.92,0,8.021266509,0
2006,6,10,66.183,244.904,88.755,118.1,29.515,-1.245,0.696,4.715,0,8.021272882,0
2006,6,11,63.0505,215.694,76.44,101.505,25.2,-1.31,0.71395,4.315,0,8.021271469,0
2006,6,12,62.9205,290.49,104.87,139.825,34.75,-1.38,0.7094,4.3,0,8.02127164,0
2006,6,13,65.814,220.11,77.745,103.145,25.365,-1.09,0.7147,3.805,0,8.021271468,0
2006,6,14,71.3535,179.791,63.515,84.945,21.245,-0.84,0.71855,5.165,0,8.021271433,0
2006,6,15,78.951,84.732,29.505,38.88,10.12,-0.855,0.7297,5.035,0,8.021271441,0
2006,6,16,87.9695,21.114,6.72,8.11,2.58,-0.9,0.74945,4.705,0,7.925188984,0
2006,6,17,98.3855,0.322,0,0,0.125,-0.91,0.7684,5.405,0,7.858456484,0
2006,6,18,109.2825,0.437,0,0,0.21,-1.075,0.79945,6.12,0,7.85842554,0
2006,6,19,120.592,0.46,0,0,0.105,-1.225,0.82075,6.96,0,7.858397497,0
2006,6,20,132.038,0.46,0,0,0.075,-1.28,0.8344,7.205,0,7.858408455,0
2006,6,21,143.262,0.368,0,0,0.07,-1.345,0.8479,6.885,0,7.858465097,0
2006,6,22,153.511,0.414,0,0,0.065,-1.575,0.8684,6.165,0,7.858561815,0
2006,6,23,160.726,0.46,0,0,0,-1.37,0.86085,6.795,0,7.858695311,0
2006,7,0,161.0795,0.46,0,0,0.045,-1.205,0.8597,7.27,0,7.858857237,0
2006,7,1,154.3,0.46,0,0,0,-0.8,0.8537,7.225,0,7.859034295,0
2006,7,2,144.201,0.437,0,0,0.11,-0.485,0.83445,6.67,0,7.859214686,0
2006,7,3,133.0175,0.437,0,0,0,-0.39,0.83825,5.89,0,7.859384693,0
2006,7,4,121.567,0.46,0,0,0.02,-0.49,0.84705,5.265,0,7.859534695,0
2006,7,5,110.227,0.46,0,0,0.09,-0.68,0.8581,5.465,0,7.859653943,0
2006,7,6,99.2745,0.506,0,0,0.065,-1.13,0.87755,4.69,0,7.859733979,0
2006,7,7,88.7585,38.962,13.33,15.805,6.23,-1.725,0.8973,4.08,0,8.017193198,0
2006,7,8,79.6235,259.256,91.015,123.3,43.015,-0.775,0.87735,4.9,0,8.092263874,0
2006,7,9,71.8595,473.202,165.39,228.83,70.535,0.82,0.8274,6.81,0,8.092608826,0
2006,7,10,66.0965,645.403,225.09,312.45,92.895,2.13,0.7821,8.04,0,8.092608042,0
2006,7,11,62.9365,839.339,294.365,409.75,120.335,3.495,0.7457,7.66,0,8.09260813,0
2006,7,12,62.785,870.734,303.7,424.95,124.975,4.91,0.7282,7.48,0,8.092608,0
2006,7,13,65.662,804.494,278.39,389.805,119.685,6.01,0.71315,7.655,0,8.092608027,0
2006,7,14,71.1945,557.497,189.965,266.085,86.415,6.785,0.6936,7.375,0,8.092608109,0
2006,7,15,78.791,307.349,102.645,142.85,50.825,7.28,0.72065,5.45,0,8.092608418,0
2006,7,16,87.7815,33.557,9.02,12.075,4.19,6.035,0.7991,4.05,0,8.090635031,0
2006,7,17,98.227,0.529,0,0,0,4.74,0.8309,2.615,0,7.951772424,0
2006,7,18,109.1275,0.46,0,0,0,3.77,0.85475,2.445,0,7.952126105,0
2006,7,19,120.4355,0.46,0,0,0,3.045,0.87115,2.43,0,7.952125243,0
2006,7,20,131.8845,0.46,0,0,0,2.64,0.84355,3.06,0,7.952143451,0
2006,7,21,143.1065,0.575,0,0,0,2.065,0.84375,3.715,0,7.952207863,0
2006,7,22,153.3495,0.782,0,0,0.12,1.015,0.8867,3.005,0,7.952320564,0
2006,7,23,160.5735,0.897,0,0,0.065,1.05,0.87455,3.565,0,7.952479659,0
2006,8,0,160.9835,0.897,0,0,0.025,0.72,0.8857,4.175,0,7.952670692,0
2006,8,1,154.2635,0.897,0,0,0.12,0.225,0.90125,4.08,0,7.952878676,0
2006,8,2,144.1965,0.92,0,0,0,0.08,0.9121,4.425,0,7.953089073,0
2006,8,3,133.0245,0.92,0,0,0.04,0.48,0.8988,5.59,0,7.953287735,0
2006,8,4,121.573,0.874,0,0,0,0.925,0.87635,7.355,0,7.953458092,0
2006,8,5,110.2285,0.598,0,0,0,1.31,0.85975,8.345,0,7.953584023,0
2006,8,6,99.266,0.46,0,0,0.03,1.84,0.82695,7.175,0,7.953659303,0
2006,8,7,88.7365,13.961,4.05,4.135,1.53,1.925,0.826,7.565,0,7.954377237,0
2006,8,8,79.5815,101.407,36.07,46.345,12.425,2.655,0.81045,7.78,0,8.119461172,0
2006,8,9,71.7925,184.552,64.93,85.31,22.525,3.715,0.7979,7.285,0,8.121212484,0
2006,8,10,66.0045,412.091,147.985,198.24,54.22,6.25,0.7526,7.66,0,8.121204509,0
2006,8,11,62.817,820.456,293.175,411.82,124.89,8.9,0.69285,11.04,0,8.121204213,0
2006,8,12,62.6425,846.216,299.14,418.73,125.775,10.775,0.65165,11.655,0,8.121204295,0
2006,8,13,65.5045,648.623,228.855,317.61,95.775,12.51,0.5914,10.935,0,8.121204186,0
2006,8,14,71.0285,328.371,116.09,157.545,45.08,12.875,0.58035,7.62,0,8.121204238,0
2006,8,15,78.625,257.899,90.795,124.155,40.3,13.235,0.5752,7.22,0,8.121204422,0
2006,8,16,87.6285,61.617,21.06,29.53,12.12,11.415,0.68155,4.665,0,8.1212036,0
2006,8,17,98.0625,0.46,0,0,0.19,9.57,0.7301,5,0,8.061272895,0
2006,8,18,108.9675,0.345,0,0,0.07,8.62,0.73345,6.14,0,8.063908567,0
2006,8,19,120.278,0.092,0,0,0.19,9.125,0.665,7.89,0,8.064034592,0
2006,8,20,131.726,0,0,0,0.3,7.68,0.69595,6.815,0,8.064057053,0
2006,8,21,142.945,0.23,0,0,0.2,6.155,0.76275,6.26,0,8.064117327,0
2006,8,22,153.1815,0.437,0,0,0.11,4.92,0.8072,6.19,0,8.064221559,0
2006,8,23,160.4135,0.46,0,0,0.285,3.57,0.8572,6.015,0,8.064365169,0
2006,9,0,160.877,0.46,0,0,0.01,4.03,0.8526,7.39,0,8.064534123,0
2006,9,1,154.222,0.46,0,0,0,4.15,0.8579,6.87,0,8.06471628,0
2006,9,2,144.186,0.46,0,0,0.005,4.005,0.87055,5.63,0,8.064897758,0
2006,9,3,133.025,0.46,0,0,0.05,3.71,0.8488,6.45,0,8.065067577,0
2006,9,4,121.5735,0.46,0,0,0.065,3.38,0.86135,5.805,0,8.065213344,0
2006,9,5,110.224,0.46,0,0,0.045,3.04,0.86135,4.67,0,8.06532481,0
2006,9,6,99.2505,0.46,0,0,0.035,2.7,0.8752,2.84,0,8.065394262,0
2006,9,7,88.71,17.917,5.245,5.915,1.92,2.6,0.89625,2.45,0,8.067333833,0
2006,9,8,79.5325,140.484,49.945,65.61,17.07,2.7,0.86255,3.08,0,8.226478228,0
2006,9,9,71.7185,154.376,53.53,70.635,18.155,2.98,0.84575,4.445,0,8.227397839,0
2006,9,10,65.902,130.433,43.06,56.16,14.205,2.86,0.8437,5.235,0,8.227390115,0
2006,9,11,62.688,116.817,37.525,48.57,12.185,2.15,0.85865,6.05,0,8.227389865,0
2006,9,12,62.4915,143.888,48.155,62.255,15.455,2.165,0.83215,5.22,0,8.227389915,0
2006,9,13,65.3395,152.099,51.585,67.275,16.835,2.33,0.80895,5.115,0,8.227390111,0
2006,9,14,70.859,103.247,34.95,44.715,11.285,2.495,0.79905,4.365,0,8.227390025,0
2006,9,15,78.4555,52.67,17.475,21.465,5.66,2.51,0.78895,3.78,0,8.227344794,0
2006,9,16,87.47,10.258,2.665,2.57,1.18,2.36,0.7944,2.87,0,8.04636053,0
2006,9,17,97.9005,0.483,0,0,0.06,2.15,0.8172,2.825,0,8.036380635,0
2006,9,18,108.8055,0.46,0,0,0.105,1.87,0.82175,3.085,0,8.036373914,0
2006,9,19,120.118,0.46,0,0,0.08,1.515,0.82105,2.555,0,8.036357949,0
2006,9,20,131.5655,0.46,0,0,0.085,1.41,0.82695,2.42,0,8.036387045,0
2006,9,21,142.78,0.46,0,0,0.06,1.325,0.8161,2.685,0,8.03646165,0
2006,9,22,153.012,0.46,0,0,0.06,1.325,0.7953,1.88,0,8.036577008,0
2006,9,23,160.249,0.46,0,0,0.03,1.19,0.80475,2.14,0,8.036725322,0
2006,10,0,160.765,0.46,0,0,0.075,1.03,0.79485,2.445,0,8.036896288,0
2006,10,1,154.172,0.46,0,0,0.045,0.945,0.81185,2.58,0,8.037079225,0
2006,10,2,144.1685,0.46,0,0,0.085,0.745,0.81845,4.185,0,8.037260205,0
2006,10,3,133.017,0.46,0,0,0.02,0.7,0.83645,4.6,0,8.037427147,0
2006,10,4,121.5705,0.46,0,0,0,0.74,0.8538,3.72,0,8.037568905,0
2006,10,5,110.2135,0.46,0,0,0.025,0.825,0.8661,3.715,0,8.037675089,0
2006,10,6,99.2295,0.46,0,0,0.015,0.73,0.87695,2.205,0,8.037738654,0
2006,10,7,88.675,16.629,5.09,5.93,1.995,0.575,0.89135,2.525,0,8.038899452,0
2006,10,8,79.477,93.679,33.085,42.63,11.285,0.77,0.87685,3.53,0,8.176260295,0
2006,10,9,71.6405,201.411,70.485,93.27,23.93,1.39,0.8366,4.775,0,8.177350215,0
2006,10,10,65.7945,282.026,97.385,129.68,32.745,1.945,0.82665,5.78,0,8.177336434,0
2006,10,11,62.5535,234.623,78.59,103.685,25.58,2.505,0.83335,6.34,0,8.17733605,0
2006,10,12,62.335,263.58,88.225,117.73,29.565,2.665,0.878,7.27,0,8.177336117,0
2006,10,13,65.1705,250.654,85.21,111.965,28.14,3.09,0.89635,7.53,0,8.177336384,0
2006,10,14,70.6845,45.931,13.155,15.385,4.195,3.215,0.91635,6.795,0,8.177227844,0
2006,10,15,78.281,42.504,13.31,14.755,4.085,3.345,0.93195,7.475,0,8.154391752,0
2006,10,16,87.2705,8.096,1.76,1.06,0.705,3.46,0.9542,6.57,0,7.940011856,0
2006,10,17,97.7315,1.035,0,0,0,3.715,0.97145,6.54,0,7.936165538,0
2006,10,18,108.6405,1.311,0,0,0,4.32,0.9689,4.31,0,7.936134185,0
2006,10,19,119.955,1.334,0,0,0,4.5,0.9715,3.78,0,7.936118261,0
2006,10,20,131.4035,1.426,0,0,0,4.865,0.97835,3.31,0,7.936164032,0
2006,10,21,142.6135,1.495,0,0,0,5.39,0.98415,2.555,0,7.936273783,0
2006,10,22,152.8365,1.794,0,0,0,6.63,0.9872,3.985,0,7.936447661,0
2006,10,23,160.076,1.863,0,0,0.03,7.11,0.97845,4.675,0,7.936683617,0
2006,11,0,160.6435,2.001,0,0,0.53,7.06,0.9268,7.335,0,7.936962248,0
2006,11,1,154.115,1.932,0,0,0.485,5.21,0.95685,7.295,0,7.937262646,0
2006,11,2,144.1435,1.932,0,0,0.28,4.225,0.9389,8.86,0,7.937554661,0
2006,11,3,133.005,1.932,0,0,0.56,2.94,0.9287,9.405,0,7.937821424,0
2006,11,4,121.5575,1.771,0,0,0.25,1.81,0.9436,8.81,0,7.938039684,0
2006,11,5,110.1965,1.771,0,0,0.245,0.955,0.9578,9.155,0,7.938195606,0
2006,11,6,99.2015,1.794,0,0,0.03,0.795,0.97035,8,0,7.938285278,0
2006,11,7,88.6355,5.428,0.47,0,0.245,1.295,0.96805,7.59,0,7.938331832,0
2006,11,8,79.4135,28.658,8.205,7.99,2.26,1.33,0.9507,7.66,0,7.934147858,0
2006,11,9,71.5515,109.48,39.02,46.785,9.66,1.575,0.9291,7.965,0,7.961287775,0
2006,11,10,65.6795,128.179,45.13,54.62,11.265,1.81,0.929,8.67,0,7.960713831,0
2006,11,11,62.413,292.652,110.1,138.975,29.205,2.525,0.92265,7.155,0,7.960697516,0
2006,11,12,62.1715,738.415,282.29,376.355,97.86,4.11,0.86805,9.205,0,7.960697284,0
2006,11,13,64.995,801.044,289.775,398.82,117.92,6.07,0.81555,8.73,0,7.960697443,0
2006,11,14,70.504,607.246,209.93,291.945,95.49,7.375,0.77635,8.54,0,7.960698083,0
2006,11,15,78.102,335.892,112.195,156.855,58.65,7.69,0.7615,8.795,0,7.96069729,0
2006,11,16,87.106,62.698,17.63,23.96,11.1,6.8,0.7933,7.985,0,7.960696924,0
2006,11,17,97.56,2.507,0,0,0.2,5.455,0.8339,6.13,0,7.941505106,0
2006,11,18,108.4735,2.898,0,0,0,5.2,0.8212,6.605,0,7.949227224,0
2006,11,19,119.7905,3.013,0,0,0,4.875,0.82585,7.12,0,7.94941413,0
2006,11,20,131.2375,2.99,0,0,0,4.37,0.8316,7.575,0,7.949499941,0
2006,11,21,142.4445,2.921,0,0,0.01,4.18,0.82415,8.805,0,7.949684362,0
2006,11,22,152.658,2.99,0,0,0.005,3.63,0.8479,7.885,0,7.949958074,0
2006,11,23,159.9,2.967,0,0,0,3.34,0.86765,7.28,0,7.950307287,0
2006,12,0,160.5135,2.967,0,0,0,3.2,0.8803,7.195,0,7.950703765,0
2006,12,1,154.0495,2.921,0,0,0,3.005,0.8929,6.47,0,7.951119039,0
2006,12,2,144.111,2.898,0,0,0.01,2.6,0.90635,5.705,0,7.951521898,0
2006,12,3,132.986,2.944,0,0,0,2.5,0.9078,6.57,0,7.951890627,0
2006,12,4,121.5425,2.875,0,0,0.025,2.785,0.9007,6.92,0,7.952197618,0
2006,12,5,110.1755,2.852,0,0,0.05,2.245,0.91935,6.2,0,7.952418791,0
2006,12,6,99.168,2.829,0,0,0.055,2.205,0.91945,5.79,0,7.952542318,0
2006,12,7,88.5895,52.003,17.485,20.005,7.74,2.14,0.91625,6.11,0,8.124291793,0
2006,12,8,79.3455,296.217,102.69,133.765,45.73,3.73,0.88325,7.465,0,8.143410222,0
2006,12,9,71.4585,596.091,210.125,284.66,89.15,5.975,0.8283,8.25,0,8.143452342,0
2006,12,10,65.558,826.091,291.685,403.735,121.335,7.565,0.7805,9.71,0,8.143451224,0
2006,12,11,62.264,955.144,338.355,470.5,138.815,9.21,0.72905,9.21,0,8.143451191,0
2006,12,12,62.002,966.621,340.85,475.175,141.6,10.585,0.6947,9.815,0,8.143451229,0
2006,12,13,64.813,846.17,295.06,412.085,127.54,11.755,0.6649,11.035,0,8.14345136,0
2006,12,14,70.3175,626.957,214.865,299.905,100.08,12.345,0.6629,11.615,0,8.143451888,0
2006,12,15,77.9195,328.808,109.39,151.39,57.475,12.53,0.65715,12.44,0,8.143451234,0
2006,12,16,86.939,61.111,18.57,24.53,10.7,11.585,0.686,10.97,0,8.143451049,0
2006,12,17,97.386,1.219,0,0,0.295,10.205,0.7362,8.87,0,8.123044142,0
2006,12,18,108.304,0.92,0,0,0,9.89,0.73835,9.01,0,8.130083153,0
2006,12,19,119.624,0.897,0,0,0.005,10.19,0.7422,9.615,0,8.130267426,0
2006,12,20,131.0685,0.92,0,0,0.04,10.285,0.8065,9.86,0,8.130317205,0
2006,12,21,142.2725,1.38,0,0,0,11.21,0.87235,9.465,0,8.130422219,0
2006,12,22,152.4765,1.587,0,0,0.155,11.19,0.8945,7.395,0,8.130595675,0
2006,12,23,159.7145,1.978,0,0,0.005,11.035,0.91675,6.08,0,8.130833873,0
2006,13,0,160.3765,2.254,0,0,0.06,11.315,0.92715,5.68,0.179916667,8.131136188,0
2006,13,1,153.976,2.231,0,0,0.015,11.3,0.93475,6.315,0.179916667,8.131469019,0
2006,13,2,144.0745,2.3,0,0,0.005,11.595,0.926,7.505,0.179916667,8.13179622,0
2006,13,3,132.963,1.909,0,0,0.115,11.805,0.89715,7.755,0.179916667,8.132080263,0
2006,13,4,121.518,1.541,0,0,0.115,11.355,0.88855,7.235,0.179916667,8.132286939,0
2006,13,5,110.147,1.357,0,0,0.125,10.895,0.878,7.075,0.179916667,8.132421757,0
2006,13,6,99.129,1.38,0,0,0.26,10.03,0.91655,5.24,0.179916667,8.132492375,0
2006,13,7,88.5385,5.474,0.8,0.07,0.27,9.265,0.9518,4.15,0.179916667,8.132520458,0
2006,13,8,79.271,19.757,3.43,4.42,2.56,7.425,0.9498,6.805,0.179916667,8.130138314,0
2006,13,9,71.3565,57.109,16.53,20.04,5.43,4.36,0.92715,9.99,0.179916667,8.083554224,0
2006,13,10,65.429,59.639,17.945,20.03,4.615,2.985,0.93115,11.69,0.179916667,8.080124669,0
2006,13,11,62.107,67.183,19.71,22.005,4.62,2.13,0.9429,10.605,0.179916667,8.079983455,0
2006,13,12,61.8255,119.991,38.6,46.855,9.835,1.58,0.9443,12.575,0.179916667,8.079979082,0
2006,13,13,64.625,110.584,36.18,43.495,9.145,1.07,0.94435,13.51,0.179916667,8.079979104,0
2006,13,14,70.127,57.454,17.8,19.585,4.585,1.255,0.9407,12.865,0.179916667,8.079968881,0
2006,13,15,77.7325,41.975,10.505,12.535,3.915,0.645,0.9577,12.05,0.179916667,8.073599116,0
2006,13,16,86.73,19.021,4.06,4.3,1.93,0.505,0.97195,12.815,0.179916667,7.844650888,0
2006,13,17,97.208,2.76,0,0,0,0.695,0.96605,12.35,0.179916667,7.832184574,0
2006,13,18,108.1295,2.852,0,0,0.06,1.175,0.9342,12.685,0.179916667,7.832265299,0
2006,13,19,119.454,2.875,0,0,0.11,1.555,0.87915,12.84,0.179916667,7.832256714,0
2006,13,20,130.8995,2.921,0,0,0.38,0.955,0.8597,12.495,0.179916667,7.832347197,0
2006,13,21,142.096,3.036,0,0,0.245,0.295,0.8129,12.865,0.179916667,7.832540424,0
2006,13,22,152.2915,3.289,0,0,0.395,-0.325,0.8018,12.305,0.179916667,7.832838211,0
2006,13,23,159.5255,3.542,0,0,0.375,-1.005,0.81105,11.04,0.179916667,7.833241853,0
2006,14,0,160.2305,2.507,0,0,0.36,-1.605,0.81655,10.725,0,7.833660574,0
2006,14,1,153.895,1.38,0,0,0.1,-1.995,0.80865,11.495,0,7.83396981,0
2006,14,2,144.0285,0.667,0,0,0.155,-1.91,0.78865,11.02,0,7.83418748,0
2006,14,3,132.932,0.46,0,0,0.225,-2.3,0.8033,9.535,0,7.834352851,0
2006,14,4,121.489,0.414,0,0,0.19,-2.41,0.8031,9.545,0,7.834482505,0
2006,14,5,110.1115,0.46,0,0,0.135,-2.52,0.7952,9.34,0,7.834575279,0
2006,14,6,99.084,0.46,0,0,0.27,-2.775,0.81415,7.665,0,7.834625186,0
2006,14,7,88.48,48.461,16.96,19.075,8.78,-3.18,0.8306,6.48,0,7.985659448,0
2006,14,8,79.1885,311.581,112.47,148.855,51.79,-2.83,0.82395,7.255,0,8.01038147,0
2006,14,9,71.2495,617.136,224.83,303.04,93.445,-1.855,0.7911,7.665,0,8.010427606,0
2006,14,10,65.292,855.324,312.41,423.28,122.205,-1.085,0.76305,7.135,0,8.010426003,0
2006,14,11,61.945,897.989,325.105,446.275,125.82,-0.46,0.73925,6.63,0,8.010426119,0
2006,14,12,61.642,957.122,342.81,474.955,137.555,0.01,0.7226,6.19,0,8.010425991,0
2006,14,13,64.43,905.763,324.075,450.265,134.87,0.495,0.72485,5.355,0,8.0104261,0
2006,14,14,69.9325,693.519,245.035,342.19,109.465,0.92,0.712,4.875,0,8.010426531,0
2006,14,15,77.5415,353.165,119.035,165.515,60.18,0.92,0.72085,4.16,0,8.01042601,0
2006,14,16,86.5555,82.455,25.56,33.66,16.12,0.495,0.74275,3.105,0,8.010426087,0
2006,14,17,97.0285,1.15,0.005,0.01,0.105,-0.21,0.79855,1.665,0,8.025263373,0
2006,14,18,107.957,0.46,0,0,0,-0.57,0.81305,0.97,0,8.040670782,0
2006,14,19,119.2835,0.46,0,0,0,-0.97,0.8419,0.51,0,8.041027603,0
2006,14,20,130.7275,0.46,0,0,0,-1.055,0.85345,1.71,0,8.041077869,0
2006,14,21,141.9185,0.46,0,0,0,-1.715,0.8893,1.94,0,8.041166575,0
2006,14,22,152.1,0.759,0,0,0,-2.26,0.92355,2.77,0,8.041299358,0
2006,14,23,159.331,0.506,0,0,0.005,-2.465,0.92935,2.88,0,8.041466692,0
2006,15,0,160.078,0.598,0,0,0,-2.615,0.91805,2.84,0,8.041648153,0
2006,15,1,153.8045,0.46,0,0,0.005,-2.81,0.92515,2.97,0,8.041836019,0
2006,15,2,143.975,0.46,0,0,0.01,-3.165,0.9308,3.345,0,8.042012904,0
2006,15,3,132.893,0.46,0,0,0.025,-3.45,0.92885,3.35,0,8.04217231,0
2006,15,4,121.4535,0.713,0,0,0,-3.45,0.9259,3.845,0,8.042307188,0
2006,15,5,110.071,0.713,0,0,0,-2.75,0.89035,4.645,0,8.042406828,0
2006,15,6,99.0325,0.575,0,0,0.055,-2.845,0.89925,5.435,0,8.042456661,0
2006,15,7,88.417,43.194,15.435,18.975,7.405,-2.14,0.8875,7.345,0,8.157830278,0
2006,15,8,79.1,150.029,53.28,73.71,22.055,-1.305,0.8801,7.895,0,8.188912361,0
2006,15,9,71.1335,403.788,142.27,196.105,55.395,-0.46,0.8708,7.72,0,8.188931124,0
2006,15,10,65.15,469.844,165.805,226.92,61.19,0.54,0.8258,9.37,0,8.188928315,0
2006,15,11,61.7755,651.59,230.935,318.235,85.395,1.44,0.79005,9.875,0,8.188928297,0
2006,15,12,61.454,603.474,214.01,295.315,80.09,2.175,0.7525,9.755,0,8.188928286,0
2006,15,13,64.231,428.214,150.97,205.825,55.6,2.72,0.7282,10.45,0,8.188928271,0
2006,15,14,69.7325,783.035,277.1,387.635,122.04,3.95,0.67345,12.265,0,8.188928301,0
2006,15,15,77.3465,391.092,132.74,186.34,67.235,4.5,0.64785,10.885,0,8.188928271,0
2006,15,16,86.3775,88.711,27.78,37.355,17.595,3.785,0.67985,8.35,0,8.188928278,0
2006,15,17,96.846,1.196,0,0,0.405,2.43,0.72155,6.895,0,8.205207393,0
2006,15,18,107.7795,0.736,0,0,0.05,1.605,0.7497,5.865,0,8.22206508,0
2006,15,19,119.109,1.058,0,0,0.005,1.155,0.7762,5.155,0,8.22246366,0
2006,15,20,130.5535,1.564,0,0,0,0.965,0.7939,5.57,0,8.222532531,0
2006,15,21,141.738,2.185,0,0,0,1.07,0.7878,5.82,0,8.222677679,0
2006,15,22,151.9065,2.415,0,0,0,0.84,0.7988,5.275,0,8.222917117,0
2006,15,23,159.13,2.76,0,0,0,0.43,0.81785,4.755,0,8.223239992,0
2006,16,0,159.917,3.243,0,0,0,0.205,0.83255,4.75,0.074083333,8.223651741,0
2006,16,1,153.708,3.611,0,0,0,0.115,0.83545,4.89,0.074083333,8.224143611,0
2006,16,2,143.917,3.519,0,0,0,0.18,0.8448,4.71,0.074083333,8.22464594,0
2006,16,3,132.8505,3.542,0,0,0.07,0.355,0.8569,4,0.074083333,8.225089117,0
2006,16,4,121.412,3.404,0,0,0,0.555,0.8577,4.445,0.074083333,8.22544217,0
2006,16,5,110.0245,3.381,0,0,0,0.785,0.8634,4.74,0.074083333,8.225680597,0
2006,16,6,98.973,3.496,0,0,0.005,0.86,0.8688,4.91,0.074083333,8.225799592,0
2006,16,7,88.3455,60.605,19.16,23.215,9.27,0.85,0.87855,4.26,0.074083333,8.375420848,0
2006,16,8,79.0035,357.972,123.715,168.63,58.415,2.09,0.8576,4.445,0.074083333,8.384146714,0
2006,16,9,71.0125,574.471,200.4,277.1,84.97,3.47,0.84305,4.735,0.074083333,8.384136724,0
2006,16,10,64.9995,491.855,173.01,238.41,65.73,4.68,0.8291,5.65,0.074083333,8.384135645,0
2006,16,11,61.598,544.916,195.16,265.29,71.065,6.5,0.82055,5.11,0.074083333,8.384135634,0
2006,16,12,61.2575,769.327,273.325,375.63,105.805,8.95,0.77495,4.785,0.074083333,8.384135635,0
2006,16,13,64.0265,887.478,309.785,430.21,130.31,11.18,0.72775,4.73,0.074083333,8.384135621,0
2006,16,14,69.527,374.946,130.85,177.875,49.645,11.555,0.73595,5.355,0.074083333,8.384135634,0
2006,16,15,77.149,196.765,69.045,91.845,25.44,11.595,0.75015,5.81,0.074083333,8.384135661,0
2006,16,16,86.161,28.704,8.875,10.48,3.105,10.925,0.7835,3.575,0.074083333,8.3780591,0
2006,16,17,96.663,1.196,0,0,0.045,10.13,0.81375,3.875,0.074083333,8.323493973,0
2006,16,18,107.601,1.035,0,0,0.015,9.215,0.8572,3.65,0.074083333,8.324572105,0
2006,16,19,118.9335,1.38,0,0,0.005,8.94,0.8761,3.09,0.074083333,8.324605611,0
2006,16,20,130.377,1.403,0,0,0,8.575,0.90195,3.315,0.074083333,8.32467874,0
2006,16,21,141.5555,1.518,0,0,0.005,9.05,0.92885,5.6,0.074083333,8.324814115,0
2006,16,22,151.7105,1.403,0,0,0.265,8.785,0.9574,4.165,0.074083333,8.325004979,0
2006,16,23,158.924,1.38,0,0,1.62,4.36,0.91685,7.685,0.074083333,8.325229773,0
2006,17,0,159.748,1.38,0,0,0.47,2.75,0.9131,6.5,0.328083333,8.32547706,0
2006,17,1,153.603,1.311,0,0,0.2,2.12,0.91685,6.845,0.328083333,8.325728485,0
2006,17,2,143.8495,1.518,0,0,0.18,1.61,0.91675,6.725,0.328083333,8.325972878,0
2006,17,3,132.798,1.84,0,0,0.17,1.41,0.91365,6.68,0.328083333,8.32620846,0
2006,17,4,121.3645,2.024,0,0,0.12,1.125,0.93345,5.975,0.328083333,8.326414439,0
2006,17,5,109.972,2.047,0,0,0.175,0.94,0.9268,6.46,0.328083333,8.326560311,0
2006,17,6,98.91,1.978,0,0,0.17,0.485,0.9408,6.995,0.328083333,8.326627297,0
2006,17,7,88.2325,5.888,0.535,0.245,0.48,-0.225,0.9439,7.825,0.328083333,8.326616521,0
2006,17,8,78.903,26.611,6.96,6.805,2.11,-0.605,0.92915,5.945,0.328083333,8.309297873,0
2006,17,9,70.8835,64.262,20.665,23.77,5.65,-1.115,0.9066,5.915,0.328083333,8.24442823,0
2006,17,10,64.8435,71.553,22.8,26.195,6.05,-1.45,0.88835,6.505,0.328083333,8.242405677,0
2006,17,11,61.4155,98.877,31.965,38.395,8.76,-1.875,0.87425,7.57,0.328083333,8.242366464,0
2006,17,12,61.0555,144.877,49.115,61.285,14.03,-1.98,0.8711,7.86,0.328083333,8.242365888,0
2006,17,13,63.8165,240.097,86.045,110.93,25.6,-2.09,0.846,9.945,0.328083333,8.242365951,0
2006,17,14,69.318,156.906,55.635,70.32,16.72,-1.785,0.8155,9.525,0.328083333,8.242366165,0
2006,17,15,76.946,105.363,37.075,47.15,12.03,-1.855,0.79945,9.955,0.328083333,8.242366032,0
2006,17,16,85.9785,26.91,8.305,9.375,3.16,-2.01,0.8096,8.905,0.328083333,8.222265215,0
2006,17,17,96.4755,0.874,0,0,0.035,-1.22,0.7451,7.93,0.328083333,8.183460533,0
2006,17,18,107.419,0.46,0,0,0.23,-1.24,0.73005,9.315,0.328083333,8.184425166,0
2006,17,19,118.7565,0.46,0,0,0.36,-2.005,0.71225,11.895,0.328083333,8.184454759,0
2006,17,20,130.199,0.46,0,0,0.21,-2.39,0.7186,9.895,0.328083333,8.184509408,0
2006,17,21,141.3705,0.46,0,0,0.235,-2.705,0.69665,10.345,0.328083333,8.184607268,0
2006,17,22,151.511,0.46,0,0,0.075,-2.835,0.717,9.13,0.328083333,8.184742145,0
2006,17,23,158.7125,0.437,0,0,0.235,-2.965,0.7405,9.605,0.328083333,8.184904938,0
2006,18,0,159.5725,0.46,0,0,0.265,-3.37,0.7368,8.795,0,8.185084371,0
2006,18,1,153.4915,0.437,0,0,0.14,-3.62,0.73325,7.29,0,8.185268492,0
2006,18,2,143.776,0.414,0,0,0.19,-3.73,0.7477,7.57,0,8.18544288,0
2006,18,3,132.74,0.368,0,0,0.075,-3.755,0.75515,7.955,0,8.185595174,0
2006,18,4,121.3105,0.322,0,0,0.21,-3.825,0.74595,8.95,0,8.185715053,0
2006,18,5,109.9125,0.138,0,0,0.205,-4.155,0.7142,9.21,0,8.18579334,0
2006,18,6,98.8395,0.138,0,0,0.095,-4.18,0.72245,9.315,0,8.185827829,0
2006,18,7,88.1515,20.631,6.235,6.555,2.405,-4.28,0.71585,10.49,0,8.187100247,0
2006,18,8,78.7945,132.204,47.625,63.165,17.43,-4.13,0.73485,8.9,0,8.271495785,0
2006,18,9,70.7495,401.879,146.44,203.72,59.64,-3.44,0.7244,8.96,0,8.271313229,0
2006,18,10,64.6795,721.694,257.78,362.515,107.495,-2.44,0.7123,9.695,0,8.271295698,0
2006,18,11,61.2255,1027.939,369.47,522.065,155.97,-1.19,0.6784,9.095,0,8.271295372,0
2006,18,12,60.847,1021.108,365.71,517.65,155.915,-0.125,0.63995,8.71,0,8.271295431,0
2006,18,13,63.6005,914.825,322.97,456.96,142.845,1.175,0.61185,7.625,0,8.271295654,0
2006,18,14,69.1035,636.686,219.29,311.765,102.875,2.285,0.59235,6.8,0,8.271295501,0
2006,18,15,76.74,285.522,98.455,139.595,44.575,2.16,0.65735,6.63,0,8.271295469,0
2006,18,16,85.7545,50.462,17.35,22.915,7.29,1.58,0.7332,4.695,0,8.271291244,0
2006,18,17,96.2855,0.966,0.055,0,0.07,1.45,0.7437,5.57,0,8.261341816,0
2006,18,18,107.237,0.414,0,0,0.005,1.405,0.74955,6.495,0,8.267737166,0
2006,18,19,118.5775,0.414,0,0,0.01,1.435,0.7557,7.735,0,8.267886092,0
2006,18,20,130.018,0.46,0,0,0.005,1.485,0.7659,8.045,0,8.267942815,0
2006,18,21,141.182,0.46,0,0,0.025,1.485,0.78305,7.355,0,8.268041863,0
2006,18,22,151.3075,0.46,0,0,0,1.685,0.79715,6.835,0,8.268178256,0
2006,18,23,158.496,0.46,0,0,0.005,1.79,0.80595,6.285,0,8.26834276,0
2006,19,0,159.39,0.46,0,0,0,2.045,0.79515,5.98,0,8.268524097,0
2006,19,1,153.3705,0.46,0,0,0,2.185,0.7923,6.625,0,8.268709759,0
2006,19,2,143.696,0.46,0,0,0,2.455,0.7915,7.365,0,8.268886905,0
2006,19,3,132.677,0.46,0,0,0,2.545,0.8025,6.825,0,8.269043248,0
2006,19,4,121.25,0.46,0,0,0,2.96,0.79815,6.125,0,8.269167498,0
2006,19,5,109.8465,0.46,0,0,0,2.9,0.81165,6.11,0,8.269251502,0
2006,19,6,98.763,0.529,0,0,0,2.87,0.8255,6.185,0,8.269289717,0
2006,19,7,88.063,55.614,18.17,21.68,9.34,3.01,0.8375,6.55,0,8.391733231,0
2006,19,8,78.6785,330.625,113.255,155.67,55.625,4.44,0.81695,7.3,0,8.402112499,0
2006,19,9,70.608,612.306,210.07,293.785,95.955,7.09,0.77955,9.95,0,8.402080012,0
2006,19,10,64.509,855.439,295.91,415.17,128.265,9.205,0.7603,11.625,0,8.40207832,0
2006,19,11,61.03,996.36,346.125,486.55,146.575,11.29,0.7203,12.685,0,8.402078276,0
2006,19,12,60.633,788.509,272.75,382.815,113.185,12.825,0.6738,11.025,0,8.402078297,0
2006,19,13,63.3795,653.545,226.605,315.245,93.845,13.55,0.65865,11.055,0,8.402078352,0
2006,19,14,68.8855,361.445,127.4,174.675,49.58,13.08,0.7244,11.055,0,8.40207855,0
2006,19,15,76.53,223.514,78.55,106.71,31,12.835,0.74195,10.55,0,8.402078454,0
2006,19,16,85.5675,59.156,19.345,25.105,8.26,11.945,0.78685,8.805,0,8.402077936,0
2006,19,17,96.0945,2.806,0,0,0.23,10.8,0.83815,6.615,0,8.406013481,0
2006,19,18,107.053,2.898,0,0,0.03,10.11,0.86585,6.75,0,8.415794577,0
2006,19,19,118.3975,4.071,0,0,0,10.865,0.8405,8.88,0,8.416036519,0
2006,19,20,129.8375,4.186,0,0,0,11.39,0.82835,9.98,0,8.41623288,0
2006,19,21,140.994,4.117,0,0,0.01,11.305,0.84905,10.005,0,8.416583426,0
2006,19,22,151.1005,4.232,0,0,0,11.38,0.86005,10.02,0,8.417063307,0
2006,19,23,158.274,4.255,0,0,0.005,11.26,0.86025,8.965,0,8.417653099,0
2006,20,0,159.1975,4.209,0,0,0.065,10.98,0.8694,7.49,0.433916667,8.418299882,0
2006,20,1,153.2415,4.048,0,0,0.03,10.475,0.888,6.6,0.433916667,8.418939545,0
2006,20,2,143.607,4.048,0,0,0.005,10.4,0.8922,6.975,0.433916667,8.419529111,0
2006,20,3,132.606,3.795,0,0,0.005,10.09,0.90465,5.645,0.433916667,8.420027938,0
2006,20,4,121.183,3.703,0,0,0.09,9.71,0.92145,4.22,0.433916667,8.420399534,0
2006,20,5,109.7755,3.611,0,0,0.01,9.48,0.9314,3.61,0.433916667,8.420639437,0
2006,20,6,98.679,3.611,0,0,0.14,8.37,0.8987,2.305,0.433916667,8.420740724,0
2006,20,7,87.9695,11.431,1.46,1.91,1.09,7.325,0.8282,2.625,0.433916667,8.420697893,0
2006,20,8,78.559,48.967,13.81,17.655,4.87,6.295,0.8185,2.585,0.433916667,8.41329299,0
2006,20,9,70.46,61.893,17.695,22.5,5.87,5.845,0.82795,3.38,0.433916667,8.409388771,0
2006,20,10,64.3325,134.688,42.615,55.705,14.02,5.32,0.82955,4.08,0.433916667,8.40921713,0
2006,20,11,60.8265,187.818,60.21,78.85,19.755,5.49,0.8518,3.75,0.433916667,8.409214148,0
2006,20,12,60.4125,236.762,78.24,101.985,25.385,6.395,0.847,3.04,0.433916667,8.409214092,0
2006,20,13,63.1535,124.844,39.41,50.03,11.985,7.43,0.8727,2.93,0.433916667,8.409214127,0
2006,20,14,68.664,117.484,39.795,48.56,10.675,7.59,0.94025,3.38,0.433916667,8.409214233,0
2006,20,15,76.3175,97.842,34.81,41.24,8.815,9.035,0.9527,3.295,0.433916667,8.409214603,0
2006,20,16,85.3775,17.411,5.227777778,4.245,1.5,10.705,0.94035,2.275,0.433916667,8.368013149,0
2006,20,17,95.899,3.933,0,0,0.57,10.2,0.91145,2.91,0.433916667,8.357279705,0
2006,20,18,106.866,3.818,0,0,0,11.52,0.90705,4.73,0.433916667,8.357686667,0
2006,20,19,118.213,4.554,0,0,0.01,12.415,0.8748,8.42,0.433916667,8.357741054,0
2006,20,20,129.654,4.692,0,0,0.115,12.325,0.8824,7.8,0.433916667,8.357980923,0
2006,20,21,140.801,2.852,0,0,3.34,6.835,0.9128,9.52,0.433916667,8.358324243,0
2006,20,22,150.89,2.553,0,0,0.495,1.55,0.94465,12.885,0.433916667,8.358632323,0
2006,20,23,158.0485,2.714,0,0,0.01,1.825,0.9529,8.535,0.433916667,8.358978658,0
2006,21,0,158.9995,2.829,0,0,0.24,1.92,0.94115,6.89,0.03175,8.359374067,0
2006,21,1,153.106,3.105,0,0,0.395,1.385,0.93355,8.11,0.03175,8.359800753,0
2006,21,2,143.5125,3.036,0,0,0.37,0.42,0.93805,10.1,0.03175,8.360222355,0
2006,21,3,132.53,3.197,0,0,0.04,0.005,0.9353,10.435,0.03175,8.360595383,0
2006,21,4,121.1095,3.358,0,0,0.2,-0.37,0.9012,10.395,0.03175,8.360904744,0
2006,21,5,109.6985,3.404,0,0,0.105,-0.815,0.9016,9.655,0.03175,8.361116134,0
2006,21,6,98.5905,3.91,0,0,0.32,-1.16,0.8947,6.52,0.03175,8.361212363,0
2006,21,7,87.87,57.27,18.125,20.795,8.64,-1.575,0.8891,6.04,0.03175,8.475667062,0
2006,21,8,78.43,318.803,119.115,156.565,52.32,-1.625,0.87785,5.11,0.03175,8.48259547,0
2006,21,9,70.305,572.378,220.065,290.82,82.895,-1.385,0.85515,4.615,0.03175,8.482553688,0
2006,21,10,64.148,816.454,321.345,413.595,100.93,-0.73,0.81945,3.59,0.03175,8.482552173,0
2006,21,11,60.6165,940.47,367.76,475.95,113.92,0.25,0.788,2.84,0.03175,8.482552127,0
2006,21,12,60.186,896.126,345.415,453.435,112.53,1.28,0.7631,1.895,0.03175,8.482552146,0
2006,21,13,62.9225,958.663,363.305,486.69,134.135,2.395,0.7225,1.475,0.03175,8.482552188,0
2006,21,14,68.4375,721.855,265.02,359.79,111.305,3.14,0.7044,1.515,0.03175,8.48255233,0
2006,21,15,76.102,416.3,150.81,202.7,70.5,4.055,0.6634,0.785,0.03175,8.482552842,0
2006,21,16,85.184,112.01,37.86,50.035,20.46,3.525,0.6811,1,0.03175,8.482552175,0
2006,21,17,95.6675,2.944,0.435,0.285,0.04,2.395,0.7254,0.95,0.03175,8.514911538,0
2006,21,18,106.678,1.403,0,0,0,1.91,0.75545,1.865,0.03175,8.54339375,0
2006,21,19,118.03,2.254,0,0,0.065,0.4,0.8412,2.56,0.03175,8.544022352,0
2006,21,20,129.467,2.254,0,0,0,-1.015,0.9242,2.175,0.03175,8.544144732,0
2006,21,21,140.608,2.07,0,0,0,-1.5,0.9393,1.39,0.03175,8.544334846,0
2006,21,22,150.676,1.909,0,0,0.015,-1.75,0.95335,1.295,0.03175,8.544575716,0
2006,21,23,157.816,1.909,0,0,0,-1.72,0.9651,1.965,0.03175,8.544853139,0
2006,22,0,158.794,1.817,0,0,0.055,-1.715,0.96085,2.365,0.010583333,8.545151178,0
2006,22,1,152.962,1.679,0,0,0.055,-1.835,0.94705,1.95,0.010583333,8.545441975,0
2006,22,2,143.4115,1.472,0,0,0.06,-2.11,0.94365,2.195,0.010583333,8.545702118,0
2006,22,3,132.4465,1.38,0,0,0.02,-2.435,0.953,2.12,0.010583333,8.545916379,0
2006,22,4,121.03,1.748,0,0,0,-1.925,0.95185,2.975,0.010583333,8.546090517,0
2006,22,5,109.6145,2.323,0,0,0,-1.275,0.92635,3.305,0.010583333,8.546223363,0
2006,22,6,98.4965,2.415,0,0,0,-1.31,0.919,3.06,0.010583333,8.54628277,0
2006,22,7,87.726,29.256,10.805,13.005,3.775,-1.22,0.91865,3.085,0.010583333,8.552883972,0
2006,22,8,78.2975,153.548,60.395,82.015,23.17,-0.5,0.9071,3.295,0.010583333,8.596349038,0
2006,22,9,70.1415,230.897,90.71,122,31.33,0.295,0.88185,3.635,0.010583333,8.595922364,0
2006,22,10,63.9565,284.211,105.77,136.185,31.065,0.77,0.88465,3.48,0.010583333,8.595908564,0
2006,22,11,60.4005,453.169,162.385,212.85,50.125,1.76,0.85755,3.62,0.010583333,8.595908353,0
2006,22,12,59.955,420.003,149.42,198.195,49.08,2.695,0.8284,3.61,0.010583333,8.595908451,0
2006,22,13,62.6855,450.57,163.165,218.055,55.99,3.34,0.80075,2.9,0.010583333,8.595908831,0
2006,22,14,68.208,230.598,80.31,107.595,27.46,3.725,0.7899,2.86,0.010583333,8.59590839,0
2006,22,15,75.8835,136.919,47.27,62.67,16.28,3.7,0.8079,2.625,0.010583333,8.595908496,0
2006,22,16,84.986,42.297,12.835,16.84,5.085,2.94,0.86735,4.175,0.010583333,8.595690929,0
2006,22,17,95.4735,4.002,0,0,0.205,2.035,0.89615,3.54,0.010583333,8.564255787,0
2006,22,18,106.4885,3.151,0,0,0.13,1.095,0.9337,3.945,0.010583333,8.568829199,0
2006,22,19,117.8435,3.059,0,0,0.155,0.53,0.9478,3.46,0.010583333,8.568971466,0
2006,22,20,129.2815,3.082,0,0,0.175,-0.05,0.95905,3.205,0.010583333,8.569125831,0
2006,22,21,140.411,3.082,0,0,0.03,-0.025,0.9643,3.47,0.010583333,8.569384236,0
2006,22,22,150.46,3.059,0,0,0.205,-0.01,0.9611,4.005,0.010583333,8.569729505,0
2006,22,23,157.5795,3.082,0,0,0.2,-0.29,0.96625,4.65,0.010583333,8.570137802,0
2006,23,0,158.5835,2.875,0,0,0.28,-0.965,0.97515,5.51,0,8.570573572,0
2006,23,1,152.811,3.772,0,0,0.21,-1.425,0.98445,6.32,0,8.5710541,0
2006,23,2,143.3005,3.933,0,0,0.34,-2.245,0.98805,5.82,0,8.571600238,0
2006,23,3,132.3545,3.703,0,0,0.265,-2.965,0.982,6.825,0,8.57207614,0
2006,23,4,120.944,3.749,0,0,0.11,-3.04,0.98045,5.93,0,8.572434593,0
2006,23,5,109.523,3.68,0,0,0.115,-2.91,0.9813,6.025,0,8.572666236,0
2006,23,6,98.3935,3.841,0,0,0.19,-3.29,0.979,6.255,0,8.572757293,0
2006,23,7,87.6155,18.561,4.195,4.575,1.815,-3.5,0.97705,4.91,0,8.572525105,0
2006,23,8,78.1565,83.053,27.52,36.24,9.81,-3.72,0.97535,4.08,0,8.600931582,0
2006,23,9,69.9755,176.203,61.88,83.75,21.8,-3.87,0.9739,3.28,0,8.59979507,0
2006,23,10,63.7615,253.575,92.765,123.245,30.565,-3.68,0.97455,2.85,0,8.599758575,0
2006,23,11,60.179,338.744,125.695,167.65,40.895,-3.49,0.97525,2.815,0,8.59975797,0
2006,23,12,59.716,372.163,138.525,184.94,44.825,-3.16,0.97655,2.27,0,8.599758041,0
2006,23,13,62.4435,405.697,150.045,202.72,50.565,-2.805,0.9779,2.77,0,8.599758306,0
2006,23,14,67.972,310.73,112.83,153.97,39.32,-2.415,0.9764,2.535,0,8.599758057,0
2006,23,15,75.6615,147.407,51.285,70.01,18.025,-2.24,0.9689,3.13,0,8.599758281,0
2006,23,16,84.7875,38.594,11.12,14.37,4.28,-2.255,0.95975,4.275,0,8.599165395,0
2006,23,17,95.278,5.014,0.03,0,0.285,-2.18,0.96245,4.855,0,8.553245701,0
2006,23,18,106.2975,4.232,0,0,0.225,-2.43,0.9761,5.475,0,8.556839312,0
2006,23,19,117.6565,4.048,0,0,0.245,-2.34,0.96115,5.25,0,8.556977873,0
2006,23,20,129.094,3.979,0,0,0.185,-2.455,0.9527,5.715,0,8.557189186,0
2006,23,21,140.2125,4.209,0,0,0.205,-2.55,0.9602,6.79,0,8.557548134,0
2006,23,22,150.2405,4.163,0,0,0.07,-2.425,0.9625,6.615,0,8.55804755,0
2006,23,23,157.338,4.416,0,0,0.08,-1.955,0.9683,7.71,0,8.55865692,0
2006,24,0,158.365,4.232,0,0,0.12,-1.82,0.96945,8.285,0.052916667,8.559334831,0
2006,24,1,152.6515,4.163,0,0,0.085,-1.905,0.96075,6.935,0.052916667,8.559992441,0
2006,24,2,143.184,4.278,0,0,0.005,-1.58,0.93325,7.245,0.052916667,8.560613706,0
2006,24,3,132.2575,4.278,0,0,0,-1.035,0.9124,8.04,0.052916667,8.561165239,0
2006,24,4,120.8515,4.186,0,0,0.03,-0.39,0.8871,9.105,0.052916667,8.56158998,0
2006,24,5,109.4255,3.979,0,0,0.055,-0.175,0.87605,8.245,0.052916667,8.561852146,0
2006,24,6,98.286,4.048,0,0,0.025,-0.06,0.8801,8.305,0.052916667,8.561950779,0
2006,24,7,87.4985,57.178,19.065,23.975,9.125,0.38,0.86375,8.47,0.052916667,8.660897339,0
2006,24,8,78.0095,321.379,111.995,151.07,51.36,1.59,0.8162,7.24,0.052916667,8.666202388,0
2006,24,9,69.8005,648.393,229.465,316.67,99.155,2.845,0.775,9.76,0.052916667,8.666144306,0
2006,24,10,63.559,901.646,321.885,446,131.945,4.39,0.73725,12.205,0.052916667,8.666142638,0
2006,24,11,59.9505,1040.221,374.86,521.155,150.225,5.865,0.67015,13.555,0.052916667,8.66614259,0
2006,24,12,59.4725,850.471,305.325,425.595,121.61,6.67,0.58315,16.285,0.052916667,8.666142609,0
2006,24,13,62.1995,644.414,230.055,318.155,92.845,6.555,0.57545,15.93,0.052916667,8.666142655,0
2006,24,14,67.734,659.088,235.315,329.755,101.77,6.41,0.5587,16.485,0.052916667,8.666142811,0
2006,24,15,75.4355,365.7,129.81,183.355,62.25,5.735,0.57915,15.395,0.052916667,8.666143368,0
2006,24,16,84.5835,97.842,35.505,50.95,22.225,4.92,0.58485,15.55,0.052916667,8.666142636,0
2006,24,17,95.0435,2.024,0.055,0.065,0.655,3.75,0.6441,12.475,0.052916667,8.694722121,0
2006,24,18,106.1055,0,0,0,0.255,2.835,0.57575,12.27,0.052916667,8.717241867,0
2006,24,19,117.4695,0,0,0,0.405,1.58,0.55965,13.13,0.052916667,8.717749897,0
2006,24,20,128.9035,0.046,0,0,0.23,0.5,0.657,11.945,0.052916667,8.717814792,0
2006,24,21,140.0105,0.069,0,0,0.005,0.325,0.7082,11.48,0.052916667,8.717911449,0
2006,24,22,150.019,0.115,0,0,0.07,0.3,0.7234,11.475,0.052916667,8.718041225,0
2006,24,23,157.0925,0.345,0,0,0.1,0.195,0.7321,11.04,0.052916667,8.718201296,0
2006,25,0,158.1385,0.322,0,0,0.21,-0.035,0.7392,10.275,0,8.718381944,0
2006,25,1,152.4845,0.437,0,0,0.305,-0.865,0.7816,9.67,0,8.718566145,0
2006,25,2,143.0605,0.391,0,0,0.28,-1.6,0.7997,10.04,0,8.718742725,0
2006,25,3,132.1545,0.46,0,0,0.295,-2.38,0.82075,9.705,0,8.718895664,0
2006,25,4,120.7535,0.46,0,0,0.21,-2.945,0.841,8.535,0,8.719015906,0
2006,25,5,109.324,0.46,0,0,0.145,-3.455,0.8575,7.42,0,8.719093036,0
2006,25,6,98.1725,0.69,0,0,0.135,-3.785,0.859,7.29,0,8.719122859,0
2006,25,7,87.3765,68.701,23.855,28.57,12.52,-4.09,0.8679,6.01,0,8.818015242,0
2006,25,8,77.857,351.831,126.935,173.19,60.96,-3.28,0.8354,7.58,0,8.821054854,0
2006,25,9,69.619,660.836,240.225,331.445,104.675,-2.125,0.7729,7.93,0,8.82100352,0
2006,25,10,63.348,913.767,334.315,463.1,136.945,-0.93,0.7159,7.96,0,8.821002209,0
2006,25,11,59.715,888.237,321.225,447.96,126.86,-0.33,0.69025,7.535,0,8.821002213,0
2006,25,12,59.2245,880.578,318.75,442.995,125.255,0.145,0.66055,7.615,0,8.821002182,0
2006,25,13,61.949,736.391,261.795,365.425,106.39,0.44,0.64545,7.515,0,8.821002199,0
2006,25,14,67.4915,727.421,259.925,363.64,114.62,1.055,0.62185,6.285,0,8.821002238,0
2006,25,15,75.208,441.692,155.69,218.625,76.125,1.315,0.62265,5.44,0,8.821002359,0
2006,25,16,84.377,135.194,44.22,60.495,27.775,1.01,0.6383,4.805,0,8.821002753,0
2006,25,17,94.846,3.657,0.38,0.615,0.66,-0.26,0.7054,3.25,0,8.847863753,0
2006,25,18,105.912,0.437,0,0,0,-0.965,0.74825,3.39,0,8.879874237,0
2006,25,19,117.279,0.46,0,0,0.005,-1.64,0.79225,2.565,0,8.880612756,0
2006,25,20,128.7115,0.46,0,0,0.015,-2.255,0.8394,1.705,0,8.880692351,0
2006,25,21,139.8085,0.46,0,0,0,-2.445,0.8368,1.711111111,0,8.880805196,0
2006,25,22,149.793,0.46,0,0,0,-3.495,0.88695,1.23125,0,8.880954846,0
2006,25,23,156.842,0.46,0,0,0,-3.585,0.89905,2.71,0,8.881130892,0
2006,26,0,157.905,0.46,0,0,0,-3.915,0.88805,2.105,0,8.881321381,0
2006,26,1,152.3095,0.46,0,0,0,-4.1,0.8904,0.823076923,0,8.881513064,0
2006,26,2,142.9295,0.46,0,0,0.005,-4.695,0.91345,2.35,0,8.881693288,0
2006,26,3,132.0435,0.46,0,0,0,-4.97,0.9177,1.52,0,8.881848742,0
2006,26,4,120.648,0.46,0,0,0,-5.365,0.91925,0.810526316,0,8.881968999,0
2006,26,5,109.217,0.46,0,0,0,-5.4,0.9231,1.671428571,0,8.882045517,0
2006,26,6,98.0525,0.713,0,0,0.11,-5.095,0.9223,2.16,0,8.882074203,0
2006,26,7,87.2455,59.92351,18.685,30.295,8.9325,-5.945,0.93295,2.54,0,8.960621685,0
2006,26,8,77.698,338.10943,93.1275,170.935,41.325,-3.34,0.89005,2.405,0,8.963754923,0
2006,26,9,69.4345,777.9111111,272.3,330.04,109.7888889,-0.305,0.80105,2.75,0,8.963674493,0
2006,26,10,63.133,921.909,326.595,454.34,133.385,1.52,0.69765,4.245,0,8.963672609,0
2006,26,11,59.4755,1057.057,378.135,527.75,151.3,2.905,0.6357,4.145,0,8.963672557,0
2006,26,12,58.968,1078.976,386.125,538.905,154.51,4.125,0.5688,4.11,0,8.963672575,0
2006,26,13,61.692,979.892,348.135,485.77,143.725,5.235,0.51795,4.26,0,8.963672612,0
2006,26,14,67.2465,766.981,268.395,375.01,118.965,6.03,0.47015,4.71,0,8.96367273,0
2006,26,15,74.978,466.532,159.12,221.14,79.665,6.35,0.4723,5,0,8.963673144,0
2006,26,16,84.1695,145.061,45.545,62.44,28.625,5.53,0.54845,4.625,0,8.963672607,0
2006,26,17,94.608,3.818,0.41,0.61,0.525,3.62,0.6318,4.62,0,8.987301747,0
2006,26,18,105.717,0.253,0,0,0.095,1.5,0.71175,4.07,0,9.019496912,0
2006,26,19,117.088,0.414,0,0,0.03,0.51,0.7644,4.69,0,9.020266054,0
2006,26,20,128.519,0.46,0,0,0.015,0.015,0.7826,4.97,0,9.020347179,0
2006,26,21,139.6045,0.46,0,0,0.08,-0.27,0.7942,5.175,0,9.020461858,0
2006,26,22,149.5655,0.46,0,0,0,-0.26,0.7968,4.93,0,9.020613446,0
2006,26,23,156.5875,0.46,0,0,0.085,-0.84,0.8227,4.71,0,9.020791339,0
2006,27,0,157.667,0.46,0,0,0,-0.085,0.79255,5.3,0,9.020983484,0
2006,27,1,152.128,0.46,0,0,0,0.35,0.7755,5.185,0,9.021176571,0
2006,27,2,142.7905,0.46,0,0,0,0.31,0.77965,4.82,0,9.021357446,0
2006,27,3,131.9265,0.46,0,0,0.075,-0.035,0.80245,4.62,0,9.021513506,0
2006,27,4,120.5365,0.46,0,0,0,0.295,0.79215,5.025,0,9.021633638,0
2006,27,5,109.0995,0.46,0,0,0.015,0.385,0.7816,5.025,0,9.021709584,0
2006,27,6,97.927,0.575,0,0,0.045,0.23,0.7827,5.47,0,9.021736544,0
2006,27,7,87.073,38.87,13.515,17.025,5.345,0.265,0.7804,5.54,0,9.042708646,0
2006,27,8,77.5325,166.773,59.32,79.955,21.69,1.27,0.74025,6.675,0,9.051301847,0
2006,27,9,69.2405,355.649,127.015,174.175,46.83,2.155,0.7061,7.065,0,9.050974084,0
2006,27,10,62.91,780.712,275.28,384.405,111.145,3.82,0.6433,8.07,0,9.050966666,0
2006,27,11,59.229,1038.243,365.66,512.56,148.805,5.78,0.5707,9.515,0,9.050966759,0
2006,27,12,58.7095,1084.818,381.27,533.395,154.065,7.39,0.52915,8.835,0,9.05096656,0
2006,27,13,61.4325,709.044,243.24,338.565,97.745,8.295,0.5235,8.525,0,9.050966588,0
2006,27,14,66.9975,711.689,246.06,341.685,104.615,10.055,0.48605,8.33,0,9.050966666,0
2006,27,15,74.745,425.569,141.48,196.71,68.22,10.295,0.47045,8.825,0,9.050966926,0
2006,27,16,83.957,130.916,41.585,56.67,21.51,8.9,0.5525,6.845,0,9.050966625,0
2006,27,17,94.411,3.68,0.53,0.57,0.665,7.23,0.632,7.165,0,9.072806718,0
2006,27,18,105.5205,0.023,0,0,0.06,6.61,0.64975,7.135,0,9.100980787,0
2006,27,19,116.8965,0.023,0,0,0.065,6.265,0.66325,6.525,0,9.101672715,0
2006,27,20,128.325,0,0,0,0.005,6.085,0.66785,6.97,0,9.101744844,0
2006,27,21,139.3965,0,0,0,0,6.46,0.6414,7.505,0,9.10184438,0
2006,27,22,149.334,0,0,0,0.01,6.28,0.6463,7.795,0,9.101975402,0
2006,27,23,156.329,0,0,0,0,6.19,0.6589,6.23,0,9.102128867,0
2006,28,0,157.422,0.023,0,0,0,6.08,0.6695,5.55,0.359833333,9.102294634,0
2006,28,1,151.9395,0,0,0,0,5.965,0.6826,4.445,0.359833333,9.102462146,0
2006,28,2,142.646,0,0,0,0,5.885,0.69715,4.21,0.359833333,9.102617518,0
2006,28,3,131.802,0.046,0,0,0,5.825,0.72125,4.28,0.359833333,9.102752371,0
2006,28,4,120.4195,0.276,0,0,0.055,5.58,0.76005,3.64,0.359833333,9.102860396,0
2006,28,5,108.978,0.46,0,0,0.045,4.89,0.8085,3.41,0.359833333,9.102933307,0
2006,28,6,97.7955,0.713,0,0,0.09,4.05,0.80295,4.005,0.359833333,9.102960396,0
2006,28,7,86.934,56.856,21.54,27.025,7.905,3.665,0.7942,4.93,0.359833333,9.162904638,0
2006,28,8,77.3625,176.41,63.61,83.47,22.08,5.44,0.74705,6.16,0.359833333,9.16480419,0
2006,28,9,69.042,231.334,79.49,105.59,27.22,7.005,0.70385,6.485,0.359833333,9.164695731,0
2006,28,10,62.683,249.044,83.695,110.22,27.69,8.625,0.6733,7.24,0.359833333,9.164693416,0
2006,28,11,58.9775,282.486,92.825,125.075,31.39,8.755,0.72755,8.065,0.359833333,9.16469338,0
2006,28,12,58.445,298.494,102.06,133.275,31.565,9.185,0.78805,6.58,0.359833333,9.164693456,0
2006,28,13,61.169,297.344,100.295,131.935,32.5,10.235,0.8081,8.115,0.359833333,9.164693737,0
2006,28,14,66.746,269.859,92.755,123.305,32.28,10.88,0.7811,8.865,0.359833333,9.164693451,0
2006,28,15,74.5085,80.615,26.05,31.975,8.455,11.315,0.76755,7.735,0.359833333,9.164693629,0
2006,28,16,83.7435,31.05,9.585,10.595,3.49,11.275,0.76395,6.605,0.359833333,9.145881939,0
2006,28,17,94.211,1.955,0.235,0.1,0.275,10.86,0.77475,6.165,0.359833333,9.080084014,0
2006,28,18,105.324,0.46,0,0,0.23,10.04,0.854,4.95,0.359833333,9.08137819,0
2006,28,19,116.705,0.92,0,0,0.16,9.16,0.90585,6.47,0.359833333,9.081436286,0
2006,28,20,128.129,1.518,0,0,0.01,8.625,0.9388,6.87,0.359833333,9.081528478,0
2006,28,21,139.19,2.254,0,0,0,8.63,0.9375,8.4,0.359833333,9.081712116,0
2006,28,22,149.1,2.576,0,0,0,8.58,0.9415,10.79,0.359833333,9.082002565,0
2006,28,23,156.064,3.22,0,0,0,8.965,0.9508,10.345,0.359833333,9.082399948,0
2006,29,0,157.171,3.082,0,0,0,9.605,0.9511,10.775,0.243416667,9.082873778,0
2006,29,1,151.741,3.082,0,0,0,10,0.95985,10.795,0.243416667,9.083338455,0
2006,29,2,142.4925,2.967,0,0,0,10.135,0.971,9.53,0.243416667,9.083764397,0
2006,29,3,131.67,2.898,0,0,0,10.51,0.972,7.715,0.243416667,9.084118328,0
2006,29,4,120.2955,2.875,0,0,0.01,10.8,0.95345,7.655,0.243416667,9.084384784,0
2006,29,5,108.8525,2.714,0,0,0.03,10.295,0.95225,6.295,0.243416667,9.084545798,0
2006,29,6,97.657,2.898,0,0,0,10.105,0.93105,7.975,0.243416667,9.084597802,0
2006,29,7,86.789,22.609,6.185,5.89,1.465,9.925,0.92145,9.07,0.243416667,9.08240885,0
2006,29,8,77.186,81.834,28.74,33.41,7.105,9.78,0.91465,9.15,0.243416667,9.071224788,0
2006,29,9,68.8365,293.25,108.545,136.58,30.21,10.19,0.8947,9.44,0.243416667,9.06961286,0
2006,29,10,62.45,108.606,34.045,42.145,9.29,9.475,0.8945,10.54,0.243416667,9.069577307,0
2006,29,11,58.719,207.989,71.315,90.92,20.235,8.99,0.9136,10.235,0.243416667,9.06957678,0
2006,29,12,58.1745,86.411,26.305,30.895,6.3,8.655,0.8981,10.44,0.243416667,9.069576761,0
2006,29,13,60.9005,146.602,49.22,60.87,13.155,8.75,0.8787,9.26,0.243416667,9.069576768,0
2006,29,14,66.4905,103.638,33.475,41.415,9.46,8.745,0.8445,10.57,0.243416667,9.069576759,0
2006,29,15,74.2715,63.273,19.675,24.125,6.19,8,0.8743,9.24,0.243416667,9.069575322,0
2006,29,16,83.529,36.731,10.985,12.89,3.74,7.535,0.88455,7.69,0.243416667,9.060193197,0
2006,29,17,93.972,2.162,0.1,0,0.185,7.245,0.8658,8.28,0.243416667,9.001461712,0
2006,29,18,105.125,0.874,0,0,0.355,6.435,0.83355,8.685,0.243416667,9.003901686,0
2006,29,19,116.5095,0.874,0,0,0.43,5.085,0.86955,7.14,0.243416667,9.003987184,0
2006,29,20,127.9325,0.874,0,0,0.085,3.98,0.8884,5.45,0.243416667,9.004071118,0
2006,29,21,138.9805,0.92,0,0,0.03,3.21,0.9097,4.425,0.243416667,9.004205553,0
2006,29,22,148.8625,0.92,0,0,0.02,2.72,0.91405,3.805,0.243416667,9.004383723,0
2006,29,23,155.798,0.966,0,0,0.225,1.285,0.94205,4.115,0.243416667,9.004593042,0
2006,30,0,156.914,1.104,0,0,0.01,1.2,0.95265,4.69,0,9.004825494,0
2006,30,1,151.538,1.242,0,0,0.02,1.12,0.95095,4.28,0,9.005068852,0
2006,30,2,142.332,1.38,0,0,0.03,1.215,0.9476,4.235,0,9.005306464,0
2006,30,3,131.5325,1.403,0,0,0.045,1.17,0.94995,4.275,0,9.005517068,0
2006,30,4,120.165,1.311,0,0,0.01,0.965,0.9576,3.19,0,9.005676754,0
2006,30,5,108.718,1.725,0,0,0,1.52,0.95335,3.48,0,9.005780979,0
2006,30,6,97.514,1.978,0,0,0.02,1.96,0.9232,4.95,0,9.005819117,0
2006,30,7,86.599,14.214,3.38,3.16,1.125,1.96,0.9073,4.525,0,9.005505122,0
2006,30,8,77.003,43.654,13.58,15.43,3.59,2.135,0.89785,5.905,0,8.917779452,0
2006,30,9,68.625,150.765,54.045,67.815,14.63,2.395,0.86065,6.95,0,8.904955169,0
2006,30,10,62.2095,193.292,68.74,87.615,19.3,2.405,0.8236,6.295,0,8.904665678,0
2006,30,11,58.4565,215.947,74.975,96.835,21.88,2.785,0.79305,6.475,0,8.904661257,0
2006,30,12,57.9005,259.394,90.955,119.465,26.6,2.315,0.85045,7.06,0,8.90466118,0
2006,30,13,60.629,353.326,128.32,168.87,37.065,2.13,0.8752,7.965,0,8.904661201,0
2006,30,14,66.232,166.796,58.135,75.375,16.65,1.865,0.8855,7.43,0,8.904661242,0
2006,30,15,74.031,76.659,25.595,31.745,7.005,1.405,0.89125,7.59,0,8.90466133,0
2006,30,16,83.3115,63.319,23.045,28.77,6.765,1.125,0.8795,7.69,0,8.904657541,0
2006,30,17,93.7725,3.841,0.64,0.53,0.465,0.75,0.8994,6.685,0,8.914748642,0
2006,30,18,104.9265,1.15,0,0,0.055,0.7,0.897,5.975,0,8.926362355,0
2006,30,19,116.315,1.219,0,0,0.03,0.745,0.88185,6.025,0,8.926655209,0
2006,30,20,127.734,1.173,0,0,0.03,0.79,0.8644,4.91,0,8.926750863,0
2006,30,21,138.768,1.058,0,0,0,0.925,0.8556,5.33,0,8.926895316,0
2006,30,22,148.624,0.943,0,0,0,1.22,0.81485,6.075,0,8.927077799,0
2006,30,23,155.526,0.897,0,0,0.015,1.255,0.82385,5.35,0,8.927284793,0
2006,31,0,156.6485,0.828,0,0,0.03,1.3,0.81245,5.63,0.010583333,8.927504621,0
2006,31,1,151.3275,0.69,0,0,0.07,1.155,0.82545,5.05,0.010583333,8.927717859,0
2006,31,2,142.1645,0.828,0,0,0.14,0.8,0.8449,4.89,0.010583333,8.927914758,0
2006,31,3,131.3895,0.713,0,0,0.205,0.305,0.85715,4.615,0.010583333,8.928086095,0
2006,31,4,120.0285,0.851,0,0,0.255,-0.215,0.87795,4.865,0.010583333,8.928217194,0
2006,31,5,108.5795,0.874,0,0,0.055,-0.455,0.8802,4.72,0.010583333,8.928301429,0
2006,31,6,97.364,1.357,0.02,0,0.3,-0.935,0.8991,3.44,0.010583333,8.928332519,0
2006,31,7,86.4425,88.941,30.05,36.45,13.255,-1.335,0.91755,2.215,0.010583333,9.022559962,0
2006,31,8,76.814,373.221,139.19,182.42,56.165,-0.745,0.8984,3.62,0.010583333,9.02350785,0
2006,31,9,68.408,691.633,260.22,341.46,91.31,0.08,0.8338,3.565,0.010583333,9.02346799,0
2006,31,10,61.965,929.338,351.19,469.22,122.46,1.105,0.7761,3.26,0.010583333,9.023467115,0
2006,31,11,58.1875,529.552,197.835,261.885,62.4,1.58,0.7652,3.55,0.010583333,9.023467163,0
2006,31,12,57.6195,856.474,319.32,432.08,110.35,2.715,0.72845,3.4,0.010583333,9.023467116,0
2006,31,13,60.353,415.909,150.445,202.885,50.475,3.105,0.719,3.25,0.010583333,9.023467166,0
2006,31,14,65.971,487.853,178.73,242.74,62.79,3.78,0.70455,3.85,0.010583333,9.02346734,0
2006,31,15,73.7895,379.73,135.3,185.735,57.13,3.97,0.7128,4.46,0.010583333,9.023467304,0
2006,31,16,83.093,172.201,59.01,80.07,31.805,3.87,0.74225,4.045,0.010583333,9.023467125,0
2006,31,17,93.533,9.292,2.39,3.18,1.83,2.67,0.81565,4.195,0.010583333,9.045226083,0
2006,31,18,104.7265,0.437,0,0,0.03,1.395,0.8647,4.575,0.010583333,9.088814224,0
2006,31,19,116.1185,0.483,0,0,0,0.83,0.88385,4.675,0.010583333,9.089830914,0
2006,31,20,127.5345,0.621,0,0,0,0.855,0.8799,4.955,0.010583333,9.089921151,0
2006,31,21,138.556,0.874,0,0,0,1.215,0.86705,5.89,0.010583333,9.090049245,0
2006,31,22,148.3815,0.92,0,0,0.025,0.97,0.87625,5.855,0.010583333,9.090226445,0
2006,31,23,155.25,0.897,0,0,0,1.245,0.8639,6.025,0.010583333,9.090435822,0
2006,32,0,156.381,0.897,0,0,0,1.54,0.85755,6.2,0,9.090658639,0
2006,32,1,151.1105,0.92,0,0,0,2.295,0.83765,6.95,0,9.090883177,0
2006,32,2,141.991,0.828,0,0,0.005,2.685,0.8271,6.4,0,9.091091143,0
2006,32,3,131.239,0.897,0,0,0,3.15,0.81445,6.575,0,9.091267951,0
2006,32,4,119.8865,0.736,0,0,0,3.87,0.7775,8.24,0,9.091401437,0
2006,32,5,108.4335,0.46,0,0,0.055,3.595,0.76055,8.45,0,9.091478884,0
2006,32,6,97.2075,0.874,0,0,0.045,3.105,0.785,8.155,0,9.091504356,0
2006,32,7,86.281,62.422,21.945,27.255,8.025,2.865,0.7989,7.365,0,9.155552548,0
2006,32,8,76.6205,226.918,80.995,107.065,30.545,3.645,0.78495,7.46,0,9.156721341,0
2006,32,9,68.1865,643.011,227.565,311.055,92.075,5.49,0.7341,8.92,0,9.156632634,0
2006,32,10,61.713,961.124,345.42,477.66,132.695,7.95,0.66405,9.845,0,9.156630789,0
2006,32,11,57.9125,1120.169,400.565,554.045,152.465,10.015,0.5697,10.045,0,9.156630766,0
2006,32,12,57.3345,944.633,337.375,466.51,125.995,10.215,0.54375,8.65,0,9.156630778,0
2006,32,13,60.0725,813.556,291.81,399.075,108.64,10.435,0.53675,8.07,0,9.156630749,0
2006,32,14,65.705,652.004,232.05,320.435,92.795,10.725,0.56185,7.155,0,9.156630759,0
2006,32,15,73.5455,554.737,193.365,269.225,90.19,9.66,0.686,7.39,0,9.156630771,0
2006,32,16,82.871,185.541,61.505,86.245,35.375,7.455,0.7761,6.085,0,9.156630796,0
2006,32,17,93.331,7.889,1.275,1.895,1.775,4.9,0.83265,4.88,0,9.175888404,0
2006,32,18,104.5255,0.46,0,0,0.05,3.815,0.85585,3.36,0,9.216908388,0
2006,32,19,115.9225,0.46,0,0,0.005,3.105,0.8675,2.075,0,9.217905865,0
2006,32,20,127.333,0.46,0,0,0,1.905,0.90575,0.555,0,9.217995353,0
2006,32,21,138.34,0.46,0,0,0,1.74,0.9089,1.155,0,9.218114176,0
2006,32,22,148.137,0.46,0,0,0,1.815,0.91125,1.475,0,9.218269217,0
2006,32,23,154.971,0.46,0,0,0.08,0.76,0.9243,2.665,0,9.21845042,0
2006,33,0,156.105,0.506,0,0,0.025,-0.345,0.96075,1.935,0,9.218645923,0
2006,33,1,150.8855,0.506,0,0,0.105,-0.555,0.9698,2.89,0,9.218843829,0
2006,33,2,141.812,0.667,0,0,0.045,-0.71,0.9773,2.665,0,9.219032209,0
2006,33,3,131.081,0.736,0,0,0,-0.425,0.9793,2.905,0,9.21920024,0
2006,33,4,119.738,0.828,0,0,0.045,-0.52,0.9748,3.575,0,9.219331861,0
2006,33,5,108.283,0.851,0,0,0.025,-0.79,0.97395,2.865,0,9.219415146,0
2006,33,6,97.046,1.219,0,0,0.05,-1.125,0.97605,3.26,0,9.219443266,0
2006,33,7,86.1125,36.524,13.67,16.78,5.2,-0.79,0.97905,3.78,0,9.221179479,0
2006,33,8,76.419,138.437,53.12,71.785,20.36,0.235,0.96015,3.84,0,9.223021336,0
2006,33,9,67.9585,371.611,138.18,180.425,42.36,1.445,0.9215,4.4,0,9.222544555,0
2006,33,10,61.4565,350.267,125.21,162.73,37.76,3.06,0.8863,4.78,0,9.222534733,0
2006,33,11,57.6335,275.793,94.46,122.495,29.145,4.155,0.854,5.365,0,9.222534696,0
2006,33,12,57.0455,271.032,92.405,119.045,28.375,5.265,0.80055,4.465,0,9.222534612,0
2006,33,13,59.789,286.925,99.32,128.94,31.33,6.165,0.76075,4.98,0,9.222534691,0
2006,33,14,65.439,193.223,65.9,85.255,20.84,6.165,0.80645,4.83,0,9.222534969,0
2006,33,15,73.2995,164.772,57.615,75.145,18.89,6.235,0.83895,3.59,0,9.222534666,0
2006,33,16,82.647,72.841,25.86,33.065,8.75,6.285,0.8547,2.475,0,9.222534716,0
2006,33,17,93.1285,2.599,0.39,0.245,0.22,6.19,0.86585,1.725,0,9.22972859,0
2006,33,18,104.324,0.552,0,0,0,6.09,0.87945,1.79,0,9.241962242,0
2006,33,19,115.725,0.713,0,0,0,5.64,0.895,1.78,0,9.242291331,0
2006,33,20,127.132,0.897,0,0,0,5.545,0.89745,1.17,0,9.2423796,0
2006,33,21,138.122,0.92,0,0,0,5.505,0.89855,1.67,0,9.242518023,0
2006,33,22,147.8905,0.897,0,0,0,5.27,0.91035,1.67,0,9.242699394,0
2006,33,23,154.688,0.92,0,0,0,4.93,0.92065,1.83,0,9.242909821,0
2006,34,0,155.8245,0.828,0,0,0,4.545,0.92365,0.92,0.074083333,9.243134176,0
2006,34,1,150.6535,0.874,0,0,0,4.57,0.92185,0.89,0.074083333,9.243355787,0
2006,34,2,141.6245,0.92,0,0,0.005,4.585,0.9353,2.765,0.074083333,9.243565384,0
2006,34,3,130.919,1.012,0,0,0,4.545,0.9499,2.385,0.074083333,9.243748436,0
2006,34,4,119.5825,0.943,0,0,0,4.285,0.9581,2.595,0.074083333,9.243889107,0
2006,34,5,108.126,0.943,0,0,0,4.285,0.96025,2.095,0.074083333,9.243974795,0
2006,34,6,96.879,1.242,0,0,0.005,4.4,0.9647,2.6,0.074083333,9.244002637,0
2006,34,7,85.9025,15.41,3.79,3.895,1.41,4.455,0.9642,4.01,0.074083333,9.243539239,0
2006,34,8,76.213,306.475,115.5,146.265,39.235,4.76,0.92795,4.345,0.074083333,9.247113508,0
2006,34,9,67.723,709.78,268.92,352.37,95.35,6.11,0.87495,4.27,0.074083333,9.245923548,0
2006,34,10,61.1945,937.342,351.33,475.61,129.245,7.635,0.7822,4.15,0.074083333,9.245898946,0
2006,34,11,57.3475,922.668,333.095,456.295,124.015,8.555,0.7359,4.01,0.074083333,9.245898595,0
2006,34,12,56.7525,892.308,324.83,444.45,119.215,9.44,0.70575,4.315,0.074083333,9.245898675,0
2006,34,13,59.5005,804.149,290.8,402.57,110.325,10.065,0.66955,5.77,0.074083333,9.245898977,0
2006,34,14,65.1685,564.627,202.55,278.555,77.29,10.22,0.67245,7.16,0.074083333,9.245898652,0
2006,34,15,73.051,57.017,17.28,23.215,6.7,7.775,0.77955,8.4,0.074083333,9.245898009,0
2006,34,16,82.4255,43.723,15.7,18.495,4.935,6.07,0.8382,7.805,0.074083333,9.243186404,0
2006,34,17,92.888,3.381,0.495,0.575,0.995,4.445,0.8604,8.34,0.074083333,9.200211215,0
2006,34,18,104.1215,0.115,0,0,0.535,3.01,0.868,7.56,0.074083333,9.204163539,0
2006,34,19,115.5265,0.322,0,0,0.245,1.965,0.83725,7.72,0.074083333,9.204287415,0
2006,34,20,126.93,0.322,0,0,0.3,1.1,0.80925,8.325,0.074083333,9.204359439,0
2006,34,21,137.9025,0.368,0,0,0.235,0.4,0.8058,7.09,0.074083333,9.20447307,0
2006,34,22,147.639,0.345,0,0,0.17,0.11,0.8049,6.64,0.074083333,9.204622914,0
2006,34,23,154.4015,0.437,0,0,0.27,-0.25,0.81615,6.52,0.074083333,9.204798562,0
2006,35,0,155.5385,0.322,0,0,0.19,-0.53,0.8164,6.475,0,9.204989115,0
2006,35,1,150.4155,0.322,0,0,0.105,-0.61,0.8332,6.14,0,9.205175142,0
2006,35,2,141.43,0.299,0,0,0.185,-0.755,0.81685,6.815,0,9.205347995,0
2006,35,3,130.7475,0.414,0,0,0.18,-0.99,0.8334,6.805,0,9.205497758,0
2006,35,4,119.4225,0.437,0,0,0.265,-1.225,0.8462,6.965,0,9.205615101,0
2006,35,5,107.9635,0.46,0,0,0.325,-1.675,0.85125,7.835,0,9.205688459,0
2006,35,6,96.707,0.621,0,0,0.265,-1.965,0.85985,8.075,0,9.205712609,0
2006,35,7,85.7245,10.143,2.16,1.485,1.035,-2.425,0.867,9.005,0,9.205579462,0
2006,35,8,76.0015,54.441,17.6,21.595,5.99,-3.135,0.8689,9.485,0,9.144881713,0
2006,35,9,67.4845,169.257,59.275,77.98,19.615,-3.52,0.86505,9.18,0,9.136883294,0
2006,35,10,60.9265,226.09,79.025,104.88,26.17,-3.52,0.8458,9.53,0,9.136711133,0
2006,35,11,57.059,198.099,67.305,88.46,21.72,-3.34,0.83835,9.49,0,9.136708587,0
2006,35,12,56.453,193.798,65.355,85.695,20.9,-3.055,0.8306,9.72,0,9.136708563,0
2006,35,13,59.211,150.949,49.695,65.11,16.025,-3.01,0.829,9.275,0,9.136708558,0
2006,35,14,64.897,124.637,41.465,54.09,13.53,-3.195,0.82685,9.965,0,9.136708543,0
2006,35,15,72.801,98.578,33.355,43.355,11.165,-3.14,0.8175,10.63,0,9.136708558,0
2006,35,16,82.1985,33.81,10.38,12.795,4.045,-3.275,0.8177,10.655,0,9.130505215,0
2006,35,17,92.6835,2.622,0.265,0.1,0.285,-3.29,0.826,9.6,0,9.063770172,0
2006,35,18,103.9185,0,0,0,0.14,-3.06,0.8069,9.255,0,9.06557928,0
2006,35,19,115.3275,0,0,0,0.32,-3.435,0.8132,9.42,0,9.065645327,0
2006,35,20,126.7255,0.023,0,0,0.245,-3.8,0.80795,9.955,0,9.065708421,0
2006,35,21,137.6835,0.115,0,0,0.35,-4.21,0.8008,9.38,0,9.065810939,0
2006,35,22,147.387,0.161,0,0,0.33,-4.975,0.80135,9.14,0,9.065948584,0
2006,35,23,154.109,0,0,0,0.09,-5.045,0.784,8.38,0,9.066107104,0
2006,36,0,155.248,0.069,0,0,0.12,-4.995,0.7821,7.505,0,9.066274415,0
2006,36,1,150.1695,0.069,0,0,0.19,-5.075,0.7787,7.16,0,9.066444222,0
2006,36,2,141.229,0.046,0,0,0.3,-5.485,0.78375,8.085,0,9.066602105,0
2006,36,3,130.572,0.046,0,0,0.25,-5.925,0.79985,7.805,0,9.066736999,0
2006,36,4,119.255,0,0,0,0.245,-6.5,0.80225,9.215,0,9.066839595,0
2006,36,5,107.795,0,0,0,0.255,-6.945,0.80735,9.12,0,9.066903025,0
2006,36,6,96.529,1.196,0.09,0,0.335,-7.54,0.8271,7.535,0,9.066928664,0
2006,36,7,85.5035,100.004,36.095,45.665,17.8,-7.825,0.8318,7.78,0,9.157904734,0
2006,36,8,75.786,313.26,113.025,153.24,48.67,-7.05,0.80815,8.875,0,9.158390192,0
2006,36,9,67.24,432.952,158.87,218.69,58.045,-6.165,0.7862,8.54,0,9.158353492,0
2006,36,10,60.6535,778.274,285.66,397.915,108.82,-5.285,0.7547,8.45,0,9.15835272,0
2006,36,11,56.7625,964.896,352.855,495.355,135.32,-4.365,0.7262,7.81,0,9.158352781,0
2006,36,12,56.1495,1148.62,423.12,591.1,162.98,-3.04,0.695,6.545,0,9.158352716,0
2006,36,13,58.916,954.799,345.865,484.815,138.865,-1.655,0.6615,6.205,0,9.158352716,0
2006,36,14,64.6235,760.495,275.505,387.88,115.875,-0.76,0.64115,7.62,0,9.15835272,0
2006,36,15,72.55,516.764,186.555,265.81,87.47,-0.72,0.6381,8.635,0,9.158352719,0
2006,36,16,81.9725,178.756,60.715,84.905,33.155,-0.885,0.6513,7.245,0,9.158352724,0
2006,36,17,92.4425,9.223,1.95,2.235,1.595,-1.765,0.71995,5.05,0,9.177073877,0
2006,36,18,103.7155,0.046,0,0,0.14,-2.76,0.77245,3.77,0,9.218306233,0
2006,36,19,115.128,0.322,0,0,0,-3.255,0.7951,2.96,0,9.21931074,0
2006,36,20,126.5205,0.253,0,0,0.035,-4.035,0.8275,3.66,0,9.219396054,0
2006,36,21,137.461,0.414,0,0,0.025,-4.43,0.83435,4.105,0,9.219509292,0
2006,36,22,147.1315,0.46,0,0,0.02,-4.92,0.847,3.97,0,9.219662909,0
2006,36,23,153.816,0.46,0,0,0.01,-5.41,0.85995,3.935,0,9.219843943,0
2006,37,0,154.9515,0.46,0,0,0.01,-5.655,0.8675,4.33,0,9.22003856,0
2006,37,1,149.918,0.46,0,0,0,-5.515,0.85415,4.485,0,9.220233317,0
2006,37,2,141.022,0.437,0,0,0.035,-5.895,0.8615,3.935,0,9.220414233,0
2006,37,3,130.39,0.46,0,0,0.115,-7.305,0.89315,3.895,0,9.220569065,0
2006,37,4,119.081,0.46,0,0,0,-7.64,0.90645,3.715,0,9.220687539,0
2006,37,5,107.622,0.46,0,0,0.01,-7.94,0.9069,3.54,0,9.220761052,0
2006,37,6,96.3445,1.725,0.33,0.035,0.11,-8.12,0.91375,3.715,0,9.220790233,0
2006,37,7,85.317,123.74,41.165,52.68,22.355,-7.345,0.8917,3.785,0,9.309565987,0
2006,37,8,75.5645,460.437,159.885,221.52,78.45,-5.285,0.83955,4.37,0,9.3096505,0
2006,37,9,66.99,779.539,284.895,395.665,120.4,-2.975,0.7215,5.95,0,9.309620151,0
2006,37,10,60.3755,1035.207,382.875,530.61,149.215,-0.88,0.4902,7.46,0,9.309619532,0
2006,37,11,56.4635,1177.6,435.645,606.755,167.17,0.8,0.38205,7.98,0,9.309619595,0
2006,37,12,55.8435,1197.104,442.545,617.07,169.88,1.78,0.35455,8.07,0,9.30961984,0
2006,37,13,58.6195,1093.581,401.32,560.685,159.23,2.4,0.32995,8.255,0,9.309619633,0
2006,37,14,64.346,876.944,318.855,446.335,135.145,2.95,0.3137,8.07,0,9.309619826,0
2006,37,15,72.2965,560.004,199.53,279.74,94.695,3.095,0.3052,8.37,0,9.309619552,0
2006,37,16,81.745,208.564,69.865,97.665,39.325,2.575,0.3382,7.01,0,9.309619564,0
2006,37,17,92.2385,9.269,1.325,1.905,1.14,0.555,0.4723,4.93,0,9.324564859,0
2006,37,18,103.5115,0.023,0,0,0.06,-0.495,0.537,4.82,0,9.365769351,0
2006,37,19,114.927,0,0,0,0.04,-1.405,0.58905,4.875,0,9.366823012,0
2006,37,20,126.316,0,0,0,0.005,-2.15,0.60335,5.04,0,9.366904248,0
2006,37,21,137.2365,0,0,0,0.06,-2.84,0.62565,4.81,0,9.367007565,0
2006,37,22,146.875,0,0,0,0,-3.58,0.6593,4.455,0,9.367141859,0
2006,37,23,153.5185,0,0,0,0.025,-4.23,0.6849,4.17,0,9.367298695,0
2006,38,0,154.65,0,0,0,0,-4.78,0.69035,4.3,0,9.367467063,0
2006,38,1,149.6605,0.023,0,0,0.025,-5.38,0.7041,4.47,0,9.367635592,0
2006,38,2,140.8085,0.046,0,0,0.005,-6.225,0.73935,3.83,0,9.367793718,0
2006,38,3,130.2015,0,0,0,0.01,-6.545,0.75245,3.95,0,9.367928814,0
2006,38,4,118.9025,0.046,0,0,0,-6.915,0.75465,3.77,0,9.368031318,0
2006,38,5,107.442,0.138,0,0,0,-7.29,0.74895,3.655,0,9.368096008,0
2006,38,6,96.156,1.541,0.25,0.105,0.15,-7.485,0.77615,3.305,0,9.368121874,0
2006,38,7,85.124,103.937,39.14,51.015,17.14,-6.885,0.7648,2.8,0,9.44230621,0
2006,38,8,75.3365,419.635,153.47,206.475,65.97,-5.01,0.69235,3.58,0,9.442112271,0
2006,38,9,66.734,700.902,254.71,349.705,101.725,-3.14,0.56165,3.88,0,9.442071518,0
2006,38,10,60.0925,808.68,291.23,403.22,110.73,-1.875,0.4543,4.055,0,9.442070744,0
2006,38,11,56.1585,1001.535,363.68,504.735,136.46,-0.315,0.38995,4.585,0,9.44207079,0
2006,38,12,55.5315,1180.498,432.435,599.51,162.44,1.05,0.338,4.35,0,9.44207073,0
2006,38,13,58.319,1075.618,390.075,543.205,152.42,2.07,0.3134,5.165,0,9.442070757,0
2006,38,14,64.0665,580.106,212.44,294.34,79.945,2.245,0.33515,5.355,0,9.442070839,0
2006,38,15,72.0445,299,110.985,151.975,40.065,1.865,0.3441,5.72,0,9.442071111,0
2006,38,16,81.5155,100.073,36.99,49.575,13.23,1.41,0.35965,4.55,0,9.442070777,0
2006,38,17,92.033,6.785,1.61,1.995,0.985,0.49,0.4407,4.185,0,9.452782761,0
2006,38,18,103.3055,0.046,0,0,0.115,-0.22,0.50695,3.605,0,9.472621531,0
2006,38,19,114.7265,0.023,0,0,0.025,-0.645,0.5509,2.945,0,9.473179276,0
2006,38,20,126.109,0,0,0,0,-0.865,0.56325,2.945,0,9.473254201,0
2006,38,21,137.0115,0,0,0,0.03,-1.065,0.5892,2.855,0,9.473358708,0
2006,38,22,146.615,0,0,0,0.005,-1.215,0.59855,2.335,0,9.473494353,0
2006,38,23,153.2165,0.023,0,0,0,-1.44,0.63015,1.475,0,9.473652347,0
2006,39,0,154.344,0,0,0,0.05,-1.84,0.68945,2.4,0,9.473822671,0
2006,39,1,149.397,0,0,0,0.015,-2.01,0.70725,0.84,0,9.473991343,0
2006,39,2,140.5875,0.115,0,0,0.01,-1.985,0.66315,1.31,0,9.474151028,0
2006,39,3,130.0065,0.253,0,0,0.005,-2.36,0.6861,0.035,0,9.474292775,0
2006,39,4,118.7195,0.414,0,0,0,-2.75,0.73505,0,0,9.474406016,0
2006,39,5,107.256,0.391,0,0,0.025,-3.245,0.7688,0.7,0,9.474477209,0
2006,39,6,95.9245,1.242,0.12,0.01,0.095,-3.525,0.8155,0.005,0,9.474501815,0
2006,39,7,84.9245,55.292,20.745,26.545,7.355,-3.15,0.71655,1.91,0,9.506785021,0
2006,39,8,75.1055,255.208,94.425,126.605,34.425,-2.41,0.61745,2.685,0,9.505558487,0
2006,39,9,66.475,644.184,238.76,325.96,93.985,-0.835,0.4803,2.025,0,9.505412358,0
2006,39,10,59.8035,1016.968,378.68,521.625,146.51,-0.095,0.427,3.705,0,9.505409618,0
2006,39,11,55.85,1163.455,436.1,601.35,164.285,0.575,0.3757,4.23,0,9.505409565,0
2006,39,12,55.216,1193.746,445.795,617.345,169.23,1.005,0.37235,4.87,0,9.505409601,0
2006,39,13,58.015,771.949,283.13,391.42,107.115,0.855,0.4007,5.73,0,9.505409717,0
2006,39,14,63.786,712.149,261.895,363.375,105.025,0.735,0.4349,7.15,0,9.505410135,0
2006,39,15,71.7885,421.337,150.06,207.27,66.33,0.42,0.41405,6.81,0,9.505409609,0
2006,39,16,81.286,209.668,71.68,100.435,40.53,0.045,0.38575,7.18,0,9.505409667,0
2006,39,17,91.7915,14.996,3.6,4.13,4,-1.43,0.45465,5.02,0,9.514814064,0
2006,39,18,103.101,0.069,0,0,0.225,-2.96,0.62495,4.295,0,9.555953709,0
2006,39,19,114.525,0,0,0,0.125,-3.64,0.7413,4.76,0,9.557116843,0
2006,39,20,125.9015,0,0,0,0.29,-4.12,0.78025,4.99,0,9.557201728,0
2006,39,21,136.786,0.046,0,0,0.26,-5.28,0.819,3.48,0,9.557307515,0
2006,39,22,146.351,0.207,0,0,0.075,-5.855,0.795,4.805,0,9.557448205,0
2006,39,23,152.912,0.092,0,0,0.26,-6.51,0.7685,4.105,0,9.557615689,0
2006,40,0,154.031,0.046,0,0,0.19,-7.02,0.7728,4.38,0.010583333,9.557789166,0
2006,40,1,149.1275,0.207,0,0,0.095,-7.965,0.8263,3.15,0.010583333,9.557965816,0
2006,40,2,140.3605,0.23,0,0,0,-8.45,0.84015,2.515,0.010583333,9.558135151,0
2006,40,3,129.8065,0.253,0,0,0,-8.945,0.8453,2.745,0.010583333,9.558280095,0
2006,40,4,118.5295,0.299,0,0,0,-9.365,0.85655,2.625,0.010583333,9.558391621,0
2006,40,5,107.0655,0.253,0,0,0,-9.18,0.84555,2.565,0.010583333,9.558459988,0
2006,40,6,95.728,2.323,0.52,0.31,0.15,-9.67,0.85945,1.785,0.010583333,9.558488714,0
2006,40,7,84.72,147.108,47.775,61.095,25.195,-9.555,0.8585,2.55,0.010583333,9.631103426,0
2006,40,8,74.867,488.934,173.2,236.375,81.26,-7.01,0.79095,3.81,0.010583333,9.63068597,0
2006,40,9,66.21,785.841,289.835,402.26,119.975,-4.55,0.6491,3.81,0.010583333,9.630656171,0
2006,40,10,59.5095,1064.647,399.785,551.49,154.75,-2.48,0.5183,1.855,0.010583333,9.630655682,0
2006,40,11,55.536,1172.954,439.5,609.385,166.31,-1.33,0.46155,2.155,0.010583333,9.630655764,0
2006,40,12,54.8965,1118.214,413.845,577.985,158.595,-0.525,0.44265,3.505,0.010583333,9.630655634,0
2006,40,13,57.708,694.6,253.315,352.975,94.655,-0.29,0.44575,4.88,0.010583333,9.630655674,0
2006,40,14,63.503,482.31,175.57,241.525,64.05,-0.155,0.45165,5.195,0.010583333,9.6306558,0
2006,40,15,71.532,297.85,108.79,148.165,40.365,-0.14,0.4699,5.405,0.010583333,9.630656228,0
2006,40,16,81.055,110.331,40.695,54.375,15.58,-0.255,0.4797,5.92,0.010583333,9.630655658,0
2006,40,17,91.585,6.44,1.48,1.485,0.855,-0.55,0.51635,5.48,0.010583333,9.63786827,0
2006,40,18,102.897,0.092,0,0,0.155,-1.105,0.57555,4.055,0.010583333,9.657096621,0
2006,40,19,114.323,0.069,0,0,0.06,-1.43,0.65255,4.825,0.010583333,9.657683296,0
2006,40,20,125.692,0,0,0,0.32,-1.965,0.66325,7.265,0.010583333,9.657761022,0
2006,40,21,136.557,0.023,0,0,0.22,-2.34,0.64595,6.795,0.010583333,9.657867597,0
2006,40,22,146.0885,0,0,0,0.08,-2.495,0.66745,7.085,0.010583333,9.658005739,0
2006,40,23,152.6035,0,0,0,0,-2.435,0.7003,6.795,0.010583333,9.658165372,0
2006,41,0,153.715,0,0,0,0.005,-2.19,0.7223,6.75,0,9.65833649,0
2006,41,1,148.851,0,0,0,0.005,-2.05,0.7367,5.855,0,9.65850595,0
2006,41,2,140.129,0,0,0,0.085,-1.835,0.7423,5.75,0,9.658663657,0
2006,41,3,129.5995,0,0,0,0.155,-1.99,0.76385,5.065,0,9.658798076,0
2006,41,4,118.3325,0,0,0,0.185,-2.25,0.78645,4.185,0,9.658899585,0
2006,41,5,106.869,0.092,0,0,0.12,-3.14,0.817,3.34,0,9.658962267,0
2006,41,6,95.526,2.139,0.355,0.22,0.165,-4.025,0.84985,2.685,0,9.658988047,0
2006,41,7,84.51,104.512,40.27,52.79,16.525,-4.72,0.88185,2.555,0,9.715154865,0
2006,41,8,74.6255,263.097,95.035,125.495,36.065,-2.59,0.8212,3.32,0,9.714335668,0
2006,41,9,65.939,674.475,244.72,336.455,99.15,-0.435,0.68005,4,0,9.714289869,0
2006,41,10,59.213,959.146,350.7,483.485,135.5,1.96,0.60175,3.315,0,9.714289068,0
2006,41,11,55.217,1146.596,422.865,584.105,159.695,3.91,0.5701,3.385,0,9.714289107,0
2006,41,12,54.574,901.462,331.97,456.415,119.225,4.95,0.54595,4.42,0,9.71428904,0
2006,41,13,57.3995,284.947,100.955,135.975,34.055,4.76,0.5464,4.53,0,9.714289056,0
2006,41,14,63.2195,181.424,61.64,83.2,20.9,3.71,0.66735,3.965,0,9.714289093,0
2006,41,15,71.2755,168.774,59.43,80.465,20.66,3.015,0.7099,2.015,0,9.714289202,0
2006,41,16,80.8235,82.225,30.03,39.365,10.125,3.69,0.62895,1.085,0,9.714289527,0
2006,41,17,91.342,5.129,0.805,1.015,0.9,2.36,0.72265,3.875,0,9.711260312,0
2006,41,18,102.691,0.138,0,0,0,1.685,0.7165,2.1,0,9.723355413,0
2006,41,19,114.1205,0.414,0,0,0,1.3,0.72265,0.45,0,9.723749707,0
2006,41,20,125.4825,0.437,0,0,0,1.18,0.72105,0.12,0,9.723834417,0
2006,41,21,136.3275,0.322,0,0,0,0.825,0.7233,1.51,0,9.723956349,0
2006,41,22,145.821,0.299,0,0,0.07,0.025,0.76185,3.86,0,9.724109437,0
2006,41,23,152.292,0.46,0,0,0.035,-0.855,0.8384,1.415,0,9.724291089,0
2006,42,0,153.395,0.46,0,0,0.02,-1.42,0.8674,1.25,0,9.724490625,0
2006,42,1,148.57,0.437,0,0,0.025,-1.57,0.92735,3.11,0,9.724688498,0
2006,42,2,139.8885,0.46,0,0,0.065,-0.785,0.9202,3.125,0,9.724871487,0
2006,42,3,129.3875,0.46,0,0,0.12,-0.89,0.9214,2.9,0,9.725027994,0
2006,42,4,118.132,0.46,0,0,0.235,-1.18,0.9314,3.1,0,9.725146152,0
2006,42,5,106.669,0.46,0,0,0.255,-1.55,0.9414,4.005,0,9.725217563,0
2006,42,6,95.283,2.392,0.24,0.22,0.44,-2.34,0.9575,2.925,0,9.725244846,0
2006,42,7,84.293,94.622,36.77,48.47,14.11,-1.835,0.96435,3.92,0,9.772945176,0
2006,42,8,74.379,259.072,97.295,131.365,35.63,-0.615,0.9515,5.285,0,9.771828896,0
2006,42,9,65.6655,393.576,146.08,191.98,48.26,-0.065,0.9171,6.21,0,9.771774916,0
2006,42,10,58.91,897.276,332.68,455.735,126.185,1.525,0.74855,6.625,0,9.771773977,0
2006,42,11,54.8945,663.987,243.21,335.2,91.325,2.29,0.6376,5.815,0,9.771774044,0
2006,42,12,54.247,360.065,129.685,174.92,45.275,2.17,0.64575,6.335,0,9.771773996,0
2006,42,13,57.0865,651.337,238.945,327.175,89.2,2.7,0.58565,6.085,0,9.771774115,0
2006,42,14,62.932,562.281,201.905,282.765,80.375,1.87,0.6801,7.835,0,9.771774544,0
2006,42,15,71.0175,451.858,164.44,227.34,68.79,1.315,0.6972,5.47,0,9.771773996,0
2006,42,16,80.5915,195.362,73.39,105.265,34.455,1.515,0.68705,6.415,0,9.771774048,0
2006,42,17,91.136,15.962,4.755,6.32,2.55,-0.125,0.8043,5.32,0,9.777834923,0
2006,42,18,102.4855,0.276,0,0,0.2,-0.915,0.8593,3.525,0,9.811927062,0
2006,42,19,113.9165,0.368,0,0,0.01,-1.035,0.8665,3.985,0,9.813036052,0
2006,42,20,125.2715,0.437,0,0,0.15,-1.11,0.8628,4.505,0,9.813132562,0
2006,42,21,136.0955,0.46,0,0,0.235,-1.62,0.84835,4.01,0,9.813257502,0
2006,42,22,145.5515,0.46,0,0,0.175,-2.775,0.86535,3.725,0,9.813419441,0
2006,42,23,151.979,0.46,0,0,0.24,-3.065,0.87435,3.47,0,9.813607228,0
2006,43,0,153.0705,0.46,0,0,0.01,-3.54,0.8904,3.39,0,9.813807039,0
2006,43,1,148.2835,0.46,0,0,0.05,-3.655,0.8776,3.345,0,9.814006318,0
2006,43,2,139.645,0.46,0,0,0.025,-3.435,0.8601,4.235,0,9.814190968,0
2006,43,3,129.168,0.46,0,0,0.12,-3.4,0.843,5.08,0,9.814347298,0
2006,43,4,117.9255,0.437,0,0,0.06,-3.125,0.8309,5.56,0,9.814465125,0
2006,43,5,106.462,0.437,0,0,0.205,-3.35,0.83475,5.76,0,9.814535795,0
2006,43,6,95.074,1.909,0.205,0.12,0.42,-3.78,0.8585,6.68,0,9.814560431,0
2006,43,7,84.073,66.838,22.82,29.11,8.205,-4.475,0.8931,5.74,0,9.84008915,0
2006,43,8,74.1265,248.63,91.985,126.915,34.745,-5.315,0.89505,6.615,0,9.837689527,0
2006,43,9,65.3855,466.946,171.485,236.885,64.215,-5.415,0.87285,6.085,0,9.837583912,0
2006,43,10,58.6025,939.159,350.6,492.425,138,-3.905,0.80335,5.575,0,9.837582094,0
2006,43,11,54.567,736.46,268.665,376.285,100.46,-3.495,0.72445,6.84,0,9.837582093,0
2006,43,12,53.917,522.767,188.785,259.585,66.405,-3.485,0.64775,7.525,0,9.837582061,0
2006,43,13,56.7715,514.326,186.98,257.125,67.175,-3.335,0.5873,7.28,0,9.837582079,0
2006,43,14,62.644,394.197,140.765,197.625,55.315,-3.785,0.68235,7.205,0,9.83758212,0
2006,43,15,70.757,304.865,109.285,152.265,44.99,-4.15,0.696,7.335,0,9.837582243,0
2006,43,16,80.359,178.664,64.72,91.545,28.62,-4.045,0.6808,7.085,0,9.837582609,0
2006,43,17,90.9315,10.948,3.145,4.41,1.995,-4.695,0.7858,6.275,0,9.843550965,0
2006,43,18,102.279,0,0,0,0.03,-4.595,0.7859,5.73,0,9.870815385,0
2006,43,19,113.7145,0,0,0,0.045,-4.43,0.76515,5.965,0,9.871726234,0
2006,43,20,125.0615,0,0,0,0.305,-4.755,0.78235,5.64,0,9.871810327,0
2006,43,21,135.864,0,0,0,0.06,-5.145,0.8006,5.455,0,9.871918363,0
2006,43,22,145.2795,0,0,0,0.245,-5.375,0.8244,5.16,0,9.872057397,0
2006,43,23,151.661,0.322,0,0,0.24,-6.145,0.86325,5.535,0,9.872226332,0
2006,44,0,152.7425,0.23,0,0,0.3,-6.64,0.84935,4.895,0,9.872415118,0
2006,44,1,147.988,0.391,0,0,0.07,-7.525,0.84635,4.975,0,9.87260425,0
2006,44,2,139.394,0.46,0,0,0.035,-7.755,0.8358,5.11,0,9.872786542,0
2006,44,3,128.9455,0.46,0,0,0.045,-8.11,0.8334,5.305,0,9.872943258,0
2006,44,4,117.713,0.46,0,0,0.09,-8.965,0.852,4.455,0,9.873061568,0
2006,44,5,106.2515,0.414,0,0,0.085,-10.11,0.87735,3.845,0,9.873132404,0
2006,44,6,94.8225,4.002,0.79,0.66,0.53,-10.3,0.8785,4.31,0,9.873167468,0
2006,44,7,83.8455,147.775,52.88,69.13,26.36,-9.705,0.87175,5.25,0,9.926536034,0
2006,44,8,73.87,501.722,177.56,242.465,81.93,-7.835,0.8267,7.445,0,9.925696578,0
2006,44,9,65.101,841.202,299.535,420.815,126.425,-6.01,0.7479,9.685,0,9.925663908,0
2006,44,10,58.2915,1088.613,391.555,548.935,155.43,-4.05,0.67965,12.07,0,9.925663383,0
2006,44,11,54.2355,1141.766,409.3,573.625,157.9,-2.375,0.626,12.775,0,9.925663509,0
2006,44,12,53.585,1028.537,366.455,514.78,142.45,-1.655,0.6324,13.08,0,9.925663352,0
2006,44,13,56.4555,812.843,289.635,405.85,112.685,-0.805,0.6054,14.355,0,9.925663372,0
2006,44,14,62.3545,898.173,317.92,446.515,133.93,0.675,0.55855,14.885,0,9.925663426,0
2006,44,15,70.497,659.341,232.55,328.245,107.87,1.47,0.5477,13.69,0,9.925663595,0
2006,44,16,80.1255,260.705,87.02,122.585,48.46,1.89,0.5514,11.13,0,9.925663448,0
2006,44,17,90.687,27.163,8.58,11.27,6.415,1.25,0.6056,7.6,0,9.926653832,0
2006,44,18,102.073,0,0,0,0.255,-0.39,0.6781,5.485,0,9.961031928,0
2006,44,19,113.5095,0,0,0,0.01,-1.385,0.7259,5.295,0,9.962849176,0
2006,44,20,124.8485,0,0,0,0,-0.945,0.72035,5.99,0,9.96294879,0
2006,44,21,135.628,0,0,0,0.3,-1.935,0.7638,4.995,0,9.963057266,0
2006,44,22,145.0065,0.253,0,0,0.03,-2.075,0.7822,5.325,0,9.963201856,0
2006,44,23,151.3395,0.23,0,0,0.1,-2.34,0.7835,5.335,0,9.963376957,0
2006,45,0,152.4085,0.23,0,0,0.02,-2.22,0.77565,5.13,0,9.9635635,0
2006,45,1,147.6915,0.115,0,0,0.04,-2.295,0.76895,5.09,0,9.963746013,0
2006,45,2,139.139,0.322,0,0,0.14,-3.215,0.7981,4.29,0,9.963916127,0
2006,45,3,128.7155,0.092,0,0,0.08,-3.145,0.8002,5.13,0,9.964061774,0
2006,45,4,117.4955,0.092,0,0,0.165,-3.595,0.814,4.48,0,9.96416699,0
2006,45,5,106.034,0.368,0,0,0.01,-3.775,0.81365,4.605,0,9.964232998,0
2006,45,6,94.605,4.807,1.2,0.67,0.425,-3.705,0.8097,3.94,0,9.964273369,0
2006,45,7,83.6125,163.001,56.585,70.915,26.855,-2.31,0.76265,4.685,0,10.01564565,0
2006,45,8,73.609,517.086,181.15,242.005,79.96,0.96,0.6499,5.67,0,10.01479575,0
2006,45,9,64.814,855.186,303.76,418.72,123.925,4.35,0.51745,7.7,0,10.01476534,0
2006,45,10,57.975,1111.291,401.835,554.095,154.67,6.795,0.4348,7.77,0,10.01476483,0
2006,45,11,53.901,1252.028,458.275,633.885,173.035,8.625,0.38875,8.995,0,10.01476491,0
2006,45,12,53.248,1269.485,464.11,642.785,176.055,10.22,0.34475,10.095,0,10.01476518,0
2006,45,13,56.1355,1162.765,423.075,586.485,165.32,11.485,0.3265,9.665,0,10.01476491,0
2006,45,14,62.064,945.438,338.98,472.275,141.505,12.2,0.3336,9.745,0,10.01476511,0
2006,45,15,70.2365,632.454,221.775,309.3,102.75,12.03,0.36375,11.08,0,10.01476494,0
2006,45,16,79.893,273.447,90.815,125.555,50.425,11.47,0.4065,9.1,0,10.0147649,0
2006,45,17,90.4825,26.841,6.775,8.595,6.13,9.05,0.51975,7.485,0,10.01542157,0
2006,45,18,101.865,0.184,0,0,0.285,6.31,0.60525,6.335,0,10.04553427,0
2006,45,19,113.3055,0.046,0,0,0.065,6.975,0.55315,7.845,0,10.04727113,0
2006,45,20,124.6355,0,0,0,0.025,7.22,0.55485,10.56,0,10.04737079,0
2006,45,21,135.3915,0,0,0,0.185,6.65,0.59285,10.245,0,10.04747968,0
2006,45,22,144.73,0,0,0,0.065,5.52,0.6199,8.125,0,10.04761964,0
2006,45,23,151.018,0.023,0,0,0,5.955,0.6055,10.24,0,10.04778188,0
2006,46,0,152.07,0,0,0,0.015,5.71,0.64695,10.375,0,10.04795635,0
2006,46,1,147.3885,0,0,0,0,5.545,0.6893,10.025,0,10.04812848,0
2006,46,2,138.876,0,0,0,0.01,5.305,0.69655,7.94,0,10.04828811,0
2006,46,3,128.4815,0.046,0,0,0.07,4.83,0.72085,6.765,0,10.04842458,0
2006,46,4,117.274,0.115,0,0,0.075,3.875,0.7708,3.885,0,10.04852938,0
2006,46,5,105.814,0.368,0,0,0.03,3.505,0.79425,3.805,0,10.04859581,0
2006,46,6,94.384,3.795,0.73,0.51,0.13,3.075,0.81155,3.075,0,10.04862891,0
2006,46,7,83.376,105.34,35.72,45.455,14.285,2.295,0.83495,2.64,0,10.08437307,0
2006,46,8,73.345,276.253,100.4,133.245,36.805,2.73,0.837,0.585,0,10.08291239,0
2006,46,9,64.52,547.906,200.725,271.145,74.25,5.335,0.7638,2.125,0,10.0828628,0
2006,46,10,57.6535,980.582,362.54,491.56,132.825,7.265,0.6743,1.6,0,10.08286201,0
2006,46,11,53.563,1177.669,434.385,592.06,158.59,9.76,0.5593,1.01,0,10.08286203,0
2006,46,12,52.9075,982.859,360.515,492.075,131.885,10.475,0.51545,1.175,0,10.08286196,0
2006,46,13,55.8135,524.745,188.715,253.205,64.375,10.64,0.54465,2.15,0,10.08286197,0
2006,46,14,61.771,566.628,205.645,277.42,73.945,10.975,0.5462,4.58,0,10.082862,0
2006,46,15,69.976,281.98,101.53,134.715,35.215,10.95,0.56135,6.155,0,10.08286206,0
2006,46,16,79.6595,138.368,49.53,65.68,19.68,10.965,0.6114,5.255,0,10.08286225,0
2006,46,17,90.2375,3.128,0.235,0.15,0.58,10.15,0.79025,4.75,0,10.07994163,0
2006,46,18,101.66,0.46,0,0,0.085,9.09,0.9089,3.735,0,10.09378189,0
2006,46,19,113.1005,0.598,0,0,0.015,8.65,0.94635,2.605,0,10.09436834,0
2006,46,20,124.423,0.897,0,0,0.055,8.98,0.953,2.84,0,10.09446753,0
2006,46,21,135.155,0.897,0,0,0.825,8.315,0.94675,3.225,0,10.09461491,0
2006,46,22,144.4515,0.966,0,0,0.35,6.36,0.9661,3.905,0,10.09480627,0
2006,46,23,150.6925,1.127,0,0,0,5.85,0.97375,3.105,0,10.09503511,0
2006,47,0,151.731,1.265,0,0,0.715,4.84,0.9732,6.17,0.3175,10.09529318,0
2006,47,1,147.0795,1.288,0,0,0.465,3.2,0.967,7.07,0.3175,10.09555696,0
2006,47,2,138.6085,1.403,0,0,0.03,2.9,0.9695,5.43,0.3175,10.09580574,0
2006,47,3,128.239,1.426,0,0,0.1,3.175,0.9702,5.585,0.3175,10.09602276,0
2006,47,4,117.046,1.886,0,0,0,3.495,0.96875,3.815,0.3175,10.09619716,0
2006,47,5,105.587,1.909,0,0,0,3.93,0.97005,3.115,0.3175,10.09631219,0
2006,47,6,94.1205,3.611,0.325,0.065,0.03,4.74,0.97185,3.625,0.3175,10.09635186,0
2006,47,7,83.134,73.922,28.555,32.385,6.37,6.645,0.9719,4.775,0.3175,10.11371425,0
2006,47,8,73.0735,330.579,128.345,160.42,36.375,11.335,0.904,8.755,0.3175,10.11100005,0
2006,47,9,64.223,536.015,195.765,253.765,62.195,13.81,0.86225,11.87,0.3175,10.1109112,0
2006,47,10,57.3305,231.794,78.185,100.52,23.325,14.765,0.8572,11.63,0.3175,10.11090974,0
2006,47,11,53.2185,96.968,29.515,35.18,7.79,14.06,0.8811,10.53,0.3175,10.11090976,0
2006,47,12,52.5635,392.656,139.545,180.105,41.185,14.29,0.90335,11.335,0.3175,10.11090972,0
2006,47,13,55.4905,564.236,200.88,265.595,65.005,15.035,0.9019,11.985,0.3175,10.11090973,0
2006,47,14,61.478,280.945,97.805,127.345,31.565,15.79,0.8744,12.21,0.3175,10.11090974,0
2006,47,15,69.713,57.224,16.985,19.7,5.405,15.615,0.8847,12.52,0.3175,10.11090811,0
2006,47,16,79.426,25.139,3.79,7.685,5.01,12.435,0.92875,11.39,0.3175,10.00295881,0
2006,47,17,90.0335,5.796,0.516666667,0.66,1.81,7.21,0.9356,9.065,0.3175,9.943373435,0
2006,47,18,101.4525,1.265,0,0,1.02,4.99,0.9123,9.63,0.3175,9.943715788,0
2006,47,19,112.8945,1.15,0,0,0.925,2.285,0.9377,11.195,0.3175,9.943776815,0
2006,47,20,124.207,1.357,0,0,0.985,0.05,0.95415,12.935,0.3175,9.94388534,0
2006,47,21,134.917,1.449,0,0,0.36,-1.39,0.9277,13.04,0.3175,9.944060852,0
2006,47,22,144.1725,1.449,0,0,0.405,-2.195,0.8847,14.205,0.3175,9.944289139,0
2006,47,23,150.364,1.104,0,0,0.285,-3.03,0.84425,13.39,0.3175,9.944540924,0
2006,48,0,151.387,0.529,0,0,0.27,-3.305,0.80575,14.51,0,9.944773168,0
2006,48,1,146.767,0.46,0,0,0.31,-3.695,0.77395,13.3,0,9.944976996,0
2006,48,2,138.336,0.437,0,0,0.37,-4.395,0.7857,11.6,0,9.945160895,0
2006,48,3,127.9955,0.115,0,0,0.32,-5.07,0.75865,11.36,0,9.945309578,0
2006,48,4,116.8135,0,0,0,0.22,-5.465,0.77445,10.195,0,9.945412207,0
2006,48,5,105.357,0.046,0,0,0.27,-6.05,0.80545,8.69,0,9.945472097,0
2006,48,6,93.8915,6.302,1.37,1.005,0.89,-6.615,0.81955,8.97,0,9.945518245,0
2006,48,7,82.888,164.611,59.025,75.275,25.875,-6.87,0.8275,7.525,0,9.994070818,0
2006,48,8,72.7995,492.039,181.74,244.675,74.28,-6.315,0.7969,6.625,0,9.993185422,0
2006,48,9,63.9225,807.024,299.535,406.31,113.76,-5.52,0.7463,4.995,0,9.993155631,0
2006,48,10,57.003,1033.804,387.17,529.35,142.24,-4.38,0.6843,3.28,0,9.99315512,0
2006,48,11,52.871,1035.782,383.735,529.25,140.315,-3.7,0.6561,4.025,0,9.993155169,0
2006,48,12,52.218,688.62,250.575,347.045,90.58,-3.585,0.6528,4.64,0,9.993155344,0
2006,48,13,55.1645,589.674,213.535,294.48,76.8,-3.645,0.6619,5.515,0,9.993155355,0
2006,48,14,61.185,557.451,201.755,279.355,75.275,-3.53,0.6426,6.185,0,9.993155138,0
2006,48,15,69.4515,342.493,122.7,169.175,45.4,-3.52,0.61605,6.11,0,9.993155154,0
2006,48,16,79.191,128.869,45.095,61.59,16.825,-3.775,0.65265,6.435,0,9.993155188,0
2006,48,17,89.828,15.433,4.53,5.765,2.22,-4.52,0.7042,7.375,0,9.995866391,0
2006,48,18,101.53,0.048421053,0,0,0.363157895,-5.2,0.687473684,7.794736842,0,10.01973945,0
2006,48,19,112.691,0,0,0,0.42,-6.06,0.7037,7.565,0,10.0206112,0
2006,48,20,123.9915,0,0,0,0.67,-7.465,0.717,9.045,0,10.02069726,0
2006,48,21,134.677,0.046,0,0,0.84,-9.7,0.6545,9.4,0,10.02080847,0
2006,48,22,143.8895,0.253,0,0,0.675,-11.195,0.612,9.525,0,10.02095612,0
2006,48,23,150.0325,0.391,0,0,0.515,-12.505,0.59175,10.105,0,10.0211367,0
2006,49,0,151.037,0.368,0,0,0.495,-13.625,0.588,10.155,0.010583333,10.02133349,0
2006,49,1,146.4485,0.414,0,0,0.42,-14.38,0.59115,10.335,0.010583333,10.02152883,0
2006,49,2,138.058,0.391,0,0,0.385,-15.2,0.5925,9.92,0.010583333,10.02171024,0
2006,49,3,127.7435,0.207,0,0,0.37,-15.97,0.60315,10.06,0.010583333,10.02185866,0
2006,49,4,116.5755,0.253,0,0,0.28,-16.465,0.57495,10.14,0.010583333,10.0219667,0
2006,49,5,105.1205,0.161,0,0,0.34,-17.05,0.5521,9.475,0.010583333,10.02203034,0
2006,49,6,93.6215,4.324,0.835,0.87,0.815,-17.765,0.5546,8.945,0.010583333,10.02206075,0
2006,49,7,82.636,79.718,27.75,36.77,10.18,-18.265,0.59245,8.645,0.010583333,10.0429501,0
2006,49,8,72.522,320.62,114.61,157.68,43.13,-18.405,0.57055,8.09,0.010583333,10.04062042,0
2006,49,9,63.6185,826.781,295.895,412.71,118.66,-17.66,0.54405,8.235,0.010583333,10.04054492,0
2006,49,10,56.671,1181.993,433.76,606.145,167.485,-16.36,0.53105,7.145,0.010583333,10.0405437,0
2006,49,11,52.5225,1329.262,490.25,687.73,186.145,-15.26,0.50995,7.395,0.010583333,10.04054373,0
2006,49,12,51.8695,1351.825,499.15,702.4,190.52,-14.5,0.4876,7.05,0.010583333,10.04054366,0
2006,49,13,54.838,1245.519,456.5,645.125,180.18,-13.885,0.49945,7.51,0.010583333,10.04054368,0
2006,49,14,60.888,1002.915,363.26,514.555,151.645,-13.36,0.51155,7.555,0.010583333,10.04054371,0
2006,49,15,69.1895,697.36,248.925,354.85,114.87,-12.77,0.4799,7.22,0.010583333,10.04054379,0
2006,49,16,78.9555,323.357,111.45,158.585,60.635,-12.57,0.4732,6.805,0.010583333,10.04054402,0
2006,49,17,89.5855,38.295,11.285,15,8.68,-12.85,0.49455,5.86,0.010583333,10.04058003,0
2006,49,18,101.04,0.276,0,0,0.05,-13.27,0.5233,5.32,0.010583333,10.08564712,0
2006,49,19,112.4835,0.253,0,0,0.09,-13.75,0.57535,4.455,0.010583333,10.09031304,0
2006,49,20,123.776,0.207,0,0,0.095,-14.275,0.6129,3.82,0.010583333,10.09046847,0
2006,49,21,134.436,0.069,0,0,0.095,-14.595,0.6536,2.99,0.010583333,10.09058439,0
2006,49,22,143.6065,0.069,0,0,0.1,-15.035,0.6937,2.465,0.010583333,10.09072826,0
2006,49,23,149.6995,0.069,0,0,0.145,-15.2,0.6993,2.94,0.010583333,10.09089505,0
2006,50,0,150.6855,0.046,0,0,0.135,-15.61,0.72305,2.805,0,10.09107209,0
2006,50,1,146.124,0.023,0,0,0.18,-15.815,0.7358,2.295,0,10.0912468,0
2006,50,2,137.776,0.069,0,0,0.125,-16.34,0.76535,0,0,10.09140802,0
2006,50,3,127.489,0.046,0,0,0.13,-16.35,0.77155,0,0,10.091546,0
2006,50,4,116.334,0.092,0,0,0.14,-16.545,0.7752,0,0,10.09164943,0
2006,50,5,104.8815,0.069,0,0,0,-16.4,0.77665,1.615,0,10.09171183,0
2006,50,6,93.386,7.498,2.335,2.32,1.11,-16.325,0.80165,1.455,0,10.0917731,0
2006,50,7,82.382,204.539,69.54,94.025,32.515,-15.535,0.7535,1.04,0,10.13910618,0
2006,50,8,72.2415,594.895,217.575,297.445,92.845,-13.845,0.6276,1.105,0,10.13827042,0
2006,50,9,63.309,911.191,339.47,464.07,132.03,-12.35,0.5766,0.79,0,10.13824439,0
2006,50,10,56.335,1160.12,425.77,592.17,163.35,-11.485,0.5466,2.375,0,10.13824396,0
2006,50,11,52.1685,1186.202,433.2,609.065,163.295,-10.35,0.52515,3.355,0,10.13824402,0
2006,50,12,51.517,946.864,341.055,477.325,126.675,-9.52,0.49035,2.925,0,10.13824423,0
2006,50,13,54.5075,655.431,234.1,325.005,84.265,-9.005,0.5035,3.015,0,10.1382441,0
2006,50,14,60.593,680.179,241.675,338.74,90.685,-8.16,0.46755,2.85,0,10.138244,0
2006,50,15,68.9265,354.522,124.89,174.23,46.135,-7.84,0.48565,4.295,0,10.13824409,0
2006,50,16,78.7235,157.159,55.74,77.1,20.595,-7.38,0.4942,4.76,0,10.13824435,0
2006,50,17,89.38,19.918,6.2,8.145,2.715,-7.36,0.501,5.42,0,10.13800994,0
2006,50,18,100.8325,0.046,0,0,0.2,-7.55,0.5259,5.415,0,10.16084728,0
2006,50,19,112.2775,0.023,0,0,0.2,-7.83,0.5697,5.175,0,10.16192437,0
2006,50,20,123.559,0.069,0,0,0.125,-8.34,0.65095,3.62,0,10.16201493,0
2006,50,21,134.193,0.046,0,0,0.01,-8.625,0.67795,3.285,0,10.16212746,0
2006,50,22,143.32,0.023,0,0,0,-8.24,0.67635,2.925,0,10.16227069,0
2006,50,23,149.361,0.138,0,0,0,-8.48,0.6822,3.4,0,10.16243789,0
2006,51,0,150.332,0.138,0,0,0.01,-8.805,0.6673,3.415,0,10.16262013,0
2006,51,1,145.7985,0.069,0,0,0.015,-9.755,0.68225,3.35,0,10.1627996,0
2006,51,2,137.486,0.161,0,0,0,-10.22,0.6926,2.84,0,10.16296511,0
2006,51,3,127.2275,0.276,0,0,0,-10.81,0.74945,3.275,0,10.16310942,0
2006,51,4,116.0865,0.299,0,0,0,-11.405,0.7914,2.665,0,10.16322094,0
2006,51,5,104.6375,0.253,0,0,0,-11.545,0.78195,3.045,0,10.16328723,0
2006,51,6,93.1075,10.028,2.925,2.615,1.245,-11.715,0.77265,3.405,0,10.16339192,0
2006,51,7,82.121,205.045,72.67,96.115,34.66,-10.36,0.7702,2.735,0,10.20739011,0
2006,51,8,71.956,542.11,192.665,267.575,85.085,-7.19,0.6328,4.69,0,10.20653208,0
2006,51,9,62.996,913.376,330.335,460.875,135.105,-5.62,0.5453,5.17,0,10.2065068,0
2006,51,10,55.995,1152.921,417.53,588.47,164.37,-4.19,0.5007,5.81,0,10.20650639,0
2006,51,11,51.8135,1034.77,371.565,527.57,141.935,-3.38,0.5114,6.3,0,10.20650646,0
2006,51,12,51.164,1053.722,375.835,534.56,143.95,-2.82,0.5497,6.7,0,10.20650671,0
2006,51,13,54.178,699.913,251.745,353.42,92.87,-2.43,0.5421,6.965,0,10.20650648,0
2006,51,14,60.297,467.682,167.91,233.865,61.14,-2.27,0.5369,7.9,0,10.20650673,0
2006,51,15,68.665,277.748,99.75,137.49,36,-2.05,0.56515,8.025,0,10.20650646,0
2006,51,16,78.49,118.128,41.84,56.39,15.12,-1.82,0.57705,8.02,0,10.20650658,0
2006,51,17,89.1395,17.25,4.965,5.955,2.195,-2.035,0.598,7.63,0,10.20224496,0
2006,51,18,100.625,0.046,0,0,0.36,-2.56,0.6346,7.135,0,10.21918441,0
2006,51,19,112.072,0.023,0,0,0.215,-3.57,0.6946,5.82,0,10.22001602,0
2006,51,20,123.3415,0,0,0,0.11,-4.31,0.72705,5.89,0,10.22010234,0
2006,51,21,133.9485,0,0,0,0.055,-4.665,0.74295,5.625,0,10.22021315,0
2006,51,22,143.0305,0,0,0,0.145,-5.635,0.79485,4.685,0,10.22035533,0
2006,51,23,149.0225,0.115,0,0,0.005,-6.305,0.8464,4.49,0,10.22052152,0
2006,52,0,149.971,0.414,0,0,0,-6.615,0.879,4.67,0,10.22071071,0
2006,52,1,145.4675,0.46,0,0,0.02,-5.96,0.8847,6.41,0,10.22091023,0
2006,52,2,137.193,0.46,0,0,0.045,-6.17,0.89845,6.04,0,10.22109652,0
2006,52,3,126.9635,0.46,0,0,0.15,-6.835,0.90745,4.73,0,10.2212536,0
2006,52,4,115.835,0.46,0,0,0,-7.25,0.90985,3.93,0,10.22137155,0
2006,52,5,104.389,0.46,0,0,0.005,-7.965,0.91345,3.56,0,10.22144164,0
2006,52,6,92.865,11.04,3.15,2.985,1.505,-8.21,0.9179,3.315,0,10.22157016,0
2006,52,7,81.859,224.296,74.725,99.51,36.635,-7.495,0.9098,2.77,0,10.26302408,0
2006,52,8,71.667,581.854,208.47,285.935,92,-4.09,0.868,3.63,0,10.2621619,0
2006,52,9,62.6815,914.549,337.87,467.96,136.445,-1.21,0.74345,3.98,0,10.26213764,0
2006,52,10,55.6515,1170.217,433.03,601.775,169.365,0.865,0.6517,3.57,0,10.26213725,0
2006,52,11,51.452,1313.53,486.17,676.99,186.735,2.9,0.5592,5.115,0,10.26213731,0
2006,52,12,50.8075,1330.067,490.635,684.615,189.415,4.405,0.4949,6.485,0,10.26213753,0
2006,52,13,53.8445,1223.83,447.57,625.395,177.565,5.42,0.4616,6.96,0,10.26213738,0
2006,52,14,59.999,1002.593,362.435,507.47,151.71,6.14,0.42955,5.47,0,10.26213733,0
2006,52,15,68.4005,684.503,243.095,342.42,111.91,6.505,0.41885,4.46,0,10.26213727,0
2006,52,16,78.2535,315.698,109.165,152.615,58.205,6.5,0.4205,3.51,0,10.26213729,0
2006,52,17,88.9355,41.009,12.77,17.355,7.87,5.37,0.4726,2.775,0,10.26213565,0
2006,52,18,100.421,0.23,0,0,0.05,3.625,0.5625,4.005,0,10.30132315,0
2006,52,19,111.8655,0.115,0,0,0.02,1.87,0.67485,3.405,0,10.30659095,0
2006,52,20,123.123,0.253,0,0,0.045,1.06,0.72615,3.49,0,10.30675947,0
2006,52,21,133.704,0.345,0,0,0,1.335,0.75385,4.91,0,10.30688188,0
2006,52,22,142.7405,0.207,0,0,0.04,0.59,0.79745,4.025,0,10.3070379,0
2006,52,23,148.681,0.437,0,0,0,-0.44,0.8349,4.195,0,10.30721909,0
2006,53,0,149.612,0.368,0,0,0,-0.76,0.84105,2.875,0,10.30741907,0
2006,53,1,145.133,0.414,0,0,0,-1.02,0.8473,2.955,0,10.30761618,0
2006,53,2,136.8975,0.46,0,0,0,-1.085,0.8462,3.72,0,10.30780159,0
2006,53,3,126.6935,0.414,0,0,0.005,-2.005,0.87375,3.64,0,10.30795926,0
2006,53,4,115.5805,0.437,0,0,0.01,-2.685,0.898,3.535,0,10.30807686,0
2006,53,5,104.137,0.46,0,0,0,-3.1,0.9107,3.735,0,10.30814784,0
2006,53,6,92.5805,9.039,2.61,2.465,1.095,-3.665,0.92645,4.11,0,10.30823182,0
2006,53,7,81.59,193.614,65.37,87.655,31.2,-2.985,0.93375,3.835,0,10.34469963,0
2006,53,8,71.3745,594.872,215.405,294.36,92.5,-0.48,0.9007,5.265,0,10.34369655,0
2006,53,9,62.3625,842.904,309.675,432.71,126.66,1.985,0.80395,4.515,0,10.34366897,0
2006,53,10,55.3055,964.942,353.04,493.42,139.26,3.88,0.71945,4.655,0,10.34366853,0
2006,53,11,51.0895,1067.66,391.035,545.595,152.4,5.505,0.66255,4.3,0,10.34366859,0
2006,53,12,50.448,1137.626,418.775,582.92,162.635,6.93,0.60175,3.6,0,10.34366883,0
2006,53,13,53.511,1179.785,431.8,604.11,172.205,7.985,0.5411,4.74,0,10.34366864,0
2006,53,14,59.701,938.883,338.81,476.355,142.22,8.82,0.48415,5.155,0,10.34366869,0
2006,53,15,68.139,487.025,171.3,239.865,74.035,8.86,0.4341,5.265,0,10.34366855,0
2006,53,16,78.022,305.739,109.195,151.26,57.81,8.43,0.41355,4.69,0,10.34366857,0
2006,53,17,88.7295,41.262,12.42,18.775,8.555,6.195,0.50195,4.105,0,10.34365798,0
2006,53,18,100.213,0.276,0,0,0,5.135,0.50645,3.63,0,10.37678066,0
2006,53,19,111.659,0.069,0,0,0,3.765,0.5548,3.085,0,10.3819161,0
2006,53,20,122.9035,0.069,0,0,0.01,3.645,0.56625,4.22,0,10.38208129,0
2006,53,21,133.4545,0.184,0,0,0,2.975,0.59565,3.065,0,10.38219663,0
2006,53,22,142.449,0.161,0,0,0.01,1.37,0.6618,1.93,0,10.38234673,0
2006,53,23,148.3365,0.391,0,0,0,-0.155,0.7268,2.615,0,10.38252517,0
2006,54,0,149.2465,0.345,0,0,0.02,-0.815,0.74355,2.85,0,10.3827229,0
2006,54,1,144.792,0.46,0,0,0.005,-1.33,0.75195,3.54,0,10.38292107,0
2006,54,2,136.5955,0.46,0,0,0.01,-1.88,0.7543,3.755,0,10.3831088,0
2006,54,3,126.418,0.414,0,0,0,-2.645,0.7777,3.81,0,10.38326739,0
2006,54,4,115.321,0.46,0,0,0,-3.135,0.7889,3.44,0,10.38338649,0
2006,54,5,103.8805,0.46,0,0,0,-3.49,0.8055,3.135,0,10.38345873,0
2006,54,6,92.3315,12.995,4,3.66,2.075,-3.875,0.81645,3.22,0,10.38367428,0
2006,54,7,81.319,227.677,84.61,111.055,42.155,-2.595,0.7951,3.17,0,10.42165758,0
2006,54,8,71.08,603.658,225.87,307.35,97.97,0.995,0.6828,6.04,0,10.42077158,0
2006,54,9,62.038,949.164,351.865,489.33,144.665,3.35,0.60285,5.55,0,10.42074779,0
2006,54,10,54.9555,1204.947,445.635,620.84,173.95,6.32,0.47995,7.72,0,10.42074742,0
2006,54,11,50.724,1348.352,499.315,696.485,190.64,8.455,0.3724,9.25,0,10.42074748,0
2006,54,12,50.0865,1360.864,502.41,701.105,192.435,9.645,0.35465,10.085,0,10.42074772,0
2006,54,13,53.176,1257.019,461.445,645.25,182.47,10.775,0.31615,11.925,0,10.42074753,0
2006,54,14,59.403,1034.885,375.44,528.025,158.41,10.705,0.32255,12.265,0,10.42074756,0
2006,54,15,67.8745,708.561,251.635,357.46,118.115,8.905,0.39495,12.2,0,10.42074743,0
2006,54,16,77.7875,328.624,113.59,161.34,63.215,7.04,0.5217,9.665,0,10.42074744,0
2006,54,17,88.4885,45.954,13.41,18.655,10.94,4.485,0.6097,6.835,0,10.42074397,0
2006,54,18,100.0065,0.184,0,0,0.21,2.13,0.68135,4.65,0,10.45712086,0
2006,54,19,111.452,0.023,0,0,0.04,1.11,0.59485,4.54,0,10.46372208,0
2006,54,20,122.6835,0,0,0,0.01,-0.215,0.54935,4.325,0,10.46391493,0
2006,54,21,133.2065,0,0,0,0,-1.03,0.5486,3.965,0,10.46402609,0
2006,54,22,142.153,0,0,0,0.02,-2.075,0.6105,3.815,0,10.46416749,0
2006,54,23,147.9905,0.046,0,0,0,-2.405,0.6023,3.16,0,10.46433254,0
2006,55,0,148.879,0.345,0,0,0.01,-2.835,0.62945,3.52,0,10.46451803,0
2006,55,1,144.448,0.368,0,0,0.055,-3.545,0.6806,3.635,0,10.46471406,0
2006,55,2,136.288,0.414,0,0,0.01,-4.445,0.73005,3.15,0,10.46489792,0
2006,55,3,126.1405,0.322,0,0,0,-4.605,0.73175,3.81,0,10.46505373,0
2006,55,4,115.0575,0.368,0,0,0,-4.96,0.7486,4.54,0,10.46517001,0
2006,55,5,103.62,0.276,0,0,0,-4.655,0.7327,3.805,0,10.46524037,0
2006,55,6,92.079,14.076,4.04,4.165,2.39,-4.78,0.72075,4.52,0,10.46552054,0
2006,55,7,81.0445,226.205,80.57,108.64,40.04,-4.52,0.76125,5.125,0,10.50135958,0
2006,55,8,70.779,593.63,212.33,296.675,96.25,-2.025,0.6841,7.145,0,10.50045741,0
2006,55,9,61.714,934.789,336.63,473.835,140.565,0.205,0.59335,8.48,0,10.50043377,0
2006,55,10,54.6035,1191.63,433.47,607.97,171.11,2.275,0.48445,8.265,0,10.5004334,0
2006,55,11,50.3545,1267.461,460.57,649.7,179.215,4.23,0.41535,8.91,0,10.50043346,0
2006,55,12,49.7235,1295.843,470.235,663.255,183.185,5.765,0.3945,10.145,0,10.5004337,0
2006,55,13,52.839,1122.216,402.905,569.605,160.48,7.1,0.3731,10.775,0,10.5004335,0
2006,55,14,59.105,755.78,269.415,376.84,107.365,8.11,0.3711,10.78,0,10.5004336,0
2006,55,15,67.6135,413.103,147.9,205.41,58.16,8.645,0.3954,10.17,0,10.50043344,0
2006,55,16,77.5545,229.862,82.28,113.445,36.805,8.83,0.437,8.885,0,10.5004335,0
2006,55,17,88.286,16.974,4.59,5.5,2.1,7.94,0.50115,7.48,0,10.49552842,0
2006,55,18,99.8,0.115,0,0,0.055,7.475,0.55255,8.29,0,10.50361479,0
2006,55,19,111.2455,0,0,0,0.2,6.37,0.59885,6.84,0,10.50454426,0
2006,55,20,122.4635,0,0,0,0,4.895,0.6643,4.7,0,10.50463243,0
2006,55,21,132.958,0.069,0,0,0,4.08,0.70065,5.88,0,10.50474415,0
2006,55,22,141.859,0.023,0,0,0,4.245,0.6943,7.065,0,10.5048893,0
2006,55,23,147.643,0,0,0,0,6.08,0.6577,7.71,0,10.50505416,0
2006,56,0,148.509,0,0,0,0,6.995,0.62795,8.74,0,10.5052298,0
2006,56,1,144.1025,0,0,0,0.01,6.92,0.6157,8.42,0,10.50540438,0
2006,56,2,135.9785,0,0,0,0.22,6.985,0.56295,7.4,0,10.50556577,0
2006,56,3,125.8575,0.046,0,0,0.49,4.47,0.6561,5.78,0,10.50570411,0
2006,56,4,114.7885,0.023,0,0,0.175,3.62,0.68565,6.71,0,10.5058088,0
2006,56,5,103.3565,0.184,0,0,0.555,2.095,0.7768,9.61,0,10.50587294,0
2006,56,6,91.784,15.594,4.605,4.74,2.725,0.785,0.7885,8.885,0,10.50625584,0
2006,56,7,80.7645,226.711,81.52,110.01,40.58,0.305,0.72425,10.385,0,10.53907432,0
2006,56,8,70.4765,604.532,218.425,304.365,98.615,-0.6,0.58075,13.125,0,10.53815643,0
2006,56,9,61.3845,924.784,340.915,477.045,140.49,-0.32,0.5231,10.675,0,10.53813313,0
2006,56,10,54.2495,1210.398,455.99,636.345,178.29,0.745,0.46555,9.88,0,10.53813277,0
2006,56,11,49.9835,1342.602,504.63,703.505,192.265,1.565,0.44645,10.01,0,10.53813284,0
2006,56,12,49.3575,1371.628,515.64,718.685,197.085,2.63,0.41045,9.695,0,10.53813309,0
2006,56,13,52.5025,1233.996,462.36,648.305,183.58,3.45,0.34775,10.645,0,10.53813287,0
2006,56,14,58.8065,973.038,357.9,504.62,149.585,3.64,0.311,11.365,0,10.53813305,0
2006,56,15,67.351,712.816,258.73,366.8,118.75,3.425,0.28245,11.51,0,10.53813279,0
2006,56,16,77.3225,364.067,128.445,182.71,70.085,2.65,0.28135,11.53,0,10.5381328,0
2006,56,17,88.0815,55.292,16.8,23.855,12.895,0.985,0.28215,9.325,0,10.53813258,0
2006,56,18,99.5955,0.23,0,0,0.33,-0.79,0.3433,5.79,0,10.5806341,0
2006,56,19,111.037,0.023,0,0,0.325,-2.15,0.41015,5.78,0,10.59051684,0
2006,56,20,122.242,0,0,0,0.31,-3.28,0.4698,5.29,0,10.59077618,0
2006,56,21,132.7075,0,0,0,0.23,-4.4,0.51675,4.24,0,10.59088854,0
2006,56,22,141.56,0,0,0,0,-5.03,0.5409,3.115,0,10.59103037,0
2006,56,23,147.292,0.023,0,0,0,-6.035,0.5736,2.39,0,10.59119527,0
2006,57,0,148.137,0.046,0,0,0,-6.615,0.5646,3.405,0,10.59137292,0
2006,57,1,143.7515,0.046,0,0,0.005,-6.88,0.56735,3.745,0,10.59155068,0
2006,57,2,135.665,0.069,0,0,0.015,-8.195,0.6472,4.215,0,10.59171596,0
2006,57,3,125.571,0.046,0,0,0,-9.15,0.67955,3.88,0,10.59185654,0
2006,57,4,114.516,0,0,0,0,-9.865,0.7147,3.595,0,10.59196185,0
2006,57,5,103.089,0.023,0,0,0,-10.27,0.73205,3.565,0,10.5920252,0
2006,57,6,91.526,18.055,6.095,6.23,3.31,-10.59,0.7373,3.495,0,10.59275859,0
2006,57,7,80.483,256.611,95.22,126.635,47.975,-8.825,0.71225,2.985,0,10.62475514,0
2006,57,8,70.1725,636.893,237.59,326.855,105.9,-5.605,0.58785,3.54,0,10.62388229,0
2006,57,9,61.0525,987.022,373.76,514.865,149.37,-2.795,0.49745,1.41,0,10.62386065,0
2006,57,10,53.89,1245.818,469.975,654.635,181.13,-1.57,0.42115,2.155,0,10.6238603,0
2006,57,11,49.608,1391.27,526.695,733.405,198.88,-0.45,0.30785,3.165,0,10.62386034,0
2006,57,12,48.9905,1406.519,530.805,740.3,201.07,0.7,0.2466,3.4,0,10.62386048,0
2006,57,13,52.1645,1258.261,467.58,658.265,184.69,1.45,0.1968,4.76,0,10.62386099,0
2006,57,14,58.508,1061.266,387.935,548.315,162,2.09,0.1866,5.225,0,10.62386034,0
2006,57,15,67.089,692.76,247.65,354.17,111.02,2.405,0.2048,4.93,0,10.62386039,0
2006,57,16,77.0895,366.551,128.225,181.45,66.535,2.49,0.20695,4.775,0,10.62386053,0
2006,57,17,87.842,48.737,15.06,22.515,9.34,1.15,0.2611,4.275,0,10.62385801,0
2006,57,18,99.388,0.23,0,0,0,0.335,0.2925,3.095,0,10.65234997,0
2006,57,19,110.8285,0.092,0,0,0.04,-0.5,0.3772,3.07,0,10.65929757,0
2006,57,20,122.02,0,0,0,0.02,-1,0.4407,4.065,0,10.65950485,0
2006,57,21,132.455,0,0,0,0.005,-0.575,0.469,3.41,0,10.65961633,0
2006,57,22,141.2605,0.023,0,0,0.105,-1.395,0.54685,3.43,0,10.6597585,0
2006,57,23,146.941,0,0,0,0,-1.225,0.598,3.035,0,10.65992376,0
2006,58,0,147.762,0,0,0,0,-0.865,0.5793,2.945,0,10.66009966,0
2006,58,1,143.3955,0,0,0,0.05,-1.045,0.58285,3.225,0,10.66027471,0
2006,58,2,135.3455,0,0,0,0.105,-1.81,0.6196,3.575,0,10.66043782,0
2006,58,3,125.28,0,0,0,0.065,-1.765,0.61525,3.54,0,10.66057641,0
2006,58,4,114.2405,0,0,0,0.02,-1.705,0.6302,3.575,0,10.66068128,0
2006,58,5,102.8175,0,0,0,0.035,-2.3,0.67415,3.135,0,10.66074529,0
2006,58,6,91.2275,18.561,6.855,8.355,2.64,-2.48,0.6827,3.445,0,10.66158114,0
2006,58,7,80.1975,133.699,50.085,66.045,18.455,-1.3,0.66485,4.025,0,10.6854377,0
2006,58,8,69.8635,420.348,150.24,206.52,59.005,1.53,0.53035,5.88,0,10.68429798,0
2006,58,9,60.719,833.635,298.515,416.28,118.625,4.5,0.4226,7.8,0,10.68427011,0
2006,58,10,53.529,1187.007,430.515,599.135,166.23,7.055,0.39215,6.93,0,10.68426967,0
2006,58,11,49.2315,1324.731,481.4,670.16,181.865,9.185,0.3798,6.49,0,10.68426973,0
2006,58,12,48.622,1281.629,463.245,645.795,175.49,10.72,0.3898,5.71,0,10.68426995,0
2006,58,13,51.826,886.236,316.25,442.31,121.12,11.355,0.40405,5.59,0,10.68426981,0
2006,58,14,58.2085,730.71,255.425,356.18,102.135,11.56,0.40955,6.03,0,10.68426972,0
2006,58,15,66.828,645.426,225.15,317.335,101.03,11.99,0.40635,6.095,0,10.68426975,0
2006,58,16,76.8585,279.496,95.41,133.21,47.84,11.815,0.41605,3.8,0,10.68426969,0
2006,58,17,87.64,35.581,10.585,13.545,3.725,10.98,0.44455,1.48,0,10.68398684,0
2006,58,18,99.183,0.368,0,0,0,9.975,0.47225,1.465,0,10.68126818,0
2006,58,19,110.622,0.23,0,0,1.175,5.805,0.5926,3.955,0,10.68403207,0
2006,58,20,121.797,0.046,0,0,0.895,0.455,0.74635,8.2,0,10.68416012,0
2006,58,21,132.2015,0.23,0,0,0.26,-1.075,0.80325,7.225,0,10.68427522,0
2006,58,22,140.96,0.391,0,0,0.115,-1.38,0.7964,8.395,0,10.68443167,0
2006,58,23,146.586,0.299,0,0,0.035,-1.56,0.7931,7.575,0,10.68461661,0
2006,59,0,147.3855,0.345,0,0,0.08,-1.78,0.79715,7.37,0,10.68481186,0
2006,59,1,143.041,0.46,0,0,0.005,-1.79,0.80365,7.415,0,10.68501277,0
2006,59,2,135.0245,0.345,0,0,0.09,-1.65,0.8064,5.95,0,10.68519959,0
2006,59,3,124.985,0.437,0,0,0.165,-1.87,0.8198,5.685,0,10.6853574,0
2006,59,4,113.9605,0.299,0,0,0.005,-1.975,0.83125,4.73,0,10.68547684,0
2006,59,5,102.544,0.184,0,0,0.04,-2,0.82925,4.965,0,10.68554664,0
2006,59,6,90.9615,19.274,5.65,6.525,2.795,-2.345,0.83705,4.335,0,10.6865683,0
2006,59,7,79.909,240.833,85.94,115.85,42.19,-1.53,0.8161,5.89,0,10.71547026,0
2006,59,8,69.5525,611.087,216.16,302.205,97.11,-0.08,0.76065,7.32,0,10.71456968,0
2006,59,9,60.3795,899.875,319.84,451.425,132.19,2.06,0.68335,7.325,0,10.71454789,0
2006,59,10,53.1665,1237.883,446.125,625.88,175.51,4.62,0.59475,6.93,0,10.71454756,0
2006,59,11,48.8535,1184.362,424.17,596.6,164.12,6.795,0.5317,6.845,0,10.71454764,0
2006,59,12,48.251,1081.506,388.175,541.39,148.21,8.5,0.48575,6.02,0,10.71454794,0
2006,59,13,51.486,924.761,332.525,460.045,126.325,10.14,0.4458,4.965,0,10.71454762,0
2006,59,14,57.9085,618.24,221.58,303.135,82.105,10.99,0.44775,4.72,0,10.71454779,0
2006,59,15,66.5675,378.097,135.875,183.86,49.735,11.495,0.4556,4.035,0,10.7145477,0
2006,59,16,76.6265,173.029,61.34,82.605,22.89,11.54,0.4728,3.61,0,10.71454758,0
2006,59,17,87.4005,28.198,9.12,12.225,3.805,10.235,0.5162,3.355,0,10.71065837,0
2006,59,18,98.977,0.23,0,0,0.01,8.665,0.5473,3.61,0,10.70176614,0
2006,59,19,110.4135,0.046,0,0,0,7.43,0.56835,3.835,0,10.70316358,0
2006,59,20,121.5735,0.069,0,0,0,6.915,0.57615,3.605,0,10.7032628,0
2006,59,21,131.948,0,0,0,0.01,5.61,0.61975,3.7,0,10.70337464,0
2006,59,22,140.6565,0.023,0,0,0.005,4.87,0.652,3.37,0,10.7035169,0
2006,59,23,146.231,0.023,0,0,0.085,3.425,0.68375,4.395,0,10.70368363,0
2006,60,0,147.005,0.023,0,0,0.02,3.045,0.66155,5.155,0,10.70386127,0
2006,60,1,142.68,0.023,0,0,0,2.795,0.659,4.585,0,10.704038,0
2006,60,2,134.699,0.046,0,0,0.015,2.46,0.6564,4.205,0,10.70420297,0
2006,60,3,124.6865,0.046,0,0,0.015,2.355,0.6518,5.025,0,10.70434378,0
2006,60,4,113.679,0.023,0,0,0.045,2.01,0.6542,5.065,0,10.70444996,0
2006,60,5,102.266,0.092,0,0,0.035,1.815,0.65905,5.56,0,10.70451474,0
2006,60,6,90.6565,11.615,3.505,3.97,1.515,1.895,0.65535,5.58,0,10.70465502,0
2006,60,7,79.6185,112.585,39.5,52.64,14.56,2.335,0.6443,5.625,0,10.71747366,0
2006,60,8,69.2385,280.232,97.205,131.64,35.02,3.43,0.62705,6.27,0,10.715752,0
2006,60,9,60.0405,412.919,141.73,193.205,50.815,4.915,0.61355,6.78,0,10.71571047,0
2006,60,10,52.801,543.835,186.89,253.97,66.32,6.27,0.60885,7.455,0,10.71570983,0
2006,60,11,48.4735,631.971,219.145,298.885,78.59,7.885,0.60685,7.095,0,10.7157099,0
2006,60,12,47.879,729.882,255.565,349.705,93.17,9.57,0.6112,7.305,0,10.71571018,0
2006,60,13,51.145,991.553,351.47,486.77,134.48,11.705,0.61575,7.585,0,10.71570991,0
2006,60,14,57.6105,870.274,307.275,424.635,122.03,13.74,0.5946,7.945,0,10.71571011,0
2006,60,15,66.3065,587.282,208.015,285.37,83.925,15.365,0.57975,8.315,0,10.71570992,0
2006,60,16,76.3945,235.152,82.9,113.095,34.285,14.95,0.6078,7.005,0,10.71570992,0
2006,60,17,87.199,52.716,17.525,23.965,8.875,13.185,0.66415,4.865,0,10.71570826,0
2006,60,18,98.7725,0.529,0,0,0.18,11.255,0.7204,5.19,0,10.7434721,0
2006,60,19,110.205,0.299,0,0,0.09,11.285,0.69895,5.485,0,10.75152178,0
2006,60,20,121.3495,0.345,0,0,0.335,9.86,0.7173,5.27,0,10.75176198,0
2006,60,21,131.691,0.414,0,0,0.01,8.835,0.73565,4.305,0,10.75188802,0
2006,60,22,140.352,0.414,0,0,0,8.275,0.74865,4.35,0,10.75205061,0
2006,60,23,145.874,0.437,0,0,0,7.795,0.7721,3.47,0,10.75224012,0
2006,61,0,146.6235,0.414,0,0,0,7.465,0.7884,1.085,0,10.7524436,0
2006,61,1,142.317,0.46,0,0,0.205,6.75,0.81955,3.71,0,10.75264713,0
2006,61,2,134.3685,0.437,0,0,0.445,5.605,0.79695,8.65,0,10.75283606,0
2006,61,3,124.384,0.069,0,0,0.62,3.565,0.7317,8.005,0,10.75298938,0
2006,61,4,113.394,0.046,0,0,0.075,3.055,0.69575,8.97,0,10.75309741,0
2006,61,5,101.9845,0,0,0,0.385,1.755,0.70475,7.175,0,10.75316262,0
2006,61,6,90.3875,24.863,8.14,9.54,3.99,0.86,0.75335,6.155,0,10.75764658,0
2006,61,7,79.3235,241.5,89.225,118.735,42.625,1.425,0.80085,6.845,0,10.78427905,0
2006,61,8,68.9215,380.075,138.735,191.35,56.965,2.775,0.7786,10.205,0,10.78347544,0
2006,61,9,59.698,224.342,76.445,103.835,27.835,3.24,0.71795,10.96,0,10.78345643,0
2006,61,10,52.4315,239.039,79.39,106.78,27.8,3.175,0.7098,10.57,0,10.78345616,0
2006,61,11,48.0925,265.581,88.125,118.88,30.925,3.205,0.69475,11.78,0,10.78345626,0
2006,61,12,47.505,174.846,55.76,74.07,19.145,3.035,0.67995,11.63,0,10.78345666,0
2006,61,13,50.8045,328.302,113.78,154.615,40.705,3.085,0.6021,11.18,0,10.78345619,0
2006,61,14,57.3125,401.557,141.965,195.485,51.885,3.43,0.56975,10.885,0,10.78345628,0
2006,61,15,66.047,333.845,118.85,164.525,45.16,3.735,0.57935,9.84,0,10.78345657,0
2006,61,16,76.1655,169.303,59.31,80.87,22.46,3.515,0.6068,9.17,0,10.78345618,0
2006,61,17,86.999,14.237,3.505,4.13,1.965,2.875,0.66665,8.395,0,10.76757968,0
2006,61,18,98.5665,0.046,0,0,0.085,2.46,0.70315,6.495,0,10.7639526,0
2006,61,19,109.9975,0,0,0,0.135,2.095,0.7308,6.48,0,10.76462441,0
2006,61,20,121.1255,0.115,0,0,0.165,1.62,0.7819,6.365,0,10.7647097,0
2006,61,21,131.433,0.069,0,0,0.2,1.12,0.78215,5.745,0,10.76482393,0
2006,61,22,140.047,0.023,0,0,0.29,0.545,0.73795,6.005,0,10.7649691,0
2006,61,23,145.513,0,0,0,0.185,0.06,0.721,5.16,0,10.76513507,0
2006,62,0,146.2405,0,0,0,0.2,-0.28,0.73565,4.89,0,10.76531185,0
2006,62,1,141.951,0,0,0,0.275,-1.025,0.7587,3.375,0,10.76548788,0
2006,62,2,134.037,0.23,0,0,0.05,-2.295,0.80455,1.685,0,10.76565604,0
2006,62,3,124.081,0.437,0,0,0.04,-3.175,0.82555,2.715,0,10.76580978,0
2006,62,4,113.105,0.437,0,0,0.065,-4.04,0.8531,2.45,0,10.76593101,0
2006,62,5,101.702,0.368,0,0,0,-4.51,0.8645,1.275,0,10.76600364,0
2006,62,6,90.0775,25.323,7.425,8.42,2.62,-4.41,0.88675,2.265,0,10.77068168,0
2006,62,7,79.028,303.738,102.15,132.355,48.85,-3.265,0.87035,3.23,0,10.7947332,0
2006,62,8,68.6045,656.167,239.32,328.655,105.21,-0.445,0.80075,5.09,0,10.79393475,0
2006,62,9,59.3515,1019.038,373.205,520.01,151.495,1.02,0.72145,4.615,0,10.7939163,0
2006,62,10,52.0615,1290.783,475.855,663.065,182.655,3.035,0.5819,5.055,0,10.79391605,0
2006,62,11,47.705,1439.432,529.71,742.91,199.745,4.385,0.49305,6.81,0,10.79391618,0
2006,62,12,47.1305,1454.198,534.555,751.415,202.22,5.335,0.4652,6.205,0,10.79391673,0
2006,62,13,50.464,1344.396,490.12,689.58,190.425,6.17,0.4254,6.255,0,10.79391605,0
2006,62,14,57.015,1108.462,398.945,564.58,164.78,6.645,0.40775,6.12,0,10.79391612,0
2006,62,15,65.788,768.614,272.34,387.97,123.415,6.785,0.4358,6.13,0,10.79391631,0
2006,62,16,75.937,390.747,134.71,192.25,70.455,6.515,0.45425,6.265,0,10.79391609,0
2006,62,17,86.7605,73.83,23.075,33.005,15.15,5.38,0.48205,5.26,0,10.79391611,0
2006,62,18,98.363,0.437,0,0,0.535,2.965,0.53895,4.505,0,10.83350598,0
2006,62,19,109.788,0.023,0,0,0.4,0.695,0.5874,5.56,0,10.84898013,0
2006,62,20,120.899,0.023,0,0,0.215,-0.555,0.5882,6.56,0,10.8493688,0
2006,62,21,131.1765,0,0,0,0.365,-2.105,0.64745,5.325,0,10.84948376,0
2006,62,22,139.7395,0,0,0,0.205,-3.285,0.719,4.34,0,10.84962607,0
2006,62,23,145.153,0.23,0,0,0.06,-3.99,0.7658,3.615,0,10.84979647,0
2006,63,0,145.854,0.46,0,0,0.025,-4.645,0.79105,2.275,0,10.84999277,0
2006,63,1,141.582,0.437,0,0,0,-4.615,0.7826,2.5,0,10.85019743,0
2006,63,2,133.7005,0.391,0,0,0,-5.245,0.8019,2.69,0,10.85038558,0
2006,63,3,123.7705,0.138,0,0,0.02,-5.765,0.82215,3.015,0,10.85053827,0
2006,63,4,112.813,0.184,0,0,0.03,-6.6,0.8503,3.15,0,10.8506495,0
2006,63,5,101.4145,0.184,0,0,0,-6.965,0.8626,3.13,0,10.85071778,0
2006,63,6,89.8025,39.169,12.6,14.95,6.51,-7.105,0.87005,3.235,0,10.89421299,0
2006,63,7,78.7295,336.168,113.95,147.155,55.76,-5.085,0.8356,2.785,0,10.90233577,0
2006,63,8,68.283,697.222,258.3,352.13,109.49,-1.355,0.68065,0.565,0,10.90200577,0
2006,63,9,59.008,1024.696,377.575,527.6,152.125,-0.75,0.63555,2.195,0,10.90199845,0
2006,63,10,51.689,1326.548,493.91,688.165,190.86,0.32,0.57855,3.16,0,10.90199842,0
2006,63,11,47.3175,1491.044,559.035,776.41,210.475,2,0.5115,2.46,0,10.90199836,0
2006,63,12,46.754,1479.659,551.8,766.97,207.335,2.995,0.4712,3.36,0,10.90199842,0
2006,63,13,50.122,1363.647,502.665,697.27,191.7,4.1,0.4292,2.95,0,10.90199866,0
2006,63,14,56.7165,1117.685,406.05,564.785,163.205,4.94,0.404,3.2,0,10.90199845,0
2006,63,15,65.53,774.065,276.55,385.98,120.635,5.58,0.3801,2.475,0,10.90199854,0
2006,63,16,75.709,245.755,84.7,117.235,34.555,5.29,0.38275,2.515,0,10.90199842,0
2006,63,17,86.5635,53.636,16.905,21.865,6.35,4.675,0.41505,2.055,0,10.90199706,0
2006,63,18,98.1575,0.368,0,0,0,3.255,0.46085,1.29,0,10.92371854,0
2006,63,19,109.5795,0.046,0,0,0,2.385,0.48645,2,0,10.93144337,0
2006,63,20,120.675,0,0,0,0,1.955,0.50645,2.2,0,10.93167787,0
2006,63,21,130.915,0,0,0,0,1.06,0.5531,2.675,0,10.93179076,0
2006,63,22,139.43,0.023,0,0,0.055,-0.13,0.6184,3.38,0,10.93193404,0
2006,63,23,144.7905,0,0,0,0.02,-1.585,0.72725,4.245,0,10.93210036,0
2006,64,0,145.466,0.023,0,0,0.005,-2.11,0.75615,4.305,0,10.93227782,0
2006,64,1,141.2115,0.023,0,0,0.09,-2.425,0.77435,4.43,0,10.9324556,0
2006,64,2,133.363,0.391,0,0,0.06,-3.105,0.8007,3.715,0,10.93262896,0
2006,64,3,123.462,0.414,0,0,0,-2.145,0.7774,3.44,0,10.93278762,0
2006,64,4,112.5185,0.069,0,0,0,-1.275,0.7359,3.225,0,10.93290297,0
2006,64,5,101.126,0,0,0,0.02,-0.625,0.6941,2.87,0,10.93296794,0
2006,64,6,89.4875,6.647,1.73,1.905,1.02,-0.495,0.68905,0.945,0,10.93301435,0
2006,64,7,78.4275,22.977,5.575,6.73,2.255,-0.435,0.71005,2.145,0,10.92388063,0
2006,64,8,67.96,78.798,22.56,29.32,7.475,-0.41,0.7612,5.575,0,10.81368687,0
2006,64,9,58.6585,143.267,44.795,59.245,14.735,-0.185,0.8126,5.17,0,10.81035497,0
2006,64,10,51.313,208.955,65.43,86.495,19.875,0.305,0.82235,4.895,0,10.81030374,0
2006,64,11,46.928,181.24,56.5,73.41,15.865,0.265,0.8675,5.595,0,10.81030326,0
2006,64,12,46.3765,251.045,83.07,106.735,22.86,0.535,0.8801,6.405,0,10.81030306,0
2006,64,13,49.7805,274.758,95.75,123.02,26.785,1.48,0.85415,6.19,0,10.81030314,0
2006,64,14,56.42,373.106,138.835,180.085,40.66,3.16,0.7945,6.185,0,10.81030338,0
2006,64,15,65.273,142.186,50.28,63.695,14.69,4.195,0.76045,5.06,0,10.81030311,0
2006,64,16,75.4805,29.279,8.235,9.31,2.795,3.92,0.76985,4.08,0,10.79336863,0
2006,64,17,86.363,5.175,0.98,0.345,0.415,3.7,0.78395,2.705,0,10.65719421,0
2006,64,18,97.954,0.437,0,0,0,3.63,0.78195,1.355,0,10.65714462,0
2006,64,19,109.372,0.46,0,0,0.03,2.925,0.87225,2.875,0,10.65719721,0
2006,64,20,120.447,0.46,0,0,0.11,1.985,0.9324,2.4,0,10.65728057,0
2006,64,21,130.656,0.483,0,0,0.01,1.87,0.94385,2.35,0,10.6574098,0
2006,64,22,139.12,0.713,0,0,0.005,1.915,0.94455,2.465,0,10.65758328,0
2006,64,23,144.427,0.851,0,0,0.005,2.1,0.93935,0.43,0,10.65779732,0
2006,65,0,145.0775,0.851,0,0,0,2.495,0.9346,0.1,0.010583333,10.65803118,0
2006,65,1,140.8365,0.897,0,0,0.095,2.945,0.9504,5.12,0.010583333,10.65826588,0
2006,65,2,133.0205,0.874,0,0,0.29,2.3,0.95295,6,0.010583333,10.65848448,0
2006,65,3,123.146,0.897,0,0,0.23,1.6,0.9419,6.435,0.010583333,10.6586709,0
2006,65,4,112.219,0.92,0,0,0.145,1.25,0.93665,5.47,0.010583333,10.65881241,0
2006,65,5,100.835,0.943,0,0,0.26,0.805,0.9243,6.425,0.010583333,10.65889889,0
2006,65,6,89.21,10.143,2.635,2.435,1.08,0.435,0.92725,5.755,0.010583333,10.65901051,0
2006,65,7,78.123,70.656,24.97,30.55,7.215,0.58,0.9179,5.23,0.010583333,10.65505097,0
2006,65,8,67.6365,120.704,42.495,53.7,12.675,0.84,0.9157,6.045,0.010583333,10.65164906,0
2006,65,9,58.3075,299.92,109.66,144.64,34.365,1.19,0.90795,6.325,0.010583333,10.65156489,0
2006,65,10,50.9365,499.192,183.32,247.325,61.11,2.21,0.84565,5.66,0.010583333,10.65156361,0
2006,65,11,46.5385,246.974,82.375,110.75,27.65,2.89,0.80065,6.275,0.010583333,10.65156364,0
2006,65,12,45.998,172.109,53.635,71.545,17.285,1.97,0.85035,7.845,0.010583333,10.65156357,0
2006,65,13,49.439,428.674,158.705,209.38,47.54,1.895,0.8833,8,0.010583333,10.65156358,0
2006,65,14,56.1225,422.924,156.615,207.92,49.435,2.47,0.8053,8.795,0.010583333,10.65156361,0
2006,65,15,65.016,204.907,72.545,97.465,24.715,2.555,0.7865,8.805,0.010583333,10.65156368,0
2006,65,16,75.2525,121.095,42.49,56.79,15.135,2.2,0.80825,8.63,0.010583333,10.65156387,0
2006,65,17,86.1265,23.23,6.885,8.35,2.92,1.775,0.8472,7.625,0.010583333,10.63958511,0
2006,65,18,97.7505,0.69,0,0,0.185,1.35,0.8748,5.29,0.010583333,10.63747991,0
2006,65,19,109.1615,0.46,0,0,0.06,1.16,0.89395,4.735,0.010583333,10.63843928,0
2006,65,20,120.2195,0.46,0,0,0.01,1.165,0.9051,5.015,0.010583333,10.63854004,0
2006,65,21,130.395,0.46,0,0,0.1,1.135,0.90555,4.725,0.010583333,10.6386687,0
2006,65,22,138.808,0.46,0,0,0.025,1.04,0.8926,4.515,0.010583333,10.63883444,0
2006,65,23,144.0615,0.506,0,0,0.04,1.01,0.8941,3.515,0.010583333,10.63902791,0
2006,66,0,144.6865,0.46,0,0,0.285,0.075,0.92395,3.48,0,10.63923517,0
2006,66,1,140.4635,0.506,0,0,0.075,-0.685,0.956,3.035,0,10.63944048,0
2006,66,2,132.6775,0.483,0,0,0.035,-1.155,0.9635,2.205,0,10.63963246,0
2006,66,3,122.8305,0.483,0,0,0.125,-2.06,0.97225,2.15,0,10.63979466,0
2006,66,4,111.9195,0.621,0,0,0.13,-3.395,0.984,2.665,0,10.63991987,0
2006,66,5,100.5405,0.644,0,0,0.11,-1.93,0.98685,3.37,0,10.63999784,0
2006,66,6,88.893,23.184,6.865,9.205,3.35,-2.41,0.9852,3.51,0,10.6429356,0
2006,66,7,77.817,169.142,60.135,86.85,26.14,-2.455,0.98305,3.475,0,10.67059643,0
2006,66,8,67.309,437.69,161.28,230.515,62.62,-2.05,0.98455,3.42,0,10.66971458,0
2006,66,9,57.956,970.6,363.92,509.06,139.93,-0.375,0.98165,4.215,0,10.66969319,0
2006,66,10,50.5595,1325.95,494.405,695.13,190.035,2.525,0.7489,5.29,0,10.66969287,0
2006,66,11,46.1485,1440.559,538.405,758.69,205.105,4.795,0.6143,5.87,0,10.66969295,0
2006,66,12,45.6185,1365.119,503.79,712.66,194.925,6.525,0.4655,6.475,0,10.66969327,0
2006,66,13,49.0975,1047.144,383.095,541.33,150.83,7.51,0.4254,7.705,0,10.66969293,0
2006,66,14,55.8275,929.43,340.215,479.715,137.02,8.24,0.40085,8.76,0,10.66969308,0
2006,66,15,64.7605,487.462,176.475,247.375,71.82,8.395,0.39955,9.105,0,10.66969306,0
2006,66,16,75.0285,171.672,62.71,84.21,23.32,8.075,0.4102,7.785,0,10.66969289,0
2006,66,17,85.931,18.285,5.44,5.995,2.415,7.17,0.4603,5.88,0,10.65982738,0
2006,66,18,97.5465,0.184,0,0,0.095,6.02,0.53445,4.535,0,10.66091499,0
2006,66,19,108.952,0.023,0,0,0,5.845,0.5504,5.35,0,10.66174549,0
2006,66,20,119.9915,0.046,0,0,0.095,5.58,0.6143,4.625,0,10.66183364,0
2006,66,21,130.133,0.069,0,0,0.045,5.32,0.70065,5.76,0,10.66194683,0
2006,66,22,138.494,0.184,0,0,0.16,5.04,0.747,6.465,0,10.66209533,0
2006,66,23,143.6945,0.368,0,0,0.05,4.71,0.7648,6.875,0,10.66227574,0
2006,67,0,144.295,0.46,0,0,0,4.77,0.7515,5.495,0.370416667,10.66247795,0
2006,67,1,140.0845,0.391,0,0,0.015,4.645,0.7842,5.68,0.370416667,10.66267971,0
2006,67,2,132.3305,0.46,0,0,0.08,4.33,0.84785,6.01,0.370416667,10.66286568,0
2006,67,3,122.51,0.529,0,0,0,4.385,0.8645,7.01,0.370416667,10.66302825,0
2006,67,4,111.6165,0.713,0,0,0.01,4.655,0.87465,6.81,0.370416667,10.66315501,0
2006,67,5,100.2445,0.851,0,0,0,5.085,0.85765,6.62,0.370416667,10.66323566,0
2006,67,6,88.6085,5.244,0.99,0.74,0.445,5.185,0.89295,5.47,0.370416667,10.66327692,0
2006,67,7,77.5105,40.411,12.735,14.04,3.325,5.37,0.91005,5.38,0.370416667,10.61505906,0
2006,67,8,66.98,94.185,30.805,37.03,7.94,6.02,0.8955,5.955,0.370416667,10.59214834,0
2006,67,9,57.602,76.521,22.455,26.265,5.065,6.015,0.93855,6.375,0.370416667,10.59160932,0
2006,67,10,50.18,266.547,90.925,115.33,22.795,6.11,0.95815,6.14,0.370416667,10.59160088,0
2006,67,11,45.754,329.498,112.76,142.93,28.555,7.015,0.9478,8.265,0.370416667,10.59160078,0
2006,67,12,45.24,367.471,128.365,162.62,32.76,7.65,0.9505,7.91,0.370416667,10.59160087,0
2006,67,13,48.7555,533.623,198.315,251.455,52.795,9.29,0.91595,7.68,0.370416667,10.59160119,0
2006,67,14,55.531,274.068,95.165,120.21,25.515,10.285,0.9226,8.155,0.370416667,10.59160082,0
2006,67,15,64.5055,215.418,74.855,95.05,21.2,10.465,0.9353,8.14,0.370416667,10.59160093,0
2006,67,16,74.802,147.683,51.6,66.23,16.11,10.335,0.9544,8.795,0.370416667,10.59160124,0
2006,67,17,85.6945,26.013,8.16,9.135,2.855,9.88,0.9513,8.34,0.370416667,10.58589483,0
2006,67,18,97.3435,1.173,0,0,0.065,9.985,0.9348,8.715,0.370416667,10.58491379,0
2006,67,19,108.7445,1.127,0,0,0,10.675,0.9362,7.935,0.370416667,10.58618514,0
2006,67,20,119.7625,0.368,0,0,0,11.44,0.97185,7.075,0.370416667,10.58630152,0
2006,67,21,129.8685,0,0,0,0.005,12.225,0.9706,7.66,0.370416667,10.58642085,0
2006,67,22,138.18,0.874,0,0,0,13.995,0.9432,10.115,0.370416667,10.58658259,0
2006,67,23,143.3275,0.943,0,0,0.05,14.715,0.93285,9.27,0.370416667,10.5868036,0
2006,68,0,143.901,0.805,0,0,0.06,14.695,0.93205,8.755,1.100666667,10.58703976,0
2006,68,1,139.7055,0.805,0,0,0.17,14.745,0.9155,9.97,1.100666667,10.58726866,0
2006,68,2,131.982,1.058,0,0,0.045,14.255,0.92375,9.65,1.100666667,10.58748849,0
2006,68,3,122.1865,1.219,0,0,0.23,13.885,0.92085,8.125,1.100666667,10.58768915,0
2006,68,4,111.312,0.759,0,0,0.335,13.32,0.9402,12.455,1.100666667,10.58783563,0
2006,68,5,99.945,0.368,0,0,0.48,13.06,0.93945,11.995,1.100666667,10.58791293,0
2006,68,6,88.2885,10.419,3.1,2.44,0.9,12.905,0.9436,12.515,1.100666667,10.58802498,0
2006,68,7,77.1995,72.496,26.43,29.915,6.37,13.04,0.93645,11.35,1.100666667,10.58858428,0
2006,68,8,66.6525,108.008,36.365,42.315,8.36,13.03,0.91945,11.22,1.100666667,10.58551275,0
2006,68,9,57.2465,94.737,29.15,33.315,6.06,12.77,0.9249,10.09,1.100666667,10.58543485,0
2006,68,10,49.798,123.211,38.92,45.255,7.725,12.675,0.94475,6.215,1.100666667,10.58543366,0
2006,68,11,45.361,279.358,95.065,116.495,20.61,12.885,0.95715,6.345,1.100666667,10.58543369,0
2006,68,12,44.858,222.686,73.725,89.805,15.89,12.775,0.9553,4.65,1.100666667,10.58543362,0
2006,68,13,48.4145,159.62,51.29,61.205,10.755,12.045,0.96095,6.29,1.100666667,10.58543363,0
2006,68,14,55.2375,124.223,41.23,46.62,8.405,11.745,0.9635,8.57,1.100666667,10.58543366,0
2006,68,15,64.2525,59.248,19.22,19.255,3.59,12.75,0.95345,4.42,1.100666667,10.58542988,0
2006,68,16,74.578,38.479,11.88,11.75,2.61,13.205,0.92305,6.345,1.100666667,10.57567904,0
2006,68,17,85.4985,6.785,1.125,0.06,0.405,12.845,0.92335,6.23,1.100666667,10.45035133,0
2006,68,18,97.14,0.897,0,0,0.02,12.52,0.9516,6.955,1.100666667,10.45094347,0
2006,68,19,108.5345,0.966,0,0,0.035,12.205,0.9646,5.57,1.100666667,10.45104179,0
2006,68,20,119.5335,1.058,0,0,0.04,11.845,0.9728,5.215,1.100666667,10.45114295,0
2006,68,21,129.604,0.897,0,0,0.205,11.555,0.9709,7.04,1.100666667,10.45129707,0
2006,68,22,137.8635,0.943,0,0,0.27,10.355,0.9532,8.03,1.100666667,10.45149081,0
2006,68,23,142.9585,0.874,0,0,1.005,7.565,0.95625,11.055,1.100666667,10.45171489,0
2006,69,0,143.508,0.805,0,0,0.03,6.09,0.9488,11.955,0.116416667,10.45194763,0
2006,69,1,139.324,0.253,0,0,0,5.125,0.93545,10.63,0.116416667,10.45215959,0
2006,69,2,131.63,0.414,0,0,0,5.055,0.92495,8.31,0.116416667,10.45233991,0
2006,69,3,121.8625,0.621,0,0,0,5.185,0.9277,7.445,0.116416667,10.45250142,0
2006,69,4,111.003,0.736,0,0,0,5.34,0.93215,6.28,0.116416667,10.45263017,0
2006,69,5,99.6455,0.759,0,0,0,5.22,0.95115,4.915,0.116416667,10.45270948,0
2006,69,6,87.964,12.213,3.675,3.285,0.865,5.255,0.9612,4.04,0.116416667,10.45288235,0
2006,69,7,76.8885,112.286,43.865,52.285,9.41,5.645,0.9347,3.715,0.116416667,10.47497828,0
2006,69,8,66.321,247.48,95.19,116.455,21.235,6.055,0.854,4.2,0.116416667,10.47348131,0
2006,69,9,56.89,506.897,199.86,248.06,47.45,6.395,0.85195,2.83,0.116416667,10.47344236,0
2006,69,10,49.416,1061.128,415.605,535.795,115.86,7.405,0.8138,3.01,0.116416667,10.47344179,0
2006,69,11,44.9635,1023.178,387.175,513.545,120.91,8.565,0.77615,3.54,0.116416667,10.4734419,0
2006,69,12,44.4765,1119.364,416.96,560.305,136.975,9.925,0.71205,2.89,0.116416667,10.47344178,0
2006,69,13,48.0725,973.636,359.195,485.3,121.935,10.76,0.6808,3.235,0.116416667,10.47344191,0
2006,69,14,54.944,902.152,329.085,445.215,116.1,11.06,0.6696,3.94,0.116416667,10.47344237,0
2006,69,15,63.999,755.527,273.42,369.89,104.395,11.35,0.6568,3.55,0.116416667,10.47344178,0
2006,69,16,74.3545,274.068,99.235,131.8,35.51,10.945,0.7158,5.84,0.116416667,10.47344182,0
2006,69,17,85.303,43.355,14.795,17.89,5.27,10.21,0.78525,4.75,0.116416667,10.47342855,0
2006,69,18,96.938,0.851,0.005,0,0.135,9.43,0.84885,4.32,0.116416667,10.5029672,0
2006,69,19,108.325,0.322,0,0,0.015,9.17,0.8642,4.625,0.116416667,10.50866365,0
2006,69,20,119.3035,0.207,0,0,0.02,8.545,0.88285,4.52,0.116416667,10.50884755,0
2006,69,21,129.3375,0.23,0,0,0.01,8.195,0.88435,4.915,0.116416667,10.50896711,0
2006,69,22,137.547,0.115,0,0,0.05,7.36,0.8997,5.37,0.116416667,10.50911791,0
2006,69,23,142.589,0.092,0,0,0,7.225,0.90745,5.715,0.116416667,10.50928804,0
2006,70,0,143.1105,0.23,0,0,0,7.58,0.88975,5.82,1.164166667,10.50947237,0
2006,70,1,138.94,0.023,0,0,0,7.88,0.8722,5.89,1.164166667,10.50965562,0
2006,70,2,131.2775,0.138,0,0,0.01,8.51,0.841,8.145,1.164166667,10.50982143,0
2006,70,3,121.536,0,0,0,0.115,8.345,0.85115,6.735,1.164166667,10.5099627,0
2006,70,4,110.6925,0.437,0,0,0.06,7.845,0.8673,7.07,1.164166667,10.51007307,0
2006,70,5,99.3425,0.322,0,0,0,9.425,0.8174,8.565,1.164166667,10.5101444,0
2006,70,6,87.6785,9.66,3.42,2,0.965,11.055,0.89735,12.96,1.164166667,10.51024044,0
2006,70,7,76.5765,248.86,92.39,114.2,27.84,12.235,0.9094,9.785,1.164166667,10.54248695,0
2006,70,8,65.9885,772.294,281.935,366.33,93.355,13.385,0.8886,9.98,1.164166667,10.54150678,0
2006,70,9,56.532,1028.077,365.91,491.745,126.56,15.03,0.8359,11.485,1.164166667,10.5414817,0
2006,70,10,49.0315,697.659,247.4,331.575,82.565,15.04,0.8523,12.39,1.164166667,10.54148131,0
2006,70,11,44.5685,805.529,287.755,383.93,94.66,14.985,0.8908,11.485,1.164166667,10.54148137,0
2006,70,12,44.0955,721.257,256.745,340.705,84.015,14.995,0.8819,12.22,1.164166667,10.5414816,0
2006,70,13,47.7325,775.123,278.68,370.985,92.615,15.93,0.86365,10.66,1.164166667,10.54148143,0
2006,70,14,54.6525,388.447,136.23,179.025,44.035,15.505,0.88495,10.335,1.164166667,10.54148142,0
2006,70,15,63.746,359.927,128.385,165.9,41.99,15.41,0.9096,8.855,1.164166667,10.54148132,0
2006,70,16,74.134,162.012,57.02,72.43,18.14,15.685,0.9259,8.615,1.164166667,10.54148133,0
2006,70,17,85.0695,19.113,5.335,4.765,1.71,15.81,0.93785,7.35,1.164166667,10.53360589,0
2006,70,18,96.7355,0.713,0,0,0.05,15.805,0.9434,5.28,1.164166667,10.5393684,0
2006,70,19,108.116,0.575,0,0,0.155,15.465,0.95595,5.915,1.164166667,10.54026621,0
2006,70,20,119.074,0.115,0,0,0.585,14.735,0.95595,6.06,1.164166667,10.54036373,0
2006,70,21,129.071,0.184,0,0,0.06,13.625,0.96965,4.515,1.164166667,10.54048049,0
2006,70,22,137.229,0.46,0,0,0.125,13.725,0.968,5.62,1.164166667,10.54063795,0
2006,70,23,142.218,0.805,0,0,0.015,13.84,0.9735,4.22,1.164166667,10.54083849,0
2006,71,0,142.7155,0.874,0,0,0.085,13.95,0.98005,3.455,0.0635,10.54107081,0
2006,71,1,138.5565,0.782,0,0,0.155,13.84,0.9722,3.14,0.0635,10.54130188,0
2006,71,2,130.922,0.736,0,0,0.07,13.45,0.97735,2.45,0.0635,10.54151028,0
2006,71,3,121.208,0.713,0,0,0.025,13.1,0.9845,1.5,0.0635,10.54168516,0
2006,71,4,110.3825,0.736,0,0,0,13.23,0.9865,0.145,0.0635,10.54181671,0
2006,71,5,99.039,0.759,0,0,0.195,13.125,0.9868,3.25,0.0635,10.54189648,0
2006,71,6,87.351,20.125,6.94,7.1,1.73,12.69,0.99215,3.17,0.0635,10.54318506,0
2006,71,7,76.262,81.903,30.565,35.25,6.7,12.83,0.9955,3.045,0.0635,10.55926478,0
2006,71,8,65.6555,227.309,86.83,105.935,19.72,13.31,0.99525,4.625,0.0635,10.55773632,0
2006,71,9,56.175,453.169,179.255,220.94,41.97,14.105,0.95495,5.94,0.0635,10.55769799,0
2006,71,10,48.6485,425.293,161.89,200.62,40.005,14.9,0.9333,6.495,0.0635,10.55769739,0
2006,71,11,44.172,395.347,145.91,170.19,38.19,15.825,0.93565,5.455,0.0635,10.55769746,0
2006,71,12,43.713,434.677,156.345,189.89,43.01,16.735,0.91885,5.3,0.0635,10.55769771,0
2006,71,13,47.3925,573.689,210.875,273.21,63.495,17.815,0.8727,5,0.0635,10.55769749,0
2006,71,14,54.36,938.377,345.89,459.525,114.88,19.005,0.78575,7.575,0.0635,10.55769767,0
2006,71,15,63.497,346.081,124.295,161.245,39.425,18.7,0.8095,7.885,0.0635,10.55769741,0
2006,71,16,73.9115,167.739,60.18,76.485,19.08,17.965,0.86305,8.325,0.0635,10.55769742,0
2006,71,17,84.876,13.478,3.99,3.54,1.63,17.53,0.90075,7.99,0.0635,10.54793875,0
2006,71,18,96.5335,0.207,0,0,0.095,17.03,0.93065,7.75,0.0635,10.55421596,0
2006,71,19,107.9045,0.782,0,0,0.035,17.055,0.94925,7.31,0.0635,10.55496854,0
2006,71,20,118.8435,0.414,0,0,0.105,16.77,0.9542,7.555,0.0635,10.55507052,0
2006,71,21,128.8045,0.23,0,0,0.02,16.755,0.9467,9.585,0.0635,10.5551955,0
2006,71,22,136.911,0.023,0,0,0.065,17.725,0.89725,13.49,0.0635,10.55534568,0
2006,71,23,141.8465,0,0,0,0.12,17.905,0.8838,11.76,0.0635,10.555512,0
2006,72,0,142.317,0,0,0,0.01,18.62,0.86495,11.775,0.0635,10.55568771,0
2006,72,1,138.1705,0,0,0,0.005,18.665,0.86635,11.51,0.0635,10.55586276,0
2006,72,2,130.565,0,0,0,0.005,18.57,0.87225,6.855,0.0635,10.55602404,0
2006,72,3,120.8765,0,0,0,0,18.725,0.86865,6.81,0.0635,10.55616096,0
2006,72,4,110.0695,0.483,0,0,1.805,18.55,0.84305,9.855,0.0635,10.55627099,0
2006,72,5,98.7335,0.874,0,0,0.025,17.105,0.8546,7.535,0.0635,10.55634705,0
2006,72,6,87.0625,24.38,7.36,6.97,1.955,16.965,0.8653,7.645,0.0635,10.5602152,0
2006,72,7,75.9475,110.193,39.85,47.675,11.1,16.455,0.7786,8.095,0.0635,10.58380631,0
2006,72,8,65.3205,668.863,254.195,334.235,85.485,16.5,0.67405,10.715,0.0635,10.58282803,0
2006,72,9,55.815,1011.126,377.855,515.7,134.08,16.225,0.44055,14.545,0.0635,10.58280418,0
2006,72,10,48.262,1356.448,506.065,692.735,172.955,15.075,0.49715,14.715,0.0635,10.58280382,0
2006,72,11,43.773,1531.639,572.075,782.76,191.285,14.13,0.59675,14.515,0.0635,10.58280388,0
2006,72,12,43.3305,1486.651,554.945,759.02,186.545,13.315,0.6371,14.88,0.0635,10.58280411,0
2006,72,13,47.052,905.855,331.87,450.395,112.555,10.525,0.69745,15.9,0.0635,10.58280393,0
2006,72,14,54.07,401.12,144.325,192.445,46.88,7.945,0.7242,15.365,0.0635,10.58280395,0
2006,72,15,63.2485,261.97,93.955,123.61,29.99,6.49,0.70555,14.33,0.0635,10.58280384,0
2006,72,16,73.6915,212.888,78.73,104.425,27.795,6.525,0.66775,13,0.0635,10.58280384,0
2006,72,17,84.6825,101.338,32.85,44.115,16.555,5.145,0.67185,13.18,0.0635,10.58280386,0
2006,72,18,96.332,1.288,0.05,0,0.24,4.185,0.68795,11.575,0.0635,10.63721656,0
2006,72,19,107.695,0,0,0,0.025,4.09,0.7224,10.845,0.0635,10.6665921,0
2006,72,20,118.6105,0.023,0,0,0.515,3.34,0.72455,12.46,0.0635,10.66722193,0
2006,72,21,128.5345,0,0,0,0.425,2.09,0.72655,11.245,0.0635,10.66734069,0
2006,72,22,136.5895,0,0,0,0.225,1.395,0.7574,9.68,0.0635,10.66748305,0
2006,72,23,141.475,0,0,0,0.445,0.235,0.7903,9.6,0.0635,10.66764793,0
2006,73,0,141.918,0,0,0,0.15,-0.205,0.7725,10.205,0,10.66782389,0
2006,73,1,137.785,0,0,0,0.215,-0.34,0.76345,10.395,0,10.66799887,0
2006,73,2,130.206,0,0,0,0.525,-1.445,0.73805,13.675,0,10.66816062,0
2006,73,3,120.545,0,0,0,0.28,-1.74,0.748,11.28,0,10.66829884,0
2006,73,4,109.7545,0,0,0,0.245,-2.27,0.7635,8.635,0,10.66840272,0
2006,73,5,98.427,0.276,0,0,0.195,-2.66,0.7895,7.81,0,10.66846786,0
2006,73,6,86.7345,81.719,29.88,36,13.84,-2.755,0.79465,8.21,0,10.76730298,0
2006,73,7,75.632,422.211,159.525,211.86,64.905,-2.23,0.76995,9.185,0,10.7685703,0
2006,73,8,64.9875,824.596,312.105,422.14,116.065,-1.29,0.7261,10.17,0,10.76852387,0
2006,73,9,55.4545,1172.218,446.45,608.03,156.335,-0.3,0.6962,9.975,0,10.76852283,0
2006,73,10,47.877,1419.054,542.935,741.6,183.07,1.09,0.663,10.09,0,10.76852285,0
2006,73,11,43.3755,1551.81,595.275,815.27,198.05,2.595,0.61125,11.01,0,10.7685228,0
2006,73,12,42.95,1541.69,590.45,809.815,198.155,3.775,0.5843,11.705,0,10.76852282,0
2006,73,13,46.715,1452.082,554.05,759.235,190.31,4.715,0.5337,11.83,0,10.76852283,0
2006,73,14,53.7815,1217.298,459.085,629.24,165.66,5.225,0.49755,10.975,0,10.76852288,0
2006,73,15,63,887.018,330.6,453.525,129.365,5.5,0.4796,10.98,0,10.76852302,0
2006,73,16,73.471,487.83,179.17,245.82,79.68,5.435,0.48065,10.23,0,10.76852291,0
2006,73,17,84.488,123.027,42.285,57.07,23.775,4.95,0.51835,8.25,0,10.76852284,0
2006,73,18,96.0935,1.84,0.135,0.12,0.565,3.445,0.61535,5.225,0,10.81471629,0
2006,73,19,107.483,0,0,0,0.07,2.02,0.7053,4.115,0,10.84936791,0
2006,73,20,118.38,0,0,0,0.03,1.555,0.7337,4.42,0,10.85012365,0
2006,73,21,128.2645,0,0,0,0.01,0.905,0.77895,3.94,0,10.85024477,0
2006,73,22,136.271,0,0,0,0,1.145,0.7744,5.41,0,10.85038808,0
2006,73,23,141.1015,0,0,0,0.095,0.99,0.796,4.35,0,10.8505536,0
2006,74,0,141.5195,0.092,0,0,0.07,0.515,0.82395,3.825,0,10.85073266,0
2006,74,1,137.3955,0,0,0,0,1.01,0.801,5.19,0,10.85091161,0
2006,74,2,129.8465,0,0,0,0.02,1.145,0.79995,5.265,0,10.85107417,0
2006,74,3,120.2115,0,0,0,0.305,0.39,0.80425,5.645,0,10.85121225,0
2006,74,4,109.4375,0,0,0,0.41,-0.935,0.81615,4.885,0,10.8513162,0
2006,74,5,98.1185,0.322,0,0,0.395,-1.84,0.79725,4.485,0,10.85138151,0
2006,74,6,86.444,85.353,31.985,39.625,15.225,-2.455,0.80965,3.55,0,10.94216785,0
2006,74,7,75.315,436.31,168.175,222.38,68.36,-1.915,0.7564,5.105,0,10.94284524,0
2006,74,8,64.65,844.307,328.73,436.705,117.54,-1.025,0.7037,4.305,0,10.94279734,0
2006,74,9,55.094,1190.411,464.94,623.53,159.55,0.315,0.6427,3.23,0,10.94279635,0
2006,74,10,47.4895,1443.227,569.725,761.87,186.02,2.12,0.53295,1.81,0,10.94279637,0
2006,74,11,42.975,1542.978,606.38,815.53,195.155,3.61,0.48515,1.585,0,10.94279631,0
2006,74,12,42.568,1547.716,611.75,825.36,198.66,4.83,0.45635,2.17,0,10.94279633,0
2006,74,13,46.3755,1463.766,567.57,765.87,188.925,6.015,0.4282,2.17,0,10.94279635,0
2006,74,14,53.494,1110.969,418.61,568.91,145.985,6.85,0.39255,1.97,0,10.94279641,0
2006,74,15,62.754,920.69,348.44,468.945,129.6,7.96,0.36335,1.165,0,10.94279661,0
2006,74,16,73.2545,319.378,120.555,161.385,42.235,7.435,0.3826,0.965,0,10.94279637,0
2006,74,17,84.295,154.606,58.475,79.025,26.105,7.275,0.40975,1.765,0,10.94279642,0
2006,74,18,95.8955,1.61,0.03,0.02,0.05,6.185,0.4989,2.88,0,10.98064058,0
2006,74,19,107.275,0.138,0,0,0,5.445,0.56725,3.14,0,11.02006243,0
2006,74,20,118.1465,0,0,0,0,4.81,0.68555,3.32,0,11.02094594,0
2006,74,21,127.995,0,0,0,0,4.64,0.69085,4.035,0,11.02106984,0
2006,74,22,135.947,0,0,0,0,4.285,0.67925,4.955,0,11.02121361,0
2006,74,23,140.7275,0,0,0,0.005,3.725,0.7196,3.71,0,11.0213801,0
2006,75,0,141.1205,0,0,0,0,3.785,0.7065,5.045,0,11.02155738,0
2006,75,1,137.0075,0,0,0,0.01,3.98,0.69195,4.13,0,11.02173349,0
2006,75,2,129.485,0,0,0,0.015,4.015,0.672,4.615,0,11.02189616,0
2006,75,3,119.8755,0.184,0,0,0.16,3.71,0.69955,3.87,0,11.0220382,0
2006,75,4,109.121,0.069,0,0,0.01,3.515,0.70105,8.355,0,11.02214695,0
2006,75,5,97.809,0.46,0,0,0.195,3.375,0.67755,7.575,0,11.02221425,0
2006,75,6,86.1135,56.879,21.955,28.23,9.74,2.735,0.72665,7.185,0,11.08632926,0
2006,75,7,74.9975,345.805,126.235,169.47,49.79,4.015,0.6633,9.29,0,11.0870744,0
2006,75,8,64.3135,210.496,74.47,99.025,24.8,5.205,0.64795,8.58,0,11.08695359,0
2006,75,9,54.732,290.927,103.795,135.59,32.32,6.3,0.68115,8.345,0,11.08695115,0
2006,75,10,47.102,644.644,238.99,317.845,76.815,8.5,0.643,9.075,0,11.08695111,0
2006,75,11,42.5745,1382.898,518.835,705.525,174.16,11.555,0.5505,10.08,0,11.0869511,0
2006,75,12,42.1845,1077.067,400.97,544.73,133.355,13.74,0.47135,9.5,0,11.08695111,0
2006,75,13,46.039,1201.727,451.82,612.695,153.295,14.92,0.4571,7.405,0,11.08695113,0
2006,75,14,53.2065,179.009,98.98,129.085,31.455,15.52,0.4696,4.725,0,11.08695116,0
2006,75,15,62.509,507.15,186.965,251.67,67.36,16.58,0.43385,8.08,0,11.08695126,0
2006,75,16,73.0365,189.52,66.55,90.425,23.805,11.33,0.57625,6.13,0,11.08695151,0
2006,75,17,84.0995,29.716,7.565,12.165,5.33,7.855,0.6648,10.13,0,11.08366871,0
2006,75,18,95.698,1.61,0.035,0.08,0.925,4.87,0.74335,10.085,0,11.06314499,0
2006,75,19,107.0645,0.046,0,0,0.63,3.125,0.81025,10.09,0,11.06463435,0
2006,75,20,117.9135,0.368,0,0,0.075,2.655,0.85425,8.615,0,11.06474521,0
2006,75,21,127.7235,0.322,0,0,0.21,2.445,0.8935,8.085,0,11.06487277,0
2006,75,22,135.6245,0.299,0,0,0.32,1.85,0.9077,8.405,0,11.06503388,0
2006,75,23,140.353,0.46,0,0,0.125,1.42,0.899,9.12,0,11.06522315,0
2006,76,0,140.721,0.46,0,0,0.12,1.35,0.91265,9.425,0,11.06543061,0
2006,76,1,136.617,0.46,0,0,0.05,1.165,0.926,9.355,0,11.06563601,0
2006,76,2,129.1235,0.345,0,0,0.055,1.17,0.9103,8.66,0,11.06582317,0
2006,76,3,119.5395,0,0,0,0.125,1.095,0.8969,8.21,0,11.06597006,0
2006,76,4,108.8025,0,0,0,0.115,1.08,0.87515,7.905,0,11.06607322,0
2006,76,5,97.499,0.414,0,0,0.195,1.05,0.85935,6.96,0,11.06613773,0
2006,76,6,85.82,63.273,20.28,24.895,7.15,0.8,0.83005,5.57,0,11.13050971,0
2006,76,7,74.68,413.609,154.195,203.945,62.935,1.49,0.75195,5.675,0,11.13055252,0
2006,76,8,63.977,756.447,279.735,373.07,102.14,2.59,0.65425,6.335,0,11.13045422,0
2006,76,9,54.3695,1177.37,446.1,601.595,154.15,3.695,0.60175,6.475,0,11.1304523,0
2006,76,10,46.714,1265.437,482.945,650.985,160.08,4.495,0.58215,5.22,0,11.13045228,0
2006,76,11,42.174,1576.443,607.165,820.33,198.1,5.44,0.5382,5.77,0,11.13045228,0
2006,76,12,41.803,1334.667,507.675,686.975,165.255,5.92,0.4969,6.425,0,11.13045226,0
2006,76,13,45.703,1200.186,456.98,617.14,151.505,6.175,0.4856,6.795,0,11.13045227,0
2006,76,14,52.921,1013.15,382.64,518.175,133.12,6.215,0.4716,6.635,0,11.13045228,0
2006,76,15,62.265,826.804,309.8,421.285,116.04,6.54,0.45675,6.685,0,11.13045231,0
2006,76,16,72.8215,498.571,183.875,248.74,78.89,6.325,0.455,6.365,0,11.13045239,0
2006,76,17,83.907,134.435,47.73,64.715,25.11,5.63,0.4953,5.825,0,11.1304525,0
2006,76,18,95.464,2.438,0.185,0.27,0.62,3.87,0.5746,3.95,0,11.16551182,0
2006,76,19,106.8555,0,0,0,0.165,2.135,0.65625,4.135,0,11.19857113,0
2006,76,20,117.6795,0,0,0,0.24,1.145,0.7024,6.34,0,11.19935516,0
2006,76,21,127.452,0,0,0,0.255,-0.11,0.6661,5.47,0,11.1994791,0
2006,76,22,135.302,0,0,0,0.095,-0.965,0.70165,4.565,0,11.19962428,0
2006,76,23,139.9785,0.046,0,0,0.005,-1.64,0.74945,2.88,0,11.19979263,0
2006,77,0,140.322,0.207,0,0,0.095,-2.56,0.79915,2.905,0,11.19997689,0
2006,77,1,136.2265,0.207,0,0,0.055,-3.135,0.8305,2.89,0,11.20016606,0
2006,77,2,128.7595,0.184,0,0,0.065,-3.395,0.85425,3.495,0,11.20033969,0
2006,77,3,119.2015,0.046,0,0,0.115,-3.76,0.8842,3.17,0,11.20048339,0
2006,77,4,108.482,0,0,0,0.045,-4.055,0.90305,3.12,0,11.20058762,0
2006,77,5,97.1875,0.805,0.165,0.06,0.16,-4.36,0.91485,2.86,0,11.2006557,0
2006,77,6,85.49,79.074,30.015,37.08,12.015,-3.835,0.9028,3.14,0,11.26852345,0
2006,77,7,74.36,366.666,136.08,179.515,51.505,-2.275,0.8674,4.09,0,11.26813842,0
2006,77,8,63.64,776.296,298.51,397.67,105.705,-0.205,0.73995,4.51,0,11.26807334,0
2006,77,9,54.008,1273.004,491.6,667.38,171.89,1.185,0.64455,3.91,0,11.26807211,0
2006,77,10,46.3265,1492.999,578.645,783.39,192.205,2.405,0.5579,3.035,0,11.26807213,0
2006,77,11,41.774,1583.803,615.445,832.2,199.545,3.535,0.4888,3.44,0,11.26807208,0
2006,77,12,41.4215,1594.038,618.37,836.86,201.12,4.445,0.42885,4.5,0,11.26807209,0
2006,77,13,45.3675,1481.177,570.775,772.935,190.18,5.075,0.3931,5.115,0,11.26807211,0
2006,77,14,52.6395,1249.475,477.225,647.005,166.91,5.61,0.3567,5.575,0,11.26807216,0
2006,77,15,62.0225,914.894,344.315,467.355,129.995,5.955,0.36855,5.18,0,11.26807228,0
2006,77,16,72.606,516.764,192.22,259.68,81.74,6.055,0.3735,4.62,0,11.26807219,0
2006,77,17,83.7105,139.955,49.03,66.415,25.23,5.485,0.3532,4.955,0,11.26807211,0
2006,77,18,95.269,2.392,0.125,0.22,0.39,3.57,0.4455,3.42,0,11.29822992,0
2006,77,19,106.6445,0.092,0,0,0.17,2.01,0.51355,4.135,0,11.32982395,0
2006,77,20,117.4455,0.069,0,0,0.045,0.9,0.54515,4.19,0,11.3306115,0
2006,77,21,127.1785,0,0,0,0.025,0.345,0.57315,4.2,0,11.33073744,0
2006,77,22,134.9775,0,0,0,0,-0.335,0.5567,2.695,0,11.3308829,0
2006,77,23,139.6035,0,0,0,0,-0.765,0.51125,2.695,0,11.33105064,0
2006,78,0,139.9215,0,0,0,0,-1.215,0.4898,2.435,0,11.33122882,0
2006,78,1,135.8365,0,0,0,0,-1.86,0.54875,0.61,0,11.33140537,0
2006,78,2,128.3955,0,0,0,0.005,-2.23,0.5709,0.24,0,11.33156793,0
2006,78,3,118.8635,0.023,0,0,0.05,-2.685,0.6084,2.275,0,11.33170655,0
2006,78,4,108.1615,0.299,0,0,0.03,-3.06,0.5938,1.79,0,11.33181433,0
2006,78,5,96.875,1.311,0.175,0.085,0.125,-3.135,0.56635,1.02,0,11.33189142,0
2006,78,6,85.196,117.461,45.225,55.86,20.455,-3.655,0.70795,2.62,0,11.40471802,0
2006,78,7,74.0415,482.609,186.38,244.255,73.205,-1.425,0.6179,2.355,0,11.40426825,0
2006,78,8,63.3045,717.416,272.115,366.925,98.35,0.665,0.4629,4.26,0,11.40423036,0
2006,78,9,53.6475,1143.836,440.345,593.33,151.345,2.395,0.4143,2.795,0,11.40422982,0
2006,78,10,45.939,1399.366,540.265,730.185,179.695,4.04,0.3373,2.94,0,11.40422968,0
2006,78,11,41.374,1619.499,628.295,848.765,203.895,5.26,0.32635,3.48,0,11.40422979,0
2006,78,12,41.0405,1499.853,578.175,782.35,189.39,6.065,0.32175,3.77,0,11.40423025,0
2006,78,13,45.033,1263.091,482.33,651.675,161.41,6.615,0.34605,4.53,0,11.40422969,0
2006,78,14,52.357,1094.156,414.745,558.685,143.205,7.36,0.363,4.415,0,11.40422976,0
2006,78,15,61.781,741.451,276.56,371.645,99.83,7.77,0.36965,4.91,0,11.40422996,0
2006,78,16,72.392,359.743,132.195,176.445,48.205,7.765,0.3782,4.715,0,11.40422969,0
2006,78,17,83.5175,99.337,35.925,46.79,12.89,7.08,0.4192,4.385,0,11.40422972,0
2006,78,18,95.0735,2.231,0.18,0.14,0.205,5.705,0.46295,3.59,0,11.43038993,0
2006,78,19,106.435,0,0,0,0.01,5.505,0.4816,2.825,0,11.45038666,0
2006,78,20,117.21,0,0,0,0.195,4.82,0.43625,6.07,0,11.4509374,0
2006,78,21,126.907,0,0,0,0.135,3.635,0.4007,5.76,0,11.45105898,0
2006,78,22,134.652,0,0,0,0.23,2.6,0.379,6.625,0,11.45120513,0
2006,78,23,139.2295,0.023,0,0,0.185,1.615,0.44065,5.2,0,11.45137354,0
2006,79,0,139.521,0.023,0,0,0.115,1.31,0.47655,5.22,0.010583333,11.45155311,0
2006,79,1,135.447,0.023,0,0,0.06,1,0.48785,5.205,0.010583333,11.45173169,0
2006,79,2,128.031,0.046,0,0,0.02,1.45,0.38875,6.495,0.010583333,11.45189612,0
2006,79,3,118.524,0,0,0,0.15,1.085,0.4227,6.27,0.010583333,11.45203473,0
2006,79,4,107.839,0.023,0,0,0.005,0.99,0.44635,6.42,0.010583333,11.45213832,0
2006,79,5,96.5635,0.391,0,0,0.205,0.78,0.4644,7.69,0.010583333,11.45220244,0
2006,79,6,84.865,30.958,10.295,12.03,3.59,0.545,0.4488,7.655,0.010583333,11.45624,0
2006,79,7,73.7225,167.509,60.58,79.38,19.66,0.465,0.48365,7.565,0.010583333,11.44327939,0
2006,79,8,62.967,272.481,97.6,127.96,30.665,0.69,0.4922,7.32,0.010583333,11.44233598,0
2006,79,9,53.2855,406.502,146.055,192.17,45.72,1.055,0.49085,7.805,0.010583333,11.44231852,0
2006,79,10,45.5495,548.412,198.535,262.775,62.385,1.525,0.5113,7.85,0.010583333,11.44231828,0
2006,79,11,40.973,490.314,173.9,227.81,52.98,1.985,0.51335,7.69,0.010583333,11.44231836,0
2006,79,12,40.6595,623.231,225.115,295.54,69.715,2.575,0.4965,8.04,0.010583333,11.44231863,0
2006,79,13,44.7005,627.049,227.15,298.575,71.175,3.145,0.4899,7.975,0.010583333,11.44231836,0
2006,79,14,52.0745,350.934,124.125,161.605,38.215,3.325,0.4894,8.11,0.010583333,11.44231855,0
2006,79,15,61.542,242.397,84.96,109.01,25.485,3.48,0.49015,8.48,0.010583333,11.44231837,0
2006,79,16,72.1785,238.487,87.625,115.695,29.15,3.32,0.5089,10.505,0.010583333,11.44231836,0
2006,79,17,83.324,83.559,30.96,40.305,11.325,2.83,0.5575,9.87,0.010583333,11.4423183,0
2006,79,18,94.8405,2.392,0.435,0.35,0.5,2.28,0.60465,8.97,0.010583333,11.46280039,0
2006,79,19,106.223,0,0,0,0.105,1.9,0.6128,9.33,0.010583333,11.47777791,0
2006,79,20,116.976,0.023,0,0,0,1.965,0.59885,10.48,0.010583333,11.47822227,0
2006,79,21,126.6325,0,0,0,0.02,2.005,0.6215,11.32,0.010583333,11.47834205,0
2006,79,22,134.327,0.023,0,0,0.13,1.865,0.64385,10.945,0.010583333,11.47848814,0
2006,79,23,138.854,0,0,0,0.14,1.545,0.63865,7.64,0.010583333,11.47865676,0
2006,80,0,139.122,0,0,0,0.23,1.17,0.61135,8.795,0.15875,11.47883574,0
2006,80,1,135.0545,0.023,0,0,0.585,0.045,0.6718,11.14,0.15875,11.4790126,0
2006,80,2,127.6645,0.184,0,0,0.7,-1.5,0.7832,13.16,0.15875,11.4791802,0
2006,80,3,118.1825,0.115,0,0,0.355,-2.8,0.8955,12.415,0.15875,11.47932615,0
2006,80,4,107.5175,0.23,0,0,0.265,-3.185,0.9159,13.245,0.15875,11.47943547,0
2006,80,5,96.2505,0.667,0,0,0.355,-3.465,0.89065,9.95,0.15875,11.47950577,0
2006,80,6,84.5705,46.989,4.39,17.26,14.69,-4.19,0.9193,11.13,0.15875,11.50973853,0
2006,80,7,73.4045,189.451,18.195,74.95,58.275,-4.405,0.90665,10.395,0.15875,11.50623094,0
2006,80,8,62.63,409.101,36.495,164.09,129.01,-4.465,0.8971,10.94,0.15875,11.50597649,0
2006,80,9,52.924,728.203,60.81,300.275,240.91,-4.22,0.89405,10.405,0.15875,11.50597185,0
2006,80,10,45.1615,1248.256,108.44,548.08,439.92,-3.93,0.87525,11.725,0.15875,11.50597178,0
2006,80,11,40.5735,1273.073,108.805,559.185,449.445,-3.805,0.8562,11.84,0.15875,11.50597186,0
2006,80,12,40.281,1576.903,145.495,721.45,572.645,-2.95,0.7854,11.095,0.15875,11.50597213,0
2006,80,13,44.368,1084.588,90.22,476.6,386.2,-2.075,0.6863,10.92,0.15875,11.50597186,0
2006,80,14,51.796,901.761,81.575,406.865,325.95,-1.485,0.70255,11.425,0.15875,11.50597204,0
2006,80,15,61.3035,645.242,60.165,293.55,234.075,-1.83,0.8012,11.015,0.15875,11.50597187,0
2006,80,16,71.9685,426.213,43.725,200.735,159.145,-1.22,0.7451,9.575,0.15875,11.50597186,0
2006,80,17,83.129,144.601,14.445,69.82,57.095,-1.285,0.68695,10.135,0.15875,11.5059718,0
2006,80,18,94.649,4.232,0.03,1.185,2.34,-2.075,0.72415,6.605,0.15875,11.52642526,0
2006,80,19,106.014,0,0,0,0.11,-2.565,0.76425,4.725,0.15875,11.55463904,0
2006,80,20,116.7415,0,0,0,0,-1.74,0.6956,7.11,0.15875,11.55542857,0
2006,80,21,126.358,0,0,0,0.405,-2.31,0.751,5.185,0.15875,11.55555307,0
2006,80,22,134.001,0.184,0,0,0.23,-4.275,0.81035,4.59,0.15875,11.5557023,0
2006,80,23,138.4785,0.414,0,0,0.09,-4.925,0.8159,4.49,0.15875,11.55588559,0
2006,81,0,138.7225,0.276,0,0,0.005,-5.725,0.8272,3.41,0,11.55608684,0
2006,81,1,134.6645,0.161,0,0,0,-5.955,0.8234,3.37,0,11.55627799,0
2006,81,2,127.2995,0.207,0,0,0,-6.42,0.8361,2.71,0,11.55645195,0
2006,81,3,117.843,0.023,0,0,0,-6.785,0.8292,2.52,0,11.55659686,0
2006,81,4,107.1955,0.092,0,0,0,-7.68,0.85615,1.45,0,11.55670249,0
2006,81,5,95.903,2.484,0.12,0.3,0.61,-7.73,0.8641,2.42,0,11.55679136,0
2006,81,6,84.274,161.414,25.16,68.665,54.87,-7.185,0.84405,2.815,0,11.6269781,0
2006,81,7,73.084,566.789,84.945,272.285,204.195,-4.705,0.7913,3.3,0,11.62644876,0
2006,81,8,62.2945,972.854,146.2,493.675,358.615,-1.9,0.70265,4.135,0,11.62641998,0
2006,81,9,52.563,1323.742,209.62,681.145,469.725,0.03,0.6474,3.34,0,11.62641949,0
2006,81,10,44.775,1565.909,308.85,813.305,490.43,1.525,0.55805,4.785,0,11.62641964,0
2006,81,11,40.172,1681.185,474.775,878.665,382.63,2.34,0.4961,6.24,0,11.62642025,0
2006,81,12,39.9,1670.237,607.965,872.415,243.78,3.09,0.5121,6.16,0,11.6264195,0
2006,81,13,44.0385,1540.425,593.61,800.235,191.56,3.89,0.5169,5.975,0,11.62641956,0
2006,81,14,51.519,1298.166,494.915,668.515,168.335,4.425,0.5255,5.78,0,11.62641975,0
2006,81,15,61.0655,961.837,358.9,488.96,135.49,4.895,0.52305,5.795,0,11.62641955,0
2006,81,16,71.758,559.866,205.235,278.81,88.095,5.145,0.52835,5.905,0,11.62641962,0
2006,81,17,82.9375,169.349,59.655,80.595,31.575,4.78,0.5566,4.18,0,11.62641949,0
2006,81,18,94.4565,4.485,0.58,1.07,0.985,2.83,0.671,3.985,0,11.64310471,0
2006,81,19,105.8035,0,0,0,0.135,1.05,0.75205,4.755,0,11.67275827,0
2006,81,20,116.5045,0,0,0,0.15,0.34,0.7948,4.67,0,11.67362182,0
2006,81,21,126.083,0.023,0,0,0.03,0.17,0.76315,3.745,0,11.67374858,0
2006,81,22,133.676,0.023,0,0,0.01,-0.565,0.7916,2.865,0,11.67389548,0
2006,81,23,138.103,0.253,0,0,0,-1.38,0.82995,3.235,0,11.67407037,0
2006,82,0,138.3225,0.299,0,0,0,-1.715,0.83155,3.355,0,11.67426597,0
2006,82,1,134.2735,0.23,0,0,0,-1.57,0.80905,2.415,0,11.67445957,0
2006,82,2,126.9335,0.414,0,0,0.005,-2.235,0.8361,2.745,0,11.67464059,0
2006,82,3,117.5015,0.368,0,0,0,-2.545,0.85075,2.205,0,11.67479832,0
2006,82,4,106.872,0.46,0,0,0,-3.005,0.86035,2.385,0,11.67491679,0
2006,82,5,95.5565,2.783,0.68,0.415,0.235,-3.395,0.8766,2.115,0,11.67501506,0
2006,82,6,83.9745,146.556,49.565,63.4,22.02,-3.21,0.8753,1.845,0,11.73684416,0
2006,82,7,72.7655,411.884,151.29,200.03,57.375,-1.46,0.85525,3.145,0,11.73611805,0
2006,82,8,61.9585,783.817,300.72,395.92,100.61,0.785,0.795,3.75,0,11.73608548,0
2006,82,9,52.204,1225.647,468.97,628.86,159.51,4.06,0.69565,3.11,0,11.73608495,0
2006,82,10,44.388,1278.041,485.74,655.04,162.28,6.2,0.5758,3.105,0,11.73608506,0
2006,82,11,39.7725,755.389,279.965,375.34,91.725,6.85,0.5029,2.495,0,11.73608499,0
2006,82,12,39.523,523.066,190.66,251.69,60.5,6.71,0.51365,3.165,0,11.73608524,0
2006,82,13,43.7095,623.208,229.52,303.53,72.575,6.915,0.50185,3.6,0,11.73608501,0
2006,82,14,51.2435,627.026,232.7,307.74,75,7.175,0.4794,3.715,0,11.73608519,0
2006,82,15,60.833,344.057,125.785,167.25,40.765,6.91,0.49385,5.435,0,11.73608496,0
2006,82,16,71.548,233.956,86.595,114.57,28.665,6.675,0.511,5.03,0,11.73608503,0
2006,82,17,82.7435,49.565,16.85,21.84,6.46,5.785,0.59395,5.52,0,11.7360756,0
2006,82,18,94.228,1.725,0.13,0.095,0.53,4.595,0.66925,4.905,0,11.72118159,0
2006,82,19,105.591,0.023,0,0,0.01,4.055,0.71335,3.04,0,11.72556518,0
2006,82,20,116.269,0,0,0,0.01,3.86,0.7213,3.05,0,11.72576261,0
2006,82,21,125.808,0,0,0,0,3.65,0.72545,2.12,0,11.72587974,0
2006,82,22,133.348,0.069,0,0,0,3.185,0.76805,1.815,0,11.72602806,0
2006,82,23,137.7275,0.253,0,0,0,2.765,0.7879,2.58,0,11.72620533,0
2006,83,0,137.924,0.138,0,0,0.07,1.96,0.81755,2.76,0,11.72639694,0
2006,83,1,133.8815,0.414,0,0,0,1.58,0.84545,3.21,0,11.72658988,0
2006,83,2,126.567,0.437,0,0,0.08,1.34,0.86065,3.13,0,11.72677735,0
2006,83,3,117.16,0.46,0,0,0.015,1.065,0.8883,2.66,0,11.72693712,0
2006,83,4,106.549,0.46,0,0,0.065,0.885,0.91055,2.7,0,11.72705657,0
2006,83,5,95.251,1.173,0.05,0,0.06,0.665,0.93985,3.655,0,11.72713351,0
2006,83,6,83.675,43.792,14.905,17.055,4.315,0.655,0.94835,4.11,0,11.74069369,0
2006,83,7,72.4475,185.725,70.165,90.845,22.29,0.97,0.92075,4.57,0,11.73262185,0
2006,83,8,61.6225,269.1,98.225,129.575,32.305,1.265,0.85635,4.925,0,11.73227089,0
2006,83,9,51.8425,432.906,158.825,211.86,52.4,1.945,0.76915,5.19,0,11.73226481,0
2006,83,10,44,516.902,186.525,249.77,60.185,2.16,0.78595,4.885,0,11.73226471,0
2006,83,11,39.3745,353.625,123.4,161.85,38.455,2.305,0.76875,3.79,0,11.7322647,0
2006,83,12,39.1465,315.537,107.375,141.345,33.46,2.06,0.8327,5.1,0,11.73226471,0
2006,83,13,43.382,208.196,68.105,88.13,20.9,1.735,0.85975,7.46,0,11.73226472,0
2006,83,14,50.9685,306.314,107.65,143.485,35.9,2.14,0.83435,6.075,0,11.73226475,0
2006,83,15,60.599,546.319,200.235,269.02,70.07,3.5,0.7173,6.33,0,11.73226481,0
2006,83,16,71.3405,407.123,149.61,205.135,57.45,3.11,0.7596,8.035,0,11.73226494,0
2006,83,17,82.5515,100.487,33.8,43.74,13.08,2.56,0.8019,5.665,0,11.73226474,0
2006,83,18,94.037,4.899,1.015,1.06,0.7,1.895,0.80315,5.65,0,11.74572535,0
2006,83,19,105.3815,0.161,0,0,0.47,0.925,0.85875,4.725,0,11.76296632,0
2006,83,20,116.0315,0.46,0,0,0.155,0.12,0.9146,4.37,0,11.76353467,0
2006,83,21,125.5295,0.46,0,0,0.105,0.12,0.93335,5.095,0,11.76367568,0
2006,83,22,133.022,0.46,0,0,0.17,-0.1,0.93965,4.3,0,11.76384632,0
2006,83,23,137.353,0.46,0,0,0.195,-0.47,0.9489,3.705,0,11.76404243,0
2006,84,0,137.525,0.46,0,0,0.025,-0.305,0.93965,3.27,0.010583333,11.76425061,0
2006,84,1,133.4905,0.46,0,0,0.045,-0.21,0.93505,2.91,0.010583333,11.76445741,0
2006,84,2,126.2005,0.46,0,0,0.285,-0.44,0.92,3.625,0.010583333,11.76464748,0
2006,84,3,116.819,0.46,0,0,0.17,-1.665,0.92735,3.305,0.010583333,11.76480826,0
2006,84,4,106.225,0.46,0,0,0.02,-2.11,0.91345,3.04,0.010583333,11.76492847,0
2006,84,5,94.9065,2.737,0.675,0.265,0.255,-2.26,0.9095,3.395,0.010583333,11.76502456,0
2006,84,6,83.373,90.114,32.89,42.505,11.98,-1.585,0.8962,3.75,0.010583333,11.81015211,0
2006,84,7,72.13,511.244,198.1,259.855,71.35,-0.105,0.8585,5.125,0.010583333,11.80864407,0
2006,84,8,61.2895,852.173,325.29,433,113.615,1.555,0.8334,5.545,0.010583333,11.80858357,0
2006,84,9,51.4845,1099.561,418.825,565.965,145.025,3.26,0.7866,5.805,0.010583333,11.80858256,0
2006,84,10,43.6135,1157.061,439.44,595.825,147.53,4.17,0.7083,6.35,0.010583333,11.8085826,0
2006,84,11,38.9755,751.617,277.61,375.765,91.43,3.975,0.722,7.035,0.010583333,11.80858252,0
2006,84,12,38.7685,1022.005,385.455,521.435,127.69,4.435,0.6795,5.745,0.010583333,11.80858254,0
2006,84,13,43.057,1009.723,379.205,518.255,128.11,5.315,0.63185,5.505,0.010583333,11.80858258,0
2006,84,14,50.696,346.472,125.92,164.645,39.595,4.105,0.70445,6.015,0.010583333,11.80858271,0
2006,84,15,60.366,398.268,147.86,196.235,48.425,5.015,0.6675,5.8,0.010583333,11.80858309,0
2006,84,16,71.135,266.041,99.065,131.665,33.85,5.37,0.6085,6.23,0.010583333,11.80858255,0
2006,84,17,82.36,63.802,22.705,28.52,8.305,4.965,0.6732,4.2,0.010583333,11.80858247,0
2006,84,18,93.846,4.646,0.8,1.015,0.735,3.79,0.6967,3.29,0.010583333,11.8081688,0
2006,84,19,105.1695,0.299,0,0,0.04,2.295,0.75445,3.11,0.010583333,11.81634742,0
2006,84,20,115.796,0.092,0,0,0,2.28,0.7528,3.165,0.010583333,11.81666715,0
2006,84,21,125.254,0.115,0,0,0,1.79,0.74275,3.25,0.010583333,11.81679037,0
2006,84,22,132.695,0.092,0,0,0.005,0.72,0.7688,2.73,0.010583333,11.81694256,0
2006,84,23,136.978,0.115,0,0,0,-0.035,0.8073,2.375,0.010583333,11.81711686,0
2006,85,0,137.1275,0.207,0,0,0.01,-0.96,0.8484,1.78,0,11.81730554,0
2006,85,1,133.101,0.253,0,0,0,-0.855,0.84815,1.965,0,11.81749651,0
2006,85,2,125.8345,0.46,0,0,0,-0.975,0.85355,2,0,11.81767866,0
2006,85,3,116.477,0.46,0,0,0.045,-0.81,0.85555,1.575,0,11.81783892,0
2006,85,4,105.903,0.46,0,0,0.03,-0.405,0.85275,0.455,0,11.81795841,0
2006,85,5,94.604,2.369,0.415,0.34,0.225,-0.37,0.85075,0,0,11.81804853,0
2006,85,6,83.071,58.489,22.035,27.93,7.295,-0.43,0.8713,0.205,0,11.84355414,0
2006,85,7,71.8135,259.049,101.735,131.01,31.3,0.765,0.874,0.045,0,11.83967289,0
2006,85,8,60.9545,773.237,300.91,397.505,102.405,4.25,0.74515,0.025,0,11.83952439,0
2006,85,9,51.126,1236.618,480.345,642.495,160.45,6.72,0.57155,0.475,0,11.83952189,0
2006,85,10,43.2285,799.963,303.46,409.61,99.23,6.605,0.5442,1.435,0,11.83952182,0
2006,85,11,38.577,783.265,295.79,393.51,93.04,7.2,0.47985,1.105,0,11.83952184,0
2006,85,12,38.3935,291.778,103.185,135.72,33.03,6.93,0.46555,1.135,0,11.83952187,0
2006,85,13,42.7335,938.239,357.27,477.325,116.375,7.535,0.46,1.5,0,11.83952196,0
2006,85,14,50.426,725.811,273.255,369.3,91.605,7.83,0.42445,1.665,0,11.83952227,0
2006,85,15,60.136,268.663,98.875,129.33,30.56,7.8,0.42845,0.305,0,11.83952188,0
2006,85,16,70.9275,193.223,72.525,95.215,23.35,7.59,0.4421,1.09,0,11.83952192,0
2006,85,17,82.1685,67.712,24.745,31.635,8.12,7.32,0.4809,1.905,0,11.83952179,0
2006,85,18,93.6185,2.99,0.69,0.53,0.16,6.965,0.50235,2.31,0,11.83945419,0
2006,85,19,104.9605,0,0,0,0,6.085,0.61445,2.23,0,11.84773428,0
2006,85,20,115.5585,0,0,0,0,5.57,0.6232,3.155,0,11.84805462,0
2006,85,21,124.977,0.023,0,0,0.01,4.035,0.6317,4.015,0,11.8481743,0
2006,85,22,132.366,0.253,0,0,0,2.425,0.6744,3.745,0,11.84832746,0
2006,85,23,136.6035,0.345,0,0,0,1.64,0.7074,3.65,0,11.84851397,0
2006,86,0,136.73,0.23,0,0,0,1.635,0.70625,3.595,0.232833333,11.84871079,0
2006,86,1,132.7115,0.437,0,0,0,1.35,0.71795,3.59,0.232833333,11.84890771,0
2006,86,2,125.469,0.46,0,0,0,0.535,0.75785,3.34,0.232833333,11.8490966,0
2006,86,3,116.1375,0.46,0,0,0,0.195,0.7751,4.08,0.232833333,11.84925666,0
2006,86,4,105.581,0.46,0,0,0,-0.04,0.78745,4.285,0.232833333,11.849376,0
2006,86,5,94.2645,4.416,1.035,0.675,0.63,0.505,0.77165,4.6,0.232833333,11.8494979,0
2006,86,6,82.769,184.207,72.485,95.615,31.32,0.72,0.79425,5.05,0.232833333,11.90317021,0
2006,86,7,71.4975,408.733,153.655,205.95,55.57,2.78,0.75715,6.655,0.232833333,11.90235702,0
2006,86,8,60.6225,407.721,147.675,197.175,49.705,4.79,0.6737,8.445,0.232833333,11.9023287,0
2006,86,9,50.7695,570.17,207.09,277.385,68.54,5.965,0.62085,9.65,0.232833333,11.90232831,0
2006,86,10,42.844,632.707,225.165,301.3,73.56,6.935,0.5864,9.535,0.232833333,11.90232836,0
2006,86,11,38.1815,557.451,196.015,260.465,62.62,7.195,0.57145,9.3,0.232833333,11.90232821,0
2006,86,12,38.02,381.639,129.25,168.78,39.4,7.395,0.5596,8.78,0.232833333,11.90232823,0
2006,86,13,42.4105,220.662,70.64,91.19,21.11,6.335,0.65695,9.81,0.232833333,11.90232827,0
2006,86,14,50.158,162.15,53.53,64.82,13.17,4.835,0.82135,8.8,0.232833333,11.9023284,0
2006,86,15,59.9085,99.728,32.725,37.105,7.21,4.285,0.89065,8.575,0.232833333,11.90232838,0
2006,86,16,70.723,37.697,11.725,11.15,2.545,3.885,0.93375,8.76,0.232833333,11.89853047,0
2006,86,17,81.9775,10.304,2.795,1.175,0.475,3.68,0.94215,8.41,0.232833333,11.71766535,0
2006,86,18,93.43,1.334,0.02,0,0,4.075,0.93445,8.56,0.232833333,11.71547441,0
2006,86,19,104.75,0.759,0,0,0,4.62,0.9084,8.07,0.232833333,11.71557018,0
2006,86,20,115.32,0.575,0,0,0,4.74,0.93075,7.5,0.232833333,11.71567222,0
2006,86,21,124.7,0.897,0,0,0,5.15,0.93995,6.12,0.232833333,11.71582369,0
2006,86,22,132.0395,0.874,0,0,0,5.7,0.9415,6.455,0.232833333,11.71602502,0
2006,86,23,136.2305,0.897,0,0,0,5.7,0.95975,4.53,0.232833333,11.71625432,0
2006,87,0,136.3345,0.92,0,0,0,5.975,0.96615,3.09,0.010583333,11.71649817,0
2006,87,1,132.322,0.943,0,0,0,6.555,0.9484,2.62,0.010583333,11.71673966,0
2006,87,2,125.103,0.943,0,0,0,6.125,0.9472,2.205,0.010583333,11.71696122,0
2006,87,3,115.797,0.989,0,0,0,5.665,0.95345,2.565,0.010583333,11.71714752,0
2006,87,4,105.257,1.104,0,0,0.03,5.34,0.95385,5.48,0.010583333,11.71728757,0
2006,87,5,93.965,1.656,0.045,0,0.01,5.065,0.9743,5.645,0.010583333,11.71737498,0
2006,87,6,82.467,37.375,12.745,13.5,3.045,5.035,0.9693,6.145,0.010583333,11.715198,0
2006,87,7,71.183,99.82,35.875,42.095,8.48,5.04,0.9727,6,0.010583333,11.69719492,0
2006,87,8,60.2895,178.756,64.555,76.96,14.96,5.505,0.97995,5.26,0.010583333,11.69654586,0
2006,87,9,50.4125,249.435,91.66,111.215,21.445,6.18,0.98245,5.21,0.010583333,11.69653482,0
2006,87,10,42.461,292.422,108.59,131.17,24.52,6.755,0.95785,4.735,0.010583333,11.69653482,0
2006,87,11,37.785,259.67,94.33,115.005,21.395,6.95,0.93175,4.105,0.010583333,11.69653468,0
2006,87,12,37.647,417.404,161.765,199.59,38.955,7.805,0.87395,2.645,0.010583333,11.69653471,0
2006,87,13,42.09,384.721,145.12,181.73,37.35,8.285,0.8418,3.175,0.010583333,11.69653479,0
2006,87,14,49.892,117.438,38.45,47.245,9.955,8.18,0.8507,4.085,0.010583333,11.69653504,0
2006,87,15,59.6805,186.599,66.48,83.245,18.035,8.29,0.8324,4.475,0.010583333,11.69653473,0
2006,87,16,70.52,83.559,28.225,35.6,8.49,7.845,0.8697,4.96,0.010583333,11.69653478,0
2006,87,17,81.787,24.61,6.71,7.75,2.62,6.855,0.93915,4.935,0.010583333,11.66409017,0
2006,87,18,93.2405,2.093,0.07,0,0.135,6.525,0.95865,3.285,0.010583333,11.63793803,0
2006,87,19,104.5375,0.92,0,0,0,6.42,0.9564,2.12,0.010583333,11.63865261,0
2006,87,20,115.082,0.966,0,0,0,6.235,0.9571,2.125,0.010583333,11.63877909,0
2006,87,21,124.4205,1.012,0,0,0.01,6.16,0.9491,1.78,0.010583333,11.63894441,0
2006,87,22,131.713,1.081,0,0,0,6.04,0.9423,2.065,0.010583333,11.63915584,0
2006,87,23,135.858,1.058,0,0,0,5.99,0.93965,1.93,0.010583333,11.63939956,0
2006,88,0,135.9365,1.15,0,0,0,5.985,0.93695,0.215,0.010583333,11.63965862,0
2006,88,1,131.9335,1.081,0,0,0,5.735,0.9399,0,0.010583333,11.63991491,0
2006,88,2,124.738,1.127,0,0,0,5.59,0.94885,0,0.010583333,11.64014704,0
2006,88,3,115.4555,1.288,0,0,0,5.515,0.9455,0,0.010583333,11.64034723,0
2006,88,4,104.9365,1.311,0,0,0,5.52,0.93975,0,0.010583333,11.64049915,0
2006,88,5,93.628,2.277,0.095,0.005,0.035,5.47,0.933,0,0.010583333,11.64059673,0
2006,88,6,82.165,28.152,9.005,10.29,2.495,5.375,0.93975,0.02,0.010583333,11.63777562,0
2006,88,7,70.8675,88.481,31.295,37.99,8.07,5.715,0.93785,0,0.010583333,11.59795952,0
2006,88,8,59.9615,185.978,66.69,83.73,17.87,6.205,0.9202,1.59,0.010583333,11.59637906,0
2006,88,9,50.057,361.353,134.07,170.66,37.275,7.42,0.8366,1.725,0.010583333,11.59635175,0
2006,88,10,42.0795,893.297,341.895,447.325,102.39,8.945,0.6644,1.725,0.010583333,11.59635139,0
2006,88,11,37.389,904.59,340.365,451.97,105.13,9.59,0.64405,2.835,0.010583333,11.59635148,0
2006,88,12,37.2755,866.272,324.94,431.78,102.11,9.93,0.67445,4.03,0.010583333,11.59635181,0
2006,88,13,41.7725,743.866,278.925,369.29,87.715,10.395,0.66725,3.795,0.010583333,11.59635143,0
2006,88,14,49.626,587.558,221.15,290.605,68.945,10.765,0.6716,4.185,0.010583333,11.59635155,0
2006,88,15,59.455,306.935,112.43,146.085,34.48,10.925,0.67245,4.465,0.010583333,11.59635189,0
2006,88,16,70.318,215.993,80.24,103.76,24.865,10.875,0.6858,3.975,0.010583333,11.59635141,0
2006,88,17,81.597,78.177,28.45,35.565,9.02,10.57,0.70845,4.085,0.010583333,11.59635142,0
2006,88,18,93.017,4.071,0.775,0.565,0.545,9.69,0.7572,3.605,0.010583333,11.6186499,0
2006,88,19,104.3275,0.253,0,0,0.02,8.505,0.78595,3.88,0.010583333,11.63352103,0
2006,88,20,114.844,0.437,0,0,0,7.855,0.82665,3.035,0.010583333,11.63397091,0
2006,88,21,124.143,0.46,0,0,0,6.79,0.8705,2.02,0.010583333,11.63411231,0
2006,88,22,131.3855,0.46,0,0,0,5.915,0.91145,2.495,0.010583333,11.63428516,0
2006,88,23,135.4845,0.506,0,0,0.015,5.305,0.9184,3.83,0.010583333,11.63448393,0
2006,89,0,135.5435,0.828,0,0,0.07,5.16,0.9156,4.145,0,11.6347056,0
2006,89,1,131.5465,0.759,0,0,0,4.58,0.9176,4.04,0,11.63493527,0
2006,89,2,124.3755,0.989,0,0,0,4.57,0.90535,4.605,0,11.63514996,0
2006,89,3,115.116,1.012,0,0,0.005,4.315,0.8961,5.035,0,11.63533852,0
2006,89,4,104.615,0.92,0,0,0,4.105,0.89335,5.195,0,11.63547676,0
2006,89,5,93.329,8.142,2.225,1.66,0.75,3.88,0.9006,4.535,0,11.63571998,0
2006,89,6,81.8635,186.208,69.92,85.57,25,4.39,0.8998,4.88,0,11.69585722,0
2006,89,7,70.555,566.95,216.215,274.33,74.555,7.665,0.83895,6.24,0,11.69518635,0
2006,89,8,59.6315,963.631,361.85,478.375,124.6,11.005,0.74915,7.705,0,11.69516116,0
2006,89,9,49.706,1168.883,442.18,593.65,149.965,13.295,0.68675,8.58,0,11.69516072,0
2006,89,10,41.6985,1444.745,543.68,728.81,175.505,15.995,0.598,9.275,0,11.69516077,0
2006,89,11,36.9955,1471.034,548.895,736.04,173.385,18.03,0.5243,10.535,0,11.69516098,0
2006,89,12,36.906,1579.249,586.845,788.72,185.81,19.78,0.4669,11.29,0,11.69516087,0
2006,89,13,41.4545,992.887,363.185,482.35,115.25,20.3,0.50515,10.745,0,11.69516075,0
2006,89,14,49.3635,934.72,341.03,451.45,110.775,20.6,0.5212,10.59,0,11.69516082,0
2006,89,15,59.2305,740.301,267.845,354.6,90.98,21.095,0.541,10.72,0,11.69516102,0
2006,89,16,70.1175,530.84,191.795,250.895,72.915,21.21,0.54795,11.28,0,11.69516076,0
2006,89,17,81.408,141.818,48.64,61.895,20.685,20.36,0.60855,9.64,0,11.69516077,0
2006,89,18,92.829,5.543,1.02,0.765,0.98,18.18,0.67825,7.01,0,11.7167822,0
2006,89,19,104.116,0.345,0,0,0.04,17.095,0.7102,7.215,0,11.74624607,0
2006,89,20,114.607,0.092,0,0,0,17.045,0.7007,8.125,0,11.74706757,0
2006,89,21,123.8655,0,0,0,0,17.495,0.6697,9.635,0,11.74719877,0
2006,89,22,131.058,0,0,0,0.16,17.295,0.67195,9.785,0,11.74734717,0
2006,89,23,135.112,0,0,0,0.02,18.14,0.63985,11.555,0,11.74751701,0
2006,90,0,135.15,0,0,0,0.065,18.055,0.6546,12.31,0.0635,11.7476961,0
2006,90,1,131.1615,0.046,0,0,0.665,17.52,0.71655,12.14,0.0635,11.74787327,0
2006,90,2,124.0115,0.46,0,0,0.96,15.545,0.83035,11.195,0.0635,11.74804712,0
2006,90,3,114.778,0.736,0,0,0.32,13.125,0.90925,10.505,0.0635,11.7482108,0
2006,90,4,104.2955,1.058,0,0,0.005,13.78,0.89775,10.035,0.0635,11.74834309,0
2006,90,5,92.996,4.048,1.12,0.75,0.305,14.51,0.9185,8.305,0.0635,11.74846484,0
2006,90,6,81.563,115.713,45.485,54.355,11.735,14.39,0.92625,7.175,0.0635,11.79275147,0
2006,90,7,70.2445,267.927,103.915,126.205,25.65,14.865,0.92155,7.5,0.0635,11.7914917,0
2006,90,8,59.305,800.676,308.865,391.115,86.46,16.14,0.90575,9.335,0.0635,11.79144815,0
2006,90,9,49.3545,976.005,368.07,484.545,113.02,17.565,0.801,11.82,0.0635,11.79144742,0
2006,90,10,41.3195,1592.75,601.195,806.79,188.15,19.245,0.684,13.12,0.0635,11.79144754,0
2006,90,11,36.603,1696.365,641.205,863.055,199.16,20.65,0.57005,15.005,0.0635,11.79144803,0
2006,90,12,36.5365,1679.943,632.145,851.26,198.58,22.24,0.4589,16.82,0.0635,11.79144743,0
2006,90,13,41.1405,1487.663,555.155,747.465,178.795,23.145,0.36155,18.745,0.0635,11.79144751,0
2006,90,14,49.1045,1318.567,483.46,651.99,163.64,22.905,0.3633,17.24,0.0635,11.79144774,0
2006,90,15,59.01,1024.052,367.55,497.66,134.445,20.46,0.4226,15.975,0.0635,11.79144746,0
2006,90,16,69.9175,546.25,193.73,260.965,74.99,18.19,0.46425,15.06,0.0635,11.79144752,0
2006,90,17,81.22,228.62,76.44,102.435,38.39,16.975,0.49985,11.94,0.0635,11.79144746,0
2006,90,18,92.6415,10.971,2.165,1.985,2.19,15.595,0.56485,10.385,0.0635,11.80464918,0
2006,90,19,103.9065,0.161,0,0,0.475,13.93,0.63585,10.365,0.0635,11.84621649,0
2006,90,20,114.368,0.092,0,0,0.28,12.66,0.66115,10.715,0.0635,11.84738227,0
2006,90,21,123.587,0,0,0,0.165,11.77,0.6905,8.865,0.0635,11.84751879,0
2006,90,22,130.7315,0.023,0,0,0.035,11.18,0.71785,8.91,0.0635,11.84766781,0
2006,90,23,134.741,0.023,0,0,0.155,10.705,0.74155,8.375,0.0635,11.84783837,0
2006,91,0,134.7585,0.046,0,0,0.065,9.83,0.7591,7.13,0,11.84801949,0
2006,91,1,130.777,0.023,0,0,0,9.83,0.7465,7.86,0,11.84819817,0
2006,91,2,123.65,0.023,0,0,0.135,9.31,0.77685,7.05,0,11.84836089,0
2006,91,3,114.4405,0.23,0,0,0.13,8.585,0.7999,6.315,0,11.84850146,0
2006,91,4,103.976,0.299,0,0,0.015,8.06,0.81065,6.365,0,11.84861052,0
2006,91,5,92.701,2.438,0.25,0.055,0.38,7.595,0.8124,7.315,0,11.84869413,0
2006,91,6,81.261,58.604,20.01,23.87,6.095,7.225,0.80045,7.265,0,11.86630192,0
2006,91,7,69.9345,121.739,42.46,53.09,12.665,7.085,0.8072,7.505,0,11.86170682,0
2006,91,8,58.9805,211.416,75.01,95.18,22.045,7.135,0.811,6.14,0,11.86155245,0
2006,91,9,49.005,362.411,130.915,168.87,38.905,7.215,0.7968,5.805,0,11.86154991,0
2006,91,10,40.9415,356.753,125.46,162.855,37.08,7.29,0.7914,5.305,0,11.86154985,0
2006,91,11,36.212,350.083,121.925,157.735,35.49,7.39,0.7936,4.81,0,11.86154987,0
2006,91,12,36.171,399.05,141.955,182.925,41.03,7.645,0.7812,3.275,0,11.86154992,0
2006,91,13,40.8295,356.454,126.585,162.64,36.23,7.95,0.77495,2.535,0,11.86155007,0
2006,91,14,48.845,250.815,88.06,112.335,24.78,8.175,0.76865,1.58,0,11.86155007,0
2006,91,15,58.7905,227.47,80.865,103.855,23.305,8.355,0.7614,1.875,0,11.86154988,0
2006,91,16,69.719,137.77,48.825,62.73,14.335,8.37,0.76235,1.625,0,11.86154989,0
2006,91,17,81.0315,51.175,17.705,22.075,5.465,8.305,0.7669,0.935,0,11.86153728,0
2006,91,18,92.4185,3.036,0.64,0.595,0.275,8.145,0.77405,0.965,0,11.85178873,0
2006,91,19,103.697,0.161,0,0,0,7.985,0.78495,1.255,0,11.85685942,0
2006,91,20,114.1305,0.368,0,0,0,7.9,0.7873,1.87,0,11.85708552,0
2006,91,21,123.309,0.414,0,0,0,7.64,0.8105,2.5,0,11.85722137,0
2006,91,22,130.4045,0.46,0,0,0,7.52,0.82385,3.385,0,11.85739299,0
2006,91,23,134.371,0.46,0,0,0.01,7.13,0.8365,4.01,0,11.85759111,0
2006,92,0,134.367,0.46,0,0,0.005,6.325,0.87085,2.845,0.423333333,11.8578001,0
2006,92,1,130.394,0.46,0,0,0.005,5.565,0.8996,4.275,0.423333333,11.85800558,0
2006,92,2,123.289,0.713,0,0,0.005,5.375,0.9039,5.775,0.423333333,11.85820129,0
2006,92,3,114.1025,0.828,0,0,0.04,5.065,0.9141,5.35,0.423333333,11.85837567,0
2006,92,4,103.6575,0.851,0,0,0.005,4.81,0.9267,5.84,0.423333333,11.85850753,0
2006,92,5,92.3705,8.349,2.365,2.23,0.945,5.175,0.92395,7.25,0.423333333,11.85875317,0
2006,92,6,80.9635,94.921,34.695,42.84,10.315,5.78,0.9161,8.665,0.423333333,11.89725037,0
2006,92,7,69.626,34.339,10.09,10.26,2.285,6.42,0.91595,8.87,0.423333333,11.88777098,0
2006,92,8,58.656,94.553,30.44,35.045,6.53,6.76,0.94215,8.815,0.423333333,11.86767368,0
2006,92,9,48.6555,414.322,152.705,187.815,35.83,7.835,0.94205,9.565,0.423333333,11.86742535,0
2006,92,10,40.5655,624.68,229.495,288.325,57.535,9.26,0.9188,9.705,0.423333333,11.86742206,0
2006,92,11,35.823,953.074,350,452.055,97.92,11.33,0.8762,9.935,0.423333333,11.86742202,0
2006,92,12,35.805,342.7,115.68,146.555,30.975,12.065,0.888,9.985,0.423333333,11.86742204,0
2006,92,13,40.518,801.826,303.975,379.39,77.06,13.095,0.9187,8.49,0.423333333,11.867422,0
2006,92,14,48.5875,1171.137,438.79,567.2,130.995,15.805,0.88255,10.22,0.423333333,11.86742201,0
2006,92,15,58.571,854.358,314.085,412.885,103.83,17.58,0.83505,9.525,0.423333333,11.86742203,0
2006,92,16,69.5245,268.939,97.53,123.985,29.95,18.235,0.8362,7.595,0.423333333,11.86742208,0
2006,92,17,80.845,59.524,21.15,25.115,7.29,18.4,0.8436,7.495,0.423333333,11.86742174,0
2006,92,18,92.2335,0.897,0,0.11,1.655,14.31,0.8689,14.89,0.423333333,11.86662366,0
2006,92,19,103.4835,0.874,0,0,0.07,12.52,0.89655,6.525,0.423333333,11.87317247,0
2006,92,20,113.8925,1.656,0,0,0.285,12.895,0.86375,8.55,0.423333333,11.8734705,0
2006,92,21,123.0305,2.185,0,0,0.005,13.02,0.83895,9.01,0.423333333,11.87369401,0
2006,92,22,130.0785,2.231,0,0,0.1,12.68,0.81415,6.72,0.423333333,11.87400364,0
2006,92,23,134.0025,1.909,0,0,0.085,11.635,0.83905,6.45,0.423333333,11.87434536,0
2006,93,0,133.9785,1.725,0,0,0,10.68,0.8761,5.3,0.15875,11.87467658,0
2006,93,1,130.0115,1.955,0,0.16,0.01,10.005,0.8937,6.1,0.15875,11.87500089,0
2006,93,2,122.929,2.622,0,0.53,0.13,10.94,0.8636,9.32,0.15875,11.87534011,0
2006,93,3,113.767,2.024,0,0.015,0.41,8.91,0.8882,14.655,0.15875,11.87563807,0
2006,93,4,103.341,0.828,0,0.005,0,7.24,0.89745,13.69,0.15875,11.87580752,0
2006,93,5,92.0795,3.726,1.26,1.355,0.08,6.665,0.9016,13.36,0.15875,11.87591851,0
2006,93,6,80.665,44.781,16.505,20.025,3.52,6.165,0.88355,13.81,0.15875,11.87866066,0
2006,93,7,69.319,118.335,43.505,52.475,8.97,5.87,0.88965,12.565,0.15875,11.86837823,0
2006,93,8,58.3355,129.237,46.12,55.165,9.045,6.22,0.8644,12.15,0.15875,11.86804428,0
2006,93,9,48.311,218.96,79.325,96.065,16.74,6.655,0.83085,11.875,0.15875,11.86803875,0
2006,93,10,40.1915,391.92,145.37,179.99,34.62,6.975,0.8002,12.535,0.15875,11.86803866,0
2006,93,11,35.4345,329.015,118.12,147.485,29.365,7.075,0.7829,11.35,0.15875,11.86803868,0
2006,93,12,35.441,382.605,138.74,174.71,35.97,7.495,0.77475,10.32,0.15875,11.86803872,0
2006,93,13,40.2095,243.317,84.61,107.2,22.59,7.635,0.7774,9.94,0.15875,11.86803883,0
2006,93,14,48.3345,611.524,233.25,304.42,71.17,7.815,0.7554,9.17,0.15875,11.8680392,0
2006,93,15,58.3535,828.69,309.745,416.715,106.97,9.665,0.67485,8.215,0.15875,11.86803871,0
2006,93,16,69.3275,460.345,162.275,227.135,64.86,10.53,0.58995,9.465,0.15875,11.86803874,0
2006,93,17,80.658,187.312,60.515,90.32,29.805,10.275,0.59175,7.29,0.15875,11.86803876,0
2006,93,18,92.0465,13.57,2.645,4.04,3.08,8.74,0.625,6.005,0.15875,11.87986009,0
2006,93,19,103.274,0.138,0,0,0.045,7.315,0.66175,5.725,0.15875,11.91700989,0
2006,93,20,113.653,0.023,0,0,0.035,6.39,0.67195,5.58,0.15875,11.91812403,0
2006,93,21,122.751,0.138,0,0,0.045,5.38,0.68395,5.325,0.15875,11.91826049,0
2006,93,22,129.7535,0.253,0,0,0.015,4.525,0.6917,5.36,0.15875,11.91841809,0
2006,93,23,133.6345,0.437,0,0,0.02,3.66,0.7098,4.76,0.15875,11.9186064,0
2006,94,0,133.59,0.437,0,0,0,2.905,0.73345,3.96,0,11.91881371,0
2006,94,1,129.63,0.437,0,0,0,2.475,0.759,3.91,0,11.91901779,0
2006,94,2,122.572,0.391,0,0,0.07,2.035,0.78485,4.29,0,11.91920399,0
2006,94,3,113.433,0.46,0,0,0.155,1.15,0.8331,3.98,0,11.91936024,0
2006,94,4,103.025,0.483,0,0,0,0.85,0.85765,3.63,0,11.91947775,0
2006,94,5,91.752,15.847,5.185,4.97,2.32,1.15,0.85065,4.135,0,11.92073234,0
2006,94,6,80.368,239.361,95.075,120.12,36.545,1.785,0.8429,4.275,0,11.97346042,0
2006,94,7,69.014,638.963,254.69,328.215,84.73,3.4,0.806,5.52,0,11.97278575,0
2006,94,8,58.017,1041.348,409.69,541.195,131.485,5.43,0.7391,6.465,0,11.97276509,0
2006,94,9,47.9695,1378.85,547.075,725.755,168.785,7.08,0.6714,6.165,0,11.97276477,0
2006,94,10,39.8195,1619.2,643.99,858.88,194.165,8.245,0.5607,8.04,0,11.97276485,0
2006,94,11,35.049,1742.572,691.705,923.26,205.995,9.275,0.51885,8.37,0,11.97276519,0
2006,94,12,35.0805,1741.905,690.635,923.36,208.195,10.76,0.42335,9.075,0,11.97276481,0
2006,94,13,39.9055,1617.061,635.925,852.01,197.77,11.795,0.37685,9.205,0,11.97276494,0
2006,94,14,48.0815,1379.379,535.955,719.635,175.87,12.83,0.33885,9.32,0,11.97276536,0
2006,94,15,58.138,1045.074,399.095,537.165,142.16,13.41,0.3076,9.25,0,11.97276479,0
2006,94,16,69.1325,641.953,240.16,323.795,97.22,13.58,0.3004,9.32,0,11.97276481,0
2006,94,17,80.4715,242.006,86.76,117.76,43.72,12.93,0.3535,7.44,0,11.97276483,0
2006,94,18,91.8265,15.042,3.585,4.525,3.185,10.465,0.4775,4.32,0,11.98060733,0
2006,94,19,103.0645,0.138,0,0,0.07,8.5,0.55195,4.43,0,12.01925063,0
2006,94,20,113.416,0,0,0,0.015,7.875,0.56555,4.735,0,12.02047279,0
2006,94,21,122.4735,0,0,0,0.18,6.925,0.6109,4.435,0,12.02060855,0
2006,94,22,129.4275,0,0,0,0,6.44,0.6388,3.9,0,12.02075687,0
2006,94,23,133.2675,0.23,0,0,0.045,5.685,0.6742,3.99,0,12.02093186,0
2006,95,0,133.205,0.069,0,0,0.01,4.74,0.7151,3.95,0,12.0211207,0
2006,95,1,129.253,0.184,0,0,0,4.08,0.72855,3.245,0,12.02130437,0
2006,95,2,122.215,0.069,0,0,0,4.385,0.6958,4.165,0,12.02147374,0
2006,95,3,113.1005,0,0,0,0.1,3.545,0.6934,3.33,0,12.02161151,0
2006,95,4,102.7105,0.069,0,0,0.06,2.77,0.69915,2.13,0,12.02171282,0
2006,95,5,91.4245,19.872,7.375,7.275,2.92,2.445,0.694,1.845,0,12.02500579,0
2006,95,6,80.0745,257.968,104.27,130.005,39.965,2.385,0.71275,1.515,0,12.0738049,0
2006,95,7,68.7115,646.553,260.91,331.25,85.37,5.11,0.6632,0.375,0,12.07313255,0
2006,95,8,57.7005,1049.674,409.1,539.505,132.16,8.37,0.5285,1.7,0,12.07311331,0
2006,95,9,47.6275,1389.775,543.88,717.77,165.7,11.045,0.3792,1.62,0,12.07311301,0
2006,95,10,39.4495,1651.699,644.35,852.225,189.49,12.625,0.3011,1.11,0,12.0731131,0
2006,95,11,34.6625,1716.214,666.6,882.645,194.045,13.515,0.29315,1.915,0,12.07311341,0
2006,95,12,34.722,1637.117,627.35,837.61,185.94,14.77,0.28185,2.23,0,12.07311307,0
2006,95,13,39.5995,1486.444,566.425,755.26,172.665,15.93,0.2735,2.345,0,12.07311321,0
2006,95,14,47.831,1285.585,486.81,648.675,155,16.77,0.26405,2.115,0,12.07311323,0
2006,95,15,57.9255,1017.29,381.605,506.415,130.655,17.195,0.28325,3.045,0,12.07311303,0
2006,95,16,68.94,636.364,236.115,311.985,89.975,17.195,0.28585,3.75,0,12.07311304,0
2006,95,17,80.284,219.42,77.55,101.135,33.775,16.795,0.3226,3.425,0,12.07311304,0
2006,95,18,91.643,12.443,2.995,3.065,0.885,15.28,0.41225,2.895,0,12.08059674,0
2006,95,19,102.854,0.437,0,0,0.025,13.695,0.4601,3.995,0,12.11248519,0
2006,95,20,113.1765,0.253,0,0,0,11.37,0.57405,4.625,0,12.11358301,0
2006,95,21,122.1965,0.23,0,0,0,10.535,0.6018,4.225,0,12.11372693,0
2006,95,22,129.103,0.023,0,0,0.09,10.075,0.62125,4.305,0,12.11388259,0
2006,95,23,132.9025,0.023,0,0,0.01,9.69,0.64445,4.54,0,12.11405351,0
2006,96,0,132.8205,0,0,0,0.035,10.32,0.60545,4.39,1.3335,12.11423329,0
2006,96,1,128.876,0.046,0,0,0.005,10.19,0.6423,5.77,1.3335,12.1144111,0
2006,96,2,121.86,0.092,0,0,0,10.04,0.66675,3.52,1.3335,12.1145762,0
2006,96,3,112.768,0.115,0,0,0.035,9.66,0.7405,3.85,1.3335,12.11471646,0
2006,96,4,102.4,0.414,0,0,0.02,9.635,0.8079,4.92,1.3335,12.11482464,0
2006,96,5,91.142,0.759,0,0,0.185,9.47,0.88495,4.925,1.3335,12.11489336,0
2006,96,6,79.781,4.071,0.29,0,0,9.21,0.9601,5.045,1.3335,12.11490779,0
2006,96,7,68.4125,8.97,1.525,0,0.085,9.28,0.9798,4.785,1.3335,12.11454088,0
2006,96,8,57.385,14.099,2.62,0.785,0.355,9.36,0.98485,5.3,1.3335,12.11055751,0
2006,96,9,47.287,135.47,44.055,51.07,8.785,9.605,0.9841,9.46,1.3335,11.84718475,0
2006,96,10,39.0815,151.202,49.32,56.635,9.42,10.155,0.9773,9.69,1.3335,11.84146356,0
2006,96,11,34.2815,654.902,245.025,308.525,56.07,11.295,0.9765,10.59,1.3335,11.8413944,0
2006,96,12,34.3635,1104.552,421.415,533.42,102.71,13.58,0.936,10.9,1.3335,11.8413936,0
2006,96,13,39.2995,393.783,137.225,170.755,33.025,14.045,0.89205,9.75,1.3335,11.84139366,0
2006,96,14,47.583,81.006,23.585,26.97,5.065,13.39,0.8696,6.68,1.3335,11.84139381,0
2006,96,15,57.714,29.739,7.2,6.555,1.47,12.47,0.9199,2.755,1.3335,11.77675364,0
2006,96,16,68.747,43.447,13.24,12.935,2.705,12.025,0.9593,2.28,1.3335,11.4525654,0
2006,96,17,80.1025,14.835,3.4,1.86,0.915,11.925,0.96415,5.195,1.3335,11.29843067,0
2006,96,18,91.4175,4.278,0.65,0.005,0.225,11.94,0.97335,6.115,1.3335,11.29414824,0
2006,96,19,102.6455,2.415,0,0,0.075,12.46,0.96505,6.39,1.3335,11.29435504,0
2006,96,20,112.9385,2.852,0,0,0.025,12.565,0.96645,6.035,1.3335,11.29453667,0
2006,96,21,121.918,2.829,0,0,0.06,13.35,0.94695,6.13,1.3335,11.29482891,0
2006,96,22,128.782,2.967,0,0,0.04,13.225,0.92715,6.785,1.3335,11.29521113,0
2006,96,23,132.5385,3.128,0,0,0.01,13.245,0.92515,6.01,1.3335,11.29567332,0
2006,97,0,132.439,2.99,0,0,0,13.675,0.9085,5.6,0,11.29617236,0
2006,97,1,128.499,2.76,0,0,0.09,13.67,0.9116,5.91,0,11.29663997,0
2006,97,2,121.5065,2.461,0,0,0.06,13.415,0.9297,4.91,0,11.29703653,0
2006,97,3,112.4385,2.461,0,0,0.005,13.46,0.9307,5.915,0,11.29735342,0
2006,97,4,102.089,2.323,0,0,0.045,13.48,0.93505,6.055,0,11.29758662,0
2006,97,5,90.819,19.458,4.325,5.99,1.77,13.175,0.92855,6.23,0,11.30199452,0
2006,97,6,79.488,238.142,86.375,116.93,30.555,13.625,0.8928,5.47,0,11.3972745,0
2006,97,7,68.113,631.35,242.58,316.23,73.65,15.485,0.8593,6.835,0,11.39711627,0
2006,97,8,57.0725,998.936,400.345,510.745,110.4,17.195,0.7933,8.96,0,11.3971015,0
2006,97,9,46.951,1266.104,510.205,646.65,136.445,18.48,0.76585,9.58,0,11.39710123,0
2006,97,10,38.715,1466.917,595.03,752.575,157.545,19.605,0.75935,9.235,0,11.3971013,0
2006,97,11,33.9005,1539.022,621.665,786.915,165.25,20.69,0.7049,7.21,0,11.3971016,0
2006,97,12,34.0085,1535.825,617.645,781.495,163.85,21.46,0.62325,6.295,0,11.39710129,0
2006,97,13,39.0005,1471.885,588.445,746.12,157.675,22.24,0.53875,4.88,0,11.39710146,0
2006,97,14,47.337,1386.486,542.105,699.78,157.675,22.325,0.44115,6.33,0,11.3971014,0
2006,97,15,57.5035,1020.947,381.895,506.735,124.84,15.835,0.7839,11.56,0,11.39710124,0
2006,97,16,68.5565,485.139,171.37,235.655,64.285,12.72,0.8067,12.125,0,11.39710125,0
2006,97,17,79.9165,134.435,41.6,59.99,18.39,8.725,0.82895,14.79,0,11.39710127,0
2006,97,18,91.2375,8.257,2.235,2.82,1.745,5.995,0.83795,15.295,0,11.42138387,0
2006,97,19,102.435,0.207,0,0,0.17,5.28,0.83355,14.005,0,11.45443843,0
2006,97,20,112.7,0.322,0,0,0.08,4.96,0.846,13.375,0,11.4553085,0
2006,97,21,121.6415,0.023,0,0,0.17,4.645,0.83265,11.47,0,11.45544185,0
2006,97,22,128.458,0.276,0,0,0.315,4.065,0.84485,11.82,0,11.45559449,0
2006,97,23,132.1775,0.115,0,0,0.255,3.565,0.8251,11.95,0,11.455774,0
2006,98,0,132.0585,0.092,0,0,0.51,2.52,0.8316,12.13,0,11.45595834,0
2006,98,1,128.1285,0.299,0,0,0.3,1.775,0.84965,12.125,0,11.45614686,0
2006,98,2,121.155,0.414,0,0,0.275,1.43,0.8473,11.33,0,11.45633011,0
2006,98,3,112.1125,0.391,0,0,0.35,0.9,0.84925,10.185,0,11.45648767,0
2006,98,4,101.7805,0.276,0,0,0.21,0.49,0.855,10.195,0,11.45660395,0
2006,98,5,90.539,22.287,5.885,8.73,3.195,0.415,0.8577,9.31,0,11.46426042,0
2006,98,6,79.2,138.23,51.145,67.22,16.075,0.765,0.8349,9.545,0,11.547511,0
2006,98,7,67.819,361.813,143.3,185.55,42.25,1.27,0.8071,9.635,0,11.54721241,0
2006,98,8,56.763,438.587,171.085,219.95,48.865,1.565,0.7784,10.08,0,11.54719508,0
2006,98,9,46.619,509.519,196.295,251.365,55.07,1.66,0.7663,8.74,0,11.54719478,0
2006,98,10,38.352,638.618,248.895,318.74,69.845,2.08,0.73835,8.525,0,11.54719484,0
2006,98,11,33.522,1504.775,619.555,788.935,169.38,3.615,0.6791,7.315,0,11.54719509,0
2006,98,12,33.6565,1674.837,695.27,881.185,185.915,5.37,0.61285,7.39,0,11.54719488,0
2006,98,13,38.7045,1610.391,663.935,845.62,181.685,6.865,0.5363,7.18,0,11.54719507,0
2006,98,14,47.0935,1405.645,566.16,731.135,164.975,7.875,0.4812,7.495,0,11.5471948,0
2006,98,15,57.295,1070.144,415.23,549.78,134.55,8.52,0.44565,6.925,0,11.54719481,0
2006,98,16,68.3675,671.646,244.445,339.02,94.575,8.72,0.4278,7.115,0,11.54719483,0
2006,98,17,79.735,262.085,82.07,126.51,44.44,8.15,0.45295,6.23,0,11.54719486,0
2006,98,18,91.0555,16.491,3.445,5.005,2.315,6.505,0.53735,4.62,0,11.55779969,0
2006,98,19,102.2255,0,0,0,0.04,5.12,0.5898,4.66,0,11.61038475,0
2006,98,20,112.4625,0.023,0,0,0.015,3.81,0.6525,4.075,0,11.61177566,0
2006,98,21,121.3635,0,0,0,0,2.93,0.66435,3.145,0,11.61191105,0
2006,98,22,128.136,0,0,0,0.03,1.985,0.71035,3.365,0,11.61205731,0
2006,98,23,131.8165,0.046,0,0,0,1.385,0.74655,1.805555556,0,11.61222601,0
2006,99,0,131.6805,0.115,0,0,0,0.93,0.7655,2.28,0,11.61240955,0
2006,99,1,127.756,0.161,0,0,0,0.51,0.7859,1.57,0,11.61259455,0
2006,99,2,120.806,0.23,0,0,0.02,0.16,0.80265,1.392307692,0,11.6127681,0
2006,99,3,111.7845,0.368,0,0,0.07,-0.55,0.84795,2.11,0,11.61291961,0
2006,99,4,101.4725,0.276,0,0,0.045,-0.89,0.8699,1.56,0,11.61303474,0
2006,99,5,90.2205,29.371,7.23,11.555,4.59,-0.985,0.8792,1.56,0,11.65126661,0
2006,99,6,78.9135,310.5,101.745,145.825,44.08,-0.065,0.8624,1.17,0,11.71497088,0
2006,99,7,67.5255,705.18,268.35,358.725,90.375,2.06,0.7817,1.445,0,11.71469779,0
2006,99,8,56.4565,1102.413,439.195,571.485,132.29,4.87,0.64505,0.542105263,0,11.71468607,0
2006,99,9,46.2885,1426.529,587.86,751.11,163.25,7.035,0.5539,0.642105263,0,11.71468588,0
2006,99,10,37.993,1659.266,697.765,882.1,184.335,8.425,0.50315,0.845,0,11.71468596,0
2006,99,11,33.1465,1780.66,752.855,947.705,194.85,9.725,0.46625,0.95,0,11.71468629,0
2006,99,12,33.306,1777.187,745.495,939.785,194.29,11.075,0.3975,1.005,0,11.71468593,0
2006,99,13,38.4095,1649.79,682.53,867.195,184.665,12.09,0.361,1.665,0,11.71468608,0
2006,99,14,46.8525,1413.419,569.7,735.76,166.06,12.665,0.3524,2.236842105,0,11.71468656,0
2006,99,15,57.09,1008.55,389.655,516.88,127.225,13.015,0.364,3.205,0,11.71468591,0
2006,99,16,68.1765,550.689,205.105,278.17,73.065,12.98,0.41565,2.825,0,11.71468593,0
2006,99,17,79.552,176.295,65.23,88.305,23.075,12.57,0.40965,2.495,0,11.71468596,0
2006,99,18,90.835,15.226,5.35,5.845,1.595,11.885,0.43235,2.665,0,11.727274,0
2006,99,19,102.0155,0.161,0,0,0,11.335,0.4303,3.3,0,11.76698446,0
2006,99,20,112.2245,0,0,0,0.03,9.54,0.53155,3.915,0,11.76813773,0
2006,99,21,121.087,0.23,0,0,0,8.135,0.6678,3.725,0,11.76827405,0
2006,99,22,127.815,0.368,0,0,0,7.415,0.69765,4.205,0,11.76843549,0
2006,99,23,131.457,0.368,0,0,0,6.505,0.70815,4.025,0,11.76862595,0
2006,100,0,131.305,0.414,0,0,0,6.31,0.68805,3.32,0,11.76882938,0
2006,100,1,127.388,0.23,0,0,0.015,6.185,0.6795,3.985,0,11.76902747,0
2006,100,2,120.46,0.184,0,0,0,5.83,0.68995,3.915,0,11.76920192,0
2006,100,3,111.4615,0,0,0,0,5.3,0.7119,3.535,0,11.76934503,0
2006,100,4,101.1685,0.161,0,0,0,4.91,0.7317,3.725,0,11.76944982,0
2006,100,5,89.946,21.137,5.645,7.615,2.345,4.32,0.74745,4.385,0,11.77459136,0
2006,100,6,78.6285,275.517,96.585,134.065,37.48,5.125,0.76455,3.71,0,11.84135659,0
2006,100,7,67.235,675.832,252.295,338.485,86.19,8.72,0.6556,4.985,0,11.84090154,0
2006,100,8,56.1525,1087.923,422.435,554.135,131.7,11.58,0.54885,6.55,0,11.84088488,0
2006,100,9,45.961,1420.25,568.28,731.56,163.28,13.9,0.4418,7.29,0,11.84088461,0
2006,100,10,37.6355,1650.503,673.025,856.515,183.49,15.385,0.3984,6.86,0,11.84088469,0
2006,100,11,32.7705,1767.389,727.06,921.38,194.32,16.23,0.3761,7.195,0,11.84088502,0
2006,100,12,32.958,1765.848,726.115,921.565,195.45,16.86,0.37095,7.415,0,11.84088466,0
2006,100,13,38.1185,1643.166,667.81,853.39,185.58,17.545,0.36095,7.51,0,11.8408848,0
2006,100,14,46.6135,1406.611,557.495,722.735,165.24,18.19,0.3282,8.475,0,11.84088527,0
2006,100,15,56.884,1075.894,410.685,544.32,134.53,18.585,0.32275,8.505,0,11.84088463,0
2006,100,16,67.9915,676.177,252.15,335.545,93.67,18.655,0.334,7.99,0,11.84088466,0
2006,100,17,79.37,273.378,98.91,129.33,44.745,18.12,0.36495,6.535,0,11.84088468,0
2006,100,18,90.654,23.161,6.615,7.795,4.64,16.095,0.44165,5.09,0,11.84521602,0
2006,100,19,101.8075,0.276,0,0,0.285,13.22,0.5707,5.05,0,11.89639742,0
2006,100,20,111.987,0.299,0,0,0,11.745,0.6204,4.895,0,11.89801807,0
2006,100,21,120.8115,0.368,0,0,0,10.74,0.6384,4.795,0,11.89817179,0
2006,100,22,127.495,0.092,0,0,0,10.16,0.66455,4.975,0,11.89833173,0
2006,100,23,131.102,0.368,0,0,0,8.97,0.7085,4.625,0,11.89851295,0
2006,101,0,130.9315,0.207,0,0,0,8.505,0.72655,4.86,0,11.89871038,0
2006,101,1,127.023,0.115,0,0,0,8.835,0.69855,5.275,0,11.89889747,0
2006,101,2,120.115,0.138,0,0,0,8.19,0.71045,4.775,0,11.89906751,0
2006,101,3,111.141,0.207,0,0,0,8.025,0.71465,5.365,0,11.89921228,0
2006,101,4,100.8675,0.115,0,0,0.065,7.695,0.7388,4.58,0,11.89932038,0
2006,101,5,89.633,21.045,7.265,7.305,2.24,8.055,0.72285,4.41,0,11.9041537,0
2006,101,6,78.346,286.787,110.52,139.405,39.255,9.125,0.7001,5.01,0,11.96394442,0
2006,101,7,66.9485,553.219,213.88,275.665,67.98,13.065,0.579,6.595,0,11.96341458,0
2006,101,8,55.852,935.663,363.225,473.06,113.02,16.615,0.51615,8.83,0,11.96339727,0
2006,101,9,45.636,1113.936,428.65,561.865,127.325,18.53,0.5008,10.355,0,11.96339699,0
2006,101,10,37.2795,1221.346,471.36,617.2,137.285,20.15,0.46065,10.515,0,11.96339708,0
2006,101,11,32.4,1655.057,641.075,848.52,186.58,21.705,0.39785,13.22,0,11.96339744,0
2006,101,12,32.6135,1204.602,461.735,606.595,135.36,21.685,0.4275,13.16,0,11.96339703,0
2006,101,13,37.83,651.682,243.485,311.715,70.355,21.475,0.46035,13.16,0,11.96339715,0
2006,101,14,46.377,485.254,178.935,225.805,50.24,21.89,0.46525,12.57,0,11.96339755,0
2006,101,15,56.6805,390.034,143.905,180.88,40.64,22.5,0.45055,11.545,0,11.96339702,0
2006,101,16,67.804,187.749,67.315,83.35,18.91,22.285,0.43175,10.005,0,11.96339704,0
2006,101,17,79.1885,53.935,17.885,20.58,5.405,20.98,0.4852,7.45,0,11.96339365,0
2006,101,18,90.4745,5.221,1.07,0.78,0.58,19.86,0.54945,7.61,0,11.95080248,0
2006,101,19,101.599,0.115,0,0,0.065,19.46,0.57415,7.8,0,11.95634716,0
2006,101,20,111.7495,0.046,0,0,0.045,19.19,0.6023,7.365,0,11.95659718,0
2006,101,21,120.536,0.069,0,0,0.195,18.395,0.659,6.975,0,11.95671896,0
2006,101,22,127.1765,0.046,0,0,0.01,18.72,0.6476,11.045,0,11.95687004,0
2006,101,23,130.747,0.046,0,0,0.09,18.69,0.6414,9.455,0,11.95704216,0
2006,102,0,130.56,0,0,0,0.19,18.115,0.6564,8.66,0,11.95722317,0
2006,102,1,126.659,0,0,0,0.05,17.465,0.6591,7.67,0,11.95740006,0
2006,102,2,119.7715,0,0,0,0.105,16.94,0.65605,7.93,0,11.95756244,0
2006,102,3,110.8215,0.023,0,0,0.135,16.41,0.66765,8.255,0,11.95769917,0
2006,102,4,100.5655,0,0,0,0.08,16.85,0.6562,9.41,0,11.95780059,0
2006,102,5,89.362,23.345,6.685,6.535,1.83,17.175,0.63645,10.705,0,11.96609977,0
2006,102,6,78.0665,254.725,96.1,123.91,36.235,17.435,0.6558,10.715,0,12.01934725,0
2006,102,7,66.6625,632.155,239.25,313.905,82.535,18.775,0.65785,11.74,0,12.01877053,0
2006,102,8,55.5555,1016.485,388.975,507.64,120.57,20.345,0.6241,12.355,0,12.01875319,0
2006,102,9,45.315,1384.416,535.875,701.035,156.1,21.34,0.55535,12.32,0,12.01875293,0
2006,102,10,36.9285,1594.429,621.81,813.2,173.24,22.175,0.51105,11.765,0,12.01875302,0
2006,102,11,32.0325,1770.609,695.19,910.94,190.035,23.28,0.43315,10.41,0,12.01875341,0
2006,102,12,32.2695,1766.469,691.415,907.905,190.67,24.115,0.37175,10.19,0,12.01875296,0
2006,102,13,37.5445,1645.282,639.7,840.725,181.995,24.755,0.3281,9.855,0,12.01875306,0
2006,102,14,46.143,1408.957,540.52,711.88,163.345,25.105,0.3118,9.88,0,12.01875339,0
2006,102,15,56.48,1082.334,407.1,537.775,134.57,25.315,0.29145,10.52,0,12.01875295,0
2006,102,16,67.6195,679.995,249.81,330.955,93.35,25.135,0.30915,9.425,0,12.01875298,0
2006,102,17,79.0075,275.448,96.265,128.855,44.3,24.195,0.35235,8.21,0,12.018753,0
2006,102,18,90.255,26.473,6.98,8.95,5.255,21.6,0.43605,6.36,0,12.02105769,0
2006,102,19,101.3895,0.023,0,0,0.11,19.235,0.5245,3.88,0,12.07364753,0
2006,102,20,111.5125,0.069,0,0,0,18.04,0.5594,3.905,0,12.0755025,0
2006,102,21,120.2615,0.184,0,0,0,16.635,0.59315,4.29,0,12.07565326,0
2006,102,22,126.8595,0.391,0,0,0,16.31,0.58565,4.05,0,12.07581549,0
2006,102,23,130.392,0.161,0,0,0,15.005,0.62005,2.695,0,12.07600187,0
2006,103,0,130.1915,0.023,0,0,0,13.745,0.6576,2.17,0.09525,12.07618703,0
2006,103,1,126.2995,0.046,0,0,0,13.08,0.67475,0.105,0.09525,12.07636625,0
2006,103,2,119.433,0.046,0,0,0,11.74,0.72335,0.17,0.09525,12.07653079,0
2006,103,3,110.5055,0.184,0,0,0,11.225,0.7205,0.425,0.09525,12.0766712,0
2006,103,4,100.2685,0.161,0,0,0,10.89,0.72605,0.09,0.09525,12.0767783,0
2006,103,5,89.0545,38.525,14.52,15.385,4.68,11.805,0.68645,2.68,0.09525,12.15753363,0
2006,103,6,77.789,313.444,119.2,150.21,43.645,11.675,0.7483,3.975,0.09525,12.17621672,0
2006,103,7,66.381,714.472,273.755,351.225,88.89,15.825,0.6205,4.92,0.09525,12.17596204,0
2006,103,8,55.2615,1107.381,426.62,552.59,128.095,20.235,0.43905,5.445,0.09525,12.17595518,0
2006,103,9,44.9965,1437.638,555.76,725.98,158.05,22.705,0.33845,7.135,0.09525,12.17595524,0
2006,103,10,36.58,1667.914,649.725,849.34,177.56,23.84,0.30755,7.31,0.09525,12.17595507,0
2006,103,11,31.6655,1785.237,698.375,913.555,187.6,25.375,0.2695,7.63,0.09525,12.17595509,0
2006,103,12,31.929,1781.902,695.265,911.43,188.57,26.73,0.23925,8.28,0.09525,12.17595515,0
2006,103,13,37.261,1660.83,642.505,844.21,180.25,27.92,0.2199,9.125,0.09525,12.17595533,0
2006,103,14,45.9095,1429.358,545.11,718.76,162.725,28.35,0.21205,9.77,0.09525,12.17595521,0
2006,103,15,56.28,1099.032,410.8,543.015,133.7,28.315,0.2093,10.37,0.09525,12.17595511,0
2006,103,16,67.4355,649.428,237.955,313.69,86.035,27.725,0.2351,10.68,0.09525,12.17595514,0
2006,103,17,78.829,267.329,94.455,123.51,40.605,26.645,0.25805,9.31,0.09525,12.17595515,0
2006,103,18,90.078,28.267,8.965,10.87,5.105,23.95,0.3119,6.68,0.09525,12.17726674,0
2006,103,19,101.182,0.046,0,0,0.035,22.18,0.38125,6.465,0.09525,12.22797373,0
2006,103,20,111.275,0,0,0,0.01,21.585,0.45095,7.155,0.09525,12.22998829,0
2006,103,21,119.9875,0,0,0,0,21.475,0.5376,6.62,0.09525,12.2301382,0
2006,103,22,126.543,0.046,0,0,0.23,21.975,0.6418,9.455,0.09525,12.23028783,0
2006,103,23,130.041,0.138,0,0,0.13,21.56,0.71935,8.285,0.09525,12.23046169,0
2006,104,0,129.827,0,0,0,0.67,19.94,0.7976,4.165,0.084666667,12.23064573,0
2006,104,1,125.942,0,0,0,0.395,18.13,0.8755,4.145,0.084666667,12.23082229,0
2006,104,2,119.0965,0.023,0,0,0.01,18.2,0.8499,5.16,0.084666667,12.23098454,0
2006,104,3,110.191,0.115,0,0,0.005,19.255,0.79325,4.95,0.084666667,12.23112258,0
2006,104,4,99.9745,0.069,0,0,0.165,18.36,0.82775,6.43,0.084666667,12.23122635,0
2006,104,5,88.789,37.651,13.895,14.45,4.36,19.1,0.7885,6.65,0.084666667,12.30291914,0
2006,104,6,77.515,290.674,110.975,139.245,38.675,20.725,0.75005,6.845,0.084666667,12.31945166,0
2006,104,7,66.103,695.451,266.75,340.275,82.985,22.57,0.7054,8.53,0.084666667,12.3191397,0
2006,104,8,54.969,973.429,375.965,481.61,108.825,24.23,0.6565,9.235,0.084666667,12.31913193,0
2006,104,9,44.683,143.543,48.025,60.02,13.74,23.245,0.69015,7.795,0.084666667,12.31913196,0
2006,104,10,36.234,61.594,17.46,18.705,3.875,21.15,0.78045,5.945,0.084666667,12.31912967,0
2006,104,11,31.3025,486.68,185.395,225.365,42.51,20.92,0.8169,6.39,0.084666667,12.31912646,0
2006,104,12,31.591,1368.822,534.895,674.78,131.615,23.73,0.71005,7.405,0.084666667,12.31912653,0
2006,104,13,36.9785,1486.812,567.31,734.925,154.56,26.435,0.57375,10.265,0.084666667,12.31912677,0
2006,104,14,45.68,930.649,350.4,449.99,99.58,27.015,0.5668,10.235,0.084666667,12.31912651,0
2006,104,15,56.081,580.704,219.105,278.14,64.105,27.29,0.55865,9.67,0.084666667,12.31912663,0
2006,104,16,67.2535,590.64,220.47,286.775,77.14,27.87,0.5591,10.13,0.084666667,12.3191265,0
2006,104,17,78.65,182.413,64.035,80.36,22.65,26.98,0.5979,8.485,0.084666667,12.31912648,0
2006,104,18,89.898,14.904,4.315,4.25,2.08,25.63,0.63725,8.085,0.084666667,12.32258818,0
2006,104,19,100.974,0.046,0,0,0.305,25.065,0.65035,6.6,0.084666667,12.34640157,0
2006,104,20,111.0395,0,0,0,0.01,23.87,0.6828,3.82,0.084666667,12.34741172,0
2006,104,21,119.714,0,0,0,0.02,22.83,0.6945,2.715,0.084666667,12.34754537,0
2006,104,22,126.229,0.069,0,0,0,20.715,0.82375,1.32,0.084666667,12.34769563,0
2006,104,23,129.6925,0.207,0,0,0,20.04,0.87085,1.36,0.084666667,12.34787202,0
2006,105,0,129.465,0.391,0,0,0.015,19.14,0.87985,2.815,0,12.34806901,0
2006,105,1,125.587,0.253,0,0,0,17.86,0.8995,3.26,0,12.34826575,0
2006,105,2,118.762,0.322,0,0,0.18,16.65,0.8342,3.735,0,12.34844287,0
2006,105,3,109.881,0.345,0,0,0.065,15.435,0.8453,3.35,0,12.34859371,0
2006,105,4,99.681,0.46,0,0,0.17,14.12,0.87215,3.595,0,12.348707,0
2006,105,5,88.4875,49.956,16.55,19.77,7.35,12.92,0.9154,3.03,0,12.43999136,0
2006,105,6,77.2435,357.765,132.335,169.47,49.28,14.105,0.78185,4.495,0,12.44471028,0
2006,105,7,65.8275,770.707,297.275,384.51,97.145,16.015,0.61885,4.805,0,12.44457213,0
2006,105,8,54.682,1163.869,458.755,593.715,135.02,18.46,0.55535,3.965,0,12.44456895,0
2006,105,9,44.3735,1482.741,594.235,766.29,161.015,20.535,0.50935,3.165,0,12.44456888,0
2006,105,10,35.8915,1703.403,688.98,887.5,177.605,22.75,0.4162,3.04,0,12.44456889,0
2006,105,11,30.9425,1812.607,734.745,945.805,184.94,24.365,0.31765,2.94,0,12.44456893,0
2006,105,12,31.2575,1796.346,725.315,932.315,182.37,25.14,0.30375,2.75,0,12.44456904,0
2006,105,13,36.702,1661.221,666.73,857.46,174.085,25.81,0.29565,2.365,0,12.44456944,0
2006,105,14,45.452,957.352,375.11,481.555,104.01,26.225,0.27355,2.85,0,12.44456893,0
2006,105,15,55.8865,460.989,176.63,220.925,48.545,26.085,0.29065,2.915,0,12.44456897,0
2006,105,16,67.0725,302.956,115.49,144.165,32.285,25.255,0.3177,5.735,0,12.44456905,0
2006,105,17,78.472,60.628,20.675,24.305,6.05,23.555,0.38365,5.785,0,12.4445687,0
2006,105,18,89.6815,11.27,3.355,3.555,1.255,22.15,0.46255,6.495,0,12.43046975,0
2006,105,19,100.7685,0,0,0,0.15,20.97,0.5479,6.74,0,12.43721582,0
2006,105,20,110.805,0,0,0,0.07,20.63,0.5783,8.03,0,12.43757626,0
2006,105,21,119.441,0,0,0,0.135,20.055,0.6223,7.1,0,12.43770037,0
2006,105,22,125.916,0,0,0,0.045,19.495,0.67545,5.95,0,12.43785028,0
2006,105,23,129.3455,0,0,0,0.25,18.85,0.7211,6.215,0,12.43802056,0
2006,106,0,129.104,0.046,0,0,0.2,17.95,0.79655,5.65,1.100666667,12.43820058,0
2006,106,1,125.234,0.046,0,0,0.13,17.195,0.85,7.005,1.100666667,12.43837944,0
2006,106,2,118.43,0.138,0,0,0.09,16.8,0.8717,6.92,1.100666667,12.43854371,0
2006,106,3,109.5725,0.184,0,0,0.155,16.405,0.89065,7.225,1.100666667,12.43868524,0
2006,106,4,99.3935,0.276,0,0,0.055,16.195,0.9022,7.1,1.100666667,12.43879034,0
2006,106,5,88.2285,21.827,7.75,8.135,1.99,16.31,0.91,6.57,1.100666667,12.44337545,0
2006,106,6,76.9755,187.496,72.71,90.62,21.145,16.845,0.9012,6.49,1.100666667,12.46511417,0
2006,106,7,65.5565,536.36,206.82,263.455,60.86,18.68,0.8572,6.57,1.100666667,12.46411309,0
2006,106,8,54.398,563.891,215.61,270.205,57.76,21.055,0.7458,7.795,1.100666667,12.46409035,0
2006,106,9,44.066,499.399,187.66,234.86,50.01,22.06,0.69455,7.42,1.100666667,12.46409001,0
2006,106,10,35.554,434.125,157.74,196.305,40.875,22.665,0.67425,8.045,1.100666667,12.46409008,0
2006,106,11,30.5855,978.121,373.68,474.86,98.34,23.86,0.64745,7.91,1.100666667,12.46409032,0
2006,106,12,30.925,1016.462,385.09,493.565,103.475,24.73,0.6174,9.9,1.100666667,12.46409011,0
2006,106,13,36.426,583.74,220.645,280.64,59.645,25.02,0.60595,10.275,1.100666667,12.46409022,0
2006,106,14,45.228,25.392,5.29,4.535,2.015,23.455,0.6682,9.395,1.100666667,12.44813628,0
2006,106,15,55.691,91.54,30.7,36.595,8.9,16.83,0.95225,7.66,1.100666667,12.23136835,0
2006,106,16,66.892,56.419,17.445,18.5,3.56,18.22,0.9657,3.36,1.100666667,12.22994915,0
2006,106,17,78.295,158.47,57.51,71.425,15.645,18.475,0.947,3.83,1.100666667,12.229927,0
2006,106,18,89.504,12.075,3.865,3.965,1.415,18.52,0.94155,3.395,1.100666667,12.23753467,0
2006,106,19,100.561,0.828,0,0,0.24,17.925,0.95495,3.85,1.100666667,12.26274025,0
2006,106,20,110.57,0.828,0,0,0.05,18.035,0.9203,3.265,1.100666667,12.26368529,0
2006,106,21,119.171,0.828,0,0,0.015,17.875,0.90345,3.23,1.100666667,12.26385659,0
2006,106,22,125.6035,0.943,0,0,0.155,17.295,0.90855,4.555,1.100666667,12.26405753,0
2006,106,23,129.002,0.92,0,0,0.17,16.5,0.9378,5.105,1.100666667,12.26429035,0
2006,107,0,128.7465,0.943,0,0,0.29,15.985,0.95925,4.48,0,12.26453474,0
2006,107,1,124.886,0.874,0,0,0.62,14.58,0.9695,4.895,0,12.26477363,0
2006,107,2,118.102,0.897,0,0,0.5,13.11,0.9407,6.995,0,12.26498908,0
2006,107,3,109.267,0.667,0,0,0.41,12.065,0.93085,7.57,0,12.26516433,0
2006,107,4,99.107,0.46,0,0,0.29,11.235,0.91175,7.08,0,12.26528378,0
2006,107,5,87.931,11.454,2.775,2.455,0.995,10.555,0.88725,8.03,0,12.26568317,0
2006,107,6,76.709,97.911,35.045,41.88,8.455,10.16,0.916,8.715,0,12.28264535,0
2006,107,7,65.2875,278.208,103.81,128.545,25.57,9.985,0.89385,9.815,0,12.2806794,0
2006,107,8,54.1185,465.566,175.905,219.185,43.61,10.345,0.86465,8.68,0,12.28063116,0
2006,107,9,43.7625,1138.983,433.645,555.555,114.52,12.185,0.81165,7.28,0,12.28063043,0
2006,107,10,35.218,1140.524,436.46,561.75,115.92,12.98,0.783,7.385,0,12.2806305,0
2006,107,11,30.2285,1787.905,696.01,900.46,176.1,13.905,0.7286,7.695,0,12.28063042,0
2006,107,12,30.595,1817.897,714.905,923.67,179.99,15.58,0.67055,7.835,0,12.28063041,0
2006,107,13,36.1535,1686.291,661.94,855.995,171.39,16.875,0.58765,8.005,0,12.28063041,0
2006,107,14,45.004,1461.305,569.475,739.725,157.27,17.5,0.51025,8.55,0,12.28063042,0
2006,107,15,55.5,1128.288,434.185,565.735,132.16,17.87,0.46885,7.875,0,12.28063044,0
2006,107,16,66.7125,726.8,273.675,358.53,95.84,17.74,0.46365,7.12,0,12.28063046,0
2006,107,17,78.119,311.742,113.405,149.38,48.385,17.14,0.4777,6.48,0,12.28063046,0
2006,107,18,89.3275,37.053,11.935,14.935,6.93,15.765,0.52595,4.865,0,12.28073438,0
2006,107,19,100.3555,0.138,0,0,0.285,13.685,0.6401,4.815,0,12.3545353,0
2006,107,20,110.336,0,0,0,0.02,12.57,0.6429,5.07,0,12.35876842,0
2006,107,21,118.9,0.023,0,0,0,11.53,0.6584,5.68,0,12.35895815,0
2006,107,22,125.2945,0,0,0,0.005,10.595,0.65705,6.125,0,12.3591086,0
2006,107,23,128.6605,0,0,0,0,9.955,0.6684,6.665,0,12.35927845,0
2006,108,0,128.3925,0,0,0,0,9.45,0.6953,6.825,0,12.35945736,0
2006,108,1,124.5395,0,0,0,0.01,8.82,0.73585,6.18,0,12.35963319,0
2006,108,2,117.7775,0.276,0,0,0,8.15,0.77145,6.12,0,12.35980014,0
2006,108,3,108.9655,0.023,0,0,0,7.83,0.77065,6.575,0,12.35994244,0
2006,108,4,98.823,0.138,0,0,0.045,7.31,0.78815,6.025,0,12.36004361,0
2006,108,5,87.678,53.728,18.38,21.96,7.645,6.805,0.80805,5.42,0,12.45206082,0
2006,108,6,76.448,360.824,132.615,176.02,54.025,7.625,0.77775,7.025,0,12.45554349,0
2006,108,7,65.023,781.839,294.505,390.095,103.575,9.405,0.71485,8.535,0,12.45542626,0
2006,108,8,53.841,1180.797,453.725,596.595,140.72,11.295,0.68945,7.77,0,12.45542364,0
2006,108,9,43.4625,1501.808,587.885,768.57,166.705,13.65,0.6362,7.245,0,12.45542359,0
2006,108,10,34.8875,1726.863,684.97,892.38,183.25,15.79,0.5957,6.995,0,12.45542365,0
2006,108,11,29.879,1835.032,731.975,950.505,189.61,17.545,0.55865,7.335,0,12.45542359,0
2006,108,12,30.27,1825.832,729.135,945.025,187.86,18.74,0.50575,7.025,0,12.4554237,0
2006,108,13,35.8845,1691.581,671.44,867.735,176.835,19.885,0.434,7.83,0,12.45542405,0
2006,108,14,44.784,1445.826,565.85,729.83,156.66,20.735,0.40225,8.26,0,12.4554236,0
2006,108,15,55.308,1104,422.395,546.42,127.785,21.32,0.3751,8.795,0,12.45542364,0
2006,108,16,66.5365,703.777,262.225,340,90.21,21.19,0.4105,9.445,0,12.45542374,0
2006,108,17,77.942,298.701,107.33,139.5,44.395,20.4,0.43995,8.195,0,12.45542358,0
2006,108,18,89.112,34.132,10.51,13.03,5.335,18.52,0.5028,6.91,0,12.45558729,0
2006,108,19,100.15,0.046,0,0,0.275,16.615,0.58545,5.745,0,12.51513115,0
2006,108,20,110.1015,0.023,0,0,0,15.98,0.61675,6.485,0,12.51826151,0
2006,108,21,118.63,0,0,0,0.04,15.74,0.613,7.215,0,12.51843425,0
2006,108,22,124.9875,0,0,0,0.005,16.02,0.5791,8.785,0,12.51858433,0
2006,108,23,128.323,0,0,0,0.12,15.815,0.57725,9.17,0,12.51875408,0
2006,109,0,128.0395,0.598,0,0,1.905,14.255,0.7146,7.585,0.359833333,12.51894892,0
2006,109,1,124.197,0,0,0,0.89,12.39,0.8534,5.215,0.359833333,12.51914579,0
2006,109,2,117.456,0.046,0,0,0.39,12.23,0.8609,8.65,0.359833333,12.51930776,0
2006,109,3,108.6655,0.069,0,0,0.05,12.1,0.8732,8.145,0.359833333,12.51944397,0
2006,109,4,98.543,0.161,0,0,0.01,11.57,0.90295,7.025,0.359833333,12.5195452,0
2006,109,5,87.387,24.449,7.585,6.855,1.335,11.12,0.92535,3.82,0.359833333,12.52812916,0
2006,109,6,76.1885,238.51,92.585,115.29,28.235,11.48,0.9332,4.335,0.359833333,12.54751635,0
2006,109,7,64.762,355.787,149.77,186.62,37.895,12.47,0.9039,3.53,0.359833333,12.54660351,0
2006,109,8,53.5695,847.665,350.945,450.22,97.5,13.325,0.8745,4.51,0.359833333,12.5465833,0
2006,109,9,43.1665,1042.038,434.82,557.26,116.54,14.835,0.851,3.465,0.359833333,12.54658301,0
2006,109,10,34.56,1588.886,678.345,866.33,170.9,16.91,0.7743,0.66,0.359833333,12.54658311,0
2006,109,11,29.5295,1640.038,704.18,902.79,171.005,18.58,0.7345,0.42,0.359833333,12.54658349,0
2006,109,12,29.9455,1654.781,718.735,920,174.62,20.31,0.70325,0.425,0.359833333,12.54658304,0
2006,109,13,35.6185,1410.245,609.445,783.18,153.73,21.6,0.66795,0.88,0.359833333,12.54658314,0
2006,109,14,44.566,794.19,336.61,429.19,88.28,22.08,0.6214,0.7,0.359833333,12.54658345,0
2006,109,15,55.1195,745.039,313.94,403.43,91.97,22.355,0.6134,1.24,0.359833333,12.54658303,0
2006,109,16,66.3595,645.242,268.83,350.915,92.125,22.91,0.59135,0.995,0.359833333,12.54658305,0
2006,109,17,77.7675,271.423,112.13,142.64,42.55,22.985,0.58105,0.015,0.359833333,12.54658304,0
2006,109,18,88.9385,32.545,12.09,14.305,4,21.745,0.627,0,0.359833333,12.54673868,0
2006,109,19,99.944,0.253,0,0,0,20.55,0.6764,1.81,0.359833333,12.59632841,0
2006,109,20,109.869,0.345,0,0,0,19.385,0.7253,2.895,0.359833333,12.59896864,0
2006,109,21,118.361,0.276,0,0,0.005,18.585,0.76885,3.24,0.359833333,12.59914566,0
2006,109,22,124.6795,0.437,0,0,0,17.705,0.8033,2.76,0.359833333,12.59931366,0
2006,109,23,127.986,0.46,0,0,0,17.515,0.8103,2.935,0.359833333,12.59951103,0
2006,110,0,127.694,0.552,0,0,0,16.56,0.8674,2.695,0,12.5997212,0
2006,110,1,123.858,0.529,0,0,0.07,16.26,0.8867,2.885,0,12.59993149,0
2006,110,2,117.1375,0.644,0,0,0.02,16.29,0.8823,2.845,0,12.60012536,0
2006,110,3,108.369,0.69,0,0,0.05,15.795,0.9061,2.96,0,12.60029235,0
2006,110,4,98.2675,0.598,0,0,0.07,15.785,0.8748,3.33,0,12.60041404,0
2006,110,5,87.142,26.082,10.345,11.835,3.14,15.615,0.78215,3.785,0,12.61308191,0
2006,110,6,75.935,164.128,69.08,86.355,19.045,15.56,0.7232,3.15,0,12.6292053,0
2006,110,7,64.505,349.462,147.075,185.535,41.41,16.48,0.6782,2.995,0,12.62825313,0
2006,110,8,53.302,791.798,329.665,425.53,97.21,18.14,0.53935,4.06,0,12.62823249,0
2006,110,9,42.8745,944.679,399.375,515.145,113.27,19.925,0.3668,3.17,0,12.6282322,0
2006,110,10,34.2365,1140.317,489.535,628.09,133.21,21.65,0.3072,0.605,0,12.6282323,0
2006,110,11,29.185,1131.255,483.82,625.55,132.99,21.98,0.2915,1.37,0,12.6282327,0
2006,110,12,29.625,1285.723,555.88,722.33,153.175,22.395,0.2625,2.555,0,12.62823223,0
2006,110,13,35.3535,1046.431,450.985,584.935,128.1,22.715,0.25085,3.225,0,12.62823232,0
2006,110,14,44.35,795.363,342.29,439.99,97.925,22.96,0.23775,2.11,0,12.6282326,0
2006,110,15,54.932,947.255,411.35,535.44,127.385,23.47,0.23215,1.84,0,12.62823222,0
2006,110,16,66.184,631.557,268.9,354.285,94.31,23.455,0.23075,2.32,0,12.62823225,0
2006,110,17,77.5925,242.903,100.315,132.885,38.54,22.75,0.2461,1.755,0,12.62823223,0
2006,110,18,88.7625,43.401,18.06,23.845,8.025,21.38,0.348,1.37,0,12.6282345,0
2006,110,19,99.741,0.092,0,0,0,20.63,0.3279,0.96,0,12.69286062,0
2006,110,20,109.637,0,0,0,0,19.135,0.3739,3.06,0,12.6987414,0
2006,110,21,118.0955,0.23,0,0,0,16.585,0.5382,3.975,0,12.69896942,0
2006,110,22,124.3765,0.368,0,0,0,15.245,0.59755,4.255,0,12.6991341,0
2006,110,23,127.652,0.299,0,0,0.025,15.075,0.58875,3.73,0,12.69932359,0
2006,111,0,127.3485,0.092,0,0,0.07,14.725,0.5722,4.135,0,12.69951472,0
2006,111,1,123.523,0,0,0,0.2,12.545,0.6646,3.65,0,12.69969292,0
2006,111,2,116.823,0.023,0,0,0.005,11.405,0.7062,3.45,0,12.69985436,0
2006,111,3,108.076,0.092,0,0,0.025,10.69,0.7309,2.58,0,12.69999046,0
2006,111,4,97.995,0.46,0,0,0,10.72,0.70985,2.79,0,12.70009709,0
2006,111,5,86.8585,57.339,23.635,29.215,8.25,10.79,0.69595,1.64,0,12.78074554,0
2006,111,6,75.6835,254.38,106.655,135.945,34.02,11.64,0.7049,1.105,0,12.78175504,0
2006,111,7,64.252,462.3,189.045,241.515,56.42,13.77,0.63595,2.055,0,12.78163927,0
2006,111,8,53.0375,779.746,303.02,390.41,89.06,15.855,0.4743,3.305,0,12.78163691,0
2006,111,9,42.5895,838.764,324.77,418.43,93.135,16.7,0.4036,2.8,0,12.78163687,0
2006,111,10,33.9175,1010.275,396.675,508.325,110.55,17.775,0.3793,1.205,0,12.78163694,0
2006,111,11,28.845,1164.099,460.355,593.11,126.06,18.565,0.3385,1.74,0,12.78163722,0
2006,111,12,29.3095,1754.302,710.95,916.735,183.215,19.085,0.3306,2.44,0,12.78163694,0
2006,111,13,35.092,1605.285,649.985,838.035,172.025,19.75,0.30195,2.79,0,12.78163712,0
2006,111,14,44.136,1463.237,588.24,762.38,164.71,20.56,0.27765,2.375,0,12.78163696,0
2006,111,15,54.7455,1102.436,433.29,569.72,135.805,20.805,0.2735,2.76,0,12.78163692,0
2006,111,16,66.011,710.493,273.605,364.095,99.63,20.83,0.284,3.315,0,12.78163688,0
2006,111,17,77.4205,316.503,118.115,159.265,52.595,21.005,0.2743,4.595,0,12.78163688,0
2006,111,18,88.5495,43.079,13.71,18.55,8.15,19.535,0.32475,3.645,0,12.78163336,0
2006,111,19,99.535,0.138,0,0,0,18.66,0.3294,2.17,0,12.83930981,0
2006,111,20,109.406,0.023,0,0,0,17.5,0.36205,0.345,0,12.84478125,0
2006,111,21,117.8305,0.069,0,0,0,16.495,0.39435,0,0,12.84500242,0
2006,111,22,124.074,0,0,0,0,14.58,0.50935,2.025,0,12.8451542,0
2006,111,23,127.323,0,0,0,0.045,13.525,0.57815,2.11,0,12.84532304,0
2006,112,0,127.0075,0.161,0,0,0,12.405,0.6534,2.81,0,12.84550532,0
2006,112,1,123.1915,0.184,0,0,0,11.44,0.7249,2.085,0,12.84569089,0
2006,112,2,116.511,0.368,0,0,0,10.52,0.7524,2.81,0,12.84586427,0
2006,112,3,107.7875,0.299,0,0,0,9.875,0.76445,3.4,0,12.84601355,0
2006,112,4,97.7235,0.506,0,0,0,9.835,0.73025,3.57,0,12.84612458,0
2006,112,5,86.6185,69.184,26.695,32.33,11.035,9.24,0.76435,2.115,0,12.92441604,0
2006,112,6,75.436,355.074,147.255,188.94,54.375,11.33,0.7473,2.115,0,12.92439214,0
2006,112,7,64.002,783.702,305.155,396.78,100.96,15.255,0.61785,4.35,0,12.92431115,0
2006,112,8,52.7765,1171.551,458.045,596.14,136,19.125,0.4543,6.84,0,12.92430957,0
2006,112,9,42.306,1485.639,587.675,762.575,159.73,20.53,0.41365,5.565,0,12.92430957,0
2006,112,10,33.6025,1714.144,684.945,886.005,175.835,20.845,0.3776,6.915,0,12.92430954,0
2006,112,11,28.5065,1826.89,734.665,949.345,184.845,21.565,0.34365,8.345,0,12.92430956,0
2006,112,12,28.9955,1811.434,727.315,943.865,187.3,22.405,0.2992,9.105,0,12.92430959,0
2006,112,13,34.836,1611.886,640.69,835.265,174.605,22.675,0.3013,9.095,0,12.9243097,0
2006,112,14,43.9245,1435.361,563.375,740.265,166.31,23.155,0.3025,9.53,0,12.92431003,0
2006,112,15,54.563,1103.195,425.61,566.895,140.48,23.05,0.2838,10.44,0,12.92430957,0
2006,112,16,65.8395,679.581,256.28,345.065,96.89,22.84,0.27315,10.05,0,12.92430959,0
2006,112,17,77.2475,296.355,108.81,147.565,49.52,21.755,0.3303,8.345,0,12.92430956,0
2006,112,18,88.378,42.826,13.06,17.45,8.54,19.385,0.38895,7.04,0,12.92430076,0
2006,112,19,99.3345,0.115,0,0,0.465,16.845,0.4315,6.07,0,12.97618699,0
2006,112,20,109.1765,0,0,0,0.255,14.985,0.5147,3.795,0,12.98131314,0
2006,112,21,117.5655,0,0,0,0,13.565,0.5804,3.13,0,12.98152891,0
2006,112,22,123.7765,0,0,0,0.015,12.57,0.6155,3.865,0,12.98167889,0
2006,112,23,126.9945,0,0,0,0.065,12,0.63055,3.575,0,12.98184771,0
2006,113,0,126.6695,0,0,0,0,10.795,0.68855,1.64,0,12.98202545,0
2006,113,1,122.863,0.069,0,0,0,9.845,0.7302,0.735,0,12.98220104,0
2006,113,2,116.203,0.046,0,0,0,9.55,0.7394,2.585,0,12.98236341,0
2006,113,3,107.504,0.138,0,0,0,8.575,0.7774,2.945,0,12.98249976,0
2006,113,4,97.4595,0.598,0.01,0,0.025,8.02,0.78725,3.125,0,12.98260732,0
2006,113,5,86.3415,77.993,29.335,34.915,13.305,7.665,0.8063,3.35,0,13.05560108,0
2006,113,6,75.1915,400.499,158.985,205.05,61.075,9.445,0.7646,3.26,0,13.05507786,0
2006,113,7,63.757,817.19,322.555,420.085,107.305,12.485,0.63505,3.31,0,13.05500929,0
2006,113,8,52.521,1214.906,484.85,629.355,143.265,15.065,0.4874,4.21,0,13.055008,0
2006,113,9,42.0295,1533.709,620.31,800.17,166.745,16.68,0.4006,4.31,0,13.05500802,0
2006,113,10,33.29,1751.611,713.21,922.265,181.065,17.92,0.36635,4.415,0,13.05500798,0
2006,113,11,28.1735,1855.525,755.345,978.565,188.81,18.855,0.3443,4.85,0,13.05500799,0
2006,113,12,28.685,1829.535,743.475,966.31,189.94,19.87,0.3284,5.285,0,13.055008,0
2006,113,13,34.5795,1701.494,686.945,898.445,185.48,20.64,0.29115,5.95,0,13.05500805,0
2006,113,14,43.7155,1455.877,581.335,765.26,169.4,21.58,0.2639,6.225,0,13.05500817,0
2006,113,15,54.379,1123.205,440.805,586.565,143.85,22.13,0.24805,6.915,0,13.05500808,0
2006,113,16,65.666,727.513,279.525,375.55,105.37,22.43,0.24025,6.725,0,13.055008,0
2006,113,17,77.0765,328.348,123.32,166.895,56.545,22.02,0.2572,5.86,0,13.055008,0
2006,113,18,88.2055,47.748,15.31,20.39,9.44,20.345,0.3154,4.15,0,13.0550057,0
2006,113,19,99.132,0.253,0,0,0.175,18.385,0.3501,4.805,0,13.10683019,0
2006,113,20,108.948,0,0,0,0.615,17.135,0.41005,4.68,0,13.11341061,0
2006,113,21,117.3035,0,0,0,0.715,12.895,0.67645,7.6,0,13.11365788,0
2006,113,22,123.4765,0.023,0,0,0.055,11.69,0.71495,5.07,0,13.1138088,0
2006,113,23,126.6705,0.023,0,0,0.03,10.74,0.7313,5.465,0,13.11397867,0
2006,114,0,126.3375,0,0,0,0,9.985,0.74115,4.07,0,13.11415669,0
2006,114,1,122.538,0.046,0,0,0,9.31,0.76955,2.605,0,13.11433115,0
2006,114,2,115.899,0.299,0,0,0,8.885,0.784,2.55,0,13.11449771,0
2006,114,3,107.221,0.207,0,0,0,8.74,0.7856,2.225,0,13.11464137,0
2006,114,4,97.1975,0.621,0.185,0.07,0.155,8.04,0.831,1.885,0,13.11474996,0
2006,114,5,86.111,42.021,16.22,19.29,4.88,8.155,0.82465,0.45,0,13.16195715,0
2006,114,6,74.952,320.482,124.865,160.275,42.65,9.09,0.8153,2.29,0,13.15808929,0
2006,114,7,63.5155,678.868,261.875,342.34,85.635,11.325,0.70245,3.36,0,13.15773215,0
2006,114,8,52.2705,1130.726,439.525,576.725,134.585,13.555,0.60555,3.835,0,13.15772552,0
2006,114,9,41.755,1476.738,584.505,760.91,163.77,15.21,0.52325,4.04,0,13.15772542,0
2006,114,10,32.9835,1534.146,613.85,796.2,163.99,16.805,0.4733,3.255,0,13.15772546,0
2006,114,11,27.844,1865.668,760.13,977.77,189.055,17.995,0.4152,3.28,0,13.15772557,0
2006,114,12,28.378,1857.02,759.58,974.105,186.815,19.09,0.37625,2.685,0,13.15772598,0
2006,114,13,34.329,1658.139,674.85,867.165,174.125,19.975,0.3348,1.925,0,13.15772547,0
2006,114,14,43.51,1338.876,539.255,696.055,152.845,20.72,0.3191,1.85,0,13.15772553,0
2006,114,15,54.199,896.517,357.41,460.15,107.095,21.23,0.29245,0.9,0,13.15772568,0
2006,114,16,65.4965,480.884,186.195,240.91,60.575,20.97,0.2988,2.7,0,13.15772546,0
2006,114,17,76.906,267.168,104.25,133.79,37.49,21.1,0.2885,1.355,0,13.15772545,0
2006,114,18,87.9945,35.995,13.115,14.575,3.51,20.38,0.31345,0.305,0,13.15754189,0
2006,114,19,98.93,0.184,0,0,0,18.36,0.3899,0.815,0,13.18729386,0
2006,114,20,108.7195,0.161,0,0,0,17.595,0.4141,2.655,0,13.19011434,0
2006,114,21,117.043,0.092,0,0,0,16.46,0.45985,2.865,0,13.19029366,0
2006,114,22,123.182,0,0,0,0,16.175,0.4717,3.01,0,13.1904457,0
2006,114,23,126.35,0.069,0,0,0,15.4,0.50975,2.74,0,13.19061582,0
2006,115,0,126.006,0.023,0,0,0,14.705,0.53755,2.395,0.03175,13.1907959,0
2006,115,1,122.2185,0.138,0,0,0,14.395,0.55035,2.675,0.03175,13.19097338,0
2006,115,2,115.5995,0.115,0,0,0,14.18,0.61005,2.335,0.03175,13.19113835,0
2006,115,3,106.944,0.276,0,0,0.715,13.89,0.6421,2.83,0.03175,13.19127788,0
2006,115,4,96.938,0.253,0,0,1.65,8.175,0.7915,10.855,0.03175,13.19138276,0
2006,115,5,85.8795,15.479,4.125,3.955,1.81,6.985,0.8112,10.265,0.03175,13.19214074,0
2006,115,6,74.7155,41.354,12.965,13.795,3.35,6.76,0.80905,10.51,0.03175,13.14847694,0
2006,115,7,63.2785,64.883,20.24,22.83,4.74,6.885,0.78155,10.83,0.03175,13.12602115,0
2006,115,8,52.023,83.421,24.845,30.1,6.455,5.365,0.8568,12.345,0.03175,13.12555592,0
2006,115,9,41.4875,195.661,65.23,79.27,15.1,4.435,0.9027,13.165,0.03175,13.12554925,0
2006,115,10,32.6825,172.5,56.82,67.67,12.33,4.39,0.91455,12.425,0.03175,13.12554916,0
2006,115,11,27.517,310.569,107.345,133.025,25.755,4.91,0.92045,10.915,0.03175,13.12554923,0
2006,115,12,28.0755,290.168,100.8,123.945,23.89,5.75,0.9022,9.9,0.03175,13.12554943,0
2006,115,13,34.078,453.882,163.205,202.875,40.65,6.715,0.88655,9.56,0.03175,13.12554929,0
2006,115,14,43.305,575.092,213.605,270.64,56.12,7.905,0.84655,9.985,0.03175,13.12554921,0
2006,115,15,54.02,521.755,195.48,250.405,53.955,8.05,0.8256,9.825,0.03175,13.12554923,0
2006,115,16,65.3265,418.37,157.265,204.075,46.475,7.59,0.8186,9.865,0.03175,13.12554919,0
2006,115,17,76.7355,119.14,43.045,54.48,12.315,6.975,0.8105,8.915,0.03175,13.12554919,0
2006,115,18,87.825,16.307,4.82,5.12,1.73,6.845,0.7955,6.795,0.03175,13.10869925,0
2006,115,19,98.7305,0.184,0,0,0.09,6.87,0.7841,5.98,0.03175,13.10646422,0
2006,115,20,108.493,0.299,0,0,0.41,5.745,0.7806,6.84,0.03175,13.10712676,0
2006,115,21,116.7845,0.138,0,0,0.34,4.735,0.77255,7.695,0.03175,13.10726486,0
2006,115,22,122.8885,0,0,0,0.21,4.195,0.7559,6.67,0.03175,13.10741677,0
2006,115,23,126.0305,0,0,0,0.115,4.07,0.7339,6.075,0.03175,13.10758494,0
2006,116,0,125.681,0,0,0,0.11,3.91,0.7634,4.76,0,13.10776245,0
2006,116,1,121.9015,0,0,0,0.04,4.005,0.766,3.99,0,13.10793673,0
2006,116,2,115.3035,0.092,0,0,0.245,3.46,0.80485,3.48,0,13.10809746,0
2006,116,3,106.669,0.253,0,0,0.335,2.32,0.8707,3.24,0,13.10823812,0
2006,116,4,96.683,1.104,0.025,0,0.28,1.66,0.89535,3.41,0,13.10835651,0
2006,116,5,85.6175,92.345,32.92,41.845,15.16,1.57,0.8883,2.725,0,13.18154339,0
2006,116,6,74.485,412.528,158.77,211.79,64.155,3.13,0.8365,4.965,0,13.18097518,0
2006,116,7,63.046,820.617,317.95,424.025,111.185,5.505,0.7803,4.895,0,13.1809229,0
2006,116,8,51.782,1211.502,479.215,630.58,146.58,7.325,0.72985,4.43,0,13.18092197,0
2006,116,9,41.223,1533.318,619.115,804.87,169.76,9.14,0.5975,3.35,0,13.180922,0
2006,116,10,32.3855,1753.474,716.67,925.295,182.605,10.265,0.49695,4.2,0,13.18092192,0
2006,116,11,27.1945,1864.518,767.345,985.26,187.185,11.31,0.46765,4.3,0,13.18092193,0
2006,116,12,27.7745,1830.616,754.455,968.375,184.05,12.22,0.4106,4.63,0,13.18092196,0
2006,116,13,33.833,1716.375,706.3,906.38,178.325,13.45,0.35945,4,0,13.18092203,0
2006,116,14,43.1035,1477.911,599.155,775.37,164.515,14.325,0.3367,3.945,0,13.18092224,0
2006,116,15,53.843,1147.539,456.84,597.855,141.66,14.985,0.29955,3.805,0,13.18092196,0
2006,116,16,65.1595,751.433,292,387.86,106.32,15.415,0.28015,4.445,0,13.18092199,0
2006,116,17,76.567,345.529,130.335,176.11,58.36,15.325,0.272,4.85,0,13.18092192,0
2006,116,18,87.6545,54.74,18.48,24.62,10.545,14.22,0.32095,3.64,0,13.18092163,0
2006,116,19,98.531,0.253,0,0,0,12.875,0.35425,2.81,0,13.22783506,0
2006,116,20,108.2675,0,0,0,0,12.35,0.3421,2.57,0,13.23625337,0
2006,116,21,116.526,0,0,0,0,11.345,0.38535,2.935,0,13.23654367,0
2006,116,22,122.6005,0,0,0,0,10,0.4605,3.265,0,13.23669377,0
2006,116,23,125.7175,0,0,0,0,8.36,0.56105,3.825,0,13.23686159,0
2006,117,0,125.3575,0,0,0,0,7.2,0.6041,3.535,0,13.23703825,0
2006,117,1,121.5905,0.023,0,0,0,6.42,0.63765,3.545,0,13.23721226,0
2006,117,2,115.0115,0.046,0,0,0,6.13,0.6502,3.285,0,13.23737221,0
2006,117,3,106.401,0.161,0,0,0,5.76,0.6641,2.735,0,13.23750794,0
2006,117,4,96.4335,1.173,0.18,0.005,0.04,5.635,0.6698,3.145,0,13.23762445,0
2006,117,5,85.3955,91.011,35.15,43.39,14.72,5.395,0.69635,2.85,0,13.30288339,0
2006,117,6,74.2565,412.574,162.93,211.955,62.935,7.725,0.6474,3.28,0,13.30196858,0
2006,117,7,62.8185,822.296,324.005,424.265,110.35,11.495,0.5254,4.95,0,13.30191192,0
2006,117,8,51.5435,1209.961,483.67,628.305,144.355,14.715,0.4192,7.39,0,13.30191093,0
2006,117,9,40.9635,1527.131,619.485,798.84,166.63,16.8,0.3306,6.425,0,13.30191097,0
2006,117,10,32.093,1737.167,710.41,913.16,178.935,18.36,0.2693,5.545,0,13.30191089,0
2006,117,11,26.8775,1851.178,760.64,976.85,186.245,18.93,0.24605,5.085,0,13.3019109,0
2006,117,12,27.4785,1819.484,744.405,959.455,186.07,19.535,0.2434,5.525,0,13.30191093,0
2006,117,13,33.5905,1697.4,688.425,892.155,182.31,20.255,0.22625,5.385,0,13.301911,0
2006,117,14,42.903,1346.604,534.315,700.705,157.255,20.705,0.21685,5.61,0,13.30191123,0
2006,117,15,53.6675,908.661,352.84,466.185,112.77,20.77,0.2237,5.755,0,13.30191093,0
2006,117,16,64.9945,598.897,230.89,304.78,80.7,20.685,0.2322,4.49,0,13.30191095,0
2006,117,17,76.399,272.55,104.115,136.88,38.18,20.375,0.23615,3.33,0,13.30191088,0
2006,117,18,87.447,57.385,21.54,28.285,9.92,19.445,0.2675,2.735,0,13.30191076,0
2006,117,19,98.333,0.253,0,0,0,18.455,0.2905,1.62,0,13.34518602,0
2006,117,20,108.0425,0,0,0,0,17.345,0.31185,1.23,0,13.35406225,0
2006,117,21,116.2705,0,0,0,0,15.735,0.35315,1.395,0,13.35436755,0
2006,117,22,122.312,0,0,0,0,13.36,0.4492,0,0,13.35451779,0
2006,117,23,125.406,0.23,0,0,0,12.23,0.5049,2.565,0,13.35469086,0
2006,118,0,125.042,0.092,0,0,0.115,9.74,0.66875,3.46,0,13.35487736,0
2006,118,1,121.2805,0.207,0,0,0,8.95,0.74045,2.575,0,13.35505842,0
2006,118,2,114.723,0.046,0,0,0,8.09,0.7661,0.67,0,13.35522388,0
2006,118,3,106.135,0.115,0,0,0,7.575,0.7762,0,0,13.35535857,0
2006,118,4,96.186,1.265,0.155,0.155,0.02,7.845,0.72765,1.135,0,13.35547393,0
2006,118,5,85.139,87.86,33.83,42.28,13.395,7.345,0.75145,1.17,0,13.41321844,0
2006,118,6,74.033,400.637,156.755,204.75,60.57,9.405,0.71725,2.475,0,13.41194545,0
2006,118,7,62.595,807.921,313.77,415.775,108.895,13.17,0.57205,3.785,0,13.41188275,0
2006,118,8,51.311,1182.039,465.89,610.07,142.76,16.575,0.4602,3.365,0,13.41188167,0
2006,118,9,40.7095,1469.493,587.66,759.81,162.63,19.25,0.3544,2.975,0,13.4118817,0
2006,118,10,31.804,1694.893,680.86,880.125,179.365,20.8,0.28725,4.255,0,13.41188163,0
2006,118,11,26.562,1740.157,696.925,903.87,183.22,21.43,0.25685,5.025,0,13.41188164,0
2006,118,12,27.185,1730.267,691.26,897.165,184.855,22.14,0.2523,6.455,0,13.41188167,0
2006,118,13,33.351,1294.762,509.26,663.205,142.705,22.265,0.25015,6.95,0,13.41188175,0
2006,118,14,42.7065,742.371,283.625,365.55,84.36,22.15,0.25665,7.21,0,13.41188199,0
2006,118,15,53.4925,465.267,174.925,222.665,51.68,22,0.26095,6.915,0,13.41188167,0
2006,118,16,64.828,300.104,112.35,142.025,33.305,21.735,0.26795,6.345,0,13.41188168,0
2006,118,17,76.233,114.816,41.97,51.725,12.27,21.1,0.29385,4.94,0,13.41188162,0
2006,118,18,87.281,19.205,6.2,6.82,1.835,19.925,0.32085,3.82,0,13.3944745,0
2006,118,19,98.1355,0.161,0,0,0,19.015,0.3533,4.175,0,13.38778367,0
2006,118,20,107.8195,0,0,0,0.085,18.09,0.3789,4.59,0,13.388468,0
2006,118,21,116.017,0,0,0,0.035,16.04,0.46455,4.055,0,13.38859991,0
2006,118,22,122.0275,0,0,0,0,14.75,0.52295,4.98,0,13.38874865,0
2006,118,23,125.0985,0,0,0,0.005,15.375,0.49865,5.935,0,13.38891669,0
2006,119,0,124.726,0,0,0,0,15.215,0.5045,5.18,0,13.38909317,0
2006,119,1,120.9785,0,0,0,0,15.065,0.49885,6.085,0,13.38926601,0
2006,119,2,114.441,0,0,0,0,14.825,0.49775,6.57,0,13.38942294,0
2006,119,3,105.873,0,0,0,0,14.695,0.49575,6.31,0,13.38955329,0
2006,119,4,95.9455,0.276,0,0,0,14.415,0.5031,6.12,0,13.38965131,0
2006,119,5,84.925,18.837,4.24,4.64,2.055,13.93,0.54135,7.825,0,13.39112625,0
2006,119,6,73.8135,82.248,26.525,31.51,7.69,12.535,0.68875,7.25,0,13.35476811,0
2006,119,7,62.376,146.395,49.055,59.4,12.8,12.245,0.7505,7.99,0,13.35175545,0
2006,119,8,51.085,343.689,119.335,149.695,32.075,12.665,0.7733,7.935,0,13.35170167,0
2006,119,9,40.46,329.268,110.625,139.11,29.345,13.02,0.7947,9.295,0,13.35170094,0
2006,119,10,31.522,258.336,83.83,104.575,20.74,13.02,0.8181,9.3,0,13.35170109,0
2006,119,11,26.2535,274.827,90.83,110.565,21.29,12.93,0.8235,9.62,0,13.35170164,0
2006,119,12,26.8965,297.574,98.51,120.335,23.455,13.55,0.7973,10.41,0,13.35170095,0
2006,119,13,33.114,244.191,81.74,98.07,19.175,14.175,0.78885,10.87,0,13.351701,0
2006,119,14,42.512,274.114,96.55,118.27,24.9,14.915,0.7603,11.575,0,13.35170116,0
2006,119,15,53.3205,122.13,41.955,47.35,9.225,16.11,0.7172,9.87,0,13.35170097,0
2006,119,16,64.6645,126.868,44.655,52.195,11.19,17.295,0.6782,9.78,0,13.35170101,0
2006,119,17,76.0665,53.728,17.425,19.42,4.955,17.225,0.6994,10.2,0,13.35169007,0
2006,119,18,87.114,11.937,2.74,2.24,1.38,16.655,0.74945,8.68,0,13.29459742,0
2006,119,19,97.9385,0.092,0,0,0.09,15.97,0.79125,9.485,0,13.29375502,0
2006,119,20,107.5995,0,0,0,0.12,15.7,0.79695,9.585,0,13.29400656,0
2006,119,21,115.7665,0,0,0,0.3,14.765,0.83125,8.94,0,13.29412994,0
2006,119,22,121.7455,0.023,0,0,0.045,14.495,0.85915,8.32,0,13.29427989,0
2006,119,23,124.794,0.023,0,0,0.03,14.73,0.83325,9.29,0,13.29445014,0
2006,120,0,124.417,0,0,0,0.055,14.7,0.81325,11.535,0.592666667,13.29462811,0
2006,120,1,120.6785,0.023,0,0,0.095,14.24,0.8275,11.595,0.592666667,13.29480179,0
2006,120,2,114.1615,0,0,0,0.125,13.635,0.863,12.21,0.592666667,13.29496017,0
2006,120,3,105.618,0.046,0,0,0,13.51,0.86205,13.745,0.592666667,13.29509095,0
2006,120,4,95.668,0.575,0.015,0,0.1,13.525,0.8556,13.145,0.592666667,13.29519344,0
2006,120,5,84.7145,23.506,7.575,7.17,2.145,13.62,0.8327,12.985,0.592666667,13.29983344,0
2006,120,6,73.5985,37.559,11.04,11.37,2.865,13.66,0.81415,13.06,0.592666667,13.27550317,0
2006,120,7,62.1615,156.492,53.715,64.625,13.495,12.945,0.8664,14.47,0.592666667,13.25106734,0
2006,120,8,50.86,151.087,49.645,58.21,11.185,12.73,0.8865,14.055,0.592666667,13.25061092,0
2006,120,9,40.2165,155.687,50.28,58.545,10.82,12.785,0.8633,13.2,0.592666667,13.25060447,0
2006,120,10,31.243,250.907,86.185,103.72,20.02,13.32,0.8424,12.17,0.592666667,13.25060438,0
2006,120,11,25.9465,310.04,106.99,131.225,26.06,14.31,0.8073,12.035,0.592666667,13.25060441,0
2006,120,12,26.611,192.05,62.395,75.19,14.495,14.35,0.8136,12.035,0.592666667,13.25060447,0
2006,120,13,32.8815,258.566,87.73,107.93,21.8,14.11,0.8182,14.38,0.592666667,13.25060465,0
2006,120,14,42.319,583.97,218.02,275.625,59.18,14.505,0.8151,14.265,0.592666667,13.25060452,0
2006,120,15,53.1505,760.84,289.315,371.14,84.62,14.7,0.813,14.66,0.592666667,13.25060445,0
2006,120,16,64.502,177.606,65.4,81.08,17.695,14.51,0.81435,11.735,0.592666667,13.25060445,0
2006,120,17,75.9005,21.551,5.16,5.635,2.18,12.88,0.85315,8.45,0.592666667,13.21591354,0
2006,120,18,86.9085,9.706,2.98,0.72,0.415,12.78,0.8735,10.185,0.592666667,13.12691735,0
2006,120,19,97.7435,0.115,0,0,0.195,12.455,0.88,7.975,0.592666667,13.12716422,0
2006,120,20,107.3785,0.046,0,0,0.08,12.425,0.9048,8.95,0.592666667,13.12726849,0
2006,120,21,115.5165,0.023,0,0,0,12.19,0.91035,6.44,0.592666667,13.12739039,0
2006,120,22,121.4665,0.069,0,0,0,12.21,0.91705,6.59,0.592666667,13.12754209,0
2006,120,23,124.4945,0.069,0,0,0.005,11.875,0.92315,6.555,0.592666667,13.1277161,0
2006,121,0,124.111,0.138,0,0,0,11.94,0.93285,7.84,0.28575,13.12789952,0
2006,121,1,120.3855,0.161,0,0,0,11.93,0.9349,6.805,0.28575,13.12808298,0
2006,121,2,113.8875,0.092,0,0,0,11.74,0.94255,7.18,0.28575,13.12824892,0
2006,121,3,105.3645,0.069,0,0,0.015,11.35,0.95275,6.02,0.28575,13.12838394,0
2006,121,4,95.4395,1.173,0.18,0.04,0.065,11.075,0.9602,5.43,0.28575,13.1284964,0
2006,121,5,84.506,22.885,7.52,7.065,2.255,11.5,0.95675,6.4,0.28575,13.13314614,0
2006,121,6,73.3875,94.185,33.92,40.015,8.33,11.915,0.9421,6.685,0.28575,13.11665851,0
2006,121,7,61.951,163.921,58.845,71.075,14.555,12.57,0.94,7.125,0.28575,13.11477144,0
2006,121,8,50.6415,202.285,69.99,86.04,17.375,12.975,0.93835,8.515,0.28575,13.11473617,0
2006,121,9,39.9785,337.502,120.445,150.035,30.955,13.405,0.9382,7.765,0.28575,13.11473566,0
2006,121,10,30.9705,356.454,125.31,155.905,31.57,14.09,0.91565,7.395,0.28575,13.11473572,0
2006,121,11,25.6465,619.827,226.71,285.84,59.175,14.97,0.87585,6.76,0.28575,13.11473592,0
2006,121,12,26.3285,587.328,213.145,269.965,56.875,16.26,0.8364,7.165,0.28575,13.11473581,0
2006,121,13,32.6515,595.378,216.455,275.15,58.36,16.635,0.83335,7.12,0.28575,13.1147357,0
2006,121,14,42.1315,364.757,129.955,163.925,34.885,15.88,0.8839,7.62,0.28575,13.11473575,0
2006,121,15,52.982,759.391,290.6,370.45,83.43,16.615,0.85875,8.095,0.28575,13.11473589,0
2006,121,16,64.3405,410.412,155.865,198.33,45.645,16.56,0.8701,7.96,0.28575,13.1147357,0
2006,121,17,75.738,114.241,42.095,51.145,11.765,16.145,0.88715,7.34,0.28575,13.11473568,0
2006,121,18,86.745,20.263,6.78,7.06,2.515,15.965,0.90575,5.19,0.28575,13.10464,0
2006,121,19,97.5495,0.184,0,0,0.285,15.205,0.91765,5.5,0.28575,13.1072962,0
2006,121,20,107.1605,0,0,0,0.04,14.74,0.92625,5.025,0.28575,13.10811227,0
2006,121,21,115.2695,0,0,0,0.035,14.715,0.9438,5.215,0.28575,13.10824603,0
2006,121,22,121.192,0,0,0,0.025,14.795,0.96185,5.72,0.28575,13.10839527,0
2006,121,23,124.198,0,0,0,0.085,14.845,0.96675,5.32,0.28575,13.10856406,0
2006,122,0,123.8105,0,0,0,0.135,14.38,0.9721,4.105,0.010583333,13.10874179,0
2006,122,1,120.0945,0.253,0,0,0.05,13.79,0.97395,2.48,0.010583333,13.10892166,0
2006,122,2,113.617,0.598,0,0,0.115,13.53,0.9663,3.025,0.010583333,13.10910137,0
2006,122,3,105.115,0.644,0,0,0,13.715,0.9648,3.885,0.010583333,13.10926254,0
2006,122,4,95.213,1.771,0.16,0.025,0.49,13.23,0.9592,3.395,0.010583333,13.10939934,0
2006,122,5,84.3025,80.408,32.465,39.78,11.045,12.34,0.9227,3.61,0.010583333,13.17504899,0
2006,122,6,73.183,346.817,140.925,182.57,48.305,12.715,0.9049,4.125,0.010583333,13.1740925,0
2006,122,7,61.748,789.084,333.445,431.855,106.255,14.245,0.8435,5.74,0.010583333,13.17402572,0
2006,122,8,50.4285,1131.209,484.075,625.09,138.16,15.605,0.76495,6.12,0.010583333,13.17402451,0
2006,122,9,39.744,1400.263,604.67,779.65,160.295,16.675,0.7085,6.205,0.010583333,13.17402453,0
2006,122,10,30.7035,1574.143,679.915,874.215,170.73,17.63,0.62565,7.65,0.010583333,13.17402448,0
2006,122,11,25.3505,1635.323,707.425,909.35,172.87,18.18,0.6124,7.4,0.010583333,13.1740245,0
2006,122,12,26.0525,1551.833,699.61,898.635,171.69,19.23,0.5606,6.495,0.010583333,13.17402452,0
2006,122,13,32.424,1566.553,676.35,873.655,174.62,19.98,0.52565,6.605,0.010583333,13.17402458,0
2006,122,14,41.9425,1411.602,605.34,787.085,168.915,20.62,0.47785,5.65,0.010583333,13.17402477,0
2006,122,15,52.816,969.933,406.41,531.945,124.13,20.96,0.48505,5.77,0.010583333,13.17402453,0
2006,122,16,64.181,642.574,266.16,351.385,93.395,21.155,0.5008,5.615,0.010583333,13.17402456,0
2006,122,17,75.575,328.647,130.795,174.695,54.885,21.14,0.5141,4.39,0.010583333,13.1740245,0
2006,122,18,86.5805,59.616,21.72,28.835,10.24,20.175,0.5763,2.875,0.010583333,13.17402448,0
2006,122,19,97.3575,0.368,0,0,0,19.17,0.60885,1.775,0.010583333,13.22808946,0
2006,122,20,106.9435,0,0,0,0,18.135,0.6469,2.457894737,0.010583333,13.23877714,0
2006,122,21,115.023,0.253,0,0,0,17.08,0.6944,2.925,0.010583333,13.23911477,0
2006,122,22,120.9195,0.345,0,0,0,15.365,0.7625,3.685,0.010583333,13.23928145,0
2006,122,23,123.9055,0.253,0,0,0,14.7,0.77455,3.865,0.010583333,13.23946778,0
2006,123,0,123.513,0.184,0,0,0,14.21,0.79825,4.325,0,13.23965817,0
2006,123,1,119.8085,0.23,0,0,0,13.93,0.81205,4.585,0,13.2398434,0
2006,123,2,113.3505,0.299,0,0,0,13.235,0.8443,2.205,0,13.24001462,0
2006,123,3,104.8725,0.414,0,0,0,12.96,0.8549,2.145,0,13.24016141,0
2006,123,4,94.9565,2.852,0.715,0.375,0.09,12.77,0.861,1.281818182,0,13.24031217,0
2006,123,5,84.0995,134.205,53.675,66.65,20.185,12.67,0.87425,1.61,0,13.30825271,0
2006,123,6,72.982,393.139,163.465,208.795,54.62,14.255,0.84605,1.935,0,13.30758428,0
2006,123,7,61.548,580.842,243.88,311.125,73.64,17.29,0.73165,3.7,0,13.30755004,0
2006,123,8,50.222,756.562,316.555,406.33,92.75,19.16,0.61145,5.24,0,13.30754945,0
2006,123,9,39.5165,894.309,372.6,481.54,108.185,20.585,0.53175,6.925,0,13.30754955,0
2006,123,10,30.4415,776.066,315.445,407.405,91.6,21.31,0.4763,7.69,0,13.30754999,0
2006,123,11,25.058,749.179,299.51,385.695,86.34,21.655,0.45635,7.305,0,13.30754947,0
2006,123,12,25.777,412.896,158.72,202.1,44.13,21.32,0.47025,6.535,0,13.30754955,0
2006,123,13,32.2,342.47,124.65,157.54,32.71,17.81,0.74855,5.305,0,13.30754983,0
2006,123,14,41.7565,349.876,136.835,167.985,34.39,18.375,0.72105,5.25,0,13.30754948,0
2006,123,15,52.651,403.995,160.365,197.85,41.505,19.385,0.69075,1.078571429,0,13.30754953,0
2006,123,16,64.0225,563.546,227.155,289.03,71.015,20.52,0.6153,1.466666667,0,13.30754959,0
2006,123,17,75.414,370.576,142.595,185.985,56.345,20.88,0.6233,2.73,0,13.30754945,0
2006,123,18,86.3805,70.403,23.78,31.13,11.01,19.94,0.7049,2.185,0,13.30754948,0
2006,123,19,97.167,0.713,0,0,0,18.75,0.78275,2.46,0,13.35800138,0
2006,123,20,106.729,0.437,0,0,0,18.085,0.8187,2.315,0,13.37215441,0
2006,123,21,114.7815,0.46,0,0,0.005,17.775,0.8465,2.59,0,13.37258493,0
2006,123,22,120.6485,0.46,0,0,0.02,16.65,0.899,2.705,0,13.37276203,0
2006,123,23,123.617,0.552,0,0,0.035,15.785,0.93965,2.547058824,0,13.3729604,0
2006,124,0,123.221,0.69,0,0,0,15.325,0.9548,2.4,0,13.37317568,0
2006,124,1,119.529,0.828,0,0,0,15.975,0.92495,2.525,0,13.37339683,0
2006,124,2,113.089,0.874,0,0,0.05,15.96,0.9218,3.3,0,13.3736048,0
2006,124,3,104.6335,0.414,0,0,0.22,15.47,0.7889,5.3,0,13.37376873,0
2006,124,4,94.7405,2.231,0.35,0.225,0.51,14.33,0.73265,5.605,0,13.3739063,0
2006,124,5,83.9025,121.256,47.225,59.8,17.91,13.505,0.7382,6.555,0,13.43262271,0
2006,124,6,72.7845,452.801,179.86,234.05,64.635,13.825,0.71055,6.295,0,13.43166696,0
2006,124,7,61.3515,772.018,313.06,408.16,99.93,14.97,0.60265,7.495,0,13.43162626,0
2006,124,8,50.0185,1078.47,452.56,586.74,131.38,15.79,0.54635,7.24,0,13.43162554,0
2006,124,9,39.294,1407.025,593.28,764.075,157.775,16.74,0.5293,5.13,0,13.4316256,0
2006,124,10,30.184,1639.164,700.345,896.69,173.95,17.355,0.4975,4.385,0,13.43162583,0
2006,124,11,24.771,1736.753,741.34,949.875,177.79,18.09,0.46575,4.72,0,13.43162565,0
2006,124,12,25.508,1646.271,698.38,896.905,170.54,18.51,0.4625,5.4,0,13.43162569,0
2006,124,13,31.9795,1529.109,640.995,830.33,168.18,19.045,0.43955,6.19,0,13.43162555,0
2006,124,14,41.5745,1086.267,445.99,581.79,128.15,19.105,0.44105,6.93,0,13.43162556,0
2006,124,15,52.488,685.607,278.01,360.035,82.725,18.795,0.44935,6.515,0,13.43162558,0
2006,124,16,63.864,398.475,160.195,203.715,47.95,18.51,0.4597,6.205,0,13.43162561,0
2006,124,17,75.253,197.386,78.95,100.85,24.245,18.025,0.4773,5.775,0,13.43162555,0
2006,124,18,86.2175,46.759,18.13,22.485,6.365,17.1,0.52965,4.12,0,13.43161508,0
2006,124,19,96.9745,0.46,0,0,0.12,15.585,0.6045,3.305,0,13.46900239,0
2006,124,20,106.5155,0.299,0,0,0,14.55,0.65855,3.36,0,13.4744574,0
2006,124,21,114.5415,0.276,0,0,0,13.51,0.69935,3.61,0,13.47470397,0
2006,124,22,120.384,0.115,0,0,0,12.79,0.72975,3.585,0,13.47486487,0
2006,124,23,123.334,0.161,0,0,0,11.815,0.7792,3,0,13.47504037,0
2006,125,0,122.934,0.437,0,0,0,11.2,0.79825,3.835,0,13.47523355,0
2006,125,1,119.2545,0.092,0,0,0,10.855,0.79595,4.075,0,13.47542287,0
2006,125,2,112.8345,0,0,0,0.06,10.41,0.80975,5.435,0,13.47558211,0
2006,125,3,104.3975,0,0,0,0.115,9.88,0.8132,4.725,0,13.47571091,0
2006,125,4,94.493,2.875,0.41,0.275,0.435,9.18,0.82875,3.685,0,13.47584833,0
2006,125,5,83.7075,120.957,47.67,58.82,19.9,8.935,0.8409,3.74,0,13.52785578,0
2006,125,6,72.5935,445.142,181.345,235.235,67.845,10.415,0.75925,5.545,0,13.52671811,0
2006,125,7,61.162,830.76,342.9,446.73,111.685,12.055,0.6724,5.97,0,13.52667615,0
2006,125,8,49.822,1122.791,470.26,604.465,137.75,13.355,0.59675,5.65,0,13.52667542,0
2006,125,9,39.0765,1279.191,536.28,690.79,143.835,13.77,0.5702,5.45,0,13.52667548,0
2006,125,10,29.9345,1277.558,530.745,685.305,139.485,14.375,0.5554,6.06,0,13.5266757,0
2006,125,11,24.49,1126.195,454.88,600.56,125.16,14.33,0.55655,6.09,0,13.52667555,0
2006,125,12,25.242,1033.597,421.445,547.85,117.93,14.885,0.54885,6.155,0,13.52667551,0
2006,125,13,31.7605,1283.308,531.245,690.87,146.63,15.37,0.53475,6.225,0,13.52667544,0
2006,125,14,41.394,1208.259,500.075,649.815,140.08,15.97,0.5132,6.75,0,13.52667545,0
2006,125,15,52.3245,1051.974,429.26,565.545,132.435,16.445,0.4892,6.965,0,13.52667548,0
2006,125,16,63.7085,557.037,223.015,293.525,74.175,16.49,0.4857,7.615,0,13.52667551,0
2006,125,17,75.0945,229.402,91.335,121.38,34.235,15.98,0.4875,7.745,0,13.52667544,0
2006,125,18,86.058,72.197,26.085,35.435,13.695,14.83,0.50405,6.715,0,13.52667541,0
2006,125,19,96.788,0.621,0,0,0.37,13.28,0.564,5.71,0,13.56926415,0
2006,125,20,106.305,0,0,0,0.375,12.24,0.5835,6.67,0,13.58265618,0
2006,125,21,114.305,0,0,0,0.445,10.705,0.6348,6.17,0,13.58306798,0
2006,125,22,120.12,0,0,0,0.19,9.65,0.69385,5.075,0,13.58322044,0
2006,125,23,123.053,0,0,0,0.285,8.47,0.74385,4.2,0,13.58338779,0
2006,126,0,122.652,0.161,0,0,0.21,7.395,0.8009,3.79,0,13.58356677,0
2006,126,1,118.982,0.115,0,0,0.08,6.545,0.84115,3.425,0,13.58374617,0
2006,126,2,112.585,0.184,0,0,0.205,5.82,0.8692,3.235,0,13.58390846,0
2006,126,3,104.1695,0.23,0,0,0.12,5.38,0.8864,2.59,0,13.58404658,0
2006,126,4,94.2895,3.887,1.115,0.965,0.635,5.115,0.89175,3.085,0,13.58421149,0
2006,126,5,83.5185,130.111,54.695,68.375,20.93,5.245,0.8901,3.325,0,13.63214547,0
2006,126,6,72.4055,404.892,168.365,219.98,61.185,7.615,0.8018,4.525,0,13.63097991,0
2006,126,7,60.976,809.991,339.235,446.905,113.17,9.555,0.7264,4.595,0,13.63094087,0
2006,126,8,49.6285,967.035,405.77,531.935,122.125,10.915,0.66855,2.565,0,13.63094022,0
2006,126,9,38.8645,1221.369,522.065,678.105,144.93,11.88,0.59355,2.895,0,13.6309403,0
2006,126,10,29.6875,1649.79,714.175,922.495,182.62,12.84,0.5449,3.535,0,13.63094063,0
2006,126,11,24.212,1681.254,731.69,939.695,176.525,13.6,0.50325,4.3,0,13.63094026,0
2006,126,12,24.9785,1698.987,742.19,950.23,178.73,14.665,0.44385,4.49,0,13.63094039,0
2006,126,13,31.547,1536.975,667.555,857.18,170.23,15.835,0.3861,4.22,0,13.63094084,0
2006,126,14,41.2155,1043.717,444.295,573.16,124.9,16.52,0.33285,3.18,0,13.63094024,0
2006,126,15,52.1645,805.805,339.215,438.405,101.525,16.87,0.3083,3.395,0,13.63094026,0
2006,126,16,63.5545,615.894,255.205,333.005,86.63,17.14,0.31145,3.59,0,13.63094028,0
2006,126,17,74.9365,353.464,141.015,187.38,58.78,17.12,0.3108,3.58,0,13.63094022,0
2006,126,18,85.86,68.149,24.69,32.065,11.055,16.19,0.3434,3.185,0,13.63094023,0
2006,126,19,96.6005,0.713,0,0,0.035,14.385,0.4283,3.06,0,13.66870152,0
2006,126,20,106.096,0,0,0,0,13.28,0.46845,2.975,0,13.68013997,0
2006,126,21,114.0695,0,0,0,0,12.67,0.48765,3.2,0,13.68051746,0
2006,126,22,119.8605,0,0,0,0,12.17,0.5138,3.295,0,13.68066922,0
2006,126,23,122.778,0,0,0,0,11.37,0.5474,3.125,0,13.6808362,0
2006,127,0,122.3735,0,0,0,0,10.675,0.58145,3.06,0,13.68101089,0
2006,127,1,118.7165,0,0,0,0,10.425,0.5822,2.775,0,13.68118143,0
2006,127,2,112.3375,0,0,0,0,9.94,0.5982,2.535,0,13.68133598,0
2006,127,3,103.945,0,0,0,0,9.455,0.61095,2.18,0,13.6814642,0
2006,127,4,94.0915,3.197,0.95,0.615,0.135,9.11,0.62705,2.105,0,13.68160574,0
2006,127,5,83.333,120.382,49.12,61.675,18.125,9.195,0.6331,2.225,0,13.72260695,0
2006,127,6,72.2225,424.856,174.05,227.88,63.84,11.04,0.608,2.93,0,13.72117404,0
2006,127,7,60.7955,830.139,343.125,453.91,114.865,13.96,0.4806,4.245,0,13.72112942,0
2006,127,8,49.4415,1206.35,505.97,666.24,151.235,15.9,0.4015,4.175,0,13.72112867,0
2006,127,9,38.66,1501.969,640.915,833.56,171.025,17.015,0.35175,3.38,0,13.72112873,0
2006,127,10,29.449,1709.291,737.54,950.725,181.175,17.88,0.3224,3.015,0,13.72112896,0
2006,127,11,23.9415,1809.134,787.61,1007.925,184.29,18.71,0.2988,2.96,0,13.7211288,0
2006,127,12,24.7205,1787.767,779.34,994.48,180.67,19.605,0.2965,2.79,0,13.72112876,0
2006,127,13,31.336,1658.093,718.405,919.165,174.01,20.445,0.28785,2.495,0,13.72112869,0
2006,127,14,41.04,1431.152,610.975,788.415,162.33,20.815,0.27675,3.085,0,13.7211287,0
2006,127,15,52.007,1114.212,469.35,608.025,138.52,21.275,0.2864,2.21,0,13.72112872,0
2006,127,16,63.401,748.604,305.715,402.715,105.7,21.335,0.29605,3.305,0,13.72112874,0
2006,127,17,74.78,376.188,148.39,196.845,61.555,21.125,0.29915,3.605,0,13.72112868,0
2006,127,18,85.704,80.937,28.515,37.385,14.995,20.22,0.3362,4.345,0,13.72112862,0
2006,127,19,96.4165,1.035,0,0,0.11,17.905,0.42275,4.21,0,13.75599313,0
2006,127,20,105.888,0.046,0,0,0.01,16.23,0.48915,3.97,0,13.77069629,0
2006,127,21,113.8385,0,0,0,0,15.06,0.5362,3.89,0,13.77115968,0
2006,127,22,119.604,0,0,0,0,14.34,0.5582,4.19,0,13.77131235,0
2006,127,23,122.5065,0,0,0,0,13.575,0.5801,4.025,0,13.77147856,0
2006,128,0,122.1015,0,0,0,0,12.765,0.6116,4.285,0,13.77165292,0
2006,128,1,118.4555,0,0,0,0,11.925,0.64375,3.69,0,13.77182274,0
2006,128,2,112.0975,0.161,0,0,0.01,11.245,0.66495,3.435,0,13.77198064,0
2006,128,3,103.7245,0.299,0,0,0,10.815,0.6808,3.13,0,13.77211768,0
2006,128,4,93.858,4.807,1.46,1.165,0.355,9.56,0.73725,1.73,0,13.77230779,0
2006,128,5,83.1515,140.208,56.515,72.005,23.935,9.84,0.7379,2.71,0,13.81182936,0
2006,128,6,72.0475,453.56,184.07,241.815,70.165,12.38,0.69825,3.82,0,13.81055036,0
2006,128,7,60.621,834.187,343.74,450.49,114.185,15.315,0.63815,3.46,0,13.81051285,0
2006,128,8,49.2605,1188.387,497.835,645.23,146.19,18.74,0.53475,3.72,0,13.81051229,0
2006,128,9,38.46,1312.909,550.085,713.985,152.87,19.95,0.4562,4.825,0,13.8105124,0
2006,128,10,29.2145,1301.869,542.77,703.175,147.37,20.45,0.42705,5.09,0,13.8105123,0
2006,128,11,23.673,1239.47,512.625,664.83,141.49,20.825,0.4183,5.44,0,13.81051247,0
2006,128,12,24.4685,1517.885,633.325,822.14,169.8,21.335,0.39675,6.3,0,13.81051245,0
2006,128,13,31.128,1488.744,625.195,807.32,165.66,21.655,0.3903,5.265,0,13.81051226,0
2006,128,14,40.8665,1078.447,445.345,577.6,126.68,22.015,0.3919,5.48,0,13.81051227,0
2006,128,15,51.8515,487.623,192.215,246.45,56.495,21.575,0.4179,6.165,0,13.81051229,0
2006,128,16,63.2485,424.465,168.78,214.22,50.295,21.495,0.4217,6.51,0,13.8105123,0
2006,128,17,74.6225,185.495,73.095,91.535,22.19,21.09,0.4454,6.84,0,13.81051225,0
2006,128,18,85.546,28.474,10.435,11.59,3.265,20.24,0.48835,6.17,0,13.80627443,0
2006,128,19,96.233,0.391,0,0,0.11,19.07,0.5349,4.48,0,13.79401873,0
2006,128,20,105.684,0.023,0,0,0.045,18,0.5937,3.92,0,13.79517098,0
2006,128,21,113.6075,0,0,0,0.01,16.935,0.64065,4.18,0,13.79531674,0
2006,128,22,119.3535,0,0,0,0.045,15.935,0.6761,3.78,0,13.79546576,0
2006,128,23,122.24,0.115,0,0,0,14.885,0.7093,3.675,0,13.79563505,0
2006,129,0,121.834,0.115,0,0,0,14.02,0.7408,3.75,0.010583333,13.79581689,0
2006,129,1,118.2,0.069,0,0,0,13,0.7828,3.61,0.010583333,13.79599251,0
2006,129,2,111.861,0.437,0,0,0,12.325,0.8068,4.495,0.010583333,13.79615746,0
2006,129,3,103.51,0.391,0,0,0,12.255,0.8202,4.985,0.010583333,13.79630273,0
2006,129,4,93.67,5.451,2.005,1.885,1.04,11.53,0.86775,3.96,0.010583333,13.79651339,0
2006,129,5,82.9755,93.633,38.805,46.97,12.455,12.31,0.87485,5.045,0.010583333,13.82677233,0
2006,129,6,71.8755,275.218,111.47,140.7,33.74,14.29,0.8271,6.305,0.010583333,13.82463673,0
2006,129,7,60.4505,283.636,112.025,140.345,31,15.855,0.78195,6.725,0.010583333,13.82457685,0
2006,129,8,49.085,528.655,209.725,266.83,59.985,17.37,0.7182,6.89,0.010583333,13.8245759,0
2006,129,9,38.266,880.417,350.95,452.62,101.355,19.26,0.64495,8.1,0.010583333,13.82457595,0
2006,129,10,28.9855,1130.427,452.92,589.005,126.695,20.11,0.6142,9.75,0.010583333,13.82457589,0
2006,129,11,23.4125,1360.933,546.435,711.295,149.535,20.51,0.61535,10.54,0.010583333,13.82457592,0
2006,129,12,24.2185,1293.658,520.99,673.84,141.6,21.13,0.6038,9.005,0.010583333,13.82457601,0
2006,129,13,30.9235,861.787,339.085,435.215,94.84,21.425,0.5927,9.705,0.010583333,13.82457632,0
2006,129,14,40.697,407.399,154.725,195.19,43.015,20.9,0.62115,9.53,0.010583333,13.82457592,0
2006,129,15,51.697,579.025,229.975,291.585,65.34,20.89,0.64005,9.18,0.010583333,13.82457595,0
2006,129,16,63.0985,646.737,258.615,334.2,83.11,21.29,0.62915,8.19,0.010583333,13.82457596,0
2006,129,17,74.47,301.668,118.825,152.195,43.975,21.465,0.6336,6.375,0.010583333,13.8245759,0
2006,129,18,85.3535,60.513,21.27,24.34,6.395,21.26,0.6394,4.94,0.010583333,13.82457584,0
2006,129,19,96.051,0.644,0,0,0.09,20.305,0.691,3.885,0.010583333,13.85492064,0
2006,129,20,105.4805,0,0,0,0,19.585,0.72635,3.075,0.010583333,13.86326817,0
2006,129,21,113.382,0.161,0,0,0,18.71,0.75545,3.385,0.010583333,13.8635884,0
2006,129,22,119.106,0,0,0,0,17.46,0.80185,3.11,0.010583333,13.86374375,0
2006,129,23,121.978,0.161,0,0,0,16.24,0.85245,3.365,0.010583333,13.86391439,0
2006,130,0,121.5705,0,0,0,0,15.88,0.8858,1.925,0.592666667,13.86409354,0
2006,130,1,117.949,0.069,0,0,0,16.07,0.90555,2.48,0.592666667,13.86426444,0
2006,130,2,111.631,0.069,0,0,0,15.425,0.9366,1.095,0.592666667,13.86442102,0
2006,130,3,103.301,0,0,0,0,15.255,0.96355,0,0.592666667,13.8645491,0
2006,130,4,93.4465,2.898,0.8,0.62,0.19,15.49,0.97565,0.255,0.592666667,13.86468092,0
2006,130,5,82.802,70.173,28.28,35.595,9.435,15.25,0.9792,0.115,0.592666667,13.88458232,0
2006,130,6,71.708,172.937,69.595,86.81,20.32,15.42,0.9848,0.235,0.592666667,13.88055907,0
2006,130,7,60.2855,326.669,127.53,160.46,36.8,16.965,0.955,1.13,0.592666667,13.88044891,0
2006,130,8,48.913,353.924,135.7,170.5,38.01,17.795,0.9065,1.565,0.592666667,13.88044718,0
2006,130,9,38.0755,436.379,166.425,208.1,45.615,18.785,0.87765,1.6,0.592666667,13.88044719,0
2006,130,10,28.763,474.766,180.625,224.795,48.02,19.84,0.8313,0.66,0.592666667,13.88044714,0
2006,130,11,23.1545,468.947,175.055,220.34,47.42,20.14,0.8064,2.355,0.592666667,13.88044715,0
2006,130,12,23.9735,551.54,209.185,264.47,57.85,20.94,0.7467,3.6,0.592666667,13.88044718,0
2006,130,13,30.722,261.142,92.33,114.145,23.71,21.425,0.691,5.39,0.592666667,13.88044724,0
2006,130,14,40.5275,250.125,90.815,111.155,22.9,21.755,0.61015,5.59,0.592666667,13.88044742,0
2006,130,15,51.544,129.559,45.155,53.84,10.945,21.8,0.47255,5.805,0.592666667,13.88044718,0
2006,130,16,62.95,66.585,20.205,25.005,6.495,18.885,0.5198,5.69,0.592666667,13.88044687,0
2006,130,17,74.317,48.461,16.51,18.04,4.725,15.665,0.78435,2.97,0.592666667,13.88015872,0
2006,130,18,85.202,6.348,1.24,0.435,0.65,15.615,0.75055,1.005,0.592666667,13.79272334,0
2006,130,19,95.871,0.092,0,0,0.615,14.87,0.7586,4.78,0.592666667,13.7908562,0
2006,130,20,105.2805,0,0,0,0.325,13.7,0.8653,6.155,0.592666667,13.7910204,0
2006,130,21,113.1575,0,0,0,0.085,13.13,0.9016,6.485,0.592666667,13.79114443,0
2006,130,22,118.8615,0.023,0,0,0.095,12.635,0.94295,6.145,0.592666667,13.79129527,0
2006,130,23,121.7195,0,0,0,0.085,12.38,0.95515,5.135,0.592666667,13.79146439,0
2006,131,0,121.3135,0,0,0,0.065,12.065,0.9481,5.055,0.105833333,13.7916394,0
2006,131,1,117.7045,0,0,0,0.335,12.35,0.8316,8.385,0.105833333,13.79180911,0
2006,131,2,111.4045,0,0,0,0.085,11.635,0.83465,6.775,0.105833333,13.79196188,0
2006,131,3,103.097,0,0,0,0.015,11.51,0.813,5.73,0.105833333,13.79208713,0
2006,131,4,93.268,2.3,0.475,0.055,0.115,11.105,0.8424,5.16,0.105833333,13.79220612,0
2006,131,5,82.635,52.854,20.315,22.99,5.365,11.47,0.7637,6.99,0.105833333,13.80485264,0
2006,131,6,71.546,272.619,108.395,137.965,32.05,11.58,0.7364,8.605,0.105833333,13.79657145,0
2006,131,7,60.126,423.246,166.025,212.335,48.51,11.705,0.7224,9.585,0.105833333,13.79634581,0
2006,131,8,48.7485,684.181,273.685,351.39,79.08,12.385,0.66865,10.37,0.105833333,13.79634221,0
2006,131,9,37.8945,739.772,289.93,373.94,83.67,13.165,0.63075,10.55,0.105833333,13.79634222,0
2006,131,10,28.5475,765.302,298.215,385.57,84.49,13.74,0.6118,11.53,0.105833333,13.79634216,0
2006,131,11,22.905,1272.038,510.02,666.265,138.23,14.685,0.5588,13.455,0.105833333,13.79634218,0
2006,131,12,23.7325,839.799,324.62,420.935,92.275,14.955,0.542,12.355,0.105833333,13.79634221,0
2006,131,13,30.525,705.502,263.3,341.62,76.375,14.84,0.5569,12.5,0.105833333,13.79634228,0
2006,131,14,40.362,592.825,223.795,287.54,64.195,14.68,0.553,11.705,0.105833333,13.7963425,0
2006,131,15,51.3945,318.849,117.895,150.27,34.055,14.605,0.56845,11.28,0.105833333,13.7963422,0
2006,131,16,62.803,230.046,84.62,107.185,24.55,14.25,0.5735,11.235,0.105833333,13.79634221,0
2006,131,17,74.165,128.869,47.745,60.275,14.495,13.58,0.62335,10.455,0.105833333,13.79634211,0
2006,131,18,85.048,31.786,10.615,12.535,3.985,12.53,0.6297,12.005,0.105833333,13.79405466,0
2006,131,19,95.6925,0.345,0,0,0.51,11.265,0.67645,12.77,0.105833333,13.7990511,0
2006,131,20,105.083,0,0,0,0.265,10.37,0.7147,10.96,0.105833333,13.80066948,0
2006,131,21,112.9375,0,0,0,0.02,9.805,0.7441,9.63,0.105833333,13.80082598,0
2006,131,22,118.6205,0,0,0,0.025,9.74,0.75835,8.915,0.105833333,13.8009764,0
2006,131,23,121.468,0,0,0,0.3,9.01,0.76985,12.54,0.105833333,13.80114417,0
2006,132,0,121.061,0,0,0,0.085,8.465,0.8123,6.995,0.03175,13.80131842,0
2006,132,1,117.465,0,0,0,0.21,8.355,0.8329,8.305,0.03175,13.80148773,0
2006,132,2,111.1855,0.046,0,0,0.265,6.965,0.9096,7.475,0.03175,13.80164099,0
2006,132,3,102.898,0.069,0,0,0.135,6.26,0.87595,8.09,0.03175,13.80176804,0
2006,132,4,93.096,1.012,0.13,0,0.16,6.38,0.83375,9.895,0.03175,13.80186964,0
2006,132,5,82.471,34.063,12.52,12.685,3.32,6.175,0.8204,8.565,0.03175,13.810464,0
2006,132,6,71.3875,167.762,64.925,79.02,16.725,6.31,0.8245,9.19,0.03175,13.77631204,0
2006,132,7,59.972,194.442,73,88.945,18.92,6.355,0.82535,9.435,0.03175,13.77533571,0
2006,132,8,48.5905,373.198,142.385,176.835,37.22,7.08,0.79995,10.005,0.03175,13.77532004,0
2006,132,9,37.716,335.225,122.165,152.615,31.945,7.5,0.7841,9.985,0.03175,13.77531989,0
2006,132,10,28.3375,219.259,75.655,90.445,17.22,7.84,0.7924,9.47,0.03175,13.77532011,0
2006,132,11,22.6585,234.692,79.4,97.93,19.135,7.765,0.8095,9.69,0.03175,13.77531996,0
2006,132,12,23.495,378.12,135.59,170.795,35.03,8.32,0.7831,9.285,0.03175,13.77531991,0
2006,132,13,30.3305,372.669,132.55,167.9,34.8,8.37,0.81665,10.255,0.03175,13.77531986,0
2006,132,14,40.1985,216.844,75.04,93.175,19.05,8.36,0.81525,9.96,0.03175,13.77531989,0
2006,132,15,51.2445,231.173,82.135,103.26,21.795,8.43,0.819,9.12,0.03175,13.77531994,0
2006,132,16,62.658,152.467,54.535,66.895,14.385,8.575,0.80195,8.82,0.03175,13.77531989,0
2006,132,17,74.0165,64.193,22.115,26.095,6.035,8.405,0.78965,7.78,0.03175,13.77531968,0
2006,132,18,84.898,22.172,7.175,7.65,2.37,8.11,0.82735,5.32,0.03175,13.74825154,0
2006,132,19,95.4785,0.276,0,0,0.055,7.905,0.85565,5.51,0.03175,13.74403655,0
2006,132,20,104.887,0,0,0,0.09,7.65,0.84695,5.005,0.03175,13.74461618,0
2006,132,21,112.722,0.046,0,0,0.04,7.455,0.8543,4.685,0.03175,13.74475022,0
2006,132,22,118.3835,0,0,0,0,7.55,0.85005,5.27,0.03175,13.74490184,0
2006,132,23,121.2205,0,0,0,0.015,7.525,0.8696,5.44,0.03175,13.74506978,0
2006,133,0,120.8145,0.023,0,0,0.005,7.615,0.8857,6.655,0.074083333,13.74524563,0
2006,133,1,117.231,0,0,0,0.01,7.875,0.87565,7.16,0.074083333,13.74541606,0
2006,133,2,110.97,0,0,0,0.075,7.925,0.8739,7.075,0.074083333,13.7455687,0
2006,133,3,102.7035,0,0,0,0.07,7.68,0.90025,6.315,0.074083333,13.74569365,0
2006,133,4,92.889,0.598,0.01,0,0.685,6.065,0.91495,6.21,0.074083333,13.7457896,0
2006,133,5,82.3145,23.529,7.54,7.49,2.265,5.635,0.93855,3.81,0.074083333,13.74827546,0
2006,133,6,71.2355,151.133,56.085,69.045,14.665,5.9,0.93585,4.455,0.074083333,13.69126509,0
2006,133,7,59.8225,315.882,120.98,151.67,32.045,6.415,0.88505,5.785,0.074083333,13.68935208,0
2006,133,8,48.435,737.449,301.19,380.815,80.835,7.405,0.78075,5.905,0.074083333,13.68932102,0
2006,133,9,37.546,369.38,137.985,173.275,36.975,7.245,0.78755,6.66,0.074083333,13.68932062,0
2006,133,10,28.1315,381.823,139.29,176.215,37.13,6.905,0.7985,6.3,0.074083333,13.6893207,0
2006,133,11,22.4185,476.997,176.465,222.08,46.19,7.305,0.78775,5.32,0.074083333,13.689321,0
2006,133,12,23.2625,560.096,210.515,268.23,56.965,7.65,0.79645,6.03,0.074083333,13.68932067,0
2006,133,13,30.1395,792.856,309.23,396.18,82.495,8.685,0.7582,6.04,0.074083333,13.68932081,0
2006,133,14,40.0365,388.424,143.065,181.06,38.03,8.565,0.7671,6.55,0.074083333,13.68932075,0
2006,133,15,51.0965,237.935,85.67,107.435,22.305,8.605,0.7741,6.33,0.074083333,13.68932063,0
2006,133,16,62.5125,147.522,52.665,65.145,13.795,8.58,0.78285,5.93,0.074083333,13.68932063,0
2006,133,17,73.8685,63.066,21.7,26.23,6.125,8.285,0.81225,5.65,0.074083333,13.68932024,0
2006,133,18,84.747,10.948,2.305,2.195,1.265,7.895,0.84305,4.945,0.074083333,13.63797586,0
2006,133,19,95.308,0.115,0,0,0.17,7.165,0.9037,4.585,0.074083333,13.63539793,0
2006,133,20,104.694,0,0,0,0.1,6.93,0.9351,3.59,0.074083333,13.63568151,0
2006,133,21,112.5075,0,0,0,0.1,6.895,0.9419,2.495,0.074083333,13.63580824,0
2006,133,22,118.152,0,0,0,0.055,7.01,0.937,2.47,0.074083333,13.63595889,0
2006,133,23,120.976,0,0,0,0.08,7.045,0.94165,3.71,0.074083333,13.63612789,0
2006,134,0,120.573,0,0,0,0.11,6.98,0.9378,3.04,0.148166667,13.63630345,0
2006,134,1,117.002,0,0,0,0.15,6.88,0.9308,2.64,0.148166667,13.63647371,0
2006,134,2,110.7615,0,0,0,0.2,6.83,0.9165,1.865,0.148166667,13.63662688,0
2006,134,3,102.515,0,0,0,0.11,6.715,0.93095,2.24,0.148166667,13.63675272,0
2006,134,4,92.727,2.277,0.535,0.27,0.3,6.61,0.9463,2.755,0.148166667,13.6368722,0
2006,134,5,82.16,37.536,12.935,13.64,2.915,6.73,0.95515,3.11,0.148166667,13.65244273,0
2006,134,6,71.09,118.335,44.05,54.64,11.815,7.125,0.94685,3.895,0.148166667,13.63125601,0
2006,134,7,59.6785,218.937,84.76,104.565,21.48,7.445,0.92655,5.84,0.148166667,13.63057984,0
2006,134,8,48.285,542.823,220.07,276.04,57.105,8.07,0.8837,7.04,0.148166667,13.63056878,0
2006,134,9,37.3795,538.246,212.905,267.55,55.895,8.815,0.8333,6.54,0.148166667,13.63056881,0
2006,134,10,27.935,682.456,267.79,338.345,70.1,9.57,0.7901,5.455,0.148166667,13.63056863,0
2006,134,11,22.183,909.42,357.44,458.955,94.09,10.365,0.74565,5.355,0.148166667,13.63056865,0
2006,134,12,23.0355,715.967,277.97,356.685,74.355,10.925,0.7081,5.595,0.148166667,13.63056871,0
2006,134,13,29.9505,509.128,191.51,244.95,52.425,10.88,0.69265,5.375,0.148166667,13.63056887,0
2006,134,14,39.877,368.828,135.575,173.89,37.45,10.295,0.7733,5.54,0.148166667,13.63056873,0
2006,134,15,50.9515,446.867,174.285,219.66,46.68,11.12,0.7359,3.645,0.148166667,13.63056868,0
2006,134,16,62.371,560.625,219.96,289.635,69.04,11.82,0.69295,4.24,0.148166667,13.63056867,0
2006,134,17,73.7225,194.856,75.02,97.205,23.81,11.59,0.70975,4.15,0.148166667,13.63056866,0
2006,134,18,84.598,40.94,15.235,19.47,5.85,10.945,0.785,3.22,0.148166667,13.63049155,0
2006,134,19,95.138,1.173,0.045,0.025,0.13,9.775,0.88675,2.84,0.148166667,13.66141851,0
2006,134,20,104.503,0,0,0,0,9.675,0.89835,2.14,0.148166667,13.66522699,0
2006,134,21,112.298,0,0,0,0.015,9.14,0.89405,2.175,0.148166667,13.66542983,0
2006,134,22,117.924,0.069,0,0,0,8.335,0.91385,2.46,0.148166667,13.66558222,0
2006,134,23,120.7395,0.138,0,0,0,7.86,0.9316,2.46,0.148166667,13.66575576,0
2006,135,0,120.337,0.299,0,0,0,7.8,0.9463,2.855,0.497416667,13.66594317,0
2006,135,1,116.7795,0.023,0,0,0,8.41,0.9429,3.335,0.497416667,13.666124,0
2006,135,2,110.559,0,0,0,0.01,8.46,0.95265,3.42,0.497416667,13.66627841,0
2006,135,3,102.332,0,0,0,0.08,8.265,0.94885,3.64,0.497416667,13.66640431,0
2006,135,4,92.5685,0.598,0.03,0,0.095,8.205,0.9398,4.715,0.497416667,13.66650133,0
2006,135,5,82.012,14.329,4.36,3.185,1.315,8.25,0.94025,4.94,0.497416667,13.66692623,0
2006,135,6,70.9485,50.255,16.66,17.575,3.76,8.61,0.95575,6.11,0.497416667,13.58930345,0
2006,135,7,59.5395,72.036,24.955,26.215,4.98,9.885,0.9675,6.51,0.497416667,13.57578902,0
2006,135,8,48.142,243.11,88.12,106.12,21.37,11.435,0.93965,7.51,0.497416667,13.57556065,0
2006,135,9,37.2205,183.931,63.175,75.47,14.43,11.74,0.93495,7.775,0.497416667,13.57555759,0
2006,135,10,27.7425,412.712,156.185,190.92,38.94,12.805,0.8953,8.43,0.497416667,13.57555755,0
2006,135,11,21.9535,800.584,310.755,389.485,80.275,13.95,0.84445,8.97,0.497416667,13.57555758,0
2006,135,12,22.8125,619.804,233.105,295.14,61.455,14.675,0.7885,10.78,0.497416667,13.57555753,0
2006,135,13,29.766,852.794,330.935,425.38,88.725,15.415,0.76825,9.445,0.497416667,13.57555755,0
2006,135,14,39.7205,849.919,333.65,429.145,92.71,16.01,0.7511,7.85,0.497416667,13.57555757,0
2006,135,15,50.8075,814.913,320.52,414.3,93.98,16.395,0.709,7.83,0.497416667,13.57555761,0
2006,135,16,62.2305,187.473,67.3,86.835,20.08,13.815,0.8622,5.55,0.497416667,13.57555765,0
2006,135,17,73.5765,308.246,115.865,155.935,41.83,14.345,0.84975,5.255,0.497416667,13.57555755,0
2006,135,18,84.45,45.977,17.465,22.97,7.235,13.97,0.84015,3.075,0.497416667,13.57554715,0
2006,135,19,94.9325,0.345,0,0,0.385,12.92,0.89635,3.965,0.497416667,13.60605492,0
2006,135,20,104.316,0,0,0,0.115,12.325,0.917,3.875,0.497416667,13.61092032,0
2006,135,21,112.09,0,0,0,0.015,12.425,0.9167,3.68,0.497416667,13.61114635,0
2006,135,22,117.6985,0,0,0,0,12.04,0.9367,2.06,0.497416667,13.61129629,0
2006,135,23,120.5065,0,0,0,0,11.73,0.9554,1.16,0.497416667,13.61146359,0
2006,136,0,120.107,0,0,0,0,11.545,0.9599,1.37,0.010583333,13.6116388,0
2006,136,1,116.564,0,0,0,0,11.35,0.96275,2.39,0.010583333,13.61180974,0
2006,136,2,110.3605,0,0,0,0,11.26,0.9684,2.585,0.010583333,13.61196471,0
2006,136,3,102.1545,0,0,0,0,11.435,0.96205,3.77,0.010583333,13.61209298,0
2006,136,4,92.415,4.6,1.27,1.085,0.505,11.42,0.96105,2.925,0.010583333,13.61226913,0
2006,136,5,81.8695,89.079,36.42,45.015,10.62,11.42,0.97295,3.42,0.010583333,13.6534079,0
2006,136,6,70.8105,492.384,202.48,260.51,62.875,12.15,0.9035,4.245,0.010583333,13.6515162,0
2006,136,7,59.4065,748.949,297.9,383.965,87.415,12.605,0.856,5.5,0.010583333,13.65145422,0
2006,136,8,48.006,1067.591,434.68,556.42,120.235,13.325,0.8299,5.015,0.010583333,13.65145321,0
2006,136,9,37.0675,1485.271,613.54,781.705,155.21,14.59,0.7685,5.1,0.010583333,13.65145327,0
2006,136,10,27.557,1710.901,714.545,906.54,169.73,15.815,0.7071,4.735,0.010583333,13.65145319,0
2006,136,11,21.7315,1492.723,616.86,786.02,147.05,16.41,0.66225,5.355,0.010583333,13.65145323,0
2006,136,12,22.5935,1417.214,582.04,742.935,142.135,17.2,0.5979,5.935,0.010583333,13.65145336,0
2006,136,13,29.5835,1078.079,435.545,558.815,110.6,17.63,0.6022,6.525,0.010583333,13.65145378,0
2006,136,14,39.568,535.946,199.99,255.86,54.385,15.005,0.82565,8.585,0.010583333,13.65145321,0
2006,136,15,50.668,518.006,197.71,251.185,55.09,15.51,0.7645,8.305,0.010583333,13.65145324,0
2006,136,16,62.0915,585.166,224.44,291.6,69.69,15.535,0.77035,6.88,0.010583333,13.65145325,0
2006,136,17,73.433,378.281,144.81,190.225,53.09,15.485,0.75395,5.345,0.010583333,13.6514532,0
2006,136,18,84.303,78.522,28.49,36.14,10.11,15.24,0.7889,3.46,0.010583333,13.65145309,0
2006,136,19,94.7695,1.104,0.05,0,0.03,14.57,0.84215,2,0.010583333,13.68942675,0
2006,136,20,104.1305,0.161,0,0,0,14,0.87075,1.425,0.010583333,13.70411619,0
2006,136,21,111.8875,0.46,0,0,0,13.345,0.89585,2.495,0.010583333,13.70458183,0
2006,136,22,117.4825,0.23,0,0,0,12.42,0.93395,2.86,0.010583333,13.70475303,0
2006,136,23,120.277,0.138,0,0,0,11.45,0.96215,2.5,0.010583333,13.70493091,0
2006,137,0,119.8815,0.299,0,0,0,10.91,0.97435,2.855,0.137583333,13.70511791,0
2006,137,1,116.351,0.276,0,0,0,10.755,0.9686,1.66,0.137583333,13.70530567,0
2006,137,2,110.1675,0.437,0,0,0.11,9.765,0.96775,3.39,0.137583333,13.70547875,0
2006,137,3,101.98,0.437,0,0,0,9.705,0.9538,2.67,0.137583333,13.70562678,0
2006,137,4,92.23,9.959,2.73,2.795,1.12,9.325,0.9598,2.145,0.137583333,13.7061297,0
2006,137,5,81.7305,178.434,64.655,85.795,27.225,9.565,0.95825,1.035,0.137583333,13.7542542,0
2006,137,6,70.6795,532.243,208.505,267.84,72.615,11.755,0.89905,2.84,0.137583333,13.75336128,0
2006,137,7,59.279,914.917,367.945,474.48,112.675,14.305,0.81805,3.585,0.137583333,13.75333428,0
2006,137,8,47.874,1256.812,514.5,660.825,140.27,16.445,0.75825,4.305,0.137583333,13.75333383,0
2006,137,9,36.9195,1558.549,646.45,825.73,158.52,18.485,0.68485,5.22,0.137583333,13.75333388,0
2006,137,10,27.3775,1751.358,731.415,930.58,167.59,20.25,0.59455,6.48,0.137583333,13.75333409,0
2006,137,11,21.5135,1761.57,734.74,935.76,167.17,21.605,0.4984,7.77,0.137583333,13.75333398,0
2006,137,12,22.38,1582.699,654.375,840.7,160.145,22.61,0.4045,7.62,0.137583333,13.75333386,0
2006,137,13,29.4065,1530.972,624.825,808.41,162.8,23.195,0.3639,8.875,0.137583333,13.75333393,0
2006,137,14,39.417,1316.175,526.835,686.53,148.25,23.49,0.3699,10.405,0.137583333,13.75333413,0
2006,137,15,50.5265,917.631,359.68,471.33,110.525,23.255,0.39195,11.025,0.137583333,13.75333386,0
2006,137,16,61.9535,374.739,143.815,184.62,44.04,22.76,0.42065,11.325,0.137583333,13.75333387,0
2006,137,17,73.2925,47.196,14.495,16.92,5.15,21.52,0.46385,9.41,0.137583333,13.75331131,0
2006,137,18,84.157,1.955,0,0,2.465,16.895,0.7411,8.85,0.137583333,13.66265406,0
2006,137,19,94.6085,0,0,0,0.325,14.415,0.8504,5.34,0.137583333,13.66157108,0
2006,137,20,103.9495,0,0,0,0.43,13.755,0.8357,6.785,0.137583333,13.66171646,0
2006,137,21,111.688,0,0,0,0.075,12.145,0.82115,1.42,0.137583333,13.66183999,0
2006,137,22,117.2655,0,0,0,0.01,11.515,0.8574,1.95,0.137583333,13.66199056,0
2006,137,23,120.056,0,0,0,0,10.875,0.8794,2.425,0.137583333,13.66215947,0
2006,138,0,119.662,0,0,0,0.055,9.785,0.9231,2.805,0,13.6623352,0
2006,138,1,116.146,0,0,0,0.005,8.96,0.95015,2.94,0,13.66250578,0
2006,138,2,109.982,0,0,0,0.005,8.57,0.94875,3.38,0,13.66265948,0
2006,138,3,101.815,0,0,0,0.02,8.68,0.9335,3.375,0,13.6627856,0
2006,138,4,92.0895,9.775,2.88,2.125,1.215,8.74,0.9222,4.1,0,13.66322788,0
2006,138,5,81.5965,126.109,47.35,57.515,15.305,9.085,0.91125,4.6,0,13.70310674,0
2006,138,6,70.5535,544.387,218.335,289.935,74.69,10.68,0.85645,6.25,0,13.70184153,0
2006,138,7,59.1565,933.731,381.36,493.59,116.08,12.665,0.72445,7.855,0,13.70180538,0
2006,138,8,47.747,1215.274,503.825,645.485,137.95,14.015,0.6705,7.24,0,13.70180485,0
2006,138,9,36.7785,1327.33,551.625,702.955,139.29,15.435,0.6033,8.04,0,13.70180495,0
2006,138,10,27.204,1128.817,467.92,596.125,114.975,15.845,0.5702,8.88,0,13.70180482,0
2006,138,11,21.301,860.2,351.09,449.43,86.975,14.945,0.58745,10.22,0,13.7018049,0
2006,138,12,22.171,1884.436,800.66,1023.335,190.585,16.165,0.48605,12.07,0,13.7018052,0
2006,138,13,29.231,1427.311,592.295,765.675,152.105,16.62,0.42245,12.615,0,13.70180484,0
2006,138,14,39.2665,1387.406,571.65,747.225,160.95,17.02,0.39065,11.955,0,13.70180492,0
2006,138,15,50.389,1076.4,435.275,574.45,135.395,17.03,0.35945,11.62,0,13.7018051,0
2006,138,16,61.8175,888.053,351.315,470.73,124.74,17.12,0.3399,10.945,0,13.70180481,0
2006,138,17,73.1515,465.773,176.92,239.12,74.955,16.9,0.34715,9.16,0,13.7018048,0
2006,138,18,84.0145,97.06,32.165,42.17,15.265,15.69,0.4009,6.175,0,13.70180468,0
2006,138,19,94.448,2.461,0.15,0.135,0.37,13.805,0.4774,3.97,0,13.74346658,0
2006,138,20,103.7705,0,0,0,0,12.705,0.5205,2.6,0,13.76564574,0
2006,138,21,111.4915,0,0,0,0,12.17,0.53765,2.63,0,13.76625536,0
2006,138,22,117.056,0.069,0,0,0,11.135,0.60765,2.83,0,13.76641312,0
2006,138,23,119.838,0,0,0,0,9.56,0.6987,1.19,0,13.76658256,0
2006,139,0,119.448,0,0,0,0,8.93,0.7383,2.525,0,13.76675649,0
2006,139,1,115.946,0.069,0,0,0,7.91,0.7698,1.285,0,13.76692782,0
2006,139,2,109.802,0.253,0,0,0,7.855,0.76275,0.94,0,13.76708728,0
2006,139,3,101.654,0.161,0,0,0,8.33,0.76225,1.54,0,13.76722298,0
2006,139,4,91.9525,6.509,1.825,1.535,0.6,8.49,0.7763,2.39,0,13.76746288,0
2006,139,5,81.468,161.46,64.435,81.105,20.91,8.65,0.80145,1.51,0,13.80300823,0
2006,139,6,70.433,364.711,148.32,186.295,44.305,11.305,0.7152,1.75,0,13.80179659,0
2006,139,7,59.039,833.175,336.98,431.54,98.63,13.89,0.56205,2.195,0,13.80176352,0
2006,139,8,47.627,1008.458,410.555,523.535,110.075,15.65,0.4627,2.1,0,13.80176304,0
2006,139,9,36.642,1525.36,636.945,807.265,157.115,17.015,0.38435,1.86,0,13.80176318,0
2006,139,10,27.038,1402.471,577.755,733.47,143.54,17.86,0.346,2.64,0,13.80176304,0
2006,139,11,21.0965,1486.628,611.61,780.765,151.41,18.595,0.34275,2.8,0,13.801763,0
2006,139,12,21.9655,1787.767,751.16,947.665,167.655,19.6,0.35475,1,0,13.80176302,0
2006,139,13,29.061,1664.257,695.245,881.285,167.475,20.495,0.32745,0.81,0,13.80176308,0
2006,139,14,39.1205,1477.014,608.695,777.56,158.18,20.915,0.33505,1.765,0,13.80176324,0
2006,139,15,50.2535,971.957,391.44,505.195,110.775,21.15,0.344,1.37,0,13.80176303,0
2006,139,16,61.6835,724.109,294.225,376.21,91.13,21.755,0.34205,0.175,0,13.80176304,0
2006,139,17,73.013,401.097,161.155,206.985,55.265,21.625,0.3454,1.265,0,13.80176298,0
2006,139,18,83.8715,122.636,47.095,64.37,21.775,18.5,0.4222,5.86,0,13.80176301,0
2006,139,19,94.256,3.91,0.77,0.805,0.81,16.505,0.4797,4.415,0,13.83589839,0
2006,139,20,103.5945,0.046,0,0,0.235,14.685,0.56405,4.485,0,13.86418581,0
2006,139,21,111.3015,0,0,0,0.06,13.175,0.6114,5.365,0,13.86495546,0
2006,139,22,116.8505,0,0,0,0,12.395,0.6527,3.79,0,13.8651135,0
2006,139,23,119.627,0,0,0,0,11.965,0.64315,3.885,0,13.86528006,0
2006,140,0,119.2395,0,0,0,0,11.39,0.65445,3.45,0,13.86545353,0
2006,140,1,115.751,0,0,0,0,10.995,0.66635,3.06,0,13.86562191,0
2006,140,2,109.6275,0,0,0,0,10.58,0.67225,2.4,0,13.8657752,0
2006,140,3,101.498,0.046,0,0,0,10.34,0.6781,2.495,0,13.86590139,0
2006,140,4,91.782,11.845,3.545,3.59,1.64,9.29,0.7437,1.985,0,13.8665843,0
2006,140,5,81.346,196.19,79.715,101.965,33.545,9.765,0.7272,2.415,0,13.90279686,0
2006,140,6,70.3175,558.233,223.3,293.315,81.825,11.51,0.601,3.87,0,13.90178883,0
2006,140,7,58.9275,951.786,388.015,505.515,122.09,13.37,0.56935,1.935,0,13.90176244,0
2006,140,8,47.511,1311.184,544.225,700.4157895,151.48,15.35,0.5179,2.105,0,13.90176202,0
2006,140,9,36.514,1599.581,676.43,865.56,168.53,17.085,0.3941,2.085,0,13.90176208,0
2006,140,10,26.8775,1786.709,760.1,967.57,179.75,18.375,0.338,1.875,0,13.90176229,0
2006,140,11,20.898,1355.505,565.64,724.62,146.675,19.205,0.30675,1.6,0,13.90176215,0
2006,140,12,21.7665,1403.414,577.77,744.045,153.905,19.705,0.29,2.394444444,0,13.90176207,0
2006,140,13,28.893,1008.573,408.505,523,112.34,19.94,0.2893,2.2,0,13.90176208,0
2006,140,14,38.977,975.154,392.775,507.415,112.025,20.135,0.29815,3.02,0,13.90176203,0
2006,140,15,50.1195,673.601,269.295,347.635,78.525,20.215,0.299,2.945,0,13.90176204,0
2006,140,16,61.5525,808.542,319.965,418.995,106.985,20.555,0.31165,3.83,0,13.90176204,0
2006,140,17,72.877,462.323,176.96,236.09,70.765,20.44,0.3124,4.405,0,13.90176203,0
2006,140,18,83.7315,128.409,46.515,62,23.66,19.65,0.35955,4.405,0,13.90176191,0
2006,140,19,94.1025,3.979,0.455,0.61,0.465,18.05,0.4332,3.385,0,13.93111795,0
2006,140,20,103.423,0.023,0,0,0,16.745,0.4926,3.85,0,13.95849831,0
2006,140,21,111.113,0,0,0,0,14.905,0.5902,3.63,0,13.95927689,0
2006,140,22,116.65,0.023,0,0,0,13.79,0.67475,4.375,0,13.95943506,0
2006,140,23,119.4195,0,0,0,0.01,12.78,0.7379,3.94,0,13.95960168,0
2006,141,0,119.0395,0.023,0,0,0.04,12.155,0.7696,3.59,0,13.95977532,0
2006,141,1,115.564,0.138,0,0,0,12.16,0.7788,2.92,0,13.95994756,0
2006,141,2,109.457,0.023,0,0,0,12.355,0.7804,1.77,0,13.9601047,0
2006,141,3,101.3475,0.253,0,0,0.01,11.43,0.82385,1.715,0,13.96023508,0
2006,141,4,91.656,8.464,2.545,1.67,0.64,10.465,0.8844,3.81,0,13.96058133,0
2006,141,5,81.229,141.105,54.845,66.79,17.145,11.36,0.8733,3.15,0,13.98866093,0
2006,141,6,70.207,198.973,76.21,96.3,21.545,12.045,0.7456,6.96,0,13.98723641,0
2006,141,7,58.82,523.204,204.4,262.665,59.28,11.975,0.57585,6.88,0,13.98720015,0
2006,141,8,47.4005,993.577,389.565,505.985,110.345,12.935,0.4584,7.82,0,13.98719963,0
2006,141,9,36.3905,1528.396,595.535,769.96,155.24,14.275,0.41415,7.54,0,13.98719974,0
2006,141,10,26.722,1811.779,725.09,923.135,169.765,15.5,0.41485,5.67,0,13.98719961,0
2006,141,11,20.7045,1913.002,776.775,984.365,171.54,16.23,0.4235,4.875,0,13.98719972,0
2006,141,12,21.5705,1941.223,791.855,1001.84,174.075,17.54,0.39195,5.315,0,13.9872001,0
2006,141,13,28.729,1813.32,734.655,933.235,170.62,18.58,0.33815,4.81,0,13.98719961,0
2006,141,14,38.8345,1587.644,633.82,814.285,162.93,19.65,0.2782,4.71,0,13.98719965,0
2006,141,15,49.988,1261.297,492.89,640.14,142.555,20.245,0.2287,4.4,0,13.98719975,0
2006,141,16,61.4225,847.182,322.285,422.565,106.52,20.385,0.2103,4.645,0,13.9871996,0
2006,141,17,72.7435,449.121,166.56,219.665,63.67,20.025,0.20695,5.485,0,13.98719957,0
2006,141,18,83.5925,84.134,30.255,37.9,10.98,18.96,0.226,5.195,0,13.9871993,0
2006,141,19,93.9525,1.541,0.17,0.055,0.29,17.76,0.2649,5.54,0,14.01446,0
2006,141,20,103.2535,0,0,0,0.715,15.66,0.3809,6.625,0,14.02842469,0
2006,141,21,110.93,0,0,0,0.515,12.88,0.49515,6.75,0,14.02889788,0
2006,141,22,116.4525,0,0,0,0.105,11.96,0.5004,6.815,0,14.02905054,0
2006,141,23,119.219,0,0,0,0.01,11.135,0.4989,6.165,0,14.0292161,0
2006,142,0,118.8435,0,0,0,0,10.73,0.50835,5.585,0.423333333,14.0293887,0
2006,142,1,115.382,0,0,0,0,10.595,0.5199,5.06,0.423333333,14.02955649,0
2006,142,2,109.2935,0.023,0,0,0.09,10.29,0.5631,3.66,0.423333333,14.02970939,0
2006,142,3,101.2045,0.023,0,0,0,9.98,0.58785,2.575,0.423333333,14.02983571,0
2006,142,4,91.5355,14.881,4.7,4.47,2.155,9.015,0.61365,2.6,0.423333333,14.03117912,0
2006,142,5,81.1145,214.843,79.65,102.985,34.2,9.25,0.5899,3.445,0.423333333,14.06223234,0
2006,142,6,70.101,588.432,219.45,290.815,81.475,10.835,0.45335,5.52,0.423333333,14.06123121,0
2006,142,7,58.7185,999.81,378.93,501.235,123.405,12.295,0.406,5.985,0.423333333,14.0612066,0
2006,142,8,47.296,1365.188,532.815,697.27,153.23,13.73,0.37685,5.55,0.423333333,14.06120622,0
2006,142,9,36.272,1663.866,668.845,862.295,170.965,14.905,0.34885,4.245,0.423333333,14.06120628,0
2006,142,10,26.5755,1872.522,769.33,979.88,179.1,15.97,0.32515,3.335,0.423333333,14.06120652,0
2006,142,11,20.5165,1970.111,817.975,1036.13,180.36,16.88,0.308,3.66,0.423333333,14.06120633,0
2006,142,12,21.381,1948.399,811.625,1027.61,179.635,17.875,0.286,3.475,0.423333333,14.06120638,0
2006,142,13,28.5675,1821.83,759.02,965.205,178.52,18.765,0.26245,4.09,0.423333333,14.06120624,0
2006,142,14,38.697,1588.081,651.68,836.785,169.1,19.44,0.25665,4.16,0.423333333,14.06120626,0
2006,142,15,49.859,1276.04,509.235,661.595,148.735,19.945,0.2512,4.13,0.423333333,14.06120629,0
2006,142,16,61.294,891.158,345.855,454.71,116.27,20.02,0.25155,4.29,0.423333333,14.06120629,0
2006,142,17,72.6105,485.392,185.07,243.61,71.525,19.775,0.24795,3.445,0.423333333,14.06120623,0
2006,142,18,83.4555,126.776,45.61,59.63,20.99,18.845,0.27955,3.915,0.423333333,14.0612062,0
2006,142,19,93.7675,5.405,1.105,1.33,1.025,16.4,0.3572,3.61,0.423333333,14.08445679,0
2006,142,20,103.0865,0,0,0,0,14.87,0.40565,3.49,0.423333333,14.1091416,0
2006,142,21,110.748,0,0,0,0,13.435,0.46795,3.635,0.423333333,14.10990762,0
2006,142,22,116.2615,0.023,0,0,0,12.56,0.5048,3.695,0.423333333,14.11006486,0
2006,142,23,119.024,0,0,0,0,11.455,0.5399,4.37,0.423333333,14.11023046,0
2006,143,0,118.654,0,0,0,0,10.465,0.5628,3.58,0,14.11040267,0
2006,143,1,115.2075,0,0,0,0,10.115,0.5646,3.585,0,14.11057027,0
2006,143,2,109.1355,0.023,0,0,0,9.43,0.58435,3.83,0,14.11072215,0
2006,143,3,101.0655,0.069,0,0,0,8.82,0.6055,3.345,0,14.11084915,0
2006,143,4,91.419,14.375,4.735,4.44,1.945,8.105,0.62805,2.85,0,14.11203687,0
2006,143,5,81.007,205.298,81.18,104.035,34.64,8.525,0.6326,1.89,0,14.13924635,0
2006,143,6,70.0015,574.195,225.09,294.485,83.46,11.16,0.52395,2.765,0,14.13817092,0
2006,143,7,58.623,973.613,385.805,503.35,124.32,14.115,0.38865,2.605,0,14.13814517,0
2006,143,8,47.198,1343.913,543.535,701.05,153.245,17.185,0.2889,2.195,0,14.13814477,0
2006,143,9,36.1595,1645.167,677.31,865.745,170.25,19.065,0.28645,1.73,0,14.13814483,0
2006,143,10,26.4345,1842.898,765.765,975.615,179.265,20.085,0.2582,2.59,0,14.13814507,0
2006,143,11,20.3355,1922.961,807.475,1020.495,178.72,21.295,0.2312,1.725,0,14.13814488,0
2006,143,12,21.196,1875.834,784.18,991.325,175.615,22.19,0.21385,1.795,0,14.13814492,0
2006,143,13,28.411,1737.788,717.5,912.275,170.65,23,0.20205,2.34,0,14.13814478,0
2006,143,14,38.5605,1562.091,633.565,812.445,164.335,23.65,0.18895,2.425,0,14.1381448,0
2006,143,15,49.7325,1229.051,491.185,633.81,141.435,24.2,0.17885,1.276470588,0,14.13814482,0
2006,143,16,61.167,874.023,340.21,444.82,112.89,24.55,0.1826,1.925,0,14.13814482,0
2006,143,17,72.481,487.945,186.015,243.89,71.93,24.23,0.19865,3.17,0,14.13814478,0
2006,143,18,83.322,128.685,45.88,59.07,19.76,23.4,0.21685,3.71,0,14.13814469,0
2006,143,19,93.6235,3.841,0.475,0.42,0.265,20.645,0.3124,3.84,0,14.1580664,0
2006,143,20,102.924,0.023,0,0,0,18.775,0.37175,4.08,0,14.18015728,0
2006,143,21,110.5725,0,0,0,0,17.49,0.4128,3.595,0,14.18088533,0
2006,143,22,116.076,0,0,0,0,16.65,0.4455,4.3,0,14.18104108,0
2006,143,23,118.834,0,0,0,0,15.83,0.47275,4.065,0,14.18120547,0
2006,144,0,118.4695,0,0,0,0,14.995,0.4983,4.65,0,14.18137715,0
2006,144,1,115.0365,0,0,0,0,14.22,0.52705,4.165,0,14.18154441,0
2006,144,2,108.984,0,0,0,0,13.64,0.5621,3.345,0,14.18169579,0
2006,144,3,100.933,0,0,0,0,12.97,0.59675,4.29,0,14.18182078,0
2006,144,4,91.2705,13.869,5.085,5.545,2.09,13.02,0.6113,3.985,0,14.18286242,0
2006,144,5,80.906,149.293,58.945,74.665,20.08,14.555,0.58165,4.415,0,14.20557336,0
2006,144,6,69.9075,189.612,70.4,86.105,18.68,16.61,0.51475,5.92,0,14.20424578,0
2006,144,7,58.532,508.162,192.47,243.535,54.71,18.6,0.4664,7.355,0,14.20421459,0
2006,144,8,47.1035,731.492,277.565,353.64,76.78,20.8,0.43455,8.49,0,14.20421411,0
2006,144,9,36.0545,1353.757,523.17,672.765,140.675,22.895,0.4467,9.23,0,14.20421417,0
2006,144,10,26.3,1545.531,602.725,770.43,148.89,25.29,0.4595,9.935,0,14.20421439,0
2006,144,11,20.16,1402.356,541.805,693.715,136.36,27.01,0.47245,9.925,0,14.20421423,0
2006,144,12,21.0155,1659.565,646.97,826.29,162.28,28.17,0.481,9.13,0,14.20421418,0
2006,144,13,28.258,1242.943,479.365,614.4,123.545,29.035,0.4829,9.25,0,14.20421412,0
2006,144,14,38.426,1094.731,417.835,534.905,114.21,29.5,0.4828,11.325,0,14.20421414,0
2006,144,15,49.6055,221.26,78.55,98.995,22.735,28.69,0.52865,11.315,0,14.20421416,0
2006,144,16,61.044,15.732,1.02,1.945,2.445,23.9,0.80025,6.37,0,14.12623974,0
2006,144,17,72.3525,7.866,0.615,0.05,1.665,20.315,0.84535,6.705,0,13.95260998,0
2006,144,18,83.187,12.535,4.67,4.485,2.215,19.025,0.87855,5.89,0,13.95201702,0
2006,144,19,93.4815,3.956,1.96,2.36,1.445,19.01,0.90115,4.345,0,13.95285954,0
2006,144,20,102.7645,0.368,0,0,0.065,18.955,0.8936,5.625,0,13.95307559,0
2006,144,21,110.4015,0.391,0,0,0.025,18.565,0.9295,5.245,0,13.95322074,0
2006,144,22,115.8955,0.437,0,0,0.025,18.37,0.95135,6.165,0,13.95339536,0
2006,144,23,118.65,0.483,0,0,0.055,18.54,0.95715,6.295,0,13.95359259,0
2006,145,0,118.2925,0.506,0,0,0.05,18.41,0.96045,5.595,0,13.95379899,0
2006,145,1,114.8735,0.483,0,0,0.045,18.58,0.9607,5.51,0,13.95399852,0
2006,145,2,108.8395,0.483,0,0,0.045,18.675,0.9677,6.21,0,13.95417615,0
2006,145,3,100.8045,0.667,0,0,0.195,18.49,0.95565,5.52,0,13.95432394,0
2006,145,4,91.164,13.777,4.14,3.79,1.465,18.36,0.9197,4.815,0,13.95536528,0
2006,145,5,80.808,141.657,49.985,59.715,15.49,18.56,0.9342,5.965,0,13.97545827,0
2006,145,6,69.8175,317.561,121.495,150.32,33.835,19.795,0.95435,6.685,0,13.97404837,0
2006,145,7,58.446,677.994,263.78,334.895,75.665,21.485,0.93,7.205,0,13.9740157,0
2006,145,8,47.0175,928.947,360.345,458.415,98.52,22.92,0.89055,7.055,0,13.97401518,0
2006,145,9,35.955,1222.703,472.32,605.52,126.05,24.5,0.81245,6.565,0,13.97401524,0
2006,145,10,26.1715,1462.8,572.215,732.21,143.455,26.035,0.64335,6.065,0,13.97401545,0
2006,145,11,19.994,1651.699,644.295,828.09,160.82,27.635,0.50365,7.195,0,13.97401534,0
2006,145,12,20.8405,714.518,256.125,327.46,69.845,27.63,0.5026,9.365,0,13.97401522,0
2006,145,13,28.108,816.776,301.275,382.795,79.64,26.105,0.4873,10.495,0,13.97401529,0
2006,145,14,38.295,715.829,271.03,343.465,73.92,27.2,0.38125,11.12,0,13.97401547,0
2006,145,15,49.4835,1170.194,435.98,570.545,131.62,27.665,0.36725,12.105,0,13.97401522,0
2006,145,16,60.921,590.709,215.525,280.23,67.78,26.64,0.47335,12.12,0,13.97401522,0
2006,145,17,72.227,276.598,101.09,129.025,31.395,25.585,0.5397,9.595,0,13.97401509,0
2006,145,18,83.0575,72.496,25.27,30.335,8.335,24.86,0.5442,10.665,0,13.9740152,0
2006,145,19,93.3055,3.956,0.385,0.07,0.54,23.695,0.6055,8.99,0,14.01405031,0
2006,145,20,102.61,0.023,0,0,0.205,22.365,0.67645,7.495,0,14.02833211,0
2006,145,21,110.2345,0.046,0,0,0.19,21.515,0.74335,7.195,0,14.02878509,0
2006,145,22,115.719,0.069,0,0,0.125,20.98,0.7766,6.645,0,14.02894257,0
2006,145,23,118.47,0.161,0,0,0.2,20.085,0.8217,5.535,0,14.02911534,0
2006,146,0,118.122,0.161,0,0,0.155,19.425,0.85815,4.74,0,14.0292978,0
2006,146,1,114.715,0.414,0,0,0.04,19.055,0.87145,5.345,0,14.02948003,0
2006,146,2,108.7005,0.437,0,0,0.11,18.785,0.8763,5.295,0,14.02965198,0
2006,146,3,100.684,0.437,0,0,0.075,18.43,0.89125,5.655,0,14.02979302,0
2006,146,4,91.0655,15.042,4.205,3.885,1.395,18.05,0.91365,5.135,0,14.03113585,0
2006,146,5,80.7155,135.723,49.565,59.71,14.855,18.47,0.9104,6.2,0,14.04926093,0
2006,146,6,69.7335,535.532,201.295,259.29,68.56,19.735,0.8709,7.725,0,14.04782024,0
2006,146,7,58.366,968.116,366.275,471.68,110.13,21.425,0.7801,7.91,0,14.0477875,0
2006,146,8,46.935,1348.306,523.095,666.725,138.96,23.185,0.67745,7.56,0,14.04778699,0
2006,146,9,35.8605,1605.929,633.825,803.72,153.425,24.445,0.60835,9.025,0,14.04778704,0
2006,146,10,26.0505,1734.269,691.255,873.17,159.545,25.82,0.5561,9.07,0,14.04778725,0
2006,146,11,19.83,1846.716,738.38,935.54,169.865,26.815,0.51125,8.44,0,14.04778713,0
2006,146,12,20.672,1496.656,587.74,752.11,146.975,27.875,0.47455,8.26,0,14.04778702,0
2006,146,13,27.9625,1520.852,593.4,760.88,152.315,28.385,0.4506,8.21,0,14.04778709,0
2006,146,14,38.1665,1395.801,537.88,693.88,146.1,28.91,0.4401,7.76,0,14.04778727,0
2006,146,15,49.3625,948.129,358.14,463.38,104.81,29.175,0.43805,7.375,0,14.04778702,0
2006,146,16,60.802,561.706,211.57,269.805,65.61,28.98,0.45135,5.76,0,14.04778702,0
2006,146,17,72.1025,331.2,122.075,154.45,42.73,28.98,0.43745,5.22,0,14.04778689,0
2006,146,18,82.9295,108.399,39.085,48.995,15.6,27.885,0.4696,3.925,0,14.047787,0
2006,146,19,93.1725,7.452,2.115,2.38,1.22,25.65,0.5695,3.91,0,14.08061309,0
2006,146,20,102.458,0.046,0,0,0.015,23.535,0.6756,3.275,0,14.10712916,0
2006,146,21,110.0715,0.161,0,0,0,21.965,0.7394,3.12,0,14.10788697,0
2006,146,22,115.549,0.207,0,0,0,21.2,0.76235,3.43,0,14.10805457,0
2006,146,23,118.3,0.391,0,0,0,20.005,0.81775,3.305,0,14.10823721,0
2006,147,0,117.957,0.414,0,0,0,19.605,0.8474,2.91,0,14.10843445,0
2006,147,1,114.5655,0.437,0,0,0,19.935,0.82015,3.115,0,14.10862551,0
2006,147,2,108.5675,0.437,0,0,0,19.49,0.82875,3.42,0,14.10879858,0
2006,147,3,100.5695,0.483,0,0,0,19.375,0.8263,3.525,0,14.10894086,0
2006,147,4,90.971,16.33,5.96,6.49,2.27,18.655,0.85565,2.86,0,14.11077027,0
2006,147,5,80.6285,170.637,65.175,81.1,20.915,18.79,0.86565,2.515789474,0,14.12857184,0
2006,147,6,69.6545,448.385,171.395,216.94,53.995,21.39,0.762,4.98,0,14.12732583,0
2006,147,7,58.2915,680.34,256.84,329.265,77.305,23.4,0.6593,6.595,0,14.12729794,0
2006,147,8,46.858,1059.307368,404.6,518.98,115.415,25.32,0.5762,6.925,0,14.12729752,0
2006,147,9,35.7725,1351.848,520.405,669.12,138.225,26.79,0.54685,7.255,0,14.12729758,0
2006,147,10,25.9345,1646.248,641.28,823.045,159.535,28.305,0.5029,7.565,0,14.1272978,0
2006,147,11,19.6755,1702.736,665.445,851.335,158.98,29.375,0.4759,7.105,0,14.12729765,0
2006,147,12,20.507,1828.983,719.855,919.055,170.655,30.095,0.45585,7.74,0,14.12729758,0
2006,147,13,27.8195,1684.658,657.45,840.59,161.4,30.75,0.45275,7.795,0,14.12729755,0
2006,147,14,38.042,1448.747,559.6,716.975,148.535,31.215,0.4526,8.45,0,14.12729755,0
2006,147,15,49.2445,1138.845,431.55,557.13,126.54,31.245,0.4683,9,0,14.12729754,0
2006,147,16,60.6845,638.756,241.545,307.87,74.84,31.005,0.5035,8.62,0,14.12729754,0
2006,147,17,71.981,402.247,152.845,196.315,56.56,30.69,0.53235,8.475,0,14.12729754,0
2006,147,18,82.805,119.646,38.68,48.95,14.46,30.015,0.57805,7,0,14.12729751,0
2006,147,19,93.0405,5.198,0.805,0.38,0.555,28.485,0.6443,5.335,0,14.15471215,0
2006,147,20,102.3105,0,0,0,0,26.73,0.7113,4.755,0,14.1796713,0
2006,147,21,109.913,0.161,0,0,0,25.65,0.75815,4.21,0,14.18042026,0
2006,147,22,115.3825,0.368,0,0,0.015,24.44,0.81455,3.9,0,14.18059086,0
2006,147,23,118.1325,0.345,0,0,0.015,23.7,0.8527,4.32,0,14.18077712,0
2006,148,0,117.796,0.437,0,0,0,23.92,0.86235,5.845,0,14.18097182,0
2006,148,1,114.42,0.437,0,0,0.055,23.64,0.87215,5.24,0,14.18116436,0.002228917
2006,148,2,108.4395,0.437,0,0,0.015,23.405,0.8727,3.995,0,14.18133719,0.004426094
2006,148,3,100.4585,0.437,0,0,0.005,22.81,0.8882,3.765,0,14.18147863,0.006570745
2006,148,4,90.882,18.607,5.515,5.875,2.34,22.055,0.9095,3.36,0,14.18464177,0.008627031
2006,148,5,80.5475,201.756,74.61,92.72,28.875,22.24,0.90745,3.525,0,14.20217226,0.010645159
2006,148,6,69.5795,548.412,203.885,261.225,70.66,24.725,0.8034,5.33,0,14.20104811,0.012835051
2006,148,7,58.221,941.505,353.725,458.2,109.22,26.64,0.68845,5.605,0,14.20102331,0.015275348
2006,148,8,46.7855,1313.369,502.735,648.835,138.58,28.205,0.5941,6.255,0,14.20102295,0.017871518
2006,148,9,35.689,1568.416,612.59,705.58,151.89,29.39,0.52635,6.07,0,14.20102302,0.020558545
2006,148,10,25.826,1753.175,693.25,877.045,161.255,30.41,0.4551,5.395,0,14.20102329,0.023294204
2006,148,11,19.528,1971.813,786.285,992.635,176.915,31.23,0.4003,5.62,0,14.20102303,0.026052434
2006,148,12,20.345,1904.354,755.87,961.04,175.92,31.835,0.39915,6.63,0,14.20102323,0.02881597
2006,148,13,27.6805,1772.403,695.8,892.315,168.02,32.35,0.36985,6.86,0,14.20102303,0.031575625
2006,148,14,37.9195,1548.429,597.575,770.825,156.07,32.625,0.3719,7.685,0,14.20102309,0.034328283
2006,148,15,49.1295,1273.349,481.535,624.11,138.52,32.85,0.36165,8.335,0,14.20102299,0.037074492
2006,148,16,60.5675,888.49,328.46,427.9,107.215,32.54,0.3588,9,0,14.20102298,0.039821862
2006,148,17,71.864,452.065,163.995,212.275,61.345,32.04,0.3748,9.055,0,14.20102294,0.042578401
2006,148,18,82.6815,147.384,52.095,64.63,22.64,31.095,0.41315,8.23,0,14.20102281,0.045341404
2006,148,19,92.911,6.854,1.24,0.94,1.025,29.065,0.47365,4.94,0,14.22239367,0.048080209
2006,148,20,102.166,0,0,0,0,27.365,0.5383,3.81,0,14.25151178,0.05073183
2006,148,21,109.76,0.023,0,0,0.005,25.785,0.6192,3.525,0,14.25239649,0.053257654
2006,148,22,115.223,0.046,0,0,0,25.15,0.6589,3.435,0,14.25255738,0.055677633
2006,148,23,117.9725,0,0,0,0.03,24.265,0.7007,3.525,0,14.25272357,0.058015169
2006,149,0,117.6445,0,0,0,0,23.48,0.7397,2.98,0,14.25289486,0.060255122
2006,149,1,114.2815,0.161,0,0,0.03,22.84,0.776,3.33,0,14.2530643,0.062406466
2006,149,2,108.3195,0.023,0,0,0,22.77,0.7925,3.21,0,14.25321907,0.064512107
2006,149,3,100.3545,0.092,0,0,0,22.33,0.8157,3.88,0,14.25334354,0.066584134
2006,149,4,90.7585,20.631,6.925,7.065,2.925,21.905,0.84065,3.695,0,14.25842426,0.068598154
2006,149,5,80.4725,202.952,73.97,92.785,28.595,22.26,0.8395,3.465,0,14.27516491,0.070607436
2006,149,6,69.512,557.681,203.975,261.01,69.25,24.5,0.7473,4.81,0,14.27407702,0.072784954
2006,149,7,58.157,977.592,363.855,469.765,110.93,27.07,0.6573,5.515,0,14.27405333,0.075233967
2006,149,8,46.7185,1338.692,508,652.395,137.56,28.825,0.585,5.94,0,14.27405299,0.07786778
2006,149,9,35.613,1561.01,604.205,770.2,152.955,29.765,0.52675,6.18,0,14.27405307,0.080579821
2006,149,10,25.723,1599.213,619.35,785.7,149.62,30.54,0.48815,6.27,0,14.27405338,0.083323657
2006,149,11,19.386,1439.846,557.635,710.705,133.69,31.26,0.4582,6.575,0,14.27405304,0.086083133
2006,149,12,20.1915,1627.457,631.065,808.22,154.96,31.775,0.44425,7.185,0,14.27405319,0.088846771
2006,149,13,27.5445,1477.451,567.8,725.455,143.165,32.075,0.41695,7.83,0,14.27405315,0.091608537
2006,149,14,37.799,1111.774,419.47,535.115,111.085,32.015,0.4048,8.6,0,14.274053,0.094369063
2006,149,15,49.0145,1086.152,406.805,522.665,116.36,32.125,0.4342,8.31,0,14.27405301,0.097129262
2006,149,16,60.4555,661.434,243.945,310.84,73.765,31.87,0.40915,8.465,0,14.27405301,0.099890292
2006,149,17,71.7475,356.178,131.69,161.48,41.84,31.465,0.45295,7.255,0,14.27405294,0.102653712
2006,149,18,82.5615,130.042,47.175,58.985,18.395,30.495,0.4803,8.5,0,14.27405296,0.105413786
2006,149,19,92.747,7.291,1.745,1.73,1.105,28.255,0.58135,6.015,0,14.29354354,0.108126147
2006,149,20,102.0255,0.023,0,0,0,26.95,0.6137,3.595,0,14.31796308,0.110736349
2006,149,21,109.6095,0,0,0,0,25.96,0.6536,2.69,0,14.31876368,0.113252253
2006,149,22,115.069,0.023,0,0,0,24.89,0.70605,2.995,0,14.31892164,0.115667436
2006,149,23,117.82,0,0,0,0,24.11,0.7566,2.64,0,14.31908645,0.117981461
2006,150,0,117.4985,0.115,0,0,0,23.525,0.7941,2.695,0,14.31926008,0.120214844
2006,150,1,114.1505,0.391,0,0,0.03,22.61,0.8325,3.895,0,14.31943849,0.122354197
2006,150,2,108.205,0.391,0,0,0.065,22.155,0.86405,4.12,0,14.31960826,0.124403913
2006,150,3,100.2565,0.322,0,0,0,22.17,0.88105,3.53,0,14.319747,0.126424083
2006,150,4,90.6815,4.071,0.8,0.43,0.365,22.295,0.88445,2.685,0,14.31990405,0.128453706
2006,150,5,80.4005,136.896,50.965,62.195,16.425,22.805,0.868,3.995,0,14.32224496,0.130525713
2006,150,6,69.4465,552.713,202.98,258.87,67.12,24.285,0.79585,5.085,0,14.32009204,0.132724878
2006,150,7,58.097,974.303,362.73,466.87,108.975,25.81,0.72335,5.635,0,14.32004527,0.135099296
2006,150,8,46.6585,1411.211,539.35,691.31,144.565,27.755,0.58105,6.955,0,14.3200446,0.137642535
2006,150,9,35.5425,1660.025,644.06,820.39,156.095,28.965,0.48835,7.2,0,14.32004458,0.140304248
2006,150,10,25.627,1843.979,724.975,918.685,164.55,29.93,0.44065,7.2,0,14.32004455,0.143022892
2006,150,11,19.249,1946.375,767.61,972.48,170.695,30.905,0.40125,7.465,0,14.32004458,0.145773264
2006,150,12,20.041,1881.216,726.37,938.14,168.655,31.345,0.3595,8.72,0,14.32004466,0.148535425
2006,150,13,27.413,1814.263,702.235,899.945,171.72,31.45,0.38595,8.545,0,14.32004489,0.151299186
2006,150,14,37.681,958.364,360.955,454.975,95.01,31.085,0.40115,8.41,0,14.32004459,0.154062354
2006,150,15,48.904,621.782,232.79,292.225,64.765,30.55,0.41565,8.925,0,14.32004462,0.156820887
2006,150,16,60.344,996.659,365.435,474.805,118.24,30.79,0.4189,9.94,0,14.3200446,0.159577205
2006,150,17,71.633,382.329,135.235,174.66,48.21,30.09,0.45025,9.59,0,14.32004456,0.162328485
2006,150,18,82.443,29.394,6.425,8.2,4.115,25.915,0.5972,8.19,0,14.31772311,0.164956234
2006,150,19,92.626,4.37,0.336842105,0.26,0.925,23.94,0.74485,0.925,0,14.29293554,0.16731679
2006,150,20,101.888,0.368,0,0,0.135,23.8,0.7683,1.445,0,14.29415413,0.16955668
2006,150,21,109.467,0.299,0,0,0.19,22.89,0.84395,1.825,0,14.29432056,0.171731337
2006,150,22,114.9195,0.092,0,0,0.13,21.91,0.8815,2.54,0,14.29447965,0.173783165
2006,150,23,117.671,0.437,0,0,0.01,21.645,0.89485,2.065,0,14.29465897,0.175750702
2006,151,0,117.3585,0.46,0,0,0.035,21.15,0.9176,1.955,0.359833333,14.29485744,0.177665348
2006,151,1,114.024,0.46,0,0,0,21.225,0.90525,2.39,0.359833333,14.29505105,0.179550484
2006,151,2,108.094,0.414,0,0,0.05,21.07,0.9187,2.15,0.359833333,14.2952235,0.181429957
2006,151,3,100.164,0.414,0,0,0.01,21.09,0.9125,2.77,0.359833333,14.29536334,0.183299865
2006,151,4,90.607,9.039,2.66,2.24,1.05,20.98,0.91585,2.255,0.359833333,14.29572927,0.185163378
2006,151,5,80.335,111.964,42.965,51.32,11.33,21.33,0.9294,2.09,0.359833333,14.29788903,0.187043891
2006,151,6,69.3895,228.896,85.945,103.71,21.595,22.17,0.89915,2.64,0.359833333,14.29558097,0.189007466
2006,151,7,58.042,758.563,289.85,362.595,78.065,23.28,0.85265,2.92,0.359833333,14.29553136,0.191102235
2006,151,8,46.6035,1294.118,497.48,627.49,128.755,24.85,0.79915,2.515,0.359833333,14.29553086,0.193364566
2006,151,9,35.4765,1583.067,617.645,780.6,152.195,26.775,0.70355,3.395,0.359833333,14.29553073,0.19581785
2006,151,10,25.5385,1144.411,444.51,556.645,106.56,27.72,0.63895,3.095,0.359833333,14.29553117,0.198401355
2006,151,11,19.121,1642.821,646.745,812.97,149.665,28.87,0.58185,3.945,0.359833333,14.29553064,0.201059133
2006,151,12,19.8985,1881.86,737.51,930.235,171.265,29.495,0.54775,5.385,0.359833333,14.29553072,0.203766375
2006,151,13,27.287,805.138,302.46,381.235,74.855,28.96,0.56415,5.455,0.359833333,14.29553096,0.206475798
2006,151,14,37.5685,249.757,79.055,99.3,20.36,23.04,0.81145,6.41,0.359833333,14.29553064,0.20893038
2006,151,15,48.7955,35.351,8.52,8.755,2.105,21.375,0.8873,4.535,0.359833333,14.2918489,0.210955825
2006,151,16,60.2365,28.865,7.14,5.35,1.405,21.845,0.8806,0.695,0.359833333,13.90548995,0.212900136
2006,151,17,71.522,32.131,8.855,8.185,2.26,21.135,0.90615,2.385,0.359833333,13.73436378,0.214827662
2006,151,18,82.33,24.38,7.4,6.245,2.2,20.715,0.9454,2.21,0.359833333,13.79577072,0.21667547
2006,151,19,92.506,2.185,0.145,0,0.21,20.68,0.94615,0.84,0.359833333,13.82102223,0.218490715
2006,151,20,101.757,0.805,0,0,0.235,20.64,0.9494,1.91,0.359833333,13.82166801,0.220300562
2006,151,21,109.327,0.897,0,0,0.15,20.675,0.94805,1.06,0.359833333,13.82187289,0.22211005
2006,151,22,114.775,0.713,0,0,0.335,20.335,0.9117,3,0.359833333,13.82209602,0.223897501
2006,151,23,117.528,0.736,0,0,0.21,19.61,0.9127,1.42,0.359833333,13.82232724,0.225607266
2006,152,0,117.2235,0.851,0,0,0.32,18.945,0.913,2.695,0.105833333,13.82256231,0.227214275
2006,152,1,113.904,0.621,0,0,0.255,18.24,0.90125,2.545,0.105833333,13.82278081,0.228718831
2006,152,2,107.993,0.506,0,0,0.105,17.96,0.87245,1.645,0.105833333,13.822959,0.230149304
2006,152,3,100.079,0.437,0,0,0.05,17.54,0.876,1.175,0.105833333,13.82309251,0.231527006
2006,152,4,90.5395,9.545,2.795,2.985,0.985,17.46,0.87565,1.155,0.105833333,13.82343171,0.232867
2006,152,5,80.275,128.524,42.335,59.94,12.35,17.845,0.8624,0.82,0.105833333,13.81464827,0.234229996
2006,152,6,69.337,203.504,65.795,92.83,18.94,18.3,0.8233,2.325,0.105833333,13.81233309,0.235656322
2006,152,7,57.992,323.817,102.325,146.67,29.455,18.785,0.79185,2.755,0.105833333,13.81228646,0.237153383
2006,152,8,46.5535,236.739,71.405,101.8,20.37,18.98,0.8205,2.975,0.105833333,13.81228584,0.238701455
2006,152,9,35.417,290.122,86.42,122.53,23.645,19.275,0.8223,2.01,0.105833333,13.81228594,0.240286144
2006,152,10,25.4545,341.274,101.365,145.145,27.89,19.86,0.80905,2.245,0.105833333,13.81228581,0.241936221
2006,152,11,18.9975,392.242,118.04,171.065,33.58,19.9,0.8076,3.52,0.105833333,13.81228595,0.243632469
2006,152,12,19.76,240.12,68.21,96.355,18.68,19.895,0.8128,3.85,0.105833333,13.81228642,0.245331291
2006,152,13,27.162,376.418,113.335,155.695,31.1,19.61,0.8495,4.485,0.105833333,13.81228578,0.247008744
2006,152,14,37.457,485.599,159.54,213.18,43.295,19.635,0.8599,5.465,0.105833333,13.81228581,0.248667003
2006,152,15,48.6895,170.016,52.09,69.565,13.7,19.56,0.8307,5.51,0.105833333,13.81228586,0.250321561
2006,152,16,60.129,152.306,45.83,61.29,12.095,19.7,0.7707,5.435,0.105833333,13.81228577,0.251980927
2006,152,17,71.413,45.264,11.23,13.725,3.63,19.03,0.7991,3.34,0.105833333,13.81219346,0.25360095
2006,152,18,82.218,41.814,12.755,13.98,4.255,17.89,0.86395,3.01,0.105833333,13.81509159,0.255085558
2006,152,19,92.392,2.783,0.31,0.095,0.575,17.125,0.8978,2.975,0.105833333,13.89048407,0.256426689
2006,152,20,101.628,0.46,0,0,0.275,17.095,0.87485,3.465,0.105833333,13.89611627,0.2577079
2006,152,21,109.192,0.483,0,0,0.135,17.325,0.84875,2.085,0.105833333,13.89637623,0.259004176
2006,152,22,114.6375,0.368,0,0,0,17.785,0.779,2.195,0.105833333,13.89655888,0.260352467
2006,152,23,117.394,0.299,0,0,0.01,17.46,0.7817,1.152631579,0.105833333,13.89675012,0.261710938
2006,153,0,117.097,0.299,0,0,0.215,16.305,0.8495,1.95,0.042333333,13.89694184,0.262957979
2006,153,1,113.7935,0.437,0,0,0.035,15.8,0.8393,3.11,0.042333333,13.89712612,0.264080731
2006,153,2,107.8975,0.23,0,0,0.07,15.44,0.81175,1.88,0.042333333,13.89728742,0.265139347
2006,153,3,99.9995,0.299,0,0,0.005,14.85,0.8564,1.775,0.042333333,13.89741026,0.266128246
2006,153,4,90.4765,6.969,1.68,1.71,0.685,14.75,0.8512,1.455921053,0.042333333,13.89761767,0.267066961
2006,153,5,80.2185,94.254,33.425,43.175,9.18,14.88,0.8348,1.455921053,0.042333333,13.88135917,0.268007846
2006,153,6,69.2865,451.835,170.46,222.355,51.44,16.515,0.76795,1.455921053,0.042333333,13.87789216,0.26907823
2006,153,7,57.9495,568.836,209.105,278.92,60.165,18.265,0.7264,1.455921053,0.042333333,13.87782238,0.270401691
2006,153,8,46.507,795.317,292.825,391.6,81.435,19.755,0.6315,1.455921053,0.042333333,13.87782139,0.271968651
2006,153,9,35.362,1203.406,466.39,608.47,118.69,21.255,0.6284,1.455921053,0.042333333,13.87782142,0.273755716
2006,153,10,25.376,1669.685,682.285,859.455,155.15,22.595,0.57715,1.455921053,0.042333333,13.87782135,0.275743053
2006,153,11,18.8835,1817.161,743.83,941.055,160.91,23.52,0.5452,1.136842105,0.042333333,13.87782136,0.277881115
2006,153,12,19.626,1928.872,793.68,999.16,168.915,24.425,0.51,1.21,0.042333333,13.87782138,0.280133053
2006,153,13,27.041,1751.703,713.55,900.575,160.545,25.54,0.49225,0.778947368,0.042333333,13.87782144,0.282500901
2006,153,14,37.348,1107.151,442.94,559.85,108.135,26.05,0.4653,1.04,0.042333333,13.87782159,0.284954276
2006,153,15,48.585,785.128,303.52,386.805,83.215,25.935,0.45255,2.631578947,0.042333333,13.87782138,0.287427223
2006,153,16,60.026,751.341,282.89,369.14,88.985,25.77,0.4896,5.12,0.042333333,13.87782137,0.289886433
2006,153,17,71.305,455.446,170.595,221.555,61.755,25.82,0.484,3.205,0.042333333,13.87782119,0.292339945
2006,153,18,82.108,139.173,50.495,66.16,20.905,24.91,0.5401,4.5125,0.042333333,13.87782136,0.294749011
2006,153,19,92.243,11.293,4.635,6.7,3.2,22.06,0.55965,4.7575,0.042333333,13.92440023,0.296938482
2006,153,20,101.505,0.023,0,0,0,20.865,0.6403,4.925,0.042333333,13.97981169,0.298861941
2006,153,21,109.063,0.161,0,0,0,19.07,0.7843,4.2325,0.042333333,13.98099588,0.300570577
2006,153,22,114.5045,0.046,0,0,0,19.165,0.76985,3.1,0.042333333,13.98117112,0.302153781
2006,153,23,117.264,0.207,0,0,0,19.05,0.7382,1.751315789,0.042333333,13.98134691,0.303735492
2006,154,0,116.977,0.023,0,0,0,18.35,0.76275,1.8375,0,13.98152724,0.305256182
2006,154,1,113.687,0.161,0,0,0.055,16.68,0.7961,2.0325,0,13.98169567,0.306598466
2006,154,2,107.8065,0.046,0,0,0.01,17.01,0.75535,1.05,0,13.98184588,0.307839808
2006,154,3,99.9245,0.276,0,0,0.01,16.31,0.8169,1.62,0,13.98196516,0.30905339
2006,154,4,90.418,18.607,5.92,6.475,2.655,15.205,0.85575,1.777960526,0,13.98455202,0.310132466
2006,154,5,80.1695,171.005,66.945,82.565,22.535,15.925,0.80515,1.880460526,0,13.98476293,0.311183018
2006,154,6,69.2445,464.416,182.625,229.435,55.975,18.425,0.7549,2.482960526,0,13.98335786,0.312474215
2006,154,7,57.9105,727.766,283.935,359.09,78.255,20.51,0.6689,1.762960526,0,13.98332956,0.314109012
2006,154,8,46.467,1326.203,521.09,673.28,139.64,23.07,0.46845,1.710460526,0,13.98332914,0.316076558
2006,154,9,35.315,1632.77,650.22,835.57,158.6,23.875,0.42885,2.515460526,0,13.9833292,0.318267278
2006,154,10,25.3065,1816.77,743.305,947.045,166.33,24.53,0.43825,1.905263158,0,13.98332942,0.320546761
2006,154,11,18.7745,1899.8,794.225,999.905,167.74,25.21,0.4294,1.56,0,13.98332927,0.322902591
2006,154,12,19.4995,1745.194,720.12,911.955,161.935,25.6,0.4224,2.02,0,13.9833292,0.325316188
2006,154,13,26.9265,1624.076,659.32,834.855,153.9,26.035,0.40635,1.33,0,13.98332917,0.32777184
2006,154,14,37.2435,1434.326,576.49,730.17,141.485,26.73,0.38855,0.605,0,13.98332916,0.330281402
2006,154,15,48.4845,758.816,294.39,374.49,82.09,26.405,0.37305,2.015789474,0,13.98332916,0.332807952
2006,154,16,59.926,756.631,292.87,376.965,89.985,27.15,0.33565,2.772222222,0,13.98332916,0.333828039
2006,154,17,71.2035,330.832,122.31,155.88,41.22,25.78,0.4053,5.195,0,13.98332916,0.334686257
2006,154,18,82.003,160.241,57.575,74.96,25.72,24.745,0.42565,6.015,0,13.98332916,0.335544475
2006,154,19,92.134,9.821,1.97,1.88,1.705,22.685,0.4474,6.54,0,14.02147284,0.336400481
2006,154,20,101.385,0.023,0,0,0.31,20.87,0.49045,6.385,0,14.07423567,0.337251198
2006,154,21,108.937,0,0,0,0.23,19.56,0.51295,6.38,0,14.07541556,0.33809877
2006,154,22,114.38,0,0,0,0.2,18.03,0.5539,4.005,0,14.07558402,0.338946263
2006,154,23,117.1405,0.023,0,0,0,17.175,0.58845,2.35,0,14.0757527,0.339793737
2006,155,0,116.8625,0.023,0,0,0,16.64,0.6129,1.725,0,14.07592625,0.34064119
2006,155,1,113.5875,0,0,0,0,15.685,0.68445,0.955,0,14.07609121,0.341488623
2006,155,2,107.723,0,0,0,0,14.525,0.7364,0.22,0,14.07623627,0.342336039
2006,155,3,99.8545,0.023,0,0,0.015,13.645,0.74815,1.465,0,14.07635197,0.343183439
2006,155,4,90.366,20.401,6.585,7.465,3.64,13.07,0.7682,2.1,0,14.08038133,0.344030597
2006,155,5,80.1235,236.003,89.08,116.155,37.615,13.495,0.77795,2.305,0,14.08217464,0.344877415
2006,155,6,69.207,596.62,227.21,300.35,82.61,15.335,0.7364,3.51,0,14.08096185,0.345724199
2006,155,7,57.874,980.536,380.45,501.01,120.06,18.27,0.658,2.07,0,14.08093746,0.346571055
2006,155,8,46.433,1337.956,529.885,691.195,147.06,19.825,0.6047,1.965,0,14.08093712,0.347417913
2006,155,9,35.2715,1623.731,652.185,845.51,164.495,20.945,0.57065,3.575,0,14.0809372,0.348264771
2006,155,10,25.242,1847.774,751.735,965.15,173.51,21.98,0.50635,4.28,0,14.0809375,0.349111629
2006,155,11,18.673,1967.466,808.5,1030.2,176.36,22.835,0.46,4.515,0,14.08093717,0.349958486
2006,155,12,19.3785,1886.943,775.93,984.355,167.655,23.53,0.3986,4.865,0,14.08093731,0.350805344
2006,155,13,26.8155,1807.133,745.09,945.665,166.87,23.93,0.3721,4.62,0,14.08093728,0.351652202
2006,155,14,37.1415,1505.58,608.205,775.68,148.18,24.355,0.35245,4.215,0,14.08093712,0.35249906
2006,155,15,48.386,1190.434,469.52,603.5,128.795,24.455,0.32835,4.675,0,14.08093713,0.353345917
2006,155,16,59.828,847.044,324.06,419.455,99.555,24.7,0.3094,4.245,0,14.08093713,0.354192775
2006,155,17,71.103,534.589,201.705,262.51,73,24.735,0.30855,3.57,0,14.08093706,0.355039633
2006,155,18,81.8995,177.238,64.245,83.33,28.55,24.005,0.3284,3.25,0,14.08093707,0.35588649
2006,155,19,92.0295,9.499,2.015,1.87,0.965,21.72,0.43775,2.315,0,14.11217509,0.356731521
2006,155,20,101.27,0.023,0,0,0,20.135,0.51,2.27,0,14.16262927,0.357571764
2006,155,21,108.8175,0,0,0,0.02,19.045,0.55895,2.1,0,14.16381589,0.358408974
2006,155,22,114.258,0,0,0,0,18.61,0.55455,1.685,0,14.16398345,0.359246104
2006,155,23,117.024,0,0,0,0,17.36,0.60045,2.12,0,14.16415082,0.360083214
2006,156,0,116.757,0,0,0,0,16.37,0.6412,1.89,0,14.16432224,0.360920304
2006,156,1,113.4935,0.023,0,0,0,15.695,0.67255,1.685,0,14.16448698,0.361757374
2006,156,2,107.646,0.023,0,0,0,15.68,0.6622,1.355,0,14.1646334,0.362594427
2006,156,3,99.793,0,0,0,0,15.325,0.6588,1.81,0,14.16475041,0.363431463
2006,156,4,90.3185,22.954,7.605,8.315,2.96,14.525,0.692,2.2,0,14.1724298,0.364268041
2006,156,5,80.083,227.493,88.9,111.405,34.75,15.29,0.68905,2.0675,0,14.17526041,0.365104001
2006,156,6,69.173,583.51,230.54,293.6,77.375,18.43,0.6169,2.965,0,14.17411174,0.365939861
2006,156,7,57.8445,977.868,385.92,498.075,115.99,20.745,0.5234,2.8375,0,14.17408871,0.366775791
2006,156,8,46.402,1334.552,542.93,691.505,141.355,23.23,0.44765,4.3375,0,14.17408839,0.367611721
2006,156,9,35.2335,1542.495,643.875,812.605,151.855,23.675,0.39175,5.3675,0,14.17408848,0.368447652
2006,156,10,25.183,1820.289,771.34,966.555,167.65,24.6,0.3702,5.4575,0,14.17408884,0.369283583
2006,156,11,18.577,1917.993,809.83,1012.415,169.99,25.1,0.34585,5.4725,0,14.17408842,0.370119514
2006,156,12,19.2615,1922.723333,808.53,1009.705,169.505,25.815,0.33275,5.53,0,14.17408853,0.370955445
2006,156,13,26.706,1779.602,739.31,929.02,164.28,26.41,0.3115,5.105,0,14.17408886,0.371791376
2006,156,14,37.0415,1591.784,647.725,822.95,158.82,26.635,0.3028,5.1125,0,14.1740884,0.372627306
2006,156,15,48.292,1279.536,511.815,654.535,139.29,27.015,0.2915,5.8325,0,14.17408842,0.373463237
2006,156,16,59.7315,903.371,354.485,455.955,109.245,27.035,0.26675,5.76,0,14.1740884,0.374299168
2006,156,17,71.005,478.699,183.765,235.975,64.325,26.965,0.2449,4.6725,0,14.17408838,0.375135099
2006,156,18,81.8005,137.701,50.925,62.92,18.06,26.49,0.25135,0.853846154,0,14.17408827,0.37597103
2006,156,19,91.93,8.05,2.29,2,0.205,24.45,0.33395,2.664285714,0,14.20709781,0.376805016
2006,156,20,101.1595,0,0,0,0,21.965,0.46215,2.78,0,14.24383054,0.377634886
2006,156,21,108.705,0,0,0,0,20.31,0.5348,2.435,0,14.24478097,0.378462529
2006,156,22,114.1435,0.023,0,0,0,19.415,0.5743,2.515,0,14.2449446,0.379290105
2006,156,23,116.9135,0,0,0,0,18.63,0.61585,2.315,0,14.24511178,0.380117663
2006,157,0,116.6555,0,0,0,0,17.555,0.65765,2.52,0,14.24528298,0.3809452
2006,157,1,113.407,0,0,0,0,16.685,0.70305,2.41,0,14.245447,0.381772717
2006,157,2,107.5735,0.023,0,0,0,15.94,0.7406,2.41,0,14.24559297,0.382600216
2006,157,3,99.735,0.161,0,0,0,15.745,0.74595,2.41,0,14.2457133,0.383427699
2006,157,4,90.237,25.001,8.615,8.9,3.675,15.38,0.7607,2.3,0,14.25849451,0.384254419
2006,157,5,80.05,236.417,92.145,115.67,35.38,15.75,0.76715,1.83,0,14.2616571,0.385080194
2006,157,6,69.1445,456.136,180.185,228.975,59.27,18.485,0.67605,2.42,0,14.26057977,0.385905846
2006,157,7,57.821,905.372,362.52,464,108.345,21.68,0.54635,3.605,0,14.26055826,0.386731563
2006,157,8,46.3765,1271.417,514.715,663.215,140.87,23.74,0.4193,6.71,0,14.26055797,0.387557281
2006,157,9,35.2015,1620.143,665.45,851.665,166.5,24.46,0.3735,7.16,0,14.26055806,0.388382999
2006,157,10,25.1305,1759.684,724.955,925.545,174.49,25.06,0.34355,6.635,0,14.26055844,0.389208717
2006,157,11,18.4875,1405.507,561.1,721.63,144.37,25.37,0.33525,6.43,0,14.260558,0.390034436
2006,157,12,19.152,968.185,373.85,478.47,100.86,25.515,0.3504,6.195,0,14.26055809,0.390860154
2006,157,13,26.603,1541.345,616.58,787.87,154.73,26.1,0.3443,5.59,0,14.2605584,0.391685872
2006,157,14,36.9465,770.316,292.975,372.5,78.135,26.245,0.36125,6.01,0,14.26055798,0.39251159
2006,157,15,48.1985,576.955,219.795,275.57,58.315,26.01,0.39415,6.99,0,14.260558,0.393337308
2006,157,16,59.6395,317.239,118.005,147.815,32.845,25.075,0.4595,7.275,0,14.26055798,0.394163027
2006,157,17,70.9115,187.22,70.965,86.865,19.505,24.205,0.5015,5.775,0,14.26055796,0.394988745
2006,157,18,81.704,77.05,29.115,33.64,8.14,23.925,0.53685,3.595,0,14.26055789,0.395814463
2006,157,19,91.8325,8.717,2.815,2.61,0.92,23.26,0.56725,2.725,0,14.2993065,0.396637884
2006,157,20,101.053,0,0,0,0.24,22.265,0.6145,3.515,0,14.31765023,0.397457915
2006,157,21,108.5955,0.023,0,0,0.195,20.53,0.73865,2.3,0,14.31821596,0.398276822
2006,157,22,114.0345,0,0,0,0.035,20.39,0.74955,1.26,0,14.31837324,0.399095687
2006,157,23,116.81,0.207,0,0,0.09,19.625,0.79015,1.2275,0,14.31854421,0.399914531
2006,158,0,116.561,0.299,0,0,0.005,19.725,0.7906,1.8675,0,14.31872978,0.400733355
2006,158,1,113.327,0.368,0,0,0.03,19.355,0.7766,2.2625,0,14.31891172,0.401552156
2006,158,2,107.5095,0.46,0,0,0,19.14,0.762,2.2575,0,14.31907826,0.402370937
2006,158,3,99.684,0.437,0,0,0,18.595,0.7965,2.275,0,14.3192152,0.4031897
2006,158,4,90.2,9.844,2.785,2.04,0.58,18.48,0.84015,1.6875,0,14.31960834,0.404008431
2006,158,5,80.0195,137.08,52.665,64.62,16.175,19.285,0.8491,1.5125,0,14.3100063,0.40482771
2006,158,6,69.1215,505.264,197.695,250.925,63.855,20.595,0.837,2.685,0,14.30788437,0.405647686
2006,158,7,57.8005,925.75,362.515,461.345,105.83,22.14,0.79325,3.36,0,14.30784202,0.406467791
2006,158,8,46.356,1268.611,505.86,640.79,131.71,24.275,0.69765,5.8225,0,14.30784147,0.407287898
2006,158,9,35.1745,1577.294,638.575,804.695,148.9,25.905,0.587,6.285,0,14.30784157,0.408108005
2006,158,10,25.0845,1612.967,659.405,825.305,144.36,27.14,0.47665,5.768421053,0,14.30784142,0.408928112
2006,158,11,18.407,1912.335,787.615,987.335,169.53,27.97,0.41635,6.61,0,14.30784148,0.409748219
2006,158,12,19.0475,1739.26,711.745,895.685,155.705,28.535,0.3776,7.11,0,14.30784167,0.410568326
2006,158,13,26.504,1630.332,658.78,834.03,154.46,29.34,0.33275,8.02,0,14.30784148,0.411388433
2006,158,14,36.8535,1404.587,557.835,712.71,141.965,29.63,0.33195,8.405,0,14.30784151,0.41220854
2006,158,15,48.1085,1001.006,389.96,501.295,109.76,29.73,0.33095,8.795,0,14.30784142,0.413028647
2006,158,16,59.55,805.943,304.65,395.355,97.195,29.65,0.33795,9.455,0,14.30784142,0.413848755
2006,158,17,70.82,575.966,213.98,281.525,79.465,29.535,0.34035,9.045,0,14.3078413,0.414668862
2006,158,18,81.611,165.945,56.605,72.825,24.245,28.49,0.3643,7.615,0,14.3078414,0.415488969
2006,158,19,91.701,8.625,1.38,1.175,1.155,26.145,0.5016,5.695,0,14.33023513,0.416307744
2006,158,20,100.9505,0,0,0,0.145,24.115,0.5728,4.25,0,14.36633171,0.417123038
2006,158,21,108.4915,0,0,0,0,22.64,0.64,2.165,0,14.36734999,0.417936118
2006,158,22,113.932,0.023,0,0,0,21.32,0.6894,0.005,0,14.36751321,0.418749128
2006,158,23,116.711,0.138,0,0,0,20.245,0.7325,0.14,0,14.36768224,0.419562118
2006,159,0,116.4735,0.092,0,0,0,19.365,0.77545,1.215,0,14.36785942,0.420375088
2006,159,1,113.252,0.023,0,0,0.03,18.17,0.82215,2.115,0,14.36802709,0.421188037
2006,159,2,107.4505,0.184,0,0,0,17.865,0.83805,2.105,0,14.36817694,0.422000967
2006,159,3,99.639,0.23,0,0,0,17.3,0.8566,2.14,0,14.36830393,0.422813881
2006,159,4,90.168,22.586,7.205,8.265,3.105,16.54,0.8775,1.075,0,14.37567559,0.423626347
2006,159,5,79.9945,227.102,86.76,108.51,33.765,17.255,0.8568,1.195,0,14.37728357,0.424438277
2006,159,6,69.1025,586.868,227.645,292.54,78.135,19.995,0.7414,2.95,0,14.37610993,0.425250181
2006,159,7,57.7855,1005.031,394.48,508.11,118.705,22.625,0.6524,3.115,0,14.37608653,0.426062156
2006,159,8,46.3405,1329.515,530.45,678.89,141.715,24.47,0.5337,4.935,0,14.37608619,0.426874133
2006,159,9,35.1515,1544.013,626.185,794.93,152.825,25.755,0.43795,5.41,0,14.37608626,0.42768611
2006,159,10,25.045,1713.063,704.2,886.255,158.595,26.72,0.35535,5.875,0,14.3760865,0.428498087
2006,159,11,18.333,1883.102,782.16,979.675,163.8,27.385,0.3336,4.875,0,14.37608628,0.429310064
2006,159,12,18.948,1940.855,808.19,1008.99,165.93,28.265,0.3221,3.23,0,14.37608646,0.430122041
2006,159,13,26.407,1255.11,511.825,642.7,115.37,28.765,0.3193,3.895,0,14.3760862,0.430934019
2006,159,14,36.764,1175.99,470.4,593.745,116.435,29.215,0.31505,3.73,0,14.37608621,0.431745996
2006,159,15,48.023,910.524,356.15,451.46,97.57,29.68,0.2944,5.48,0,14.37608623,0.432557973
2006,159,16,59.464,825.24,323.245,416.085,98.595,30.05,0.2977,4.42,0,14.37608621,0.43336995
2006,159,17,70.732,341.987,130.8,166.7,42.665,29.655,0.3165,3.17,0,14.37608619,0.434181927
2006,159,18,81.521,104.673,40.86,50.985,14.2,28.885,0.3533,1.515,0,14.37608604,0.434993904
2006,159,19,91.613,7.613,1.645,1.715,0.38,27.44,0.40575,2.06,0,14.40123028,0.435804379
2006,159,20,100.8545,0.023,0,0,0,25.43,0.4707,2.19,0,14.42283099,0.436612059
2006,159,21,108.392,0.023,0,0,0,24,0.51925,2.485,0,14.42352912,0.437418405
2006,159,22,113.8355,0.023,0,0,0,23.025,0.5593,2.26,0,14.42368737,0.4382247
2006,159,23,116.6205,0.046,0,0,0,22.41,0.59315,1.775,0,14.42385375,0.439030975
2006,160,0,116.3935,0.046,0,0,0,21.04,0.659,3.924342105,0,14.42402625,0.43983723
2006,160,1,113.186,0.023,0,0,0,20.77,0.6769,3.924342105,0,14.42419198,0.440643465
2006,160,2,107.3985,0.069,0,0,0,20.36,0.69995,3.924342105,0,14.42434039,0.441449681
2006,160,3,99.599,0.069,0,0,0,20.04,0.7266,3.924342105,0,14.42446209,0.442255881
2006,160,4,90.142,14.191,5.265,5.27,1.595,19.3,0.75915,3.924342105,0,14.42543062,0.443062015
2006,160,5,79.9745,162.495,62.985,80.625,21.945,19.525,0.66545,6.073684211,0,14.42045454,0.44386839
2006,160,6,69.089,345.207,132.485,169.05,39.93,19.44,0.6595,5.315,0,14.41878939,0.444675162
2006,160,7,57.7745,505.839,194.58,246.545,53.595,19.84,0.6519,5.265,0,14.41875619,0.445482035
2006,160,8,46.3295,579.416,220.595,279.67,60.315,20.73,0.5826,5.715,0,14.4187557,0.446288911
2006,160,9,35.135,1090.798,428.49,544.23,111.13,21.55,0.5199,5.925,0,14.41875576,0.447095787
2006,160,10,25.0105,1598.454,637.49,810.895,152.555,22.96,0.4735,5.295,0,14.41875597,0.447902662
2006,160,11,18.263,1892.141,768.23,968.07,166.61,23.435,0.4588,5.67,0,14.41875584,0.448709538
2006,160,12,18.855,1737.512,711.62,888.655,150.96,24.53,0.41615,3.21,0,14.41875574,0.449516414
2006,160,13,26.316,1584.447,639.455,799.245,141,25.435,0.4116,1.842105263,0,14.41875582,0.450323289
2006,160,14,36.678,1418.962,563.44,708.375,133.005,25.985,0.3933,2.255,0,14.41875602,0.451130165
2006,160,15,47.938,895.275,351.54,441.605,90.135,25.905,0.391,3.41,0,14.41875572,0.451937041
2006,160,16,59.3795,732.55,282.51,356.62,80.255,25.535,0.40535,4.27,0,14.41875572,0.452743916
2006,160,17,70.6475,250.355,93.825,119.14,29.565,24.15,0.43555,5.915,0,14.41875561,0.453550792
2006,160,18,81.4345,124.637,42.02,51.55,13.795,22.485,0.46965,6.395,0,14.41875569,0.454357668
2006,160,19,91.528,7.383,0.93,0.905,1.335,19.79,0.5291,6.895,0,14.43886154,0.45516334
2006,160,20,100.763,0,0,0,0.395,18.045,0.5565,6.845,0,14.46243409,0.455966394
2006,160,21,108.2995,0,0,0,0.37,16.555,0.5919,7.02,0,14.463213,0.456767987
2006,160,22,113.744,0,0,0,0.09,15.53,0.62735,4.855,0,14.46337078,0.457569524
2006,160,23,116.535,0,0,0,0,14.93,0.57,4.755,0,14.46353482,0.458371042
2006,161,0,116.3205,0,0,0,0,14.98,0.56825,6.5,0.105833333,14.46370431,0.459172539
2006,161,1,113.1265,0,0,0,0.035,14.54,0.6195,6.015,0.105833333,14.46386754,0.459974017
2006,161,2,107.3525,0,0,0,0,14.72,0.64995,4.005,0.105833333,14.4640149,0.460775476
2006,161,3,99.565,0,0,0,0,14.655,0.7011,3.69,0.105833333,14.46413424,0.461576919
2006,161,4,90.1185,11.109,3.26,3.475,1.14,14.49,0.7289,5.675,0.105833333,14.46463109,0.462378325
2006,161,5,79.96,129.467,48.92,60.935,14.22,14.345,0.68535,5.065,0.105833333,14.4566495,0.463180181
2006,161,6,69.08,327.405,123.8,157.465,35.57,14.46,0.7199,1.733333333,0.105833333,14.45452659,0.463982642
2006,161,7,57.7675,420.394,157.745,200.835,43.985,14.4,0.7799,1.872222222,0.105833333,14.45448406,0.464785233
2006,161,8,46.3235,278.162,98.23,123.43,25.98,14.405,0.77275,1.889473684,0.105833333,14.45448343,0.465587827
2006,161,9,35.124,261.717,90.025,108.825,22.13,13.725,0.8777,4.022222222,0.105833333,14.45448351,0.466390422
2006,161,10,24.9825,266.501,91.725,112.73,23.695,14.07,0.9076,3.602222222,0.105833333,14.45448381,0.467193016
2006,161,11,18.203,887.915,333.785,421.895,85.225,15.015,0.8887,3.852222222,0.105833333,14.45448348,0.46799561
2006,161,12,18.769,850.287,324.055,409.13,83.035,16.08,0.85565,2.212222222,0.105833333,14.45448363,0.468798204
2006,161,13,26.229,539.396,201.355,252.695,51.085,16.14,0.85325,1.300292398,0.105833333,14.45448359,0.469600798
2006,161,14,36.5945,262.315,92.035,109.71,22.4,15.73,0.899,1.603333333,0.105833333,14.45448344,0.470403392
2006,161,15,47.8575,197.593,69.245,81.615,16.545,15.445,0.92525,3.026666667,0.105833333,14.45448344,0.471205986
2006,161,16,59.299,290.03,111.95,136.03,27.64,15.78,0.905,3.563333333,0.105833333,14.45448344,0.47200858
2006,161,17,70.5665,195.845,75.095,91.64,18.735,16.1,0.89015,5.598333333,0.105833333,14.45448337,0.472811174
2006,161,18,81.353,105.317,40.18,49.63,11.865,16.04,0.87705,5.86,0.105833333,14.45448339,0.473613768
2006,161,19,91.447,6.233,1.545,1.245,0.58,15.75,0.8861,5.798333333,0.105833333,14.47271316,0.474415268
2006,161,20,100.675,0.322,0,0,0.03,15.37,0.89395,5.731666667,0.105833333,14.49044897,0.475214609
2006,161,21,108.213,0.437,0,0,0.045,14.97,0.8883,5.686666667,0.105833333,14.49110803,0.476012844
2006,161,22,113.6595,0.437,0,0,0,14.73,0.90485,3.016388889,0.105833333,14.49128601,0.476811029
2006,161,23,116.458,0.391,0,0,0.005,14.63,0.92125,3.3375,0.105833333,14.49147405,0.477609191
2006,162,0,116.252,0.391,0,0,0.005,14.5,0.91855,4.08,0,14.49166683,0.478407331
2006,162,1,113.0715,0.345,0,0,0,14.43,0.9178,3.6125,0,14.49185254,0.479205449
2006,162,2,107.3105,0.506,0,0,0.165,13.995,0.9176,2.74,0,14.49202097,0.480003544
2006,162,3,99.537,0.437,0,0,0.035,13.315,0.88625,3.3825,0,14.49216199,0.480801622
2006,162,4,90.1025,2.438,0.06,0.03,0.27,13.225,0.8772,4.115,0,14.49228556,0.481599683
2006,162,5,79.95,48.116,16.84,18.22,4.275,13.205,0.90455,3.87,0,14.46942137,0.482399111
2006,162,6,69.0735,77.395,27.28,30.79,6.135,13.62,0.88305,1.911666667,0,14.45192257,0.483200962
2006,162,7,57.7665,165.002,59.135,70.57,13.6,13.69,0.88835,1.002777778,0,14.45156024,0.484003885
2006,162,8,46.322,172.27,58.58,68.42,12.335,14.33,0.89525,1.053070175,0,14.45155494,0.48480683
2006,162,9,35.115,212.359,71.75,85.165,15.475,14.75,0.9001,2.119444444,0,14.451555,0.485609776
2006,162,10,24.959,382.628,136.895,166.065,32.955,15.05,0.90565,1.909444444,0,14.45155485,0.486412721
2006,162,11,18.148,410.09,146.72,182.465,36.295,15.59,0.8826,2.034444444,0,14.45155487,0.487215666
2006,162,12,18.687,196.857,68.545,82.49,15.3,16.165,0.8634,1.214444444,0,14.45155491,0.488018612
2006,162,13,26.1475,383.295,140.28,172.815,34.835,16.52,0.8551,0.758479532,0,14.45155504,0.488821557
2006,162,14,36.5165,504.712,194.315,241.91,50.23,16.97,0.8384,0.951666667,0,14.45155497,0.489624502
2006,162,15,47.781,541.075,209.115,259.245,53.175,17.775,0.7974,2.643333333,0,14.45155487,0.490427448
2006,162,16,59.221,150.88,54.615,66.165,13.9,17.63,0.8086,2.856666667,0,14.45155488,0.491230393
2006,162,17,70.488,139.955,52.055,63.14,13.72,17.3,0.8292,5.281666667,0,14.45155485,0.492033339
2006,162,18,81.274,161.138,61.03,75.265,20.4,17.635,0.8005,5.325,0,14.45155468,0.492836284
2006,162,19,91.3705,5.842,1.3,1.11,0.475,17.12,0.82615,4.701666667,0,14.46348079,0.493638514
2006,162,20,100.594,0.253,0,0,0.235,16.485,0.82075,4.618333333,0,14.48642728,0.49443865
2006,162,21,108.13,0.115,0,0,0.22,15.24,0.78215,4.353333333,0,14.48728009,0.495237357
2006,162,22,113.581,0.23,0,0,0.36,14,0.83665,1.177777778,0,14.48744573,0.496036003
2006,162,23,116.3875,0.138,0,0,0.005,13.465,0.78855,1.92,0,14.48761927,0.496834628
2006,163,0,116.1925,0,0,0,0,13.305,0.76755,1.66,0,14.4877934,0.497633233
2006,163,1,113.024,0,0,0,0,13.3,0.7631,1.21,0,14.48795735,0.498431817
2006,163,2,107.277,0,0,0,0.005,13.145,0.76355,1.475,0,14.48810632,0.499230382
2006,163,3,99.515,0.23,0,0,0.185,12.445,0.74825,3.075,0,14.48823157,0.500028931
2006,163,4,90.0905,22.954,6.865,8,3.695,11.045,0.78035,2.555,0,14.49699806,0.500826946
2006,163,5,79.944,235.382,87.635,111.92,35.125,11.22,0.7793,2.675,0,14.50523251,0.501623938
2006,163,6,69.0735,607.085,230.38,299.16,79.42,12.835,0.7138,2.09,0,14.50414507,0.5024205
2006,163,7,57.7685,1004.64,389.645,504.85,117.65,14.78,0.6888,0.133333333,0,14.50412269,0.503217129
2006,163,8,46.324,1365.303,546.12,699.55,144.78,16.385,0.653,0.216666667,0,14.50412237,0.504013759
2006,163,9,35.1135,1547.555,632.405,801.66,150.385,18.445,0.59165,0.216666667,0,14.50412247,0.504810389
2006,163,10,24.9425,1866.335,776.4,976.15,169.525,20.155,0.52615,0.216666667,0,14.50412282,0.50560702
2006,163,11,18.1,1895.752,805.06,983.23,168.195,21.245,0.474,0.216666667,0,14.50412241,0.50640365
2006,163,12,18.614,1862.402,784.35,976.38,165.385,21.91,0.4383,0.216666667,0,14.50412252,0.50720028
2006,163,13,26.0675,1787.123,746.755,935.755,160.915,22.44,0.4157,0.216666667,0,14.50412286,0.507996911
2006,163,14,36.44,1579.571,643.125,804.285,151.92,23,0.4072,0.3,0,14.50412239,0.508793541
2006,163,15,47.7055,1310.724,520.775,664.24,137.87,23.17,0.3981,2.26,0,14.50412241,0.509590171
2006,163,16,59.1485,807.783,312.14,401.15,93.03,23.1,0.4164,2.15,0,14.50412239,0.510386802
2006,163,17,70.4115,421.59,161.74,206.88,52.095,22.52,0.44105,4.965,0,14.50412237,0.511183432
2006,163,18,81.1995,179.354,67.725,86.825,24.795,21.825,0.46475,4.79,0,14.50412226,0.511980062
2006,163,19,91.2575,11.132,3.04,3.485,1.555,20.17,0.52665,3.605,0,14.51312596,0.512776151
2006,163,20,100.515,0.046,0,0,0.34,18.27,0.5826,3.505,0,14.53899015,0.51357014
2006,163,21,108.055,0,0,0,0.2,16.695,0.63295,3.02,0,14.53997678,0.514362512
2006,163,22,113.508,0.023,0,0,0.07,15.235,0.69105,2.36,0,14.54013648,0.515154815
2006,163,23,116.3235,0,0,0,0,14.84,0.6849,1.335,0,14.54029959,0.515947098
2006,164,0,116.139,0,0,0,0.11,13,0.77495,2.45,0,14.54046834,0.516739361
2006,164,1,112.984,0.046,0,0,0.07,12.495,0.79915,2.365,0,14.54063393,0.517531604
2006,164,2,107.2485,0.23,0,0,0.13,11.745,0.84145,2.245,0,14.54078795,0.518323828
2006,164,3,99.4965,0.046,0,0,0.095,11.3,0.8579,1.725,0,14.54091663,0.519116035
2006,164,4,90.0825,24.955,8.3,9.86,3.94,10.8,0.8805,1.825,0,14.55487999,0.519907392
2006,164,5,79.9445,232.53,87.91,111.64,31.99,11.85,0.87895,1.36,0,14.56292895,0.520697421
2006,164,6,69.0785,615.434,234.005,302.025,78.91,14.27,0.77555,2.71,0,14.56189301,0.521487028
2006,164,7,57.7765,1018.969,394.63,509.51,118.045,16.35,0.68305,3.26,0,14.56187182,0.522276698
2006,164,8,46.332,1378.804,546.59,700.875,144.36,18.385,0.6101,3.125,0,14.56187153,0.523066369
2006,164,9,35.1165,1666.856,672.505,856.16,160.085,20.34,0.5405,3.405,0,14.56187161,0.52385604
2006,164,10,24.9315,1864.449,763.865,963.24,166.195,21.425,0.4912,3.9,0,14.56187194,0.524645712
2006,164,11,18.0605,1962.843,813.205,1016.56,164.85,22.41,0.46075,4.3,0,14.56187157,0.525435383
2006,164,12,18.543,1943.086,806.85,1004.89,161.76,23.46,0.4353,2.725,0,14.5618717,0.526225054
2006,164,13,25.994,1828.73,757.245,939.655,159.2,24.405,0.39405,2.91,0,14.56187211,0.527014726
2006,164,14,36.3685,1616.946,670.455,822.62,152.165,25.06,0.374,2.89,0,14.56187154,0.527804397
2006,164,15,47.635,1321.396,527.095,663.415,136.32,25.335,0.35015,1.995,0,14.56187156,0.528594068
2006,164,16,59.077,950.452,358.965,467.895,108.93,25.48,0.35115,2.19,0,14.56187154,0.52938374
2006,164,17,70.34,553.725,201.095,267.255,72.305,25.28,0.3583,3.51,0,14.56187152,0.530173411
2006,164,18,81.1285,198.651,71.66,92.42,30.24,24.64,0.3842,3.265,0,14.56187139,0.530963082
2006,164,19,91.1895,14.513,3.64,4.16,1.93,22.61,0.4426,2.46,0,14.56811941,0.531752377
2006,164,20,100.4435,0.115,0,0,0,20.775,0.50405,2.215,0,14.59502958,0.532539669
2006,164,21,107.9845,0,0,0,0,19.725,0.4831,2.43,0,14.59611556,0.533325269
2006,164,22,113.4435,0,0,0,0,18.685,0.5149,2.29,0,14.59627598,0.534110794
2006,164,23,116.2645,0,0,0,0,17.87,0.54285,1.91,0,14.59643775,0.534896299
2006,165,0,116.0915,0,0,0,0,17.375,0.5594,1.176923077,0,14.59660587,0.535681785
2006,165,1,112.9495,0,0,0,0,16.745,0.58655,1.063461538,0,14.59677042,0.53646725
2006,165,2,107.2265,0.023,0,0,0,16,0.61225,1.063461538,0,14.59691884,0.537252697
2006,165,3,99.487,0.069,0,0,0,15.85,0.6209,0.95,0,14.59704269,0.538038127
2006,165,4,90.0815,20.493,6.015,6.01,1.88,14.715,0.6831,1.633333333,0,14.60176991,0.538823264
2006,165,5,79.9485,225.86,87.195,107.52,32.745,14.975,0.7263,1.056666667,0,14.60657484,0.539607824
2006,165,6,69.0875,589.743,229.44,290.19,74.7,18.76,0.6032,1.056666667,0,14.6053801,0.540392166
2006,165,7,57.788,984.952,383.18,491.97,112.065,20.835,0.52045,0.48,0,14.60535577,0.541176582
2006,165,8,NA,1330.4235,523.905,664.895,139.47,22.085,0.533225,3.6775,0,14.60535542,0.541960999
2006,165,9,NA,1608.505,646.97,814.4125,155.565,23.605,0.484475,3.5975,0,14.6053555,0.542745416
2006,165,10,NA,1820.749,742.8975,928.72,165.1875,24.5725,0.448575,3.925,0,14.60535581,0.543529833
2006,165,11,NA,1920.1435,788.045,982.2875,166.9975,25.395,0.423875,4.32,0,14.60535547,0.544314251
2006,165,12,NA,1925.5025,789.91,981.8325,165.905,26.28,0.40505,3.59,0,14.60535562,0.545098668
2006,165,13,NA,1795.84,730.5175,905.9675,160.385,27.125,0.3778,3.5,0,14.6053556,0.545883085
2006,165,14,NA,1611.817,650.1325,804.4825,154.78,27.59,0.361275,3.4325,0,14.60535543,0.546667502
2006,165,15,NA,1178.267,462.3375,580.13,122.23,27.755,0.3499,3.1325,0,14.60535544,0.54745192
2006,165,16,NA,742.141,280.7125,358.505,83.66,27.595,0.36295,3.795,0,14.60535544,0.548236337
2006,165,17,NA,437.0575,160.3925,206.0375,54.0175,27.3025,0.3738,4.8225,0,14.60535537,0.549020754
2006,165,18,81.0605,80.385,23.085,29.07,5.985,25.44,0.4336,3.095,0,14.60535538,0.549805171
2006,165,19,91.1245,7.153,1.105,1.04,0.19,24.055,0.4928,2.695,0,14.61041512,0.550589283
2006,165,20,100.376,0,0,0,0,23.28,0.5241,2.61,0,14.61944777,0.551372541
2006,165,21,107.92,0,0,0,0,22.575,0.5689,2.54,0,14.61991416,0.552155225
2006,165,22,113.383,0,0,0,0,22.54,0.5422,2.845,0,14.62006411,0.552937871
2006,165,23,116.212,0,0,0,0,21.725,0.55595,2.915,0,14.6202259,0.553720499
2006,166,0,116.0525,0,0,0,0,20.17,0.6305,2.445,0,14.6203944,0.554503107
2006,166,1,112.922,0.023,0,0,0.005,19.11,0.6661,2.685,0,14.62055859,0.555285694
2006,166,2,107.211,0.046,0,0,0,19.12,0.65755,2.525,0,14.62070826,0.556068262
2006,166,3,99.482,0.115,0,0,0,18.555,0.70015,2.895,0,14.62083324,0.556850814
2006,166,4,90.0835,23.483,9.02,8.92,3.54,18.04,0.7432,2.66,0,14.63063255,0.557632765
2006,166,5,79.957,237.475,89.92,107.885,32.305,18.845,0.73535,2.01,0,14.63546725,0.55841383
2006,166,6,69.1,541.282,205.21,254.32,67.07,21.155,0.6577,2.33,0,14.63435835,0.559194669
2006,166,7,57.804,1020.326,393.34,493.405,117.535,23.975,0.5403,3.7,0,14.63433597,0.559975577
2006,166,8,46.3585,1282.043,501.22,628.915,134.58,25.785,0.45635,4.23,0,14.63433566,0.560756486
2006,166,9,35.136,1550.154,621.435,772.665,151.045,26.87,0.42845,3.79,0,14.63433575,0.561537395
2006,166,10,24.927,1777.049,721.93,894.2,164.18,27.72,0.40595,3.95,0,14.6343361,0.562318304
2006,166,11,17.9985,1877.444,762.885,948.015,169.145,28.38,0.387,4.34,0,14.63433569,0.563099214
2006,166,12,18.4245,1907.919,772.97,958.775,170.05,29.1,0.3748,4.455,0,14.6343358,0.563880123
2006,166,13,25.8615,1762.95,703.79,872.28,161.57,29.845,0.36155,4.09,0,14.63433614,0.564661032
2006,166,14,36.236,1606.688,629.81,786.345,157.395,30.12,0.34855,3.975,0,14.63433567,0.565441941
2006,166,15,47.504,1035.138,397.58,496.845,108.14,30.175,0.34965,4.27,0,14.63433569,0.56622285
2006,166,16,58.9465,533.83,202.46,249.115,58.39,29.71,0.37475,5.4,0,14.63433567,0.567003759
2006,166,17,70.2095,320.39,119.69,144.82,35.73,29.325,0.3893,6.135,0,14.63433565,0.567784668
2006,166,18,80.9975,161.207,58.905,69.32,19.92,28.56,0.43145,5.38,0,14.63433553,0.568565577
2006,166,19,91.0655,9.706,2.285,1.415,0.67,26.86,0.49515,2.865,0,14.63923312,0.56934619
2006,166,20,100.314,0,0,0,0.04,25.145,0.5478,3.375,0,14.6574634,0.570125401
2006,166,21,107.8605,0,0,0,0,23.485,0.62745,3.965,0,14.65831901,0.570903455
2006,166,22,113.33,0,0,0,0,23.23,0.6449,4.66,0,14.65847511,0.571681448
2006,166,23,116.169,0,0,0,0.005,22.51,0.677,4.305,0,14.65863622,0.572459421
2006,167,0,116.0185,0,0,0,0.005,21.66,0.71415,3.975,0,14.65880451,0.573237375
2006,167,1,112.9015,0,0,0,0,21.75,0.71175,4.11,0,14.65896813,0.574015308
2006,167,2,107.202,0.023,0,0,0,21.875,0.69865,4.13,0,14.65911632,0.574793222
2006,167,3,99.4825,0.023,0,0,0.09,21.015,0.7355,3.535,0,14.65923879,0.57557112
2006,167,4,90.093,7.337,2.175,1.26,0.63,20.35,0.76775,3.005,0,14.65949242,0.576348995
2006,167,5,79.9705,82.041,31.005,35.19,8.77,20.82,0.75555,3.225,0,14.64741855,0.577127587
2006,167,6,69.118,298.816,115.53,138.75,31.32,21.95,0.71595,4.035,0,14.64332219,0.577907159
2006,167,7,57.824,829.932,316.435,396.215,92.495,23.76,0.659,5.26,0,14.64323858,0.578686985
2006,167,8,46.378,1354.93,529.65,667.335,146.085,25.925,0.58705,5.875,0,14.64323737,0.579466815
2006,167,9,35.151,1533.732,607.935,761.62,155.695,27.29,0.52765,6.49,0,14.64323742,0.580246646
2006,167,10,24.932,1632.034,654.805,818.77,160.93,28.575,0.46875,6.52,0,14.64323735,0.581026476
2006,167,11,17.9775,1790.113,721.72,903.565,172.035,29.435,0.44305,6.535,0,14.64323738,0.581806307
2006,167,12,18.376,1815.298,730.075,911.755,171.01,30.26,0.4278,5.95,0,14.64323749,0.582586137
2006,167,13,25.8015,1750.852,694.15,869.745,169.515,30.6,0.41325,6.385,0,14.64323784,0.583365968
2006,167,14,36.175,1571.268,613.585,770.105,159.37,31.115,0.40625,6.335,0,14.64323736,0.584145799
2006,167,15,47.444,1206.534,460.925,580.14,129.56,31.045,0.3945,7.105,0,14.64323738,0.584925629
2006,167,16,58.8865,953.35,356.43,450.245,111.15,30.99,0.39815,7.51,0,14.64323737,0.58570546
2006,167,17,70.1495,550.482,199.91,250.62,71.575,30.58,0.38915,7.9,0,14.64323734,0.58648529
2006,167,18,80.938,195.132,68.905,81.75,27.585,29.63,0.42495,6.105,0,14.64323723,0.587265121
2006,167,19,91.0095,15.387,4.19,3.025,1.76,28.305,0.473,6.105,0,14.64660597,0.588044747
2006,167,20,100.257,0.023,0,0,0.095,26.355,0.5349,4.865,0,14.66842782,0.588822847
2006,167,21,107.8075,0,0,0,0.005,25.73,0.5197,5.1,0,14.66947481,0.589599559
2006,167,22,113.285,0,0,0,0.1,23.835,0.56465,3.785,0,14.66963364,0.590376198
2006,167,23,116.1305,0,0,0,0,22.805,0.59735,2.915,0,14.66979451,0.591152818
2006,168,0,115.993,0,0,0,0,21.32,0.6633,3.31,0,14.66996241,0.591929418
2006,168,1,112.8875,0,0,0,0,20.345,0.7082,2.775,0,14.67012613,0.592705997
2006,168,2,107.198,0,0,0,0,19.505,0.7501,3.19,0,14.67027421,0.593482558
2006,168,3,99.4875,0.046,0,0,0,19.01,0.7832,3.12,0,14.67039822,0.594259102
2006,168,4,90.1035,20.309,7.185,5.65,2.465,18.985,0.78885,4.065,0,14.6749719,0.595035362
2006,168,5,79.9885,271.262,100.845,120.69,36.565,20.65,0.71815,5.25,0,14.67993844,0.595811042
2006,168,6,69.1395,596.091,223.32,280.055,77.215,23.32,0.6221,5.555,0,14.67878841,0.59658649
2006,168,7,57.8475,934.421,355.785,450.34,108.495,25.04,0.5819,6.015,0,14.67876498,0.59736201
2006,168,8,46.403,1322.454,517.645,651.1,140.205,27.175,0.5515,5.83,0,14.67876465,0.598137532
2006,168,9,35.173,1626.629,649.21,812.64,163.76,28.685,0.4937,6.155,0,14.67876474,0.598913053
2006,168,10,24.9435,1369.006,537.36,669.92,136.425,29.23,0.4539,6.59,0,14.67876509,0.599688574
2006,168,11,17.964,1585.16,628.565,786.125,153.425,29.61,0.46095,6.51,0,14.67876469,0.600464095
2006,168,12,18.331,1903.296,756.88,946.135,175.14,30.575,0.44665,7.28,0,14.67876481,0.601239617
2006,168,13,25.7465,1791.148,701.565,878.345,166.095,31.67,0.39485,8.24,0,14.67876517,0.602015138
2006,168,14,36.1185,1652.32,629.315,795.135,160.74,31.83,0.3816,9.505,0,14.67876467,0.602790659
2006,168,15,47.386,1325.536,493.725,625.53,136.945,31.85,0.41055,9.305,0,14.67876469,0.603566181
2006,168,16,58.8285,479.55,172.46,218.255,54.34,29.855,0.51895,10.925,0,14.67876467,0.604341702
2006,168,17,70.0925,163.53,56.125,71.46,19.06,23.235,0.86975,8.835,0,14.67876465,0.605117223
2006,168,18,80.8845,110.952,42.755,50.715,13.71,23.87,0.8411,4.935,0,14.67876451,0.605892744
2006,168,19,90.9585,5.911,1.63,0.62,0.435,24.325,0.7786,4.77,0,14.67848389,0.606668283
2006,168,20,100.2055,0.023,0,0,0,24.8,0.72355,6.205,0,14.68839466,0.607443236
2006,168,21,107.76,0,0,0,0.11,24.26,0.77235,6.66,0,14.68897625,0.608217553
2006,168,22,113.2445,0.023,0,0,0.02,23.72,0.7809,6.655,0,14.68912749,0.608991825
2006,168,23,116.1005,0,0,0,0.045,23.3,0.76475,7.435,0,14.6892889,0.609766078
2006,169,0,115.9735,0,0,0,0.16,22.795,0.80825,7.41,0.116416667,14.68945665,0.610540312
2006,169,1,112.8785,0.207,0,0,0.405,21.705,0.90115,6.49,0.116416667,14.68962522,0.611314524
2006,169,2,107.201,0.46,0,0,0.06,21.12,0.9508,5.515,0.116416667,14.68978884,0.612088717
2006,169,3,99.4985,0.46,0,0,0.12,21.46,0.93295,5.74,0.116416667,14.6899318,0.612862891
2006,169,4,90.1195,14.421,4.615,3.42,1.6,21.04,0.94915,5.02,0.116416667,14.69108596,0.613636986
2006,169,5,80.0115,90.666,34.885,38.5,8.655,21.14,0.93265,4.915,0.116416667,14.68989788,0.614411083
2006,169,6,69.1675,138.046,51.005,59.58,13.665,21.43,0.93045,5.275,0.116416667,14.68731239,0.61518541
2006,169,7,57.8755,214.636,75.285,87.945,18.415,21.195,0.95985,4.745,0.116416667,14.68725951,0.615959896
2006,169,8,46.432,256.818,90.685,107.355,22,21.035,0.9762,4.13,0.116416667,14.68725872,0.616734386
2006,169,9,35.2,405.766,151.27,180.8,37.785,21.625,0.9325,5.305,0.116416667,14.68725879,0.617508876
2006,169,10,24.9605,656.167,253.645,306.375,63.325,22.53,0.86945,5.005,0.116416667,14.68725907,0.618283366
2006,169,11,17.957,1681.277,680.205,836.29,160.32,24.1,0.79565,3.62,0.116416667,14.68725879,0.619057856
2006,169,12,18.294,1757.844,711.935,883.865,166.745,25.445,0.69225,3.26,0.116416667,14.68725897,0.619832346
2006,169,13,25.6965,771.443,296.055,361.535,73.235,25.7,0.662,2.27,0.116416667,14.68725881,0.620606836
2006,169,14,36.065,479.573,176.465,222.4,46.98,23.41,0.837,2.755,0.116416667,14.68725877,0.621381326
2006,169,15,47.3335,127.259,43.6,48.195,10.415,22.985,0.81145,1.945,0.116416667,14.68725873,0.622155816
2006,169,16,58.776,239.407,85.285,106.32,25.965,22.01,0.88895,2.25,0.116416667,14.68725873,0.622930306
2006,169,17,70.04,582.406,224.56,281.56,71.64,23.355,0.8143,1.42,0.116416667,14.68725871,0.623704796
2006,169,18,80.8335,146.027,52.635,61.545,16.775,23.215,0.8244,1.16,0.116416667,14.6872585,0.624479286
2006,169,19,90.9125,18.101,7.065,7.67,3.655,22.055,0.9199,2.515,0.116416667,14.69052709,0.625253577
2006,169,20,100.159,0.46,0,0,0.13,20.805,0.9661,2.09,0.116416667,14.7101642,0.626026477
2006,169,21,107.7195,0.437,0,0,0,20.155,0.97885,0.88,0.116416667,14.71118544,0.626798122
2006,169,22,113.209,0.46,0,0,0,19.655,0.98305,1.2,0.116416667,14.71136593,0.627569693
2006,169,23,116.0765,0.552,0,0,0.01,19.235,0.98505,1.755,0.116416667,14.71155519,0.628341243
2006,170,0,115.9605,0.667,0,0,0.005,18.56,0.993842105,2.02,0,14.71175932,0.629112768
2006,170,1,112.8775,0.92,0,0,0.04,17.805,0.992706767,2.365,0,14.71197122,0.629884268
2006,170,2,107.2095,0.92,0,0,0,17.74,0.992706767,2.37,0,14.71217265,0.630655743
2006,170,3,99.5155,0.943,0,0,0.02,17.72,0.992706767,2.135,0,14.7123404,0.631427195
2006,170,4,90.1415,23.667,5.395,6.885,3.855,17.8,0.992706767,2.125,0,14.7234848,0.632197959
2006,170,5,80.037,234.6,78.39,100.095,29.29,18.845,0.991571429,2.125,0,14.72991687,0.632967655
2006,170,6,69.1975,593.883,229.29,273.935,66,20.99,0.94675,3.125,0,14.72882724,0.633737026
2006,170,7,57.9075,920.621,363.15,444.495,96.485,22.865,0.8789,4.53,0,14.72880509,0.634506464
2006,170,8,46.4635,1078.631,435.765,533.75,107.58,24.55,0.81775,4.97,0,14.72880478,0.635275903
2006,170,9,35.229,1009.861,408.085,501.685,98.235,24.925,0.7888,5.765,0,14.72880486,0.636045343
2006,170,10,24.9805,1758.741,730.79,900.4,156.525,26.395,0.6506,5.06,0,14.72880519,0.636814783
2006,170,11,17.9565,1924.226,800.95,995.925,170.215,28.105,0.481,6.39,0,14.72880482,0.637584222
2006,170,12,18.263,1929.401,787.555,997.105,186.665,29.105,0.40695,8.17,0,14.72880495,0.638353662
2006,170,13,25.651,1825.97,733.285,927.785,181.45,29.625,0.3989,7.935,0,14.72880534,0.639123101
2006,170,14,36.017,755.412,292.77,368.155,77.945,29.33,0.4065,7.15,0,14.72880479,0.639892541
2006,170,15,47.284,1237.975,476.245,604.655,136.92,28.81,0.46685,7.165,0,14.72880481,0.640661981
2006,170,16,58.7265,971.129,363.195,462.425,113.715,28.935,0.4479,4.91,0,14.72880479,0.64143142
2006,170,17,69.9915,580.773,209.52,265.38,76.465,29.465,0.43965,6.89,0,14.72880477,0.64220086
2006,170,18,80.7865,211.669,73.58,90.195,31.19,28.19,0.5213,4.25,0,14.72880462,0.642970299
2006,170,19,90.87,18.147,5.77,5.77,2.78,26.145,0.61935,2.985,0,14.7298534,0.643739675
2006,170,20,100.1175,0,0,0,0.055,24.83,0.67395,3.11,0,14.74934266,0.644507801
2006,170,21,107.682,0,0,0,0,23.085,0.68905,2.7,0,14.75044239,0.645274674
2006,170,22,113.181,0,0,0,0,22.6,0.6275,1.67,0,14.75060152,0.64604147
2006,170,23,116.059,0.023,0,0,0,22.13,0.6367,1.155,0,14.75076197,0.646808246
2006,171,0,115.955,0.092,0,0,0,21.515,0.65095,1.67,0,14.75093176,0.647575003
2006,171,1,112.882,0.299,0,0,0,20.075,0.72095,2.13,0,14.75110535,0.648341738
2006,171,2,107.225,0.345,0,0,0,19.05,0.75335,1.13,0,14.75127025,0.649108453
2006,171,3,99.537,0.46,0,0,0,19.26,0.7215,0.975,0,14.75141012,0.649875149
2006,171,4,90.167,24.633,8.41,7.11,2.475,18.795,0.74295,1.385,0,14.7649291,0.650641014
2006,171,5,80.0685,246.238,91.8,102.665,28.77,19.005,0.76465,1.21,0,14.77067767,0.651405704
2006,171,6,69.2305,585.833,233.12,280.085,69.91,21.52,0.7415,0.96,0,14.76961766,0.652170109
2006,171,7,57.944,984.791,390.835,486.57,110.5,23.6,0.62275,2.04,0,14.76959624,0.65293458
2006,171,8,46.499,1111.728,445.21,557.99,119.59,24.845,0.52965,2.005,0,14.76959595,0.653699052
2006,171,9,35.263,1246.14,505.32,630.865,130.31,25.655,0.50005,1.845,0,14.76959604,0.654463524
2006,171,10,25.0075,1520.875,616.695,772.58,155.335,26.35,0.49235,2.24,0,14.76959642,0.655227996
2006,171,11,17.963,1735.603,700.795,880.115,169.3,27.24,0.467,2.455,0,14.76959598,0.655992468
2006,171,12,18.239,1495.943,599.035,746.49,149.69,28.245,0.44965,2.015,0,14.76959607,0.65675694
2006,171,13,25.61,1256.881,490.305,615.085,127.495,28.12,0.4836,3.785,0,14.76959638,0.657521412
2006,171,14,35.971,1295.268,514.055,637.455,132.75,29.035,0.4766,2.19,0,14.76959596,0.658285884
2006,171,15,47.237,1155.428,451.11,561.405,121.845,29.45,0.4789,2.12,0,14.76959598,0.659050356
2006,171,16,58.6795,611.271,235.62,289.04,66.285,28.76,0.51225,4.05,0,14.76959596,0.659814828
2006,171,17,69.948,264.891,103.725,126.13,32.515,28.055,0.57755,5.98,0,14.76959594,0.6605793
2006,171,18,80.743,87.009,32.495,36.155,9.96,27.485,0.6547,3.62,0,14.76959586,0.661343772
2006,171,19,90.832,10.856,3.63,3.385,1.35,26.085,0.72515,3.04,0,14.76655497,0.66210843
2006,171,20,100.0825,0,0,0,0.005,24.83,0.7658,3.815,0,14.77383888,0.662872828
2006,171,21,107.6535,0,0,0,0.015,24.255,0.7788,4.805,0,14.77436993,0.663636751
2006,171,22,113.1615,0,0,0,0.005,24.01,0.81655,4.575,0,14.77451898,0.664400632
2006,171,23,116.0475,0,0,0,0.025,23.745,0.8425,4.16,0,14.77467879,0.665164494
2006,172,0,115.9545,0,0,0,0,23.65,0.83585,4.43,0,14.77484587,0.665928336
2006,172,1,112.894,0.023,0,0,0,23.61,0.8677,3.91,0,14.77500913,0.666692158
2006,172,2,107.245,0.046,0,0,0,23.605,0.90145,3.385,0,14.77515955,0.667486022
2006,172,3,99.5655,0.276,0,0,0.075,23.095,0.9397,4.165,0,14.77528784,0.668298019
2006,172,4,90.198,17.25,6.6,5.975,2.25,23.355,0.93305,5.38,0,14.77748374,0.669104137
2006,172,5,80.105,90.666,36.235,40.13,10.66,24.09,0.8905,5.97,0,14.77853452,0.66993338
2006,172,6,69.269,347.737,136.98,167.115,39.685,24.99,0.8456,5.275,0,14.77623088,0.67079876
2006,172,7,57.9835,536.659,209.23,259.04,59.545,26.23,0.79345,5.01,0,14.77618432,0.671707263
2006,172,8,46.539,1018.831,400.665,507.315,115.61,27.84,0.70795,7.135,0,14.77618363,0.672664732
2006,172,9,35.3015,1229.442,482.795,616.51,135.27,28.895,0.6585,7.505,0,14.7761837,0.673658473
2006,172,10,25.04,1545.531,608.02,781.39,165.325,29.88,0.60645,8.715,0,14.77618394,0.674672231
2006,172,11,17.9765,1816.908,717.13,924.56,188.71,30.7,0.57835,8.71,0,14.77618372,0.675697727
2006,172,12,18.2205,1895.2,747.285,961.745,196.935,31.61,0.5143,9.005,0,14.7761839,0.676728569
2006,172,13,25.576,1553.374,608.9,778.785,166.76,32.515,0.4445,8.94,0,14.77618364,0.677758549
2006,172,14,35.9305,1454.75,560.97,719.625,159.39,32.4,0.4648,8.795,0,14.77618365,0.678786245
2006,172,15,47.195,1192.389,452.5,581.28,136.035,32.4,0.47015,8.625,0,14.77618367,0.679814407
2006,172,16,58.6385,818.041,307.905,392.985,99.285,32.11,0.47125,8.485,0,14.77618365,0.68084357
2006,172,17,69.907,472.029,175.705,221.945,62.66,31.71,0.4865,7.79,0,14.77618362,0.681874418
2006,172,18,80.7065,137.425,50.015,58.99,19.04,30.52,0.53905,5.835,0,14.77618358,0.682904943
2006,172,19,90.761,15.686,4.975,4.16,2.46,29.145,0.5997,4.54,0,14.77600665,0.683924904
2006,172,20,100.0525,0.069,0,0,0.05,27.41,0.6826,4.005,0,14.78860152,0.684916059
2006,172,21,107.631,0.023,0,0,0.005,26.37,0.74285,3.83,0,14.78945968,0.685869348
2006,172,22,113.146,0,0,0,0.035,25.665,0.79455,4.2,0,14.78961479,0.686793175
2006,172,23,116.044,0.046,0,0,0.02,24.785,0.8268,3.34,0,14.78977529,0.687686831
2006,173,0,115.963,0,0,0,0,24.555,0.8453,3.82,0,14.78994388,0.688557855
2006,173,1,112.912,0,0,0,0,24.45,0.86715,3.57,0,14.79010737,0.689421764
2006,173,2,107.2725,0.023,0,0,0.01,24.04,0.89695,2.805,0,14.79025594,0.690274483
2006,173,3,99.598,0.276,0,0,0,23.915,0.9108,2.61,0,14.79038366,0.691115358
2006,173,4,90.232,10.212,3.29,2.57,1.16,23.19,0.9367,1.64,0,14.79084619,0.691936774
2006,173,5,80.1455,179.768,68.015,80.175,22.81,23.54,0.9264,1.435,0,14.78713895,0.692749495
2006,173,6,69.312,522.836,201.695,250.825,68.43,24.945,0.8699,2.285,0,14.78544365,0.693601816
2006,173,7,58.027,789.751,305.635,386.265,95.64,26.535,0.7991,4.275,0,14.78540937,0.694515031
2006,173,8,46.5835,711.735,276.125,349.505,83.665,27.43,0.7424,6.105,0,14.78540886,0.695471285
2006,173,9,35.343,1250.234,485.2,621.63,140.9,24.725,0.66515,9.21,0,14.78540891,0.69639587
2006,173,10,25.076,1484.328,586.085,747.43,160.005,25.18,0.6616,5.63,0,14.78540912,0.697278618
2006,173,11,17.995,1880.986,748.55,959.705,193.075,25.89,0.6049,3.975,0,14.785409,0.698184452
2006,173,12,18.209,1842.461,742.36,947.425,191.265,27.785,0.5541,2.77,0,14.78540889,0.69913551
2006,173,13,25.5465,1630.907,662.865,844.11,174.51,28.89,0.5724,2.405,0,14.78540895,0.700128532
2006,173,14,35.894,1558.342,620.39,792.65,174.185,29.5,0.5154,3.405,0,14.78540911,0.701139227
2006,173,15,47.157,1109.29,421.325,541.015,127.185,28.56,0.53195,5.555,0,14.78540888,0.702146799
2006,173,16,58.6,645.219,244.755,309.45,76.26,27.585,0.5528,5.845,0,14.78540888,0.703133545
2006,173,17,69.8715,240.143,90.875,111.155,27.43,26.955,0.54795,4.96,0,14.78540871,0.704098613
2006,173,18,80.672,33.672,11.34,10.905,3.67,26.375,0.55935,3.585,0,14.78353597,0.705044816
2006,173,19,90.734,4.393,1.025,0.485,0.575,25.525,0.5728,3.17,0,14.73684883,0.705966147
2006,173,20,100.0265,0,0,0,0,24.48,0.61565,2.61,0,14.73770252,0.706850782
2006,173,21,107.6145,0,0,0,0,23.61,0.65745,1.585,0,14.73785556,0.707694563
2006,173,22,113.139,0,0,0,0.065,22.665,0.7239,2.68,0,14.73799947,0.708496409
2006,173,23,116.047,0,0,0,0,22.535,0.73735,2.975,0,14.73816044,0.709272278
2006,174,0,115.9775,0,0,0,0.05,22.36,0.7581,2.35,0,14.73832853,0.710040589
2006,174,1,112.937,0,0,0,0,21.765,0.8026,1.545,0,14.73849205,0.710789508
2006,174,2,107.303,0.023,0,0,0,22,0.7949,0.86,0,14.73864006,0.711529279
2006,174,3,99.634,0,0,0,0.055,21.785,0.82075,1.31,0,14.73876329,0.712269562
2006,174,4,90.3105,3.703,0.655,0.105,0.485,21.285,0.87325,1.465,0,14.73890375,0.712991371
2006,174,5,80.1895,64.101,24.02,27.065,7.345,20.93,0.9163,1.87,0,14.71822469,0.713690755
2006,174,6,69.3575,268.088,100.71,123,29.705,21.5,0.8986,2.395,0,14.71039046,0.714395799
2006,174,7,58.0735,934.881,358.53,458.085,115.005,23.105,0.8248,3.34,0,14.7102318,0.715156583
2006,174,8,46.63,1298.994,507.32,653.285,149.445,24.82,0.68545,3.395,0,14.7102295,0.71599634
2006,174,9,35.389,1495.23,641.5,829.395,178.645,26.475,0.49975,2.46,0,14.71022949,0.716906033
2006,174,10,25.1185,1571.797,639.425,824.22,174.955,27.135,0.4577,2.42,0,14.71022946,0.71785676
2006,174,11,18.021,1461.949,666.32,857.1,178.11,27.78,0.4326,2.445,0,14.71022948,0.718827259
2006,174,12,18.205,1431.566,598.54,768.865,163.075,28.155,0.42905,2.5,0,14.71022952,0.719811576
2006,174,13,25.5195,761.392,297.625,377.775,86.51,28.045,0.4412,3.09,0,14.71022965,0.720799243
2006,174,14,35.863,1027.525,409.965,524.7,123,27.995,0.4719,3.81,0,14.71022957,0.721784922
2006,174,15,47.124,350.957,136.94,170.875,41.725,27.395,0.4914,3.9,0,14.71022948,0.722762029
2006,174,16,58.5675,438.173,170.745,213.11,52.23,27.35,0.49765,3.93,0,14.71022948,0.723730187
2006,174,17,69.839,241.546,93.45,115.81,30.38,26.905,0.5282,4.365,0,14.71022944,0.724691036
2006,174,18,80.644,97.129,38.67,46.95,14.035,26.17,0.5683,4.965,0,14.7102291,0.725632965
2006,174,19,90.709,13.202,4.29,4.265,2.62,24.65,0.61755,6.27,0,14.71242075,0.726533621
2006,174,20,100.009,0,0,0,0.315,23.245,0.6434,6,0,14.72343348,0.727372852
2006,174,21,107.603,0,0,0,0.22,22.27,0.6937,5.25,0,14.72408916,0.728156342
2006,174,22,113.136,0,0,0,0.245,20.99,0.64955,4.215,0,14.72424076,0.728882952
2006,174,23,116.0565,0,0,0,0.18,19.505,0.63,3.285,0,14.72440106,0.729536026
2006,175,0,115.998,0,0,0,0.005,18.795,0.44145,3.81,0,14.72456855,0.730128744
2006,175,1,112.9675,0,0,0,0,18.17,0.4777,3.53,0,14.7247319,0.730684149
2006,175,2,107.342,0,0,0,0.02,17.175,0.5863,2.55,0,14.72488046,0.731194009
2006,175,3,99.68,0,0,0,0.06,16.265,0.68715,3.14,0,14.72500338,0.731650343
2006,175,4,90.353,11.891,4.04,3.495,1.53,16.17,0.69895,3,0,14.7256327,0.732078577
2006,175,5,80.2375,87.952,34.68,40.93,11.465,16.84,0.6543,3.6,0,14.72076456,0.732522868
2006,175,6,69.4075,206.494,80.535,99.68,26.895,17.91,0.56455,4.43,0,14.71774278,0.73301599
2006,175,7,58.1245,489.946,192.7,244.655,62.19,19.735,0.5402,2.655,0,14.71768098,0.733590359
2006,175,8,46.681,492.292,195.86,247.31,60.74,21.22,0.56845,2.06,0,14.71768024,0.734255894
2006,175,9,35.4395,781.586,313.52,396.31,93.555,23.015,0.59035,2.52,0,14.71768009,0.735007296
2006,175,10,25.1665,1057.632,424.16,544.61,128.24,24.44,0.5633,3.345,0,14.71768006,0.735836549
2006,175,11,18.0525,1487.502,606.625,783.075,174.95,25.65,0.51965,2.98,0,14.71768007,0.736722846
2006,175,12,18.205,1371.72,579.205,743.64,166.165,26.555,0.45985,2.36,0,14.71768009,0.737649659
2006,175,13,25.5005,1721.596,720.72,921.225,199.37,27.32,0.37575,2.575,0,14.71768015,0.738604557
2006,175,14,35.835,1495.529,608.26,774.735,173.865,27.84,0.3263,2.225,0,14.71768031,0.739578534
2006,175,15,47.0945,1375.193,556.23,708.735,170.365,28.51,0.3101,1.8,0,14.71768009,0.740567917
2006,175,16,58.538,1022.534,407.205,518.505,134.585,28.305,0.31755,2.06,0,14.71768008,0.741562854
2006,175,17,69.812,557.98,211.31,266.105,78.2,27.82,0.36185,1.83,0,14.71767991,0.742549536
2006,175,18,80.6195,205.574,75.45,91.225,32.645,26.365,0.45605,2.455,0,14.71768007,0.743508876
2006,175,19,90.6905,15.41,4.17,3.42,1.45,25.14,0.49625,3.045,0,14.71831421,0.74442276
2006,175,20,99.9955,0.023,0,0,0,23.46,0.54385,2.255,0,14.73516684,0.745277459
2006,175,21,107.598,0,0,0,0,21.985,0.5743,1.845,0,14.73618091,0.746059088
2006,175,22,113.141,0,0,0,0,20.355,0.6212,2.36,0,14.73633841,0.746761563
2006,175,23,116.0735,0,0,0,0,19.725,0.6291,2.58,0,14.73649833,0.747403429
2006,176,0,116.025,0.023,0,0,0,18.86,0.6456,2.31,0.243416667,14.73666604,0.748004062
2006,176,1,113.0035,0,0,0,0,18.765,0.63005,1.76,0.243416667,14.73683008,0.748577963
2006,176,2,107.3865,0.115,0,0,0,18.455,0.6394,1.23,0.243416667,14.73698155,0.749140523
2006,176,3,99.729,0.207,0,0,0,17.21,0.7041,1.46,0.243416667,14.73711122,0.749659385
2006,176,4,90.4015,16.422,5.935,5.58,1.825,16.985,0.7227,0.875,0.243416667,14.73893501,0.750136891
2006,176,5,80.29,235.244,91.285,109.425,34.705,17.03,0.77035,1.31,0.243416667,14.74209374,0.750609339
2006,176,6,69.462,566.375,222.775,275.37,76.685,20.53,0.6843,0.735,0.243416667,14.74080633,0.751181099
2006,176,7,58.1785,846.676,328.92,417.115,102.66,21.79,0.6647,2.04,0.243416667,14.74078004,0.751883136
2006,176,8,46.734,1241.701,490.58,627.545,146.28,24.035,0.61235,2.375,0.243416667,14.74077966,0.752673647
2006,176,9,35.493,1486.352,588.505,754.885,165.12,25.36,0.57315,2.36,0.243416667,14.74077976,0.753545539
2006,176,10,25.217,1716.674,691.59,885.71,188.375,27.205,0.44845,1.645,0.243416667,14.74078012,0.754478155
2006,176,11,18.0925,1283.952,508.955,650.48,141.155,27.42,0.4155,2.045,0.243416667,14.74077969,0.755444555
2006,176,12,18.2135,674.337,260.52,329.245,77.49,26.455,0.49265,3.81,0.243416667,14.7407798,0.756399374
2006,176,13,25.4855,1392.236,551.38,695.97,152.245,27.08,0.47885,2.64,0.243416667,14.74078013,0.757348904
2006,176,14,35.812,859.855,344.805,440.655,102.17,27.075,0.49715,3.05,0.243416667,14.74077968,0.758308275
2006,176,15,47.0675,269.169,107.54,141.465,35.96,22.685,0.65025,6.585,0.243416667,14.7407797,0.759184701
2006,176,16,58.5125,211.37,83.96,98.76,20.715,21.84,0.71305,4.14,0.243416667,14.74077968,0.759943683
2006,176,17,69.787,268.249,102.295,131.135,32.35,19.605,0.8164,5.295,0.243416667,14.74077966,0.760622196
2006,176,18,80.5995,104.144,41.16,48.265,12.97,20.14,0.86295,3.315,0.243416667,14.74077956,0.761254888
2006,176,19,90.678,11.155,4.36,4.425,2.09,18.95,0.8743,3.39,0.243416667,14.73903559,0.761869483
2006,176,20,99.9885,0.023,0,0,0.095,19.05,0.85865,3.575,0.243416667,14.74806082,0.762453858
2006,176,21,107.5995,0,0,0,0.035,19.2,0.8579,2.775,0.243416667,14.74868724,0.763045201
2006,176,22,113.155,0,0,0,0.055,18.81,0.83165,2.91,0.243416667,14.74883791,0.763629851
2006,176,23,116.0975,0,0,0,0.14,18.13,0.91415,4.16,0.243416667,14.74899764,0.764184553
2006,177,0,116.06,0,0,0,0.065,17.68,0.9219,2.805,0,14.74916515,0.7647075
2006,177,1,113.048,0.207,0,0,0,17.725,0.90775,1.54,0,14.7493333,0.765219049
2006,177,2,107.4355,0.437,0,0,0.035,16.495,0.96505,2.755,0,14.74949698,0.765697277
2006,177,3,99.781,0.46,0,0,0,16.745,0.99235,3.775,0,14.74963992,0.766147992
2006,177,4,90.4555,14.076,5.115,4.945,1.895,17.145,0.99135,4.135,0,14.75072042,0.766616933
2006,177,5,80.346,145.866,57.8,66.2,17.145,17.055,0.9692,2.91,0,14.75013334,0.767094579
2006,177,6,69.5175,536.084,218.975,265.665,63.995,18.02,0.92785,3.07,0,14.74842029,0.767596841
2006,177,7,58.236,918.643,370.895,458.24,102.71,19.89,0.8597,1.98,0,14.74838536,0.768178598
2006,177,8,46.7935,1190.043,485.65,601.325,125.45,21.765,0.7921,1.17,0,14.74838484,0.768862833
2006,177,9,35.551,1584.355,652.73,813.92,162.315,23.18,0.732,1.145,0,14.7483849,0.769632159
2006,177,10,25.2715,1246.163,498.21,627.16,128.965,23.51,0.71345,2.605,0,14.74838512,0.770443942
2006,177,11,18.136,1125.505,445.81,563.24,118.83,22.985,0.7373,4.6,0,14.74838497,0.771251099
2006,177,12,18.23,1257.479,504.915,632.87,130.775,24.17,0.6702,2.855,0,14.74838491,0.772073546
2006,177,13,25.4775,928.234,369.055,467.23,103.53,22.555,0.684,5.705,0,14.74838486,0.772885809
2006,177,14,35.7955,919.057,368.695,459.75,100.305,23.645,0.6304,2.975,0,14.74838488,0.773685825
2006,177,15,47.046,527.896,206.22,256.215,56.75,22.815,0.68865,5.67,0,14.74838491,0.774492097
2006,177,16,58.49,94.507,32.83,39.245,9.49,19.49,0.87795,4.22,0,14.74838487,0.775192951
2006,177,17,69.77,280.692,114.02,137.49,29.305,19.885,0.88885,3.5,0,14.74838486,0.77581547
2006,177,18,80.585,192.602,76.52,93.78,28.74,19.84,0.8581,4.025,0,14.74838482,0.776447628
2006,177,19,90.668,12.535,2.995,2.245,0.925,18.795,0.907,1.905,0,14.74755286,0.777049635
2006,177,20,99.9865,0.253,0,0,0.135,17.915,0.9381,2.65,0,14.76083973,0.777597877
2006,177,21,107.6055,0.414,0,0,0.07,16.92,0.9695,2.46,0,14.76176448,0.778093388
2006,177,22,113.1725,0.46,0,0,0.055,16.505,0.96505,2.9,0,14.7619418,0.778549287
2006,177,23,116.1265,0.322,0,0,0.11,16.16,0.95145,3.155,0,14.76212419,0.778983935
2006,178,0,116.1005,0.322,0,0,0.065,15.545,0.95495,2.425,0,14.76231026,0.779391913
2006,178,1,113.098,0.437,0,0,0,15.18,0.95525,2.01,0,14.76249538,0.779772889
2006,178,2,107.491,0.46,0,0,0,14.895,0.96095,2.27,0,14.76266824,0.780136127
2006,178,3,99.8395,0.437,0,0,0,14.62,0.97165,2.06,0,14.76281129,0.780484212
2006,178,4,90.512,15.18,5.255,4.59,1.495,14.57,0.9739,2.205,0,14.76420427,0.780823555
2006,178,5,80.4055,140.185,56.665,63.09,14.4,14.75,0.9587,2.095,0,14.76476446,0.78116639
2006,178,6,69.5795,418.255,179.97,209.85,45.5,16.615,0.88515,1.84,0,14.76307199,0.781565118
2006,178,7,58.297,509.68,213.905,253.245,49.17,17.43,0.8509,2.96,0,14.76303743,0.782038419
2006,178,8,46.8535,1232.984,517.11,632.185,124.36,19.07,0.7657,3.995,0,14.76303692,0.782580737
2006,178,9,35.612,1228.108,500.42,618.53,120.97,20.68,0.686,4.445,0,14.76303697,0.783213446
2006,178,10,25.334,1151.656,473.52,583.855,115.675,21.965,0.65105,3.83,0,14.76303718,0.783924028
2006,178,11,18.1875,1396.192,578.945,720.695,135.8,22.705,0.6289,3.61,0,14.76303706,0.784686666
2006,178,12,18.252,858.314,349.695,432.75,86.645,22.54,0.66215,3.99,0,14.76303695,0.785463643
2006,178,13,25.4745,963.93,397.16,489.245,96.705,23.38,0.60785,3.5,0,14.76303701,0.786256996
2006,178,14,35.7785,1136.407,462.355,567.99,114.37,23.475,0.5988,4.67,0,14.76303718,0.787072663
2006,178,15,47.029,1330.09,531.875,657.91,135.365,24.29,0.5098,3.185,0,14.76303694,0.787909164
2006,178,16,58.4745,947.991,373.15,463.525,105.65,24.87,0.5219,2.74,0,14.76303694,0.788776327
2006,178,17,69.755,552.299,215.38,265.755,69.43,24.685,0.5491,3.72,0,14.76303678,0.789651865
2006,178,18,80.5755,159.597,56.39,65.97,19.27,23.495,0.62635,2.905,0,14.76303692,0.790497547
2006,178,19,90.665,10.511,2.45,1.55,0.62,21.46,0.71345,3.1,0,14.76052431,0.791266874
2006,178,20,99.989,0.023,0,0,0.01,19.7,0.7535,2.405,0,14.77094766,0.791937874
2006,178,21,107.62,0,0,0,0,20.03,0.6804,1.76,0,14.77173782,0.792570164
2006,178,22,113.1975,0,0,0,0,18.01,0.7953,1.48,0,14.77189097,0.793155525
2006,178,23,116.1655,0,0,0,0,17.465,0.83175,1.215,0,14.77205046,0.793669043
2006,179,0,116.1495,0,0,0,0,17.08,0.84875,1.64,0,14.77221749,0.794156391
2006,179,1,113.153,0,0,0,0,17,0.8499,2.335,0,14.77238081,0.794630665
2006,179,2,107.5525,0.207,0,0,0,15.875,0.9076,2.355,0,14.77253387,0.795071208
2006,179,3,99.9045,0.414,0,0,0,15.06,0.93645,2.44,0,14.77266945,0.795457971
2006,179,4,90.5725,13.892,5.91,5.095,1.665,14.705,0.95205,2.285,0,14.77370871,0.795812809
2006,179,5,80.469,73.232,31.155,33.725,7.88,15.63,0.9373,2.07,0,14.77390222,0.796183169
2006,179,6,69.6435,306.751,122.895,144.025,33.44,16.985,0.90555,2.88,0,14.77031336,0.796616478
2006,179,7,58.3595,814.66,330.735,405.165,88.28,18.65,0.86555,3.98,0,14.77023936,0.797134491
2006,179,8,46.9175,1264.977,520.045,643.235,129.08,21.46,0.76535,4.2,0,14.77023828,0.797776752
2006,179,9,35.677,1563.471,648.695,802.94,149.455,23.115,0.7094,3.795,0,14.77023836,0.798536765
2006,179,10,25.3985,1383.381,573.54,711.84,132.95,24.15,0.6639,4.925,0,14.77023827,0.799361799
2006,179,11,18.246,1547.555,645.425,798.22,146.14,24.64,0.60555,4.99,0,14.77023828,0.800221041
2006,179,12,18.281,1776.75,747.255,925.93,167.565,25.695,0.53985,6.09,0,14.77023831,0.80111234
2006,179,13,25.477,1714.075,717.235,887.64,166.13,26.05,0.48315,7.22,0,14.7702384,0.80203095
2006,179,14,35.77,1504.154,625.515,775.64,152.135,26.39,0.4303,7.64,0,14.77023861,0.802962072
2006,179,15,47.0165,1224.267,502.565,624.23,131.215,26.305,0.3755,7.22,0,14.7702383,0.803897655
2006,179,16,58.462,866.249,353.025,439.75,102.64,26.19,0.3522,5.675,0,14.77023829,0.804829762
2006,179,17,69.745,460.299,190.19,235.505,63.08,25.41,0.39895,4.025,0,14.7702382,0.805745594
2006,179,18,80.5705,165.416,67.255,81.09,24.675,23.825,0.5188,2.62,0,14.77023827,0.806613983
2006,179,19,90.6655,16.721,5.295,5.3,1.96,21.915,0.6044,2.625,0,14.76899271,0.807402613
2006,179,20,99.998,0,0,0,0,21.45,0.56945,2.72,0,14.78128045,0.808132075
2006,179,21,107.639,0,0,0,0,19.855,0.64695,2.585,0,14.78221566,0.808807011
2006,179,22,113.2305,0,0,0,0,19.555,0.65695,1.59,0,14.78237101,0.809430498
2006,179,23,116.2085,0.092,0,0,0,17.83,0.7557,1.805,0,14.78253221,0.809997611
2006,180,0,116.204,0.161,0,0,0.015,16.79,0.8077,2.945,0,14.78270576,0.810487076
2006,180,1,113.215,0.345,0,0,0,15.53,0.86735,0.77,0,14.78288279,0.810912164
2006,180,2,107.618,0.46,0,0,0,15.055,0.88395,1.745,0,14.78305251,0.811289313
2006,180,3,99.9725,0.46,0,0,0,15.255,0.87575,1.725,0,14.78319707,0.811658943
2006,180,4,90.6365,19.366,7.485,6.775,2.035,14.65,0.88915,1.495,0,14.78706013,0.812017587
2006,180,5,80.538,197.915,81.995,93.265,26.25,14.25,0.9087,1.075,0,14.7929252,0.812349186
2006,180,6,69.712,523.181,219.12,259.41,64.28,16.915,0.87125,1.295,0,14.7916682,0.812742589
2006,180,7,58.4285,855.876,364.765,443.05,98.365,19.615,0.78795,1.55,0,14.79164237,0.813285684
2006,180,8,46.985,1140.708,487.965,595.935,120.585,21.795,0.659,2.21,0,14.791642,0.813963277
2006,180,9,35.746,1498.887,641.42,785.785,146.61,23.27,0.5869,2.17,0,14.79164208,0.814735557
2006,180,10,25.4685,1191.561,712.78,877.265,156.695,24.455,0.50565,2.85,0,14.79164236,0.815571042
2006,180,11,18.3075,1478.325,735.265,909.005,158.885,25.295,0.46185,3.475,0,14.79164207,0.816450512
2006,180,12,18.3165,1850.373,789.17,974.24,169.335,25.94,0.3756,4.26,0,14.79164225,0.817359517
2006,180,13,25.4855,1612.139,683.925,838.47,149.76,26.405,0.3673,3.09,0,14.7916421,0.818288943
2006,180,14,35.766,1624.122,685.435,841.385,158.2,26.9,0.3501,3.34,0,14.79164204,0.819234756
2006,180,15,47.009,1270.543,527.225,647.605,130.805,26.93,0.3306,3.32,0,14.79164202,0.820189079
2006,180,16,58.4545,908.684,370.44,455.345,101.765,27,0.3347,2.85,0,14.79164202,0.821144969
2006,180,17,69.74,518.305,210.045,255.005,65.66,26.615,0.35635,2.37,0,14.79164202,0.822095841
2006,180,18,80.569,179.676,72.49,85.365,25.735,25.375,0.42545,2.15,0,14.79164202,0.823018642
2006,180,19,90.673,15.663,4.99,4.165,1.145,23.93,0.4232,2.68,0,14.78954556,0.823888582
2006,180,20,100.0145,0.023,0,0,0,23.21,0.44235,2.37,0,14.80049034,0.824710809
2006,180,21,107.6655,0,0,0,0,21.72,0.5106,2.43,0,14.80141534,0.825479738
2006,180,22,113.2685,0,0,0,0,20.165,0.5978,2.605,0,14.80157045,0.826170183
2006,180,23,116.259,0,0,0,0,19.605,0.62065,2.87,0,14.80172936,0.826803561
2006,181,0,116.2665,0,0,0,0,18.565,0.67085,2.88,0,14.8018959,0.82739264
2006,181,1,113.283,0,0,0,0,17.66,0.71475,2.925,0,14.80205959,0.827927255
2006,181,2,107.691,0,0,0,0,16.86,0.75555,3.525,0,14.80220845,0.828413904
2006,181,3,100.0465,0.046,0,0,0,16.215,0.80075,3.245,0,14.80233351,0.828860012
2006,181,4,90.705,16.675,6.56,6.22,2.155,15.83,0.8394,3.39,0,14.80427505,0.829277406
2006,181,5,80.6085,162.886,66.82,76.5,18.965,16.045,0.87605,3.075,0,14.80745827,0.829690079
2006,181,6,69.7825,419.313,175.665,209.105,50.105,18.75,0.8017,3.075,0,14.80598674,0.830184506
2006,181,7,58.499,552.943,231.725,277.135,59.23,21.445,0.6824,3.535,0,14.80595656,0.830829117
2006,181,8,47.0555,163.898,63.465,76.14,16.07,20.34,0.7896,3.72,0,14.80595612,0.831516993
2006,181,9,35.8175,748.121,315.48,381.565,68.315,21.24,0.8042,3.77,0,14.80595619,0.832199426
2006,181,10,25.543,1123.021,470.19,569.95,107.27,23.655,0.72215,3.685,0,14.80595647,0.832967071
2006,181,11,18.378,1009.907,419.93,511.515,99.69,25.785,0.63965,4.11,0,14.80595619,0.833839432
2006,181,12,18.3585,1077.389,447.85,545.68,106.86,26.575,0.5532,5.02,0,14.80595638,0.834769038
2006,181,13,25.499,1693.099,698.505,854.81,154.265,27.76,0.49965,6.85,0,14.80595621,0.835730815
2006,181,14,35.767,1572.993,638.565,786.135,149.21,27.615,0.49835,8.37,0,14.80595618,0.836707802
2006,181,15,47.0045,929.407,368.99,454.105,92.745,26.885,0.53765,6.63,0,14.80595613,0.837672246
2006,181,16,58.45,835.59,332.295,407.31,90.895,26.61,0.5502,4.935,0,14.80595613,0.838621199
2006,181,17,69.739,465.198,182.445,222.2,53.2,26.46,0.55975,4.35,0,14.80595613,0.839563157
2006,181,18,80.5735,192.671,74.24,87.11,25.57,24.845,0.64595,2.8,0,14.80595606,0.840473064
2006,181,19,90.6825,21.275,7.01,6.67,3.03,23.24,0.70675,2.61,0,14.80528881,0.841316453
2006,181,20,100.0335,0,0,0,0,23.12,0.6522,2.78,0,14.82129435,0.84212044
2006,181,21,107.6965,0,0,0,0,23.255,0.6301,2.375,0,14.82241439,0.842924784
2006,181,22,113.313,0,0,0,0,22.29,0.65705,2.37,0,14.82257301,0.843709008
2006,181,23,116.317,0,0,0,0.085,21.065,0.7105,3.16,0,14.82273173,0.844438089
2006,182,0,116.333,0,0,0,0,19.21,0.83795,3.04,0,14.82289811,0.845085102
2006,182,1,113.359,0,0,0,0.065,17.66,0.9181,3.045,0,14.82306144,0.845637805
2006,182,2,107.768,0.023,0,0,0,17.24,0.94125,2.29,0,14.82321098,0.84613514
2006,182,3,100.1245,0.161,0,0,0,17.56,0.9248,2.31,0,14.82333763,0.846629661
2006,182,4,90.8165,13.754,5.53,4.83,1.53,17.77,0.89115,2.465,0,14.82432897,0.847139098
2006,182,5,80.6845,164.381,67.89,76.79,18.68,18.585,0.87505,2.565,0,14.82486814,0.847677369
2006,182,6,69.857,526.148,214.58,254.985,62.36,21.26,0.8069,3.6,0,14.82327129,0.848312438
2006,182,7,58.5725,866.318,351.57,428.145,92.395,23.765,0.7149,4.67,0,14.82323862,0.849083251
2006,182,8,47.1305,1195.103,492.845,602.415,117.875,25.76,0.64025,5.42,0,14.82323813,0.849957483
2006,182,9,35.8935,1523.635,636.41,780.155,142.025,27.52,0.56505,6.585,0,14.82323819,0.850902257
2006,182,10,25.62,1722.677,724.175,888.845,155.055,29.12,0.49385,7.145,0,14.8232384,0.851894522
2006,182,11,18.455,1821.6,768.18,942.9,163.695,30.385,0.44115,8.255,0,14.82323827,0.852913511
2006,182,12,18.408,1849.499,779.025,955.965,168.665,31.155,0.38285,8.875,0,14.82323817,0.853942753
2006,182,13,25.5195,1526.671,634.985,778.545,143.985,31.22,0.3785,8.575,0,14.82323824,0.854973961
2006,182,14,35.772,1365.717,566.395,692.565,133.645,30.945,0.39675,7.655,0,14.82323843,0.85600483
2006,182,15,47.0055,1268.266,511.325,630.475,127.745,30.93,0.408,8.2,0,14.82323815,0.857035145
2006,182,16,58.452,839.316,333.05,409.28,91.635,30.75,0.3919,7.395,0,14.82323815,0.858064964
2006,182,17,69.7445,472.006,188.99,227.745,55.49,29.88,0.4335,5.425,0,14.82323803,0.859090671
2006,182,18,80.5835,206.195,81.76,95.535,27.43,28.6,0.478,4.195,0,14.82323813,0.860101781
2006,182,19,90.699,19.09,6.565,6.22,2.695,26.04,0.60435,3.715,0,14.82156122,0.861066859
2006,182,20,100.062,0,0,0,0,24.045,0.678,3.85,0,14.83365191,0.861952603
2006,182,21,107.737,0,0,0,0,23.095,0.74115,3.605,0,14.83469453,0.862774775
2006,182,22,113.364,0,0,0,0,23.395,0.73095,4.205,0,14.83485159,0.863581839
2006,182,23,116.3805,0,0,0,0,24.02,0.69715,3.91,0,14.83501014,0.864410417
2006,183,0,116.4065,0,0,0,0.125,22.85,0.7485,3.22,0,14.83517646,0.865226245
2006,183,1,113.439,0,0,0,0.06,21.25,0.8193,2.925,0,14.8353392,0.865974298
2006,183,2,107.8515,0,0,0,0.02,21.085,0.8263,3.835,0,14.83548879,0.866676862
2006,183,3,100.207,0,0,0,0.025,21.135,0.8165,3.815,0,14.83561299,0.867376388
2006,183,4,90.893,13.202,4.3,3.02,1.21,20.635,0.8368,4.08,0,14.83647488,0.868063938
2006,183,5,80.7625,152.122,60.225,67.395,18.055,20.89,0.8276,3.89,0,14.83625767,0.868744954
2006,183,6,69.934,471.27,194.51,233.165,58.97,23.225,0.737,4.775,0,14.83455876,0.869493083
2006,183,7,58.649,732.458,301.265,367.025,80.98,25.18,0.67535,4.945,0,14.83452399,0.870343356
2006,183,8,47.207,1194.298,496.73,606.175,121.2,27.395,0.6152,5.12,0,14.83452347,0.871275829
2006,183,9,35.973,1493.413,624.085,762.185,140.33,29.395,0.5341,6.59,0,14.83452353,0.872269433
2006,183,10,25.705,1709.268,716.14,878.795,154.535,30.74,0.48135,7.385,0,14.83452374,0.873292259
2006,183,11,18.5355,1781.764,748.82,917.475,158.605,31.515,0.46635,7.165,0,14.83452361,0.874323097
2006,183,12,18.463,1818.012,761.635,933.44,161.705,32.12,0.4445,7.345,0,14.83452351,0.875354157
2006,183,13,25.5425,1689.902,709.68,870.845,159.645,32.555,0.4154,7.685,0,14.83452358,0.876382717
2006,183,14,35.7825,1480.694,619.32,760.31,148.51,32.77,0.4076,7.555,0,14.83452378,0.877408516
2006,183,15,47.012,1133.578,462.71,567.995,117.07,32.54,0.4162,6.445,0,14.83452349,0.878434389
2006,183,16,58.4575,650.463,264.795,320.48,69.68,31.73,0.4716,4.92,0,14.83452349,0.879464057
2006,183,17,69.753,435.574,178.505,216.96,55.72,31.08,0.529,4.045,0,14.83452338,0.880495487
2006,183,18,80.596,92.138,37.365,41.87,10.67,29.66,0.57675,3.22,0,14.83452347,0.881521299
2006,183,19,90.72,5.75,1.23,0.245,0.315,27.885,0.64785,3.315,0,14.81996009,0.882523239
2006,183,20,100.095,0.046,0,0,0.13,26.88,0.7005,4.07,0,14.82356679,0.883491446
2006,183,21,107.7815,0.023,0,0,0.67,24.33,0.8383,3.48,0,14.82401285,0.884398799
2006,183,22,113.4225,0.253,0,0,0.005,23.43,0.8671,2.29,0,14.82416517,0.885235164
2006,183,23,116.453,0.069,0,0,0,23.22,0.88025,3.015,0,14.82433333,0.886046014
2006,184,0,116.4875,0.138,0,0,0.085,22.985,0.8939,2.06,0,14.82450521,0.886846298
2006,184,1,113.5255,0.138,0,0,0,22.705,0.91555,1.26,0,14.82467662,0.88763416
2006,184,2,107.939,0.391,0,0,0,22.375,0.9333,1.965,0,14.82483785,0.888407053
2006,184,3,100.295,0.23,0,0,0,22.54,0.9024,2.595,0,14.82497622,0.889175861
2006,184,4,90.975,7.866,1.86,0.83,0.305,22.045,0.88215,2.875,0,14.82527528,0.889936402
2006,184,5,80.8445,127.19,50.755,55.59,11.09,21.86,0.8863,3.2,0,14.81972744,0.890679754
2006,184,6,70.014,421.015,179.54,213.12,49.66,23.705,0.7973,4.22,0,14.81743575,0.891464163
2006,184,7,58.729,814.591,345.395,416.425,89.595,25.695,0.7229,4.855,0,14.81738877,0.892335784
2006,184,8,47.2855,1168.883,496.395,595.21,115.23,27.435,0.65415,2.885,0,14.81738807,0.893278091
2006,184,9,36.0535,1508.493333,630.385,756.055,133.53,28.54,0.61945,2.595,0,14.81738816,0.894262641
2006,184,10,25.7915,1525.498,675.655,815.205,139.37,29.51,0.5717,3.295,0,14.81738849,0.895270104
2006,184,11,18.624,1800.378667,764.755,925.23,151.19,30.615,0.54105,3.905,0,14.81738811,0.896293055
2006,184,12,18.525,1807.731,764.405,925.11,152.905,31.515,0.52555,4.665,0,14.81738824,0.897323617
2006,184,13,25.575,1699.516,706.475,856.735,147.445,32.085,0.46,7.325,0,14.81738862,0.898354737
2006,184,14,35.7995,1360.703,557.75,676.2,122.865,32.295,0.4436,7.27,0,14.81738809,0.899384316
2006,184,15,47.022,939.573,380.12,458.025,89.83,32.075,0.44505,7,0,14.8173881,0.900413924
2006,184,16,58.468,861.856,342.775,414.755,89.94,32.135,0.45535,6.2,0,14.81738809,0.901443987
2006,184,17,69.767,338.79,129.165,151.585,34.46,31.245,0.49945,5.275,0,14.81738806,0.90247517
2006,184,18,80.6165,34.362,12.3,10.96,3.045,29.38,0.5811,3.66,0,14.81626186,0.903499995
2006,184,19,90.7455,1.081,0.01,0,0.42,27.355,0.67225,3.94,0,14.75841842,0.904492947
2006,184,20,100.133,0.023,0,0,0.265,24.735,0.7343,3.84,0,14.75901263,0.905416463
2006,184,21,107.834,0.23,0,0,0.705,23.735,0.74445,6.065,0,14.75916348,0.906268611
2006,184,22,113.487,0.437,0,0,0.53,22.855,0.8174,2.2,0,14.75932222,0.907077946
2006,184,23,116.529,0.345,0,0,0.605,22.24,0.87185,2.245,0,14.75950513,0.907851179
2006,185,0,116.575,0.23,0,0,0.505,22.825,0.82695,4.12,0.5715,14.75969083,0.908623673
2006,185,1,113.618,0.299,0,0,0.52,22.755,0.86715,7.055,0.5715,14.75986957,0.909408865
2006,185,2,108.034,0.322,0,0,1.05,22.55,0.8687,6.65,0.5715,14.76003396,0.910187317
2006,185,3,100.3855,0.391,0,0,0.48,22.675,0.8942,5.755,0.5715,14.76017224,0.910963803
2006,185,4,91.0595,4.876,1.39,0.68,0.785,22.165,0.93915,2.445,0.5715,14.76035533,0.911730718
2006,185,5,80.929,50.209,20.735,21.075,4.56,21.87,0.95745,3.37,0.5715,14.74505534,0.912477378
2006,185,6,70.0985,76.475,31.65,33.79,6.525,22.195,0.951,2.985,0.5715,14.73125475,0.913224799
2006,185,7,58.81,260.107,110.005,125.81,22.615,22.655,0.94295,2.47,0.5715,14.73096649,0.913991969
2006,185,8,47.368,388.907,159.925,184.975,33.365,23.09,0.91595,3.735,0.5715,14.73096227,0.914781153
2006,185,9,36.14,409.63,165.7,192.325,36.65,23.46,0.90435,3.93,0.5715,14.73096219,0.91558963
2006,185,10,25.8835,367.218,142.96,167.31,31.59,23.43,0.89705,4.645,0.5715,14.7309622,0.916406116
2006,185,11,18.7175,408.388,159.845,188.74,34.57,23.395,0.90805,4.175,0.5715,14.73096223,0.917221082
2006,185,12,18.5955,650.049,271,320.51,58.695,23.89,0.903,4.38,0.5715,14.73096231,0.918046695
2006,185,13,25.611,1184.017,494.98,592.32,106.215,25,0.85405,3.9,0.5715,14.73096253,0.918907933
2006,185,14,35.8195,1553.535,646.595,780.85,142.675,26.295,0.80885,4.215,0.5715,14.73096224,0.919817832
2006,185,15,47.0365,1043.188,430.79,522.23,102.685,26.35,0.73435,3.065,0.5715,14.73096228,0.920752552
2006,185,16,58.484,473.639,194.76,227.835,44.4,26.81,0.7213,1.85,0.5715,14.73096224,0.921695973
2006,185,17,69.7855,268.111,109.27,128.38,28.245,25.62,0.74865,4.405,0.5715,14.73096222,0.922626647
2006,185,18,80.642,107.065,43.77,49.155,12.13,24.49,0.78275,4.175,0.5715,14.73096219,0.923513383
2006,185,19,90.8185,14.559,5.875,5.585,2.5,23.59,0.75315,3.355,0.5715,14.72993039,0.924356933
2006,185,20,100.1775,0.023,0,0,0.05,21.73,0.78865,3.215,0.5715,14.73987342,0.925135344
2006,185,21,107.8905,0,0,0,0.005,20.97,0.7422,3.525,0.5715,14.74058618,0.925847462
2006,185,22,113.561,0,0,0,0.03,20.06,0.7206,3.265,0.5715,14.7407378,0.926515115
2006,185,23,116.613,0,0,0,0.04,19.5,0.68125,3.825,0.5715,14.74089719,0.927142721
2006,186,0,116.669,0,0,0,0.04,18.085,0.7402,2.745,0.010583333,14.74106461,0.92771545
2006,186,1,113.717,0,0,0,0.005,16.895,0.80775,2.925,0.010583333,14.74122847,0.928215042
2006,186,2,108.133,0,0,0,0,15.99,0.85365,1.62,0.010583333,14.74137752,0.928655852
2006,186,3,100.4825,0.115,0,0,0.005,15.88,0.8459,2.67,0.010583333,14.74150392,0.929068385
2006,186,4,91.1455,13.018,5.395,4.5,1.715,15.43,0.86205,2.915,0.010583333,14.74234454,0.929465442
2006,186,5,81.0185,183.011,79.37,92.4,25.735,15.83,0.8775,2.565,0.010583333,14.74558323,0.92986112
2006,186,6,70.1855,487.922,204.285,245.26,59.565,17.625,0.75505,3.665,0.010583333,14.74408614,0.930317927
2006,186,7,58.896,868.779,363.31,443.43,94.58,19.35,0.64695,4.63,0.010583333,14.74405507,0.930873563
2006,186,8,47.454,1237.952,522.82,641,122.315,20.335,0.59435,5.49,0.010583333,14.7440546,0.931504572
2006,186,9,36.229,1547.739,662.3,809.16,140.655,21.405,0.577,4.57,0.010583333,14.74405466,0.932191254
2006,186,10,25.979,1770.402,764.115,932.435,152.06,22.435,0.51495,5.035,0.010583333,14.74405487,0.932932841
2006,186,11,18.8175,1891.267,819.735,998.445,157.825,23.055,0.48645,5.255,0.010583333,14.74405474,0.933715788
2006,186,12,18.6705,1887.909,814.675,991.055,159.375,23.475,0.4636,6.49,0.010583333,14.74405465,0.934523787
2006,186,13,25.6555,1674.354,717.005,870.795,148.48,23.545,0.4687,6.035,0.010583333,14.74405473,0.935343303
2006,186,14,35.847,1519.564,653.085,794.93,144.92,23.77,0.4637,5.935,0.010583333,14.74405494,0.936169634
2006,186,15,47.057,1130.45,477.8,579.275,114.715,23.785,0.47205,5.695,0.010583333,14.74405463,0.937001468
2006,186,16,58.5045,786.37,332.125,405.1,89.615,23.73,0.4823,5.42,0.010583333,14.74405462,0.937832389
2006,186,17,69.8095,461.794,189.84,230.22,57.92,23.295,0.50295,4.535,0.010583333,14.74405453,0.938651995
2006,186,18,80.673,175.881,69.55,83.045,26.02,21.94,0.5281,3.425,0.010583333,14.7440546,0.939428511
2006,186,19,90.854,16.215,5.44,4.945,2.405,19.925,0.5906,2.81,0.010583333,14.74323889,0.940118296
2006,186,20,100.2285,0,0,0,0,19.07,0.6111,1.91,0.010583333,14.75649663,0.940730294
2006,186,21,107.955,0,0,0,0,18.01,0.62845,0.955,0.010583333,14.75744817,0.941288909
2006,186,22,113.6375,0.299,0,0,0,17.255,0.65555,1.485,0.010583333,14.75761049,0.941796517
2006,186,23,116.7045,0.414,0,0,0,15.16,0.7852,1.955,0.010583333,14.75778916,0.942224345
2006,187,0,116.7695,0.414,0,0,0,14.01,0.8446,2.525,0,14.75798154,0.942563249
2006,187,1,113.8205,0.322,0,0,0.02,13.75,0.8387,2.48,0,14.75816664,0.94286474
2006,187,2,108.2355,0.069,0,0,0.03,12.88,0.87835,2.465,0,14.75832773,0.943137154
2006,187,3,100.5825,0.023,0,0,0.025,12.625,0.8826,2.435,0,14.75845444,0.943381264
2006,187,4,91.237,12.558,4.45,3.435,1.415,12.335,0.88815,1.975,0,14.7592065,0.943612011
2006,187,5,81.109,186.645,81.27,90.405,25.39,13.035,0.8558,1.13,0,14.76186266,0.943852841
2006,187,6,70.2755,482.172,216.425,253.18,60.505,16.17,0.82285,0.78,0,14.76035832,0.944193299
2006,187,7,58.984,771.42,352.555,421.06,89.485,19.03,0.7456,1.425,0,14.76032716,0.944699091
2006,187,8,47.5425,1151.771,520.685,626.405,118.905,21.12,0.56995,2.625,0,14.76032671,0.945342643
2006,187,9,36.319,1440.835,654.665,787.445,136.63,22.78,0.51405,2.92,0,14.76032677,0.946085589
2006,187,10,26.078,1581.25,714.295,861.575,141.55,24.385,0.4847,3.765,0,14.76032701,0.9469081
2006,187,11,18.923,1438.673,661.245,804.29,140.08,25.155,0.42365,4.3,0,14.76032681,0.947783229
2006,187,12,18.753,1353.826,645.925,790.5,145.68,25.635,0.4254,3.9,0,14.7603269,0.948683691
2006,187,13,25.704,1383.358,634.985,770.275,139.49,26.005,0.4123,3.85,0,14.76032675,0.949600358
2006,187,14,35.8765,1229.074,555.83,671.815,126.45,26.295,0.36995,3.96,0,14.76032682,0.950529014
2006,187,15,47.083,1003.053,457.34,555.165,114.295,26.3,0.37575,3.85,0,14.76032695,0.951462868
2006,187,16,58.5275,714.886,324.42,396.36,90.68,26.045,0.3768,3.615,0,14.76032672,0.952392326
2006,187,17,69.838,446.246,194.44,237.9,61.365,25.255,0.42365,3.9,0,14.7603267,0.953302524
2006,187,18,80.7065,174.386,73.72,88.9,27.1,23.67,0.49335,3.235,0,14.76032657,0.954164304
2006,187,19,90.897,15.617,5.48,5.725,2.315,21.26,0.5906,3.265,0,14.75884131,0.95493282
2006,187,20,100.286,0.023,0,0,0,19.37,0.66165,3.105,0,14.77081213,0.955589473
2006,187,21,108.0255,0,0,0,0,18.295,0.7012,3.565,0,14.77173721,0.95616446
2006,187,22,113.722,0,0,0,0,17.41,0.71695,3.205,0,14.77189245,0.95668445
2006,187,23,116.803,0,0,0,0,17.435,0.69625,2.74,0,14.77205165,0.957180236
2006,188,0,116.874,0,0,0,0,16.06,0.7525,1.855,0,14.77221864,0.957638135
2006,188,1,113.931,0,0,0,0,14.97,0.80215,1.85,0,14.77238226,0.958027534
2006,188,2,108.3445,0.092,0,0,0,13.145,0.87955,2.125,0,14.77253328,0.958338607
2006,188,3,100.6895,0.207,0,0,0.01,13.305,0.88255,2.215,0,14.77266331,0.958606373
2006,188,4,91.3705,11.684,4.545,3.755,1.12,13.59,0.88095,1.945,0,14.7732997,0.958885486
2006,188,5,81.204,152.007,69.72,79.08,21.99,13.72,0.87755,1.015,0,14.77411308,0.959175276
2006,188,6,70.367,434.8452632,199.61,239.835,58.835,16.35,0.88085,1.665,0,14.77237453,0.959538803
2006,188,7,59.0745,793.27,355.605,431.975,93.795,19.595,0.784,2.14,0,14.77233854,0.960065475
2006,188,8,47.633,1098.684444,497.47,604.445,118.51,21.96,0.6594,2.65,0,14.77233799,0.960746885
2006,188,9,36.4135,1393.57,634.43,770.215,137.355,23.45,0.59325,3.005,0,14.77233804,0.961527651
2006,188,10,26.1815,1642.298571,739.415,897.05,149.3,24.7,0.49755,2.52,0,14.77233825,0.962372644
2006,188,11,19.0335,1683.071,765.685,926.385,148.83,25.305,0.46455,2.08,0,14.77233813,0.963257408
2006,188,12,18.8425,1661.911,749.78,909.24,148.3,25.595,0.4677,2.51,0,14.77233802,0.96416004
2006,188,13,25.7595,1572.165,713.81,861.885,147.52,25.925,0.446,2.61,0,14.77233809,0.965074478
2006,188,14,35.914,1305.526,582.77,703.285,126.79,26.01,0.46305,2.235,0,14.77233827,0.965996591
2006,188,15,47.113,1084.726,480.965,580.985,115.465,25.96,0.47615,2.815,0,14.77233801,0.966919341
2006,188,16,58.5575,618.516,295.075,354.745,77.63,25.75,0.49035,2.28,0,14.77233801,0.967837323
2006,188,17,69.871,536.222,234.905,284.51,71.78,25.66,0.49565,2.315,0,14.77233787,0.968749719
2006,188,18,80.747,132.25,52.425,59.295,15.75,24.13,0.59515,2.525,0,14.77233799,0.969629727
2006,188,19,90.944,9.154,2.37,1.615,0.575,22.1,0.701,3.21,0,14.76661122,0.970430076
2006,188,20,100.3475,0.046,0,0,0,21.02,0.74155,2.61,0,14.77397743,0.9711531
2006,188,21,108.1,0,0,0,0,19.9,0.7365,2.705,0,14.7746479,0.971817753
2006,188,22,113.8125,0,0,0,0,19.06,0.75435,2.54,0,14.77479848,0.972428784
2006,188,23,116.9065,0,0,0,0,18.88,0.745,2.235,0,14.77495749,0.973011484
2006,189,0,116.9885,0,0,0,0.01,18.275,0.76865,2.345,0,14.77512468,0.973572217
2006,189,1,114.0455,0.046,0,0,0,17.215,0.81385,1.99,0,14.77528917,0.974086156
2006,189,2,108.459,0.138,0,0,0,16.02,0.86565,1.24,0,14.77544271,0.974536766
2006,189,3,100.7985,0.46,0,0,0,16.09,0.8513,2.605,0,14.77557819,0.974955959
2006,189,4,91.4705,9.453,3.52,2.39,0.805,15.97,0.843,2.73,0,14.77599615,0.975373764
2006,189,5,81.302,137.586,62.07,70.67,19.025,15.15,0.87865,1.435,0,14.77460045,0.975765612
2006,189,6,70.4615,425.454,186.275,221.03,52.28,17.48,0.85285,0.935,0,14.77260547,0.976199454
2006,189,7,59.167,822.503,363.7,441.285,95.33,20.01,0.78045,2.295,0,14.7725641,0.976769415
2006,189,8,47.725,1173.414,520.555,631.175,121.275,22.55,0.67505,2.84,0,14.77256358,0.977477352
2006,189,9,36.5105,1458.913,637.315,770.76,135.1,23.9,0.58945,3.545,0,14.77256362,0.978283235
2006,189,10,26.289,1293.06,555.03,668.41,113.82,24.745,0.5197,2.49,0,14.77256347,0.979139253
2006,189,11,19.15,1641.349,722.46,873.88,149.015,25.46,0.49235,2.62,0,14.77256349,0.980028048
2006,189,12,18.94,1447.712,624.625,748.76,124.01,25.815,0.4724,2.105,0,14.77256352,0.980937869
2006,189,13,25.8205,1808.651,788.155,950.265,164.01,26.28,0.46205,2.81,0,14.77256362,0.981862835
2006,189,14,35.956,1439.685,612.62,739.49,132.365,26.415,0.46155,2.84,0,14.77256389,0.982798416
2006,189,15,47.148,1058.322,438.315,528.54,104.135,26.545,0.45665,2.375,0,14.7725635,0.983738523
2006,189,16,58.593,784.691,322.145,393.545,86.68,26.415,0.4679,2.705,0,14.7725635,0.98467863
2006,189,17,69.91,397.486,165.74,201.59,47.065,25.84,0.5208,2.2,0,14.77256342,0.985606436
2006,189,18,80.792,210.427,88.84,106.745,27.8,24.955,0.60615,1.68,0,14.77256345,0.986506892
2006,189,19,90.998,19.159,6.94,7.035,1.63,24.38,0.59465,1.87,0,14.7716278,0.987377763
2006,189,20,100.416,0.023,0,0,0,23.945,0.55905,2.215,0,14.78598735,0.988226847
2006,189,21,108.183,0,0,0,0,22.55,0.63215,2.17,0,14.78705862,0.98903378
2006,189,22,113.91,0.069,0,0,0,21.385,0.6701,1.99,0,14.78721781,0.989777761
2006,189,23,117.017,0,0,0,0,20.035,0.7476,2.325,0,14.78737878,0.990455834
2006,190,0,117.108,0.046,0,0,0,19.745,0.75055,2.56,0,14.78754609,0.991089498
2006,190,1,114.168,0,0,0,0,19.075,0.8192,2.25,0,14.78771189,0.991696662
2006,190,2,108.5765,0,0,0,0,18.755,0.8482,1.82,0,14.78786088,0.992276289
2006,190,3,100.912,0.092,0,0,0.01,18.95,0.8467,1.305,0,14.78798717,0.992852425
2006,190,4,91.5715,2.622,0.185,0,0.385,18.82,0.8808,1.655,0,14.78811517,0.993430379
2006,190,5,81.4025,27.416,9.255,7.375,2.92,18.835,0.88695,1.59,0,14.79140401,0.994005119
2006,190,6,70.5595,53.222,19.635,19.585,5.005,18.97,0.8923,1.12,0,14.72524449,0.99458405
2006,190,7,59.263,388.746,167.455,197.285,37.07,19.735,0.8818,2.045,0,14.720597,0.995188019
2006,190,8,47.8215,844.836,361.41,429.395,79.455,21.565,0.7736,3.21,0,14.72052689,0.995862764
2006,190,9,36.6105,1200.922,507.2,608.535,108.145,22.875,0.718,4.14,0,14.72052617,0.996619499
2006,190,10,26.4,1763.736842,751.23,902.08,145.52,24.285,0.6574,3.66,0,14.72052597,0.997441979
2006,190,11,19.273,1878.18,804.045,965.35,150.195,25.87,0.57915,3.73,0,14.72052601,0.998329404
2006,190,12,19.043,1884.275,804.405,965.325,150.455,27.01,0.52095,4.38,0,14.72052614,0.999267879
2006,190,13,25.888,1781.534,753.815,904.33,146.28,27.58,0.5127,3.98,0,14.72052651,1.000073141
2006,190,14,36.003,1574.672,654.42,789.045,136.41,27.93,0.5201,3.82,0,14.720526,1.00048523
2006,190,15,47.1875,1178.681,479.82,581.03,109.185,28.11,0.51915,3.845,0,14.72052602,1.000892191
2006,190,16,58.6335,937.342,386.38,468.865,100.925,28.335,0.5271,3.225,0,14.72052602,1.001295067
2006,190,17,69.9535,540.408,210.505,253.695,64.725,28.015,0.5565,3.03,0,14.72052599,1.001698905
2006,190,18,80.8435,195.684,73.755,86.365,26.93,26.745,0.6191,2.47,0,14.72052587,1.002117684
2006,190,19,91.055,14.674,4.02,3.21,1.295,24.975,0.69705,2.97,0,14.71572636,1.002559975
2006,190,20,100.4895,0,0,0,0.015,23.26,0.7474,3.31,0,14.72198856,1.003020126
2006,190,21,108.2715,0,0,0,0.1,21.33,0.83255,3.155,0,14.72287433,1.003488638
2006,190,22,114.016,0,0,0,0,20.935,0.83435,3.05,0,14.7230272,1.003958205
2006,190,23,117.134,0,0,0,0,19.965,0.8733,2.805,0,14.72318524,1.004426305
2006,191,0,117.2315,0,0,0,0,19.165,0.8882,2.615,0,14.72335199,1.004890756
2006,191,1,114.2945,0,0,0,0,18.895,0.89085,3.08,0,14.72351739,1.005352009
2006,191,2,108.7025,0,0,0,0.035,18.45,0.90255,3.12,0,14.72366881,1.005810641
2006,191,3,101.03,0,0,0,0,18.085,0.9125,1.485,0,14.72379603,1.006265928
2006,191,4,91.678,14.72,5.03,3.865,1.635,17.65,0.91815,3.105,0,14.72511323,1.006717396
2006,191,5,81.506,193.637,76.98,87.025,23.94,18.02,0.9147,2.56,0,14.74146452,1.007167203
2006,191,6,70.66,496.11,202.575,239.545,56.725,20.26,0.8535,1.665,0,14.74022232,1.007625928
2006,191,7,59.3585,846.722,353.1,423.07,88.53,22.215,0.805,1.735,0,14.74019475,1.008092428
2006,191,8,47.9205,1220.771,514.41,615.435,115.205,24.43,0.7553,1.51,0,14.74019434,1.008554135
2006,191,9,36.7135,1351.273,570.645,687.06,124.7,25.71,0.71555,2.79,0,14.74019439,1.009002549
2006,191,10,26.515,1033.873,434.255,523.17,99.045,26.11,0.66125,4.01,0,14.7401946,1.009441285
2006,191,11,19.4,1349.801,571.99,688.33,119.575,26.535,0.6412,4.08,0,14.74019448,1.009874376
2006,191,12,19.153,1723.206,729.945,877.365,144.75,27.86,0.5938,4.795,0,14.74019438,1.010293529
2006,191,13,25.9615,1633.483,680.84,821.755,143.485,28.535,0.57515,5.11,0,14.74019446,1.010694187
2006,191,14,36.057,1277.42,527.73,635.1,118.19,28.75,0.5633,3.945,0,14.74019469,1.011085561
2006,191,15,47.2335,783.265,322.41,384.335,75.97,28.75,0.5742,2.67,0,14.74019436,1.011474589
2006,191,16,58.6775,461.472,187.14,221.875,44.905,28.455,0.61055,2.545,0,14.74019436,1.011866824
2006,191,17,70.003,425.592,175.06,206.255,46.085,28.605,0.6212,1.28,0,14.74019427,1.012260623
2006,191,18,80.899,120.244,48.515,54.08,11.36,27.915,0.65845,1.72,0,14.74019433,1.012660006
2006,191,19,91.118,11.707,4.05,3.835,1.205,25.795,0.7615,2.105,0,14.73104703,1.01308513
2006,191,20,100.57,0.023,0,0,0,24.605,0.80755,2.86,0,14.73543493,1.013533241
2006,191,21,108.367,0,0,0,0.01,24.085,0.81375,3.65,0,14.73608084,1.013989302
2006,191,22,114.125,0,0,0,0.04,23.46,0.84465,3.07,0,14.73622959,1.014449537
2006,191,23,117.257,0,0,0,0.04,22.935,0.87605,2.86,0,14.73638779,1.014913053
2006,192,0,117.3635,0.023,0,0,0.06,22.58,0.90615,2.895,0.53975,14.73655565,1.015378424
2006,192,1,114.427,0.069,0,0,0.075,22.215,0.9402,2.055,0.53975,14.73672261,1.015844874
2006,192,2,108.8295,0.023,0,0,0.085,22.16,0.9547,1.97,0.53975,14.73687635,1.016311787
2006,192,3,101.1515,0.437,0,0,0.09,22.005,0.9719,2.785,0.53975,14.73701157,1.016778864
2006,192,4,91.8225,1.081,0,0,0.09,21.82,0.98785,3.045,0.53975,14.73712845,1.017246159
2006,192,5,81.613,16.284,5.12,4.1,1.04,22.05,0.992,4.14,0.53975,14.73778773,1.017713363
2006,192,6,70.7625,95.013,36.935,40.545,8.13,22.4,0.9855,3.465,0.53975,14.64599256,1.01818726
2006,192,7,59.459,242.305,97.4,113.26,21.6,22.865,0.97695,3.11,0.53975,14.64195735,1.018667542
2006,192,8,48.0205,316.319,124.15,144.875,27.18,23.265,0.9645,3.295,0.53975,14.64189547,1.019146427
2006,192,9,36.8215,348.45,135.785,160.57,29.97,23.325,0.9543,4.36,0.53975,14.64189473,1.019624192
2006,192,10,26.6345,394.082,152.535,180.86,33.275,23.365,0.92645,4.935,0.53975,14.64189483,1.020101688
2006,192,11,19.534,474.996,195.25,232.305,44.13,23.625,0.91875,5.24,0.53975,14.6418947,1.020578319
2006,192,12,19.2705,492.499,201.23,241.705,47.55,24.325,0.88925,6.22,0.53975,14.6418948,1.021051697
2006,192,13,26.042,676.223,282.775,341.65,69.14,25.085,0.85725,5.855,0.53975,14.64189511,1.021518837
2006,192,14,36.1155,476.238,195.495,234.56,47.905,25.745,0.83535,5.21,0.53975,14.64189469,1.021978343
2006,192,15,47.284,612.996,250.55,300.02,61.22,26.455,0.81135,5.7,0.53975,14.64189472,1.022428947
2006,192,16,58.728,595.976,240.645,287.975,62.23,27.09,0.79355,5.12,0.53975,14.64189472,1.022869367
2006,192,17,70.0565,304.796,119.65,140.48,33.23,27.015,0.78235,5.885,0.53975,14.64189467,1.023305163
2006,192,18,80.9595,66.217,25.1,25.8,5.535,25.86,0.84515,5.08,0.53975,14.64189491,1.02375072
2006,192,19,91.1875,4.623,0.775,0.16,0.49,25.05,0.8844,5.56,0.53975,14.61585762,1.024211654
2006,192,20,100.656,0.253,0,0,0.125,24.495,0.9357,3.55,0.53975,14.6177348,1.024681945
2006,192,21,108.4695,0.46,0,0,0.165,24.37,0.96315,3.68,0.53975,14.61804602,1.025155312
2006,192,22,114.2435,0.46,0,0,0.295,24.02,0.9747,3.29,0.53975,14.61821104,1.025630649
2006,192,23,117.3885,0.46,0,0,0.07,23.69,0.98265,1.785,0.53975,14.61839616,1.02610855
2006,193,0,117.501,0.46,0,0,0.335,23.51,0.97935,3.315,1.883833333,14.61859218,1.026588138
2006,193,1,114.565,0.46,0,0,0.225,22.955,0.9766,3.035,1.883833333,14.61878586,1.02706977
2006,193,2,108.9635,0.46,0,0,0.155,22.595,0.97685,3.89,1.883833333,14.61896388,1.027553445
2006,193,3,101.277,0.46,0,0,0.2,22.5,0.9782,2.91,1.883833333,14.61911378,1.028037894
2006,193,4,91.9355,8.257,2.805,2.185,0.97,22.375,0.9795,2.99,1.883833333,14.61947597,1.028522625
2006,193,5,81.722,34.086,13.495,12.33,3.22,22.4,0.9759,2.75,1.883833333,14.64360638,1.029005593
2006,193,6,70.869,65.136,24.045,27.005,5.51,22.355,0.97705,2.845,1.883833333,14.61370093,1.029489035
2006,193,7,59.5635,331.844,142.83,166.22,31.205,23.075,0.95955,2.93,1.883833333,14.61249548,1.029973775
2006,193,8,48.1225,795.961,336.73,399.325,74.955,24.65,0.89775,3.64,1.883833333,14.61247671,1.030452204
2006,193,9,36.93,1180.682,487.48,582.855,109.54,26.015,0.8485,3.63,1.883833333,14.61247644,1.030916858
2006,193,10,26.7565,834.44,349.865,422.44,86.365,26.71,0.8295,2.4,1.883833333,14.61247647,1.031367895
2006,193,11,19.6735,1084.22,452.6,547.795,108.705,27.195,0.8171,2.375,1.883833333,14.61247657,1.031809508
2006,193,12,19.3935,1108.784,455.435,548.065,104.495,28.095,0.7805,1.575,1.883833333,14.61247688,1.032238479
2006,193,13,26.128,361.859,141.29,166.35,31.06,27.34,0.8225,2.81,1.883833333,14.6124765,1.032666077
2006,193,14,36.1795,33.81,6.885,7.25,2.73,22.76,0.90435,5.57,1.883833333,14.60789212,1.033131741
2006,193,15,47.341,31.142,8.74,6.29,1.54,21.305,0.9791,2.675,1.883833333,14.02506813,1.033662191
2006,193,16,58.783,68.747,25.465,26.755,5.85,21.535,0.9829,3.145,1.883833333,13.8932484,1.034243574
2006,193,17,70.116,238.993,98.475,113.035,22.44,22.31,0.96525,2.025,1.883833333,13.89274147,1.034833289
2006,193,18,81.026,119.876,48.53,53.565,12.725,22.585,0.95915,1.56,1.883833333,13.89274486,1.035421826
2006,193,19,91.262,15.847,6.075,4.91,2.305,22.175,0.97315,1.785,1.883833333,13.90936644,1.036009491
2006,193,20,100.748,0.46,0,0,0,21.59,0.98185,1.335,1.883833333,13.9387437,1.036595243
2006,193,21,108.5775,0.46,0,0,0.01,21.17,0.9891,1.095,1.883833333,13.93972755,1.037179257
2006,193,22,114.3665,0.46,0,0,0.07,20.735,0.99675,1.56,1.883833333,13.93991167,1.037762694
2006,193,23,117.5245,0.529,0,0,0.165,20.325,0.998571429,1.655,1.883833333,13.94010707,1.038344994
2006,194,0,117.645,0.667,0,0,0.09,19.825,0.998785714,2.03,0,13.94032008,1.038925371
2006,194,1,114.708,0.828,0,0,0.005,19.69,0.998785714,2.06,0,13.94053939,1.039504022
2006,194,2,109.101,0.92,0,0,0.005,20.04,0.998785714,0.885,0,13.9407491,1.040083254
2006,194,3,101.408,0.92,0,0,0,20.54,0.998785714,1.2,0,13.94092891,1.040664527
2006,194,4,92.052,5.911,1.295,0.5,0.42,20.825,0.998785714,1.375,0,13.94119855,1.041247173
2006,194,5,81.8335,73.968,28.92,31.74,6.845,21.08,0.998785714,1.235,0,13.98261822,1.041827704
2006,194,6,70.975,207,87.51,101.84,20.12,21.4,0.998785714,1.41,0,13.98010807,1.042406045
2006,194,7,59.6665,270.687,118.09,138.51,27.835,21.76,0.998785714,0.95,0,13.98002619,1.042984662
2006,194,8,48.2275,267.306,116.19,137.265,28.665,22.095,0.999,1.205,0,13.98002486,1.043562979
2006,194,9,37.041,417.795,180.59,214.89,43.97,22.38,0.996235294,1.535,0,13.98002489,1.044140666
2006,194,10,26.884,680.593,292.925,352.705,72.16,23.4,0.9453,1.7,0,13.98002483,1.044715761
2006,194,11,19.8165,1054.067,451.42,552.17,110.63,25.105,0.85525,1.805,0,13.98002484,1.045280481
2006,194,12,19.523,1130.381,476.25,580.595,113.465,26.35,0.8008,1.595,0,13.98002486,1.045826724
2006,194,13,26.2205,1379.264,581.235,701.615,130.175,27.59,0.7628,1.66,0,13.98002493,1.046350789
2006,194,14,36.249,1421.147,595.475,717.07,136.735,28.455,0.7372,2.12,0,13.98002513,1.046851478
2006,194,15,47.402,1252.856,512.655,616.635,123.79,28.825,0.7234,2.565,0,13.98002486,1.04733643
2006,194,16,58.843,932.029,369.1,442.965,97.81,29.03,0.72455,2.33,0,13.98002487,1.047813502
2006,194,17,70.1815,555.818,217.165,260.08,67.72,28.935,0.74565,2.665,0,13.98002477,1.04828903
2006,194,18,81.098,111.573,42.29,47.315,12.04,27.625,0.8262,2.37,0,13.98002484,1.048783139
2006,194,19,91.3795,6.624,1.705,1.225,0.565,26.04,0.90235,2.485,0,13.99306487,1.049308993
2006,194,20,100.845,0.046,0,0,0,25.43,0.92325,2.425,0,14.01027155,1.049852568
2006,194,21,108.6905,0.138,0,0,0,25,0.93355,2.625,0,14.0109337,1.050402524
2006,194,22,114.495,0.207,0,0,0,24.835,0.93375,2.045,0,14.0110934,1.050956275
2006,194,23,117.6675,0.253,0,0,0,24.31,0.9478,2.415,0,14.01126917,1.051513987
2006,195,0,117.795,0.23,0,0,0,24.095,0.9563,2.66,0,14.0114564,1.052075531
2006,195,1,114.857,0.414,0,0,0,24.035,0.9704,2.275,0,14.01164449,1.052638349
2006,195,2,109.244,0.437,0,0,0.085,23.89,0.9804,2.91,0,14.01182426,1.053202057
2006,195,3,101.5405,0.437,0,0,0.16,23.39,0.96925,2.855,0,14.01197611,1.053768345
2006,195,4,92.1675,4.255,1.445,0.78,0.665,22.77,0.9743,2.17,0,14.01216522,1.054338273
2006,195,5,81.947,84.341,34.02,36.985,7.845,22.785,0.97805,2.71,0,14.0495136,1.054907253
2006,195,6,71.0845,156.837,63.595,73.305,15.65,23.145,0.9687,3.61,0,14.04726965,1.055472948
2006,195,7,59.775,434.999,176.085,209.515,43.135,23.33,0.9533,3.48,0,14.04719972,1.056037289
2006,195,8,48.335,1156.532,465.305,560.96,106.98,24.845,0.83585,4.655,0,14.0471986,1.056594826
2006,195,9,37.1545,1550.637,641.985,777.01,138.89,25.785,0.77975,4.89,0,14.04719864,1.057138583
2006,195,10,27.012,1542.702,643.45,781.15,137.84,26.27,0.7756,5.445,0,14.04719856,1.057671752
2006,195,11,19.967,1639.187,688.13,833.96,147.12,26.805,0.73515,5.445,0,14.04719857,1.058196083
2006,195,12,19.6595,1849.568,780.155,941.865,162.305,27.035,0.71615,4.995,0,14.0471986,1.058713177
2006,195,13,26.321,1837.355,766.39,922.035,159.305,27.415,0.69075,5.25,0,14.04719868,1.059224055
2006,195,14,36.3245,1607.217,657.59,794.465,144.84,27.885,0.68875,5.15,0,14.04719892,1.059725676
2006,195,15,47.4675,1324.708,524.815,637.99,124.95,28.17,0.6766,5.11,0,14.04719859,1.060218519
2006,195,16,58.9095,976.143,372.6,452.745,100.26,28.155,0.6513,5.18,0,14.0471986,1.060708093
2006,195,17,70.2515,559.958,206.27,249.315,65.275,27.88,0.67255,4.255,0,14.04719852,1.061201178
2006,195,18,81.1755,240.12,86.51,103.305,33.55,27.29,0.755,2.74,0,14.04719857,1.061704238
2006,195,19,91.4635,20.447,6.585,6.205,3.185,25.625,0.825,2.51,0,14.05230619,1.0622293
2006,195,20,100.9505,0,0,0,0,24.08,0.8853,1.97,0,14.09206539,1.062775443
2006,195,21,108.812,0.253,0,0,0,23.34,0.9134,1.595,0,14.0934428,1.063330295
2006,195,22,114.6325,0.437,0,0,0,22.605,0.93885,1.83,0,14.09362224,1.063889751
2006,195,23,117.8175,0.46,0,0,0,22.095,0.95175,1.845,0,14.0938105,1.064451708
2006,196,0,117.9475,0.46,0,0,0,21.825,0.95745,2.81,0,14.09401075,1.065014539
2006,196,1,115.0115,0.46,0,0,0,21.49,0.96535,1.845,0,14.09420882,1.065577655
2006,196,2,109.39,0.46,0,0,0,20.875,0.97325,1.645,0,14.09438996,1.066140579
2006,196,3,101.679,0.506,0,0,0,20.605,0.97775,1.07,0,14.0945437,1.066702721
2006,196,4,92.29,10.787,2.825,1.93,1.21,20.715,0.96235,1.125,0,14.09517604,1.067264603
2006,196,5,82.0645,191.061,69.375,78.175,25.735,21.05,0.9576,1.61,0,14.14153117,1.067823766
2006,196,6,71.199,540.661,214.605,248.79,62.62,22.84,0.91835,1.495,0,14.1406436,1.068379639
2006,196,7,59.8835,926.785,377.81,451.105,95.97,24.935,0.8547,2.2,0,14.1406177,1.068925982
2006,196,8,48.4455,1281.376,532.685,640.59,120.58,26.985,0.78465,2.535,0,14.14061728,1.069447559
2006,196,9,37.2715,1572.579,664.405,797.605,137.145,28.555,0.7102,2.695,0,14.14061733,1.069934811
2006,196,10,27.146,1758.948,753.13,899.755,144.775,29.73,0.6607,1.77,0,14.14061755,1.070387694
2006,196,11,20.121,1899.915,818.88,976.815,152.725,30.625,0.58325,1.665,0,14.14061742,1.070809768
2006,196,12,19.803,1868.129,800.655,954.605,149.94,31.18,0.5664,1.575,0,14.14061732,1.071207747
2006,196,13,26.4265,1530.535,642.775,767.51,127.165,31.22,0.56525,1.925,0,14.14061737,1.071595247
2006,196,14,36.4075,1623.087,676.375,809.1,142.77,31.94,0.53285,1.73,0,14.14061731,1.07196869
2006,196,15,47.5395,1358.012,551.605,665.35,128.875,31.875,0.5352,2.095,0,14.14061729,1.072329711
2006,196,16,58.98,951.28,373.65,453.51,100.08,31.555,0.57515,2.035,0,14.1406173,1.07269812
2006,196,17,70.326,568.905,215.225,258.205,67.81,31.395,0.60475,1.52,0,14.1406173,1.073075566
2006,196,18,81.257,206.77,73.215,86.445,28.295,30.245,0.6986,1.635,0,14.14061728,1.073476232
2006,196,19,91.555,14.421,3.935,2.91,1.45,28.535,0.7837,1.52,0,14.14660934,1.073921515
2006,196,20,101.0585,0.115,0,0,0,27.785,0.7624,1.55,0,14.17421677,1.074397602
2006,196,21,108.9385,0.345,0,0,0,26.21,0.84975,1.325,0,14.17532082,1.074896792
2006,196,22,114.776,0.46,0,0,0,24.745,0.92215,1.645,0,14.17549879,1.075421214
2006,196,23,117.972,0.46,0,0,0,24.07,0.92785,1.005,0,14.17568749,1.075958604
2006,197,0,118.112,0.46,0,0,0.01,22.97,0.96625,1.71,0,14.17588706,1.076503337
2006,197,1,115.171,0.506,0,0,0,22.095,0.9896,1.03,0,14.1760849,1.077053211
2006,197,2,109.5425,0.46,0,0,0,21.775,0.99195,0.385,0,14.17626789,1.077604621
2006,197,3,101.8185,0.46,0,0,0,21.55,0.99405,1.095,0,14.17641988,1.078156286
2006,197,4,92.4525,9.384,1.215,1.74,1.75,21.225,0.9945,1.13,0,14.17688623,1.078707922
2006,197,5,82.183,178.388,60.705,74.695,28.295,20.785,0.9924,1.245,0,14.21732951,1.079256276
2006,197,6,71.3125,546.388,215.815,250.145,63.37,22.895,0.93545,1.125,0,14.21630201,1.079801458
2006,197,7,59.995,927.383,377.635,452.605,97.665,26.045,0.8142,1.67,0,14.21627348,1.080331228
2006,197,8,48.557,1280.594,530.835,643.615,124.795,27.655,0.75765,2.45,0,14.21627302,1.080827886
2006,197,9,37.391,1572.533,663.05,802.055,142.89,28.935,0.69755,3.125,0,14.21627307,1.081293819
2006,197,10,27.2835,1780.476,761.29,916.1,152.87,29.875,0.63355,2.555,0,14.21627328,1.081730814
2006,197,11,20.2805,1887.081,810.27,973.16,157.395,30.52,0.6063,2.295,0,14.21627317,1.082144242
2006,197,12,19.952,1899.478,811.685,975.055,158.505,31.095,0.59565,2.36,0,14.21627305,1.082537822
2006,197,13,26.538,1803.706,760.43,915.46,155.825,31.365,0.5693,3.125,0,14.21627312,1.082916831
2006,197,14,36.494,1621.569,672.165,814.47,148.325,31.66,0.5563,3.05,0,14.21627331,1.083285671
2006,197,15,47.617,1298.534,523.395,638.61,127.84,31.57,0.5747,3.22,0,14.21627305,1.083650758
2006,197,16,59.0565,950.245,374.355,455.905,103.37,31.38,0.5965,2.855,0,14.21627305,1.084020974
2006,197,17,70.4055,545.974,210.77,255.38,68.615,30.82,0.65515,2.205,0,14.21627294,1.084404515
2006,197,18,81.3445,189.681,69.16,82.21,27.945,29.325,0.71655,2.585,0,14.21627303,1.084821539
2006,197,19,91.6495,13.156,3.16,2.435,1.725,26.85,0.8272,3.025,0,14.22145147,1.085291358
2006,197,20,101.1755,0.207,0,0,0,25.82,0.84415,2.785,0,14.24484208,1.085795144
2006,197,21,109.069,0.345,0,0,0,24.715,0.86795,3.07,0,14.24586237,1.086313037
2006,197,22,114.925,0.023,0,0,0,23.88,0.8648,2.585,0,14.24602877,1.086841719
2006,197,23,118.134,0,0,0,0,23.26,0.8679,2.62,0,14.24619141,1.087376366
2006,198,0,118.277,0.023,0,0,0,22.555,0.87475,2.115,0,14.24636233,1.087914811
2006,198,1,115.336,0.046,0,0,0,22.06,0.8705,2.68,0,14.24653313,1.088455464
2006,198,2,109.697,0.046,0,0,0,21.68,0.87645,2.81,0,14.24669022,1.088996953
2006,198,3,101.9635,0.092,0,0,0.035,20.86,0.9055,2.855,0,14.24682298,1.089538489
2006,198,4,92.581,8.763,2.455,1.5,0.7,20.34,0.92585,2.605,0,14.24721119,1.090078818
2006,198,5,82.3055,164.266,63.79,71.025,21.965,20.58,0.9299,1.87,0,14.28265371,1.09061617
2006,198,6,71.429,489.21,198.1,235.285,61.32,22.58,0.89275,2.02,0,14.28148521,1.091152251
2006,198,7,60.106,859.165,352.165,429.07,96.635,25.54,0.8121,2.94,0,14.28145401,1.091676915
2006,198,8,48.6715,1220.196,506.31,618.725,124.64,27.475,0.751,4.465,0,14.28145351,1.092170976
2006,198,9,37.5135,1523.888,640.28,781.135,143.29,28.795,0.68065,5.45,0,14.28145358,1.092632657
2006,198,10,27.424,1737.512,736.95,895.87,154.45,29.59,0.6368,5.53,0,14.28145385,1.093068038
2006,198,11,20.4455,1838.505,781.94,947.595,158.885,30.135,0.65235,4.895,0,14.28145358,1.093484524
2006,198,12,20.1085,1845.773,782.17,947.22,160.08,30.595,0.64565,4.995,0,14.28145379,1.093885691
2006,198,13,26.6575,1728.634,725.525,878.27,155.035,31.06,0.6328,4.575,0,14.2814536,1.094271889
2006,198,14,36.5875,1536.676,632.955,771.24,145.36,31.25,0.6175,4.64,0,14.2814536,1.094647017
2006,198,15,47.6995,1249.291,504.395,618.14,127.475,31.32,0.61245,4.62,0,14.28145352,1.095017629
2006,198,16,59.1375,882.97,347.985,427.625,100.25,31.115,0.63295,4.125,0,14.28145352,1.095390591
2006,198,17,70.4915,499.859,193.96,236.8,65.395,30.38,0.68725,3.275,0,14.28145352,1.095779385
2006,198,18,81.437,181.148,66.93,79.025,26.5,28.895,0.7461,3.325,0,14.28145343,1.096202122
2006,198,19,91.751,8.165,1.58,0.855,0.46,26.735,0.8307,2.725,0,14.28509972,1.096670312
2006,198,20,101.2975,0,0,0,0,25.345,0.87245,2.525,0,14.30326606,1.097170527
2006,198,21,109.209,0,0,0,0,24.15,0.89275,3.285,0,14.30413391,1.097686446
2006,198,22,115.0795,0.023,0,0,0.01,23.89,0.8488,2.905,0,14.30428857,1.098209459
2006,198,23,118.301,0.023,0,0,0.025,23.275,0.86575,3.51,0,14.30445107,1.098735726
2006,199,0,118.4515,0,0,0,0,23.17,0.87895,2.505,0,14.30462221,1.09926427
2006,199,1,115.504,0,0,0,0,23.235,0.87505,0.64,0,14.3047904,1.099792903
2006,199,2,109.8575,0.115,0,0,0.005,22.945,0.8832,2.255,0,14.30494703,1.100322108
2006,199,3,102.111,0.092,0,0,0,22.46,0.90915,2.165,0,14.30508151,1.100853037
2006,199,4,92.71,5.796,1.395,0.96,0.415,21.77,0.93735,1.675,0,14.30530462,1.101385641
2006,199,5,82.4285,138.989,55.6,64.03,17.945,21.985,0.93845,1.865,0,14.33401434,1.101916578
2006,199,6,71.546,481.666,197.49,238.53,57.83,24.23,0.8716,1.835,0,14.33250708,1.102440901
2006,199,7,60.2225,754.561,305.665,373.025,85.505,25.92,0.7975,3.77,0,14.33246792,1.102948854
2006,199,8,48.7865,925.336,381.53,457.885,93.25,26.84,0.7856,1.725,0,14.33246734,1.103438641
2006,199,9,37.6375,1481.384,620.24,748.92,138.11,28.515,0.7305,1.895,0,14.33246747,1.103903807
2006,199,10,27.568,1715.041,732.54,875.96,147.54,29.88,0.6869,1.06,0,14.3324673,1.104332847
2006,199,11,20.614,1882.182,804.285,964.885,158.845,30.48,0.68605,1.685,0,14.33246732,1.104734125
2006,199,12,20.2705,1958.473,842.08,1010.915,168.685,31.275,0.6425,1.81,0,14.33246735,1.105113276
2006,199,13,26.782,1298.58,559.445,668.765,121.85,31.825,0.6453,1.995,0,14.33246744,1.105469428
2006,199,14,36.6875,827.609,347.545,420.17,87.07,30.79,0.71855,2.375,0,14.3324677,1.10583397
2006,199,15,47.787,594.182,244.725,301.495,69.055,30.135,0.7511,4.33,0,14.33246733,1.106226515
2006,199,16,59.2245,731.745,301.34,370.07,88.395,30.02,0.7507,4.88,0,14.33246733,1.106630938
2006,199,17,70.5825,379.316,157.14,193.13,49.355,29.11,0.77545,5.32,0,14.33246726,1.10705009
2006,199,18,81.536,136.942,54.69,64.75,19.12,27.34,0.8163,5.325,0,14.3324673,1.107503117
2006,199,19,91.8955,10.396,2.77,2.085,1.32,26.17,0.8373,5.29,0,14.3356003,1.107986203
2006,199,20,101.4255,0,0,0,0.08,25.65,0.85225,4.16,0,14.35072903,1.108481934
2006,199,21,109.3545,0,0,0,0.04,24.87,0.8885,2.885,0,14.35150411,1.108985344
2006,199,22,115.241,0.345,0,0,0.015,24.16,0.9208,2.66,0,14.35166418,1.109497024
2006,199,23,118.4755,0.46,0,0,0.055,23.59,0.94455,2.36,0,14.35184759,1.110014347
2006,200,0,118.629,0.46,0,0,0.01,22.835,0.97005,1.93,0,14.35204575,1.110536006
2006,200,1,115.6775,0.46,0,0,0.045,22.205,0.97595,1.91,0,14.35224148,1.111060709
2006,200,2,110.022,0.506,0,0,0.055,22.195,0.9772,2.88,0,14.35242167,1.111586319
2006,200,3,102.2625,0.782,0,0,0.295,21.9,0.9789,2.515,0,14.35258007,1.112112196
2006,200,4,92.8795,7.544,1.705,1.095,0.745,21.13,0.97305,2.26,0,14.35291562,1.112638447
2006,200,5,82.553,138.253,54.23,61.71,18.565,21.14,0.94885,2.515,0,14.37994803,1.113162552
2006,200,6,71.667,449.627,179.195,215.07,57.955,22.28,0.91275,3.14,0,14.37844648,1.113684743
2006,200,7,60.339,815.235,331.39,408.79,95.56,24.015,0.8611,2.745,0,14.37840846,1.114202554
2006,200,8,48.9055,1171.16,486.81,596.195,124.175,26.255,0.8037,2.35,0,14.37840788,1.11470301
2006,200,9,37.7645,1461.995,616.35,753.215,143.48,28.02,0.77005,2.655,0,14.37840801,1.115172916
2006,200,10,27.7165,1685.923,717.13,873.45,156.3,29.425,0.7194,3.7,0,14.3784085,1.115608555
2006,200,11,20.791,1801.705,768.905,935.315,162.32,30.335,0.6607,4.44,0,14.3784079,1.116013458
2006,200,12,20.439,1794.759,764.875,928.54,162.28,31.06,0.62415,3.725,0,14.37840796,1.116393589
2006,200,13,26.9115,1598.408,676.005,817.83,148.67,31.49,0.61725,2.8,0,14.37840818,1.116754728
2006,200,14,36.7915,1345.868,563.88,684.995,136.045,31.63,0.63115,3.16,0,14.37840792,1.11710603
2006,200,15,47.8815,631.12,262.025,318.735,68.315,31.405,0.6432,2.285,0,14.37840797,1.117458817
2006,200,16,59.316,87.492,32.91,38.165,9.5,29.68,0.7396,3.505,0,14.3784079,1.117843463
2006,200,17,70.678,16.744,2.71,1.935,2.545,25.485,0.7766,5.18,0,14.25106045,1.118310894
2006,200,18,81.639,11.109,2.43,0.715,1.36,24.305,0.8555,4.94,0,14.1786112,1.118837512
2006,200,19,92.0075,1.541,0.675,0,0.24,26.155,0.7902,6.85,0,14.17860559,1.119364624
2006,200,20,101.559,0.046,0,0,0.085,25.965,0.82595,3.175,0,14.17872103,1.119880263
2006,200,21,109.504,0.023,0,0,0.17,24.995,0.88065,3.56,0,14.17884079,1.12040438
2006,200,22,115.4105,0.23,0,0,0,24.84,0.8849,1.615,0,14.17899245,1.120935825
2006,200,23,118.656,0.46,0,0,0.055,23.935,0.9322,2.46,0,14.17917683,1.121472881
2006,201,0,118.8135,0.46,0,0,0.01,23.925,0.93825,2.845,0.5715,14.17937841,1.122014197
2006,201,1,115.857,0.46,0,0,0.01,23.75,0.94615,2.205,0.5715,14.17957597,1.122556233
2006,201,2,110.188,0.46,0,0,0.03,23.355,0.9574,1.995,0.5715,14.17975515,1.123100355
2006,201,3,102.4165,0.46,0,0,0.08,22.88,0.96835,2.67,0.5715,14.17990405,1.123647151
2006,201,4,93.0155,3.059,0.51,0.08,0.23,22.865,0.97165,2.575,0.5715,14.1800544,1.124195196
2006,201,5,82.6805,27.301,10.355,9.41,3.31,23.14,0.96875,2.955,0.5715,14.18697482,1.124742104
2006,201,6,71.7895,16.767,4.165,3.01,2.075,23.435,0.90565,8.17,0.5715,14.23075525,1.125283872
2006,201,7,60.457,29.049,8.955,8.02,2.47,21.355,0.94395,7.44,0.5715,14.1261868,1.125833336
2006,201,8,49.0255,41.975,12.47,11.575,2.855,21.01,0.93585,6.365,0.5715,13.83109045,1.126411839
2006,201,9,37.8945,43.47,12.795,11.45,2.5,20.895,0.964,6.435,0.5715,13.78304184,1.127012445
2006,201,10,27.869,258.428,102.275,123.48,26.9,21.695,0.96645,6.72,0.5715,13.7782235,1.127616755
2006,201,11,20.9705,709.09,294.215,366.72,79.525,22.835,0.9416,6.755,0.5715,13.77817119,1.128220272
2006,201,12,20.614,1285.562,524.635,651.925,130.405,24.665,0.8719,6.18,0.5715,13.77817065,1.128815149
2006,201,13,27.05,1706.025,697.455,860.7,161.675,26.73,0.78355,6.375,0.5715,13.77817073,1.1293861
2006,201,14,36.9025,1364.107,551.35,684.295,138.07,27.94,0.7451,5.685,0.5715,13.77817092,1.129925848
2006,201,15,47.98,977.017,391.23,485.7,107.055,28.19,0.7333,4.685,0.5715,13.77817072,1.130448185
2006,201,16,59.414,688.574,275.255,342.025,80.285,28.475,0.7489,4.39,0.5715,13.77817076,1.130963498
2006,201,17,70.7805,340.814,141.105,173.11,43.195,28.5,0.7772,3,0.5715,13.7781707,1.131474618
2006,201,18,81.7485,48.53,18.51,20.01,5.3,27.395,0.81795,2.315,0.5715,13.77816196,1.131999746
2006,201,19,92.124,3.22,0.67,0.265,0.23,26.735,0.86355,1.33,0.5715,13.77029085,1.132546089
2006,201,20,101.6975,0.207,0,0,0.005,26.12,0.89895,1.56,0.5715,13.7739913,1.13310561
2006,201,21,109.6615,0.046,0,0,0.04,25.64,0.9228,2.615,0.5715,13.77422336,1.133674717
2006,201,22,115.583,0.046,0,0,0.015,25.375,0.9281,3.695,0.5715,13.77436848,1.134249801
2006,201,23,118.8425,0.023,0,0,0.02,24.915,0.92595,2.72,0.5715,13.77453327,1.134830124
2006,202,0,119.003,0.276,0,0,0,24.195,0.94415,1.5,0.232833333,13.77471469,1.135417863
2006,202,1,116.041,0.46,0,0,0.03,23.495,0.96405,1.815,0.232833333,13.77490885,1.136012795
2006,202,2,110.3615,0.46,0,0,0.3,22.865,0.9798,2.955,0.232833333,13.77509489,1.136612712
2006,202,3,102.574,0.46,0,0,0.12,22.32,0.98885,3.26,0.232833333,13.77525366,1.137215641
2006,202,4,93.1545,2.507,0.375,0.06,0.425,22.255,0.9917,1.73,0.232833333,13.77540969,1.137819652
2006,202,5,82.812,24.173,8.295,8.01,2.84,22.145,0.99175,2.135,0.232833333,13.7833743,1.138423392
2006,202,6,71.9145,207.851,85.175,102.25,23.32,22.31,0.9955,2.905,0.232833333,13.76170255,1.139027915
2006,202,7,60.5785,624.174,254.205,310.605,69.66,23.475,0.9665,4.31,0.232833333,13.76032757,1.139631058
2006,202,8,49.147,569.204,238.2,292.48,65.87,24.515,0.9183,4.77,0.232833333,13.76030278,1.14022631
2006,202,9,38.0265,632.201,260.34,320.49,71.455,25.46,0.86745,4.505,0.232833333,13.76030244,1.140810354
2006,202,10,28.0225,873.885,358.17,444.995,97.72,25.685,0.8443,5.21,0.232833333,13.76030252,1.141386097
2006,202,11,21.1545,844.836,339.715,420.47,91.065,25.695,0.8386,4.565,0.232833333,13.76030279,1.141959989
2006,202,12,20.7965,401.235,160.015,198.39,45.865,25.405,0.83815,4.495,0.232833333,13.76030252,1.142536076
2006,202,13,27.1925,529.69,210.555,259.67,59.735,25.165,0.84885,5.705,0.232833333,13.7603027,1.143116136
2006,202,14,37.0195,536.567,215.515,265.295,61.3,25.395,0.80795,6.505,0.232833333,13.76030253,1.143696269
2006,202,15,48.0875,459.379,186.17,228.22,52.365,25.56,0.79615,4.455,0.232833333,13.76030252,1.144273479
2006,202,16,59.5155,288.558,119.29,145.63,34.765,25.235,0.84255,3.94,0.232833333,13.76030246,1.144851881
2006,202,17,70.886,25.3,7.475,8.955,4.92,23.13,0.83465,5.82,0.232833333,13.74282194,1.145445831
2006,202,18,81.8625,7.199,0.075,0.275,1.83,19.365,0.91,8.115,0.232833333,13.59565552,1.146061686
2006,202,19,92.247,1.104,0,0,0.44,18.295,0.93195,7.795,0.232833333,13.59519821,1.146675379
2006,202,20,101.8415,0.368,0,0,0.25,18.15,0.94155,6.005,0.232833333,13.59530611,1.147282707
2006,202,21,109.8245,0.046,0,0,0.455,17.81,0.9242,4.41,0.232833333,13.59542898,1.147887038
2006,202,22,115.763,0.069,0,0,0.345,17.04,0.92295,3.25,0.232833333,13.59557635,1.148483738
2006,202,23,119.034,0,0,0,0.14,16.94,0.94195,2.665,0.232833333,13.59574458,1.149073862
2006,203,0,119.1975,0,0,0,0.21,16.92,0.96075,3.1,0,13.5959202,1.149663003
2006,203,1,116.229,0.253,0,0,0.11,16.64,0.96915,4.08,0,13.59609971,1.15024965
2006,203,2,110.5365,0.46,0,0,0.11,16.995,0.97125,4.665,0,13.59627889,1.150836894
2006,203,3,102.7345,0.414,0,0,0.235,16.61,0.97265,3.9,0,13.59643549,1.151423868
2006,203,4,93.2935,6.279,1.335,0.65,0.645,15.855,0.9859,3.185,0,13.59671253,1.152000773
2006,203,5,82.943,150.098,55.84,61.66,18.96,15.45,0.98875,3.525,0,13.66717303,1.152562721
2006,203,6,72.0415,482.54,187.14,224.2,57.66,16.345,0.96245,4.65,0,13.66658473,1.153125614
2006,203,7,60.701,840.305,336.375,414.59,93.95,17.88,0.90675,5.3,0,13.66655618,1.153709375
2006,203,8,49.2715,1070.167,439.24,542.085,112.725,19.53,0.8588,4.595,0,13.66655569,1.154313324
2006,203,9,38.1605,1291.634,537.985,667.755,133.13,20.75,0.80555,4.915,0,13.6665558,1.154928225
2006,203,10,28.1815,1596.016,668.81,829.33,156.085,21.855,0.7488,4.385,0,13.66655622,1.15554649
2006,203,11,21.345,1873.948,790.405,978.955,174.12,22.79,0.6876,4.165,0,13.66655571,1.156163611
2006,203,12,20.9825,1886.598,795.88,981.66,169.095,23.55,0.54965,4.48,0,13.6665558,1.156776783
2006,203,13,27.3435,1783.374,746.175,920.35,164.385,24.175,0.476,5.39,0,13.66655609,1.15738466
2006,203,14,37.1415,1570.164,644.02,797.705,151.665,24.5,0.4963,5.865,0,13.66655572,1.157987842
2006,203,15,48.196,1289.449,516.795,643.575,133.89,24.685,0.48705,5.43,0,13.66655577,1.158588123
2006,203,16,59.6245,924.002,361.08,452.19,107.065,24.65,0.4998,4.81,0,13.66655582,1.159187502
2006,203,17,70.9985,520.145,196.38,243.86,67.595,24.21,0.55175,3.845,0,13.6665557,1.159789643
2006,203,18,81.9815,120.497,42.605,49.49,13.55,22.57,0.65665,1.96,0,13.66655567,1.160400983
2006,203,19,92.414,8.349,2.12,1.665,0.835,20.92,0.75495,2.08,0,13.68816939,1.161017666
2006,203,20,101.993,0,0,0,0,19.17,0.8229,1.595,0,13.71334956,1.161627724
2006,203,21,109.9935,0.046,0,0,0,18.765,0.8488,1.135,0,13.71413805,1.162228918
2006,203,22,115.9495,0.138,0,0,0,18.185,0.87885,0.61,0,13.71429599,1.162825169
2006,203,23,119.232,0.391,0,0,0,17.605,0.90715,1.44,0,13.71447409,1.163414623
2006,204,0,119.3985,0.46,0,0,0,18.365,0.8594,1.64,0,13.7146746,1.164005147
2006,204,1,116.425,0.437,0,0,0,17.85,0.89305,1.17,0,13.71487405,1.164597178
2006,204,2,110.718,0.46,0,0,0,16.61,0.9414,0.79,0,13.71505774,1.165177256
2006,204,3,102.899,0.46,0,0,0.005,15.775,0.95505,1.385,0,13.71521345,1.165740306
2006,204,4,93.4755,5.474,1.385,0.81,0.33,15.1,0.97605,1.235,0,13.71545203,1.166288781
2006,204,5,83.0765,129.536,51.935,57.885,17.725,15.095,0.97625,1.405,0,13.77666025,1.166826819
2006,204,6,72.1685,452.801,183.92,220.03,58.595,17.3,0.95355,1.61,0,13.77581199,1.167382457
2006,204,7,60.8235,845.917,339.175,417.855,95.845,19.565,0.8919,2.32,0,13.77577712,1.167970158
2006,204,8,49.3985,1220.978,495.3,613.84,125.795,21.52,0.7879,2.88,0,13.77577657,1.168573029
2006,204,9,38.2975,1528.051,630.85,779.395,144.775,23.085,0.67615,2.515,0,13.77577661,1.169176562
2006,204,10,28.343,1742.296,728.73,895.84,155.88,24.31,0.58865,2.34,0,13.77577651,1.169772467
2006,204,11,21.5405,1873.189,788.62,967.225,163.2,24.995,0.5917,2.5,0,13.77577652,1.170358931
2006,204,12,21.1775,1755.314,742.075,906.81,155.535,25.775,0.5824,1.91,0,13.77577655,1.170935592
2006,204,13,27.502,1726.058,722.525,883.475,157.485,26.25,0.54995,2.12,0,13.77577665,1.171502246
2006,204,14,37.271,1609.287,663.005,815.29,154.52,26.755,0.51415,2.035,0,13.77577693,1.172059933
2006,204,15,48.3125,1241.747,501.19,615.735,126.77,27.215,0.47485,1.49,0,13.77577653,1.172607851
2006,204,16,59.7375,880.21,344.535,424.135,97.025,27.215,0.48645,1.08,0,13.77577654,1.17315081
2006,204,17,71.1165,519.823,198.335,241.31,64.24,27.235,0.51455,0.86,0,13.77577649,1.173693547
2006,204,18,82.1055,163.116,60.245,70.165,23.305,25.95,0.5995,1.19,0,13.77577651,1.174249246
2006,204,19,92.5465,9.085,2.125,1.55,0.8,24.635,0.62515,2.5,0,13.79149437,1.174826127
2006,204,20,102.149,0.023,0,0,0,22.68,0.71625,2.54,0,13.8213888,1.175418174
2006,204,21,110.168,0,0,0,0,21.475,0.79705,2.845,0,13.82234288,1.176016622
2006,204,22,116.14,0.023,0,0,0,20.67,0.8315,2.34,0,13.82249962,1.1766154
2006,204,23,119.436,0.184,0,0,0,19.865,0.86725,2.375,0,13.82266816,1.177211778
2006,205,0,119.604,0.414,0,0,0,18.91,0.8921,2.53,0,13.82285852,1.177802909
2006,205,1,116.6205,0.368,0,0,0,18.325,0.89825,2.725,0,13.8230538,1.178387392
2006,205,2,110.9005,0.391,0,0,0,17.695,0.92075,2.61,0,13.82323241,1.17896516
2006,205,3,103.065,0.437,0,0,0,17.185,0.93685,2.595,0,13.82338491,1.17953556
2006,205,4,93.622,5.497,1.325,0.7,0.36,17.1,0.9417,2.33,0,13.82362126,1.180101711
2006,205,5,83.212,150.765,54.525,60.87,19.15,17.165,0.9401,1.89,0,13.88031078,1.180664269
2006,205,6,72.2975,487.646,185.83,224.62,60.06,19.39,0.892,2.245,0,13.87944434,1.18123745
2006,205,7,60.9495,858.084,336,419.655,97.665,21.9,0.81545,3.405,0,13.87941275,1.181827128
2006,205,8,49.5265,1215.458,485.965,608.01,125.96,24.27,0.7307,3.455,0,13.87941224,1.182413617
2006,205,9,38.437,1513.032,617.625,768.745,145.81,25.85,0.67455,3.75,0,13.87941238,1.182981888
2006,205,10,28.5075,1707.612,704.16,873.875,157.195,27.05,0.62375,4.46,0,13.87941298,1.183528193
2006,205,11,21.7405,1692.731,701.7,872.02,161.895,27.68,0.5913,4.535,0,13.87941224,1.184055934
2006,205,12,21.376,1803.476,750.04,929.42,167.745,27.985,0.57475,5.295,0,13.8794123,1.184572856
2006,205,13,27.663,1729.255,706.36,875.81,159.235,28.26,0.557,5.52,0,13.87941249,1.185082593
2006,205,14,37.404,1539.16,616.255,768.085,147.89,28.44,0.54795,5.535,0,13.87941229,1.185586457
2006,205,15,48.4345,1251.154,491.135,614.095,129.085,28.51,0.57005,5,0,13.87941237,1.186087004
2006,205,16,59.857,883.154,338.005,422.96,100.52,28.285,0.57325,4.575,0,13.87941223,1.186589611
2006,205,17,71.2395,494.661,185.5,229.875,64.145,27.725,0.60925,3.605,0,13.87941223,1.187102261
2006,205,18,82.2345,154.146,55.785,66.375,22.615,26.115,0.72,2.93,0,13.87941221,1.187639166
2006,205,19,92.686,6.969,1.315,0.725,0.615,23.905,0.79635,2.84,0,13.89331202,1.188206838
2006,205,20,102.3115,0,0,0,0,22.585,0.84545,2.5,0,13.91813149,1.188789561
2006,205,21,110.348,0,0,0,0,21.675,0.87815,2.53,0,13.91898736,1.189375518
2006,205,22,116.34,0.023,0,0,0.015,21.125,0.8962,3.28,0,13.91914244,1.189962174
2006,205,23,119.644,0.046,0,0,0.07,20.435,0.9148,2.625,0,13.91930736,1.190547893
2006,206,0,119.8145,0.046,0,0,0.005,19.83,0.93,2.385,0,13.91948295,1.191131253
2006,206,1,116.825,0.023,0,0,0.025,19.68,0.9278,2.44,0,13.91965592,1.191712608
2006,206,2,111.0865,0.138,0,0,0,19.31,0.93635,2.405,0,13.91981607,1.192292245
2006,206,3,103.237,0.414,0,0,0.02,18.905,0.94735,2.57,0,13.91995993,1.192868938
2006,206,4,93.7685,4.209,0.78,0.265,0.28,18.635,0.9448,2.665,0,13.92014904,1.193442673
2006,206,5,83.349,135.585,51.69,60.005,16.795,18.72,0.9412,2.59,0,13.96925639,1.19401237
2006,206,6,72.4295,393.599,152.605,185.1,47.755,20.59,0.88705,2.915,0,13.96814589,1.1945862
2006,206,7,61.077,793.155,312.05,388.875,89.545,22.85,0.81135,3.84,0,13.96810875,1.195165606
2006,206,8,49.6545,1202.486,478.855,600.27,123.685,24.795,0.729,4.35,0,13.96810833,1.195735672
2006,206,9,38.5775,1503.832,609.78,762.54,143.335,26.15,0.66225,4.74,0,13.96810816,1.196287198
2006,206,10,28.6755,1715.892,706.47,878.345,155.545,27.335,0.6351,4.5,0,13.96810835,1.196817243
2006,206,11,21.9445,1830.616,758.645,939.275,161.705,28.315,0.6052,4.79,0,13.96810831,1.197324029
2006,206,12,21.581,1839.011,759.405,939.985,162.62,28.965,0.57565,5.235,0,13.96810813,1.197810264
2006,206,13,27.832,1741.238,710.96,880.98,157.6,29.41,0.54585,5.18,0,13.96810815,1.198281169
2006,206,14,37.5455,1533.732,613.715,764.62,145.965,29.625,0.5264,5.185,0,13.96810821,1.198742247
2006,206,15,48.562,1242.644,487.185,607.855,126.87,29.68,0.5411,4.975,0,13.96810833,1.199199174
2006,206,16,59.9805,879.704,337.135,420.645,99.655,29.455,0.57555,4.63,0,13.96810814,1.19965872
2006,206,17,71.367,480.493,180.095,222.83,61.905,28.775,0.6098,4.035,0,13.96810812,1.200131685
2006,206,18,82.3695,101.913,35.125,39.635,12.56,27.02,0.7022,3.935,0,13.96810792,1.20063639
2006,206,19,92.8295,5.842,1.195,0.66,0.64,25.215,0.7593,3.575,0,13.98090865,1.201176717
2006,206,20,102.4795,0,0,0,0.025,24.08,0.78525,3.615,0,13.99607073,1.201736384
2006,206,21,110.535,0,0,0,0.015,23.28,0.80575,3.455,0,13.9966649,1.202304364
2006,206,22,116.5425,0,0,0,0,22.525,0.844,3.565,0,13.99681529,1.202877244
2006,206,23,119.8605,0,0,0,0,22.505,0.8348,3.855,0,13.99697833,1.203451837
2006,207,0,120.031,0,0,0,0.04,22.26,0.83675,4.02,1.439333333,13.99715074,1.20402684
2006,207,1,117.031,0,0,0,0.025,21.83,0.85095,4.505,1.439333333,13.99732081,1.204602644
2006,207,2,111.2785,0,0,0,0.05,21.49,0.86385,3.945,1.439333333,13.99747731,1.20517891
2006,207,3,103.408,0.023,0,0,0.005,21.825,0.83825,4.18,1.439333333,13.99760946,1.205755159
2006,207,4,93.957,0.828,0.025,0,0.05,22.09,0.8168,3.695,1.439333333,13.9977181,1.206331076
2006,207,5,83.486,65.044,26.04,29.48,7.575,22.365,0.8004,3.435,1.439333333,14.02857569,1.206904353
2006,207,6,72.562,273.309,109.545,133.22,31.09,22.99,0.79505,4.325,1.439333333,14.02454563,1.207474283
2006,207,7,61.206,412.873,167.03,205.345,47.82,24.115,0.77845,4.865,1.439333333,14.02441571,1.208039392
2006,207,8,49.785,259.555,101.125,124.065,28.955,24.23,0.8025,5.16,1.439333333,14.02441359,1.208599506
2006,207,9,38.722,172.73,62.325,72.92,15.435,22.56,0.9372,3.165,1.439333333,14.02441357,1.209165493
2006,207,10,28.8475,272.297,103,125.6,27.34,22.77,0.91835,3.735,1.439333333,14.02441355,1.209735814
2006,207,11,22.152,517.684,207.085,258.705,55.445,23.635,0.8744,3.735,1.439333333,14.02441359,1.210303328
2006,207,12,21.7925,770.868,312.83,396.395,82.555,24.445,0.87705,4.405,1.439333333,14.0244137,1.210864572
2006,207,13,28.0085,478.722,194.2,240.5,54.5,25.935,0.80555,5.245,1.439333333,14.02441407,1.21141276
2006,207,14,37.693,602.945,249.62,305.02,68.25,27.46,0.77355,3.74,1.439333333,14.02441358,1.211936618
2006,207,15,48.695,483.897,198.88,242.425,54.9,28.78,0.7669,3.975,1.439333333,14.02441361,1.212429608
2006,207,16,60.11,384.813,156.27,186.79,41.5,29.105,0.78695,3.175,1.439333333,14.02441363,1.212901336
2006,207,17,71.499,33.189,9.79,10.69,3.77,27,0.88295,3.72,1.439333333,14.02210806,1.213395669
2006,207,18,82.509,5.865,1.12,0.36,0.885,24.38,0.9143,3.1,1.439333333,13.86752159,1.213946138
2006,207,19,93.017,0.506,0.005,0,0.075,24.795,0.9316,4.165,1.439333333,13.86644745,1.214522158
2006,207,20,102.652,0.46,0,0,0.525,23.45,0.9094,4.1,1.439333333,13.86656031,1.215102885
2006,207,21,110.727,0.874,0,0,0.105,22.805,0.94105,4.705,1.439333333,13.86670645,1.215691566
2006,207,22,116.7515,0.46,0,0,0.135,23.795,0.9308,2.745,1.439333333,13.86689068,1.21627906
2006,207,23,120.081,0.46,0,0,0.12,23.175,0.9691,2.26,1.439333333,13.867085,1.216865343
2006,208,0,120.2525,0.506,0,0,0.045,23.235,0.98125,2.685,1.397,13.86728964,1.217453546
2006,208,1,117.2405,0.46,0,0,0.155,22.945,0.9776,3.16,1.397,13.86749135,1.218042401
2006,208,2,111.4715,0.46,0,0,0.03,22.99,0.9597,2.975,1.397,13.86767364,1.218631926
2006,208,3,103.583,0.46,0,0,0.055,23.015,0.94905,3.335,1.397,13.86782545,1.21922124
2006,208,4,94.1085,2.645,0.85,0.6,0.545,23.425,0.92615,4.12,1.397,13.8679722,1.219809233
2006,208,5,83.626,94.576,39.38,46.66,11.985,23.25,0.93715,4.275,1.397,13.90371739,1.220394183
2006,208,6,72.6955,335.34,136.28,165.43,38.26,23.905,0.9123,4.795,1.397,13.9016771,1.2209752
2006,208,7,61.336,663.274,260.835,321.545,71.58,24.92,0.85555,5.695,1.397,13.90161457,1.221548649
2006,208,8,49.9205,1118.881,441.55,551.315,113.915,26.185,0.80105,5.595,1.397,13.90161356,1.222107346
2006,208,9,38.8695,1466.48,587.865,735.47,141.405,27.375,0.75605,6.05,1.397,13.90161363,1.222644649
2006,208,10,29.022,1386.302,559.23,697.24,136.285,28.36,0.7287,5.58,1.397,13.90161356,1.223158058
2006,208,11,22.3645,1533.088,623.395,782.02,157.02,29.035,0.7092,5.88,1.397,13.90161354,1.223650048
2006,208,12,22.0115,1102.551,444.68,559.25,120.11,29.245,0.72015,5.54,1.397,13.90161355,1.224129491
2006,208,13,28.19,483.598,188.945,233.83,52.285,28.555,0.75395,6.26,1.397,13.90161356,1.224615803
2006,208,14,37.8445,23.414,5.615,6.255,3.455,25.875,0.85305,5.82,1.397,13.87379505,1.225144775
2006,208,15,48.831,55.246,20.05,22.515,5.205,22.125,0.9407,6.555,1.397,13.42966498,1.22575078
2006,208,16,60.245,528.034,213.45,257.65,56.29,23.885,0.8835,3.8,1.397,13.4243406,1.226391961
2006,208,17,71.638,328.647,127.765,153.835,37.02,25.675,0.8848,3.845,1.397,13.4243178,1.227016379
2006,208,18,82.6535,62.284,24.91,27.705,6.66,25.66,0.89365,3.23,1.397,13.42431795,1.22762793
2006,208,19,93.173,3.335,0.965,0.735,0.495,25.235,0.90965,2.625,1.397,13.46990944,1.228240688
2006,208,20,102.831,0.414,0,0,0.005,24.815,0.9091,2.44,1.397,13.4815023,1.228856777
2006,208,21,110.924,0.322,0,0,0.02,24.365,0.90695,2.75,1.397,13.48188899,1.229477976
2006,208,22,116.9665,0.414,0,0,0.095,24.305,0.89305,2.49,1.397,13.48206143,1.230102192
2006,208,23,120.3065,0.46,0,0,0.09,23.535,0.92535,2.525,1.397,13.4822564,1.230730621
2006,209,0,120.4785,0.46,0,0,0.015,22.96,0.94915,2.21,0,13.48246263,1.231364606
2006,209,1,117.4555,0.46,0,0,0.05,22.54,0.961,3.11,0,13.48266381,1.232001519
2006,209,2,111.668,0.46,0,0,0.005,22.385,0.97045,2.45,0,13.4828466,1.232639678
2006,209,3,103.761,0.46,0,0,0.045,22.15,0.9801,2.63,0,13.48299835,1.233278469
2006,209,4,94.2655,3.427,0.585,0.23,0.155,21.87,0.98695,1.77,0,13.48316195,1.233917877
2006,209,5,83.768,68.356,27.38,30.135,6.54,21.865,0.9917,1.33,0,13.52926104,1.234554922
2006,209,6,72.832,252.402,105.73,126.715,27.95,22.775,0.98655,2.44,0,13.5267697,1.235188317
2006,209,7,61.468,625.945,262.345,320.795,69.815,23.855,0.95735,2.57,0,13.52667112,1.235816708
2006,209,8,50.0545,1159.706,472.555,578.815,117.735,25.75,0.87025,1.855,0,13.52666945,1.236429679
2006,209,9,39.0175,1455.992,600.76,743.01,144.66,26.895,0.8306,2.375,0,13.52666946,1.237018296
2006,209,10,29.201,1361.117,562.62,696.34,136.75,27.72,0.8088,1.87,0,13.52666942,1.237585776
2006,209,11,22.5835,1742.135,723.475,898.285,171.16,29.115,0.7303,1.52,0,13.52666943,1.238124056
2006,209,12,22.235,1573.269,652.385,809.315,154.815,29.795,0.69295,1.565,0,13.52666945,1.238630631
2006,209,13,28.378,1407.278,576.135,716.475,145.065,30.255,0.6726,1.87,0,13.5266695,1.239117639
2006,209,14,38.002,1423.102,569.74,715.245,149.21,30.245,0.67775,2.86,0,13.52666966,1.23959654
2006,209,15,48.976,1264.149,488.87,616.355,134.52,30.63,0.6151,3.375,0,13.52666947,1.24006845
2006,209,16,60.385,913.629,346.365,437.01,106.66,30.395,0.63745,2.955,0,13.52666949,1.240537548
2006,209,17,71.782,499.537,182.575,228.31,64.67,30.085,0.67965,2.295,0,13.52666943,1.241016798
2006,209,18,82.8025,154.79,53.46,64.665,22.345,28.92,0.76485,1.955,0,13.52666941,1.241521627
2006,209,19,93.3325,6.555,1.3,0.86,0.445,27.48,0.8245,1.97,0,13.55817739,1.242064414
2006,209,20,103.0145,0.207,0,0,0,26.665,0.8281,1.88,0,13.59743012,1.242631995
2006,209,21,111.1285,0.414,0,0,0,25.47,0.871,2.17,0,13.59842978,1.243217688
2006,209,22,117.189,0.414,0,0,0.015,24.42,0.89655,2.545,0,13.59861114,1.243821142
2006,209,23,120.5385,0.437,0,0,0.085,23.165,0.9469,2.835,0,13.59880278,1.244437402
2006,210,0,120.71,0.46,0,0,0.01,22.635,0.96125,2.08,0,13.59900582,1.245060209
2006,210,1,117.6745,0.46,0,0,0.025,22.085,0.9724,1.75,0,13.59920571,1.245685322
2006,210,2,111.8695,0.46,0,0,0,21.6,0.97975,1.84,0,13.59938802,1.246311607
2006,210,3,103.941,0.46,0,0,0,21.355,0.9857,2.01,0,13.59953942,1.246938121
2006,210,4,94.421,3.795,0.645,0.185,0.34,21.165,0.9883,2.225,0,13.59971267,1.247564511
2006,210,5,83.9085,119.761,44.06,48.755,14.74,21.6,0.9874,1.895,0,13.65087565,1.248187919
2006,210,6,72.969,435.252,167.09,201.65,53.595,23.28,0.96585,2.035,0,13.64971687,1.24880629
2006,210,7,61.6,669.967,266.445,326.06,75.66,24.81,0.92485,1.95,0,13.64967525,1.249414117
2006,210,8,50.1905,1070.535,427.815,529.68,112.76,26.395,0.8907,2.335,0,13.64967454,1.250001794
2006,210,9,39.1685,1476.163,593.24,741.12,145.495,27.75,0.86175,3.5,0,13.64967462,1.250561508
2006,210,10,29.3825,1686.268,686.56,853.63,159.3,29.29,0.80275,2.795,0,13.64967495,1.251084608
2006,210,11,22.8055,1597.465,652.655,814.385,155.99,30.16,0.7319,3.12,0,13.64967459,1.251570723
2006,210,12,22.461,1627.526,664.975,834.98,165.905,30.605,0.71265,3.755,0,13.64967473,1.25203392
2006,210,13,28.5725,1638.152,656.03,822.645,163.81,30.855,0.70905,4.3,0,13.6496752,1.2524842
2006,210,14,38.167,1534.813,607.735,763.125,159.16,31.185,0.691,4.45,0,13.64967456,1.25292326
2006,210,15,49.1255,1365.717,536.225,673.625,152.375,31.37,0.68905,3.99,0,13.64967458,1.253352061
2006,210,16,60.5315,1028.606,394.31,493.51,120.315,31.18,0.68335,3.94,0,13.64967461,1.253780963
2006,210,17,71.932,531.277,202.67,250.265,68.805,30.74,0.71825,2.495,0,13.64967455,1.254222358
2006,210,18,82.9605,159.229,59.99,72.14,23.145,29.365,0.8036,2.425,0,13.64967445,1.254697036
2006,210,19,93.5355,6.049,1.47,1.18,0.875,27.455,0.878,2.435,0,13.67676101,1.255221592
2006,210,20,103.204,0,0,0,0,26.52,0.9044,2.55,0,13.71278318,1.255778393
2006,210,21,111.336,0.023,0,0,0,25.88,0.90405,2.695,0,13.71374429,1.256348916
2006,210,22,117.4145,0.115,0,0,0,25.18,0.9204,2.62,0,13.71390643,1.256930703
2006,210,23,120.7755,0.391,0,0,0,24.535,0.9419,2.58,0,13.7140854,1.257522045
2006,211,0,120.946,0.391,0,0,0.005,24.03,0.95665,2.32,0,13.71428381,1.25812014
2006,211,1,117.898,0.46,0,0,0,23.35,0.9736,2.35,0,13.71447996,1.258723772
2006,211,2,112.0735,0.46,0,0,0.2,22.855,0.9749,2.515,0,13.71466174,1.259331621
2006,211,3,104.124,0.46,0,0,0,22.435,0.9718,0.61,0,13.7148133,1.259941816
2006,211,4,94.62,3.312,0.59,0.165,0.17,21.925,0.9815,1.84,0,13.71497433,1.260553561
2006,211,5,84.053,116.104,43.005,48.21,14.57,21.98,0.9652,1.715,0,13.76051226,1.261163008
2006,211,6,73.108,412.735,159.37,191.77,50.605,23.455,0.9245,1.65,0,13.75915968,1.261767017
2006,211,7,61.7365,793.109,310.275,384.75,89.87,25.37,0.91145,2.945,0,13.75911465,1.262357732
2006,211,8,50.3295,1153.726,454.41,568.24,120.805,26.84,0.87365,3.745,0,13.75911401,1.262924387
2006,211,9,39.32,1451.346,579.94,724.125,143.63,28.095,0.83345,3.79,0,13.75911388,1.263463189
2006,211,10,29.567,1660.692,671.28,835.015,155.04,29.105,0.80185,3.195,0,13.7591139,1.263973015
2006,211,11,23.033,1799.336,728.365,908.545,165.68,30.285,0.7552,3.22,0,13.75911395,1.264449516
2006,211,12,22.6965,1677.919,673.69,841.08,157.265,30.95,0.74765,3.395,0,13.75911411,1.264894174
2006,211,13,28.7725,1647.904,658.815,822.755,160.25,31.605,0.7314,3.14,0,13.75911408,1.265313656
2006,211,14,38.336,1459.327,569.045,715.06,146.045,31.935,0.7139,3.675,0,13.75911391,1.265713159
2006,211,15,49.28,1171.045,452.565,567.945,125.535,32.215,0.7014,3.315,0,13.75911391,1.266099719
2006,211,16,60.682,859.05,324.24,404.27,98.86,32.085,0.7179,3.24,0,13.75911392,1.266483043
2006,211,17,72.0855,477.135,176.795,216.12,61.72,31.54,0.7536,3.035,0,13.75911388,1.266880732
2006,211,18,83.1195,94.553,32.92,37.19,11.57,29.74,0.83635,2.655,0,13.75911387,1.267324054
2006,211,19,93.7075,6.578,2.065,1.58,1.26,28.3,0.87135,2.885,0,13.78864859,1.267820006
2006,211,20,103.3995,0,0,0,0.295,25.925,0.8192,3.175,0,13.80905951,1.268361624
2006,211,21,111.5505,0,0,0,0.005,24.21,0.86305,2.335,0,13.8096869,1.268938338
2006,211,22,117.6465,0.069,0,0,0.005,23.51,0.88585,2.285,0,13.80984203,1.269528809
2006,211,23,121.0185,0.276,0,0,0,23.045,0.9023,2.805,0,13.81001628,1.270123771
2006,212,0,121.1855,0.276,0,0,0,22.975,0.90205,2.83,0,13.81020675,1.270720363
2006,212,1,118.1265,0.322,0,0,0,22.805,0.9098,2.865,0,13.81039466,1.271317569
2006,212,2,112.279,0.391,0,0,0,22.675,0.93985,2.81,0,13.81056905,1.271915478
2006,212,3,104.3085,0.437,0,0,0.005,22.475,0.9596,1.93,0,13.81071728,1.272514063
2006,212,4,94.7815,2.806,0.435,0.115,0.205,22.32,0.9695,2.03,0,13.81086594,1.273113273
2006,212,5,84.198,112.493,40.225,45.15,13.86,22.69,0.96525,1.61,0,13.85089056,1.273709543
2006,212,6,73.2485,401.235,154.5,185.595,50.02,24.57,0.92225,1.96,0,13.84932711,1.274296381
2006,212,7,61.872,786.784,306.55,381.36,89.945,26.835,0.8588,2.605,0,13.84927831,1.274858591
2006,212,8,50.47,1170.378,461.27,576.905,121.725,28.79,0.7894,2.73,0,13.84927763,1.275378758
2006,212,9,39.4765,1473.84,590.18,736.955,143.065,30.125,0.74735,2.55,0,13.84927753,1.275853746
2006,212,10,29.755,1688.844,684.325,851.875,156.95,31.095,0.72865,2.585,0,13.84927768,1.276290234
2006,212,11,23.2635,1805.5,729.99,913.88,165.185,31.915,0.7129,3.58,0,13.84927824,1.276692842
2006,212,12,22.9365,1815.183,729.14,915.36,167.205,32.675,0.68035,4.31,0,13.84927752,1.277062635
2006,212,13,28.9785,1707.727,677.64,853.06,161.705,33.155,0.62535,4.785,0,13.84927757,1.277404807
2006,212,14,38.5125,1520.921,594.085,749.235,150.705,33.36,0.60055,4.5,0,13.84927772,1.277730994
2006,212,15,49.4415,1220.863,468.085,590.295,128.905,33.19,0.63845,4.395,0,13.84927755,1.27805635
2006,212,16,60.8385,863.466,325.445,406.905,99.38,32.85,0.6638,3.535,0,13.84927756,1.278393687
2006,212,17,72.2455,466.7211111,173.715,212.065,61.53,31.935,0.69115,3.375,0,13.84927751,1.278759191
2006,212,18,83.283,136.965,47.03,54.72,19.69,30.345,0.73025,3.495,0,13.84927739,1.279175719
2006,212,19,93.883,4.876,0.78,0.27,0.49,28.685,0.78055,3.625,0,13.87169221,1.279647576
2006,212,20,103.5995,0,0,0,0.05,27.62,0.8138,3.565,0,13.89788314,1.280155756
2006,212,21,111.771,0,0,0,0.035,26.47,0.85125,3.63,0,13.89868275,1.280688062
2006,212,22,117.8845,0.069,0,0,0.04,25.225,0.90995,2.605,0,13.8988401,1.281242506
2006,212,23,121.265,0.322,0,0,0,24.935,0.9165,2.96,0,13.89901487,1.281808466
2006,213,0,121.433,0.46,0,0,0.02,24.615,0.92715,2.575,0,13.89921154,1.282378258
2006,213,1,118.358,0.368,0,0,0,24.185,0.9429,2.81,0,13.89940671,1.28295227
2006,213,2,112.488,0.437,0,0,0,24.07,0.9493,2.6,0,13.89958358,1.283529044
2006,213,3,104.4965,0.437,0,0,0,23.97,0.94955,2.24,0,13.8997333,1.28410681
2006,213,4,94.945,2.852,0.42,0.05,0.23,23.455,0.9638,2.515,0,13.89988251,1.28468717
2006,213,5,84.3425,115,40.515,44.505,14.35,23.595,0.96375,3.085,0,13.93650075,1.28526664
2006,213,6,73.39,442.888,167.165,201.12,55.405,24.835,0.9353,3.68,0,13.93487127,1.285837685
2006,213,7,62.009,828.92,318.45,399.925,94.475,26.745,0.8707,4.7,0,13.93482279,1.286388263
2006,213,8,50.611,1192.527,465.82,589.405,125.08,28.395,0.79285,5.225,0,13.93482215,1.286904562
2006,213,9,39.635,1488.353,591.95,745.795,146.415,29.47,0.75065,5.36,0,13.93482201,1.287386244
2006,213,10,29.947,1699.194,685.075,858.305,160.8,30.455,0.7075,5.14,0,13.93482198,1.287836566
2006,213,11,23.4975,1815.367,733.905,924.455,172.63,31.16,0.6953,4.83,0,13.93482199,1.288257925
2006,213,12,23.182,1818.472,729.415,921.795,169.35,31.845,0.66775,4.785,0,13.934822,1.28865315
2006,213,13,29.191,1723.988,684.06,866.015,163.91,32.55,0.63075,4.735,0,13.93482204,1.289020173
2006,213,14,38.6945,1529.132,595.415,756.44,151.53,32.925,0.6158,4.375,0,13.93482213,1.289363921
2006,213,15,49.606,1200.531,457.22,581.31,126.645,32.7,0.61205,4.185,0,13.93482209,1.289704343
2006,213,16,60.9995,881.544,329.64,414.515,100.635,32.455,0.6487,2.865,0,13.934822,1.290055152
2006,213,17,72.41,485.277,177.25,215.57,62.135,31.755,0.69825,2.6,0,13.934822,1.290426048
2006,213,18,83.4525,138.138,47.76,55.105,19.35,30.405,0.74755,2.39,0,13.93482198,1.290837169
2006,213,19,94.1035,3.657,0.52,0.14,0.17,28.81,0.7784,2.98,0,13.95391233,1.291297521
2006,213,20,103.806,0,0,0,0.01,27.23,0.8556,2.735,0,13.97734999,1.291799622
2006,213,21,111.9955,0,0,0,0.015,26.775,0.86605,3.53,0,13.97811184,1.292323519
2006,213,22,118.1265,0,0,0,0.005,26.435,0.86705,4.415,0,13.97826674,1.292855175
2006,213,23,121.52,0,0,0,0.03,25.95,0.8821,4.21,0,13.97843086,1.293394235
2006,214,0,121.6815,0.046,0,0,0.005,25.24,0.9029,3.325,0,13.9786049,1.293942849
2006,214,1,118.591,0.391,0,0,0.015,24.54,0.9228,3.195,0,13.97878535,1.294501044
2006,214,2,112.703,0.46,0,0,0,23.975,0.9377,3.215,0,13.97896281,1.295066265
2006,214,3,104.686,0.46,0,0,0.03,23.54,0.94695,3.085,0,13.97911379,1.295635983
2006,214,4,95.149,2.806,0.385,0,0.195,23.215,0.9618,3.385,0,13.97926191,1.296208499
2006,214,5,84.4885,117.369,41.455,44.27,14.675,23.82,0.9452,3.805,0,14.0127262,1.296777784
2006,214,6,73.531,434.125,164.31,199.81,54.365,25.275,0.8921,4.685,0,14.01103627,1.297335394
2006,214,7,62.148,820.962,313.725,394.875,93.13,27.005,0.8077,5.835,0,14.01098795,1.29787083
2006,214,8,50.7555,1172.77,459.255,579.4,123.525,28.325,0.7536,5.935,0,14.01098716,1.298376177
2006,214,9,39.7945,1476.117,587.215,741.7,146.67,29.3,0.7155,5.985,0,14.01098723,1.29885285
2006,214,10,30.1405,1689.695,680.375,857.315,162.245,30.17,0.686,6.175,0,14.0109875,1.299302575
2006,214,11,23.738,1811.388,729.5,921.445,169.07,30.93,0.66335,5.875,0,14.01098724,1.299725616
2006,214,12,23.432,1822.773,729.8,923.56,170.105,31.79,0.6374,5.835,0,14.01098745,1.300119365
2006,214,13,29.4095,1716.835,678.875,859.45,163.3,32.415,0.64515,5.225,0,14.01098725,1.300483945
2006,214,14,38.882,1514.803,587.795,746.95,150.64,32.845,0.61555,5.045,0,14.01098727,1.300826383
2006,214,15,49.778,1209.386,460.165,584.32,128.05,33.025,0.624,4.46,0,14.01098718,1.301155486
2006,214,16,61.166,849.666,316.33,399.475,98.27,32.665,0.64475,3.94,0,14.01098718,1.301488555
2006,214,17,72.5785,462.116,167.86,204.41,59.78,31.735,0.66725,3.71,0,14.01098716,1.301849041
2006,214,18,83.625,123.579,41.955,47.385,16.635,29.94,0.7286,3.375,0,14.01098701,1.30226155
2006,214,19,94.29,2.599,0.24,0,0.155,28.53,0.7433,4.325,0,14.02751377,1.302725204
2006,214,20,104.0165,0,0,0,0.025,28.06,0.7591,4.485,0,14.04640404,1.303212633
2006,214,21,112.227,0,0,0,0.05,27.14,0.79365,4.155,0,14.04706934,1.303715332
2006,214,22,118.375,0,0,0,0.005,26.495,0.8258,3.755,0,14.04722241,1.304234379
2006,214,23,121.777,0.115,0,0,0,25.695,0.87725,1.85,0,14.04738899,1.304766358
2006,215,0,121.9365,0.437,0,0,0,25.165,0.9061,2.31,0,14.04757622,1.305308576
2006,215,1,118.8305,0.46,0,0,0,24.83,0.93255,1.95,0,14.04777218,1.305856543
2006,215,2,112.9175,0.46,0,0,0.125,24.995,0.93465,2.755,0,14.04795243,1.306405546
2006,215,3,104.8765,0.46,0,0,0.04,24.945,0.91945,1.275,0,14.04810247,1.306953826
2006,215,4,95.3175,0.782,0,0,0.4,23.96,0.8921,4.625,0,14.04821682,1.307507854
2006,215,5,84.6365,30.199,10.825,11.48,3.51,22.615,0.8975,2.375,0,14.0592789,1.308070742
2006,215,6,73.6755,255.208,101.64,124.69,28.955,22.65,0.91435,1.555,0,14.01778589,1.308639292
2006,215,7,62.2885,357.673,148.13,179.94,40.355,23.925,0.8677,1.12,0,14.01653752,1.309207121
2006,215,8,50.899,729.813,290.43,359.185,78.01,24.69,0.8467,3.49,0,14.01651719,1.309766871
2006,215,9,39.957,1141.835,453.805,568.555,117.92,25.84,0.78955,3.57,0,14.01651696,1.310315212
2006,215,10,30.3385,1586.862,635.52,799.94,159.24,27.39,0.74205,3.64,0,14.0165171,1.310841591
2006,215,11,23.982,1303.318,525.62,656.945,137.12,28.28,0.7069,4.1,0,14.01651766,1.311342505
2006,215,12,23.689,796.95,321.73,403.785,89.75,27.525,0.74575,5.34,0,14.01651695,1.311841862
2006,215,13,29.6335,888.306,359.38,452.07,102.725,26.635,0.77595,6.11,0,14.01651701,1.312359378
2006,215,14,39.0735,1312.196,518.795,652.235,138.135,27.24,0.745,5.005,0,14.01651715,1.312879848
2006,215,15,49.954,934.858,365.705,458.09,102.7,27.83,0.73365,5.22,0,14.01651698,1.313387698
2006,215,16,61.338,577.898,223.425,279.38,66.76,26.21,0.8154,6.965,0,14.016517,1.313906142
2006,215,17,72.754,181.884,73.19,89.2,22.29,25.065,0.84725,6.525,0,14.01651694,1.314449164
2006,215,18,83.803,50.623,20.32,22.95,7.375,23.845,0.8726,4.77,0,14.01650902,1.315007258
2006,215,19,94.482,3.68,0.73,0.535,1,22.615,0.90065,3.47,0,14.02012939,1.315575306
2006,215,20,104.234,0.437,0,0,0.1,21.41,0.9452,2.03,0,14.02462778,1.316147603
2006,215,21,112.4615,0.46,0,0,0.05,20.545,0.9633,1.91,0,14.02489569,1.31671967
2006,215,22,118.6295,0.437,0,0,0.005,20.115,0.9784,1.13,0,14.02506517,1.317289922
2006,215,23,122.039,0.46,0,0,0,19.745,0.9847,0.875,0,14.02525534,1.317858301
2006,216,0,122.1945,0.46,0,0,0.175,18.525,0.99315,1.555,0,14.0254566,1.318421222
2006,216,1,119.072,0.46,0,0,0,17.815,0.999375,1.455,0,14.02565438,1.318975142
2006,216,2,113.1345,0.46,0,0,0.04,17.64,1,1.74,0,14.02583517,1.319523939
2006,216,3,105.0715,0.46,0,0,0.11,17.245,0.998,2.13,0,14.02598641,1.320069055
2006,216,4,95.4865,2.323,0.295,0.04,0.325,16.82,0.998,2.44,0,14.02612674,1.320608474
2006,216,5,84.7845,99.912,33.365,43.44,18.92,16.885,0.996,1.05,0,14.05720618,1.321143275
2006,216,6,73.8195,439.921,176.28,209.84,56.535,18.5,0.99255,0.96,0,14.05511365,1.321687353
2006,216,7,62.4295,829.932,331.875,411.995,96.425,21.875,0.88915,2.32,0,14.05505351,1.322251395
2006,216,8,51.045,1187.536,482.85,605.695,128.55,24.61,0.7308,2.595,0,14.05505254,1.322813545
2006,216,9,40.1215,1491.458,612.725,770.64,150.3,26.385,0.59645,2.68,0,14.05505261,1.323353376
2006,216,10,30.539,1701.356,707.25,885.6,163.235,27.225,0.55345,2.76,0,14.05505253,1.323871637
2006,216,11,24.2305,1665.89,696.245,867.23,156.89,27.945,0.5381,2.39,0,14.05505254,1.324373724
2006,216,12,23.9505,1431.566,593.875,741.25,140.565,28.23,0.5222,2.83,0,14.05505256,1.324864195
2006,216,13,29.8625,1700.919,711.54,882.165,170.025,29.01,0.4875,2.02,0,14.05505261,1.325341112
2006,216,14,39.274,1423.401,588.205,733.205,154.14,29.04,0.4996,1.98,0,14.05505276,1.325807138
2006,216,15,50.1375,1102.344,448.09,561.98,125.495,29.02,0.4895,1.995,0,14.05505258,1.326273024
2006,216,16,61.5145,657.754,272.755,338.22,81.295,28.82,0.52205,1.315,0,14.05505259,1.326741956
2006,216,17,72.933,469.223,193.765,245.035,71.615,28.49,0.55765,1.24,0,14.05505254,1.327218032
2006,216,18,83.9855,91.448,32.335,36.495,11.195,25.98,0.70185,1.125,0,14.0550525,1.32772675
2006,216,19,94.7175,3.335,0.525,0.235,0.035,25.455,0.6692,1.1,0,14.06806539,1.328262946
2006,216,20,104.4545,0.207,0,0,0,25.09,0.653,1.26,0,14.08056707,1.328803856
2006,216,21,112.7025,0.024210526,0,0,0,24.16,0.7034,1.34,0,14.08107314,1.329351708
2006,216,22,118.8855,0.161,0,0,0,22.92,0.75625,1.465,0,14.08122738,1.329909246
2006,216,23,122.3075,0.414,0,0,0,21.925,0.7944,1.565,0,14.08140615,1.330472579
2006,217,0,122.4595,0.414,0,0,0,20.475,0.84935,1.66,0,14.08160346,1.331037039
2006,217,1,119.3185,0.46,0,0,0.01,19.365,0.89705,2.26,0,14.08179878,1.331597567
2006,217,2,113.3555,0.46,0,0,0,19.11,0.91425,1.875,0,14.08197902,1.332153883
2006,217,3,105.2655,0.46,0,0,0,18.88,0.9259,1.565,0,14.08212979,1.332708274
2006,217,4,95.697,2.553,0.69,0.295,0.165,18.595,0.9421,1.58,0,14.08227402,1.333260417
2006,217,5,84.9335,117.139,47.1,52.115,17.08,18.68,0.919,2.82,0,14.11259257,1.3338096
2006,217,6,73.965,435.712,169.66,207.625,56.3,19.995,0.9013,2.04,0,14.1108006,1.334362372
2006,217,7,62.573,828.897,327.115,412.34,97.945,22.775,0.7868,2.31,0,14.11075099,1.334922138
2006,217,8,51.1935,1158.579,467.785,591.75,127.935,24.595,0.7061,3.07,0,14.11075037,1.335474323
2006,217,9,40.288,1501.647,614.945,779.035,156.67,26.045,0.6384,3.85,0,14.11075022,1.3360095
2006,217,10,30.742,1650.066,680.97,860.45,164.845,26.93,0.58705,3.505,0,14.1107504,1.336526619
2006,217,11,24.4835,1767.32,731.09,923.755,170.485,27.5,0.5418,3.8,0,14.1107504,1.337029849
2006,217,12,24.216,1835.147,760.185,956.79,176.875,28.065,0.53915,3.095,0,14.11075019,1.337520794
2006,217,13,30.098,1754.762,721.565,909.52,177.365,28.26,0.5319,4.52,0,14.11075021,1.338002864
2006,217,14,39.4765,1393.501,568.91,717.24,150.605,28.24,0.544,4.69,0,14.11075024,1.338482808
2006,217,15,50.325,1029.94,416.5,522.615,118.855,28.08,0.53245,4.17,0,14.11075031,1.338964941
2006,217,16,61.6975,903.647,359.635,450.625,113.13,28.045,0.5398,4.005,0,14.11075021,1.339449419
2006,217,17,73.118,445.694,174.6,215.4,60.33,27.45,0.5796,2.445,0,14.11075018,1.339941151
2006,217,18,84.1715,126.868,49.515,59.33,19.175,26.61,0.63275,1.56,0,14.1107502,1.340448062
2006,217,19,94.9215,3.749,0.975,0.78,0.36,25.025,0.6975,2.11,0,14.12240358,1.340975245
2006,217,20,104.68,0.322,0,0,0,22.74,0.7968,2.435,0,14.13981647,1.3415228
2006,217,21,112.95,0.276,0,0,0,22.18,0.8049,2.545,0,14.14050256,1.342077987
2006,217,22,119.1505,0.138,0,0,0,21.08,0.8518,2.72,0,14.14066569,1.342634518
2006,217,23,122.579,0.299,0,0,0.005,20.69,0.8524,2.535,0,14.1408405,1.343190572
2006,218,0,122.725,0.46,0,0,0,20.13,0.85675,2.925,0,14.14103411,1.343745238
2006,218,1,119.5665,0.46,0,0,0,19.81,0.8667,2.355,0,14.14123089,1.344298007
2006,218,2,113.58,0.437,0,0,0,19.84,0.86575,1.955,0,14.14141022,1.344850001
2006,218,3,105.4635,0.46,0,0,0.01,19.05,0.89745,2.875,0,14.14156,1.345399574
2006,218,4,95.8725,1.817,0.185,0,0.035,18.15,0.92835,2.445,0,14.1416905,1.345942323
2006,218,5,85.08,102.212,37.19,39.4,12.765,17.94,0.94135,1.925,0,14.16680494,1.346477809
2006,218,6,74.1135,425.224,164.66,198.06,53.255,20.34,0.88875,1.145,0,14.16454377,1.347021195
2006,218,7,62.716,808.473,321.115,398.44,94.155,22.885,0.79785,1.985,0,14.16448267,1.347573652
2006,218,8,51.3435,1156.992,464.185,580.235,123.75,25.01,0.70415,2.445,0,14.16448171,1.348116202
2006,218,9,40.4565,1472.989,599.745,749.895,146.945,26.83,0.633,2.58,0,14.16448176,1.348635409
2006,218,10,30.9495,1713.155,706.885,879.67,163.64,28.02,0.58155,2.485,0,14.1644817,1.349127403
2006,218,11,24.739,1691.972,702.185,868.15,155.15,28.9,0.51,1.625,0,14.16448174,1.349595643
2006,218,12,24.4875,1765.71,734.25,902.015,158.74,30.035,0.48605,0.875,0,14.16448188,1.350036629
2006,218,13,30.3405,1703.932,700.755,859.195,158.06,30.095,0.50385,1.395,0,14.16448233,1.350459844
2006,218,14,39.688,892.4,362.275,447.985,92.71,29.455,0.52605,3.145,0,14.16448171,1.350891894
2006,218,15,50.5175,1010.413,399.99,498.015,111.68,29.485,0.576,4.36,0,14.16448174,1.351333017
2006,218,16,61.8845,832.738,317.895,395.805,96.62,29.635,0.5141,4.78,0,14.16448174,1.351771517
2006,218,17,73.307,434.838,163.835,199.19,56.345,29.175,0.58235,2.915,0,14.16448169,1.352214478
2006,218,18,84.361,105.777,37.79,43.78,14.66,27.23,0.6644,2.635,0,14.16448159,1.352688555
2006,218,19,95.1665,2.024,0.225,0.035,0.02,25.755,0.71975,2.65,0,14.17300311,1.353197908
2006,218,20,104.911,0.023,0,0,0,24.51,0.76765,3.005,0,14.18568448,1.353726442
2006,218,21,113.201,0,0,0,0,23.57,0.78605,2.735,0,14.1862271,1.354265771
2006,218,22,119.42,0,0,0,0,22.6,0.787,1.985,0,14.18637725,1.354811734
2006,218,23,122.857,0.046,0,0,0,22.835,0.75495,1.785,0,14.18654102,1.355359538
2006,219,0,122.9985,0,0,0,0,22.51,0.79745,1.87,0,14.18671403,1.355907491
2006,219,1,119.82,0.023,0,0,0,22.17,0.8573,1.66,0,14.18688292,1.35645654
2006,219,2,113.8065,0.069,0,0,0.075,22.45,0.8927,2.045,0,14.18703919,1.357005655
2006,219,3,105.6625,0.092,0,0,0.22,23.54,0.8488,1.7,0,14.18717135,1.357551938
2006,219,4,96.049,0.575,0,0,0.42,23.265,0.8892,2.185,0,14.18727486,1.358096025
2006,219,5,85.23,29.463,10.67,10.12,2.805,23.49,0.86845,2.94,0,14.19644669,1.358639628
2006,219,6,74.2605,243.317,99.855,117.145,26.055,23.335,0.89365,2.735,0,14.14927643,1.359185657
2006,219,7,62.862,467.705,193.995,234.495,52.91,25.435,0.81625,3.625,0,14.14792792,1.359726372
2006,219,8,51.496,404.57,164.09,197.675,44.36,25.045,0.8074,5.165,0,14.14790624,1.360257967
2006,219,9,40.63,232.714,93.06,111.25,26.08,24.8,0.83245,2.67,0,14.14790597,1.360793542
2006,219,10,31.1605,534.727,211.965,262.79,57.88,24.62,0.879,2.635,0,14.1479061,1.36133157
2006,219,11,25,495.305,198.05,246.62,55.74,24.875,0.8626,2.85,0,14.14790659,1.361869174
2006,219,12,24.763,757.666,309.21,379.545,83.205,25.61,0.8436,2.505,0,14.14790598,1.362400679
2006,219,13,30.5875,929.016,377.02,466.265,100.83,26.935,0.77295,1.94,0,14.14790604,1.362916591
2006,219,14,39.9035,950.153,379.26,467.82,100.735,27.93,0.6908,1.76,0,14.1479062,1.363410558
2006,219,15,50.716,990.817,389.095,483.19,107.19,28.08,0.6821,2.38,0,14.14790599,1.363891917
2006,219,16,62.0765,609.845,242.43,298.415,68.16,27.83,0.7179,2.285,0,14.14790601,1.364374435
2006,219,17,73.5,357.696,138.505,168.445,42.185,27.265,0.76115,1.995,0,14.14790595,1.364866044
2006,219,18,84.5565,84.709,30.055,33.165,8.86,26.755,0.7914,1.25,0,14.14790597,1.365368746
2006,219,19,95.382,1.978,0.15,0.025,0.205,25.09,0.8748,2.275,0,14.1516363,1.365889929
2006,219,20,105.147,0.345,0,0,0.08,23.815,0.9118,2.405,0,14.16042352,1.366429363
2006,219,21,113.456,0.437,0,0,0,23.075,0.92805,2.22,0,14.16086386,1.366976801
2006,219,22,119.6935,0.345,0,0,0,23.135,0.8956,2.745,0,14.16103129,1.367526332
2006,219,23,123.138,0,0,0,0.12,22.05,0.79365,3.63,0,14.16120493,1.368078013
2006,220,0,123.2735,0.023,0,0,0.05,21.355,0.7362,4,0,14.16137721,1.368631709
2006,220,1,120.0745,0,0,0,0.02,20.99,0.6876,3.815,0,14.16154693,1.36918532
2006,220,2,114.0345,0,0,0,0.06,20.015,0.74235,3.36,0,14.16170202,1.369737332
2006,220,3,105.8635,0,0,0,0,20.24,0.72155,3.455,0,14.1618322,1.370287989
2006,220,4,96.2275,0.644,0.025,0,0.025,20.175,0.7375,1.85,0,14.16193616,1.370838984
2006,220,5,85.417,61.847,24.725,28.06,6.885,19.67,0.806,2.205,0,14.18153354,1.371387235
2006,220,6,74.4105,148.971,60.28,71.265,16.73,20.195,0.76405,3.68,0,14.17603367,1.37193455
2006,220,7,63.009,295.366,119.045,144.145,32.24,20.325,0.7786,3.63,0,14.17587784,1.372483792
2006,220,8,51.6495,822.94,333.43,415.125,91.48,21.375,0.75355,3.545,0,14.17587536,1.373034727
2006,220,9,40.802,820.686,337.79,417.845,90.72,22.77,0.70925,2.655,0,14.17587533,1.373585689
2006,220,10,31.375,1522.669,621.58,777.86,153.835,23.99,0.6704,2.19,0,14.17587536,1.374131298
2006,220,11,25.2645,1012.874,422.46,520.815,107.69,25.175,0.63465,1.395,0,14.17587531,1.374666706
2006,220,12,25.045,709.941,292.325,362.665,81.935,25.45,0.62955,2,0,14.17587533,1.375193611
2006,220,13,30.8385,647.496,259.325,321.99,73.375,25.045,0.67775,3.55,0,14.17587536,1.375721355
2006,220,14,40.124,471.017,184.92,227.96,53.38,23.56,0.7826,3.535,0,14.17587544,1.376259478
2006,220,15,50.9205,676.568,274.1,337.06,75.5,24.06,0.75295,3.61,0,14.17587561,1.376802199
2006,220,16,62.274,299.299,120.66,147.73,35.115,23.57,0.7631,2.65,0,14.17587533,1.377344882
2006,220,17,73.7005,300.173,117.93,142.9,34.745,23.665,0.7646,2.84,0,14.17587532,1.377889091
2006,220,18,84.753,54.533,19.99,21.805,5.155,22.85,0.79955,2.145,0,14.17587398,1.378435576
2006,220,19,95.601,0.621,0,0,0.025,21.785,0.8674,1.92,0,14.16678503,1.378986719
2006,220,20,105.3885,0.276,0,0,0,21.96,0.85715,2.56,0,14.17044777,1.379539287
2006,220,21,113.7175,0.115,0,0,0,22.08,0.85685,1.88,0,14.17069784,1.380091361
2006,220,22,119.971,0.115,0,0,0.12,21.82,0.8727,1.725,0,14.17084835,1.380643514
2006,220,23,123.4265,0.138,0,0,0.235,21.005,0.94955,1.735,0,14.17101797,1.381195887
2006,221,0,123.553,0.322,0,0,0.255,20.685,0.97115,2.39,0.762,14.17120223,1.381747616
2006,221,1,120.3335,0.506,0,0,0.37,19.78,0.9708,2.73,0.762,14.17139509,1.382297291
2006,221,2,114.264,0.46,0,0,0.19,19.79,0.9449,2.375,0.762,14.17157698,1.382844874
2006,221,3,106.066,0.506,0,0,0.115,19.95,0.97285,2.575,0.762,14.17172895,1.383392893
2006,221,4,96.407,0.966,0.025,0,0.145,20.18,0.97725,3.41,0.762,14.17184903,1.383941862
2006,221,5,85.57,29.9,10.595,9.41,3.165,20.465,0.98205,2.25,0.762,14.18316879,1.384491125
2006,221,6,74.5605,490.199,197.42,235.165,60.22,21.605,0.95155,3.705,0.762,14.13945671,1.385044415
2006,221,7,63.156,330.372,134.19,160.575,38.035,22.66,0.90765,3.065,0.762,14.13821135,1.385600556
2006,221,8,51.8035,472.029,193.795,233.155,51.08,22.485,0.92255,2.49,0.762,14.13819115,1.386155668
2006,221,9,40.979,918.137,379.695,469.825,101.445,23.585,0.90525,2.84,0.762,14.1381909,1.386708557
2006,221,10,31.59,1023.638,418.465,517.015,110.86,24.73,0.86745,2.07,0.762,14.13819101,1.387253334
2006,221,11,25.5325,170.154,62.465,77.305,18.39,23.14,0.9007,5.01,0.762,14.13819139,1.38779989
2006,221,12,25.33,268.617,101.68,121.725,25.515,21.235,0.955,1.26,0.762,14.13819093,1.38835564
2006,221,13,31.096,408.963,159.77,195.255,42.3,22.42,0.9126,1.955,0.762,14.13819101,1.388912325
2006,221,14,40.3505,802.01,327.54,398.73,85.495,23.43,0.86865,1.305,0.762,14.13819124,1.389465797
2006,221,15,51.128,1230.914,491.215,595.015,126.005,26.13,0.74215,1.065,0.762,14.13819092,1.390003256
2006,221,16,62.475,749.846,293.305,358.68,82.175,26.415,0.7377,0.825,0.762,14.13819093,1.390520687
2006,221,17,73.9025,465.635,179.14,216.49,55.245,26.68,0.73755,1.185,0.762,14.13819085,1.391033333
2006,221,18,84.955,91.103,33.44,38.85,12.18,25.36,0.8078,1.41,0.762,14.1381909,1.391554655
2006,221,19,95.8635,1.656,0.12,0,0.21,23.81,0.88985,2.485,0.762,14.14074025,1.392094838
2006,221,20,105.6335,0.184,0,0,0,22.61,0.9386,2.185,0.762,14.14988723,1.392645735
2006,221,21,113.982,0.253,0,0,0,21.935,0.9629,2.26,0.762,14.15034528,1.393200064
2006,221,22,120.255,0.092,0,0,0.005,21.77,0.9574,2.08,0.762,14.15050137,1.393755206
2006,221,23,123.7165,0.046,0,0,0,21.615,0.95325,2.325,0.762,14.15066754,1.394310472
2006,222,0,123.836,0.046,0,0,0,21.445,0.9508,2.405,0.03175,14.15084133,1.394865774
2006,222,1,120.594,0.092,0,0,0.01,21.275,0.96085,2.28,0.03175,14.15101475,1.395421021
2006,222,2,114.4965,0.161,0,0,0,21.35,0.97445,1.88,0.03175,14.15117627,1.395976222
2006,222,3,106.271,0.322,0,0,0,21.315,0.98405,2.23,0.03175,14.1513174,1.396531413
2006,222,4,96.5865,1.265,0.13,0,0.09,21.9,0.98975,2.46,0.03175,14.15143859,1.397086567
2006,222,5,85.7215,69.897,26.03,27.935,8.33,22.125,0.9835,2.065,0.03175,14.17669953,1.397639562
2006,222,6,74.712,374.233,147.05,175.76,45.54,23.345,0.96575,3.085,0.03175,14.17277724,1.398188733
2006,222,7,63.3045,723.718,286.81,350.23,79.955,25.55,0.899,3.45,0.03175,14.17266287,1.398725461
2006,222,8,51.9605,690.253,276.33,337.895,73.245,27.1,0.83445,3.37,0.03175,14.17266103,1.399237167
2006,222,9,41.1555,562.097,225.87,275.255,59.655,27.48,0.83815,3.37,0.03175,14.17266104,1.399731144
2006,222,10,31.811,418.646,163.975,205.96,47.92,25.03,0.87365,7.26,0.03175,14.172661,1.400243474
2006,222,11,25.8065,615.825,250.84,309.095,66.19,24.975,0.76285,3.68,0.03175,14.17266101,1.400774753
2006,222,12,25.62,975.108,383.765,499.455,103.335,24.82,0.78055,4.1,0.03175,14.17266104,1.401307282
2006,222,13,31.358,895.39,359.09,447.96,95.935,26.16,0.72835,3.935,0.03175,14.1726611,1.401831951
2006,222,14,40.583,414.92,165.32,201.71,46.02,25.665,0.76025,3.345,0.03175,14.17266129,1.402350662
2006,222,15,51.341,243.8,91.335,110.92,24.975,24.71,0.84,3.24,0.03175,14.17266104,1.4028795
2006,222,16,62.6825,230.161,90.865,108.815,25.045,24.065,0.87315,3.145,0.03175,14.17266105,1.403417497
2006,222,17,74.111,290.49,114.665,140.38,37.32,23.915,0.8754,2.63,0.03175,14.17266093,1.40395922
2006,222,18,85.159,127.098,47.945,56.07,16.425,24.105,0.87565,1.415,0.03175,14.17266102,1.404500769
2006,222,19,96.0975,1.495,0.145,0.005,0.075,22.86,0.92835,1.01,0.03175,14.17617685,1.405045898
2006,222,20,105.8835,0.46,0,0,0.015,22.515,0.944,1.48,0.03175,14.18885839,1.405594366
2006,222,21,114.253,0.46,0,0,0.025,21.855,0.97055,1.935,0.03175,14.18947933,1.406143432
2006,222,22,120.543,0.46,0,0,0.31,21.725,0.9769,1.86,0.03175,14.18965235,1.406693141
2006,222,23,124.0125,0.46,0,0,0.19,21.53,0.95415,0.985,0.03175,14.18984088,1.407242934
2006,223,0,124.125,0.46,0,0,0.01,21.415,0.9461,1.425,0,14.19004035,1.407792729
2006,223,1,120.861,0.46,0,0,0.075,20.905,0.96435,1.55,0,14.19023715,1.408342272
2006,223,2,114.731,0.46,0,0,0.01,21.075,0.9666,1.78,0,14.19041861,1.408891583
2006,223,3,106.4765,0.46,0,0,0,20.935,0.9712,1.1,0,14.19057109,1.409440897
2006,223,4,96.7665,0.736,0,0,0.095,20.71,0.9815,1.21,0,14.19068853,1.409989836
2006,223,5,85.8735,34.477,13.86,14.985,3.835,20.825,0.98565,1.135,0,14.20872239,1.41053737
2006,223,6,74.8645,199.847,81.845,97.815,23.005,20.86,0.95625,4.405,0,14.17964393,1.411085856
2006,223,7,63.456,322.483,135.395,164.27,36.535,20.02,0.9351,5.16,0,14.17874309,1.411635229
2006,223,8,52.118,298.034,120.31,145.58,32.42,19.825,0.92185,5.17,0,14.17872838,1.41218253
2006,223,9,41.337,456.757,191.635,236.275,54.595,20.14,0.89425,5.885,0,14.17872824,1.412730126
2006,223,10,32.033,610.512,255.165,316.485,71.625,21.24,0.862,5.84,0,14.17872847,1.413280262
2006,223,11,26.081,806.541,339.195,426.42,97.905,22.385,0.8298,6.745,0,14.1787283,1.413831297
2006,223,12,25.9155,707.227,295.61,369.8,84.045,22.53,0.82465,6.295,0,14.17872829,1.414381141
2006,223,13,31.626,668.978,280.795,349.735,78.965,22.49,0.81355,5.2,0,14.1787282,1.414930815
2006,223,14,40.819,960.112,402.565,498.285,110.15,23.675,0.77975,4.645,0,14.17872821,1.415477785
2006,223,15,51.56,840.328,347.805,428.59,98.06,24.21,0.7787,3.375,0,14.17872822,1.416019031
2006,223,16,62.893,558.095,228.88,279.955,64.67,24.765,0.7534,3.44,0,14.17872824,1.416555203
2006,223,17,74.324,188.945,77.25,91.12,20.745,23.86,0.8208,2.205,0,14.17872811,1.417093042
2006,223,18,85.4045,51.589,19.855,21.395,5.11,23.085,0.8435,1.31,0,14.17872115,1.417637778
2006,223,19,96.333,0.759,0.035,0,0.01,22.755,0.80755,1.96,0,14.16099672,1.418187
2006,223,20,106.1385,0.023,0,0,0,22.56,0.80345,2.815,0,14.163821,1.418738416
2006,223,21,114.5295,0.138,0,0,0.145,21.17,0.8701,3.25,0,14.16404549,1.419291384
2006,223,22,120.835,0.46,0,0,0.06,20.225,0.90145,3.39,0,14.16420268,1.419843632
2006,223,23,124.3125,0.391,0,0,0,20.15,0.85015,3.45,0,14.16438948,1.420394205
2006,224,0,124.416,0.069,0,0,0.085,19.625,0.8521,3.595,0.010583333,14.16457639,1.420943282
2006,224,1,121.128,0,0,0,0.16,18.915,0.8652,3.92,0.010583333,14.16474825,1.421488454
2006,224,2,114.968,0,0,0,0.185,18.14,0.87915,3.525,0.010583333,14.16490454,1.422027381
2006,224,3,106.682,0,0,0,0.065,17.58,0.8575,3.315,0.010583333,14.16503599,1.422559299
2006,224,4,96.9505,0.69,0,0,0.095,16.965,0.8433,3.585,0.010583333,14.16514241,1.423083904
2006,224,5,86.068,75.049,28.495,29.155,9.84,16.605,0.83025,3.92,0.010583333,14.19203684,1.423599942
2006,224,6,75.0175,377.752,147.355,179,48.715,17.37,0.7984,3.985,0.010583333,14.18861433,1.424117274
2006,224,7,63.606,769.258,301.555,380.015,90.455,18.725,0.7689,4.065,0.010583333,14.18851348,1.424647904
2006,224,8,52.2775,1145.998,457.3,579.07,124.38,20.52,0.7304,3.385,0.010583333,14.18851186,1.425191742
2006,224,9,41.5215,1446.194,590.425,744.505,147.26,22.425,0.686,2.425,0.010583333,14.18851188,1.425741241
2006,224,10,32.26,1663.36,689.925,863.165,159.9,23.72,0.6556,2.16,0.010583333,14.18851183,1.426286856
2006,224,11,26.361,1775.853,737.58,924.135,166.79,24.55,0.6567,3.32,0.010583333,14.18851185,1.426825021
2006,224,12,26.214,1706.83,713.26,887.28,160.585,25.195,0.61985,2.865,0.010583333,14.18851186,1.427355628
2006,224,13,31.8995,1585.942,653.83,815.24,154.605,25.655,0.5991,3.245,0.010583333,14.1885119,1.427879304
2006,224,14,41.061,1396.951,569.715,708.845,142.35,25.855,0.5819,3.055,0.010583333,14.18851202,1.428398323
2006,224,15,51.7835,965.333,385.16,475.795,104.105,25.765,0.58825,3.08,0.010583333,14.18851191,1.428916527
2006,224,16,63.11,802.585,317.965,390.43,95.605,25.78,0.58795,3.175,0.010583333,14.18851186,1.429435292
2006,224,17,74.5425,392.288,151.315,184.525,52.595,25.08,0.6388,2.755,0.010583333,14.18851185,1.429958858
2006,224,18,85.618,84.18,29.995,34.14,11.905,23.075,0.74385,2.61,0.010583333,14.1885117,1.430497047
2006,224,19,96.575,1.127,0.02,0,0.025,21.575,0.80015,2.595,0.010583333,14.18612287,1.431045765
2006,224,20,106.397,0.322,0,0,0,20.255,0.837,2.79,0.010583333,14.19333425,1.431594793
2006,224,21,114.807,0,0,0,0.035,19.04,0.8563,2.755,0.010583333,14.19373986,1.432138308
2006,224,22,121.131,0,0,0,0,18.295,0.85205,2.485,0.010583333,14.19388622,1.432674554
2006,224,23,124.615,0,0,0,0,17.98,0.816,2.525,0.010583333,14.19404785,1.433205632
2006,225,0,124.7095,0,0,0,0,18.015,0.76055,2.765,0,14.19421919,1.433735184
2006,225,1,121.3975,0,0,0,0,17.28,0.77865,3,0,14.19438836,1.434260601
2006,225,2,115.2065,0,0,0,0,16.4,0.80475,3.045,0,14.19454385,1.43477526
2006,225,3,106.891,0,0,0,0,15.745,0.82735,2.57,0,14.19467486,1.435278029
2006,225,4,97.133,0.667,0.065,0,0.055,15.415,0.8274,2.43,0,14.19478066,1.435772305
2006,225,5,86.2225,88.274,35.245,37.7,10.91,15.375,0.8258,2.4,0,14.22200624,1.436261491
2006,225,6,75.1695,401.971,162.33,194,50.73,16.495,0.825,2.15,0,14.21932224,1.436758486
2006,225,7,63.7575,761.001,306.83,381.97,88.055,18.625,0.7579,2.135,0,14.21924548,1.437278962
2006,225,8,52.4385,1132.727,463.05,577.69,120.905,21.345,0.70785,2.14,0,14.21924426,1.437819913
2006,225,9,41.7055,1435.982,595.71,741.9,143.09,23.84,0.6361,1.59,0,14.2192443,1.438362703
2006,225,10,32.489,1655.678,692.035,861.385,157.43,25.285,0.5664,1.67,0,14.21924424,1.438892262
2006,225,11,26.645,1694.962,708.05,881.29,156.49,26.16,0.5615,1.5,0,14.21924427,1.439407534
2006,225,12,26.5185,1643.166,710.05,883.335,162.25,26.48,0.5623,1.87,0,14.21924435,1.439913564
2006,225,13,32.1775,1530.903,632.675,784.695,150.015,26.925,0.55425,1.79,0,14.21924463,1.440412916
2006,225,14,41.3085,1373.054,557.45,699.41,141.905,27.08,0.5694,2.625,0,14.21924427,1.440906694
2006,225,15,52.012,979.8,395.16,490.63,107.49,27.12,0.5757,2.565,0,14.21924431,1.441398583
2006,225,16,63.3305,621.598,249.87,305.63,71.87,26.81,0.6141,2.52,0,14.21924433,1.441893068
2006,225,17,74.764,316.848,128.385,154.7,38.565,26.055,0.7024,1.71,0,14.21924425,1.442397122
2006,225,18,85.833,75.739,29.545,34.015,9.65,24.98,0.76325,1.98,0,14.21924423,1.442915245
2006,225,19,96.8185,0.575,0,0,0.01,23.265,0.80535,2.675,0,14.21409068,1.44344929
2006,225,20,106.6605,0.345,0,0,0,21.65,0.8632,2.83,0,14.22001339,1.44399336
2006,225,21,115.092,0.069,0,0,0.02,20.59,0.89885,3.22,0,14.22037062,1.444538478
2006,225,22,121.432,0.023,0,0,0.02,20.33,0.90255,3.345,0,14.2205186,1.445082181
2006,225,23,124.924,0,0,0,0.01,20.615,0.9006,3.56,0,14.2206811,1.445625901
2006,226,0,125.008,0,0,0,0.025,20.76,0.9121,3.325,0.127,14.22085196,1.446170248
2006,226,1,121.67,0,0,0,0.005,20.98,0.9185,3.07,0.127,14.22102116,1.446714994
2006,226,2,115.4485,0.023,0,0,0.015,21.115,0.9341,3.19,0.127,14.22117643,1.447260035
2006,226,3,107.102,0.023,0,0,0,21.535,0.93025,3.76,0.127,14.22130837,1.447805318
2006,226,4,97.3175,0.46,0,0,0.28,21.585,0.9472,3.105,0.127,14.22141134,1.448350652
2006,226,5,86.379,30.337,11.77,12.305,3.33,21.94,0.9561,2.66,0.127,14.23367012,1.448894981
2006,226,6,75.3255,129.582,54.22,62.61,13.92,22.475,0.95085,2.805,0.127,14.19396631,1.449440524
2006,226,7,63.913,282.21,117.235,138.515,29.415,23.155,0.93355,3.605,0.127,14.19263066,1.449986893
2006,226,8,52.6015,787.612,319.625,387.57,79.44,24.27,0.8682,4.665,0.127,14.19260892,1.450527895
2006,226,9,41.8925,950.82,392.09,478.515,99.15,24.83,0.84115,5.33,0.127,14.19260864,1.451061515
2006,226,10,32.722,726.8,297.105,362.465,77.845,24.96,0.84595,4.625,0.127,14.19260871,1.451591361
2006,226,11,26.9315,814.085,333.985,411.11,89.715,24.905,0.85355,4.195,0.127,14.19260895,1.452120769
2006,226,12,26.827,460.322,186.275,228.72,51.395,24.83,0.8644,3.99,0.127,14.19260873,1.452650936
2006,226,13,32.4605,342.24,139.73,168.41,38.505,24.275,0.8801,3.735,0.127,14.19260885,1.45318453
2006,226,14,41.56,286.626,111.22,133.68,28.955,23.75,0.8971,3.125,0.127,14.19260867,1.453723264
2006,226,15,52.2445,583.257,243.37,291.99,61.595,24.35,0.8699,2.96,0.127,14.19260865,1.454261662
2006,226,16,63.557,320.758,132.14,158.5,35.15,24.405,0.84205,3.37,0.127,14.19260866,1.454797077
2006,226,17,74.9895,202.009,81.91,98.09,23.2,24.27,0.84905,2.805,0.127,14.19260866,1.455332882
2006,226,18,86.0935,71.369,31.12,37.44,12.155,23.475,0.8517,3.405,0.127,14.19260869,1.455872727
2006,226,19,97.067,1.587,0.8,0.945,1.225,21.44,0.82535,3.135,0.127,14.18539187,1.456420546
2006,226,20,106.9275,0.391,0,0,0.26,19.735,0.8971,2.75,0.127,14.19074466,1.45696885
2006,226,21,115.3785,0.299,0,0,0.14,19.06,0.9127,3.27,0.127,14.19109027,1.457511272
2006,226,22,121.739,0,0,0,0.1,18.12,0.86025,3.095,0.127,14.19124299,1.458047133
2006,226,23,125.236,0,0,0,0.02,17.47,0.8656,2.035,0.127,14.1914048,1.458574718
2006,227,0,125.309,0.046,0,0,0,16.65,0.8883,1.69,0,14.19157681,1.459092892
2006,227,1,121.9445,0.437,0,0,0,15.78,0.9192,2.02,0,14.19175851,1.459598342
2006,227,2,115.69,0.46,0,0,0,15.36,0.91845,2,0,14.19193877,1.460092797
2006,227,3,107.3115,0.46,0,0,0,15.34,0.91645,1.665,0,14.19209232,1.460583224
2006,227,4,97.5035,0.805,0,0,0.05,15.05,0.91865,2.47,0,14.19221124,1.461070707
2006,227,5,86.5725,78.292,30.26,29.675,9.6,14.545,0.93135,1.31,0,14.21956106,1.461548704
2006,227,6,75.4815,393.875,159.48,186.09,47.885,16,0.918,1.54,0,14.21638704,1.462034169
2006,227,7,64.066,789.429,324.425,392.82,86.985,18.995,0.8555,1.68,0,14.21629409,1.462553733
2006,227,8,52.7655,1155.106,480.16,590.835,119.13,21.52,0.78715,2.19,0,14.2162926,1.463096441
2006,227,9,42.0825,1461.42,615.4,758.71,142.215,23.485,0.7055,1.87,0,14.21629261,1.463640296
2006,227,10,32.9565,1697.515,720.83,889.035,158.995,25.365,0.54905,1.34,0,14.21629257,1.464171453
2006,227,11,27.2215,1763.732,749.19,925.195,164.325,25.885,0.5124,1.73,0,14.21629258,1.4646886
2006,227,12,27.1385,1469.7,615.465,761.605,137.045,26.14,0.5043,1.845,0,14.2162926,1.465199998
2006,227,13,32.748,1433.636,596.265,737.8,139.705,26.38,0.51085,2.095,0,14.21629264,1.465707421
2006,227,14,41.8175,1405.162,575.81,713.715,139.65,26.965,0.4898,1.81,0,14.21629274,1.466207677
2006,227,15,52.483,1198.438,483.23,604.915,128.9,26.565,0.53535,2.655,0,14.21629265,1.466706279
2006,227,16,63.7865,807.507,315.84,391.16,92.94,26.485,0.5085,2.095,0,14.21629259,1.467209206
2006,227,17,75.2205,402.339,155.39,186.385,50.835,26.41,0.5579,0.99,0,14.21629259,1.467713476
2006,227,18,86.318,86.158,29.965,34.075,11.645,25.045,0.6223,1.565,0,14.21629249,1.468228907
2006,227,19,97.3215,0.644,0,0,0,23.185,0.69,1.385,0,14.21194392,1.468763298
2006,227,20,107.1995,0.368,0,0,0,21.41,0.75145,1.385,0,14.21880853,1.469307998
2006,227,21,115.671,0.115,0,0,0,20.055,0.80095,1.13,0,14.21921721,1.469852465
2006,227,22,122.048,0.437,0,0,0,19.305,0.84065,1.68,0,14.21937603,1.470392673
2006,227,23,125.5525,0.46,0,0,0.01,17.9,0.8965,1.31,0,14.21956305,1.470924597
2006,228,0,125.614,0.46,0,0,0.005,18.595,0.8589,1.88,0,14.21976261,1.471453244
2006,228,1,122.2235,0.46,0,0,0,18.71,0.85435,2.025,0,14.21995964,1.471985815
2006,228,2,115.9335,0.46,0,0,0,17.41,0.88675,1.64,0,14.22014076,1.472512291
2006,228,3,107.525,0.46,0,0,0,16.575,0.9262,1.425,0,14.22029374,1.473025687
2006,228,4,97.6905,0.759,0,0,0,16.815,0.9294,1.505,0,14.22041175,1.47353488
2006,228,5,86.7305,57.914,21.745,22.23,5.38,17.155,0.9254,1.315,0,14.24143168,1.474046803
2006,228,6,75.638,334.121,133.39,156.085,40.005,18.115,0.8994,1.975,0,14.23519167,1.474566036
2006,228,7,64.223,710.746,287.855,353.88,79.1,20.195,0.8505,2.475,0,14.23501107,1.475100055
2006,228,8,52.931,1117.662,457.37,573.275,120.015,22.31,0.7382,2.805,0,14.23500818,1.475642742
2006,228,9,42.275,1431.06,593.76,743.975,143.885,23.895,0.63195,2.495,0,14.23500814,1.476181527
2006,228,10,33.195,1666.81,693.845,871.545,159.96,24.895,0.588,2.665,0,14.23500812,1.476710753
2006,228,11,27.5165,1803.246,756.67,950.1,173.59,25.705,0.52835,2.965,0,14.23500813,1.477229724
2006,228,12,27.4535,1829.765,765.16,958.24,173.775,26.145,0.5143,2.48,0,14.23500814,1.477739949
2006,228,13,33.041,1667.408,692.54,865.3,160.53,26.365,0.47555,2.27,0,14.23500817,1.478244976
2006,228,14,42.0805,1454.704,596.915,744.745,147.045,26.61,0.4596,2.5,0,14.23500825,1.478746087
2006,228,15,52.7255,1137.787,457.22,569.99,123.065,26.58,0.483,2.83,0,14.23500841,1.47924533
2006,228,16,64.0205,622.219,246.305,302.345,72.305,25.97,0.5378,2.64,0,14.23500815,1.479749979
2006,228,17,75.455,285.936,113.05,133.96,34.69,24.905,0.61335,2.2,0,14.23500813,1.48026706
2006,228,18,86.585,75.808,30.03,34.855,10.265,23.205,0.6914,2.56,0,14.23500802,1.480799143
2006,228,19,97.579,0.345,0,0,0,22.115,0.69855,3.06,0,14.22686794,1.481340728
2006,228,20,107.4755,0,0,0,0.005,20.175,0.77775,3.035,0,14.23226213,1.481884185
2006,228,21,115.9675,0,0,0,0,19.355,0.7905,2.24,0,14.23260411,1.482423007
2006,228,22,122.3625,0.023,0,0,0,19.01,0.7884,2.73,0,14.23274939,1.482958107
2006,228,23,125.8715,0.299,0,0,0,18.2,0.81835,2.57,0,14.23291868,1.483488362
2006,229,0,125.922,0.46,0,0,0,17.61,0.8428,1.62,0,14.23311216,1.484011519
2006,229,1,122.503,0.46,0,0,0,17.44,0.84315,1.915,0,14.23330831,1.484530219
2006,229,2,116.1805,0.46,0,0,0,17.345,0.84205,2.785,0,14.23348957,1.485047239
2006,229,3,107.7365,0.46,0,0,0,16.805,0.8655,1.665,0,14.23364263,1.485560025
2006,229,4,97.8765,0.713,0,0,0.02,15.82,0.9056,1.415,0,14.23375944,1.486061508
2006,229,5,86.888,74.865,31.425,34.065,9.735,15.845,0.89055,1.695,0,14.25754445,1.486553659
2006,229,6,75.7945,319.746,131.2,154.555,37.075,16.875,0.88605,2.33,0,14.25391951,1.487052962
2006,229,7,64.3805,686.78,279.47,342.235,77.22,19.59,0.84445,1.98,0,14.25381652,1.487575868
2006,229,8,53.099,898.357,370.985,458.35,97.135,22.03,0.7865,2.41,0,14.25381488,1.488115004
2006,229,9,42.4685,1346.765,559.795,692.375,137.67,24.425,0.6953,1.87,0,14.25381489,1.488649971
2006,229,10,33.435,1050.249,438.775,544.08,110.855,25.35,0.6177,1.96,0,14.25381485,1.489171371
2006,229,11,27.8145,1663.268,689.27,858.935,160.935,26.135,0.59485,2.315,0,14.25381486,1.489681709
2006,229,12,27.7745,1747.563,720.665,897.985,168.365,26.635,0.59215,2.43,0,14.25381487,1.490182048
2006,229,13,33.34,1642.775,667.2,829.27,154.665,27.065,0.5749,2.27,0,14.25381491,1.490674192
2006,229,14,42.347,1383.381,550.95,685.7,134.485,27.325,0.57565,2.93,0,14.25381502,1.491159756
2006,229,15,52.973,1090.43,432.97,534.05,114.47,27.63,0.56745,2.835,0,14.25381492,1.491639589
2006,229,16,64.2605,502.366,197.695,238.68,52.66,27.32,0.60625,2.68,0,14.25381487,1.492119474
2006,229,17,75.6945,149.362,60.77,72.435,17.105,26.38,0.67075,1.67,0,14.25381486,1.492611511
2006,229,18,86.8175,46.184,17.465,18.63,4.55,25.26,0.72055,1.785,0,14.25375905,1.493120624
2006,229,19,97.839,0.276,0,0,0,24.23,0.7678,2.165,0,14.2291199,1.493645313
2006,229,20,107.756,0.115,0,0,0.095,23.36,0.8385,2.555,0,14.2311741,1.494180509
2006,229,21,116.27,0.161,0,0,0,22.885,0.86845,2.325,0,14.23137228,1.494720039
2006,229,22,122.681,0,0,0,0,22.775,0.86215,2.35,0,14.23151963,1.495261013
2006,229,23,126.1975,0.138,0,0,0,22.05,0.90575,1.495,0,14.23168528,1.495803448
2006,230,0,126.234,0.046,0,0,0.005,21.97,0.9045,2.195,1.100666667,14.23186227,1.496346875
2006,230,1,122.7865,0.161,0,0,0.045,21.88,0.90995,2.305,1.100666667,14.23203634,1.496890408
2006,230,2,116.427,0.46,0,0,0.12,21.8,0.92045,2.44,1.100666667,14.23220658,1.497434023
2006,230,3,107.951,0.552,0,0,0.19,21.74,0.9269,2.06,1.100666667,14.23235994,1.497977686
2006,230,4,98.0635,0.943,0,0,0.15,21.265,0.9607,3.955,1.100666667,14.23248139,1.498521418
2006,230,5,87.0855,4.922,1.11,0.075,0.45,21.28,0.96905,4.535,1.100666667,14.2325998,1.499065079
2006,230,6,75.953,23.828,7.695,6.125,2.345,21.625,0.9643,3.915,1.100666667,14.22540619,1.49960931
2006,230,7,64.5375,10.902,2.48,0.155,0.7,21.67,0.9523,5.665,1.100666667,14.21494873,1.500154783
2006,230,8,53.2685,26.289,7.36,5.525,1.52,21.585,0.95675,6.275,1.100666667,14.13811957,1.500706435
2006,230,9,42.666,71.254,26.345,27.185,5.88,22.065,0.9351,3.86,1.100666667,13.80937438,1.501285529
2006,230,10,33.681,390.655,161.28,189.795,38.805,22.865,0.91635,4.645,1.100666667,13.80345349,1.501884966
2006,230,11,28.115,532.381,215.88,257.64,54.465,23.48,0.88745,4.995,1.100666667,13.80338709,1.502481387
2006,230,12,28.1,694.738,284.615,347.16,73.775,23.64,0.8954,3.86,1.100666667,13.80338638,1.50307519
2006,230,13,33.6405,1276.523,525.025,652.235,135.105,24.955,0.84375,3.92,1.100666667,13.80338643,1.503662044
2006,230,14,42.617,923.197,374.75,464.085,101,25.405,0.83465,4.035,1.100666667,13.80338657,1.504238393
2006,230,15,53.2245,754.929,301.505,370.505,81.5,26.595,0.808,3.925,1.100666667,13.80338645,1.504801809
2006,230,16,64.5035,440.128,178.03,216.09,49.74,27.2,0.77725,3.2,1.100666667,13.8033864,1.505348387
2006,230,17,75.936,212.474,81.67,96.445,25.285,26.245,0.8035,2.34,1.100666667,13.80338639,1.505898445
2006,230,18,87.0925,43.355,16.31,17.905,4.365,25.365,0.856,1.4,1.100666667,13.8032963,1.506465242
2006,230,19,98.1045,0.483,0,0,0,24.18,0.90365,2.395,1.100666667,13.77613888,1.50704841
2006,230,20,108.04,0.276,0,0,0.005,23.78,0.90745,3.195,1.100666667,13.77817058,1.507641885
2006,230,21,116.5735,0.069,0,0,0.03,23.5,0.92665,3.62,1.100666667,13.77835626,1.508238175
2006,230,22,123.003,0.115,0,0,0.015,23.37,0.92015,3.915,1.100666667,13.77850118,1.508836013
2006,230,23,126.5235,0.046,0,0,0.27,23.04,0.89985,6.045,1.100666667,13.77866772,1.509435373
2006,231,0,126.5475,0,0,0,0.18,22.355,0.91575,4.145,0,13.77884263,1.510037384
2006,231,1,123.0695,0.299,0,0,0.085,21.84,0.94695,4.19,0,13.7790231,1.510641388
2006,231,2,116.6755,0.161,0,0,0.03,22.22,0.93885,3.315,0,13.77919738,1.511245527
2006,231,3,108.167,0.276,0,0,0.085,21.96,0.9551,2.985,0,13.77934506,1.511849534
2006,231,4,98.2525,0.322,0,0,0.05,21.48,0.97325,2.17,0,13.77946083,1.512454048
2006,231,5,87.2445,36.478,13.13,13.34,3,21.065,0.98375,1.655,0,13.82192506,1.513055883
2006,231,6,76.1125,270.02,106.45,124.39,28.01,21.365,0.98505,1.55,0,13.81397499,1.513655495
2006,231,7,64.696,491.671,200.685,242.985,53.795,22.54,0.9583,2.185,0,13.81337774,1.514255227
2006,231,8,53.44,796.881,327.71,396.235,83.625,23.895,0.89655,2.18,0,13.81336683,1.514849889
2006,231,9,42.8635,1331.217,543.125,667.9,132.705,24.79,0.8545,2.44,0,13.81336678,1.515435185
2006,231,10,33.928,1626.445,659.86,816.615,149.82,26.455,0.7786,2.4,0,13.8133667,1.516003374
2006,231,11,28.4215,1569.75,638.355,793.73,147.8,27.425,0.7318,3.015,0,13.81336678,1.516547821
2006,231,12,28.428,1319.786,534.12,662.64,127.92,27.66,0.72805,3.13,0,13.81336705,1.51707909
2006,231,13,33.947,1141.26,458.99,567.495,112.735,27.76,0.7109,3.945,0,13.81336674,1.517606397
2006,231,14,42.895,800.515,322.16,395.98,83.975,27.45,0.74255,2.45,0,13.81336686,1.518136191
2006,231,15,53.4815,991.967,389.875,481.105,103.56,27.86,0.7072,3.155,0,13.81336679,1.518664787
2006,231,16,64.752,653.085,252.835,308.8,72.28,27.62,0.7138,3.1,0,13.8133667,1.519191362
2006,231,17,76.1835,234.646,91.925,109.555,25.6,26.99,0.7577,2.415,0,13.8133667,1.519728003
2006,231,18,87.3335,21.551,7.145,7.36,2.125,25.565,0.853,2.495,0,13.79686268,1.520286206
2006,231,19,98.374,0.46,0,0,0.375,23.8,0.93825,2.49,0,13.74442779,1.520872516
2006,231,20,108.3265,0.46,0,0,0.48,24.025,0.89125,1.48,0,13.74491651,1.521470605
2006,231,21,116.8825,0.46,0,0,0.36,23.525,0.92695,1.3,0,13.74505703,1.522069839
2006,231,22,123.3295,0.46,0,0,0.25,23.095,0.94345,1.61,0,13.74522077,1.52267263
2006,231,23,126.8555,0.437,0,0,0.38,22.795,0.9471,3.005,0,13.74540968,1.523277636
2006,232,0,126.8645,0.368,0,0,0.595,21.905,0.9185,4.785,0,13.74560939,1.523885045
2006,232,1,123.358,0.391,0,0,0.48,20.99,0.8665,4.53,0,13.74580549,1.524493754
2006,232,2,116.9255,0.345,0,0,0.4,20.2,0.89425,3.63,0,13.74598815,1.525100989
2006,232,3,108.381,0.023,0,0,0.38,19.48,0.87775,3.47,0,13.7461356,1.525704735
2006,232,4,98.441,0.138,0,0,0.26,18.695,0.93175,2.92,0,13.74624251,1.526302989
2006,232,5,87.4045,25.645,9.335,9.435,2.71,18.97,0.933,3.435,0,13.75622817,1.526898412
2006,232,6,76.272,296.125,119.205,140.82,35.22,19.245,0.91275,4.33,0,13.74040238,1.527496655
2006,232,7,64.856,729.399,291.905,359.6,83.78,20.415,0.8453,5.19,0,13.73920004,1.528100986
2006,232,8,53.6115,1089.234,438.41,547.7,116.49,21.44,0.7852,5.525,0,13.73917798,1.528709878
2006,232,9,43.0645,1156.026,468.995,586.705,118.49,22.125,0.73275,4.8,0,13.7391777,1.529319309
2006,232,10,34.177,1675.665,695.035,869.23,164.635,23.12,0.6885,4.615,0,13.73917784,1.529926472
2006,232,11,28.7295,1496.196,622.03,777.71,146.01,23.55,0.65785,4.74,0,13.73917843,1.530529824
2006,232,12,28.7595,1589.714,660.72,824.725,155.615,24.29,0.6169,3.85,0,13.7391777,1.531128433
2006,232,13,34.257,1142.203,477.09,593.105,119.11,24.505,0.615,3.145,0,13.73917775,1.531722316
2006,232,14,43.1745,1305.342,535.49,669.47,137.96,24.835,0.59655,3.48,0,13.73917791,1.532313046
2006,232,15,53.7415,1078.562,432.195,538.7,118.705,25.01,0.57675,3.7,0,13.73917773,1.532900616
2006,232,16,65.0025,815.695,324.47,405.48,99.395,24.895,0.61125,3.5,0,13.73917777,1.533487795
2006,232,17,76.434,376.395,142.795,173.745,50.145,24.01,0.64995,3.35,0,13.73917769,1.534080947
2006,232,18,87.6155,41.147,12.15,11.815,3.105,21.82,0.74965,2.14,0,13.73908988,1.534686129
2006,232,19,98.648,0.345,0,0,0,20.645,0.7904,2.41,0,13.71691545,1.535296817
2006,232,20,108.62,0.023,0,0,0,19.92,0.8091,1.8,0,13.71895627,1.535906306
2006,232,21,117.1935,0.046,0,0,0,18.615,0.8328,2.315,0,13.71913058,1.536509191
2006,232,22,123.6585,0,0,0,0,17.505,0.854,2.17,0,13.71927355,1.537099991
2006,232,23,127.19,0.023,0,0,0,17.155,0.84615,1.98,0,13.71943672,1.537681217
2006,233,0,127.186,0.023,0,0,0,16.485,0.87445,1.95,0,13.71961215,1.538254562
2006,233,1,123.6465,0.345,0,0,0,16.395,0.88705,2.45,0,13.71979457,1.538821578
2006,233,2,117.1775,0.46,0,0,0,15.98,0.91775,2.025,0,13.71997714,1.539384069
2006,233,3,108.6,0.414,0,0,0,15.4,0.94075,1.715,0,13.72013562,1.539937107
2006,233,4,98.631,0.575,0,0,0,15.12,0.94425,1.52,0,13.72025685,1.540481416
2006,233,5,87.6035,63.066,22.025,21.785,7.365,15.395,0.9285,1.33,0,13.77698168,1.541022538
2006,233,6,76.4325,370.231,146.11,168.785,44.66,16.71,0.9014,1.23,0,13.77495798,1.541575982
2006,233,7,65.019,736.805,293.5,360.56,81.85,18.78,0.8644,1.605,0,13.77483946,1.542155767
2006,233,8,53.7855,1129.691,460.605,571.975,117.655,21.495,0.7608,1.315,0,13.77483736,1.542756557
2006,233,9,43.268,1271.923,531.185,657.265,129.755,23.025,0.64095,1.41,0,13.77483733,1.543360347
2006,233,10,34.4305,1518.391,644.68,797.235,149.72,23.55,0.6294,1.315,0,13.77483734,1.543959611
2006,233,11,29.039,1308.102,552.365,681.855,128.49,24.065,0.59765,1.235,0,13.77483731,1.544554902
2006,233,12,29.095,1505.718,632.695,780.335,144.51,24.485,0.5675,1.96,0,13.77483732,1.545145747
2006,233,13,34.572,1644.937,684.655,848.755,161.18,24.925,0.55675,2.295,0,13.77483733,1.54573174
2006,233,14,43.4585,1397.411,570.225,706.51,139.99,25.21,0.53855,2.11,0,13.77483736,1.546313099
2006,233,15,54.0055,1100.964,440.66,543.09,116.7,25.285,0.53435,2.175,0,13.77483742,1.546891969
2006,233,16,65.257,769.419,299.84,370.285,89.195,25.12,0.55645,2.555,0,13.7748375,1.547471473
2006,233,17,76.687,370.76,141.1,171.1,48.525,24.28,0.6204,2.425,0,13.77483733,1.548057443
2006,233,18,87.8615,51.52,16.465,19.38,6.915,22.24,0.7276,2.49,0,13.77483452,1.548656273
2006,233,19,98.9255,0.322,0,0,0.01,21.135,0.75425,2.41,0,13.76774241,1.549261677
2006,233,20,108.914,0.069,0,0,0,19.69,0.82055,2.085,0,13.77144181,1.5498651
2006,233,21,117.51,0.069,0,0,0,19.52,0.80545,1.615,0,13.77167089,1.550464279
2006,233,22,123.992,0.161,0,0,0,19.26,0.81165,1.29,0,13.77181924,1.551061902
2006,233,23,127.528,0.437,0,0,0,18.27,0.8562,1.31,0,13.7719979,1.551654033
2006,234,0,127.509,0.46,0,0,0.015,16.965,0.89995,1.49,0,13.77219922,1.552232823
2006,234,1,123.9375,0.46,0,0,0.01,16.8,0.8767,1.97,0,13.77240058,1.552801083
2006,234,2,117.429,0.46,0,0,0,16.605,0.8642,1.825,0,13.77258665,1.553366428
2006,234,3,108.8165,0.46,0,0,0.03,15.7,0.8829,2.055,0,13.77274476,1.553922188
2006,234,4,98.82,0.552,0,0,0,14.94,0.9635,1.79,0,13.77286509,1.554461869
2006,234,5,87.7655,52.072,20.36,20.83,7.47,14.595,0.9463,2.26,0,13.82048475,1.554987167
2006,234,6,76.5935,338.376,139.995,160.89,42.745,16.13,0.9202,1.195,0,13.81651257,1.555522359
2006,234,7,65.18,723.051,301.455,362.57,82.715,19.64,0.8283,0.915,0,13.81631164,1.556097808
2006,234,8,53.9615,1097.468,458.145,560.37,115.93,22.185,0.7281,1.24,0,13.8163081,1.556696208
2006,234,9,43.476,1409.532,591.11,728.41,140.92,23.715,0.64925,1.565,0,13.81630803,1.557291983
2006,234,10,34.686,1498.588,636.635,786.965,150.375,24.285,0.62085,1.92,0,13.81630805,1.557880401
2006,234,11,29.354,1465.79,616.79,765.035,145.59,24.885,0.60575,1.99,0,13.81630808,1.558462716
2006,234,12,29.434,1452.312,608.29,753.18,143.515,25.275,0.589,2.175,0,13.8163082,1.559038871
2006,234,13,34.89,1378.275,571.03,707.715,139.325,25.53,0.59295,2.64,0,13.81630859,1.559610492
2006,234,14,43.7495,1115.339,455.645,563.24,115.585,25.825,0.58115,2.6,0,13.81630807,1.560177905
2006,234,15,54.274,1119.203,451.6,560.635,121.945,26.45,0.5379,2.14,0,13.8163081,1.560737568
2006,234,16,65.517,732.205,290.485,356.965,86.06,26.5,0.547,1.585,0,13.81630814,1.56129111
2006,234,17,76.946,325.841,127.03,150.55,42.41,26.215,0.5751,0.98,0,13.81630806,1.561846844
2006,234,18,88.1515,46.943,17.195,17.805,4.805,24.84,0.6762,0.33,0,13.8162932,1.562416291
2006,234,19,99.2055,0.207,0,0,0,23.67,0.67695,1,0,13.80483319,1.563002759
2006,234,20,109.212,0.299,0,0,0,22.78,0.7103,1.375,0,13.80778143,1.563598424
2006,234,21,117.8295,0.322,0,0,0,20.72,0.81805,2.055,0,13.80799592,1.564198715
2006,234,22,124.3285,0.414,0,0,0,20.1,0.8309,1.4,0,13.80815728,1.564797553
2006,234,23,127.8695,0.46,0,0,0,18.695,0.89735,1.99,0,13.80834569,1.565390425
2006,235,0,127.8345,0.46,0,0,0,18.345,0.89865,1.79,0,13.80854794,1.565975741
2006,235,1,124.2285,0.46,0,0,0,17.885,0.9133,1.86,0,13.80874872,1.566556555
2006,235,2,117.6825,0.46,0,0,0,17.875,0.90225,1.325,0,13.80893418,1.567134536
2006,235,3,109.034,0.46,0,0,0,17.39,0.91365,1.86,0,13.80909157,1.56770928
2006,235,4,99.01,0.529,0,0,0,16.95,0.91925,1.275,0,13.80921074,1.568277535
2006,235,5,87.926,28.267,9.56,8.86,1.985,16.935,0.9324,0.585,0,13.82419105,1.568841478
2006,235,6,76.756,271.952,117.56,137.42,35.315,18.35,0.90035,0.8,0,13.80192417,1.569415633
2006,235,7,65.343,653.039,269.075,324.42,75.385,21.03,0.8378,2.275,0,13.80075695,1.570010636
2006,235,8,54.1395,1075.089,440.71,545.11,116.805,23.23,0.75385,2.925,0,13.80073629,1.570611122
2006,235,9,43.682,1367.649,562.97,695.22,137.035,24.88,0.70325,3.03,0,13.80073603,1.571200571
2006,235,10,34.945,1569.152,649.665,802.59,150.47,26.045,0.66365,2.89,0,13.80073617,1.571772963
2006,235,11,29.672,1776.589,742.09,918.155,171.38,27.1,0.63655,2.39,0,13.80073671,1.572326259
2006,235,12,29.7765,1478.095,617.365,761.02,144.495,27.725,0.62135,1.56,0,13.80073603,1.572861894
2006,235,13,35.213,1488.698,611.5,753.85,143.42,28.325,0.59625,1.765,0,13.80073609,1.573382747
2006,235,14,44.042,1330.596,531.915,662.785,134.525,28.255,0.5889,2.565,0,13.80073625,1.573896783
2006,235,15,54.5475,1007.86,394.885,494.525,109.785,28.28,0.5777,3.285,0,13.80073606,1.574411415
2006,235,16,65.781,667.322,258.03,320.83,80.065,28.165,0.5839,3.005,0,13.80073609,1.574927229
2006,235,17,77.2065,291.065,111.68,134.2,39.59,27.16,0.6612,2.525,0,13.80073602,1.575456909
2006,235,18,88.407,43.47,14.915,16.415,5.65,25.22,0.76825,2.23,0,13.80068388,1.576016916
2006,235,19,99.487,0.276,0,0,0,23.155,0.83365,2.7,0,13.78601179,1.576605734
2006,235,20,109.5145,0.253,0,0,0,21.855,0.8656,2.615,0,13.78849118,1.577207274
2006,235,21,118.1515,0.46,0,0,0,20.805,0.88975,3.03,0,13.78869116,1.577810539
2006,235,22,124.6695,0.46,0,0,0,20.1,0.9083,2.915,0,13.78885754,1.578411951
2006,235,23,128.214,0.46,0,0,0,19.79,0.9114,2.315,0,13.78904781,1.579011043
2006,236,0,128.1615,0.46,0,0,0,18.615,0.9416,2.34,0,13.78925038,1.579604866
2006,236,1,124.5235,0.46,0,0,0.02,17.905,0.95665,2.565,0,13.78945121,1.580189663
2006,236,2,117.9375,0.46,0,0,0,17.735,0.95055,1.775,0,13.78963656,1.580769227
2006,236,3,109.254,0.483,0,0,0.005,17.82,0.92395,2.98,0,13.78979431,1.58134823
2006,236,4,99.2015,0.483,0,0,0,18.18,0.89255,3.535,0,13.78991352,1.581929977
2006,236,5,88.1265,26.312,10.07,10.15,2.81,18.15,0.8857,2.955,0,13.80013451,1.582513066
2006,236,6,76.9165,211.623,87.41,103.205,24.35,17.935,0.90805,1.875,0,13.77650764,1.583095521
2006,236,7,65.5095,539.005,222.035,268.995,62.215,19.93,0.86655,1.3,0,13.775201,1.583688306
2006,236,8,54.3175,857.739,352.22,436.58,94.635,21.845,0.803,2.08,0,13.7751778,1.584292245
2006,236,9,43.893,1319.51,546.44,679.66,138.085,24.465,0.7071,2.325,0,13.7751775,1.584891275
2006,236,10,35.2075,1396.905,576.905,723.58,143.515,25.525,0.666,2.95,0,13.77517763,1.585473394
2006,236,11,29.993,1523.359,631.59,791.16,155.465,26.12,0.645,4.02,0,13.7751781,1.586043312
2006,236,12,30.1215,1636.128,677.26,847.58,164.62,26.89,0.60685,4.9,0,13.77517751,1.586600963
2006,236,13,35.5405,1518.483,622.96,779.425,155.06,27.57,0.5678,4.83,0,13.77517758,1.587143577
2006,236,14,44.3395,1273.51,516.565,647.875,135.97,27.865,0.56205,4.615,0,13.77517777,1.587674917
2006,236,15,54.8225,813.717,332.22,411.98,92.765,27.73,0.56705,3.87,0,13.77517753,1.588204315
2006,236,16,66.0475,603.773,247.73,304.685,75.125,27.54,0.5788,3.18,0,13.77517755,1.588737652
2006,236,17,77.473,296.7,119.645,143.29,42.2,26.565,0.63945,2.685,0,13.77517749,1.589284068
2006,236,18,88.701,39.468,14.09,16.075,5.885,23.87,0.7903,2.72,0,13.7749934,1.589862138
2006,236,19,99.7745,0.391,0,0,0.09,21.78,0.86915,3.27,0,13.75612921,1.590464588
2006,236,20,109.8195,0.23,0,0,0,21.06,0.87695,3.295,0,13.75811546,1.59107192
2006,236,21,118.479,0.138,0,0,0,20.61,0.87995,3.645,0,13.75829199,1.591678374
2006,236,22,125.0135,0,0,0,0,20.825,0.86575,3.735,0,13.75843895,1.592284523
2006,236,23,128.561,0,0,0,0,20.145,0.8808,3.23,0,13.75860252,1.592889837
2006,237,0,128.4925,0.023,0,0,0,19.735,0.8907,3.395,0,13.75877725,1.593492653
2006,237,1,124.818,0.138,0,0,0.05,18.675,0.9279,2.555,0,13.75895323,1.594090265
2006,237,2,118.192,0.46,0,0,0,18.185,0.93425,2.075,0,13.7591276,1.594680655
2006,237,3,109.4725,0.46,0,0,0.015,17.34,0.94575,2.41,0,13.75928435,1.595263034
2006,237,4,99.394,0.621,0,0,0.025,16.84,0.9545,3.13,0,13.75940444,1.595835997
2006,237,5,88.2905,30.291,10.275,10.02,2.855,16.44,0.96325,2.815,0,13.78035723,1.596400604
2006,237,6,77.081,273.424,118.345,137.555,37.85,17.71,0.9418,2.56,0,13.76136616,1.596971808
2006,237,7,65.6745,655.086,279.57,338.33,79.375,20.985,0.857,3.255,0,13.76033463,1.597568922
2006,237,8,54.499,914.066,391.525,481.87,104.83,23.675,0.7334,4.095,0,13.76031631,1.598173555
2006,237,9,44.106,870.389,373.955,459.52,98.33,24.93,0.69855,4.005,0,13.76031607,1.598765655
2006,237,10,35.472,1080.816,461.71,569.525,119.595,26.25,0.642,4.76,0,13.76031616,1.599340841
2006,237,11,30.3145,966.575,410.505,505.23,107.405,27.045,0.62685,4.595,0,13.76031649,1.599897398
2006,237,12,30.4705,1023.615,431.925,532.935,112.06,27.575,0.63,5.235,0,13.76031611,1.600439909
2006,237,13,35.8715,922.576,385.225,475.62,101.095,27.885,0.6494,5.905,0,13.76031623,1.600972574
2006,237,14,44.6415,817.328,339.65,417.755,90.125,27.74,0.6789,5.625,0,13.76031659,1.601503225
2006,237,15,55.105,519.754,215.54,259.51,55.57,27.385,0.6909,4.825,0,13.76031609,1.602039912
2006,237,16,66.316,444.107,183.165,217.95,49.575,27.5,0.7105,2.535,0,13.7603161,1.602579432
2006,237,17,77.741,273.401,110.92,131,35.47,27.535,0.7396,2.205,0,13.76031607,1.603117203
2006,237,18,88.9635,32.614,11.615,12.335,3.76,26.105,0.81275,2.085,0,13.75871368,1.60367011
2006,237,19,100.064,0.299,0,0,0,24.83,0.8543,2.575,0,13.7268816,1.604249284
2006,237,20,110.128,0.391,0,0,0,23.705,0.88745,2.44,0,13.7280719,1.604845776
2006,237,21,118.8085,0.437,0,0,0.025,23.165,0.90715,2.395,0,13.72823278,1.60544975
2006,237,22,125.3605,0.46,0,0,0,22.455,0.92975,2.755,0,13.72839902,1.606057474
2006,237,23,128.912,0.46,0,0,0,22.365,0.94385,2.265,0,13.7285903,1.606666909
2006,238,0,128.8265,0.46,0,0,0,21.805,0.9602,2.02,0.074083333,13.72879375,1.607277174
2006,238,1,125.116,0.644,0,0,0.005,21.36,0.96315,2.035,0.074083333,13.72900016,1.607888051
2006,238,2,118.4485,0.92,0,0,0,21.055,0.97455,2.04,0.074083333,13.72920412,1.608498775
2006,238,3,109.6915,0.92,0,0,0.025,20.935,0.9774,1.995,0.074083333,13.72938655,1.609109177
2006,238,4,99.5845,0.621,0,0,0.09,21.67,0.9507,2.515,0.074083333,13.72951877,1.609719875
2006,238,5,88.454,8.901,2.6,1.615,0.985,21.495,0.95105,3.07,0.074083333,13.72974969,1.610330687
2006,238,6,77.2455,25.783,8.92,6.965,2.31,21.77,0.9473,3.085,0.074083333,13.72099798,1.610941998
2006,238,7,65.8425,81.282,30.8,32.14,6.61,22.535,0.9273,3.355,0.074083333,13.59842017,1.611560428
2006,238,8,54.6805,154.56,61.015,68.555,14.18,23.255,0.92985,2.93,0.074083333,13.59526322,1.612183465
2006,238,9,44.321,745.223,315.245,377.625,76.11,23.955,0.8937,2.11,0.074083333,13.59521856,1.612801903
2006,238,10,35.74,372.945,155.025,182.175,36.1,25.005,0.83105,0.95,0.074083333,13.595218,1.613411585
2006,238,11,30.641,273.516,104.825,124.47,25.485,24.035,0.9109,2.6,0.074083333,13.59521807,1.614020826
2006,238,12,30.8205,235.681,93.035,108.65,21.88,24.19,0.89975,1.415,0.074083333,13.59521828,1.614634698
2006,238,13,36.205,182.689,73.015,84.24,16.865,24.54,0.89985,1.56,0.074083333,13.59521811,1.615245859
2006,238,14,44.9455,265.765,111.445,130.445,27.37,24.86,0.88785,2.46,0.074083333,13.59521808,1.61585305
2006,238,15,55.388,389.413,160.4,188.455,38.685,25.765,0.8468,2.835,0.074083333,13.59521802,1.616451676
2006,238,16,66.5915,371.519,151.655,180.18,41.135,26.1,0.8401,2.55,0.074083333,13.59521802,1.617040309
2006,238,17,78.013,261.51,108.57,129.82,35.2,26.415,0.83335,1.95,0.074083333,13.59521803,1.617623005
2006,238,18,89.266,17.089,4.93,4.095,0.59,25.77,0.87615,1.05,0.074083333,13.57767052,1.618209681
2006,238,19,100.358,0.46,0,0,0.01,24.56,0.89575,2.515,0.074083333,13.53961552,1.618814469
2006,238,20,110.439,0.46,0,0,0.03,23.44,0.92645,2.07,0.074083333,13.54018025,1.619435564
2006,238,21,119.141,0.46,0,0,0,22.95,0.93565,1.825,0.074083333,13.54032233,1.620063391
2006,238,22,125.71,0.46,0,0,0.005,23.01,0.92435,1.735,0.074083333,13.54048796,1.620692565
2006,238,23,129.266,0.46,0,0,0,22.86,0.93315,1.23,0.074083333,13.540679,1.621321971
2006,239,0,129.16,0.46,0,0,0,22.715,0.9353,0.965,0.762,13.5408826,1.621952132
2006,239,1,125.4155,0.46,0,0,0,22.385,0.9483,0.755,0.762,13.54108575,1.622583329
2006,239,2,118.706,0.759,0,0,0.04,21.82,0.97095,1.34,0.762,13.54128124,1.623215892
2006,239,3,109.913,0.92,0,0,0,21.085,0.983,0.695,0.762,13.54146116,1.623849091
2006,239,4,99.778,0.92,0,0,0,21.255,0.98185,0.75,0.762,13.54160132,1.62448215
2006,239,5,88.6555,12.788,4.36,3.345,1.225,21.105,0.9846,1.785,0.762,13.54215641,1.625115182
2006,239,6,77.409,99.728,41.74,46.58,10.045,21.73,0.9826,1.415,0.762,13.51836421,1.625749671
2006,239,7,66.009,112.148,43.43,48.34,10.49,22.35,0.98135,1.845,0.762,13.51551628,1.626385136
2006,239,8,54.8655,269.445,108.375,125.655,25.11,22.66,0.97825,1.65,0.762,13.51546217,1.627019425
2006,239,9,44.5375,786.186,332.805,398.13,74.74,23.495,0.93105,2.465,0.762,13.5154614,1.627650741
2006,239,10,36.0105,1443.043,604.925,726.87,132.19,25.655,0.814,1.87,0.762,13.51546149,1.628267651
2006,239,11,30.9715,1276.155,526.49,638.27,120.34,26.56,0.76765,2.095,0.762,13.51546182,1.628861638
2006,239,12,31.1775,1093.581,448.915,544.99,104.705,26.76,0.7652,2.87,0.762,13.51546145,1.62944484
2006,239,13,36.542,731.883,304.86,365.505,73.645,26.44,0.7653,2.725,0.762,13.51546157,1.63002928
2006,239,14,45.255,560.464,234.41,277.045,55.995,26.76,0.7493,1.8,0.762,13.51546194,1.63061372
2006,239,15,55.677,678.914,278.36,332.37,67.065,27.065,0.7443,2.105,0.762,13.51546142,1.631191488
2006,239,16,66.869,455.193,180.69,215.135,45.87,26.325,0.8016,3.755,0.762,13.51546144,1.631773863
2006,239,17,78.2865,82.777,32.36,35.015,7.43,25.2,0.8523,3.33,0.762,13.51546141,1.632373937
2006,239,18,89.5325,8.349,2.09,1.295,1.01,24.07,0.918,4.02,0.762,13.45000926,1.632994284
2006,239,19,100.6535,0.414,0,0,0.115,23.42,0.90935,4.915,0.762,13.43933802,1.633628477
2006,239,20,110.754,0.506,0,0,0.225,22.815,0.9226,4.485,0.762,13.4396099,1.634268058
2006,239,21,119.4765,0.805,0,0,0.26,21.775,0.96915,4.285,0.762,13.4397532,1.634911408
2006,239,22,126.063,0.506,0,0,0.165,21.25,0.98565,3.58,0.762,13.4399322,1.635556108
2006,239,23,129.622,0.46,0,0,0.18,20.845,0.98625,3.44,0.762,13.44012655,1.63620041
2006,240,0,129.4975,0.46,0,0,0.085,20.7,0.98735,2.48,0.010583333,13.44033098,1.636844088
2006,240,1,125.7155,0.46,0,0,0.065,20.6,0.9894,2.01,0.010583333,13.44053488,1.637487375
2006,240,2,118.965,0.46,0,0,0.015,20.945,0.99035,1.985,0.010583333,13.44072274,1.638130993
2006,240,3,110.132,0.46,0,0,0,21.155,0.9932,2.335,0.010583333,13.44088201,1.638775233
2006,240,4,99.9705,0.46,0,0,0,21.585,0.9951,2.385,0.010583333,13.44100239,1.639419794
2006,240,5,88.821,10.81,3.575,2.825,1.215,21.83,0.9947,2.485,0.010583333,13.44135083,1.640064298
2006,240,6,77.5755,72.887,29.64,32.28,6.95,22.15,0.9928,3.115,0.010583333,13.41326967,1.640709936
2006,240,7,66.1785,229.77,97.72,114.725,24.275,22.59,0.9866,3.555,0.010583333,13.40849554,1.641356343
2006,240,8,55.051,425.983,178.15,211.555,43,23.015,0.97115,3.015,0.010583333,13.4084033,1.642001159
2006,240,9,44.7575,889.893,368.555,443.315,88.905,25.18,0.8547,3.645,0.010583333,13.40840201,1.642635112
2006,240,10,36.282,873.586,361.53,438.915,90.125,25.965,0.8089,3.47,0.010583333,13.40840204,1.643249802
2006,240,11,31.303,559.866,228.095,277.94,60.065,26.365,0.79905,3.52,0.010583333,13.40840196,1.643853957
2006,240,12,31.5355,665.873,267.435,324.25,67.535,26.46,0.7982,4.615,0.010583333,13.40840197,1.644453256
2006,240,13,36.883,741.152,297.54,361.15,75.81,26.215,0.81005,5.12,0.010583333,13.40840199,1.645054053
2006,240,14,45.568,759.736,307.285,374.57,80.195,26.415,0.8081,4.355,0.010583333,13.40840205,1.645655302
2006,240,15,55.9685,635.996,253.52,311.1,68.91,26.725,0.7671,5.305,0.010583333,13.40840219,1.64625134
2006,240,16,67.15,597.931,228.01,277.85,66.905,26.83,0.7581,4.615,0.010583333,13.40840199,1.646842953
2006,240,17,78.5645,181.263,67.88,79.155,19.06,26.01,0.81125,3.315,0.010583333,13.40840198,1.64744198
2006,240,18,89.8425,9.223,1.14,0.695,1.405,23.015,0.935,4.125,0.010583333,13.37819125,1.648072092
2006,240,19,100.953,0.46,0,0,0.52,22.005,0.9597,4.015,0.010583333,13.35765494,1.648722472
2006,240,20,111.0705,0.161,0,0,0.77,19.68,0.97415,5.05,0.010583333,13.35814812,1.649374398
2006,240,21,119.816,0.138,0,0,0.22,18.995,0.97225,4.17,0.010583333,13.35827597,1.650018908
2006,240,22,126.419,0.092,0,0,0.24,18.785,0.97145,3.285,0.010583333,13.35842504,1.6506594
2006,240,23,129.9805,0.253,0,0,0.155,18.515,0.97605,3.655,0.010583333,13.35859935,1.651297387
2006,241,0,129.8365,0.414,0,0,0.24,18.365,0.97205,3.94,0,13.35879461,1.651933016
2006,241,1,126.017,0.46,0,0,0.16,18.27,0.96765,3.285,0,13.35899576,1.652567184
2006,241,2,119.224,0.46,0,0,0.195,18.315,0.96135,3.195,0,13.35918461,1.653201032
2006,241,3,110.3535,0.437,0,0,0.19,18.12,0.9705,2.975,0,13.35934395,1.653833941
2006,241,4,100.1625,0.46,0,0,0.185,18.045,0.97545,3.01,0,13.35946352,1.654465141
2006,241,5,88.986,4.14,0.56,0.065,0.81,17.47,0.97785,3.57,0,13.35957697,1.655091922
2006,241,6,77.7405,34.178,12.165,11.855,3.49,16.555,0.98265,3.45,0,13.33080899,1.655708669
2006,241,7,66.3505,153.065,62.05,72.2,16.15,16.94,0.9685,3.63,0,13.27302731,1.656325244
2006,241,8,55.2385,340.377,141.495,169.645,36.72,17.835,0.93185,3.885,0,13.27187111,1.656955203
2006,241,9,44.9785,505.793,210.27,253.77,54.63,19.03,0.87795,3.905,0,13.27185421,1.657599362
2006,241,10,36.559,512.969,211.045,257.445,56.41,19.47,0.85685,3.685,0,13.2718541,1.658252073
2006,241,11,31.6375,302.588,119.795,146.64,32.98,19.135,0.8838,4.025,0,13.27185405,1.658905249
2006,241,12,31.896,341.688,138.36,167.36,36.655,19.36,0.87335,4.165,0,13.27185402,1.65955796
2006,241,13,37.228,245.594,96.875,116.225,25.685,19.21,0.8835,4.16,0,13.27185401,1.660211
2006,241,14,45.883,239.453,95.385,115.07,25.995,18.81,0.91705,4.535,0,13.27185401,1.660861518
2006,241,15,56.263,217.672,87.445,104.64,23.5,18.905,0.9141,4.205,0,13.27185402,1.661510552
2006,241,16,67.433,107.364,42.535,49.355,11.62,18.73,0.90205,4.335,0,13.27185403,1.662159172
2006,241,17,78.8455,26.496,9.115,8.485,2.985,18.54,0.9088,4.18,0,13.23198295,1.662807826
2006,241,18,90.115,3.726,0.62,0.03,0.4,18.185,0.93025,3.745,0,13.11938077,1.66346067
2006,241,19,101.253,0.069,0,0,0.185,17.965,0.95345,2.86,0,13.11919603,1.66411515
2006,241,20,111.3905,0.23,0,0,0.24,17.655,0.96955,3.065,0,13.11928607,1.664765963
2006,241,21,120.1565,0.046,0,0,0.115,17.695,0.96685,2.68,0,13.11940542,1.665414816
2006,241,22,126.7785,0.023,0,0,0.135,17.7,0.9533,3.035,0,13.11955229,1.666063989
2006,241,23,130.3435,0.023,0,0,0.145,17.55,0.94005,3.715,0,13.11972074,1.666712068
2006,242,0,130.1785,0.345,0,0,0.155,17.13,0.97065,3.09,0,13.119908,1.667355688
2006,242,1,126.3185,0.253,0,0,0.13,17.17,0.9697,3.365,0,13.12010262,1.667996209
2006,242,2,119.4815,0.023,0,0,0.08,17.355,0.9534,3.695,0,13.12027434,1.668638564
2006,242,3,110.576,0.161,0,0,0.1,17.325,0.96135,3.745,0,13.12041564,1.669282163
2006,242,4,100.3555,0.46,0,0,0.1,17.245,0.98085,3.6,0,13.12052848,1.669924864
2006,242,5,89.1895,8.372,2.53,2.005,1.115,17.27,0.98425,3.38,0,13.12075445,1.670567102
2006,242,6,77.9085,51.451,20.27,21.47,5.585,17.505,0.97765,3.72,0,13.09471016,1.671212583
2006,242,7,66.5215,106.352,42.31,48.445,11.235,17.775,0.97235,4.165,0,13.08380391,1.671863612
2006,242,8,55.4275,148.603,59.02,68.56,15.345,18.25,0.9558,4.465,0,13.0835762,1.672520448
2006,242,9,45.2025,284.395,115.09,137.61,30.47,18.94,0.91935,5.085,0,13.08357286,1.673184562
2006,242,10,36.8385,386.101,156.56,189.415,41.38,19.795,0.88215,4.765,0,13.08357281,1.673856343
2006,242,11,31.9755,1211.985,504.33,621.43,125.42,21.545,0.79545,5.515,0,13.0835729,1.674535477
2006,242,12,32.26,644.414,262.71,320.52,68.765,22.09,0.74685,5.525,0,13.08357318,1.675216265
2006,242,13,37.576,396.589,160.385,193.34,41.77,21.66,0.7923,4.105,0,13.08357287,1.675896991
2006,242,14,46.2025,694.347,286.615,348.055,74.265,22.44,0.7414,6.69,0,13.08357299,1.67657731
2006,242,15,56.5605,460.851,188.86,229.885,51.09,22.585,0.7274,6.36,0,13.08357292,1.677256236
2006,242,16,67.7205,244.536,100.055,120.1,27.245,22.27,0.74,5.295,0,13.08357283,1.677935489
2006,242,17,79.1275,115.276,46.78,54.02,12.525,21.885,0.7594,5.04,0,13.08357283,1.678615824
2006,242,18,90.428,8.28,2.22,1.8,1.13,20.885,0.79075,4.84,0,13.04916149,1.679298262
2006,242,19,101.5585,0.023,0,0,0.225,19.93,0.83235,4.155,0,13.04239432,1.679980198
2006,242,20,111.7145,0.115,0,0,0.135,19.145,0.89125,3.64,0,13.04282797,1.680657107
2006,242,21,120.5005,0.023,0,0,0.28,18.785,0.901,4.05,0,13.04295114,1.681328922
2006,242,22,127.14,0,0,0,0,18.97,0.8776,5.025,0,13.04309604,1.681999841
2006,242,23,130.7085,0,0,0,0.185,19.025,0.8695,4.915,0,13.0432627,1.682671976
2006,243,0,130.5215,0,0,0,0.115,18.605,0.90125,4.405,0,13.04343982,1.683342184
2006,243,1,126.6245,0,0,0,0.12,18.575,0.8928,4.86,0,13.04361555,1.684009905
2006,243,2,119.7405,0,0,0,0.19,17.93,0.9092,4.245,0,13.04377765,1.684673439
2006,243,3,110.798,0.023,0,0,0.065,17.595,0.92405,4.085,0,13.04391614,1.685330282
2006,243,4,100.5485,0.046,0,0,0.07,17.575,0.92215,4.8,0,13.04402064,1.685984477
2006,243,5,89.357,18.262,4.925,3.555,1.13,17.115,0.93645,4.62,0,13.04594436,1.686634776
2006,243,6,78.076,110.86,39.895,41.05,7.18,17.06,0.93535,4.835,0,13.0502498,1.687280556
2006,243,7,66.6945,259.302,102.34,117.575,22.785,17.3,0.9251,4.855,0,13.04855765,1.687927781
2006,243,8,55.6185,462.829,191.645,232.56,50.9,18.11,0.89595,4.935,0,13.0485221,1.688583284
2006,243,9,45.4305,774.019,321.255,392.99,84.235,19.045,0.86655,4.47,0,13.04852155,1.689250279
2006,243,10,37.119,1185.788,492.73,612.755,126.11,20.18,0.8438,4.915,0,13.04852161,1.689927127
2006,243,11,32.315,1145.699,472.62,585.695,116.615,21.51,0.798,5.295,0,13.04852182,1.690610224
2006,243,12,32.626,1092.017,454.465,560.95,114.94,22.555,0.76165,5.885,0,13.0485217,1.691293721
2006,243,13,37.926,993.485,409.805,506.935,104.88,23.035,0.74185,6.615,0,13.04852159,1.691974465
2006,243,14,46.5245,411.033,169.91,207.15,46.585,22.635,0.75935,5.91,0,13.04852166,1.692655001
2006,243,15,56.8635,284.671,116.235,140.94,32.18,21.5,0.7942,6.015,0,13.04852184,1.693338385
2006,243,16,68.0095,70.909,26.965,29.925,7.55,20.775,0.81595,5.755,0,13.04852157,1.6940223
2006,243,17,79.4135,68.701,26.64,28.975,6.995,20.645,0.8354,5.395,0,13.04851945,1.694705294
2006,243,18,90.7065,4.669,1.045,0.4,0.615,20.245,0.86175,4.345,0,12.99125463,1.695389842
2006,243,19,101.866,0.322,0,0,0.28,19.695,0.8903,3.905,0,12.98941836,1.696074486
2006,243,20,112.0395,0.276,0,0,0.14,19.445,0.9065,3.525,0,12.98966632,1.696756433
2006,243,21,120.847,0.184,0,0,0.23,19.335,0.9184,3.725,0,12.98979305,1.697436903
2006,243,22,127.505,0.161,0,0,0.03,19.625,0.88445,4.575,0,12.98994728,1.698118099
2006,243,23,131.073,0.023,0,0,0.04,19.6,0.85935,5.64,0,12.99012079,1.698800341
2006,244,0,130.868,0.046,0,0,0.125,19.28,0.8681,4.5,0,12.99030014,1.699481175
2006,244,1,126.9275,0.046,0,0,0.18,18.935,0.88055,4.32,0,12.99047873,1.700159009
2006,244,2,120.0015,0.023,0,0,0.18,18.545,0.8895,4.19,0,12.9906427,1.700833027
2006,244,3,111.019,0,0,0,0.135,18.3,0.89955,4.175,0,12.99078046,1.701503349
2006,244,4,100.7445,0,0,0,0.03,18.355,0.9078,3.875,0,12.99088298,1.702172489
2006,244,5,89.523,6.808,1.89,1.345,0.985,18.215,0.8895,3.34,0,12.99104166,1.702841076
2006,244,6,78.2435,68.931,27.395,30.4,7.265,18.005,0.88875,3.325,0,12.97456554,1.703508057
2006,244,7,66.869,319.171,129.61,154.455,33.305,18.385,0.86735,3.92,0,12.96920168,1.704177077
2006,244,8,55.8115,752.1,309.395,383.795,83.14,19.21,0.84255,3.685,0,12.9690875,1.704853472
2006,244,9,45.659,1037.346,424.07,527.07,109.035,21.045,0.79205,4.305,0,12.9690858,1.705540383
2006,244,10,37.403,944.633,391.505,487.31,103.34,21.165,0.80055,5.335,0,12.96908581,1.706231404
2006,244,11,32.6585,869.308,364.155,456.14,99.27,21.455,0.7913,6.025,0,12.96908577,1.706922661
2006,244,12,32.9935,609.523,252.26,313.69,69.27,21.54,0.7833,6.22,0,12.96908578,1.707614006
2006,244,13,38.278,376.855,152.88,187.485,42.315,21.15,0.7958,5.96,0,12.9690858,1.708305277
2006,244,14,46.8505,245.824,97.705,117.68,26.645,20.69,0.80775,4.825,0,12.96908585,1.708995891
2006,244,15,57.167,229.379,92.125,110.425,24.78,20.88,0.8084,3.865,0,12.96908597,1.709686175
2006,244,16,68.303,239.039,97.465,116.85,25.88,21.28,0.78085,3.81,0,12.96908582,1.710377129
2006,244,17,79.7015,37.835,13.565,13.985,4.175,20.65,0.8032,3.905,0,12.9683404,1.711067847
2006,244,18,91.0265,6.049,1.425,0.6,0.56,20.17,0.8372,2.74,0,12.86549283,1.711761126
2006,244,19,102.174,0.046,0,0,0,20.215,0.7908,4.185,0,12.86554894,1.712457622
2006,244,20,112.3655,0.023,0,0,0.155,19.585,0.8068,3.675,0,12.86567443,1.713152287
2006,244,21,121.1975,0.115,0,0,0.115,18.83,0.8546,4.345,0,12.86579362,1.713841382
2006,244,22,127.8705,0.046,0,0,0.2,18.03,0.8614,4.63,0,12.86594488,1.714521986
2006,244,23,131.4435,0,0,0,0.12,17.455,0.8593,3.96,0,12.86611473,1.715193189
2006,245,0,131.214,0,0,0,0.08,16.435,0.87975,2.58,0,12.86629293,1.715851087
2006,245,1,127.235,0.092,0,0,0.08,15.01,0.9296,2.265,0,12.8664716,1.716484109
2006,245,2,120.262,0.46,0,0,0.075,14.195,0.9585,2.645,0,12.86664704,1.717090062
2006,245,3,111.241,0.46,0,0,0.105,13.83,0.9617,2.4,0,12.86680568,1.717680017
2006,245,4,100.9375,0.483,0,0,0,13.37,0.974,2.54,0,12.86692433,1.718258051
2006,245,5,89.688,25.507,6.925,6.01,1.785,13.42,0.9749,2.7,0,12.87837074,1.71882961
2006,245,6,78.412,303.738,115.75,135.485,37.61,14.575,0.9554,2.585,0,12.890907,1.719417742
2006,245,7,67.044,701.362,275.775,344.615,82.565,16.56,0.86785,4.135,0,12.8899813,1.7200452
2006,245,8,56.006,1060.944,424.12,534.48,114.585,18.29,0.7637,4.715,0,12.88996173,1.720709158
2006,245,9,45.89,1347.202,550.2,691.69,138.21,19.605,0.6945,5.13,0,12.88996147,1.721393548
2006,245,10,37.689,1313.875,543.37,681.685,132.215,20.375,0.68435,4.58,0,12.88996161,1.722086776
2006,245,11,33.0035,1397.365,580.735,725.585,139.7,21.245,0.65995,4.665,0,12.88996217,1.722783707
2006,245,12,33.364,1427.771,594.18,741.275,142.31,22.47,0.62815,4.355,0,12.88996147,1.723481227
2006,245,13,38.6345,1328.756,548.805,682.91,135.015,23.29,0.5856,4.65,0,12.88996153,1.724175116
2006,245,14,47.18,1124.884,459.16,568.035,115.325,23.92,0.5384,4.14,0,12.88996171,1.724863632
2006,245,15,57.474,1003.743,399.795,495.575,109.33,24.22,0.49455,4.335,0,12.8899615,1.725547511
2006,245,16,68.599,631.028,243.49,300.04,74.315,24.025,0.523,3.46,0,12.88996156,1.726230808
2006,245,17,79.993,258.727,93.21,112.965,34.88,22.76,0.57375,3.495,0,12.88996147,1.726920932
2006,245,18,91.31,19.113,5.775,5.225,2.695,21.325,0.6281,2.42,0,12.8848546,1.727618212
2006,245,19,102.485,0.161,0,0,0,19.35,0.73775,2.325,0,12.88536342,1.728313192
2006,245,20,112.695,0.184,0,0,0.03,18.545,0.79115,2.615,0,12.88633343,1.728998092
2006,245,21,121.5475,0.138,0,0,0,17.78,0.83455,2.67,0,12.88647274,1.729673621
2006,245,22,128.239,0.161,0,0,0.01,17.075,0.88685,2.905,0,12.88662688,1.730338276
2006,245,23,131.8145,0.092,0,0,0.035,16.15,0.9188,2.915,0,12.88680261,1.730988449
2006,246,0,131.562,0.368,0,0,0.005,15.475,0.92025,2.88,0,12.88699275,1.731622178
2006,246,1,127.541,0.46,0,0,0,15.07,0.9248,2.16,0,12.88719368,1.732243529
2006,246,2,120.5225,0.46,0,0,0,14.52,0.94175,1.45,0,12.88738138,1.73285304
2006,246,3,111.463,0.667,0,0,0,14.79,0.9411,2.22,0,12.88754411,1.733458963
2006,246,4,101.132,0.644,0,0,0,14.09,0.9568,2.495,0,12.88766978,1.73405915
2006,246,5,89.8965,28.681,11.755,12.435,4.26,13.57,0.96965,2.53,0,12.90975035,1.734641695
2006,246,6,78.5815,235.98,97.49,114.52,29.8,14.845,0.95905,1.87,0,12.92006721,1.735233491
2006,246,7,67.219,549.861,229.56,282.66,66.405,17.07,0.91135,2.225,0,12.91922396,1.735867229
2006,246,8,56.2015,1034.517,421.76,524.865,112.515,19.175,0.80615,2.455,0,12.91920636,1.736538968
2006,246,9,46.121,1318.337,542.825,678.25,133.615,20.925,0.719,2.295,0,12.91920612,1.737229723
2006,246,10,37.978,1434.556,596.41,741.99,139.325,22.19,0.65585,1.735,0,12.91920627,1.737925052
2006,246,11,33.351,1291.657,548.595,675.225,127.39,23.325,0.60495,1.255,0,12.91920682,1.738617092
2006,246,12,33.7385,1594.521,676.455,835.665,157.57,24.19,0.5395,1.59,0,12.91920613,1.739301708
2006,246,13,38.993,1537.182,647.995,801.395,157.195,24.725,0.5091,1.915,0,12.91920619,1.739978528
2006,246,14,47.511,1073.571,441.535,543.32,109.77,24.665,0.50175,1.935,0,12.91920637,1.740652229
2006,246,15,57.7855,795.455,324.23,395.895,88.385,24.35,0.50135,2.735,0,12.91920616,1.741328437
2006,246,16,68.897,470.925,188.035,226.97,55.715,24,0.5324,3.02,0,12.91920622,1.74200873
2006,246,17,80.284,154.698,58.75,67.365,18.285,22.885,0.59395,2.245,0,12.91920613,1.742696097
2006,246,18,91.6345,14.835,4.605,4.205,1.775,20.685,0.71445,2.705,0,12.90704709,1.743391202
2006,246,19,102.799,0.207,0,0,0.025,18.925,0.7848,2.635,0,12.90693255,1.74408139
2006,246,20,113.0275,0.138,0,0,0,17.485,0.8251,2.7,0,12.90766786,1.74475557
2006,246,21,121.901,0.161,0,0,0.015,16.375,0.8742,2.92,0,12.90780237,1.745409951
2006,246,22,128.6115,0.276,0,0,0,16.125,0.8868,2.99,0,12.90795995,1.746051436
2006,246,23,132.187,0.046,0,0,0,16.395,0.8808,2.83,0,12.90813807,1.74669311
2006,247,0,131.912,0.046,0,0,0,16,0.89565,2.315,0,12.90831878,1.747333477
2006,247,1,127.8485,0.023,0,0,0,15.875,0.9126,2.66,0,12.9084964,1.747968369
2006,247,2,120.7835,0.092,0,0,0,15.815,0.91135,2.59,0,12.90866037,1.748601243
2006,247,3,111.684,0.161,0,0,0.01,15.4,0.92725,1.92,0,12.90880128,1.74922879
2006,247,4,101.325,0.207,0,0,0,15.425,0.93335,1.77,0,12.90890791,1.74985186
2006,247,5,90.0635,7.866,2.36,1.95,0.84,15.515,0.93155,1.57,0,12.90909737,1.750476257
2006,247,6,78.7515,63.227,25.57,28.765,6.99,15.8,0.91525,1.885,0,12.8895968,1.751105654
2006,247,7,67.3955,258.796,106.965,128.04,28.165,16.835,0.8548,1.72,0,12.88335881,1.75175
2006,247,8,56.398,473.869,194.435,237.91,52.185,18.405,0.74575,3.44,0,12.88322673,1.752417649
2006,247,9,46.3575,747.96,311.385,384.705,82.69,19.57,0.7131,3.07,0,12.88322479,1.753103055
2006,247,10,38.2695,1299.523,541.95,674.56,137.515,20.98,0.64545,2.88,0,12.8832248,1.753798207
2006,247,11,33.701,1201.497,501.055,624.095,125.795,21.81,0.59125,3.125,0,12.88322475,1.754496674
2006,247,12,34.113,1643.764,689.035,856.695,165.7,22.625,0.55995,3.16,0,12.88322477,1.755194077
2006,247,13,39.355,1101.125,466.97,576.03,116.67,23.245,0.5304,2.09,0,12.88322479,1.755888239
2006,247,14,47.8465,1293.957,532.97,659.49,136.63,23.545,0.525,2.855,0,12.88322485,1.756579168
2006,247,15,58.0975,1018.164,415.345,512.93,115.27,23.56,0.53095,3.04,0,12.88322501,1.757268776
2006,247,16,69.198,589.858,231.815,285.355,73.62,23.095,0.5577,3.93,0,12.88322479,1.757960222
2006,247,17,80.58,175.076,67.215,80.245,23.79,21.79,0.62825,3.445,0,12.88322479,1.758656646
2006,247,18,91.9225,9.223,1.72,1.005,0.605,18.945,0.77265,2.755,0,12.86929654,1.759351776
2006,247,19,103.1145,0.391,0,0,0.005,17.51,0.84695,1.94,0,12.869256,1.760029292
2006,247,20,113.3625,0.345,0,0,0.005,17.62,0.8567,1.22,0,12.86993655,1.760697539
2006,247,21,122.257,0.437,0,0,0.09,17.335,0.8846,1.625,0,12.87007941,1.761364355
2006,247,22,128.9845,0.46,0,0,0.135,16.885,0.92665,2.685,0,12.87024937,1.762024999
2006,247,23,132.5635,0.46,0,0,0.15,16.41,0.94535,3.18,0,12.87044495,1.762677187
2006,248,0,132.2645,0.46,0,0,0.055,15.915,0.92575,2.65,0.179916667,12.87065224,1.763319674
2006,248,1,128.158,0.529,0,0,0.045,15.59,0.93595,1.405,0.179916667,12.87085851,1.763953325
2006,248,2,121.0465,0.552,0,0,0.085,15.53,0.96455,1.075,0.179916667,12.87105195,1.764582621
2006,248,3,111.9075,0.46,0,0,0.105,15.27,0.97155,1.03,0.179916667,12.87121391,1.765208177
2006,248,4,101.519,0.46,0,0,0.06,15.26,0.9805,1.955,0.179916667,12.87133151,1.765830526
2006,248,5,90.231,4.071,0.67,0.2,0.47,15.2,0.9757,1.91,0.179916667,12.87144015,1.766452025
2006,248,6,78.9225,26.68,10,9.025,2.48,15.31,0.9711,1.915,0.179916667,12.86435666,1.767074377
2006,248,7,67.576,51.727,21.41,22.215,5.35,15.755,0.96495,2.63,0.179916667,12.75430544,1.767707418
2006,248,8,56.5985,361.629,153.335,183.6,38.275,15.685,0.93275,4.425,0.179916667,12.74888548,1.76834879
2006,248,9,46.5965,588.455,244.66,293.815,59.97,15.94,0.8809,5,0.179916667,12.74880302,1.768992425
2006,248,10,38.562,662.009,275.905,337.225,72.19,17.365,0.8138,4.425,0.179916667,12.74880217,1.769653285
2006,248,11,34.053,513.107,210.355,256.08,55.265,17.335,0.8402,3.47,0.179916667,12.74880195,1.770327036
2006,248,12,34.4915,592.434,247.905,303.125,67.295,17.73,0.85565,4.445,0.179916667,12.74880205,1.771003752
2006,248,13,39.7185,1327.008,558.44,690.6,140.89,19.375,0.79825,4.505,0.179916667,12.74880234,1.771694406
2006,248,14,48.1825,999.695,415.37,510.845,107.455,20.8,0.7347,2.97,0.179916667,12.74880199,1.772399013
2006,248,15,58.4125,746.741,303.02,372.37,82.72,21.2,0.7038,3.275,0.179916667,12.74880206,1.773107616
2006,248,16,69.5,242.535,93.54,107.41,21.87,20.25,0.7629,2.485,0.179916667,12.7488022,1.773815347
2006,248,17,80.876,195.891,75.2,89.715,25.93,20.75,0.686,2.385,0.179916667,12.74880197,1.774522349
2006,248,18,92.253,10.534,2.775,2.58,0.725,19.07,0.7848,1.625,0.179916667,12.73740276,1.775226128
2006,248,19,103.432,0.207,0,0,0.03,17.755,0.83595,1.96,0.179916667,12.73794872,1.775916016
2006,248,20,113.698,0.46,0,0,0.01,16.515,0.90495,1.32,0.179916667,12.73869068,1.77658658
2006,248,21,122.6145,0.46,0,0,0,15.31,0.95945,1.06,0.179916667,12.73883547,1.77723291
2006,248,22,129.3615,0.46,0,0,0.16,15.42,0.9167,2.02,0.179916667,12.73900472,1.777866843
2006,248,23,132.9395,0.46,0,0,0,14.315,0.9425,1.65,0.179916667,12.73919943,1.778488228
2006,249,0,132.617,0.598,0,0,0.005,13.91,0.97895,1.925,0.010583333,12.73941082,1.779089373
2006,249,1,128.4655,0.782,0,0,0,13.24,0.9902,1.41,0.010583333,12.73963092,1.779674804
2006,249,2,121.3075,0.92,0,0,0.005,12.925,0.9939,1.105,0.010583333,12.73984656,1.7802451
2006,249,3,112.1295,0.92,0,0,0,12.295,0.99675,0.75,0.010583333,12.74003403,1.780800077
2006,249,4,101.713,0.92,0,0,0,12.185,0.998,1.39,0.010583333,12.74017461,1.781342659
2006,249,5,90.437,21.62,6.92,7.33,3.125,12.465,0.996794118,1.225,0.010583333,12.74524961,1.781887977
2006,249,6,79.0975,245.134,102.46,118.44,32.935,12.98,0.995588235,1.08,0.010583333,12.76828306,1.782445675
2006,249,7,67.756,596.505,249.065,301.22,71.555,16.26,0.9348,1.645,0.010583333,12.76734657,1.783057386
2006,249,8,56.8,951.947,392.58,483.8,103.865,19.9,0.78465,1.645,0.010583333,12.76732524,1.783738854
2006,249,9,46.8355,1295.176,537.555,665.67,132.805,22.615,0.67865,2.1,0.010583333,12.76732493,1.784445197
2006,249,10,38.8595,1521.197,633.815,785.6,148.09,24.015,0.59645,2.6,0.010583333,12.76732502,1.785145484
2006,249,11,34.4055,1647.881,688.675,854.37,158.525,25.075,0.5642,2.99,0.010583333,12.76732534,1.78583281
2006,249,12,34.8705,1474.024,617.695,763.99,146.525,25.82,0.5209,3.48,0.010583333,12.76732498,1.786506241
2006,249,13,40.0845,781.287,324.235,397.68,81.105,25.905,0.49785,2.305,0.010583333,12.76732511,1.787172075
2006,249,14,48.5215,1157.82,481.455,595.685,124.715,26.59,0.4696,3.08,0.010583333,12.76732554,1.787829948
2006,249,15,58.731,944.38,388.965,492.355,115.86,26.05,0.472,4.035,0.010583333,12.76732495,1.788486296
2006,249,16,69.8065,464.991,189.375,231.63,58.795,24.98,0.52235,2.09,0.010583333,12.76732497,1.789158415
2006,249,17,81.175,188.876,74.925,88.955,26.045,25.205,0.5476,1.395,0.010583333,12.76732497,1.7898379
2006,249,18,92.5455,8.97,2.795,2.235,0.82,23.02,0.653,1.955,0.010583333,12.75504414,1.790530384
2006,249,19,103.751,0.023,0,0,0,21.85,0.6507,2.315,0.010583333,12.75597188,1.791236916
2006,249,20,114.035,0.115,0,0,0.01,19.405,0.7607,2.445,0.010583333,12.75667292,1.791942865
2006,249,21,122.973,0.046,0,0,0,18.365,0.7985,1.345,0.010583333,12.75680228,1.792637003
2006,249,22,129.7395,0.345,0,0,0,17.65,0.8143,1.04,0.010583333,12.75695678,1.793320264
2006,249,23,133.3195,0.207,0,0,0,18.045,0.7822,1.1,0.010583333,12.75714111,1.794001248
2006,250,0,132.9705,0.391,0,0,0,17.095,0.84435,1.42,0,12.75733667,1.794677841
2006,250,1,128.775,0.46,0,0,0,15.525,0.913,1.645,0,12.75753985,1.795331206
2006,250,2,121.567,0.46,0,0,0,14.89,0.93385,1.96,0,12.75772857,1.795960021
2006,250,3,112.3515,0.46,0,0,0,14.465,0.9508,1.375,0,12.75788891,1.796575394
2006,250,4,101.9075,0.46,0,0,0,13.71,0.97645,1.385,0,12.75800898,1.797174598
2006,250,5,90.6065,18.239,6.09,5.995,2.295,13.855,0.98445,1.415,0,12.76006829,1.79776503
2006,250,6,79.268,223.974,93.88,109.64,30.805,14.36,0.9769,0.975,0,12.77915214,1.798364093
2006,250,7,67.9365,587.512,243.91,295.91,72.06,17.32,0.90265,0.88,0,12.77808693,1.799005009
2006,250,8,57.004,960.02,403.525,492.555,105.21,21.86,0.72595,0.6,0,12.77806303,1.799700857
2006,250,9,47.077,1264.08,534.125,655.325,129.55,23.86,0.6386,1.095,0,12.77806267,1.800403099
2006,250,10,39.158,1425.747,605.9,745.845,140.03,25.87,0.53485,1.04,0,12.77806275,1.801084543
2006,250,11,34.763,1349.479,568.185,702.8,130.71,26.615,0.4532,1.455,0,12.77806302,1.801741747
2006,250,12,35.2525,1394.996,589.14,727.54,137.085,27.305,0.4075,1.355,0,12.77806275,1.802382466
2006,250,13,40.4525,1174.863,487.55,596.675,116.06,27.595,0.40435,1.025,0,12.77806295,1.803010583
2006,250,14,48.865,637.238,259.54,312.585,60.6,27.105,0.40115,1.375,0,12.77806276,1.803641351
2006,250,15,59.0525,540.27,221.71,266.455,59.925,27.08,0.42305,2.39,0,12.77806279,1.804278849
2006,250,16,70.112,282.532,113.89,135.355,32.945,26.04,0.50665,2.065,0,12.7780627,1.804928949
2006,250,17,81.4745,107.318,43.95,55.545,14.22,24.385,0.5601,4.135,0,12.7780627,1.805605186
2006,250,18,92.879,4.37,1.11,0.41,0.5,22.295,0.67785,3.35,0,12.75263727,1.806304978
2006,250,19,104.0725,0,0,0,0,21.26,0.71805,2.67,0,12.7538889,1.807013449
2006,250,20,114.375,0,0,0,0.03,19.875,0.77195,2.45,0,12.75431781,1.807720041
2006,250,21,123.3345,0,0,0,0,19.425,0.7747,1.02,0,12.75443945,1.808421568
2006,250,22,130.118,0.023,0,0,0,18.485,0.80915,2.28,0,12.75458626,1.809116647
2006,250,23,133.701,0.276,0,0,0,17.41,0.8616,1.2,0,12.7547616,1.809799105
2006,251,0,133.3265,0.46,0,0,0,17.22,0.82825,1.595,0,12.75496183,1.810471832
2006,251,1,129.0835,0.46,0,0,0,16.505,0.8489,2.735,0,12.75516694,1.811136463
2006,251,2,121.829,0.46,0,0,0,15.555,0.8973,2.755,0,12.75535614,1.811784315
2006,251,3,112.573,0.46,0,0,0,14.91,0.9263,1.68,0,12.75551575,1.812413886
2006,251,4,102.1035,0.46,0,0,0,14.8,0.9346,2.09,0,12.75563464,1.813034046
2006,251,5,90.777,16.997,6.25,5.725,1.765,14.61,0.9431,1.915,0,12.75711959,1.813650256
2006,251,6,79.44,195.339,85.05,98.8,26.255,15.45,0.93355,1.56,0,12.7729824,1.81427413
2006,251,7,68.118,513.406,217.735,265.115,64.67,18.365,0.8756,2.09,0,12.771809,1.814937129
2006,251,8,57.206,876.599,367.28,454.88,101.425,21.49,0.74305,2.865,0,12.77178297,1.815637704
2006,251,9,47.321,1181.579,493.915,615.53,128.38,24.075,0.6151,4,0,12.77178258,1.816340374
2006,251,10,39.458,1399.09,584.955,731.015,145.68,25.475,0.54045,4.765,0,12.77178265,1.817024
2006,251,11,35.12,1480.487,621.94,774.05,151.125,26.64,0.47365,4.255,0,12.77178289,1.817685354
2006,251,12,35.6355,1213.158,506.455,629.485,128.165,27.045,0.43815,4.385,0,12.77178268,1.818329441
2006,251,13,40.8235,1128.587,467.04,578.145,118.805,27.37,0.4194,4.21,0,12.7717828,1.818964402
2006,251,14,49.2075,1042.383,434.265,546.445,122.535,27.73,0.40035,4.145,0,12.77178265,1.819590204
2006,251,15,59.373,675.579,274.355,338.695,77.42,27.195,0.43695,3.245,0,12.77178277,1.820218368
2006,251,16,70.4225,374.9,149.39,180.52,45.375,26.89,0.44155,2.85,0,12.77178263,1.820857541
2006,251,17,81.7755,164.749,65.325,77.73,23.96,25.815,0.50945,2.51,0,12.77178262,1.821512698
2006,251,18,93.213,6.555,1.62,1.33,0.74,22.81,0.6417,3.045,0,12.7579663,1.822201716
2006,251,19,104.395,0.115,0,0,0.02,20.545,0.72955,3.05,0,12.76044944,1.822909115
2006,251,20,114.715,0.138,0,0,0,19.25,0.7974,2.765,0,12.76108557,1.823611695
2006,251,21,123.6975,0,0,0,0,18.425,0.8229,2.81,0,12.76121437,1.824305059
2006,251,22,130.5,0.023,0,0,0,17.635,0.8507,2.86,0,12.76136138,1.8249883
2006,251,23,134.0825,0.046,0,0,0,17.2,0.8638,2.92,0,12.76153131,1.825662239
2006,252,0,133.6825,0.046,0,0,0,16.66,0.8742,2.44,0,12.76171207,1.826327683
2006,252,1,129.394,0.322,0,0,0,15.945,0.9024,1.185,0,12.76189789,1.826980887
2006,252,2,122.0905,0.46,0,0,0,15.81,0.9029,1.345,0,12.76208173,1.827625077
2006,252,3,112.7955,0.46,0,0,0,15.66,0.90875,1.765,0,12.76224007,1.828266068
2006,252,4,102.2965,0.46,0,0,0,15.32,0.91205,2.085,0,12.76235856,1.828901388
2006,252,5,90.984,19.481,7.975,8.09,2.155,15.205,0.9055,1.575,0,12.76504875,1.829531194
2006,252,6,79.6145,190.279,82.24,97.795,23.445,15.695,0.90265,1.915,0,12.78048827,1.83016484
2006,252,7,68.3015,334.075,138.59,165.265,35.88,17.685,0.8777,1.375,0,12.77935747,1.830823932
2006,252,8,57.4135,825.171,344.565,423.115,92.605,20.87,0.7456,1.485,0,12.77933266,1.831518789
2006,252,9,47.5685,1332.505,559.015,693.35,144.755,24.525,0.5767,2.42,0,12.7793323,1.832220128
2006,252,10,39.762,1399.711,587.11,724.735,141.165,26.615,0.4798,2.1,0,12.77933237,1.832889763
2006,252,11,35.4795,1474.392,622.72,764.705,143.53,27.925,0.4231,1.57,0,12.77933265,1.833522259
2006,252,12,36.022,955.995,401.2,493.965,96.025,27.83,0.41205,1.91,0,12.77933237,1.8341383
2006,252,13,41.1955,1056.229,448.12,544.01,108.745,28.715,0.36905,1.35,0,12.77933255,1.834742302
2006,252,14,49.5545,523.204,213.91,251.99,50.91,28.475,0.36025,0.67,0,12.7793324,1.835336187
2006,252,15,59.6975,795.984,329.475,403.83,93.39,29.185,0.361,1.12,0,12.77933234,1.835922177
2006,252,16,70.735,428.467,172.685,206.62,49.865,28.425,0.36855,1.285,0,12.77933231,1.836508996
2006,252,17,82.079,98.256,38.73,42.525,8.88,27.26,0.4184,0.6,0,12.77933232,1.83712578
2006,252,18,93.5145,4.025,1.185,0.815,0.31,24.625,0.56625,3.165,0,12.75352999,1.837788754
2006,252,19,104.7195,0,0,0,0.265,22.155,0.70165,3.96,0,12.75556967,1.838488617
2006,252,20,115.0575,0.023,0,0,0.3,20.325,0.83905,3.905,0,12.75597006,1.839196522
2006,252,21,124.0625,0,0,0,0.36,19.17,0.8666,4.195,0,12.75609259,1.839898466
2006,252,22,130.881,0.023,0,0,0.29,17.825,0.89985,5.47,0,12.75624018,1.84058806
2006,252,23,134.467,0,0,0,0.065,17.475,0.9014,5.42,0,12.7564093,1.8412661
2006,253,0,134.04,0.046,0,0,0.045,17.54,0.89985,4.135,0,12.75658877,1.841941888
2006,253,1,129.7045,0,0,0,0.04,17.655,0.91045,3.68,0,12.75676679,1.842619097
2006,253,2,122.352,0.115,0,0,0.09,17.365,0.9289,3.105,0,12.75693053,1.843294887
2006,253,3,113.0175,0.207,0,0,0.01,17.375,0.9319,3.335,0,12.75707347,1.843968388
2006,253,4,102.492,0.414,0,0,0.035,17.365,0.94175,3.28,0,12.7571842,1.84464188
2006,253,5,91.156,10.971,3.53,2.68,1.23,17.255,0.96445,3.975,0,12.75754829,1.845314348
2006,253,6,79.7875,154.031,61.84,73.09,17.375,17.495,0.95585,4.785,0,12.76483132,1.845987623
2006,253,7,68.487,430.79,177.08,219.01,51.005,18.12,0.92365,5.785,0,12.76323016,1.846667468
2006,253,8,57.6215,809.094,330.06,413.36,94.14,19.335,0.8672,5.455,0,12.76319521,1.847359321
2006,253,9,47.8165,1228.844,502.355,631.675,134.7,21.115,0.79345,5.305,0,12.7631947,1.848063432
2006,253,10,40.0675,1443.112,594.75,744.885,148.89,23.145,0.71675,4.575,0,12.76319483,1.848769919
2006,253,11,35.8425,1561.7,649.535,807.5,156.835,24.265,0.6752,4.595,0,12.76319467,1.849467222
2006,253,12,36.4065,1538.907,642.26,793.8,155.34,25.23,0.63355,4.585,0,12.76319469,1.850152071
2006,253,13,41.57,1326.548,550.875,677.99,137.245,25.775,0.6083,4.85,0,12.76319474,1.850824874
2006,253,14,49.902,1001.282,410.33,502.525,107.95,26.065,0.58685,4.925,0,12.76319489,1.851489855
2006,253,15,60.025,729.997,300.865,369.62,87.27,26.065,0.5865,4.94,0,12.76319476,1.85215193
2006,253,16,71.0475,273.056,110.97,132.73,31.745,25.14,0.6279,4.475,0,12.7631947,1.852822815
2006,253,17,82.381,105.501,43.08,49.925,13.095,24.085,0.6837,3.78,0,12.7631947,1.853509528
2006,253,18,93.852,3.45,0.635,0.265,0.51,22.68,0.76115,4.39,0,12.74068169,1.854210415
2006,253,19,105.044,0,0,0,0.17,21.725,0.7963,5.35,0,12.74345564,1.854918853
2006,253,20,115.4015,0,0,0,0.21,20.9,0.8272,5.475,0,12.74388353,1.855628201
2006,253,21,124.426,0,0,0,0.28,20.05,0.8596,5.445,0,12.74400645,1.856335376
2006,253,22,131.267,0,0,0,0.17,19.37,0.88495,5.73,0,12.74415389,1.857038076
2006,253,23,134.852,0.092,0,0,0.26,18.55,0.9133,4.965,0,12.74432409,1.857733995
2006,254,0,134.3965,0.46,0,0,0.165,17.955,0.9342,4.245,0.1905,12.74451821,1.858421548
2006,254,1,130.015,0.46,0,0,0.12,17.53,0.95015,4.105,0.1905,12.7447227,1.859101842
2006,254,2,122.615,0.46,0,0,0.035,17.35,0.96415,3.96,0.1905,12.74491084,1.859777361
2006,254,3,113.2395,0.46,0,0,0.06,17.26,0.9734,3.64,0.1905,12.74506916,1.860450624
2006,254,4,102.6865,0.46,0,0,0.055,17.245,0.97985,3.835,0.1905,12.74518598,1.861122986
2006,254,5,91.3245,17.204,6.135,6.31,2.03,17.395,0.98225,4.04,0.1905,12.74667194,1.861796433
2006,254,6,79.9625,197.317,80.635,97.135,23.565,17.955,0.97955,5.13,0.1905,12.75878206,1.862475088
2006,254,7,68.6715,465.428,191.14,234.725,55.98,19.645,0.91115,4.94,0.1905,12.75757093,1.863167899
2006,254,8,57.8315,188.025,73.335,87.575,20.89,20.69,0.85855,5.03,0.1905,12.75754469,1.863872475
2006,254,9,48.067,96.945,34.48,38.73,8.575,18.94,0.92635,3.375,0.1905,12.75754431,1.864574496
2006,254,10,40.3745,172.73,65.265,73.85,14.88,19.05,0.92275,0.985,0.1905,12.75754437,1.865269912
2006,254,11,36.206,180.987,64.45,74.215,15.375,18.84,0.9498,2.18,0.1905,12.75754461,1.865964802
2006,254,12,36.795,620.218,245.44,299.07,63.095,19.485,0.9317,3.405,0.1905,12.7575444,1.866661826
2006,254,13,41.9455,905.763,368.875,452.035,95.32,21.14,0.8466,4.935,0.1905,12.75754452,1.867366884
2006,254,14,50.2525,866.824,352.36,429.11,92.455,22.82,0.77375,3.92,0.1905,12.75754438,1.86807439
2006,254,15,60.352,625.991,254.33,308.07,70.215,24.24,0.70805,4.185,0.1905,12.7575445,1.868773592
2006,254,16,71.362,496.777,209.745,259.18,68.3,24.815,0.66255,4.905,0.1905,12.75754435,1.86946202
2006,254,17,82.6845,85.951,30.11,34.175,9.525,22.21,0.82435,4.915,0.1905,12.75754434,1.870160488
2006,254,18,94.155,2.967,0.32,0.08,0.51,20.13,0.9223,3.155,0.1905,12.72999699,1.870869027
2006,254,19,105.37,0.46,0,0,0.11,19.29,0.9561,3.25,0.1905,12.732654,1.871572621
2006,254,20,115.744,0.46,0,0,0.105,19.53,0.9604,2.665,0.1905,12.73301412,1.87227379
2006,254,21,124.7955,0.46,0,0,0.075,19.105,0.97435,3.33,0.1905,12.73315553,1.872974099
2006,254,22,131.6515,0.46,0,0,0.03,19.1,0.9821,3.585,0.1905,12.73332789,1.873672384
2006,254,23,135.238,0.851,0,0,0.13,19.19,0.98225,3.48,0.1905,12.73353629,1.874371073
2006,255,0,134.757,0.897,0,0,0.18,19.245,0.97715,1.625,0.105833333,12.73377415,1.875070443
2006,255,1,130.3255,0.851,0,0,0.155,19.155,0.9775,2.57,0.105833333,12.73401037,1.875769629
2006,255,2,122.8745,0.621,0,0,0.175,19.115,0.9782,2.645,0.105833333,12.7342171,1.876468172
2006,255,3,113.4595,0.805,0,0,0.065,19.195,0.97915,2.03,0.105833333,12.73438765,1.877166895
2006,255,4,102.881,1.334,0,0,0.085,19.185,0.98435,1.305,0.105833333,12.73452699,1.877865946
2006,255,5,91.5355,3.818,0.4,0.025,0.365,19.38,0.9789,1.395,0.105833333,12.73464766,1.878565849
2006,255,6,80.139,114.655,46.41,52.785,11.485,19.57,0.9715,2.595,0.105833333,12.7308227,1.879267585
2006,255,7,68.8585,332.258,138.04,162.155,33.835,20.04,0.9609,2.155,0.105833333,12.72820478,1.879972085
2006,255,8,58.0425,603.566,253.22,305.025,63.895,21.13,0.89585,2.415,0.105833333,12.72814791,1.880680792
2006,255,9,48.3195,760.058,314.54,380.375,78.895,22.205,0.8221,1.645,0.105833333,12.7281472,1.881391217
2006,255,10,40.6835,713.138,293.64,351.31,71.415,23.28,0.76645,1.22,0.105833333,12.72814704,1.882098362
2006,255,11,36.5715,818.8,332.525,404.01,82.87,23.775,0.73235,1.995,0.105833333,12.72814706,1.882800073
2006,255,12,37.185,1145.699,474.53,580.09,116.98,24.91,0.674,2.34,0.105833333,12.72814711,1.883492847
2006,255,13,42.3225,955.259,391.17,482.67,101.265,24.44,0.7129,4.875,0.105833333,12.72814729,1.884181392
2006,255,14,50.603,775.399,314.615,387.515,85.47,23.71,0.75105,6.48,0.105833333,12.72814716,1.88487751
2006,255,15,60.684,460.46,182.1,225.39,52.345,20.785,0.85365,7.745,0.105833333,12.72814708,1.885585447
2006,255,16,71.6785,69.161,24.07,27.135,7.045,18.03,0.9012,7.07,0.105833333,12.72814707,1.886285666
2006,255,17,82.99,17.733,4.215,2.92,2.035,16.85,0.92625,6.605,0.105833333,12.62725736,1.886965563
2006,255,18,94.4995,1.495,0,0,0.155,15.75,0.97595,5.43,0.105833333,12.59613674,1.88762844
2006,255,19,105.699,0.46,0,0,0.095,15.55,0.95925,4.67,0.105833333,12.59628803,1.88827807
2006,255,20,116.0905,0.46,0,0,0.1,15.345,0.94365,4.795,0.105833333,12.59638868,1.8889229
2006,255,21,125.1625,0.46,0,0,0.09,15.065,0.9315,4.64,0.105833333,12.59652816,1.889561787
2006,255,22,132.0385,0.414,0,0,0.06,14.75,0.93155,4.425,0.105833333,12.59670221,1.890193101
2006,255,23,135.6265,0.184,0,0,0.015,14.63,0.9251,4.405,0.105833333,12.59689205,1.890818695
2006,256,0,135.116,0,0,0,0.05,14.455,0.92705,4.34,0,12.5970784,1.891440302
2006,256,1,130.637,0.023,0,0,0.045,14.13,0.93595,4.61,0,12.59725529,1.892054983
2006,256,2,123.1365,0.161,0,0,0.05,14.07,0.9368,5.025,0,12.59741954,1.892664208
2006,256,3,113.681,0.713,0,0,0.005,13.725,0.9801,3.705,0,12.59757204,1.893267528
2006,256,4,103.0765,1.127,0,0,0.005,13.765,0.9908,3.57,0,12.59770269,1.89386634
2006,256,5,91.707,3.404,0.455,0,0.245,13.98,0.9942,4.06,0,12.59780783,1.894468921
2006,256,6,80.316,43.493,15.975,15.635,4.605,14.43,0.98925,4.065,0,12.5679198,1.895081917
2006,256,7,69.046,191.084,79.4,92.175,20.24,15.095,0.9568,5.255,0,12.54741363,1.89571158
2006,256,8,58.256,543.444,225.935,271.455,57.675,15.875,0.91775,6.1,0,12.54695781,1.896360057
2006,256,9,48.5755,742.923,306.965,373.17,80.23,16.525,0.8815,5.695,0,12.54695092,1.897024806
2006,256,10,40.9965,442.267,175.52,214.83,47.685,16.36,0.90135,5.515,0,12.54695082,1.897694695
2006,256,11,36.9365,507.012,203.035,247.73,53.995,16.435,0.90315,5.83,0,12.54695084,1.898363662
2006,256,12,37.576,402.707,158.805,193.345,43.175,16.36,0.9186,5.86,0,12.54695088,1.899032629
2006,256,13,42.702,450.064,180,218.015,48,17.23,0.86795,5.42,0,12.546951,1.899709395
2006,256,14,50.9575,290.214,113.605,135.995,29.66,17.43,0.8729,4.765,0,12.54695136,1.900395988
2006,256,15,61.0145,186.714,73.645,86.71,19.345,17.855,0.86865,3.51,0,12.54695086,1.901087723
2006,256,16,71.996,83.421,32.08,35.65,8.72,18.16,0.86835,3.63,0,12.54695088,1.901785023
2006,256,17,83.294,38.985,14.375,14.3,4.03,17.95,0.85745,3.92,0,12.54493534,1.902483077
2006,256,18,94.8045,1.541,0.1,0,0.17,17.445,0.88245,2.625,0,12.47947409,1.903177709
2006,256,19,106.0265,0,0,0,0.08,17.28,0.9055,2.21,0,12.48065431,1.903868717
2006,256,20,116.437,0,0,0,0.14,16.91,0.9051,3.065,0,12.4807868,1.904554958
2006,256,21,125.5325,0,0,0,0.11,16.335,0.9279,2.415,0,12.48090714,1.905232168
2006,256,22,132.4275,0.115,0,0,0.075,16.035,0.9364,1.975,0,12.48105912,1.905900328
2006,256,23,136.015,0.322,0,0,0.06,15.765,0.9519,1.76,0,12.48124196,1.906562186
2006,257,0,135.477,0.46,0,0,0.085,15.585,0.9581,1.81,0,12.48144563,1.907218856
2006,257,1,130.947,0.414,0,0,0.085,14.96,0.9651,1.815,0,12.48164894,1.907865734
2006,257,2,123.3965,0.46,0,0,0.09,14.71,0.96815,1.9,0,12.48183396,1.908501419
2006,257,3,113.902,0.391,0,0,0.1,14.245,0.97325,2.13,0,12.48198896,1.909127396
2006,257,4,103.2695,0.437,0,0,0.01,13.275,0.98455,1.68,0,12.48210128,1.909732522
2006,257,5,91.879,14.536,4.245,3.715,1.4,12.395,0.992,1.865,0,12.48286517,1.910308385
2006,257,6,80.492,217.465,85.71,98.27,27.915,12.765,0.9879,1.235,0,12.49998,1.910875368
2006,257,7,69.2365,583.671,237.2,286.985,70.005,15.225,0.92055,2.135,0,12.49881446,1.911485895
2006,257,8,58.47,854.956,354.105,436.595,97.145,17.72,0.8068,2.975,0,12.49878827,1.912158166
2006,257,9,48.831,665.781,279.5,342.775,73.995,18.6,0.77455,2.835,0,12.49878788,1.912860374
2006,257,10,41.309,1069.155,446.255,549.71,113.075,19.67,0.721,2.435,0,12.49878794,1.913574205
2006,257,11,37.3045,1131.692,480.66,589.675,116.72,21.02,0.6555,2.015,0,12.49878818,1.914296994
2006,257,12,37.968,591.353,244.055,296.63,63.185,21.005,0.65,2.06,0,12.49878798,1.915022473
2006,257,13,43.0805,544.203,226.335,271.75,58.035,21.42,0.6333,1.445,0,12.49878803,1.915748257
2006,257,14,51.312,450.754,186.885,224.075,47.14,21.76,0.6249,0.895,0,12.49878789,1.916474214
2006,257,15,61.347,676.66,278.3,336.54,77.17,22.5,0.59715,1.165,0,12.49878791,1.917199238
2006,257,16,72.3145,493.051,193.49,234.54,63.775,22.575,0.57405,1.935,0,12.49878794,1.917922861
2006,257,17,83.599,131.606,50.065,57.515,18.845,21.84,0.61625,1.795,0,12.49878793,1.918647658
2006,257,18,95.1535,3.174,0.575,0.245,0.065,21.16,0.63565,1.655,0,12.4962004,1.919373647
2006,257,19,106.356,0.115,0,0,0,19.9,0.69575,2.03,0,12.50782199,1.92009713
2006,257,20,116.7835,0.023,0,0,0,18.135,0.79015,2.43,0,12.50841884,1.920808872
2006,257,21,125.902,0.368,0,0,0,15.8,0.8826,1.18,0,12.50855426,1.921490371
2006,257,22,132.8165,0.46,0,0,0,16.15,0.87515,1.325,0,12.50872545,1.922152412
2006,257,23,136.4055,0.46,0,0,0,15.995,0.88715,1.69,0,12.50892344,1.922816615
2006,258,0,135.8365,0.46,0,0,0,15.35,0.9055,1.955,0,12.50913214,1.92347168
2006,258,1,131.2575,0.46,0,0,0,14.315,0.94995,0.955,0,12.50933728,1.924105719
2006,258,2,123.656,0.483,0,0,0,13.99,0.9738,1.685,0,12.50952391,1.92472114
2006,258,3,114.1225,0.621,0,0,0,13.37,0.98805,1.62,0,12.50968318,1.92532256
2006,258,4,103.4645,0.598,0,0,0,13.395,0.996789474,1.465,0,12.50980328,1.925914859
2006,258,5,92.089,12.949,3.62,2.995,1.555,13.825,0.9968,2.935,0,12.51034001,1.926514153
2006,258,6,80.67,205.252,79.975,95.78,28.555,14.24,0.99335,2.265,0,12.52454829,1.92712568
2006,258,7,69.428,539.672,219.38,267.025,64.795,16.395,0.97645,2.655,0,12.52329221,1.927770774
2006,258,8,58.686,950.452,388.79,481.245,105.23,19.585,0.86055,2.315,0,12.52326427,1.928467579
2006,258,9,49.089,1170.838,482.56,601.82,124.385,21.935,0.7134,2.815,0,12.52326384,1.929189923
2006,258,10,41.624,1124.148,470.585,584.855,117.37,22.935,0.64025,3.235,0,12.52326391,1.929912331
2006,258,11,37.675,1287.517,540.025,670.575,133.28,24.22,0.5795,3.1,0,12.52326413,1.930626963
2006,258,12,38.3605,1018.118,420.345,518.765,103.43,24.7,0.54825,3.45,0,12.52326396,1.931331877
2006,258,13,43.4615,835.751,344.19,419.7,85.915,25.325,0.51165,3.795,0,12.52326394,1.932028663
2006,258,14,51.6695,648.255,262.845,318.135,67.61,25.655,0.4826,3.78,0,12.52326386,1.932717346
2006,258,15,61.681,384.583,157.075,184.845,40.055,25.445,0.50745,3.755,0,12.52326387,1.933404941
2006,258,16,72.634,405.582,169.635,208.395,56.775,25.635,0.4967,3.6,0,12.52326388,1.934092722
2006,258,17,83.9025,122.429,49.815,58.905,19.275,24.45,0.55045,2.8,0,12.52326388,1.934788828
2006,258,18,95.466,2.553,0.28,0.1,0.195,21.295,0.6861,3.16,0,12.51886196,1.935507455
2006,258,19,106.6855,0.069,0,0,0.01,19.43,0.7647,3.245,0,12.5291716,1.936228517
2006,258,20,117.1315,0.046,0,0,0.005,17.995,0.83055,3.03,0,12.52972137,1.936935783
2006,258,21,126.272,0,0,0,0,17.485,0.8505,3.05,0,12.52984976,1.937630063
2006,258,22,133.2065,0,0,0,0,17.14,0.86845,3.345,0,12.52999953,1.938317349
2006,258,23,136.7945,0.046,0,0,0,16.395,0.9017,2.965,0,12.53017034,1.9389946
2006,259,0,136.1975,0.276,0,0,0.005,15.775,0.92895,2.825,0,12.53035825,1.939657822
2006,259,1,131.5685,0.46,0,0,0,15.34,0.9442,3.07,0,12.53055546,1.940309029
2006,259,2,123.916,0.46,0,0,0,14.95,0.95555,2.885,0,12.53074159,1.94095012
2006,259,3,114.3435,0.736,0,0,0,14.58,0.96415,2.73,0,12.53090285,1.941581356
2006,259,4,103.6605,0.92,0,0,0,14.735,0.9611,2.85,0,12.53103033,1.942209723
2006,259,5,92.264,11.546,3.94,3.225,1.42,14.525,0.9657,2.845,0,12.53143961,1.94283733
2006,259,6,80.848,213.371,89.4,104.57,27.575,15.375,0.95635,3.315,0,12.54386048,1.943472964
2006,259,7,69.6205,530.035,218.745,266.54,65.37,17.905,0.8876,4.56,0,12.54256971,1.944146049
2006,259,8,58.9045,842.007,346.555,431.6,98.195,20.535,0.77015,5.305,0,12.54254124,1.944857099
2006,259,9,49.3505,1270.267,527.585,660.615,141.185,22.985,0.6557,5.785,0,12.54254082,1.945579177
2006,259,10,41.9415,1464.341,612.395,768.64,157.955,24.31,0.56255,5.89,0,12.54254088,1.946291951
2006,259,11,38.0455,1516.528,631.62,793.405,157.55,25.325,0.5203,5.935,0,12.5425411,1.946990481
2006,259,12,38.7545,1518.667,628.165,789.91,157.795,26.17,0.4644,6.51,0,12.54254094,1.947673069
2006,259,13,43.8445,1377.01,565.215,708.135,145.14,26.985,0.43295,5.415,0,12.54254089,1.948337897
2006,259,14,52.0265,1150.989,466.885,584.075,127.1,27.425,0.4341,5,0,12.54254083,1.948987169
2006,259,15,62.017,852.104,338.92,422.2,101.205,27.605,0.4212,5.735,0,12.54254085,1.949628032
2006,259,16,72.956,472.42,183.605,223.795,62.84,27.28,0.4251,5.765,0,12.54254088,1.950270896
2006,259,17,84.206,125.396,44.95,51.16,18.6,25.295,0.51195,4.02,0,12.54254087,1.950941651
2006,259,18,95.8175,2.254,0.145,0,0.48,22.025,0.66745,3.8,0,12.53786571,1.951652746
2006,259,19,107.014,0,0,0,0.06,19.93,0.75255,3.61,0,12.54807954,1.952374663
2006,259,20,117.48,0,0,0,0.01,19.245,0.78595,4.145,0,12.54863259,1.953089712
2006,259,21,126.643,0.023,0,0,0.035,18.71,0.8126,4.425,0,12.54876053,1.953799059
2006,259,22,133.5975,0,0,0,0.17,17.45,0.86625,3.36,0,12.54891094,1.95449704
2006,259,23,137.1885,0,0,0,0.02,16.63,0.8948,3.91,0,12.54908083,1.955178282
2006,260,0,136.5595,0.046,0,0,0,16.525,0.8916,3.71,0.582083333,12.54926091,1.955850777
2006,260,1,131.8795,0.023,0,0,0,16.345,0.89105,3.105,0.582083333,12.54943858,1.956520372
2006,260,2,124.175,0,0,0,0,15.94,0.89985,3.135,0.582083333,12.54959925,1.957183777
2006,260,3,114.5645,0.023,0,0,0,16.08,0.8916,3.61,0.582083333,12.54973274,1.9578443
2006,260,4,103.855,0.023,0,0,0,15.975,0.89735,3.375,0.582083333,12.54983115,1.958505205
2006,260,5,92.438,13.455,4.72,3.665,1.615,16.425,0.88685,3.715,0.582083333,12.55038711,1.959169805
2006,260,6,81.028,222.203,89.125,102.91,28.27,17.68,0.86415,4.2,0.582083333,12.56272007,1.959850679
2006,260,7,69.812,602.876,243.12,295.315,71.66,21.23,0.74615,5.94,0.582083333,12.56148282,1.960561681
2006,260,8,59.125,436.425,174.625,208.74,45.61,23.37,0.677,5.475,0.582083333,12.56145576,1.961281563
2006,260,9,49.6135,718.129,290.305,352.305,75.495,24.65,0.6374,4.4,0.582083333,12.56145535,1.961989411
2006,260,10,42.2605,935.479,376.48,458.825,94.565,25.96,0.59765,5.86,0.582083333,12.56145542,1.962678788
2006,260,11,38.4185,1333.908,540.16,666.955,134.85,28.295,0.5277,6.085,0.582083333,12.56145565,1.963327951
2006,260,12,39.149,1267.254,511.535,631.64,128.32,29.47,0.49875,6.305,0.582083333,12.56145546,1.9639246
2006,260,13,44.2285,711.896,283.285,343.335,72.665,29.84,0.51735,7.325,0.582083333,12.5614555,1.964493135
2006,260,14,52.384,354.867,137.315,161.27,34.415,29.95,0.5497,6.9,0.582083333,12.56145537,1.965052261
2006,260,15,62.353,90.298,26.965,33.805,10.035,24.5,0.7694,8.51,0.582083333,12.56145538,1.965693906
2006,260,16,73.2755,28.888,7.72,6.76,2.29,21.545,0.91605,3.53,0.582083333,12.51650589,1.9664107
2006,260,17,84.5085,40.296,14.82,14.115,4.48,21.095,0.9643,1.63,0.582083333,12.30090803,1.967141598
2006,260,18,96.1335,1.886,0.215,0.03,0.185,20.55,0.97695,1.74,0.582083333,12.26095678,1.967878052
2006,260,19,107.344,0.874,0,0,0.055,20.08,0.9871,2.895,0.582083333,12.26289087,1.96861331
2006,260,20,117.8285,0.851,0,0,0.085,19.97,0.98855,2.77,0.582083333,12.26306481,1.969346875
2006,260,21,127.015,1.173,0,0,0.035,19.98,0.9906,3.515,0.582083333,12.26323774,1.970080107
2006,260,22,133.9895,1.38,0,0,0.175,20.01,0.98925,3.925,0.582083333,12.26347125,1.970813462
2006,260,23,137.5795,1.104,0,0,0.17,20.1,0.98745,3.97,0.582083333,12.26373467,1.97154719
2006,261,0,136.9215,0.506,0,0,1.435,17.97,0.9749,6.295,0.042333333,12.26397641,1.972271494
2006,261,1,132.1895,0.621,0,0,0.79,14.14,0.9622,6.605,0.042333333,12.26419006,1.972944827
2006,261,2,124.434,0.575,0,0,0.15,14.065,0.96645,5,0.042333333,12.264386,1.973569762
2006,261,3,114.7835,0.46,0,0,0.195,13.93,0.9404,2.975,0.042333333,12.26454439,1.974191579
2006,261,4,104.0485,0.46,0,0,0.155,14.14,0.93605,1.915,0.042333333,12.26465621,1.974814502
2006,261,5,92.6485,1.932,0.155,0,0.265,14.12,0.89735,1.48,0.042333333,12.26472972,1.97544023
2006,261,6,81.206,75.532,30,33.51,7.67,14.335,0.94005,1.545,0.042333333,12.2598426,1.976068885
2006,261,7,70.0065,149.201,60.635,69.865,14.82,15.025,0.93815,1.335,0.042333333,12.25527087,1.976710423
2006,261,8,59.347,289.202,118.82,139.255,29.4,15.665,0.8697,1.795,0.042333333,12.25516244,1.977369502
2006,261,9,49.877,592.733,242.97,291.005,60.445,16.335,0.7967,2.28,0.042333333,12.25516079,1.978044182
2006,261,10,42.581,1071.57,424.04,545.11,110.95,17.96,0.679,2.045,0.042333333,12.25516081,1.978741945
2006,261,11,38.7915,1125.298,461.74,572.875,116.625,19.985,0.49625,2.3,0.042333333,12.25516076,1.979466034
2006,261,12,39.5435,1029.25,418.14,515.89,108.715,20.535,0.4999,3.675,0.042333333,12.25516077,1.980201285
2006,261,13,44.612,558.026,220.435,267.61,58.05,20.72,0.44595,4.355,0.042333333,12.25516079,1.980938286
2006,261,14,52.744,544.939,216.2,264.145,58.48,20.935,0.4032,4.375,0.042333333,12.25516083,1.981675964
2006,261,15,62.69,558.325,223.54,275.255,63.29,21.325,0.38615,5.435,0.042333333,12.25516094,1.982414319
2006,261,16,73.5975,489.256,189.995,240.525,66.725,21.67,0.3721,5.725,0.042333333,12.25516082,1.983152984
2006,261,17,84.8085,115.483,39.985,47.475,17.795,20.68,0.4276,3.835,0.042333333,12.25516079,1.983891256
2006,261,18,96.491,1.449,0.07,0,0.235,18.275,0.5351,4.255,0.042333333,12.26257316,1.984619833
2006,261,19,107.677,0.069,0,0,0.15,16.64,0.56575,5.68,0.042333333,12.27746039,1.985322415
2006,261,20,118.177,0,0,0,0.085,14.435,0.6848,3.33,0.042333333,12.27801938,1.985984654
2006,261,21,127.3865,0,0,0,0.27,14.165,0.6598,5.115,0.042333333,12.27814783,1.986614788
2006,261,22,134.38,0,0,0,0.12,12.14,0.7417,2.485,0.042333333,12.27829867,1.987209174
2006,261,23,137.9725,0,0,0,0,11.06,0.791,2.52,0.042333333,12.27846945,1.987749539
2006,262,0,137.282,0.046,0,0,0,9.85,0.83155,2.7,0,12.27864944,1.988245096
2006,262,1,132.4985,0.368,0,0,0.015,8.13,0.91155,2.505,0,12.27883624,1.988678065
2006,262,2,124.6935,0.46,0,0,0,7.9,0.9149,2.455,0,12.2790185,1.989066892
2006,262,3,115.0025,0.46,0,0,0,7.37,0.9382,2.415,0,12.27917296,1.989437835
2006,262,4,104.243,0.46,0,0,0.01,7.44,0.9308,3.065,0,12.27928511,1.989797849
2006,262,5,92.8245,7.084,2.8,1.305,0.84,7.42,0.94115,3.185,0,12.27944684,1.990159054
2006,262,6,81.388,124.798,52.18,59.195,13.055,9.035,0.9254,2.995,0,12.29193591,1.99055734
2006,262,7,70.2025,279.381,115.425,137.205,29.535,10.315,0.87475,4.085,0,12.29006283,1.991019956
2006,262,8,59.571,721.809,293.615,364.36,80.665,11.87,0.78035,5.77,0,12.29001859,1.991540412
2006,262,9,50.144,582.199,236.095,290.795,63.665,12.245,0.7357,6.73,0,12.29001799,1.992097318
2006,262,10,42.902,659.249,266.675,331.96,71.97,12.945,0.66075,7.21,0,12.29001802,1.9926731
2006,262,11,39.1635,670.059,271.465,337.28,74.08,13.835,0.56505,8.175,0,12.2900179,1.993275138
2006,262,12,39.9405,689.586,279.99,347.21,76.61,14.03,0.5434,8.235,0,12.29001792,1.99389403
2006,262,13,44.9955,724.96,295.82,368.905,82.435,14.125,0.52725,8.545,0,12.29001795,1.994517235
2006,262,14,53.1035,608.626,246.31,305.815,69.955,13.555,0.5436,8.56,0,12.29001804,1.9951333
2006,262,15,63.0275,344.471,138.78,170.44,38.85,13.075,0.5812,8.1,0,12.29001829,1.995733024
2006,262,16,73.9225,108.307,41.74,48.995,11.96,12.22,0.61685,6.835,0,12.29001793,1.996310573
2006,262,17,85.145,25.162,8.3,7.78,2.715,11.715,0.64985,4.54,0,12.26397766,1.996864655
2006,262,18,96.811,0.506,0,0,0.035,11.225,0.70105,3.02,0,12.21888144,1.997401428
2006,262,19,108.0065,0,0,0,0,11.22,0.7015,4.105,0,12.21943864,1.997929438
2006,262,20,118.525,0,0,0,0.005,11.085,0.67345,5.295,0,12.2195386,1.998454721
2006,262,21,127.7575,0,0,0,0.07,10.57,0.6512,5.04,0,12.21966113,1.998967178
2006,262,22,134.774,0.023,0,0,0.025,9.955,0.69855,3.755,0,12.21981366,1.999456673
2006,262,23,138.3665,0.023,0,0,0.025,9.365,0.7348,3.13,0,12.21998627,1.999920755
2006,263,0,137.645,0,0,0,0.01,8.235,0.79345,2.695,0,12.2201678,2.000346882
2006,263,1,132.8085,0.023,0,0,0.01,7.035,0.8318,3.17,0,12.22034367,2.000719028
2006,263,2,124.9505,0.207,0,0,0.035,5.88,0.86165,3.035,0,12.22050836,2.001033953
2006,263,3,115.22,0.46,0,0,0,5.165,0.89275,2.915,0,12.22065373,2.001301954
2006,263,4,104.438,0.46,0,0,0,4.965,0.90485,2.925,0,12.22076438,2.001546617
2006,263,5,92.9995,11.04,3.395,1.785,1.155,4.41,0.9233,2.53,0,12.22110213,2.001771862
2006,263,6,81.5685,222.387,86.04,97.065,28.87,5.2,0.91705,2.495,0,12.24195744,2.002003005
2006,263,7,70.4,592.848,237.625,294.745,73.365,8.115,0.83775,3.89,0,12.24079176,2.002326951
2006,263,8,59.7945,962.688,389.485,497.13,111.075,10.18,0.73525,4.245,0,12.24076458,2.002767764
2006,263,9,50.412,1304.169,536.71,686.155,145.935,12.1,0.6069,4.005,0,12.24076417,2.003291477
2006,263,10,43.226,1282.112,528.28,672.385,136.435,13.02,0.53865,3.355,0,12.24076423,2.00386773
2006,263,11,39.541,1525.705,629.195,804.445,160.545,14.195,0.49115,3.385,0,12.24076447,2.004478345
2006,263,12,40.337,1539.942,629.825,808.745,161.84,15.16,0.4413,3.31,0,12.24076427,2.005120385
2006,263,13,45.3825,1422.113,576.365,741.01,153.31,15.98,0.41305,2.35,0,12.24076432,2.005785531
2006,263,14,53.4655,1181.671,469.085,605.165,134.105,16.985,0.3894,2.265,0,12.24076418,2.006471174
2006,263,15,63.3665,849.597,330.19,424.24,103.515,17.27,0.381,1.94,0,12.2407642,2.007169583
2006,263,16,74.2455,467.521,175.77,223.165,63.27,17.32,0.37975,1.4,0,12.24076422,2.007871017
2006,263,17,85.4455,103.523,36.235,41.76,13.76,16.58,0.38995,0.82,0,12.24076422,2.008566039
2006,263,18,97.132,0.92,0,0,0,14.265,0.4508,0.26,0,12.25016446,2.009226678
2006,263,19,108.3365,0.069,0,0,0,12.87,0.49815,0.255,0,12.26418063,2.009835375
2006,263,20,118.8735,0.023,0,0,0.02,12.445,0.54305,2.62,0,12.2646879,2.010414255
2006,263,21,128.13,0,0,0,0.02,11.59,0.58835,2.07,0,12.26481705,2.010970511
2006,263,22,135.1665,0.046,0,0,0,9.25,0.7026,0.795,0,12.26496974,2.011464601
2006,263,23,138.759,0.322,0,0,0,8.68,0.74455,1.75,0,12.26515064,2.01189708
2006,264,0,138.007,0.414,0,0,0,8.215,0.77725,2.585,0,12.26535342,2.012306201
2006,264,1,133.117,0.46,0,0,0,7.92,0.80525,2.245,0,12.26555483,2.012697794
2006,264,2,125.208,0.46,0,0,0.02,7.11,0.8573,2.835,0,12.26574018,2.01306331
2006,264,3,115.44,0.46,0,0,0,6.165,0.91615,2.235,0,12.26589317,2.013386302
2006,264,4,104.6335,0.46,0,0,0,6.28,0.9293,2.045,0,12.26600391,2.013688803
2006,264,5,93.1735,4.485,2.305,1.32,1.145,7.18,0.91865,2.97,0,12.2661061,2.014016338
2006,264,6,81.75,132.296,54.57,62.63,15.155,8.7,0.886,2.94,0,12.27494668,2.014401667
2006,264,7,70.5985,449.466,183.87,224.9,54.685,10.935,0.8166,4.065,0,12.27297376,2.014870485
2006,264,8,60.021,740.968,298.145,371.23,84.09,13.3,0.69965,5.455,0,12.27292807,2.015429442
2006,264,9,50.681,1168.469,468.345,596.87,131.23,15.63,0.5619,6.63,0,12.27292754,2.016063687
2006,264,10,43.552,1427.909,571.875,734.79,152.6,16.76,0.50395,6.39,0,12.27292748,2.016741842
2006,264,11,39.9165,1588.817,634.73,819.54,166.335,18.23,0.4455,5.945,0,12.27292738,2.017445015
2006,264,12,40.7335,1530.213,608.86,784.6,160.43,19.15,0.4149,5.51,0,12.27292745,2.018165656
2006,264,13,45.7655,735.379,294.245,365.505,78.65,19.355,0.3908,5.855,0,12.27292771,2.018892542
2006,264,14,53.8255,476.307,190.29,231.11,51.51,18.86,0.41595,6.045,0,12.27292742,2.019617944
2006,264,15,63.705,352.406,140.45,169.13,38.3,18.745,0.45185,6.025,0,12.27292751,2.020340054
2006,264,16,74.568,264.477,103.985,126.44,32.135,18.265,0.4853,5.88,0,12.27292743,2.021058507
2006,264,17,85.7825,54.165,21.125,23.675,6.76,17.285,0.5384,4.94,0,12.27292552,2.021766434
2006,264,18,97.453,0.184,0,0,0.105,16.255,0.6041,4.98,0,12.25917845,2.022456846
2006,264,19,108.6675,0,0,0,0.005,15.61,0.65175,5.365,0,12.26358589,2.023129745
2006,264,20,119.221,0,0,0,0.005,15.36,0.678,5.445,0,12.26380336,2.023792007
2006,264,21,128.502,0,0,0,0.015,14.91,0.7109,4.7,0,12.26392767,2.024445441
2006,264,22,135.5595,0,0,0,0.005,14.415,0.74075,4.685,0,12.26407968,2.025086282
2006,264,23,139.155,0,0,0,0,14.51,0.73605,5.66,0,12.26425132,2.025721589
2006,265,0,138.3685,0,0,0,0,14.545,0.74275,6.895,0.074083333,12.26443091,2.026358713
2006,265,1,133.426,0,0,0,0.03,14.265,0.7646,6.87,0.074083333,12.26460615,2.02699237
2006,265,2,125.4645,0.253,0,0,0.225,13.84,0.8311,5.73,0.074083333,12.26477043,2.027615788
2006,265,3,115.6575,0.46,0,0,0.015,13.595,0.89815,6.05,0.074083333,12.264917,2.028229113
2006,265,4,104.8285,0.46,0,0,0.005,14.21,0.905,6.265,0.074083333,12.26502725,2.028848015
2006,265,5,93.3895,4.462,0.76,0.11,0.19,14.62,0.9215,6.46,0.074083333,12.26512847,2.029481921
2006,265,6,81.9325,96.324,35.575,38.285,9.12,14.68,0.9333,6.33,0.074083333,12.26667152,2.030122381
2006,265,7,70.797,396.543,157.75,192.245,46.145,15.85,0.9136,6.86,0.074083333,12.26379945,2.030778905
2006,265,8,60.2485,465.336,187.39,228.48,50.96,17.245,0.888,8.17,0.074083333,12.26373287,2.031464802
2006,265,9,50.9535,981.387,390.38,492.725,107.765,19.515,0.81495,8.02,0.074083333,12.26373187,2.032181195
2006,265,10,43.878,1258.192,491.855,630.305,131.69,21.93,0.73715,8.395,0.074083333,12.26373192,2.032917108
2006,265,11,40.2925,1007.308,397.55,502.14,107.205,23.465,0.6971,9.73,0.074083333,12.26373186,2.033651748
2006,265,12,41.131,488.474,191.945,233.385,51.45,22.575,0.7596,9.57,0.074083333,12.2637319,2.034384705
2006,265,13,46.154,281.75,105.865,125.76,27.725,21.945,0.79995,8.91,0.074083333,12.26373204,2.035121645
2006,265,14,54.188,283.567,108.86,128.335,27.925,21.925,0.8175,7.86,0.074083333,12.26373248,2.035859528
2006,265,15,64.043,200.054,74.95,87.755,19.895,22.075,0.82125,7.135,0.074083333,12.26373187,2.036597271
2006,265,16,74.8915,143.612,55.21,63.77,15.28,21.97,0.8456,7.08,0.074083333,12.26373189,2.037334965
2006,265,17,86.0825,17.48,5.405,4.595,2.04,21.265,0.87255,4.59,0.074083333,12.2301994,2.038073885
2006,265,18,97.772,0.368,0,0,0.095,20.76,0.89565,3.185,0.074083333,12.19754848,2.038813762
2006,265,19,108.9975,0.115,0,0,0.085,20.59,0.90295,3.73,0.074083333,12.19798102,2.039553363
2006,265,20,119.5685,0.207,0,0,0.13,19.83,0.92275,2.565,0.074083333,12.19808239,2.040290691
2006,265,21,128.873,0.46,0,0,0.03,19.205,0.9501,3.615,0.074083333,12.19821972,2.041023105
2006,265,22,135.952,0.46,0,0,0.065,19.165,0.95295,3.4,0.074083333,12.198398,2.041752484
2006,265,23,139.549,0.46,0,0,0.025,19.13,0.94005,3.25,0.074083333,12.19859892,2.042481477
2006,266,0,138.73,0.46,0,0,0.03,18.615,0.95325,2.505,0,12.19880861,2.043207461
2006,266,1,133.734,0.46,0,0,0.045,18.115,0.967,2.415,0,12.19901285,2.043927167
2006,266,2,125.7215,0.759,0,0,0,18.39,0.98335,2.815,0,12.19920508,2.044645361
2006,266,3,115.876,0.92,0,0,0.005,19.4,0.99,2.96,0,12.19937692,2.045371446
2006,266,4,105.0215,0.92,0,0,0.16,19.605,0.9937,4.255,0,12.1995035,2.04610374
2006,266,5,93.5665,2.024,0.13,0,0.245,20,0.98585,5.465,0,12.1995811,2.046838422
2006,266,6,82.115,34.201,11.89,10.65,3.17,20.49,0.96605,6.49,0,12.17470314,2.047576438
2006,266,7,70.9985,124.43,47.155,52.79,11.835,21.07,0.8956,7.49,0,12.12977007,2.048318099
2006,266,8,60.4775,202.078,74.63,86.345,18.795,21.3,0.86675,6.965,0,12.12871423,2.049061586
2006,266,9,51.2265,149.822,52.16,58.375,12.145,21.05,0.84495,6.945,0,12.12869787,2.049805075
2006,266,10,44.2075,341.205,125.835,148.325,31.53,21.005,0.83315,6.975,0,12.12869771,2.050548315
2006,266,11,40.67,449.213,169.165,202.8,43.615,21.245,0.79705,6.745,0,12.12869792,2.051291727
2006,266,12,41.5285,430.698,161.3,193.76,41.76,21.185,0.77685,8.04,0,12.12869782,2.052035283
2006,266,13,46.541,284.418,104.53,123.145,26.37,21.03,0.7902,8.835,0,12.12869769,2.052778672
2006,266,14,54.5505,151.846,54.335,61.52,13.23,20.805,0.827,7.465,0,12.12869775,2.053521644
2006,266,15,64.3835,93.541,33.075,35.325,7.775,21.085,0.83335,7.115,0,12.12869789,2.054264681
2006,266,16,75.2165,96.278,35.775,39.42,9.245,21.3,0.83995,7.31,0,12.12869771,2.055008199
2006,266,17,86.4205,30.613,11.04,10.36,4.415,21.09,0.86375,5.73,0,12.11776568,2.055751913
2006,266,18,98.0925,0.897,0.17,0.06,0.54,20.11,0.9125,3.88,0,12.07467302,2.056494789
2006,266,19,109.3265,0.46,0,0,0.155,19.435,0.9264,4.205,0,12.07575479,2.057233656
2006,266,20,119.916,0.184,0,0,0.225,18.515,0.8708,4.205,0,12.07587772,2.057965043
2006,266,21,129.244,0,0,0,0.27,16.565,0.8185,3.85,0,12.07600569,2.058675974
2006,266,22,136.346,0,0,0,0.045,15.385,0.8137,3.215,0,12.07615851,2.059356171
2006,266,23,139.944,0.069,0,0,0.055,14.475,0.8241,3.76,0,12.07633235,2.060010481
2006,267,0,139.094,0,0,0,0.06,13.815,0.82755,3.86,0,12.07651476,2.060642728
2006,267,1,134.041,0,0,0,0.04,12.825,0.8616,3.48,0,12.07668985,2.061249338
2006,267,2,125.976,0.046,0,0,0.025,11.74,0.90015,3.29,0,12.07684979,2.061820567
2006,267,3,116.094,0.046,0,0,0.05,11.475,0.9068,3.505,0,12.07698281,2.062367102
2006,267,4,105.216,0.184,0,0,0.005,10.855,0.927,3.275,0,12.0770799,2.062896566
2006,267,5,93.7415,7.498,1.77,0.725,0.665,10.63,0.9364,3.16,0,12.07724047,2.063409274
2006,267,6,82.299,177.997,66.96,75.185,22.51,11.465,0.9279,3.08,0,12.09914084,2.063933824
2006,267,7,71.2,505.586,193.63,240.35,59.13,13.685,0.86215,4.88,0,12.09781058,2.064514316
2006,267,8,60.7095,689.839,270.465,341.075,77.34,15.235,0.79125,6.29,0,12.09777829,2.065154809
2006,267,9,51.501,498.249,197.905,244.065,53.98,15.965,0.73165,5.875,0,12.09777787,2.065825646
2006,267,10,44.535,310.086,118.545,142.895,31.795,15.765,0.74245,6.06,0,12.09777799,2.066502867
2006,267,11,41.048,267.651,100.54,118.785,25.535,15.675,0.75115,5.325,0,12.09777782,2.067176675
2006,267,12,41.9255,400.591,152.105,183.435,39.97,15.26,0.813,6.015,0,12.09777792,2.067844316
2006,267,13,46.9265,580.658,228.43,278.555,60.68,14.97,0.8602,5.325,0,12.09777826,2.068503006
2006,267,14,54.913,290.582,114.175,136.35,30.215,16.125,0.7757,4.63,0,12.09777783,2.069172439
2006,267,15,64.724,320.85,126.85,153.74,34.095,16.29,0.75755,5.2,0,12.09777789,2.069857423
2006,267,16,75.5395,129.49,50.495,60.59,16.28,16.62,0.7069,4.45,0,12.09777801,2.070547725
2006,267,17,86.721,44.712,16.405,19.975,8.435,15.8,0.7749,3.22,0,12.09767706,2.071232663
2006,267,18,98.411,0.322,0,0,0.08,13.81,0.8445,2.995,0,12.08286771,2.071882728
2006,267,19,109.6555,0,0,0,0.005,12.07,0.89525,2.93,0,12.08626681,2.072476314
2006,267,20,120.262,0.322,0,0,0,11.325,0.9157,2.675,0,12.08644542,2.073025954
2006,267,21,129.615,0.46,0,0,0,10.75,0.921,2.84,0,12.08658659,2.073550196
2006,267,22,136.7385,0.46,0,0,0,9.965,0.93535,2.775,0,12.08676495,2.074046892
2006,267,23,140.338,0.46,0,0,0.005,8.8,0.9623,2.205,0,12.08696545,2.074501881
2006,268,0,139.4535,0.46,0,0,0,8.195,0.9716,2.265,0,12.08717512,2.07491713
2006,268,1,134.347,0.46,0,0,0,7.4,0.9813,1.58,0,12.08737941,2.075299589
2006,268,2,126.2305,0.46,0,0,0,6.92,0.9867,1.505,0,12.08756367,2.075651375
2006,268,3,116.311,0.598,0,0,0,6.95,0.986,1.475,0,12.08771823,2.075992159
2006,268,4,105.4115,0.483,0,0,0.025,6.69,0.9726,2.135,0,12.08783086,2.076327271
2006,268,5,93.9585,6.578,0.72,0.98,0.905,5.73,0.96685,1.83,0,12.08797131,2.076631928
2006,268,6,82.4815,180.136,55.855,80.18,25.405,6.76,0.95115,1.935,0,12.10758662,2.076938198
2006,268,7,71.402,544.088,215.08,266.495,67.415,10.61,0.88455,2.635,0,12.10620585,2.077360286
2006,268,8,60.941,913.836,357.895,464.49,105.405,13.835,0.75065,3.425,0,12.10617284,2.077927421
2006,268,9,51.7775,1212.376,478.995,626.675,134.175,17.195,0.5695,4.245,0,12.10617235,2.078594267
2006,268,10,44.8665,1458.913,579.42,760.12,157.835,19.33,0.4304,6.33,0,12.10617247,2.079315194
2006,268,11,41.426,1380.69,550.505,717.085,148.405,19.81,0.38805,7.185,0,12.10617234,2.080051469
2006,268,12,42.323,1243.702,494.1,637.295,133.47,20.12,0.3911,6.97,0,12.10617231,2.080790765
2006,268,13,47.311,1352.607,530.55,693.08,150.16,21,0.3703,6.62,0,12.10617232,2.081533183
2006,268,14,55.2745,1106.047,423.365,555.94,128.085,21.33,0.3673,6.555,0,12.10617233,2.082277434
2006,268,15,65.0635,734.183,278.59,362.295,91.245,21.275,0.3883,5.775,0,12.10617235,2.083021869
2006,268,16,75.863,389.896,139.935,178.285,54.05,21.3,0.3843,5.5,0,12.10617239,2.08376629
2006,268,17,87.058,74.359,23.83,28.14,11.155,20.1,0.4294,2.545,0,12.10617237,2.084509125
2006,268,18,98.729,0.276,0,0,0,18.405,0.4877,1.595,0,12.11797563,2.085241847
2006,268,19,109.9825,0.069,0,0,0,16.685,0.5453,2.95,0,12.12808698,2.085951494
2006,268,20,120.6085,0,0,0,0,15.465,0.5926,3.065,0,12.12844253,2.086632334
2006,268,21,129.9845,0,0,0,0,12.66,0.7091,2.425,0,12.12856986,2.08725957
2006,268,22,137.131,0,0,0,0,11.975,0.7405,2.545,0,12.12872255,2.087830794
2006,268,23,140.731,0,0,0,0,11.02,0.78755,2.59,0,12.12889449,2.088371767
2006,269,0,139.8155,0.115,0,0,0,9.675,0.85075,1.11,0,12.12907632,2.088866951
2006,269,1,134.652,0.437,0,0,0,9.41,0.8713,1.435,0,12.12926686,2.089328177
2006,269,2,126.484,0.46,0,0,0,9.05,0.8922,1.155,0,12.12944994,2.089775688
2006,269,3,116.5275,0.46,0,0,0,9.005,0.9029,1.135,0,12.12960206,2.090214199
2006,269,4,105.6045,0.46,0,0,0,7.695,0.9371,1.655,0,12.12971095,2.09062171
2006,269,5,94.1385,5.704,1.475,0.88,0.425,7.175,0.9448,1.315,0,12.12983141,2.090986122
2006,269,6,82.668,168.36,64.43,73.135,20.965,7.765,0.9429,1.265,0,12.14616793,2.091352065
2006,269,7,71.607,518.972,210.1,256.435,63.575,11.91,0.86735,0.595,0,12.1446596,2.09182378
2006,269,8,61.1735,906.752,364.49,460.64,104.365,17.12,0.65155,2.175,0,12.144624,2.092460771
2006,269,9,52.0555,1190.986,476.11,609.295,129.435,21.44,0.4402,3.68,0,12.14462343,2.09318985
2006,269,10,45.199,1371.605,548.76,707.275,145.21,23.275,0.34905,3.875,0,12.14462348,2.093930715
2006,269,11,41.805,1432.992,575.61,739.945,149.735,23.88,0.33495,4.68,0,12.14462366,2.094663991
2006,269,12,42.7205,1474.323,595.79,764.335,158.465,24.55,0.326,4.825,0,12.14462365,2.09539022
2006,269,13,47.6975,1280.801,507.735,652.935,140.975,24.825,0.32495,5.44,0,12.14462345,2.096110066
2006,269,14,55.636,728.318,283.405,358.165,79.005,24.53,0.3338,4.96,0,12.14462347,2.096830058
2006,269,15,65.4025,612.099,232.89,294.18,71.435,24.575,0.33555,4.38,0,12.1446235,2.097551873
2006,269,16,76.186,302.427,110.19,136.92,38.96,24.125,0.35445,3.735,0,12.14462356,2.098276415
2006,269,17,87.3555,65.228,21.525,24.535,9.4,22.655,0.41105,2.25,0,12.1446233,2.099011045
2006,269,18,99.0465,0.23,0,0,0,20.94,0.45715,2.13,0,12.15014935,2.099753354
2006,269,19,110.3085,0.138,0,0,0,19.745,0.4956,2.705,0,12.15785951,2.100492945
2006,269,20,120.954,0,0,0,0.08,16.435,0.6079,3.785,0,12.15815614,2.101208544
2006,269,21,130.3545,0,0,0,0.015,14.205,0.69695,3.765,0,12.15828264,2.101869841
2006,269,22,137.5235,0,0,0,0,12.7,0.768,3.53,0,12.15843537,2.102478196
2006,269,23,141.126,0,0,0,0,12.02,0.8099,3.3,0,12.15860733,2.103050085
2006,270,0,140.174,0,0,0,0,11.91,0.82275,3.24,0,12.15878684,2.103607815
2006,270,1,134.957,0.023,0,0,0,12.21,0.81505,3.455,0,12.15896179,2.104168992
2006,270,2,126.7345,0,0,0,0.015,11.935,0.83525,3.63,0,12.15912124,2.104730619
2006,270,3,116.7425,0,0,0,0,11.78,0.852,3.71,0,12.15925152,2.105284382
2006,270,4,105.7995,0,0,0,0,11.79,0.8521,3.485,0,12.15934509,2.105835459
2006,270,5,94.316,5.06,1.66,0.685,0.565,11.64,0.86365,3.5,0,12.15944518,2.106383923
2006,270,6,82.8525,170.798,67.77,77.31,22.565,13.235,0.82145,3.935,0,12.17406822,2.106958023
2006,270,7,71.812,315.721,128.265,150.95,34.345,16.955,0.68485,5.41,0,12.17252404,2.107611706
2006,270,8,61.411,853.875,334.305,425.925,97.255,20.36,0.56345,6.315,0,12.17248801,2.108334226
2006,270,9,52.3345,886.627,353.575,446.08,98.38,22.11,0.49755,6.58,0,12.17248744,2.109075615
2006,270,10,45.5315,537.579,212.5,259.395,56.53,21.19,0.52955,5.345,0,12.17248749,2.109817517
2006,270,11,42.183,536.59,210.48,256.84,55.49,20.81,0.55685,5.615,0,12.17248765,2.110559046
2006,270,12,43.117,703.547,275.57,340.33,73.235,20.345,0.57025,5.61,0,12.17248828,2.111299233
2006,270,13,48.084,809.117,319.71,395.76,85.745,21.195,0.5354,5.665,0,12.17248747,2.112040029
2006,270,14,55.9985,435.068,170.29,205.055,45.445,21.085,0.5351,6.05,0,12.17248752,2.112781849
2006,270,15,65.7415,326.393,126.845,153.245,35.225,20.21,0.49455,6.855,0,12.17248764,2.11352221
2006,270,16,76.507,106.559,39.93,45.5,11.025,18.88,0.556,4.845,0,12.1724875,2.114255618
2006,270,17,87.693,28.612,10.055,10.23,3.175,17.91,0.6148,4.025,0,12.15900724,2.114976872
2006,270,18,99.364,0.092,0,0,0.095,16.625,0.6546,3.75,0,12.11953956,2.115681371
2006,270,19,110.6365,0,0,0,0.09,15.42,0.6983,3.515,0,12.12043652,2.116361298
2006,270,20,121.297,0,0,0,0.125,14.62,0.6748,5.45,0,12.12054574,2.117016724
2006,270,21,130.7225,0,0,0,0.16,13.63,0.6592,4.41,0,12.12067047,2.117647045
2006,270,22,137.9145,0,0,0,0.04,12.695,0.71225,2.22,0,12.12082415,2.118247335
2006,270,23,141.5195,0,0,0,0,11.575,0.78055,2.52,0,12.12099664,2.118812124
2006,271,0,140.5335,0,0,0,0,10.66,0.82715,2.3,0.010583333,12.12117692,0
2006,271,1,135.262,0,0,0,0.005,9.415,0.8709,2.825,0.010583333,12.12135163,0
2006,271,2,126.9895,0.368,0,0,0,8.59,0.89035,2.725,0.010583333,12.12151775,0
2006,271,3,116.9575,0.46,0,0,0.04,7.93,0.91425,2.845,0.010583333,12.12166569,0
2006,271,4,105.9915,0.46,0,0,0.01,7.335,0.92815,2.13,0.010583333,12.12177369,0
2006,271,5,94.5345,4.094,0.8,0.415,0.18,7.23,0.9366,2.05,0.010583333,12.12186463,0
2006,271,6,83.0375,156.032,57.995,65.455,19.175,7.46,0.93115,2.835,0.010583333,12.13368586,0
2006,271,7,72.0185,521.64,206.695,258.76,66.835,9.61,0.8505,3.955,0.010583333,12.1319745,0
2006,271,8,61.6475,874.299,346.84,446.21,103.48,11.78,0.7534,5.72,0.010583333,12.13193477,0
2006,271,9,52.6155,1161.592,467.13,601.28,129.8,13.13,0.65375,6.64,0.010583333,12.13193414,0
2006,271,10,45.865,988.908,402.225,511.31,109.24,13.855,0.5955,6.315,0.010583333,12.13193419,0
2006,271,11,42.5625,802.263,324.43,409.225,86.86,14.3,0.52345,6.725,0.010583333,12.13193435,0
2006,271,12,43.5145,740.531,298.04,374.94,81.095,14.245,0.52505,6.355,0.010583333,12.13193497,0
2006,271,13,48.4675,676.683,274.215,341.85,75.04,14.915,0.4595,7.07,0.010583333,12.13193417,0
2006,271,14,56.359,734.482,293.59,370.805,84.575,14.81,0.4499,7.135,0.010583333,12.13193422,0
2006,271,15,66.081,344.632,138.74,168.905,39.25,14.49,0.4512,6.24,0.010583333,12.13193434,0
2006,271,16,76.8285,211.163,81.48,98.5,26.225,14.08,0.4469,5.225,0.010583333,12.1319342,0
2006,271,17,88.028,49.772,16.69,19.455,7.575,12.755,0.5089,3.17,0.010583333,12.13192532,0
2006,271,18,99.681,0.138,0,0,0,11.075,0.59595,2.775,0.010583333,12.12722799,0
2006,271,19,110.9605,0.046,0,0,0,10.32,0.6367,3.42,0.010583333,12.13175589,0
2006,271,20,121.6395,0.069,0,0,0,8.69,0.71205,2.32,0.010583333,12.13196145,0
2006,271,21,131.0905,0.115,0,0,0,7.69,0.7515,1.915,0.010583333,12.13209128,0
2006,271,22,138.3045,0.345,0,0,0,5.865,0.8398,0.815,0.010583333,12.13225599,0
2006,271,23,141.9125,0.46,0,0,0,5.695,0.85555,0.66,0.010583333,12.13245265,0
2006,272,0,140.894,0.46,0,0,0,5.255,0.8771,0.79,0,12.13266275,0
2006,272,1,135.5635,0.46,0,0,0,5.48,0.87895,0.695,0,12.13286563,0
2006,272,2,127.2395,0.46,0,0,0,5.38,0.8917,1.315,0,12.13304923,0
2006,272,3,117.173,0.46,0,0,0,5.07,0.89675,1.705,0,12.13320017,0
2006,272,4,106.1865,0.46,0,0,0,4.955,0.906,1.56,0,12.13330755,0
2006,272,5,94.7155,3.128,0.695,0.285,0.245,5.095,0.90495,1.975,0,12.13338661,0
2006,272,6,83.2245,146.694,55.945,63.765,18.71,5.6,0.89205,2.09,0,12.14264864,0
2006,272,7,72.227,532.818,213.52,266.355,68.53,8.755,0.7567,2.445,0,12.14078078,0
2006,272,8,61.886,837.89,339.06,430.15,100.26,13.09,0.47285,4.76,0,12.14073767,0
2006,272,9,52.898,968.737,392.97,498.545,108.26,14.41,0.4051,5.715,0,12.140737,0
2006,272,10,46.199,1089.303,438.065,559.985,118.045,15.71,0.35895,6.335,0,12.14073706,0
2006,272,11,42.9405,1089.28,441.21,557.615,117.185,16.1,0.3612,7.06,0,12.1407373,0
2006,272,12,43.91,1112.165,444.42,567.27,121.395,16.625,0.364,7.66,0,12.1407371,0
2006,272,13,48.853,370.599,140.015,170.98,37.96,15.055,0.4313,8.25,0,12.14073715,0
2006,272,14,56.7195,253.138,94.31,114.05,25.48,11.905,0.7295,5.56,0,12.14073701,0
2006,272,15,66.419,174.248,67.26,79.06,18.215,11.635,0.7587,5.1,0,12.14073703,0
2006,272,16,77.1485,122.107,48.135,56.225,13.555,11.505,0.7433,4.95,0,12.14073705,0
2006,272,17,88.326,11.661,3.465,3.005,1.415,11.38,0.7523,4.295,0,12.09786394,0
2006,272,18,99.9945,0,0,0,0.16,11.21,0.76155,4.405,0,12.08058884,0
2006,272,19,111.2855,0,0,0,0.04,11.295,0.76645,4.115,0,12.08097297,0
2006,272,20,121.9795,0,0,0,0.065,11.62,0.7597,4.895,0,12.08106963,0
2006,272,21,131.4555,0,0,0,0,12.13,0.74635,5.115,0,12.08119523,0
2006,272,22,138.695,0,0,0,0.005,12.6,0.7332,4.86,0,12.08134998,0
2006,272,23,142.3065,0,0,0,0.05,11.785,0.7625,4.285,0,12.0815232,0
2006,273,0,141.252,0,0,0,0.005,10.585,0.8169,3.47,0,12.08170315,0
2006,273,1,135.867,0,0,0,0.01,9.51,0.86355,3.075,0,12.08187722,0
2006,273,2,127.491,0,0,0,0,9.08,0.88985,2.945,0,12.08203478,0
2006,273,3,117.387,0,0,0,0,9.845,0.8837,3.185,0,12.08216322,0
2006,273,4,106.381,0.023,0,0,0.115,10.095,0.8887,3.465,0,12.08225444,0
2006,273,5,94.897,3.726,0.73,0.235,0.4,8.785,0.9313,2.725,0,12.08233148,0
2006,273,6,83.4115,150.673,57.435,65.665,19.805,9.38,0.92165,3.055,0,12.09167241,0
2006,273,7,72.435,498.088,194.535,244.46,64.14,12.415,0.83115,5.585,0,12.08986351,0
2006,273,8,62.1255,893.941,351.445,452.38,105.9,14.735,0.7215,5.66,0,12.08982193,0
2006,273,9,53.1815,1093.029,434.26,557.17,121.19,17.365,0.5867,6.285,0,12.08982134,0
2006,273,10,46.534,1317.256,529.1,677.6,142.565,18.93,0.5202,5.81,0,12.08982147,0
2006,273,11,43.32,1210.789,484.655,618.25,129.39,19.905,0.4472,6.235,0,12.0898213,0
2006,273,12,44.305,1244.599,501.655,639.21,136.935,21.03,0.37955,7.01,0,12.08982132,0
2006,273,13,49.2365,742.371,290.705,366.925,80.89,21.01,0.369,7.01,0,12.08982135,0
2006,273,14,57.079,721.74,285.345,358.705,81.21,21.82,0.34705,5.735,0,12.08982145,0
2006,273,15,66.7545,372.14,148.965,180.05,41.455,21.855,0.36945,5.775,0,12.08982173,0
2006,273,16,77.469,213.486,83.485,102.5,28.39,21.75,0.37695,4.93,0,12.08982132,0
2006,273,17,88.6595,26.588,8.62,8.855,2.86,20.12,0.4256,2.695,0,12.08312782,0
2006,273,18,100.3085,0.092,0,0,0.01,17.58,0.5204,3.235,0,12.05203909,0
2006,273,19,111.606,0,0,0,0,14.91,0.6151,2.965,0,12.0529661,0
2006,273,20,122.3195,0,0,0,0,14.9,0.6247,3.81,0,12.05307631,0
2006,273,21,131.8205,0,0,0,0.035,14.82,0.64925,4.5,0,12.05320276,0
2006,273,22,139.0845,0,0,0,0.24,12.94,0.75015,3.805,0,12.05335767,0
2006,273,23,142.697,0,0,0,0.005,12.345,0.7882,2.84,0,12.05353076,0
2006,274,0,141.61,0.023,0,0,0,11.615,0.81065,2.645,0,12.0537117,0
2006,274,1,136.1675,0.368,0,0,0,10.295,0.85845,1.915,0,12.05389586,0
2006,274,2,127.741,0.46,0,0,0,9.95,0.8698,0.945,0,12.05407452,0
2006,274,3,117.601,0.46,0,0,0.03,8.935,0.8999,0.74,0,12.05422344,0
2006,274,4,106.5755,0.46,0,0,0,8.28,0.91945,0.64,0,12.0543285,0
2006,274,5,95.117,3.933,0.84,0.405,0.24,8.68,0.92635,0.45,0,12.05441281,0
2006,274,6,83.598,160.08,56.64,64,20.735,8.75,0.91665,0.77,0,12.06419092,0
2006,274,7,72.6465,508.576,198.745,244.25,62.365,12.85,0.82005,0.695,0,12.06246553,0
2006,274,8,62.367,866.295,343.575,434.015,98.85,18.27,0.60655,1.255,0,12.06242606,0
2006,274,9,53.466,1165.065,460.01,590.86,125.735,21.755,0.43585,3.075,0,12.06242548,0
2006,274,10,46.8695,1367.097,543.16,699.265,142.435,24.015,0.3597,3.005,0,12.06242559,0
2006,274,11,43.6995,1456.659,577.625,745.64,150.38,25.69,0.3309,4.095,0,12.06242604,0
2006,274,12,44.7,1427.771,561.005,725.475,148.975,26.73,0.32555,4.825,0,12.06242549,0
2006,274,13,49.62,1283.331,498.575,643.635,137.375,27.4,0.3188,4.715,0,12.06242557,0
2006,274,14,57.438,1038.059,394.46,510.33,116.555,28.16,0.30065,4.29,0,12.0624258,0
2006,274,15,67.091,704.49,261.22,335.715,85.425,28.555,0.29525,3.755,0,12.0624255,0
2006,274,16,77.787,333.178,118.195,148.63,44.695,28.34,0.29405,3.005,0,12.06242554,0
2006,274,17,88.9545,42.435,13.75,14.19,5.43,26.505,0.32445,2.705,0,12.06237905,0
2006,274,18,100.6205,0.092,0,0,0.02,22.315,0.4325,3.775,0,12.05588761,0
2006,274,19,111.9265,0.046,0,0,0,19.77,0.53565,3.84,0,12.05927057,0
2006,274,20,122.6575,0.023,0,0,0,19.23,0.58335,4.135,0,12.05944077,0
2006,274,21,132.184,0,0,0,0.015,18.835,0.635,4.235,0,12.05956866,0
2006,274,22,139.4725,0.023,0,0,0.05,18.455,0.6695,4.51,0,12.05972403,0
2006,274,23,143.09,0,0,0,0.075,16.495,0.74695,3.34,0,12.05989823,0
2006,275,0,141.965,0,0,0,0.005,15.245,0.79715,2.995,0,12.06007799,0
2006,275,1,136.4685,0.023,0,0,0,15.12,0.80445,3.11,0,12.06025211,0
2006,275,2,127.99,0.023,0,0,0.01,14.67,0.8152,2.935,0,12.06041017,0
2006,275,3,117.815,0.023,0,0,0,15.105,0.80125,3.745,0,12.06053872,0
2006,275,4,106.769,0,0,0,0,15.945,0.76325,4.94,0,12.06062916,0
2006,275,5,95.3005,2.829,0.62,0.065,0.12,16.71,0.70435,4.97,0,12.06069496,0
2006,275,6,83.7855,131.054,49.665,55.345,17.14,17.485,0.6609,5.555,0,12.06568044,0
2006,275,7,72.8565,494.684,190.795,237.75,61.77,19.945,0.5643,7.515,0,12.06354041,0
2006,275,8,62.6085,765.578,296.33,374.925,86.545,22.67,0.45745,8.23,0,12.06349156,0
2006,275,9,53.752,1115.638,433.14,555.475,120.71,25.56,0.40165,8.205,0,12.0634908,0
2006,275,10,47.206,1371.191,535.76,689.59,144.13,27.75,0.41125,8.37,0,12.06349088,0
2006,275,11,44.078,1362.704,532.275,684.305,142.245,29.01,0.39755,8.41,0,12.06349115,0
2006,275,12,45.0945,1252.327,488.565,623.44,132.225,30.15,0.36885,8.41,0,12.06349087,0
2006,275,13,50.0025,964.206,376.03,472.665,104.525,30.405,0.3727,8.835,0,12.06349107,0
2006,275,14,57.797,780.574,293.53,376.695,87.86,30.11,0.38775,9.01,0,12.0634909,0
2006,275,15,67.4265,410.941,157.855,190.43,45.975,29.575,0.40395,8.37,0,12.06349086,0
2006,275,16,78.104,247.963,92.88,112.655,32.105,28.86,0.44695,8.09,0,12.06349082,0
2006,275,17,89.287,40.802,15.255,17.09,7.4,27.265,0.5212,6.66,0,12.06337683,0
2006,275,18,100.93,0,0,0,0.06,25.86,0.596,6.09,0,12.05371557,0
2006,275,19,112.245,0,0,0,0.11,24.99,0.63795,7.025,0,12.05673937,0
2006,275,20,122.9925,0,0,0,0.19,23.99,0.6677,7.125,0,12.0568998,0
2006,275,21,132.5445,0,0,0,0.165,23.06,0.688,7.055,0,12.05702709,0
2006,275,22,139.8595,0,0,0,0.135,22.06,0.72245,5.95,0,12.05718205,0
2006,275,23,143.4785,0,0,0,0,22.205,0.7289,6.33,0,12.05735549,0
2006,276,0,142.3215,0,0,0,0,22.18,0.7483,5.61,0.381,12.05753535,0
2006,276,1,136.7665,0,0,0,0.03,22.345,0.7399,4.365,0.381,12.05770936,0
2006,276,2,128.2375,0.552,0,0,1.6,18.625,0.9162,6.815,0.381,12.05787794,0
2006,276,3,118.0275,0.46,0,0,0.12,17.51,0.9702,5.435,0.381,12.05802873,0
2006,276,4,106.9635,0.46,0,0,0.11,17.505,0.9691,5.445,0.381,12.05813347,0
2006,276,5,95.484,1.955,0.215,0,0.175,17.67,0.95735,5.5,0.381,12.05819775,0
2006,276,6,83.972,116.035,44.815,51.795,13.975,18.12,0.9318,6.03,0.381,12.05996526,0
2006,276,7,73.069,260.015,99.34,115.02,26.405,19.32,0.8794,6.835,0.381,12.05745964,0
2006,276,8,62.8515,610.558,237.285,294.095,66.8,21.305,0.7858,7.85,0.381,12.05740235,0
2006,276,9,54.0385,1074.146,415.16,530.775,118.355,23.99,0.6824,8.905,0.381,12.05740148,0
2006,276,10,47.5445,1241.563,483.695,618.105,132.275,26.405,0.5994,7.5,0.381,12.05740156,0
2006,276,11,44.455,1385.06,538.36,692.305,145.1,28.115,0.54445,6.69,0.381,12.05740148,0
2006,276,12,45.4875,1352.538,525.61,673.44,141.92,29.975,0.48815,5.805,0.381,12.05740153,0
2006,276,13,50.3825,1219.483,466.395,598.985,131.2,31.05,0.45045,5.935,0.381,12.0574017,0
2006,276,14,58.1535,973.245,366.63,470.63,110.45,31.535,0.43335,6.26,0.381,12.0574016,0
2006,276,15,67.76,596.413,228.21,284.82,70.315,31.465,0.41425,6.785,0.381,12.05740149,0
2006,276,16,78.42,302.611,112.57,138.865,41.845,30.725,0.45435,6.215,0.381,12.05740151,0
2006,276,17,89.5785,31.119,9.66,9.42,4.35,28.68,0.5141,4.605,0.381,12.05577711,0
2006,276,18,101.2385,0.046,0,0,0.005,26.475,0.64025,4.685,0.381,12.02874269,0
2006,276,19,112.5615,0,0,0,0.01,25.29,0.6779,4.91,0.381,12.03013366,0
2006,276,20,123.327,0,0,0,0,24.38,0.70795,5.405,0.381,12.03025486,0
2006,276,21,132.904,0,0,0,0,23.995,0.7218,5.72,0.381,12.03038198,0
2006,276,22,140.2435,0,0,0,0.035,23.38,0.74365,5.685,0.381,12.03053725,0
2006,276,23,143.8695,0,0,0,0.01,22.825,0.7658,5.525,0.381,12.03071061,0
2006,277,0,142.677,0,0,0,0.035,22.48,0.77475,5.145,0,12.03089071,0
2006,277,1,137.064,0,0,0,0.03,21.945,0.7824,4.715,0,12.03106483,0
2006,277,2,128.4835,0,0,0,0.14,21.15,0.8098,3.905,0,12.03122079,0
2006,277,3,118.241,0,0,0,0.135,19.905,0.85875,4.12,0,12.03134781,0
2006,277,4,107.156,0,0,0,0,19.57,0.8751,4.61,0,12.03143771,0
2006,277,5,95.707,2.576,0.645,0.255,0.335,19.925,0.8587,5.035,0,12.03150046,0
2006,277,6,84.1605,131.031,50.125,55.875,17.625,20.905,0.8128,5.485,0,12.0365194,0
2006,277,7,73.281,482.793,183.51,227.72,61.155,22.99,0.7246,6.575,0,12.03437067,0
2006,277,8,63.096,633.351,244.355,304.045,71.94,25.425,0.6075,7.065,0,12.03432153,0
2006,277,9,54.3265,1027.686,395.675,502.925,111.235,27.165,0.5293,6.85,0,12.03432101,0
2006,277,10,47.881,1250.05,482.49,619.455,131.33,28.06,0.49735,6.17,0,12.03432085,0
2006,277,11,44.834,1348.168,521.975,670.35,139.535,28.695,0.4703,4.965,0,12.03432117,0
2006,277,12,45.879,1354.608,524.48,672.02,141.105,29.19,0.4555,4.475,0,12.03432082,0
2006,277,13,50.762,1112.28,432.055,548.045,120.975,29.85,0.43555,4.085,0,12.03432097,0
2006,277,14,58.5085,725.282,278.365,351.245,83.975,28.06,0.54585,6.63,0,12.03432096,0
2006,277,15,68.093,488.014,179.555,230.7,60.455,22.285,0.73065,9.47,0,12.03432078,0
2006,277,16,78.733,63.641,21.825,24.18,6.61,17.52,0.8376,9.51,0,12.03432071,0
2006,277,17,89.908,9.66,2.055,1.71,2.05,16.11,0.8674,8.745,0,11.95901091,0
2006,277,18,101.5455,0.368,0,0,0.245,15.58,0.8719,7.585,0,11.95483071,0
2006,277,19,112.876,0.069,0,0,0.255,15.26,0.879,7.48,0,11.95505191,0
2006,277,20,123.659,0,0,0,0.18,15.2,0.8721,6.295,0,11.9551481,0
2006,277,21,133.262,0,0,0,0.215,15.125,0.8659,6.45,0,11.95527577,0
2006,277,22,140.6285,0,0,0,0.06,15.04,0.86465,6.935,0,11.95543241,0
2006,277,23,144.2585,0,0,0,0.115,14.685,0.84475,8.065,0,11.95560649,0
2006,278,0,143.031,0,0,0,0.035,14.27,0.85565,6.82,0,11.95578701,0
2006,278,1,137.36,0,0,0,0.01,14.025,0.8645,5.61,0,11.95596074,0
2006,278,2,128.7295,0,0,0,0.035,13.79,0.86615,6.1,0,11.95611589,0
2006,278,3,118.452,0,0,0,0.265,13.23,0.8846,6.18,0,11.95624247,0
2006,278,4,107.3495,0,0,0,0.35,11.99,0.9213,6.345,0,11.95633071,0
2006,278,5,95.894,0.552,0,0,0.04,11.8,0.9004,6.33,0,11.95637774,0
2006,278,6,84.348,24.357,7.675,6.725,2.46,11.735,0.8886,5.655,0,11.95107981,0
2006,278,7,73.4955,108.928,40.825,46.67,10.95,11.855,0.87885,5.62,0,11.86645824,0
2006,278,8,63.3415,300.656,117.995,141.29,31.545,12.57,0.8235,5.65,0,11.86411773,0
2006,278,9,54.613,497.26,198.89,241.065,53.645,13.455,0.75845,6.01,0,11.86408147,0
2006,278,10,48.219,447.902,175.97,213.815,47.13,13.785,0.73115,6.25,0,11.864081,0
2006,278,11,45.211,376.51,145.75,177.1,39.71,13.425,0.7279,6.525,0,11.86408107,0
2006,278,12,46.2695,829.955,333.96,413.27,89.38,14.265,0.6666,6.615,0,11.86408131,0
2006,278,13,51.1405,1210.306,471.135,604.635,132.49,16.15,0.55115,7.13,0,11.8640811,0
2006,278,14,58.8635,978.397,373.58,484.045,113.315,17.205,0.47715,7.345,0,11.86408119,0
2006,278,15,68.425,648.991,242.145,314.8,83.44,17.315,0.4725,7.175,0,11.86408105,0
2006,278,16,79.0455,299.115,105.245,135.235,44.03,16.12,0.47145,7.03,0,11.86408111,0
2006,278,17,90.1965,29.831,8.28,9.38,5.59,13.825,0.53515,5.65,0,11.86223322,0
2006,278,18,101.8515,0.046,0,0,0.47,11.48,0.65045,4.91,0,11.84392051,0
2006,278,19,113.1885,0.023,0,0,0.305,10.165,0.72045,4.625,0,11.84531451,0
2006,278,20,123.9875,0,0,0,0.365,8.765,0.7844,3.72,0,11.84543375,0
2006,278,21,133.617,0,0,0,0.245,7.365,0.84405,3.145,0,11.84556058,0
2006,278,22,141.0105,0,0,0,0.055,6.765,0.87655,2.975,0,11.84571562,0
2006,278,23,144.646,0,0,0,0,6.79,0.87245,3.155,0,11.8458888,0
2006,279,0,143.3825,0,0,0,0,8.11,0.78965,3.63,0,11.84606887,0
2006,279,1,137.6545,0.023,0,0,0.115,6.9,0.8258,2.66,0,11.84624328,0
2006,279,2,128.9745,0.184,0,0,0.01,5.745,0.8667,2.91,0,11.84640418,0
2006,279,3,118.6635,0.138,0,0,0,5.32,0.86195,2.555,0,11.84653862,0
2006,279,4,107.5445,0.138,0,0,0,4.855,0.87225,2.47,0,11.84663249,0
2006,279,5,96.0805,2.162,0.305,0.085,0.185,5.015,0.8601,1.97,0,11.84669404,0
2006,279,6,84.536,145.084,53.07,58.015,19.53,3.995,0.9076,2.59,0,11.86293273,0
2006,279,7,73.711,493.189,194.515,242.685,65.65,7.91,0.7444,3.745,0,11.86118017,0
2006,279,8,63.5895,851.759,335.435,441.33,107.71,10.27,0.58215,5.68,0,11.86113721,0
2006,279,9,54.9035,1149.609,457.725,602.76,135.605,11.56,0.50825,5.7,0,11.8611366,0
2006,279,10,48.557,1348.674,543.265,711.75,151.72,12.87,0.42885,5.22,0,11.86113669,0
2006,279,11,45.587,1437.592,583.925,760.67,158.175,14.36,0.37435,3.875,0,11.86113656,0
2006,279,12,46.6585,1406.519,570.205,739.24,155.46,15.65,0.3193,3.85,0,11.86113661,0
2006,279,13,51.517,1264.057,507.55,655.985,144.195,16.845,0.27945,4.055,0,11.8611368,0
2006,279,14,59.217,1009.999,398.48,515.965,121.665,17.365,0.2488,3.845,0,11.86113666,0
2006,279,15,68.7535,668.656,257.675,332.955,88.06,17.765,0.23425,3.53,0,11.86113658,0
2006,279,16,79.3565,307.441,113.13,143.375,46.345,17.46,0.234,3.37,0,11.8611366,0
2006,279,17,90.5225,28.842,8.66,9.445,5.195,14.955,0.3072,3.385,0,11.85899201,0
2006,279,18,102.1525,0.092,0,0,0,12.26,0.41,2.635,0,11.84184824,0
2006,279,19,113.4985,0.161,0,0,0,11.21,0.48395,3.365,0,11.84315924,0
2006,279,20,124.3145,0,0,0,0,10.21,0.53945,3.195,0,11.8432792,0
2006,279,21,133.969,0.023,0,0,0,9.735,0.5613,3.81,0,11.84340702,0
2006,279,22,141.3895,0,0,0,0,8.785,0.6111,2.765,0,11.84356334,0
2006,279,23,145.0325,0,0,0,0.015,9.12,0.6067,2.835,0,11.84373738,0
2006,280,0,143.733,0,0,0,0.055,7.775,0.681,2.685,0,11.84391681,0
2006,280,1,137.9495,0,0,0,0,7.43,0.7216,3.415,0,11.84409075,0
2006,280,2,129.218,0,0,0,0,7.075,0.77455,3.02,0,11.84424678,0
2006,280,3,118.874,0.046,0,0,0,6.995,0.7991,3.335,0,11.84437413,0
2006,280,4,107.739,0.138,0,0,0.06,5.785,0.8654,3.37,0,11.84446564,0
2006,280,5,96.3065,2.3,0.38,0.1,0.295,5.6,0.88755,3.675,0,11.84452749,0
2006,280,6,84.7215,142.899,51.595,57.605,19.31,5.34,0.9119,2.545,0,11.85933751,0
2006,280,7,73.9275,438.196,171.035,213.885,57.59,8.485,0.84845,3.19,0,11.85753879,0
2006,280,8,63.8375,790.119,309.905,402.975,97.455,11.635,0.7041,3.165,0,11.8574951,0
2006,280,9,55.195,1113.407,443.84,578.645,128.88,15.25,0.52265,2.815,0,11.85749443,0
2006,280,10,48.8935,1325.283,531.15,693.64,147.065,17.205,0.4066,3.24,0,11.8574945,0
2006,280,11,45.9655,1361.807,549.475,714.995,148.345,18.645,0.3546,2.88,0,11.85749477,0
2006,280,12,47.047,1397.779,562.615,727.41,152.92,19.855,0.31645,2.52,0,11.8574945,0
2006,280,13,51.8915,1255.041,500.33,644.745,141.365,21.095,0.27675,2.75,0,11.85749471,0
2006,280,14,59.5675,990.38,387.325,500.375,117.935,21.67,0.2491,3.175,0,11.85749451,0
2006,280,15,69.081,658.743,251.865,324.58,86.14,21.825,0.2427,3.485,0,11.85749455,0
2006,280,16,79.6655,286.258,103.68,130.19,42.22,21.155,0.26855,3.355,0,11.85749445,0
2006,280,17,90.8085,25.691,7.39,7.625,4.19,18.46,0.34785,3.07,0,11.85353312,0
2006,280,18,102.4525,0.069,0,0,0,16.19,0.42485,3.075,0,11.83776793,0
2006,280,19,113.8055,0.092,0,0,0,14.79,0.4777,2.78,0,11.83884102,0
2006,280,20,124.639,0.092,0,0,0,13.525,0.5268,2.785,0,11.83895626,0
2006,280,21,134.3215,0,0,0,0,12.84,0.56075,2.85,0,11.8390861,0
2006,280,22,141.7695,0,0,0,0,12.2,0.59695,3.51,0,11.83924144,0
2006,280,23,145.416,0,0,0,0,11.36,0.63645,3.935,0,11.83941579,0
2006,281,0,144.083,0,0,0,0.045,9.91,0.7028,4.315,0,11.83959564,0
2006,281,1,138.2415,0.069,0,0,0,9.395,0.72855,3.28,0,11.83977037,0
2006,281,2,129.462,0.092,0,0,0,8.615,0.7608,2.635,0,11.83993054,0
2006,281,3,119.085,0.207,0,0,0,7.52,0.8009,2.14,0,11.84006256,0
2006,281,4,107.933,0.276,0,0,0,6.805,0.83925,0.885,0,11.84015855,0
2006,281,5,96.4975,1.909,0.39,0.02,0,6.74,0.8455,1.48,0,11.84021804,0
2006,281,6,84.9085,133.354,48.255,52.115,17.105,7.11,0.84705,1.705,0,11.85225569,0
2006,281,7,74.1455,475.249,186.795,229.975,63.175,10.525,0.7684,1.75,0,11.85028591,0
2006,281,8,64.0855,829.495,328.05,423.805,102.175,15.13,0.58865,2.57,0,11.85023845,0
2006,281,9,55.485,1122.331,444.515,580.11,128.96,17.975,0.45445,3.525,0,11.85023777,0
2006,281,10,49.231,1322.661,527.1,687.41,143.735,19.945,0.39195,2.72,0,11.85023772,0
2006,281,11,46.3375,1410.314,562.525,734.115,150.695,21.42,0.34455,2.675,0,11.85023779,0
2006,281,12,47.4325,1380.667,547.265,713.78,148.805,22.77,0.31515,2.88,0,11.85023807,0
2006,281,13,52.2655,1244.714,488.32,635.515,138.885,23.78,0.29935,3.27,0,11.85023777,0
2006,281,14,59.917,981.663,379.39,491.725,115.005,24.565,0.28995,2.765,0,11.85023792,0
2006,281,15,69.4075,593.101,223.465,284.215,73.92,24.485,0.2928,2.785,0,11.8502378,0
2006,281,16,79.97,242.742,87.39,106.74,32.125,24.165,0.3027,2.01,0,11.85023773,0
2006,281,17,91.1315,13.777,4.265,3.375,0.44,22.41,0.33605,1.755,0,11.83727418,0
2006,281,18,102.751,0.138,0,0,0.025,20.005,0.407,2.63,0,11.82669891,0
2006,281,19,114.11,0.069,0,0,0,18.685,0.45905,3.225,0,11.82741876,0
2006,281,20,124.9615,0,0,0,0,17.275,0.5285,3.02,0,11.8275252,0
2006,281,21,134.669,0.046,0,0,0,14.59,0.64095,2.005,0,11.82765415,0
2006,281,22,142.146,0.115,0,0,0,12.785,0.72175,0.455,0,11.82781405,0
2006,281,23,145.8005,0.023,0,0,0,13.245,0.7143,0.78,0,11.82799264,0
2006,282,0,144.432,0.046,0,0,0,13.485,0.7201,1.185,0,11.82817401,0
2006,282,1,138.534,0.046,0,0,0,12.86,0.7529,0.75,0,11.82835078,0
2006,282,2,129.7025,0.184,0,0,0,12.57,0.7738,0.89,0,11.82851108,0
2006,282,3,119.294,0.299,0,0,0,12.02,0.8028,1.43,0,11.828647,0
2006,282,4,108.1265,0.322,0,0,0,10.97,0.85225,0.85,0,11.82874449,0
2006,282,5,96.6895,1.725,0.44,0.04,0.035,10.63,0.87115,0.77,0,11.82880201,0
2006,282,6,85.097,82.156,29.51,30.16,9.295,11.39,0.84125,1.645,0,11.82708918,0
2006,282,7,74.3635,349.554,133.865,162.105,41.53,11.85,0.85465,1.415,0,11.82329559,0
2006,282,8,64.3355,816.73,320.175,406.99,96.415,18.015,0.66715,1.27,0,11.82320394,0
2006,282,9,55.7765,1090.522,429.785,552.19,119.49,21.735,0.50595,1.255,0,11.82320252,0
2006,282,10,49.5695,1282.595,505.71,653.855,135.64,23,0.47205,1.995,0,11.82320265,0
2006,282,11,46.7115,1364.337,538.665,695.705,141.95,23.99,0.44225,2.02,0,11.82320315,0
2006,282,12,47.817,1188.203,468.9,600.63,124.745,24.58,0.41845,2.22,0,11.82320254,0
2006,282,13,52.6375,1022.534,404.1,512.805,111.06,25.285,0.392,1.785,0,11.82320261,0
2006,282,14,60.2635,900.496,354.995,449.465,103.99,25.79,0.37385,1.66,0,11.82320282,0
2006,282,15,69.7305,488.865,190.345,232.08,54.03,25.63,0.3718,1.115,0,11.82320256,0
2006,282,16,80.274,150.627,61.19,72.38,19.72,25.045,0.38615,1.09,0,11.82320261,0
2006,282,17,91.4115,12.857,4.55,4.13,0.85,23.755,0.43485,2.055,0,11.80205533,0
2006,282,18,103.0455,0.023,0,0,0.015,21.51,0.5054,2.395,0,11.79542544,0
2006,282,19,114.4125,0,0,0,0.96,19.765,0.62715,5.035,0,11.79601918,0
2006,282,20,125.2805,0,0,0,0.805,15.84,0.7884,7.505,0,11.79612198,0
2006,282,21,135.0145,0,0,0,0.135,14.53,0.824,6.355,0,11.79625022,0
2006,282,22,142.5195,0.023,0,0,0.13,13.755,0.8496,6.19,0,11.79640699,0
2006,282,23,146.1815,0.069,0,0,0.045,13.04,0.8825,4.7,0,11.79658373,0
2006,283,0,144.7785,0.46,0,0,0.09,12.33,0.915,3.85,0,11.79677818,0
2006,283,1,138.8225,0.46,0,0,0.01,12.35,0.9219,4.615,0,11.79697972,0
2006,283,2,129.9435,0.46,0,0,0.1,12.015,0.93085,4.335,0,11.79716026,0
2006,283,3,119.504,0.46,0,0,0.005,11.8,0.93785,3.825,0,11.79730676,0
2006,283,4,108.319,0.46,0,0,0.06,11.54,0.94205,3.485,0,11.79740856,0
2006,283,5,96.88,0.989,0.005,0,0.085,11.33,0.9465,3.05,0,11.79746225,0
2006,283,6,85.323,54.188,20.755,22.985,6.025,11.105,0.9546,2.38,0,11.77903507,0
2006,283,7,74.5825,231.817,92.47,110.72,25.94,12.005,0.92785,3.425,0,11.76952068,0
2006,283,8,64.586,571.481,227.96,281.105,65.38,13.32,0.8706,3.67,0,11.76928721,0
2006,283,9,56.069,855.186,339.205,425.695,94.255,15.155,0.7899,2.175,0,11.76928361,0
2006,283,10,49.9075,858.912,350.505,429.89,90.45,17.365,0.7014,0.995,0,11.76928354,0
2006,283,11,47.0845,980.053,398.05,494.16,105.44,18.59,0.6475,1.895,0,11.76928356,0
2006,283,12,48.2015,686.711,276.585,335.725,70.495,18.735,0.6448,1.83,0,11.76928361,0
2006,283,13,53.0075,595.47,235.115,287.385,62.635,18.87,0.6422,1.885,0,11.76928378,0
2006,283,14,60.6105,352.889,138.445,166.38,36.08,19.045,0.6292,2.11,0,11.76928369,0
2006,283,15,70.0525,145.705,54.7,63.885,14.3,18.605,0.6411,1.955,0,11.76928357,0
2006,283,16,80.5765,46.92,17.24,18.025,4.26,18.235,0.65655,0.825,0,11.76919767,0
2006,283,17,91.732,4.738,1.29,0.765,0.215,17.755,0.6776,0.9,0,11.67350753,0
2006,283,18,103.338,0.023,0,0,0,17.015,0.712,1.14,0,11.67332777,0
2006,283,19,114.71,0,0,0,0,16.115,0.75355,0.99,0,11.67345715,0
2006,283,20,125.5955,0,0,0,0,15.405,0.79715,1.245,0,11.67355115,0
2006,283,21,135.3565,0,0,0,0,15.095,0.8131,1.46,0,11.67368022,0
2006,283,22,142.8915,0.023,0,0,0,15.255,0.79975,2.67,0,11.67383791,0
2006,283,23,146.5615,0,0,0,0,15.45,0.78845,3.53,0,11.67401349,0
2006,284,0,145.124,0,0,0,0.035,15.475,0.8091,3.635,0.275166667,11.67419363,0
2006,284,1,139.11,0,0,0,0.025,15.175,0.8317,3.33,0.275166667,11.67436668,0
2006,284,2,130.1825,0.483,0,0,0.195,14.345,0.90685,2.525,0.275166667,11.67453173,0
2006,284,3,119.714,0.46,0,0,0.01,13.825,0.9617,2.39,0.275166667,11.67467749,0
2006,284,4,108.5135,0.46,0,0,0,14.025,0.98,2.465,0.275166667,11.67477851,0
2006,284,5,97.0705,0.805,0,0,0.055,14.355,0.98615,4.02,0.275166667,11.67482995,0
2006,284,6,85.513,11.04,2.56,1.535,1.01,14.4,0.9733,5.775,0.275166667,11.67470236,0
2006,284,7,74.8015,37.053,11.965,11.37,3.485,13.83,0.9575,6.37,0.275166667,11.53196203,0
2006,284,8,64.838,115.805,41.095,46.08,9.535,12.775,0.9664,7.56,0.275166667,11.4704361,0
2006,284,9,56.3615,166.796,60.295,69.235,13.985,11.935,0.94935,8.09,0.275166667,11.46948456,0
2006,284,10,50.245,225.078,84.635,98.175,20.13,11.995,0.90785,7.86,0.275166667,11.46947189,0
2006,284,11,47.4555,251.321,95.925,112.325,23.26,11.915,0.89615,7.245,0.275166667,11.46947181,0
2006,284,12,48.582,138.782,47.59,54.24,11.265,10.905,0.9081,8.085,0.275166667,11.46947177,0
2006,284,13,53.374,408.434,158.41,190.805,40.435,11.005,0.88345,7.77,0.275166667,11.46947177,0
2006,284,14,60.954,108.146,37.11,42.12,9.95,11.095,0.8004,7.835,0.275166667,11.46947174,0
2006,284,15,70.3725,150.144,55.85,65.985,15.6,9.875,0.832,7.45,0.275166667,11.46947175,0
2006,284,16,80.8745,28.727,8.245,8.135,3.055,7.475,0.8341,8.86,0.275166667,11.45396292,0
2006,284,17,92.007,3.013,0.275,0,0.685,6.225,0.7598,8.605,0.275166667,11.34461504,0
2006,284,18,103.6275,0,0,0,0.51,4.665,0.66035,9.4,0.275166667,11.34481304,0
2006,284,19,115.007,0,0,0,0.45,3.515,0.64485,8.21,0.275166667,11.3448812,0
2006,284,20,125.9075,0,0,0,0.32,1.98,0.688,5.645,0.275166667,11.34497295,0
2006,284,21,135.6965,0,0,0,0.14,1.085,0.7304,4.465,0.275166667,11.34510103,0
2006,284,22,143.2595,0,0,0,0.125,0.3,0.78235,3.6,0.275166667,11.34525717,0
2006,284,23,146.939,0.023,0,0,0.06,-0.495,0.828,3.35,0.275166667,11.3454319,0
2006,285,0,145.4675,0,0,0,0.185,-1.24,0.86095,3.39,0,11.34561244,0
2006,285,1,139.3975,0.023,0,0,0.035,-1.545,0.8776,3.265,0,11.34578619,0
2006,285,2,130.421,0,0,0,0.045,-1.86,0.89215,3.885,0,11.34594154,0
2006,285,3,119.921,0,0,0,0.065,-1.27,0.87345,3.855,0,11.3460669,0
2006,285,4,108.707,0,0,0,0.025,-1.67,0.8976,3.91,0,11.34615409,0
2006,285,5,97.264,0.736,0,0,0.105,-1.425,0.89605,4.285,0,11.34620135,0
2006,285,6,85.7005,96.14,36.74,40,13.19,-1.19,0.88485,4.24,0,11.37108265,0
2006,285,7,75.022,432.906,172.885,216.335,58.985,0.665,0.79255,5.905,0,11.3689097,0
2006,285,8,65.091,793.086,319.045,412.145,98.25,3.18,0.64875,7.71,0,11.36884426,0
2006,285,9,56.655,986.769,396.715,516.485,116.93,4.165,0.5701,9.25,0,11.36884322,0
2006,285,10,50.582,915.538,372.35,483.4,109.74,4.5,0.5388,8.98,0,11.36884327,0
2006,285,11,47.8255,1017.957,413.265,534.06,118.43,4.7,0.50115,9.385,0,11.36884319,0
2006,285,12,48.961,1161.339,469.265,613.325,140.135,5.3,0.45245,9.245,0,11.36884322,0
2006,285,13,53.7395,762.013,299.355,385.725,88.905,5.355,0.422,8.9,0,11.3688433,0
2006,285,14,61.294,862.477,335.32,441.465,109.87,6.25,0.39645,8.64,0,11.36884357,0
2006,285,15,70.6895,579.485,217.85,290.02,81.375,6.585,0.3789,8.8,0,11.36884323,0
2006,285,16,81.171,233.772,85.985,114.425,39.505,6.175,0.42185,7.72,0,11.36884327,0
2006,285,17,92.322,13.156,3.375,3.1,2.94,5,0.47385,5.635,0,11.36400786,0
2006,285,18,103.915,0,0,0,0.01,4.505,0.5094,4.415,0,11.37323835,0
2006,285,19,115.299,0,0,0,0.24,3.535,0.56035,3.98,0,11.37412105,0
2006,285,20,126.218,0,0,0,0.105,2.25,0.64345,3.115,0,11.37422785,0
2006,285,21,136.033,0.023,0,0,0.12,1.305,0.6873,3.635,0,11.37435644,0
2006,285,22,143.628,0.046,0,0,0,0.78,0.739,3.32,0,11.37451414,0
2006,285,23,147.316,0,0,0,0.06,1.995,0.73615,3.515,0,11.3746895,0
2006,286,0,145.809,0,0,0,0.11,0.995,0.7738,3.295,0,11.37486912,0
2006,286,1,139.6825,0.023,0,0,0.055,-0.275,0.81825,3.445,0,11.37504208,0
2006,286,2,130.6595,0,0,0,0.005,-0.92,0.8296,3.33,0,11.37519721,0
2006,286,3,120.1285,0,0,0,0.015,-1.25,0.8308,3.675,0,11.37532169,0
2006,286,4,108.9,0,0,0,0.035,-1.53,0.8281,4.07,0,11.37540852,0
2006,286,5,97.4555,0.759,0.02,0,0.235,-2.155,0.8512,4.31,0,11.37545542,0
2006,286,6,85.931,98.785,39.24,41.525,14.635,-1.975,0.8636,4.9,0,11.39877083,0
2006,286,7,75.2435,433.527,173.965,219.115,60.08,0.905,0.7592,6.52,0,11.39659269,0
2006,286,8,65.3425,792.143,317.31,412.505,100.695,4.335,0.549,9.115,0,11.39652899,0
2006,286,9,56.947,1089.579,434.8,570.9,129.37,5.195,0.50175,10.315,0,11.39652796,0
2006,286,10,50.9185,1287.816,516.395,679.02,147.95,6.41,0.46555,9.945,0,11.39652803,0
2006,286,11,48.1955,1371.168,551.525,726.335,157.415,7.83,0.42435,9.98,0,11.39652796,0
2006,286,12,49.3375,1336.093,534.145,704.34,156.36,9.05,0.38205,10.295,0,11.39652795,0
2006,286,13,54.1025,1186.616,468.1,619.65,144.435,9.925,0.34375,10.055,0,11.39652795,0
2006,286,14,61.6335,930.051,359.71,478.62,120.87,10.715,0.3114,10.105,0,11.39652796,0
2006,286,15,71.0045,593.492,223.28,298.2,85.54,11.09,0.29705,9.535,0,11.39652797,0
2006,286,16,81.463,227.746,80.03,106.32,38.365,10.685,0.3121,8.3,0,11.39652799,0
2006,286,17,92.593,12.144,2.545,1.92,2.7,8.925,0.3674,5.825,0,11.39105555,0
2006,286,18,104.1975,0,0,0,0.325,6.515,0.4505,4.45,0,11.39965529,0
2006,286,19,115.5905,0,0,0,0.15,4.34,0.53135,4.355,0,11.40050829,0
2006,286,20,126.5245,0,0,0,0.045,3.3,0.5722,4.13,0,11.40061495,0
2006,286,21,136.3655,0,0,0,0.07,2.95,0.5872,3.72,0,11.40074334,0
2006,286,22,143.9925,0,0,0,0,4.365,0.54225,4.985,0,11.40089938,0
2006,286,23,147.6915,0,0,0,0.095,5.215,0.5042,6.345,0,11.40107342,0
2006,287,0,146.1495,0,0,0,0.205,3.995,0.557,5.64,0,11.40125258,0
2006,287,1,139.9655,0,0,0,0.23,2.81,0.61025,4.535,0,11.40142542,0
2006,287,2,130.8945,0,0,0,0.155,2.27,0.64005,4.91,0,11.40157935,0
2006,287,3,120.3355,0,0,0,0.04,1.565,0.66975,4.69,0,11.40170402,0
2006,287,4,109.0945,0.023,0,0,0.205,0.755,0.69765,4.245,0,11.40179072,0
2006,287,5,97.6475,0.644,0,0,0.17,0.38,0.70885,3.83,0,11.40183677,0
2006,287,6,86.121,95.519,37.525,39.485,14.345,0.055,0.73585,3.64,0,11.42185317,0
2006,287,7,75.467,427.685,170.155,212.26,58.715,2.805,0.6179,4.57,0,11.41947406,0
2006,287,8,65.5965,786.324,311.815,401.88,98.015,4.85,0.5168,6.025,0,11.4194061,0
2006,287,9,57.242,1080.264,431.1,560.045,126.445,6.785,0.44665,5.78,0,11.41940504,0
2006,287,10,51.2545,1276.776,511.805,668.67,145.915,8.275,0.3825,6.74,0,11.41940508,0
2006,287,11,48.562,1360.128,546.63,716.135,155.22,9.365,0.3333,6.565,0,11.419405,0
2006,287,12,49.713,1327.008,530.385,697.44,155.14,10.165,0.31445,7.175,0,11.41940502,0
2006,287,13,54.464,1176.588,464.715,612.805,143.26,10.835,0.29455,7.78,0,11.41940506,0
2006,287,14,61.969,919.517,355.535,470.41,118.865,11.065,0.28745,7.5,0,11.41940519,0
2006,287,15,71.3155,581.371,218.265,289.215,82.74,11.19,0.2804,7.105,0,11.41940516,0
2006,287,16,81.753,217.12,75.865,99.99,35.825,10.575,0.2929,5.555,0,11.41940502,0
2006,287,17,92.9045,10.718,2.12,1.855,1.93,8.23,0.36175,3.695,0,11.41299423,0
2006,287,18,104.478,0,0,0,0.005,6.74,0.39695,3.615,0,11.42095663,0
2006,287,19,115.877,0,0,0,0.015,5.505,0.4416,3.61,0,11.42176767,0
2006,287,20,126.825,0,0,0,0,4.34,0.48285,3.62,0,11.4218739,0
2006,287,21,136.695,0,0,0,0.01,3.085,0.5306,2.285,0,11.42200263,0
2006,287,22,144.353,0,0,0,0,1.37,0.597,1.51,0,11.42215905,0
2006,287,23,148.0635,0,0,0,0.015,0.63,0.6232,1.83,0,11.42233259,0
2006,288,0,146.4885,0,0,0,0,-0.54,0.67255,0.995,0,11.42251245,0
2006,288,1,140.2475,0,0,0,0,-0.905,0.68475,1.64,0,11.42268493,0
2006,288,2,131.131,0.023,0,0,0,-1.29,0.6963,2.36,0,11.42283881,0
2006,288,3,120.5415,0,0,0,0,-1.23,0.6774,1.995,0,11.42296419,0
2006,288,4,109.288,0.023,0,0,0,-0.68,0.6388,2.265,0,11.42305056,0
2006,288,5,97.8425,0.414,0.04,0,0.005,-1.245,0.67655,1.245,0,11.42309497,0
2006,288,6,86.311,31.142,13.325,13.28,3.72,-0.575,0.71965,0.485,0,11.40712129,0
2006,288,7,75.688,125.879,50.235,57.225,12.48,1.5,0.77985,0.995,0,11.36235177,0
2006,288,8,65.851,184.828,72.92,83.62,18.48,4.295,0.71245,1.525,0,11.36109836,0
2006,288,9,57.5355,200.859,77.055,89,19.2,6.86,0.6123,2.365,0,11.36107792,0
2006,288,10,51.59,463.933,183.605,221.21,48.64,9.39,0.4376,4.815,0,11.36107767,0
2006,288,11,48.9275,493.281,196.335,236.69,51.165,11.64,0.28955,4.825,0,11.36107781,0
2006,288,12,50.0855,252.954,94.2,111.755,24.195,12.155,0.2605,5.125,0,11.3610783,0
2006,288,13,54.822,187.45,69.74,80.66,17.375,12.175,0.26245,4.895,0,11.36107768,0
2006,288,14,62.303,363.906,142.985,170.86,37.31,13.11,0.24225,5.52,0,11.36107774,0
2006,288,15,71.626,130.042,49.26,56.44,12.96,13.3,0.2598,5.645,0,11.36107791,0
2006,288,16,82.0395,45.54,15.7,16.415,4.765,12.18,0.31255,5.33,0,11.36093546,0
2006,288,17,93.1705,1.081,0.01,0,0.19,10.725,0.40125,4.075,0,11.28276611,0
2006,288,18,104.7555,0.023,0,0,0,10.275,0.44915,4.37,0,11.2838767,0
2006,288,19,116.1585,0,0,0,0.04,10.75,0.42625,4.735,0,11.28399916,0
2006,288,20,127.1245,0,0,0,0.165,9.675,0.5541,2.91,0,11.28409264,0
2006,288,21,137.0215,0.115,0,0,0,9.945,0.54715,3.735,0,11.28422331,0
2006,288,22,144.711,0.046,0,0,0,10.1,0.55545,3.295,0,11.28438456,0
2006,288,23,148.433,0.023,0,0,0,11.235,0.49965,3.985,0,11.2845605,0
2006,289,0,146.825,0,0,0,0,11.89,0.4655,5.11,1.979083333,11.28474091,0
2006,289,1,140.527,0,0,0,0,12.005,0.468,5.745,1.979083333,11.28491357,0
2006,289,2,131.364,0,0,0,0,11.795,0.49335,5.45,1.979083333,11.28506723,0
2006,289,3,120.748,0,0,0,0.045,11.43,0.52565,4.69,1.979083333,11.2851915,0
2006,289,4,109.4815,0,0,0,0,11.295,0.53485,5.15,1.979083333,11.28527753,0
2006,289,5,98.0345,0.069,0,0,0,11.28,0.5431,4.14,1.979083333,11.28531976,0
2006,289,6,86.5425,9.522,2.2,1.205,0.815,11.28,0.5489,4.595,1.979083333,11.28525068,0
2006,289,7,75.9135,49.289,16.925,16.715,4.095,11.56,0.54825,5.095,1.979083333,11.16997486,0
2006,289,8,66.1055,122.797,43.465,48.33,10.44,12.36,0.54,6.365,1.979083333,11.15181402,0
2006,289,9,57.828,173.098,59.45,68.88,14.84,12.21,0.60435,6.855,1.979083333,11.1515099,0
2006,289,10,51.9235,218.339,76.43,88.295,18.585,11.905,0.71455,5.33,1.979083333,11.1515058,0
2006,289,11,49.291,205.896,71.75,82.56,16.95,11.57,0.82905,7.5,1.979083333,11.15150572,0
2006,289,12,50.4555,175.191,59.555,67.97,13.13,10.9,0.90835,8.075,1.979083333,11.15150574,0
2006,289,13,55.175,103.316,33.505,36.15,6.705,10.235,0.937,7.995,1.979083333,11.15150577,0
2006,289,14,62.633,90.045,29.495,31.29,5.745,9.9,0.95055,8.49,1.979083333,11.15150584,0
2006,289,15,71.932,51.658,16.33,15.84,3.375,9.98,0.95875,8.87,1.979083333,11.1514245,0
2006,289,16,82.3235,14.007,3.42,1.67,0.805,10.125,0.9662,9.32,1.979083333,10.98692229,0
2006,289,17,93.474,1.196,0.025,0,0.025,10.04,0.9686,10.275,1.979083333,10.9738946,0
2006,289,18,105.029,0.46,0,0,0.035,9.845,0.9664,10.33,1.979083333,10.9739712,0
2006,289,19,116.4365,0.46,0,0,0.035,9.555,0.9722,8.645,1.979083333,10.97403267,0
2006,289,20,127.419,0.46,0,0,0.025,9.555,0.97375,7.175,1.979083333,10.97414035,0
2006,289,21,137.3435,0.46,0,0,0,9.705,0.9814,5.76,1.979083333,10.97429052,0
2006,289,22,145.068,0.46,0,0,0,10.045,0.98345,6.7,1.979083333,10.97447298,0
2006,289,23,148.801,0.46,0,0,0,10.425,0.98915,6.14,1.979083333,10.97467539,0
2006,290,0,147.1595,0.46,0,0,0,10.85,0.99085,6.545,0.243416667,10.97488374,0
2006,290,1,140.808,0.46,0,0,0,11.2,0.99315,5.295,0.243416667,10.97508453,0
2006,290,2,131.597,0.46,0,0,0,11.755,0.99505,4.71,0.243416667,10.97526283,0
2006,290,3,120.954,0.46,0,0,0,12.64,0.9958,5.56,0.243416667,10.97540658,0
2006,290,4,109.675,0.46,0,0,0.72,12.965,0.9571,8.89,0.243416667,10.97550647,0
2006,290,5,98.2285,0.598,0,0,0.645,11.705,0.93205,8.625,0.243416667,10.97555546,0
2006,290,6,86.734,29.302,10.2,9.42,2.755,10.795,0.94795,6.315,0.243416667,10.96717983,0
2006,290,7,76.136,92.667,35.25,38.7,8.3,10.66,0.9436,6.55,0.243416667,10.92880576,0
2006,290,8,66.3605,160.655,60.45,69.365,14.89,10.64,0.94485,6.445,0.243416667,10.92741333,0
2006,290,9,58.123,257.439,98.95,116.1,24.815,11.105,0.9306,6.005,0.243416667,10.92738914,0
2006,290,10,52.2565,317.124,122.345,144.66,30.91,11.87,0.90895,6.03,0.243416667,10.92738883,0
2006,290,11,49.6515,475.893,187.47,225.11,48.45,12.855,0.87805,5.525,0.243416667,10.92738895,0
2006,290,12,50.822,573.873,227.44,276.885,60.645,13.945,0.84175,4.785,0.243416667,10.92738941,0
2006,290,13,55.5275,675.648,267.3,329.375,73.025,14.96,0.80155,4.82,0.243416667,10.92738885,0
2006,290,14,62.9605,324.139,126.13,152.595,34.015,15.59,0.7922,4.44,0.243416667,10.92738892,0
2006,290,15,72.235,168.912,64.385,76.085,17.275,15.575,0.81525,4.62,0.243416667,10.92738912,0
2006,290,16,82.6015,41.515,14.28,14.35,4.1,15.365,0.84415,3.37,0.243416667,10.92711105,0
2006,290,17,93.735,2.024,0.155,0,0.17,14.87,0.88005,2.91,0.243416667,10.86181583,0
2006,290,18,105.2985,0.322,0,0,0.035,14.37,0.9139,2.705,0.243416667,10.86378061,0
2006,290,19,116.712,0.414,0,0,0,14.2,0.92785,2.675,0.243416667,10.86390549,0
2006,290,20,127.71,0.437,0,0,0.015,14.08,0.94215,2.54,0.243416667,10.86401215,0
2006,290,21,137.663,0.46,0,0,0,13.955,0.95155,2.295,0.243416667,10.86416061,0
2006,290,22,145.4185,0.437,0,0,0,13.83,0.95655,1.79,0.243416667,10.86434161,0
2006,290,23,149.167,0.46,0,0,0,13.585,0.96505,1.83,0.243416667,10.864542,0
2006,291,0,147.491,0.46,0,0,0,13.76,0.96225,1.235,0,10.86474994,0
2006,291,1,141.0825,0.46,0,0,0,13.635,0.9628,1.925,0,10.86494971,0
2006,291,2,131.8285,0.46,0,0,0,13.58,0.96605,1.88,0,10.86512748,0
2006,291,3,121.1575,0.46,0,0,0.005,13.365,0.97305,1.935,0,10.86527104,0
2006,291,4,109.8675,0.46,0,0,0,13.28,0.9793,1.62,0,10.86537027,0
2006,291,5,98.4225,0.552,0,0,0.005,13.195,0.9841,1.91,0,10.8654189,0
2006,291,6,86.927,37.651,12.38,12.38,3.125,13.3,0.98705,2.89,0,10.85941464,0
2006,291,7,76.3605,364.619,138.075,169.36,47.74,14.075,0.97145,3.73,0,10.84660207,0
2006,291,8,66.6155,457.01,180.645,220.795,51.815,15.155,0.9335,5.11,0,10.84602191,0
2006,291,9,58.4165,658.72,256.78,317.965,70.985,16.22,0.87205,5.365,0,10.84601174,0
2006,291,10,52.588,874.713,341.38,430.195,95.79,17.365,0.80635,5.135,0,10.84601181,0
2006,291,11,50.012,411.539,158.22,190.595,41.74,18.205,0.75445,4.955,0,10.8460116,0
2006,291,12,51.1875,256.128,93.66,110.815,24.135,18.54,0.7603,5.025,0,10.84601162,0
2006,291,13,55.877,262.821,97.55,115.645,25.365,18.37,0.7706,5.845,0,10.84601169,0
2006,291,14,63.2855,178.986,65.905,76.76,17.165,18.145,0.79765,5.35,0,10.84601188,0
2006,291,15,72.535,99.268,35.13,39.645,9.71,17.45,0.861,5.565,0,10.84601168,0
2006,291,16,82.878,55.016,19.275,20.08,5.52,16.495,0.9331,5.425,0,10.84600039,0
2006,291,17,94.034,3.22,0.525,0.075,0.3,16.23,0.9471,3.73,0,10.81610991,0
2006,291,18,105.5645,0.46,0,0,0.075,16.075,0.96135,3.735,0,10.82074087,0
2006,291,19,116.982,0.46,0,0,2.175,11.415,0.95985,8.455,0,10.82095317,0
2006,291,20,127.9955,0.46,0,0,0.135,9.12,0.9743,6.59,0,10.82106257,0
2006,291,21,137.9755,0.46,0,0,0.31,8.585,0.96485,6.16,0,10.82121169,0
2006,291,22,145.768,0.46,0,0,0.39,7.91,0.9508,6.55,0,10.821393,0
2006,291,23,149.5305,0.437,0,0,0.325,7.145,0.92495,7.125,0,10.82159372,0
2006,292,0,147.823,0.391,0,0,0.315,6.545,0.92105,7.505,0,10.82179861,0
2006,292,1,141.36,0.138,0,0,0.44,5.625,0.92335,8.205,0,10.82198657,0
2006,292,2,132.0595,0.138,0,0,0.15,5.35,0.92495,7.74,0,10.82214618,0
2006,292,3,121.362,0.161,0,0,0.175,5.135,0.92125,7.75,0,10.82227506,0
2006,292,4,110.0615,0.138,0,0,0.165,5.01,0.88555,6.48,0,10.82236446,0
2006,292,5,98.6155,0.046,0,0,0.16,4.8,0.90625,6.185,0,10.82240681,0
2006,292,6,87.159,8.096,1.835,1.245,0.96,4.595,0.9158,5.75,0,10.82236755,0
2006,292,7,76.5855,45.126,15.385,15.315,4.235,4.71,0.88125,5.775,0,10.71938382,0
2006,292,8,66.8715,121.992,43.455,48.74,10.89,4.775,0.84905,6.26,0,10.69652702,0
2006,292,9,58.708,112.769,39.81,44.35,10.005,4.76,0.8292,5.27,0,10.69611868,0
2006,292,10,52.9205,150.466,53.67,61.68,13.65,4.645,0.8343,6.78,0,10.69611297,0
2006,292,11,50.369,314.778,120.05,143.315,31.4,5.105,0.77745,6.92,0,10.69611311,0
2006,292,12,51.5485,310.362,119.06,143.225,31.425,5.435,0.7516,6.44,0,10.69611292,0
2006,292,13,56.223,275.172,106.4,128.78,29.315,5.805,0.74225,7.165,0,10.69611303,0
2006,292,14,63.6075,191.222,72.955,87.465,20.07,5.91,0.7483,6.145,0,10.69611338,0
2006,292,15,72.83,60.122,21.45,23.015,5.665,5.865,0.75415,5.5,0,10.69611187,0
2006,292,16,83.1495,18.653,5.36,3.92,1.98,5.705,0.7471,5.61,0,10.58868763,0
2006,292,17,94.292,1.012,0.015,0,0.195,5.48,0.7548,4.19,0,10.56965768,0
2006,292,18,105.8265,0.046,0,0,0.085,5.43,0.7744,2.225,0,10.56988349,0
2006,292,19,117.25,0.046,0,0,0.04,5.42,0.78615,3.585,0,10.56994031,0
2006,292,20,128.2785,0,0,0,0.105,5.315,0.7919,3.52,0,10.57003252,0
2006,292,21,138.2865,0.046,0,0,0.09,5.125,0.8088,3.63,0,10.57016078,0
2006,292,22,146.113,0.023,0,0,0.08,4.98,0.79405,4.05,0,10.57031769,0
2006,292,23,149.8895,0.023,0,0,0.065,4.79,0.7512,3.955,0,10.57049106,0
2006,293,0,148.151,0,0,0,0.055,4.645,0.7398,2.945,0,10.57066918,0
2006,293,1,141.6325,0,0,0,0.065,4.445,0.7778,2.205,0,10.57083952,0
2006,293,2,132.2895,0,0,0,0.13,3.64,0.79745,2.725,0,10.57099111,0
2006,293,3,121.566,0,0,0,0.12,2.39,0.86605,2.605,0,10.57111344,0
2006,293,4,110.254,0,0,0,0.095,0.72,0.9259,2.34,0,10.57119797,0
2006,293,5,98.8115,0.23,0,0,0.025,-0.3,0.9547,2.575,0,10.57124008,0
2006,293,6,87.3535,65.665,24.72,25.885,8.715,-0.27,0.95575,1.9,0,10.61364584,0
2006,293,7,76.8105,361.445,141.1,174.2,49.11,1.025,0.9294,2.225,0,10.6121146,0
2006,293,8,67.1275,705.617,281.66,359.695,90.605,4.395,0.8239,3.235,0,10.61200851,0
2006,293,9,59.0015,994.405,393.13,511.185,120.255,6.555,0.70605,5.435,0,10.6120066,0
2006,293,10,53.25,1189.353,470.89,613.67,138.775,8.265,0.6237,5.625,0,10.61200659,0
2006,293,11,50.725,1275.787,503.04,658.495,147.82,9.47,0.5723,5.915,0,10.61200657,0
2006,293,12,51.908,1213.273,475.18,622.235,142.395,10.83,0.53865,6.13,0,10.6120066,0
2006,293,13,56.5675,1078.677,416.795,546.675,130.895,12.035,0.5094,6.39,0,10.61200669,0
2006,293,14,63.9255,849.229,321.785,421.84,108.765,12.905,0.48485,6.71,0,10.61200699,0
2006,293,15,73.124,485.162,178.455,233.445,67.81,13.275,0.493,6.63,0,10.61200661,0
2006,293,16,83.4165,81.673,31.25,35.925,10.2,12.35,0.5623,4.95,0,10.61200665,0
2006,293,17,94.5835,2.369,0.36,0.125,0.505,11.16,0.64245,4.115,0,10.61636537,0
2006,293,18,106.0855,0,0,0,0.125,9.315,0.7078,3.945,0,10.62820367,0
2006,293,19,117.5125,0.023,0,0,0.02,8.445,0.7477,4.08,0,10.62858644,0
2006,293,20,128.5565,0,0,0,0.015,8.19,0.7652,3.81,0,10.62868367,0
2006,293,21,138.5915,0,0,0,0,8.575,0.764,5.07,0,10.62881119,0
2006,293,22,146.4535,0,0,0,0.18,8.17,0.77935,4.785,0,10.62896628,0
2006,293,23,150.2475,0,0,0,0.015,7.39,0.8071,4.61,0,10.62913822,0
2006,294,0,148.4775,0,0,0,0.235,6.83,0.83785,4.11,0.03175,10.62931529,0
2006,294,1,141.9045,0,0,0,0,6.465,0.86575,3.585,0.03175,10.62948508,0
2006,294,2,132.5185,0,0,0,0,6.35,0.86595,4.12,0.03175,10.62963685,0
2006,294,3,121.769,0.069,0,0,0.03,5.77,0.8874,2.825,0.03175,10.62975981,0
2006,294,4,110.449,0.138,0,0,0.005,6.1,0.9012,2.735,0.03175,10.62984683,0
2006,294,5,99.0055,0.253,0,0,0.035,6.275,0.89915,2.855,0.03175,10.62988976,0
2006,294,6,87.584,27.784,9.79,9.955,2.96,6.41,0.9003,3.54,0.03175,10.62553313,0
2006,294,7,77.0365,278.76,111.85,138.71,35.055,7.185,0.8721,4.52,0.03175,10.60795607,0
2006,294,8,67.384,633.121,248.615,315.785,78.51,9.19,0.76615,5.675,0.03175,10.60684502,0
2006,294,9,59.293,851.644,332.755,426.915,99.905,11.125,0.69245,6.095,0.03175,10.60682464,0
2006,294,10,53.578,1183.695,461.815,604.12,138.81,13.22,0.62815,6.66,0.03175,10.60682438,0
2006,294,11,51.0765,1225.877,478.26,626.455,142.105,14.7,0.56965,6.21,0.03175,10.6068245,0
2006,294,12,52.2635,1227.004,475.125,624.845,144.82,15.69,0.48665,7.585,0.03175,10.60682494,0
2006,294,13,56.9055,1043.165,401.45,525.385,126.77,16.445,0.44395,7.74,0.03175,10.6068244,0
2006,294,14,64.2385,500.227,191.505,241.9,58.39,16.36,0.439,7.765,0.03175,10.60682447,0
2006,294,15,73.414,200.675,78.145,93.83,22.405,15.8,0.45255,6.775,0.03175,10.60682469,0
2006,294,16,83.68,47.656,17.41,18.31,5.3,14.9,0.49465,4.79,0.03175,10.60680001,0
2006,294,17,94.8315,0.943,0.06,0,0.08,13.82,0.55635,4.055,0.03175,10.57518341,0
2006,294,18,106.339,0,0,0,0.015,13.07,0.59105,4.51,0.03175,10.57895422,0
2006,294,19,117.7705,0.046,0,0,0.385,11.785,0.69695,5.385,0.03175,10.57910914,0
2006,294,20,128.829,0.437,0,0,0.31,10.12,0.86685,4.045,0.03175,10.57920868,0
2006,294,21,138.892,0.46,0,0,0.005,9.4,0.94415,1.89,0.03175,10.57935617,0
2006,294,22,146.79,0.46,0,0,0.055,9.25,0.9779,3.785,0.03175,10.57953626,0
2006,294,23,150.602,0.506,0,0,0.255,9.01,0.963,5.535,0.03175,10.5797376,0
2006,295,0,148.8015,0.391,0,0,0.66,7.625,0.9297,9.605,0.03175,10.57994431,0
2006,295,1,142.175,0.437,0,0,0.655,5.52,0.95115,10.65,0.03175,10.58013953,0
2006,295,2,132.745,0.414,0,0,0.465,4.48,0.93855,11.105,0.03175,10.58031363,0
2006,295,3,121.972,0.345,0,0,0.195,3.54,0.9344,11.07,0.03175,10.58045263,0
2006,295,4,110.6405,0.046,0,0,0,3.81,0.9155,10.67,0.03175,10.58054339,0
2006,295,5,99.201,0.046,0,0,0.095,3.925,0.8799,10.37,0.03175,10.58058467,0
2006,295,6,87.7805,15.571,4.68,3.665,1.685,3.455,0.85635,8.895,0.03175,10.5803646,0
2006,295,7,77.262,135.585,53.83,62.85,14.49,3.285,0.8333,9.435,0.03175,10.55199282,0
2006,295,8,67.6395,411.7,165.74,205.82,48.62,2.94,0.857,9.92,0.03175,10.54997244,0
2006,295,9,59.587,951.625,380.525,491.155,115.785,3.455,0.79055,10.395,0.03175,10.5499347,0
2006,295,10,53.905,1177.83,466.935,612.155,143.33,4.61,0.70115,10.165,0.03175,10.54993415,0
2006,295,11,51.429,865.329,342.835,444.36,103.655,4.865,0.6347,9.965,0.03175,10.54993421,0
2006,295,12,52.617,450.915,177.98,220.925,51.33,4.585,0.6043,9.165,0.03175,10.54993442,0
2006,295,13,57.2435,336.904,131.71,162.725,38.175,4.355,0.5855,9.77,0.03175,10.5499343,0
2006,295,14,64.55,150.903,56.06,66.995,16.22,3.735,0.5851,9.71,0.03175,10.54993419,0
2006,295,15,73.7,90.873,33.36,38.475,9.695,3.585,0.5678,9.285,0.03175,10.54993425,0
2006,295,16,83.9375,30.567,10.095,9.57,3.29,3.3,0.56395,9.405,0.03175,10.53435721,0
2006,295,17,95.119,1.495,0.06,0,0.26,2.97,0.5665,8.375,0.03175,10.4718153,0
2006,295,18,106.589,0,0,0,0.055,2.65,0.6034,6.835,0.03175,10.47287195,0
2006,295,19,118.0245,0,0,0,0.05,2.51,0.6112,6.19,0.03175,10.47294957,0
2006,295,20,129.0985,0,0,0,0.045,2.36,0.61565,5,0.03175,10.47304085,0
2006,295,21,139.189,0,0,0,0.26,1.35,0.62785,5.555,0.03175,10.47316764,0
2006,295,22,147.1245,0,0,0,0.03,1.155,0.6434,5.235,0.03175,10.47332183,0
2006,295,23,150.9535,0.023,0,0,0.12,0.72,0.6908,4.39,0.03175,10.47349399,0
2006,296,0,149.123,0,0,0,0.095,0.21,0.7401,3.18,0.010583333,10.47367153,0
2006,296,1,142.442,0,0,0,0,0.475,0.73665,4.415,0.010583333,10.47384144,0
2006,296,2,132.9695,0.046,0,0,0,0.735,0.7386,5.215,0.010583333,10.47399341,0
2006,296,3,122.175,0,0,0,0,0.905,0.75425,5.275,0.010583333,10.47411641,0
2006,296,4,110.8345,0,0,0,0.005,0.905,0.75505,4.945,0.010583333,10.47420097,0
2006,296,5,99.396,0.069,0,0,0.025,0.835,0.78115,4.87,0.010583333,10.47424214,0
2006,296,6,87.9745,15.525,4.875,4.08,1.67,0.7,0.8146,4.92,0.010583333,10.4740526,0
2006,296,7,77.4895,83.766,31.79,36.45,9.455,0.455,0.82615,5.305,0.010583333,10.43636786,0
2006,296,8,67.896,220.731,87.11,105.37,25.05,0.745,0.79325,4.785,0.010583333,10.43331772,0
2006,296,9,59.876,431.894,174.365,214.535,49.595,2.06,0.7205,4.66,0.010583333,10.43325911,0
2006,296,10,54.2295,663.044,269.485,335.615,76.765,3.97,0.5732,5.64,0.010583333,10.43325846,0
2006,296,11,51.775,380.949,150.31,185.06,43.345,4.56,0.47215,6.165,0.010583333,10.43325825,0
2006,296,12,52.9665,305.946,118.545,144.55,33.82,4.595,0.4664,5.16,0.010583333,10.43325827,0
2006,296,13,57.574,269.652,104.27,127.12,29.86,4.745,0.4778,5.65,0.010583333,10.43325832,0
2006,296,14,64.857,301.185,120.175,148.415,35.99,4.885,0.4621,5.295,0.010583333,10.43325848,0
2006,296,15,73.9815,180.113,70.975,88.93,23.965,5.11,0.4454,6.555,0.010583333,10.43325839,0
2006,296,16,84.191,66.723,24.615,28.495,7.92,4.03,0.50725,7.68,0.010583333,10.4332582,0
2006,296,17,95.3625,1.84,0.175,0,0.26,3.17,0.5593,6.215,0.010583333,10.43339892,0
2006,296,18,106.8355,0,0,0,0.02,2.975,0.57655,4.57,0.010583333,10.44240054,0
2006,296,19,118.2725,0,0,0,0.005,2.74,0.60965,4.185,0.010583333,10.44268675,0
2006,296,20,129.362,0,0,0,0.015,2.65,0.615,4.855,0.010583333,10.44278008,0
2006,296,21,139.4815,0,0,0,0.005,2.67,0.65085,6.045,0.010583333,10.44290583,0
2006,296,22,147.453,0,0,0,0.01,2.545,0.67585,5.955,0.010583333,10.44305922,0
2006,296,23,151.302,0,0,0,0.045,2.305,0.7005,5.38,0.010583333,10.44322989,0
2006,297,0,149.4415,0,0,0,0.005,2.285,0.69465,6.055,0,10.44340602,0
2006,297,1,142.7085,0,0,0,0.22,1.87,0.69325,5.175,0,10.44357601,0
2006,297,2,133.195,0,0,0,0.22,0.665,0.75575,4.32,0,10.44372741,0
2006,297,3,122.3765,0.046,0,0,0.145,-1.095,0.8275,4.03,0,10.44385089,0
2006,297,4,111.0265,0.092,0,0,0.045,-1.875,0.86965,3.565,0,10.4439379,0
2006,297,5,99.5925,0.138,0,0,0.015,-2.335,0.8837,3.495,0,10.44398128,0
2006,297,6,88.208,57.753,21.685,20.8,8.105,-2.805,0.90745,3.355,0,10.48720292,0
2006,297,7,77.715,355.442,139.775,170.04,48.865,-1.14,0.88135,3.195,0,10.4861531,0
2006,297,8,68.1515,701.937,277.03,354.135,90.635,1.06,0.79905,3.95,0,10.48601842,0
2006,297,9,60.168,993.117,393.635,509.68,120.945,2.905,0.72975,3.385,0,10.4860159,0
2006,297,10,54.555,1185.857,469.665,612.905,140.26,4.61,0.6292,3.66,0,10.48601586,0
2006,297,11,52.1205,1267.714,501.76,655.69,148.65,5.91,0.52495,3.295,0,10.48601595,0
2006,297,12,53.3125,1213.043,477.17,623.355,144.685,6.97,0.47115,2.7,0,10.4860163,0
2006,297,13,57.904,911.858,355.595,460.925,110.395,7.545,0.44325,2.6,0,10.4860159,0
2006,297,14,65.1605,832.899,330.555,430.635,111.435,7.935,0.42585,2.69,0,10.48601601,0
2006,297,15,74.261,482.586,187.21,242.85,67.825,8.13,0.40185,2.04,0,10.48601635,0
2006,297,16,84.439,98.348,35.235,41.76,12.58,7.28,0.44465,1.835,0,10.48601588,0
2006,297,17,95.644,2.185,0.475,0.25,0.12,6.575,0.45745,0.99,0,10.49824104,0
2006,297,18,107.076,0,0,0,0,5.895,0.49165,0.545,0,10.51453651,0
2006,297,19,118.519,0,0,0,0,5.165,0.5145,1.37,0,10.51502286,0
2006,297,20,129.6205,0,0,0,0,4,0.58245,1.355,0,10.51511999,0
2006,297,21,139.7675,0,0,0,0,3.415,0.6082,1.66,0,10.51524617,0
2006,297,22,147.778,0.023,0,0,0,2.5,0.6655,1.545,0,10.51540078,0
2006,297,23,151.6465,0.046,0,0,0,2.635,0.63315,1.415,0,10.51557376,0
2006,298,0,149.76,0,0,0,0,1.705,0.6716,1.67,0,10.51575225,0
2006,298,1,142.9725,0,0,0,0,1.285,0.69285,2.375,0,10.5159222,0
2006,298,2,133.4185,0.023,0,0,0,0.86,0.7308,2.415,0,10.516074,0
2006,298,3,122.577,0,0,0,0,0.755,0.80195,2.58,0,10.51619712,0
2006,298,4,111.22,0,0,0,0,1.28,0.8155,2.965,0,10.51628198,0
2006,298,5,99.787,0.069,0,0,0,1.6,0.8086,2.81,0,10.51632374,0
2006,298,6,88.404,18.469,6.19,5.62,1.675,2,0.80265,3.215,0,10.515943,0
2006,298,7,77.943,98.992,38.555,44.305,10.44,3.18,0.75235,3.995,0,10.48698665,0
2006,298,8,68.407,286.396,113.85,139.335,32.51,4.655,0.67635,4.875,0,10.48478625,0
2006,298,9,60.4565,638.894,255.22,321.55,75.615,6.46,0.5811,5.88,0,10.4847442,0
2006,298,10,54.877,876.921,345.83,443.795,103.355,8.04,0.48505,6.655,0,10.48474362,0
2006,298,11,52.4625,821.652,324.67,413.075,95.15,8.58,0.4674,6.66,0,10.48474374,0
2006,298,12,53.6535,761.438,299.23,378.465,86.8,9.065,0.45615,6.425,0,10.48474359,0
2006,298,13,58.2295,505.218,200.315,247.2,56.45,9.135,0.4809,5.785,0,10.48474361,0
2006,298,14,65.461,296.746,116.085,141.465,32.765,9.16,0.48665,5.59,0,10.48474364,0
2006,298,15,74.5345,100.05,36.68,42.25,10.27,8.62,0.5143,5.9,0,10.48474371,0
2006,298,16,84.683,21.022,6.6,6.095,2.2,8.275,0.5507,5.34,0,10.44278041,0
2006,298,17,95.8825,0.345,0,0,0.065,7.89,0.59795,4.66,0,10.41341658,0
2006,298,18,107.3125,0,0,0,0.35,7.135,0.69785,4.535,0,10.41387831,0
2006,298,19,118.757,0.253,0,0,0.295,5.735,0.8619,5.12,0,10.41394108,0
2006,298,20,129.875,0.299,0,0,0.06,5.395,0.90645,5.135,0,10.41404055,0
2006,298,21,140.05,0.23,0,0,0.005,5.47,0.9223,5.53,0,10.41417988,0
2006,298,22,148.097,0.161,0,0,0.025,5.375,0.9341,6.445,0,10.41434431,0
2006,298,23,151.99,0.299,0,0,0.08,5.25,0.95105,5.995,0,10.4145285,0
2006,299,0,150.073,0.414,0,0,0.02,5.19,0.96975,6.245,0.486833333,10.41472649,0
2006,299,1,143.2355,0.437,0,0,0,5.195,0.97105,6.7,0.486833333,10.4149217,0
2006,299,2,133.6415,0.46,0,0,0,5.2,0.9787,6.165,0.486833333,10.41509684,0
2006,299,3,122.778,0.46,0,0,0,5.26,0.98025,6.895,0.486833333,10.41523887,0
2006,299,4,111.4125,0.46,0,0,0,5.43,0.9806,6.575,0.486833333,10.415337,0
2006,299,5,99.9825,0.46,0,0,0,5.62,0.98375,5.975,0.486833333,10.4153843,0
2006,299,6,88.5995,4.002,0.54,0,0.185,5.85,0.9866,5.795,0.486833333,10.41537148,0
2006,299,7,78.1685,20.309,5.5,3.635,1.405,6.115,0.98895,5.89,0.486833333,10.40935443,0
2006,299,8,68.664,61.249,20.665,21.09,4.41,6.51,0.9933,5.71,0.486833333,10.23751241,0
2006,299,9,60.7455,79.58,26.735,28.035,5.585,7.09,0.99485,5.44,0.486833333,10.23068397,0
2006,299,10,55.195,106.927,37.21,40.355,7.925,7.88,0.99575,5.335,0.486833333,10.23058372,0
2006,299,11,52.8025,115.529,39.48,43.425,8.59,8.415,0.9947,5.29,0.486833333,10.23058246,0
2006,299,12,53.9945,171.971,61.68,70.32,13.84,8.675,0.99245,6.055,0.486833333,10.2305825,0
2006,299,13,58.5495,113.551,40.475,44.6,9.17,8.94,0.9824,6.07,0.486833333,10.23058243,0
2006,299,14,65.7565,87.768,31.025,33.255,7.215,8.995,0.97755,5.84,0.486833333,10.23058245,0
2006,299,15,74.8045,44.137,14.18,13.415,3.58,8.805,0.98835,5.92,0.486833333,10.2298473,0
2006,299,16,84.921,12.052,2.805,1.345,0.97,8.655,0.993,5,0.486833333,10.07078168,0
2006,299,17,96.1565,0.621,0,0,0,8.555,0.9946,4.715,0.486833333,10.06774952,0
2006,299,18,107.544,0.46,0,0,0,8.545,0.9945,3.58,0.486833333,10.06784642,0
2006,299,19,118.993,0.46,0,0,0.015,8.475,0.99215,3.39,0.486833333,10.06790364,0
2006,299,20,130.123,0.46,0,0,0,8.4,0.99495,4.42,0.486833333,10.06800716,0
2006,299,21,140.327,0.46,0,0,0,8.33,0.9985,3.995,0.486833333,10.06815245,0
2006,299,22,148.414,0.529,0,0,0,8.4,1,3.87,0.486833333,10.06833099,0
2006,299,23,152.329,0.782,0,0,0,8.4,1,3.735,0.486833333,10.06854049,0
2006,300,0,150.3855,0.897,0,0,0.005,8.47,1,3.37,0.275166667,10.06877073,0
2006,300,1,143.4965,0.92,0,0,0.005,8.4,1,3.345,0.275166667,10.06899796,0
2006,300,2,133.862,0.92,0,0,0.04,8.375,1,3.505,0.275166667,10.06920197,0
2006,300,3,122.9765,0.92,0,0,0.005,8.3,1,3.72,0.275166667,10.069367,0
2006,300,4,111.6045,0.92,0,0,0.025,8.29,1,3.58,0.275166667,10.06948163,0
2006,300,5,100.1785,0.92,0,0,0.055,8.175,1,3.365,0.275166667,10.06953793,0
2006,300,6,88.8345,3.519,0.165,0,0.25,8.1,1,3.825,0.275166667,10.06952934,0
2006,300,7,78.3965,24.035,6.06,4.5,1.92,7.93,1,5.47,0.275166667,10.05621009,0
2006,300,8,68.9185,46.552,13.685,12.99,3.245,7.535,1,6.07,0.275166667,9.839547768,0
2006,300,9,61.033,121.164,40.81,44.98,8.54,7.185,0.9951,7.54,0.275166667,9.828511041,0
2006,300,10,55.5135,94.737,31.725,33.93,6.495,6.925,0.9843,7.575,0.275166667,9.828345356,0
2006,300,11,53.1375,90.137,29.655,31.225,5.7,6.725,0.983,7.755,0.275166667,9.828343306,0
2006,300,12,54.3285,127.19,43.685,47.245,8.48,6.59,0.9793,8.4,0.275166667,9.828343228,0
2006,300,13,58.8665,69.23,22.15,21.735,4.015,6.33,0.98065,8.555,0.275166667,9.828343008,0
2006,300,14,66.048,50.393,15.665,14.945,3.225,6.235,0.977,7.94,0.275166667,9.827986733,0
2006,300,15,75.0705,41.193,13.305,12.2,2.995,6.505,0.972,8.77,0.275166667,9.814845112,0
2006,300,16,85.1545,9.66,2.04,1.005,0.78,6.65,0.97245,10.055,0.275166667,9.662234613,0
2006,300,17,96.389,1.15,0.01,0,0.06,6.71,0.96625,9.8,0.275166667,9.661677871,0
2006,300,18,107.7715,0.644,0,0,0.055,6.795,0.9639,9.48,0.275166667,9.661760942,0
2006,300,19,119.2215,0.621,0,0,0.045,6.61,0.96925,10.19,0.275166667,9.661819788,0
2006,300,20,130.3665,0.414,0,0,0.09,6.54,0.9509,10.25,0.275166667,9.661924019,0
2006,300,21,140.5975,0.46,0,0,0.115,6.4,0.93005,9.69,0.275166667,9.662065394,0
2006,300,22,148.724,0.46,0,0,0.18,6.225,0.91335,8.39,0.275166667,9.662239801,0
2006,300,23,152.663,0.414,0,0,0.38,5.12,0.92595,6.625,0.275166667,9.662432927,0
2006,301,0,150.693,0.46,0,0,0.25,3.965,0.96145,5.57,0,9.66263192,0
2006,301,1,143.755,0.46,0,0,0.07,3.52,0.9656,5.83,0,9.66282469,0
2006,301,2,134.0825,0.46,0,0,0.16,3,0.9699,5.3,0,9.662997167,0
2006,301,3,123.177,0.46,0,0,0.03,3.235,0.96365,7.375,0,9.663136932,0
2006,301,4,111.7975,0.46,0,0,0.075,3.675,0.90445,7.715,0,9.663233998,0
2006,301,5,100.3735,0.46,0,0,0.09,3.095,0.88785,6.97,0,9.663281858,0
2006,301,6,89.0305,41.607,16.245,14.52,6.325,2.895,0.86455,6.7,0,9.708689055,0
2006,301,7,78.6225,307.625,126,151.43,43.13,3.825,0.80395,8.21,0,9.718269025,0
2006,301,8,69.173,655.109,266.1,336.695,83.865,5.26,0.7444,9.14,0,9.718031418,0
2006,301,9,61.318,903.67,362.665,469.075,110.63,6.595,0.64085,10.79,0,9.718025764,0
2006,301,10,55.828,1133.716,452.89,591.57,135.47,8.225,0.52765,10.675,0,9.718025671,0
2006,301,11,53.472,1238.136,492.125,646.9,148.005,9.89,0.3652,12.13,0,9.718025707,0
2006,301,12,54.6595,1172.701,458.845,607.65,142.715,10.35,0.3528,11.4,0,9.718025817,0
2006,301,13,59.1805,1016.324,390.705,519.995,128.77,10.885,0.32075,11.935,0,9.718026219,0
2006,301,14,66.3345,749.363,283.46,377.935,101.365,11.155,0.32395,11.73,0,9.718025724,0
2006,301,15,75.331,370.645,140.725,180.81,49.4,10.97,0.3678,10.82,0,9.718025796,0
2006,301,16,85.38,93.61,33.845,40.165,12.46,9.98,0.4471,8.055,0,9.71802599,0
2006,301,17,96.6175,0.943,0,0,0.53,7.91,0.5632,5.17,0,9.760808028,0
2006,301,18,107.993,0,0,0,0.055,6.83,0.6377,4.65,0,9.784476805,0
2006,301,19,119.4455,0.023,0,0,0.04,7.695,0.59475,4.995,0,9.784998909,0
2006,301,20,130.6045,0,0,0,0.04,7.77,0.60185,5.005,0,9.785093607,0
2006,301,21,140.864,0,0,0,0.07,7.175,0.6537,4.095,0,9.785216524,0
2006,301,22,149.0315,0.023,0,0,0.035,7.03,0.6527,3.645,0,9.785366814,0
2006,301,23,152.995,0,0,0,0.09,6.545,0.6784,3.69,0,9.785534091,0
2006,302,0,151.0015,0,0,0,0.075,5.895,0.70425,3.65,0,9.785707428,0
2006,302,1,144.011,0,0,0,0.04,5.535,0.70665,3.765,0,9.785873583,0
2006,302,2,134.301,0.023,0,0,0.055,4.43,0.73845,3.565,0,9.786022163,0
2006,302,3,123.3755,0.069,0,0,0.01,3.325,0.7579,3.865,0,9.786144121,0
2006,302,4,111.989,0,0,0,0,3.225,0.7331,3.43,0,9.78622864,0
2006,302,5,100.571,0.046,0,0,0,3.155,0.73435,3.72,0,9.786269804,0
2006,302,6,89.2635,39.491,16.01,13.595,5.225,3.26,0.73135,3.165,0,9.819619239,0
2006,302,7,78.848,308.775,122.74,145.42,41.365,3.46,0.7774,1.84,0,9.82876243,0
2006,302,8,69.427,644.322,254.515,320.615,81.23,7.035,0.6312,2.955,0,9.82845367,0
2006,302,9,61.603,928.487,366.855,471.285,110.31,9.51,0.4696,2.035,0,9.828446649,0
2006,302,10,56.142,1118.007,439.995,572.17,129.525,11.255,0.3941,2.485,0,9.828446582,0
2006,302,11,53.801,1197.771,468.98,613.25,138.555,12.79,0.3437,3.32,0,9.828446673,0
2006,302,12,54.9865,1161.155,451.375,590.92,137.235,14.015,0.3345,3.81,0,9.828446589,0
2006,302,13,59.488,1006.595,385.165,506.39,124.205,14.92,0.33555,4.04,0,9.82844672,0
2006,302,14,66.616,745.706,279.59,369.055,98.79,15.47,0.359,4.665,0,9.828447174,0
2006,302,15,75.588,421.452,153.19,200.945,61.645,15.62,0.3842,4.085,0,9.828446581,0
2006,302,16,85.6425,100.372,32.805,41.735,16.825,14.67,0.4665,3.435,0,9.828446618,0
2006,302,17,96.841,1.219,0.005,0,0.1,12.665,0.53705,4.68,0,9.86758069,0
2006,302,18,108.2105,0.023,0,0,0.035,10.56,0.6258,4.975,0,9.892484693,0
2006,302,19,119.665,0.023,0,0,0.005,9.66,0.6601,4.565,0,9.893046334,0
2006,302,20,130.8365,0.023,0,0,0.16,7.5,0.75525,5.085,0,9.893142549,0
2006,302,21,141.123,0.023,0,0,0,7.695,0.8104,5.095,0,9.893267074,0
2006,302,22,149.331,0.046,0,0,0,7.52,0.8476,4.45,0,9.893419287,0
2006,302,23,153.3225,0.161,0,0,0.005,7.115,0.87795,4.11,0,9.893592469,0
2006,303,0,151.3045,0.414,0,0,0.005,6.58,0.91035,4.6,0,9.893781718,0
2006,303,1,144.2645,0.46,0,0,0,7.455,0.9074,3.82,0,9.893974363,0
2006,303,2,134.5185,0.46,0,0,0.02,8.16,0.9005,3.99,0,9.894147501,0
2006,303,3,123.574,0.46,0,0,0,8.42,0.90395,4.795,0,9.894287798,0
2006,303,4,112.181,0.46,0,0,0,8.73,0.8993,5.175,0,9.894385178,0
2006,303,5,100.766,0.46,0,0,0.005,8.695,0.9005,5.445,0,9.894432677,0
2006,303,6,89.4615,35.995,13.77,11.93,5.56,8.175,0.9054,4.54,0,9.912873591,0
2006,303,7,79.075,271.561,109.98,128.365,37.145,9.925,0.8815,4.995,0,9.922362995,0
2006,303,8,69.6795,637.284,251.25,318.495,83.505,13.045,0.79615,8.23,0,9.921922664,0
2006,303,9,61.886,777.17,305.64,393.405,96.08,15.16,0.71535,9.42,0,9.921912969,0
2006,303,10,56.4525,1162.236,460.225,599.7,143.16,17.515,0.6211,10.645,0,9.921912942,0
2006,303,11,54.1265,1104,431.91,564.275,134.615,19.565,0.539,12.87,0,9.921912836,0
2006,303,12,55.31,1026.329,402.87,515.895,123.34,20.985,0.48535,13.765,0,9.9219129,0
2006,303,13,59.7915,856.52,332.715,425.93,105.68,21.2,0.45385,15.675,0,9.921913118,0
2006,303,14,66.8945,683.468,261.745,333.845,88.05,21.225,0.44435,14.115,0,9.921912942,0
2006,303,15,75.8405,361.928,135.685,172.765,50.145,20.735,0.44625,12.92,0,9.92191292,0
2006,303,16,85.8605,71.875,27.285,30.4,9.995,18.615,0.54735,11.24,0,9.921912831,0
2006,303,17,97.0595,0.598,0.005,0,0.28,17.425,0.5914,10.17,0,9.950414212,0
2006,303,18,108.4225,0.046,0,0,0.08,16.53,0.61245,7.84,0,9.964357571,0
2006,303,19,119.8785,0,0,0,0.015,16.47,0.58755,8.21,0,9.964702477,0
2006,303,20,131.064,0,0,0,0.25,16.285,0.64485,7.855,0,9.964795345,0
2006,303,21,141.379,0.023,0,0,0.05,16.07,0.70145,8.845,0,9.96491982,0
2006,303,22,149.627,0,0,0,0.035,15.88,0.75405,8.77,0,9.965072013,0
2006,303,23,153.645,0.184,0,0,0.195,15.585,0.82405,8.535,0,9.965244328,0
2006,304,0,151.6045,0.115,0,0,0.01,15.085,0.87605,8.18,0,9.965427374,0
2006,304,1,144.5175,0,0,0,0.03,14.95,0.89235,6.72,0,9.965598253,0
2006,304,2,134.734,0,0,0,0,15.545,0.87875,7.105,0,9.965747061,0
2006,304,3,123.77,0,0,0,1.5,12.095,0.76665,6.78,0,9.965867919,0
2006,304,4,112.373,0,0,0,0.54,9.785,0.72305,6.68,0,9.965951493,0
2006,304,5,100.9625,0,0,0,0.59,7.89,0.6955,8.925,0,9.965992328,0
2006,304,6,89.6565,7.866,2.145,1.175,1.18,6.805,0.7143,7.465,0,9.965976803,0
2006,304,7,79.3005,92.713,35.21,40.125,10.78,5.29,0.73535,8.375,0,9.953942369,0
2006,304,8,69.934,232.829,90.2,108.585,26.56,3.845,0.6968,9.555,0,9.951072654,0
2006,304,9,62.1685,455.791,179.92,222.38,52.345,3.695,0.70875,8.345,0,9.951008912,0
2006,304,10,56.7615,986.7,390.38,505.515,119.615,4.87,0.6167,8.155,0,9.951007988,0
2006,304,11,54.45,1186.731,468.98,614.645,144.64,6.715,0.48675,8.995,0,9.951008011,0
2006,304,12,55.6285,1145.791,447.51,587.39,141.31,7.33,0.43445,8.67,0,9.951007936,0
2006,304,13,60.089,989.552,381.03,499.785,126.545,7.915,0.37975,8.26,0,9.951007949,0
2006,304,14,67.168,725.558,273.76,359.9,98.82,7.985,0.3368,7.78,0,9.951007971,0
2006,304,15,76.0885,365.792,133.435,173.83,54.36,7.35,0.37655,6.59,0,9.95100803,0
2006,304,16,86.114,78.085,25.91,32.31,12.635,6.265,0.444,4.535,0,9.95100817,0
2006,304,17,97.275,0.759,0,0,0.2,4.58,0.5261,3.35,0,9.977957527,0
2006,304,18,108.629,0,0,0,0.015,3.45,0.567,2.805,0,9.993320318,0
2006,304,19,120.087,0,0,0,0,2.32,0.62165,2.135,0,9.993703226,0
2006,304,20,131.286,0,0,0,0,2.085,0.62175,2.74,0,9.99379559,0
2006,304,21,141.6275,0.023,0,0,0,1.39,0.65275,3.16,0,9.99391905,0
2006,304,22,149.916,0,0,0,0.035,0.405,0.7038,3.505,0,9.994070608,0
2006,304,23,153.9675,0,0,0,0,-0.4,0.7582,2.965,0,9.994238583,0
2006,305,0,151.9025,0,0,0,0,-0.915,0.7861,2.575,0,9.99441209,0
2006,305,1,144.7675,0.069,0,0,0,-0.995,0.7826,2.895,0,9.994581896,0
2006,305,2,134.949,0.023,0,0,0,-1.395,0.8154,2.69,0,9.99473451,0
2006,305,3,123.9655,0.069,0,0,0.005,-1.165,0.83005,2.605,0,9.99485755,0
2006,305,4,112.5635,0.138,0,0,0.06,-1.21,0.7869,3.39,0,9.994945162,0
2006,305,5,101.159,0.046,0,0,0.17,-2.135,0.81285,3.01,0,9.994988626,0
2006,305,6,89.89,20.332,7.525,5.725,1.77,-2.35,0.79085,2.98,0,9.994989142,0
2006,305,7,79.525,174.57,66.27,81.775,19.74,-1.945,0.79655,2.065,0,10.00747406,0
2006,305,8,70.185,376.924,143.535,186.615,43.96,0.035,0.6885,4.27,0,10.0063525,0
2006,305,9,62.449,496.915,200.645,247.265,56.325,1.35,0.58395,4.6,0,10.0063277,0
2006,305,10,57.067,562.764,228.16,281.455,64.81,2.49,0.4996,4.31,0,10.00632733,0
2006,305,11,54.7705,368.92,145.315,174.965,39.715,3.11,0.4593,3.96,0,10.0063274,0
2006,305,12,55.9435,413.701,163.08,197.605,44.85,3.68,0.42875,4.975,0,10.00632767,0
2006,305,13,60.386,427.961,171.095,208.055,47.24,4.49,0.4033,4.635,0,10.00632741,0
2006,305,14,67.4365,585.442,229.275,291.65,75.025,5.24,0.3485,6.155,0,10.00632762,0
2006,305,15,76.33,339.365,128.05,164.095,49.115,4.78,0.35805,6.2,0,10.00632741,0
2006,305,16,86.3235,90.206,29.545,38.435,16.805,3.835,0.4197,4.975,0,10.0063275,0
2006,305,17,97.4845,0.644,0,0,0.165,2.11,0.49345,3.82,0,10.03263233,0
2006,305,18,108.832,0.023,0,0,0,1.25,0.53025,2.53,0,10.0507135,0
2006,305,19,120.291,0,0,0,0.02,0.415,0.56055,3.04,0,10.05116775,0
2006,305,20,131.501,0,0,0,0.02,-1.255,0.6618,3.41,0,10.05126079,0
2006,305,21,141.871,0,0,0,0.025,-1.81,0.6874,3.725,0,10.05138373,0
2006,305,22,150.204,0.023,0,0,0,-1.915,0.7005,3.925,0,10.05153471,0
2006,305,23,154.28,0,0,0,0.005,-1.91,0.7027,3.94,0,10.05170348,0
2006,306,0,152.196,0.046,0,0,0.01,-2.325,0.7226,4.495,0,10.05187913,0
2006,306,1,145.0165,0,0,0,0,-2.27,0.7141,4.285,0,10.05204911,0
2006,306,2,135.1625,0,0,0,0,-2.67,0.72735,3.37,0,10.05219955,0
2006,306,3,124.1625,0,0,0,0.095,-3.685,0.76105,3.8,0,10.05232191,0
2006,306,4,112.755,0,0,0,0,-4.405,0.78945,3.615,0,10.05240763,0
2006,306,5,101.354,0,0,0,0.005,-4.9,0.7951,3.71,0,10.0524506,0
2006,306,6,90.086,29.923,13.305,9.94,4.845,-5.425,0.823,3.65,0,10.05628909,0
2006,306,7,79.75,275.678,117.295,134.4,40.85,-3.715,0.792,3.93,0,10.06896546,0
2006,306,8,70.4345,611.432,245.44,312.915,83.78,-0.75,0.6569,7.475,0,10.06824204,0
2006,306,9,62.7285,899.254,358.44,466.78,114.305,0.485,0.5545,10.59,0,10.06822631,0
2006,306,10,57.37,1089.418,435.135,570,135.28,1.03,0.48245,11.855,0,10.06822606,0
2006,306,11,55.0835,1164.49,465.45,610.57,144.545,1.775,0.4063,11.52,0,10.06822611,0
2006,306,12,56.254,1126.356,447.06,586.65,142.53,2.81,0.3759,11.32,0,10.06822628,0
2006,306,13,60.6755,966.46,378.17,497.265,127.505,3.365,0.35685,11.055,0,10.06822631,0
2006,306,14,67.7005,678.914,262.34,343.705,94.545,3.875,0.3463,10.39,0,10.06822608,0
2006,306,15,76.568,400.039,151.38,198.375,64.135,4.04,0.35275,9.405,0,10.0682261,0
2006,306,16,86.5655,83.766,28.335,35.64,15.73,3.335,0.4039,6.86,0,10.06822613,0
2006,306,17,97.687,0.529,0,0,0.39,1.15,0.5003,4.725,0,10.08979798,0
2006,306,18,109.0275,0.069,0,0,0.02,-0.025,0.5521,4.205,0,10.10524855,0
2006,306,19,120.487,0.092,0,0,0,-0.815,0.5862,2.52,0,10.10565385,0
2006,306,20,131.711,0.046,0,0,0,-2.115,0.65785,1.715,0,10.10574838,0
2006,306,21,142.1065,0,0,0,0,-2.52,0.66585,1.46,0,10.10587232,0
2006,306,22,150.4815,0.023,0,0,0,-2.34,0.6374,0.71,0,10.10602406,0
2006,306,23,154.593,0.023,0,0,0,-3.34,0.6849,0.25,0,10.10619393,0
2006,307,0,152.489,0,0,0,0,-4.52,0.74705,2.315,0,10.1063696,0
2006,307,1,145.263,0.046,0,0,0.025,-5.735,0.80395,2.435,0,10.10653898,0
2006,307,2,135.3765,0.069,0,0,0,-5.95,0.8058,2.805,0,10.10669286,0
2006,307,3,124.3585,0.046,0,0,0,-6.61,0.8197,1.77,0,10.1068178,0
2006,307,4,112.9455,0.046,0,0,0,-6.825,0.823,1.295,0,10.10690512,0
2006,307,5,101.548,0.046,0,0,0,-6.885,0.8199,1.23,0,10.10694899,0
2006,307,6,90.2815,26.266,13.695,9.355,3.91,-6.75,0.8182,0.675,0,10.10766837,0
2006,307,7,79.975,267.789,121.82,130.125,40.27,-4.995,0.78655,0.99,0,10.12010754,0
2006,307,8,70.6855,601.7882353,256.195,303.92,80.58,-1.215,0.69635,3.395,0,10.11922426,0
2006,307,9,63.0055,870.803,356.47,450.22,109.67,1.435,0.53315,4.615,0,10.11920524,0
2006,307,10,57.671,1059.794,420.135,549.66,129.74,2.8,0.4385,4.59,0,10.11920498,0
2006,307,11,55.395,1136.246,450.835,589.12,138.265,4.16,0.3918,3.43,0,10.11920511,0
2006,307,12,56.5605,1095.145,432.23,565.925,136.345,5.465,0.35525,2.945,0,10.11920564,0
2006,307,13,60.9625,936.1,365.05,479.515,121.555,6.53,0.3313,2.73,0,10.11920499,0
2006,307,14,67.959,668.587,255.91,337.185,92.485,7.15,0.3376,2.635,0,10.11920505,0
2006,307,15,76.801,352.866,129.9,170.08,53.645,7.275,0.36065,3.245,0,10.11920524,0
2006,307,16,86.767,71.507,24.08,30.86,11.57,6.53,0.41205,2.835,0,10.11920502,0
2006,307,17,97.8855,0.345,0,0,0.02,5.135,0.4422,3.795,0,10.13210089,0
2006,307,18,109.219,0.046,0,0,0,3.555,0.49835,4.145,0,10.1433883,0
2006,307,19,120.679,0.069,0,0,0.1,2.105,0.56225,4.695,0,10.14370361,0
2006,307,20,131.9145,0.023,0,0,0,1.16,0.61105,4.805,0,10.14379597,0
2006,307,21,142.336,0.023,0,0,0.01,0.23,0.6726,4.76,0,10.14391993,0
2006,307,22,150.754,0.023,0,0,0.045,-0.46,0.7318,3.885,0,10.14407209,0
2006,307,23,154.8995,0.069,0,0,0,0.13,0.7264,3.99,0,10.14424295,0
2006,308,0,152.778,0.023,0,0,0,0.165,0.7464,3.965,0,10.14442085,0
2006,308,1,145.5065,0.115,0,0,0.01,-0.13,0.764,4.24,0,10.1445933,0
2006,308,2,135.588,0.023,0,0,0,-0.325,0.78,3.82,0,10.14474858,0
2006,308,3,124.553,0.069,0,0,0,0.17,0.79005,3.4,0,10.14487341,0
2006,308,4,113.1365,0.069,0,0,0,0.905,0.7809,3.535,0,10.14496181,0
2006,308,5,101.743,0,0,0,0,1.295,0.76325,4.19,0,10.14500594,0
2006,308,6,90.516,16.376,6.695,5.715,1.83,1.625,0.7478,4.58,0,10.14497176,0
2006,308,7,80.198,136.528,55.285,62.86,15.4,2.51,0.7083,5.315,0,10.14728886,0
2006,308,8,70.9335,282.072,112.575,134.475,32.145,4.475,0.6304,6.61,0,10.14578805,0
2006,308,9,63.2805,243.524,92.675,108.485,24.48,6.34,0.5592,6.515,0,10.14575568,0
2006,308,10,57.9665,371.312,142.715,170.56,38.575,7.7,0.4917,7.605,0,10.14575519,0
2006,308,11,55.7035,269.974,101.12,118.95,26.46,7.885,0.49835,6.86,0,10.14575525,0
2006,308,12,56.861,255.139,94.26,110.55,24.42,8.15,0.46575,7.6,0,10.14575545,0
2006,308,13,61.2415,241.086,90.665,105.78,23.37,8.835,0.42085,7.015,0,10.14575534,0
2006,308,14,68.214,226.803,87.16,102.535,23.14,8.995,0.42625,7.955,0,10.14575523,0
2006,308,15,77.0295,119.968,46.135,52.74,12.925,8.905,0.4304,7.39,0,10.14575529,0
2006,308,16,86.9615,37.375,14.665,15.59,4.925,8.305,0.49045,6.475,0,10.14440763,0
2006,308,17,98.079,0.207,0,0,0.175,7.495,0.54865,6.09,0,10.10007767,0
2006,308,18,109.403,0.046,0,0,0.015,7.035,0.57975,5.06,0,10.10238824,0
2006,308,19,120.8655,0.023,0,0,0.03,7.005,0.58185,4.655,0,10.10248864,0
2006,308,20,132.111,0.069,0,0,0.13,6.645,0.6357,3.675,0,10.10257713,0
2006,308,21,142.5615,0.023,0,0,0,6.33,0.68215,3.45,0,10.10270202,0
2006,308,22,151.023,0,0,0,0.025,6.335,0.66915,3.56,0,10.10285354,0
2006,308,23,155.2025,0.092,0,0,0.04,6.16,0.69475,3.22,0,10.10302366,0
2006,309,0,153.064,0.023,0,0,0.02,6.065,0.71345,4.1,0.010583333,10.10320264,0
2006,309,1,145.7495,0,0,0,0,6.295,0.6937,3.855,0.010583333,10.10337208,0
2006,309,2,135.7965,0,0,0,0,6.43,0.6822,3.57,0.010583333,10.10352376,0
2006,309,3,124.745,0.023,0,0,0.005,6.135,0.68575,3.295,0.010583333,10.10364732,0
2006,309,4,113.3265,0,0,0,0.005,5.115,0.7074,3.235,0.010583333,10.10373432,0
2006,309,5,101.9405,0,0,0,0,4.79,0.73235,2.905,0.010583333,10.10377812,0
2006,309,6,90.712,10.419,4.195,2.87,0.97,4.92,0.7414,2.22,0.010583333,10.10376803,0
2006,309,7,80.42,118.956,46.91,52.63,12.67,4.57,0.7561,2.805,0.010583333,10.10162017,0
2006,309,8,71.1825,251.735,102.28,119.75,26.92,6.735,0.6892,4.89,0.010583333,10.0996341,0
2006,309,9,63.5525,543.858,217.475,265.65,61.485,9.16,0.61655,6.26,0.010583333,10.0995904,0
2006,309,10,58.262,560.832,222.445,270.76,61.28,11.195,0.6116,6.345,0.010583333,10.09958975,0
2006,309,11,56.007,407.56,157.8,190.935,43.985,11.725,0.6121,7.105,0.010583333,10.09958987,0
2006,309,12,57.1565,417.657,160.28,195.015,44.375,11.98,0.6101,6.77,0.010583333,10.09959033,0
2006,309,13,61.5165,242.696,92.25,110.41,25.305,11.37,0.6122,6.385,0.010583333,10.09958977,0
2006,309,14,68.4615,152.306,57.715,66.515,15.205,10.48,0.6635,5.615,0.010583333,10.09958984,0
2006,309,15,77.251,136.689,53.935,61.11,13.775,10.865,0.6238,5.4,0.010583333,10.09959007,0
2006,309,16,87.191,16.123,5.475,3.935,1.655,10.55,0.64045,5.305,0.010583333,10.06886312,0
2006,309,17,98.2675,0.184,0,0,0.15,9.555,0.6811,4.99,0.010583333,10.05151094,0
2006,309,18,109.5835,0,0,0,0.01,9.085,0.6885,4.87,0.010583333,10.05200601,0
2006,309,19,121.045,0,0,0,0.03,8.68,0.71025,4.925,0.010583333,10.05206339,0
2006,309,20,132.3005,0,0,0,0.07,8.41,0.71265,4.955,0.010583333,10.05215106,0
2006,309,21,142.7795,0,0,0,0.06,7.965,0.73485,5.8,0.010583333,10.05227439,0
2006,309,22,151.2855,0,0,0,0.05,7.89,0.7588,5.25,0.010583333,10.05242577,0
2006,309,23,155.5,0.046,0,0,0.025,7.83,0.77645,4.64,0.010583333,10.05259564,0
2006,310,0,153.3465,0.023,0,0,0,7.84,0.7931,3.615,0.09525,10.05277247,0
2006,310,1,145.9895,0,0,0,0.015,7.795,0.8005,3.46,0.09525,10.05294159,0
2006,310,2,136.005,0,0,0,0,7.58,0.8099,3.605,0.09525,10.05309217,0
2006,310,3,124.939,0,0,0,0.02,7.54,0.813,2.755,0.09525,10.05321442,0
2006,310,4,113.516,0,0,0,0,7.39,0.827,3.225,0.09525,10.05330013,0
2006,310,5,102.1345,0,0,0,0.07,7.13,0.8428,3.335,0.09525,10.05334289,0
2006,310,6,90.9455,7.199,2.69,1.38,0.745,7.125,0.8146,3.865,0.09525,10.05333424,0
2006,310,7,80.642,67.321,27.01,27.89,6.625,7.64,0.76045,3.98,0.09525,10.0242551,0
2006,310,8,71.4275,150.788,59.49,67.835,15.375,8.705,0.69415,5.18,0.09525,10.01916471,0
2006,310,9,63.8235,272.136,106.81,125.87,27.925,10.16,0.63265,6.045,0.09525,10.01905095,0
2006,310,10,58.552,362.986,142.075,170.29,37.68,11.525,0.6078,6.31,0.09525,10.01904924,0
2006,310,11,56.307,329.061,126.49,151.195,33.54,12.1,0.618,4.955,0.09525,10.01904925,0
2006,310,12,57.4485,521.87,205.495,249.33,55.845,13.125,0.6129,3.945,0.09525,10.01904921,0
2006,310,13,61.788,391.299,152.92,184.225,41.735,13.795,0.6113,3.85,0.09525,10.01904922,0
2006,310,14,68.704,181.746,68.69,80.34,18.595,13.81,0.62325,5.49,0.09525,10.01904924,0
2006,310,15,77.467,114.724,43.815,49.67,12.105,13.195,0.64215,5.11,0.09525,10.01904931,0
2006,310,16,87.3765,22.241,7.775,7.005,2.705,12.01,0.71315,4.875,0.09525,9.993621808,0
2006,310,17,98.448,0.092,0,0,0.115,10.865,0.78945,4.16,0.09525,9.972672362,0
2006,310,18,109.757,0,0,0,0.015,10.385,0.8238,5.21,0.09525,9.973341309,0
2006,310,19,121.2195,0,0,0,0.01,10.045,0.8446,4.365,0.09525,9.973402142,0
2006,310,20,132.4855,0,0,0,0,9.99,0.87075,4.56,0.09525,9.973489814,0
2006,310,21,142.991,0.391,0,0,0.065,9.745,0.929,4.38,0.09525,9.973620066,0
2006,310,22,151.5415,0.529,0,0,0,9.55,0.96935,2.915,0.09525,9.973794844,0
2006,310,23,155.7935,0.575,0,0,0,9.52,0.98745,2.355,0.09525,9.973996767,0
2006,311,0,153.626,0.621,0,0,0,9.67,0.9922,3.035,0.010583333,9.974208671,0
2006,311,1,146.2255,0.483,0,0,0.005,9.905,0.98805,3.505,0.010583333,9.974411224,0
2006,311,2,136.212,0.46,0,0,0.015,9.855,0.98755,3.355,0.010583333,9.97458678,0
2006,311,3,125.1315,0.46,0,0,0,9.85,0.99305,3.235,0.010583333,9.974729001,0
2006,311,4,113.705,0.46,0,0,0,9.87,0.9959,2.295,0.010583333,9.974828141,0
2006,311,5,102.3285,0.46,0,0,0,9.9,0.99865,1.91,0.010583333,9.974877626,0
2006,311,6,91.1415,2.024,0.5,0,0.055,9.9,0.999454545,1.545,0.010583333,9.974872902,0
2006,311,7,80.863,32.936,11.125,10.29,2.78,9.94,0.999602273,1.785,0.010583333,9.920928542,0
2006,311,8,71.6725,96.738,34.03,41.32,8.42,10.215,0.999602273,1.165,0.010583333,9.859482367,0
2006,311,9,64.092,228.804,82.65,107.155,21.77,10.76,0.99975,0.94,0.010583333,9.858221588,0
2006,311,10,58.839,201.825,73.645,91.705,18.465,11.165,0.993411765,1.28,0.010583333,9.858202207,0
2006,311,11,56.6015,216.706,80.615,98.23,19.7,11.53,0.96835,1.74,0.010583333,9.85820196,0
2006,311,12,57.7355,272.573,103.64,127.31,26.235,11.65,0.9411,2.5,0.010583333,9.858202086,0
2006,311,13,62.0515,288.857,111.93,137.31,29.5,11.95,0.92125,2.64,0.010583333,9.858202547,0
2006,311,14,68.943,183.034,69.695,83.41,18.07,12.48,0.8698,1.7,0.010583333,9.858201973,0
2006,311,15,77.6795,77.717,29.765,33.32,7.475,12.76,0.8466,0.69,0.010583333,9.858202016,0
2006,311,16,87.5565,17.871,6.305,5.635,2.095,12.355,0.91255,2.195,0.010583333,9.805900221,0
2006,311,17,98.6245,0.115,0,0,0.175,11.905,0.91805,2.125,0.010583333,9.798090238,0
2006,311,18,109.925,0.092,0,0,0.095,11.795,0.90765,1.575,0.010583333,9.798516896,0
2006,311,19,121.3875,0.092,0,0,0.15,12.005,0.86605,2.005,0.010583333,9.79857255,0
2006,311,20,132.666,0,0,0,0.075,12.175,0.8338,0.945,0.010583333,9.798660753,0
2006,311,21,143.196,0.322,0,0,0.14,11.425,0.9006,2.855,0.010583333,9.798788735,0
2006,311,22,151.7895,0.437,0,0,0.095,10.975,0.929,2.725,0.010583333,9.798957773,0
2006,311,23,156.082,0.437,0,0,0.025,10.79,0.9278,1,0.010583333,9.799151094,0
2006,312,0,153.9015,0.46,0,0,0.035,10.435,0.9363,1.31,0.010583333,9.799351433,0
2006,312,1,146.462,0.46,0,0,0,9.6,0.97695,1.41,0.010583333,9.799546039,0
2006,312,2,136.418,0.46,0,0,0.005,9.465,0.9811,1.485,0.010583333,9.799720268,0
2006,312,3,125.3225,0.46,0,0,0.035,9.3,0.9805,1.56,0.010583333,9.799861228,0
2006,312,4,113.8935,0.529,0,0,0,9,0.98155,0.935,0.010583333,9.799961039,0
2006,312,5,102.5225,0.92,0,0,0.145,7.805,0.9862,1.37,0.010583333,9.800014622,0
2006,312,6,91.334,13.685,3.83,2.975,1.58,5.205,0.994,1.99,0.010583333,9.800019751,0
2006,312,7,81.082,160.701,57.57,74.39,19.51,5.045,0.998578947,1.205,0.010583333,9.819605877,0
2006,312,8,71.917,458.896,185.175,228.935,56.985,7.05,0.998722222,2.035,0.010583333,9.818374073,0
2006,312,9,64.357,787.773,317.62,391.775,93.98,10.455,0.9384,4.25,0.010583333,9.818344512,0
2006,312,10,59.1235,978.098,387.855,491.025,114.11,12.77,0.8132,6.355,0.010583333,9.818344049,0
2006,312,11,56.8925,1067.039,417.925,533.8,122.53,14.295,0.7566,6.12,0.010583333,9.818344107,0
2006,312,12,58.015,1035.345,400.745,513.89,120.215,15.58,0.69925,5.97,0.010583333,9.818344317,0
2006,312,13,62.3115,886.029,338.05,434.23,106.535,16.69,0.64195,6.035,0.010583333,9.818344198,0
2006,312,14,69.175,638.825,238.735,305.535,81.495,17.27,0.59915,5.945,0.010583333,9.818344091,0
2006,312,15,77.886,333.799,119.47,151.4,46.785,17.265,0.5925,6.095,0.010583333,9.818344166,0
2006,312,16,87.769,60.835,18.475,21.57,9.925,15.72,0.69285,5.135,0.010583333,9.818343964,0
2006,312,17,98.7965,0.253,0,0,0.26,13.5,0.7721,4.795,0.010583333,9.837399787,0
2006,312,18,110.088,0.092,0,0,0.025,12.305,0.8419,5.145,0.010583333,9.847280735,0
2006,312,19,121.5495,0.046,0,0,0.07,11.42,0.8755,5.31,0.010583333,9.847537826,0
2006,312,20,132.8375,0,0,0,0.03,10.845,0.8967,5.69,0.010583333,9.847627433,0
2006,312,21,143.394,0.23,0,0,0.095,10.34,0.91375,5.025,0.010583333,9.847753008,0
2006,312,22,152.0335,0.437,0,0,0,10.43,0.91815,5.695,0.010583333,9.847918674,0
2006,312,23,156.3655,0.345,0,0,0,10.47,0.92135,5.7,0.010583333,9.848109033,0
2006,313,0,154.173,0.437,0,0,0,10.165,0.9319,5.84,0,9.84830566,0
2006,313,1,146.694,0.414,0,0,0,9.94,0.94285,5.95,0,9.84849851,0
2006,313,2,136.6215,0.46,0,0,0,9.85,0.9491,5.055,0,9.848671401,0
2006,313,3,125.514,0.46,0,0,0,9.68,0.95955,4.635,0,9.848813772,0
2006,313,4,114.082,0.46,0,0,0.02,9.33,0.96705,4.055,0,9.848913585,0
2006,313,5,102.7155,0.483,0,0,0.015,8.735,0.97625,3.395,0,9.848964184,0
2006,313,6,91.5665,17.02,5.64,4.035,1.62,8.265,0.9838,3.29,0,9.849029699,0
2006,313,7,81.301,208.288,81.195,91.615,26.69,9.045,0.9809,2.965,0,9.872641053,0
2006,313,8,72.1565,515.246,203.845,246.795,63.875,11.615,0.92685,3.745,0,9.871621027,0
2006,313,9,64.6205,795.984,314.12,393.87,93.635,14.215,0.8284,3.5,0,9.871596794,0
2006,313,10,59.405,984.4,391.015,491.925,111.765,16.49,0.7164,3.495,0,9.871596426,0
2006,313,11,57.1775,1059.909,424.145,531.92,118.565,18.565,0.6526,2.125,0,9.871596493,0
2006,313,12,58.2935,1021.867,405.25,510.23,115.725,20.43,0.5829,1.93,0,9.871596743,0
2006,313,13,62.5665,866.594,337.235,427.295,102.665,20.99,0.5686,3.045,0,9.87159652,0
2006,313,14,69.4025,610.7266667,239.22,300.95,78.585,21.51,0.5319,3.22,0,9.871596722,0
2006,313,15,78.0855,319.24,118.345,146.575,43.82,21.515,0.5136,3,0,9.871596457,0
2006,313,16,87.9385,53.59,17.47,20.01,7.275,19.93,0.56885,2.3,0,9.871595298,0
2006,313,17,98.962,0.23,0,0,0,18.855,0.589,2.36,0,9.877997532,0
2006,313,18,110.2445,0.276,0,0,0,16.915,0.6711,2.565,0,9.885164936,0
2006,313,19,121.7055,0.069,0,0,0,15.91,0.7127,2.745,0,9.885368827,0
2006,313,20,133.0035,0.161,0,0,0,14.685,0.76215,2.57,0,9.885459844,0
2006,313,21,143.585,0.023,0,0,0.12,13.195,0.7579,4.39,0,9.8855856,0
2006,313,22,152.2695,0,0,0,0.01,11.665,0.6987,5.085,0,9.885735639,0
2006,313,23,156.6435,0,0,0,0,11.765,0.63355,6.425,0,9.885902756,0
2006,314,0,154.4435,0,0,0,0.14,10.78,0.6514,5.61,0.4445,9.88607606,0
2006,314,1,146.9255,0,0,0,0,10.205,0.6601,5.435,0.4445,9.886243605,0
2006,314,2,136.825,0,0,0,0,10.25,0.64305,6.035,0.4445,9.886393676,0
2006,314,3,125.7045,0,0,0,0.03,9.825,0.6493,6.6,0.4445,9.886516522,0
2006,314,4,114.269,0.046,0,0,0.04,9.35,0.67185,6.79,0.4445,9.886603243,0
2006,314,5,102.9075,0.023,0,0,0.04,9.115,0.7142,6.8,0.4445,9.886647585,0
2006,314,6,91.7595,3.634,1.75,0.185,0.275,9.5,0.75505,6.74,0.4445,9.88664582,0
2006,314,7,81.52,46.368,18.45,16.59,4.085,10.44,0.80275,5.66,0.4445,9.838064252,0
2006,314,8,72.3965,120.911,46.96,50.985,10.845,11.61,0.86825,5.76,0.4445,9.823857161,0
2006,314,9,64.881,172.753,67.485,74.57,15.265,13.77,0.8764,5.705,0.4445,9.823514026,0
2006,314,10,59.681,281.267,109.875,126.54,26.3,15.58,0.8939,5.575,0.4445,9.823508711,0
2006,314,11,57.4585,357.627,139.355,161.975,33.56,17.365,0.8827,6.205,0.4445,9.823508958,0
2006,314,12,58.5625,477.181,186.12,220.25,46.75,19.235,0.8209,8.555,0.4445,9.823508637,0
2006,314,13,62.8145,518.558,203.93,244.44,54.285,20.645,0.7579,8.75,0.4445,9.823508665,0
2006,314,14,69.6225,190.325,73.355,83.355,17.965,21.225,0.7365,9.49,0.4445,9.823508739,0
2006,314,15,78.28,123.671,47.815,52.33,11.92,20.97,0.76155,9.845,0.4445,9.823508965,0
2006,314,16,88.103,6.693,1.635,0.36,1.02,19.92,0.8311,11.14,0.4445,9.785681302,0
2006,314,17,99.1215,0.299,0,0,1.94,18.27,0.887,10.335,0.4445,9.780107201,0
2006,314,18,110.395,0.552,0,0,3.8,6.93,0.9616,14.5,0.4445,9.780484684,0
2006,314,19,121.855,0.46,0,0,0.12,6.245,0.98045,9.965,0.4445,9.780545607,0
2006,314,20,133.1615,0.46,0,0,0.285,6.57,0.96845,8.91,0.4445,9.780645828,0
2006,314,21,143.7705,0.253,0,0,0.715,6.25,0.9438,10.01,0.4445,9.780784163,0
2006,314,22,152.498,0.115,0,0,0.755,5.33,0.94295,11.55,0.4445,9.780943495,0
2006,314,23,156.9165,0.023,0,0,0.295,3.93,0.96285,11.155,0.4445,9.781115298,0
2006,315,0,154.71,0.069,0,0,0.305,2.965,0.95985,10.965,0.010583333,9.781290576,0
2006,315,1,147.1545,0.368,0,0,0.01,2.825,0.95165,10.63,0.010583333,9.781468864,0
2006,315,2,137.0265,0.391,0,0,0.09,2.64,0.94805,11.695,0.010583333,9.781638081,0
2006,315,3,125.8925,0.437,0,0,0.005,2.395,0.92585,11.485,0.010583333,9.781777495,0
2006,315,4,114.4555,0.207,0,0,0,2.225,0.91345,10.97,0.010583333,9.781872977,0
2006,315,5,103.0995,0.161,0,0,0.06,2.055,0.9043,10.725,0.010583333,9.781918755,0
2006,315,6,91.951,1.886,0.525,0,0.15,1.8,0.9009,10.03,0.010583333,9.781916124,0
2006,315,7,81.735,42.159,16.265,14.775,3.785,1.635,0.8975,10.74,0.010583333,9.730251625,0
2006,315,8,72.635,97.083,37.33,39.23,8.43,1.5,0.89085,10.82,0.010583333,9.709902232,0
2006,315,9,65.138,206.931,81.585,92.52,19.14,1.6,0.87605,10.16,0.010583333,9.70940902,0
2006,315,10,59.9535,334.673,133.205,156.265,32.725,2.11,0.86785,9.405,0.010583333,9.709401283,0
2006,315,11,57.736,419.451,166.34,198.44,42.04,2.655,0.85885,8.825,0.010583333,9.709401209,0
2006,315,12,58.829,321.034,124.78,147.935,31.505,3.04,0.84695,7.61,0.010583333,9.709401341,0
2006,315,13,63.0575,248.722,97.15,115.045,25.095,3.065,0.84045,7.885,0.010583333,9.70940119,0
2006,315,14,69.84,161.851,63.185,73.33,16.525,3.21,0.8321,7.085,0.010583333,9.709401212,0
2006,315,15,78.47,67.114,26.2,27.39,6.675,3.31,0.82355,6.085,0.010583333,9.709400657,0
2006,315,16,88.2995,9.89,3.545,1.89,1.1,3.325,0.8392,4.325,0.010583333,9.640173463,0
2006,315,17,99.274,0.092,0,0,0.005,3.53,0.82795,4,0.010583333,9.638859379,0
2006,315,18,110.5405,0.046,0,0,0.08,3.6,0.83115,2.89,0.010583333,9.639084898,0
2006,315,19,121.998,0.023,0,0,0.085,3.505,0.8272,2.155,0.010583333,9.639134806,0
2006,315,20,133.3145,0.069,0,0,0.07,3.45,0.8297,1.34,0.010583333,9.639221983,0
2006,315,21,143.947,0.138,0,0,0.06,3.515,0.78365,1.465,0.010583333,9.639347169,0
2006,315,22,152.721,0.046,0,0,0.015,3.475,0.71245,1.945,0.010583333,9.639501362,0
2006,315,23,157.1855,0,0,0,0.02,3.205,0.70305,1.27,0.010583333,9.639668832,0
2006,316,0,154.971,0,0,0,0.015,2.45,0.72885,0.6,0,9.639840685,0
2006,316,1,147.3805,0.023,0,0,0,1.895,0.747,0.465,0,9.640007076,0
2006,316,2,137.2265,0.046,0,0,0,1.23,0.7918,0.885,0,9.640157032,0
2006,316,3,126.0815,0.046,0,0,0,0.48,0.8415,1.615,0,9.640279579,0
2006,316,4,114.6415,0,0,0,0,0.3,0.86125,1.895,0,9.640364829,0
2006,316,5,103.292,0,0,0,0.01,-0.215,0.88495,1.945,0,9.640407203,0
2006,316,6,92.1835,15.226,6.665,3.66,1.88,-0.715,0.90975,1.99,0,9.640466281,0
2006,316,7,81.9485,230.437,101.745,106.74,32.845,-0.4,0.90975,1.915,0,9.673710886,0
2006,316,8,72.8695,550.827,235.06,279.985,69.235,1.47,0.8562,1.675,0,9.672804719,0
2006,316,9,65.3935,787.244,325.465,410.75,97.095,3.565,0.7814,1.795,0,9.672781504,0
2006,316,10,60.2225,829.058,336.085,432.53,101.57,4.515,0.7027,3.675,0,9.672781145,0
2006,316,11,58.007,904.912,367.555,471.615,109.435,4.825,0.71095,3.62,0,9.672781211,0
2006,316,12,59.0885,1044.66,422.585,548.925,131.81,5.63,0.70285,4.57,0,9.672781458,0
2006,316,13,63.295,874.023,351.41,456.975,116.005,6.285,0.7065,5.595,0,9.672781243,0
2006,316,14,70.0485,593.837,234.875,303.7,82.6,6.56,0.71365,5.865,0,9.672781403,0
2006,316,15,78.653,269.238,105.395,132.82,38.625,6.485,0.72645,5.795,0,9.672781164,0
2006,316,16,88.4545,36.501,13.615,15.175,5.705,5.35,0.79035,6.05,0,9.672492223,0
2006,316,17,99.423,0.046,0,0,0.12,4.105,0.82655,4.575,0,9.653952795,0
2006,316,18,110.6795,0.046,0,0,0.02,2.945,0.86255,4.105,0,9.656781116,0
2006,316,19,122.136,0,0,0,0.005,2.19,0.8762,3.89,0,9.656882891,0
2006,316,20,133.462,0.023,0,0,0,1.615,0.8942,3,0,9.656969237,0
2006,316,21,144.1175,0,0,0,0.065,1.57,0.8901,3.335,0,9.657090789,0
2006,316,22,152.9375,0,0,0,0.005,0.575,0.93065,3.965,0,9.657239676,0
2006,316,23,157.4465,0,0,0,0,0.35,0.94115,4.305,0,9.657404926,0
2006,317,0,155.229,0.023,0,0,0,0.555,0.9339,3.18,0,9.657577309,0
2006,317,1,147.6035,0,0,0,0.01,0.47,0.93655,3.045,0,9.657744176,0
2006,317,2,137.424,0.046,0,0,0.03,0.67,0.9502,4.475,0,9.657893786,0
2006,317,3,126.2665,0,0,0,0.005,0.55,0.9578,4.275,0,9.658015963,0
2006,317,4,114.828,0.069,0,0,0,0.915,0.95635,5.38,0,9.658101442,0
2006,317,5,103.4825,0,0,0,0.015,1.185,0.9516,5.55,0,9.658144627,0
2006,317,6,92.3735,1.863,1.185,0.315,0.505,1.345,0.955,5.58,0,9.658142338,0
2006,317,7,82.161,27.117,10.215,7.795,2.465,1.655,0.9577,4.25,0,9.637547976,0
2006,317,8,73.1045,92.966,35.725,38.075,8.095,2.275,0.9535,4.395,0,9.559057512,0
2006,317,9,65.645,142.117,54.05,60.115,12.725,2.98,0.9412,5.585,0,9.557102226,0
2006,317,10,60.4855,292.146,113.67,133.87,28.625,3.755,0.92895,5.47,0,9.557070817,0
2006,317,11,58.274,270.687,103.835,122.585,26.53,4.285,0.92555,4.685,0,9.55707041,0
2006,317,12,59.3445,404.156,160.335,192.705,42.05,5.44,0.90265,4.035,0,9.557070493,0
2006,317,13,63.526,608.235,244.56,304.03,70.98,7.03,0.8622,3.185,0,9.557070787,0
2006,317,14,70.253,273.884,109.385,131.51,29.58,8.05,0.8412,2.66,0,9.557070467,0
2006,317,15,78.83,61.709,23.255,24.705,6.085,8.27,0.82895,2.885,0,9.55707014,0
2006,317,16,88.602,9.361,3.1,1.87,0.985,7.98,0.85475,2.63,0,9.484130576,0
2006,317,17,99.5645,0,0,0,0.015,7.69,0.87905,1.86,0,9.48424151,0
2006,317,18,110.8115,0.069,0,0,0,7.57,0.87915,0.345,0,9.484442102,0
2006,317,19,122.266,0.046,0,0,0,7.405,0.8903,0.41,0,9.484490632,0
2006,317,20,133.6005,0.115,0,0,0,7.12,0.9146,0.705,0,9.484577293,0
2006,317,21,144.28,0.368,0,0,0.005,6.77,0.9511,1.115,0,9.484706609,0
2006,317,22,153.1465,0.46,0,0,0.04,6.475,0.97635,1.445,0,9.484875203,0
2006,317,23,157.7035,0.345,0,0,0.115,6.22,0.9615,2.32,0,9.485063912,0
2006,318,0,155.483,0.437,0,0,0.06,5.875,0.9494,1.935,0.1905,9.485258005,0
2006,318,1,147.826,0.391,0,0,0.075,5.61,0.9498,2.42,0.1905,9.485447752,0
2006,318,2,137.6215,0.46,0,0,0.015,5.225,0.9584,1.915,0.1905,9.485617597,0
2006,318,3,126.4545,0.437,0,0,0.065,5.33,0.9609,1.32,0.1905,9.485757455,0
2006,318,4,115.0105,0.46,0,0,0.06,5.3,0.96535,1.725,0.1905,9.485855273,0
2006,318,5,103.6735,0.46,0,0,0.09,5.34,0.96925,2.145,0.1905,9.485904889,0
2006,318,6,92.6025,1.15,0.2,0,0.165,5.265,0.96795,2.63,0.1905,9.485902573,0
2006,318,7,82.3725,38.64,14.615,13.975,3.445,5.155,0.97075,2.87,0.1905,9.441202222,0
2006,318,8,73.335,42.044,15.075,13.12,3.315,5.215,0.97475,3.71,0.1905,9.368482081,0
2006,318,9,65.8935,81.742,29.615,30.09,6.155,5.46,0.96065,5.475,0.1905,9.361299087,0
2006,318,10,60.7485,93.288,33.145,34.595,6.685,5.42,0.9554,5.34,0.1905,9.361212077,0
2006,318,11,58.5365,161.989,60.61,66.855,12.54,5.5,0.96305,4.775,0.1905,9.361210954,0
2006,318,12,59.592,122.199,44.41,48.115,9.115,5.91,0.947,4.915,0.1905,9.361211007,0
2006,318,13,63.7515,101.867,36.955,38.885,7.39,5.855,0.94025,4.98,0.1905,9.361210905,0
2006,318,14,70.4505,77.119,28.635,28.665,5.595,6.04,0.9472,3.97,0.1905,9.361210884,0
2006,318,15,79.002,53.958,20.8,20.115,4.57,6.08,0.9558,3.645,0.1905,9.361154768,0
2006,318,16,88.743,9.982,3.62,2.14,1.03,6.06,0.96205,3.86,0.1905,9.282793253,0
2006,318,17,99.7,0.46,0,0,0.15,5.805,0.9522,4.075,0.1905,9.284596516,0
2006,318,18,110.938,0.46,0,0,0.015,5.855,0.9591,4.385,0.1905,9.284778476,0
2006,318,19,122.391,0.46,0,0,0.065,5.985,0.95655,4.495,0.1905,9.284833332,0
2006,318,20,133.733,0.46,0,0,0.05,5.905,0.9744,3.645,0.1905,9.284932062,0
2006,318,21,144.438,0.46,0,0,0.05,6.105,0.9714,2.745,0.1905,9.285071378,0
2006,318,22,153.349,0.46,0,0,0.005,6.49,0.9473,3.8,0.1905,9.285241872,0
2006,318,23,157.954,0.46,0,0,0.04,6.575,0.9442,4.325,0.1905,9.285432655,0
2006,319,0,155.735,0.46,0,0,0.065,6.6,0.94005,4.39,0.6985,9.285629638,0
2006,319,1,148.045,0.46,0,0,0.08,6.59,0.9401,4.225,0.6985,9.285820027,0
2006,319,2,137.8175,0.437,0,0,0.095,6.51,0.9354,5.03,0.6985,9.285989579,0
2006,319,3,126.638,0.391,0,0,0.06,6.445,0.9307,5.61,0.6985,9.286125799,0
2006,319,4,115.196,0.23,0,0,0.07,6.47,0.92835,5.495,0.6985,9.286217922,0
2006,319,5,103.8615,0.23,0,0,0.08,6.365,0.92525,6.535,0.6985,9.286262513,0
2006,319,6,92.792,2.691,0.905,0.065,0.245,6.41,0.9142,5.715,0.6985,9.286260081,0
2006,319,7,82.582,40.457,15.945,14.55,3.755,6.205,0.90735,7.995,0.6985,9.247366103,0
2006,319,8,73.565,79.373,30.76,31.44,6.655,6.26,0.8903,8.125,0.6985,9.229810711,0
2006,319,9,66.139,104.489,38.005,39.995,7.835,6.255,0.87535,8.325,0.6985,9.229306392,0
2006,319,10,61.0045,192.487,73.445,82.085,15.46,6.085,0.90075,9.14,0.6985,9.229297999,0
2006,319,11,58.792,187.082,70.685,78.525,14.405,5.965,0.9203,10.4,0.6985,9.229297887,0
2006,319,12,59.834,189.888,73.075,80.735,14.67,6.18,0.92105,11.795,0.6985,9.22929795,0
2006,319,13,63.9705,95.312,35.91,35.7,6.52,6.245,0.9161,11.665,0.6985,9.229298164,0
2006,319,14,70.642,64.055,23.7,22.12,4.31,6.055,0.9153,11.875,0.6985,9.229296009,0
2006,319,15,79.168,31.648,11.255,8.455,2.35,5.92,0.9356,12.08,0.6985,9.187819366,0
2006,319,16,88.9185,4.899,1.26,0.075,0.44,5.865,0.93375,12.46,0.6985,9.056191159,0
2006,319,17,99.83,0.92,0,0,0.165,5.82,0.9381,13.34,0.6985,9.05668225,0
2006,319,18,111.058,0.92,0,0,0.27,5.95,0.92825,13.915,0.6985,9.056715676,0
2006,319,19,122.5095,0.897,0,0,0.415,5.785,0.92355,14.25,0.6985,9.056775963,0
2006,319,20,133.8585,0.989,0,0,0.36,5.645,0.92865,13.685,0.6985,9.056891167,0
2006,319,21,144.587,1.127,0,0,0.305,5.455,0.9324,14.225,0.6985,9.05705889,0
2006,319,22,153.544,0.575,0,0,0.225,5.5,0.9221,13.175,0.6985,9.057255826,0
2006,319,23,158.1995,0.414,0,0,0.04,5.68,0.9082,12.905,0.6985,9.057447993,0
2006,320,0,155.98,0.299,0,0,0.115,5.645,0.90405,12.88,0.656166667,9.057637648,0
2006,320,1,148.26,0.644,0,0,0.115,5.23,0.92185,13.985,0.656166667,9.057824873,0
2006,320,2,138.011,0.437,0,0,0,5.29,0.9074,14.42,0.656166667,9.057997782,0
2006,320,3,126.8235,0.322,0,0,0.065,5.175,0.90965,15.59,0.656166667,9.058130533,0
2006,320,4,115.378,0.368,0,0,0.025,5.17,0.91,14.735,0.656166667,9.058221685,0
2006,320,5,104.0495,0.46,0,0,0.075,5.19,0.91595,13.11,0.656166667,9.058267766,0
2006,320,6,92.98,1.104,0.09,0,0.14,5.13,0.9155,13.845,0.656166667,9.058263327,0
2006,320,7,82.789,9.66,3.375,0.425,0.62,5.045,0.9291,14.205,0.656166667,9.057980929,0
2006,320,8,73.7905,31.464,11.08,7.595,1.785,4.7,0.9442,13.47,0.656166667,8.94053616,0
2006,320,9,66.381,61.134,22.09,20.05,3.475,4.71,0.92435,12.83,0.656166667,8.794814466,0
2006,320,10,61.2565,88.918,32.565,31.715,5.335,4.68,0.90055,11.645,0.656166667,8.792431393,0
2006,320,11,59.0435,133.814,49.99,52.005,8.8,4.78,0.8963,11.91,0.656166667,8.792398137,0
2006,320,12,60.072,130.502,48.945,51.68,8.825,4.28,0.8979,12.79,0.656166667,8.792397744,0
2006,320,13,64.183,83.605,31.965,31.395,5.59,4.1,0.8702,11.645,0.656166667,8.792397838,0
2006,320,14,70.828,80.178,31.45,30.975,5.785,4.705,0.8333,10.995,0.656166667,8.792398066,0
2006,320,15,79.326,101.706,41.71,46.45,10.475,4.495,0.7883,12.715,0.656166667,8.79239767,0
2006,320,16,89.051,12.259,4.79,3.065,1.255,4.25,0.7851,9.695,0.656166667,8.785910164,0
2006,320,17,99.9545,0.046,0,0,0.16,3.99,0.76415,8.565,0.656166667,8.801824083,0
2006,320,18,111.173,0,0,0,0.09,3.545,0.82195,5.48,0.656166667,8.802427452,0
2006,320,19,122.6205,0,0,0,0.32,2.845,0.80615,5.17,0.656166667,8.802479849,0
2006,320,20,133.979,0,0,0,0.14,1.435,0.86695,4.7,0.656166667,8.802561332,0
2006,320,21,144.7285,0,0,0,0.1,0.685,0.9009,6.39,0.656166667,8.802677267,0
2006,320,22,153.7315,0.023,0,0,0.155,0.105,0.91615,4.68,0.656166667,8.802819655,0
2006,320,23,158.439,0.023,0,0,0.015,-0.32,0.9322,3.85,0.656166667,8.802979341,0
2006,321,0,156.2235,0.069,0,0,0.035,-0.355,0.9396,4.3,0.010583333,8.80314675,0
2006,321,1,148.476,0.046,0,0,0.05,-0.62,0.944,3.785,0.010583333,8.803309139,0
2006,321,2,138.2045,0.046,0,0,0.005,-0.94,0.9495,3.815,0.010583333,8.803453695,0
2006,321,3,127.006,0.023,0,0,0.025,-1.285,0.95705,2.89,0.010583333,8.803570994,0
2006,321,4,115.56,0,0,0,0,-1.49,0.96625,2.25,0.010583333,8.803652662,0
2006,321,5,104.2365,0.069,0,0,0,-1.46,0.97115,1.625,0.010583333,8.80369411,0
2006,321,6,93.206,2.921,1.11,0.065,0.16,-0.58,0.9557,2.86,0.010583333,8.803695008,0
2006,321,7,82.994,46.667,14.135,17.775,4.505,-0.025,0.92885,2.99,0.010583333,8.800482806,0
2006,321,8,74.0155,119.784,44.435,53.09,11.21,-0.06,0.931,3.435,0.010583333,8.796142704,0
2006,321,9,66.6195,319.677,134.545,153.865,29.265,0.24,0.9202,3.58,0.010583333,8.795892241,0
2006,321,10,61.5055,365.608,152.075,176.305,33.995,0.885,0.9183,4.215,0.010583333,8.795887741,0
2006,321,11,59.291,361.882,146.965,171.59,34.135,1.54,0.91135,4.22,0.010583333,8.795887663,0
2006,321,12,60.3025,448.73,182.64,215.06,44.005,2.4,0.90165,2.97,0.010583333,8.795887682,0
2006,321,13,64.3905,453.261,185.055,221.705,47.685,3.935,0.8607,3.045,0.010583333,8.795887717,0
2006,321,14,71.0075,299.782,122.06,146.465,33.56,4.77,0.8288,2.81,0.010583333,8.795887822,0
2006,321,15,79.481,142.853,57.825,66.57,15.21,4.755,0.8391,3,0.010583333,8.795888167,0
2006,321,16,89.175,15.801,5.325,3.99,1.34,4.41,0.88055,2.36,0.010583333,8.796225566,0
2006,321,17,100.072,0.253,0,0,0.02,3.93,0.90855,2.355,0.010583333,8.81962858,0
2006,321,18,111.281,0.322,0,0,0,3.655,0.9074,2.275,0.010583333,8.820519812,0
2006,321,19,122.726,0.368,0,0,0,3.055,0.936,2.505,0.010583333,8.820582344,0
2006,321,20,134.0905,0.437,0,0,0.04,1.905,0.9584,3.425,0.010583333,8.820676033,0
2006,321,21,144.8645,0.46,0,0,0,1.44,0.96025,3.55,0.010583333,8.820810977,0
2006,321,22,153.91,0.46,0,0,0,1.34,0.94935,3.105,0.010583333,8.820977066,0
2006,321,23,158.671,0.437,0,0,0,0.895,0.9589,2.55,0.010583333,8.821162003,0
2006,322,0,156.4625,0.414,0,0,0,0.82,0.96595,2.805,0,8.821352337,0
2006,322,1,148.6855,0.414,0,0,0.065,0.28,0.9736,2.925,0,8.821535363,0
2006,322,2,138.394,0.483,0,0,0.015,0.545,0.97745,1.86,0,8.821700392,0
2006,322,3,127.187,0.437,0,0,0.035,1.055,0.9696,1.445,0,8.821835567,0
2006,322,4,115.741,0.46,0,0,0.035,0.645,0.9737,2.365,0,8.821929742,0
2006,322,5,104.4225,0.46,0,0,0.08,0.81,0.9748,2.1,0,8.821977123,0
2006,322,6,93.3935,6.371,1.675,1.545,0.82,0.465,0.98225,2.775,0,8.821985906,0
2006,322,7,83.198,85.721,28.485,41.58,10.445,0.245,0.9856,3.105,0,8.867271265,0
2006,322,8,74.236,195.868,67.48,87.515,17.23,0.71,0.9848,2.52,0,8.86622242,0
2006,322,9,66.855,515.361,212.635,259.265,54.485,2.5,0.9588,4.29,0,8.86616888,0
2006,322,10,61.747,535.808,223.89,268.94,58.37,3.925,0.8461,5.29,0,8.866167942,0
2006,322,11,59.53,290.398,116.27,136.7,29.075,3.76,0.81415,6.18,0,8.866168008,0
2006,322,12,60.5275,354.246,144.96,170.84,36.34,4.065,0.77765,5.8,0,8.866167959,0
2006,322,13,64.591,235.014,94,109.89,23.735,4.47,0.7612,5.61,0,8.866168072,0
2006,322,14,71.1815,158.263,63.25,72.61,16.205,4.465,0.77,5.475,0,8.866168479,0
2006,322,15,79.625,81.443,32.73,35.86,8.71,4.15,0.79675,5.275,0,8.866167963,0
2006,322,16,89.333,13.501,5.335,4.29,1.755,3.98,0.82955,3.765,0,8.850308055,0
2006,322,17,100.184,0.115,0,0,0.095,3.735,0.845,3.265,0,8.862997709,0
2006,322,18,111.3825,0,0,0,0.055,3.485,0.85365,3.04,0,8.863508291,0
2006,322,19,122.825,0.069,0,0,0.125,3.14,0.8699,3.39,0,8.863560516,0
2006,322,20,134.196,0.253,0,0,0.085,2.38,0.9015,3.67,0,8.863647186,0
2006,322,21,144.991,0.23,0,0,0.01,2.48,0.90355,3.925,0,8.863774023,0
2006,322,22,154.0845,0.322,0,0,0,2.525,0.90805,3.4,0,8.863930619,0
2006,322,23,158.899,0.368,0,0,0,3.025,0.88865,4.71,0,8.864109706,0
2006,323,0,156.698,0.184,0,0,0.07,3.105,0.8775,5.67,0.074083333,8.864292035,0
2006,323,1,148.897,0.115,0,0,0.105,2.785,0.8812,5.705,0.074083333,8.864459943,0
2006,323,2,138.5835,0.138,0,0,0.045,2.695,0.89445,5.715,0.074083333,8.864608959,0
2006,323,3,127.3665,0.207,0,0,0.08,2.6,0.90075,5.715,0.074083333,8.864731292,0
2006,323,4,115.921,0.23,0,0,0.145,2.335,0.9115,6.14,0.074083333,8.86481819,0
2006,323,5,104.6075,0.391,0,0,0.12,1.975,0.92295,6.735,0.074083333,8.864862719,0
2006,323,6,93.6165,3.588,1.105,0.14,0.285,1.92,0.92585,6.79,0.074083333,8.864862025,0
2006,323,7,83.398,61.709,25.72,26.05,6.365,2.125,0.90425,6.905,0.074083333,8.883506317,0
2006,323,8,74.4555,141.105,56.525,63.23,14.065,2.33,0.87615,8.325,0.074083333,8.881079114,0
2006,323,9,67.0865,227.217,89.985,104.47,23.045,2.37,0.87765,8.925,0.074083333,8.880962899,0
2006,323,10,61.986,195.04,76.16,86.85,18.405,1.855,0.92495,8.22,0.074083333,8.880960878,0
2006,323,11,59.7645,312.409,129.825,149.995,29.835,2.675,0.88655,7.38,0.074083333,8.880960863,0
2006,323,12,60.7465,761.875,322.99,396.05,87.46,4.055,0.7455,7.94,0.074083333,8.880960849,0
2006,323,13,64.786,772.938,308.325,392.24,94.84,4.825,0.63795,7.915,0.074083333,8.880960861,0
2006,323,14,71.347,338.514,136.615,166.55,39.1,4.84,0.63775,7.94,0.074083333,8.880960845,0
2006,323,15,79.768,141.565,56.77,66.1,17.325,4.165,0.64685,7.825,0.074083333,8.880960853,0
2006,323,16,89.4475,22.195,7.65,7.225,2.81,3.185,0.69945,5.575,0.074083333,8.879779479,0
2006,323,17,100.289,0.253,0,0,0.06,2.565,0.74025,5.265,0.074083333,8.903497554,0
2006,323,18,111.4765,0,0,0,0.18,2.13,0.77505,4.435,0.074083333,8.904681126,0
2006,323,19,122.917,0.069,0,0,0.35,0.82,0.81215,4.505,0.074083333,8.904745209,0
2006,323,20,134.296,0,0,0,0.075,0.045,0.8391,4.365,0.074083333,8.904829647,0
2006,323,21,145.112,0,0,0,0.085,-0.545,0.86155,3.875,0.074083333,8.904946608,0
2006,323,22,154.2485,0,0,0,0.075,-0.795,0.85455,4.1,0.074083333,8.905090656,0
2006,323,23,159.1195,0,0,0,0.035,-1.45,0.87635,3.715,0.074083333,8.90525075,0
2006,324,0,156.928,0.023,0,0,0.01,-1.645,0.87775,4.36,0,8.905416983,0
2006,324,1,149.102,0,0,0,0.035,-2.09,0.8802,4.275,0,8.905577698,0
2006,324,2,138.7705,0,0,0,0.005,-2.505,0.8906,3.47,0,8.905720455,0
2006,324,3,127.5465,0,0,0,0.005,-2.795,0.89505,3.745,0,8.905836252,0
2006,324,4,116.0985,0,0,0,0.01,-3.255,0.90505,3.535,0,8.905917146,0
2006,324,5,104.7895,0,0,0,0,-3.105,0.8886,3.735,0,8.905957235,0
2006,324,6,93.8015,5.934,2.41,0.725,0.71,-3.49,0.9016,3.345,0,8.905961479,0
2006,324,7,83.596,153.962,71.655,69.805,24.79,-3.05,0.897,3.335,0,8.96407492,0
2006,324,8,74.6705,450.708,203.13,227.32,64.035,-1.115,0.8572,3.54,0,8.963378072,0
2006,324,9,67.3135,725.351,314.985,374.705,89.325,1.065,0.80135,3.67,0,8.963348768,0
2006,324,10,62.2185,915.262,374.065,477.61,111.15,3.38,0.74175,4.085,0,8.963348258,0
2006,324,11,59.994,996.774,404.06,521.275,121.645,5.52,0.61505,5.18,0,8.963348342,0
2006,324,12,60.96,967.265,388.78,503.115,120.44,7.21,0.446,6.145,0,8.963348672,0
2006,324,13,64.9735,822.503,325.655,423.275,107.27,7.865,0.39785,7.325,0,8.963348308,0
2006,324,14,71.5095,581.325,227.045,293.85,81.77,7.99,0.3857,6.64,0,8.963348447,0
2006,324,15,79.901,269.031,101.28,129.865,43.06,7.55,0.4539,5.095,0,8.963348915,0
2006,324,16,89.5565,31.832,9.04,11.515,5.845,5.845,0.5608,3.71,0,8.963340473,0
2006,324,17,100.387,0.092,0,0,0.04,4.67,0.6001,3.3,0,8.979976804,0
2006,324,18,111.5665,0,0,0,0.01,4.295,0.62585,2.15,0,8.98250619,0
2006,324,19,123.0035,0.023,0,0,0.005,3.16,0.67685,1.97,0,8.982592974,0
2006,324,20,134.388,0.115,0,0,0,2.04,0.73025,1.185,0,8.982677911,0
2006,324,21,145.225,0.023,0,0,0.055,1.27,0.77585,1.785,0,8.982798459,0
2006,324,22,154.407,0.115,0,0,0,0.8,0.78655,1.6,0,8.982945347,0
2006,324,23,159.334,0.069,0,0,0,0.505,0.7869,1.35,0,8.983111935,0
2006,325,0,157.155,0,0,0,0,-0.16,0.81495,1.51,0,8.983279952,0
2006,325,1,149.3055,0,0,0,0.005,-0.29,0.81675,2.565,0,8.983440437,0
2006,325,2,138.9565,0,0,0,0,0.065,0.80275,3.015,0,8.983584272,0
2006,325,3,127.7245,0,0,0,0.02,-0.985,0.8415,3.055,0,8.983700923,0
2006,325,4,116.2755,0,0,0,0,-1.645,0.8646,2.8,0,8.983782537,0
2006,325,5,104.9725,0,0,0,0.03,-1.36,0.8478,3.5,0,8.983823306,0
2006,325,6,93.984,4.692,2.48,1.13,0.79,-1.795,0.87655,2.5,0,8.983824847,0
2006,325,7,83.7925,82.984,30.82,35.625,10.26,-1.02,0.8812,2.935,0,9.017085001,0
2006,325,8,74.883,329.36,121.48,160.59,38.27,0.5,0.85975,3.955,0,9.01551448,0
2006,325,9,67.537,444.406,184.17,220.96,49.225,2.14,0.837,3.79,0,9.015450444,0
2006,325,10,62.446,909.903,370.285,471.595,113.185,4.77,0.72815,5.41,0,9.015449374,0
2006,325,11,60.217,985.458,395.79,511.785,122.365,6.78,0.60145,6.505,0,9.015449408,0
2006,325,12,61.1665,956.846,380.13,493.605,120.28,8.11,0.5114,6.07,0,9.015449335,0
2006,325,13,65.1555,813.786,318.57,415.05,106.37,8.845,0.46565,5.87,0,9.015449349,0
2006,325,14,71.663,575.092,221.035,287.5,81.07,9.06,0.4814,6.035,0,9.015449376,0
2006,325,15,80.03,275.471,101.715,130.445,43.95,8.715,0.51055,5.225,0,9.015449452,0
2006,325,16,89.656,34.891,10.305,12.4,7.17,6.63,0.61775,4.71,0,9.015394262,0
2006,325,17,100.4805,0.161,0,0,0.335,3.84,0.71655,5.055,0,9.029553133,0
2006,325,18,111.649,0.115,0,0,0,2.435,0.7759,5.095,0,9.032809,0
2006,325,19,123.0825,0.023,0,0,0,2.02,0.7627,4.465,0,9.032909609,0
2006,325,20,134.4735,0,0,0,0,1.325,0.78835,4.295,0,9.0329931,0
2006,325,21,145.331,0,0,0,0,1.045,0.79725,3.85,0,9.033110149,0
2006,325,22,154.555,0,0,0,0,0.955,0.7884,3.28,0,9.033254189,0
2006,325,23,159.5395,0,0,0,0,0.57,0.79645,3.205,0,9.033415101,0
2006,326,0,157.377,0.046,0,0,0,0.325,0.80655,3.225,0,9.033582774,0
2006,326,1,149.505,0,0,0,0,-0.285,0.8382,4.01,0,9.033745134,0
2006,326,2,139.1395,0.506,0,0,0,-0.65,0.8497,2.48,0,9.033901061,0
2006,326,3,127.8995,0.092,0,0,0,-0.195,0.82365,2.895,0,9.034031905,0
2006,326,4,116.453,0.023,0,0,0,-0.47,0.82615,3.575,0,9.03411616,0
2006,326,5,105.153,0,0,0,0,-0.965,0.84745,4.47,0,9.034157985,0
2006,326,6,94.2055,5.428,2.11,0.525,0.61,-1.32,0.86455,4.54,0,9.034162533,0
2006,326,7,83.9845,166.497,68.815,64.815,23.005,-0.785,0.8592,3.955,0,9.089889184,0
2006,326,8,75.0935,440.933,192.32,217.385,60.2,1.485,0.8114,4.755,0,9.089149694,0
2006,326,9,67.7575,711.735,290.295,362.31,91.01,4.635,0.7068,4.36,0,9.08912103,0
2006,326,10,62.672,901.876,361.66,464.655,112.73,7.285,0.61105,4.68,0,9.089120525,0
2006,326,11,60.435,985.619,393.695,509.73,121.92,9.145,0.54435,3.52,0,9.089120569,0
2006,326,12,61.3665,947.761,374.085,486.965,119.095,10.56,0.48795,4.03,0,9.089120724,0
2006,326,13,65.3295,803.712,312.775,407.41,105.145,11.13,0.45745,5.605,0,9.089121328,0
2006,326,14,71.8095,547.055,208.81,269.89,76.285,11.175,0.44035,5.605,0,9.089120562,0
2006,326,15,80.1515,264.27,96.395,122.195,41.215,10.735,0.47795,4.435,0,9.089120613,0
2006,326,16,89.751,32.89,9.475,11.3,5.77,9.02,0.54465,2.98,0,9.088903707,0
2006,326,17,100.5675,0.092,0,0,0,8.005,0.5805,4.255,0,9.095914268,0
2006,326,18,111.726,0.046,0,0,0,6.36,0.63495,3.865,0,9.098530485,0
2006,326,19,123.1555,0.115,0,0,0,5.955,0.6024,3.955,0,9.098620392,0
2006,326,20,134.552,0.023,0,0,0.055,4.82,0.60265,4.58,0,9.098705578,0
2006,326,21,145.4295,0,0,0,0.035,3.375,0.6542,3.61,0,9.098823097,0
2006,326,22,154.699,0,0,0,0,3.01,0.67125,2.875,0,9.098967857,0
2006,326,23,159.7415,0,0,0,0,2.9,0.6523,4.15,0,9.099129215,0
2006,327,0,157.5935,0,0,0,0,2.32,0.65875,2.615,0,9.099296351,0
2006,327,1,149.7045,0,0,0,0,1.94,0.66175,1.875,0,9.099458715,0
2006,327,2,139.3225,0,0,0,0,1.975,0.64345,1.305,0,9.099603771,0
2006,327,3,128.076,0,0,0,0,2.39,0.60665,2.275,0,9.099721897,0
2006,327,4,116.627,0,0,0,0,1.475,0.6532,2.865,0,9.099804984,0
2006,327,5,105.3325,0.046,0,0,0,1.295,0.6561,1.875,0,9.099847401,0
2006,327,6,94.3855,4.807,1.93,0.5,0.385,1.705,0.6279,2.9,0,9.09985062,0
2006,327,7,84.175,146.188,60.155,64.465,22.65,0.615,0.70805,3.985,0,9.14990726,0
2006,327,8,75.3,438.426,180.295,218.45,60.22,2.915,0.7222,3.05,0,9.149023411,0
2006,327,9,67.9715,707.365,288.71,363.82,91.905,6.445,0.59945,3.39,0,9.14899058,0
2006,327,10,62.8885,896.264,363.51,463.82,113.065,9.515,0.46215,4.08,0,9.14899008,0
2006,327,11,60.645,978.995,396.185,507.75,122.235,11.615,0.3903,3.5,0,9.148990175,0
2006,327,12,61.56,944.886,380.165,488.7,119.82,13.2,0.3299,3.03,0,9.14899004,0
2006,327,13,65.4985,804.908,318.76,411.175,106.15,14.065,0.2797,3.43,0,9.148990103,0
2006,327,14,71.951,568.813,221.035,284.505,80.705,14.555,0.2707,3.845,0,9.148990317,0
2006,327,15,80.2665,266.248,97.795,124.495,41.48,13.98,0.29215,3.695,0,9.148990121,0
2006,327,16,89.88,29.233,7.705,9.46,5.46,11.75,0.353,4.445,0,9.148329896,0
2006,327,17,100.6475,0.253,0,0,0,10.195,0.40995,4.23,0,9.153790951,0
2006,327,18,111.795,0,0,0,0,8.64,0.45565,4.495,0,9.155637487,0
2006,327,19,123.2225,0,0,0,0,7.65,0.47505,4.935,0,9.155713539,0
2006,327,20,134.623,0,0,0,0,6.745,0.5032,4.63,0,9.155796892,0
2006,327,21,145.52,0,0,0,0,5.585,0.55495,4.46,0,9.155914663,0
2006,327,22,154.8335,0,0,0,0,4.855,0.5859,4.6,0,9.156059306,0
2006,327,23,159.9345,0.023,0,0,0,4.56,0.59745,4.76,0,9.156222029,0
2006,328,0,157.8075,0.046,0,0,0.015,4.835,0.58275,5.225,0,9.156391626,0
2006,328,1,149.9,0,0,0,0,4.35,0.5979,4.555,0,9.156555704,0
2006,328,2,139.501,0,0,0,0,3.71,0.62015,4.255,0,9.15670109,0
2006,328,3,128.247,0,0,0,0,1.95,0.6983,2.335,0,9.156819642,0
2006,328,4,116.802,0,0,0,0,1.905,0.70345,3.085,0,9.156902821,0
2006,328,5,105.51,0.023,0,0,0,1.3,0.7209,3.38,0,9.156944982,0
2006,328,6,94.5625,4.37,2.075,0.285,0.305,0.955,0.72855,4.635,0,9.15694694,0
2006,328,7,84.363,138.713,60.325,60.095,21.595,1.19,0.7511,3.765,0,9.202477157,0
2006,328,8,75.5015,431.181,176.745,215.31,60.46,3.98,0.6949,3.38,0,9.20147504,0
2006,328,9,68.184,696.049,283.5,357.1,91.94,7.39,0.5928,5.685,0,9.201439612,0
2006,328,10,63.1025,869.676,352.985,448.75,110.83,10.795,0.488,6.435,0,9.201439032,0
2006,328,11,60.8505,943.782,380.425,486.12,118.785,13.455,0.3955,6.31,0,9.201439109,0
2006,328,12,61.747,921.426,366.585,470.17,117.2,15.125,0.3278,6.655,0,9.201439021,0
2006,328,13,65.66,781.471,305.825,392.37,102.585,16.11,0.30675,6.235,0,9.201439096,0
2006,328,14,72.0855,537.74,206.79,264.06,75.335,16.6,0.31625,5.2,0,9.201439357,0
2006,328,15,80.3755,244.375,90.285,114.005,37.985,15.85,0.3597,4.175,0,9.201439066,0
2006,328,16,89.964,27.186,7.775,8.265,4.635,13.36,0.4132,5.62,0,9.200104813,0
2006,328,17,100.722,0.115,0,0,0.285,10.255,0.53605,5.325,0,9.206119743,0
2006,328,18,111.861,0,0,0,0.055,9.44,0.55815,5.955,0,9.207653443,0
2006,328,19,123.283,0.046,0,0,0.02,9.015,0.56765,5.545,0,9.207724717,0
2006,328,20,134.688,0,0,0,0.01,8.055,0.5961,4.38,0,9.20780926,0
2006,328,21,145.604,0.023,0,0,0.025,7.32,0.61115,4.51,0,9.207927645,0
2006,328,22,154.9585,0.023,0,0,0.06,6.23,0.6518,4.135,0,9.208074561,0
2006,328,23,160.1215,0,0,0,0,5.775,0.6618,2.365,0,9.208237814,0
2006,329,0,158.016,0.023,0,0,0,6.98,0.6047,3.13,0,9.208406493,0
2006,329,1,150.091,0,0,0,0.015,5.79,0.64785,4.2,0,9.20857027,0
2006,329,2,139.679,0,0,0,0.13,5.525,0.6578,4.9,0,9.208715877,0
2006,329,3,128.4205,0.069,0,0,0.01,4.45,0.7188,4.7,0,9.208835776,0
2006,329,4,116.9725,0,0,0,0,4.61,0.7168,4.945,0,9.208919941,0
2006,329,5,105.6865,0,0,0,0,4.57,0.75635,3.845,0,9.208961815,0
2006,329,6,94.78,4.163,1.805,1.255,0.66,4.61,0.789,3.5,0,9.208962645,0
2006,329,7,84.5465,146.004,60.005,69.235,20.56,5.83,0.79365,4.195,0,9.252431953,0
2006,329,8,75.701,342.585,136.64,165.255,42.415,8.345,0.78035,5.045,0,9.251400115,0
2006,329,9,68.3905,501.883,198.79,244.395,60.07,11.145,0.77045,6.225,0,9.251365449,0
2006,329,10,63.311,701.086,276.965,346.245,84.1,13.35,0.74265,6.945,0,9.251364861,0
2006,329,11,61.05,823.929,324.74,408.44,98.68,15.745,0.7205,6.59,0,9.251364927,0
2006,329,12,61.929,809.255,314.96,398.56,98.32,17.08,0.6938,7.355,0,9.251365175,0
2006,329,13,65.815,688.919,266.34,336.58,85.54,17.88,0.67545,7.555,0,9.25136496,0
2006,329,14,72.2125,569.365,216.26,276.86,78.89,18.47,0.6519,8.265,0,9.251365147,0
2006,329,15,80.4765,134.711,49.785,59.34,16.49,17.74,0.6887,6.435,0,9.251364879,0
2006,329,16,90.0435,20.125,6.615,6.595,2.73,16.08,0.75725,5.14,0,9.242266518,0
2006,329,17,100.7885,0.184,0,0,0.045,14.76,0.7984,5.465,0,9.251069693,0
2006,329,18,111.917,0,0,0,0.075,13.665,0.83655,4.46,0,9.25196802,0
2006,329,19,123.3365,0.023,0,0,0.045,12.7,0.8674,4.275,0,9.252028599,0
2006,329,20,134.7455,0.069,0,0,0.015,12.31,0.8676,5,0,9.252114347,0
2006,329,21,145.681,0,0,0,0,11.795,0.86315,5.075,0,9.252235817,0
2006,329,22,155.0785,0,0,0,0.025,11.065,0.8764,4.7,0,9.252381488,0
2006,329,23,160.3005,0,0,0,0,10.67,0.8922,4.725,0,9.252544689,0
2006,330,0,158.2205,0.069,0,0,0,10.175,0.9043,4.975,0,9.252715128,0
2006,330,1,150.279,0.345,0,0,0,9.255,0.92355,4.55,0,9.25288821,0
2006,330,2,139.854,0.437,0,0,0,9.005,0.91495,4.21,0,9.253053654,0
2006,330,3,128.591,0.46,0,0,0.005,8.71,0.91155,4.515,0,9.253191021,0
2006,330,4,117.1425,0.46,0,0,0.015,7.995,0.92605,4.58,0,9.253287326,0
2006,330,5,105.86,0.46,0,0,0.035,7.5,0.9251,4.85,0,9.253335401,0
2006,330,6,94.9555,2.346,0.21,0,0.22,6.94,0.92385,4.06,0,9.253332646,0
2006,330,7,84.7285,85.054,35.165,38.975,9.94,7.08,0.90525,3.815,0,9.273265571,0
2006,330,8,75.898,233.91,95.875,112.595,25.345,8.995,0.85265,4.215,0,9.271036545,0
2006,330,9,68.5925,427.34,170.585,209.275,51.62,10.805,0.7883,4.93,0,9.270963964,0
2006,330,10,63.513,660.859,261.735,329.61,82.87,13.41,0.6948,6.105,0,9.27096279,0
2006,330,11,61.2435,731.975,288.175,366.58,92.205,15.275,0.60065,6.765,0,9.270962824,0
2006,330,12,62.1025,752.905,295.105,377.12,96.075,16.155,0.57235,6.45,0,9.270962754,0
2006,330,13,65.9615,719.026,280.46,359.585,95.54,16.715,0.5643,6.04,0,9.270962768,0
2006,330,14,72.333,434.148,167.47,212.235,59.415,17.12,0.55675,6.005,0,9.270962796,0
2006,330,15,80.5725,219.857,85,105.74,32.035,16.335,0.59265,5.49,0,9.270962875,0
2006,330,16,90.1145,19.228,6.195,6.195,2.575,14.44,0.674,3.875,0,9.267193659,0
2006,330,17,100.849,0.138,0,0,0.01,12.69,0.76155,4.38,0,9.278596772,0
2006,330,18,111.968,0.046,0,0,0.03,11.365,0.8199,4.23,0,9.279598535,0
2006,330,19,123.3835,0,0,0,0.02,11.035,0.85665,4.435,0,9.279661796,0
2006,330,20,134.799,0,0,0,0,10.955,0.87385,4.04,0,9.279746905,0
2006,330,21,145.7505,0,0,0,0,11.92,0.85775,5.305,0,9.27986644,0
2006,330,22,155.1885,0,0,0,0.005,11.73,0.87375,4.475,0,9.280013049,0
2006,330,23,160.4725,0,0,0,0,11.095,0.8961,4.495,0,9.280176649,0
2006,331,0,158.419,0.023,0,0,0,10.975,0.9052,4.975,0,9.28034611,0
2006,331,1,150.467,0.092,0,0,0,10.495,0.92235,4.63,0,9.280511938,0
2006,331,2,140.028,0.322,0,0,0,10.475,0.9316,4.415,0,9.28066719,0
2006,331,3,128.759,0.322,0,0,0,10.39,0.9391,4.525,0,9.280798603,0
2006,331,4,117.3115,0.46,0,0,0.005,10.185,0.945,4.635,0,9.280892266,0
2006,331,5,106.034,0.46,0,0,0,10.1,0.9482,4.835,0,9.280939969,0
2006,331,6,95.13,1.518,0.09,0,0.005,10.04,0.9511,4.56,0,9.280936108,0
2006,331,7,84.9055,36.363,13.485,12.52,3.245,10.735,0.9411,4.335,0,9.237991547,0
2006,331,8,76.09,144.969,55.635,64.355,14.585,11.695,0.92575,4.71,0,9.213483747,0
2006,331,9,68.792,250.125,95.495,112.845,25.22,13.2,0.8752,5.94,0,9.21275719,0
2006,331,10,63.71,330.027,126.115,151.65,34.555,13.975,0.8358,6.375,0,9.212745069,0
2006,331,11,61.4305,361.606,138.365,166.38,37.745,15.295,0.78625,5.705,0,9.212745012,0
2006,331,12,62.269,512.831,198.335,243.535,56.985,16.915,0.72035,5.745,0,9.212744934,0
2006,331,13,66.105,392.633,150.745,184.375,44.185,17.13,0.7106,5.32,0,9.212745032,0
2006,331,14,72.448,220.57,84.26,99.885,23.825,17.1,0.71705,5.075,0,9.212745366,0
2006,331,15,80.662,153.847,59.345,70,18.57,16.845,0.7388,4.795,0,9.212744957,0
2006,331,16,90.181,17.227,5.36,5.025,2.3,15.345,0.78,4.87,0,9.205782659,0
2006,331,17,100.905,0.23,0,0,0.09,13.85,0.8154,5.38,0,9.217648329,0
2006,331,18,112.013,0.069,0,0,0.01,13.42,0.8239,5.81,0,9.218499388,0
2006,331,19,123.4235,0,0,0,0.22,12.965,0.8345,6.295,0,9.218559829,0
2006,331,20,134.8425,0,0,0,0,12.59,0.8358,6.08,0,9.218644558,0
2006,331,21,145.8105,0,0,0,0.04,12.255,0.83725,6.03,0,9.218763684,0
2006,331,22,155.292,0,0,0,0.04,11.69,0.85195,5.85,0,9.218909957,0
2006,331,23,160.6385,0,0,0,0,11.82,0.8413,6.32,0,9.219072645,0
2006,332,0,158.613,0.046,0,0,0.025,11.775,0.8352,5.625,0,9.21924237,0
2006,332,1,150.6505,0.023,0,0,0.03,11.3,0.845,5.83,0,9.219406854,0
2006,332,2,140.2,0.023,0,0,0,11.15,0.82965,5.88,0,9.219553181,0
2006,332,3,128.9245,0,0,0,0.005,11.135,0.8179,5.39,0,9.219671542,0
2006,332,4,117.478,0,0,0,0.03,10.945,0.8207,4.985,0,9.219753735,0
2006,332,5,106.203,0,0,0,0.07,10.26,0.83415,5.93,0,9.219794531,0
2006,332,6,95.341,1.38,0.045,0,0.09,10.015,0.82455,7.085,0,9.219791562,0
2006,332,7,85.0785,82.386,29.735,33.53,11.405,9.915,0.82325,6.2,0,9.238402491,0
2006,332,8,76.2785,359.467,140.995,176.325,50.895,11.71,0.7438,7.24,0,9.236024734,0
2006,332,9,68.983,337.755,126.105,154.095,37.875,13.145,0.69495,7.74,0,9.235945999,0
2006,332,10,63.9,682.755,261.4,333.94,84.495,14.745,0.6187,10.83,0,9.235944712,0
2006,332,11,61.6105,760.817,288.215,369.125,93.645,15.88,0.5967,10.37,0,9.235944746,0
2006,332,12,62.4285,575.69,219.375,275.48,67.935,17.465,0.59915,12.025,0,9.235944684,0
2006,332,13,66.236,270.664,102.46,122.57,28.935,17.495,0.62905,10.26,0,9.235944698,0
2006,332,14,72.5545,303.048,114.645,140.495,37.15,18.01,0.63425,11.745,0,9.235944727,0
2006,332,15,80.7445,133.239,49.425,58.985,17.695,17.36,0.6723,9.735,0,9.235944809,0
2006,332,16,90.2405,16.813,4.21,3.82,2.085,15.855,0.72445,8.195,0,9.226339769,0
2006,332,17,100.9545,0.115,0,0,0.15,14.96,0.7693,9.04,0,9.237079048,0
2006,332,18,112.0525,0.046,0,0,0.035,14.745,0.79235,8.655,0,9.237858852,0
2006,332,19,123.4595,0.023,0,0,0.01,14.86,0.80125,8.23,0,9.237918212,0
2006,332,20,134.8815,0,0,0,0.02,15.115,0.8119,8.295,0,9.238003732,0
2006,332,21,145.8665,0.046,0,0,0.025,15.145,0.83515,9.43,0,9.238123641,0
2006,332,22,155.386,0,0,0,0.115,15.035,0.85585,8.665,0,9.23827195,0
2006,332,23,160.798,0.023,0,0,0.015,14.955,0.87885,7.9,0,9.238435253,0
2006,333,0,158.802,0.161,0,0,0.095,14.87,0.9,7.545,0,9.238609032,0
2006,333,1,150.8295,0.46,0,0,0.085,14.305,0.94635,6.68,0,9.238787764,0
2006,333,2,140.3685,0.46,0,0,0.015,14.61,0.94625,6.47,0,9.238956824,0
2006,333,3,129.0905,0.46,0,0,0,15.14,0.93235,6.985,0,9.239094052,0
2006,333,4,117.6425,0.46,0,0,0.04,15.355,0.93935,8.175,0,9.23918954,0
2006,333,5,106.371,0.46,0,0,0.01,15.42,0.9479,8.16,0,9.239236667,0
2006,333,6,95.512,1.38,0.08,0,0.04,15.585,0.9431,8.51,0,9.239232457,0
2006,333,7,85.248,63.043,23.52,25.44,7.175,16.065,0.92745,9.18,0,9.2397492,0
2006,333,8,76.463,131.169,49.13,57.39,14.195,16.495,0.91325,9.555,0,9.235587656,0
2006,333,9,69.1725,184.069,68.38,81.1,19.2,16.845,0.90045,9.96,0,9.235451702,0
2006,333,10,64.087,193.499,71.19,83.955,19.48,17.335,0.8781,9.855,0,9.235449475,0
2006,333,11,61.785,214.774,79.37,93.56,21.515,17.97,0.8547,10.64,0,9.235449454,0
2006,333,12,62.5815,189.727,69.1,81.155,18.885,18.345,0.8398,10.7,0,9.235449447,0
2006,333,13,66.364,342.079,130.81,159.33,38.3,18.78,0.82175,11.25,0,9.235449436,0
2006,333,14,72.6545,142.324,52.36,61.03,15.02,18.815,0.8,11.03,0,9.235449453,0
2006,333,15,80.82,100.832,37.705,43.23,11.52,18.36,0.83045,8.96,0,9.235449492,0
2006,333,16,90.2925,10.741,2.96,2.35,1.355,17.695,0.8641,7.87,0,9.216009664,0
2006,333,17,100.997,0.322,0,0,0.185,17.03,0.89545,5.125,0,9.223969544,0
2006,333,18,112.0855,0.437,0,0,0.02,16.9,0.9101,5.51,0,9.224463928,0
2006,333,19,123.4875,0.46,0,0,0.025,16.985,0.91365,6.085,0,9.224525004,0
2006,333,20,134.9135,0.46,0,0,0.065,17.05,0.91345,7.34,0,9.224624507,0
2006,333,21,145.9145,0.46,0,0,0.045,17.015,0.8973,7.465,0,9.224764394,0
2006,333,22,155.4725,0.414,0,0,2.85,12.36,0.9248,8.09,0,9.224934254,0
2006,333,23,160.949,0.46,0,0,0.655,7.77,0.9583,6.825,0,9.225122374,0
2006,334,0,158.9845,0.644,0,0,0.45,6.615,0.9582,8.99,1.42875,9.225324498,0
2006,334,1,151.0055,0.483,0,0,0.02,6.835,0.9719,6.65,1.42875,9.225521051,0
2006,334,2,140.536,0.529,0,0,0.06,7.69,0.97675,4.365,1.42875,9.225692469,0
2006,334,3,129.2525,0.46,0,0,0.745,7.035,0.9772,6.64,1.42875,9.2258311,0
2006,334,4,117.805,0.46,0,0,1.18,4.36,0.95555,9.76,1.42875,9.225926083,0
2006,334,5,106.537,0.46,0,0,0.305,3.035,0.95415,9.68,1.42875,9.225972751,0
2006,334,6,95.719,0.621,0,0,0.12,2.98,0.95105,9.095,1.42875,9.225967825,0
2006,334,7,85.4155,10.212,2.37,1.52,0.965,2.72,0.9472,7.91,1.42875,9.225656789,0
2006,334,8,76.6435,36.593,11.205,10.355,2.845,2.175,0.9536,7.485,1.42875,9.064664896,0
2006,334,9,69.354,55.798,17.985,17.895,3.81,1.08,0.95335,8.59,1.42875,8.980078905,0
2006,334,10,64.2665,63.204,20.155,20.015,3.935,0.02,0.93465,9.785,1.42875,8.978465544,0
2006,334,11,61.9515,110.009,39.495,41.48,7.1,-0.135,0.9431,7.14,1.42875,8.978433771,0
2006,334,12,62.7285,81.052,28.78,28.64,5.265,-0.09,0.95755,6.545,1.42875,8.978433423,0
2006,334,13,66.4855,87.998,30.805,31.995,5.67,-0.345,0.96175,3.875,1.42875,8.9784335,0
2006,334,14,72.7495,46.943,14.725,14.705,3.51,-1.035,0.9423,1.785,1.42875,8.978052386,0
2006,334,15,80.889,14.927,4.18,2.125,1.075,-1.46,0.9511,1.09,1.42875,8.77476163,0
2006,334,16,90.341,2.116,0.075,0,0.42,-1.635,0.95865,0.87,1.42875,8.763339391,0
2006,334,17,101.033,0.46,0,0,0.145,-1.7,0.94885,0.725,1.42875,8.763362701,0
2006,334,18,112.112,0.46,0,0,0.015,-1.36,0.95065,0.595,1.42875,8.763369867,0
2006,334,19,123.5105,0.46,0,0,0.05,-0.97,0.9531,0.485,1.42875,8.763422103,0
2006,334,20,134.938,0.46,0,0,0.075,-0.625,0.95945,0.445,1.42875,8.76351992,0
2006,334,21,145.9565,0.46,0,0,0.07,-0.43,0.96685,1.25,1.42875,8.763657006,0
2006,334,22,155.553,0.46,0,0,0.08,-0.07,0.97115,0.68,1.42875,8.763823986,0
2006,334,23,161.0915,0.598,0,0,0.17,0.21,0.9774,1.37,1.42875,8.76401392,0
2006,335,0,159.1645,0.897,0,0.015,0.18,0.47,0.9799,0.605,0.772583333,8.764223238,0
2006,335,1,151.179,0.46,0,0.38,0.06,0.865,0.98025,0.725,0.772583333,8.764423902,0
2006,335,2,140.7005,0.46,0,0.4,0.01,1.32,0.9693,11.355,0.772583333,8.764588866,0
2006,335,3,129.413,0.46,0,0.28,0.01,1.685,0.96455,12.555,0.772583333,8.764721858,0
2006,335,4,117.966,0.46,0,0.11,0.025,2.345,0.96655,3.825,0.772583333,8.764814113,0
2006,335,5,106.701,0.644,0,0.005,0.63,1.235,0.98045,6.015,0.772583333,8.764860406,0
2006,335,6,95.887,0.851,0,0,0.925,-0.435,0.9797,11.815,0.772583333,8.764854894,0
2006,335,7,85.579,44.597,4.923076923,18.41,16.085,-2.625,0.9937,15.505,0.772583333,8.753035105,0
2006,335,8,76.8205,211.876,13.235,94.07,80.835,-3.195,0.9847,16.58,0.772583333,8.747008215,0
2006,335,9,69.533,510.347,41.16,242.545,201.385,-4.035,0.9451,15.485,0.772583333,8.746692197,0
2006,335,10,64.44,484.127,30.775,216.195,185.42,-4.385,0.92295,15.125,0.772583333,8.746686581,0
2006,335,11,62.112,623.921,48.33,286.645,238.315,-4.56,0.9074,13.69,0.772583333,8.746686486,0
2006,335,12,62.867,809.347,80.81,397.945,317.135,-4.675,0.87365,12.59,0.772583333,8.746686506,0
2006,335,13,66.597,599.564,57.365,292.075,234.71,-4.72,0.8686,12,0.772583333,8.746686549,0
2006,335,14,72.8355,239.844,17.195,106.945,89.75,-5.045,0.8941,10.85,0.772583333,8.746686681,0
2006,335,15,80.9515,98.739,7.475,44.115,36.64,-4.755,0.88495,9.78,0.772583333,8.746687123,0
2006,335,16,90.421,9.959,0.295,3.92,3.74,-5.14,0.88235,9.28,0.772583333,8.745289718,0
2006,335,17,101.063,0,0,0,0.05,-5.42,0.8632,9.245,0.772583333,8.762606117,0
2006,335,18,112.132,0,0,0,0.025,-6.14,0.87795,6.5,0.772583333,8.763165885,0
2006,335,19,123.5255,0,0,0,0,-6.825,0.8618,5.325,0.772583333,8.763219491,0
2006,335,20,134.9575,0,0,0,0.02,-7.165,0.8563,4.245,0.772583333,8.763303217,0
2006,335,21,145.9885,0,0,0,0.005,-8.175,0.92315,3.305,0.772583333,8.763420456,0
2006,335,22,155.6235,0,0,0,0,-8.3,0.92315,3.92,0.772583333,8.76356318,0
2006,335,23,161.2265,0,0,0,0,-8.405,0.91205,4.155,0.772583333,8.763723101,0
2006,336,0,159.338,0,0,0,0,-8.73,0.92035,3.755,0.010583333,8.763887456,0
2006,336,1,151.35,0,0,0,0,-9.13,0.92285,2.855,0.010583333,8.764045454,0
2006,336,2,140.862,0,0,0,0,-9.6,0.9337,2.695,0.010583333,8.764186594,0
2006,336,3,129.572,0,0,0,0,-10.16,0.93925,2.77,0.010583333,8.764300479,0
2006,336,4,118.124,0,0,0.015,0,-10.35,0.9359,2.875,0.010583333,8.764379443,0
2006,336,5,106.862,0,0,0,0,-10.34,0.92905,3.29,0.010583333,8.764417802,0
2006,336,6,96.0525,1.794,0.345,0.98,0.635,-10.34,0.9254,3.245,0.010583333,8.764413805,0
2006,336,7,85.736,108.054,38.985,82.655,43.67,-9.795,0.91105,2.835,0.010583333,8.813769377,0
2006,336,8,76.993,392.265,94.425,249.465,155.04,-8.165,0.8812,4.63,0.010583333,8.812800189,0
2006,336,9,69.706,653.982,121.005,384.025,263.02,-6.5,0.8572,4.64,0.010583333,8.812754183,0
2006,336,10,64.608,862.247,214.38,546.215,331.835,-4.905,0.8312,3.45,0.010583333,8.812753409,0
2006,336,11,62.267,957.72,204.545,566.75,362.205,-3.32,0.80475,3.4,0.010583333,8.812753434,0
2006,336,12,62.998,910.455,135.945,475.315,339.37,-2.05,0.7896,3.92,0.010583333,8.812753364,0
2006,336,13,66.7045,580.497,69.86,281.6,211.74,-1.58,0.81025,5.1,0.010583333,8.812753376,0
2006,336,14,72.915,543.444,62.18,268.58,206.4,-1.16,0.8129,5.545,0.010583333,8.8127534,0
2006,336,15,81.0075,220.869,21.075,105.47,84.395,-1.385,0.83695,4.23,0.010583333,8.812753465,0
2006,336,16,90.4565,15.916,0.655,6.085,5.835,-1.74,0.8791,4.065,0.010583333,8.816980242,0
2006,336,17,101.086,0.46,0,0,0.065,-1.91,0.88795,4.27,0.010583333,8.849623049,0
2006,336,18,112.146,0.046,0,0,0.375,-2.44,0.8673,5.045,0.010583333,8.850727511,0
2006,336,19,123.5355,0,0,0,0.04,-3.41,0.90825,3.78,0.010583333,8.850791551,0
2006,336,20,134.9685,0,0,0.06,0,-3.945,0.91295,4.205,0.010583333,8.8508762,0
2006,336,21,146.0145,0,0,0.32,0.505,-4.685,0.7253,8.6,0.010583333,8.850994367,0
2006,336,22,155.687,0,0,0,0.425,-5.775,0.69935,6.57,0.010583333,8.851138401,0
2006,336,23,161.354,0,0,0,0.03,-6.835,0.72675,4.13,0.010583333,8.851298313,0
2006,337,0,159.5055,0,0,0,0,-7.645,0.7471,3.34,0.010583333,8.851463903,0
2006,337,1,151.516,0,0,0,0,-8.56,0.7758,3.28,0.010583333,8.85162269,0
2006,337,2,141.022,0,0,0,0,-9.02,0.7883,3.44,0.010583333,8.851763958,0
2006,337,3,129.728,0,0,0.175,0,-9.42,0.7967,3.735,0.010583333,8.851878535,0
2006,337,4,118.2815,0,0,0.21,0,-9.455,0.795,3.95,0.010583333,8.851957557,0
2006,337,5,107.0205,0,0,0.235,0,-9.175,0.78125,5.27,0.010583333,8.851995895,0
2006,337,6,96.2145,1.012,0.02,0.345,0.37,-9.33,0.774,5.36,0.010583333,8.851990796,0
2006,337,7,85.929,64.124,7.24,29.85,22.61,-9.73,0.7726,5.595,0.010583333,8.868257204,0
2006,337,8,77.1605,243.432,26.61,113.27,86.66,-9.725,0.7792,5.835,0.010583333,8.865510862,0
2006,337,9,69.874,524.078,65.69,257.05,191.36,-9.385,0.78055,7.11,0.010583333,8.865390812,0
2006,337,10,64.77,804.908,109.675,405.345,295.67,-8.78,0.76935,7.97,0.010583333,8.86538875,0
2006,337,11,62.4125,955.88,134.535,485.5,350.965,-8.29,0.7619,8.58,0.010583333,8.865388733,0
2006,337,12,63.125,934.467,130.83,473.32,342.49,-8.145,0.737,8.92,0.010583333,8.86538872,0
2006,337,13,66.803,796.766,107.13,400.46,293.33,-8.075,0.727,8.705,0.010583333,8.865388728,0
2006,337,14,72.9875,555.542,68.745,277.09,208.345,-8.205,0.726,8.71,0.010583333,8.865388715,0
2006,337,15,81.0575,250.677,24.72,122.24,97.52,-8.555,0.72985,9.15,0.010583333,8.865388722,0
2006,337,16,90.487,25.806,0.626666667,10.01,11.365,-9.275,0.7578,8.63,0.010583333,8.866430867,0
2006,337,17,101.1035,0,0,0,0,-9.725,0.78375,7.38,0.010583333,8.89733713,0
2006,337,18,112.154,0,0,0,0,-9.94,0.80465,6.53,0.010583333,8.898982536,0
2006,337,19,123.5395,0,0,0,0.015,-10.435,0.831,4.675,0.010583333,8.899054803,0
2006,337,20,134.975,0,0,0,0,-10.77,0.8404,4.315,0.010583333,8.899139317,0
2006,337,21,146.0365,0,0,0,0,-11.29,0.8525,3.72,0.010583333,8.899257403,0
2006,337,22,155.7415,0,0,0,0,-11.77,0.86965,3.665,0.010583333,8.899401313,0
2006,337,23,161.474,0,0,0,0,-12.045,0.8709,3.455,0.010583333,8.89956219,0
2006,338,0,159.668,0,0,0,0,-12.49,0.88005,3.625,0.010583333,8.899727736,0
2006,338,1,151.678,0,0,0,0.005,-12.8,0.8829,3.605,0.010583333,8.899886793,0
2006,338,2,141.1785,0,0,0,0,-13.21,0.89495,3.16,0.010583333,8.900029235,0
2006,338,3,129.882,0,0,0.115,0,-13.495,0.90595,3.655,0.010583333,8.900143998,0
2006,338,4,118.435,0,0,0.025,0,-13.41,0.908,3.645,0.010583333,8.90022356,0
2006,338,5,107.1785,0,0,0,0,-13.355,0.90925,4.405,0.010583333,8.900262209,0
2006,338,6,96.3745,1.265,0.41,0.79,0.365,-12.615,0.90495,4.92,0.010583333,8.900257631,0
2006,338,7,86.0795,101.775,38.345,75.125,36.78,-11.415,0.89625,5.41,0.010583333,8.940171262,0
2006,338,8,77.3245,421.613,143.86,296.82,152.96,-9.34,0.84785,7.675,0.010583333,8.938864423,0
2006,338,9,70.038,404.731,43.21,184.615,141.405,-6.7,0.7636,10.145,0.010583333,8.938811435,0
2006,338,10,64.9245,338.79,35.32,150.18,114.86,-5.045,0.73155,10.785,0.010583333,8.938810528,0
2006,338,11,62.554,331.476,34.19,144.51,110.32,-3.53,0.7215,10.62,0.010583333,8.938810586,0
2006,338,12,63.241,322.276,33.335,141.26,107.925,-2.935,0.7412,9.875,0.010583333,8.938810546,0
2006,338,13,66.894,333.178,38.595,152.01,113.415,-2.835,0.7617,8.63,0.010583333,8.938810648,0
2006,338,14,73.0525,240.925,28.215,110.97,82.755,-2.985,0.77715,9.1,0.010583333,8.93881101,0
2006,338,15,81.1,158.102,17.26,73.96,56.7,-2.63,0.80245,8.205,0.010583333,8.938810559,0
2006,338,16,90.5085,25.07,0.628571429,8.75,10.015,-3.085,0.82885,5.915,0.010583333,8.938323972,0
2006,338,17,101.116,0.069,0,0,0.035,-3.995,0.87185,5.32,0.010583333,8.962542469,0
2006,338,18,112.157,0,0,0,0,-4.705,0.8935,5.16,0.010583333,8.963994596,0
2006,338,19,123.5365,0,0,0,0,-4.86,0.888,5.47,0.010583333,8.964064043,0
2006,338,20,134.974,0,0,0,0,-5.19,0.8894,4.935,0.010583333,8.964148765,0
2006,338,21,146.0485,0,0,0.54,0.01,-3.71,0.8055,7.115,0.010583333,8.964267218,0
2006,338,22,155.79,0,0,0,0.255,-4.785,0.818,6.74,0.010583333,8.964411517,0
2006,338,23,161.5855,0,0,0,0.315,-6.4,0.771,6.02,0.010583333,8.96457317,0
2006,339,0,159.8245,0,0,0,0.02,-7.75,0.73405,4.85,0,8.964739387,0
2006,339,1,151.837,0,0,0,0,-8.875,0.75485,2.68,0,8.964899194,0
2006,339,2,141.3325,0,0,0,0,-9.365,0.73855,3.39,0,8.965042019,0
2006,339,3,130.0325,0,0,0,0,-10.16,0.76695,2.58,0,8.965157264,0
2006,339,4,118.588,0,0,0.01,0,-10.36,0.76425,2.005,0,8.965237207,0
2006,339,5,107.331,0,0,0.015,0,-10.88,0.7822,1.75,0,8.965276072,0
2006,339,6,96.531,1.219,0.195,0.545,0.35,-11.335,0.82145,2.655,0,8.965271509,0
2006,339,7,86.23,103.454,32.235,67.54,35.305,-11.625,0.83875,1.425,0,9.002755896,0
2006,339,8,77.4845,394.588,105.06,244.04,138.98,-9.08,0.78615,1.06,0,9.001367235,0
2006,339,9,70.1945,665.85,114.79,356.725,241.935,-7.655,0.66715,3.495,0,9.001314302,0
2006,339,10,65.0735,844.813,114.06,414.095,300.035,-6.3,0.6644,5.72,0,9.001313407,0
2006,339,11,62.6865,631.557,79.65,296.405,216.755,-5.035,0.6915,5.295,0,9.001313461,0
2006,339,12,63.3525,468.119,56.67,214.155,157.485,-3.68,0.71165,6.615,0,9.001313409,0
2006,339,13,66.979,338.537,39.865,153.04,113.175,-2.445,0.71485,6.105,0,9.00131347,0
2006,339,14,73.1115,236.578,28.265,107.515,79.25,-1.41,0.7103,5.08,0,9.001313675,0
2006,339,15,81.1355,108.974,13.055,49.79,36.735,-0.645,0.7328,6.355,0,9.001313502,0
2006,339,16,90.5275,16.031,0.757894737,6.585,6.425,-0.625,0.7409,6.98,0,8.995143172,0
2006,339,17,101.1205,0.483,0,0,0,-0.575,0.76215,6.565,0,9.012394274,0
2006,339,18,112.152,0.46,0,0.3,0,-0.08,0.7607,7.74,0,9.013142321,0
2006,339,19,123.5285,0.46,0,0,0.005,-0.06,0.75795,8.37,0,9.013207988,0
2006,339,20,134.9685,0.46,0,0,0.13,-0.515,0.80075,5.94,0,9.01330735,0
2006,339,21,146.054,0.46,0,0,0.015,-0.485,0.8219,7.02,0,9.013446278,0
2006,339,22,155.829,0.46,0,0,0.035,-0.925,0.85325,6.47,0,9.013615359,0
2006,339,23,161.689,0.46,0,0.34,0,0.01,0.83,7.715,0,9.013804374,0
2006,340,0,159.976,0.46,0,0.39,0,0.64,0.82,7.985,0,9.013998707,0
2006,340,1,151.993,0.46,0,0.365,0,1.055,0.80825,8.185,0,9.014185423,0
2006,340,2,141.483,0.46,0,0.02,0.28,0.735,0.83265,6.76,0,9.01435212,0
2006,340,3,130.182,0.46,0,0.035,0,1.005,0.81605,6.605,0,9.014486505,0
2006,340,4,118.7365,0.46,0,0.115,0.125,0.875,0.81885,6.615,0,9.014579581,0
2006,340,5,107.4815,0.46,0,0.02,0.07,0.965,0.8163,6.52,0,9.014624522,0
2006,340,6,96.6835,1.035,0.045,0.265,0.33,0.47,0.8457,6.435,0,9.014618419,0
2006,340,7,86.3735,42.32,5.67,19.55,13.88,0.285,0.8681,5.545,0,8.986372885,0
2006,340,8,77.637,251.436,35.46,120.455,84.995,0.455,0.86665,5.29,0,8.9754131,0
2006,340,9,70.347,599.38,93.38,296.445,203.065,2.085,0.79705,5.73,0,8.975003221,0
2006,340,10,65.216,696.302,125.155,343.025,217.87,2.285,0.7879,7.215,0,8.974996251,0
2006,340,11,62.813,708.814,151.07,350.13,199.06,2.02,0.80275,7.68,0,8.974996162,0
2006,340,12,63.458,857.095,213.36,427.205,213.845,1.885,0.80315,8.255,0,8.97499631,0
2006,340,13,67.0555,604.854,159.205,293.61,134.405,1.575,0.8036,7.67,0,8.974996872,0
2006,340,14,73.163,288.535,78.29,137.505,59.215,1.055,0.82305,6.87,0,8.974996165,0
2006,340,15,81.1665,241.477,59.6,116.76,57.16,0.87,0.811,6.615,0,8.97499622,0
2006,340,16,90.5385,23.989,1.87,7.26,5.995,0.075,0.8238,5.055,0,8.975552682,0
2006,340,17,101.12,0.46,0,0.13,0.165,-0.475,0.84535,3.76,0,9.001883087,0
2006,340,18,112.143,0.46,0,0.4,0,-0.135,0.8586,3.34,0,9.003314399,0
2006,340,19,123.515,0.46,0,0.31,0.08,0.335,0.83655,6.14,0,9.003391312,0
2006,340,20,134.9555,0.46,0,0,0.4,-0.21,0.83075,6.12,0,9.003490342,0
2006,340,21,146.054,0.46,0,0,0.22,-0.6,0.81225,5,0,9.003628784,0
2006,340,22,155.862,0.46,0,0,0.045,-0.74,0.7998,4.97,0,9.00379742,0
2006,340,23,161.7845,0.46,0,0,0.24,-1.075,0.74715,6.74,0,9.003986112,0
2006,341,0,160.12,0.46,0,0,0.395,-1.875,0.7565,6.905,0.03175,9.004180224,0
2006,341,1,152.146,0.46,0,0,0.985,-3.6,0.8471,9.97,0.03175,9.004366855,0
2006,341,2,141.632,0.092,0,0,0.76,-5.63,0.82755,11.875,0.03175,9.004525566,0
2006,341,3,130.329,0,0,0,0.575,-7.27,0.7289,13.675,0.03175,9.004642948,0
2006,341,4,118.8825,0,0,0,0.775,-8.875,0.66965,11.7,0.03175,9.004722987,0
2006,341,5,107.63,0,0,0,0.35,-10.17,0.67975,11.865,0.03175,9.004761932,0
2006,341,6,96.8335,0.828,0.02,0.18,0.4,-11.04,0.70165,11.06,0.03175,9.004757135,0
2006,341,7,86.5535,84.709,15.37,38.91,23.585,-11.42,0.6897,11.03,0.03175,9.031305894,0
2006,341,8,80.04111111,282.4911111,66.71111111,140.0555556,73.34444444,-11.26666667,0.673888889,11.7,0.03175,9.029338457,0
2006,341,9,NA,567.111,98.478125,280.183125,182.976875,2.88625,0.7946625,5.935625,0.03175,9.029265194,0
2006,341,10,NA,675.892375,135.311875,333.360625,199.411875,3.28,0.7823,7.31625,0.03175,9.029263983,0
2006,341,11,NA,709.489625,165.964375,351.208125,186.851875,3.324375,0.78221875,8.036875,0.03175,9.029264006,0
2006,341,12,NA,847.368875,223.07375,422.64375,201.364375,3.3375,0.777375,8.64375,0.03175,9.02926394,0
2006,341,13,NA,597.295625,164.31125,290.240625,127.6625,3.008125,0.7811,8.08875,0.03175,9.029263953,0
2006,341,14,NA,292.61175,83.043125,139.324375,57.621875,2.4775,0.8013375,7.1175,0.03175,9.029263976,0
2006,341,15,NA,239.8505714,62.28571429,115.1028571,54.89857143,2.377857143,0.802014286,6.582142857,0.03175,9.029264035,0
2006,341,16,NA,23.35485714,2.220714286,6.877857143,5.555714286,1.395714286,0.823864286,4.989285714,0.03175,9.029434406,0
2006,341,17,NA,0.456714286,0,0.111428571,0.152142857,0.652857143,0.848764286,3.827142857,0.03175,9.053457551,0
2006,341,18,1.00E+10,0.433714286,0,0.342857143,0.003571429,0.807142857,0.861442857,3.499285714,0.03175,9.054814208,0
2006,341,19,NA,0.440285714,0,0.265714286,0.071428571,1.105714286,0.842342857,5.682142857,0.03175,9.054889779,0
2006,341,20,NA,0.46,0,0,0.342857143,0.625714286,0.837171429,5.687857143,0.03175,9.054988669,0
2006,341,21,NA,0.46,0,0,0.19,0.174285714,0.824828571,4.892142857,0.03175,9.055127596,0
2006,341,22,NA,0.46,0,0,0.038571429,0.021428571,0.814478571,4.877857143,0.03175,9.055297028,0
2006,341,23,NA,0.46,0,0,0.206428571,-0.370714286,0.770957143,6.463571429,0.03175,9.055485806,0
2006,342,0,NA,0.46,0,0,0.338571429,-1.017142857,0.776764286,6.710714286,0,9.055680728,0
2006,342,1,NA,0.46,0,0,0.852857143,-2.575714286,0.856092857,9.206428571,0,9.055868094,0
2006,342,2,NA,0.141285714,0,0,0.651428571,-4.362142857,0.839364286,10.79285714,0,9.056027846,0
2006,342,3,NA,0.065714286,0,0,0.492857143,-5.796428571,0.756814286,12.35,0,9.056148104,0
2006,342,4,NA,0.065714286,0,0,0.664285714,-7.032857143,0.702807143,10.76428571,0,9.056230236,0
2006,342,5,NA,0.046,0,0,0.3,-7.984285714,0.70565,11.06285714,0,9.056269982,0
2006,342,6,NA,0.778714286,0.021428571,0.154285714,0.347142857,-8.668571429,0.720714286,10.35785714,0,9.056265082,0
2006,342,7,NA,75.30857143,14.20071429,34.12428571,20.55928571,-8.976428571,0.710235714,10.35357143,0,9.073990172,0
2006,342,8,NA,273.9015238,69.84880952,135.3704762,66.98809524,-8.753571429,0.696011905,10.87571429,0,9.071424976,0
2006,342,9,NA,534.842,103.57625,263.92125,162.88875,3.6875,0.792275,6.14125,0,9.071332975,0
2006,342,10,NA,655.48275,145.46875,323.69625,180.95375,4.275,0.7767,7.4175,0,9.07133144,0
2006,342,11,NA,710.16525,180.85875,352.28625,174.64375,4.62875,0.7616875,8.39375,0,9.071331458,0
2006,342,12,NA,837.64275,232.7875,418.0825,188.88375,4.79,0.7516,9.0325,0,9.071331413,0
2006,342,13,NA,589.73725,169.4175,286.87125,120.92,4.44125,0.7586,8.5075,0,9.071331424,0
2006,342,14,NA,296.6885,87.79625,141.14375,56.02875,3.9,0.779625,7.365,0,9.071331443,0
2006,342,15,NA,238.2241429,64.97142857,113.4457143,52.63714286,3.885714286,0.793028571,6.549285714,0,9.071331485,0
2006,342,16,NA,22.72071429,2.571428571,6.495714286,5.116428571,2.716428571,0.823928571,4.923571429,0,9.071156876,0
2006,342,17,NA,0.453428571,0,0.092857143,0.139285714,1.780714286,0.852178571,3.894285714,0,9.093482934,0
2006,342,18,1.00E+10,0.407428571,0,0.285714286,0.007142857,1.749285714,0.864285714,3.658571429,0,9.094778148,0
2006,342,19,NA,0.420571429,0,0.221428571,0.062857143,1.876428571,0.848135714,5.224285714,0,9.094852574,0
2006,342,20,NA,0.46,0,0,0.285714286,1.461428571,0.843592857,5.255714286,0,9.094951276,0
2006,342,21,NA,0.46,0,0,0.16,0.948571429,0.837407143,4.784285714,0,9.095090568,0
2006,342,22,NA,0.46,0,0,0.032142857,0.782857143,0.829157143,4.785714286,0,9.095260598,0
2006,342,23,NA,0.46,0,0,0.172857143,0.333571429,0.794764286,6.187142857,0,9.095449876,0
2006,343,0,NA,0.46,0,0,0.282142857,-0.159285714,0.797028571,6.516428571,0,9.09564489,0
2006,343,1,NA,0.46,0,0,0.720714286,-1.551428571,0.865085714,8.442857143,0,9.095832625,0
2006,343,2,NA,0.190571429,0,0,0.542857143,-3.094285714,0.851178571,9.710714286,0,9.095993734,0
2006,343,3,NA,0.131428571,0,0,0.410714286,-4.322857143,0.784728571,11.025,0,9.09611649,0
2006,343,4,NA,0.131428571,0,0,0.553571429,-5.190714286,0.735964286,9.828571429,0,9.09620057,0
2006,343,5,NA,0.092,0,0,0.25,-5.798571429,0.73155,10.26071429,0,9.096241214,0
2006,343,6,NA,0.729428571,0.022857143,0.128571429,0.294285714,-6.297142857,0.739778571,9.655714286,0,9.096236192,0
2006,343,7,NA,65.90814286,13.03142857,29.33857143,17.53357143,-6.532857143,0.730771429,9.677142857,0,9.103697776,0
2006,343,8,NA,265.3119365,72.98650794,130.6853968,60.63174603,-6.24047619,0.718134921,10.05142857,0,9.100199877,0
2006,343,9,NA,502.573,108.674375,247.659375,142.800625,4.48875,0.7898875,6.346875,0,9.100077383,0
2006,343,10,NA,635.073125,155.625625,314.031875,162.495625,5.27,0.7711,7.51875,0,9.10007535,0
2006,343,11,NA,710.840875,195.753125,353.364375,162.435625,5.933125,0.74115625,8.750625,0,9.100075337,0
2006,343,12,NA,827.916625,242.50125,413.52125,176.403125,6.2425,0.725825,9.42125,0,9.100075317,0
2006,343,13,NA,582.178875,174.52375,283.501875,114.1775,5.874375,0.7361,8.92625,0,9.100075351,0
2006,343,14,NA,300.76525,92.549375,142.963125,54.435625,5.3225,0.7579125,7.6125,0,9.100075453,0
2006,343,15,NA,236.5977143,67.65714286,111.7885714,50.37571429,5.393571429,0.784042857,6.516428571,0,9.100075785,0
2006,343,16,NA,22.08657143,2.922142857,6.113571429,4.677142857,4.037142857,0.823992857,4.857857143,0,9.099614227,0
2006,343,17,NA,0.450142857,0,0.074285714,0.126428571,2.908571429,0.855592857,3.961428571,0,9.120773444,0
2006,343,18,1.00E+10,0.381142857,0,0.228571429,0.010714286,2.691428571,0.867128571,3.817857143,0,9.122017493,0
2006,343,19,NA,0.400857143,0,0.177142857,0.054285714,2.647142857,0.853928571,4.766428571,0,9.122090833,0
2006,343,20,NA,0.46,0,0,0.228571429,2.297142857,0.850014286,4.823571429,0,9.12218928,0
2006,343,21,NA,0.46,0,0,0.13,1.722857143,0.849985714,4.676428571,0,9.122328932,0
2006,343,22,NA,0.46,0,0,0.025714286,1.544285714,0.843835714,4.693571429,0,9.122499046,0
2006,343,23,NA,0.46,0,0,0.139285714,1.037857143,0.818571429,5.910714286,0,9.122688253,0
2006,344,0,NA,0.46,0,0,0.225714286,0.698571429,0.817292857,6.322142857,0.021166667,9.122883746,0
2006,344,1,NA,0.46,0,0,0.588571429,-0.527142857,0.874078571,7.679285714,0.021166667,9.123071934,0
2006,344,2,NA,0.239857143,0,0,0.434285714,-1.826428571,0.862992857,8.628571429,0.021166667,9.123234237,0
2006,344,3,NA,0.197142857,0,0,0.328571429,-2.849285714,0.812642857,9.7,0.021166667,9.123359489,0
2006,344,4,NA,0.197142857,0,0,0.442857143,-3.348571429,0.769121429,8.892857143,0.021166667,9.123445576,0
2006,344,5,NA,0.138,0,0,0.2,-3.612857143,0.75745,9.458571429,0.021166667,9.123487005,0
2006,344,6,NA,0.680142857,0.024285714,0.102857143,0.241428571,-3.925714286,0.758842857,8.953571429,0.021166667,9.123481994,0
2006,344,7,NA,56.50771429,11.86214286,24.55285714,14.50785714,-4.089285714,0.751307143,9.000714286,0.021166667,9.118279335,0
2006,344,8,NA,256.7223492,76.12420635,126.0003175,54.27539683,-3.727380952,0.740257937,9.227142857,0.021166667,9.113124702,0
2006,344,9,NA,470.304,113.7725,231.3975,122.7125,5.29,0.7875,6.5525,0.021166667,9.11294606,0
2006,344,10,NA,614.6635,165.7825,304.3675,144.0375,6.265,0.7655,7.62,0.021166667,9.112943089,0
2006,344,11,NA,711.5165,210.6475,354.4425,150.2275,7.2375,0.720625,9.1075,0.021166667,9.112943047,0
2006,344,12,NA,818.1905,252.215,408.96,163.9225,7.695,0.70005,9.81,0.021166667,9.112943129,0
2006,344,13,NA,574.6205,179.63,280.1325,107.435,7.3075,0.7136,9.345,0.021166667,9.112943425,0
2006,344,14,NA,304.842,97.3025,144.7825,52.8425,6.745,0.7362,7.86,0.021166667,9.112943103,0
2006,344,15,NA,234.9712857,70.34285714,110.1314286,48.11428571,6.901428571,0.775057143,6.483571429,0.021166667,9.112943246,0
2006,344,16,NA,21.45242857,3.272857143,5.731428571,4.237857143,5.357857143,0.824057143,4.792142857,0.021166667,9.112296442,0
2006,344,17,NA,0.446857143,0,0.055714286,0.113571429,4.036428571,0.859007143,4.028571429,0.021166667,9.132887572,0
2006,344,18,1.00E+10,0.354857143,0,0.171428571,0.014285714,3.633571429,0.869971429,3.977142857,0.021166667,9.134090523,0
2006,344,19,NA,0.381142857,0,0.132857143,0.045714286,3.417857143,0.859721429,4.308571429,0.021166667,9.134162798,0
2006,344,20,NA,0.46,0,0,0.171428571,3.132857143,0.856435714,4.391428571,0.021166667,9.134260864,0
2006,344,21,NA,0.46,0,0,0.1,2.497142857,0.862564286,4.568571429,0.021166667,9.134400683,0
2006,344,22,NA,0.46,0,0,0.019285714,2.305714286,0.858514286,4.601428571,0.021166667,9.13457058,0
2006,344,23,NA,0.46,0,0,0.105714286,1.742142857,0.842378571,5.634285714,0.021166667,9.134760131,0
2006,345,0,NA,0.46,0,0,0.169285714,1.556428571,0.837557143,6.127857143,0.751416667,9.134956134,0
2006,345,1,NA,0.46,0,0,0.456428571,0.497142857,0.883071429,6.915714286,0.751416667,9.135143714,0
2006,345,2,NA,0.289142857,0,0,0.325714286,-0.558571429,0.874807143,7.546428571,0.751416667,9.135307503,0
2006,345,3,NA,0.262857143,0,0,0.246428571,-1.375714286,0.840557143,8.375,0.751416667,9.135435184,0
2006,345,4,NA,0.262857143,0,0,0.332142857,-1.506428571,0.802278571,7.957142857,0.751416667,9.135523302,0
2006,345,5,NA,0.184,0,0,0.15,-1.427142857,0.78335,8.656428571,0.751416667,9.135565559,0
2006,345,6,NA,0.630857143,0.025714286,0.077142857,0.188571429,-1.554285714,0.777907143,8.251428571,0.751416667,9.135560628,0
2006,345,7,NA,47.10728571,10.69285714,19.76714286,11.48214286,-1.645714286,0.771842857,8.324285714,0.751416667,9.113946731,0
2006,345,8,NA,248.1327619,79.26190476,121.3152381,47.91904762,-1.214285714,0.762380952,8.402857143,0.751416667,9.10523683,0
2006,345,9,NA,438.035,118.870625,215.135625,102.624375,6.09125,0.7851125,6.758125,0.751416667,9.10493522,0
2006,345,10,NA,594.253875,175.939375,294.703125,125.579375,7.26,0.7599,7.72125,0.751416667,9.104930168,0
2006,345,11,NA,712.192125,225.541875,355.520625,138.019375,8.541875,0.70009375,9.464375,0.751416667,9.104930157,0
2006,345,12,NA,808.464375,261.92875,404.39875,151.441875,9.1475,0.674275,10.19875,0.751416667,9.104930097,0
2006,345,13,NA,567.062125,184.73625,276.763125,100.6925,8.740625,0.6911,9.76375,0.751416667,9.104930125,0
2006,345,14,NA,308.91875,102.055625,146.601875,51.249375,8.1675,0.7144875,8.1075,0.751416667,9.104930205,0
2006,345,15,NA,233.3448571,73.02857143,108.4742857,45.85285714,8.409285714,0.766071429,6.450714286,0.751416667,9.104930457,0
2006,345,16,NA,20.81828571,3.623571429,5.349285714,3.798571429,6.678571429,0.824121429,4.726428571,0.751416667,9.104272963,0
2006,345,17,NA,0.443571429,0,0.037142857,0.100714286,5.164285714,0.862421429,4.095714286,0.751416667,9.125062571,0
2006,345,18,1.00E+10,0.328571429,0,0.114285714,0.017857143,4.575714286,0.872814286,4.136428571,0.751416667,9.126235386,0
2006,345,19,NA,0.361428571,0,0.088571429,0.037142857,4.188571429,0.865514286,3.850714286,0.751416667,9.126306606,0
2006,345,20,NA,0.46,0,0,0.114285714,3.968571429,0.862857143,3.959285714,0.751416667,9.126404092,0
2006,345,21,NA,0.46,0,0,0.07,3.271428571,0.875142857,4.460714286,0.751416667,9.12654378,0
2006,345,22,NA,0.46,0,0,0.012857143,3.067142857,0.873192857,4.509285714,0.751416667,9.126713476,0
2006,345,23,NA,0.46,0,0,0.072142857,2.446428571,0.866185714,5.357857143,0.751416667,9.126902878,0
2006,346,0,NA,0.46,0,0,0.112857143,2.414285714,0.857821429,5.933571429,0.116416667,9.127098714,0
2006,346,1,NA,0.46,0,0,0.324285714,1.521428571,0.892064286,6.152142857,0.116416667,9.127286349,0
2006,346,2,NA,0.338428571,0,0,0.217142857,0.709285714,0.886621429,6.464285714,0.116416667,9.127451317,0
2006,346,3,NA,0.328571429,0,0,0.164285714,0.097857143,0.868471429,7.05,0.116416667,9.127581418,0
2006,346,4,NA,0.328571429,0,0,0.221428571,0.335714286,0.835435714,7.021428571,0.116416667,9.127671533,0
2006,346,5,NA,0.23,0,0,0.1,0.758571429,0.80925,7.854285714,0.116416667,9.127714738,0
2006,346,6,NA,0.581571429,0.027142857,0.051428571,0.135714286,0.817142857,0.796971429,7.549285714,0.116416667,9.12770985,0
2006,346,7,NA,37.70685714,9.523571429,14.98142857,8.456428571,0.797857143,0.792378571,7.647857143,0.116416667,9.089305803,0
2006,346,8,NA,239.5431746,82.39960317,116.6301587,41.56269841,1.298809524,0.784503968,7.578571429,0.116416667,9.070833963,0
2006,346,9,NA,405.766,123.96875,198.87375,82.53625,6.8925,0.782725,6.96375,0.116416667,9.070208375,0
2006,346,10,NA,573.84425,186.09625,285.03875,107.12125,8.255,0.7543,7.8225,0.116416667,9.070197801,0
2006,346,11,NA,712.86775,240.43625,356.59875,125.81125,9.84625,0.6795625,9.82125,0.116416667,9.070197858,0
2006,346,12,NA,798.73825,271.6425,399.8375,138.96125,10.6,0.6485,10.5875,0.116416667,9.07019766,0
2006,346,13,NA,559.50375,189.8425,273.39375,93.95,10.17375,0.6686,10.1825,0.116416667,9.070197683,0
2006,346,14,NA,312.9955,106.80875,148.42125,49.65625,9.59,0.692775,8.355,0.116416667,9.070197739,0
2006,346,15,NA,231.7184286,75.71428571,106.8171429,43.59142857,9.917142857,0.757085714,6.417857143,0.116416667,9.070197906,0
2006,346,16,NA,20.18414286,3.974285714,4.967142857,3.359285714,7.999285714,0.824185714,4.660714286,0.116416667,9.069763614,0
2006,346,17,NA,0.440285714,0,0.018571429,0.087857143,6.292142857,0.865835714,4.162857143,0.116416667,9.091571601,0
2006,346,18,NA,0.302285714,0,0.057142857,0.021428571,5.517857143,0.875657143,4.295714286,0.116416667,9.092724915,0
2006,346,19,NA,0.341714286,0,0.044285714,0.028571429,4.959285714,0.871307143,3.392857143,0.116416667,9.092794978,0
2006,346,20,NA,0.46,0,0,0.057142857,4.804285714,0.869278571,3.527142857,0.116416667,9.092891623,0
2006,346,21,NA,0.46,0,0,0.04,4.045714286,0.887721429,4.352857143,0.116416667,9.093030901,0
2006,346,22,NA,0.46,0,0,0.006428571,3.828571429,0.887871429,4.417142857,0.116416667,9.093200039,0
2006,346,23,NA,0.46,0,0,0.038571429,3.150714286,0.889992857,5.081428571,0.116416667,9.093388986,0
2006,347,0,NA,0.46,0,0,0.056428571,3.272142857,0.878085714,5.739285714,0,9.093584371,0
2006,347,1,NA,0.46,0,0,0.192142857,2.545714286,0.901057143,5.388571429,0,9.093771882,0
2006,347,2,NA,0.387714286,0,0,0.108571429,1.977142857,0.898435714,5.382142857,0,9.093938027,0
2006,347,3,NA,0.394285714,0,0,0.082142857,1.571428571,0.896385714,5.725,0,9.09407036,0
2006,347,4,NA,0.394285714,0,0,0.110714286,2.177857143,0.868592857,6.085714286,0,9.094162546,0
2006,347,5,NA,0.276,0,0,0.05,2.944285714,0.83515,7.052142857,0,9.094206914,0
2006,347,6,NA,0.532285714,0.028571429,0.025714286,0.082857143,3.188571429,0.816035714,6.847142857,0,9.094202106,0
2006,347,7,NA,28.30642857,8.354285714,10.19571429,5.430714286,3.241428571,0.812914286,6.971428571,0,9.073701873,0
2006,347,8,NA,230.9535873,85.53730159,111.9450794,35.20634921,3.811904762,0.806626984,6.754285714,0,9.036498541,0
2006,347,9,NA,373.497,129.066875,182.611875,62.448125,7.69375,0.7803375,7.169375,0,9.03523471,0
2006,347,10,NA,553.434625,196.253125,275.374375,88.663125,9.25,0.7487,7.92375,0,9.035213063,0
2006,347,11,NA,713.543375,255.330625,357.676875,113.603125,11.150625,0.65903125,10.178125,0,9.0352128,0
2006,347,12,NA,789.012125,281.35625,395.27625,126.480625,12.0525,0.622725,10.97625,0,9.035212951,0
2006,347,13,NA,551.945375,194.94875,270.024375,87.2075,11.606875,0.6461,10.60125,0,9.035213526,0
2006,347,14,NA,317.07225,111.561875,150.240625,48.063125,11.0125,0.6710625,8.6025,0,9.035212801,0
2006,347,15,81.1885,230.092,78.4,105.16,41.33,11.425,0.7481,6.385,0,9.035212855,0
2006,347,16,90.454,19.55,4.325,4.585,2.92,9.32,0.82425,4.595,0,9.03464119,0
2006,347,17,100.946,0.437,0,0,0.075,7.42,0.86925,4.23,0,9.056025389,0
2006,347,18,111.913,0.276,0,0,0.025,6.46,0.8785,4.455,0,9.057146224,0
2006,347,19,123.257,0.322,0,0,0.02,5.73,0.8771,2.935,0,9.057214261,0
2006,347,20,134.705,0.46,0,0,0,5.64,0.8757,3.095,0,9.057309356,0
2006,347,21,145.8705,0.46,0,0,0.01,4.82,0.9003,4.245,0,9.057447607,0
2006,347,22,155.8785,0.46,0,0,0,4.59,0.90255,4.325,0,9.057615821,0
2006,347,23,162.227,0.46,0,0,0.005,3.855,0.9138,4.805,0,9.05780412,0
2006,348,0,160.96,0.46,0,0,0,4.13,0.89835,5.545,0,9.057999121,0
2006,348,1,153.0895,0.46,0,0,0.06,3.57,0.91005,4.625,0,9.058186633,0
2006,348,2,142.581,0.437,0,0,0,3.245,0.91025,4.3,0,9.058354068,0
2006,348,3,131.2745,0.46,0,0,0,3.045,0.9243,4.4,0,9.058489578,0
2006,348,4,119.83,0.46,0,0,0,4.02,0.90175,5.15,0,9.058584602,0
2006,348,5,108.5765,0.322,0,0,0,5.13,0.86105,6.25,0,9.058630791,0
2006,348,6,97.7795,0.483,0.03,0,0.03,5.56,0.8351,6.145,0,9.058627007,0
2006,348,7,87.504,18.906,7.185,5.41,2.405,5.685,0.83345,6.295,0,9.056379254,0
2006,348,8,78.694,222.364,88.675,107.26,28.85,6.325,0.82875,5.93,0,9.015452548,0
2006,348,9,71.351,341.228,134.165,166.35,42.36,8.495,0.77795,7.375,0,9.013758921,0
2006,348,10,66.123,533.025,206.41,265.71,70.205,10.245,0.7431,8.025,0,9.013729485,0
2006,348,11,63.5675,714.219,270.225,358.755,101.395,12.455,0.6385,10.535,0,9.013729088,0
2006,348,12,64.0155,779.286,291.07,390.715,114,13.505,0.59695,11.365,0,9.013729164,0
2006,348,13,67.408,544.387,200.055,266.655,80.465,13.04,0.6236,11.02,0,9.013729441,0
2006,348,14,73.3235,321.149,116.315,152.06,46.47,12.435,0.64935,8.85,0,9.013729156,0
2006,348,15,81.1665,139.449,51.92,64.88,19.51,11.42,0.67755,7.015,0,9.013729328,0
2006,348,16,90.4185,12.834,3.515,3.31,1.82,9.92,0.73215,6.21,0,9.007491984,0
2006,348,17,100.8985,0.092,0,0,0.185,8.5,0.78505,5.52,0,9.022066043,0
2006,348,18,111.858,0.069,0,0,0.14,7.11,0.8279,5.02,0,9.022788618,0
2006,348,19,123.1975,0.322,0,0,0.025,6.27,0.8489,5.41,0,9.022846268,0
2006,348,20,134.647,0.161,0,0,0,6.22,0.8319,6.085,0,9.022936204,0
2006,348,21,145.8195,0,0,0,0,7.735,0.75905,7.08,0,9.023057462,0
2006,348,22,155.8495,0,0,0,0.105,8.955,0.69615,6.825,0,9.023200909,0
2006,348,23,162.2555,0,0,0,0.035,8.405,0.72745,5.585,0,9.023362463,0
2006,349,0,161.0555,0,0,0,0.27,7.77,0.7736,5.345,0,9.023529223,0
2006,349,1,153.2075,0,0,0,0.185,7.535,0.7771,5.645,0,9.023690246,0
2006,349,2,142.7025,0,0,0,0.085,7.275,0.7216,5.495,0,9.023834849,0
2006,349,3,131.3965,0,0,0,0.195,5.635,0.7745,4.98,0,9.023952366,0
2006,349,4,119.951,0,0,0,0.05,5.315,0.74695,5.89,0,9.024034915,0
2006,349,5,108.6975,0,0,0,0.025,4.635,0.73915,5.24,0,9.024076551,0
2006,349,6,97.8995,0.368,0,0,0.215,3.085,0.8019,4.285,0,9.024074568,0
2006,349,7,87.611,61.433,22.075,22.625,11.48,2.54,0.7953,4.47,0,9.036315574,0
2006,349,8,78.803,314.157,117.025,148.91,54.075,3.72,0.76365,5.51,0,9.033098024,0
2006,349,9,71.451,578.542,218.16,291.26,93.67,4.405,0.7494,7.43,0,9.032961127,0
2006,349,10,66.2045,769.442,294.85,397.895,119.62,4.75,0.7506,6.845,0,9.032958789,0
2006,349,11,63.629,875.794,335.79,453.545,133.695,5.265,0.74245,5.545,0,9.03295873,0
2006,349,12,64.053,840.029,321.87,434.03,129.705,5.865,0.7167,5.05,0,9.032958751,0
2006,349,13,67.4195,662.285,252.6,338.455,103.875,6.24,0.67115,4.82,0,9.032958801,0
2006,349,14,73.3115,456.067,172.04,228.97,74.22,6.895,0.605,4.605,0,9.032958964,0
2006,349,15,81.1355,120.957,45.125,56.28,17.035,6.325,0.6706,3.17,0,9.032958937,0
2006,349,16,90.338,13.823,4.655,4.6,1.455,5.275,0.72725,1.17,0,9.024246325,0
2006,349,17,100.8455,0.046,0,0,0,5.18,0.7077,1.115,0,9.03783389,0
2006,349,18,111.797,0.069,0,0,0,4.17,0.77335,1.045,0,9.038519136,0
2006,349,19,123.1335,0.46,0,0,0,3.415,0.8128,2.345,0,9.038577414,0
2006,349,20,134.583,0.46,0,0,0,3.05,0.8316,3.91,0,9.038674102,0
2006,349,21,145.7635,0.391,0,0,0.14,1.335,0.88925,3.715,0,9.038810079,0
2006,349,22,155.8155,0.322,0,0,0,1.165,0.8987,4.055,0,9.038972914,0
2006,349,23,162.2765,0.115,0,0,0,1.665,0.8809,4.035,0,9.039147709,0
2006,350,0,161.141,0.046,0,0,0.03,1.695,0.869,4.425,0,9.039319678,0
2006,350,1,153.3185,0.069,0,0,0.005,1.565,0.886,4.765,0,9.039483676,0
2006,350,2,142.8205,0.092,0,0,0,1.83,0.87725,5.1,0,9.039632146,0
2006,350,3,131.516,0.092,0,0,0.02,1.835,0.87945,5.295,0,9.039753125,0
2006,350,4,120.07,0.046,0,0,0.015,1.47,0.8975,4.975,0,9.039837236,0
2006,350,5,108.814,0.069,0,0,0,1.9,0.8703,6.19,0,9.039879197,0
2006,350,6,98.0135,0.253,0,0,0.01,2.52,0.8417,6.645,0,9.039876616,0
2006,350,7,87.715,42.527,15.505,18.015,5.845,3.32,0.81745,7.23,0,9.017417459,0
2006,350,8,78.906,141.979,53.225,65.85,19.54,4.29,0.80915,7.385,0,9.007472903,0
2006,350,9,71.5425,201.319,74.22,91.915,23.725,5.76,0.82655,7.875,0,9.007072473,0
2006,350,10,66.281,413.563,155.795,199.025,53.245,7.805,0.8774,8.1,0,9.007065548,0
2006,350,11,63.6825,352.521,130.105,164.855,42.76,9.465,0.88795,8.135,0,9.007065462,0
2006,350,12,64.0815,276.207,100.4,125.845,32.075,9.96,0.92465,8.455,0,9.007065542,0
2006,350,13,67.4235,157.09,55.255,67.045,17.2,10.265,0.95955,7.44,0,9.007065829,0
2006,350,14,73.2935,117.76,40.87,48.175,12.555,10.975,0.9759,9.105,0,9.007065526,0
2006,350,15,81.102,38.663,12.29,12.395,4.255,11.485,0.97175,8.655,0,9.005525724,0
2006,350,16,90.2925,4.968,0.925,0.19,0.395,11.92,0.9664,7.935,0,8.894729708,0
2006,350,17,100.786,0.46,0,0,0.145,12.225,0.9475,8.07,0,8.89616854,0
2006,350,18,111.733,0.46,0,0,0.055,12.235,0.94265,5.635,0,8.896233317,0
2006,350,19,123.0655,0.46,0,0,0.19,12.425,0.94195,5.085,0,8.896284804,0
2006,350,20,134.515,0.506,0,0,0.155,11.57,0.9568,4.89,0,8.896381979,0
2006,350,21,145.7025,0.46,0,0,0.04,11.73,0.9435,5.97,0,8.896520031,0
2006,350,22,155.7755,0.46,0,0,0.03,11.71,0.9443,6.925,0,8.896687269,0
2006,350,23,162.2915,0.575,0,0,0.025,11.505,0.95305,6.345,0,8.896877369,0
2006,351,0,161.2215,0.46,0,0,0,12.18,0.9475,6.26,0.22225,8.897074963,0
2006,351,1,153.4255,0.46,0,0,0,12.855,0.9326,6.015,0.22225,8.897261175,0
2006,351,2,142.9345,0.46,0,0,0.05,13,0.929,5.35,0.22225,8.897428107,0
2006,351,3,131.6305,0.46,0,0,0.035,12.75,0.94085,4.94,0.22225,8.89756332,0
2006,351,4,120.1835,0.46,0,0,0.025,12.67,0.9463,4.785,0.22225,8.897657782,0
2006,351,5,108.9285,0.483,0,0,0.115,12.245,0.95715,3.155,0.22225,8.897704834,0
2006,351,6,98.1235,0.851,0,0,0.12,11.05,0.97735,2.57,0.22225,8.897701135,0
2006,351,7,87.8135,4.922,0.765,0.01,0.285,11.035,0.98535,2.08,0.22225,8.897591489,0
2006,351,8,79.002,40.641,12.245,12.895,4.295,10.495,0.9919,3.915,0.22225,8.772007386,0
2006,351,9,71.627,99.958,33.625,39.505,10.49,9.835,0.98965,4.11,0.22225,8.732838998,0
2006,351,10,66.351,137.448,47.62,57.025,14.445,9.37,0.96685,4.305,0.22225,8.73216448,0
2006,351,11,63.73,146.188,50.3,60.63,15.365,8.725,0.9671,5.1,0.22225,8.732154999,0
2006,351,12,64.103,112.976,38.15,44.255,11.145,8.29,0.98585,5.84,0.22225,8.732154875,0
2006,351,13,67.4195,194.419,70.61,85.51,21.285,8.26,0.9019,5.755,0.22225,8.732154917,0
2006,351,14,73.269,108.744,38.555,45.16,11.515,8.325,0.87125,4.99,0.22225,8.732155043,0
2006,351,15,81.0595,22.862,6.535,5.45,2.29,8.245,0.86155,4.11,0.22225,8.689117928,0
2006,351,16,90.241,2.415,0.16,0,0.42,7.885,0.85435,4.145,0.22225,8.635700001,0
2006,351,17,100.7225,1.173,0,0,0.21,6.73,0.9657,4.045,0.22225,8.636049557,0
2006,351,18,111.6625,0.943,0,0,0.275,6.335,0.98525,4.055,0.22225,8.636066129,0
2006,351,19,122.99,0.805,0,0,0.255,5.835,0.9705,5.03,0.22225,8.636124597,0
2006,351,20,134.44,0.506,0,0,0.13,6.135,0.8728,4.42,0.22225,8.636228328,0
2006,351,21,145.635,0.598,0,0,0.195,6.065,0.8901,4.235,0.22225,8.636367321,0
2006,351,22,155.7285,0.46,0,0,0.135,5.965,0.90565,3.97,0.22225,8.636536998,0
2006,351,23,162.296,0.506,0,0,0.535,5.2,0.87845,5.65,0.22225,8.636722298,0
2006,352,0,161.2925,0.46,0,0,0.15,4.71,0.85555,4.55,0.03175,8.636914544,0
2006,352,1,153.5285,0.46,0,0,0.125,4.825,0.86915,3.48,0.03175,8.637098026,0
2006,352,2,143.0435,0.46,0,0,0.17,4.86,0.8324,3.71,0.03175,8.637262254,0
2006,352,3,131.7415,0.437,0,0,0.205,4.51,0.81545,4.365,0.03175,8.637394942,0
2006,352,4,120.294,0.414,0,0,0.18,4.115,0.8318,5.025,0.03175,8.637486837,0
2006,352,5,109.038,0.276,0,0,0.345,3.25,0.8179,4.555,0.03175,8.637530963,0
2006,352,6,98.2305,0.437,0,0,0.325,2.195,0.87015,3.085,0.03175,8.637527552,0
2006,352,7,87.946,45.747,16.385,16.785,6.205,1.345,0.8867,4.42,0.03175,8.636950753,0
2006,352,8,79.094,253.897,105.12,124.69,35.52,1.57,0.852,5.405,0.03175,8.633448178,0
2006,352,9,71.707,519.041,210.815,260.625,70.76,2.415,0.80345,5.515,0.03175,8.633173456,0
2006,352,10,66.411,734.551,294.42,375.335,101.05,3.815,0.7579,4.24,0.03175,8.633168402,0
2006,352,11,63.7685,830.691,325.515,425.845,117.03,5.105,0.66385,4.6,0.03175,8.633168315,0
2006,352,12,64.1165,799.365,308.165,407.245,115.705,5.615,0.6159,5.23,0.03175,8.633168335,0
2006,352,13,67.4085,666.494,252.76,333.91,99.325,6.015,0.62705,4.255,0.03175,8.633168379,0
2006,352,14,73.2365,433.366,159.765,210.375,67.4,6.115,0.59105,4.42,0.03175,8.633168518,0
2006,352,15,81.013,212.635,76.425,99.325,36.37,5.465,0.64275,4.3,0.03175,8.633168984,0
2006,352,16,90.1835,23.391,7.175,8.395,4.35,4.185,0.7424,3.755,0.03175,8.635959008,0
2006,352,17,100.6525,0.115,0,0,0.26,2.635,0.80555,3.58,0.03175,8.673837679,0
2006,352,18,111.5865,0,0,0,0.065,2.125,0.8264,3.345,0.03175,8.675317486,0
2006,352,19,122.912,0.023,0,0,0.11,1.16,0.85415,3.865,0.03175,8.67538444,0
2006,352,20,134.3635,0.046,0,0,0.125,0.945,0.85765,3.37,0.03175,8.675467189,0
2006,352,21,145.562,0.023,0,0,0.075,0.48,0.86425,3.21,0.03175,8.675584137,0
2006,352,22,155.6735,0,0,0,0.13,0.045,0.88925,3.295,0.03175,8.675726531,0
2006,352,23,162.294,0,0,0,0.115,-0.32,0.8806,3.13,0.03175,8.675884518,0
2006,353,0,161.358,0.023,0,0,0.085,-0.67,0.8868,3.2,0,8.676048335,0
2006,353,1,153.6255,0,0,0,0.05,-1.22,0.8964,3.225,0,8.676206934,0
2006,353,2,143.1495,0,0,0,0.015,-1.445,0.905,2.455,0,8.676347887,0
2006,353,3,131.8495,0,0,0,0,-1.79,0.914,3.245,0,8.676462341,0
2006,353,4,120.402,0,0,0,0,-1.995,0.91805,2.075,0,8.676542312,0
2006,353,5,109.142,0,0,0,0,-2.38,0.9216,2.32,0,8.676582049,0
2006,353,6,98.331,0.23,0,0,0.005,-2.695,0.92885,2.14,0,8.676579291,0
2006,353,7,88.0355,43.815,15.105,15.535,7.565,-2.78,0.911,2.07,0,8.66993124,0
2006,353,8,79.179,261.993,95.485,122.54,46.98,-1.95,0.8921,1.325,0,8.665442017,0
2006,353,9,71.78,572.907,226.18,292.085,89.645,-0.71,0.8263,2.06,0,8.665120332,0
2006,353,10,66.465,769.994,312.65,406.065,114.8,0.465,0.7907,3.02,0,8.665114447,0
2006,353,11,63.801,755.826,303.465,399.52,112.91,2.245,0.7082,1.745,0,8.665114347,0
2006,353,12,64.1235,575.506,228.165,298.965,83.75,2.895,0.67,1.55,0,8.665114368,0
2006,353,13,67.39,460.483,178.89,234.095,68.86,3.315,0.6379,1.765,0,8.665114413,0
2006,353,14,73.1975,258.888,99.73,124.635,36.33,3.52,0.6321,0.94,0,8.665114556,0
2006,353,15,80.958,110.446,43.93,52.4,13.71,2.87,0.58865,0.96,0,8.665115038,0
2006,353,16,90.121,16.468,6.07,5.99,1.645,2.285,0.63875,1.385,0,8.666153962,0
2006,353,17,100.5765,0,0,0,0,1.01,0.78275,1.905,0,8.690719964,0
2006,353,18,111.506,0,0,0,0,0.365,0.85135,2.45,0,8.691553539,0
2006,353,19,122.8275,0,0,0,0,0.335,0.83025,1.4,0,8.691609971,0
2006,353,20,134.277,0,0,0,0,-0.485,0.885,0.92,0,8.691692046,0
2006,353,21,145.484,0,0,0,0,-0.59,0.88425,1.185,0,8.6918077,0
2006,353,22,155.614,0,0,0,0,-0.76,0.85855,2.215,0,8.691949155,0
2006,353,23,162.2815,0,0,0,0,-1.24,0.86795,2.625,0,8.692107793,0
2006,354,0,161.4165,0,0,0,0,-1.72,0.8837,3.05,0.1905,8.692271406,0
2006,354,1,153.717,0,0,0,0,-2.125,0.8898,2.68,0.1905,8.692429024,0
2006,354,2,143.251,0,0,0,0,-2.23,0.8939,2.795,0.1905,8.6925705,0
2006,354,3,131.953,0,0,0,0,-2.405,0.9062,3.1,0.1905,8.692684996,0
2006,354,4,120.5045,0.023,0,0,0,-2.325,0.92275,3.78,0.1905,8.692765256,0
2006,354,5,109.242,0.046,0,0,0,-1.055,0.91335,3.725,0.1905,8.692805354,0
2006,354,6,98.4285,0.092,0,0,0,-0.63,0.91375,3.72,0.1905,8.692802118,0
2006,354,7,88.118,15.87,4.88,4.91,2.01,-0.33,0.9156,3.515,0.1905,8.691881922,0
2006,354,8,79.2595,106.789,40.11,48.705,13.1,0.335,0.8914,3.695,0.1905,8.65133134,0
2006,354,9,71.845,271.285,102.975,127.31,31.01,0.98,0.87845,3.88,0.1905,8.648910606,0
2006,354,10,66.514,249.573,91.53,113.34,27.695,1.685,0.86645,3.635,0.1905,8.648865476,0
2006,354,11,63.824,323.817,118.03,146.2,36.01,2.51,0.86375,4.225,0.1905,8.648864837,0
2006,354,12,64.121,261.28,93.76,115.21,28.31,3.195,0.8433,4.425,0.1905,8.648864909,0
2006,354,13,67.3645,149.569,52.71,61.935,14.935,3.5,0.8728,3.895,0.1905,8.648865169,0
2006,354,14,73.152,67.85,23.75,24.96,5.99,3.735,0.90715,4.565,0.1905,8.648864936,0
2006,354,15,80.8975,17.227,4.885,2.655,1.48,3.94,0.91585,3.095,0.1905,8.544350579,0
2006,354,16,90.053,2.898,0.32,0,0.245,3.87,0.94525,3.64,0.1905,8.523395151,0
2006,354,17,100.4965,0.46,0,0,0.005,3.99,0.93675,4.48,0.1905,8.523552839,0
2006,354,18,111.42,0.46,0,0,0,4.57,0.90505,4.95,0.1905,8.523563297,0
2006,354,19,122.7405,0.46,0,0,0.01,4.915,0.89095,3.97,0.1905,8.523613762,0
2006,354,20,134.191,0.598,0,0,0.055,4.975,0.9024,3.45,0.1905,8.52371132,0
2006,354,21,145.399,0.644,0,0,0.01,5.04,0.91715,5.56,0.1905,8.523853532,0
2006,354,22,155.545,0.46,0,0,0.04,5.055,0.9431,6.435,0.1905,8.524023544,0
2006,354,23,162.262,0.736,0,0,0.02,5.4,0.9674,5.24,0.1905,8.524214137,0
2006,355,0,161.4665,0.897,0,0,0.03,5.795,0.97895,5.175,0.656166667,8.524426466,0
2006,355,1,153.8025,0.92,0,0,0.02,6.1,0.9834,5.815,0.656166667,8.524637146,0
2006,355,2,143.3485,0.92,0,0,0.015,6.3,0.9859,6.625,0.656166667,8.524826715,0
2006,355,3,132.0525,0.92,0,0,0,6.745,0.98865,5.74,0.656166667,8.524980089,0
2006,355,4,120.6035,0.92,0,0,0.005,7.03,0.9914,6.815,0.656166667,8.525086763,0
2006,355,5,109.34,0.92,0,0,0,7.25,0.9914,6.395,0.656166667,8.525139185,0
2006,355,6,98.5195,1.012,0,0,0,7.775,0.9921,6.75,0.656166667,8.525134013,0
2006,355,7,88.198,5.336,0.87,0.22,0.25,8.395,0.9944,7.135,0.656166667,8.525016525,0
2006,355,8,79.332,22.494,6.09,4.495,1.515,8.765,0.9874,7.34,0.656166667,8.5094288,0
2006,355,9,71.9065,61.295,20.295,20.795,4.04,9.07,0.9877,7.265,0.656166667,8.319145713,0
2006,355,10,66.5545,62.215,20.73,20.995,4.11,9.7,0.9907,7.355,0.656166667,8.313303201,0
2006,355,11,63.8405,60.099,19.725,19.335,3.815,10.24,0.99085,6.9,0.656166667,8.313117396,0
2006,355,12,64.1125,66.815,21.385,21.395,4.1,10.72,0.9883,6.265,0.656166667,8.313044784,0
2006,355,13,67.333,55.637,18.115,17.475,3.73,11.05,0.98645,6.385,0.656166667,8.312919173,0
2006,355,14,73.1,64.446,22.225,22.74,4.63,11.215,0.99205,6.655,0.656166667,8.312691721,0
2006,355,15,80.8305,39.376,13.43,12.495,3.13,11.39,0.99525,6.685,0.656166667,8.307552589,0
2006,355,16,89.9785,4.692,0.86,0.065,0.315,11.4,0.99675,6.485,0.656166667,8.231785151,0
2006,355,17,100.4115,0.46,0,0,0,11.335,0.99715,6.14,0.656166667,8.234627165,0
2006,355,18,111.329,0.506,0,0,0,11.32,0.999,6.25,0.656166667,8.234704725,0
2006,355,19,122.647,0.46,0,0,0.005,11.34,0.998833333,5.43,0.656166667,8.234752166,0
2006,355,20,134.0975,0.46,0,0,0,11.395,0.998833333,6.055,0.656166667,8.234842455,0
2006,355,21,145.311,0.575,0,0,0.015,11.41,0.998833333,6.225,0.656166667,8.234973664,0
2006,355,22,155.473,0.69,0,0,0.01,11.475,0.998833333,5.765,0.656166667,8.235141331,0
2006,355,23,162.236,0.46,0,0,0.025,11.565,0.998833333,5.855,0.656166667,8.235327747,0
2006,356,0,161.5085,0.736,0,0,0.055,11.6,0.998666667,6.015,0.687916667,8.235520512,0
2006,356,1,153.8835,0.989,0,0,0.025,11.62,0.997,6.905,0.687916667,8.235723849,0
2006,356,2,143.44,0.966,0,0,0.02,11.645,0.9955,5.36,0.687916667,8.235914722,0
2006,356,3,132.1485,0.92,0,0,0.035,11.58,0.99715,4.875,0.687916667,8.236069014,0
2006,356,4,120.7005,0.943,0,0,0.015,11.565,0.999666667,5.925,0.687916667,8.23617702,0
2006,356,5,109.4315,0.92,0,0,0.195,11.5,0.997083333,5.85,0.687916667,8.236232326,0
2006,356,6,98.6065,0.92,0,0,0.26,10.95,0.9872,5.13,0.687916667,8.236230664,0
2006,356,7,88.274,7.429,1.245,0.73,0.635,10.11,0.98125,4.59,0.687916667,8.236085831,0
2006,356,8,79.4015,132.802,53.63,61.37,13.395,9.605,0.9316,6.67,0.687916667,8.226423426,0
2006,356,9,71.959,443.233,186.955,221.6,51.92,9.82,0.9084,8.75,0.687916667,8.224340437,0
2006,356,10,66.5875,631.787,259.21,314.98,71.775,9.48,0.85515,10.065,0.687916667,8.224296057,0
2006,356,11,63.8505,676.016,272.82,339.94,79.99,8.795,0.8627,9.96,0.687916667,8.224295411,0
2006,356,12,64.096,491.579,195.335,241.65,58.24,8.565,0.82145,9.175,0.687916667,8.224295526,0
2006,356,13,67.292,511.382,199.695,253.975,68.07,8.585,0.7528,9.51,0.687916667,8.224295971,0
2006,356,14,73.042,263.718,100.58,125.035,33.38,8.11,0.72435,9.955,0.687916667,8.224295431,0
2006,356,15,80.757,158.309,55.475,67.655,23,7.535,0.75425,8.275,0.687916667,8.224295508,0
2006,356,16,89.9015,27.094,7.98,8.755,5.325,6.945,0.80515,6.935,0.687916667,8.226996071,0
2006,356,17,100.3205,0.092,0,0,0.23,5.925,0.85435,5.455,0.687916667,8.270471326,0
2006,356,18,111.235,0.046,0,0,0.12,5.09,0.8713,5.045,0.687916667,8.272417602,0
2006,356,19,122.5505,0.069,0,0,0.215,4.455,0.88325,5.29,0.687916667,8.272486639,0
2006,356,20,134.0005,0.138,0,0,0.075,3.635,0.9309,5.195,0.687916667,8.272565326,0
2006,356,21,145.2175,0.115,0,0,0.12,3.535,0.92785,6.035,0.687916667,8.272680007,0
2006,356,22,155.3955,0.046,0,0,0.03,3.585,0.941,5.4,0.687916667,8.272819434,0
2006,356,23,162.2005,0.115,0,0,0.01,3.995,0.93995,4.495,0.687916667,8.272975487,0
2006,357,0,161.544,0.069,0,0,0.005,4.545,0.9397,4.62,0,8.273140378,0
2006,357,1,153.958,0.046,0,0,0.035,4.95,0.91495,6.17,0,8.273298022,0
2006,357,2,143.5275,0.138,0,0,0.035,4.825,0.91985,6.38,0,8.273441552,0
2006,357,3,132.24,0.046,0,0,0.05,4.795,0.9042,7.365,0,8.273559603,0
2006,357,4,120.791,0.023,0,0,0.075,4.67,0.85325,7.82,0,8.273641828,0
2006,357,5,109.52,0,0,0,0.12,4.39,0.85685,7.055,0,8.273684512,0
2006,357,6,98.6895,0.023,0,0,0.13,3.96,0.88775,7.455,0,8.273685439,0
2006,357,7,88.3425,11.454,2.84,1.83,1.275,3.62,0.86605,9.28,0,8.273426492,0
2006,357,8,79.462,45.149,15.225,15.135,4.37,3.27,0.89805,9.545,0,8.178940491,0
2006,357,9,72.006,93.38,33,37.245,9.295,3.27,0.88085,9.325,0,8.164677507,0
2006,357,10,66.612,116.61,41.19,47.375,11.44,3.14,0.87925,8.79,0,8.164376054,0
2006,357,11,63.8505,173.696,63.33,75.035,17.88,3.315,0.8744,8.35,0,8.164371508,0
2006,357,12,64.0715,220.11,81.9,99.015,23.73,3.55,0.86465,8.46,0,8.164371492,0
2006,357,13,67.245,212.957,79.98,97.205,23.565,3.88,0.8649,8.01,0,8.164371455,0
2006,357,14,72.9755,229.931,87.93,109.27,28.83,4.31,0.8587,6.29,0,8.164371488,0
2006,357,15,80.679,235.428,88.175,113.445,39.655,4.87,0.8321,5.75,0,8.16437158,0
2006,357,16,89.7765,29.371,9.52,10.855,5.43,4.33,0.88555,3.745,0,8.165893451,0
2006,357,17,100.2255,0.299,0,0,0.035,3.52,0.8954,3.61,0,8.209897756,0
2006,357,18,111.1355,0.46,0,0,0,2.505,0.9319,4.115,0,8.212308388,0
2006,357,19,122.448,0.46,0,0,0.025,1.995,0.94435,3.95,0,8.212388192,0
2006,357,20,133.898,0.46,0,0,0.02,1.36,0.95205,3.485,0,8.212474978,0
2006,357,21,145.1195,0.46,0,0,0.02,2.005,0.89865,4.865,0,8.212600497,0
2006,357,22,155.31,0.46,0,0,0.16,1.64,0.8916,6.15,0,8.212756735,0
2006,357,23,162.156,0.437,0,0,0.08,0.82,0.9214,4.13,0,8.212932934,0
2006,358,0,161.571,0.437,0,0,0.005,0.49,0.92875,2.735,0,8.213116369,0
2006,358,1,154.0275,0.391,0,0,0.045,0.685,0.9093,2.44,0,8.21329389,0
2006,358,2,143.61,0.46,0,0,0,0.325,0.92595,1.82,0,8.213454399,0
2006,358,3,132.326,0.345,0,0,0,-0.12,0.94165,1.955,0,8.213586024,0
2006,358,4,120.876,0.368,0,0,0,-1.015,0.9666,2.18,0,8.21367892,0
2006,358,5,109.603,0.023,0,0,0,-1.24,0.98225,1.15,0,8.213725874,0
2006,358,6,98.7675,0.345,0,0,0,-1.515,0.98885,1.44,0,8.2137287,0
2006,358,7,88.445,30.268,10.47,12.85,5.05,-2.595,0.9927,0.725,0,8.204550517,0
2006,358,8,79.519,206.747,79.775,107.415,36.795,-2.565,0.99645,1.525,0,8.216566222,0
2006,358,9,72.0445,482.471,196.25,245.565,67.38,-0.295,0.9929,2.57,0,8.215871395,0
2006,358,10,66.6315,436.609,176.58,218.09,49.915,0.25,0.9869,4.265,0,8.215855951,0
2006,358,11,63.846,513.222,207.4,257.93,60.175,0.47,0.9811,2.865,0,8.215855726,0
2006,358,12,64.0385,537.303,214.505,272.42,68.595,1.65,0.9607,2.26,0,8.215855801,0
2006,358,13,67.191,374.325,148.72,187.915,47.5,1.495,0.9671,2.955,0,8.215856076,0
2006,358,14,72.903,268.272,106.615,134.375,35,1.44,0.97715,3.71,0,8.215855804,0
2006,358,15,80.594,83.973,32.02,38.035,10.365,1.195,0.98865,3.565,0,8.215855998,0
2006,358,16,89.6915,10.787,3.265,2.955,1.475,1.045,0.9953,3.345,0,8.215996257,0
2006,358,17,100.125,0.46,0,0,0.045,1.515,0.99815,3.415,0,8.234030145,0
2006,358,18,111.031,0.46,0,0,0.095,1.265,0.99795,2.495,0,8.234540379,0
2006,358,19,122.343,0.46,0,0,0.01,0.945,0.99885,1.855,0,8.234590803,0
2006,358,20,133.793,0.46,0,0,0,1.205,0.9922,1.86,0,8.234678062,0
2006,358,21,145.017,0.46,0,0,0,1.195,0.98135,0.92,0,8.23480447,0
2006,358,22,155.2185,0.46,0,0,0,1.425,0.95935,1.27,0,8.234961586,0
2006,358,23,162.106,0.46,0,0,0.01,1.35,0.95235,1.1,0,8.235138391,0
2006,359,0,161.59,0.46,0,0,0.025,1.195,0.9541,1.845,0.010583333,8.235324308,0
2006,359,1,154.0905,0.483,0,0,0.005,1.59,0.95235,2.435,0.010583333,8.235505032,0
2006,359,2,143.688,0.46,0,0,0.005,1.83,0.94545,2.61,0.010583333,8.23566843,0
2006,359,3,132.408,0.46,0,0,0.01,1.845,0.9433,2.65,0.010583333,8.2358027,0
2006,359,4,120.958,0.46,0,0,0.01,2.01,0.93915,2.48,0.010583333,8.235898588,0
2006,359,5,109.6805,0.46,0,0,0.05,1.775,0.94705,1.94,0.010583333,8.235949719,0
2006,359,6,98.838,0.46,0,0,0.09,1.215,0.96825,3.005,0.010583333,8.235952103,0
2006,359,7,88.505,25.76,9.96,10.4,3,1.18,0.97555,3.06,0.010583333,8.230240582,0
2006,359,8,79.5675,110.814,44.85,51.835,12.245,2,0.967,3.155,0.010583333,8.231804926,0
2006,359,9,72.077,207.253,81.145,95.96,22.33,3.215,0.91535,3.74,0.010583333,8.230746725,0
2006,359,10,66.6415,170.752,62.88,73.665,17.17,4.15,0.88005,2.685,0.010583333,8.230723307,0
2006,359,11,63.831,134.297,46.985,53.865,12.435,4.335,0.87495,2.525,0.010583333,8.230722965,0
2006,359,12,64,158.125,54.6,64.345,15.165,3.945,0.914,5.085,0.010583333,8.230723045,0
2006,359,13,67.128,198.927,71.055,85.785,20.915,4.07,0.91215,7.445,0.010583333,8.230723341,0
2006,359,14,72.8245,92.23,30.955,35.43,9.005,3.44,0.93355,7.705,0.010583333,8.230723029,0
2006,359,15,80.5045,54.924,18.91,20.675,5.505,2.825,0.95705,8.055,0.010583333,8.230705772,0
2006,359,16,89.597,6.785,1.33,0.69,0.74,2.735,0.957,7.705,0.010583333,8.198750528,0
2006,359,17,100.021,0.529,0,0,0.18,2.75,0.9611,7.58,0.010583333,8.205883532,0
2006,359,18,110.9235,0.46,0,0,0.205,2.3,0.9769,8.37,0.010583333,8.206083337,0
2006,359,19,122.233,0.46,0,0,0.21,2.215,0.96175,9.08,0.010583333,8.206128717,0
2006,359,20,133.683,0.552,0,0,0.19,1.99,0.94865,9.365,0.010583333,8.206216747,0
2006,359,21,144.9085,0.46,0,0,0.43,1.425,0.9383,8.83,0.010583333,8.206345306,0
2006,359,22,155.121,0.46,0,0,0.35,0.89,0.9329,9.105,0.010583333,8.206502237,0
2006,359,23,162.0465,0.598,0,0,0.19,0.11,0.96475,9.465,0.010583333,8.20668272,0
2006,360,0,161.602,0.46,0,0,0.14,-0.15,0.9692,10.185,0,8.206872494,0
2006,360,1,154.147,0.46,0,0,0.025,-0.005,0.9346,9.825,0,8.207052118,0
2006,360,2,143.7615,0.46,0,0,0.08,0.165,0.9024,10.565,0,8.207215053,0
2006,360,3,132.485,0.46,0,0,0.245,-0.055,0.90365,10.03,0,8.207348792,0
2006,360,4,121.0345,0.368,0,0,0.185,-0.175,0.89015,9.485,0,8.207443075,0
2006,360,5,109.7545,0.161,0,0,0.215,-0.275,0.8725,10.15,0,8.20749071,0
2006,360,6,98.9045,0.299,0,0,0.185,-0.475,0.87505,9.215,0,8.207493071,0
2006,360,7,88.558,25.852,8.405,7.895,2.625,-0.63,0.87875,8.03,0,8.201884983,0
2006,360,8,79.612,141.749,55.67,65.825,16.37,-0.525,0.8707,7.815,0,8.210613967,0
2006,360,9,72.1035,305.394,121.985,149.185,36.275,-0.355,0.85195,7.97,0,8.209661936,0
2006,360,10,66.645,387.757,154.6,191.215,45.535,-0.065,0.8351,7.53,0,8.20964072,0
2006,360,11,63.809,340.354,132.81,164.74,39.68,0.255,0.80615,6.74,0,8.209640413,0
2006,360,12,63.953,321.563,123.895,154.69,37.835,0.29,0.77585,6.55,0,8.209640498,0
2006,360,13,67.06,367.126,143.78,180.695,45.67,0.605,0.7661,6.495,0,8.209640818,0
2006,360,14,72.739,376.395,146.235,186.16,54.975,1.02,0.7625,6.08,0,8.209640465,0
2006,360,15,80.4065,219.811,81.96,103.36,37.335,1.57,0.74995,5.515,0,8.209640606,0
2006,360,16,89.4985,31.073,8.98,9.875,5.66,1.01,0.77715,4.63,0,8.210451606,0
2006,360,17,99.911,0.046,0,0,0.03,0.315,0.8091,4.295,0,8.248257204,0
2006,360,18,110.81,0.092,0,0,0.02,-0.365,0.8458,3.515,0,8.250969762,0
2006,360,19,122.1185,0.207,0,0,0,-0.84,0.8603,2.945,0,8.251049667,0
2006,360,20,133.5675,0.253,0,0,0,-1.44,0.9095,3.18,0,8.251129081,0
2006,360,21,144.798,0.276,0,0,0.005,-1.665,0.91425,3.57,0,8.251246094,0
2006,360,22,155.0185,0.23,0,0,0,-2.16,0.9266,3.115,0,8.251392363,0
2006,360,23,161.9805,0.161,0,0,0,-2.51,0.9277,3.07,0,8.251555112,0
2006,361,0,161.6055,0.184,0,0,0,-2.29,0.90145,3.235,0,8.251722969,0
2006,361,1,154.198,0.207,0,0,0,-2.075,0.90325,3.6,0,8.251888428,0
2006,361,2,143.8295,0.184,0,0,0.01,-1.755,0.8908,3.61,0,8.252038267,0
2006,361,3,132.5595,0.115,0,0,0.035,-1.945,0.8833,3.975,0,8.252160373,0
2006,361,4,121.1065,0.069,0,0,0.005,-2.25,0.8966,3.685,0,8.252246497,0
2006,361,5,109.822,0.069,0,0,0.005,-2.43,0.90115,4.085,0,8.252292731,0
2006,361,6,98.967,0.276,0,0,0.01,-2.61,0.89685,4.23,0,8.252296622,0
2006,361,7,88.605,46.207,16.675,17.525,9.105,-2.9,0.89825,3.475,0,8.284261986,0
2006,361,8,79.65,148.005,56.175,70.555,22.76,-1.47,0.8602,4.515,0,8.28812316,0
2006,361,9,72.122,458.942,180.27,227.275,62.035,-0.235,0.82495,4.285,0,8.287926044,0
2006,361,10,66.6425,469.085,185.59,230.685,54.69,1.015,0.8036,4.49,0,8.287921758,0
2006,361,11,63.78,476.951,183.225,231.53,57.21,2.01,0.76045,5.52,0,8.287921692,0
2006,361,12,63.8985,623.415,238.44,308.54,81.22,3.2,0.73195,5.85,0,8.28792174,0
2006,361,13,66.9845,353.096,135.16,170.225,42.33,3.265,0.7552,5.65,0,8.287921903,0
2006,361,14,72.647,202.492,77.29,94.885,23.675,3.46,0.77045,5.01,0,8.287922512,0
2006,361,15,80.305,93.242,35.175,41.67,11.22,3.58,0.7686,5.16,0,8.287921728,0
2006,361,16,89.3945,11.615,3.33,2.73,1.42,3.165,0.77765,5.09,0,8.288627668,0
2006,361,17,99.7955,0.046,0,0,0.1,2.505,0.8295,4.76,0,8.308285503,0
2006,361,18,110.695,0,0,0,0.045,2.03,0.86365,5.2,0,8.308869696,0
2006,361,19,122.002,0,0,0,0.015,2.015,0.8689,6.365,0,8.308915486,0
2006,361,20,133.4505,0,0,0,0.04,1.855,0.87425,6.19,0,8.308990573,0
2006,361,21,144.6805,0.023,0,0,0.01,1.905,0.857,6.31,0,8.309099872,0
2006,361,22,154.91,0,0,0,0,1.705,0.8483,6.345,0,8.309236071,0
2006,361,23,161.906,0,0,0,0,2.12,0.82785,7.105,0,8.309388987,0
2006,362,0,161.6,0,0,0,0.045,2.315,0.8183,7.48,0,8.309548735,0
2006,362,1,154.241,0,0,0,0.045,2.055,0.83965,6.285,0,8.30970424,0
2006,362,2,143.8905,0,0,0,0.015,2.46,0.82185,7.125,0,8.309844728,0
2006,362,3,132.6255,0,0,0,0.005,2.475,0.83065,5.7,0,8.309960432,0
2006,362,4,121.1745,0,0,0,0,2.5,0.83995,4.78,0,8.310043363,0
2006,362,5,109.8855,0,0,0,0.02,2.405,0.83625,4.39,0,8.310087472,0
2006,362,6,99.0235,0.069,0,0,0.05,1.855,0.83815,5.695,0,8.310090245,0
2006,362,7,88.6475,34.27,12.255,12.435,5.72,1.52,0.8453,5.37,0,8.302057939,0
2006,362,8,79.679,221.996,82.36,102.115,34.06,2.195,0.833,5.83,0,8.308801036,0
2006,362,9,72.1355,510.186,192.64,248.66,76.815,3.815,0.7977,6.485,0,8.308257935,0
2006,362,10,66.631,751.065,285.605,373.565,108.1,5.97,0.7489,7.315,0,8.308246306,0
2006,362,11,63.743,850.057,322.05,423.76,120.18,7.145,0.7163,7.47,0,8.308246188,0
2006,362,12,63.836,835.705,315.76,413.955,117.31,8.515,0.6919,5.87,0,8.308246414,0
2006,362,13,66.903,726.501,271.205,356.09,105.1,9.265,0.66775,6.51,0,8.308246256,0
2006,362,14,72.548,509.634,187.58,244.415,78.435,9.585,0.68035,6.945,0,8.308246261,0
2006,362,15,80.1985,236.578,85.115,107.45,38.665,9.565,0.7151,5.14,0,8.308246155,0
2006,362,16,89.248,28.405,8.965,10.135,4.235,8.09,0.7869,3.645,0,8.309563137,0
2006,362,17,99.6775,0.345,0,0,0,6.85,0.81565,3.59,0,8.346653052,0
2006,362,18,110.574,0.322,0,0,0.035,5.805,0.84475,3.46,0,8.3487815,0
2006,362,19,121.879,0.368,0,0,0.005,5.33,0.85575,3.755,0,8.348856382,0
2006,362,20,133.3275,0.207,0,0,0.005,5.07,0.8627,4.295,0,8.348939651,0
2006,362,21,144.56,0.023,0,0,0.01,4.42,0.8663,3.925,0,8.349053806,0
2006,362,22,154.7965,0.069,0,0,0,4.21,0.8623,3.905,0,8.349191287,0
2006,362,23,161.824,0.046,0,0,0.005,3.855,0.85985,3.85,0,8.349347547,0
2006,363,0,161.588,0,0,0,0,3.785,0.84375,3.845,0.010583333,8.349509141,0
2006,363,1,154.2785,0.069,0,0,0,3.025,0.85985,3.71,0.010583333,8.349666413,0
2006,363,2,143.9485,0.184,0,0,0,2.49,0.8769,2.61,0.010583333,8.349813027,0
2006,363,3,132.69,0.253,0,0,0,2.45,0.87865,2.7,0.010583333,8.349937791,0
2006,363,4,121.2365,0.368,0,0,0.005,2.61,0.86055,3.58,0.010583333,8.35003002,0
2006,363,5,109.9435,0.391,0,0,0.035,2.1,0.86085,3.995,0.010583333,8.350080818,0
2006,363,6,99.0725,0.46,0,0,0,2.08,0.85555,4.145,0.010583333,8.350083654,0
2006,363,7,88.685,40.043,13.6,13.335,6.135,1.88,0.8718,3.92,0.010583333,8.357196134,0
2006,363,8,79.705,314.617,121.75,152.095,49.035,3.235,0.85635,3.48,0.010583333,8.361316338,0
2006,363,9,72.1415,508.898,194.58,251.365,73.35,6.015,0.80235,1.81,0.010583333,8.360982184,0
2006,363,10,66.6135,532.772,201.53,261.19,71.385,7.86,0.7964,1.825,0.010583333,8.360975152,0
2006,363,11,63.6995,657.11,249.625,324.195,87.485,9.975,0.77725,2.13,0.010583333,8.360975232,0
2006,363,12,63.7685,773.904,292.645,381.805,106.685,12.495,0.67305,2.915,0.010583333,8.360975052,0
2006,363,13,66.8105,700.281,261.395,342.195,99.21,13.355,0.63455,3.79,0.010583333,8.360975077,0
2006,363,14,72.444,224.549,81.61,102.42,27.95,12.96,0.6836,3.57,0.010583333,8.360975142,0
2006,363,15,80.0865,53.36,18.525,20.675,5.725,11.69,0.7768,3.075,0.010583333,8.360971381,0
2006,363,16,89.137,16.721,5.215,5.17,2.095,10.97,0.82735,4.075,0.010583333,8.31403858,0
2006,363,17,99.5535,0.069,0,0,0.03,10.795,0.806,4.71,0.010583333,8.324203929,0
2006,363,18,110.4485,0,0,0,0.06,10.425,0.77995,5.34,0.010583333,8.324603324,0
2006,363,19,121.7535,0,0,0,0.095,9.835,0.79745,4.86,0.010583333,8.324645941,0
2006,363,20,133.2035,0,0,0,0.005,9.63,0.80765,4.795,0.010583333,8.324720951,0
2006,363,21,144.435,0,0,0,0.03,9.79,0.8337,5,0.010583333,8.324829843,0
2006,363,22,154.6775,0,0,0,0.09,9.71,0.7852,4.54,0.010583333,8.324965379,0
2006,363,23,161.734,0,0,0,0.09,8.245,0.8249,3.945,0.010583333,8.325118188,0
2006,364,0,161.5675,0.391,0,0,0.055,6.86,0.86495,3.89,0,8.325287342,0
2006,364,1,154.31,0.368,0,0,0,6.855,0.8674,3.7,0,8.325463621,0
2006,364,2,144.001,0.069,0,0,0,7.095,0.8706,3.17,0,8.325615995,0
2006,364,3,132.7465,0.069,0,0,0,7.32,0.8546,3.75,0,8.325734626,0
2006,364,4,121.294,0.046,0,0,0,7.635,0.8371,3.46,0,8.325819152,0
2006,364,5,109.9975,0.023,0,0,0.005,7.565,0.8449,3.655,0,8.325863922,0
2006,364,6,99.12,0.023,0,0,0.005,7.89,0.81605,4.26,0,8.32586611,0
2006,364,7,88.7155,7.199,1.705,0.78,0.645,7.97,0.8169,3.8,0,8.325755409,0
2006,364,8,79.7225,42.596,14.35,14.57,4.145,8.845,0.76945,4.53,0,8.233854765,0
2006,364,9,72.1385,118.404,42.09,49.49,12.23,9.11,0.7838,4.655,0,8.213185874,0
2006,364,10,66.587,250.631,92.14,112.985,27.375,9.9,0.7825,5.115,0,8.212745497,0
2006,364,11,63.6475,448.845,168.48,212.38,53.16,11.25,0.7618,5.87,0,8.212738865,0
2006,364,12,63.6925,464.37,174.78,221.69,55.985,12.255,0.75025,6.345,0,8.21273877,0
2006,364,13,66.716,401.534,151.065,191.34,48.72,12.79,0.7488,6.545,0,8.212738851,0
2006,364,14,72.3335,258.221,96.155,120.215,30.77,12.63,0.75885,5.995,0,8.212739131,0
2006,364,15,79.966,92.506,33.315,39.15,10.59,11.9,0.79165,5.3,0,8.212738829,0
2006,364,16,89.0195,13.064,3.625,2.85,1.855,11.055,0.7985,6.405,0,8.214274159,0
2006,364,17,99.4265,0.069,0,0,0.065,10.755,0.8073,4.77,0,8.235635225,0
2006,364,18,110.319,0,0,0,0.03,10.8,0.8014,6.54,0,8.236264766,0
2006,364,19,121.6245,0,0,0,0.165,10.33,0.7971,6.72,0,8.236310335,0
2006,364,20,133.0745,0,0,0,0.09,9.865,0.81475,6.25,0,8.236384102,0
2006,364,21,144.3065,0,0,0,0.085,9.715,0.8251,7.145,0,8.236492047,0
2006,364,22,154.5535,0.667,0,0,0.225,9.06,0.89005,7.085,0,8.23663924,0
2006,364,23,161.6375,0.966,0,0,0.01,8.79,0.94635,8.875,0,8.236835716,0
2006,365,0,161.5375,1.196,0,0,0.005,8.68,0.9497,9.175,1.0795,8.237061874,0
2006,365,1,154.334,1.127,0,0,0,8.52,0.95905,9.15,1.0795,8.23728942,0
2006,365,2,144.0465,0.874,0,0,0.025,8.46,0.9483,8.99,1.0795,8.237486246,0
2006,365,3,132.8005,0.92,0,0,0.025,8.26,0.97175,9.205,1.0795,8.237642182,0
2006,365,4,121.3465,0.92,0,0,0,8.42,0.9834,9.485,1.0795,8.237755041,0
2006,365,5,110.045,0.92,0,0,0,8.77,0.9858,9.215,1.0795,8.237815753,0
2006,365,6,99.1595,0.92,0,0,0,9.125,0.9916,8.1,1.0795,8.237820113,0
2006,365,7,88.7425,9.154,2.365,1.645,0.475,10.115,0.9967,7.51,1.0795,8.237649297,0
2006,365,8,79.734,42.596,14.94,13.61,2.68,11.41,0.99875,7.1,1.0795,8.147399877,0
2006,365,9,72.13,94.76,34.7,37.35,6.985,12.53,0.9967,7.755,1.0795,8.128913039,0
2006,365,10,66.5545,288.282,103.97,129.91,25.385,13.37,0.9953,7.445,1.0795,8.128511084,0
2006,365,11,63.5875,454.112,167.43,212.55,43.535,14.75,0.9212,9.285,1.0795,8.128504935,0
2006,365,12,63.608,596.321,215.605,281.275,65.5,14.85,0.8461,9.865,1.0795,8.128504838,0
2006,365,13,66.6105,459.011,172.9,219.425,55.165,13.775,0.8068,11.04,1.0795,8.128504858,0
2006,365,14,72.217,206.448,77.15,95.325,24.395,12.59,0.81475,7.425,1.0795,8.1285049,0
2006,365,15,79.8435,262.568,94.9,122.495,41.335,12.325,0.73895,6.365,1.0795,8.128505021,0
2006,365,16,88.8975,30.314,9.71,10.99,4.2,10.755,0.7936,3.515,1.0795,8.129473318,0
2006,365,17,99.295,0.529,0,0,1.025,8.015,0.89645,9.05,1.0795,8.168156431,0
2006,365,18,110.188,0.46,0,0,0.16,7.09,0.9355,5.69,1.0795,8.170736654,0
2006,365,19,121.493,0.46,0,0,0.275,7.505,0.85345,9.34,1.0795,8.170816947,0
2006,365,20,132.9415,0.184,0,0,0.22,6.595,0.839,9.945,1.0795,8.170898233,0
2006,365,21,144.1735,0,0,0,0.075,6.305,0.8522,10.54,1.0795,8.171007622,0
2006,365,22,154.4235,0,0,0,0.085,6.14,0.84195,9.41,1.0795,8.171140954,0
2006,365,23,161.5325,0.046,0,0,0.33,5.605,0.8618,10.74,1.0795,8.171291947,0