Iteration: 1 bestvalit: 330.805000 bestmemit:    0.292428    0.019063    0.082860    0.086487    0.865352    0.332101    0.268672    0.301526    0.459077    0.387370    0.326700    0.178638    1.011010    0.089042    0.016469    0.073643    8.477166    7.516024    1.281300    1.929131    1.768882    1.731806    0.851481    2.076555
Iteration: 2 bestvalit: 326.635000 bestmemit:    0.292428    0.019063    0.082860    0.086487    0.865352    0.310892    0.268672    0.301526    0.459077    0.387370    0.326700    0.178638    1.011010    0.089042    0.016469    0.073643    8.477166    7.516024    1.281300    1.929131    1.768882    1.731806    0.851481    2.076555
Iteration: 3 bestvalit: 326.635000 bestmemit:    0.292428    0.019063    0.082860    0.086487    0.865352    0.310892    0.268672    0.301526    0.459077    0.387370    0.326700    0.178638    1.011010    0.089042    0.016469    0.073643    8.477166    7.516024    1.281300    1.929131    1.768882    1.731806    0.851481    2.076555
Iteration: 4 bestvalit: 326.635000 bestmemit:    0.292428    0.019063    0.082860    0.086487    0.865352    0.310892    0.268672    0.301526    0.459077    0.387370    0.326700    0.178638    1.011010    0.089042    0.016469    0.073643    8.477166    7.516024    1.281300    1.929131    1.768882    1.731806    0.851481    2.076555
Iteration: 5 bestvalit: 326.635000 bestmemit:    0.292428    0.019063    0.082860    0.086487    0.865352    0.310892    0.268672    0.301526    0.459077    0.387370    0.326700    0.178638    1.011010    0.089042    0.016469    0.073643    8.477166    7.516024    1.281300    1.929131    1.768882    1.731806    0.851481    2.076555
Iteration: 6 bestvalit: 326.635000 bestmemit:    0.292428    0.019063    0.082860    0.086487    0.865352    0.310892    0.268672    0.301526    0.459077    0.387370    0.326700    0.178638    1.011010    0.089042    0.016469    0.073643    8.477166    7.516024    1.281300    1.929131    1.768882    1.731806    0.851481    2.076555
Iteration: 7 bestvalit: 259.685000 bestmemit:    0.350977    0.023357    0.020879    0.094223    0.117031    0.337528    0.042217    0.050029    0.180522    0.495149    0.327968    0.332703    4.022531    0.014105    0.011362    0.012964    7.979415    9.923666    1.821146    1.616190    1.853467    1.884437    0.825325    1.907679
Iteration: 8 bestvalit: 259.685000 bestmemit:    0.350977    0.023357    0.020879    0.094223    0.117031    0.337528    0.042217    0.050029    0.180522    0.495149    0.327968    0.332703    4.022531    0.014105    0.011362    0.012964    7.979415    9.923666    1.821146    1.616190    1.853467    1.884437    0.825325    1.907679
Iteration: 9 bestvalit: 259.685000 bestmemit:    0.350977    0.023357    0.020879    0.094223    0.117031    0.337528    0.042217    0.050029    0.180522    0.495149    0.327968    0.332703    4.022531    0.014105    0.011362    0.012964    7.979415    9.923666    1.821146    1.616190    1.853467    1.884437    0.825325    1.907679
Iteration: 10 bestvalit: 259.685000 bestmemit:    0.350977    0.023357    0.020879    0.094223    0.117031    0.337528    0.042217    0.050029    0.180522    0.495149    0.327968    0.332703    4.022531    0.014105    0.011362    0.012964    7.979415    9.923666    1.821146    1.616190    1.853467    1.884437    0.825325    1.907679
Iteration: 11 bestvalit: 217.745000 bestmemit:    0.350977    0.023357    0.020879    0.094223    0.117031    0.300297    0.042217    0.050029    0.180522    0.495149    0.327968    0.332703    4.022531    0.014105    0.011362    0.012964    7.979415    9.923666    1.821146    1.616190    1.853467    1.884437    0.825325    1.907679
Iteration: 12 bestvalit: 217.745000 bestmemit:    0.350977    0.023357    0.020879    0.094223    0.117031    0.300297    0.042217    0.050029    0.180522    0.495149    0.327968    0.332703    4.022531    0.014105    0.011362    0.012964    7.979415    9.923666    1.821146    1.616190    1.853467    1.884437    0.825325    1.907679
Iteration: 13 bestvalit: 217.745000 bestmemit:    0.350977    0.023357    0.020879    0.094223    0.117031    0.300297    0.042217    0.050029    0.180522    0.495149    0.327968    0.332703    4.022531    0.014105    0.011362    0.012964    7.979415    9.923666    1.821146    1.616190    1.853467    1.884437    0.825325    1.907679
Iteration: 14 bestvalit: 198.805000 bestmemit:    0.242218    0.027560    0.072939    0.029605    0.682129    0.208531    0.170436    0.188034    0.444462    0.445531    0.371999    0.127130    1.752406    0.045429    0.002604    0.093712    6.988738    5.664367    1.252909    1.772972    1.736708    1.579948    1.016691    2.057309
Iteration: 15 bestvalit: 198.805000 bestmemit:    0.242218    0.027560    0.072939    0.029605    0.682129    0.208531    0.170436    0.188034    0.444462    0.445531    0.371999    0.127130    1.752406    0.045429    0.002604    0.093712    6.988738    5.664367    1.252909    1.772972    1.736708    1.579948    1.016691    2.057309
Iteration: 16 bestvalit: 198.805000 bestmemit:    0.242218    0.027560    0.072939    0.029605    0.682129    0.208531    0.170436    0.188034    0.444462    0.445531    0.371999    0.127130    1.752406    0.045429    0.002604    0.093712    6.988738    5.664367    1.252909    1.772972    1.736708    1.579948    1.016691    2.057309
Iteration: 17 bestvalit: 198.805000 bestmemit:    0.242218    0.027560    0.072939    0.029605    0.682129    0.208531    0.170436    0.188034    0.444462    0.445531    0.371999    0.127130    1.752406    0.045429    0.002604    0.093712    6.988738    5.664367    1.252909    1.772972    1.736708    1.579948    1.016691    2.057309
Iteration: 18 bestvalit: 198.805000 bestmemit:    0.242218    0.027560    0.072939    0.029605    0.682129    0.208531    0.170436    0.188034    0.444462    0.445531    0.371999    0.127130    1.752406    0.045429    0.002604    0.093712    6.988738    5.664367    1.252909    1.772972    1.736708    1.579948    1.016691    2.057309
Iteration: 19 bestvalit: 188.805000 bestmemit:    0.242218    0.027560    0.072939    0.029605    0.682129    0.208531    0.170436    0.188034    0.444462    0.445531    0.371999    0.127130    1.752406    0.045429    0.002604    0.093712    7.559868    5.664367    1.252909    1.772972    1.736708    1.579948    1.016691    2.057309
Iteration: 20 bestvalit: 188.805000 bestmemit:    0.242218    0.027560    0.072939    0.029605    0.682129    0.208531    0.170436    0.188034    0.444462    0.445531    0.371999    0.127130    1.752406    0.045429    0.002604    0.093712    7.559868    5.664367    1.252909    1.772972    1.736708    1.579948    1.016691    2.057309
Iteration: 21 bestvalit: 188.805000 bestmemit:    0.242218    0.027560    0.072939    0.029605    0.682129    0.208531    0.170436    0.188034    0.444462    0.445531    0.371999    0.127130    1.752406    0.045429    0.002604    0.093712    7.559868    5.664367    1.252909    1.772972    1.736708    1.579948    1.016691    2.057309
Iteration: 22 bestvalit: 181.410000 bestmemit:    0.242218    0.027560    0.072939    0.029605    0.682129    0.208531    0.170436    0.188034    0.444462    0.445531    0.371999    0.127130    0.351838    0.038186    0.002604    0.093712    7.559868    5.664367    1.252909    1.772972    1.736708    1.579948    1.016691    2.057309
Iteration: 23 bestvalit: 181.410000 bestmemit:    0.242218    0.027560    0.072939    0.029605    0.682129    0.208531    0.170436    0.188034    0.444462    0.445531    0.371999    0.127130    0.351838    0.038186    0.002604    0.093712    7.559868    5.664367    1.252909    1.772972    1.736708    1.579948    1.016691    2.057309
Iteration: 24 bestvalit: 181.410000 bestmemit:    0.242218    0.027560    0.072939    0.029605    0.682129    0.208531    0.170436    0.188034    0.444462    0.445531    0.371999    0.127130    0.351838    0.038186    0.002604    0.093712    7.559868    5.664367    1.252909    1.772972    1.736708    1.579948    1.016691    2.057309
Iteration: 25 bestvalit: 181.410000 bestmemit:    0.242218    0.027560    0.072939    0.029605    0.682129    0.208531    0.170436    0.188034    0.444462    0.445531    0.371999    0.127130    0.351838    0.038186    0.002604    0.093712    7.559868    5.664367    1.252909    1.772972    1.736708    1.579948    1.016691    2.057309
Iteration: 26 bestvalit: 180.060000 bestmemit:    0.287329    0.036297    0.080013    0.073872    0.796811    0.365897    0.246590    0.075056    0.322203    0.414517    0.482308    0.223639    0.776371    0.041650    0.005751    0.082992    8.633502    7.450571    1.641194    1.808882    1.952367    1.920105    1.112529    2.078252
Iteration: 27 bestvalit: 180.060000 bestmemit:    0.287329    0.036297    0.080013    0.073872    0.796811    0.365897    0.246590    0.075056    0.322203    0.414517    0.482308    0.223639    0.776371    0.041650    0.005751    0.082992    8.633502    7.450571    1.641194    1.808882    1.952367    1.920105    1.112529    2.078252
Iteration: 28 bestvalit: 180.060000 bestmemit:    0.287329    0.036297    0.080013    0.073872    0.796811    0.365897    0.246590    0.075056    0.322203    0.414517    0.482308    0.223639    0.776371    0.041650    0.005751    0.082992    8.633502    7.450571    1.641194    1.808882    1.952367    1.920105    1.112529    2.078252
Iteration: 29 bestvalit: 169.030000 bestmemit:    0.287329    0.036297    0.080013    0.073872    0.796811    0.365897    0.263963    0.120926    0.181411    0.487344    0.445248    0.223639    0.776371    0.041650    0.005751    0.082992    8.633502    7.450571    1.641194    1.808882    1.952367    1.920105    1.112529    2.078252
Iteration: 30 bestvalit: 169.030000 bestmemit:    0.287329    0.036297    0.080013    0.073872    0.796811    0.365897    0.263963    0.120926    0.181411    0.487344    0.445248    0.223639    0.776371    0.041650    0.005751    0.082992    8.633502    7.450571    1.641194    1.808882    1.952367    1.920105    1.112529    2.078252
Iteration: 31 bestvalit: 169.030000 bestmemit:    0.287329    0.036297    0.080013    0.073872    0.796811    0.365897    0.263963    0.120926    0.181411    0.487344    0.445248    0.223639    0.776371    0.041650    0.005751    0.082992    8.633502    7.450571    1.641194    1.808882    1.952367    1.920105    1.112529    2.078252
Iteration: 32 bestvalit: 169.030000 bestmemit:    0.287329    0.036297    0.080013    0.073872    0.796811    0.365897    0.263963    0.120926    0.181411    0.487344    0.445248    0.223639    0.776371    0.041650    0.005751    0.082992    8.633502    7.450571    1.641194    1.808882    1.952367    1.920105    1.112529    2.078252
Iteration: 33 bestvalit: 169.030000 bestmemit:    0.287329    0.036297    0.080013    0.073872    0.796811    0.365897    0.263963    0.120926    0.181411    0.487344    0.445248    0.223639    0.776371    0.041650    0.005751    0.082992    8.633502    7.450571    1.641194    1.808882    1.952367    1.920105    1.112529    2.078252
Iteration: 34 bestvalit: 169.030000 bestmemit:    0.287329    0.036297    0.080013    0.073872    0.796811    0.365897    0.263963    0.120926    0.181411    0.487344    0.445248    0.223639    0.776371    0.041650    0.005751    0.082992    8.633502    7.450571    1.641194    1.808882    1.952367    1.920105    1.112529    2.078252
Iteration: 35 bestvalit: 169.030000 bestmemit:    0.287329    0.036297    0.080013    0.073872    0.796811    0.365897    0.263963    0.120926    0.181411    0.487344    0.445248    0.223639    0.776371    0.041650    0.005751    0.082992    8.633502    7.450571    1.641194    1.808882    1.952367    1.920105    1.112529    2.078252
Iteration: 36 bestvalit: 169.030000 bestmemit:    0.287329    0.036297    0.080013    0.073872    0.796811    0.365897    0.263963    0.120926    0.181411    0.487344    0.445248    0.223639    0.776371    0.041650    0.005751    0.082992    8.633502    7.450571    1.641194    1.808882    1.952367    1.920105    1.112529    2.078252
Iteration: 37 bestvalit: 158.125000 bestmemit:    0.239999    0.015664    0.091715    0.076086    0.486837    0.054951    0.070517    0.225106    0.417688    0.343882    0.492009    0.297323    2.905573    0.037823    0.002473    0.056155    9.047221    8.583999    1.116789    1.843891    1.851064    1.672057    1.042668    1.981355
Iteration: 38 bestvalit: 158.125000 bestmemit:    0.239999    0.015664    0.091715    0.076086    0.486837    0.054951    0.070517    0.225106    0.417688    0.343882    0.492009    0.297323    2.905573    0.037823    0.002473    0.056155    9.047221    8.583999    1.116789    1.843891    1.851064    1.672057    1.042668    1.981355
Iteration: 39 bestvalit: 158.125000 bestmemit:    0.239999    0.015664    0.091715    0.076086    0.486837    0.054951    0.070517    0.225106    0.417688    0.343882    0.492009    0.297323    2.905573    0.037823    0.002473    0.056155    9.047221    8.583999    1.116789    1.843891    1.851064    1.672057    1.042668    1.981355
Iteration: 40 bestvalit: 139.655000 bestmemit:    0.209105    0.064960    0.059910    0.090967    0.575224    0.284626    0.107268    0.201515    0.377501    0.295507    0.219892    0.210531    0.851158    0.021945    0.004660    0.073155    9.464253    8.842691    1.011173    1.809538    1.847569    1.627092    1.004228    2.002440
Iteration: 41 bestvalit: 139.635000 bestmemit:    0.209105    0.064960    0.059910    0.090967    0.575224    0.284626    0.107268    0.201515    0.205662    0.295507    0.219892    0.210531    0.851158    0.021945    0.004660    0.073155    9.464253    8.842691    1.011173    1.809538    1.847569    1.627092    1.004228    2.002440
Iteration: 42 bestvalit: 139.635000 bestmemit:    0.209105    0.064960    0.059910    0.090967    0.575224    0.284626    0.107268    0.201515    0.205662    0.295507    0.219892    0.210531    0.851158    0.021945    0.004660    0.073155    9.464253    8.842691    1.011173    1.809538    1.847569    1.627092    1.004228    2.002440
Iteration: 43 bestvalit: 139.635000 bestmemit:    0.209105    0.064960    0.059910    0.090967    0.575224    0.284626    0.107268    0.201515    0.205662    0.295507    0.219892    0.210531    0.851158    0.021945    0.004660    0.073155    9.464253    8.842691    1.011173    1.809538    1.847569    1.627092    1.004228    2.002440
Iteration: 44 bestvalit: 139.635000 bestmemit:    0.209105    0.064960    0.059910    0.090967    0.575224    0.284626    0.107268    0.201515    0.205662    0.295507    0.219892    0.210531    0.851158    0.021945    0.004660    0.073155    9.464253    8.842691    1.011173    1.809538    1.847569    1.627092    1.004228    2.002440
Iteration: 45 bestvalit: 139.195000 bestmemit:    0.290907    0.040980    0.057854    0.068528    0.854341    0.434669    0.241606    0.138368    0.411219    0.400886    0.387043    0.389054    4.921670    0.032997    0.026406    0.088203    9.446208    9.034571    1.978288    1.831162    1.980032    1.798102    1.133073    1.866345
Iteration: 46 bestvalit: 139.195000 bestmemit:    0.290907    0.040980    0.057854    0.068528    0.854341    0.434669    0.241606    0.138368    0.411219    0.400886    0.387043    0.389054    4.921670    0.032997    0.026406    0.088203    9.446208    9.034571    1.978288    1.831162    1.980032    1.798102    1.133073    1.866345
Iteration: 47 bestvalit: 139.195000 bestmemit:    0.290907    0.040980    0.057854    0.068528    0.854341    0.434669    0.241606    0.138368    0.411219    0.400886    0.387043    0.389054    4.921670    0.032997    0.026406    0.088203    9.446208    9.034571    1.978288    1.831162    1.980032    1.798102    1.133073    1.866345
Iteration: 48 bestvalit: 139.195000 bestmemit:    0.290907    0.040980    0.057854    0.068528    0.854341    0.434669    0.241606    0.138368    0.411219    0.400886    0.387043    0.389054    4.921670    0.032997    0.026406    0.088203    9.446208    9.034571    1.978288    1.831162    1.980032    1.798102    1.133073    1.866345
Iteration: 49 bestvalit: 139.195000 bestmemit:    0.290907    0.040980    0.057854    0.068528    0.854341    0.434669    0.241606    0.138368    0.411219    0.400886    0.387043    0.389054    4.921670    0.032997    0.026406    0.088203    9.446208    9.034571    1.978288    1.831162    1.980032    1.798102    1.133073    1.866345
Iteration: 50 bestvalit: 139.195000 bestmemit:    0.290907    0.040980    0.057854    0.068528    0.854341    0.434669    0.241606    0.138368    0.411219    0.400886    0.387043    0.389054    4.921670    0.032997    0.026406    0.088203    9.446208    9.034571    1.978288    1.831162    1.980032    1.798102    1.133073    1.866345
Iteration: 51 bestvalit: 138.925000 bestmemit:    0.339737    0.029938    0.047724    0.074423    0.545969    0.313674    0.195992    0.197804    0.469848    0.347917    0.469209    0.419678    1.251040    0.018582    0.026550    0.006667    6.479079    9.715465    1.659352    1.793630    1.983943    1.737299    1.118271    1.938312
Iteration: 52 bestvalit: 138.925000 bestmemit:    0.339737    0.029938    0.047724    0.074423    0.545969    0.313674    0.195992    0.197804    0.469848    0.347917    0.469209    0.419678    1.251040    0.018582    0.026550    0.006667    6.479079    9.715465    1.659352    1.793630    1.983943    1.737299    1.118271    1.938312
Iteration: 53 bestvalit: 138.925000 bestmemit:    0.339737    0.029938    0.047724    0.074423    0.545969    0.313674    0.195992    0.197804    0.469848    0.347917    0.469209    0.419678    1.251040    0.018582    0.026550    0.006667    6.479079    9.715465    1.659352    1.793630    1.983943    1.737299    1.118271    1.938312
Iteration: 54 bestvalit: 138.850000 bestmemit:    0.290907    0.040980    0.057854    0.069268    0.854341    0.434669    0.241606    0.138368    0.411219    0.400886    0.387043    0.389054    4.921670    0.032997    0.026406    0.088203    9.446208    9.034571    1.978288    1.831162    1.980032    1.798102    1.133073    1.866345
Iteration: 55 bestvalit: 138.670000 bestmemit:    0.290907    0.040980    0.052060    0.069268    0.854341    0.434669    0.241606    0.138368    0.411219    0.400886    0.387043    0.389054    4.921670    0.032997    0.026406    0.088203    9.446208    9.034571    1.978288    1.831162    1.980032    1.798102    1.133073    1.866345
Iteration: 56 bestvalit: 135.230000 bestmemit:    0.290907    0.040980    0.052060    0.069268    0.854341    0.434669    0.241606    0.138368    0.411219    0.400886    0.387043    0.389054    4.921670    0.032997    0.026406    0.088203    9.446208    9.400073    1.890110    1.831162    1.980032    1.798102    1.133073    1.866345
Iteration: 57 bestvalit: 135.015000 bestmemit:    0.290907    0.040980    0.052060    0.069268    0.854341    0.434669    0.241606    0.138368    0.411219    0.400886    0.387043    0.389054    4.921670    0.032997    0.026406    0.088203    9.446208    9.400073    1.890110    1.831162    1.980032    1.798102    1.147971    1.866345
Iteration: 58 bestvalit: 135.015000 bestmemit:    0.290907    0.040980    0.052060    0.069268    0.854341    0.434669    0.241606    0.138368    0.411219    0.400886    0.387043    0.389054    4.921670    0.032997    0.026406    0.088203    9.446208    9.400073    1.890110    1.831162    1.980032    1.798102    1.147971    1.866345
Iteration: 59 bestvalit: 135.015000 bestmemit:    0.290907    0.040980    0.052060    0.069268    0.854341    0.434669    0.241606    0.138368    0.411219    0.400886    0.387043    0.389054    4.921670    0.032997    0.026406    0.088203    9.446208    9.400073    1.890110    1.831162    1.980032    1.798102    1.147971    1.866345
Iteration: 60 bestvalit: 135.015000 bestmemit:    0.290907    0.040980    0.052060    0.069268    0.854341    0.434669    0.241606    0.138368    0.411219    0.400886    0.387043    0.389054    4.921670    0.032997    0.026406    0.088203    9.446208    9.400073    1.890110    1.831162    1.980032    1.798102    1.147971    1.866345
Iteration: 61 bestvalit: 135.015000 bestmemit:    0.290907    0.040980    0.052060    0.069268    0.854341    0.434669    0.241606    0.138368    0.411219    0.400886    0.387043    0.389054    4.921670    0.032997    0.026406    0.088203    9.446208    9.400073    1.890110    1.831162    1.980032    1.798102    1.147971    1.866345
Iteration: 62 bestvalit: 109.855000 bestmemit:    0.339737    0.029938    0.047724    0.074423    0.614208    0.364156    0.229013    0.197804    0.469848    0.347917    0.469209    0.419678    1.251040    0.018582    0.026550    0.006667    6.479079    9.715465    1.659352    1.793630    1.983943    1.737299    1.048733    1.938312
Iteration: 63 bestvalit: 109.855000 bestmemit:    0.339737    0.029938    0.047724    0.074423    0.614208    0.364156    0.229013    0.197804    0.469848    0.347917    0.469209    0.419678    1.251040    0.018582    0.026550    0.006667    6.479079    9.715465    1.659352    1.793630    1.983943    1.737299    1.048733    1.938312
Iteration: 64 bestvalit: 109.855000 bestmemit:    0.339737    0.029938    0.047724    0.074423    0.614208    0.364156    0.229013    0.197804    0.469848    0.347917    0.469209    0.419678    1.251040    0.018582    0.026550    0.006667    6.479079    9.715465    1.659352    1.793630    1.983943    1.737299    1.048733    1.938312
Iteration: 65 bestvalit: 109.855000 bestmemit:    0.339737    0.029938    0.047724    0.074423    0.614208    0.364156    0.229013    0.197804    0.469848    0.347917    0.469209    0.419678    1.251040    0.018582    0.026550    0.006667    6.479079    9.715465    1.659352    1.793630    1.983943    1.737299    1.048733    1.938312
Iteration: 66 bestvalit: 109.855000 bestmemit:    0.339737    0.029938    0.047724    0.074423    0.614208    0.364156    0.229013    0.197804    0.469848    0.347917    0.469209    0.419678    1.251040    0.018582    0.026550    0.006667    6.479079    9.715465    1.659352    1.793630    1.983943    1.737299    1.048733    1.938312
Iteration: 67 bestvalit: 103.480000 bestmemit:    0.339737    0.029938    0.047724    0.074423    0.614208    0.364156    0.229013    0.197804    0.469848    0.347917    0.469209    0.419678    1.251040    0.018582    0.026550    0.006667    7.060723    9.715465    1.659352    1.793630    1.983943    1.737299    1.048733    1.938312
Iteration: 68 bestvalit: 103.480000 bestmemit:    0.339737    0.029938    0.047724    0.074423    0.614208    0.364156    0.229013    0.197804    0.469848    0.347917    0.469209    0.419678    1.251040    0.018582    0.026550    0.006667    7.060723    9.715465    1.659352    1.793630    1.983943    1.737299    1.048733    1.938312
Iteration: 69 bestvalit: 103.480000 bestmemit:    0.339737    0.029938    0.047724    0.074423    0.614208    0.364156    0.229013    0.197804    0.469848    0.347917    0.469209    0.419678    1.251040    0.018582    0.026550    0.006667    7.060723    9.715465    1.659352    1.793630    1.983943    1.737299    1.048733    1.938312
Iteration: 70 bestvalit: 103.480000 bestmemit:    0.339737    0.029938    0.047724    0.074423    0.614208    0.364156    0.229013    0.197804    0.469848    0.347917    0.469209    0.419678    1.251040    0.018582    0.026550    0.006667    7.060723    9.715465    1.659352    1.793630    1.983943    1.737299    1.048733    1.938312
Iteration: 71 bestvalit: 103.480000 bestmemit:    0.339737    0.029938    0.047724    0.074423    0.614208    0.364156    0.229013    0.197804    0.469848    0.347917    0.469209    0.419678    1.251040    0.018582    0.026550    0.006667    7.060723    9.715465    1.659352    1.793630    1.983943    1.737299    1.048733    1.938312
Iteration: 72 bestvalit: 103.480000 bestmemit:    0.339737    0.029938    0.047724    0.074423    0.614208    0.364156    0.229013    0.197804    0.469848    0.347917    0.469209    0.419678    1.251040    0.018582    0.026550    0.006667    7.060723    9.715465    1.659352    1.793630    1.983943    1.737299    1.048733    1.938312
Iteration: 73 bestvalit: 103.480000 bestmemit:    0.339737    0.029938    0.047724    0.074423    0.614208    0.364156    0.229013    0.197804    0.469848    0.347917    0.469209    0.419678    1.251040    0.018582    0.026550    0.006667    7.060723    9.715465    1.659352    1.793630    1.983943    1.737299    1.048733    1.938312
Iteration: 74 bestvalit: 103.480000 bestmemit:    0.339737    0.029938    0.047724    0.074423    0.614208    0.364156    0.229013    0.197804    0.469848    0.347917    0.469209    0.419678    1.251040    0.018582    0.026550    0.006667    7.060723    9.715465    1.659352    1.793630    1.983943    1.737299    1.048733    1.938312
Iteration: 75 bestvalit: 103.480000 bestmemit:    0.339737    0.029938    0.047724    0.074423    0.614208    0.364156    0.229013    0.197804    0.469848    0.347917    0.469209    0.419678    1.251040    0.018582    0.026550    0.006667    7.060723    9.715465    1.659352    1.793630    1.983943    1.737299    1.048733    1.938312
Iteration: 76 bestvalit: 103.480000 bestmemit:    0.339737    0.029938    0.047724    0.074423    0.614208    0.364156    0.229013    0.197804    0.469848    0.347917    0.469209    0.419678    1.251040    0.018582    0.026550    0.006667    7.060723    9.715465    1.659352    1.793630    1.983943    1.737299    1.048733    1.938312
Iteration: 77 bestvalit: 103.480000 bestmemit:    0.339737    0.029938    0.047724    0.074423    0.614208    0.364156    0.229013    0.197804    0.469848    0.347917    0.469209    0.419678    1.251040    0.018582    0.026550    0.006667    7.060723    9.715465    1.659352    1.793630    1.983943    1.737299    1.048733    1.938312
Iteration: 78 bestvalit: 103.480000 bestmemit:    0.339737    0.029938    0.047724    0.074423    0.614208    0.364156    0.229013    0.197804    0.469848    0.347917    0.469209    0.419678    1.251040    0.018582    0.026550    0.006667    7.060723    9.715465    1.659352    1.793630    1.983943    1.737299    1.048733    1.938312
Iteration: 79 bestvalit: 103.480000 bestmemit:    0.339737    0.029938    0.047724    0.074423    0.614208    0.364156    0.229013    0.197804    0.469848    0.347917    0.469209    0.419678    1.251040    0.018582    0.026550    0.006667    7.060723    9.715465    1.659352    1.793630    1.983943    1.737299    1.048733    1.938312
Iteration: 80 bestvalit: 103.480000 bestmemit:    0.339737    0.029938    0.047724    0.074423    0.614208    0.364156    0.229013    0.197804    0.469848    0.347917    0.469209    0.419678    1.251040    0.018582    0.026550    0.006667    7.060723    9.715465    1.659352    1.793630    1.983943    1.737299    1.048733    1.938312
Iteration: 81 bestvalit: 103.370000 bestmemit:    0.339737    0.029938    0.047724    0.074423    0.614208    0.364156    0.229013    0.197804    0.469848    0.375660    0.469209    0.419678    1.251040    0.018582    0.026550    0.006667    7.060723    9.715465    1.659352    1.793630    1.983943    1.737299    1.048733    1.938312
Iteration: 82 bestvalit: 103.370000 bestmemit:    0.339737    0.029938    0.047724    0.074423    0.614208    0.364156    0.229013    0.197804    0.469848    0.375660    0.469209    0.419678    1.251040    0.018582    0.026550    0.006667    7.060723    9.715465    1.659352    1.793630    1.983943    1.737299    1.048733    1.938312
Iteration: 83 bestvalit: 103.370000 bestmemit:    0.339737    0.029938    0.047724    0.074423    0.614208    0.364156    0.229013    0.197804    0.469848    0.375660    0.469209    0.419678    1.251040    0.018582    0.026550    0.006667    7.060723    9.715465    1.659352    1.793630    1.983943    1.737299    1.048733    1.938312
Iteration: 84 bestvalit: 103.370000 bestmemit:    0.339737    0.029938    0.047724    0.074423    0.614208    0.364156    0.229013    0.197804    0.469848    0.375660    0.469209    0.419678    1.251040    0.018582    0.026550    0.006667    7.060723    9.715465    1.659352    1.793630    1.983943    1.737299    1.048733    1.938312
Iteration: 85 bestvalit: 103.370000 bestmemit:    0.339737    0.029938    0.047724    0.074423    0.614208    0.364156    0.229013    0.197804    0.469848    0.375660    0.469209    0.419678    1.251040    0.018582    0.026550    0.006667    7.060723    9.715465    1.659352    1.793630    1.983943    1.737299    1.048733    1.938312
Iteration: 86 bestvalit: 103.370000 bestmemit:    0.339737    0.029938    0.047724    0.074423    0.614208    0.364156    0.229013    0.197804    0.469848    0.375660    0.469209    0.419678    1.251040    0.018582    0.026550    0.006667    7.060723    9.715465    1.659352    1.793630    1.983943    1.737299    1.048733    1.938312
Iteration: 87 bestvalit: 103.370000 bestmemit:    0.339737    0.029938    0.047724    0.074423    0.614208    0.364156    0.229013    0.197804    0.469848    0.375660    0.469209    0.419678    1.251040    0.018582    0.026550    0.006667    7.060723    9.715465    1.659352    1.793630    1.983943    1.737299    1.048733    1.938312
Iteration: 88 bestvalit: 103.370000 bestmemit:    0.339737    0.029938    0.047724    0.074423    0.614208    0.364156    0.229013    0.197804    0.469848    0.375660    0.469209    0.419678    1.251040    0.018582    0.026550    0.006667    7.060723    9.715465    1.659352    1.793630    1.983943    1.737299    1.048733    1.938312
Iteration: 89 bestvalit: 103.370000 bestmemit:    0.339737    0.029938    0.047724    0.074423    0.614208    0.364156    0.229013    0.197804    0.469848    0.375660    0.469209    0.419678    1.251040    0.018582    0.026550    0.006667    7.060723    9.715465    1.659352    1.793630    1.983943    1.737299    1.048733    1.938312
Iteration: 90 bestvalit: 103.370000 bestmemit:    0.339737    0.029938    0.047724    0.074423    0.614208    0.364156    0.229013    0.197804    0.469848    0.375660    0.469209    0.419678    1.251040    0.018582    0.026550    0.006667    7.060723    9.715465    1.659352    1.793630    1.983943    1.737299    1.048733    1.938312
Iteration: 91 bestvalit: 103.370000 bestmemit:    0.339737    0.029938    0.047724    0.074423    0.614208    0.364156    0.229013    0.197804    0.469848    0.375660    0.469209    0.419678    1.251040    0.018582    0.026550    0.006667    7.060723    9.715465    1.659352    1.793630    1.983943    1.737299    1.048733    1.938312
Iteration: 92 bestvalit: 103.370000 bestmemit:    0.339737    0.029938    0.047724    0.074423    0.614208    0.364156    0.229013    0.197804    0.469848    0.375660    0.469209    0.419678    1.251040    0.018582    0.026550    0.006667    7.060723    9.715465    1.659352    1.793630    1.983943    1.737299    1.048733    1.938312
Iteration: 93 bestvalit: 103.370000 bestmemit:    0.339737    0.029938    0.047724    0.074423    0.614208    0.364156    0.229013    0.197804    0.469848    0.375660    0.469209    0.419678    1.251040    0.018582    0.026550    0.006667    7.060723    9.715465    1.659352    1.793630    1.983943    1.737299    1.048733    1.938312
Iteration: 94 bestvalit: 103.370000 bestmemit:    0.339737    0.029938    0.047724    0.074423    0.614208    0.364156    0.229013    0.197804    0.469848    0.375660    0.469209    0.419678    1.251040    0.018582    0.026550    0.006667    7.060723    9.715465    1.659352    1.793630    1.983943    1.737299    1.048733    1.938312
Iteration: 95 bestvalit: 103.370000 bestmemit:    0.339737    0.029938    0.047724    0.074423    0.614208    0.364156    0.229013    0.197804    0.469848    0.375660    0.469209    0.419678    1.251040    0.018582    0.026550    0.006667    7.060723    9.715465    1.659352    1.793630    1.983943    1.737299    1.048733    1.938312
Iteration: 96 bestvalit: 95.025000 bestmemit:    0.330419    0.031459    0.036142    0.080703    0.340954    0.444774    0.244485    0.235063    0.377877    0.278764    0.321481    0.385669    0.374060    0.089049    0.007977    0.014703    9.468968    8.651229    1.768532    1.991525    1.858649    1.924168    0.967812    1.921636
Iteration: 97 bestvalit: 95.025000 bestmemit:    0.330419    0.031459    0.036142    0.080703    0.340954    0.444774    0.244485    0.235063    0.377877    0.278764    0.321481    0.385669    0.374060    0.089049    0.007977    0.014703    9.468968    8.651229    1.768532    1.991525    1.858649    1.924168    0.967812    1.921636
Iteration: 98 bestvalit: 95.025000 bestmemit:    0.330419    0.031459    0.036142    0.080703    0.340954    0.444774    0.244485    0.235063    0.377877    0.278764    0.321481    0.385669    0.374060    0.089049    0.007977    0.014703    9.468968    8.651229    1.768532    1.991525    1.858649    1.924168    0.967812    1.921636
Iteration: 99 bestvalit: 95.025000 bestmemit:    0.330419    0.031459    0.036142    0.080703    0.340954    0.444774    0.244485    0.235063    0.377877    0.278764    0.321481    0.385669    0.374060    0.089049    0.007977    0.014703    9.468968    8.651229    1.768532    1.991525    1.858649    1.924168    0.967812    1.921636
Iteration: 100 bestvalit: 95.025000 bestmemit:    0.330419    0.031459    0.036142    0.080703    0.340954    0.444774    0.244485    0.235063    0.377877    0.278764    0.321481    0.385669    0.374060    0.089049    0.007977    0.014703    9.468968    8.651229    1.768532    1.991525    1.858649    1.924168    0.967812    1.921636
Iteration: 101 bestvalit: 95.025000 bestmemit:    0.330419    0.031459    0.036142    0.080703    0.340954    0.444774    0.244485    0.235063    0.377877    0.278764    0.321481    0.385669    0.374060    0.089049    0.007977    0.014703    9.468968    8.651229    1.768532    1.991525    1.858649    1.924168    0.967812    1.921636
Iteration: 102 bestvalit: 95.025000 bestmemit:    0.330419    0.031459    0.036142    0.080703    0.340954    0.444774    0.244485    0.235063    0.377877    0.278764    0.321481    0.385669    0.374060    0.089049    0.007977    0.014703    9.468968    8.651229    1.768532    1.991525    1.858649    1.924168    0.967812    1.921636
Iteration: 103 bestvalit: 95.025000 bestmemit:    0.330419    0.031459    0.036142    0.080703    0.340954    0.444774    0.244485    0.235063    0.377877    0.278764    0.321481    0.385669    0.374060    0.089049    0.007977    0.014703    9.468968    8.651229    1.768532    1.991525    1.858649    1.924168    0.967812    1.921636
Iteration: 104 bestvalit: 95.025000 bestmemit:    0.330419    0.031459    0.036142    0.080703    0.340954    0.444774    0.244485    0.235063    0.377877    0.278764    0.321481    0.385669    0.374060    0.089049    0.007977    0.014703    9.468968    8.651229    1.768532    1.991525    1.858649    1.924168    0.967812    1.921636
Iteration: 105 bestvalit: 95.025000 bestmemit:    0.330419    0.031459    0.036142    0.080703    0.340954    0.444774    0.244485    0.235063    0.377877    0.278764    0.321481    0.385669    0.374060    0.089049    0.007977    0.014703    9.468968    8.651229    1.768532    1.991525    1.858649    1.924168    0.967812    1.921636
Iteration: 106 bestvalit: 95.025000 bestmemit:    0.330419    0.031459    0.036142    0.080703    0.340954    0.444774    0.244485    0.235063    0.377877    0.278764    0.321481    0.385669    0.374060    0.089049    0.007977    0.014703    9.468968    8.651229    1.768532    1.991525    1.858649    1.924168    0.967812    1.921636
Iteration: 107 bestvalit: 95.025000 bestmemit:    0.330419    0.031459    0.036142    0.080703    0.340954    0.444774    0.244485    0.235063    0.377877    0.278764    0.321481    0.385669    0.374060    0.089049    0.007977    0.014703    9.468968    8.651229    1.768532    1.991525    1.858649    1.924168    0.967812    1.921636
Iteration: 108 bestvalit: 93.535000 bestmemit:    0.330419    0.031459    0.036142    0.080703    0.340954    0.444774    0.244485    0.235063    0.377877    0.278764    0.321481    0.385669    0.374060    0.089049    0.007977    0.014703    9.468968    8.651229    1.927152    1.991525    1.858649    1.924168    0.967812    1.921636
Iteration: 109 bestvalit: 93.535000 bestmemit:    0.330419    0.031459    0.036142    0.080703    0.340954    0.444774    0.244485    0.235063    0.377877    0.278764    0.321481    0.385669    0.374060    0.089049    0.007977    0.014703    9.468968    8.651229    1.927152    1.991525    1.858649    1.924168    0.967812    1.921636
Iteration: 110 bestvalit: 93.535000 bestmemit:    0.330419    0.031459    0.036142    0.080703    0.340954    0.444774    0.244485    0.235063    0.377877    0.278764    0.321481    0.385669    0.374060    0.089049    0.007977    0.014703    9.468968    8.651229    1.927152    1.991525    1.858649    1.924168    0.967812    1.921636
Iteration: 111 bestvalit: 93.535000 bestmemit:    0.330419    0.031459    0.036142    0.080703    0.340954    0.444774    0.244485    0.235063    0.377877    0.278764    0.321481    0.385669    0.374060    0.089049    0.007977    0.014703    9.468968    8.651229    1.927152    1.991525    1.858649    1.924168    0.967812    1.921636
Iteration: 112 bestvalit: 93.530000 bestmemit:    0.423759    0.011841    0.073975    0.078678    0.275558    0.252379    0.274227    0.197019    0.233518    0.596857    0.365130    0.304676    0.223990    0.063716    0.003924    0.003802    9.353801    8.395117    1.997033    1.943571    1.996099    1.805552    1.106494    1.953382
Iteration: 113 bestvalit: 93.530000 bestmemit:    0.423759    0.011841    0.073975    0.078678    0.275558    0.252379    0.274227    0.197019    0.233518    0.596857    0.365130    0.304676    0.223990    0.063716    0.003924    0.003802    9.353801    8.395117    1.997033    1.943571    1.996099    1.805552    1.106494    1.953382
Iteration: 114 bestvalit: 93.530000 bestmemit:    0.423759    0.011841    0.073975    0.078678    0.275558    0.252379    0.274227    0.197019    0.233518    0.596857    0.365130    0.304676    0.223990    0.063716    0.003924    0.003802    9.353801    8.395117    1.997033    1.943571    1.996099    1.805552    1.106494    1.953382
Iteration: 115 bestvalit: 93.530000 bestmemit:    0.423759    0.011841    0.073975    0.078678    0.275558    0.252379    0.274227    0.197019    0.233518    0.596857    0.365130    0.304676    0.223990    0.063716    0.003924    0.003802    9.353801    8.395117    1.997033    1.943571    1.996099    1.805552    1.106494    1.953382
Iteration: 116 bestvalit: 93.530000 bestmemit:    0.423759    0.011841    0.073975    0.078678    0.275558    0.252379    0.274227    0.197019    0.233518    0.596857    0.365130    0.304676    0.223990    0.063716    0.003924    0.003802    9.353801    8.395117    1.997033    1.943571    1.996099    1.805552    1.106494    1.953382
Iteration: 117 bestvalit: 93.530000 bestmemit:    0.423759    0.011841    0.073975    0.078678    0.275558    0.252379    0.274227    0.197019    0.233518    0.596857    0.365130    0.304676    0.223990    0.063716    0.003924    0.003802    9.353801    8.395117    1.997033    1.943571    1.996099    1.805552    1.106494    1.953382
Iteration: 118 bestvalit: 93.530000 bestmemit:    0.423759    0.011841    0.073975    0.078678    0.275558    0.252379    0.274227    0.197019    0.233518    0.596857    0.365130    0.304676    0.223990    0.063716    0.003924    0.003802    9.353801    8.395117    1.997033    1.943571    1.996099    1.805552    1.106494    1.953382
Iteration: 119 bestvalit: 93.030000 bestmemit:    0.388634    0.025664    0.048991    0.096896    0.227559    0.426371    0.233924    0.254304    0.298871    0.474525    0.343841    0.379806    0.200436    0.040925    0.015154    0.008208    9.964828    8.457074    1.888239    1.920336    1.985832    1.888498    1.030873    1.955470
Iteration: 120 bestvalit: 93.030000 bestmemit:    0.388634    0.025664    0.048991    0.096896    0.227559    0.426371    0.233924    0.254304    0.298871    0.474525    0.343841    0.379806    0.200436    0.040925    0.015154    0.008208    9.964828    8.457074    1.888239    1.920336    1.985832    1.888498    1.030873    1.955470
Iteration: 121 bestvalit: 93.030000 bestmemit:    0.388634    0.025664    0.048991    0.096896    0.227559    0.426371    0.233924    0.254304    0.298871    0.474525    0.343841    0.379806    0.200436    0.040925    0.015154    0.008208    9.964828    8.457074    1.888239    1.920336    1.985832    1.888498    1.030873    1.955470
Iteration: 122 bestvalit: 93.030000 bestmemit:    0.388634    0.025664    0.048991    0.096896    0.227559    0.426371    0.233924    0.254304    0.298871    0.474525    0.343841    0.379806    0.200436    0.040925    0.015154    0.008208    9.964828    8.457074    1.888239    1.920336    1.985832    1.888498    1.030873    1.955470
Iteration: 123 bestvalit: 91.545000 bestmemit:    0.388634    0.025664    0.048991    0.096896    0.227559    0.426371    0.233924    0.254304    0.298871    0.474525    0.343841    0.472317    2.653029    0.035556    0.015154    0.008208    9.964828    8.457074    1.888239    1.920336    1.985832    1.888498    1.030873    1.955470
Iteration: 124 bestvalit: 88.260000 bestmemit:    0.423759    0.011841    0.073975    0.078678    0.275558    0.252379    0.274227    0.197019    0.233518    0.596857    0.365130    0.304676    0.223990    0.063716    0.003924    0.003802    9.353801    8.395117    1.997033    1.943571    1.825731    1.805552    1.106494    1.953382
Iteration: 125 bestvalit: 87.755000 bestmemit:    0.423759    0.011841    0.073975    0.078678    0.275558    0.252379    0.274227    0.197019    0.233518    0.596857    0.365130    0.304676    0.223990    0.063716    0.003924    0.003802    9.353801    8.785087    1.997033    1.943571    1.825731    1.805552    1.106494    1.953382
Iteration: 126 bestvalit: 87.725000 bestmemit:    0.423759    0.011841    0.073975    0.078678    0.275558    0.252379    0.274227    0.197019    0.233518    0.596857    0.365130    0.304676    0.223990    0.063716    0.003924    0.003802    9.353801    8.785087    1.997033    1.943571    1.825731    1.805552    1.162135    1.953382
Iteration: 127 bestvalit: 87.435000 bestmemit:    0.423759    0.011841    0.073975    0.078678    0.275558    0.252379    0.274227    0.197019    0.233518    0.596857    0.365130    0.304676    0.223990    0.063716    0.003924    0.003802    9.353801    9.087671    1.997033    1.943571    1.825731    1.805552    1.162135    1.953382
Iteration: 128 bestvalit: 87.435000 bestmemit:    0.423759    0.011841    0.073975    0.078678    0.275558    0.252379    0.274227    0.197019    0.233518    0.596857    0.365130    0.304676    0.223990    0.063716    0.003924    0.003802    9.353801    9.087671    1.997033    1.943571    1.825731    1.805552    1.162135    1.953382
Iteration: 129 bestvalit: 87.435000 bestmemit:    0.423759    0.011841    0.073975    0.078678    0.275558    0.252379    0.274227    0.197019    0.233518    0.596857    0.365130    0.304676    0.223990    0.063716    0.003924    0.003802    9.353801    9.087671    1.997033    1.943571    1.825731    1.805552    1.162135    1.953382
Iteration: 130 bestvalit: 87.435000 bestmemit:    0.423759    0.011841    0.073975    0.078678    0.275558    0.252379    0.274227    0.197019    0.233518    0.596857    0.365130    0.304676    0.223990    0.063716    0.003924    0.003802    9.353801    9.087671    1.997033    1.943571    1.825731    1.805552    1.162135    1.953382
Iteration: 131 bestvalit: 87.435000 bestmemit:    0.423759    0.011841    0.073975    0.078678    0.275558    0.252379    0.274227    0.197019    0.233518    0.596857    0.365130    0.304676    0.223990    0.063716    0.003924    0.003802    9.353801    9.087671    1.997033    1.943571    1.825731    1.805552    1.162135    1.953382
Iteration: 132 bestvalit: 87.435000 bestmemit:    0.423759    0.011841    0.073975    0.078678    0.275558    0.252379    0.274227    0.197019    0.233518    0.596857    0.365130    0.304676    0.223990    0.063716    0.003924    0.003802    9.353801    9.087671    1.997033    1.943571    1.825731    1.805552    1.162135    1.953382
Iteration: 133 bestvalit: 87.435000 bestmemit:    0.423759    0.011841    0.073975    0.078678    0.275558    0.252379    0.274227    0.197019    0.233518    0.596857    0.365130    0.304676    0.223990    0.063716    0.003924    0.003802    9.353801    9.087671    1.997033    1.943571    1.825731    1.805552    1.162135    1.953382
Iteration: 134 bestvalit: 87.435000 bestmemit:    0.423759    0.011841    0.073975    0.078678    0.275558    0.252379    0.274227    0.197019    0.233518    0.596857    0.365130    0.304676    0.223990    0.063716    0.003924    0.003802    9.353801    9.087671    1.997033    1.943571    1.825731    1.805552    1.162135    1.953382
Iteration: 135 bestvalit: 87.435000 bestmemit:    0.423759    0.011841    0.073975    0.078678    0.275558    0.252379    0.274227    0.197019    0.233518    0.596857    0.365130    0.304676    0.223990    0.063716    0.003924    0.003802    9.353801    9.087671    1.997033    1.943571    1.825731    1.805552    1.162135    1.953382
Iteration: 136 bestvalit: 87.435000 bestmemit:    0.423759    0.011841    0.073975    0.078678    0.275558    0.252379    0.274227    0.197019    0.233518    0.596857    0.365130    0.304676    0.223990    0.063716    0.003924    0.003802    9.353801    9.087671    1.997033    1.943571    1.825731    1.805552    1.162135    1.953382
Iteration: 137 bestvalit: 87.435000 bestmemit:    0.423759    0.011841    0.073975    0.078678    0.275558    0.252379    0.274227    0.197019    0.233518    0.596857    0.365130    0.304676    0.223990    0.063716    0.003924    0.003802    9.353801    9.087671    1.997033    1.943571    1.825731    1.805552    1.162135    1.953382
Iteration: 138 bestvalit: 86.005000 bestmemit:    0.319328    0.019743    0.028946    0.080486    0.715136    0.189567    0.082389    0.113921    0.077363    0.396525    0.327943    0.457772    1.815967    0.046573    0.001664    0.002701    9.193970    9.174980    1.819944    1.952886    1.733035    1.894144    1.132251    1.948959
Iteration: 139 bestvalit: 86.005000 bestmemit:    0.319328    0.019743    0.028946    0.080486    0.715136    0.189567    0.082389    0.113921    0.077363    0.396525    0.327943    0.457772    1.815967    0.046573    0.001664    0.002701    9.193970    9.174980    1.819944    1.952886    1.733035    1.894144    1.132251    1.948959
Iteration: 140 bestvalit: 85.315000 bestmemit:    0.319328    0.019743    0.028946    0.080486    0.715136    0.189567    0.082389    0.113921    0.077363    0.396525    0.327943    0.457772    1.815967    0.046573    0.001664    0.002701    9.193970    9.174980    1.983041    1.948134    1.733035    1.894144    1.132251    1.948959
Iteration: 141 bestvalit: 85.315000 bestmemit:    0.319328    0.019743    0.028946    0.080486    0.715136    0.189567    0.082389    0.113921    0.077363    0.396525    0.327943    0.457772    1.815967    0.046573    0.001664    0.002701    9.193970    9.174980    1.983041    1.948134    1.733035    1.894144    1.132251    1.948959
Iteration: 142 bestvalit: 85.315000 bestmemit:    0.319328    0.019743    0.028946    0.080486    0.715136    0.189567    0.082389    0.113921    0.077363    0.396525    0.327943    0.457772    1.815967    0.046573    0.001664    0.002701    9.193970    9.174980    1.983041    1.948134    1.733035    1.894144    1.132251    1.948959
Iteration: 143 bestvalit: 85.315000 bestmemit:    0.319328    0.019743    0.028946    0.080486    0.715136    0.189567    0.082389    0.113921    0.077363    0.396525    0.327943    0.457772    1.815967    0.046573    0.001664    0.002701    9.193970    9.174980    1.983041    1.948134    1.733035    1.894144    1.132251    1.948959
Iteration: 144 bestvalit: 78.420000 bestmemit:    0.319328    0.019743    0.028946    0.080486    0.440252    0.189567    0.082389    0.113921    0.077363    0.396525    0.327943    0.457772    1.815967    0.046573    0.001664    0.002701    9.193970    9.174980    1.983041    1.948134    1.733035    1.894144    1.132251    1.948959
Iteration: 145 bestvalit: 78.420000 bestmemit:    0.319328    0.019743    0.028946    0.080486    0.440252    0.189567    0.082389    0.113921    0.077363    0.396525    0.327943    0.457772    1.815967    0.046573    0.001664    0.002701    9.193970    9.174980    1.983041    1.948134    1.733035    1.894144    1.132251    1.948959
Iteration: 146 bestvalit: 78.420000 bestmemit:    0.319328    0.019743    0.028946    0.080486    0.440252    0.189567    0.082389    0.113921    0.077363    0.396525    0.327943    0.457772    1.815967    0.046573    0.001664    0.002701    9.193970    9.174980    1.983041    1.948134    1.733035    1.894144    1.132251    1.948959
Iteration: 147 bestvalit: 78.420000 bestmemit:    0.319328    0.019743    0.028946    0.080486    0.440252    0.189567    0.082389    0.113921    0.077363    0.396525    0.327943    0.457772    1.815967    0.046573    0.001664    0.002701    9.193970    9.174980    1.983041    1.948134    1.733035    1.894144    1.132251    1.948959
Iteration: 148 bestvalit: 78.420000 bestmemit:    0.319328    0.019743    0.028946    0.080486    0.440252    0.189567    0.082389    0.113921    0.077363    0.396525    0.327943    0.457772    1.815967    0.046573    0.001664    0.002701    9.193970    9.174980    1.983041    1.948134    1.733035    1.894144    1.132251    1.948959
Iteration: 149 bestvalit: 78.420000 bestmemit:    0.319328    0.019743    0.028946    0.080486    0.440252    0.189567    0.082389    0.113921    0.077363    0.396525    0.327943    0.457772    1.815967    0.046573    0.001664    0.002701    9.193970    9.174980    1.983041    1.948134    1.733035    1.894144    1.132251    1.948959
Iteration: 150 bestvalit: 78.420000 bestmemit:    0.319328    0.019743    0.028946    0.080486    0.440252    0.189567    0.082389    0.113921    0.077363    0.396525    0.327943    0.457772    1.815967    0.046573    0.001664    0.002701    9.193970    9.174980    1.983041    1.948134    1.733035    1.894144    1.132251    1.948959
Iteration: 151 bestvalit: 78.420000 bestmemit:    0.319328    0.019743    0.028946    0.080486    0.440252    0.189567    0.082389    0.113921    0.077363    0.396525    0.327943    0.457772    1.815967    0.046573    0.001664    0.002701    9.193970    9.174980    1.983041    1.948134    1.733035    1.894144    1.132251    1.948959
Iteration: 152 bestvalit: 78.420000 bestmemit:    0.319328    0.019743    0.028946    0.080486    0.440252    0.189567    0.082389    0.113921    0.077363    0.396525    0.327943    0.457772    1.815967    0.046573    0.001664    0.002701    9.193970    9.174980    1.983041    1.948134    1.733035    1.894144    1.132251    1.948959
Iteration: 153 bestvalit: 78.420000 bestmemit:    0.319328    0.019743    0.028946    0.080486    0.440252    0.189567    0.082389    0.113921    0.077363    0.396525    0.327943    0.457772    1.815967    0.046573    0.001664    0.002701    9.193970    9.174980    1.983041    1.948134    1.733035    1.894144    1.132251    1.948959
Iteration: 154 bestvalit: 78.420000 bestmemit:    0.319328    0.019743    0.028946    0.080486    0.440252    0.189567    0.082389    0.113921    0.077363    0.396525    0.327943    0.457772    1.815967    0.046573    0.001664    0.002701    9.193970    9.174980    1.983041    1.948134    1.733035    1.894144    1.132251    1.948959
Iteration: 155 bestvalit: 78.420000 bestmemit:    0.319328    0.019743    0.028946    0.080486    0.440252    0.189567    0.082389    0.113921    0.077363    0.396525    0.327943    0.457772    1.815967    0.046573    0.001664    0.002701    9.193970    9.174980    1.983041    1.948134    1.733035    1.894144    1.132251    1.948959
Iteration: 156 bestvalit: 78.420000 bestmemit:    0.319328    0.019743    0.028946    0.080486    0.440252    0.189567    0.082389    0.113921    0.077363    0.396525    0.327943    0.457772    1.815967    0.046573    0.001664    0.002701    9.193970    9.174980    1.983041    1.948134    1.733035    1.894144    1.132251    1.948959
Iteration: 157 bestvalit: 78.420000 bestmemit:    0.319328    0.019743    0.028946    0.080486    0.440252    0.189567    0.082389    0.113921    0.077363    0.396525    0.327943    0.457772    1.815967    0.046573    0.001664    0.002701    9.193970    9.174980    1.983041    1.948134    1.733035    1.894144    1.132251    1.948959
Iteration: 158 bestvalit: 78.420000 bestmemit:    0.319328    0.019743    0.028946    0.080486    0.440252    0.189567    0.082389    0.113921    0.077363    0.396525    0.327943    0.457772    1.815967    0.046573    0.001664    0.002701    9.193970    9.174980    1.983041    1.948134    1.733035    1.894144    1.132251    1.948959
Iteration: 159 bestvalit: 78.420000 bestmemit:    0.319328    0.019743    0.028946    0.080486    0.440252    0.189567    0.082389    0.113921    0.077363    0.396525    0.327943    0.457772    1.815967    0.046573    0.001664    0.002701    9.193970    9.174980    1.983041    1.948134    1.733035    1.894144    1.132251    1.948959
Iteration: 160 bestvalit: 78.420000 bestmemit:    0.319328    0.019743    0.028946    0.080486    0.440252    0.189567    0.082389    0.113921    0.077363    0.396525    0.327943    0.457772    1.815967    0.046573    0.001664    0.002701    9.193970    9.174980    1.983041    1.948134    1.733035    1.894144    1.132251    1.948959
Iteration: 161 bestvalit: 78.420000 bestmemit:    0.319328    0.019743    0.028946    0.080486    0.440252    0.189567    0.082389    0.113921    0.077363    0.396525    0.327943    0.457772    1.815967    0.046573    0.001664    0.002701    9.193970    9.174980    1.983041    1.948134    1.733035    1.894144    1.132251    1.948959
Iteration: 162 bestvalit: 78.420000 bestmemit:    0.319328    0.019743    0.028946    0.080486    0.440252    0.189567    0.082389    0.113921    0.077363    0.396525    0.327943    0.457772    1.815967    0.046573    0.001664    0.002701    9.193970    9.174980    1.983041    1.948134    1.733035    1.894144    1.132251    1.948959
Iteration: 163 bestvalit: 71.665000 bestmemit:    0.319328    0.019743    0.028946    0.080486    0.440252    0.189567    0.082389    0.113921    0.076504    0.355980    0.327943    0.457772    1.815967    0.046573    0.001664    0.002701    9.193970    9.174980    1.983041    1.948134    1.733035    1.894144    1.132251    1.948959
Iteration: 164 bestvalit: 71.665000 bestmemit:    0.319328    0.019743    0.028946    0.080486    0.440252    0.189567    0.082389    0.113921    0.076504    0.355980    0.327943    0.457772    1.815967    0.046573    0.001664    0.002701    9.193970    9.174980    1.983041    1.948134    1.733035    1.894144    1.132251    1.948959
Iteration: 165 bestvalit: 71.665000 bestmemit:    0.319328    0.019743    0.028946    0.080486    0.440252    0.189567    0.082389    0.113921    0.076504    0.355980    0.327943    0.457772    1.815967    0.046573    0.001664    0.002701    9.193970    9.174980    1.983041    1.948134    1.733035    1.894144    1.132251    1.948959
Iteration: 166 bestvalit: 71.665000 bestmemit:    0.319328    0.019743    0.028946    0.080486    0.440252    0.189567    0.082389    0.113921    0.076504    0.355980    0.327943    0.457772    1.815967    0.046573    0.001664    0.002701    9.193970    9.174980    1.983041    1.948134    1.733035    1.894144    1.132251    1.948959
Iteration: 167 bestvalit: 71.665000 bestmemit:    0.319328    0.019743    0.028946    0.080486    0.440252    0.189567    0.082389    0.113921    0.076504    0.355980    0.327943    0.457772    1.815967    0.046573    0.001664    0.002701    9.193970    9.174980    1.983041    1.948134    1.733035    1.894144    1.132251    1.948959
Iteration: 168 bestvalit: 71.665000 bestmemit:    0.319328    0.019743    0.028946    0.080486    0.440252    0.189567    0.082389    0.113921    0.076504    0.355980    0.327943    0.457772    1.815967    0.046573    0.001664    0.002701    9.193970    9.174980    1.983041    1.948134    1.733035    1.894144    1.132251    1.948959
Iteration: 169 bestvalit: 71.665000 bestmemit:    0.319328    0.019743    0.028946    0.080486    0.440252    0.189567    0.082389    0.113921    0.076504    0.355980    0.327943    0.457772    1.815967    0.046573    0.001664    0.002701    9.193970    9.174980    1.983041    1.948134    1.733035    1.894144    1.132251    1.948959
Iteration: 170 bestvalit: 71.665000 bestmemit:    0.319328    0.019743    0.028946    0.080486    0.440252    0.189567    0.082389    0.113921    0.076504    0.355980    0.327943    0.457772    1.815967    0.046573    0.001664    0.002701    9.193970    9.174980    1.983041    1.948134    1.733035    1.894144    1.132251    1.948959
Iteration: 171 bestvalit: 71.665000 bestmemit:    0.319328    0.019743    0.028946    0.080486    0.440252    0.189567    0.082389    0.113921    0.076504    0.355980    0.327943    0.457772    1.815967    0.046573    0.001664    0.002701    9.193970    9.174980    1.983041    1.948134    1.733035    1.894144    1.132251    1.948959
Iteration: 172 bestvalit: 71.665000 bestmemit:    0.319328    0.019743    0.028946    0.080486    0.440252    0.189567    0.082389    0.113921    0.076504    0.355980    0.327943    0.457772    1.815967    0.046573    0.001664    0.002701    9.193970    9.174980    1.983041    1.948134    1.733035    1.894144    1.132251    1.948959
Iteration: 173 bestvalit: 71.665000 bestmemit:    0.319328    0.019743    0.028946    0.080486    0.440252    0.189567    0.082389    0.113921    0.076504    0.355980    0.327943    0.457772    1.815967    0.046573    0.001664    0.002701    9.193970    9.174980    1.983041    1.948134    1.733035    1.894144    1.132251    1.948959
Iteration: 174 bestvalit: 71.665000 bestmemit:    0.319328    0.019743    0.028946    0.080486    0.440252    0.189567    0.082389    0.113921    0.076504    0.355980    0.327943    0.457772    1.815967    0.046573    0.001664    0.002701    9.193970    9.174980    1.983041    1.948134    1.733035    1.894144    1.132251    1.948959
Iteration: 175 bestvalit: 71.665000 bestmemit:    0.319328    0.019743    0.028946    0.080486    0.440252    0.189567    0.082389    0.113921    0.076504    0.355980    0.327943    0.457772    1.815967    0.046573    0.001664    0.002701    9.193970    9.174980    1.983041    1.948134    1.733035    1.894144    1.132251    1.948959
Iteration: 176 bestvalit: 71.665000 bestmemit:    0.319328    0.019743    0.028946    0.080486    0.440252    0.189567    0.082389    0.113921    0.076504    0.355980    0.327943    0.457772    1.815967    0.046573    0.001664    0.002701    9.193970    9.174980    1.983041    1.948134    1.733035    1.894144    1.132251    1.948959
Iteration: 177 bestvalit: 71.665000 bestmemit:    0.319328    0.019743    0.028946    0.080486    0.440252    0.189567    0.082389    0.113921    0.076504    0.355980    0.327943    0.457772    1.815967    0.046573    0.001664    0.002701    9.193970    9.174980    1.983041    1.948134    1.733035    1.894144    1.132251    1.948959
Iteration: 178 bestvalit: 71.665000 bestmemit:    0.319328    0.019743    0.028946    0.080486    0.440252    0.189567    0.082389    0.113921    0.076504    0.355980    0.327943    0.457772    1.815967    0.046573    0.001664    0.002701    9.193970    9.174980    1.983041    1.948134    1.733035    1.894144    1.132251    1.948959
Iteration: 179 bestvalit: 71.665000 bestmemit:    0.319328    0.019743    0.028946    0.080486    0.440252    0.189567    0.082389    0.113921    0.076504    0.355980    0.327943    0.457772    1.815967    0.046573    0.001664    0.002701    9.193970    9.174980    1.983041    1.948134    1.733035    1.894144    1.132251    1.948959
Iteration: 180 bestvalit: 71.490000 bestmemit:    0.319328    0.019743    0.028946    0.080486    0.440252    0.189567    0.082389    0.113921    0.076504    0.355980    0.327943    0.457772    1.815967    0.046573    0.001664    0.002701    9.193970    8.577733    1.983041    1.948134    1.733035    1.894144    1.132251    1.948959
Iteration: 181 bestvalit: 71.490000 bestmemit:    0.319328    0.019743    0.028946    0.080486    0.440252    0.189567    0.082389    0.113921    0.076504    0.355980    0.327943    0.457772    1.815967    0.046573    0.001664    0.002701    9.193970    8.577733    1.983041    1.948134    1.733035    1.894144    1.132251    1.948959
Iteration: 182 bestvalit: 70.655000 bestmemit:    0.251148    0.061707    0.081497    0.075808    0.235136    0.404530    0.254181    0.207507    0.182353    0.267203    0.362973    0.408537    1.731579    0.074319    0.002382    0.003402    8.892535    8.720634    1.916532    1.980025    1.724353    1.999246    1.199343    1.979450
Iteration: 183 bestvalit: 70.655000 bestmemit:    0.251148    0.061707    0.081497    0.075808    0.235136    0.404530    0.254181    0.207507    0.182353    0.267203    0.362973    0.408537    1.731579    0.074319    0.002382    0.003402    8.892535    8.720634    1.916532    1.980025    1.724353    1.999246    1.199343    1.979450
Iteration: 184 bestvalit: 70.655000 bestmemit:    0.251148    0.061707    0.081497    0.075808    0.235136    0.404530    0.254181    0.207507    0.182353    0.267203    0.362973    0.408537    1.731579    0.074319    0.002382    0.003402    8.892535    8.720634    1.916532    1.980025    1.724353    1.999246    1.199343    1.979450
Iteration: 185 bestvalit: 70.655000 bestmemit:    0.251148    0.061707    0.081497    0.075808    0.235136    0.404530    0.254181    0.207507    0.182353    0.267203    0.362973    0.408537    1.731579    0.074319    0.002382    0.003402    8.892535    8.720634    1.916532    1.980025    1.724353    1.999246    1.199343    1.979450
Iteration: 186 bestvalit: 70.655000 bestmemit:    0.251148    0.061707    0.081497    0.075808    0.235136    0.404530    0.254181    0.207507    0.182353    0.267203    0.362973    0.408537    1.731579    0.074319    0.002382    0.003402    8.892535    8.720634    1.916532    1.980025    1.724353    1.999246    1.199343    1.979450
Iteration: 187 bestvalit: 70.655000 bestmemit:    0.251148    0.061707    0.081497    0.075808    0.235136    0.404530    0.254181    0.207507    0.182353    0.267203    0.362973    0.408537    1.731579    0.074319    0.002382    0.003402    8.892535    8.720634    1.916532    1.980025    1.724353    1.999246    1.199343    1.979450
Iteration: 188 bestvalit: 70.655000 bestmemit:    0.251148    0.061707    0.081497    0.075808    0.235136    0.404530    0.254181    0.207507    0.182353    0.267203    0.362973    0.408537    1.731579    0.074319    0.002382    0.003402    8.892535    8.720634    1.916532    1.980025    1.724353    1.999246    1.199343    1.979450
Iteration: 189 bestvalit: 70.655000 bestmemit:    0.251148    0.061707    0.081497    0.075808    0.235136    0.404530    0.254181    0.207507    0.182353    0.267203    0.362973    0.408537    1.731579    0.074319    0.002382    0.003402    8.892535    8.720634    1.916532    1.980025    1.724353    1.999246    1.199343    1.979450
Iteration: 190 bestvalit: 70.655000 bestmemit:    0.251148    0.061707    0.081497    0.075808    0.235136    0.404530    0.254181    0.207507    0.182353    0.267203    0.362973    0.408537    1.731579    0.074319    0.002382    0.003402    8.892535    8.720634    1.916532    1.980025    1.724353    1.999246    1.199343    1.979450
Iteration: 191 bestvalit: 70.655000 bestmemit:    0.251148    0.061707    0.081497    0.075808    0.235136    0.404530    0.254181    0.207507    0.182353    0.267203    0.362973    0.408537    1.731579    0.074319    0.002382    0.003402    8.892535    8.720634    1.916532    1.980025    1.724353    1.999246    1.199343    1.979450
Iteration: 192 bestvalit: 63.965000 bestmemit:    0.251148    0.061707    0.081497    0.075808    0.235136    0.404530    0.254181    0.207507    0.182353    0.222952    0.362973    0.408537    1.731579    0.074319    0.002382    0.003402    8.892535    8.720634    1.916532    1.980025    1.724353    1.999246    1.199343    1.979450
Iteration: 193 bestvalit: 63.965000 bestmemit:    0.251148    0.061707    0.081497    0.075808    0.235136    0.404530    0.254181    0.207507    0.182353    0.222952    0.362973    0.408537    1.731579    0.074319    0.002382    0.003402    8.892535    8.720634    1.916532    1.980025    1.724353    1.999246    1.199343    1.979450
Iteration: 194 bestvalit: 63.965000 bestmemit:    0.251148    0.061707    0.081497    0.075808    0.235136    0.404530    0.254181    0.207507    0.182353    0.222952    0.362973    0.408537    1.731579    0.074319    0.002382    0.003402    8.892535    8.720634    1.916532    1.980025    1.724353    1.999246    1.199343    1.979450
Iteration: 195 bestvalit: 63.965000 bestmemit:    0.251148    0.061707    0.081497    0.075808    0.235136    0.404530    0.254181    0.207507    0.182353    0.222952    0.362973    0.408537    1.731579    0.074319    0.002382    0.003402    8.892535    8.720634    1.916532    1.980025    1.724353    1.999246    1.199343    1.979450
Iteration: 196 bestvalit: 63.965000 bestmemit:    0.251148    0.061707    0.081497    0.075808    0.235136    0.404530    0.254181    0.207507    0.182353    0.222952    0.362973    0.408537    1.731579    0.074319    0.002382    0.003402    8.892535    8.720634    1.916532    1.980025    1.724353    1.999246    1.199343    1.979450
Iteration: 197 bestvalit: 63.965000 bestmemit:    0.251148    0.061707    0.081497    0.075808    0.235136    0.404530    0.254181    0.207507    0.182353    0.222952    0.362973    0.408537    1.731579    0.074319    0.002382    0.003402    8.892535    8.720634    1.916532    1.980025    1.724353    1.999246    1.199343    1.979450
Iteration: 198 bestvalit: 63.910000 bestmemit:    0.251148    0.061707    0.081497    0.075808    0.235136    0.404530    0.254181    0.207507    0.182353    0.222952    0.362973    0.408537    1.731579    0.074319    0.002382    0.003402    8.892535    8.720634    1.916532    1.980025    1.724353    1.999246    1.128010    1.979450
Iteration: 199 bestvalit: 63.910000 bestmemit:    0.251148    0.061707    0.081497    0.075808    0.235136    0.404530    0.254181    0.207507    0.182353    0.222952    0.362973    0.408537    1.731579    0.074319    0.002382    0.003402    8.892535    8.720634    1.916532    1.980025    1.724353    1.999246    1.128010    1.979450
Iteration: 200 bestvalit: 63.910000 bestmemit:    0.251148    0.061707    0.081497    0.075808    0.235136    0.404530    0.254181    0.207507    0.182353    0.222952    0.362973    0.408537    1.731579    0.074319    0.002382    0.003402    8.892535    8.720634    1.916532    1.980025    1.724353    1.999246    1.128010    1.979450
Iteration: 201 bestvalit: 63.910000 bestmemit:    0.251148    0.061707    0.081497    0.075808    0.235136    0.404530    0.254181    0.207507    0.182353    0.222952    0.362973    0.408537    1.731579    0.074319    0.002382    0.003402    8.892535    8.720634    1.916532    1.980025    1.724353    1.999246    1.128010    1.979450
Iteration: 202 bestvalit: 63.910000 bestmemit:    0.251148    0.061707    0.081497    0.075808    0.235136    0.404530    0.254181    0.207507    0.182353    0.222952    0.362973    0.408537    1.731579    0.074319    0.002382    0.003402    8.892535    8.720634    1.916532    1.980025    1.724353    1.999246    1.128010    1.979450
Iteration: 203 bestvalit: 63.910000 bestmemit:    0.251148    0.061707    0.081497    0.075808    0.235136    0.404530    0.254181    0.207507    0.182353    0.222952    0.362973    0.408537    1.731579    0.074319    0.002382    0.003402    8.892535    8.720634    1.916532    1.980025    1.724353    1.999246    1.128010    1.979450
Iteration: 204 bestvalit: 63.910000 bestmemit:    0.251148    0.061707    0.081497    0.075808    0.235136    0.404530    0.254181    0.207507    0.182353    0.222952    0.362973    0.408537    1.731579    0.074319    0.002382    0.003402    8.892535    8.720634    1.916532    1.980025    1.724353    1.999246    1.128010    1.979450
Iteration: 205 bestvalit: 63.910000 bestmemit:    0.251148    0.061707    0.081497    0.075808    0.235136    0.404530    0.254181    0.207507    0.182353    0.222952    0.362973    0.408537    1.731579    0.074319    0.002382    0.003402    8.892535    8.720634    1.916532    1.980025    1.724353    1.999246    1.128010    1.979450
Iteration: 206 bestvalit: 63.910000 bestmemit:    0.251148    0.061707    0.081497    0.075808    0.235136    0.404530    0.254181    0.207507    0.182353    0.222952    0.362973    0.408537    1.731579    0.074319    0.002382    0.003402    8.892535    8.720634    1.916532    1.980025    1.724353    1.999246    1.128010    1.979450
Iteration: 207 bestvalit: 63.910000 bestmemit:    0.251148    0.061707    0.081497    0.075808    0.235136    0.404530    0.254181    0.207507    0.182353    0.222952    0.362973    0.408537    1.731579    0.074319    0.002382    0.003402    8.892535    8.720634    1.916532    1.980025    1.724353    1.999246    1.128010    1.979450
Iteration: 208 bestvalit: 63.910000 bestmemit:    0.251148    0.061707    0.081497    0.075808    0.235136    0.404530    0.254181    0.207507    0.182353    0.222952    0.362973    0.408537    1.731579    0.074319    0.002382    0.003402    8.892535    8.720634    1.916532    1.980025    1.724353    1.999246    1.128010    1.979450
Iteration: 209 bestvalit: 63.910000 bestmemit:    0.251148    0.061707    0.081497    0.075808    0.235136    0.404530    0.254181    0.207507    0.182353    0.222952    0.362973    0.408537    1.731579    0.074319    0.002382    0.003402    8.892535    8.720634    1.916532    1.980025    1.724353    1.999246    1.128010    1.979450
Iteration: 210 bestvalit: 63.910000 bestmemit:    0.251148    0.061707    0.081497    0.075808    0.235136    0.404530    0.254181    0.207507    0.182353    0.222952    0.362973    0.408537    1.731579    0.074319    0.002382    0.003402    8.892535    8.720634    1.916532    1.980025    1.724353    1.999246    1.128010    1.979450
Iteration: 211 bestvalit: 63.910000 bestmemit:    0.251148    0.061707    0.081497    0.075808    0.235136    0.404530    0.254181    0.207507    0.182353    0.222952    0.362973    0.408537    1.731579    0.074319    0.002382    0.003402    8.892535    8.720634    1.916532    1.980025    1.724353    1.999246    1.128010    1.979450
Iteration: 212 bestvalit: 63.910000 bestmemit:    0.251148    0.061707    0.081497    0.075808    0.235136    0.404530    0.254181    0.207507    0.182353    0.222952    0.362973    0.408537    1.731579    0.074319    0.002382    0.003402    8.892535    8.720634    1.916532    1.980025    1.724353    1.999246    1.128010    1.979450
Iteration: 213 bestvalit: 63.910000 bestmemit:    0.251148    0.061707    0.081497    0.075808    0.235136    0.404530    0.254181    0.207507    0.182353    0.222952    0.362973    0.408537    1.731579    0.074319    0.002382    0.003402    8.892535    8.720634    1.916532    1.980025    1.724353    1.999246    1.128010    1.979450
Iteration: 214 bestvalit: 63.910000 bestmemit:    0.251148    0.061707    0.081497    0.075808    0.235136    0.404530    0.254181    0.207507    0.182353    0.222952    0.362973    0.408537    1.731579    0.074319    0.002382    0.003402    8.892535    8.720634    1.916532    1.980025    1.724353    1.999246    1.128010    1.979450
Iteration: 215 bestvalit: 63.910000 bestmemit:    0.251148    0.061707    0.081497    0.075808    0.235136    0.404530    0.254181    0.207507    0.182353    0.222952    0.362973    0.408537    1.731579    0.074319    0.002382    0.003402    8.892535    8.720634    1.916532    1.980025    1.724353    1.999246    1.128010    1.979450
Iteration: 216 bestvalit: 63.910000 bestmemit:    0.251148    0.061707    0.081497    0.075808    0.235136    0.404530    0.254181    0.207507    0.182353    0.222952    0.362973    0.408537    1.731579    0.074319    0.002382    0.003402    8.892535    8.720634    1.916532    1.980025    1.724353    1.999246    1.128010    1.979450
Iteration: 217 bestvalit: 63.910000 bestmemit:    0.251148    0.061707    0.081497    0.075808    0.235136    0.404530    0.254181    0.207507    0.182353    0.222952    0.362973    0.408537    1.731579    0.074319    0.002382    0.003402    8.892535    8.720634    1.916532    1.980025    1.724353    1.999246    1.128010    1.979450
Iteration: 218 bestvalit: 63.910000 bestmemit:    0.251148    0.061707    0.081497    0.075808    0.235136    0.404530    0.254181    0.207507    0.182353    0.222952    0.362973    0.408537    1.731579    0.074319    0.002382    0.003402    8.892535    8.720634    1.916532    1.980025    1.724353    1.999246    1.128010    1.979450
Iteration: 219 bestvalit: 63.910000 bestmemit:    0.251148    0.061707    0.081497    0.075808    0.235136    0.404530    0.254181    0.207507    0.182353    0.222952    0.362973    0.408537    1.731579    0.074319    0.002382    0.003402    8.892535    8.720634    1.916532    1.980025    1.724353    1.999246    1.128010    1.979450
Iteration: 220 bestvalit: 63.910000 bestmemit:    0.251148    0.061707    0.081497    0.075808    0.235136    0.404530    0.254181    0.207507    0.182353    0.222952    0.362973    0.408537    1.731579    0.074319    0.002382    0.003402    8.892535    8.720634    1.916532    1.980025    1.724353    1.999246    1.128010    1.979450
Iteration: 221 bestvalit: 63.910000 bestmemit:    0.251148    0.061707    0.081497    0.075808    0.235136    0.404530    0.254181    0.207507    0.182353    0.222952    0.362973    0.408537    1.731579    0.074319    0.002382    0.003402    8.892535    8.720634    1.916532    1.980025    1.724353    1.999246    1.128010    1.979450
Iteration: 222 bestvalit: 63.910000 bestmemit:    0.251148    0.061707    0.081497    0.075808    0.235136    0.404530    0.254181    0.207507    0.182353    0.222952    0.362973    0.408537    1.731579    0.074319    0.002382    0.003402    8.892535    8.720634    1.916532    1.980025    1.724353    1.999246    1.128010    1.979450
Iteration: 223 bestvalit: 63.910000 bestmemit:    0.251148    0.061707    0.081497    0.075808    0.235136    0.404530    0.254181    0.207507    0.182353    0.222952    0.362973    0.408537    1.731579    0.074319    0.002382    0.003402    8.892535    8.720634    1.916532    1.980025    1.724353    1.999246    1.128010    1.979450
Iteration: 224 bestvalit: 63.910000 bestmemit:    0.251148    0.061707    0.081497    0.075808    0.235136    0.404530    0.254181    0.207507    0.182353    0.222952    0.362973    0.408537    1.731579    0.074319    0.002382    0.003402    8.892535    8.720634    1.916532    1.980025    1.724353    1.999246    1.128010    1.979450
Iteration: 225 bestvalit: 63.910000 bestmemit:    0.251148    0.061707    0.081497    0.075808    0.235136    0.404530    0.254181    0.207507    0.182353    0.222952    0.362973    0.408537    1.731579    0.074319    0.002382    0.003402    8.892535    8.720634    1.916532    1.980025    1.724353    1.999246    1.128010    1.979450
Iteration: 226 bestvalit: 63.910000 bestmemit:    0.251148    0.061707    0.081497    0.075808    0.235136    0.404530    0.254181    0.207507    0.182353    0.222952    0.362973    0.408537    1.731579    0.074319    0.002382    0.003402    8.892535    8.720634    1.916532    1.980025    1.724353    1.999246    1.128010    1.979450
Iteration: 227 bestvalit: 63.910000 bestmemit:    0.251148    0.061707    0.081497    0.075808    0.235136    0.404530    0.254181    0.207507    0.182353    0.222952    0.362973    0.408537    1.731579    0.074319    0.002382    0.003402    8.892535    8.720634    1.916532    1.980025    1.724353    1.999246    1.128010    1.979450
Iteration: 228 bestvalit: 63.910000 bestmemit:    0.251148    0.061707    0.081497    0.075808    0.235136    0.404530    0.254181    0.207507    0.182353    0.222952    0.362973    0.408537    1.731579    0.074319    0.002382    0.003402    8.892535    8.720634    1.916532    1.980025    1.724353    1.999246    1.128010    1.979450
Iteration: 229 bestvalit: 63.910000 bestmemit:    0.251148    0.061707    0.081497    0.075808    0.235136    0.404530    0.254181    0.207507    0.182353    0.222952    0.362973    0.408537    1.731579    0.074319    0.002382    0.003402    8.892535    8.720634    1.916532    1.980025    1.724353    1.999246    1.128010    1.979450
Iteration: 230 bestvalit: 63.910000 bestmemit:    0.251148    0.061707    0.081497    0.075808    0.235136    0.404530    0.254181    0.207507    0.182353    0.222952    0.362973    0.408537    1.731579    0.074319    0.002382    0.003402    8.892535    8.720634    1.916532    1.980025    1.724353    1.999246    1.128010    1.979450
Iteration: 231 bestvalit: 63.910000 bestmemit:    0.251148    0.061707    0.081497    0.075808    0.235136    0.404530    0.254181    0.207507    0.182353    0.222952    0.362973    0.408537    1.731579    0.074319    0.002382    0.003402    8.892535    8.720634    1.916532    1.980025    1.724353    1.999246    1.128010    1.979450
Iteration: 232 bestvalit: 63.910000 bestmemit:    0.251148    0.061707    0.081497    0.075808    0.235136    0.404530    0.254181    0.207507    0.182353    0.222952    0.362973    0.408537    1.731579    0.074319    0.002382    0.003402    8.892535    8.720634    1.916532    1.980025    1.724353    1.999246    1.128010    1.979450
Iteration: 233 bestvalit: 63.910000 bestmemit:    0.251148    0.061707    0.081497    0.075808    0.235136    0.404530    0.254181    0.207507    0.182353    0.222952    0.362973    0.408537    1.731579    0.074319    0.002382    0.003402    8.892535    8.720634    1.916532    1.980025    1.724353    1.999246    1.128010    1.979450
Iteration: 234 bestvalit: 63.910000 bestmemit:    0.251148    0.061707    0.081497    0.075808    0.235136    0.404530    0.254181    0.207507    0.182353    0.222952    0.362973    0.408537    1.731579    0.074319    0.002382    0.003402    8.892535    8.720634    1.916532    1.980025    1.724353    1.999246    1.128010    1.979450
Iteration: 235 bestvalit: 63.910000 bestmemit:    0.251148    0.061707    0.081497    0.075808    0.235136    0.404530    0.254181    0.207507    0.182353    0.222952    0.362973    0.408537    1.731579    0.074319    0.002382    0.003402    8.892535    8.720634    1.916532    1.980025    1.724353    1.999246    1.128010    1.979450
Iteration: 236 bestvalit: 63.910000 bestmemit:    0.251148    0.061707    0.081497    0.075808    0.235136    0.404530    0.254181    0.207507    0.182353    0.222952    0.362973    0.408537    1.731579    0.074319    0.002382    0.003402    8.892535    8.720634    1.916532    1.980025    1.724353    1.999246    1.128010    1.979450
Iteration: 237 bestvalit: 63.910000 bestmemit:    0.251148    0.061707    0.081497    0.075808    0.235136    0.404530    0.254181    0.207507    0.182353    0.222952    0.362973    0.408537    1.731579    0.074319    0.002382    0.003402    8.892535    8.720634    1.916532    1.980025    1.724353    1.999246    1.128010    1.979450
Iteration: 238 bestvalit: 63.910000 bestmemit:    0.251148    0.061707    0.081497    0.075808    0.235136    0.404530    0.254181    0.207507    0.182353    0.222952    0.362973    0.408537    1.731579    0.074319    0.002382    0.003402    8.892535    8.720634    1.916532    1.980025    1.724353    1.999344    1.128010    1.979450
Iteration: 239 bestvalit: 63.910000 bestmemit:    0.251148    0.061707    0.081497    0.075808    0.235136    0.404530    0.254181    0.207507    0.182353    0.222952    0.362973    0.408537    1.731579    0.074319    0.002382    0.003402    8.892535    8.720634    1.916532    1.980025    1.724353    1.999344    1.128010    1.979450
Iteration: 240 bestvalit: 62.820000 bestmemit:    0.251148    0.061707    0.081497    0.075808    0.235136    0.404530    0.254181    0.207507    0.182353    0.222952    0.362973    0.408537    1.731579    0.074319    0.002382    0.003402    9.200846    8.720634    1.916532    1.980025    1.724353    1.999344    1.128010    1.979450
Iteration: 241 bestvalit: 61.680000 bestmemit:    0.251148    0.061707    0.081497    0.075808    0.235136    0.404530    0.254181    0.207507    0.182353    0.222952    0.362973    0.408537    1.731579    0.074319    0.002382    0.003402    9.858029    8.342668    1.916532    1.980025    1.724353    1.999344    1.128010    1.979450
Iteration: 242 bestvalit: 61.680000 bestmemit:    0.251148    0.061707    0.081497    0.075808    0.235136    0.404530    0.254181    0.207507    0.182353    0.222952    0.362973    0.408537    1.731579    0.074319    0.002382    0.003402    9.858029    8.342668    1.916532    1.980025    1.724353    1.999344    1.128010    1.979450
Iteration: 243 bestvalit: 61.585000 bestmemit:    0.251148    0.061707    0.081497    0.075808    0.235136    0.404530    0.254181    0.207507    0.182353    0.222952    0.362973    0.408537    1.731579    0.074319    0.002382    0.003402    9.858029    8.342668    1.916532    1.980025    1.724353    1.999344    1.128010    1.988872
Iteration: 244 bestvalit: 61.585000 bestmemit:    0.251148    0.061707    0.081497    0.075808    0.235136    0.404530    0.254181    0.207507    0.182353    0.222952    0.362973    0.408537    1.731579    0.074319    0.002382    0.003402    9.858029    8.342668    1.916532    1.980025    1.724353    1.999344    1.128010    1.988872
Iteration: 245 bestvalit: 61.585000 bestmemit:    0.251148    0.061707    0.081497    0.075808    0.235136    0.404530    0.254181    0.207507    0.182353    0.222952    0.362973    0.408537    1.731579    0.074319    0.002382    0.003402    9.858029    8.342668    1.916532    1.980025    1.724353    1.999344    1.128010    1.988872
Iteration: 246 bestvalit: 61.585000 bestmemit:    0.251148    0.061707    0.081497    0.075808    0.235136    0.404530    0.254181    0.207507    0.182353    0.222952    0.362973    0.408537    1.731579    0.074319    0.002382    0.003402    9.858029    8.342668    1.916532    1.980025    1.724353    1.999344    1.128010    1.988872
Iteration: 247 bestvalit: 61.585000 bestmemit:    0.251148    0.061707    0.081497    0.075808    0.235136    0.404530    0.254181    0.207507    0.182353    0.222952    0.362973    0.408537    1.731579    0.074319    0.002382    0.003402    9.858029    8.342668    1.916532    1.980025    1.724353    1.999344    1.128010    1.988872
Iteration: 248 bestvalit: 61.585000 bestmemit:    0.251148    0.061707    0.081497    0.075808    0.235136    0.404530    0.254181    0.207507    0.182353    0.222952    0.362973    0.408537    1.731579    0.074319    0.002382    0.003402    9.858029    8.342668    1.916532    1.980025    1.724353    1.999344    1.128010    1.988872
Iteration: 249 bestvalit: 61.585000 bestmemit:    0.251148    0.061707    0.081497    0.075808    0.235136    0.404530    0.254181    0.207507    0.182353    0.222952    0.362973    0.408537    1.731579    0.074319    0.002382    0.003402    9.858029    8.342668    1.916532    1.980025    1.724353    1.999344    1.128010    1.988872
Iteration: 250 bestvalit: 61.585000 bestmemit:    0.251148    0.061707    0.081497    0.075808    0.235136    0.404530    0.254181    0.207507    0.182353    0.222952    0.362973    0.408537    1.731579    0.074319    0.002382    0.003402    9.858029    8.342668    1.916532    1.980025    1.724353    1.999344    1.128010    1.988872
Iteration: 251 bestvalit: 61.585000 bestmemit:    0.251148    0.061707    0.081497    0.075808    0.235136    0.404530    0.254181    0.207507    0.182353    0.222952    0.362973    0.408537    1.731579    0.074319    0.002382    0.003402    9.858029    8.342668    1.916532    1.980025    1.724353    1.999344    1.128010    1.988872
Iteration: 252 bestvalit: 61.585000 bestmemit:    0.251148    0.061707    0.081497    0.075808    0.235136    0.404530    0.254181    0.207507    0.182353    0.222952    0.362973    0.408537    1.731579    0.074319    0.002382    0.003402    9.858029    8.342668    1.916532    1.980025    1.724353    1.999344    1.128010    1.988872
Iteration: 253 bestvalit: 61.585000 bestmemit:    0.251148    0.061707    0.081497    0.075808    0.235136    0.404530    0.254181    0.207507    0.182353    0.222952    0.362973    0.408537    1.731579    0.074319    0.002382    0.003402    9.858029    8.342668    1.916532    1.980025    1.724353    1.999344    1.128010    1.988872
Iteration: 254 bestvalit: 61.535000 bestmemit:    0.251148    0.061707    0.081497    0.075808    0.235136    0.404530    0.254181    0.207507    0.182353    0.222952    0.362973    0.408537    1.731579    0.074319    0.002382    0.003402    9.858029    8.342668    1.916532    1.980025    1.702766    1.999344    1.128010    1.988872
Iteration: 255 bestvalit: 61.535000 bestmemit:    0.251148    0.061707    0.081497    0.075808    0.235136    0.404530    0.254181    0.207507    0.182353    0.222952    0.362973    0.408537    1.731579    0.074319    0.002382    0.003402    9.858029    8.342668    1.916532    1.980025    1.702766    1.999344    1.128010    1.988872
Iteration: 256 bestvalit: 61.535000 bestmemit:    0.251148    0.061707    0.081497    0.075808    0.235136    0.404530    0.254181    0.207507    0.182353    0.222952    0.362973    0.408537    1.731579    0.074319    0.002382    0.003402    9.858029    8.342668    1.916532    1.980025    1.702766    1.999344    1.128010    1.988872
Iteration: 257 bestvalit: 61.535000 bestmemit:    0.251148    0.061707    0.081497    0.075808    0.235136    0.404530    0.254181    0.207507    0.182353    0.222952    0.362973    0.408537    1.731579    0.074319    0.002382    0.003402    9.858029    8.342668    1.916532    1.980025    1.702766    1.999344    1.128010    1.988872
Iteration: 258 bestvalit: 61.535000 bestmemit:    0.251148    0.061707    0.081497    0.075808    0.235136    0.404530    0.254181    0.207507    0.182353    0.222952    0.362973    0.408537    1.731579    0.074319    0.002382    0.003402    9.858029    8.342668    1.916532    1.980025    1.702766    1.999344    1.128010    1.988872
Iteration: 259 bestvalit: 61.535000 bestmemit:    0.251148    0.061707    0.081497    0.075808    0.235136    0.404530    0.254181    0.207507    0.182353    0.222952    0.362973    0.408537    1.731579    0.074319    0.002382    0.003402    9.858029    8.342668    1.916532    1.980025    1.702766    1.999344    1.128010    1.988872
Iteration: 260 bestvalit: 61.410000 bestmemit:    0.251148    0.061707    0.081497    0.075808    0.235136    0.404530    0.254181    0.207507    0.182353    0.222952    0.362973    0.408537    1.731579    0.074319    0.002382    0.003402    9.858029    8.883684    1.916532    1.980025    1.702766    1.999344    1.128010    1.988872
Iteration: 261 bestvalit: 61.410000 bestmemit:    0.251148    0.061707    0.081497    0.075808    0.235136    0.404530    0.254181    0.207507    0.182353    0.222952    0.362973    0.408537    1.731579    0.074319    0.002382    0.003402    9.858029    8.883684    1.916532    1.980025    1.702766    1.999344    1.128010    1.988872
Iteration: 262 bestvalit: 61.410000 bestmemit:    0.251148    0.061707    0.081497    0.075808    0.235136    0.404530    0.254181    0.207507    0.182353    0.222952    0.362973    0.408537    1.731579    0.074319    0.002382    0.003402    9.858029    8.883684    1.916532    1.980025    1.702766    1.999344    1.128010    1.988872
Iteration: 263 bestvalit: 61.410000 bestmemit:    0.251148    0.061707    0.081497    0.075808    0.235136    0.404530    0.254181    0.207507    0.182353    0.222952    0.362973    0.408537    1.731579    0.074319    0.002382    0.003402    9.858029    8.883684    1.916532    1.980025    1.702766    1.999344    1.128010    1.988872
Iteration: 264 bestvalit: 61.410000 bestmemit:    0.251148    0.061707    0.081497    0.075808    0.235136    0.404530    0.254181    0.207507    0.182353    0.222952    0.362973    0.408537    1.731579    0.074319    0.002382    0.003402    9.858029    8.883684    1.916532    1.980025    1.702766    1.999344    1.128010    1.988872
Iteration: 265 bestvalit: 61.410000 bestmemit:    0.251148    0.061707    0.081497    0.075808    0.235136    0.404530    0.254181    0.207507    0.182353    0.222952    0.362973    0.408537    1.731579    0.074319    0.002382    0.003402    9.858029    8.883684    1.916532    1.980025    1.702766    1.999344    1.128010    1.988872
Iteration: 266 bestvalit: 61.410000 bestmemit:    0.251148    0.061707    0.081497    0.075808    0.235136    0.404530    0.254181    0.207507    0.182353    0.222952    0.362973    0.408537    1.731579    0.074319    0.002382    0.003402    9.858029    8.883684    1.916532    1.980025    1.702766    1.999344    1.128010    1.988872
Iteration: 267 bestvalit: 61.410000 bestmemit:    0.251148    0.061707    0.081497    0.075808    0.235136    0.404530    0.254181    0.207507    0.182353    0.222952    0.362973    0.408537    1.731579    0.074319    0.002382    0.003402    9.858029    8.883684    1.916532    1.980025    1.702766    1.999344    1.128010    1.988872
Iteration: 268 bestvalit: 61.410000 bestmemit:    0.251148    0.061707    0.081497    0.075808    0.235136    0.404530    0.254181    0.207507    0.182353    0.222952    0.362973    0.408537    1.731579    0.074319    0.002382    0.003402    9.858029    8.883684    1.916532    1.980025    1.702766    1.999344    1.128010    1.988872
Iteration: 269 bestvalit: 61.410000 bestmemit:    0.251148    0.061707    0.081497    0.075808    0.235136    0.404530    0.254181    0.207507    0.182353    0.222952    0.362973    0.408537    1.731579    0.074319    0.002382    0.003402    9.858029    8.883684    1.916532    1.980025    1.702766    1.999344    1.128010    1.988872
Iteration: 270 bestvalit: 61.410000 bestmemit:    0.251148    0.061707    0.081497    0.075808    0.235136    0.404530    0.254181    0.207507    0.182353    0.222952    0.362973    0.408537    1.731579    0.074319    0.002382    0.003402    9.858029    8.883684    1.916532    1.980025    1.702766    1.999344    1.128010    1.988872
Iteration: 271 bestvalit: 61.410000 bestmemit:    0.251148    0.061707    0.081497    0.075808    0.235136    0.404530    0.254181    0.207507    0.182353    0.222952    0.362973    0.408537    1.731579    0.074319    0.002382    0.003402    9.858029    8.883684    1.916532    1.980025    1.702766    1.999344    1.128010    1.988872
Iteration: 272 bestvalit: 61.410000 bestmemit:    0.251148    0.061707    0.081497    0.075808    0.235136    0.404530    0.254181    0.207507    0.182353    0.222952    0.362973    0.408537    1.731579    0.074319    0.002382    0.003402    9.858029    8.883684    1.916532    1.980025    1.702766    1.999344    1.128010    1.988872
Iteration: 273 bestvalit: 61.410000 bestmemit:    0.251148    0.061707    0.081497    0.075808    0.235136    0.404530    0.254181    0.207507    0.182353    0.222952    0.362973    0.408537    1.731579    0.074319    0.002382    0.003402    9.858029    8.883684    1.916532    1.980025    1.702766    1.999344    1.128010    1.988872
Iteration: 274 bestvalit: 60.845000 bestmemit:    0.258499    0.061707    0.081497    0.075808    0.235136    0.404530    0.254181    0.207507    0.182353    0.222952    0.362973    0.408537    1.731579    0.074319    0.002382    0.003402    9.858029    8.883684    1.916532    1.980025    1.702766    1.999344    1.128010    1.988872
Iteration: 275 bestvalit: 60.845000 bestmemit:    0.258499    0.061707    0.081497    0.075808    0.235136    0.404530    0.254181    0.207507    0.182353    0.222952    0.362973    0.408537    1.731579    0.074319    0.002382    0.003402    9.858029    8.883684    1.916532    1.980025    1.702766    1.999344    1.128010    1.988872
Iteration: 276 bestvalit: 60.845000 bestmemit:    0.258499    0.061707    0.081497    0.075808    0.235136    0.404530    0.254181    0.207507    0.182353    0.222952    0.362973    0.408537    1.731579    0.074319    0.002382    0.003402    9.858029    8.883684    1.916532    1.980025    1.702766    1.999344    1.128010    1.988872
Iteration: 277 bestvalit: 60.845000 bestmemit:    0.258499    0.061707    0.081497    0.075808    0.235136    0.404530    0.254181    0.207507    0.182353    0.222952    0.362973    0.408537    1.731579    0.074319    0.002382    0.003402    9.858029    8.883684    1.916532    1.980025    1.702766    1.999344    1.128010    1.988872
Iteration: 278 bestvalit: 60.845000 bestmemit:    0.258499    0.061707    0.081497    0.075808    0.235136    0.404530    0.254181    0.207507    0.182353    0.222952    0.362973    0.408537    1.731579    0.074319    0.002382    0.003402    9.858029    8.883684    1.916532    1.980025    1.702766    1.999344    1.128010    1.988872
Iteration: 279 bestvalit: 60.845000 bestmemit:    0.258499    0.061707    0.081497    0.075808    0.235136    0.404530    0.254181    0.207507    0.182353    0.222952    0.362973    0.408537    1.731579    0.074319    0.002382    0.003402    9.858029    8.883684    1.916532    1.980025    1.702766    1.999344    1.128010    1.988872
Iteration: 280 bestvalit: 60.775000 bestmemit:    0.258499    0.061707    0.081497    0.075808    0.235136    0.404530    0.254181    0.207507    0.182353    0.222952    0.362973    0.408537    1.731579    0.074319    0.002418    0.003402    9.858029    8.883684    1.916532    1.980025    1.702766    1.999344    1.128010    1.988872
Iteration: 281 bestvalit: 60.775000 bestmemit:    0.258499    0.061707    0.081497    0.075808    0.235136    0.404530    0.254181    0.207507    0.182353    0.222952    0.362973    0.408537    1.731579    0.074319    0.002418    0.003402    9.858029    8.883684    1.916532    1.980025    1.702766    1.999344    1.128010    1.988872
Iteration: 282 bestvalit: 60.775000 bestmemit:    0.258499    0.061707    0.081497    0.075808    0.235136    0.404530    0.254181    0.207507    0.182353    0.222952    0.362973    0.408537    1.731579    0.074319    0.002418    0.003402    9.858029    8.883684    1.916532    1.980025    1.702766    1.999344    1.128010    1.988872
Iteration: 283 bestvalit: 60.775000 bestmemit:    0.258499    0.061707    0.081497    0.075808    0.235136    0.404530    0.254181    0.207507    0.182353    0.222952    0.362973    0.408537    1.731579    0.074319    0.002418    0.003402    9.858029    8.883684    1.916532    1.980025    1.702766    1.999344    1.128010    1.988872
Iteration: 284 bestvalit: 60.775000 bestmemit:    0.258499    0.061707    0.081497    0.075808    0.235136    0.404530    0.254181    0.207507    0.182353    0.222952    0.362973    0.408537    1.731579    0.074319    0.002418    0.003402    9.858029    8.883684    1.916532    1.980025    1.702766    1.999344    1.128010    1.988872
Iteration: 285 bestvalit: 60.775000 bestmemit:    0.258499    0.061707    0.081497    0.075808    0.235136    0.404530    0.254181    0.207507    0.182353    0.222952    0.362973    0.408537    1.731579    0.074319    0.002418    0.003402    9.858029    8.883684    1.916532    1.980025    1.702766    1.999344    1.128010    1.988872
Iteration: 286 bestvalit: 60.775000 bestmemit:    0.258499    0.061707    0.081497    0.075808    0.235136    0.404530    0.254181    0.207507    0.182353    0.222952    0.362973    0.408537    1.731579    0.074319    0.002418    0.003402    9.858029    8.883684    1.916532    1.980025    1.702766    1.999344    1.128010    1.988872
Iteration: 287 bestvalit: 60.775000 bestmemit:    0.258499    0.061707    0.081497    0.075808    0.235136    0.404530    0.254181    0.207507    0.182353    0.222952    0.362973    0.408537    1.731579    0.074319    0.002418    0.003402    9.858029    8.883684    1.916532    1.980025    1.702766    1.999344    1.128010    1.988872
Iteration: 288 bestvalit: 60.775000 bestmemit:    0.258499    0.061707    0.081497    0.075808    0.235136    0.404530    0.254181    0.207507    0.182353    0.222952    0.362973    0.408537    1.731579    0.074319    0.002418    0.003402    9.858029    8.883684    1.916532    1.980025    1.702766    1.999344    1.128010    1.988872
Iteration: 289 bestvalit: 60.775000 bestmemit:    0.258499    0.061707    0.081497    0.075808    0.235136    0.404530    0.254181    0.207507    0.182353    0.222952    0.362973    0.408537    1.731579    0.074319    0.002418    0.003402    9.858029    8.883684    1.916532    1.980025    1.702766    1.999344    1.128010    1.988872
Iteration: 290 bestvalit: 60.775000 bestmemit:    0.258499    0.061707    0.081497    0.075808    0.235136    0.404530    0.254181    0.207507    0.182353    0.222952    0.362973    0.408537    1.731579    0.074319    0.002418    0.003402    9.858029    8.883684    1.916532    1.980025    1.702766    1.999344    1.128010    1.988872
Iteration: 291 bestvalit: 60.775000 bestmemit:    0.258499    0.061707    0.081497    0.075808    0.235136    0.404530    0.254181    0.207507    0.182353    0.222952    0.362973    0.408537    1.731579    0.074319    0.002418    0.003402    9.858029    8.883684    1.916532    1.980025    1.702766    1.999344    1.128010    1.988872
Iteration: 292 bestvalit: 60.775000 bestmemit:    0.258499    0.061707    0.081497    0.075808    0.235136    0.404530    0.254181    0.207507    0.182353    0.222952    0.362973    0.408537    1.731579    0.074319    0.002418    0.003402    9.858029    8.883684    1.916532    1.980025    1.702766    1.999344    1.128010    1.988872
Iteration: 293 bestvalit: 60.775000 bestmemit:    0.258499    0.061707    0.081497    0.075808    0.235136    0.404530    0.254181    0.207507    0.182353    0.222952    0.362973    0.408537    1.731579    0.074319    0.002418    0.003402    9.858029    8.883684    1.916532    1.980025    1.702766    1.999344    1.128010    1.988872
Iteration: 294 bestvalit: 60.775000 bestmemit:    0.258499    0.061707    0.081497    0.075808    0.235136    0.404530    0.254181    0.207507    0.182353    0.222952    0.362973    0.408537    1.731579    0.074319    0.002418    0.003402    9.858029    8.883684    1.916532    1.980025    1.702766    1.999344    1.128010    1.988872
Iteration: 295 bestvalit: 60.775000 bestmemit:    0.258499    0.061707    0.081497    0.075808    0.235136    0.404530    0.254181    0.207507    0.182353    0.222952    0.362973    0.408537    1.731579    0.074319    0.002418    0.003402    9.858029    8.883684    1.916532    1.980025    1.702766    1.999344    1.128010    1.988872
Iteration: 296 bestvalit: 60.775000 bestmemit:    0.258499    0.061707    0.081497    0.075808    0.235136    0.404530    0.254181    0.207507    0.182353    0.222952    0.362973    0.408537    1.731579    0.074319    0.002418    0.003402    9.858029    8.883684    1.916532    1.980025    1.702766    1.999344    1.128010    1.988872
Iteration: 297 bestvalit: 60.775000 bestmemit:    0.258499    0.061707    0.081497    0.075808    0.235136    0.404530    0.254181    0.207507    0.182353    0.222952    0.362973    0.408537    1.731579    0.074319    0.002418    0.003402    9.858029    8.883684    1.916532    1.980025    1.702766    1.999344    1.128010    1.988872
Iteration: 298 bestvalit: 60.775000 bestmemit:    0.258499    0.061707    0.081497    0.075808    0.235136    0.404530    0.254181    0.207507    0.182353    0.222952    0.362973    0.408537    1.731579    0.074319    0.002418    0.003402    9.858029    8.883684    1.916532    1.980025    1.702766    1.999344    1.128010    1.988872
Iteration: 299 bestvalit: 60.775000 bestmemit:    0.258499    0.061707    0.081497    0.075808    0.235136    0.404530    0.254181    0.207507    0.182353    0.222952    0.362973    0.408537    1.731579    0.074319    0.002418    0.003402    9.858029    8.883684    1.916532    1.980025    1.702766    1.999344    1.128010    1.988872
Iteration: 300 bestvalit: 60.775000 bestmemit:    0.258499    0.061707    0.081497    0.075808    0.235136    0.404530    0.254181    0.207507    0.182353    0.222952    0.362973    0.408537    1.731579    0.074319    0.002418    0.003402    9.858029    8.883684    1.916532    1.980025    1.702766    1.999344    1.128010    1.988872
Iteration: 301 bestvalit: 60.775000 bestmemit:    0.258499    0.061707    0.081497    0.075808    0.235136    0.404530    0.254181    0.207507    0.182353    0.222952    0.362973    0.408537    1.731579    0.074319    0.002418    0.003402    9.858029    8.883684    1.916532    1.980025    1.702766    1.999344    1.128010    1.988872
Iteration: 302 bestvalit: 60.775000 bestmemit:    0.258499    0.061707    0.081497    0.075808    0.235136    0.404530    0.254181    0.207507    0.182353    0.222952    0.362973    0.408537    1.731579    0.074319    0.002418    0.003402    9.858029    8.883684    1.916532    1.980025    1.702766    1.999344    1.128010    1.988872
Iteration: 303 bestvalit: 60.775000 bestmemit:    0.258499    0.061707    0.081497    0.075808    0.235136    0.404530    0.254181    0.207507    0.182353    0.222952    0.362973    0.408537    1.731579    0.074319    0.002418    0.003402    9.858029    8.883684    1.916532    1.980025    1.702766    1.999344    1.128010    1.988872
Iteration: 304 bestvalit: 60.755000 bestmemit:    0.258499    0.061707    0.081497    0.075808    0.235136    0.404530    0.254181    0.207507    0.182353    0.222952    0.362973    0.408537    1.731579    0.074319    0.002418    0.003402    9.858029    8.984622    1.916532    1.980025    1.702766    1.999344    1.128010    1.988872
Iteration: 305 bestvalit: 60.755000 bestmemit:    0.258499    0.061707    0.081497    0.075808    0.235136    0.404530    0.254181    0.207507    0.182353    0.222952    0.362973    0.408537    1.731579    0.074319    0.002418    0.003402    9.858029    8.984622    1.916532    1.980025    1.702766    1.999344    1.128010    1.988872
Iteration: 306 bestvalit: 60.755000 bestmemit:    0.258499    0.061707    0.081497    0.075808    0.235136    0.404530    0.254181    0.207507    0.182353    0.222952    0.362973    0.408537    1.731579    0.074319    0.002418    0.003402    9.858029    8.984622    1.916532    1.980025    1.702766    1.999344    1.128010    1.988872
Iteration: 307 bestvalit: 60.755000 bestmemit:    0.258499    0.061707    0.081497    0.075808    0.235136    0.404530    0.254181    0.207507    0.182353    0.222952    0.362973    0.408537    1.731579    0.074319    0.002418    0.003402    9.858029    8.984622    1.916532    1.980025    1.702766    1.999344    1.128010    1.988872
Iteration: 308 bestvalit: 60.755000 bestmemit:    0.258499    0.061707    0.081497    0.075808    0.235136    0.404530    0.254181    0.207507    0.182353    0.222952    0.362973    0.408537    1.731579    0.074319    0.002418    0.003402    9.858029    8.984622    1.916532    1.980025    1.702766    1.999344    1.128010    1.988872
Iteration: 309 bestvalit: 60.755000 bestmemit:    0.258499    0.061707    0.081497    0.075808    0.235136    0.404530    0.254181    0.207507    0.182353    0.222952    0.362973    0.408537    1.731579    0.074319    0.002418    0.003402    9.858029    8.984622    1.916532    1.980025    1.702766    1.999344    1.128010    1.988872
Iteration: 310 bestvalit: 60.755000 bestmemit:    0.258499    0.061707    0.081497    0.075808    0.235136    0.404530    0.254181    0.207507    0.182353    0.222952    0.362973    0.408537    1.731579    0.074319    0.002418    0.003402    9.858029    8.984622    1.916532    1.980025    1.702766    1.999344    1.128010    1.988872
Iteration: 311 bestvalit: 60.755000 bestmemit:    0.258499    0.061707    0.081497    0.075808    0.235136    0.404530    0.254181    0.207507    0.182353    0.222952    0.362973    0.408537    1.731579    0.074319    0.002418    0.003402    9.858029    8.984622    1.916532    1.980025    1.702766    1.999344    1.128010    1.988872
Iteration: 312 bestvalit: 60.755000 bestmemit:    0.258499    0.061707    0.081497    0.075808    0.235136    0.404530    0.254181    0.207507    0.182353    0.222952    0.362973    0.408537    1.731579    0.074319    0.002418    0.003402    9.858029    8.984622    1.916532    1.980025    1.702766    1.999344    1.128010    1.988872
Iteration: 313 bestvalit: 60.755000 bestmemit:    0.258499    0.061707    0.081497    0.075808    0.235136    0.404530    0.254181    0.207507    0.182353    0.222952    0.362973    0.408537    1.731579    0.074319    0.002418    0.003402    9.858029    8.984622    1.916532    1.980025    1.702766    1.999344    1.128010    1.988872
Iteration: 314 bestvalit: 60.755000 bestmemit:    0.258499    0.061707    0.081497    0.075808    0.235136    0.404530    0.254181    0.207507    0.182353    0.222952    0.362973    0.408537    1.731579    0.074319    0.002418    0.003402    9.858029    8.984622    1.916532    1.980025    1.702766    1.999344    1.128010    1.988872
Iteration: 315 bestvalit: 60.755000 bestmemit:    0.258499    0.061707    0.081497    0.075808    0.235136    0.404530    0.254181    0.207507    0.182353    0.222952    0.362973    0.408537    1.731579    0.074319    0.002418    0.003402    9.858029    8.984622    1.916532    1.980025    1.702766    1.999344    1.128010    1.988872
Iteration: 316 bestvalit: 60.755000 bestmemit:    0.258499    0.061707    0.081497    0.075808    0.235136    0.404530    0.254181    0.207507    0.182353    0.222952    0.362973    0.408537    1.731579    0.074319    0.002418    0.003402    9.858029    8.984622    1.916532    1.980025    1.702766    1.999344    1.128010    1.988872
Iteration: 317 bestvalit: 60.755000 bestmemit:    0.258499    0.061707    0.081497    0.075808    0.235136    0.404530    0.254181    0.207507    0.182353    0.222952    0.362973    0.408537    1.731579    0.074319    0.002418    0.003402    9.858029    8.984622    1.916532    1.980025    1.702766    1.999344    1.128010    1.988872
Iteration: 318 bestvalit: 60.755000 bestmemit:    0.258499    0.061707    0.081497    0.075808    0.235136    0.404530    0.254181    0.207507    0.182353    0.222952    0.362973    0.408537    1.731579    0.074319    0.002418    0.003402    9.858029    8.984622    1.916532    1.980025    1.702766    1.999344    1.128010    1.988872
Iteration: 319 bestvalit: 60.755000 bestmemit:    0.258499    0.061707    0.081497    0.075808    0.235136    0.404530    0.254181    0.207507    0.182353    0.222952    0.362973    0.408537    1.731579    0.074319    0.002418    0.003402    9.858029    8.984622    1.916532    1.980025    1.702766    1.999344    1.128010    1.988872
Iteration: 320 bestvalit: 60.755000 bestmemit:    0.258499    0.061707    0.081497    0.075808    0.235136    0.404530    0.254181    0.207507    0.182353    0.222952    0.362973    0.408537    1.731579    0.074319    0.002418    0.003402    9.858029    8.984622    1.916532    1.980025    1.702766    1.999344    1.128010    1.988872
Iteration: 321 bestvalit: 60.755000 bestmemit:    0.258499    0.061707    0.081497    0.075808    0.235136    0.404530    0.254181    0.207507    0.182353    0.222952    0.362973    0.408537    1.731579    0.074319    0.002418    0.003402    9.858029    8.984622    1.916532    1.980025    1.702766    1.999344    1.128010    1.988872
Iteration: 322 bestvalit: 60.755000 bestmemit:    0.258499    0.061707    0.081497    0.075808    0.235136    0.404530    0.254181    0.207507    0.182353    0.222952    0.362973    0.408537    1.731579    0.074319    0.002418    0.003402    9.858029    8.984622    1.916532    1.980025    1.702766    1.999344    1.128010    1.988872
Iteration: 323 bestvalit: 59.945000 bestmemit:    0.258499    0.061707    0.081497    0.075808    0.235136    0.404530    0.254181    0.207507    0.182353    0.222952    0.385044    0.408537    1.731579    0.074319    0.002418    0.003402    9.858029    8.984622    1.916532    1.980025    1.702766    1.999344    1.128010    1.988872
Iteration: 324 bestvalit: 59.945000 bestmemit:    0.258499    0.061707    0.081497    0.075808    0.235136    0.404530    0.254181    0.207507    0.182353    0.222952    0.385044    0.408537    1.731579    0.074319    0.002418    0.003402    9.858029    8.984622    1.916532    1.980025    1.702766    1.999344    1.128010    1.988872
Iteration: 325 bestvalit: 59.945000 bestmemit:    0.258499    0.061707    0.081497    0.075808    0.235136    0.404530    0.254181    0.207507    0.182353    0.222952    0.385044    0.408537    1.731579    0.074319    0.002418    0.003402    9.858029    8.984622    1.916532    1.980025    1.702766    1.999344    1.128010    1.988872
Iteration: 326 bestvalit: 59.945000 bestmemit:    0.258499    0.061707    0.081497    0.075808    0.235136    0.404530    0.254181    0.207507    0.182353    0.222952    0.385044    0.408537    1.731579    0.074319    0.002418    0.003402    9.858029    8.984622    1.916532    1.980025    1.702766    1.999344    1.128010    1.988872
Iteration: 327 bestvalit: 59.945000 bestmemit:    0.258499    0.061707    0.081497    0.075808    0.235136    0.404530    0.254181    0.207507    0.182353    0.222952    0.385044    0.408537    1.731579    0.074319    0.002418    0.003402    9.858029    8.984622    1.916532    1.980025    1.702766    1.999344    1.128010    1.988872
Iteration: 328 bestvalit: 59.945000 bestmemit:    0.258499    0.061707    0.081497    0.075808    0.235136    0.404530    0.254181    0.207507    0.182353    0.222952    0.385044    0.408537    1.731579    0.074319    0.002418    0.003402    9.858029    8.984622    1.916532    1.980025    1.702766    1.999344    1.128010    1.988872
Iteration: 329 bestvalit: 59.945000 bestmemit:    0.258499    0.061707    0.081497    0.075808    0.235136    0.404530    0.254181    0.207507    0.182353    0.222952    0.385044    0.408537    1.731579    0.074319    0.002418    0.003402    9.858029    8.984622    1.916532    1.980025    1.702766    1.999344    1.128010    1.988872
Iteration: 330 bestvalit: 59.945000 bestmemit:    0.258499    0.061707    0.081497    0.075808    0.235136    0.404530    0.254181    0.207507    0.182353    0.222952    0.385044    0.408537    1.731579    0.074319    0.002418    0.003402    9.858029    8.984622    1.916532    1.980025    1.702766    1.999344    1.128010    1.988872
Iteration: 331 bestvalit: 59.945000 bestmemit:    0.258499    0.061707    0.081497    0.075808    0.235136    0.404530    0.254181    0.207507    0.182353    0.222952    0.385044    0.408537    1.731579    0.074319    0.002418    0.003402    9.858029    8.984622    1.916532    1.980025    1.702766    1.999344    1.128010    1.988872
Iteration: 332 bestvalit: 59.945000 bestmemit:    0.258499    0.061707    0.081497    0.075808    0.235136    0.404530    0.254181    0.207507    0.182353    0.222952    0.385044    0.408537    1.731579    0.074319    0.002418    0.003402    9.858029    8.984622    1.916532    1.980025    1.702766    1.999344    1.128010    1.988872
Iteration: 333 bestvalit: 59.945000 bestmemit:    0.258499    0.061707    0.081497    0.075808    0.235136    0.404530    0.254181    0.207507    0.182353    0.222952    0.385044    0.408537    1.731579    0.074319    0.002418    0.003402    9.858029    8.984622    1.916532    1.980025    1.702766    1.999344    1.128010    1.988872
Iteration: 334 bestvalit: 59.945000 bestmemit:    0.258499    0.061707    0.081497    0.075808    0.235136    0.404530    0.254181    0.207507    0.182353    0.222952    0.385044    0.408537    1.731579    0.074319    0.002418    0.003402    9.858029    8.984622    1.916532    1.980025    1.702766    1.999344    1.128010    1.988872
Iteration: 335 bestvalit: 59.945000 bestmemit:    0.258499    0.061707    0.081497    0.075808    0.235136    0.404530    0.254181    0.207507    0.182353    0.222952    0.385044    0.408537    1.731579    0.074319    0.002418    0.003402    9.858029    8.984622    1.916532    1.980025    1.702766    1.999344    1.128010    1.988872
Iteration: 336 bestvalit: 59.945000 bestmemit:    0.258499    0.061707    0.081497    0.075808    0.235136    0.404530    0.254181    0.207507    0.182353    0.222952    0.385044    0.408537    1.731579    0.074319    0.002418    0.003402    9.858029    8.984622    1.916532    1.980025    1.702766    1.999344    1.128010    1.988872
Iteration: 337 bestvalit: 59.945000 bestmemit:    0.258499    0.061707    0.081497    0.075808    0.235136    0.404530    0.254181    0.207507    0.182353    0.222952    0.385044    0.408537    1.731579    0.074319    0.002418    0.003402    9.858029    8.984622    1.916532    1.980025    1.702766    1.999344    1.128010    1.988872
Iteration: 338 bestvalit: 59.945000 bestmemit:    0.258499    0.061707    0.081497    0.075808    0.235136    0.404530    0.254181    0.207507    0.182353    0.222952    0.385044    0.408537    1.731579    0.074319    0.002418    0.003402    9.858029    8.984622    1.916532    1.980025    1.702766    1.999344    1.128010    1.988872
Iteration: 339 bestvalit: 59.945000 bestmemit:    0.258499    0.061707    0.081497    0.075808    0.235136    0.404530    0.254181    0.207507    0.182353    0.222952    0.385044    0.408537    1.731579    0.074319    0.002418    0.003402    9.858029    8.984622    1.916532    1.980025    1.702766    1.999344    1.128010    1.988872
Iteration: 340 bestvalit: 59.945000 bestmemit:    0.258499    0.061707    0.081497    0.075808    0.235136    0.404530    0.254181    0.207507    0.182353    0.222952    0.385044    0.408537    1.731579    0.074319    0.002418    0.003402    9.858029    8.984622    1.916532    1.980025    1.702766    1.999344    1.128010    1.988872
Iteration: 341 bestvalit: 59.945000 bestmemit:    0.258499    0.061707    0.081497    0.075808    0.235136    0.404530    0.254181    0.207507    0.182353    0.222952    0.385044    0.408537    1.731579    0.074319    0.002418    0.003402    9.858029    8.984622    1.916532    1.980025    1.702766    1.999344    1.128010    1.988872
Iteration: 342 bestvalit: 59.945000 bestmemit:    0.258499    0.061707    0.081497    0.075808    0.235136    0.404530    0.254181    0.207507    0.182353    0.222952    0.385044    0.408537    1.731579    0.074319    0.002418    0.003402    9.858029    8.984622    1.916532    1.980025    1.702766    1.999344    1.128010    1.988872
Iteration: 343 bestvalit: 59.945000 bestmemit:    0.258499    0.061707    0.081497    0.075808    0.235136    0.404530    0.254181    0.207507    0.182353    0.222952    0.385044    0.408537    1.731579    0.074319    0.002418    0.003402    9.858029    8.984622    1.916532    1.980025    1.702766    1.999344    1.128010    1.988872
Iteration: 344 bestvalit: 59.945000 bestmemit:    0.258499    0.061707    0.081497    0.075808    0.235136    0.404530    0.254181    0.207507    0.182353    0.222952    0.385044    0.408537    1.731579    0.074319    0.002418    0.003402    9.858029    8.984622    1.916532    1.980025    1.702766    1.999344    1.128010    1.988872
Iteration: 345 bestvalit: 59.945000 bestmemit:    0.258499    0.061707    0.081497    0.075808    0.235136    0.404530    0.254181    0.207507    0.182353    0.222952    0.385044    0.408537    1.731579    0.074319    0.002418    0.003402    9.858029    8.984622    1.916532    1.980025    1.702766    1.999344    1.128010    1.988872
Iteration: 346 bestvalit: 59.945000 bestmemit:    0.258499    0.061707    0.081497    0.075808    0.235136    0.404530    0.254181    0.207507    0.182353    0.222952    0.385044    0.408537    1.731579    0.074319    0.002418    0.003402    9.858029    8.984622    1.916532    1.980025    1.702766    1.999344    1.128010    1.988872
Iteration: 347 bestvalit: 59.945000 bestmemit:    0.258499    0.061707    0.081497    0.075808    0.235136    0.404530    0.254181    0.207507    0.182353    0.222952    0.385044    0.408537    1.731579    0.074319    0.002418    0.003402    9.858029    8.984622    1.916532    1.980025    1.702766    1.999344    1.128010    1.988872
Iteration: 348 bestvalit: 59.945000 bestmemit:    0.258499    0.061707    0.081497    0.075808    0.235136    0.404530    0.254181    0.207507    0.182353    0.222952    0.385044    0.408537    1.731579    0.074319    0.002418    0.003402    9.858029    8.984622    1.916532    1.980025    1.702766    1.999344    1.128010    1.988872
Iteration: 349 bestvalit: 59.945000 bestmemit:    0.258499    0.061707    0.081497    0.075808    0.235136    0.404530    0.254181    0.207507    0.182353    0.222952    0.385044    0.408537    1.731579    0.074319    0.002418    0.003402    9.858029    8.984622    1.916532    1.980025    1.702766    1.999344    1.128010    1.988872
Iteration: 350 bestvalit: 59.945000 bestmemit:    0.258499    0.061707    0.081497    0.075808    0.235136    0.404530    0.254181    0.207507    0.182353    0.222952    0.385044    0.408537    1.731579    0.074319    0.002418    0.003402    9.858029    8.984622    1.916532    1.980025    1.702766    1.999344    1.128010    1.988872
Iteration: 351 bestvalit: 59.945000 bestmemit:    0.258499    0.061707    0.081497    0.075808    0.235136    0.404530    0.254181    0.207507    0.182353    0.222952    0.385044    0.408537    1.731579    0.074319    0.002418    0.003402    9.858029    8.984622    1.916532    1.980025    1.702766    1.999344    1.128010    1.988872
Iteration: 352 bestvalit: 59.945000 bestmemit:    0.258499    0.061707    0.081497    0.075808    0.235136    0.404530    0.254181    0.207507    0.182353    0.222952    0.385044    0.408537    1.731579    0.074319    0.002418    0.003402    9.858029    8.984622    1.916532    1.980025    1.702766    1.999344    1.128010    1.988872
Iteration: 353 bestvalit: 59.945000 bestmemit:    0.258499    0.061707    0.081497    0.075808    0.235136    0.404530    0.254181    0.207507    0.182353    0.222952    0.385044    0.408537    1.731579    0.074319    0.002418    0.003402    9.858029    8.984622    1.916532    1.980025    1.702766    1.999344    1.128010    1.988872
Iteration: 354 bestvalit: 59.945000 bestmemit:    0.258499    0.061707    0.081497    0.075808    0.235136    0.404530    0.254181    0.207507    0.182353    0.222952    0.385044    0.408537    1.731579    0.074319    0.002418    0.003402    9.858029    8.984622    1.916532    1.980025    1.702766    1.999344    1.128010    1.988872
Iteration: 355 bestvalit: 59.945000 bestmemit:    0.258499    0.061707    0.081497    0.075808    0.235136    0.404530    0.254181    0.207507    0.182353    0.222952    0.385044    0.408537    1.731579    0.074319    0.002418    0.003402    9.858029    8.984622    1.916532    1.980025    1.702766    1.999344    1.128010    1.988872
Iteration: 356 bestvalit: 59.945000 bestmemit:    0.258499    0.061707    0.081497    0.075808    0.235136    0.404530    0.254181    0.207507    0.182353    0.222952    0.385044    0.408537    1.731579    0.074319    0.002418    0.003402    9.858029    8.984622    1.916532    1.980025    1.702766    1.999344    1.128010    1.988872
Iteration: 357 bestvalit: 59.880000 bestmemit:    0.258499    0.061707    0.081497    0.075808    0.235136    0.404530    0.254181    0.207507    0.182353    0.222952    0.385044    0.408537    1.731579    0.074319    0.002418    0.003402    9.858029    8.984622    1.903250    1.980025    1.702766    1.999344    1.128010    1.988872
Iteration: 358 bestvalit: 59.880000 bestmemit:    0.258499    0.061707    0.081497    0.075808    0.235136    0.404530    0.254181    0.207507    0.182353    0.222952    0.385044    0.408537    1.731579    0.074319    0.002418    0.003402    9.858029    8.984622    1.903250    1.980025    1.702766    1.999344    1.128010    1.988872
Iteration: 359 bestvalit: 59.880000 bestmemit:    0.258499    0.061707    0.081497    0.075808    0.235136    0.404530    0.254181    0.207507    0.182353    0.222952    0.385044    0.408537    1.731579    0.074319    0.002418    0.003402    9.858029    8.984622    1.903250    1.980025    1.702766    1.999344    1.128010    1.988872
Iteration: 360 bestvalit: 59.880000 bestmemit:    0.258499    0.061707    0.081497    0.075808    0.235136    0.404530    0.254181    0.207507    0.182353    0.222952    0.385044    0.408537    1.731579    0.074319    0.002418    0.003402    9.858029    8.984622    1.903250    1.980025    1.702766    1.999344    1.128010    1.988872
Iteration: 361 bestvalit: 59.880000 bestmemit:    0.258499    0.061707    0.081497    0.075808    0.235136    0.404530    0.254181    0.207507    0.182353    0.222952    0.385044    0.408537    1.731579    0.074319    0.002418    0.003402    9.858029    8.984622    1.903250    1.980025    1.702766    1.999344    1.128010    1.988872
Iteration: 362 bestvalit: 59.880000 bestmemit:    0.258499    0.061707    0.081497    0.075808    0.235136    0.404530    0.254181    0.207507    0.182353    0.222952    0.385044    0.408537    1.731579    0.074319    0.002418    0.003402    9.858029    8.984622    1.903250    1.980025    1.702766    1.999344    1.128010    1.988872
Iteration: 363 bestvalit: 59.880000 bestmemit:    0.258499    0.061707    0.081497    0.075808    0.235136    0.404530    0.254181    0.207507    0.182353    0.222952    0.385044    0.408537    1.731579    0.074319    0.002418    0.003402    9.858029    8.984622    1.903250    1.980025    1.702766    1.999344    1.128010    1.988872
Iteration: 364 bestvalit: 59.880000 bestmemit:    0.258499    0.061707    0.081497    0.075808    0.235136    0.404530    0.254181    0.207507    0.182353    0.222952    0.385044    0.408537    1.731579    0.074319    0.002418    0.003402    9.858029    8.984622    1.903250    1.980025    1.702766    1.999344    1.128010    1.988872
Iteration: 365 bestvalit: 59.880000 bestmemit:    0.258499    0.061707    0.081497    0.075808    0.235136    0.404530    0.254181    0.207507    0.182353    0.222952    0.385044    0.408537    1.731579    0.074319    0.002418    0.003402    9.858029    8.984622    1.903250    1.980025    1.702766    1.999344    1.128010    1.988872
Iteration: 366 bestvalit: 59.880000 bestmemit:    0.258499    0.061707    0.081497    0.075808    0.235136    0.404530    0.254181    0.207507    0.182353    0.222952    0.385044    0.408537    1.731579    0.074319    0.002418    0.003402    9.858029    8.984622    1.903250    1.980025    1.702766    1.999344    1.128010    1.988872
Iteration: 367 bestvalit: 59.880000 bestmemit:    0.258499    0.061707    0.081497    0.075808    0.235136    0.404530    0.254181    0.207507    0.182353    0.222952    0.385044    0.408537    1.731579    0.074319    0.002418    0.003402    9.858029    8.984622    1.903250    1.980025    1.702766    1.999344    1.128010    1.988872
Iteration: 368 bestvalit: 59.880000 bestmemit:    0.258499    0.061707    0.081497    0.075808    0.235136    0.404530    0.254181    0.207507    0.182353    0.222952    0.385044    0.408537    1.731579    0.074319    0.002418    0.003402    9.858029    8.984622    1.903250    1.980025    1.702766    1.999344    1.128010    1.988872
Iteration: 369 bestvalit: 59.880000 bestmemit:    0.258499    0.061707    0.081497    0.075808    0.235136    0.404530    0.254181    0.207507    0.182353    0.222952    0.385044    0.408537    1.731579    0.074319    0.002418    0.003402    9.858029    8.984622    1.903250    1.980025    1.702766    1.999344    1.128010    1.988872
Iteration: 370 bestvalit: 59.880000 bestmemit:    0.258499    0.061707    0.081497    0.075808    0.235136    0.404530    0.254181    0.207507    0.182353    0.222952    0.385044    0.408537    1.731579    0.074319    0.002418    0.003402    9.858029    8.984622    1.903250    1.980025    1.702766    1.999344    1.128010    1.988872
Iteration: 371 bestvalit: 59.880000 bestmemit:    0.258499    0.061707    0.081497    0.075808    0.235136    0.404530    0.254181    0.207507    0.182353    0.222952    0.385044    0.408537    1.731579    0.074319    0.002418    0.003402    9.858029    8.984622    1.903250    1.980025    1.702766    1.999344    1.128010    1.988872
Iteration: 372 bestvalit: 59.880000 bestmemit:    0.258499    0.061707    0.081497    0.075808    0.235136    0.404530    0.254181    0.207507    0.182353    0.222952    0.385044    0.408537    1.731579    0.074319    0.002418    0.003402    9.858029    8.984622    1.903250    1.980025    1.702766    1.999344    1.128010    1.988872
Iteration: 373 bestvalit: 59.880000 bestmemit:    0.258499    0.061707    0.081497    0.075808    0.235136    0.404530    0.254181    0.207507    0.182353    0.222952    0.385044    0.408537    1.731579    0.074319    0.002418    0.003402    9.858029    8.984622    1.903250    1.980025    1.702766    1.999344    1.128010    1.988872
Iteration: 374 bestvalit: 59.880000 bestmemit:    0.258499    0.061707    0.081497    0.075808    0.235136    0.404530    0.254181    0.207507    0.182353    0.222952    0.385044    0.408537    1.731579    0.074319    0.002418    0.003402    9.858029    8.984622    1.903250    1.980025    1.702766    1.999344    1.128010    1.988872
Iteration: 375 bestvalit: 59.880000 bestmemit:    0.258499    0.061707    0.081497    0.075808    0.235136    0.404530    0.254181    0.207507    0.182353    0.222952    0.385044    0.408537    1.731579    0.074319    0.002418    0.003402    9.858029    8.984622    1.903250    1.980025    1.702766    1.999344    1.128010    1.988872
Iteration: 376 bestvalit: 59.880000 bestmemit:    0.258499    0.061707    0.081497    0.075808    0.235136    0.404530    0.254181    0.207507    0.182353    0.222952    0.385044    0.408537    1.731579    0.074319    0.002418    0.003402    9.858029    8.984622    1.903250    1.980025    1.702766    1.999344    1.128010    1.988872
Iteration: 377 bestvalit: 59.880000 bestmemit:    0.258499    0.061707    0.081497    0.075808    0.235136    0.404530    0.254181    0.207507    0.182353    0.222952    0.385044    0.408537    1.731579    0.074319    0.002418    0.003402    9.858029    8.984622    1.903250    1.980025    1.702766    1.999344    1.128010    1.988872
Iteration: 378 bestvalit: 59.880000 bestmemit:    0.258499    0.061707    0.081497    0.075808    0.235136    0.404530    0.254181    0.207507    0.182353    0.222952    0.385044    0.408537    1.731579    0.074319    0.002418    0.003402    9.858029    8.984622    1.903250    1.980025    1.702766    1.999344    1.128010    1.988872
Iteration: 379 bestvalit: 59.880000 bestmemit:    0.258499    0.061707    0.081497    0.075808    0.235136    0.404530    0.254181    0.207507    0.182353    0.222952    0.385044    0.408537    1.731579    0.074319    0.002418    0.003402    9.858029    8.984622    1.903250    1.980025    1.702766    1.999344    1.128010    1.988872
Iteration: 380 bestvalit: 59.780000 bestmemit:    0.259407    0.061707    0.081497    0.075808    0.235136    0.404530    0.254181    0.207507    0.182353    0.222952    0.385044    0.408537    1.731579    0.074319    0.002418    0.003402    9.858029    8.984622    1.903250    1.980025    1.702766    1.999344    1.128010    1.988872
Iteration: 381 bestvalit: 59.780000 bestmemit:    0.259407    0.061707    0.081497    0.075808    0.235136    0.404530    0.254181    0.207507    0.182353    0.222952    0.385044    0.408537    1.731579    0.074319    0.002418    0.003402    9.858029    8.984622    1.903250    1.980025    1.702766    1.999344    1.128010    1.988872
Iteration: 382 bestvalit: 59.780000 bestmemit:    0.259407    0.061707    0.081497    0.075808    0.235136    0.404530    0.254181    0.207507    0.182353    0.222952    0.385044    0.408537    1.731579    0.074319    0.002418    0.003402    9.858029    8.984622    1.903250    1.980025    1.702766    1.999344    1.128010    1.988872
Iteration: 383 bestvalit: 59.780000 bestmemit:    0.259407    0.061707    0.081497    0.075808    0.235136    0.404530    0.254181    0.207507    0.182353    0.222952    0.385044    0.408537    1.731579    0.074319    0.002418    0.003402    9.858029    8.984622    1.903250    1.980025    1.702766    1.999344    1.128010    1.988872
Iteration: 384 bestvalit: 59.780000 bestmemit:    0.259407    0.061707    0.081497    0.075808    0.235136    0.404530    0.254181    0.207507    0.182353    0.222952    0.385044    0.408537    1.731579    0.074319    0.002418    0.003402    9.858029    8.984622    1.903250    1.980025    1.702766    1.999344    1.128010    1.988872
Iteration: 385 bestvalit: 59.780000 bestmemit:    0.259407    0.061707    0.081497    0.075808    0.235136    0.404530    0.254181    0.207507    0.182353    0.222952    0.385044    0.408537    1.731579    0.074319    0.002418    0.003402    9.858029    8.984622    1.903250    1.980025    1.702766    1.999344    1.128010    1.988872
Iteration: 386 bestvalit: 59.780000 bestmemit:    0.259407    0.061707    0.081497    0.075808    0.235136    0.404530    0.254181    0.207507    0.182353    0.222952    0.385044    0.408537    1.731579    0.074319    0.002418    0.003402    9.858029    8.984622    1.903250    1.980025    1.702766    1.999344    1.128010    1.988872
Iteration: 387 bestvalit: 59.780000 bestmemit:    0.259407    0.061707    0.081497    0.075808    0.235136    0.404530    0.254181    0.207507    0.182353    0.222952    0.385044    0.408537    1.731579    0.074319    0.002418    0.003402    9.858029    8.984622    1.903250    1.980025    1.702766    1.999344    1.128010    1.988872
Iteration: 388 bestvalit: 59.780000 bestmemit:    0.259407    0.061707    0.081497    0.075808    0.235136    0.404530    0.254181    0.207507    0.182353    0.222952    0.385044    0.408537    1.731579    0.074319    0.002418    0.003402    9.858029    8.984622    1.903250    1.980025    1.702766    1.999344    1.128010    1.988872
Iteration: 389 bestvalit: 59.780000 bestmemit:    0.259407    0.061707    0.081497    0.075808    0.235136    0.404530    0.254181    0.207507    0.182353    0.222952    0.385044    0.408537    1.731579    0.074319    0.002418    0.003402    9.858029    8.984622    1.903250    1.980025    1.702766    1.999344    1.128010    1.988872
Iteration: 390 bestvalit: 59.780000 bestmemit:    0.259407    0.061707    0.081497    0.075808    0.235136    0.404530    0.254181    0.207507    0.182353    0.222952    0.385044    0.408537    1.731579    0.074319    0.002418    0.003402    9.858029    8.984622    1.903250    1.980025    1.702766    1.999344    1.128010    1.988872
Iteration: 391 bestvalit: 59.780000 bestmemit:    0.259407    0.061707    0.081497    0.075808    0.235136    0.404530    0.254181    0.207507    0.182353    0.222952    0.385044    0.408537    1.731579    0.074319    0.002418    0.003402    9.858029    8.984622    1.903250    1.980025    1.702766    1.999344    1.128010    1.988872
Iteration: 392 bestvalit: 59.780000 bestmemit:    0.259407    0.061707    0.081497    0.075808    0.235136    0.404530    0.254181    0.207507    0.182353    0.222952    0.385044    0.408537    1.731579    0.074319    0.002418    0.003402    9.858029    8.984622    1.903250    1.980025    1.702766    1.999344    1.128010    1.988872
Iteration: 393 bestvalit: 59.780000 bestmemit:    0.259407    0.061707    0.081497    0.075808    0.235136    0.404530    0.254181    0.207507    0.182353    0.222952    0.385044    0.408537    1.731579    0.074319    0.002418    0.003402    9.858029    8.984622    1.903250    1.980025    1.702766    1.999344    1.128010    1.988872
Iteration: 394 bestvalit: 59.705000 bestmemit:    0.259407    0.061707    0.081497    0.075808    0.235136    0.404530    0.254181    0.207507    0.182353    0.222952    0.385044    0.408537    1.731579    0.074319    0.002418    0.003402    9.858029    8.984622    1.764624    1.980025    1.702766    1.999344    1.128010    1.988872
Iteration: 395 bestvalit: 59.705000 bestmemit:    0.259407    0.061707    0.081497    0.075808    0.235136    0.404530    0.254181    0.207507    0.182353    0.222952    0.385044    0.408537    1.731579    0.074319    0.002418    0.003402    9.858029    8.984622    1.764624    1.980025    1.702766    1.999344    1.128010    1.988872
Iteration: 396 bestvalit: 59.705000 bestmemit:    0.259407    0.061707    0.081497    0.075808    0.235136    0.404530    0.254181    0.207507    0.182353    0.222952    0.385044    0.408537    1.731579    0.074319    0.002418    0.003402    9.858029    8.984622    1.764624    1.980025    1.702766    1.999344    1.128010    1.988872
Iteration: 397 bestvalit: 59.705000 bestmemit:    0.259407    0.061707    0.081497    0.075808    0.235136    0.404530    0.254181    0.207507    0.182353    0.222952    0.385044    0.408537    1.731579    0.074319    0.002418    0.003402    9.858029    8.984622    1.764624    1.980025    1.702766    1.999344    1.128010    1.988872
Iteration: 398 bestvalit: 59.705000 bestmemit:    0.259407    0.061707    0.081497    0.075808    0.235136    0.404530    0.254181    0.207507    0.182353    0.222952    0.385044    0.408537    1.731579    0.074319    0.002418    0.003402    9.858029    8.984622    1.764624    1.980025    1.702766    1.999344    1.128010    1.988872
Iteration: 399 bestvalit: 59.640000 bestmemit:    0.259407    0.061707    0.081497    0.075808    0.235136    0.404530    0.254181    0.207507    0.182353    0.222952    0.385044    0.408537    2.156306    0.074319    0.002418    0.003402    9.858029    8.984622    1.764624    1.980025    1.702766    1.999344    1.128010    1.988872
Iteration: 400 bestvalit: 59.640000 bestmemit:    0.259407    0.061707    0.081497    0.075808    0.235136    0.404530    0.254181    0.207507    0.182353    0.222952    0.385044    0.408537    2.156306    0.074319    0.002418    0.003402    9.858029    8.984622    1.764624    1.980025    1.702766    1.999344    1.128010    1.988872
Iteration: 401 bestvalit: 59.640000 bestmemit:    0.259407    0.061707    0.081497    0.075808    0.235136    0.404530    0.254181    0.207507    0.182353    0.222952    0.385044    0.408537    2.156306    0.074319    0.002418    0.003402    9.858029    8.984622    1.764624    1.980025    1.702766    1.999344    1.128010    1.988872
Iteration: 402 bestvalit: 59.640000 bestmemit:    0.259407    0.061707    0.081497    0.075808    0.235136    0.404530    0.254181    0.207507    0.182353    0.222952    0.385044    0.408537    2.156306    0.074319    0.002418    0.003402    9.858029    8.984622    1.764624    1.980025    1.702766    1.999344    1.128010    1.988872
Iteration: 403 bestvalit: 59.640000 bestmemit:    0.259407    0.061707    0.081497    0.075808    0.235136    0.404530    0.254181    0.207507    0.182353    0.222952    0.385044    0.408537    2.156306    0.074319    0.002418    0.003402    9.858029    8.984622    1.764624    1.980025    1.702766    1.999344    1.128010    1.988872
Iteration: 404 bestvalit: 59.605000 bestmemit:    0.259407    0.061707    0.081497    0.075808    0.235136    0.404530    0.254181    0.207507    0.182353    0.222952    0.385044    0.408537    2.156306    0.074319    0.002418    0.003402    9.887715    8.984622    1.764624    1.980025    1.702766    1.999344    1.128010    1.988872
Iteration: 405 bestvalit: 59.605000 bestmemit:    0.259407    0.061707    0.081497    0.075808    0.235136    0.404530    0.254181    0.207507    0.182353    0.222952    0.385044    0.408537    2.156306    0.074319    0.002418    0.003402    9.887715    8.984622    1.764624    1.980025    1.702766    1.999344    1.128010    1.988872
Iteration: 406 bestvalit: 59.605000 bestmemit:    0.259407    0.061707    0.081497    0.075808    0.235136    0.404530    0.254181    0.207507    0.182353    0.222952    0.385044    0.408537    2.156306    0.074319    0.002418    0.003402    9.887715    8.984622    1.764624    1.980025    1.702766    1.999344    1.128010    1.988872
Iteration: 407 bestvalit: 59.605000 bestmemit:    0.259407    0.061707    0.081497    0.075808    0.235136    0.404530    0.254181    0.207507    0.182353    0.222952    0.385044    0.408537    2.156306    0.074319    0.002418    0.003402    9.887715    8.984622    1.764624    1.980025    1.702766    1.999344    1.128010    1.988872
Iteration: 408 bestvalit: 59.605000 bestmemit:    0.259407    0.061707    0.081497    0.075808    0.235136    0.404530    0.254181    0.207507    0.182353    0.222952    0.385044    0.408537    2.156306    0.074319    0.002418    0.003402    9.887715    8.984622    1.764624    1.980025    1.702766    1.999344    1.128010    1.988872
Iteration: 409 bestvalit: 59.605000 bestmemit:    0.259407    0.061707    0.081497    0.075808    0.235136    0.404530    0.254181    0.207507    0.182353    0.222952    0.385044    0.408537    2.156306    0.074319    0.002418    0.003402    9.887715    8.984622    1.764624    1.980025    1.702766    1.999344    1.128010    1.988872
Iteration: 410 bestvalit: 59.420000 bestmemit:    0.259407    0.061707    0.081497    0.075808    0.235136    0.404530    0.254181    0.207507    0.182353    0.222952    0.385044    0.408537    2.156306    0.074319    0.002418    0.003402    9.887715    8.984622    1.764624    1.980025    1.692129    1.999344    1.128010    1.988872
Iteration: 411 bestvalit: 59.420000 bestmemit:    0.259407    0.061707    0.081497    0.075808    0.235136    0.404530    0.254181    0.207507    0.182353    0.222952    0.385044    0.408537    2.156306    0.074319    0.002418    0.003402    9.887715    8.984622    1.764624    1.980025    1.692129    1.999344    1.128010    1.988872
Iteration: 412 bestvalit: 59.420000 bestmemit:    0.259407    0.061707    0.081497    0.075808    0.235136    0.404530    0.254181    0.207507    0.182353    0.222952    0.385044    0.408537    2.156306    0.074319    0.002418    0.003402    9.887715    8.984622    1.764624    1.980025    1.692129    1.999344    1.128010    1.988872
Iteration: 413 bestvalit: 59.420000 bestmemit:    0.259407    0.061707    0.081497    0.075808    0.235136    0.404530    0.254181    0.207507    0.182353    0.222952    0.385044    0.408537    2.156306    0.074319    0.002418    0.003402    9.887715    8.984622    1.764624    1.980025    1.692129    1.999344    1.128010    1.988872
Iteration: 414 bestvalit: 59.420000 bestmemit:    0.259407    0.061707    0.081497    0.075808    0.235136    0.404530    0.254181    0.207507    0.182353    0.222952    0.385044    0.408537    2.156306    0.074319    0.002418    0.003402    9.887715    8.984622    1.764624    1.980025    1.692129    1.999344    1.128010    1.988872
Iteration: 415 bestvalit: 59.420000 bestmemit:    0.259407    0.061707    0.081497    0.075808    0.235136    0.404530    0.254181    0.207507    0.182353    0.222952    0.385044    0.408537    2.156306    0.074319    0.002418    0.003402    9.887715    8.984622    1.764624    1.980025    1.692129    1.999344    1.128010    1.988872
Iteration: 416 bestvalit: 59.420000 bestmemit:    0.259407    0.061707    0.081497    0.075808    0.235136    0.404530    0.254181    0.207507    0.182353    0.222952    0.385044    0.408537    2.156306    0.074319    0.002418    0.003402    9.887715    8.984622    1.764624    1.980025    1.692129    1.999344    1.128010    1.988872
Iteration: 417 bestvalit: 59.420000 bestmemit:    0.259407    0.061707    0.081497    0.075808    0.235136    0.404530    0.254181    0.207507    0.182353    0.222952    0.385044    0.408537    2.156306    0.074319    0.002418    0.003402    9.887715    8.984622    1.764624    1.980025    1.692129    1.999344    1.128010    1.988872
Iteration: 418 bestvalit: 59.420000 bestmemit:    0.259407    0.061707    0.081497    0.075808    0.235136    0.404530    0.254181    0.207507    0.182353    0.222952    0.385044    0.408537    2.156306    0.074319    0.002418    0.003402    9.887715    8.984622    1.764624    1.980025    1.692129    1.999344    1.128010    1.988872
Iteration: 419 bestvalit: 59.420000 bestmemit:    0.259407    0.061707    0.081497    0.075808    0.235136    0.404530    0.254181    0.207507    0.182353    0.222952    0.385044    0.408537    2.156306    0.074319    0.002418    0.003402    9.887715    8.984622    1.764624    1.980025    1.692129    1.999344    1.128010    1.988872
Iteration: 420 bestvalit: 59.420000 bestmemit:    0.259407    0.061707    0.081497    0.075808    0.235136    0.404530    0.254181    0.207507    0.182353    0.222952    0.385044    0.408537    2.156306    0.074319    0.002418    0.003402    9.887715    8.984622    1.764624    1.980025    1.692129    1.999344    1.128010    1.988872
Iteration: 421 bestvalit: 59.420000 bestmemit:    0.259407    0.061707    0.081497    0.075808    0.235136    0.404530    0.254181    0.207507    0.182353    0.222952    0.385044    0.408537    2.156306    0.074319    0.002418    0.003402    9.887715    8.984622    1.764624    1.980025    1.692129    1.999344    1.128010    1.988872
Iteration: 422 bestvalit: 59.420000 bestmemit:    0.259407    0.061707    0.081497    0.075808    0.235136    0.404530    0.254181    0.207507    0.182353    0.222952    0.385044    0.408537    2.156306    0.074319    0.002418    0.003402    9.887715    8.984622    1.764624    1.980025    1.692129    1.999344    1.128010    1.988872
Iteration: 423 bestvalit: 59.420000 bestmemit:    0.259407    0.061707    0.081497    0.075808    0.235136    0.404530    0.254181    0.207507    0.182353    0.222952    0.385044    0.408537    2.156306    0.074319    0.002418    0.003402    9.887715    8.984622    1.764624    1.980025    1.692129    1.999344    1.128010    1.988872
Iteration: 424 bestvalit: 59.420000 bestmemit:    0.259407    0.061707    0.081497    0.075808    0.235136    0.404530    0.254181    0.207507    0.182353    0.222952    0.385044    0.408537    2.156306    0.074319    0.002418    0.003402    9.887715    8.984622    1.764624    1.980025    1.692129    1.999344    1.128010    1.988872
Iteration: 425 bestvalit: 59.420000 bestmemit:    0.259407    0.061707    0.081497    0.075808    0.235136    0.404530    0.254181    0.207507    0.182353    0.222952    0.385044    0.408537    2.156306    0.074319    0.002418    0.003402    9.887715    8.984622    1.764624    1.980025    1.692129    1.999344    1.128010    1.988872
Iteration: 426 bestvalit: 59.420000 bestmemit:    0.259407    0.061707    0.081497    0.075808    0.235136    0.404530    0.254181    0.207507    0.182353    0.222952    0.385044    0.408537    2.156306    0.074319    0.002418    0.003402    9.887715    8.984622    1.764624    1.980025    1.692129    1.999344    1.128010    1.988872
Iteration: 427 bestvalit: 59.420000 bestmemit:    0.259407    0.061707    0.081497    0.075808    0.235136    0.404530    0.254181    0.207507    0.182353    0.222952    0.385044    0.408537    2.156306    0.074319    0.002418    0.003402    9.887715    8.984622    1.764624    1.980025    1.692129    1.999344    1.128010    1.988872
Iteration: 428 bestvalit: 59.420000 bestmemit:    0.259407    0.061707    0.081497    0.075808    0.235136    0.404530    0.254181    0.207507    0.182353    0.222952    0.385044    0.408537    2.156306    0.074319    0.002418    0.003402    9.887715    8.984622    1.764624    1.980025    1.692129    1.999344    1.128010    1.988872
Iteration: 429 bestvalit: 59.420000 bestmemit:    0.259407    0.061707    0.081497    0.075808    0.235136    0.404530    0.254181    0.207507    0.182353    0.222952    0.385044    0.408537    2.156306    0.074319    0.002418    0.003402    9.887715    8.984622    1.764624    1.980025    1.692129    1.999344    1.128010    1.988872
Iteration: 430 bestvalit: 59.420000 bestmemit:    0.259407    0.061707    0.081497    0.075808    0.235136    0.404530    0.254181    0.207507    0.182353    0.222952    0.385044    0.408537    2.156306    0.074319    0.002418    0.003402    9.887715    8.984622    1.764624    1.980025    1.692129    1.999344    1.128010    1.988872
Iteration: 431 bestvalit: 59.420000 bestmemit:    0.259407    0.061707    0.081497    0.075808    0.235136    0.404530    0.254181    0.207507    0.182353    0.222952    0.385044    0.408537    2.156306    0.074319    0.002418    0.003402    9.887715    8.984622    1.764624    1.980025    1.692129    1.999344    1.128010    1.988872
Iteration: 432 bestvalit: 59.420000 bestmemit:    0.259407    0.061707    0.081497    0.075808    0.235136    0.404530    0.254181    0.207507    0.182353    0.222952    0.385044    0.408537    2.156306    0.074319    0.002418    0.003402    9.887715    8.984622    1.764624    1.980025    1.692129    1.999344    1.128010    1.988872
Iteration: 433 bestvalit: 59.420000 bestmemit:    0.259407    0.061707    0.081497    0.075808    0.235136    0.404530    0.254181    0.207507    0.182353    0.222952    0.385044    0.408537    2.156306    0.074319    0.002418    0.003402    9.887715    8.984622    1.764624    1.980025    1.692129    1.999344    1.128010    1.988872
Iteration: 434 bestvalit: 59.420000 bestmemit:    0.259407    0.061707    0.081497    0.075808    0.235136    0.404530    0.254181    0.207507    0.182353    0.222952    0.385044    0.408537    2.156306    0.074319    0.002418    0.003402    9.887715    8.984622    1.764624    1.980025    1.692129    1.999344    1.128010    1.988872
Iteration: 435 bestvalit: 59.420000 bestmemit:    0.259407    0.061707    0.081497    0.075808    0.235136    0.404530    0.254181    0.207507    0.182353    0.222952    0.385044    0.408537    2.156306    0.074319    0.002418    0.003402    9.887715    8.984622    1.764624    1.980025    1.692129    1.999344    1.128010    1.988872
Iteration: 436 bestvalit: 59.420000 bestmemit:    0.259407    0.061707    0.081497    0.075808    0.235136    0.404530    0.254181    0.207507    0.182353    0.222952    0.385044    0.408537    2.156306    0.074319    0.002418    0.003402    9.887715    8.984622    1.764624    1.980025    1.692129    1.999344    1.128010    1.988872
Iteration: 437 bestvalit: 59.420000 bestmemit:    0.259407    0.061707    0.081497    0.075808    0.235136    0.404530    0.254181    0.207507    0.182353    0.222952    0.385044    0.408537    2.156306    0.074319    0.002418    0.003402    9.887715    8.984622    1.764624    1.980025    1.692129    1.999344    1.128010    1.988872
Iteration: 438 bestvalit: 59.420000 bestmemit:    0.259407    0.061707    0.081497    0.075808    0.235136    0.404530    0.254181    0.207507    0.182353    0.222952    0.385044    0.408537    2.156306    0.074319    0.002418    0.003402    9.887715    8.984622    1.764624    1.980025    1.692129    1.999344    1.128010    1.988872
Iteration: 439 bestvalit: 59.420000 bestmemit:    0.259407    0.061707    0.081497    0.075808    0.235136    0.404530    0.254181    0.207507    0.182353    0.222952    0.385044    0.408537    2.156306    0.074319    0.002418    0.003402    9.887715    8.984622    1.764624    1.980025    1.692129    1.999344    1.128010    1.988872
Iteration: 440 bestvalit: 59.420000 bestmemit:    0.259407    0.061707    0.081497    0.075808    0.235136    0.404530    0.254181    0.207507    0.182353    0.222952    0.385044    0.408537    2.156306    0.074319    0.002418    0.003402    9.887715    8.984622    1.764624    1.980025    1.692129    1.999344    1.128010    1.988872
Iteration: 441 bestvalit: 59.420000 bestmemit:    0.259407    0.061707    0.081497    0.075808    0.235136    0.404530    0.254181    0.207507    0.182353    0.222952    0.385044    0.408537    2.156306    0.074319    0.002418    0.003402    9.887715    8.984622    1.764624    1.980025    1.692129    1.999344    1.128010    1.988872
Iteration: 442 bestvalit: 59.420000 bestmemit:    0.259407    0.061707    0.081497    0.075808    0.235136    0.404530    0.254181    0.207507    0.182353    0.222952    0.385044    0.408537    2.156306    0.074319    0.002418    0.003402    9.887715    8.984622    1.764624    1.980025    1.692129    1.999344    1.128010    1.988872
Iteration: 443 bestvalit: 59.420000 bestmemit:    0.259407    0.061707    0.081497    0.075808    0.235136    0.404530    0.254181    0.207507    0.182353    0.222952    0.385044    0.408537    2.156306    0.074319    0.002418    0.003402    9.887715    8.984622    1.764624    1.980025    1.692129    1.999344    1.128010    1.988872
Iteration: 444 bestvalit: 59.420000 bestmemit:    0.259407    0.061707    0.081497    0.075808    0.235136    0.404530    0.254181    0.207507    0.182353    0.222952    0.385044    0.408537    2.156306    0.074319    0.002418    0.003402    9.887715    8.984622    1.764624    1.980025    1.692129    1.999344    1.128010    1.988872
Iteration: 445 bestvalit: 59.420000 bestmemit:    0.259407    0.061707    0.081497    0.075808    0.235136    0.404530    0.254181    0.207507    0.182353    0.222952    0.385044    0.408537    2.156306    0.074319    0.002418    0.003402    9.887715    8.984622    1.764624    1.980025    1.692129    1.999344    1.128010    1.988872
Iteration: 446 bestvalit: 59.420000 bestmemit:    0.259407    0.061707    0.081497    0.075808    0.235136    0.404530    0.254181    0.207507    0.182353    0.222952    0.385044    0.408537    2.156306    0.074319    0.002418    0.003402    9.887715    8.984622    1.764624    1.980025    1.692129    1.999344    1.128010    1.988872
Iteration: 447 bestvalit: 59.420000 bestmemit:    0.259407    0.061707    0.081497    0.075808    0.235136    0.404530    0.254181    0.207507    0.182353    0.222952    0.385044    0.408537    2.156306    0.074319    0.002418    0.003402    9.887715    8.984622    1.764624    1.980025    1.692129    1.999344    1.128010    1.988872
Iteration: 448 bestvalit: 59.420000 bestmemit:    0.259407    0.061707    0.081497    0.075808    0.235136    0.404530    0.254181    0.207507    0.182353    0.222952    0.385044    0.408537    2.156306    0.074319    0.002418    0.003402    9.887715    8.984622    1.764624    1.980025    1.692129    1.999344    1.128010    1.988872
Iteration: 449 bestvalit: 59.420000 bestmemit:    0.259407    0.061707    0.081497    0.075808    0.235136    0.404530    0.254181    0.207507    0.182353    0.222952    0.385044    0.408537    2.156306    0.074319    0.002418    0.003402    9.887715    8.984622    1.764624    1.980025    1.692129    1.999344    1.128010    1.988872
Iteration: 450 bestvalit: 59.420000 bestmemit:    0.259407    0.061707    0.081497    0.075808    0.235136    0.404530    0.254181    0.207507    0.182353    0.222952    0.385044    0.408537    2.156306    0.074319    0.002418    0.003402    9.887715    8.984622    1.764624    1.980025    1.692129    1.999344    1.128010    1.988872
Iteration: 451 bestvalit: 59.420000 bestmemit:    0.259407    0.061707    0.081497    0.075808    0.235136    0.404530    0.254181    0.207507    0.182353    0.222952    0.385044    0.408537    2.156306    0.074319    0.002418    0.003402    9.887715    8.984622    1.764624    1.980025    1.692129    1.999344    1.128010    1.988872
Iteration: 452 bestvalit: 59.420000 bestmemit:    0.259407    0.061707    0.081497    0.075808    0.235136    0.404530    0.254181    0.207507    0.182353    0.222952    0.385044    0.408537    2.156306    0.074319    0.002418    0.003402    9.887715    8.984622    1.764624    1.980025    1.692129    1.999344    1.128010    1.988872
Iteration: 453 bestvalit: 59.420000 bestmemit:    0.259407    0.061707    0.081497    0.075808    0.235136    0.404530    0.254181    0.207507    0.182353    0.222952    0.385044    0.408537    2.156306    0.074319    0.002418    0.003402    9.887715    8.984622    1.764624    1.980025    1.692129    1.999344    1.128010    1.988872
Iteration: 454 bestvalit: 59.420000 bestmemit:    0.259407    0.061707    0.081497    0.075808    0.235136    0.404530    0.254181    0.207507    0.182353    0.222952    0.385044    0.408537    2.156306    0.074319    0.002418    0.003402    9.887715    8.984622    1.764624    1.980025    1.692129    1.999344    1.128010    1.988872
Iteration: 455 bestvalit: 59.420000 bestmemit:    0.259407    0.061707    0.081497    0.075808    0.235136    0.404530    0.254181    0.207507    0.182353    0.222952    0.385044    0.408537    2.156306    0.074319    0.002418    0.003402    9.887715    8.984622    1.764624    1.980025    1.692129    1.999344    1.128010    1.988872
Iteration: 456 bestvalit: 59.420000 bestmemit:    0.259407    0.061707    0.081497    0.075808    0.235136    0.404530    0.254181    0.207507    0.182353    0.222952    0.385044    0.408537    2.156306    0.074319    0.002418    0.003402    9.887715    8.984622    1.764624    1.980025    1.692129    1.999344    1.128010    1.988872
Iteration: 457 bestvalit: 59.420000 bestmemit:    0.259407    0.061707    0.081497    0.075808    0.235136    0.404530    0.254181    0.207507    0.182353    0.222952    0.385044    0.408537    2.156306    0.074319    0.002418    0.003402    9.887715    8.984622    1.764624    1.980025    1.692129    1.999344    1.128010    1.988872
Iteration: 458 bestvalit: 59.420000 bestmemit:    0.259407    0.061707    0.081497    0.075808    0.235136    0.404530    0.254181    0.207507    0.182353    0.222952    0.385044    0.408537    2.156306    0.074319    0.002418    0.003402    9.887715    8.984622    1.764624    1.980025    1.692129    1.999344    1.128010    1.988872
Iteration: 459 bestvalit: 59.420000 bestmemit:    0.259407    0.061707    0.081497    0.075808    0.235136    0.404530    0.254181    0.207507    0.182353    0.222952    0.385044    0.408537    2.156306    0.074319    0.002418    0.003402    9.887715    8.984622    1.764624    1.980025    1.692129    1.999344    1.128010    1.988872
Iteration: 460 bestvalit: 59.410000 bestmemit:    0.259407    0.061707    0.081497    0.075808    0.235136    0.404530    0.254181    0.207507    0.182353    0.222952    0.385044    0.408537    2.156306    0.074319    0.002418    0.003402    9.887715    8.851640    1.764624    1.980025    1.692129    1.999344    1.128010    1.988872
Iteration: 461 bestvalit: 59.410000 bestmemit:    0.259407    0.061707    0.081497    0.075808    0.235136    0.404530    0.254181    0.207507    0.182353    0.222952    0.385044    0.408537    2.156306    0.074319    0.002418    0.003402    9.887715    8.851640    1.764624    1.980025    1.692129    1.999344    1.128010    1.988872
Iteration: 462 bestvalit: 59.410000 bestmemit:    0.259407    0.061707    0.081497    0.075808    0.235136    0.404530    0.254181    0.207507    0.182353    0.222952    0.385044    0.408537    2.156306    0.074319    0.002418    0.003402    9.887715    8.851640    1.764624    1.980025    1.692129    1.999344    1.128010    1.988872
Iteration: 463 bestvalit: 59.410000 bestmemit:    0.259407    0.061707    0.081497    0.075808    0.235136    0.404530    0.254181    0.207507    0.182353    0.222952    0.385044    0.408537    2.156306    0.074319    0.002418    0.003402    9.887715    8.851640    1.764624    1.980025    1.692129    1.999344    1.128010    1.988872
Iteration: 464 bestvalit: 59.410000 bestmemit:    0.259407    0.061707    0.081497    0.075808    0.235136    0.404530    0.254181    0.207507    0.182353    0.222952    0.385044    0.408537    2.156306    0.074319    0.002418    0.003402    9.887715    8.851640    1.764624    1.980025    1.692129    1.999344    1.128010    1.988872
Iteration: 465 bestvalit: 59.410000 bestmemit:    0.259407    0.061707    0.081497    0.075808    0.235136    0.404530    0.254181    0.207507    0.182353    0.222952    0.385044    0.408537    2.156306    0.074319    0.002418    0.003402    9.887715    8.851640    1.764624    1.980025    1.692129    1.999344    1.128010    1.988872
Iteration: 466 bestvalit: 59.410000 bestmemit:    0.259407    0.061707    0.081497    0.075808    0.235136    0.404530    0.254181    0.207507    0.182353    0.222952    0.385044    0.408537    2.156306    0.074319    0.002418    0.003402    9.887715    8.851640    1.764624    1.980025    1.692129    1.999344    1.128010    1.988872
Iteration: 467 bestvalit: 59.340000 bestmemit:    0.259407    0.061707    0.081497    0.075808    0.235136    0.404530    0.254181    0.207507    0.182353    0.222952    0.385044    0.408537    2.156306    0.070943    0.002418    0.003402    9.887715    8.851640    1.764624    1.980025    1.692129    1.999344    1.128010    1.988872
Iteration: 468 bestvalit: 58.990000 bestmemit:    0.259407    0.061707    0.081497    0.075808    0.235136    0.404530    0.254181    0.207507    0.182353    0.214887    0.385044    0.408537    2.156306    0.070943    0.002418    0.003402    9.887715    8.851640    1.764624    1.980025    1.692129    1.999344    1.128010    1.988872
Iteration: 469 bestvalit: 58.990000 bestmemit:    0.259407    0.061707    0.081497    0.075808    0.235136    0.404530    0.254181    0.207507    0.182353    0.214887    0.385044    0.408537    2.156306    0.070943    0.002418    0.003402    9.887715    8.851640    1.764624    1.980025    1.692129    1.999344    1.128010    1.988872
Iteration: 470 bestvalit: 58.990000 bestmemit:    0.259407    0.061707    0.081497    0.075808    0.235136    0.404530    0.254181    0.207507    0.182353    0.214887    0.385044    0.408537    2.156306    0.070943    0.002418    0.003402    9.887715    8.851640    1.764624    1.980025    1.692129    1.999344    1.128010    1.988872
Iteration: 471 bestvalit: 58.990000 bestmemit:    0.259407    0.061707    0.081497    0.075808    0.235136    0.404530    0.254181    0.207507    0.182353    0.214887    0.385044    0.408537    2.156306    0.070943    0.002418    0.003402    9.887715    8.851640    1.764624    1.980025    1.692129    1.999344    1.128010    1.988872
Iteration: 472 bestvalit: 58.990000 bestmemit:    0.259407    0.061707    0.081497    0.075808    0.235136    0.404530    0.254181    0.207507    0.182353    0.214887    0.385044    0.408537    2.156306    0.070943    0.002418    0.003402    9.887715    8.851640    1.764624    1.980025    1.692129    1.999344    1.128010    1.988872
Iteration: 473 bestvalit: 58.990000 bestmemit:    0.259407    0.061707    0.081497    0.075808    0.235136    0.404530    0.254181    0.207507    0.182353    0.214887    0.385044    0.408537    2.156306    0.070943    0.002418    0.003402    9.887715    8.851640    1.764624    1.980025    1.692129    1.999344    1.128010    1.988872
Iteration: 474 bestvalit: 58.990000 bestmemit:    0.259407    0.061707    0.081497    0.075808    0.235136    0.404530    0.254181    0.207507    0.182353    0.214887    0.385044    0.408537    2.156306    0.070943    0.002418    0.003402    9.887715    8.851640    1.764624    1.980025    1.692129    1.999344    1.128010    1.988872
Iteration: 475 bestvalit: 58.990000 bestmemit:    0.259407    0.061707    0.081497    0.075808    0.235136    0.404530    0.254181    0.207507    0.182353    0.214887    0.385044    0.408537    2.156306    0.070943    0.002418    0.003402    9.887715    8.851640    1.764624    1.980025    1.692129    1.999344    1.128010    1.988872
Iteration: 476 bestvalit: 58.990000 bestmemit:    0.259407    0.061707    0.081497    0.075808    0.235136    0.404530    0.254181    0.207507    0.182353    0.214887    0.385044    0.408537    2.156306    0.070943    0.002418    0.003402    9.887715    8.851640    1.764624    1.980025    1.692129    1.999344    1.128010    1.988872
Iteration: 477 bestvalit: 58.990000 bestmemit:    0.259407    0.061707    0.081497    0.075808    0.235136    0.404530    0.254181    0.207507    0.182353    0.214887    0.385044    0.408537    2.156306    0.070943    0.002418    0.003402    9.887715    8.851640    1.764624    1.980025    1.692129    1.999344    1.128010    1.988872
Iteration: 478 bestvalit: 58.990000 bestmemit:    0.259407    0.061707    0.081497    0.075808    0.235136    0.404530    0.254181    0.207507    0.182353    0.214887    0.385044    0.408537    2.156306    0.070943    0.002418    0.003402    9.887715    8.851640    1.764624    1.980025    1.692129    1.999344    1.128010    1.988872
Iteration: 479 bestvalit: 58.990000 bestmemit:    0.259407    0.061707    0.081497    0.075808    0.235136    0.404530    0.254181    0.207507    0.182353    0.214887    0.385044    0.408537    2.156306    0.070943    0.002418    0.003402    9.887715    8.851640    1.764624    1.980025    1.692129    1.999344    1.128010    1.988872
Iteration: 480 bestvalit: 58.990000 bestmemit:    0.259407    0.061707    0.081497    0.075808    0.235136    0.404530    0.254181    0.207507    0.182353    0.214887    0.385044    0.408537    2.156306    0.070943    0.002418    0.003402    9.887715    8.851640    1.764624    1.980025    1.692129    1.999344    1.128010    1.988872
Iteration: 481 bestvalit: 58.990000 bestmemit:    0.259407    0.061707    0.081497    0.075808    0.235136    0.404530    0.254181    0.207507    0.182353    0.214887    0.385044    0.408537    2.156306    0.070943    0.002418    0.003402    9.887715    8.851640    1.764624    1.980025    1.692129    1.999344    1.128010    1.988872
Iteration: 482 bestvalit: 58.990000 bestmemit:    0.259407    0.061707    0.081497    0.075808    0.235136    0.404530    0.254181    0.207507    0.182353    0.214887    0.385044    0.408537    2.156306    0.070943    0.002418    0.003402    9.887715    8.851640    1.764624    1.980025    1.692129    1.999344    1.128010    1.988872
Iteration: 483 bestvalit: 58.990000 bestmemit:    0.259407    0.061707    0.081497    0.075808    0.235136    0.404530    0.254181    0.207507    0.182353    0.214887    0.385044    0.408537    2.156306    0.070943    0.002418    0.003402    9.887715    8.851640    1.764624    1.980025    1.692129    1.999344    1.128010    1.988872
Iteration: 484 bestvalit: 58.990000 bestmemit:    0.259407    0.061707    0.081497    0.075808    0.235136    0.404530    0.254181    0.207507    0.182353    0.214887    0.385044    0.408537    2.156306    0.070943    0.002418    0.003402    9.887715    8.851640    1.764624    1.980025    1.692129    1.999344    1.128010    1.988872
Iteration: 485 bestvalit: 58.990000 bestmemit:    0.259407    0.061707    0.081497    0.075808    0.235136    0.404530    0.254181    0.207507    0.182353    0.214887    0.385044    0.408537    2.156306    0.070943    0.002418    0.003402    9.887715    8.851640    1.764624    1.980025    1.692129    1.999344    1.128010    1.988872
Iteration: 486 bestvalit: 58.990000 bestmemit:    0.259407    0.061707    0.081497    0.075808    0.235136    0.404530    0.254181    0.207507    0.182353    0.214887    0.385044    0.408537    2.156306    0.070943    0.002418    0.003402    9.887715    8.851640    1.764624    1.980025    1.692129    1.999344    1.128010    1.988872
Iteration: 487 bestvalit: 58.990000 bestmemit:    0.259407    0.061707    0.081497    0.075808    0.235136    0.404530    0.254181    0.207507    0.182353    0.214887    0.385044    0.408537    2.156306    0.070943    0.002418    0.003402    9.887715    8.851640    1.764624    1.980025    1.692129    1.999344    1.128010    1.988872
Iteration: 488 bestvalit: 58.990000 bestmemit:    0.259407    0.061707    0.081497    0.075808    0.235136    0.404530    0.254181    0.207507    0.182353    0.214887    0.385044    0.408537    2.156306    0.070943    0.002418    0.003402    9.887715    8.851640    1.764624    1.980025    1.692129    1.999344    1.128010    1.988872
Iteration: 489 bestvalit: 58.990000 bestmemit:    0.259407    0.061707    0.081497    0.075808    0.235136    0.404530    0.254181    0.207507    0.182353    0.214887    0.385044    0.408537    2.156306    0.070943    0.002418    0.003402    9.887715    8.851640    1.764624    1.980025    1.692129    1.999344    1.128010    1.988872
Iteration: 490 bestvalit: 58.990000 bestmemit:    0.259407    0.061707    0.081497    0.075808    0.235136    0.404530    0.254181    0.207507    0.182353    0.214887    0.385044    0.408537    2.156306    0.070943    0.002418    0.003402    9.887715    8.851640    1.764624    1.980025    1.692129    1.999344    1.128010    1.988872
Iteration: 491 bestvalit: 58.990000 bestmemit:    0.259407    0.061707    0.081497    0.075808    0.235136    0.404530    0.254181    0.207507    0.182353    0.214887    0.385044    0.408537    2.156306    0.070943    0.002418    0.003402    9.887715    8.851640    1.764624    1.980025    1.692129    1.999344    1.128010    1.988872
Iteration: 492 bestvalit: 58.990000 bestmemit:    0.259407    0.061707    0.081497    0.075808    0.235136    0.404530    0.254181    0.207507    0.182353    0.214887    0.385044    0.408537    2.156306    0.070943    0.002418    0.003402    9.887715    8.851640    1.764624    1.980025    1.692129    1.999344    1.128010    1.988872
Iteration: 493 bestvalit: 58.990000 bestmemit:    0.259407    0.061707    0.081497    0.075808    0.235136    0.404530    0.254181    0.207507    0.182353    0.214887    0.385044    0.408537    2.156306    0.070943    0.002418    0.003402    9.887715    8.851640    1.764624    1.980025    1.692129    1.999344    1.128010    1.988872
Iteration: 494 bestvalit: 58.990000 bestmemit:    0.259407    0.061707    0.081497    0.075808    0.235136    0.404530    0.254181    0.207507    0.182353    0.214887    0.385044    0.408537    2.156306    0.070943    0.002418    0.003402    9.887715    8.851640    1.764624    1.980025    1.692129    1.999344    1.128010    1.988872
Iteration: 495 bestvalit: 58.990000 bestmemit:    0.259407    0.061707    0.081497    0.075808    0.235136    0.404530    0.254181    0.207507    0.182353    0.214887    0.385044    0.408537    2.045266    0.070943    0.002418    0.003402    9.887715    8.851640    1.764624    1.980025    1.692129    1.999344    1.128010    1.988872
Iteration: 496 bestvalit: 58.990000 bestmemit:    0.259407    0.061707    0.081497    0.075808    0.235136    0.404530    0.254181    0.207507    0.182353    0.214887    0.385044    0.408537    2.045266    0.070943    0.002418    0.003402    9.887715    8.851640    1.764624    1.980025    1.692129    1.999344    1.128010    1.988872
Iteration: 497 bestvalit: 58.990000 bestmemit:    0.259407    0.061707    0.081497    0.075808    0.235136    0.404530    0.254181    0.207507    0.182353    0.214887    0.385044    0.408537    2.045266    0.070943    0.002418    0.003402    9.887715    8.851640    1.764624    1.980025    1.692129    1.999344    1.128010    1.988872
Iteration: 498 bestvalit: 58.990000 bestmemit:    0.259407    0.061707    0.081497    0.075808    0.235136    0.404530    0.254181    0.207507    0.182353    0.214887    0.385044    0.408537    2.045266    0.070943    0.002418    0.003402    9.887715    8.851640    1.764624    1.980025    1.692129    1.999344    1.128010    1.988872
Iteration: 499 bestvalit: 58.990000 bestmemit:    0.259407    0.061707    0.081497    0.075808    0.235136    0.404530    0.254181    0.207507    0.182353    0.214887    0.385044    0.408537    2.045266    0.070943    0.002418    0.003402    9.887715    8.851640    1.764624    1.980025    1.692129    1.999344    1.128010    1.988872
Iteration: 500 bestvalit: 58.990000 bestmemit:    0.259407    0.061707    0.081497    0.075808    0.235136    0.404530    0.254181    0.207507    0.182353    0.214887    0.385044    0.408537    2.045266    0.070943    0.002418    0.003402    9.887715    8.851640    1.764624    1.980025    1.692129    1.999344    1.128010    1.988872
Iteration: 501 bestvalit: 58.990000 bestmemit:    0.259407    0.061707    0.081497    0.075808    0.235136    0.404530    0.254181    0.207507    0.182353    0.214887    0.385044    0.408537    2.045266    0.070943    0.002418    0.003402    9.887715    8.851640    1.764624    1.980025    1.692129    1.999344    1.128010    1.988872
Iteration: 502 bestvalit: 58.990000 bestmemit:    0.259407    0.061707    0.081497    0.075808    0.235136    0.404530    0.254181    0.207507    0.182353    0.214887    0.385044    0.408537    2.045266    0.070943    0.002418    0.003402    9.887715    8.851640    1.764624    1.980025    1.692129    1.999344    1.128010    1.988872
Iteration: 503 bestvalit: 58.990000 bestmemit:    0.259407    0.061707    0.081497    0.075808    0.235136    0.404530    0.254181    0.207507    0.182353    0.214887    0.385044    0.408537    2.045266    0.070943    0.002418    0.003402    9.887715    8.851640    1.764624    1.980025    1.692129    1.999344    1.128010    1.988872
Iteration: 504 bestvalit: 58.990000 bestmemit:    0.259407    0.061707    0.081497    0.075808    0.235136    0.404530    0.254181    0.207507    0.182353    0.214887    0.385044    0.408537    2.045266    0.070943    0.002418    0.003402    9.887715    8.851640    1.764624    1.980025    1.692129    1.999344    1.128010    1.988872
Iteration: 505 bestvalit: 58.990000 bestmemit:    0.259407    0.061707    0.081497    0.075808    0.235136    0.404530    0.254181    0.207507    0.182353    0.214887    0.385044    0.408537    2.045266    0.070943    0.002418    0.003402    9.887715    8.851640    1.764624    1.980025    1.692129    1.999344    1.128010    1.988872
Iteration: 506 bestvalit: 58.990000 bestmemit:    0.259407    0.061707    0.081497    0.075808    0.235136    0.404530    0.254181    0.207507    0.182353    0.214887    0.385044    0.408537    2.045266    0.070943    0.002418    0.003402    9.887715    8.851640    1.764624    1.980025    1.692129    1.999344    1.128010    1.988872
Iteration: 507 bestvalit: 58.990000 bestmemit:    0.259407    0.061707    0.081497    0.075808    0.235136    0.404530    0.254181    0.207507    0.182353    0.214887    0.385044    0.408537    2.045266    0.070943    0.002418    0.003402    9.887715    8.851640    1.764624    1.980025    1.692129    1.999344    1.128010    1.988872
Iteration: 508 bestvalit: 58.990000 bestmemit:    0.259407    0.061707    0.081497    0.075808    0.235136    0.404530    0.254181    0.207507    0.182353    0.214887    0.385044    0.408537    2.045266    0.070943    0.002418    0.003402    9.887715    8.851640    1.764624    1.980025    1.692129    1.999344    1.128010    1.988872
Iteration: 509 bestvalit: 58.990000 bestmemit:    0.259407    0.061707    0.081497    0.075808    0.235136    0.404530    0.254181    0.207507    0.182353    0.214887    0.385044    0.408537    2.045266    0.070943    0.002418    0.003402    9.887715    8.851640    1.764624    1.980025    1.692129    1.999344    1.128010    1.988872
Iteration: 510 bestvalit: 58.960000 bestmemit:    0.259407    0.061707    0.081497    0.075808    0.235136    0.404530    0.254181    0.207507    0.182353    0.214887    0.385044    0.408537    2.045266    0.070943    0.002418    0.003402    9.887715    8.549045    1.764624    1.980025    1.692129    1.999344    1.128010    1.988872
Iteration: 511 bestvalit: 58.960000 bestmemit:    0.259407    0.061707    0.081497    0.075808    0.235136    0.404530    0.254181    0.207507    0.182353    0.214887    0.385044    0.408537    2.045266    0.070943    0.002418    0.003402    9.887715    8.549045    1.764624    1.980025    1.692129    1.999344    1.128010    1.988872
Iteration: 512 bestvalit: 58.960000 bestmemit:    0.259407    0.061707    0.081497    0.075808    0.235136    0.404530    0.254181    0.207507    0.182353    0.214887    0.385044    0.408537    2.045266    0.070943    0.002418    0.003402    9.887715    8.549045    1.764624    1.980025    1.692129    1.999344    1.128010    1.988872
Iteration: 513 bestvalit: 58.960000 bestmemit:    0.259407    0.061707    0.081497    0.075808    0.235136    0.404530    0.254181    0.207507    0.182353    0.214887    0.385044    0.408537    2.045266    0.070943    0.002418    0.003402    9.887715    8.549045    1.764624    1.980025    1.692129    1.999344    1.128010    1.988872
Iteration: 514 bestvalit: 58.960000 bestmemit:    0.259407    0.061707    0.081497    0.075808    0.235136    0.404530    0.254181    0.207507    0.182353    0.214887    0.385044    0.408537    2.045266    0.070943    0.002418    0.003402    9.887715    8.549045    1.764624    1.980025    1.692129    1.999344    1.128010    1.988872
Iteration: 515 bestvalit: 58.960000 bestmemit:    0.259407    0.061707    0.081497    0.075808    0.235136    0.404530    0.254181    0.207507    0.182353    0.214887    0.385044    0.408537    2.045266    0.070943    0.002418    0.003402    9.873179    7.478010    1.764624    1.980025    1.692129    1.999344    1.128010    1.988872
Iteration: 516 bestvalit: 58.960000 bestmemit:    0.259407    0.061707    0.081497    0.075808    0.235136    0.404530    0.254181    0.207507    0.182353    0.214887    0.385044    0.408537    2.045266    0.070943    0.002418    0.003402    9.873179    7.478010    1.764624    1.980025    1.692129    1.999344    1.128010    1.988872
Iteration: 517 bestvalit: 58.960000 bestmemit:    0.259407    0.061707    0.081497    0.075808    0.235136    0.404530    0.254181    0.207507    0.182353    0.214887    0.385044    0.408537    2.045266    0.070943    0.002418    0.003402    9.873179    7.478010    1.764624    1.980025    1.692129    1.999344    1.128010    1.988872
Iteration: 518 bestvalit: 58.960000 bestmemit:    0.259407    0.061707    0.081497    0.075808    0.235136    0.404530    0.254181    0.207507    0.182353    0.214887    0.385044    0.408537    2.045266    0.070943    0.002418    0.003402    9.873179    7.478010    1.764624    1.980025    1.692129    1.999344    1.128010    1.988872
Iteration: 519 bestvalit: 58.960000 bestmemit:    0.259407    0.061707    0.081497    0.075808    0.235136    0.404530    0.254181    0.207507    0.182353    0.214887    0.385044    0.408537    2.045266    0.070943    0.002418    0.003402    9.873179    7.478010    1.764624    1.980025    1.692129    1.999344    1.128010    1.988872
Iteration: 520 bestvalit: 58.960000 bestmemit:    0.259407    0.061707    0.081497    0.075808    0.235136    0.404530    0.254181    0.207507    0.182353    0.214887    0.385044    0.408537    2.045266    0.070943    0.002418    0.003402    9.873179    7.478010    1.764624    1.980025    1.692129    1.999344    1.128010    1.988872
Iteration: 521 bestvalit: 58.960000 bestmemit:    0.259407    0.061707    0.081497    0.075808    0.235136    0.404530    0.254181    0.207507    0.182353    0.214887    0.385044    0.408537    2.045266    0.070943    0.002418    0.003402    9.873179    7.478010    1.764624    1.980025    1.692129    1.999344    1.128010    1.988872
Iteration: 522 bestvalit: 58.960000 bestmemit:    0.259407    0.061707    0.081497    0.075808    0.235136    0.404530    0.254181    0.207507    0.182353    0.214887    0.385044    0.408537    2.045266    0.070943    0.002418    0.003402    9.873179    7.478010    1.764624    1.980025    1.692129    1.999344    1.128010    1.988872
Iteration: 523 bestvalit: 58.960000 bestmemit:    0.259407    0.061707    0.081497    0.075808    0.235136    0.404530    0.254181    0.207507    0.182353    0.214887    0.385044    0.408537    2.045266    0.070943    0.002418    0.003402    9.873179    7.478010    1.764624    1.980025    1.692129    1.999344    1.128010    1.988872
Iteration: 524 bestvalit: 58.960000 bestmemit:    0.259407    0.061707    0.081497    0.075808    0.235136    0.404530    0.254181    0.207507    0.182353    0.214887    0.385044    0.408537    2.045266    0.070943    0.002418    0.003402    9.873179    7.478010    1.764624    1.980025    1.692129    1.999344    1.128010    1.988872
Iteration: 525 bestvalit: 58.960000 bestmemit:    0.259407    0.061707    0.081497    0.075808    0.235136    0.404530    0.254181    0.207507    0.182353    0.214887    0.385044    0.408537    2.045266    0.070943    0.002418    0.003402    9.873179    7.478010    1.764624    1.980025    1.692129    1.999344    1.128010    1.988872
Iteration: 526 bestvalit: 58.960000 bestmemit:    0.259407    0.061707    0.081497    0.075808    0.235136    0.404530    0.254181    0.207507    0.182353    0.214887    0.385044    0.408537    2.045266    0.070943    0.002418    0.003402    9.873179    7.478010    1.764624    1.980025    1.692129    1.999344    1.128010    1.988872
Iteration: 527 bestvalit: 58.960000 bestmemit:    0.259407    0.061707    0.081497    0.075808    0.235136    0.404530    0.254181    0.207507    0.182353    0.214887    0.385044    0.408537    2.045266    0.070943    0.002418    0.003402    9.873179    7.478010    1.764624    1.980025    1.692129    1.999344    1.128010    1.988872
Iteration: 528 bestvalit: 58.960000 bestmemit:    0.259407    0.061707    0.081497    0.075808    0.235136    0.404530    0.254181    0.207507    0.182353    0.214887    0.385044    0.408537    2.045266    0.070943    0.002418    0.003402    9.873179    7.478010    1.764624    1.980025    1.692129    1.999344    1.128010    1.988872
Iteration: 529 bestvalit: 58.960000 bestmemit:    0.259407    0.061707    0.081497    0.075808    0.235136    0.404530    0.254181    0.207507    0.182353    0.214887    0.385044    0.408537    2.045266    0.070943    0.002418    0.003402    9.873179    7.478010    1.764624    1.980025    1.692129    1.999344    1.128010    1.988872
Iteration: 530 bestvalit: 58.960000 bestmemit:    0.259407    0.061707    0.081497    0.075808    0.235136    0.404530    0.254181    0.207507    0.182353    0.214887    0.385044    0.408537    2.045266    0.070943    0.002418    0.003402    9.873179    7.478010    1.764624    1.980025    1.692129    1.999344    1.128010    1.988872
Iteration: 531 bestvalit: 58.960000 bestmemit:    0.259407    0.061707    0.081497    0.075808    0.235136    0.404530    0.254181    0.207507    0.182353    0.214887    0.385044    0.408537    2.045266    0.070943    0.002418    0.003402    9.873179    7.478010    1.764624    1.980025    1.692129    1.999344    1.128010    1.988872
Iteration: 532 bestvalit: 58.960000 bestmemit:    0.259407    0.061707    0.081497    0.075808    0.235136    0.404530    0.254181    0.207507    0.182353    0.214887    0.385044    0.408537    2.045266    0.070943    0.002418    0.003402    9.873179    7.478010    1.764624    1.980025    1.692129    1.999344    1.128010    1.988872
Iteration: 533 bestvalit: 58.960000 bestmemit:    0.259407    0.061707    0.081497    0.075808    0.235136    0.404530    0.254181    0.207507    0.182353    0.214887    0.385044    0.408537    2.045266    0.070943    0.002418    0.003402    9.873179    7.478010    1.764624    1.980025    1.692129    1.999344    1.128010    1.988872
Iteration: 534 bestvalit: 58.960000 bestmemit:    0.259407    0.061707    0.081497    0.075808    0.235136    0.404530    0.254181    0.207507    0.182353    0.214887    0.385044    0.408537    2.045266    0.070943    0.002418    0.003402    9.873179    7.478010    1.764624    1.980025    1.692129    1.999344    1.128010    1.988872
Iteration: 535 bestvalit: 58.945000 bestmemit:    0.259407    0.061707    0.081497    0.075808    0.235136    0.404530    0.254181    0.207507    0.182353    0.214887    0.385044    0.408537    2.045266    0.070943    0.002418    0.003402    9.873179    7.555653    1.764624    1.980025    1.692129    1.999344    1.128010    1.988872
Iteration: 536 bestvalit: 58.945000 bestmemit:    0.259407    0.061707    0.081497    0.075808    0.235136    0.404530    0.254181    0.207507    0.182353    0.214887    0.385044    0.408537    2.045266    0.070943    0.002418    0.003402    9.873179    7.555653    1.764624    1.980025    1.692129    1.999344    1.128010    1.988872
Iteration: 537 bestvalit: 58.945000 bestmemit:    0.259407    0.061707    0.081497    0.075808    0.235136    0.404530    0.254181    0.207507    0.182353    0.214887    0.385044    0.408537    2.045266    0.070943    0.002418    0.003402    9.873179    7.555653    1.764624    1.980025    1.692129    1.999344    1.128010    1.988872
Iteration: 538 bestvalit: 58.945000 bestmemit:    0.259407    0.061707    0.081497    0.075808    0.235136    0.404530    0.254181    0.207507    0.182353    0.214887    0.385044    0.408537    2.045266    0.070943    0.002418    0.003402    9.873179    7.555653    1.764624    1.980025    1.692129    1.999344    1.128010    1.988872
Iteration: 539 bestvalit: 58.945000 bestmemit:    0.259407    0.061707    0.081497    0.075808    0.235136    0.404530    0.254181    0.207507    0.182353    0.214887    0.385044    0.408537    2.045266    0.070943    0.002418    0.003402    9.873179    7.555653    1.764624    1.980025    1.692129    1.999344    1.128010    1.988872
Iteration: 540 bestvalit: 58.945000 bestmemit:    0.259407    0.061707    0.081497    0.075808    0.235136    0.404530    0.254181    0.207507    0.182353    0.214887    0.385044    0.408537    2.045266    0.070943    0.002418    0.003402    9.873179    7.555653    1.764624    1.980025    1.692129    1.999344    1.128010    1.988872
Iteration: 541 bestvalit: 58.945000 bestmemit:    0.259407    0.061707    0.081497    0.075808    0.235136    0.404530    0.254181    0.207507    0.182353    0.214887    0.385044    0.408537    2.045266    0.070943    0.002418    0.003402    9.873179    7.555653    1.764624    1.980025    1.692129    1.999344    1.128010    1.988872
Iteration: 542 bestvalit: 58.945000 bestmemit:    0.259407    0.061707    0.081497    0.075808    0.235136    0.404530    0.254181    0.207507    0.182353    0.214887    0.385044    0.408537    2.045266    0.070943    0.002418    0.003402    9.873179    7.555653    1.764624    1.980025    1.692129    1.999344    1.128010    1.988872
Iteration: 543 bestvalit: 58.945000 bestmemit:    0.259407    0.061707    0.081497    0.075808    0.235136    0.404530    0.254181    0.207507    0.182353    0.214887    0.385044    0.408537    2.045266    0.070943    0.002418    0.003402    9.873179    7.555653    1.764624    1.980025    1.692129    1.999344    1.128010    1.988872
Iteration: 544 bestvalit: 58.945000 bestmemit:    0.259407    0.061707    0.081497    0.075808    0.235136    0.404530    0.254181    0.207507    0.182353    0.214887    0.385044    0.408537    2.045266    0.070943    0.002418    0.003402    9.873179    7.555653    1.764624    1.980025    1.692129    1.999344    1.128010    1.988872
Iteration: 545 bestvalit: 58.945000 bestmemit:    0.259407    0.061707    0.081497    0.075808    0.235136    0.404530    0.254181    0.207507    0.182353    0.214887    0.385044    0.408537    2.045266    0.070943    0.002418    0.003402    9.873179    7.555653    1.764624    1.980025    1.692129    1.999344    1.128010    1.988872
Iteration: 546 bestvalit: 58.945000 bestmemit:    0.259407    0.061707    0.081497    0.075808    0.235136    0.404530    0.254181    0.207507    0.182353    0.214887    0.385044    0.408537    2.045266    0.070943    0.002418    0.003402    9.873179    7.555653    1.764624    1.980025    1.692129    1.999344    1.128010    1.988872
Iteration: 547 bestvalit: 58.945000 bestmemit:    0.259407    0.061707    0.081497    0.075808    0.235136    0.404530    0.254181    0.207507    0.182353    0.214887    0.385044    0.408537    2.045266    0.070943    0.002418    0.003402    9.873179    7.555653    1.764624    1.980025    1.692129    1.999344    1.128010    1.988872
Iteration: 548 bestvalit: 58.945000 bestmemit:    0.259407    0.061707    0.081497    0.075808    0.235136    0.404530    0.254181    0.207507    0.182353    0.214887    0.385044    0.408537    2.045266    0.070943    0.002418    0.003402    9.873179    7.555653    1.764624    1.980025    1.692129    1.999344    1.128010    1.988872
Iteration: 549 bestvalit: 58.945000 bestmemit:    0.259407    0.061707    0.081497    0.075808    0.235136    0.404530    0.254181    0.207507    0.182353    0.214887    0.385044    0.408537    2.045266    0.070943    0.002418    0.003402    9.873179    7.555653    1.764624    1.980025    1.692129    1.999344    1.128010    1.988872
Iteration: 550 bestvalit: 58.945000 bestmemit:    0.259407    0.061707    0.081497    0.075808    0.235136    0.404530    0.254181    0.207507    0.182353    0.214887    0.385044    0.408537    2.045266    0.070943    0.002418    0.003402    9.873179    7.555653    1.764624    1.980025    1.692129    1.999344    1.128010    1.988872
Iteration: 551 bestvalit: 58.945000 bestmemit:    0.259407    0.061707    0.081497    0.075808    0.235136    0.404530    0.254181    0.207507    0.182353    0.214887    0.385044    0.408537    2.045266    0.070943    0.002418    0.003402    9.873179    7.555653    1.764624    1.980025    1.692129    1.999344    1.128010    1.988872
Iteration: 552 bestvalit: 58.945000 bestmemit:    0.259407    0.061707    0.081497    0.075808    0.235136    0.404530    0.254181    0.207507    0.182353    0.214887    0.385044    0.408537    2.045266    0.070943    0.002418    0.003402    9.873179    7.555653    1.764624    1.980025    1.692129    1.999344    1.128010    1.988872
Iteration: 553 bestvalit: 58.945000 bestmemit:    0.259407    0.061707    0.081497    0.075808    0.235136    0.404530    0.254181    0.207507    0.182353    0.214887    0.385044    0.408537    2.045266    0.070943    0.002418    0.003402    9.873179    7.555653    1.764624    1.980025    1.692129    1.999344    1.128010    1.988872
Iteration: 554 bestvalit: 58.945000 bestmemit:    0.259407    0.061707    0.081497    0.075808    0.235136    0.404530    0.254181    0.207507    0.182353    0.214887    0.385044    0.408537    2.045266    0.070943    0.002418    0.003402    9.873179    7.555653    1.764624    1.980025    1.692129    1.999344    1.128010    1.988872
Iteration: 555 bestvalit: 58.945000 bestmemit:    0.259407    0.061707    0.081497    0.075808    0.235136    0.404530    0.254181    0.207507    0.182353    0.214887    0.385044    0.408537    2.045266    0.070943    0.002418    0.003402    9.873179    7.555653    1.764624    1.980025    1.692129    1.999344    1.128010    1.988872
Iteration: 556 bestvalit: 58.945000 bestmemit:    0.259407    0.061707    0.081497    0.075808    0.235136    0.404530    0.254181    0.207507    0.182353    0.214887    0.385044    0.408537    2.045266    0.070943    0.002418    0.003402    9.873179    7.555653    1.764624    1.980025    1.692129    1.999344    1.128010    1.988872
Iteration: 557 bestvalit: 58.945000 bestmemit:    0.259407    0.061707    0.081497    0.075808    0.235136    0.404530    0.254181    0.207507    0.182353    0.214887    0.385044    0.408537    2.045266    0.070943    0.002418    0.003402    9.873179    7.555653    1.764624    1.980025    1.692129    1.999344    1.128010    1.988872
Iteration: 558 bestvalit: 58.945000 bestmemit:    0.259407    0.061707    0.081497    0.075808    0.235136    0.404530    0.254181    0.207507    0.182353    0.214887    0.385044    0.408537    2.045266    0.070943    0.002418    0.003402    9.873179    7.555653    1.764624    1.980025    1.692129    1.999344    1.128010    1.988872
Iteration: 559 bestvalit: 58.945000 bestmemit:    0.259407    0.061707    0.081497    0.075808    0.235136    0.404530    0.254181    0.207507    0.182353    0.214887    0.385044    0.408537    2.045266    0.070943    0.002418    0.003402    9.873179    7.555653    1.764624    1.980025    1.692129    1.999344    1.128010    1.988872
Iteration: 560 bestvalit: 58.945000 bestmemit:    0.259407    0.061707    0.081497    0.075808    0.235136    0.404530    0.254181    0.207507    0.182353    0.214887    0.385044    0.408537    2.045266    0.070943    0.002418    0.003402    9.873179    7.555653    1.764624    1.980025    1.692129    1.999344    1.128010    1.988872
Iteration: 561 bestvalit: 58.945000 bestmemit:    0.259407    0.061707    0.081497    0.075808    0.235136    0.404530    0.254181    0.207507    0.182353    0.214887    0.385044    0.408537    2.045266    0.070943    0.002418    0.003402    9.873179    7.555653    1.764624    1.980025    1.692129    1.999344    1.128010    1.988872
Iteration: 562 bestvalit: 58.945000 bestmemit:    0.259407    0.061707    0.081497    0.075808    0.235136    0.404530    0.254181    0.207507    0.182353    0.214887    0.385044    0.408537    2.045266    0.070943    0.002418    0.003402    9.873179    7.555653    1.764624    1.980025    1.692129    1.999344    1.128010    1.988872
Iteration: 563 bestvalit: 58.945000 bestmemit:    0.259407    0.061707    0.081497    0.075808    0.235136    0.404530    0.254181    0.207507    0.182353    0.214887    0.385044    0.408537    2.045266    0.070943    0.002418    0.003402    9.873179    7.555653    1.764624    1.980025    1.692129    1.999344    1.128010    1.988872
Iteration: 564 bestvalit: 58.945000 bestmemit:    0.259407    0.061707    0.081497    0.075808    0.235136    0.404530    0.254181    0.207507    0.182353    0.214887    0.385044    0.408537    2.045266    0.070943    0.002418    0.003402    9.873179    7.555653    1.764624    1.980025    1.692129    1.999344    1.128010    1.988872
Iteration: 565 bestvalit: 58.945000 bestmemit:    0.259407    0.061707    0.081497    0.075808    0.235136    0.404530    0.254181    0.207507    0.182353    0.214887    0.385044    0.408537    2.045266    0.070943    0.002418    0.003402    9.873179    7.555653    1.764624    1.980025    1.692129    1.999344    1.128010    1.988872
Iteration: 566 bestvalit: 58.945000 bestmemit:    0.259407    0.061707    0.081497    0.075808    0.235136    0.404530    0.254181    0.207507    0.182353    0.214887    0.385044    0.408537    2.045266    0.070943    0.002418    0.003402    9.873179    7.555653    1.764624    1.980025    1.692129    1.999344    1.128010    1.988872
Iteration: 567 bestvalit: 58.945000 bestmemit:    0.259407    0.061707    0.081497    0.075808    0.235136    0.404530    0.254181    0.207507    0.182353    0.214887    0.385044    0.408537    2.045266    0.070943    0.002418    0.003402    9.873179    7.555653    1.764624    1.980025    1.692129    1.999344    1.128010    1.988872
Iteration: 568 bestvalit: 58.945000 bestmemit:    0.259407    0.061707    0.081497    0.075808    0.235136    0.404530    0.254181    0.207507    0.182353    0.214887    0.385044    0.408537    2.045266    0.070943    0.002418    0.003402    9.873179    7.555653    1.764624    1.980025    1.692129    1.999344    1.128010    1.988872
Iteration: 569 bestvalit: 58.945000 bestmemit:    0.259407    0.061707    0.081497    0.075808    0.235136    0.404530    0.254181    0.207507    0.182353    0.214887    0.385044    0.408537    2.045266    0.070943    0.002418    0.003402    9.873179    7.555653    1.764624    1.980025    1.692129    1.999344    1.128010    1.988872
Iteration: 570 bestvalit: 58.945000 bestmemit:    0.259407    0.061707    0.081497    0.075808    0.235136    0.404530    0.254181    0.207507    0.182353    0.214887    0.385044    0.408537    2.045266    0.070943    0.002418    0.003402    9.873179    7.555653    1.764624    1.980025    1.692129    1.999344    1.128010    1.988872
Iteration: 571 bestvalit: 58.945000 bestmemit:    0.259407    0.061707    0.081497    0.075808    0.235136    0.404530    0.254181    0.207507    0.182353    0.214887    0.385044    0.408537    2.045266    0.070943    0.002418    0.003402    9.873179    7.555653    1.764624    1.980025    1.692129    1.999344    1.128010    1.988872
Iteration: 572 bestvalit: 58.945000 bestmemit:    0.259407    0.061707    0.081497    0.075808    0.235136    0.404530    0.254181    0.207507    0.182353    0.214887    0.385044    0.408537    2.045266    0.070943    0.002418    0.003402    9.873179    7.555653    1.764624    1.980025    1.692129    1.999344    1.128010    1.988872
Iteration: 573 bestvalit: 58.945000 bestmemit:    0.259407    0.061707    0.081497    0.075808    0.235136    0.404530    0.254181    0.207507    0.182353    0.214887    0.385044    0.408537    2.045266    0.070943    0.002418    0.003402    9.873179    7.555653    1.764624    1.980025    1.692129    1.999344    1.128010    1.988872
Iteration: 574 bestvalit: 58.945000 bestmemit:    0.259407    0.061707    0.081497    0.075808    0.235136    0.404530    0.254181    0.207507    0.182353    0.214887    0.385044    0.408537    2.045266    0.070943    0.002418    0.003402    9.873179    7.555653    1.764624    1.980025    1.692129    1.999344    1.128010    1.988872
Iteration: 575 bestvalit: 58.945000 bestmemit:    0.259407    0.061707    0.081497    0.075808    0.235136    0.404530    0.254181    0.207507    0.182353    0.214887    0.385044    0.408537    2.045266    0.070943    0.002418    0.003402    9.873179    7.555653    1.764624    1.980025    1.692129    1.999344    1.128010    1.988872
Iteration: 576 bestvalit: 58.945000 bestmemit:    0.259407    0.061707    0.081497    0.075808    0.235136    0.404530    0.254181    0.207507    0.182353    0.214887    0.385044    0.408537    2.045266    0.070943    0.002418    0.003402    9.873179    7.555653    1.764624    1.980025    1.692129    1.999344    1.128010    1.988872
Iteration: 577 bestvalit: 58.945000 bestmemit:    0.259407    0.061707    0.081497    0.075808    0.235136    0.404530    0.254181    0.207507    0.182353    0.214887    0.385044    0.408537    2.045266    0.070943    0.002418    0.003402    9.873179    7.555653    1.764624    1.980025    1.692129    1.999344    1.128010    1.988872
Iteration: 578 bestvalit: 58.945000 bestmemit:    0.259407    0.061707    0.081497    0.075808    0.235136    0.404530    0.254181    0.207507    0.182353    0.214887    0.385044    0.408537    2.045266    0.070943    0.002418    0.003402    9.873179    7.555653    1.764624    1.980025    1.692129    1.999344    1.128010    1.988872
Iteration: 579 bestvalit: 58.945000 bestmemit:    0.259407    0.061707    0.081497    0.075808    0.235136    0.404530    0.254181    0.207507    0.182353    0.214887    0.385044    0.408537    2.045266    0.070943    0.002418    0.003402    9.873179    7.555653    1.764624    1.980025    1.692129    1.999344    1.128010    1.988872
Iteration: 580 bestvalit: 58.945000 bestmemit:    0.259407    0.061707    0.081497    0.075808    0.235136    0.404530    0.254181    0.207507    0.182353    0.214887    0.385044    0.408537    2.045266    0.070943    0.002418    0.003402    9.873179    7.555653    1.764624    1.980025    1.692129    1.999344    1.128010    1.988872
Iteration: 581 bestvalit: 58.945000 bestmemit:    0.259407    0.061707    0.081497    0.075808    0.235136    0.404530    0.254181    0.207507    0.182353    0.214887    0.385044    0.408537    2.045266    0.070943    0.002418    0.003402    9.873179    7.555653    1.764624    1.980025    1.692129    1.999344    1.128010    1.988872
Iteration: 582 bestvalit: 58.945000 bestmemit:    0.259407    0.061707    0.081497    0.075808    0.235136    0.404530    0.254181    0.207507    0.182353    0.214887    0.385044    0.408537    2.045266    0.070943    0.002418    0.003402    9.873179    7.555653    1.764624    1.980025    1.692129    1.999344    1.128010    1.988872
Iteration: 583 bestvalit: 58.945000 bestmemit:    0.259407    0.061707    0.081497    0.075808    0.235136    0.404530    0.254181    0.207507    0.182353    0.214887    0.385044    0.408537    2.045266    0.070943    0.002418    0.003402    9.873179    7.555653    1.764624    1.980025    1.692129    1.999344    1.128010    1.988872
Iteration: 584 bestvalit: 58.945000 bestmemit:    0.259407    0.061707    0.081497    0.075808    0.235136    0.404530    0.254181    0.207507    0.182353    0.214887    0.385044    0.408537    2.045266    0.070943    0.002418    0.003402    9.873179    7.555653    1.764624    1.980025    1.692129    1.999344    1.128010    1.988872
Iteration: 585 bestvalit: 58.945000 bestmemit:    0.259407    0.061707    0.081497    0.075808    0.235136    0.404530    0.254181    0.207507    0.182353    0.214887    0.385044    0.408537    2.045266    0.070943    0.002418    0.003402    9.873179    7.555653    1.764624    1.980025    1.692129    1.999344    1.128010    1.988872
Iteration: 586 bestvalit: 58.945000 bestmemit:    0.259407    0.061707    0.081497    0.075808    0.235136    0.404530    0.254181    0.207507    0.182353    0.214887    0.385044    0.408537    2.045266    0.070943    0.002418    0.003402    9.873179    7.555653    1.764624    1.980025    1.692129    1.999344    1.128010    1.988872
Iteration: 587 bestvalit: 58.945000 bestmemit:    0.259407    0.061707    0.081497    0.075808    0.235136    0.404530    0.254181    0.207507    0.182353    0.214887    0.385044    0.408537    2.045266    0.070943    0.002418    0.003402    9.873179    7.555653    1.764624    1.980025    1.692129    1.999344    1.128010    1.988872
Iteration: 588 bestvalit: 58.945000 bestmemit:    0.259407    0.061707    0.081497    0.075808    0.235136    0.404530    0.254181    0.207507    0.182353    0.214887    0.385044    0.408537    2.045266    0.070943    0.002418    0.003402    9.873179    7.555653    1.764624    1.980025    1.692129    1.999344    1.128010    1.988872
Iteration: 589 bestvalit: 58.945000 bestmemit:    0.259407    0.061707    0.081497    0.075808    0.235136    0.404530    0.254181    0.207507    0.182353    0.214887    0.385044    0.408537    2.045266    0.070943    0.002418    0.003402    9.873179    7.555653    1.764624    1.980025    1.692129    1.999344    1.128010    1.988872
Iteration: 590 bestvalit: 58.945000 bestmemit:    0.259407    0.061707    0.081497    0.075808    0.235136    0.404530    0.254181    0.207507    0.182353    0.214887    0.385044    0.408537    2.045266    0.070943    0.002418    0.003402    9.873179    7.555653    1.764624    1.980025    1.692129    1.999344    1.128010    1.988872
Iteration: 591 bestvalit: 58.945000 bestmemit:    0.259407    0.061707    0.081497    0.075808    0.235136    0.404530    0.254181    0.207507    0.182353    0.214887    0.385044    0.408537    2.045266    0.070943    0.002418    0.003402    9.873179    7.555653    1.764624    1.980025    1.692129    1.999344    1.128010    1.988872
Iteration: 592 bestvalit: 58.945000 bestmemit:    0.259407    0.061707    0.081497    0.075808    0.235136    0.404530    0.254181    0.207507    0.182353    0.214887    0.385044    0.408537    2.045266    0.070943    0.002418    0.003402    9.873179    7.555653    1.764624    1.980025    1.692129    1.999344    1.128010    1.988872
Iteration: 593 bestvalit: 58.945000 bestmemit:    0.259407    0.061707    0.081497    0.075808    0.235136    0.404530    0.254181    0.207507    0.182353    0.214887    0.385044    0.408537    2.045266    0.070943    0.002418    0.003402    9.873179    7.555653    1.764624    1.980025    1.692129    1.999344    1.128010    1.988872
Iteration: 594 bestvalit: 58.945000 bestmemit:    0.259407    0.061707    0.081497    0.075808    0.235136    0.404530    0.254181    0.207507    0.182353    0.214887    0.385044    0.408537    2.045266    0.070943    0.002418    0.003402    9.873179    7.555653    1.764624    1.980025    1.692129    1.999344    1.128010    1.988872
Iteration: 595 bestvalit: 58.945000 bestmemit:    0.259407    0.061707    0.081497    0.075808    0.235136    0.404530    0.254181    0.207507    0.182353    0.214887    0.385044    0.408537    2.045266    0.070943    0.002418    0.003402    9.873179    7.555653    1.764624    1.980025    1.692129    1.999344    1.128010    1.988872
Iteration: 596 bestvalit: 58.945000 bestmemit:    0.259407    0.061707    0.081497    0.075808    0.235136    0.404530    0.254181    0.207507    0.182353    0.214887    0.385044    0.408537    2.045266    0.070943    0.002418    0.003402    9.873179    7.555653    1.764624    1.980025    1.692129    1.999344    1.128010    1.988872
Iteration: 597 bestvalit: 58.945000 bestmemit:    0.259407    0.061707    0.081497    0.075808    0.235136    0.404530    0.254181    0.207507    0.182353    0.214887    0.385044    0.408537    2.045266    0.070943    0.002418    0.003402    9.873179    7.555653    1.764624    1.980025    1.692129    1.999344    1.128010    1.988872
Iteration: 598 bestvalit: 58.945000 bestmemit:    0.259407    0.061707    0.081497    0.075808    0.235136    0.404530    0.254181    0.207507    0.182353    0.214887    0.385044    0.408537    2.045266    0.070943    0.002418    0.003402    9.873179    7.555653    1.764624    1.980025    1.692129    1.999344    1.128010    1.988872
Iteration: 599 bestvalit: 58.945000 bestmemit:    0.259407    0.061707    0.081497    0.075808    0.235136    0.404530    0.254181    0.207507    0.182353    0.214887    0.385044    0.408537    2.045266    0.070943    0.002418    0.003402    9.873179    7.555653    1.764624    1.980025    1.692129    1.999344    1.128010    1.988872
Iteration: 600 bestvalit: 58.945000 bestmemit:    0.259407    0.061707    0.081497    0.075808    0.235136    0.404530    0.254181    0.207507    0.182353    0.214887    0.385044    0.408537    2.045266    0.070943    0.002418    0.003402    9.873179    7.555653    1.764624    1.980025    1.692129    1.999344    1.128010    1.988872
Iteration: 601 bestvalit: 58.945000 bestmemit:    0.259407    0.061707    0.081497    0.075808    0.235136    0.404530    0.254181    0.207507    0.182353    0.214887    0.385044    0.408537    2.045266    0.070943    0.002418    0.003402    9.873179    7.555653    1.764624    1.980025    1.692129    1.999344    1.128010    1.988872
Iteration: 602 bestvalit: 58.945000 bestmemit:    0.259407    0.061707    0.081497    0.075808    0.235136    0.404530    0.254181    0.207507    0.182353    0.214887    0.385044    0.408537    2.045266    0.070943    0.002418    0.003402    9.873179    7.555653    1.764624    1.980025    1.692129    1.999344    1.128010    1.988872
Iteration: 603 bestvalit: 58.945000 bestmemit:    0.259407    0.061707    0.081497    0.075808    0.235136    0.404530    0.254181    0.207507    0.182353    0.214887    0.385044    0.408537    2.045266    0.070943    0.002418    0.003402    9.873179    7.555653    1.764624    1.980025    1.692129    1.999344    1.128010    1.988872
Iteration: 604 bestvalit: 58.945000 bestmemit:    0.259407    0.061707    0.081497    0.075808    0.235136    0.404530    0.254181    0.207507    0.182353    0.214887    0.385044    0.408537    2.045266    0.070943    0.002418    0.003402    9.873179    7.555653    1.764624    1.980025    1.692129    1.999344    1.128010    1.988872
Iteration: 605 bestvalit: 58.945000 bestmemit:    0.259407    0.061707    0.081497    0.075808    0.235136    0.404530    0.254181    0.207507    0.182353    0.214887    0.385044    0.408537    2.045266    0.070943    0.002418    0.003402    9.873179    7.555653    1.764624    1.980025    1.692129    1.999344    1.128010    1.988872
Iteration: 606 bestvalit: 58.945000 bestmemit:    0.259407    0.061707    0.081497    0.075808    0.235136    0.404530    0.254181    0.207507    0.182353    0.214887    0.385044    0.408537    2.045266    0.070943    0.002418    0.003402    9.873179    7.555653    1.764624    1.980025    1.692129    1.999344    1.128010    1.988872
Iteration: 607 bestvalit: 58.945000 bestmemit:    0.259407    0.061707    0.081497    0.075808    0.235136    0.404530    0.254181    0.207507    0.182353    0.214887    0.385044    0.408537    2.045266    0.070943    0.002418    0.003402    9.873179    7.555653    1.764624    1.980025    1.692129    1.999344    1.128010    1.988872
Iteration: 608 bestvalit: 58.945000 bestmemit:    0.259407    0.061707    0.081497    0.075808    0.235136    0.404530    0.254181    0.207507    0.182353    0.214887    0.385044    0.408537    2.045266    0.070943    0.002418    0.003402    9.873179    7.555653    1.764624    1.980025    1.692129    1.999344    1.128010    1.988872
Iteration: 609 bestvalit: 58.945000 bestmemit:    0.259407    0.061707    0.081497    0.075808    0.235136    0.404530    0.254181    0.207507    0.182353    0.214887    0.385044    0.408537    2.045266    0.070943    0.002418    0.003402    9.873179    7.555653    1.764624    1.980025    1.692129    1.999344    1.128010    1.988872
Iteration: 610 bestvalit: 58.945000 bestmemit:    0.259407    0.061707    0.081497    0.075808    0.235136    0.404530    0.254181    0.207507    0.182353    0.214887    0.385044    0.408537    2.045266    0.070943    0.002418    0.003402    9.873179    7.555653    1.764624    1.980025    1.692129    1.999344    1.128010    1.988872
Iteration: 611 bestvalit: 58.945000 bestmemit:    0.259407    0.061707    0.081497    0.075808    0.235136    0.404530    0.254181    0.207507    0.182353    0.214887    0.385044    0.408537    2.045266    0.070943    0.002418    0.003402    9.873179    7.555653    1.764624    1.980025    1.692129    1.999344    1.128010    1.988872
Iteration: 612 bestvalit: 58.945000 bestmemit:    0.259407    0.061707    0.081497    0.075808    0.235136    0.404530    0.254181    0.207507    0.182353    0.214887    0.385044    0.408537    2.045266    0.070943    0.002418    0.003402    9.873179    7.555653    1.764624    1.980025    1.692129    1.999344    1.128010    1.988872
Iteration: 613 bestvalit: 58.945000 bestmemit:    0.259407    0.061707    0.081497    0.075808    0.235136    0.404530    0.254181    0.207507    0.182353    0.214887    0.385044    0.408537    2.045266    0.070943    0.002418    0.003402    9.873179    7.555653    1.764624    1.980025    1.692129    1.999344    1.128010    1.988872
Iteration: 614 bestvalit: 58.945000 bestmemit:    0.259407    0.061707    0.081497    0.075808    0.235136    0.404530    0.254181    0.207507    0.182353    0.214887    0.385044    0.408537    2.045266    0.070943    0.002418    0.003402    9.873179    7.555653    1.764624    1.980025    1.692129    1.999344    1.128010    1.988872
Iteration: 615 bestvalit: 58.945000 bestmemit:    0.259407    0.061707    0.081497    0.075808    0.235136    0.404530    0.254181    0.207507    0.182353    0.214887    0.385044    0.408537    2.045266    0.070943    0.002418    0.003402    9.873179    7.555653    1.764624    1.980025    1.692129    1.999344    1.128010    1.988872
Iteration: 616 bestvalit: 58.945000 bestmemit:    0.259407    0.061707    0.081497    0.075808    0.235136    0.404530    0.254181    0.207507    0.182353    0.214887    0.385044    0.408537    2.045266    0.070943    0.002418    0.003402    9.873179    7.555653    1.764624    1.980025    1.692129    1.999344    1.128010    1.988872
Iteration: 617 bestvalit: 58.945000 bestmemit:    0.259407    0.061707    0.081497    0.075808    0.235136    0.404530    0.254181    0.207507    0.182353    0.214887    0.385044    0.408537    2.045266    0.070943    0.002418    0.003402    9.873179    7.555653    1.764624    1.980025    1.692129    1.999344    1.128010    1.988872
Iteration: 618 bestvalit: 58.945000 bestmemit:    0.259407    0.061707    0.081497    0.075808    0.235136    0.404530    0.254181    0.207507    0.182353    0.214887    0.385044    0.408537    2.045266    0.070943    0.002418    0.003402    9.873179    7.555653    1.764624    1.980025    1.692129    1.999344    1.128010    1.988872
Iteration: 619 bestvalit: 58.945000 bestmemit:    0.259407    0.061707    0.081497    0.075808    0.235136    0.404530    0.254181    0.207507    0.182353    0.214887    0.385044    0.408537    2.045266    0.070943    0.002418    0.003402    9.873179    7.555653    1.764624    1.980025    1.692129    1.999344    1.128010    1.988872
Iteration: 620 bestvalit: 58.945000 bestmemit:    0.259407    0.061707    0.081497    0.075808    0.235136    0.404530    0.254181    0.207507    0.182353    0.214887    0.385044    0.408537    2.045266    0.070943    0.002418    0.003402    9.873179    7.555653    1.764624    1.980025    1.692129    1.999344    1.128010    1.988872
Iteration: 621 bestvalit: 58.945000 bestmemit:    0.259407    0.061707    0.081497    0.075808    0.235136    0.404530    0.254181    0.207507    0.182353    0.214887    0.385044    0.408537    2.045266    0.070943    0.002418    0.003402    9.873179    7.555653    1.764624    1.980025    1.692129    1.999344    1.128010    1.988872
Iteration: 622 bestvalit: 58.945000 bestmemit:    0.259407    0.061707    0.081497    0.075808    0.235136    0.404530    0.254181    0.207507    0.182353    0.214887    0.385044    0.408537    2.045266    0.070943    0.002418    0.003402    9.873179    7.555653    1.764624    1.980025    1.692129    1.999344    1.128010    1.988872
Iteration: 623 bestvalit: 58.945000 bestmemit:    0.259407    0.061707    0.081497    0.075808    0.235136    0.404530    0.254181    0.207507    0.182353    0.214887    0.385044    0.408537    2.045266    0.070943    0.002418    0.003402    9.873179    7.555653    1.764624    1.980025    1.692129    1.999344    1.128010    1.988872
Iteration: 624 bestvalit: 58.935000 bestmemit:    0.259407    0.061707    0.081497    0.075808    0.235136    0.404530    0.254181    0.207507    0.182353    0.214887    0.385044    0.408537    2.045266    0.070943    0.002418    0.003402    9.878842    7.555653    1.764624    1.980025    1.692129    1.999344    1.128010    1.988872
Iteration: 625 bestvalit: 58.715000 bestmemit:    0.238854    0.055416    0.065721    0.058357    0.396149    0.347600    0.210943    0.183841    0.277403    0.105359    0.321594    0.485674    2.317199    0.065778    0.002726    0.001674    9.685523    8.146293    1.967075    1.961048    1.727646    1.655896    0.830751    2.017185
Iteration: 626 bestvalit: 58.260000 bestmemit:    0.238854    0.055416    0.065721    0.058357    0.396149    0.347600    0.210943    0.183841    0.277403    0.105359    0.321594    0.485674    2.317199    0.065778    0.002726    0.001674    9.685523    7.192702    1.967075    1.961048    1.727646    1.655896    0.830751    2.017185
Iteration: 627 bestvalit: 58.260000 bestmemit:    0.238854    0.055416    0.065721    0.058357    0.396149    0.347600    0.210943    0.183841    0.277403    0.105359    0.321594    0.485674    2.317199    0.065778    0.002726    0.001674    9.685523    7.192702    1.967075    1.961048    1.727646    1.655896    0.830751    2.017185
Iteration: 628 bestvalit: 57.835000 bestmemit:    0.238854    0.055416    0.065721    0.058357    0.396149    0.347600    0.210943    0.183841    0.277403    0.105359    0.321594    0.485674    2.317199    0.056405    0.002726    0.001674    9.685523    7.192702    1.967075    1.961048    1.727646    1.655896    0.830751    2.017185
Iteration: 629 bestvalit: 57.835000 bestmemit:    0.238854    0.055416    0.065721    0.058357    0.396149    0.347600    0.210943    0.183841    0.277403    0.105359    0.321594    0.485674    2.317199    0.056405    0.002726    0.001674    9.685523    7.192702    1.967075    1.961048    1.727646    1.655896    0.830751    2.017185
Iteration: 630 bestvalit: 57.835000 bestmemit:    0.238854    0.055416    0.065721    0.058357    0.396149    0.347600    0.210943    0.183841    0.277403    0.105359    0.321594    0.485674    2.317199    0.056405    0.002726    0.001674    9.685523    7.192702    1.967075    1.961048    1.727646    1.655896    0.830751    2.017185
Iteration: 631 bestvalit: 57.835000 bestmemit:    0.238854    0.055416    0.065721    0.058357    0.396149    0.347600    0.210943    0.183841    0.277403    0.105359    0.321594    0.485674    2.317199    0.056405    0.002726    0.001674    9.685523    7.192702    1.967075    1.961048    1.727646    1.655896    0.830751    2.017185
Iteration: 632 bestvalit: 57.835000 bestmemit:    0.238854    0.055416    0.065721    0.058357    0.396149    0.347600    0.210943    0.183841    0.277403    0.105359    0.321594    0.485674    2.317199    0.056405    0.002726    0.001674    9.685523    7.192702    1.967075    1.961048    1.727646    1.655896    0.830751    2.017185
Iteration: 633 bestvalit: 57.835000 bestmemit:    0.238854    0.055416    0.065721    0.058357    0.396149    0.347600    0.210943    0.183841    0.277403    0.105359    0.321594    0.485674    2.317199    0.056405    0.002726    0.001674    9.685523    7.192702    1.967075    1.961048    1.727646    1.655896    0.830751    2.017185
Iteration: 634 bestvalit: 57.835000 bestmemit:    0.238854    0.055416    0.065721    0.058357    0.396149    0.347600    0.210943    0.183841    0.277403    0.105359    0.321594    0.485674    2.317199    0.056405    0.002726    0.001674    9.685523    7.192702    1.967075    1.961048    1.727646    1.655896    0.830751    2.017185
Iteration: 635 bestvalit: 57.835000 bestmemit:    0.238854    0.055416    0.065721    0.058357    0.396149    0.347600    0.210943    0.183841    0.277403    0.105359    0.321594    0.485674    2.317199    0.056405    0.002726    0.001674    9.685523    7.192702    1.967075    1.961048    1.727646    1.655896    0.830751    2.017185
Iteration: 636 bestvalit: 57.835000 bestmemit:    0.238854    0.055416    0.065721    0.058357    0.396149    0.347600    0.210943    0.183841    0.277403    0.105359    0.321594    0.485674    2.317199    0.056405    0.002726    0.001674    9.685523    7.192702    1.967075    1.961048    1.727646    1.655896    0.830751    2.017185
Iteration: 637 bestvalit: 57.770000 bestmemit:    0.238854    0.055416    0.065721    0.058357    0.396149    0.347600    0.210943    0.183841    0.277403    0.105359    0.321594    0.485674    2.317199    0.056405    0.002726    0.001674    9.685523    7.192702    1.967075    1.961048    1.727646    1.655896    0.827146    2.017191
Iteration: 638 bestvalit: 57.770000 bestmemit:    0.238854    0.055416    0.065721    0.058357    0.396149    0.347600    0.210943    0.183841    0.277403    0.105359    0.321594    0.485674    2.317199    0.056405    0.002726    0.001674    9.685523    7.192702    1.967075    1.961048    1.727646    1.655896    0.827146    2.017191
Iteration: 639 bestvalit: 57.770000 bestmemit:    0.238854    0.055416    0.065721    0.058357    0.396149    0.347600    0.210943    0.183841    0.277403    0.105359    0.321594    0.485674    2.317199    0.056405    0.002726    0.001674    9.685523    7.192702    1.967075    1.961048    1.727646    1.655896    0.827146    2.017191
Iteration: 640 bestvalit: 57.770000 bestmemit:    0.238854    0.055416    0.065721    0.058357    0.396149    0.347600    0.210943    0.183841    0.277403    0.105359    0.321594    0.485674    2.317199    0.056405    0.002726    0.001674    9.685523    7.192702    1.967075    1.961048    1.727646    1.655896    0.827146    2.017191
Iteration: 641 bestvalit: 57.770000 bestmemit:    0.238854    0.055416    0.065721    0.058357    0.396149    0.347600    0.210943    0.183841    0.277403    0.105359    0.321594    0.485674    2.317199    0.056405    0.002726    0.001674    9.685523    7.192702    1.967075    1.961048    1.727646    1.655896    0.827146    2.017191
Iteration: 642 bestvalit: 57.770000 bestmemit:    0.238854    0.055416    0.065721    0.058357    0.396149    0.347600    0.210943    0.183841    0.277403    0.105359    0.321594    0.485674    2.317199    0.056405    0.002726    0.001674    9.685523    7.192702    1.967075    1.961048    1.727646    1.655896    0.827146    2.017191
Iteration: 643 bestvalit: 57.770000 bestmemit:    0.238854    0.055416    0.065721    0.058357    0.396149    0.347600    0.210943    0.183841    0.277403    0.105359    0.321594    0.485674    2.317199    0.056405    0.002726    0.001674    9.685523    7.192702    1.967075    1.961048    1.727646    1.655896    0.827146    2.017191
Iteration: 644 bestvalit: 57.770000 bestmemit:    0.238854    0.055416    0.065721    0.058357    0.396149    0.347600    0.210943    0.183841    0.277403    0.105359    0.321594    0.485674    2.317199    0.056405    0.002726    0.001674    9.685523    7.192702    1.967075    1.961048    1.727646    1.655896    0.827146    2.017191
Iteration: 645 bestvalit: 57.770000 bestmemit:    0.238854    0.055416    0.065721    0.058357    0.396149    0.347600    0.210943    0.183841    0.277403    0.105359    0.321594    0.485674    2.317199    0.056405    0.002726    0.001674    9.685523    7.192702    1.967075    1.961048    1.727646    1.655896    0.827146    2.017191
Iteration: 646 bestvalit: 57.770000 bestmemit:    0.238854    0.055416    0.065721    0.058357    0.396149    0.347600    0.210943    0.183841    0.277403    0.105359    0.321594    0.485674    2.317199    0.056405    0.002726    0.001674    9.685523    7.192702    1.967075    1.961048    1.727646    1.655896    0.827146    2.017191
Iteration: 647 bestvalit: 57.770000 bestmemit:    0.238854    0.055416    0.065721    0.058357    0.396149    0.347600    0.210943    0.183841    0.277403    0.105359    0.321594    0.485674    2.317199    0.056405    0.002726    0.001674    9.685523    7.192702    1.967075    1.961048    1.727646    1.655896    0.827146    2.017191
Iteration: 648 bestvalit: 57.770000 bestmemit:    0.238854    0.055416    0.065721    0.058357    0.396149    0.347600    0.210943    0.183841    0.277403    0.105359    0.321594    0.485674    2.317199    0.056405    0.002726    0.001674    9.685523    7.192702    1.967075    1.961048    1.727646    1.655896    0.827146    2.017191
Iteration: 649 bestvalit: 57.770000 bestmemit:    0.238854    0.055416    0.065721    0.058357    0.396149    0.347600    0.210943    0.183841    0.277403    0.105359    0.321594    0.485674    2.317199    0.056405    0.002726    0.001674    9.685523    7.192702    1.967075    1.961048    1.727646    1.655896    0.827146    2.017191
Iteration: 650 bestvalit: 57.770000 bestmemit:    0.238854    0.055416    0.065721    0.058357    0.396149    0.347600    0.210943    0.183841    0.277403    0.105359    0.321594    0.485674    2.317199    0.056405    0.002726    0.001674    9.685523    7.192702    1.967075    1.961048    1.727646    1.655896    0.827146    2.017191
Iteration: 651 bestvalit: 57.770000 bestmemit:    0.238854    0.055416    0.065721    0.058357    0.396149    0.347600    0.210943    0.183841    0.277403    0.105359    0.321594    0.485674    2.317199    0.056405    0.002726    0.001674    9.685523    7.192702    1.967075    1.961048    1.727646    1.655896    0.827146    2.017191
Iteration: 652 bestvalit: 57.770000 bestmemit:    0.238854    0.055416    0.065721    0.058357    0.396149    0.347600    0.210943    0.183841    0.277403    0.105359    0.321594    0.485674    2.317199    0.056405    0.002726    0.001674    9.685523    7.192702    1.967075    1.961048    1.727646    1.655896    0.827146    2.017191
Iteration: 653 bestvalit: 57.770000 bestmemit:    0.238854    0.055416    0.065721    0.058357    0.396149    0.347600    0.210943    0.183841    0.277403    0.105359    0.321594    0.485674    2.317199    0.056405    0.002726    0.001674    9.685523    7.192702    1.967075    1.961048    1.727646    1.655896    0.827146    2.017191
Iteration: 654 bestvalit: 57.770000 bestmemit:    0.238854    0.055416    0.065721    0.058357    0.396149    0.347600    0.210943    0.183841    0.277403    0.105359    0.321594    0.485674    2.317199    0.056405    0.002726    0.001674    9.685523    7.192702    1.967075    1.961048    1.727646    1.655896    0.827146    2.017191
Iteration: 655 bestvalit: 57.770000 bestmemit:    0.238854    0.055416    0.065721    0.058357    0.396149    0.347600    0.210943    0.183841    0.277403    0.105359    0.321594    0.485674    2.317199    0.056405    0.002726    0.001674    9.685523    7.192702    1.967075    1.961048    1.727646    1.655896    0.827146    2.017191
Iteration: 656 bestvalit: 57.770000 bestmemit:    0.238854    0.055416    0.065721    0.058357    0.396149    0.347600    0.210943    0.183841    0.277403    0.105359    0.321594    0.485674    2.317199    0.056405    0.002726    0.001674    9.685523    7.192702    1.967075    1.961048    1.727646    1.655896    0.827146    2.017191
Iteration: 657 bestvalit: 57.770000 bestmemit:    0.238854    0.055416    0.065721    0.058357    0.396149    0.347600    0.210943    0.183841    0.277403    0.105359    0.321594    0.485674    2.317199    0.056405    0.002726    0.001674    9.685523    7.192702    1.967075    1.961048    1.727646    1.655896    0.827146    2.017191
Iteration: 658 bestvalit: 57.770000 bestmemit:    0.238854    0.055416    0.065721    0.058357    0.396149    0.347600    0.210943    0.183841    0.277403    0.105359    0.321594    0.485674    2.317199    0.056405    0.002726    0.001674    9.685523    7.192702    1.967075    1.961048    1.727646    1.655896    0.827146    2.017191
Iteration: 659 bestvalit: 57.770000 bestmemit:    0.238854    0.055416    0.065721    0.058357    0.396149    0.347600    0.210943    0.183841    0.277403    0.105359    0.321594    0.485674    2.317199    0.056405    0.002726    0.001674    9.685523    7.192702    1.967075    1.961048    1.727646    1.655896    0.827146    2.017191
Iteration: 660 bestvalit: 57.770000 bestmemit:    0.238854    0.055416    0.065721    0.058357    0.396149    0.347600    0.210943    0.183841    0.277403    0.105359    0.321594    0.485674    2.317199    0.056405    0.002726    0.001674    9.685523    7.192702    1.967075    1.961048    1.727646    1.655896    0.827146    2.017191
Iteration: 661 bestvalit: 57.770000 bestmemit:    0.238854    0.055416    0.065721    0.058357    0.396149    0.347600    0.210943    0.183841    0.277403    0.105359    0.321594    0.485674    2.317199    0.056405    0.002726    0.001674    9.685523    7.192702    1.967075    1.961048    1.727646    1.655896    0.827146    2.017191
Iteration: 662 bestvalit: 57.770000 bestmemit:    0.238854    0.055416    0.065721    0.058357    0.396149    0.347600    0.210943    0.183841    0.277403    0.105359    0.321594    0.485674    2.317199    0.056405    0.002726    0.001674    9.685523    7.192702    1.967075    1.961048    1.727646    1.655896    0.827146    2.017191
Iteration: 663 bestvalit: 57.770000 bestmemit:    0.238854    0.055416    0.065721    0.058357    0.396149    0.347600    0.210943    0.183841    0.277403    0.105359    0.321594    0.485674    2.317199    0.056405    0.002726    0.001674    9.685523    7.192702    1.967075    1.961048    1.727646    1.655896    0.827146    2.017191
Iteration: 664 bestvalit: 57.770000 bestmemit:    0.238854    0.055416    0.065721    0.058357    0.396149    0.347600    0.210943    0.183841    0.277403    0.105359    0.321594    0.485674    2.317199    0.056405    0.002726    0.001674    9.685523    7.192702    1.967075    1.961048    1.727646    1.655896    0.827146    2.017191
Iteration: 665 bestvalit: 57.770000 bestmemit:    0.238854    0.055416    0.065721    0.058357    0.396149    0.347600    0.210943    0.183841    0.277403    0.105359    0.321594    0.485674    2.317199    0.056405    0.002726    0.001674    9.685523    7.192702    1.967075    1.961048    1.727646    1.655896    0.827146    2.017191
Iteration: 666 bestvalit: 57.770000 bestmemit:    0.238854    0.055416    0.065721    0.058357    0.396149    0.347600    0.210943    0.183841    0.277403    0.105359    0.321594    0.485674    2.317199    0.056405    0.002726    0.001674    9.685523    7.192702    1.967075    1.961048    1.727646    1.655896    0.827146    2.017191
Iteration: 667 bestvalit: 57.770000 bestmemit:    0.238854    0.055416    0.065721    0.058357    0.396149    0.347600    0.210943    0.183841    0.277403    0.105359    0.321594    0.485674    2.317199    0.056405    0.002726    0.001674    9.685523    7.192702    1.967075    1.961048    1.727646    1.655896    0.827146    2.017191
Iteration: 668 bestvalit: 57.770000 bestmemit:    0.238854    0.055416    0.065721    0.058357    0.396149    0.347600    0.210943    0.183841    0.277403    0.105359    0.321594    0.485674    2.317199    0.056405    0.002726    0.001674    9.685523    7.192702    1.967075    1.961048    1.727646    1.655896    0.827146    2.017191
Iteration: 669 bestvalit: 57.770000 bestmemit:    0.238854    0.055416    0.065721    0.058357    0.396149    0.347600    0.210943    0.183841    0.277403    0.105359    0.321594    0.485674    2.317199    0.056405    0.002726    0.001674    9.685523    7.192702    1.967075    1.961048    1.727646    1.655896    0.827146    2.017191
Iteration: 670 bestvalit: 57.770000 bestmemit:    0.238854    0.055416    0.065721    0.058357    0.396149    0.347600    0.210943    0.183841    0.277403    0.105359    0.321594    0.485674    2.317199    0.056405    0.002726    0.001674    9.685523    7.192702    1.967075    1.961048    1.727646    1.655896    0.827146    2.017191
Iteration: 671 bestvalit: 57.770000 bestmemit:    0.238854    0.055416    0.065721    0.058357    0.396149    0.347600    0.210943    0.183841    0.277403    0.105359    0.321594    0.485674    2.317199    0.056405    0.002726    0.001674    9.685523    7.192702    1.967075    1.961048    1.727646    1.655896    0.827146    2.017191
Iteration: 672 bestvalit: 57.770000 bestmemit:    0.238854    0.055416    0.065721    0.058357    0.396149    0.347600    0.210943    0.183841    0.277403    0.105359    0.321594    0.485674    2.317199    0.056405    0.002726    0.001674    9.685523    7.192702    1.967075    1.961048    1.727646    1.655896    0.827146    2.017191
Iteration: 673 bestvalit: 57.770000 bestmemit:    0.238854    0.055416    0.065721    0.058357    0.396149    0.347600    0.210943    0.183841    0.277403    0.105359    0.321594    0.485674    2.317199    0.056405    0.002726    0.001674    9.685523    7.192702    1.967075    1.961048    1.727646    1.655896    0.827146    2.017191
Iteration: 674 bestvalit: 57.770000 bestmemit:    0.238854    0.055416    0.065721    0.058357    0.396149    0.347600    0.210943    0.183841    0.277403    0.105359    0.321594    0.485674    2.317199    0.056405    0.002726    0.001674    9.685523    7.192702    1.967075    1.961048    1.727646    1.655896    0.827146    2.017191
Iteration: 675 bestvalit: 57.770000 bestmemit:    0.238854    0.055416    0.065721    0.058357    0.396149    0.347600    0.210943    0.183841    0.277403    0.105359    0.321594    0.485674    2.317199    0.056405    0.002726    0.001674    9.685523    7.192702    1.967075    1.961048    1.727646    1.655896    0.827146    2.017191
Iteration: 676 bestvalit: 57.770000 bestmemit:    0.238854    0.055416    0.065721    0.058357    0.396149    0.347600    0.210943    0.183841    0.277403    0.105359    0.321594    0.485674    2.317199    0.056405    0.002726    0.001674    9.685523    7.192702    1.967075    1.961048    1.727646    1.655896    0.827146    2.017191
Iteration: 677 bestvalit: 57.770000 bestmemit:    0.238854    0.055416    0.065721    0.058357    0.396149    0.347600    0.210943    0.183841    0.277403    0.105359    0.321594    0.485674    2.317199    0.056405    0.002726    0.001674    9.685523    7.192702    1.967075    1.961048    1.727646    1.655896    0.827146    2.017191
Iteration: 678 bestvalit: 57.770000 bestmemit:    0.238854    0.055416    0.065721    0.058357    0.396149    0.347600    0.210943    0.183841    0.277403    0.105359    0.321594    0.485674    2.317199    0.056405    0.002726    0.001674    9.685523    7.192702    1.967075    1.961048    1.727646    1.655896    0.827146    2.017191
Iteration: 679 bestvalit: 57.770000 bestmemit:    0.238854    0.055416    0.065721    0.058357    0.396149    0.347600    0.210943    0.183841    0.277403    0.105359    0.321594    0.485674    2.317199    0.056405    0.002726    0.001674    9.685523    7.192702    1.967075    1.961048    1.727646    1.655896    0.827146    2.017191
Iteration: 680 bestvalit: 57.770000 bestmemit:    0.238854    0.055416    0.065721    0.058357    0.396149    0.347600    0.210943    0.183841    0.277403    0.105359    0.321594    0.485674    2.317199    0.056405    0.002726    0.001674    9.685523    7.192702    1.967075    1.961048    1.727646    1.655896    0.827146    2.017191
Iteration: 681 bestvalit: 57.765000 bestmemit:    0.238854    0.055416    0.065721    0.058357    0.396149    0.347600    0.210943    0.183841    0.277403    0.105359    0.321594    0.485674    2.317199    0.056405    0.002726    0.001674    9.685523    7.192702    1.967075    1.961048    1.727646    1.656324    0.827146    2.017191
Iteration: 682 bestvalit: 57.765000 bestmemit:    0.238854    0.055416    0.065721    0.058357    0.396149    0.347600    0.210943    0.183841    0.277403    0.105359    0.321594    0.485674    2.317199    0.056405    0.002726    0.001674    9.685523    7.192702    1.967075    1.961048    1.727646    1.656324    0.827146    2.017191
Iteration: 683 bestvalit: 57.765000 bestmemit:    0.238854    0.055416    0.065721    0.058357    0.396149    0.347600    0.210943    0.183841    0.277403    0.105359    0.321594    0.485674    2.317199    0.056405    0.002726    0.001674    9.685523    7.192702    1.967075    1.961048    1.727646    1.656324    0.827146    2.017191
Iteration: 684 bestvalit: 57.765000 bestmemit:    0.238854    0.055416    0.065721    0.058357    0.396149    0.347600    0.210943    0.183841    0.277403    0.105359    0.321594    0.485674    2.317199    0.056405    0.002726    0.001674    9.685523    7.192702    1.967075    1.961048    1.727646    1.656324    0.827146    2.017191
Iteration: 685 bestvalit: 57.765000 bestmemit:    0.238854    0.055416    0.065721    0.058357    0.396149    0.347600    0.210943    0.183841    0.277403    0.105359    0.321594    0.485674    2.317199    0.056405    0.002726    0.001674    9.685523    7.192702    1.967075    1.961048    1.727646    1.656324    0.827146    2.017191
Iteration: 686 bestvalit: 57.765000 bestmemit:    0.238854    0.055416    0.065721    0.058357    0.396149    0.347600    0.210943    0.183841    0.277403    0.105359    0.321594    0.485674    2.317199    0.056405    0.002726    0.001674    9.685523    7.192702    1.967075    1.961048    1.727646    1.656324    0.827146    2.017191
Iteration: 687 bestvalit: 57.765000 bestmemit:    0.238854    0.055416    0.065721    0.058357    0.396149    0.347600    0.210943    0.183841    0.277403    0.105359    0.321594    0.485674    2.317199    0.056405    0.002726    0.001674    9.685523    7.192702    1.967075    1.961048    1.727646    1.656324    0.827146    2.017191
Iteration: 688 bestvalit: 57.765000 bestmemit:    0.238854    0.055416    0.065721    0.058357    0.396149    0.347600    0.210943    0.183841    0.277403    0.105359    0.321594    0.485674    2.317199    0.056405    0.002726    0.001674    9.685523    7.192702    1.967075    1.961048    1.727646    1.656324    0.827146    2.017191
Iteration: 689 bestvalit: 57.765000 bestmemit:    0.238854    0.055416    0.065721    0.058357    0.396149    0.347600    0.210943    0.183841    0.277403    0.105359    0.321594    0.485674    2.317199    0.056405    0.002726    0.001674    9.685523    7.192702    1.967075    1.961048    1.727646    1.656324    0.827146    2.017191
Iteration: 690 bestvalit: 57.765000 bestmemit:    0.238854    0.055416    0.065721    0.058357    0.396149    0.347600    0.210943    0.183841    0.277403    0.105359    0.321594    0.485674    2.317199    0.056405    0.002726    0.001674    9.685523    7.192702    1.967075    1.961048    1.727646    1.656324    0.827146    2.017191
Iteration: 691 bestvalit: 57.765000 bestmemit:    0.238854    0.055416    0.065721    0.058357    0.396149    0.347600    0.210943    0.183841    0.277403    0.105359    0.321594    0.485674    2.317199    0.056405    0.002726    0.001674    9.685523    7.192702    1.967075    1.961048    1.727646    1.656324    0.827146    2.017191
Iteration: 692 bestvalit: 57.765000 bestmemit:    0.238854    0.055416    0.065721    0.058357    0.396149    0.347600    0.210943    0.183841    0.277403    0.105359    0.321594    0.485674    2.317199    0.056405    0.002726    0.001674    9.685523    7.192702    1.967075    1.961048    1.727646    1.656324    0.827146    2.017191
Iteration: 693 bestvalit: 57.765000 bestmemit:    0.238854    0.055416    0.065721    0.058357    0.396149    0.347600    0.210943    0.183841    0.277403    0.105359    0.321594    0.485674    2.317199    0.056405    0.002726    0.001674    9.685523    7.192702    1.967075    1.961048    1.727646    1.656324    0.827146    2.017191
Iteration: 694 bestvalit: 57.765000 bestmemit:    0.238854    0.055416    0.065721    0.058357    0.396149    0.347600    0.210943    0.183841    0.277403    0.105359    0.321594    0.485674    2.317199    0.056405    0.002726    0.001674    9.685523    7.192702    1.967075    1.961048    1.727646    1.656324    0.827146    2.017191
Iteration: 695 bestvalit: 57.765000 bestmemit:    0.238854    0.055416    0.065721    0.058357    0.396149    0.347600    0.210943    0.183841    0.277403    0.105359    0.321594    0.485674    2.317199    0.056405    0.002726    0.001674    9.685523    7.192702    1.967075    1.961048    1.727646    1.656324    0.827146    2.017191
Iteration: 696 bestvalit: 57.765000 bestmemit:    0.238854    0.055416    0.065721    0.058357    0.396149    0.347600    0.210943    0.183841    0.277403    0.105359    0.321594    0.485674    2.317199    0.056405    0.002726    0.001674    9.685523    7.192702    1.967075    1.961048    1.727646    1.656324    0.827146    2.017191
Iteration: 697 bestvalit: 57.765000 bestmemit:    0.238854    0.055416    0.065721    0.058357    0.396149    0.347600    0.210943    0.183841    0.277403    0.105359    0.321594    0.485674    2.317199    0.056405    0.002726    0.001674    9.685523    7.192702    1.967075    1.961048    1.727646    1.656324    0.827146    2.017191
Iteration: 698 bestvalit: 57.765000 bestmemit:    0.238854    0.055416    0.065721    0.058357    0.396149    0.347600    0.210943    0.183841    0.277403    0.105359    0.321594    0.485674    2.317199    0.056405    0.002726    0.001674    9.685523    7.192702    1.967075    1.961048    1.727646    1.656324    0.827146    2.017191
Iteration: 699 bestvalit: 57.765000 bestmemit:    0.238854    0.055416    0.065721    0.058357    0.396149    0.347600    0.210943    0.183841    0.277403    0.105359    0.321594    0.485674    2.317199    0.056405    0.002726    0.001674    9.685523    7.192702    1.967075    1.961048    1.727646    1.656324    0.827146    2.017191
Iteration: 700 bestvalit: 57.765000 bestmemit:    0.238854    0.055416    0.065721    0.058357    0.396149    0.347600    0.210943    0.183841    0.277403    0.105359    0.321594    0.485674    2.317199    0.056405    0.002726    0.001674    9.685523    7.192702    1.967075    1.961048    1.727646    1.656324    0.827146    2.017191
Iteration: 701 bestvalit: 57.765000 bestmemit:    0.238854    0.055416    0.065721    0.058357    0.396149    0.347600    0.210943    0.183841    0.277403    0.105359    0.321594    0.485674    2.317199    0.056405    0.002726    0.001674    9.685523    7.192702    1.967075    1.961048    1.727646    1.656324    0.827146    2.017191
Iteration: 702 bestvalit: 57.765000 bestmemit:    0.238854    0.055416    0.065721    0.058357    0.396149    0.347600    0.210943    0.183841    0.277403    0.105359    0.321594    0.485674    2.317199    0.056405    0.002726    0.001674    9.685523    7.192702    1.967075    1.961048    1.727646    1.656324    0.827146    2.017191
Iteration: 703 bestvalit: 57.765000 bestmemit:    0.238854    0.055416    0.065721    0.058357    0.396149    0.347600    0.210943    0.183841    0.277403    0.105359    0.321594    0.485674    2.317199    0.056405    0.002726    0.001674    9.685523    7.192702    1.967075    1.961048    1.727646    1.656324    0.827146    2.017191
Iteration: 704 bestvalit: 57.765000 bestmemit:    0.238854    0.055416    0.065721    0.058357    0.396149    0.347600    0.210943    0.183841    0.277403    0.105359    0.321594    0.485674    2.317199    0.056405    0.002726    0.001674    9.685523    7.192702    1.967075    1.961048    1.727646    1.656324    0.827146    2.017191
Iteration: 705 bestvalit: 57.765000 bestmemit:    0.238854    0.055416    0.065721    0.058357    0.396149    0.347600    0.210943    0.183841    0.277403    0.105359    0.321594    0.485674    2.317199    0.056405    0.002726    0.001674    9.685523    7.192702    1.967075    1.961048    1.727646    1.653986    0.827146    2.017191
Iteration: 706 bestvalit: 57.765000 bestmemit:    0.238854    0.055416    0.065721    0.058357    0.396149    0.347600    0.210943    0.183841    0.277403    0.105359    0.321594    0.485674    2.317199    0.056405    0.002726    0.001674    9.685523    7.192702    1.967075    1.961048    1.727646    1.653986    0.827146    2.017191
Iteration: 707 bestvalit: 57.765000 bestmemit:    0.238854    0.055416    0.065721    0.058357    0.396149    0.347600    0.210943    0.183841    0.277403    0.105359    0.321594    0.485674    2.317199    0.056405    0.002726    0.001674    9.685523    7.192702    1.967075    1.961048    1.727646    1.653986    0.827146    2.017191
Iteration: 708 bestvalit: 57.765000 bestmemit:    0.238854    0.055416    0.065721    0.058357    0.396149    0.347600    0.210943    0.183841    0.277403    0.105359    0.321594    0.485674    2.317199    0.056405    0.002726    0.001674    9.685523    7.192702    1.967075    1.961048    1.727646    1.653986    0.827146    2.017191
Iteration: 709 bestvalit: 57.755000 bestmemit:    0.238854    0.055416    0.065721    0.058357    0.396149    0.347600    0.210943    0.183841    0.277403    0.105359    0.321594    0.485674    2.317199    0.056405    0.002726    0.001674    9.685523    7.192702    1.967075    1.961048    1.727646    1.659011    0.827146    2.017191
Iteration: 710 bestvalit: 57.755000 bestmemit:    0.238854    0.055416    0.065721    0.058357    0.396149    0.347600    0.210943    0.183841    0.277403    0.105359    0.321594    0.485674    2.317199    0.056405    0.002726    0.001674    9.685523    7.192702    1.967075    1.961048    1.727646    1.659011    0.827146    2.017191
Iteration: 711 bestvalit: 57.755000 bestmemit:    0.238854    0.055416    0.065721    0.058357    0.396149    0.347600    0.210943    0.183841    0.277403    0.105359    0.321594    0.485674    2.317199    0.056405    0.002726    0.001674    9.685523    7.192702    1.967075    1.961048    1.727646    1.659011    0.827146    2.017191
Iteration: 712 bestvalit: 57.755000 bestmemit:    0.238854    0.055416    0.065721    0.058357    0.396149    0.347600    0.210943    0.183841    0.277403    0.105359    0.321594    0.485674    2.317199    0.056405    0.002726    0.001674    9.685523    7.192702    1.967075    1.961048    1.727646    1.659011    0.827146    2.017191
Iteration: 713 bestvalit: 57.755000 bestmemit:    0.238854    0.055416    0.065721    0.058357    0.396149    0.347600    0.210943    0.183841    0.277403    0.105359    0.321594    0.485674    2.317199    0.056405    0.002726    0.001674    9.685523    7.192702    1.967075    1.961048    1.727646    1.659011    0.827146    2.017191
Iteration: 714 bestvalit: 57.755000 bestmemit:    0.238854    0.055416    0.065721    0.058357    0.396149    0.347600    0.210943    0.183841    0.277403    0.105359    0.321594    0.485674    2.317199    0.056405    0.002726    0.001674    9.685523    7.192702    1.967075    1.961048    1.727646    1.659011    0.827146    2.017191
Iteration: 715 bestvalit: 57.755000 bestmemit:    0.238854    0.055416    0.065721    0.058357    0.396149    0.347600    0.210943    0.183841    0.277403    0.105359    0.321594    0.485674    2.317199    0.056405    0.002726    0.001674    9.685523    7.192702    1.967075    1.961048    1.727646    1.659011    0.827146    2.017191
Iteration: 716 bestvalit: 57.755000 bestmemit:    0.238854    0.055416    0.065721    0.058357    0.396149    0.347600    0.210943    0.183841    0.277403    0.105359    0.321594    0.485674    2.317199    0.056405    0.002726    0.001674    9.685523    7.192702    1.967075    1.961048    1.727646    1.659011    0.827146    2.017191
Iteration: 717 bestvalit: 57.755000 bestmemit:    0.238854    0.055416    0.065721    0.058357    0.396149    0.347600    0.210943    0.183841    0.277403    0.105359    0.321594    0.485674    2.317199    0.056405    0.002726    0.001674    9.685523    7.192702    1.967075    1.961048    1.727646    1.659011    0.827146    2.017191
Iteration: 718 bestvalit: 57.755000 bestmemit:    0.238854    0.055416    0.065721    0.058357    0.396149    0.347600    0.210943    0.183841    0.277403    0.105359    0.321594    0.485674    2.317199    0.056405    0.002726    0.001674    9.685523    7.192702    1.967075    1.961048    1.727646    1.659011    0.827146    2.017191
Iteration: 719 bestvalit: 57.755000 bestmemit:    0.238854    0.055416    0.065721    0.058357    0.396149    0.347600    0.210943    0.183841    0.277403    0.105359    0.321594    0.485674    2.317199    0.056405    0.002726    0.001674    9.685523    7.192702    1.967075    1.961048    1.727646    1.659011    0.827146    2.017191
Iteration: 720 bestvalit: 57.755000 bestmemit:    0.238854    0.055416    0.065721    0.058357    0.396149    0.347600    0.210943    0.183841    0.277403    0.105359    0.321594    0.485674    2.317199    0.056405    0.002726    0.001674    9.685523    7.192702    1.967075    1.961048    1.727646    1.659011    0.827146    2.017191
Iteration: 721 bestvalit: 57.755000 bestmemit:    0.238854    0.055416    0.065721    0.058357    0.396149    0.347600    0.210943    0.183841    0.277403    0.105359    0.321594    0.485674    2.317199    0.056405    0.002726    0.001674    9.685523    7.192702    1.967075    1.961048    1.727646    1.659011    0.827146    2.017191
Iteration: 722 bestvalit: 57.755000 bestmemit:    0.238854    0.055416    0.065721    0.058357    0.396149    0.347600    0.210943    0.183841    0.277403    0.105359    0.321594    0.485674    2.317199    0.056405    0.002726    0.001674    9.685523    7.192702    1.967075    1.961048    1.727646    1.659011    0.827146    2.017191
Iteration: 723 bestvalit: 57.755000 bestmemit:    0.238854    0.055416    0.065721    0.058357    0.396149    0.347600    0.210943    0.183841    0.277403    0.105359    0.321594    0.485674    2.317199    0.056405    0.002726    0.001674    9.685523    7.192702    1.967075    1.961048    1.727646    1.659011    0.827146    2.017191
Iteration: 724 bestvalit: 57.755000 bestmemit:    0.238854    0.055416    0.065721    0.058357    0.396149    0.347600    0.210943    0.183841    0.277403    0.105359    0.321594    0.485674    2.317199    0.056405    0.002726    0.001674    9.685523    7.192702    1.967075    1.961048    1.727646    1.659011    0.827146    2.017191
Iteration: 725 bestvalit: 57.755000 bestmemit:    0.238854    0.055416    0.065721    0.058357    0.396149    0.347600    0.210943    0.183841    0.277403    0.105359    0.321594    0.485674    2.317199    0.056405    0.002726    0.001674    9.685523    7.192702    1.967075    1.961048    1.727646    1.659011    0.827146    2.017191
Iteration: 726 bestvalit: 57.755000 bestmemit:    0.238854    0.055416    0.065721    0.058357    0.396149    0.347600    0.210943    0.183841    0.277403    0.105359    0.321594    0.485674    2.317199    0.056405    0.002726    0.001674    9.685523    7.192702    1.967075    1.961048    1.727646    1.659011    0.827146    2.017191
Iteration: 727 bestvalit: 57.755000 bestmemit:    0.238854    0.055416    0.065721    0.058357    0.396149    0.347600    0.210943    0.183841    0.277403    0.105359    0.321594    0.485674    2.317199    0.056405    0.002726    0.001674    9.685523    7.192702    1.967075    1.961048    1.727646    1.659011    0.827146    2.017191
Iteration: 728 bestvalit: 57.755000 bestmemit:    0.238854    0.055416    0.065721    0.058357    0.396149    0.347600    0.210943    0.183841    0.277403    0.105359    0.321594    0.485674    2.317199    0.056405    0.002726    0.001674    9.685523    7.192702    1.967075    1.961048    1.727646    1.659011    0.827146    2.017191
Iteration: 729 bestvalit: 57.755000 bestmemit:    0.238854    0.055416    0.065721    0.058357    0.396149    0.347600    0.210943    0.183841    0.277403    0.105359    0.321594    0.485674    2.317199    0.056405    0.002726    0.001674    9.685523    7.192702    1.967075    1.961048    1.727646    1.659011    0.827146    2.017191
Iteration: 730 bestvalit: 57.755000 bestmemit:    0.238854    0.055416    0.065721    0.058357    0.396149    0.347600    0.210943    0.183841    0.277403    0.105359    0.321594    0.485674    2.317199    0.056405    0.002726    0.001674    9.685523    7.192702    1.967075    1.961048    1.727646    1.659011    0.827146    2.017191
Iteration: 731 bestvalit: 57.755000 bestmemit:    0.238854    0.055416    0.065721    0.058357    0.396149    0.347600    0.210943    0.183841    0.277403    0.105359    0.321594    0.485674    2.317199    0.056405    0.002726    0.001674    9.685523    7.192702    1.967075    1.961048    1.727646    1.659011    0.827146    2.017191
Iteration: 732 bestvalit: 57.755000 bestmemit:    0.238854    0.055416    0.065721    0.058357    0.396149    0.347600    0.210943    0.183841    0.277403    0.105359    0.321594    0.485674    2.317199    0.056405    0.002726    0.001674    9.685523    7.192702    1.967075    1.961048    1.727646    1.659011    0.827146    2.017191
Iteration: 733 bestvalit: 57.755000 bestmemit:    0.238854    0.055416    0.065721    0.058357    0.396149    0.347600    0.210943    0.183841    0.277403    0.105359    0.321594    0.485674    2.317199    0.056405    0.002726    0.001674    9.685523    7.192702    1.967075    1.961048    1.727646    1.659011    0.827146    2.017191
Iteration: 734 bestvalit: 57.755000 bestmemit:    0.238854    0.055416    0.065721    0.058357    0.396149    0.347600    0.210943    0.183841    0.277403    0.105359    0.321594    0.485674    2.317199    0.056405    0.002726    0.001674    9.685523    7.192702    1.967075    1.961048    1.727646    1.659011    0.827146    2.017191
Iteration: 735 bestvalit: 57.755000 bestmemit:    0.238854    0.055416    0.065721    0.058357    0.396149    0.347600    0.210943    0.183841    0.277403    0.105359    0.321594    0.485674    2.317199    0.056405    0.002726    0.001674    9.685523    7.192702    1.967075    1.961048    1.727646    1.659011    0.827146    2.017191
Iteration: 736 bestvalit: 57.755000 bestmemit:    0.238854    0.055416    0.065721    0.058357    0.396149    0.347600    0.210943    0.183841    0.277403    0.105359    0.321594    0.485674    2.317199    0.056405    0.002726    0.001674    9.685523    7.192702    1.967075    1.961048    1.727646    1.659011    0.827146    2.017191
Iteration: 737 bestvalit: 57.755000 bestmemit:    0.238854    0.055416    0.065721    0.058357    0.396149    0.347600    0.210943    0.183841    0.277403    0.105359    0.321594    0.485674    2.317199    0.056405    0.002726    0.001674    9.685523    7.192702    1.967075    1.961048    1.727646    1.659011    0.827146    2.017191
Iteration: 738 bestvalit: 57.755000 bestmemit:    0.238854    0.055416    0.065721    0.058357    0.396149    0.347600    0.210943    0.183841    0.277403    0.105359    0.321594    0.485674    2.317199    0.056405    0.002726    0.001674    9.685523    7.192702    1.967075    1.961048    1.727646    1.659011    0.827146    2.017191
Iteration: 739 bestvalit: 57.755000 bestmemit:    0.238854    0.055416    0.065721    0.058357    0.396149    0.347600    0.210943    0.183841    0.277403    0.105359    0.321594    0.485674    2.317199    0.056405    0.002726    0.001674    9.685523    7.192702    1.967075    1.961048    1.727646    1.659011    0.827146    2.017191
Iteration: 740 bestvalit: 57.755000 bestmemit:    0.238854    0.055416    0.065721    0.058357    0.396149    0.347600    0.210943    0.183841    0.277403    0.105359    0.321594    0.485674    2.317199    0.056405    0.002726    0.001674    9.685523    7.192702    1.967075    1.961048    1.727646    1.659011    0.827146    2.017191
Iteration: 741 bestvalit: 57.755000 bestmemit:    0.238854    0.055416    0.065721    0.058357    0.396149    0.347600    0.210943    0.183841    0.277403    0.105359    0.321594    0.485674    2.317199    0.056405    0.002726    0.001674    9.685523    7.192702    1.967075    1.961048    1.727646    1.659011    0.827146    2.017191
Iteration: 742 bestvalit: 57.755000 bestmemit:    0.238854    0.055416    0.065721    0.058357    0.396149    0.347600    0.210943    0.183841    0.277403    0.105359    0.321594    0.485674    2.317199    0.056405    0.002726    0.001674    9.685523    7.192702    1.967075    1.961048    1.727646    1.659011    0.827146    2.017191
Iteration: 743 bestvalit: 57.755000 bestmemit:    0.238854    0.055416    0.065721    0.058357    0.396149    0.347600    0.210943    0.183841    0.277403    0.105359    0.321594    0.485674    2.317199    0.056405    0.002726    0.001674    9.685523    7.192702    1.967075    1.961048    1.727646    1.659011    0.827146    2.017191
Iteration: 744 bestvalit: 57.755000 bestmemit:    0.238854    0.055416    0.065721    0.058357    0.396149    0.347600    0.210943    0.183841    0.277403    0.105359    0.321594    0.485674    2.317199    0.056405    0.002726    0.001674    9.685523    7.192702    1.967075    1.961048    1.727646    1.659011    0.827146    2.017191
Iteration: 745 bestvalit: 57.755000 bestmemit:    0.238854    0.055416    0.065721    0.058357    0.396149    0.347600    0.210943    0.183841    0.277403    0.105359    0.321594    0.485674    2.317199    0.056405    0.002726    0.001674    9.685523    7.192702    1.967075    1.961048    1.727646    1.659011    0.827146    2.017191
Iteration: 746 bestvalit: 57.755000 bestmemit:    0.238854    0.055416    0.065721    0.058357    0.396149    0.347600    0.210943    0.183841    0.277403    0.105359    0.321594    0.485674    2.317199    0.056405    0.002726    0.001674    9.685523    7.192702    1.967075    1.961048    1.727646    1.659011    0.827146    2.017191
Iteration: 747 bestvalit: 57.755000 bestmemit:    0.238854    0.055416    0.065721    0.058357    0.396149    0.347600    0.210943    0.183841    0.277403    0.105359    0.321594    0.485674    2.317199    0.056405    0.002726    0.001674    9.685523    7.192702    1.967075    1.961048    1.727646    1.659011    0.827146    2.017191
Iteration: 748 bestvalit: 57.755000 bestmemit:    0.238854    0.055416    0.065721    0.058357    0.396149    0.347600    0.210943    0.183841    0.277403    0.105359    0.321594    0.485674    2.317199    0.056405    0.002726    0.001674    9.685523    7.192702    1.967075    1.961048    1.727646    1.659011    0.827146    2.017191
Iteration: 749 bestvalit: 57.755000 bestmemit:    0.238854    0.055416    0.065721    0.058357    0.396149    0.347600    0.210943    0.183841    0.277403    0.105359    0.321594    0.485674    2.317199    0.056405    0.002726    0.001674    9.685523    7.192702    1.967075    1.961048    1.727646    1.659011    0.827146    2.017191
Iteration: 750 bestvalit: 57.755000 bestmemit:    0.238854    0.055416    0.065721    0.058357    0.396149    0.347600    0.210943    0.183841    0.277403    0.105359    0.321594    0.485674    2.317199    0.056405    0.002726    0.001674    9.685523    7.192702    1.967075    1.961048    1.727646    1.659011    0.827146    2.017191
Iteration: 751 bestvalit: 57.755000 bestmemit:    0.238854    0.055416    0.065721    0.058357    0.396149    0.347600    0.210943    0.183841    0.277403    0.105359    0.321594    0.485674    2.317199    0.056405    0.002726    0.001674    9.685523    7.192702    1.967075    1.961048    1.727646    1.659011    0.827146    2.017191
Iteration: 752 bestvalit: 57.755000 bestmemit:    0.238854    0.055416    0.065721    0.058357    0.396149    0.347600    0.210943    0.183841    0.277403    0.105359    0.321594    0.485674    2.317199    0.056405    0.002726    0.001674    9.685523    7.192702    1.967075    1.961048    1.727646    1.659011    0.827146    2.017191
Iteration: 753 bestvalit: 57.755000 bestmemit:    0.238854    0.055416    0.065721    0.058357    0.396149    0.347600    0.210943    0.183841    0.277403    0.105359    0.321594    0.485674    2.317199    0.056405    0.002726    0.001674    9.685523    7.192702    1.967075    1.961048    1.727646    1.659011    0.827146    2.017191
Iteration: 754 bestvalit: 57.755000 bestmemit:    0.238854    0.055416    0.065721    0.058357    0.396149    0.347600    0.210943    0.183841    0.277403    0.105359    0.321594    0.485674    2.317199    0.056405    0.002726    0.001674    9.685523    7.192702    1.967075    1.961048    1.727646    1.659011    0.827146    2.017191
Iteration: 755 bestvalit: 57.755000 bestmemit:    0.238854    0.055416    0.065721    0.058357    0.396149    0.347600    0.210943    0.183841    0.277403    0.105359    0.321594    0.485674    2.317199    0.056405    0.002726    0.001674    9.685523    7.192702    1.967075    1.961048    1.727646    1.659011    0.827146    2.017191
Iteration: 756 bestvalit: 57.755000 bestmemit:    0.238854    0.055416    0.065721    0.058357    0.396149    0.347600    0.210943    0.183841    0.277403    0.105359    0.321594    0.485674    2.317199    0.056405    0.002726    0.001674    9.685523    7.192702    1.967075    1.961048    1.727646    1.659011    0.827146    2.017191
Iteration: 757 bestvalit: 57.755000 bestmemit:    0.238854    0.055416    0.065721    0.058357    0.396149    0.347600    0.210943    0.183841    0.277403    0.105359    0.321594    0.485674    2.317199    0.056405    0.002726    0.001674    9.685523    7.192702    1.967075    1.961048    1.727646    1.659011    0.827146    2.017191
Iteration: 758 bestvalit: 57.755000 bestmemit:    0.238854    0.055416    0.065721    0.058357    0.396149    0.347600    0.210943    0.183841    0.277403    0.105359    0.321594    0.485674    2.317199    0.056405    0.002726    0.001674    9.685523    7.192702    1.967075    1.961048    1.727646    1.659011    0.827146    2.017191
Iteration: 759 bestvalit: 57.755000 bestmemit:    0.238854    0.055416    0.065721    0.058357    0.396149    0.347600    0.210943    0.183841    0.277403    0.105359    0.321594    0.485674    2.317199    0.056405    0.002726    0.001674    9.685523    7.192702    1.967075    1.961048    1.727646    1.659011    0.827146    2.017191
Iteration: 760 bestvalit: 57.755000 bestmemit:    0.238854    0.055416    0.065721    0.058357    0.396149    0.347600    0.210943    0.183841    0.277403    0.105359    0.321594    0.485674    2.317199    0.056405    0.002726    0.001674    9.685523    7.192702    1.967075    1.961048    1.727646    1.659011    0.827146    2.017191
Iteration: 761 bestvalit: 57.755000 bestmemit:    0.238854    0.055416    0.065721    0.058357    0.396149    0.347600    0.210943    0.183841    0.277403    0.105359    0.321594    0.485674    2.317199    0.056405    0.002726    0.001674    9.685523    7.192702    1.967075    1.961048    1.727646    1.659011    0.827146    2.017191
Iteration: 762 bestvalit: 57.755000 bestmemit:    0.238854    0.055416    0.065721    0.058357    0.396149    0.347600    0.210943    0.183841    0.277403    0.105359    0.321594    0.485674    2.317199    0.056405    0.002726    0.001674    9.685523    7.192702    1.967075    1.961048    1.727646    1.659011    0.827146    2.017191
Iteration: 763 bestvalit: 57.755000 bestmemit:    0.238854    0.055416    0.065721    0.058357    0.396149    0.347600    0.210943    0.183841    0.277403    0.105359    0.321594    0.485674    2.317199    0.056405    0.002726    0.001674    9.685523    7.192702    1.967075    1.961048    1.727646    1.659011    0.827146    2.017191
Iteration: 764 bestvalit: 57.755000 bestmemit:    0.238854    0.055416    0.065721    0.058357    0.396149    0.347600    0.210943    0.183841    0.277403    0.105359    0.321594    0.485674    2.317199    0.056405    0.002726    0.001674    9.685523    7.192702    1.967075    1.961048    1.727646    1.659011    0.827146    2.017191
Iteration: 765 bestvalit: 57.755000 bestmemit:    0.238854    0.055416    0.065721    0.058357    0.396149    0.347600    0.210943    0.183841    0.277403    0.105359    0.321594    0.485674    2.317199    0.056405    0.002726    0.001674    9.685523    7.192702    1.967075    1.961048    1.727646    1.659011    0.827146    2.017191
Iteration: 766 bestvalit: 57.755000 bestmemit:    0.238854    0.055416    0.065721    0.058357    0.396149    0.347600    0.210943    0.183841    0.277403    0.105359    0.321594    0.485674    2.317199    0.056405    0.002726    0.001674    9.685523    7.192702    1.967075    1.961048    1.727646    1.659011    0.827146    2.017191
Iteration: 767 bestvalit: 57.755000 bestmemit:    0.238854    0.055416    0.065721    0.058357    0.396149    0.347600    0.210943    0.183841    0.277403    0.105359    0.321594    0.485674    2.317199    0.056405    0.002726    0.001674    9.685523    7.192702    1.967075    1.961048    1.727646    1.659011    0.827146    2.017191
Iteration: 768 bestvalit: 57.755000 bestmemit:    0.238854    0.055416    0.065721    0.058357    0.396149    0.347600    0.210943    0.183841    0.277403    0.105359    0.321594    0.485674    2.317199    0.056405    0.002726    0.001674    9.685523    7.192702    1.967075    1.961048    1.727646    1.659011    0.827146    2.017191
Iteration: 769 bestvalit: 57.755000 bestmemit:    0.238854    0.055416    0.065721    0.058357    0.396149    0.347600    0.210943    0.183841    0.277403    0.105359    0.321594    0.485674    2.317199    0.056405    0.002726    0.001674    9.685523    7.192702    1.967075    1.961048    1.727646    1.659011    0.827146    2.017191
Iteration: 770 bestvalit: 57.755000 bestmemit:    0.238854    0.055416    0.065721    0.058357    0.396149    0.347600    0.210943    0.183841    0.277403    0.105359    0.321594    0.485674    2.317199    0.056405    0.002726    0.001674    9.685523    7.192702    1.967075    1.961048    1.727646    1.659011    0.827146    2.017191
Iteration: 771 bestvalit: 57.755000 bestmemit:    0.238854    0.055416    0.065721    0.058357    0.396149    0.347600    0.210943    0.183841    0.277403    0.105359    0.321594    0.485674    2.317199    0.056405    0.002726    0.001674    9.685523    7.192702    1.967075    1.961048    1.727646    1.659011    0.827146    2.017191
Iteration: 772 bestvalit: 57.755000 bestmemit:    0.238854    0.055416    0.065721    0.058357    0.396149    0.347600    0.210943    0.183841    0.277403    0.105359    0.321594    0.485674    2.317199    0.056405    0.002726    0.001674    9.685523    7.192702    1.967075    1.961048    1.727646    1.659011    0.827146    2.017191
Iteration: 773 bestvalit: 57.755000 bestmemit:    0.238854    0.055416    0.065721    0.058357    0.396149    0.347600    0.210943    0.183841    0.277403    0.105359    0.321594    0.485674    2.317199    0.056405    0.002726    0.001674    9.685523    7.192702    1.967075    1.961048    1.727646    1.659011    0.827146    2.017191
Iteration: 774 bestvalit: 57.755000 bestmemit:    0.238854    0.055416    0.065721    0.058357    0.396149    0.347600    0.210943    0.183841    0.277403    0.105359    0.321594    0.485674    2.317199    0.056405    0.002726    0.001674    9.685523    7.192702    1.967075    1.961048    1.727646    1.659011    0.827146    2.017191
Iteration: 775 bestvalit: 57.755000 bestmemit:    0.238854    0.055416    0.065721    0.058357    0.396149    0.347600    0.210943    0.183841    0.277403    0.105359    0.321594    0.485674    2.317199    0.056405    0.002726    0.001674    9.685523    7.192702    1.967075    1.961048    1.727646    1.659011    0.827146    2.017191
Iteration: 776 bestvalit: 57.755000 bestmemit:    0.238854    0.055416    0.065721    0.058357    0.396149    0.347600    0.210943    0.183841    0.277403    0.105359    0.321594    0.485674    2.317199    0.056405    0.002726    0.001674    9.685523    7.192702    1.967075    1.961048    1.727646    1.659011    0.827146    2.017191
Iteration: 777 bestvalit: 57.735000 bestmemit:    0.238854    0.055416    0.065721    0.058357    0.396149    0.347600    0.210943    0.183841    0.277403    0.105359    0.321594    0.485674    2.317199    0.056405    0.002726    0.001674    9.685523    7.172839    1.967075    1.961048    1.727646    1.659011    0.827146    2.017191
Iteration: 778 bestvalit: 57.735000 bestmemit:    0.238854    0.055416    0.065721    0.058357    0.396149    0.347600    0.210943    0.183841    0.277403    0.105359    0.321594    0.485674    2.317199    0.056405    0.002726    0.001674    9.685523    7.172839    1.967075    1.961048    1.727646    1.659011    0.827146    2.017191
Iteration: 779 bestvalit: 57.735000 bestmemit:    0.238854    0.055416    0.065721    0.058357    0.396149    0.347600    0.210943    0.183841    0.277403    0.105359    0.321594    0.485674    2.317199    0.056405    0.002726    0.001674    9.685523    7.172839    1.967075    1.961048    1.727646    1.659011    0.827146    2.017191
Iteration: 780 bestvalit: 57.735000 bestmemit:    0.238854    0.055416    0.065721    0.058357    0.396149    0.347600    0.210943    0.183841    0.277403    0.105359    0.321594    0.485674    2.317199    0.056405    0.002726    0.001674    9.685523    7.172839    1.967075    1.961048    1.727646    1.659011    0.827146    2.017191
Iteration: 781 bestvalit: 57.735000 bestmemit:    0.238854    0.055416    0.065721    0.058357    0.396149    0.347600    0.210943    0.183841    0.277403    0.105359    0.321594    0.485674    2.317199    0.056405    0.002726    0.001674    9.685523    7.172839    1.967075    1.961048    1.727646    1.659011    0.827146    2.017191
Iteration: 782 bestvalit: 57.735000 bestmemit:    0.238854    0.055416    0.065721    0.058357    0.396149    0.347600    0.210943    0.183841    0.277403    0.105359    0.321594    0.485674    2.317199    0.056405    0.002726    0.001674    9.685523    7.172839    1.967075    1.961048    1.727646    1.659011    0.827146    2.017191
Iteration: 783 bestvalit: 57.735000 bestmemit:    0.238854    0.055416    0.065721    0.058357    0.396149    0.347600    0.210943    0.183841    0.277403    0.105359    0.321594    0.485674    2.317199    0.056405    0.002726    0.001674    9.685523    7.172839    1.967075    1.961048    1.727646    1.659011    0.827146    2.017191
Iteration: 784 bestvalit: 57.735000 bestmemit:    0.238854    0.055416    0.065721    0.058357    0.396149    0.347600    0.210943    0.183841    0.277403    0.105359    0.321594    0.485674    2.317199    0.056405    0.002726    0.001674    9.685523    7.172839    1.967075    1.961048    1.727646    1.659011    0.827146    2.017191
Iteration: 785 bestvalit: 57.735000 bestmemit:    0.238854    0.055416    0.065721    0.058357    0.396149    0.347600    0.210943    0.183841    0.277403    0.105359    0.321594    0.485674    2.317199    0.056405    0.002726    0.001674    9.685523    7.172839    1.967075    1.961048    1.727646    1.659011    0.827146    2.017191
Iteration: 786 bestvalit: 57.735000 bestmemit:    0.238854    0.055416    0.065721    0.058357    0.396149    0.347600    0.210943    0.183841    0.277403    0.105359    0.321594    0.485674    2.317199    0.056405    0.002726    0.001674    9.685523    7.172839    1.967075    1.961048    1.727646    1.659011    0.827146    2.017191
Iteration: 787 bestvalit: 57.735000 bestmemit:    0.238854    0.055416    0.065721    0.058357    0.396149    0.347600    0.210943    0.183841    0.277403    0.105359    0.321594    0.485674    2.317199    0.056405    0.002726    0.001674    9.685523    7.172839    1.967075    1.961048    1.727646    1.659011    0.827146    2.017191
Iteration: 788 bestvalit: 57.735000 bestmemit:    0.238854    0.055416    0.065721    0.058357    0.396149    0.347600    0.210943    0.183841    0.277403    0.105359    0.321594    0.485674    2.317199    0.056405    0.002726    0.001674    9.685523    7.172839    1.967075    1.961048    1.727646    1.659011    0.827146    2.017191
Iteration: 789 bestvalit: 57.735000 bestmemit:    0.238854    0.055416    0.065721    0.058357    0.396149    0.347600    0.210943    0.183841    0.277403    0.105359    0.321594    0.485674    2.317199    0.056405    0.002726    0.001674    9.685523    7.172839    1.967075    1.961048    1.727646    1.659011    0.827146    2.017191
Iteration: 790 bestvalit: 57.735000 bestmemit:    0.238854    0.055416    0.065721    0.058357    0.396149    0.347600    0.210943    0.183841    0.277403    0.105359    0.321594    0.485674    2.317199    0.056405    0.002726    0.001674    9.685523    7.172839    1.967075    1.961048    1.727646    1.659011    0.827146    2.017191
Iteration: 791 bestvalit: 57.735000 bestmemit:    0.238854    0.055416    0.065721    0.058357    0.396149    0.347600    0.210943    0.183841    0.277403    0.105359    0.321594    0.485674    2.317199    0.056405    0.002726    0.001674    9.685523    7.172839    1.967075    1.961048    1.727646    1.659011    0.827146    2.017191
Iteration: 792 bestvalit: 57.735000 bestmemit:    0.238854    0.055416    0.065721    0.058357    0.396149    0.347600    0.210943    0.183841    0.277403    0.105359    0.321594    0.485674    2.317199    0.056405    0.002726    0.001674    9.685523    7.172839    1.967075    1.961048    1.727646    1.659011    0.827146    2.017191
Iteration: 793 bestvalit: 57.735000 bestmemit:    0.238854    0.055416    0.065721    0.058357    0.396149    0.347600    0.210943    0.183841    0.277403    0.105359    0.321594    0.485674    2.317199    0.056405    0.002726    0.001674    9.685523    7.172839    1.967075    1.961048    1.727646    1.659011    0.827146    2.017191
Iteration: 794 bestvalit: 57.735000 bestmemit:    0.238854    0.055416    0.065721    0.058357    0.396149    0.347600    0.210943    0.183841    0.277403    0.105359    0.321594    0.485674    2.317199    0.056405    0.002726    0.001674    9.685523    7.172839    1.967075    1.961048    1.727646    1.659011    0.827146    2.017191
Iteration: 795 bestvalit: 57.735000 bestmemit:    0.238854    0.055416    0.065721    0.058357    0.396149    0.347600    0.210943    0.183841    0.277403    0.105359    0.321594    0.485674    2.317199    0.056405    0.002726    0.001674    9.685523    7.172839    1.967075    1.961048    1.727646    1.659011    0.827146    2.017191
Iteration: 796 bestvalit: 57.735000 bestmemit:    0.238854    0.055416    0.065721    0.058357    0.396149    0.347600    0.210943    0.183841    0.277403    0.105359    0.321594    0.485674    2.317199    0.056405    0.002726    0.001674    9.685523    7.172839    1.967075    1.961048    1.727646    1.659011    0.827146    2.017191
Iteration: 797 bestvalit: 57.735000 bestmemit:    0.238854    0.055416    0.065721    0.058357    0.396149    0.347600    0.210943    0.183841    0.277403    0.105359    0.321594    0.485674    2.317199    0.056405    0.002726    0.001674    9.685523    7.172839    1.967075    1.961048    1.727646    1.659011    0.827146    2.017191
Iteration: 798 bestvalit: 57.735000 bestmemit:    0.238854    0.055416    0.065721    0.058357    0.396149    0.347600    0.210943    0.183841    0.277403    0.105359    0.321594    0.485674    2.317199    0.056405    0.002726    0.001674    9.685523    7.172839    1.967075    1.961048    1.727646    1.659011    0.827146    2.017191
Iteration: 799 bestvalit: 57.735000 bestmemit:    0.238854    0.055416    0.065721    0.058357    0.396149    0.347600    0.210943    0.183841    0.277403    0.105359    0.321594    0.485674    2.317199    0.056405    0.002726    0.001674    9.685523    7.172839    1.967075    1.961048    1.727646    1.659011    0.827146    2.017191
Iteration: 800 bestvalit: 57.735000 bestmemit:    0.238854    0.055416    0.065721    0.058357    0.396149    0.347600    0.210943    0.183841    0.277403    0.105359    0.321594    0.485674    2.317199    0.056405    0.002726    0.001674    9.685523    7.172839    1.967075    1.961048    1.727646    1.659011    0.827146    2.017191
Iteration: 801 bestvalit: 57.735000 bestmemit:    0.238854    0.055416    0.065721    0.058357    0.396149    0.347600    0.210943    0.183841    0.277403    0.105359    0.321594    0.485674    2.317199    0.056405    0.002726    0.001674    9.685523    7.172839    1.967075    1.961048    1.727646    1.659011    0.827146    2.017191
Iteration: 802 bestvalit: 57.735000 bestmemit:    0.238854    0.055416    0.065721    0.058357    0.396149    0.347600    0.210943    0.183841    0.277403    0.105359    0.321594    0.485674    2.317199    0.056405    0.002726    0.001674    9.685523    7.172839    1.967075    1.961048    1.727646    1.659011    0.827146    2.017191
Iteration: 803 bestvalit: 57.735000 bestmemit:    0.238854    0.055416    0.065721    0.058357    0.396149    0.347600    0.210943    0.183841    0.277403    0.105359    0.321594    0.485674    2.317199    0.056405    0.002726    0.001674    9.685523    7.172839    1.967075    1.961048    1.727646    1.659011    0.827146    2.017191
Iteration: 804 bestvalit: 57.735000 bestmemit:    0.238854    0.055416    0.065721    0.058357    0.396149    0.347600    0.210943    0.183841    0.277403    0.105359    0.321594    0.485674    2.317199    0.056405    0.002726    0.001674    9.685523    7.172839    1.967075    1.961048    1.727646    1.659011    0.827146    2.017191
Iteration: 805 bestvalit: 57.735000 bestmemit:    0.238854    0.055416    0.065721    0.058357    0.396149    0.347600    0.210943    0.183841    0.277403    0.105359    0.321594    0.485674    2.317199    0.056405    0.002726    0.001674    9.685523    7.172839    1.967075    1.961048    1.727646    1.659011    0.827146    2.017191
Iteration: 806 bestvalit: 57.735000 bestmemit:    0.238854    0.055416    0.065721    0.058357    0.396149    0.347600    0.210943    0.183841    0.277403    0.105359    0.321594    0.485674    2.317199    0.056405    0.002726    0.001674    9.685523    7.172839    1.967075    1.961048    1.727646    1.659011    0.827146    2.017191
Iteration: 807 bestvalit: 57.715000 bestmemit:    0.238854    0.055416    0.065721    0.058357    0.396149    0.347600    0.210943    0.183841    0.277403    0.105359    0.321594    0.485674    2.317199    0.056405    0.002726    0.001674    9.774459    7.172839    1.967075    1.961048    1.727646    1.659011    0.827146    2.017191
Iteration: 808 bestvalit: 57.715000 bestmemit:    0.238854    0.055416    0.065721    0.058357    0.396149    0.347600    0.210943    0.183841    0.277403    0.105359    0.321594    0.485674    2.317199    0.056405    0.002726    0.001674    9.774459    7.172839    1.967075    1.961048    1.727646    1.659011    0.827146    2.017191
Iteration: 809 bestvalit: 57.715000 bestmemit:    0.238854    0.055416    0.065721    0.058357    0.396149    0.347600    0.210943    0.183841    0.277403    0.105359    0.321594    0.485674    2.317199    0.056405    0.002726    0.001674    9.774459    7.172839    1.967075    1.961048    1.727646    1.659011    0.827146    2.017191
Iteration: 810 bestvalit: 57.715000 bestmemit:    0.238854    0.055416    0.065721    0.058357    0.396149    0.347600    0.210943    0.183841    0.277403    0.105359    0.321594    0.485674    2.317199    0.056405    0.002726    0.001674    9.774459    7.172839    1.967075    1.961048    1.727646    1.659011    0.827146    2.017191
Iteration: 811 bestvalit: 57.715000 bestmemit:    0.238854    0.055416    0.065721    0.058357    0.396149    0.347600    0.210943    0.183841    0.277403    0.105359    0.321594    0.485674    2.317199    0.056405    0.002726    0.001674    9.774459    7.172839    1.967075    1.961048    1.727646    1.659011    0.827146    2.017191
Iteration: 812 bestvalit: 57.715000 bestmemit:    0.238854    0.055416    0.065721    0.058357    0.396149    0.347600    0.210943    0.183841    0.277403    0.105359    0.321594    0.485674    2.317199    0.056405    0.002726    0.001674    9.774459    7.172839    1.967075    1.961048    1.727646    1.659011    0.827146    2.017191
Iteration: 813 bestvalit: 57.715000 bestmemit:    0.238854    0.055416    0.065721    0.058357    0.396149    0.347600    0.210943    0.183841    0.277403    0.105359    0.321594    0.485674    2.317199    0.056405    0.002726    0.001674    9.774459    7.172839    1.967075    1.961048    1.727646    1.659011    0.827146    2.017191
Iteration: 814 bestvalit: 57.715000 bestmemit:    0.238854    0.055416    0.065721    0.058357    0.396149    0.347600    0.210943    0.183841    0.277403    0.105359    0.321594    0.485674    2.317199    0.056405    0.002726    0.001674    9.774459    7.172839    1.967075    1.961048    1.727646    1.659011    0.827146    2.017191
Iteration: 815 bestvalit: 57.715000 bestmemit:    0.238854    0.055416    0.065721    0.058357    0.396149    0.347600    0.210943    0.183841    0.277403    0.105359    0.321594    0.485674    2.317199    0.056405    0.002726    0.001674    9.774459    7.172839    1.967075    1.961048    1.727646    1.659011    0.827146    2.017191
Iteration: 816 bestvalit: 57.715000 bestmemit:    0.238854    0.055416    0.065721    0.058357    0.396149    0.347600    0.210943    0.183841    0.277403    0.105359    0.321594    0.485674    2.317199    0.056405    0.002726    0.001674    9.774459    7.172839    1.967075    1.961048    1.727646    1.659011    0.827146    2.017191
Iteration: 817 bestvalit: 57.715000 bestmemit:    0.238854    0.055416    0.065721    0.058357    0.396149    0.347600    0.210943    0.183841    0.277403    0.105359    0.321594    0.485674    2.317199    0.056405    0.002726    0.001674    9.774459    7.172839    1.967075    1.961048    1.727646    1.659011    0.827146    2.017191
Iteration: 818 bestvalit: 57.715000 bestmemit:    0.238854    0.055416    0.065721    0.058357    0.396149    0.347600    0.210943    0.183841    0.277403    0.105359    0.321594    0.485674    2.317199    0.056405    0.002726    0.001674    9.774459    7.172839    1.967075    1.961048    1.727646    1.659011    0.827146    2.017191
Iteration: 819 bestvalit: 57.715000 bestmemit:    0.238854    0.055416    0.065721    0.058357    0.396149    0.347600    0.210943    0.183841    0.277403    0.105359    0.321594    0.485674    2.317199    0.056405    0.002726    0.001674    9.774459    7.172839    1.967075    1.961048    1.727646    1.659011    0.827146    2.017191
Iteration: 820 bestvalit: 57.715000 bestmemit:    0.238854    0.055416    0.065721    0.058357    0.396149    0.347600    0.210943    0.183841    0.277403    0.105359    0.321594    0.485674    2.317199    0.056405    0.002726    0.001674    9.774459    7.172839    1.967075    1.961048    1.727646    1.659011    0.827146    2.017191
Iteration: 821 bestvalit: 57.715000 bestmemit:    0.238854    0.055416    0.065721    0.058357    0.396149    0.347600    0.210943    0.183841    0.277403    0.105359    0.321594    0.485674    2.317199    0.056405    0.002726    0.001674    9.774459    7.172839    1.967075    1.961048    1.727646    1.659011    0.827146    2.017191
Iteration: 822 bestvalit: 57.715000 bestmemit:    0.238854    0.055416    0.065721    0.058357    0.396149    0.347600    0.210943    0.183841    0.277403    0.105359    0.321594    0.485674    2.317199    0.056405    0.002726    0.001674    9.774459    7.172839    1.967075    1.961048    1.727646    1.659011    0.827146    2.017191
Iteration: 823 bestvalit: 57.715000 bestmemit:    0.238854    0.055416    0.065721    0.058357    0.396149    0.347600    0.210943    0.183841    0.277403    0.105359    0.321594    0.485674    2.317199    0.056405    0.002726    0.001674    9.774459    7.172839    1.967075    1.961048    1.727646    1.659011    0.827146    2.017191
Iteration: 824 bestvalit: 57.715000 bestmemit:    0.238854    0.055416    0.065721    0.058357    0.396149    0.347600    0.210943    0.183841    0.277403    0.105359    0.321594    0.485674    2.317199    0.056405    0.002726    0.001674    9.774459    7.172839    1.967075    1.961048    1.727646    1.659011    0.827146    2.017191
Iteration: 825 bestvalit: 57.715000 bestmemit:    0.238854    0.055416    0.065721    0.058357    0.396149    0.347600    0.210943    0.183841    0.277403    0.105359    0.321594    0.485674    2.317199    0.056405    0.002726    0.001674    9.774459    7.172839    1.967075    1.961048    1.727646    1.659011    0.827146    2.017191
Iteration: 826 bestvalit: 57.715000 bestmemit:    0.238854    0.055416    0.065721    0.058357    0.396149    0.347600    0.210943    0.183841    0.277403    0.105359    0.321594    0.485674    2.317199    0.056405    0.002726    0.001674    9.774459    7.172839    1.967075    1.961048    1.727646    1.659011    0.827146    2.017191
Iteration: 827 bestvalit: 57.715000 bestmemit:    0.238854    0.055416    0.065721    0.058357    0.396149    0.347600    0.210943    0.183841    0.277403    0.105359    0.321594    0.485674    2.317199    0.056405    0.002726    0.001674    9.774459    7.172839    1.967075    1.961048    1.727646    1.659011    0.827146    2.017191
Iteration: 828 bestvalit: 57.715000 bestmemit:    0.238854    0.055416    0.065721    0.058357    0.396149    0.347600    0.210943    0.183841    0.277403    0.105359    0.321594    0.485674    2.317199    0.056405    0.002726    0.001674    9.774459    7.172839    1.967075    1.961048    1.727646    1.659011    0.827146    2.017191
Iteration: 829 bestvalit: 57.715000 bestmemit:    0.238854    0.055416    0.065721    0.058357    0.396149    0.347600    0.210943    0.183841    0.277403    0.105359    0.321594    0.485674    2.317199    0.056405    0.002726    0.001674    9.774459    7.172839    1.967075    1.961048    1.727646    1.659011    0.827146    2.017191
Iteration: 830 bestvalit: 57.715000 bestmemit:    0.238854    0.055416    0.065721    0.058357    0.396149    0.347600    0.210943    0.183841    0.277403    0.105359    0.321594    0.485674    2.317199    0.056405    0.002726    0.001674    9.774459    7.172839    1.967075    1.961048    1.727646    1.659011    0.827146    2.017191
Iteration: 831 bestvalit: 57.715000 bestmemit:    0.238854    0.055416    0.065721    0.058357    0.396149    0.347600    0.210943    0.183841    0.277403    0.105359    0.321594    0.485674    2.317199    0.056405    0.002726    0.001674    9.774459    7.172839    1.967075    1.961048    1.727646    1.659011    0.827146    2.017191
Iteration: 832 bestvalit: 57.715000 bestmemit:    0.238854    0.055416    0.065721    0.058357    0.396149    0.347600    0.210943    0.183841    0.277403    0.105359    0.321594    0.485674    2.317199    0.056405    0.002726    0.001674    9.774459    7.172839    1.967075    1.961048    1.727646    1.659011    0.827146    2.017191
Iteration: 833 bestvalit: 57.715000 bestmemit:    0.238854    0.055416    0.065721    0.058357    0.396149    0.347600    0.210943    0.183841    0.277403    0.105359    0.321594    0.485674    2.317199    0.056405    0.002726    0.001674    9.774459    7.172839    1.967075    1.961048    1.727646    1.659011    0.827146    2.017191
Iteration: 834 bestvalit: 57.715000 bestmemit:    0.238854    0.055416    0.065721    0.058357    0.396149    0.347600    0.210943    0.183841    0.277403    0.105359    0.321594    0.485674    2.317199    0.056405    0.002726    0.001674    9.774459    7.172839    1.967075    1.961048    1.727646    1.659011    0.827146    2.017191
Iteration: 835 bestvalit: 57.715000 bestmemit:    0.238854    0.055416    0.065721    0.058357    0.396149    0.347600    0.210943    0.183841    0.277403    0.105359    0.321594    0.485674    2.317199    0.056405    0.002726    0.001674    9.774459    7.172839    1.967075    1.961048    1.727646    1.659011    0.827146    2.017191
Iteration: 836 bestvalit: 57.715000 bestmemit:    0.238854    0.055416    0.065721    0.058357    0.396149    0.347600    0.210943    0.183841    0.277403    0.105359    0.321594    0.485674    2.317199    0.056405    0.002726    0.001674    9.774459    7.172839    1.967075    1.961048    1.727646    1.659011    0.827146    2.017191
Iteration: 837 bestvalit: 57.715000 bestmemit:    0.238854    0.055416    0.065721    0.058357    0.396149    0.347600    0.210943    0.183841    0.277403    0.105359    0.321594    0.485674    2.317199    0.056405    0.002726    0.001674    9.774459    7.172839    1.967075    1.961048    1.727646    1.659011    0.827146    2.017191
Iteration: 838 bestvalit: 57.715000 bestmemit:    0.238854    0.055416    0.065721    0.058357    0.396149    0.347600    0.210943    0.183841    0.277403    0.105359    0.321594    0.485674    2.317199    0.056405    0.002726    0.001674    9.774459    7.172839    1.967075    1.961048    1.727646    1.659011    0.827146    2.017191
Iteration: 839 bestvalit: 57.715000 bestmemit:    0.238854    0.055416    0.065721    0.058357    0.396149    0.347600    0.210943    0.183841    0.277403    0.105359    0.321594    0.485674    2.317199    0.056405    0.002726    0.001674    9.774459    7.172839    1.967075    1.961048    1.727646    1.659011    0.827146    2.017191
Iteration: 840 bestvalit: 57.715000 bestmemit:    0.238854    0.055416    0.065721    0.058357    0.396149    0.347600    0.210943    0.183841    0.277403    0.105359    0.321594    0.485674    2.317199    0.056405    0.002726    0.001674    9.774459    7.172839    1.967075    1.961048    1.727646    1.659011    0.827146    2.017191
Iteration: 841 bestvalit: 57.715000 bestmemit:    0.238854    0.055416    0.065721    0.058357    0.396149    0.347600    0.210943    0.183841    0.277403    0.105359    0.321594    0.485674    2.317199    0.056405    0.002726    0.001674    9.774459    7.172839    1.967075    1.961048    1.727646    1.659011    0.827146    2.017191
Iteration: 842 bestvalit: 57.715000 bestmemit:    0.238854    0.055416    0.065721    0.058357    0.396149    0.347600    0.210943    0.183841    0.277403    0.105359    0.321594    0.485674    2.317199    0.056405    0.002726    0.001674    9.774459    7.172839    1.967075    1.961048    1.727646    1.659011    0.827146    2.017191
Iteration: 843 bestvalit: 57.715000 bestmemit:    0.238854    0.055416    0.065721    0.058357    0.396149    0.347600    0.210943    0.183841    0.277403    0.105359    0.321594    0.485674    2.317199    0.056405    0.002726    0.001674    9.774459    7.172839    1.967075    1.961048    1.727646    1.659011    0.827146    2.017191
Iteration: 844 bestvalit: 57.715000 bestmemit:    0.238854    0.055416    0.065721    0.058357    0.396149    0.347600    0.210943    0.183841    0.277403    0.105359    0.321594    0.485674    2.317199    0.056405    0.002726    0.001674    9.774459    7.172839    1.967075    1.961048    1.727646    1.659011    0.827146    2.017191
Iteration: 845 bestvalit: 57.715000 bestmemit:    0.238854    0.055416    0.065721    0.058357    0.396149    0.347600    0.210943    0.183841    0.277403    0.105359    0.321594    0.485674    2.317199    0.056405    0.002726    0.001674    9.774459    7.172839    1.967075    1.961048    1.727646    1.659011    0.827146    2.017191
Iteration: 846 bestvalit: 57.715000 bestmemit:    0.238854    0.055416    0.065721    0.058357    0.396149    0.347600    0.210943    0.183841    0.277403    0.105359    0.321594    0.485674    2.317199    0.056405    0.002726    0.001674    9.774459    7.172839    1.967075    1.961048    1.727646    1.659011    0.827146    2.017191
Iteration: 847 bestvalit: 57.715000 bestmemit:    0.238854    0.055416    0.065721    0.058357    0.396149    0.347600    0.210943    0.183841    0.277403    0.105359    0.321594    0.485674    2.317199    0.056405    0.002726    0.001674    9.774459    7.172839    1.967075    1.961048    1.727646    1.659011    0.827146    2.017191
Iteration: 848 bestvalit: 57.715000 bestmemit:    0.238854    0.055416    0.065721    0.058357    0.396149    0.347600    0.210943    0.183841    0.277403    0.105359    0.321594    0.485674    2.317199    0.056405    0.002726    0.001674    9.774459    7.172839    1.967075    1.961048    1.727646    1.659011    0.827146    2.017191
Iteration: 849 bestvalit: 57.715000 bestmemit:    0.238854    0.055416    0.065721    0.058357    0.396149    0.347600    0.210943    0.183841    0.277403    0.105359    0.321594    0.485674    2.317199    0.056405    0.002726    0.001674    9.774459    7.172839    1.967075    1.961048    1.727646    1.659011    0.827146    2.017191
Iteration: 850 bestvalit: 57.715000 bestmemit:    0.238854    0.055416    0.065721    0.058357    0.396149    0.347600    0.210943    0.183841    0.277403    0.105359    0.321594    0.485674    2.317199    0.056405    0.002726    0.001674    9.774459    7.172839    1.967075    1.961048    1.727646    1.659011    0.827146    2.017191
Iteration: 851 bestvalit: 57.715000 bestmemit:    0.238854    0.055416    0.065721    0.058357    0.396149    0.347600    0.210943    0.183841    0.277403    0.105359    0.321594    0.485674    2.317199    0.056405    0.002726    0.001674    9.774459    7.172839    1.967075    1.961048    1.727646    1.659011    0.827146    2.017191
Iteration: 852 bestvalit: 57.660000 bestmemit:    0.238854    0.055416    0.065721    0.058357    0.396149    0.347600    0.210943    0.183841    0.277403    0.105359    0.321594    0.485674    2.317199    0.060639    0.002726    0.001674    9.774459    7.172839    1.967075    1.961048    1.727646    1.659011    0.827146    2.017191
Iteration: 853 bestvalit: 57.660000 bestmemit:    0.238854    0.055416    0.065721    0.058357    0.396149    0.347600    0.210943    0.183841    0.277403    0.105359    0.321594    0.485674    2.317199    0.060639    0.002726    0.001674    9.774459    7.172839    1.967075    1.961048    1.727646    1.659011    0.827146    2.017191
Iteration: 854 bestvalit: 57.660000 bestmemit:    0.238854    0.055416    0.065721    0.058357    0.396149    0.347600    0.210943    0.183841    0.277403    0.105359    0.321594    0.485674    2.317199    0.060639    0.002726    0.001674    9.774459    7.172839    1.967075    1.961048    1.727646    1.659011    0.827146    2.017191
Iteration: 855 bestvalit: 57.660000 bestmemit:    0.238854    0.055416    0.065721    0.058357    0.396149    0.347600    0.210943    0.183841    0.277403    0.105359    0.321594    0.485674    2.317199    0.060639    0.002726    0.001674    9.774459    7.172839    1.967075    1.961048    1.727646    1.659011    0.827146    2.017191
Iteration: 856 bestvalit: 57.660000 bestmemit:    0.238854    0.055416    0.065721    0.058357    0.396149    0.347600    0.210943    0.183841    0.277403    0.105359    0.321594    0.485674    2.317199    0.060639    0.002726    0.001674    9.774459    7.172839    1.967075    1.961048    1.727646    1.659011    0.827146    2.017191
Iteration: 857 bestvalit: 57.600000 bestmemit:    0.238854    0.055416    0.065721    0.058357    0.396149    0.347600    0.210943    0.183841    0.277403    0.105359    0.321594    0.485674    2.317199    0.060639    0.002726    0.001674    9.774459    7.172839    1.967075    1.961048    1.727646    1.659011    0.827146    1.998877
Iteration: 858 bestvalit: 57.600000 bestmemit:    0.238854    0.055416    0.065721    0.058357    0.396149    0.347600    0.210943    0.183841    0.277403    0.105359    0.321594    0.485674    2.317199    0.060639    0.002726    0.001674    9.774459    7.172839    1.967075    1.961048    1.727646    1.659011    0.827146    1.998877
Iteration: 859 bestvalit: 57.600000 bestmemit:    0.238854    0.055416    0.065721    0.058357    0.396149    0.347600    0.210943    0.183841    0.277403    0.105359    0.321594    0.485674    2.317199    0.060639    0.002726    0.001674    9.774459    7.172839    1.967075    1.961048    1.727646    1.659011    0.827146    1.998877
Iteration: 860 bestvalit: 57.600000 bestmemit:    0.238854    0.055416    0.065721    0.058357    0.396149    0.347600    0.210943    0.183841    0.277403    0.105359    0.321594    0.485674    2.317199    0.060639    0.002726    0.001674    9.774459    7.172839    1.967075    1.961048    1.727646    1.659011    0.827146    1.998877
Iteration: 861 bestvalit: 57.600000 bestmemit:    0.238854    0.055416    0.065721    0.058357    0.396149    0.347600    0.210943    0.183841    0.277403    0.105359    0.321594    0.485674    2.317199    0.060639    0.002726    0.001674    9.774459    7.172839    1.967075    1.961048    1.727646    1.659011    0.827146    1.998877
Iteration: 862 bestvalit: 57.600000 bestmemit:    0.238854    0.055416    0.065721    0.058357    0.396149    0.347600    0.210943    0.183841    0.277403    0.105359    0.321594    0.485674    2.317199    0.060639    0.002726    0.001674    9.774459    7.172839    1.967075    1.961048    1.727646    1.659011    0.827146    1.998877
Iteration: 863 bestvalit: 57.600000 bestmemit:    0.238854    0.055416    0.065721    0.058357    0.396149    0.347600    0.210943    0.183841    0.277403    0.105359    0.321594    0.485674    2.317199    0.060639    0.002726    0.001674    9.774459    7.172839    1.967075    1.961048    1.727646    1.659011    0.827146    1.998877
Iteration: 864 bestvalit: 57.600000 bestmemit:    0.238854    0.055416    0.065721    0.058357    0.396149    0.347600    0.210943    0.183841    0.277403    0.105359    0.321594    0.485674    2.317199    0.060639    0.002726    0.001674    9.774459    7.172839    1.967075    1.961048    1.727646    1.659011    0.827146    1.998877
Iteration: 865 bestvalit: 57.600000 bestmemit:    0.238854    0.055416    0.065721    0.058357    0.396149    0.347600    0.210943    0.183841    0.277403    0.105359    0.321594    0.485674    2.317199    0.060639    0.002726    0.001674    9.774459    7.172839    1.967075    1.961048    1.727646    1.659011    0.827146    1.998877
Iteration: 866 bestvalit: 57.600000 bestmemit:    0.238854    0.055416    0.065721    0.058357    0.396149    0.347600    0.210943    0.183841    0.277403    0.105359    0.321594    0.485674    2.317199    0.060639    0.002726    0.001674    9.774459    7.172839    1.967075    1.961048    1.727646    1.659011    0.827146    1.998877
Iteration: 867 bestvalit: 57.600000 bestmemit:    0.238854    0.055416    0.065721    0.058357    0.396149    0.347600    0.210943    0.183841    0.277403    0.105359    0.321594    0.485674    2.317199    0.060639    0.002726    0.001674    9.774459    7.172839    1.967075    1.961048    1.727646    1.659011    0.827146    1.998877
Iteration: 868 bestvalit: 57.600000 bestmemit:    0.238854    0.055416    0.065721    0.058357    0.396149    0.347600    0.210943    0.183841    0.277403    0.105359    0.321594    0.485674    2.317199    0.060639    0.002726    0.001674    9.774459    7.172839    1.967075    1.961048    1.727646    1.659011    0.827146    1.998877
Iteration: 869 bestvalit: 57.600000 bestmemit:    0.238854    0.055416    0.065721    0.058357    0.396149    0.347600    0.210943    0.183841    0.277403    0.105359    0.321594    0.485674    2.317199    0.060639    0.002726    0.001674    9.774459    7.172839    1.967075    1.961048    1.727646    1.659011    0.827146    1.998877
Iteration: 870 bestvalit: 57.600000 bestmemit:    0.238854    0.055416    0.065721    0.058357    0.396149    0.347600    0.210943    0.183841    0.277403    0.105359    0.321594    0.485674    2.317199    0.060639    0.002726    0.001674    9.774459    7.172839    1.967075    1.961048    1.727646    1.659011    0.827146    1.998877
Iteration: 871 bestvalit: 57.585000 bestmemit:    0.238854    0.055416    0.065721    0.058357    0.396149    0.347600    0.210943    0.183841    0.277403    0.105359    0.321594    0.485674    2.448834    0.060639    0.002726    0.001674    9.774459    7.172839    1.967075    1.961048    1.727646    1.659011    0.827146    1.998877
Iteration: 872 bestvalit: 57.585000 bestmemit:    0.238854    0.055416    0.065721    0.058357    0.396149    0.347600    0.210943    0.183841    0.277403    0.105359    0.321594    0.485674    2.448834    0.060639    0.002726    0.001674    9.774459    7.172839    1.967075    1.961048    1.727646    1.659011    0.827146    1.998877
Iteration: 873 bestvalit: 57.585000 bestmemit:    0.238854    0.055416    0.065721    0.058357    0.396149    0.347600    0.210943    0.183841    0.277403    0.105359    0.321594    0.485674    2.448834    0.060639    0.002726    0.001674    9.774459    7.172839    1.967075    1.961048    1.727646    1.659011    0.827146    1.998877
Iteration: 874 bestvalit: 57.585000 bestmemit:    0.238854    0.055416    0.065721    0.058357    0.396149    0.347600    0.210943    0.183841    0.277403    0.105359    0.321594    0.485674    2.448834    0.060639    0.002726    0.001674    9.774459    7.172839    1.967075    1.961048    1.727646    1.659011    0.827146    1.998877
Iteration: 875 bestvalit: 57.585000 bestmemit:    0.238854    0.055416    0.065721    0.058357    0.396149    0.347600    0.210943    0.183841    0.277403    0.105359    0.321594    0.485674    2.448834    0.060639    0.002726    0.001674    9.774459    7.172839    1.967075    1.961048    1.727646    1.659011    0.827146    1.998877
Iteration: 876 bestvalit: 57.585000 bestmemit:    0.238854    0.055416    0.065721    0.058357    0.396149    0.347600    0.210943    0.183841    0.277403    0.105359    0.321594    0.485674    2.448834    0.060639    0.002726    0.001674    9.774459    7.172839    1.967075    1.961048    1.727646    1.659011    0.827146    1.998877
Iteration: 877 bestvalit: 57.585000 bestmemit:    0.238854    0.055416    0.065721    0.058357    0.396149    0.347600    0.210943    0.183841    0.277403    0.105359    0.321594    0.485674    2.448834    0.060639    0.002726    0.001674    9.774459    7.172839    1.967075    1.961048    1.727646    1.659011    0.827146    1.998877
Iteration: 878 bestvalit: 57.585000 bestmemit:    0.238854    0.055416    0.065721    0.058357    0.396149    0.347600    0.210943    0.183841    0.277403    0.105359    0.321594    0.485674    2.448834    0.060639    0.002726    0.001674    9.774459    7.172839    1.967075    1.961048    1.727646    1.659011    0.827146    1.998877
Iteration: 879 bestvalit: 57.585000 bestmemit:    0.238854    0.055416    0.065721    0.058357    0.396149    0.347600    0.210943    0.183841    0.277403    0.105359    0.321594    0.485674    2.448834    0.060639    0.002726    0.001674    9.774459    7.172839    1.967075    1.961048    1.727646    1.659011    0.827146    1.998877
Iteration: 880 bestvalit: 57.585000 bestmemit:    0.238854    0.055416    0.065721    0.058357    0.396149    0.347600    0.210943    0.183841    0.277403    0.105359    0.321594    0.485674    2.448834    0.060639    0.002726    0.001674    9.774459    7.172839    1.967075    1.961048    1.727646    1.659011    0.827146    1.998877
Iteration: 881 bestvalit: 57.585000 bestmemit:    0.238854    0.055416    0.065721    0.058357    0.396149    0.347600    0.210943    0.183841    0.277403    0.105359    0.321594    0.485674    2.448834    0.060639    0.002726    0.001674    9.774459    7.172839    1.967075    1.961048    1.727646    1.659011    0.827146    1.998877
Iteration: 882 bestvalit: 57.510000 bestmemit:    0.238854    0.055416    0.065721    0.058357    0.396149    0.347600    0.210943    0.183841    0.277403    0.105359    0.321594    0.485674    2.448834    0.060639    0.002726    0.001674    9.859459    7.172839    1.967075    1.961048    1.727646    1.659011    0.827146    1.998877
Iteration: 883 bestvalit: 57.510000 bestmemit:    0.238854    0.055416    0.065721    0.058357    0.396149    0.347600    0.210943    0.183841    0.277403    0.105359    0.321594    0.485674    2.448834    0.060639    0.002726    0.001674    9.859459    7.172839    1.967075    1.961048    1.727646    1.659011    0.827146    1.998877
Iteration: 884 bestvalit: 57.510000 bestmemit:    0.238854    0.055416    0.065721    0.058357    0.396149    0.347600    0.210943    0.183841    0.277403    0.105359    0.321594    0.485674    2.448834    0.060639    0.002726    0.001674    9.859459    7.172839    1.967075    1.961048    1.727646    1.659011    0.827146    1.998877
Iteration: 885 bestvalit: 57.510000 bestmemit:    0.238854    0.055416    0.065721    0.058357    0.396149    0.347600    0.210943    0.183841    0.277403    0.105359    0.321594    0.485674    2.448834    0.060639    0.002726    0.001674    9.859459    7.172839    1.967075    1.961048    1.727646    1.659011    0.827146    1.998877
Iteration: 886 bestvalit: 57.510000 bestmemit:    0.238854    0.055416    0.065721    0.058357    0.396149    0.347600    0.210943    0.183841    0.277403    0.105359    0.321594    0.485674    2.448834    0.060639    0.002726    0.001674    9.859459    7.172839    1.967075    1.961048    1.727646    1.659011    0.827146    1.998877
Iteration: 887 bestvalit: 57.510000 bestmemit:    0.238854    0.055416    0.065721    0.058357    0.396149    0.347600    0.210943    0.183841    0.277403    0.105359    0.321594    0.485674    2.448834    0.060639    0.002726    0.001674    9.859459    7.172839    1.967075    1.961048    1.727646    1.659011    0.827146    1.998877
Iteration: 888 bestvalit: 57.510000 bestmemit:    0.238854    0.055416    0.065721    0.058357    0.396149    0.347600    0.210943    0.183841    0.277403    0.105359    0.321594    0.485674    2.448834    0.060639    0.002726    0.001674    9.859459    7.172839    1.967075    1.961048    1.727646    1.659011    0.827146    1.998877
Iteration: 889 bestvalit: 57.510000 bestmemit:    0.238854    0.055416    0.065721    0.058357    0.396149    0.347600    0.210943    0.183841    0.277403    0.105359    0.321594    0.485674    2.448834    0.060639    0.002726    0.001674    9.859459    7.172839    1.967075    1.961048    1.727646    1.659011    0.827146    1.998877
Iteration: 890 bestvalit: 57.510000 bestmemit:    0.238854    0.055416    0.065721    0.058357    0.396149    0.347600    0.210943    0.183841    0.277403    0.105359    0.321594    0.485674    2.448834    0.060639    0.002726    0.001674    9.859459    7.172839    1.967075    1.961048    1.727646    1.659011    0.827146    1.998877
Iteration: 891 bestvalit: 57.510000 bestmemit:    0.238854    0.055416    0.065721    0.058357    0.396149    0.347600    0.210943    0.183841    0.277403    0.105359    0.321594    0.485674    2.448834    0.060639    0.002726    0.001674    9.859459    7.172839    1.967075    1.961048    1.727646    1.659011    0.827146    1.998877
Iteration: 892 bestvalit: 57.485000 bestmemit:    0.238854    0.055416    0.065721    0.058357    0.396149    0.347600    0.210943    0.183841    0.277403    0.105359    0.321594    0.485674    2.448834    0.060639    0.002726    0.001674    9.859459    7.172839    1.967075    1.961576    1.727646    1.659011    0.827146    1.998877
Iteration: 893 bestvalit: 57.485000 bestmemit:    0.238854    0.055416    0.065721    0.058357    0.396149    0.347600    0.210943    0.183841    0.277403    0.105359    0.321594    0.485674    2.448834    0.060639    0.002726    0.001674    9.859459    7.172839    1.967075    1.961576    1.727646    1.659011    0.827146    1.998877
Iteration: 894 bestvalit: 57.485000 bestmemit:    0.238854    0.055416    0.065721    0.058357    0.396149    0.347600    0.210943    0.183841    0.277403    0.105359    0.321594    0.485674    2.448834    0.060639    0.002726    0.001674    9.859459    7.172839    1.967075    1.961576    1.727646    1.659011    0.827146    1.998877
Iteration: 895 bestvalit: 57.485000 bestmemit:    0.238854    0.055416    0.065721    0.058357    0.396149    0.347600    0.210943    0.183841    0.277403    0.105359    0.321594    0.485674    2.448834    0.060639    0.002726    0.001674    9.859459    7.172839    1.967075    1.961576    1.727646    1.659011    0.827146    1.998877
Iteration: 896 bestvalit: 57.485000 bestmemit:    0.238854    0.055416    0.065721    0.058357    0.396149    0.347600    0.210943    0.183841    0.277403    0.105359    0.321594    0.485674    2.448834    0.060639    0.002726    0.001674    9.859459    7.172839    1.967075    1.961576    1.727646    1.659011    0.827146    1.998877
Iteration: 897 bestvalit: 57.485000 bestmemit:    0.238854    0.055416    0.065721    0.058357    0.396149    0.347600    0.210943    0.183841    0.277403    0.105359    0.321594    0.485674    2.448834    0.060639    0.002726    0.001674    9.859459    7.172839    1.967075    1.961576    1.727646    1.659011    0.827146    1.998877
Iteration: 898 bestvalit: 57.485000 bestmemit:    0.238854    0.055416    0.065721    0.058357    0.396149    0.347600    0.210943    0.183841    0.277403    0.105359    0.321594    0.485674    2.448834    0.060639    0.002726    0.001674    9.859459    7.172839    1.967075    1.961576    1.727646    1.659011    0.827146    1.998877
Iteration: 899 bestvalit: 57.485000 bestmemit:    0.238854    0.055416    0.065721    0.058357    0.396149    0.347600    0.210943    0.183841    0.277403    0.105359    0.321594    0.485674    2.448834    0.060639    0.002726    0.001674    9.859459    7.172839    1.967075    1.961576    1.727646    1.659011    0.827146    1.998877
Iteration: 900 bestvalit: 57.485000 bestmemit:    0.238854    0.055416    0.065721    0.058357    0.396149    0.347600    0.210943    0.183841    0.277403    0.105359    0.321594    0.485674    2.448834    0.060639    0.002726    0.001674    9.859459    7.172839    1.967075    1.961576    1.727646    1.659011    0.827146    1.998877
Iteration: 901 bestvalit: 57.380000 bestmemit:    0.238854    0.055416    0.065721    0.058357    0.396149    0.347600    0.210943    0.183841    0.277403    0.105359    0.321594    0.485674    2.448834    0.060639    0.002726    0.001674    9.859459    6.776406    1.967075    1.961576    1.727646    1.659011    0.827146    1.998877
Iteration: 902 bestvalit: 57.380000 bestmemit:    0.238854    0.055416    0.065721    0.058357    0.396149    0.347600    0.210943    0.183841    0.277403    0.105359    0.321594    0.485674    2.448834    0.060639    0.002726    0.001674    9.859459    6.776406    1.967075    1.961576    1.727646    1.659011    0.827146    1.998877
Iteration: 903 bestvalit: 57.380000 bestmemit:    0.238854    0.055416    0.065721    0.058357    0.396149    0.347600    0.210943    0.183841    0.277403    0.105359    0.321594    0.485674    2.448834    0.060639    0.002726    0.001674    9.859459    6.776406    1.967075    1.961576    1.727646    1.659011    0.827146    1.998877
Iteration: 904 bestvalit: 57.380000 bestmemit:    0.238854    0.055416    0.065721    0.058357    0.396149    0.347600    0.210943    0.183841    0.277403    0.105359    0.321594    0.485674    2.448834    0.060639    0.002726    0.001674    9.859459    6.776406    1.967075    1.961576    1.727646    1.659011    0.827146    1.998877
Iteration: 905 bestvalit: 57.380000 bestmemit:    0.238854    0.055416    0.065721    0.058357    0.396149    0.347600    0.210943    0.183841    0.277403    0.105359    0.321594    0.485674    2.448834    0.060639    0.002726    0.001674    9.859459    6.776406    1.967075    1.961576    1.727646    1.659011    0.827146    1.998877
Iteration: 906 bestvalit: 57.380000 bestmemit:    0.238854    0.055416    0.065721    0.058357    0.396149    0.347600    0.210943    0.183841    0.277403    0.105359    0.321594    0.485674    2.448834    0.060639    0.002726    0.001674    9.859459    6.776406    1.967075    1.961576    1.727646    1.659011    0.827146    1.998877
Iteration: 907 bestvalit: 57.380000 bestmemit:    0.238854    0.055416    0.065721    0.058357    0.396149    0.347600    0.210943    0.183841    0.277403    0.105359    0.321594    0.485674    2.448834    0.060639    0.002726    0.001674    9.859459    6.776406    1.967075    1.961576    1.727646    1.659011    0.827146    1.998877
Iteration: 908 bestvalit: 57.380000 bestmemit:    0.238854    0.055416    0.065721    0.058357    0.396149    0.347600    0.210943    0.183841    0.277403    0.105359    0.321594    0.485674    2.448834    0.060639    0.002726    0.001674    9.859459    6.776406    1.967075    1.961576    1.727646    1.659011    0.827146    1.998877
Iteration: 909 bestvalit: 57.380000 bestmemit:    0.238854    0.055416    0.065721    0.058357    0.396149    0.347600    0.210943    0.183841    0.277403    0.105359    0.321594    0.485674    2.448834    0.060639    0.002726    0.001674    9.859459    6.776406    1.967075    1.961576    1.727646    1.659011    0.827146    1.998877
Iteration: 910 bestvalit: 57.380000 bestmemit:    0.238854    0.055416    0.065721    0.058357    0.396149    0.347600    0.210943    0.183841    0.277403    0.105359    0.321594    0.485674    2.448834    0.060639    0.002726    0.001674    9.859459    6.776406    1.967075    1.961576    1.727646    1.659011    0.827146    1.998877
Iteration: 911 bestvalit: 57.380000 bestmemit:    0.238854    0.055416    0.065721    0.058357    0.396149    0.347600    0.210943    0.183841    0.277403    0.105359    0.321594    0.485674    2.448834    0.060639    0.002726    0.001674    9.859459    6.776406    1.967075    1.961576    1.727646    1.659011    0.827146    1.998877
Iteration: 912 bestvalit: 57.380000 bestmemit:    0.238854    0.055416    0.065721    0.058357    0.396149    0.347600    0.210943    0.183841    0.277403    0.105359    0.321594    0.485674    2.448834    0.060639    0.002726    0.001674    9.859459    6.776406    1.967075    1.961576    1.727646    1.659011    0.827146    1.998877
Iteration: 913 bestvalit: 57.380000 bestmemit:    0.238854    0.055416    0.065721    0.058357    0.396149    0.347600    0.210943    0.183841    0.277403    0.105359    0.321594    0.485674    2.448834    0.060639    0.002726    0.001674    9.859459    6.776406    1.967075    1.961576    1.727646    1.659011    0.827146    1.998877
Iteration: 914 bestvalit: 57.380000 bestmemit:    0.238854    0.055416    0.065721    0.058357    0.396149    0.347600    0.210943    0.183841    0.277403    0.105359    0.321594    0.485674    2.448834    0.060639    0.002726    0.001674    9.859459    6.776406    1.967075    1.961576    1.727646    1.659011    0.827146    1.998877
Iteration: 915 bestvalit: 57.380000 bestmemit:    0.238854    0.055416    0.065721    0.058357    0.396149    0.347600    0.210943    0.183841    0.277403    0.105359    0.321594    0.485674    2.448834    0.060639    0.002726    0.001674    9.859459    6.776406    1.967075    1.961576    1.727646    1.659011    0.827146    1.998877
Iteration: 916 bestvalit: 57.380000 bestmemit:    0.238854    0.055416    0.065721    0.058357    0.396149    0.347600    0.210943    0.183841    0.277403    0.105359    0.321594    0.485674    2.448834    0.060639    0.002726    0.001674    9.859459    6.776406    1.967075    1.961576    1.727646    1.659011    0.827146    1.998877
Iteration: 917 bestvalit: 57.380000 bestmemit:    0.238854    0.055416    0.065721    0.058357    0.396149    0.347600    0.210943    0.183841    0.277403    0.105359    0.321594    0.485674    2.448834    0.060639    0.002726    0.001674    9.859459    6.776406    1.967075    1.961576    1.727646    1.659011    0.827146    1.998877
Iteration: 918 bestvalit: 57.380000 bestmemit:    0.238854    0.055416    0.065721    0.058357    0.396149    0.347600    0.210943    0.183841    0.277403    0.105359    0.321594    0.485674    2.448834    0.060639    0.002726    0.001674    9.859459    6.776406    1.967075    1.961576    1.727646    1.659011    0.827146    1.998877
Iteration: 919 bestvalit: 57.380000 bestmemit:    0.238854    0.055416    0.065721    0.058357    0.396149    0.347600    0.210943    0.183841    0.277403    0.105359    0.321594    0.485674    2.448834    0.060639    0.002726    0.001674    9.859459    6.776406    1.967075    1.961576    1.727646    1.659011    0.827146    1.998877
Iteration: 920 bestvalit: 57.380000 bestmemit:    0.238854    0.055416    0.065721    0.058357    0.396149    0.347600    0.210943    0.183841    0.277403    0.105359    0.321594    0.485674    2.448834    0.060639    0.002726    0.001674    9.859459    6.776406    1.967075    1.961576    1.727646    1.659011    0.827146    1.998877
Iteration: 921 bestvalit: 57.380000 bestmemit:    0.238854    0.055416    0.065721    0.058357    0.396149    0.347600    0.210943    0.183841    0.277403    0.105359    0.321594    0.485674    2.448834    0.060639    0.002726    0.001674    9.859459    6.776406    1.967075    1.961576    1.727646    1.659011    0.827146    1.998877
Iteration: 922 bestvalit: 57.380000 bestmemit:    0.238854    0.055416    0.065721    0.058357    0.396149    0.347600    0.210943    0.183841    0.277403    0.105359    0.321594    0.485674    2.448834    0.060639    0.002726    0.001674    9.859459    6.776406    1.967075    1.961576    1.727646    1.659011    0.827146    1.998877
Iteration: 923 bestvalit: 57.380000 bestmemit:    0.238854    0.055416    0.065721    0.058357    0.396149    0.347600    0.210943    0.183841    0.277403    0.105359    0.321594    0.485674    2.448834    0.060639    0.002726    0.001674    9.859459    6.776406    1.967075    1.961576    1.727646    1.659011    0.827146    1.998877
Iteration: 924 bestvalit: 57.380000 bestmemit:    0.238854    0.055416    0.065721    0.058357    0.396149    0.347600    0.210943    0.183841    0.277403    0.105359    0.321594    0.485674    2.448834    0.060639    0.002726    0.001674    9.859459    6.776406    1.967075    1.961576    1.727646    1.659011    0.827146    1.998877
Iteration: 925 bestvalit: 57.380000 bestmemit:    0.238854    0.055416    0.065721    0.058357    0.396149    0.347600    0.210943    0.183841    0.277403    0.105359    0.321594    0.485674    2.448834    0.060639    0.002726    0.001674    9.859459    6.776406    1.967075    1.961576    1.727646    1.659011    0.827146    1.998877
Iteration: 926 bestvalit: 57.380000 bestmemit:    0.238854    0.055416    0.065721    0.058357    0.396149    0.347600    0.210943    0.183841    0.277403    0.105359    0.321594    0.485674    2.448834    0.060639    0.002726    0.001674    9.859459    6.776406    1.967075    1.961576    1.727646    1.659011    0.827146    1.998877
Iteration: 927 bestvalit: 57.380000 bestmemit:    0.238854    0.055416    0.065721    0.058357    0.396149    0.347600    0.210943    0.183841    0.277403    0.105359    0.321594    0.485674    2.448834    0.060639    0.002726    0.001674    9.859459    6.776406    1.967075    1.961576    1.727646    1.659011    0.827146    1.998877
Iteration: 928 bestvalit: 57.380000 bestmemit:    0.238854    0.055416    0.065721    0.058357    0.396149    0.347600    0.210943    0.183841    0.277403    0.105359    0.321594    0.485674    2.448834    0.060639    0.002726    0.001674    9.859459    6.776406    1.967075    1.961576    1.727646    1.659011    0.827146    1.998877
Iteration: 929 bestvalit: 57.380000 bestmemit:    0.238854    0.055416    0.065721    0.058357    0.396149    0.347600    0.210943    0.183841    0.277403    0.105359    0.321594    0.485674    2.448834    0.060639    0.002726    0.001674    9.859459    6.776406    1.967075    1.961576    1.727646    1.659011    0.827146    1.998877
Iteration: 930 bestvalit: 57.380000 bestmemit:    0.238854    0.055416    0.065721    0.058357    0.396149    0.347600    0.210943    0.183841    0.277403    0.105359    0.321594    0.485674    2.448834    0.060639    0.002726    0.001674    9.859459    6.776406    1.967075    1.961576    1.727646    1.659011    0.827146    1.998877
Iteration: 931 bestvalit: 57.380000 bestmemit:    0.238854    0.055416    0.065721    0.058357    0.396149    0.347600    0.210943    0.183841    0.277403    0.105359    0.321594    0.485674    2.448834    0.060639    0.002726    0.001674    9.859459    6.776406    1.967075    1.961576    1.727646    1.659011    0.827146    1.998877
Iteration: 932 bestvalit: 57.365000 bestmemit:    0.238854    0.055416    0.065721    0.058357    0.396149    0.347600    0.210943    0.183841    0.277403    0.105359    0.321594    0.485674    2.448834    0.060639    0.002726    0.001674    9.882163    6.776406    1.967075    1.961576    1.727646    1.659011    0.827146    1.998877
Iteration: 933 bestvalit: 57.365000 bestmemit:    0.238854    0.055416    0.065721    0.058357    0.396149    0.347600    0.210943    0.183841    0.277403    0.105359    0.321594    0.485674    2.448834    0.060639    0.002726    0.001674    9.882163    6.776406    1.967075    1.961576    1.727646    1.659011    0.827146    1.998877
Iteration: 934 bestvalit: 57.365000 bestmemit:    0.238854    0.055416    0.065721    0.058357    0.396149    0.347600    0.210943    0.183841    0.277403    0.105359    0.321594    0.485674    2.448834    0.060639    0.002726    0.001674    9.882163    6.776406    1.967075    1.961576    1.727646    1.659011    0.827146    1.998877
Iteration: 935 bestvalit: 57.365000 bestmemit:    0.238854    0.055416    0.065721    0.058357    0.396149    0.347600    0.210943    0.183841    0.277403    0.105359    0.321594    0.485674    2.448834    0.060639    0.002726    0.001674    9.882163    6.776406    1.967075    1.961576    1.727646    1.659011    0.827146    1.998877
Iteration: 936 bestvalit: 57.365000 bestmemit:    0.238854    0.055416    0.065721    0.058357    0.396149    0.347600    0.210943    0.183841    0.277403    0.105359    0.321594    0.485674    2.448834    0.060639    0.002726    0.001674    9.882163    6.776406    1.967075    1.961576    1.727646    1.659011    0.827146    1.998877
Iteration: 937 bestvalit: 57.365000 bestmemit:    0.238854    0.055416    0.065721    0.058357    0.396149    0.347600    0.210943    0.183841    0.277403    0.105359    0.321594    0.485674    2.448834    0.060639    0.002726    0.001674    9.882163    6.776406    1.967075    1.961576    1.727646    1.659011    0.827146    1.998877
Iteration: 938 bestvalit: 57.365000 bestmemit:    0.238854    0.055416    0.065721    0.058357    0.396149    0.347600    0.210943    0.183841    0.277403    0.105359    0.321594    0.485674    2.448834    0.060639    0.002726    0.001674    9.882163    6.776406    1.967075    1.961576    1.727646    1.659011    0.827146    1.998877
Iteration: 939 bestvalit: 57.365000 bestmemit:    0.238854    0.055416    0.065721    0.058357    0.396149    0.347600    0.210943    0.183841    0.277403    0.105359    0.321594    0.485674    2.448834    0.060639    0.002726    0.001674    9.882163    6.776406    1.967075    1.961576    1.727646    1.659011    0.827146    1.998877
Iteration: 940 bestvalit: 57.365000 bestmemit:    0.238854    0.055416    0.065721    0.058357    0.396149    0.347600    0.210943    0.183841    0.277403    0.105359    0.321594    0.485674    2.448834    0.060639    0.002726    0.001674    9.882163    6.776406    1.967075    1.961576    1.727646    1.659011    0.827146    1.998877
Iteration: 941 bestvalit: 57.365000 bestmemit:    0.238854    0.055416    0.065721    0.058357    0.396149    0.347600    0.210943    0.183841    0.277403    0.105359    0.321594    0.485674    2.448834    0.060639    0.002726    0.001674    9.882163    6.776406    1.967075    1.961576    1.727646    1.659011    0.827146    1.998877
Iteration: 942 bestvalit: 57.365000 bestmemit:    0.238854    0.055416    0.065721    0.058357    0.396149    0.347600    0.210943    0.183841    0.277403    0.105359    0.321594    0.485674    2.448834    0.060639    0.002726    0.001674    9.882163    6.776406    1.967075    1.961576    1.727646    1.659011    0.827146    1.998877
Iteration: 943 bestvalit: 57.365000 bestmemit:    0.238854    0.055416    0.065721    0.058357    0.396149    0.347600    0.210943    0.183841    0.277403    0.105359    0.321594    0.485674    2.448834    0.060639    0.002726    0.001674    9.882163    6.776406    1.967075    1.961576    1.727646    1.659011    0.827146    1.998877
Iteration: 944 bestvalit: 57.365000 bestmemit:    0.238854    0.055416    0.065721    0.058357    0.396149    0.347600    0.210943    0.183841    0.277403    0.105359    0.321594    0.485674    2.448834    0.060639    0.002726    0.001674    9.882163    6.776406    1.967075    1.961576    1.727646    1.659011    0.827146    1.998877
Iteration: 945 bestvalit: 57.365000 bestmemit:    0.238854    0.055416    0.065721    0.058357    0.396149    0.347600    0.210943    0.183841    0.277403    0.105359    0.321594    0.485674    2.448834    0.060639    0.002726    0.001674    9.882163    6.776406    1.967075    1.961576    1.727646    1.659011    0.827146    1.998877
Iteration: 946 bestvalit: 57.365000 bestmemit:    0.238854    0.055416    0.065721    0.058357    0.396149    0.347600    0.210943    0.183841    0.277403    0.105359    0.321594    0.485674    2.448834    0.060639    0.002726    0.001674    9.882163    6.776406    1.967075    1.961576    1.727646    1.659011    0.827146    1.998877
Iteration: 947 bestvalit: 57.365000 bestmemit:    0.238854    0.055416    0.065721    0.058357    0.396149    0.347600    0.210943    0.183841    0.277403    0.105359    0.321594    0.485674    2.448834    0.060639    0.002726    0.001674    9.882163    6.776406    1.967075    1.961576    1.727646    1.659011    0.827146    1.998877
Iteration: 948 bestvalit: 57.365000 bestmemit:    0.238854    0.055416    0.065721    0.058357    0.396149    0.347600    0.210943    0.183841    0.277403    0.105359    0.321594    0.485674    2.448834    0.060639    0.002726    0.001674    9.882163    6.776406    1.967075    1.961576    1.727646    1.659011    0.827146    1.998877
Iteration: 949 bestvalit: 57.365000 bestmemit:    0.238854    0.055416    0.065721    0.058357    0.396149    0.347600    0.210943    0.183841    0.277403    0.105359    0.321594    0.485674    2.448834    0.060639    0.002726    0.001674    9.882163    6.776406    1.967075    1.961576    1.727646    1.659011    0.827146    1.998877
Iteration: 950 bestvalit: 57.365000 bestmemit:    0.238854    0.055416    0.065721    0.058357    0.396149    0.347600    0.210943    0.183841    0.277403    0.105359    0.321594    0.485674    2.448834    0.060639    0.002726    0.001674    9.882163    6.776406    1.967075    1.961576    1.727646    1.659011    0.827146    1.998877
Iteration: 951 bestvalit: 57.365000 bestmemit:    0.238854    0.055416    0.065721    0.058357    0.396149    0.347600    0.210943    0.183841    0.277403    0.105359    0.321594    0.485674    2.448834    0.060639    0.002726    0.001674    9.882163    6.776406    1.967075    1.961576    1.727646    1.659011    0.827146    1.998877
Iteration: 952 bestvalit: 57.365000 bestmemit:    0.238854    0.055416    0.065721    0.058357    0.396149    0.347600    0.210943    0.183841    0.277403    0.105359    0.321594    0.485674    2.448834    0.060639    0.002726    0.001674    9.882163    6.776406    1.967075    1.961576    1.727646    1.659011    0.827146    1.998877
Iteration: 953 bestvalit: 57.365000 bestmemit:    0.238854    0.055416    0.065721    0.058357    0.396149    0.347600    0.210943    0.183841    0.277403    0.105359    0.321594    0.485674    2.448834    0.060639    0.002726    0.001674    9.882163    6.776406    1.967075    1.961576    1.727646    1.659011    0.827146    1.998877
Iteration: 954 bestvalit: 57.365000 bestmemit:    0.238854    0.055416    0.065721    0.058357    0.396149    0.347600    0.210943    0.183841    0.277403    0.105359    0.321594    0.485674    2.448834    0.060639    0.002726    0.001674    9.882163    6.776406    1.967075    1.961576    1.727646    1.659011    0.827146    1.998877
Iteration: 955 bestvalit: 57.365000 bestmemit:    0.238854    0.055416    0.065721    0.058357    0.396149    0.347600    0.210943    0.183841    0.277403    0.105359    0.321594    0.485674    2.448834    0.060639    0.002726    0.001674    9.882163    6.776406    1.967075    1.961576    1.727646    1.659011    0.827146    1.998877
Iteration: 956 bestvalit: 57.365000 bestmemit:    0.238854    0.055416    0.065721    0.058357    0.396149    0.347600    0.210943    0.183841    0.277403    0.105359    0.321594    0.485674    2.448834    0.060639    0.002726    0.001674    9.882163    6.776406    1.967075    1.961576    1.727646    1.659011    0.827146    1.998877
Iteration: 957 bestvalit: 57.365000 bestmemit:    0.238854    0.055416    0.065721    0.058357    0.396149    0.347600    0.210943    0.183841    0.277403    0.105359    0.321594    0.485674    2.448834    0.060639    0.002726    0.001674    9.882163    6.776406    1.967075    1.961576    1.727646    1.659011    0.827146    1.998877
Iteration: 958 bestvalit: 57.365000 bestmemit:    0.238854    0.055416    0.065721    0.058357    0.396149    0.347600    0.210943    0.183841    0.277403    0.105359    0.321594    0.485674    2.448834    0.060639    0.002726    0.001674    9.882163    6.776406    1.967075    1.961576    1.727646    1.659011    0.827146    1.998877
Iteration: 959 bestvalit: 57.365000 bestmemit:    0.238854    0.055416    0.065721    0.058357    0.396149    0.347600    0.210943    0.183841    0.277403    0.105359    0.321594    0.485674    2.448834    0.060639    0.002726    0.001674    9.882163    6.776406    1.967075    1.961576    1.727646    1.659011    0.827146    1.998877
Iteration: 960 bestvalit: 57.365000 bestmemit:    0.238854    0.055416    0.065721    0.058357    0.396149    0.347600    0.210943    0.183841    0.277403    0.105359    0.321594    0.485674    2.448834    0.060639    0.002726    0.001674    9.882163    6.776406    1.967075    1.961576    1.727646    1.659011    0.827146    1.998877
Iteration: 961 bestvalit: 57.365000 bestmemit:    0.238854    0.055416    0.065721    0.058357    0.396149    0.347600    0.210943    0.183841    0.277403    0.105359    0.321594    0.485674    2.448834    0.060639    0.002726    0.001674    9.882163    6.776406    1.967075    1.961576    1.727646    1.659011    0.827146    1.998877
Iteration: 962 bestvalit: 57.365000 bestmemit:    0.238854    0.055416    0.065721    0.058357    0.396149    0.347600    0.210943    0.183841    0.277403    0.105359    0.321594    0.485674    2.448834    0.060639    0.002726    0.001674    9.882163    6.776406    1.967075    1.961576    1.727646    1.659011    0.827146    1.998877
Iteration: 963 bestvalit: 57.365000 bestmemit:    0.238854    0.055416    0.065721    0.058357    0.396149    0.347600    0.210943    0.183841    0.277403    0.105359    0.321594    0.485674    2.448834    0.060639    0.002726    0.001674    9.882163    6.776406    1.967075    1.961576    1.727646    1.659011    0.827146    1.998877
Iteration: 964 bestvalit: 57.365000 bestmemit:    0.238854    0.055416    0.065721    0.058357    0.396149    0.347600    0.210943    0.183841    0.277403    0.105359    0.321594    0.485674    2.448834    0.060639    0.002726    0.001674    9.882163    6.776406    1.967075    1.961576    1.727646    1.659011    0.827146    1.998877
Iteration: 965 bestvalit: 57.365000 bestmemit:    0.238854    0.055416    0.065721    0.058357    0.396149    0.347600    0.210943    0.183841    0.277403    0.105359    0.321594    0.485674    2.448834    0.060639    0.002726    0.001674    9.882163    6.776406    1.967075    1.961576    1.727646    1.659011    0.827146    1.998877
Iteration: 966 bestvalit: 57.365000 bestmemit:    0.238854    0.055416    0.065721    0.058357    0.396149    0.347600    0.210943    0.183841    0.277403    0.105359    0.321594    0.485674    2.448834    0.060639    0.002726    0.001674    9.882163    6.776406    1.967075    1.961576    1.727646    1.659011    0.827146    1.998877
Iteration: 967 bestvalit: 57.365000 bestmemit:    0.238854    0.055416    0.065721    0.058357    0.396149    0.347600    0.210943    0.183841    0.277403    0.105359    0.321594    0.485674    2.448834    0.060639    0.002726    0.001674    9.882163    6.776406    1.967075    1.961576    1.727646    1.659011    0.827146    1.998877
Iteration: 968 bestvalit: 57.365000 bestmemit:    0.238854    0.055416    0.065721    0.058357    0.396149    0.347600    0.210943    0.183841    0.277403    0.105359    0.321594    0.485674    2.448834    0.060639    0.002726    0.001674    9.882163    6.776406    1.967075    1.961576    1.727646    1.659011    0.827146    1.998877
Iteration: 969 bestvalit: 57.365000 bestmemit:    0.238854    0.055416    0.065721    0.058357    0.396149    0.347600    0.210943    0.183841    0.277403    0.105359    0.321594    0.485674    2.448834    0.060639    0.002726    0.001674    9.882163    6.776406    1.967075    1.961576    1.727646    1.659011    0.827146    1.998877
Iteration: 970 bestvalit: 57.365000 bestmemit:    0.238854    0.055416    0.065721    0.058357    0.396149    0.347600    0.210943    0.183841    0.277403    0.105359    0.321594    0.485674    2.448834    0.060639    0.002726    0.001674    9.882163    6.776406    1.967075    1.961576    1.727646    1.659011    0.827146    1.998877
Iteration: 971 bestvalit: 57.365000 bestmemit:    0.238854    0.055416    0.065721    0.058357    0.396149    0.347600    0.210943    0.183841    0.277403    0.105359    0.321594    0.485674    2.448834    0.060639    0.002726    0.001674    9.882163    6.776406    1.967075    1.961576    1.727646    1.659011    0.827146    1.998877
Iteration: 972 bestvalit: 57.365000 bestmemit:    0.238854    0.055416    0.065721    0.058357    0.396149    0.347600    0.210943    0.183841    0.277403    0.105359    0.321594    0.485674    2.448834    0.060639    0.002726    0.001674    9.882163    6.776406    1.967075    1.961576    1.727646    1.659011    0.827146    1.998877
Iteration: 973 bestvalit: 57.365000 bestmemit:    0.238854    0.055416    0.065721    0.058357    0.396149    0.347600    0.210943    0.183841    0.277403    0.105359    0.321594    0.485674    2.448834    0.060639    0.002726    0.001674    9.882163    6.776406    1.967075    1.961576    1.727646    1.659011    0.827146    1.998877
Iteration: 974 bestvalit: 57.365000 bestmemit:    0.238854    0.055416    0.065721    0.058357    0.396149    0.347600    0.210943    0.183841    0.277403    0.105359    0.321594    0.485674    2.448834    0.060639    0.002726    0.001674    9.882163    6.776406    1.967075    1.961576    1.727646    1.659011    0.827146    1.998877
Iteration: 975 bestvalit: 57.365000 bestmemit:    0.238854    0.055416    0.065721    0.058357    0.396149    0.347600    0.210943    0.183841    0.277403    0.105359    0.321594    0.485674    2.448834    0.060639    0.002726    0.001674    9.882163    6.776406    1.967075    1.961576    1.727646    1.659011    0.827146    1.998877
Iteration: 976 bestvalit: 57.365000 bestmemit:    0.238854    0.055416    0.065721    0.058357    0.396149    0.347600    0.210943    0.183841    0.277403    0.105359    0.321594    0.485674    2.448834    0.060639    0.002726    0.001674    9.882163    6.776406    1.967075    1.961576    1.727646    1.659011    0.827146    1.998877
Iteration: 977 bestvalit: 57.365000 bestmemit:    0.238854    0.055416    0.065721    0.058357    0.396149    0.347600    0.210943    0.183841    0.277403    0.105359    0.321594    0.485674    2.448834    0.060639    0.002726    0.001674    9.882163    6.776406    1.967075    1.961576    1.727646    1.659011    0.827146    1.998877
Iteration: 978 bestvalit: 57.365000 bestmemit:    0.238854    0.055416    0.065721    0.058357    0.396149    0.347600    0.210943    0.183841    0.277403    0.105359    0.321594    0.485674    2.448834    0.060639    0.002726    0.001674    9.882163    6.776406    1.967075    1.961576    1.727646    1.659011    0.827146    1.998877
Iteration: 979 bestvalit: 57.365000 bestmemit:    0.238854    0.055416    0.065721    0.058357    0.396149    0.347600    0.210943    0.183841    0.277403    0.105359    0.321594    0.485674    2.448834    0.060639    0.002726    0.001674    9.882163    6.776406    1.967075    1.961576    1.727646    1.659011    0.827146    1.998877
Iteration: 980 bestvalit: 57.365000 bestmemit:    0.238854    0.055416    0.065721    0.058357    0.396149    0.347600    0.210943    0.183841    0.277403    0.105359    0.321594    0.485674    2.448834    0.060639    0.002726    0.001674    9.882163    6.776406    1.967075    1.961576    1.727646    1.659011    0.827146    1.998877
Iteration: 981 bestvalit: 57.365000 bestmemit:    0.238854    0.055416    0.065721    0.058357    0.396149    0.347600    0.210943    0.183841    0.277403    0.105359    0.321594    0.485674    2.448834    0.060639    0.002726    0.001674    9.882163    6.776406    1.967075    1.961576    1.727646    1.659011    0.827146    1.998877
Iteration: 982 bestvalit: 57.365000 bestmemit:    0.238854    0.055416    0.065721    0.058357    0.396149    0.347600    0.210943    0.183841    0.277403    0.105359    0.321594    0.485674    2.448834    0.060639    0.002726    0.001674    9.882163    6.776406    1.967075    1.961576    1.727646    1.659011    0.827146    1.998877
Iteration: 983 bestvalit: 57.365000 bestmemit:    0.238854    0.055416    0.065721    0.058357    0.396149    0.347600    0.210943    0.183841    0.277403    0.105359    0.321594    0.485674    2.448834    0.060639    0.002726    0.001674    9.882163    6.776406    1.967075    1.961576    1.727646    1.659011    0.827146    1.998877
Iteration: 984 bestvalit: 57.365000 bestmemit:    0.238854    0.055416    0.065721    0.058357    0.396149    0.347600    0.210943    0.183841    0.277403    0.105359    0.321594    0.485674    2.448834    0.060639    0.002726    0.001674    9.882163    6.776406    1.967075    1.961576    1.727646    1.659011    0.827146    1.998877
Iteration: 985 bestvalit: 57.365000 bestmemit:    0.238854    0.055416    0.065721    0.058357    0.396149    0.347600    0.210943    0.183841    0.277403    0.105359    0.321594    0.485674    2.448834    0.060639    0.002726    0.001674    9.882163    6.776406    1.967075    1.961576    1.727646    1.659011    0.827146    1.998877
Iteration: 986 bestvalit: 57.365000 bestmemit:    0.238854    0.055416    0.065721    0.058357    0.396149    0.347600    0.210943    0.183841    0.277403    0.105359    0.321594    0.485674    2.448834    0.060639    0.002726    0.001674    9.882163    6.776406    1.967075    1.961576    1.727646    1.659011    0.827146    1.998877
Iteration: 987 bestvalit: 57.365000 bestmemit:    0.238854    0.055416    0.065721    0.058357    0.396149    0.347600    0.210943    0.183841    0.277403    0.105359    0.321594    0.485674    2.448834    0.060639    0.002726    0.001674    9.882163    6.776406    1.967075    1.961576    1.727646    1.659011    0.827146    1.998877
Iteration: 988 bestvalit: 57.365000 bestmemit:    0.238854    0.055416    0.065721    0.058357    0.396149    0.347600    0.210943    0.183841    0.277403    0.105359    0.321594    0.485674    2.448834    0.060639    0.002726    0.001674    9.882163    6.776406    1.967075    1.961576    1.727646    1.659011    0.827146    1.998877
Iteration: 989 bestvalit: 57.365000 bestmemit:    0.238854    0.055416    0.065721    0.058357    0.396149    0.347600    0.210943    0.183841    0.277403    0.105359    0.321594    0.485674    2.448834    0.060639    0.002726    0.001674    9.882163    6.776406    1.967075    1.961576    1.727646    1.659011    0.827146    1.998877
Iteration: 990 bestvalit: 57.365000 bestmemit:    0.238854    0.055416    0.065721    0.058357    0.396149    0.347600    0.210943    0.183841    0.277403    0.105359    0.321594    0.485674    2.448834    0.060639    0.002726    0.001674    9.882163    6.776406    1.967075    1.961576    1.727646    1.659011    0.827146    1.998877
Iteration: 991 bestvalit: 57.365000 bestmemit:    0.238854    0.055416    0.065721    0.058357    0.396149    0.347600    0.210943    0.183841    0.277403    0.105359    0.321594    0.485674    2.448834    0.060639    0.002726    0.001674    9.882163    6.776406    1.967075    1.961576    1.727646    1.659011    0.827146    1.998877
Iteration: 992 bestvalit: 57.365000 bestmemit:    0.238854    0.055416    0.065721    0.058357    0.396149    0.347600    0.210943    0.183841    0.277403    0.105359    0.321594    0.485674    2.448834    0.060639    0.002726    0.001674    9.882163    6.776406    1.967075    1.961576    1.727646    1.659011    0.827146    1.998877
Iteration: 993 bestvalit: 57.365000 bestmemit:    0.238854    0.055416    0.065721    0.058357    0.396149    0.347600    0.210943    0.183841    0.277403    0.105359    0.321594    0.485674    2.448834    0.060639    0.002726    0.001674    9.882163    6.776406    1.967075    1.961576    1.727646    1.659011    0.827146    1.998877
Iteration: 994 bestvalit: 57.365000 bestmemit:    0.238854    0.055416    0.065721    0.058357    0.396149    0.347600    0.210943    0.183841    0.277403    0.105359    0.321594    0.485674    2.448834    0.060639    0.002726    0.001674    9.882163    6.776406    1.967075    1.961576    1.727646    1.659011    0.827146    1.998877
Iteration: 995 bestvalit: 57.365000 bestmemit:    0.238854    0.055416    0.065721    0.058357    0.396149    0.347600    0.210943    0.183841    0.277403    0.105359    0.321594    0.485674    2.448834    0.060639    0.002726    0.001674    9.882163    6.776406    1.967075    1.961576    1.727646    1.659011    0.827146    1.998877
Iteration: 996 bestvalit: 57.365000 bestmemit:    0.238854    0.055416    0.065721    0.058357    0.396149    0.347600    0.210943    0.183841    0.277403    0.105359    0.321594    0.485674    2.448834    0.060639    0.002726    0.001674    9.882163    6.776406    1.967075    1.961576    1.727646    1.659011    0.827146    1.998877
Iteration: 997 bestvalit: 57.365000 bestmemit:    0.238854    0.055416    0.065721    0.058357    0.396149    0.347600    0.210943    0.183841    0.277403    0.105359    0.321594    0.485674    2.448834    0.060639    0.002726    0.001674    9.882163    6.776406    1.967075    1.961576    1.727646    1.659011    0.827146    1.998877
Iteration: 998 bestvalit: 57.365000 bestmemit:    0.238854    0.055416    0.065721    0.058357    0.396149    0.347600    0.210943    0.183841    0.277403    0.105359    0.321594    0.485674    2.448834    0.060639    0.002726    0.001674    9.882163    6.776406    1.967075    1.961576    1.727646    1.659011    0.827146    1.998877
Iteration: 999 bestvalit: 57.365000 bestmemit:    0.238854    0.055416    0.065721    0.058357    0.396149    0.347600    0.210943    0.183841    0.277403    0.105359    0.321594    0.485674    2.448834    0.060639    0.002726    0.001674    9.882163    6.776406    1.967075    1.961576    1.727646    1.659011    0.827146    1.998877
Iteration: 1000 bestvalit: 57.365000 bestmemit:    0.238854    0.055416    0.065721    0.058357    0.396149    0.347600    0.210943    0.183841    0.277403    0.105359    0.321594    0.485674    2.448834    0.060639    0.002726    0.001674    9.882163    6.776406    1.967075    1.961576    1.727646    1.659011    0.827146    1.998877
       par1        par2        par3        par4        par5        par6        par7        par8        par9       par10 
0.238853868 0.055415741 0.065720691 0.058356579 0.396149357 0.347599789 0.210942591 0.183840635 0.277403310 0.105358751 
      par11       par12       par13       par14       par15       par16       par17       par18       par19       par20 
0.321593816 0.485673860 2.448834261 0.060638955 0.002725867 0.001674299 9.882162894 6.776405677 1.967075462 1.961576301 
      par21       par22       par23       par24 
1.727646297 1.659011321 0.827146028 1.998877089 
