Iteration: 1 bestvalit: 822.620000 bestmemit:    0.275112    0.003471    0.045324    0.072876    0.927137    0.255979    0.343643    0.184176    0.381149    0.723912    0.196481    0.400425    0.693295    0.054835    0.025196    0.009623    7.357973    5.969716    1.892491    1.713237    1.942081    1.638254    0.304395    0.840798    2.177515
Iteration: 2 bestvalit: 822.615000 bestmemit:    0.275112    0.003471    0.045324    0.072876    0.927137    0.255979    0.343643    0.184176    0.381149    0.723912    0.196481    0.400425    0.693295    0.054835    0.025196    0.009623    7.357973    5.969716    1.892491    1.713237    1.942081    1.638254    0.304395    0.838609    2.177515
Iteration: 3 bestvalit: 730.645000 bestmemit:    0.288063    0.008735    0.083231    0.062303    0.674032    0.339405    0.484039    0.346769    0.237379    0.397774    0.489950    0.314310    0.184700    0.080332    0.084561    0.024266    5.692666    9.707265    0.734381    1.920152    1.948408    1.886477    0.884162    0.822462    1.887483
Iteration: 4 bestvalit: 696.060000 bestmemit:    0.288063    0.008735    0.083231    0.062303    0.674032    0.339405    0.484039    0.346769    0.172014    0.599414    0.489950    0.314310    0.184700    0.080332    0.084561    0.024266    5.692666    9.707265    0.734381    1.920152    1.948408    1.886477    0.884162    0.822462    1.887483
Iteration: 5 bestvalit: 696.060000 bestmemit:    0.288063    0.008735    0.083231    0.062303    0.674032    0.339405    0.484039    0.346769    0.172014    0.599414    0.489950    0.314310    0.184700    0.080332    0.084561    0.024266    5.692666    9.707265    0.734381    1.920152    1.948408    1.886477    0.884162    0.822462    1.887483
Iteration: 6 bestvalit: 696.060000 bestmemit:    0.288063    0.008735    0.083231    0.062303    0.674032    0.339405    0.484039    0.346769    0.172014    0.599414    0.489950    0.314310    0.184700    0.080332    0.084561    0.024266    5.692666    9.707265    0.734381    1.920152    1.948408    1.886477    0.884162    0.822462    1.887483
Iteration: 7 bestvalit: 696.060000 bestmemit:    0.288063    0.008735    0.083231    0.062303    0.674032    0.339405    0.484039    0.346769    0.172014    0.599414    0.489950    0.314310    0.184700    0.080332    0.084561    0.024266    5.692666    9.707265    0.734381    1.920152    1.948408    1.886477    0.884162    0.822462    1.887483
Iteration: 8 bestvalit: 651.790000 bestmemit:    0.256764    0.025597    0.077982    0.017292    0.299415    0.405422    0.277449    0.421933    0.111525    0.134357    0.226376    0.122866    1.394679    0.022977    0.004776    0.040800    8.960818    9.738062    1.544891    1.525033    1.950388    1.952604    0.782522    0.961165    1.908687
Iteration: 9 bestvalit: 597.120000 bestmemit:    0.287213    0.012601    0.051832    0.053111    0.976184    0.186769    0.063216    0.232926    0.093691    0.444422    0.230439    0.374124    4.784927    0.046120    0.025393    0.036962    9.829083    8.843830    1.474168    1.898026    1.593770    1.610349    0.530169    0.886959    1.969563
Iteration: 10 bestvalit: 512.425000 bestmemit:    0.301029    0.016065    0.077514    0.079822    0.284802    0.404820    0.337265    0.376027    0.247210    0.411469    0.415653    0.302765    4.598435    0.036735    0.031603    0.096958    8.200055    8.182809    0.979127    1.973283    1.916140    1.504874    0.917699    0.906292    1.892594
Iteration: 11 bestvalit: 512.425000 bestmemit:    0.301029    0.016065    0.077514    0.079822    0.284802    0.404820    0.337265    0.376027    0.247210    0.411469    0.415653    0.302765    4.598435    0.036735    0.031603    0.096958    8.200055    8.182809    0.979127    1.973283    1.916140    1.504874    0.917699    0.906292    1.892594
Iteration: 12 bestvalit: 472.500000 bestmemit:    0.301029    0.016065    0.077514    0.079822    0.284802    0.404820    0.337265    0.376027    0.247210    0.411469    0.333978    0.302765    4.598435    0.036735    0.031603    0.096958    8.200055    8.182809    0.979127    1.973283    1.916140    1.504874    0.917699    0.906292    1.892594
Iteration: 13 bestvalit: 456.540000 bestmemit:    0.301029    0.016065    0.077514    0.079822    0.284802    0.404820    0.337265    0.376027    0.247210    0.411469    0.333978    0.302765    4.598435    0.036735    0.031603    0.022399    8.200055    8.182809    0.979127    1.973283    1.916140    1.504874    0.917699    0.906292    1.892594
Iteration: 14 bestvalit: 456.540000 bestmemit:    0.301029    0.016065    0.077514    0.079822    0.284802    0.404820    0.337265    0.376027    0.247210    0.411469    0.333978    0.302765    4.598435    0.036735    0.031603    0.022399    8.200055    8.182809    0.979127    1.973283    1.916140    1.504874    0.917699    0.906292    1.892594
Iteration: 15 bestvalit: 398.765000 bestmemit:    0.256764    0.025597    0.077982    0.017292    0.299415    0.405422    0.277449    0.421933    0.111525    0.363677    0.226376    0.122866    1.394679    0.022977    0.004776    0.040800    8.960818    9.738062    1.544891    1.785252    1.866218    1.676640    0.782522    0.961165    1.908687
Iteration: 16 bestvalit: 398.750000 bestmemit:    0.256764    0.025597    0.077982    0.017292    0.299415    0.405422    0.277449    0.421933    0.111525    0.363677    0.226376    0.122866    1.394679    0.022977    0.004776    0.040800    8.960818    9.738062    1.544891    1.785252    1.866218    1.569631    0.782804    0.961165    1.908687
Iteration: 17 bestvalit: 398.750000 bestmemit:    0.256764    0.025597    0.077982    0.017292    0.299415    0.405422    0.277449    0.421933    0.111525    0.363677    0.226376    0.122866    1.394679    0.022977    0.004776    0.040800    8.960818    9.738062    1.544891    1.785252    1.866218    1.569631    0.782804    0.961165    1.908687
Iteration: 18 bestvalit: 398.750000 bestmemit:    0.256764    0.025597    0.077982    0.017292    0.299415    0.405422    0.277449    0.421933    0.111525    0.363677    0.226376    0.122866    1.394679    0.022977    0.004776    0.040800    8.960818    9.738062    1.544891    1.785252    1.866218    1.569631    0.782804    0.961165    1.908687
Iteration: 19 bestvalit: 398.750000 bestmemit:    0.256764    0.025597    0.077982    0.017292    0.299415    0.405422    0.277449    0.421933    0.111525    0.363677    0.226376    0.122866    1.394679    0.022977    0.004776    0.040800    8.960818    9.738062    1.544891    1.785252    1.866218    1.569631    0.782804    0.961165    1.908687
Iteration: 20 bestvalit: 398.750000 bestmemit:    0.256764    0.025597    0.077982    0.017292    0.299415    0.405422    0.277449    0.421933    0.111525    0.363677    0.226376    0.122866    1.394679    0.022977    0.004776    0.040800    8.960818    9.738062    1.544891    1.785252    1.866218    1.569631    0.782804    0.961165    1.908687
Iteration: 21 bestvalit: 398.750000 bestmemit:    0.256764    0.025597    0.077982    0.017292    0.299415    0.405422    0.277449    0.421933    0.111525    0.363677    0.226376    0.122866    1.394679    0.022977    0.004776    0.040800    8.960818    9.738062    1.544891    1.785252    1.866218    1.569631    0.782804    0.961165    1.908687
Iteration: 22 bestvalit: 398.750000 bestmemit:    0.256764    0.025597    0.077982    0.017292    0.299415    0.405422    0.277449    0.421933    0.111525    0.363677    0.226376    0.122866    1.394679    0.022977    0.004776    0.040800    8.960818    9.738062    1.544891    1.785252    1.866218    1.569631    0.782804    0.961165    1.908687
Iteration: 23 bestvalit: 398.750000 bestmemit:    0.256764    0.025597    0.077982    0.017292    0.299415    0.405422    0.277449    0.421933    0.111525    0.363677    0.226376    0.122866    1.394679    0.022977    0.004776    0.040800    8.960818    9.738062    1.544891    1.785252    1.866218    1.569631    0.782804    0.961165    1.908687
Iteration: 24 bestvalit: 398.750000 bestmemit:    0.256764    0.025597    0.077982    0.017292    0.299415    0.405422    0.277449    0.421933    0.111525    0.363677    0.226376    0.122866    1.394679    0.022977    0.004776    0.040800    8.960818    9.738062    1.544891    1.785252    1.866218    1.569631    0.782804    0.961165    1.908687
Iteration: 25 bestvalit: 398.750000 bestmemit:    0.256764    0.025597    0.077982    0.017292    0.299415    0.405422    0.277449    0.421933    0.111525    0.363677    0.226376    0.122866    1.394679    0.022977    0.004776    0.040800    8.960818    9.738062    1.544891    1.785252    1.866218    1.569631    0.782804    0.961165    1.908687
Iteration: 26 bestvalit: 398.750000 bestmemit:    0.256764    0.025597    0.077982    0.017292    0.299415    0.405422    0.277449    0.421933    0.111525    0.363677    0.226376    0.122866    1.394679    0.022977    0.004776    0.040800    8.960818    9.738062    1.544891    1.785252    1.866218    1.646497    0.782804    0.961165    1.908687
Iteration: 27 bestvalit: 398.750000 bestmemit:    0.256764    0.025597    0.077982    0.017292    0.299415    0.405422    0.277449    0.421933    0.111525    0.363677    0.226376    0.122866    1.394679    0.022977    0.004776    0.040800    8.960818    9.738062    1.544891    1.785252    1.866218    1.646497    0.782804    0.961165    1.908687
Iteration: 28 bestvalit: 398.750000 bestmemit:    0.256764    0.025597    0.077982    0.017292    0.299415    0.405422    0.277449    0.421933    0.111525    0.363677    0.226376    0.122866    1.394679    0.022977    0.004776    0.040800    8.960818    9.738062    1.544891    1.785252    1.866218    1.646497    0.782804    0.961165    1.908687
Iteration: 29 bestvalit: 398.750000 bestmemit:    0.256764    0.025597    0.077982    0.017292    0.299415    0.405422    0.277449    0.421933    0.111525    0.363677    0.226376    0.122866    1.394679    0.022977    0.004776    0.040800    8.960818    9.738062    1.544891    1.785252    1.866218    1.646497    0.782804    0.961165    1.908687
Iteration: 30 bestvalit: 388.990000 bestmemit:    0.274710    0.035292    0.090770    0.014741    0.707622    0.462672    0.302199    0.266091    0.018659    0.548605    0.310015    0.201619    4.496496    0.013140    0.016987    0.089554    7.818700    8.808199    0.287018    1.861145    1.816371    1.908704    0.696540    1.165331    2.088386
Iteration: 31 bestvalit: 329.665000 bestmemit:    0.324719    0.017432    0.063645    0.075351    0.594335    0.473583    0.237160    0.206949    0.073045    0.545271    0.136000    0.376702    0.455437    0.025099    0.010018    0.008083    5.074813    9.559735    1.704034    1.923149    1.905169    1.652650    0.912605    0.929109    1.854807
Iteration: 32 bestvalit: 329.665000 bestmemit:    0.324719    0.017432    0.063645    0.075351    0.594335    0.473583    0.237160    0.206949    0.073045    0.545271    0.136000    0.376702    0.455437    0.025099    0.010018    0.008083    5.074813    9.559735    1.704034    1.923149    1.905169    1.652650    0.912605    0.929109    1.854807
Iteration: 33 bestvalit: 329.665000 bestmemit:    0.324719    0.017432    0.063645    0.075351    0.594335    0.473583    0.237160    0.206949    0.073045    0.545271    0.136000    0.376702    0.455437    0.025099    0.010018    0.008083    5.074813    9.559735    1.704034    1.923149    1.905169    1.652650    0.912605    0.929109    1.854807
Iteration: 34 bestvalit: 329.665000 bestmemit:    0.324719    0.017432    0.063645    0.075351    0.594335    0.473583    0.237160    0.206949    0.073045    0.545271    0.136000    0.376702    0.455437    0.025099    0.010018    0.008083    5.074813    9.559735    1.704034    1.923149    1.905169    1.652650    0.912605    0.929109    1.854807
Iteration: 35 bestvalit: 329.665000 bestmemit:    0.324719    0.017432    0.063645    0.075351    0.594335    0.473583    0.237160    0.206949    0.073045    0.545271    0.136000    0.376702    0.455437    0.025099    0.010018    0.008083    5.074813    9.559735    1.704034    1.923149    1.905169    1.652650    0.912605    0.929109    1.854807
Iteration: 36 bestvalit: 329.665000 bestmemit:    0.324719    0.017432    0.063645    0.075351    0.594335    0.473583    0.237160    0.206949    0.073045    0.545271    0.136000    0.376702    0.455437    0.025099    0.010018    0.008083    5.074813    9.559735    1.704034    1.923149    1.905169    1.652650    0.912605    0.929109    1.854807
Iteration: 37 bestvalit: 311.905000 bestmemit:    0.324719    0.017432    0.053048    0.065461    0.895166    0.473583    0.237160    0.206949    0.073045    0.545271    0.136000    0.376702    0.455437    0.025099    0.010018    0.008083    5.074813    9.559735    1.704034    1.923149    1.905169    1.652650    0.912605    0.929109    1.854807
Iteration: 38 bestvalit: 311.905000 bestmemit:    0.324719    0.017432    0.053048    0.065461    0.895166    0.473583    0.237160    0.206949    0.073045    0.545271    0.136000    0.376702    0.455437    0.025099    0.010018    0.008083    5.074813    9.559735    1.704034    1.923149    1.905169    1.652650    0.912605    0.929109    1.854807
Iteration: 39 bestvalit: 311.905000 bestmemit:    0.324719    0.017432    0.053048    0.065461    0.895166    0.473583    0.237160    0.206949    0.073045    0.545271    0.136000    0.376702    0.455437    0.025099    0.010018    0.008083    5.074813    9.559735    1.704034    1.923149    1.905169    1.652650    0.912605    0.929109    1.854807
Iteration: 40 bestvalit: 298.265000 bestmemit:    0.259548    0.006715    0.021832    0.009698    0.763137    0.369623    0.439408    0.462565    0.072247    0.242044    0.063222    0.491505    1.792751    0.043469    0.017251    0.052892    7.471108    8.914577    0.517706    1.972077    1.983590    1.644078    0.744572    1.197928    1.873274
Iteration: 41 bestvalit: 298.265000 bestmemit:    0.259548    0.006715    0.021832    0.009698    0.763137    0.369623    0.439408    0.462565    0.072247    0.242044    0.063222    0.491505    1.792751    0.043469    0.017251    0.052892    7.471108    8.914577    0.517706    1.972077    1.983590    1.644078    0.744572    1.197928    1.873274
Iteration: 42 bestvalit: 296.690000 bestmemit:    0.288063    0.008735    0.083231    0.062303    0.674032    0.339405    0.484039    0.153560    0.172014    0.404686    0.123843    0.267830    0.184700    0.080332    0.021329    0.025065    9.228381    8.684618    0.822484    1.950948    1.948408    1.886477    0.884162    0.822462    1.847214
Iteration: 43 bestvalit: 296.690000 bestmemit:    0.288063    0.008735    0.083231    0.062303    0.674032    0.339405    0.484039    0.153560    0.172014    0.404686    0.123843    0.267830    0.184700    0.080332    0.021329    0.025065    9.228381    8.684618    0.822484    1.950948    1.948408    1.886477    0.884162    0.822462    1.847214
Iteration: 44 bestvalit: 296.690000 bestmemit:    0.288063    0.008735    0.083231    0.062303    0.674032    0.339405    0.484039    0.153560    0.172014    0.404686    0.123843    0.267830    0.184700    0.080332    0.021329    0.025065    9.228381    8.684618    0.822484    1.950948    1.948408    1.886477    0.884162    0.822462    1.847214
Iteration: 45 bestvalit: 296.690000 bestmemit:    0.288063    0.008735    0.083231    0.062303    0.674032    0.339405    0.484039    0.153560    0.172014    0.404686    0.123843    0.267830    0.184700    0.080332    0.021329    0.025065    9.228381    8.684618    0.822484    1.950948    1.948408    1.886477    0.884162    0.822462    1.847214
Iteration: 46 bestvalit: 285.080000 bestmemit:    0.288063    0.008735    0.083231    0.062303    0.674032    0.339405    0.484039    0.153560    0.172014    0.404686    0.123843    0.267830    0.184700    0.080332    0.021329    0.025065    9.228381    8.684618    0.621948    1.950948    1.948408    1.886477    0.884162    0.822462    1.847214
Iteration: 47 bestvalit: 285.080000 bestmemit:    0.288063    0.008735    0.083231    0.062303    0.674032    0.339405    0.484039    0.153560    0.172014    0.404686    0.123843    0.267830    0.184700    0.080332    0.021329    0.025065    9.228381    8.684618    0.621948    1.950948    1.948408    1.886477    0.884162    0.822462    1.847214
Iteration: 48 bestvalit: 285.080000 bestmemit:    0.288063    0.008735    0.083231    0.062303    0.674032    0.339405    0.484039    0.153560    0.172014    0.404686    0.123843    0.267830    0.184700    0.080332    0.021329    0.025065    9.228381    8.684618    0.621948    1.950948    1.948408    1.886477    0.884162    0.822462    1.847214
Iteration: 49 bestvalit: 276.180000 bestmemit:    0.288063    0.008735    0.083231    0.062303    0.674032    0.339405    0.484039    0.153560    0.170455    0.383382    0.123843    0.267830    0.184700    0.080332    0.021329    0.025065    9.228381    8.684618    0.621948    1.950948    1.948408    1.886477    0.884162    0.822462    1.847214
Iteration: 50 bestvalit: 276.180000 bestmemit:    0.288063    0.008735    0.083231    0.062303    0.674032    0.339405    0.484039    0.153560    0.170455    0.383382    0.123843    0.267830    0.184700    0.080332    0.021329    0.025065    9.228381    8.684618    0.621948    1.950948    1.948408    1.886477    0.884162    0.822462    1.847214
Iteration: 51 bestvalit: 268.270000 bestmemit:    0.288063    0.008735    0.083231    0.062303    0.674032    0.339405    0.484039    0.153560    0.170455    0.383382    0.123843    0.267830    0.184700    0.080332    0.021329    0.025065    9.228381    9.400224    0.621948    1.950948    1.948408    1.886477    0.884162    0.822462    1.847214
Iteration: 52 bestvalit: 268.270000 bestmemit:    0.288063    0.008735    0.083231    0.062303    0.674032    0.339405    0.484039    0.153560    0.170455    0.383382    0.123843    0.267830    0.184700    0.080332    0.021329    0.025065    9.228381    9.400224    0.621948    1.950948    1.948408    1.886477    0.884162    0.822462    1.847214
Iteration: 53 bestvalit: 268.270000 bestmemit:    0.288063    0.008735    0.083231    0.062303    0.674032    0.339405    0.484039    0.153560    0.170455    0.383382    0.123843    0.267830    0.184700    0.080332    0.021329    0.025065    9.228381    9.400224    0.621948    1.950948    1.948408    1.886477    0.884162    0.822462    1.847214
Iteration: 54 bestvalit: 268.270000 bestmemit:    0.288063    0.008735    0.083231    0.062303    0.674032    0.339405    0.484039    0.153560    0.170455    0.383382    0.123843    0.267830    0.184700    0.080332    0.021329    0.025065    9.228381    9.400224    0.621948    1.950948    1.948408    1.886477    0.884162    0.822462    1.847214
Iteration: 55 bestvalit: 257.180000 bestmemit:    0.310194    0.007849    0.014503    0.016881    0.143471    0.405695    0.283330    0.166650    0.043342    0.343476    0.241583    0.081716    1.418206    0.028447    0.007269    0.010970    6.136882    8.956191    1.362908    1.846392    1.928156    1.926269    0.880531    1.194641    1.834000
Iteration: 56 bestvalit: 257.180000 bestmemit:    0.310194    0.007849    0.014503    0.016881    0.143471    0.405695    0.283330    0.166650    0.043342    0.343476    0.241583    0.081716    1.418206    0.028447    0.007269    0.010970    6.136882    8.956191    1.362908    1.846392    1.928156    1.926269    0.880531    1.194641    1.834000
Iteration: 57 bestvalit: 257.180000 bestmemit:    0.310194    0.007849    0.014503    0.016881    0.143471    0.405695    0.283330    0.166650    0.043342    0.343476    0.241583    0.081716    1.418206    0.028447    0.007269    0.010970    6.136882    8.956191    1.362908    1.846392    1.928156    1.926269    0.880531    1.194641    1.834000
Iteration: 58 bestvalit: 257.180000 bestmemit:    0.310194    0.007849    0.014503    0.016881    0.143471    0.405695    0.283330    0.166650    0.043342    0.343476    0.241583    0.081716    1.418206    0.028447    0.007269    0.010970    6.136882    8.956191    1.362908    1.846392    1.928156    1.926269    0.880531    1.194641    1.834000
Iteration: 59 bestvalit: 257.180000 bestmemit:    0.310194    0.007849    0.014503    0.016881    0.143471    0.405695    0.283330    0.166650    0.043342    0.343476    0.241583    0.081716    1.418206    0.028447    0.007269    0.010970    6.136882    8.956191    1.362908    1.846392    1.928156    1.926269    0.880531    1.194641    1.834000
Iteration: 60 bestvalit: 235.410000 bestmemit:    0.346145    0.031500    0.099502    0.067600    0.451249    0.357016    0.260585    0.032507    0.049779    0.147879    0.471838    0.333295    1.933240    0.010206    0.015502    0.033373    7.327059    7.498224    1.542651    1.782419    1.949973    1.732470    0.727244    1.187726    2.127331
Iteration: 61 bestvalit: 235.175000 bestmemit:    0.346145    0.031500    0.099502    0.067600    0.451249    0.357016    0.260585    0.032507    0.049779    0.340080    0.471838    0.333295    1.933240    0.010206    0.015502    0.033373    7.327059    7.498224    1.542651    1.782419    1.949973    1.732470    0.727244    1.187726    2.127331
Iteration: 62 bestvalit: 229.805000 bestmemit:    0.346145    0.031500    0.099502    0.067600    0.451249    0.357016    0.260585    0.032507    0.049779    0.340080    0.471838    0.333295    1.933240    0.010206    0.015502    0.033373    7.327059    7.498224    1.542651    1.782419    1.949973    1.711617    0.875374    1.144853    2.127331
Iteration: 63 bestvalit: 229.805000 bestmemit:    0.346145    0.031500    0.099502    0.067600    0.451249    0.357016    0.260585    0.032507    0.049779    0.340080    0.471838    0.333295    1.933240    0.010206    0.015502    0.033373    7.327059    7.498224    1.542651    1.782419    1.949973    1.711617    0.875374    1.144853    2.127331
Iteration: 64 bestvalit: 229.805000 bestmemit:    0.346145    0.031500    0.099502    0.067600    0.451249    0.357016    0.260585    0.032507    0.049779    0.340080    0.471838    0.333295    1.933240    0.010206    0.015502    0.033373    7.327059    7.498224    1.542651    1.782419    1.949973    1.711617    0.875374    1.144853    2.127331
Iteration: 65 bestvalit: 225.220000 bestmemit:    0.346145    0.031500    0.099502    0.067600    0.451249    0.357016    0.260585    0.032507    0.049779    0.417071    0.471838    0.333295    1.933240    0.010206    0.015502    0.033373    7.327059    7.498224    1.542651    1.782419    1.949973    1.711617    0.875374    1.144853    2.127331
Iteration: 66 bestvalit: 225.220000 bestmemit:    0.346145    0.031500    0.099502    0.067600    0.451249    0.357016    0.260585    0.032507    0.049779    0.417071    0.471838    0.333295    1.933240    0.010206    0.015502    0.033373    7.327059    7.498224    1.542651    1.782419    1.949973    1.711617    0.875374    1.144853    2.127331
Iteration: 67 bestvalit: 225.220000 bestmemit:    0.346145    0.031500    0.099502    0.067600    0.451249    0.357016    0.260585    0.032507    0.049779    0.417071    0.471838    0.333295    1.933240    0.010206    0.015502    0.033373    7.327059    7.498224    1.542651    1.782419    1.949973    1.711617    0.875374    1.144853    2.127331
Iteration: 68 bestvalit: 225.220000 bestmemit:    0.346145    0.031500    0.099502    0.067600    0.451249    0.357016    0.260585    0.032507    0.049779    0.417071    0.471838    0.333295    1.933240    0.010206    0.015502    0.033373    7.327059    7.498224    1.542651    1.782419    1.949973    1.711617    0.875374    1.144853    2.127331
Iteration: 69 bestvalit: 225.220000 bestmemit:    0.346145    0.031500    0.099502    0.067600    0.451249    0.357016    0.260585    0.032507    0.049779    0.417071    0.471838    0.333295    1.933240    0.010206    0.015502    0.033373    7.327059    7.498224    1.542651    1.782419    1.949973    1.711617    0.875374    1.144853    2.127331
Iteration: 70 bestvalit: 225.220000 bestmemit:    0.346145    0.031500    0.099502    0.067600    0.451249    0.357016    0.260585    0.032507    0.049779    0.417071    0.471838    0.333295    1.933240    0.010206    0.015502    0.033373    7.327059    7.498224    1.542651    1.782419    1.949973    1.711617    0.875374    1.144853    2.127331
Iteration: 71 bestvalit: 225.220000 bestmemit:    0.346145    0.031500    0.099502    0.067600    0.451249    0.357016    0.260585    0.032507    0.049779    0.417071    0.471838    0.333295    1.933240    0.010206    0.015502    0.033373    7.327059    7.498224    1.542651    1.782419    1.949973    1.711617    0.875374    1.144853    2.127331
Iteration: 72 bestvalit: 225.220000 bestmemit:    0.346145    0.031500    0.099502    0.067600    0.451249    0.357016    0.260585    0.032507    0.049779    0.417071    0.471838    0.333295    1.933240    0.010206    0.015502    0.033373    7.327059    7.498224    1.542651    1.782419    1.949973    1.711617    0.875374    1.144853    2.127331
Iteration: 73 bestvalit: 225.220000 bestmemit:    0.346145    0.031500    0.099502    0.067600    0.451249    0.357016    0.260585    0.032507    0.049779    0.417071    0.471838    0.333295    1.933240    0.010206    0.015502    0.033373    7.327059    7.498224    1.542651    1.782419    1.949973    1.711617    0.875374    1.144853    2.127331
Iteration: 74 bestvalit: 225.220000 bestmemit:    0.346145    0.031500    0.099502    0.067600    0.451249    0.357016    0.260585    0.032507    0.049779    0.417071    0.471838    0.333295    1.933240    0.010206    0.015502    0.033373    7.327059    7.498224    1.542651    1.782419    1.949973    1.711617    0.875374    1.144853    2.127331
Iteration: 75 bestvalit: 219.095000 bestmemit:    0.346145    0.031500    0.099502    0.067600    0.451249    0.357016    0.260585    0.032507    0.049779    0.417071    0.471838    0.333295    1.933240    0.010206    0.015502    0.042858    7.682845    7.498224    1.542651    1.782419    1.949973    1.711617    0.875374    1.144853    2.127331
Iteration: 76 bestvalit: 219.095000 bestmemit:    0.346145    0.031500    0.099502    0.067600    0.451249    0.357016    0.260585    0.032507    0.049779    0.417071    0.471838    0.333295    1.933240    0.010206    0.015502    0.042858    7.682845    7.498224    1.542651    1.782419    1.949973    1.711617    0.875374    1.144853    2.127331
Iteration: 77 bestvalit: 219.095000 bestmemit:    0.346145    0.031500    0.099502    0.067600    0.451249    0.357016    0.260585    0.032507    0.049779    0.417071    0.471838    0.333295    1.933240    0.010206    0.015502    0.042858    7.682845    7.498224    1.542651    1.782419    1.949973    1.711617    0.875374    1.144853    2.127331
Iteration: 78 bestvalit: 219.095000 bestmemit:    0.346145    0.031500    0.099502    0.067600    0.451249    0.357016    0.260585    0.032507    0.049779    0.417071    0.471838    0.333295    1.933240    0.010206    0.015502    0.042858    7.682845    7.498224    1.542651    1.782419    1.949973    1.711617    0.875374    1.144853    2.127331
Iteration: 79 bestvalit: 219.095000 bestmemit:    0.346145    0.031500    0.099502    0.067600    0.451249    0.357016    0.260585    0.032507    0.049779    0.417071    0.471838    0.333295    1.933240    0.010206    0.015502    0.042858    7.682845    7.498224    1.542651    1.782419    1.949973    1.711617    0.875374    1.144853    2.127331
Iteration: 80 bestvalit: 219.095000 bestmemit:    0.346145    0.031500    0.099502    0.067600    0.451249    0.357016    0.260585    0.032507    0.049779    0.417071    0.471838    0.333295    1.933240    0.010206    0.015502    0.042858    7.682845    7.498224    1.542651    1.782419    1.949973    1.711617    0.875374    1.144853    2.127331
Iteration: 81 bestvalit: 219.095000 bestmemit:    0.346145    0.031500    0.099502    0.067600    0.451249    0.357016    0.260585    0.032507    0.049779    0.417071    0.471838    0.333295    1.933240    0.010206    0.015502    0.042858    7.682845    7.498224    1.542651    1.782419    1.949973    1.711617    0.875374    1.144853    2.127331
Iteration: 82 bestvalit: 217.900000 bestmemit:    0.346145    0.031500    0.099502    0.067600    0.713880    0.357016    0.260585    0.032507    0.049779    0.417071    0.471838    0.333295    1.933240    0.010206    0.015502    0.042858    7.682845    7.498224    1.542651    1.782419    1.949973    1.711617    0.875374    1.144853    2.127331
Iteration: 83 bestvalit: 217.900000 bestmemit:    0.346145    0.031500    0.099502    0.067600    0.713880    0.357016    0.260585    0.032507    0.049779    0.417071    0.471838    0.333295    1.933240    0.010206    0.015502    0.042858    7.682845    7.498224    1.542651    1.782419    1.949973    1.711617    0.875374    1.144853    2.127331
Iteration: 84 bestvalit: 217.900000 bestmemit:    0.346145    0.031500    0.099502    0.067600    0.713880    0.357016    0.260585    0.032507    0.049779    0.417071    0.471838    0.333295    1.933240    0.010206    0.015502    0.042858    7.682845    7.498224    1.542651    1.782419    1.949973    1.711617    0.875374    1.144853    2.127331
Iteration: 85 bestvalit: 192.995000 bestmemit:    0.333014    0.007849    0.014503    0.016881    0.143471    0.405695    0.314601    0.166650    0.049085    0.343476    0.241583    0.081716    1.418206    0.028447    0.007269    0.010970    7.965176    8.849414    1.362908    1.846392    1.928156    1.926269    0.880531    1.194641    1.834000
Iteration: 86 bestvalit: 192.995000 bestmemit:    0.333014    0.007849    0.014503    0.016881    0.143471    0.405695    0.314601    0.166650    0.049085    0.343476    0.241583    0.081716    1.418206    0.028447    0.007269    0.010970    7.965176    8.849414    1.362908    1.846392    1.928156    1.926269    0.880531    1.194641    1.834000
Iteration: 87 bestvalit: 192.995000 bestmemit:    0.333014    0.007849    0.014503    0.016881    0.143471    0.405695    0.314601    0.166650    0.049085    0.343476    0.241583    0.081716    1.418206    0.028447    0.007269    0.010970    7.965176    8.849414    1.362908    1.846392    1.928156    1.926269    0.880531    1.194641    1.834000
Iteration: 88 bestvalit: 192.995000 bestmemit:    0.333014    0.007849    0.014503    0.016881    0.143471    0.405695    0.314601    0.166650    0.049085    0.343476    0.241583    0.081716    1.418206    0.028447    0.007269    0.010970    7.965176    8.849414    1.362908    1.846392    1.928156    1.926269    0.880531    1.194641    1.834000
Iteration: 89 bestvalit: 192.995000 bestmemit:    0.333014    0.007849    0.014503    0.016881    0.143471    0.405695    0.314601    0.166650    0.049085    0.343476    0.241583    0.081716    1.418206    0.028447    0.007269    0.010970    7.965176    8.849414    1.362908    1.846392    1.928156    1.926269    0.880531    1.194641    1.834000
Iteration: 90 bestvalit: 192.995000 bestmemit:    0.333014    0.007849    0.014503    0.016881    0.143471    0.405695    0.314601    0.166650    0.049085    0.343476    0.241583    0.081716    1.418206    0.028447    0.007269    0.010970    7.965176    8.849414    1.362908    1.846392    1.928156    1.926269    0.880531    1.194641    1.834000
Iteration: 91 bestvalit: 180.910000 bestmemit:    0.346145    0.031500    0.099502    0.067600    0.713880    0.357016    0.260585    0.032507    0.049779    0.417071    0.471838    0.333295    1.933240    0.010206    0.005782    0.042858    7.682845    7.498224    1.542651    1.782419    1.949973    1.711617    0.875374    1.144853    2.127331
Iteration: 92 bestvalit: 180.185000 bestmemit:    0.346145    0.031500    0.099502    0.067600    0.713880    0.357016    0.260585    0.032507    0.049779    0.417071    0.471838    0.333295    1.933240    0.010206    0.005782    0.042858    7.682845    8.251806    1.633570    1.783034    1.949973    1.711617    0.875374    1.144853    2.127331
Iteration: 93 bestvalit: 180.185000 bestmemit:    0.346145    0.031500    0.099502    0.067600    0.713880    0.357016    0.260585    0.032507    0.049779    0.417071    0.471838    0.333295    1.933240    0.010206    0.005782    0.042858    7.682845    8.251806    1.633570    1.783034    1.949973    1.711617    0.875374    1.144853    2.127331
Iteration: 94 bestvalit: 180.185000 bestmemit:    0.346145    0.031500    0.099502    0.067600    0.713880    0.357016    0.260585    0.032507    0.049779    0.417071    0.471838    0.333295    1.933240    0.010206    0.005782    0.042858    7.682845    8.251806    1.633570    1.783034    1.949973    1.711617    0.875374    1.144853    2.127331
Iteration: 95 bestvalit: 180.185000 bestmemit:    0.346145    0.031500    0.099502    0.067600    0.713880    0.357016    0.260585    0.032507    0.049779    0.417071    0.471838    0.333295    1.933240    0.010206    0.005782    0.042858    7.682845    8.251806    1.633570    1.783034    1.949973    1.711617    0.875374    1.144853    2.127331
Iteration: 96 bestvalit: 180.185000 bestmemit:    0.346145    0.031500    0.099502    0.067600    0.713880    0.357016    0.260585    0.032507    0.049779    0.417071    0.471838    0.333295    1.933240    0.010206    0.005782    0.042858    7.682845    8.251806    1.633570    1.783034    1.949973    1.711617    0.875374    1.144853    2.127331
Iteration: 97 bestvalit: 180.185000 bestmemit:    0.346145    0.031500    0.099502    0.067600    0.713880    0.357016    0.260585    0.032507    0.049779    0.417071    0.471838    0.333295    1.933240    0.010206    0.005782    0.042858    7.682845    8.251806    1.633570    1.783034    1.949973    1.711617    0.875374    1.144853    2.127331
Iteration: 98 bestvalit: 178.530000 bestmemit:    0.346145    0.031500    0.099502    0.067600    0.713880    0.357016    0.260585    0.032507    0.049779    0.417071    0.471838    0.333295    1.933240    0.010206    0.005782    0.042858    8.819826    8.251806    1.633570    1.783034    1.949973    1.711617    0.875374    1.144853    2.127331
Iteration: 99 bestvalit: 178.530000 bestmemit:    0.346145    0.031500    0.099502    0.067600    0.713880    0.357016    0.260585    0.032507    0.049779    0.417071    0.471838    0.333295    1.933240    0.010206    0.005782    0.042858    8.819826    8.251806    1.633570    1.783034    1.949973    1.711617    0.875374    1.144853    2.127331
Iteration: 100 bestvalit: 178.530000 bestmemit:    0.346145    0.031500    0.099502    0.067600    0.713880    0.357016    0.260585    0.032507    0.049779    0.417071    0.471838    0.333295    1.933240    0.010206    0.005782    0.042858    8.819826    8.251806    1.633570    1.783034    1.949973    1.711617    0.875374    1.144853    2.127331
Iteration: 101 bestvalit: 178.530000 bestmemit:    0.346145    0.031500    0.099502    0.067600    0.713880    0.357016    0.260585    0.032507    0.049779    0.417071    0.471838    0.333295    1.933240    0.010206    0.005782    0.042858    8.819826    8.251806    1.633570    1.783034    1.949973    1.711617    0.875374    1.144853    2.127331
Iteration: 102 bestvalit: 178.530000 bestmemit:    0.346145    0.031500    0.099502    0.067600    0.713880    0.357016    0.260585    0.032507    0.049779    0.417071    0.471838    0.333295    1.933240    0.010206    0.005782    0.042858    8.819826    8.251806    1.633570    1.783034    1.949973    1.711617    0.875374    1.144853    2.127331
Iteration: 103 bestvalit: 178.530000 bestmemit:    0.346145    0.031500    0.099502    0.067600    0.713880    0.357016    0.260585    0.032507    0.049779    0.417071    0.471838    0.333295    1.933240    0.010206    0.005782    0.042858    8.819826    8.251806    1.633570    1.783034    1.949973    1.711617    0.875374    1.144853    2.127331
Iteration: 104 bestvalit: 178.530000 bestmemit:    0.346145    0.031500    0.099502    0.067600    0.713880    0.357016    0.260585    0.032507    0.049779    0.417071    0.471838    0.333295    1.933240    0.010206    0.005782    0.042858    8.819826    8.251806    1.633570    1.783034    1.949973    1.711617    0.875374    1.144853    2.127331
Iteration: 105 bestvalit: 178.530000 bestmemit:    0.346145    0.031500    0.099502    0.067600    0.713880    0.357016    0.260585    0.032507    0.049779    0.417071    0.471838    0.333295    1.933240    0.010206    0.005782    0.042858    8.819826    8.251806    1.633570    1.783034    1.949973    1.711617    0.875374    1.144853    2.127331
Iteration: 106 bestvalit: 178.530000 bestmemit:    0.346145    0.031500    0.099502    0.067600    0.713880    0.357016    0.260585    0.032507    0.049779    0.417071    0.471838    0.333295    1.933240    0.010206    0.005782    0.042858    8.819826    8.251806    1.633570    1.783034    1.949973    1.711617    0.875374    1.144853    2.127331
Iteration: 107 bestvalit: 155.855000 bestmemit:    0.315145    0.031921    0.074540    0.067774    0.799240    0.472028    0.432175    0.132903    0.303927    0.109126    0.380493    0.306738    1.740942    0.079929    0.007425    0.052760    9.630633    8.422636    1.610699    1.986465    1.952158    1.805666    0.947524    1.125032    2.190476
Iteration: 108 bestvalit: 155.855000 bestmemit:    0.315145    0.031921    0.074540    0.067774    0.799240    0.472028    0.432175    0.132903    0.303927    0.109126    0.380493    0.306738    1.740942    0.079929    0.007425    0.052760    9.630633    8.422636    1.610699    1.986465    1.952158    1.805666    0.947524    1.125032    2.190476
Iteration: 109 bestvalit: 155.855000 bestmemit:    0.315145    0.031921    0.074540    0.067774    0.799240    0.472028    0.432175    0.132903    0.303927    0.109126    0.380493    0.306738    1.740942    0.079929    0.007425    0.052760    9.630633    8.422636    1.610699    1.986465    1.952158    1.805666    0.947524    1.125032    2.190476
Iteration: 110 bestvalit: 154.830000 bestmemit:    0.315145    0.031921    0.074540    0.067774    0.799240    0.472028    0.432175    0.132903    0.303927    0.109126    0.380493    0.306738    1.740942    0.079929    0.007425    0.052760    9.630633    8.422636    1.610699    1.996375    1.952158    1.805666    0.947524    1.125032    2.190476
Iteration: 111 bestvalit: 154.830000 bestmemit:    0.315145    0.031921    0.074540    0.067774    0.799240    0.472028    0.432175    0.132903    0.303927    0.109126    0.380493    0.306738    1.740942    0.079929    0.007425    0.052760    9.630633    8.422636    1.610699    1.996375    1.952158    1.805666    0.947524    1.125032    2.190476
Iteration: 112 bestvalit: 154.830000 bestmemit:    0.315145    0.031921    0.074540    0.067774    0.799240    0.472028    0.432175    0.132903    0.303927    0.109126    0.380493    0.306738    1.740942    0.079929    0.007425    0.052760    9.630633    8.422636    1.610699    1.996375    1.952158    1.805666    0.947524    1.125032    2.190476
Iteration: 113 bestvalit: 154.830000 bestmemit:    0.315145    0.031921    0.074540    0.067774    0.799240    0.472028    0.432175    0.132903    0.303927    0.109126    0.380493    0.306738    1.740942    0.079929    0.007425    0.052760    9.630633    8.422636    1.610699    1.996375    1.952158    1.805666    0.947524    1.125032    2.190476
Iteration: 114 bestvalit: 154.830000 bestmemit:    0.315145    0.031921    0.074540    0.067774    0.799240    0.472028    0.432175    0.132903    0.303927    0.109126    0.380493    0.306738    1.740942    0.079929    0.007425    0.052760    9.630633    8.422636    1.610699    1.996375    1.952158    1.805666    0.947524    1.125032    2.190476
Iteration: 115 bestvalit: 154.830000 bestmemit:    0.315145    0.031921    0.074540    0.067774    0.799240    0.472028    0.432175    0.132903    0.303927    0.109126    0.380493    0.306738    1.740942    0.079929    0.007425    0.052760    9.630633    8.422636    1.610699    1.996375    1.952158    1.805666    0.947524    1.125032    2.190476
Iteration: 116 bestvalit: 128.050000 bestmemit:    0.315145    0.031921    0.074540    0.067774    0.799240    0.472028    0.432175    0.132903    0.303927    0.109126    0.380493    0.306738    1.740942    0.079929    0.007425    0.052760    9.630633    8.422636    1.610699    1.996375    1.952158    1.805666    0.947524    1.125032    1.950447
Iteration: 117 bestvalit: 128.050000 bestmemit:    0.315145    0.031921    0.074540    0.067774    0.799240    0.472028    0.432175    0.132903    0.303927    0.109126    0.380493    0.306738    1.740942    0.079929    0.007425    0.052760    9.630633    8.422636    1.610699    1.996375    1.952158    1.805666    0.947524    1.125032    1.950447
Iteration: 118 bestvalit: 128.050000 bestmemit:    0.315145    0.031921    0.074540    0.067774    0.799240    0.472028    0.432175    0.132903    0.303927    0.109126    0.380493    0.306738    1.740942    0.079929    0.007425    0.052760    9.630633    8.422636    1.610699    1.996375    1.952158    1.805666    0.947524    1.125032    1.950447
Iteration: 119 bestvalit: 128.050000 bestmemit:    0.315145    0.031921    0.074540    0.067774    0.799240    0.472028    0.432175    0.132903    0.303927    0.109126    0.380493    0.306738    1.740942    0.079929    0.007425    0.052760    9.630633    8.422636    1.610699    1.996375    1.952158    1.805666    0.947524    1.125032    1.950447
Iteration: 120 bestvalit: 128.050000 bestmemit:    0.315145    0.031921    0.074540    0.067774    0.799240    0.472028    0.432175    0.132903    0.303927    0.109126    0.380493    0.306738    1.740942    0.079929    0.007425    0.052760    9.630633    8.422636    1.610699    1.996375    1.952158    1.805666    0.947524    1.125032    1.950447
Iteration: 121 bestvalit: 128.050000 bestmemit:    0.315145    0.031921    0.074540    0.067774    0.799240    0.472028    0.432175    0.132903    0.303927    0.109126    0.380493    0.306738    1.740942    0.079929    0.007425    0.052760    9.630633    8.422636    1.610699    1.996375    1.952158    1.805666    0.947524    1.125032    1.950447
Iteration: 122 bestvalit: 128.050000 bestmemit:    0.315145    0.031921    0.074540    0.067774    0.799240    0.472028    0.432175    0.132903    0.303927    0.109126    0.380493    0.306738    1.740942    0.079929    0.007425    0.052760    9.630633    8.422636    1.610699    1.996375    1.952158    1.805666    0.947524    1.125032    1.950447
Iteration: 123 bestvalit: 128.050000 bestmemit:    0.315145    0.031921    0.074540    0.067774    0.799240    0.472028    0.432175    0.132903    0.303927    0.109126    0.380493    0.306738    1.740942    0.079929    0.007425    0.052760    9.630633    8.422636    1.610699    1.996375    1.952158    1.805666    0.947524    1.125032    1.950447
Iteration: 124 bestvalit: 128.050000 bestmemit:    0.315145    0.031921    0.074540    0.067774    0.799240    0.472028    0.432175    0.132903    0.303927    0.109126    0.380493    0.306738    1.740942    0.079929    0.007425    0.052760    9.630633    8.422636    1.610699    1.996375    1.952158    1.805666    0.947524    1.125032    1.950447
Iteration: 125 bestvalit: 128.050000 bestmemit:    0.315145    0.031921    0.074540    0.067774    0.799240    0.472028    0.432175    0.132903    0.303927    0.109126    0.380493    0.306738    1.740942    0.079929    0.007425    0.052760    9.630633    8.422636    1.610699    1.996375    1.952158    1.805666    0.947524    1.125032    1.950447
Iteration: 126 bestvalit: 128.050000 bestmemit:    0.315145    0.031921    0.074540    0.067774    0.799240    0.472028    0.432175    0.132903    0.303927    0.109126    0.380493    0.306738    1.740942    0.079929    0.007425    0.052760    9.630633    8.422636    1.610699    1.996375    1.952158    1.805666    0.947524    1.125032    1.950447
Iteration: 127 bestvalit: 128.050000 bestmemit:    0.315145    0.031921    0.074540    0.067774    0.799240    0.472028    0.432175    0.132903    0.303927    0.109126    0.380493    0.306738    1.740942    0.079929    0.007425    0.052760    9.630633    8.422636    1.610699    1.996375    1.952158    1.805666    0.947524    1.125032    1.950447
Iteration: 128 bestvalit: 128.050000 bestmemit:    0.315145    0.031921    0.074540    0.067774    0.799240    0.472028    0.432175    0.132903    0.303927    0.109126    0.380493    0.306738    1.740942    0.079929    0.007425    0.052760    9.630633    8.422636    1.610699    1.996375    1.952158    1.805666    0.947524    1.125032    1.950447
Iteration: 129 bestvalit: 128.050000 bestmemit:    0.315145    0.031921    0.074540    0.067774    0.799240    0.472028    0.432175    0.132903    0.303927    0.109126    0.380493    0.306738    1.740942    0.079929    0.007425    0.052760    9.630633    8.422636    1.610699    1.996375    1.952158    1.805666    0.947524    1.125032    1.950447
Iteration: 130 bestvalit: 128.050000 bestmemit:    0.315145    0.031921    0.074540    0.067774    0.799240    0.472028    0.432175    0.132903    0.303927    0.109126    0.380493    0.306738    1.740942    0.079929    0.007425    0.052760    9.630633    8.422636    1.610699    1.996375    1.952158    1.805666    0.947524    1.125032    1.950447
Iteration: 131 bestvalit: 128.050000 bestmemit:    0.315145    0.031921    0.074540    0.067774    0.799240    0.472028    0.432175    0.132903    0.303927    0.109126    0.380493    0.306738    1.740942    0.079929    0.007425    0.052760    9.630633    8.422636    1.610699    1.996375    1.952158    1.805666    0.947524    1.125032    1.950447
Iteration: 132 bestvalit: 128.050000 bestmemit:    0.315145    0.031921    0.074540    0.067774    0.799240    0.472028    0.432175    0.132903    0.303927    0.109126    0.380493    0.306738    1.740942    0.079929    0.007425    0.052760    9.630633    8.422636    1.610699    1.996375    1.952158    1.805666    0.947524    1.125032    1.950447
Iteration: 133 bestvalit: 128.050000 bestmemit:    0.315145    0.031921    0.074540    0.067774    0.799240    0.472028    0.432175    0.132903    0.303927    0.109126    0.380493    0.306738    1.740942    0.079929    0.007425    0.052760    9.630633    8.422636    1.610699    1.996375    1.952158    1.805666    0.947524    1.125032    1.950447
Iteration: 134 bestvalit: 128.050000 bestmemit:    0.315145    0.031921    0.074540    0.067774    0.799240    0.472028    0.432175    0.132903    0.303927    0.109126    0.380493    0.306738    1.740942    0.079929    0.007425    0.052760    9.630633    8.422636    1.610699    1.996375    1.952158    1.805666    0.947524    1.125032    1.950447
Iteration: 135 bestvalit: 128.050000 bestmemit:    0.315145    0.031921    0.074540    0.067774    0.799240    0.472028    0.432175    0.132903    0.303927    0.109126    0.380493    0.306738    1.740942    0.079929    0.007425    0.052760    9.630633    8.422636    1.610699    1.996375    1.952158    1.805666    0.947524    1.125032    1.950447
Iteration: 136 bestvalit: 127.740000 bestmemit:    0.315145    0.031921    0.074540    0.067774    0.799240    0.472028    0.432175    0.132903    0.303927    0.109126    0.380493    0.306738    1.740942    0.079929    0.007425    0.052760    9.630633    8.422636    1.610699    1.996375    1.952158    1.805666    0.955069    1.125032    1.950447
Iteration: 137 bestvalit: 127.740000 bestmemit:    0.315145    0.031921    0.074540    0.067774    0.799240    0.472028    0.432175    0.132903    0.303927    0.109126    0.380493    0.306738    1.740942    0.079929    0.007425    0.052760    9.630633    8.422636    1.610699    1.996375    1.952158    1.805666    0.955069    1.125032    1.950447
Iteration: 138 bestvalit: 127.740000 bestmemit:    0.315145    0.031921    0.074540    0.067774    0.799240    0.472028    0.432175    0.132903    0.303927    0.109126    0.380493    0.306738    1.740942    0.079929    0.007425    0.052760    9.630633    8.422636    1.610699    1.996375    1.952158    1.805666    0.955069    1.125032    1.950447
Iteration: 139 bestvalit: 127.740000 bestmemit:    0.315145    0.031921    0.074540    0.067774    0.799240    0.472028    0.432175    0.132903    0.303927    0.109126    0.380493    0.306738    1.740942    0.079929    0.007425    0.052760    9.630633    8.422636    1.610699    1.996375    1.952158    1.805666    0.955069    1.125032    1.950447
Iteration: 140 bestvalit: 127.740000 bestmemit:    0.315145    0.031921    0.074540    0.067774    0.799240    0.472028    0.432175    0.132903    0.303927    0.109126    0.380493    0.306738    1.740942    0.079929    0.007425    0.052760    9.630633    8.422636    1.610699    1.996375    1.952158    1.805666    0.955069    1.125032    1.950447
Iteration: 141 bestvalit: 127.740000 bestmemit:    0.315145    0.031921    0.074540    0.067774    0.799240    0.472028    0.432175    0.132903    0.303927    0.109126    0.380493    0.306738    1.740942    0.079929    0.007425    0.052760    9.630633    8.422636    1.610699    1.996375    1.952158    1.805666    0.955069    1.125032    1.950447
Iteration: 142 bestvalit: 127.740000 bestmemit:    0.315145    0.031921    0.074540    0.067774    0.799240    0.472028    0.432175    0.132903    0.303927    0.109126    0.380493    0.306738    1.740942    0.079929    0.007425    0.052760    9.630633    8.422636    1.610699    1.996375    1.952158    1.805666    0.955069    1.125032    1.950447
Iteration: 143 bestvalit: 127.740000 bestmemit:    0.315145    0.031921    0.074540    0.067774    0.799240    0.472028    0.432175    0.132903    0.303927    0.109126    0.380493    0.306738    1.740942    0.079929    0.007425    0.052760    9.630633    8.422636    1.610699    1.996375    1.952158    1.805666    0.955069    1.125032    1.950447
Iteration: 144 bestvalit: 127.740000 bestmemit:    0.315145    0.031921    0.074540    0.067774    0.799240    0.472028    0.432175    0.132903    0.303927    0.109126    0.380493    0.306738    1.740942    0.079929    0.007425    0.052760    9.630633    8.422636    1.610699    1.996375    1.952158    1.805666    0.955069    1.125032    1.950447
Iteration: 145 bestvalit: 127.220000 bestmemit:    0.315145    0.031921    0.074540    0.067774    0.799240    0.472028    0.432175    0.132903    0.303927    0.109126    0.380493    0.306738    1.740942    0.079929    0.007425    0.052760    9.630633    8.422636    1.610699    1.996375    1.961618    1.805666    0.955069    1.125032    1.950447
Iteration: 146 bestvalit: 127.220000 bestmemit:    0.315145    0.031921    0.074540    0.067774    0.799240    0.472028    0.432175    0.132903    0.303927    0.109126    0.380493    0.306738    1.740942    0.079929    0.007425    0.052760    9.630633    8.422636    1.610699    1.996375    1.961618    1.805666    0.955069    1.125032    1.950447
Iteration: 147 bestvalit: 127.220000 bestmemit:    0.315145    0.031921    0.074540    0.067774    0.799240    0.472028    0.432175    0.132903    0.303927    0.109126    0.380493    0.306738    1.740942    0.079929    0.007425    0.052760    9.630633    8.422636    1.610699    1.996375    1.961618    1.805666    0.955069    1.125032    1.950447
Iteration: 148 bestvalit: 127.220000 bestmemit:    0.315145    0.031921    0.074540    0.067774    0.799240    0.472028    0.432175    0.132903    0.303927    0.109126    0.380493    0.306738    1.740942    0.079929    0.007425    0.052760    9.630633    8.422636    1.610699    1.996375    1.961618    1.805666    0.955069    1.125032    1.950447
Iteration: 149 bestvalit: 127.220000 bestmemit:    0.315145    0.031921    0.074540    0.067774    0.799240    0.472028    0.432175    0.132903    0.303927    0.109126    0.380493    0.306738    1.740942    0.079929    0.007425    0.052760    9.630633    8.422636    1.610699    1.996375    1.961618    1.805666    0.955069    1.125032    1.950447
Iteration: 150 bestvalit: 127.220000 bestmemit:    0.315145    0.031921    0.074540    0.067774    0.799240    0.472028    0.432175    0.132903    0.303927    0.109126    0.380493    0.306738    1.740942    0.079929    0.007425    0.052760    9.630633    8.422636    1.610699    1.996375    1.961618    1.805666    0.955069    1.125032    1.950447
Iteration: 151 bestvalit: 127.220000 bestmemit:    0.315145    0.031921    0.074540    0.067774    0.799240    0.472028    0.432175    0.132903    0.303927    0.109126    0.380493    0.306738    1.740942    0.079929    0.007425    0.052760    9.630633    8.422636    1.610699    1.996375    1.961618    1.805666    0.955069    1.125032    1.950447
Iteration: 152 bestvalit: 127.220000 bestmemit:    0.315145    0.031921    0.074540    0.067774    0.799240    0.472028    0.432175    0.132903    0.303927    0.109126    0.380493    0.306738    1.740942    0.079929    0.007425    0.052760    9.630633    8.422636    1.610699    1.996375    1.961618    1.805666    0.955069    1.125032    1.950447
Iteration: 153 bestvalit: 127.220000 bestmemit:    0.315145    0.031921    0.074540    0.067774    0.799240    0.472028    0.432175    0.132903    0.303927    0.109126    0.380493    0.306738    1.740942    0.079929    0.007425    0.052760    9.630633    8.422636    1.610699    1.996375    1.961618    1.805666    0.955069    1.125032    1.950447
Iteration: 154 bestvalit: 127.220000 bestmemit:    0.315145    0.031921    0.074540    0.067774    0.799240    0.472028    0.432175    0.132903    0.303927    0.109126    0.380493    0.306738    1.740942    0.079929    0.007425    0.052760    9.630633    8.422636    1.610699    1.996375    1.961618    1.805666    0.955069    1.125032    1.950447
Iteration: 155 bestvalit: 126.665000 bestmemit:    0.315145    0.031921    0.074540    0.067774    0.799240    0.472028    0.432175    0.132903    0.303927    0.109126    0.380493    0.306738    1.740942    0.068302    0.007425    0.052760    9.630633    8.422636    1.610699    1.996375    1.961618    1.805666    0.955069    1.125032    1.950447
Iteration: 156 bestvalit: 126.665000 bestmemit:    0.315145    0.031921    0.074540    0.067774    0.799240    0.472028    0.432175    0.132903    0.303927    0.109126    0.380493    0.306738    1.740942    0.068302    0.007425    0.052760    9.630633    8.422636    1.610699    1.996375    1.961618    1.805666    0.955069    1.125032    1.950447
Iteration: 157 bestvalit: 126.665000 bestmemit:    0.315145    0.031921    0.074540    0.067774    0.799240    0.472028    0.432175    0.132903    0.303927    0.109126    0.380493    0.306738    1.740942    0.068302    0.007425    0.052760    9.630633    8.422636    1.610699    1.996375    1.961618    1.805666    0.955069    1.125032    1.950447
Iteration: 158 bestvalit: 126.665000 bestmemit:    0.315145    0.031921    0.074540    0.067774    0.799240    0.472028    0.432175    0.132903    0.303927    0.109126    0.380493    0.306738    1.740942    0.068302    0.007425    0.052760    9.630633    8.422636    1.610699    1.996375    1.961618    1.805666    0.955069    1.125032    1.950447
Iteration: 159 bestvalit: 126.665000 bestmemit:    0.315145    0.031921    0.074540    0.067774    0.799240    0.472028    0.432175    0.132903    0.303927    0.109126    0.380493    0.306738    1.740942    0.068302    0.007425    0.052760    9.630633    8.422636    1.610699    1.996375    1.961618    1.805666    0.955069    1.125032    1.950447
Iteration: 160 bestvalit: 126.665000 bestmemit:    0.315145    0.031921    0.074540    0.067774    0.799240    0.472028    0.432175    0.132903    0.303927    0.109126    0.380493    0.306738    1.740942    0.068302    0.007425    0.052760    9.630633    8.422636    1.610699    1.996375    1.961618    1.805666    0.955069    1.125032    1.950447
Iteration: 161 bestvalit: 126.665000 bestmemit:    0.315145    0.031921    0.074540    0.067774    0.799240    0.472028    0.432175    0.132903    0.303927    0.109126    0.380493    0.306738    1.740942    0.068302    0.007425    0.052760    9.630633    8.422636    1.610699    1.996375    1.961618    1.805666    0.955069    1.125032    1.950447
Iteration: 162 bestvalit: 126.665000 bestmemit:    0.315145    0.031921    0.074540    0.067774    0.799240    0.472028    0.432175    0.132903    0.303927    0.109126    0.380493    0.306738    1.740942    0.068302    0.007425    0.052760    9.630633    8.422636    1.610699    1.996375    1.961618    1.805666    0.955069    1.125032    1.950447
Iteration: 163 bestvalit: 126.665000 bestmemit:    0.315145    0.031921    0.074540    0.067774    0.799240    0.472028    0.432175    0.132903    0.303927    0.109126    0.380493    0.306738    1.740942    0.068302    0.007425    0.052760    9.630633    8.422636    1.610699    1.996375    1.961618    1.805666    0.955069    1.125032    1.950447
Iteration: 164 bestvalit: 126.665000 bestmemit:    0.315145    0.031921    0.074540    0.067774    0.799240    0.472028    0.432175    0.132903    0.303927    0.109126    0.380493    0.306738    1.740942    0.068302    0.007425    0.052760    9.630633    8.422636    1.610699    1.996375    1.961618    1.805666    0.955069    1.125032    1.950447
Iteration: 165 bestvalit: 126.665000 bestmemit:    0.315145    0.031921    0.074540    0.067774    0.799240    0.472028    0.432175    0.132903    0.303927    0.109126    0.380493    0.306738    1.740942    0.068302    0.007425    0.052760    9.630633    8.422636    1.610699    1.996375    1.961618    1.805666    0.955069    1.125032    1.950447
Iteration: 166 bestvalit: 126.665000 bestmemit:    0.315145    0.031921    0.074540    0.067774    0.799240    0.472028    0.432175    0.132903    0.303927    0.109126    0.380493    0.306738    1.740942    0.068302    0.007425    0.052760    9.630633    8.422636    1.610699    1.996375    1.961618    1.805666    0.955069    1.125032    1.950447
Iteration: 167 bestvalit: 126.665000 bestmemit:    0.315145    0.031921    0.074540    0.067774    0.799240    0.472028    0.432175    0.132903    0.303927    0.109126    0.380493    0.306738    1.740942    0.068302    0.007425    0.052760    9.630633    8.422636    1.610699    1.996375    1.961618    1.805666    0.955069    1.125032    1.950447
Iteration: 168 bestvalit: 126.665000 bestmemit:    0.315145    0.031921    0.074540    0.067774    0.799240    0.472028    0.432175    0.132903    0.303927    0.109126    0.380493    0.306738    1.740942    0.068302    0.007425    0.052760    9.630633    8.422636    1.610699    1.996375    1.961618    1.805666    0.955069    1.125032    1.950447
Iteration: 169 bestvalit: 126.665000 bestmemit:    0.315145    0.031921    0.074540    0.067774    0.799240    0.472028    0.432175    0.132903    0.303927    0.109126    0.380493    0.306738    1.740942    0.068302    0.007425    0.052760    9.630633    8.422636    1.610699    1.996375    1.961618    1.805666    0.955069    1.125032    1.950447
Iteration: 170 bestvalit: 126.665000 bestmemit:    0.315145    0.031921    0.074540    0.067774    0.799240    0.472028    0.432175    0.132903    0.303927    0.109126    0.380493    0.306738    1.740942    0.068302    0.007425    0.052760    9.630633    8.422636    1.610699    1.996375    1.961618    1.805666    0.955069    1.125032    1.950447
Iteration: 171 bestvalit: 126.665000 bestmemit:    0.315145    0.031921    0.074540    0.067774    0.799240    0.472028    0.432175    0.132903    0.303927    0.109126    0.380493    0.306738    1.740942    0.068302    0.007425    0.052760    9.630633    8.422636    1.610699    1.996375    1.961618    1.805666    0.955069    1.125032    1.950447
Iteration: 172 bestvalit: 126.665000 bestmemit:    0.315145    0.031921    0.074540    0.067774    0.799240    0.472028    0.432175    0.132903    0.303927    0.109126    0.380493    0.306738    1.740942    0.068302    0.007425    0.052760    9.630633    8.422636    1.610699    1.996375    1.961618    1.805666    0.955069    1.125032    1.950447
Iteration: 173 bestvalit: 126.665000 bestmemit:    0.315145    0.031921    0.074540    0.067774    0.799240    0.472028    0.432175    0.132903    0.303927    0.109126    0.380493    0.306738    1.740942    0.068302    0.007425    0.052760    9.630633    8.422636    1.610699    1.996375    1.961618    1.805666    0.955069    1.125032    1.950447
Iteration: 174 bestvalit: 126.665000 bestmemit:    0.315145    0.031921    0.074540    0.067774    0.799240    0.472028    0.432175    0.132903    0.303927    0.109126    0.380493    0.306738    1.740942    0.068302    0.007425    0.052760    9.630633    8.422636    1.610699    1.996375    1.961618    1.805666    0.955069    1.125032    1.950447
Iteration: 175 bestvalit: 126.665000 bestmemit:    0.315145    0.031921    0.074540    0.067774    0.799240    0.472028    0.432175    0.132903    0.303927    0.109126    0.380493    0.306738    1.740942    0.068302    0.007425    0.052760    9.630633    8.422636    1.610699    1.996375    1.961618    1.805666    0.955069    1.125032    1.950447
Iteration: 176 bestvalit: 126.665000 bestmemit:    0.315145    0.031921    0.074540    0.067774    0.799240    0.472028    0.432175    0.132903    0.303927    0.109126    0.380493    0.306738    1.740942    0.068302    0.007425    0.052760    9.630633    8.422636    1.610699    1.996375    1.961618    1.805666    0.955069    1.125032    1.950447
Iteration: 177 bestvalit: 126.665000 bestmemit:    0.315145    0.031921    0.074540    0.067774    0.799240    0.472028    0.432175    0.132903    0.303927    0.109126    0.380493    0.306738    1.740942    0.068302    0.007425    0.052760    9.630633    8.422636    1.610699    1.996375    1.961618    1.805666    0.955069    1.125032    1.950447
Iteration: 178 bestvalit: 126.665000 bestmemit:    0.315145    0.031921    0.074540    0.067774    0.799240    0.472028    0.432175    0.132903    0.303927    0.109126    0.380493    0.306738    1.740942    0.068302    0.007425    0.052760    9.630633    8.422636    1.610699    1.996375    1.961618    1.805666    0.955069    1.125032    1.950447
Iteration: 179 bestvalit: 126.665000 bestmemit:    0.315145    0.031921    0.074540    0.067774    0.799240    0.472028    0.432175    0.132903    0.303927    0.109126    0.380493    0.306738    1.740942    0.068302    0.007425    0.052760    9.630633    8.422636    1.610699    1.996375    1.961618    1.805666    0.955069    1.125032    1.950447
Iteration: 180 bestvalit: 126.665000 bestmemit:    0.315145    0.031921    0.074540    0.067774    0.799240    0.472028    0.432175    0.132903    0.303927    0.109126    0.380493    0.306738    1.740942    0.068302    0.007425    0.052760    9.630633    8.422636    1.610699    1.996375    1.961618    1.805666    0.955069    1.125032    1.950447
Iteration: 181 bestvalit: 126.665000 bestmemit:    0.315145    0.031921    0.074540    0.067774    0.799240    0.472028    0.432175    0.132903    0.303927    0.109126    0.380493    0.306738    1.740942    0.068302    0.007425    0.052760    9.630633    8.422636    1.610699    1.996375    1.961618    1.805666    0.955069    1.125032    1.950447
Iteration: 182 bestvalit: 126.665000 bestmemit:    0.315145    0.031921    0.074540    0.067774    0.799240    0.472028    0.432175    0.132903    0.303927    0.109126    0.380493    0.306738    1.740942    0.068302    0.007425    0.052760    9.630633    8.422636    1.610699    1.996375    1.961618    1.805666    0.955069    1.125032    1.950447
Iteration: 183 bestvalit: 126.665000 bestmemit:    0.315145    0.031921    0.074540    0.067774    0.799240    0.472028    0.432175    0.132903    0.303927    0.109126    0.380493    0.306738    1.740942    0.068302    0.007425    0.052760    9.630633    8.422636    1.610699    1.996375    1.961618    1.805666    0.955069    1.125032    1.950447
Iteration: 184 bestvalit: 126.665000 bestmemit:    0.315145    0.031921    0.074540    0.067774    0.799240    0.472028    0.432175    0.132903    0.303927    0.109126    0.380493    0.306738    1.740942    0.068302    0.007425    0.052760    9.630633    8.422636    1.610699    1.996375    1.961618    1.805666    0.955069    1.125032    1.950447
Iteration: 185 bestvalit: 126.665000 bestmemit:    0.315145    0.031921    0.074540    0.067774    0.799240    0.472028    0.432175    0.132903    0.303927    0.109126    0.380493    0.306738    1.740942    0.068302    0.007425    0.052760    9.630633    8.422636    1.610699    1.996375    1.961618    1.805666    0.955069    1.125032    1.950447
Iteration: 186 bestvalit: 126.665000 bestmemit:    0.315145    0.031921    0.074540    0.067774    0.799240    0.472028    0.432175    0.132903    0.303927    0.109126    0.380493    0.306738    1.740942    0.068302    0.007425    0.052760    9.630633    8.422636    1.610699    1.996375    1.961618    1.805666    0.955069    1.125032    1.950447
Iteration: 187 bestvalit: 126.665000 bestmemit:    0.315145    0.031921    0.074540    0.067774    0.799240    0.472028    0.432175    0.132903    0.303927    0.109126    0.380493    0.306738    1.740942    0.068302    0.007425    0.052760    9.630633    8.422636    1.610699    1.996375    1.961618    1.805666    0.955069    1.125032    1.950447
Iteration: 188 bestvalit: 126.665000 bestmemit:    0.315145    0.031921    0.074540    0.067774    0.799240    0.472028    0.432175    0.132903    0.303927    0.109126    0.380493    0.306738    1.740942    0.068302    0.007425    0.052760    9.630633    8.422636    1.610699    1.996375    1.961618    1.805666    0.955069    1.125032    1.950447
Iteration: 189 bestvalit: 126.665000 bestmemit:    0.315145    0.031921    0.074540    0.067774    0.799240    0.472028    0.432175    0.132903    0.303927    0.109126    0.380493    0.306738    1.740942    0.068302    0.007425    0.052760    9.630633    8.422636    1.610699    1.996375    1.961618    1.805666    0.955069    1.125032    1.950447
Iteration: 190 bestvalit: 126.665000 bestmemit:    0.315145    0.031921    0.074540    0.067774    0.799240    0.472028    0.432175    0.132903    0.303927    0.109126    0.380493    0.306738    1.740942    0.068302    0.007425    0.052760    9.630633    8.422636    1.610699    1.996375    1.961618    1.805666    0.955069    1.125032    1.950447
Iteration: 191 bestvalit: 126.665000 bestmemit:    0.315145    0.031921    0.074540    0.067774    0.799240    0.472028    0.432175    0.132903    0.303927    0.109126    0.380493    0.306738    1.740942    0.068302    0.007425    0.052760    9.630633    8.422636    1.610699    1.996375    1.961618    1.805666    0.955069    1.125032    1.950447
Iteration: 192 bestvalit: 126.665000 bestmemit:    0.315145    0.031921    0.074540    0.067774    0.799240    0.472028    0.432175    0.132903    0.303927    0.109126    0.380493    0.306738    1.740942    0.068302    0.007425    0.052760    9.630633    8.422636    1.610699    1.996375    1.961618    1.805666    0.955069    1.125032    1.950447
Iteration: 193 bestvalit: 126.665000 bestmemit:    0.315145    0.031921    0.074540    0.067774    0.799240    0.472028    0.432175    0.132903    0.303927    0.109126    0.380493    0.306738    1.740942    0.068302    0.007425    0.052760    9.630633    8.422636    1.610699    1.996375    1.961618    1.805666    0.955069    1.125032    1.950447
Iteration: 194 bestvalit: 126.665000 bestmemit:    0.315145    0.031921    0.074540    0.067774    0.799240    0.472028    0.432175    0.132903    0.303927    0.109126    0.380493    0.306738    1.740942    0.068302    0.007425    0.052760    9.630633    8.422636    1.610699    1.996375    1.961618    1.805666    0.955069    1.125032    1.950447
Iteration: 195 bestvalit: 126.665000 bestmemit:    0.315145    0.031921    0.074540    0.067774    0.799240    0.472028    0.432175    0.132903    0.303927    0.109126    0.380493    0.306738    1.740942    0.068302    0.007425    0.052760    9.630633    8.422636    1.610699    1.996375    1.961618    1.805666    0.955069    1.125032    1.950447
Iteration: 196 bestvalit: 126.425000 bestmemit:    0.315145    0.031921    0.074540    0.067774    0.799240    0.472028    0.432175    0.132903    0.303927    0.109126    0.380493    0.306738    1.740942    0.068302    0.007425    0.052760    9.190308    8.326709    1.610699    1.996375    1.961618    1.805666    0.955069    1.125032    1.950447
Iteration: 197 bestvalit: 126.425000 bestmemit:    0.315145    0.031921    0.074540    0.067774    0.799240    0.472028    0.432175    0.132903    0.303927    0.109126    0.380493    0.306738    1.740942    0.068302    0.007425    0.052760    9.190308    8.326709    1.610699    1.996375    1.961618    1.805666    0.955069    1.125032    1.950447
Iteration: 198 bestvalit: 126.420000 bestmemit:    0.315145    0.031921    0.074540    0.067774    0.799240    0.472028    0.432175    0.132903    0.303927    0.109126    0.380493    0.306738    1.740942    0.068302    0.005743    0.052760    9.190308    8.326709    1.610699    1.996375    1.961618    1.805666    0.955069    1.125032    1.950447
Iteration: 199 bestvalit: 126.420000 bestmemit:    0.315145    0.031921    0.074540    0.067774    0.799240    0.472028    0.432175    0.132903    0.303927    0.109126    0.380493    0.306738    1.740942    0.068302    0.005743    0.052760    9.190308    8.326709    1.610699    1.996375    1.961618    1.805666    0.955069    1.125032    1.950447
Iteration: 200 bestvalit: 126.420000 bestmemit:    0.315145    0.031921    0.074540    0.067774    0.799240    0.472028    0.432175    0.132903    0.303927    0.109126    0.380493    0.306738    1.740942    0.068302    0.005743    0.052760    9.190308    8.326709    1.610699    1.996375    1.961618    1.805666    0.955069    1.125032    1.950447
Iteration: 201 bestvalit: 126.420000 bestmemit:    0.315145    0.031921    0.074540    0.067774    0.799240    0.472028    0.432175    0.132903    0.303927    0.109126    0.380493    0.306738    1.740942    0.068302    0.005743    0.052760    9.190308    8.326709    1.610699    1.996375    1.961618    1.805666    0.955069    1.125032    1.950447
Iteration: 202 bestvalit: 126.420000 bestmemit:    0.315145    0.031921    0.074540    0.067774    0.799240    0.472028    0.432175    0.132903    0.303927    0.109126    0.380493    0.306738    1.740942    0.068302    0.005743    0.052760    9.190308    8.326709    1.610699    1.996375    1.961618    1.805666    0.955069    1.125032    1.950447
Iteration: 203 bestvalit: 126.420000 bestmemit:    0.315145    0.031921    0.074540    0.067774    0.799240    0.472028    0.432175    0.132903    0.303927    0.109126    0.380493    0.306738    1.740942    0.068302    0.005743    0.052760    9.190308    8.326709    1.610699    1.996375    1.961618    1.805666    0.955069    1.125032    1.950447
Iteration: 204 bestvalit: 125.925000 bestmemit:    0.315145    0.031921    0.074540    0.067774    0.799240    0.472028    0.432175    0.132903    0.303927    0.109126    0.380493    0.306738    1.740942    0.068302    0.006564    0.052760    9.190308    8.326709    1.610699    1.996375    1.961618    1.805666    0.955069    1.125032    1.950447
Iteration: 205 bestvalit: 125.925000 bestmemit:    0.315145    0.031921    0.074540    0.067774    0.799240    0.472028    0.432175    0.132903    0.303927    0.109126    0.380493    0.306738    1.740942    0.068302    0.006564    0.052760    9.190308    8.326709    1.610699    1.996375    1.961618    1.805666    0.955069    1.125032    1.950447
Iteration: 206 bestvalit: 125.925000 bestmemit:    0.315145    0.031921    0.074540    0.067774    0.799240    0.472028    0.432175    0.132903    0.303927    0.109126    0.380493    0.306738    1.740942    0.068302    0.006564    0.052760    9.190308    8.326709    1.610699    1.996375    1.961618    1.805666    0.955069    1.125032    1.950447
Iteration: 207 bestvalit: 125.925000 bestmemit:    0.315145    0.031921    0.074540    0.067774    0.799240    0.472028    0.432175    0.132903    0.303927    0.109126    0.380493    0.306738    1.740942    0.068302    0.006564    0.052760    9.190308    8.326709    1.610699    1.996375    1.961618    1.805666    0.955069    1.125032    1.950447
Iteration: 208 bestvalit: 125.925000 bestmemit:    0.315145    0.031921    0.074540    0.067774    0.799240    0.472028    0.432175    0.132903    0.303927    0.109126    0.380493    0.306738    1.740942    0.068302    0.006564    0.052760    9.190308    8.326709    1.610699    1.996375    1.961618    1.805666    0.955069    1.125032    1.950447
Iteration: 209 bestvalit: 125.925000 bestmemit:    0.315145    0.031921    0.074540    0.067774    0.799240    0.472028    0.432175    0.132903    0.303927    0.109126    0.380493    0.306738    1.740942    0.068302    0.006564    0.052760    9.190308    8.326709    1.610699    1.996375    1.961618    1.805666    0.955069    1.125032    1.950447
Iteration: 210 bestvalit: 125.925000 bestmemit:    0.315145    0.031921    0.074540    0.067774    0.799240    0.472028    0.432175    0.132903    0.303927    0.109126    0.380493    0.306738    1.740942    0.068302    0.006564    0.052760    9.190308    8.326709    1.610699    1.996375    1.961618    1.805666    0.955069    1.125032    1.950447
Iteration: 211 bestvalit: 125.925000 bestmemit:    0.315145    0.031921    0.074540    0.067774    0.799240    0.472028    0.432175    0.132903    0.303927    0.109126    0.380493    0.306738    1.740942    0.068302    0.006564    0.052760    9.190308    8.326709    1.610699    1.996375    1.961618    1.805666    0.955069    1.125032    1.950447
Iteration: 212 bestvalit: 124.850000 bestmemit:    0.307571    0.031921    0.074540    0.067774    0.799240    0.472028    0.432175    0.132903    0.303927    0.109126    0.380493    0.306738    1.740942    0.068302    0.006564    0.052760    9.190308    8.326709    1.610699    1.996375    1.961618    1.805666    0.955069    1.125032    1.950447
Iteration: 213 bestvalit: 124.850000 bestmemit:    0.307571    0.031921    0.074540    0.067774    0.799240    0.472028    0.432175    0.132903    0.303927    0.109126    0.380493    0.306738    1.740942    0.068302    0.006564    0.052760    9.190308    8.326709    1.610699    1.996375    1.961618    1.805666    0.955069    1.125032    1.950447
Iteration: 214 bestvalit: 124.850000 bestmemit:    0.307571    0.031921    0.074540    0.067774    0.799240    0.472028    0.432175    0.132903    0.303927    0.109126    0.380493    0.306738    1.740942    0.068302    0.006564    0.052760    9.190308    8.326709    1.610699    1.996375    1.961618    1.805666    0.955069    1.125032    1.950447
Iteration: 215 bestvalit: 124.850000 bestmemit:    0.307571    0.031921    0.074540    0.067774    0.799240    0.472028    0.432175    0.132903    0.303927    0.109126    0.380493    0.306738    1.740942    0.068302    0.006564    0.052760    9.190308    8.326709    1.610699    1.996375    1.961618    1.805666    0.955069    1.125032    1.950447
Iteration: 216 bestvalit: 124.850000 bestmemit:    0.307571    0.031921    0.074540    0.067774    0.799240    0.472028    0.432175    0.132903    0.303927    0.109126    0.380493    0.306738    1.740942    0.068302    0.006564    0.052760    9.190308    8.326709    1.610699    1.996375    1.961618    1.805666    0.955069    1.125032    1.950447
Iteration: 217 bestvalit: 124.850000 bestmemit:    0.307571    0.031921    0.074540    0.067774    0.799240    0.472028    0.432175    0.132903    0.303927    0.109126    0.380493    0.306738    1.740942    0.068302    0.006564    0.052760    9.190308    8.326709    1.610699    1.996375    1.961618    1.805666    0.955069    1.125032    1.950447
Iteration: 218 bestvalit: 124.850000 bestmemit:    0.307571    0.031921    0.074540    0.067774    0.799240    0.472028    0.432175    0.132903    0.303927    0.109126    0.380493    0.306738    1.740942    0.068302    0.006564    0.052760    9.190308    8.326709    1.610699    1.996375    1.961618    1.805666    0.955069    1.125032    1.950447
Iteration: 219 bestvalit: 124.850000 bestmemit:    0.307571    0.031921    0.074540    0.067774    0.799240    0.472028    0.432175    0.132903    0.303927    0.109126    0.380493    0.306738    1.740942    0.068302    0.006564    0.052760    9.190308    8.326709    1.610699    1.996375    1.961618    1.805666    0.955069    1.125032    1.950447
Iteration: 220 bestvalit: 124.850000 bestmemit:    0.307571    0.031921    0.074540    0.067774    0.799240    0.472028    0.432175    0.132903    0.303927    0.109126    0.380493    0.306738    1.740942    0.068302    0.006564    0.052760    9.190308    8.326709    1.610699    1.996375    1.961618    1.805666    0.955069    1.125032    1.950447
Iteration: 221 bestvalit: 124.730000 bestmemit:    0.307571    0.031921    0.074540    0.067774    0.799240    0.472028    0.432175    0.132903    0.303927    0.109126    0.380493    0.306738    1.740942    0.068302    0.006564    0.052760    9.264429    8.326709    1.610699    1.996375    1.961618    1.805666    0.955069    1.125032    1.950447
Iteration: 222 bestvalit: 124.730000 bestmemit:    0.307571    0.031921    0.074540    0.067774    0.799240    0.472028    0.432175    0.132903    0.303927    0.109126    0.380493    0.306738    1.740942    0.068302    0.006564    0.052760    9.264429    8.326709    1.610699    1.996375    1.961618    1.805666    0.955069    1.125032    1.950447
Iteration: 223 bestvalit: 124.730000 bestmemit:    0.307571    0.031921    0.074540    0.067774    0.799240    0.472028    0.432175    0.132903    0.303927    0.109126    0.380493    0.306738    1.740942    0.068302    0.006564    0.052760    9.264429    8.326709    1.610699    1.996375    1.961618    1.805666    0.955069    1.125032    1.950447
Iteration: 224 bestvalit: 124.730000 bestmemit:    0.307571    0.031921    0.074540    0.067774    0.799240    0.472028    0.432175    0.132903    0.303927    0.109126    0.380493    0.306738    1.740942    0.068302    0.006564    0.052760    9.264429    8.326709    1.610699    1.996375    1.961618    1.805666    0.955069    1.125032    1.950447
Iteration: 225 bestvalit: 124.730000 bestmemit:    0.307571    0.031921    0.074540    0.067774    0.799240    0.472028    0.432175    0.132903    0.303927    0.109126    0.380493    0.306738    1.740942    0.068302    0.006564    0.052760    9.264429    8.326709    1.610699    1.996375    1.961618    1.805666    0.955069    1.125032    1.950447
Iteration: 226 bestvalit: 124.730000 bestmemit:    0.307571    0.031921    0.074540    0.067774    0.799240    0.472028    0.432175    0.132903    0.303927    0.109126    0.380493    0.306738    1.740942    0.068302    0.006564    0.052760    9.264429    8.326709    1.610699    1.996375    1.961618    1.805666    0.955069    1.125032    1.950447
Iteration: 227 bestvalit: 124.715000 bestmemit:    0.307571    0.031921    0.074540    0.067774    0.799240    0.472028    0.432175    0.132903    0.303927    0.109126    0.380493    0.306738    1.740942    0.068302    0.006564    0.052760    9.264429    8.326709    1.576458    1.996375    1.961618    1.805666    0.955069    1.125032    1.950447
Iteration: 228 bestvalit: 124.715000 bestmemit:    0.307571    0.031921    0.074540    0.067774    0.799240    0.472028    0.432175    0.132903    0.303927    0.109126    0.380493    0.306738    1.740942    0.068302    0.006564    0.052760    9.264429    8.326709    1.576458    1.996375    1.961618    1.805666    0.955069    1.125032    1.950447
Iteration: 229 bestvalit: 124.715000 bestmemit:    0.307571    0.031921    0.074540    0.067774    0.799240    0.472028    0.432175    0.132903    0.303927    0.109126    0.380493    0.306738    1.740942    0.068302    0.006564    0.052760    9.264429    8.326709    1.576458    1.996375    1.961618    1.805666    0.955069    1.125032    1.950447
Iteration: 230 bestvalit: 124.715000 bestmemit:    0.307571    0.031921    0.074540    0.067774    0.799240    0.472028    0.432175    0.132903    0.303927    0.109126    0.380493    0.306738    1.740942    0.068302    0.006564    0.052760    9.264429    8.326709    1.576458    1.996375    1.961618    1.805666    0.955069    1.125032    1.950447
Iteration: 231 bestvalit: 124.715000 bestmemit:    0.307571    0.031921    0.074540    0.067774    0.799240    0.472028    0.432175    0.132903    0.303927    0.109126    0.380493    0.306738    1.740942    0.068302    0.006564    0.052760    9.264429    8.326709    1.576458    1.996375    1.961618    1.805666    0.955069    1.125032    1.950447
Iteration: 232 bestvalit: 124.715000 bestmemit:    0.307571    0.031921    0.074540    0.067774    0.799240    0.472028    0.432175    0.132903    0.303927    0.109126    0.380493    0.306738    1.740942    0.068302    0.006564    0.052760    9.264429    8.326709    1.576458    1.996375    1.961618    1.805666    0.955069    1.125032    1.950447
Iteration: 233 bestvalit: 124.715000 bestmemit:    0.307571    0.031921    0.074540    0.067774    0.799240    0.472028    0.432175    0.132903    0.303927    0.109126    0.380493    0.306738    1.740942    0.068302    0.006564    0.052760    9.264429    8.326709    1.576458    1.996375    1.961618    1.805666    0.955069    1.125032    1.950447
Iteration: 234 bestvalit: 124.715000 bestmemit:    0.307571    0.031921    0.074540    0.067774    0.799240    0.472028    0.432175    0.132903    0.303927    0.109126    0.380493    0.306738    1.740942    0.068302    0.006564    0.052760    9.264429    8.326709    1.576458    1.996375    1.961618    1.805666    0.955069    1.125032    1.950447
Iteration: 235 bestvalit: 124.715000 bestmemit:    0.307571    0.031921    0.074540    0.067774    0.799240    0.472028    0.432175    0.132903    0.303927    0.109126    0.380493    0.306738    1.740942    0.068302    0.006564    0.052760    9.264429    8.326709    1.576458    1.996375    1.961618    1.805666    0.955069    1.125032    1.950447
Iteration: 236 bestvalit: 124.715000 bestmemit:    0.307571    0.031921    0.074540    0.067774    0.799240    0.472028    0.432175    0.132903    0.303927    0.109126    0.380493    0.306738    1.740942    0.068302    0.006564    0.052760    9.264429    8.326709    1.576458    1.996375    1.961618    1.805666    0.955069    1.125032    1.950447
Iteration: 237 bestvalit: 124.715000 bestmemit:    0.307571    0.031921    0.074540    0.067774    0.799240    0.472028    0.432175    0.132903    0.303927    0.109126    0.380493    0.306738    1.740942    0.068302    0.006564    0.052760    9.264429    8.326709    1.576458    1.996375    1.961618    1.805666    0.955069    1.125032    1.950447
Iteration: 238 bestvalit: 124.715000 bestmemit:    0.307571    0.031921    0.074540    0.067774    0.799240    0.472028    0.432175    0.132903    0.303927    0.109126    0.380493    0.306738    1.740942    0.068302    0.006564    0.052760    9.264429    8.326709    1.576458    1.996375    1.961618    1.805666    0.955069    1.125032    1.950447
Iteration: 239 bestvalit: 124.715000 bestmemit:    0.307571    0.031921    0.074540    0.067774    0.799240    0.472028    0.432175    0.132903    0.303927    0.109126    0.380493    0.306738    1.740942    0.068302    0.006564    0.052760    9.264429    8.326709    1.576458    1.996375    1.961618    1.805666    0.955069    1.125032    1.950447
Iteration: 240 bestvalit: 124.715000 bestmemit:    0.307571    0.031921    0.074540    0.067774    0.799240    0.472028    0.432175    0.132903    0.303927    0.109126    0.380493    0.306738    1.740942    0.068302    0.006564    0.052760    9.264429    8.326709    1.576458    1.996375    1.961618    1.805666    0.955069    1.125032    1.950447
Iteration: 241 bestvalit: 124.715000 bestmemit:    0.307571    0.031921    0.074540    0.067774    0.799240    0.472028    0.432175    0.132903    0.303927    0.109126    0.380493    0.306738    1.740942    0.068302    0.006564    0.052760    9.264429    8.326709    1.576458    1.996375    1.961618    1.805666    0.955069    1.125032    1.950447
Iteration: 242 bestvalit: 124.715000 bestmemit:    0.307571    0.031921    0.074540    0.067774    0.799240    0.472028    0.432175    0.132903    0.303927    0.109126    0.380493    0.306738    1.740942    0.068302    0.006564    0.052760    9.264429    8.326709    1.576458    1.996375    1.961618    1.805666    0.955069    1.125032    1.950447
Iteration: 243 bestvalit: 124.715000 bestmemit:    0.307571    0.031921    0.074540    0.067774    0.799240    0.472028    0.432175    0.132903    0.303927    0.109126    0.380493    0.306738    1.740942    0.068302    0.006564    0.052760    9.264429    8.326709    1.576458    1.996375    1.961618    1.805666    0.955069    1.125032    1.950447
Iteration: 244 bestvalit: 124.715000 bestmemit:    0.307571    0.031921    0.074540    0.067774    0.799240    0.472028    0.432175    0.132903    0.303927    0.109126    0.380493    0.306738    1.740942    0.068302    0.006564    0.052760    9.264429    8.326709    1.576458    1.996375    1.961618    1.805666    0.955069    1.125032    1.950447
Iteration: 245 bestvalit: 124.715000 bestmemit:    0.307571    0.031921    0.074540    0.067774    0.799240    0.472028    0.432175    0.132903    0.303927    0.109126    0.380493    0.306738    1.740942    0.068302    0.006564    0.052760    9.264429    8.326709    1.576458    1.996375    1.961618    1.805666    0.955069    1.125032    1.950447
Iteration: 246 bestvalit: 124.715000 bestmemit:    0.307571    0.031921    0.074540    0.067774    0.799240    0.472028    0.432175    0.132903    0.303927    0.109126    0.380493    0.306738    1.740942    0.068302    0.006564    0.052760    9.264429    8.326709    1.576458    1.996375    1.961618    1.805666    0.955069    1.125032    1.950447
Iteration: 247 bestvalit: 124.715000 bestmemit:    0.307571    0.031921    0.074540    0.067774    0.799240    0.472028    0.432175    0.132903    0.303927    0.109126    0.380493    0.306738    1.740942    0.068302    0.006564    0.052760    9.264429    8.326709    1.576458    1.996375    1.961618    1.805666    0.955069    1.125032    1.950447
Iteration: 248 bestvalit: 124.715000 bestmemit:    0.307571    0.031921    0.074540    0.067774    0.799240    0.472028    0.432175    0.132903    0.303927    0.109126    0.380493    0.306738    1.740942    0.068302    0.006564    0.052760    9.264429    8.326709    1.576458    1.996375    1.961618    1.805666    0.955069    1.125032    1.950447
Iteration: 249 bestvalit: 124.715000 bestmemit:    0.307571    0.031921    0.074540    0.067774    0.799240    0.472028    0.432175    0.132903    0.303927    0.109126    0.380493    0.306738    1.740942    0.068302    0.006564    0.052760    9.264429    8.326709    1.576458    1.996375    1.961618    1.805666    0.955069    1.125032    1.950447
Iteration: 250 bestvalit: 124.715000 bestmemit:    0.307571    0.031921    0.074540    0.067774    0.799240    0.472028    0.432175    0.132903    0.303927    0.109126    0.380493    0.306738    1.740942    0.068302    0.006564    0.052760    9.264429    8.326709    1.576458    1.996375    1.961618    1.805666    0.955069    1.125032    1.950447
Iteration: 251 bestvalit: 124.715000 bestmemit:    0.307571    0.031921    0.074540    0.067774    0.799240    0.472028    0.432175    0.132903    0.303927    0.109126    0.380493    0.306738    1.740942    0.068302    0.006564    0.052760    9.264429    8.326709    1.576458    1.996375    1.961618    1.805666    0.955069    1.125032    1.950447
Iteration: 252 bestvalit: 124.715000 bestmemit:    0.307571    0.031921    0.074540    0.067774    0.799240    0.472028    0.432175    0.132903    0.303927    0.109126    0.380493    0.306738    1.740942    0.068302    0.006564    0.052760    9.264429    8.326709    1.576458    1.996375    1.961618    1.805666    0.955069    1.125032    1.950447
Iteration: 253 bestvalit: 124.715000 bestmemit:    0.307571    0.031921    0.074540    0.067774    0.799240    0.472028    0.432175    0.132903    0.303927    0.109126    0.380493    0.306738    1.740942    0.068302    0.006564    0.052760    9.264429    8.326709    1.576458    1.996375    1.961618    1.805666    0.955069    1.125032    1.950447
Iteration: 254 bestvalit: 123.365000 bestmemit:    0.320926    0.011015    0.082355    0.041386    0.734493    0.286582    0.482953    0.085482    0.245800    0.132623    0.323955    0.470845    2.165486    0.046457    0.006676    0.094227    9.169649    9.665141    1.631222    1.974143    1.910841    1.804072    0.965802    1.179898    1.984981
Iteration: 255 bestvalit: 123.365000 bestmemit:    0.320926    0.011015    0.082355    0.041386    0.734493    0.286582    0.482953    0.085482    0.245800    0.132623    0.323955    0.470845    2.165486    0.046457    0.006676    0.094227    9.169649    9.665141    1.631222    1.974143    1.910841    1.804072    0.965802    1.179898    1.984981
Iteration: 256 bestvalit: 123.365000 bestmemit:    0.320926    0.011015    0.082355    0.041386    0.734493    0.286582    0.482953    0.085482    0.245800    0.132623    0.323955    0.470845    2.165486    0.046457    0.006676    0.094227    9.169649    9.665141    1.631222    1.974143    1.910841    1.804072    0.965802    1.179898    1.984981
Iteration: 257 bestvalit: 123.365000 bestmemit:    0.320926    0.011015    0.082355    0.041386    0.734493    0.286582    0.482953    0.085482    0.245800    0.132623    0.323955    0.470845    2.165486    0.046457    0.006676    0.094227    9.169649    9.665141    1.631222    1.974143    1.910841    1.804072    0.965802    1.179898    1.984981
Iteration: 258 bestvalit: 123.365000 bestmemit:    0.320926    0.011015    0.082355    0.041386    0.734493    0.286582    0.482953    0.085482    0.245800    0.132623    0.323955    0.470845    2.165486    0.046457    0.006676    0.094227    9.169649    9.665141    1.631222    1.974143    1.910841    1.804072    0.965802    1.179898    1.984981
Iteration: 259 bestvalit: 123.365000 bestmemit:    0.320926    0.011015    0.082355    0.041386    0.734493    0.286582    0.482953    0.085482    0.245800    0.132623    0.323955    0.470845    2.165486    0.046457    0.006676    0.094227    9.169649    9.665141    1.631222    1.974143    1.910841    1.804072    0.965802    1.179898    1.984981
Iteration: 260 bestvalit: 123.365000 bestmemit:    0.320926    0.011015    0.082355    0.041386    0.734493    0.286582    0.482953    0.085482    0.245800    0.132623    0.323955    0.470845    2.165486    0.046457    0.006676    0.094227    9.169649    9.665141    1.631222    1.974143    1.910841    1.804072    0.965802    1.179898    1.984981
Iteration: 261 bestvalit: 120.670000 bestmemit:    0.326597    0.011015    0.082355    0.041386    0.734493    0.286582    0.482953    0.085482    0.245800    0.132623    0.323955    0.470845    2.165486    0.046457    0.006676    0.094227    9.169649    9.665141    1.631222    1.974143    1.910841    1.804072    0.965802    1.179898    1.948752
Iteration: 262 bestvalit: 120.670000 bestmemit:    0.326597    0.011015    0.082355    0.041386    0.734493    0.286582    0.482953    0.085482    0.245800    0.132623    0.323955    0.470845    2.165486    0.046457    0.006676    0.094227    9.169649    9.665141    1.631222    1.974143    1.910841    1.804072    0.965802    1.179898    1.948752
Iteration: 263 bestvalit: 120.670000 bestmemit:    0.326597    0.011015    0.082355    0.041386    0.734493    0.286582    0.482953    0.085482    0.245800    0.132623    0.323955    0.470845    2.165486    0.046457    0.006676    0.094227    9.169649    9.665141    1.631222    1.974143    1.910841    1.804072    0.965802    1.179898    1.948752
Iteration: 264 bestvalit: 120.670000 bestmemit:    0.326597    0.011015    0.082355    0.041386    0.734493    0.286582    0.482953    0.085482    0.245800    0.132623    0.323955    0.470845    2.165486    0.046457    0.006676    0.094227    9.169649    9.665141    1.631222    1.974143    1.910841    1.804072    0.965802    1.179898    1.948752
Iteration: 265 bestvalit: 120.670000 bestmemit:    0.326597    0.011015    0.082355    0.041386    0.734493    0.286582    0.482953    0.085482    0.245800    0.132623    0.323955    0.470845    2.165486    0.046457    0.006676    0.094227    9.169649    9.665141    1.631222    1.974143    1.910841    1.804072    0.965802    1.179898    1.948752
Iteration: 266 bestvalit: 120.670000 bestmemit:    0.326597    0.011015    0.082355    0.041386    0.734493    0.286582    0.482953    0.085482    0.245800    0.132623    0.323955    0.470845    2.165486    0.046457    0.006676    0.094227    9.169649    9.665141    1.631222    1.974143    1.910841    1.804072    0.965802    1.179898    1.948752
Iteration: 267 bestvalit: 120.670000 bestmemit:    0.326597    0.011015    0.082355    0.041386    0.734493    0.286582    0.482953    0.085482    0.245800    0.132623    0.323955    0.470845    2.165486    0.046457    0.006676    0.094227    9.169649    9.665141    1.631222    1.974143    1.910841    1.804072    0.965802    1.179898    1.948752
Iteration: 268 bestvalit: 120.670000 bestmemit:    0.326597    0.011015    0.082355    0.041386    0.734493    0.286582    0.482953    0.085482    0.245800    0.132623    0.323955    0.470845    2.165486    0.046457    0.006676    0.094227    9.169649    9.665141    1.631222    1.974143    1.910841    1.804072    0.965802    1.179898    1.948752
Iteration: 269 bestvalit: 120.670000 bestmemit:    0.326597    0.011015    0.082355    0.041386    0.734493    0.286582    0.482953    0.085482    0.245800    0.132623    0.323955    0.470845    2.165486    0.046457    0.006676    0.094227    9.169649    9.665141    1.631222    1.974143    1.910841    1.804072    0.965802    1.179898    1.948752
Iteration: 270 bestvalit: 120.670000 bestmemit:    0.326597    0.011015    0.082355    0.041386    0.734493    0.286582    0.482953    0.085482    0.245800    0.132623    0.323955    0.470845    2.165486    0.046457    0.006676    0.094227    9.169649    9.665141    1.631222    1.974143    1.910841    1.804072    0.965802    1.179898    1.948752
Iteration: 271 bestvalit: 120.670000 bestmemit:    0.326597    0.011015    0.082355    0.041386    0.734493    0.286582    0.482953    0.085482    0.245800    0.132623    0.323955    0.470845    2.165486    0.046457    0.006676    0.094227    9.169649    9.665141    1.631222    1.974143    1.910841    1.804072    0.965802    1.179898    1.948752
Iteration: 272 bestvalit: 120.670000 bestmemit:    0.326597    0.011015    0.082355    0.041386    0.734493    0.286582    0.482953    0.085482    0.245800    0.132623    0.323955    0.470845    2.165486    0.046457    0.006676    0.094227    9.169649    9.665141    1.631222    1.974143    1.910841    1.804072    0.965802    1.179898    1.948752
Iteration: 273 bestvalit: 120.670000 bestmemit:    0.326597    0.011015    0.082355    0.041386    0.734493    0.286582    0.482953    0.085482    0.245800    0.132623    0.323955    0.470845    2.165486    0.046457    0.006676    0.094227    9.169649    9.665141    1.631222    1.974143    1.910841    1.804072    0.965802    1.179898    1.948752
Iteration: 274 bestvalit: 120.670000 bestmemit:    0.326597    0.011015    0.082355    0.041386    0.734493    0.286582    0.482953    0.085482    0.245800    0.132623    0.323955    0.470845    2.165486    0.046457    0.006676    0.094227    9.169649    9.665141    1.631222    1.974143    1.910841    1.804072    0.965802    1.179898    1.948752
Iteration: 275 bestvalit: 120.670000 bestmemit:    0.326597    0.011015    0.082355    0.041386    0.734493    0.286582    0.482953    0.085482    0.245800    0.132623    0.323955    0.470845    2.165486    0.046457    0.006676    0.094227    9.169649    9.665141    1.631222    1.974143    1.910841    1.804072    0.965802    1.179898    1.948752
Iteration: 276 bestvalit: 120.670000 bestmemit:    0.326597    0.011015    0.082355    0.041386    0.734493    0.286582    0.482953    0.085482    0.245800    0.132623    0.323955    0.470845    2.165486    0.046457    0.006676    0.094227    9.169649    9.665141    1.631222    1.974143    1.910841    1.804072    0.965802    1.179898    1.948752
Iteration: 277 bestvalit: 120.670000 bestmemit:    0.326597    0.011015    0.082355    0.041386    0.734493    0.286582    0.482953    0.085482    0.245800    0.132623    0.323955    0.470845    2.165486    0.046457    0.006676    0.094227    9.169649    9.665141    1.631222    1.974143    1.910841    1.804072    0.965802    1.179898    1.948752
Iteration: 278 bestvalit: 118.095000 bestmemit:    0.326597    0.011015    0.082355    0.041386    0.734493    0.286582    0.482953    0.085482    0.245800    0.132623    0.323955    0.470845    2.165486    0.046457    0.006676    0.094227    8.674959    9.589609    1.686201    1.974143    1.910841    1.804072    0.965802    1.179898    1.948752
Iteration: 279 bestvalit: 118.095000 bestmemit:    0.326597    0.011015    0.082355    0.041386    0.734493    0.286582    0.482953    0.085482    0.245800    0.132623    0.323955    0.470845    2.165486    0.046457    0.006676    0.094227    8.674959    9.589609    1.686201    1.974143    1.910841    1.804072    0.965802    1.179898    1.948752
Iteration: 280 bestvalit: 118.095000 bestmemit:    0.326597    0.011015    0.082355    0.041386    0.734493    0.286582    0.482953    0.085482    0.245800    0.132623    0.323955    0.470845    2.165486    0.046457    0.006676    0.094227    8.674959    9.589609    1.686201    1.974143    1.910841    1.804072    0.965802    1.179898    1.948752
Iteration: 281 bestvalit: 117.935000 bestmemit:    0.326597    0.011015    0.082355    0.041386    0.734493    0.286582    0.482953    0.085482    0.245800    0.132623    0.323955    0.470845    2.165486    0.046457    0.006676    0.094227    8.674959    9.589609    1.686201    1.974143    1.910841    1.804072    0.974157    1.179898    1.948752
Iteration: 282 bestvalit: 117.935000 bestmemit:    0.326597    0.011015    0.082355    0.041386    0.734493    0.286582    0.482953    0.085482    0.245800    0.132623    0.323955    0.470845    2.165486    0.046457    0.006676    0.094227    8.674959    9.589609    1.686201    1.974143    1.910841    1.804072    0.974157    1.179898    1.948752
Iteration: 283 bestvalit: 117.935000 bestmemit:    0.326597    0.011015    0.082355    0.041386    0.734493    0.286582    0.482953    0.085482    0.245800    0.132623    0.323955    0.470845    2.165486    0.046457    0.006676    0.094227    8.674959    9.589609    1.686201    1.974143    1.910841    1.804072    0.974157    1.179898    1.948752
Iteration: 284 bestvalit: 117.935000 bestmemit:    0.326597    0.011015    0.082355    0.041386    0.734493    0.286582    0.482953    0.085482    0.245800    0.132623    0.323955    0.470845    2.165486    0.046457    0.006676    0.094227    8.674959    9.589609    1.686201    1.974143    1.910841    1.804072    0.974157    1.179898    1.948752
Iteration: 285 bestvalit: 117.935000 bestmemit:    0.326597    0.011015    0.082355    0.041386    0.734493    0.286582    0.482953    0.085482    0.245800    0.132623    0.323955    0.470845    2.165486    0.046457    0.006676    0.094227    8.674959    9.589609    1.686201    1.974143    1.910841    1.804072    0.974157    1.179898    1.948752
Iteration: 286 bestvalit: 117.935000 bestmemit:    0.326597    0.011015    0.082355    0.041386    0.734493    0.286582    0.482953    0.085482    0.245800    0.132623    0.323955    0.470845    2.165486    0.046457    0.006676    0.094227    8.674959    9.589609    1.686201    1.974143    1.910841    1.804072    0.974157    1.179898    1.948752
Iteration: 287 bestvalit: 117.935000 bestmemit:    0.326597    0.011015    0.082355    0.041386    0.734493    0.286582    0.482953    0.085482    0.245800    0.132623    0.323955    0.470845    2.165486    0.046457    0.006676    0.094227    8.674959    9.589609    1.686201    1.974143    1.910841    1.804072    0.974157    1.179898    1.948752
Iteration: 288 bestvalit: 117.935000 bestmemit:    0.326597    0.011015    0.082355    0.041386    0.734493    0.286582    0.482953    0.085482    0.245800    0.132623    0.323955    0.470845    2.165486    0.046457    0.006676    0.094227    8.674959    9.589609    1.686201    1.974143    1.910841    1.804072    0.974157    1.179898    1.948752
Iteration: 289 bestvalit: 117.935000 bestmemit:    0.326597    0.011015    0.082355    0.041386    0.734493    0.286582    0.482953    0.085482    0.245800    0.132623    0.323955    0.470845    2.165486    0.046457    0.006676    0.094227    8.674959    9.589609    1.686201    1.974143    1.910841    1.804072    0.974157    1.179898    1.948752
Iteration: 290 bestvalit: 117.935000 bestmemit:    0.326597    0.011015    0.082355    0.041386    0.734493    0.286582    0.482953    0.085482    0.245800    0.132623    0.323955    0.470845    2.165486    0.046457    0.006676    0.094227    8.674959    9.589609    1.686201    1.974143    1.910841    1.804072    0.974157    1.179898    1.948752
Iteration: 291 bestvalit: 117.935000 bestmemit:    0.326597    0.011015    0.082355    0.041386    0.734493    0.286582    0.482953    0.085482    0.245800    0.132623    0.323955    0.470845    2.165486    0.046457    0.006676    0.094227    8.674959    9.589609    1.686201    1.974143    1.910841    1.804072    0.974157    1.179898    1.948752
Iteration: 292 bestvalit: 117.935000 bestmemit:    0.326597    0.011015    0.082355    0.041386    0.734493    0.286582    0.482953    0.085482    0.245800    0.132623    0.323955    0.470845    2.165486    0.046457    0.006676    0.094227    8.674959    9.589609    1.686201    1.974143    1.910841    1.804072    0.974157    1.179898    1.948752
Iteration: 293 bestvalit: 117.935000 bestmemit:    0.326597    0.011015    0.082355    0.041386    0.734493    0.286582    0.482953    0.085482    0.245800    0.132623    0.323955    0.470845    2.165486    0.046457    0.006676    0.094227    8.674959    9.589609    1.686201    1.974143    1.910841    1.804072    0.974157    1.179898    1.948752
Iteration: 294 bestvalit: 117.935000 bestmemit:    0.326597    0.011015    0.082355    0.041386    0.734493    0.286582    0.482953    0.085482    0.245800    0.132623    0.323955    0.470845    2.165486    0.046457    0.006676    0.094227    8.674959    9.589609    1.686201    1.974143    1.910841    1.804072    0.974157    1.179898    1.948752
Iteration: 295 bestvalit: 117.935000 bestmemit:    0.326597    0.011015    0.082355    0.041386    0.734493    0.286582    0.482953    0.085482    0.245800    0.132623    0.323955    0.470845    2.165486    0.046457    0.006676    0.094227    8.674959    9.589609    1.686201    1.974143    1.910841    1.804072    0.974157    1.179898    1.948752
Iteration: 296 bestvalit: 117.935000 bestmemit:    0.326597    0.011015    0.082355    0.041386    0.734493    0.286582    0.482953    0.085482    0.245800    0.132623    0.323955    0.470845    2.165486    0.046457    0.006676    0.094227    8.674959    9.589609    1.686201    1.974143    1.910841    1.804072    0.974157    1.179898    1.948752
Iteration: 297 bestvalit: 117.935000 bestmemit:    0.326597    0.011015    0.082355    0.041386    0.734493    0.286582    0.482953    0.085482    0.245800    0.132623    0.323955    0.470845    2.165486    0.046457    0.006676    0.094227    8.674959    9.589609    1.686201    1.974143    1.910841    1.804072    0.974157    1.179898    1.948752
Iteration: 298 bestvalit: 117.935000 bestmemit:    0.326597    0.011015    0.082355    0.041386    0.734493    0.286582    0.482953    0.085482    0.245800    0.132623    0.323955    0.470845    2.165486    0.046457    0.006676    0.094227    8.674959    9.589609    1.686201    1.974143    1.910841    1.804072    0.974157    1.179898    1.948752
Iteration: 299 bestvalit: 117.935000 bestmemit:    0.326597    0.011015    0.082355    0.041386    0.734493    0.286582    0.482953    0.085482    0.245800    0.132623    0.323955    0.470845    2.165486    0.046457    0.006676    0.094227    8.674959    9.589609    1.686201    1.974143    1.910841    1.804072    0.974157    1.179898    1.948752
Iteration: 300 bestvalit: 117.935000 bestmemit:    0.326597    0.011015    0.082355    0.041386    0.734493    0.286582    0.482953    0.085482    0.245800    0.132623    0.323955    0.470845    2.165486    0.046457    0.006676    0.094227    8.674959    9.589609    1.686201    1.974143    1.910841    1.804072    0.974157    1.179898    1.948752
Iteration: 301 bestvalit: 117.935000 bestmemit:    0.326597    0.011015    0.082355    0.041386    0.734493    0.286582    0.482953    0.085482    0.245800    0.132623    0.323955    0.470845    2.165486    0.046457    0.006676    0.094227    8.674959    9.589609    1.686201    1.974143    1.910841    1.804072    0.974157    1.179898    1.948752
Iteration: 302 bestvalit: 117.935000 bestmemit:    0.326597    0.011015    0.082355    0.041386    0.734493    0.286582    0.482953    0.085482    0.245800    0.132623    0.323955    0.470845    2.165486    0.046457    0.006676    0.094227    8.674959    9.589609    1.686201    1.974143    1.910841    1.804072    0.974157    1.179898    1.948752
Iteration: 303 bestvalit: 117.935000 bestmemit:    0.326597    0.011015    0.082355    0.041386    0.734493    0.286582    0.482953    0.085482    0.245800    0.132623    0.323955    0.470845    2.165486    0.046457    0.006676    0.094227    8.674959    9.589609    1.686201    1.974143    1.910841    1.804072    0.974157    1.179898    1.948752
Iteration: 304 bestvalit: 117.820000 bestmemit:    0.326597    0.011015    0.082355    0.041386    0.734493    0.286582    0.482953    0.085482    0.245800    0.132623    0.323955    0.470845    2.165486    0.046457    0.005529    0.094227    8.674959    9.589609    1.686201    1.974143    1.910841    1.804072    0.974157    1.179898    1.948752
Iteration: 305 bestvalit: 117.820000 bestmemit:    0.326597    0.011015    0.082355    0.041386    0.734493    0.286582    0.482953    0.085482    0.245800    0.132623    0.323955    0.470845    2.165486    0.046457    0.005529    0.094227    8.674959    9.589609    1.686201    1.974143    1.910841    1.804072    0.974157    1.179898    1.948752
Iteration: 306 bestvalit: 117.820000 bestmemit:    0.326597    0.011015    0.082355    0.041386    0.734493    0.286582    0.482953    0.085482    0.245800    0.132623    0.323955    0.470845    2.165486    0.046457    0.005529    0.094227    8.674959    9.589609    1.686201    1.974143    1.910841    1.804072    0.974157    1.179898    1.948752
Iteration: 307 bestvalit: 117.820000 bestmemit:    0.326597    0.011015    0.082355    0.041386    0.734493    0.286582    0.482953    0.085482    0.245800    0.132623    0.323955    0.470845    2.165486    0.046457    0.005529    0.094227    8.674959    9.589609    1.686201    1.974143    1.910841    1.804072    0.974157    1.179898    1.948752
Iteration: 308 bestvalit: 117.820000 bestmemit:    0.326597    0.011015    0.082355    0.041386    0.734493    0.286582    0.482953    0.085482    0.245800    0.132623    0.323955    0.470845    2.165486    0.046457    0.005529    0.094227    8.674959    9.589609    1.686201    1.974143    1.910841    1.804072    0.974157    1.179898    1.948752
Iteration: 309 bestvalit: 117.820000 bestmemit:    0.326597    0.011015    0.082355    0.041386    0.734493    0.286582    0.482953    0.085482    0.245800    0.132623    0.323955    0.470845    2.165486    0.046457    0.005529    0.094227    8.674959    9.589609    1.686201    1.974143    1.910841    1.804072    0.974157    1.179898    1.948752
Iteration: 310 bestvalit: 117.820000 bestmemit:    0.326597    0.011015    0.082355    0.041386    0.734493    0.286582    0.482953    0.085482    0.245800    0.132623    0.323955    0.470845    2.165486    0.046457    0.005529    0.094227    8.674959    9.589609    1.686201    1.974143    1.910841    1.804072    0.974157    1.179898    1.948752
Iteration: 311 bestvalit: 117.820000 bestmemit:    0.326597    0.011015    0.082355    0.041386    0.734493    0.286582    0.482953    0.085482    0.245800    0.132623    0.323955    0.470845    2.165486    0.046457    0.005529    0.094227    8.674959    9.589609    1.686201    1.974143    1.910841    1.804072    0.974157    1.179898    1.948752
Iteration: 312 bestvalit: 117.820000 bestmemit:    0.326597    0.011015    0.082355    0.041386    0.734493    0.286582    0.482953    0.085482    0.245800    0.132623    0.323955    0.470845    2.165486    0.046457    0.005529    0.094227    8.674959    9.589609    1.686201    1.974143    1.910841    1.804072    0.974157    1.179898    1.948752
Iteration: 313 bestvalit: 117.820000 bestmemit:    0.326597    0.011015    0.082355    0.041386    0.734493    0.286582    0.482953    0.085482    0.245800    0.132623    0.323955    0.470845    2.165486    0.046457    0.005529    0.094227    8.674959    9.589609    1.686201    1.974143    1.910841    1.804072    0.974157    1.179898    1.948752
Iteration: 314 bestvalit: 117.820000 bestmemit:    0.326597    0.011015    0.082355    0.041386    0.734493    0.286582    0.482953    0.085482    0.245800    0.132623    0.323955    0.470845    2.165486    0.046457    0.005529    0.094227    8.674959    9.589609    1.686201    1.974143    1.910841    1.804072    0.974157    1.179898    1.948752
Iteration: 315 bestvalit: 117.820000 bestmemit:    0.326597    0.011015    0.082355    0.041386    0.734493    0.286582    0.482953    0.085482    0.245800    0.132623    0.323955    0.470845    2.165486    0.046457    0.005529    0.094227    8.674959    9.589609    1.686201    1.974143    1.910841    1.804072    0.974157    1.179898    1.948752
Iteration: 316 bestvalit: 117.820000 bestmemit:    0.326597    0.011015    0.082355    0.041386    0.734493    0.286582    0.482953    0.085482    0.245800    0.132623    0.323955    0.470845    2.165486    0.046457    0.005529    0.094227    8.674959    9.589609    1.686201    1.974143    1.910841    1.804072    0.974157    1.179898    1.948752
Iteration: 317 bestvalit: 117.820000 bestmemit:    0.326597    0.011015    0.082355    0.041386    0.734493    0.286582    0.482953    0.085482    0.245800    0.132623    0.323955    0.470845    2.165486    0.046457    0.005529    0.094227    8.674959    9.589609    1.686201    1.974143    1.910841    1.804072    0.974157    1.179898    1.948752
Iteration: 318 bestvalit: 117.820000 bestmemit:    0.326597    0.011015    0.082355    0.041386    0.734493    0.286582    0.482953    0.085482    0.245800    0.132623    0.323955    0.470845    2.165486    0.046457    0.005529    0.094227    8.674959    9.589609    1.686201    1.974143    1.910841    1.804072    0.974157    1.179898    1.948752
Iteration: 319 bestvalit: 117.820000 bestmemit:    0.326597    0.011015    0.082355    0.041386    0.734493    0.286582    0.482953    0.085482    0.245800    0.132623    0.323955    0.470845    2.165486    0.046457    0.005529    0.094227    8.674959    9.589609    1.686201    1.974143    1.910841    1.804072    0.974157    1.179898    1.948752
Iteration: 320 bestvalit: 117.820000 bestmemit:    0.326597    0.011015    0.082355    0.041386    0.734493    0.286582    0.482953    0.085482    0.245800    0.132623    0.323955    0.470845    2.165486    0.046457    0.005529    0.094227    8.674959    9.589609    1.686201    1.974143    1.910841    1.804072    0.974157    1.179898    1.948752
Iteration: 321 bestvalit: 117.820000 bestmemit:    0.326597    0.011015    0.082355    0.041386    0.734493    0.286582    0.482953    0.085482    0.245800    0.132623    0.323955    0.470845    2.165486    0.046457    0.005529    0.094227    8.674959    9.589609    1.686201    1.974143    1.910841    1.804072    0.974157    1.179898    1.948752
Iteration: 322 bestvalit: 117.820000 bestmemit:    0.326597    0.011015    0.082355    0.041386    0.734493    0.286582    0.482953    0.085482    0.245800    0.132623    0.323955    0.470845    2.165486    0.046457    0.005529    0.094227    8.674959    9.589609    1.686201    1.974143    1.910841    1.804072    0.974157    1.179898    1.948752
Iteration: 323 bestvalit: 117.820000 bestmemit:    0.326597    0.011015    0.082355    0.041386    0.734493    0.286582    0.482953    0.085482    0.245800    0.132623    0.323955    0.470845    2.165486    0.046457    0.005529    0.094227    8.674959    9.589609    1.686201    1.974143    1.910841    1.804072    0.974157    1.179898    1.948752
Iteration: 324 bestvalit: 117.390000 bestmemit:    0.326597    0.011015    0.082355    0.041386    0.734493    0.286582    0.482953    0.085482    0.245800    0.132623    0.323955    0.470845    2.165486    0.046457    0.005529    0.094227    8.674959    9.589609    1.686201    1.974143    1.910841    1.811063    0.981295    1.179898    1.948752
Iteration: 325 bestvalit: 117.390000 bestmemit:    0.326597    0.011015    0.082355    0.041386    0.734493    0.286582    0.482953    0.085482    0.245800    0.132623    0.323955    0.470845    2.165486    0.046457    0.005529    0.094227    8.674959    9.589609    1.686201    1.974143    1.910841    1.811063    0.981295    1.179898    1.948752
Iteration: 326 bestvalit: 117.390000 bestmemit:    0.326597    0.011015    0.082355    0.041386    0.734493    0.286582    0.482953    0.085482    0.245800    0.132623    0.323955    0.470845    2.165486    0.046457    0.005529    0.094227    8.674959    9.589609    1.686201    1.974143    1.910841    1.811063    0.981295    1.179898    1.948752
Iteration: 327 bestvalit: 117.390000 bestmemit:    0.326597    0.011015    0.082355    0.041386    0.734493    0.286582    0.482953    0.085482    0.245800    0.132623    0.323955    0.470845    2.165486    0.046457    0.005529    0.094227    8.674959    9.589609    1.686201    1.974143    1.910841    1.811063    0.981295    1.179898    1.948752
Iteration: 328 bestvalit: 117.100000 bestmemit:    0.326597    0.011015    0.081955    0.041386    0.734493    0.286582    0.482953    0.085482    0.245800    0.132623    0.323955    0.470845    2.165486    0.046457    0.005529    0.094227    8.674959    9.589609    1.686201    1.974143    1.910841    1.811063    0.981295    1.179898    1.948752
Iteration: 329 bestvalit: 117.100000 bestmemit:    0.326597    0.011015    0.081955    0.041386    0.734493    0.286582    0.482953    0.085482    0.245800    0.132623    0.323955    0.470845    2.165486    0.046457    0.005529    0.094227    8.674959    9.589609    1.686201    1.974143    1.910841    1.811063    0.981295    1.179898    1.948752
Iteration: 330 bestvalit: 117.100000 bestmemit:    0.326597    0.011015    0.081955    0.041386    0.734493    0.286582    0.482953    0.085482    0.245800    0.132623    0.323955    0.470845    2.165486    0.046457    0.005529    0.094227    8.674959    9.589609    1.686201    1.974143    1.910841    1.811063    0.981295    1.179898    1.948752
Iteration: 331 bestvalit: 117.100000 bestmemit:    0.326597    0.011015    0.081955    0.041386    0.734493    0.286582    0.482953    0.085482    0.245800    0.132623    0.323955    0.470845    2.165486    0.046457    0.005529    0.094227    8.674959    9.589609    1.686201    1.974143    1.910841    1.811063    0.981295    1.179898    1.948752
Iteration: 332 bestvalit: 117.100000 bestmemit:    0.326597    0.011015    0.081955    0.041386    0.734493    0.286582    0.482953    0.085482    0.245800    0.132623    0.323955    0.470845    2.165486    0.046457    0.005529    0.094227    8.674959    9.589609    1.686201    1.974143    1.910841    1.811063    0.981295    1.179898    1.948752
Iteration: 333 bestvalit: 117.100000 bestmemit:    0.326597    0.011015    0.081955    0.041386    0.734493    0.286582    0.482953    0.085482    0.245800    0.132623    0.323955    0.470845    2.165486    0.046457    0.005529    0.094227    8.674959    9.589609    1.686201    1.974143    1.910841    1.811063    0.981295    1.179898    1.948752
Iteration: 334 bestvalit: 117.100000 bestmemit:    0.326597    0.011015    0.081955    0.041386    0.734493    0.286582    0.482953    0.085482    0.245800    0.132623    0.323955    0.470845    2.165486    0.046457    0.005529    0.094227    8.674959    9.589609    1.686201    1.974143    1.910841    1.811063    0.981295    1.179898    1.948752
Iteration: 335 bestvalit: 117.100000 bestmemit:    0.326597    0.011015    0.081955    0.041386    0.734493    0.286582    0.482953    0.085482    0.245800    0.132623    0.323955    0.470845    2.165486    0.046457    0.005529    0.094227    8.674959    9.589609    1.686201    1.974143    1.910841    1.811063    0.981295    1.179898    1.948752
Iteration: 336 bestvalit: 117.100000 bestmemit:    0.326597    0.011015    0.081955    0.041386    0.734493    0.286582    0.482953    0.085482    0.245800    0.132623    0.323955    0.470845    2.165486    0.046457    0.005529    0.094227    8.674959    9.589609    1.686201    1.974143    1.910841    1.811063    0.981295    1.179898    1.948752
Iteration: 337 bestvalit: 117.100000 bestmemit:    0.326597    0.011015    0.081955    0.041386    0.734493    0.286582    0.482953    0.085482    0.245800    0.132623    0.323955    0.470845    2.165486    0.046457    0.005529    0.094227    8.674959    9.589609    1.686201    1.974143    1.910841    1.811063    0.981295    1.179898    1.948752
Iteration: 338 bestvalit: 117.100000 bestmemit:    0.326597    0.011015    0.081955    0.041386    0.734493    0.286582    0.482953    0.085482    0.245800    0.132623    0.323955    0.470845    2.165486    0.046457    0.005529    0.094227    8.674959    9.589609    1.686201    1.974143    1.910841    1.811063    0.981295    1.179898    1.948752
Iteration: 339 bestvalit: 117.100000 bestmemit:    0.326597    0.011015    0.081955    0.041386    0.734493    0.286582    0.482953    0.085482    0.245800    0.132623    0.323955    0.470845    2.165486    0.046457    0.005529    0.094227    8.674959    9.589609    1.686201    1.974143    1.910841    1.811063    0.981295    1.179898    1.948752
Iteration: 340 bestvalit: 117.100000 bestmemit:    0.326597    0.011015    0.081955    0.041386    0.734493    0.286582    0.482953    0.085482    0.245800    0.132623    0.323955    0.470845    2.165486    0.046457    0.005529    0.094227    8.674959    9.589609    1.686201    1.974143    1.910841    1.811063    0.981295    1.179898    1.948752
Iteration: 341 bestvalit: 117.100000 bestmemit:    0.326597    0.011015    0.081955    0.041386    0.734493    0.286582    0.482953    0.085482    0.245800    0.132623    0.323955    0.470845    2.165486    0.046457    0.005529    0.094227    8.674959    9.589609    1.686201    1.974143    1.910841    1.811063    0.981295    1.179898    1.948752
Iteration: 342 bestvalit: 117.100000 bestmemit:    0.326597    0.011015    0.081955    0.041386    0.734493    0.286582    0.482953    0.085482    0.245800    0.132623    0.323955    0.470845    2.165486    0.046457    0.005529    0.094227    8.674959    9.589609    1.686201    1.974143    1.910841    1.811063    0.981295    1.179898    1.948752
Iteration: 343 bestvalit: 117.100000 bestmemit:    0.326597    0.011015    0.081955    0.041386    0.734493    0.286582    0.482953    0.085482    0.245800    0.132623    0.323955    0.470845    2.165486    0.046457    0.005529    0.094227    8.674959    9.589609    1.686201    1.974143    1.910841    1.811063    0.981295    1.179898    1.948752
Iteration: 344 bestvalit: 116.230000 bestmemit:    0.326597    0.011015    0.081955    0.041386    0.734493    0.286582    0.482953    0.085482    0.245800    0.132623    0.323955    0.470845    2.165486    0.046457    0.005529    0.094227    8.674959    8.423036    1.686201    1.974143    1.910841    1.811063    0.981295    1.179898    1.948752
Iteration: 345 bestvalit: 116.230000 bestmemit:    0.326597    0.011015    0.081955    0.041386    0.734493    0.286582    0.482953    0.085482    0.245800    0.132623    0.323955    0.470845    2.165486    0.046457    0.005529    0.094227    8.674959    8.423036    1.686201    1.974143    1.910841    1.811063    0.981295    1.179898    1.948752
Iteration: 346 bestvalit: 116.230000 bestmemit:    0.326597    0.011015    0.081955    0.041386    0.734493    0.286582    0.482953    0.085482    0.245800    0.132623    0.323955    0.470845    2.165486    0.046457    0.005529    0.094227    8.674959    8.423036    1.686201    1.974143    1.910841    1.811063    0.981295    1.179898    1.948752
Iteration: 347 bestvalit: 116.230000 bestmemit:    0.326597    0.011015    0.081955    0.041386    0.734493    0.286582    0.482953    0.085482    0.245800    0.132623    0.323955    0.470845    2.165486    0.046457    0.005529    0.094227    8.674959    8.423036    1.686201    1.974143    1.910841    1.811063    0.981295    1.179898    1.948752
Iteration: 348 bestvalit: 116.230000 bestmemit:    0.326597    0.011015    0.081955    0.041386    0.734493    0.286582    0.482953    0.085482    0.245800    0.132623    0.323955    0.470845    2.165486    0.046457    0.005529    0.094227    8.674959    8.423036    1.686201    1.974143    1.910841    1.811063    0.981295    1.179898    1.948752
Iteration: 349 bestvalit: 116.230000 bestmemit:    0.326597    0.011015    0.081955    0.041386    0.734493    0.286582    0.482953    0.085482    0.245800    0.132623    0.323955    0.470845    2.165486    0.046457    0.005529    0.094227    8.674959    8.423036    1.686201    1.974143    1.910841    1.811063    0.981295    1.179898    1.948752
Iteration: 350 bestvalit: 116.230000 bestmemit:    0.326597    0.011015    0.081955    0.041386    0.734493    0.286582    0.482953    0.085482    0.245800    0.132623    0.323955    0.470845    2.165486    0.046457    0.005529    0.094227    8.674959    8.423036    1.686201    1.974143    1.910841    1.811063    0.981295    1.179898    1.948752
Iteration: 351 bestvalit: 116.230000 bestmemit:    0.326597    0.011015    0.081955    0.041386    0.734493    0.286582    0.482953    0.085482    0.245800    0.132623    0.323955    0.470845    2.165486    0.046457    0.005529    0.094227    8.674959    8.423036    1.686201    1.974143    1.910841    1.811063    0.981295    1.179898    1.948752
Iteration: 352 bestvalit: 116.230000 bestmemit:    0.326597    0.011015    0.081955    0.041386    0.734493    0.286582    0.482953    0.085482    0.245800    0.132623    0.323955    0.470845    2.165486    0.046457    0.005529    0.094227    8.674959    8.423036    1.686201    1.974143    1.910841    1.811063    0.981295    1.179898    1.948752
Iteration: 353 bestvalit: 116.230000 bestmemit:    0.326597    0.011015    0.081955    0.041386    0.734493    0.286582    0.482953    0.085482    0.245800    0.132623    0.323955    0.470845    2.165486    0.046457    0.005529    0.094227    8.674959    8.423036    1.686201    1.974143    1.910841    1.811063    0.981295    1.179898    1.948752
Iteration: 354 bestvalit: 116.230000 bestmemit:    0.326597    0.011015    0.081955    0.041386    0.734493    0.286582    0.482953    0.085482    0.245800    0.132623    0.323955    0.470845    2.165486    0.046457    0.005529    0.094227    8.674959    8.423036    1.686201    1.974143    1.910841    1.811063    0.981295    1.179898    1.948752
Iteration: 355 bestvalit: 116.230000 bestmemit:    0.326597    0.011015    0.081955    0.041386    0.734493    0.286582    0.482953    0.085482    0.245800    0.132623    0.323955    0.470845    2.165486    0.046457    0.005529    0.094227    8.674959    8.423036    1.686201    1.974143    1.910841    1.811063    0.981295    1.179898    1.948752
Iteration: 356 bestvalit: 116.230000 bestmemit:    0.326597    0.011015    0.081955    0.041386    0.734493    0.286582    0.482953    0.085482    0.245800    0.132623    0.323955    0.470845    2.165486    0.046457    0.005529    0.094227    8.674959    8.423036    1.686201    1.974143    1.910841    1.811063    0.981295    1.179898    1.948752
Iteration: 357 bestvalit: 116.230000 bestmemit:    0.326597    0.011015    0.081955    0.041386    0.734493    0.286582    0.482953    0.085482    0.245800    0.132623    0.323955    0.470845    2.165486    0.046457    0.005529    0.094227    8.674959    8.423036    1.686201    1.974143    1.910841    1.811063    0.981295    1.179898    1.948752
Iteration: 358 bestvalit: 116.230000 bestmemit:    0.326597    0.011015    0.081955    0.041386    0.734493    0.286582    0.482953    0.085482    0.245800    0.132623    0.323955    0.470845    2.165486    0.046457    0.005529    0.094227    8.674959    8.423036    1.686201    1.974143    1.910841    1.811063    0.981295    1.179898    1.948752
Iteration: 359 bestvalit: 116.230000 bestmemit:    0.326597    0.011015    0.081955    0.041386    0.734493    0.286582    0.482953    0.085482    0.245800    0.132623    0.323955    0.470845    2.165486    0.046457    0.005529    0.094227    8.674959    8.423036    1.686201    1.974143    1.910841    1.811063    0.981295    1.179898    1.948752
Iteration: 360 bestvalit: 116.230000 bestmemit:    0.326597    0.011015    0.081955    0.041386    0.734493    0.286582    0.482953    0.085482    0.245800    0.132623    0.323955    0.470845    2.165486    0.046457    0.005529    0.094227    8.674959    8.423036    1.686201    1.974143    1.910841    1.811063    0.981295    1.179898    1.948752
Iteration: 361 bestvalit: 116.230000 bestmemit:    0.326597    0.011015    0.081955    0.041386    0.734493    0.286582    0.482953    0.085482    0.245800    0.132623    0.323955    0.470845    2.165486    0.046457    0.005529    0.094227    8.674959    8.423036    1.686201    1.974143    1.910841    1.811063    0.981295    1.179898    1.948752
Iteration: 362 bestvalit: 116.230000 bestmemit:    0.326597    0.011015    0.081955    0.041386    0.734493    0.286582    0.482953    0.085482    0.245800    0.132623    0.323955    0.470845    2.165486    0.046457    0.005529    0.094227    8.674959    8.423036    1.686201    1.974143    1.910841    1.811063    0.981295    1.179898    1.948752
Iteration: 363 bestvalit: 116.230000 bestmemit:    0.326597    0.011015    0.081955    0.041386    0.734493    0.286582    0.482953    0.085482    0.245800    0.132623    0.323955    0.470845    2.165486    0.046457    0.005529    0.094227    8.674959    8.423036    1.686201    1.974143    1.910841    1.811063    0.981295    1.179898    1.948752
Iteration: 364 bestvalit: 116.230000 bestmemit:    0.326597    0.011015    0.081955    0.041386    0.734493    0.286582    0.482953    0.085482    0.245800    0.132623    0.323955    0.470845    2.165486    0.046457    0.005529    0.094227    8.674959    8.423036    1.686201    1.974143    1.910841    1.811063    0.981295    1.179898    1.948752
Iteration: 365 bestvalit: 116.230000 bestmemit:    0.326597    0.011015    0.081955    0.041386    0.734493    0.286582    0.482953    0.085482    0.245800    0.132623    0.323955    0.470845    2.165486    0.046457    0.005529    0.094227    8.674959    8.423036    1.686201    1.974143    1.910841    1.811063    0.981295    1.179898    1.948752
Iteration: 366 bestvalit: 116.230000 bestmemit:    0.326597    0.011015    0.081955    0.041386    0.734493    0.286582    0.482953    0.085482    0.245800    0.132623    0.323955    0.470845    2.165486    0.046457    0.005529    0.094227    8.674959    8.423036    1.686201    1.974143    1.910841    1.811063    0.981295    1.179898    1.948752
Iteration: 367 bestvalit: 116.230000 bestmemit:    0.326597    0.011015    0.081955    0.041386    0.734493    0.286582    0.482953    0.085482    0.245800    0.132623    0.323955    0.470845    2.165486    0.046457    0.005529    0.094227    8.674959    8.423036    1.686201    1.974143    1.910841    1.811063    0.981295    1.179898    1.948752
Iteration: 368 bestvalit: 116.230000 bestmemit:    0.326597    0.011015    0.081955    0.041386    0.734493    0.286582    0.482953    0.085482    0.245800    0.132623    0.323955    0.470845    2.165486    0.046457    0.005529    0.094227    8.674959    8.423036    1.686201    1.974143    1.910841    1.811063    0.981295    1.179898    1.948752
Iteration: 369 bestvalit: 116.230000 bestmemit:    0.326597    0.011015    0.081955    0.041386    0.734493    0.286582    0.482953    0.085482    0.245800    0.132623    0.323955    0.470845    2.165486    0.046457    0.005529    0.094227    8.674959    8.423036    1.686201    1.974143    1.910841    1.811063    0.981295    1.179898    1.948752
Iteration: 370 bestvalit: 116.230000 bestmemit:    0.326597    0.011015    0.081955    0.041386    0.734493    0.286582    0.482953    0.085482    0.245800    0.132623    0.323955    0.470845    2.165486    0.046457    0.005529    0.094227    8.674959    8.423036    1.686201    1.974143    1.910841    1.811063    0.981295    1.179898    1.948752
Iteration: 371 bestvalit: 116.230000 bestmemit:    0.326597    0.011015    0.081955    0.041386    0.734493    0.286582    0.482953    0.085482    0.245800    0.132623    0.323955    0.470845    2.165486    0.046457    0.005529    0.094227    8.674959    8.423036    1.686201    1.974143    1.910841    1.811063    0.981295    1.179898    1.948752
Iteration: 372 bestvalit: 116.230000 bestmemit:    0.326597    0.011015    0.081955    0.041386    0.734493    0.286582    0.482953    0.085482    0.245800    0.132623    0.323955    0.470845    2.165486    0.046457    0.005529    0.094227    8.674959    8.423036    1.686201    1.974143    1.910841    1.811063    0.981295    1.179898    1.948752
Iteration: 373 bestvalit: 116.230000 bestmemit:    0.326597    0.011015    0.081955    0.041386    0.734493    0.286582    0.482953    0.085482    0.245800    0.132623    0.323955    0.470845    2.165486    0.046457    0.005529    0.094227    8.674959    8.423036    1.686201    1.974143    1.910841    1.811063    0.981295    1.179898    1.948752
Iteration: 374 bestvalit: 116.230000 bestmemit:    0.326597    0.011015    0.081955    0.041386    0.734493    0.286582    0.482953    0.085482    0.245800    0.132623    0.323955    0.470845    2.165486    0.046457    0.005529    0.094227    8.674959    8.423036    1.686201    1.974143    1.910841    1.811063    0.981295    1.179898    1.948752
Iteration: 375 bestvalit: 116.230000 bestmemit:    0.326597    0.011015    0.081955    0.041386    0.734493    0.286582    0.482953    0.085482    0.245800    0.132623    0.323955    0.470845    2.165486    0.046457    0.005529    0.094227    8.674959    8.423036    1.686201    1.974143    1.910841    1.811063    0.981295    1.179898    1.948752
Iteration: 376 bestvalit: 116.230000 bestmemit:    0.326597    0.011015    0.081955    0.041386    0.734493    0.286582    0.482953    0.085482    0.245800    0.132623    0.323955    0.470845    2.165486    0.046457    0.005529    0.094227    8.674959    8.423036    1.686201    1.974143    1.910841    1.811063    0.981295    1.179898    1.948752
Iteration: 377 bestvalit: 116.230000 bestmemit:    0.326597    0.011015    0.081955    0.041386    0.734493    0.286582    0.482953    0.085482    0.245800    0.132623    0.323955    0.470845    2.165486    0.046457    0.005529    0.094227    8.674959    8.423036    1.686201    1.974143    1.910841    1.811063    0.981295    1.179898    1.948752
Iteration: 378 bestvalit: 116.230000 bestmemit:    0.326597    0.011015    0.081955    0.041386    0.734493    0.286582    0.482953    0.085482    0.245800    0.132623    0.323955    0.470845    2.165486    0.046457    0.005529    0.094227    8.674959    8.423036    1.686201    1.974143    1.910841    1.811063    0.981295    1.179898    1.948752
Iteration: 379 bestvalit: 116.230000 bestmemit:    0.326597    0.011015    0.081955    0.041386    0.734493    0.286582    0.482953    0.085482    0.245800    0.132623    0.323955    0.470845    2.165486    0.046457    0.005529    0.094227    8.674959    8.423036    1.686201    1.974143    1.910841    1.811063    0.981295    1.179898    1.948752
Iteration: 380 bestvalit: 116.230000 bestmemit:    0.326597    0.011015    0.081955    0.041386    0.734493    0.286582    0.482953    0.085482    0.245800    0.132623    0.323955    0.470845    2.165486    0.046457    0.005529    0.094227    8.674959    8.423036    1.686201    1.974143    1.910841    1.811063    0.981295    1.179898    1.948752
Iteration: 381 bestvalit: 116.230000 bestmemit:    0.326597    0.011015    0.081955    0.041386    0.734493    0.286582    0.482953    0.085482    0.245800    0.132623    0.323955    0.470845    2.165486    0.046457    0.005529    0.094227    8.674959    8.423036    1.686201    1.974143    1.910841    1.811063    0.981295    1.179898    1.948752
Iteration: 382 bestvalit: 116.230000 bestmemit:    0.326597    0.011015    0.081955    0.041386    0.734493    0.286582    0.482953    0.085482    0.245800    0.132623    0.323955    0.470845    2.165486    0.046457    0.005529    0.094227    8.674959    8.423036    1.686201    1.974143    1.910841    1.811063    0.981295    1.179898    1.948752
Iteration: 383 bestvalit: 116.230000 bestmemit:    0.326597    0.011015    0.081955    0.041386    0.734493    0.286582    0.482953    0.085482    0.245800    0.132623    0.323955    0.470845    2.165486    0.046457    0.005529    0.094227    8.674959    8.423036    1.686201    1.974143    1.910841    1.811063    0.981295    1.179898    1.948752
Iteration: 384 bestvalit: 116.230000 bestmemit:    0.326597    0.011015    0.081955    0.041386    0.734493    0.286582    0.482953    0.085482    0.245800    0.132623    0.323955    0.470845    2.165486    0.046457    0.005529    0.094227    8.674959    8.423036    1.686201    1.974143    1.910841    1.811063    0.981295    1.179898    1.948752
Iteration: 385 bestvalit: 116.230000 bestmemit:    0.326597    0.011015    0.081955    0.041386    0.734493    0.286582    0.482953    0.085482    0.245800    0.132623    0.323955    0.470845    2.165486    0.046457    0.005529    0.094227    8.674959    8.423036    1.686201    1.974143    1.910841    1.811063    0.981295    1.179898    1.948752
Iteration: 386 bestvalit: 116.230000 bestmemit:    0.326597    0.011015    0.081955    0.041386    0.734493    0.286582    0.482953    0.085482    0.245800    0.132623    0.323955    0.470845    2.165486    0.046457    0.005529    0.094227    8.674959    8.423036    1.686201    1.974143    1.910841    1.811063    0.981295    1.179898    1.948752
Iteration: 387 bestvalit: 116.230000 bestmemit:    0.326597    0.011015    0.081955    0.041386    0.734493    0.286582    0.482953    0.085482    0.245800    0.132623    0.323955    0.470845    2.165486    0.046457    0.005529    0.094227    8.674959    8.423036    1.686201    1.974143    1.910841    1.811063    0.981295    1.179898    1.948752
Iteration: 388 bestvalit: 116.230000 bestmemit:    0.326597    0.011015    0.081955    0.041386    0.734493    0.286582    0.482953    0.085482    0.245800    0.132623    0.323955    0.470845    2.165486    0.046457    0.005529    0.094227    8.674959    8.423036    1.686201    1.974143    1.910841    1.811063    0.981295    1.179898    1.948752
Iteration: 389 bestvalit: 116.230000 bestmemit:    0.326597    0.011015    0.081955    0.041386    0.734493    0.286582    0.482953    0.085482    0.245800    0.132623    0.323955    0.470845    2.165486    0.046457    0.005529    0.094227    8.674959    8.423036    1.686201    1.974143    1.910841    1.811063    0.981295    1.179898    1.948752
Iteration: 390 bestvalit: 116.230000 bestmemit:    0.326597    0.011015    0.081955    0.041386    0.734493    0.286582    0.482953    0.085482    0.245800    0.132623    0.323955    0.470845    2.165486    0.046457    0.005529    0.094227    8.674959    8.423036    1.686201    1.974143    1.910841    1.811063    0.981295    1.179898    1.948752
Iteration: 391 bestvalit: 116.230000 bestmemit:    0.326597    0.011015    0.081955    0.041386    0.734493    0.286582    0.482953    0.085482    0.245800    0.132623    0.323955    0.470845    2.165486    0.046457    0.005529    0.094227    8.674959    8.423036    1.686201    1.974143    1.910841    1.811063    0.981295    1.179898    1.948752
Iteration: 392 bestvalit: 116.230000 bestmemit:    0.326597    0.011015    0.081955    0.041386    0.734493    0.286582    0.482953    0.085482    0.245800    0.132623    0.323955    0.470845    2.165486    0.046457    0.005529    0.094227    8.674959    8.423036    1.686201    1.974143    1.910841    1.811063    0.981295    1.179898    1.948752
Iteration: 393 bestvalit: 116.230000 bestmemit:    0.326597    0.011015    0.081955    0.041386    0.734493    0.286582    0.482953    0.085482    0.245800    0.132623    0.323955    0.470845    2.165486    0.046457    0.005529    0.094227    8.674959    8.423036    1.686201    1.974143    1.910841    1.811063    0.981295    1.179898    1.948752
Iteration: 394 bestvalit: 116.230000 bestmemit:    0.326597    0.011015    0.081955    0.041386    0.734493    0.286582    0.482953    0.085482    0.245800    0.132623    0.323955    0.470845    2.165486    0.046457    0.005529    0.094227    8.674959    8.423036    1.686201    1.974143    1.910841    1.811063    0.981295    1.179898    1.948752
Iteration: 395 bestvalit: 116.230000 bestmemit:    0.326597    0.011015    0.081955    0.041386    0.734493    0.286582    0.482953    0.085482    0.245800    0.132623    0.323955    0.470845    2.165486    0.046457    0.005529    0.094227    8.674959    8.423036    1.686201    1.974143    1.910841    1.811063    0.981295    1.179898    1.948752
Iteration: 396 bestvalit: 116.230000 bestmemit:    0.326597    0.011015    0.081955    0.041386    0.734493    0.286582    0.482953    0.085482    0.245800    0.132623    0.323955    0.470845    2.165486    0.046457    0.005529    0.094227    8.674959    8.423036    1.686201    1.974143    1.910841    1.811063    0.981295    1.179898    1.948752
Iteration: 397 bestvalit: 116.230000 bestmemit:    0.326597    0.011015    0.081955    0.041386    0.734493    0.286582    0.482953    0.085482    0.245800    0.132623    0.323955    0.470845    2.165486    0.046457    0.005529    0.094227    8.674959    8.423036    1.686201    1.974143    1.910841    1.811063    0.981295    1.179898    1.948752
Iteration: 398 bestvalit: 116.230000 bestmemit:    0.326597    0.011015    0.081955    0.041386    0.734493    0.286582    0.482953    0.085482    0.245800    0.132623    0.323955    0.470845    2.165486    0.046457    0.005529    0.094227    8.674959    8.423036    1.686201    1.974143    1.910841    1.811063    0.981295    1.179898    1.948752
Iteration: 399 bestvalit: 116.230000 bestmemit:    0.326597    0.011015    0.081955    0.041386    0.734493    0.286582    0.482953    0.085482    0.245800    0.132623    0.323955    0.470845    2.165486    0.046457    0.005529    0.094227    8.674959    8.423036    1.686201    1.974143    1.910841    1.811063    0.981295    1.179898    1.948752
Iteration: 400 bestvalit: 116.225000 bestmemit:    0.326597    0.011015    0.081955    0.041386    0.734493    0.286582    0.482953    0.085482    0.245800    0.132623    0.323955    0.485331    2.165486    0.046457    0.005529    0.094227    8.674959    8.423036    1.686201    1.974143    1.910841    1.811063    0.981295    1.179898    1.948752
Iteration: 401 bestvalit: 116.225000 bestmemit:    0.326597    0.011015    0.081955    0.041386    0.734493    0.286582    0.482953    0.085482    0.245800    0.132623    0.323955    0.485331    2.165486    0.046457    0.005529    0.094227    8.674959    8.423036    1.686201    1.974143    1.910841    1.811063    0.981295    1.179898    1.948752
Iteration: 402 bestvalit: 116.225000 bestmemit:    0.326597    0.011015    0.081955    0.041386    0.734493    0.286582    0.482953    0.085482    0.245800    0.132623    0.323955    0.485331    2.165486    0.046457    0.005529    0.094227    8.674959    8.423036    1.686201    1.974143    1.910841    1.811063    0.981295    1.179898    1.948752
Iteration: 403 bestvalit: 116.225000 bestmemit:    0.326597    0.011015    0.081955    0.041386    0.734493    0.286582    0.482953    0.085482    0.245800    0.132623    0.323955    0.485331    2.165486    0.046457    0.005529    0.094227    8.674959    8.423036    1.686201    1.974143    1.910841    1.811063    0.981295    1.179898    1.948752
Iteration: 404 bestvalit: 116.225000 bestmemit:    0.326597    0.011015    0.081955    0.041386    0.734493    0.286582    0.482953    0.085482    0.245800    0.132623    0.323955    0.485331    2.165486    0.046457    0.005529    0.094227    8.674959    8.423036    1.686201    1.974143    1.910841    1.811063    0.981295    1.179898    1.948752
Iteration: 405 bestvalit: 116.225000 bestmemit:    0.326597    0.011015    0.081955    0.041386    0.734493    0.286582    0.482953    0.085482    0.245800    0.132623    0.323955    0.485331    2.165486    0.046457    0.005529    0.094227    8.674959    8.423036    1.686201    1.974143    1.910841    1.811063    0.981295    1.179898    1.948752
Iteration: 406 bestvalit: 116.225000 bestmemit:    0.326597    0.011015    0.081955    0.041386    0.734493    0.286582    0.482953    0.085482    0.245800    0.132623    0.323955    0.485331    2.165486    0.046457    0.005529    0.094227    8.674959    8.423036    1.686201    1.974143    1.910841    1.811063    0.981295    1.179898    1.948752
Iteration: 407 bestvalit: 116.225000 bestmemit:    0.326597    0.011015    0.081955    0.041386    0.734493    0.286582    0.482953    0.085482    0.245800    0.132623    0.323955    0.485331    2.165486    0.046457    0.005529    0.094227    8.674959    8.423036    1.686201    1.974143    1.910841    1.811063    0.981295    1.179898    1.948752
Iteration: 408 bestvalit: 116.225000 bestmemit:    0.326597    0.011015    0.081955    0.041386    0.734493    0.286582    0.482953    0.085482    0.245800    0.132623    0.323955    0.485331    2.165486    0.046457    0.005529    0.094227    8.674959    8.423036    1.686201    1.974143    1.910841    1.811063    0.981295    1.179898    1.948752
Iteration: 409 bestvalit: 116.225000 bestmemit:    0.326597    0.011015    0.081955    0.041386    0.734493    0.286582    0.482953    0.085482    0.245800    0.132623    0.323955    0.485331    2.165486    0.046457    0.005529    0.094227    8.674959    8.423036    1.686201    1.974143    1.910841    1.811063    0.981295    1.179898    1.948752
Iteration: 410 bestvalit: 116.225000 bestmemit:    0.326597    0.011015    0.081955    0.041386    0.734493    0.286582    0.482953    0.085482    0.245800    0.132623    0.323955    0.485331    2.165486    0.046457    0.005529    0.094227    8.674959    8.423036    1.686201    1.974143    1.910841    1.811063    0.981295    1.179898    1.948752
Iteration: 411 bestvalit: 116.225000 bestmemit:    0.326597    0.011015    0.081955    0.041386    0.734493    0.286582    0.482953    0.085482    0.245800    0.132623    0.323955    0.485331    2.165486    0.046457    0.005529    0.094227    8.674959    8.423036    1.686201    1.974143    1.910841    1.811063    0.981295    1.179898    1.948752
Iteration: 412 bestvalit: 116.225000 bestmemit:    0.326597    0.011015    0.081955    0.041386    0.734493    0.286582    0.482953    0.085482    0.245800    0.132623    0.323955    0.485331    2.165486    0.046457    0.005529    0.094227    8.674959    8.423036    1.686201    1.974143    1.910841    1.811063    0.981295    1.179898    1.948752
Iteration: 413 bestvalit: 116.225000 bestmemit:    0.326597    0.011015    0.081955    0.041386    0.734493    0.286582    0.482953    0.085482    0.245800    0.132623    0.323955    0.485331    2.165486    0.046457    0.005529    0.094227    8.674959    8.423036    1.686201    1.974143    1.910841    1.811063    0.981295    1.179898    1.948752
Iteration: 414 bestvalit: 116.225000 bestmemit:    0.326597    0.011015    0.081955    0.041386    0.734493    0.286582    0.482953    0.085482    0.245800    0.132623    0.323955    0.485331    2.165486    0.046457    0.005529    0.094227    8.674959    8.423036    1.686201    1.974143    1.910841    1.811063    0.981295    1.179898    1.948752
Iteration: 415 bestvalit: 116.225000 bestmemit:    0.326597    0.011015    0.081955    0.041386    0.734493    0.286582    0.482953    0.085482    0.245800    0.132623    0.323955    0.485331    2.165486    0.046457    0.005529    0.094227    8.674959    8.423036    1.686201    1.974143    1.910841    1.811063    0.981295    1.179898    1.948752
Iteration: 416 bestvalit: 116.225000 bestmemit:    0.326597    0.011015    0.081955    0.041386    0.734493    0.286582    0.482953    0.085482    0.245800    0.132623    0.323955    0.485331    2.165486    0.046457    0.005529    0.094227    8.674959    8.423036    1.686201    1.974143    1.910841    1.811063    0.981295    1.179898    1.948752
Iteration: 417 bestvalit: 116.225000 bestmemit:    0.326597    0.011015    0.081955    0.041386    0.734493    0.286582    0.482953    0.085482    0.245800    0.132623    0.323955    0.485331    2.165486    0.046457    0.005529    0.094227    8.674959    8.423036    1.686201    1.974143    1.910841    1.811063    0.981295    1.179898    1.948752
Iteration: 418 bestvalit: 116.225000 bestmemit:    0.326597    0.011015    0.081955    0.041386    0.734493    0.286582    0.482953    0.085482    0.245800    0.132623    0.323955    0.485331    2.165486    0.046457    0.005529    0.094227    8.674959    8.423036    1.686201    1.974143    1.910841    1.811063    0.981295    1.179898    1.948752
Iteration: 419 bestvalit: 116.225000 bestmemit:    0.326597    0.011015    0.081955    0.041386    0.734493    0.286582    0.482953    0.085482    0.245800    0.132623    0.323955    0.485331    2.165486    0.046457    0.005529    0.094227    8.674959    8.423036    1.686201    1.974143    1.910841    1.811063    0.981295    1.179898    1.948752
Iteration: 420 bestvalit: 116.065000 bestmemit:    0.326597    0.011015    0.081955    0.041386    0.734493    0.286582    0.482953    0.085482    0.245800    0.132623    0.323955    0.485331    2.165486    0.046457    0.005529    0.095039    8.674959    8.423036    1.686201    1.974143    1.910841    1.811063    0.981295    1.179898    1.948752
Iteration: 421 bestvalit: 116.065000 bestmemit:    0.326597    0.011015    0.081955    0.041386    0.734493    0.286582    0.482953    0.085482    0.245800    0.132623    0.323955    0.485331    2.165486    0.046457    0.005529    0.095039    8.674959    8.423036    1.686201    1.974143    1.910841    1.811063    0.981295    1.179898    1.948752
Iteration: 422 bestvalit: 115.485000 bestmemit:    0.327635    0.008562    0.032084    0.026036    0.278182    0.323259    0.462982    0.276476    0.299276    0.149830    0.386403    0.479003    0.901367    0.047979    0.003724    0.020926    8.921247    8.142427    1.619163    1.986836    1.872285    1.874909    0.990801    1.122988    1.944489
Iteration: 423 bestvalit: 115.485000 bestmemit:    0.327635    0.008562    0.032084    0.026036    0.278182    0.323259    0.462982    0.276476    0.299276    0.149830    0.386403    0.479003    0.901367    0.047979    0.003724    0.020926    8.921247    8.142427    1.619163    1.986836    1.872285    1.874909    0.990801    1.122988    1.944489
Iteration: 424 bestvalit: 115.485000 bestmemit:    0.327635    0.008562    0.032084    0.026036    0.278182    0.323259    0.462982    0.276476    0.299276    0.149830    0.386403    0.479003    0.901367    0.047979    0.003724    0.020926    8.921247    8.142427    1.619163    1.986836    1.872285    1.874909    0.990801    1.122988    1.944489
Iteration: 425 bestvalit: 115.485000 bestmemit:    0.327635    0.008562    0.032084    0.026036    0.278182    0.323259    0.462982    0.276476    0.299276    0.149830    0.386403    0.479003    0.901367    0.047979    0.003724    0.020926    8.921247    8.142427    1.619163    1.986836    1.872285    1.874909    0.990801    1.122988    1.944489
Iteration: 426 bestvalit: 115.485000 bestmemit:    0.327635    0.008562    0.032084    0.026036    0.278182    0.323259    0.462982    0.276476    0.299276    0.149830    0.386403    0.479003    0.901367    0.047979    0.003724    0.020926    8.921247    8.142427    1.619163    1.986836    1.872285    1.874909    0.990801    1.122988    1.944489
Iteration: 427 bestvalit: 115.485000 bestmemit:    0.327635    0.008562    0.032084    0.026036    0.278182    0.323259    0.462982    0.276476    0.299276    0.149830    0.386403    0.479003    0.901367    0.047979    0.003724    0.020926    8.921247    8.142427    1.619163    1.986836    1.872285    1.874909    0.990801    1.122988    1.944489
Iteration: 428 bestvalit: 115.485000 bestmemit:    0.327635    0.008562    0.032084    0.026036    0.278182    0.323259    0.462982    0.276476    0.299276    0.149830    0.386403    0.479003    0.901367    0.047979    0.003724    0.020926    8.921247    8.142427    1.619163    1.986836    1.872285    1.874909    0.990801    1.122988    1.944489
Iteration: 429 bestvalit: 115.485000 bestmemit:    0.327635    0.008562    0.032084    0.026036    0.278182    0.323259    0.462982    0.276476    0.299276    0.149830    0.386403    0.479003    0.901367    0.047979    0.003724    0.020926    8.921247    8.142427    1.619163    1.986836    1.872285    1.874909    0.990801    1.122988    1.944489
Iteration: 430 bestvalit: 115.485000 bestmemit:    0.327635    0.008562    0.032084    0.026036    0.278182    0.323259    0.462982    0.276476    0.299276    0.149830    0.386403    0.479003    0.901367    0.047979    0.003724    0.020926    8.921247    8.142427    1.619163    1.986836    1.872285    1.874909    0.990801    1.122988    1.944489
Iteration: 431 bestvalit: 115.485000 bestmemit:    0.327635    0.008562    0.032084    0.026036    0.278182    0.323259    0.462982    0.276476    0.299276    0.149830    0.386403    0.479003    0.901367    0.047979    0.003724    0.020926    8.921247    8.142427    1.619163    1.986836    1.872285    1.874909    0.990801    1.122988    1.944489
Iteration: 432 bestvalit: 115.485000 bestmemit:    0.327635    0.008562    0.032084    0.026036    0.278182    0.323259    0.462982    0.276476    0.299276    0.149830    0.386403    0.479003    0.901367    0.047979    0.003724    0.020926    8.921247    8.142427    1.619163    1.986836    1.872285    1.874909    0.990801    1.122988    1.944489
Iteration: 433 bestvalit: 115.485000 bestmemit:    0.327635    0.008562    0.032084    0.026036    0.278182    0.323259    0.462982    0.276476    0.299276    0.149830    0.386403    0.479003    0.901367    0.047979    0.003724    0.020926    8.921247    8.142427    1.619163    1.986836    1.872285    1.874909    0.990801    1.122988    1.944489
Iteration: 434 bestvalit: 115.485000 bestmemit:    0.327635    0.008562    0.032084    0.026036    0.278182    0.323259    0.462982    0.276476    0.299276    0.149830    0.386403    0.479003    0.901367    0.047979    0.003724    0.020926    8.921247    8.142427    1.619163    1.986836    1.872285    1.874909    0.990801    1.122988    1.944489
Iteration: 435 bestvalit: 115.485000 bestmemit:    0.327635    0.008562    0.032084    0.026036    0.278182    0.323259    0.462982    0.276476    0.299276    0.149830    0.386403    0.479003    0.901367    0.047979    0.003724    0.020926    8.921247    8.142427    1.619163    1.986836    1.872285    1.874909    0.990801    1.122988    1.944489
Iteration: 436 bestvalit: 115.485000 bestmemit:    0.327635    0.008562    0.032084    0.026036    0.278182    0.323259    0.462982    0.276476    0.299276    0.149830    0.386403    0.479003    0.901367    0.047979    0.003724    0.020926    8.921247    8.142427    1.619163    1.986836    1.872285    1.874909    0.990801    1.122988    1.944489
Iteration: 437 bestvalit: 115.465000 bestmemit:    0.327635    0.008562    0.032084    0.026036    0.278182    0.323259    0.462982    0.276476    0.299276    0.149830    0.386403    0.479003    0.901367    0.047979    0.003724    0.020926    8.948893    8.142427    1.619163    1.986836    1.872285    1.874909    0.990801    1.122988    1.944489
Iteration: 438 bestvalit: 115.465000 bestmemit:    0.327635    0.008562    0.032084    0.026036    0.278182    0.323259    0.462982    0.276476    0.299276    0.149830    0.386403    0.479003    0.901367    0.047979    0.003724    0.020926    8.948893    8.142427    1.619163    1.986836    1.872285    1.874909    0.990801    1.122988    1.944489
Iteration: 439 bestvalit: 115.465000 bestmemit:    0.327635    0.008562    0.032084    0.026036    0.278182    0.323259    0.462982    0.276476    0.299276    0.149830    0.386403    0.479003    0.901367    0.047979    0.003724    0.020926    8.948893    8.142427    1.619163    1.986836    1.872285    1.874909    0.990801    1.122988    1.944489
Iteration: 440 bestvalit: 115.465000 bestmemit:    0.327635    0.008562    0.032084    0.026036    0.278182    0.323259    0.462982    0.276476    0.299276    0.149830    0.386403    0.479003    0.901367    0.047979    0.003724    0.020926    8.948893    8.142427    1.619163    1.986836    1.872285    1.874909    0.990801    1.122988    1.944489
Iteration: 441 bestvalit: 114.135000 bestmemit:    0.339042    0.008562    0.032084    0.026036    0.278182    0.323259    0.462982    0.276476    0.299276    0.149830    0.386403    0.479003    0.901367    0.047979    0.003724    0.020926    8.948893    8.142427    1.619163    1.986836    1.872285    1.874909    0.990801    1.122988    1.944489
Iteration: 442 bestvalit: 114.135000 bestmemit:    0.339042    0.008562    0.032084    0.026036    0.278182    0.323259    0.462982    0.276476    0.299276    0.149830    0.386403    0.479003    0.901367    0.047979    0.003724    0.020926    8.948893    8.142427    1.619163    1.986836    1.872285    1.874909    0.990801    1.122988    1.944489
Iteration: 443 bestvalit: 114.135000 bestmemit:    0.339042    0.008562    0.032084    0.026036    0.278182    0.323259    0.462982    0.276476    0.299276    0.149830    0.386403    0.479003    0.901367    0.047979    0.003724    0.020926    8.948893    8.142427    1.619163    1.986836    1.872285    1.874909    0.990801    1.122988    1.944489
Iteration: 444 bestvalit: 114.135000 bestmemit:    0.339042    0.008562    0.032084    0.026036    0.278182    0.323259    0.462982    0.276476    0.299276    0.149830    0.386403    0.479003    0.901367    0.047979    0.003724    0.020926    8.948893    8.142427    1.619163    1.986836    1.872285    1.874909    0.990801    1.122988    1.944489
Iteration: 445 bestvalit: 114.135000 bestmemit:    0.339042    0.008562    0.032084    0.026036    0.278182    0.323259    0.462982    0.276476    0.299276    0.149830    0.386403    0.479003    0.901367    0.047979    0.003724    0.020926    8.948893    8.142427    1.619163    1.986836    1.872285    1.874909    0.990801    1.122988    1.944489
Iteration: 446 bestvalit: 114.135000 bestmemit:    0.339042    0.008562    0.032084    0.026036    0.278182    0.323259    0.462982    0.276476    0.299276    0.149830    0.386403    0.479003    0.901367    0.047979    0.003724    0.020926    8.948893    8.142427    1.619163    1.986836    1.872285    1.874909    0.990801    1.122988    1.944489
Iteration: 447 bestvalit: 114.135000 bestmemit:    0.339042    0.008562    0.032084    0.026036    0.278182    0.323259    0.462982    0.276476    0.299276    0.149830    0.386403    0.479003    0.901367    0.047979    0.003724    0.020926    8.948893    8.142427    1.619163    1.986836    1.872285    1.874909    0.990801    1.122988    1.944489
Iteration: 448 bestvalit: 114.135000 bestmemit:    0.339042    0.008562    0.032084    0.026036    0.278182    0.323259    0.462982    0.276476    0.299276    0.149830    0.386403    0.479003    0.901367    0.047979    0.003724    0.020926    8.948893    8.142427    1.619163    1.986836    1.872285    1.874909    0.990801    1.122988    1.944489
Iteration: 449 bestvalit: 114.135000 bestmemit:    0.339042    0.008562    0.032084    0.026036    0.278182    0.323259    0.462982    0.276476    0.299276    0.149830    0.386403    0.479003    0.901367    0.047979    0.003724    0.020926    8.948893    8.142427    1.619163    1.986836    1.872285    1.874909    0.990801    1.122988    1.944489
Iteration: 450 bestvalit: 114.135000 bestmemit:    0.339042    0.008562    0.032084    0.026036    0.278182    0.323259    0.462982    0.276476    0.299276    0.149830    0.386403    0.479003    0.901367    0.047979    0.003724    0.020926    8.948893    8.142427    1.619163    1.986836    1.872285    1.874909    0.990801    1.122988    1.944489
Iteration: 451 bestvalit: 114.135000 bestmemit:    0.339042    0.008562    0.032084    0.026036    0.278182    0.323259    0.462982    0.276476    0.299276    0.149830    0.386403    0.479003    0.901367    0.047979    0.003724    0.020926    8.948893    8.142427    1.619163    1.986836    1.872285    1.874909    0.990801    1.122988    1.944489
Iteration: 452 bestvalit: 113.445000 bestmemit:    0.339042    0.008562    0.032084    0.026036    0.278182    0.323259    0.462982    0.276476    0.299276    0.149830    0.386403    0.479003    0.901367    0.047979    0.003724    0.017427    8.948893    8.142427    1.619163    1.986836    1.872285    1.874909    0.990801    1.122988    1.944489
Iteration: 453 bestvalit: 113.445000 bestmemit:    0.339042    0.008562    0.032084    0.026036    0.278182    0.323259    0.462982    0.276476    0.299276    0.149830    0.386403    0.479003    0.901367    0.047979    0.003724    0.017427    8.948893    8.142427    1.619163    1.986836    1.872285    1.874909    0.990801    1.122988    1.944489
Iteration: 454 bestvalit: 113.445000 bestmemit:    0.339042    0.008562    0.032084    0.026036    0.278182    0.323259    0.462982    0.276476    0.299276    0.149830    0.386403    0.479003    0.901367    0.047979    0.003724    0.017427    8.948893    8.142427    1.619163    1.986836    1.872285    1.874909    0.990801    1.122988    1.944489
Iteration: 455 bestvalit: 113.445000 bestmemit:    0.339042    0.008562    0.032084    0.026036    0.278182    0.323259    0.462982    0.276476    0.299276    0.149830    0.386403    0.479003    0.901367    0.047979    0.003724    0.017427    8.948893    8.142427    1.619163    1.986836    1.872285    1.874909    0.990801    1.122988    1.944489
Iteration: 456 bestvalit: 112.235000 bestmemit:    0.339042    0.008562    0.032084    0.026036    0.278182    0.323259    0.462982    0.276476    0.299276    0.149830    0.386403    0.479003    0.901367    0.047979    0.003724    0.017427    8.774863    8.214134    1.499027    1.986836    1.872285    1.874909    0.990801    1.122988    1.944489
Iteration: 457 bestvalit: 112.235000 bestmemit:    0.339042    0.008562    0.032084    0.026036    0.278182    0.323259    0.462982    0.276476    0.299276    0.149830    0.386403    0.479003    0.901367    0.047979    0.003724    0.017427    8.774863    8.214134    1.499027    1.986836    1.872285    1.874909    0.990801    1.122988    1.944489
Iteration: 458 bestvalit: 112.235000 bestmemit:    0.339042    0.008562    0.032084    0.026036    0.278182    0.323259    0.462982    0.276476    0.299276    0.149830    0.386403    0.479003    0.901367    0.047979    0.003724    0.017427    8.774863    8.214134    1.499027    1.986836    1.872285    1.874909    0.990801    1.122988    1.944489
Iteration: 459 bestvalit: 112.235000 bestmemit:    0.339042    0.008562    0.032084    0.026036    0.278182    0.323259    0.462982    0.276476    0.299276    0.149830    0.386403    0.479003    0.901367    0.047979    0.003724    0.017427    8.774863    8.214134    1.499027    1.986836    1.872285    1.874909    0.990801    1.122988    1.944489
Iteration: 460 bestvalit: 112.235000 bestmemit:    0.339042    0.008562    0.032084    0.026036    0.278182    0.323259    0.462982    0.276476    0.299276    0.149830    0.386403    0.479003    0.901367    0.047979    0.003724    0.017427    8.774863    8.214134    1.499027    1.986836    1.872285    1.874909    0.990801    1.122988    1.944489
Iteration: 461 bestvalit: 112.235000 bestmemit:    0.339042    0.008562    0.032084    0.026036    0.278182    0.323259    0.462982    0.276476    0.299276    0.149830    0.386403    0.479003    0.901367    0.047979    0.003724    0.017427    8.774863    8.214134    1.499027    1.986836    1.872285    1.874909    0.990801    1.122988    1.944489
Iteration: 462 bestvalit: 112.235000 bestmemit:    0.339042    0.008562    0.032084    0.026036    0.278182    0.323259    0.462982    0.276476    0.299276    0.149830    0.386403    0.479003    0.901367    0.047979    0.003724    0.017427    8.774863    8.214134    1.499027    1.986836    1.872285    1.874909    0.990801    1.122988    1.944489
Iteration: 463 bestvalit: 112.190000 bestmemit:    0.339042    0.008562    0.032084    0.026036    0.278182    0.323259    0.462982    0.276476    0.299276    0.149830    0.386403    0.479003    0.901367    0.047979    0.003724    0.017427    8.774863    8.214134    1.499027    1.986836    1.872285    1.877743    0.990801    1.122988    1.944489
Iteration: 464 bestvalit: 112.190000 bestmemit:    0.339042    0.008562    0.032084    0.026036    0.278182    0.323259    0.462982    0.276476    0.299276    0.149830    0.386403    0.479003    0.901367    0.047979    0.003724    0.017427    8.774863    8.214134    1.499027    1.986836    1.872285    1.877743    0.990801    1.122988    1.944489
Iteration: 465 bestvalit: 112.190000 bestmemit:    0.339042    0.008562    0.032084    0.026036    0.278182    0.323259    0.462982    0.276476    0.299276    0.149830    0.386403    0.479003    0.901367    0.047979    0.003724    0.017427    8.774863    8.214134    1.499027    1.986836    1.872285    1.877743    0.990801    1.122988    1.944489
Iteration: 466 bestvalit: 112.190000 bestmemit:    0.339042    0.008562    0.032084    0.026036    0.278182    0.323259    0.462982    0.276476    0.299276    0.149830    0.386403    0.479003    0.901367    0.047979    0.003724    0.017427    8.774863    8.214134    1.499027    1.986836    1.872285    1.877743    0.990801    1.122988    1.944489
Iteration: 467 bestvalit: 112.190000 bestmemit:    0.339042    0.008562    0.032084    0.026036    0.278182    0.323259    0.462982    0.276476    0.299276    0.149830    0.386403    0.479003    0.901367    0.047979    0.003724    0.017427    8.774863    8.214134    1.499027    1.986836    1.872285    1.877743    0.990801    1.122988    1.944489
Iteration: 468 bestvalit: 112.080000 bestmemit:    0.339042    0.008562    0.032084    0.026036    0.278182    0.323259    0.462982    0.276476    0.299276    0.149830    0.386403    0.479003    0.901367    0.047979    0.003724    0.017427    8.774863    8.214134    1.530525    1.986836    1.872285    1.877743    0.990801    1.122988    1.944489
Iteration: 469 bestvalit: 112.080000 bestmemit:    0.339042    0.008562    0.032084    0.026036    0.278182    0.323259    0.462982    0.276476    0.299276    0.149830    0.386403    0.479003    0.901367    0.047979    0.003724    0.017427    8.774863    8.214134    1.530525    1.986836    1.872285    1.877743    0.990801    1.122988    1.944489
Iteration: 470 bestvalit: 112.080000 bestmemit:    0.339042    0.008562    0.032084    0.026036    0.278182    0.323259    0.462982    0.276476    0.299276    0.149830    0.386403    0.479003    0.901367    0.047979    0.003724    0.017427    8.774863    8.214134    1.530525    1.986836    1.872285    1.877743    0.990801    1.122988    1.944489
Iteration: 471 bestvalit: 112.080000 bestmemit:    0.339042    0.008562    0.032084    0.026036    0.278182    0.323259    0.462982    0.276476    0.299276    0.149830    0.386403    0.479003    0.901367    0.047979    0.003724    0.017427    8.774863    8.214134    1.530525    1.986836    1.872285    1.877743    0.990801    1.122988    1.944489
Iteration: 472 bestvalit: 112.080000 bestmemit:    0.339042    0.008562    0.032084    0.026036    0.278182    0.323259    0.462982    0.276476    0.299276    0.149830    0.386403    0.479003    0.901367    0.047979    0.003724    0.017427    8.774863    8.214134    1.530525    1.986836    1.872285    1.877743    0.990801    1.122988    1.944489
Iteration: 473 bestvalit: 112.080000 bestmemit:    0.339042    0.008562    0.032084    0.026036    0.278182    0.323259    0.462982    0.276476    0.299276    0.149830    0.386403    0.479003    0.901367    0.047979    0.003724    0.017427    8.774863    8.214134    1.530525    1.986836    1.872285    1.877743    0.990801    1.122988    1.944489
Iteration: 474 bestvalit: 112.080000 bestmemit:    0.339042    0.008562    0.032084    0.026036    0.278182    0.323259    0.462982    0.276476    0.299276    0.149830    0.386403    0.479003    0.901367    0.047979    0.003724    0.017427    8.774863    8.214134    1.530525    1.986836    1.872285    1.877743    0.990801    1.122988    1.944489
Iteration: 475 bestvalit: 112.080000 bestmemit:    0.339042    0.008562    0.032084    0.026036    0.278182    0.323259    0.462982    0.276476    0.299276    0.149830    0.386403    0.479003    0.901367    0.047979    0.003724    0.017427    8.774863    8.214134    1.530525    1.986836    1.872285    1.877743    0.990801    1.122988    1.944489
Iteration: 476 bestvalit: 112.080000 bestmemit:    0.339042    0.008562    0.032084    0.026036    0.278182    0.323259    0.462982    0.276476    0.299276    0.149830    0.386403    0.479003    0.901367    0.047979    0.003724    0.017427    8.774863    8.214134    1.530525    1.986836    1.872285    1.877743    0.990801    1.122988    1.944489
Iteration: 477 bestvalit: 112.080000 bestmemit:    0.339042    0.008562    0.032084    0.026036    0.278182    0.323259    0.462982    0.276476    0.299276    0.149830    0.386403    0.479003    0.901367    0.047979    0.003724    0.017427    8.774863    8.214134    1.530525    1.986836    1.872285    1.877743    0.990801    1.122988    1.944489
Iteration: 478 bestvalit: 112.080000 bestmemit:    0.339042    0.008562    0.032084    0.026036    0.278182    0.323259    0.462982    0.276476    0.299276    0.149830    0.386403    0.479003    0.901367    0.047979    0.003724    0.017427    8.774863    8.214134    1.530525    1.986836    1.872285    1.877743    0.990801    1.122988    1.944489
Iteration: 479 bestvalit: 112.080000 bestmemit:    0.339042    0.008562    0.032084    0.026036    0.278182    0.323259    0.462982    0.276476    0.299276    0.149830    0.386403    0.479003    0.901367    0.047979    0.003724    0.017427    8.774863    8.214134    1.530525    1.986836    1.872285    1.877743    0.990801    1.122988    1.944489
Iteration: 480 bestvalit: 112.080000 bestmemit:    0.339042    0.008562    0.032084    0.026036    0.278182    0.323259    0.462982    0.276476    0.299276    0.149830    0.386403    0.479003    0.901367    0.047979    0.003724    0.017427    8.774863    8.214134    1.530525    1.986836    1.872285    1.877743    0.990801    1.122988    1.944489
Iteration: 481 bestvalit: 112.080000 bestmemit:    0.339042    0.008562    0.032084    0.026036    0.278182    0.323259    0.462982    0.276476    0.299276    0.149830    0.386403    0.479003    0.901367    0.047979    0.003724    0.017427    8.774863    8.214134    1.530525    1.986836    1.872285    1.877743    0.990801    1.122988    1.944489
Iteration: 482 bestvalit: 112.080000 bestmemit:    0.339042    0.008562    0.032084    0.026036    0.278182    0.323259    0.462982    0.276476    0.299276    0.149830    0.386403    0.479003    0.901367    0.047979    0.003724    0.017427    8.774863    8.214134    1.530525    1.986836    1.872285    1.877743    0.990801    1.122988    1.944489
Iteration: 483 bestvalit: 112.080000 bestmemit:    0.339042    0.008562    0.032084    0.026036    0.278182    0.323259    0.462982    0.276476    0.299276    0.149830    0.386403    0.479003    0.901367    0.047979    0.003724    0.017427    8.774863    8.214134    1.530525    1.986836    1.872285    1.877743    0.990801    1.122988    1.944489
Iteration: 484 bestvalit: 112.080000 bestmemit:    0.339042    0.008562    0.032084    0.026036    0.278182    0.323259    0.462982    0.276476    0.299276    0.149830    0.386403    0.479003    0.901367    0.047979    0.003724    0.017427    8.774863    8.214134    1.530525    1.986836    1.872285    1.877743    0.990801    1.122988    1.944489
Iteration: 485 bestvalit: 112.080000 bestmemit:    0.339042    0.008562    0.032084    0.026036    0.278182    0.323259    0.462982    0.276476    0.299276    0.149830    0.386403    0.479003    0.901367    0.047979    0.003724    0.017427    8.774863    8.214134    1.530525    1.986836    1.872285    1.877743    0.990801    1.122988    1.944489
Iteration: 486 bestvalit: 112.080000 bestmemit:    0.339042    0.008562    0.032084    0.026036    0.278182    0.323259    0.462982    0.276476    0.299276    0.149830    0.386403    0.479003    0.901367    0.047979    0.003724    0.017427    8.774863    8.214134    1.530525    1.986836    1.872285    1.877743    0.990801    1.122988    1.944489
Iteration: 487 bestvalit: 112.080000 bestmemit:    0.339042    0.008562    0.032084    0.026036    0.278182    0.323259    0.462982    0.276476    0.299276    0.149830    0.386403    0.479003    0.901367    0.047979    0.003724    0.017427    8.774863    8.214134    1.530525    1.986836    1.872285    1.877743    0.990801    1.122988    1.944489
Iteration: 488 bestvalit: 112.080000 bestmemit:    0.339042    0.008562    0.032084    0.026036    0.278182    0.323259    0.462982    0.276476    0.299276    0.149830    0.386403    0.479003    0.901367    0.047979    0.003724    0.017427    8.774863    8.214134    1.530525    1.986836    1.872285    1.877743    0.990801    1.122988    1.944489
Iteration: 489 bestvalit: 112.080000 bestmemit:    0.339042    0.008562    0.032084    0.026036    0.278182    0.323259    0.462982    0.276476    0.299276    0.149830    0.386403    0.479003    0.901367    0.047979    0.003724    0.017427    8.774863    8.214134    1.530525    1.986836    1.872285    1.877743    0.990801    1.122988    1.944489
Iteration: 490 bestvalit: 112.080000 bestmemit:    0.339042    0.008562    0.032084    0.026036    0.278182    0.323259    0.462982    0.276476    0.299276    0.149830    0.386403    0.479003    0.901367    0.047979    0.003724    0.017427    8.774863    8.214134    1.530525    1.986836    1.872285    1.877743    0.990801    1.122988    1.944489
Iteration: 491 bestvalit: 112.080000 bestmemit:    0.339042    0.008562    0.032084    0.026036    0.278182    0.323259    0.462982    0.276476    0.299276    0.149830    0.386403    0.479003    0.901367    0.047979    0.003724    0.017427    8.774863    8.214134    1.530525    1.986836    1.872285    1.877743    0.990801    1.122988    1.944489
Iteration: 492 bestvalit: 112.080000 bestmemit:    0.339042    0.008562    0.032084    0.026036    0.278182    0.323259    0.462982    0.276476    0.299276    0.149830    0.386403    0.479003    0.901367    0.047979    0.003724    0.017427    8.774863    8.214134    1.530525    1.986836    1.872285    1.877743    0.990801    1.122988    1.944489
Iteration: 493 bestvalit: 112.080000 bestmemit:    0.339042    0.008562    0.032084    0.026036    0.278182    0.323259    0.462982    0.276476    0.299276    0.149830    0.386403    0.479003    0.901367    0.047979    0.003724    0.017427    8.774863    8.214134    1.530525    1.986836    1.872285    1.877743    0.990801    1.122988    1.944489
Iteration: 494 bestvalit: 112.080000 bestmemit:    0.339042    0.008562    0.032084    0.026036    0.278182    0.323259    0.462982    0.276476    0.299276    0.149830    0.386403    0.479003    0.901367    0.047979    0.003724    0.017427    8.774863    8.214134    1.530525    1.986836    1.872285    1.877743    0.990801    1.122988    1.944489
Iteration: 495 bestvalit: 112.080000 bestmemit:    0.339042    0.008562    0.032084    0.026036    0.278182    0.323259    0.462982    0.276476    0.299276    0.149830    0.386403    0.479003    0.901367    0.047979    0.003724    0.017427    8.774863    8.214134    1.530525    1.986836    1.872285    1.877743    0.990801    1.122988    1.944489
Iteration: 496 bestvalit: 112.080000 bestmemit:    0.339042    0.008562    0.032084    0.026036    0.278182    0.323259    0.462982    0.276476    0.299276    0.149830    0.386403    0.479003    0.901367    0.047979    0.003724    0.017427    8.774863    8.214134    1.530525    1.986836    1.872285    1.877743    0.990801    1.122988    1.944489
Iteration: 497 bestvalit: 112.080000 bestmemit:    0.339042    0.008562    0.032084    0.026036    0.278182    0.323259    0.462982    0.276476    0.299276    0.149830    0.386403    0.479003    0.901367    0.047979    0.003724    0.017427    8.774863    8.214134    1.530525    1.986836    1.872285    1.877743    0.990801    1.122988    1.944489
Iteration: 498 bestvalit: 112.080000 bestmemit:    0.339042    0.008562    0.032084    0.026036    0.278182    0.323259    0.462982    0.276476    0.299276    0.149830    0.386403    0.479003    0.901367    0.047979    0.003724    0.017427    8.774863    8.214134    1.530525    1.986836    1.872285    1.877743    0.990801    1.122988    1.944489
Iteration: 499 bestvalit: 112.080000 bestmemit:    0.339042    0.008562    0.032084    0.026036    0.278182    0.323259    0.462982    0.276476    0.299276    0.149830    0.386403    0.479003    0.901367    0.047979    0.003724    0.017427    8.774863    8.214134    1.530525    1.986836    1.872285    1.877743    0.990801    1.122988    1.944489
Iteration: 500 bestvalit: 112.080000 bestmemit:    0.339042    0.008562    0.032084    0.026036    0.278182    0.323259    0.462982    0.276476    0.299276    0.149830    0.386403    0.479003    0.901367    0.047979    0.003724    0.017427    8.774863    8.214134    1.530525    1.986836    1.872285    1.877743    0.990801    1.122988    1.944489
Iteration: 501 bestvalit: 112.080000 bestmemit:    0.339042    0.008562    0.032084    0.026036    0.278182    0.323259    0.462982    0.276476    0.299276    0.149830    0.386403    0.479003    0.901367    0.047979    0.003724    0.017427    8.774863    8.214134    1.530525    1.986836    1.872285    1.877743    0.990801    1.122988    1.944489
Iteration: 502 bestvalit: 112.080000 bestmemit:    0.339042    0.008562    0.032084    0.026036    0.278182    0.323259    0.462982    0.276476    0.299276    0.149830    0.386403    0.479003    0.901367    0.047979    0.003724    0.017427    8.774863    8.214134    1.530525    1.986836    1.872285    1.877743    0.990801    1.122988    1.944489
Iteration: 503 bestvalit: 112.080000 bestmemit:    0.339042    0.008562    0.032084    0.026036    0.278182    0.323259    0.462982    0.276476    0.299276    0.149830    0.386403    0.479003    0.901367    0.047979    0.003724    0.017427    8.774863    8.214134    1.530525    1.986836    1.872285    1.877743    0.990801    1.122988    1.944489
Iteration: 504 bestvalit: 112.080000 bestmemit:    0.339042    0.008562    0.032084    0.026036    0.278182    0.323259    0.462982    0.276476    0.299276    0.149830    0.386403    0.479003    0.901367    0.047979    0.003724    0.017427    8.774863    8.214134    1.530525    1.986836    1.872285    1.877743    0.990801    1.122988    1.944489
Iteration: 505 bestvalit: 112.080000 bestmemit:    0.339042    0.008562    0.032084    0.026036    0.278182    0.323259    0.462982    0.276476    0.299276    0.149830    0.386403    0.479003    0.901367    0.047979    0.003724    0.017427    8.774863    8.214134    1.530525    1.986836    1.872285    1.877743    0.990801    1.122988    1.944489
Iteration: 506 bestvalit: 112.080000 bestmemit:    0.339042    0.008562    0.032084    0.026036    0.278182    0.323259    0.462982    0.276476    0.299276    0.149830    0.386403    0.479003    0.901367    0.047979    0.003724    0.017427    8.774863    8.214134    1.530525    1.986836    1.872285    1.877743    0.990801    1.122988    1.944489
Iteration: 507 bestvalit: 112.080000 bestmemit:    0.339042    0.008562    0.032084    0.026036    0.278182    0.323259    0.462982    0.276476    0.299276    0.149830    0.386403    0.479003    0.901367    0.047979    0.003724    0.017427    8.774863    8.214134    1.530525    1.986836    1.872285    1.877743    0.990801    1.122988    1.944489
Iteration: 508 bestvalit: 112.080000 bestmemit:    0.339042    0.008562    0.032084    0.026036    0.278182    0.323259    0.462982    0.276476    0.299276    0.149830    0.386403    0.479003    0.901367    0.047979    0.003724    0.017427    8.774863    8.214134    1.530525    1.986836    1.872285    1.877743    0.990801    1.122988    1.944489
Iteration: 509 bestvalit: 112.080000 bestmemit:    0.339042    0.008562    0.032084    0.026036    0.278182    0.323259    0.462982    0.276476    0.299276    0.149830    0.386403    0.479003    0.901367    0.047979    0.003724    0.017427    8.774863    8.214134    1.530525    1.986836    1.872285    1.877743    0.990801    1.122988    1.944489
Iteration: 510 bestvalit: 112.080000 bestmemit:    0.339042    0.008562    0.032084    0.026036    0.278182    0.323259    0.462982    0.276476    0.299276    0.149830    0.386403    0.479003    0.901367    0.047979    0.003724    0.017427    8.774863    8.214134    1.530525    1.986836    1.872285    1.877743    0.990801    1.122988    1.944489
Iteration: 511 bestvalit: 112.080000 bestmemit:    0.339042    0.008562    0.032084    0.026036    0.278182    0.323259    0.462982    0.276476    0.299276    0.149830    0.386403    0.479003    0.901367    0.047979    0.003724    0.017427    8.774863    8.214134    1.530525    1.986836    1.872285    1.877743    0.990801    1.122988    1.944489
Iteration: 512 bestvalit: 112.080000 bestmemit:    0.339042    0.008562    0.032084    0.026036    0.278182    0.323259    0.462982    0.276476    0.299276    0.149830    0.386403    0.479003    0.901367    0.047979    0.003724    0.017427    8.774863    8.214134    1.530525    1.986836    1.872285    1.877743    0.990801    1.122988    1.944489
Iteration: 513 bestvalit: 112.080000 bestmemit:    0.339042    0.008562    0.032084    0.026036    0.278182    0.323259    0.462982    0.276476    0.299276    0.149830    0.386403    0.479003    0.901367    0.047979    0.003724    0.017427    8.774863    8.214134    1.530525    1.986836    1.872285    1.877743    0.990801    1.122988    1.944489
Iteration: 514 bestvalit: 112.080000 bestmemit:    0.339042    0.008562    0.032084    0.026036    0.278182    0.323259    0.462982    0.276476    0.299276    0.149830    0.386403    0.479003    0.901367    0.047979    0.003724    0.017427    8.774863    8.214134    1.530525    1.986836    1.872285    1.877743    0.990801    1.122988    1.944489
Iteration: 515 bestvalit: 112.080000 bestmemit:    0.339042    0.008562    0.032084    0.026036    0.278182    0.323259    0.462982    0.276476    0.299276    0.149830    0.386403    0.479003    0.901367    0.047979    0.003724    0.017427    8.774863    8.214134    1.530525    1.986836    1.872285    1.877743    0.990801    1.122988    1.944489
Iteration: 516 bestvalit: 112.080000 bestmemit:    0.339042    0.008562    0.032084    0.026036    0.278182    0.323259    0.462982    0.276476    0.299276    0.149830    0.386403    0.479003    0.901367    0.047979    0.003724    0.017427    8.774863    8.214134    1.530525    1.986836    1.872285    1.877743    0.990801    1.122988    1.944489
Iteration: 517 bestvalit: 112.080000 bestmemit:    0.339042    0.008562    0.032084    0.026036    0.278182    0.323259    0.462982    0.276476    0.299276    0.149830    0.386403    0.479003    0.901367    0.047979    0.003724    0.017427    8.774863    8.214134    1.530525    1.986836    1.872285    1.877743    0.990801    1.122988    1.944489
Iteration: 518 bestvalit: 112.080000 bestmemit:    0.339042    0.008562    0.032084    0.026036    0.278182    0.323259    0.462982    0.276476    0.299276    0.149830    0.386403    0.479003    0.901367    0.047979    0.003724    0.017427    8.774863    8.214134    1.530525    1.986836    1.872285    1.877743    0.990801    1.122988    1.944489
Iteration: 519 bestvalit: 112.080000 bestmemit:    0.339042    0.008562    0.032084    0.026036    0.278182    0.323259    0.462982    0.276476    0.299276    0.149830    0.386403    0.479003    0.901367    0.047979    0.003724    0.017427    8.774863    8.214134    1.530525    1.986836    1.872285    1.877743    0.990801    1.122988    1.944489
Iteration: 520 bestvalit: 112.080000 bestmemit:    0.339042    0.008562    0.032084    0.026036    0.278182    0.323259    0.462982    0.276476    0.299276    0.149830    0.386403    0.479003    0.901367    0.047979    0.003724    0.017427    8.774863    8.214134    1.530525    1.986836    1.872285    1.877743    0.990801    1.122988    1.944489
Iteration: 521 bestvalit: 112.080000 bestmemit:    0.339042    0.008562    0.032084    0.026036    0.278182    0.323259    0.462982    0.276476    0.299276    0.149830    0.386403    0.479003    0.901367    0.047979    0.003724    0.017427    8.774863    8.214134    1.530525    1.986836    1.872285    1.877743    0.990801    1.122988    1.944489
Iteration: 522 bestvalit: 112.080000 bestmemit:    0.339042    0.008562    0.032084    0.026036    0.278182    0.323259    0.462982    0.276476    0.299276    0.149830    0.386403    0.479003    0.901367    0.047979    0.003724    0.017427    8.774863    8.214134    1.530525    1.986836    1.872285    1.877743    0.990801    1.122988    1.944489
Iteration: 523 bestvalit: 112.080000 bestmemit:    0.339042    0.008562    0.032084    0.026036    0.278182    0.323259    0.462982    0.276476    0.299276    0.149830    0.386403    0.479003    0.901367    0.047979    0.003724    0.017427    8.774863    8.214134    1.530525    1.986836    1.872285    1.877743    0.990801    1.122988    1.944489
Iteration: 524 bestvalit: 112.080000 bestmemit:    0.339042    0.008562    0.032084    0.026036    0.278182    0.323259    0.462982    0.276476    0.299276    0.149830    0.386403    0.479003    0.901367    0.047979    0.003724    0.017427    8.774863    8.214134    1.530525    1.986836    1.872285    1.877743    0.990801    1.122988    1.944489
Iteration: 525 bestvalit: 112.080000 bestmemit:    0.339042    0.008562    0.032084    0.026036    0.278182    0.323259    0.462982    0.276476    0.299276    0.149830    0.386403    0.479003    0.901367    0.047979    0.003724    0.017427    8.774863    8.214134    1.530525    1.986836    1.872285    1.877743    0.990801    1.122988    1.944489
Iteration: 526 bestvalit: 112.080000 bestmemit:    0.339042    0.008562    0.032084    0.026036    0.278182    0.323259    0.462982    0.276476    0.299276    0.149830    0.386403    0.479003    0.901367    0.047979    0.003724    0.017427    8.774863    8.214134    1.530525    1.986836    1.872285    1.877743    0.990801    1.122988    1.944489
Iteration: 527 bestvalit: 112.080000 bestmemit:    0.339042    0.008562    0.032084    0.026036    0.278182    0.323259    0.462982    0.276476    0.299276    0.149830    0.386403    0.479003    0.901367    0.047979    0.003724    0.017427    8.774863    8.214134    1.530525    1.986836    1.872285    1.877743    0.990801    1.122988    1.944489
Iteration: 528 bestvalit: 112.080000 bestmemit:    0.339042    0.008562    0.032084    0.026036    0.278182    0.323259    0.462982    0.276476    0.299276    0.149830    0.386403    0.479003    0.901367    0.047979    0.003724    0.017427    8.774863    8.214134    1.530525    1.986836    1.872285    1.877743    0.990801    1.122988    1.944489
Iteration: 529 bestvalit: 112.080000 bestmemit:    0.339042    0.008562    0.032084    0.026036    0.278182    0.323259    0.462982    0.276476    0.299276    0.149830    0.386403    0.479003    0.901367    0.047979    0.003724    0.017427    8.774863    8.214134    1.530525    1.986836    1.872285    1.877743    0.990801    1.122988    1.944489
Iteration: 530 bestvalit: 112.080000 bestmemit:    0.339042    0.008562    0.032084    0.026036    0.278182    0.323259    0.462982    0.276476    0.299276    0.149830    0.386403    0.479003    0.901367    0.047979    0.003724    0.017427    8.774863    8.214134    1.530525    1.986836    1.872285    1.877743    0.990801    1.122988    1.944489
Iteration: 531 bestvalit: 112.080000 bestmemit:    0.339042    0.008562    0.032084    0.026036    0.278182    0.323259    0.462982    0.276476    0.299276    0.149830    0.386403    0.479003    0.901367    0.047979    0.003724    0.017427    8.774863    8.214134    1.530525    1.986836    1.872285    1.877743    0.990801    1.122988    1.944489
Iteration: 532 bestvalit: 112.080000 bestmemit:    0.339042    0.008562    0.032084    0.026036    0.278182    0.323259    0.462982    0.276476    0.299276    0.149830    0.386403    0.479003    0.901367    0.047979    0.003724    0.017427    8.774863    8.214134    1.530525    1.986836    1.872285    1.877743    0.990801    1.122988    1.944489
Iteration: 533 bestvalit: 112.080000 bestmemit:    0.339042    0.008562    0.032084    0.026036    0.278182    0.323259    0.462982    0.276476    0.299276    0.149830    0.386403    0.479003    0.901367    0.047979    0.003724    0.017427    8.774863    8.214134    1.530525    1.986836    1.872285    1.877743    0.990801    1.122988    1.944489
Iteration: 534 bestvalit: 112.080000 bestmemit:    0.339042    0.008562    0.032084    0.026036    0.278182    0.323259    0.462982    0.276476    0.299276    0.149830    0.386403    0.479003    0.901367    0.047979    0.003724    0.017427    8.774863    8.214134    1.530525    1.986836    1.872285    1.877743    0.990801    1.122988    1.944489
Iteration: 535 bestvalit: 112.080000 bestmemit:    0.339042    0.008562    0.032084    0.026036    0.278182    0.323259    0.462982    0.276476    0.299276    0.149830    0.386403    0.479003    0.901367    0.047979    0.003724    0.017427    8.774863    8.214134    1.530525    1.986836    1.872285    1.877743    0.990801    1.122988    1.944489
Iteration: 536 bestvalit: 111.275000 bestmemit:    0.339042    0.008562    0.032084    0.026036    0.278182    0.323259    0.462982    0.276476    0.299276    0.149830    0.371821    0.479003    0.901367    0.047979    0.003724    0.017427    8.774863    8.214134    1.530525    1.986836    1.872285    1.877743    0.990801    1.122988    1.944489
Iteration: 537 bestvalit: 111.275000 bestmemit:    0.339042    0.008562    0.032084    0.026036    0.278182    0.323259    0.462982    0.276476    0.299276    0.149830    0.371821    0.479003    0.901367    0.047979    0.003724    0.017427    8.774863    8.214134    1.530525    1.986836    1.872285    1.877743    0.990801    1.122988    1.944489
Iteration: 538 bestvalit: 111.275000 bestmemit:    0.339042    0.008562    0.032084    0.026036    0.278182    0.323259    0.462982    0.276476    0.299276    0.149830    0.371821    0.479003    0.901367    0.047979    0.003724    0.017427    8.774863    8.214134    1.530525    1.986836    1.872285    1.877743    0.990801    1.122988    1.944489
Iteration: 539 bestvalit: 111.275000 bestmemit:    0.339042    0.008562    0.032084    0.026036    0.278182    0.323259    0.462982    0.276476    0.299276    0.149830    0.371821    0.479003    0.901367    0.047979    0.003724    0.017427    8.774863    8.214134    1.530525    1.986836    1.872285    1.877743    0.990801    1.122988    1.944489
Iteration: 540 bestvalit: 111.275000 bestmemit:    0.339042    0.008562    0.032084    0.026036    0.278182    0.323259    0.462982    0.276476    0.299276    0.149830    0.371821    0.479003    0.901367    0.047979    0.003724    0.017427    8.774863    8.214134    1.530525    1.986836    1.872285    1.877743    0.990801    1.122988    1.944489
Iteration: 541 bestvalit: 111.275000 bestmemit:    0.339042    0.008562    0.032084    0.026036    0.278182    0.323259    0.462982    0.276476    0.299276    0.149830    0.371821    0.479003    0.901367    0.047979    0.003724    0.017427    8.774863    8.214134    1.530525    1.986836    1.872285    1.877743    0.990801    1.122988    1.944489
Iteration: 542 bestvalit: 111.275000 bestmemit:    0.339042    0.008562    0.032084    0.026036    0.278182    0.323259    0.462982    0.276476    0.299276    0.149830    0.371821    0.479003    0.901367    0.047979    0.003724    0.017427    8.774863    8.214134    1.530525    1.986836    1.872285    1.877743    0.990801    1.122988    1.944489
Iteration: 543 bestvalit: 111.275000 bestmemit:    0.339042    0.008562    0.032084    0.026036    0.278182    0.323259    0.462982    0.276476    0.299276    0.149830    0.371821    0.479003    0.901367    0.047979    0.003724    0.017427    8.774863    8.214134    1.530525    1.986836    1.872285    1.877743    0.990801    1.122988    1.944489
Iteration: 544 bestvalit: 110.965000 bestmemit:    0.339042    0.008562    0.032084    0.026036    0.278182    0.323259    0.462982    0.276476    0.299276    0.149830    0.334916    0.479003    0.901367    0.047979    0.003724    0.017427    8.774863    8.214134    1.530525    1.986836    1.872285    1.877743    0.990801    1.122988    1.944489
Iteration: 545 bestvalit: 110.965000 bestmemit:    0.339042    0.008562    0.032084    0.026036    0.278182    0.323259    0.462982    0.276476    0.299276    0.149830    0.334916    0.479003    0.901367    0.047979    0.003724    0.017427    8.774863    8.214134    1.530525    1.986836    1.872285    1.877743    0.990801    1.122988    1.944489
Iteration: 546 bestvalit: 110.965000 bestmemit:    0.339042    0.008562    0.032084    0.026036    0.278182    0.323259    0.462982    0.276476    0.299276    0.149830    0.334916    0.479003    0.901367    0.047979    0.003724    0.017427    8.774863    8.214134    1.530525    1.986836    1.872285    1.877743    0.990801    1.122988    1.944489
Iteration: 547 bestvalit: 110.965000 bestmemit:    0.339042    0.008562    0.032084    0.026036    0.278182    0.323259    0.462982    0.276476    0.299276    0.149830    0.334916    0.479003    0.901367    0.047979    0.003724    0.017427    8.774863    8.214134    1.530525    1.986836    1.872285    1.877743    0.990801    1.122988    1.944489
Iteration: 548 bestvalit: 110.965000 bestmemit:    0.339042    0.008562    0.032084    0.026036    0.278182    0.323259    0.462982    0.276476    0.299276    0.149830    0.334916    0.479003    0.901367    0.047979    0.003724    0.017427    8.774863    8.214134    1.530525    1.986836    1.872285    1.877743    0.990801    1.122988    1.944489
Iteration: 549 bestvalit: 110.965000 bestmemit:    0.339042    0.008562    0.032084    0.026036    0.278182    0.323259    0.462982    0.276476    0.299276    0.149830    0.334916    0.479003    0.901367    0.047979    0.003724    0.017427    8.774863    8.214134    1.530525    1.986836    1.872285    1.877743    0.990801    1.122988    1.944489
Iteration: 550 bestvalit: 110.965000 bestmemit:    0.339042    0.008562    0.032084    0.026036    0.278182    0.323259    0.462982    0.276476    0.299276    0.149830    0.334916    0.479003    0.901367    0.047979    0.003724    0.017427    8.774863    8.214134    1.530525    1.986836    1.872285    1.877743    0.990801    1.122988    1.944489
Iteration: 551 bestvalit: 110.965000 bestmemit:    0.339042    0.008562    0.032084    0.026036    0.278182    0.323259    0.462982    0.276476    0.299276    0.149830    0.334916    0.479003    0.901367    0.047979    0.003724    0.017427    8.774863    8.214134    1.530525    1.986836    1.872285    1.877743    0.990801    1.122988    1.944489
Iteration: 552 bestvalit: 110.965000 bestmemit:    0.339042    0.008562    0.032084    0.026036    0.278182    0.323259    0.462982    0.276476    0.299276    0.149830    0.334916    0.479003    0.901367    0.047979    0.003724    0.017427    8.774863    8.214134    1.530525    1.986836    1.872285    1.877743    0.990801    1.122988    1.944489
Iteration: 553 bestvalit: 110.965000 bestmemit:    0.339042    0.008562    0.032084    0.026036    0.278182    0.323259    0.462982    0.276476    0.299276    0.149830    0.334916    0.479003    0.901367    0.047979    0.003724    0.017427    8.774863    8.214134    1.530525    1.986836    1.872285    1.877743    0.990801    1.122988    1.944489
Iteration: 554 bestvalit: 110.965000 bestmemit:    0.339042    0.008562    0.032084    0.026036    0.278182    0.323259    0.462982    0.276476    0.299276    0.149830    0.334916    0.479003    0.901367    0.047979    0.003724    0.017427    8.774863    8.214134    1.530525    1.986836    1.872285    1.877743    0.990801    1.122988    1.944489
Iteration: 555 bestvalit: 110.960000 bestmemit:    0.339042    0.008562    0.032084    0.026036    0.278182    0.323259    0.462982    0.276476    0.299276    0.149830    0.334916    0.479003    0.901367    0.047979    0.003724    0.017427    8.774863    8.126695    1.530525    1.986836    1.872285    1.877743    0.990801    1.122988    1.944489
Iteration: 556 bestvalit: 110.960000 bestmemit:    0.339042    0.008562    0.032084    0.026036    0.278182    0.323259    0.462982    0.276476    0.299276    0.149830    0.334916    0.479003    0.901367    0.047979    0.003724    0.017427    8.774863    8.126695    1.530525    1.986836    1.872285    1.877743    0.990801    1.122988    1.944489
Iteration: 557 bestvalit: 110.740000 bestmemit:    0.339042    0.008562    0.032084    0.026036    0.278182    0.323259    0.462982    0.276476    0.299276    0.149830    0.334916    0.479003    0.901367    0.047979    0.003724    0.017427    8.774863    8.126695    1.550234    1.986836    1.872285    1.877743    0.990801    1.122988    1.944489
Iteration: 558 bestvalit: 110.740000 bestmemit:    0.339042    0.008562    0.032084    0.026036    0.278182    0.323259    0.462982    0.276476    0.299276    0.149830    0.334916    0.479003    0.901367    0.047979    0.003724    0.017427    8.774863    8.126695    1.550234    1.986836    1.872285    1.877743    0.990801    1.122988    1.944489
Iteration: 559 bestvalit: 110.740000 bestmemit:    0.339042    0.008562    0.032084    0.026036    0.278182    0.323259    0.462982    0.276476    0.299276    0.149830    0.334916    0.479003    0.901367    0.047979    0.003724    0.017427    8.774863    8.126695    1.550234    1.986836    1.872285    1.877743    0.990801    1.122988    1.944489
Iteration: 560 bestvalit: 110.740000 bestmemit:    0.339042    0.008562    0.032084    0.026036    0.278182    0.323259    0.462982    0.276476    0.299276    0.149830    0.334916    0.479003    0.901367    0.047979    0.003724    0.017427    8.774863    8.126695    1.550234    1.986836    1.872285    1.877743    0.990801    1.122988    1.944489
Iteration: 561 bestvalit: 110.740000 bestmemit:    0.339042    0.008562    0.032084    0.026036    0.278182    0.323259    0.462982    0.276476    0.299276    0.149830    0.334916    0.479003    0.901367    0.047979    0.003724    0.017427    8.774863    8.126695    1.550234    1.986836    1.872285    1.877743    0.990801    1.122988    1.944489
Iteration: 562 bestvalit: 110.740000 bestmemit:    0.339042    0.008562    0.032084    0.026036    0.278182    0.323259    0.462982    0.276476    0.299276    0.149830    0.334916    0.479003    0.901367    0.047979    0.003724    0.017427    8.774863    8.126695    1.550234    1.986836    1.872285    1.877743    0.990801    1.122988    1.944489
Iteration: 563 bestvalit: 110.740000 bestmemit:    0.339042    0.008562    0.032084    0.026036    0.278182    0.323259    0.462982    0.276476    0.299276    0.149830    0.334916    0.479003    0.901367    0.047979    0.003724    0.017427    8.774863    8.126695    1.550234    1.986836    1.872285    1.877743    0.990801    1.122988    1.944489
Iteration: 564 bestvalit: 110.740000 bestmemit:    0.339042    0.008562    0.032084    0.026036    0.278182    0.323259    0.462982    0.276476    0.299276    0.149830    0.334916    0.479003    0.901367    0.047979    0.003724    0.017427    8.774863    8.126695    1.550234    1.986836    1.872285    1.877743    0.990801    1.122988    1.944489
Iteration: 565 bestvalit: 110.740000 bestmemit:    0.339042    0.008562    0.032084    0.026036    0.278182    0.323259    0.462982    0.276476    0.299276    0.149830    0.334916    0.479003    0.901367    0.047979    0.003724    0.017427    8.774863    8.126695    1.550234    1.986836    1.872285    1.877743    0.990801    1.122988    1.944489
Iteration: 566 bestvalit: 110.740000 bestmemit:    0.339042    0.008562    0.032084    0.026036    0.278182    0.323259    0.462982    0.276476    0.299276    0.149830    0.334916    0.479003    0.901367    0.047979    0.003724    0.017427    8.774863    8.126695    1.550234    1.986836    1.872285    1.877743    0.990801    1.122988    1.944489
Iteration: 567 bestvalit: 110.740000 bestmemit:    0.339042    0.008562    0.032084    0.026036    0.278182    0.323259    0.462982    0.276476    0.299276    0.149830    0.334916    0.479003    0.901367    0.047979    0.003724    0.017427    8.774863    8.126695    1.550234    1.986836    1.872285    1.877743    0.990801    1.122988    1.944489
Iteration: 568 bestvalit: 110.740000 bestmemit:    0.339042    0.008562    0.032084    0.026036    0.278182    0.323259    0.462982    0.276476    0.299276    0.149830    0.334916    0.479003    0.901367    0.047979    0.003724    0.017427    8.774863    8.126695    1.550234    1.986836    1.872285    1.877743    0.990801    1.122988    1.944489
Iteration: 569 bestvalit: 110.740000 bestmemit:    0.339042    0.008562    0.032084    0.026036    0.278182    0.323259    0.462982    0.276476    0.299276    0.149830    0.334916    0.479003    0.901367    0.047979    0.003724    0.017427    8.774863    8.126695    1.550234    1.986836    1.872285    1.877743    0.990801    1.122988    1.944489
Iteration: 570 bestvalit: 110.740000 bestmemit:    0.339042    0.008562    0.032084    0.026036    0.278182    0.323259    0.462982    0.276476    0.299276    0.149830    0.334916    0.479003    0.901367    0.047979    0.003724    0.017427    8.774863    8.126695    1.550234    1.986836    1.872285    1.877743    0.990801    1.122988    1.944489
Iteration: 571 bestvalit: 110.740000 bestmemit:    0.339042    0.008562    0.032084    0.026036    0.278182    0.323259    0.462982    0.276476    0.299276    0.149830    0.334916    0.479003    0.901367    0.047979    0.003724    0.017427    8.774863    8.126695    1.550234    1.986836    1.872285    1.877743    0.990801    1.122988    1.944489
Iteration: 572 bestvalit: 110.740000 bestmemit:    0.339042    0.008562    0.032084    0.026036    0.278182    0.323259    0.462982    0.276476    0.299276    0.149830    0.334916    0.479003    0.901367    0.047979    0.003724    0.017427    8.774863    8.126695    1.550234    1.986836    1.872285    1.877743    0.990801    1.122988    1.944489
Iteration: 573 bestvalit: 110.740000 bestmemit:    0.339042    0.008562    0.032084    0.026036    0.278182    0.323259    0.462982    0.276476    0.299276    0.149830    0.334916    0.479003    0.901367    0.047979    0.003724    0.017427    8.774863    8.126695    1.550234    1.986836    1.872285    1.877743    0.990801    1.122988    1.944489
Iteration: 574 bestvalit: 110.740000 bestmemit:    0.339042    0.008562    0.032084    0.026036    0.278182    0.323259    0.462982    0.276476    0.299276    0.149830    0.334916    0.479003    0.901367    0.047979    0.003724    0.017427    8.774863    8.126695    1.550234    1.986836    1.872285    1.877743    0.990801    1.122988    1.944489
Iteration: 575 bestvalit: 110.740000 bestmemit:    0.339042    0.008562    0.032084    0.026036    0.278182    0.323259    0.462982    0.276476    0.299276    0.149830    0.334916    0.479003    0.901367    0.047979    0.003724    0.017427    8.774863    8.126695    1.550234    1.986836    1.872285    1.877743    0.990801    1.122988    1.944489
Iteration: 576 bestvalit: 110.740000 bestmemit:    0.339042    0.008562    0.032084    0.026036    0.278182    0.323259    0.462982    0.276476    0.299276    0.149830    0.334916    0.479003    0.901367    0.047979    0.003724    0.017427    8.774863    8.126695    1.550234    1.986836    1.872285    1.877743    0.990801    1.122988    1.944489
Iteration: 577 bestvalit: 110.740000 bestmemit:    0.339042    0.008562    0.032084    0.026036    0.278182    0.323259    0.462982    0.276476    0.299276    0.149830    0.334916    0.479003    0.901367    0.047979    0.003724    0.017427    8.774863    8.126695    1.550234    1.986836    1.872285    1.877743    0.990801    1.122988    1.944489
Iteration: 578 bestvalit: 110.740000 bestmemit:    0.339042    0.008562    0.032084    0.026036    0.278182    0.323259    0.462982    0.276476    0.299276    0.149830    0.334916    0.479003    0.901367    0.047979    0.003724    0.017427    8.774863    8.126695    1.550234    1.986836    1.872285    1.877743    0.990801    1.122988    1.944489
Iteration: 579 bestvalit: 110.360000 bestmemit:    0.270165    0.010248    0.055423    0.069437    0.583982    0.286407    0.445138    0.474320    0.304828    0.126300    0.239670    0.458609    1.757361    0.037736    0.001733    0.004320    8.717739    6.187265    1.959113    1.980650    1.789761    1.966697    0.999958    1.093697    1.967446
Iteration: 580 bestvalit: 110.360000 bestmemit:    0.270165    0.010248    0.055423    0.069437    0.583982    0.286407    0.445138    0.474320    0.304828    0.126300    0.239670    0.458609    1.757361    0.037736    0.001733    0.004320    8.717739    6.187265    1.959113    1.980650    1.789761    1.966697    0.999958    1.093697    1.967446
Iteration: 581 bestvalit: 110.360000 bestmemit:    0.270165    0.010248    0.055423    0.069437    0.583982    0.286407    0.445138    0.474320    0.304828    0.126300    0.239670    0.458609    1.757361    0.037736    0.001733    0.004320    8.717739    6.187265    1.959113    1.980650    1.789761    1.966697    0.999958    1.093697    1.967446
Iteration: 582 bestvalit: 110.360000 bestmemit:    0.270165    0.010248    0.055423    0.069437    0.583982    0.286407    0.445138    0.474320    0.304828    0.126300    0.239670    0.458609    1.757361    0.037736    0.001733    0.004320    8.717739    6.187265    1.959113    1.980650    1.789761    1.966697    0.999958    1.093697    1.967446
Iteration: 583 bestvalit: 110.360000 bestmemit:    0.270165    0.010248    0.055423    0.069437    0.583982    0.286407    0.445138    0.474320    0.304828    0.126300    0.239670    0.458609    1.757361    0.037736    0.001733    0.004320    8.717739    6.187265    1.959113    1.980650    1.789761    1.966697    0.999958    1.093697    1.967446
Iteration: 584 bestvalit: 110.360000 bestmemit:    0.270165    0.010248    0.055423    0.069437    0.583982    0.286407    0.445138    0.474320    0.304828    0.126300    0.239670    0.458609    1.757361    0.037736    0.001733    0.004320    8.717739    6.187265    1.959113    1.980650    1.789761    1.966697    0.999958    1.093697    1.967446
Iteration: 585 bestvalit: 110.360000 bestmemit:    0.270165    0.010248    0.055423    0.069437    0.583982    0.286407    0.445138    0.474320    0.304828    0.126300    0.239670    0.458609    1.757361    0.037736    0.001733    0.004320    8.717739    6.187265    1.959113    1.980650    1.789761    1.966697    0.999958    1.093697    1.967446
Iteration: 586 bestvalit: 110.360000 bestmemit:    0.270165    0.010248    0.055423    0.069437    0.583982    0.286407    0.445138    0.474320    0.304828    0.126300    0.239670    0.458609    1.757361    0.037736    0.001733    0.004320    8.717739    6.187265    1.959113    1.980650    1.789761    1.966697    0.999958    1.093697    1.967446
Iteration: 587 bestvalit: 110.360000 bestmemit:    0.270165    0.010248    0.055423    0.069437    0.583982    0.286407    0.445138    0.474320    0.304828    0.126300    0.239670    0.458609    1.757361    0.037736    0.001733    0.004320    8.717739    6.187265    1.959113    1.980650    1.789761    1.966697    0.999958    1.093697    1.967446
Iteration: 588 bestvalit: 110.360000 bestmemit:    0.270165    0.010248    0.055423    0.069437    0.583982    0.286407    0.445138    0.474320    0.304828    0.126300    0.239670    0.458609    1.757361    0.037736    0.001733    0.004320    8.717739    6.187265    1.959113    1.980650    1.789761    1.966697    0.999958    1.093697    1.967446
Iteration: 589 bestvalit: 110.360000 bestmemit:    0.270165    0.010248    0.055423    0.069437    0.583982    0.286407    0.445138    0.474320    0.304828    0.126300    0.239670    0.458609    1.757361    0.037736    0.001733    0.004320    8.717739    6.187265    1.959113    1.980650    1.789761    1.966697    0.999958    1.093697    1.967446
Iteration: 590 bestvalit: 110.360000 bestmemit:    0.270165    0.010248    0.055423    0.069437    0.583982    0.286407    0.445138    0.474320    0.304828    0.126300    0.239670    0.458609    1.757361    0.037736    0.001733    0.004320    8.717739    6.187265    1.959113    1.980650    1.789761    1.966697    0.999958    1.093697    1.967446
Iteration: 591 bestvalit: 110.360000 bestmemit:    0.270165    0.010248    0.055423    0.069437    0.583982    0.286407    0.445138    0.474320    0.304828    0.126300    0.239670    0.458609    1.757361    0.037736    0.001733    0.004320    8.717739    6.187265    1.959113    1.980650    1.789761    1.966697    0.999958    1.093697    1.967446
Iteration: 592 bestvalit: 110.360000 bestmemit:    0.270165    0.010248    0.055423    0.069437    0.583982    0.286407    0.445138    0.474320    0.304828    0.126300    0.239670    0.458609    1.757361    0.037736    0.001733    0.004320    8.717739    6.187265    1.959113    1.980650    1.789761    1.966697    0.999958    1.093697    1.967446
Iteration: 593 bestvalit: 110.360000 bestmemit:    0.270165    0.010248    0.055423    0.069437    0.583982    0.286407    0.445138    0.474320    0.304828    0.126300    0.239670    0.458609    1.757361    0.037736    0.001733    0.004320    8.717739    6.187265    1.959113    1.980650    1.789761    1.966697    0.999958    1.093697    1.967446
Iteration: 594 bestvalit: 110.360000 bestmemit:    0.270165    0.010248    0.055423    0.069437    0.583982    0.286407    0.445138    0.474320    0.304828    0.126300    0.239670    0.458609    1.757361    0.037736    0.001733    0.004320    8.717739    6.187265    1.959113    1.980650    1.789761    1.966697    0.999958    1.093697    1.967446
Iteration: 595 bestvalit: 110.360000 bestmemit:    0.270165    0.010248    0.055423    0.069437    0.583982    0.286407    0.445138    0.474320    0.304828    0.126300    0.239670    0.458609    1.757361    0.037736    0.001733    0.004320    8.717739    6.187265    1.959113    1.980650    1.789761    1.966697    0.999958    1.093697    1.967446
Iteration: 596 bestvalit: 110.360000 bestmemit:    0.270165    0.010248    0.055423    0.069437    0.583982    0.286407    0.445138    0.474320    0.304828    0.126300    0.239670    0.458609    1.757361    0.037736    0.001733    0.004320    8.717739    6.187265    1.959113    1.980650    1.789761    1.966697    0.999958    1.093697    1.967446
Iteration: 597 bestvalit: 110.360000 bestmemit:    0.270165    0.010248    0.055423    0.069437    0.583982    0.286407    0.445138    0.474320    0.304828    0.126300    0.239670    0.458609    1.757361    0.037736    0.001733    0.004320    8.717739    6.187265    1.959113    1.980650    1.789761    1.966697    0.999958    1.093697    1.967446
Iteration: 598 bestvalit: 110.360000 bestmemit:    0.270165    0.010248    0.055423    0.069437    0.583982    0.286407    0.445138    0.474320    0.304828    0.126300    0.239670    0.458609    1.757361    0.037736    0.001733    0.004320    8.717739    6.187265    1.959113    1.980650    1.789761    1.966697    0.999958    1.093697    1.967446
Iteration: 599 bestvalit: 110.360000 bestmemit:    0.270165    0.010248    0.055423    0.069437    0.583982    0.286407    0.445138    0.474320    0.304828    0.126300    0.239670    0.458609    1.757361    0.037736    0.001733    0.004320    8.717739    6.187265    1.959113    1.980650    1.789761    1.966697    0.999958    1.093697    1.967446
Iteration: 600 bestvalit: 110.360000 bestmemit:    0.270165    0.010248    0.055423    0.069437    0.583982    0.286407    0.445138    0.474320    0.304828    0.126300    0.239670    0.458609    1.757361    0.037736    0.001733    0.004320    8.717739    6.187265    1.959113    1.980650    1.789761    1.966697    0.999958    1.093697    1.967446
Iteration: 601 bestvalit: 110.360000 bestmemit:    0.270165    0.010248    0.055423    0.069437    0.583982    0.286407    0.445138    0.474320    0.304828    0.126300    0.239670    0.458609    1.757361    0.037736    0.001733    0.004320    8.717739    6.187265    1.959113    1.980650    1.789761    1.966697    0.999958    1.093697    1.967446
Iteration: 602 bestvalit: 110.360000 bestmemit:    0.270165    0.010248    0.055423    0.069437    0.583982    0.286407    0.445138    0.474320    0.304828    0.126300    0.239670    0.458609    1.757361    0.037736    0.001733    0.004320    8.717739    6.187265    1.959113    1.980650    1.789761    1.966697    0.999958    1.093697    1.967446
Iteration: 603 bestvalit: 110.360000 bestmemit:    0.270165    0.010248    0.055423    0.069437    0.583982    0.286407    0.445138    0.474320    0.304828    0.126300    0.239670    0.458609    1.757361    0.037736    0.001733    0.004320    8.717739    6.187265    1.959113    1.980650    1.789761    1.966697    0.999958    1.093697    1.967446
Iteration: 604 bestvalit: 110.360000 bestmemit:    0.270165    0.010248    0.055423    0.069437    0.583982    0.286407    0.445138    0.474320    0.304828    0.126300    0.239670    0.458609    1.757361    0.037736    0.001733    0.004320    8.717739    6.187265    1.959113    1.980650    1.789761    1.966697    0.999958    1.093697    1.967446
Iteration: 605 bestvalit: 110.360000 bestmemit:    0.270165    0.010248    0.055423    0.069437    0.583982    0.286407    0.445138    0.474320    0.304828    0.126300    0.239670    0.458609    1.757361    0.037736    0.001733    0.004320    8.717739    6.187265    1.959113    1.980650    1.789761    1.966697    0.999958    1.093697    1.967446
Iteration: 606 bestvalit: 110.360000 bestmemit:    0.270165    0.010248    0.055423    0.069437    0.583982    0.286407    0.445138    0.474320    0.304828    0.126300    0.239670    0.458609    1.757361    0.037736    0.001733    0.004320    8.717739    6.187265    1.959113    1.980650    1.789761    1.966697    0.999958    1.093697    1.967446
Iteration: 607 bestvalit: 110.360000 bestmemit:    0.270165    0.010248    0.055423    0.069437    0.583982    0.286407    0.445138    0.474320    0.304828    0.126300    0.239670    0.458609    1.757361    0.037736    0.001733    0.004320    8.717739    6.187265    1.959113    1.980650    1.789761    1.966697    0.999958    1.093697    1.967446
Iteration: 608 bestvalit: 110.360000 bestmemit:    0.270165    0.010248    0.055423    0.069437    0.583982    0.286407    0.445138    0.474320    0.304828    0.126300    0.239670    0.458609    1.757361    0.037736    0.001733    0.004320    8.717739    6.187265    1.959113    1.980650    1.789761    1.966697    0.999958    1.093697    1.967446
Iteration: 609 bestvalit: 110.360000 bestmemit:    0.270165    0.010248    0.055423    0.069437    0.583982    0.286407    0.445138    0.474320    0.304828    0.126300    0.239670    0.458609    1.757361    0.037736    0.001733    0.004320    8.717739    6.187265    1.959113    1.980650    1.789761    1.966697    0.999958    1.093697    1.967446
Iteration: 610 bestvalit: 110.360000 bestmemit:    0.270165    0.010248    0.055423    0.069437    0.583982    0.286407    0.445138    0.474320    0.304828    0.126300    0.239670    0.458609    1.757361    0.037736    0.001733    0.004320    8.717739    6.187265    1.959113    1.980650    1.789761    1.966697    0.999958    1.093697    1.967446
Iteration: 611 bestvalit: 110.360000 bestmemit:    0.270165    0.010248    0.055423    0.069437    0.583982    0.286407    0.445138    0.474320    0.304828    0.126300    0.239670    0.458609    1.757361    0.037736    0.001733    0.004320    8.717739    6.187265    1.959113    1.980650    1.789761    1.966697    0.999958    1.093697    1.967446
Iteration: 612 bestvalit: 110.360000 bestmemit:    0.270165    0.010248    0.055423    0.069437    0.583982    0.286407    0.445138    0.474320    0.304828    0.126300    0.239670    0.458609    1.757361    0.037736    0.001733    0.004320    8.717739    6.187265    1.959113    1.980650    1.789761    1.966697    0.999958    1.093697    1.967446
Iteration: 613 bestvalit: 110.360000 bestmemit:    0.270165    0.010248    0.055423    0.069437    0.583982    0.286407    0.445138    0.474320    0.304828    0.126300    0.239670    0.458609    1.757361    0.037736    0.001733    0.004320    8.717739    6.187265    1.959113    1.980650    1.789761    1.966697    0.999958    1.093697    1.967446
Iteration: 614 bestvalit: 110.360000 bestmemit:    0.270165    0.010248    0.055423    0.069437    0.583982    0.286407    0.445138    0.474320    0.304828    0.126300    0.239670    0.458609    1.757361    0.037736    0.001733    0.004320    8.717739    6.187265    1.959113    1.980650    1.789761    1.966697    0.999958    1.093697    1.967446
Iteration: 615 bestvalit: 110.360000 bestmemit:    0.270165    0.010248    0.055423    0.069437    0.583982    0.286407    0.445138    0.474320    0.304828    0.126300    0.239670    0.458609    1.757361    0.037736    0.001733    0.004320    8.717739    6.187265    1.959113    1.980650    1.789761    1.966697    0.999958    1.093697    1.967446
Iteration: 616 bestvalit: 110.360000 bestmemit:    0.270165    0.010248    0.055423    0.069437    0.583982    0.286407    0.445138    0.474320    0.304828    0.126300    0.239670    0.458609    1.757361    0.037736    0.001733    0.004320    8.717739    6.187265    1.959113    1.980650    1.789761    1.966697    0.999958    1.093697    1.967446
Iteration: 617 bestvalit: 110.360000 bestmemit:    0.270165    0.010248    0.055423    0.069437    0.583982    0.286407    0.445138    0.474320    0.304828    0.126300    0.239670    0.458609    1.757361    0.037736    0.001733    0.004320    8.717739    6.187265    1.959113    1.980650    1.789761    1.966697    0.999958    1.093697    1.967446
Iteration: 618 bestvalit: 110.360000 bestmemit:    0.270165    0.010248    0.055423    0.069437    0.583982    0.286407    0.445138    0.474320    0.304828    0.126300    0.239670    0.458609    1.757361    0.037736    0.001733    0.004320    8.717739    6.187265    1.959113    1.980650    1.789761    1.966697    0.999958    1.093697    1.967446
Iteration: 619 bestvalit: 110.360000 bestmemit:    0.270165    0.010248    0.055423    0.069437    0.583982    0.286407    0.445138    0.474320    0.304828    0.126300    0.239670    0.458609    1.757361    0.037736    0.001733    0.004320    8.717739    6.187265    1.959113    1.980650    1.789761    1.966697    0.999958    1.093697    1.967446
Iteration: 620 bestvalit: 110.360000 bestmemit:    0.270165    0.010248    0.055423    0.069437    0.583982    0.286407    0.445138    0.474320    0.304828    0.126300    0.239670    0.458609    1.757361    0.037736    0.001733    0.004320    8.717739    6.187265    1.959113    1.980650    1.789761    1.966697    0.999958    1.093697    1.967446
Iteration: 621 bestvalit: 110.360000 bestmemit:    0.270165    0.010248    0.055423    0.069437    0.583982    0.286407    0.445138    0.474320    0.304828    0.126300    0.239670    0.458609    1.757361    0.037736    0.001733    0.004320    8.717739    6.187265    1.959113    1.980650    1.789761    1.966697    0.999958    1.093697    1.967446
Iteration: 622 bestvalit: 110.360000 bestmemit:    0.270165    0.010248    0.055423    0.069437    0.583982    0.286407    0.445138    0.474320    0.304828    0.126300    0.239670    0.458609    1.757361    0.037736    0.001733    0.004320    8.717739    6.187265    1.959113    1.980650    1.789761    1.966697    0.999958    1.093697    1.967446
Iteration: 623 bestvalit: 110.360000 bestmemit:    0.270165    0.010248    0.055423    0.069437    0.583982    0.286407    0.445138    0.474320    0.304828    0.126300    0.239670    0.458609    1.757361    0.037736    0.001733    0.004320    8.717739    6.187265    1.959113    1.980650    1.789761    1.966697    0.999958    1.093697    1.967446
Iteration: 624 bestvalit: 110.360000 bestmemit:    0.270165    0.010248    0.055423    0.069437    0.583982    0.286407    0.445138    0.474320    0.304828    0.126300    0.239670    0.458609    1.757361    0.037736    0.001733    0.004320    8.717739    6.187265    1.959113    1.980650    1.789761    1.966697    0.999958    1.093697    1.967446
Iteration: 625 bestvalit: 110.360000 bestmemit:    0.270165    0.010248    0.055423    0.069437    0.583982    0.286407    0.445138    0.474320    0.304828    0.126300    0.239670    0.458609    1.757361    0.037736    0.001733    0.004320    8.717739    6.187265    1.959113    1.980650    1.789761    1.966697    0.999958    1.093697    1.967446
Iteration: 626 bestvalit: 110.360000 bestmemit:    0.270165    0.010248    0.055423    0.069437    0.583982    0.286407    0.445138    0.474320    0.304828    0.126300    0.239670    0.458609    1.757361    0.037736    0.001733    0.004320    8.717739    6.187265    1.959113    1.980650    1.789761    1.966697    0.999958    1.093697    1.967446
Iteration: 627 bestvalit: 110.360000 bestmemit:    0.270165    0.010248    0.055423    0.069437    0.583982    0.286407    0.445138    0.474320    0.304828    0.126300    0.239670    0.458609    1.757361    0.037736    0.001733    0.004320    8.717739    6.187265    1.959113    1.980650    1.789761    1.966697    0.999958    1.093697    1.967446
Iteration: 628 bestvalit: 110.360000 bestmemit:    0.270165    0.010248    0.055423    0.069437    0.583982    0.286407    0.445138    0.474320    0.304828    0.126300    0.239670    0.458609    1.757361    0.037736    0.001733    0.004320    8.717739    6.187265    1.959113    1.980650    1.789761    1.966697    0.999958    1.093697    1.967446
Iteration: 629 bestvalit: 110.360000 bestmemit:    0.270165    0.010248    0.055423    0.069437    0.583982    0.286407    0.445138    0.474320    0.304828    0.126300    0.239670    0.458609    1.757361    0.037736    0.001733    0.004320    8.717739    6.187265    1.959113    1.980650    1.789761    1.966697    0.999958    1.093697    1.967446
Iteration: 630 bestvalit: 110.360000 bestmemit:    0.270165    0.010248    0.055423    0.069437    0.583982    0.286407    0.445138    0.474320    0.304828    0.126300    0.239670    0.458609    1.757361    0.037736    0.001733    0.004320    8.717739    6.187265    1.959113    1.980650    1.789761    1.966697    0.999958    1.093697    1.967446
Iteration: 631 bestvalit: 110.360000 bestmemit:    0.270165    0.010248    0.055423    0.069437    0.583982    0.286407    0.445138    0.474320    0.304828    0.126300    0.239670    0.458609    1.757361    0.037736    0.001733    0.004320    8.717739    6.187265    1.959113    1.980650    1.789761    1.966697    0.999958    1.093697    1.967446
Iteration: 632 bestvalit: 110.360000 bestmemit:    0.270165    0.010248    0.055423    0.069437    0.583982    0.286407    0.445138    0.474320    0.304828    0.126300    0.239670    0.458609    1.757361    0.037736    0.001733    0.004320    8.717739    6.187265    1.959113    1.980650    1.789761    1.966697    0.999958    1.093697    1.967446
Iteration: 633 bestvalit: 110.360000 bestmemit:    0.270165    0.010248    0.055423    0.069437    0.583982    0.286407    0.445138    0.474320    0.304828    0.126300    0.239670    0.458609    1.757361    0.037736    0.001733    0.004320    8.717739    6.187265    1.959113    1.980650    1.789761    1.966697    0.999958    1.093697    1.967446
Iteration: 634 bestvalit: 110.360000 bestmemit:    0.270165    0.010248    0.055423    0.069437    0.583982    0.286407    0.445138    0.474320    0.304828    0.126300    0.239670    0.458609    1.757361    0.037736    0.001733    0.004320    8.717739    6.187265    1.959113    1.980650    1.789761    1.966697    0.999958    1.093697    1.967446
Iteration: 635 bestvalit: 110.360000 bestmemit:    0.270165    0.010248    0.055423    0.069437    0.583982    0.286407    0.445138    0.474320    0.304828    0.126300    0.239670    0.458609    1.757361    0.037736    0.001733    0.004320    8.717739    6.187265    1.959113    1.980650    1.789761    1.966697    0.999958    1.093697    1.967446
Iteration: 636 bestvalit: 110.360000 bestmemit:    0.270165    0.010248    0.055423    0.069437    0.583982    0.286407    0.445138    0.474320    0.304828    0.126300    0.239670    0.458609    1.757361    0.037736    0.001733    0.004320    8.717739    6.187265    1.959113    1.980650    1.789761    1.966697    0.999958    1.093697    1.967446
Iteration: 637 bestvalit: 110.360000 bestmemit:    0.270165    0.010248    0.055423    0.069437    0.583982    0.286407    0.445138    0.474320    0.304828    0.126300    0.239670    0.458609    1.757361    0.037736    0.001733    0.004320    8.717739    6.187265    1.959113    1.980650    1.789761    1.966697    0.999958    1.093697    1.967446
Iteration: 638 bestvalit: 110.360000 bestmemit:    0.270165    0.010248    0.055423    0.069437    0.583982    0.286407    0.445138    0.474320    0.304828    0.126300    0.239670    0.458609    1.757361    0.037736    0.001733    0.004320    8.717739    6.187265    1.959113    1.980650    1.789761    1.966697    0.999958    1.093697    1.967446
Iteration: 639 bestvalit: 110.360000 bestmemit:    0.270165    0.010248    0.055423    0.069437    0.583982    0.286407    0.445138    0.474320    0.304828    0.126300    0.239670    0.458609    1.757361    0.037736    0.001733    0.004320    8.717739    6.187265    1.959113    1.980650    1.789761    1.966697    0.999958    1.093697    1.967446
Iteration: 640 bestvalit: 110.360000 bestmemit:    0.270165    0.010248    0.055423    0.069437    0.583982    0.286407    0.445138    0.474320    0.304828    0.126300    0.239670    0.458609    1.757361    0.037736    0.001733    0.004320    8.717739    6.187265    1.959113    1.980650    1.789761    1.966697    0.999958    1.093697    1.967446
Iteration: 641 bestvalit: 110.360000 bestmemit:    0.270165    0.010248    0.055423    0.069437    0.583982    0.286407    0.445138    0.474320    0.304828    0.126300    0.239670    0.458609    1.757361    0.037736    0.001733    0.004320    8.717739    6.187265    1.959113    1.980650    1.789761    1.966697    0.999958    1.093697    1.967446
Iteration: 642 bestvalit: 110.360000 bestmemit:    0.270165    0.010248    0.055423    0.069437    0.583982    0.286407    0.445138    0.474320    0.304828    0.126300    0.239670    0.458609    1.757361    0.037736    0.001733    0.004320    8.717739    6.187265    1.959113    1.980650    1.789761    1.966697    0.999958    1.093697    1.967446
Iteration: 643 bestvalit: 110.360000 bestmemit:    0.270165    0.010248    0.055423    0.069437    0.583982    0.286407    0.445138    0.474320    0.304828    0.126300    0.239670    0.458609    1.757361    0.037736    0.001733    0.004320    8.717739    6.187265    1.959113    1.980650    1.789761    1.966697    0.999958    1.093697    1.967446
Iteration: 644 bestvalit: 110.360000 bestmemit:    0.270165    0.010248    0.055423    0.069437    0.583982    0.286407    0.445138    0.474320    0.304828    0.126300    0.239670    0.458609    1.757361    0.037736    0.001733    0.004320    8.717739    6.187265    1.959113    1.980650    1.789761    1.966697    0.999958    1.093697    1.967446
Iteration: 645 bestvalit: 110.360000 bestmemit:    0.270165    0.010248    0.055423    0.069437    0.583982    0.286407    0.445138    0.474320    0.304828    0.126300    0.239670    0.458609    1.757361    0.037736    0.001733    0.004320    8.717739    6.187265    1.959113    1.980650    1.789761    1.966697    0.999958    1.093697    1.967446
Iteration: 646 bestvalit: 110.360000 bestmemit:    0.270165    0.010248    0.055423    0.069437    0.583982    0.286407    0.445138    0.474320    0.304828    0.126300    0.239670    0.458609    1.757361    0.037736    0.001733    0.004320    8.717739    6.187265    1.959113    1.980650    1.789761    1.966697    0.999958    1.093697    1.967446
Iteration: 647 bestvalit: 110.360000 bestmemit:    0.270165    0.010248    0.055423    0.069437    0.583982    0.286407    0.445138    0.474320    0.304828    0.126300    0.239670    0.458609    1.757361    0.037736    0.001733    0.004320    8.717739    6.187265    1.959113    1.980650    1.789761    1.966697    0.999958    1.093697    1.967446
Iteration: 648 bestvalit: 110.360000 bestmemit:    0.270165    0.010248    0.055423    0.069437    0.583982    0.286407    0.445138    0.474320    0.304828    0.126300    0.239670    0.458609    1.757361    0.037736    0.001733    0.004320    8.717739    6.187265    1.959113    1.980650    1.789761    1.966697    0.999958    1.093697    1.967446
Iteration: 649 bestvalit: 110.165000 bestmemit:    0.270165    0.010248    0.055423    0.069437    0.583982    0.286407    0.445138    0.474320    0.304828    0.126300    0.239670    0.458609    1.757361    0.037736    0.001733    0.004320    8.717739    6.187265    1.853202    1.967422    1.789761    1.966697    0.999958    1.093697    1.967446
Iteration: 650 bestvalit: 110.165000 bestmemit:    0.270165    0.010248    0.055423    0.069437    0.583982    0.286407    0.445138    0.474320    0.304828    0.126300    0.239670    0.458609    1.757361    0.037736    0.001733    0.004320    8.717739    6.187265    1.853202    1.967422    1.789761    1.966697    0.999958    1.093697    1.967446
Iteration: 651 bestvalit: 110.165000 bestmemit:    0.270165    0.010248    0.055423    0.069437    0.583982    0.286407    0.445138    0.474320    0.304828    0.126300    0.239670    0.458609    1.757361    0.037736    0.001733    0.004320    8.717739    6.187265    1.853202    1.967422    1.789761    1.966697    0.999958    1.093697    1.967446
Iteration: 652 bestvalit: 109.930000 bestmemit:    0.270165    0.010248    0.053413    0.069437    0.583982    0.286407    0.445138    0.474320    0.304828    0.126300    0.239670    0.458609    1.757361    0.037736    0.001733    0.004320    8.717739    6.187265    1.853202    1.967422    1.789761    1.966697    0.999958    1.093697    1.967446
Iteration: 653 bestvalit: 109.930000 bestmemit:    0.270165    0.010248    0.053413    0.069437    0.583982    0.286407    0.445138    0.474320    0.304828    0.126300    0.239670    0.458609    1.757361    0.037736    0.001733    0.004320    8.717739    6.187265    1.853202    1.967422    1.789761    1.966697    0.999958    1.093697    1.967446
Iteration: 654 bestvalit: 109.235000 bestmemit:    0.270165    0.010248    0.053413    0.069437    0.583982    0.286407    0.445138    0.474320    0.304828    0.126300    0.239670    0.458609    1.757361    0.037736    0.001733    0.004320    8.717739    8.113008    1.853202    1.967422    1.789761    1.966697    0.999958    1.093697    1.967446
Iteration: 655 bestvalit: 109.235000 bestmemit:    0.270165    0.010248    0.053413    0.069437    0.583982    0.286407    0.445138    0.474320    0.304828    0.126300    0.239670    0.458609    1.757361    0.037736    0.001733    0.004320    8.717739    8.113008    1.853202    1.967422    1.789761    1.966697    0.999958    1.093697    1.967446
Iteration: 656 bestvalit: 109.235000 bestmemit:    0.270165    0.010248    0.053413    0.069437    0.583982    0.286407    0.445138    0.474320    0.304828    0.126300    0.239670    0.458609    1.757361    0.037736    0.001733    0.004320    8.717739    8.113008    1.853202    1.967422    1.789761    1.966697    0.999958    1.093697    1.967446
Iteration: 657 bestvalit: 109.235000 bestmemit:    0.270165    0.010248    0.053413    0.069437    0.583982    0.286407    0.445138    0.474320    0.304828    0.126300    0.239670    0.458609    1.757361    0.037736    0.001733    0.004320    8.717739    8.113008    1.853202    1.967422    1.789761    1.966697    0.999887    1.093697    1.967446
Iteration: 658 bestvalit: 109.235000 bestmemit:    0.270165    0.010248    0.053413    0.069437    0.583982    0.286407    0.445138    0.474320    0.304828    0.126300    0.239670    0.458609    1.757361    0.037736    0.001733    0.004320    8.717739    8.113008    1.853202    1.967422    1.789761    1.966697    0.999887    1.093697    1.967446
Iteration: 659 bestvalit: 109.235000 bestmemit:    0.270165    0.010248    0.053413    0.069437    0.583982    0.286407    0.445138    0.474320    0.304828    0.126300    0.239670    0.458609    1.757361    0.037736    0.001733    0.004320    8.717739    8.113008    1.853202    1.967422    1.789761    1.966697    0.999887    1.093697    1.967446
Iteration: 660 bestvalit: 109.235000 bestmemit:    0.270165    0.010248    0.053413    0.069437    0.583982    0.286407    0.445138    0.474320    0.304828    0.126300    0.239670    0.458609    1.757361    0.037736    0.001733    0.004320    8.717739    8.113008    1.853202    1.967422    1.789761    1.966697    0.999887    1.093697    1.967446
Iteration: 661 bestvalit: 109.235000 bestmemit:    0.270165    0.010248    0.053413    0.069437    0.583982    0.286407    0.445138    0.474320    0.304828    0.126300    0.239670    0.458609    1.757361    0.037736    0.001733    0.004320    8.717739    8.113008    1.853202    1.967422    1.789761    1.966697    0.999887    1.093697    1.967446
Iteration: 662 bestvalit: 109.235000 bestmemit:    0.270165    0.010248    0.053413    0.069437    0.583982    0.286407    0.445138    0.474320    0.304828    0.126300    0.239670    0.458609    1.757361    0.037736    0.001733    0.004320    8.717739    8.113008    1.853202    1.967422    1.789761    1.966697    0.999887    1.093697    1.967446
Iteration: 663 bestvalit: 109.235000 bestmemit:    0.270165    0.010248    0.053413    0.069437    0.583982    0.286407    0.445138    0.474320    0.304828    0.126300    0.239670    0.458609    1.757361    0.037736    0.001733    0.004320    8.717739    8.113008    1.853202    1.967422    1.789761    1.966697    0.999887    1.093697    1.967446
Iteration: 664 bestvalit: 109.235000 bestmemit:    0.270165    0.010248    0.053413    0.069437    0.583982    0.286407    0.445138    0.474320    0.304828    0.126300    0.239670    0.458609    1.757361    0.037736    0.001733    0.004320    8.717739    8.113008    1.853202    1.967422    1.789761    1.966697    0.999887    1.093697    1.967446
Iteration: 665 bestvalit: 109.235000 bestmemit:    0.270165    0.010248    0.053413    0.069437    0.583982    0.286407    0.445138    0.474320    0.304828    0.126300    0.239670    0.458609    1.757361    0.037736    0.001733    0.004320    8.717739    8.113008    1.853202    1.967422    1.789761    1.966697    0.999887    1.093697    1.967446
Iteration: 666 bestvalit: 109.235000 bestmemit:    0.270165    0.010248    0.053413    0.069437    0.583982    0.286407    0.445138    0.474320    0.304828    0.126300    0.239670    0.458609    1.757361    0.037736    0.001733    0.004320    8.717739    8.113008    1.853202    1.967422    1.789761    1.966697    0.999887    1.093697    1.967446
Iteration: 667 bestvalit: 109.235000 bestmemit:    0.270165    0.010248    0.053413    0.069437    0.583982    0.286407    0.445138    0.474320    0.304828    0.126300    0.239670    0.458609    1.757361    0.037736    0.001733    0.004320    8.717739    8.113008    1.853202    1.967422    1.789761    1.966697    0.999887    1.093697    1.967446
Iteration: 668 bestvalit: 109.235000 bestmemit:    0.270165    0.010248    0.053413    0.069437    0.583982    0.286407    0.445138    0.474320    0.304828    0.126300    0.239670    0.458609    1.757361    0.037736    0.001733    0.004320    8.717739    8.113008    1.853202    1.967422    1.789761    1.966697    0.999887    1.093697    1.967446
Iteration: 669 bestvalit: 109.235000 bestmemit:    0.270165    0.010248    0.053413    0.069437    0.583982    0.286407    0.445138    0.474320    0.304828    0.126300    0.239670    0.458609    1.757361    0.037736    0.001733    0.004320    8.717739    8.113008    1.853202    1.967422    1.789761    1.966697    0.999887    1.093697    1.967446
Iteration: 670 bestvalit: 109.235000 bestmemit:    0.270165    0.010248    0.053413    0.069437    0.583982    0.286407    0.445138    0.474320    0.304828    0.126300    0.239670    0.458609    1.757361    0.037736    0.001733    0.004320    8.717739    8.113008    1.853202    1.967422    1.789761    1.966697    0.999887    1.093697    1.967446
Iteration: 671 bestvalit: 109.235000 bestmemit:    0.270165    0.010248    0.053413    0.069437    0.583982    0.286407    0.445138    0.474320    0.304828    0.126300    0.239670    0.458609    1.757361    0.037736    0.001733    0.004320    8.717739    8.113008    1.853202    1.967422    1.789761    1.966697    0.999887    1.093697    1.967446
Iteration: 672 bestvalit: 109.235000 bestmemit:    0.270165    0.010248    0.053413    0.069437    0.583982    0.286407    0.445138    0.474320    0.304828    0.126300    0.239670    0.458609    1.757361    0.037736    0.001733    0.004320    8.717739    8.113008    1.853202    1.967422    1.789761    1.966697    0.999887    1.093697    1.967446
Iteration: 673 bestvalit: 109.235000 bestmemit:    0.270165    0.010248    0.053413    0.069437    0.583982    0.286407    0.445138    0.474320    0.304828    0.126300    0.239670    0.458609    1.757361    0.037736    0.001733    0.004320    8.717739    8.113008    1.853202    1.967422    1.789761    1.966697    0.999887    1.093697    1.967446
Iteration: 674 bestvalit: 109.235000 bestmemit:    0.270165    0.010248    0.053413    0.069437    0.583982    0.286407    0.445138    0.474320    0.304828    0.126300    0.239670    0.458609    1.757361    0.037736    0.001733    0.004320    8.717739    8.113008    1.853202    1.967422    1.789761    1.966697    0.999887    1.093697    1.967446
Iteration: 675 bestvalit: 109.235000 bestmemit:    0.270165    0.010248    0.053413    0.069437    0.583982    0.286407    0.445138    0.474320    0.304828    0.126300    0.239670    0.458609    1.757361    0.037736    0.001733    0.004320    8.717739    8.113008    1.853202    1.967422    1.789761    1.966697    0.999887    1.093697    1.967446
Iteration: 676 bestvalit: 109.235000 bestmemit:    0.270165    0.010248    0.053413    0.069437    0.583982    0.286407    0.445138    0.474320    0.304828    0.126300    0.239670    0.458609    1.757361    0.037736    0.001733    0.004320    8.717739    8.113008    1.853202    1.967422    1.789761    1.966697    0.999887    1.093697    1.967446
Iteration: 677 bestvalit: 109.235000 bestmemit:    0.270165    0.010248    0.053413    0.069437    0.583982    0.286407    0.445138    0.474320    0.304828    0.126300    0.239670    0.458609    1.757361    0.037736    0.001733    0.004320    8.717739    8.113008    1.853202    1.967422    1.789761    1.966697    0.999887    1.093697    1.967446
Iteration: 678 bestvalit: 109.235000 bestmemit:    0.270165    0.010248    0.053413    0.069437    0.583982    0.286407    0.445138    0.474320    0.304828    0.126300    0.239670    0.458609    1.757361    0.037736    0.001733    0.004320    8.717739    8.113008    1.853202    1.967422    1.789761    1.966697    0.999887    1.093697    1.967446
Iteration: 679 bestvalit: 109.235000 bestmemit:    0.270165    0.010248    0.053413    0.069437    0.583982    0.286407    0.445138    0.474320    0.304828    0.126300    0.239670    0.458609    1.757361    0.037736    0.001733    0.004320    8.717739    8.113008    1.853202    1.967422    1.789761    1.966697    0.999887    1.093697    1.967446
Iteration: 680 bestvalit: 109.235000 bestmemit:    0.270165    0.010248    0.053413    0.069437    0.583982    0.286407    0.445138    0.474320    0.304828    0.126300    0.239670    0.458609    1.757361    0.037736    0.001733    0.004320    8.717739    8.113008    1.853202    1.967422    1.789761    1.966697    0.999887    1.093697    1.967446
Iteration: 681 bestvalit: 109.235000 bestmemit:    0.270165    0.010248    0.053413    0.069437    0.583982    0.286407    0.445138    0.474320    0.304828    0.126300    0.239670    0.458609    1.757361    0.037736    0.001733    0.004320    8.717739    8.113008    1.853202    1.967422    1.789761    1.966697    0.999887    1.093697    1.967446
Iteration: 682 bestvalit: 109.235000 bestmemit:    0.270165    0.010248    0.053413    0.069437    0.583982    0.286407    0.445138    0.474320    0.304828    0.126300    0.239670    0.458609    1.757361    0.037736    0.001733    0.004320    8.717739    8.113008    1.853202    1.967422    1.789761    1.966697    0.999887    1.093697    1.967446
Iteration: 683 bestvalit: 109.235000 bestmemit:    0.270165    0.010248    0.053413    0.069437    0.583982    0.286407    0.445138    0.474320    0.304828    0.126300    0.239670    0.458609    1.757361    0.037736    0.001733    0.004320    8.717739    8.113008    1.853202    1.967422    1.789761    1.966697    0.999887    1.093697    1.967446
Iteration: 684 bestvalit: 109.235000 bestmemit:    0.270165    0.010248    0.053413    0.069437    0.583982    0.286407    0.445138    0.474320    0.304828    0.126300    0.239670    0.458609    1.757361    0.037736    0.001733    0.004320    8.717739    8.113008    1.853202    1.967422    1.789761    1.966697    0.999887    1.093697    1.967446
Iteration: 685 bestvalit: 109.235000 bestmemit:    0.270165    0.010248    0.053413    0.069437    0.583982    0.286407    0.445138    0.474320    0.304828    0.126300    0.239670    0.458609    1.757361    0.037736    0.001733    0.004320    8.717739    8.113008    1.853202    1.967422    1.789761    1.966697    0.999887    1.093697    1.967446
Iteration: 686 bestvalit: 109.235000 bestmemit:    0.270165    0.010248    0.053413    0.069437    0.583982    0.286407    0.445138    0.474320    0.304828    0.126300    0.239670    0.458609    1.757361    0.037736    0.001733    0.004320    8.717739    8.113008    1.853202    1.967422    1.789761    1.966697    0.999887    1.093697    1.967446
Iteration: 687 bestvalit: 109.235000 bestmemit:    0.270165    0.010248    0.053413    0.069437    0.583982    0.286407    0.445138    0.474320    0.304828    0.126300    0.239670    0.458609    1.757361    0.037736    0.001733    0.004320    8.717739    8.113008    1.853202    1.967422    1.789761    1.966697    0.999887    1.093697    1.967446
Iteration: 688 bestvalit: 109.235000 bestmemit:    0.270165    0.010248    0.053413    0.069437    0.583982    0.286407    0.445138    0.474320    0.304828    0.126300    0.239670    0.458609    1.757361    0.037736    0.001733    0.004320    8.717739    8.113008    1.853202    1.967422    1.789761    1.966697    0.999887    1.093697    1.967446
Iteration: 689 bestvalit: 109.235000 bestmemit:    0.270165    0.010248    0.053413    0.069437    0.583982    0.286407    0.445138    0.474320    0.304828    0.126300    0.239670    0.458609    1.757361    0.037736    0.001733    0.004320    8.717739    8.113008    1.853202    1.967422    1.789761    1.966697    0.999887    1.093697    1.967446
Iteration: 690 bestvalit: 109.235000 bestmemit:    0.270165    0.010248    0.053413    0.069437    0.583982    0.286407    0.445138    0.474320    0.304828    0.126300    0.239670    0.458609    1.757361    0.037736    0.001733    0.004320    8.717739    8.113008    1.853202    1.967422    1.789761    1.966697    0.999887    1.093697    1.967446
Iteration: 691 bestvalit: 109.235000 bestmemit:    0.270165    0.010248    0.053413    0.069437    0.583982    0.286407    0.445138    0.474320    0.304828    0.126300    0.239670    0.458609    1.757361    0.037736    0.001733    0.004320    8.717739    8.113008    1.853202    1.967422    1.789761    1.966697    0.999887    1.093697    1.967446
Iteration: 692 bestvalit: 109.235000 bestmemit:    0.270165    0.010248    0.053413    0.069437    0.583982    0.286407    0.445138    0.474320    0.304828    0.126300    0.239670    0.458609    1.757361    0.037736    0.001733    0.004320    8.717739    8.113008    1.853202    1.967422    1.789761    1.966697    0.999887    1.093697    1.967446
Iteration: 693 bestvalit: 109.235000 bestmemit:    0.270165    0.010248    0.053413    0.069437    0.583982    0.286407    0.445138    0.474320    0.304828    0.126300    0.239670    0.458609    1.757361    0.037736    0.001733    0.004320    8.717739    8.113008    1.853202    1.967422    1.789761    1.966697    0.999887    1.093697    1.967446
Iteration: 694 bestvalit: 109.235000 bestmemit:    0.270165    0.010248    0.053413    0.069437    0.583982    0.286407    0.445138    0.474320    0.304828    0.126300    0.239670    0.458609    1.757361    0.037736    0.001733    0.004320    8.717739    8.113008    1.853202    1.967422    1.789761    1.966697    0.999887    1.093697    1.967446
Iteration: 695 bestvalit: 109.235000 bestmemit:    0.270165    0.010248    0.053413    0.069437    0.583982    0.286407    0.445138    0.474320    0.304828    0.126300    0.239670    0.458609    1.757361    0.037736    0.001733    0.004320    8.717739    8.113008    1.853202    1.967422    1.789761    1.966697    0.999887    1.093697    1.967446
Iteration: 696 bestvalit: 109.235000 bestmemit:    0.270165    0.010248    0.053413    0.069437    0.583982    0.286407    0.445138    0.474320    0.304828    0.126300    0.239670    0.458609    1.757361    0.037736    0.001733    0.004320    8.717739    8.113008    1.853202    1.967422    1.789761    1.966697    0.999887    1.093697    1.967446
Iteration: 697 bestvalit: 109.235000 bestmemit:    0.270165    0.010248    0.053413    0.069437    0.583982    0.286407    0.445138    0.474320    0.304828    0.126300    0.239670    0.458609    1.757361    0.037736    0.001733    0.004320    8.717739    8.113008    1.853202    1.967422    1.789761    1.966697    0.999887    1.093697    1.967446
Iteration: 698 bestvalit: 109.235000 bestmemit:    0.270165    0.010248    0.053413    0.069437    0.583982    0.286407    0.445138    0.474320    0.304828    0.126300    0.239670    0.458609    1.757361    0.037736    0.001733    0.004320    8.717739    8.113008    1.853202    1.967422    1.789761    1.966697    0.999887    1.093697    1.967446
Iteration: 699 bestvalit: 108.540000 bestmemit:    0.270165    0.010248    0.053413    0.069437    0.583982    0.286407    0.445138    0.474320    0.304828    0.126300    0.239670    0.458609    1.757361    0.037736    0.001444    0.003244    8.717739    8.113008    1.853202    1.967422    1.789761    1.966697    0.999887    1.093697    1.967446
Iteration: 700 bestvalit: 108.540000 bestmemit:    0.270165    0.010248    0.053413    0.069437    0.583982    0.286407    0.445138    0.474320    0.304828    0.126300    0.239670    0.458609    1.757361    0.037736    0.001444    0.003244    8.717739    8.113008    1.853202    1.967422    1.789761    1.966697    0.999887    1.093697    1.967446
Iteration: 701 bestvalit: 108.540000 bestmemit:    0.270165    0.010248    0.053413    0.069437    0.583982    0.286407    0.445138    0.474320    0.304828    0.126300    0.239670    0.458609    1.757361    0.037736    0.001444    0.003244    8.717739    8.113008    1.853202    1.967422    1.789761    1.966697    0.999887    1.093697    1.967446
Iteration: 702 bestvalit: 108.540000 bestmemit:    0.270165    0.010248    0.053413    0.069437    0.583982    0.286407    0.445138    0.474320    0.304828    0.126300    0.239670    0.458609    1.757361    0.037736    0.001444    0.003244    8.717739    8.113008    1.853202    1.967422    1.789761    1.966697    0.999887    1.093697    1.967446
Iteration: 703 bestvalit: 107.800000 bestmemit:    0.270165    0.010248    0.054891    0.069437    0.583982    0.286407    0.445138    0.474320    0.304828    0.126300    0.239670    0.458609    1.757361    0.037736    0.001444    0.003244    8.717739    8.113008    1.853202    1.967422    1.789761    1.966697    0.999887    1.093697    1.967446
Iteration: 704 bestvalit: 107.395000 bestmemit:    0.270165    0.010248    0.054891    0.069437    0.583982    0.286407    0.445138    0.474320    0.304828    0.126300    0.239670    0.458609    1.757361    0.037736    0.001444    0.003244    8.717739    7.210167    1.853202    1.967422    1.789761    1.966697    0.999887    1.093697    1.967446
Iteration: 705 bestvalit: 107.395000 bestmemit:    0.270165    0.010248    0.054891    0.069437    0.583982    0.286407    0.445138    0.474320    0.304828    0.126300    0.239670    0.458609    1.757361    0.037736    0.001444    0.003244    8.717739    7.210167    1.853202    1.967422    1.789761    1.966697    0.999887    1.093697    1.967446
Iteration: 706 bestvalit: 107.395000 bestmemit:    0.270165    0.010248    0.054891    0.069437    0.583982    0.286407    0.445138    0.474320    0.304828    0.126300    0.239670    0.458609    1.757361    0.037736    0.001444    0.003244    8.717739    7.210167    1.853202    1.967422    1.789761    1.966697    0.999887    1.093697    1.967446
Iteration: 707 bestvalit: 107.395000 bestmemit:    0.270165    0.010248    0.054891    0.069437    0.583982    0.286407    0.445138    0.474320    0.304828    0.126300    0.239670    0.458609    1.757361    0.037736    0.001444    0.003244    8.717739    7.210167    1.853202    1.967422    1.789761    1.966697    0.999887    1.093697    1.967446
Iteration: 708 bestvalit: 107.395000 bestmemit:    0.270165    0.010248    0.054891    0.069437    0.583982    0.286407    0.445138    0.474320    0.304828    0.126300    0.239670    0.458609    1.757361    0.037736    0.001444    0.003244    8.717739    7.210167    1.853202    1.967422    1.789761    1.966697    0.999887    1.093697    1.967446
Iteration: 709 bestvalit: 107.160000 bestmemit:    0.270165    0.010248    0.054891    0.069437    0.583982    0.286407    0.445138    0.474320    0.304828    0.126300    0.239670    0.458609    1.757361    0.037736    0.001444    0.003244    8.717739    6.599325    1.853202    1.967422    1.789761    1.966697    0.999887    1.093697    1.967446
Iteration: 710 bestvalit: 107.160000 bestmemit:    0.270165    0.010248    0.054891    0.069437    0.583982    0.286407    0.445138    0.474320    0.304828    0.126300    0.239670    0.458609    1.757361    0.037736    0.001444    0.003244    8.717739    6.599325    1.853202    1.967422    1.789761    1.966697    0.999887    1.093697    1.967446
Iteration: 711 bestvalit: 107.160000 bestmemit:    0.270165    0.010248    0.054891    0.069437    0.583982    0.286407    0.445138    0.474320    0.304828    0.126300    0.239670    0.458609    1.757361    0.037736    0.001444    0.003244    8.717739    6.599325    1.853202    1.967422    1.789761    1.966697    0.999887    1.093697    1.967446
Iteration: 712 bestvalit: 107.160000 bestmemit:    0.270165    0.010248    0.054891    0.069437    0.583982    0.286407    0.445138    0.474320    0.304828    0.126300    0.239670    0.458609    1.757361    0.037736    0.001444    0.003244    8.717739    6.599325    1.853202    1.967422    1.789761    1.966697    0.999887    1.093697    1.967446
Iteration: 713 bestvalit: 107.160000 bestmemit:    0.270165    0.010248    0.054891    0.069437    0.583982    0.286407    0.445138    0.474320    0.304828    0.126300    0.239670    0.458609    1.757361    0.037736    0.001444    0.003244    8.717739    6.599325    1.853202    1.967422    1.789761    1.966697    0.999887    1.093697    1.967446
Iteration: 714 bestvalit: 107.160000 bestmemit:    0.270165    0.010248    0.054891    0.069437    0.583982    0.286407    0.445138    0.474320    0.304828    0.126300    0.239670    0.458609    1.757361    0.037736    0.001444    0.003244    8.717739    6.599325    1.853202    1.967422    1.789761    1.966697    0.999887    1.093697    1.967446
Iteration: 715 bestvalit: 107.160000 bestmemit:    0.270165    0.010248    0.054891    0.069437    0.583982    0.286407    0.445138    0.474320    0.304828    0.126300    0.239670    0.458609    1.757361    0.037736    0.001444    0.003244    8.717739    6.599325    1.853202    1.967422    1.789761    1.966697    0.999887    1.093697    1.967446
Iteration: 716 bestvalit: 107.160000 bestmemit:    0.270165    0.010248    0.054891    0.069437    0.583982    0.286407    0.445138    0.474320    0.304828    0.126300    0.239670    0.458609    1.757361    0.037736    0.001444    0.003244    8.717739    6.599325    1.853202    1.967422    1.789761    1.966697    0.999887    1.093697    1.967446
Iteration: 717 bestvalit: 107.160000 bestmemit:    0.270165    0.010248    0.054891    0.069437    0.583982    0.286407    0.445138    0.474320    0.304828    0.126300    0.239670    0.458609    1.757361    0.037736    0.001444    0.003244    8.717739    6.599325    1.853202    1.967422    1.789761    1.966697    0.999887    1.093697    1.967446
Iteration: 718 bestvalit: 107.160000 bestmemit:    0.270165    0.010248    0.054891    0.069437    0.583982    0.286407    0.445138    0.474320    0.304828    0.126300    0.239670    0.458609    1.757361    0.037736    0.001444    0.003244    8.717739    6.599325    1.853202    1.967422    1.789761    1.966697    0.999887    1.093697    1.967446
Iteration: 719 bestvalit: 107.160000 bestmemit:    0.270165    0.010248    0.054891    0.069437    0.583982    0.286407    0.445138    0.474320    0.304828    0.126300    0.239670    0.458609    1.757361    0.037736    0.001444    0.003244    8.717739    6.599325    1.853202    1.967422    1.789761    1.966697    0.999887    1.093697    1.967446
Iteration: 720 bestvalit: 107.160000 bestmemit:    0.270165    0.010248    0.054891    0.069437    0.583982    0.286407    0.445138    0.474320    0.304828    0.126300    0.239670    0.458609    1.757361    0.037736    0.001444    0.003244    8.717739    6.599325    1.853202    1.967422    1.789761    1.966697    0.999887    1.093697    1.967446
Iteration: 721 bestvalit: 107.160000 bestmemit:    0.270165    0.010248    0.054891    0.069437    0.583982    0.286407    0.445138    0.474320    0.304828    0.126300    0.239670    0.458609    1.757361    0.037736    0.001444    0.003244    8.717739    6.599325    1.853202    1.967422    1.789761    1.966697    0.999887    1.093697    1.967446
Iteration: 722 bestvalit: 106.995000 bestmemit:    0.270165    0.010248    0.054891    0.069437    0.583982    0.286407    0.445138    0.474320    0.304828    0.126300    0.239670    0.458609    1.757361    0.037736    0.001498    0.003244    8.717739    6.599325    1.853202    1.967422    1.789761    1.966697    0.999887    1.093697    1.967446
Iteration: 723 bestvalit: 106.995000 bestmemit:    0.270165    0.010248    0.054891    0.069437    0.583982    0.286407    0.445138    0.474320    0.304828    0.126300    0.239670    0.458609    1.757361    0.037736    0.001498    0.003244    8.717739    6.599325    1.853202    1.967422    1.789761    1.966697    0.999887    1.093697    1.967446
Iteration: 724 bestvalit: 106.995000 bestmemit:    0.270165    0.010248    0.054891    0.069437    0.583982    0.286407    0.445138    0.474320    0.304828    0.126300    0.239670    0.458609    1.757361    0.037736    0.001498    0.003244    8.717739    6.599325    1.853202    1.967422    1.789761    1.966697    0.999887    1.093697    1.967446
Iteration: 725 bestvalit: 106.995000 bestmemit:    0.270165    0.010248    0.054891    0.069437    0.583982    0.286407    0.445138    0.474320    0.304828    0.126300    0.239670    0.458609    1.757361    0.037736    0.001498    0.003244    8.717739    6.599325    1.853202    1.967422    1.789761    1.966697    0.999887    1.093697    1.967446
Iteration: 726 bestvalit: 106.995000 bestmemit:    0.270165    0.010248    0.054891    0.069437    0.583982    0.286407    0.445138    0.474320    0.304828    0.126300    0.239670    0.458609    1.757361    0.037736    0.001498    0.003244    8.717739    6.599325    1.853202    1.967422    1.789761    1.966697    0.999887    1.093697    1.967446
Iteration: 727 bestvalit: 106.995000 bestmemit:    0.270165    0.010248    0.054891    0.069437    0.583982    0.286407    0.445138    0.474320    0.304828    0.126300    0.239670    0.458609    1.757361    0.037736    0.001498    0.003244    8.717739    6.599325    1.853202    1.967422    1.789761    1.966697    0.999887    1.093697    1.967446
Iteration: 728 bestvalit: 106.995000 bestmemit:    0.270165    0.010248    0.054891    0.069437    0.583982    0.286407    0.445138    0.474320    0.304828    0.126300    0.239670    0.458609    1.757361    0.037736    0.001498    0.003244    8.717739    6.599325    1.853202    1.967422    1.789761    1.966697    0.999887    1.093697    1.967446
Iteration: 729 bestvalit: 106.995000 bestmemit:    0.270165    0.010248    0.054891    0.069437    0.583982    0.286407    0.445138    0.474320    0.304828    0.126300    0.239670    0.458609    1.757361    0.037736    0.001498    0.003244    8.717739    6.599325    1.853202    1.967422    1.789761    1.966697    0.999927    1.093697    1.967446
Iteration: 730 bestvalit: 106.995000 bestmemit:    0.270165    0.010248    0.054891    0.069437    0.583982    0.286407    0.445138    0.474320    0.304828    0.126300    0.239670    0.458609    1.757361    0.037736    0.001498    0.003244    8.717739    6.599325    1.853202    1.967422    1.789761    1.966697    0.999927    1.093697    1.967446
Iteration: 731 bestvalit: 106.995000 bestmemit:    0.270165    0.010248    0.054891    0.069437    0.583982    0.286407    0.445138    0.474320    0.304828    0.126300    0.239670    0.458609    1.757361    0.037736    0.001498    0.003244    8.717739    6.599325    1.853202    1.967422    1.789761    1.966697    0.999927    1.093697    1.967446
Iteration: 732 bestvalit: 106.995000 bestmemit:    0.270165    0.010248    0.054891    0.069437    0.583982    0.286407    0.445138    0.474320    0.304828    0.126300    0.239670    0.458609    1.757361    0.037736    0.001498    0.003244    8.717739    6.599325    1.853202    1.967422    1.789761    1.966697    0.999927    1.093697    1.967446
Iteration: 733 bestvalit: 106.995000 bestmemit:    0.270165    0.010248    0.054891    0.069437    0.583982    0.286407    0.445138    0.474320    0.304828    0.126300    0.239670    0.458609    1.757361    0.037736    0.001498    0.003244    8.717739    6.599325    1.853202    1.967422    1.789761    1.966697    0.999927    1.093697    1.967446
Iteration: 734 bestvalit: 106.995000 bestmemit:    0.270165    0.010248    0.054891    0.069437    0.583982    0.286407    0.445138    0.474320    0.304828    0.126300    0.239670    0.458609    1.757361    0.037736    0.001498    0.003244    8.717739    6.599325    1.853202    1.967422    1.789761    1.966697    0.999927    1.093697    1.967446
Iteration: 735 bestvalit: 106.995000 bestmemit:    0.270165    0.010248    0.054891    0.069437    0.583982    0.286407    0.445138    0.474320    0.304828    0.126300    0.239670    0.458609    1.757361    0.037736    0.001498    0.003244    8.717739    6.599325    1.853202    1.967422    1.789761    1.966697    0.999927    1.093697    1.967446
Iteration: 736 bestvalit: 106.995000 bestmemit:    0.270165    0.010248    0.054891    0.069437    0.583982    0.286407    0.445138    0.474320    0.304828    0.126300    0.239670    0.458609    1.757361    0.037736    0.001498    0.003244    8.717739    6.599325    1.853202    1.967422    1.789761    1.966697    0.999927    1.093697    1.967446
Iteration: 737 bestvalit: 106.995000 bestmemit:    0.270165    0.010248    0.054891    0.069437    0.583982    0.286407    0.445138    0.474320    0.304828    0.126300    0.239670    0.458609    1.757361    0.037736    0.001498    0.003244    8.717739    6.599325    1.853202    1.967422    1.789761    1.966697    0.999927    1.093697    1.967446
Iteration: 738 bestvalit: 106.995000 bestmemit:    0.270165    0.010248    0.054891    0.069437    0.583982    0.286407    0.445138    0.474320    0.304828    0.126300    0.239670    0.458609    1.757361    0.037736    0.001498    0.003244    8.717739    6.599325    1.853202    1.967422    1.789761    1.966697    0.999927    1.093697    1.967446
Iteration: 739 bestvalit: 106.995000 bestmemit:    0.270165    0.010248    0.054891    0.069437    0.583982    0.286407    0.445138    0.474320    0.304828    0.126300    0.239670    0.458609    1.757361    0.037736    0.001498    0.003244    8.717739    6.599325    1.853202    1.967422    1.789761    1.966697    0.999927    1.093697    1.967446
Iteration: 740 bestvalit: 106.995000 bestmemit:    0.270165    0.010248    0.054891    0.069437    0.583982    0.286407    0.445138    0.474320    0.304828    0.126300    0.239670    0.458609    1.757361    0.037736    0.001498    0.003244    8.717739    6.599325    1.853202    1.967422    1.789761    1.966697    0.999927    1.093697    1.967446
Iteration: 741 bestvalit: 106.995000 bestmemit:    0.270165    0.010248    0.054891    0.069437    0.583982    0.286407    0.445138    0.474320    0.304828    0.126300    0.239670    0.458609    1.757361    0.037736    0.001498    0.003244    8.717739    6.599325    1.853202    1.967422    1.789761    1.966697    0.999927    1.093697    1.967446
Iteration: 742 bestvalit: 106.995000 bestmemit:    0.270165    0.010248    0.054891    0.069437    0.583982    0.286407    0.445138    0.474320    0.304828    0.126300    0.239670    0.458609    1.757361    0.037736    0.001498    0.003244    8.717739    6.599325    1.853202    1.967422    1.789761    1.966697    0.999927    1.093697    1.967446
Iteration: 743 bestvalit: 106.995000 bestmemit:    0.270165    0.010248    0.054891    0.069437    0.583982    0.286407    0.445138    0.474320    0.304828    0.126300    0.239670    0.458609    1.757361    0.037736    0.001498    0.003244    8.717739    6.599325    1.853202    1.967422    1.789761    1.966697    0.999927    1.093697    1.967446
Iteration: 744 bestvalit: 106.995000 bestmemit:    0.270165    0.010248    0.054891    0.069437    0.583982    0.286407    0.445138    0.474320    0.304828    0.126300    0.239670    0.458609    1.757361    0.037736    0.001498    0.003244    8.717739    6.599325    1.853202    1.967422    1.789761    1.966697    0.999927    1.093697    1.967446
Iteration: 745 bestvalit: 106.995000 bestmemit:    0.270165    0.010248    0.054891    0.069437    0.583982    0.286407    0.445138    0.474320    0.304828    0.126300    0.239670    0.458609    1.757361    0.037736    0.001498    0.003244    8.717739    6.599325    1.853202    1.967422    1.789761    1.966697    0.999927    1.093697    1.967446
Iteration: 746 bestvalit: 106.995000 bestmemit:    0.270165    0.010248    0.054891    0.069437    0.583982    0.286407    0.445138    0.474320    0.304828    0.126300    0.239670    0.458609    1.757361    0.037736    0.001498    0.003244    8.717739    6.599325    1.853202    1.967422    1.789761    1.966697    0.999927    1.093697    1.967446
Iteration: 747 bestvalit: 106.995000 bestmemit:    0.270165    0.010248    0.054891    0.069437    0.583982    0.286407    0.445138    0.474320    0.304828    0.126300    0.239670    0.458609    1.757361    0.037736    0.001498    0.003244    8.717739    6.599325    1.853202    1.967422    1.789761    1.966697    0.999927    1.093697    1.967446
Iteration: 748 bestvalit: 106.995000 bestmemit:    0.270165    0.010248    0.054891    0.069437    0.583982    0.286407    0.445138    0.474320    0.304828    0.126300    0.239670    0.458609    1.757361    0.037736    0.001498    0.003244    8.717739    6.599325    1.853202    1.967422    1.789761    1.966697    0.999927    1.093697    1.967446
Iteration: 749 bestvalit: 106.995000 bestmemit:    0.270165    0.010248    0.054891    0.069437    0.583982    0.286407    0.445138    0.474320    0.304828    0.126300    0.239670    0.458609    1.757361    0.037736    0.001498    0.003244    8.717739    6.599325    1.853202    1.967422    1.789761    1.966697    0.999927    1.093697    1.967446
Iteration: 750 bestvalit: 106.995000 bestmemit:    0.270165    0.010248    0.054891    0.069437    0.583982    0.286407    0.445138    0.474320    0.304828    0.126300    0.239670    0.458609    1.757361    0.037736    0.001498    0.003244    8.717739    6.599325    1.853202    1.967422    1.789761    1.966697    0.999927    1.093697    1.967446
Iteration: 751 bestvalit: 106.995000 bestmemit:    0.270165    0.010248    0.054891    0.069437    0.583982    0.286407    0.445138    0.474320    0.304828    0.126300    0.239670    0.458609    1.757361    0.037736    0.001498    0.003244    8.717739    6.599325    1.853202    1.967422    1.789761    1.966697    0.999927    1.093697    1.967446
Iteration: 752 bestvalit: 106.995000 bestmemit:    0.270165    0.010248    0.054891    0.069437    0.583982    0.286407    0.445138    0.474320    0.304828    0.126300    0.239670    0.458609    1.757361    0.037736    0.001498    0.003244    8.717739    6.599325    1.853202    1.967422    1.789761    1.966697    0.999927    1.093697    1.967446
Iteration: 753 bestvalit: 106.995000 bestmemit:    0.270165    0.010248    0.054891    0.069437    0.583982    0.286407    0.445138    0.474320    0.304828    0.126300    0.239670    0.458609    1.757361    0.037736    0.001498    0.003244    8.717739    6.599325    1.853202    1.967422    1.789761    1.966697    0.999927    1.093697    1.967446
Iteration: 754 bestvalit: 106.985000 bestmemit:    0.270165    0.010248    0.054891    0.069437    0.583982    0.286407    0.445138    0.474320    0.304828    0.126300    0.239670    0.458609    1.757361    0.037874    0.001498    0.003244    8.717739    6.599325    1.853202    1.967422    1.789761    1.966697    0.999927    1.093697    1.967446
Iteration: 755 bestvalit: 106.985000 bestmemit:    0.270165    0.010248    0.054891    0.069437    0.583982    0.286407    0.445138    0.474320    0.304828    0.126300    0.239670    0.458609    1.757361    0.037874    0.001498    0.003244    8.717739    6.599325    1.853202    1.967422    1.789761    1.966697    0.999927    1.093697    1.967446
Iteration: 756 bestvalit: 106.985000 bestmemit:    0.270165    0.010248    0.054891    0.069437    0.583982    0.286407    0.445138    0.474320    0.304828    0.126300    0.239670    0.458609    1.757361    0.037874    0.001498    0.003244    8.717739    6.599325    1.853202    1.967422    1.789761    1.966697    0.999927    1.093697    1.967446
Iteration: 757 bestvalit: 106.705000 bestmemit:    0.270165    0.010248    0.054891    0.069437    0.583982    0.286407    0.445138    0.474320    0.304828    0.126300    0.239670    0.458609    1.757361    0.037874    0.001498    0.003244    8.717739    6.599325    1.853202    1.967422    1.789761    1.966697    0.999927    1.093697    1.989707
Iteration: 758 bestvalit: 106.705000 bestmemit:    0.270165    0.010248    0.054891    0.069437    0.583982    0.286407    0.445138    0.474320    0.304828    0.126300    0.239670    0.458609    1.757361    0.037874    0.001498    0.003244    8.717739    6.599325    1.853202    1.967422    1.789761    1.966697    0.999927    1.093697    1.989707
Iteration: 759 bestvalit: 106.705000 bestmemit:    0.270165    0.010248    0.054891    0.069437    0.583982    0.286407    0.445138    0.474320    0.304828    0.126300    0.239670    0.458609    1.757361    0.037874    0.001498    0.003244    8.717739    6.599325    1.853202    1.967422    1.789761    1.966697    0.999927    1.093697    1.989707
Iteration: 760 bestvalit: 106.705000 bestmemit:    0.270165    0.010248    0.054891    0.069437    0.583982    0.286407    0.445138    0.474320    0.304828    0.126300    0.239670    0.458609    1.757361    0.037874    0.001498    0.003244    8.717739    6.599325    1.853202    1.967422    1.789761    1.966697    0.999927    1.093697    1.989707
Iteration: 761 bestvalit: 106.705000 bestmemit:    0.270165    0.010248    0.054891    0.069437    0.583982    0.286407    0.445138    0.474320    0.304828    0.126300    0.239670    0.458609    1.757361    0.037874    0.001498    0.003244    8.717739    6.599325    1.853202    1.967422    1.789761    1.966697    0.999927    1.093697    1.989707
Iteration: 762 bestvalit: 106.705000 bestmemit:    0.270165    0.010248    0.054891    0.069437    0.583982    0.286407    0.445138    0.474320    0.304828    0.126300    0.239670    0.458609    1.757361    0.037874    0.001498    0.003244    8.717739    6.599325    1.853202    1.967422    1.789761    1.966697    0.999927    1.093697    1.989707
Iteration: 763 bestvalit: 106.705000 bestmemit:    0.270165    0.010248    0.054891    0.069437    0.583982    0.286407    0.445138    0.474320    0.304828    0.126300    0.239670    0.458609    1.757361    0.037874    0.001498    0.003244    8.717739    6.599325    1.853202    1.967422    1.789761    1.966697    0.999927    1.093697    1.989707
Iteration: 764 bestvalit: 106.705000 bestmemit:    0.270165    0.010248    0.054891    0.069437    0.583982    0.286407    0.445138    0.474320    0.304828    0.126300    0.239670    0.458609    1.757361    0.037874    0.001498    0.003244    8.717739    6.599325    1.853202    1.967422    1.789761    1.966697    0.999927    1.093697    1.989707
Iteration: 765 bestvalit: 106.705000 bestmemit:    0.270165    0.010248    0.054891    0.069437    0.583982    0.286407    0.445138    0.474320    0.304828    0.126300    0.239670    0.458609    1.757361    0.037874    0.001498    0.003244    8.717739    6.599325    1.853202    1.967422    1.789761    1.966697    0.999927    1.093697    1.989707
Iteration: 766 bestvalit: 106.705000 bestmemit:    0.270165    0.010248    0.054891    0.069437    0.583982    0.286407    0.445138    0.474320    0.304828    0.126300    0.239670    0.458609    1.757361    0.037874    0.001498    0.003244    8.717739    6.599325    1.853202    1.967422    1.789761    1.966697    0.999927    1.093697    1.989707
Iteration: 767 bestvalit: 106.705000 bestmemit:    0.270165    0.010248    0.054891    0.069437    0.583982    0.286407    0.445138    0.474320    0.304828    0.126300    0.239670    0.458609    1.757361    0.037874    0.001498    0.003244    8.717739    6.599325    1.853202    1.967422    1.789761    1.966697    0.999927    1.093697    1.989707
Iteration: 768 bestvalit: 106.705000 bestmemit:    0.270165    0.010248    0.054891    0.069437    0.583982    0.286407    0.445138    0.474320    0.304828    0.126300    0.239670    0.458609    1.757361    0.037874    0.001498    0.003244    8.717739    6.599325    1.853202    1.967422    1.789761    1.966697    0.999927    1.093697    1.989707
Iteration: 769 bestvalit: 106.705000 bestmemit:    0.270165    0.010248    0.054891    0.069437    0.583982    0.286407    0.445138    0.474320    0.304828    0.126300    0.239670    0.458609    1.757361    0.037874    0.001498    0.003244    8.717739    6.599325    1.853202    1.967422    1.789761    1.966697    0.999927    1.093697    1.989707
Iteration: 770 bestvalit: 106.705000 bestmemit:    0.270165    0.010248    0.054891    0.069437    0.583982    0.286407    0.445138    0.474320    0.304828    0.126300    0.239670    0.458609    1.757361    0.037874    0.001498    0.003244    8.717739    6.599325    1.853202    1.967422    1.789761    1.966697    0.999927    1.093697    1.989707
Iteration: 771 bestvalit: 106.705000 bestmemit:    0.270165    0.010248    0.054891    0.069437    0.583982    0.286407    0.445138    0.474320    0.304828    0.126300    0.239670    0.458609    1.757361    0.037874    0.001498    0.003244    8.717739    6.599325    1.853202    1.967422    1.789761    1.966697    0.999927    1.093697    1.989707
Iteration: 772 bestvalit: 106.705000 bestmemit:    0.270165    0.010248    0.054891    0.069437    0.583982    0.286407    0.445138    0.474320    0.304828    0.126300    0.239670    0.458609    1.757361    0.037874    0.001498    0.003244    8.717739    6.599325    1.853202    1.967422    1.789761    1.966697    0.999927    1.093697    1.989707
Iteration: 773 bestvalit: 106.705000 bestmemit:    0.270165    0.010248    0.054891    0.069437    0.583982    0.286407    0.445138    0.474320    0.304828    0.126300    0.239670    0.458609    1.757361    0.037874    0.001498    0.003244    8.717739    6.599325    1.853202    1.967422    1.789761    1.966697    0.999927    1.093697    1.989707
Iteration: 774 bestvalit: 106.705000 bestmemit:    0.270165    0.010248    0.054891    0.069437    0.583982    0.286407    0.445138    0.474320    0.304828    0.126300    0.239670    0.458609    1.757361    0.037874    0.001498    0.003244    8.717739    6.599325    1.853202    1.967422    1.789761    1.966697    0.999927    1.093697    1.989707
Iteration: 775 bestvalit: 106.705000 bestmemit:    0.270165    0.010248    0.054891    0.069437    0.583982    0.286407    0.445138    0.474320    0.304828    0.126300    0.239670    0.458609    1.757361    0.037874    0.001498    0.003244    8.717739    6.599325    1.853202    1.967422    1.789761    1.966697    0.999927    1.093697    1.989707
Iteration: 776 bestvalit: 106.705000 bestmemit:    0.270165    0.010248    0.054891    0.069437    0.583982    0.286407    0.445138    0.474320    0.304828    0.126300    0.239670    0.458609    1.757361    0.037874    0.001498    0.003244    8.717739    6.599325    1.853202    1.967422    1.789761    1.966697    0.999927    1.093697    1.989707
Iteration: 777 bestvalit: 106.705000 bestmemit:    0.270165    0.010248    0.054891    0.069437    0.583982    0.286407    0.445138    0.474320    0.304828    0.126300    0.239670    0.458609    1.757361    0.037874    0.001498    0.003244    8.717739    6.599325    1.853202    1.967422    1.789761    1.966697    0.999927    1.093697    1.989707
Iteration: 778 bestvalit: 106.705000 bestmemit:    0.270165    0.010248    0.054891    0.069437    0.583982    0.286407    0.445138    0.474320    0.304828    0.126300    0.239670    0.458609    1.757361    0.037874    0.001498    0.003244    8.717739    6.599325    1.853202    1.967422    1.789761    1.966697    0.999927    1.093697    1.989707
Iteration: 779 bestvalit: 106.705000 bestmemit:    0.270165    0.010248    0.054891    0.069437    0.583982    0.286407    0.445138    0.474320    0.304828    0.126300    0.239670    0.458609    1.757361    0.037874    0.001498    0.003244    8.717739    6.599325    1.853202    1.967422    1.789761    1.966697    0.999927    1.093697    1.989707
Iteration: 780 bestvalit: 106.705000 bestmemit:    0.270165    0.010248    0.054891    0.069437    0.583982    0.286407    0.445138    0.474320    0.304828    0.126300    0.239670    0.458609    1.757361    0.037874    0.001498    0.003244    8.717739    6.599325    1.853202    1.967422    1.789761    1.966697    0.999927    1.093697    1.989707
Iteration: 781 bestvalit: 106.705000 bestmemit:    0.270165    0.010248    0.054891    0.069437    0.583982    0.286407    0.445138    0.474320    0.304828    0.126300    0.239670    0.458609    1.757361    0.037874    0.001498    0.003244    8.717739    6.599325    1.853202    1.967422    1.789761    1.966697    0.999927    1.093697    1.989707
Iteration: 782 bestvalit: 106.705000 bestmemit:    0.270165    0.010248    0.054891    0.069437    0.583982    0.286407    0.445138    0.474320    0.304828    0.126300    0.239670    0.458609    1.757361    0.037874    0.001498    0.003244    8.717739    6.599325    1.853202    1.967422    1.789761    1.966697    0.999927    1.093697    1.989707
Iteration: 783 bestvalit: 106.705000 bestmemit:    0.270165    0.010248    0.054891    0.069437    0.583982    0.286407    0.445138    0.474320    0.304828    0.126300    0.239670    0.458609    1.757361    0.037874    0.001498    0.003244    8.717739    6.599325    1.853202    1.967422    1.789761    1.966697    0.999927    1.093697    1.989707
Iteration: 784 bestvalit: 106.705000 bestmemit:    0.270165    0.010248    0.054891    0.069437    0.583982    0.286407    0.445138    0.474320    0.304828    0.126300    0.239670    0.458609    1.757361    0.037874    0.001498    0.003244    8.717739    6.599325    1.853202    1.967422    1.789761    1.966697    0.999927    1.093697    1.989707
Iteration: 785 bestvalit: 106.705000 bestmemit:    0.270165    0.010248    0.054891    0.069437    0.583982    0.286407    0.445138    0.474320    0.304828    0.126300    0.239670    0.458609    1.757361    0.037874    0.001498    0.003244    8.717739    6.599325    1.853202    1.967422    1.789761    1.966697    0.999927    1.093697    1.989707
Iteration: 786 bestvalit: 106.415000 bestmemit:    0.270165    0.010248    0.054891    0.067387    0.583982    0.286407    0.445138    0.474320    0.304828    0.126300    0.239670    0.458609    1.757361    0.037874    0.001498    0.003244    8.717739    6.599325    1.853202    1.967422    1.789761    1.966697    0.999927    1.093697    1.989707
Iteration: 787 bestvalit: 106.415000 bestmemit:    0.270165    0.010248    0.054891    0.067387    0.583982    0.286407    0.445138    0.474320    0.304828    0.126300    0.239670    0.458609    1.757361    0.037874    0.001498    0.003244    8.717739    6.599325    1.853202    1.967422    1.789761    1.966697    0.999927    1.093697    1.989707
Iteration: 788 bestvalit: 106.415000 bestmemit:    0.270165    0.010248    0.054891    0.067387    0.583982    0.286407    0.445138    0.474320    0.304828    0.126300    0.239670    0.458609    1.757361    0.037874    0.001498    0.003244    8.717739    6.599325    1.853202    1.967422    1.789761    1.966697    0.999927    1.093697    1.989707
Iteration: 789 bestvalit: 106.415000 bestmemit:    0.270165    0.010248    0.054891    0.067387    0.583982    0.286407    0.445138    0.474320    0.304828    0.126300    0.239670    0.458609    1.757361    0.037874    0.001498    0.003244    8.717739    6.599325    1.853202    1.967422    1.789761    1.966697    0.999927    1.093697    1.989707
Iteration: 790 bestvalit: 106.415000 bestmemit:    0.270165    0.010248    0.054891    0.067387    0.583982    0.286407    0.445138    0.474320    0.304828    0.126300    0.239670    0.458609    1.757361    0.037874    0.001498    0.003244    8.717739    6.599325    1.853202    1.967422    1.789761    1.966697    0.999927    1.093697    1.989707
Iteration: 791 bestvalit: 106.415000 bestmemit:    0.270165    0.010248    0.054891    0.067387    0.583982    0.286407    0.445138    0.474320    0.304828    0.126300    0.239670    0.458609    1.757361    0.037874    0.001498    0.003244    8.717739    6.599325    1.853202    1.967422    1.789761    1.966697    0.999927    1.093697    1.989707
Iteration: 792 bestvalit: 106.415000 bestmemit:    0.270165    0.010248    0.054891    0.067387    0.583982    0.286407    0.445138    0.474320    0.304828    0.126300    0.239670    0.458609    1.757361    0.037874    0.001498    0.003244    8.717739    6.599325    1.853202    1.967422    1.789761    1.966697    0.999927    1.093697    1.989707
Iteration: 793 bestvalit: 106.415000 bestmemit:    0.270165    0.010248    0.054891    0.067387    0.583982    0.286407    0.445138    0.474320    0.304828    0.126300    0.239670    0.458609    1.757361    0.037874    0.001498    0.003244    8.717739    6.599325    1.853202    1.967422    1.789761    1.966697    0.999927    1.093697    1.989707
Iteration: 794 bestvalit: 106.415000 bestmemit:    0.270165    0.010248    0.054891    0.067387    0.583982    0.286407    0.445138    0.474320    0.304828    0.126300    0.239670    0.458609    1.757361    0.037874    0.001498    0.003244    8.717739    6.599325    1.853202    1.967422    1.789761    1.966697    0.999927    1.093697    1.989707
Iteration: 795 bestvalit: 106.415000 bestmemit:    0.270165    0.010248    0.054891    0.067387    0.583982    0.286407    0.445138    0.474320    0.304828    0.126300    0.239670    0.458609    1.757361    0.037874    0.001498    0.003244    8.717739    6.599325    1.853202    1.967422    1.789761    1.966697    0.999927    1.093697    1.989707
Iteration: 796 bestvalit: 106.415000 bestmemit:    0.270165    0.010248    0.054891    0.067387    0.583982    0.286407    0.445138    0.474320    0.304828    0.126300    0.239670    0.458609    1.757361    0.037874    0.001498    0.003244    8.717739    6.599325    1.853202    1.967422    1.789761    1.966697    0.999927    1.093697    1.989707
Iteration: 797 bestvalit: 106.415000 bestmemit:    0.270165    0.010248    0.054891    0.067387    0.583982    0.286407    0.445138    0.474320    0.304828    0.126300    0.239670    0.458609    1.757361    0.037874    0.001498    0.003244    8.717739    6.599325    1.853202    1.967422    1.789761    1.966697    0.999927    1.093697    1.989707
Iteration: 798 bestvalit: 106.415000 bestmemit:    0.270165    0.010248    0.054891    0.067387    0.583982    0.286407    0.445138    0.474320    0.304828    0.126300    0.239670    0.458609    1.757361    0.037874    0.001498    0.003244    8.717739    6.599325    1.853202    1.967422    1.789761    1.966697    0.999927    1.093697    1.989707
Iteration: 799 bestvalit: 106.415000 bestmemit:    0.270165    0.010248    0.054891    0.067387    0.583982    0.286407    0.445138    0.474320    0.304828    0.126300    0.239670    0.458609    1.757361    0.037874    0.001498    0.003244    8.717739    6.599325    1.853202    1.967422    1.789761    1.966697    0.999927    1.093697    1.989707
Iteration: 800 bestvalit: 106.415000 bestmemit:    0.270165    0.010248    0.054891    0.067387    0.583982    0.286407    0.445138    0.474320    0.304828    0.126300    0.239670    0.458609    1.757361    0.037874    0.001498    0.003244    8.717739    6.599325    1.853202    1.967422    1.789761    1.966697    0.999927    1.093697    1.989707
Iteration: 801 bestvalit: 106.415000 bestmemit:    0.270165    0.010248    0.054891    0.067387    0.583982    0.286407    0.445138    0.474320    0.304828    0.126300    0.239670    0.458609    1.757361    0.037874    0.001498    0.003244    8.717739    6.599325    1.853202    1.967422    1.789761    1.966697    0.999927    1.093697    1.989707
Iteration: 802 bestvalit: 106.415000 bestmemit:    0.270165    0.010248    0.054891    0.067387    0.583982    0.286407    0.445138    0.474320    0.304828    0.126300    0.239670    0.458609    1.757361    0.037874    0.001498    0.003244    8.717739    6.599325    1.853202    1.967422    1.789761    1.966697    0.999927    1.093697    1.989707
Iteration: 803 bestvalit: 106.415000 bestmemit:    0.270165    0.010248    0.054891    0.067387    0.583982    0.286407    0.445138    0.474320    0.304828    0.126300    0.239670    0.458609    1.757361    0.037874    0.001498    0.003244    8.717739    6.599325    1.853202    1.967422    1.789761    1.966697    0.999927    1.093697    1.989707
Iteration: 804 bestvalit: 106.415000 bestmemit:    0.270165    0.010248    0.054891    0.067387    0.583982    0.286407    0.445138    0.474320    0.304828    0.126300    0.239670    0.458609    1.757361    0.037874    0.001498    0.003244    8.717739    6.599325    1.853202    1.967422    1.789761    1.966697    0.999927    1.093697    1.989707
Iteration: 805 bestvalit: 106.415000 bestmemit:    0.270165    0.010248    0.054891    0.067387    0.583982    0.286407    0.445138    0.474320    0.304828    0.126300    0.239670    0.458609    1.757361    0.037874    0.001498    0.003244    8.717739    6.599325    1.853202    1.967422    1.789761    1.966697    0.999927    1.093697    1.989707
Iteration: 806 bestvalit: 106.415000 bestmemit:    0.270165    0.010248    0.054891    0.067387    0.583982    0.286407    0.445138    0.474320    0.304828    0.126300    0.239670    0.458609    1.757361    0.037874    0.001498    0.003244    8.717739    6.599325    1.853202    1.967422    1.789761    1.966697    0.999927    1.093697    1.989707
Iteration: 807 bestvalit: 106.415000 bestmemit:    0.270165    0.010248    0.054891    0.067387    0.583982    0.286407    0.445138    0.474320    0.304828    0.126300    0.239670    0.458609    1.757361    0.037874    0.001498    0.003244    8.717739    6.599325    1.853202    1.967422    1.789761    1.966697    0.999927    1.093697    1.989707
Iteration: 808 bestvalit: 105.665000 bestmemit:    0.270165    0.010248    0.054891    0.067387    0.583982    0.286407    0.445138    0.474320    0.304828    0.126300    0.239670    0.458609    1.757361    0.037874    0.001498    0.003244    8.886096    5.771867    1.853202    1.967422    1.789761    1.966697    0.999927    1.093697    1.989707
Iteration: 809 bestvalit: 105.665000 bestmemit:    0.270165    0.010248    0.054891    0.067387    0.583982    0.286407    0.445138    0.474320    0.304828    0.126300    0.239670    0.458609    1.757361    0.037874    0.001498    0.003244    8.886096    5.771867    1.853202    1.967422    1.789761    1.966697    0.999927    1.093697    1.989707
Iteration: 810 bestvalit: 105.665000 bestmemit:    0.270165    0.010248    0.054891    0.067387    0.583982    0.286407    0.445138    0.474320    0.304828    0.126300    0.239670    0.458609    1.757361    0.037874    0.001498    0.003244    8.886096    5.771867    1.853202    1.967422    1.789761    1.966697    0.999927    1.093697    1.989707
Iteration: 811 bestvalit: 105.665000 bestmemit:    0.270165    0.010248    0.054891    0.067387    0.583982    0.286407    0.445138    0.474320    0.304828    0.126300    0.239670    0.458609    1.757361    0.037874    0.001498    0.003244    8.886096    5.771867    1.853202    1.967422    1.789761    1.966697    0.999927    1.093697    1.989707
Iteration: 812 bestvalit: 105.665000 bestmemit:    0.270165    0.010248    0.054891    0.067387    0.583982    0.286407    0.445138    0.474320    0.304828    0.126300    0.239670    0.458609    1.757361    0.037874    0.001498    0.003244    8.886096    5.771867    1.853202    1.967422    1.789761    1.966697    0.999927    1.093697    1.989707
Iteration: 813 bestvalit: 105.665000 bestmemit:    0.270165    0.010248    0.054891    0.067387    0.583982    0.286407    0.445138    0.474320    0.304828    0.126300    0.239670    0.458609    1.757361    0.037874    0.001498    0.003244    8.886096    5.771867    1.853202    1.967422    1.789761    1.966697    0.999927    1.093697    1.989707
Iteration: 814 bestvalit: 105.665000 bestmemit:    0.270165    0.010248    0.054891    0.067387    0.583982    0.286407    0.445138    0.474320    0.304828    0.126300    0.239670    0.458609    1.757361    0.037874    0.001498    0.003244    8.886096    5.771867    1.853202    1.967422    1.789761    1.966697    0.999927    1.093697    1.989707
Iteration: 815 bestvalit: 105.665000 bestmemit:    0.270165    0.010248    0.054891    0.067387    0.583982    0.286407    0.445138    0.474320    0.304828    0.126300    0.239670    0.458609    1.757361    0.037874    0.001498    0.003244    8.886096    5.771867    1.853202    1.967422    1.789761    1.966697    0.999927    1.093697    1.989707
Iteration: 816 bestvalit: 105.665000 bestmemit:    0.270165    0.010248    0.054891    0.067387    0.583982    0.286407    0.445138    0.474320    0.304828    0.126300    0.239670    0.458609    1.757361    0.037874    0.001498    0.003244    8.886096    5.771867    1.853202    1.967422    1.789761    1.966697    0.999927    1.093697    1.989707
Iteration: 817 bestvalit: 105.665000 bestmemit:    0.270165    0.010248    0.054891    0.067387    0.583982    0.286407    0.445138    0.474320    0.304828    0.126300    0.239670    0.458609    1.757361    0.037874    0.001498    0.003244    8.886096    5.771867    1.853202    1.967422    1.789761    1.966697    0.999927    1.093697    1.989707
Iteration: 818 bestvalit: 105.665000 bestmemit:    0.270165    0.010248    0.054891    0.067387    0.583982    0.286407    0.445138    0.474320    0.304828    0.126300    0.239670    0.458609    1.757361    0.037874    0.001498    0.003244    8.886096    5.771867    1.853202    1.967422    1.789761    1.966697    0.999927    1.093697    1.989707
Iteration: 819 bestvalit: 105.655000 bestmemit:    0.270165    0.010248    0.054891    0.067387    0.583982    0.286407    0.445138    0.474320    0.304828    0.126300    0.239670    0.458609    1.757361    0.037874    0.001498    0.003244    9.331028    5.771867    1.853202    1.967422    1.789761    1.966697    0.999927    1.093697    1.989707
Iteration: 820 bestvalit: 105.655000 bestmemit:    0.270165    0.010248    0.054891    0.067387    0.583982    0.286407    0.445138    0.474320    0.304828    0.126300    0.239670    0.458609    1.757361    0.037874    0.001498    0.003244    9.331028    5.771867    1.853202    1.967422    1.789761    1.966697    0.999927    1.093697    1.989707
Iteration: 821 bestvalit: 105.655000 bestmemit:    0.270165    0.010248    0.054891    0.067387    0.583982    0.286407    0.445138    0.474320    0.304828    0.126300    0.239670    0.458609    1.757361    0.037874    0.001498    0.003244    9.331028    5.771867    1.853202    1.967422    1.789761    1.966697    0.999927    1.093697    1.989707
Iteration: 822 bestvalit: 105.655000 bestmemit:    0.270165    0.010248    0.054891    0.067387    0.583982    0.286407    0.445138    0.474320    0.304828    0.126300    0.239670    0.458609    1.757361    0.037874    0.001498    0.003244    9.331028    5.771867    1.853202    1.967422    1.789761    1.966697    0.999927    1.093697    1.989707
Iteration: 823 bestvalit: 105.655000 bestmemit:    0.270165    0.010248    0.054891    0.067387    0.583982    0.286407    0.445138    0.474320    0.304828    0.126300    0.239670    0.458609    1.757361    0.037874    0.001498    0.003244    9.331028    5.771867    1.853202    1.967422    1.789761    1.966697    0.999927    1.093697    1.989707
Iteration: 824 bestvalit: 105.655000 bestmemit:    0.270165    0.010248    0.054891    0.067387    0.583982    0.286407    0.445138    0.474320    0.304828    0.126300    0.239670    0.458609    1.757361    0.037874    0.001498    0.003244    9.331028    5.771867    1.853202    1.967422    1.789761    1.966697    0.999927    1.093697    1.989707
Iteration: 825 bestvalit: 105.655000 bestmemit:    0.270165    0.010248    0.054891    0.067387    0.583982    0.286407    0.445138    0.474320    0.304828    0.126300    0.239670    0.458609    1.757361    0.037874    0.001498    0.003244    9.331028    5.771867    1.853202    1.967422    1.789761    1.966697    0.999927    1.093697    1.989707
Iteration: 826 bestvalit: 105.655000 bestmemit:    0.270165    0.010248    0.054891    0.067387    0.583982    0.286407    0.445138    0.474320    0.304828    0.126300    0.239670    0.458609    1.757361    0.037874    0.001498    0.003244    9.331028    5.771867    1.853202    1.967422    1.789761    1.966697    0.999927    1.093697    1.989707
Iteration: 827 bestvalit: 105.655000 bestmemit:    0.270165    0.010248    0.054891    0.067387    0.583982    0.286407    0.445138    0.474320    0.304828    0.126300    0.239670    0.458609    1.757361    0.037874    0.001498    0.003244    9.331028    5.771867    1.853202    1.967422    1.789761    1.966697    0.999927    1.093697    1.989707
Iteration: 828 bestvalit: 105.655000 bestmemit:    0.270165    0.010248    0.054891    0.067387    0.583982    0.286407    0.445138    0.474320    0.304828    0.126300    0.239670    0.458609    1.757361    0.037874    0.001498    0.003244    9.331028    5.771867    1.853202    1.967422    1.789761    1.966697    0.999927    1.093697    1.989707
Iteration: 829 bestvalit: 105.655000 bestmemit:    0.270165    0.010248    0.054891    0.067387    0.583982    0.286407    0.445138    0.474320    0.304828    0.126300    0.239670    0.458609    1.757361    0.037874    0.001498    0.003244    9.331028    5.771867    1.853202    1.967422    1.789761    1.966697    0.999927    1.093697    1.989707
Iteration: 830 bestvalit: 105.655000 bestmemit:    0.270165    0.010248    0.054891    0.067387    0.583982    0.286407    0.445138    0.474320    0.304828    0.126300    0.239670    0.458609    1.757361    0.037874    0.001498    0.003244    9.331028    5.771867    1.853202    1.967422    1.789761    1.966697    0.999927    1.093697    1.989707
Iteration: 831 bestvalit: 105.655000 bestmemit:    0.270165    0.010248    0.054891    0.067387    0.583982    0.286407    0.445138    0.474320    0.304828    0.126300    0.239670    0.458609    1.757361    0.037874    0.001498    0.003244    9.331028    5.771867    1.853202    1.967422    1.789761    1.966697    0.999927    1.093697    1.989707
Iteration: 832 bestvalit: 105.655000 bestmemit:    0.270165    0.010248    0.054891    0.067387    0.583982    0.286407    0.445138    0.474320    0.304828    0.126300    0.239670    0.458609    1.757361    0.037874    0.001498    0.003244    9.331028    5.771867    1.853202    1.967422    1.789761    1.966697    0.999927    1.093697    1.989707
Iteration: 833 bestvalit: 105.655000 bestmemit:    0.270165    0.010248    0.054891    0.067387    0.583982    0.286407    0.445138    0.474320    0.304828    0.126300    0.239670    0.458609    1.757361    0.037874    0.001498    0.003244    9.331028    5.771867    1.853202    1.967422    1.789761    1.966697    0.999927    1.093697    1.989707
Iteration: 834 bestvalit: 105.655000 bestmemit:    0.270165    0.010248    0.054891    0.067387    0.583982    0.286407    0.445138    0.474320    0.304828    0.126300    0.239670    0.458609    1.757361    0.037874    0.001498    0.003244    9.331028    5.771867    1.853202    1.967422    1.789761    1.966697    0.999927    1.093697    1.989707
Iteration: 835 bestvalit: 105.655000 bestmemit:    0.270165    0.010248    0.054891    0.067387    0.583982    0.286407    0.445138    0.474320    0.304828    0.126300    0.239670    0.458609    1.757361    0.037874    0.001498    0.003244    9.331028    5.771867    1.853202    1.967422    1.789761    1.966697    0.999927    1.093697    1.989707
Iteration: 836 bestvalit: 105.655000 bestmemit:    0.270165    0.010248    0.054891    0.067387    0.583982    0.286407    0.445138    0.474320    0.304828    0.126300    0.239670    0.458609    1.757361    0.037874    0.001498    0.003244    9.331028    5.771867    1.853202    1.967422    1.789761    1.966697    0.999927    1.093697    1.989707
Iteration: 837 bestvalit: 105.655000 bestmemit:    0.270165    0.010248    0.054891    0.067387    0.583982    0.286407    0.445138    0.474320    0.304828    0.126300    0.239670    0.458609    1.757361    0.037874    0.001498    0.003244    9.331028    5.771867    1.853202    1.967422    1.789761    1.966697    0.999927    1.093697    1.989707
Iteration: 838 bestvalit: 105.655000 bestmemit:    0.270165    0.010248    0.054891    0.067387    0.583982    0.286407    0.445138    0.474320    0.304828    0.126300    0.239670    0.458609    1.757361    0.037874    0.001498    0.003244    9.331028    5.771867    1.853202    1.967422    1.789761    1.966697    0.999927    1.093697    1.989707
Iteration: 839 bestvalit: 105.655000 bestmemit:    0.270165    0.010248    0.054891    0.067387    0.583982    0.286407    0.445138    0.474320    0.304828    0.126300    0.239670    0.458609    1.757361    0.037874    0.001498    0.003244    9.331028    5.771867    1.853202    1.967422    1.789761    1.966697    0.999927    1.093697    1.989707
Iteration: 840 bestvalit: 105.655000 bestmemit:    0.270165    0.010248    0.054891    0.067387    0.583982    0.286407    0.445138    0.474320    0.304828    0.126300    0.239670    0.458609    1.757361    0.037874    0.001498    0.003244    9.331028    5.771867    1.853202    1.967422    1.789761    1.966697    0.999927    1.093697    1.989707
Iteration: 841 bestvalit: 105.655000 bestmemit:    0.270165    0.010248    0.054891    0.067387    0.583982    0.286407    0.445138    0.474320    0.304828    0.126300    0.239670    0.458609    1.757361    0.037874    0.001498    0.003244    9.331028    5.771867    1.853202    1.967422    1.789761    1.966697    0.999927    1.093697    1.989707
Iteration: 842 bestvalit: 105.655000 bestmemit:    0.270165    0.010248    0.054891    0.067387    0.583982    0.286407    0.445138    0.474320    0.304828    0.126300    0.239670    0.458609    1.757361    0.037874    0.001498    0.003244    9.331028    5.771867    1.853202    1.967422    1.789761    1.966697    0.999927    1.093697    1.989707
Iteration: 843 bestvalit: 105.655000 bestmemit:    0.270165    0.010248    0.054891    0.067387    0.583982    0.286407    0.445138    0.474320    0.304828    0.126300    0.239670    0.458609    1.757361    0.037874    0.001498    0.003244    9.331028    5.771867    1.853202    1.967422    1.789761    1.966697    0.999927    1.093697    1.989707
Iteration: 844 bestvalit: 105.655000 bestmemit:    0.270165    0.010248    0.054891    0.067387    0.583982    0.286407    0.445138    0.474320    0.304828    0.126300    0.239670    0.458609    1.757361    0.037874    0.001498    0.003244    9.331028    5.771867    1.853202    1.967422    1.789761    1.966697    0.999927    1.093697    1.989707
Iteration: 845 bestvalit: 105.655000 bestmemit:    0.270165    0.010248    0.054891    0.067387    0.583982    0.286407    0.445138    0.474320    0.304828    0.126300    0.239670    0.458609    1.757361    0.037874    0.001498    0.003244    9.331028    5.771867    1.853202    1.967422    1.789761    1.966697    0.999927    1.093697    1.989707
Iteration: 846 bestvalit: 105.655000 bestmemit:    0.270165    0.010248    0.054891    0.067387    0.583982    0.286407    0.445138    0.474320    0.304828    0.126300    0.239670    0.458609    1.757361    0.037874    0.001498    0.003244    9.331028    5.771867    1.853202    1.967422    1.789761    1.966697    0.999927    1.093697    1.989707
Iteration: 847 bestvalit: 105.655000 bestmemit:    0.270165    0.010248    0.054891    0.067387    0.583982    0.286407    0.445138    0.474320    0.304828    0.126300    0.239670    0.458609    1.757361    0.037874    0.001498    0.003244    9.331028    5.771867    1.853202    1.967422    1.789761    1.966697    0.999927    1.093697    1.989707
Iteration: 848 bestvalit: 105.655000 bestmemit:    0.270165    0.010248    0.054891    0.067387    0.583982    0.286407    0.445138    0.474320    0.304828    0.126300    0.239670    0.458609    1.757361    0.037874    0.001498    0.003244    9.331028    5.771867    1.853202    1.967422    1.789761    1.966697    0.999927    1.093697    1.989707
Iteration: 849 bestvalit: 105.655000 bestmemit:    0.270165    0.010248    0.054891    0.067387    0.583982    0.286407    0.445138    0.474320    0.304828    0.126300    0.239670    0.458609    1.757361    0.037874    0.001498    0.003244    9.331028    5.771867    1.853202    1.967422    1.789761    1.966697    0.999927    1.093697    1.989707
Iteration: 850 bestvalit: 105.655000 bestmemit:    0.270165    0.010248    0.054891    0.067387    0.583982    0.286407    0.445138    0.474320    0.304828    0.126300    0.239670    0.458609    1.757361    0.037874    0.001498    0.003244    9.331028    5.771867    1.853202    1.967422    1.789761    1.966697    0.999927    1.093697    1.989707
Iteration: 851 bestvalit: 105.655000 bestmemit:    0.270165    0.010248    0.054891    0.067387    0.583982    0.286407    0.445138    0.474320    0.304828    0.126300    0.239670    0.458609    1.757361    0.037874    0.001498    0.003244    9.331028    5.771867    1.853202    1.967422    1.789761    1.966697    0.999927    1.093697    1.989707
Iteration: 852 bestvalit: 105.655000 bestmemit:    0.270165    0.010248    0.054891    0.067387    0.583982    0.286407    0.445138    0.474320    0.304828    0.126300    0.239670    0.458609    1.757361    0.037874    0.001498    0.003244    9.331028    5.771867    1.853202    1.967422    1.789761    1.966697    0.999927    1.093697    1.989707
Iteration: 853 bestvalit: 105.655000 bestmemit:    0.270165    0.010248    0.054891    0.067387    0.583982    0.286407    0.445138    0.474320    0.304828    0.126300    0.239670    0.458609    1.757361    0.037874    0.001498    0.003244    9.331028    5.771867    1.853202    1.967422    1.789761    1.966697    0.999927    1.093697    1.989707
Iteration: 854 bestvalit: 105.655000 bestmemit:    0.270165    0.010248    0.054891    0.067387    0.583982    0.286407    0.445138    0.474320    0.304828    0.126300    0.239670    0.458609    1.757361    0.037874    0.001498    0.003244    9.331028    5.771867    1.853202    1.967422    1.789761    1.966697    0.999927    1.093697    1.989707
Iteration: 855 bestvalit: 105.655000 bestmemit:    0.270165    0.010248    0.054891    0.067387    0.583982    0.286407    0.445138    0.474320    0.304828    0.126300    0.239670    0.458609    1.757361    0.037874    0.001498    0.003244    9.331028    5.771867    1.853202    1.967422    1.789761    1.966697    0.999927    1.093697    1.989707
Iteration: 856 bestvalit: 105.655000 bestmemit:    0.270165    0.010248    0.054891    0.067387    0.583982    0.286407    0.445138    0.474320    0.304828    0.126300    0.239670    0.458609    1.757361    0.037874    0.001498    0.003244    9.331028    5.771867    1.853202    1.967422    1.789761    1.966697    0.999927    1.093697    1.989707
Iteration: 857 bestvalit: 105.655000 bestmemit:    0.270165    0.010248    0.054891    0.067387    0.583982    0.286407    0.445138    0.474320    0.304828    0.126300    0.239670    0.458609    1.757361    0.037874    0.001498    0.003244    9.331028    5.771867    1.853202    1.967422    1.789761    1.966697    0.999927    1.093697    1.989707
Iteration: 858 bestvalit: 105.655000 bestmemit:    0.270165    0.010248    0.054891    0.067387    0.583982    0.286407    0.445138    0.474320    0.304828    0.126300    0.239670    0.458609    1.757361    0.037874    0.001498    0.003244    9.331028    5.771867    1.853202    1.967422    1.789761    1.966697    0.999927    1.093697    1.989707
Iteration: 859 bestvalit: 105.655000 bestmemit:    0.270165    0.010248    0.054891    0.067387    0.583982    0.286407    0.445138    0.474320    0.304828    0.126300    0.239670    0.458609    1.757361    0.037874    0.001498    0.003244    9.331028    5.771867    1.853202    1.967422    1.789761    1.966697    0.999927    1.093697    1.989707
Iteration: 860 bestvalit: 105.655000 bestmemit:    0.270165    0.010248    0.054891    0.067387    0.583982    0.286407    0.445138    0.474320    0.304828    0.126300    0.239670    0.458609    1.757361    0.037874    0.001498    0.003244    9.331028    5.771867    1.853202    1.967422    1.789761    1.966697    0.999927    1.093697    1.989707
Iteration: 861 bestvalit: 105.655000 bestmemit:    0.270165    0.010248    0.054891    0.067387    0.583982    0.286407    0.445138    0.474320    0.304828    0.126300    0.239670    0.458609    1.757361    0.037874    0.001498    0.003244    9.331028    5.771867    1.853202    1.967422    1.789761    1.966697    0.999927    1.093697    1.989707
Iteration: 862 bestvalit: 105.655000 bestmemit:    0.270165    0.010248    0.054891    0.067387    0.583982    0.286407    0.445138    0.474320    0.304828    0.126300    0.239670    0.458609    1.757361    0.037874    0.001498    0.003244    9.331028    5.771867    1.853202    1.967422    1.789761    1.966697    0.999927    1.093697    1.989707
Iteration: 863 bestvalit: 105.655000 bestmemit:    0.270165    0.010248    0.054891    0.067387    0.583982    0.286407    0.445138    0.474320    0.304828    0.126300    0.239670    0.458609    1.757361    0.037874    0.001498    0.003244    9.331028    5.771867    1.853202    1.967422    1.789761    1.966697    0.999927    1.093697    1.989707
Iteration: 864 bestvalit: 105.655000 bestmemit:    0.270165    0.010248    0.054891    0.067387    0.583982    0.286407    0.445138    0.474320    0.304828    0.126300    0.239670    0.458609    1.757361    0.037874    0.001498    0.003244    9.331028    5.771867    1.853202    1.967422    1.789761    1.966697    0.999927    1.093697    1.989707
Iteration: 865 bestvalit: 105.655000 bestmemit:    0.270165    0.010248    0.054891    0.067387    0.583982    0.286407    0.445138    0.474320    0.304828    0.126300    0.239670    0.458609    1.757361    0.037874    0.001498    0.003244    9.331028    5.771867    1.853202    1.967422    1.789761    1.966697    0.999927    1.093697    1.989707
Iteration: 866 bestvalit: 105.655000 bestmemit:    0.270165    0.010248    0.054891    0.067387    0.583982    0.286407    0.445138    0.474320    0.304828    0.126300    0.239670    0.458609    1.757361    0.037874    0.001498    0.003244    9.331028    5.771867    1.853202    1.967422    1.789761    1.966697    0.999927    1.093697    1.989707
Iteration: 867 bestvalit: 105.655000 bestmemit:    0.270165    0.010248    0.054891    0.067387    0.583982    0.286407    0.445138    0.474320    0.304828    0.126300    0.239670    0.458609    1.757361    0.037874    0.001498    0.003244    9.331028    5.771867    1.853202    1.967422    1.789761    1.966697    0.999927    1.093697    1.989707
Iteration: 868 bestvalit: 105.655000 bestmemit:    0.270165    0.010248    0.054891    0.067387    0.583982    0.286407    0.445138    0.474320    0.304828    0.126300    0.239670    0.458609    1.757361    0.037874    0.001498    0.003244    9.331028    5.771867    1.853202    1.967422    1.789761    1.966697    0.999927    1.093697    1.989707
Iteration: 869 bestvalit: 105.655000 bestmemit:    0.270165    0.010248    0.054891    0.067387    0.583982    0.286407    0.445138    0.474320    0.304828    0.126300    0.239670    0.458609    1.757361    0.037874    0.001498    0.003244    9.331028    5.771867    1.853202    1.967422    1.789761    1.966697    0.999927    1.093697    1.989707
Iteration: 870 bestvalit: 105.655000 bestmemit:    0.270165    0.010248    0.054891    0.067387    0.583982    0.286407    0.445138    0.474320    0.304828    0.126300    0.239670    0.458609    1.757361    0.037874    0.001498    0.003244    9.331028    5.771867    1.853202    1.967422    1.789761    1.966697    0.999927    1.093697    1.989707
Iteration: 871 bestvalit: 105.655000 bestmemit:    0.270165    0.010248    0.054891    0.067387    0.583982    0.286407    0.445138    0.474320    0.304828    0.126300    0.239670    0.458609    1.757361    0.037874    0.001498    0.003244    9.331028    5.771867    1.853202    1.967422    1.789761    1.966697    0.999927    1.093697    1.989707
Iteration: 872 bestvalit: 105.655000 bestmemit:    0.270165    0.010248    0.054891    0.067387    0.583982    0.286407    0.445138    0.474320    0.304828    0.126300    0.239670    0.458609    1.757361    0.037874    0.001498    0.003244    9.331028    5.771867    1.853202    1.967422    1.789761    1.966697    0.999927    1.093697    1.989707
Iteration: 873 bestvalit: 105.655000 bestmemit:    0.270165    0.010248    0.054891    0.067387    0.583982    0.286407    0.445138    0.474320    0.304828    0.126300    0.239670    0.458609    1.757361    0.037874    0.001498    0.003244    9.331028    5.771867    1.853202    1.967422    1.789761    1.966697    0.999927    1.093697    1.989707
Iteration: 874 bestvalit: 105.655000 bestmemit:    0.270165    0.010248    0.054891    0.067387    0.583982    0.286407    0.445138    0.474320    0.304828    0.126300    0.239670    0.458609    1.757361    0.037874    0.001498    0.003244    9.331028    5.771867    1.853202    1.967422    1.789761    1.966697    0.999927    1.093697    1.989707
Iteration: 875 bestvalit: 105.655000 bestmemit:    0.270165    0.010248    0.054891    0.067387    0.583982    0.286407    0.445138    0.474320    0.304828    0.126300    0.239670    0.458609    1.757361    0.037874    0.001498    0.003244    9.331028    5.771867    1.853202    1.967422    1.789761    1.966697    0.999927    1.093697    1.989707
Iteration: 876 bestvalit: 105.655000 bestmemit:    0.270165    0.010248    0.054891    0.067387    0.583982    0.286407    0.445138    0.474320    0.304828    0.126300    0.239670    0.458609    1.757361    0.037874    0.001498    0.003244    9.331028    5.771867    1.853202    1.967422    1.789761    1.966697    0.999927    1.093697    1.989707
Iteration: 877 bestvalit: 105.655000 bestmemit:    0.270165    0.010248    0.054891    0.067387    0.583982    0.286407    0.445138    0.474320    0.304828    0.126300    0.239670    0.458609    1.757361    0.037874    0.001498    0.003244    9.331028    5.771867    1.853202    1.967422    1.789761    1.966697    0.999927    1.093697    1.989707
Iteration: 878 bestvalit: 105.655000 bestmemit:    0.270165    0.010248    0.054891    0.067387    0.583982    0.286407    0.445138    0.474320    0.304828    0.126300    0.239670    0.458609    1.757361    0.037874    0.001498    0.003244    9.331028    5.771867    1.853202    1.967422    1.789761    1.966697    0.999927    1.093697    1.989707
Iteration: 879 bestvalit: 105.655000 bestmemit:    0.270165    0.010248    0.054891    0.067387    0.583982    0.286407    0.445138    0.474320    0.304828    0.126300    0.239670    0.458609    1.757361    0.037874    0.001498    0.003244    9.331028    5.771867    1.853202    1.967422    1.789761    1.966697    0.999927    1.093697    1.989707
Iteration: 880 bestvalit: 105.655000 bestmemit:    0.270165    0.010248    0.054891    0.067387    0.583982    0.286407    0.445138    0.474320    0.304828    0.126300    0.239670    0.458609    1.757361    0.037874    0.001498    0.003244    9.331028    5.771867    1.853202    1.967422    1.789761    1.966697    0.999927    1.093697    1.989707
Iteration: 881 bestvalit: 105.655000 bestmemit:    0.270165    0.010248    0.054891    0.067387    0.583982    0.286407    0.445138    0.474320    0.304828    0.126300    0.239670    0.458609    1.757361    0.037874    0.001498    0.003244    9.331028    5.771867    1.853202    1.967422    1.789761    1.966697    0.999927    1.093697    1.989707
Iteration: 882 bestvalit: 105.655000 bestmemit:    0.270165    0.010248    0.054891    0.067387    0.583982    0.286407    0.445138    0.474320    0.304828    0.126300    0.239670    0.458609    1.757361    0.037874    0.001498    0.003244    9.331028    5.771867    1.853202    1.967422    1.789761    1.966697    0.999927    1.093697    1.989707
Iteration: 883 bestvalit: 105.655000 bestmemit:    0.270165    0.010248    0.054891    0.067387    0.583982    0.286407    0.445138    0.474320    0.304828    0.126300    0.239670    0.458609    1.757361    0.037874    0.001498    0.003244    9.331028    5.771867    1.853202    1.967422    1.789761    1.966697    0.999927    1.093697    1.989707
Iteration: 884 bestvalit: 105.655000 bestmemit:    0.270165    0.010248    0.054891    0.067387    0.583982    0.286407    0.445138    0.474320    0.304828    0.126300    0.239670    0.458609    1.757361    0.037874    0.001498    0.003244    9.331028    5.771867    1.853202    1.967422    1.789761    1.966697    0.999927    1.093697    1.989707
Iteration: 885 bestvalit: 105.400000 bestmemit:    0.270165    0.010248    0.054891    0.067387    0.583982    0.286407    0.445138    0.474320    0.304828    0.126300    0.239670    0.458609    1.757361    0.037874    0.001498    0.003244    9.331028    5.771867    1.853202    1.967422    1.756604    1.978801    0.999927    1.093697    1.989707
Iteration: 886 bestvalit: 105.400000 bestmemit:    0.270165    0.010248    0.054891    0.067387    0.583982    0.286407    0.445138    0.474320    0.304828    0.126300    0.239670    0.458609    1.757361    0.037874    0.001498    0.003244    9.331028    5.771867    1.853202    1.967422    1.756604    1.978801    0.999927    1.093697    1.989707
Iteration: 887 bestvalit: 105.400000 bestmemit:    0.270165    0.010248    0.054891    0.067387    0.583982    0.286407    0.445138    0.474320    0.304828    0.126300    0.239670    0.458609    1.757361    0.037874    0.001498    0.003244    9.331028    5.771867    1.853202    1.967422    1.756604    1.978801    0.999927    1.093697    1.989707
Iteration: 888 bestvalit: 105.400000 bestmemit:    0.270165    0.010248    0.054891    0.067387    0.583982    0.286407    0.445138    0.474320    0.304828    0.126300    0.239670    0.458609    1.757361    0.037874    0.001498    0.003244    9.331028    5.771867    1.853202    1.967422    1.756604    1.978801    0.999927    1.093697    1.989707
Iteration: 889 bestvalit: 105.400000 bestmemit:    0.270165    0.010248    0.054891    0.067387    0.583982    0.286407    0.445138    0.474320    0.304828    0.126300    0.239670    0.458609    1.757361    0.037874    0.001498    0.003244    9.331028    5.771867    1.853202    1.967422    1.756604    1.978801    0.999927    1.093697    1.989707
Iteration: 890 bestvalit: 105.400000 bestmemit:    0.270165    0.010248    0.054891    0.067387    0.583982    0.286407    0.445138    0.474320    0.304828    0.126300    0.239670    0.458609    1.757361    0.037874    0.001498    0.003244    9.331028    5.771867    1.853202    1.967422    1.756604    1.978801    0.999927    1.093697    1.989707
Iteration: 891 bestvalit: 105.400000 bestmemit:    0.270165    0.010248    0.054891    0.067387    0.583982    0.286407    0.445138    0.474320    0.304828    0.126300    0.239670    0.458609    1.757361    0.037874    0.001498    0.003244    9.331028    5.771867    1.853202    1.967422    1.756604    1.978801    0.999927    1.093697    1.989707
Iteration: 892 bestvalit: 105.400000 bestmemit:    0.270165    0.010248    0.054891    0.067387    0.583982    0.286407    0.445138    0.474320    0.304828    0.126300    0.239670    0.458609    1.757361    0.037874    0.001498    0.003244    9.331028    5.771867    1.853202    1.967422    1.756604    1.978801    0.999927    1.093697    1.989707
Iteration: 893 bestvalit: 105.400000 bestmemit:    0.270165    0.010248    0.054891    0.067387    0.583982    0.286407    0.445138    0.474320    0.304828    0.126300    0.239670    0.458609    1.757361    0.037874    0.001498    0.003244    9.331028    5.771867    1.853202    1.967422    1.756604    1.978801    0.999927    1.093697    1.989707
Iteration: 894 bestvalit: 105.320000 bestmemit:    0.270165    0.010248    0.054891    0.067387    0.583982    0.286407    0.445138    0.474320    0.304828    0.126300    0.239670    0.458609    1.757361    0.037874    0.001498    0.003244    9.331028    5.771867    1.808724    1.967422    1.756604    1.978801    0.999927    1.093697    1.989707
Iteration: 895 bestvalit: 105.320000 bestmemit:    0.270165    0.010248    0.054891    0.067387    0.583982    0.286407    0.445138    0.474320    0.304828    0.126300    0.239670    0.458609    1.757361    0.037874    0.001498    0.003244    9.331028    5.771867    1.808724    1.967422    1.756604    1.978801    0.999927    1.093697    1.989707
Iteration: 896 bestvalit: 105.320000 bestmemit:    0.270165    0.010248    0.054891    0.067387    0.583982    0.286407    0.445138    0.474320    0.304828    0.126300    0.239670    0.458609    1.757361    0.037874    0.001498    0.003244    9.331028    5.771867    1.808724    1.967422    1.756604    1.978801    0.999927    1.093697    1.989707
Iteration: 897 bestvalit: 105.320000 bestmemit:    0.270165    0.010248    0.054891    0.067387    0.583982    0.286407    0.445138    0.474320    0.304828    0.126300    0.239670    0.458609    1.757361    0.037874    0.001498    0.003244    9.331028    5.771867    1.808724    1.967422    1.756604    1.978801    0.999927    1.093697    1.989707
Iteration: 898 bestvalit: 105.320000 bestmemit:    0.270165    0.010248    0.054891    0.067387    0.583982    0.286407    0.445138    0.474320    0.304828    0.126300    0.239670    0.458609    1.757361    0.037874    0.001498    0.003244    9.331028    5.771867    1.808724    1.967422    1.756604    1.978801    0.999927    1.093697    1.989707
Iteration: 899 bestvalit: 105.320000 bestmemit:    0.270165    0.010248    0.054891    0.067387    0.583982    0.286407    0.445138    0.474320    0.304828    0.126300    0.239670    0.458609    1.757361    0.037874    0.001498    0.003244    9.331028    5.771867    1.808724    1.967422    1.756604    1.978801    0.999927    1.093697    1.989707
Iteration: 900 bestvalit: 105.320000 bestmemit:    0.270165    0.010248    0.054891    0.067387    0.583982    0.286407    0.445138    0.474320    0.304828    0.126300    0.239670    0.458609    1.757361    0.037874    0.001498    0.003244    9.331028    5.771867    1.808724    1.967422    1.756604    1.978801    0.999927    1.093697    1.989707
Iteration: 901 bestvalit: 105.320000 bestmemit:    0.270165    0.010248    0.054891    0.067387    0.583982    0.286407    0.445138    0.474320    0.304828    0.126300    0.239670    0.458609    1.757361    0.037874    0.001498    0.003244    9.331028    5.771867    1.808724    1.967422    1.756604    1.978801    0.999927    1.093697    1.989707
Iteration: 902 bestvalit: 105.320000 bestmemit:    0.270165    0.010248    0.054891    0.067387    0.583982    0.286407    0.445138    0.474320    0.304828    0.126300    0.239670    0.458609    1.757361    0.037874    0.001498    0.003244    9.331028    5.771867    1.808724    1.967422    1.756604    1.978801    0.999927    1.093697    1.989707
Iteration: 903 bestvalit: 105.320000 bestmemit:    0.270165    0.010248    0.054891    0.067387    0.583982    0.286407    0.445138    0.474320    0.304828    0.126300    0.239670    0.458609    1.757361    0.037874    0.001498    0.003244    9.331028    5.771867    1.808724    1.967422    1.756604    1.978801    0.999927    1.093697    1.989707
Iteration: 904 bestvalit: 105.320000 bestmemit:    0.270165    0.010248    0.054891    0.067387    0.583982    0.286407    0.445138    0.474320    0.304828    0.126300    0.239670    0.458609    1.757361    0.037874    0.001498    0.003244    9.331028    5.771867    1.808724    1.967422    1.756604    1.978801    0.999927    1.093697    1.989707
Iteration: 905 bestvalit: 105.320000 bestmemit:    0.270165    0.010248    0.054891    0.067387    0.583982    0.286407    0.445138    0.474320    0.304828    0.126300    0.239670    0.458609    1.757361    0.037874    0.001498    0.003244    9.331028    5.771867    1.808724    1.967422    1.756604    1.978801    0.999927    1.093697    1.989707
Iteration: 906 bestvalit: 105.320000 bestmemit:    0.270165    0.010248    0.054891    0.067387    0.583982    0.286407    0.445138    0.474320    0.304828    0.126300    0.239670    0.458609    1.757361    0.037874    0.001498    0.003244    9.331028    5.771867    1.808724    1.967422    1.756604    1.978801    0.999927    1.093697    1.989707
Iteration: 907 bestvalit: 105.320000 bestmemit:    0.270165    0.010248    0.054891    0.067387    0.583982    0.286407    0.445138    0.474320    0.304828    0.126300    0.239670    0.458609    1.757361    0.037874    0.001498    0.003244    9.331028    5.771867    1.808724    1.967422    1.756604    1.978801    0.999927    1.093697    1.989707
Iteration: 908 bestvalit: 105.320000 bestmemit:    0.270165    0.010248    0.054891    0.067387    0.583982    0.286407    0.445138    0.474320    0.304828    0.126300    0.239670    0.458609    1.757361    0.037874    0.001498    0.003244    9.331028    5.771867    1.808724    1.967422    1.756604    1.978801    0.999927    1.093697    1.989707
Iteration: 909 bestvalit: 105.320000 bestmemit:    0.270165    0.010248    0.054891    0.067387    0.583982    0.286407    0.445138    0.474320    0.304828    0.126300    0.239670    0.458609    1.757361    0.037874    0.001498    0.003244    9.331028    5.771867    1.808724    1.967422    1.756604    1.978801    0.999927    1.093697    1.989707
Iteration: 910 bestvalit: 105.320000 bestmemit:    0.270165    0.010248    0.054891    0.067387    0.583982    0.286407    0.445138    0.474320    0.304828    0.126300    0.239670    0.458609    1.757361    0.037874    0.001498    0.003244    9.331028    5.771867    1.808724    1.967422    1.756604    1.978801    0.999927    1.093697    1.989707
Iteration: 911 bestvalit: 105.320000 bestmemit:    0.270165    0.010248    0.054891    0.067387    0.583982    0.286407    0.445138    0.474320    0.304828    0.126300    0.239670    0.458609    1.757361    0.037874    0.001498    0.003244    9.331028    5.771867    1.808724    1.967422    1.756604    1.978801    0.999927    1.093697    1.989707
Iteration: 912 bestvalit: 105.320000 bestmemit:    0.270165    0.010248    0.054891    0.067387    0.583982    0.286407    0.445138    0.474320    0.304828    0.126300    0.239670    0.458609    1.757361    0.037874    0.001498    0.003244    9.331028    5.771867    1.808724    1.967422    1.756604    1.978801    0.999927    1.093697    1.989707
Iteration: 913 bestvalit: 105.320000 bestmemit:    0.270165    0.010248    0.054891    0.067387    0.583982    0.286407    0.445138    0.474320    0.304828    0.126300    0.239670    0.458609    1.757361    0.037874    0.001498    0.003244    9.331028    5.771867    1.808724    1.967422    1.756604    1.978801    0.999927    1.093697    1.989707
Iteration: 914 bestvalit: 105.320000 bestmemit:    0.270165    0.010248    0.054891    0.067387    0.583982    0.286407    0.445138    0.474320    0.304828    0.126300    0.239670    0.458609    1.757361    0.037874    0.001498    0.003244    9.331028    5.771867    1.808724    1.967422    1.756604    1.978801    0.999927    1.093697    1.989707
Iteration: 915 bestvalit: 105.320000 bestmemit:    0.270165    0.010248    0.054891    0.067387    0.583982    0.286407    0.445138    0.474320    0.304828    0.126300    0.239670    0.458609    1.757361    0.037874    0.001498    0.003244    9.331028    5.771867    1.808724    1.967422    1.756604    1.978801    0.999927    1.093697    1.989707
Iteration: 916 bestvalit: 105.250000 bestmemit:    0.270165    0.010248    0.054891    0.067387    0.583982    0.286407    0.445138    0.474320    0.304828    0.126300    0.239670    0.458609    1.757361    0.037874    0.001498    0.003244    9.331028    5.771867    1.808724    1.967422    1.769574    1.988078    0.999927    1.093697    1.989707
Iteration: 917 bestvalit: 105.250000 bestmemit:    0.270165    0.010248    0.054891    0.067387    0.583982    0.286407    0.445138    0.474320    0.304828    0.126300    0.239670    0.458609    1.757361    0.037874    0.001498    0.003244    9.331028    5.771867    1.808724    1.967422    1.769574    1.988078    0.999927    1.093697    1.989707
Iteration: 918 bestvalit: 105.250000 bestmemit:    0.270165    0.010248    0.054891    0.067387    0.583982    0.286407    0.445138    0.474320    0.304828    0.126300    0.239670    0.458609    1.757361    0.037874    0.001498    0.003244    9.331028    5.771867    1.808724    1.967422    1.769574    1.988078    0.999927    1.093697    1.989707
Iteration: 919 bestvalit: 105.250000 bestmemit:    0.270165    0.010248    0.054891    0.067387    0.583982    0.286407    0.445138    0.474320    0.304828    0.126300    0.239670    0.458609    1.757361    0.037874    0.001498    0.003244    9.331028    5.771867    1.808724    1.967422    1.769574    1.988078    0.999927    1.093697    1.989707
Iteration: 920 bestvalit: 105.250000 bestmemit:    0.270165    0.010248    0.054891    0.067387    0.583982    0.286407    0.445138    0.474320    0.304828    0.126300    0.239670    0.458609    1.757361    0.037874    0.001498    0.003244    9.331028    5.771867    1.808724    1.967422    1.769574    1.988078    0.999927    1.093697    1.989707
Iteration: 921 bestvalit: 105.250000 bestmemit:    0.270165    0.010248    0.054891    0.067387    0.583982    0.286407    0.445138    0.474320    0.304828    0.126300    0.239670    0.458609    1.757361    0.037874    0.001498    0.003244    9.331028    5.771867    1.808724    1.967422    1.769574    1.988078    0.999927    1.093697    1.989707
Iteration: 922 bestvalit: 105.250000 bestmemit:    0.270165    0.010248    0.054891    0.067387    0.583982    0.286407    0.445138    0.474320    0.304828    0.126300    0.239670    0.458609    1.757361    0.037874    0.001498    0.003244    9.331028    5.771867    1.808724    1.967422    1.769574    1.988078    0.999927    1.093697    1.989707
Iteration: 923 bestvalit: 105.250000 bestmemit:    0.270165    0.010248    0.054891    0.067387    0.583982    0.286407    0.445138    0.474320    0.304828    0.126300    0.239670    0.458609    1.757361    0.037874    0.001498    0.003244    9.331028    5.771867    1.808724    1.967422    1.769574    1.988078    0.999927    1.093697    1.989707
Iteration: 924 bestvalit: 105.250000 bestmemit:    0.270165    0.010248    0.054891    0.067387    0.583982    0.286407    0.445138    0.474320    0.304828    0.126300    0.239670    0.458609    1.757361    0.037874    0.001498    0.003244    9.331028    5.771867    1.808724    1.967422    1.769574    1.988078    0.999927    1.093697    1.989707
Iteration: 925 bestvalit: 105.250000 bestmemit:    0.270165    0.010248    0.054891    0.067387    0.583982    0.286407    0.445138    0.474320    0.304828    0.126300    0.239670    0.458609    1.757361    0.037874    0.001498    0.003244    9.331028    5.771867    1.808724    1.967422    1.769574    1.988078    0.999927    1.093697    1.989707
Iteration: 926 bestvalit: 105.250000 bestmemit:    0.270165    0.010248    0.054891    0.067387    0.583982    0.286407    0.445138    0.474320    0.304828    0.126300    0.239670    0.458609    1.757361    0.037874    0.001498    0.003244    9.331028    5.771867    1.808724    1.967422    1.769574    1.988078    0.999927    1.093697    1.989707
Iteration: 927 bestvalit: 105.250000 bestmemit:    0.270165    0.010248    0.054891    0.067387    0.583982    0.286407    0.445138    0.474320    0.304828    0.126300    0.239670    0.458609    1.757361    0.037874    0.001498    0.003244    9.331028    5.771867    1.808724    1.967422    1.769574    1.988078    0.999927    1.093697    1.989707
Iteration: 928 bestvalit: 105.250000 bestmemit:    0.270165    0.010248    0.054891    0.067387    0.583982    0.286407    0.445138    0.474320    0.304828    0.126300    0.239670    0.458609    1.757361    0.037874    0.001498    0.003244    9.331028    5.771867    1.808724    1.967422    1.769574    1.988078    0.999927    1.093697    1.989707
Iteration: 929 bestvalit: 105.250000 bestmemit:    0.270165    0.010248    0.054891    0.067387    0.583982    0.286407    0.445138    0.474320    0.304828    0.126300    0.239670    0.458609    1.757361    0.037874    0.001498    0.003244    9.331028    5.771867    1.808724    1.967422    1.769574    1.988078    0.999927    1.093697    1.989707
Iteration: 930 bestvalit: 105.250000 bestmemit:    0.270165    0.010248    0.054891    0.067387    0.583982    0.286407    0.445138    0.474320    0.304828    0.126300    0.239670    0.458609    1.757361    0.037874    0.001498    0.003244    9.331028    5.771867    1.808724    1.967422    1.769574    1.988078    0.999927    1.093697    1.989707
Iteration: 931 bestvalit: 105.250000 bestmemit:    0.270165    0.010248    0.054891    0.067387    0.583982    0.286407    0.445138    0.474320    0.304828    0.126300    0.239670    0.458609    1.757361    0.037874    0.001498    0.003244    9.331028    5.771867    1.808724    1.967422    1.769574    1.988078    0.999927    1.093697    1.989707
Iteration: 932 bestvalit: 105.250000 bestmemit:    0.270165    0.010248    0.054891    0.067387    0.583982    0.286407    0.445138    0.474320    0.304828    0.126300    0.239670    0.458609    1.757361    0.037874    0.001498    0.003244    9.331028    5.771867    1.808724    1.967422    1.769574    1.988078    0.999927    1.093697    1.989707
Iteration: 933 bestvalit: 105.250000 bestmemit:    0.270165    0.010248    0.054891    0.067387    0.583982    0.286407    0.445138    0.474320    0.304828    0.126300    0.239670    0.458609    1.757361    0.037874    0.001498    0.003244    9.331028    5.771867    1.808724    1.967422    1.769574    1.988078    0.999927    1.093697    1.989707
Iteration: 934 bestvalit: 105.250000 bestmemit:    0.270165    0.010248    0.054891    0.067387    0.583982    0.286407    0.445138    0.474320    0.304828    0.126300    0.239670    0.458609    1.757361    0.037874    0.001498    0.003244    9.331028    5.771867    1.808724    1.967422    1.769574    1.988078    0.999927    1.093697    1.989707
Iteration: 935 bestvalit: 105.250000 bestmemit:    0.270165    0.010248    0.054891    0.067387    0.583982    0.286407    0.445138    0.474320    0.304828    0.126300    0.239670    0.458609    1.757361    0.037874    0.001498    0.003244    9.331028    5.771867    1.808724    1.967422    1.769574    1.988078    0.999927    1.093697    1.989707
Iteration: 936 bestvalit: 105.250000 bestmemit:    0.270165    0.010248    0.054891    0.067387    0.583982    0.286407    0.445138    0.474320    0.304828    0.126300    0.239670    0.458609    1.757361    0.037874    0.001498    0.003244    9.331028    5.771867    1.808724    1.967422    1.769574    1.988078    0.999927    1.093697    1.989707
Iteration: 937 bestvalit: 105.250000 bestmemit:    0.270165    0.010248    0.054891    0.067387    0.583982    0.286407    0.445138    0.474320    0.304828    0.126300    0.239670    0.458609    1.757361    0.037874    0.001498    0.003244    9.331028    5.771867    1.808724    1.967422    1.769574    1.988078    0.999927    1.093697    1.989707
Iteration: 938 bestvalit: 105.250000 bestmemit:    0.270165    0.010248    0.054891    0.067387    0.583982    0.286407    0.445138    0.474320    0.304828    0.126300    0.239670    0.458609    1.757361    0.037874    0.001498    0.003244    9.331028    5.771867    1.808724    1.967422    1.769574    1.988078    0.999927    1.093697    1.989707
Iteration: 939 bestvalit: 105.250000 bestmemit:    0.270165    0.010248    0.054891    0.067387    0.583982    0.286407    0.445138    0.474320    0.304828    0.126300    0.239670    0.458609    1.757361    0.037874    0.001498    0.003244    9.331028    5.771867    1.808724    1.967422    1.769574    1.988078    0.999927    1.093697    1.989707
Iteration: 940 bestvalit: 105.250000 bestmemit:    0.270165    0.010248    0.054891    0.067387    0.583982    0.286407    0.445138    0.474320    0.304828    0.126300    0.239670    0.458609    1.757361    0.037874    0.001498    0.003244    9.331028    5.771867    1.808724    1.967422    1.769574    1.988078    0.999927    1.093697    1.989707
Iteration: 941 bestvalit: 105.250000 bestmemit:    0.270165    0.010248    0.054891    0.067387    0.583982    0.286407    0.445138    0.474320    0.304828    0.126300    0.239670    0.458609    1.757361    0.037874    0.001498    0.003244    9.331028    5.771867    1.808724    1.967422    1.769574    1.988078    0.999927    1.093697    1.989707
Iteration: 942 bestvalit: 105.250000 bestmemit:    0.270165    0.010248    0.054891    0.067387    0.583982    0.286407    0.445138    0.474320    0.304828    0.126300    0.239670    0.458609    1.757361    0.037874    0.001498    0.003244    9.331028    5.771867    1.808724    1.967422    1.769574    1.988078    0.999927    1.093697    1.989707
Iteration: 943 bestvalit: 105.250000 bestmemit:    0.270165    0.010248    0.054891    0.067387    0.583982    0.286407    0.445138    0.474320    0.304828    0.126300    0.239670    0.458609    1.757361    0.037874    0.001498    0.003244    9.331028    5.771867    1.808724    1.967422    1.769574    1.988078    0.999927    1.093697    1.989707
Iteration: 944 bestvalit: 105.250000 bestmemit:    0.270165    0.010248    0.054891    0.067387    0.583982    0.286407    0.445138    0.474320    0.304828    0.126300    0.239670    0.458609    1.757361    0.037874    0.001498    0.003244    9.331028    5.771867    1.808724    1.967422    1.769574    1.988078    0.999927    1.093697    1.989707
Iteration: 945 bestvalit: 105.250000 bestmemit:    0.270165    0.010248    0.054891    0.067387    0.583982    0.286407    0.445138    0.474320    0.304828    0.126300    0.239670    0.458609    1.757361    0.037874    0.001498    0.003244    9.331028    5.771867    1.808724    1.967422    1.769574    1.988078    0.999927    1.093697    1.989707
Iteration: 946 bestvalit: 105.250000 bestmemit:    0.270165    0.010248    0.054891    0.067387    0.583982    0.286407    0.445138    0.474320    0.304828    0.126300    0.239670    0.458609    1.757361    0.037874    0.001498    0.003244    9.331028    5.771867    1.808724    1.967422    1.769574    1.988078    0.999927    1.093697    1.989707
Iteration: 947 bestvalit: 105.250000 bestmemit:    0.270165    0.010248    0.054891    0.067387    0.583982    0.286407    0.445138    0.474320    0.304828    0.126300    0.239670    0.458609    1.757361    0.037874    0.001498    0.003244    9.331028    5.771867    1.808724    1.967422    1.769574    1.988078    0.999927    1.093697    1.989707
Iteration: 948 bestvalit: 105.250000 bestmemit:    0.270165    0.010248    0.054891    0.067387    0.583982    0.286407    0.445138    0.474320    0.304828    0.126300    0.239670    0.458609    1.757361    0.037874    0.001498    0.003244    9.331028    5.771867    1.808724    1.967422    1.769574    1.988078    0.999927    1.093697    1.989707
Iteration: 949 bestvalit: 105.250000 bestmemit:    0.270165    0.010248    0.054891    0.067387    0.583982    0.286407    0.445138    0.474320    0.304828    0.126300    0.239670    0.458609    1.757361    0.037874    0.001498    0.003244    9.331028    5.771867    1.808724    1.967422    1.769574    1.988078    0.999927    1.093697    1.989707
Iteration: 950 bestvalit: 105.250000 bestmemit:    0.270165    0.010248    0.054891    0.067387    0.583982    0.286407    0.445138    0.474320    0.304828    0.126300    0.239670    0.458609    1.757361    0.037874    0.001498    0.003244    9.331028    5.771867    1.808724    1.967422    1.769574    1.988078    0.999927    1.093697    1.989707
Iteration: 951 bestvalit: 105.250000 bestmemit:    0.270165    0.010248    0.054891    0.067387    0.583982    0.286407    0.445138    0.474320    0.304828    0.126300    0.239670    0.458609    1.757361    0.037874    0.001498    0.003244    9.331028    5.771867    1.808724    1.967422    1.769574    1.988078    0.999927    1.093697    1.989707
Iteration: 952 bestvalit: 105.250000 bestmemit:    0.270165    0.010248    0.054891    0.067387    0.583982    0.286407    0.445138    0.474320    0.304828    0.126300    0.239670    0.458609    1.757361    0.037874    0.001498    0.003244    9.331028    5.771867    1.808724    1.967422    1.769574    1.988078    0.999927    1.093697    1.989707
Iteration: 953 bestvalit: 105.250000 bestmemit:    0.270165    0.010248    0.054891    0.067387    0.583982    0.286407    0.445138    0.474320    0.304828    0.126300    0.239670    0.458609    1.757361    0.037874    0.001498    0.003244    9.331028    5.771867    1.808724    1.967422    1.769574    1.988078    0.999927    1.093697    1.989707
Iteration: 954 bestvalit: 105.250000 bestmemit:    0.270165    0.010248    0.054891    0.067387    0.583982    0.286407    0.445138    0.474320    0.304828    0.126300    0.239670    0.458609    1.757361    0.037874    0.001498    0.003244    9.331028    5.771867    1.808724    1.967422    1.769574    1.988078    0.999927    1.093697    1.989707
Iteration: 955 bestvalit: 105.185000 bestmemit:    0.270165    0.010248    0.054891    0.067387    0.583982    0.286407    0.445138    0.474320    0.304828    0.126300    0.239670    0.466989    1.757361    0.037874    0.001498    0.003244    9.331028    5.771867    1.808724    1.967422    1.769574    1.988078    0.999927    1.093697    1.989707
Iteration: 956 bestvalit: 105.185000 bestmemit:    0.270165    0.010248    0.054891    0.067387    0.583982    0.286407    0.445138    0.474320    0.304828    0.126300    0.239670    0.466989    1.757361    0.037874    0.001498    0.003244    9.331028    5.771867    1.808724    1.967422    1.769574    1.988078    0.999927    1.093697    1.989707
Iteration: 957 bestvalit: 105.185000 bestmemit:    0.270165    0.010248    0.054891    0.067387    0.583982    0.286407    0.445138    0.474320    0.304828    0.126300    0.239670    0.466989    1.757361    0.037874    0.001498    0.003244    9.331028    5.771867    1.808724    1.967422    1.769574    1.988078    0.999927    1.093697    1.989707
Iteration: 958 bestvalit: 105.185000 bestmemit:    0.270165    0.010248    0.054891    0.067387    0.583982    0.286407    0.445138    0.474320    0.304828    0.126300    0.239670    0.466989    1.757361    0.037874    0.001498    0.003244    9.331028    5.771867    1.808724    1.967422    1.769574    1.988078    0.999927    1.093697    1.989707
Iteration: 959 bestvalit: 105.185000 bestmemit:    0.270165    0.010248    0.054891    0.067387    0.583982    0.286407    0.445138    0.474320    0.304828    0.126300    0.239670    0.466989    1.757361    0.037874    0.001498    0.003244    9.331028    5.771867    1.808724    1.967422    1.769574    1.988078    0.999927    1.093697    1.989707
Iteration: 960 bestvalit: 105.185000 bestmemit:    0.270165    0.010248    0.054891    0.067387    0.583982    0.286407    0.445138    0.474320    0.304828    0.126300    0.239670    0.466989    1.757361    0.037874    0.001498    0.003244    9.331028    5.771867    1.808724    1.967422    1.769574    1.988078    0.999927    1.093697    1.989707
Iteration: 961 bestvalit: 105.185000 bestmemit:    0.270165    0.010248    0.054891    0.067387    0.583982    0.286407    0.445138    0.474320    0.304828    0.126300    0.239670    0.466989    1.757361    0.037874    0.001498    0.003244    9.331028    5.771867    1.808724    1.967422    1.769574    1.988078    0.999927    1.093697    1.989707
Iteration: 962 bestvalit: 105.185000 bestmemit:    0.270165    0.010248    0.054891    0.067387    0.583982    0.286407    0.445138    0.474320    0.304828    0.126300    0.239670    0.466989    1.757361    0.037874    0.001498    0.003244    9.331028    5.771867    1.808724    1.967422    1.769574    1.988078    0.999927    1.093697    1.989707
Iteration: 963 bestvalit: 105.185000 bestmemit:    0.270165    0.010248    0.054891    0.067387    0.583982    0.286407    0.445138    0.474320    0.304828    0.126300    0.239670    0.466989    1.757361    0.037874    0.001498    0.003244    9.331028    5.771867    1.808724    1.967422    1.769574    1.988078    0.999927    1.093697    1.989707
Iteration: 964 bestvalit: 105.185000 bestmemit:    0.270165    0.010248    0.054891    0.067387    0.583982    0.286407    0.445138    0.474320    0.304828    0.126300    0.239670    0.466989    1.757361    0.037874    0.001498    0.003244    9.331028    5.771867    1.808724    1.967422    1.769574    1.988078    0.999927    1.093697    1.989707
Iteration: 965 bestvalit: 105.185000 bestmemit:    0.270165    0.010248    0.054891    0.067387    0.583982    0.286407    0.445138    0.474320    0.304828    0.126300    0.239670    0.466989    1.757361    0.037874    0.001498    0.003244    9.331028    5.771867    1.808724    1.967422    1.769574    1.988078    0.999927    1.093697    1.989707
Iteration: 966 bestvalit: 105.185000 bestmemit:    0.270165    0.010248    0.054891    0.067387    0.583982    0.286407    0.445138    0.474320    0.304828    0.126300    0.239670    0.466989    1.757361    0.037874    0.001498    0.003244    9.331028    5.771867    1.808724    1.967422    1.769574    1.988078    0.999927    1.093697    1.989707
Iteration: 967 bestvalit: 105.185000 bestmemit:    0.270165    0.010248    0.054891    0.067387    0.583982    0.286407    0.445138    0.474320    0.304828    0.126300    0.239670    0.466989    1.757361    0.037874    0.001498    0.003244    9.331028    5.771867    1.808724    1.967422    1.769574    1.988078    0.999927    1.093697    1.989707
Iteration: 968 bestvalit: 105.185000 bestmemit:    0.270165    0.010248    0.054891    0.067387    0.583982    0.286407    0.445138    0.474320    0.304828    0.126300    0.239670    0.466989    1.757361    0.037874    0.001498    0.003244    9.331028    5.771867    1.808724    1.967422    1.769574    1.988078    0.999927    1.093697    1.989707
Iteration: 969 bestvalit: 105.185000 bestmemit:    0.270165    0.010248    0.054891    0.067387    0.583982    0.286407    0.445138    0.474320    0.304828    0.126300    0.239670    0.466989    1.757361    0.037874    0.001498    0.003244    9.331028    5.771867    1.808724    1.967422    1.769574    1.988078    0.999927    1.093697    1.989707
Iteration: 970 bestvalit: 105.185000 bestmemit:    0.270165    0.010248    0.054891    0.067387    0.583982    0.286407    0.445138    0.474320    0.304828    0.126300    0.239670    0.466989    1.757361    0.037874    0.001498    0.003244    9.331028    5.771867    1.808724    1.967422    1.769574    1.988078    0.999927    1.093697    1.989707
Iteration: 971 bestvalit: 105.185000 bestmemit:    0.270165    0.010248    0.054891    0.067387    0.583982    0.286407    0.445138    0.474320    0.304828    0.126300    0.239670    0.466989    1.757361    0.037874    0.001498    0.003244    9.331028    5.771867    1.808724    1.967422    1.769574    1.988078    0.999927    1.093697    1.989707
Iteration: 972 bestvalit: 105.185000 bestmemit:    0.270165    0.010248    0.054891    0.067387    0.583982    0.286407    0.445138    0.474320    0.304828    0.126300    0.239670    0.466989    1.757361    0.037874    0.001498    0.003244    9.331028    5.771867    1.808724    1.967422    1.769574    1.988078    0.999927    1.093697    1.989707
Iteration: 973 bestvalit: 105.185000 bestmemit:    0.270165    0.010248    0.054891    0.067387    0.583982    0.286407    0.445138    0.474320    0.304828    0.126300    0.239670    0.466989    1.757361    0.037874    0.001498    0.003244    9.331028    5.771867    1.808724    1.967422    1.769574    1.988078    0.999927    1.093697    1.989707
Iteration: 974 bestvalit: 105.185000 bestmemit:    0.270165    0.010248    0.054891    0.067387    0.583982    0.286407    0.445138    0.474320    0.304828    0.126300    0.239670    0.466989    1.757361    0.037874    0.001498    0.003244    9.331028    5.771867    1.808724    1.967422    1.769574    1.988078    0.999927    1.093697    1.989707
Iteration: 975 bestvalit: 105.185000 bestmemit:    0.270165    0.010248    0.054891    0.067387    0.583982    0.286407    0.445138    0.474320    0.304828    0.126300    0.239670    0.466989    1.757361    0.037874    0.001498    0.003244    9.331028    5.771867    1.808724    1.967422    1.769574    1.988078    0.999927    1.093697    1.989707
Iteration: 976 bestvalit: 105.185000 bestmemit:    0.270165    0.010248    0.054891    0.067387    0.583982    0.286407    0.445138    0.474320    0.304828    0.126300    0.239670    0.466989    1.757361    0.037874    0.001498    0.003244    9.331028    5.771867    1.808724    1.967422    1.769574    1.988078    0.999927    1.093697    1.989707
Iteration: 977 bestvalit: 105.185000 bestmemit:    0.270165    0.010248    0.054891    0.067387    0.583982    0.286407    0.445138    0.474320    0.304828    0.126300    0.239670    0.466989    1.757361    0.037874    0.001498    0.003244    9.331028    5.771867    1.808724    1.967422    1.769574    1.988078    0.999927    1.093697    1.989707
Iteration: 978 bestvalit: 105.185000 bestmemit:    0.270165    0.010248    0.054891    0.067387    0.583982    0.286407    0.445138    0.474320    0.304828    0.126300    0.239670    0.466989    1.757361    0.037874    0.001498    0.003244    9.331028    5.771867    1.808724    1.967422    1.769574    1.988078    0.999927    1.093697    1.989707
Iteration: 979 bestvalit: 105.185000 bestmemit:    0.270165    0.010248    0.054891    0.067387    0.583982    0.286407    0.445138    0.474320    0.304828    0.126300    0.239670    0.466989    1.757361    0.037874    0.001498    0.003244    9.331028    5.771867    1.808724    1.967422    1.769574    1.988078    0.999927    1.093697    1.989707
Iteration: 980 bestvalit: 105.185000 bestmemit:    0.270165    0.010248    0.054891    0.067387    0.583982    0.286407    0.445138    0.474320    0.304828    0.126300    0.239670    0.466989    1.757361    0.037874    0.001498    0.003244    9.331028    5.771867    1.808724    1.967422    1.769574    1.988078    0.999927    1.093697    1.989707
Iteration: 981 bestvalit: 105.185000 bestmemit:    0.270165    0.010248    0.054891    0.067387    0.583982    0.286407    0.445138    0.474320    0.304828    0.126300    0.239670    0.466989    1.757361    0.037874    0.001498    0.003244    9.331028    5.771867    1.808724    1.967422    1.769574    1.988078    0.999927    1.093697    1.989707
Iteration: 982 bestvalit: 105.185000 bestmemit:    0.270165    0.010248    0.054891    0.067387    0.583982    0.286407    0.445138    0.474320    0.304828    0.126300    0.239670    0.466989    1.757361    0.037874    0.001498    0.003244    9.331028    5.771867    1.808724    1.967422    1.769574    1.988078    0.999927    1.093697    1.989707
Iteration: 983 bestvalit: 104.800000 bestmemit:    0.270165    0.010248    0.054891    0.067387    0.583982    0.286407    0.445138    0.474320    0.304828    0.126300    0.239670    0.466989    1.757361    0.039268    0.001498    0.003244    9.331028    5.771867    1.808724    1.967422    1.769574    1.988078    0.999927    1.093697    1.989707
Iteration: 984 bestvalit: 104.320000 bestmemit:    0.270165    0.010248    0.054891    0.067387    0.583982    0.286407    0.445138    0.474320    0.304828    0.126300    0.233157    0.472530    1.757361    0.039268    0.001498    0.003244    9.331028    5.771867    1.808724    1.967422    1.769574    1.988078    0.999927    1.093697    1.989707
Iteration: 985 bestvalit: 104.320000 bestmemit:    0.270165    0.010248    0.054891    0.067387    0.583982    0.286407    0.445138    0.474320    0.304828    0.126300    0.233157    0.472530    1.757361    0.039268    0.001498    0.003244    9.331028    5.771867    1.808724    1.967422    1.769574    1.988078    0.999927    1.093697    1.989707
Iteration: 986 bestvalit: 104.320000 bestmemit:    0.270165    0.010248    0.054891    0.067387    0.583982    0.286407    0.445138    0.474320    0.304828    0.126300    0.233157    0.472530    1.757361    0.039268    0.001498    0.003244    9.331028    5.771867    1.808724    1.967422    1.769574    1.988078    0.999927    1.093697    1.989707
Iteration: 987 bestvalit: 104.320000 bestmemit:    0.270165    0.010248    0.054891    0.067387    0.583982    0.286407    0.445138    0.474320    0.304828    0.126300    0.233157    0.472530    1.757361    0.039268    0.001498    0.003244    9.331028    5.771867    1.808724    1.967422    1.769574    1.988078    0.999927    1.093697    1.989707
Iteration: 988 bestvalit: 104.320000 bestmemit:    0.270165    0.010248    0.054891    0.067387    0.583982    0.286407    0.445138    0.474320    0.304828    0.126300    0.233157    0.472530    1.757361    0.039268    0.001498    0.003244    9.331028    5.771867    1.808724    1.967422    1.769574    1.988078    0.999927    1.093697    1.989707
Iteration: 989 bestvalit: 104.320000 bestmemit:    0.270165    0.010248    0.054891    0.067387    0.583982    0.286407    0.445138    0.474320    0.304828    0.126300    0.233157    0.472530    1.757361    0.039268    0.001498    0.003244    9.331028    5.771867    1.808724    1.967422    1.769574    1.988078    0.999927    1.093697    1.989707
Iteration: 990 bestvalit: 104.320000 bestmemit:    0.270165    0.010248    0.054891    0.067387    0.583982    0.286407    0.445138    0.474320    0.304828    0.126300    0.233157    0.472530    1.757361    0.039268    0.001498    0.003244    9.331028    5.771867    1.808724    1.967422    1.769574    1.988078    0.999927    1.093697    1.989707
Iteration: 991 bestvalit: 104.320000 bestmemit:    0.270165    0.010248    0.054891    0.067387    0.583982    0.286407    0.445138    0.474320    0.304828    0.126300    0.233157    0.472530    1.757361    0.039268    0.001498    0.003244    9.331028    5.771867    1.808724    1.967422    1.769574    1.988078    0.999927    1.093697    1.989707
Iteration: 992 bestvalit: 104.320000 bestmemit:    0.270165    0.010248    0.054891    0.067387    0.583982    0.286407    0.445138    0.474320    0.304828    0.126300    0.233157    0.472530    1.757361    0.039268    0.001498    0.003244    9.331028    5.771867    1.808724    1.967422    1.769574    1.988078    0.999927    1.093697    1.989707
Iteration: 993 bestvalit: 104.320000 bestmemit:    0.270165    0.010248    0.054891    0.067387    0.583982    0.286407    0.445138    0.474320    0.304828    0.126300    0.233157    0.472530    1.757361    0.039268    0.001498    0.003244    9.331028    5.771867    1.808724    1.967422    1.769574    1.988078    0.999927    1.093697    1.989707
Iteration: 994 bestvalit: 104.320000 bestmemit:    0.270165    0.010248    0.054891    0.067387    0.583982    0.286407    0.445138    0.474320    0.304828    0.126300    0.233157    0.472530    1.757361    0.039268    0.001498    0.003244    9.331028    5.771867    1.808724    1.967422    1.769574    1.988078    0.999927    1.093697    1.989707
Iteration: 995 bestvalit: 104.320000 bestmemit:    0.270165    0.010248    0.054891    0.067387    0.583982    0.286407    0.445138    0.474320    0.304828    0.126300    0.233157    0.472530    1.757361    0.039268    0.001498    0.003244    9.331028    5.771867    1.808724    1.967422    1.769574    1.988078    0.999927    1.093697    1.989707
Iteration: 996 bestvalit: 104.320000 bestmemit:    0.270165    0.010248    0.054891    0.067387    0.583982    0.286407    0.445138    0.474320    0.304828    0.126300    0.233157    0.472530    1.757361    0.039268    0.001498    0.003244    9.331028    5.771867    1.808724    1.967422    1.769574    1.988078    0.999927    1.093697    1.989707
Iteration: 997 bestvalit: 104.320000 bestmemit:    0.270165    0.010248    0.054891    0.067387    0.583982    0.286407    0.445138    0.474320    0.304828    0.126300    0.233157    0.472530    1.757361    0.039268    0.001498    0.003244    9.331028    5.771867    1.808724    1.967422    1.769574    1.988078    0.999927    1.093697    1.989707
Iteration: 998 bestvalit: 104.320000 bestmemit:    0.270165    0.010248    0.054891    0.067387    0.583982    0.286407    0.445138    0.474320    0.304828    0.126300    0.233157    0.472530    1.757361    0.039268    0.001498    0.003244    9.331028    5.771867    1.808724    1.967422    1.769574    1.988078    0.999927    1.093697    1.989707
Iteration: 999 bestvalit: 104.320000 bestmemit:    0.270165    0.010248    0.054891    0.067387    0.583982    0.286407    0.445138    0.474320    0.304828    0.126300    0.233157    0.472530    1.757361    0.039268    0.001498    0.003244    9.331028    5.771867    1.808724    1.967422    1.769574    1.988078    0.999927    1.093697    1.989707
Iteration: 1000 bestvalit: 104.320000 bestmemit:    0.270165    0.010248    0.054891    0.067387    0.583982    0.286407    0.445138    0.474320    0.304828    0.126300    0.233157    0.472530    1.757361    0.039268    0.001498    0.003244    9.331028    5.771867    1.808724    1.967422    1.769574    1.988078    0.999927    1.093697    1.989707
       par1        par2        par3        par4        par5        par6        par7        par8        par9       par10       par11 
0.270164747 0.010247901 0.054891469 0.067386945 0.583981613 0.286407220 0.445137686 0.474320368 0.304827540 0.126300087 0.233157390 
      par12       par13       par14       par15       par16       par17       par18       par19       par20       par21       par22 
0.472529577 1.757360876 0.039268257 0.001497771 0.003244051 9.331028350 5.771866777 1.808723813 1.967421894 1.769574055 1.988077640 
      par23       par24       par25 
0.999927142 1.093696815 1.989706529 
