Iteration: 1 bestvalit: 502.405000 bestmemit:    0.264766    0.025435    0.090945    0.075761    0.626935    0.375772    0.325814    0.258938    0.108171    0.300480    0.455709    0.087679    1.153495    0.024467    0.041698    0.032664    9.552062    6.215480    1.031154    1.877009    1.897956    1.776479    0.627455    1.117394    1.998577
Iteration: 2 bestvalit: 460.565000 bestmemit:    0.264766    0.025435    0.090945    0.075761    0.626935    0.375772    0.325814    0.258938    0.108171    0.300480    0.455709    0.087679    1.153495    0.024467    0.041698    0.032664    9.109712    8.181936    1.781527    1.895153    1.897956    1.776479    0.627455    1.117394    1.998577
Iteration: 3 bestvalit: 460.565000 bestmemit:    0.264766    0.025435    0.090945    0.075761    0.626935    0.375772    0.325814    0.258938    0.108171    0.300480    0.455709    0.087679    1.153495    0.024467    0.041698    0.032664    9.109712    8.181936    1.781527    1.895153    1.897956    1.776479    0.627455    1.117394    1.998577
Iteration: 4 bestvalit: 452.220000 bestmemit:    0.264766    0.025435    0.090945    0.075761    0.626935    0.375772    0.325814    0.258938    0.108171    0.300480    0.455709    0.087679    1.153495    0.024467    0.041698    0.032664    9.109712    8.966387    1.781527    1.895153    1.897956    1.776479    0.627455    1.117394    1.998577
Iteration: 5 bestvalit: 452.220000 bestmemit:    0.264766    0.025435    0.090945    0.075761    0.626935    0.375772    0.325814    0.258938    0.108171    0.300480    0.455709    0.087679    1.153495    0.024467    0.041698    0.032664    9.109712    8.966387    1.781527    1.895153    1.897956    1.776479    0.627455    1.117394    1.998577
Iteration: 6 bestvalit: 452.220000 bestmemit:    0.264766    0.025435    0.090945    0.075761    0.626935    0.375772    0.325814    0.258938    0.108171    0.300480    0.455709    0.087679    1.153495    0.024467    0.041698    0.032664    9.109712    8.966387    1.781527    1.895153    1.897956    1.776479    0.627455    1.117394    1.998577
Iteration: 7 bestvalit: 443.515000 bestmemit:    0.264766    0.025435    0.090945    0.075761    0.626935    0.375772    0.325814    0.258938    0.108171    0.300480    0.455709    0.087679    1.153495    0.024467    0.041698    0.010647    9.109712    8.966387    1.781527    1.895153    1.897956    1.776479    0.627455    1.117394    1.998577
Iteration: 8 bestvalit: 443.515000 bestmemit:    0.264766    0.025435    0.090945    0.075761    0.626935    0.375772    0.325814    0.258938    0.108171    0.300480    0.455709    0.087679    1.153495    0.024467    0.041698    0.010647    9.109712    8.966387    1.781527    1.895153    1.897956    1.776479    0.627455    1.117394    1.998577
Iteration: 9 bestvalit: 443.515000 bestmemit:    0.264766    0.025435    0.090945    0.075761    0.626935    0.375772    0.325814    0.258938    0.108171    0.300480    0.455709    0.087679    1.153495    0.024467    0.041698    0.010647    9.109712    8.966387    1.781527    1.895153    1.897956    1.776479    0.627455    1.117394    1.998577
Iteration: 10 bestvalit: 443.515000 bestmemit:    0.264766    0.025435    0.090945    0.075761    0.626935    0.375772    0.325814    0.258938    0.108171    0.300480    0.455709    0.087679    1.153495    0.024467    0.041698    0.010647    9.109712    8.966387    1.781527    1.895153    1.897956    1.776479    0.627455    1.117394    1.998577
Iteration: 11 bestvalit: 390.955000 bestmemit:    0.255903    0.059620    0.062926    0.073521    0.878926    0.409718    0.165437    0.165235    0.069551    0.103994    0.343421    0.342680    4.602311    0.097603    0.044851    0.000754    8.760008    7.018376    1.582678    1.979600    1.852277    1.773233    0.646589    1.164209    1.843524
Iteration: 12 bestvalit: 390.955000 bestmemit:    0.255903    0.059620    0.062926    0.073521    0.878926    0.409718    0.165437    0.165235    0.069551    0.103994    0.343421    0.342680    4.602311    0.097603    0.044851    0.000754    8.760008    7.018376    1.582678    1.979600    1.852277    1.773233    0.646589    1.164209    1.843524
Iteration: 13 bestvalit: 366.645000 bestmemit:    0.264766    0.025435    0.058047    0.093404    0.626935    0.375772    0.325814    0.258938    0.108171    0.300480    0.455709    0.087679    1.153495    0.024467    0.041698    0.010647    9.109712    8.966387    1.781527    1.895153    1.897956    1.776479    0.627455    1.117394    1.998577
Iteration: 14 bestvalit: 366.645000 bestmemit:    0.264766    0.025435    0.058047    0.093404    0.626935    0.375772    0.325814    0.258938    0.108171    0.300480    0.455709    0.087679    1.153495    0.024467    0.041698    0.010647    9.109712    8.966387    1.781527    1.895153    1.897956    1.776479    0.627455    1.117394    1.998577
Iteration: 15 bestvalit: 366.645000 bestmemit:    0.264766    0.025435    0.058047    0.093404    0.626935    0.375772    0.325814    0.258938    0.108171    0.300480    0.455709    0.087679    1.153495    0.024467    0.041698    0.010647    9.109712    8.966387    1.781527    1.895153    1.897956    1.776479    0.627455    1.117394    1.998577
Iteration: 16 bestvalit: 366.645000 bestmemit:    0.264766    0.025435    0.058047    0.093404    0.626935    0.375772    0.325814    0.258938    0.108171    0.300480    0.455709    0.087679    1.153495    0.024467    0.041698    0.010647    9.109712    8.966387    1.781527    1.895153    1.897956    1.776479    0.627455    1.117394    1.998577
Iteration: 17 bestvalit: 366.645000 bestmemit:    0.264766    0.025435    0.058047    0.093404    0.626935    0.375772    0.325814    0.258938    0.108171    0.300480    0.455709    0.087679    1.153495    0.024467    0.041698    0.010647    9.109712    8.966387    1.781527    1.895153    1.897956    1.776479    0.627455    1.117394    1.998577
Iteration: 18 bestvalit: 345.730000 bestmemit:    0.282122    0.028350    0.053789    0.086218    0.931330    0.453234    0.353756    0.196491    0.397416    0.271387    0.478067    0.401892    2.754935    0.015186    0.026824    0.060867    5.129833    6.281838    1.822049    1.770017    1.955714    1.780773    0.938275    1.097504    1.930590
Iteration: 19 bestvalit: 333.390000 bestmemit:    0.292925    0.016845    0.051935    0.051040    0.970077    0.406983    0.493430    0.218966    0.164688    0.268635    0.387233    0.374290    4.980785    0.059161    0.003264    0.018890    7.625841    5.143279    1.826971    1.914144    1.807068    1.785007    0.953481    1.188418    2.196217
Iteration: 20 bestvalit: 332.615000 bestmemit:    0.292925    0.016845    0.051935    0.051040    0.970077    0.406983    0.493430    0.218966    0.164688    0.268635    0.387233    0.374290    4.980785    0.059161    0.003264    0.018890    7.625841    5.143279    1.826971    1.916221    1.807068    1.785007    0.953481    1.188418    2.196217
Iteration: 21 bestvalit: 332.615000 bestmemit:    0.292925    0.016845    0.051935    0.051040    0.970077    0.406983    0.493430    0.218966    0.164688    0.268635    0.387233    0.374290    4.980785    0.059161    0.003264    0.018890    7.625841    5.143279    1.826971    1.916221    1.807068    1.785007    0.953481    1.188418    2.196217
Iteration: 22 bestvalit: 321.045000 bestmemit:    0.282122    0.028350    0.053789    0.086218    0.931330    0.453234    0.395163    0.196491    0.397416    0.271387    0.478067    0.401892    2.754935    0.015186    0.026824    0.060867    5.129833    6.281838    1.822049    1.770017    1.955714    1.645372    0.938275    1.097504    1.930590
Iteration: 23 bestvalit: 321.045000 bestmemit:    0.282122    0.028350    0.053789    0.086218    0.931330    0.453234    0.395163    0.196491    0.397416    0.271387    0.478067    0.401892    2.754935    0.015186    0.026824    0.060867    5.129833    6.281838    1.822049    1.770017    1.955714    1.645372    0.938275    1.097504    1.930590
Iteration: 24 bestvalit: 314.125000 bestmemit:    0.311174    0.004431    0.082241    0.089029    0.743945    0.116989    0.431558    0.081555    0.191772    0.219021    0.140106    0.196166    1.682759    0.045230    0.001608    0.049136    5.770341    9.248128    1.550666    1.885807    1.651446    1.753928    0.372096    1.100566    1.876274
Iteration: 25 bestvalit: 314.125000 bestmemit:    0.311174    0.004431    0.082241    0.089029    0.743945    0.116989    0.431558    0.081555    0.191772    0.219021    0.140106    0.196166    1.682759    0.045230    0.001608    0.049136    5.770341    9.248128    1.550666    1.885807    1.651446    1.753928    0.372096    1.100566    1.876274
Iteration: 26 bestvalit: 291.600000 bestmemit:    0.292925    0.016845    0.051935    0.051040    0.970077    0.406983    0.493430    0.218966    0.164688    0.268635    0.387233    0.212783    2.273231    0.059161    0.003264    0.018890    7.625841    5.143279    1.826971    1.916221    1.807068    1.785007    0.953481    1.188418    2.196217
Iteration: 27 bestvalit: 287.820000 bestmemit:    0.292925    0.016845    0.051935    0.051040    0.970077    0.406983    0.493430    0.218966    0.164688    0.268635    0.387233    0.212783    2.273231    0.059161    0.003264    0.018890    7.625841    5.143279    1.826971    1.916221    1.837891    1.785007    0.953481    1.188418    2.196217
Iteration: 28 bestvalit: 279.125000 bestmemit:    0.292925    0.016845    0.051935    0.051040    0.970077    0.406983    0.493430    0.218966    0.164688    0.268635    0.387233    0.212783    2.273231    0.059161    0.003264    0.018890    7.625841    6.848115    1.835981    1.916221    1.837891    1.785007    0.953481    1.188418    2.196217
Iteration: 29 bestvalit: 250.900000 bestmemit:    0.292925    0.016845    0.051935    0.051040    0.593657    0.386360    0.413006    0.218966    0.164688    0.268635    0.387233    0.212783    2.273231    0.059161    0.003264    0.018890    7.625841    6.848115    1.835981    1.916221    1.837891    1.785007    0.953481    1.188418    2.196217
Iteration: 30 bestvalit: 250.900000 bestmemit:    0.292925    0.016845    0.051935    0.051040    0.593657    0.386360    0.413006    0.218966    0.164688    0.268635    0.387233    0.212783    2.273231    0.059161    0.003264    0.018890    7.625841    6.848115    1.835981    1.916221    1.837891    1.785007    0.953481    1.188418    2.196217
Iteration: 31 bestvalit: 250.900000 bestmemit:    0.292925    0.016845    0.051935    0.051040    0.593657    0.386360    0.413006    0.218966    0.164688    0.268635    0.387233    0.212783    2.273231    0.059161    0.003264    0.018890    7.625841    6.848115    1.835981    1.916221    1.837891    1.785007    0.953481    1.188418    2.196217
Iteration: 32 bestvalit: 250.900000 bestmemit:    0.292925    0.016845    0.051935    0.051040    0.593657    0.386360    0.413006    0.218966    0.164688    0.268635    0.387233    0.212783    2.273231    0.059161    0.003264    0.018890    7.625841    6.848115    1.835981    1.916221    1.837891    1.785007    0.953481    1.188418    2.196217
Iteration: 33 bestvalit: 250.900000 bestmemit:    0.292925    0.016845    0.051935    0.051040    0.593657    0.386360    0.413006    0.218966    0.164688    0.268635    0.387233    0.212783    2.273231    0.059161    0.003264    0.018890    7.625841    6.848115    1.835981    1.916221    1.837891    1.785007    0.953481    1.188418    2.196217
Iteration: 34 bestvalit: 250.900000 bestmemit:    0.292925    0.016845    0.051935    0.051040    0.593657    0.386360    0.413006    0.218966    0.164688    0.268635    0.387233    0.212783    2.273231    0.059161    0.003264    0.018890    7.625841    6.848115    1.835981    1.916221    1.837891    1.785007    0.953481    1.188418    2.196217
Iteration: 35 bestvalit: 225.205000 bestmemit:    0.292925    0.016845    0.051935    0.051040    0.593657    0.386360    0.413006    0.218966    0.164688    0.268635    0.387233    0.212783    2.273231    0.059161    0.003264    0.046304    7.625841    6.848115    1.835981    1.916221    1.837891    1.785007    0.953481    1.188418    2.196217
Iteration: 36 bestvalit: 224.885000 bestmemit:    0.292925    0.016845    0.051935    0.051040    0.593657    0.386360    0.413006    0.218966    0.164688    0.268635    0.387233    0.212783    2.273231    0.059161    0.003264    0.046304    7.625841    8.773705    1.855728    1.916221    1.837891    1.785007    0.953481    1.188418    2.196217
Iteration: 37 bestvalit: 224.885000 bestmemit:    0.292925    0.016845    0.051935    0.051040    0.593657    0.386360    0.413006    0.218966    0.164688    0.268635    0.387233    0.212783    2.273231    0.059161    0.003264    0.046304    7.625841    8.773705    1.855728    1.916221    1.837891    1.785007    0.953481    1.188418    2.196217
Iteration: 38 bestvalit: 224.885000 bestmemit:    0.292925    0.016845    0.051935    0.051040    0.593657    0.386360    0.413006    0.218966    0.164688    0.268635    0.387233    0.212783    2.273231    0.059161    0.003264    0.046304    7.625841    8.773705    1.855728    1.916221    1.837891    1.785007    0.953481    1.188418    2.196217
Iteration: 39 bestvalit: 224.885000 bestmemit:    0.292925    0.016845    0.051935    0.051040    0.593657    0.386360    0.413006    0.218966    0.164688    0.268635    0.387233    0.212783    2.273231    0.059161    0.003264    0.046304    7.625841    8.773705    1.855728    1.916221    1.837891    1.785007    0.953481    1.188418    2.196217
Iteration: 40 bestvalit: 220.020000 bestmemit:    0.309825    0.016845    0.051935    0.051040    0.593657    0.386360    0.413006    0.218966    0.164688    0.268635    0.387233    0.212783    2.273231    0.059161    0.003264    0.046304    7.625841    8.773705    1.855728    1.916221    1.837891    1.785007    0.953481    1.189596    2.028954
Iteration: 41 bestvalit: 220.020000 bestmemit:    0.309825    0.016845    0.051935    0.051040    0.593657    0.386360    0.413006    0.218966    0.164688    0.268635    0.387233    0.212783    2.273231    0.059161    0.003264    0.046304    7.625841    8.773705    1.855728    1.916221    1.837891    1.785007    0.953481    1.189596    2.028954
Iteration: 42 bestvalit: 212.835000 bestmemit:    0.309825    0.016845    0.051935    0.051040    0.593657    0.386360    0.413006    0.218966    0.164688    0.268635    0.387233    0.212783    2.273231    0.059161    0.003264    0.046304    7.625841    8.773705    1.855728    1.916221    1.837891    1.820872    0.953481    1.189596    2.028954
Iteration: 43 bestvalit: 186.370000 bestmemit:    0.303453    0.011082    0.062566    0.091518    0.164765    0.238714    0.306025    0.315634    0.090662    0.126127    0.263030    0.290192    2.173773    0.090380    0.004405    0.002483    9.489935    8.363809    1.751340    1.938174    1.773644    1.685576    0.833885    1.079933    1.849516
Iteration: 44 bestvalit: 186.370000 bestmemit:    0.303453    0.011082    0.062566    0.091518    0.164765    0.238714    0.306025    0.315634    0.090662    0.126127    0.263030    0.290192    2.173773    0.090380    0.004405    0.002483    9.489935    8.363809    1.751340    1.938174    1.773644    1.685576    0.833885    1.079933    1.849516
Iteration: 45 bestvalit: 186.370000 bestmemit:    0.303453    0.011082    0.062566    0.091518    0.164765    0.238714    0.306025    0.315634    0.090662    0.126127    0.263030    0.290192    2.173773    0.090380    0.004405    0.002483    9.489935    8.363809    1.751340    1.938174    1.773644    1.685576    0.833885    1.079933    1.849516
Iteration: 46 bestvalit: 186.370000 bestmemit:    0.303453    0.011082    0.062566    0.091518    0.164765    0.238714    0.306025    0.315634    0.090662    0.126127    0.263030    0.290192    2.173773    0.090380    0.004405    0.002483    9.489935    8.363809    1.751340    1.938174    1.773644    1.685576    0.833885    1.079933    1.849516
Iteration: 47 bestvalit: 186.370000 bestmemit:    0.303453    0.011082    0.062566    0.091518    0.164765    0.238714    0.306025    0.315634    0.090662    0.126127    0.263030    0.290192    2.173773    0.090380    0.004405    0.002483    9.489935    8.363809    1.751340    1.938174    1.773644    1.685576    0.833885    1.079933    1.849516
Iteration: 48 bestvalit: 186.370000 bestmemit:    0.303453    0.011082    0.062566    0.091518    0.164765    0.238714    0.306025    0.315634    0.090662    0.126127    0.263030    0.290192    2.173773    0.090380    0.004405    0.002483    9.489935    8.363809    1.751340    1.938174    1.773644    1.685576    0.833885    1.079933    1.849516
Iteration: 49 bestvalit: 185.150000 bestmemit:    0.303453    0.011082    0.062566    0.091518    0.164765    0.238714    0.319405    0.315634    0.090662    0.126127    0.263030    0.290192    2.173773    0.090380    0.004405    0.002483    9.489935    8.363809    1.751340    1.938174    1.773644    1.685576    0.833885    1.079933    1.849516
Iteration: 50 bestvalit: 185.150000 bestmemit:    0.303453    0.011082    0.062566    0.091518    0.164765    0.238714    0.319405    0.315634    0.090662    0.126127    0.263030    0.290192    2.173773    0.090380    0.004405    0.002483    9.489935    8.363809    1.751340    1.938174    1.773644    1.685576    0.833885    1.079933    1.849516
Iteration: 51 bestvalit: 185.150000 bestmemit:    0.303453    0.011082    0.062566    0.091518    0.164765    0.238714    0.319405    0.315634    0.090662    0.126127    0.263030    0.290192    2.173773    0.090380    0.004405    0.002483    9.489935    8.363809    1.751340    1.938174    1.773644    1.685576    0.833885    1.079933    1.849516
Iteration: 52 bestvalit: 185.150000 bestmemit:    0.303453    0.011082    0.062566    0.091518    0.164765    0.238714    0.319405    0.315634    0.090662    0.126127    0.263030    0.290192    2.173773    0.090380    0.004405    0.002483    9.489935    8.363809    1.751340    1.938174    1.773644    1.685576    0.833885    1.079933    1.849516
Iteration: 53 bestvalit: 185.150000 bestmemit:    0.303453    0.011082    0.062566    0.091518    0.164765    0.238714    0.319405    0.315634    0.090662    0.126127    0.263030    0.290192    2.173773    0.090380    0.004405    0.002483    9.489935    8.363809    1.751340    1.938174    1.773644    1.685576    0.833885    1.079933    1.849516
Iteration: 54 bestvalit: 183.400000 bestmemit:    0.303453    0.011082    0.062566    0.091518    0.110268    0.238714    0.319405    0.315634    0.090662    0.126127    0.263030    0.290192    2.173773    0.090380    0.004405    0.002483    9.489935    8.363809    1.751340    1.938174    1.773644    1.685576    0.833885    1.079933    1.849516
Iteration: 55 bestvalit: 183.400000 bestmemit:    0.303453    0.011082    0.062566    0.091518    0.110268    0.238714    0.319405    0.315634    0.090662    0.126127    0.263030    0.290192    2.173773    0.090380    0.004405    0.002483    9.489935    8.363809    1.751340    1.938174    1.773644    1.685576    0.833885    1.079933    1.849516
Iteration: 56 bestvalit: 177.810000 bestmemit:    0.309825    0.016845    0.051935    0.051040    0.593657    0.386360    0.444121    0.218966    0.164688    0.268635    0.387233    0.212783    2.273231    0.052558    0.003264    0.046304    8.585906    8.773705    1.855728    1.916221    1.837891    1.820872    0.953481    1.189596    1.939285
Iteration: 57 bestvalit: 177.810000 bestmemit:    0.309825    0.016845    0.051935    0.051040    0.593657    0.386360    0.444121    0.218966    0.164688    0.268635    0.387233    0.212783    2.273231    0.052558    0.003264    0.046304    8.585906    8.773705    1.855728    1.916221    1.837891    1.820872    0.953481    1.189596    1.939285
Iteration: 58 bestvalit: 176.190000 bestmemit:    0.303453    0.011082    0.062566    0.091518    0.110268    0.238714    0.319405    0.315634    0.090662    0.126127    0.263030    0.290192    2.173773    0.090380    0.004405    0.002483    9.489935    9.048287    1.231224    1.938174    1.773644    1.685576    0.833885    1.079933    1.849516
Iteration: 59 bestvalit: 167.525000 bestmemit:    0.303453    0.011082    0.062566    0.091518    0.110268    0.238714    0.319405    0.315634    0.090662    0.126127    0.263030    0.290192    3.040249    0.090380    0.004405    0.002483    9.489935    9.048287    1.231224    1.938174    1.773644    1.685576    0.833885    1.079933    1.849516
Iteration: 60 bestvalit: 167.525000 bestmemit:    0.303453    0.011082    0.062566    0.091518    0.110268    0.238714    0.319405    0.315634    0.090662    0.126127    0.263030    0.290192    3.040249    0.090380    0.004405    0.002483    9.489935    9.048287    1.231224    1.938174    1.773644    1.685576    0.833885    1.079933    1.849516
Iteration: 61 bestvalit: 167.525000 bestmemit:    0.303453    0.011082    0.062566    0.091518    0.110268    0.238714    0.319405    0.315634    0.090662    0.126127    0.263030    0.290192    3.040249    0.090380    0.004405    0.002483    9.489935    9.048287    1.231224    1.938174    1.773644    1.685576    0.833885    1.079933    1.849516
Iteration: 62 bestvalit: 167.525000 bestmemit:    0.303453    0.011082    0.062566    0.091518    0.110268    0.238714    0.319405    0.315634    0.090662    0.126127    0.263030    0.290192    3.040249    0.090380    0.004405    0.002483    9.489935    9.048287    1.231224    1.938174    1.773644    1.685576    0.833885    1.079933    1.849516
Iteration: 63 bestvalit: 167.525000 bestmemit:    0.303453    0.011082    0.062566    0.091518    0.110268    0.238714    0.319405    0.315634    0.090662    0.126127    0.263030    0.290192    3.040249    0.090380    0.004405    0.002483    9.489935    9.048287    1.231224    1.938174    1.773644    1.685576    0.833885    1.079933    1.849516
Iteration: 64 bestvalit: 167.525000 bestmemit:    0.303453    0.011082    0.062566    0.091518    0.110268    0.238714    0.319405    0.315634    0.090662    0.126127    0.263030    0.290192    3.040249    0.090380    0.004405    0.002483    9.489935    9.048287    1.231224    1.938174    1.773644    1.685576    0.833885    1.079933    1.849516
Iteration: 65 bestvalit: 167.525000 bestmemit:    0.303453    0.011082    0.062566    0.091518    0.110268    0.238714    0.319405    0.315634    0.090662    0.126127    0.263030    0.290192    3.040249    0.090380    0.004405    0.002483    9.489935    9.048287    1.231224    1.938174    1.773644    1.685576    0.833885    1.079933    1.849516
Iteration: 66 bestvalit: 167.525000 bestmemit:    0.303453    0.011082    0.062566    0.091518    0.110268    0.238714    0.319405    0.315634    0.090662    0.126127    0.263030    0.290192    3.040249    0.090380    0.004405    0.002483    9.489935    9.048287    1.231224    1.938174    1.773644    1.685576    0.833885    1.079933    1.849516
Iteration: 67 bestvalit: 167.525000 bestmemit:    0.303453    0.011082    0.062566    0.091518    0.110268    0.238714    0.319405    0.315634    0.090662    0.126127    0.263030    0.290192    3.040249    0.090380    0.004405    0.002483    9.489935    9.048287    1.231224    1.938174    1.773644    1.685576    0.833885    1.079933    1.849516
Iteration: 68 bestvalit: 160.540000 bestmemit:    0.303453    0.011082    0.062566    0.091518    0.110268    0.238714    0.319405    0.315634    0.090662    0.126127    0.263030    0.358970    3.040249    0.090380    0.004405    0.002483    9.489935    9.048287    1.231224    1.938174    1.773644    1.685576    0.833885    1.079933    1.849516
Iteration: 69 bestvalit: 160.540000 bestmemit:    0.303453    0.011082    0.062566    0.091518    0.110268    0.238714    0.319405    0.315634    0.090662    0.126127    0.263030    0.358970    3.040249    0.090380    0.004405    0.002483    9.489935    9.048287    1.231224    1.938174    1.773644    1.685576    0.833885    1.079933    1.849516
Iteration: 70 bestvalit: 160.540000 bestmemit:    0.303453    0.011082    0.062566    0.091518    0.110268    0.238714    0.319405    0.315634    0.090662    0.126127    0.263030    0.358970    3.040249    0.090380    0.004405    0.002483    9.489935    9.048287    1.231224    1.938174    1.773644    1.685576    0.833885    1.079933    1.849516
Iteration: 71 bestvalit: 160.540000 bestmemit:    0.303453    0.011082    0.062566    0.091518    0.110268    0.238714    0.319405    0.315634    0.090662    0.126127    0.263030    0.358970    3.040249    0.090380    0.004405    0.002483    9.489935    9.048287    1.231224    1.938174    1.773644    1.685576    0.833885    1.079933    1.849516
Iteration: 72 bestvalit: 160.540000 bestmemit:    0.303453    0.011082    0.062566    0.091518    0.110268    0.238714    0.319405    0.315634    0.090662    0.126127    0.263030    0.358970    3.040249    0.090380    0.004405    0.002483    9.489935    9.048287    1.231224    1.938174    1.773644    1.685576    0.833885    1.079933    1.849516
Iteration: 73 bestvalit: 160.540000 bestmemit:    0.303453    0.011082    0.062566    0.091518    0.110268    0.238714    0.319405    0.315634    0.090662    0.126127    0.263030    0.358970    3.040249    0.090380    0.004405    0.002483    9.489935    9.048287    1.231224    1.938174    1.773644    1.685576    0.833885    1.079933    1.849516
Iteration: 74 bestvalit: 160.540000 bestmemit:    0.303453    0.011082    0.062566    0.091518    0.110268    0.238714    0.319405    0.315634    0.090662    0.126127    0.263030    0.358970    3.040249    0.090380    0.004405    0.002483    9.489935    9.048287    1.231224    1.938174    1.773644    1.685576    0.833885    1.079933    1.849516
Iteration: 75 bestvalit: 160.540000 bestmemit:    0.303453    0.011082    0.062566    0.091518    0.110268    0.238714    0.319405    0.315634    0.090662    0.126127    0.263030    0.358970    3.040249    0.090380    0.004405    0.002483    9.489935    9.048287    1.231224    1.938174    1.773644    1.685576    0.833885    1.079933    1.849516
Iteration: 76 bestvalit: 152.295000 bestmemit:    0.303453    0.011082    0.062566    0.091518    0.110268    0.238714    0.319405    0.315634    0.090662    0.126127    0.293199    0.309749    3.786288    0.056980    0.004405    0.002483    9.489935    9.048287    1.231224    1.938174    1.773644    1.685576    0.833885    1.079933    1.849516
Iteration: 77 bestvalit: 152.295000 bestmemit:    0.303453    0.011082    0.062566    0.091518    0.110268    0.238714    0.319405    0.315634    0.090662    0.126127    0.293199    0.309749    3.786288    0.056980    0.004405    0.002483    9.489935    9.048287    1.231224    1.938174    1.773644    1.685576    0.833885    1.079933    1.849516
Iteration: 78 bestvalit: 152.295000 bestmemit:    0.303453    0.011082    0.062566    0.091518    0.110268    0.238714    0.319405    0.315634    0.090662    0.126127    0.293199    0.309749    3.786288    0.056980    0.004405    0.002483    9.489935    9.048287    1.231224    1.938174    1.773644    1.685576    0.833885    1.079933    1.849516
Iteration: 79 bestvalit: 152.295000 bestmemit:    0.303453    0.011082    0.062566    0.091518    0.110268    0.238714    0.319405    0.315634    0.090662    0.126127    0.293199    0.309749    3.786288    0.056980    0.004405    0.002483    9.489935    9.048287    1.231224    1.938174    1.773644    1.685576    0.833885    1.079933    1.849516
Iteration: 80 bestvalit: 152.295000 bestmemit:    0.303453    0.011082    0.062566    0.091518    0.110268    0.238714    0.319405    0.315634    0.090662    0.126127    0.293199    0.309749    3.786288    0.056980    0.004405    0.002483    9.489935    9.048287    1.231224    1.938174    1.773644    1.685576    0.833885    1.079933    1.849516
Iteration: 81 bestvalit: 152.295000 bestmemit:    0.303453    0.011082    0.062566    0.091518    0.110268    0.238714    0.319405    0.315634    0.090662    0.126127    0.293199    0.309749    3.786288    0.056980    0.004405    0.002483    9.489935    9.048287    1.231224    1.938174    1.773644    1.685576    0.833885    1.079933    1.849516
Iteration: 82 bestvalit: 152.295000 bestmemit:    0.303453    0.011082    0.062566    0.091518    0.110268    0.238714    0.319405    0.315634    0.090662    0.126127    0.293199    0.309749    3.786288    0.056980    0.004405    0.002483    9.489935    9.048287    1.231224    1.938174    1.773644    1.685576    0.833885    1.079933    1.849516
Iteration: 83 bestvalit: 152.295000 bestmemit:    0.303453    0.011082    0.062566    0.091518    0.110268    0.238714    0.319405    0.315634    0.090662    0.126127    0.293199    0.309749    3.786288    0.056980    0.004405    0.002483    9.489935    9.048287    1.231224    1.938174    1.773644    1.685576    0.833885    1.079933    1.849516
Iteration: 84 bestvalit: 152.295000 bestmemit:    0.303453    0.011082    0.062566    0.091518    0.110268    0.238714    0.319405    0.315634    0.090662    0.126127    0.293199    0.309749    3.786288    0.056980    0.004405    0.002483    9.489935    9.048287    1.231224    1.938174    1.773644    1.685576    0.833885    1.079933    1.849516
Iteration: 85 bestvalit: 152.295000 bestmemit:    0.303453    0.011082    0.062566    0.091518    0.110268    0.238714    0.319405    0.315634    0.090662    0.126127    0.293199    0.309749    3.786288    0.056980    0.004405    0.002483    9.489935    9.048287    1.231224    1.938174    1.773644    1.685576    0.833885    1.079933    1.849516
Iteration: 86 bestvalit: 152.295000 bestmemit:    0.303453    0.011082    0.062566    0.091518    0.110268    0.238714    0.319405    0.315634    0.090662    0.126127    0.293199    0.309749    3.786288    0.056980    0.004405    0.002483    9.489935    9.048287    1.231224    1.938174    1.773644    1.685576    0.833885    1.079933    1.849516
Iteration: 87 bestvalit: 152.295000 bestmemit:    0.303453    0.011082    0.062566    0.091518    0.110268    0.238714    0.319405    0.315634    0.090662    0.126127    0.293199    0.309749    3.786288    0.056980    0.004405    0.002483    9.489935    9.048287    1.231224    1.938174    1.773644    1.685576    0.833885    1.079933    1.849516
Iteration: 88 bestvalit: 152.295000 bestmemit:    0.303453    0.011082    0.062566    0.091518    0.110268    0.238714    0.319405    0.315634    0.090662    0.126127    0.293199    0.309749    3.786288    0.056980    0.004405    0.002483    9.489935    9.048287    1.231224    1.938174    1.773644    1.685576    0.833885    1.079933    1.849516
Iteration: 89 bestvalit: 152.295000 bestmemit:    0.303453    0.011082    0.062566    0.091518    0.110268    0.238714    0.319405    0.315634    0.090662    0.126127    0.293199    0.309749    3.786288    0.056980    0.004405    0.002483    9.489935    9.048287    1.231224    1.938174    1.773644    1.685576    0.833885    1.079933    1.849516
Iteration: 90 bestvalit: 152.295000 bestmemit:    0.303453    0.011082    0.062566    0.091518    0.110268    0.238714    0.319405    0.315634    0.090662    0.126127    0.293199    0.309749    3.786288    0.056980    0.004405    0.002483    9.489935    9.048287    1.231224    1.938174    1.773644    1.685576    0.833666    1.079933    1.849516
Iteration: 91 bestvalit: 152.295000 bestmemit:    0.303453    0.011082    0.062566    0.091518    0.110268    0.238714    0.319405    0.315634    0.090662    0.126127    0.293199    0.309749    3.786288    0.056980    0.004405    0.002483    9.489935    9.048287    1.231224    1.938174    1.773644    1.685576    0.833666    1.079933    1.849516
Iteration: 92 bestvalit: 152.295000 bestmemit:    0.303453    0.011082    0.062566    0.091518    0.110268    0.238714    0.319405    0.315634    0.090662    0.126127    0.293199    0.309749    3.786288    0.056980    0.004405    0.002483    9.489935    9.048287    1.231224    1.938174    1.773644    1.685576    0.833666    1.079933    1.849516
Iteration: 93 bestvalit: 152.295000 bestmemit:    0.303453    0.011082    0.062566    0.091518    0.110268    0.238714    0.319405    0.315634    0.090662    0.126127    0.293199    0.309749    3.786288    0.056980    0.004405    0.002483    9.489935    9.048287    1.231224    1.938174    1.773644    1.685576    0.833666    1.079933    1.849516
Iteration: 94 bestvalit: 152.295000 bestmemit:    0.303453    0.011082    0.062566    0.091518    0.110268    0.238714    0.319405    0.315634    0.090662    0.126127    0.293199    0.309749    3.786288    0.056980    0.004405    0.002483    9.489935    9.048287    1.231224    1.938174    1.773644    1.685576    0.833666    1.079933    1.849516
Iteration: 95 bestvalit: 152.295000 bestmemit:    0.303453    0.011082    0.062566    0.091518    0.110268    0.238714    0.319405    0.315634    0.090662    0.126127    0.293199    0.309749    3.786288    0.056980    0.004405    0.002483    9.489935    9.048287    1.231224    1.938174    1.773644    1.685576    0.833666    1.079933    1.849516
Iteration: 96 bestvalit: 152.295000 bestmemit:    0.303453    0.011082    0.062566    0.091518    0.110268    0.238714    0.319405    0.315634    0.090662    0.126127    0.293199    0.309749    3.786288    0.056980    0.004405    0.002483    9.489935    9.048287    1.231224    1.938174    1.773644    1.685576    0.833666    1.079933    1.849516
Iteration: 97 bestvalit: 152.295000 bestmemit:    0.303453    0.011082    0.062566    0.091518    0.110268    0.238714    0.319405    0.315634    0.090662    0.126127    0.293199    0.309749    3.786288    0.056980    0.004405    0.002483    9.489935    9.048287    1.231224    1.938174    1.773644    1.685576    0.833666    1.079933    1.849516
Iteration: 98 bestvalit: 151.885000 bestmemit:    0.303453    0.011082    0.062118    0.091518    0.110268    0.238714    0.319405    0.315634    0.090662    0.126127    0.293199    0.309749    3.786288    0.056980    0.004405    0.002483    9.489935    9.048287    1.231224    1.938174    1.773644    1.685576    0.833666    1.079933    1.849516
Iteration: 99 bestvalit: 151.885000 bestmemit:    0.303453    0.011082    0.062118    0.091518    0.110268    0.238714    0.319405    0.315634    0.090662    0.126127    0.293199    0.309749    3.786288    0.056980    0.004405    0.002483    9.489935    9.048287    1.231224    1.938174    1.773644    1.685576    0.833666    1.079933    1.849516
Iteration: 100 bestvalit: 151.885000 bestmemit:    0.303453    0.011082    0.062118    0.091518    0.110268    0.238714    0.319405    0.315634    0.090662    0.126127    0.293199    0.309749    3.786288    0.056980    0.004405    0.002483    9.489935    9.048287    1.231224    1.938174    1.773644    1.685576    0.833666    1.079933    1.849516
Iteration: 101 bestvalit: 151.885000 bestmemit:    0.303453    0.011082    0.062118    0.091518    0.110268    0.238714    0.319405    0.315634    0.090662    0.126127    0.293199    0.309749    3.786288    0.056980    0.004405    0.002483    9.489935    9.048287    1.231224    1.938174    1.773644    1.685576    0.833666    1.079933    1.849516
Iteration: 102 bestvalit: 151.885000 bestmemit:    0.303453    0.011082    0.062118    0.091518    0.110268    0.238714    0.319405    0.315634    0.090662    0.126127    0.293199    0.309749    3.786288    0.056980    0.004405    0.002483    9.489935    9.048287    1.231224    1.938174    1.773644    1.685576    0.833666    1.079933    1.849516
Iteration: 103 bestvalit: 151.885000 bestmemit:    0.303453    0.011082    0.062118    0.091518    0.110268    0.238714    0.319405    0.315634    0.090662    0.126127    0.293199    0.309749    3.786288    0.056980    0.004405    0.002483    9.489935    9.048287    1.231224    1.938174    1.773644    1.685576    0.833666    1.079933    1.849516
Iteration: 104 bestvalit: 151.885000 bestmemit:    0.303453    0.011082    0.062118    0.091518    0.110268    0.238714    0.319405    0.315634    0.090662    0.126127    0.293199    0.309749    3.786288    0.056980    0.004405    0.002483    9.489935    9.048287    1.231224    1.938174    1.773644    1.685576    0.833666    1.079933    1.849516
Iteration: 105 bestvalit: 151.885000 bestmemit:    0.303453    0.011082    0.062118    0.091518    0.110268    0.238714    0.319405    0.315634    0.090662    0.126127    0.293199    0.309749    3.786288    0.056980    0.004405    0.002483    9.489935    9.048287    1.231224    1.938174    1.773644    1.685576    0.833666    1.079933    1.849516
Iteration: 106 bestvalit: 151.885000 bestmemit:    0.303453    0.011082    0.062118    0.091518    0.110268    0.238714    0.319405    0.315634    0.090662    0.126127    0.293199    0.309749    3.786288    0.056980    0.004405    0.002483    9.489935    9.048287    1.231224    1.938174    1.773644    1.685576    0.833666    1.079933    1.849516
Iteration: 107 bestvalit: 151.885000 bestmemit:    0.303453    0.011082    0.062118    0.091518    0.110268    0.238714    0.319405    0.315634    0.090662    0.126127    0.293199    0.309749    3.786288    0.056980    0.004405    0.002483    9.489935    9.048287    1.231224    1.938174    1.773644    1.685576    0.833666    1.079933    1.849516
Iteration: 108 bestvalit: 151.885000 bestmemit:    0.303453    0.011082    0.062118    0.091518    0.110268    0.238714    0.319405    0.315634    0.090662    0.126127    0.293199    0.309749    3.786288    0.056980    0.004405    0.002483    9.489935    9.048287    1.231224    1.938174    1.773644    1.685576    0.833666    1.079933    1.849516
Iteration: 109 bestvalit: 151.885000 bestmemit:    0.303453    0.011082    0.062118    0.091518    0.110268    0.238714    0.319405    0.315634    0.090662    0.126127    0.293199    0.309749    3.786288    0.056980    0.004405    0.002483    9.489935    9.048287    1.231224    1.938174    1.773644    1.685576    0.833666    1.079933    1.849516
Iteration: 110 bestvalit: 151.885000 bestmemit:    0.303453    0.011082    0.062118    0.091518    0.110268    0.238714    0.319405    0.315634    0.090662    0.126127    0.293199    0.309749    3.786288    0.056980    0.004405    0.002483    9.489935    9.048287    1.231224    1.938174    1.773644    1.685576    0.833666    1.079933    1.849516
Iteration: 111 bestvalit: 151.885000 bestmemit:    0.303453    0.011082    0.062118    0.091518    0.110268    0.238714    0.319405    0.315634    0.090662    0.126127    0.293199    0.309749    3.786288    0.056980    0.004405    0.002483    9.489935    9.048287    1.231224    1.938174    1.773644    1.685576    0.833666    1.079933    1.849516
Iteration: 112 bestvalit: 151.885000 bestmemit:    0.303453    0.011082    0.062118    0.091518    0.110268    0.238714    0.319405    0.315634    0.090662    0.126127    0.293199    0.309749    3.786288    0.056980    0.004405    0.002483    9.489935    9.048287    1.231224    1.938174    1.773644    1.685576    0.833666    1.079933    1.849516
Iteration: 113 bestvalit: 151.885000 bestmemit:    0.303453    0.011082    0.062118    0.091518    0.110268    0.238714    0.319405    0.315634    0.090662    0.126127    0.293199    0.309749    3.786288    0.056980    0.004405    0.002483    9.489935    9.048287    1.231224    1.938174    1.773644    1.685576    0.833666    1.079933    1.849516
Iteration: 114 bestvalit: 151.885000 bestmemit:    0.303453    0.011082    0.062118    0.091518    0.110268    0.238714    0.319405    0.315634    0.090662    0.126127    0.293199    0.309749    3.786288    0.056980    0.004405    0.002483    9.489935    9.048287    1.231224    1.938174    1.773644    1.685576    0.833666    1.079933    1.849516
Iteration: 115 bestvalit: 151.885000 bestmemit:    0.303453    0.011082    0.062118    0.091518    0.110268    0.238714    0.319405    0.315634    0.090662    0.126127    0.293199    0.309749    3.786288    0.056980    0.004405    0.002483    9.489935    9.048287    1.231224    1.938174    1.773644    1.685576    0.833666    1.079933    1.849516
Iteration: 116 bestvalit: 151.885000 bestmemit:    0.303453    0.011082    0.062118    0.091518    0.110268    0.238714    0.319405    0.315634    0.090662    0.126127    0.293199    0.309749    3.786288    0.056980    0.004405    0.002483    9.489935    9.048287    1.231224    1.938174    1.773644    1.685576    0.833666    1.079933    1.849516
Iteration: 117 bestvalit: 151.885000 bestmemit:    0.303453    0.011082    0.062118    0.091518    0.110268    0.238714    0.319405    0.315634    0.090662    0.126127    0.293199    0.309749    3.786288    0.056980    0.004405    0.002483    9.489935    9.048287    1.231224    1.938174    1.773644    1.685576    0.833666    1.079933    1.849516
Iteration: 118 bestvalit: 150.665000 bestmemit:    0.309825    0.015616    0.051935    0.051040    0.825872    0.386360    0.444121    0.218966    0.184138    0.268635    0.387233    0.212783    2.273231    0.042070    0.003264    0.031069    9.118583    8.404671    1.556355    1.938033    1.837891    1.814414    0.953481    1.189596    1.939285
Iteration: 119 bestvalit: 150.665000 bestmemit:    0.309825    0.015616    0.051935    0.051040    0.825872    0.386360    0.444121    0.218966    0.184138    0.268635    0.387233    0.212783    2.273231    0.042070    0.003264    0.031069    9.118583    8.404671    1.556355    1.938033    1.837891    1.814414    0.953481    1.189596    1.939285
Iteration: 120 bestvalit: 150.665000 bestmemit:    0.309825    0.015616    0.051935    0.051040    0.825872    0.386360    0.444121    0.218966    0.184138    0.268635    0.387233    0.212783    2.273231    0.042070    0.003264    0.031069    9.118583    8.404671    1.556355    1.938033    1.837891    1.814414    0.953481    1.189596    1.939285
Iteration: 121 bestvalit: 150.665000 bestmemit:    0.309825    0.015616    0.051935    0.051040    0.825872    0.386360    0.444121    0.218966    0.184138    0.268635    0.387233    0.212783    2.273231    0.042070    0.003264    0.031069    9.118583    8.404671    1.556355    1.938033    1.837891    1.814414    0.953481    1.189596    1.939285
Iteration: 122 bestvalit: 150.665000 bestmemit:    0.309825    0.015616    0.051935    0.051040    0.825872    0.386360    0.444121    0.218966    0.184138    0.268635    0.387233    0.212783    2.273231    0.042070    0.003264    0.031069    9.118583    8.404671    1.556355    1.938033    1.837891    1.814414    0.953481    1.189596    1.939285
Iteration: 123 bestvalit: 143.810000 bestmemit:    0.284118    0.018279    0.017929    0.068817    0.422377    0.307227    0.114736    0.227607    0.028928    0.294861    0.246338    0.304538    2.019461    0.035053    0.007673    0.001296    7.870356    8.022108    1.584381    1.967752    1.998137    1.729923    0.949381    1.138800    1.965240
Iteration: 124 bestvalit: 143.810000 bestmemit:    0.284118    0.018279    0.017929    0.068817    0.422377    0.307227    0.114736    0.227607    0.028928    0.294861    0.246338    0.304538    2.019461    0.035053    0.007673    0.001296    7.870356    8.022108    1.584381    1.967752    1.998137    1.729923    0.949381    1.138800    1.965240
Iteration: 125 bestvalit: 143.810000 bestmemit:    0.284118    0.018279    0.017929    0.068817    0.422377    0.307227    0.114736    0.227607    0.028928    0.294861    0.246338    0.304538    2.019461    0.035053    0.007673    0.001296    7.870356    8.022108    1.584381    1.967752    1.998137    1.729923    0.949381    1.138800    1.965240
Iteration: 126 bestvalit: 143.810000 bestmemit:    0.284118    0.018279    0.017929    0.068817    0.422377    0.307227    0.114736    0.227607    0.028928    0.294861    0.246338    0.304538    2.019461    0.035053    0.007673    0.001296    7.870356    8.022108    1.584381    1.967752    1.998137    1.729923    0.949381    1.138800    1.965240
Iteration: 127 bestvalit: 143.810000 bestmemit:    0.284118    0.018279    0.017929    0.068817    0.422377    0.307227    0.114736    0.227607    0.028928    0.294861    0.246338    0.304538    2.019461    0.035053    0.007673    0.001296    7.870356    8.022108    1.584381    1.967752    1.998137    1.729923    0.949381    1.138800    1.965240
Iteration: 128 bestvalit: 143.810000 bestmemit:    0.284118    0.018279    0.017929    0.068817    0.422377    0.307227    0.114736    0.227607    0.028928    0.294861    0.246338    0.304538    2.019461    0.035053    0.007673    0.001296    7.870356    8.022108    1.584381    1.967752    1.998137    1.729923    0.949381    1.138800    1.965240
Iteration: 129 bestvalit: 143.810000 bestmemit:    0.284118    0.018279    0.017929    0.068817    0.422377    0.307227    0.114736    0.227607    0.028928    0.294861    0.246338    0.304538    2.019461    0.035053    0.007673    0.001296    7.870356    8.022108    1.584381    1.967752    1.998137    1.729923    0.949381    1.138800    1.965240
Iteration: 130 bestvalit: 142.820000 bestmemit:    0.284118    0.018279    0.017929    0.068817    0.422377    0.307227    0.114736    0.227607    0.028928    0.294861    0.246338    0.304538    2.019461    0.035053    0.007673    0.001296    7.870356    8.673258    1.165150    1.967752    1.998137    1.729923    0.949381    1.138800    1.965240
Iteration: 131 bestvalit: 142.820000 bestmemit:    0.284118    0.018279    0.017929    0.068817    0.422377    0.307227    0.114736    0.227607    0.028928    0.294861    0.246338    0.304538    2.019461    0.035053    0.007673    0.001296    7.870356    8.673258    1.165150    1.967752    1.998137    1.729923    0.949381    1.138800    1.965240
Iteration: 132 bestvalit: 142.820000 bestmemit:    0.284118    0.018279    0.017929    0.068817    0.422377    0.307227    0.114736    0.227607    0.028928    0.294861    0.246338    0.304538    2.019461    0.035053    0.007673    0.001296    7.870356    8.673258    1.165150    1.967752    1.998137    1.729923    0.949381    1.138800    1.965240
Iteration: 133 bestvalit: 142.820000 bestmemit:    0.284118    0.018279    0.017929    0.068817    0.422377    0.307227    0.114736    0.227607    0.028928    0.294861    0.246338    0.304538    2.019461    0.035053    0.007673    0.001296    7.870356    8.673258    1.165150    1.967752    1.998137    1.729923    0.949381    1.138800    1.965240
Iteration: 134 bestvalit: 142.820000 bestmemit:    0.284118    0.018279    0.017929    0.068817    0.422377    0.307227    0.114736    0.227607    0.028928    0.294861    0.246338    0.304538    2.019461    0.035053    0.007673    0.001296    7.870356    8.673258    1.165150    1.967752    1.998137    1.729923    0.949381    1.138800    1.965240
Iteration: 135 bestvalit: 142.820000 bestmemit:    0.284118    0.018279    0.017929    0.068817    0.422377    0.307227    0.114736    0.227607    0.028928    0.294861    0.246338    0.304538    2.019461    0.035053    0.007673    0.001296    7.870356    8.673258    1.165150    1.967752    1.998137    1.729923    0.949381    1.138800    1.965240
Iteration: 136 bestvalit: 133.815000 bestmemit:    0.284118    0.018279    0.017929    0.068817    0.422377    0.307227    0.114736    0.227607    0.028928    0.294861    0.246338    0.304538    1.787818    0.035053    0.007673    0.001296    7.870356    8.673258    1.165150    1.967752    1.998137    1.729923    0.949381    1.138800    1.965240
Iteration: 137 bestvalit: 133.815000 bestmemit:    0.284118    0.018279    0.017929    0.068817    0.422377    0.307227    0.114736    0.227607    0.028928    0.294861    0.246338    0.304538    1.787818    0.035053    0.007673    0.001296    7.870356    8.673258    1.165150    1.967752    1.998137    1.729923    0.949381    1.138800    1.965240
Iteration: 138 bestvalit: 133.815000 bestmemit:    0.284118    0.018279    0.017929    0.068817    0.422377    0.307227    0.114736    0.227607    0.028928    0.294861    0.246338    0.304538    1.787818    0.035053    0.007673    0.001296    7.870356    8.673258    1.165150    1.967752    1.998137    1.729923    0.949381    1.138800    1.965240
Iteration: 139 bestvalit: 133.815000 bestmemit:    0.284118    0.018279    0.017929    0.068817    0.422377    0.307227    0.114736    0.227607    0.028928    0.294861    0.246338    0.304538    1.787818    0.035053    0.007673    0.001296    7.870356    8.673258    1.165150    1.967752    1.998137    1.729923    0.949381    1.138800    1.965240
Iteration: 140 bestvalit: 133.815000 bestmemit:    0.284118    0.018279    0.017929    0.068817    0.422377    0.307227    0.114736    0.227607    0.028928    0.294861    0.246338    0.304538    1.787818    0.035053    0.007673    0.001296    7.870356    8.673258    1.165150    1.967752    1.998137    1.729923    0.949381    1.138800    1.965240
Iteration: 141 bestvalit: 133.815000 bestmemit:    0.284118    0.018279    0.017929    0.068817    0.422377    0.307227    0.114736    0.227607    0.028928    0.294861    0.246338    0.304538    1.787818    0.035053    0.007673    0.001296    7.870356    8.673258    1.165150    1.967752    1.998137    1.729923    0.949381    1.138800    1.965240
Iteration: 142 bestvalit: 133.815000 bestmemit:    0.284118    0.018279    0.017929    0.068817    0.422377    0.307227    0.114736    0.227607    0.028928    0.294861    0.246338    0.304538    1.787818    0.035053    0.007673    0.001296    7.870356    8.673258    1.165150    1.967752    1.998137    1.729923    0.949381    1.138800    1.965240
Iteration: 143 bestvalit: 133.815000 bestmemit:    0.284118    0.018279    0.017929    0.068817    0.422377    0.307227    0.114736    0.227607    0.028928    0.294861    0.246338    0.304538    1.787818    0.035053    0.007673    0.001296    7.870356    8.673258    1.165150    1.967752    1.998137    1.729923    0.949381    1.138800    1.965240
Iteration: 144 bestvalit: 133.815000 bestmemit:    0.284118    0.018279    0.017929    0.068817    0.422377    0.307227    0.114736    0.227607    0.028928    0.294861    0.246338    0.304538    1.787818    0.035053    0.007673    0.001296    7.870356    8.673258    1.165150    1.967752    1.998137    1.729923    0.949381    1.138800    1.965240
Iteration: 145 bestvalit: 133.815000 bestmemit:    0.284118    0.018279    0.017929    0.068817    0.422377    0.307227    0.114736    0.227607    0.028928    0.294861    0.246338    0.304538    1.787818    0.035053    0.007673    0.001296    7.870356    8.673258    1.165150    1.967752    1.998137    1.729923    0.949381    1.138800    1.965240
Iteration: 146 bestvalit: 133.815000 bestmemit:    0.284118    0.018279    0.017929    0.068817    0.422377    0.307227    0.114736    0.227607    0.028928    0.294861    0.246338    0.304538    1.787818    0.035053    0.007673    0.001296    7.870356    8.673258    1.165150    1.967752    1.998137    1.729923    0.949381    1.138800    1.965240
Iteration: 147 bestvalit: 133.270000 bestmemit:    0.322252    0.006075    0.011543    0.063249    0.461603    0.393384    0.295246    0.140101    0.328910    0.171517    0.092698    0.036618    4.070580    0.053206    0.003403    0.004387    9.811311    9.965121    1.007140    1.969556    1.971776    1.691705    0.834258    1.130527    1.976932
Iteration: 148 bestvalit: 133.270000 bestmemit:    0.322252    0.006075    0.011543    0.063249    0.461603    0.393384    0.295246    0.140101    0.328910    0.171517    0.092698    0.036618    4.070580    0.053206    0.003403    0.004387    9.811311    9.965121    1.007140    1.969556    1.971776    1.691705    0.834258    1.130527    1.976932
Iteration: 149 bestvalit: 133.270000 bestmemit:    0.322252    0.006075    0.011543    0.063249    0.461603    0.393384    0.295246    0.140101    0.328910    0.171517    0.092698    0.036618    4.070580    0.053206    0.003403    0.004387    9.811311    9.965121    1.007140    1.969556    1.971776    1.691705    0.834258    1.130527    1.976932
Iteration: 150 bestvalit: 133.270000 bestmemit:    0.322252    0.006075    0.011543    0.063249    0.461603    0.393384    0.295246    0.140101    0.328910    0.171517    0.092698    0.036618    4.070580    0.053206    0.003403    0.004387    9.811311    9.965121    1.007140    1.969556    1.971776    1.691705    0.834258    1.130527    1.976932
Iteration: 151 bestvalit: 133.270000 bestmemit:    0.322252    0.006075    0.011543    0.063249    0.461603    0.393384    0.295246    0.140101    0.328910    0.171517    0.092698    0.036618    4.070580    0.053206    0.003403    0.004387    9.811311    9.965121    1.007140    1.969556    1.971776    1.691705    0.834258    1.130527    1.976932
Iteration: 152 bestvalit: 133.270000 bestmemit:    0.322252    0.006075    0.011543    0.063249    0.461603    0.393384    0.295246    0.140101    0.328910    0.171517    0.092698    0.036618    4.070580    0.053206    0.003403    0.004387    9.811311    9.965121    1.007140    1.969556    1.971776    1.691705    0.834258    1.130527    1.976932
Iteration: 153 bestvalit: 133.270000 bestmemit:    0.322252    0.006075    0.011543    0.063249    0.461603    0.393384    0.295246    0.140101    0.328910    0.171517    0.092698    0.036618    4.070580    0.053206    0.003403    0.004387    9.811311    9.965121    1.007140    1.969556    1.971776    1.691705    0.834258    1.130527    1.976932
Iteration: 154 bestvalit: 133.270000 bestmemit:    0.322252    0.006075    0.011543    0.063249    0.461603    0.393384    0.295246    0.140101    0.328910    0.171517    0.092698    0.036618    4.070580    0.053206    0.003403    0.004387    9.811311    9.965121    1.007140    1.969556    1.971776    1.691705    0.834258    1.130527    1.976932
Iteration: 155 bestvalit: 133.270000 bestmemit:    0.322252    0.006075    0.011543    0.063249    0.461603    0.393384    0.295246    0.140101    0.328910    0.171517    0.092698    0.036618    4.070580    0.053206    0.003403    0.004387    9.811311    9.965121    1.007140    1.969556    1.971776    1.691705    0.834258    1.130527    1.976932
Iteration: 156 bestvalit: 133.270000 bestmemit:    0.322252    0.006075    0.011543    0.063249    0.461603    0.393384    0.295246    0.140101    0.328910    0.171517    0.092698    0.036618    4.070580    0.053206    0.003403    0.004387    9.811311    9.965121    1.007140    1.969556    1.971776    1.691705    0.834258    1.130527    1.976932
Iteration: 157 bestvalit: 133.270000 bestmemit:    0.322252    0.006075    0.011543    0.063249    0.461603    0.393384    0.295246    0.140101    0.328910    0.171517    0.092698    0.036618    4.070580    0.053206    0.003403    0.004387    9.811311    9.965121    1.007140    1.969556    1.971776    1.691705    0.834258    1.130527    1.976932
Iteration: 158 bestvalit: 133.270000 bestmemit:    0.322252    0.006075    0.011543    0.063249    0.461603    0.393384    0.295246    0.140101    0.328910    0.171517    0.092698    0.036618    4.070580    0.053206    0.003403    0.004387    9.811311    9.965121    1.007140    1.969556    1.971776    1.691705    0.834258    1.130527    1.976932
Iteration: 159 bestvalit: 133.270000 bestmemit:    0.322252    0.006075    0.011543    0.063249    0.461603    0.393384    0.295246    0.140101    0.328910    0.171517    0.092698    0.036618    4.070580    0.053206    0.003403    0.004387    9.811311    9.965121    1.007140    1.969556    1.971776    1.691705    0.834258    1.130527    1.976932
Iteration: 160 bestvalit: 133.270000 bestmemit:    0.322252    0.006075    0.011543    0.063249    0.461603    0.393384    0.295246    0.140101    0.328910    0.171517    0.092698    0.036618    4.070580    0.053206    0.003403    0.004387    9.811311    9.965121    1.007140    1.969556    1.971776    1.691705    0.834258    1.130527    1.976932
Iteration: 161 bestvalit: 133.270000 bestmemit:    0.322252    0.006075    0.011543    0.063249    0.461603    0.393384    0.295246    0.140101    0.328910    0.171517    0.092698    0.036618    4.070580    0.053206    0.003403    0.004387    9.811311    9.965121    1.007140    1.969556    1.971776    1.691705    0.834258    1.130527    1.976932
Iteration: 162 bestvalit: 133.270000 bestmemit:    0.322252    0.006075    0.011543    0.063249    0.461603    0.393384    0.295246    0.140101    0.328910    0.171517    0.092698    0.036618    4.070580    0.053206    0.003403    0.004387    9.811311    9.965121    1.007140    1.969556    1.971776    1.691705    0.834258    1.130527    1.976932
Iteration: 163 bestvalit: 133.270000 bestmemit:    0.322252    0.006075    0.011543    0.063249    0.461603    0.393384    0.295246    0.140101    0.328910    0.171517    0.092698    0.036618    4.070580    0.053206    0.003403    0.004387    9.811311    9.965121    1.007140    1.969556    1.971776    1.691705    0.834258    1.130527    1.976932
Iteration: 164 bestvalit: 133.270000 bestmemit:    0.322252    0.006075    0.011543    0.063249    0.461603    0.393384    0.295246    0.140101    0.328910    0.171517    0.092698    0.036618    4.070580    0.053206    0.003403    0.004387    9.811311    9.965121    1.007140    1.969556    1.971776    1.691705    0.834258    1.130527    1.976932
Iteration: 165 bestvalit: 133.270000 bestmemit:    0.322252    0.006075    0.011543    0.063249    0.461603    0.393384    0.295246    0.140101    0.328910    0.171517    0.092698    0.036618    4.070580    0.053206    0.003403    0.004387    9.811311    9.965121    1.007140    1.969556    1.971776    1.691705    0.834258    1.130527    1.976932
Iteration: 166 bestvalit: 133.270000 bestmemit:    0.322252    0.006075    0.011543    0.063249    0.461603    0.393384    0.295246    0.140101    0.328910    0.171517    0.092698    0.036618    4.070580    0.053206    0.003403    0.004387    9.811311    9.965121    1.007140    1.969556    1.971776    1.691705    0.834258    1.130527    1.976932
Iteration: 167 bestvalit: 131.375000 bestmemit:    0.322252    0.006075    0.011543    0.063249    0.461603    0.393384    0.295246    0.140101    0.328910    0.171517    0.092698    0.036618    3.368140    0.056073    0.003403    0.004387    9.811311    9.965121    1.007140    1.969556    1.971776    1.691705    0.834258    1.130527    1.976932
Iteration: 168 bestvalit: 131.375000 bestmemit:    0.322252    0.006075    0.011543    0.063249    0.461603    0.393384    0.295246    0.140101    0.328910    0.171517    0.092698    0.036618    3.368140    0.056073    0.003403    0.004387    9.811311    9.965121    1.007140    1.969556    1.971776    1.691705    0.834258    1.130527    1.976932
Iteration: 169 bestvalit: 131.375000 bestmemit:    0.322252    0.006075    0.011543    0.063249    0.461603    0.393384    0.295246    0.140101    0.328910    0.171517    0.092698    0.036618    3.368140    0.056073    0.003403    0.004387    9.811311    9.965121    1.007140    1.969556    1.971776    1.691705    0.834258    1.130527    1.976932
Iteration: 170 bestvalit: 131.375000 bestmemit:    0.322252    0.006075    0.011543    0.063249    0.461603    0.393384    0.295246    0.140101    0.328910    0.171517    0.092698    0.036618    3.368140    0.056073    0.003403    0.004387    9.811311    9.965121    1.007140    1.969556    1.971776    1.691705    0.834258    1.130527    1.976932
Iteration: 171 bestvalit: 131.375000 bestmemit:    0.322252    0.006075    0.011543    0.063249    0.461603    0.393384    0.295246    0.140101    0.328910    0.171517    0.092698    0.036618    3.368140    0.056073    0.003403    0.004387    9.811311    9.965121    1.007140    1.969556    1.971776    1.691705    0.834258    1.130527    1.976932
Iteration: 172 bestvalit: 131.375000 bestmemit:    0.322252    0.006075    0.011543    0.063249    0.461603    0.393384    0.295246    0.140101    0.328910    0.171517    0.092698    0.036618    3.368140    0.056073    0.003403    0.004387    9.811311    9.965121    1.007140    1.969556    1.971776    1.691705    0.834258    1.130527    1.976932
Iteration: 173 bestvalit: 131.375000 bestmemit:    0.322252    0.006075    0.011543    0.063249    0.461603    0.393384    0.295246    0.140101    0.328910    0.171517    0.092698    0.036618    3.368140    0.056073    0.003403    0.004387    9.811311    9.965121    1.007140    1.969556    1.971776    1.691705    0.834258    1.130527    1.976932
Iteration: 174 bestvalit: 131.375000 bestmemit:    0.322252    0.006075    0.011543    0.063249    0.461603    0.393384    0.295246    0.140101    0.328910    0.171517    0.092698    0.036618    3.368140    0.056073    0.003403    0.004387    9.811311    9.965121    1.007140    1.969556    1.971776    1.691705    0.834258    1.130527    1.976932
Iteration: 175 bestvalit: 131.375000 bestmemit:    0.322252    0.006075    0.011543    0.063249    0.461603    0.393384    0.295246    0.140101    0.328910    0.171517    0.092698    0.036618    3.368140    0.056073    0.003403    0.004387    9.811311    9.965121    1.007140    1.969556    1.971776    1.691705    0.834258    1.130527    1.976932
Iteration: 176 bestvalit: 131.375000 bestmemit:    0.322252    0.006075    0.011543    0.063249    0.461603    0.393384    0.295246    0.140101    0.328910    0.171517    0.092698    0.036618    3.368140    0.056073    0.003403    0.004387    9.811311    9.965121    1.007140    1.969556    1.971776    1.691705    0.834258    1.130527    1.976932
Iteration: 177 bestvalit: 131.375000 bestmemit:    0.322252    0.006075    0.011543    0.063249    0.461603    0.393384    0.295246    0.140101    0.328910    0.171517    0.092698    0.036618    3.368140    0.056073    0.003403    0.004387    9.811311    9.965121    1.007140    1.969556    1.971776    1.691705    0.834258    1.130527    1.976932
Iteration: 178 bestvalit: 127.900000 bestmemit:    0.346373    0.005259    0.069312    0.091494    0.248949    0.140705    0.425886    0.229716    0.124016    0.117428    0.266791    0.250166    3.780578    0.071415    0.003836    0.015776    9.916303    8.525429    1.050568    1.912559    1.904590    1.809455    0.910330    1.190622    1.902892
Iteration: 179 bestvalit: 127.900000 bestmemit:    0.346373    0.005259    0.069312    0.091494    0.248949    0.140705    0.425886    0.229716    0.124016    0.117428    0.266791    0.250166    3.780578    0.071415    0.003836    0.015776    9.916303    8.525429    1.050568    1.912559    1.904590    1.809455    0.910330    1.190622    1.902892
Iteration: 180 bestvalit: 127.775000 bestmemit:    0.346373    0.005259    0.069312    0.097629    0.248949    0.140705    0.425886    0.229716    0.124016    0.117428    0.266791    0.250166    3.780578    0.071415    0.003836    0.015776    9.916303    8.525429    1.050568    1.912559    1.904590    1.809455    0.910330    1.190622    1.902892
Iteration: 181 bestvalit: 127.775000 bestmemit:    0.346373    0.005259    0.069312    0.097629    0.248949    0.140705    0.425886    0.229716    0.124016    0.117428    0.266791    0.250166    3.780578    0.071415    0.003836    0.015776    9.916303    8.525429    1.050568    1.912559    1.904590    1.809455    0.910330    1.190622    1.902892
Iteration: 182 bestvalit: 127.775000 bestmemit:    0.346373    0.005259    0.069312    0.097629    0.248949    0.140705    0.425886    0.229716    0.124016    0.117428    0.266791    0.250166    3.780578    0.071415    0.003836    0.015776    9.916303    8.525429    1.050568    1.912559    1.904590    1.809455    0.910330    1.190622    1.902892
Iteration: 183 bestvalit: 127.775000 bestmemit:    0.346373    0.005259    0.069312    0.097629    0.248949    0.140705    0.425886    0.229716    0.124016    0.117428    0.266791    0.250166    3.780578    0.071415    0.003836    0.015776    9.916303    8.525429    1.050568    1.912559    1.904590    1.809455    0.910330    1.190622    1.902892
Iteration: 184 bestvalit: 127.775000 bestmemit:    0.346373    0.005259    0.069312    0.097629    0.248949    0.140705    0.425886    0.229716    0.124016    0.117428    0.266791    0.250166    3.780578    0.071415    0.003836    0.015776    9.916303    8.525429    1.050568    1.912559    1.904590    1.809455    0.910330    1.190622    1.902892
Iteration: 185 bestvalit: 127.775000 bestmemit:    0.346373    0.005259    0.069312    0.097629    0.248949    0.140705    0.425886    0.229716    0.124016    0.117428    0.266791    0.250166    3.780578    0.071415    0.003836    0.015776    9.916303    8.525429    1.050568    1.912559    1.904590    1.809455    0.910330    1.190622    1.902892
Iteration: 186 bestvalit: 127.775000 bestmemit:    0.346373    0.005259    0.069312    0.097629    0.248949    0.140705    0.425886    0.229716    0.124016    0.117428    0.266791    0.250166    3.780578    0.071415    0.003836    0.015776    9.916303    8.525429    1.050568    1.912559    1.904590    1.809455    0.910330    1.190622    1.902892
Iteration: 187 bestvalit: 126.630000 bestmemit:    0.319848    0.011939    0.025700    0.041311    0.912754    0.476484    0.404220    0.499185    0.479806    0.319442    0.307809    0.368614    2.010155    0.035368    0.005081    0.001942    9.054626    9.996341    1.279497    1.944489    1.970061    1.820673    0.748190    1.115807    1.938967
Iteration: 188 bestvalit: 121.895000 bestmemit:    0.319848    0.011939    0.025700    0.041311    0.912754    0.476484    0.404220    0.499185    0.479806    0.319442    0.307809    0.368614    2.010155    0.035368    0.005081    0.001942    9.054626    9.996341    1.279497    1.944489    1.970061    1.880605    0.971466    1.115807    1.938967
Iteration: 189 bestvalit: 121.895000 bestmemit:    0.319848    0.011939    0.025700    0.041311    0.912754    0.476484    0.404220    0.499185    0.479806    0.319442    0.307809    0.368614    2.010155    0.035368    0.005081    0.001942    9.054626    9.996341    1.279497    1.944489    1.970061    1.880605    0.971466    1.115807    1.938967
Iteration: 190 bestvalit: 121.895000 bestmemit:    0.319848    0.011939    0.025700    0.041311    0.912754    0.476484    0.404220    0.499185    0.479806    0.319442    0.307809    0.368614    2.010155    0.035368    0.005081    0.001942    9.054626    9.996341    1.279497    1.944489    1.970061    1.880605    0.971466    1.115807    1.938967
Iteration: 191 bestvalit: 121.895000 bestmemit:    0.319848    0.011939    0.025700    0.041311    0.912754    0.476484    0.404220    0.499185    0.479806    0.319442    0.307809    0.368614    2.010155    0.035368    0.005081    0.001942    9.054626    9.996341    1.279497    1.944489    1.970061    1.880605    0.971466    1.115807    1.938967
Iteration: 192 bestvalit: 121.895000 bestmemit:    0.319848    0.011939    0.025700    0.041311    0.912754    0.476484    0.404220    0.499185    0.479806    0.319442    0.307809    0.368614    2.010155    0.035368    0.005081    0.001942    9.054626    9.996341    1.279497    1.944489    1.970061    1.880605    0.971466    1.115807    1.938967
Iteration: 193 bestvalit: 121.895000 bestmemit:    0.319848    0.011939    0.025700    0.041311    0.912754    0.476484    0.404220    0.499185    0.479806    0.319442    0.307809    0.368614    2.010155    0.035368    0.005081    0.001942    9.054626    9.996341    1.279497    1.944489    1.970061    1.880605    0.971466    1.115807    1.938967
Iteration: 194 bestvalit: 121.895000 bestmemit:    0.319848    0.011939    0.025700    0.041311    0.912754    0.476484    0.404220    0.499185    0.479806    0.319442    0.307809    0.368614    2.010155    0.035368    0.005081    0.001942    9.054626    9.996341    1.279497    1.944489    1.970061    1.880605    0.971466    1.115807    1.938967
Iteration: 195 bestvalit: 121.220000 bestmemit:    0.319848    0.011939    0.025700    0.041311    0.912754    0.476484    0.404220    0.499185    0.479806    0.319442    0.307809    0.368614    2.010155    0.035368    0.005081    0.001942    9.054626    9.996341    1.279497    1.944489    1.928439    1.880605    0.971466    1.115807    1.938967
Iteration: 196 bestvalit: 120.290000 bestmemit:    0.319848    0.011939    0.025700    0.041311    0.912754    0.476484    0.404220    0.499185    0.488833    0.319442    0.307809    0.368614    2.010155    0.035368    0.005081    0.001942    9.054626    9.996341    1.279497    1.944489    1.928439    1.880605    0.971466    1.115807    1.938967
Iteration: 197 bestvalit: 120.290000 bestmemit:    0.319848    0.011939    0.025700    0.041311    0.912754    0.476484    0.404220    0.499185    0.488833    0.319442    0.307809    0.368614    2.010155    0.035368    0.005081    0.001942    9.054626    9.996341    1.279497    1.944489    1.928439    1.880605    0.971466    1.115807    1.938967
Iteration: 198 bestvalit: 120.290000 bestmemit:    0.319848    0.011939    0.025700    0.041311    0.912754    0.476484    0.404220    0.499185    0.488833    0.319442    0.307809    0.368614    2.010155    0.035368    0.005081    0.001942    9.054626    9.996341    1.279497    1.944489    1.928439    1.880605    0.971466    1.115807    1.938967
Iteration: 199 bestvalit: 120.290000 bestmemit:    0.319848    0.011939    0.025700    0.041311    0.912754    0.476484    0.404220    0.499185    0.488833    0.319442    0.307809    0.368614    2.010155    0.035368    0.005081    0.001942    9.054626    9.996341    1.279497    1.944489    1.928439    1.880605    0.971466    1.115807    1.938967
Iteration: 200 bestvalit: 120.290000 bestmemit:    0.319848    0.011939    0.025700    0.041311    0.912754    0.476484    0.404220    0.499185    0.488833    0.319442    0.307809    0.368614    2.010155    0.035368    0.005081    0.001942    9.054626    9.996341    1.279497    1.944489    1.928439    1.880605    0.971466    1.115807    1.938967
Iteration: 201 bestvalit: 120.290000 bestmemit:    0.319848    0.011939    0.025700    0.041311    0.912754    0.476484    0.404220    0.499185    0.488833    0.319442    0.307809    0.368614    2.010155    0.035368    0.005081    0.001942    9.054626    9.996341    1.279497    1.944489    1.928439    1.880605    0.971466    1.115807    1.938967
Iteration: 202 bestvalit: 120.290000 bestmemit:    0.319848    0.011939    0.025700    0.041311    0.912754    0.476484    0.404220    0.499185    0.488833    0.319442    0.307809    0.368614    2.010155    0.035368    0.005081    0.001942    9.054626    9.996341    1.279497    1.944489    1.928439    1.880605    0.971466    1.115807    1.938967
Iteration: 203 bestvalit: 120.290000 bestmemit:    0.319848    0.011939    0.025700    0.041311    0.912754    0.476484    0.404220    0.499185    0.488833    0.319442    0.307809    0.368614    2.010155    0.035368    0.005081    0.001942    9.054626    9.996341    1.279497    1.944489    1.928439    1.880605    0.971466    1.115807    1.938967
Iteration: 204 bestvalit: 120.290000 bestmemit:    0.319848    0.011939    0.025700    0.041311    0.912754    0.476484    0.404220    0.499185    0.488833    0.319442    0.307809    0.368614    2.010155    0.035368    0.005081    0.001942    9.054626    9.996341    1.279497    1.944489    1.928439    1.880605    0.971466    1.115807    1.938967
Iteration: 205 bestvalit: 120.290000 bestmemit:    0.319848    0.011939    0.025700    0.041311    0.912754    0.476484    0.404220    0.499185    0.488833    0.319442    0.307809    0.368614    2.010155    0.035368    0.005081    0.001942    9.054626    9.996341    1.279497    1.944489    1.928439    1.880605    0.971466    1.115807    1.938967
Iteration: 206 bestvalit: 120.290000 bestmemit:    0.319848    0.011939    0.025700    0.041311    0.912754    0.476484    0.404220    0.499185    0.488833    0.319442    0.307809    0.368614    2.010155    0.035368    0.005081    0.001942    9.054626    9.996341    1.279497    1.944489    1.928439    1.880605    0.971466    1.115807    1.938967
Iteration: 207 bestvalit: 120.290000 bestmemit:    0.319848    0.011939    0.025700    0.041311    0.912754    0.476484    0.404220    0.499185    0.488833    0.319442    0.307809    0.368614    2.010155    0.035368    0.005081    0.001942    9.054626    9.996341    1.279497    1.944489    1.928439    1.880605    0.971466    1.115807    1.938967
Iteration: 208 bestvalit: 118.030000 bestmemit:    0.319848    0.011939    0.025700    0.041311    0.912754    0.476484    0.404220    0.499185    0.488833    0.319442    0.307809    0.368614    2.010155    0.035368    0.005081    0.002606    9.054626    9.996341    1.279497    1.944489    1.928439    1.880605    0.971466    1.115807    1.938967
Iteration: 209 bestvalit: 118.030000 bestmemit:    0.319848    0.011939    0.025700    0.041311    0.912754    0.476484    0.404220    0.499185    0.488833    0.319442    0.307809    0.368614    2.010155    0.035368    0.005081    0.002606    9.054626    9.996341    1.279497    1.944489    1.928439    1.880605    0.971466    1.115807    1.938967
Iteration: 210 bestvalit: 118.030000 bestmemit:    0.319848    0.011939    0.025700    0.041311    0.912754    0.476484    0.404220    0.499185    0.488833    0.319442    0.307809    0.368614    2.010155    0.035368    0.005081    0.002606    9.054626    9.996341    1.279497    1.944489    1.928439    1.880605    0.971466    1.115807    1.938967
Iteration: 211 bestvalit: 118.030000 bestmemit:    0.319848    0.011939    0.025700    0.041311    0.912754    0.476484    0.404220    0.499185    0.488833    0.319442    0.307809    0.368614    2.010155    0.035368    0.005081    0.002606    9.054626    9.996341    1.279497    1.944489    1.928439    1.880605    0.971466    1.115807    1.938967
Iteration: 212 bestvalit: 118.030000 bestmemit:    0.319848    0.011939    0.025700    0.041311    0.912754    0.476484    0.404220    0.499185    0.488833    0.319442    0.307809    0.368614    2.010155    0.035368    0.005081    0.002606    9.054626    9.996341    1.279497    1.944489    1.928439    1.880605    0.971466    1.115807    1.938967
Iteration: 213 bestvalit: 118.030000 bestmemit:    0.319848    0.011939    0.025700    0.041311    0.912754    0.476484    0.404220    0.499185    0.488833    0.319442    0.307809    0.368614    2.010155    0.035368    0.005081    0.002606    9.054626    9.996341    1.279497    1.944489    1.928439    1.880605    0.971466    1.115807    1.938967
Iteration: 214 bestvalit: 118.030000 bestmemit:    0.319848    0.011939    0.025700    0.041311    0.912754    0.476484    0.404220    0.499185    0.488833    0.319442    0.307809    0.368614    2.010155    0.035368    0.005081    0.002606    9.054626    9.996341    1.279497    1.944489    1.928439    1.880605    0.971466    1.115807    1.938967
Iteration: 215 bestvalit: 118.030000 bestmemit:    0.319848    0.011939    0.025700    0.041311    0.912754    0.476484    0.404220    0.499185    0.488833    0.319442    0.307809    0.368614    2.010155    0.035368    0.005081    0.002606    9.054626    9.996341    1.279497    1.944489    1.928439    1.880605    0.971466    1.115807    1.938967
Iteration: 216 bestvalit: 118.030000 bestmemit:    0.319848    0.011939    0.025700    0.041311    0.912754    0.476484    0.404220    0.499185    0.488833    0.319442    0.307809    0.368614    2.010155    0.035368    0.005081    0.002606    9.054626    9.996341    1.279497    1.944489    1.928439    1.880605    0.971466    1.115807    1.938967
Iteration: 217 bestvalit: 118.030000 bestmemit:    0.319848    0.011939    0.025700    0.041311    0.912754    0.476484    0.404220    0.499185    0.488833    0.319442    0.307809    0.368614    2.010155    0.035368    0.005081    0.002606    9.054626    9.996341    1.279497    1.944489    1.928439    1.880605    0.971466    1.115807    1.938967
Iteration: 218 bestvalit: 118.030000 bestmemit:    0.319848    0.011939    0.025700    0.041311    0.912754    0.476484    0.404220    0.499185    0.488833    0.319442    0.307809    0.368614    2.010155    0.035368    0.005081    0.002606    9.054626    9.996341    1.279497    1.944489    1.928439    1.880605    0.971466    1.115807    1.938967
Iteration: 219 bestvalit: 118.030000 bestmemit:    0.319848    0.011939    0.025700    0.041311    0.912754    0.476484    0.404220    0.499185    0.488833    0.319442    0.307809    0.368614    2.010155    0.035368    0.005081    0.002606    9.054626    9.996341    1.279497    1.944489    1.928439    1.880605    0.971466    1.115807    1.938967
Iteration: 220 bestvalit: 118.030000 bestmemit:    0.319848    0.011939    0.025700    0.041311    0.912754    0.476484    0.404220    0.499185    0.488833    0.319442    0.307809    0.368614    2.010155    0.035368    0.005081    0.002606    9.054626    9.996341    1.279497    1.944489    1.928439    1.880605    0.971466    1.115807    1.938967
Iteration: 221 bestvalit: 118.030000 bestmemit:    0.319848    0.011939    0.025700    0.041311    0.912754    0.476484    0.404220    0.499185    0.488833    0.319442    0.307809    0.368614    2.010155    0.035368    0.005081    0.002606    9.054626    9.996341    1.279497    1.944489    1.928439    1.880605    0.971466    1.115807    1.938967
Iteration: 222 bestvalit: 116.685000 bestmemit:    0.319848    0.011939    0.025700    0.041311    0.912754    0.476484    0.404220    0.499185    0.488833    0.319442    0.307809    0.368614    1.666398    0.035368    0.005081    0.002606    9.054626    9.996341    1.279497    1.944489    1.928439    1.880605    0.971466    1.115807    1.938967
Iteration: 223 bestvalit: 116.685000 bestmemit:    0.319848    0.011939    0.025700    0.041311    0.912754    0.476484    0.404220    0.499185    0.488833    0.319442    0.307809    0.368614    1.666398    0.035368    0.005081    0.002606    9.054626    9.996341    1.279497    1.944489    1.928439    1.880605    0.971466    1.115807    1.938967
Iteration: 224 bestvalit: 116.685000 bestmemit:    0.319848    0.011939    0.025700    0.041311    0.912754    0.476484    0.404220    0.499185    0.488833    0.319442    0.307809    0.368614    1.666398    0.035368    0.005081    0.002606    9.054626    9.996341    1.279497    1.944489    1.928439    1.880605    0.971466    1.115807    1.938967
Iteration: 225 bestvalit: 116.685000 bestmemit:    0.319848    0.011939    0.025700    0.041311    0.912754    0.476484    0.404220    0.499185    0.488833    0.319442    0.307809    0.368614    1.666398    0.035368    0.005081    0.002606    9.054626    9.996341    1.279497    1.944489    1.928439    1.880605    0.971466    1.115807    1.938967
Iteration: 226 bestvalit: 116.685000 bestmemit:    0.319848    0.011939    0.025700    0.041311    0.912754    0.476484    0.404220    0.499185    0.488833    0.319442    0.307809    0.368614    1.666398    0.035368    0.005081    0.002606    9.054626    9.996341    1.279497    1.944489    1.928439    1.880605    0.971466    1.115807    1.938967
Iteration: 227 bestvalit: 116.685000 bestmemit:    0.319848    0.011939    0.025700    0.041311    0.912754    0.476484    0.404220    0.499185    0.488833    0.319442    0.307809    0.368614    1.666398    0.035368    0.005081    0.002606    9.054626    9.996341    1.279497    1.944489    1.928439    1.880605    0.971466    1.115807    1.938967
Iteration: 228 bestvalit: 116.685000 bestmemit:    0.319848    0.011939    0.025700    0.041311    0.912754    0.476484    0.404220    0.499185    0.488833    0.319442    0.307809    0.368614    1.666398    0.035368    0.005081    0.002606    9.054626    9.996341    1.279497    1.944489    1.928439    1.880605    0.971466    1.115807    1.938967
Iteration: 229 bestvalit: 116.685000 bestmemit:    0.319848    0.011939    0.025700    0.041311    0.912754    0.476484    0.404220    0.499185    0.488833    0.319442    0.307809    0.368614    1.666398    0.035368    0.005081    0.002606    9.054626    9.996341    1.279497    1.944489    1.928439    1.880605    0.971466    1.115807    1.938967
Iteration: 230 bestvalit: 116.685000 bestmemit:    0.319848    0.011939    0.025700    0.041311    0.912754    0.476484    0.404220    0.499185    0.488833    0.319442    0.307809    0.368614    1.666398    0.035368    0.005081    0.002606    9.054626    9.996341    1.279497    1.944489    1.928439    1.880605    0.971466    1.115807    1.938967
Iteration: 231 bestvalit: 116.685000 bestmemit:    0.319848    0.011939    0.025700    0.041311    0.912754    0.476484    0.404220    0.499185    0.488833    0.319442    0.307809    0.368614    1.666398    0.035368    0.005081    0.002606    9.054626    9.996341    1.279497    1.944489    1.928439    1.880605    0.971466    1.115807    1.938967
Iteration: 232 bestvalit: 116.685000 bestmemit:    0.319848    0.011939    0.025700    0.041311    0.912754    0.476484    0.404220    0.499185    0.488833    0.319442    0.307809    0.368614    1.666398    0.035368    0.005081    0.002606    9.054626    9.996341    1.279497    1.944489    1.928439    1.880605    0.971466    1.115807    1.938967
Iteration: 233 bestvalit: 116.685000 bestmemit:    0.319848    0.011939    0.025700    0.041311    0.912754    0.476484    0.404220    0.499185    0.488833    0.319442    0.307809    0.368614    1.666398    0.035368    0.005081    0.002606    9.054626    9.996341    1.279497    1.944489    1.928439    1.880605    0.971466    1.115807    1.938967
Iteration: 234 bestvalit: 116.685000 bestmemit:    0.319848    0.011939    0.025700    0.041311    0.912754    0.476484    0.404220    0.499185    0.488833    0.319442    0.307809    0.368614    1.666398    0.035368    0.005081    0.002606    9.054626    9.996341    1.279497    1.944489    1.928439    1.880605    0.971466    1.115807    1.938967
Iteration: 235 bestvalit: 116.685000 bestmemit:    0.319848    0.011939    0.025700    0.041311    0.912754    0.476484    0.404220    0.499185    0.488833    0.319442    0.307809    0.368614    1.666398    0.035368    0.005081    0.002606    9.054626    9.996341    1.279497    1.944489    1.928439    1.880605    0.971466    1.115807    1.938967
Iteration: 236 bestvalit: 116.685000 bestmemit:    0.319848    0.011939    0.025700    0.041311    0.912754    0.476484    0.404220    0.499185    0.488833    0.319442    0.307809    0.368614    1.666398    0.035368    0.005081    0.002606    9.054626    9.996341    1.279497    1.944489    1.928439    1.880605    0.971466    1.115807    1.938967
Iteration: 237 bestvalit: 116.685000 bestmemit:    0.319848    0.011939    0.025700    0.041311    0.912754    0.476484    0.404220    0.499185    0.488833    0.319442    0.307809    0.368614    1.666398    0.035368    0.005081    0.002606    9.054626    9.996341    1.279497    1.944489    1.928439    1.880605    0.971466    1.115807    1.938967
Iteration: 238 bestvalit: 116.685000 bestmemit:    0.319848    0.011939    0.025700    0.041311    0.912754    0.476484    0.404220    0.499185    0.488833    0.319442    0.307809    0.368614    1.666398    0.035368    0.005081    0.002606    9.054626    9.996341    1.279497    1.944489    1.928439    1.880605    0.971466    1.115807    1.938967
Iteration: 239 bestvalit: 116.685000 bestmemit:    0.319848    0.011939    0.025700    0.041311    0.912754    0.476484    0.404220    0.499185    0.488833    0.319442    0.307809    0.368614    1.666398    0.035368    0.005081    0.002606    9.054626    9.996341    1.279497    1.944489    1.928439    1.880605    0.971466    1.115807    1.938967
Iteration: 240 bestvalit: 116.685000 bestmemit:    0.319848    0.011939    0.025700    0.041311    0.912754    0.476484    0.404220    0.499185    0.488833    0.319442    0.307809    0.368614    1.666398    0.035368    0.005081    0.002606    9.054626    9.996341    1.279497    1.944489    1.928439    1.880605    0.971466    1.115807    1.938967
Iteration: 241 bestvalit: 116.685000 bestmemit:    0.319848    0.011939    0.025700    0.041311    0.912754    0.476484    0.404220    0.499185    0.488833    0.319442    0.307809    0.368614    1.666398    0.035368    0.005081    0.002606    9.054626    9.996341    1.279497    1.944489    1.928439    1.880605    0.971466    1.115807    1.938967
Iteration: 242 bestvalit: 116.685000 bestmemit:    0.319848    0.011939    0.025700    0.041311    0.912754    0.476484    0.404220    0.499185    0.488833    0.319442    0.307809    0.368614    1.666398    0.035368    0.005081    0.002606    9.054626    9.996341    1.279497    1.944489    1.928439    1.880605    0.971466    1.115807    1.938967
Iteration: 243 bestvalit: 116.685000 bestmemit:    0.319848    0.011939    0.025700    0.041311    0.912754    0.476484    0.404220    0.499185    0.488833    0.319442    0.307809    0.368614    1.666398    0.035368    0.005081    0.002606    9.054626    9.996341    1.279497    1.944489    1.928439    1.880605    0.971466    1.115807    1.938967
Iteration: 244 bestvalit: 116.685000 bestmemit:    0.319848    0.011939    0.025700    0.041311    0.912754    0.476484    0.404220    0.499185    0.488833    0.319442    0.307809    0.368614    1.666398    0.035368    0.005081    0.002606    9.054626    9.996341    1.279497    1.944489    1.928439    1.880605    0.971466    1.115807    1.938967
Iteration: 245 bestvalit: 116.685000 bestmemit:    0.319848    0.011939    0.025700    0.041311    0.912754    0.476484    0.404220    0.499185    0.488833    0.319442    0.307809    0.368614    1.666398    0.035368    0.005081    0.002606    9.054626    9.996341    1.279497    1.944489    1.928439    1.880605    0.971466    1.115807    1.938967
Iteration: 246 bestvalit: 116.685000 bestmemit:    0.319848    0.011939    0.025700    0.041311    0.912754    0.476484    0.404220    0.499185    0.488833    0.319442    0.307809    0.368614    1.666398    0.035368    0.005081    0.002606    9.054626    9.996341    1.279497    1.944489    1.928439    1.880605    0.971466    1.115807    1.938967
Iteration: 247 bestvalit: 116.685000 bestmemit:    0.319848    0.011939    0.025700    0.041311    0.912754    0.476484    0.404220    0.499185    0.488833    0.319442    0.307809    0.368614    1.666398    0.035368    0.005081    0.002606    9.054626    9.996341    1.279497    1.944489    1.928439    1.880605    0.971466    1.115807    1.938967
Iteration: 248 bestvalit: 116.685000 bestmemit:    0.319848    0.011939    0.025700    0.041311    0.912754    0.476484    0.404220    0.499185    0.488833    0.319442    0.307809    0.368614    1.666398    0.035368    0.005081    0.002606    9.054626    9.996341    1.279497    1.944489    1.928439    1.880605    0.971466    1.115807    1.938967
Iteration: 249 bestvalit: 116.685000 bestmemit:    0.319848    0.011939    0.025700    0.041311    0.912754    0.476484    0.404220    0.499185    0.488833    0.319442    0.307809    0.368614    1.666398    0.035368    0.005081    0.002606    9.054626    9.996341    1.279497    1.944489    1.928439    1.880605    0.971466    1.115807    1.938967
Iteration: 250 bestvalit: 116.685000 bestmemit:    0.319848    0.011939    0.025700    0.041311    0.912754    0.476484    0.404220    0.499185    0.488833    0.319442    0.307809    0.368614    1.666398    0.035368    0.005081    0.002606    9.054626    9.996341    1.279497    1.944489    1.928439    1.880605    0.971466    1.115807    1.938967
Iteration: 251 bestvalit: 116.685000 bestmemit:    0.319848    0.011939    0.025700    0.041311    0.912754    0.476484    0.404220    0.499185    0.488833    0.319442    0.307809    0.368614    1.666398    0.035368    0.005081    0.002606    9.054626    9.996341    1.279497    1.944489    1.928439    1.880605    0.971466    1.115807    1.938967
Iteration: 252 bestvalit: 116.685000 bestmemit:    0.319848    0.011939    0.025700    0.041311    0.912754    0.476484    0.404220    0.499185    0.488833    0.319442    0.307809    0.368614    1.666398    0.035368    0.005081    0.002606    9.054626    9.996341    1.279497    1.944489    1.928439    1.880605    0.971466    1.115807    1.938967
Iteration: 253 bestvalit: 116.685000 bestmemit:    0.319848    0.011939    0.025700    0.041311    0.912754    0.476484    0.404220    0.499185    0.488833    0.319442    0.307809    0.368614    1.666398    0.035368    0.005081    0.002606    9.054626    9.996341    1.279497    1.944489    1.928439    1.880605    0.971466    1.115807    1.938967
Iteration: 254 bestvalit: 116.685000 bestmemit:    0.319848    0.011939    0.025700    0.041311    0.912754    0.476484    0.404220    0.499185    0.488833    0.319442    0.307809    0.368614    1.666398    0.035368    0.005081    0.002606    9.054626    9.996341    1.279497    1.944489    1.928439    1.880605    0.971466    1.115807    1.938967
Iteration: 255 bestvalit: 116.685000 bestmemit:    0.319848    0.011939    0.025700    0.041311    0.912754    0.476484    0.404220    0.499185    0.488833    0.319442    0.307809    0.368614    1.666398    0.035368    0.005081    0.002606    9.054626    9.996341    1.279497    1.944489    1.928439    1.880605    0.971466    1.115807    1.938967
Iteration: 256 bestvalit: 116.685000 bestmemit:    0.319848    0.011939    0.025700    0.041311    0.912754    0.476484    0.404220    0.499185    0.488833    0.319442    0.307809    0.368614    1.666398    0.035368    0.005081    0.002606    9.054626    9.996341    1.279497    1.944489    1.928439    1.880605    0.971466    1.115807    1.938967
Iteration: 257 bestvalit: 116.685000 bestmemit:    0.319848    0.011939    0.025700    0.041311    0.912754    0.476484    0.404220    0.499185    0.488833    0.319442    0.307809    0.368614    1.666398    0.035368    0.005081    0.002606    9.054626    9.996341    1.279497    1.944489    1.928439    1.880605    0.971466    1.115807    1.938967
Iteration: 258 bestvalit: 116.685000 bestmemit:    0.319848    0.011939    0.025700    0.041311    0.912754    0.476484    0.404220    0.499185    0.488833    0.319442    0.307809    0.368614    1.666398    0.035368    0.005081    0.002606    9.054626    9.996341    1.279497    1.944489    1.928439    1.880605    0.971466    1.115807    1.938967
Iteration: 259 bestvalit: 116.685000 bestmemit:    0.319848    0.011939    0.025700    0.041311    0.912754    0.476484    0.404220    0.499185    0.488833    0.319442    0.307809    0.368614    1.666398    0.035368    0.005081    0.002606    9.054626    9.996341    1.279497    1.944489    1.928439    1.880605    0.971466    1.115807    1.938967
Iteration: 260 bestvalit: 116.685000 bestmemit:    0.319848    0.011939    0.025700    0.041311    0.912754    0.476484    0.404220    0.499185    0.488833    0.319442    0.307809    0.368614    1.666398    0.035368    0.005081    0.002606    9.054626    9.996341    1.279497    1.944489    1.928439    1.880605    0.971466    1.115807    1.938967
Iteration: 261 bestvalit: 116.685000 bestmemit:    0.319848    0.011939    0.025700    0.041311    0.912754    0.476484    0.404220    0.499185    0.488833    0.319442    0.307809    0.368614    1.666398    0.035368    0.005081    0.002606    9.054626    9.996341    1.279497    1.944489    1.928439    1.880605    0.971466    1.115807    1.938967
Iteration: 262 bestvalit: 116.685000 bestmemit:    0.319848    0.011939    0.025700    0.041311    0.912754    0.476484    0.404220    0.499185    0.488833    0.319442    0.307809    0.368614    1.666398    0.035368    0.005081    0.002606    9.054626    9.996341    1.279497    1.944489    1.928439    1.880605    0.971466    1.115807    1.938967
Iteration: 263 bestvalit: 116.685000 bestmemit:    0.319848    0.011939    0.025700    0.041311    0.912754    0.476484    0.404220    0.499185    0.488833    0.319442    0.307809    0.368614    1.666398    0.035368    0.005081    0.002606    9.054626    9.996341    1.279497    1.944489    1.928439    1.880605    0.971466    1.115807    1.938967
Iteration: 264 bestvalit: 116.685000 bestmemit:    0.319848    0.011939    0.025700    0.041311    0.912754    0.476484    0.404220    0.499185    0.488833    0.319442    0.307809    0.368614    1.666398    0.035368    0.005081    0.002606    9.054626    9.996341    1.279497    1.944489    1.928439    1.880605    0.971466    1.115807    1.938967
Iteration: 265 bestvalit: 116.685000 bestmemit:    0.319848    0.011939    0.025700    0.041311    0.912754    0.476484    0.404220    0.499185    0.488833    0.319442    0.307809    0.368614    1.666398    0.035368    0.005081    0.002606    9.054626    9.996341    1.279497    1.944489    1.928439    1.880605    0.971466    1.115807    1.938967
Iteration: 266 bestvalit: 116.685000 bestmemit:    0.319848    0.011939    0.025700    0.041311    0.912754    0.476484    0.404220    0.499185    0.488833    0.319442    0.307809    0.368614    1.666398    0.035368    0.005081    0.002606    9.054626    9.996341    1.279497    1.944489    1.928439    1.880605    0.971466    1.115807    1.938967
Iteration: 267 bestvalit: 116.685000 bestmemit:    0.319848    0.011939    0.025700    0.041311    0.912754    0.476484    0.404220    0.499185    0.488833    0.319442    0.307809    0.368614    1.666398    0.035368    0.005081    0.002606    9.054626    9.996341    1.279497    1.944489    1.928439    1.880605    0.971466    1.115807    1.938967
Iteration: 268 bestvalit: 116.685000 bestmemit:    0.319848    0.011939    0.025700    0.041311    0.912754    0.476484    0.404220    0.499185    0.488833    0.319442    0.307809    0.368614    1.666398    0.035368    0.005081    0.002606    9.054626    9.996341    1.279497    1.944489    1.928439    1.880605    0.971466    1.115807    1.938967
Iteration: 269 bestvalit: 116.685000 bestmemit:    0.319848    0.011939    0.025700    0.041311    0.912754    0.476484    0.404220    0.499185    0.488833    0.319442    0.307809    0.368614    1.666398    0.035368    0.005081    0.002606    9.054626    9.996341    1.279497    1.944489    1.928439    1.880605    0.971466    1.115807    1.938967
Iteration: 270 bestvalit: 116.685000 bestmemit:    0.319848    0.011939    0.025700    0.041311    0.912754    0.476484    0.404220    0.499185    0.488833    0.319442    0.307809    0.368614    1.666398    0.035368    0.005081    0.002606    9.054626    9.996341    1.279497    1.944489    1.928439    1.880605    0.971466    1.115807    1.938967
Iteration: 271 bestvalit: 116.685000 bestmemit:    0.319848    0.011939    0.025700    0.041311    0.912754    0.476484    0.404220    0.499185    0.488833    0.319442    0.307809    0.368614    1.666398    0.035368    0.005081    0.002606    9.054626    9.996341    1.279497    1.944489    1.928439    1.880605    0.971466    1.115807    1.938967
Iteration: 272 bestvalit: 116.685000 bestmemit:    0.319848    0.011939    0.025700    0.041311    0.912754    0.476484    0.404220    0.499185    0.488833    0.319442    0.307809    0.368614    1.666398    0.035368    0.005081    0.002606    9.054626    9.996341    1.279497    1.944489    1.928439    1.880605    0.971466    1.115807    1.938967
Iteration: 273 bestvalit: 116.685000 bestmemit:    0.319848    0.011939    0.025700    0.041311    0.912754    0.476484    0.404220    0.499185    0.488833    0.319442    0.307809    0.368614    1.666398    0.035368    0.005081    0.002606    9.054626    9.996341    1.279497    1.944489    1.928439    1.880605    0.971466    1.115807    1.938967
Iteration: 274 bestvalit: 116.685000 bestmemit:    0.319848    0.011939    0.025700    0.041311    0.912754    0.476484    0.404220    0.499185    0.488833    0.319442    0.307809    0.368614    1.666398    0.035368    0.005081    0.002606    9.054626    9.996341    1.279497    1.944489    1.928439    1.880605    0.971466    1.115807    1.938967
Iteration: 275 bestvalit: 116.685000 bestmemit:    0.319848    0.011939    0.025700    0.041311    0.912754    0.476484    0.404220    0.499185    0.488833    0.319442    0.307809    0.368614    1.666398    0.035368    0.005081    0.002606    9.054626    9.996341    1.279497    1.944489    1.928439    1.880605    0.971466    1.115807    1.938967
Iteration: 276 bestvalit: 116.685000 bestmemit:    0.319848    0.011939    0.025700    0.041311    0.912754    0.476484    0.404220    0.499185    0.488833    0.319442    0.307809    0.368614    1.666398    0.035368    0.005081    0.002606    9.054626    9.996341    1.279497    1.944489    1.928439    1.880605    0.971466    1.115807    1.938967
Iteration: 277 bestvalit: 116.685000 bestmemit:    0.319848    0.011939    0.025700    0.041311    0.912754    0.476484    0.404220    0.499185    0.488833    0.319442    0.307809    0.368614    1.666398    0.035368    0.005081    0.002606    9.054626    9.996341    1.279497    1.944489    1.928439    1.880605    0.971466    1.115807    1.938967
Iteration: 278 bestvalit: 116.685000 bestmemit:    0.319848    0.011939    0.025700    0.041311    0.912754    0.476484    0.404220    0.499185    0.488833    0.319442    0.307809    0.368614    1.666398    0.035368    0.005081    0.002606    9.054626    9.996341    1.279497    1.944489    1.928439    1.880605    0.971466    1.115807    1.938967
Iteration: 279 bestvalit: 116.685000 bestmemit:    0.319848    0.011939    0.025700    0.041311    0.912754    0.476484    0.404220    0.499185    0.488833    0.319442    0.307809    0.368614    1.666398    0.035368    0.005081    0.002606    9.054626    9.996341    1.279497    1.944489    1.928439    1.880605    0.971466    1.115807    1.938967
Iteration: 280 bestvalit: 116.685000 bestmemit:    0.319848    0.011939    0.025700    0.041311    0.912754    0.476484    0.404220    0.499185    0.488833    0.319442    0.307809    0.368614    1.666398    0.035368    0.005081    0.002606    9.054626    9.996341    1.279497    1.944489    1.928439    1.880605    0.971466    1.115807    1.938967
Iteration: 281 bestvalit: 116.685000 bestmemit:    0.319848    0.011939    0.025700    0.041311    0.912754    0.476484    0.404220    0.499185    0.488833    0.319442    0.307809    0.368614    1.666398    0.035368    0.005081    0.002606    9.054626    9.996341    1.279497    1.944489    1.928439    1.880605    0.971466    1.115807    1.938967
Iteration: 282 bestvalit: 116.685000 bestmemit:    0.319848    0.011939    0.025700    0.041311    0.912754    0.476484    0.404220    0.499185    0.488833    0.319442    0.307809    0.368614    1.666398    0.035368    0.005081    0.002606    9.054626    9.996341    1.279497    1.944489    1.928439    1.880605    0.971466    1.115807    1.938967
Iteration: 283 bestvalit: 116.685000 bestmemit:    0.319848    0.011939    0.025700    0.041311    0.912754    0.476484    0.404220    0.499185    0.488833    0.319442    0.307809    0.368614    1.666398    0.035368    0.005081    0.002606    9.054626    9.996341    1.279497    1.944489    1.928439    1.880605    0.971466    1.115807    1.938967
Iteration: 284 bestvalit: 116.685000 bestmemit:    0.319848    0.011939    0.025700    0.041311    0.912754    0.476484    0.404220    0.499185    0.488833    0.319442    0.307809    0.368614    1.666398    0.035368    0.005081    0.002606    9.054626    9.996341    1.279497    1.944489    1.928439    1.880605    0.971466    1.115807    1.938967
Iteration: 285 bestvalit: 116.685000 bestmemit:    0.319848    0.011939    0.025700    0.041311    0.912754    0.476484    0.404220    0.499185    0.488833    0.319442    0.307809    0.368614    1.666398    0.035368    0.005081    0.002606    9.054626    9.996341    1.279497    1.944489    1.928439    1.880605    0.971466    1.115807    1.938967
Iteration: 286 bestvalit: 116.685000 bestmemit:    0.319848    0.011939    0.025700    0.041311    0.912754    0.476484    0.404220    0.499185    0.488833    0.319442    0.307809    0.368614    1.666398    0.035368    0.005081    0.002606    9.054626    9.996341    1.279497    1.944489    1.928439    1.880605    0.971466    1.115807    1.938967
Iteration: 287 bestvalit: 116.685000 bestmemit:    0.319848    0.011939    0.025700    0.041311    0.912754    0.476484    0.404220    0.499185    0.488833    0.319442    0.307809    0.368614    1.666398    0.035368    0.005081    0.002606    9.054626    9.996341    1.279497    1.944489    1.928439    1.880605    0.971466    1.115807    1.938967
Iteration: 288 bestvalit: 116.685000 bestmemit:    0.319848    0.011939    0.025700    0.041311    0.912754    0.476484    0.404220    0.499185    0.488833    0.319442    0.307809    0.368614    1.666398    0.035368    0.005081    0.002606    9.054626    9.996341    1.279497    1.944489    1.928439    1.880605    0.971466    1.115807    1.938967
Iteration: 289 bestvalit: 116.685000 bestmemit:    0.319848    0.011939    0.025700    0.041311    0.912754    0.476484    0.404220    0.499185    0.488833    0.319442    0.307809    0.368614    1.666398    0.035368    0.005081    0.002606    9.054626    9.996341    1.279497    1.944489    1.928439    1.880605    0.971466    1.115807    1.938967
Iteration: 290 bestvalit: 116.685000 bestmemit:    0.319848    0.011939    0.025700    0.041311    0.912754    0.476484    0.404220    0.499185    0.488833    0.319442    0.307809    0.368614    1.666398    0.035368    0.005081    0.002606    9.054626    9.996341    1.279497    1.944489    1.928439    1.880605    0.971466    1.115807    1.938967
Iteration: 291 bestvalit: 116.685000 bestmemit:    0.319848    0.011939    0.025700    0.041311    0.912754    0.476484    0.404220    0.499185    0.488833    0.319442    0.307809    0.368614    1.666398    0.035368    0.005081    0.002606    9.054626    9.996341    1.279497    1.944489    1.928439    1.880605    0.971466    1.115807    1.938967
Iteration: 292 bestvalit: 116.685000 bestmemit:    0.319848    0.011939    0.025700    0.041311    0.912754    0.476484    0.404220    0.499185    0.488833    0.319442    0.307809    0.368614    1.666398    0.035368    0.005081    0.002606    9.054626    9.996341    1.279497    1.944489    1.928439    1.880605    0.971466    1.115807    1.938967
Iteration: 293 bestvalit: 116.685000 bestmemit:    0.319848    0.011939    0.025700    0.041311    0.912754    0.476484    0.404220    0.499185    0.488833    0.319442    0.307809    0.368614    1.666398    0.035368    0.005081    0.002606    9.054626    9.996341    1.279497    1.944489    1.928439    1.880605    0.971466    1.115807    1.938967
Iteration: 294 bestvalit: 116.685000 bestmemit:    0.319848    0.011939    0.025700    0.041311    0.912754    0.476484    0.404220    0.499185    0.488833    0.319442    0.307809    0.368614    1.666398    0.035368    0.005081    0.002606    9.054626    9.996341    1.279497    1.944489    1.928439    1.880605    0.971466    1.115807    1.938967
Iteration: 295 bestvalit: 116.685000 bestmemit:    0.319848    0.011939    0.025700    0.041311    0.912754    0.476484    0.404220    0.499185    0.488833    0.319442    0.307809    0.368614    1.666398    0.035368    0.005081    0.002606    9.054626    9.996341    1.279497    1.944489    1.928439    1.880605    0.971466    1.115807    1.938967
Iteration: 296 bestvalit: 116.685000 bestmemit:    0.319848    0.011939    0.025700    0.041311    0.912754    0.476484    0.404220    0.499185    0.488833    0.319442    0.307809    0.368614    1.666398    0.035368    0.005081    0.002606    9.054626    9.996341    1.279497    1.944489    1.928439    1.880605    0.971466    1.115807    1.938967
Iteration: 297 bestvalit: 116.685000 bestmemit:    0.319848    0.011939    0.025700    0.041311    0.912754    0.476484    0.404220    0.499185    0.488833    0.319442    0.307809    0.368614    1.666398    0.035368    0.005081    0.002606    9.054626    9.996341    1.279497    1.944489    1.928439    1.880605    0.971466    1.115807    1.938967
Iteration: 298 bestvalit: 116.685000 bestmemit:    0.319848    0.011939    0.025700    0.041311    0.912754    0.476484    0.404220    0.499185    0.488833    0.319442    0.307809    0.368614    1.666398    0.035368    0.005081    0.002606    9.054626    9.996341    1.279497    1.944489    1.928439    1.880605    0.971466    1.115807    1.938967
Iteration: 299 bestvalit: 116.685000 bestmemit:    0.319848    0.011939    0.025700    0.041311    0.912754    0.476484    0.404220    0.499185    0.488833    0.319442    0.307809    0.368614    1.666398    0.035368    0.005081    0.002606    9.054626    9.996341    1.279497    1.944489    1.928439    1.880605    0.971466    1.115807    1.938967
Iteration: 300 bestvalit: 116.685000 bestmemit:    0.319848    0.011939    0.025700    0.041311    0.912754    0.476484    0.404220    0.499185    0.488833    0.319442    0.307809    0.368614    1.666398    0.035368    0.005081    0.002606    9.054626    9.996341    1.279497    1.944489    1.928439    1.880605    0.971466    1.115807    1.938967
Iteration: 301 bestvalit: 116.685000 bestmemit:    0.319848    0.011939    0.025700    0.041311    0.912754    0.476484    0.404220    0.499185    0.488833    0.319442    0.307809    0.368614    1.666398    0.035368    0.005081    0.002606    9.054626    9.996341    1.279497    1.944489    1.928439    1.880605    0.971466    1.115807    1.938967
Iteration: 302 bestvalit: 116.630000 bestmemit:    0.319848    0.011939    0.025700    0.041311    0.912754    0.476484    0.404220    0.499185    0.488833    0.319442    0.307809    0.368614    1.666398    0.035368    0.005081    0.002606    9.054626    9.996341    1.279497    1.944489    1.914207    1.880605    0.971466    1.115807    1.938967
Iteration: 303 bestvalit: 116.630000 bestmemit:    0.319848    0.011939    0.025700    0.041311    0.912754    0.476484    0.404220    0.499185    0.488833    0.319442    0.307809    0.368614    1.666398    0.035368    0.005081    0.002606    9.054626    9.996341    1.279497    1.944489    1.914207    1.880605    0.971466    1.115807    1.938967
Iteration: 304 bestvalit: 116.630000 bestmemit:    0.319848    0.011939    0.025700    0.041311    0.912754    0.476484    0.404220    0.499185    0.488833    0.319442    0.307809    0.368614    1.666398    0.035368    0.005081    0.002606    9.054626    9.996341    1.279497    1.944489    1.914207    1.880605    0.971466    1.115807    1.938967
Iteration: 305 bestvalit: 116.630000 bestmemit:    0.319848    0.011939    0.025700    0.041311    0.912754    0.476484    0.404220    0.499185    0.488833    0.319442    0.307809    0.368614    1.666398    0.035368    0.005081    0.002606    9.054626    9.996341    1.279497    1.944489    1.914207    1.880605    0.971466    1.115807    1.938967
Iteration: 306 bestvalit: 116.630000 bestmemit:    0.319848    0.011939    0.025700    0.041311    0.912754    0.476484    0.404220    0.499185    0.488833    0.319442    0.307809    0.368614    1.666398    0.035368    0.005081    0.002606    9.054626    9.996341    1.279497    1.944489    1.914207    1.880605    0.971466    1.115807    1.938967
Iteration: 307 bestvalit: 116.630000 bestmemit:    0.319848    0.011939    0.025700    0.041311    0.912754    0.476484    0.404220    0.499185    0.488833    0.319442    0.307809    0.368614    1.666398    0.035368    0.005081    0.002606    9.054626    9.996341    1.279497    1.944489    1.914207    1.880605    0.971466    1.115807    1.938967
Iteration: 308 bestvalit: 116.630000 bestmemit:    0.319848    0.011939    0.025700    0.041311    0.912754    0.476484    0.404220    0.499185    0.488833    0.319442    0.307809    0.368614    1.666398    0.035368    0.005081    0.002606    9.054626    9.996341    1.279497    1.944489    1.914207    1.880605    0.971466    1.115807    1.938967
Iteration: 309 bestvalit: 116.630000 bestmemit:    0.319848    0.011939    0.025700    0.041311    0.912754    0.476484    0.404220    0.499185    0.488833    0.319442    0.307809    0.368614    1.666398    0.035368    0.005081    0.002606    9.054626    9.996341    1.279497    1.944489    1.914207    1.880605    0.971466    1.115807    1.938967
Iteration: 310 bestvalit: 116.630000 bestmemit:    0.319848    0.011939    0.025700    0.041311    0.912754    0.476484    0.404220    0.499185    0.488833    0.319442    0.307809    0.368614    1.666398    0.035368    0.005081    0.002606    9.054626    9.996341    1.279497    1.944489    1.914207    1.880605    0.971466    1.115807    1.938967
Iteration: 311 bestvalit: 116.630000 bestmemit:    0.319848    0.011939    0.025700    0.041311    0.912754    0.476484    0.404220    0.499185    0.488833    0.319442    0.307809    0.368614    1.666398    0.035368    0.005081    0.002606    9.054626    9.996341    1.279497    1.944489    1.914207    1.880605    0.971466    1.115807    1.938967
Iteration: 312 bestvalit: 116.630000 bestmemit:    0.319848    0.011939    0.025700    0.041311    0.912754    0.476484    0.404220    0.499185    0.488833    0.319442    0.307809    0.368614    1.666398    0.035368    0.005081    0.002606    9.054626    9.996341    1.279497    1.944489    1.914207    1.880605    0.971466    1.115807    1.938967
Iteration: 313 bestvalit: 116.630000 bestmemit:    0.319848    0.011939    0.025700    0.041311    0.912754    0.476484    0.404220    0.499185    0.488833    0.319442    0.307809    0.368614    1.666398    0.035368    0.005081    0.002606    9.054626    9.996341    1.279497    1.944489    1.914207    1.880605    0.971466    1.115807    1.938967
Iteration: 314 bestvalit: 116.630000 bestmemit:    0.319848    0.011939    0.025700    0.041311    0.912754    0.476484    0.404220    0.499185    0.488833    0.319442    0.307809    0.368614    1.666398    0.035368    0.005081    0.002606    9.054626    9.996341    1.279497    1.944489    1.914207    1.880605    0.971466    1.115807    1.938967
Iteration: 315 bestvalit: 116.630000 bestmemit:    0.319848    0.011939    0.025700    0.041311    0.912754    0.476484    0.404220    0.499185    0.488833    0.319442    0.307809    0.368614    1.666398    0.035368    0.005081    0.002606    9.054626    9.996341    1.279497    1.944489    1.914207    1.880605    0.971466    1.115807    1.938967
Iteration: 316 bestvalit: 116.630000 bestmemit:    0.319848    0.011939    0.025700    0.041311    0.912754    0.476484    0.404220    0.499185    0.488833    0.319442    0.307809    0.368614    1.666398    0.035368    0.005081    0.002606    9.054626    9.996341    1.279497    1.944489    1.914207    1.880605    0.971466    1.115807    1.938967
Iteration: 317 bestvalit: 116.630000 bestmemit:    0.319848    0.011939    0.025700    0.041311    0.912754    0.476484    0.404220    0.499185    0.488833    0.319442    0.307809    0.368614    1.666398    0.035368    0.005081    0.002606    9.054626    9.996341    1.279497    1.944489    1.914207    1.880605    0.971466    1.115807    1.938967
Iteration: 318 bestvalit: 116.630000 bestmemit:    0.319848    0.011939    0.025700    0.041311    0.912754    0.476484    0.404220    0.499185    0.488833    0.319442    0.307809    0.368614    1.666398    0.035368    0.005081    0.002606    9.054626    9.996341    1.279497    1.944489    1.914207    1.880605    0.971466    1.115807    1.938967
Iteration: 319 bestvalit: 116.610000 bestmemit:    0.319848    0.011939    0.025700    0.041311    0.912754    0.476484    0.404220    0.499185    0.488833    0.319442    0.307809    0.368614    1.666398    0.035368    0.004996    0.002606    9.054626    9.996341    1.279497    1.944489    1.914207    1.880605    0.971466    1.115807    1.938967
Iteration: 320 bestvalit: 116.610000 bestmemit:    0.319848    0.011939    0.025700    0.041311    0.912754    0.476484    0.404220    0.499185    0.488833    0.319442    0.307809    0.368614    1.666398    0.035368    0.004996    0.002606    9.054626    9.996341    1.279497    1.944489    1.914207    1.880605    0.971466    1.115807    1.938967
Iteration: 321 bestvalit: 116.610000 bestmemit:    0.319848    0.011939    0.025700    0.041311    0.912754    0.476484    0.404220    0.499185    0.488833    0.319442    0.307809    0.368614    1.666398    0.035368    0.004996    0.002606    9.054626    9.996341    1.279497    1.944489    1.914207    1.880605    0.971466    1.115807    1.938967
Iteration: 322 bestvalit: 116.610000 bestmemit:    0.319848    0.011939    0.025700    0.041311    0.912754    0.476484    0.404220    0.499185    0.488833    0.319442    0.307809    0.368614    1.666398    0.035368    0.004996    0.002606    9.054626    9.996341    1.279497    1.944489    1.914207    1.880605    0.971466    1.115807    1.938967
Iteration: 323 bestvalit: 116.610000 bestmemit:    0.319848    0.011939    0.025700    0.041311    0.912754    0.476484    0.404220    0.499185    0.488833    0.319442    0.307809    0.368614    1.666398    0.035368    0.004996    0.002606    9.054626    9.996341    1.279497    1.944489    1.914207    1.880605    0.971466    1.115807    1.938967
Iteration: 324 bestvalit: 116.610000 bestmemit:    0.319848    0.011939    0.025700    0.041311    0.912754    0.476484    0.404220    0.499185    0.488833    0.319442    0.307809    0.368614    1.666398    0.035368    0.004996    0.002606    9.054626    9.996341    1.279497    1.944489    1.914207    1.880605    0.971466    1.115807    1.938967
Iteration: 325 bestvalit: 116.610000 bestmemit:    0.319848    0.011939    0.025700    0.041311    0.912754    0.476484    0.404220    0.499185    0.488833    0.319442    0.307809    0.368614    1.666398    0.035368    0.004996    0.002606    9.054626    9.996341    1.279497    1.944489    1.914207    1.880605    0.971466    1.115807    1.938967
Iteration: 326 bestvalit: 116.610000 bestmemit:    0.319848    0.011939    0.025700    0.041311    0.912754    0.476484    0.404220    0.499185    0.488833    0.319442    0.307809    0.368614    1.666398    0.035368    0.004996    0.002606    9.054626    9.996341    1.279497    1.944489    1.914207    1.880605    0.971466    1.115807    1.938967
Iteration: 327 bestvalit: 116.610000 bestmemit:    0.319848    0.011939    0.025700    0.041311    0.912754    0.476484    0.404220    0.499185    0.488833    0.319442    0.307809    0.368614    1.666398    0.035368    0.004996    0.002606    9.054626    9.996341    1.279497    1.944489    1.914207    1.880605    0.971466    1.115807    1.938967
Iteration: 328 bestvalit: 116.610000 bestmemit:    0.319848    0.011939    0.025700    0.041311    0.912754    0.476484    0.404220    0.499185    0.488833    0.319442    0.307809    0.368614    1.666398    0.035368    0.004996    0.002606    9.054626    9.996341    1.279497    1.944489    1.914207    1.880605    0.971466    1.115807    1.938967
Iteration: 329 bestvalit: 116.610000 bestmemit:    0.319848    0.011939    0.025700    0.041311    0.912754    0.476484    0.404220    0.499185    0.488833    0.319442    0.307809    0.368614    1.666398    0.035368    0.004996    0.002606    9.054626    9.996341    1.279497    1.944489    1.914207    1.880605    0.971466    1.115807    1.938967
Iteration: 330 bestvalit: 116.610000 bestmemit:    0.319848    0.011939    0.025700    0.041311    0.912754    0.476484    0.404220    0.499185    0.488833    0.319442    0.307809    0.368614    1.666398    0.035368    0.004996    0.002606    9.054626    9.996341    1.279497    1.944489    1.914207    1.880605    0.971466    1.115807    1.938967
Iteration: 331 bestvalit: 116.610000 bestmemit:    0.319848    0.011939    0.025700    0.041311    0.912754    0.476484    0.404220    0.499185    0.488833    0.319442    0.307809    0.368614    1.666398    0.035368    0.004996    0.002606    9.054626    9.996341    1.279497    1.944489    1.914207    1.880605    0.971466    1.115807    1.938967
Iteration: 332 bestvalit: 116.610000 bestmemit:    0.319848    0.011939    0.025700    0.041311    0.912754    0.476484    0.404220    0.499185    0.488833    0.319442    0.307809    0.368614    1.666398    0.035368    0.004996    0.002606    9.054626    9.996341    1.279497    1.944489    1.914207    1.880605    0.971466    1.115807    1.938967
Iteration: 333 bestvalit: 116.610000 bestmemit:    0.319848    0.011939    0.025700    0.041311    0.912754    0.476484    0.404220    0.499185    0.488833    0.319442    0.307809    0.368614    1.666398    0.035368    0.004996    0.002606    9.054626    9.996341    1.279497    1.944489    1.914207    1.880605    0.971466    1.115807    1.938967
Iteration: 334 bestvalit: 116.610000 bestmemit:    0.319848    0.011939    0.025700    0.041311    0.912754    0.476484    0.404220    0.499185    0.488833    0.319442    0.307809    0.368614    1.666398    0.035368    0.004996    0.002606    9.054626    9.996341    1.279497    1.944489    1.914207    1.880605    0.971466    1.115807    1.938967
Iteration: 335 bestvalit: 115.715000 bestmemit:    0.337521    0.004893    0.086818    0.089029    0.517136    0.167410    0.431558    0.081555    0.191772    0.101345    0.141056    0.196166    1.183308    0.033807    0.001608    0.049136    9.179211    6.461276    1.657282    1.922586    1.620585    1.710514    0.989914    1.142668    1.963046
Iteration: 336 bestvalit: 115.715000 bestmemit:    0.337521    0.004893    0.086818    0.089029    0.517136    0.167410    0.431558    0.081555    0.191772    0.101345    0.141056    0.196166    1.183308    0.033807    0.001608    0.049136    9.179211    6.461276    1.657282    1.922586    1.620585    1.710514    0.989914    1.142668    1.963046
Iteration: 337 bestvalit: 115.715000 bestmemit:    0.337521    0.004893    0.086818    0.089029    0.517136    0.167410    0.431558    0.081555    0.191772    0.101345    0.141056    0.196166    1.183308    0.033807    0.001608    0.049136    9.179211    6.461276    1.657282    1.922586    1.620585    1.710514    0.989914    1.142668    1.963046
Iteration: 338 bestvalit: 115.715000 bestmemit:    0.337521    0.004893    0.086818    0.089029    0.517136    0.167410    0.431558    0.081555    0.191772    0.101345    0.141056    0.196166    1.183308    0.033807    0.001608    0.049136    9.179211    6.461276    1.657282    1.922586    1.620585    1.710514    0.989914    1.142668    1.963046
Iteration: 339 bestvalit: 115.715000 bestmemit:    0.337521    0.004893    0.086818    0.089029    0.517136    0.167410    0.431558    0.081555    0.191772    0.101345    0.141056    0.196166    1.183308    0.033807    0.001608    0.049136    9.179211    6.461276    1.657282    1.922586    1.620585    1.710514    0.989914    1.142668    1.963046
Iteration: 340 bestvalit: 115.715000 bestmemit:    0.337521    0.004893    0.086818    0.089029    0.517136    0.167410    0.431558    0.081555    0.191772    0.101345    0.141056    0.196166    1.183308    0.033807    0.001608    0.049136    9.179211    6.461276    1.657282    1.922586    1.620585    1.710514    0.989914    1.142668    1.963046
Iteration: 341 bestvalit: 115.715000 bestmemit:    0.337521    0.004893    0.086818    0.089029    0.517136    0.167410    0.431558    0.081555    0.191772    0.101345    0.141056    0.196166    1.183308    0.033807    0.001608    0.049136    9.179211    6.461276    1.657282    1.922586    1.620585    1.710514    0.989914    1.142668    1.963046
Iteration: 342 bestvalit: 115.715000 bestmemit:    0.337521    0.004893    0.086818    0.089029    0.517136    0.167410    0.431558    0.081555    0.191772    0.101345    0.141056    0.196166    1.183308    0.033807    0.001608    0.049136    9.179211    6.461276    1.657282    1.922586    1.620585    1.710514    0.989914    1.142668    1.963046
Iteration: 343 bestvalit: 115.715000 bestmemit:    0.337521    0.004893    0.086818    0.089029    0.517136    0.167410    0.431558    0.081555    0.191772    0.101345    0.141056    0.196166    1.183308    0.033807    0.001608    0.049136    9.179211    6.461276    1.657282    1.922586    1.620585    1.710514    0.989914    1.142668    1.963046
Iteration: 344 bestvalit: 115.715000 bestmemit:    0.337521    0.004893    0.086818    0.089029    0.517136    0.167410    0.431558    0.081555    0.191772    0.101345    0.141056    0.196166    1.183308    0.033807    0.001608    0.049136    9.179211    6.461276    1.657282    1.922586    1.620585    1.710514    0.989914    1.142668    1.963046
Iteration: 345 bestvalit: 115.715000 bestmemit:    0.337521    0.004893    0.086818    0.089029    0.517136    0.167410    0.431558    0.081555    0.191772    0.101345    0.141056    0.196166    1.183308    0.033807    0.001608    0.049136    9.179211    6.461276    1.657282    1.922586    1.620585    1.710514    0.989914    1.142668    1.963046
Iteration: 346 bestvalit: 115.715000 bestmemit:    0.337521    0.004893    0.086818    0.089029    0.517136    0.167410    0.431558    0.081555    0.191772    0.101345    0.141056    0.196166    1.183308    0.033807    0.001608    0.049136    9.179211    6.461276    1.657282    1.922586    1.620585    1.710514    0.989914    1.142668    1.963046
Iteration: 347 bestvalit: 115.715000 bestmemit:    0.337521    0.004893    0.086818    0.089029    0.517136    0.167410    0.431558    0.081555    0.191772    0.101345    0.141056    0.196166    1.183308    0.033807    0.001608    0.049136    9.179211    6.461276    1.657282    1.922586    1.620585    1.710514    0.989914    1.142668    1.963046
Iteration: 348 bestvalit: 115.715000 bestmemit:    0.337521    0.004893    0.086818    0.089029    0.517136    0.167410    0.431558    0.081555    0.191772    0.101345    0.141056    0.196166    1.183308    0.033807    0.001608    0.049136    9.179211    6.461276    1.657282    1.922586    1.620585    1.710514    0.989914    1.142668    1.963046
Iteration: 349 bestvalit: 115.715000 bestmemit:    0.337521    0.004893    0.086818    0.089029    0.517136    0.167410    0.431558    0.081555    0.191772    0.101345    0.141056    0.196166    1.183308    0.033807    0.001608    0.049136    9.179211    6.461276    1.657282    1.922586    1.620585    1.710514    0.989914    1.142668    1.963046
Iteration: 350 bestvalit: 115.715000 bestmemit:    0.337521    0.004893    0.086818    0.089029    0.517136    0.167410    0.431558    0.081555    0.191772    0.101345    0.141056    0.196166    1.183308    0.033807    0.001608    0.049136    9.179211    6.461276    1.657282    1.922586    1.620585    1.710514    0.989914    1.142668    1.963046
Iteration: 351 bestvalit: 115.715000 bestmemit:    0.337521    0.004893    0.086818    0.089029    0.517136    0.167410    0.431558    0.081555    0.191772    0.101345    0.141056    0.196166    1.183308    0.033807    0.001608    0.049136    9.179211    6.461276    1.657282    1.922586    1.620585    1.710514    0.989914    1.142668    1.963046
Iteration: 352 bestvalit: 115.715000 bestmemit:    0.337521    0.004893    0.086818    0.089029    0.517136    0.167410    0.431558    0.081555    0.191772    0.101345    0.141056    0.196166    1.183308    0.033807    0.001608    0.049136    9.179211    6.461276    1.657282    1.922586    1.620585    1.710514    0.989914    1.142668    1.963046
Iteration: 353 bestvalit: 115.715000 bestmemit:    0.337521    0.004893    0.086818    0.089029    0.517136    0.167410    0.431558    0.081555    0.191772    0.101345    0.141056    0.196166    1.183308    0.033807    0.001608    0.049136    9.179211    6.461276    1.657282    1.922586    1.620585    1.710514    0.989914    1.142668    1.963046
Iteration: 354 bestvalit: 115.715000 bestmemit:    0.337521    0.004893    0.086818    0.089029    0.517136    0.167410    0.431558    0.081555    0.191772    0.101345    0.141056    0.196166    1.183308    0.033807    0.001608    0.049136    9.179211    6.461276    1.657282    1.922586    1.620585    1.710514    0.989914    1.142668    1.963046
Iteration: 355 bestvalit: 115.715000 bestmemit:    0.337521    0.004893    0.086818    0.089029    0.517136    0.167410    0.431558    0.081555    0.191772    0.101345    0.141056    0.196166    1.183308    0.033807    0.001608    0.049136    9.179211    6.461276    1.657282    1.922586    1.620585    1.710514    0.989914    1.142668    1.963046
Iteration: 356 bestvalit: 115.715000 bestmemit:    0.337521    0.004893    0.086818    0.089029    0.517136    0.167410    0.431558    0.081555    0.191772    0.101345    0.141056    0.196166    1.183308    0.033807    0.001608    0.049136    9.179211    6.461276    1.657282    1.922586    1.620585    1.710514    0.989914    1.142668    1.963046
Iteration: 357 bestvalit: 115.715000 bestmemit:    0.337521    0.004893    0.086818    0.089029    0.517136    0.167410    0.431558    0.081555    0.191772    0.101345    0.141056    0.196166    1.183308    0.033807    0.001608    0.049136    9.179211    6.461276    1.657282    1.922586    1.620585    1.710514    0.989914    1.142668    1.963046
Iteration: 358 bestvalit: 115.715000 bestmemit:    0.337521    0.004893    0.086818    0.089029    0.517136    0.167410    0.431558    0.081555    0.191772    0.101345    0.141056    0.196166    1.183308    0.033807    0.001608    0.049136    9.179211    6.461276    1.657282    1.922586    1.620585    1.710514    0.989914    1.142668    1.963046
Iteration: 359 bestvalit: 115.715000 bestmemit:    0.337521    0.004893    0.086818    0.089029    0.517136    0.167410    0.431558    0.081555    0.191772    0.101345    0.141056    0.196166    1.183308    0.033807    0.001608    0.049136    9.179211    6.461276    1.657282    1.922586    1.620585    1.710514    0.989914    1.142668    1.963046
Iteration: 360 bestvalit: 115.715000 bestmemit:    0.337521    0.004893    0.086818    0.089029    0.517136    0.167410    0.431558    0.081555    0.191772    0.101345    0.141056    0.196166    1.183308    0.033807    0.001608    0.049136    9.179211    6.461276    1.657282    1.922586    1.620585    1.710514    0.989914    1.142668    1.963046
Iteration: 361 bestvalit: 115.715000 bestmemit:    0.337521    0.004893    0.086818    0.089029    0.517136    0.167410    0.431558    0.081555    0.191772    0.101345    0.141056    0.196166    1.183308    0.033807    0.001608    0.049136    9.179211    6.461276    1.657282    1.922586    1.620585    1.710514    0.989914    1.142668    1.963046
Iteration: 362 bestvalit: 115.715000 bestmemit:    0.337521    0.004893    0.086818    0.089029    0.517136    0.167410    0.431558    0.081555    0.191772    0.101345    0.141056    0.196166    1.183308    0.033807    0.001608    0.049136    9.179211    6.461276    1.657282    1.922586    1.620585    1.710514    0.989914    1.142668    1.963046
Iteration: 363 bestvalit: 115.715000 bestmemit:    0.337521    0.004893    0.086818    0.089029    0.517136    0.167410    0.431558    0.081555    0.191772    0.101345    0.141056    0.196166    1.183308    0.033807    0.001608    0.049136    9.179211    6.461276    1.657282    1.922586    1.620585    1.710514    0.989914    1.142668    1.963046
Iteration: 364 bestvalit: 115.715000 bestmemit:    0.337521    0.004893    0.086818    0.089029    0.517136    0.167410    0.431558    0.081555    0.191772    0.101345    0.141056    0.196166    1.183308    0.033807    0.001608    0.049136    9.179211    6.461276    1.657282    1.922586    1.620585    1.710514    0.989914    1.142668    1.963046
Iteration: 365 bestvalit: 115.715000 bestmemit:    0.337521    0.004893    0.086818    0.089029    0.517136    0.167410    0.431558    0.081555    0.191772    0.101345    0.141056    0.196166    1.183308    0.033807    0.001608    0.049136    9.179211    6.461276    1.657282    1.922586    1.620585    1.710514    0.989914    1.142668    1.963046
Iteration: 366 bestvalit: 115.715000 bestmemit:    0.337521    0.004893    0.086818    0.089029    0.517136    0.167410    0.431558    0.081555    0.191772    0.101345    0.141056    0.196166    1.183308    0.033807    0.001608    0.049136    9.179211    6.461276    1.657282    1.922586    1.620585    1.710514    0.989914    1.142668    1.963046
Iteration: 367 bestvalit: 115.715000 bestmemit:    0.337521    0.004893    0.086818    0.089029    0.517136    0.167410    0.431558    0.081555    0.191772    0.101345    0.141056    0.196166    1.183308    0.033807    0.001608    0.049136    9.179211    6.461276    1.657282    1.922586    1.620585    1.710514    0.989914    1.142668    1.963046
Iteration: 368 bestvalit: 115.390000 bestmemit:    0.319848    0.011939    0.025700    0.041311    0.912754    0.476484    0.404220    0.499185    0.488833    0.319442    0.307809    0.368614    1.666398    0.035368    0.004996    0.002606    9.408795    9.996341    1.279497    1.944489    1.914207    1.880605    0.971466    1.115807    1.957509
Iteration: 369 bestvalit: 115.390000 bestmemit:    0.319848    0.011939    0.025700    0.041311    0.912754    0.476484    0.404220    0.499185    0.488833    0.319442    0.307809    0.368614    1.666398    0.035368    0.004996    0.002606    9.408795    9.996341    1.279497    1.944489    1.914207    1.880605    0.971466    1.115807    1.957509
Iteration: 370 bestvalit: 115.390000 bestmemit:    0.319848    0.011939    0.025700    0.041311    0.912754    0.476484    0.404220    0.499185    0.488833    0.319442    0.307809    0.368614    1.666398    0.035368    0.004996    0.002606    9.408795    9.996341    1.279497    1.944489    1.914207    1.880605    0.971466    1.115807    1.957509
Iteration: 371 bestvalit: 115.390000 bestmemit:    0.319848    0.011939    0.025700    0.041311    0.912754    0.476484    0.404220    0.499185    0.488833    0.319442    0.307809    0.368614    1.666398    0.035368    0.004996    0.002606    9.408795    9.996341    1.279497    1.944489    1.914207    1.880605    0.971466    1.115807    1.957509
Iteration: 372 bestvalit: 115.390000 bestmemit:    0.319848    0.011939    0.025700    0.041311    0.912754    0.476484    0.404220    0.499185    0.488833    0.319442    0.307809    0.368614    1.666398    0.035368    0.004996    0.002606    9.408795    9.996341    1.279497    1.944489    1.914207    1.880605    0.971466    1.115807    1.957509
Iteration: 373 bestvalit: 115.390000 bestmemit:    0.319848    0.011939    0.025700    0.041311    0.912754    0.476484    0.404220    0.499185    0.488833    0.319442    0.307809    0.368614    1.666398    0.035368    0.004996    0.002606    9.408795    9.996341    1.279497    1.944489    1.914207    1.880605    0.971466    1.115807    1.957509
Iteration: 374 bestvalit: 115.390000 bestmemit:    0.319848    0.011939    0.025700    0.041311    0.912754    0.476484    0.404220    0.499185    0.488833    0.319442    0.307809    0.368614    1.666398    0.035368    0.004996    0.002606    9.408795    9.996341    1.279497    1.944489    1.914207    1.880605    0.971466    1.115807    1.957509
Iteration: 375 bestvalit: 115.390000 bestmemit:    0.319848    0.011939    0.025700    0.041311    0.912754    0.476484    0.404220    0.499185    0.488833    0.319442    0.307809    0.368614    1.666398    0.035368    0.004996    0.002606    9.408795    9.996341    1.279497    1.944489    1.914207    1.880605    0.971466    1.115807    1.957509
Iteration: 376 bestvalit: 115.390000 bestmemit:    0.319848    0.011939    0.025700    0.041311    0.912754    0.476484    0.404220    0.499185    0.488833    0.319442    0.307809    0.368614    1.666398    0.035368    0.004996    0.002606    9.408795    9.996341    1.279497    1.944489    1.914207    1.880605    0.971466    1.115807    1.957509
Iteration: 377 bestvalit: 115.390000 bestmemit:    0.319848    0.011939    0.025700    0.041311    0.912754    0.476484    0.404220    0.499185    0.488833    0.319442    0.307809    0.368614    1.666398    0.035368    0.004996    0.002606    9.408795    9.996341    1.279497    1.944489    1.914207    1.880605    0.971466    1.115807    1.957509
Iteration: 378 bestvalit: 115.390000 bestmemit:    0.319848    0.011939    0.025700    0.041311    0.912754    0.476484    0.404220    0.499185    0.488833    0.319442    0.307809    0.368614    1.666398    0.035368    0.004996    0.002606    9.408795    9.996341    1.279497    1.944489    1.914207    1.880605    0.971466    1.115807    1.957509
Iteration: 379 bestvalit: 115.390000 bestmemit:    0.319848    0.011939    0.025700    0.041311    0.912754    0.476484    0.404220    0.499185    0.488833    0.319442    0.307809    0.368614    1.666398    0.035368    0.004996    0.002606    9.408795    9.996341    1.279497    1.944489    1.914207    1.880605    0.971466    1.115807    1.957509
Iteration: 380 bestvalit: 115.390000 bestmemit:    0.319848    0.011939    0.025700    0.041311    0.912754    0.476484    0.404220    0.499185    0.488833    0.319442    0.307809    0.368614    1.666398    0.035368    0.004996    0.002606    9.408795    9.996341    1.279497    1.944489    1.914207    1.880605    0.971466    1.115807    1.957509
Iteration: 381 bestvalit: 115.390000 bestmemit:    0.319848    0.011939    0.025700    0.041311    0.912754    0.476484    0.404220    0.499185    0.488833    0.319442    0.307809    0.368614    1.666398    0.035368    0.004996    0.002606    9.408795    9.996341    1.279497    1.944489    1.914207    1.880605    0.971466    1.115807    1.957509
Iteration: 382 bestvalit: 115.390000 bestmemit:    0.319848    0.011939    0.025700    0.041311    0.912754    0.476484    0.404220    0.499185    0.488833    0.319442    0.307809    0.368614    1.666398    0.035368    0.004996    0.002606    9.408795    9.996341    1.279497    1.944489    1.914207    1.880605    0.971466    1.115807    1.957509
Iteration: 383 bestvalit: 115.390000 bestmemit:    0.319848    0.011939    0.025700    0.041311    0.912754    0.476484    0.404220    0.499185    0.488833    0.319442    0.307809    0.368614    1.666398    0.035368    0.004996    0.002606    9.408795    9.996341    1.279497    1.944489    1.914207    1.880605    0.971466    1.115807    1.957509
Iteration: 384 bestvalit: 115.390000 bestmemit:    0.319848    0.011939    0.025700    0.041311    0.912754    0.476484    0.404220    0.499185    0.488833    0.319442    0.307809    0.368614    1.666398    0.035368    0.004996    0.002606    9.408795    9.996341    1.279497    1.944489    1.914207    1.880605    0.971466    1.115807    1.957509
Iteration: 385 bestvalit: 115.390000 bestmemit:    0.319848    0.011939    0.025700    0.041311    0.912754    0.476484    0.404220    0.499185    0.488833    0.319442    0.307809    0.368614    1.666398    0.035368    0.004996    0.002606    9.408795    9.996341    1.279497    1.944489    1.914207    1.880605    0.971466    1.115807    1.957509
Iteration: 386 bestvalit: 115.110000 bestmemit:    0.337521    0.004893    0.086818    0.089029    0.517136    0.167410    0.431558    0.081555    0.191772    0.101345    0.141056    0.196166    1.183308    0.033807    0.001608    0.049136    8.801341    7.641032    1.657282    1.922586    1.620585    1.710514    0.996592    1.142668    1.963046
Iteration: 387 bestvalit: 115.110000 bestmemit:    0.337521    0.004893    0.086818    0.089029    0.517136    0.167410    0.431558    0.081555    0.191772    0.101345    0.141056    0.196166    1.183308    0.033807    0.001608    0.049136    8.801341    7.641032    1.657282    1.922586    1.620585    1.710514    0.996592    1.142668    1.963046
Iteration: 388 bestvalit: 114.560000 bestmemit:    0.343516    0.004893    0.086818    0.089029    0.517136    0.167410    0.431558    0.081555    0.191772    0.101345    0.141056    0.196166    1.183308    0.033807    0.001608    0.049136    8.801341    7.641032    1.657282    1.922586    1.620585    1.710514    0.996592    1.142668    1.963046
Iteration: 389 bestvalit: 114.560000 bestmemit:    0.343516    0.004893    0.086818    0.089029    0.517136    0.167410    0.431558    0.081555    0.191772    0.101345    0.141056    0.196166    1.183308    0.033807    0.001608    0.049136    8.801341    7.641032    1.657282    1.922586    1.620585    1.710514    0.996592    1.142668    1.963046
Iteration: 390 bestvalit: 114.560000 bestmemit:    0.343516    0.004893    0.086818    0.089029    0.517136    0.167410    0.431558    0.081555    0.191772    0.101345    0.141056    0.196166    1.183308    0.033807    0.001608    0.049136    8.801341    7.641032    1.657282    1.922586    1.620585    1.710514    0.996592    1.142668    1.963046
Iteration: 391 bestvalit: 114.560000 bestmemit:    0.343516    0.004893    0.086818    0.089029    0.517136    0.167410    0.431558    0.081555    0.191772    0.101345    0.141056    0.196166    1.183308    0.033807    0.001608    0.049136    8.801341    7.641032    1.657282    1.922586    1.620585    1.710514    0.996592    1.142668    1.963046
Iteration: 392 bestvalit: 114.560000 bestmemit:    0.343516    0.004893    0.086818    0.089029    0.517136    0.167410    0.431558    0.081555    0.191772    0.101345    0.141056    0.196166    1.183308    0.033807    0.001608    0.049136    8.801341    7.641032    1.657282    1.922586    1.620585    1.710514    0.996592    1.142668    1.963046
Iteration: 393 bestvalit: 114.550000 bestmemit:    0.343516    0.004893    0.086818    0.089029    0.517136    0.167410    0.431558    0.081555    0.191772    0.101345    0.141056    0.196166    1.183308    0.033807    0.001608    0.049136    8.801341    7.641032    1.657282    1.922586    1.620946    1.710514    0.996592    1.142668    1.963046
Iteration: 394 bestvalit: 114.550000 bestmemit:    0.343516    0.004893    0.086818    0.089029    0.517136    0.167410    0.431558    0.081555    0.191772    0.101345    0.141056    0.196166    1.183308    0.033807    0.001608    0.049136    8.801341    7.641032    1.657282    1.922586    1.620946    1.710514    0.996592    1.142668    1.963046
Iteration: 395 bestvalit: 114.550000 bestmemit:    0.343516    0.004893    0.086818    0.089029    0.517136    0.167410    0.431558    0.081555    0.191772    0.101345    0.141056    0.196166    1.183308    0.033807    0.001608    0.049136    8.801341    7.641032    1.657282    1.922586    1.620946    1.710514    0.996592    1.142668    1.963046
Iteration: 396 bestvalit: 114.550000 bestmemit:    0.343516    0.004893    0.086818    0.089029    0.517136    0.167410    0.431558    0.081555    0.191772    0.101345    0.141056    0.196166    1.183308    0.033807    0.001608    0.049136    8.801341    7.641032    1.657282    1.922586    1.620946    1.710514    0.996592    1.142668    1.963046
Iteration: 397 bestvalit: 114.550000 bestmemit:    0.343516    0.004893    0.086818    0.089029    0.517136    0.167410    0.431558    0.081555    0.191772    0.101345    0.141056    0.196166    1.183308    0.033807    0.001608    0.049136    8.801341    7.641032    1.657282    1.922586    1.620946    1.710514    0.996592    1.142668    1.963046
Iteration: 398 bestvalit: 114.550000 bestmemit:    0.343516    0.004893    0.086818    0.089029    0.517136    0.167410    0.431558    0.081555    0.191772    0.101345    0.141056    0.196166    1.183308    0.033807    0.001608    0.049136    8.801341    7.641032    1.657282    1.922586    1.620946    1.710514    0.996592    1.142668    1.963046
Iteration: 399 bestvalit: 114.550000 bestmemit:    0.343516    0.004893    0.086818    0.089029    0.517136    0.167410    0.431558    0.081555    0.191772    0.101345    0.141056    0.196166    1.183308    0.033807    0.001608    0.049136    8.801341    7.641032    1.657282    1.922586    1.620946    1.710514    0.996592    1.142668    1.963046
Iteration: 400 bestvalit: 114.550000 bestmemit:    0.343516    0.004893    0.086818    0.089029    0.517136    0.167410    0.431558    0.081555    0.191772    0.101345    0.141056    0.196166    1.183308    0.033807    0.001608    0.049136    8.801341    7.641032    1.657282    1.922586    1.620946    1.710514    0.996592    1.142668    1.963046
Iteration: 401 bestvalit: 114.550000 bestmemit:    0.343516    0.004893    0.086818    0.089029    0.517136    0.167410    0.431558    0.081555    0.191772    0.101345    0.141056    0.196166    1.183308    0.033807    0.001608    0.049136    8.801341    7.641032    1.657282    1.922586    1.620946    1.710514    0.996592    1.142668    1.963046
Iteration: 402 bestvalit: 114.550000 bestmemit:    0.343516    0.004893    0.086818    0.089029    0.517136    0.167410    0.431558    0.081555    0.191772    0.101345    0.141056    0.196166    1.183308    0.033807    0.001608    0.049136    8.801341    7.641032    1.657282    1.922586    1.620946    1.710514    0.996592    1.142668    1.963046
Iteration: 403 bestvalit: 114.550000 bestmemit:    0.343516    0.004893    0.086818    0.089029    0.517136    0.167410    0.431558    0.081555    0.191772    0.101345    0.141056    0.196166    1.183308    0.033807    0.001608    0.049136    8.801341    7.641032    1.657282    1.922586    1.620946    1.710514    0.996592    1.142668    1.963046
Iteration: 404 bestvalit: 114.550000 bestmemit:    0.343516    0.004893    0.086818    0.089029    0.517136    0.167410    0.431558    0.081555    0.191772    0.101345    0.141056    0.196166    1.183308    0.033807    0.001608    0.049136    8.801341    7.641032    1.657282    1.922586    1.620946    1.710514    0.996592    1.142668    1.963046
Iteration: 405 bestvalit: 114.550000 bestmemit:    0.343516    0.004893    0.086818    0.089029    0.517136    0.167410    0.431558    0.081555    0.191772    0.101345    0.141056    0.196166    1.183308    0.033807    0.001608    0.049136    8.801341    7.641032    1.657282    1.922586    1.620946    1.710514    0.996592    1.142668    1.963046
Iteration: 406 bestvalit: 114.550000 bestmemit:    0.343516    0.004893    0.086818    0.089029    0.517136    0.167410    0.431558    0.081555    0.191772    0.101345    0.141056    0.196166    1.183308    0.033807    0.001608    0.049136    8.801341    7.641032    1.657282    1.922586    1.620946    1.710514    0.996592    1.142668    1.963046
Iteration: 407 bestvalit: 114.550000 bestmemit:    0.343516    0.004893    0.086818    0.089029    0.517136    0.167410    0.431558    0.081555    0.191772    0.101345    0.141056    0.196166    1.183308    0.033807    0.001608    0.049136    8.801341    7.641032    1.657282    1.922586    1.620946    1.710514    0.996592    1.142668    1.963046
Iteration: 408 bestvalit: 114.550000 bestmemit:    0.343516    0.004893    0.086818    0.089029    0.517136    0.167410    0.431558    0.081555    0.191772    0.101345    0.141056    0.196166    1.183308    0.033807    0.001608    0.049136    8.801341    7.641032    1.657282    1.922586    1.620946    1.710514    0.996592    1.142668    1.963046
Iteration: 409 bestvalit: 114.550000 bestmemit:    0.343516    0.004893    0.086818    0.089029    0.517136    0.167410    0.431558    0.081555    0.191772    0.101345    0.141056    0.196166    1.183308    0.033807    0.001608    0.049136    8.801341    7.641032    1.657282    1.922586    1.620946    1.710514    0.996592    1.142668    1.963046
Iteration: 410 bestvalit: 114.550000 bestmemit:    0.343516    0.004893    0.086818    0.089029    0.517136    0.167410    0.431558    0.081555    0.191772    0.101345    0.141056    0.196166    1.183308    0.033807    0.001608    0.049136    8.801341    7.641032    1.657282    1.922586    1.620946    1.710514    0.996592    1.142668    1.963046
Iteration: 411 bestvalit: 114.215000 bestmemit:    0.322252    0.006075    0.012239    0.034073    0.461603    0.411622    0.279889    0.140101    0.328910    0.188801    0.092698    0.036618    1.460683    0.051316    0.003296    0.004387    9.811311    8.085874    1.007140    1.969556    1.952183    1.807783    0.992445    1.130527    1.976932
Iteration: 412 bestvalit: 114.215000 bestmemit:    0.322252    0.006075    0.012239    0.034073    0.461603    0.411622    0.279889    0.140101    0.328910    0.188801    0.092698    0.036618    1.460683    0.051316    0.003296    0.004387    9.811311    8.085874    1.007140    1.969556    1.952183    1.807783    0.992445    1.130527    1.976932
Iteration: 413 bestvalit: 114.215000 bestmemit:    0.322252    0.006075    0.012239    0.034073    0.461603    0.411622    0.279889    0.140101    0.328910    0.188801    0.092698    0.036618    1.460683    0.051316    0.003296    0.004387    9.811311    8.085874    1.007140    1.969556    1.952183    1.807783    0.992445    1.130527    1.976932
Iteration: 414 bestvalit: 114.215000 bestmemit:    0.322252    0.006075    0.012239    0.034073    0.461603    0.411622    0.279889    0.140101    0.328910    0.188801    0.092698    0.036618    1.460683    0.051316    0.003296    0.004387    9.811311    8.085874    1.007140    1.969556    1.952183    1.807783    0.992445    1.130527    1.976932
Iteration: 415 bestvalit: 114.215000 bestmemit:    0.322252    0.006075    0.012239    0.034073    0.461603    0.411622    0.279889    0.140101    0.328910    0.188801    0.092698    0.036618    1.460683    0.051316    0.003296    0.004387    9.811311    8.085874    1.007140    1.969556    1.952183    1.807783    0.992445    1.130527    1.976932
Iteration: 416 bestvalit: 114.215000 bestmemit:    0.322252    0.006075    0.012239    0.034073    0.461603    0.411622    0.279889    0.140101    0.328910    0.188801    0.092698    0.036618    1.460683    0.051316    0.003296    0.004387    9.811311    8.085874    1.007140    1.969556    1.952183    1.807783    0.992445    1.130527    1.976932
Iteration: 417 bestvalit: 114.215000 bestmemit:    0.322252    0.006075    0.012239    0.034073    0.461603    0.411622    0.279889    0.140101    0.328910    0.188801    0.092698    0.036618    1.460683    0.051316    0.003296    0.004387    9.811311    8.085874    1.007140    1.969556    1.952183    1.807783    0.992445    1.130527    1.976932
Iteration: 418 bestvalit: 114.215000 bestmemit:    0.322252    0.006075    0.012239    0.034073    0.461603    0.411622    0.279889    0.140101    0.328910    0.188801    0.092698    0.036618    1.460683    0.051316    0.003296    0.004387    9.811311    8.085874    1.007140    1.969556    1.952183    1.807783    0.992445    1.130527    1.976932
Iteration: 419 bestvalit: 114.215000 bestmemit:    0.322252    0.006075    0.012239    0.034073    0.461603    0.411622    0.279889    0.140101    0.328910    0.188801    0.092698    0.036618    1.460683    0.051316    0.003296    0.004387    9.811311    8.085874    1.007140    1.969556    1.952183    1.807783    0.992445    1.130527    1.976932
Iteration: 420 bestvalit: 114.215000 bestmemit:    0.322252    0.006075    0.012239    0.034073    0.461603    0.411622    0.279889    0.140101    0.328910    0.188801    0.092698    0.036618    1.460683    0.051316    0.003296    0.004387    9.811311    8.085874    1.007140    1.969556    1.952183    1.807783    0.992445    1.130527    1.976932
Iteration: 421 bestvalit: 114.215000 bestmemit:    0.322252    0.006075    0.012239    0.034073    0.461603    0.411622    0.279889    0.140101    0.328910    0.188801    0.092698    0.036618    1.460683    0.051316    0.003296    0.004387    9.811311    8.085874    1.007140    1.969556    1.952183    1.807783    0.992445    1.130527    1.976932
Iteration: 422 bestvalit: 114.215000 bestmemit:    0.322252    0.006075    0.012239    0.034073    0.461603    0.411622    0.279889    0.140101    0.328910    0.188801    0.092698    0.036618    1.460683    0.051316    0.003296    0.004387    9.811311    8.085874    1.007140    1.969556    1.952183    1.807783    0.992445    1.130527    1.976932
Iteration: 423 bestvalit: 114.215000 bestmemit:    0.322252    0.006075    0.012239    0.034073    0.461603    0.411622    0.279889    0.140101    0.328910    0.188801    0.092698    0.036618    1.460683    0.051316    0.003296    0.004387    9.811311    8.085874    1.007140    1.969556    1.952183    1.807783    0.992445    1.130527    1.976932
Iteration: 424 bestvalit: 114.215000 bestmemit:    0.322252    0.006075    0.012239    0.034073    0.461603    0.411622    0.279889    0.140101    0.328910    0.188801    0.092698    0.036618    1.460683    0.051316    0.003296    0.004387    9.811311    8.085874    1.007140    1.969556    1.952183    1.807783    0.992445    1.130527    1.976932
Iteration: 425 bestvalit: 114.215000 bestmemit:    0.322252    0.006075    0.012239    0.034073    0.461603    0.411622    0.279889    0.140101    0.328910    0.188801    0.092698    0.036618    1.460683    0.051316    0.003296    0.004387    9.811311    8.085874    1.007140    1.969556    1.952183    1.807783    0.992445    1.130527    1.976932
Iteration: 426 bestvalit: 114.215000 bestmemit:    0.322252    0.006075    0.012239    0.034073    0.461603    0.411622    0.279889    0.140101    0.328910    0.188801    0.092698    0.036618    1.460683    0.051316    0.003296    0.004387    9.811311    8.085874    1.007140    1.969556    1.952183    1.807783    0.992445    1.130527    1.976932
Iteration: 427 bestvalit: 114.215000 bestmemit:    0.322252    0.006075    0.012239    0.034073    0.461603    0.411622    0.279889    0.140101    0.328910    0.188801    0.092698    0.036618    1.460683    0.051316    0.003296    0.004387    9.811311    8.085874    1.007140    1.969556    1.952183    1.807783    0.992445    1.130527    1.976932
Iteration: 428 bestvalit: 114.215000 bestmemit:    0.322252    0.006075    0.012239    0.034073    0.461603    0.411622    0.279889    0.140101    0.328910    0.188801    0.092698    0.036618    1.460683    0.051316    0.003296    0.004387    9.811311    8.085874    1.007140    1.969556    1.952183    1.807783    0.992445    1.130527    1.976932
Iteration: 429 bestvalit: 114.215000 bestmemit:    0.322252    0.006075    0.012239    0.034073    0.461603    0.411622    0.279889    0.140101    0.328910    0.188801    0.092698    0.036618    1.460683    0.051316    0.003296    0.004387    9.811311    8.085874    1.007140    1.969556    1.952183    1.807783    0.992445    1.130527    1.976932
Iteration: 430 bestvalit: 114.215000 bestmemit:    0.322252    0.006075    0.012239    0.034073    0.461603    0.411622    0.279889    0.140101    0.328910    0.188801    0.092698    0.036618    1.460683    0.051316    0.003296    0.004387    9.811311    8.085874    1.007140    1.969556    1.952183    1.807783    0.992445    1.130527    1.976932
Iteration: 431 bestvalit: 109.760000 bestmemit:    0.347827    0.003044    0.041661    0.093513    0.379208    0.074824    0.345531    0.466326    0.028735    0.215007    0.233669    0.444076    0.701877    0.048022    0.000617    0.005036    8.800642    4.743447    1.406401    1.972019    1.695450    1.940408    0.972335    1.174086    2.011171
Iteration: 432 bestvalit: 109.760000 bestmemit:    0.347827    0.003044    0.041661    0.093513    0.379208    0.074824    0.345531    0.466326    0.028735    0.215007    0.233669    0.444076    0.701877    0.048022    0.000617    0.005036    8.800642    4.743447    1.406401    1.972019    1.695450    1.940408    0.972335    1.174086    2.011171
Iteration: 433 bestvalit: 109.760000 bestmemit:    0.347827    0.003044    0.041661    0.093513    0.379208    0.074824    0.345531    0.466326    0.028735    0.215007    0.233669    0.444076    0.701877    0.048022    0.000617    0.005036    8.800642    4.743447    1.406401    1.972019    1.695450    1.940408    0.972335    1.174086    2.011171
Iteration: 434 bestvalit: 109.760000 bestmemit:    0.347827    0.003044    0.041661    0.093513    0.379208    0.074824    0.345531    0.466326    0.028735    0.215007    0.233669    0.444076    0.701877    0.048022    0.000617    0.005036    8.800642    4.743447    1.406401    1.972019    1.695450    1.940408    0.972335    1.174086    2.011171
Iteration: 435 bestvalit: 109.760000 bestmemit:    0.347827    0.003044    0.041661    0.093513    0.379208    0.074824    0.345531    0.466326    0.028735    0.215007    0.233669    0.444076    0.701877    0.048022    0.000617    0.005036    8.800642    4.743447    1.406401    1.972019    1.695450    1.940408    0.972335    1.174086    2.011171
Iteration: 436 bestvalit: 109.760000 bestmemit:    0.347827    0.003044    0.041661    0.093513    0.379208    0.074824    0.345531    0.466326    0.028735    0.215007    0.233669    0.444076    0.701877    0.048022    0.000617    0.005036    8.800642    4.743447    1.406401    1.972019    1.695450    1.940408    0.972335    1.174086    2.011171
Iteration: 437 bestvalit: 109.760000 bestmemit:    0.347827    0.003044    0.041661    0.093513    0.379208    0.074824    0.345531    0.466326    0.028735    0.215007    0.233669    0.444076    0.701877    0.048022    0.000617    0.005036    8.800642    4.743447    1.406401    1.972019    1.695450    1.940408    0.972335    1.174086    2.011171
Iteration: 438 bestvalit: 109.760000 bestmemit:    0.347827    0.003044    0.041661    0.093513    0.379208    0.074824    0.345531    0.466326    0.028735    0.215007    0.233669    0.444076    0.701877    0.048022    0.000617    0.005036    8.800642    4.743447    1.406401    1.972019    1.695450    1.940408    0.972335    1.174086    2.011171
Iteration: 439 bestvalit: 109.760000 bestmemit:    0.347827    0.003044    0.041661    0.093513    0.379208    0.074824    0.345531    0.466326    0.028735    0.215007    0.233669    0.444076    0.701877    0.048022    0.000617    0.005036    8.800642    4.743447    1.406401    1.972019    1.695450    1.940408    0.972335    1.174086    2.011171
Iteration: 440 bestvalit: 109.760000 bestmemit:    0.347827    0.003044    0.041661    0.093513    0.379208    0.074824    0.345531    0.466326    0.028735    0.215007    0.233669    0.444076    0.701877    0.048022    0.000617    0.005036    8.800642    4.743447    1.406401    1.972019    1.695450    1.940408    0.972335    1.174086    2.011171
Iteration: 441 bestvalit: 109.760000 bestmemit:    0.347827    0.003044    0.041661    0.093513    0.379208    0.074824    0.345531    0.466326    0.028735    0.215007    0.233669    0.444076    0.701877    0.048022    0.000617    0.005036    8.800642    4.743447    1.406401    1.972019    1.695450    1.940408    0.972335    1.174086    2.011171
Iteration: 442 bestvalit: 109.760000 bestmemit:    0.347827    0.003044    0.041661    0.093513    0.379208    0.074824    0.345531    0.466326    0.028735    0.215007    0.233669    0.444076    0.701877    0.048022    0.000617    0.005036    8.800642    4.743447    1.406401    1.972019    1.695450    1.940408    0.972335    1.174086    2.011171
Iteration: 443 bestvalit: 109.760000 bestmemit:    0.347827    0.003044    0.041661    0.093513    0.379208    0.074824    0.345531    0.466326    0.028735    0.215007    0.233669    0.444076    0.701877    0.048022    0.000617    0.005036    8.800642    4.743447    1.406401    1.972019    1.695450    1.940408    0.972335    1.174086    2.011171
Iteration: 444 bestvalit: 109.760000 bestmemit:    0.347827    0.003044    0.041661    0.093513    0.379208    0.074824    0.345531    0.466326    0.028735    0.215007    0.233669    0.444076    0.701877    0.048022    0.000617    0.005036    8.800642    4.743447    1.406401    1.972019    1.695450    1.940408    0.972335    1.174086    2.011171
Iteration: 445 bestvalit: 109.760000 bestmemit:    0.347827    0.003044    0.041661    0.093513    0.379208    0.074824    0.345531    0.466326    0.028735    0.215007    0.233669    0.444076    0.701877    0.048022    0.000617    0.005036    8.800642    4.743447    1.406401    1.972019    1.695450    1.940408    0.972335    1.174086    2.011171
Iteration: 446 bestvalit: 109.760000 bestmemit:    0.347827    0.003044    0.041661    0.093513    0.379208    0.074824    0.345531    0.466326    0.028735    0.215007    0.233669    0.444076    0.701877    0.048022    0.000617    0.005036    8.800642    4.743447    1.406401    1.972019    1.695450    1.940408    0.972335    1.174086    2.011171
Iteration: 447 bestvalit: 109.760000 bestmemit:    0.347827    0.003044    0.041661    0.093513    0.379208    0.074824    0.345531    0.466326    0.028735    0.215007    0.233669    0.444076    0.701877    0.048022    0.000617    0.005036    8.800642    4.743447    1.406401    1.972019    1.695450    1.940408    0.972335    1.174086    2.011171
Iteration: 448 bestvalit: 106.885000 bestmemit:    0.347827    0.003044    0.041661    0.093513    0.379208    0.074824    0.345531    0.463489    0.037603    0.215007    0.233669    0.444076    0.701877    0.048022    0.000617    0.005036    8.800642    4.743447    1.406401    1.972019    1.695450    1.940408    0.972335    1.174086    2.011171
Iteration: 449 bestvalit: 106.885000 bestmemit:    0.347827    0.003044    0.041661    0.093513    0.379208    0.074824    0.345531    0.463489    0.037603    0.215007    0.233669    0.444076    0.701877    0.048022    0.000617    0.005036    8.800642    4.743447    1.406401    1.972019    1.695450    1.940408    0.972335    1.174086    2.011171
Iteration: 450 bestvalit: 106.885000 bestmemit:    0.347827    0.003044    0.041661    0.093513    0.379208    0.074824    0.345531    0.463489    0.037603    0.215007    0.233669    0.444076    0.701877    0.048022    0.000617    0.005036    8.800642    4.743447    1.406401    1.972019    1.695450    1.940408    0.972335    1.174086    2.011171
Iteration: 451 bestvalit: 106.885000 bestmemit:    0.347827    0.003044    0.041661    0.093513    0.379208    0.074824    0.345531    0.463489    0.037603    0.215007    0.233669    0.444076    0.701877    0.048022    0.000617    0.005036    8.800642    4.743447    1.406401    1.972019    1.695450    1.940408    0.972335    1.174086    2.011171
Iteration: 452 bestvalit: 106.885000 bestmemit:    0.347827    0.003044    0.041661    0.093513    0.379208    0.074824    0.345531    0.463489    0.037603    0.215007    0.233669    0.444076    0.701877    0.048022    0.000617    0.005036    8.800642    4.743447    1.406401    1.972019    1.695450    1.940408    0.972335    1.174086    2.011171
Iteration: 453 bestvalit: 106.885000 bestmemit:    0.347827    0.003044    0.041661    0.093513    0.379208    0.074824    0.345531    0.463489    0.037603    0.215007    0.233669    0.444076    0.701877    0.048022    0.000617    0.005036    8.800642    4.743447    1.406401    1.972019    1.695450    1.940408    0.972335    1.174086    2.011171
Iteration: 454 bestvalit: 106.885000 bestmemit:    0.347827    0.003044    0.041661    0.093513    0.379208    0.074824    0.345531    0.463489    0.037603    0.215007    0.233669    0.444076    0.701877    0.048022    0.000617    0.005036    8.800642    4.743447    1.406401    1.972019    1.695450    1.940408    0.972335    1.174086    2.011171
Iteration: 455 bestvalit: 106.885000 bestmemit:    0.347827    0.003044    0.041661    0.093513    0.379208    0.074824    0.345531    0.463489    0.037603    0.215007    0.233669    0.444076    0.701877    0.048022    0.000617    0.005036    8.800642    4.743447    1.406401    1.972019    1.695450    1.940408    0.972335    1.174086    2.011171
Iteration: 456 bestvalit: 106.885000 bestmemit:    0.347827    0.003044    0.041661    0.093513    0.379208    0.074824    0.345531    0.463489    0.037603    0.215007    0.233669    0.444076    0.701877    0.048022    0.000617    0.005036    8.800642    4.743447    1.406401    1.972019    1.695450    1.940408    0.972335    1.174086    2.011171
Iteration: 457 bestvalit: 106.885000 bestmemit:    0.347827    0.003044    0.041661    0.093513    0.379208    0.074824    0.345531    0.463489    0.037603    0.215007    0.233669    0.444076    0.701877    0.048022    0.000617    0.005036    8.800642    4.743447    1.406401    1.972019    1.695450    1.940408    0.972335    1.174086    2.011171
Iteration: 458 bestvalit: 106.885000 bestmemit:    0.347827    0.003044    0.041661    0.093513    0.379208    0.074824    0.345531    0.463489    0.037603    0.215007    0.233669    0.444076    0.701877    0.048022    0.000617    0.005036    8.800642    4.743447    1.406401    1.972019    1.695450    1.940408    0.972335    1.174086    2.011171
Iteration: 459 bestvalit: 106.885000 bestmemit:    0.347827    0.003044    0.041661    0.093513    0.379208    0.074824    0.345531    0.463489    0.037603    0.215007    0.233669    0.444076    0.701877    0.048022    0.000617    0.005036    8.800642    4.743447    1.406401    1.972019    1.695450    1.940408    0.972335    1.174086    2.011171
Iteration: 460 bestvalit: 106.885000 bestmemit:    0.347827    0.003044    0.041661    0.093513    0.379208    0.074824    0.345531    0.463489    0.037603    0.215007    0.233669    0.444076    0.701877    0.048022    0.000617    0.005036    8.800642    4.743447    1.406401    1.972019    1.695450    1.940408    0.972335    1.174086    2.011171
Iteration: 461 bestvalit: 106.885000 bestmemit:    0.347827    0.003044    0.041661    0.093513    0.379208    0.074824    0.345531    0.463489    0.037603    0.215007    0.233669    0.444076    0.701877    0.048022    0.000617    0.005036    8.800642    4.743447    1.406401    1.972019    1.695450    1.940408    0.972335    1.174086    2.011171
Iteration: 462 bestvalit: 106.885000 bestmemit:    0.347827    0.003044    0.041661    0.093513    0.379208    0.074824    0.345531    0.463489    0.037603    0.215007    0.233669    0.444076    0.701877    0.048022    0.000617    0.005036    8.800642    4.743447    1.406401    1.972019    1.695450    1.940408    0.972335    1.174086    2.011171
Iteration: 463 bestvalit: 106.885000 bestmemit:    0.347827    0.003044    0.041661    0.093513    0.379208    0.074824    0.345531    0.463489    0.037603    0.215007    0.233669    0.444076    0.701877    0.048022    0.000617    0.005036    8.800642    4.743447    1.406401    1.972019    1.695450    1.940408    0.972335    1.174086    2.011171
Iteration: 464 bestvalit: 106.885000 bestmemit:    0.347827    0.003044    0.041661    0.093513    0.379208    0.074824    0.345531    0.463489    0.037603    0.215007    0.233669    0.444076    0.701877    0.048022    0.000617    0.005036    8.800642    4.743447    1.406401    1.972019    1.695450    1.940408    0.972335    1.174086    2.011171
Iteration: 465 bestvalit: 106.885000 bestmemit:    0.347827    0.003044    0.041661    0.093513    0.379208    0.074824    0.345531    0.463489    0.037603    0.215007    0.233669    0.444076    0.701877    0.048022    0.000617    0.005036    8.800642    4.743447    1.406401    1.972019    1.695450    1.940408    0.972335    1.174086    2.011171
Iteration: 466 bestvalit: 106.885000 bestmemit:    0.347827    0.003044    0.041661    0.093513    0.379208    0.074824    0.345531    0.463489    0.037603    0.215007    0.233669    0.444076    0.701877    0.048022    0.000617    0.005036    8.800642    4.743447    1.406401    1.972019    1.695450    1.940408    0.972335    1.174086    2.011171
Iteration: 467 bestvalit: 106.885000 bestmemit:    0.347827    0.003044    0.041661    0.093513    0.379208    0.074824    0.345531    0.463489    0.037603    0.215007    0.233669    0.444076    0.701877    0.048022    0.000617    0.005036    8.800642    4.743447    1.406401    1.972019    1.695450    1.940408    0.972335    1.174086    2.011171
Iteration: 468 bestvalit: 106.885000 bestmemit:    0.347827    0.003044    0.041661    0.093513    0.379208    0.074824    0.345531    0.463489    0.037603    0.215007    0.233669    0.444076    0.701877    0.048022    0.000617    0.005036    8.800642    4.743447    1.406401    1.972019    1.695450    1.940408    0.972335    1.174086    2.011171
Iteration: 469 bestvalit: 106.885000 bestmemit:    0.347827    0.003044    0.041661    0.093513    0.379208    0.074824    0.345531    0.463489    0.037603    0.215007    0.233669    0.444076    0.701877    0.048022    0.000617    0.005036    8.800642    4.743447    1.406401    1.972019    1.695450    1.940408    0.972335    1.174086    2.011171
Iteration: 470 bestvalit: 106.860000 bestmemit:    0.347827    0.003044    0.041661    0.093513    0.379208    0.074824    0.345531    0.463489    0.037603    0.215007    0.233669    0.444076    0.701877    0.048022    0.000617    0.005036    8.800642    4.743447    1.406401    1.972019    1.695450    1.940408    0.972335    1.174086    2.091469
Iteration: 471 bestvalit: 106.860000 bestmemit:    0.347827    0.003044    0.041661    0.093513    0.379208    0.074824    0.345531    0.463489    0.037603    0.215007    0.233669    0.444076    0.701877    0.048022    0.000617    0.005036    8.800642    4.743447    1.406401    1.972019    1.695450    1.940408    0.972335    1.174086    2.091469
Iteration: 472 bestvalit: 105.685000 bestmemit:    0.347827    0.003044    0.041661    0.093513    0.379208    0.074824    0.345531    0.463489    0.037603    0.215007    0.233669    0.444076    0.701877    0.048022    0.000617    0.005036    8.800642    4.743447    1.406401    1.972019    1.695450    1.950292    0.961502    1.179593    2.091469
Iteration: 473 bestvalit: 105.685000 bestmemit:    0.347827    0.003044    0.041661    0.093513    0.379208    0.074824    0.345531    0.463489    0.037603    0.215007    0.233669    0.444076    0.701877    0.048022    0.000617    0.005036    8.800642    4.743447    1.406401    1.972019    1.695450    1.950292    0.961502    1.179593    2.091469
Iteration: 474 bestvalit: 105.685000 bestmemit:    0.347827    0.003044    0.041661    0.093513    0.379208    0.074824    0.345531    0.463489    0.037603    0.215007    0.233669    0.444076    0.701877    0.048022    0.000617    0.005036    8.800642    4.743447    1.406401    1.972019    1.695450    1.950292    0.961502    1.179593    2.091469
Iteration: 475 bestvalit: 105.685000 bestmemit:    0.347827    0.003044    0.041661    0.093513    0.379208    0.074824    0.345531    0.463489    0.037603    0.215007    0.233669    0.444076    0.701877    0.048022    0.000617    0.005036    8.800642    4.743447    1.406401    1.972019    1.695450    1.950292    0.961502    1.179593    2.091469
Iteration: 476 bestvalit: 105.685000 bestmemit:    0.347827    0.003044    0.041661    0.093513    0.379208    0.074824    0.345531    0.463489    0.037603    0.215007    0.233669    0.444076    0.701877    0.048022    0.000617    0.005036    8.800642    4.743447    1.406401    1.972019    1.695450    1.950292    0.961502    1.179593    2.091469
Iteration: 477 bestvalit: 105.685000 bestmemit:    0.347827    0.003044    0.041661    0.093513    0.379208    0.074824    0.345531    0.463489    0.037603    0.215007    0.233669    0.444076    0.701877    0.048022    0.000617    0.005036    8.800642    4.743447    1.406401    1.972019    1.695450    1.950292    0.961502    1.179593    2.091469
Iteration: 478 bestvalit: 105.685000 bestmemit:    0.347827    0.003044    0.041661    0.093513    0.379208    0.074824    0.345531    0.463489    0.037603    0.215007    0.233669    0.444076    0.701877    0.048022    0.000617    0.005036    8.800642    4.743447    1.406401    1.972019    1.695450    1.950292    0.961502    1.179593    2.091469
Iteration: 479 bestvalit: 105.685000 bestmemit:    0.347827    0.003044    0.041661    0.093513    0.379208    0.074824    0.345531    0.463489    0.037603    0.215007    0.233669    0.444076    0.701877    0.048022    0.000617    0.005036    8.800642    4.743447    1.406401    1.972019    1.695450    1.950292    0.961502    1.179593    2.091469
Iteration: 480 bestvalit: 105.685000 bestmemit:    0.347827    0.003044    0.041661    0.093513    0.379208    0.074824    0.345531    0.463489    0.037603    0.215007    0.233669    0.444076    0.701877    0.048022    0.000617    0.005036    8.800642    4.743447    1.406401    1.972019    1.695450    1.950292    0.961502    1.179593    2.091469
Iteration: 481 bestvalit: 105.665000 bestmemit:    0.347827    0.003044    0.041661    0.093513    0.379208    0.074824    0.345531    0.463489    0.037603    0.215007    0.233669    0.444076    0.701877    0.048022    0.000617    0.005036    8.800642    4.743447    1.406401    1.972019    1.695450    1.950292    0.968020    1.179593    2.091469
Iteration: 482 bestvalit: 105.665000 bestmemit:    0.347827    0.003044    0.041661    0.093513    0.379208    0.074824    0.345531    0.463489    0.037603    0.215007    0.233669    0.444076    0.701877    0.048022    0.000617    0.005036    8.800642    4.743447    1.406401    1.972019    1.695450    1.950292    0.968020    1.179593    2.091469
Iteration: 483 bestvalit: 105.665000 bestmemit:    0.347827    0.003044    0.041661    0.093513    0.379208    0.074824    0.345531    0.463489    0.037603    0.215007    0.233669    0.444076    0.701877    0.048022    0.000617    0.005036    8.800642    4.743447    1.406401    1.972019    1.695450    1.950292    0.968020    1.179593    2.091469
Iteration: 484 bestvalit: 105.665000 bestmemit:    0.347827    0.003044    0.041661    0.093513    0.379208    0.074824    0.345531    0.463489    0.037603    0.215007    0.233669    0.444076    0.701877    0.048022    0.000617    0.005036    8.800642    4.743447    1.406401    1.972019    1.695450    1.950292    0.968020    1.179593    2.091469
Iteration: 485 bestvalit: 105.665000 bestmemit:    0.347827    0.003044    0.041661    0.093513    0.379208    0.074824    0.345531    0.463489    0.037603    0.215007    0.233669    0.444076    0.701877    0.048022    0.000617    0.005036    8.800642    4.743447    1.406401    1.972019    1.695450    1.950292    0.968020    1.179593    2.091469
Iteration: 486 bestvalit: 105.665000 bestmemit:    0.347827    0.003044    0.041661    0.093513    0.379208    0.074824    0.345531    0.463489    0.037603    0.215007    0.233669    0.444076    0.701877    0.048022    0.000617    0.005036    8.800642    4.743447    1.406401    1.972019    1.695450    1.950292    0.968020    1.179593    2.091469
Iteration: 487 bestvalit: 105.665000 bestmemit:    0.347827    0.003044    0.041661    0.093513    0.379208    0.074824    0.345531    0.463489    0.037603    0.215007    0.233669    0.444076    0.701877    0.048022    0.000617    0.005036    8.800642    4.743447    1.406401    1.972019    1.695450    1.950292    0.968020    1.179593    2.091469
Iteration: 488 bestvalit: 105.535000 bestmemit:    0.347827    0.003044    0.041661    0.093513    0.379208    0.074824    0.345531    0.463489    0.037603    0.215007    0.233669    0.444076    0.701877    0.048022    0.000617    0.005036    8.800642    5.095352    1.406401    1.972019    1.695450    1.950292    0.968020    1.179593    2.091469
Iteration: 489 bestvalit: 105.535000 bestmemit:    0.347827    0.003044    0.041661    0.093513    0.379208    0.074824    0.345531    0.463489    0.037603    0.215007    0.233669    0.444076    0.701877    0.048022    0.000617    0.005036    8.800642    5.095352    1.406401    1.972019    1.695450    1.950292    0.968020    1.179593    2.091469
Iteration: 490 bestvalit: 105.535000 bestmemit:    0.347827    0.003044    0.041661    0.093513    0.379208    0.074824    0.345531    0.463489    0.037603    0.215007    0.233669    0.444076    0.701877    0.048022    0.000617    0.005036    8.800642    5.095352    1.406401    1.972019    1.695450    1.950292    0.968020    1.179593    2.091469
Iteration: 491 bestvalit: 105.535000 bestmemit:    0.347827    0.003044    0.041661    0.093513    0.379208    0.074824    0.345531    0.463489    0.037603    0.215007    0.233669    0.444076    0.701877    0.048022    0.000617    0.005036    8.800642    5.095352    1.406401    1.972019    1.695450    1.950292    0.968020    1.179593    2.091469
Iteration: 492 bestvalit: 105.535000 bestmemit:    0.347827    0.003044    0.041661    0.093513    0.379208    0.074824    0.345531    0.463489    0.037603    0.215007    0.233669    0.444076    0.701877    0.048022    0.000617    0.005036    8.800642    5.095352    1.406401    1.972019    1.695450    1.950292    0.968020    1.179593    2.091469
Iteration: 493 bestvalit: 105.535000 bestmemit:    0.347827    0.003044    0.041661    0.093513    0.379208    0.074824    0.345531    0.463489    0.037603    0.215007    0.233669    0.444076    0.701877    0.048022    0.000617    0.005036    8.800642    5.095352    1.406401    1.972019    1.695450    1.950292    0.968020    1.179593    2.091469
Iteration: 494 bestvalit: 105.535000 bestmemit:    0.347827    0.003044    0.041661    0.093513    0.379208    0.074824    0.345531    0.463489    0.037603    0.215007    0.233669    0.444076    0.701877    0.048022    0.000617    0.005036    8.800642    5.095352    1.406401    1.972019    1.695450    1.950292    0.968020    1.179593    2.091469
Iteration: 495 bestvalit: 105.535000 bestmemit:    0.347827    0.003044    0.041661    0.093513    0.379208    0.074824    0.345531    0.463489    0.037603    0.215007    0.233669    0.444076    0.701877    0.048022    0.000617    0.005036    8.800642    5.095352    1.406401    1.972019    1.695450    1.950292    0.968020    1.179593    2.091469
Iteration: 496 bestvalit: 105.535000 bestmemit:    0.347827    0.003044    0.041661    0.093513    0.379208    0.074824    0.345531    0.463489    0.037603    0.215007    0.233669    0.444076    0.701877    0.048022    0.000617    0.005036    8.800642    5.095352    1.406401    1.972019    1.695450    1.950292    0.968020    1.179593    2.091469
Iteration: 497 bestvalit: 105.535000 bestmemit:    0.347827    0.003044    0.041661    0.093513    0.379208    0.074824    0.345531    0.463489    0.037603    0.215007    0.233669    0.444076    0.701877    0.048022    0.000617    0.005036    8.800642    5.095352    1.406401    1.972019    1.695450    1.950292    0.968020    1.179593    2.091469
Iteration: 498 bestvalit: 105.535000 bestmemit:    0.347827    0.003044    0.041661    0.093513    0.379208    0.074824    0.345531    0.463489    0.037603    0.215007    0.233669    0.444076    0.701877    0.048022    0.000617    0.005036    8.800642    5.095352    1.406401    1.972019    1.695450    1.950292    0.968020    1.179593    2.091469
Iteration: 499 bestvalit: 105.535000 bestmemit:    0.347827    0.003044    0.041661    0.093513    0.379208    0.074824    0.345531    0.463489    0.037603    0.215007    0.233669    0.444076    0.701877    0.048022    0.000617    0.005036    8.800642    5.095352    1.406401    1.972019    1.695450    1.950292    0.968020    1.179593    2.091469
Iteration: 500 bestvalit: 105.535000 bestmemit:    0.347827    0.003044    0.041661    0.093513    0.379208    0.074824    0.345531    0.463489    0.037603    0.215007    0.233669    0.444076    0.701877    0.048022    0.000617    0.005036    8.800642    5.095352    1.406401    1.972019    1.695450    1.950292    0.968020    1.179593    2.091469
Iteration: 501 bestvalit: 105.535000 bestmemit:    0.347827    0.003044    0.041661    0.093513    0.379208    0.074824    0.345531    0.463489    0.037603    0.215007    0.233669    0.444076    0.701877    0.048022    0.000617    0.005036    8.800642    5.095352    1.406401    1.972019    1.695450    1.950292    0.968020    1.179593    2.091469
Iteration: 502 bestvalit: 105.535000 bestmemit:    0.347827    0.003044    0.041661    0.093513    0.379208    0.074824    0.345531    0.463489    0.037603    0.215007    0.233669    0.444076    0.701877    0.048022    0.000617    0.005036    8.800642    5.095352    1.406401    1.972019    1.695450    1.950292    0.968020    1.179593    2.091469
Iteration: 503 bestvalit: 105.535000 bestmemit:    0.347827    0.003044    0.041661    0.093513    0.379208    0.074824    0.345531    0.463489    0.037603    0.215007    0.233669    0.444076    0.701877    0.048022    0.000617    0.005036    8.800642    5.095352    1.406401    1.972019    1.695450    1.950292    0.968020    1.179593    2.091469
Iteration: 504 bestvalit: 105.535000 bestmemit:    0.347827    0.003044    0.041661    0.093513    0.379208    0.074824    0.345531    0.463489    0.037603    0.215007    0.233669    0.444076    0.701877    0.048022    0.000617    0.005036    8.800642    5.095352    1.406401    1.972019    1.695450    1.950292    0.968020    1.179593    2.091469
Iteration: 505 bestvalit: 105.535000 bestmemit:    0.347827    0.003044    0.041661    0.093513    0.379208    0.074824    0.345531    0.463489    0.037603    0.215007    0.233669    0.444076    0.701877    0.048022    0.000617    0.005036    8.800642    5.095352    1.406401    1.972019    1.695450    1.950292    0.968020    1.179593    2.091469
Iteration: 506 bestvalit: 105.535000 bestmemit:    0.347827    0.003044    0.041661    0.093513    0.379208    0.074824    0.345531    0.463489    0.037603    0.215007    0.233669    0.444076    0.701877    0.048022    0.000617    0.005036    8.800642    5.095352    1.406401    1.972019    1.695450    1.950292    0.968020    1.179593    2.091469
Iteration: 507 bestvalit: 105.535000 bestmemit:    0.347827    0.003044    0.041661    0.093513    0.379208    0.074824    0.345531    0.463489    0.037603    0.215007    0.233669    0.444076    0.701877    0.048022    0.000617    0.005036    8.800642    5.095352    1.406401    1.972019    1.695450    1.950292    0.968020    1.179593    2.091469
Iteration: 508 bestvalit: 105.535000 bestmemit:    0.347827    0.003044    0.041661    0.093513    0.379208    0.074824    0.345531    0.463489    0.037603    0.215007    0.233669    0.444076    0.701877    0.048022    0.000617    0.005036    8.800642    5.095352    1.406401    1.972019    1.695450    1.950292    0.968020    1.179593    2.091469
Iteration: 509 bestvalit: 105.535000 bestmemit:    0.347827    0.003044    0.041661    0.093513    0.379208    0.074824    0.345531    0.463489    0.037603    0.215007    0.233669    0.444076    0.701877    0.048022    0.000617    0.005036    8.800642    5.095352    1.406401    1.972019    1.695450    1.950292    0.968020    1.179593    2.091469
Iteration: 510 bestvalit: 105.535000 bestmemit:    0.347827    0.003044    0.041661    0.093513    0.379208    0.074824    0.345531    0.463489    0.037603    0.215007    0.233669    0.444076    0.701877    0.048022    0.000617    0.005036    8.800642    5.095352    1.406401    1.972019    1.695450    1.950292    0.968020    1.179593    2.091469
Iteration: 511 bestvalit: 105.535000 bestmemit:    0.347827    0.003044    0.041661    0.093513    0.379208    0.074824    0.345531    0.463489    0.037603    0.215007    0.233669    0.444076    0.701877    0.048022    0.000617    0.005036    8.800642    5.095352    1.406401    1.972019    1.695450    1.950292    0.968020    1.179593    2.091469
Iteration: 512 bestvalit: 105.535000 bestmemit:    0.347827    0.003044    0.041661    0.093513    0.379208    0.074824    0.345531    0.463489    0.037603    0.215007    0.233669    0.444076    0.701877    0.048022    0.000617    0.005036    8.800642    5.095352    1.406401    1.972019    1.695450    1.950292    0.968020    1.179593    2.091469
Iteration: 513 bestvalit: 105.535000 bestmemit:    0.347827    0.003044    0.041661    0.093513    0.379208    0.074824    0.345531    0.463489    0.037603    0.215007    0.233669    0.444076    0.701877    0.048022    0.000617    0.005036    8.800642    5.095352    1.406401    1.972019    1.695450    1.950292    0.968020    1.179593    2.091469
Iteration: 514 bestvalit: 105.535000 bestmemit:    0.347827    0.003044    0.041661    0.093513    0.379208    0.074824    0.345531    0.463489    0.037603    0.215007    0.233669    0.444076    0.701877    0.048022    0.000617    0.005036    8.800642    5.095352    1.406401    1.972019    1.695450    1.950292    0.968020    1.179593    2.091469
Iteration: 515 bestvalit: 105.535000 bestmemit:    0.347827    0.003044    0.041661    0.093513    0.379208    0.074824    0.345531    0.463489    0.037603    0.215007    0.233669    0.444076    0.701877    0.048022    0.000617    0.005036    8.800642    5.095352    1.406401    1.972019    1.695450    1.950292    0.968020    1.179593    2.091469
Iteration: 516 bestvalit: 105.455000 bestmemit:    0.347827    0.003044    0.041661    0.093513    0.379208    0.074824    0.345531    0.463489    0.037603    0.215007    0.233669    0.444076    0.701877    0.048022    0.000617    0.005036    8.800642    5.095352    1.406401    1.972019    1.695450    1.974200    0.961978    1.179593    2.091469
Iteration: 517 bestvalit: 105.455000 bestmemit:    0.347827    0.003044    0.041661    0.093513    0.379208    0.074824    0.345531    0.463489    0.037603    0.215007    0.233669    0.444076    0.701877    0.048022    0.000617    0.005036    8.800642    5.095352    1.406401    1.972019    1.695450    1.974200    0.961978    1.179593    2.091469
Iteration: 518 bestvalit: 105.220000 bestmemit:    0.347827    0.003044    0.041661    0.093513    0.379208    0.074824    0.345531    0.463489    0.037603    0.215007    0.233669    0.444076    0.701877    0.048022    0.000661    0.005036    8.800642    5.095352    1.406401    1.972019    1.695450    1.974200    0.961978    1.179593    2.091469
Iteration: 519 bestvalit: 105.220000 bestmemit:    0.347827    0.003044    0.041661    0.093513    0.379208    0.074824    0.345531    0.463489    0.037603    0.215007    0.233669    0.444076    0.701877    0.048022    0.000661    0.005036    8.800642    5.095352    1.406401    1.972019    1.695450    1.974200    0.961978    1.179593    2.091469
Iteration: 520 bestvalit: 105.220000 bestmemit:    0.347827    0.003044    0.041661    0.093513    0.379208    0.074824    0.345531    0.463489    0.037603    0.215007    0.233669    0.444076    0.701877    0.048022    0.000661    0.005036    8.800642    5.095352    1.406401    1.972019    1.695450    1.974200    0.961978    1.179593    2.091469
Iteration: 521 bestvalit: 105.220000 bestmemit:    0.347827    0.003044    0.041661    0.093513    0.379208    0.074824    0.345531    0.463489    0.037603    0.215007    0.233669    0.444076    0.701877    0.048022    0.000661    0.005036    8.800642    5.095352    1.406401    1.972019    1.695450    1.974200    0.961978    1.179593    2.091469
Iteration: 522 bestvalit: 105.220000 bestmemit:    0.347827    0.003044    0.041661    0.093513    0.379208    0.074824    0.345531    0.463489    0.037603    0.215007    0.233669    0.444076    0.701877    0.048022    0.000661    0.005036    8.800642    5.095352    1.406401    1.972019    1.695450    1.974200    0.961978    1.179593    2.091469
Iteration: 523 bestvalit: 105.220000 bestmemit:    0.347827    0.003044    0.041661    0.093513    0.379208    0.074824    0.345531    0.463489    0.037603    0.215007    0.233669    0.444076    0.701877    0.048022    0.000661    0.005036    8.800642    5.095352    1.406401    1.972019    1.695450    1.974200    0.961978    1.179593    2.091469
Iteration: 524 bestvalit: 105.220000 bestmemit:    0.347827    0.003044    0.041661    0.093513    0.379208    0.074824    0.345531    0.463489    0.037603    0.215007    0.233669    0.444076    0.701877    0.048022    0.000661    0.005036    8.800642    5.095352    1.406401    1.972019    1.695450    1.974200    0.961978    1.179593    2.091469
Iteration: 525 bestvalit: 105.220000 bestmemit:    0.347827    0.003044    0.041661    0.093513    0.379208    0.074824    0.345531    0.463489    0.037603    0.215007    0.233669    0.444076    0.701877    0.048022    0.000661    0.005036    8.800642    5.095352    1.406401    1.972019    1.695450    1.974200    0.961978    1.179593    2.091469
Iteration: 526 bestvalit: 105.220000 bestmemit:    0.347827    0.003044    0.041661    0.093513    0.379208    0.074824    0.345531    0.463489    0.037603    0.215007    0.233669    0.444076    0.701877    0.048022    0.000661    0.005036    8.800642    5.095352    1.406401    1.972019    1.695450    1.974200    0.961978    1.179593    2.091469
Iteration: 527 bestvalit: 105.220000 bestmemit:    0.347827    0.003044    0.041661    0.093513    0.379208    0.074824    0.345531    0.463489    0.037603    0.215007    0.233669    0.444076    0.701877    0.048022    0.000661    0.005036    8.800642    5.095352    1.406401    1.972019    1.695450    1.974200    0.961978    1.179593    2.091469
Iteration: 528 bestvalit: 105.220000 bestmemit:    0.347827    0.003044    0.041661    0.093513    0.379208    0.074824    0.345531    0.463489    0.037603    0.215007    0.233669    0.444076    0.701877    0.048022    0.000661    0.005036    8.800642    5.095352    1.406401    1.972019    1.695450    1.974200    0.961978    1.179593    2.091469
Iteration: 529 bestvalit: 105.220000 bestmemit:    0.347827    0.003044    0.041661    0.093513    0.379208    0.074824    0.345531    0.463489    0.037603    0.215007    0.233669    0.444076    0.701877    0.048022    0.000661    0.005036    8.800642    5.095352    1.406401    1.972019    1.695450    1.974200    0.961978    1.179593    2.091469
Iteration: 530 bestvalit: 105.220000 bestmemit:    0.347827    0.003044    0.041661    0.093513    0.379208    0.074824    0.345531    0.463489    0.037603    0.215007    0.233669    0.444076    0.701877    0.048022    0.000661    0.005036    8.800642    5.095352    1.406401    1.972019    1.695450    1.974200    0.961978    1.179593    2.091469
Iteration: 531 bestvalit: 105.220000 bestmemit:    0.347827    0.003044    0.041661    0.093513    0.379208    0.074824    0.345531    0.463489    0.037603    0.215007    0.233669    0.444076    0.701877    0.048022    0.000661    0.005036    8.800642    5.095352    1.406401    1.972019    1.695450    1.974200    0.961978    1.179593    2.091469
Iteration: 532 bestvalit: 105.220000 bestmemit:    0.347827    0.003044    0.041661    0.093513    0.379208    0.074824    0.345531    0.463489    0.037603    0.215007    0.233669    0.444076    0.701877    0.048022    0.000661    0.005036    8.800642    5.095352    1.406401    1.972019    1.695450    1.974200    0.961978    1.179593    2.091469
Iteration: 533 bestvalit: 105.220000 bestmemit:    0.347827    0.003044    0.041661    0.093513    0.379208    0.074824    0.345531    0.463489    0.037603    0.215007    0.233669    0.444076    0.701877    0.048022    0.000661    0.005036    8.800642    5.095352    1.406401    1.972019    1.695450    1.974200    0.961978    1.179593    2.091469
Iteration: 534 bestvalit: 105.220000 bestmemit:    0.347827    0.003044    0.041661    0.093513    0.379208    0.074824    0.345531    0.463489    0.037603    0.215007    0.233669    0.444076    0.701877    0.048022    0.000661    0.005036    8.800642    5.095352    1.406401    1.972019    1.695450    1.974200    0.961978    1.179593    2.091469
Iteration: 535 bestvalit: 105.220000 bestmemit:    0.347827    0.003044    0.041661    0.093513    0.379208    0.074824    0.345531    0.463489    0.037603    0.215007    0.233669    0.444076    0.701877    0.048022    0.000661    0.005036    8.800642    5.095352    1.406401    1.972019    1.695450    1.974200    0.961978    1.179593    2.091469
Iteration: 536 bestvalit: 105.220000 bestmemit:    0.347827    0.003044    0.041661    0.093513    0.379208    0.074824    0.345531    0.463489    0.037603    0.215007    0.233669    0.444076    0.701877    0.048022    0.000661    0.005036    8.800642    5.095352    1.406401    1.972019    1.695450    1.974200    0.961978    1.179593    2.091469
Iteration: 537 bestvalit: 105.070000 bestmemit:    0.347827    0.003044    0.041661    0.093513    0.379208    0.074824    0.345531    0.463489    0.037603    0.215007    0.233669    0.462118    0.701877    0.048022    0.000661    0.005036    8.800642    5.095352    1.406401    1.972019    1.695450    1.974200    0.961978    1.179593    2.091469
Iteration: 538 bestvalit: 105.070000 bestmemit:    0.347827    0.003044    0.041661    0.093513    0.379208    0.074824    0.345531    0.463489    0.037603    0.215007    0.233669    0.462118    0.701877    0.048022    0.000661    0.005036    8.800642    5.095352    1.406401    1.972019    1.695450    1.974200    0.961978    1.179593    2.091469
Iteration: 539 bestvalit: 105.070000 bestmemit:    0.347827    0.003044    0.041661    0.093513    0.379208    0.074824    0.345531    0.463489    0.037603    0.215007    0.233669    0.462118    0.701877    0.048022    0.000661    0.005036    8.800642    5.095352    1.406401    1.972019    1.695450    1.974200    0.961978    1.179593    2.091469
Iteration: 540 bestvalit: 105.070000 bestmemit:    0.347827    0.003044    0.041661    0.093513    0.379208    0.074824    0.345531    0.463489    0.037603    0.215007    0.233669    0.462118    0.701877    0.048022    0.000661    0.005036    8.800642    5.095352    1.406401    1.972019    1.695450    1.974200    0.961978    1.179593    2.091469
Iteration: 541 bestvalit: 105.070000 bestmemit:    0.347827    0.003044    0.041661    0.093513    0.379208    0.074824    0.345531    0.463489    0.037603    0.215007    0.233669    0.462118    0.701877    0.048022    0.000661    0.005036    8.800642    5.095352    1.406401    1.972019    1.695450    1.974200    0.961978    1.179593    2.091469
Iteration: 542 bestvalit: 105.070000 bestmemit:    0.347827    0.003044    0.041661    0.093513    0.379208    0.074824    0.345531    0.463489    0.037603    0.215007    0.233669    0.462118    0.701877    0.048022    0.000661    0.005036    8.800642    5.095352    1.406401    1.972019    1.695450    1.974200    0.961978    1.179593    2.091469
Iteration: 543 bestvalit: 105.070000 bestmemit:    0.347827    0.003044    0.041661    0.093513    0.379208    0.074824    0.345531    0.463489    0.037603    0.215007    0.233669    0.462118    0.701877    0.048022    0.000661    0.005036    8.800642    5.095352    1.406401    1.972019    1.695450    1.974200    0.961978    1.179593    2.091469
Iteration: 544 bestvalit: 105.070000 bestmemit:    0.347827    0.003044    0.041661    0.093513    0.379208    0.074824    0.345531    0.463489    0.037603    0.215007    0.233669    0.462118    0.701877    0.048022    0.000661    0.005036    8.800642    5.095352    1.406401    1.972019    1.695450    1.974200    0.961978    1.179593    2.091469
Iteration: 545 bestvalit: 105.070000 bestmemit:    0.347827    0.003044    0.041661    0.093513    0.379208    0.074824    0.345531    0.463489    0.037603    0.215007    0.233669    0.462118    0.701877    0.048022    0.000661    0.005036    8.800642    5.095352    1.406401    1.972019    1.695450    1.974200    0.961978    1.179593    2.091469
Iteration: 546 bestvalit: 105.070000 bestmemit:    0.347827    0.003044    0.041661    0.093513    0.379208    0.074824    0.345531    0.463489    0.037603    0.215007    0.233669    0.462118    0.701877    0.048022    0.000661    0.005036    8.800642    5.095352    1.406401    1.972019    1.695450    1.974200    0.961978    1.179593    2.091469
Iteration: 547 bestvalit: 105.070000 bestmemit:    0.347827    0.003044    0.041661    0.093513    0.379208    0.074824    0.345531    0.463489    0.037603    0.215007    0.233669    0.462118    0.701877    0.048022    0.000661    0.005036    8.800642    5.095352    1.406401    1.972019    1.695450    1.974200    0.961978    1.179593    2.091469
Iteration: 548 bestvalit: 105.070000 bestmemit:    0.347827    0.003044    0.041661    0.093513    0.379208    0.074824    0.345531    0.463489    0.037603    0.215007    0.233669    0.462118    0.701877    0.048022    0.000661    0.005036    8.800642    5.095352    1.406401    1.972019    1.695450    1.974200    0.961978    1.179593    2.091469
Iteration: 549 bestvalit: 105.070000 bestmemit:    0.347827    0.003044    0.041661    0.093513    0.379208    0.074824    0.345531    0.463489    0.037603    0.215007    0.233669    0.462118    0.701877    0.048022    0.000661    0.005036    8.800642    5.095352    1.406401    1.972019    1.695450    1.974200    0.961978    1.179593    2.091469
Iteration: 550 bestvalit: 105.070000 bestmemit:    0.347827    0.003044    0.041661    0.093513    0.379208    0.074824    0.345531    0.463489    0.037603    0.215007    0.233669    0.462118    0.701877    0.048022    0.000661    0.005036    8.800642    5.095352    1.406401    1.972019    1.695450    1.974200    0.961978    1.179593    2.091469
Iteration: 551 bestvalit: 105.070000 bestmemit:    0.347827    0.003044    0.041661    0.093513    0.379208    0.074824    0.345531    0.463489    0.037603    0.215007    0.233669    0.462118    0.701877    0.048022    0.000661    0.005036    8.800642    5.095352    1.406401    1.972019    1.695450    1.974200    0.961978    1.179593    2.091469
Iteration: 552 bestvalit: 105.070000 bestmemit:    0.347827    0.003044    0.041661    0.093513    0.379208    0.074824    0.345531    0.463489    0.037603    0.215007    0.233669    0.462118    0.701877    0.048022    0.000661    0.005036    8.800642    5.095352    1.406401    1.972019    1.695450    1.974200    0.961978    1.179593    2.091469
Iteration: 553 bestvalit: 105.070000 bestmemit:    0.347827    0.003044    0.041661    0.093513    0.379208    0.074824    0.345531    0.463489    0.037603    0.215007    0.233669    0.462118    0.701877    0.048022    0.000661    0.005036    8.800642    5.095352    1.406401    1.972019    1.695450    1.974200    0.961978    1.179593    2.091469
Iteration: 554 bestvalit: 105.070000 bestmemit:    0.347827    0.003044    0.041661    0.093513    0.379208    0.074824    0.345531    0.463489    0.037603    0.215007    0.233669    0.462118    0.701877    0.048022    0.000661    0.005036    8.800642    5.095352    1.406401    1.972019    1.695450    1.974200    0.961978    1.179593    2.091469
Iteration: 555 bestvalit: 104.835000 bestmemit:    0.347827    0.003044    0.041661    0.093513    0.353992    0.074824    0.345531    0.463489    0.037603    0.215007    0.233669    0.462118    0.701877    0.048022    0.000661    0.005036    8.800642    5.095352    1.406401    1.972019    1.695450    1.974200    0.961978    1.179593    2.091469
Iteration: 556 bestvalit: 104.835000 bestmemit:    0.347827    0.003044    0.041661    0.093513    0.353992    0.074824    0.345531    0.463489    0.037603    0.215007    0.233669    0.462118    0.701877    0.048022    0.000661    0.005036    8.800642    5.095352    1.406401    1.972019    1.695450    1.974200    0.961978    1.179593    2.091469
Iteration: 557 bestvalit: 104.835000 bestmemit:    0.347827    0.003044    0.041661    0.093513    0.353992    0.074824    0.345531    0.463489    0.037603    0.215007    0.233669    0.462118    0.701877    0.048022    0.000661    0.005036    8.800642    5.095352    1.406401    1.972019    1.695450    1.974200    0.961978    1.179593    2.091469
Iteration: 558 bestvalit: 104.835000 bestmemit:    0.347827    0.003044    0.041661    0.093513    0.353992    0.074824    0.345531    0.463489    0.037603    0.215007    0.233669    0.462118    0.701877    0.048022    0.000661    0.005036    8.800642    5.095352    1.406401    1.972019    1.695450    1.974200    0.961978    1.179593    2.091469
Iteration: 559 bestvalit: 104.835000 bestmemit:    0.347827    0.003044    0.041661    0.093513    0.353992    0.074824    0.345531    0.463489    0.037603    0.215007    0.233669    0.462118    0.701877    0.048022    0.000661    0.005036    8.800642    5.095352    1.406401    1.972019    1.695450    1.974200    0.961978    1.179593    2.091469
Iteration: 560 bestvalit: 104.835000 bestmemit:    0.347827    0.003044    0.041661    0.093513    0.353992    0.074824    0.345531    0.463489    0.037603    0.215007    0.233669    0.462118    0.701877    0.048022    0.000661    0.005036    8.800642    5.095352    1.406401    1.972019    1.695450    1.974200    0.961978    1.179593    2.091469
Iteration: 561 bestvalit: 104.835000 bestmemit:    0.347827    0.003044    0.041661    0.093513    0.353992    0.074824    0.345531    0.463489    0.037603    0.215007    0.233669    0.462118    0.701877    0.048022    0.000661    0.005036    8.800642    5.095352    1.406401    1.972019    1.695450    1.974200    0.961978    1.179593    2.091469
Iteration: 562 bestvalit: 104.835000 bestmemit:    0.347827    0.003044    0.041661    0.093513    0.353992    0.074824    0.345531    0.463489    0.037603    0.215007    0.233669    0.462118    0.701877    0.048022    0.000661    0.005036    8.800642    5.095352    1.406401    1.972019    1.695450    1.974200    0.961978    1.179593    2.091469
Iteration: 563 bestvalit: 104.835000 bestmemit:    0.347827    0.003044    0.041661    0.093513    0.353992    0.074824    0.345531    0.463489    0.037603    0.215007    0.233669    0.462118    0.701877    0.048022    0.000661    0.005036    8.800642    5.095352    1.406401    1.972019    1.695450    1.974200    0.961978    1.179593    2.091469
Iteration: 564 bestvalit: 104.835000 bestmemit:    0.347827    0.003044    0.041661    0.093513    0.353992    0.074824    0.345531    0.463489    0.037603    0.215007    0.233669    0.462118    0.701877    0.048022    0.000661    0.005036    8.800642    5.095352    1.406401    1.972019    1.695450    1.974200    0.961978    1.179593    2.091469
Iteration: 565 bestvalit: 104.750000 bestmemit:    0.347827    0.003044    0.041661    0.093513    0.353992    0.074824    0.345531    0.463489    0.037603    0.215007    0.233669    0.462118    0.701877    0.051068    0.000661    0.005036    8.800642    5.095352    1.406401    1.972019    1.695450    1.974200    0.961978    1.179593    2.091469
Iteration: 566 bestvalit: 104.750000 bestmemit:    0.347827    0.003044    0.041661    0.093513    0.353992    0.074824    0.345531    0.463489    0.037603    0.215007    0.233669    0.462118    0.701877    0.051068    0.000661    0.005036    8.800642    5.095352    1.406401    1.972019    1.695450    1.974200    0.961978    1.179593    2.091469
Iteration: 567 bestvalit: 104.750000 bestmemit:    0.347827    0.003044    0.041661    0.093513    0.353992    0.074824    0.345531    0.463489    0.037603    0.215007    0.233669    0.462118    0.701877    0.051068    0.000661    0.005036    8.800642    5.095352    1.406401    1.972019    1.695450    1.974200    0.961978    1.179593    2.091469
Iteration: 568 bestvalit: 104.750000 bestmemit:    0.347827    0.003044    0.041661    0.093513    0.353992    0.074824    0.345531    0.463489    0.037603    0.215007    0.233669    0.462118    0.701877    0.051068    0.000661    0.005036    8.800642    5.095352    1.406401    1.972019    1.695450    1.974200    0.961978    1.179593    2.091469
Iteration: 569 bestvalit: 104.750000 bestmemit:    0.347827    0.003044    0.041661    0.093513    0.353992    0.074824    0.345531    0.463489    0.037603    0.215007    0.233669    0.462118    0.701877    0.051068    0.000661    0.005036    8.800642    5.095352    1.406401    1.972019    1.695450    1.974200    0.961978    1.179593    2.091469
Iteration: 570 bestvalit: 104.700000 bestmemit:    0.347827    0.003044    0.041661    0.093513    0.353992    0.074824    0.345531    0.463489    0.037603    0.215007    0.233669    0.462118    0.701877    0.051068    0.000661    0.005036    8.876397    4.672162    1.406401    1.972019    1.695450    1.974200    0.961978    1.179593    2.091469
Iteration: 571 bestvalit: 104.385000 bestmemit:    0.347827    0.003044    0.041661    0.093513    0.353992    0.074824    0.345531    0.463489    0.037603    0.215007    0.233669    0.462118    0.701877    0.051068    0.000661    0.005036    8.876397    4.672162    1.406401    1.972019    1.695450    1.974200    0.961978    1.179593    2.009192
Iteration: 572 bestvalit: 104.385000 bestmemit:    0.347827    0.003044    0.041661    0.093513    0.353992    0.074824    0.345531    0.463489    0.037603    0.215007    0.233669    0.462118    0.701877    0.051068    0.000661    0.005036    8.876397    4.672162    1.406401    1.972019    1.695450    1.974200    0.961978    1.179593    2.009192
Iteration: 573 bestvalit: 104.385000 bestmemit:    0.347827    0.003044    0.041661    0.093513    0.353992    0.074824    0.345531    0.463489    0.037603    0.215007    0.233669    0.462118    0.701877    0.051068    0.000661    0.005036    8.876397    4.672162    1.406401    1.972019    1.695450    1.974200    0.961978    1.179593    2.009192
Iteration: 574 bestvalit: 104.385000 bestmemit:    0.347827    0.003044    0.041661    0.093513    0.353992    0.074824    0.345531    0.463489    0.037603    0.215007    0.233669    0.462118    0.701877    0.051068    0.000661    0.005036    8.876397    4.672162    1.406401    1.972019    1.695450    1.974200    0.961978    1.179593    2.009192
Iteration: 575 bestvalit: 104.385000 bestmemit:    0.347827    0.003044    0.041661    0.093513    0.353992    0.074824    0.345531    0.463489    0.037603    0.215007    0.233669    0.462118    0.701877    0.051068    0.000661    0.005036    8.876397    4.672162    1.406401    1.972019    1.695450    1.974200    0.961978    1.179593    2.009192
Iteration: 576 bestvalit: 104.385000 bestmemit:    0.347827    0.003044    0.041661    0.093513    0.353992    0.074824    0.345531    0.463489    0.037603    0.215007    0.233669    0.462118    0.701877    0.051068    0.000661    0.005036    8.876397    4.672162    1.406401    1.972019    1.695450    1.974200    0.961978    1.179593    2.009192
Iteration: 577 bestvalit: 104.385000 bestmemit:    0.347827    0.003044    0.041661    0.093513    0.353992    0.074824    0.345531    0.463489    0.037603    0.215007    0.233669    0.462118    0.701877    0.051068    0.000661    0.005036    8.876397    4.672162    1.406401    1.972019    1.695450    1.974200    0.961978    1.179593    2.009192
Iteration: 578 bestvalit: 104.385000 bestmemit:    0.347827    0.003044    0.041661    0.093513    0.353992    0.074824    0.345531    0.463489    0.037603    0.215007    0.233669    0.462118    0.701877    0.051068    0.000661    0.005036    8.876397    4.672162    1.406401    1.972019    1.695450    1.974200    0.961978    1.179593    2.009192
Iteration: 579 bestvalit: 104.385000 bestmemit:    0.347827    0.003044    0.041661    0.093513    0.353992    0.074824    0.345531    0.463489    0.037603    0.215007    0.233669    0.462118    0.701877    0.051068    0.000661    0.005036    8.876397    4.672162    1.406401    1.972019    1.695450    1.974200    0.961978    1.179593    2.009192
Iteration: 580 bestvalit: 104.385000 bestmemit:    0.347827    0.003044    0.041661    0.093513    0.353992    0.074824    0.345531    0.463489    0.037603    0.215007    0.233669    0.462118    0.701877    0.051068    0.000661    0.005036    8.876397    4.672162    1.406401    1.972019    1.695450    1.974200    0.961978    1.179593    2.009192
Iteration: 581 bestvalit: 104.385000 bestmemit:    0.347827    0.003044    0.041661    0.093513    0.353992    0.074824    0.345531    0.463489    0.037603    0.215007    0.233669    0.462118    0.701877    0.051068    0.000661    0.005036    8.876397    4.672162    1.406401    1.972019    1.695450    1.974200    0.961978    1.179593    2.009192
Iteration: 582 bestvalit: 104.385000 bestmemit:    0.347827    0.003044    0.041661    0.093513    0.353992    0.074824    0.345531    0.463489    0.037603    0.215007    0.233669    0.462118    0.701877    0.051068    0.000661    0.005036    8.876397    4.672162    1.406401    1.972019    1.695450    1.974200    0.961978    1.179593    2.009192
Iteration: 583 bestvalit: 104.385000 bestmemit:    0.347827    0.003044    0.041661    0.093513    0.353992    0.074824    0.345531    0.463489    0.037603    0.215007    0.233669    0.462118    0.701877    0.051068    0.000661    0.005036    8.876397    4.672162    1.406401    1.972019    1.695450    1.974200    0.961978    1.179593    2.009192
Iteration: 584 bestvalit: 104.385000 bestmemit:    0.347827    0.003044    0.041661    0.093513    0.353992    0.074824    0.345531    0.463489    0.037603    0.215007    0.233669    0.462118    0.701877    0.051068    0.000661    0.005036    8.876397    4.672162    1.406401    1.972019    1.695450    1.974200    0.961978    1.179593    2.009192
Iteration: 585 bestvalit: 104.385000 bestmemit:    0.347827    0.003044    0.041661    0.093513    0.353992    0.074824    0.345531    0.463489    0.037603    0.215007    0.233669    0.462118    0.701877    0.051068    0.000661    0.005036    8.876397    4.672162    1.406401    1.972019    1.695450    1.974200    0.961978    1.179593    2.009192
Iteration: 586 bestvalit: 104.305000 bestmemit:    0.347827    0.003044    0.041661    0.093513    0.353992    0.074824    0.345531    0.463489    0.037603    0.215007    0.233669    0.462118    0.701877    0.048005    0.000661    0.005036    8.876397    4.672162    1.406401    1.972019    1.695450    1.974200    0.961978    1.179593    2.009192
Iteration: 587 bestvalit: 104.305000 bestmemit:    0.347827    0.003044    0.041661    0.093513    0.353992    0.074824    0.345531    0.463489    0.037603    0.215007    0.233669    0.462118    0.701877    0.048005    0.000661    0.005036    8.876397    4.672162    1.406401    1.972019    1.695450    1.974200    0.961978    1.179593    2.009192
Iteration: 588 bestvalit: 104.305000 bestmemit:    0.347827    0.003044    0.041661    0.093513    0.353992    0.074824    0.345531    0.463489    0.037603    0.215007    0.233669    0.462118    0.701877    0.048005    0.000661    0.005036    8.876397    4.672162    1.406401    1.972019    1.695450    1.974200    0.961978    1.179593    2.009192
Iteration: 589 bestvalit: 104.305000 bestmemit:    0.347827    0.003044    0.041661    0.093513    0.353992    0.074824    0.345531    0.463489    0.037603    0.215007    0.233669    0.462118    0.701877    0.048005    0.000661    0.005036    8.876397    4.672162    1.406401    1.972019    1.695450    1.974200    0.961978    1.179593    2.009192
Iteration: 590 bestvalit: 104.305000 bestmemit:    0.347827    0.003044    0.041661    0.093513    0.353992    0.074824    0.345531    0.463489    0.037603    0.215007    0.233669    0.462118    0.701877    0.048005    0.000661    0.005036    8.876397    4.672162    1.406401    1.972019    1.695450    1.974200    0.961978    1.179593    2.009192
Iteration: 591 bestvalit: 104.305000 bestmemit:    0.347827    0.003044    0.041661    0.093513    0.353992    0.074824    0.345531    0.463489    0.037603    0.215007    0.233669    0.462118    0.701877    0.048005    0.000661    0.005036    8.876397    4.672162    1.406401    1.972019    1.695450    1.974200    0.961978    1.179593    2.009192
Iteration: 592 bestvalit: 104.305000 bestmemit:    0.347827    0.003044    0.041661    0.093513    0.353992    0.074824    0.345531    0.463489    0.037603    0.215007    0.233669    0.462118    0.701877    0.048005    0.000661    0.005036    8.876397    4.672162    1.406401    1.972019    1.695450    1.974200    0.961978    1.179593    2.009192
Iteration: 593 bestvalit: 104.305000 bestmemit:    0.347827    0.003044    0.041661    0.093513    0.353992    0.074824    0.345531    0.463489    0.037603    0.215007    0.233669    0.462118    0.701877    0.048005    0.000661    0.005036    8.876397    4.672162    1.406401    1.972019    1.695450    1.974200    0.961978    1.179593    2.009192
Iteration: 594 bestvalit: 104.305000 bestmemit:    0.347827    0.003044    0.041661    0.093513    0.353992    0.074824    0.345531    0.463489    0.037603    0.215007    0.233669    0.462118    0.701877    0.048005    0.000661    0.005036    8.876397    4.672162    1.406401    1.972019    1.695450    1.974200    0.961978    1.179593    2.009192
Iteration: 595 bestvalit: 104.305000 bestmemit:    0.347827    0.003044    0.041661    0.093513    0.353992    0.074824    0.345531    0.463489    0.037603    0.215007    0.233669    0.462118    0.701877    0.048005    0.000661    0.005036    8.876397    4.672162    1.406401    1.972019    1.695450    1.974200    0.961978    1.179593    2.009192
Iteration: 596 bestvalit: 104.305000 bestmemit:    0.347827    0.003044    0.041661    0.093513    0.353992    0.074824    0.345531    0.463489    0.037603    0.215007    0.233669    0.462118    0.701877    0.048005    0.000661    0.005036    8.876397    4.672162    1.406401    1.972019    1.695450    1.974200    0.961978    1.179593    2.009192
Iteration: 597 bestvalit: 104.305000 bestmemit:    0.347827    0.003044    0.041661    0.093513    0.353992    0.074824    0.345531    0.463489    0.037603    0.215007    0.233669    0.462118    0.701877    0.048005    0.000661    0.005036    8.876397    4.672162    1.406401    1.972019    1.695450    1.974200    0.961978    1.179593    2.009192
Iteration: 598 bestvalit: 104.305000 bestmemit:    0.347827    0.003044    0.041661    0.093513    0.353992    0.074824    0.345531    0.463489    0.037603    0.215007    0.233669    0.462118    0.701877    0.048005    0.000661    0.005036    8.876397    4.672162    1.406401    1.972019    1.695450    1.974200    0.961978    1.179593    2.009192
Iteration: 599 bestvalit: 104.305000 bestmemit:    0.347827    0.003044    0.041661    0.093513    0.353992    0.074824    0.345531    0.463489    0.037603    0.215007    0.233669    0.462118    0.701877    0.048005    0.000661    0.005036    8.876397    4.672162    1.406401    1.972019    1.695450    1.974200    0.961978    1.179593    2.009192
Iteration: 600 bestvalit: 104.305000 bestmemit:    0.347827    0.003044    0.041661    0.093513    0.353992    0.074824    0.345531    0.463489    0.037603    0.215007    0.233669    0.462118    0.701877    0.048005    0.000661    0.005036    8.876397    4.672162    1.406401    1.972019    1.695450    1.974200    0.961978    1.179593    2.009192
Iteration: 601 bestvalit: 104.305000 bestmemit:    0.347827    0.003044    0.041661    0.093513    0.353992    0.074824    0.345531    0.463489    0.037603    0.215007    0.233669    0.462118    0.701877    0.048005    0.000661    0.005036    8.876397    4.672162    1.406401    1.972019    1.695450    1.974200    0.961978    1.179593    2.009192
Iteration: 602 bestvalit: 104.305000 bestmemit:    0.347827    0.003044    0.041661    0.093513    0.353992    0.074824    0.345531    0.463489    0.037603    0.215007    0.233669    0.462118    0.701877    0.048005    0.000661    0.005036    8.876397    4.672162    1.406401    1.972019    1.695450    1.974200    0.961978    1.179593    2.009192
Iteration: 603 bestvalit: 104.305000 bestmemit:    0.347827    0.003044    0.041661    0.093513    0.353992    0.074824    0.345531    0.463489    0.037603    0.215007    0.233669    0.462118    0.701877    0.048005    0.000661    0.005036    8.876397    4.672162    1.406401    1.972019    1.695450    1.974200    0.961978    1.179593    2.009192
Iteration: 604 bestvalit: 104.305000 bestmemit:    0.347827    0.003044    0.041661    0.093513    0.353992    0.074824    0.345531    0.463489    0.037603    0.215007    0.233669    0.462118    0.701877    0.048005    0.000661    0.005036    8.876397    4.672162    1.406401    1.972019    1.695450    1.974200    0.961978    1.179593    2.009192
Iteration: 605 bestvalit: 104.305000 bestmemit:    0.347827    0.003044    0.041661    0.093513    0.353992    0.074824    0.345531    0.463489    0.037603    0.215007    0.233669    0.462118    0.701877    0.048005    0.000661    0.005036    8.876397    4.672162    1.406401    1.972019    1.695450    1.974200    0.961978    1.179593    2.009192
Iteration: 606 bestvalit: 104.305000 bestmemit:    0.347827    0.003044    0.041661    0.093513    0.353992    0.074824    0.345531    0.463489    0.037603    0.215007    0.233669    0.462118    0.701877    0.048005    0.000661    0.005036    8.876397    4.672162    1.406401    1.972019    1.695450    1.974200    0.961978    1.179593    2.009192
Iteration: 607 bestvalit: 104.305000 bestmemit:    0.347827    0.003044    0.041661    0.093513    0.353992    0.074824    0.345531    0.463489    0.037603    0.215007    0.233669    0.462118    0.701877    0.048005    0.000661    0.005036    8.876397    4.672162    1.406401    1.972019    1.695450    1.974200    0.961978    1.179593    2.009192
Iteration: 608 bestvalit: 104.305000 bestmemit:    0.347827    0.003044    0.041661    0.093513    0.353992    0.074824    0.345531    0.463489    0.037603    0.215007    0.233669    0.462118    0.701877    0.048005    0.000661    0.005036    8.876397    4.672162    1.406401    1.972019    1.695450    1.974200    0.961978    1.179593    2.009192
Iteration: 609 bestvalit: 104.305000 bestmemit:    0.347827    0.003044    0.041661    0.093513    0.353992    0.074824    0.345531    0.463489    0.037603    0.215007    0.233669    0.462118    0.701877    0.048005    0.000661    0.005036    8.876397    4.672162    1.406401    1.972019    1.695450    1.974200    0.961978    1.179593    2.009192
Iteration: 610 bestvalit: 104.305000 bestmemit:    0.347827    0.003044    0.041661    0.093513    0.353992    0.074824    0.345531    0.463489    0.037603    0.215007    0.233669    0.462118    0.701877    0.048005    0.000661    0.005036    8.876397    4.672162    1.406401    1.972019    1.695450    1.974200    0.961978    1.179593    2.009192
Iteration: 611 bestvalit: 104.305000 bestmemit:    0.347827    0.003044    0.041661    0.093513    0.353992    0.074824    0.345531    0.463489    0.037603    0.215007    0.233669    0.462118    0.701877    0.048005    0.000661    0.005036    8.876397    4.672162    1.406401    1.972019    1.695450    1.974200    0.961978    1.179593    2.009192
Iteration: 612 bestvalit: 104.305000 bestmemit:    0.347827    0.003044    0.041661    0.093513    0.353992    0.074824    0.345531    0.463489    0.037603    0.215007    0.233669    0.462118    0.701877    0.048005    0.000661    0.005036    8.876397    4.672162    1.406401    1.972019    1.695450    1.974200    0.961978    1.179593    2.009192
Iteration: 613 bestvalit: 104.305000 bestmemit:    0.347827    0.003044    0.041661    0.093513    0.353992    0.074824    0.345531    0.463489    0.037603    0.215007    0.233669    0.462118    0.701877    0.048005    0.000661    0.005036    8.876397    4.672162    1.406401    1.972019    1.695450    1.974200    0.961978    1.179593    2.009192
Iteration: 614 bestvalit: 104.305000 bestmemit:    0.347827    0.003044    0.041661    0.093513    0.353992    0.074824    0.345531    0.463489    0.037603    0.215007    0.233669    0.462118    0.701877    0.048005    0.000661    0.005036    8.876397    4.672162    1.406401    1.972019    1.695450    1.974200    0.961978    1.179593    2.009192
Iteration: 615 bestvalit: 104.305000 bestmemit:    0.347827    0.003044    0.041661    0.093513    0.353992    0.074824    0.345531    0.463489    0.037603    0.215007    0.233669    0.462118    0.701877    0.048005    0.000661    0.005036    8.876397    4.672162    1.406401    1.972019    1.695450    1.974200    0.961978    1.179593    2.009192
Iteration: 616 bestvalit: 104.305000 bestmemit:    0.347827    0.003044    0.041661    0.093513    0.353992    0.074824    0.345531    0.463489    0.037603    0.215007    0.233669    0.462118    0.701877    0.048005    0.000661    0.005036    8.876397    4.672162    1.406401    1.972019    1.695450    1.974200    0.961978    1.179593    2.009192
Iteration: 617 bestvalit: 104.305000 bestmemit:    0.347827    0.003044    0.041661    0.093513    0.353992    0.074824    0.345531    0.463489    0.037603    0.215007    0.233669    0.462118    0.701877    0.048005    0.000661    0.005036    8.876397    4.672162    1.406401    1.972019    1.695450    1.974200    0.961978    1.179593    2.009192
Iteration: 618 bestvalit: 104.305000 bestmemit:    0.347827    0.003044    0.041661    0.093513    0.353992    0.074824    0.345531    0.463489    0.037603    0.215007    0.233669    0.462118    0.701877    0.048005    0.000661    0.005036    8.876397    4.672162    1.406401    1.972019    1.695450    1.974200    0.961978    1.179593    2.009192
Iteration: 619 bestvalit: 104.305000 bestmemit:    0.347827    0.003044    0.041661    0.093513    0.353992    0.074824    0.345531    0.463489    0.037603    0.215007    0.233669    0.462118    0.701877    0.048005    0.000661    0.005036    8.876397    4.672162    1.406401    1.972019    1.695450    1.974200    0.961978    1.179593    2.009192
Iteration: 620 bestvalit: 104.305000 bestmemit:    0.347827    0.003044    0.041661    0.093513    0.353992    0.074824    0.345531    0.463489    0.037603    0.215007    0.233669    0.462118    0.701877    0.048005    0.000661    0.005036    8.876397    4.672162    1.406401    1.972019    1.695450    1.974200    0.961978    1.179593    2.009192
Iteration: 621 bestvalit: 104.275000 bestmemit:    0.347827    0.003044    0.041661    0.093513    0.353992    0.074824    0.345531    0.463489    0.037603    0.215007    0.233669    0.462118    0.701877    0.048005    0.000661    0.005036    8.876397    4.672162    1.406401    1.972019    1.696647    1.974200    0.961978    1.179593    2.009192
Iteration: 622 bestvalit: 104.275000 bestmemit:    0.347827    0.003044    0.041661    0.093513    0.353992    0.074824    0.345531    0.463489    0.037603    0.215007    0.233669    0.462118    0.701877    0.048005    0.000661    0.005036    8.876397    4.672162    1.406401    1.972019    1.696647    1.974200    0.961978    1.179593    2.009192
Iteration: 623 bestvalit: 104.275000 bestmemit:    0.347827    0.003044    0.041661    0.093513    0.353992    0.074824    0.345531    0.463489    0.037603    0.215007    0.233669    0.462118    0.701877    0.048005    0.000661    0.005036    8.876397    4.672162    1.406401    1.972019    1.696647    1.974200    0.961978    1.179593    2.009192
Iteration: 624 bestvalit: 104.275000 bestmemit:    0.347827    0.003044    0.041661    0.093513    0.353992    0.074824    0.345531    0.463489    0.037603    0.215007    0.233669    0.462118    0.701877    0.048005    0.000661    0.005036    8.876397    4.672162    1.406401    1.972019    1.696647    1.974200    0.961978    1.179593    2.009192
Iteration: 625 bestvalit: 104.275000 bestmemit:    0.347827    0.003044    0.041661    0.093513    0.353992    0.074824    0.345531    0.463489    0.037603    0.215007    0.233669    0.462118    0.701877    0.048005    0.000661    0.005036    8.876397    4.672162    1.406401    1.972019    1.696647    1.974200    0.961978    1.179593    2.009192
Iteration: 626 bestvalit: 104.275000 bestmemit:    0.347827    0.003044    0.041661    0.093513    0.353992    0.074824    0.345531    0.463489    0.037603    0.215007    0.233669    0.462118    0.701877    0.048005    0.000661    0.005036    8.876397    4.672162    1.406401    1.972019    1.696647    1.974200    0.961978    1.179593    2.009192
Iteration: 627 bestvalit: 104.275000 bestmemit:    0.347827    0.003044    0.041661    0.093513    0.353992    0.074824    0.345531    0.463489    0.037603    0.215007    0.233669    0.462118    0.701877    0.048005    0.000661    0.005036    8.876397    4.672162    1.406401    1.972019    1.696647    1.974200    0.961978    1.179593    2.009192
Iteration: 628 bestvalit: 104.275000 bestmemit:    0.347827    0.003044    0.041661    0.093513    0.353992    0.074824    0.345531    0.463489    0.037603    0.215007    0.233669    0.462118    0.701877    0.048005    0.000661    0.005036    8.876397    4.672162    1.406401    1.972019    1.696647    1.974200    0.961978    1.179593    2.009192
Iteration: 629 bestvalit: 104.275000 bestmemit:    0.347827    0.003044    0.041661    0.093513    0.353992    0.074824    0.345531    0.463489    0.037603    0.215007    0.233669    0.462118    0.701877    0.048005    0.000661    0.005036    8.876397    4.672162    1.406401    1.972019    1.696647    1.974200    0.961978    1.179593    2.009192
Iteration: 630 bestvalit: 104.275000 bestmemit:    0.347827    0.003044    0.041661    0.093513    0.353992    0.074824    0.345531    0.463489    0.037603    0.215007    0.233669    0.462118    0.701877    0.048005    0.000661    0.005036    8.876397    4.672162    1.406401    1.972019    1.696647    1.974200    0.961978    1.179593    2.009192
Iteration: 631 bestvalit: 104.275000 bestmemit:    0.347827    0.003044    0.041661    0.093513    0.353992    0.074824    0.345531    0.463489    0.037603    0.215007    0.233669    0.462118    0.701877    0.048005    0.000661    0.005036    8.876397    4.672162    1.406401    1.972019    1.696647    1.974200    0.961978    1.179593    2.009192
Iteration: 632 bestvalit: 104.275000 bestmemit:    0.347827    0.003044    0.041661    0.093513    0.353992    0.074824    0.345531    0.463489    0.037603    0.215007    0.233669    0.462118    0.701877    0.048005    0.000661    0.005036    8.876397    4.672162    1.406401    1.972019    1.696647    1.974200    0.961978    1.179593    2.009192
Iteration: 633 bestvalit: 104.275000 bestmemit:    0.347827    0.003044    0.041661    0.093513    0.353992    0.074824    0.345531    0.463489    0.037603    0.215007    0.233669    0.462118    0.701877    0.048005    0.000661    0.005036    8.876397    4.672162    1.406401    1.972019    1.696647    1.974200    0.961978    1.179593    2.009192
Iteration: 634 bestvalit: 104.275000 bestmemit:    0.347827    0.003044    0.041661    0.093513    0.353992    0.074824    0.345531    0.463489    0.037603    0.215007    0.233669    0.462118    0.701877    0.048005    0.000661    0.005036    8.876397    4.672162    1.406401    1.972019    1.696647    1.974200    0.961978    1.179593    2.009192
Iteration: 635 bestvalit: 104.275000 bestmemit:    0.347827    0.003044    0.041661    0.093513    0.353992    0.074824    0.345531    0.463489    0.037603    0.215007    0.233669    0.462118    0.701877    0.048005    0.000661    0.005036    8.876397    4.672162    1.406401    1.972019    1.696647    1.974200    0.961978    1.179593    2.009192
Iteration: 636 bestvalit: 104.275000 bestmemit:    0.347827    0.003044    0.041661    0.093513    0.353992    0.074824    0.345531    0.463489    0.037603    0.215007    0.233669    0.462118    0.701877    0.048005    0.000661    0.005036    8.876397    4.672162    1.406401    1.972019    1.696647    1.974200    0.961978    1.179593    2.009192
Iteration: 637 bestvalit: 104.275000 bestmemit:    0.347827    0.003044    0.041661    0.093513    0.353992    0.074824    0.345531    0.463489    0.037603    0.215007    0.233669    0.462118    0.701877    0.048005    0.000661    0.005036    8.876397    4.672162    1.406401    1.972019    1.696647    1.974200    0.961978    1.179593    2.009192
Iteration: 638 bestvalit: 104.275000 bestmemit:    0.347827    0.003044    0.041661    0.093513    0.353992    0.074824    0.345531    0.463489    0.037603    0.215007    0.233669    0.462118    0.701877    0.048005    0.000661    0.005036    8.876397    4.672162    1.406401    1.972019    1.696647    1.974200    0.961978    1.179593    2.009192
Iteration: 639 bestvalit: 104.275000 bestmemit:    0.347827    0.003044    0.041661    0.093513    0.353992    0.074824    0.345531    0.463489    0.037603    0.215007    0.233669    0.462118    0.701877    0.048005    0.000661    0.005036    8.876397    4.672162    1.406401    1.972019    1.696647    1.974200    0.961978    1.179593    2.009192
Iteration: 640 bestvalit: 104.275000 bestmemit:    0.347827    0.003044    0.041661    0.093513    0.353992    0.074824    0.345531    0.463489    0.037603    0.215007    0.233669    0.462118    0.701877    0.048005    0.000661    0.005036    8.876397    4.672162    1.406401    1.972019    1.696647    1.974200    0.961978    1.179593    2.009192
Iteration: 641 bestvalit: 104.275000 bestmemit:    0.347827    0.003044    0.041661    0.093513    0.353992    0.074824    0.345531    0.463489    0.037603    0.215007    0.233669    0.462118    0.701877    0.048005    0.000661    0.005036    8.876397    4.672162    1.406401    1.972019    1.696647    1.974200    0.961978    1.179593    2.009192
Iteration: 642 bestvalit: 104.275000 bestmemit:    0.347827    0.003044    0.041661    0.093513    0.353992    0.074824    0.345531    0.463489    0.037603    0.215007    0.233669    0.462118    0.701877    0.048005    0.000661    0.005036    8.876397    4.672162    1.406401    1.972019    1.696647    1.974200    0.961978    1.179593    2.009192
Iteration: 643 bestvalit: 104.275000 bestmemit:    0.347827    0.003044    0.041661    0.093513    0.353992    0.074824    0.345531    0.463489    0.037603    0.215007    0.233669    0.462118    0.701877    0.048005    0.000661    0.005036    8.876397    4.672162    1.406401    1.972019    1.696647    1.974200    0.961978    1.179593    2.009192
Iteration: 644 bestvalit: 104.275000 bestmemit:    0.347827    0.003044    0.041661    0.093513    0.353992    0.074824    0.345531    0.463489    0.037603    0.215007    0.233669    0.462118    0.701877    0.048005    0.000661    0.005036    8.876397    4.672162    1.406401    1.972019    1.696647    1.974200    0.961978    1.179593    2.009192
Iteration: 645 bestvalit: 104.275000 bestmemit:    0.347827    0.003044    0.041661    0.093513    0.353992    0.074824    0.345531    0.463489    0.037603    0.215007    0.233669    0.462118    0.701877    0.048005    0.000661    0.005036    8.876397    4.672162    1.406401    1.972019    1.696647    1.974200    0.961978    1.179593    2.009192
Iteration: 646 bestvalit: 104.275000 bestmemit:    0.347827    0.003044    0.041661    0.093513    0.353992    0.074824    0.345531    0.463489    0.037603    0.215007    0.233669    0.462118    0.701877    0.048005    0.000661    0.005036    8.876397    4.672162    1.406401    1.972019    1.696647    1.974200    0.961978    1.179593    2.009192
Iteration: 647 bestvalit: 104.275000 bestmemit:    0.347827    0.003044    0.041661    0.093513    0.353992    0.074824    0.345531    0.463489    0.037603    0.215007    0.233669    0.462118    0.701877    0.048005    0.000661    0.005036    8.876397    4.672162    1.406401    1.972019    1.696647    1.974200    0.961978    1.179593    2.009192
Iteration: 648 bestvalit: 104.275000 bestmemit:    0.347827    0.003044    0.041661    0.093513    0.353992    0.074824    0.345531    0.463489    0.037603    0.215007    0.233669    0.462118    0.701877    0.048005    0.000661    0.005036    8.876397    4.672162    1.406401    1.972019    1.696647    1.974200    0.961978    1.179593    2.009192
Iteration: 649 bestvalit: 104.275000 bestmemit:    0.347827    0.003044    0.041661    0.093513    0.353992    0.074824    0.345531    0.463489    0.037603    0.215007    0.233669    0.462118    0.701877    0.048005    0.000661    0.005036    8.876397    4.672162    1.406401    1.972019    1.696647    1.974200    0.961978    1.179593    2.009192
Iteration: 650 bestvalit: 104.275000 bestmemit:    0.347827    0.003044    0.041661    0.093513    0.353992    0.074824    0.345531    0.463489    0.037603    0.215007    0.233669    0.462118    0.701877    0.048005    0.000661    0.005036    8.876397    4.672162    1.406401    1.972019    1.696647    1.974200    0.961978    1.179593    2.009192
Iteration: 651 bestvalit: 104.275000 bestmemit:    0.347827    0.003044    0.041661    0.093513    0.353992    0.074824    0.345531    0.463489    0.037603    0.215007    0.233669    0.462118    0.701877    0.048005    0.000661    0.005036    8.876397    4.672162    1.406401    1.972019    1.696647    1.974200    0.961978    1.179593    2.009192
Iteration: 652 bestvalit: 104.275000 bestmemit:    0.347827    0.003044    0.041661    0.093513    0.353992    0.074824    0.345531    0.463489    0.037603    0.215007    0.233669    0.462118    0.701877    0.048005    0.000661    0.005036    8.876397    4.672162    1.406401    1.972019    1.696647    1.974200    0.961978    1.179593    2.009192
Iteration: 653 bestvalit: 104.275000 bestmemit:    0.347827    0.003044    0.041661    0.093513    0.353992    0.074824    0.345531    0.463489    0.037603    0.215007    0.233669    0.462118    0.701877    0.048005    0.000661    0.005036    8.876397    4.672162    1.406401    1.972019    1.696647    1.974200    0.961978    1.179593    2.009192
Iteration: 654 bestvalit: 104.275000 bestmemit:    0.347827    0.003044    0.041661    0.093513    0.353992    0.074824    0.345531    0.463489    0.037603    0.215007    0.233669    0.462118    0.701877    0.048005    0.000661    0.005036    8.876397    4.672162    1.406401    1.972019    1.696647    1.974200    0.961978    1.179593    2.009192
Iteration: 655 bestvalit: 104.130000 bestmemit:    0.347827    0.003044    0.041661    0.093513    0.353992    0.074824    0.345531    0.463489    0.037603    0.215007    0.233669    0.462118    0.701877    0.048005    0.000661    0.005036    8.836103    4.672162    1.406401    1.972019    1.696647    1.974200    0.961978    1.179593    2.009192
Iteration: 656 bestvalit: 104.130000 bestmemit:    0.347827    0.003044    0.041661    0.093513    0.353992    0.074824    0.345531    0.463489    0.037603    0.215007    0.233669    0.462118    0.701877    0.048005    0.000661    0.005036    8.836103    4.672162    1.406401    1.972019    1.696647    1.974200    0.961978    1.179593    2.009192
Iteration: 657 bestvalit: 104.130000 bestmemit:    0.347827    0.003044    0.041661    0.093513    0.353992    0.074824    0.345531    0.463489    0.037603    0.215007    0.233669    0.462118    0.701877    0.048005    0.000661    0.005036    8.836103    4.672162    1.406401    1.972019    1.696647    1.974200    0.961978    1.179593    2.009192
Iteration: 658 bestvalit: 104.130000 bestmemit:    0.347827    0.003044    0.041661    0.093513    0.353992    0.074824    0.345531    0.463489    0.037603    0.215007    0.233669    0.462118    0.701877    0.048005    0.000661    0.005036    8.836103    4.672162    1.406401    1.972019    1.696647    1.974200    0.961978    1.179593    2.009192
Iteration: 659 bestvalit: 104.130000 bestmemit:    0.347827    0.003044    0.041661    0.093513    0.353992    0.074824    0.345531    0.463489    0.037603    0.215007    0.233669    0.462118    0.701877    0.048005    0.000661    0.005036    8.836103    4.672162    1.406401    1.972019    1.696647    1.974200    0.961978    1.179593    2.009192
Iteration: 660 bestvalit: 104.130000 bestmemit:    0.347827    0.003044    0.041661    0.093513    0.353992    0.074824    0.345531    0.463489    0.037603    0.215007    0.233669    0.462118    0.701877    0.048005    0.000661    0.005036    8.836103    4.672162    1.406401    1.972019    1.696647    1.974200    0.961978    1.179593    2.009192
Iteration: 661 bestvalit: 104.130000 bestmemit:    0.347827    0.003044    0.041661    0.093513    0.353992    0.074824    0.345531    0.463489    0.037603    0.215007    0.233669    0.462118    0.701877    0.048005    0.000661    0.005036    8.836103    4.672162    1.406401    1.972019    1.696647    1.974200    0.961978    1.179593    2.009192
Iteration: 662 bestvalit: 104.130000 bestmemit:    0.347827    0.003044    0.041661    0.093513    0.353992    0.074824    0.345531    0.463489    0.037603    0.215007    0.233669    0.462118    0.701877    0.048005    0.000661    0.005036    8.836103    4.672162    1.406401    1.972019    1.696647    1.974200    0.961978    1.179593    2.009192
Iteration: 663 bestvalit: 104.130000 bestmemit:    0.347827    0.003044    0.041661    0.093513    0.353992    0.074824    0.345531    0.463489    0.037603    0.215007    0.233669    0.462118    0.701877    0.048005    0.000661    0.005036    8.836103    4.672162    1.406401    1.972019    1.696647    1.974200    0.961978    1.179593    2.009192
Iteration: 664 bestvalit: 104.130000 bestmemit:    0.347827    0.003044    0.041661    0.093513    0.353992    0.074824    0.345531    0.463489    0.037603    0.215007    0.233669    0.462118    0.701877    0.048005    0.000661    0.005036    8.836103    4.672162    1.406401    1.972019    1.696647    1.974200    0.961978    1.179593    2.009192
Iteration: 665 bestvalit: 104.130000 bestmemit:    0.347827    0.003044    0.041661    0.093513    0.353992    0.074824    0.345531    0.463489    0.037603    0.215007    0.233669    0.462118    0.701877    0.048005    0.000661    0.005036    8.836103    4.672162    1.406401    1.972019    1.696647    1.974200    0.961978    1.179593    2.009192
Iteration: 666 bestvalit: 104.130000 bestmemit:    0.347827    0.003044    0.041661    0.093513    0.353992    0.074824    0.345531    0.463489    0.037603    0.215007    0.233669    0.462118    0.701877    0.048005    0.000661    0.005036    8.836103    4.672162    1.406401    1.972019    1.696647    1.974200    0.961978    1.179593    2.009192
Iteration: 667 bestvalit: 104.130000 bestmemit:    0.347827    0.003044    0.041661    0.093513    0.353992    0.074824    0.345531    0.463489    0.037603    0.215007    0.233669    0.462118    0.701877    0.048005    0.000661    0.005036    8.836103    4.672162    1.406401    1.972019    1.696647    1.974200    0.961978    1.179593    2.009192
Iteration: 668 bestvalit: 104.130000 bestmemit:    0.347827    0.003044    0.041661    0.093513    0.353992    0.074824    0.345531    0.463489    0.037603    0.215007    0.233669    0.462118    0.701877    0.048005    0.000661    0.005036    8.836103    4.672162    1.406401    1.972019    1.696647    1.974200    0.961978    1.179593    2.009192
Iteration: 669 bestvalit: 104.130000 bestmemit:    0.347827    0.003044    0.041661    0.093513    0.353992    0.074824    0.345531    0.463489    0.037603    0.215007    0.233669    0.462118    0.701877    0.048005    0.000661    0.005036    8.836103    4.672162    1.406401    1.972019    1.696647    1.974200    0.961978    1.179593    2.009192
Iteration: 670 bestvalit: 104.130000 bestmemit:    0.347827    0.003044    0.041661    0.093513    0.353992    0.074824    0.345531    0.463489    0.037603    0.215007    0.233669    0.462118    0.701877    0.048005    0.000661    0.005036    8.836103    4.672162    1.406401    1.972019    1.696647    1.974200    0.961978    1.179593    2.009192
Iteration: 671 bestvalit: 104.130000 bestmemit:    0.347827    0.003044    0.041661    0.093513    0.353992    0.074824    0.345531    0.463489    0.037603    0.215007    0.233669    0.462118    0.701877    0.048005    0.000661    0.005036    8.836103    4.672162    1.406401    1.972019    1.696647    1.974200    0.961978    1.179593    2.009192
Iteration: 672 bestvalit: 104.130000 bestmemit:    0.347827    0.003044    0.041661    0.093513    0.353992    0.074824    0.345531    0.463489    0.037603    0.215007    0.233669    0.462118    0.701877    0.048005    0.000661    0.005036    8.836103    4.672162    1.406401    1.972019    1.696647    1.974200    0.961978    1.179593    2.009192
Iteration: 673 bestvalit: 104.130000 bestmemit:    0.347827    0.003044    0.041661    0.093513    0.353992    0.074824    0.345531    0.463489    0.037603    0.215007    0.233669    0.462118    0.701877    0.048005    0.000661    0.005036    8.836103    4.672162    1.406401    1.972019    1.696647    1.974200    0.961978    1.179593    2.009192
Iteration: 674 bestvalit: 104.130000 bestmemit:    0.347827    0.003044    0.041661    0.093513    0.353992    0.074824    0.345531    0.463489    0.037603    0.215007    0.233669    0.462118    0.701877    0.048005    0.000661    0.005036    8.836103    4.672162    1.406401    1.972019    1.696647    1.974200    0.961978    1.179593    2.009192
Iteration: 675 bestvalit: 104.130000 bestmemit:    0.347827    0.003044    0.041661    0.093513    0.353992    0.074824    0.345531    0.463489    0.037603    0.215007    0.233669    0.462118    0.701877    0.048005    0.000661    0.005036    8.836103    4.672162    1.406401    1.972019    1.696647    1.974200    0.961978    1.179593    2.009192
Iteration: 676 bestvalit: 104.130000 bestmemit:    0.347827    0.003044    0.041661    0.093513    0.353992    0.074824    0.345531    0.463489    0.037603    0.215007    0.233669    0.462118    0.701877    0.048005    0.000661    0.005036    8.836103    4.672162    1.406401    1.972019    1.696647    1.974200    0.961978    1.179593    2.009192
Iteration: 677 bestvalit: 104.130000 bestmemit:    0.347827    0.003044    0.041661    0.093513    0.353992    0.074824    0.345531    0.463489    0.037603    0.215007    0.233669    0.462118    0.701877    0.048005    0.000661    0.005036    8.836103    4.672162    1.406401    1.972019    1.696647    1.974200    0.961978    1.179593    2.009192
Iteration: 678 bestvalit: 104.130000 bestmemit:    0.347827    0.003044    0.041661    0.093513    0.353992    0.074824    0.345531    0.463489    0.037603    0.215007    0.233669    0.462118    0.701877    0.048005    0.000661    0.005036    8.836103    4.672162    1.406401    1.972019    1.696647    1.974200    0.961978    1.179593    2.009192
Iteration: 679 bestvalit: 104.130000 bestmemit:    0.347827    0.003044    0.041661    0.093513    0.353992    0.074824    0.345531    0.463489    0.037603    0.215007    0.233669    0.462118    0.701877    0.048005    0.000661    0.005036    8.836103    4.672162    1.406401    1.972019    1.696647    1.974200    0.961978    1.179593    2.009192
Iteration: 680 bestvalit: 104.130000 bestmemit:    0.347827    0.003044    0.041661    0.093513    0.353992    0.074824    0.345531    0.463489    0.037603    0.215007    0.233669    0.462118    0.701877    0.048005    0.000661    0.005036    8.836103    4.672162    1.406401    1.972019    1.696647    1.974200    0.961978    1.179593    2.009192
Iteration: 681 bestvalit: 104.130000 bestmemit:    0.347827    0.003044    0.041661    0.093513    0.353992    0.074824    0.345531    0.463489    0.037603    0.215007    0.233669    0.462118    0.701877    0.048005    0.000661    0.005036    8.836103    4.672162    1.406401    1.972019    1.696647    1.974200    0.961978    1.179593    2.009192
Iteration: 682 bestvalit: 103.990000 bestmemit:    0.347827    0.003044    0.041661    0.093513    0.353992    0.074824    0.345531    0.463489    0.037603    0.215007    0.233669    0.462118    0.701877    0.048005    0.000661    0.005036    8.836103    4.672162    1.406401    1.972019    1.696647    1.986581    0.961978    1.179593    2.009192
Iteration: 683 bestvalit: 103.990000 bestmemit:    0.347827    0.003044    0.041661    0.093513    0.353992    0.074824    0.345531    0.463489    0.037603    0.215007    0.233669    0.462118    0.701877    0.048005    0.000661    0.005036    8.836103    4.672162    1.406401    1.972019    1.696647    1.986581    0.961978    1.179593    2.009192
Iteration: 684 bestvalit: 103.990000 bestmemit:    0.347827    0.003044    0.041661    0.093513    0.353992    0.074824    0.345531    0.463489    0.037603    0.215007    0.233669    0.462118    0.701877    0.048005    0.000661    0.005036    8.836103    4.672162    1.406401    1.972019    1.696647    1.986581    0.961978    1.179593    2.009192
Iteration: 685 bestvalit: 103.990000 bestmemit:    0.347827    0.003044    0.041661    0.093513    0.353992    0.074824    0.345531    0.463489    0.037603    0.215007    0.233669    0.462118    0.701877    0.048005    0.000661    0.005036    8.836103    4.672162    1.406401    1.972019    1.696647    1.986581    0.961978    1.179593    2.009192
Iteration: 686 bestvalit: 103.990000 bestmemit:    0.347827    0.003044    0.041661    0.093513    0.353992    0.074824    0.345531    0.463489    0.037603    0.215007    0.233669    0.462118    0.701877    0.048005    0.000661    0.005036    8.836103    4.672162    1.406401    1.972019    1.696647    1.986581    0.961978    1.179593    2.009192
Iteration: 687 bestvalit: 103.990000 bestmemit:    0.347827    0.003044    0.041661    0.093513    0.353992    0.074824    0.345531    0.463489    0.037603    0.215007    0.233669    0.462118    0.701877    0.048005    0.000661    0.005036    8.836103    4.672162    1.406401    1.972019    1.696647    1.986581    0.961978    1.179593    2.009192
Iteration: 688 bestvalit: 103.990000 bestmemit:    0.347827    0.003044    0.041661    0.093513    0.353992    0.074824    0.345531    0.463489    0.037603    0.215007    0.233669    0.462118    0.701877    0.048005    0.000661    0.005036    8.836103    4.672162    1.406401    1.972019    1.696647    1.986581    0.961978    1.179593    2.009192
Iteration: 689 bestvalit: 103.990000 bestmemit:    0.347827    0.003044    0.041661    0.093513    0.353992    0.074824    0.345531    0.463489    0.037603    0.215007    0.233669    0.462118    0.701877    0.048005    0.000661    0.005036    8.836103    4.672162    1.406401    1.972019    1.696647    1.986581    0.961978    1.179593    2.009192
Iteration: 690 bestvalit: 103.990000 bestmemit:    0.347827    0.003044    0.041661    0.093513    0.353992    0.074824    0.345531    0.463489    0.037603    0.215007    0.233669    0.462118    0.701877    0.048005    0.000661    0.005036    8.836103    4.672162    1.406401    1.972019    1.696647    1.986581    0.961978    1.179593    2.009192
Iteration: 691 bestvalit: 103.990000 bestmemit:    0.347827    0.003044    0.041661    0.093513    0.353992    0.074824    0.345531    0.463489    0.037603    0.215007    0.233669    0.462118    0.701877    0.048005    0.000661    0.005036    8.836103    4.672162    1.406401    1.972019    1.696647    1.986581    0.961978    1.179593    2.009192
Iteration: 692 bestvalit: 103.990000 bestmemit:    0.347827    0.003044    0.041661    0.093513    0.353992    0.074824    0.345531    0.463489    0.037603    0.215007    0.233669    0.462118    0.701877    0.048005    0.000661    0.005036    8.836103    4.672162    1.406401    1.972019    1.696647    1.986581    0.961978    1.179593    2.009192
Iteration: 693 bestvalit: 103.990000 bestmemit:    0.347827    0.003044    0.041661    0.093513    0.353992    0.074824    0.345531    0.463489    0.037603    0.215007    0.233669    0.462118    0.701877    0.048005    0.000661    0.005036    8.836103    4.672162    1.406401    1.972019    1.696647    1.986581    0.961978    1.179593    2.009192
Iteration: 694 bestvalit: 103.990000 bestmemit:    0.347827    0.003044    0.041661    0.093513    0.353992    0.074824    0.345531    0.463489    0.037603    0.215007    0.233669    0.462118    0.701877    0.048005    0.000661    0.005036    8.836103    4.672162    1.406401    1.972019    1.696647    1.986581    0.961978    1.179593    2.009192
Iteration: 695 bestvalit: 103.990000 bestmemit:    0.347827    0.003044    0.041661    0.093513    0.353992    0.074824    0.345531    0.463489    0.037603    0.215007    0.233669    0.462118    0.701877    0.048005    0.000661    0.005036    8.836103    4.672162    1.406401    1.972019    1.696647    1.986581    0.961978    1.179593    2.009192
Iteration: 696 bestvalit: 103.990000 bestmemit:    0.347827    0.003044    0.041661    0.093513    0.353992    0.074824    0.345531    0.463489    0.037603    0.215007    0.233669    0.462118    0.701877    0.048005    0.000661    0.005036    8.836103    4.672162    1.406401    1.972019    1.696647    1.986581    0.961978    1.179593    2.009192
Iteration: 697 bestvalit: 103.990000 bestmemit:    0.347827    0.003044    0.041661    0.093513    0.353992    0.074824    0.345531    0.463489    0.037603    0.215007    0.233669    0.462118    0.701877    0.048005    0.000661    0.005036    8.836103    4.672162    1.406401    1.972019    1.696647    1.986581    0.961978    1.179593    2.009192
Iteration: 698 bestvalit: 103.990000 bestmemit:    0.347827    0.003044    0.041661    0.093513    0.353992    0.074824    0.345531    0.463489    0.037603    0.215007    0.233669    0.462118    0.701877    0.048005    0.000661    0.005036    8.836103    4.672162    1.406401    1.972019    1.696647    1.986581    0.961978    1.179593    2.009192
Iteration: 699 bestvalit: 103.990000 bestmemit:    0.347827    0.003044    0.041661    0.093513    0.353992    0.074824    0.345531    0.463489    0.037603    0.215007    0.233669    0.462118    0.701877    0.048005    0.000661    0.005036    8.836103    4.672162    1.406401    1.972019    1.696647    1.986581    0.961978    1.179593    2.009192
Iteration: 700 bestvalit: 103.990000 bestmemit:    0.347827    0.003044    0.041661    0.093513    0.353992    0.074824    0.345531    0.463489    0.037603    0.215007    0.233669    0.462118    0.701877    0.048005    0.000661    0.005036    8.836103    4.672162    1.406401    1.972019    1.696647    1.986581    0.961978    1.179593    2.009192
Iteration: 701 bestvalit: 103.990000 bestmemit:    0.347827    0.003044    0.041661    0.093513    0.353992    0.074824    0.345531    0.463489    0.037603    0.215007    0.233669    0.462118    0.701877    0.048005    0.000661    0.005036    8.836103    4.672162    1.406401    1.972019    1.696647    1.986581    0.961978    1.179593    2.009192
Iteration: 702 bestvalit: 103.990000 bestmemit:    0.347827    0.003044    0.041661    0.093513    0.353992    0.074824    0.345531    0.463489    0.037603    0.215007    0.233669    0.462118    0.701877    0.048005    0.000661    0.005036    8.836103    4.672162    1.406401    1.972019    1.696647    1.986581    0.961978    1.179593    2.009192
Iteration: 703 bestvalit: 103.990000 bestmemit:    0.347827    0.003044    0.041661    0.093513    0.353992    0.074824    0.345531    0.463489    0.037603    0.215007    0.233669    0.462118    0.701877    0.048005    0.000661    0.005036    8.836103    4.672162    1.406401    1.972019    1.696647    1.986581    0.961978    1.179593    2.009192
Iteration: 704 bestvalit: 103.990000 bestmemit:    0.347827    0.003044    0.041661    0.093513    0.353992    0.074824    0.345531    0.463489    0.037603    0.215007    0.233669    0.462118    0.701877    0.048005    0.000661    0.005036    8.836103    4.672162    1.406401    1.972019    1.696647    1.986581    0.961978    1.179593    2.009192
Iteration: 705 bestvalit: 103.990000 bestmemit:    0.347827    0.003044    0.041661    0.093513    0.353992    0.074824    0.345531    0.463489    0.037603    0.215007    0.233669    0.462118    0.701877    0.048005    0.000661    0.005036    8.836103    4.672162    1.406401    1.972019    1.696647    1.986581    0.961978    1.179593    2.009192
Iteration: 706 bestvalit: 103.990000 bestmemit:    0.347827    0.003044    0.041661    0.093513    0.353992    0.074824    0.345531    0.463489    0.037603    0.215007    0.233669    0.462118    0.701877    0.048005    0.000661    0.005036    8.836103    4.672162    1.406401    1.972019    1.696647    1.986581    0.961978    1.179593    2.009192
Iteration: 707 bestvalit: 103.990000 bestmemit:    0.347827    0.003044    0.041661    0.093513    0.353992    0.074824    0.345531    0.463489    0.037603    0.215007    0.233669    0.462118    0.701877    0.048005    0.000661    0.005036    8.836103    4.672162    1.406401    1.972019    1.696647    1.986581    0.961978    1.179593    2.009192
Iteration: 708 bestvalit: 103.990000 bestmemit:    0.347827    0.003044    0.041661    0.093513    0.353992    0.074824    0.345531    0.463489    0.037603    0.215007    0.233669    0.462118    0.701877    0.048005    0.000661    0.005036    8.836103    4.672162    1.406401    1.972019    1.696647    1.986581    0.961978    1.179593    2.009192
Iteration: 709 bestvalit: 103.990000 bestmemit:    0.347827    0.003044    0.041661    0.093513    0.353992    0.074824    0.345531    0.463489    0.037603    0.215007    0.233669    0.462118    0.701877    0.048005    0.000661    0.005036    8.836103    4.672162    1.406401    1.972019    1.696647    1.986581    0.961978    1.179593    2.009192
Iteration: 710 bestvalit: 103.990000 bestmemit:    0.347827    0.003044    0.041661    0.093513    0.353992    0.074824    0.345531    0.463489    0.037603    0.215007    0.233669    0.462118    0.701877    0.048005    0.000661    0.005036    8.836103    4.672162    1.406401    1.972019    1.696647    1.986581    0.961978    1.179593    2.009192
Iteration: 711 bestvalit: 103.990000 bestmemit:    0.347827    0.003044    0.041661    0.093513    0.353992    0.074824    0.345531    0.463489    0.037603    0.215007    0.233669    0.462118    0.701877    0.048005    0.000661    0.005036    8.836103    4.672162    1.406401    1.972019    1.696647    1.986581    0.961978    1.179593    2.009192
Iteration: 712 bestvalit: 103.990000 bestmemit:    0.347827    0.003044    0.041661    0.093513    0.353992    0.074824    0.345531    0.463489    0.037603    0.215007    0.233669    0.462118    0.701877    0.048005    0.000661    0.005036    8.836103    4.672162    1.406401    1.972019    1.696647    1.986581    0.961978    1.179593    2.009192
Iteration: 713 bestvalit: 103.990000 bestmemit:    0.347827    0.003044    0.041661    0.093513    0.353992    0.074824    0.345531    0.463489    0.037603    0.215007    0.233669    0.462118    0.701877    0.048005    0.000661    0.005036    8.836103    4.672162    1.406401    1.972019    1.696647    1.986581    0.961978    1.179593    2.009192
Iteration: 714 bestvalit: 103.990000 bestmemit:    0.347827    0.003044    0.041661    0.093513    0.353992    0.074824    0.345531    0.463489    0.037603    0.215007    0.233669    0.462118    0.701877    0.048005    0.000661    0.005036    8.836103    4.672162    1.406401    1.972019    1.696647    1.986581    0.961978    1.179593    2.009192
Iteration: 715 bestvalit: 103.990000 bestmemit:    0.347827    0.003044    0.041661    0.093513    0.353992    0.074824    0.345531    0.463489    0.037603    0.215007    0.233669    0.462118    0.701877    0.048005    0.000661    0.005036    8.836103    4.672162    1.406401    1.972019    1.696647    1.986581    0.961978    1.179593    2.009192
Iteration: 716 bestvalit: 103.990000 bestmemit:    0.347827    0.003044    0.041661    0.093513    0.353992    0.074824    0.345531    0.463489    0.037603    0.215007    0.233669    0.462118    0.701877    0.048005    0.000661    0.005036    8.836103    4.672162    1.406401    1.972019    1.696647    1.986581    0.961978    1.179593    2.009192
Iteration: 717 bestvalit: 103.990000 bestmemit:    0.347827    0.003044    0.041661    0.093513    0.353992    0.074824    0.345531    0.463489    0.037603    0.215007    0.233669    0.462118    0.701877    0.048005    0.000661    0.005036    8.836103    4.672162    1.406401    1.972019    1.696647    1.986581    0.961978    1.179593    2.009192
Iteration: 718 bestvalit: 103.990000 bestmemit:    0.347827    0.003044    0.041661    0.093513    0.353992    0.074824    0.345531    0.463489    0.037603    0.215007    0.233669    0.462118    0.701877    0.048005    0.000661    0.005036    8.836103    4.672162    1.406401    1.972019    1.696647    1.986581    0.961978    1.179593    2.009192
Iteration: 719 bestvalit: 103.990000 bestmemit:    0.347827    0.003044    0.041661    0.093513    0.353992    0.074824    0.345531    0.463489    0.037603    0.215007    0.233669    0.462118    0.701877    0.048005    0.000661    0.005036    8.836103    4.672162    1.406401    1.972019    1.696647    1.986581    0.961978    1.179593    2.009192
Iteration: 720 bestvalit: 103.990000 bestmemit:    0.347827    0.003044    0.041661    0.093513    0.353992    0.074824    0.345531    0.463489    0.037603    0.215007    0.233669    0.462118    0.701877    0.048005    0.000661    0.005036    8.836103    4.672162    1.406401    1.972019    1.696647    1.986581    0.961978    1.179593    2.009192
Iteration: 721 bestvalit: 103.990000 bestmemit:    0.347827    0.003044    0.041661    0.093513    0.353992    0.074824    0.345531    0.463489    0.037603    0.215007    0.233669    0.462118    0.701877    0.048005    0.000661    0.005036    8.836103    4.672162    1.406401    1.972019    1.696647    1.986581    0.961978    1.179593    2.009192
Iteration: 722 bestvalit: 103.990000 bestmemit:    0.347827    0.003044    0.041661    0.093513    0.353992    0.074824    0.345531    0.463489    0.037603    0.215007    0.233669    0.462118    0.701877    0.048005    0.000661    0.005036    8.836103    4.672162    1.406401    1.972019    1.696647    1.986581    0.961978    1.179593    2.009192
Iteration: 723 bestvalit: 103.990000 bestmemit:    0.347827    0.003044    0.041661    0.093513    0.353992    0.074824    0.345531    0.463489    0.037603    0.215007    0.233669    0.462118    0.701877    0.048005    0.000661    0.005036    8.836103    4.672162    1.406401    1.972019    1.696647    1.986581    0.961978    1.179593    2.009192
Iteration: 724 bestvalit: 103.990000 bestmemit:    0.347827    0.003044    0.041661    0.093513    0.353992    0.074824    0.345531    0.463489    0.037603    0.215007    0.233669    0.462118    0.701877    0.048005    0.000661    0.005036    8.836103    4.672162    1.406401    1.972019    1.696647    1.986581    0.961978    1.179593    2.009192
Iteration: 725 bestvalit: 103.990000 bestmemit:    0.347827    0.003044    0.041661    0.093513    0.353992    0.074824    0.345531    0.463489    0.037603    0.215007    0.233669    0.462118    0.701877    0.048005    0.000661    0.005036    8.836103    4.672162    1.406401    1.972019    1.696647    1.986581    0.961978    1.179593    2.009192
Iteration: 726 bestvalit: 103.990000 bestmemit:    0.347827    0.003044    0.041661    0.093513    0.353992    0.074824    0.345531    0.463489    0.037603    0.215007    0.233669    0.462118    0.701877    0.048005    0.000661    0.005036    8.836103    4.672162    1.406401    1.972019    1.696647    1.986581    0.961978    1.179593    2.009192
Iteration: 727 bestvalit: 103.990000 bestmemit:    0.347827    0.003044    0.041661    0.093513    0.353992    0.074824    0.345531    0.463489    0.037603    0.215007    0.233669    0.462118    0.701877    0.048005    0.000661    0.005036    8.836103    4.672162    1.406401    1.972019    1.696647    1.986581    0.961978    1.179593    2.009192
Iteration: 728 bestvalit: 103.990000 bestmemit:    0.347827    0.003044    0.041661    0.093513    0.353992    0.074824    0.345531    0.463489    0.037603    0.215007    0.233669    0.462118    0.701877    0.048005    0.000661    0.005036    8.836103    4.672162    1.406401    1.972019    1.696647    1.986581    0.961978    1.179593    2.009192
Iteration: 729 bestvalit: 103.990000 bestmemit:    0.347827    0.003044    0.041661    0.093513    0.353992    0.074824    0.345531    0.463489    0.037603    0.215007    0.233669    0.462118    0.701877    0.048005    0.000661    0.005036    8.836103    4.672162    1.406401    1.972019    1.696647    1.986581    0.961978    1.179593    2.009192
Iteration: 730 bestvalit: 103.990000 bestmemit:    0.347827    0.003044    0.041661    0.093513    0.353992    0.074824    0.345531    0.463489    0.037603    0.215007    0.233669    0.462118    0.701877    0.048005    0.000661    0.005036    8.836103    4.672162    1.406401    1.972019    1.696647    1.986581    0.961978    1.179593    2.009192
Iteration: 731 bestvalit: 103.990000 bestmemit:    0.347827    0.003044    0.041661    0.093513    0.353992    0.074824    0.345531    0.463489    0.037603    0.215007    0.233669    0.462118    0.701877    0.048005    0.000661    0.005036    8.836103    4.672162    1.406401    1.972019    1.696647    1.986581    0.961978    1.179593    2.009192
Iteration: 732 bestvalit: 103.990000 bestmemit:    0.347827    0.003044    0.041661    0.093513    0.353992    0.074824    0.345531    0.463489    0.037603    0.215007    0.233669    0.462118    0.701877    0.048005    0.000661    0.005036    8.836103    4.672162    1.406401    1.972019    1.696647    1.986581    0.961978    1.179593    2.009192
Iteration: 733 bestvalit: 103.990000 bestmemit:    0.347827    0.003044    0.041661    0.093513    0.353992    0.074824    0.345531    0.463489    0.037603    0.215007    0.233669    0.462118    0.701877    0.048005    0.000661    0.005036    8.836103    4.672162    1.406401    1.972019    1.696647    1.986581    0.961978    1.179593    2.009192
Iteration: 734 bestvalit: 103.990000 bestmemit:    0.347827    0.003044    0.041661    0.093513    0.353992    0.074824    0.345531    0.463489    0.037603    0.215007    0.233669    0.462118    0.701877    0.048005    0.000661    0.005036    8.836103    4.672162    1.406401    1.972019    1.696647    1.986581    0.961978    1.179593    2.009192
Iteration: 735 bestvalit: 103.990000 bestmemit:    0.347827    0.003044    0.041661    0.093513    0.353992    0.074824    0.345531    0.463489    0.037603    0.215007    0.233669    0.462118    0.701877    0.048005    0.000661    0.005036    8.836103    4.672162    1.406401    1.972019    1.696647    1.986581    0.961978    1.179593    2.009192
Iteration: 736 bestvalit: 103.990000 bestmemit:    0.347827    0.003044    0.041661    0.093513    0.353992    0.074824    0.345531    0.463489    0.037603    0.215007    0.233669    0.462118    0.701877    0.048005    0.000661    0.005036    8.836103    4.672162    1.406401    1.972019    1.696647    1.986581    0.961978    1.179593    2.009192
Iteration: 737 bestvalit: 103.990000 bestmemit:    0.347827    0.003044    0.041661    0.093513    0.353992    0.074824    0.345531    0.463489    0.037603    0.215007    0.233669    0.462118    0.701877    0.048005    0.000661    0.005036    8.836103    4.672162    1.406401    1.972019    1.696647    1.986581    0.961978    1.179593    2.009192
Iteration: 738 bestvalit: 103.990000 bestmemit:    0.347827    0.003044    0.041661    0.093513    0.353992    0.074824    0.345531    0.463489    0.037603    0.215007    0.233669    0.462118    0.701877    0.048005    0.000661    0.005036    8.836103    4.672162    1.406401    1.972019    1.696647    1.986581    0.961978    1.179593    2.009192
Iteration: 739 bestvalit: 103.990000 bestmemit:    0.347827    0.003044    0.041661    0.093513    0.353992    0.074824    0.345531    0.463489    0.037603    0.215007    0.233669    0.462118    0.701877    0.048005    0.000661    0.005036    8.836103    4.672162    1.406401    1.972019    1.696647    1.986581    0.961978    1.179593    2.009192
Iteration: 740 bestvalit: 103.990000 bestmemit:    0.347827    0.003044    0.041661    0.093513    0.353992    0.074824    0.345531    0.463489    0.037603    0.215007    0.233669    0.462118    0.701877    0.048005    0.000661    0.005036    8.836103    4.672162    1.406401    1.972019    1.696647    1.986581    0.961978    1.179593    2.009192
Iteration: 741 bestvalit: 103.990000 bestmemit:    0.347827    0.003044    0.041661    0.093513    0.353992    0.074824    0.345531    0.463489    0.037603    0.215007    0.233669    0.462118    0.701877    0.048005    0.000661    0.005036    8.836103    4.672162    1.406401    1.972019    1.696647    1.986581    0.961978    1.179593    2.009192
Iteration: 742 bestvalit: 103.990000 bestmemit:    0.347827    0.003044    0.041661    0.093513    0.353992    0.074824    0.345531    0.463489    0.037603    0.215007    0.233669    0.462118    0.701877    0.048005    0.000661    0.005036    8.836103    4.672162    1.406401    1.972019    1.696647    1.986581    0.961978    1.179593    2.009192
Iteration: 743 bestvalit: 103.990000 bestmemit:    0.347827    0.003044    0.041661    0.093513    0.353992    0.074824    0.345531    0.463489    0.037603    0.215007    0.233669    0.462118    0.701877    0.048005    0.000661    0.005036    8.836103    4.672162    1.406401    1.972019    1.696647    1.986581    0.961978    1.179593    2.009192
Iteration: 744 bestvalit: 103.990000 bestmemit:    0.347827    0.003044    0.041661    0.093513    0.353992    0.074824    0.345531    0.463489    0.037603    0.215007    0.233669    0.462118    0.701877    0.048005    0.000661    0.005036    8.836103    4.672162    1.406401    1.972019    1.696647    1.986581    0.961978    1.179593    2.009192
Iteration: 745 bestvalit: 103.990000 bestmemit:    0.347827    0.003044    0.041661    0.093513    0.353992    0.074824    0.345531    0.463489    0.037603    0.215007    0.233669    0.462118    0.701877    0.048005    0.000661    0.005036    8.836103    4.672162    1.406401    1.972019    1.696647    1.986581    0.961978    1.179593    2.009192
Iteration: 746 bestvalit: 103.990000 bestmemit:    0.347827    0.003044    0.041661    0.093513    0.353992    0.074824    0.345531    0.463489    0.037603    0.215007    0.233669    0.462118    0.701877    0.048005    0.000661    0.005036    8.836103    4.672162    1.406401    1.972019    1.696647    1.986581    0.961978    1.179593    2.009192
Iteration: 747 bestvalit: 103.990000 bestmemit:    0.347827    0.003044    0.041661    0.093513    0.353992    0.074824    0.345531    0.463489    0.037603    0.215007    0.233669    0.462118    0.701877    0.048005    0.000661    0.005036    8.836103    4.672162    1.406401    1.972019    1.696647    1.986581    0.961978    1.179593    2.009192
Iteration: 748 bestvalit: 103.990000 bestmemit:    0.347827    0.003044    0.041661    0.093513    0.353992    0.074824    0.345531    0.463489    0.037603    0.215007    0.233669    0.462118    0.701877    0.048005    0.000661    0.005036    8.836103    4.672162    1.406401    1.972019    1.696647    1.986581    0.961978    1.179593    2.009192
Iteration: 749 bestvalit: 103.990000 bestmemit:    0.347827    0.003044    0.041661    0.093513    0.353992    0.074824    0.345531    0.463489    0.037603    0.215007    0.233669    0.462118    0.701877    0.048005    0.000661    0.005036    8.836103    4.672162    1.406401    1.972019    1.696647    1.986581    0.961978    1.179593    2.009192
Iteration: 750 bestvalit: 103.990000 bestmemit:    0.347827    0.003044    0.041661    0.093513    0.353992    0.074824    0.345531    0.463489    0.037603    0.215007    0.233669    0.462118    0.701877    0.048005    0.000661    0.005036    8.836103    4.672162    1.406401    1.972019    1.696647    1.986581    0.961978    1.179593    2.009192
Iteration: 751 bestvalit: 103.990000 bestmemit:    0.347827    0.003044    0.041661    0.093513    0.353992    0.074824    0.345531    0.463489    0.037603    0.215007    0.233669    0.462118    0.701877    0.048005    0.000661    0.005036    8.836103    4.672162    1.406401    1.972019    1.696647    1.986581    0.961978    1.179593    2.009192
Iteration: 752 bestvalit: 103.990000 bestmemit:    0.347827    0.003044    0.041661    0.093513    0.353992    0.074824    0.345531    0.463489    0.037603    0.215007    0.233669    0.462118    0.701877    0.048005    0.000661    0.005036    8.836103    4.672162    1.406401    1.972019    1.696647    1.986581    0.961978    1.179593    2.009192
Iteration: 753 bestvalit: 103.990000 bestmemit:    0.347827    0.003044    0.041661    0.093513    0.353992    0.074824    0.345531    0.463489    0.037603    0.215007    0.233669    0.462118    0.701877    0.048005    0.000661    0.005036    8.836103    4.672162    1.406401    1.972019    1.696647    1.986581    0.961978    1.179593    2.009192
Iteration: 754 bestvalit: 103.990000 bestmemit:    0.347827    0.003044    0.041661    0.093513    0.353992    0.074824    0.345531    0.463489    0.037603    0.215007    0.233669    0.462118    0.701877    0.048005    0.000661    0.005036    8.836103    4.672162    1.406401    1.972019    1.696647    1.986581    0.961978    1.179593    2.009192
Iteration: 755 bestvalit: 103.990000 bestmemit:    0.347827    0.003044    0.041661    0.093513    0.353992    0.074824    0.345531    0.463489    0.037603    0.215007    0.233669    0.462118    0.701877    0.048005    0.000661    0.005036    8.836103    4.672162    1.406401    1.972019    1.696647    1.986581    0.961978    1.179593    2.009192
Iteration: 756 bestvalit: 103.990000 bestmemit:    0.347827    0.003044    0.041661    0.093513    0.353992    0.074824    0.345531    0.463489    0.037603    0.215007    0.233669    0.462118    0.701877    0.048005    0.000661    0.005036    8.836103    4.672162    1.406401    1.972019    1.696647    1.986581    0.961978    1.179593    2.009192
Iteration: 757 bestvalit: 103.990000 bestmemit:    0.347827    0.003044    0.041661    0.093513    0.353992    0.074824    0.345531    0.463489    0.037603    0.215007    0.233669    0.462118    0.701877    0.048005    0.000661    0.005036    8.836103    4.672162    1.406401    1.972019    1.696647    1.986581    0.961978    1.179593    2.009192
Iteration: 758 bestvalit: 103.990000 bestmemit:    0.347827    0.003044    0.041661    0.093513    0.353992    0.074824    0.345531    0.463489    0.037603    0.215007    0.233669    0.462118    0.701877    0.048005    0.000661    0.005036    8.836103    4.672162    1.406401    1.972019    1.696647    1.986581    0.961978    1.179593    2.009192
Iteration: 759 bestvalit: 103.990000 bestmemit:    0.347827    0.003044    0.041661    0.093513    0.353992    0.074824    0.345531    0.463489    0.037603    0.215007    0.233669    0.462118    0.701877    0.048005    0.000661    0.005036    8.836103    4.672162    1.406401    1.972019    1.696647    1.986581    0.961978    1.179593    2.009192
Iteration: 760 bestvalit: 103.990000 bestmemit:    0.347827    0.003044    0.041661    0.093513    0.353992    0.074824    0.345531    0.463489    0.037603    0.215007    0.233669    0.462118    0.701877    0.048005    0.000661    0.005036    8.836103    4.672162    1.406401    1.972019    1.696647    1.986581    0.961978    1.179593    2.009192
Iteration: 761 bestvalit: 103.990000 bestmemit:    0.347827    0.003044    0.041661    0.093513    0.353992    0.074824    0.345531    0.463489    0.037603    0.215007    0.233669    0.462118    0.701877    0.048005    0.000661    0.005036    8.836103    4.672162    1.406401    1.972019    1.696647    1.986581    0.961978    1.179593    2.009192
Iteration: 762 bestvalit: 103.990000 bestmemit:    0.347827    0.003044    0.041661    0.093513    0.353992    0.074824    0.345531    0.463489    0.037603    0.215007    0.233669    0.462118    0.701877    0.048005    0.000661    0.005036    8.836103    4.672162    1.406401    1.972019    1.696647    1.986581    0.961978    1.179593    2.009192
Iteration: 763 bestvalit: 103.990000 bestmemit:    0.347827    0.003044    0.041661    0.093513    0.353992    0.074824    0.345531    0.463489    0.037603    0.215007    0.233669    0.462118    0.701877    0.048005    0.000661    0.005036    8.836103    4.672162    1.406401    1.972019    1.696647    1.986581    0.961978    1.179593    2.009192
Iteration: 764 bestvalit: 103.990000 bestmemit:    0.347827    0.003044    0.041661    0.093513    0.353992    0.074824    0.345531    0.463489    0.037603    0.215007    0.233669    0.462118    0.701877    0.048005    0.000661    0.005036    8.836103    4.672162    1.406401    1.972019    1.696647    1.986581    0.961978    1.179593    2.009192
Iteration: 765 bestvalit: 103.990000 bestmemit:    0.347827    0.003044    0.041661    0.093513    0.353992    0.074824    0.345531    0.463489    0.037603    0.215007    0.233669    0.462118    0.701877    0.048005    0.000661    0.005036    8.836103    4.672162    1.406401    1.972019    1.696647    1.986581    0.961978    1.179593    2.009192
Iteration: 766 bestvalit: 103.990000 bestmemit:    0.347827    0.003044    0.041661    0.093513    0.353992    0.074824    0.345531    0.463489    0.037603    0.215007    0.233669    0.462118    0.701877    0.048005    0.000661    0.005036    8.836103    4.672162    1.406401    1.972019    1.696647    1.986581    0.961978    1.179593    2.009192
Iteration: 767 bestvalit: 103.990000 bestmemit:    0.347827    0.003044    0.041661    0.093513    0.353992    0.074824    0.345531    0.463489    0.037603    0.215007    0.233669    0.462118    0.701877    0.048005    0.000661    0.005036    8.836103    4.672162    1.406401    1.972019    1.696647    1.986581    0.961978    1.179593    2.009192
Iteration: 768 bestvalit: 103.990000 bestmemit:    0.347827    0.003044    0.041661    0.093513    0.353992    0.074824    0.345531    0.463489    0.037603    0.215007    0.233669    0.462118    0.701877    0.048005    0.000661    0.005036    8.836103    4.672162    1.406401    1.972019    1.696647    1.986581    0.961978    1.179593    2.009192
Iteration: 769 bestvalit: 103.990000 bestmemit:    0.347827    0.003044    0.041661    0.093513    0.353992    0.074824    0.345531    0.463489    0.037603    0.215007    0.233669    0.462118    0.701877    0.048005    0.000661    0.005036    8.836103    4.672162    1.406401    1.972019    1.696647    1.986581    0.961978    1.179593    2.009192
Iteration: 770 bestvalit: 103.990000 bestmemit:    0.347827    0.003044    0.041661    0.093513    0.353992    0.074824    0.345531    0.463489    0.037603    0.215007    0.233669    0.462118    0.701877    0.048005    0.000661    0.005036    8.836103    4.672162    1.406401    1.972019    1.696647    1.986581    0.961978    1.179593    2.009192
Iteration: 771 bestvalit: 103.990000 bestmemit:    0.347827    0.003044    0.041661    0.093513    0.353992    0.074824    0.345531    0.463489    0.037603    0.215007    0.233669    0.462118    0.701877    0.048005    0.000661    0.005036    8.836103    4.672162    1.406401    1.972019    1.696647    1.986581    0.961978    1.179593    2.009192
Iteration: 772 bestvalit: 103.990000 bestmemit:    0.347827    0.003044    0.041661    0.093513    0.353992    0.074824    0.345531    0.463489    0.037603    0.215007    0.233669    0.462118    0.701877    0.048005    0.000661    0.005036    8.836103    4.672162    1.406401    1.972019    1.696647    1.986581    0.961978    1.179593    2.009192
Iteration: 773 bestvalit: 103.990000 bestmemit:    0.347827    0.003044    0.041661    0.093513    0.353992    0.074824    0.345531    0.463489    0.037603    0.215007    0.233669    0.462118    0.701877    0.048005    0.000661    0.005036    8.836103    4.672162    1.406401    1.972019    1.696647    1.986581    0.961978    1.179593    2.009192
Iteration: 774 bestvalit: 103.990000 bestmemit:    0.347827    0.003044    0.041661    0.093513    0.353992    0.074824    0.345531    0.463489    0.037603    0.215007    0.233669    0.462118    0.701877    0.048005    0.000661    0.005036    8.836103    4.672162    1.406401    1.972019    1.696647    1.986581    0.961978    1.179593    2.009192
Iteration: 775 bestvalit: 103.990000 bestmemit:    0.347827    0.003044    0.041661    0.093513    0.353992    0.074824    0.345531    0.463489    0.037603    0.215007    0.233669    0.462118    0.701877    0.048005    0.000661    0.005036    8.836103    4.672162    1.406401    1.972019    1.696647    1.986581    0.961978    1.179593    2.009192
Iteration: 776 bestvalit: 103.990000 bestmemit:    0.347827    0.003044    0.041661    0.093513    0.353992    0.074824    0.345531    0.463489    0.037603    0.215007    0.233669    0.462118    0.701877    0.048005    0.000661    0.005036    8.836103    4.672162    1.406401    1.972019    1.696647    1.986581    0.961978    1.179593    2.009192
Iteration: 777 bestvalit: 103.990000 bestmemit:    0.347827    0.003044    0.041661    0.093513    0.353992    0.074824    0.345531    0.463489    0.037603    0.215007    0.233669    0.462118    0.701877    0.048005    0.000661    0.005036    8.836103    4.672162    1.406401    1.972019    1.696647    1.986581    0.961978    1.179593    2.009192
Iteration: 778 bestvalit: 103.990000 bestmemit:    0.347827    0.003044    0.041661    0.093513    0.353992    0.074824    0.345531    0.463489    0.037603    0.215007    0.233669    0.462118    0.701877    0.048005    0.000661    0.005036    8.836103    4.672162    1.406401    1.972019    1.696647    1.986581    0.961978    1.179593    2.009192
Iteration: 779 bestvalit: 103.990000 bestmemit:    0.347827    0.003044    0.041661    0.093513    0.353992    0.074824    0.345531    0.463489    0.037603    0.215007    0.233669    0.462118    0.701877    0.048005    0.000661    0.005036    8.836103    4.672162    1.406401    1.972019    1.696647    1.986581    0.961978    1.179593    2.009192
Iteration: 780 bestvalit: 103.990000 bestmemit:    0.347827    0.003044    0.041661    0.093513    0.353992    0.074824    0.345531    0.463489    0.037603    0.215007    0.233669    0.462118    0.701877    0.048005    0.000661    0.005036    8.836103    4.672162    1.406401    1.972019    1.696647    1.986581    0.961978    1.179593    2.009192
Iteration: 781 bestvalit: 103.990000 bestmemit:    0.347827    0.003044    0.041661    0.093513    0.353992    0.074824    0.345531    0.463489    0.037603    0.215007    0.233669    0.462118    0.701877    0.048005    0.000661    0.005036    8.836103    4.672162    1.406401    1.972019    1.696647    1.986581    0.961978    1.179593    2.009192
Iteration: 782 bestvalit: 103.990000 bestmemit:    0.347827    0.003044    0.041661    0.093513    0.353992    0.074824    0.345531    0.463489    0.037603    0.215007    0.233669    0.462118    0.701877    0.048005    0.000661    0.005036    8.836103    4.672162    1.406401    1.972019    1.696647    1.986581    0.961978    1.179593    2.009192
Iteration: 783 bestvalit: 103.990000 bestmemit:    0.347827    0.003044    0.041661    0.093513    0.353992    0.074824    0.345531    0.463489    0.037603    0.215007    0.233669    0.462118    0.701877    0.048005    0.000661    0.005036    8.836103    4.672162    1.406401    1.972019    1.696647    1.986581    0.961978    1.179593    2.009192
Iteration: 784 bestvalit: 103.990000 bestmemit:    0.347827    0.003044    0.041661    0.093513    0.353992    0.074824    0.345531    0.463489    0.037603    0.215007    0.233669    0.462118    0.701877    0.048005    0.000661    0.005036    8.836103    4.672162    1.406401    1.972019    1.696647    1.986581    0.961978    1.179593    2.009192
Iteration: 785 bestvalit: 103.990000 bestmemit:    0.347827    0.003044    0.041661    0.093513    0.353992    0.074824    0.345531    0.463489    0.037603    0.215007    0.233669    0.462118    0.701877    0.048005    0.000661    0.005036    8.836103    4.672162    1.406401    1.972019    1.696647    1.986581    0.961978    1.179593    2.009192
Iteration: 786 bestvalit: 103.990000 bestmemit:    0.347827    0.003044    0.041661    0.093513    0.353992    0.074824    0.345531    0.463489    0.037603    0.215007    0.233669    0.462118    0.701877    0.048005    0.000661    0.005036    8.836103    4.672162    1.406401    1.972019    1.696647    1.986581    0.961978    1.179593    2.009192
Iteration: 787 bestvalit: 103.990000 bestmemit:    0.347827    0.003044    0.041661    0.093513    0.353992    0.074824    0.345531    0.463489    0.037603    0.215007    0.233669    0.462118    0.701877    0.048005    0.000661    0.005036    8.836103    4.672162    1.406401    1.972019    1.696647    1.986581    0.961978    1.179593    2.009192
Iteration: 788 bestvalit: 103.990000 bestmemit:    0.347827    0.003044    0.041661    0.093513    0.353992    0.074824    0.345531    0.463489    0.037603    0.215007    0.233669    0.462118    0.701877    0.048005    0.000661    0.005036    8.836103    4.672162    1.406401    1.972019    1.696647    1.986581    0.961978    1.179593    2.009192
Iteration: 789 bestvalit: 103.990000 bestmemit:    0.347827    0.003044    0.041661    0.093513    0.353992    0.074824    0.345531    0.463489    0.037603    0.215007    0.233669    0.462118    0.701877    0.048005    0.000661    0.005036    8.836103    4.672162    1.406401    1.972019    1.696647    1.986581    0.961978    1.179593    2.009192
Iteration: 790 bestvalit: 103.990000 bestmemit:    0.347827    0.003044    0.041661    0.093513    0.353992    0.074824    0.345531    0.463489    0.037603    0.215007    0.233669    0.462118    0.701877    0.048005    0.000661    0.005036    8.836103    4.672162    1.406401    1.972019    1.696647    1.986581    0.961978    1.179593    2.009192
Iteration: 791 bestvalit: 103.990000 bestmemit:    0.347827    0.003044    0.041661    0.093513    0.353992    0.074824    0.345531    0.463489    0.037603    0.215007    0.233669    0.462118    0.701877    0.048005    0.000661    0.005036    8.836103    4.672162    1.406401    1.972019    1.696647    1.986581    0.961978    1.179593    2.009192
Iteration: 792 bestvalit: 103.990000 bestmemit:    0.347827    0.003044    0.041661    0.093513    0.353992    0.074824    0.345531    0.463489    0.037603    0.215007    0.233669    0.462118    0.701877    0.048005    0.000661    0.005036    8.836103    4.672162    1.406401    1.972019    1.696647    1.986581    0.961978    1.179593    2.009192
Iteration: 793 bestvalit: 103.990000 bestmemit:    0.347827    0.003044    0.041661    0.093513    0.353992    0.074824    0.345531    0.463489    0.037603    0.215007    0.233669    0.462118    0.701877    0.048005    0.000661    0.005036    8.836103    4.672162    1.406401    1.972019    1.696647    1.986581    0.961978    1.179593    2.009192
Iteration: 794 bestvalit: 103.990000 bestmemit:    0.347827    0.003044    0.041661    0.093513    0.353992    0.074824    0.345531    0.463489    0.037603    0.215007    0.233669    0.462118    0.701877    0.048005    0.000661    0.005036    8.836103    4.672162    1.406401    1.972019    1.696647    1.986581    0.961978    1.179593    2.009192
Iteration: 795 bestvalit: 103.990000 bestmemit:    0.347827    0.003044    0.041661    0.093513    0.353992    0.074824    0.345531    0.463489    0.037603    0.215007    0.233669    0.462118    0.701877    0.048005    0.000661    0.005036    8.836103    4.672162    1.406401    1.972019    1.696647    1.986581    0.961978    1.179593    2.009192
Iteration: 796 bestvalit: 103.990000 bestmemit:    0.347827    0.003044    0.041661    0.093513    0.353992    0.074824    0.345531    0.463489    0.037603    0.215007    0.233669    0.462118    0.701877    0.048005    0.000661    0.005036    8.836103    4.672162    1.406401    1.972019    1.696647    1.986581    0.961978    1.179593    2.009192
Iteration: 797 bestvalit: 103.990000 bestmemit:    0.347827    0.003044    0.041661    0.093513    0.353992    0.074824    0.345531    0.463489    0.037603    0.215007    0.233669    0.462118    0.701877    0.048005    0.000661    0.005036    8.836103    4.672162    1.406401    1.972019    1.696647    1.986581    0.961978    1.179593    2.009192
Iteration: 798 bestvalit: 103.990000 bestmemit:    0.347827    0.003044    0.041661    0.093513    0.353992    0.074824    0.345531    0.463489    0.037603    0.215007    0.233669    0.462118    0.701877    0.048005    0.000661    0.005036    8.836103    4.672162    1.406401    1.972019    1.696647    1.986581    0.961978    1.179593    2.009192
Iteration: 799 bestvalit: 103.990000 bestmemit:    0.347827    0.003044    0.041661    0.093513    0.353992    0.074824    0.345531    0.463489    0.037603    0.215007    0.233669    0.462118    0.701877    0.048005    0.000661    0.005036    8.836103    4.672162    1.406401    1.972019    1.696647    1.986581    0.961978    1.179593    2.009192
Iteration: 800 bestvalit: 103.990000 bestmemit:    0.347827    0.003044    0.041661    0.093513    0.353992    0.074824    0.345531    0.463489    0.037603    0.215007    0.233669    0.462118    0.701877    0.048005    0.000661    0.005036    8.836103    4.672162    1.406401    1.972019    1.696647    1.986581    0.961978    1.179593    2.009192
Iteration: 801 bestvalit: 103.990000 bestmemit:    0.347827    0.003044    0.041661    0.093513    0.353992    0.074824    0.345531    0.463489    0.037603    0.215007    0.233669    0.462118    0.701877    0.048005    0.000661    0.005036    8.836103    4.672162    1.406401    1.972019    1.696647    1.986581    0.961978    1.179593    2.009192
Iteration: 802 bestvalit: 103.990000 bestmemit:    0.347827    0.003044    0.041661    0.093513    0.353992    0.074824    0.345531    0.463489    0.037603    0.215007    0.233669    0.462118    0.701877    0.048005    0.000661    0.005036    8.836103    4.672162    1.406401    1.972019    1.696647    1.986581    0.961978    1.179593    2.009192
Iteration: 803 bestvalit: 103.990000 bestmemit:    0.347827    0.003044    0.041661    0.093513    0.353992    0.074824    0.345531    0.463489    0.037603    0.215007    0.233669    0.462118    0.701877    0.048005    0.000661    0.005036    8.836103    4.672162    1.406401    1.972019    1.696647    1.986581    0.961978    1.179593    2.009192
Iteration: 804 bestvalit: 103.990000 bestmemit:    0.347827    0.003044    0.041661    0.093513    0.353992    0.074824    0.345531    0.463489    0.037603    0.215007    0.233669    0.462118    0.701877    0.048005    0.000661    0.005036    8.836103    4.672162    1.406401    1.972019    1.696647    1.986581    0.961978    1.179593    2.009192
Iteration: 805 bestvalit: 103.990000 bestmemit:    0.347827    0.003044    0.041661    0.093513    0.353992    0.074824    0.345531    0.463489    0.037603    0.215007    0.233669    0.462118    0.701877    0.048005    0.000661    0.005036    8.836103    4.672162    1.406401    1.972019    1.696647    1.986581    0.961978    1.179593    2.009192
Iteration: 806 bestvalit: 103.990000 bestmemit:    0.347827    0.003044    0.041661    0.093513    0.353992    0.074824    0.345531    0.463489    0.037603    0.215007    0.233669    0.462118    0.701877    0.048005    0.000661    0.005036    8.836103    4.672162    1.406401    1.972019    1.696647    1.986581    0.961978    1.179593    2.009192
Iteration: 807 bestvalit: 103.990000 bestmemit:    0.347827    0.003044    0.041661    0.093513    0.353992    0.074824    0.345531    0.463489    0.037603    0.215007    0.233669    0.462118    0.701877    0.048005    0.000661    0.005036    8.836103    4.672162    1.406401    1.972019    1.696647    1.986581    0.961978    1.179593    2.009192
Iteration: 808 bestvalit: 103.990000 bestmemit:    0.347827    0.003044    0.041661    0.093513    0.353992    0.074824    0.345531    0.463489    0.037603    0.215007    0.233669    0.462118    0.701877    0.048005    0.000661    0.005036    8.836103    4.672162    1.406401    1.972019    1.696647    1.986581    0.961978    1.179593    2.009192
Iteration: 809 bestvalit: 103.990000 bestmemit:    0.347827    0.003044    0.041661    0.093513    0.353992    0.074824    0.345531    0.463489    0.037603    0.215007    0.233669    0.462118    0.701877    0.048005    0.000661    0.005036    8.836103    4.672162    1.406401    1.972019    1.696647    1.986581    0.961978    1.179593    2.009192
Iteration: 810 bestvalit: 103.990000 bestmemit:    0.347827    0.003044    0.041661    0.093513    0.353992    0.074824    0.345531    0.463489    0.037603    0.215007    0.233669    0.462118    0.701877    0.048005    0.000661    0.005036    8.836103    4.672162    1.406401    1.972019    1.696647    1.986581    0.961978    1.179593    2.009192
Iteration: 811 bestvalit: 103.990000 bestmemit:    0.347827    0.003044    0.041661    0.093513    0.353992    0.074824    0.345531    0.463489    0.037603    0.215007    0.233669    0.462118    0.701877    0.048005    0.000661    0.005036    8.836103    4.672162    1.406401    1.972019    1.696647    1.986581    0.961978    1.179593    2.009192
Iteration: 812 bestvalit: 103.990000 bestmemit:    0.347827    0.003044    0.041661    0.093513    0.353992    0.074824    0.345531    0.463489    0.037603    0.215007    0.233669    0.462118    0.701877    0.048005    0.000661    0.005036    8.836103    4.672162    1.406401    1.972019    1.696647    1.986581    0.961978    1.179593    2.009192
Iteration: 813 bestvalit: 103.990000 bestmemit:    0.347827    0.003044    0.041661    0.093513    0.353992    0.074824    0.345531    0.463489    0.037603    0.215007    0.233669    0.462118    0.701877    0.048005    0.000661    0.005036    8.836103    4.672162    1.406401    1.972019    1.696647    1.986581    0.961978    1.179593    2.009192
Iteration: 814 bestvalit: 103.990000 bestmemit:    0.347827    0.003044    0.041661    0.093513    0.353992    0.074824    0.345531    0.463489    0.037603    0.215007    0.233669    0.462118    0.701877    0.048005    0.000661    0.005036    8.836103    4.672162    1.406401    1.972019    1.696647    1.986581    0.961978    1.179593    2.009192
Iteration: 815 bestvalit: 103.990000 bestmemit:    0.347827    0.003044    0.041661    0.093513    0.353992    0.074824    0.345531    0.463489    0.037603    0.215007    0.233669    0.462118    0.701877    0.048005    0.000661    0.005036    8.836103    4.672162    1.406401    1.972019    1.696647    1.986581    0.961978    1.179593    2.009192
Iteration: 816 bestvalit: 103.990000 bestmemit:    0.347827    0.003044    0.041661    0.093513    0.353992    0.074824    0.345531    0.463489    0.037603    0.215007    0.233669    0.462118    0.701877    0.048005    0.000661    0.005036    8.836103    4.672162    1.406401    1.972019    1.696647    1.986581    0.961978    1.179593    2.009192
Iteration: 817 bestvalit: 103.990000 bestmemit:    0.347827    0.003044    0.041661    0.093513    0.353992    0.074824    0.345531    0.463489    0.037603    0.215007    0.233669    0.462118    0.701877    0.048005    0.000661    0.005036    8.836103    4.672162    1.406401    1.972019    1.696647    1.986581    0.961978    1.179593    2.009192
Iteration: 818 bestvalit: 103.990000 bestmemit:    0.347827    0.003044    0.041661    0.093513    0.353992    0.074824    0.345531    0.463489    0.037603    0.215007    0.233669    0.462118    0.701877    0.048005    0.000661    0.005036    8.836103    4.672162    1.406401    1.972019    1.696647    1.986581    0.961978    1.179593    2.009192
Iteration: 819 bestvalit: 103.990000 bestmemit:    0.347827    0.003044    0.041661    0.093513    0.353992    0.074824    0.345531    0.463489    0.037603    0.215007    0.233669    0.462118    0.701877    0.048005    0.000661    0.005036    8.836103    4.672162    1.406401    1.972019    1.696647    1.986581    0.961978    1.179593    2.009192
Iteration: 820 bestvalit: 103.990000 bestmemit:    0.347827    0.003044    0.041661    0.093513    0.353992    0.074824    0.345531    0.463489    0.037603    0.215007    0.233669    0.462118    0.701877    0.048005    0.000661    0.005036    8.836103    4.672162    1.406401    1.972019    1.696647    1.986581    0.961978    1.179593    2.009192
Iteration: 821 bestvalit: 103.990000 bestmemit:    0.347827    0.003044    0.041661    0.093513    0.353992    0.074824    0.345531    0.463489    0.037603    0.215007    0.233669    0.462118    0.701877    0.048005    0.000661    0.005036    8.836103    4.672162    1.406401    1.972019    1.696647    1.986581    0.961978    1.179593    2.009192
Iteration: 822 bestvalit: 103.970000 bestmemit:    0.347827    0.003044    0.041661    0.093513    0.353992    0.074824    0.345531    0.463489    0.037603    0.211947    0.233669    0.462118    0.701877    0.048005    0.000661    0.005036    8.836103    4.672162    1.406401    1.972019    1.696647    1.986581    0.961978    1.179593    2.009192
Iteration: 823 bestvalit: 103.970000 bestmemit:    0.347827    0.003044    0.041661    0.093513    0.353992    0.074824    0.345531    0.463489    0.037603    0.211947    0.233669    0.462118    0.701877    0.048005    0.000661    0.005036    8.836103    4.672162    1.406401    1.972019    1.696647    1.986581    0.961978    1.179593    2.009192
Iteration: 824 bestvalit: 103.970000 bestmemit:    0.347827    0.003044    0.041661    0.093513    0.353992    0.074824    0.345531    0.463489    0.037603    0.211947    0.233669    0.462118    0.701877    0.048005    0.000661    0.005036    8.836103    4.672162    1.406401    1.972019    1.696647    1.986581    0.961978    1.179593    2.009192
Iteration: 825 bestvalit: 103.830000 bestmemit:    0.347827    0.003044    0.041661    0.093513    0.353992    0.074824    0.345531    0.463489    0.037603    0.211947    0.233669    0.462118    0.701877    0.048005    0.000661    0.005036    8.836103    4.672162    1.494176    1.972019    1.696647    1.986581    0.961978    1.179593    2.009192
Iteration: 826 bestvalit: 103.830000 bestmemit:    0.347827    0.003044    0.041661    0.093513    0.353992    0.074824    0.345531    0.463489    0.037603    0.211947    0.233669    0.462118    0.701877    0.048005    0.000661    0.005036    8.836103    4.672162    1.494176    1.972019    1.696647    1.986581    0.961978    1.179593    2.009192
Iteration: 827 bestvalit: 103.830000 bestmemit:    0.347827    0.003044    0.041661    0.093513    0.353992    0.074824    0.345531    0.463489    0.037603    0.211947    0.233669    0.462118    0.701877    0.048005    0.000661    0.005036    8.836103    4.672162    1.494176    1.972019    1.696647    1.986581    0.961978    1.179593    2.009192
Iteration: 828 bestvalit: 103.830000 bestmemit:    0.347827    0.003044    0.041661    0.093513    0.353992    0.074824    0.345531    0.463489    0.037603    0.211947    0.233669    0.462118    0.701877    0.048005    0.000661    0.005036    8.836103    4.672162    1.494176    1.972019    1.696647    1.986581    0.961978    1.179593    2.009192
Iteration: 829 bestvalit: 103.830000 bestmemit:    0.347827    0.003044    0.041661    0.093513    0.353992    0.074824    0.345531    0.463489    0.037603    0.211947    0.233669    0.462118    0.701877    0.048005    0.000661    0.005036    8.836103    4.672162    1.494176    1.972019    1.696647    1.986581    0.961978    1.179593    2.009192
Iteration: 830 bestvalit: 103.830000 bestmemit:    0.347827    0.003044    0.041661    0.093513    0.353992    0.074824    0.345531    0.463489    0.037603    0.211947    0.233669    0.462118    0.701877    0.048005    0.000661    0.005036    8.836103    4.672162    1.494176    1.972019    1.696647    1.986581    0.961978    1.179593    2.009192
Iteration: 831 bestvalit: 103.830000 bestmemit:    0.347827    0.003044    0.041661    0.093513    0.353992    0.074824    0.345531    0.463489    0.037603    0.211947    0.233669    0.462118    0.701877    0.048005    0.000661    0.005036    8.836103    4.672162    1.494176    1.972019    1.696647    1.986581    0.961978    1.179593    2.009192
Iteration: 832 bestvalit: 103.830000 bestmemit:    0.347827    0.003044    0.041661    0.093513    0.353992    0.074824    0.345531    0.463489    0.037603    0.211947    0.233669    0.462118    0.701877    0.048005    0.000661    0.005036    8.836103    4.672162    1.494176    1.972019    1.696647    1.986581    0.961978    1.179593    2.009192
Iteration: 833 bestvalit: 103.830000 bestmemit:    0.347827    0.003044    0.041661    0.093513    0.353992    0.074824    0.345531    0.463489    0.037603    0.211947    0.233669    0.462118    0.701877    0.048005    0.000661    0.005036    8.836103    4.672162    1.494176    1.972019    1.696647    1.986581    0.961978    1.179593    2.009192
Iteration: 834 bestvalit: 103.830000 bestmemit:    0.347827    0.003044    0.041661    0.093513    0.353992    0.074824    0.345531    0.463489    0.037603    0.211947    0.233669    0.462118    0.701877    0.048005    0.000661    0.005036    8.836103    4.672162    1.494176    1.972019    1.696647    1.986581    0.961978    1.179593    2.009192
Iteration: 835 bestvalit: 103.830000 bestmemit:    0.347827    0.003044    0.041661    0.093513    0.353992    0.074824    0.345531    0.463489    0.037603    0.211947    0.233669    0.462118    0.701877    0.048005    0.000661    0.005036    8.836103    4.672162    1.494176    1.972019    1.696647    1.986581    0.961978    1.179593    2.009192
Iteration: 836 bestvalit: 103.830000 bestmemit:    0.347827    0.003044    0.041661    0.093513    0.353992    0.074824    0.345531    0.463489    0.037603    0.211947    0.233669    0.462118    0.701877    0.048005    0.000661    0.005036    8.836103    4.672162    1.494176    1.972019    1.696647    1.986581    0.961978    1.179593    2.009192
Iteration: 837 bestvalit: 103.830000 bestmemit:    0.347827    0.003044    0.041661    0.093513    0.353992    0.074824    0.345531    0.463489    0.037603    0.211947    0.233669    0.462118    0.701877    0.048005    0.000661    0.005036    8.836103    4.672162    1.494176    1.972019    1.696647    1.986581    0.961978    1.179593    2.009192
Iteration: 838 bestvalit: 103.830000 bestmemit:    0.347827    0.003044    0.041661    0.093513    0.353992    0.074824    0.345531    0.463489    0.037603    0.211947    0.233669    0.462118    0.701877    0.048005    0.000661    0.005036    8.836103    4.672162    1.494176    1.972019    1.696647    1.986581    0.961978    1.179593    2.009192
Iteration: 839 bestvalit: 103.830000 bestmemit:    0.347827    0.003044    0.041661    0.093513    0.353992    0.074824    0.345531    0.463489    0.037603    0.211947    0.233669    0.462118    0.701877    0.048005    0.000661    0.005036    8.836103    4.672162    1.494176    1.972019    1.696647    1.986581    0.961978    1.179593    2.009192
Iteration: 840 bestvalit: 103.830000 bestmemit:    0.347827    0.003044    0.041661    0.093513    0.353992    0.074824    0.345531    0.463489    0.037603    0.211947    0.233669    0.462118    0.701877    0.048005    0.000661    0.005036    8.836103    4.672162    1.494176    1.972019    1.696647    1.986581    0.961978    1.179593    2.009192
Iteration: 841 bestvalit: 103.830000 bestmemit:    0.347827    0.003044    0.041661    0.093513    0.353992    0.074824    0.345531    0.463489    0.037603    0.211947    0.233669    0.462118    0.701877    0.048005    0.000661    0.005036    8.836103    4.672162    1.494176    1.972019    1.696647    1.986581    0.961978    1.179593    2.009192
Iteration: 842 bestvalit: 103.830000 bestmemit:    0.347827    0.003044    0.041661    0.093513    0.353992    0.074824    0.345531    0.463489    0.037603    0.211947    0.233669    0.462118    0.701877    0.048005    0.000661    0.005036    8.836103    4.672162    1.494176    1.972019    1.696647    1.986581    0.961978    1.179593    2.009192
Iteration: 843 bestvalit: 103.830000 bestmemit:    0.347827    0.003044    0.041661    0.093513    0.353992    0.074824    0.345531    0.463489    0.037603    0.211947    0.233669    0.462118    0.701877    0.048005    0.000661    0.005036    8.836103    4.672162    1.494176    1.972019    1.696647    1.986581    0.961978    1.179593    2.009192
Iteration: 844 bestvalit: 103.830000 bestmemit:    0.347827    0.003044    0.041661    0.093513    0.353992    0.074824    0.345531    0.463489    0.037603    0.211947    0.233669    0.462118    0.701877    0.048005    0.000661    0.005036    8.836103    4.672162    1.494176    1.972019    1.696647    1.986581    0.961978    1.179593    2.009192
Iteration: 845 bestvalit: 103.830000 bestmemit:    0.347827    0.003044    0.041661    0.093513    0.353992    0.074824    0.345531    0.463489    0.037603    0.211947    0.233669    0.462118    0.701877    0.048005    0.000661    0.005036    8.836103    4.672162    1.494176    1.972019    1.696647    1.986581    0.961978    1.179593    2.009192
Iteration: 846 bestvalit: 103.830000 bestmemit:    0.347827    0.003044    0.041661    0.093513    0.353992    0.074824    0.345531    0.463489    0.037603    0.211947    0.233669    0.462118    0.701877    0.048005    0.000661    0.005036    8.836103    4.672162    1.494176    1.972019    1.696647    1.986581    0.961978    1.179593    2.009192
Iteration: 847 bestvalit: 103.830000 bestmemit:    0.347827    0.003044    0.041661    0.093513    0.353992    0.074824    0.345531    0.463489    0.037603    0.211947    0.233669    0.462118    0.701877    0.048005    0.000661    0.005036    8.836103    4.672162    1.494176    1.972019    1.696647    1.986581    0.961978    1.179593    2.009192
Iteration: 848 bestvalit: 103.830000 bestmemit:    0.347827    0.003044    0.041661    0.093513    0.353992    0.074824    0.345531    0.463489    0.037603    0.211947    0.233669    0.462118    0.701877    0.048005    0.000661    0.005036    8.836103    4.672162    1.494176    1.972019    1.696647    1.986581    0.961978    1.179593    2.009192
Iteration: 849 bestvalit: 103.830000 bestmemit:    0.347827    0.003044    0.041661    0.093513    0.353992    0.074824    0.345531    0.463489    0.037603    0.211947    0.233669    0.462118    0.701877    0.048005    0.000661    0.005036    8.836103    4.672162    1.494176    1.972019    1.696647    1.986581    0.961978    1.179593    2.009192
Iteration: 850 bestvalit: 103.830000 bestmemit:    0.347827    0.003044    0.041661    0.093513    0.353992    0.074824    0.345531    0.463489    0.037603    0.211947    0.233669    0.462118    0.701877    0.048005    0.000661    0.005036    8.836103    4.672162    1.494176    1.972019    1.696647    1.986581    0.961978    1.179593    2.009192
Iteration: 851 bestvalit: 103.830000 bestmemit:    0.347827    0.003044    0.041661    0.093513    0.353992    0.074824    0.345531    0.463489    0.037603    0.211947    0.233669    0.462118    0.701877    0.048005    0.000661    0.005036    8.836103    4.672162    1.494176    1.972019    1.696647    1.986581    0.961978    1.179593    2.009192
Iteration: 852 bestvalit: 103.830000 bestmemit:    0.347827    0.003044    0.041661    0.093513    0.353992    0.074824    0.345531    0.463489    0.037603    0.211947    0.233669    0.462118    0.701877    0.048005    0.000661    0.005036    8.836103    4.672162    1.494176    1.972019    1.696647    1.986581    0.961978    1.179593    2.009192
Iteration: 853 bestvalit: 103.830000 bestmemit:    0.347827    0.003044    0.041661    0.093513    0.353992    0.074824    0.345531    0.463489    0.037603    0.211947    0.233669    0.462118    0.701877    0.048005    0.000661    0.005036    8.836103    4.672162    1.494176    1.972019    1.696647    1.986581    0.961978    1.179593    2.009192
Iteration: 854 bestvalit: 103.830000 bestmemit:    0.347827    0.003044    0.041661    0.093513    0.353992    0.074824    0.345531    0.463489    0.037603    0.211947    0.233669    0.462118    0.701877    0.048005    0.000661    0.005036    8.836103    4.672162    1.494176    1.972019    1.696647    1.986581    0.961978    1.179593    2.009192
Iteration: 855 bestvalit: 103.830000 bestmemit:    0.347827    0.003044    0.041661    0.093513    0.353992    0.074824    0.345531    0.463489    0.037603    0.211947    0.233669    0.462118    0.701877    0.048005    0.000661    0.005036    8.836103    4.672162    1.494176    1.972019    1.696647    1.986581    0.961978    1.179593    2.009192
Iteration: 856 bestvalit: 103.830000 bestmemit:    0.347827    0.003044    0.041661    0.093513    0.353992    0.074824    0.345531    0.463489    0.037603    0.211947    0.233669    0.462118    0.701877    0.048005    0.000661    0.005036    8.836103    4.672162    1.494176    1.972019    1.696647    1.986581    0.961978    1.179593    2.009192
Iteration: 857 bestvalit: 103.830000 bestmemit:    0.347827    0.003044    0.041661    0.093513    0.353992    0.074824    0.345531    0.463489    0.037603    0.211947    0.233669    0.462118    0.701877    0.048005    0.000661    0.005036    8.836103    4.672162    1.494176    1.972019    1.696647    1.986581    0.961978    1.179593    2.009192
Iteration: 858 bestvalit: 103.830000 bestmemit:    0.347827    0.003044    0.041661    0.093513    0.353992    0.074824    0.345531    0.463489    0.037603    0.211947    0.233669    0.462118    0.701877    0.048005    0.000661    0.005036    8.836103    4.672162    1.494176    1.972019    1.696647    1.986581    0.961978    1.179593    2.009192
Iteration: 859 bestvalit: 103.830000 bestmemit:    0.347827    0.003044    0.041661    0.093513    0.353992    0.074824    0.345531    0.463489    0.037603    0.211947    0.233669    0.462118    0.701877    0.048005    0.000661    0.005036    8.836103    4.672162    1.494176    1.972019    1.696647    1.986581    0.961978    1.179593    2.009192
Iteration: 860 bestvalit: 103.830000 bestmemit:    0.347827    0.003044    0.041661    0.093513    0.353992    0.074824    0.345531    0.463489    0.037603    0.211947    0.233669    0.462118    0.701877    0.048005    0.000661    0.005036    8.836103    4.672162    1.494176    1.972019    1.696647    1.986581    0.961978    1.179593    2.009192
Iteration: 861 bestvalit: 103.830000 bestmemit:    0.347827    0.003044    0.041661    0.093513    0.353992    0.074824    0.345531    0.463489    0.037603    0.211947    0.233669    0.462118    0.701877    0.048005    0.000661    0.005036    8.836103    4.672162    1.494176    1.972019    1.696647    1.986581    0.961978    1.179593    2.009192
Iteration: 862 bestvalit: 103.830000 bestmemit:    0.347827    0.003044    0.041661    0.093513    0.353992    0.074824    0.345531    0.463489    0.037603    0.211947    0.233669    0.462118    0.701877    0.048005    0.000661    0.005036    8.836103    4.672162    1.494176    1.972019    1.696647    1.986581    0.961978    1.179593    2.009192
Iteration: 863 bestvalit: 103.830000 bestmemit:    0.347827    0.003044    0.041661    0.093513    0.353992    0.074824    0.345531    0.463489    0.037603    0.211947    0.233669    0.462118    0.701877    0.048005    0.000661    0.005036    8.836103    4.672162    1.494176    1.972019    1.696647    1.986581    0.961978    1.179593    2.009192
Iteration: 864 bestvalit: 103.830000 bestmemit:    0.347827    0.003044    0.041661    0.093513    0.353992    0.074824    0.345531    0.463489    0.037603    0.211947    0.233669    0.462118    0.701877    0.048005    0.000661    0.005036    8.836103    4.672162    1.494176    1.972019    1.696647    1.986581    0.961978    1.179593    2.009192
Iteration: 865 bestvalit: 103.830000 bestmemit:    0.347827    0.003044    0.041661    0.093513    0.353992    0.074824    0.345531    0.463489    0.037603    0.211947    0.233669    0.462118    0.701877    0.048005    0.000661    0.005036    8.836103    4.672162    1.494176    1.972019    1.696647    1.986581    0.961978    1.179593    2.009192
Iteration: 866 bestvalit: 103.830000 bestmemit:    0.347827    0.003044    0.041661    0.093513    0.353992    0.074824    0.345531    0.463489    0.037603    0.211947    0.233669    0.462118    0.701877    0.048005    0.000661    0.005036    8.836103    4.672162    1.494176    1.972019    1.696647    1.986581    0.961978    1.179593    2.009192
Iteration: 867 bestvalit: 103.830000 bestmemit:    0.347827    0.003044    0.041661    0.093513    0.353992    0.074824    0.345531    0.463489    0.037603    0.211947    0.233669    0.462118    0.701877    0.048005    0.000661    0.005036    8.836103    4.672162    1.494176    1.972019    1.696647    1.986581    0.961978    1.179593    2.009192
Iteration: 868 bestvalit: 103.830000 bestmemit:    0.347827    0.003044    0.041661    0.093513    0.353992    0.074824    0.345531    0.463489    0.037603    0.211947    0.233669    0.462118    0.701877    0.048005    0.000661    0.005036    8.836103    4.672162    1.494176    1.972019    1.696647    1.986581    0.961978    1.179593    2.009192
Iteration: 869 bestvalit: 103.830000 bestmemit:    0.347827    0.003044    0.041661    0.093513    0.353992    0.074824    0.345531    0.463489    0.037603    0.211947    0.233669    0.462118    0.701877    0.048005    0.000661    0.005036    8.836103    4.672162    1.494176    1.972019    1.696647    1.986581    0.961978    1.179593    2.009192
Iteration: 870 bestvalit: 103.830000 bestmemit:    0.347827    0.003044    0.041661    0.093513    0.353992    0.074824    0.345531    0.463489    0.037603    0.211947    0.233669    0.462118    0.701877    0.048005    0.000661    0.005036    8.836103    4.672162    1.494176    1.972019    1.696647    1.986581    0.961978    1.179593    2.009192
Iteration: 871 bestvalit: 103.830000 bestmemit:    0.347827    0.003044    0.041661    0.093513    0.353992    0.074824    0.345531    0.463489    0.037603    0.211947    0.233669    0.462118    0.701877    0.048005    0.000661    0.005036    8.836103    4.672162    1.494176    1.972019    1.696647    1.986581    0.961978    1.179593    2.009192
Iteration: 872 bestvalit: 103.830000 bestmemit:    0.347827    0.003044    0.041661    0.093513    0.353992    0.074824    0.345531    0.463489    0.037603    0.211947    0.233669    0.462118    0.701877    0.048005    0.000661    0.005036    8.836103    4.672162    1.494176    1.972019    1.696647    1.986581    0.961978    1.179593    2.009192
Iteration: 873 bestvalit: 103.830000 bestmemit:    0.347827    0.003044    0.041661    0.093513    0.353992    0.074824    0.345531    0.463489    0.037603    0.211947    0.233669    0.462118    0.701877    0.048005    0.000661    0.005036    8.836103    4.672162    1.494176    1.972019    1.696647    1.986581    0.961978    1.179593    2.009192
Iteration: 874 bestvalit: 103.830000 bestmemit:    0.347827    0.003044    0.041661    0.093513    0.353992    0.074824    0.345531    0.463489    0.037603    0.211947    0.233669    0.462118    0.701877    0.048005    0.000661    0.005036    8.836103    4.672162    1.494176    1.972019    1.696647    1.986581    0.961978    1.179593    2.009192
Iteration: 875 bestvalit: 103.830000 bestmemit:    0.347827    0.003044    0.041661    0.093513    0.353992    0.074824    0.345531    0.463489    0.037603    0.211947    0.233669    0.462118    0.701877    0.048005    0.000661    0.005036    8.836103    4.672162    1.494176    1.972019    1.696647    1.986581    0.961978    1.179593    2.009192
Iteration: 876 bestvalit: 103.830000 bestmemit:    0.347827    0.003044    0.041661    0.093513    0.353992    0.074824    0.345531    0.463489    0.037603    0.211947    0.233669    0.462118    0.701877    0.048005    0.000661    0.005036    8.836103    4.672162    1.494176    1.972019    1.696647    1.986581    0.961978    1.179593    2.009192
Iteration: 877 bestvalit: 103.830000 bestmemit:    0.347827    0.003044    0.041661    0.093513    0.353992    0.074824    0.345531    0.463489    0.037603    0.211947    0.233669    0.462118    0.701877    0.048005    0.000661    0.005036    8.836103    4.672162    1.494176    1.972019    1.696647    1.986581    0.961978    1.179593    2.009192
Iteration: 878 bestvalit: 103.830000 bestmemit:    0.347827    0.003044    0.041661    0.093513    0.353992    0.074824    0.345531    0.463489    0.037603    0.211947    0.233669    0.462118    0.701877    0.048005    0.000661    0.005036    8.836103    4.672162    1.494176    1.972019    1.696647    1.986581    0.961978    1.179593    2.009192
Iteration: 879 bestvalit: 103.830000 bestmemit:    0.347827    0.003044    0.041661    0.093513    0.353992    0.074824    0.345531    0.463489    0.037603    0.211947    0.233669    0.462118    0.701877    0.048005    0.000661    0.005036    8.836103    4.672162    1.494176    1.972019    1.696647    1.986581    0.961978    1.179593    2.009192
Iteration: 880 bestvalit: 103.830000 bestmemit:    0.347827    0.003044    0.041661    0.093513    0.353992    0.074824    0.345531    0.463489    0.037603    0.211947    0.233669    0.462118    0.701877    0.048005    0.000661    0.005036    8.836103    4.672162    1.494176    1.972019    1.696647    1.986581    0.961978    1.179593    2.009192
Iteration: 881 bestvalit: 103.830000 bestmemit:    0.347827    0.003044    0.041661    0.093513    0.353992    0.074824    0.345531    0.463489    0.037603    0.211947    0.233669    0.462118    0.701877    0.048005    0.000661    0.005036    8.836103    4.672162    1.494176    1.972019    1.696647    1.986581    0.961978    1.179593    2.009192
Iteration: 882 bestvalit: 103.830000 bestmemit:    0.347827    0.003044    0.041661    0.093513    0.353992    0.074824    0.345531    0.463489    0.037603    0.211947    0.233669    0.462118    0.701877    0.048005    0.000661    0.005036    8.836103    4.672162    1.494176    1.972019    1.696647    1.986581    0.961978    1.179593    2.009192
Iteration: 883 bestvalit: 103.830000 bestmemit:    0.347827    0.003044    0.041661    0.093513    0.353992    0.074824    0.345531    0.463489    0.037603    0.211947    0.233669    0.462118    0.701877    0.048005    0.000661    0.005036    8.836103    4.672162    1.494176    1.972019    1.696647    1.986581    0.961978    1.179593    2.009192
Iteration: 884 bestvalit: 103.830000 bestmemit:    0.347827    0.003044    0.041661    0.093513    0.353992    0.074824    0.345531    0.463489    0.037603    0.211947    0.233669    0.462118    0.701877    0.048005    0.000661    0.005036    8.836103    4.672162    1.494176    1.972019    1.696647    1.986581    0.961978    1.179593    2.009192
Iteration: 885 bestvalit: 103.830000 bestmemit:    0.347827    0.003044    0.041661    0.093513    0.353992    0.074824    0.345531    0.463489    0.037603    0.211947    0.233669    0.462118    0.701877    0.048005    0.000661    0.005036    8.836103    4.672162    1.494176    1.972019    1.696647    1.986581    0.961978    1.179593    2.009192
Iteration: 886 bestvalit: 103.830000 bestmemit:    0.347827    0.003044    0.041661    0.093513    0.353992    0.074824    0.345531    0.463489    0.037603    0.211947    0.233669    0.462118    0.701877    0.048005    0.000661    0.005036    8.836103    4.672162    1.494176    1.972019    1.696647    1.986581    0.961978    1.179593    2.009192
Iteration: 887 bestvalit: 103.830000 bestmemit:    0.347827    0.003044    0.041661    0.093513    0.353992    0.074824    0.345531    0.463489    0.037603    0.211947    0.233669    0.462118    0.701877    0.048005    0.000661    0.005036    8.836103    4.672162    1.494176    1.972019    1.696647    1.986581    0.961978    1.179593    2.009192
Iteration: 888 bestvalit: 103.830000 bestmemit:    0.347827    0.003044    0.041661    0.093513    0.353992    0.074824    0.345531    0.463489    0.037603    0.211947    0.233669    0.462118    0.701877    0.048005    0.000661    0.005036    8.836103    4.672162    1.494176    1.972019    1.696647    1.986581    0.961978    1.179593    2.009192
Iteration: 889 bestvalit: 103.830000 bestmemit:    0.347827    0.003044    0.041661    0.093513    0.353992    0.074824    0.345531    0.463489    0.037603    0.211947    0.233669    0.462118    0.701877    0.048005    0.000661    0.005036    8.836103    4.672162    1.494176    1.972019    1.696647    1.986581    0.961978    1.179593    2.009192
Iteration: 890 bestvalit: 103.830000 bestmemit:    0.347827    0.003044    0.041661    0.093513    0.353992    0.074824    0.345531    0.463489    0.037603    0.211947    0.233669    0.462118    0.701877    0.048005    0.000661    0.005036    8.836103    4.672162    1.494176    1.972019    1.696647    1.986581    0.961978    1.179593    2.009192
Iteration: 891 bestvalit: 103.830000 bestmemit:    0.347827    0.003044    0.041661    0.093513    0.353992    0.074824    0.345531    0.463489    0.037603    0.211947    0.233669    0.462118    0.701877    0.048005    0.000661    0.005036    8.836103    4.672162    1.494176    1.972019    1.696647    1.986581    0.961978    1.179593    2.009192
Iteration: 892 bestvalit: 103.830000 bestmemit:    0.347827    0.003044    0.041661    0.093513    0.353992    0.074824    0.345531    0.463489    0.037603    0.211947    0.233669    0.462118    0.701877    0.048005    0.000661    0.005036    8.836103    4.672162    1.494176    1.972019    1.696647    1.986581    0.961978    1.179593    2.009192
Iteration: 893 bestvalit: 103.830000 bestmemit:    0.347827    0.003044    0.041661    0.093513    0.353992    0.074824    0.345531    0.463489    0.037603    0.211947    0.233669    0.462118    0.701877    0.048005    0.000661    0.005036    8.836103    4.672162    1.494176    1.972019    1.696647    1.986581    0.961978    1.179593    2.009192
Iteration: 894 bestvalit: 103.830000 bestmemit:    0.347827    0.003044    0.041661    0.093513    0.353992    0.074824    0.345531    0.463489    0.037603    0.211947    0.233669    0.462118    0.701877    0.048005    0.000661    0.005036    8.836103    4.672162    1.494176    1.972019    1.696647    1.986581    0.961978    1.179593    2.009192
Iteration: 895 bestvalit: 103.830000 bestmemit:    0.347827    0.003044    0.041661    0.093513    0.353992    0.074824    0.345531    0.463489    0.037603    0.211947    0.233669    0.462118    0.701877    0.048005    0.000661    0.005036    8.836103    4.672162    1.494176    1.972019    1.696647    1.986581    0.961978    1.179593    2.009192
Iteration: 896 bestvalit: 103.830000 bestmemit:    0.347827    0.003044    0.041661    0.093513    0.353992    0.074824    0.345531    0.463489    0.037603    0.211947    0.233669    0.462118    0.701877    0.048005    0.000661    0.005036    8.836103    4.672162    1.494176    1.972019    1.696647    1.986581    0.961978    1.179593    2.009192
Iteration: 897 bestvalit: 103.830000 bestmemit:    0.347827    0.003044    0.041661    0.093513    0.353992    0.074824    0.345531    0.463489    0.037603    0.211947    0.233669    0.462118    0.701877    0.048005    0.000661    0.005036    8.836103    4.672162    1.494176    1.972019    1.696647    1.986581    0.961978    1.179593    2.009192
Iteration: 898 bestvalit: 103.830000 bestmemit:    0.347827    0.003044    0.041661    0.093513    0.353992    0.074824    0.345531    0.463489    0.037603    0.211947    0.233669    0.462118    0.701877    0.048005    0.000661    0.005036    8.836103    4.672162    1.494176    1.972019    1.696647    1.986581    0.961978    1.179593    2.009192
Iteration: 899 bestvalit: 103.830000 bestmemit:    0.347827    0.003044    0.041661    0.093513    0.353992    0.074824    0.345531    0.463489    0.037603    0.211947    0.233669    0.462118    0.701877    0.048005    0.000661    0.005036    8.836103    4.672162    1.494176    1.972019    1.696647    1.986581    0.961978    1.179593    2.009192
Iteration: 900 bestvalit: 103.830000 bestmemit:    0.347827    0.003044    0.041661    0.093513    0.353992    0.074824    0.345531    0.463489    0.037603    0.211947    0.233669    0.462118    0.701877    0.048005    0.000661    0.005036    8.836103    4.672162    1.494176    1.972019    1.696647    1.986581    0.961978    1.179593    2.009192
Iteration: 901 bestvalit: 103.830000 bestmemit:    0.347827    0.003044    0.041661    0.093513    0.353992    0.074824    0.345531    0.463489    0.037603    0.211947    0.233669    0.462118    0.701877    0.048005    0.000661    0.005036    8.836103    4.672162    1.494176    1.972019    1.696647    1.986581    0.961978    1.179593    2.009192
Iteration: 902 bestvalit: 103.830000 bestmemit:    0.347827    0.003044    0.041661    0.093513    0.353992    0.074824    0.345531    0.463489    0.037603    0.211947    0.233669    0.462118    0.701877    0.048005    0.000661    0.005036    8.836103    4.672162    1.494176    1.972019    1.696647    1.986581    0.961978    1.179593    2.009192
Iteration: 903 bestvalit: 103.830000 bestmemit:    0.347827    0.003044    0.041661    0.093513    0.353992    0.074824    0.345531    0.463489    0.037603    0.211947    0.233669    0.462118    0.701877    0.048005    0.000661    0.005036    8.836103    4.672162    1.494176    1.972019    1.696647    1.986581    0.961978    1.179593    2.009192
Iteration: 904 bestvalit: 103.830000 bestmemit:    0.347827    0.003044    0.041661    0.093513    0.353992    0.074824    0.345531    0.463489    0.037603    0.211947    0.233669    0.462118    0.701877    0.048005    0.000661    0.005036    8.836103    4.672162    1.494176    1.972019    1.696647    1.986581    0.961978    1.179593    2.009192
Iteration: 905 bestvalit: 103.830000 bestmemit:    0.347827    0.003044    0.041661    0.093513    0.353992    0.074824    0.345531    0.463489    0.037603    0.211947    0.233669    0.462118    0.701877    0.048005    0.000661    0.005036    8.836103    4.672162    1.494176    1.972019    1.696647    1.986581    0.961978    1.179593    2.009192
Iteration: 906 bestvalit: 103.830000 bestmemit:    0.347827    0.003044    0.041661    0.093513    0.353992    0.074824    0.345531    0.463489    0.037603    0.211947    0.233669    0.462118    0.701877    0.048005    0.000661    0.005036    8.836103    4.672162    1.494176    1.972019    1.696647    1.986581    0.961978    1.179593    2.009192
Iteration: 907 bestvalit: 103.830000 bestmemit:    0.347827    0.003044    0.041661    0.093513    0.353992    0.074824    0.345531    0.463489    0.037603    0.211947    0.233669    0.462118    0.701877    0.048005    0.000661    0.005036    8.836103    4.672162    1.494176    1.972019    1.696647    1.986581    0.961978    1.179593    2.009192
Iteration: 908 bestvalit: 103.830000 bestmemit:    0.347827    0.003044    0.041661    0.093513    0.353992    0.074824    0.345531    0.463489    0.037603    0.211947    0.233669    0.462118    0.701877    0.048005    0.000661    0.005036    8.836103    4.672162    1.494176    1.972019    1.696647    1.986581    0.961978    1.179593    2.009192
Iteration: 909 bestvalit: 103.830000 bestmemit:    0.347827    0.003044    0.041661    0.093513    0.353992    0.074824    0.345531    0.463489    0.037603    0.211947    0.233669    0.462118    0.701877    0.048005    0.000661    0.005036    8.836103    4.672162    1.494176    1.972019    1.696647    1.986581    0.961978    1.179593    2.009192
Iteration: 910 bestvalit: 103.830000 bestmemit:    0.347827    0.003044    0.041661    0.093513    0.353992    0.074824    0.345531    0.463489    0.037603    0.211947    0.233669    0.462118    0.701877    0.048005    0.000661    0.005036    8.836103    4.672162    1.494176    1.972019    1.696647    1.986581    0.961978    1.179593    2.009192
Iteration: 911 bestvalit: 103.830000 bestmemit:    0.347827    0.003044    0.041661    0.093513    0.353992    0.074824    0.345531    0.463489    0.037603    0.211947    0.233669    0.462118    0.701877    0.048005    0.000661    0.005036    8.836103    4.672162    1.494176    1.972019    1.696647    1.986581    0.961978    1.179593    2.009192
Iteration: 912 bestvalit: 103.830000 bestmemit:    0.347827    0.003044    0.041661    0.093513    0.353992    0.074824    0.345531    0.463489    0.037603    0.211947    0.233669    0.462118    0.701877    0.048005    0.000661    0.005036    8.836103    4.672162    1.494176    1.972019    1.696647    1.986581    0.961978    1.179593    2.009192
Iteration: 913 bestvalit: 103.830000 bestmemit:    0.347827    0.003044    0.041661    0.093513    0.353992    0.074824    0.345531    0.463489    0.037603    0.211947    0.233669    0.462118    0.701877    0.048005    0.000661    0.005036    8.836103    4.672162    1.494176    1.972019    1.696647    1.986581    0.961978    1.179593    2.009192
Iteration: 914 bestvalit: 103.830000 bestmemit:    0.347827    0.003044    0.041661    0.093513    0.353992    0.074824    0.345531    0.463489    0.037603    0.211947    0.233669    0.462118    0.701877    0.048005    0.000661    0.005036    8.836103    4.672162    1.494176    1.972019    1.696647    1.986581    0.961978    1.179593    2.009192
Iteration: 915 bestvalit: 103.830000 bestmemit:    0.347827    0.003044    0.041661    0.093513    0.353992    0.074824    0.345531    0.463489    0.037603    0.211947    0.233669    0.462118    0.701877    0.048005    0.000661    0.005036    8.836103    4.672162    1.494176    1.972019    1.696647    1.986581    0.961978    1.179593    2.009192
Iteration: 916 bestvalit: 103.830000 bestmemit:    0.347827    0.003044    0.041661    0.093513    0.353992    0.074824    0.345531    0.463489    0.037603    0.211947    0.233669    0.462118    0.701877    0.048005    0.000661    0.005036    8.836103    4.672162    1.494176    1.972019    1.696647    1.986581    0.961978    1.179593    2.009192
Iteration: 917 bestvalit: 103.830000 bestmemit:    0.347827    0.003044    0.041661    0.093513    0.353992    0.074824    0.345531    0.463489    0.037603    0.211947    0.233669    0.462118    0.701877    0.048005    0.000661    0.005036    8.836103    4.672162    1.494176    1.972019    1.696647    1.986581    0.961978    1.179593    2.009192
Iteration: 918 bestvalit: 103.830000 bestmemit:    0.347827    0.003044    0.041661    0.093513    0.353992    0.074824    0.345531    0.463489    0.037603    0.211947    0.233669    0.462118    0.701877    0.048005    0.000661    0.005036    8.836103    4.672162    1.494176    1.972019    1.696647    1.986581    0.961978    1.179593    2.009192
Iteration: 919 bestvalit: 103.830000 bestmemit:    0.347827    0.003044    0.041661    0.093513    0.353992    0.074824    0.345531    0.463489    0.037603    0.211947    0.233669    0.462118    0.701877    0.048005    0.000661    0.005036    8.836103    4.672162    1.494176    1.972019    1.696647    1.986581    0.961978    1.179593    2.009192
Iteration: 920 bestvalit: 103.830000 bestmemit:    0.347827    0.003044    0.041661    0.093513    0.353992    0.074824    0.345531    0.463489    0.037603    0.211947    0.233669    0.462118    0.701877    0.048005    0.000661    0.005036    8.836103    4.672162    1.494176    1.972019    1.696647    1.986581    0.961978    1.179593    2.009192
Iteration: 921 bestvalit: 103.830000 bestmemit:    0.347827    0.003044    0.041661    0.093513    0.353992    0.074824    0.345531    0.463489    0.037603    0.211947    0.233669    0.462118    0.701877    0.048005    0.000661    0.005036    8.836103    4.672162    1.494176    1.972019    1.696647    1.986581    0.961978    1.179593    2.009192
Iteration: 922 bestvalit: 103.830000 bestmemit:    0.347827    0.003044    0.041661    0.093513    0.353992    0.074824    0.345531    0.463489    0.037603    0.211947    0.233669    0.462118    0.701877    0.048005    0.000661    0.005036    8.836103    4.672162    1.494176    1.972019    1.696647    1.986581    0.961978    1.179593    2.009192
Iteration: 923 bestvalit: 103.830000 bestmemit:    0.347827    0.003044    0.041661    0.093513    0.353992    0.074824    0.345531    0.463489    0.037603    0.211947    0.233669    0.462118    0.701877    0.048005    0.000661    0.005036    8.836103    4.672162    1.494176    1.972019    1.696647    1.986581    0.961978    1.179593    2.009192
Iteration: 924 bestvalit: 103.830000 bestmemit:    0.347827    0.003044    0.041661    0.093513    0.353992    0.074824    0.345531    0.463489    0.037603    0.211947    0.233669    0.462118    0.701877    0.048005    0.000661    0.005036    8.836103    4.672162    1.494176    1.972019    1.696647    1.986581    0.961978    1.179593    2.009192
Iteration: 925 bestvalit: 103.830000 bestmemit:    0.347827    0.003044    0.041661    0.093513    0.353992    0.074824    0.345531    0.463489    0.037603    0.211947    0.233669    0.462118    0.701877    0.048005    0.000661    0.005036    8.836103    4.672162    1.494176    1.972019    1.696647    1.986581    0.961978    1.179593    2.009192
Iteration: 926 bestvalit: 103.830000 bestmemit:    0.347827    0.003044    0.041661    0.093513    0.353992    0.074824    0.345531    0.463489    0.037603    0.211947    0.233669    0.462118    0.701877    0.048005    0.000661    0.005036    8.836103    4.672162    1.494176    1.972019    1.696647    1.986581    0.961978    1.179593    2.009192
Iteration: 927 bestvalit: 103.830000 bestmemit:    0.347827    0.003044    0.041661    0.093513    0.353992    0.074824    0.345531    0.463489    0.037603    0.211947    0.233669    0.462118    0.701877    0.048005    0.000661    0.005036    8.836103    4.672162    1.494176    1.972019    1.696647    1.986581    0.961978    1.179593    2.009192
Iteration: 928 bestvalit: 103.830000 bestmemit:    0.347827    0.003044    0.041661    0.093513    0.353992    0.074824    0.345531    0.463489    0.037603    0.211947    0.233669    0.462118    0.701877    0.048005    0.000661    0.005036    8.836103    4.672162    1.494176    1.972019    1.696647    1.986581    0.961978    1.179593    2.009192
Iteration: 929 bestvalit: 103.830000 bestmemit:    0.347827    0.003044    0.041661    0.093513    0.353992    0.074824    0.345531    0.463489    0.037603    0.211947    0.233669    0.462118    0.701877    0.048005    0.000661    0.005036    8.836103    4.672162    1.494176    1.972019    1.696647    1.986581    0.961978    1.179593    2.009192
Iteration: 930 bestvalit: 103.830000 bestmemit:    0.347827    0.003044    0.041661    0.093513    0.353992    0.074824    0.345531    0.463489    0.037603    0.211947    0.233669    0.462118    0.701877    0.048005    0.000661    0.005036    8.836103    4.672162    1.494176    1.972019    1.696647    1.986581    0.961978    1.179593    2.009192
Iteration: 931 bestvalit: 103.830000 bestmemit:    0.347827    0.003044    0.041661    0.093513    0.353992    0.074824    0.345531    0.463489    0.037603    0.211947    0.233669    0.462118    0.701877    0.048005    0.000661    0.005036    8.836103    4.672162    1.494176    1.972019    1.696647    1.986581    0.961978    1.179593    2.009192
Iteration: 932 bestvalit: 103.830000 bestmemit:    0.347827    0.003044    0.041661    0.093513    0.353992    0.074824    0.345531    0.463489    0.037603    0.211947    0.233669    0.462118    0.701877    0.048005    0.000661    0.005036    8.836103    4.672162    1.494176    1.972019    1.696647    1.986581    0.961978    1.179593    2.009192
Iteration: 933 bestvalit: 103.830000 bestmemit:    0.347827    0.003044    0.041661    0.093513    0.353992    0.074824    0.345531    0.463489    0.037603    0.211947    0.233669    0.462118    0.701877    0.048005    0.000661    0.005036    8.836103    4.672162    1.494176    1.972019    1.696647    1.986581    0.961978    1.179593    2.009192
Iteration: 934 bestvalit: 103.830000 bestmemit:    0.347827    0.003044    0.041661    0.093513    0.353992    0.074824    0.345531    0.463489    0.037603    0.211947    0.233669    0.462118    0.701877    0.048005    0.000661    0.005036    8.836103    4.672162    1.494176    1.972019    1.696647    1.986581    0.961978    1.179593    2.009192
Iteration: 935 bestvalit: 103.830000 bestmemit:    0.347827    0.003044    0.041661    0.093513    0.353992    0.074824    0.345531    0.463489    0.037603    0.211947    0.233669    0.462118    0.701877    0.048005    0.000661    0.005036    8.836103    4.672162    1.494176    1.972019    1.696647    1.986581    0.961978    1.179593    2.009192
Iteration: 936 bestvalit: 103.830000 bestmemit:    0.347827    0.003044    0.041661    0.093513    0.353992    0.074824    0.345531    0.463489    0.037603    0.211947    0.233669    0.462118    0.701877    0.048005    0.000661    0.005036    8.836103    4.672162    1.494176    1.972019    1.696647    1.986581    0.961978    1.179593    2.009192
Iteration: 937 bestvalit: 103.830000 bestmemit:    0.347827    0.003044    0.041661    0.093513    0.353992    0.074824    0.345531    0.463489    0.037603    0.211947    0.233669    0.462118    0.701877    0.048005    0.000661    0.005036    8.836103    4.672162    1.494176    1.972019    1.696647    1.986581    0.961978    1.179593    2.009192
Iteration: 938 bestvalit: 103.830000 bestmemit:    0.347827    0.003044    0.041661    0.093513    0.353992    0.074824    0.345531    0.463489    0.037603    0.211947    0.233669    0.462118    0.701877    0.048005    0.000661    0.005036    8.836103    4.672162    1.494176    1.972019    1.696647    1.986581    0.961978    1.179593    2.009192
Iteration: 939 bestvalit: 103.830000 bestmemit:    0.347827    0.003044    0.041661    0.093513    0.353992    0.074824    0.345531    0.463489    0.037603    0.211947    0.233669    0.462118    0.701877    0.048005    0.000661    0.005036    8.836103    4.672162    1.494176    1.972019    1.696647    1.986581    0.961978    1.179593    2.009192
Iteration: 940 bestvalit: 103.830000 bestmemit:    0.347827    0.003044    0.041661    0.093513    0.353992    0.074824    0.345531    0.463489    0.037603    0.211947    0.233669    0.462118    0.701877    0.048005    0.000661    0.005036    8.836103    4.672162    1.494176    1.972019    1.696647    1.986581    0.961978    1.179593    2.009192
Iteration: 941 bestvalit: 103.830000 bestmemit:    0.347827    0.003044    0.041661    0.093513    0.353992    0.074824    0.345531    0.463489    0.037603    0.211947    0.233669    0.462118    0.701877    0.048005    0.000661    0.005036    8.836103    4.672162    1.494176    1.972019    1.696647    1.986581    0.961978    1.179593    2.009192
Iteration: 942 bestvalit: 103.830000 bestmemit:    0.347827    0.003044    0.041661    0.093513    0.353992    0.074824    0.345531    0.463489    0.037603    0.211947    0.233669    0.462118    0.701877    0.048005    0.000661    0.005036    8.836103    4.672162    1.494176    1.972019    1.696647    1.986581    0.961978    1.179593    2.009192
Iteration: 943 bestvalit: 103.830000 bestmemit:    0.347827    0.003044    0.041661    0.093513    0.353992    0.074824    0.345531    0.463489    0.037603    0.211947    0.233669    0.462118    0.701877    0.048005    0.000661    0.005036    8.836103    4.672162    1.494176    1.972019    1.696647    1.986581    0.961978    1.179593    2.009192
Iteration: 944 bestvalit: 103.830000 bestmemit:    0.347827    0.003044    0.041661    0.093513    0.353992    0.074824    0.345531    0.463489    0.037603    0.211947    0.233669    0.462118    0.701877    0.048005    0.000661    0.005036    8.836103    4.672162    1.494176    1.972019    1.696647    1.986581    0.961978    1.179593    2.009192
Iteration: 945 bestvalit: 103.830000 bestmemit:    0.347827    0.003044    0.041661    0.093513    0.353992    0.074824    0.345531    0.463489    0.037603    0.211947    0.233669    0.462118    0.701877    0.048005    0.000661    0.005036    8.836103    4.672162    1.494176    1.972019    1.696647    1.986581    0.961978    1.179593    2.009192
Iteration: 946 bestvalit: 103.830000 bestmemit:    0.347827    0.003044    0.041661    0.093513    0.353992    0.074824    0.345531    0.463489    0.037603    0.211947    0.233669    0.462118    0.701877    0.048005    0.000661    0.005036    8.836103    4.672162    1.494176    1.972019    1.696647    1.986581    0.961978    1.179593    2.009192
Iteration: 947 bestvalit: 103.830000 bestmemit:    0.347827    0.003044    0.041661    0.093513    0.353992    0.074824    0.345531    0.463489    0.037603    0.211947    0.233669    0.462118    0.701877    0.048005    0.000661    0.005036    8.836103    4.672162    1.494176    1.972019    1.696647    1.986581    0.961978    1.179593    2.009192
Iteration: 948 bestvalit: 103.830000 bestmemit:    0.347827    0.003044    0.041661    0.093513    0.353992    0.074824    0.345531    0.463489    0.037603    0.211947    0.233669    0.462118    0.701877    0.048005    0.000661    0.005036    8.836103    4.672162    1.494176    1.972019    1.696647    1.986581    0.961978    1.179593    2.009192
Iteration: 949 bestvalit: 103.830000 bestmemit:    0.347827    0.003044    0.041661    0.093513    0.353992    0.074824    0.345531    0.463489    0.037603    0.211947    0.233669    0.462118    0.701877    0.048005    0.000661    0.005036    8.836103    4.672162    1.494176    1.972019    1.696647    1.986581    0.961978    1.179593    2.009192
Iteration: 950 bestvalit: 103.830000 bestmemit:    0.347827    0.003044    0.041661    0.093513    0.353992    0.074824    0.345531    0.463489    0.037603    0.211947    0.233669    0.462118    0.701877    0.048005    0.000661    0.005036    8.836103    4.672162    1.494176    1.972019    1.696647    1.986581    0.961978    1.179593    2.009192
Iteration: 951 bestvalit: 103.830000 bestmemit:    0.347827    0.003044    0.041661    0.093513    0.353992    0.074824    0.345531    0.463489    0.037603    0.211947    0.233669    0.462118    0.701877    0.048005    0.000661    0.005036    8.836103    4.672162    1.494176    1.972019    1.696647    1.986581    0.961978    1.179593    2.009192
Iteration: 952 bestvalit: 103.830000 bestmemit:    0.347827    0.003044    0.041661    0.093513    0.353992    0.074824    0.345531    0.463489    0.037603    0.211947    0.233669    0.462118    0.701877    0.048005    0.000661    0.005036    8.836103    4.672162    1.494176    1.972019    1.696647    1.986581    0.961978    1.179593    2.009192
Iteration: 953 bestvalit: 103.830000 bestmemit:    0.347827    0.003044    0.041661    0.093513    0.353992    0.074824    0.345531    0.463489    0.037603    0.211947    0.233669    0.462118    0.701877    0.048005    0.000661    0.005036    8.836103    4.672162    1.494176    1.972019    1.696647    1.986581    0.961978    1.179593    2.009192
Iteration: 954 bestvalit: 103.830000 bestmemit:    0.347827    0.003044    0.041661    0.093513    0.353992    0.074824    0.345531    0.463489    0.037603    0.211947    0.233669    0.462118    0.701877    0.048005    0.000661    0.005036    8.836103    4.672162    1.494176    1.972019    1.696647    1.986581    0.961978    1.179593    2.009192
Iteration: 955 bestvalit: 103.830000 bestmemit:    0.347827    0.003044    0.041661    0.093513    0.353992    0.074824    0.345531    0.463489    0.037603    0.211947    0.233669    0.462118    0.701877    0.048005    0.000661    0.005036    8.836103    4.672162    1.494176    1.972019    1.696647    1.986581    0.961978    1.179593    2.009192
Iteration: 956 bestvalit: 103.830000 bestmemit:    0.347827    0.003044    0.041661    0.093513    0.353992    0.074824    0.345531    0.463489    0.037603    0.211947    0.233669    0.462118    0.701877    0.048005    0.000661    0.005036    8.836103    4.672162    1.494176    1.972019    1.696647    1.986581    0.961978    1.179593    2.009192
Iteration: 957 bestvalit: 103.830000 bestmemit:    0.347827    0.003044    0.041661    0.093513    0.353992    0.074824    0.345531    0.463489    0.037603    0.211947    0.233669    0.462118    0.701877    0.048005    0.000661    0.005036    8.836103    4.672162    1.494176    1.972019    1.696647    1.986581    0.961978    1.179593    2.009192
Iteration: 958 bestvalit: 103.830000 bestmemit:    0.347827    0.003044    0.041661    0.093513    0.353992    0.074824    0.345531    0.463489    0.037603    0.211947    0.233669    0.462118    0.701877    0.048005    0.000661    0.005036    8.836103    4.672162    1.494176    1.972019    1.696647    1.986581    0.961978    1.179593    2.009192
Iteration: 959 bestvalit: 103.830000 bestmemit:    0.347827    0.003044    0.041661    0.093513    0.353992    0.074824    0.345531    0.463489    0.037603    0.211947    0.233669    0.462118    0.701877    0.048005    0.000661    0.005036    8.836103    4.672162    1.494176    1.972019    1.696647    1.986581    0.961978    1.179593    2.009192
Iteration: 960 bestvalit: 103.830000 bestmemit:    0.347827    0.003044    0.041661    0.093513    0.353992    0.074824    0.345531    0.463489    0.037603    0.211947    0.233669    0.462118    0.701877    0.048005    0.000661    0.005036    8.836103    4.672162    1.494176    1.972019    1.696647    1.986581    0.961978    1.179593    2.009192
Iteration: 961 bestvalit: 103.830000 bestmemit:    0.347827    0.003044    0.041661    0.093513    0.353992    0.074824    0.345531    0.463489    0.037603    0.211947    0.233669    0.462118    0.701877    0.048005    0.000661    0.005036    8.836103    4.672162    1.494176    1.972019    1.696647    1.986581    0.961978    1.179593    2.009192
Iteration: 962 bestvalit: 103.830000 bestmemit:    0.347827    0.003044    0.041661    0.093513    0.353992    0.074824    0.345531    0.463489    0.037603    0.211947    0.233669    0.462118    0.701877    0.048005    0.000661    0.005036    8.836103    4.672162    1.494176    1.972019    1.696647    1.986581    0.961978    1.179593    2.009192
Iteration: 963 bestvalit: 103.830000 bestmemit:    0.347827    0.003044    0.041661    0.093513    0.353992    0.074824    0.345531    0.463489    0.037603    0.211947    0.233669    0.462118    0.701877    0.048005    0.000661    0.005036    8.836103    4.672162    1.494176    1.972019    1.696647    1.986581    0.961978    1.179593    2.009192
Iteration: 964 bestvalit: 103.830000 bestmemit:    0.347827    0.003044    0.041661    0.093513    0.353992    0.074824    0.345531    0.463489    0.037603    0.211947    0.233669    0.462118    0.701877    0.048005    0.000661    0.005036    8.836103    4.672162    1.494176    1.972019    1.696647    1.986581    0.961978    1.179593    2.009192
Iteration: 965 bestvalit: 103.830000 bestmemit:    0.347827    0.003044    0.041661    0.093513    0.353992    0.074824    0.345531    0.463489    0.037603    0.211947    0.233669    0.462118    0.701877    0.048005    0.000661    0.005036    8.836103    4.672162    1.494176    1.972019    1.696647    1.986581    0.961978    1.179593    2.009192
Iteration: 966 bestvalit: 103.830000 bestmemit:    0.347827    0.003044    0.041661    0.093513    0.353992    0.074824    0.345531    0.463489    0.037603    0.211947    0.233669    0.462118    0.701877    0.048005    0.000661    0.005036    8.836103    4.672162    1.494176    1.972019    1.696647    1.986581    0.961978    1.179593    2.009192
Iteration: 967 bestvalit: 103.830000 bestmemit:    0.347827    0.003044    0.041661    0.093513    0.353992    0.074824    0.345531    0.463489    0.037603    0.211947    0.233669    0.462118    0.701877    0.048005    0.000661    0.005036    8.836103    4.672162    1.494176    1.972019    1.696647    1.986581    0.961978    1.179593    2.009192
Iteration: 968 bestvalit: 103.830000 bestmemit:    0.347827    0.003044    0.041661    0.093513    0.353992    0.074824    0.345531    0.463489    0.037603    0.211947    0.233669    0.462118    0.701877    0.048005    0.000661    0.005036    8.836103    4.672162    1.494176    1.972019    1.696647    1.986581    0.961978    1.179593    2.009192
Iteration: 969 bestvalit: 103.830000 bestmemit:    0.347827    0.003044    0.041661    0.093513    0.353992    0.074824    0.345531    0.463489    0.037603    0.211947    0.233669    0.462118    0.701877    0.048005    0.000661    0.005036    8.836103    4.672162    1.494176    1.972019    1.696647    1.986581    0.961978    1.179593    2.009192
Iteration: 970 bestvalit: 103.830000 bestmemit:    0.347827    0.003044    0.041661    0.093513    0.353992    0.074824    0.345531    0.463489    0.037603    0.211947    0.233669    0.462118    0.701877    0.048005    0.000661    0.005036    8.836103    4.672162    1.494176    1.972019    1.696647    1.986581    0.961978    1.179593    2.009192
Iteration: 971 bestvalit: 103.830000 bestmemit:    0.347827    0.003044    0.041661    0.093513    0.353992    0.074824    0.345531    0.463489    0.037603    0.211947    0.233669    0.462118    0.701877    0.048005    0.000661    0.005036    8.836103    4.672162    1.494176    1.972019    1.696647    1.986581    0.961978    1.179593    2.009192
Iteration: 972 bestvalit: 103.830000 bestmemit:    0.347827    0.003044    0.041661    0.093513    0.353992    0.074824    0.345531    0.463489    0.037603    0.211947    0.233669    0.462118    0.701877    0.048005    0.000661    0.005036    8.836103    4.672162    1.494176    1.972019    1.696647    1.986581    0.961978    1.179593    2.009192
Iteration: 973 bestvalit: 103.830000 bestmemit:    0.347827    0.003044    0.041661    0.093513    0.353992    0.074824    0.345531    0.463489    0.037603    0.211947    0.233669    0.462118    0.701877    0.048005    0.000661    0.005036    8.836103    4.672162    1.494176    1.972019    1.696647    1.986581    0.961978    1.179593    2.009192
Iteration: 974 bestvalit: 103.830000 bestmemit:    0.347827    0.003044    0.041661    0.093513    0.353992    0.074824    0.345531    0.463489    0.037603    0.211947    0.233669    0.462118    0.701877    0.048005    0.000661    0.005036    8.836103    4.672162    1.494176    1.972019    1.696647    1.986581    0.961978    1.179593    2.009192
Iteration: 975 bestvalit: 103.830000 bestmemit:    0.347827    0.003044    0.041661    0.093513    0.353992    0.074824    0.345531    0.463489    0.037603    0.211947    0.233669    0.462118    0.701877    0.048005    0.000661    0.005036    8.836103    4.672162    1.494176    1.972019    1.696647    1.986581    0.961978    1.179593    2.009192
Iteration: 976 bestvalit: 103.830000 bestmemit:    0.347827    0.003044    0.041661    0.093513    0.353992    0.074824    0.345531    0.463489    0.037603    0.211947    0.233669    0.462118    0.701877    0.048005    0.000661    0.005036    8.836103    4.672162    1.494176    1.972019    1.696647    1.986581    0.961978    1.179593    2.009192
Iteration: 977 bestvalit: 103.830000 bestmemit:    0.347827    0.003044    0.041661    0.093513    0.353992    0.074824    0.345531    0.463489    0.037603    0.211947    0.233669    0.462118    0.701877    0.048005    0.000661    0.005036    8.836103    4.672162    1.494176    1.972019    1.696647    1.986581    0.961978    1.179593    2.009192
Iteration: 978 bestvalit: 103.830000 bestmemit:    0.347827    0.003044    0.041661    0.093513    0.353992    0.074824    0.345531    0.463489    0.037603    0.211947    0.233669    0.462118    0.701877    0.048005    0.000661    0.005036    8.836103    4.672162    1.494176    1.972019    1.696647    1.986581    0.961978    1.179593    2.009192
Iteration: 979 bestvalit: 103.830000 bestmemit:    0.347827    0.003044    0.041661    0.093513    0.353992    0.074824    0.345531    0.463489    0.037603    0.211947    0.233669    0.462118    0.701877    0.048005    0.000661    0.005036    8.836103    4.672162    1.494176    1.972019    1.696647    1.986581    0.961978    1.179593    2.009192
Iteration: 980 bestvalit: 103.830000 bestmemit:    0.347827    0.003044    0.041661    0.093513    0.353992    0.074824    0.345531    0.463489    0.037603    0.211947    0.233669    0.462118    0.701877    0.048005    0.000661    0.005036    8.836103    4.672162    1.494176    1.972019    1.696647    1.986581    0.961978    1.179593    2.009192
Iteration: 981 bestvalit: 103.830000 bestmemit:    0.347827    0.003044    0.041661    0.093513    0.353992    0.074824    0.345531    0.463489    0.037603    0.211947    0.233669    0.462118    0.701877    0.048005    0.000661    0.005036    8.836103    4.672162    1.494176    1.972019    1.696647    1.986581    0.961978    1.179593    2.009192
Iteration: 982 bestvalit: 103.830000 bestmemit:    0.347827    0.003044    0.041661    0.093513    0.353992    0.074824    0.345531    0.463489    0.037603    0.211947    0.233669    0.462118    0.701877    0.048005    0.000661    0.005036    8.836103    4.672162    1.494176    1.972019    1.696647    1.986581    0.961978    1.179593    2.009192
Iteration: 983 bestvalit: 103.830000 bestmemit:    0.347827    0.003044    0.041661    0.093513    0.353992    0.074824    0.345531    0.463489    0.037603    0.211947    0.233669    0.462118    0.701877    0.048005    0.000661    0.005036    8.836103    4.672162    1.494176    1.972019    1.696647    1.986581    0.961978    1.179593    2.009192
Iteration: 984 bestvalit: 103.830000 bestmemit:    0.347827    0.003044    0.041661    0.093513    0.353992    0.074824    0.345531    0.463489    0.037603    0.211947    0.233669    0.462118    0.701877    0.048005    0.000661    0.005036    8.836103    4.672162    1.494176    1.972019    1.696647    1.986581    0.961978    1.179593    2.009192
Iteration: 985 bestvalit: 103.830000 bestmemit:    0.347827    0.003044    0.041661    0.093513    0.353992    0.074824    0.345531    0.463489    0.037603    0.211947    0.233669    0.462118    0.701877    0.048005    0.000661    0.005036    8.836103    4.672162    1.494176    1.972019    1.696647    1.986581    0.961978    1.179593    2.009192
Iteration: 986 bestvalit: 103.830000 bestmemit:    0.347827    0.003044    0.041661    0.093513    0.353992    0.074824    0.345531    0.463489    0.037603    0.211947    0.233669    0.462118    0.701877    0.048005    0.000661    0.005036    8.836103    4.672162    1.494176    1.972019    1.696647    1.986581    0.961978    1.179593    2.009192
Iteration: 987 bestvalit: 103.830000 bestmemit:    0.347827    0.003044    0.041661    0.093513    0.353992    0.074824    0.345531    0.463489    0.037603    0.211947    0.233669    0.462118    0.701877    0.048005    0.000661    0.005036    8.836103    4.672162    1.494176    1.972019    1.696647    1.986581    0.961978    1.179593    2.009192
Iteration: 988 bestvalit: 103.830000 bestmemit:    0.347827    0.003044    0.041661    0.093513    0.353992    0.074824    0.345531    0.463489    0.037603    0.211947    0.233669    0.462118    0.701877    0.048005    0.000661    0.005036    8.836103    4.672162    1.494176    1.972019    1.696647    1.986581    0.961978    1.179593    2.009192
Iteration: 989 bestvalit: 103.830000 bestmemit:    0.347827    0.003044    0.041661    0.093513    0.353992    0.074824    0.345531    0.463489    0.037603    0.211947    0.233669    0.462118    0.701877    0.048005    0.000661    0.005036    8.836103    4.672162    1.494176    1.972019    1.696647    1.986581    0.961978    1.179593    2.009192
Iteration: 990 bestvalit: 103.830000 bestmemit:    0.347827    0.003044    0.041661    0.093513    0.353992    0.074824    0.345531    0.463489    0.037603    0.211947    0.233669    0.462118    0.701877    0.048005    0.000661    0.005036    8.836103    4.672162    1.494176    1.972019    1.696647    1.986581    0.961978    1.179593    2.009192
Iteration: 991 bestvalit: 103.830000 bestmemit:    0.347827    0.003044    0.041661    0.093513    0.353992    0.074824    0.345531    0.463489    0.037603    0.211947    0.233669    0.462118    0.701877    0.048005    0.000661    0.005036    8.836103    4.672162    1.494176    1.972019    1.696647    1.986581    0.961978    1.179593    2.009192
Iteration: 992 bestvalit: 103.830000 bestmemit:    0.347827    0.003044    0.041661    0.093513    0.353992    0.074824    0.345531    0.463489    0.037603    0.211947    0.233669    0.462118    0.701877    0.048005    0.000661    0.005036    8.836103    4.672162    1.494176    1.972019    1.696647    1.986581    0.961978    1.179593    2.009192
Iteration: 993 bestvalit: 103.830000 bestmemit:    0.347827    0.003044    0.041661    0.093513    0.353992    0.074824    0.345531    0.463489    0.037603    0.211947    0.233669    0.462118    0.701877    0.048005    0.000661    0.005036    8.836103    4.672162    1.494176    1.972019    1.696647    1.986581    0.961978    1.179593    2.009192
Iteration: 994 bestvalit: 103.830000 bestmemit:    0.347827    0.003044    0.041661    0.093513    0.353992    0.074824    0.345531    0.463489    0.037603    0.211947    0.233669    0.462118    0.701877    0.048005    0.000661    0.005036    8.836103    4.672162    1.494176    1.972019    1.696647    1.986581    0.961978    1.179593    2.009192
Iteration: 995 bestvalit: 103.830000 bestmemit:    0.347827    0.003044    0.041661    0.093513    0.353992    0.074824    0.345531    0.463489    0.037603    0.211947    0.233669    0.462118    0.701877    0.048005    0.000661    0.005036    8.836103    4.672162    1.494176    1.972019    1.696647    1.986581    0.961978    1.179593    2.009192
Iteration: 996 bestvalit: 103.830000 bestmemit:    0.347827    0.003044    0.041661    0.093513    0.353992    0.074824    0.345531    0.463489    0.037603    0.211947    0.233669    0.462118    0.701877    0.048005    0.000661    0.005036    8.836103    4.672162    1.494176    1.972019    1.696647    1.986581    0.961978    1.179593    2.009192
Iteration: 997 bestvalit: 103.830000 bestmemit:    0.347827    0.003044    0.041661    0.093513    0.353992    0.074824    0.345531    0.463489    0.037603    0.211947    0.233669    0.462118    0.701877    0.048005    0.000661    0.005036    8.836103    4.672162    1.494176    1.972019    1.696647    1.986581    0.961978    1.179593    2.009192
Iteration: 998 bestvalit: 103.830000 bestmemit:    0.347827    0.003044    0.041661    0.093513    0.353992    0.074824    0.345531    0.463489    0.037603    0.211947    0.233669    0.462118    0.701877    0.048005    0.000661    0.005036    8.836103    4.672162    1.494176    1.972019    1.696647    1.986581    0.961978    1.179593    2.009192
Iteration: 999 bestvalit: 103.830000 bestmemit:    0.347827    0.003044    0.041661    0.093513    0.353992    0.074824    0.345531    0.463489    0.037603    0.211947    0.233669    0.462118    0.701877    0.048005    0.000661    0.005036    8.836103    4.672162    1.494176    1.972019    1.696647    1.986581    0.961978    1.179593    2.009192
Iteration: 1000 bestvalit: 103.830000 bestmemit:    0.347827    0.003044    0.041661    0.093513    0.353992    0.074824    0.345531    0.463489    0.037603    0.211947    0.233669    0.462118    0.701877    0.048005    0.000661    0.005036    8.836103    4.672162    1.494176    1.972019    1.696647    1.986581    0.961978    1.179593    2.009192
        par1         par2         par3         par4         par5         par6         par7         par8 
0.3478266024 0.0030441117 0.0416612225 0.0935130697 0.3539921846 0.0748237302 0.3455310685 0.4634892840 
        par9        par10        par11        par12        par13        par14        par15        par16 
0.0376027291 0.2119468028 0.2336689916 0.4621177167 0.7018766229 0.0480053963 0.0006605785 0.0050361753 
       par17        par18        par19        par20        par21        par22        par23        par24 
8.8361033067 4.6721617884 1.4941758620 1.9720194106 1.6966471855 1.9865810563 0.9619781182 1.1795928335 
       par25 
2.0091921083 
