Iteration: 1 bestvalit: 659.395000 bestmemit:    0.300855    0.040841    0.061232    0.080526    0.134607    0.420831    0.042217    0.430683    0.187469    0.533600    0.211728    0.431363    2.901375    0.028794    0.047156    0.006873    8.767401    8.078930    1.406367    1.986528    1.924514    1.972997    0.828021    0.819898    2.154864
Iteration: 2 bestvalit: 570.015000 bestmemit:    0.301425    0.047094    0.048911    0.061507    0.989287    0.451675    0.129893    0.480455    0.181086    0.273002    0.388898    0.494832    4.564086    0.026418    0.006249    0.060884    7.835143    9.034571    1.252909    1.707232    1.957055    1.787838    0.854913    0.923819    2.134104
Iteration: 3 bestvalit: 570.015000 bestmemit:    0.301425    0.047094    0.048911    0.061507    0.989287    0.451675    0.129893    0.480455    0.181086    0.273002    0.388898    0.494832    4.564086    0.026418    0.006249    0.060884    7.835143    9.034571    1.252909    1.707232    1.957055    1.787838    0.854913    0.923819    2.134104
Iteration: 4 bestvalit: 548.940000 bestmemit:    0.306089    0.042584    0.089170    0.055155    0.236409    0.477102    0.204604    0.056425    0.095929    0.488796    0.470836    0.322441    3.788853    0.028208    0.050275    0.073866    6.869996    9.732823    1.328560    1.853467    1.870788    1.593322    0.855192    0.990114    1.897466
Iteration: 5 bestvalit: 548.940000 bestmemit:    0.306089    0.042584    0.089170    0.055155    0.236409    0.477102    0.204604    0.056425    0.095929    0.488796    0.470836    0.322441    3.788853    0.028208    0.050275    0.073866    6.869996    9.732823    1.328560    1.853467    1.870788    1.593322    0.855192    0.990114    1.897466
Iteration: 6 bestvalit: 545.690000 bestmemit:    0.301425    0.047094    0.048911    0.061507    0.989287    0.451675    0.129893    0.480455    0.181086    0.273002    0.388898    0.494832    4.564086    0.026418    0.006249    0.060884    7.835143    9.034571    1.252909    1.707232    1.957055    1.787838    0.854913    0.923819    1.906243
Iteration: 7 bestvalit: 465.205000 bestmemit:    0.268700    0.023052    0.051204    0.007998    0.846034    0.498449    0.260190    0.064302    0.308564    0.219761    0.125125    0.318015    4.345625    0.058261    0.049082    0.000210    6.896231    8.875371    1.195149    1.905738    1.877464    1.552205    0.768632    1.019781    1.923829
Iteration: 8 bestvalit: 465.205000 bestmemit:    0.268700    0.023052    0.051204    0.007998    0.846034    0.498449    0.260190    0.064302    0.308564    0.219761    0.125125    0.318015    4.345625    0.058261    0.049082    0.000210    6.896231    8.875371    1.195149    1.905738    1.877464    1.552205    0.768632    1.019781    1.923829
Iteration: 9 bestvalit: 465.205000 bestmemit:    0.268700    0.023052    0.051204    0.007998    0.846034    0.498449    0.260190    0.064302    0.308564    0.219761    0.125125    0.318015    4.345625    0.058261    0.049082    0.000210    6.896231    8.875371    1.195149    1.905738    1.877464    1.552205    0.768632    1.019781    1.923829
Iteration: 10 bestvalit: 449.230000 bestmemit:    0.268700    0.023052    0.051204    0.007998    0.846034    0.498449    0.260190    0.064302    0.308564    0.219761    0.125125    0.318015    4.345625    0.058261    0.049082    0.000210    6.896231    8.875371    1.195149    1.905738    1.928467    1.693009    0.768632    1.019781    1.923829
Iteration: 11 bestvalit: 449.230000 bestmemit:    0.268700    0.023052    0.051204    0.007998    0.846034    0.498449    0.260190    0.064302    0.308564    0.219761    0.125125    0.318015    4.345625    0.058261    0.049082    0.000210    6.896231    8.875371    1.195149    1.905738    1.928467    1.693009    0.768632    1.019781    1.923829
Iteration: 12 bestvalit: 449.230000 bestmemit:    0.268700    0.023052    0.051204    0.007998    0.846034    0.498449    0.260190    0.064302    0.308564    0.219761    0.125125    0.318015    4.345625    0.058261    0.049082    0.000210    6.896231    8.875371    1.195149    1.905738    1.928467    1.693009    0.768632    1.019781    1.923829
Iteration: 13 bestvalit: 448.130000 bestmemit:    0.268700    0.023052    0.051204    0.007998    0.846034    0.498449    0.260190    0.064302    0.308564    0.219761    0.125125    0.318015    4.345625    0.058261    0.049082    0.000210    6.896231    8.875371    1.072818    1.905738    1.928467    1.693009    0.768632    1.019781    1.923829
Iteration: 14 bestvalit: 447.760000 bestmemit:    0.268700    0.023052    0.051204    0.007998    0.846034    0.498449    0.260190    0.064302    0.308564    0.219761    0.125125    0.318015    4.345625    0.058261    0.049082    0.000210    6.896231    8.875371    1.072818    1.905738    1.928467    1.693009    0.768632    1.019781    2.078905
Iteration: 15 bestvalit: 447.760000 bestmemit:    0.268700    0.023052    0.051204    0.007998    0.846034    0.498449    0.260190    0.064302    0.308564    0.219761    0.125125    0.318015    4.345625    0.058261    0.049082    0.000210    6.896231    8.875371    1.072818    1.905738    1.928467    1.693009    0.768632    1.019781    2.078905
Iteration: 16 bestvalit: 447.760000 bestmemit:    0.268700    0.023052    0.051204    0.007998    0.846034    0.498449    0.260190    0.064302    0.308564    0.219761    0.125125    0.318015    4.345625    0.058261    0.049082    0.000210    6.896231    8.875371    1.072818    1.905738    1.928467    1.693009    0.768632    1.019781    2.078905
Iteration: 17 bestvalit: 447.760000 bestmemit:    0.268700    0.023052    0.051204    0.007998    0.846034    0.498449    0.260190    0.064302    0.308564    0.219761    0.125125    0.318015    4.345625    0.058261    0.049082    0.000210    6.896231    8.875371    1.072818    1.905738    1.928467    1.693009    0.768632    1.019781    2.078905
Iteration: 18 bestvalit: 447.760000 bestmemit:    0.268700    0.023052    0.051204    0.007998    0.846034    0.498449    0.260190    0.064302    0.308564    0.219761    0.125125    0.318015    4.345625    0.058261    0.049082    0.000210    6.896231    8.875371    1.072818    1.905738    1.928467    1.693009    0.768632    1.019781    2.078905
Iteration: 19 bestvalit: 362.265000 bestmemit:    0.265539    0.070888    0.031750    0.059548    0.601844    0.496089    0.125502    0.055222    0.030293    0.383351    0.478090    0.131527    2.553654    0.078475    0.054934    0.000119    8.631109    9.878338    1.152460    1.944440    1.929012    1.650692    0.849405    1.091147    1.929764
Iteration: 20 bestvalit: 349.175000 bestmemit:    0.265539    0.070888    0.031750    0.059548    0.601844    0.496089    0.125502    0.055222    0.030293    0.383351    0.478090    0.131527    2.553654    0.078475    0.054934    0.000119    9.357438    9.878338    1.152460    1.944440    1.929012    1.650692    0.849405    1.091147    1.929764
Iteration: 21 bestvalit: 330.995000 bestmemit:    0.316015    0.014251    0.074381    0.075021    0.848473    0.286655    0.240493    0.388313    0.065717    0.617082    0.267839    0.481620    3.300980    0.041020    0.003655    0.022673    9.849870    9.388200    1.153359    1.844692    1.880359    1.637694    0.855774    1.093872    2.006765
Iteration: 22 bestvalit: 326.465000 bestmemit:    0.265539    0.070888    0.031750    0.059548    0.601844    0.496089    0.125502    0.055222    0.030293    0.383351    0.392182    0.131527    2.553654    0.078475    0.054934    0.000119    9.357438    9.878338    1.152460    1.944440    1.929012    1.650692    0.849405    1.091147    1.929764
Iteration: 23 bestvalit: 326.465000 bestmemit:    0.265539    0.070888    0.031750    0.059548    0.601844    0.496089    0.125502    0.055222    0.030293    0.383351    0.392182    0.131527    2.553654    0.078475    0.054934    0.000119    9.357438    9.878338    1.152460    1.944440    1.929012    1.650692    0.849405    1.091147    1.929764
Iteration: 24 bestvalit: 326.465000 bestmemit:    0.265539    0.070888    0.031750    0.059548    0.601844    0.496089    0.125502    0.055222    0.030293    0.383351    0.392182    0.131527    2.553654    0.078475    0.054934    0.000119    9.357438    9.878338    1.152460    1.944440    1.929012    1.650692    0.849405    1.091147    1.929764
Iteration: 25 bestvalit: 326.465000 bestmemit:    0.265539    0.070888    0.031750    0.059548    0.601844    0.496089    0.125502    0.055222    0.030293    0.383351    0.392182    0.131527    2.553654    0.078475    0.054934    0.000119    9.357438    9.878338    1.152460    1.944440    1.929012    1.650692    0.849405    1.091147    1.929764
Iteration: 26 bestvalit: 323.050000 bestmemit:    0.265539    0.070888    0.031750    0.059548    0.601844    0.496089    0.125502    0.055222    0.030293    0.383351    0.392182    0.131527    2.553654    0.078475    0.054934    0.000119    9.535793    9.878338    1.152460    1.944440    1.929012    1.650692    0.849405    1.091147    1.929764
Iteration: 27 bestvalit: 309.195000 bestmemit:    0.316015    0.014251    0.074381    0.075021    0.848473    0.286655    0.240493    0.147865    0.065717    0.617082    0.267839    0.481620    3.300980    0.041020    0.003655    0.022673    9.849870    9.388200    1.153359    1.844692    1.880359    1.637694    0.855774    1.093872    2.006765
Iteration: 28 bestvalit: 309.195000 bestmemit:    0.316015    0.014251    0.074381    0.075021    0.848473    0.286655    0.240493    0.147865    0.065717    0.617082    0.267839    0.481620    3.300980    0.041020    0.003655    0.022673    9.849870    9.388200    1.153359    1.844692    1.880359    1.637694    0.855774    1.093872    2.006765
Iteration: 29 bestvalit: 305.890000 bestmemit:    0.316015    0.014251    0.092966    0.075021    0.848473    0.286655    0.240493    0.147865    0.065717    0.617082    0.267839    0.481620    3.300980    0.041020    0.003655    0.022673    9.849870    9.388200    1.153359    1.844692    1.880359    1.637694    0.855774    1.093872    2.006765
Iteration: 30 bestvalit: 305.890000 bestmemit:    0.316015    0.014251    0.092966    0.075021    0.848473    0.286655    0.240493    0.147865    0.065717    0.617082    0.267839    0.481620    3.300980    0.041020    0.003655    0.022673    9.849870    9.388200    1.153359    1.844692    1.880359    1.637694    0.855774    1.093872    2.006765
Iteration: 31 bestvalit: 305.890000 bestmemit:    0.316015    0.014251    0.092966    0.075021    0.848473    0.286655    0.240493    0.147865    0.065717    0.617082    0.267839    0.481620    3.300980    0.041020    0.003655    0.022673    9.849870    9.388200    1.153359    1.844692    1.880359    1.637694    0.855774    1.093872    2.006765
Iteration: 32 bestvalit: 305.890000 bestmemit:    0.316015    0.014251    0.092966    0.075021    0.848473    0.286655    0.240493    0.147865    0.065717    0.617082    0.267839    0.481620    3.300980    0.041020    0.003655    0.022673    9.849870    9.388200    1.153359    1.844692    1.880359    1.637694    0.855774    1.093872    2.006765
Iteration: 33 bestvalit: 305.890000 bestmemit:    0.316015    0.014251    0.092966    0.075021    0.848473    0.286655    0.240493    0.147865    0.065717    0.617082    0.267839    0.481620    3.300980    0.041020    0.003655    0.022673    9.849870    9.388200    1.153359    1.844692    1.880359    1.637694    0.855774    1.093872    2.006765
Iteration: 34 bestvalit: 248.975000 bestmemit:    0.259039    0.026842    0.059244    0.062086    0.758297    0.464431    0.366114    0.188152    0.213951    0.161434    0.262588    0.354675    3.281587    0.024056    0.003586    0.037059    6.322479    9.946056    1.790550    1.917109    1.939674    1.845868    0.814343    1.142083    1.826610
Iteration: 35 bestvalit: 241.990000 bestmemit:    0.259039    0.026842    0.059244    0.062086    0.758297    0.464431    0.366114    0.188152    0.213951    0.161434    0.262588    0.354675    3.281587    0.024056    0.003586    0.037059    6.322479    9.946056    1.790550    1.917109    1.939674    1.845868    0.814343    1.142083    2.177645
Iteration: 36 bestvalit: 241.990000 bestmemit:    0.259039    0.026842    0.059244    0.062086    0.758297    0.464431    0.366114    0.188152    0.213951    0.161434    0.262588    0.354675    3.281587    0.024056    0.003586    0.037059    6.322479    9.946056    1.790550    1.917109    1.939674    1.845868    0.814343    1.142083    2.177645
Iteration: 37 bestvalit: 241.990000 bestmemit:    0.259039    0.026842    0.059244    0.062086    0.758297    0.464431    0.366114    0.188152    0.213951    0.161434    0.262588    0.354675    3.281587    0.024056    0.003586    0.037059    6.322479    9.946056    1.790550    1.917109    1.939674    1.845868    0.814343    1.142083    2.177645
Iteration: 38 bestvalit: 237.300000 bestmemit:    0.259039    0.026842    0.059244    0.062086    0.758297    0.464431    0.366114    0.188152    0.213951    0.161434    0.262588    0.354675    3.281587    0.024056    0.003586    0.037059    6.322479    9.946056    1.790550    1.917109    1.939674    1.839801    0.996582    1.142083    2.177645
Iteration: 39 bestvalit: 237.300000 bestmemit:    0.259039    0.026842    0.059244    0.062086    0.758297    0.464431    0.366114    0.188152    0.213951    0.161434    0.262588    0.354675    3.281587    0.024056    0.003586    0.037059    6.322479    9.946056    1.790550    1.917109    1.939674    1.839801    0.996582    1.142083    2.177645
Iteration: 40 bestvalit: 237.300000 bestmemit:    0.259039    0.026842    0.059244    0.062086    0.758297    0.464431    0.366114    0.188152    0.213951    0.161434    0.262588    0.354675    3.281587    0.024056    0.003586    0.037059    6.322479    9.946056    1.790550    1.917109    1.939674    1.839801    0.996582    1.142083    2.177645
Iteration: 41 bestvalit: 215.390000 bestmemit:    0.259039    0.026842    0.059244    0.062086    0.758297    0.464431    0.366114    0.188152    0.213951    0.161434    0.262588    0.354675    3.281587    0.024056    0.003586    0.037059    6.322479    9.946056    1.568013    1.917109    1.939674    1.839801    0.996582    1.142083    2.177645
Iteration: 42 bestvalit: 215.390000 bestmemit:    0.259039    0.026842    0.059244    0.062086    0.758297    0.464431    0.366114    0.188152    0.213951    0.161434    0.262588    0.354675    3.281587    0.024056    0.003586    0.037059    6.322479    9.946056    1.568013    1.917109    1.939674    1.839801    0.996582    1.142083    2.177645
Iteration: 43 bestvalit: 215.390000 bestmemit:    0.259039    0.026842    0.059244    0.062086    0.758297    0.464431    0.366114    0.188152    0.213951    0.161434    0.262588    0.354675    3.281587    0.024056    0.003586    0.037059    6.322479    9.946056    1.568013    1.917109    1.939674    1.839801    0.996582    1.142083    2.177645
Iteration: 44 bestvalit: 215.390000 bestmemit:    0.259039    0.026842    0.059244    0.062086    0.758297    0.464431    0.366114    0.188152    0.213951    0.161434    0.262588    0.354675    3.281587    0.024056    0.003586    0.037059    6.322479    9.946056    1.568013    1.917109    1.939674    1.839801    0.996582    1.142083    2.177645
Iteration: 45 bestvalit: 215.390000 bestmemit:    0.259039    0.026842    0.059244    0.062086    0.758297    0.464431    0.366114    0.188152    0.213951    0.161434    0.262588    0.354675    3.281587    0.024056    0.003586    0.037059    6.322479    9.946056    1.568013    1.917109    1.939674    1.839801    0.996582    1.142083    2.177645
Iteration: 46 bestvalit: 215.390000 bestmemit:    0.259039    0.026842    0.059244    0.062086    0.758297    0.464431    0.366114    0.188152    0.213951    0.161434    0.262588    0.354675    3.281587    0.024056    0.003586    0.037059    6.322479    9.946056    1.568013    1.917109    1.939674    1.839801    0.996582    1.142083    2.177645
Iteration: 47 bestvalit: 192.690000 bestmemit:    0.259039    0.026842    0.059244    0.062086    0.579605    0.464157    0.366114    0.188152    0.213951    0.161434    0.262588    0.354675    3.281587    0.024056    0.003586    0.037059    6.322479    9.946056    1.568013    1.917109    1.939674    1.839801    0.996582    1.142083    2.177645
Iteration: 48 bestvalit: 192.690000 bestmemit:    0.259039    0.026842    0.059244    0.062086    0.579605    0.464157    0.366114    0.188152    0.213951    0.161434    0.262588    0.354675    3.281587    0.024056    0.003586    0.037059    6.322479    9.946056    1.568013    1.917109    1.939674    1.839801    0.996582    1.142083    2.177645
Iteration: 49 bestvalit: 192.690000 bestmemit:    0.259039    0.026842    0.059244    0.062086    0.579605    0.464157    0.366114    0.188152    0.213951    0.161434    0.262588    0.354675    3.281587    0.024056    0.003586    0.037059    6.322479    9.946056    1.568013    1.917109    1.939674    1.839801    0.996582    1.142083    2.177645
Iteration: 50 bestvalit: 192.690000 bestmemit:    0.259039    0.026842    0.059244    0.062086    0.579605    0.464157    0.366114    0.188152    0.213951    0.161434    0.262588    0.354675    3.281587    0.024056    0.003586    0.037059    6.322479    9.946056    1.568013    1.917109    1.939674    1.839801    0.996582    1.142083    2.177645
Iteration: 51 bestvalit: 192.690000 bestmemit:    0.259039    0.026842    0.059244    0.062086    0.579605    0.464157    0.366114    0.188152    0.213951    0.161434    0.262588    0.354675    3.281587    0.024056    0.003586    0.037059    6.322479    9.946056    1.568013    1.917109    1.939674    1.839801    0.996582    1.142083    2.177645
Iteration: 52 bestvalit: 192.690000 bestmemit:    0.259039    0.026842    0.059244    0.062086    0.579605    0.464157    0.366114    0.188152    0.213951    0.161434    0.262588    0.354675    3.281587    0.024056    0.003586    0.037059    6.322479    9.946056    1.568013    1.917109    1.939674    1.839801    0.996582    1.142083    2.177645
Iteration: 53 bestvalit: 192.690000 bestmemit:    0.259039    0.026842    0.059244    0.062086    0.579605    0.464157    0.366114    0.188152    0.213951    0.161434    0.262588    0.354675    3.281587    0.024056    0.003586    0.037059    6.322479    9.946056    1.568013    1.917109    1.939674    1.839801    0.996582    1.142083    2.177645
Iteration: 54 bestvalit: 192.690000 bestmemit:    0.259039    0.026842    0.059244    0.062086    0.579605    0.464157    0.366114    0.188152    0.213951    0.161434    0.262588    0.354675    3.281587    0.024056    0.003586    0.037059    6.322479    9.946056    1.568013    1.917109    1.939674    1.839801    0.996582    1.142083    2.177645
Iteration: 55 bestvalit: 192.690000 bestmemit:    0.259039    0.026842    0.059244    0.062086    0.579605    0.464157    0.366114    0.188152    0.213951    0.161434    0.262588    0.354675    3.281587    0.024056    0.003586    0.037059    6.322479    9.946056    1.568013    1.917109    1.939674    1.839801    0.996582    1.142083    2.177645
Iteration: 56 bestvalit: 188.710000 bestmemit:    0.259039    0.026842    0.059244    0.062086    0.579605    0.464157    0.366114    0.188152    0.213951    0.161434    0.262588    0.354675    3.281587    0.024056    0.003586    0.037059    6.322479    9.946056    1.483959    1.917109    1.939674    1.839801    0.996582    1.142083    2.177645
Iteration: 57 bestvalit: 183.025000 bestmemit:    0.259039    0.026842    0.059244    0.062086    0.579605    0.464157    0.366114    0.188152    0.213951    0.224623    0.262588    0.354675    3.281587    0.024056    0.003586    0.037059    6.322479    9.946056    1.483959    1.917109    1.939674    1.839801    0.996582    1.142083    2.177645
Iteration: 58 bestvalit: 183.025000 bestmemit:    0.259039    0.026842    0.059244    0.062086    0.579605    0.464157    0.366114    0.188152    0.213951    0.224623    0.262588    0.354675    3.281587    0.024056    0.003586    0.037059    6.322479    9.946056    1.483959    1.917109    1.939674    1.839801    0.996582    1.142083    2.177645
Iteration: 59 bestvalit: 183.025000 bestmemit:    0.259039    0.026842    0.059244    0.062086    0.579605    0.464157    0.366114    0.188152    0.213951    0.224623    0.262588    0.354675    3.281587    0.024056    0.003586    0.037059    6.322479    9.946056    1.483959    1.917109    1.939674    1.839801    0.996582    1.142083    2.177645
Iteration: 60 bestvalit: 183.025000 bestmemit:    0.259039    0.026842    0.059244    0.062086    0.579605    0.464157    0.366114    0.188152    0.213951    0.224623    0.262588    0.354675    3.281587    0.024056    0.003586    0.037059    6.322479    9.946056    1.483959    1.917109    1.939674    1.839801    0.996582    1.142083    2.177645
Iteration: 61 bestvalit: 183.025000 bestmemit:    0.259039    0.026842    0.059244    0.062086    0.579605    0.464157    0.366114    0.188152    0.213951    0.224623    0.262588    0.354675    3.281587    0.024056    0.003586    0.037059    6.322479    9.946056    1.483959    1.917109    1.939674    1.839801    0.996582    1.142083    2.177645
Iteration: 62 bestvalit: 183.025000 bestmemit:    0.259039    0.026842    0.059244    0.062086    0.579605    0.464157    0.366114    0.188152    0.213951    0.224623    0.262588    0.354675    3.281587    0.024056    0.003586    0.037059    6.322479    9.946056    1.483959    1.917109    1.939674    1.839801    0.996582    1.142083    2.177645
Iteration: 63 bestvalit: 183.025000 bestmemit:    0.259039    0.026842    0.059244    0.062086    0.579605    0.464157    0.366114    0.188152    0.213951    0.224623    0.262588    0.354675    3.281587    0.024056    0.003586    0.037059    6.322479    9.946056    1.483959    1.917109    1.939674    1.839801    0.996582    1.142083    2.177645
Iteration: 64 bestvalit: 183.025000 bestmemit:    0.259039    0.026842    0.059244    0.062086    0.579605    0.464157    0.366114    0.188152    0.213951    0.224623    0.262588    0.354675    3.281587    0.024056    0.003586    0.037059    6.322479    9.946056    1.483959    1.917109    1.939674    1.839801    0.996582    1.142083    2.177645
Iteration: 65 bestvalit: 183.025000 bestmemit:    0.259039    0.026842    0.059244    0.062086    0.579605    0.464157    0.366114    0.188152    0.213951    0.224623    0.262588    0.354675    3.281587    0.024056    0.003586    0.037059    6.322479    9.946056    1.483959    1.917109    1.939674    1.839801    0.996582    1.142083    2.177645
Iteration: 66 bestvalit: 183.025000 bestmemit:    0.259039    0.026842    0.059244    0.062086    0.579605    0.464157    0.366114    0.188152    0.213951    0.224623    0.262588    0.354675    3.281587    0.024056    0.003586    0.037059    6.322479    9.946056    1.483959    1.917109    1.939674    1.839801    0.996582    1.142083    2.177645
Iteration: 67 bestvalit: 183.025000 bestmemit:    0.259039    0.026842    0.059244    0.062086    0.579605    0.464157    0.366114    0.188152    0.213951    0.224623    0.262588    0.354675    3.281587    0.024056    0.003586    0.037059    6.322479    9.946056    1.483959    1.917109    1.939674    1.839801    0.996582    1.142083    2.177645
Iteration: 68 bestvalit: 183.025000 bestmemit:    0.259039    0.026842    0.059244    0.062086    0.579605    0.464157    0.366114    0.188152    0.213951    0.224623    0.262588    0.354675    3.281587    0.024056    0.003586    0.037059    6.322479    9.946056    1.483959    1.917109    1.939674    1.839801    0.996582    1.142083    2.177645
Iteration: 69 bestvalit: 183.025000 bestmemit:    0.259039    0.026842    0.059244    0.062086    0.579605    0.464157    0.366114    0.188152    0.213951    0.224623    0.262588    0.354675    3.281587    0.024056    0.003586    0.037059    6.322479    9.946056    1.483959    1.917109    1.939674    1.839801    0.996582    1.142083    2.177645
Iteration: 70 bestvalit: 183.025000 bestmemit:    0.259039    0.026842    0.059244    0.062086    0.579605    0.464157    0.366114    0.188152    0.213951    0.224623    0.262588    0.354675    3.281587    0.024056    0.003586    0.037059    6.322479    9.946056    1.483959    1.917109    1.939674    1.839801    0.996582    1.142083    2.177645
Iteration: 71 bestvalit: 183.025000 bestmemit:    0.259039    0.026842    0.059244    0.062086    0.579605    0.464157    0.366114    0.188152    0.213951    0.224623    0.262588    0.354675    3.281587    0.024056    0.003586    0.037059    6.322479    9.946056    1.483959    1.917109    1.939674    1.839801    0.996582    1.142083    2.177645
Iteration: 72 bestvalit: 183.025000 bestmemit:    0.259039    0.026842    0.059244    0.062086    0.579605    0.464157    0.366114    0.188152    0.213951    0.224623    0.262588    0.354675    3.281587    0.024056    0.003586    0.037059    6.322479    9.946056    1.483959    1.917109    1.939674    1.839801    0.996582    1.142083    2.177645
Iteration: 73 bestvalit: 183.025000 bestmemit:    0.259039    0.026842    0.059244    0.062086    0.579605    0.464157    0.366114    0.188152    0.213951    0.224623    0.262588    0.354675    3.281587    0.024056    0.003586    0.037059    6.322479    9.946056    1.483959    1.917109    1.939674    1.839801    0.996582    1.142083    2.177645
Iteration: 74 bestvalit: 183.025000 bestmemit:    0.259039    0.026842    0.059244    0.062086    0.579605    0.464157    0.366114    0.188152    0.213951    0.224623    0.262588    0.354675    3.281587    0.024056    0.003586    0.037059    6.322479    9.946056    1.483959    1.917109    1.939674    1.839801    0.996582    1.142083    2.177645
Iteration: 75 bestvalit: 183.025000 bestmemit:    0.259039    0.026842    0.059244    0.062086    0.579605    0.464157    0.366114    0.188152    0.213951    0.224623    0.262588    0.354675    3.281587    0.024056    0.003586    0.037059    6.322479    9.946056    1.483959    1.917109    1.939674    1.839801    0.996582    1.142083    2.177645
Iteration: 76 bestvalit: 183.025000 bestmemit:    0.259039    0.026842    0.059244    0.062086    0.579605    0.464157    0.366114    0.188152    0.213951    0.224623    0.262588    0.354675    3.281587    0.024056    0.003586    0.037059    6.322479    9.946056    1.483959    1.917109    1.939674    1.839801    0.996582    1.142083    2.177645
Iteration: 77 bestvalit: 180.690000 bestmemit:    0.259039    0.026842    0.059244    0.062086    0.579605    0.464157    0.366114    0.188152    0.213951    0.224623    0.262588    0.354675    3.281587    0.022938    0.003586    0.037059    6.322479    9.946056    1.483959    1.917109    1.939674    1.839801    0.996582    1.142083    2.177645
Iteration: 78 bestvalit: 180.690000 bestmemit:    0.259039    0.026842    0.059244    0.062086    0.579605    0.464157    0.366114    0.188152    0.213951    0.224623    0.262588    0.354675    3.281587    0.022938    0.003586    0.037059    6.322479    9.946056    1.483959    1.917109    1.939674    1.839801    0.996582    1.142083    2.177645
Iteration: 79 bestvalit: 180.690000 bestmemit:    0.259039    0.026842    0.059244    0.062086    0.579605    0.464157    0.366114    0.188152    0.213951    0.224623    0.262588    0.354675    3.281587    0.022938    0.003586    0.037059    6.322479    9.946056    1.483959    1.917109    1.939674    1.839801    0.996582    1.142083    2.177645
Iteration: 80 bestvalit: 180.690000 bestmemit:    0.259039    0.026842    0.059244    0.062086    0.579605    0.464157    0.366114    0.188152    0.213951    0.224623    0.262588    0.354675    3.281587    0.022938    0.003586    0.037059    6.322479    9.946056    1.483959    1.917109    1.939674    1.839801    0.996582    1.142083    2.177645
Iteration: 81 bestvalit: 180.690000 bestmemit:    0.259039    0.026842    0.059244    0.062086    0.579605    0.464157    0.366114    0.188152    0.213951    0.224623    0.262588    0.354675    3.281587    0.022938    0.003586    0.037059    6.322479    9.946056    1.483959    1.917109    1.939674    1.839801    0.996582    1.142083    2.177645
Iteration: 82 bestvalit: 180.690000 bestmemit:    0.259039    0.026842    0.059244    0.062086    0.579605    0.464157    0.366114    0.188152    0.213951    0.224623    0.262588    0.354675    3.281587    0.022938    0.003586    0.037059    6.322479    9.946056    1.483959    1.917109    1.939674    1.839801    0.996582    1.142083    2.177645
Iteration: 83 bestvalit: 180.690000 bestmemit:    0.259039    0.026842    0.059244    0.062086    0.579605    0.464157    0.366114    0.188152    0.213951    0.224623    0.262588    0.354675    3.281587    0.022938    0.003586    0.037059    6.322479    9.946056    1.483959    1.917109    1.939674    1.839801    0.996582    1.142083    2.177645
Iteration: 84 bestvalit: 180.690000 bestmemit:    0.259039    0.026842    0.059244    0.062086    0.579605    0.464157    0.366114    0.188152    0.213951    0.224623    0.262588    0.354675    3.281587    0.022938    0.003586    0.037059    6.322479    9.946056    1.483959    1.917109    1.939674    1.839801    0.996582    1.142083    2.177645
Iteration: 85 bestvalit: 180.690000 bestmemit:    0.259039    0.026842    0.059244    0.062086    0.579605    0.464157    0.366114    0.188152    0.213951    0.224623    0.262588    0.354675    3.281587    0.022938    0.003586    0.037059    6.322479    9.946056    1.483959    1.917109    1.939674    1.839801    0.996582    1.142083    2.177645
Iteration: 86 bestvalit: 180.690000 bestmemit:    0.259039    0.026842    0.059244    0.062086    0.579605    0.464157    0.366114    0.188152    0.213951    0.224623    0.262588    0.354675    3.281587    0.022938    0.003586    0.037059    6.322479    9.946056    1.483959    1.917109    1.939674    1.839801    0.996582    1.142083    2.177645
Iteration: 87 bestvalit: 169.210000 bestmemit:    0.259039    0.026842    0.059244    0.062086    0.579605    0.464157    0.366114    0.188152    0.213951    0.224623    0.262588    0.354675    3.281587    0.022938    0.003586    0.037059    6.322479    9.946056    1.483959    1.992407    1.948854    1.839801    0.996582    1.142083    2.177645
Iteration: 88 bestvalit: 169.210000 bestmemit:    0.259039    0.026842    0.059244    0.062086    0.579605    0.464157    0.366114    0.188152    0.213951    0.224623    0.262588    0.354675    3.281587    0.022938    0.003586    0.037059    6.322479    9.946056    1.483959    1.992407    1.948854    1.839801    0.996582    1.142083    2.177645
Iteration: 89 bestvalit: 169.210000 bestmemit:    0.259039    0.026842    0.059244    0.062086    0.579605    0.464157    0.366114    0.188152    0.213951    0.224623    0.262588    0.354675    3.281587    0.022938    0.003586    0.037059    6.322479    9.946056    1.483959    1.992407    1.948854    1.839801    0.996582    1.142083    2.177645
Iteration: 90 bestvalit: 169.210000 bestmemit:    0.259039    0.026842    0.059244    0.062086    0.579605    0.464157    0.366114    0.188152    0.213951    0.224623    0.262588    0.354675    3.281587    0.022938    0.003586    0.037059    6.322479    9.946056    1.483959    1.992407    1.948854    1.839801    0.996582    1.142083    2.177645
Iteration: 91 bestvalit: 169.210000 bestmemit:    0.259039    0.026842    0.059244    0.062086    0.579605    0.464157    0.366114    0.188152    0.213951    0.224623    0.262588    0.354675    3.281587    0.022938    0.003586    0.037059    6.322479    9.946056    1.483959    1.992407    1.948854    1.839801    0.996582    1.142083    2.177645
Iteration: 92 bestvalit: 169.210000 bestmemit:    0.259039    0.026842    0.059244    0.062086    0.579605    0.464157    0.366114    0.188152    0.213951    0.224623    0.262588    0.354675    3.281587    0.022938    0.003586    0.037059    6.322479    9.946056    1.483959    1.992407    1.948854    1.839801    0.996582    1.142083    2.177645
Iteration: 93 bestvalit: 169.210000 bestmemit:    0.259039    0.026842    0.059244    0.062086    0.579605    0.464157    0.366114    0.188152    0.213951    0.224623    0.262588    0.354675    3.281587    0.022938    0.003586    0.037059    6.322479    9.946056    1.483959    1.992407    1.948854    1.839801    0.996582    1.142083    2.177645
Iteration: 94 bestvalit: 169.210000 bestmemit:    0.259039    0.026842    0.059244    0.062086    0.579605    0.464157    0.366114    0.188152    0.213951    0.224623    0.262588    0.354675    3.281587    0.022938    0.003586    0.037059    6.322479    9.946056    1.483959    1.992407    1.948854    1.839801    0.996582    1.142083    2.177645
Iteration: 95 bestvalit: 169.210000 bestmemit:    0.259039    0.026842    0.059244    0.062086    0.579605    0.464157    0.366114    0.188152    0.213951    0.224623    0.262588    0.354675    3.281587    0.022938    0.003586    0.037059    6.322479    9.946056    1.483959    1.992407    1.948854    1.839801    0.996582    1.142083    2.177645
Iteration: 96 bestvalit: 169.210000 bestmemit:    0.259039    0.026842    0.059244    0.062086    0.579605    0.464157    0.366114    0.188152    0.213951    0.224623    0.262588    0.354675    3.281587    0.022938    0.003586    0.037059    6.322479    9.946056    1.483959    1.992407    1.948854    1.839801    0.996582    1.142083    2.177645
Iteration: 97 bestvalit: 169.210000 bestmemit:    0.259039    0.026842    0.059244    0.062086    0.579605    0.464157    0.366114    0.188152    0.213951    0.224623    0.262588    0.354675    3.281587    0.022938    0.003586    0.037059    6.322479    9.946056    1.483959    1.992407    1.948854    1.839801    0.996582    1.142083    2.177645
Iteration: 98 bestvalit: 169.210000 bestmemit:    0.259039    0.026842    0.059244    0.062086    0.579605    0.464157    0.366114    0.188152    0.213951    0.224623    0.262588    0.354675    3.281587    0.022938    0.003586    0.037059    6.322479    9.946056    1.483959    1.992407    1.948854    1.839801    0.996582    1.142083    2.177645
Iteration: 99 bestvalit: 169.210000 bestmemit:    0.259039    0.026842    0.059244    0.062086    0.579605    0.464157    0.366114    0.188152    0.213951    0.224623    0.262588    0.354675    3.281587    0.022938    0.003586    0.037059    6.322479    9.946056    1.483959    1.992407    1.948854    1.839801    0.996582    1.142083    2.177645
Iteration: 100 bestvalit: 169.210000 bestmemit:    0.259039    0.026842    0.059244    0.062086    0.579605    0.464157    0.366114    0.188152    0.213951    0.224623    0.262588    0.354675    3.281587    0.022938    0.003586    0.037059    6.322479    9.946056    1.483959    1.992407    1.948854    1.839801    0.996582    1.142083    2.177645
Iteration: 101 bestvalit: 169.210000 bestmemit:    0.259039    0.026842    0.059244    0.062086    0.579605    0.464157    0.366114    0.188152    0.213951    0.224623    0.262588    0.354675    3.281587    0.022938    0.003586    0.037059    6.322479    9.946056    1.483959    1.992407    1.948854    1.839801    0.996582    1.142083    2.177645
Iteration: 102 bestvalit: 169.210000 bestmemit:    0.259039    0.026842    0.059244    0.062086    0.579605    0.464157    0.366114    0.188152    0.213951    0.224623    0.262588    0.354675    3.281587    0.022938    0.003586    0.037059    6.322479    9.946056    1.483959    1.992407    1.948854    1.839801    0.996582    1.142083    2.177645
Iteration: 103 bestvalit: 169.125000 bestmemit:    0.259039    0.026842    0.059244    0.062086    0.579605    0.464157    0.366114    0.188152    0.213951    0.224623    0.262588    0.354675    3.281587    0.022938    0.003586    0.037059    6.322479    9.654937    1.483959    1.992407    1.948854    1.839801    0.996582    1.142083    2.177645
Iteration: 104 bestvalit: 169.125000 bestmemit:    0.259039    0.026842    0.059244    0.062086    0.579605    0.464157    0.366114    0.188152    0.213951    0.224623    0.262588    0.354675    3.281587    0.022938    0.003586    0.037059    6.322479    9.654937    1.483959    1.992407    1.948854    1.839801    0.996582    1.142083    2.177645
Iteration: 105 bestvalit: 169.125000 bestmemit:    0.259039    0.026842    0.059244    0.062086    0.579605    0.464157    0.366114    0.188152    0.213951    0.224623    0.262588    0.354675    3.281587    0.022938    0.003586    0.037059    6.322479    9.654937    1.483959    1.992407    1.948854    1.839801    0.996582    1.142083    2.177645
Iteration: 106 bestvalit: 169.125000 bestmemit:    0.259039    0.026842    0.059244    0.062086    0.579605    0.464157    0.366114    0.188152    0.213951    0.224623    0.262588    0.354675    3.281587    0.022938    0.003586    0.037059    6.322479    9.654937    1.483959    1.992407    1.948854    1.839801    0.996582    1.142083    2.177645
Iteration: 107 bestvalit: 168.405000 bestmemit:    0.259039    0.026842    0.059244    0.062086    0.579605    0.457783    0.366114    0.188152    0.213951    0.224623    0.262588    0.354675    3.281587    0.022938    0.003586    0.037059    6.322479    9.654937    1.483959    1.992407    1.948854    1.839801    0.996582    1.142083    2.177645
Iteration: 108 bestvalit: 162.945000 bestmemit:    0.254721    0.075703    0.066155    0.089763    0.614762    0.461491    0.237972    0.188575    0.200341    0.117334    0.487870    0.363869    4.512192    0.028756    0.007456    0.009908    7.125991    8.422468    1.521165    1.998057    1.991633    1.924870    0.975591    1.044147    2.007398
Iteration: 109 bestvalit: 162.945000 bestmemit:    0.254721    0.075703    0.066155    0.089763    0.614762    0.461491    0.237972    0.188575    0.200341    0.117334    0.487870    0.363869    4.512192    0.028756    0.007456    0.009908    7.125991    8.422468    1.521165    1.998057    1.991633    1.924870    0.975591    1.044147    2.007398
Iteration: 110 bestvalit: 162.945000 bestmemit:    0.254721    0.075703    0.066155    0.089763    0.614762    0.461491    0.237972    0.188575    0.200341    0.117334    0.487870    0.363869    4.512192    0.028756    0.007456    0.009908    7.125991    8.422468    1.521165    1.998057    1.991633    1.924870    0.975591    1.044147    2.007398
Iteration: 111 bestvalit: 162.945000 bestmemit:    0.254721    0.075703    0.066155    0.089763    0.614762    0.461491    0.237972    0.188575    0.200341    0.117334    0.487870    0.363869    4.512192    0.028756    0.007456    0.009908    7.125991    8.422468    1.521165    1.998057    1.991633    1.924870    0.975591    1.044147    2.007398
Iteration: 112 bestvalit: 162.945000 bestmemit:    0.254721    0.075703    0.066155    0.089763    0.614762    0.461491    0.237972    0.188575    0.200341    0.117334    0.487870    0.363869    4.512192    0.028756    0.007456    0.009908    7.125991    8.422468    1.521165    1.998057    1.991633    1.924870    0.975591    1.044147    2.007398
Iteration: 113 bestvalit: 162.945000 bestmemit:    0.254721    0.075703    0.066155    0.089763    0.614762    0.461491    0.237972    0.188575    0.200341    0.117334    0.487870    0.363869    4.512192    0.028756    0.007456    0.009908    7.125991    8.422468    1.521165    1.998057    1.991633    1.924870    0.975591    1.044147    2.007398
Iteration: 114 bestvalit: 162.945000 bestmemit:    0.254721    0.075703    0.066155    0.089763    0.614762    0.461491    0.237972    0.188575    0.200341    0.117334    0.487870    0.363869    4.512192    0.028756    0.007456    0.009908    7.125991    8.422468    1.521165    1.998057    1.991633    1.924870    0.975591    1.044147    2.007398
Iteration: 115 bestvalit: 162.945000 bestmemit:    0.254721    0.075703    0.066155    0.089763    0.614762    0.461491    0.237972    0.188575    0.200341    0.117334    0.487870    0.363869    4.512192    0.028756    0.007456    0.009908    7.125991    8.422468    1.521165    1.998057    1.991633    1.924870    0.975591    1.044147    2.007398
Iteration: 116 bestvalit: 162.945000 bestmemit:    0.254721    0.075703    0.066155    0.089763    0.614762    0.461491    0.237972    0.188575    0.200341    0.117334    0.487870    0.363869    4.512192    0.028756    0.007456    0.009908    7.125991    8.422468    1.521165    1.998057    1.991633    1.924870    0.975591    1.044147    2.007398
Iteration: 117 bestvalit: 162.945000 bestmemit:    0.254721    0.075703    0.066155    0.089763    0.614762    0.461491    0.237972    0.188575    0.200341    0.117334    0.487870    0.363869    4.512192    0.028756    0.007456    0.009908    7.125991    8.422468    1.521165    1.998057    1.991633    1.924870    0.975591    1.044147    2.007398
Iteration: 118 bestvalit: 162.945000 bestmemit:    0.254721    0.075703    0.066155    0.089763    0.614762    0.461491    0.237972    0.188575    0.200341    0.117334    0.487870    0.363869    4.512192    0.028756    0.007456    0.009908    7.125991    8.422468    1.521165    1.998057    1.991633    1.924870    0.975591    1.044147    2.007398
Iteration: 119 bestvalit: 162.945000 bestmemit:    0.254721    0.075703    0.066155    0.089763    0.614762    0.461491    0.237972    0.188575    0.200341    0.117334    0.487870    0.363869    4.512192    0.028756    0.007456    0.009908    7.125991    8.422468    1.521165    1.998057    1.991633    1.924870    0.975591    1.044147    2.007398
Iteration: 120 bestvalit: 162.945000 bestmemit:    0.254721    0.075703    0.066155    0.089763    0.614762    0.461491    0.237972    0.188575    0.200341    0.117334    0.487870    0.363869    4.512192    0.028756    0.007456    0.009908    7.125991    8.422468    1.521165    1.998057    1.991633    1.924870    0.975591    1.044147    2.007398
Iteration: 121 bestvalit: 153.975000 bestmemit:    0.254379    0.030546    0.094200    0.095120    0.667760    0.380304    0.363019    0.363043    0.205892    0.244454    0.333956    0.374355    3.576061    0.010769    0.001718    0.000339    8.832686    5.848632    1.529123    1.781732    1.895400    1.915849    0.926772    1.085212    2.146531
Iteration: 122 bestvalit: 153.975000 bestmemit:    0.254379    0.030546    0.094200    0.095120    0.667760    0.380304    0.363019    0.363043    0.205892    0.244454    0.333956    0.374355    3.576061    0.010769    0.001718    0.000339    8.832686    5.848632    1.529123    1.781732    1.895400    1.915849    0.926772    1.085212    2.146531
Iteration: 123 bestvalit: 147.735000 bestmemit:    0.254379    0.030546    0.094200    0.095120    0.667760    0.380304    0.363019    0.363043    0.205892    0.244454    0.333956    0.453889    3.576061    0.010769    0.001718    0.000339    8.832686    5.848632    1.529123    1.781732    1.895400    1.915849    0.926772    1.085212    2.146531
Iteration: 124 bestvalit: 147.735000 bestmemit:    0.254379    0.030546    0.094200    0.095120    0.667760    0.380304    0.363019    0.363043    0.205892    0.244454    0.333956    0.453889    3.576061    0.010769    0.001718    0.000339    8.832686    5.848632    1.529123    1.781732    1.895400    1.915849    0.926772    1.085212    2.146531
Iteration: 125 bestvalit: 145.935000 bestmemit:    0.254379    0.030546    0.094200    0.095120    0.667760    0.380304    0.363019    0.363043    0.205892    0.244454    0.333956    0.453889    3.576061    0.010769    0.001718    0.000339    8.832686    5.848632    1.529123    1.781732    1.895400    1.915849    0.959426    1.085212    2.146531
Iteration: 126 bestvalit: 145.935000 bestmemit:    0.254379    0.030546    0.094200    0.095120    0.667760    0.380304    0.363019    0.363043    0.205892    0.244454    0.333956    0.453889    3.576061    0.010769    0.001718    0.000339    8.832686    5.848632    1.529123    1.781732    1.895400    1.915849    0.959426    1.085212    2.146531
Iteration: 127 bestvalit: 145.935000 bestmemit:    0.254379    0.030546    0.094200    0.095120    0.667760    0.380304    0.363019    0.363043    0.205892    0.244454    0.333956    0.453889    3.576061    0.010769    0.001718    0.000339    8.832686    5.848632    1.529123    1.781732    1.895400    1.915849    0.959426    1.085212    2.146531
Iteration: 128 bestvalit: 145.935000 bestmemit:    0.254379    0.030546    0.094200    0.095120    0.667760    0.380304    0.363019    0.363043    0.205892    0.244454    0.333956    0.453889    3.576061    0.010769    0.001718    0.000339    8.832686    5.848632    1.529123    1.781732    1.895400    1.915849    0.959426    1.085212    2.146531
Iteration: 129 bestvalit: 145.935000 bestmemit:    0.254379    0.030546    0.094200    0.095120    0.667760    0.380304    0.363019    0.363043    0.205892    0.244454    0.333956    0.453889    3.576061    0.010769    0.001718    0.000339    8.832686    5.848632    1.529123    1.781732    1.895400    1.915849    0.959426    1.085212    2.146531
Iteration: 130 bestvalit: 145.935000 bestmemit:    0.254379    0.030546    0.094200    0.095120    0.667760    0.380304    0.363019    0.363043    0.205892    0.244454    0.333956    0.453889    3.576061    0.010769    0.001718    0.000339    8.832686    5.848632    1.529123    1.781732    1.895400    1.915849    0.959426    1.085212    2.146531
Iteration: 131 bestvalit: 145.935000 bestmemit:    0.254379    0.030546    0.094200    0.095120    0.667760    0.380304    0.363019    0.363043    0.205892    0.244454    0.333956    0.453889    3.576061    0.010769    0.001718    0.000339    8.832686    5.848632    1.529123    1.781732    1.895400    1.915849    0.959426    1.085212    2.146531
Iteration: 132 bestvalit: 145.935000 bestmemit:    0.254379    0.030546    0.094200    0.095120    0.667760    0.380304    0.363019    0.363043    0.205892    0.244454    0.333956    0.453889    3.576061    0.010769    0.001718    0.000339    8.832686    5.848632    1.529123    1.781732    1.895400    1.915849    0.959426    1.085212    2.146531
Iteration: 133 bestvalit: 145.935000 bestmemit:    0.254379    0.030546    0.094200    0.095120    0.667760    0.380304    0.363019    0.363043    0.205892    0.244454    0.333956    0.453889    3.576061    0.010769    0.001718    0.000339    8.832686    5.848632    1.529123    1.781732    1.895400    1.915849    0.959426    1.085212    2.146531
Iteration: 134 bestvalit: 145.935000 bestmemit:    0.254379    0.030546    0.094200    0.095120    0.667760    0.380304    0.363019    0.363043    0.205892    0.244454    0.333956    0.453889    3.576061    0.010769    0.001718    0.000339    8.832686    5.848632    1.529123    1.781732    1.895400    1.915849    0.959426    1.085212    2.146531
Iteration: 135 bestvalit: 145.935000 bestmemit:    0.254379    0.030546    0.094200    0.095120    0.667760    0.380304    0.363019    0.363043    0.205892    0.244454    0.333956    0.453889    3.576061    0.010769    0.001718    0.000339    8.832686    5.848632    1.529123    1.781732    1.895400    1.915849    0.959426    1.085212    2.146531
Iteration: 136 bestvalit: 145.935000 bestmemit:    0.254379    0.030546    0.094200    0.095120    0.667760    0.380304    0.363019    0.363043    0.205892    0.244454    0.333956    0.453889    3.576061    0.010769    0.001718    0.000339    8.832686    5.848632    1.529123    1.781732    1.895400    1.915849    0.959426    1.085212    2.146531
Iteration: 137 bestvalit: 145.125000 bestmemit:    0.254379    0.030546    0.094200    0.095120    0.667760    0.380304    0.363019    0.363043    0.205892    0.244454    0.333956    0.453889    3.576061    0.010769    0.001718    0.000339    8.832686    5.848632    1.529123    1.781732    1.823706    1.940081    0.959426    1.085212    2.146531
Iteration: 138 bestvalit: 145.125000 bestmemit:    0.254379    0.030546    0.094200    0.095120    0.667760    0.380304    0.363019    0.363043    0.205892    0.244454    0.333956    0.453889    3.576061    0.010769    0.001718    0.000339    8.832686    5.848632    1.529123    1.781732    1.823706    1.940081    0.959426    1.085212    2.146531
Iteration: 139 bestvalit: 145.125000 bestmemit:    0.254379    0.030546    0.094200    0.095120    0.667760    0.380304    0.363019    0.363043    0.205892    0.244454    0.333956    0.453889    3.576061    0.010769    0.001718    0.000339    8.832686    5.848632    1.529123    1.781732    1.823706    1.940081    0.959426    1.085212    2.146531
Iteration: 140 bestvalit: 145.125000 bestmemit:    0.254379    0.030546    0.094200    0.095120    0.667760    0.380304    0.363019    0.363043    0.205892    0.244454    0.333956    0.453889    3.576061    0.010769    0.001718    0.000339    8.832686    5.848632    1.529123    1.781732    1.823706    1.940081    0.959426    1.085212    2.146531
Iteration: 141 bestvalit: 145.125000 bestmemit:    0.254379    0.030546    0.094200    0.095120    0.667760    0.380304    0.363019    0.363043    0.205892    0.244454    0.333956    0.453889    3.576061    0.010769    0.001718    0.000339    8.832686    5.848632    1.529123    1.781732    1.823706    1.940081    0.959426    1.085212    2.146531
Iteration: 142 bestvalit: 145.125000 bestmemit:    0.254379    0.030546    0.094200    0.095120    0.667760    0.380304    0.363019    0.363043    0.205892    0.244454    0.333956    0.453889    3.576061    0.010769    0.001718    0.000339    8.832686    5.848632    1.529123    1.781732    1.823706    1.940081    0.959426    1.085212    2.146531
Iteration: 143 bestvalit: 145.125000 bestmemit:    0.254379    0.030546    0.094200    0.095120    0.667760    0.380304    0.363019    0.363043    0.205892    0.244454    0.333956    0.453889    3.576061    0.010769    0.001718    0.000339    8.832686    5.848632    1.529123    1.781732    1.823706    1.940081    0.959426    1.085212    2.146531
Iteration: 144 bestvalit: 145.125000 bestmemit:    0.254379    0.030546    0.094200    0.095120    0.667760    0.380304    0.363019    0.363043    0.205892    0.244454    0.333956    0.453889    3.576061    0.010769    0.001718    0.000339    8.832686    5.848632    1.529123    1.781732    1.823706    1.940081    0.959426    1.085212    2.146531
Iteration: 145 bestvalit: 145.125000 bestmemit:    0.254379    0.030546    0.094200    0.095120    0.667760    0.380304    0.363019    0.363043    0.205892    0.244454    0.333956    0.453889    3.576061    0.010769    0.001718    0.000339    8.832686    5.848632    1.529123    1.781732    1.823706    1.940081    0.959426    1.085212    2.146531
Iteration: 146 bestvalit: 145.125000 bestmemit:    0.254379    0.030546    0.094200    0.095120    0.667760    0.380304    0.363019    0.363043    0.205892    0.244454    0.333956    0.453889    3.576061    0.010769    0.001718    0.000339    8.832686    5.848632    1.529123    1.781732    1.823706    1.940081    0.959426    1.085212    2.146531
Iteration: 147 bestvalit: 145.125000 bestmemit:    0.254379    0.030546    0.094200    0.095120    0.667760    0.380304    0.363019    0.363043    0.205892    0.244454    0.333956    0.453889    3.576061    0.010769    0.001718    0.000339    8.832686    5.848632    1.529123    1.781732    1.823706    1.940081    0.959426    1.085212    2.146531
Iteration: 148 bestvalit: 145.125000 bestmemit:    0.254379    0.030546    0.094200    0.095120    0.667760    0.380304    0.363019    0.363043    0.205892    0.244454    0.333956    0.453889    3.576061    0.010769    0.001718    0.000339    8.832686    5.848632    1.529123    1.781732    1.823706    1.940081    0.959426    1.085212    2.146531
Iteration: 149 bestvalit: 142.475000 bestmemit:    0.254379    0.030546    0.094200    0.095120    0.801814    0.380304    0.363019    0.363043    0.205892    0.244454    0.333956    0.453889    3.576061    0.010769    0.001718    0.000339    8.832686    5.848632    1.529123    1.781732    1.823706    1.940081    0.959426    1.085212    2.146531
Iteration: 150 bestvalit: 142.475000 bestmemit:    0.254379    0.030546    0.094200    0.095120    0.801814    0.380304    0.363019    0.363043    0.205892    0.244454    0.333956    0.453889    3.576061    0.010769    0.001718    0.000339    8.832686    5.848632    1.529123    1.781732    1.823706    1.940081    0.959426    1.085212    2.146531
Iteration: 151 bestvalit: 142.475000 bestmemit:    0.254379    0.030546    0.094200    0.095120    0.801814    0.380304    0.363019    0.363043    0.205892    0.244454    0.333956    0.453889    3.576061    0.010769    0.001718    0.000339    8.832686    5.848632    1.529123    1.781732    1.823706    1.940081    0.959426    1.085212    2.146531
Iteration: 152 bestvalit: 142.475000 bestmemit:    0.254379    0.030546    0.094200    0.095120    0.801814    0.380304    0.363019    0.363043    0.205892    0.244454    0.333956    0.453889    3.576061    0.010769    0.001718    0.000339    8.832686    5.848632    1.529123    1.781732    1.823706    1.940081    0.959426    1.085212    2.146531
Iteration: 153 bestvalit: 142.475000 bestmemit:    0.254379    0.030546    0.094200    0.095120    0.801814    0.380304    0.363019    0.363043    0.205892    0.244454    0.333956    0.453889    3.576061    0.010769    0.001718    0.000339    8.832686    5.848632    1.529123    1.781732    1.823706    1.940081    0.959426    1.085212    2.146531
Iteration: 154 bestvalit: 142.475000 bestmemit:    0.254379    0.030546    0.094200    0.095120    0.801814    0.380304    0.363019    0.363043    0.205892    0.244454    0.333956    0.453889    3.576061    0.010769    0.001718    0.000339    8.832686    5.848632    1.529123    1.781732    1.823706    1.940081    0.959426    1.085212    2.146531
Iteration: 155 bestvalit: 142.475000 bestmemit:    0.254379    0.030546    0.094200    0.095120    0.801814    0.380304    0.363019    0.363043    0.205892    0.244454    0.333956    0.453889    3.576061    0.010769    0.001718    0.000339    8.832686    5.848632    1.529123    1.781732    1.823706    1.940081    0.959426    1.085212    2.146531
Iteration: 156 bestvalit: 142.475000 bestmemit:    0.254379    0.030546    0.094200    0.095120    0.801814    0.380304    0.363019    0.363043    0.205892    0.244454    0.333956    0.453889    3.576061    0.010769    0.001718    0.000339    8.832686    5.848632    1.529123    1.781732    1.823706    1.940081    0.959426    1.085212    2.146531
Iteration: 157 bestvalit: 142.475000 bestmemit:    0.254379    0.030546    0.094200    0.095120    0.801814    0.380304    0.363019    0.363043    0.205892    0.244454    0.333956    0.453889    3.576061    0.010769    0.001718    0.000339    8.832686    5.848632    1.529123    1.781732    1.823706    1.940081    0.959426    1.085212    2.146531
Iteration: 158 bestvalit: 142.475000 bestmemit:    0.254379    0.030546    0.094200    0.095120    0.801814    0.380304    0.363019    0.363043    0.205892    0.244454    0.333956    0.453889    3.576061    0.010769    0.001718    0.000339    8.832686    5.848632    1.529123    1.781732    1.823706    1.940081    0.959426    1.085212    2.146531
Iteration: 159 bestvalit: 142.475000 bestmemit:    0.254379    0.030546    0.094200    0.095120    0.801814    0.380304    0.363019    0.363043    0.205892    0.244454    0.333956    0.453889    3.576061    0.010769    0.001718    0.000339    8.832686    5.848632    1.529123    1.781732    1.823706    1.940081    0.959426    1.085212    2.146531
Iteration: 160 bestvalit: 142.475000 bestmemit:    0.254379    0.030546    0.094200    0.095120    0.801814    0.380304    0.363019    0.363043    0.205892    0.244454    0.333956    0.453889    3.576061    0.010769    0.001718    0.000339    8.832686    5.848632    1.529123    1.781732    1.823706    1.940081    0.959426    1.085212    2.146531
Iteration: 161 bestvalit: 142.475000 bestmemit:    0.254379    0.030546    0.094200    0.095120    0.801814    0.380304    0.363019    0.363043    0.205892    0.244454    0.333956    0.453889    3.576061    0.010769    0.001718    0.000339    8.832686    5.848632    1.529123    1.781732    1.823706    1.940081    0.959426    1.085212    2.146531
Iteration: 162 bestvalit: 142.475000 bestmemit:    0.254379    0.030546    0.094200    0.095120    0.801814    0.380304    0.363019    0.363043    0.205892    0.244454    0.333956    0.453889    3.576061    0.010769    0.001718    0.000339    8.832686    5.848632    1.529123    1.781732    1.823706    1.940081    0.959426    1.085212    2.146531
Iteration: 163 bestvalit: 142.475000 bestmemit:    0.254379    0.030546    0.094200    0.095120    0.801814    0.380304    0.363019    0.363043    0.205892    0.244454    0.333956    0.453889    3.576061    0.010769    0.001718    0.000339    8.832686    5.848632    1.529123    1.781732    1.823706    1.940081    0.959426    1.085212    2.146531
Iteration: 164 bestvalit: 142.475000 bestmemit:    0.254379    0.030546    0.094200    0.095120    0.801814    0.380304    0.363019    0.363043    0.205892    0.244454    0.333956    0.453889    3.576061    0.010769    0.001718    0.000339    8.832686    5.848632    1.529123    1.781732    1.823706    1.940081    0.959426    1.085212    2.146531
Iteration: 165 bestvalit: 142.475000 bestmemit:    0.254379    0.030546    0.094200    0.095120    0.801814    0.380304    0.363019    0.363043    0.205892    0.244454    0.333956    0.453889    3.576061    0.010769    0.001718    0.000339    8.832686    5.848632    1.529123    1.781732    1.823706    1.940081    0.959426    1.085212    2.146531
Iteration: 166 bestvalit: 142.475000 bestmemit:    0.254379    0.030546    0.094200    0.095120    0.801814    0.380304    0.363019    0.363043    0.205892    0.244454    0.333956    0.453889    3.576061    0.010769    0.001718    0.000339    8.832686    5.848632    1.529123    1.781732    1.823706    1.940081    0.959426    1.085212    2.146531
Iteration: 167 bestvalit: 142.475000 bestmemit:    0.254379    0.030546    0.094200    0.095120    0.801814    0.380304    0.363019    0.363043    0.205892    0.244454    0.333956    0.453889    3.576061    0.010769    0.001718    0.000339    8.832686    5.848632    1.529123    1.781732    1.823706    1.940081    0.959426    1.085212    2.146531
Iteration: 168 bestvalit: 142.475000 bestmemit:    0.254379    0.030546    0.094200    0.095120    0.801814    0.380304    0.363019    0.363043    0.205892    0.244454    0.333956    0.453889    3.576061    0.010769    0.001718    0.000339    8.832686    5.848632    1.529123    1.781732    1.823706    1.940081    0.959426    1.085212    2.146531
Iteration: 169 bestvalit: 142.475000 bestmemit:    0.254379    0.030546    0.094200    0.095120    0.801814    0.380304    0.363019    0.363043    0.205892    0.244454    0.333956    0.453889    3.576061    0.010769    0.001718    0.000339    8.832686    5.848632    1.529123    1.781732    1.823706    1.940081    0.959426    1.085212    2.146531
Iteration: 170 bestvalit: 142.430000 bestmemit:    0.254379    0.030546    0.094200    0.095120    0.801814    0.380304    0.363019    0.363043    0.205892    0.244454    0.333956    0.453889    3.576061    0.010769    0.001718    0.000339    8.832686    5.848632    1.529123    1.781732    1.823706    1.827752    0.959426    1.085212    2.146531
Iteration: 171 bestvalit: 142.430000 bestmemit:    0.254379    0.030546    0.094200    0.095120    0.801814    0.380304    0.363019    0.363043    0.205892    0.244454    0.333956    0.453889    3.576061    0.010769    0.001718    0.000339    8.832686    5.848632    1.529123    1.781732    1.823706    1.827752    0.959426    1.085212    2.146531
Iteration: 172 bestvalit: 142.430000 bestmemit:    0.254379    0.030546    0.094200    0.095120    0.801814    0.380304    0.363019    0.363043    0.205892    0.244454    0.333956    0.453889    3.576061    0.010769    0.001718    0.000339    8.832686    5.848632    1.529123    1.781732    1.823706    1.827752    0.959426    1.085212    2.146531
Iteration: 173 bestvalit: 142.430000 bestmemit:    0.254379    0.030546    0.094200    0.095120    0.801814    0.380304    0.363019    0.363043    0.205892    0.244454    0.333956    0.453889    3.576061    0.010769    0.001718    0.000339    8.832686    5.848632    1.529123    1.781732    1.823706    1.827752    0.959426    1.085212    2.146531
Iteration: 174 bestvalit: 142.430000 bestmemit:    0.254379    0.030546    0.094200    0.095120    0.801814    0.380304    0.363019    0.363043    0.205892    0.244454    0.333956    0.453889    3.576061    0.010769    0.001718    0.000339    8.832686    5.848632    1.529123    1.781732    1.823706    1.827752    0.959426    1.085212    2.146531
Iteration: 175 bestvalit: 139.930000 bestmemit:    0.253955    0.030546    0.094200    0.095120    0.801814    0.380304    0.363019    0.363043    0.205892    0.244454    0.333956    0.453889    3.576061    0.010769    0.001718    0.000339    8.832686    5.848632    1.529123    1.781732    1.823706    1.827752    0.959426    1.090443    2.138816
Iteration: 176 bestvalit: 139.930000 bestmemit:    0.253955    0.030546    0.094200    0.095120    0.801814    0.380304    0.363019    0.363043    0.205892    0.244454    0.333956    0.453889    3.576061    0.010769    0.001718    0.000339    8.832686    5.848632    1.529123    1.781732    1.823706    1.827752    0.959426    1.090443    2.138816
Iteration: 177 bestvalit: 139.930000 bestmemit:    0.253955    0.030546    0.094200    0.095120    0.801814    0.380304    0.363019    0.363043    0.205892    0.244454    0.333956    0.453889    3.576061    0.010769    0.001718    0.000339    8.832686    5.848632    1.529123    1.781732    1.823706    1.827752    0.959426    1.090443    2.138816
Iteration: 178 bestvalit: 139.930000 bestmemit:    0.253955    0.030546    0.094200    0.095120    0.801814    0.380304    0.363019    0.363043    0.205892    0.244454    0.333956    0.453889    3.576061    0.010769    0.001718    0.000339    8.832686    5.848632    1.529123    1.781732    1.823706    1.827752    0.959426    1.090443    2.138816
Iteration: 179 bestvalit: 139.930000 bestmemit:    0.253955    0.030546    0.094200    0.095120    0.801814    0.380304    0.363019    0.363043    0.205892    0.244454    0.333956    0.453889    3.576061    0.010769    0.001718    0.000339    8.832686    5.848632    1.529123    1.781732    1.823706    1.827752    0.959426    1.090443    2.138816
Iteration: 180 bestvalit: 139.930000 bestmemit:    0.253955    0.030546    0.094200    0.095120    0.801814    0.380304    0.363019    0.363043    0.205892    0.244454    0.333956    0.453889    3.576061    0.010769    0.001718    0.000339    8.832686    5.848632    1.529123    1.781732    1.823706    1.827752    0.959426    1.090443    2.138816
Iteration: 181 bestvalit: 139.930000 bestmemit:    0.253955    0.030546    0.094200    0.095120    0.801814    0.380304    0.363019    0.363043    0.205892    0.244454    0.333956    0.453889    3.576061    0.010769    0.001718    0.000339    8.832686    5.848632    1.529123    1.781732    1.823706    1.827752    0.959426    1.090443    2.138816
Iteration: 182 bestvalit: 139.930000 bestmemit:    0.253955    0.030546    0.094200    0.095120    0.801814    0.380304    0.363019    0.363043    0.205892    0.244454    0.333956    0.453889    3.576061    0.010769    0.001718    0.000339    8.832686    5.848632    1.529123    1.781732    1.823706    1.827752    0.959426    1.090443    2.138816
Iteration: 183 bestvalit: 139.930000 bestmemit:    0.253955    0.030546    0.094200    0.095120    0.801814    0.380304    0.363019    0.363043    0.205892    0.244454    0.333956    0.453889    3.576061    0.010769    0.001718    0.000339    8.832686    5.848632    1.529123    1.781732    1.823706    1.827752    0.959426    1.090443    2.138816
Iteration: 184 bestvalit: 139.930000 bestmemit:    0.253955    0.030546    0.094200    0.095120    0.801814    0.380304    0.363019    0.363043    0.205892    0.244454    0.333956    0.453889    3.576061    0.010769    0.001718    0.000339    8.832686    5.848632    1.529123    1.781732    1.823706    1.827752    0.959426    1.090443    2.138816
Iteration: 185 bestvalit: 139.930000 bestmemit:    0.253955    0.030546    0.094200    0.095120    0.801814    0.380304    0.363019    0.363043    0.205892    0.244454    0.333956    0.453889    3.576061    0.010769    0.001718    0.000339    8.832686    5.848632    1.529123    1.781732    1.823706    1.827752    0.959426    1.090443    2.138816
Iteration: 186 bestvalit: 139.930000 bestmemit:    0.253955    0.030546    0.094200    0.095120    0.801814    0.380304    0.363019    0.363043    0.205892    0.244454    0.333956    0.453889    3.576061    0.010769    0.001718    0.000339    8.832686    5.848632    1.529123    1.781732    1.823706    1.827752    0.959426    1.090443    2.138816
Iteration: 187 bestvalit: 139.930000 bestmemit:    0.253955    0.030546    0.094200    0.095120    0.801814    0.380304    0.363019    0.363043    0.205892    0.244454    0.333956    0.453889    3.576061    0.010769    0.001718    0.000339    8.832686    5.848632    1.529123    1.781732    1.823706    1.827752    0.959426    1.090443    2.138816
Iteration: 188 bestvalit: 139.645000 bestmemit:    0.253955    0.030546    0.094200    0.095120    0.801814    0.380304    0.363019    0.363043    0.205892    0.244454    0.333956    0.453889    3.576061    0.010769    0.001718    0.000339    8.832686    5.848632    1.186296    1.811130    1.823706    1.827752    0.959426    1.090443    2.138816
Iteration: 189 bestvalit: 139.620000 bestmemit:    0.253955    0.030546    0.094200    0.095120    0.801814    0.380304    0.363019    0.363043    0.205892    0.244454    0.333956    0.453889    3.576061    0.010769    0.001718    0.000339    8.832686    5.521155    1.186296    1.811130    1.823706    1.827752    0.959426    1.090443    2.138816
Iteration: 190 bestvalit: 139.620000 bestmemit:    0.253955    0.030546    0.094200    0.095120    0.801814    0.380304    0.363019    0.363043    0.205892    0.244454    0.333956    0.453889    3.576061    0.010769    0.001718    0.000339    8.832686    5.521155    1.186296    1.811130    1.823706    1.827752    0.959426    1.090443    2.138816
Iteration: 191 bestvalit: 139.620000 bestmemit:    0.253955    0.030546    0.094200    0.095120    0.801814    0.380304    0.363019    0.363043    0.205892    0.244454    0.333956    0.453889    3.576061    0.010769    0.001718    0.000339    8.832686    5.521155    1.186296    1.811130    1.823706    1.827752    0.959426    1.090443    2.138816
Iteration: 192 bestvalit: 139.620000 bestmemit:    0.253955    0.030546    0.094200    0.095120    0.801814    0.380304    0.363019    0.363043    0.205892    0.244454    0.333956    0.453889    3.576061    0.010769    0.001718    0.000339    8.832686    5.521155    1.186296    1.811130    1.823706    1.827752    0.959426    1.090443    2.138816
Iteration: 193 bestvalit: 139.620000 bestmemit:    0.253955    0.030546    0.094200    0.095120    0.801814    0.380304    0.363019    0.363043    0.205892    0.244454    0.333956    0.453889    3.576061    0.010769    0.001718    0.000339    8.832686    5.521155    1.186296    1.811130    1.823706    1.827752    0.959426    1.090443    2.138816
Iteration: 194 bestvalit: 139.620000 bestmemit:    0.253955    0.030546    0.094200    0.095120    0.801814    0.380304    0.363019    0.363043    0.205892    0.244454    0.333956    0.453889    3.576061    0.010769    0.001718    0.000339    8.832686    5.521155    1.186296    1.811130    1.823706    1.827752    0.959426    1.090443    2.138816
Iteration: 195 bestvalit: 139.620000 bestmemit:    0.253955    0.030546    0.094200    0.095120    0.801814    0.380304    0.363019    0.363043    0.205892    0.244454    0.333956    0.453889    3.576061    0.010769    0.001718    0.000339    8.832686    5.521155    1.186296    1.811130    1.823706    1.827752    0.959426    1.090443    2.138816
Iteration: 196 bestvalit: 139.620000 bestmemit:    0.253955    0.030546    0.094200    0.095120    0.801814    0.380304    0.363019    0.363043    0.205892    0.244454    0.333956    0.453889    3.576061    0.010769    0.001718    0.000339    8.832686    5.521155    1.186296    1.811130    1.823706    1.827752    0.959426    1.090443    2.138816
Iteration: 197 bestvalit: 139.620000 bestmemit:    0.253955    0.030546    0.094200    0.095120    0.801814    0.380304    0.363019    0.363043    0.205892    0.244454    0.333956    0.453889    3.576061    0.010769    0.001718    0.000339    8.832686    5.521155    1.186296    1.811130    1.823706    1.827752    0.959426    1.090443    2.138816
Iteration: 198 bestvalit: 139.620000 bestmemit:    0.253955    0.030546    0.094200    0.095120    0.801814    0.380304    0.363019    0.363043    0.205892    0.244454    0.333956    0.453889    3.576061    0.010769    0.001718    0.000339    8.832686    5.521155    1.186296    1.811130    1.823706    1.827752    0.959426    1.090443    2.138816
Iteration: 199 bestvalit: 139.620000 bestmemit:    0.253955    0.030546    0.094200    0.095120    0.801814    0.380304    0.363019    0.363043    0.205892    0.244454    0.333956    0.453889    3.576061    0.010769    0.001718    0.000339    8.832686    5.521155    1.186296    1.811130    1.823706    1.827752    0.959426    1.090443    2.138816
Iteration: 200 bestvalit: 139.620000 bestmemit:    0.253955    0.030546    0.094200    0.095120    0.801814    0.380304    0.363019    0.363043    0.205892    0.244454    0.333956    0.453889    3.576061    0.010769    0.001718    0.000339    8.832686    5.521155    1.186296    1.811130    1.823706    1.827752    0.959426    1.090443    2.138816
Iteration: 201 bestvalit: 139.620000 bestmemit:    0.253955    0.030546    0.094200    0.095120    0.801814    0.380304    0.363019    0.363043    0.205892    0.244454    0.333956    0.453889    3.576061    0.010769    0.001718    0.000339    8.832686    5.521155    1.186296    1.811130    1.823706    1.827752    0.959426    1.090443    2.138816
Iteration: 202 bestvalit: 139.620000 bestmemit:    0.253955    0.030546    0.094200    0.095120    0.801814    0.380304    0.363019    0.363043    0.205892    0.244454    0.333956    0.453889    3.576061    0.010769    0.001718    0.000339    8.832686    5.521155    1.186296    1.811130    1.823706    1.827752    0.959426    1.090443    2.138816
Iteration: 203 bestvalit: 139.620000 bestmemit:    0.253955    0.030546    0.094200    0.095120    0.801814    0.380304    0.363019    0.363043    0.205892    0.244454    0.333956    0.453889    3.576061    0.010769    0.001718    0.000339    8.832686    5.521155    1.186296    1.811130    1.823706    1.827752    0.959426    1.090443    2.138816
Iteration: 204 bestvalit: 139.620000 bestmemit:    0.253955    0.030546    0.094200    0.095120    0.801814    0.380304    0.363019    0.363043    0.205892    0.244454    0.333956    0.453889    3.576061    0.010769    0.001718    0.000339    8.832686    5.521155    1.186296    1.811130    1.823706    1.827752    0.959426    1.090443    2.138816
Iteration: 205 bestvalit: 139.620000 bestmemit:    0.253955    0.030546    0.094200    0.095120    0.801814    0.380304    0.363019    0.363043    0.205892    0.244454    0.333956    0.453889    3.576061    0.010769    0.001718    0.000339    8.832686    5.521155    1.186296    1.811130    1.823706    1.827752    0.959426    1.090443    2.138816
Iteration: 206 bestvalit: 139.620000 bestmemit:    0.253955    0.030546    0.094200    0.095120    0.801814    0.380304    0.363019    0.363043    0.205892    0.244454    0.333956    0.453889    3.576061    0.010769    0.001718    0.000339    8.832686    5.521155    1.186296    1.811130    1.823706    1.827752    0.959426    1.090443    2.138816
Iteration: 207 bestvalit: 139.620000 bestmemit:    0.253955    0.030546    0.094200    0.095120    0.801814    0.380304    0.363019    0.363043    0.205892    0.244454    0.333956    0.453889    3.576061    0.010769    0.001718    0.000339    8.832686    5.521155    1.186296    1.811130    1.823706    1.827752    0.959426    1.090443    2.138816
Iteration: 208 bestvalit: 139.620000 bestmemit:    0.253955    0.030546    0.094200    0.095120    0.801814    0.380304    0.363019    0.363043    0.205892    0.244454    0.333956    0.453889    3.576061    0.010769    0.001718    0.000339    8.832686    5.521155    1.186296    1.811130    1.823706    1.827752    0.959426    1.090443    2.138816
Iteration: 209 bestvalit: 139.615000 bestmemit:    0.253955    0.030546    0.094200    0.095120    0.801814    0.380304    0.363019    0.363043    0.205892    0.244454    0.333956    0.453889    3.576061    0.010769    0.001718    0.000339    8.917227    5.521155    1.186296    1.811130    1.823706    1.827752    0.959426    1.090443    2.138816
Iteration: 210 bestvalit: 139.615000 bestmemit:    0.253955    0.030546    0.094200    0.095120    0.801814    0.380304    0.363019    0.363043    0.205892    0.244454    0.333956    0.453889    3.576061    0.010769    0.001718    0.000339    8.917227    5.521155    1.186296    1.811130    1.823706    1.827752    0.959426    1.090443    2.138816
Iteration: 211 bestvalit: 139.615000 bestmemit:    0.253955    0.030546    0.094200    0.095120    0.801814    0.380304    0.363019    0.363043    0.205892    0.244454    0.333956    0.453889    3.576061    0.010769    0.001718    0.000339    8.917227    5.521155    1.186296    1.811130    1.823706    1.827752    0.959426    1.090443    2.138816
Iteration: 212 bestvalit: 139.615000 bestmemit:    0.253955    0.030546    0.094200    0.095120    0.801814    0.380304    0.363019    0.363043    0.205892    0.244454    0.333956    0.453889    3.576061    0.010769    0.001718    0.000339    8.917227    5.521155    1.186296    1.811130    1.823706    1.827752    0.959426    1.090443    2.138816
Iteration: 213 bestvalit: 139.615000 bestmemit:    0.253955    0.030546    0.094200    0.095120    0.801814    0.380304    0.363019    0.363043    0.205892    0.244454    0.333956    0.453889    3.576061    0.010769    0.001718    0.000339    8.917227    5.521155    1.186296    1.811130    1.823706    1.827752    0.959426    1.090443    2.138816
Iteration: 214 bestvalit: 138.860000 bestmemit:    0.296982    0.006984    0.027158    0.094207    0.393953    0.218075    0.135009    0.206029    0.076518    0.121907    0.109030    0.465154    2.061440    0.017576    0.005167    0.013463    9.643747    8.785251    1.876763    1.805666    1.843975    1.992464    0.997316    1.120882    1.951101
Iteration: 215 bestvalit: 138.860000 bestmemit:    0.296982    0.006984    0.027158    0.094207    0.393953    0.218075    0.135009    0.206029    0.076518    0.121907    0.109030    0.465154    2.061440    0.017576    0.005167    0.013463    9.643747    8.785251    1.876763    1.805666    1.843975    1.992464    0.997316    1.120882    1.951101
Iteration: 216 bestvalit: 138.860000 bestmemit:    0.296982    0.006984    0.027158    0.094207    0.393953    0.218075    0.135009    0.206029    0.076518    0.121907    0.109030    0.465154    2.061440    0.017576    0.005167    0.013463    9.643747    8.785251    1.876763    1.805666    1.843975    1.992464    0.997316    1.120882    1.951101
Iteration: 217 bestvalit: 138.860000 bestmemit:    0.296982    0.006984    0.027158    0.094207    0.393953    0.218075    0.135009    0.206029    0.076518    0.121907    0.109030    0.465154    2.061440    0.017576    0.005167    0.013463    9.643747    8.785251    1.876763    1.805666    1.843975    1.992464    0.997316    1.120882    1.951101
Iteration: 218 bestvalit: 138.860000 bestmemit:    0.296982    0.006984    0.027158    0.094207    0.393953    0.218075    0.135009    0.206029    0.076518    0.121907    0.109030    0.465154    2.061440    0.017576    0.005167    0.013463    9.643747    8.785251    1.876763    1.805666    1.843975    1.992464    0.997316    1.120882    1.951101
Iteration: 219 bestvalit: 138.860000 bestmemit:    0.296982    0.006984    0.027158    0.094207    0.393953    0.218075    0.135009    0.206029    0.076518    0.121907    0.109030    0.465154    2.061440    0.017576    0.005167    0.013463    9.643747    8.785251    1.876763    1.805666    1.843975    1.992464    0.997316    1.120882    1.951101
Iteration: 220 bestvalit: 138.860000 bestmemit:    0.296982    0.006984    0.027158    0.094207    0.393953    0.218075    0.135009    0.206029    0.076518    0.121907    0.109030    0.465154    2.061440    0.017576    0.005167    0.013463    9.643747    8.785251    1.876763    1.805666    1.843975    1.992464    0.997316    1.120882    1.951101
Iteration: 221 bestvalit: 138.860000 bestmemit:    0.296982    0.006984    0.027158    0.094207    0.393953    0.218075    0.135009    0.206029    0.076518    0.121907    0.109030    0.465154    2.061440    0.017576    0.005167    0.013463    9.643747    8.785251    1.876763    1.805666    1.843975    1.992464    0.997316    1.120882    1.951101
Iteration: 222 bestvalit: 138.860000 bestmemit:    0.296982    0.006984    0.027158    0.094207    0.393953    0.218075    0.135009    0.206029    0.076518    0.121907    0.109030    0.465154    2.061440    0.017576    0.005167    0.013463    9.643747    8.785251    1.876763    1.805666    1.843975    1.992464    0.997316    1.120882    1.951101
Iteration: 223 bestvalit: 138.860000 bestmemit:    0.296982    0.006984    0.027158    0.094207    0.393953    0.218075    0.135009    0.206029    0.076518    0.121907    0.109030    0.465154    2.061440    0.017576    0.005167    0.013463    9.643747    8.785251    1.876763    1.805666    1.843975    1.992464    0.997316    1.120882    1.951101
Iteration: 224 bestvalit: 138.860000 bestmemit:    0.296982    0.006984    0.027158    0.094207    0.393953    0.218075    0.135009    0.206029    0.076518    0.121907    0.109030    0.465154    2.061440    0.017576    0.005167    0.013463    9.643747    8.785251    1.876763    1.805666    1.843975    1.992464    0.997316    1.120882    1.951101
Iteration: 225 bestvalit: 138.860000 bestmemit:    0.296982    0.006984    0.027158    0.094207    0.393953    0.218075    0.135009    0.206029    0.076518    0.121907    0.109030    0.465154    2.061440    0.017576    0.005167    0.013463    9.643747    8.785251    1.876763    1.805666    1.843975    1.992464    0.997316    1.120882    1.951101
Iteration: 226 bestvalit: 138.860000 bestmemit:    0.296982    0.006984    0.027158    0.094207    0.393953    0.218075    0.135009    0.206029    0.076518    0.121907    0.109030    0.465154    2.061440    0.017576    0.005167    0.013463    9.643747    8.785251    1.876763    1.805666    1.843975    1.992464    0.997316    1.120882    1.951101
Iteration: 227 bestvalit: 138.860000 bestmemit:    0.296982    0.006984    0.027158    0.094207    0.393953    0.218075    0.135009    0.206029    0.076518    0.121907    0.109030    0.465154    2.061440    0.017576    0.005167    0.013463    9.643747    8.785251    1.876763    1.805666    1.843975    1.992464    0.997316    1.120882    1.951101
Iteration: 228 bestvalit: 138.860000 bestmemit:    0.296982    0.006984    0.027158    0.094207    0.393953    0.218075    0.135009    0.206029    0.076518    0.121907    0.109030    0.465154    2.061440    0.017576    0.005167    0.013463    9.643747    8.785251    1.876763    1.805666    1.843975    1.992464    0.997316    1.120882    1.951101
Iteration: 229 bestvalit: 138.860000 bestmemit:    0.296982    0.006984    0.027158    0.094207    0.393953    0.218075    0.135009    0.206029    0.076518    0.121907    0.109030    0.465154    2.061440    0.017576    0.005167    0.013463    9.643747    8.785251    1.876763    1.805666    1.843975    1.992464    0.997316    1.120882    1.951101
Iteration: 230 bestvalit: 138.860000 bestmemit:    0.296982    0.006984    0.027158    0.094207    0.393953    0.218075    0.135009    0.206029    0.076518    0.121907    0.109030    0.465154    2.061440    0.017576    0.005167    0.013463    9.643747    8.785251    1.876763    1.805666    1.843975    1.992464    0.997316    1.120882    1.951101
Iteration: 231 bestvalit: 138.860000 bestmemit:    0.296982    0.006984    0.027158    0.094207    0.393953    0.218075    0.135009    0.206029    0.076518    0.121907    0.109030    0.465154    2.061440    0.017576    0.005167    0.013463    9.643747    8.785251    1.876763    1.805666    1.843975    1.992464    0.997316    1.120882    1.951101
Iteration: 232 bestvalit: 138.860000 bestmemit:    0.296982    0.006984    0.027158    0.094207    0.393953    0.218075    0.135009    0.206029    0.076518    0.121907    0.109030    0.465154    2.061440    0.017576    0.005167    0.013463    9.643747    8.785251    1.876763    1.805666    1.843975    1.992464    0.997316    1.120882    1.951101
Iteration: 233 bestvalit: 138.860000 bestmemit:    0.296982    0.006984    0.027158    0.094207    0.393953    0.218075    0.135009    0.206029    0.076518    0.121907    0.109030    0.465154    2.061440    0.017576    0.005167    0.013463    9.643747    8.785251    1.876763    1.805666    1.843975    1.992464    0.997316    1.120882    1.951101
Iteration: 234 bestvalit: 138.860000 bestmemit:    0.296982    0.006984    0.027158    0.094207    0.393953    0.218075    0.135009    0.206029    0.076518    0.121907    0.109030    0.465154    2.061440    0.017576    0.005167    0.013463    9.643747    8.785251    1.876763    1.805666    1.843975    1.992464    0.997316    1.120882    1.951101
Iteration: 235 bestvalit: 138.860000 bestmemit:    0.296982    0.006984    0.027158    0.094207    0.393953    0.218075    0.135009    0.206029    0.076518    0.121907    0.109030    0.465154    2.061440    0.017576    0.005167    0.013463    9.643747    8.785251    1.876763    1.805666    1.843975    1.992464    0.997316    1.120882    1.951101
Iteration: 236 bestvalit: 138.860000 bestmemit:    0.296982    0.006984    0.027158    0.094207    0.393953    0.218075    0.135009    0.206029    0.076518    0.121907    0.109030    0.465154    2.061440    0.017576    0.005167    0.013463    9.643747    8.785251    1.876763    1.805666    1.843975    1.992464    0.997316    1.120882    1.951101
Iteration: 237 bestvalit: 138.860000 bestmemit:    0.296982    0.006984    0.027158    0.094207    0.393953    0.218075    0.135009    0.206029    0.076518    0.121907    0.109030    0.465154    2.061440    0.017576    0.005167    0.013463    9.643747    8.785251    1.876763    1.805666    1.843975    1.992464    0.997316    1.120882    1.951101
Iteration: 238 bestvalit: 138.860000 bestmemit:    0.296982    0.006984    0.027158    0.094207    0.393953    0.218075    0.135009    0.206029    0.076518    0.121907    0.109030    0.465154    2.061440    0.017576    0.005167    0.013463    9.643747    8.785251    1.876763    1.805666    1.843975    1.992464    0.997316    1.120882    1.951101
Iteration: 239 bestvalit: 138.860000 bestmemit:    0.296982    0.006984    0.027158    0.094207    0.393953    0.218075    0.135009    0.206029    0.076518    0.121907    0.109030    0.465154    2.061440    0.017576    0.005167    0.013463    9.643747    8.785251    1.876763    1.805666    1.843975    1.992464    0.997316    1.120882    1.951101
Iteration: 240 bestvalit: 138.860000 bestmemit:    0.296982    0.006984    0.027158    0.094207    0.393953    0.218075    0.135009    0.206029    0.076518    0.121907    0.109030    0.465154    2.061440    0.017576    0.005167    0.013463    9.643747    8.785251    1.876763    1.805666    1.843975    1.992464    0.997316    1.120882    1.951101
Iteration: 241 bestvalit: 138.860000 bestmemit:    0.296982    0.006984    0.027158    0.094207    0.393953    0.218075    0.135009    0.206029    0.076518    0.121907    0.109030    0.465154    2.061440    0.017576    0.005167    0.013463    9.643747    8.785251    1.876763    1.805666    1.843975    1.992464    0.997316    1.120882    1.951101
Iteration: 242 bestvalit: 138.860000 bestmemit:    0.296982    0.006984    0.027158    0.094207    0.393953    0.218075    0.135009    0.206029    0.076518    0.121907    0.109030    0.465154    2.061440    0.017576    0.005167    0.013463    9.643747    8.785251    1.876763    1.805666    1.843975    1.992464    0.997316    1.120882    1.951101
Iteration: 243 bestvalit: 137.880000 bestmemit:    0.253955    0.030546    0.094200    0.095120    0.801814    0.380304    0.363019    0.363043    0.205892    0.244454    0.333956    0.489244    3.576061    0.010769    0.001718    0.000339    8.917227    5.521155    1.186296    1.811130    1.922218    1.809238    0.959426    1.090443    2.138816
Iteration: 244 bestvalit: 137.865000 bestmemit:    0.253955    0.030546    0.094200    0.095120    0.801814    0.380304    0.363019    0.363043    0.205892    0.244454    0.333956    0.489244    3.576061    0.010769    0.001718    0.000339    8.917227    5.521155    1.186296    1.811130    1.922218    1.590974    0.959426    1.090443    2.138816
Iteration: 245 bestvalit: 130.950000 bestmemit:    0.296982    0.006984    0.027158    0.094207    0.393953    0.218075    0.135009    0.206029    0.076518    0.121907    0.109030    0.465154    2.061440    0.017576    0.002618    0.013463    9.643747    8.785251    1.876763    1.805666    1.843975    1.992464    0.997316    1.120882    1.951101
Iteration: 246 bestvalit: 130.950000 bestmemit:    0.296982    0.006984    0.027158    0.094207    0.393953    0.218075    0.135009    0.206029    0.076518    0.121907    0.109030    0.465154    2.061440    0.017576    0.002618    0.013463    9.643747    8.785251    1.876763    1.805666    1.843975    1.992464    0.997316    1.120882    1.951101
Iteration: 247 bestvalit: 130.950000 bestmemit:    0.296982    0.006984    0.027158    0.094207    0.393953    0.218075    0.135009    0.206029    0.076518    0.121907    0.109030    0.465154    2.061440    0.017576    0.002618    0.013463    9.643747    8.785251    1.876763    1.805666    1.843975    1.992464    0.997316    1.120882    1.951101
Iteration: 248 bestvalit: 130.950000 bestmemit:    0.296982    0.006984    0.027158    0.094207    0.393953    0.218075    0.135009    0.206029    0.076518    0.121907    0.109030    0.465154    2.061440    0.017576    0.002618    0.013463    9.643747    8.785251    1.876763    1.805666    1.843975    1.992464    0.997316    1.120882    1.951101
Iteration: 249 bestvalit: 130.950000 bestmemit:    0.296982    0.006984    0.027158    0.094207    0.393953    0.218075    0.135009    0.206029    0.076518    0.121907    0.109030    0.465154    2.061440    0.017576    0.002618    0.013463    9.643747    8.785251    1.876763    1.805666    1.843975    1.992464    0.997316    1.120882    1.951101
Iteration: 250 bestvalit: 130.950000 bestmemit:    0.296982    0.006984    0.027158    0.094207    0.393953    0.218075    0.135009    0.206029    0.076518    0.121907    0.109030    0.465154    2.061440    0.017576    0.002618    0.013463    9.643747    8.785251    1.876763    1.805666    1.843975    1.992464    0.997316    1.120882    1.951101
Iteration: 251 bestvalit: 130.950000 bestmemit:    0.296982    0.006984    0.027158    0.094207    0.393953    0.218075    0.135009    0.206029    0.076518    0.121907    0.109030    0.465154    2.061440    0.017576    0.002618    0.013463    9.643747    8.785251    1.876763    1.805666    1.843975    1.992464    0.997316    1.120882    1.951101
Iteration: 252 bestvalit: 130.950000 bestmemit:    0.296982    0.006984    0.027158    0.094207    0.393953    0.218075    0.135009    0.206029    0.076518    0.121907    0.109030    0.465154    2.061440    0.017576    0.002618    0.013463    9.643747    8.785251    1.876763    1.805666    1.843975    1.992464    0.997316    1.120882    1.951101
Iteration: 253 bestvalit: 130.950000 bestmemit:    0.296982    0.006984    0.027158    0.094207    0.393953    0.218075    0.135009    0.206029    0.076518    0.121907    0.109030    0.465154    2.061440    0.017576    0.002618    0.013463    9.643747    8.785251    1.876763    1.805666    1.843975    1.992464    0.997316    1.120882    1.951101
Iteration: 254 bestvalit: 130.950000 bestmemit:    0.296982    0.006984    0.027158    0.094207    0.393953    0.218075    0.135009    0.206029    0.076518    0.121907    0.109030    0.465154    2.061440    0.017576    0.002618    0.013463    9.643747    8.785251    1.876763    1.805666    1.843975    1.992464    0.997316    1.120882    1.951101
Iteration: 255 bestvalit: 130.950000 bestmemit:    0.296982    0.006984    0.027158    0.094207    0.393953    0.218075    0.135009    0.206029    0.076518    0.121907    0.109030    0.465154    2.061440    0.017576    0.002618    0.013463    9.643747    8.785251    1.876763    1.805666    1.843975    1.992464    0.997316    1.120882    1.951101
Iteration: 256 bestvalit: 130.950000 bestmemit:    0.296982    0.006984    0.027158    0.094207    0.393953    0.218075    0.135009    0.206029    0.076518    0.121907    0.109030    0.465154    2.061440    0.017576    0.002618    0.013463    9.643747    8.785251    1.876763    1.805666    1.843975    1.992464    0.997316    1.120882    1.951101
Iteration: 257 bestvalit: 130.950000 bestmemit:    0.296982    0.006984    0.027158    0.094207    0.393953    0.218075    0.135009    0.206029    0.076518    0.121907    0.109030    0.465154    2.061440    0.017576    0.002618    0.013463    9.643747    8.785251    1.876763    1.805666    1.843975    1.992464    0.997316    1.120882    1.951101
Iteration: 258 bestvalit: 130.950000 bestmemit:    0.296982    0.006984    0.027158    0.094207    0.393953    0.218075    0.135009    0.206029    0.076518    0.121907    0.109030    0.465154    2.061440    0.017576    0.002618    0.013463    9.643747    8.785251    1.876763    1.805666    1.843975    1.992464    0.997316    1.120882    1.951101
Iteration: 259 bestvalit: 130.950000 bestmemit:    0.296982    0.006984    0.027158    0.094207    0.393953    0.218075    0.135009    0.206029    0.076518    0.121907    0.109030    0.465154    2.061440    0.017576    0.002618    0.013463    9.643747    8.785251    1.876763    1.805666    1.843975    1.992464    0.997316    1.120882    1.951101
Iteration: 260 bestvalit: 130.950000 bestmemit:    0.296982    0.006984    0.027158    0.094207    0.393953    0.218075    0.135009    0.206029    0.076518    0.121907    0.109030    0.465154    2.061440    0.017576    0.002618    0.013463    9.643747    8.785251    1.876763    1.805666    1.843975    1.992464    0.997316    1.120882    1.951101
Iteration: 261 bestvalit: 130.950000 bestmemit:    0.296982    0.006984    0.027158    0.094207    0.393953    0.218075    0.135009    0.206029    0.076518    0.121907    0.109030    0.465154    2.061440    0.017576    0.002618    0.013463    9.643747    8.785251    1.876763    1.805666    1.843975    1.992464    0.997316    1.120882    1.951101
Iteration: 262 bestvalit: 130.950000 bestmemit:    0.296982    0.006984    0.027158    0.094207    0.393953    0.218075    0.135009    0.206029    0.076518    0.121907    0.109030    0.465154    2.061440    0.017576    0.002618    0.013463    9.643747    8.785251    1.876763    1.805666    1.843975    1.992464    0.997316    1.120882    1.951101
Iteration: 263 bestvalit: 130.950000 bestmemit:    0.296982    0.006984    0.027158    0.094207    0.393953    0.218075    0.135009    0.206029    0.076518    0.121907    0.109030    0.465154    2.061440    0.017576    0.002618    0.013463    9.643747    8.785251    1.876763    1.805666    1.843975    1.992464    0.997316    1.120882    1.951101
Iteration: 264 bestvalit: 130.950000 bestmemit:    0.296982    0.006984    0.027158    0.094207    0.393953    0.218075    0.135009    0.206029    0.076518    0.121907    0.109030    0.465154    2.061440    0.017576    0.002618    0.013463    9.643747    8.785251    1.876763    1.805666    1.843975    1.992464    0.997316    1.120882    1.951101
Iteration: 265 bestvalit: 130.950000 bestmemit:    0.296982    0.006984    0.027158    0.094207    0.393953    0.218075    0.135009    0.206029    0.076518    0.121907    0.109030    0.465154    2.061440    0.017576    0.002618    0.013463    9.643747    8.785251    1.876763    1.805666    1.843975    1.992464    0.997316    1.120882    1.951101
Iteration: 266 bestvalit: 130.950000 bestmemit:    0.296982    0.006984    0.027158    0.094207    0.393953    0.218075    0.135009    0.206029    0.076518    0.121907    0.109030    0.465154    2.061440    0.017576    0.002618    0.013463    9.643747    8.785251    1.876763    1.805666    1.843975    1.992464    0.997316    1.120882    1.951101
Iteration: 267 bestvalit: 130.950000 bestmemit:    0.296982    0.006984    0.027158    0.094207    0.393953    0.218075    0.135009    0.206029    0.076518    0.121907    0.109030    0.465154    2.061440    0.017576    0.002618    0.013463    9.643747    8.785251    1.876763    1.805666    1.843975    1.992464    0.997316    1.120882    1.951101
Iteration: 268 bestvalit: 130.950000 bestmemit:    0.296982    0.006984    0.027158    0.094207    0.393953    0.218075    0.135009    0.206029    0.076518    0.121907    0.109030    0.465154    2.061440    0.017576    0.002618    0.013463    9.643747    8.785251    1.876763    1.805666    1.843975    1.992464    0.997316    1.120882    1.951101
Iteration: 269 bestvalit: 130.950000 bestmemit:    0.296982    0.006984    0.027158    0.094207    0.393953    0.218075    0.135009    0.206029    0.076518    0.121907    0.109030    0.465154    2.061440    0.017576    0.002618    0.013463    9.643747    8.785251    1.876763    1.805666    1.843975    1.992464    0.997316    1.120882    1.951101
Iteration: 270 bestvalit: 130.950000 bestmemit:    0.296982    0.006984    0.027158    0.094207    0.393953    0.218075    0.135009    0.206029    0.076518    0.121907    0.109030    0.465154    2.061440    0.017576    0.002618    0.013463    9.643747    8.785251    1.876763    1.805666    1.843975    1.992464    0.997316    1.120882    1.951101
Iteration: 271 bestvalit: 130.950000 bestmemit:    0.296982    0.006984    0.027158    0.094207    0.393953    0.218075    0.135009    0.206029    0.076518    0.121907    0.109030    0.465154    2.061440    0.017576    0.002618    0.013463    9.643747    8.785251    1.876763    1.805666    1.843975    1.992464    0.997316    1.120882    1.951101
Iteration: 272 bestvalit: 130.950000 bestmemit:    0.296982    0.006984    0.027158    0.094207    0.393953    0.218075    0.135009    0.206029    0.076518    0.121907    0.109030    0.465154    2.061440    0.017576    0.002618    0.013463    9.643747    8.785251    1.876763    1.805666    1.843975    1.992464    0.997316    1.120882    1.951101
Iteration: 273 bestvalit: 130.950000 bestmemit:    0.296982    0.006984    0.027158    0.094207    0.393953    0.218075    0.135009    0.206029    0.076518    0.121907    0.109030    0.465154    2.061440    0.017576    0.002618    0.013463    9.643747    8.785251    1.876763    1.805666    1.843975    1.992464    0.997316    1.120882    1.951101
Iteration: 274 bestvalit: 125.545000 bestmemit:    0.296982    0.006984    0.027158    0.094207    0.393953    0.201663    0.135009    0.206029    0.076518    0.121907    0.109030    0.465154    2.061440    0.017576    0.002618    0.013463    9.643747    8.785251    1.876763    1.805666    1.843975    1.992464    0.997316    1.120882    1.951101
Iteration: 275 bestvalit: 125.545000 bestmemit:    0.296982    0.006984    0.027158    0.094207    0.393953    0.201663    0.135009    0.206029    0.076518    0.121907    0.109030    0.465154    2.061440    0.017576    0.002618    0.013463    9.643747    8.785251    1.876763    1.805666    1.843975    1.992464    0.997316    1.120882    1.951101
Iteration: 276 bestvalit: 125.545000 bestmemit:    0.296982    0.006984    0.027158    0.094207    0.393953    0.201663    0.135009    0.206029    0.076518    0.121907    0.109030    0.465154    2.061440    0.017576    0.002618    0.013463    9.643747    8.785251    1.876763    1.805666    1.843975    1.992464    0.997316    1.120882    1.951101
Iteration: 277 bestvalit: 125.545000 bestmemit:    0.296982    0.006984    0.027158    0.094207    0.393953    0.201663    0.135009    0.206029    0.076518    0.121907    0.109030    0.465154    2.061440    0.017576    0.002618    0.013463    9.643747    8.785251    1.876763    1.805666    1.843975    1.992464    0.997316    1.120882    1.951101
Iteration: 278 bestvalit: 125.410000 bestmemit:    0.296982    0.006984    0.027158    0.094207    0.393953    0.201663    0.135009    0.206029    0.076518    0.135279    0.109030    0.465154    2.061440    0.017576    0.002618    0.013463    9.643747    8.785251    1.876763    1.805666    1.843975    1.992464    0.997316    1.120882    1.951101
Iteration: 279 bestvalit: 125.410000 bestmemit:    0.296982    0.006984    0.027158    0.094207    0.393953    0.201663    0.135009    0.206029    0.076518    0.135279    0.109030    0.465154    2.061440    0.017576    0.002618    0.013463    9.643747    8.785251    1.876763    1.805666    1.843975    1.992464    0.997316    1.120882    1.951101
Iteration: 280 bestvalit: 125.410000 bestmemit:    0.296982    0.006984    0.027158    0.094207    0.393953    0.201663    0.135009    0.206029    0.076518    0.135279    0.109030    0.465154    2.061440    0.017576    0.002618    0.013463    9.643747    8.785251    1.876763    1.805666    1.843975    1.992464    0.997316    1.120882    1.951101
Iteration: 281 bestvalit: 125.410000 bestmemit:    0.296982    0.006984    0.027158    0.094207    0.393953    0.201663    0.135009    0.206029    0.076518    0.135279    0.109030    0.465154    2.061440    0.017576    0.002618    0.013463    9.643747    8.785251    1.876763    1.805666    1.843975    1.992464    0.997316    1.120882    1.951101
Iteration: 282 bestvalit: 125.410000 bestmemit:    0.296982    0.006984    0.027158    0.094207    0.393953    0.201663    0.135009    0.206029    0.076518    0.135279    0.109030    0.465154    2.061440    0.017576    0.002618    0.013463    9.643747    8.785251    1.876763    1.805666    1.843975    1.992464    0.997316    1.120882    1.951101
Iteration: 283 bestvalit: 125.410000 bestmemit:    0.296982    0.006984    0.027158    0.094207    0.393953    0.201663    0.135009    0.206029    0.076518    0.135279    0.109030    0.465154    2.061440    0.017576    0.002618    0.013463    9.643747    8.785251    1.876763    1.805666    1.843975    1.992464    0.997316    1.120882    1.951101
Iteration: 284 bestvalit: 125.410000 bestmemit:    0.296982    0.006984    0.027158    0.094207    0.393953    0.201663    0.135009    0.206029    0.076518    0.135279    0.109030    0.465154    2.061440    0.017576    0.002618    0.013463    9.643747    8.785251    1.876763    1.805666    1.843975    1.992464    0.997316    1.120882    1.951101
Iteration: 285 bestvalit: 125.410000 bestmemit:    0.296982    0.006984    0.027158    0.094207    0.393953    0.201663    0.135009    0.206029    0.076518    0.135279    0.109030    0.465154    2.061440    0.017576    0.002618    0.013463    9.643747    8.785251    1.876763    1.805666    1.843975    1.992464    0.997316    1.120882    1.951101
Iteration: 286 bestvalit: 125.410000 bestmemit:    0.296982    0.006984    0.027158    0.094207    0.393953    0.201663    0.135009    0.206029    0.076518    0.135279    0.109030    0.465154    2.061440    0.017576    0.002618    0.013463    9.643747    8.785251    1.876763    1.805666    1.843975    1.992464    0.997316    1.120882    1.951101
Iteration: 287 bestvalit: 125.410000 bestmemit:    0.296982    0.006984    0.027158    0.094207    0.393953    0.201663    0.135009    0.206029    0.076518    0.135279    0.109030    0.465154    2.061440    0.017576    0.002618    0.013463    9.643747    8.785251    1.876763    1.805666    1.843975    1.992464    0.997316    1.120882    1.951101
Iteration: 288 bestvalit: 125.410000 bestmemit:    0.296982    0.006984    0.027158    0.094207    0.393953    0.201663    0.135009    0.206029    0.076518    0.135279    0.109030    0.465154    2.061440    0.017576    0.002618    0.013463    9.643747    8.785251    1.876763    1.805666    1.843975    1.992464    0.997316    1.120882    1.951101
Iteration: 289 bestvalit: 125.410000 bestmemit:    0.296982    0.006984    0.027158    0.094207    0.393953    0.201663    0.135009    0.206029    0.076518    0.135279    0.109030    0.465154    2.061440    0.017576    0.002618    0.013463    9.643747    8.785251    1.876763    1.805666    1.843975    1.992464    0.997316    1.120882    1.951101
Iteration: 290 bestvalit: 125.410000 bestmemit:    0.296982    0.006984    0.027158    0.094207    0.393953    0.201663    0.135009    0.206029    0.076518    0.135279    0.109030    0.465154    2.061440    0.017576    0.002618    0.013463    9.643747    8.785251    1.876763    1.805666    1.843975    1.992464    0.997316    1.120882    1.951101
Iteration: 291 bestvalit: 125.410000 bestmemit:    0.296982    0.006984    0.027158    0.094207    0.393953    0.201663    0.135009    0.206029    0.076518    0.135279    0.109030    0.465154    2.061440    0.017576    0.002618    0.013463    9.643747    8.785251    1.876763    1.805666    1.843975    1.992464    0.997316    1.120882    1.951101
Iteration: 292 bestvalit: 123.830000 bestmemit:    0.296982    0.006984    0.025988    0.094207    0.393953    0.201663    0.135009    0.206029    0.076518    0.135279    0.109030    0.465154    2.061440    0.017576    0.002618    0.013463    9.643747    8.785251    1.876763    1.805666    1.843975    1.992464    0.997316    1.120882    1.951101
Iteration: 293 bestvalit: 123.830000 bestmemit:    0.296982    0.006984    0.025988    0.094207    0.393953    0.201663    0.135009    0.206029    0.076518    0.135279    0.109030    0.465154    2.061440    0.017576    0.002618    0.013463    9.643747    8.785251    1.876763    1.805666    1.843975    1.992464    0.997316    1.120882    1.951101
Iteration: 294 bestvalit: 123.830000 bestmemit:    0.296982    0.006984    0.025988    0.094207    0.393953    0.201663    0.135009    0.206029    0.076518    0.135279    0.109030    0.465154    2.061440    0.017576    0.002618    0.013463    9.643747    8.785251    1.876763    1.805666    1.843975    1.992464    0.997316    1.120882    1.951101
Iteration: 295 bestvalit: 123.830000 bestmemit:    0.296982    0.006984    0.025988    0.094207    0.393953    0.201663    0.135009    0.206029    0.076518    0.135279    0.109030    0.465154    2.061440    0.017576    0.002618    0.013463    9.643747    8.785251    1.876763    1.805666    1.843975    1.992464    0.997316    1.120882    1.951101
Iteration: 296 bestvalit: 123.830000 bestmemit:    0.296982    0.006984    0.025988    0.094207    0.393953    0.201663    0.135009    0.206029    0.076518    0.135279    0.109030    0.465154    2.061440    0.017576    0.002618    0.013463    9.643747    8.785251    1.876763    1.805666    1.843975    1.992464    0.997316    1.120882    1.951101
Iteration: 297 bestvalit: 123.830000 bestmemit:    0.296982    0.006984    0.025988    0.094207    0.393953    0.201663    0.135009    0.206029    0.076518    0.135279    0.109030    0.465154    2.061440    0.017576    0.002618    0.013463    9.643747    8.785251    1.876763    1.805666    1.843975    1.992464    0.997316    1.120882    1.951101
Iteration: 298 bestvalit: 123.830000 bestmemit:    0.296982    0.006984    0.025988    0.094207    0.393953    0.201663    0.135009    0.206029    0.076518    0.135279    0.109030    0.465154    2.061440    0.017576    0.002618    0.013463    9.643747    8.785251    1.876763    1.805666    1.843975    1.992464    0.997316    1.120882    1.951101
Iteration: 299 bestvalit: 123.830000 bestmemit:    0.296982    0.006984    0.025988    0.094207    0.393953    0.201663    0.135009    0.206029    0.076518    0.135279    0.109030    0.465154    2.061440    0.017576    0.002618    0.013463    9.643747    8.785251    1.876763    1.805666    1.843975    1.992464    0.997316    1.120882    1.951101
Iteration: 300 bestvalit: 123.830000 bestmemit:    0.296982    0.006984    0.025988    0.094207    0.393953    0.201663    0.135009    0.206029    0.076518    0.135279    0.109030    0.465154    2.061440    0.017576    0.002618    0.013463    9.643747    8.785251    1.876763    1.805666    1.843975    1.992464    0.997316    1.120882    1.951101
Iteration: 301 bestvalit: 123.830000 bestmemit:    0.296982    0.006984    0.025988    0.094207    0.393953    0.201663    0.135009    0.206029    0.076518    0.135279    0.109030    0.465154    2.061440    0.017576    0.002618    0.013463    9.643747    8.785251    1.876763    1.805666    1.843975    1.992464    0.997316    1.120882    1.951101
Iteration: 302 bestvalit: 123.830000 bestmemit:    0.296982    0.006984    0.025988    0.094207    0.393953    0.201663    0.135009    0.206029    0.076518    0.135279    0.109030    0.465154    2.061440    0.017576    0.002618    0.013463    9.643747    8.785251    1.876763    1.805666    1.843975    1.992464    0.997316    1.120882    1.951101
Iteration: 303 bestvalit: 123.830000 bestmemit:    0.296982    0.006984    0.025988    0.094207    0.393953    0.201663    0.135009    0.206029    0.076518    0.135279    0.109030    0.465154    2.061440    0.017576    0.002618    0.013463    9.643747    8.785251    1.876763    1.805666    1.843975    1.992464    0.997316    1.120882    1.951101
Iteration: 304 bestvalit: 123.830000 bestmemit:    0.296982    0.006984    0.025988    0.094207    0.393953    0.201663    0.135009    0.206029    0.076518    0.135279    0.109030    0.465154    2.061440    0.017576    0.002618    0.013463    9.643747    8.785251    1.876763    1.805666    1.843975    1.992464    0.997316    1.120882    1.951101
Iteration: 305 bestvalit: 123.830000 bestmemit:    0.296982    0.006984    0.025988    0.094207    0.393953    0.201663    0.135009    0.206029    0.076518    0.135279    0.109030    0.465154    2.061440    0.017576    0.002618    0.013463    9.643747    8.785251    1.876763    1.805666    1.843975    1.992464    0.997316    1.120882    1.951101
Iteration: 306 bestvalit: 123.830000 bestmemit:    0.296982    0.006984    0.025988    0.094207    0.393953    0.201663    0.135009    0.206029    0.076518    0.135279    0.109030    0.465154    2.061440    0.017576    0.002618    0.013463    9.643747    8.785251    1.876763    1.805666    1.843975    1.992464    0.997316    1.120882    1.951101
Iteration: 307 bestvalit: 123.830000 bestmemit:    0.296982    0.006984    0.025988    0.094207    0.393953    0.201663    0.135009    0.206029    0.076518    0.135279    0.109030    0.465154    2.061440    0.017576    0.002618    0.013463    9.643747    8.785251    1.876763    1.805666    1.843975    1.992464    0.997316    1.120882    1.951101
Iteration: 308 bestvalit: 123.830000 bestmemit:    0.296982    0.006984    0.025988    0.094207    0.393953    0.201663    0.135009    0.206029    0.076518    0.135279    0.109030    0.465154    2.061440    0.017576    0.002618    0.013463    9.643747    8.785251    1.876763    1.805666    1.843975    1.992464    0.997316    1.120882    1.951101
Iteration: 309 bestvalit: 123.830000 bestmemit:    0.296982    0.006984    0.025988    0.094207    0.393953    0.201663    0.135009    0.206029    0.076518    0.135279    0.109030    0.465154    2.061440    0.017576    0.002618    0.013463    9.643747    8.785251    1.876763    1.805666    1.843975    1.992464    0.997316    1.120882    1.951101
Iteration: 310 bestvalit: 123.830000 bestmemit:    0.296982    0.006984    0.025988    0.094207    0.393953    0.201663    0.135009    0.206029    0.076518    0.135279    0.109030    0.465154    2.061440    0.017576    0.002618    0.013463    9.643747    8.785251    1.876763    1.805666    1.843975    1.992464    0.997316    1.120882    1.951101
Iteration: 311 bestvalit: 121.870000 bestmemit:    0.296982    0.006984    0.025988    0.094207    0.393953    0.201663    0.135009    0.206029    0.076518    0.135279    0.109030    0.465154    2.061440    0.017576    0.002618    0.012373    9.643747    8.785251    1.876763    1.805666    1.843975    1.992464    0.997316    1.120882    1.951101
Iteration: 312 bestvalit: 121.870000 bestmemit:    0.296982    0.006984    0.025988    0.094207    0.393953    0.201663    0.135009    0.206029    0.076518    0.135279    0.109030    0.465154    2.061440    0.017576    0.002618    0.012373    9.643747    8.785251    1.876763    1.805666    1.843975    1.992464    0.997316    1.120882    1.951101
Iteration: 313 bestvalit: 121.870000 bestmemit:    0.296982    0.006984    0.025988    0.094207    0.393953    0.201663    0.135009    0.206029    0.076518    0.135279    0.109030    0.465154    2.061440    0.017576    0.002618    0.012373    9.643747    8.785251    1.876763    1.805666    1.843975    1.992464    0.997316    1.120882    1.951101
Iteration: 314 bestvalit: 121.870000 bestmemit:    0.296982    0.006984    0.025988    0.094207    0.393953    0.201663    0.135009    0.206029    0.076518    0.135279    0.109030    0.465154    2.061440    0.017576    0.002618    0.012373    9.643747    8.785251    1.876763    1.805666    1.843975    1.992464    0.997316    1.120882    1.951101
Iteration: 315 bestvalit: 121.870000 bestmemit:    0.296982    0.006984    0.025988    0.094207    0.393953    0.201663    0.135009    0.206029    0.076518    0.135279    0.109030    0.465154    2.061440    0.017576    0.002618    0.012373    9.643747    8.785251    1.876763    1.805666    1.843975    1.992464    0.997316    1.120882    1.951101
Iteration: 316 bestvalit: 121.820000 bestmemit:    0.296982    0.006984    0.025988    0.094207    0.393953    0.201663    0.135009    0.206029    0.076518    0.135279    0.109030    0.465154    2.061440    0.017576    0.002618    0.012373    9.643747    8.785251    1.876763    1.805666    1.849051    1.992464    0.997316    1.120882    1.951101
Iteration: 317 bestvalit: 121.820000 bestmemit:    0.296982    0.006984    0.025988    0.094207    0.393953    0.201663    0.135009    0.206029    0.076518    0.135279    0.109030    0.465154    2.061440    0.017576    0.002618    0.012373    9.643747    8.785251    1.876763    1.805666    1.849051    1.992464    0.997316    1.120882    1.951101
Iteration: 318 bestvalit: 121.820000 bestmemit:    0.296982    0.006984    0.025988    0.094207    0.393953    0.201663    0.135009    0.206029    0.076518    0.135279    0.109030    0.465154    2.061440    0.017576    0.002618    0.012373    9.643747    8.785251    1.876763    1.805666    1.849051    1.992464    0.997316    1.120882    1.951101
Iteration: 319 bestvalit: 121.645000 bestmemit:    0.296982    0.006984    0.025988    0.094207    0.393953    0.201663    0.135009    0.206029    0.076518    0.135279    0.109030    0.487270    2.061440    0.017576    0.002618    0.012373    9.643747    8.785251    1.876763    1.805666    1.849051    1.992464    0.997316    1.120882    1.951101
Iteration: 320 bestvalit: 121.645000 bestmemit:    0.296982    0.006984    0.025988    0.094207    0.393953    0.201663    0.135009    0.206029    0.076518    0.135279    0.109030    0.487270    2.061440    0.017576    0.002618    0.012373    9.643747    8.785251    1.876763    1.805666    1.849051    1.992464    0.997316    1.120882    1.951101
Iteration: 321 bestvalit: 121.645000 bestmemit:    0.296982    0.006984    0.025988    0.094207    0.393953    0.201663    0.135009    0.206029    0.076518    0.135279    0.109030    0.487270    2.061440    0.017576    0.002618    0.012373    9.643747    8.785251    1.876763    1.805666    1.849051    1.992464    0.997316    1.120882    1.951101
Iteration: 322 bestvalit: 121.645000 bestmemit:    0.296982    0.006984    0.025988    0.094207    0.393953    0.201663    0.135009    0.206029    0.076518    0.135279    0.109030    0.487270    2.061440    0.017576    0.002618    0.012373    9.643747    8.785251    1.876763    1.805666    1.849051    1.992464    0.997316    1.120882    1.951101
Iteration: 323 bestvalit: 121.645000 bestmemit:    0.296982    0.006984    0.025988    0.094207    0.393953    0.201663    0.135009    0.206029    0.076518    0.135279    0.109030    0.487270    2.061440    0.017576    0.002618    0.012373    9.643747    8.785251    1.876763    1.805666    1.849051    1.992464    0.997316    1.120882    1.951101
Iteration: 324 bestvalit: 121.645000 bestmemit:    0.296982    0.006984    0.025988    0.094207    0.393953    0.201663    0.135009    0.206029    0.076518    0.135279    0.109030    0.487270    2.061440    0.017576    0.002618    0.012373    9.643747    8.785251    1.876763    1.805666    1.849051    1.992464    0.997316    1.120882    1.951101
Iteration: 325 bestvalit: 121.645000 bestmemit:    0.296982    0.006984    0.025988    0.094207    0.393953    0.201663    0.135009    0.206029    0.076518    0.135279    0.109030    0.487270    2.061440    0.017576    0.002618    0.012373    9.643747    8.785251    1.876763    1.805666    1.849051    1.992464    0.997316    1.120882    1.951101
Iteration: 326 bestvalit: 121.645000 bestmemit:    0.296982    0.006984    0.025988    0.094207    0.393953    0.201663    0.135009    0.206029    0.076518    0.135279    0.109030    0.487270    2.061440    0.017576    0.002618    0.012373    9.643747    8.785251    1.876763    1.805666    1.849051    1.992464    0.997316    1.120882    1.951101
Iteration: 327 bestvalit: 121.645000 bestmemit:    0.296982    0.006984    0.025988    0.094207    0.393953    0.201663    0.135009    0.206029    0.076518    0.135279    0.109030    0.487270    2.061440    0.017576    0.002618    0.012373    9.643747    8.785251    1.876763    1.805666    1.849051    1.992464    0.997316    1.120882    1.951101
Iteration: 328 bestvalit: 121.645000 bestmemit:    0.296982    0.006984    0.025988    0.094207    0.393953    0.201663    0.135009    0.206029    0.076518    0.135279    0.109030    0.487270    2.061440    0.017576    0.002618    0.012373    9.643747    8.785251    1.876763    1.805666    1.849051    1.992464    0.997316    1.120882    1.951101
Iteration: 329 bestvalit: 121.645000 bestmemit:    0.296982    0.006984    0.025988    0.094207    0.393953    0.201663    0.135009    0.206029    0.076518    0.135279    0.109030    0.487270    2.061440    0.017576    0.002618    0.012373    9.643747    8.785251    1.876763    1.805666    1.849051    1.992464    0.997316    1.120882    1.951101
Iteration: 330 bestvalit: 121.645000 bestmemit:    0.296982    0.006984    0.025988    0.094207    0.393953    0.201663    0.135009    0.206029    0.076518    0.135279    0.109030    0.487270    2.061440    0.017576    0.002618    0.012373    9.643747    8.785251    1.876763    1.805666    1.849051    1.992464    0.997316    1.120882    1.951101
Iteration: 331 bestvalit: 121.645000 bestmemit:    0.296982    0.006984    0.025988    0.094207    0.393953    0.201663    0.135009    0.206029    0.076518    0.135279    0.109030    0.487270    2.061440    0.017576    0.002618    0.012373    9.643747    8.785251    1.876763    1.805666    1.849051    1.992464    0.997316    1.120882    1.951101
Iteration: 332 bestvalit: 121.645000 bestmemit:    0.296982    0.006984    0.025988    0.094207    0.393953    0.201663    0.135009    0.206029    0.076518    0.135279    0.109030    0.487270    2.061440    0.017576    0.002618    0.012373    9.643747    8.785251    1.876763    1.805666    1.849051    1.992464    0.997316    1.120882    1.951101
Iteration: 333 bestvalit: 121.645000 bestmemit:    0.296982    0.006984    0.025988    0.094207    0.393953    0.201663    0.135009    0.206029    0.076518    0.135279    0.109030    0.487270    2.061440    0.017576    0.002618    0.012373    9.643747    8.785251    1.876763    1.805666    1.849051    1.992464    0.997316    1.120882    1.951101
Iteration: 334 bestvalit: 121.645000 bestmemit:    0.296982    0.006984    0.025988    0.094207    0.393953    0.201663    0.135009    0.206029    0.076518    0.135279    0.109030    0.487270    2.061440    0.017576    0.002618    0.012373    9.643747    8.785251    1.876763    1.805666    1.849051    1.992464    0.997316    1.120882    1.951101
Iteration: 335 bestvalit: 121.645000 bestmemit:    0.296982    0.006984    0.025988    0.094207    0.393953    0.201663    0.135009    0.206029    0.076518    0.135279    0.109030    0.487270    2.061440    0.017576    0.002618    0.012373    9.643747    8.785251    1.876763    1.805666    1.849051    1.992464    0.997316    1.120882    1.951101
Iteration: 336 bestvalit: 121.645000 bestmemit:    0.296982    0.006984    0.025988    0.094207    0.393953    0.201663    0.135009    0.206029    0.076518    0.135279    0.109030    0.487270    2.061440    0.017576    0.002618    0.012373    9.643747    8.785251    1.876763    1.805666    1.849051    1.992464    0.997316    1.120882    1.951101
Iteration: 337 bestvalit: 121.645000 bestmemit:    0.296982    0.006984    0.025988    0.094207    0.393953    0.201663    0.135009    0.206029    0.076518    0.135279    0.109030    0.487270    2.061440    0.017576    0.002618    0.012373    9.643747    8.785251    1.876763    1.805666    1.849051    1.992464    0.997316    1.120882    1.951101
Iteration: 338 bestvalit: 121.645000 bestmemit:    0.296982    0.006984    0.025988    0.094207    0.393953    0.201663    0.135009    0.206029    0.076518    0.135279    0.109030    0.487270    2.061440    0.017576    0.002618    0.012373    9.643747    8.785251    1.876763    1.805666    1.849051    1.992464    0.997316    1.120882    1.951101
Iteration: 339 bestvalit: 121.645000 bestmemit:    0.296982    0.006984    0.025988    0.094207    0.393953    0.201663    0.135009    0.206029    0.076518    0.135279    0.109030    0.487270    2.061440    0.017576    0.002618    0.012373    9.643747    8.785251    1.876763    1.805666    1.849051    1.992464    0.997316    1.120882    1.951101
Iteration: 340 bestvalit: 121.645000 bestmemit:    0.296982    0.006984    0.025988    0.094207    0.393953    0.201663    0.135009    0.206029    0.076518    0.135279    0.109030    0.487270    2.061440    0.017576    0.002618    0.012373    9.643747    8.785251    1.876763    1.805666    1.849051    1.992464    0.997316    1.120882    1.951101
Iteration: 341 bestvalit: 121.645000 bestmemit:    0.296982    0.006984    0.025988    0.094207    0.393953    0.201663    0.135009    0.206029    0.076518    0.135279    0.109030    0.487270    2.061440    0.017576    0.002618    0.012373    9.643747    8.785251    1.876763    1.805666    1.849051    1.992464    0.997316    1.120882    1.951101
Iteration: 342 bestvalit: 121.645000 bestmemit:    0.296982    0.006984    0.025988    0.094207    0.393953    0.201663    0.135009    0.206029    0.076518    0.135279    0.109030    0.487270    2.061440    0.017576    0.002618    0.012373    9.643747    8.785251    1.876763    1.805666    1.849051    1.992464    0.997316    1.120882    1.951101
Iteration: 343 bestvalit: 121.645000 bestmemit:    0.296982    0.006984    0.025988    0.094207    0.393953    0.201663    0.135009    0.206029    0.076518    0.135279    0.109030    0.487270    2.061440    0.017576    0.002618    0.012373    9.643747    8.785251    1.876763    1.805666    1.849051    1.992464    0.997316    1.120882    1.951101
Iteration: 344 bestvalit: 121.645000 bestmemit:    0.296982    0.006984    0.025988    0.094207    0.393953    0.201663    0.135009    0.206029    0.076518    0.135279    0.109030    0.487270    2.061440    0.017576    0.002618    0.012373    9.643747    8.785251    1.876763    1.805666    1.849051    1.992464    0.997316    1.120882    1.951101
Iteration: 345 bestvalit: 121.645000 bestmemit:    0.296982    0.006984    0.025988    0.094207    0.393953    0.201663    0.135009    0.206029    0.076518    0.135279    0.109030    0.487270    2.061440    0.017576    0.002618    0.012373    9.643747    8.785251    1.876763    1.805666    1.849051    1.992464    0.997316    1.120882    1.951101
Iteration: 346 bestvalit: 121.645000 bestmemit:    0.296982    0.006984    0.025988    0.094207    0.393953    0.201663    0.135009    0.206029    0.076518    0.135279    0.109030    0.487270    2.061440    0.017576    0.002618    0.012373    9.643747    8.785251    1.876763    1.805666    1.849051    1.992464    0.997316    1.120882    1.951101
Iteration: 347 bestvalit: 121.645000 bestmemit:    0.296982    0.006984    0.025988    0.094207    0.393953    0.201663    0.135009    0.206029    0.076518    0.135279    0.109030    0.487270    2.061440    0.017576    0.002618    0.012373    9.643747    8.785251    1.876763    1.805666    1.849051    1.992464    0.997316    1.120882    1.951101
Iteration: 348 bestvalit: 121.645000 bestmemit:    0.296982    0.006984    0.025988    0.094207    0.393953    0.201663    0.135009    0.206029    0.076518    0.135279    0.109030    0.487270    2.061440    0.017576    0.002618    0.012373    9.643747    8.785251    1.876763    1.805666    1.849051    1.992464    0.997316    1.120882    1.951101
Iteration: 349 bestvalit: 121.645000 bestmemit:    0.296982    0.006984    0.025988    0.094207    0.393953    0.201663    0.135009    0.206029    0.076518    0.135279    0.109030    0.487270    2.061440    0.017576    0.002618    0.012373    9.643747    8.785251    1.876763    1.805666    1.849051    1.992464    0.997316    1.120882    1.951101
Iteration: 350 bestvalit: 121.645000 bestmemit:    0.296982    0.006984    0.025988    0.094207    0.393953    0.201663    0.135009    0.206029    0.076518    0.135279    0.109030    0.487270    2.061440    0.017576    0.002618    0.012373    9.643747    8.785251    1.876763    1.805666    1.849051    1.992464    0.997316    1.120882    1.951101
Iteration: 351 bestvalit: 121.645000 bestmemit:    0.296982    0.006984    0.025988    0.094207    0.393953    0.201663    0.135009    0.206029    0.076518    0.135279    0.109030    0.487270    2.061440    0.017576    0.002618    0.012373    9.643747    8.785251    1.876763    1.805666    1.849051    1.992464    0.997316    1.120882    1.951101
Iteration: 352 bestvalit: 121.645000 bestmemit:    0.296982    0.006984    0.025988    0.094207    0.393953    0.201663    0.135009    0.206029    0.076518    0.135279    0.109030    0.487270    2.061440    0.017576    0.002618    0.012373    9.643747    8.785251    1.876763    1.805666    1.849051    1.992464    0.997316    1.120882    1.951101
Iteration: 353 bestvalit: 121.645000 bestmemit:    0.296982    0.006984    0.025988    0.094207    0.393953    0.201663    0.135009    0.206029    0.076518    0.135279    0.109030    0.487270    2.061440    0.017576    0.002618    0.012373    9.643747    8.785251    1.876763    1.805666    1.849051    1.992464    0.997316    1.120882    1.951101
Iteration: 354 bestvalit: 121.645000 bestmemit:    0.296982    0.006984    0.025988    0.094207    0.393953    0.201663    0.135009    0.206029    0.076518    0.135279    0.109030    0.487270    2.061440    0.017576    0.002618    0.012373    9.643747    8.785251    1.876763    1.805666    1.849051    1.992464    0.997316    1.120882    1.951101
Iteration: 355 bestvalit: 119.980000 bestmemit:    0.296982    0.006984    0.025988    0.096537    0.363251    0.201663    0.135009    0.206029    0.076518    0.135279    0.109030    0.487270    2.061440    0.017576    0.002618    0.012373    9.643747    8.785251    1.876763    1.805666    1.849051    1.992464    0.997316    1.120882    1.951101
Iteration: 356 bestvalit: 119.980000 bestmemit:    0.296982    0.006984    0.025988    0.096537    0.363251    0.201663    0.135009    0.206029    0.076518    0.135279    0.109030    0.487270    2.061440    0.017576    0.002618    0.012373    9.643747    8.785251    1.876763    1.805666    1.849051    1.992464    0.997316    1.120882    1.951101
Iteration: 357 bestvalit: 119.980000 bestmemit:    0.296982    0.006984    0.025988    0.096537    0.363251    0.201663    0.135009    0.206029    0.076518    0.135279    0.109030    0.487270    2.061440    0.017576    0.002618    0.012373    9.643747    8.785251    1.876763    1.805666    1.849051    1.992464    0.997316    1.120882    1.951101
Iteration: 358 bestvalit: 119.980000 bestmemit:    0.296982    0.006984    0.025988    0.096537    0.363251    0.201663    0.135009    0.206029    0.076518    0.135279    0.109030    0.487270    2.061440    0.017576    0.002618    0.012373    9.643747    8.785251    1.876763    1.805666    1.849051    1.992464    0.997316    1.120882    1.951101
Iteration: 359 bestvalit: 119.980000 bestmemit:    0.296982    0.006984    0.025988    0.096537    0.363251    0.201663    0.135009    0.206029    0.076518    0.135279    0.109030    0.487270    2.061440    0.017576    0.002618    0.012373    9.643747    8.785251    1.876763    1.805666    1.849051    1.992464    0.997316    1.120882    1.951101
Iteration: 360 bestvalit: 119.980000 bestmemit:    0.296982    0.006984    0.025988    0.096537    0.363251    0.201663    0.135009    0.206029    0.076518    0.135279    0.109030    0.487270    2.061440    0.017576    0.002618    0.012373    9.643747    8.785251    1.876763    1.805666    1.849051    1.992464    0.997316    1.120882    1.951101
Iteration: 361 bestvalit: 119.980000 bestmemit:    0.296982    0.006984    0.025988    0.096537    0.363251    0.201663    0.135009    0.206029    0.076518    0.135279    0.109030    0.487270    2.061440    0.017576    0.002618    0.012373    9.643747    8.785251    1.876763    1.805666    1.849051    1.992464    0.997316    1.120882    1.951101
Iteration: 362 bestvalit: 119.980000 bestmemit:    0.296982    0.006984    0.025988    0.096537    0.363251    0.201663    0.135009    0.206029    0.076518    0.135279    0.109030    0.487270    2.061440    0.017576    0.002618    0.012373    9.643747    8.785251    1.876763    1.805666    1.849051    1.992464    0.997316    1.120882    1.951101
Iteration: 363 bestvalit: 119.980000 bestmemit:    0.296982    0.006984    0.025988    0.096537    0.363251    0.201663    0.135009    0.206029    0.076518    0.135279    0.109030    0.487270    2.061440    0.017576    0.002618    0.012373    9.643747    8.785251    1.876763    1.805666    1.849051    1.992464    0.997316    1.120882    1.951101
Iteration: 364 bestvalit: 119.980000 bestmemit:    0.296982    0.006984    0.025988    0.096537    0.363251    0.201663    0.135009    0.206029    0.076518    0.135279    0.109030    0.487270    2.061440    0.017576    0.002618    0.012373    9.643747    8.785251    1.876763    1.805666    1.849051    1.992464    0.997316    1.120882    1.951101
Iteration: 365 bestvalit: 119.980000 bestmemit:    0.296982    0.006984    0.025988    0.096537    0.363251    0.201663    0.135009    0.206029    0.076518    0.135279    0.109030    0.487270    2.061440    0.017576    0.002618    0.012373    9.643747    8.785251    1.876763    1.805666    1.849051    1.992464    0.997316    1.120882    1.951101
Iteration: 366 bestvalit: 119.980000 bestmemit:    0.296982    0.006984    0.025988    0.096537    0.363251    0.201663    0.135009    0.206029    0.076518    0.135279    0.109030    0.487270    2.061440    0.017576    0.002618    0.012373    9.643747    8.785251    1.876763    1.805666    1.849051    1.992464    0.997316    1.120882    1.951101
Iteration: 367 bestvalit: 119.980000 bestmemit:    0.296982    0.006984    0.025988    0.096537    0.363251    0.201663    0.135009    0.206029    0.076518    0.135279    0.109030    0.487270    2.061440    0.017576    0.002618    0.012373    9.643747    8.785251    1.876763    1.805666    1.849051    1.992464    0.997316    1.120882    1.951101
Iteration: 368 bestvalit: 119.980000 bestmemit:    0.296982    0.006984    0.025988    0.096537    0.363251    0.201663    0.135009    0.206029    0.076518    0.135279    0.109030    0.487270    2.061440    0.017576    0.002618    0.012373    9.643747    8.785251    1.876763    1.805666    1.849051    1.992464    0.997316    1.120882    1.951101
Iteration: 369 bestvalit: 119.980000 bestmemit:    0.296982    0.006984    0.025988    0.096537    0.363251    0.201663    0.135009    0.206029    0.076518    0.135279    0.109030    0.487270    2.061440    0.017576    0.002618    0.012373    9.643747    8.785251    1.876763    1.805666    1.849051    1.992464    0.997316    1.120882    1.951101
Iteration: 370 bestvalit: 119.980000 bestmemit:    0.296982    0.006984    0.025988    0.096537    0.363251    0.201663    0.135009    0.206029    0.076518    0.135279    0.109030    0.487270    2.061440    0.017576    0.002618    0.012373    9.643747    8.785251    1.876763    1.805666    1.849051    1.992464    0.997316    1.120882    1.951101
Iteration: 371 bestvalit: 119.980000 bestmemit:    0.296982    0.006984    0.025988    0.096537    0.363251    0.201663    0.135009    0.206029    0.076518    0.135279    0.109030    0.487270    2.061440    0.017576    0.002618    0.012373    9.643747    8.785251    1.876763    1.805666    1.849051    1.992464    0.997316    1.120882    1.951101
Iteration: 372 bestvalit: 119.980000 bestmemit:    0.296982    0.006984    0.025988    0.096537    0.363251    0.201663    0.135009    0.206029    0.076518    0.135279    0.109030    0.487270    2.061440    0.017576    0.002618    0.012373    9.643747    8.785251    1.876763    1.805666    1.849051    1.992464    0.997316    1.120882    1.951101
Iteration: 373 bestvalit: 119.980000 bestmemit:    0.296982    0.006984    0.025988    0.096537    0.363251    0.201663    0.135009    0.206029    0.076518    0.135279    0.109030    0.487270    2.061440    0.017576    0.002618    0.012373    9.643747    8.785251    1.876763    1.805666    1.849051    1.992464    0.997316    1.120882    1.951101
Iteration: 374 bestvalit: 119.980000 bestmemit:    0.296982    0.006984    0.025988    0.096537    0.363251    0.201663    0.135009    0.206029    0.076518    0.135279    0.109030    0.487270    2.061440    0.017576    0.002618    0.012373    9.643747    8.785251    1.876763    1.805666    1.849051    1.992464    0.997316    1.120882    1.951101
Iteration: 375 bestvalit: 119.980000 bestmemit:    0.296982    0.006984    0.025988    0.096537    0.363251    0.201663    0.135009    0.206029    0.076518    0.135279    0.109030    0.487270    2.061440    0.017576    0.002618    0.012373    9.643747    8.785251    1.876763    1.805666    1.849051    1.992464    0.997316    1.120882    1.951101
Iteration: 376 bestvalit: 119.980000 bestmemit:    0.296982    0.006984    0.025988    0.096537    0.363251    0.201663    0.135009    0.206029    0.076518    0.135279    0.109030    0.487270    2.061440    0.017576    0.002618    0.012373    9.643747    8.785251    1.876763    1.805666    1.849051    1.992464    0.997316    1.120882    1.951101
Iteration: 377 bestvalit: 119.980000 bestmemit:    0.296982    0.006984    0.025988    0.096537    0.363251    0.201663    0.135009    0.206029    0.076518    0.135279    0.109030    0.487270    2.061440    0.017576    0.002618    0.012373    9.643747    8.785251    1.876763    1.805666    1.849051    1.992464    0.997316    1.120882    1.951101
Iteration: 378 bestvalit: 119.980000 bestmemit:    0.296982    0.006984    0.025988    0.096537    0.363251    0.201663    0.135009    0.206029    0.076518    0.135279    0.109030    0.487270    2.061440    0.017576    0.002618    0.012373    9.643747    8.785251    1.876763    1.805666    1.849051    1.992464    0.997316    1.120882    1.951101
Iteration: 379 bestvalit: 119.980000 bestmemit:    0.296982    0.006984    0.025988    0.096537    0.363251    0.201663    0.135009    0.206029    0.076518    0.135279    0.109030    0.487270    2.061440    0.017576    0.002618    0.012373    9.643747    8.785251    1.876763    1.805666    1.849051    1.992464    0.997316    1.120882    1.951101
Iteration: 380 bestvalit: 119.980000 bestmemit:    0.296982    0.006984    0.025988    0.096537    0.363251    0.201663    0.135009    0.206029    0.076518    0.135279    0.109030    0.487270    2.061440    0.017576    0.002618    0.012373    9.643747    8.785251    1.876763    1.805666    1.849051    1.992464    0.997316    1.120882    1.951101
Iteration: 381 bestvalit: 119.980000 bestmemit:    0.296982    0.006984    0.025988    0.096537    0.363251    0.201663    0.135009    0.206029    0.076518    0.135279    0.109030    0.487270    2.061440    0.017576    0.002618    0.012373    9.643747    8.785251    1.876763    1.805666    1.849051    1.992464    0.997316    1.120882    1.951101
Iteration: 382 bestvalit: 119.980000 bestmemit:    0.296982    0.006984    0.025988    0.096537    0.363251    0.201663    0.135009    0.206029    0.076518    0.135279    0.109030    0.487270    2.061440    0.017576    0.002618    0.012373    9.643747    8.785251    1.876763    1.805666    1.849051    1.992464    0.997316    1.120882    1.951101
Iteration: 383 bestvalit: 119.980000 bestmemit:    0.296982    0.006984    0.025988    0.096537    0.363251    0.201663    0.135009    0.206029    0.076518    0.135279    0.109030    0.487270    2.061440    0.017576    0.002618    0.012373    9.643747    8.785251    1.876763    1.805666    1.849051    1.992464    0.997316    1.120882    1.951101
Iteration: 384 bestvalit: 119.980000 bestmemit:    0.296982    0.006984    0.025988    0.096537    0.363251    0.201663    0.135009    0.206029    0.076518    0.135279    0.109030    0.487270    2.061440    0.017576    0.002618    0.012373    9.643747    8.785251    1.876763    1.805666    1.849051    1.992464    0.997316    1.120882    1.951101
Iteration: 385 bestvalit: 119.980000 bestmemit:    0.296982    0.006984    0.025988    0.096537    0.363251    0.201663    0.135009    0.206029    0.076518    0.135279    0.109030    0.487270    2.061440    0.017576    0.002618    0.012373    9.643747    8.785251    1.876763    1.805666    1.849051    1.992464    0.997316    1.120882    1.951101
Iteration: 386 bestvalit: 119.980000 bestmemit:    0.296982    0.006984    0.025988    0.096537    0.363251    0.201663    0.135009    0.206029    0.076518    0.135279    0.109030    0.487270    2.061440    0.017576    0.002618    0.012373    9.643747    8.785251    1.876763    1.805666    1.849051    1.992464    0.997316    1.120882    1.951101
Iteration: 387 bestvalit: 119.980000 bestmemit:    0.296982    0.006984    0.025988    0.096537    0.363251    0.201663    0.135009    0.206029    0.076518    0.135279    0.109030    0.487270    2.061440    0.017576    0.002618    0.012373    9.643747    8.785251    1.876763    1.805666    1.849051    1.992464    0.997316    1.120882    1.951101
Iteration: 388 bestvalit: 119.980000 bestmemit:    0.296982    0.006984    0.025988    0.096537    0.363251    0.201663    0.135009    0.206029    0.076518    0.135279    0.109030    0.487270    2.061440    0.017576    0.002618    0.012373    9.643747    8.785251    1.876763    1.805666    1.849051    1.992464    0.997316    1.120882    1.951101
Iteration: 389 bestvalit: 119.980000 bestmemit:    0.296982    0.006984    0.025988    0.096537    0.363251    0.201663    0.135009    0.206029    0.076518    0.135279    0.109030    0.487270    2.061440    0.017576    0.002618    0.012373    9.643747    8.785251    1.876763    1.805666    1.849051    1.992464    0.997316    1.120882    1.951101
Iteration: 390 bestvalit: 119.980000 bestmemit:    0.296982    0.006984    0.025988    0.096537    0.363251    0.201663    0.135009    0.206029    0.076518    0.135279    0.109030    0.487270    2.061440    0.017576    0.002618    0.012373    9.643747    8.785251    1.876763    1.805666    1.849051    1.992464    0.997316    1.120882    1.951101
Iteration: 391 bestvalit: 119.980000 bestmemit:    0.296982    0.006984    0.025988    0.096537    0.363251    0.201663    0.135009    0.206029    0.076518    0.135279    0.109030    0.487270    2.061440    0.017576    0.002618    0.012373    9.643747    8.785251    1.876763    1.805666    1.849051    1.992464    0.997316    1.120882    1.951101
Iteration: 392 bestvalit: 119.980000 bestmemit:    0.296982    0.006984    0.025988    0.096537    0.363251    0.201663    0.135009    0.206029    0.076518    0.135279    0.109030    0.487270    2.061440    0.017576    0.002618    0.012373    9.643747    8.785251    1.876763    1.805666    1.849051    1.992464    0.997316    1.120882    1.951101
Iteration: 393 bestvalit: 119.980000 bestmemit:    0.296982    0.006984    0.025988    0.096537    0.363251    0.201663    0.135009    0.206029    0.076518    0.135279    0.109030    0.487270    2.061440    0.017576    0.002618    0.012373    9.643747    8.785251    1.876763    1.805666    1.849051    1.992464    0.997316    1.120882    1.951101
Iteration: 394 bestvalit: 119.980000 bestmemit:    0.296982    0.006984    0.025988    0.096537    0.363251    0.201663    0.135009    0.206029    0.076518    0.135279    0.109030    0.487270    2.061440    0.017576    0.002618    0.012373    9.643747    8.785251    1.876763    1.805666    1.849051    1.992464    0.997316    1.120882    1.951101
Iteration: 395 bestvalit: 119.980000 bestmemit:    0.296982    0.006984    0.025988    0.096537    0.363251    0.201663    0.135009    0.206029    0.076518    0.135279    0.109030    0.487270    2.061440    0.017576    0.002618    0.012373    9.643747    8.785251    1.876763    1.805666    1.849051    1.992464    0.997316    1.120882    1.951101
Iteration: 396 bestvalit: 119.980000 bestmemit:    0.296982    0.006984    0.025988    0.096537    0.363251    0.201663    0.135009    0.206029    0.076518    0.135279    0.109030    0.487270    2.061440    0.017576    0.002618    0.012373    9.643747    8.785251    1.876763    1.805666    1.849051    1.992464    0.997316    1.120882    1.951101
Iteration: 397 bestvalit: 119.980000 bestmemit:    0.296982    0.006984    0.025988    0.096537    0.363251    0.201663    0.135009    0.206029    0.076518    0.135279    0.109030    0.487270    2.061440    0.017576    0.002618    0.012373    9.643747    8.785251    1.876763    1.805666    1.849051    1.992464    0.997316    1.120882    1.951101
Iteration: 398 bestvalit: 119.980000 bestmemit:    0.296982    0.006984    0.025988    0.096537    0.363251    0.201663    0.135009    0.206029    0.076518    0.135279    0.109030    0.487270    2.061440    0.017576    0.002618    0.012373    9.643747    8.785251    1.876763    1.805666    1.849051    1.992464    0.997316    1.120882    1.951101
Iteration: 399 bestvalit: 119.980000 bestmemit:    0.296982    0.006984    0.025988    0.096537    0.363251    0.201663    0.135009    0.206029    0.076518    0.135279    0.109030    0.487270    2.061440    0.017576    0.002618    0.012373    9.643747    8.785251    1.876763    1.805666    1.849051    1.992464    0.997316    1.120882    1.951101
Iteration: 400 bestvalit: 119.980000 bestmemit:    0.296982    0.006984    0.025988    0.096537    0.363251    0.201663    0.135009    0.206029    0.076518    0.135279    0.109030    0.487270    2.061440    0.017576    0.002618    0.012373    9.643747    8.785251    1.876763    1.805666    1.849051    1.992464    0.997316    1.120882    1.951101
Iteration: 401 bestvalit: 119.980000 bestmemit:    0.296982    0.006984    0.025988    0.096537    0.363251    0.201663    0.135009    0.206029    0.076518    0.135279    0.109030    0.487270    2.061440    0.017576    0.002618    0.012373    9.643747    8.785251    1.876763    1.805666    1.849051    1.992464    0.997316    1.120882    1.951101
Iteration: 402 bestvalit: 119.980000 bestmemit:    0.296982    0.006984    0.025988    0.096537    0.363251    0.201663    0.135009    0.206029    0.076518    0.135279    0.109030    0.487270    2.061440    0.017576    0.002618    0.012373    9.643747    8.785251    1.876763    1.805666    1.849051    1.992464    0.997316    1.120882    1.951101
Iteration: 403 bestvalit: 119.965000 bestmemit:    0.296982    0.006984    0.025988    0.096537    0.363251    0.201663    0.135009    0.206029    0.076518    0.135279    0.109030    0.487270    2.061440    0.017576    0.002618    0.012373    9.862961    8.750171    1.876763    1.805666    1.849051    1.992464    0.997316    1.120882    1.951101
Iteration: 404 bestvalit: 119.965000 bestmemit:    0.296982    0.006984    0.025988    0.096537    0.363251    0.201663    0.135009    0.206029    0.076518    0.135279    0.109030    0.487270    2.061440    0.017576    0.002618    0.012373    9.862961    8.750171    1.876763    1.805666    1.849051    1.992464    0.997316    1.120882    1.951101
Iteration: 405 bestvalit: 119.965000 bestmemit:    0.296982    0.006984    0.025988    0.096537    0.363251    0.201663    0.135009    0.206029    0.076518    0.135279    0.109030    0.487270    2.061440    0.017576    0.002618    0.012373    9.862961    8.750171    1.876763    1.805666    1.849051    1.992464    0.997316    1.120882    1.951101
Iteration: 406 bestvalit: 119.965000 bestmemit:    0.296982    0.006984    0.025988    0.096537    0.363251    0.201663    0.135009    0.206029    0.076518    0.135279    0.109030    0.487270    2.061440    0.017576    0.002618    0.012373    9.862961    8.750171    1.876763    1.805666    1.849051    1.992464    0.997316    1.120882    1.951101
Iteration: 407 bestvalit: 119.965000 bestmemit:    0.296982    0.006984    0.025988    0.096537    0.363251    0.201663    0.135009    0.206029    0.076518    0.135279    0.109030    0.487270    2.061440    0.017576    0.002618    0.012373    9.862961    8.750171    1.876763    1.805666    1.849051    1.992464    0.997316    1.120882    1.951101
Iteration: 408 bestvalit: 119.965000 bestmemit:    0.296982    0.006984    0.025988    0.096537    0.363251    0.201663    0.135009    0.206029    0.076518    0.135279    0.109030    0.487270    2.061440    0.017576    0.002618    0.012373    9.862961    8.750171    1.876763    1.805666    1.849051    1.992464    0.997316    1.120882    1.951101
Iteration: 409 bestvalit: 119.965000 bestmemit:    0.296982    0.006984    0.025988    0.096537    0.363251    0.201663    0.135009    0.206029    0.076518    0.135279    0.109030    0.487270    2.061440    0.017576    0.002618    0.012373    9.862961    8.750171    1.876763    1.805666    1.849051    1.992464    0.997316    1.120882    1.951101
Iteration: 410 bestvalit: 119.965000 bestmemit:    0.296982    0.006984    0.025988    0.096537    0.363251    0.201663    0.135009    0.206029    0.076518    0.135279    0.109030    0.487270    2.061440    0.017576    0.002618    0.012373    9.862961    8.750171    1.876763    1.805666    1.849051    1.992464    0.997316    1.120882    1.951101
Iteration: 411 bestvalit: 119.965000 bestmemit:    0.296982    0.006984    0.025988    0.096537    0.363251    0.201663    0.135009    0.206029    0.076518    0.135279    0.109030    0.487270    2.061440    0.017576    0.002618    0.012373    9.862961    8.750171    1.876763    1.805666    1.849051    1.992464    0.997316    1.120882    1.951101
Iteration: 412 bestvalit: 119.965000 bestmemit:    0.296982    0.006984    0.025988    0.096537    0.363251    0.201663    0.135009    0.206029    0.076518    0.135279    0.109030    0.487270    2.061440    0.017576    0.002618    0.012373    9.862961    8.750171    1.876763    1.805666    1.849051    1.992464    0.997316    1.120882    1.951101
Iteration: 413 bestvalit: 119.965000 bestmemit:    0.296982    0.006984    0.025988    0.096537    0.363251    0.201663    0.135009    0.206029    0.076518    0.135279    0.109030    0.487270    2.061440    0.017576    0.002618    0.012373    9.862961    8.750171    1.876763    1.805666    1.849051    1.992464    0.997316    1.120882    1.951101
Iteration: 414 bestvalit: 119.965000 bestmemit:    0.296982    0.006984    0.025988    0.096537    0.363251    0.201663    0.135009    0.206029    0.076518    0.135279    0.109030    0.487270    2.061440    0.017576    0.002618    0.012373    9.862961    8.750171    1.876763    1.805666    1.849051    1.992464    0.997316    1.120882    1.951101
Iteration: 415 bestvalit: 119.965000 bestmemit:    0.296982    0.006984    0.025988    0.096537    0.363251    0.201663    0.135009    0.206029    0.076518    0.135279    0.109030    0.487270    2.061440    0.017576    0.002618    0.012373    9.862961    8.750171    1.876763    1.805666    1.849051    1.992464    0.997316    1.120882    1.951101
Iteration: 416 bestvalit: 119.965000 bestmemit:    0.296982    0.006984    0.025988    0.096537    0.363251    0.201663    0.135009    0.206029    0.076518    0.135279    0.109030    0.487270    2.061440    0.017576    0.002618    0.012373    9.862961    8.750171    1.876763    1.805666    1.849051    1.992464    0.997316    1.120882    1.951101
Iteration: 417 bestvalit: 119.965000 bestmemit:    0.296982    0.006984    0.025988    0.096537    0.363251    0.201663    0.135009    0.206029    0.076518    0.135279    0.109030    0.487270    2.061440    0.017576    0.002618    0.012373    9.862961    8.750171    1.876763    1.805666    1.849051    1.992464    0.997316    1.120882    1.951101
Iteration: 418 bestvalit: 119.455000 bestmemit:    0.326652    0.003151    0.081132    0.094686    0.830159    0.301773    0.317357    0.342479    0.310830    0.243229    0.029407    0.486295    4.199785    0.014688    0.001588    0.002123    9.545728    4.070305    1.692364    1.750858    1.847415    1.986599    0.995546    1.048961    2.107135
Iteration: 419 bestvalit: 119.455000 bestmemit:    0.326652    0.003151    0.081132    0.094686    0.830159    0.301773    0.317357    0.342479    0.310830    0.243229    0.029407    0.486295    4.199785    0.014688    0.001588    0.002123    9.545728    4.070305    1.692364    1.750858    1.847415    1.986599    0.995546    1.048961    2.107135
Iteration: 420 bestvalit: 119.455000 bestmemit:    0.326652    0.003151    0.081132    0.094686    0.830159    0.301773    0.317357    0.342479    0.310830    0.243229    0.029407    0.486295    4.199785    0.014688    0.001588    0.002123    9.545728    4.070305    1.692364    1.750858    1.847415    1.986599    0.995546    1.048961    2.107135
Iteration: 421 bestvalit: 115.540000 bestmemit:    0.326652    0.003151    0.081132    0.094686    0.998005    0.301773    0.317357    0.342479    0.310830    0.243229    0.029407    0.486295    4.199785    0.014688    0.001588    0.002123    9.545728    4.070305    1.692364    1.750858    1.847415    1.986599    0.995546    1.048961    2.107135
Iteration: 422 bestvalit: 115.540000 bestmemit:    0.326652    0.003151    0.081132    0.094686    0.998005    0.301773    0.317357    0.342479    0.310830    0.243229    0.029407    0.486295    4.199785    0.014688    0.001588    0.002123    9.545728    4.070305    1.692364    1.750858    1.847415    1.986599    0.995546    1.048961    2.107135
Iteration: 423 bestvalit: 115.540000 bestmemit:    0.326652    0.003151    0.081132    0.094686    0.998005    0.301773    0.317357    0.342479    0.310830    0.243229    0.029407    0.486295    4.199785    0.014688    0.001588    0.002123    9.545728    4.070305    1.692364    1.750858    1.847415    1.986599    0.995546    1.048961    2.107135
Iteration: 424 bestvalit: 115.540000 bestmemit:    0.326652    0.003151    0.081132    0.094686    0.998005    0.301773    0.317357    0.342479    0.310830    0.243229    0.029407    0.486295    4.199785    0.014688    0.001588    0.002123    9.545728    4.070305    1.692364    1.750858    1.847415    1.986599    0.995546    1.048961    2.107135
Iteration: 425 bestvalit: 115.540000 bestmemit:    0.326652    0.003151    0.081132    0.094686    0.998005    0.301773    0.317357    0.342479    0.310830    0.243229    0.029407    0.486295    4.199785    0.014688    0.001588    0.002123    9.545728    4.070305    1.692364    1.750858    1.847415    1.986599    0.995546    1.048961    2.107135
Iteration: 426 bestvalit: 115.540000 bestmemit:    0.326652    0.003151    0.081132    0.094686    0.998005    0.301773    0.317357    0.342479    0.310830    0.243229    0.029407    0.486295    4.199785    0.014688    0.001588    0.002123    9.545728    4.070305    1.692364    1.750858    1.847415    1.986599    0.995546    1.048961    2.107135
Iteration: 427 bestvalit: 115.540000 bestmemit:    0.326652    0.003151    0.081132    0.094686    0.998005    0.301773    0.317357    0.342479    0.310830    0.243229    0.029407    0.486295    4.199785    0.014688    0.001588    0.002123    9.545728    4.070305    1.692364    1.750858    1.847415    1.986599    0.995546    1.048961    2.107135
Iteration: 428 bestvalit: 115.540000 bestmemit:    0.326652    0.003151    0.081132    0.094686    0.998005    0.301773    0.317357    0.342479    0.310830    0.243229    0.029407    0.486295    4.199785    0.014688    0.001588    0.002123    9.545728    4.070305    1.692364    1.750858    1.847415    1.986599    0.995546    1.048961    2.107135
Iteration: 429 bestvalit: 115.540000 bestmemit:    0.326652    0.003151    0.081132    0.094686    0.998005    0.301773    0.317357    0.342479    0.310830    0.243229    0.029407    0.486295    4.199785    0.014688    0.001588    0.002123    9.545728    4.070305    1.692364    1.750858    1.847415    1.986599    0.995546    1.048961    2.107135
Iteration: 430 bestvalit: 115.540000 bestmemit:    0.326652    0.003151    0.081132    0.094686    0.998005    0.301773    0.317357    0.342479    0.310830    0.243229    0.029407    0.486295    4.199785    0.014688    0.001588    0.002123    9.545728    4.070305    1.692364    1.750858    1.847415    1.986599    0.995546    1.048961    2.107135
Iteration: 431 bestvalit: 115.540000 bestmemit:    0.326652    0.003151    0.081132    0.094686    0.998005    0.301773    0.317357    0.342479    0.310830    0.243229    0.029407    0.486295    4.199785    0.014688    0.001588    0.002123    9.545728    4.070305    1.692364    1.750858    1.847415    1.986599    0.995546    1.048961    2.107135
Iteration: 432 bestvalit: 115.375000 bestmemit:    0.326652    0.003151    0.081132    0.094686    0.998005    0.301773    0.317357    0.342479    0.310830    0.243229    0.029407    0.486295    4.199785    0.014688    0.001588    0.002123    9.791096    4.070305    1.692364    1.750858    1.847415    1.986599    0.995546    1.048961    2.107135
Iteration: 433 bestvalit: 115.375000 bestmemit:    0.326652    0.003151    0.081132    0.094686    0.998005    0.301773    0.317357    0.342479    0.310830    0.243229    0.029407    0.486295    4.199785    0.014688    0.001588    0.002123    9.791096    4.070305    1.692364    1.750858    1.847415    1.986599    0.995546    1.048961    2.107135
Iteration: 434 bestvalit: 115.375000 bestmemit:    0.326652    0.003151    0.081132    0.094686    0.998005    0.301773    0.317357    0.342479    0.310830    0.243229    0.029407    0.486295    4.199785    0.014688    0.001588    0.002123    9.791096    4.070305    1.692364    1.750858    1.847415    1.986599    0.995546    1.048961    2.107135
Iteration: 435 bestvalit: 115.375000 bestmemit:    0.326652    0.003151    0.081132    0.094686    0.998005    0.301773    0.317357    0.342479    0.310830    0.243229    0.029407    0.486295    4.199785    0.014688    0.001588    0.002123    9.791096    4.070305    1.692364    1.750858    1.847415    1.986599    0.995546    1.048961    2.107135
Iteration: 436 bestvalit: 115.375000 bestmemit:    0.326652    0.003151    0.081132    0.094686    0.998005    0.301773    0.317357    0.342479    0.310830    0.243229    0.029407    0.486295    4.199785    0.014688    0.001588    0.002123    9.791096    4.070305    1.692364    1.750858    1.847415    1.986599    0.995546    1.048961    2.107135
Iteration: 437 bestvalit: 115.375000 bestmemit:    0.326652    0.003151    0.081132    0.094686    0.998005    0.301773    0.317357    0.342479    0.310830    0.243229    0.029407    0.486295    4.199785    0.014688    0.001588    0.002123    9.791096    4.070305    1.692364    1.750858    1.847415    1.986599    0.995546    1.048961    2.107135
Iteration: 438 bestvalit: 115.375000 bestmemit:    0.326652    0.003151    0.081132    0.094686    0.998005    0.301773    0.317357    0.342479    0.310830    0.243229    0.029407    0.486295    4.199785    0.014688    0.001588    0.002123    9.791096    4.070305    1.692364    1.750858    1.847415    1.986599    0.995546    1.048961    2.107135
Iteration: 439 bestvalit: 115.375000 bestmemit:    0.326652    0.003151    0.081132    0.094686    0.998005    0.301773    0.317357    0.342479    0.310830    0.243229    0.029407    0.486295    4.199785    0.014688    0.001588    0.002123    9.791096    4.070305    1.692364    1.750858    1.847415    1.986599    0.995546    1.048961    2.107135
Iteration: 440 bestvalit: 115.375000 bestmemit:    0.326652    0.003151    0.081132    0.094686    0.998005    0.301773    0.317357    0.342479    0.310830    0.243229    0.029407    0.486295    4.199785    0.014688    0.001588    0.002123    9.791096    4.070305    1.692364    1.750858    1.847415    1.986599    0.995546    1.048961    2.107135
Iteration: 441 bestvalit: 115.375000 bestmemit:    0.326652    0.003151    0.081132    0.094686    0.998005    0.301773    0.317357    0.342479    0.310830    0.243229    0.029407    0.486295    4.199785    0.014688    0.001588    0.002123    9.791096    4.070305    1.692364    1.750858    1.847415    1.986599    0.995546    1.048961    2.107135
Iteration: 442 bestvalit: 115.375000 bestmemit:    0.326652    0.003151    0.081132    0.094686    0.998005    0.301773    0.317357    0.342479    0.310830    0.243229    0.029407    0.486295    4.199785    0.014688    0.001588    0.002123    9.791096    4.070305    1.692364    1.750858    1.847415    1.986599    0.995546    1.048961    2.107135
Iteration: 443 bestvalit: 115.375000 bestmemit:    0.326652    0.003151    0.081132    0.094686    0.998005    0.301773    0.317357    0.342479    0.310830    0.243229    0.029407    0.486295    4.199785    0.014688    0.001588    0.002123    9.791096    4.070305    1.692364    1.750858    1.847415    1.986599    0.995546    1.048961    2.107135
Iteration: 444 bestvalit: 115.375000 bestmemit:    0.326652    0.003151    0.081132    0.094686    0.998005    0.301773    0.317357    0.342479    0.310830    0.243229    0.029407    0.486295    4.199785    0.014688    0.001588    0.002123    9.791096    4.070305    1.692364    1.750858    1.847415    1.986599    0.995546    1.048961    2.107135
Iteration: 445 bestvalit: 115.375000 bestmemit:    0.326652    0.003151    0.081132    0.094686    0.998005    0.301773    0.317357    0.342479    0.310830    0.243229    0.029407    0.486295    4.199785    0.014688    0.001588    0.002123    9.791096    4.070305    1.692364    1.750858    1.847415    1.986599    0.995546    1.048961    2.107135
Iteration: 446 bestvalit: 115.375000 bestmemit:    0.326652    0.003151    0.081132    0.094686    0.998005    0.301773    0.317357    0.342479    0.310830    0.243229    0.029407    0.486295    4.199785    0.014688    0.001588    0.002123    9.791096    4.070305    1.692364    1.750858    1.847415    1.986599    0.995546    1.048961    2.107135
Iteration: 447 bestvalit: 115.375000 bestmemit:    0.326652    0.003151    0.081132    0.094686    0.998005    0.301773    0.317357    0.342479    0.310830    0.243229    0.029407    0.486295    4.199785    0.014688    0.001588    0.002123    9.791096    4.070305    1.692364    1.750858    1.847415    1.986599    0.995546    1.048961    2.107135
Iteration: 448 bestvalit: 115.375000 bestmemit:    0.326652    0.003151    0.081132    0.094686    0.998005    0.301773    0.317357    0.342479    0.310830    0.243229    0.029407    0.486295    4.199785    0.014688    0.001588    0.002123    9.791096    4.070305    1.692364    1.750858    1.847415    1.986599    0.995546    1.048961    2.107135
Iteration: 449 bestvalit: 115.375000 bestmemit:    0.326652    0.003151    0.081132    0.094686    0.998005    0.301773    0.317357    0.342479    0.310830    0.243229    0.029407    0.486295    4.199785    0.014688    0.001588    0.002123    9.791096    4.070305    1.692364    1.750858    1.847415    1.986599    0.995546    1.048961    2.107135
Iteration: 450 bestvalit: 115.375000 bestmemit:    0.326652    0.003151    0.081132    0.094686    0.998005    0.301773    0.317357    0.342479    0.310830    0.243229    0.029407    0.486295    4.199785    0.014688    0.001588    0.002123    9.791096    4.070305    1.692364    1.750858    1.847415    1.986599    0.995546    1.048961    2.107135
Iteration: 451 bestvalit: 115.375000 bestmemit:    0.326652    0.003151    0.081132    0.094686    0.998005    0.301773    0.317357    0.342479    0.310830    0.243229    0.029407    0.486295    4.199785    0.014688    0.001588    0.002123    9.791096    4.070305    1.692364    1.750858    1.847415    1.986599    0.995546    1.048961    2.107135
Iteration: 452 bestvalit: 115.375000 bestmemit:    0.326652    0.003151    0.081132    0.094686    0.998005    0.301773    0.317357    0.342479    0.310830    0.243229    0.029407    0.486295    4.199785    0.014688    0.001588    0.002123    9.791096    4.070305    1.692364    1.750858    1.847415    1.986599    0.995546    1.048961    2.107135
Iteration: 453 bestvalit: 115.375000 bestmemit:    0.326652    0.003151    0.081132    0.094686    0.998005    0.301773    0.317357    0.342479    0.310830    0.243229    0.029407    0.486295    4.199785    0.014688    0.001588    0.002123    9.791096    4.070305    1.692364    1.750858    1.847415    1.986599    0.995546    1.048961    2.107135
Iteration: 454 bestvalit: 115.375000 bestmemit:    0.326652    0.003151    0.081132    0.094686    0.998005    0.301773    0.317357    0.342479    0.310830    0.243229    0.029407    0.486295    4.199785    0.014688    0.001588    0.002123    9.791096    4.070305    1.692364    1.750858    1.847415    1.986599    0.995546    1.048961    2.107135
Iteration: 455 bestvalit: 115.375000 bestmemit:    0.326652    0.003151    0.081132    0.094686    0.998005    0.301773    0.317357    0.342479    0.310830    0.243229    0.029407    0.486295    4.199785    0.014688    0.001588    0.002123    9.791096    4.070305    1.692364    1.750858    1.847415    1.986599    0.995546    1.048961    2.107135
Iteration: 456 bestvalit: 115.375000 bestmemit:    0.326652    0.003151    0.081132    0.094686    0.998005    0.301773    0.317357    0.342479    0.310830    0.243229    0.029407    0.486295    4.199785    0.014688    0.001588    0.002123    9.791096    4.070305    1.692364    1.750858    1.847415    1.986599    0.995546    1.048961    2.107135
Iteration: 457 bestvalit: 111.865000 bestmemit:    0.326652    0.003151    0.081132    0.094686    0.998005    0.301773    0.317357    0.335799    0.310830    0.243229    0.029407    0.486295    4.199785    0.014688    0.001588    0.002123    9.791096    4.070305    1.692364    1.750858    1.847415    1.986599    0.995546    1.048961    2.107135
Iteration: 458 bestvalit: 111.865000 bestmemit:    0.326652    0.003151    0.081132    0.094686    0.998005    0.301773    0.317357    0.335799    0.310830    0.243229    0.029407    0.486295    4.199785    0.014688    0.001588    0.002123    9.791096    4.070305    1.692364    1.750858    1.847415    1.986599    0.995546    1.048961    2.107135
Iteration: 459 bestvalit: 111.865000 bestmemit:    0.326652    0.003151    0.081132    0.094686    0.998005    0.301773    0.317357    0.335799    0.310830    0.243229    0.029407    0.486295    4.199785    0.014688    0.001588    0.002123    9.791096    4.070305    1.692364    1.750858    1.847415    1.986599    0.995546    1.048961    2.107135
Iteration: 460 bestvalit: 111.865000 bestmemit:    0.326652    0.003151    0.081132    0.094686    0.998005    0.301773    0.317357    0.335799    0.310830    0.243229    0.029407    0.486295    4.199785    0.014688    0.001588    0.002123    9.791096    4.070305    1.692364    1.750858    1.847415    1.986599    0.995546    1.048961    2.107135
Iteration: 461 bestvalit: 111.865000 bestmemit:    0.326652    0.003151    0.081132    0.094686    0.998005    0.301773    0.317357    0.335799    0.310830    0.243229    0.029407    0.486295    4.199785    0.014688    0.001588    0.002123    9.791096    4.070305    1.692364    1.750858    1.847415    1.986599    0.995546    1.048961    2.107135
Iteration: 462 bestvalit: 111.865000 bestmemit:    0.326652    0.003151    0.081132    0.094686    0.998005    0.301773    0.317357    0.335799    0.310830    0.243229    0.029407    0.486295    4.199785    0.014688    0.001588    0.002123    9.791096    4.070305    1.692364    1.750858    1.847415    1.986599    0.995546    1.048961    2.107135
Iteration: 463 bestvalit: 111.865000 bestmemit:    0.326652    0.003151    0.081132    0.094686    0.998005    0.301773    0.317357    0.335799    0.310830    0.243229    0.029407    0.486295    4.199785    0.014688    0.001588    0.002123    9.791096    4.070305    1.692364    1.750858    1.847415    1.986599    0.995546    1.048961    2.107135
Iteration: 464 bestvalit: 111.645000 bestmemit:    0.324319    0.005007    0.013080    0.095773    0.809777    0.202159    0.091740    0.245969    0.118309    0.144260    0.082548    0.427160    4.378294    0.027548    0.001144    0.003489    5.844566    5.543794    1.316713    1.936444    1.538917    1.963702    0.998592    1.157210    1.913259
Iteration: 465 bestvalit: 111.645000 bestmemit:    0.324319    0.005007    0.013080    0.095773    0.809777    0.202159    0.091740    0.245969    0.118309    0.144260    0.082548    0.427160    4.378294    0.027548    0.001144    0.003489    5.844566    5.543794    1.316713    1.936444    1.538917    1.963702    0.998592    1.157210    1.913259
Iteration: 466 bestvalit: 111.645000 bestmemit:    0.324319    0.005007    0.013080    0.095773    0.809777    0.202159    0.091740    0.245969    0.118309    0.144260    0.082548    0.427160    4.378294    0.027548    0.001144    0.003489    5.844566    5.543794    1.316713    1.936444    1.538917    1.963702    0.998592    1.157210    1.913259
Iteration: 467 bestvalit: 111.645000 bestmemit:    0.324319    0.005007    0.013080    0.095773    0.809777    0.202159    0.091740    0.245969    0.118309    0.144260    0.082548    0.427160    4.378294    0.027548    0.001144    0.003489    5.844566    5.543794    1.316713    1.936444    1.538917    1.963702    0.998592    1.157210    1.913259
Iteration: 468 bestvalit: 111.645000 bestmemit:    0.324319    0.005007    0.013080    0.095773    0.809777    0.202159    0.091740    0.245969    0.118309    0.144260    0.082548    0.427160    4.378294    0.027548    0.001144    0.003489    5.844566    5.543794    1.316713    1.936444    1.538917    1.963702    0.998592    1.157210    1.913259
Iteration: 469 bestvalit: 111.645000 bestmemit:    0.324319    0.005007    0.013080    0.095773    0.809777    0.202159    0.091740    0.245969    0.118309    0.144260    0.082548    0.427160    4.378294    0.027548    0.001144    0.003489    5.844566    5.543794    1.316713    1.936444    1.538917    1.963702    0.998592    1.157210    1.913259
Iteration: 470 bestvalit: 111.645000 bestmemit:    0.324319    0.005007    0.013080    0.095773    0.809777    0.202159    0.091740    0.245969    0.118309    0.144260    0.082548    0.427160    4.378294    0.027548    0.001144    0.003489    5.844566    5.543794    1.316713    1.936444    1.538917    1.963702    0.998592    1.157210    1.913259
Iteration: 471 bestvalit: 111.645000 bestmemit:    0.324319    0.005007    0.013080    0.095773    0.809777    0.202159    0.091740    0.245969    0.118309    0.144260    0.082548    0.427160    4.378294    0.027548    0.001144    0.003489    5.844566    5.543794    1.316713    1.936444    1.538917    1.963702    0.998592    1.157210    1.913259
Iteration: 472 bestvalit: 111.645000 bestmemit:    0.324319    0.005007    0.013080    0.095773    0.809777    0.202159    0.091740    0.245969    0.118309    0.144260    0.082548    0.427160    4.378294    0.027548    0.001144    0.003489    5.844566    5.543794    1.316713    1.936444    1.538917    1.963702    0.998592    1.157210    1.913259
Iteration: 473 bestvalit: 111.460000 bestmemit:    0.324319    0.005007    0.013080    0.095773    0.809777    0.202159    0.091740    0.245969    0.118309    0.144260    0.082548    0.427160    4.378294    0.027548    0.001144    0.003489    5.844566    5.543794    1.316713    1.936444    1.538917    1.766016    0.994897    1.157210    1.913259
Iteration: 474 bestvalit: 111.460000 bestmemit:    0.324319    0.005007    0.013080    0.095773    0.809777    0.202159    0.091740    0.245969    0.118309    0.144260    0.082548    0.427160    4.378294    0.027548    0.001144    0.003489    5.844566    5.543794    1.316713    1.936444    1.538917    1.766016    0.994897    1.157210    1.913259
Iteration: 475 bestvalit: 111.460000 bestmemit:    0.324319    0.005007    0.013080    0.095773    0.809777    0.202159    0.091740    0.245969    0.118309    0.144260    0.082548    0.427160    4.378294    0.027548    0.001144    0.003489    5.844566    5.543794    1.316713    1.936444    1.538917    1.766016    0.994897    1.157210    1.913259
Iteration: 476 bestvalit: 110.735000 bestmemit:    0.326652    0.003151    0.081132    0.094686    0.998005    0.301773    0.317357    0.335799    0.310830    0.243229    0.029407    0.486295    4.199785    0.014688    0.001588    0.002123    9.791096    4.396797    1.773272    1.750858    1.847415    1.986599    0.995546    1.048961    2.107135
Iteration: 477 bestvalit: 110.735000 bestmemit:    0.326652    0.003151    0.081132    0.094686    0.998005    0.301773    0.317357    0.335799    0.310830    0.243229    0.029407    0.486295    4.199785    0.014688    0.001588    0.002123    9.791096    4.396797    1.773272    1.750858    1.847415    1.986599    0.995546    1.048961    2.107135
Iteration: 478 bestvalit: 110.735000 bestmemit:    0.326652    0.003151    0.081132    0.094686    0.998005    0.301773    0.317357    0.335799    0.310830    0.243229    0.029407    0.486295    4.199785    0.014688    0.001588    0.002123    9.791096    4.396797    1.773272    1.750858    1.847415    1.986599    0.995546    1.048961    2.107135
Iteration: 479 bestvalit: 110.735000 bestmemit:    0.326652    0.003151    0.081132    0.094686    0.998005    0.301773    0.317357    0.335799    0.310830    0.243229    0.029407    0.486295    4.199785    0.014688    0.001588    0.002123    9.791096    4.396797    1.773272    1.750858    1.847415    1.986599    0.995546    1.048961    2.107135
Iteration: 480 bestvalit: 110.735000 bestmemit:    0.326652    0.003151    0.081132    0.094686    0.998005    0.301773    0.317357    0.335799    0.310830    0.243229    0.029407    0.486295    4.199785    0.014688    0.001588    0.002123    9.791096    4.396797    1.773272    1.750858    1.847415    1.986599    0.995546    1.048961    2.107135
Iteration: 481 bestvalit: 110.735000 bestmemit:    0.326652    0.003151    0.081132    0.094686    0.998005    0.301773    0.317357    0.335799    0.310830    0.243229    0.029407    0.486295    4.199785    0.014688    0.001588    0.002123    9.791096    4.396797    1.773272    1.750858    1.847415    1.986599    0.995546    1.048961    2.107135
Iteration: 482 bestvalit: 110.735000 bestmemit:    0.326652    0.003151    0.081132    0.094686    0.998005    0.301773    0.317357    0.335799    0.310830    0.243229    0.029407    0.486295    4.199785    0.014688    0.001588    0.002123    9.791096    4.396797    1.773272    1.750858    1.847415    1.986599    0.995546    1.048961    2.107135
Iteration: 483 bestvalit: 110.735000 bestmemit:    0.326652    0.003151    0.081132    0.094686    0.998005    0.301773    0.317357    0.335799    0.310830    0.243229    0.029407    0.486295    4.199785    0.014688    0.001588    0.002123    9.791096    4.396797    1.773272    1.750858    1.847415    1.986599    0.995546    1.048961    2.107135
Iteration: 484 bestvalit: 110.735000 bestmemit:    0.326652    0.003151    0.081132    0.094686    0.998005    0.301773    0.317357    0.335799    0.310830    0.243229    0.029407    0.486295    4.199785    0.014688    0.001588    0.002123    9.791096    4.396797    1.773272    1.750858    1.847415    1.986599    0.995546    1.048961    2.107135
Iteration: 485 bestvalit: 110.735000 bestmemit:    0.326652    0.003151    0.081132    0.094686    0.998005    0.301773    0.317357    0.335799    0.310830    0.243229    0.029407    0.486295    4.199785    0.014688    0.001588    0.002123    9.791096    4.396797    1.773272    1.750858    1.847415    1.986599    0.995546    1.048961    2.107135
Iteration: 486 bestvalit: 110.735000 bestmemit:    0.326652    0.003151    0.081132    0.094686    0.998005    0.301773    0.317357    0.335799    0.310830    0.243229    0.029407    0.486295    4.199785    0.014688    0.001588    0.002123    9.791096    4.396797    1.773272    1.750858    1.847415    1.986599    0.995546    1.048961    2.107135
Iteration: 487 bestvalit: 110.735000 bestmemit:    0.326652    0.003151    0.081132    0.094686    0.998005    0.301773    0.317357    0.335799    0.310830    0.243229    0.029407    0.486295    4.199785    0.014688    0.001588    0.002123    9.791096    4.396797    1.773272    1.750858    1.847415    1.986599    0.995546    1.048961    2.107135
Iteration: 488 bestvalit: 110.735000 bestmemit:    0.326652    0.003151    0.081132    0.094686    0.998005    0.301773    0.317357    0.335799    0.310830    0.243229    0.029407    0.486295    4.199785    0.014688    0.001588    0.002123    9.791096    4.396797    1.773272    1.750858    1.847415    1.986599    0.995546    1.048961    2.107135
Iteration: 489 bestvalit: 110.735000 bestmemit:    0.326652    0.003151    0.081132    0.094686    0.998005    0.301773    0.317357    0.335799    0.310830    0.243229    0.029407    0.486295    4.199785    0.014688    0.001588    0.002123    9.791096    4.396797    1.773272    1.750858    1.847415    1.986599    0.995546    1.048961    2.107135
Iteration: 490 bestvalit: 110.735000 bestmemit:    0.326652    0.003151    0.081132    0.094686    0.998005    0.301773    0.317357    0.335799    0.310830    0.243229    0.029407    0.486295    4.199785    0.014688    0.001588    0.002123    9.791096    4.396797    1.773272    1.750858    1.847415    1.986599    0.995546    1.048961    2.107135
Iteration: 491 bestvalit: 110.735000 bestmemit:    0.326652    0.003151    0.081132    0.094686    0.998005    0.301773    0.317357    0.335799    0.310830    0.243229    0.029407    0.486295    4.199785    0.014688    0.001588    0.002123    9.791096    4.396797    1.773272    1.750858    1.847415    1.986599    0.995546    1.048961    2.107135
Iteration: 492 bestvalit: 110.735000 bestmemit:    0.326652    0.003151    0.081132    0.094686    0.998005    0.301773    0.317357    0.335799    0.310830    0.243229    0.029407    0.486295    4.199785    0.014688    0.001588    0.002123    9.791096    4.396797    1.773272    1.750858    1.847415    1.986599    0.995546    1.048961    2.107135
Iteration: 493 bestvalit: 110.735000 bestmemit:    0.326652    0.003151    0.081132    0.094686    0.998005    0.301773    0.317357    0.335799    0.310830    0.243229    0.029407    0.486295    4.199785    0.014688    0.001588    0.002123    9.791096    4.396797    1.773272    1.750858    1.847415    1.986599    0.995546    1.048961    2.107135
Iteration: 494 bestvalit: 110.100000 bestmemit:    0.324319    0.005007    0.013080    0.095773    0.664032    0.202159    0.091740    0.245969    0.118309    0.144260    0.082548    0.468013    4.378294    0.027548    0.001144    0.003489    5.844566    5.543794    1.316713    1.936444    1.538917    1.766016    0.994897    1.157210    1.913259
Iteration: 495 bestvalit: 110.100000 bestmemit:    0.324319    0.005007    0.013080    0.095773    0.664032    0.202159    0.091740    0.245969    0.118309    0.144260    0.082548    0.468013    4.378294    0.027548    0.001144    0.003489    5.844566    5.543794    1.316713    1.936444    1.538917    1.766016    0.994897    1.157210    1.913259
Iteration: 496 bestvalit: 110.100000 bestmemit:    0.324319    0.005007    0.013080    0.095773    0.664032    0.202159    0.091740    0.245969    0.118309    0.144260    0.082548    0.468013    4.378294    0.027548    0.001144    0.003489    5.844566    5.543794    1.316713    1.936444    1.538917    1.766016    0.994897    1.157210    1.913259
Iteration: 497 bestvalit: 110.100000 bestmemit:    0.324319    0.005007    0.013080    0.095773    0.664032    0.202159    0.091740    0.245969    0.118309    0.144260    0.082548    0.468013    4.378294    0.027548    0.001144    0.003489    5.844566    5.543794    1.316713    1.936444    1.538917    1.766016    0.994897    1.157210    1.913259
Iteration: 498 bestvalit: 110.100000 bestmemit:    0.324319    0.005007    0.013080    0.095773    0.664032    0.202159    0.091740    0.245969    0.118309    0.144260    0.082548    0.468013    4.378294    0.027548    0.001144    0.003489    5.844566    5.543794    1.316713    1.936444    1.538917    1.766016    0.994897    1.157210    1.913259
Iteration: 499 bestvalit: 110.100000 bestmemit:    0.324319    0.005007    0.013080    0.095773    0.664032    0.202159    0.091740    0.245969    0.118309    0.144260    0.082548    0.468013    4.378294    0.027548    0.001144    0.003489    5.844566    5.543794    1.316713    1.936444    1.538917    1.766016    0.994897    1.157210    1.913259
Iteration: 500 bestvalit: 110.100000 bestmemit:    0.324319    0.005007    0.013080    0.095773    0.664032    0.202159    0.091740    0.245969    0.118309    0.144260    0.082548    0.468013    4.378294    0.027548    0.001144    0.003489    5.844566    5.543794    1.316713    1.936444    1.538917    1.766016    0.994897    1.157210    1.913259
Iteration: 501 bestvalit: 110.100000 bestmemit:    0.324319    0.005007    0.013080    0.095773    0.664032    0.202159    0.091740    0.245969    0.118309    0.144260    0.082548    0.468013    4.378294    0.027548    0.001144    0.003489    5.844566    5.543794    1.316713    1.936444    1.538917    1.766016    0.994897    1.157210    1.913259
Iteration: 502 bestvalit: 108.830000 bestmemit:    0.324319    0.005007    0.013080    0.095773    0.664032    0.202159    0.091740    0.245969    0.118309    0.144260    0.082548    0.468013    4.378294    0.027548    0.001144    0.003489    5.844566    5.748714    1.087878    1.936444    1.538917    1.766016    0.994897    1.157210    1.913259
Iteration: 503 bestvalit: 108.830000 bestmemit:    0.324319    0.005007    0.013080    0.095773    0.664032    0.202159    0.091740    0.245969    0.118309    0.144260    0.082548    0.468013    4.378294    0.027548    0.001144    0.003489    5.844566    5.748714    1.087878    1.936444    1.538917    1.766016    0.994897    1.157210    1.913259
Iteration: 504 bestvalit: 108.830000 bestmemit:    0.324319    0.005007    0.013080    0.095773    0.664032    0.202159    0.091740    0.245969    0.118309    0.144260    0.082548    0.468013    4.378294    0.027548    0.001144    0.003489    5.844566    5.748714    1.087878    1.936444    1.538917    1.766016    0.994897    1.157210    1.913259
Iteration: 505 bestvalit: 108.830000 bestmemit:    0.324319    0.005007    0.013080    0.095773    0.664032    0.202159    0.091740    0.245969    0.118309    0.144260    0.082548    0.468013    4.378294    0.027548    0.001144    0.003489    5.844566    5.748714    1.087878    1.936444    1.538917    1.766016    0.994897    1.157210    1.913259
Iteration: 506 bestvalit: 106.810000 bestmemit:    0.324319    0.005007    0.013080    0.095773    0.664032    0.202159    0.091740    0.245969    0.118309    0.144260    0.082548    0.468013    4.378294    0.027548    0.001144    0.003489    5.844566    5.748714    1.087878    1.936444    1.584600    1.896079    0.994897    1.157210    1.913259
Iteration: 507 bestvalit: 106.810000 bestmemit:    0.324319    0.005007    0.013080    0.095773    0.664032    0.202159    0.091740    0.245969    0.118309    0.144260    0.082548    0.468013    4.378294    0.027548    0.001144    0.003489    5.844566    5.748714    1.087878    1.936444    1.584600    1.896079    0.994897    1.157210    1.913259
Iteration: 508 bestvalit: 106.810000 bestmemit:    0.324319    0.005007    0.013080    0.095773    0.664032    0.202159    0.091740    0.245969    0.118309    0.144260    0.082548    0.468013    4.378294    0.027548    0.001144    0.003489    5.844566    5.748714    1.087878    1.936444    1.584600    1.896079    0.994897    1.157210    1.913259
Iteration: 509 bestvalit: 106.810000 bestmemit:    0.324319    0.005007    0.013080    0.095773    0.664032    0.202159    0.091740    0.245969    0.118309    0.144260    0.082548    0.468013    4.378294    0.027548    0.001144    0.003489    5.844566    5.748714    1.087878    1.936444    1.584600    1.896079    0.994897    1.157210    1.913259
Iteration: 510 bestvalit: 106.810000 bestmemit:    0.324319    0.005007    0.013080    0.095773    0.664032    0.202159    0.091740    0.245969    0.118309    0.144260    0.082548    0.468013    4.378294    0.027548    0.001144    0.003489    5.844566    5.748714    1.087878    1.936444    1.584600    1.896079    0.994897    1.157210    1.913259
Iteration: 511 bestvalit: 106.810000 bestmemit:    0.324319    0.005007    0.013080    0.095773    0.664032    0.202159    0.091740    0.245969    0.118309    0.144260    0.082548    0.468013    4.378294    0.027548    0.001144    0.003489    5.844566    5.748714    1.087878    1.936444    1.584600    1.896079    0.994897    1.157210    1.913259
Iteration: 512 bestvalit: 106.810000 bestmemit:    0.324319    0.005007    0.013080    0.095773    0.664032    0.202159    0.091740    0.245969    0.118309    0.144260    0.082548    0.468013    4.378294    0.027548    0.001144    0.003489    5.844566    5.748714    1.087878    1.936444    1.584600    1.896079    0.994897    1.157210    1.913259
Iteration: 513 bestvalit: 106.810000 bestmemit:    0.324319    0.005007    0.013080    0.095773    0.664032    0.202159    0.091740    0.245969    0.118309    0.144260    0.082548    0.468013    4.378294    0.027548    0.001144    0.003489    5.844566    5.748714    1.087878    1.936444    1.584600    1.896079    0.994897    1.157210    1.913259
Iteration: 514 bestvalit: 106.810000 bestmemit:    0.324319    0.005007    0.013080    0.095773    0.664032    0.202159    0.091740    0.245969    0.118309    0.144260    0.082548    0.468013    4.378294    0.027548    0.001144    0.003489    5.844566    5.748714    1.087878    1.936444    1.584600    1.896079    0.994897    1.157210    1.913259
Iteration: 515 bestvalit: 106.810000 bestmemit:    0.324319    0.005007    0.013080    0.095773    0.664032    0.202159    0.091740    0.245969    0.118309    0.144260    0.082548    0.468013    4.378294    0.027548    0.001144    0.003489    5.844566    5.748714    1.087878    1.936444    1.584600    1.896079    0.994897    1.157210    1.913259
Iteration: 516 bestvalit: 106.810000 bestmemit:    0.324319    0.005007    0.013080    0.095773    0.664032    0.202159    0.091740    0.245969    0.118309    0.144260    0.082548    0.468013    4.378294    0.027548    0.001144    0.003489    5.844566    5.748714    1.087878    1.936444    1.584600    1.896079    0.994897    1.157210    1.913259
Iteration: 517 bestvalit: 106.810000 bestmemit:    0.324319    0.005007    0.013080    0.095773    0.664032    0.202159    0.091740    0.245969    0.118309    0.144260    0.082548    0.468013    4.378294    0.027548    0.001144    0.003489    5.844566    5.748714    1.087878    1.936444    1.584600    1.896079    0.994897    1.157210    1.913259
Iteration: 518 bestvalit: 106.810000 bestmemit:    0.324319    0.005007    0.013080    0.095773    0.664032    0.202159    0.091740    0.245969    0.118309    0.144260    0.082548    0.468013    4.378294    0.027548    0.001144    0.003489    5.844566    5.748714    1.087878    1.936444    1.584600    1.896079    0.994897    1.157210    1.913259
Iteration: 519 bestvalit: 106.810000 bestmemit:    0.324319    0.005007    0.013080    0.095773    0.664032    0.202159    0.091740    0.245969    0.118309    0.144260    0.082548    0.468013    4.378294    0.027548    0.001144    0.003489    5.844566    5.748714    1.087878    1.936444    1.584600    1.896079    0.994897    1.157210    1.913259
Iteration: 520 bestvalit: 106.810000 bestmemit:    0.324319    0.005007    0.013080    0.095773    0.664032    0.202159    0.091740    0.245969    0.118309    0.144260    0.082548    0.468013    4.378294    0.027548    0.001144    0.003489    5.844566    5.748714    1.087878    1.936444    1.584600    1.896079    0.994897    1.157210    1.913259
Iteration: 521 bestvalit: 106.810000 bestmemit:    0.324319    0.005007    0.013080    0.095773    0.664032    0.202159    0.091740    0.245969    0.118309    0.144260    0.082548    0.468013    4.378294    0.027548    0.001144    0.003489    5.844566    5.748714    1.087878    1.936444    1.584600    1.896079    0.994897    1.157210    1.913259
Iteration: 522 bestvalit: 106.810000 bestmemit:    0.324319    0.005007    0.013080    0.095773    0.664032    0.202159    0.091740    0.245969    0.118309    0.144260    0.082548    0.468013    4.378294    0.027548    0.001144    0.003489    5.844566    5.748714    1.087878    1.936444    1.584600    1.896079    0.994897    1.157210    1.913259
Iteration: 523 bestvalit: 106.810000 bestmemit:    0.324319    0.005007    0.013080    0.095773    0.664032    0.202159    0.091740    0.245969    0.118309    0.144260    0.082548    0.468013    4.378294    0.027548    0.001144    0.003489    5.844566    5.748714    1.087878    1.936444    1.584600    1.896079    0.994897    1.157210    1.913259
Iteration: 524 bestvalit: 106.810000 bestmemit:    0.324319    0.005007    0.013080    0.095773    0.664032    0.202159    0.091740    0.245969    0.118309    0.144260    0.082548    0.468013    4.378294    0.027548    0.001144    0.003489    5.844566    5.748714    1.087878    1.936444    1.584600    1.896079    0.994897    1.157210    1.913259
Iteration: 525 bestvalit: 106.810000 bestmemit:    0.324319    0.005007    0.013080    0.095773    0.664032    0.202159    0.091740    0.245969    0.118309    0.144260    0.082548    0.468013    4.378294    0.027548    0.001144    0.003489    5.844566    5.748714    1.087878    1.936444    1.584600    1.896079    0.994897    1.157210    1.913259
Iteration: 526 bestvalit: 106.810000 bestmemit:    0.324319    0.005007    0.013080    0.095773    0.664032    0.202159    0.091740    0.245969    0.118309    0.144260    0.082548    0.468013    4.378294    0.027548    0.001144    0.003489    5.844566    5.748714    1.087878    1.936444    1.584600    1.896079    0.994897    1.157210    1.913259
Iteration: 527 bestvalit: 106.810000 bestmemit:    0.324319    0.005007    0.013080    0.095773    0.664032    0.202159    0.091740    0.245969    0.118309    0.144260    0.082548    0.468013    4.378294    0.027548    0.001144    0.003489    5.844566    5.748714    1.087878    1.936444    1.584600    1.896079    0.994897    1.157210    1.913259
Iteration: 528 bestvalit: 106.810000 bestmemit:    0.324319    0.005007    0.013080    0.095773    0.664032    0.202159    0.091740    0.245969    0.118309    0.144260    0.082548    0.468013    4.378294    0.027548    0.001144    0.003489    5.844566    5.748714    1.087878    1.936444    1.584600    1.896079    0.994897    1.157210    1.913259
Iteration: 529 bestvalit: 106.810000 bestmemit:    0.324319    0.005007    0.013080    0.095773    0.664032    0.202159    0.091740    0.245969    0.118309    0.144260    0.082548    0.468013    4.378294    0.027548    0.001144    0.003489    5.844566    5.748714    1.087878    1.936444    1.584600    1.896079    0.994897    1.157210    1.913259
Iteration: 530 bestvalit: 106.810000 bestmemit:    0.324319    0.005007    0.013080    0.095773    0.664032    0.202159    0.091740    0.245969    0.118309    0.144260    0.082548    0.468013    4.378294    0.027548    0.001144    0.003489    5.844566    5.748714    1.087878    1.936444    1.584600    1.896079    0.994897    1.157210    1.913259
Iteration: 531 bestvalit: 106.810000 bestmemit:    0.324319    0.005007    0.013080    0.095773    0.664032    0.202159    0.091740    0.245969    0.118309    0.144260    0.082548    0.468013    4.378294    0.027548    0.001144    0.003489    5.844566    5.748714    1.087878    1.936444    1.584600    1.896079    0.994897    1.157210    1.913259
Iteration: 532 bestvalit: 106.810000 bestmemit:    0.324319    0.005007    0.013080    0.095773    0.664032    0.202159    0.091740    0.245969    0.118309    0.144260    0.082548    0.468013    4.378294    0.027548    0.001144    0.003489    5.844566    5.748714    1.087878    1.936444    1.584600    1.896079    0.994897    1.157210    1.913259
Iteration: 533 bestvalit: 106.135000 bestmemit:    0.326652    0.003151    0.081132    0.094686    0.980257    0.301773    0.317357    0.335799    0.310830    0.243229    0.029407    0.486295    4.199785    0.014688    0.001588    0.002123    9.791096    4.396797    1.773272    1.750858    1.847415    1.986599    0.995546    1.057281    2.107135
Iteration: 534 bestvalit: 105.760000 bestmemit:    0.326652    0.003151    0.081132    0.094686    0.980257    0.301773    0.317357    0.335799    0.310830    0.243229    0.029407    0.486295    4.199785    0.014688    0.001588    0.002123    9.791096    4.396797    1.841394    1.750858    1.847415    1.986599    0.995546    1.057281    2.107135
Iteration: 535 bestvalit: 105.760000 bestmemit:    0.326652    0.003151    0.081132    0.094686    0.980257    0.301773    0.317357    0.335799    0.310830    0.243229    0.029407    0.486295    4.199785    0.014688    0.001588    0.002123    9.791096    4.396797    1.841394    1.750858    1.847415    1.986599    0.995546    1.057281    2.107135
Iteration: 536 bestvalit: 105.760000 bestmemit:    0.326652    0.003151    0.081132    0.094686    0.980257    0.301773    0.317357    0.335799    0.310830    0.243229    0.029407    0.486295    4.199785    0.014688    0.001588    0.002123    9.791096    4.396797    1.841394    1.750858    1.847415    1.986599    0.995546    1.057281    2.107135
Iteration: 537 bestvalit: 105.760000 bestmemit:    0.326652    0.003151    0.081132    0.094686    0.980257    0.301773    0.317357    0.335799    0.310830    0.243229    0.029407    0.486295    4.199785    0.014688    0.001588    0.002123    9.791096    4.396797    1.841394    1.750858    1.847415    1.986599    0.995546    1.057281    2.107135
Iteration: 538 bestvalit: 105.760000 bestmemit:    0.326652    0.003151    0.081132    0.094686    0.980257    0.301773    0.317357    0.335799    0.310830    0.243229    0.029407    0.486295    4.199785    0.014688    0.001588    0.002123    9.791096    4.396797    1.841394    1.750858    1.847415    1.986599    0.995546    1.057281    2.107135
Iteration: 539 bestvalit: 105.760000 bestmemit:    0.326652    0.003151    0.081132    0.094686    0.980257    0.301773    0.317357    0.335799    0.310830    0.243229    0.029407    0.486295    4.199785    0.014688    0.001588    0.002123    9.791096    4.396797    1.841394    1.750858    1.847415    1.986599    0.995546    1.057281    2.107135
Iteration: 540 bestvalit: 105.760000 bestmemit:    0.326652    0.003151    0.081132    0.094686    0.980257    0.301773    0.317357    0.335799    0.310830    0.243229    0.029407    0.486295    4.199785    0.014688    0.001588    0.002123    9.791096    4.396797    1.841394    1.750858    1.847415    1.986599    0.995546    1.057281    2.107135
Iteration: 541 bestvalit: 105.760000 bestmemit:    0.326652    0.003151    0.081132    0.094686    0.980257    0.301773    0.317357    0.335799    0.310830    0.243229    0.029407    0.486295    4.199785    0.014688    0.001588    0.002123    9.791096    4.396797    1.841394    1.750858    1.847415    1.986599    0.995546    1.057281    2.107135
Iteration: 542 bestvalit: 105.760000 bestmemit:    0.326652    0.003151    0.081132    0.094686    0.980257    0.301773    0.317357    0.335799    0.310830    0.243229    0.029407    0.486295    4.199785    0.014688    0.001588    0.002123    9.791096    4.396797    1.841394    1.750858    1.847415    1.986599    0.995546    1.057281    2.107135
Iteration: 543 bestvalit: 105.760000 bestmemit:    0.326652    0.003151    0.081132    0.094686    0.980257    0.301773    0.317357    0.335799    0.310830    0.243229    0.029407    0.486295    4.199785    0.014688    0.001588    0.002123    9.791096    4.396797    1.841394    1.750858    1.847415    1.986599    0.995546    1.057281    2.107135
Iteration: 544 bestvalit: 105.760000 bestmemit:    0.326652    0.003151    0.081132    0.094686    0.980257    0.301773    0.317357    0.335799    0.310830    0.243229    0.029407    0.486295    4.199785    0.014688    0.001588    0.002123    9.791096    4.396797    1.841394    1.750858    1.847415    1.986599    0.995546    1.057281    2.107135
Iteration: 545 bestvalit: 105.760000 bestmemit:    0.326652    0.003151    0.081132    0.094686    0.980257    0.301773    0.317357    0.335799    0.310830    0.243229    0.029407    0.486295    4.199785    0.014688    0.001588    0.002123    9.791096    4.396797    1.841394    1.750858    1.847415    1.986599    0.995546    1.057281    2.107135
Iteration: 546 bestvalit: 105.760000 bestmemit:    0.326652    0.003151    0.081132    0.094686    0.980257    0.301773    0.317357    0.335799    0.310830    0.243229    0.029407    0.486295    4.199785    0.014688    0.001588    0.002123    9.791096    4.396797    1.841394    1.750858    1.847415    1.986599    0.995546    1.057281    2.107135
Iteration: 547 bestvalit: 105.760000 bestmemit:    0.326652    0.003151    0.081132    0.094686    0.980257    0.301773    0.317357    0.335799    0.310830    0.243229    0.029407    0.486295    4.199785    0.014688    0.001588    0.002123    9.791096    4.396797    1.841394    1.750858    1.847415    1.986599    0.995546    1.057281    2.107135
Iteration: 548 bestvalit: 105.760000 bestmemit:    0.326652    0.003151    0.081132    0.094686    0.980257    0.301773    0.317357    0.335799    0.310830    0.243229    0.029407    0.486295    4.199785    0.014688    0.001588    0.002123    9.791096    4.396797    1.841394    1.750858    1.847415    1.986599    0.995546    1.057281    2.107135
Iteration: 549 bestvalit: 105.760000 bestmemit:    0.326652    0.003151    0.081132    0.094686    0.980257    0.301773    0.317357    0.335799    0.310830    0.243229    0.029407    0.486295    4.199785    0.014688    0.001588    0.002123    9.791096    4.396797    1.841394    1.750858    1.847415    1.986599    0.995546    1.057281    2.107135
Iteration: 550 bestvalit: 105.760000 bestmemit:    0.326652    0.003151    0.081132    0.094686    0.980257    0.301773    0.317357    0.335799    0.310830    0.243229    0.029407    0.486295    4.199785    0.014688    0.001588    0.002123    9.791096    4.396797    1.841394    1.750858    1.847415    1.986599    0.995546    1.057281    2.107135
Iteration: 551 bestvalit: 105.760000 bestmemit:    0.326652    0.003151    0.081132    0.094686    0.980257    0.301773    0.317357    0.335799    0.310830    0.243229    0.029407    0.486295    4.199785    0.014688    0.001588    0.002123    9.791096    4.396797    1.841394    1.750858    1.847415    1.986599    0.995546    1.057281    2.107135
Iteration: 552 bestvalit: 105.760000 bestmemit:    0.326652    0.003151    0.081132    0.094686    0.980257    0.301773    0.317357    0.335799    0.310830    0.243229    0.029407    0.486295    4.199785    0.014688    0.001588    0.002123    9.791096    4.396797    1.841394    1.750858    1.847415    1.986599    0.995546    1.057281    2.107135
Iteration: 553 bestvalit: 105.760000 bestmemit:    0.326652    0.003151    0.081132    0.094686    0.980257    0.301773    0.317357    0.335799    0.310830    0.243229    0.029407    0.486295    4.199785    0.014688    0.001588    0.002123    9.791096    4.396797    1.841394    1.750858    1.847415    1.986599    0.995546    1.057281    2.107135
Iteration: 554 bestvalit: 105.760000 bestmemit:    0.326652    0.003151    0.081132    0.094686    0.980257    0.301773    0.317357    0.335799    0.310830    0.243229    0.029407    0.486295    4.199785    0.014688    0.001588    0.002123    9.791096    4.396797    1.841394    1.750858    1.847415    1.986599    0.995546    1.057281    2.107135
Iteration: 555 bestvalit: 105.760000 bestmemit:    0.326652    0.003151    0.081132    0.094686    0.980257    0.301773    0.317357    0.335799    0.310830    0.243229    0.029407    0.486295    4.199785    0.014688    0.001588    0.002123    9.791096    4.396797    1.841394    1.750858    1.847415    1.986599    0.995546    1.057281    2.107135
Iteration: 556 bestvalit: 105.760000 bestmemit:    0.326652    0.003151    0.081132    0.094686    0.980257    0.301773    0.317357    0.335799    0.310830    0.243229    0.029407    0.486295    4.199785    0.014688    0.001588    0.002123    9.791096    4.396797    1.841394    1.750858    1.847415    1.986599    0.995546    1.057281    2.107135
Iteration: 557 bestvalit: 105.760000 bestmemit:    0.326652    0.003151    0.081132    0.094686    0.980257    0.301773    0.317357    0.335799    0.310830    0.243229    0.029407    0.486295    4.199785    0.014688    0.001588    0.002123    9.791096    4.396797    1.841394    1.750858    1.847415    1.986599    0.995546    1.057281    2.107135
Iteration: 558 bestvalit: 105.760000 bestmemit:    0.326652    0.003151    0.081132    0.094686    0.980257    0.301773    0.317357    0.335799    0.310830    0.243229    0.029407    0.486295    4.199785    0.014688    0.001588    0.002123    9.791096    4.396797    1.841394    1.750858    1.847415    1.986599    0.995546    1.057281    2.107135
Iteration: 559 bestvalit: 105.760000 bestmemit:    0.326652    0.003151    0.081132    0.094686    0.980257    0.301773    0.317357    0.335799    0.310830    0.243229    0.029407    0.486295    4.199785    0.014688    0.001588    0.002123    9.791096    4.396797    1.841394    1.750858    1.847415    1.986599    0.995546    1.057281    2.107135
Iteration: 560 bestvalit: 105.760000 bestmemit:    0.326652    0.003151    0.081132    0.094686    0.980257    0.301773    0.317357    0.335799    0.310830    0.243229    0.029407    0.486295    4.199785    0.014688    0.001588    0.002123    9.791096    4.396797    1.841394    1.750858    1.847415    1.986599    0.995546    1.057281    2.107135
Iteration: 561 bestvalit: 105.760000 bestmemit:    0.326652    0.003151    0.081132    0.094686    0.980257    0.301773    0.317357    0.335799    0.310830    0.243229    0.029407    0.486295    4.199785    0.014688    0.001588    0.002123    9.791096    4.396797    1.841394    1.750858    1.847415    1.986599    0.995546    1.057281    2.107135
Iteration: 562 bestvalit: 105.760000 bestmemit:    0.326652    0.003151    0.081132    0.094686    0.980257    0.301773    0.317357    0.335799    0.310830    0.243229    0.029407    0.486295    4.199785    0.014688    0.001588    0.002123    9.791096    4.396797    1.841394    1.750858    1.847415    1.986599    0.995546    1.057281    2.107135
Iteration: 563 bestvalit: 105.760000 bestmemit:    0.326652    0.003151    0.081132    0.094686    0.980257    0.301773    0.317357    0.335799    0.310830    0.243229    0.029407    0.486295    4.199785    0.014688    0.001588    0.002123    9.791096    4.396797    1.841394    1.750858    1.847415    1.986599    0.995546    1.057281    2.107135
Iteration: 564 bestvalit: 105.760000 bestmemit:    0.326652    0.003151    0.081132    0.094686    0.980257    0.301773    0.317357    0.335799    0.310830    0.243229    0.029407    0.486295    4.199785    0.014688    0.001588    0.002123    9.791096    4.396797    1.841394    1.750858    1.847415    1.986599    0.995546    1.057281    2.107135
Iteration: 565 bestvalit: 105.760000 bestmemit:    0.326652    0.003151    0.081132    0.094686    0.980257    0.301773    0.317357    0.335799    0.310830    0.243229    0.029407    0.486295    4.199785    0.014688    0.001588    0.002123    9.791096    4.396797    1.841394    1.750858    1.847415    1.986599    0.995546    1.057281    2.107135
Iteration: 566 bestvalit: 103.865000 bestmemit:    0.326652    0.003151    0.078091    0.094686    0.980257    0.301773    0.317357    0.335799    0.310830    0.243229    0.029407    0.486295    4.199785    0.014688    0.001588    0.002123    9.791096    4.396797    1.841394    1.750858    1.847415    1.986599    0.995546    1.057281    2.107135
Iteration: 567 bestvalit: 103.865000 bestmemit:    0.326652    0.003151    0.078091    0.094686    0.980257    0.301773    0.317357    0.335799    0.310830    0.243229    0.029407    0.486295    4.199785    0.014688    0.001588    0.002123    9.791096    4.396797    1.841394    1.750858    1.847415    1.986599    0.995546    1.057281    2.107135
Iteration: 568 bestvalit: 103.865000 bestmemit:    0.326652    0.003151    0.078091    0.094686    0.980257    0.301773    0.317357    0.335799    0.310830    0.243229    0.029407    0.486295    4.199785    0.014688    0.001588    0.002123    9.791096    4.396797    1.841394    1.750858    1.847415    1.986599    0.995546    1.057281    2.107135
Iteration: 569 bestvalit: 103.865000 bestmemit:    0.326652    0.003151    0.078091    0.094686    0.980257    0.301773    0.317357    0.335799    0.310830    0.243229    0.029407    0.486295    4.199785    0.014688    0.001588    0.002123    9.791096    4.396797    1.841394    1.750858    1.847415    1.986599    0.995546    1.057281    2.107135
Iteration: 570 bestvalit: 103.865000 bestmemit:    0.326652    0.003151    0.078091    0.094686    0.980257    0.301773    0.317357    0.335799    0.310830    0.243229    0.029407    0.486295    4.199785    0.014688    0.001588    0.002123    9.791096    4.396797    1.841394    1.750858    1.847415    1.986599    0.995546    1.057281    2.107135
Iteration: 571 bestvalit: 103.865000 bestmemit:    0.326652    0.003151    0.078091    0.094686    0.980257    0.301773    0.317357    0.335799    0.310830    0.243229    0.029407    0.486295    4.199785    0.014688    0.001588    0.002123    9.791096    4.396797    1.841394    1.750858    1.847415    1.986599    0.995546    1.057281    2.107135
Iteration: 572 bestvalit: 103.865000 bestmemit:    0.326652    0.003151    0.078091    0.094686    0.980257    0.301773    0.317357    0.335799    0.310830    0.243229    0.029407    0.486295    4.199785    0.014688    0.001588    0.002123    9.791096    4.396797    1.841394    1.750858    1.847415    1.986599    0.995546    1.057281    2.107135
Iteration: 573 bestvalit: 103.865000 bestmemit:    0.326652    0.003151    0.078091    0.094686    0.980257    0.301773    0.317357    0.335799    0.310830    0.243229    0.029407    0.486295    4.199785    0.014688    0.001588    0.002123    9.791096    4.396797    1.841394    1.750858    1.847415    1.986599    0.995546    1.057281    2.107135
Iteration: 574 bestvalit: 103.865000 bestmemit:    0.326652    0.003151    0.078091    0.094686    0.980257    0.301773    0.317357    0.335799    0.310830    0.243229    0.029407    0.486295    4.199785    0.014688    0.001588    0.002123    9.791096    4.396797    1.841394    1.750858    1.847415    1.986599    0.995546    1.057281    2.107135
Iteration: 575 bestvalit: 103.865000 bestmemit:    0.326652    0.003151    0.078091    0.094686    0.980257    0.301773    0.317357    0.335799    0.310830    0.243229    0.029407    0.486295    4.199785    0.014688    0.001588    0.002123    9.791096    4.396797    1.841394    1.750858    1.847415    1.986599    0.995546    1.057281    2.107135
Iteration: 576 bestvalit: 103.865000 bestmemit:    0.326652    0.003151    0.078091    0.094686    0.980257    0.301773    0.317357    0.335799    0.310830    0.243229    0.029407    0.486295    4.199785    0.014688    0.001588    0.002123    9.791096    4.396797    1.841394    1.750858    1.847415    1.986599    0.995546    1.057281    2.107135
Iteration: 577 bestvalit: 103.500000 bestmemit:    0.326652    0.003151    0.078091    0.094686    0.980257    0.301773    0.317357    0.335799    0.310830    0.243229    0.029407    0.486295    4.199785    0.014688    0.001588    0.002123    9.791096    4.396797    1.841394    1.750858    1.847415    1.986599    0.995546    1.058599    2.107135
Iteration: 578 bestvalit: 103.405000 bestmemit:    0.326652    0.003151    0.078091    0.094686    0.980257    0.301773    0.317357    0.335799    0.310830    0.243229    0.029407    0.486295    4.199785    0.014688    0.001588    0.002123    9.791096    4.396797    1.841394    1.750858    1.847415    1.986599    0.997229    1.058599    2.107135
Iteration: 579 bestvalit: 103.405000 bestmemit:    0.326652    0.003151    0.078091    0.094686    0.980257    0.301773    0.317357    0.335799    0.310830    0.243229    0.029407    0.486295    4.199785    0.014688    0.001588    0.002123    9.791096    4.396797    1.841394    1.750858    1.847415    1.986599    0.997229    1.058599    2.107135
Iteration: 580 bestvalit: 103.405000 bestmemit:    0.326652    0.003151    0.078091    0.094686    0.980257    0.301773    0.317357    0.335799    0.310830    0.243229    0.029407    0.486295    4.199785    0.014688    0.001588    0.002123    9.791096    4.396797    1.841394    1.750858    1.847415    1.986599    0.997229    1.058599    2.107135
Iteration: 581 bestvalit: 103.405000 bestmemit:    0.326652    0.003151    0.078091    0.094686    0.980257    0.301773    0.317357    0.335799    0.310830    0.243229    0.029407    0.486295    4.199785    0.014688    0.001588    0.002123    9.791096    4.396797    1.841394    1.750858    1.847415    1.986599    0.997229    1.058599    2.107135
Iteration: 582 bestvalit: 103.405000 bestmemit:    0.326652    0.003151    0.078091    0.094686    0.980257    0.301773    0.317357    0.335799    0.310830    0.243229    0.029407    0.486295    4.199785    0.014688    0.001588    0.002123    9.791096    4.396797    1.841394    1.750858    1.847415    1.986599    0.997229    1.058599    2.107135
Iteration: 583 bestvalit: 103.405000 bestmemit:    0.326652    0.003151    0.078091    0.094686    0.980257    0.301773    0.317357    0.335799    0.310830    0.243229    0.029407    0.486295    4.199785    0.014688    0.001588    0.002123    9.791096    4.396797    1.841394    1.750858    1.847415    1.986599    0.997229    1.058599    2.107135
Iteration: 584 bestvalit: 103.405000 bestmemit:    0.326652    0.003151    0.078091    0.094686    0.980257    0.301773    0.317357    0.335799    0.310830    0.243229    0.029407    0.486295    4.199785    0.014688    0.001588    0.002123    9.791096    4.396797    1.841394    1.750858    1.847415    1.986599    0.997229    1.058599    2.107135
Iteration: 585 bestvalit: 103.405000 bestmemit:    0.326652    0.003151    0.078091    0.094686    0.980257    0.301773    0.317357    0.335799    0.310830    0.243229    0.029407    0.486295    4.199785    0.014688    0.001588    0.002123    9.791096    4.396797    1.841394    1.750858    1.847415    1.986599    0.997229    1.058599    2.107135
Iteration: 586 bestvalit: 102.860000 bestmemit:    0.324319    0.005007    0.013080    0.095773    0.735318    0.202159    0.091740    0.245969    0.118309    0.144260    0.082548    0.468013    4.378294    0.027548    0.001144    0.003489    5.844566    5.748714    1.087878    1.936444    1.584600    1.896079    0.994897    1.157210    2.045666
Iteration: 587 bestvalit: 102.860000 bestmemit:    0.324319    0.005007    0.013080    0.095773    0.735318    0.202159    0.091740    0.245969    0.118309    0.144260    0.082548    0.468013    4.378294    0.027548    0.001144    0.003489    5.844566    5.748714    1.087878    1.936444    1.584600    1.896079    0.994897    1.157210    2.045666
Iteration: 588 bestvalit: 102.860000 bestmemit:    0.324319    0.005007    0.013080    0.095773    0.735318    0.202159    0.091740    0.245969    0.118309    0.144260    0.082548    0.468013    4.378294    0.027548    0.001144    0.003489    5.844566    5.748714    1.087878    1.936444    1.584600    1.896079    0.994897    1.157210    2.045666
Iteration: 589 bestvalit: 102.860000 bestmemit:    0.324319    0.005007    0.013080    0.095773    0.735318    0.202159    0.091740    0.245969    0.118309    0.144260    0.082548    0.468013    4.378294    0.027548    0.001144    0.003489    5.844566    5.748714    1.087878    1.936444    1.584600    1.896079    0.994897    1.157210    2.045666
Iteration: 590 bestvalit: 102.860000 bestmemit:    0.324319    0.005007    0.013080    0.095773    0.735318    0.202159    0.091740    0.245969    0.118309    0.144260    0.082548    0.468013    4.378294    0.027548    0.001144    0.003489    5.844566    5.748714    1.087878    1.936444    1.584600    1.896079    0.994897    1.157210    2.045666
Iteration: 591 bestvalit: 102.860000 bestmemit:    0.324319    0.005007    0.013080    0.095773    0.735318    0.202159    0.091740    0.245969    0.118309    0.144260    0.082548    0.468013    4.378294    0.027548    0.001144    0.003489    5.844566    5.748714    1.087878    1.936444    1.584600    1.896079    0.994897    1.157210    2.045666
Iteration: 592 bestvalit: 102.860000 bestmemit:    0.324319    0.005007    0.013080    0.095773    0.735318    0.202159    0.091740    0.245969    0.118309    0.144260    0.082548    0.468013    4.378294    0.027548    0.001144    0.003489    5.844566    5.748714    1.087878    1.936444    1.584600    1.896079    0.994897    1.157210    2.045666
Iteration: 593 bestvalit: 102.860000 bestmemit:    0.324319    0.005007    0.013080    0.095773    0.735318    0.202159    0.091740    0.245969    0.118309    0.144260    0.082548    0.468013    4.378294    0.027548    0.001144    0.003489    5.844566    5.748714    1.087878    1.936444    1.584600    1.896079    0.994897    1.157210    2.045666
Iteration: 594 bestvalit: 94.435000 bestmemit:    0.324319    0.005007    0.013080    0.095773    0.735318    0.202159    0.091740    0.245969    0.118309    0.144260    0.082548    0.468013    4.378294    0.027548    0.001144    0.003489    5.844566    5.748714    1.087878    1.994703    1.584600    1.896079    0.994897    1.157210    2.045666
Iteration: 595 bestvalit: 94.435000 bestmemit:    0.324319    0.005007    0.013080    0.095773    0.735318    0.202159    0.091740    0.245969    0.118309    0.144260    0.082548    0.468013    4.378294    0.027548    0.001144    0.003489    5.844566    5.748714    1.087878    1.994703    1.584600    1.896079    0.994897    1.157210    2.045666
Iteration: 596 bestvalit: 94.435000 bestmemit:    0.324319    0.005007    0.013080    0.095773    0.735318    0.202159    0.091740    0.245969    0.118309    0.144260    0.082548    0.468013    4.378294    0.027548    0.001144    0.003489    5.844566    5.748714    1.087878    1.994703    1.584600    1.896079    0.994897    1.157210    2.045666
Iteration: 597 bestvalit: 94.435000 bestmemit:    0.324319    0.005007    0.013080    0.095773    0.735318    0.202159    0.091740    0.245969    0.118309    0.144260    0.082548    0.468013    4.378294    0.027548    0.001144    0.003489    5.844566    5.748714    1.087878    1.994703    1.584600    1.896079    0.994897    1.157210    2.045666
Iteration: 598 bestvalit: 94.435000 bestmemit:    0.324319    0.005007    0.013080    0.095773    0.735318    0.202159    0.091740    0.245969    0.118309    0.144260    0.082548    0.468013    4.378294    0.027548    0.001144    0.003489    5.844566    5.748714    1.087878    1.994703    1.584600    1.896079    0.994897    1.157210    2.045666
Iteration: 599 bestvalit: 93.510000 bestmemit:    0.324319    0.005007    0.013080    0.095773    0.735318    0.202159    0.091740    0.245969    0.118309    0.144260    0.082548    0.468013    4.378294    0.027548    0.000772    0.003489    5.844566    5.748714    1.087878    1.994703    1.584600    1.896079    0.994897    1.157210    2.045666
Iteration: 600 bestvalit: 93.510000 bestmemit:    0.324319    0.005007    0.013080    0.095773    0.735318    0.202159    0.091740    0.245969    0.118309    0.144260    0.082548    0.468013    4.378294    0.027548    0.000772    0.003489    5.844566    5.748714    1.087878    1.994703    1.584600    1.896079    0.994897    1.157210    2.045666
Iteration: 601 bestvalit: 93.510000 bestmemit:    0.324319    0.005007    0.013080    0.095773    0.735318    0.202159    0.091740    0.245969    0.118309    0.144260    0.082548    0.468013    4.378294    0.027548    0.000772    0.003489    5.844566    5.748714    1.087878    1.994703    1.584600    1.896079    0.994897    1.157210    2.045666
Iteration: 602 bestvalit: 93.510000 bestmemit:    0.324319    0.005007    0.013080    0.095773    0.735318    0.202159    0.091740    0.245969    0.118309    0.144260    0.082548    0.468013    4.378294    0.027548    0.000772    0.003489    5.844566    5.748714    1.087878    1.994703    1.584600    1.896079    0.994897    1.157210    2.045666
Iteration: 603 bestvalit: 93.510000 bestmemit:    0.324319    0.005007    0.013080    0.095773    0.735318    0.202159    0.091740    0.245969    0.118309    0.144260    0.082548    0.468013    4.378294    0.027548    0.000772    0.003489    5.844566    5.748714    1.087878    1.994703    1.584600    1.896079    0.994897    1.157210    2.045666
Iteration: 604 bestvalit: 93.510000 bestmemit:    0.324319    0.005007    0.013080    0.095773    0.735318    0.202159    0.091740    0.245969    0.118309    0.144260    0.082548    0.468013    4.378294    0.027548    0.000772    0.003489    5.844566    5.748714    1.087878    1.994703    1.584600    1.896079    0.994897    1.157210    2.045666
Iteration: 605 bestvalit: 93.295000 bestmemit:    0.324319    0.005007    0.013080    0.095773    0.735318    0.202159    0.091740    0.245969    0.118309    0.144260    0.082548    0.468013    4.378294    0.027548    0.000772    0.003489    5.844566    5.748714    1.087878    1.994703    1.584600    1.896079    0.994897    1.157210    2.102989
Iteration: 606 bestvalit: 93.295000 bestmemit:    0.324319    0.005007    0.013080    0.095773    0.735318    0.202159    0.091740    0.245969    0.118309    0.144260    0.082548    0.468013    4.378294    0.027548    0.000772    0.003489    5.844566    5.748714    1.087878    1.994703    1.584600    1.896079    0.994897    1.157210    2.102989
Iteration: 607 bestvalit: 93.295000 bestmemit:    0.324319    0.005007    0.013080    0.095773    0.735318    0.202159    0.091740    0.245969    0.118309    0.144260    0.082548    0.468013    4.378294    0.027548    0.000772    0.003489    5.844566    5.748714    1.087878    1.994703    1.584600    1.896079    0.994897    1.157210    2.102989
Iteration: 608 bestvalit: 93.295000 bestmemit:    0.324319    0.005007    0.013080    0.095773    0.735318    0.202159    0.091740    0.245969    0.118309    0.144260    0.082548    0.468013    4.378294    0.027548    0.000772    0.003489    5.844566    5.748714    1.087878    1.994703    1.584600    1.896079    0.994897    1.157210    2.102989
Iteration: 609 bestvalit: 93.285000 bestmemit:    0.324319    0.005007    0.013080    0.095773    0.735318    0.202159    0.091740    0.245969    0.118309    0.144260    0.082548    0.468013    4.378294    0.027548    0.000772    0.003489    5.844566    5.682691    1.087878    1.994703    1.584600    1.896079    0.994897    1.157210    2.102989
Iteration: 610 bestvalit: 93.285000 bestmemit:    0.324319    0.005007    0.013080    0.095773    0.735318    0.202159    0.091740    0.245969    0.118309    0.144260    0.082548    0.468013    4.378294    0.027548    0.000772    0.003489    5.844566    5.682691    1.087878    1.994703    1.584600    1.896079    0.994897    1.157210    2.102989
Iteration: 611 bestvalit: 93.285000 bestmemit:    0.324319    0.005007    0.013080    0.095773    0.735318    0.202159    0.091740    0.245969    0.118309    0.144260    0.082548    0.468013    4.378294    0.027548    0.000772    0.003489    5.844566    5.682691    1.087878    1.994703    1.584600    1.896079    0.994897    1.157210    2.102989
Iteration: 612 bestvalit: 93.285000 bestmemit:    0.324319    0.005007    0.013080    0.095773    0.735318    0.202159    0.091740    0.245969    0.118309    0.144260    0.082548    0.468013    4.378294    0.027548    0.000772    0.003489    5.844566    5.682691    1.087878    1.994703    1.584600    1.896079    0.994897    1.157210    2.102989
Iteration: 613 bestvalit: 93.285000 bestmemit:    0.324319    0.005007    0.013080    0.095773    0.735318    0.202159    0.091740    0.245969    0.118309    0.144260    0.082548    0.468013    4.378294    0.027548    0.000772    0.003489    5.844566    5.682691    1.087878    1.994703    1.584600    1.896079    0.994897    1.157210    2.102989
Iteration: 614 bestvalit: 93.285000 bestmemit:    0.324319    0.005007    0.013080    0.095773    0.735318    0.202159    0.091740    0.245969    0.118309    0.144260    0.082548    0.468013    4.378294    0.027548    0.000772    0.003489    5.844566    5.682691    1.087878    1.994703    1.584600    1.896079    0.994897    1.157210    2.102989
Iteration: 615 bestvalit: 93.285000 bestmemit:    0.324319    0.005007    0.013080    0.095773    0.735318    0.202159    0.091740    0.245969    0.118309    0.144260    0.082548    0.468013    4.378294    0.027548    0.000772    0.003489    5.844566    5.682691    1.087878    1.994703    1.584600    1.896079    0.994897    1.157210    2.102989
Iteration: 616 bestvalit: 93.285000 bestmemit:    0.324319    0.005007    0.013080    0.095773    0.735318    0.202159    0.091740    0.245969    0.118309    0.144260    0.082548    0.468013    4.378294    0.027548    0.000772    0.003489    5.844566    5.682691    1.087878    1.994703    1.584600    1.896079    0.994897    1.157210    2.102989
Iteration: 617 bestvalit: 93.285000 bestmemit:    0.324319    0.005007    0.013080    0.095773    0.735318    0.202159    0.091740    0.245969    0.118309    0.144260    0.082548    0.468013    4.378294    0.027548    0.000772    0.003489    5.844566    5.682691    1.087878    1.994703    1.584600    1.896079    0.994897    1.157210    2.102989
Iteration: 618 bestvalit: 93.285000 bestmemit:    0.324319    0.005007    0.013080    0.095773    0.735318    0.202159    0.091740    0.245969    0.118309    0.144260    0.082548    0.468013    4.378294    0.027548    0.000772    0.003489    5.844566    5.682691    1.087878    1.994703    1.584600    1.896079    0.994897    1.157210    2.102989
Iteration: 619 bestvalit: 93.285000 bestmemit:    0.324319    0.005007    0.013080    0.095773    0.735318    0.202159    0.091740    0.245969    0.118309    0.144260    0.082548    0.468013    4.378294    0.027548    0.000772    0.003489    5.844566    5.682691    1.087878    1.994703    1.584600    1.896079    0.994897    1.157210    2.102989
Iteration: 620 bestvalit: 93.285000 bestmemit:    0.324319    0.005007    0.013080    0.095773    0.735318    0.202159    0.091740    0.245969    0.118309    0.144260    0.082548    0.468013    4.378294    0.027548    0.000772    0.003489    5.844566    5.682691    1.087878    1.994703    1.584600    1.896079    0.994897    1.157210    2.102989
Iteration: 621 bestvalit: 93.285000 bestmemit:    0.324319    0.005007    0.013080    0.095773    0.735318    0.202159    0.091740    0.245969    0.118309    0.144260    0.082548    0.468013    4.378294    0.027548    0.000772    0.003489    5.844566    5.682691    1.087878    1.994703    1.584600    1.896079    0.994897    1.157210    2.102989
Iteration: 622 bestvalit: 93.285000 bestmemit:    0.324319    0.005007    0.013080    0.095773    0.735318    0.202159    0.091740    0.245969    0.118309    0.144260    0.082548    0.468013    4.378294    0.027548    0.000772    0.003489    5.844566    5.682691    1.087878    1.994703    1.584600    1.896079    0.994897    1.157210    2.102989
Iteration: 623 bestvalit: 93.285000 bestmemit:    0.324319    0.005007    0.013080    0.095773    0.735318    0.202159    0.091740    0.245969    0.118309    0.144260    0.082548    0.468013    4.378294    0.027548    0.000772    0.003489    5.844566    5.682691    1.087878    1.994703    1.584600    1.896079    0.994897    1.157210    2.102989
Iteration: 624 bestvalit: 93.285000 bestmemit:    0.324319    0.005007    0.013080    0.095773    0.735318    0.202159    0.091740    0.245969    0.118309    0.144260    0.082548    0.468013    4.378294    0.027548    0.000772    0.003489    5.844566    5.682691    1.087878    1.994703    1.584600    1.896079    0.994897    1.157210    2.102989
Iteration: 625 bestvalit: 93.285000 bestmemit:    0.324319    0.005007    0.013080    0.095773    0.735318    0.202159    0.091740    0.245969    0.118309    0.144260    0.082548    0.468013    4.378294    0.027548    0.000772    0.003489    5.844566    5.682691    1.087878    1.994703    1.584600    1.896079    0.994897    1.157210    2.102989
Iteration: 626 bestvalit: 93.285000 bestmemit:    0.324319    0.005007    0.013080    0.095773    0.735318    0.202159    0.091740    0.245969    0.118309    0.144260    0.082548    0.468013    4.378294    0.027548    0.000772    0.003489    5.844566    5.682691    1.087878    1.994703    1.584600    1.896079    0.994897    1.157210    2.102989
Iteration: 627 bestvalit: 93.285000 bestmemit:    0.324319    0.005007    0.013080    0.095773    0.735318    0.202159    0.091740    0.245969    0.118309    0.144260    0.082548    0.468013    4.378294    0.027548    0.000772    0.003489    5.844566    5.682691    1.087878    1.994703    1.584600    1.896079    0.994897    1.157210    2.102989
Iteration: 628 bestvalit: 93.285000 bestmemit:    0.324319    0.005007    0.013080    0.095773    0.735318    0.202159    0.091740    0.245969    0.118309    0.144260    0.082548    0.468013    4.378294    0.027548    0.000772    0.003489    5.844566    5.682691    1.087878    1.994703    1.584600    1.896079    0.994897    1.157210    2.102989
Iteration: 629 bestvalit: 93.285000 bestmemit:    0.324319    0.005007    0.013080    0.095773    0.735318    0.202159    0.091740    0.245969    0.118309    0.144260    0.082548    0.468013    4.378294    0.027548    0.000772    0.003489    5.844566    5.682691    1.087878    1.994703    1.584600    1.896079    0.994897    1.157210    2.102989
Iteration: 630 bestvalit: 93.285000 bestmemit:    0.324319    0.005007    0.013080    0.095773    0.735318    0.202159    0.091740    0.245969    0.118309    0.144260    0.082548    0.468013    4.378294    0.027548    0.000772    0.003489    5.844566    5.682691    1.087878    1.994703    1.584600    1.896079    0.994897    1.157210    2.102989
Iteration: 631 bestvalit: 93.285000 bestmemit:    0.324319    0.005007    0.013080    0.095773    0.735318    0.202159    0.091740    0.245969    0.118309    0.144260    0.082548    0.468013    4.378294    0.027548    0.000772    0.003489    5.844566    5.682691    1.087878    1.994703    1.584600    1.896079    0.994897    1.157210    2.102989
Iteration: 632 bestvalit: 93.285000 bestmemit:    0.324319    0.005007    0.013080    0.095773    0.735318    0.202159    0.091740    0.245969    0.118309    0.144260    0.082548    0.468013    4.378294    0.027548    0.000772    0.003489    5.844566    5.682691    1.087878    1.994703    1.584600    1.896079    0.994897    1.157210    2.102989
Iteration: 633 bestvalit: 93.285000 bestmemit:    0.324319    0.005007    0.013080    0.095773    0.735318    0.202159    0.091740    0.245969    0.118309    0.144260    0.082548    0.468013    4.378294    0.027548    0.000772    0.003489    5.844566    5.682691    1.087878    1.994703    1.584600    1.896079    0.994897    1.157210    2.102989
Iteration: 634 bestvalit: 93.285000 bestmemit:    0.324319    0.005007    0.013080    0.095773    0.735318    0.202159    0.091740    0.245969    0.118309    0.144260    0.082548    0.468013    4.378294    0.027548    0.000772    0.003489    5.844566    5.682691    1.087878    1.994703    1.584600    1.896079    0.994897    1.157210    2.102989
Iteration: 635 bestvalit: 93.285000 bestmemit:    0.324319    0.005007    0.013080    0.095773    0.735318    0.202159    0.091740    0.245969    0.118309    0.144260    0.082548    0.468013    4.378294    0.027548    0.000772    0.003489    5.844566    5.682691    1.087878    1.994703    1.584600    1.896079    0.994897    1.157210    2.102989
Iteration: 636 bestvalit: 93.285000 bestmemit:    0.324319    0.005007    0.013080    0.095773    0.735318    0.202159    0.091740    0.245969    0.118309    0.144260    0.082548    0.468013    4.378294    0.027548    0.000772    0.003489    5.844566    5.682691    1.087878    1.994703    1.584600    1.896079    0.994897    1.157210    2.102989
Iteration: 637 bestvalit: 93.285000 bestmemit:    0.324319    0.005007    0.013080    0.095773    0.735318    0.202159    0.091740    0.245969    0.118309    0.144260    0.082548    0.468013    4.378294    0.027548    0.000772    0.003489    5.844566    5.682691    1.087878    1.994703    1.584600    1.896079    0.994897    1.157210    2.102989
Iteration: 638 bestvalit: 93.285000 bestmemit:    0.324319    0.005007    0.013080    0.095773    0.735318    0.202159    0.091740    0.245969    0.118309    0.144260    0.082548    0.468013    4.378294    0.027548    0.000772    0.003489    5.844566    5.682691    1.087878    1.994703    1.584600    1.896079    0.994897    1.157210    2.102989
Iteration: 639 bestvalit: 93.285000 bestmemit:    0.324319    0.005007    0.013080    0.095773    0.735318    0.202159    0.091740    0.245969    0.118309    0.144260    0.082548    0.468013    4.378294    0.027548    0.000772    0.003489    5.844566    5.682691    1.087878    1.994703    1.584600    1.896079    0.994897    1.157210    2.102989
Iteration: 640 bestvalit: 93.285000 bestmemit:    0.324319    0.005007    0.013080    0.095773    0.735318    0.202159    0.091740    0.245969    0.118309    0.144260    0.082548    0.468013    4.378294    0.027548    0.000772    0.003489    5.844566    5.682691    1.087878    1.994703    1.584600    1.896079    0.994897    1.157210    2.102989
Iteration: 641 bestvalit: 92.730000 bestmemit:    0.324319    0.005007    0.013080    0.095773    0.735318    0.202159    0.091740    0.245969    0.118309    0.144260    0.082548    0.487179    4.378294    0.027548    0.000772    0.003489    5.844566    5.682691    1.087878    1.994703    1.584600    1.896079    0.994897    1.157210    2.102989
Iteration: 642 bestvalit: 92.730000 bestmemit:    0.324319    0.005007    0.013080    0.095773    0.735318    0.202159    0.091740    0.245969    0.118309    0.144260    0.082548    0.487179    4.378294    0.027548    0.000772    0.003489    5.844566    5.682691    1.087878    1.994703    1.584600    1.896079    0.994897    1.157210    2.102989
Iteration: 643 bestvalit: 92.730000 bestmemit:    0.324319    0.005007    0.013080    0.095773    0.735318    0.202159    0.091740    0.245969    0.118309    0.144260    0.082548    0.487179    4.378294    0.027548    0.000772    0.003489    5.844566    5.682691    1.087878    1.994703    1.584600    1.896079    0.994897    1.157210    2.102989
Iteration: 644 bestvalit: 92.730000 bestmemit:    0.324319    0.005007    0.013080    0.095773    0.735318    0.202159    0.091740    0.245969    0.118309    0.144260    0.082548    0.487179    4.378294    0.027548    0.000772    0.003489    5.844566    5.682691    1.087878    1.994703    1.584600    1.896079    0.994897    1.157210    2.102989
Iteration: 645 bestvalit: 92.730000 bestmemit:    0.324319    0.005007    0.013080    0.095773    0.735318    0.202159    0.091740    0.245969    0.118309    0.144260    0.082548    0.487179    4.378294    0.027548    0.000772    0.003489    5.844566    5.682691    1.087878    1.994703    1.584600    1.896079    0.994897    1.157210    2.102989
Iteration: 646 bestvalit: 92.730000 bestmemit:    0.324319    0.005007    0.013080    0.095773    0.735318    0.202159    0.091740    0.245969    0.118309    0.144260    0.082548    0.487179    4.378294    0.027548    0.000772    0.003489    5.844566    5.682691    1.087878    1.994703    1.584600    1.896079    0.994897    1.157210    2.102989
Iteration: 647 bestvalit: 92.730000 bestmemit:    0.324319    0.005007    0.013080    0.095773    0.735318    0.202159    0.091740    0.245969    0.118309    0.144260    0.082548    0.487179    4.378294    0.027548    0.000772    0.003489    5.844566    5.682691    1.087878    1.994703    1.584600    1.896079    0.994897    1.157210    2.102989
Iteration: 648 bestvalit: 92.730000 bestmemit:    0.324319    0.005007    0.013080    0.095773    0.735318    0.202159    0.091740    0.245969    0.118309    0.144260    0.082548    0.487179    4.378294    0.027548    0.000772    0.003489    5.844566    5.682691    1.087878    1.994703    1.584600    1.896079    0.994897    1.157210    2.102989
Iteration: 649 bestvalit: 92.730000 bestmemit:    0.324319    0.005007    0.013080    0.095773    0.735318    0.202159    0.091740    0.245969    0.118309    0.144260    0.082548    0.487179    4.378294    0.027548    0.000772    0.003489    5.844566    5.682691    1.087878    1.994703    1.584600    1.896079    0.994897    1.157210    2.102989
Iteration: 650 bestvalit: 92.730000 bestmemit:    0.324319    0.005007    0.013080    0.095773    0.735318    0.202159    0.091740    0.245969    0.118309    0.144260    0.082548    0.487179    4.378294    0.027548    0.000772    0.003489    5.844566    5.682691    1.087878    1.994703    1.584600    1.896079    0.994897    1.157210    2.102989
Iteration: 651 bestvalit: 92.730000 bestmemit:    0.324319    0.005007    0.013080    0.095773    0.735318    0.202159    0.091740    0.245969    0.118309    0.144260    0.082548    0.487179    4.378294    0.027548    0.000772    0.003489    5.844566    5.682691    1.087878    1.994703    1.584600    1.896079    0.994897    1.157210    2.102989
Iteration: 652 bestvalit: 92.730000 bestmemit:    0.324319    0.005007    0.013080    0.095773    0.735318    0.202159    0.091740    0.245969    0.118309    0.144260    0.082548    0.487179    4.378294    0.027548    0.000772    0.003489    5.844566    5.682691    1.087878    1.994703    1.584600    1.896079    0.994897    1.157210    2.102989
Iteration: 653 bestvalit: 92.730000 bestmemit:    0.324319    0.005007    0.013080    0.095773    0.735318    0.202159    0.091740    0.245969    0.118309    0.144260    0.082548    0.487179    4.378294    0.027548    0.000772    0.003489    5.844566    5.682691    1.087878    1.994703    1.584600    1.896079    0.994897    1.157210    2.102989
Iteration: 654 bestvalit: 92.730000 bestmemit:    0.324319    0.005007    0.013080    0.095773    0.735318    0.202159    0.091740    0.245969    0.118309    0.144260    0.082548    0.487179    4.378294    0.027548    0.000772    0.003489    5.844566    5.682691    1.087878    1.994703    1.584600    1.896079    0.994897    1.157210    2.102989
Iteration: 655 bestvalit: 92.730000 bestmemit:    0.324319    0.005007    0.013080    0.095773    0.735318    0.202159    0.091740    0.245969    0.118309    0.144260    0.082548    0.487179    4.378294    0.027548    0.000772    0.003489    5.844566    5.682691    1.087878    1.994703    1.584600    1.896079    0.994897    1.157210    2.102989
Iteration: 656 bestvalit: 92.730000 bestmemit:    0.324319    0.005007    0.013080    0.095773    0.735318    0.202159    0.091740    0.245969    0.118309    0.144260    0.082548    0.487179    4.378294    0.027548    0.000772    0.003489    5.844566    5.682691    1.087878    1.994703    1.584600    1.896079    0.994897    1.157210    2.102989
Iteration: 657 bestvalit: 92.730000 bestmemit:    0.324319    0.005007    0.013080    0.095773    0.735318    0.202159    0.091740    0.245969    0.118309    0.144260    0.082548    0.487179    4.378294    0.027548    0.000772    0.003489    5.844566    5.682691    1.087878    1.994703    1.584600    1.896079    0.994897    1.157210    2.102989
Iteration: 658 bestvalit: 92.730000 bestmemit:    0.324319    0.005007    0.013080    0.095773    0.735318    0.202159    0.091740    0.245969    0.118309    0.144260    0.082548    0.487179    4.378294    0.027548    0.000772    0.003489    5.844566    5.682691    1.087878    1.994703    1.584600    1.896079    0.994897    1.157210    2.102989
Iteration: 659 bestvalit: 92.730000 bestmemit:    0.324319    0.005007    0.013080    0.095773    0.735318    0.202159    0.091740    0.245969    0.118309    0.144260    0.082548    0.487179    4.378294    0.027548    0.000772    0.003489    5.844566    5.682691    1.087878    1.994703    1.584600    1.896079    0.994897    1.157210    2.102989
Iteration: 660 bestvalit: 92.730000 bestmemit:    0.324319    0.005007    0.013080    0.095773    0.735318    0.202159    0.091740    0.245969    0.118309    0.144260    0.082548    0.487179    4.378294    0.027548    0.000772    0.003489    5.844566    5.682691    1.087878    1.994703    1.584600    1.896079    0.994897    1.157210    2.102989
Iteration: 661 bestvalit: 92.730000 bestmemit:    0.324319    0.005007    0.013080    0.095773    0.735318    0.202159    0.091740    0.245969    0.118309    0.144260    0.082548    0.487179    4.378294    0.027548    0.000772    0.003489    5.844566    5.682691    1.087878    1.994703    1.584600    1.896079    0.994897    1.157210    2.102989
Iteration: 662 bestvalit: 92.730000 bestmemit:    0.324319    0.005007    0.013080    0.095773    0.735318    0.202159    0.091740    0.245969    0.118309    0.144260    0.082548    0.487179    4.378294    0.027548    0.000772    0.003489    5.844566    5.682691    1.087878    1.994703    1.584600    1.896079    0.994897    1.157210    2.102989
Iteration: 663 bestvalit: 92.730000 bestmemit:    0.324319    0.005007    0.013080    0.095773    0.735318    0.202159    0.091740    0.245969    0.118309    0.144260    0.082548    0.487179    4.378294    0.027548    0.000772    0.003489    5.844566    5.682691    1.087878    1.994703    1.584600    1.896079    0.994897    1.157210    2.102989
Iteration: 664 bestvalit: 92.730000 bestmemit:    0.324319    0.005007    0.013080    0.095773    0.735318    0.202159    0.091740    0.245969    0.118309    0.144260    0.082548    0.487179    4.378294    0.027548    0.000772    0.003489    5.844566    5.682691    1.087878    1.994703    1.584600    1.896079    0.994897    1.157210    2.102989
Iteration: 665 bestvalit: 92.730000 bestmemit:    0.324319    0.005007    0.013080    0.095773    0.735318    0.202159    0.091740    0.245969    0.118309    0.144260    0.082548    0.487179    4.378294    0.027548    0.000772    0.003489    5.844566    5.682691    1.087878    1.994703    1.584600    1.896079    0.994897    1.157210    2.102989
Iteration: 666 bestvalit: 92.730000 bestmemit:    0.324319    0.005007    0.013080    0.095773    0.735318    0.202159    0.091740    0.245969    0.118309    0.144260    0.082548    0.487179    4.378294    0.027548    0.000772    0.003489    5.844566    5.682691    1.087878    1.994703    1.584600    1.896079    0.994897    1.157210    2.102989
Iteration: 667 bestvalit: 92.730000 bestmemit:    0.324319    0.005007    0.013080    0.095773    0.735318    0.202159    0.091740    0.245969    0.118309    0.144260    0.082548    0.487179    4.378294    0.027548    0.000772    0.003489    5.844566    5.682691    1.087878    1.994703    1.584600    1.896079    0.994897    1.157210    2.102989
Iteration: 668 bestvalit: 92.730000 bestmemit:    0.324319    0.005007    0.013080    0.095773    0.735318    0.202159    0.091740    0.245969    0.118309    0.144260    0.082548    0.487179    4.378294    0.027548    0.000772    0.003489    5.844566    5.682691    1.087878    1.994703    1.584600    1.896079    0.994897    1.157210    2.102989
Iteration: 669 bestvalit: 92.730000 bestmemit:    0.324319    0.005007    0.013080    0.095773    0.735318    0.202159    0.091740    0.245969    0.118309    0.144260    0.082548    0.487179    4.378294    0.027548    0.000772    0.003489    5.844566    5.682691    1.087878    1.994703    1.584600    1.896079    0.994897    1.157210    2.102989
Iteration: 670 bestvalit: 92.730000 bestmemit:    0.324319    0.005007    0.013080    0.095773    0.735318    0.202159    0.091740    0.245969    0.118309    0.144260    0.082548    0.487179    4.378294    0.027548    0.000772    0.003489    5.844566    5.682691    1.087878    1.994703    1.584600    1.896079    0.994897    1.157210    2.102989
Iteration: 671 bestvalit: 92.730000 bestmemit:    0.324319    0.005007    0.013080    0.095773    0.735318    0.202159    0.091740    0.245969    0.118309    0.144260    0.082548    0.487179    4.378294    0.027548    0.000772    0.003489    5.844566    5.682691    1.087878    1.994703    1.584600    1.896079    0.994897    1.157210    2.102989
Iteration: 672 bestvalit: 92.730000 bestmemit:    0.324319    0.005007    0.013080    0.095773    0.735318    0.202159    0.091740    0.245969    0.118309    0.144260    0.082548    0.487179    4.378294    0.027548    0.000772    0.003489    5.844566    5.682691    1.087878    1.994703    1.584600    1.896079    0.994897    1.157210    2.102989
Iteration: 673 bestvalit: 92.730000 bestmemit:    0.324319    0.005007    0.013080    0.095773    0.735318    0.202159    0.091740    0.245969    0.118309    0.144260    0.082548    0.487179    4.378294    0.027548    0.000772    0.003489    5.844566    5.682691    1.087878    1.994703    1.584600    1.896079    0.994897    1.157210    2.102989
Iteration: 674 bestvalit: 92.730000 bestmemit:    0.324319    0.005007    0.013080    0.095773    0.735318    0.202159    0.091740    0.245969    0.118309    0.144260    0.082548    0.487179    4.378294    0.027548    0.000772    0.003489    5.844566    5.682691    1.087878    1.994703    1.584600    1.896079    0.994897    1.157210    2.102989
Iteration: 675 bestvalit: 92.730000 bestmemit:    0.324319    0.005007    0.013080    0.095773    0.735318    0.202159    0.091740    0.245969    0.118309    0.144260    0.082548    0.487179    4.378294    0.027548    0.000772    0.003489    5.844566    5.682691    1.087878    1.994703    1.584600    1.896079    0.994897    1.157210    2.102989
Iteration: 676 bestvalit: 92.730000 bestmemit:    0.324319    0.005007    0.013080    0.095773    0.735318    0.202159    0.091740    0.245969    0.118309    0.144260    0.082548    0.487179    4.378294    0.027548    0.000772    0.003489    5.844566    5.682691    1.087878    1.994703    1.584600    1.896079    0.994897    1.157210    2.102989
Iteration: 677 bestvalit: 92.730000 bestmemit:    0.324319    0.005007    0.013080    0.095773    0.735318    0.202159    0.091740    0.245969    0.118309    0.144260    0.082548    0.487179    4.378294    0.027548    0.000772    0.003489    5.844566    5.682691    1.087878    1.994703    1.584600    1.896079    0.994897    1.157210    2.102989
Iteration: 678 bestvalit: 92.730000 bestmemit:    0.324319    0.005007    0.013080    0.095773    0.735318    0.202159    0.091740    0.245969    0.118309    0.144260    0.082548    0.487179    4.378294    0.027548    0.000772    0.003489    5.844566    5.682691    1.087878    1.994703    1.584600    1.896079    0.994897    1.157210    2.102989
Iteration: 679 bestvalit: 92.730000 bestmemit:    0.324319    0.005007    0.013080    0.095773    0.735318    0.202159    0.091740    0.245969    0.118309    0.144260    0.082548    0.487179    4.378294    0.027548    0.000772    0.003489    5.844566    5.682691    1.087878    1.994703    1.584600    1.896079    0.994897    1.157210    2.102989
Iteration: 680 bestvalit: 92.730000 bestmemit:    0.324319    0.005007    0.013080    0.095773    0.735318    0.202159    0.091740    0.245969    0.118309    0.144260    0.082548    0.487179    4.378294    0.027548    0.000772    0.003489    5.844566    5.682691    1.087878    1.994703    1.584600    1.896079    0.994897    1.157210    2.102989
Iteration: 681 bestvalit: 92.730000 bestmemit:    0.324319    0.005007    0.013080    0.095773    0.735318    0.202159    0.091740    0.245969    0.118309    0.144260    0.082548    0.487179    4.378294    0.027548    0.000772    0.003489    5.844566    5.682691    1.087878    1.994703    1.584600    1.896079    0.994897    1.157210    2.102989
Iteration: 682 bestvalit: 92.730000 bestmemit:    0.324319    0.005007    0.013080    0.095773    0.735318    0.202159    0.091740    0.245969    0.118309    0.144260    0.082548    0.487179    4.378294    0.027548    0.000772    0.003489    5.844566    5.682691    1.087878    1.994703    1.584600    1.896079    0.994897    1.157210    2.102989
Iteration: 683 bestvalit: 92.730000 bestmemit:    0.324319    0.005007    0.013080    0.095773    0.735318    0.202159    0.091740    0.245969    0.118309    0.144260    0.082548    0.487179    4.378294    0.027548    0.000772    0.003489    5.844566    5.682691    1.087878    1.994703    1.584600    1.896079    0.994897    1.157210    2.102989
Iteration: 684 bestvalit: 92.730000 bestmemit:    0.324319    0.005007    0.013080    0.095773    0.735318    0.202159    0.091740    0.245969    0.118309    0.144260    0.082548    0.487179    4.378294    0.027548    0.000772    0.003489    5.844566    5.682691    1.087878    1.994703    1.584600    1.896079    0.994897    1.157210    2.102989
Iteration: 685 bestvalit: 92.730000 bestmemit:    0.324319    0.005007    0.013080    0.095773    0.735318    0.202159    0.091740    0.245969    0.118309    0.144260    0.082548    0.487179    4.378294    0.027548    0.000772    0.003489    5.844566    5.682691    1.087878    1.994703    1.584600    1.896079    0.994897    1.157210    2.102989
Iteration: 686 bestvalit: 92.730000 bestmemit:    0.324319    0.005007    0.013080    0.095773    0.735318    0.202159    0.091740    0.245969    0.118309    0.144260    0.082548    0.487179    4.378294    0.027548    0.000772    0.003489    5.844566    5.682691    1.087878    1.994703    1.584600    1.896079    0.994897    1.157210    2.102989
Iteration: 687 bestvalit: 92.730000 bestmemit:    0.324319    0.005007    0.013080    0.095773    0.735318    0.202159    0.091740    0.245969    0.118309    0.144260    0.082548    0.487179    4.378294    0.027548    0.000772    0.003489    5.844566    5.682691    1.087878    1.994703    1.584600    1.896079    0.994897    1.157210    2.102989
Iteration: 688 bestvalit: 92.730000 bestmemit:    0.324319    0.005007    0.013080    0.095773    0.735318    0.202159    0.091740    0.245969    0.118309    0.144260    0.082548    0.487179    4.378294    0.027548    0.000772    0.003489    5.844566    5.682691    1.087878    1.994703    1.584600    1.896079    0.994897    1.157210    2.102989
Iteration: 689 bestvalit: 92.730000 bestmemit:    0.324319    0.005007    0.013080    0.095773    0.735318    0.202159    0.091740    0.245969    0.118309    0.144260    0.082548    0.487179    4.378294    0.027548    0.000772    0.003489    5.844566    5.682691    1.087878    1.994703    1.584600    1.896079    0.994897    1.157210    2.102989
Iteration: 690 bestvalit: 92.730000 bestmemit:    0.324319    0.005007    0.013080    0.095773    0.735318    0.202159    0.091740    0.245969    0.118309    0.144260    0.082548    0.487179    4.378294    0.027548    0.000772    0.003489    5.844566    5.682691    1.087878    1.994703    1.584600    1.896079    0.994897    1.157210    2.102989
Iteration: 691 bestvalit: 92.730000 bestmemit:    0.324319    0.005007    0.013080    0.095773    0.735318    0.202159    0.091740    0.245969    0.118309    0.144260    0.082548    0.487179    4.378294    0.027548    0.000772    0.003489    5.844566    5.682691    1.087878    1.994703    1.584600    1.896079    0.994897    1.157210    2.102989
Iteration: 692 bestvalit: 92.730000 bestmemit:    0.324319    0.005007    0.013080    0.095773    0.735318    0.202159    0.091740    0.245969    0.118309    0.144260    0.082548    0.487179    4.378294    0.027548    0.000772    0.003489    5.844566    5.682691    1.087878    1.994703    1.584600    1.896079    0.994897    1.157210    2.102989
Iteration: 693 bestvalit: 92.730000 bestmemit:    0.324319    0.005007    0.013080    0.095773    0.735318    0.202159    0.091740    0.245969    0.118309    0.144260    0.082548    0.487179    4.378294    0.027548    0.000772    0.003489    5.844566    5.682691    1.087878    1.994703    1.584600    1.896079    0.994897    1.157210    2.102989
Iteration: 694 bestvalit: 92.730000 bestmemit:    0.324319    0.005007    0.013080    0.095773    0.735318    0.202159    0.091740    0.245969    0.118309    0.144260    0.082548    0.487179    4.378294    0.027548    0.000772    0.003489    5.844566    5.682691    1.087878    1.994703    1.584600    1.896079    0.994897    1.157210    2.102989
Iteration: 695 bestvalit: 92.730000 bestmemit:    0.324319    0.005007    0.013080    0.095773    0.735318    0.202159    0.091740    0.245969    0.118309    0.144260    0.082548    0.487179    4.378294    0.027548    0.000772    0.003489    5.844566    5.682691    1.087878    1.994703    1.584600    1.896079    0.994897    1.157210    2.102989
Iteration: 696 bestvalit: 92.730000 bestmemit:    0.324319    0.005007    0.013080    0.095773    0.735318    0.202159    0.091740    0.245969    0.118309    0.144260    0.082548    0.487179    4.378294    0.027548    0.000772    0.003489    5.844566    5.682691    1.087878    1.994703    1.584600    1.896079    0.994897    1.157210    2.102989
Iteration: 697 bestvalit: 92.730000 bestmemit:    0.324319    0.005007    0.013080    0.095773    0.735318    0.202159    0.091740    0.245969    0.118309    0.144260    0.082548    0.487179    4.378294    0.027548    0.000772    0.003489    5.844566    5.682691    1.087878    1.994703    1.584600    1.896079    0.994897    1.157210    2.102989
Iteration: 698 bestvalit: 92.730000 bestmemit:    0.324319    0.005007    0.013080    0.095773    0.735318    0.202159    0.091740    0.245969    0.118309    0.144260    0.082548    0.487179    4.378294    0.027548    0.000772    0.003489    5.844566    5.682691    1.087878    1.994703    1.584600    1.896079    0.994897    1.157210    2.102989
Iteration: 699 bestvalit: 92.730000 bestmemit:    0.324319    0.005007    0.013080    0.095773    0.735318    0.202159    0.091740    0.245969    0.118309    0.144260    0.082548    0.487179    4.378294    0.027548    0.000772    0.003489    5.844566    5.682691    1.087878    1.994703    1.584600    1.896079    0.994897    1.157210    2.102989
Iteration: 700 bestvalit: 92.730000 bestmemit:    0.324319    0.005007    0.013080    0.095773    0.735318    0.202159    0.091740    0.245969    0.118309    0.144260    0.082548    0.487179    4.378294    0.027548    0.000772    0.003489    5.844566    5.682691    1.087878    1.994703    1.584600    1.896079    0.994897    1.157210    2.102989
Iteration: 701 bestvalit: 92.730000 bestmemit:    0.324319    0.005007    0.013080    0.095773    0.735318    0.202159    0.091740    0.245969    0.118309    0.144260    0.082548    0.487179    4.378294    0.027548    0.000772    0.003489    5.844566    5.682691    1.087878    1.994703    1.584600    1.896079    0.994897    1.157210    2.102989
Iteration: 702 bestvalit: 92.730000 bestmemit:    0.324319    0.005007    0.013080    0.095773    0.735318    0.202159    0.091740    0.245969    0.118309    0.144260    0.082548    0.487179    4.378294    0.027548    0.000772    0.003489    5.844566    5.682691    1.087878    1.994703    1.584600    1.896079    0.994897    1.157210    2.102989
Iteration: 703 bestvalit: 92.730000 bestmemit:    0.324319    0.005007    0.013080    0.095773    0.735318    0.202159    0.091740    0.245969    0.118309    0.144260    0.082548    0.487179    4.378294    0.027548    0.000772    0.003489    5.844566    5.682691    1.087878    1.994703    1.584600    1.896079    0.994897    1.157210    2.102989
Iteration: 704 bestvalit: 92.730000 bestmemit:    0.324319    0.005007    0.013080    0.095773    0.735318    0.202159    0.091740    0.245969    0.118309    0.144260    0.082548    0.487179    4.378294    0.027548    0.000772    0.003489    5.844566    5.682691    1.087878    1.994703    1.584600    1.896079    0.994897    1.157210    2.102989
Iteration: 705 bestvalit: 92.730000 bestmemit:    0.324319    0.005007    0.013080    0.095773    0.735318    0.202159    0.091740    0.245969    0.118309    0.144260    0.082548    0.487179    4.378294    0.027548    0.000772    0.003489    5.844566    5.682691    1.087878    1.994703    1.584600    1.896079    0.994897    1.157210    2.102989
Iteration: 706 bestvalit: 92.730000 bestmemit:    0.324319    0.005007    0.013080    0.095773    0.735318    0.202159    0.091740    0.245969    0.118309    0.144260    0.082548    0.487179    4.378294    0.027548    0.000772    0.003489    5.844566    5.682691    1.087878    1.994703    1.584600    1.896079    0.994897    1.157210    2.102989
Iteration: 707 bestvalit: 92.730000 bestmemit:    0.324319    0.005007    0.013080    0.095773    0.735318    0.202159    0.091740    0.245969    0.118309    0.144260    0.082548    0.487179    4.378294    0.027548    0.000772    0.003489    5.844566    5.682691    1.087878    1.994703    1.584600    1.896079    0.994897    1.157210    2.102989
Iteration: 708 bestvalit: 92.730000 bestmemit:    0.324319    0.005007    0.013080    0.095773    0.735318    0.202159    0.091740    0.245969    0.118309    0.144260    0.082548    0.487179    4.378294    0.027548    0.000772    0.003489    5.844566    5.682691    1.087878    1.994703    1.584600    1.896079    0.994897    1.157210    2.102989
Iteration: 709 bestvalit: 92.730000 bestmemit:    0.324319    0.005007    0.013080    0.095773    0.735318    0.202159    0.091740    0.245969    0.118309    0.144260    0.082548    0.487179    4.378294    0.027548    0.000772    0.003489    5.844566    5.682691    1.087878    1.994703    1.584600    1.896079    0.994897    1.157210    2.102989
Iteration: 710 bestvalit: 92.730000 bestmemit:    0.324319    0.005007    0.013080    0.095773    0.735318    0.202159    0.091740    0.245969    0.118309    0.144260    0.082548    0.487179    4.378294    0.027548    0.000772    0.003489    5.844566    5.682691    1.087878    1.994703    1.584600    1.896079    0.994897    1.157210    2.102989
Iteration: 711 bestvalit: 92.730000 bestmemit:    0.324319    0.005007    0.013080    0.095773    0.735318    0.202159    0.091740    0.245969    0.118309    0.144260    0.082548    0.487179    4.378294    0.027548    0.000772    0.003489    5.844566    5.682691    1.087878    1.994703    1.584600    1.896079    0.994897    1.157210    2.102989
Iteration: 712 bestvalit: 92.730000 bestmemit:    0.324319    0.005007    0.013080    0.095773    0.735318    0.202159    0.091740    0.245969    0.118309    0.144260    0.082548    0.487179    4.378294    0.027548    0.000772    0.003489    5.844566    5.682691    1.087878    1.994703    1.584600    1.896079    0.994897    1.157210    2.102989
Iteration: 713 bestvalit: 92.730000 bestmemit:    0.324319    0.005007    0.013080    0.095773    0.735318    0.202159    0.091740    0.245969    0.118309    0.144260    0.082548    0.487179    4.378294    0.027548    0.000772    0.003489    5.844566    5.682691    1.087878    1.994703    1.584600    1.896079    0.994897    1.157210    2.102989
Iteration: 714 bestvalit: 92.730000 bestmemit:    0.324319    0.005007    0.013080    0.095773    0.735318    0.202159    0.091740    0.245969    0.118309    0.144260    0.082548    0.487179    4.378294    0.027548    0.000772    0.003489    5.844566    5.682691    1.087878    1.994703    1.584600    1.896079    0.994897    1.157210    2.102989
Iteration: 715 bestvalit: 92.730000 bestmemit:    0.324319    0.005007    0.013080    0.095773    0.735318    0.202159    0.091740    0.245969    0.118309    0.144260    0.082548    0.487179    4.378294    0.027548    0.000772    0.003489    5.844566    5.682691    1.087878    1.994703    1.584600    1.896079    0.994897    1.157210    2.102989
Iteration: 716 bestvalit: 92.730000 bestmemit:    0.324319    0.005007    0.013080    0.095773    0.735318    0.202159    0.091740    0.245969    0.118309    0.144260    0.082548    0.487179    4.378294    0.027548    0.000772    0.003489    5.844566    5.682691    1.087878    1.994703    1.584600    1.896079    0.994897    1.157210    2.102989
Iteration: 717 bestvalit: 92.730000 bestmemit:    0.324319    0.005007    0.013080    0.095773    0.735318    0.202159    0.091740    0.245969    0.118309    0.144260    0.082548    0.487179    4.378294    0.027548    0.000772    0.003489    5.844566    5.682691    1.087878    1.994703    1.584600    1.896079    0.994897    1.157210    2.102989
Iteration: 718 bestvalit: 92.730000 bestmemit:    0.324319    0.005007    0.013080    0.095773    0.735318    0.202159    0.091740    0.245969    0.118309    0.144260    0.082548    0.487179    4.378294    0.027548    0.000772    0.003489    5.844566    5.682691    1.087878    1.994703    1.584600    1.896079    0.994897    1.157210    2.102989
Iteration: 719 bestvalit: 92.730000 bestmemit:    0.324319    0.005007    0.013080    0.095773    0.735318    0.202159    0.091740    0.245969    0.118309    0.144260    0.082548    0.487179    4.378294    0.027548    0.000772    0.003489    5.844566    5.682691    1.087878    1.994703    1.584600    1.896079    0.994897    1.157210    2.102989
Iteration: 720 bestvalit: 92.730000 bestmemit:    0.324319    0.005007    0.013080    0.095773    0.735318    0.202159    0.091740    0.245969    0.118309    0.144260    0.082548    0.487179    4.378294    0.027548    0.000772    0.003489    5.844566    5.682691    1.087878    1.994703    1.584600    1.896079    0.994897    1.157210    2.102989
Iteration: 721 bestvalit: 92.730000 bestmemit:    0.324319    0.005007    0.013080    0.095773    0.735318    0.202159    0.091740    0.245969    0.118309    0.144260    0.082548    0.487179    4.378294    0.027548    0.000772    0.003489    5.844566    5.682691    1.087878    1.994703    1.584600    1.896079    0.994897    1.157210    2.102989
Iteration: 722 bestvalit: 92.730000 bestmemit:    0.324319    0.005007    0.013080    0.095773    0.735318    0.202159    0.091740    0.245969    0.118309    0.144260    0.082548    0.487179    4.378294    0.027548    0.000772    0.003489    5.844566    5.682691    1.087878    1.994703    1.584600    1.896079    0.994897    1.157210    2.102989
Iteration: 723 bestvalit: 92.730000 bestmemit:    0.324319    0.005007    0.013080    0.095773    0.735318    0.202159    0.091740    0.245969    0.118309    0.144260    0.082548    0.487179    4.378294    0.027548    0.000772    0.003489    5.844566    5.682691    1.087878    1.994703    1.584600    1.896079    0.994897    1.157210    2.102989
Iteration: 724 bestvalit: 92.730000 bestmemit:    0.324319    0.005007    0.013080    0.095773    0.735318    0.202159    0.091740    0.245969    0.118309    0.144260    0.082548    0.487179    4.378294    0.027548    0.000772    0.003489    5.844566    5.682691    1.087878    1.994703    1.584600    1.896079    0.994897    1.157210    2.102989
Iteration: 725 bestvalit: 92.730000 bestmemit:    0.324319    0.005007    0.013080    0.095773    0.735318    0.202159    0.091740    0.245969    0.118309    0.144260    0.082548    0.487179    4.378294    0.027548    0.000772    0.003489    5.844566    5.682691    1.087878    1.994703    1.584600    1.896079    0.994897    1.157210    2.102989
Iteration: 726 bestvalit: 92.730000 bestmemit:    0.324319    0.005007    0.013080    0.095773    0.735318    0.202159    0.091740    0.245969    0.118309    0.144260    0.082548    0.487179    4.378294    0.027548    0.000772    0.003489    5.844566    5.682691    1.087878    1.994703    1.584600    1.896079    0.994897    1.157210    2.102989
Iteration: 727 bestvalit: 92.730000 bestmemit:    0.324319    0.005007    0.013080    0.095773    0.735318    0.202159    0.091740    0.245969    0.118309    0.144260    0.082548    0.487179    4.378294    0.027548    0.000772    0.003489    5.844566    5.682691    1.087878    1.994703    1.584600    1.896079    0.994897    1.157210    2.102989
Iteration: 728 bestvalit: 92.730000 bestmemit:    0.324319    0.005007    0.013080    0.095773    0.735318    0.202159    0.091740    0.245969    0.118309    0.144260    0.082548    0.487179    4.378294    0.027548    0.000772    0.003489    5.844566    5.682691    1.087878    1.994703    1.584600    1.896079    0.994897    1.157210    2.102989
Iteration: 729 bestvalit: 92.730000 bestmemit:    0.324319    0.005007    0.013080    0.095773    0.735318    0.202159    0.091740    0.245969    0.118309    0.144260    0.082548    0.487179    4.378294    0.027548    0.000772    0.003489    5.844566    5.682691    1.087878    1.994703    1.584600    1.896079    0.994897    1.157210    2.102989
Iteration: 730 bestvalit: 92.730000 bestmemit:    0.324319    0.005007    0.013080    0.095773    0.735318    0.202159    0.091740    0.245969    0.118309    0.144260    0.082548    0.487179    4.378294    0.027548    0.000772    0.003489    5.844566    5.682691    1.087878    1.994703    1.584600    1.896079    0.994897    1.157210    2.102989
Iteration: 731 bestvalit: 92.730000 bestmemit:    0.324319    0.005007    0.013080    0.095773    0.735318    0.202159    0.091740    0.245969    0.118309    0.144260    0.082548    0.487179    4.378294    0.027548    0.000772    0.003489    5.844566    5.682691    1.087878    1.994703    1.584600    1.896079    0.994897    1.157210    2.102989
Iteration: 732 bestvalit: 92.730000 bestmemit:    0.324319    0.005007    0.013080    0.095773    0.735318    0.202159    0.091740    0.245969    0.118309    0.144260    0.082548    0.487179    4.378294    0.027548    0.000772    0.003489    5.844566    5.682691    1.087878    1.994703    1.584600    1.896079    0.994897    1.157210    2.102989
Iteration: 733 bestvalit: 92.730000 bestmemit:    0.324319    0.005007    0.013080    0.095773    0.735318    0.202159    0.091740    0.245969    0.118309    0.144260    0.082548    0.487179    4.378294    0.027548    0.000772    0.003489    5.844566    5.682691    1.087878    1.994703    1.584600    1.896079    0.994897    1.157210    2.102989
Iteration: 734 bestvalit: 92.730000 bestmemit:    0.324319    0.005007    0.013080    0.095773    0.735318    0.202159    0.091740    0.245969    0.118309    0.144260    0.082548    0.487179    4.378294    0.027548    0.000772    0.003489    5.844566    5.682691    1.087878    1.994703    1.584600    1.896079    0.994897    1.157210    2.102989
Iteration: 735 bestvalit: 92.730000 bestmemit:    0.324319    0.005007    0.013080    0.095773    0.735318    0.202159    0.091740    0.245969    0.118309    0.144260    0.082548    0.487179    4.378294    0.027548    0.000772    0.003489    5.844566    5.682691    1.087878    1.994703    1.584600    1.896079    0.994897    1.157210    2.102989
Iteration: 736 bestvalit: 92.730000 bestmemit:    0.324319    0.005007    0.013080    0.095773    0.735318    0.202159    0.091740    0.245969    0.118309    0.144260    0.082548    0.487179    4.378294    0.027548    0.000772    0.003489    5.844566    5.682691    1.087878    1.994703    1.584600    1.896079    0.994897    1.157210    2.102989
Iteration: 737 bestvalit: 92.730000 bestmemit:    0.324319    0.005007    0.013080    0.095773    0.735318    0.202159    0.091740    0.245969    0.118309    0.144260    0.082548    0.487179    4.378294    0.027548    0.000772    0.003489    5.844566    5.682691    1.087878    1.994703    1.584600    1.896079    0.994897    1.157210    2.102989
Iteration: 738 bestvalit: 92.730000 bestmemit:    0.324319    0.005007    0.013080    0.095773    0.735318    0.202159    0.091740    0.245969    0.118309    0.144260    0.082548    0.487179    4.378294    0.027548    0.000772    0.003489    5.844566    5.682691    1.087878    1.994703    1.584600    1.896079    0.994897    1.157210    2.102989
Iteration: 739 bestvalit: 92.730000 bestmemit:    0.324319    0.005007    0.013080    0.095773    0.735318    0.202159    0.091740    0.245969    0.118309    0.144260    0.082548    0.487179    4.378294    0.027548    0.000772    0.003489    5.844566    5.682691    1.087878    1.994703    1.584600    1.896079    0.994897    1.157210    2.102989
Iteration: 740 bestvalit: 92.730000 bestmemit:    0.324319    0.005007    0.013080    0.095773    0.735318    0.202159    0.091740    0.245969    0.118309    0.144260    0.082548    0.487179    4.378294    0.027548    0.000772    0.003489    5.844566    5.682691    1.087878    1.994703    1.584600    1.896079    0.994897    1.157210    2.102989
Iteration: 741 bestvalit: 92.730000 bestmemit:    0.324319    0.005007    0.013080    0.095773    0.735318    0.202159    0.091740    0.245969    0.118309    0.144260    0.082548    0.487179    4.378294    0.027548    0.000772    0.003489    5.844566    5.682691    1.087878    1.994703    1.584600    1.896079    0.994897    1.157210    2.102989
Iteration: 742 bestvalit: 92.730000 bestmemit:    0.324319    0.005007    0.013080    0.095773    0.735318    0.202159    0.091740    0.245969    0.118309    0.144260    0.082548    0.487179    4.378294    0.027548    0.000772    0.003489    5.844566    5.682691    1.087878    1.994703    1.584600    1.896079    0.994897    1.157210    2.102989
Iteration: 743 bestvalit: 92.730000 bestmemit:    0.324319    0.005007    0.013080    0.095773    0.735318    0.202159    0.091740    0.245969    0.118309    0.144260    0.082548    0.487179    4.378294    0.027548    0.000772    0.003489    5.844566    5.682691    1.087878    1.994703    1.584600    1.896079    0.994897    1.157210    2.102989
Iteration: 744 bestvalit: 92.730000 bestmemit:    0.324319    0.005007    0.013080    0.095773    0.735318    0.202159    0.091740    0.245969    0.118309    0.144260    0.082548    0.487179    4.378294    0.027548    0.000772    0.003489    5.844566    5.682691    1.087878    1.994703    1.584600    1.896079    0.994897    1.157210    2.102989
Iteration: 745 bestvalit: 92.730000 bestmemit:    0.324319    0.005007    0.013080    0.095773    0.735318    0.202159    0.091740    0.245969    0.118309    0.144260    0.082548    0.487179    4.378294    0.027548    0.000772    0.003489    5.844566    5.682691    1.087878    1.994703    1.584600    1.896079    0.994897    1.157210    2.102989
Iteration: 746 bestvalit: 92.730000 bestmemit:    0.324319    0.005007    0.013080    0.095773    0.735318    0.202159    0.091740    0.245969    0.118309    0.144260    0.082548    0.487179    4.378294    0.027548    0.000772    0.003489    5.844566    5.682691    1.087878    1.994703    1.584600    1.896079    0.994897    1.157210    2.102989
Iteration: 747 bestvalit: 92.730000 bestmemit:    0.324319    0.005007    0.013080    0.095773    0.735318    0.202159    0.091740    0.245969    0.118309    0.144260    0.082548    0.487179    4.378294    0.027548    0.000772    0.003489    5.844566    5.682691    1.087878    1.994703    1.584600    1.896079    0.994669    1.157210    2.102989
Iteration: 748 bestvalit: 92.730000 bestmemit:    0.324319    0.005007    0.013080    0.095773    0.735318    0.202159    0.091740    0.245969    0.118309    0.144260    0.082548    0.487179    4.378294    0.027548    0.000772    0.003489    5.844566    5.682691    1.087878    1.994703    1.584600    1.896079    0.994669    1.157210    2.102989
Iteration: 749 bestvalit: 92.730000 bestmemit:    0.324319    0.005007    0.013080    0.095773    0.735318    0.202159    0.091740    0.245969    0.118309    0.144260    0.082548    0.487179    4.378294    0.027548    0.000772    0.003489    5.844566    5.682691    1.087878    1.994703    1.584600    1.896079    0.994669    1.157210    2.102989
Iteration: 750 bestvalit: 92.145000 bestmemit:    0.324319    0.005007    0.013080    0.095773    0.735318    0.187277    0.091740    0.245969    0.118309    0.144260    0.082548    0.487179    4.378294    0.027548    0.000772    0.003489    5.844566    5.682691    1.087878    1.994703    1.584600    1.896079    0.994669    1.157210    2.102989
Iteration: 751 bestvalit: 92.145000 bestmemit:    0.324319    0.005007    0.013080    0.095773    0.735318    0.187277    0.091740    0.245969    0.118309    0.144260    0.082548    0.487179    4.378294    0.027548    0.000772    0.003489    5.844566    5.682691    1.087878    1.994703    1.584600    1.896079    0.994669    1.157210    2.102989
Iteration: 752 bestvalit: 92.145000 bestmemit:    0.324319    0.005007    0.013080    0.095773    0.735318    0.187277    0.091740    0.245969    0.118309    0.144260    0.082548    0.487179    4.378294    0.027548    0.000772    0.003489    5.844566    5.682691    1.087878    1.994703    1.584600    1.896079    0.994669    1.157210    2.102989
Iteration: 753 bestvalit: 92.145000 bestmemit:    0.324319    0.005007    0.013080    0.095773    0.735318    0.187277    0.091740    0.245969    0.118309    0.144260    0.082548    0.487179    4.378294    0.027548    0.000772    0.003489    5.844566    5.682691    1.087878    1.994703    1.584600    1.896079    0.994669    1.157210    2.102989
Iteration: 754 bestvalit: 92.145000 bestmemit:    0.324319    0.005007    0.013080    0.095773    0.735318    0.187277    0.091740    0.245969    0.118309    0.144260    0.082548    0.487179    4.378294    0.027548    0.000772    0.003489    5.844566    5.682691    1.087878    1.994703    1.584600    1.896079    0.994669    1.157210    2.102989
Iteration: 755 bestvalit: 92.080000 bestmemit:    0.324319    0.005007    0.013080    0.095773    0.735318    0.187277    0.091740    0.245969    0.118309    0.144260    0.082548    0.487179    4.378294    0.027548    0.000772    0.003489    5.868435    5.287654    1.087878    1.994703    1.584600    1.896079    0.994669    1.157210    2.102989
Iteration: 756 bestvalit: 92.080000 bestmemit:    0.324319    0.005007    0.013080    0.095773    0.735318    0.187277    0.091740    0.245969    0.118309    0.144260    0.082548    0.487179    4.378294    0.027548    0.000772    0.003489    5.868435    5.287654    1.087878    1.994703    1.584600    1.896079    0.994669    1.157210    2.102989
Iteration: 757 bestvalit: 92.080000 bestmemit:    0.324319    0.005007    0.013080    0.095773    0.735318    0.187277    0.091740    0.245969    0.118309    0.144260    0.082548    0.487179    4.378294    0.027548    0.000772    0.003489    5.868435    5.287654    1.087878    1.994703    1.584600    1.896079    0.994669    1.157210    2.102989
Iteration: 758 bestvalit: 92.080000 bestmemit:    0.324319    0.005007    0.013080    0.095773    0.735318    0.187277    0.091740    0.245969    0.118309    0.144260    0.082548    0.487179    4.378294    0.027548    0.000772    0.003489    5.868435    5.287654    1.087878    1.994703    1.584600    1.896079    0.994669    1.157210    2.102989
Iteration: 759 bestvalit: 92.080000 bestmemit:    0.324319    0.005007    0.013080    0.095773    0.735318    0.187277    0.091740    0.245969    0.118309    0.144260    0.082548    0.487179    4.378294    0.027548    0.000772    0.003489    5.868435    5.287654    1.087878    1.994703    1.584600    1.896079    0.994669    1.157210    2.102989
Iteration: 760 bestvalit: 92.080000 bestmemit:    0.324319    0.005007    0.013080    0.095773    0.735318    0.187277    0.091740    0.245969    0.118309    0.144260    0.082548    0.487179    4.378294    0.027548    0.000772    0.003489    5.868435    5.287654    1.087878    1.994703    1.584600    1.896079    0.994669    1.157210    2.102989
Iteration: 761 bestvalit: 92.080000 bestmemit:    0.324319    0.005007    0.013080    0.095773    0.735318    0.187277    0.091740    0.245969    0.118309    0.144260    0.082548    0.487179    4.378294    0.027548    0.000772    0.003489    5.868435    5.287654    1.087878    1.994703    1.584600    1.896079    0.994669    1.157210    2.102989
Iteration: 762 bestvalit: 92.080000 bestmemit:    0.324319    0.005007    0.013080    0.095773    0.735318    0.187277    0.091740    0.245969    0.118309    0.144260    0.082548    0.487179    4.378294    0.027548    0.000772    0.003489    5.868435    5.287654    1.087878    1.994703    1.584600    1.896079    0.994669    1.157210    2.102989
Iteration: 763 bestvalit: 92.080000 bestmemit:    0.324319    0.005007    0.013080    0.095773    0.735318    0.187277    0.091740    0.245969    0.118309    0.144260    0.082548    0.487179    4.378294    0.027548    0.000772    0.003489    5.868435    5.287654    1.087878    1.994703    1.584600    1.896079    0.994669    1.157210    2.102989
Iteration: 764 bestvalit: 92.080000 bestmemit:    0.324319    0.005007    0.013080    0.095773    0.735318    0.187277    0.091740    0.245969    0.118309    0.144260    0.082548    0.487179    4.378294    0.027548    0.000772    0.003489    5.868435    5.287654    1.087878    1.994703    1.584600    1.896079    0.994669    1.157210    2.102989
Iteration: 765 bestvalit: 92.080000 bestmemit:    0.324319    0.005007    0.013080    0.095773    0.735318    0.187277    0.091740    0.245969    0.118309    0.144260    0.082548    0.487179    4.378294    0.027548    0.000772    0.003489    5.868435    5.287654    1.087878    1.994703    1.584600    1.896079    0.994669    1.157210    2.102989
Iteration: 766 bestvalit: 92.080000 bestmemit:    0.324319    0.005007    0.013080    0.095773    0.735318    0.187277    0.091740    0.245969    0.118309    0.144260    0.082548    0.487179    4.378294    0.027548    0.000772    0.003489    5.868435    5.287654    1.087878    1.994703    1.584600    1.896079    0.994669    1.157210    2.102989
Iteration: 767 bestvalit: 92.080000 bestmemit:    0.324319    0.005007    0.013080    0.095773    0.735318    0.187277    0.091740    0.245969    0.118309    0.144260    0.082548    0.487179    4.378294    0.027548    0.000772    0.003489    5.868435    5.287654    1.087878    1.994703    1.584600    1.896079    0.994669    1.157210    2.102989
Iteration: 768 bestvalit: 92.080000 bestmemit:    0.324319    0.005007    0.013080    0.095773    0.735318    0.187277    0.091740    0.245969    0.118309    0.144260    0.082548    0.487179    4.378294    0.027548    0.000772    0.003489    5.868435    5.287654    1.087878    1.994703    1.584600    1.896079    0.994669    1.157210    2.102989
Iteration: 769 bestvalit: 92.080000 bestmemit:    0.324319    0.005007    0.013080    0.095773    0.735318    0.187277    0.091740    0.245969    0.118309    0.144260    0.082548    0.487179    4.378294    0.027548    0.000772    0.003489    5.868435    5.287654    1.087878    1.994703    1.584600    1.896079    0.994669    1.157210    2.102989
Iteration: 770 bestvalit: 92.080000 bestmemit:    0.324319    0.005007    0.013080    0.095773    0.735318    0.187277    0.091740    0.245969    0.118309    0.144260    0.082548    0.487179    4.378294    0.027548    0.000772    0.003489    5.868435    5.287654    1.087878    1.994703    1.584600    1.896079    0.994669    1.157210    2.102989
Iteration: 771 bestvalit: 92.080000 bestmemit:    0.324319    0.005007    0.013080    0.095773    0.735318    0.187277    0.091740    0.245969    0.118309    0.144260    0.082548    0.487179    4.378294    0.027548    0.000772    0.003489    5.868435    5.287654    1.087878    1.994703    1.584600    1.896079    0.994669    1.157210    2.102989
Iteration: 772 bestvalit: 92.080000 bestmemit:    0.324319    0.005007    0.013080    0.095773    0.735318    0.187277    0.091740    0.245969    0.118309    0.144260    0.082548    0.487179    4.378294    0.027548    0.000772    0.003489    5.868435    5.287654    1.087878    1.994703    1.584600    1.896079    0.994669    1.157210    2.102989
Iteration: 773 bestvalit: 92.080000 bestmemit:    0.324319    0.005007    0.013080    0.095773    0.735318    0.187277    0.091740    0.245969    0.118309    0.144260    0.082548    0.487179    4.378294    0.027548    0.000772    0.003489    5.868435    5.287654    1.087878    1.994703    1.584600    1.896079    0.994669    1.157210    2.102989
Iteration: 774 bestvalit: 92.080000 bestmemit:    0.324319    0.005007    0.013080    0.095773    0.735318    0.187277    0.091740    0.245969    0.118309    0.144260    0.082548    0.487179    4.378294    0.027548    0.000772    0.003489    5.868435    5.287654    1.087878    1.994703    1.584600    1.896079    0.994669    1.157210    2.102989
Iteration: 775 bestvalit: 92.080000 bestmemit:    0.324319    0.005007    0.013080    0.095773    0.735318    0.187277    0.091740    0.245969    0.118309    0.144260    0.082548    0.487179    4.378294    0.027548    0.000772    0.003489    5.868435    5.287654    1.087878    1.994703    1.584600    1.896079    0.994669    1.157210    2.102989
Iteration: 776 bestvalit: 92.080000 bestmemit:    0.324319    0.005007    0.013080    0.095773    0.735318    0.187277    0.091740    0.245969    0.118309    0.144260    0.082548    0.487179    4.378294    0.027548    0.000772    0.003489    5.868435    5.287654    1.087878    1.994703    1.584600    1.896079    0.994669    1.157210    2.102989
Iteration: 777 bestvalit: 92.080000 bestmemit:    0.324319    0.005007    0.013080    0.095773    0.735318    0.187277    0.091740    0.245969    0.118309    0.144260    0.082548    0.487179    4.378294    0.027548    0.000772    0.003489    5.868435    5.287654    1.087878    1.994703    1.584600    1.896079    0.994669    1.157210    2.102989
Iteration: 778 bestvalit: 92.080000 bestmemit:    0.324319    0.005007    0.013080    0.095773    0.735318    0.187277    0.091740    0.245969    0.118309    0.144260    0.082548    0.487179    4.378294    0.027548    0.000772    0.003489    5.868435    5.287654    1.087878    1.994703    1.584600    1.896079    0.994669    1.157210    2.102989
Iteration: 779 bestvalit: 92.080000 bestmemit:    0.324319    0.005007    0.013080    0.095773    0.735318    0.187277    0.091740    0.245969    0.118309    0.144260    0.082548    0.487179    4.378294    0.027548    0.000772    0.003489    5.868435    5.287654    1.087878    1.994703    1.584600    1.896079    0.994669    1.157210    2.102989
Iteration: 780 bestvalit: 92.080000 bestmemit:    0.324319    0.005007    0.013080    0.095773    0.735318    0.187277    0.091740    0.245969    0.118309    0.144260    0.082548    0.487179    4.378294    0.027548    0.000772    0.003489    5.868435    5.287654    1.087878    1.994703    1.584600    1.896079    0.994669    1.157210    2.102989
Iteration: 781 bestvalit: 92.080000 bestmemit:    0.324319    0.005007    0.013080    0.095773    0.735318    0.187277    0.091740    0.245969    0.118309    0.144260    0.082548    0.487179    4.378294    0.027548    0.000772    0.003489    5.868435    5.287654    1.087878    1.994703    1.584600    1.896079    0.994669    1.157210    2.102989
Iteration: 782 bestvalit: 92.080000 bestmemit:    0.324319    0.005007    0.013080    0.095773    0.735318    0.187277    0.091740    0.245969    0.118309    0.144260    0.082548    0.487179    4.378294    0.027548    0.000772    0.003489    5.868435    5.287654    1.087878    1.994703    1.584600    1.896079    0.994669    1.157210    2.102989
Iteration: 783 bestvalit: 92.080000 bestmemit:    0.324319    0.005007    0.013080    0.095773    0.735318    0.187277    0.091740    0.245969    0.118309    0.144260    0.082548    0.487179    4.378294    0.027548    0.000772    0.003489    5.868435    5.287654    1.087878    1.994703    1.584600    1.896079    0.994669    1.157210    2.102989
Iteration: 784 bestvalit: 92.080000 bestmemit:    0.324319    0.005007    0.013080    0.095773    0.735318    0.187277    0.091740    0.245969    0.118309    0.144260    0.082548    0.487179    4.378294    0.027548    0.000772    0.003489    5.868435    5.287654    1.087878    1.994703    1.584600    1.896079    0.994669    1.157210    2.102989
Iteration: 785 bestvalit: 92.080000 bestmemit:    0.324319    0.005007    0.013080    0.095773    0.735318    0.187277    0.091740    0.245969    0.118309    0.144260    0.082548    0.487179    4.378294    0.027548    0.000772    0.003489    5.868435    5.287654    1.087878    1.994703    1.584600    1.896079    0.994669    1.157210    2.102989
Iteration: 786 bestvalit: 92.080000 bestmemit:    0.324319    0.005007    0.013080    0.095773    0.735318    0.187277    0.091740    0.245969    0.118309    0.144260    0.082548    0.487179    4.378294    0.027548    0.000772    0.003489    5.868435    5.287654    1.087878    1.994703    1.584600    1.896079    0.994669    1.157210    2.102989
Iteration: 787 bestvalit: 92.080000 bestmemit:    0.324319    0.005007    0.013080    0.095773    0.735318    0.187277    0.091740    0.245969    0.118309    0.144260    0.082548    0.487179    4.378294    0.027548    0.000772    0.003489    5.868435    5.287654    1.087878    1.994703    1.584600    1.896079    0.994669    1.157210    2.102989
Iteration: 788 bestvalit: 92.080000 bestmemit:    0.324319    0.005007    0.013080    0.095773    0.735318    0.187277    0.091740    0.245969    0.118309    0.144260    0.082548    0.487179    4.378294    0.027548    0.000772    0.003489    5.868435    5.287654    1.087878    1.994703    1.584600    1.896079    0.994669    1.157210    2.102989
Iteration: 789 bestvalit: 92.080000 bestmemit:    0.324319    0.005007    0.013080    0.095773    0.735318    0.187277    0.091740    0.245969    0.118309    0.144260    0.082548    0.487179    4.378294    0.027548    0.000772    0.003489    5.868435    5.287654    1.087878    1.994703    1.584600    1.896079    0.994669    1.157210    2.102989
Iteration: 790 bestvalit: 92.080000 bestmemit:    0.324319    0.005007    0.013080    0.095773    0.735318    0.187277    0.091740    0.245969    0.118309    0.144260    0.082548    0.487179    4.378294    0.027548    0.000772    0.003489    5.868435    5.287654    1.087878    1.994703    1.584600    1.896079    0.994669    1.157210    2.102989
Iteration: 791 bestvalit: 92.080000 bestmemit:    0.324319    0.005007    0.013080    0.095773    0.735318    0.187277    0.091740    0.245969    0.118309    0.144260    0.082548    0.487179    4.378294    0.027548    0.000772    0.003489    5.868435    5.287654    1.087878    1.994703    1.584600    1.896079    0.994669    1.157210    2.102989
Iteration: 792 bestvalit: 92.080000 bestmemit:    0.324319    0.005007    0.013080    0.095773    0.735318    0.187277    0.091740    0.245969    0.118309    0.144260    0.082548    0.487179    4.378294    0.027548    0.000772    0.003489    5.868435    5.287654    1.087878    1.994703    1.584600    1.896079    0.994669    1.157210    2.102989
Iteration: 793 bestvalit: 92.080000 bestmemit:    0.324319    0.005007    0.013080    0.095773    0.735318    0.187277    0.091740    0.245969    0.118309    0.144260    0.082548    0.487179    4.378294    0.027548    0.000772    0.003489    5.868435    5.287654    1.087878    1.994703    1.584600    1.896079    0.994669    1.157210    2.102989
Iteration: 794 bestvalit: 92.080000 bestmemit:    0.324319    0.005007    0.013080    0.095773    0.735318    0.187277    0.091740    0.245969    0.118309    0.144260    0.082548    0.487179    4.378294    0.027548    0.000772    0.003489    5.868435    5.287654    1.087878    1.994703    1.584600    1.896079    0.994669    1.157210    2.102989
Iteration: 795 bestvalit: 92.080000 bestmemit:    0.324319    0.005007    0.013080    0.095773    0.735318    0.187277    0.091740    0.245969    0.118309    0.144260    0.082548    0.487179    4.378294    0.027548    0.000772    0.003489    5.868435    5.287654    1.087878    1.994703    1.584600    1.896079    0.994669    1.157210    2.102989
Iteration: 796 bestvalit: 92.080000 bestmemit:    0.324319    0.005007    0.013080    0.095773    0.735318    0.187277    0.091740    0.245969    0.118309    0.144260    0.082548    0.487179    4.378294    0.027548    0.000772    0.003489    5.868435    5.287654    1.087878    1.994703    1.584600    1.896079    0.994669    1.157210    2.102989
Iteration: 797 bestvalit: 92.080000 bestmemit:    0.324319    0.005007    0.013080    0.095773    0.735318    0.187277    0.091740    0.245969    0.118309    0.144260    0.082548    0.487179    4.378294    0.027548    0.000772    0.003489    5.868435    5.287654    1.087878    1.994703    1.584600    1.896079    0.994669    1.157210    2.102989
Iteration: 798 bestvalit: 92.080000 bestmemit:    0.324319    0.005007    0.013080    0.095773    0.735318    0.187277    0.091740    0.245969    0.118309    0.144260    0.082548    0.487179    4.378294    0.027548    0.000772    0.003489    5.868435    5.287654    1.087878    1.994703    1.584600    1.896079    0.994669    1.157210    2.102989
Iteration: 799 bestvalit: 92.080000 bestmemit:    0.324319    0.005007    0.013080    0.095773    0.735318    0.187277    0.091740    0.245969    0.118309    0.144260    0.082548    0.487179    4.378294    0.027548    0.000772    0.003489    5.868435    5.287654    1.087878    1.994703    1.584600    1.896079    0.994669    1.157210    2.102989
Iteration: 800 bestvalit: 92.080000 bestmemit:    0.324319    0.005007    0.013080    0.095773    0.735318    0.187277    0.091740    0.245969    0.118309    0.144260    0.082548    0.487179    4.378294    0.027548    0.000772    0.003489    5.868435    5.287654    1.087878    1.994703    1.584600    1.896079    0.994669    1.157210    2.102989
Iteration: 801 bestvalit: 92.080000 bestmemit:    0.324319    0.005007    0.013080    0.095773    0.735318    0.187277    0.091740    0.245969    0.118309    0.144260    0.082548    0.487179    4.378294    0.027548    0.000772    0.003489    5.868435    5.287654    1.087878    1.994703    1.584600    1.896079    0.994669    1.157210    2.102989
Iteration: 802 bestvalit: 92.020000 bestmemit:    0.324319    0.005007    0.013080    0.095773    0.735318    0.187277    0.091740    0.245969    0.118309    0.144260    0.082548    0.487179    4.378294    0.027548    0.000772    0.003489    5.868435    5.287654    1.087878    1.994703    1.584600    1.896079    0.994669    1.157210    2.062570
Iteration: 803 bestvalit: 92.020000 bestmemit:    0.324319    0.005007    0.013080    0.095773    0.735318    0.187277    0.091740    0.245969    0.118309    0.144260    0.082548    0.487179    4.378294    0.027548    0.000772    0.003489    5.868435    5.287654    1.087878    1.994703    1.584600    1.896079    0.994669    1.157210    2.062570
Iteration: 804 bestvalit: 92.020000 bestmemit:    0.324319    0.005007    0.013080    0.095773    0.735318    0.187277    0.091740    0.245969    0.118309    0.144260    0.082548    0.487179    4.378294    0.027548    0.000772    0.003489    5.868435    5.287654    1.087878    1.994703    1.584600    1.896079    0.994669    1.157210    2.062570
Iteration: 805 bestvalit: 92.020000 bestmemit:    0.324319    0.005007    0.013080    0.095773    0.735318    0.187277    0.091740    0.245969    0.118309    0.144260    0.082548    0.487179    4.378294    0.027548    0.000772    0.003489    5.868435    5.287654    1.087878    1.994703    1.584600    1.896079    0.994669    1.157210    2.062570
Iteration: 806 bestvalit: 92.020000 bestmemit:    0.324319    0.005007    0.013080    0.095773    0.735318    0.187277    0.091740    0.245969    0.118309    0.144260    0.082548    0.487179    4.378294    0.027548    0.000772    0.003489    5.868435    5.287654    1.087878    1.994703    1.584600    1.896079    0.994669    1.157210    2.062570
Iteration: 807 bestvalit: 92.020000 bestmemit:    0.324319    0.005007    0.013080    0.095773    0.735318    0.187277    0.091740    0.245969    0.118309    0.144260    0.082548    0.487179    4.378294    0.027548    0.000772    0.003489    5.868435    5.287654    1.087878    1.994703    1.584600    1.896079    0.994669    1.157210    2.062570
Iteration: 808 bestvalit: 92.020000 bestmemit:    0.324319    0.005007    0.013080    0.095773    0.735318    0.187277    0.091740    0.245969    0.118309    0.144260    0.082548    0.487179    4.378294    0.027548    0.000772    0.003489    5.868435    5.287654    1.087878    1.994703    1.584600    1.896079    0.994669    1.157210    2.062570
Iteration: 809 bestvalit: 92.020000 bestmemit:    0.324319    0.005007    0.013080    0.095773    0.735318    0.187277    0.091740    0.245969    0.118309    0.144260    0.082548    0.487179    4.378294    0.027548    0.000772    0.003489    5.868435    5.287654    1.087878    1.994703    1.584600    1.896079    0.994669    1.157210    2.062570
Iteration: 810 bestvalit: 92.020000 bestmemit:    0.324319    0.005007    0.013080    0.095773    0.735318    0.187277    0.091740    0.245969    0.118309    0.144260    0.082548    0.487179    4.378294    0.027548    0.000772    0.003489    5.868435    5.287654    1.087878    1.994703    1.584600    1.896079    0.994669    1.157210    2.062570
Iteration: 811 bestvalit: 92.020000 bestmemit:    0.324319    0.005007    0.013080    0.095773    0.735318    0.187277    0.091740    0.245969    0.118309    0.144260    0.082548    0.487179    4.378294    0.027548    0.000772    0.003489    5.868435    5.287654    1.087878    1.994703    1.584600    1.896079    0.994669    1.157210    2.062570
Iteration: 812 bestvalit: 92.020000 bestmemit:    0.324319    0.005007    0.013080    0.095773    0.735318    0.187277    0.091740    0.245969    0.118309    0.144260    0.082548    0.487179    4.378294    0.027548    0.000772    0.003489    5.868435    5.287654    1.087878    1.994703    1.584600    1.896079    0.994669    1.157210    2.062570
Iteration: 813 bestvalit: 92.020000 bestmemit:    0.324319    0.005007    0.013080    0.095773    0.735318    0.187277    0.091740    0.245969    0.118309    0.144260    0.082548    0.487179    4.378294    0.027548    0.000772    0.003489    5.868435    5.287654    1.087878    1.994703    1.584600    1.896079    0.994669    1.157210    2.062570
Iteration: 814 bestvalit: 92.020000 bestmemit:    0.324319    0.005007    0.013080    0.095773    0.735318    0.187277    0.091740    0.245969    0.118309    0.144260    0.082548    0.487179    4.378294    0.027548    0.000772    0.003489    5.868435    5.287654    1.087878    1.994703    1.584600    1.896079    0.994669    1.157210    2.062570
Iteration: 815 bestvalit: 92.020000 bestmemit:    0.324319    0.005007    0.013080    0.095773    0.735318    0.187277    0.091740    0.245969    0.118309    0.144260    0.082548    0.487179    4.378294    0.027548    0.000772    0.003489    5.868435    5.287654    1.087878    1.994703    1.584600    1.896079    0.995135    1.157210    2.062570
Iteration: 816 bestvalit: 92.020000 bestmemit:    0.324319    0.005007    0.013080    0.095773    0.735318    0.187277    0.091740    0.245969    0.118309    0.144260    0.082548    0.487179    4.378294    0.027548    0.000772    0.003489    5.868435    5.287654    1.087878    1.994703    1.584600    1.896079    0.995135    1.157210    2.062570
Iteration: 817 bestvalit: 92.020000 bestmemit:    0.324319    0.005007    0.013080    0.095773    0.735318    0.187277    0.091740    0.245969    0.118309    0.144260    0.082548    0.487179    4.378294    0.027548    0.000772    0.003489    5.868435    5.287654    1.087878    1.994703    1.584600    1.896079    0.995135    1.157210    2.062570
Iteration: 818 bestvalit: 92.020000 bestmemit:    0.324319    0.005007    0.013080    0.095773    0.735318    0.187277    0.091740    0.245969    0.118309    0.144260    0.082548    0.487179    4.378294    0.027548    0.000772    0.003489    5.868435    5.287654    1.087878    1.994703    1.584600    1.896079    0.995135    1.157210    2.062570
Iteration: 819 bestvalit: 92.020000 bestmemit:    0.324319    0.005007    0.013080    0.095773    0.735318    0.187277    0.091740    0.245969    0.118309    0.144260    0.082548    0.487179    4.378294    0.027548    0.000772    0.003489    5.868435    5.287654    1.087878    1.994703    1.584600    1.896079    0.995135    1.157210    2.062570
Iteration: 820 bestvalit: 91.865000 bestmemit:    0.324319    0.005007    0.013080    0.095773    0.735318    0.187277    0.091740    0.245969    0.118309    0.144260    0.082548    0.487179    4.378294    0.027548    0.000772    0.003489    5.868435    5.287654    1.087878    1.985123    1.584600    1.896079    0.995135    1.157210    2.062570
Iteration: 821 bestvalit: 91.865000 bestmemit:    0.324319    0.005007    0.013080    0.095773    0.735318    0.187277    0.091740    0.245969    0.118309    0.144260    0.082548    0.487179    4.378294    0.027548    0.000772    0.003489    5.868435    5.287654    1.087878    1.985123    1.584600    1.896079    0.995135    1.157210    2.062570
Iteration: 822 bestvalit: 90.945000 bestmemit:    0.317283    0.005007    0.013080    0.095773    0.735318    0.187277    0.091740    0.245969    0.118309    0.144260    0.082548    0.487179    4.378294    0.027548    0.000772    0.003489    5.868435    5.287654    1.087878    1.985123    1.584600    1.896079    0.995135    1.157210    2.062570
Iteration: 823 bestvalit: 90.945000 bestmemit:    0.317283    0.005007    0.013080    0.095773    0.735318    0.187277    0.091740    0.245969    0.118309    0.144260    0.082548    0.487179    4.378294    0.027548    0.000772    0.003489    5.868435    5.287654    1.087878    1.985123    1.584600    1.896079    0.995135    1.157210    2.062570
Iteration: 824 bestvalit: 90.945000 bestmemit:    0.317283    0.005007    0.013080    0.095773    0.735318    0.187277    0.091740    0.245969    0.118309    0.144260    0.082548    0.487179    4.378294    0.027548    0.000772    0.003489    5.868435    5.287654    1.087878    1.985123    1.584600    1.896079    0.995135    1.157210    2.062570
Iteration: 825 bestvalit: 90.945000 bestmemit:    0.317283    0.005007    0.013080    0.095773    0.735318    0.187277    0.091740    0.245969    0.118309    0.144260    0.082548    0.487179    4.378294    0.027548    0.000772    0.003489    5.868435    5.287654    1.087878    1.985123    1.584600    1.896079    0.995135    1.157210    2.062570
Iteration: 826 bestvalit: 90.945000 bestmemit:    0.317283    0.005007    0.013080    0.095773    0.735318    0.187277    0.091740    0.245969    0.118309    0.144260    0.082548    0.487179    4.378294    0.027548    0.000772    0.003489    5.868435    5.287654    1.087878    1.985123    1.584600    1.896079    0.995135    1.157210    2.062570
Iteration: 827 bestvalit: 90.945000 bestmemit:    0.317283    0.005007    0.013080    0.095773    0.735318    0.187277    0.091740    0.245969    0.118309    0.144260    0.082548    0.487179    4.378294    0.027548    0.000772    0.003489    5.868435    5.287654    1.087878    1.985123    1.584600    1.896079    0.995135    1.157210    2.062570
Iteration: 828 bestvalit: 90.945000 bestmemit:    0.317283    0.005007    0.013080    0.095773    0.735318    0.187277    0.091740    0.245969    0.118309    0.144260    0.082548    0.487179    4.378294    0.027548    0.000772    0.003489    5.868435    5.287654    1.087878    1.985123    1.584600    1.896079    0.995135    1.157210    2.062570
Iteration: 829 bestvalit: 90.910000 bestmemit:    0.317283    0.005007    0.013080    0.095773    0.735318    0.187277    0.091740    0.245969    0.118309    0.144260    0.082548    0.487179    4.378294    0.027548    0.000772    0.003489    5.868435    5.287654    1.087878    1.985123    1.584600    1.896079    0.996458    1.157210    2.062570
Iteration: 830 bestvalit: 90.910000 bestmemit:    0.317283    0.005007    0.013080    0.095773    0.735318    0.187277    0.091740    0.245969    0.118309    0.144260    0.082548    0.487179    4.378294    0.027548    0.000772    0.003489    5.868435    5.287654    1.087878    1.985123    1.584600    1.896079    0.996458    1.157210    2.062570
Iteration: 831 bestvalit: 90.910000 bestmemit:    0.317283    0.005007    0.013080    0.095773    0.735318    0.187277    0.091740    0.245969    0.118309    0.144260    0.082548    0.487179    4.378294    0.027548    0.000772    0.003489    5.868435    5.287654    1.087878    1.985123    1.584600    1.896079    0.996458    1.157210    2.062570
Iteration: 832 bestvalit: 90.910000 bestmemit:    0.317283    0.005007    0.013080    0.095773    0.735318    0.187277    0.091740    0.245969    0.118309    0.144260    0.082548    0.487179    4.378294    0.027548    0.000772    0.003489    5.868435    5.287654    1.087878    1.985123    1.584600    1.896079    0.996458    1.157210    2.062570
Iteration: 833 bestvalit: 90.910000 bestmemit:    0.317283    0.005007    0.013080    0.095773    0.735318    0.187277    0.091740    0.245969    0.118309    0.144260    0.082548    0.487179    4.378294    0.027548    0.000772    0.003489    5.868435    5.287654    1.087878    1.985123    1.584600    1.896079    0.996458    1.157210    2.062570
Iteration: 834 bestvalit: 90.910000 bestmemit:    0.317283    0.005007    0.013080    0.095773    0.735318    0.187277    0.091740    0.245969    0.118309    0.144260    0.082548    0.487179    4.378294    0.027548    0.000772    0.003489    5.868435    5.287654    1.087878    1.985123    1.584600    1.896079    0.996458    1.157210    2.062570
Iteration: 835 bestvalit: 90.910000 bestmemit:    0.317283    0.005007    0.013080    0.095773    0.735318    0.187277    0.091740    0.245969    0.118309    0.144260    0.082548    0.487179    4.378294    0.027548    0.000772    0.003489    5.868435    5.287654    1.087878    1.985123    1.584600    1.896079    0.996458    1.157210    2.062570
Iteration: 836 bestvalit: 90.910000 bestmemit:    0.317283    0.005007    0.013080    0.095773    0.735318    0.187277    0.091740    0.245969    0.118309    0.144260    0.082548    0.487179    4.378294    0.027548    0.000772    0.003489    5.868435    5.287654    1.087878    1.985123    1.584600    1.896079    0.996458    1.157210    2.062570
Iteration: 837 bestvalit: 90.910000 bestmemit:    0.317283    0.005007    0.013080    0.095773    0.735318    0.187277    0.091740    0.245969    0.118309    0.144260    0.082548    0.487179    4.378294    0.027548    0.000772    0.003489    5.868435    5.287654    1.087878    1.985123    1.584600    1.896079    0.996458    1.157210    2.062570
Iteration: 838 bestvalit: 90.910000 bestmemit:    0.317283    0.005007    0.013080    0.095773    0.735318    0.187277    0.091740    0.245969    0.118309    0.144260    0.082548    0.487179    4.378294    0.027548    0.000772    0.003489    5.868435    5.287654    1.087878    1.985123    1.584600    1.896079    0.996458    1.157210    2.062570
Iteration: 839 bestvalit: 90.910000 bestmemit:    0.317283    0.005007    0.013080    0.095773    0.735318    0.187277    0.091740    0.245969    0.118309    0.144260    0.082548    0.487179    4.378294    0.027548    0.000772    0.003489    5.868435    5.287654    1.087878    1.985123    1.584600    1.896079    0.996458    1.157210    2.062570
Iteration: 840 bestvalit: 90.910000 bestmemit:    0.317283    0.005007    0.013080    0.095773    0.735318    0.187277    0.091740    0.245969    0.118309    0.144260    0.082548    0.487179    4.378294    0.027548    0.000772    0.003489    5.868435    5.287654    1.087878    1.985123    1.584600    1.896079    0.996458    1.157210    2.062570
Iteration: 841 bestvalit: 90.910000 bestmemit:    0.317283    0.005007    0.013080    0.095773    0.735318    0.187277    0.091740    0.245969    0.118309    0.144260    0.082548    0.487179    4.378294    0.027548    0.000772    0.003489    5.868435    5.287654    1.087878    1.985123    1.584600    1.896079    0.996458    1.157210    2.062570
Iteration: 842 bestvalit: 90.645000 bestmemit:    0.317283    0.005007    0.013080    0.095773    0.735318    0.187277    0.091740    0.245969    0.118309    0.144260    0.082548    0.487179    4.378294    0.027548    0.000772    0.003272    5.868435    5.287654    1.087878    1.985123    1.584600    1.896079    0.996458    1.157210    2.062570
Iteration: 843 bestvalit: 90.645000 bestmemit:    0.317283    0.005007    0.013080    0.095773    0.735318    0.187277    0.091740    0.245969    0.118309    0.144260    0.082548    0.487179    4.378294    0.027548    0.000772    0.003272    5.868435    5.287654    1.087878    1.985123    1.584600    1.896079    0.996458    1.157210    2.062570
Iteration: 844 bestvalit: 90.395000 bestmemit:    0.317283    0.005007    0.013080    0.095773    0.750602    0.187277    0.091740    0.245969    0.118309    0.144260    0.082548    0.487179    4.378294    0.027548    0.000772    0.003272    5.868435    5.287654    1.087878    1.985123    1.584600    1.896079    0.996458    1.157210    2.062570
Iteration: 845 bestvalit: 90.395000 bestmemit:    0.317283    0.005007    0.013080    0.095773    0.750602    0.187277    0.091740    0.245969    0.118309    0.144260    0.082548    0.487179    4.378294    0.027548    0.000772    0.003272    5.868435    5.287654    1.087878    1.985123    1.584600    1.896079    0.996458    1.157210    2.062570
Iteration: 846 bestvalit: 90.395000 bestmemit:    0.317283    0.005007    0.013080    0.095773    0.750602    0.187277    0.091740    0.245969    0.118309    0.144260    0.082548    0.487179    4.378294    0.027548    0.000772    0.003272    5.868435    5.287654    1.087878    1.985123    1.584600    1.896079    0.996458    1.157210    2.062570
Iteration: 847 bestvalit: 90.395000 bestmemit:    0.317283    0.005007    0.013080    0.095773    0.750602    0.187277    0.091740    0.245969    0.118309    0.144260    0.082548    0.487179    4.378294    0.027548    0.000772    0.003272    5.868435    5.287654    1.087878    1.985123    1.584600    1.896079    0.996458    1.157210    2.062570
Iteration: 848 bestvalit: 90.395000 bestmemit:    0.317283    0.005007    0.013080    0.095773    0.750602    0.187277    0.091740    0.245969    0.118309    0.144260    0.082548    0.487179    4.378294    0.027548    0.000772    0.003272    5.868435    5.287654    1.087878    1.985123    1.584600    1.896079    0.996458    1.157210    2.062570
Iteration: 849 bestvalit: 90.395000 bestmemit:    0.317283    0.005007    0.013080    0.095773    0.750602    0.187277    0.091740    0.245969    0.118309    0.144260    0.082548    0.487179    4.378294    0.027548    0.000772    0.003272    5.868435    5.287654    1.087878    1.985123    1.584600    1.896079    0.996458    1.157210    2.062570
Iteration: 850 bestvalit: 90.395000 bestmemit:    0.317283    0.005007    0.013080    0.095773    0.750602    0.187277    0.091740    0.245969    0.118309    0.144260    0.082548    0.487179    4.378294    0.027548    0.000772    0.003272    5.868435    5.287654    1.087878    1.985123    1.584600    1.896079    0.996458    1.157210    2.062570
Iteration: 851 bestvalit: 90.395000 bestmemit:    0.317283    0.005007    0.013080    0.095773    0.750602    0.187277    0.091740    0.245969    0.118309    0.144260    0.082548    0.487179    4.378294    0.027548    0.000772    0.003272    5.868435    5.287654    1.087878    1.985123    1.584600    1.896079    0.996458    1.157210    2.062570
Iteration: 852 bestvalit: 90.395000 bestmemit:    0.317283    0.005007    0.013080    0.095773    0.750602    0.187277    0.091740    0.245969    0.118309    0.144260    0.082548    0.487179    4.378294    0.027548    0.000772    0.003272    5.868435    5.287654    1.087878    1.985123    1.584600    1.896079    0.996458    1.157210    2.062570
Iteration: 853 bestvalit: 90.395000 bestmemit:    0.317283    0.005007    0.013080    0.095773    0.750602    0.187277    0.091740    0.245969    0.118309    0.144260    0.082548    0.487179    4.378294    0.027548    0.000772    0.003272    5.868435    5.287654    1.087878    1.985123    1.584600    1.896079    0.996458    1.157210    2.062570
Iteration: 854 bestvalit: 90.395000 bestmemit:    0.317283    0.005007    0.013080    0.095773    0.750602    0.187277    0.091740    0.245969    0.118309    0.144260    0.082548    0.487179    4.378294    0.027548    0.000772    0.003272    5.868435    5.287654    1.087878    1.985123    1.584600    1.896079    0.996458    1.157210    2.062570
Iteration: 855 bestvalit: 90.395000 bestmemit:    0.317283    0.005007    0.013080    0.095773    0.750602    0.187277    0.091740    0.245969    0.118309    0.144260    0.082548    0.487179    4.378294    0.027548    0.000772    0.003272    5.868435    5.287654    1.087878    1.985123    1.584600    1.896079    0.996458    1.157210    2.062570
Iteration: 856 bestvalit: 90.395000 bestmemit:    0.317283    0.005007    0.013080    0.095773    0.750602    0.187277    0.091740    0.245969    0.118309    0.144260    0.082548    0.487179    4.378294    0.027548    0.000772    0.003272    5.868435    5.287654    1.087878    1.985123    1.584600    1.896079    0.996458    1.157210    2.062570
Iteration: 857 bestvalit: 90.395000 bestmemit:    0.317283    0.005007    0.013080    0.095773    0.750602    0.187277    0.091740    0.245969    0.118309    0.144260    0.082548    0.487179    4.378294    0.027548    0.000772    0.003272    5.868435    5.287654    1.087878    1.985123    1.584600    1.896079    0.996458    1.157210    2.062570
Iteration: 858 bestvalit: 90.395000 bestmemit:    0.317283    0.005007    0.013080    0.095773    0.750602    0.187277    0.091740    0.245969    0.118309    0.144260    0.082548    0.487179    4.378294    0.027548    0.000772    0.003272    5.868435    5.287654    1.087878    1.985123    1.584600    1.896079    0.996458    1.157210    2.062570
Iteration: 859 bestvalit: 90.395000 bestmemit:    0.317283    0.005007    0.013080    0.095773    0.750602    0.187277    0.091740    0.245969    0.118309    0.144260    0.082548    0.487179    4.378294    0.027548    0.000772    0.003272    5.868435    5.287654    1.087878    1.985123    1.584600    1.896079    0.996458    1.157210    2.062570
Iteration: 860 bestvalit: 90.395000 bestmemit:    0.317283    0.005007    0.013080    0.095773    0.750602    0.187277    0.091740    0.245969    0.118309    0.144260    0.082548    0.487179    4.378294    0.027548    0.000772    0.003272    5.868435    5.287654    1.087878    1.985123    1.584600    1.896079    0.996458    1.157210    2.062570
Iteration: 861 bestvalit: 90.395000 bestmemit:    0.317283    0.005007    0.013080    0.095773    0.750602    0.187277    0.091740    0.245969    0.118309    0.144260    0.082548    0.487179    4.378294    0.027548    0.000772    0.003272    5.868435    5.287654    1.087878    1.985123    1.584600    1.896079    0.996458    1.157210    2.062570
Iteration: 862 bestvalit: 90.395000 bestmemit:    0.317283    0.005007    0.013080    0.095773    0.750602    0.187277    0.091740    0.245969    0.118309    0.144260    0.082548    0.487179    4.378294    0.027548    0.000772    0.003272    5.868435    5.287654    1.087878    1.985123    1.584600    1.896079    0.996458    1.157210    2.062570
Iteration: 863 bestvalit: 90.395000 bestmemit:    0.317283    0.005007    0.013080    0.095773    0.750602    0.187277    0.091740    0.245969    0.118309    0.144260    0.082548    0.487179    4.378294    0.027548    0.000772    0.003272    5.868435    5.287654    1.087878    1.985123    1.584600    1.896079    0.996458    1.157210    2.062570
Iteration: 864 bestvalit: 90.395000 bestmemit:    0.317283    0.005007    0.013080    0.095773    0.750602    0.187277    0.091740    0.245969    0.118309    0.144260    0.082548    0.487179    4.378294    0.027548    0.000772    0.003272    5.868435    5.287654    1.087878    1.985123    1.584600    1.896079    0.996458    1.157210    2.062570
Iteration: 865 bestvalit: 90.395000 bestmemit:    0.317283    0.005007    0.013080    0.095773    0.750602    0.187277    0.091740    0.245969    0.118309    0.144260    0.082548    0.487179    4.378294    0.027548    0.000772    0.003272    5.868435    5.287654    1.087878    1.985123    1.584600    1.896079    0.996458    1.157210    2.062570
Iteration: 866 bestvalit: 90.395000 bestmemit:    0.317283    0.005007    0.013080    0.095773    0.750602    0.187277    0.091740    0.245969    0.118309    0.144260    0.082548    0.487179    4.378294    0.027548    0.000772    0.003272    5.868435    5.287654    1.087878    1.985123    1.584600    1.896079    0.996458    1.157210    2.062570
Iteration: 867 bestvalit: 90.395000 bestmemit:    0.317283    0.005007    0.013080    0.095773    0.750602    0.187277    0.091740    0.245969    0.118309    0.144260    0.082548    0.487179    4.378294    0.027548    0.000772    0.003272    5.868435    5.287654    1.087878    1.985123    1.584600    1.896079    0.996458    1.157210    2.062570
Iteration: 868 bestvalit: 90.395000 bestmemit:    0.317283    0.005007    0.013080    0.095773    0.750602    0.187277    0.091740    0.245969    0.118309    0.144260    0.082548    0.487179    4.378294    0.027548    0.000772    0.003272    5.868435    5.287654    1.087878    1.985123    1.584600    1.896079    0.996458    1.157210    2.062570
Iteration: 869 bestvalit: 90.395000 bestmemit:    0.317283    0.005007    0.013080    0.095773    0.750602    0.187277    0.091740    0.245969    0.118309    0.144260    0.082548    0.487179    4.378294    0.027548    0.000772    0.003272    5.868435    5.287654    1.087878    1.985123    1.584600    1.896079    0.996458    1.157210    2.062570
Iteration: 870 bestvalit: 90.395000 bestmemit:    0.317283    0.005007    0.013080    0.095773    0.750602    0.187277    0.091740    0.245969    0.118309    0.144260    0.082548    0.487179    4.378294    0.027548    0.000772    0.003272    5.868435    5.287654    1.087878    1.985123    1.584600    1.896079    0.996458    1.157210    2.062570
Iteration: 871 bestvalit: 90.395000 bestmemit:    0.317283    0.005007    0.013080    0.095773    0.750602    0.187277    0.091740    0.245969    0.118309    0.144260    0.082548    0.487179    4.378294    0.027548    0.000772    0.003272    5.868435    5.287654    1.087878    1.985123    1.584600    1.896079    0.996458    1.157210    2.062570
Iteration: 872 bestvalit: 90.395000 bestmemit:    0.317283    0.005007    0.013080    0.095773    0.750602    0.187277    0.091740    0.245969    0.118309    0.144260    0.082548    0.487179    4.378294    0.027548    0.000772    0.003272    5.868435    5.287654    1.087878    1.985123    1.584600    1.896079    0.996458    1.157210    2.062570
Iteration: 873 bestvalit: 90.395000 bestmemit:    0.317283    0.005007    0.013080    0.095773    0.750602    0.187277    0.091740    0.245969    0.118309    0.144260    0.082548    0.487179    4.378294    0.027548    0.000772    0.003272    5.868435    5.287654    1.087878    1.985123    1.584600    1.896079    0.996458    1.157210    2.062570
Iteration: 874 bestvalit: 90.395000 bestmemit:    0.317283    0.005007    0.013080    0.095773    0.750602    0.187277    0.091740    0.245969    0.118309    0.144260    0.082548    0.487179    4.378294    0.027548    0.000772    0.003272    5.868435    5.287654    1.087878    1.985123    1.584600    1.896079    0.996458    1.157210    2.062570
Iteration: 875 bestvalit: 90.395000 bestmemit:    0.317283    0.005007    0.013080    0.095773    0.750602    0.187277    0.091740    0.245969    0.118309    0.144260    0.082548    0.487179    4.378294    0.027548    0.000772    0.003272    5.868435    5.287654    1.087878    1.985123    1.584600    1.896079    0.996458    1.157210    2.062570
Iteration: 876 bestvalit: 90.395000 bestmemit:    0.317283    0.005007    0.013080    0.095773    0.750602    0.187277    0.091740    0.245969    0.118309    0.144260    0.082548    0.487179    4.378294    0.027548    0.000772    0.003272    5.868435    5.287654    1.087878    1.985123    1.584600    1.896079    0.996458    1.157210    2.062570
Iteration: 877 bestvalit: 90.395000 bestmemit:    0.317283    0.005007    0.013080    0.095773    0.750602    0.187277    0.091740    0.245969    0.118309    0.144260    0.082548    0.487179    4.378294    0.027548    0.000772    0.003272    5.868435    5.287654    1.087878    1.985123    1.584600    1.896079    0.996458    1.157210    2.062570
Iteration: 878 bestvalit: 90.395000 bestmemit:    0.317283    0.005007    0.013080    0.095773    0.750602    0.187277    0.091740    0.245969    0.118309    0.144260    0.082548    0.487179    4.378294    0.027548    0.000772    0.003272    5.868435    5.287654    1.087878    1.985123    1.584600    1.896079    0.996458    1.157210    2.062570
Iteration: 879 bestvalit: 90.395000 bestmemit:    0.317283    0.005007    0.013080    0.095773    0.750602    0.187277    0.091740    0.245969    0.118309    0.144260    0.082548    0.487179    4.378294    0.027548    0.000772    0.003272    5.868435    5.287654    1.087878    1.985123    1.584600    1.896079    0.996458    1.157210    2.062570
Iteration: 880 bestvalit: 90.395000 bestmemit:    0.317283    0.005007    0.013080    0.095773    0.750602    0.187277    0.091740    0.245969    0.118309    0.144260    0.082548    0.487179    4.378294    0.027548    0.000772    0.003272    5.868435    5.287654    1.087878    1.985123    1.584600    1.896079    0.996458    1.157210    2.062570
Iteration: 881 bestvalit: 90.395000 bestmemit:    0.317283    0.005007    0.013080    0.095773    0.750602    0.187277    0.091740    0.245969    0.118309    0.144260    0.082548    0.487179    4.378294    0.027548    0.000772    0.003272    5.868435    5.287654    1.087878    1.985123    1.584600    1.896079    0.996458    1.157210    2.062570
Iteration: 882 bestvalit: 90.395000 bestmemit:    0.317283    0.005007    0.013080    0.095773    0.750602    0.187277    0.091740    0.245969    0.118309    0.144260    0.082548    0.487179    4.378294    0.027548    0.000772    0.003272    5.868435    5.287654    1.087878    1.985123    1.584600    1.896079    0.996458    1.157210    2.062570
Iteration: 883 bestvalit: 90.395000 bestmemit:    0.317283    0.005007    0.013080    0.095773    0.750602    0.187277    0.091740    0.245969    0.118309    0.144260    0.082548    0.487179    4.378294    0.027548    0.000772    0.003272    5.868435    5.287654    1.087878    1.985123    1.584600    1.896079    0.996458    1.157210    2.062570
Iteration: 884 bestvalit: 90.395000 bestmemit:    0.317283    0.005007    0.013080    0.095773    0.750602    0.187277    0.091740    0.245969    0.118309    0.144260    0.082548    0.487179    4.378294    0.027548    0.000772    0.003272    5.868435    5.287654    1.087878    1.985123    1.584600    1.896079    0.996458    1.157210    2.062570
Iteration: 885 bestvalit: 90.395000 bestmemit:    0.317283    0.005007    0.013080    0.095773    0.750602    0.187277    0.091740    0.245969    0.118309    0.144260    0.082548    0.487179    4.378294    0.027548    0.000772    0.003272    5.868435    5.287654    1.087878    1.985123    1.584600    1.896079    0.996458    1.157210    2.062570
Iteration: 886 bestvalit: 90.395000 bestmemit:    0.317283    0.005007    0.013080    0.095773    0.750602    0.187277    0.091740    0.245969    0.118309    0.144260    0.082548    0.487179    4.378294    0.027548    0.000772    0.003272    5.868435    5.287654    1.087878    1.985123    1.584600    1.896079    0.996458    1.157210    2.062570
Iteration: 887 bestvalit: 90.395000 bestmemit:    0.317283    0.005007    0.013080    0.095773    0.750602    0.187277    0.091740    0.245969    0.118309    0.144260    0.082548    0.487179    4.378294    0.027548    0.000772    0.003272    5.868435    5.287654    1.087878    1.985123    1.584600    1.896079    0.996458    1.157210    2.062570
Iteration: 888 bestvalit: 90.395000 bestmemit:    0.317283    0.005007    0.013080    0.095773    0.750602    0.187277    0.091740    0.245969    0.118309    0.144260    0.082548    0.487179    4.378294    0.027548    0.000772    0.003272    5.868435    5.287654    1.087878    1.985123    1.584600    1.896079    0.996458    1.157210    2.062570
Iteration: 889 bestvalit: 90.395000 bestmemit:    0.317283    0.005007    0.013080    0.095773    0.750602    0.187277    0.091740    0.245969    0.118309    0.144260    0.082548    0.487179    4.378294    0.027548    0.000772    0.003272    5.868435    5.287654    1.087878    1.985123    1.584600    1.896079    0.996458    1.157210    2.062570
Iteration: 890 bestvalit: 90.395000 bestmemit:    0.317283    0.005007    0.013080    0.095773    0.750602    0.187277    0.091740    0.245969    0.118309    0.144260    0.082548    0.487179    4.378294    0.027548    0.000772    0.003272    5.868435    5.287654    1.087878    1.985123    1.584600    1.896079    0.996458    1.157210    2.062570
Iteration: 891 bestvalit: 90.395000 bestmemit:    0.317283    0.005007    0.013080    0.095773    0.750602    0.187277    0.091740    0.245969    0.118309    0.144260    0.082548    0.487179    4.378294    0.027548    0.000772    0.003272    5.868435    5.287654    1.087878    1.985123    1.584600    1.896079    0.996458    1.157210    2.062570
Iteration: 892 bestvalit: 90.395000 bestmemit:    0.317283    0.005007    0.013080    0.095773    0.750602    0.187277    0.091740    0.245969    0.118309    0.144260    0.082548    0.487179    4.378294    0.027548    0.000772    0.003272    5.868435    5.287654    1.087878    1.985123    1.584600    1.896079    0.996458    1.157210    2.062570
Iteration: 893 bestvalit: 90.395000 bestmemit:    0.317283    0.005007    0.013080    0.095773    0.750602    0.187277    0.091740    0.245969    0.118309    0.144260    0.082548    0.487179    4.378294    0.027548    0.000772    0.003272    5.868435    5.287654    1.087878    1.985123    1.584600    1.896079    0.996458    1.157210    2.062570
Iteration: 894 bestvalit: 90.395000 bestmemit:    0.317283    0.005007    0.013080    0.095773    0.750602    0.187277    0.091740    0.245969    0.118309    0.144260    0.082548    0.487179    4.378294    0.027548    0.000772    0.003272    5.868435    5.287654    1.087878    1.985123    1.584600    1.896079    0.996458    1.157210    2.062570
Iteration: 895 bestvalit: 90.395000 bestmemit:    0.317283    0.005007    0.013080    0.095773    0.750602    0.187277    0.091740    0.245969    0.118309    0.144260    0.082548    0.487179    4.378294    0.027548    0.000772    0.003272    5.868435    5.287654    1.087878    1.985123    1.584600    1.896079    0.996458    1.157210    2.062570
Iteration: 896 bestvalit: 90.395000 bestmemit:    0.317283    0.005007    0.013080    0.095773    0.750602    0.187277    0.091740    0.245969    0.118309    0.144260    0.082548    0.487179    4.378294    0.027548    0.000772    0.003272    5.868435    5.287654    1.087878    1.985123    1.584600    1.896079    0.996458    1.157210    2.062570
Iteration: 897 bestvalit: 90.395000 bestmemit:    0.317283    0.005007    0.013080    0.095773    0.750602    0.187277    0.091740    0.245969    0.118309    0.144260    0.082548    0.487179    4.378294    0.027548    0.000772    0.003272    5.868435    5.287654    1.087878    1.985123    1.584600    1.896079    0.996458    1.157210    2.062570
Iteration: 898 bestvalit: 90.395000 bestmemit:    0.317283    0.005007    0.013080    0.095773    0.750602    0.187277    0.091740    0.245969    0.118309    0.144260    0.082548    0.487179    4.378294    0.027548    0.000772    0.003272    5.868435    5.287654    1.087878    1.985123    1.584600    1.896079    0.996458    1.157210    2.062570
Iteration: 899 bestvalit: 90.395000 bestmemit:    0.317283    0.005007    0.013080    0.095773    0.750602    0.187277    0.091740    0.245969    0.118309    0.144260    0.082548    0.487179    4.378294    0.027548    0.000772    0.003272    5.868435    5.287654    1.087878    1.985123    1.584600    1.896079    0.996458    1.157210    2.062570
Iteration: 900 bestvalit: 90.395000 bestmemit:    0.317283    0.005007    0.013080    0.095773    0.750602    0.187277    0.091740    0.245969    0.118309    0.144260    0.082548    0.487179    4.378294    0.027548    0.000772    0.003272    5.868435    5.287654    1.087878    1.985123    1.584600    1.896079    0.996458    1.157210    2.062570
Iteration: 901 bestvalit: 90.395000 bestmemit:    0.317283    0.005007    0.013080    0.095773    0.750602    0.187277    0.091740    0.245969    0.118309    0.144260    0.082548    0.487179    4.378294    0.027548    0.000772    0.003272    5.868435    5.287654    1.087878    1.985123    1.584600    1.896079    0.996458    1.157210    2.062570
Iteration: 902 bestvalit: 90.395000 bestmemit:    0.317283    0.005007    0.013080    0.095773    0.750602    0.187277    0.091740    0.245969    0.118309    0.144260    0.082548    0.487179    4.378294    0.027548    0.000772    0.003272    5.868435    5.287654    1.087878    1.985123    1.584600    1.896079    0.996458    1.157210    2.062570
Iteration: 903 bestvalit: 90.395000 bestmemit:    0.317283    0.005007    0.013080    0.095773    0.750602    0.187277    0.091740    0.245969    0.118309    0.144260    0.082548    0.487179    4.378294    0.027548    0.000772    0.003272    5.868435    5.287654    1.087878    1.985123    1.584600    1.896079    0.996458    1.157210    2.062570
Iteration: 904 bestvalit: 90.395000 bestmemit:    0.317283    0.005007    0.013080    0.095773    0.750602    0.187277    0.091740    0.245969    0.118309    0.144260    0.082548    0.487179    4.378294    0.027548    0.000772    0.003272    5.868435    5.287654    1.087878    1.985123    1.584600    1.896079    0.996458    1.157210    2.062570
Iteration: 905 bestvalit: 90.395000 bestmemit:    0.317283    0.005007    0.013080    0.095773    0.750602    0.187277    0.091740    0.245969    0.118309    0.144260    0.082548    0.487179    4.378294    0.027548    0.000772    0.003272    5.868435    5.287654    1.087878    1.985123    1.584600    1.896079    0.996458    1.157210    2.062570
Iteration: 906 bestvalit: 90.395000 bestmemit:    0.317283    0.005007    0.013080    0.095773    0.750602    0.187277    0.091740    0.245969    0.118309    0.144260    0.082548    0.487179    4.378294    0.027548    0.000772    0.003272    5.868435    5.287654    1.087878    1.985123    1.584600    1.896079    0.996458    1.157210    2.062570
Iteration: 907 bestvalit: 90.395000 bestmemit:    0.317283    0.005007    0.013080    0.095773    0.750602    0.187277    0.091740    0.245969    0.118309    0.144260    0.082548    0.487179    4.378294    0.027548    0.000772    0.003272    5.868435    5.287654    1.087878    1.985123    1.584600    1.896079    0.996458    1.157210    2.062570
Iteration: 908 bestvalit: 90.395000 bestmemit:    0.317283    0.005007    0.013080    0.095773    0.750602    0.187277    0.091740    0.245969    0.118309    0.144260    0.082548    0.487179    4.378294    0.027548    0.000772    0.003272    5.868435    5.287654    1.087878    1.985123    1.584600    1.896079    0.996458    1.157210    2.062570
Iteration: 909 bestvalit: 90.395000 bestmemit:    0.317283    0.005007    0.013080    0.095773    0.750602    0.187277    0.091740    0.245969    0.118309    0.144260    0.082548    0.487179    4.378294    0.027548    0.000772    0.003272    5.868435    5.287654    1.087878    1.985123    1.584600    1.896079    0.996458    1.157210    2.062570
Iteration: 910 bestvalit: 90.395000 bestmemit:    0.317283    0.005007    0.013080    0.095773    0.750602    0.187277    0.091740    0.245969    0.118309    0.144260    0.082548    0.487179    4.378294    0.027548    0.000772    0.003272    5.868435    5.287654    1.087878    1.985123    1.584600    1.896079    0.996458    1.157210    2.062570
Iteration: 911 bestvalit: 90.395000 bestmemit:    0.317283    0.005007    0.013080    0.095773    0.750602    0.187277    0.091740    0.245969    0.118309    0.144260    0.082548    0.487179    4.378294    0.027548    0.000772    0.003272    5.868435    5.287654    1.087878    1.985123    1.584600    1.896079    0.996458    1.157210    2.062570
Iteration: 912 bestvalit: 90.395000 bestmemit:    0.317283    0.005007    0.013080    0.095773    0.750602    0.187277    0.091740    0.245969    0.118309    0.144260    0.082548    0.487179    4.378294    0.027548    0.000772    0.003272    5.868435    5.287654    1.087878    1.985123    1.584600    1.896079    0.996458    1.157210    2.062570
Iteration: 913 bestvalit: 90.395000 bestmemit:    0.317283    0.005007    0.013080    0.095773    0.750602    0.187277    0.091740    0.245969    0.118309    0.144260    0.082548    0.487179    4.378294    0.027548    0.000772    0.003272    5.868435    5.287654    1.087878    1.985123    1.584600    1.896079    0.996458    1.157210    2.062570
Iteration: 914 bestvalit: 90.395000 bestmemit:    0.317283    0.005007    0.013080    0.095773    0.750602    0.187277    0.091740    0.245969    0.118309    0.144260    0.082548    0.487179    4.378294    0.027548    0.000772    0.003272    5.868435    5.287654    1.087878    1.985123    1.584600    1.896079    0.996458    1.157210    2.062570
Iteration: 915 bestvalit: 90.395000 bestmemit:    0.317283    0.005007    0.013080    0.095773    0.750602    0.187277    0.091740    0.245969    0.118309    0.144260    0.082548    0.487179    4.378294    0.027548    0.000772    0.003272    5.868435    5.287654    1.087878    1.985123    1.584600    1.896079    0.996458    1.157210    2.062570
Iteration: 916 bestvalit: 90.395000 bestmemit:    0.317283    0.005007    0.013080    0.095773    0.750602    0.187277    0.091740    0.245969    0.118309    0.144260    0.082548    0.487179    4.378294    0.027548    0.000772    0.003272    5.868435    5.287654    1.087878    1.985123    1.584600    1.896079    0.996458    1.157210    2.062570
Iteration: 917 bestvalit: 90.395000 bestmemit:    0.317283    0.005007    0.013080    0.095773    0.750602    0.187277    0.091740    0.245969    0.118309    0.144260    0.082548    0.487179    4.378294    0.027548    0.000772    0.003272    5.868435    5.287654    1.087878    1.985123    1.584600    1.896079    0.996458    1.157210    2.062570
Iteration: 918 bestvalit: 90.390000 bestmemit:    0.317283    0.005007    0.013080    0.095773    0.750602    0.187277    0.091740    0.245969    0.118309    0.144260    0.082548    0.487179    4.378294    0.027548    0.000772    0.003272    5.868435    5.329164    1.087878    1.985123    1.584600    1.896079    0.996458    1.157210    2.062570
Iteration: 919 bestvalit: 90.390000 bestmemit:    0.317283    0.005007    0.013080    0.095773    0.750602    0.187277    0.091740    0.245969    0.118309    0.144260    0.082548    0.487179    4.378294    0.027548    0.000772    0.003272    5.868435    5.329164    1.087878    1.985123    1.584600    1.896079    0.996458    1.157210    2.062570
Iteration: 920 bestvalit: 90.390000 bestmemit:    0.317283    0.005007    0.013080    0.095773    0.750602    0.187277    0.091740    0.245969    0.118309    0.144260    0.082548    0.487179    4.378294    0.027548    0.000772    0.003272    5.868435    5.329164    1.087878    1.985123    1.584600    1.896079    0.996458    1.157210    2.062570
Iteration: 921 bestvalit: 90.390000 bestmemit:    0.317283    0.005007    0.013080    0.095773    0.750602    0.187277    0.091740    0.245969    0.118309    0.144260    0.082548    0.487179    4.378294    0.027548    0.000772    0.003272    5.868435    5.329164    1.087878    1.985123    1.584600    1.896079    0.996458    1.157210    2.062570
Iteration: 922 bestvalit: 90.390000 bestmemit:    0.317283    0.005007    0.013080    0.095773    0.750602    0.187277    0.091740    0.245969    0.118309    0.144260    0.082548    0.487179    4.378294    0.027548    0.000772    0.003272    5.868435    5.329164    1.087878    1.985123    1.584600    1.896079    0.996458    1.157210    2.062570
Iteration: 923 bestvalit: 90.390000 bestmemit:    0.317283    0.005007    0.013080    0.095773    0.750602    0.187277    0.091740    0.245969    0.118309    0.144260    0.082548    0.487179    4.378294    0.027548    0.000772    0.003272    5.868435    5.329164    1.087878    1.985123    1.584600    1.896079    0.996458    1.157210    2.062570
Iteration: 924 bestvalit: 90.390000 bestmemit:    0.317283    0.005007    0.013080    0.095773    0.750602    0.187277    0.091740    0.245969    0.118309    0.144260    0.082548    0.487179    4.378294    0.027548    0.000772    0.003272    5.868435    5.329164    1.087878    1.985123    1.584600    1.896079    0.996458    1.157210    2.062570
Iteration: 925 bestvalit: 90.390000 bestmemit:    0.317283    0.005007    0.013080    0.095773    0.750602    0.187277    0.091740    0.245969    0.118309    0.144260    0.082548    0.487179    4.378294    0.027548    0.000772    0.003272    5.868435    5.329164    1.087878    1.985123    1.584600    1.896079    0.996458    1.157210    2.062570
Iteration: 926 bestvalit: 90.390000 bestmemit:    0.317283    0.005007    0.013080    0.095773    0.750602    0.187277    0.091740    0.245969    0.118309    0.144260    0.082548    0.487179    4.378294    0.027548    0.000772    0.003272    5.868435    5.329164    1.087878    1.985123    1.584600    1.896079    0.996458    1.157210    2.062570
Iteration: 927 bestvalit: 90.390000 bestmemit:    0.317283    0.005007    0.013080    0.095773    0.750602    0.187277    0.091740    0.245969    0.118309    0.144260    0.082548    0.487179    4.378294    0.027548    0.000772    0.003272    5.868435    5.329164    1.087878    1.985123    1.584600    1.896079    0.996458    1.157210    2.062570
Iteration: 928 bestvalit: 90.390000 bestmemit:    0.317283    0.005007    0.013080    0.095773    0.750602    0.187277    0.091740    0.245969    0.118309    0.144260    0.082548    0.487179    4.378294    0.027548    0.000772    0.003272    5.868435    5.329164    1.087878    1.985123    1.584600    1.896079    0.996458    1.157210    2.062570
Iteration: 929 bestvalit: 90.390000 bestmemit:    0.317283    0.005007    0.013080    0.095773    0.750602    0.187277    0.091740    0.245969    0.118309    0.144260    0.082548    0.487179    4.378294    0.027548    0.000772    0.003272    5.868435    5.329164    1.087878    1.985123    1.584600    1.896079    0.996458    1.157210    2.062570
Iteration: 930 bestvalit: 90.390000 bestmemit:    0.317283    0.005007    0.013080    0.095773    0.750602    0.187277    0.091740    0.245969    0.118309    0.144260    0.082548    0.487179    4.378294    0.027548    0.000772    0.003272    5.868435    5.329164    1.087878    1.985123    1.584600    1.896079    0.996458    1.157210    2.062570
Iteration: 931 bestvalit: 90.390000 bestmemit:    0.317283    0.005007    0.013080    0.095773    0.750602    0.187277    0.091740    0.245969    0.118309    0.144260    0.082548    0.487179    4.378294    0.027548    0.000772    0.003272    5.868435    5.329164    1.087878    1.985123    1.584600    1.896079    0.996458    1.157210    2.062570
Iteration: 932 bestvalit: 90.390000 bestmemit:    0.317283    0.005007    0.013080    0.095773    0.750602    0.187277    0.091740    0.245969    0.118309    0.144260    0.082548    0.487179    4.378294    0.027548    0.000772    0.003272    5.868435    5.329164    1.087878    1.985123    1.584600    1.896079    0.996458    1.157210    2.062570
Iteration: 933 bestvalit: 90.390000 bestmemit:    0.317283    0.005007    0.013080    0.095773    0.750602    0.187277    0.091740    0.245969    0.118309    0.144260    0.082548    0.487179    4.378294    0.027548    0.000772    0.003272    5.868435    5.329164    1.087878    1.985123    1.584600    1.896079    0.996458    1.157210    2.062570
Iteration: 934 bestvalit: 90.390000 bestmemit:    0.317283    0.005007    0.013080    0.095773    0.750602    0.187277    0.091740    0.245969    0.118309    0.144260    0.082548    0.487179    4.378294    0.027548    0.000772    0.003272    5.868435    5.329164    1.087878    1.985123    1.584600    1.896079    0.996458    1.157210    2.062570
Iteration: 935 bestvalit: 90.390000 bestmemit:    0.317283    0.005007    0.013080    0.095773    0.750602    0.187277    0.091740    0.245969    0.118309    0.144260    0.082548    0.487179    4.378294    0.027548    0.000772    0.003272    5.868435    5.329164    1.087878    1.985123    1.584600    1.896079    0.996458    1.157210    2.062570
Iteration: 936 bestvalit: 90.390000 bestmemit:    0.317283    0.005007    0.013080    0.095773    0.750602    0.187277    0.091740    0.245969    0.118309    0.144260    0.082548    0.487179    4.378294    0.027548    0.000772    0.003272    5.868435    5.329164    1.087878    1.985123    1.584600    1.896079    0.996458    1.157210    2.062570
Iteration: 937 bestvalit: 90.390000 bestmemit:    0.317283    0.005007    0.013080    0.095773    0.750602    0.187277    0.091740    0.245969    0.118309    0.144260    0.082548    0.487179    4.378294    0.027548    0.000772    0.003272    5.868435    5.329164    1.087878    1.985123    1.584600    1.896079    0.996458    1.157210    2.062570
Iteration: 938 bestvalit: 90.390000 bestmemit:    0.317283    0.005007    0.013080    0.095773    0.750602    0.187277    0.091740    0.245969    0.118309    0.144260    0.082548    0.487179    4.378294    0.027548    0.000772    0.003272    5.868435    5.329164    1.087878    1.985123    1.584600    1.896079    0.996458    1.157210    2.062570
Iteration: 939 bestvalit: 90.390000 bestmemit:    0.317283    0.005007    0.013080    0.095773    0.750602    0.187277    0.091740    0.245969    0.118309    0.144260    0.082548    0.487179    4.378294    0.027548    0.000772    0.003272    5.868435    5.329164    1.087878    1.985123    1.584600    1.896079    0.996458    1.157210    2.062570
Iteration: 940 bestvalit: 90.390000 bestmemit:    0.317283    0.005007    0.013080    0.095773    0.750602    0.187277    0.091740    0.245969    0.118309    0.144260    0.082548    0.487179    4.378294    0.027548    0.000772    0.003272    5.868435    5.329164    1.087878    1.985123    1.584600    1.896079    0.996458    1.157210    2.062570
Iteration: 941 bestvalit: 90.390000 bestmemit:    0.317283    0.005007    0.013080    0.095773    0.750602    0.187277    0.091740    0.245969    0.118309    0.144260    0.082548    0.487179    4.378294    0.027548    0.000772    0.003272    5.868435    5.329164    1.087878    1.985123    1.584600    1.896079    0.996458    1.157210    2.062570
Iteration: 942 bestvalit: 90.390000 bestmemit:    0.317283    0.005007    0.013080    0.095773    0.750602    0.187277    0.091740    0.245969    0.118309    0.144260    0.082548    0.487179    4.378294    0.027548    0.000772    0.003272    5.868435    5.329164    1.087878    1.985123    1.584600    1.896079    0.996458    1.157210    2.062570
Iteration: 943 bestvalit: 90.390000 bestmemit:    0.317283    0.005007    0.013080    0.095773    0.750602    0.187277    0.091740    0.245969    0.118309    0.144260    0.082548    0.487179    4.378294    0.027548    0.000772    0.003272    5.868435    5.329164    1.087878    1.985123    1.584600    1.896079    0.996458    1.157210    2.062570
Iteration: 944 bestvalit: 90.390000 bestmemit:    0.317283    0.005007    0.013080    0.095773    0.750602    0.187277    0.091740    0.245969    0.118309    0.144260    0.082548    0.487179    4.378294    0.027548    0.000772    0.003272    5.868435    5.329164    1.087878    1.985123    1.584600    1.896079    0.996458    1.157210    2.062570
Iteration: 945 bestvalit: 90.390000 bestmemit:    0.317283    0.005007    0.013080    0.095773    0.750602    0.187277    0.091740    0.245969    0.118309    0.144260    0.082548    0.487179    4.378294    0.027548    0.000772    0.003272    5.868435    5.329164    1.087878    1.985123    1.584600    1.896079    0.996458    1.157210    2.062570
Iteration: 946 bestvalit: 90.390000 bestmemit:    0.317283    0.005007    0.013080    0.095773    0.750602    0.187277    0.091740    0.245969    0.118309    0.144260    0.082548    0.487179    4.378294    0.027548    0.000772    0.003272    5.868435    5.329164    1.087878    1.985123    1.584600    1.896079    0.996458    1.157210    2.062570
Iteration: 947 bestvalit: 90.390000 bestmemit:    0.317283    0.005007    0.013080    0.095773    0.750602    0.187277    0.091740    0.245969    0.118309    0.144260    0.082548    0.487179    4.378294    0.027548    0.000772    0.003272    5.868435    5.329164    1.087878    1.985123    1.584600    1.896079    0.996458    1.157210    2.062570
Iteration: 948 bestvalit: 90.390000 bestmemit:    0.317283    0.005007    0.013080    0.095773    0.750602    0.187277    0.091740    0.245969    0.118309    0.144260    0.082548    0.487179    4.378294    0.027548    0.000772    0.003272    5.868435    5.329164    1.087878    1.985123    1.584600    1.896079    0.996458    1.157210    2.062570
Iteration: 949 bestvalit: 90.390000 bestmemit:    0.317283    0.005007    0.013080    0.095773    0.750602    0.187277    0.091740    0.245969    0.118309    0.144260    0.082548    0.487179    4.378294    0.027548    0.000772    0.003272    5.868435    5.329164    1.087878    1.985123    1.584600    1.896079    0.996458    1.157210    2.062570
Iteration: 950 bestvalit: 90.390000 bestmemit:    0.317283    0.005007    0.013080    0.095773    0.750602    0.187277    0.091740    0.245969    0.118309    0.144260    0.082548    0.487179    4.378294    0.027548    0.000772    0.003272    5.868435    5.329164    1.087878    1.985123    1.584600    1.896079    0.996458    1.157210    2.062570
Iteration: 951 bestvalit: 90.320000 bestmemit:    0.317283    0.005007    0.013080    0.095773    0.750602    0.187277    0.091740    0.245969    0.118309    0.144260    0.082548    0.487179    4.378294    0.027548    0.000772    0.003272    5.868435    5.329164    1.087878    1.993587    1.584600    1.896079    0.996458    1.157210    2.062570
Iteration: 952 bestvalit: 90.320000 bestmemit:    0.317283    0.005007    0.013080    0.095773    0.750602    0.187277    0.091740    0.245969    0.118309    0.144260    0.082548    0.487179    4.378294    0.027548    0.000772    0.003272    5.868435    5.329164    1.087878    1.993587    1.584600    1.896079    0.996458    1.157210    2.062570
Iteration: 953 bestvalit: 90.320000 bestmemit:    0.317283    0.005007    0.013080    0.095773    0.750602    0.187277    0.091740    0.245969    0.118309    0.144260    0.082548    0.487179    4.378294    0.027548    0.000772    0.003272    5.868435    5.329164    1.087878    1.993587    1.584600    1.896079    0.996458    1.157210    2.062570
Iteration: 954 bestvalit: 90.320000 bestmemit:    0.317283    0.005007    0.013080    0.095773    0.750602    0.187277    0.091740    0.245969    0.118309    0.144260    0.082548    0.487179    4.378294    0.027548    0.000772    0.003272    5.868435    5.329164    1.087878    1.993587    1.584600    1.896079    0.996458    1.157210    2.062570
Iteration: 955 bestvalit: 90.320000 bestmemit:    0.317283    0.005007    0.013080    0.095773    0.750602    0.187277    0.091740    0.245969    0.118309    0.144260    0.082548    0.487179    4.378294    0.027548    0.000772    0.003272    5.868435    5.329164    1.087878    1.993587    1.584600    1.896079    0.996458    1.157210    2.062570
Iteration: 956 bestvalit: 90.320000 bestmemit:    0.317283    0.005007    0.013080    0.095773    0.750602    0.187277    0.091740    0.245969    0.118309    0.144260    0.082548    0.487179    4.378294    0.027548    0.000772    0.003272    5.868435    5.329164    1.087878    1.993587    1.584600    1.896079    0.996458    1.157210    2.062570
Iteration: 957 bestvalit: 90.320000 bestmemit:    0.317283    0.005007    0.013080    0.095773    0.750602    0.187277    0.091740    0.245969    0.118309    0.144260    0.082548    0.487179    4.378294    0.027548    0.000772    0.003272    5.868435    5.329164    1.087878    1.993587    1.584600    1.896079    0.996458    1.157210    2.062570
Iteration: 958 bestvalit: 90.320000 bestmemit:    0.317283    0.005007    0.013080    0.095773    0.750602    0.187277    0.091740    0.245969    0.118309    0.144260    0.082548    0.487179    4.378294    0.027548    0.000772    0.003272    5.868435    5.329164    1.087878    1.993587    1.584600    1.896079    0.996458    1.157210    2.062570
Iteration: 959 bestvalit: 90.320000 bestmemit:    0.317283    0.005007    0.013080    0.095773    0.750602    0.187277    0.091740    0.245969    0.118309    0.144260    0.082548    0.487179    4.378294    0.027548    0.000772    0.003272    5.868435    5.329164    1.087878    1.993587    1.584600    1.896079    0.996458    1.157210    2.062570
Iteration: 960 bestvalit: 90.320000 bestmemit:    0.317283    0.005007    0.013080    0.095773    0.750602    0.187277    0.091740    0.245969    0.118309    0.144260    0.082548    0.487179    4.378294    0.027548    0.000772    0.003272    5.868435    5.329164    1.087878    1.993587    1.584600    1.896079    0.996458    1.157210    2.062570
Iteration: 961 bestvalit: 90.320000 bestmemit:    0.317283    0.005007    0.013080    0.095773    0.750602    0.187277    0.091740    0.245969    0.118309    0.144260    0.082548    0.487179    4.378294    0.027548    0.000772    0.003272    5.868435    5.329164    1.087878    1.993587    1.584600    1.896079    0.996458    1.157210    2.062570
Iteration: 962 bestvalit: 90.320000 bestmemit:    0.317283    0.005007    0.013080    0.095773    0.750602    0.187277    0.091740    0.245969    0.118309    0.144260    0.082548    0.487179    4.378294    0.027548    0.000772    0.003272    5.868435    5.329164    1.087878    1.993587    1.584600    1.896079    0.996458    1.157210    2.062570
Iteration: 963 bestvalit: 90.320000 bestmemit:    0.317283    0.005007    0.013080    0.095773    0.750602    0.187277    0.091740    0.245969    0.118309    0.144260    0.082548    0.487179    4.378294    0.027548    0.000772    0.003272    5.868435    5.329164    1.087878    1.993587    1.584600    1.896079    0.996458    1.157210    2.062570
Iteration: 964 bestvalit: 90.320000 bestmemit:    0.317283    0.005007    0.013080    0.095773    0.750602    0.187277    0.091740    0.245969    0.118309    0.144260    0.082548    0.487179    4.378294    0.027548    0.000772    0.003272    5.868435    5.329164    1.087878    1.993587    1.584600    1.896079    0.996458    1.157210    2.062570
Iteration: 965 bestvalit: 90.320000 bestmemit:    0.317283    0.005007    0.013080    0.095773    0.750602    0.187277    0.091740    0.245969    0.118309    0.144260    0.082548    0.487179    4.378294    0.027548    0.000772    0.003272    5.868435    5.329164    1.087878    1.993587    1.584600    1.896079    0.996458    1.157210    2.062570
Iteration: 966 bestvalit: 90.320000 bestmemit:    0.317283    0.005007    0.013080    0.095773    0.750602    0.187277    0.091740    0.245969    0.118309    0.144260    0.082548    0.487179    4.378294    0.027548    0.000772    0.003272    5.868435    5.329164    1.087878    1.993587    1.584600    1.896079    0.996458    1.157210    2.062570
Iteration: 967 bestvalit: 90.320000 bestmemit:    0.317283    0.005007    0.013080    0.095773    0.750602    0.187277    0.091740    0.245969    0.118309    0.144260    0.082548    0.487179    4.378294    0.027548    0.000772    0.003272    5.868435    5.329164    1.087878    1.993587    1.584600    1.896079    0.996458    1.157210    2.062570
Iteration: 968 bestvalit: 90.320000 bestmemit:    0.317283    0.005007    0.013080    0.095773    0.750602    0.187277    0.091740    0.245969    0.118309    0.144260    0.082548    0.487179    4.378294    0.027548    0.000772    0.003272    5.868435    5.329164    1.087878    1.993587    1.584600    1.896079    0.996458    1.157210    2.062570
Iteration: 969 bestvalit: 90.320000 bestmemit:    0.317283    0.005007    0.013080    0.095773    0.750602    0.187277    0.091740    0.245969    0.118309    0.144260    0.082548    0.487179    4.378294    0.027548    0.000772    0.003272    5.868435    5.329164    1.087878    1.993587    1.584600    1.896079    0.996458    1.157210    2.062570
Iteration: 970 bestvalit: 90.320000 bestmemit:    0.317283    0.005007    0.013080    0.095773    0.750602    0.187277    0.091740    0.245969    0.118309    0.144260    0.082548    0.487179    4.378294    0.027548    0.000772    0.003272    5.868435    5.329164    1.087878    1.993587    1.584600    1.896079    0.996458    1.157210    2.062570
Iteration: 971 bestvalit: 90.010000 bestmemit:    0.317283    0.005007    0.013080    0.095773    0.750602    0.187277    0.091740    0.245969    0.118309    0.144260    0.082548    0.487179    4.378294    0.027548    0.000772    0.003272    5.868435    5.329164    1.049071    1.993587    1.584600    1.896079    0.996458    1.157210    2.062570
Iteration: 972 bestvalit: 90.010000 bestmemit:    0.317283    0.005007    0.013080    0.095773    0.750602    0.187277    0.091740    0.245969    0.118309    0.144260    0.082548    0.487179    4.378294    0.027548    0.000772    0.003272    5.868435    5.329164    1.049071    1.993587    1.584600    1.896079    0.996458    1.157210    2.062570
Iteration: 973 bestvalit: 90.010000 bestmemit:    0.317283    0.005007    0.013080    0.095773    0.750602    0.187277    0.091740    0.245969    0.118309    0.144260    0.082548    0.487179    4.378294    0.027548    0.000772    0.003272    5.868435    5.329164    1.049071    1.993587    1.584600    1.896079    0.996458    1.157210    2.062570
Iteration: 974 bestvalit: 90.010000 bestmemit:    0.317283    0.005007    0.013080    0.095773    0.750602    0.187277    0.091740    0.245969    0.118309    0.144260    0.082548    0.487179    4.378294    0.027548    0.000772    0.003272    5.868435    5.329164    1.049071    1.993587    1.584600    1.896079    0.996458    1.157210    2.062570
Iteration: 975 bestvalit: 89.990000 bestmemit:    0.316160    0.005007    0.013080    0.095773    0.750602    0.187277    0.091740    0.245969    0.118309    0.144260    0.082548    0.487179    4.378294    0.027548    0.000772    0.003272    5.868435    5.329164    1.049071    1.993587    1.584600    1.896079    0.996458    1.157210    2.062570
Iteration: 976 bestvalit: 89.990000 bestmemit:    0.316160    0.005007    0.013080    0.095773    0.750602    0.187277    0.091740    0.245969    0.118309    0.144260    0.082548    0.487179    4.378294    0.027548    0.000772    0.003272    5.868435    5.329164    1.049071    1.993587    1.584600    1.896079    0.996458    1.157210    2.062570
Iteration: 977 bestvalit: 89.990000 bestmemit:    0.316160    0.005007    0.013080    0.095773    0.750602    0.187277    0.091740    0.245969    0.118309    0.144260    0.082548    0.487179    4.378294    0.027548    0.000772    0.003272    5.868435    5.329164    1.049071    1.993587    1.584600    1.896079    0.996458    1.157210    2.062570
Iteration: 978 bestvalit: 89.990000 bestmemit:    0.316160    0.005007    0.013080    0.095773    0.750602    0.187277    0.091740    0.245969    0.118309    0.144260    0.082548    0.487179    4.378294    0.027548    0.000772    0.003272    5.868435    5.329164    1.049071    1.993587    1.584600    1.896079    0.996458    1.157210    2.062570
Iteration: 979 bestvalit: 89.990000 bestmemit:    0.316160    0.005007    0.013080    0.095773    0.750602    0.187277    0.091740    0.245969    0.118309    0.144260    0.082548    0.487179    4.378294    0.027548    0.000772    0.003272    5.868435    5.329164    1.049071    1.993587    1.584600    1.896079    0.996458    1.157210    2.062570
Iteration: 980 bestvalit: 89.990000 bestmemit:    0.316160    0.005007    0.013080    0.095773    0.750602    0.187277    0.091740    0.245969    0.118309    0.144260    0.082548    0.487179    4.378294    0.027548    0.000772    0.003272    5.868435    5.329164    1.049071    1.993587    1.584600    1.896079    0.996458    1.157210    2.062570
Iteration: 981 bestvalit: 89.990000 bestmemit:    0.316160    0.005007    0.013080    0.095773    0.750602    0.187277    0.091740    0.245969    0.118309    0.144260    0.082548    0.487179    4.378294    0.027548    0.000772    0.003272    5.868435    5.329164    1.049071    1.993587    1.584600    1.896079    0.996458    1.157210    2.062570
Iteration: 982 bestvalit: 89.990000 bestmemit:    0.316160    0.005007    0.013080    0.095773    0.750602    0.187277    0.091740    0.245969    0.118309    0.144260    0.082548    0.487179    4.378294    0.027548    0.000772    0.003272    5.868435    5.329164    1.049071    1.993587    1.584600    1.896079    0.996458    1.157210    2.062570
Iteration: 983 bestvalit: 89.990000 bestmemit:    0.316160    0.005007    0.013080    0.095773    0.750602    0.187277    0.091740    0.245969    0.118309    0.144260    0.082548    0.487179    4.378294    0.027548    0.000772    0.003272    5.868435    5.329164    1.049071    1.993587    1.584600    1.896079    0.996458    1.157210    2.062570
Iteration: 984 bestvalit: 89.990000 bestmemit:    0.316160    0.005007    0.013080    0.095773    0.750602    0.187277    0.091740    0.245969    0.118309    0.144260    0.082548    0.487179    4.378294    0.027548    0.000772    0.003272    5.868435    5.329164    1.049071    1.993587    1.584600    1.896079    0.996458    1.157210    2.062570
Iteration: 985 bestvalit: 89.990000 bestmemit:    0.316160    0.005007    0.013080    0.095773    0.750602    0.187277    0.091740    0.245969    0.118309    0.144260    0.082548    0.487179    4.378294    0.027548    0.000772    0.003272    5.868435    5.329164    1.049071    1.993587    1.584600    1.896079    0.996458    1.157210    2.062570
Iteration: 986 bestvalit: 89.990000 bestmemit:    0.316160    0.005007    0.013080    0.095773    0.750602    0.187277    0.091740    0.245969    0.118309    0.144260    0.082548    0.487179    4.378294    0.027548    0.000772    0.003272    5.868435    5.329164    1.049071    1.993587    1.584600    1.896079    0.996458    1.157210    2.062570
Iteration: 987 bestvalit: 89.990000 bestmemit:    0.316160    0.005007    0.013080    0.095773    0.750602    0.187277    0.091740    0.245969    0.118309    0.144260    0.082548    0.487179    4.378294    0.027548    0.000772    0.003272    5.868435    5.329164    1.049071    1.993587    1.584600    1.896079    0.996458    1.157210    2.062570
Iteration: 988 bestvalit: 89.990000 bestmemit:    0.316160    0.005007    0.013080    0.095773    0.750602    0.187277    0.091740    0.245969    0.118309    0.144260    0.082548    0.487179    4.378294    0.027548    0.000772    0.003272    5.868435    5.329164    1.049071    1.993587    1.584600    1.896079    0.996458    1.157210    2.062570
Iteration: 989 bestvalit: 89.990000 bestmemit:    0.316160    0.005007    0.013080    0.095773    0.750602    0.187277    0.091740    0.245969    0.118309    0.144260    0.082548    0.487179    4.378294    0.027548    0.000772    0.003272    5.868435    5.329164    1.049071    1.993587    1.584600    1.896079    0.996458    1.157210    2.062570
Iteration: 990 bestvalit: 89.990000 bestmemit:    0.316160    0.005007    0.013080    0.095773    0.750602    0.187277    0.091740    0.245969    0.118309    0.144260    0.082548    0.487179    4.378294    0.027548    0.000772    0.003272    5.868435    5.329164    1.049071    1.993587    1.584600    1.896079    0.996458    1.157210    2.062570
Iteration: 991 bestvalit: 89.990000 bestmemit:    0.316160    0.005007    0.013080    0.095773    0.750602    0.187277    0.091740    0.245969    0.118309    0.144260    0.082548    0.487179    4.378294    0.027548    0.000772    0.003272    5.868435    5.329164    1.049071    1.993587    1.584600    1.896079    0.996458    1.157210    2.062570
Iteration: 992 bestvalit: 89.990000 bestmemit:    0.316160    0.005007    0.013080    0.095773    0.750602    0.187277    0.091740    0.245969    0.118309    0.144260    0.082548    0.487179    4.378294    0.027548    0.000772    0.003272    5.868435    5.329164    1.049071    1.993587    1.584600    1.896079    0.996458    1.157210    2.062570
Iteration: 993 bestvalit: 89.990000 bestmemit:    0.316160    0.005007    0.013080    0.095773    0.750602    0.187277    0.091740    0.245969    0.118309    0.144260    0.082548    0.487179    4.378294    0.027548    0.000772    0.003272    5.868435    5.329164    1.049071    1.993587    1.584600    1.896079    0.996458    1.157210    2.062570
Iteration: 994 bestvalit: 89.990000 bestmemit:    0.316160    0.005007    0.013080    0.095773    0.750602    0.187277    0.091740    0.245969    0.118309    0.144260    0.082548    0.487179    4.378294    0.027548    0.000772    0.003272    5.868435    5.329164    1.049071    1.993587    1.584600    1.896079    0.996458    1.157210    2.062570
Iteration: 995 bestvalit: 89.990000 bestmemit:    0.316160    0.005007    0.013080    0.095773    0.750602    0.187277    0.091740    0.245969    0.118309    0.144260    0.082548    0.487179    4.378294    0.027548    0.000772    0.003272    5.868435    5.329164    1.049071    1.993587    1.584600    1.896079    0.996458    1.157210    2.062570
Iteration: 996 bestvalit: 89.990000 bestmemit:    0.316160    0.005007    0.013080    0.095773    0.750602    0.187277    0.091740    0.245969    0.118309    0.144260    0.082548    0.487179    4.378294    0.027548    0.000772    0.003272    5.868435    5.329164    1.049071    1.993587    1.584600    1.896079    0.996458    1.157210    2.062570
Iteration: 997 bestvalit: 89.990000 bestmemit:    0.316160    0.005007    0.013080    0.095773    0.750602    0.187277    0.091740    0.245969    0.118309    0.144260    0.082548    0.487179    4.378294    0.027548    0.000772    0.003272    5.868435    5.329164    1.049071    1.993587    1.584600    1.896079    0.996458    1.157210    2.062570
Iteration: 998 bestvalit: 89.990000 bestmemit:    0.316160    0.005007    0.013080    0.095773    0.750602    0.187277    0.091740    0.245969    0.118309    0.144260    0.082548    0.487179    4.378294    0.027548    0.000772    0.003272    5.868435    5.329164    1.049071    1.993587    1.584600    1.896079    0.996458    1.157210    2.062570
Iteration: 999 bestvalit: 89.990000 bestmemit:    0.316160    0.005007    0.013080    0.095773    0.750602    0.187277    0.091740    0.245969    0.118309    0.144260    0.082548    0.487179    4.378294    0.027548    0.000772    0.003272    5.868435    5.329164    1.049071    1.993587    1.584600    1.896079    0.996458    1.157210    2.062570
Iteration: 1000 bestvalit: 89.990000 bestmemit:    0.316160    0.005007    0.013080    0.095773    0.750602    0.187277    0.091740    0.245969    0.118309    0.144260    0.082548    0.487179    4.378294    0.027548    0.000772    0.003272    5.868435    5.329164    1.049071    1.993587    1.584600    1.896079    0.996458    1.157210    2.062570
        par1         par2         par3         par4         par5         par6         par7         par8         par9        par10        par11 
0.3161600983 0.0050066898 0.0130803827 0.0957733895 0.7506015408 0.1872774655 0.0917404145 0.2459686460 0.1183091566 0.1442600163 0.0825479352 
       par12        par13        par14        par15        par16        par17        par18        par19        par20        par21        par22 
0.4871792507 4.3782936394 0.0275482470 0.0007721498 0.0032718070 5.8684350876 5.3291643440 1.0490708981 1.9935865363 1.5845997973 1.8960792066 
       par23        par24        par25 
0.9964578468 1.1572100310 2.0625699858 
