Iteration: 1 bestvalit: 287.755000 bestmemit:    0.342727    0.006090    0.024135    0.073915    0.742339    0.219095    0.203056    0.064503    0.020643    0.448016    0.111198    0.114272    1.413397    0.099653    0.003071    0.089421    9.262063    5.434086    1.685181    1.841060    1.812840    1.917419    0.473887    0.917137    1.886991
Iteration: 2 bestvalit: 285.710000 bestmemit:    0.342727    0.006090    0.024135    0.073915    0.742339    0.219095    0.203056    0.064503    0.020643    0.448016    0.111198    0.193474    1.413397    0.099653    0.003071    0.089421    9.262063    5.434086    1.685181    1.841060    1.812840    1.917419    0.473887    0.917137    1.886991
Iteration: 3 bestvalit: 243.450000 bestmemit:    0.288063    0.011737    0.066279    0.063135    0.526194    0.339405    0.484039    0.346769    0.237379    0.397774    0.489950    0.314310    0.184700    0.080332    0.084561    0.024266    7.415600    9.824359    1.367191    1.920152    1.948408    1.886477    0.884162    0.822462    2.125709
Iteration: 4 bestvalit: 243.450000 bestmemit:    0.288063    0.011737    0.066279    0.063135    0.526194    0.339405    0.484039    0.346769    0.237379    0.397774    0.489950    0.314310    0.184700    0.080332    0.084561    0.024266    7.415600    9.824359    1.367191    1.920152    1.948408    1.886477    0.884162    0.822462    2.125709
Iteration: 5 bestvalit: 243.450000 bestmemit:    0.288063    0.011737    0.066279    0.063135    0.526194    0.339405    0.484039    0.346769    0.237379    0.397774    0.489950    0.314310    0.184700    0.080332    0.084561    0.024266    7.415600    9.824359    1.367191    1.920152    1.948408    1.886477    0.884162    0.822462    2.125709
Iteration: 6 bestvalit: 243.450000 bestmemit:    0.288063    0.011737    0.066279    0.063135    0.526194    0.339405    0.484039    0.346769    0.237379    0.397774    0.489950    0.314310    0.184700    0.080332    0.084561    0.024266    7.415600    9.824359    1.367191    1.920152    1.948408    1.886477    0.884162    0.822462    2.125709
Iteration: 7 bestvalit: 243.450000 bestmemit:    0.288063    0.011737    0.066279    0.063135    0.526194    0.339405    0.484039    0.346769    0.237379    0.397774    0.489950    0.314310    0.184700    0.080332    0.084561    0.024266    7.415600    9.824359    1.367191    1.920152    1.948408    1.886477    0.884162    0.822462    2.125709
Iteration: 8 bestvalit: 243.450000 bestmemit:    0.288063    0.011737    0.066279    0.063135    0.526194    0.339405    0.484039    0.346769    0.237379    0.397774    0.489950    0.314310    0.184700    0.080332    0.084561    0.024266    7.415600    9.824359    1.367191    1.920152    1.948408    1.886477    0.884162    0.822462    2.125709
Iteration: 9 bestvalit: 243.450000 bestmemit:    0.288063    0.011737    0.066279    0.063135    0.526194    0.339405    0.484039    0.346769    0.237379    0.397774    0.489950    0.314310    0.184700    0.080332    0.084561    0.024266    7.415600    9.824359    1.367191    1.920152    1.948408    1.886477    0.884162    0.822462    2.125709
Iteration: 10 bestvalit: 243.450000 bestmemit:    0.288063    0.011737    0.066279    0.063135    0.526194    0.339405    0.484039    0.346769    0.237379    0.397774    0.489950    0.314310    0.184700    0.080332    0.084561    0.024266    7.415600    9.824359    1.367191    1.920152    1.948408    1.886477    0.884162    0.822462    2.125709
Iteration: 11 bestvalit: 230.250000 bestmemit:    0.279275    0.052748    0.060871    0.044407    0.752858    0.444567    0.108168    0.387337    0.372540    0.488616    0.275111    0.276812    0.741221    0.058054    0.005185    0.059483    8.032430    7.650799    1.773258    1.692176    1.818893    1.862521    0.963091    0.939820    1.908254
Iteration: 12 bestvalit: 226.935000 bestmemit:    0.279275    0.052748    0.060871    0.044407    0.752858    0.444567    0.108168    0.387337    0.372540    0.488616    0.275111    0.276812    0.741221    0.058054    0.005185    0.059483    8.032430    7.650799    1.773258    1.692176    1.818893    1.862521    0.963091    0.939820    1.850275
Iteration: 13 bestvalit: 181.330000 bestmemit:    0.279275    0.052748    0.060871    0.044407    0.752858    0.444567    0.108168    0.387337    0.372540    0.488616    0.275111    0.276812    0.741221    0.058054    0.005185    0.059483    8.032430    7.650799    1.773258    1.912346    1.818893    1.862521    0.963091    0.939820    1.850275
Iteration: 14 bestvalit: 167.625000 bestmemit:    0.279275    0.052748    0.060871    0.044407    0.752858    0.444567    0.108168    0.387337    0.372540    0.488616    0.275111    0.276812    0.741221    0.058054    0.005185    0.059483    9.858932    7.077087    1.773258    1.912346    1.818893    1.862521    0.963091    0.939820    1.850275
Iteration: 15 bestvalit: 161.670000 bestmemit:    0.279275    0.052748    0.060871    0.044407    0.752858    0.444567    0.108168    0.387337    0.372540    0.488616    0.275111    0.276812    0.741221    0.058054    0.005185    0.059483    9.858932    7.077087    1.773258    1.912346    1.818893    1.862521    0.563717    0.939820    1.850275
Iteration: 16 bestvalit: 161.670000 bestmemit:    0.279275    0.052748    0.060871    0.044407    0.752858    0.444567    0.108168    0.387337    0.372540    0.488616    0.275111    0.276812    0.741221    0.058054    0.005185    0.059483    9.858932    7.077087    1.773258    1.912346    1.818893    1.862521    0.563717    0.939820    1.850275
Iteration: 17 bestvalit: 161.670000 bestmemit:    0.279275    0.052748    0.060871    0.044407    0.752858    0.444567    0.108168    0.387337    0.372540    0.488616    0.275111    0.276812    0.741221    0.058054    0.005185    0.059483    9.858932    7.077087    1.773258    1.912346    1.818893    1.862521    0.563717    0.939820    1.850275
Iteration: 18 bestvalit: 161.670000 bestmemit:    0.279275    0.052748    0.060871    0.044407    0.752858    0.444567    0.108168    0.387337    0.372540    0.488616    0.275111    0.276812    0.741221    0.058054    0.005185    0.059483    9.858932    7.077087    1.773258    1.912346    1.818893    1.862521    0.563717    0.939820    1.850275
Iteration: 19 bestvalit: 161.670000 bestmemit:    0.279275    0.052748    0.060871    0.044407    0.752858    0.444567    0.108168    0.387337    0.372540    0.488616    0.275111    0.276812    0.741221    0.058054    0.005185    0.059483    9.858932    7.077087    1.773258    1.912346    1.818893    1.862521    0.563717    0.939820    1.850275
Iteration: 20 bestvalit: 161.670000 bestmemit:    0.279275    0.052748    0.060871    0.044407    0.752858    0.444567    0.108168    0.387337    0.372540    0.488616    0.275111    0.276812    0.741221    0.058054    0.005185    0.059483    9.858932    7.077087    1.773258    1.912346    1.818893    1.862521    0.563717    0.939820    1.850275
Iteration: 21 bestvalit: 161.670000 bestmemit:    0.279275    0.052748    0.060871    0.044407    0.752858    0.444567    0.108168    0.387337    0.372540    0.488616    0.275111    0.276812    0.741221    0.058054    0.005185    0.059483    9.858932    7.077087    1.773258    1.912346    1.818893    1.862521    0.563717    0.939820    1.850275
Iteration: 22 bestvalit: 161.670000 bestmemit:    0.279275    0.052748    0.060871    0.044407    0.752858    0.444567    0.108168    0.387337    0.372540    0.488616    0.275111    0.276812    0.741221    0.058054    0.005185    0.059483    9.858932    7.077087    1.773258    1.912346    1.818893    1.862521    0.563717    0.939820    1.850275
Iteration: 23 bestvalit: 161.670000 bestmemit:    0.279275    0.052748    0.060871    0.044407    0.752858    0.444567    0.108168    0.387337    0.372540    0.488616    0.275111    0.276812    0.741221    0.058054    0.005185    0.059483    9.858932    7.077087    1.773258    1.912346    1.818893    1.862521    0.563717    0.939820    1.850275
Iteration: 24 bestvalit: 132.070000 bestmemit:    0.287213    0.012601    0.038271    0.053776    0.976184    0.243962    0.063216    0.232926    0.148862    0.679427    0.156464    0.355764    1.505826    0.040315    0.004265    0.056747    8.043568    9.306298    1.737084    1.978417    1.786799    1.610349    0.530169    0.948030    1.969563
Iteration: 25 bestvalit: 132.070000 bestmemit:    0.287213    0.012601    0.038271    0.053776    0.976184    0.243962    0.063216    0.232926    0.148862    0.679427    0.156464    0.355764    1.505826    0.040315    0.004265    0.056747    8.043568    9.306298    1.737084    1.978417    1.786799    1.610349    0.530169    0.948030    1.969563
Iteration: 26 bestvalit: 132.070000 bestmemit:    0.287213    0.012601    0.038271    0.053776    0.976184    0.243962    0.063216    0.232926    0.148862    0.679427    0.156464    0.355764    1.505826    0.040315    0.004265    0.056747    8.043568    9.306298    1.737084    1.978417    1.786799    1.610349    0.530169    0.948030    1.969563
Iteration: 27 bestvalit: 132.070000 bestmemit:    0.287213    0.012601    0.038271    0.053776    0.976184    0.243962    0.063216    0.232926    0.148862    0.679427    0.156464    0.355764    1.505826    0.040315    0.004265    0.056747    8.043568    9.306298    1.737084    1.978417    1.786799    1.610349    0.530169    0.948030    1.969563
Iteration: 28 bestvalit: 132.070000 bestmemit:    0.287213    0.012601    0.038271    0.053776    0.976184    0.243962    0.063216    0.232926    0.148862    0.679427    0.156464    0.355764    1.505826    0.040315    0.004265    0.056747    8.043568    9.306298    1.737084    1.978417    1.786799    1.610349    0.530169    0.948030    1.969563
Iteration: 29 bestvalit: 132.070000 bestmemit:    0.287213    0.012601    0.038271    0.053776    0.976184    0.243962    0.063216    0.232926    0.148862    0.679427    0.156464    0.355764    1.505826    0.040315    0.004265    0.056747    8.043568    9.306298    1.737084    1.978417    1.786799    1.610349    0.530169    0.948030    1.969563
Iteration: 30 bestvalit: 131.930000 bestmemit:    0.305181    0.025597    0.077982    0.017292    0.299415    0.405422    0.234497    0.010422    0.111525    0.134357    0.226376    0.356090    1.394679    0.022977    0.004776    0.052234    6.250267    7.990457    1.533926    1.920683    1.866218    1.838691    0.645451    1.022236    1.908687
Iteration: 31 bestvalit: 131.930000 bestmemit:    0.305181    0.025597    0.077982    0.017292    0.299415    0.405422    0.234497    0.010422    0.111525    0.134357    0.226376    0.356090    1.394679    0.022977    0.004776    0.052234    6.250267    7.990457    1.533926    1.920683    1.866218    1.838691    0.645451    1.022236    1.908687
Iteration: 32 bestvalit: 131.505000 bestmemit:    0.299554    0.012601    0.038271    0.053776    0.976184    0.243962    0.063216    0.232926    0.148862    0.679427    0.156464    0.360329    1.505826    0.040315    0.004265    0.056747    8.043568    9.306298    1.737084    1.978417    1.786799    1.610349    0.530169    0.948030    1.969563
Iteration: 33 bestvalit: 131.505000 bestmemit:    0.299554    0.012601    0.038271    0.053776    0.976184    0.243962    0.063216    0.232926    0.148862    0.679427    0.156464    0.360329    1.505826    0.040315    0.004265    0.056747    8.043568    9.306298    1.737084    1.978417    1.786799    1.610349    0.530169    0.948030    1.969563
Iteration: 34 bestvalit: 131.505000 bestmemit:    0.299554    0.012601    0.038271    0.053776    0.976184    0.243962    0.063216    0.232926    0.148862    0.679427    0.156464    0.360329    1.505826    0.040315    0.004265    0.056747    8.043568    9.306298    1.737084    1.978417    1.786799    1.610349    0.530169    0.948030    1.969563
Iteration: 35 bestvalit: 113.620000 bestmemit:    0.305181    0.025597    0.077982    0.017292    0.299415    0.405422    0.234497    0.010422    0.111525    0.134357    0.197147    0.356090    1.394679    0.022977    0.004776    0.052234    6.250267    7.990457    1.533926    1.920683    1.866218    1.838691    0.645451    1.022236    1.908687
Iteration: 36 bestvalit: 113.620000 bestmemit:    0.305181    0.025597    0.077982    0.017292    0.299415    0.405422    0.234497    0.010422    0.111525    0.134357    0.197147    0.356090    1.394679    0.022977    0.004776    0.052234    6.250267    7.990457    1.533926    1.920683    1.866218    1.838691    0.645451    1.022236    1.908687
Iteration: 37 bestvalit: 113.620000 bestmemit:    0.305181    0.025597    0.077982    0.017292    0.299415    0.405422    0.234497    0.010422    0.111525    0.134357    0.197147    0.356090    1.394679    0.022977    0.004776    0.052234    6.250267    7.990457    1.533926    1.920683    1.866218    1.838691    0.645451    1.022236    1.908687
Iteration: 38 bestvalit: 102.290000 bestmemit:    0.288063    0.011737    0.066279    0.063135    0.526194    0.339405    0.484039    0.346769    0.282158    0.464717    0.330719    0.463932    0.184700    0.080332    0.011550    0.031852    9.843188    9.824359    1.367191    1.920152    1.948408    1.987023    0.884162    0.822462    1.893511
Iteration: 39 bestvalit: 102.290000 bestmemit:    0.288063    0.011737    0.066279    0.063135    0.526194    0.339405    0.484039    0.346769    0.282158    0.464717    0.330719    0.463932    0.184700    0.080332    0.011550    0.031852    9.843188    9.824359    1.367191    1.920152    1.948408    1.987023    0.884162    0.822462    1.893511
Iteration: 40 bestvalit: 102.290000 bestmemit:    0.288063    0.011737    0.066279    0.063135    0.526194    0.339405    0.484039    0.346769    0.282158    0.464717    0.330719    0.463932    0.184700    0.080332    0.011550    0.031852    9.843188    9.824359    1.367191    1.920152    1.948408    1.987023    0.884162    0.822462    1.893511
Iteration: 41 bestvalit: 102.290000 bestmemit:    0.288063    0.011737    0.066279    0.063135    0.526194    0.339405    0.484039    0.346769    0.282158    0.464717    0.330719    0.463932    0.184700    0.080332    0.011550    0.031852    9.843188    9.824359    1.367191    1.920152    1.948408    1.987023    0.884162    0.822462    1.893511
Iteration: 42 bestvalit: 102.290000 bestmemit:    0.288063    0.011737    0.066279    0.063135    0.526194    0.339405    0.484039    0.346769    0.282158    0.464717    0.330719    0.463932    0.184700    0.080332    0.011550    0.031852    9.843188    9.824359    1.367191    1.920152    1.948408    1.987023    0.884162    0.822462    1.893511
Iteration: 43 bestvalit: 102.290000 bestmemit:    0.288063    0.011737    0.066279    0.063135    0.526194    0.339405    0.484039    0.346769    0.282158    0.464717    0.330719    0.463932    0.184700    0.080332    0.011550    0.031852    9.843188    9.824359    1.367191    1.920152    1.948408    1.987023    0.884162    0.822462    1.893511
Iteration: 44 bestvalit: 102.290000 bestmemit:    0.288063    0.011737    0.066279    0.063135    0.526194    0.339405    0.484039    0.346769    0.282158    0.464717    0.330719    0.463932    0.184700    0.080332    0.011550    0.031852    9.843188    9.824359    1.367191    1.920152    1.948408    1.987023    0.884162    0.822462    1.893511
Iteration: 45 bestvalit: 102.290000 bestmemit:    0.288063    0.011737    0.066279    0.063135    0.526194    0.339405    0.484039    0.346769    0.282158    0.464717    0.330719    0.463932    0.184700    0.080332    0.011550    0.031852    9.843188    9.824359    1.367191    1.920152    1.948408    1.987023    0.884162    0.822462    1.893511
Iteration: 46 bestvalit: 102.290000 bestmemit:    0.288063    0.011737    0.066279    0.063135    0.526194    0.339405    0.484039    0.346769    0.282158    0.464717    0.330719    0.463932    0.184700    0.080332    0.011550    0.031852    9.843188    9.824359    1.367191    1.920152    1.948408    1.987023    0.884162    0.822462    1.893511
Iteration: 47 bestvalit: 102.290000 bestmemit:    0.288063    0.011737    0.066279    0.063135    0.526194    0.339405    0.484039    0.346769    0.282158    0.464717    0.330719    0.463932    0.184700    0.080332    0.011550    0.031852    9.843188    9.824359    1.367191    1.920152    1.948408    1.987023    0.884162    0.822462    1.893511
Iteration: 48 bestvalit: 102.290000 bestmemit:    0.288063    0.011737    0.066279    0.063135    0.526194    0.339405    0.484039    0.346769    0.282158    0.464717    0.330719    0.463932    0.184700    0.080332    0.011550    0.031852    9.843188    9.824359    1.367191    1.920152    1.948408    1.987023    0.884162    0.822462    1.893511
Iteration: 49 bestvalit: 102.290000 bestmemit:    0.288063    0.011737    0.066279    0.063135    0.526194    0.339405    0.484039    0.346769    0.282158    0.464717    0.330719    0.463932    0.184700    0.080332    0.011550    0.031852    9.843188    9.824359    1.367191    1.920152    1.948408    1.987023    0.884162    0.822462    1.893511
Iteration: 50 bestvalit: 102.290000 bestmemit:    0.288063    0.011737    0.066279    0.063135    0.526194    0.339405    0.484039    0.346769    0.282158    0.464717    0.330719    0.463932    0.184700    0.080332    0.011550    0.031852    9.843188    9.824359    1.367191    1.920152    1.948408    1.987023    0.884162    0.822462    1.893511
Iteration: 51 bestvalit: 102.290000 bestmemit:    0.288063    0.011737    0.066279    0.063135    0.526194    0.339405    0.484039    0.346769    0.282158    0.464717    0.330719    0.463932    0.184700    0.080332    0.011550    0.031852    9.843188    9.824359    1.367191    1.920152    1.948408    1.987023    0.884162    0.822462    1.893511
Iteration: 52 bestvalit: 102.290000 bestmemit:    0.288063    0.011737    0.066279    0.063135    0.526194    0.339405    0.484039    0.346769    0.282158    0.464717    0.330719    0.463932    0.184700    0.080332    0.011550    0.031852    9.843188    9.824359    1.367191    1.920152    1.948408    1.987023    0.884162    0.822462    1.893511
Iteration: 53 bestvalit: 102.290000 bestmemit:    0.288063    0.011737    0.066279    0.063135    0.526194    0.339405    0.484039    0.346769    0.282158    0.464717    0.330719    0.463932    0.184700    0.080332    0.011550    0.031852    9.843188    9.824359    1.367191    1.920152    1.948408    1.987023    0.884162    0.822462    1.893511
Iteration: 54 bestvalit: 102.290000 bestmemit:    0.288063    0.011737    0.066279    0.063135    0.526194    0.339405    0.484039    0.346769    0.282158    0.464717    0.330719    0.463932    0.184700    0.080332    0.011550    0.031852    9.843188    9.824359    1.367191    1.920152    1.948408    1.987023    0.884162    0.822462    1.893511
Iteration: 55 bestvalit: 102.290000 bestmemit:    0.288063    0.011737    0.066279    0.063135    0.526194    0.339405    0.484039    0.346769    0.282158    0.464717    0.330719    0.463932    0.184700    0.080332    0.011550    0.031852    9.843188    9.824359    1.367191    1.920152    1.948408    1.987023    0.884162    0.822462    1.893511
Iteration: 56 bestvalit: 102.290000 bestmemit:    0.288063    0.011737    0.066279    0.063135    0.526194    0.339405    0.484039    0.346769    0.282158    0.464717    0.330719    0.463932    0.184700    0.080332    0.011550    0.031852    9.843188    9.824359    1.367191    1.920152    1.948408    1.987023    0.884162    0.822462    1.893511
Iteration: 57 bestvalit: 96.300000 bestmemit:    0.319756    0.018718    0.067756    0.077786    0.459889    0.334279    0.317513    0.255828    0.375701    0.470582    0.343972    0.283963    2.502857    0.032792    0.025466    0.002866    8.953039    9.261801    1.412902    1.808230    1.986142    1.692459    0.930209    1.033926    1.843653
Iteration: 58 bestvalit: 96.300000 bestmemit:    0.319756    0.018718    0.067756    0.077786    0.459889    0.334279    0.317513    0.255828    0.375701    0.470582    0.343972    0.283963    2.502857    0.032792    0.025466    0.002866    8.953039    9.261801    1.412902    1.808230    1.986142    1.692459    0.930209    1.033926    1.843653
Iteration: 59 bestvalit: 96.300000 bestmemit:    0.319756    0.018718    0.067756    0.077786    0.459889    0.334279    0.317513    0.255828    0.375701    0.470582    0.343972    0.283963    2.502857    0.032792    0.025466    0.002866    8.953039    9.261801    1.412902    1.808230    1.986142    1.692459    0.930209    1.033926    1.843653
Iteration: 60 bestvalit: 96.300000 bestmemit:    0.319756    0.018718    0.067756    0.077786    0.459889    0.334279    0.317513    0.255828    0.375701    0.470582    0.343972    0.283963    2.502857    0.032792    0.025466    0.002866    8.953039    9.261801    1.412902    1.808230    1.986142    1.692459    0.930209    1.033926    1.843653
Iteration: 61 bestvalit: 93.590000 bestmemit:    0.288063    0.011737    0.066279    0.072073    0.526194    0.339405    0.484039    0.346769    0.459758    0.464717    0.330719    0.463932    0.184700    0.080332    0.011550    0.031852    9.843188    9.824359    1.367191    1.920152    1.948408    1.987023    0.884162    0.822462    1.893511
Iteration: 62 bestvalit: 93.590000 bestmemit:    0.288063    0.011737    0.066279    0.072073    0.526194    0.339405    0.484039    0.346769    0.459758    0.464717    0.330719    0.463932    0.184700    0.080332    0.011550    0.031852    9.843188    9.824359    1.367191    1.920152    1.948408    1.987023    0.884162    0.822462    1.893511
Iteration: 63 bestvalit: 93.590000 bestmemit:    0.288063    0.011737    0.066279    0.072073    0.526194    0.339405    0.484039    0.346769    0.459758    0.464717    0.330719    0.463932    0.184700    0.080332    0.011550    0.031852    9.843188    9.824359    1.367191    1.920152    1.948408    1.987023    0.884162    0.822462    1.893511
Iteration: 64 bestvalit: 93.590000 bestmemit:    0.288063    0.011737    0.066279    0.072073    0.526194    0.339405    0.484039    0.346769    0.459758    0.464717    0.330719    0.463932    0.184700    0.080332    0.011550    0.031852    9.843188    9.824359    1.367191    1.920152    1.948408    1.987023    0.884162    0.822462    1.893511
Iteration: 65 bestvalit: 93.590000 bestmemit:    0.288063    0.011737    0.066279    0.072073    0.526194    0.339405    0.484039    0.346769    0.459758    0.464717    0.330719    0.463932    0.184700    0.080332    0.011550    0.031852    9.843188    9.824359    1.367191    1.920152    1.948408    1.987023    0.884162    0.822462    1.893511
Iteration: 66 bestvalit: 93.590000 bestmemit:    0.288063    0.011737    0.066279    0.072073    0.526194    0.339405    0.484039    0.346769    0.459758    0.464717    0.330719    0.463932    0.184700    0.080332    0.011550    0.031852    9.843188    9.824359    1.367191    1.920152    1.948408    1.987023    0.884162    0.822462    1.893511
Iteration: 67 bestvalit: 93.590000 bestmemit:    0.288063    0.011737    0.066279    0.072073    0.526194    0.339405    0.484039    0.346769    0.459758    0.464717    0.330719    0.463932    0.184700    0.080332    0.011550    0.031852    9.843188    9.824359    1.367191    1.920152    1.948408    1.987023    0.884162    0.822462    1.893511
Iteration: 68 bestvalit: 93.590000 bestmemit:    0.288063    0.011737    0.066279    0.072073    0.526194    0.339405    0.484039    0.346769    0.459758    0.464717    0.330719    0.463932    0.184700    0.080332    0.011550    0.031852    9.843188    9.824359    1.367191    1.920152    1.948408    1.987023    0.884162    0.822462    1.893511
Iteration: 69 bestvalit: 93.590000 bestmemit:    0.288063    0.011737    0.066279    0.072073    0.526194    0.339405    0.484039    0.346769    0.459758    0.464717    0.330719    0.463932    0.184700    0.080332    0.011550    0.031852    9.843188    9.824359    1.367191    1.920152    1.948408    1.987023    0.884162    0.822462    1.893511
Iteration: 70 bestvalit: 93.580000 bestmemit:    0.319756    0.018718    0.071909    0.077786    0.226213    0.334279    0.317513    0.255828    0.375701    0.470582    0.343972    0.283963    2.502857    0.032792    0.025466    0.002866    8.953039    9.261801    1.412902    1.808230    1.986142    1.692459    0.930209    1.033926    1.843653
Iteration: 71 bestvalit: 93.580000 bestmemit:    0.319756    0.018718    0.071909    0.077786    0.226213    0.334279    0.317513    0.255828    0.375701    0.470582    0.343972    0.283963    2.502857    0.032792    0.025466    0.002866    8.953039    9.261801    1.412902    1.808230    1.986142    1.692459    0.930209    1.033926    1.843653
Iteration: 72 bestvalit: 93.580000 bestmemit:    0.319756    0.018718    0.071909    0.077786    0.226213    0.334279    0.317513    0.255828    0.375701    0.470582    0.343972    0.283963    2.502857    0.032792    0.025466    0.002866    8.953039    9.261801    1.412902    1.808230    1.986142    1.692459    0.930209    1.033926    1.843653
Iteration: 73 bestvalit: 93.580000 bestmemit:    0.319756    0.018718    0.071909    0.077786    0.226213    0.334279    0.317513    0.255828    0.375701    0.470582    0.343972    0.283963    2.502857    0.032792    0.025466    0.002866    8.953039    9.261801    1.412902    1.808230    1.986142    1.692459    0.930209    1.033926    1.843653
Iteration: 74 bestvalit: 93.580000 bestmemit:    0.319756    0.018718    0.071909    0.077786    0.226213    0.334279    0.317513    0.255828    0.375701    0.470582    0.343972    0.283963    2.502857    0.032792    0.025466    0.002866    8.953039    9.261801    1.412902    1.808230    1.986142    1.692459    0.930209    1.033926    1.843653
Iteration: 75 bestvalit: 93.580000 bestmemit:    0.319756    0.018718    0.071909    0.077786    0.226213    0.334279    0.317513    0.255828    0.375701    0.470582    0.343972    0.283963    2.502857    0.032792    0.025466    0.002866    8.953039    9.261801    1.412902    1.808230    1.986142    1.692459    0.930209    1.033926    1.843653
Iteration: 76 bestvalit: 93.580000 bestmemit:    0.319756    0.018718    0.071909    0.077786    0.226213    0.334279    0.317513    0.255828    0.375701    0.470582    0.343972    0.283963    2.502857    0.032792    0.025466    0.002866    8.953039    9.261801    1.412902    1.808230    1.986142    1.692459    0.930209    1.033926    1.843653
Iteration: 77 bestvalit: 93.580000 bestmemit:    0.319756    0.018718    0.071909    0.077786    0.226213    0.334279    0.317513    0.255828    0.375701    0.470582    0.343972    0.283963    2.502857    0.032792    0.025466    0.002866    8.953039    9.261801    1.412902    1.808230    1.986142    1.692459    0.930209    1.033926    1.843653
Iteration: 78 bestvalit: 93.580000 bestmemit:    0.319756    0.018718    0.071909    0.077786    0.226213    0.334279    0.317513    0.255828    0.375701    0.470582    0.343972    0.283963    2.502857    0.032792    0.025466    0.002866    8.953039    9.261801    1.412902    1.808230    1.986142    1.692459    0.930209    1.033926    1.843653
Iteration: 79 bestvalit: 93.580000 bestmemit:    0.319756    0.018718    0.071909    0.077786    0.226213    0.334279    0.317513    0.255828    0.375701    0.470582    0.343972    0.283963    2.502857    0.032792    0.025466    0.002866    8.953039    9.261801    1.412902    1.808230    1.986142    1.692459    0.930209    1.033926    1.843653
Iteration: 80 bestvalit: 93.580000 bestmemit:    0.319756    0.018718    0.071909    0.077786    0.226213    0.334279    0.317513    0.255828    0.375701    0.470582    0.343972    0.283963    2.502857    0.032792    0.025466    0.002866    8.953039    9.261801    1.412902    1.808230    1.986142    1.692459    0.930209    1.033926    1.843653
Iteration: 81 bestvalit: 93.580000 bestmemit:    0.319756    0.018718    0.071909    0.077786    0.226213    0.334279    0.317513    0.255828    0.375701    0.470582    0.343972    0.283963    2.502857    0.032792    0.025466    0.002866    8.953039    9.261801    1.412902    1.808230    1.986142    1.692459    0.930209    1.033926    1.843653
Iteration: 82 bestvalit: 87.875000 bestmemit:    0.288063    0.011737    0.066279    0.072073    0.526194    0.339405    0.484039    0.346769    0.459758    0.464717    0.383899    0.463932    0.184700    0.080332    0.011550    0.031852    9.843188    9.824359    1.367191    1.920152    1.948408    1.987023    0.884162    0.822462    1.893511
Iteration: 83 bestvalit: 87.875000 bestmemit:    0.288063    0.011737    0.066279    0.072073    0.526194    0.339405    0.484039    0.346769    0.459758    0.464717    0.383899    0.463932    0.184700    0.080332    0.011550    0.031852    9.843188    9.824359    1.367191    1.920152    1.948408    1.987023    0.884162    0.822462    1.893511
Iteration: 84 bestvalit: 87.875000 bestmemit:    0.288063    0.011737    0.066279    0.072073    0.526194    0.339405    0.484039    0.346769    0.459758    0.464717    0.383899    0.463932    0.184700    0.080332    0.011550    0.031852    9.843188    9.824359    1.367191    1.920152    1.948408    1.987023    0.884162    0.822462    1.893511
Iteration: 85 bestvalit: 87.875000 bestmemit:    0.288063    0.011737    0.066279    0.072073    0.526194    0.339405    0.484039    0.346769    0.459758    0.464717    0.383899    0.463932    0.184700    0.080332    0.011550    0.031852    9.843188    9.824359    1.367191    1.920152    1.948408    1.987023    0.884162    0.822462    1.893511
Iteration: 86 bestvalit: 87.875000 bestmemit:    0.288063    0.011737    0.066279    0.072073    0.526194    0.339405    0.484039    0.346769    0.459758    0.464717    0.383899    0.463932    0.184700    0.080332    0.011550    0.031852    9.843188    9.824359    1.367191    1.920152    1.948408    1.987023    0.884162    0.822462    1.893511
Iteration: 87 bestvalit: 87.875000 bestmemit:    0.288063    0.011737    0.066279    0.072073    0.526194    0.339405    0.484039    0.346769    0.459758    0.464717    0.383899    0.463932    0.184700    0.080332    0.011550    0.031852    9.843188    9.824359    1.367191    1.920152    1.948408    1.987023    0.884162    0.822462    1.893511
Iteration: 88 bestvalit: 87.875000 bestmemit:    0.288063    0.011737    0.066279    0.072073    0.526194    0.339405    0.484039    0.346769    0.459758    0.464717    0.383899    0.463932    0.184700    0.080332    0.011550    0.031852    9.843188    9.824359    1.367191    1.920152    1.948408    1.987023    0.884162    0.822462    1.893511
Iteration: 89 bestvalit: 80.775000 bestmemit:    0.282041    0.026505    0.037704    0.098902    0.604232    0.450489    0.297302    0.332050    0.478325    0.423332    0.461705    0.227190    1.198112    0.033637    0.007706    0.007633    6.977130    9.628691    1.903495    1.917314    1.995014    1.911225    0.952239    1.120816    1.943777
Iteration: 90 bestvalit: 80.775000 bestmemit:    0.282041    0.026505    0.037704    0.098902    0.604232    0.450489    0.297302    0.332050    0.478325    0.423332    0.461705    0.227190    1.198112    0.033637    0.007706    0.007633    6.977130    9.628691    1.903495    1.917314    1.995014    1.911225    0.952239    1.120816    1.943777
Iteration: 91 bestvalit: 80.775000 bestmemit:    0.282041    0.026505    0.037704    0.098902    0.604232    0.450489    0.297302    0.332050    0.478325    0.423332    0.461705    0.227190    1.198112    0.033637    0.007706    0.007633    6.977130    9.628691    1.903495    1.917314    1.995014    1.911225    0.952239    1.120816    1.943777
Iteration: 92 bestvalit: 80.775000 bestmemit:    0.282041    0.026505    0.037704    0.098902    0.604232    0.450489    0.297302    0.332050    0.478325    0.423332    0.461705    0.227190    1.198112    0.033637    0.007706    0.007633    6.977130    9.628691    1.903495    1.917314    1.995014    1.911225    0.952239    1.120816    1.943777
Iteration: 93 bestvalit: 80.445000 bestmemit:    0.280566    0.026505    0.037704    0.098902    0.604232    0.450489    0.297302    0.332050    0.478325    0.423332    0.461705    0.227190    1.198112    0.033637    0.007706    0.007633    6.977130    9.628691    1.903495    1.917314    1.995014    1.911225    0.952239    1.120816    1.943777
Iteration: 94 bestvalit: 80.445000 bestmemit:    0.280566    0.026505    0.037704    0.098902    0.604232    0.450489    0.297302    0.332050    0.478325    0.423332    0.461705    0.227190    1.198112    0.033637    0.007706    0.007633    6.977130    9.628691    1.903495    1.917314    1.995014    1.911225    0.952239    1.120816    1.943777
Iteration: 95 bestvalit: 80.445000 bestmemit:    0.280566    0.026505    0.037704    0.098902    0.604232    0.450489    0.297302    0.332050    0.478325    0.423332    0.461705    0.227190    1.198112    0.033637    0.007706    0.007633    6.977130    9.628691    1.903495    1.917314    1.995014    1.911225    0.952239    1.120816    1.943777
Iteration: 96 bestvalit: 80.445000 bestmemit:    0.280566    0.026505    0.037704    0.098902    0.604232    0.450489    0.297302    0.332050    0.478325    0.423332    0.461705    0.227190    1.198112    0.033637    0.007706    0.007633    6.977130    9.628691    1.903495    1.917314    1.995014    1.911225    0.952239    1.120816    1.943777
Iteration: 97 bestvalit: 80.445000 bestmemit:    0.280566    0.026505    0.037704    0.098902    0.604232    0.450489    0.297302    0.332050    0.478325    0.423332    0.461705    0.227190    1.198112    0.033637    0.007706    0.007633    6.977130    9.628691    1.903495    1.917314    1.995014    1.911225    0.952239    1.120816    1.943777
Iteration: 98 bestvalit: 80.445000 bestmemit:    0.280566    0.026505    0.037704    0.098902    0.604232    0.450489    0.297302    0.332050    0.478325    0.423332    0.461705    0.227190    1.198112    0.033637    0.007706    0.007633    6.977130    9.628691    1.903495    1.917314    1.995014    1.911225    0.952239    1.120816    1.943777
Iteration: 99 bestvalit: 80.445000 bestmemit:    0.280566    0.026505    0.037704    0.098902    0.604232    0.450489    0.297302    0.332050    0.478325    0.423332    0.461705    0.227190    1.198112    0.033637    0.007706    0.007633    6.977130    9.628691    1.903495    1.917314    1.995014    1.911225    0.952239    1.120816    1.943777
Iteration: 100 bestvalit: 80.445000 bestmemit:    0.280566    0.026505    0.037704    0.098902    0.604232    0.450489    0.297302    0.332050    0.478325    0.423332    0.461705    0.227190    1.198112    0.033637    0.007706    0.007633    6.977130    9.628691    1.903495    1.917314    1.995014    1.911225    0.952239    1.120816    1.943777
Iteration: 101 bestvalit: 80.445000 bestmemit:    0.280566    0.026505    0.037704    0.098902    0.604232    0.450489    0.297302    0.332050    0.478325    0.423332    0.461705    0.227190    1.198112    0.033637    0.007706    0.007633    6.977130    9.628691    1.903495    1.917314    1.995014    1.911225    0.952239    1.120816    1.943777
Iteration: 102 bestvalit: 80.445000 bestmemit:    0.280566    0.026505    0.037704    0.098902    0.604232    0.450489    0.297302    0.332050    0.478325    0.423332    0.461705    0.227190    1.198112    0.033637    0.007706    0.007633    6.977130    9.628691    1.903495    1.917314    1.995014    1.911225    0.952239    1.120816    1.943777
Iteration: 103 bestvalit: 80.445000 bestmemit:    0.280566    0.026505    0.037704    0.098902    0.604232    0.450489    0.297302    0.332050    0.478325    0.423332    0.461705    0.227190    1.198112    0.033637    0.007706    0.007633    6.977130    9.628691    1.903495    1.917314    1.995014    1.911225    0.952239    1.120816    1.943777
Iteration: 104 bestvalit: 80.445000 bestmemit:    0.280566    0.026505    0.037704    0.098902    0.604232    0.450489    0.297302    0.332050    0.478325    0.423332    0.461705    0.227190    1.198112    0.033637    0.007706    0.007633    6.977130    9.628691    1.903495    1.917314    1.995014    1.911225    0.952239    1.120816    1.943777
Iteration: 105 bestvalit: 80.445000 bestmemit:    0.280566    0.026505    0.037704    0.098902    0.604232    0.450489    0.297302    0.332050    0.478325    0.423332    0.461705    0.227190    1.198112    0.033637    0.007706    0.007633    6.977130    9.628691    1.903495    1.917314    1.995014    1.911225    0.952239    1.120816    1.943777
Iteration: 106 bestvalit: 80.445000 bestmemit:    0.280566    0.026505    0.037704    0.098902    0.604232    0.450489    0.297302    0.332050    0.478325    0.423332    0.461705    0.227190    1.198112    0.033637    0.007706    0.007633    6.977130    9.628691    1.903495    1.917314    1.995014    1.911225    0.952239    1.120816    1.943777
Iteration: 107 bestvalit: 80.445000 bestmemit:    0.280566    0.026505    0.037704    0.098902    0.604232    0.450489    0.297302    0.332050    0.478325    0.423332    0.461705    0.227190    1.198112    0.033637    0.007706    0.007633    6.977130    9.628691    1.903495    1.917314    1.995014    1.911225    0.952239    1.120816    1.943777
Iteration: 108 bestvalit: 80.220000 bestmemit:    0.280566    0.026505    0.037704    0.098902    0.604232    0.450489    0.297302    0.332050    0.478325    0.423332    0.461705    0.227190    1.198112    0.033637    0.007706    0.007633    6.977130    9.309254    1.903495    1.917314    1.995014    1.911225    0.952239    1.120816    1.943777
Iteration: 109 bestvalit: 78.580000 bestmemit:    0.299082    0.010131    0.054203    0.082647    0.309875    0.204909    0.291215    0.182480    0.265170    0.264413    0.250360    0.182968    2.705955    0.031927    0.006308    0.005482    7.020931    9.196809    1.456596    1.943699    1.860067    1.743527    0.813850    1.156100    1.958269
Iteration: 110 bestvalit: 78.580000 bestmemit:    0.299082    0.010131    0.054203    0.082647    0.309875    0.204909    0.291215    0.182480    0.265170    0.264413    0.250360    0.182968    2.705955    0.031927    0.006308    0.005482    7.020931    9.196809    1.456596    1.943699    1.860067    1.743527    0.813850    1.156100    1.958269
Iteration: 111 bestvalit: 78.580000 bestmemit:    0.299082    0.010131    0.054203    0.082647    0.309875    0.204909    0.291215    0.182480    0.265170    0.264413    0.250360    0.182968    2.705955    0.031927    0.006308    0.005482    7.020931    9.196809    1.456596    1.943699    1.860067    1.743527    0.813850    1.156100    1.958269
Iteration: 112 bestvalit: 78.580000 bestmemit:    0.299082    0.010131    0.054203    0.082647    0.309875    0.204909    0.291215    0.182480    0.265170    0.264413    0.250360    0.182968    2.705955    0.031927    0.006308    0.005482    7.020931    9.196809    1.456596    1.943699    1.860067    1.743527    0.813850    1.156100    1.958269
Iteration: 113 bestvalit: 78.580000 bestmemit:    0.299082    0.010131    0.054203    0.082647    0.309875    0.204909    0.291215    0.182480    0.265170    0.264413    0.250360    0.182968    2.705955    0.031927    0.006308    0.005482    7.020931    9.196809    1.456596    1.943699    1.860067    1.743527    0.813850    1.156100    1.958269
Iteration: 114 bestvalit: 76.925000 bestmemit:    0.271585    0.018718    0.071909    0.077786    0.226213    0.334279    0.317513    0.255828    0.375701    0.470582    0.326935    0.319301    2.502857    0.032792    0.023367    0.002866    8.953039    9.261801    1.412902    1.808230    1.986142    1.692459    0.981006    1.122953    1.843653
Iteration: 115 bestvalit: 75.940000 bestmemit:    0.271585    0.018718    0.071909    0.070464    0.557683    0.334279    0.317513    0.255828    0.375701    0.470582    0.326935    0.319301    2.502857    0.032792    0.023367    0.002866    8.953039    9.261801    1.412902    1.808230    1.986142    1.692459    0.981006    1.122953    1.843653
Iteration: 116 bestvalit: 73.620000 bestmemit:    0.271585    0.018718    0.071909    0.070464    0.557683    0.334279    0.317513    0.255828    0.375701    0.470582    0.326935    0.319301    2.502857    0.026915    0.023367    0.002866    8.953039    9.261801    1.412902    1.808230    1.986142    1.692459    0.981006    1.122953    1.843653
Iteration: 117 bestvalit: 73.620000 bestmemit:    0.271585    0.018718    0.071909    0.070464    0.557683    0.334279    0.317513    0.255828    0.375701    0.470582    0.326935    0.319301    2.502857    0.026915    0.023367    0.002866    8.953039    9.261801    1.412902    1.808230    1.986142    1.692459    0.981006    1.122953    1.843653
Iteration: 118 bestvalit: 72.670000 bestmemit:    0.271585    0.018718    0.071909    0.070464    0.557683    0.334279    0.317513    0.255828    0.375701    0.470582    0.326935    0.319301    0.761263    0.026915    0.023367    0.002866    8.953039    9.261801    1.412902    1.808230    1.986142    1.692459    0.981006    1.122953    1.843653
Iteration: 119 bestvalit: 72.105000 bestmemit:    0.271585    0.018718    0.071909    0.070464    0.557683    0.334279    0.317513    0.255828    0.375701    0.470582    0.326935    0.319301    0.761263    0.026915    0.023367    0.002866    9.829861    9.261801    1.412902    1.808230    1.986142    1.692459    0.981006    1.122953    1.843653
Iteration: 120 bestvalit: 72.105000 bestmemit:    0.271585    0.018718    0.071909    0.070464    0.557683    0.334279    0.317513    0.255828    0.375701    0.470582    0.326935    0.319301    0.761263    0.026915    0.023367    0.002866    9.829861    9.261801    1.412902    1.808230    1.986142    1.692459    0.981006    1.122953    1.843653
Iteration: 121 bestvalit: 72.105000 bestmemit:    0.271585    0.018718    0.071909    0.070464    0.557683    0.334279    0.317513    0.255828    0.375701    0.470582    0.326935    0.319301    0.761263    0.026915    0.023367    0.002866    9.829861    9.261801    1.412902    1.808230    1.986142    1.692459    0.981006    1.122953    1.843653
Iteration: 122 bestvalit: 72.105000 bestmemit:    0.271585    0.018718    0.071909    0.070464    0.557683    0.334279    0.317513    0.255828    0.375701    0.470582    0.326935    0.319301    0.761263    0.026915    0.023367    0.002866    9.829861    9.261801    1.412902    1.808230    1.986142    1.692459    0.981006    1.122953    1.843653
Iteration: 123 bestvalit: 72.105000 bestmemit:    0.271585    0.018718    0.071909    0.070464    0.557683    0.334279    0.317513    0.255828    0.375701    0.470582    0.326935    0.319301    0.761263    0.026915    0.023367    0.002866    9.829861    9.261801    1.412902    1.808230    1.986142    1.692459    0.981006    1.122953    1.843653
Iteration: 124 bestvalit: 72.105000 bestmemit:    0.271585    0.018718    0.071909    0.070464    0.557683    0.334279    0.317513    0.255828    0.375701    0.470582    0.326935    0.319301    0.761263    0.026915    0.023367    0.002866    9.829861    9.261801    1.412902    1.808230    1.986142    1.692459    0.981006    1.122953    1.843653
Iteration: 125 bestvalit: 72.105000 bestmemit:    0.271585    0.018718    0.071909    0.070464    0.557683    0.334279    0.317513    0.255828    0.375701    0.470582    0.326935    0.319301    0.761263    0.026915    0.023367    0.002866    9.829861    9.261801    1.412902    1.808230    1.986142    1.692459    0.981006    1.122953    1.843653
Iteration: 126 bestvalit: 72.105000 bestmemit:    0.271585    0.018718    0.071909    0.070464    0.557683    0.334279    0.317513    0.255828    0.375701    0.470582    0.326935    0.319301    0.761263    0.026915    0.023367    0.002866    9.829861    9.261801    1.412902    1.808230    1.986142    1.692459    0.981006    1.122953    1.843653
Iteration: 127 bestvalit: 68.980000 bestmemit:    0.271585    0.018718    0.071909    0.070464    0.557683    0.334279    0.317513    0.255828    0.375701    0.470582    0.326935    0.319301    0.761263    0.026915    0.023367    0.002866    9.829861    9.261801    1.412902    1.808230    1.986142    1.692459    0.981006    1.122953    1.880251
Iteration: 128 bestvalit: 68.980000 bestmemit:    0.271585    0.018718    0.071909    0.070464    0.557683    0.334279    0.317513    0.255828    0.375701    0.470582    0.326935    0.319301    0.761263    0.026915    0.023367    0.002866    9.829861    9.261801    1.412902    1.808230    1.986142    1.692459    0.981006    1.122953    1.880251
Iteration: 129 bestvalit: 68.980000 bestmemit:    0.271585    0.018718    0.071909    0.070464    0.557683    0.334279    0.317513    0.255828    0.375701    0.470582    0.326935    0.319301    0.761263    0.026915    0.023367    0.002866    9.829861    9.261801    1.412902    1.808230    1.986142    1.692459    0.981006    1.122953    1.880251
Iteration: 130 bestvalit: 68.980000 bestmemit:    0.271585    0.018718    0.071909    0.070464    0.557683    0.334279    0.317513    0.255828    0.375701    0.470582    0.326935    0.319301    0.761263    0.026915    0.023367    0.002866    9.829861    9.261801    1.412902    1.808230    1.986142    1.692459    0.981006    1.122953    1.880251
Iteration: 131 bestvalit: 68.980000 bestmemit:    0.271585    0.018718    0.071909    0.070464    0.557683    0.334279    0.317513    0.255828    0.375701    0.470582    0.326935    0.319301    0.761263    0.026915    0.023367    0.002866    9.829861    9.261801    1.412902    1.808230    1.986142    1.692459    0.981006    1.122953    1.880251
Iteration: 132 bestvalit: 68.980000 bestmemit:    0.271585    0.018718    0.071909    0.070464    0.557683    0.334279    0.317513    0.255828    0.375701    0.470582    0.326935    0.319301    0.761263    0.026915    0.023367    0.002866    9.829861    9.261801    1.412902    1.808230    1.986142    1.692459    0.981006    1.122953    1.880251
Iteration: 133 bestvalit: 68.980000 bestmemit:    0.271585    0.018718    0.071909    0.070464    0.557683    0.334279    0.317513    0.255828    0.375701    0.470582    0.326935    0.319301    0.761263    0.026915    0.023367    0.002866    9.829861    9.261801    1.412902    1.808230    1.986142    1.692459    0.981006    1.122953    1.880251
Iteration: 134 bestvalit: 68.980000 bestmemit:    0.271585    0.018718    0.071909    0.070464    0.557683    0.334279    0.317513    0.255828    0.375701    0.470582    0.326935    0.319301    0.761263    0.026915    0.023367    0.002866    9.829861    9.261801    1.412902    1.808230    1.986142    1.692459    0.981006    1.122953    1.880251
Iteration: 135 bestvalit: 68.980000 bestmemit:    0.271585    0.018718    0.071909    0.070464    0.557683    0.334279    0.317513    0.255828    0.375701    0.470582    0.326935    0.319301    0.761263    0.026915    0.023367    0.002866    9.829861    9.261801    1.412902    1.808230    1.986142    1.692459    0.981006    1.122953    1.880251
Iteration: 136 bestvalit: 68.980000 bestmemit:    0.271585    0.018718    0.071909    0.070464    0.557683    0.334279    0.317513    0.255828    0.375701    0.470582    0.326935    0.319301    0.761263    0.026915    0.023367    0.002866    9.829861    9.261801    1.412902    1.808230    1.986142    1.692459    0.981006    1.122953    1.880251
Iteration: 137 bestvalit: 68.980000 bestmemit:    0.271585    0.018718    0.071909    0.070464    0.557683    0.334279    0.317513    0.255828    0.375701    0.470582    0.326935    0.319301    0.761263    0.026915    0.023367    0.002866    9.829861    9.261801    1.412902    1.808230    1.986142    1.692459    0.981006    1.122953    1.880251
Iteration: 138 bestvalit: 68.980000 bestmemit:    0.271585    0.018718    0.071909    0.070464    0.557683    0.334279    0.317513    0.255828    0.375701    0.470582    0.326935    0.319301    0.761263    0.026915    0.023367    0.002866    9.829861    9.261801    1.412902    1.808230    1.986142    1.692459    0.981006    1.122953    1.880251
Iteration: 139 bestvalit: 68.980000 bestmemit:    0.271585    0.018718    0.071909    0.070464    0.557683    0.334279    0.317513    0.255828    0.375701    0.470582    0.326935    0.319301    0.761263    0.026915    0.023367    0.002866    9.829861    9.261801    1.412902    1.808230    1.986142    1.692459    0.981006    1.122953    1.880251
Iteration: 140 bestvalit: 68.980000 bestmemit:    0.271585    0.018718    0.071909    0.070464    0.557683    0.334279    0.317513    0.255828    0.375701    0.470582    0.326935    0.319301    0.761263    0.026915    0.023367    0.002866    9.829861    9.261801    1.412902    1.808230    1.986142    1.692459    0.981006    1.122953    1.880251
Iteration: 141 bestvalit: 68.980000 bestmemit:    0.271585    0.018718    0.071909    0.070464    0.557683    0.334279    0.317513    0.255828    0.375701    0.470582    0.326935    0.319301    0.761263    0.026915    0.023367    0.002866    9.829861    9.261801    1.412902    1.808230    1.986142    1.692459    0.981006    1.122953    1.880251
Iteration: 142 bestvalit: 68.980000 bestmemit:    0.271585    0.018718    0.071909    0.070464    0.557683    0.334279    0.317513    0.255828    0.375701    0.470582    0.326935    0.319301    0.761263    0.026915    0.023367    0.002866    9.829861    9.261801    1.412902    1.808230    1.986142    1.692459    0.981006    1.122953    1.880251
Iteration: 143 bestvalit: 68.980000 bestmemit:    0.271585    0.018718    0.071909    0.070464    0.557683    0.334279    0.317513    0.255828    0.375701    0.470582    0.326935    0.319301    0.761263    0.026915    0.023367    0.002866    9.829861    9.261801    1.412902    1.808230    1.986142    1.692459    0.981006    1.122953    1.880251
Iteration: 144 bestvalit: 68.980000 bestmemit:    0.271585    0.018718    0.071909    0.070464    0.557683    0.334279    0.317513    0.255828    0.375701    0.470582    0.326935    0.319301    0.761263    0.026915    0.023367    0.002866    9.829861    9.261801    1.412902    1.808230    1.986142    1.692459    0.981006    1.122953    1.880251
Iteration: 145 bestvalit: 68.980000 bestmemit:    0.271585    0.018718    0.071909    0.070464    0.557683    0.334279    0.317513    0.255828    0.375701    0.470582    0.326935    0.319301    0.761263    0.026915    0.023367    0.002866    9.829861    9.261801    1.412902    1.808230    1.986142    1.692459    0.981006    1.122953    1.880251
Iteration: 146 bestvalit: 68.595000 bestmemit:    0.271585    0.018718    0.071909    0.070464    0.557683    0.334279    0.317513    0.255828    0.431519    0.470582    0.326935    0.319301    0.761263    0.026915    0.023367    0.002866    9.829861    9.261801    1.412902    1.808230    1.986142    1.692459    0.981006    1.122953    1.880251
Iteration: 147 bestvalit: 68.595000 bestmemit:    0.271585    0.018718    0.071909    0.070464    0.557683    0.334279    0.317513    0.255828    0.431519    0.470582    0.326935    0.319301    0.761263    0.026915    0.023367    0.002866    9.829861    9.261801    1.412902    1.808230    1.986142    1.692459    0.981006    1.122953    1.880251
Iteration: 148 bestvalit: 68.595000 bestmemit:    0.271585    0.018718    0.071909    0.070464    0.557683    0.334279    0.317513    0.255828    0.431519    0.470582    0.326935    0.319301    0.761263    0.026915    0.023367    0.002866    9.829861    9.261801    1.412902    1.808230    1.986142    1.692459    0.981006    1.122953    1.880251
Iteration: 149 bestvalit: 68.325000 bestmemit:    0.271585    0.018718    0.071909    0.070464    0.557683    0.334279    0.317513    0.255828    0.431519    0.470582    0.326935    0.319301    0.761263    0.026915    0.023367    0.002866    9.829861    9.261801    1.412902    1.808230    1.986142    1.717725    0.981006    1.122953    1.880251
Iteration: 150 bestvalit: 68.325000 bestmemit:    0.271585    0.018718    0.071909    0.070464    0.557683    0.334279    0.317513    0.255828    0.431519    0.470582    0.326935    0.319301    0.761263    0.026915    0.023367    0.002866    9.829861    9.261801    1.412902    1.808230    1.986142    1.717725    0.981006    1.122953    1.880251
Iteration: 151 bestvalit: 68.325000 bestmemit:    0.271585    0.018718    0.071909    0.070464    0.557683    0.334279    0.317513    0.255828    0.431519    0.470582    0.326935    0.319301    0.761263    0.026915    0.023367    0.002866    9.829861    9.261801    1.412902    1.808230    1.986142    1.717725    0.981006    1.122953    1.880251
Iteration: 152 bestvalit: 68.325000 bestmemit:    0.271585    0.018718    0.071909    0.070464    0.557683    0.334279    0.317513    0.255828    0.431519    0.470582    0.326935    0.319301    0.761263    0.026915    0.023367    0.002866    9.829861    9.261801    1.412902    1.808230    1.986142    1.717725    0.981006    1.122953    1.880251
Iteration: 153 bestvalit: 68.325000 bestmemit:    0.271585    0.018718    0.071909    0.070464    0.557683    0.334279    0.317513    0.255828    0.431519    0.470582    0.326935    0.319301    0.761263    0.026915    0.023367    0.002866    9.829861    9.261801    1.412902    1.808230    1.986142    1.717725    0.981006    1.122953    1.880251
Iteration: 154 bestvalit: 68.235000 bestmemit:    0.271585    0.018718    0.071909    0.070464    0.557683    0.334279    0.317513    0.255828    0.457787    0.470582    0.326935    0.319301    0.761263    0.026915    0.023367    0.002866    9.829861    9.261801    1.412902    1.808230    1.986142    1.717725    0.981006    1.122953    1.880251
Iteration: 155 bestvalit: 68.235000 bestmemit:    0.271585    0.018718    0.071909    0.070464    0.557683    0.334279    0.317513    0.255828    0.457787    0.470582    0.326935    0.319301    0.761263    0.026915    0.023367    0.002866    9.829861    9.261801    1.412902    1.808230    1.986142    1.717725    0.981006    1.122953    1.880251
Iteration: 156 bestvalit: 68.235000 bestmemit:    0.271585    0.018718    0.071909    0.070464    0.557683    0.334279    0.317513    0.255828    0.457787    0.470582    0.326935    0.319301    0.761263    0.026915    0.023367    0.002866    9.829861    9.261801    1.412902    1.808230    1.986142    1.717725    0.981006    1.122953    1.880251
Iteration: 157 bestvalit: 68.235000 bestmemit:    0.271585    0.018718    0.071909    0.070464    0.557683    0.334279    0.317513    0.255828    0.457787    0.470582    0.326935    0.319301    0.761263    0.026915    0.023367    0.002866    9.829861    9.261801    1.412902    1.808230    1.986142    1.717725    0.981006    1.122953    1.880251
Iteration: 158 bestvalit: 68.235000 bestmemit:    0.271585    0.018718    0.071909    0.070464    0.557683    0.334279    0.317513    0.255828    0.457787    0.470582    0.326935    0.319301    0.761263    0.026915    0.023367    0.002866    9.829861    9.261801    1.412902    1.808230    1.986142    1.717725    0.981006    1.122953    1.880251
Iteration: 159 bestvalit: 68.235000 bestmemit:    0.271585    0.018718    0.071909    0.070464    0.557683    0.334279    0.317513    0.255828    0.457787    0.470582    0.326935    0.319301    0.761263    0.026915    0.023367    0.002866    9.829861    9.261801    1.412902    1.808230    1.986142    1.717725    0.981006    1.122953    1.880251
Iteration: 160 bestvalit: 64.420000 bestmemit:    0.280356    0.009749    0.055329    0.039891    0.256694    0.173859    0.268489    0.183152    0.311490    0.383815    0.442824    0.391112    3.596031    0.049076    0.011339    0.006246    7.950134    7.806124    1.864221    1.932255    1.974651    1.959041    0.828371    1.013414    1.866891
Iteration: 161 bestvalit: 64.420000 bestmemit:    0.280356    0.009749    0.055329    0.039891    0.256694    0.173859    0.268489    0.183152    0.311490    0.383815    0.442824    0.391112    3.596031    0.049076    0.011339    0.006246    7.950134    7.806124    1.864221    1.932255    1.974651    1.959041    0.828371    1.013414    1.866891
Iteration: 162 bestvalit: 64.420000 bestmemit:    0.280356    0.009749    0.055329    0.039891    0.256694    0.173859    0.268489    0.183152    0.311490    0.383815    0.442824    0.391112    3.596031    0.049076    0.011339    0.006246    7.950134    7.806124    1.864221    1.932255    1.974651    1.959041    0.828371    1.013414    1.866891
Iteration: 163 bestvalit: 64.420000 bestmemit:    0.280356    0.009749    0.055329    0.039891    0.256694    0.173859    0.268489    0.183152    0.311490    0.383815    0.442824    0.391112    3.596031    0.049076    0.011339    0.006246    7.950134    7.806124    1.864221    1.932255    1.974651    1.959041    0.828371    1.013414    1.866891
Iteration: 164 bestvalit: 64.030000 bestmemit:    0.280356    0.009749    0.055329    0.039891    0.256694    0.173859    0.268489    0.183152    0.311490    0.383815    0.442824    0.391112    0.625746    0.049076    0.011339    0.006246    7.950134    7.806124    1.864221    1.932255    1.974651    1.959041    0.828371    1.013414    1.866891
Iteration: 165 bestvalit: 64.030000 bestmemit:    0.280356    0.009749    0.055329    0.039891    0.256694    0.173859    0.268489    0.183152    0.311490    0.383815    0.442824    0.391112    0.625746    0.049076    0.011339    0.006246    7.950134    7.806124    1.864221    1.932255    1.974651    1.959041    0.828371    1.013414    1.866891
Iteration: 166 bestvalit: 64.030000 bestmemit:    0.280356    0.009749    0.055329    0.039891    0.256694    0.173859    0.268489    0.183152    0.311490    0.383815    0.442824    0.391112    0.625746    0.049076    0.011339    0.006246    7.950134    7.806124    1.864221    1.932255    1.974651    1.959041    0.828371    1.013414    1.866891
Iteration: 167 bestvalit: 64.030000 bestmemit:    0.280356    0.009749    0.055329    0.039891    0.256694    0.173859    0.268489    0.183152    0.311490    0.383815    0.442824    0.391112    0.625746    0.049076    0.011339    0.006246    7.950134    7.806124    1.864221    1.932255    1.974651    1.959041    0.828371    1.013414    1.866891
Iteration: 168 bestvalit: 64.030000 bestmemit:    0.280356    0.009749    0.055329    0.039891    0.256694    0.173859    0.268489    0.183152    0.311490    0.383815    0.442824    0.391112    0.625746    0.049076    0.011339    0.006246    7.950134    7.806124    1.864221    1.932255    1.974651    1.959041    0.828371    1.013414    1.866891
Iteration: 169 bestvalit: 64.030000 bestmemit:    0.280356    0.009749    0.055329    0.039891    0.256694    0.173859    0.268489    0.183152    0.311490    0.383815    0.442824    0.391112    0.625746    0.049076    0.011339    0.006246    7.950134    7.806124    1.864221    1.932255    1.974651    1.959041    0.828371    1.013414    1.866891
Iteration: 170 bestvalit: 64.030000 bestmemit:    0.280356    0.009749    0.055329    0.039891    0.256694    0.173859    0.268489    0.183152    0.311490    0.383815    0.442824    0.391112    0.625746    0.049076    0.011339    0.006246    7.950134    7.806124    1.864221    1.932255    1.974651    1.959041    0.828371    1.013414    1.866891
Iteration: 171 bestvalit: 62.875000 bestmemit:    0.306593    0.023745    0.021359    0.052220    0.507403    0.387793    0.144073    0.200315    0.357540    0.433924    0.371987    0.384545    0.654612    0.023300    0.003820    0.004453    9.926066    8.964451    1.535190    1.854293    1.762434    1.988482    0.923406    0.876782    1.925789
Iteration: 172 bestvalit: 62.875000 bestmemit:    0.306593    0.023745    0.021359    0.052220    0.507403    0.387793    0.144073    0.200315    0.357540    0.433924    0.371987    0.384545    0.654612    0.023300    0.003820    0.004453    9.926066    8.964451    1.535190    1.854293    1.762434    1.988482    0.923406    0.876782    1.925789
Iteration: 173 bestvalit: 62.875000 bestmemit:    0.306593    0.023745    0.021359    0.052220    0.507403    0.387793    0.144073    0.200315    0.357540    0.433924    0.371987    0.384545    0.654612    0.023300    0.003820    0.004453    9.926066    8.964451    1.535190    1.854293    1.762434    1.988482    0.923406    0.876782    1.925789
Iteration: 174 bestvalit: 62.030000 bestmemit:    0.306593    0.023745    0.021359    0.052220    0.507403    0.387793    0.144073    0.200315    0.357540    0.433924    0.371987    0.384545    0.371235    0.023300    0.003820    0.004453    9.926066    8.964451    1.535190    1.854293    1.762434    1.988482    0.923406    0.876782    1.925789
Iteration: 175 bestvalit: 62.030000 bestmemit:    0.306593    0.023745    0.021359    0.052220    0.507403    0.387793    0.144073    0.200315    0.357540    0.433924    0.371987    0.384545    0.371235    0.023300    0.003820    0.004453    9.926066    8.964451    1.535190    1.854293    1.762434    1.988482    0.923406    0.876782    1.925789
Iteration: 176 bestvalit: 62.030000 bestmemit:    0.306593    0.023745    0.021359    0.052220    0.507403    0.387793    0.144073    0.200315    0.357540    0.433924    0.371987    0.384545    0.371235    0.023300    0.003820    0.004453    9.926066    8.964451    1.535190    1.854293    1.762434    1.988482    0.923406    0.876782    1.925789
Iteration: 177 bestvalit: 62.030000 bestmemit:    0.306593    0.023745    0.021359    0.052220    0.507403    0.387793    0.144073    0.200315    0.357540    0.433924    0.371987    0.384545    0.371235    0.023300    0.003820    0.004453    9.926066    8.964451    1.535190    1.854293    1.762434    1.988482    0.923406    0.876782    1.925789
Iteration: 178 bestvalit: 62.030000 bestmemit:    0.306593    0.023745    0.021359    0.052220    0.507403    0.387793    0.144073    0.200315    0.357540    0.433924    0.371987    0.384545    0.371235    0.023300    0.003820    0.004453    9.926066    8.964451    1.535190    1.854293    1.762434    1.988482    0.923406    0.876782    1.925789
Iteration: 179 bestvalit: 62.030000 bestmemit:    0.306593    0.023745    0.021359    0.052220    0.507403    0.387793    0.144073    0.200315    0.357540    0.433924    0.371987    0.384545    0.371235    0.023300    0.003820    0.004453    9.926066    8.964451    1.535190    1.854293    1.762434    1.988482    0.923406    0.876782    1.925789
Iteration: 180 bestvalit: 62.030000 bestmemit:    0.306593    0.023745    0.021359    0.052220    0.507403    0.387793    0.144073    0.200315    0.357540    0.433924    0.371987    0.384545    0.371235    0.023300    0.003820    0.004453    9.926066    8.964451    1.535190    1.854293    1.762434    1.988482    0.923406    0.876782    1.925789
Iteration: 181 bestvalit: 62.030000 bestmemit:    0.306593    0.023745    0.021359    0.052220    0.507403    0.387793    0.144073    0.200315    0.357540    0.433924    0.371987    0.384545    0.371235    0.023300    0.003820    0.004453    9.926066    8.964451    1.535190    1.854293    1.762434    1.988482    0.923406    0.876782    1.925789
Iteration: 182 bestvalit: 61.610000 bestmemit:    0.306593    0.023745    0.021359    0.052220    0.507403    0.387793    0.144073    0.200315    0.357540    0.433924    0.371987    0.384545    0.371235    0.023300    0.003820    0.004453    9.926066    8.964451    1.535190    1.854293    1.762434    1.988482    0.923406    1.190515    1.925789
Iteration: 183 bestvalit: 61.610000 bestmemit:    0.306593    0.023745    0.021359    0.052220    0.507403    0.387793    0.144073    0.200315    0.357540    0.433924    0.371987    0.384545    0.371235    0.023300    0.003820    0.004453    9.926066    8.964451    1.535190    1.854293    1.762434    1.988482    0.923406    1.190515    1.925789
Iteration: 184 bestvalit: 61.520000 bestmemit:    0.306593    0.023745    0.021359    0.052220    0.507403    0.387793    0.144073    0.200315    0.357540    0.433924    0.371987    0.384545    0.371235    0.023300    0.003820    0.004453    9.926066    8.964451    1.535190    1.818843    1.762434    1.988482    0.923406    1.190515    1.925789
Iteration: 185 bestvalit: 61.205000 bestmemit:    0.306593    0.023745    0.021359    0.052220    0.507403    0.387793    0.144073    0.200315    0.357540    0.433924    0.371987    0.384545    0.371235    0.023300    0.003820    0.004453    9.926066    8.964451    1.442649    1.852300    1.762434    1.988482    0.923406    1.190515    1.925789
Iteration: 186 bestvalit: 61.205000 bestmemit:    0.306593    0.023745    0.021359    0.052220    0.507403    0.387793    0.144073    0.200315    0.357540    0.433924    0.371987    0.384545    0.371235    0.023300    0.003820    0.004453    9.926066    8.964451    1.442649    1.852300    1.762434    1.988482    0.923406    1.190515    1.925789
Iteration: 187 bestvalit: 61.205000 bestmemit:    0.306593    0.023745    0.021359    0.052220    0.507403    0.387793    0.144073    0.200315    0.357540    0.433924    0.371987    0.384545    0.371235    0.023300    0.003820    0.004453    9.926066    8.964451    1.442649    1.852300    1.762434    1.988482    0.923406    1.190515    1.925789
Iteration: 188 bestvalit: 61.150000 bestmemit:    0.306593    0.023745    0.021359    0.052220    0.507403    0.387793    0.144073    0.200315    0.357540    0.433924    0.371987    0.384545    0.371235    0.023300    0.003820    0.004453    9.926066    8.643972    1.442649    1.852300    1.762434    1.988482    0.923406    1.190515    1.925789
Iteration: 189 bestvalit: 61.150000 bestmemit:    0.306593    0.023745    0.021359    0.052220    0.507403    0.387793    0.144073    0.200315    0.357540    0.433924    0.371987    0.384545    0.371235    0.023300    0.003820    0.004453    9.926066    8.643972    1.442649    1.852300    1.762434    1.988482    0.923406    1.190515    1.925789
Iteration: 190 bestvalit: 61.150000 bestmemit:    0.306593    0.023745    0.021359    0.052220    0.507403    0.387793    0.144073    0.200315    0.357540    0.433924    0.371987    0.384545    0.371235    0.023300    0.003820    0.004453    9.926066    8.643972    1.442649    1.852300    1.762434    1.988482    0.923406    1.190515    1.925789
Iteration: 191 bestvalit: 61.150000 bestmemit:    0.306593    0.023745    0.021359    0.052220    0.507403    0.387793    0.144073    0.200315    0.357540    0.433924    0.371987    0.384545    0.371235    0.023300    0.003820    0.004453    9.926066    8.643972    1.442649    1.852300    1.762434    1.988482    0.923406    1.190515    1.925789
Iteration: 192 bestvalit: 61.150000 bestmemit:    0.306593    0.023745    0.021359    0.052220    0.507403    0.387793    0.144073    0.200315    0.357540    0.433924    0.371987    0.384545    0.371235    0.023300    0.003820    0.004453    9.926066    8.643972    1.442649    1.852300    1.762434    1.988482    0.923406    1.190515    1.925789
Iteration: 193 bestvalit: 61.150000 bestmemit:    0.306593    0.023745    0.021359    0.052220    0.507403    0.387793    0.144073    0.200315    0.357540    0.433924    0.371987    0.384545    0.371235    0.023300    0.003820    0.004453    9.926066    8.643972    1.442649    1.852300    1.762434    1.988482    0.923406    1.190515    1.925789
Iteration: 194 bestvalit: 61.150000 bestmemit:    0.306593    0.023745    0.021359    0.052220    0.507403    0.387793    0.144073    0.200315    0.357540    0.433924    0.371987    0.384545    0.371235    0.023300    0.003820    0.004453    9.926066    8.643972    1.442649    1.852300    1.762434    1.988482    0.923406    1.190515    1.925789
Iteration: 195 bestvalit: 61.150000 bestmemit:    0.306593    0.023745    0.021359    0.052220    0.507403    0.387793    0.144073    0.200315    0.357540    0.433924    0.371987    0.384545    0.371235    0.023300    0.003820    0.004453    9.926066    8.643972    1.442649    1.852300    1.762434    1.988482    0.923406    1.190515    1.925789
Iteration: 196 bestvalit: 61.150000 bestmemit:    0.306593    0.023745    0.021359    0.052220    0.507403    0.387793    0.144073    0.200315    0.357540    0.433924    0.371987    0.384545    0.371235    0.023300    0.003820    0.004453    9.926066    8.643972    1.442649    1.852300    1.762434    1.988482    0.923406    1.190515    1.925789
Iteration: 197 bestvalit: 61.150000 bestmemit:    0.306593    0.023745    0.021359    0.052220    0.507403    0.387793    0.144073    0.200315    0.357540    0.433924    0.371987    0.384545    0.371235    0.023300    0.003820    0.004453    9.926066    8.643972    1.442649    1.852300    1.762434    1.988482    0.923406    1.190515    1.925789
Iteration: 198 bestvalit: 61.150000 bestmemit:    0.306593    0.023745    0.021359    0.052220    0.507403    0.387793    0.144073    0.200315    0.357540    0.433924    0.371987    0.384545    0.371235    0.023300    0.003820    0.004453    9.926066    8.643972    1.442649    1.852300    1.762434    1.988482    0.923406    1.190515    1.925789
Iteration: 199 bestvalit: 61.150000 bestmemit:    0.306593    0.023745    0.021359    0.052220    0.507403    0.387793    0.144073    0.200315    0.357540    0.433924    0.371987    0.384545    0.371235    0.023300    0.003820    0.004453    9.926066    8.643972    1.442649    1.852300    1.762434    1.988482    0.923406    1.190515    1.925789
Iteration: 200 bestvalit: 61.150000 bestmemit:    0.306593    0.023745    0.021359    0.052220    0.507403    0.387793    0.144073    0.200315    0.357540    0.433924    0.371987    0.384545    0.371235    0.023300    0.003820    0.004453    9.926066    8.643972    1.442649    1.852300    1.762434    1.988482    0.923406    1.190515    1.925789
Iteration: 201 bestvalit: 61.150000 bestmemit:    0.306593    0.023745    0.021359    0.052220    0.507403    0.387793    0.144073    0.200315    0.357540    0.433924    0.371987    0.384545    0.371235    0.023300    0.003820    0.004453    9.926066    8.643972    1.442649    1.852300    1.762434    1.988482    0.923406    1.190515    1.925789
Iteration: 202 bestvalit: 61.150000 bestmemit:    0.306593    0.023745    0.021359    0.052220    0.507403    0.387793    0.144073    0.200315    0.357540    0.433924    0.371987    0.384545    0.371235    0.023300    0.003820    0.004453    9.926066    8.643972    1.442649    1.852300    1.762434    1.988482    0.923406    1.190515    1.925789
Iteration: 203 bestvalit: 61.150000 bestmemit:    0.306593    0.023745    0.021359    0.052220    0.507403    0.387793    0.144073    0.200315    0.357540    0.433924    0.371987    0.384545    0.371235    0.023300    0.003820    0.004453    9.926066    8.643972    1.442649    1.852300    1.762434    1.988482    0.923406    1.190515    1.925789
Iteration: 204 bestvalit: 61.150000 bestmemit:    0.306593    0.023745    0.021359    0.052220    0.507403    0.387793    0.144073    0.200315    0.357540    0.433924    0.371987    0.384545    0.371235    0.023300    0.003820    0.004453    9.926066    8.643972    1.442649    1.852300    1.762434    1.988482    0.923406    1.190515    1.925789
Iteration: 205 bestvalit: 58.365000 bestmemit:    0.272668    0.019200    0.084180    0.077870    0.638942    0.293919    0.350114    0.302850    0.380834    0.391445    0.424549    0.453837    3.308986    0.021543    0.014438    0.003650    8.866081    9.026880    1.893465    1.790482    1.998165    1.994124    0.972048    1.179765    1.920080
Iteration: 206 bestvalit: 58.365000 bestmemit:    0.272668    0.019200    0.084180    0.077870    0.638942    0.293919    0.350114    0.302850    0.380834    0.391445    0.424549    0.453837    3.308986    0.021543    0.014438    0.003650    8.866081    9.026880    1.893465    1.790482    1.998165    1.994124    0.972048    1.179765    1.920080
Iteration: 207 bestvalit: 58.365000 bestmemit:    0.272668    0.019200    0.084180    0.077870    0.638942    0.293919    0.350114    0.302850    0.380834    0.391445    0.424549    0.453837    3.308986    0.021543    0.014438    0.003650    8.866081    9.026880    1.893465    1.790482    1.998165    1.994124    0.972048    1.179765    1.920080
Iteration: 208 bestvalit: 58.365000 bestmemit:    0.272668    0.019200    0.084180    0.077870    0.638942    0.293919    0.350114    0.302850    0.380834    0.391445    0.424549    0.453837    3.308986    0.021543    0.014438    0.003650    8.866081    9.026880    1.893465    1.790482    1.998165    1.994124    0.972048    1.179765    1.920080
Iteration: 209 bestvalit: 58.365000 bestmemit:    0.272668    0.019200    0.084180    0.077870    0.638942    0.293919    0.350114    0.302850    0.380834    0.391445    0.424549    0.453837    3.308986    0.021543    0.014438    0.003650    8.866081    9.026880    1.893465    1.790482    1.998165    1.994124    0.972048    1.179765    1.920080
Iteration: 210 bestvalit: 57.780000 bestmemit:    0.298322    0.023745    0.021359    0.052220    0.507403    0.387793    0.144073    0.200315    0.357540    0.433924    0.371987    0.384545    0.371235    0.023300    0.003820    0.004453    9.926066    8.643972    1.442649    1.852300    1.762434    1.988482    0.923406    1.190515    1.925789
Iteration: 211 bestvalit: 57.780000 bestmemit:    0.298322    0.023745    0.021359    0.052220    0.507403    0.387793    0.144073    0.200315    0.357540    0.433924    0.371987    0.384545    0.371235    0.023300    0.003820    0.004453    9.926066    8.643972    1.442649    1.852300    1.762434    1.988482    0.923406    1.190515    1.925789
Iteration: 212 bestvalit: 57.780000 bestmemit:    0.298322    0.023745    0.021359    0.052220    0.507403    0.387793    0.144073    0.200315    0.357540    0.433924    0.371987    0.384545    0.371235    0.023300    0.003820    0.004453    9.926066    8.643972    1.442649    1.852300    1.762434    1.988482    0.923406    1.190515    1.925789
Iteration: 213 bestvalit: 57.780000 bestmemit:    0.298322    0.023745    0.021359    0.052220    0.507403    0.387793    0.144073    0.200315    0.357540    0.433924    0.371987    0.384545    0.371235    0.023300    0.003820    0.004453    9.926066    8.643972    1.442649    1.852300    1.762434    1.988482    0.923406    1.190515    1.925789
Iteration: 214 bestvalit: 57.780000 bestmemit:    0.298322    0.023745    0.021359    0.052220    0.507403    0.387793    0.144073    0.200315    0.357540    0.433924    0.371987    0.384545    0.371235    0.023300    0.003820    0.004453    9.926066    8.643972    1.442649    1.852300    1.762434    1.988482    0.923406    1.190515    1.925789
Iteration: 215 bestvalit: 57.780000 bestmemit:    0.298322    0.023745    0.021359    0.052220    0.507403    0.387793    0.144073    0.200315    0.357540    0.433924    0.371987    0.384545    0.371235    0.023300    0.003820    0.004453    9.926066    8.643972    1.442649    1.852300    1.762434    1.988482    0.923406    1.190515    1.925789
Iteration: 216 bestvalit: 57.780000 bestmemit:    0.298322    0.023745    0.021359    0.052220    0.507403    0.387793    0.144073    0.200315    0.357540    0.433924    0.371987    0.384545    0.371235    0.023300    0.003820    0.004453    9.926066    8.643972    1.442649    1.852300    1.762434    1.988482    0.923406    1.190515    1.925789
Iteration: 217 bestvalit: 57.780000 bestmemit:    0.298322    0.023745    0.021359    0.052220    0.507403    0.387793    0.144073    0.200315    0.357540    0.433924    0.371987    0.384545    0.371235    0.023300    0.003820    0.004453    9.926066    8.643972    1.442649    1.852300    1.762434    1.988482    0.923406    1.190515    1.925789
Iteration: 218 bestvalit: 57.780000 bestmemit:    0.298322    0.023745    0.021359    0.052220    0.507403    0.387793    0.144073    0.200315    0.357540    0.433924    0.371987    0.384545    0.371235    0.023300    0.003820    0.004453    9.926066    8.643972    1.442649    1.852300    1.762434    1.988482    0.923406    1.190515    1.925789
Iteration: 219 bestvalit: 57.780000 bestmemit:    0.298322    0.023745    0.021359    0.052220    0.507403    0.387793    0.144073    0.200315    0.357540    0.433924    0.371987    0.384545    0.371235    0.023300    0.003820    0.004453    9.926066    8.643972    1.442649    1.852300    1.762434    1.988482    0.923406    1.190515    1.925789
Iteration: 220 bestvalit: 57.780000 bestmemit:    0.298322    0.023745    0.021359    0.052220    0.507403    0.387793    0.144073    0.200315    0.357540    0.433924    0.371987    0.384545    0.371235    0.023300    0.003820    0.004453    9.926066    8.643972    1.442649    1.852300    1.762434    1.988482    0.923406    1.190515    1.925789
Iteration: 221 bestvalit: 57.780000 bestmemit:    0.298322    0.023745    0.021359    0.052220    0.507403    0.387793    0.144073    0.200315    0.357540    0.433924    0.371987    0.384545    0.371235    0.023300    0.003820    0.004453    9.926066    8.643972    1.442649    1.852300    1.762434    1.988482    0.923406    1.190515    1.925789
Iteration: 222 bestvalit: 57.780000 bestmemit:    0.298322    0.023745    0.021359    0.052220    0.507403    0.387793    0.144073    0.200315    0.357540    0.433924    0.371987    0.384545    0.371235    0.023300    0.003820    0.004453    9.926066    8.643972    1.442649    1.852300    1.762434    1.988482    0.923406    1.190515    1.925789
Iteration: 223 bestvalit: 57.780000 bestmemit:    0.298322    0.023745    0.021359    0.052220    0.507403    0.387793    0.144073    0.200315    0.357540    0.433924    0.371987    0.384545    0.371235    0.023300    0.003820    0.004453    9.926066    8.643972    1.442649    1.852300    1.762434    1.988482    0.923406    1.190515    1.925789
Iteration: 224 bestvalit: 56.320000 bestmemit:    0.272668    0.019200    0.084180    0.077870    0.638942    0.293919    0.350114    0.302850    0.380834    0.391445    0.424549    0.453837    3.308986    0.021543    0.014438    0.003650    8.866081    9.026880    1.893465    1.840256    1.998165    1.994124    0.972048    1.191014    1.920080
Iteration: 225 bestvalit: 56.320000 bestmemit:    0.272668    0.019200    0.084180    0.077870    0.638942    0.293919    0.350114    0.302850    0.380834    0.391445    0.424549    0.453837    3.308986    0.021543    0.014438    0.003650    8.866081    9.026880    1.893465    1.840256    1.998165    1.994124    0.972048    1.191014    1.920080
Iteration: 226 bestvalit: 56.320000 bestmemit:    0.272668    0.019200    0.084180    0.077870    0.638942    0.293919    0.350114    0.302850    0.380834    0.391445    0.424549    0.453837    3.308986    0.021543    0.014438    0.003650    8.866081    9.026880    1.893465    1.840256    1.998165    1.994124    0.972048    1.191014    1.920080
Iteration: 227 bestvalit: 56.320000 bestmemit:    0.272668    0.019200    0.084180    0.077870    0.638942    0.293919    0.350114    0.302850    0.380834    0.391445    0.424549    0.453837    3.308986    0.021543    0.014438    0.003650    8.866081    9.026880    1.893465    1.840256    1.998165    1.994124    0.972048    1.191014    1.920080
Iteration: 228 bestvalit: 56.320000 bestmemit:    0.272668    0.019200    0.084180    0.077870    0.638942    0.293919    0.350114    0.302850    0.380834    0.391445    0.424549    0.453837    3.308986    0.021543    0.014438    0.003650    8.866081    9.026880    1.893465    1.840256    1.998165    1.994124    0.972048    1.191014    1.920080
Iteration: 229 bestvalit: 56.320000 bestmemit:    0.272668    0.019200    0.084180    0.077870    0.638942    0.293919    0.350114    0.302850    0.380834    0.391445    0.424549    0.453837    3.308986    0.021543    0.014438    0.003650    8.866081    9.026880    1.893465    1.840256    1.998165    1.994124    0.972048    1.191014    1.920080
Iteration: 230 bestvalit: 56.320000 bestmemit:    0.272668    0.019200    0.084180    0.077870    0.638942    0.293919    0.350114    0.302850    0.380834    0.391445    0.424549    0.453837    3.308986    0.021543    0.014438    0.003650    8.866081    9.026880    1.893465    1.840256    1.998165    1.994124    0.972048    1.191014    1.920080
Iteration: 231 bestvalit: 56.320000 bestmemit:    0.272668    0.019200    0.084180    0.077870    0.638942    0.293919    0.350114    0.302850    0.380834    0.391445    0.424549    0.453837    3.308986    0.021543    0.014438    0.003650    8.866081    9.026880    1.893465    1.840256    1.998165    1.994124    0.972048    1.191014    1.920080
Iteration: 232 bestvalit: 56.185000 bestmemit:    0.272668    0.019200    0.084180    0.077870    0.638942    0.293919    0.350114    0.302850    0.380834    0.391445    0.424549    0.453837    3.308986    0.021543    0.014438    0.003650    8.866081    8.225164    1.893465    1.840256    1.998165    1.994124    0.972048    1.191014    1.920080
Iteration: 233 bestvalit: 56.185000 bestmemit:    0.272668    0.019200    0.084180    0.077870    0.638942    0.293919    0.350114    0.302850    0.380834    0.391445    0.424549    0.453837    3.308986    0.021543    0.014438    0.003650    8.866081    8.225164    1.893465    1.840256    1.998165    1.994124    0.972048    1.191014    1.920080
Iteration: 234 bestvalit: 56.185000 bestmemit:    0.272668    0.019200    0.084180    0.077870    0.638942    0.293919    0.350114    0.302850    0.380834    0.391445    0.424549    0.453837    3.308986    0.021543    0.014438    0.003650    8.866081    8.225164    1.893465    1.840256    1.998165    1.994124    0.972048    1.191014    1.920080
Iteration: 235 bestvalit: 56.185000 bestmemit:    0.272668    0.019200    0.084180    0.077870    0.638942    0.293919    0.350114    0.302850    0.380834    0.391445    0.424549    0.453837    3.308986    0.021543    0.014438    0.003650    8.866081    8.225164    1.893465    1.840256    1.998165    1.994124    0.972048    1.191014    1.920080
Iteration: 236 bestvalit: 56.185000 bestmemit:    0.272668    0.019200    0.084180    0.077870    0.638942    0.293919    0.350114    0.302850    0.380834    0.391445    0.424549    0.453837    3.308986    0.021543    0.014438    0.003650    8.866081    8.225164    1.893465    1.840256    1.998165    1.994124    0.972048    1.191014    1.920080
Iteration: 237 bestvalit: 56.185000 bestmemit:    0.272668    0.019200    0.084180    0.077870    0.638942    0.293919    0.350114    0.302850    0.380834    0.391445    0.424549    0.453837    3.308986    0.021543    0.014438    0.003650    8.866081    8.225164    1.893465    1.840256    1.998165    1.994124    0.972048    1.191014    1.920080
Iteration: 238 bestvalit: 56.185000 bestmemit:    0.272668    0.019200    0.084180    0.077870    0.638942    0.293919    0.350114    0.302850    0.380834    0.391445    0.424549    0.453837    3.308986    0.021543    0.014438    0.003650    8.866081    8.225164    1.893465    1.840256    1.998165    1.994124    0.972048    1.191014    1.920080
Iteration: 239 bestvalit: 56.185000 bestmemit:    0.272668    0.019200    0.084180    0.077870    0.638942    0.293919    0.350114    0.302850    0.380834    0.391445    0.424549    0.453837    3.308986    0.021543    0.014438    0.003650    8.866081    8.225164    1.893465    1.840256    1.998165    1.994124    0.972048    1.191014    1.920080
Iteration: 240 bestvalit: 55.945000 bestmemit:    0.272668    0.019200    0.084180    0.077870    0.638942    0.293919    0.350114    0.302850    0.380834    0.391445    0.424549    0.453837    3.308986    0.021543    0.014438    0.003650    8.866081    8.225164    1.985355    1.840256    1.998165    1.994124    0.972048    1.191014    1.920080
Iteration: 241 bestvalit: 55.945000 bestmemit:    0.272668    0.019200    0.084180    0.077870    0.638942    0.293919    0.350114    0.302850    0.380834    0.391445    0.424549    0.453837    3.308986    0.021543    0.014438    0.003650    8.866081    8.225164    1.985355    1.840256    1.998165    1.994124    0.972048    1.191014    1.920080
Iteration: 242 bestvalit: 55.945000 bestmemit:    0.272668    0.019200    0.084180    0.077870    0.638942    0.293919    0.350114    0.302850    0.380834    0.391445    0.424549    0.453837    3.308986    0.021543    0.014438    0.003650    8.866081    8.225164    1.985355    1.840256    1.998165    1.994124    0.972048    1.191014    1.920080
Iteration: 243 bestvalit: 55.945000 bestmemit:    0.272668    0.019200    0.084180    0.077870    0.638942    0.293919    0.350114    0.302850    0.380834    0.391445    0.424549    0.453837    3.308986    0.021543    0.014438    0.003650    8.866081    8.225164    1.985355    1.840256    1.998165    1.994124    0.972048    1.191014    1.920080
Iteration: 244 bestvalit: 55.945000 bestmemit:    0.272668    0.019200    0.084180    0.077870    0.638942    0.293919    0.350114    0.302850    0.380834    0.391445    0.424549    0.453837    3.308986    0.021543    0.014438    0.003650    8.866081    8.225164    1.985355    1.840256    1.998165    1.994124    0.972048    1.191014    1.920080
Iteration: 245 bestvalit: 55.920000 bestmemit:    0.272668    0.019200    0.084180    0.077870    0.638942    0.293919    0.350114    0.302850    0.380834    0.391445    0.424549    0.414763    4.662542    0.024451    0.014438    0.003650    8.866081    8.225164    1.985355    1.840256    1.998165    1.994124    0.972048    1.191014    1.920080
Iteration: 246 bestvalit: 55.920000 bestmemit:    0.272668    0.019200    0.084180    0.077870    0.638942    0.293919    0.350114    0.302850    0.380834    0.391445    0.424549    0.414763    4.662542    0.024451    0.014438    0.003650    8.866081    8.225164    1.985355    1.840256    1.998165    1.994124    0.972048    1.191014    1.920080
Iteration: 247 bestvalit: 55.920000 bestmemit:    0.272668    0.019200    0.084180    0.077870    0.638942    0.293919    0.350114    0.302850    0.380834    0.391445    0.424549    0.414763    4.662542    0.024451    0.014438    0.003650    8.866081    8.225164    1.985355    1.840256    1.998165    1.994124    0.972048    1.191014    1.920080
Iteration: 248 bestvalit: 55.920000 bestmemit:    0.272668    0.019200    0.084180    0.077870    0.638942    0.293919    0.350114    0.302850    0.380834    0.391445    0.424549    0.414763    4.662542    0.024451    0.014438    0.003650    8.866081    8.225164    1.985355    1.840256    1.998165    1.994124    0.972048    1.191014    1.920080
Iteration: 249 bestvalit: 55.920000 bestmemit:    0.272668    0.019200    0.084180    0.077870    0.638942    0.293919    0.350114    0.302850    0.380834    0.391445    0.424549    0.414763    4.662542    0.024451    0.014438    0.003650    8.866081    8.225164    1.985355    1.840256    1.998165    1.994124    0.972048    1.191014    1.920080
Iteration: 250 bestvalit: 49.415000 bestmemit:    0.269113    0.007065    0.076662    0.096424    0.580737    0.253440    0.293738    0.307904    0.414482    0.436617    0.082948    0.320974    4.329556    0.025245    0.007077    0.000444    9.565917    9.187100    1.518121    1.791537    1.947759    1.983756    0.702703    1.065403    1.925995
Iteration: 251 bestvalit: 49.415000 bestmemit:    0.269113    0.007065    0.076662    0.096424    0.580737    0.253440    0.293738    0.307904    0.414482    0.436617    0.082948    0.320974    4.329556    0.025245    0.007077    0.000444    9.565917    9.187100    1.518121    1.791537    1.947759    1.983756    0.702703    1.065403    1.925995
Iteration: 252 bestvalit: 49.415000 bestmemit:    0.269113    0.007065    0.076662    0.096424    0.580737    0.253440    0.293738    0.307904    0.414482    0.436617    0.082948    0.320974    4.329556    0.025245    0.007077    0.000444    9.565917    9.187100    1.518121    1.791537    1.947759    1.983756    0.702703    1.065403    1.925995
Iteration: 253 bestvalit: 49.415000 bestmemit:    0.269113    0.007065    0.076662    0.096424    0.580737    0.253440    0.293738    0.307904    0.414482    0.436617    0.082948    0.320974    4.329556    0.025245    0.007077    0.000444    9.565917    9.187100    1.518121    1.791537    1.947759    1.983756    0.702703    1.065403    1.925995
Iteration: 254 bestvalit: 49.415000 bestmemit:    0.269113    0.007065    0.076662    0.096424    0.580737    0.253440    0.293738    0.307904    0.414482    0.436617    0.082948    0.320974    4.329556    0.025245    0.007077    0.000444    9.565917    9.187100    1.518121    1.791537    1.947759    1.983756    0.702703    1.065403    1.925995
Iteration: 255 bestvalit: 49.415000 bestmemit:    0.269113    0.007065    0.076662    0.096424    0.580737    0.253440    0.293738    0.307904    0.414482    0.436617    0.082948    0.320974    4.329556    0.025245    0.007077    0.000444    9.565917    9.187100    1.518121    1.791537    1.947759    1.983756    0.702703    1.065403    1.925995
Iteration: 256 bestvalit: 49.415000 bestmemit:    0.269113    0.007065    0.076662    0.096424    0.580737    0.253440    0.293738    0.307904    0.414482    0.436617    0.082948    0.320974    4.329556    0.025245    0.007077    0.000444    9.565917    9.187100    1.518121    1.791537    1.947759    1.983756    0.702703    1.065403    1.925995
Iteration: 257 bestvalit: 49.415000 bestmemit:    0.269113    0.007065    0.076662    0.096424    0.580737    0.253440    0.293738    0.307904    0.414482    0.436617    0.082948    0.320974    4.329556    0.025245    0.007077    0.000444    9.565917    9.187100    1.518121    1.791537    1.947759    1.983756    0.702703    1.065403    1.925995
Iteration: 258 bestvalit: 49.415000 bestmemit:    0.269113    0.007065    0.076662    0.096424    0.580737    0.253440    0.293738    0.307904    0.414482    0.436617    0.082948    0.320974    4.329556    0.025245    0.007077    0.000444    9.565917    9.187100    1.518121    1.791537    1.947759    1.983756    0.702703    1.065403    1.925995
Iteration: 259 bestvalit: 49.415000 bestmemit:    0.269113    0.007065    0.076662    0.096424    0.580737    0.253440    0.293738    0.307904    0.414482    0.436617    0.082948    0.320974    4.329556    0.025245    0.007077    0.000444    9.565917    9.187100    1.518121    1.791537    1.947759    1.983756    0.702703    1.065403    1.925995
Iteration: 260 bestvalit: 49.415000 bestmemit:    0.269113    0.007065    0.076662    0.096424    0.580737    0.253440    0.293738    0.307904    0.414482    0.436617    0.082948    0.320974    4.329556    0.025245    0.007077    0.000444    9.565917    9.187100    1.518121    1.791537    1.947759    1.983756    0.702703    1.065403    1.925995
Iteration: 261 bestvalit: 49.415000 bestmemit:    0.269113    0.007065    0.076662    0.096424    0.580737    0.253440    0.293738    0.307904    0.414482    0.436617    0.082948    0.320974    4.329556    0.025245    0.007077    0.000444    9.565917    9.187100    1.518121    1.791537    1.947759    1.983756    0.702703    1.065403    1.925995
Iteration: 262 bestvalit: 49.415000 bestmemit:    0.269113    0.007065    0.076662    0.096424    0.580737    0.253440    0.293738    0.307904    0.414482    0.436617    0.082948    0.320974    4.329556    0.025245    0.007077    0.000444    9.565917    9.187100    1.518121    1.791537    1.947759    1.983756    0.702703    1.065403    1.925995
Iteration: 263 bestvalit: 49.415000 bestmemit:    0.269113    0.007065    0.076662    0.096424    0.580737    0.253440    0.293738    0.307904    0.414482    0.436617    0.082948    0.320974    4.329556    0.025245    0.007077    0.000444    9.565917    9.187100    1.518121    1.791537    1.947759    1.983756    0.702703    1.065403    1.925995
Iteration: 264 bestvalit: 49.415000 bestmemit:    0.269113    0.007065    0.076662    0.096424    0.580737    0.253440    0.293738    0.307904    0.414482    0.436617    0.082948    0.320974    4.329556    0.025245    0.007077    0.000444    9.565917    9.187100    1.518121    1.791537    1.947759    1.983756    0.702703    1.065403    1.925995
Iteration: 265 bestvalit: 49.415000 bestmemit:    0.269113    0.007065    0.076662    0.096424    0.580737    0.253440    0.293738    0.307904    0.414482    0.436617    0.082948    0.320974    4.329556    0.025245    0.007077    0.000444    9.565917    9.187100    1.518121    1.791537    1.947759    1.983756    0.702703    1.065403    1.925995
Iteration: 266 bestvalit: 49.415000 bestmemit:    0.269113    0.007065    0.076662    0.096424    0.580737    0.253440    0.293738    0.307904    0.414482    0.436617    0.082948    0.320974    4.329556    0.025245    0.007077    0.000444    9.565917    9.187100    1.518121    1.791537    1.947759    1.983756    0.702703    1.065403    1.925995
Iteration: 267 bestvalit: 49.415000 bestmemit:    0.269113    0.007065    0.076662    0.096424    0.580737    0.253440    0.293738    0.307904    0.414482    0.436617    0.082948    0.320974    4.329556    0.025245    0.007077    0.000444    9.565917    9.187100    1.518121    1.791537    1.947759    1.983756    0.702703    1.065403    1.925995
Iteration: 268 bestvalit: 49.415000 bestmemit:    0.269113    0.007065    0.076662    0.096424    0.580737    0.253440    0.293738    0.307904    0.414482    0.436617    0.082948    0.320974    4.329556    0.025245    0.007077    0.000444    9.565917    9.187100    1.518121    1.791537    1.947759    1.983756    0.702703    1.065403    1.925995
Iteration: 269 bestvalit: 49.415000 bestmemit:    0.269113    0.007065    0.076662    0.096424    0.580737    0.253440    0.293738    0.307904    0.414482    0.436617    0.082948    0.320974    4.329556    0.025245    0.007077    0.000444    9.565917    9.187100    1.518121    1.791537    1.947759    1.983756    0.702703    1.065403    1.925995
Iteration: 270 bestvalit: 49.415000 bestmemit:    0.269113    0.007065    0.076662    0.096424    0.580737    0.253440    0.293738    0.307904    0.414482    0.436617    0.082948    0.320974    4.329556    0.025245    0.007077    0.000444    9.565917    9.187100    1.518121    1.791537    1.947759    1.983756    0.702703    1.065403    1.925995
Iteration: 271 bestvalit: 49.415000 bestmemit:    0.269113    0.007065    0.076662    0.096424    0.580737    0.253440    0.293738    0.307904    0.414482    0.436617    0.082948    0.320974    4.329556    0.025245    0.007077    0.000444    9.565917    9.187100    1.518121    1.791537    1.947759    1.983756    0.702703    1.065403    1.925995
Iteration: 272 bestvalit: 49.415000 bestmemit:    0.269113    0.007065    0.076662    0.096424    0.580737    0.253440    0.293738    0.307904    0.414482    0.436617    0.082948    0.320974    4.329556    0.025245    0.007077    0.000444    9.565917    9.187100    1.518121    1.791537    1.947759    1.983756    0.702703    1.065403    1.925995
Iteration: 273 bestvalit: 49.415000 bestmemit:    0.269113    0.007065    0.076662    0.096424    0.580737    0.253440    0.293738    0.307904    0.414482    0.436617    0.082948    0.320974    4.329556    0.025245    0.007077    0.000444    9.565917    9.187100    1.518121    1.791537    1.947759    1.983756    0.702703    1.065403    1.925995
Iteration: 274 bestvalit: 47.450000 bestmemit:    0.269113    0.007065    0.076662    0.096424    0.580737    0.253440    0.293738    0.307904    0.414482    0.436617    0.082948    0.320974    4.329556    0.025245    0.007077    0.000444    9.565917    8.704888    1.562485    1.815361    1.931796    1.848044    0.882541    1.065403    1.925995
Iteration: 275 bestvalit: 47.430000 bestmemit:    0.269113    0.007065    0.076662    0.096424    0.580737    0.253440    0.293738    0.307904    0.414482    0.436617    0.082948    0.320974    4.329556    0.025095    0.007077    0.000444    9.565917    8.704888    1.562485    1.815361    1.931796    1.848044    0.882541    1.065403    1.925995
Iteration: 276 bestvalit: 47.420000 bestmemit:    0.269113    0.007065    0.076662    0.096424    0.580737    0.253440    0.293738    0.307904    0.414482    0.436617    0.082948    0.320974    3.486593    0.025095    0.007077    0.000444    9.565917    8.704888    1.562485    1.815361    1.931796    1.848044    0.882541    1.065403    1.925995
Iteration: 277 bestvalit: 47.300000 bestmemit:    0.269113    0.007065    0.076662    0.096424    0.580737    0.253440    0.293738    0.307904    0.414482    0.436617    0.082948    0.320974    3.486593    0.025095    0.007077    0.000444    9.565917    8.704888    1.562485    1.815361    1.931796    1.848044    0.872195    1.065403    1.925995
Iteration: 278 bestvalit: 47.300000 bestmemit:    0.269113    0.007065    0.076662    0.096424    0.580737    0.253440    0.293738    0.307904    0.414482    0.436617    0.082948    0.320974    3.486593    0.025095    0.007077    0.000444    9.565917    8.704888    1.562485    1.815361    1.931796    1.848044    0.872195    1.065403    1.925995
Iteration: 279 bestvalit: 47.300000 bestmemit:    0.269113    0.007065    0.076662    0.096424    0.580737    0.253440    0.293738    0.307904    0.414482    0.436617    0.082948    0.320974    3.486593    0.025095    0.007077    0.000444    9.565917    8.704888    1.562485    1.815361    1.931796    1.848044    0.872195    1.065403    1.925995
Iteration: 280 bestvalit: 46.965000 bestmemit:    0.269113    0.007065    0.076662    0.096424    0.580737    0.253440    0.293738    0.307904    0.414482    0.436617    0.082948    0.320974    3.486593    0.025095    0.007077    0.000444    9.565917    8.704888    1.081630    1.815361    1.931796    1.848044    0.872195    1.065403    1.925995
Iteration: 281 bestvalit: 46.965000 bestmemit:    0.269113    0.007065    0.076662    0.096424    0.580737    0.253440    0.293738    0.307904    0.414482    0.436617    0.082948    0.320974    3.486593    0.025095    0.007077    0.000444    9.565917    8.704888    1.081630    1.815361    1.931796    1.848044    0.872195    1.065403    1.925995
Iteration: 282 bestvalit: 46.785000 bestmemit:    0.269113    0.007065    0.076662    0.096424    0.580737    0.253440    0.293738    0.307904    0.414482    0.436617    0.082948    0.320974    3.486593    0.025095    0.007077    0.000444    9.565917    8.331306    1.021088    1.815361    1.931796    1.848044    0.872195    1.065403    1.925995
Iteration: 283 bestvalit: 46.785000 bestmemit:    0.269113    0.007065    0.076662    0.096424    0.580737    0.253440    0.293738    0.307904    0.414482    0.436617    0.082948    0.320974    3.486593    0.025095    0.007077    0.000444    9.565917    8.331306    1.021088    1.815361    1.931796    1.848044    0.872195    1.065403    1.925995
Iteration: 284 bestvalit: 46.785000 bestmemit:    0.269113    0.007065    0.076662    0.096424    0.580737    0.253440    0.293738    0.307904    0.414482    0.436617    0.082948    0.320974    3.486593    0.025095    0.007077    0.000444    9.565917    8.331306    1.021088    1.815361    1.931796    1.848044    0.872195    1.065403    1.925995
Iteration: 285 bestvalit: 46.785000 bestmemit:    0.269113    0.007065    0.076662    0.096424    0.580737    0.253440    0.293738    0.307904    0.414482    0.436617    0.082948    0.320974    3.486593    0.025095    0.007077    0.000444    9.565917    8.331306    1.021088    1.815361    1.931796    1.848044    0.872195    1.065403    1.925995
Iteration: 286 bestvalit: 46.785000 bestmemit:    0.269113    0.007065    0.076662    0.096424    0.580737    0.253440    0.293738    0.307904    0.414482    0.436617    0.082948    0.320974    3.486593    0.025095    0.007077    0.000444    9.565917    8.331306    1.021088    1.815361    1.931796    1.848044    0.872195    1.065403    1.925995
Iteration: 287 bestvalit: 46.785000 bestmemit:    0.269113    0.007065    0.076662    0.096424    0.580737    0.253440    0.293738    0.307904    0.414482    0.436617    0.082948    0.320974    3.486593    0.025095    0.007077    0.000444    9.565917    8.331306    1.021088    1.815361    1.931796    1.848044    0.872195    1.065403    1.925995
Iteration: 288 bestvalit: 46.785000 bestmemit:    0.269113    0.007065    0.076662    0.096424    0.580737    0.253440    0.293738    0.307904    0.414482    0.436617    0.082948    0.320974    3.486593    0.025095    0.007077    0.000444    9.565917    8.331306    1.021088    1.815361    1.931796    1.848044    0.872195    1.065403    1.925995
Iteration: 289 bestvalit: 46.785000 bestmemit:    0.269113    0.007065    0.076662    0.096424    0.580737    0.253440    0.293738    0.307904    0.414482    0.436617    0.082948    0.320974    3.486593    0.025095    0.007077    0.000444    9.565917    8.331306    1.021088    1.815361    1.931796    1.848044    0.872195    1.065403    1.925995
Iteration: 290 bestvalit: 46.785000 bestmemit:    0.269113    0.007065    0.076662    0.096424    0.580737    0.253440    0.293738    0.307904    0.414482    0.436617    0.082948    0.320974    3.486593    0.025095    0.007077    0.000444    9.565917    8.331306    1.021088    1.815361    1.931796    1.848044    0.872195    1.065403    1.925995
Iteration: 291 bestvalit: 46.785000 bestmemit:    0.269113    0.007065    0.076662    0.096424    0.580737    0.253440    0.293738    0.307904    0.414482    0.436617    0.082948    0.320974    3.486593    0.025095    0.007077    0.000444    9.565917    8.331306    1.021088    1.815361    1.931796    1.848044    0.872195    1.065403    1.925995
Iteration: 292 bestvalit: 46.785000 bestmemit:    0.269113    0.007065    0.076662    0.096424    0.580737    0.253440    0.293738    0.307904    0.414482    0.436617    0.082948    0.320974    3.486593    0.025095    0.007077    0.000444    9.565917    8.331306    1.021088    1.815361    1.931796    1.848044    0.872195    1.065403    1.925995
Iteration: 293 bestvalit: 46.785000 bestmemit:    0.269113    0.007065    0.076662    0.096424    0.580737    0.253440    0.293738    0.307904    0.414482    0.436617    0.082948    0.320974    3.486593    0.025095    0.007077    0.000444    9.565917    8.331306    1.021088    1.815361    1.931796    1.848044    0.872195    1.065403    1.925995
Iteration: 294 bestvalit: 46.785000 bestmemit:    0.269113    0.007065    0.076662    0.096424    0.580737    0.253440    0.293738    0.307904    0.414482    0.436617    0.082948    0.320974    3.486593    0.025095    0.007077    0.000444    9.565917    8.331306    1.021088    1.815361    1.931796    1.848044    0.872195    1.065403    1.925995
Iteration: 295 bestvalit: 46.785000 bestmemit:    0.269113    0.007065    0.076662    0.096424    0.580737    0.253440    0.293738    0.307904    0.414482    0.436617    0.082948    0.320974    3.486593    0.025095    0.007077    0.000444    9.565917    8.331306    1.021088    1.815361    1.931796    1.848044    0.872195    1.065403    1.925995
Iteration: 296 bestvalit: 46.785000 bestmemit:    0.269113    0.007065    0.076662    0.096424    0.580737    0.253440    0.293738    0.307904    0.414482    0.436617    0.082948    0.320974    3.486593    0.025095    0.007077    0.000444    9.565917    8.331306    1.021088    1.815361    1.931796    1.848044    0.872195    1.065403    1.925995
Iteration: 297 bestvalit: 46.785000 bestmemit:    0.269113    0.007065    0.076662    0.096424    0.580737    0.253440    0.293738    0.307904    0.414482    0.436617    0.082948    0.320974    3.486593    0.025095    0.007077    0.000444    9.565917    8.331306    1.021088    1.815361    1.931796    1.848044    0.872195    1.065403    1.925995
Iteration: 298 bestvalit: 46.785000 bestmemit:    0.269113    0.007065    0.076662    0.096424    0.580737    0.253440    0.293738    0.307904    0.414482    0.436617    0.082948    0.320974    3.486593    0.025095    0.007077    0.000444    9.565917    8.331306    1.021088    1.815361    1.931796    1.848044    0.872195    1.065403    1.925995
Iteration: 299 bestvalit: 46.785000 bestmemit:    0.269113    0.007065    0.076662    0.096424    0.580737    0.253440    0.293738    0.307904    0.414482    0.436617    0.082948    0.320974    3.486593    0.025095    0.007077    0.000444    9.565917    8.331306    1.021088    1.815361    1.931796    1.848044    0.872195    1.065403    1.925995
Iteration: 300 bestvalit: 46.785000 bestmemit:    0.269113    0.007065    0.076662    0.096424    0.580737    0.253440    0.293738    0.307904    0.414482    0.436617    0.082948    0.320974    3.486593    0.025095    0.007077    0.000444    9.565917    8.331306    1.021088    1.815361    1.931796    1.848044    0.872195    1.065403    1.925995
Iteration: 301 bestvalit: 46.785000 bestmemit:    0.269113    0.007065    0.076662    0.096424    0.580737    0.253440    0.293738    0.307904    0.414482    0.436617    0.082948    0.320974    3.486593    0.025095    0.007077    0.000444    9.565917    8.331306    1.021088    1.815361    1.931796    1.848044    0.872195    1.065403    1.925995
Iteration: 302 bestvalit: 46.785000 bestmemit:    0.269113    0.007065    0.076662    0.096424    0.580737    0.253440    0.293738    0.307904    0.414482    0.436617    0.082948    0.320974    3.486593    0.025095    0.007077    0.000444    9.565917    8.331306    1.021088    1.815361    1.931796    1.848044    0.872195    1.065403    1.925995
Iteration: 303 bestvalit: 46.785000 bestmemit:    0.269113    0.007065    0.076662    0.096424    0.580737    0.253440    0.293738    0.307904    0.414482    0.436617    0.082948    0.320974    3.486593    0.025095    0.007077    0.000444    9.565917    8.331306    1.021088    1.815361    1.931796    1.848044    0.872195    1.065403    1.925995
Iteration: 304 bestvalit: 46.775000 bestmemit:    0.269113    0.007065    0.076662    0.096424    0.572028    0.253440    0.293738    0.307904    0.414482    0.436617    0.082948    0.320974    3.486593    0.025095    0.007077    0.000444    9.565917    8.331306    1.021088    1.815361    1.931796    1.848044    0.872195    1.065403    1.925995
Iteration: 305 bestvalit: 46.775000 bestmemit:    0.269113    0.007065    0.076662    0.096424    0.572028    0.253440    0.293738    0.307904    0.414482    0.436617    0.082948    0.320974    3.486593    0.025095    0.007077    0.000444    9.565917    8.331306    1.021088    1.815361    1.931796    1.848044    0.872195    1.065403    1.925995
Iteration: 306 bestvalit: 46.775000 bestmemit:    0.269113    0.007065    0.076662    0.096424    0.572028    0.253440    0.293738    0.307904    0.414482    0.436617    0.082948    0.320974    3.486593    0.025095    0.007077    0.000444    9.565917    8.331306    1.021088    1.815361    1.931796    1.848044    0.872195    1.065403    1.925995
Iteration: 307 bestvalit: 46.775000 bestmemit:    0.269113    0.007065    0.076662    0.096424    0.572028    0.253440    0.293738    0.307904    0.414482    0.436617    0.082948    0.320974    3.486593    0.025095    0.007077    0.000444    9.565917    8.331306    1.021088    1.815361    1.931796    1.848044    0.872195    1.065403    1.925995
Iteration: 308 bestvalit: 46.775000 bestmemit:    0.269113    0.007065    0.076662    0.096424    0.572028    0.253440    0.293738    0.307904    0.414482    0.436617    0.082948    0.320974    3.486593    0.025095    0.007077    0.000444    9.565917    8.331306    1.021088    1.815361    1.931796    1.848044    0.872195    1.065403    1.925995
Iteration: 309 bestvalit: 46.775000 bestmemit:    0.269113    0.007065    0.076662    0.096424    0.572028    0.253440    0.293738    0.307904    0.414482    0.436617    0.082948    0.320974    3.486593    0.025095    0.007077    0.000444    9.565917    8.331306    1.021088    1.815361    1.931796    1.848044    0.872195    1.065403    1.925995
Iteration: 310 bestvalit: 46.775000 bestmemit:    0.269113    0.007065    0.076662    0.096424    0.572028    0.253440    0.293738    0.307904    0.414482    0.436617    0.082948    0.320974    3.486593    0.025095    0.007077    0.000444    9.565917    8.331306    1.021088    1.815361    1.931796    1.848044    0.872195    1.065403    1.925995
Iteration: 311 bestvalit: 46.775000 bestmemit:    0.269113    0.007065    0.076662    0.096424    0.572028    0.253440    0.293738    0.307904    0.414482    0.436617    0.082948    0.320974    3.486593    0.025095    0.007077    0.000444    9.565917    8.331306    1.021088    1.815361    1.931796    1.848044    0.872195    1.065403    1.925995
Iteration: 312 bestvalit: 46.775000 bestmemit:    0.269113    0.007065    0.076662    0.096424    0.572028    0.253440    0.293738    0.307904    0.414482    0.436617    0.082948    0.320974    3.486593    0.025095    0.007077    0.000444    9.565917    8.331306    1.021088    1.815361    1.931796    1.848044    0.872195    1.065403    1.925995
Iteration: 313 bestvalit: 46.775000 bestmemit:    0.269113    0.007065    0.076662    0.096424    0.572028    0.253440    0.293738    0.307904    0.414482    0.436617    0.082948    0.320974    3.486593    0.025095    0.007077    0.000444    9.565917    8.331306    1.021088    1.815361    1.931796    1.848044    0.872195    1.065403    1.925995
Iteration: 314 bestvalit: 46.775000 bestmemit:    0.269113    0.007065    0.076662    0.096424    0.572028    0.253440    0.293738    0.307904    0.414482    0.436617    0.082948    0.320974    3.486593    0.025095    0.007077    0.000444    9.565917    8.331306    1.021088    1.815361    1.931796    1.848044    0.872195    1.065403    1.925995
Iteration: 315 bestvalit: 46.775000 bestmemit:    0.269113    0.007065    0.076662    0.096424    0.572028    0.253440    0.293738    0.307904    0.414482    0.436617    0.082948    0.320974    3.486593    0.025095    0.007077    0.000444    9.565917    8.331306    1.021088    1.815361    1.931796    1.848044    0.872195    1.065403    1.925995
Iteration: 316 bestvalit: 46.775000 bestmemit:    0.269113    0.007065    0.076662    0.096424    0.572028    0.253440    0.293738    0.307904    0.414482    0.436617    0.082948    0.320974    3.486593    0.025095    0.007077    0.000444    9.565917    8.331306    1.021088    1.815361    1.931796    1.848044    0.872195    1.065403    1.925995
Iteration: 317 bestvalit: 46.775000 bestmemit:    0.269113    0.007065    0.076662    0.096424    0.572028    0.253440    0.293738    0.307904    0.414482    0.436617    0.082948    0.320974    3.486593    0.025095    0.007077    0.000444    9.565917    8.331306    1.021088    1.815361    1.931796    1.848044    0.872195    1.065403    1.925995
Iteration: 318 bestvalit: 44.635000 bestmemit:    0.296886    0.010997    0.013542    0.063745    0.240845    0.280164    0.118695    0.310847    0.439804    0.461815    0.333376    0.330373    4.902729    0.085101    0.009296    0.002313    9.782038    7.531472    1.152529    1.988134    1.935965    1.939617    0.932437    1.125341    1.906178
Iteration: 319 bestvalit: 44.620000 bestmemit:    0.296886    0.010997    0.013542    0.063745    0.240845    0.280164    0.118695    0.310847    0.439804    0.461815    0.333376    0.330373    4.902729    0.085101    0.009296    0.002313    9.782038    7.531472    1.152529    1.988134    1.935965    1.939617    0.932437    1.177439    1.906178
Iteration: 320 bestvalit: 44.620000 bestmemit:    0.296886    0.010997    0.013542    0.063745    0.240845    0.280164    0.118695    0.310847    0.439804    0.461815    0.333376    0.330373    4.902729    0.085101    0.009296    0.002313    9.782038    7.531472    1.152529    1.988134    1.935965    1.939617    0.932437    1.177439    1.906178
Iteration: 321 bestvalit: 44.620000 bestmemit:    0.296886    0.010997    0.013542    0.063745    0.240845    0.280164    0.118695    0.310847    0.439804    0.461815    0.333376    0.330373    4.902729    0.085101    0.009296    0.002313    9.782038    7.531472    1.152529    1.988134    1.935965    1.939617    0.932437    1.177439    1.906178
Iteration: 322 bestvalit: 44.620000 bestmemit:    0.296886    0.010997    0.013542    0.063745    0.240845    0.280164    0.118695    0.310847    0.439804    0.461815    0.333376    0.330373    4.902729    0.085101    0.009296    0.002313    9.782038    7.531472    1.152529    1.988134    1.935965    1.939617    0.932437    1.177439    1.906178
Iteration: 323 bestvalit: 44.620000 bestmemit:    0.296886    0.010997    0.013542    0.063745    0.240845    0.280164    0.118695    0.310847    0.439804    0.461815    0.333376    0.330373    4.902729    0.085101    0.009296    0.002313    9.782038    7.531472    1.152529    1.988134    1.935965    1.939617    0.932437    1.177439    1.906178
Iteration: 324 bestvalit: 44.620000 bestmemit:    0.296886    0.010997    0.013542    0.063745    0.240845    0.280164    0.118695    0.310847    0.439804    0.461815    0.333376    0.330373    4.902729    0.085101    0.009296    0.002313    9.782038    7.531472    1.152529    1.988134    1.935965    1.939617    0.932437    1.177439    1.906178
Iteration: 325 bestvalit: 44.620000 bestmemit:    0.296886    0.010997    0.013542    0.063745    0.240845    0.280164    0.118695    0.310847    0.439804    0.461815    0.333376    0.330373    4.902729    0.085101    0.009296    0.002313    9.782038    7.531472    1.152529    1.988134    1.935965    1.939617    0.932437    1.177439    1.906178
Iteration: 326 bestvalit: 44.620000 bestmemit:    0.296886    0.010997    0.013542    0.063745    0.240845    0.280164    0.118695    0.310847    0.439804    0.461815    0.333376    0.330373    4.902729    0.085101    0.009296    0.002313    9.782038    7.531472    1.152529    1.988134    1.935965    1.939617    0.932437    1.177439    1.906178
Iteration: 327 bestvalit: 44.620000 bestmemit:    0.296886    0.010997    0.013542    0.063745    0.240845    0.280164    0.118695    0.310847    0.439804    0.461815    0.333376    0.330373    4.902729    0.085101    0.009296    0.002313    9.782038    7.531472    1.152529    1.988134    1.935965    1.939617    0.932437    1.197120    1.906178
Iteration: 328 bestvalit: 44.620000 bestmemit:    0.296886    0.010997    0.013542    0.063745    0.240845    0.280164    0.118695    0.310847    0.439804    0.461815    0.333376    0.330373    4.902729    0.085101    0.009296    0.002313    9.782038    7.531472    1.152529    1.988134    1.935965    1.939617    0.932437    1.197120    1.906178
Iteration: 329 bestvalit: 44.620000 bestmemit:    0.296886    0.010997    0.013542    0.063745    0.240845    0.280164    0.118695    0.310847    0.439804    0.461815    0.333376    0.330373    4.902729    0.085101    0.009296    0.002313    9.782038    7.531472    1.152529    1.988134    1.935965    1.939617    0.932437    1.197120    1.906178
Iteration: 330 bestvalit: 44.620000 bestmemit:    0.296886    0.010997    0.013542    0.063745    0.240845    0.280164    0.118695    0.310847    0.439804    0.461815    0.333376    0.330373    4.902729    0.085101    0.009296    0.002313    9.782038    7.531472    1.152529    1.988134    1.935965    1.939617    0.932437    1.197120    1.906178
Iteration: 331 bestvalit: 44.620000 bestmemit:    0.296886    0.010997    0.013542    0.063745    0.240845    0.280164    0.118695    0.310847    0.439804    0.461815    0.333376    0.330373    4.902729    0.085101    0.009296    0.002313    9.782038    7.531472    1.152529    1.988134    1.935965    1.939617    0.932437    1.197120    1.906178
Iteration: 332 bestvalit: 44.620000 bestmemit:    0.296886    0.010997    0.013542    0.063745    0.240845    0.280164    0.118695    0.310847    0.439804    0.461815    0.333376    0.330373    4.902729    0.085101    0.009296    0.002313    9.782038    7.531472    1.152529    1.988134    1.935965    1.939617    0.932437    1.197120    1.906178
Iteration: 333 bestvalit: 44.620000 bestmemit:    0.296886    0.010997    0.013542    0.063745    0.240845    0.280164    0.118695    0.310847    0.439804    0.461815    0.333376    0.330373    4.902729    0.085101    0.009296    0.002313    9.782038    7.531472    1.152529    1.988134    1.935965    1.939617    0.932437    1.197120    1.906178
Iteration: 334 bestvalit: 44.620000 bestmemit:    0.296886    0.010997    0.013542    0.063745    0.240845    0.280164    0.118695    0.310847    0.439804    0.461815    0.333376    0.330373    4.902729    0.085101    0.009296    0.002313    9.782038    7.531472    1.152529    1.988134    1.935965    1.939617    0.932437    1.197120    1.906178
Iteration: 335 bestvalit: 44.620000 bestmemit:    0.296886    0.010997    0.013542    0.063745    0.240845    0.280164    0.118695    0.310847    0.439804    0.461815    0.333376    0.330373    4.902729    0.085101    0.009296    0.002313    9.782038    7.531472    1.152529    1.988134    1.935965    1.939617    0.932437    1.197120    1.906178
Iteration: 336 bestvalit: 43.790000 bestmemit:    0.296886    0.010997    0.013542    0.063745    0.240845    0.280164    0.118695    0.310847    0.439804    0.461815    0.333376    0.330373    4.902729    0.085101    0.009296    0.002313    9.782038    7.531472    1.152529    1.988134    1.935965    1.993142    0.976138    0.939018    1.906178
Iteration: 337 bestvalit: 43.790000 bestmemit:    0.296886    0.010997    0.013542    0.063745    0.240845    0.280164    0.118695    0.310847    0.439804    0.461815    0.333376    0.330373    4.902729    0.085101    0.009296    0.002313    9.782038    7.531472    1.152529    1.988134    1.935965    1.993142    0.976138    0.939018    1.906178
Iteration: 338 bestvalit: 43.745000 bestmemit:    0.296886    0.010997    0.013542    0.063745    0.240845    0.280164    0.118695    0.310847    0.439804    0.461815    0.333376    0.330373    4.902729    0.085101    0.009296    0.002313    9.782038    7.531472    1.152529    1.988134    1.935965    1.993142    0.976138    0.939018    1.901842
Iteration: 339 bestvalit: 43.745000 bestmemit:    0.296886    0.010997    0.013542    0.063745    0.240845    0.280164    0.118695    0.310847    0.439804    0.461815    0.333376    0.330373    4.902729    0.085101    0.009296    0.002313    9.782038    7.531472    1.152529    1.988134    1.935965    1.993142    0.976138    0.939018    1.901842
Iteration: 340 bestvalit: 43.745000 bestmemit:    0.296886    0.010997    0.013542    0.063745    0.240845    0.280164    0.118695    0.310847    0.439804    0.461815    0.333376    0.330373    4.902729    0.085101    0.009296    0.002313    9.782038    7.531472    1.152529    1.988134    1.935965    1.993142    0.976138    0.939018    1.901842
Iteration: 341 bestvalit: 43.745000 bestmemit:    0.296886    0.010997    0.013542    0.063745    0.240845    0.280164    0.118695    0.310847    0.439804    0.461815    0.333376    0.330373    4.902729    0.085101    0.009296    0.002313    9.782038    7.531472    1.152529    1.988134    1.935965    1.993142    0.976138    0.939018    1.901842
Iteration: 342 bestvalit: 43.745000 bestmemit:    0.296886    0.010997    0.013542    0.063745    0.240845    0.280164    0.118695    0.310847    0.439804    0.461815    0.333376    0.330373    4.902729    0.085101    0.009296    0.002313    9.782038    7.531472    1.152529    1.988134    1.935965    1.993142    0.976138    0.939018    1.901842
Iteration: 343 bestvalit: 43.630000 bestmemit:    0.296886    0.010997    0.013542    0.063745    0.240845    0.280164    0.118695    0.310847    0.439804    0.461815    0.333376    0.330373    4.902729    0.085101    0.009296    0.002313    9.782038    7.531472    1.152529    1.988134    1.940541    1.993142    0.976138    0.939018    1.901842
Iteration: 344 bestvalit: 43.630000 bestmemit:    0.296886    0.010997    0.013542    0.063745    0.240845    0.280164    0.118695    0.310847    0.439804    0.461815    0.333376    0.330373    4.902729    0.085101    0.009296    0.002313    9.782038    7.531472    1.152529    1.988134    1.940541    1.993142    0.976138    0.939018    1.901842
Iteration: 345 bestvalit: 43.630000 bestmemit:    0.296886    0.010997    0.013542    0.063745    0.240845    0.280164    0.118695    0.310847    0.439804    0.461815    0.333376    0.330373    4.902729    0.085101    0.009296    0.002313    9.782038    7.531472    1.152529    1.988134    1.940541    1.993142    0.976138    0.939018    1.901842
Iteration: 346 bestvalit: 43.630000 bestmemit:    0.296886    0.010997    0.013542    0.063745    0.240845    0.280164    0.118695    0.310847    0.439804    0.461815    0.333376    0.330373    4.902729    0.085101    0.009296    0.002313    9.782038    7.531472    1.152529    1.988134    1.940541    1.993142    0.976138    0.939018    1.901842
Iteration: 347 bestvalit: 43.630000 bestmemit:    0.296886    0.010997    0.013542    0.063745    0.240845    0.280164    0.118695    0.310847    0.439804    0.461815    0.333376    0.330373    4.902729    0.085101    0.009296    0.002313    9.782038    7.531472    1.152529    1.988134    1.940541    1.993142    0.976138    0.939018    1.901842
Iteration: 348 bestvalit: 43.605000 bestmemit:    0.296886    0.010997    0.013542    0.063745    0.240845    0.280164    0.118695    0.310847    0.455839    0.461815    0.333376    0.330373    4.902729    0.085101    0.009296    0.002313    9.782038    7.531472    1.152529    1.988134    1.940541    1.993142    0.976138    0.939018    1.901842
Iteration: 349 bestvalit: 43.605000 bestmemit:    0.296886    0.010997    0.013542    0.063745    0.240845    0.280164    0.118695    0.310847    0.455839    0.461815    0.333376    0.330373    4.902729    0.085101    0.009296    0.002313    9.782038    7.531472    1.152529    1.988134    1.940541    1.993142    0.976138    0.939018    1.901842
Iteration: 350 bestvalit: 43.605000 bestmemit:    0.296886    0.010997    0.013542    0.063745    0.240845    0.280164    0.118695    0.310847    0.455839    0.461815    0.333376    0.330373    4.902729    0.085101    0.009296    0.002313    9.782038    7.531472    1.152529    1.988134    1.940541    1.993142    0.976138    0.939018    1.901842
Iteration: 351 bestvalit: 43.605000 bestmemit:    0.296886    0.010997    0.013542    0.063745    0.240845    0.280164    0.118695    0.310847    0.455839    0.461815    0.333376    0.330373    4.902729    0.085101    0.009296    0.002313    9.782038    7.531472    1.152529    1.988134    1.940541    1.993142    0.976138    0.939018    1.901842
Iteration: 352 bestvalit: 43.605000 bestmemit:    0.296886    0.010997    0.013542    0.063745    0.240845    0.280164    0.118695    0.310847    0.455839    0.461815    0.333376    0.330373    4.902729    0.085101    0.009296    0.002313    9.782038    7.531472    1.152529    1.988134    1.940541    1.993142    0.976138    0.939018    1.901842
Iteration: 353 bestvalit: 43.605000 bestmemit:    0.296886    0.010997    0.013542    0.063745    0.240845    0.280164    0.118695    0.310847    0.455839    0.461815    0.333376    0.330373    4.902729    0.085101    0.009296    0.002313    9.782038    7.531472    1.152529    1.988134    1.940541    1.993142    0.976138    0.939018    1.901842
Iteration: 354 bestvalit: 41.605000 bestmemit:    0.296886    0.010997    0.013542    0.063745    0.240845    0.280164    0.118695    0.310847    0.455839    0.461815    0.342981    0.416608    0.547112    0.080230    0.009296    0.002313    9.782038    7.531472    1.152529    1.988134    1.940541    1.993142    0.976138    0.939018    1.901842
Iteration: 355 bestvalit: 41.605000 bestmemit:    0.296886    0.010997    0.013542    0.063745    0.240845    0.280164    0.118695    0.310847    0.455839    0.461815    0.342981    0.416608    0.547112    0.080230    0.009296    0.002313    9.782038    7.531472    1.152529    1.988134    1.940541    1.993142    0.976138    0.939018    1.901842
Iteration: 356 bestvalit: 41.605000 bestmemit:    0.296886    0.010997    0.013542    0.063745    0.240845    0.280164    0.118695    0.310847    0.455839    0.461815    0.342981    0.416608    0.547112    0.080230    0.009296    0.002313    9.782038    7.531472    1.152529    1.988134    1.940541    1.993142    0.976138    0.939018    1.901842
Iteration: 357 bestvalit: 41.605000 bestmemit:    0.296886    0.010997    0.013542    0.063745    0.240845    0.280164    0.118695    0.310847    0.455839    0.461815    0.342981    0.416608    0.547112    0.080230    0.009296    0.002313    9.782038    7.531472    1.152529    1.988134    1.940541    1.993142    0.976138    0.939018    1.901842
Iteration: 358 bestvalit: 41.605000 bestmemit:    0.296886    0.010997    0.013542    0.063745    0.240845    0.280164    0.118695    0.310847    0.455839    0.461815    0.342981    0.416608    0.547112    0.080230    0.009296    0.002313    9.782038    7.531472    1.152529    1.988134    1.940541    1.993142    0.976138    0.939018    1.901842
Iteration: 359 bestvalit: 41.605000 bestmemit:    0.296886    0.010997    0.013542    0.063745    0.240845    0.280164    0.118695    0.310847    0.455839    0.461815    0.342981    0.416608    0.547112    0.080230    0.009296    0.002313    9.782038    7.531472    1.152529    1.988134    1.940541    1.993142    0.976138    0.939018    1.901842
Iteration: 360 bestvalit: 41.605000 bestmemit:    0.296886    0.010997    0.013542    0.063745    0.240845    0.280164    0.118695    0.310847    0.455839    0.461815    0.342981    0.416608    0.547112    0.080230    0.009296    0.002313    9.782038    7.531472    1.152529    1.988134    1.940541    1.993142    0.976138    0.939018    1.901842
Iteration: 361 bestvalit: 41.605000 bestmemit:    0.296886    0.010997    0.013542    0.063745    0.240845    0.280164    0.118695    0.310847    0.455839    0.461815    0.342981    0.416608    0.547112    0.080230    0.009296    0.002313    9.782038    7.531472    1.152529    1.988134    1.940541    1.993142    0.976138    0.939018    1.901842
Iteration: 362 bestvalit: 41.605000 bestmemit:    0.296886    0.010997    0.013542    0.063745    0.240845    0.280164    0.118695    0.310847    0.455839    0.461815    0.342981    0.416608    0.547112    0.080230    0.009296    0.002313    9.782038    7.531472    1.152529    1.988134    1.940541    1.993142    0.976138    0.939018    1.901842
Iteration: 363 bestvalit: 41.605000 bestmemit:    0.296886    0.010997    0.013542    0.063745    0.240845    0.280164    0.118695    0.310847    0.455839    0.461815    0.342981    0.416608    0.547112    0.080230    0.009296    0.002313    9.782038    7.531472    1.152529    1.988134    1.940541    1.993142    0.976138    0.939018    1.901842
Iteration: 364 bestvalit: 41.605000 bestmemit:    0.296886    0.010997    0.013542    0.063745    0.240845    0.280164    0.118695    0.310847    0.455839    0.461815    0.342981    0.416608    0.547112    0.080230    0.009296    0.002313    9.782038    7.531472    1.152529    1.988134    1.940541    1.993142    0.976138    0.939018    1.901842
Iteration: 365 bestvalit: 41.605000 bestmemit:    0.296886    0.010997    0.013542    0.063745    0.240845    0.280164    0.118695    0.310847    0.455839    0.461815    0.342981    0.416608    0.547112    0.080230    0.009296    0.002313    9.782038    7.531472    1.152529    1.988134    1.940541    1.993142    0.976138    0.939018    1.901842
Iteration: 366 bestvalit: 41.605000 bestmemit:    0.296886    0.010997    0.013542    0.063745    0.240845    0.280164    0.118695    0.310847    0.455839    0.461815    0.342981    0.416608    0.547112    0.080230    0.009296    0.002313    9.782038    7.531472    1.152529    1.988134    1.940541    1.993142    0.976138    0.939018    1.901842
Iteration: 367 bestvalit: 41.605000 bestmemit:    0.296886    0.010997    0.013542    0.063745    0.240845    0.280164    0.118695    0.310847    0.455839    0.461815    0.342981    0.416608    0.547112    0.080230    0.009296    0.002313    9.782038    7.531472    1.152529    1.988134    1.940541    1.993142    0.976138    0.939018    1.901842
Iteration: 368 bestvalit: 41.605000 bestmemit:    0.296886    0.010997    0.013542    0.063745    0.240845    0.280164    0.118695    0.310847    0.455839    0.461815    0.342981    0.416608    0.590064    0.080230    0.009296    0.002313    9.782038    7.531472    1.152529    1.988134    1.940541    1.993142    0.976138    0.939018    1.901842
Iteration: 369 bestvalit: 41.605000 bestmemit:    0.296886    0.010997    0.013542    0.063745    0.240845    0.280164    0.118695    0.310847    0.455839    0.461815    0.342981    0.416608    0.590064    0.080230    0.009296    0.002313    9.782038    7.531472    1.152529    1.988134    1.940541    1.993142    0.976138    0.939018    1.901842
Iteration: 370 bestvalit: 41.605000 bestmemit:    0.296886    0.010997    0.013542    0.063745    0.240845    0.280164    0.118695    0.310847    0.455839    0.461815    0.342981    0.416608    0.590064    0.080230    0.009296    0.002313    9.782038    7.531472    1.152529    1.988134    1.940541    1.993142    0.976138    0.939018    1.901842
Iteration: 371 bestvalit: 41.605000 bestmemit:    0.296886    0.010997    0.013542    0.063745    0.240845    0.280164    0.118695    0.310847    0.455839    0.461815    0.342981    0.416608    0.590064    0.080230    0.009296    0.002313    9.782038    7.531472    1.152529    1.988134    1.940541    1.993142    0.976138    0.939018    1.901842
Iteration: 372 bestvalit: 41.605000 bestmemit:    0.296886    0.010997    0.013542    0.063745    0.240845    0.280164    0.118695    0.310847    0.455839    0.461815    0.342981    0.416608    0.590064    0.080230    0.009296    0.002313    9.782038    7.531472    1.152529    1.988134    1.940541    1.993142    0.976138    0.939018    1.901842
Iteration: 373 bestvalit: 41.605000 bestmemit:    0.296886    0.010997    0.013542    0.063745    0.240845    0.280164    0.118695    0.310847    0.455839    0.461815    0.342981    0.416608    0.590064    0.080230    0.009296    0.002313    9.782038    7.531472    1.152529    1.988134    1.940541    1.993142    0.976138    0.939018    1.901842
Iteration: 374 bestvalit: 41.605000 bestmemit:    0.296886    0.010997    0.013542    0.063745    0.240845    0.280164    0.118695    0.310847    0.455839    0.461815    0.342981    0.416608    0.590064    0.080230    0.009296    0.002313    9.782038    7.531472    1.152529    1.988134    1.940541    1.993142    0.976138    0.939018    1.901842
Iteration: 375 bestvalit: 41.605000 bestmemit:    0.296886    0.010997    0.013542    0.063745    0.240845    0.280164    0.118695    0.310847    0.455839    0.461815    0.342981    0.416608    0.590064    0.080230    0.009296    0.002313    9.782038    7.531472    1.152529    1.988134    1.940541    1.993142    0.976138    0.939018    1.901842
Iteration: 376 bestvalit: 41.605000 bestmemit:    0.296886    0.010997    0.013542    0.063745    0.240845    0.280164    0.118695    0.310847    0.455839    0.461815    0.342981    0.416608    0.590064    0.080230    0.009296    0.002313    9.782038    7.531472    1.152529    1.988134    1.940541    1.993142    0.976138    0.939018    1.901842
Iteration: 377 bestvalit: 41.605000 bestmemit:    0.296886    0.010997    0.013542    0.063745    0.240845    0.280164    0.118695    0.310847    0.455839    0.461815    0.342981    0.416608    0.590064    0.080230    0.009296    0.002313    9.782038    7.531472    1.152529    1.988134    1.940541    1.993142    0.976138    0.939018    1.901842
Iteration: 378 bestvalit: 41.605000 bestmemit:    0.296886    0.010997    0.013542    0.063745    0.240845    0.280164    0.118695    0.310847    0.455839    0.461815    0.342981    0.416608    0.590064    0.080230    0.009296    0.002313    9.782038    7.531472    1.152529    1.988134    1.940541    1.993142    0.976138    0.939018    1.901842
Iteration: 379 bestvalit: 41.605000 bestmemit:    0.296886    0.010997    0.013542    0.063745    0.240845    0.280164    0.118695    0.310847    0.455839    0.461815    0.342981    0.416608    0.590064    0.080230    0.009296    0.002313    9.782038    7.531472    1.152529    1.988134    1.940541    1.993142    0.976138    0.939018    1.901842
Iteration: 380 bestvalit: 41.605000 bestmemit:    0.296886    0.010997    0.013542    0.063745    0.240845    0.280164    0.118695    0.310847    0.455839    0.461815    0.342981    0.416608    0.590064    0.080230    0.009296    0.002313    9.782038    7.531472    1.152529    1.988134    1.940541    1.993142    0.976138    0.939018    1.901842
Iteration: 381 bestvalit: 41.605000 bestmemit:    0.296886    0.010997    0.013542    0.063745    0.240845    0.280164    0.118695    0.310847    0.455839    0.461815    0.342981    0.416608    0.590064    0.080230    0.009296    0.002313    9.782038    7.531472    1.152529    1.988134    1.940541    1.993142    0.976138    0.939018    1.901842
Iteration: 382 bestvalit: 41.605000 bestmemit:    0.296886    0.010997    0.013542    0.063745    0.240845    0.280164    0.118695    0.310847    0.455839    0.461815    0.342981    0.416608    0.590064    0.080230    0.009296    0.002313    9.782038    7.531472    1.152529    1.988134    1.940541    1.993142    0.976138    0.939018    1.901842
Iteration: 383 bestvalit: 41.605000 bestmemit:    0.296886    0.010997    0.013542    0.063745    0.240845    0.280164    0.118695    0.310847    0.455839    0.461815    0.342981    0.416608    0.590064    0.080230    0.009296    0.002313    9.782038    7.531472    1.152529    1.988134    1.940541    1.993142    0.976138    0.939018    1.901842
Iteration: 384 bestvalit: 41.605000 bestmemit:    0.296886    0.010997    0.013542    0.063745    0.240845    0.280164    0.118695    0.310847    0.455839    0.461815    0.342981    0.416608    0.590064    0.080230    0.009296    0.002313    9.782038    7.531472    1.152529    1.988134    1.940541    1.993142    0.976138    0.939018    1.901842
Iteration: 385 bestvalit: 41.605000 bestmemit:    0.296886    0.010997    0.013542    0.063745    0.240845    0.280164    0.118695    0.310847    0.455839    0.461815    0.342981    0.416608    0.590064    0.080230    0.009296    0.002313    9.782038    7.531472    1.152529    1.988134    1.940541    1.993142    0.976138    0.939018    1.901842
Iteration: 386 bestvalit: 41.605000 bestmemit:    0.296886    0.010997    0.013542    0.063745    0.240845    0.280164    0.118695    0.310847    0.455839    0.461815    0.342981    0.416608    0.590064    0.080230    0.009296    0.002313    9.782038    7.531472    1.152529    1.988134    1.940541    1.993142    0.976138    0.939018    1.901842
Iteration: 387 bestvalit: 41.605000 bestmemit:    0.296886    0.010997    0.013542    0.063745    0.240845    0.280164    0.118695    0.310847    0.455839    0.461815    0.342981    0.416608    0.590064    0.080230    0.009296    0.002313    9.782038    7.531472    1.152529    1.988134    1.940541    1.993142    0.976138    0.939018    1.901842
Iteration: 388 bestvalit: 41.605000 bestmemit:    0.296886    0.010997    0.013542    0.063745    0.240845    0.280164    0.118695    0.310847    0.455839    0.461815    0.342981    0.416608    0.590064    0.080230    0.009296    0.002313    9.782038    7.531472    1.152529    1.988134    1.940541    1.993142    0.976138    0.939018    1.901842
Iteration: 389 bestvalit: 41.605000 bestmemit:    0.296886    0.010997    0.013542    0.063745    0.240845    0.280164    0.118695    0.310847    0.455839    0.461815    0.342981    0.416608    0.590064    0.080230    0.009296    0.002313    9.782038    7.531472    1.152529    1.988134    1.940541    1.993142    0.976138    0.939018    1.901842
Iteration: 390 bestvalit: 41.605000 bestmemit:    0.296886    0.010997    0.013542    0.063745    0.240845    0.280164    0.118695    0.310847    0.455839    0.461815    0.342981    0.416608    0.590064    0.080230    0.009296    0.002313    9.782038    7.531472    1.152529    1.988134    1.940541    1.993142    0.976138    0.939018    1.901842
Iteration: 391 bestvalit: 41.605000 bestmemit:    0.296886    0.010997    0.013542    0.063745    0.240845    0.280164    0.118695    0.310847    0.455839    0.461815    0.342981    0.416608    0.590064    0.080230    0.009296    0.002313    9.782038    7.531472    1.152529    1.988134    1.940541    1.993142    0.976138    0.939018    1.901842
Iteration: 392 bestvalit: 41.605000 bestmemit:    0.296886    0.010997    0.013542    0.063745    0.240845    0.280164    0.118695    0.310847    0.455839    0.461815    0.342981    0.416608    0.590064    0.080230    0.009296    0.002313    9.782038    7.531472    1.152529    1.988134    1.940541    1.993142    0.976138    0.939018    1.901842
Iteration: 393 bestvalit: 41.605000 bestmemit:    0.296886    0.010997    0.013542    0.063745    0.240845    0.280164    0.118695    0.310847    0.455839    0.461815    0.342981    0.416608    0.590064    0.080230    0.009296    0.002313    9.782038    7.531472    1.152529    1.988134    1.940541    1.993142    0.976138    0.939018    1.901842
Iteration: 394 bestvalit: 41.605000 bestmemit:    0.296886    0.010997    0.013542    0.063745    0.240845    0.280164    0.118695    0.310847    0.455839    0.461815    0.342981    0.416608    0.590064    0.080230    0.009296    0.002313    9.782038    7.531472    1.152529    1.988134    1.940541    1.993142    0.976138    0.939018    1.901842
Iteration: 395 bestvalit: 41.605000 bestmemit:    0.296886    0.010997    0.013542    0.063745    0.240845    0.280164    0.118695    0.310847    0.455839    0.461815    0.342981    0.416608    0.590064    0.080230    0.009296    0.002313    9.782038    7.531472    1.152529    1.988134    1.940541    1.993142    0.976138    0.939018    1.901842
Iteration: 396 bestvalit: 41.605000 bestmemit:    0.296886    0.010997    0.013542    0.063745    0.240845    0.280164    0.118695    0.310847    0.455839    0.461815    0.342981    0.416608    0.590064    0.080230    0.009296    0.002313    9.782038    7.531472    1.152529    1.988134    1.940541    1.993142    0.976138    0.939018    1.901842
Iteration: 397 bestvalit: 41.605000 bestmemit:    0.296886    0.010997    0.013542    0.063745    0.240845    0.280164    0.118695    0.310847    0.455839    0.461815    0.342981    0.416608    0.590064    0.080230    0.009296    0.002313    9.782038    7.531472    1.152529    1.988134    1.940541    1.993142    0.976138    0.939018    1.901842
Iteration: 398 bestvalit: 41.605000 bestmemit:    0.296886    0.010997    0.013542    0.063745    0.240845    0.280164    0.118695    0.310847    0.455839    0.461815    0.342981    0.416608    0.590064    0.080230    0.009296    0.002313    9.782038    7.531472    1.152529    1.988134    1.940541    1.993142    0.976138    0.939018    1.901842
Iteration: 399 bestvalit: 41.605000 bestmemit:    0.296886    0.010997    0.013542    0.063745    0.240845    0.280164    0.118695    0.310847    0.455839    0.461815    0.342981    0.416608    0.590064    0.080230    0.009296    0.002313    9.782038    7.531472    1.152529    1.988134    1.940541    1.993142    0.976138    0.939018    1.901842
Iteration: 400 bestvalit: 41.605000 bestmemit:    0.296886    0.010997    0.013542    0.063745    0.240845    0.280164    0.118695    0.310847    0.455839    0.461815    0.342981    0.416608    0.590064    0.080230    0.009296    0.002313    9.782038    7.531472    1.152529    1.988134    1.940541    1.993142    0.976138    0.939018    1.901842
Iteration: 401 bestvalit: 41.605000 bestmemit:    0.296886    0.010997    0.013542    0.063745    0.240845    0.280164    0.118695    0.310847    0.455839    0.461815    0.342981    0.416608    0.590064    0.080230    0.009296    0.002313    9.782038    7.531472    1.152529    1.988134    1.940541    1.993142    0.976138    0.939018    1.901842
Iteration: 402 bestvalit: 41.605000 bestmemit:    0.296886    0.010997    0.013542    0.063745    0.240845    0.280164    0.118695    0.310847    0.455839    0.461815    0.342981    0.416608    0.590064    0.080230    0.009296    0.002313    9.782038    7.531472    1.152529    1.988134    1.940541    1.993142    0.976138    0.939018    1.901842
Iteration: 403 bestvalit: 41.605000 bestmemit:    0.296886    0.010997    0.013542    0.063745    0.240845    0.280164    0.118695    0.310847    0.455839    0.461815    0.342981    0.416608    0.590064    0.080230    0.009296    0.002313    9.782038    7.531472    1.152529    1.988134    1.940541    1.993142    0.976138    0.939018    1.901842
Iteration: 404 bestvalit: 41.605000 bestmemit:    0.296886    0.010997    0.013542    0.063745    0.240845    0.280164    0.118695    0.310847    0.455839    0.461815    0.342981    0.416608    0.590064    0.080230    0.009296    0.002313    9.782038    7.531472    1.152529    1.988134    1.940541    1.993142    0.976138    0.939018    1.901842
Iteration: 405 bestvalit: 41.605000 bestmemit:    0.296886    0.010997    0.013542    0.063745    0.240845    0.280164    0.118695    0.310847    0.455839    0.461815    0.342981    0.416608    0.590064    0.080230    0.009296    0.002313    9.782038    7.531472    1.152529    1.988134    1.940541    1.993142    0.976138    0.939018    1.901842
Iteration: 406 bestvalit: 41.605000 bestmemit:    0.296886    0.010997    0.013542    0.063745    0.240845    0.280164    0.118695    0.310847    0.455839    0.461815    0.342981    0.416608    0.590064    0.080230    0.009296    0.002313    9.782038    7.531472    1.152529    1.988134    1.940541    1.993142    0.976138    0.939018    1.901842
Iteration: 407 bestvalit: 41.605000 bestmemit:    0.296886    0.010997    0.013542    0.063745    0.240845    0.280164    0.118695    0.310847    0.455839    0.461815    0.342981    0.416608    0.590064    0.080230    0.009296    0.002313    9.782038    7.531472    1.152529    1.988134    1.940541    1.993142    0.976138    0.939018    1.901842
Iteration: 408 bestvalit: 41.605000 bestmemit:    0.296886    0.010997    0.013542    0.063745    0.240845    0.280164    0.118695    0.310847    0.455839    0.461815    0.342981    0.416608    0.590064    0.080230    0.009296    0.002313    9.782038    7.531472    1.152529    1.988134    1.940541    1.993142    0.976138    0.939018    1.901842
Iteration: 409 bestvalit: 41.605000 bestmemit:    0.296886    0.010997    0.013542    0.063745    0.240845    0.280164    0.118695    0.310847    0.455839    0.461815    0.342981    0.416608    0.590064    0.080230    0.009296    0.002313    9.782038    7.531472    1.152529    1.988134    1.940541    1.993142    0.976138    0.939018    1.901842
Iteration: 410 bestvalit: 41.605000 bestmemit:    0.296886    0.010997    0.013542    0.063745    0.240845    0.280164    0.118695    0.310847    0.455839    0.461815    0.342981    0.416608    0.590064    0.080230    0.009296    0.002313    9.782038    7.531472    1.152529    1.988134    1.940541    1.993142    0.976138    0.939018    1.901842
Iteration: 411 bestvalit: 41.605000 bestmemit:    0.296886    0.010997    0.013542    0.063745    0.240845    0.280164    0.118695    0.310847    0.455839    0.461815    0.342981    0.416608    0.590064    0.080230    0.009296    0.002313    9.782038    7.531472    1.152529    1.988134    1.940541    1.993142    0.976138    0.939018    1.901842
Iteration: 412 bestvalit: 41.605000 bestmemit:    0.296886    0.010997    0.013542    0.063745    0.240845    0.280164    0.118695    0.310847    0.455839    0.461815    0.342981    0.416608    0.590064    0.080230    0.009296    0.002313    9.782038    7.531472    1.152529    1.988134    1.940541    1.993142    0.976138    0.939018    1.901842
Iteration: 413 bestvalit: 41.605000 bestmemit:    0.296886    0.010997    0.013542    0.063745    0.240845    0.280164    0.118695    0.310847    0.455839    0.461815    0.342981    0.416608    0.590064    0.080230    0.009296    0.002313    9.782038    7.531472    1.152529    1.988134    1.940541    1.993142    0.976138    0.939018    1.901842
Iteration: 414 bestvalit: 41.605000 bestmemit:    0.296886    0.010997    0.013542    0.063745    0.240845    0.280164    0.118695    0.310847    0.455839    0.461815    0.342981    0.416608    0.590064    0.080230    0.009296    0.002313    9.782038    7.531472    1.152529    1.988134    1.940541    1.993142    0.976138    0.939018    1.901842
Iteration: 415 bestvalit: 41.605000 bestmemit:    0.296886    0.010997    0.013542    0.063745    0.240845    0.280164    0.118695    0.310847    0.455839    0.461815    0.342981    0.416608    0.590064    0.080230    0.009296    0.002313    9.782038    7.531472    1.152529    1.988134    1.940541    1.993142    0.976138    0.939018    1.901842
Iteration: 416 bestvalit: 41.565000 bestmemit:    0.296886    0.010997    0.013542    0.063745    0.240845    0.280164    0.118695    0.310847    0.455839    0.461815    0.342981    0.416608    0.179484    0.080230    0.009296    0.002313    9.782038    7.531472    1.152529    1.988134    1.940541    1.993142    0.976138    0.939018    1.901842
Iteration: 417 bestvalit: 41.565000 bestmemit:    0.296886    0.010997    0.013542    0.063745    0.240845    0.280164    0.118695    0.310847    0.455839    0.461815    0.342981    0.416608    0.179484    0.080230    0.009296    0.002313    9.782038    7.531472    1.152529    1.988134    1.940541    1.993142    0.976138    0.939018    1.901842
Iteration: 418 bestvalit: 41.550000 bestmemit:    0.296886    0.010997    0.013542    0.063745    0.240845    0.280164    0.118695    0.310847    0.455839    0.461815    0.342981    0.416608    0.179484    0.080230    0.009296    0.002313    9.782038    7.531472    1.152529    1.988134    1.940541    1.985023    0.976138    0.939018    1.901842
Iteration: 419 bestvalit: 41.550000 bestmemit:    0.296886    0.010997    0.013542    0.063745    0.240845    0.280164    0.118695    0.310847    0.455839    0.461815    0.342981    0.416608    0.179484    0.080230    0.009296    0.002313    9.782038    7.531472    1.152529    1.988134    1.940541    1.985023    0.976138    0.939018    1.901842
Iteration: 420 bestvalit: 41.550000 bestmemit:    0.296886    0.010997    0.013542    0.063745    0.240845    0.280164    0.118695    0.310847    0.455839    0.461815    0.342981    0.416608    0.179484    0.080230    0.009296    0.002313    9.782038    7.531472    1.152529    1.988134    1.940541    1.985023    0.976138    0.939018    1.901842
Iteration: 421 bestvalit: 41.550000 bestmemit:    0.296886    0.010997    0.013542    0.063745    0.240845    0.280164    0.118695    0.310847    0.455839    0.461815    0.342981    0.416608    0.179484    0.080230    0.009296    0.002313    9.782038    7.531472    1.152529    1.988134    1.940541    1.985023    0.976138    0.939018    1.901842
Iteration: 422 bestvalit: 41.550000 bestmemit:    0.296886    0.010997    0.013542    0.063745    0.240845    0.280164    0.118695    0.310847    0.455839    0.461815    0.342981    0.416608    0.179484    0.080230    0.009296    0.002313    9.782038    7.531472    1.152529    1.988134    1.940541    1.985023    0.976138    0.939018    1.901842
Iteration: 423 bestvalit: 41.550000 bestmemit:    0.296886    0.010997    0.013542    0.063745    0.240845    0.280164    0.118695    0.310847    0.455839    0.461815    0.342981    0.416608    0.179484    0.080230    0.009296    0.002313    9.782038    7.531472    1.152529    1.988134    1.940541    1.985023    0.976138    0.939018    1.901842
Iteration: 424 bestvalit: 41.550000 bestmemit:    0.296886    0.010997    0.013542    0.063745    0.240845    0.280164    0.118695    0.310847    0.455839    0.461815    0.342981    0.416608    0.179484    0.080230    0.009296    0.002313    9.782038    7.531472    1.152529    1.988134    1.940541    1.985023    0.976138    0.939018    1.901842
Iteration: 425 bestvalit: 41.550000 bestmemit:    0.296886    0.010997    0.013542    0.063745    0.240845    0.280164    0.118695    0.310847    0.455839    0.461815    0.342981    0.416608    0.179484    0.080230    0.009296    0.002313    9.782038    7.531472    1.152529    1.988134    1.940541    1.985023    0.976138    0.939018    1.901842
Iteration: 426 bestvalit: 41.545000 bestmemit:    0.296886    0.010997    0.013542    0.063745    0.240845    0.280164    0.118695    0.310847    0.455839    0.461815    0.342981    0.416608    0.179484    0.080333    0.009296    0.002313    9.782038    7.531472    1.152529    1.988134    1.940541    1.985023    0.976138    0.939018    1.901842
Iteration: 427 bestvalit: 41.545000 bestmemit:    0.296886    0.010997    0.013542    0.063745    0.240845    0.280164    0.118695    0.310847    0.455839    0.461815    0.342981    0.416608    0.179484    0.080333    0.009296    0.002313    9.782038    7.531472    1.152529    1.988134    1.940541    1.985023    0.976138    0.939018    1.901842
Iteration: 428 bestvalit: 41.545000 bestmemit:    0.296886    0.010997    0.013542    0.063745    0.240845    0.280164    0.118695    0.310847    0.455839    0.461815    0.342981    0.416608    0.179484    0.080333    0.009296    0.002313    9.782038    7.531472    1.152529    1.988134    1.940541    1.985023    0.976138    0.939018    1.901842
Iteration: 429 bestvalit: 41.545000 bestmemit:    0.296886    0.010997    0.013542    0.063745    0.240845    0.280164    0.118695    0.310847    0.455839    0.461815    0.342981    0.416608    0.179484    0.080333    0.009296    0.002313    9.782038    7.531472    1.152529    1.988134    1.940541    1.985023    0.976138    0.939018    1.901842
Iteration: 430 bestvalit: 41.545000 bestmemit:    0.296886    0.010997    0.013542    0.063745    0.240845    0.280164    0.118695    0.310847    0.455839    0.461815    0.342981    0.416608    0.179484    0.080333    0.009296    0.002313    9.782038    7.531472    1.152529    1.988134    1.940541    1.985023    0.976138    0.939018    1.901842
Iteration: 431 bestvalit: 41.545000 bestmemit:    0.296886    0.010997    0.013542    0.063745    0.240845    0.280164    0.118695    0.310847    0.455839    0.461815    0.342981    0.416608    0.179484    0.080333    0.009296    0.002313    9.782038    7.531472    1.152529    1.988134    1.940541    1.985023    0.976138    0.939018    1.901842
Iteration: 432 bestvalit: 41.545000 bestmemit:    0.296886    0.010997    0.013542    0.063745    0.240845    0.280164    0.118695    0.310847    0.455839    0.461815    0.342981    0.416608    0.179484    0.080333    0.009296    0.002313    9.782038    7.531472    1.152529    1.988134    1.940541    1.985023    0.976138    0.939018    1.901842
Iteration: 433 bestvalit: 41.545000 bestmemit:    0.296886    0.010997    0.013542    0.063745    0.240845    0.280164    0.118695    0.310847    0.455839    0.461815    0.342981    0.416608    0.179484    0.080333    0.009296    0.002313    9.782038    7.531472    1.152529    1.988134    1.940541    1.985023    0.976138    0.939018    1.901842
Iteration: 434 bestvalit: 41.545000 bestmemit:    0.296886    0.010997    0.013542    0.063745    0.240845    0.280164    0.118695    0.310847    0.455839    0.461815    0.342981    0.416608    0.179484    0.080333    0.009296    0.002313    9.782038    7.531472    1.152529    1.988134    1.940541    1.985023    0.976138    0.939018    1.901842
Iteration: 435 bestvalit: 41.545000 bestmemit:    0.296886    0.010997    0.013542    0.063745    0.240845    0.280164    0.118695    0.310847    0.455839    0.461815    0.342981    0.416608    0.179484    0.080333    0.009296    0.002313    9.782038    7.531472    1.152529    1.988134    1.940541    1.985023    0.976138    0.939018    1.901842
Iteration: 436 bestvalit: 41.545000 bestmemit:    0.296886    0.010997    0.013542    0.063745    0.240845    0.280164    0.118695    0.310847    0.455839    0.461815    0.342981    0.416608    0.179484    0.080333    0.009296    0.002313    9.782038    7.531472    1.152529    1.988134    1.940541    1.985023    0.976138    0.939018    1.901842
Iteration: 437 bestvalit: 41.545000 bestmemit:    0.296886    0.010997    0.013542    0.063745    0.240845    0.280164    0.118695    0.310847    0.455839    0.461815    0.342981    0.416608    0.179484    0.080333    0.009296    0.002313    9.782038    7.531472    1.152529    1.988134    1.940541    1.985023    0.976138    0.939018    1.901842
Iteration: 438 bestvalit: 41.545000 bestmemit:    0.296886    0.010997    0.013542    0.063745    0.240845    0.280164    0.118695    0.310847    0.455839    0.461815    0.342981    0.416608    0.179484    0.080333    0.009296    0.002313    9.782038    7.531472    1.152529    1.988134    1.940541    1.985023    0.976138    0.939018    1.901842
Iteration: 439 bestvalit: 41.545000 bestmemit:    0.296886    0.010997    0.013542    0.063745    0.240845    0.280164    0.118695    0.310847    0.455839    0.461815    0.342981    0.416608    0.179484    0.080333    0.009296    0.002313    9.782038    7.531472    1.152529    1.988134    1.940541    1.985023    0.976138    0.939018    1.901842
Iteration: 440 bestvalit: 41.545000 bestmemit:    0.296886    0.010997    0.013542    0.063745    0.240845    0.280164    0.118695    0.310847    0.455839    0.461815    0.342981    0.416608    0.179484    0.080333    0.009296    0.002313    9.782038    7.531472    1.152529    1.988134    1.940541    1.985023    0.976138    0.939018    1.901842
Iteration: 441 bestvalit: 41.545000 bestmemit:    0.296886    0.010997    0.013542    0.063745    0.240845    0.280164    0.118695    0.310847    0.455839    0.461815    0.342981    0.416608    0.179484    0.080333    0.009296    0.002313    9.782038    7.531472    1.152529    1.988134    1.940541    1.985023    0.976138    0.939018    1.901842
Iteration: 442 bestvalit: 41.545000 bestmemit:    0.296886    0.010997    0.013542    0.063745    0.240845    0.280164    0.118695    0.310847    0.455839    0.461815    0.342981    0.416608    0.179484    0.080333    0.009296    0.002313    9.782038    7.531472    1.152529    1.988134    1.940541    1.985023    0.976138    0.939018    1.901842
Iteration: 443 bestvalit: 41.545000 bestmemit:    0.296886    0.010997    0.013542    0.063745    0.240845    0.280164    0.118695    0.310847    0.455839    0.461815    0.342981    0.416608    0.179484    0.080333    0.009296    0.002313    9.782038    7.531472    1.152529    1.988134    1.940541    1.985023    0.976138    0.939018    1.901842
Iteration: 444 bestvalit: 41.545000 bestmemit:    0.296886    0.010997    0.013542    0.063745    0.240845    0.280164    0.118695    0.310847    0.455839    0.461815    0.342981    0.416608    0.179484    0.080333    0.009296    0.002313    9.782038    7.531472    1.152529    1.988134    1.940541    1.985023    0.976138    0.939018    1.901842
Iteration: 445 bestvalit: 41.545000 bestmemit:    0.296886    0.010997    0.013542    0.063745    0.240845    0.280164    0.118695    0.310847    0.455839    0.461815    0.342981    0.416608    0.179484    0.080333    0.009296    0.002313    9.782038    7.531472    1.152529    1.988134    1.940541    1.985023    0.976138    0.939018    1.901842
Iteration: 446 bestvalit: 41.545000 bestmemit:    0.296886    0.010997    0.013542    0.063745    0.240845    0.280164    0.118695    0.310847    0.455839    0.461815    0.342981    0.416608    0.179484    0.080333    0.009296    0.002313    9.782038    7.531472    1.152529    1.988134    1.940541    1.985023    0.976138    0.939018    1.901842
Iteration: 447 bestvalit: 41.545000 bestmemit:    0.296886    0.010997    0.013542    0.063745    0.240845    0.280164    0.118695    0.310847    0.455839    0.461815    0.342981    0.416608    0.179484    0.080333    0.009296    0.002313    9.782038    7.531472    1.152529    1.988134    1.940541    1.985023    0.976138    0.939018    1.901842
Iteration: 448 bestvalit: 41.545000 bestmemit:    0.296886    0.010997    0.013542    0.063745    0.240845    0.280164    0.118695    0.310847    0.455839    0.461815    0.342981    0.416608    0.179484    0.080333    0.009296    0.002313    9.782038    7.531472    1.152529    1.988134    1.940541    1.985023    0.976138    0.939018    1.901842
Iteration: 449 bestvalit: 41.545000 bestmemit:    0.296886    0.010997    0.013542    0.063745    0.240845    0.280164    0.118695    0.310847    0.455839    0.461815    0.342981    0.416608    0.179484    0.080333    0.009296    0.002313    9.782038    7.531472    1.152529    1.988134    1.940541    1.985023    0.976138    0.939018    1.901842
Iteration: 450 bestvalit: 41.545000 bestmemit:    0.296886    0.010997    0.013542    0.063745    0.240845    0.280164    0.118695    0.310847    0.455839    0.461815    0.342981    0.416608    0.179484    0.080333    0.009296    0.002313    9.782038    7.531472    1.152529    1.988134    1.940541    1.985023    0.976138    0.939018    1.901842
Iteration: 451 bestvalit: 41.545000 bestmemit:    0.296886    0.010997    0.013542    0.063745    0.240845    0.280164    0.118695    0.310847    0.455839    0.461815    0.342981    0.416608    0.179484    0.080333    0.009296    0.002313    9.782038    7.531472    1.152529    1.988134    1.940541    1.985023    0.976138    0.939018    1.901842
Iteration: 452 bestvalit: 41.545000 bestmemit:    0.296886    0.010997    0.013542    0.063745    0.240845    0.280164    0.118695    0.310847    0.455839    0.461815    0.342981    0.416608    0.179484    0.080333    0.009296    0.002313    9.782038    7.531472    1.152529    1.988134    1.940541    1.985023    0.976138    0.939018    1.901842
Iteration: 453 bestvalit: 41.545000 bestmemit:    0.296886    0.010997    0.013542    0.063745    0.240845    0.280164    0.118695    0.310847    0.455839    0.461815    0.342981    0.416608    0.179484    0.080333    0.009296    0.002313    9.782038    7.531472    1.152529    1.988134    1.940541    1.985023    0.976138    0.939018    1.901842
Iteration: 454 bestvalit: 41.545000 bestmemit:    0.296886    0.010997    0.013542    0.063745    0.240845    0.280164    0.118695    0.310847    0.455839    0.461815    0.342981    0.416608    0.179484    0.080333    0.009296    0.002313    9.782038    7.531472    1.152529    1.988134    1.940541    1.985023    0.976138    0.939018    1.901842
Iteration: 455 bestvalit: 41.545000 bestmemit:    0.296886    0.010997    0.013542    0.063745    0.240845    0.280164    0.118695    0.310847    0.455839    0.461815    0.342981    0.416608    0.179484    0.080333    0.009296    0.002313    9.782038    7.531472    1.152529    1.988134    1.940541    1.985023    0.976138    0.939018    1.901842
Iteration: 456 bestvalit: 41.545000 bestmemit:    0.296886    0.010997    0.013542    0.063745    0.240845    0.280164    0.118695    0.310847    0.455839    0.461815    0.342981    0.416608    0.179484    0.080333    0.009296    0.002313    9.782038    7.531472    1.152529    1.988134    1.940541    1.985023    0.976138    0.939018    1.901842
Iteration: 457 bestvalit: 41.545000 bestmemit:    0.296886    0.010997    0.013542    0.063745    0.240845    0.280164    0.118695    0.310847    0.455839    0.461815    0.342981    0.416608    0.179484    0.080333    0.009296    0.002313    9.782038    7.531472    1.152529    1.988134    1.940541    1.985023    0.976138    0.939018    1.901842
Iteration: 458 bestvalit: 41.545000 bestmemit:    0.296886    0.010997    0.013542    0.063745    0.240845    0.280164    0.118695    0.310847    0.455839    0.461815    0.342981    0.416608    0.179484    0.080333    0.009296    0.002313    9.782038    7.531472    1.152529    1.988134    1.940541    1.985023    0.976138    0.939018    1.901842
Iteration: 459 bestvalit: 41.520000 bestmemit:    0.296886    0.010997    0.013542    0.063745    0.240845    0.280164    0.118695    0.310847    0.455839    0.461815    0.342981    0.416608    0.179484    0.080333    0.009296    0.002313    9.782038    7.531472    1.152529    1.988134    1.940541    1.985023    0.976138    1.157438    1.901842
Iteration: 460 bestvalit: 41.520000 bestmemit:    0.296886    0.010997    0.013542    0.063745    0.240845    0.280164    0.118695    0.310847    0.455839    0.461815    0.342981    0.416608    0.179484    0.080333    0.009296    0.002313    9.782038    7.531472    1.152529    1.988134    1.940541    1.985023    0.976138    1.157438    1.901842
Iteration: 461 bestvalit: 41.520000 bestmemit:    0.296886    0.010997    0.013542    0.063745    0.240845    0.280164    0.118695    0.310847    0.455839    0.461815    0.342981    0.416608    0.179484    0.080333    0.009296    0.002313    9.782038    7.531472    1.152529    1.988134    1.940541    1.985023    0.976138    1.157438    1.901842
Iteration: 462 bestvalit: 41.520000 bestmemit:    0.296886    0.010997    0.013542    0.063745    0.240845    0.280164    0.118695    0.310847    0.455839    0.461815    0.342981    0.416608    0.179484    0.080333    0.009296    0.002313    9.782038    7.531472    1.152529    1.988134    1.940541    1.985023    0.976138    1.157438    1.901842
Iteration: 463 bestvalit: 41.520000 bestmemit:    0.296886    0.010997    0.013542    0.063745    0.240845    0.280164    0.118695    0.310847    0.455839    0.461815    0.342981    0.416608    0.179484    0.080333    0.009296    0.002313    9.782038    7.531472    1.152529    1.988134    1.940541    1.985023    0.976138    1.157438    1.901842
Iteration: 464 bestvalit: 41.520000 bestmemit:    0.296886    0.010997    0.013542    0.063745    0.240845    0.280164    0.118695    0.310847    0.455839    0.461815    0.342981    0.416608    0.179484    0.080333    0.009296    0.002313    9.782038    7.531472    1.152529    1.988134    1.940541    1.985023    0.976138    1.157438    1.901842
Iteration: 465 bestvalit: 41.495000 bestmemit:    0.296886    0.010997    0.013542    0.063745    0.240845    0.280164    0.118695    0.310847    0.455839    0.461815    0.365496    0.416608    0.179484    0.080333    0.009296    0.002313    9.782038    7.531472    1.152529    1.988134    1.940541    1.985023    0.976138    1.157438    1.901842
Iteration: 466 bestvalit: 41.495000 bestmemit:    0.296886    0.010997    0.013542    0.063745    0.240845    0.280164    0.118695    0.310847    0.455839    0.461815    0.365496    0.416608    0.179484    0.080333    0.009296    0.002313    9.782038    7.531472    1.152529    1.988134    1.940541    1.985023    0.976138    1.157438    1.901842
Iteration: 467 bestvalit: 41.495000 bestmemit:    0.296886    0.010997    0.013542    0.063745    0.240845    0.280164    0.118695    0.310847    0.455839    0.461815    0.365496    0.416608    0.179484    0.080333    0.009296    0.002313    9.782038    7.531472    1.152529    1.988134    1.940541    1.985023    0.976138    1.157438    1.901842
Iteration: 468 bestvalit: 41.495000 bestmemit:    0.296886    0.010997    0.013542    0.063745    0.240845    0.280164    0.118695    0.310847    0.455839    0.461815    0.365496    0.416608    0.179484    0.080333    0.009296    0.002313    9.782038    7.531472    1.152529    1.988134    1.940541    1.985023    0.976138    1.157438    1.901842
Iteration: 469 bestvalit: 41.495000 bestmemit:    0.296886    0.010997    0.013542    0.063745    0.240845    0.280164    0.118695    0.310847    0.455839    0.461815    0.365496    0.416608    0.179484    0.080333    0.009296    0.002313    9.782038    7.531472    1.152529    1.988134    1.940541    1.985023    0.976138    1.157438    1.901842
Iteration: 470 bestvalit: 41.495000 bestmemit:    0.296886    0.010997    0.013542    0.063745    0.240845    0.280164    0.118695    0.310847    0.455839    0.461815    0.365496    0.416608    0.179484    0.080333    0.009296    0.002313    9.782038    7.531472    1.152529    1.988134    1.940541    1.985023    0.976138    1.157438    1.901842
Iteration: 471 bestvalit: 41.495000 bestmemit:    0.296886    0.010997    0.013542    0.063745    0.240845    0.280164    0.118695    0.310847    0.455839    0.461815    0.365496    0.416608    0.179484    0.080333    0.009296    0.002313    9.782038    7.531472    1.152529    1.988134    1.940541    1.985023    0.976138    1.157438    1.901842
Iteration: 472 bestvalit: 41.495000 bestmemit:    0.296886    0.010997    0.013542    0.063745    0.240845    0.280164    0.118695    0.310847    0.455839    0.461815    0.365496    0.416608    0.179484    0.080333    0.009296    0.002313    9.782038    7.531472    1.152529    1.988134    1.940541    1.985023    0.976138    1.157438    1.901842
Iteration: 473 bestvalit: 41.495000 bestmemit:    0.296886    0.010997    0.013542    0.063745    0.240845    0.280164    0.118695    0.310847    0.455839    0.461815    0.365496    0.416608    0.179484    0.080333    0.009296    0.002313    9.782038    7.531472    1.152529    1.988134    1.940541    1.985023    0.976138    1.157438    1.901842
Iteration: 474 bestvalit: 41.495000 bestmemit:    0.296886    0.010997    0.013542    0.063745    0.240845    0.280164    0.118695    0.310847    0.455839    0.461815    0.365496    0.416608    0.179484    0.080333    0.009296    0.002313    9.782038    7.531472    1.152529    1.988134    1.940541    1.985023    0.976138    1.157438    1.901842
Iteration: 475 bestvalit: 41.495000 bestmemit:    0.296886    0.010997    0.013542    0.063745    0.240845    0.280164    0.118695    0.310847    0.455839    0.461815    0.365496    0.416608    0.179484    0.080333    0.009296    0.002313    9.782038    7.531472    1.152529    1.988134    1.940541    1.985023    0.976138    1.157438    1.901842
Iteration: 476 bestvalit: 41.495000 bestmemit:    0.296886    0.010997    0.013542    0.063745    0.240845    0.280164    0.118695    0.310847    0.455839    0.461815    0.365496    0.416608    0.179484    0.080333    0.009296    0.002313    9.782038    7.531472    1.152529    1.988134    1.940541    1.985023    0.976138    1.157438    1.901842
Iteration: 477 bestvalit: 41.495000 bestmemit:    0.296886    0.010997    0.013542    0.063745    0.240845    0.280164    0.118695    0.310847    0.455839    0.461815    0.365496    0.416608    0.179484    0.080333    0.009296    0.002313    9.782038    7.531472    1.152529    1.988134    1.940541    1.985023    0.976138    1.157438    1.901842
Iteration: 478 bestvalit: 41.495000 bestmemit:    0.296886    0.010997    0.013542    0.063745    0.240845    0.280164    0.118695    0.310847    0.455839    0.461815    0.365496    0.416608    0.179484    0.080333    0.009296    0.002313    9.782038    7.531472    1.152529    1.988134    1.940541    1.985023    0.976138    1.157438    1.901842
Iteration: 479 bestvalit: 41.495000 bestmemit:    0.296886    0.010997    0.013542    0.063745    0.240845    0.280164    0.118695    0.310847    0.455839    0.461815    0.365496    0.416608    0.179484    0.080333    0.009296    0.002313    9.782038    7.531472    1.152529    1.988134    1.940541    1.985023    0.976138    1.157438    1.901842
Iteration: 480 bestvalit: 41.495000 bestmemit:    0.296886    0.010997    0.013542    0.063745    0.240845    0.280164    0.118695    0.310847    0.455839    0.461815    0.365496    0.416608    0.179484    0.080333    0.009296    0.002313    9.782038    7.531472    1.152529    1.988134    1.940541    1.985023    0.976138    1.157438    1.901842
Iteration: 481 bestvalit: 41.495000 bestmemit:    0.296886    0.010997    0.013542    0.063745    0.240845    0.280164    0.118695    0.310847    0.455839    0.461815    0.365496    0.416608    0.179484    0.080333    0.009296    0.002313    9.782038    7.531472    1.152529    1.988134    1.940541    1.985023    0.976138    1.157438    1.901842
Iteration: 482 bestvalit: 41.495000 bestmemit:    0.296886    0.010997    0.013542    0.063745    0.240845    0.280164    0.118695    0.310847    0.455839    0.461815    0.365496    0.416608    0.179484    0.080333    0.009296    0.002313    9.782038    7.531472    1.152529    1.988134    1.940541    1.985023    0.976138    1.157438    1.901842
Iteration: 483 bestvalit: 41.495000 bestmemit:    0.296886    0.010997    0.013542    0.063745    0.240845    0.280164    0.118695    0.310847    0.455839    0.461815    0.365496    0.416608    0.179484    0.080333    0.009296    0.002313    9.782038    7.531472    1.152529    1.988134    1.940541    1.985023    0.976138    1.157438    1.901842
Iteration: 484 bestvalit: 41.495000 bestmemit:    0.296886    0.010997    0.013542    0.063745    0.240845    0.280164    0.118695    0.310847    0.455839    0.461815    0.365496    0.416608    0.179484    0.080333    0.009296    0.002313    9.782038    7.531472    1.152529    1.988134    1.940541    1.985023    0.976138    1.157438    1.901842
Iteration: 485 bestvalit: 41.495000 bestmemit:    0.296886    0.010997    0.013542    0.063745    0.240845    0.280164    0.118695    0.310847    0.455839    0.461815    0.365496    0.416608    0.179484    0.080333    0.009296    0.002313    9.782038    7.531472    1.152529    1.988134    1.940541    1.985023    0.976138    1.157438    1.901842
Iteration: 486 bestvalit: 41.495000 bestmemit:    0.296886    0.010997    0.013542    0.063745    0.240845    0.280164    0.118695    0.310847    0.455839    0.461815    0.365496    0.416608    0.179484    0.080333    0.009296    0.002313    9.782038    7.531472    1.152529    1.988134    1.940541    1.985023    0.976138    1.157438    1.901842
Iteration: 487 bestvalit: 41.445000 bestmemit:    0.296886    0.010997    0.013542    0.063745    0.240845    0.280164    0.118695    0.310847    0.455839    0.461815    0.365496    0.416608    0.179484    0.080333    0.009296    0.002313    9.782038    7.531472    1.152529    1.988134    1.940541    1.956336    0.976138    1.157438    1.901842
Iteration: 488 bestvalit: 41.445000 bestmemit:    0.296886    0.010997    0.013542    0.063745    0.240845    0.280164    0.118695    0.310847    0.455839    0.461815    0.365496    0.416608    0.179484    0.080333    0.009296    0.002313    9.782038    7.531472    1.152529    1.988134    1.940541    1.956336    0.976138    1.157438    1.901842
Iteration: 489 bestvalit: 41.445000 bestmemit:    0.296886    0.010997    0.013542    0.063745    0.240845    0.280164    0.118695    0.310847    0.455839    0.461815    0.365496    0.416608    0.179484    0.080333    0.009296    0.002313    9.782038    7.531472    1.152529    1.988134    1.940541    1.956336    0.976138    1.157438    1.901842
Iteration: 490 bestvalit: 41.445000 bestmemit:    0.296886    0.010997    0.013542    0.063745    0.240845    0.280164    0.118695    0.310847    0.455839    0.461815    0.365496    0.416608    0.179484    0.080333    0.009296    0.002313    9.782038    7.531472    1.152529    1.988134    1.940541    1.956336    0.976138    1.157438    1.901842
Iteration: 491 bestvalit: 41.445000 bestmemit:    0.296886    0.010997    0.013542    0.063745    0.240845    0.280164    0.118695    0.310847    0.455839    0.461815    0.365496    0.416608    0.179484    0.080333    0.009296    0.002313    9.782038    7.531472    1.152529    1.988134    1.940541    1.956336    0.976138    1.157438    1.901842
Iteration: 492 bestvalit: 41.445000 bestmemit:    0.296886    0.010997    0.013542    0.063745    0.240845    0.280164    0.118695    0.310847    0.455839    0.461815    0.365496    0.416608    0.179484    0.080333    0.009296    0.002313    9.782038    7.531472    1.152529    1.988134    1.940541    1.956336    0.976138    1.157438    1.901842
Iteration: 493 bestvalit: 41.445000 bestmemit:    0.296886    0.010997    0.013542    0.063745    0.240845    0.280164    0.118695    0.310847    0.455839    0.461815    0.365496    0.416608    0.179484    0.080333    0.009296    0.002313    9.782038    7.531472    1.152529    1.988134    1.940541    1.956336    0.976138    1.157438    1.901842
Iteration: 494 bestvalit: 41.445000 bestmemit:    0.296886    0.010997    0.013542    0.063745    0.240845    0.280164    0.118695    0.310847    0.455839    0.461815    0.365496    0.416608    0.179484    0.080333    0.009296    0.002313    9.782038    7.531472    1.152529    1.988134    1.940541    1.956336    0.976138    1.157438    1.901842
Iteration: 495 bestvalit: 41.445000 bestmemit:    0.296886    0.010997    0.013542    0.063745    0.240845    0.280164    0.118695    0.310847    0.455839    0.461815    0.365496    0.416608    0.179484    0.080333    0.009296    0.002313    9.782038    7.531472    1.152529    1.988134    1.940541    1.956336    0.976138    1.157438    1.901842
Iteration: 496 bestvalit: 41.445000 bestmemit:    0.296886    0.010997    0.013542    0.063745    0.240845    0.280164    0.118695    0.310847    0.455839    0.461815    0.365496    0.416608    0.179484    0.080333    0.009296    0.002313    9.782038    7.531472    1.152529    1.988134    1.940541    1.956336    0.976138    1.157438    1.901842
Iteration: 497 bestvalit: 41.445000 bestmemit:    0.296886    0.010997    0.013542    0.063745    0.240845    0.280164    0.118695    0.310847    0.455839    0.461815    0.365496    0.416608    0.179484    0.080333    0.009296    0.002313    9.782038    7.531472    1.152529    1.988134    1.940541    1.956336    0.976138    1.157438    1.901842
Iteration: 498 bestvalit: 41.445000 bestmemit:    0.296886    0.010997    0.013542    0.063745    0.240845    0.280164    0.118695    0.310847    0.455839    0.461815    0.365496    0.416608    0.179484    0.080333    0.009296    0.002313    9.782038    7.531472    1.152529    1.988134    1.940541    1.956336    0.976138    1.157438    1.901842
Iteration: 499 bestvalit: 41.445000 bestmemit:    0.296886    0.010997    0.013542    0.063745    0.240845    0.280164    0.118695    0.310847    0.455839    0.461815    0.365496    0.416608    0.179484    0.080333    0.009296    0.002313    9.782038    7.531472    1.152529    1.988134    1.940541    1.956336    0.976138    1.157438    1.901842
Iteration: 500 bestvalit: 41.445000 bestmemit:    0.296886    0.010997    0.013542    0.063745    0.240845    0.280164    0.118695    0.310847    0.455839    0.461815    0.365496    0.416608    0.179484    0.080333    0.009296    0.002313    9.782038    7.531472    1.152529    1.988134    1.940541    1.956336    0.976138    1.157438    1.901842
Iteration: 501 bestvalit: 41.445000 bestmemit:    0.296886    0.010997    0.013542    0.063745    0.240845    0.280164    0.118695    0.310847    0.455839    0.461815    0.365496    0.416608    0.179484    0.080333    0.009296    0.002313    9.782038    7.531472    1.152529    1.988134    1.940541    1.956336    0.976138    1.157438    1.901842
Iteration: 502 bestvalit: 41.445000 bestmemit:    0.296886    0.010997    0.013542    0.063745    0.240845    0.280164    0.118695    0.310847    0.455839    0.461815    0.365496    0.416608    0.179484    0.080333    0.009296    0.002313    9.782038    7.531472    1.152529    1.988134    1.940541    1.956336    0.976138    1.157438    1.901842
Iteration: 503 bestvalit: 41.445000 bestmemit:    0.296886    0.010997    0.013542    0.063745    0.240845    0.280164    0.118695    0.310847    0.455839    0.461815    0.365496    0.416608    0.179484    0.080333    0.009296    0.002313    9.782038    7.531472    1.152529    1.988134    1.940541    1.956336    0.976138    1.157438    1.901842
Iteration: 504 bestvalit: 41.445000 bestmemit:    0.296886    0.010997    0.013542    0.063745    0.240845    0.280164    0.118695    0.310847    0.455839    0.461815    0.365496    0.416608    0.179484    0.080333    0.009296    0.002313    9.782038    7.531472    1.152529    1.988134    1.940541    1.956336    0.976138    1.157438    1.901842
Iteration: 505 bestvalit: 41.445000 bestmemit:    0.296886    0.010997    0.013542    0.063745    0.240845    0.280164    0.118695    0.310847    0.455839    0.461815    0.365496    0.416608    0.179484    0.080333    0.009296    0.002313    9.782038    7.531472    1.152529    1.988134    1.940541    1.956336    0.976138    1.157438    1.901842
Iteration: 506 bestvalit: 41.445000 bestmemit:    0.296886    0.010997    0.013542    0.063745    0.240845    0.280164    0.118695    0.310847    0.455839    0.461815    0.365496    0.416608    0.179484    0.080333    0.009296    0.002313    9.782038    7.531472    1.152529    1.988134    1.940541    1.956336    0.976138    1.157438    1.901842
Iteration: 507 bestvalit: 41.445000 bestmemit:    0.296886    0.010997    0.013542    0.063745    0.240845    0.280164    0.118695    0.310847    0.455839    0.461815    0.365496    0.416608    0.179484    0.080333    0.009296    0.002313    9.782038    7.531472    1.152529    1.988134    1.940541    1.956336    0.976138    1.157438    1.901842
Iteration: 508 bestvalit: 41.445000 bestmemit:    0.296886    0.010997    0.013542    0.063745    0.240845    0.280164    0.118695    0.310847    0.455839    0.461815    0.365496    0.416608    0.179484    0.080333    0.009296    0.002313    9.782038    7.531472    1.152529    1.988134    1.940541    1.956336    0.976138    1.157438    1.901842
Iteration: 509 bestvalit: 41.445000 bestmemit:    0.296886    0.010997    0.013542    0.063745    0.240845    0.280164    0.118695    0.310847    0.455839    0.461815    0.365496    0.416608    0.179484    0.080333    0.009296    0.002313    9.782038    7.531472    1.152529    1.988134    1.940541    1.956336    0.976138    1.157438    1.901842
Iteration: 510 bestvalit: 41.445000 bestmemit:    0.296886    0.010997    0.013542    0.063745    0.240845    0.280164    0.118695    0.310847    0.455839    0.461815    0.365496    0.416608    0.179484    0.080333    0.009296    0.002313    9.782038    7.531472    1.152529    1.988134    1.940541    1.956336    0.976138    1.157438    1.901842
Iteration: 511 bestvalit: 41.445000 bestmemit:    0.296886    0.010997    0.013542    0.063745    0.240845    0.280164    0.118695    0.310847    0.455839    0.461815    0.365496    0.416608    0.179484    0.080333    0.009296    0.002313    9.782038    7.531472    1.152529    1.988134    1.940541    1.956336    0.976138    1.157438    1.901842
Iteration: 512 bestvalit: 41.445000 bestmemit:    0.296886    0.010997    0.013542    0.063745    0.240845    0.280164    0.118695    0.310847    0.455839    0.461815    0.365496    0.416608    0.179484    0.080333    0.009296    0.002313    9.782038    7.531472    1.152529    1.988134    1.940541    1.956336    0.976138    1.157438    1.901842
Iteration: 513 bestvalit: 41.445000 bestmemit:    0.296886    0.010997    0.013542    0.063745    0.240845    0.280164    0.118695    0.310847    0.455839    0.461815    0.365496    0.416608    0.179484    0.080333    0.009296    0.002313    9.782038    7.531472    1.152529    1.988134    1.940541    1.956336    0.976138    1.157438    1.901842
Iteration: 514 bestvalit: 41.305000 bestmemit:    0.296886    0.010997    0.013542    0.063745    0.240845    0.280164    0.118695    0.310847    0.455839    0.461815    0.365496    0.401437    0.179484    0.080333    0.009296    0.002313    9.782038    7.531472    1.152529    1.988134    1.940541    1.956336    0.976138    1.157438    1.901842
Iteration: 515 bestvalit: 41.305000 bestmemit:    0.296886    0.010997    0.013542    0.063745    0.240845    0.280164    0.118695    0.310847    0.455839    0.461815    0.365496    0.401437    0.179484    0.080333    0.009296    0.002313    9.782038    7.531472    1.152529    1.988134    1.940541    1.956336    0.976138    1.157438    1.901842
Iteration: 516 bestvalit: 41.305000 bestmemit:    0.296886    0.010997    0.013542    0.063745    0.240845    0.280164    0.118695    0.310847    0.455839    0.461815    0.365496    0.401437    0.179484    0.080333    0.009296    0.002313    9.782038    7.531472    1.152529    1.988134    1.940541    1.956336    0.976138    1.157438    1.901842
Iteration: 517 bestvalit: 41.305000 bestmemit:    0.296886    0.010997    0.013542    0.063745    0.240845    0.280164    0.118695    0.310847    0.455839    0.461815    0.365496    0.401437    0.179484    0.080333    0.009296    0.002313    9.782038    7.531472    1.152529    1.988134    1.940541    1.956336    0.976138    1.157438    1.901842
Iteration: 518 bestvalit: 41.305000 bestmemit:    0.296886    0.010997    0.013542    0.063745    0.240845    0.280164    0.118695    0.310847    0.455839    0.461815    0.365496    0.401437    0.179484    0.080333    0.009296    0.002313    9.782038    7.531472    1.152529    1.988134    1.940541    1.956336    0.976138    1.157438    1.901842
Iteration: 519 bestvalit: 41.305000 bestmemit:    0.296886    0.010997    0.013542    0.063745    0.240845    0.280164    0.118695    0.310847    0.455839    0.461815    0.365496    0.401437    0.179484    0.080333    0.009296    0.002313    9.782038    7.531472    1.152529    1.988134    1.940541    1.956336    0.976138    1.157438    1.901842
Iteration: 520 bestvalit: 41.305000 bestmemit:    0.296886    0.010997    0.013542    0.063745    0.240845    0.280164    0.118695    0.310847    0.455839    0.461815    0.365496    0.401437    0.179484    0.080333    0.009296    0.002313    9.782038    7.531472    1.152529    1.988134    1.940541    1.956336    0.976138    1.157438    1.901842
Iteration: 521 bestvalit: 41.305000 bestmemit:    0.296886    0.010997    0.013542    0.063745    0.240845    0.280164    0.118695    0.310847    0.455839    0.461815    0.365496    0.401437    0.179484    0.080333    0.009296    0.002313    9.782038    7.531472    1.152529    1.988134    1.940541    1.956336    0.976138    1.157438    1.901842
Iteration: 522 bestvalit: 41.305000 bestmemit:    0.296886    0.010997    0.013542    0.063745    0.240845    0.280164    0.118695    0.310847    0.455839    0.461815    0.365496    0.401437    0.179484    0.080333    0.009296    0.002313    9.782038    7.531472    1.152529    1.988134    1.940541    1.956336    0.976138    1.157438    1.901842
Iteration: 523 bestvalit: 41.305000 bestmemit:    0.296886    0.010997    0.013542    0.063745    0.240845    0.280164    0.118695    0.310847    0.455839    0.461815    0.365496    0.401437    0.179484    0.080333    0.009296    0.002313    9.782038    7.531472    1.152529    1.988134    1.940541    1.956336    0.976138    1.157438    1.901842
Iteration: 524 bestvalit: 41.305000 bestmemit:    0.296886    0.010997    0.013542    0.063745    0.240845    0.280164    0.118695    0.310847    0.455839    0.461815    0.365496    0.401437    0.179484    0.080333    0.009296    0.002313    9.782038    7.531472    1.152529    1.988134    1.940541    1.956336    0.976138    1.157438    1.901842
Iteration: 525 bestvalit: 41.305000 bestmemit:    0.296886    0.010997    0.013542    0.063745    0.240845    0.280164    0.118695    0.310847    0.455839    0.461815    0.365496    0.401437    0.179484    0.080333    0.009296    0.002313    9.782038    7.531472    1.152529    1.988134    1.940541    1.956336    0.976138    1.157438    1.901842
Iteration: 526 bestvalit: 41.305000 bestmemit:    0.296886    0.010997    0.013542    0.063745    0.240845    0.280164    0.118695    0.310847    0.440208    0.461815    0.365496    0.401437    0.179484    0.080333    0.009296    0.002313    9.782038    7.531472    1.152529    1.988134    1.940541    1.956336    0.976138    1.157438    1.901842
Iteration: 527 bestvalit: 41.305000 bestmemit:    0.296886    0.010997    0.013542    0.063745    0.240845    0.280164    0.118695    0.310847    0.440208    0.461815    0.365496    0.401437    0.179484    0.080333    0.009296    0.002313    9.782038    7.531472    1.152529    1.988134    1.940541    1.956336    0.976138    1.157438    1.901842
Iteration: 528 bestvalit: 41.305000 bestmemit:    0.296886    0.010997    0.013542    0.063745    0.240845    0.280164    0.118695    0.310847    0.440208    0.461815    0.365496    0.401437    0.179484    0.080333    0.009296    0.002313    9.782038    7.531472    1.152529    1.988134    1.940541    1.956336    0.976138    1.157438    1.901842
Iteration: 529 bestvalit: 41.305000 bestmemit:    0.296886    0.010997    0.013542    0.063745    0.240845    0.280164    0.118695    0.310847    0.440208    0.461815    0.365496    0.401437    0.179484    0.080333    0.009296    0.002313    9.782038    7.531472    1.152529    1.988134    1.940541    1.956336    0.976138    1.157438    1.901842
Iteration: 530 bestvalit: 41.305000 bestmemit:    0.296886    0.010997    0.013542    0.063745    0.240845    0.280164    0.118695    0.310847    0.440208    0.461815    0.365496    0.401437    0.179484    0.080333    0.009296    0.002313    9.782038    7.531472    1.152529    1.988134    1.940541    1.956336    0.976138    1.157438    1.901842
Iteration: 531 bestvalit: 41.305000 bestmemit:    0.296886    0.010997    0.013542    0.063745    0.240845    0.280164    0.118695    0.310847    0.440208    0.461815    0.365496    0.401437    0.179484    0.080333    0.009296    0.002313    9.782038    7.531472    1.152529    1.988134    1.940541    1.956336    0.976138    1.157438    1.901842
Iteration: 532 bestvalit: 41.305000 bestmemit:    0.296886    0.010997    0.013542    0.063745    0.240845    0.280164    0.118695    0.310847    0.440208    0.461815    0.365496    0.401437    0.179484    0.080333    0.009296    0.002313    9.782038    7.531472    1.152529    1.988134    1.940541    1.956336    0.976138    1.157438    1.901842
Iteration: 533 bestvalit: 41.305000 bestmemit:    0.296886    0.010997    0.013542    0.063745    0.240845    0.280164    0.118695    0.310847    0.440208    0.461815    0.365496    0.401437    0.179484    0.080333    0.009296    0.002313    9.782038    7.531472    1.152529    1.988134    1.940541    1.956336    0.976138    1.157438    1.901842
Iteration: 534 bestvalit: 41.305000 bestmemit:    0.296886    0.010997    0.013542    0.063745    0.240845    0.280164    0.118695    0.310847    0.440208    0.461815    0.365496    0.401437    0.179484    0.080333    0.009296    0.002313    9.782038    7.531472    1.152529    1.988134    1.940541    1.956336    0.976138    1.157438    1.901842
Iteration: 535 bestvalit: 41.055000 bestmemit:    0.296886    0.010997    0.013542    0.061485    0.240845    0.280164    0.118695    0.310847    0.440208    0.461815    0.365496    0.401437    0.179484    0.080333    0.009296    0.002313    9.782038    7.531472    1.152529    1.988134    1.940541    1.956336    0.976138    1.157438    1.901842
Iteration: 536 bestvalit: 41.055000 bestmemit:    0.296886    0.010997    0.013542    0.061485    0.240845    0.280164    0.118695    0.310847    0.440208    0.461815    0.365496    0.401437    0.179484    0.080333    0.009296    0.002313    9.782038    7.531472    1.152529    1.988134    1.940541    1.956336    0.976138    1.157438    1.901842
Iteration: 537 bestvalit: 41.055000 bestmemit:    0.296886    0.010997    0.013542    0.061485    0.240845    0.280164    0.118695    0.310847    0.440208    0.461815    0.365496    0.401437    0.179484    0.080333    0.009296    0.002313    9.782038    7.531472    1.152529    1.988134    1.940541    1.956336    0.976138    1.157438    1.901842
Iteration: 538 bestvalit: 41.055000 bestmemit:    0.296886    0.010997    0.013542    0.061485    0.240845    0.280164    0.118695    0.310847    0.440208    0.461815    0.365496    0.401437    0.179484    0.080333    0.009296    0.002313    9.782038    7.531472    1.152529    1.988134    1.940541    1.956336    0.976138    1.157438    1.901842
Iteration: 539 bestvalit: 41.055000 bestmemit:    0.296886    0.010997    0.013542    0.061485    0.240845    0.280164    0.118695    0.310847    0.440208    0.461815    0.365496    0.401437    0.179484    0.080333    0.009296    0.002313    9.782038    7.531472    1.152529    1.988134    1.940541    1.956336    0.976138    1.157438    1.901842
Iteration: 540 bestvalit: 41.055000 bestmemit:    0.296886    0.010997    0.013542    0.061485    0.240845    0.280164    0.118695    0.310847    0.440208    0.461815    0.365496    0.401437    0.179484    0.080333    0.009296    0.002313    9.782038    7.531472    1.152529    1.988134    1.940541    1.956336    0.976138    1.157438    1.901842
Iteration: 541 bestvalit: 41.055000 bestmemit:    0.296886    0.010997    0.013542    0.061485    0.240845    0.280164    0.118695    0.310847    0.440208    0.461815    0.365496    0.401437    0.179484    0.080333    0.009296    0.002313    9.782038    7.531472    1.152529    1.988134    1.940541    1.956336    0.976138    1.157438    1.901842
Iteration: 542 bestvalit: 41.055000 bestmemit:    0.296886    0.010997    0.013542    0.061485    0.240845    0.280164    0.118695    0.310847    0.440208    0.461815    0.365496    0.401437    0.179484    0.080333    0.009296    0.002313    9.782038    7.531472    1.152529    1.988134    1.940541    1.956336    0.976138    1.157438    1.901842
Iteration: 543 bestvalit: 41.055000 bestmemit:    0.296886    0.010997    0.013542    0.061485    0.240845    0.280164    0.118695    0.310847    0.440208    0.461815    0.365496    0.401437    0.179484    0.080333    0.009296    0.002313    9.782038    7.531472    1.152529    1.988134    1.940541    1.956336    0.976138    1.157438    1.901842
Iteration: 544 bestvalit: 41.055000 bestmemit:    0.296886    0.010997    0.013542    0.061485    0.240845    0.280164    0.118695    0.310847    0.440208    0.461815    0.365496    0.401437    0.179484    0.080333    0.009296    0.002313    9.782038    7.531472    1.152529    1.988134    1.940541    1.956336    0.976138    1.157438    1.901842
Iteration: 545 bestvalit: 41.050000 bestmemit:    0.296886    0.010997    0.013542    0.061485    0.147250    0.280164    0.118695    0.310847    0.440208    0.461815    0.365496    0.401437    0.179484    0.080333    0.009296    0.002313    9.782038    7.531472    1.152529    1.988134    1.940541    1.956336    0.976138    1.157438    1.901842
Iteration: 546 bestvalit: 41.050000 bestmemit:    0.296886    0.010997    0.013542    0.061485    0.147250    0.280164    0.118695    0.310847    0.440208    0.461815    0.365496    0.401437    0.179484    0.080333    0.009296    0.002313    9.782038    7.531472    1.152529    1.988134    1.940541    1.956336    0.976138    1.157438    1.901842
Iteration: 547 bestvalit: 41.050000 bestmemit:    0.296886    0.010997    0.013542    0.061485    0.147250    0.280164    0.118695    0.310847    0.440208    0.461815    0.365496    0.401437    0.179484    0.080333    0.009296    0.002313    9.782038    7.531472    1.152529    1.988134    1.940541    1.956336    0.976138    1.157438    1.901842
Iteration: 548 bestvalit: 41.050000 bestmemit:    0.296886    0.010997    0.013542    0.061485    0.147250    0.280164    0.118695    0.310847    0.440208    0.461815    0.365496    0.401437    0.179484    0.080333    0.009296    0.002313    9.782038    7.531472    1.152529    1.988134    1.940541    1.956336    0.976138    1.157438    1.901842
Iteration: 549 bestvalit: 41.050000 bestmemit:    0.296886    0.010997    0.013542    0.061485    0.147250    0.280164    0.118695    0.310847    0.440208    0.461815    0.365496    0.401437    0.179484    0.080333    0.009296    0.002313    9.782038    7.531472    1.152529    1.988134    1.940541    1.956336    0.976138    1.157438    1.901842
Iteration: 550 bestvalit: 41.050000 bestmemit:    0.296886    0.010997    0.013542    0.061485    0.147250    0.280164    0.118695    0.310847    0.440208    0.461815    0.365496    0.401437    0.179484    0.080333    0.009296    0.002313    9.782038    7.531472    1.152529    1.988134    1.940541    1.956336    0.976138    1.157438    1.901842
Iteration: 551 bestvalit: 41.050000 bestmemit:    0.296886    0.010997    0.013542    0.061485    0.147250    0.280164    0.118695    0.310847    0.440208    0.461815    0.365496    0.401437    0.179484    0.080333    0.009296    0.002313    9.782038    7.531472    1.152529    1.988134    1.940541    1.956336    0.976138    1.157438    1.901842
Iteration: 552 bestvalit: 41.050000 bestmemit:    0.296886    0.010997    0.013542    0.061485    0.147250    0.280164    0.118695    0.310847    0.440208    0.461815    0.365496    0.401437    0.179484    0.080333    0.009296    0.002313    9.782038    7.531472    1.152529    1.988134    1.940541    1.956336    0.976138    1.157438    1.901842
Iteration: 553 bestvalit: 41.050000 bestmemit:    0.296886    0.010997    0.013542    0.061485    0.147250    0.280164    0.118695    0.310847    0.440208    0.461815    0.365496    0.401437    0.179484    0.080333    0.009296    0.002313    9.782038    7.531472    1.152529    1.988134    1.940541    1.956336    0.976138    1.157438    1.901842
Iteration: 554 bestvalit: 41.050000 bestmemit:    0.296886    0.010997    0.013542    0.061485    0.147250    0.280164    0.118695    0.310847    0.440208    0.461815    0.365496    0.401437    0.179484    0.080333    0.009296    0.002313    9.782038    7.531472    1.152529    1.988134    1.940541    1.956336    0.976138    1.157438    1.901842
Iteration: 555 bestvalit: 41.050000 bestmemit:    0.296886    0.010997    0.013542    0.061485    0.147250    0.280164    0.118695    0.310847    0.440208    0.461815    0.365496    0.401437    0.179484    0.080333    0.009296    0.002313    9.782038    7.531472    1.152529    1.988134    1.940541    1.956336    0.976138    1.157438    1.901842
Iteration: 556 bestvalit: 41.050000 bestmemit:    0.296886    0.010997    0.013542    0.061485    0.147250    0.280164    0.118695    0.310847    0.440208    0.461815    0.365496    0.401437    0.179484    0.080333    0.009296    0.002313    9.782038    7.531472    1.152529    1.988134    1.940541    1.956336    0.976138    1.157438    1.901842
Iteration: 557 bestvalit: 41.050000 bestmemit:    0.296886    0.010997    0.013542    0.061485    0.147250    0.280164    0.118695    0.310847    0.440208    0.461815    0.365496    0.401437    0.179484    0.080333    0.009296    0.002313    9.782038    7.531472    1.152529    1.988134    1.940541    1.956336    0.976138    1.157438    1.901842
Iteration: 558 bestvalit: 41.050000 bestmemit:    0.296886    0.010997    0.013542    0.061485    0.147250    0.280164    0.118695    0.310847    0.440208    0.461815    0.365496    0.401437    0.179484    0.080333    0.009296    0.002313    9.782038    7.531472    1.152529    1.988134    1.940541    1.956336    0.976138    1.157438    1.901842
Iteration: 559 bestvalit: 41.050000 bestmemit:    0.296886    0.010997    0.013542    0.061485    0.147250    0.280164    0.118695    0.310847    0.440208    0.461815    0.365496    0.401437    0.179484    0.080333    0.009296    0.002313    9.782038    7.531472    1.152529    1.988134    1.940541    1.956336    0.976138    1.157438    1.901842
Iteration: 560 bestvalit: 41.050000 bestmemit:    0.296886    0.010997    0.013542    0.061485    0.147250    0.280164    0.118695    0.310847    0.440208    0.461815    0.365496    0.401437    0.179484    0.080333    0.009296    0.002313    9.782038    7.531472    1.152529    1.988134    1.940541    1.956336    0.976138    1.157438    1.901842
Iteration: 561 bestvalit: 41.050000 bestmemit:    0.296886    0.010997    0.013542    0.061485    0.147250    0.280164    0.118695    0.310847    0.440208    0.461815    0.365496    0.401437    0.179484    0.080333    0.009296    0.002313    9.782038    7.531472    1.152529    1.988134    1.940541    1.956336    0.976138    1.157438    1.901842
Iteration: 562 bestvalit: 41.050000 bestmemit:    0.296886    0.010997    0.013542    0.061485    0.147250    0.280164    0.118695    0.310847    0.414781    0.461815    0.365496    0.401437    0.179484    0.080333    0.009296    0.002313    9.782038    7.531472    1.152529    1.988134    1.940541    1.956336    0.976138    1.157438    1.901842
Iteration: 563 bestvalit: 41.050000 bestmemit:    0.296886    0.010997    0.013542    0.061485    0.147250    0.280164    0.118695    0.310847    0.414781    0.461815    0.365496    0.401437    0.179484    0.080333    0.009296    0.002313    9.782038    7.531472    1.152529    1.988134    1.940541    1.956336    0.976138    1.157438    1.901842
Iteration: 564 bestvalit: 41.050000 bestmemit:    0.296886    0.010997    0.013542    0.061485    0.147250    0.280164    0.118695    0.310847    0.414781    0.461815    0.365496    0.401437    0.179484    0.080333    0.009296    0.002313    9.782038    7.531472    1.152529    1.988134    1.940541    1.956336    0.976138    1.157438    1.901842
Iteration: 565 bestvalit: 41.050000 bestmemit:    0.296886    0.010997    0.013542    0.061485    0.147250    0.280164    0.118695    0.310847    0.414781    0.461815    0.365496    0.401437    0.179484    0.080333    0.009296    0.002313    9.782038    7.531472    1.152529    1.988134    1.940541    1.956336    0.976138    1.157438    1.901842
Iteration: 566 bestvalit: 41.050000 bestmemit:    0.296886    0.010997    0.013542    0.061485    0.147250    0.280164    0.118695    0.310847    0.414781    0.461815    0.365496    0.401437    0.179484    0.080333    0.009296    0.002313    9.782038    7.531472    1.152529    1.988134    1.940541    1.956336    0.976138    1.157438    1.901842
Iteration: 567 bestvalit: 41.050000 bestmemit:    0.296886    0.010997    0.013542    0.061485    0.147250    0.280164    0.118695    0.310847    0.414781    0.461815    0.365496    0.401437    0.179484    0.080333    0.009296    0.002313    9.782038    7.531472    1.152529    1.988134    1.940541    1.956336    0.976138    1.157438    1.901842
Iteration: 568 bestvalit: 41.050000 bestmemit:    0.296886    0.010997    0.013542    0.061485    0.147250    0.280164    0.118695    0.310847    0.414781    0.461815    0.365496    0.401437    0.179484    0.080333    0.009296    0.002313    9.782038    7.531472    1.152529    1.988134    1.940541    1.956336    0.976138    1.157438    1.901842
Iteration: 569 bestvalit: 41.050000 bestmemit:    0.296886    0.010997    0.013542    0.061485    0.147250    0.280164    0.118695    0.310847    0.414781    0.461815    0.365496    0.401437    0.179484    0.080333    0.009296    0.002313    9.782038    7.531472    1.152529    1.988134    1.940541    1.956336    0.976138    1.157438    1.901842
Iteration: 570 bestvalit: 41.050000 bestmemit:    0.296886    0.010997    0.013542    0.061485    0.107071    0.280164    0.118695    0.310847    0.414781    0.461815    0.365496    0.401437    0.179484    0.080333    0.009296    0.002313    9.782038    7.531472    1.152529    1.988134    1.940541    1.956336    0.976138    1.157438    1.901842
Iteration: 571 bestvalit: 41.050000 bestmemit:    0.296886    0.010997    0.013542    0.061485    0.107071    0.280164    0.118695    0.310847    0.414781    0.461815    0.365496    0.401437    0.179484    0.080333    0.009296    0.002313    9.782038    7.531472    1.152529    1.988134    1.940541    1.956336    0.976138    1.157438    1.901842
Iteration: 572 bestvalit: 41.050000 bestmemit:    0.296886    0.010997    0.013542    0.061485    0.107071    0.280164    0.118695    0.310847    0.414781    0.461815    0.365496    0.401437    0.179484    0.080333    0.009296    0.002313    9.782038    7.531472    1.152529    1.988134    1.940541    1.956336    0.976138    1.157438    1.901842
Iteration: 573 bestvalit: 41.050000 bestmemit:    0.296886    0.010997    0.013542    0.061485    0.107071    0.280164    0.118695    0.310847    0.414781    0.461815    0.365496    0.401437    0.179484    0.080333    0.009296    0.002313    9.782038    7.531472    1.152529    1.988134    1.940541    1.956336    0.976138    1.157438    1.901842
Iteration: 574 bestvalit: 41.050000 bestmemit:    0.296886    0.010997    0.013542    0.061485    0.107071    0.280164    0.118695    0.310847    0.414781    0.461815    0.365496    0.401437    0.179484    0.080333    0.009296    0.002313    9.782038    7.531472    1.152529    1.988134    1.940541    1.956336    0.976138    1.157438    1.901842
Iteration: 575 bestvalit: 41.050000 bestmemit:    0.296886    0.010997    0.013542    0.061485    0.107071    0.280164    0.118695    0.310847    0.414781    0.461815    0.365496    0.401437    0.179484    0.080333    0.009296    0.002313    9.782038    7.531472    1.152529    1.988134    1.940541    1.956336    0.976138    1.157438    1.901842
Iteration: 576 bestvalit: 41.050000 bestmemit:    0.296886    0.010997    0.013542    0.061485    0.107071    0.280164    0.118695    0.310847    0.414781    0.461815    0.365496    0.401437    0.179484    0.080333    0.009296    0.002313    9.782038    7.531472    1.152529    1.988134    1.940541    1.956336    0.976138    1.157438    1.901842
Iteration: 577 bestvalit: 41.050000 bestmemit:    0.296886    0.010997    0.013542    0.061485    0.107071    0.280164    0.118695    0.310847    0.414781    0.461815    0.365496    0.401437    0.179484    0.080333    0.009296    0.002313    9.782038    7.531472    1.152529    1.988134    1.940541    1.956336    0.976138    1.157438    1.901842
Iteration: 578 bestvalit: 41.050000 bestmemit:    0.296886    0.010997    0.013542    0.061485    0.107071    0.280164    0.118695    0.310847    0.414781    0.461815    0.365496    0.401437    0.179484    0.080333    0.009296    0.002313    9.782038    7.531472    1.152529    1.988134    1.940541    1.956336    0.976138    1.157438    1.901842
Iteration: 579 bestvalit: 41.050000 bestmemit:    0.296886    0.010997    0.013542    0.061485    0.107071    0.280164    0.118695    0.310847    0.414781    0.461815    0.365496    0.401437    0.179484    0.080333    0.009296    0.002313    9.782038    7.531472    1.152529    1.988134    1.940541    1.956336    0.976138    1.157438    1.901842
Iteration: 580 bestvalit: 41.050000 bestmemit:    0.296886    0.010997    0.013542    0.061485    0.107071    0.280164    0.118695    0.310847    0.414781    0.461815    0.365496    0.401437    0.179484    0.080333    0.009296    0.002313    9.782038    7.531472    1.152529    1.988134    1.940541    1.956336    0.976138    1.157438    1.901842
Iteration: 581 bestvalit: 41.050000 bestmemit:    0.296886    0.010997    0.013542    0.061485    0.107071    0.280164    0.118695    0.310847    0.414781    0.461815    0.365496    0.401437    0.179484    0.080333    0.009296    0.002313    9.782038    7.531472    1.152529    1.988134    1.940541    1.956336    0.976138    1.157438    1.901842
Iteration: 582 bestvalit: 41.050000 bestmemit:    0.296886    0.010997    0.013542    0.061485    0.107071    0.280164    0.118695    0.310847    0.414781    0.461815    0.365496    0.401437    0.179484    0.080333    0.009296    0.002313    9.782038    7.531472    1.152529    1.988134    1.940541    1.956336    0.976138    1.157438    1.901842
Iteration: 583 bestvalit: 41.050000 bestmemit:    0.296886    0.010997    0.013542    0.061485    0.107071    0.280164    0.118695    0.310847    0.414781    0.461815    0.365496    0.401437    0.179484    0.080333    0.009296    0.002313    9.782038    7.531472    1.152529    1.988134    1.940541    1.956336    0.976138    1.157438    1.901842
Iteration: 584 bestvalit: 41.050000 bestmemit:    0.296886    0.010997    0.013542    0.061485    0.107071    0.280164    0.118695    0.310847    0.414781    0.461815    0.365496    0.401437    0.179484    0.080333    0.009296    0.002313    9.782038    7.531472    1.152529    1.988134    1.940541    1.956336    0.976138    1.157438    1.901842
Iteration: 585 bestvalit: 41.050000 bestmemit:    0.296886    0.010997    0.013542    0.061485    0.107071    0.280164    0.118695    0.310847    0.414781    0.461815    0.365496    0.401437    0.179484    0.080333    0.009296    0.002313    9.782038    7.531472    1.152529    1.988134    1.940541    1.956336    0.976138    1.157438    1.901842
Iteration: 586 bestvalit: 41.050000 bestmemit:    0.296886    0.010997    0.013542    0.061485    0.107071    0.280164    0.118695    0.310847    0.414781    0.461815    0.365496    0.401437    0.179484    0.080333    0.009296    0.002313    9.782038    7.531472    1.152529    1.988134    1.940541    1.956336    0.976138    1.157438    1.901842
Iteration: 587 bestvalit: 41.050000 bestmemit:    0.296886    0.010997    0.013542    0.061485    0.107071    0.280164    0.118695    0.310847    0.414781    0.461815    0.365496    0.401437    0.179484    0.080333    0.009296    0.002313    9.782038    7.531472    1.152529    1.988134    1.940541    1.956336    0.976138    1.157438    1.901842
Iteration: 588 bestvalit: 41.050000 bestmemit:    0.296886    0.010997    0.013542    0.061485    0.107071    0.280164    0.118695    0.310847    0.414781    0.461815    0.365496    0.401437    0.179484    0.080333    0.009296    0.002313    9.782038    7.531472    1.152529    1.988134    1.940541    1.956336    0.976138    1.157438    1.901842
Iteration: 589 bestvalit: 41.050000 bestmemit:    0.296886    0.010997    0.013542    0.061485    0.107071    0.280164    0.118695    0.310847    0.414781    0.461815    0.365496    0.401437    0.179484    0.080333    0.009296    0.002313    9.782038    7.531472    1.152529    1.988134    1.940541    1.956336    0.976138    1.157438    1.901842
Iteration: 590 bestvalit: 41.050000 bestmemit:    0.296886    0.010997    0.013542    0.061485    0.107071    0.280164    0.118695    0.310847    0.414781    0.461815    0.365496    0.401437    0.179484    0.080333    0.009296    0.002313    9.782038    7.531472    1.152529    1.988134    1.940541    1.956336    0.976138    1.157438    1.901842
Iteration: 591 bestvalit: 41.050000 bestmemit:    0.296886    0.010997    0.013542    0.061485    0.107071    0.280164    0.118695    0.310847    0.414781    0.461815    0.365496    0.401437    0.179484    0.080333    0.009296    0.002313    9.782038    7.531472    1.152529    1.988134    1.940541    1.956336    0.976138    1.157438    1.901842
Iteration: 592 bestvalit: 41.050000 bestmemit:    0.296886    0.010997    0.013542    0.061485    0.107071    0.280164    0.118695    0.310847    0.414781    0.461815    0.365496    0.401437    0.179484    0.080333    0.009296    0.002313    9.782038    7.531472    1.152529    1.988134    1.940541    1.956336    0.976138    1.157438    1.901842
Iteration: 593 bestvalit: 41.050000 bestmemit:    0.296886    0.010997    0.013542    0.061485    0.107071    0.280164    0.118695    0.310847    0.414781    0.461815    0.365496    0.401437    0.179484    0.080333    0.009296    0.002313    9.782038    7.531472    1.152529    1.988134    1.940541    1.956336    0.976138    1.157438    1.901842
Iteration: 594 bestvalit: 41.050000 bestmemit:    0.296886    0.010997    0.013542    0.061485    0.107071    0.280164    0.118695    0.310847    0.414781    0.461815    0.365496    0.401437    0.179484    0.080333    0.009296    0.002313    9.782038    7.531472    1.152529    1.988134    1.940541    1.956336    0.976138    1.157438    1.901842
Iteration: 595 bestvalit: 41.050000 bestmemit:    0.296886    0.010997    0.013542    0.061485    0.107071    0.280164    0.118695    0.310847    0.414781    0.461815    0.365496    0.401437    0.179484    0.080333    0.009296    0.002313    9.782038    7.531472    1.152529    1.988134    1.940541    1.956336    0.976138    1.157438    1.901842
Iteration: 596 bestvalit: 41.050000 bestmemit:    0.296886    0.010997    0.013542    0.061485    0.107071    0.280164    0.118695    0.310847    0.414781    0.461815    0.365496    0.401437    0.179484    0.080333    0.009296    0.002313    9.782038    7.531472    1.152529    1.988134    1.940541    1.956336    0.976138    1.157438    1.901842
Iteration: 597 bestvalit: 41.050000 bestmemit:    0.296886    0.010997    0.013542    0.061485    0.107071    0.280164    0.118695    0.310847    0.414781    0.461815    0.365496    0.401437    0.179484    0.080333    0.009296    0.002313    9.782038    7.531472    1.152529    1.988134    1.940541    1.956336    0.976138    1.157438    1.901842
Iteration: 598 bestvalit: 41.050000 bestmemit:    0.296886    0.010997    0.013542    0.061485    0.107071    0.280164    0.118695    0.310847    0.414781    0.461815    0.365496    0.401437    0.179484    0.080333    0.009296    0.002313    9.782038    7.531472    1.152529    1.988134    1.940541    1.956336    0.976138    1.157438    1.901842
Iteration: 599 bestvalit: 41.050000 bestmemit:    0.296886    0.010997    0.013542    0.061485    0.107071    0.280164    0.118695    0.310847    0.414781    0.461815    0.365496    0.401437    0.179484    0.080333    0.009296    0.002313    9.782038    7.531472    1.152529    1.988134    1.940541    1.956336    0.976138    1.157438    1.901842
Iteration: 600 bestvalit: 41.050000 bestmemit:    0.296886    0.010997    0.013542    0.061485    0.107071    0.280164    0.118695    0.310847    0.414781    0.461815    0.365496    0.401437    0.179484    0.080333    0.009296    0.002313    9.782038    7.531472    1.152529    1.988134    1.940541    1.956336    0.976138    1.157438    1.901842
Iteration: 601 bestvalit: 41.050000 bestmemit:    0.296886    0.010997    0.013542    0.061485    0.107071    0.280164    0.118695    0.310847    0.414781    0.461815    0.365496    0.401437    0.179484    0.080333    0.009296    0.002313    9.782038    7.531472    1.152529    1.988134    1.940541    1.956336    0.976138    1.157438    1.901842
Iteration: 602 bestvalit: 41.050000 bestmemit:    0.296886    0.010997    0.013542    0.061485    0.107071    0.280164    0.118695    0.310847    0.414781    0.461815    0.365496    0.401437    0.179484    0.080333    0.009296    0.002313    9.782038    7.531472    1.152529    1.988134    1.940541    1.956336    0.976138    1.157438    1.901842
Iteration: 603 bestvalit: 41.050000 bestmemit:    0.296886    0.010997    0.013542    0.061485    0.107071    0.280164    0.118695    0.310847    0.414781    0.461815    0.365496    0.401437    0.179484    0.080333    0.009296    0.002313    9.782038    7.531472    1.152529    1.988134    1.940541    1.956336    0.976138    1.157438    1.901842
Iteration: 604 bestvalit: 41.050000 bestmemit:    0.296886    0.010997    0.013542    0.061485    0.107071    0.280164    0.118695    0.310847    0.414781    0.461815    0.365496    0.401437    0.179484    0.080333    0.009296    0.002313    9.782038    7.531472    1.152529    1.988134    1.940541    1.956336    0.976138    1.157438    1.901842
Iteration: 605 bestvalit: 41.050000 bestmemit:    0.296886    0.010997    0.013542    0.061485    0.107071    0.280164    0.118695    0.310847    0.414781    0.461815    0.365496    0.401437    0.179484    0.080333    0.009296    0.002313    9.782038    7.531472    1.152529    1.988134    1.940541    1.956336    0.976138    1.157438    1.901842
Iteration: 606 bestvalit: 41.050000 bestmemit:    0.296886    0.010997    0.013542    0.061485    0.107071    0.280164    0.118695    0.310847    0.414781    0.461815    0.365496    0.401437    0.179484    0.080333    0.009296    0.002313    9.782038    7.531472    1.152529    1.988134    1.940541    1.956336    0.976138    1.157438    1.901842
Iteration: 607 bestvalit: 41.050000 bestmemit:    0.296886    0.010997    0.013542    0.061485    0.107071    0.280164    0.118695    0.310847    0.414781    0.461815    0.365496    0.401437    0.179484    0.080333    0.009296    0.002313    9.782038    7.531472    1.152529    1.988134    1.940541    1.956336    0.976138    1.157438    1.901842
Iteration: 608 bestvalit: 41.050000 bestmemit:    0.296886    0.010997    0.013542    0.061485    0.107071    0.280164    0.118695    0.310847    0.414781    0.461815    0.365496    0.401437    0.179484    0.080333    0.009296    0.002313    9.782038    7.531472    1.152529    1.988134    1.940541    1.956336    0.976138    1.157438    1.901842
Iteration: 609 bestvalit: 41.050000 bestmemit:    0.296886    0.010997    0.013542    0.061485    0.107071    0.280164    0.118695    0.310847    0.414781    0.461815    0.365496    0.401437    0.179484    0.080333    0.009296    0.002313    9.782038    7.531472    1.152529    1.988134    1.940541    1.956336    0.976138    1.157438    1.901842
Iteration: 610 bestvalit: 41.050000 bestmemit:    0.296886    0.010997    0.013542    0.061485    0.107071    0.280164    0.118695    0.310847    0.414781    0.461815    0.365496    0.401437    0.179484    0.080333    0.009296    0.002313    9.782038    7.531472    1.152529    1.988134    1.940541    1.956336    0.976138    1.157438    1.901842
Iteration: 611 bestvalit: 41.050000 bestmemit:    0.296886    0.010997    0.013542    0.061485    0.107071    0.280164    0.118695    0.310847    0.414781    0.461815    0.365496    0.401437    0.179484    0.080333    0.009296    0.002313    9.782038    7.531472    1.152529    1.988134    1.940541    1.956336    0.976138    1.157438    1.901842
Iteration: 612 bestvalit: 41.050000 bestmemit:    0.296886    0.010997    0.013542    0.061485    0.107071    0.280164    0.118695    0.310847    0.414781    0.461815    0.365496    0.401437    0.179484    0.080333    0.009296    0.002313    9.782038    7.531472    1.152529    1.988134    1.940541    1.956336    0.976138    1.157438    1.901842
Iteration: 613 bestvalit: 41.000000 bestmemit:    0.296886    0.010997    0.013542    0.061485    0.107071    0.280164    0.118695    0.310847    0.414781    0.461815    0.365496    0.401437    0.179484    0.080333    0.009296    0.002313    9.782038    7.531472    1.225409    1.988134    1.940541    1.956336    0.976138    1.157438    1.901842
Iteration: 614 bestvalit: 41.000000 bestmemit:    0.296886    0.010997    0.013542    0.061485    0.107071    0.280164    0.118695    0.310847    0.414781    0.461815    0.365496    0.401437    0.179484    0.080333    0.009296    0.002313    9.782038    7.531472    1.225409    1.988134    1.940541    1.956336    0.976138    1.157438    1.901842
Iteration: 615 bestvalit: 41.000000 bestmemit:    0.296886    0.010997    0.013542    0.061485    0.107071    0.280164    0.118695    0.310847    0.414781    0.461815    0.365496    0.401437    0.179484    0.080333    0.009296    0.002313    9.782038    7.531472    1.225409    1.988134    1.940541    1.956336    0.976138    1.157438    1.901842
Iteration: 616 bestvalit: 41.000000 bestmemit:    0.296886    0.010997    0.013542    0.061485    0.107071    0.280164    0.118695    0.310847    0.414781    0.461815    0.365496    0.401437    0.179484    0.080333    0.009296    0.002313    9.782038    7.531472    1.225409    1.988134    1.940541    1.956336    0.976138    1.157438    1.901842
Iteration: 617 bestvalit: 41.000000 bestmemit:    0.296886    0.010997    0.013542    0.061485    0.107071    0.280164    0.118695    0.310847    0.414781    0.461815    0.365496    0.401437    0.179484    0.080333    0.009296    0.002313    9.782038    7.531472    1.225409    1.988134    1.940541    1.956336    0.976138    1.157438    1.901842
Iteration: 618 bestvalit: 41.000000 bestmemit:    0.296886    0.010997    0.013542    0.061485    0.107071    0.280164    0.118695    0.310847    0.414781    0.461815    0.365496    0.401437    0.179484    0.080333    0.009296    0.002313    9.782038    7.531472    1.225409    1.988134    1.940541    1.956336    0.976138    1.157438    1.901842
Iteration: 619 bestvalit: 41.000000 bestmemit:    0.296886    0.010997    0.013542    0.061485    0.107071    0.280164    0.118695    0.310847    0.414781    0.461815    0.365496    0.401437    0.179484    0.080333    0.009296    0.002313    9.782038    7.531472    1.225409    1.988134    1.940541    1.956336    0.976138    1.157438    1.901842
Iteration: 620 bestvalit: 41.000000 bestmemit:    0.296886    0.010997    0.013542    0.061485    0.107071    0.280164    0.118695    0.310847    0.414781    0.461815    0.365496    0.401437    0.179484    0.080333    0.009296    0.002313    9.782038    7.531472    1.225409    1.988134    1.940541    1.956336    0.976138    1.157438    1.901842
Iteration: 621 bestvalit: 41.000000 bestmemit:    0.296886    0.010997    0.013542    0.061485    0.107071    0.280164    0.118695    0.310847    0.414781    0.461815    0.365496    0.401437    0.179484    0.080333    0.009296    0.002313    9.782038    7.531472    1.225409    1.988134    1.940541    1.956336    0.976138    1.157438    1.901842
Iteration: 622 bestvalit: 41.000000 bestmemit:    0.296886    0.010997    0.013542    0.061485    0.107071    0.280164    0.118695    0.310847    0.414781    0.461815    0.365496    0.401437    0.179484    0.080333    0.009296    0.002313    9.782038    7.531472    1.225409    1.988134    1.940541    1.956336    0.976138    1.157438    1.901842
Iteration: 623 bestvalit: 41.000000 bestmemit:    0.296886    0.010997    0.013542    0.061485    0.107071    0.280164    0.118695    0.310847    0.414781    0.461815    0.365496    0.401437    0.179484    0.080333    0.009296    0.002313    9.782038    7.531472    1.225409    1.988134    1.940541    1.956336    0.976138    1.157438    1.901842
Iteration: 624 bestvalit: 41.000000 bestmemit:    0.296886    0.010997    0.013542    0.061485    0.107071    0.280164    0.118695    0.310847    0.414781    0.461815    0.365496    0.401437    0.179484    0.080333    0.009296    0.002313    9.782038    7.531472    1.225409    1.988134    1.940541    1.956336    0.976138    1.157438    1.901842
Iteration: 625 bestvalit: 41.000000 bestmemit:    0.296886    0.010997    0.013542    0.061485    0.107071    0.280164    0.118695    0.310847    0.414781    0.461815    0.365496    0.401437    0.179484    0.080333    0.009296    0.002313    9.782038    7.531472    1.225409    1.988134    1.940541    1.956336    0.976138    1.157438    1.901842
Iteration: 626 bestvalit: 41.000000 bestmemit:    0.296886    0.010997    0.013542    0.061485    0.107071    0.280164    0.118695    0.310847    0.414781    0.461815    0.365496    0.401437    0.179484    0.080333    0.009296    0.002313    9.782038    7.531472    1.225409    1.988134    1.940541    1.956336    0.976138    1.157438    1.901842
Iteration: 627 bestvalit: 41.000000 bestmemit:    0.296886    0.010997    0.013542    0.061485    0.107071    0.280164    0.118695    0.310847    0.414781    0.461815    0.365496    0.401437    0.179484    0.080333    0.009296    0.002313    9.782038    7.531472    1.225409    1.988134    1.940541    1.956336    0.976138    1.157438    1.901842
Iteration: 628 bestvalit: 41.000000 bestmemit:    0.296886    0.010997    0.013542    0.061485    0.107071    0.280164    0.118695    0.310847    0.414781    0.461815    0.365496    0.401437    0.179484    0.080333    0.009296    0.002313    9.782038    7.531472    1.225409    1.988134    1.940541    1.956336    0.976138    1.157438    1.901842
Iteration: 629 bestvalit: 41.000000 bestmemit:    0.296886    0.010997    0.013542    0.061485    0.107071    0.280164    0.118695    0.310847    0.414781    0.461815    0.365496    0.401437    0.179484    0.080333    0.009296    0.002313    9.782038    7.531472    1.225409    1.988134    1.940541    1.956336    0.976138    1.157438    1.901842
Iteration: 630 bestvalit: 41.000000 bestmemit:    0.296886    0.010997    0.013542    0.061485    0.107071    0.280164    0.118695    0.310847    0.414781    0.461815    0.365496    0.401437    0.179484    0.080333    0.009296    0.002313    9.782038    7.531472    1.225409    1.988134    1.940541    1.956336    0.976138    1.157438    1.901842
Iteration: 631 bestvalit: 41.000000 bestmemit:    0.296886    0.010997    0.013542    0.061485    0.107071    0.280164    0.118695    0.310847    0.414781    0.461815    0.365496    0.401437    0.179484    0.080333    0.009296    0.002313    9.782038    7.531472    1.225409    1.988134    1.940541    1.956336    0.976138    1.157438    1.901842
Iteration: 632 bestvalit: 41.000000 bestmemit:    0.296886    0.010997    0.013542    0.061485    0.107071    0.280164    0.118695    0.310847    0.414781    0.461815    0.365496    0.401437    0.179484    0.080333    0.009296    0.002313    9.782038    7.531472    1.225409    1.988134    1.940541    1.956336    0.976138    1.157438    1.901842
Iteration: 633 bestvalit: 41.000000 bestmemit:    0.296886    0.010997    0.013542    0.061485    0.107071    0.280164    0.118695    0.310847    0.414781    0.461815    0.365496    0.401437    0.179484    0.080333    0.009296    0.002313    9.782038    7.531472    1.225409    1.988134    1.940541    1.956336    0.976138    1.157438    1.901842
Iteration: 634 bestvalit: 41.000000 bestmemit:    0.296886    0.010997    0.013542    0.061485    0.107071    0.280164    0.118695    0.310847    0.414781    0.461815    0.365496    0.401437    0.179484    0.080333    0.009296    0.002313    9.782038    7.531472    1.225409    1.988134    1.940541    1.956336    0.976138    1.157438    1.901842
Iteration: 635 bestvalit: 41.000000 bestmemit:    0.296886    0.010997    0.013542    0.061485    0.107071    0.280164    0.118695    0.310847    0.414781    0.461815    0.365496    0.401437    0.179484    0.080333    0.009296    0.002313    9.782038    7.531472    1.225409    1.988134    1.940541    1.956336    0.976138    1.157438    1.901842
Iteration: 636 bestvalit: 41.000000 bestmemit:    0.296886    0.010997    0.013542    0.061485    0.107071    0.280164    0.118695    0.310847    0.414781    0.461815    0.365496    0.401437    0.179484    0.080333    0.009296    0.002313    9.782038    7.531472    1.225409    1.988134    1.940541    1.956336    0.976138    1.157438    1.901842
Iteration: 637 bestvalit: 41.000000 bestmemit:    0.296886    0.010997    0.013542    0.061485    0.107071    0.280164    0.118695    0.310847    0.414781    0.461815    0.365496    0.401437    0.179484    0.080333    0.009296    0.002313    9.782038    7.531472    1.225409    1.988134    1.940541    1.956336    0.976138    1.157438    1.901842
Iteration: 638 bestvalit: 41.000000 bestmemit:    0.296886    0.010997    0.013542    0.061485    0.107071    0.280164    0.118695    0.310847    0.414781    0.461815    0.365496    0.401437    0.179484    0.080333    0.009296    0.002313    9.782038    7.531472    1.225409    1.988134    1.940541    1.956336    0.976138    1.157438    1.901842
Iteration: 639 bestvalit: 41.000000 bestmemit:    0.296886    0.010997    0.013542    0.061485    0.107071    0.280164    0.118695    0.310847    0.414781    0.461815    0.365496    0.401437    0.179484    0.080333    0.009296    0.002313    9.782038    7.531472    1.225409    1.988134    1.940541    1.956336    0.976138    1.157438    1.901842
Iteration: 640 bestvalit: 41.000000 bestmemit:    0.296886    0.010997    0.013542    0.061485    0.107071    0.280164    0.118695    0.310847    0.414781    0.461815    0.365496    0.401437    0.179484    0.080333    0.009296    0.002313    9.782038    7.531472    1.225409    1.988134    1.940541    1.956336    0.976138    1.157438    1.901842
Iteration: 641 bestvalit: 41.000000 bestmemit:    0.296886    0.010997    0.013542    0.061485    0.107071    0.280164    0.118695    0.310847    0.414781    0.461815    0.365496    0.401437    0.179484    0.080333    0.009296    0.002313    9.782038    7.531472    1.225409    1.988134    1.940541    1.956336    0.976138    1.157438    1.901842
Iteration: 642 bestvalit: 41.000000 bestmemit:    0.296886    0.010997    0.013542    0.061485    0.107071    0.280164    0.118695    0.310847    0.414781    0.461815    0.365496    0.401437    0.179484    0.080333    0.009296    0.002313    9.782038    7.531472    1.225409    1.988134    1.940541    1.956336    0.976138    1.157438    1.901842
Iteration: 643 bestvalit: 41.000000 bestmemit:    0.296886    0.010997    0.013542    0.061485    0.107071    0.280164    0.118695    0.310847    0.414781    0.461815    0.365496    0.401437    0.179484    0.080333    0.009296    0.002313    9.782038    7.531472    1.225409    1.988134    1.940541    1.956336    0.976138    1.157438    1.901842
Iteration: 644 bestvalit: 41.000000 bestmemit:    0.296886    0.010997    0.013542    0.061485    0.107071    0.280164    0.118695    0.310847    0.414781    0.461815    0.365496    0.401437    0.179484    0.080333    0.009296    0.002313    9.782038    7.531472    1.225409    1.988134    1.940541    1.956336    0.976138    1.157438    1.901842
Iteration: 645 bestvalit: 41.000000 bestmemit:    0.296886    0.010997    0.013542    0.061485    0.107071    0.280164    0.118695    0.310847    0.414781    0.461815    0.365496    0.401437    0.179484    0.080333    0.009296    0.002313    9.782038    7.531472    1.225409    1.988134    1.940541    1.956336    0.976138    1.157438    1.901842
Iteration: 646 bestvalit: 41.000000 bestmemit:    0.296886    0.010997    0.013542    0.061485    0.107071    0.280164    0.118695    0.310847    0.414781    0.461815    0.365496    0.401437    0.179484    0.080333    0.009296    0.002313    9.782038    7.531472    1.225409    1.988134    1.940541    1.956336    0.976138    1.157438    1.901842
Iteration: 647 bestvalit: 41.000000 bestmemit:    0.296886    0.010997    0.013542    0.061485    0.107071    0.280164    0.118695    0.310847    0.414781    0.461815    0.365496    0.401437    0.179484    0.080333    0.009296    0.002313    9.782038    7.531472    1.225409    1.988134    1.940541    1.956336    0.976138    1.157438    1.901842
Iteration: 648 bestvalit: 41.000000 bestmemit:    0.296886    0.010997    0.013542    0.061485    0.107071    0.280164    0.118695    0.310847    0.414781    0.461815    0.365496    0.401437    0.179484    0.080333    0.009296    0.002313    9.782038    7.531472    1.225409    1.988134    1.940541    1.956336    0.976138    1.157438    1.901842
Iteration: 649 bestvalit: 41.000000 bestmemit:    0.296886    0.010997    0.013542    0.061485    0.107071    0.280164    0.118695    0.310847    0.414781    0.461815    0.365496    0.401437    0.179484    0.080333    0.009296    0.002313    9.782038    7.531472    1.225409    1.988134    1.940541    1.956336    0.976138    1.157438    1.901842
Iteration: 650 bestvalit: 41.000000 bestmemit:    0.296886    0.010997    0.013542    0.061485    0.107071    0.280164    0.118695    0.310847    0.414781    0.461815    0.365496    0.401437    0.179484    0.080333    0.009296    0.002313    9.782038    7.531472    1.225409    1.988134    1.940541    1.956336    0.976138    1.157438    1.901842
Iteration: 651 bestvalit: 41.000000 bestmemit:    0.296886    0.010997    0.013542    0.061485    0.107071    0.280164    0.118695    0.310847    0.414781    0.461815    0.365496    0.401437    0.179484    0.080333    0.009296    0.002313    9.782038    7.531472    1.225409    1.988134    1.940541    1.956336    0.976138    1.157438    1.901842
Iteration: 652 bestvalit: 41.000000 bestmemit:    0.296886    0.010997    0.013542    0.061485    0.107071    0.280164    0.118695    0.310847    0.414781    0.461815    0.365496    0.401437    0.179484    0.080333    0.009296    0.002313    9.782038    7.531472    1.225409    1.988134    1.940541    1.956336    0.976138    1.157438    1.901842
Iteration: 653 bestvalit: 41.000000 bestmemit:    0.296886    0.010997    0.013542    0.061485    0.107071    0.280164    0.118695    0.310847    0.414781    0.461815    0.365496    0.401437    0.179484    0.080333    0.009296    0.002313    9.782038    7.531472    1.225409    1.988134    1.940541    1.956336    0.976138    1.157438    1.901842
Iteration: 654 bestvalit: 41.000000 bestmemit:    0.296886    0.010997    0.013542    0.061485    0.107071    0.280164    0.118695    0.310847    0.414781    0.461815    0.365496    0.401437    0.179484    0.080333    0.009296    0.002313    9.782038    7.531472    1.225409    1.988134    1.940541    1.956336    0.976138    1.157438    1.901842
Iteration: 655 bestvalit: 41.000000 bestmemit:    0.296886    0.010997    0.013542    0.061485    0.107071    0.280164    0.118695    0.310847    0.414781    0.461815    0.365496    0.401437    0.179484    0.080333    0.009296    0.002313    9.782038    7.531472    1.225409    1.988134    1.940541    1.956336    0.976138    1.157438    1.901842
Iteration: 656 bestvalit: 41.000000 bestmemit:    0.296886    0.010997    0.013542    0.061485    0.107071    0.280164    0.118695    0.310847    0.414781    0.461815    0.365496    0.401437    0.179484    0.080333    0.009296    0.002313    9.782038    7.531472    1.225409    1.988134    1.940541    1.956336    0.976138    1.157438    1.901842
Iteration: 657 bestvalit: 41.000000 bestmemit:    0.296886    0.010997    0.013542    0.061485    0.107071    0.280164    0.118695    0.310847    0.414781    0.461815    0.365496    0.401437    0.179484    0.080333    0.009296    0.002313    9.782038    7.531472    1.225409    1.988134    1.940541    1.956336    0.976138    1.157438    1.901842
Iteration: 658 bestvalit: 41.000000 bestmemit:    0.296886    0.010997    0.013542    0.061485    0.107071    0.280164    0.118695    0.310847    0.414781    0.461815    0.365496    0.401437    0.179484    0.080333    0.009296    0.002313    9.782038    7.531472    1.225409    1.988134    1.940541    1.956336    0.976138    1.157438    1.901842
Iteration: 659 bestvalit: 41.000000 bestmemit:    0.296886    0.010997    0.013542    0.061485    0.107071    0.280164    0.118695    0.310847    0.414781    0.461815    0.365496    0.401437    0.179484    0.080333    0.009296    0.002313    9.782038    7.531472    1.225409    1.988134    1.940541    1.956336    0.976138    1.157438    1.901842
Iteration: 660 bestvalit: 41.000000 bestmemit:    0.296886    0.010997    0.013542    0.061485    0.107071    0.280164    0.118695    0.310847    0.414781    0.461815    0.365496    0.401437    0.179484    0.080333    0.009296    0.002313    9.782038    7.531472    1.225409    1.988134    1.940541    1.956336    0.976138    1.157438    1.901842
Iteration: 661 bestvalit: 41.000000 bestmemit:    0.296886    0.010997    0.013542    0.061485    0.107071    0.280164    0.118695    0.310847    0.414781    0.461815    0.365496    0.401437    0.179484    0.080333    0.009296    0.002313    9.782038    7.531472    1.225409    1.988134    1.940541    1.956336    0.976138    1.157438    1.901842
Iteration: 662 bestvalit: 41.000000 bestmemit:    0.296886    0.010997    0.013542    0.061485    0.107071    0.280164    0.118695    0.310847    0.414781    0.461815    0.365496    0.401437    0.179484    0.080333    0.009296    0.002313    9.782038    7.531472    1.225409    1.988134    1.940541    1.956336    0.976138    1.157438    1.901842
Iteration: 663 bestvalit: 41.000000 bestmemit:    0.296886    0.010997    0.013542    0.061485    0.107071    0.280164    0.118695    0.310847    0.414781    0.461815    0.365496    0.401437    0.179484    0.080333    0.009296    0.002313    9.782038    7.531472    1.225409    1.988134    1.940541    1.956336    0.976138    1.157438    1.901842
Iteration: 664 bestvalit: 41.000000 bestmemit:    0.296886    0.010997    0.013542    0.061485    0.107071    0.280164    0.118695    0.310847    0.414781    0.461815    0.365496    0.401437    0.179484    0.080333    0.009296    0.002313    9.782038    7.531472    1.225409    1.988134    1.940541    1.956336    0.976138    1.157438    1.901842
Iteration: 665 bestvalit: 41.000000 bestmemit:    0.296886    0.010997    0.013542    0.061485    0.107071    0.280164    0.118695    0.310847    0.414781    0.461815    0.365496    0.401437    0.179484    0.080333    0.009296    0.002313    9.782038    7.531472    1.225409    1.988134    1.940541    1.956336    0.976138    1.157438    1.901842
Iteration: 666 bestvalit: 41.000000 bestmemit:    0.296886    0.010997    0.013542    0.061485    0.107071    0.280164    0.118695    0.310847    0.414781    0.461815    0.365496    0.401437    0.179484    0.080333    0.009296    0.002313    9.782038    7.531472    1.225409    1.988134    1.940541    1.956336    0.976138    1.157438    1.901842
Iteration: 667 bestvalit: 41.000000 bestmemit:    0.296886    0.010997    0.013542    0.061485    0.107071    0.280164    0.118695    0.310847    0.414781    0.461815    0.365496    0.401437    0.179484    0.080333    0.009296    0.002313    9.782038    7.531472    1.225409    1.988134    1.940541    1.956336    0.976138    1.157438    1.901842
Iteration: 668 bestvalit: 41.000000 bestmemit:    0.296886    0.010997    0.013542    0.061485    0.107071    0.280164    0.118695    0.310847    0.414781    0.461815    0.365496    0.401437    0.179484    0.080333    0.009296    0.002313    9.782038    7.531472    1.225409    1.988134    1.940541    1.956336    0.976138    1.157438    1.901842
Iteration: 669 bestvalit: 41.000000 bestmemit:    0.296886    0.010997    0.013542    0.061485    0.107071    0.280164    0.118695    0.310847    0.414781    0.461815    0.365496    0.401437    0.179484    0.080333    0.009296    0.002313    9.782038    7.531472    1.225409    1.988134    1.940541    1.956336    0.976138    1.157438    1.901842
Iteration: 670 bestvalit: 41.000000 bestmemit:    0.296886    0.010997    0.013542    0.061485    0.107071    0.280164    0.118695    0.310847    0.414781    0.461815    0.365496    0.401437    0.179484    0.080333    0.009296    0.002313    9.782038    7.531472    1.225409    1.988134    1.940541    1.956336    0.976138    1.157438    1.901842
Iteration: 671 bestvalit: 41.000000 bestmemit:    0.296886    0.010997    0.013542    0.061485    0.107071    0.280164    0.118695    0.310847    0.414781    0.461815    0.365496    0.401437    0.179484    0.080333    0.009296    0.002313    9.782038    7.531472    1.225409    1.988134    1.940541    1.956336    0.976138    1.157438    1.901842
Iteration: 672 bestvalit: 41.000000 bestmemit:    0.296886    0.010997    0.013542    0.061485    0.107071    0.280164    0.118695    0.310847    0.414781    0.461815    0.365496    0.401437    0.179484    0.080333    0.009296    0.002313    9.782038    7.531472    1.225409    1.988134    1.940541    1.956336    0.976138    1.157438    1.901842
Iteration: 673 bestvalit: 41.000000 bestmemit:    0.296886    0.010997    0.013542    0.061485    0.107071    0.280164    0.118695    0.310847    0.414781    0.461815    0.365496    0.401437    0.179484    0.080333    0.009296    0.002313    9.782038    7.531472    1.225409    1.988134    1.940541    1.956336    0.976138    1.157438    1.901842
Iteration: 674 bestvalit: 41.000000 bestmemit:    0.296886    0.010997    0.013542    0.061485    0.107071    0.280164    0.118695    0.310847    0.414781    0.461815    0.365496    0.401437    0.179484    0.080333    0.009296    0.002313    9.782038    7.531472    1.225409    1.988134    1.940541    1.956336    0.976138    1.157438    1.901842
Iteration: 675 bestvalit: 41.000000 bestmemit:    0.296886    0.010997    0.013542    0.061485    0.107071    0.280164    0.118695    0.310847    0.414781    0.461815    0.365496    0.401437    0.179484    0.080333    0.009296    0.002313    9.782038    7.531472    1.225409    1.988134    1.940541    1.956336    0.976138    1.157438    1.901842
Iteration: 676 bestvalit: 41.000000 bestmemit:    0.296886    0.010997    0.013542    0.061485    0.107071    0.280164    0.118695    0.310847    0.414781    0.461815    0.365496    0.401437    0.179484    0.080333    0.009296    0.002313    9.782038    7.531472    1.225409    1.988134    1.940541    1.956336    0.976138    1.157438    1.901842
Iteration: 677 bestvalit: 41.000000 bestmemit:    0.296886    0.010997    0.013542    0.061485    0.107071    0.280164    0.118695    0.310847    0.414781    0.461815    0.365496    0.401437    0.179484    0.080333    0.009296    0.002313    9.782038    7.531472    1.225409    1.988134    1.940541    1.956336    0.976138    1.157438    1.901842
Iteration: 678 bestvalit: 41.000000 bestmemit:    0.296886    0.010997    0.013542    0.061485    0.107071    0.280164    0.118695    0.310847    0.414781    0.461815    0.365496    0.401437    0.179484    0.080333    0.009296    0.002313    9.782038    7.531472    1.225409    1.988134    1.940541    1.956336    0.976138    1.157438    1.901842
Iteration: 679 bestvalit: 41.000000 bestmemit:    0.296886    0.010997    0.013542    0.061485    0.107071    0.280164    0.118695    0.310847    0.414781    0.461815    0.365496    0.401437    0.179484    0.080333    0.009296    0.002313    9.782038    7.531472    1.225409    1.988134    1.940541    1.956336    0.976138    1.157438    1.901842
Iteration: 680 bestvalit: 41.000000 bestmemit:    0.296886    0.010997    0.013542    0.061485    0.107071    0.280164    0.118695    0.310847    0.414781    0.461815    0.365496    0.401437    0.179484    0.080333    0.009296    0.002313    9.782038    7.531472    1.225409    1.988134    1.940541    1.956336    0.976138    1.157438    1.901842
Iteration: 681 bestvalit: 41.000000 bestmemit:    0.296886    0.010997    0.013542    0.061485    0.107071    0.280164    0.118695    0.310847    0.414781    0.461815    0.365496    0.401437    0.179484    0.080333    0.009296    0.002313    9.782038    7.531472    1.225409    1.988134    1.940541    1.956336    0.976138    1.157438    1.901842
Iteration: 682 bestvalit: 41.000000 bestmemit:    0.296886    0.010997    0.013542    0.061485    0.107071    0.280164    0.118695    0.310847    0.414781    0.461815    0.365496    0.401437    0.179484    0.080333    0.009296    0.002313    9.782038    7.531472    1.225409    1.988134    1.940541    1.956336    0.976138    1.157438    1.901842
Iteration: 683 bestvalit: 41.000000 bestmemit:    0.296886    0.010997    0.013542    0.061485    0.107071    0.280164    0.118695    0.310847    0.414781    0.461815    0.365496    0.401437    0.179484    0.080333    0.009296    0.002313    9.782038    7.531472    1.225409    1.988134    1.940541    1.956336    0.976138    1.157438    1.901842
Iteration: 684 bestvalit: 41.000000 bestmemit:    0.296886    0.010997    0.013542    0.061485    0.107071    0.280164    0.118695    0.310847    0.414781    0.461815    0.365496    0.401437    0.179484    0.080333    0.009296    0.002313    9.782038    7.531472    1.225409    1.988134    1.940541    1.956336    0.976138    1.157438    1.901842
Iteration: 685 bestvalit: 40.965000 bestmemit:    0.296886    0.010997    0.013542    0.061485    0.107071    0.280164    0.118695    0.310847    0.414781    0.461815    0.365496    0.401437    0.179484    0.080333    0.009296    0.002313    9.782038    7.531472    1.225409    1.988134    1.940541    1.956336    0.976138    1.157438    1.917643
Iteration: 686 bestvalit: 40.965000 bestmemit:    0.296886    0.010997    0.013542    0.061485    0.107071    0.280164    0.118695    0.310847    0.414781    0.461815    0.365496    0.401437    0.179484    0.080333    0.009296    0.002313    9.782038    7.531472    1.225409    1.988134    1.940541    1.956336    0.976138    1.157438    1.917643
Iteration: 687 bestvalit: 40.965000 bestmemit:    0.296886    0.010997    0.013542    0.061485    0.107071    0.280164    0.118695    0.310847    0.414781    0.461815    0.365496    0.401437    0.179484    0.080333    0.009296    0.002313    9.782038    7.531472    1.225409    1.988134    1.940541    1.956336    0.976138    1.157438    1.917643
Iteration: 688 bestvalit: 40.965000 bestmemit:    0.296886    0.010997    0.013542    0.061485    0.107071    0.280164    0.118695    0.310847    0.414781    0.461815    0.365496    0.401437    0.179484    0.080333    0.009296    0.002313    9.782038    7.531472    1.225409    1.988134    1.940541    1.956336    0.976138    1.157438    1.917643
Iteration: 689 bestvalit: 40.965000 bestmemit:    0.296886    0.010997    0.013542    0.061485    0.107071    0.280164    0.118695    0.310847    0.414781    0.461815    0.365496    0.401437    0.179484    0.080333    0.009296    0.002313    9.782038    7.531472    1.225409    1.988134    1.940541    1.956336    0.976138    1.157438    1.917643
Iteration: 690 bestvalit: 40.965000 bestmemit:    0.296886    0.010997    0.013542    0.061485    0.107071    0.280164    0.118695    0.310847    0.414781    0.461815    0.365496    0.401437    0.179484    0.080333    0.009296    0.002313    9.782038    7.531472    1.225409    1.988134    1.940541    1.956336    0.976138    1.157438    1.917643
Iteration: 691 bestvalit: 40.965000 bestmemit:    0.296886    0.010997    0.013542    0.061485    0.107071    0.280164    0.118695    0.310847    0.414781    0.461815    0.365496    0.401437    0.179484    0.080333    0.009296    0.002313    9.782038    7.531472    1.225409    1.988134    1.940541    1.956336    0.976138    1.157438    1.917643
Iteration: 692 bestvalit: 40.965000 bestmemit:    0.296886    0.010997    0.013542    0.061485    0.107071    0.280164    0.118695    0.310847    0.414781    0.461815    0.365496    0.401437    0.179484    0.080333    0.009296    0.002313    9.782038    7.531472    1.225409    1.988134    1.940541    1.956336    0.976138    1.157438    1.917643
Iteration: 693 bestvalit: 40.965000 bestmemit:    0.296886    0.010997    0.013542    0.061485    0.107071    0.280164    0.118695    0.310847    0.414781    0.461815    0.365496    0.401437    0.179484    0.080333    0.009296    0.002313    9.782038    7.531472    1.225409    1.988134    1.940541    1.956336    0.976138    1.157438    1.917643
Iteration: 694 bestvalit: 40.965000 bestmemit:    0.296886    0.010997    0.013542    0.061485    0.107071    0.280164    0.118695    0.310847    0.414781    0.461815    0.365496    0.401437    0.179484    0.080333    0.009296    0.002313    9.782038    7.531472    1.225409    1.988134    1.940541    1.956336    0.976138    1.157438    1.917643
Iteration: 695 bestvalit: 40.965000 bestmemit:    0.296886    0.010997    0.013542    0.061485    0.107071    0.280164    0.118695    0.310847    0.414781    0.461815    0.365496    0.401437    0.179484    0.080333    0.009296    0.002313    9.782038    7.531472    1.225409    1.988134    1.940541    1.956336    0.976138    1.157438    1.917643
Iteration: 696 bestvalit: 40.965000 bestmemit:    0.296886    0.010997    0.013542    0.061485    0.107071    0.280164    0.118695    0.310847    0.414781    0.461815    0.365496    0.401437    0.179484    0.080333    0.009296    0.002313    9.782038    7.531472    1.225409    1.988134    1.940541    1.956336    0.976138    1.157438    1.917643
Iteration: 697 bestvalit: 40.965000 bestmemit:    0.296886    0.010997    0.013542    0.061485    0.107071    0.280164    0.118695    0.310847    0.414781    0.461815    0.365496    0.401437    0.179484    0.080333    0.009296    0.002313    9.782038    7.531472    1.225409    1.988134    1.940541    1.956336    0.976138    1.157438    1.917643
Iteration: 698 bestvalit: 40.965000 bestmemit:    0.296886    0.010997    0.013542    0.061485    0.107071    0.280164    0.118695    0.310847    0.414781    0.461815    0.365496    0.401437    0.179484    0.080333    0.009296    0.002313    9.782038    7.531472    1.225409    1.988134    1.940541    1.956336    0.976138    1.157438    1.917643
Iteration: 699 bestvalit: 40.965000 bestmemit:    0.296886    0.010997    0.013542    0.061485    0.107071    0.280164    0.118695    0.310847    0.414781    0.461815    0.365496    0.401437    0.179484    0.080333    0.009296    0.002313    9.782038    7.531472    1.225409    1.988134    1.940541    1.956336    0.976138    1.157438    1.917643
Iteration: 700 bestvalit: 40.965000 bestmemit:    0.296886    0.010997    0.013542    0.061485    0.107071    0.280164    0.118695    0.310847    0.414781    0.461815    0.365496    0.401437    0.179484    0.080333    0.009296    0.002313    9.782038    7.531472    1.225409    1.988134    1.940541    1.956336    0.976138    1.157438    1.917643
Iteration: 701 bestvalit: 40.965000 bestmemit:    0.296886    0.010997    0.013542    0.061485    0.107071    0.280164    0.118695    0.310847    0.414781    0.461815    0.365496    0.401437    0.179484    0.080333    0.009296    0.002313    9.782038    7.531472    1.225409    1.988134    1.940541    1.956336    0.976138    1.157438    1.917643
Iteration: 702 bestvalit: 40.965000 bestmemit:    0.296886    0.010997    0.013542    0.061485    0.107071    0.280164    0.118695    0.310847    0.414781    0.461815    0.365496    0.401437    0.179484    0.080333    0.009296    0.002313    9.782038    7.531472    1.225409    1.988134    1.940541    1.956336    0.976138    1.157438    1.917643
Iteration: 703 bestvalit: 40.965000 bestmemit:    0.296886    0.010997    0.013542    0.061485    0.107071    0.280164    0.118695    0.310847    0.414781    0.461815    0.365496    0.401437    0.179484    0.080333    0.009296    0.002313    9.782038    7.531472    1.225409    1.988134    1.940541    1.956336    0.976138    1.157438    1.917643
Iteration: 704 bestvalit: 40.965000 bestmemit:    0.296886    0.010997    0.013542    0.061485    0.107071    0.280164    0.118695    0.310847    0.414781    0.461815    0.365496    0.401437    0.179484    0.080333    0.009296    0.002313    9.782038    7.531472    1.225409    1.988134    1.940541    1.956336    0.976138    1.157438    1.917643
Iteration: 705 bestvalit: 40.965000 bestmemit:    0.296886    0.010997    0.013542    0.061485    0.107071    0.280164    0.118695    0.310847    0.414781    0.461815    0.365496    0.401437    0.179484    0.080333    0.009296    0.002313    9.782038    7.531472    1.225409    1.988134    1.940541    1.956336    0.976138    1.157438    1.917643
Iteration: 706 bestvalit: 40.965000 bestmemit:    0.296886    0.010997    0.013542    0.061485    0.107071    0.280164    0.118695    0.310847    0.414781    0.461815    0.365496    0.401437    0.179484    0.080333    0.009296    0.002313    9.782038    7.531472    1.225409    1.988134    1.940541    1.956336    0.976138    1.157438    1.917643
Iteration: 707 bestvalit: 40.965000 bestmemit:    0.296886    0.010997    0.013542    0.061485    0.107071    0.280164    0.118695    0.310847    0.414781    0.461815    0.365496    0.401437    0.179484    0.080333    0.009296    0.002313    9.782038    7.531472    1.225409    1.988134    1.940541    1.956336    0.976138    1.157438    1.917643
Iteration: 708 bestvalit: 40.965000 bestmemit:    0.296886    0.010997    0.013542    0.061485    0.107071    0.280164    0.118695    0.310847    0.414781    0.461815    0.365496    0.401437    0.179484    0.080333    0.009296    0.002313    9.782038    7.531472    1.225409    1.988134    1.940541    1.956336    0.976138    1.157438    1.917643
Iteration: 709 bestvalit: 40.965000 bestmemit:    0.296886    0.010997    0.013542    0.061485    0.107071    0.280164    0.118695    0.310847    0.414781    0.461815    0.365496    0.401437    0.179484    0.080333    0.009296    0.002313    9.782038    7.531472    1.225409    1.988134    1.940541    1.956336    0.976138    1.157438    1.917643
Iteration: 710 bestvalit: 40.965000 bestmemit:    0.296886    0.010997    0.013542    0.061485    0.107071    0.280164    0.118695    0.310847    0.414781    0.461815    0.365496    0.401437    0.179484    0.080333    0.009296    0.002313    9.782038    7.531472    1.225409    1.988134    1.940541    1.956336    0.976138    1.157438    1.917643
Iteration: 711 bestvalit: 40.965000 bestmemit:    0.296886    0.010997    0.013542    0.061485    0.107071    0.280164    0.118695    0.310847    0.414781    0.461815    0.365496    0.401437    0.179484    0.080333    0.009296    0.002313    9.782038    7.531472    1.225409    1.988134    1.940541    1.956336    0.976138    1.157438    1.917643
Iteration: 712 bestvalit: 40.965000 bestmemit:    0.296886    0.010997    0.013542    0.061485    0.107071    0.280164    0.118695    0.310847    0.414781    0.461815    0.365496    0.401437    0.179484    0.080333    0.009296    0.002313    9.782038    7.531472    1.225409    1.988134    1.940541    1.956336    0.976138    1.157438    1.917643
Iteration: 713 bestvalit: 40.965000 bestmemit:    0.296886    0.010997    0.013542    0.061485    0.107071    0.280164    0.118695    0.310847    0.414781    0.461815    0.365496    0.401437    0.179484    0.080333    0.009296    0.002313    9.782038    7.531472    1.225409    1.988134    1.940541    1.956336    0.976138    1.157438    1.917643
Iteration: 714 bestvalit: 40.965000 bestmemit:    0.296886    0.010997    0.013542    0.061485    0.107071    0.280164    0.118695    0.310847    0.414781    0.461815    0.365496    0.401437    0.179484    0.080333    0.009296    0.002313    9.782038    7.531472    1.225409    1.988134    1.940541    1.956336    0.976138    1.157438    1.917643
Iteration: 715 bestvalit: 40.965000 bestmemit:    0.296886    0.010997    0.013542    0.061485    0.107071    0.280164    0.118695    0.310847    0.414781    0.461815    0.365496    0.401437    0.179484    0.080333    0.009296    0.002313    9.782038    7.531472    1.225409    1.988134    1.940541    1.956336    0.976138    1.157438    1.917643
Iteration: 716 bestvalit: 40.890000 bestmemit:    0.296886    0.010997    0.013542    0.061485    0.107071    0.280164    0.118695    0.310847    0.414781    0.461815    0.365496    0.401437    0.179484    0.080333    0.009296    0.002313    9.782038    7.531472    1.225409    1.988134    1.940541    1.956336    0.976138    1.157438    1.909737
Iteration: 717 bestvalit: 40.890000 bestmemit:    0.296886    0.010997    0.013542    0.061485    0.107071    0.280164    0.118695    0.310847    0.414781    0.461815    0.365496    0.401437    0.179484    0.080333    0.009296    0.002313    9.782038    7.531472    1.225409    1.988134    1.940541    1.956336    0.976138    1.157438    1.909737
Iteration: 718 bestvalit: 40.890000 bestmemit:    0.296886    0.010997    0.013542    0.061485    0.107071    0.280164    0.118695    0.310847    0.414781    0.461815    0.365496    0.401437    0.179484    0.080333    0.009296    0.002313    9.782038    7.531472    1.225409    1.988134    1.940541    1.956336    0.976138    1.157438    1.909737
Iteration: 719 bestvalit: 40.890000 bestmemit:    0.296886    0.010997    0.013542    0.061485    0.107071    0.280164    0.118695    0.310847    0.414781    0.461815    0.365496    0.401437    0.179484    0.080333    0.009296    0.002313    9.782038    7.531472    1.225409    1.988134    1.940541    1.956336    0.976138    1.157438    1.909737
Iteration: 720 bestvalit: 40.890000 bestmemit:    0.296886    0.010997    0.013542    0.061485    0.107071    0.280164    0.118695    0.310847    0.414781    0.461815    0.365496    0.401437    0.179484    0.080333    0.009296    0.002313    9.782038    7.531472    1.225409    1.988134    1.940541    1.956336    0.976138    1.157438    1.909737
Iteration: 721 bestvalit: 40.890000 bestmemit:    0.296886    0.010997    0.013542    0.061485    0.107071    0.280164    0.118695    0.310847    0.414781    0.461815    0.365496    0.401437    0.179484    0.080333    0.009296    0.002313    9.782038    7.531472    1.225409    1.988134    1.940541    1.956336    0.976138    1.157438    1.909737
Iteration: 722 bestvalit: 40.890000 bestmemit:    0.296886    0.010997    0.013542    0.061485    0.107071    0.280164    0.118695    0.310847    0.414781    0.461815    0.365496    0.401437    0.179484    0.080333    0.009296    0.002313    9.782038    7.531472    1.225409    1.988134    1.940541    1.956336    0.976138    1.157438    1.909737
Iteration: 723 bestvalit: 40.890000 bestmemit:    0.296886    0.010997    0.013542    0.061485    0.107071    0.280164    0.118695    0.310847    0.414781    0.461815    0.365496    0.401437    0.179484    0.080333    0.009296    0.002313    9.782038    7.531472    1.225409    1.988134    1.940541    1.956336    0.976138    1.157438    1.909737
Iteration: 724 bestvalit: 40.890000 bestmemit:    0.296886    0.010997    0.013542    0.061485    0.107071    0.280164    0.118695    0.310847    0.414781    0.461815    0.365496    0.401437    0.179484    0.080333    0.009296    0.002313    9.782038    7.531472    1.225409    1.988134    1.940541    1.956336    0.976138    1.157438    1.909737
Iteration: 725 bestvalit: 40.890000 bestmemit:    0.296886    0.010997    0.013542    0.061485    0.107071    0.280164    0.118695    0.310847    0.414781    0.461815    0.365496    0.401437    0.179484    0.080333    0.009296    0.002313    9.782038    7.531472    1.225409    1.988134    1.940541    1.956336    0.976138    1.157438    1.909737
Iteration: 726 bestvalit: 40.890000 bestmemit:    0.296886    0.010997    0.013542    0.061485    0.107071    0.280164    0.118695    0.310847    0.414781    0.461815    0.365496    0.401437    0.179484    0.080333    0.009296    0.002313    9.782038    7.531472    1.225409    1.988134    1.940541    1.956336    0.976138    1.157438    1.909737
Iteration: 727 bestvalit: 40.890000 bestmemit:    0.296886    0.010997    0.013542    0.061485    0.107071    0.280164    0.118695    0.310847    0.414781    0.461815    0.365496    0.401437    0.179484    0.080333    0.009296    0.002313    9.782038    7.531472    1.225409    1.988134    1.940541    1.956336    0.976138    1.157438    1.909737
Iteration: 728 bestvalit: 40.890000 bestmemit:    0.296886    0.010997    0.013542    0.061485    0.107071    0.280164    0.118695    0.310847    0.414781    0.461815    0.365496    0.401437    0.179484    0.080333    0.009296    0.002313    9.782038    7.531472    1.225409    1.988134    1.940541    1.956336    0.976138    1.157438    1.909737
Iteration: 729 bestvalit: 40.890000 bestmemit:    0.296886    0.010997    0.013542    0.061485    0.107071    0.280164    0.118695    0.310847    0.414781    0.461815    0.365496    0.401437    0.179484    0.080333    0.009296    0.002313    9.782038    7.531472    1.225409    1.988134    1.940541    1.956336    0.976138    1.157438    1.909737
Iteration: 730 bestvalit: 40.890000 bestmemit:    0.296886    0.010997    0.013542    0.061485    0.107071    0.280164    0.118695    0.310847    0.414781    0.461815    0.365496    0.401437    0.179484    0.080333    0.009296    0.002313    9.782038    7.531472    1.225409    1.988134    1.940541    1.956336    0.976138    1.157438    1.909737
Iteration: 731 bestvalit: 40.890000 bestmemit:    0.296886    0.010997    0.013542    0.061485    0.107071    0.280164    0.118695    0.310847    0.414781    0.461815    0.365496    0.401437    0.179484    0.080333    0.009296    0.002313    9.782038    7.531472    1.225409    1.988134    1.940541    1.956336    0.976138    1.157438    1.909737
Iteration: 732 bestvalit: 40.890000 bestmemit:    0.296886    0.010997    0.013542    0.061485    0.107071    0.280164    0.118695    0.310847    0.414781    0.461815    0.365496    0.401437    0.179484    0.080333    0.009296    0.002313    9.782038    7.531472    1.225409    1.988134    1.940541    1.956336    0.976138    1.157438    1.909737
Iteration: 733 bestvalit: 40.890000 bestmemit:    0.296886    0.010997    0.013542    0.061485    0.107071    0.280164    0.118695    0.310847    0.414781    0.461815    0.365496    0.401437    0.179484    0.080333    0.009296    0.002313    9.782038    7.531472    1.225409    1.988134    1.940541    1.956336    0.976138    1.157438    1.909737
Iteration: 734 bestvalit: 40.890000 bestmemit:    0.296886    0.010997    0.013542    0.061485    0.107071    0.280164    0.118695    0.310847    0.414781    0.461815    0.365496    0.401437    0.179484    0.080333    0.009296    0.002313    9.782038    7.531472    1.225409    1.988134    1.940541    1.956336    0.976138    1.157438    1.909737
Iteration: 735 bestvalit: 40.890000 bestmemit:    0.296886    0.010997    0.013542    0.061485    0.107071    0.280164    0.118695    0.310847    0.414781    0.461815    0.365496    0.401437    0.179484    0.080333    0.009296    0.002313    9.782038    7.531472    1.225409    1.988134    1.940541    1.956336    0.976138    1.157438    1.909737
Iteration: 736 bestvalit: 40.890000 bestmemit:    0.296886    0.010997    0.013542    0.061485    0.107071    0.280164    0.118695    0.310847    0.414781    0.461815    0.365496    0.401437    0.179484    0.080333    0.009296    0.002313    9.782038    7.531472    1.225409    1.988134    1.940541    1.956336    0.976138    1.052023    1.909737
Iteration: 737 bestvalit: 40.890000 bestmemit:    0.296886    0.010997    0.013542    0.061485    0.107071    0.280164    0.118695    0.310847    0.414781    0.461815    0.365496    0.401437    0.179484    0.080333    0.009296    0.002313    9.782038    7.531472    1.225409    1.988134    1.940541    1.956336    0.976138    1.052023    1.909737
Iteration: 738 bestvalit: 40.890000 bestmemit:    0.296886    0.010997    0.013542    0.061485    0.107071    0.280164    0.118695    0.310847    0.414781    0.461815    0.365496    0.401437    0.179484    0.080333    0.009296    0.002313    9.782038    7.531472    1.225409    1.988134    1.940541    1.956336    0.976138    1.052023    1.909737
Iteration: 739 bestvalit: 40.875000 bestmemit:    0.296886    0.010997    0.013542    0.061485    0.107071    0.280164    0.118695    0.310847    0.414781    0.461815    0.365496    0.401437    0.179484    0.080333    0.009296    0.002313    9.793282    7.531472    1.225409    1.988134    1.940541    1.956336    0.976138    1.052023    1.909737
Iteration: 740 bestvalit: 40.875000 bestmemit:    0.296886    0.010997    0.013542    0.061485    0.107071    0.280164    0.118695    0.310847    0.414781    0.461815    0.365496    0.401437    0.319704    0.080333    0.009296    0.002313    9.793282    7.531472    1.225409    1.988134    1.940541    1.956336    0.976138    1.052023    1.909737
Iteration: 741 bestvalit: 40.875000 bestmemit:    0.296886    0.010997    0.013542    0.061485    0.107071    0.280164    0.118695    0.310847    0.414781    0.461815    0.365496    0.401437    0.319704    0.080333    0.009296    0.002313    9.793282    7.531472    1.225409    1.988134    1.940541    1.956336    0.976138    1.052023    1.909737
Iteration: 742 bestvalit: 40.875000 bestmemit:    0.296886    0.010997    0.013542    0.061485    0.107071    0.280164    0.118695    0.310847    0.414781    0.461815    0.365496    0.401437    0.319704    0.080333    0.009296    0.002313    9.793282    7.531472    1.225409    1.988134    1.940541    1.956336    0.976138    1.052023    1.909737
Iteration: 743 bestvalit: 40.875000 bestmemit:    0.296886    0.010997    0.013542    0.061485    0.107071    0.280164    0.118695    0.310847    0.414781    0.461815    0.365496    0.401437    0.319704    0.080333    0.009296    0.002313    9.793282    7.531472    1.225409    1.988134    1.940541    1.956336    0.976138    1.052023    1.909737
Iteration: 744 bestvalit: 40.875000 bestmemit:    0.296886    0.010997    0.013542    0.061485    0.107071    0.280164    0.118695    0.310847    0.414781    0.461815    0.365496    0.401437    0.319704    0.080333    0.009296    0.002313    9.793282    7.531472    1.225409    1.988134    1.940541    1.956336    0.976138    1.052023    1.909737
Iteration: 745 bestvalit: 40.875000 bestmemit:    0.296886    0.010997    0.013542    0.061485    0.107071    0.280164    0.118695    0.310847    0.414781    0.461815    0.365496    0.401437    0.319704    0.080333    0.009296    0.002313    9.793282    7.531472    1.225409    1.988134    1.940541    1.956336    0.976138    1.052023    1.909737
Iteration: 746 bestvalit: 40.875000 bestmemit:    0.296886    0.010997    0.013542    0.061485    0.107071    0.280164    0.118695    0.310847    0.414781    0.461815    0.365496    0.401437    0.319704    0.080333    0.009296    0.002313    9.793282    7.531472    1.225409    1.988134    1.940541    1.956336    0.976138    1.052023    1.909737
Iteration: 747 bestvalit: 40.875000 bestmemit:    0.296886    0.010997    0.013542    0.061485    0.118488    0.280164    0.118695    0.310847    0.414781    0.461815    0.365496    0.401437    0.319704    0.080333    0.009296    0.002313    9.793282    7.531472    1.225409    1.988134    1.940541    1.956336    0.976138    1.052023    1.909737
Iteration: 748 bestvalit: 40.875000 bestmemit:    0.296886    0.010997    0.013542    0.061485    0.118488    0.280164    0.118695    0.310847    0.414781    0.461815    0.365496    0.401437    0.319704    0.080333    0.009296    0.002313    9.793282    7.531472    1.225409    1.988134    1.940541    1.956336    0.976138    1.052023    1.909737
Iteration: 749 bestvalit: 40.875000 bestmemit:    0.296886    0.010997    0.013542    0.061485    0.118488    0.280164    0.118695    0.310847    0.414781    0.461815    0.365496    0.401437    0.319704    0.080333    0.009296    0.002313    9.793282    7.531472    1.225409    1.988134    1.940541    1.956336    0.976138    1.052023    1.909737
Iteration: 750 bestvalit: 40.875000 bestmemit:    0.296886    0.010997    0.013542    0.061485    0.118488    0.280164    0.118695    0.310847    0.414781    0.461815    0.365496    0.401437    0.319704    0.080333    0.009296    0.002313    9.793282    7.531472    1.225409    1.988134    1.940541    1.956336    0.976138    1.052023    1.909737
Iteration: 751 bestvalit: 40.875000 bestmemit:    0.296886    0.010997    0.013542    0.061485    0.118488    0.280164    0.118695    0.310847    0.414781    0.461815    0.365496    0.401437    0.319704    0.080333    0.009296    0.002313    9.793282    7.531472    1.225409    1.988134    1.940541    1.956336    0.976138    1.052023    1.909737
Iteration: 752 bestvalit: 40.875000 bestmemit:    0.296886    0.010997    0.013542    0.061485    0.118488    0.280164    0.118695    0.310847    0.414781    0.461815    0.365496    0.401437    0.319704    0.080333    0.009296    0.002313    9.793282    7.531472    1.225409    1.988134    1.940541    1.956336    0.976138    1.052023    1.909737
Iteration: 753 bestvalit: 40.875000 bestmemit:    0.296886    0.010997    0.013542    0.061485    0.118488    0.280164    0.118695    0.310847    0.414781    0.461815    0.365496    0.401437    0.319704    0.080333    0.009296    0.002313    9.793282    7.531472    1.225409    1.988134    1.940541    1.956336    0.976138    1.052023    1.909737
Iteration: 754 bestvalit: 40.875000 bestmemit:    0.296886    0.010997    0.013542    0.061485    0.118488    0.280164    0.118695    0.310847    0.414781    0.461815    0.365496    0.401437    0.319704    0.080333    0.009296    0.002313    9.793282    7.531472    1.225409    1.988134    1.940541    1.956336    0.976138    1.052023    1.909737
Iteration: 755 bestvalit: 40.875000 bestmemit:    0.296886    0.010997    0.013542    0.061485    0.118488    0.280164    0.118695    0.310847    0.414781    0.461815    0.365496    0.401437    0.319704    0.080333    0.009296    0.002313    9.793282    7.531472    1.225409    1.988134    1.940541    1.956336    0.976138    1.052023    1.909737
Iteration: 756 bestvalit: 40.875000 bestmemit:    0.296886    0.010997    0.013542    0.061485    0.118488    0.280164    0.118695    0.310847    0.414781    0.461815    0.365496    0.401437    0.319704    0.080333    0.009296    0.002313    9.793282    7.531472    1.225409    1.988134    1.940541    1.956336    0.976138    1.052023    1.909737
Iteration: 757 bestvalit: 40.875000 bestmemit:    0.296886    0.010997    0.013542    0.061485    0.118488    0.280164    0.118695    0.310847    0.414781    0.461815    0.365496    0.401437    0.319704    0.080333    0.009296    0.002313    9.793282    7.531472    1.225409    1.988134    1.940541    1.956336    0.976138    1.052023    1.909737
Iteration: 758 bestvalit: 40.875000 bestmemit:    0.296886    0.010997    0.013542    0.061485    0.118488    0.280164    0.118695    0.310847    0.414781    0.461815    0.365496    0.401437    0.319704    0.080333    0.009296    0.002313    9.793282    7.531472    1.225409    1.988134    1.940541    1.956336    0.976138    1.052023    1.909737
Iteration: 759 bestvalit: 40.875000 bestmemit:    0.296886    0.010997    0.013542    0.061485    0.118488    0.280164    0.118695    0.310847    0.414781    0.461815    0.365496    0.401437    0.319704    0.080333    0.009296    0.002313    9.793282    7.531472    1.225409    1.988134    1.940541    1.956336    0.976138    1.052023    1.909737
Iteration: 760 bestvalit: 40.875000 bestmemit:    0.296886    0.010997    0.013542    0.061485    0.118488    0.280164    0.118695    0.310847    0.414781    0.461815    0.365496    0.401437    0.319704    0.080333    0.009296    0.002313    9.793282    7.531472    1.225409    1.988134    1.940541    1.956336    0.976138    1.052023    1.909737
Iteration: 761 bestvalit: 40.875000 bestmemit:    0.296886    0.010997    0.013542    0.061485    0.118488    0.280164    0.118695    0.310847    0.414781    0.461815    0.365496    0.401437    0.319704    0.080333    0.009296    0.002313    9.793282    7.531472    1.225409    1.988134    1.940541    1.956336    0.976138    1.052023    1.909737
Iteration: 762 bestvalit: 40.875000 bestmemit:    0.296886    0.010997    0.013542    0.061485    0.118488    0.280164    0.118695    0.310847    0.414781    0.461815    0.365496    0.401437    0.319704    0.080333    0.009296    0.002313    9.793282    7.531472    1.225409    1.988134    1.940541    1.956336    0.976138    1.052023    1.909737
Iteration: 763 bestvalit: 40.875000 bestmemit:    0.296886    0.010997    0.013542    0.061485    0.118488    0.280164    0.118695    0.310847    0.414781    0.461815    0.365496    0.401437    0.319704    0.080333    0.009296    0.002313    9.793282    7.531472    1.225409    1.988134    1.940541    1.956336    0.976138    1.052023    1.909737
Iteration: 764 bestvalit: 40.875000 bestmemit:    0.296886    0.010997    0.013542    0.061485    0.118488    0.280164    0.118695    0.310847    0.414781    0.461815    0.365496    0.401437    0.319704    0.080333    0.009296    0.002313    9.793282    7.531472    1.225409    1.988134    1.940541    1.956336    0.976138    1.052023    1.909737
Iteration: 765 bestvalit: 40.875000 bestmemit:    0.296886    0.010997    0.013542    0.061485    0.118488    0.280164    0.118695    0.310847    0.414781    0.461815    0.365496    0.401437    0.319704    0.080333    0.009296    0.002313    9.793282    7.531472    1.225409    1.988134    1.940541    1.956336    0.976138    1.052023    1.909737
Iteration: 766 bestvalit: 40.875000 bestmemit:    0.296886    0.010997    0.013542    0.061485    0.118488    0.280164    0.118695    0.310847    0.414781    0.461815    0.365496    0.401437    0.319704    0.080333    0.009296    0.002313    9.793282    7.531472    1.225409    1.988134    1.940541    1.956336    0.976138    1.052023    1.909737
Iteration: 767 bestvalit: 40.875000 bestmemit:    0.296886    0.010997    0.013542    0.061485    0.118488    0.280164    0.118695    0.310847    0.414781    0.461815    0.365496    0.401437    0.319704    0.080333    0.009296    0.002313    9.793282    7.531472    1.225409    1.988134    1.940541    1.956336    0.976138    1.052023    1.909737
Iteration: 768 bestvalit: 40.875000 bestmemit:    0.296886    0.010997    0.013542    0.061485    0.118488    0.280164    0.118695    0.310847    0.414781    0.461815    0.365496    0.401437    0.319704    0.080333    0.009296    0.002313    9.793282    7.531472    1.225409    1.988134    1.940541    1.956336    0.976138    1.052023    1.909737
Iteration: 769 bestvalit: 40.875000 bestmemit:    0.296886    0.010997    0.013542    0.061485    0.118488    0.280164    0.118695    0.310847    0.414781    0.461815    0.365496    0.401437    0.319704    0.080333    0.009296    0.002313    9.793282    7.531472    1.225409    1.988134    1.940541    1.956336    0.976138    1.052023    1.909737
Iteration: 770 bestvalit: 40.875000 bestmemit:    0.296886    0.010997    0.013542    0.061485    0.118488    0.280164    0.118695    0.310847    0.414781    0.461815    0.365496    0.401437    0.319704    0.080333    0.009296    0.002313    9.793282    7.531472    1.225409    1.988134    1.940541    1.956336    0.976138    1.052023    1.909737
Iteration: 771 bestvalit: 40.875000 bestmemit:    0.296886    0.010997    0.013542    0.061485    0.118488    0.280164    0.118695    0.310847    0.414781    0.461815    0.365496    0.401437    0.319704    0.080333    0.009296    0.002313    9.793282    7.531472    1.225409    1.988134    1.940541    1.956336    0.976138    1.052023    1.909737
Iteration: 772 bestvalit: 40.875000 bestmemit:    0.296886    0.010997    0.013542    0.061485    0.118488    0.280164    0.118695    0.310847    0.414781    0.461815    0.365496    0.401437    0.319704    0.080333    0.009296    0.002313    9.793282    7.531472    1.225409    1.988134    1.940541    1.956336    0.976138    1.052023    1.909737
Iteration: 773 bestvalit: 40.875000 bestmemit:    0.296886    0.010997    0.013542    0.061485    0.118488    0.280164    0.118695    0.310847    0.414781    0.461815    0.365496    0.401437    0.319704    0.080333    0.009296    0.002313    9.793282    7.531472    1.225409    1.988134    1.940541    1.956336    0.976138    1.052023    1.909737
Iteration: 774 bestvalit: 40.875000 bestmemit:    0.296886    0.010997    0.013542    0.061485    0.118488    0.280164    0.118695    0.310847    0.414781    0.461815    0.365496    0.401437    0.319704    0.080333    0.009296    0.002313    9.793282    7.531472    1.225409    1.988134    1.940541    1.956336    0.976138    1.052023    1.909737
Iteration: 775 bestvalit: 40.875000 bestmemit:    0.296886    0.010997    0.013542    0.061485    0.118488    0.280164    0.118695    0.310847    0.414781    0.461815    0.365496    0.401437    0.319704    0.080333    0.009296    0.002313    9.793282    7.531472    1.225409    1.988134    1.940541    1.956336    0.976138    1.052023    1.909737
Iteration: 776 bestvalit: 40.875000 bestmemit:    0.296886    0.010997    0.013542    0.061485    0.118488    0.280164    0.118695    0.310847    0.414781    0.461815    0.365496    0.401437    0.319704    0.080333    0.009296    0.002313    9.793282    7.531472    1.225409    1.988134    1.940541    1.956336    0.976138    1.052023    1.909737
Iteration: 777 bestvalit: 40.875000 bestmemit:    0.296886    0.010997    0.013542    0.061485    0.118488    0.280164    0.118695    0.310847    0.414781    0.461815    0.365496    0.401437    0.319704    0.080333    0.009296    0.002313    9.793282    7.531472    1.225409    1.988134    1.940541    1.956336    0.976138    1.052023    1.909737
Iteration: 778 bestvalit: 40.875000 bestmemit:    0.296886    0.010997    0.013542    0.061485    0.118488    0.280164    0.118695    0.310847    0.414781    0.461815    0.365496    0.401437    0.319704    0.080333    0.009296    0.002313    9.793282    7.531472    1.225409    1.988134    1.940541    1.956336    0.976138    1.052023    1.909737
Iteration: 779 bestvalit: 40.875000 bestmemit:    0.296886    0.010997    0.013542    0.061485    0.118488    0.280164    0.118695    0.310847    0.414781    0.461815    0.365496    0.401437    0.319704    0.080333    0.009296    0.002313    9.793282    7.531472    1.225409    1.988134    1.940541    1.956336    0.976138    1.052023    1.909737
Iteration: 780 bestvalit: 40.875000 bestmemit:    0.296886    0.010997    0.013542    0.061485    0.118488    0.280164    0.118695    0.310847    0.414781    0.461815    0.365496    0.401437    0.319704    0.080333    0.009296    0.002313    9.793282    7.531472    1.225409    1.988134    1.940541    1.956336    0.976138    1.052023    1.909737
Iteration: 781 bestvalit: 40.875000 bestmemit:    0.296886    0.010997    0.013542    0.061485    0.118488    0.280164    0.118695    0.310847    0.414781    0.461815    0.365496    0.401437    0.319704    0.080333    0.009296    0.002313    9.793282    7.531472    1.225409    1.988134    1.940541    1.956336    0.976138    1.052023    1.909737
Iteration: 782 bestvalit: 40.870000 bestmemit:    0.296886    0.010997    0.013542    0.061485    0.118488    0.280164    0.118695    0.310847    0.414781    0.461815    0.365496    0.401437    4.195096    0.080333    0.009296    0.002313    9.793282    7.531472    1.225409    1.988134    1.940541    1.956336    0.976138    1.052023    1.909737
Iteration: 783 bestvalit: 40.870000 bestmemit:    0.296886    0.010997    0.013542    0.061485    0.118488    0.280164    0.118695    0.310847    0.414781    0.461815    0.365496    0.401437    4.195096    0.080333    0.009296    0.002313    9.793282    7.531472    1.225409    1.988134    1.940541    1.956336    0.976138    1.052023    1.909737
Iteration: 784 bestvalit: 40.870000 bestmemit:    0.296886    0.010997    0.013542    0.061485    0.118488    0.280164    0.118695    0.310847    0.414781    0.461815    0.365496    0.401437    4.195096    0.080333    0.009296    0.002313    9.793282    7.531472    1.225409    1.988134    1.940541    1.956336    0.976138    1.052023    1.909737
Iteration: 785 bestvalit: 40.870000 bestmemit:    0.296886    0.010997    0.013542    0.061485    0.118488    0.280164    0.118695    0.310847    0.414781    0.461815    0.365496    0.401437    4.195096    0.080333    0.009296    0.002313    9.793282    7.531472    1.225409    1.988134    1.940541    1.956336    0.976138    1.052023    1.909737
Iteration: 786 bestvalit: 40.870000 bestmemit:    0.296886    0.010997    0.013542    0.061485    0.118488    0.280164    0.118695    0.310847    0.414781    0.461815    0.365496    0.401437    4.195096    0.080333    0.009296    0.002313    9.793282    7.531472    1.225409    1.988134    1.940541    1.956336    0.976138    1.052023    1.909737
Iteration: 787 bestvalit: 40.870000 bestmemit:    0.296886    0.010997    0.013542    0.061485    0.118488    0.280164    0.118695    0.310847    0.414781    0.461815    0.365496    0.401437    4.195096    0.080333    0.009296    0.002313    9.793282    7.531472    1.225409    1.988134    1.940541    1.956336    0.976138    1.052023    1.909737
Iteration: 788 bestvalit: 40.865000 bestmemit:    0.296886    0.010997    0.013542    0.061485    0.118488    0.280164    0.118695    0.310847    0.414781    0.461815    0.365496    0.401437    4.195096    0.080333    0.009296    0.002313    9.793282    7.531472    1.225409    1.988134    1.940541    1.958202    0.976138    1.052023    1.909737
Iteration: 789 bestvalit: 40.865000 bestmemit:    0.296886    0.010997    0.013542    0.061485    0.118488    0.280164    0.118695    0.310847    0.414781    0.461815    0.365496    0.401437    4.195096    0.080333    0.009296    0.002313    9.793282    7.531472    1.225409    1.988134    1.940541    1.958202    0.976138    1.052023    1.909737
Iteration: 790 bestvalit: 40.865000 bestmemit:    0.296886    0.010997    0.013542    0.061485    0.118488    0.280164    0.118695    0.310847    0.414781    0.461815    0.365496    0.401437    4.195096    0.080333    0.009296    0.002313    9.793282    7.531472    1.225409    1.988134    1.940541    1.958202    0.976138    1.052023    1.909737
Iteration: 791 bestvalit: 40.865000 bestmemit:    0.296886    0.010997    0.013542    0.061485    0.118488    0.280164    0.118695    0.310847    0.414781    0.461815    0.365496    0.401437    4.195096    0.080333    0.009296    0.002313    9.793282    7.531472    1.225409    1.988134    1.940541    1.958202    0.976138    1.052023    1.909737
Iteration: 792 bestvalit: 40.865000 bestmemit:    0.296886    0.010997    0.013542    0.061485    0.118488    0.280164    0.118695    0.310847    0.414781    0.461815    0.365496    0.401437    4.195096    0.080333    0.009296    0.002313    9.793282    7.531472    1.225409    1.988134    1.940541    1.958202    0.976138    1.052023    1.909737
Iteration: 793 bestvalit: 40.865000 bestmemit:    0.296886    0.010997    0.013542    0.061485    0.118488    0.280164    0.118695    0.310847    0.414781    0.461815    0.365496    0.401437    4.195096    0.080333    0.009296    0.002313    9.793282    7.531472    1.225409    1.988134    1.940541    1.958202    0.976138    1.052023    1.909737
Iteration: 794 bestvalit: 40.865000 bestmemit:    0.296886    0.010997    0.013542    0.061485    0.118488    0.280164    0.118695    0.310847    0.414781    0.461815    0.365496    0.401437    4.195096    0.080333    0.009296    0.002313    9.793282    7.531472    1.225409    1.988134    1.940541    1.958202    0.976138    1.052023    1.909737
Iteration: 795 bestvalit: 40.865000 bestmemit:    0.296886    0.010997    0.013542    0.061485    0.118488    0.280164    0.118695    0.310847    0.414781    0.461815    0.365496    0.401437    4.195096    0.080333    0.009296    0.002313    9.793282    7.531472    1.225409    1.988134    1.940541    1.958202    0.976138    1.052023    1.909737
Iteration: 796 bestvalit: 40.865000 bestmemit:    0.296886    0.010997    0.013542    0.061485    0.118488    0.280164    0.118695    0.310847    0.414781    0.461815    0.365496    0.401437    4.195096    0.080333    0.009296    0.002313    9.793282    7.531472    1.225409    1.988134    1.940541    1.958202    0.976138    1.052023    1.909737
Iteration: 797 bestvalit: 40.865000 bestmemit:    0.296886    0.010997    0.013542    0.061485    0.118488    0.280164    0.118695    0.310847    0.414781    0.461815    0.365496    0.401437    4.195096    0.080333    0.009296    0.002313    9.793282    7.531472    1.225409    1.988134    1.940541    1.958202    0.976138    1.052023    1.909737
Iteration: 798 bestvalit: 40.865000 bestmemit:    0.296886    0.010997    0.013542    0.061485    0.118488    0.280164    0.118695    0.310847    0.414781    0.461815    0.365496    0.401437    4.195096    0.080333    0.009296    0.002313    9.793282    7.531472    1.225409    1.988134    1.940541    1.958202    0.976138    1.052023    1.909737
Iteration: 799 bestvalit: 40.865000 bestmemit:    0.296886    0.010997    0.013542    0.061485    0.118488    0.280164    0.118695    0.310847    0.414781    0.461815    0.365496    0.401437    4.195096    0.080333    0.009296    0.002313    9.793282    7.531472    1.225409    1.988134    1.940541    1.958202    0.976138    1.052023    1.909737
Iteration: 800 bestvalit: 40.865000 bestmemit:    0.296886    0.010997    0.013542    0.061485    0.118488    0.280164    0.118695    0.310847    0.414781    0.461815    0.365496    0.401437    4.195096    0.080333    0.009296    0.002313    9.793282    7.531472    1.225409    1.988134    1.940541    1.958202    0.976138    1.052023    1.909737
Iteration: 801 bestvalit: 40.865000 bestmemit:    0.296886    0.010997    0.013542    0.061485    0.118488    0.280164    0.118695    0.310847    0.414781    0.461815    0.365496    0.401437    4.195096    0.080333    0.009296    0.002313    9.793282    7.531472    1.225409    1.988134    1.940541    1.958202    0.976138    1.052023    1.909737
Iteration: 802 bestvalit: 40.865000 bestmemit:    0.296886    0.010997    0.013542    0.061485    0.118488    0.280164    0.118695    0.310847    0.414781    0.461815    0.365496    0.401437    4.195096    0.080333    0.009296    0.002313    9.793282    7.531472    1.225409    1.988134    1.940541    1.958202    0.976138    1.052023    1.909737
Iteration: 803 bestvalit: 40.865000 bestmemit:    0.296886    0.010997    0.013542    0.061485    0.118488    0.280164    0.118695    0.310847    0.414781    0.461815    0.365496    0.401437    4.195096    0.080333    0.009296    0.002313    9.793282    7.531472    1.225409    1.988134    1.940541    1.958202    0.976138    1.052023    1.909737
Iteration: 804 bestvalit: 40.865000 bestmemit:    0.296886    0.010997    0.013542    0.061485    0.118488    0.280164    0.118695    0.310847    0.414781    0.461815    0.365496    0.401437    4.195096    0.080333    0.009296    0.002313    9.793282    7.531472    1.225409    1.988134    1.940541    1.958202    0.976138    1.052023    1.909737
Iteration: 805 bestvalit: 40.865000 bestmemit:    0.296886    0.010997    0.013542    0.061485    0.118488    0.280164    0.118695    0.310847    0.414781    0.461815    0.365496    0.401437    4.195096    0.080333    0.009296    0.002313    9.793282    7.531472    1.225409    1.988134    1.940541    1.958202    0.976138    1.052023    1.909737
Iteration: 806 bestvalit: 40.865000 bestmemit:    0.296886    0.010997    0.013542    0.061485    0.118488    0.280164    0.118695    0.310847    0.414781    0.461815    0.365496    0.401437    4.195096    0.080333    0.009296    0.002313    9.793282    7.531472    1.225409    1.988134    1.940541    1.958202    0.976138    1.052023    1.909737
Iteration: 807 bestvalit: 40.865000 bestmemit:    0.296886    0.010997    0.013542    0.061485    0.118488    0.280164    0.118695    0.310847    0.414781    0.461815    0.365496    0.401437    4.195096    0.080333    0.009296    0.002313    9.793282    7.531472    1.225409    1.988134    1.940541    1.958202    0.976138    1.052023    1.909737
Iteration: 808 bestvalit: 40.865000 bestmemit:    0.296886    0.010997    0.013542    0.061485    0.118488    0.280164    0.118695    0.310847    0.414781    0.461815    0.365496    0.401437    4.195096    0.080333    0.009296    0.002313    9.793282    7.531472    1.225409    1.988134    1.940541    1.958202    0.976138    1.052023    1.909737
Iteration: 809 bestvalit: 40.865000 bestmemit:    0.296886    0.010997    0.013542    0.061485    0.118488    0.280164    0.118695    0.310847    0.414781    0.461815    0.365496    0.401437    4.195096    0.080333    0.009296    0.002313    9.793282    7.531472    1.225409    1.988134    1.940541    1.958202    0.976138    1.052023    1.909737
Iteration: 810 bestvalit: 40.865000 bestmemit:    0.296886    0.010997    0.013542    0.061485    0.118488    0.280164    0.118695    0.310847    0.414781    0.461815    0.365496    0.401437    4.195096    0.080333    0.009296    0.002313    9.793282    7.531472    1.225409    1.988134    1.940541    1.958202    0.976138    1.052023    1.909737
Iteration: 811 bestvalit: 40.865000 bestmemit:    0.296886    0.010997    0.013542    0.061485    0.118488    0.280164    0.118695    0.310847    0.414781    0.461815    0.365496    0.401437    4.195096    0.080333    0.009296    0.002313    9.793282    7.531472    1.225409    1.988134    1.940541    1.958202    0.976138    1.052023    1.909737
Iteration: 812 bestvalit: 40.865000 bestmemit:    0.296886    0.010997    0.013542    0.061485    0.118488    0.280164    0.118695    0.310847    0.414781    0.461815    0.365496    0.401437    4.195096    0.080333    0.009296    0.002313    9.793282    7.531472    1.225409    1.988134    1.940541    1.958202    0.976138    1.052023    1.909737
Iteration: 813 bestvalit: 40.865000 bestmemit:    0.296886    0.010997    0.013542    0.061485    0.118488    0.280164    0.118695    0.310847    0.414781    0.461815    0.365496    0.401437    4.195096    0.080333    0.009296    0.002313    9.793282    7.531472    1.225409    1.988134    1.940541    1.958202    0.976138    1.052023    1.909737
Iteration: 814 bestvalit: 40.865000 bestmemit:    0.296886    0.010997    0.013542    0.061485    0.118488    0.280164    0.118695    0.310847    0.414781    0.461815    0.365496    0.401437    4.195096    0.080333    0.009296    0.002313    9.793282    7.531472    1.225409    1.988134    1.940541    1.958202    0.976138    1.052023    1.909737
Iteration: 815 bestvalit: 40.675000 bestmemit:    0.296886    0.010997    0.013542    0.061485    0.118488    0.280164    0.118695    0.310847    0.414781    0.461815    0.365496    0.401437    4.195096    0.080333    0.009296    0.002313    9.793282    7.531472    1.225409    1.988134    1.940541    1.958202    0.993448    1.121867    1.914122
Iteration: 816 bestvalit: 40.675000 bestmemit:    0.296886    0.010997    0.013542    0.061485    0.118488    0.280164    0.118695    0.310847    0.444110    0.461815    0.365496    0.401437    4.195096    0.080333    0.009296    0.002313    9.793282    7.531472    1.225409    1.988134    1.940541    1.958202    0.993448    1.121867    1.914122
Iteration: 817 bestvalit: 40.675000 bestmemit:    0.296886    0.010997    0.013542    0.061485    0.118488    0.280164    0.118695    0.310847    0.444110    0.461815    0.365496    0.401437    4.195096    0.080333    0.009296    0.002313    9.793282    7.531472    1.225409    1.988134    1.940541    1.958202    0.993448    1.121867    1.914122
Iteration: 818 bestvalit: 40.675000 bestmemit:    0.296886    0.010997    0.013542    0.061485    0.118488    0.280164    0.118695    0.310847    0.444110    0.461815    0.365496    0.401437    4.195096    0.080333    0.009296    0.002313    9.793282    7.531472    1.225409    1.988134    1.940541    1.958202    0.993448    1.121867    1.914122
Iteration: 819 bestvalit: 40.470000 bestmemit:    0.296886    0.010997    0.013542    0.061485    0.118488    0.280164    0.118695    0.310847    0.444110    0.461815    0.365496    0.401437    4.195096    0.080333    0.009296    0.002313    9.901190    7.531472    1.225409    1.988134    1.940541    1.958202    0.993448    1.121867    1.914122
Iteration: 820 bestvalit: 40.470000 bestmemit:    0.296886    0.010997    0.013542    0.061485    0.118488    0.280164    0.118695    0.310847    0.444110    0.461815    0.365496    0.401437    4.195096    0.080333    0.009296    0.002313    9.901190    7.531472    1.225409    1.988134    1.940541    1.958202    0.993448    1.121867    1.914122
Iteration: 821 bestvalit: 40.470000 bestmemit:    0.296886    0.010997    0.013542    0.061485    0.118488    0.280164    0.118695    0.310847    0.444110    0.461815    0.365496    0.401437    4.195096    0.080333    0.009296    0.002313    9.901190    7.531472    1.225409    1.988134    1.940541    1.958202    0.993448    1.121867    1.914122
Iteration: 822 bestvalit: 40.470000 bestmemit:    0.296886    0.010997    0.013542    0.061485    0.118488    0.280164    0.118695    0.310847    0.444110    0.461815    0.365496    0.401437    4.195096    0.080333    0.009296    0.002313    9.901190    7.531472    1.225409    1.988134    1.940541    1.958202    0.993448    1.121867    1.914122
Iteration: 823 bestvalit: 40.470000 bestmemit:    0.296886    0.010997    0.013542    0.061485    0.118488    0.280164    0.118695    0.310847    0.444110    0.461815    0.365496    0.401437    4.195096    0.080333    0.009296    0.002313    9.901190    7.531472    1.225409    1.988134    1.940541    1.958202    0.993448    1.121867    1.914122
Iteration: 824 bestvalit: 40.470000 bestmemit:    0.296886    0.010997    0.013542    0.061485    0.118488    0.280164    0.118695    0.310847    0.444110    0.461815    0.365496    0.401437    4.195096    0.080333    0.009296    0.002313    9.901190    7.531472    1.225409    1.988134    1.940541    1.958202    0.993448    1.121867    1.914122
Iteration: 825 bestvalit: 40.470000 bestmemit:    0.296886    0.010997    0.013542    0.061485    0.118488    0.280164    0.118695    0.310847    0.444110    0.461815    0.365496    0.401437    4.195096    0.080333    0.009296    0.002313    9.901190    7.531472    1.225409    1.988134    1.940541    1.958202    0.993448    1.121867    1.914122
Iteration: 826 bestvalit: 40.470000 bestmemit:    0.296886    0.010997    0.013542    0.061485    0.118488    0.280164    0.118695    0.310847    0.444110    0.461815    0.365496    0.401437    4.195096    0.080333    0.009296    0.002313    9.901190    7.531472    1.225409    1.988134    1.940541    1.958202    0.993448    1.121867    1.914122
Iteration: 827 bestvalit: 40.470000 bestmemit:    0.296886    0.010997    0.013542    0.061485    0.118488    0.280164    0.118695    0.310847    0.444110    0.461815    0.365496    0.401437    4.195096    0.080333    0.009296    0.002313    9.901190    7.531472    1.225409    1.988134    1.940541    1.958202    0.993448    1.121867    1.914122
Iteration: 828 bestvalit: 40.470000 bestmemit:    0.296886    0.010997    0.013542    0.061485    0.118488    0.280164    0.118695    0.310847    0.444110    0.461815    0.365496    0.401437    4.195096    0.080333    0.009296    0.002313    9.901190    7.531472    1.225409    1.988134    1.940541    1.958202    0.993448    1.121867    1.914122
Iteration: 829 bestvalit: 40.470000 bestmemit:    0.296886    0.010997    0.013542    0.061485    0.118488    0.280164    0.118695    0.310847    0.444110    0.461815    0.365496    0.401437    4.195096    0.080333    0.009296    0.002313    9.901190    7.531472    1.225409    1.988134    1.940541    1.958202    0.993448    1.121867    1.914122
Iteration: 830 bestvalit: 40.470000 bestmemit:    0.296886    0.010997    0.013542    0.061485    0.118488    0.280164    0.118695    0.310847    0.444110    0.461815    0.365496    0.401437    4.195096    0.080333    0.009296    0.002313    9.901190    7.531472    1.225409    1.988134    1.940541    1.958202    0.993448    1.121867    1.914122
Iteration: 831 bestvalit: 40.470000 bestmemit:    0.296886    0.010997    0.013542    0.061485    0.118488    0.280164    0.118695    0.310847    0.444110    0.461815    0.365496    0.401437    4.195096    0.080333    0.009296    0.002313    9.901190    7.531472    1.225409    1.988134    1.940541    1.958202    0.993448    1.121867    1.914122
Iteration: 832 bestvalit: 40.470000 bestmemit:    0.296886    0.010997    0.013542    0.061485    0.118488    0.280164    0.118695    0.310847    0.444110    0.461815    0.365496    0.401437    4.195096    0.080333    0.009296    0.002313    9.901190    7.531472    1.225409    1.988134    1.940541    1.958202    0.993448    1.121867    1.914122
Iteration: 833 bestvalit: 40.470000 bestmemit:    0.296886    0.010997    0.013542    0.061485    0.118488    0.280164    0.118695    0.310847    0.444110    0.461815    0.365496    0.401437    4.195096    0.080333    0.009296    0.002313    9.901190    7.531472    1.225409    1.988134    1.940541    1.958202    0.993448    1.121867    1.914122
Iteration: 834 bestvalit: 40.470000 bestmemit:    0.296886    0.010997    0.013542    0.061485    0.118488    0.280164    0.118695    0.310847    0.444110    0.461815    0.365496    0.401437    4.195096    0.080333    0.009296    0.002313    9.901190    7.531472    1.225409    1.988134    1.940541    1.958202    0.993448    1.121867    1.914122
Iteration: 835 bestvalit: 40.470000 bestmemit:    0.296886    0.010997    0.013542    0.061485    0.118488    0.280164    0.118695    0.310847    0.444110    0.461815    0.365496    0.401437    4.195096    0.080333    0.009296    0.002313    9.901190    7.531472    1.225409    1.988134    1.940541    1.958202    0.993448    1.121867    1.914122
Iteration: 836 bestvalit: 40.470000 bestmemit:    0.296886    0.010997    0.013542    0.061485    0.118488    0.280164    0.118695    0.310847    0.444110    0.461815    0.365496    0.401437    4.195096    0.080333    0.009296    0.002313    9.901190    7.531472    1.225409    1.988134    1.940541    1.958202    0.993448    1.121867    1.914122
Iteration: 837 bestvalit: 40.470000 bestmemit:    0.296886    0.010997    0.013542    0.061485    0.118488    0.280164    0.118695    0.310847    0.444110    0.461815    0.365496    0.401437    4.195096    0.080333    0.009296    0.002313    9.901190    7.531472    1.225409    1.988134    1.940541    1.958202    0.993448    1.121867    1.914122
Iteration: 838 bestvalit: 40.470000 bestmemit:    0.296886    0.010997    0.013542    0.061485    0.118488    0.280164    0.118695    0.310847    0.444110    0.461815    0.365496    0.401437    4.195096    0.080333    0.009296    0.002313    9.901190    7.531472    1.225409    1.988134    1.940541    1.958202    0.993448    1.121867    1.914122
Iteration: 839 bestvalit: 40.470000 bestmemit:    0.296886    0.010997    0.013542    0.061485    0.118488    0.280164    0.118695    0.310847    0.444110    0.461815    0.365496    0.401437    4.195096    0.080333    0.009296    0.002313    9.901190    7.531472    1.225409    1.988134    1.940541    1.958202    0.993448    1.121867    1.914122
Iteration: 840 bestvalit: 40.470000 bestmemit:    0.296886    0.010997    0.013542    0.061485    0.118488    0.280164    0.118695    0.310847    0.444110    0.461815    0.365496    0.401437    4.195096    0.080333    0.009296    0.002313    9.901190    7.531472    1.225409    1.988134    1.940541    1.958202    0.993448    1.121867    1.914122
Iteration: 841 bestvalit: 40.470000 bestmemit:    0.296886    0.010997    0.013542    0.061485    0.118488    0.280164    0.118695    0.310847    0.444110    0.461815    0.365496    0.401437    4.195096    0.080333    0.009296    0.002313    9.901190    7.531472    1.225409    1.988134    1.940541    1.958202    0.993448    1.121867    1.914122
Iteration: 842 bestvalit: 40.470000 bestmemit:    0.296886    0.010997    0.013542    0.061485    0.118488    0.280164    0.118695    0.310847    0.444110    0.461815    0.365496    0.401437    4.195096    0.080333    0.009296    0.002313    9.901190    7.531472    1.225409    1.988134    1.940541    1.958202    0.993448    1.121867    1.914122
Iteration: 843 bestvalit: 40.465000 bestmemit:    0.296886    0.010997    0.013542    0.061485    0.118488    0.280164    0.118695    0.310847    0.444110    0.461815    0.365496    0.401437    4.195096    0.076405    0.009296    0.002313    9.901190    7.531472    1.225409    1.988134    1.940541    1.958202    0.993448    1.121867    1.914122
Iteration: 844 bestvalit: 40.465000 bestmemit:    0.296886    0.010997    0.013542    0.061485    0.118488    0.280164    0.118695    0.310847    0.444110    0.461815    0.365496    0.401437    4.195096    0.076405    0.009296    0.002313    9.901190    7.531472    1.225409    1.988134    1.940541    1.958202    0.993448    1.121867    1.914122
Iteration: 845 bestvalit: 40.465000 bestmemit:    0.296886    0.010997    0.013542    0.061485    0.118488    0.280164    0.118695    0.310847    0.444110    0.461815    0.365496    0.401437    4.195096    0.076405    0.009296    0.002313    9.901190    7.531472    1.225409    1.988134    1.940541    1.958202    0.993448    1.121867    1.914122
Iteration: 846 bestvalit: 40.465000 bestmemit:    0.296886    0.010997    0.013542    0.061485    0.118488    0.280164    0.118695    0.310847    0.444110    0.461815    0.365496    0.401437    4.195096    0.076405    0.009296    0.002313    9.901190    7.531472    1.225409    1.988134    1.940541    1.958202    0.993448    1.121867    1.914122
Iteration: 847 bestvalit: 40.465000 bestmemit:    0.296886    0.010997    0.013542    0.061485    0.118488    0.280164    0.118695    0.310847    0.444110    0.461815    0.365496    0.401437    4.195096    0.076405    0.009296    0.002313    9.901190    7.531472    1.225409    1.988134    1.940541    1.958202    0.993448    1.121867    1.914122
Iteration: 848 bestvalit: 40.465000 bestmemit:    0.296886    0.010997    0.013542    0.061485    0.118488    0.280164    0.118695    0.310847    0.444110    0.461815    0.365496    0.401437    4.195096    0.076405    0.009296    0.002313    9.901190    7.531472    1.225409    1.988134    1.940541    1.958202    0.993448    1.121867    1.914122
Iteration: 849 bestvalit: 40.465000 bestmemit:    0.296886    0.010997    0.013542    0.061485    0.118488    0.280164    0.118695    0.310847    0.444110    0.461815    0.365496    0.401437    4.195096    0.076405    0.009296    0.002313    9.901190    7.531472    1.225409    1.988134    1.940541    1.958202    0.993448    1.121867    1.914122
Iteration: 850 bestvalit: 40.465000 bestmemit:    0.296886    0.010997    0.013542    0.061485    0.118488    0.280164    0.118695    0.310847    0.444110    0.461815    0.365496    0.401437    4.195096    0.076405    0.009296    0.002313    9.901190    7.531472    1.225409    1.988134    1.940541    1.958202    0.993448    1.121867    1.914122
Iteration: 851 bestvalit: 40.465000 bestmemit:    0.296886    0.010997    0.013542    0.061485    0.118488    0.280164    0.118695    0.310847    0.444110    0.461815    0.365496    0.401437    4.195096    0.076405    0.009296    0.002313    9.901190    7.531472    1.225409    1.988134    1.940541    1.958202    0.993448    1.121867    1.914122
Iteration: 852 bestvalit: 40.465000 bestmemit:    0.296886    0.010997    0.013542    0.061485    0.118488    0.280164    0.118695    0.310847    0.444110    0.461815    0.365496    0.401437    4.195096    0.076405    0.009296    0.002313    9.901190    7.531472    1.225409    1.988134    1.940541    1.958202    0.993448    1.121867    1.914122
Iteration: 853 bestvalit: 40.465000 bestmemit:    0.296886    0.010997    0.013542    0.061485    0.118488    0.280164    0.118695    0.310847    0.444110    0.461815    0.365496    0.401437    4.195096    0.076405    0.009296    0.002313    9.901190    7.531472    1.225409    1.988134    1.940541    1.958202    0.993448    1.121867    1.914122
Iteration: 854 bestvalit: 40.465000 bestmemit:    0.296886    0.010997    0.013542    0.061485    0.118488    0.280164    0.118695    0.310847    0.444110    0.461815    0.365496    0.401437    4.195096    0.076405    0.009296    0.002313    9.901190    7.531472    1.225409    1.988134    1.940541    1.958202    0.993448    1.121867    1.914122
Iteration: 855 bestvalit: 40.460000 bestmemit:    0.296886    0.010997    0.013542    0.061485    0.118488    0.280164    0.118695    0.310847    0.444110    0.461815    0.365496    0.408004    4.195096    0.076405    0.009296    0.002313    9.901190    7.531472    1.225409    1.988134    1.940541    1.958202    0.993448    1.121867    1.914122
Iteration: 856 bestvalit: 40.460000 bestmemit:    0.296886    0.010997    0.013542    0.061485    0.118488    0.280164    0.118695    0.310847    0.444110    0.461815    0.365496    0.408004    4.195096    0.076405    0.009296    0.002313    9.901190    7.531472    1.225409    1.988134    1.940541    1.958202    0.993448    1.121867    1.914122
Iteration: 857 bestvalit: 40.460000 bestmemit:    0.296886    0.010997    0.013542    0.061485    0.118488    0.280164    0.118695    0.310847    0.444110    0.461815    0.365496    0.408004    4.195096    0.076405    0.009296    0.002313    9.901190    7.531472    1.225409    1.988134    1.940541    1.958202    0.993448    1.121867    1.914122
Iteration: 858 bestvalit: 40.460000 bestmemit:    0.296886    0.010997    0.013542    0.061485    0.118488    0.280164    0.118695    0.310847    0.444110    0.461815    0.365496    0.408004    4.195096    0.076405    0.009296    0.002313    9.901190    7.531472    1.225409    1.988134    1.940541    1.958202    0.993448    1.121867    1.914122
Iteration: 859 bestvalit: 40.460000 bestmemit:    0.296886    0.010997    0.013542    0.061485    0.118488    0.280164    0.118695    0.310847    0.444110    0.461815    0.365496    0.408004    4.195096    0.076405    0.009296    0.002313    9.901190    7.531472    1.225409    1.988134    1.940541    1.958202    0.993448    1.121867    1.914122
Iteration: 860 bestvalit: 40.460000 bestmemit:    0.296886    0.010997    0.013542    0.061485    0.118488    0.280164    0.118695    0.310847    0.444110    0.461815    0.365496    0.408004    4.195096    0.076405    0.009296    0.002313    9.901190    7.531472    1.225409    1.988134    1.940541    1.958202    0.993448    1.121867    1.914122
Iteration: 861 bestvalit: 40.460000 bestmemit:    0.296886    0.010997    0.013542    0.061485    0.118488    0.280164    0.118695    0.310847    0.444110    0.461815    0.365496    0.408004    4.195096    0.076405    0.009296    0.002313    9.901190    7.531472    1.225409    1.988134    1.940541    1.958202    0.993448    1.121867    1.914122
Iteration: 862 bestvalit: 40.460000 bestmemit:    0.296886    0.010997    0.013542    0.061485    0.118488    0.280164    0.118695    0.310847    0.444110    0.461815    0.365496    0.408004    4.195096    0.076405    0.009296    0.002313    9.901190    7.531472    1.225409    1.988134    1.940541    1.958202    0.993448    1.121867    1.914122
Iteration: 863 bestvalit: 40.460000 bestmemit:    0.296886    0.010997    0.013542    0.061485    0.118488    0.280164    0.118695    0.310847    0.444110    0.461815    0.365496    0.408004    4.195096    0.076405    0.009296    0.002313    9.901190    7.531472    1.225409    1.988134    1.940541    1.958202    0.993448    1.121867    1.914122
Iteration: 864 bestvalit: 40.460000 bestmemit:    0.296886    0.010997    0.013542    0.061485    0.118488    0.280164    0.118695    0.310847    0.444110    0.461815    0.365496    0.408004    4.195096    0.076405    0.009296    0.002313    9.901190    7.531472    1.225409    1.988134    1.940541    1.958202    0.993448    1.121867    1.914122
Iteration: 865 bestvalit: 40.460000 bestmemit:    0.296886    0.010997    0.013542    0.061485    0.118488    0.280164    0.118695    0.310847    0.444110    0.461815    0.365496    0.408004    4.195096    0.076405    0.009296    0.002313    9.901190    7.531472    1.225409    1.988134    1.940541    1.958202    0.993448    1.121867    1.914122
Iteration: 866 bestvalit: 40.460000 bestmemit:    0.296886    0.010997    0.013542    0.061485    0.118488    0.280164    0.118695    0.310847    0.444110    0.461815    0.365496    0.408004    4.195096    0.076405    0.009296    0.002313    9.901190    7.531472    1.225409    1.988134    1.940541    1.958202    0.993448    1.121867    1.914122
Iteration: 867 bestvalit: 40.460000 bestmemit:    0.296886    0.010997    0.013542    0.061485    0.118488    0.280164    0.118695    0.310847    0.444110    0.461815    0.365496    0.408004    4.195096    0.076405    0.009296    0.002313    9.901190    7.531472    1.225409    1.988134    1.940541    1.958202    0.993448    1.121867    1.914122
Iteration: 868 bestvalit: 40.460000 bestmemit:    0.296886    0.010997    0.013542    0.061485    0.118488    0.280164    0.118695    0.310847    0.444110    0.461815    0.365496    0.408004    4.195096    0.076405    0.009296    0.002313    9.901190    7.531472    1.225409    1.988134    1.940541    1.958202    0.993448    1.121867    1.914122
Iteration: 869 bestvalit: 40.460000 bestmemit:    0.296886    0.010997    0.013542    0.061485    0.118488    0.280164    0.118695    0.310847    0.444110    0.461815    0.365496    0.408004    4.195096    0.076405    0.009296    0.002313    9.901190    7.531472    1.225409    1.988134    1.940541    1.958202    0.993448    1.121867    1.914122
Iteration: 870 bestvalit: 40.460000 bestmemit:    0.296886    0.010997    0.013542    0.061485    0.118488    0.280164    0.118695    0.310847    0.444110    0.461815    0.365496    0.408004    4.195096    0.076405    0.009296    0.002313    9.901190    7.531472    1.225409    1.988134    1.940541    1.958202    0.993448    1.121867    1.914122
Iteration: 871 bestvalit: 40.460000 bestmemit:    0.296886    0.010997    0.013542    0.061485    0.118488    0.280164    0.118695    0.310847    0.444110    0.461815    0.365496    0.408004    4.195096    0.076405    0.009296    0.002313    9.901190    7.531472    1.225409    1.988134    1.940541    1.956579    0.993448    1.121867    1.914122
Iteration: 872 bestvalit: 40.440000 bestmemit:    0.296886    0.010997    0.013542    0.061485    0.118488    0.280164    0.118695    0.310847    0.444110    0.461815    0.365496    0.408004    4.195096    0.076405    0.009296    0.002313    9.901190    7.531472    1.225409    1.988134    1.940541    1.956579    0.993448    1.121867    1.916596
Iteration: 873 bestvalit: 40.440000 bestmemit:    0.296886    0.010997    0.013542    0.061485    0.118488    0.280164    0.118695    0.310847    0.444110    0.461815    0.365496    0.408004    4.195096    0.076405    0.009296    0.002313    9.901190    7.531472    1.225409    1.988134    1.940541    1.956579    0.993448    1.121867    1.916596
Iteration: 874 bestvalit: 40.440000 bestmemit:    0.296886    0.010997    0.013542    0.061485    0.118488    0.280164    0.118695    0.310847    0.444110    0.461815    0.365496    0.408004    4.195096    0.076405    0.009296    0.002313    9.901190    7.531472    1.225409    1.988134    1.940541    1.956579    0.993448    1.121867    1.916596
Iteration: 875 bestvalit: 40.440000 bestmemit:    0.296886    0.010997    0.013542    0.061485    0.118488    0.280164    0.118695    0.310847    0.444110    0.461815    0.365496    0.408004    4.195096    0.076405    0.009296    0.002313    9.901190    7.531472    1.225409    1.988134    1.940541    1.956579    0.993448    1.121867    1.916596
Iteration: 876 bestvalit: 40.440000 bestmemit:    0.296886    0.010997    0.013542    0.061485    0.118488    0.280164    0.118695    0.310847    0.444110    0.461815    0.365496    0.408004    4.195096    0.076405    0.009296    0.002313    9.901190    7.531472    1.225409    1.988134    1.940541    1.956579    0.993448    1.121867    1.916596
Iteration: 877 bestvalit: 40.440000 bestmemit:    0.296886    0.010997    0.013542    0.061485    0.118488    0.280164    0.118695    0.310847    0.444110    0.461815    0.365496    0.408004    4.195096    0.076405    0.009296    0.002313    9.901190    7.531472    1.225409    1.988134    1.940541    1.956579    0.993448    1.121867    1.916596
Iteration: 878 bestvalit: 40.440000 bestmemit:    0.296886    0.010997    0.013542    0.061485    0.118488    0.280164    0.118695    0.310847    0.444110    0.461815    0.365496    0.408004    4.195096    0.076405    0.009296    0.002313    9.901190    7.531472    1.225409    1.988134    1.940541    1.956579    0.993448    1.121867    1.916596
Iteration: 879 bestvalit: 40.440000 bestmemit:    0.296886    0.010997    0.013542    0.061485    0.118488    0.280164    0.118695    0.310847    0.444110    0.461815    0.365496    0.408004    4.195096    0.076405    0.009296    0.002313    9.901190    7.531472    1.225409    1.988134    1.940541    1.956579    0.993448    1.121867    1.916596
Iteration: 880 bestvalit: 40.440000 bestmemit:    0.296886    0.010997    0.013542    0.061485    0.118488    0.280164    0.118695    0.310847    0.444110    0.461815    0.365496    0.408004    4.195096    0.076405    0.009296    0.002313    9.901190    7.531472    1.225409    1.988134    1.940541    1.956579    0.993448    1.121867    1.916596
Iteration: 881 bestvalit: 40.440000 bestmemit:    0.296886    0.010997    0.013542    0.061485    0.118488    0.280164    0.118695    0.310847    0.444110    0.461815    0.365496    0.408004    4.195096    0.076405    0.009296    0.002313    9.901190    7.531472    1.225409    1.988134    1.940541    1.956579    0.993448    1.121867    1.916596
Iteration: 882 bestvalit: 40.440000 bestmemit:    0.296886    0.010997    0.013542    0.061485    0.118488    0.280164    0.118695    0.310847    0.444110    0.461815    0.365496    0.408004    4.195096    0.076405    0.009296    0.002313    9.901190    7.531472    1.225409    1.988134    1.940541    1.956579    0.993448    1.121867    1.916596
Iteration: 883 bestvalit: 40.440000 bestmemit:    0.296886    0.010997    0.013542    0.061485    0.118488    0.280164    0.118695    0.310847    0.444110    0.461815    0.365496    0.408004    4.195096    0.076405    0.009296    0.002313    9.901190    7.531472    1.225409    1.988134    1.940541    1.956579    0.993448    1.121867    1.916596
Iteration: 884 bestvalit: 40.440000 bestmemit:    0.296886    0.010997    0.013542    0.061485    0.118488    0.280164    0.118695    0.310847    0.444110    0.461815    0.365496    0.408004    4.195096    0.076405    0.009296    0.002313    9.901190    7.531472    1.225409    1.988134    1.940541    1.956579    0.993448    1.121867    1.916596
Iteration: 885 bestvalit: 40.440000 bestmemit:    0.296886    0.010997    0.013542    0.061485    0.118488    0.280164    0.118695    0.310847    0.444110    0.461815    0.365496    0.408004    4.195096    0.076405    0.009296    0.002313    9.901190    7.531472    1.225409    1.988134    1.940541    1.956579    0.993448    1.121867    1.916596
Iteration: 886 bestvalit: 40.440000 bestmemit:    0.296886    0.010997    0.013542    0.061485    0.118488    0.280164    0.118695    0.310847    0.444110    0.461815    0.365496    0.408004    4.195096    0.076405    0.009296    0.002313    9.901190    7.531472    1.225409    1.988134    1.940541    1.956579    0.993448    1.121867    1.916596
Iteration: 887 bestvalit: 40.440000 bestmemit:    0.296886    0.010997    0.013542    0.061485    0.118488    0.280164    0.118695    0.310847    0.444110    0.461815    0.365496    0.408004    4.195096    0.076405    0.009296    0.002313    9.901190    7.531472    1.225409    1.988134    1.940541    1.956579    0.993448    1.121867    1.916596
Iteration: 888 bestvalit: 40.440000 bestmemit:    0.296886    0.010997    0.013542    0.061485    0.118488    0.280164    0.118695    0.310847    0.444110    0.461815    0.365496    0.408004    4.195096    0.076405    0.009296    0.002313    9.901190    7.531472    1.225409    1.988134    1.940541    1.956579    0.993448    1.121867    1.916596
Iteration: 889 bestvalit: 40.440000 bestmemit:    0.296886    0.010997    0.013542    0.061485    0.118488    0.280164    0.118695    0.310847    0.444110    0.461815    0.365496    0.408004    4.195096    0.076405    0.009296    0.002313    9.901190    7.531472    1.225409    1.988134    1.940541    1.956579    0.993448    1.121867    1.916596
Iteration: 890 bestvalit: 40.440000 bestmemit:    0.296886    0.010997    0.013542    0.061485    0.118488    0.280164    0.118695    0.310847    0.444110    0.461815    0.365496    0.408004    4.195096    0.076405    0.009296    0.002313    9.901190    7.531472    1.225409    1.988134    1.940541    1.956579    0.993448    1.121867    1.916596
Iteration: 891 bestvalit: 40.440000 bestmemit:    0.296886    0.010997    0.013542    0.061485    0.118488    0.280164    0.118695    0.310847    0.444110    0.461815    0.365496    0.408004    4.195096    0.076405    0.009296    0.002313    9.901190    7.531472    1.225409    1.988134    1.940541    1.956579    0.993448    1.121867    1.916596
Iteration: 892 bestvalit: 40.440000 bestmemit:    0.296886    0.010997    0.013542    0.061485    0.118488    0.280164    0.118695    0.310847    0.444110    0.461815    0.365496    0.408004    4.195096    0.076405    0.009296    0.002313    9.901190    7.531472    1.225409    1.988134    1.940541    1.956579    0.993448    1.121867    1.916596
Iteration: 893 bestvalit: 40.440000 bestmemit:    0.296886    0.010997    0.013542    0.061485    0.118488    0.280164    0.118695    0.310847    0.444110    0.461815    0.365496    0.408004    4.195096    0.076405    0.009296    0.002313    9.901190    7.531472    1.225409    1.988134    1.940541    1.956579    0.993448    1.121867    1.916596
Iteration: 894 bestvalit: 40.440000 bestmemit:    0.296886    0.010997    0.013542    0.061485    0.118488    0.280164    0.118695    0.310847    0.444110    0.461815    0.365496    0.408004    4.195096    0.076405    0.009296    0.002313    9.901190    7.531472    1.225409    1.988134    1.940541    1.956579    0.993448    1.121867    1.916596
Iteration: 895 bestvalit: 40.440000 bestmemit:    0.296886    0.010997    0.013542    0.061485    0.118488    0.280164    0.118695    0.310847    0.444110    0.461815    0.365496    0.408004    4.195096    0.076405    0.009296    0.002313    9.901190    7.531472    1.225409    1.988134    1.940541    1.956579    0.993448    1.121867    1.916596
Iteration: 896 bestvalit: 40.440000 bestmemit:    0.296886    0.010997    0.013542    0.061485    0.118488    0.280164    0.118695    0.310847    0.444110    0.461815    0.365496    0.408004    4.195096    0.076405    0.009296    0.002313    9.901190    7.531472    1.225409    1.988134    1.940541    1.956579    0.993448    1.121867    1.916596
Iteration: 897 bestvalit: 40.440000 bestmemit:    0.296886    0.010997    0.013542    0.061485    0.118488    0.280164    0.118695    0.310847    0.444110    0.461815    0.365496    0.408004    4.195096    0.076405    0.009296    0.002313    9.901190    7.531472    1.225409    1.988134    1.940541    1.956579    0.993448    1.121867    1.916596
Iteration: 898 bestvalit: 40.440000 bestmemit:    0.296886    0.010997    0.013542    0.061485    0.118488    0.280164    0.118695    0.310847    0.444110    0.461815    0.365496    0.408004    4.195096    0.076405    0.009296    0.002313    9.901190    7.531472    1.225409    1.988134    1.940541    1.956579    0.993448    1.121867    1.916596
Iteration: 899 bestvalit: 40.440000 bestmemit:    0.296886    0.010997    0.013542    0.061485    0.118488    0.280164    0.118695    0.310847    0.444110    0.461815    0.365496    0.408004    4.195096    0.076405    0.009296    0.002313    9.901190    7.531472    1.225409    1.988134    1.940541    1.956579    0.993448    1.121867    1.916596
Iteration: 900 bestvalit: 40.440000 bestmemit:    0.296886    0.010997    0.013542    0.061485    0.118488    0.280164    0.118695    0.310847    0.444110    0.461815    0.365496    0.408004    4.195096    0.076405    0.009296    0.002313    9.901190    7.531472    1.225409    1.988134    1.940541    1.956579    0.993448    1.121867    1.916596
Iteration: 901 bestvalit: 40.440000 bestmemit:    0.296886    0.010997    0.013542    0.061485    0.118488    0.280164    0.118695    0.310847    0.444110    0.461815    0.365496    0.408004    4.195096    0.076405    0.009296    0.002313    9.901190    7.531472    1.225409    1.988134    1.940541    1.956579    0.993448    1.121867    1.916596
Iteration: 902 bestvalit: 40.440000 bestmemit:    0.296886    0.010997    0.013542    0.061485    0.118488    0.280164    0.118695    0.310847    0.444110    0.461815    0.365496    0.408004    4.195096    0.076405    0.009296    0.002313    9.901190    7.531472    1.225409    1.988134    1.940541    1.956579    0.993448    1.121867    1.916596
Iteration: 903 bestvalit: 40.440000 bestmemit:    0.296886    0.010997    0.013542    0.061485    0.118488    0.280164    0.118695    0.310847    0.444110    0.461815    0.365496    0.408004    4.195096    0.076405    0.009296    0.002313    9.901190    7.531472    1.225409    1.988134    1.940541    1.956579    0.993448    1.121867    1.916596
Iteration: 904 bestvalit: 40.440000 bestmemit:    0.296886    0.010997    0.013542    0.061485    0.118488    0.280164    0.118695    0.310847    0.444110    0.461815    0.365496    0.408004    4.195096    0.076405    0.009296    0.002313    9.901190    7.531472    1.225409    1.988134    1.940541    1.956579    0.993448    1.121867    1.916596
Iteration: 905 bestvalit: 40.440000 bestmemit:    0.296886    0.010997    0.013542    0.061485    0.118488    0.280164    0.118695    0.310847    0.444110    0.461815    0.365496    0.408004    4.195096    0.076405    0.009296    0.002313    9.901190    7.531472    1.225409    1.988134    1.940541    1.956579    0.993448    1.121867    1.916596
Iteration: 906 bestvalit: 40.440000 bestmemit:    0.296886    0.010997    0.013542    0.061485    0.118488    0.280164    0.118695    0.310847    0.444110    0.461815    0.365496    0.408004    4.195096    0.076405    0.009296    0.002313    9.901190    7.531472    1.225409    1.988134    1.940541    1.956579    0.993448    1.121867    1.916596
Iteration: 907 bestvalit: 40.440000 bestmemit:    0.296886    0.010997    0.013542    0.061485    0.118488    0.280164    0.118695    0.310847    0.444110    0.461815    0.365496    0.408004    4.195096    0.076405    0.009296    0.002313    9.901190    7.531472    1.225409    1.988134    1.940541    1.956579    0.993448    1.121867    1.916596
Iteration: 908 bestvalit: 40.440000 bestmemit:    0.296886    0.010997    0.013542    0.061485    0.118488    0.280164    0.118695    0.310847    0.444110    0.461815    0.365496    0.408004    4.195096    0.076405    0.009296    0.002313    9.901190    7.531472    1.225409    1.988134    1.940541    1.956579    0.993448    1.121867    1.916596
Iteration: 909 bestvalit: 40.440000 bestmemit:    0.296886    0.010997    0.013542    0.061485    0.118488    0.280164    0.118695    0.310847    0.444110    0.461815    0.365496    0.408004    4.195096    0.076405    0.009296    0.002313    9.901190    7.531472    1.225409    1.988134    1.940541    1.956579    0.993448    1.121867    1.916596
Iteration: 910 bestvalit: 40.440000 bestmemit:    0.296886    0.010997    0.013542    0.061485    0.118488    0.280164    0.118695    0.310847    0.444110    0.461815    0.365496    0.408004    4.195096    0.076405    0.009296    0.002313    9.901190    7.531472    1.225409    1.988134    1.940541    1.956579    0.993448    1.121867    1.916596
Iteration: 911 bestvalit: 40.440000 bestmemit:    0.296886    0.010997    0.013542    0.061485    0.118488    0.280164    0.118695    0.310847    0.444110    0.461815    0.365496    0.408004    4.195096    0.076405    0.009296    0.002313    9.901190    7.531472    1.225409    1.988134    1.940541    1.956579    0.993448    1.121867    1.916596
Iteration: 912 bestvalit: 40.440000 bestmemit:    0.296886    0.010997    0.013542    0.061485    0.118488    0.280164    0.118695    0.310847    0.444110    0.461815    0.365496    0.408004    4.195096    0.076405    0.009296    0.002313    9.901190    7.531472    1.225409    1.988134    1.940541    1.956579    0.993448    1.121867    1.916596
Iteration: 913 bestvalit: 40.440000 bestmemit:    0.296886    0.010997    0.013542    0.061485    0.118488    0.280164    0.118695    0.310847    0.444110    0.461815    0.365496    0.408004    4.195096    0.076405    0.009296    0.002313    9.901190    7.531472    1.225409    1.988134    1.940541    1.956579    0.993448    1.121867    1.916596
Iteration: 914 bestvalit: 40.440000 bestmemit:    0.296886    0.010997    0.013542    0.061485    0.118488    0.280164    0.118695    0.310847    0.444110    0.461815    0.365496    0.408004    4.195096    0.076405    0.009296    0.002313    9.901190    7.531472    1.225409    1.988134    1.940541    1.956579    0.993448    1.121867    1.916596
Iteration: 915 bestvalit: 40.440000 bestmemit:    0.296886    0.010997    0.013542    0.061485    0.118488    0.280164    0.118695    0.310847    0.444110    0.461815    0.365496    0.408004    4.195096    0.076405    0.009296    0.002313    9.901190    7.531472    1.225409    1.988134    1.940541    1.956579    0.993448    1.121867    1.916596
Iteration: 916 bestvalit: 40.440000 bestmemit:    0.296886    0.010997    0.013542    0.061485    0.118488    0.280164    0.118695    0.310847    0.444110    0.461815    0.365496    0.408004    4.195096    0.076405    0.009296    0.002313    9.901190    7.531472    1.225409    1.988134    1.940541    1.956579    0.993448    1.121867    1.916596
Iteration: 917 bestvalit: 40.440000 bestmemit:    0.296886    0.010997    0.013542    0.061485    0.118488    0.280164    0.118695    0.310847    0.444110    0.461815    0.365496    0.408004    4.195096    0.076405    0.009296    0.002313    9.901190    7.531472    1.225409    1.988134    1.940541    1.956579    0.993448    1.121867    1.916596
Iteration: 918 bestvalit: 40.440000 bestmemit:    0.296886    0.010997    0.013542    0.061485    0.118488    0.280164    0.118695    0.310847    0.444110    0.461815    0.365496    0.408004    4.195096    0.076405    0.009296    0.002313    9.901190    7.531472    1.225409    1.988134    1.940541    1.956579    0.993448    1.121867    1.916596
Iteration: 919 bestvalit: 40.440000 bestmemit:    0.296886    0.010997    0.013542    0.061485    0.118488    0.280164    0.118695    0.310847    0.444110    0.461815    0.365496    0.408004    4.195096    0.076405    0.009296    0.002313    9.901190    7.531472    1.225409    1.988134    1.940541    1.956579    0.993448    1.121867    1.916596
Iteration: 920 bestvalit: 40.440000 bestmemit:    0.296886    0.010997    0.013542    0.061485    0.118488    0.280164    0.118695    0.310847    0.444110    0.461815    0.365496    0.408004    4.195096    0.076405    0.009296    0.002313    9.901190    7.531472    1.225409    1.988134    1.940541    1.956579    0.993448    1.121867    1.916596
Iteration: 921 bestvalit: 40.440000 bestmemit:    0.296886    0.010997    0.013542    0.061485    0.118488    0.280164    0.118695    0.310847    0.444110    0.461815    0.365496    0.408004    4.195096    0.076405    0.009296    0.002313    9.901190    7.531472    1.225409    1.988134    1.940541    1.956579    0.993448    1.121867    1.916596
Iteration: 922 bestvalit: 40.360000 bestmemit:    0.296886    0.010997    0.013542    0.061485    0.118488    0.280164    0.118695    0.310847    0.444110    0.461815    0.365496    0.408004    4.195096    0.076405    0.009296    0.002313    9.901190    7.531472    1.225409    1.988134    1.947217    1.972693    0.993448    1.121867    1.916596
Iteration: 923 bestvalit: 40.360000 bestmemit:    0.296886    0.010997    0.013542    0.061485    0.118488    0.280164    0.118695    0.310847    0.444110    0.461815    0.365496    0.408004    4.195096    0.076405    0.009296    0.002313    9.901190    7.531472    1.225409    1.988134    1.947217    1.972693    0.993448    1.121867    1.916596
Iteration: 924 bestvalit: 40.360000 bestmemit:    0.296886    0.010997    0.013542    0.061485    0.118488    0.280164    0.118695    0.310847    0.444110    0.461815    0.365496    0.408004    4.195096    0.076405    0.009296    0.002313    9.901190    7.531472    1.225409    1.988134    1.947217    1.972693    0.993448    1.121867    1.916596
Iteration: 925 bestvalit: 40.360000 bestmemit:    0.296886    0.010997    0.013542    0.061485    0.118488    0.280164    0.118695    0.310847    0.444110    0.461815    0.365496    0.408004    4.195096    0.076405    0.009296    0.002313    9.901190    7.531472    1.225409    1.988134    1.947217    1.972693    0.993448    1.121867    1.916596
Iteration: 926 bestvalit: 40.360000 bestmemit:    0.296886    0.010997    0.013542    0.061485    0.118488    0.280164    0.118695    0.310847    0.444110    0.461815    0.365496    0.408004    4.195096    0.076405    0.009296    0.002313    9.901190    7.531472    1.225409    1.988134    1.947217    1.972693    0.993448    1.121867    1.916596
Iteration: 927 bestvalit: 40.360000 bestmemit:    0.296886    0.010997    0.013542    0.061485    0.118488    0.280164    0.118695    0.310847    0.444110    0.461815    0.365496    0.408004    4.195096    0.076405    0.009296    0.002313    9.901190    7.531472    1.225409    1.988134    1.947217    1.972693    0.993448    1.121867    1.916596
Iteration: 928 bestvalit: 40.360000 bestmemit:    0.296886    0.010997    0.013542    0.061485    0.118488    0.280164    0.118695    0.310847    0.444110    0.461815    0.365496    0.408004    4.195096    0.076405    0.009296    0.002313    9.901190    7.531472    1.225409    1.988134    1.947217    1.972693    0.993448    1.121867    1.916596
Iteration: 929 bestvalit: 40.360000 bestmemit:    0.296886    0.010997    0.013542    0.061485    0.118488    0.280164    0.118695    0.310847    0.444110    0.461815    0.365496    0.408004    4.195096    0.076405    0.009296    0.002313    9.901190    7.531472    1.225409    1.988134    1.947217    1.972693    0.993448    1.121867    1.916596
Iteration: 930 bestvalit: 40.360000 bestmemit:    0.296886    0.010997    0.013542    0.061485    0.118488    0.280164    0.118695    0.310847    0.444110    0.461815    0.365496    0.408004    4.195096    0.076405    0.009296    0.002313    9.901190    7.531472    1.225409    1.988134    1.947217    1.972693    0.993448    1.121867    1.916596
Iteration: 931 bestvalit: 40.360000 bestmemit:    0.296886    0.010997    0.013542    0.061485    0.118488    0.280164    0.118695    0.310847    0.444110    0.461815    0.365496    0.408004    4.195096    0.076405    0.009296    0.002313    9.901190    7.531472    1.225409    1.988134    1.947217    1.972693    0.993448    1.121867    1.916596
Iteration: 932 bestvalit: 40.360000 bestmemit:    0.296886    0.010997    0.013542    0.061485    0.118488    0.280164    0.118695    0.310847    0.444110    0.461815    0.365496    0.408004    4.195096    0.076405    0.009296    0.002313    9.901190    7.531472    1.225409    1.988134    1.947217    1.972693    0.993448    1.121867    1.916596
Iteration: 933 bestvalit: 40.360000 bestmemit:    0.296886    0.010997    0.013542    0.061485    0.118488    0.280164    0.118695    0.310847    0.444110    0.461815    0.365496    0.408004    4.195096    0.076405    0.009296    0.002313    9.901190    7.531472    1.225409    1.988134    1.947217    1.972693    0.993448    1.121867    1.916596
Iteration: 934 bestvalit: 40.360000 bestmemit:    0.296886    0.010997    0.013542    0.061485    0.118488    0.280164    0.118695    0.310847    0.444110    0.461815    0.365496    0.408004    4.195096    0.076405    0.009296    0.002313    9.901190    7.531472    1.225409    1.988134    1.947217    1.972693    0.993448    1.121867    1.916596
Iteration: 935 bestvalit: 40.360000 bestmemit:    0.296886    0.010997    0.013542    0.061485    0.118488    0.280164    0.118695    0.310847    0.444110    0.461815    0.365496    0.408004    4.195096    0.076405    0.009296    0.002313    9.901190    7.531472    1.225409    1.988134    1.947217    1.972693    0.993448    1.121867    1.916596
Iteration: 936 bestvalit: 40.360000 bestmemit:    0.296886    0.010997    0.013542    0.061485    0.118488    0.280164    0.118695    0.310847    0.444110    0.461815    0.365496    0.408004    4.195096    0.076405    0.009296    0.002313    9.901190    7.531472    1.225409    1.988134    1.947217    1.972693    0.993448    1.121867    1.916596
Iteration: 937 bestvalit: 40.360000 bestmemit:    0.296886    0.010997    0.013542    0.061485    0.118488    0.280164    0.118695    0.310847    0.444110    0.461815    0.365496    0.408004    4.195096    0.076405    0.009296    0.002313    9.901190    7.531472    1.225409    1.988134    1.947217    1.972693    0.993448    1.121867    1.916596
Iteration: 938 bestvalit: 40.360000 bestmemit:    0.296886    0.010997    0.013542    0.061485    0.118488    0.280164    0.118695    0.310847    0.444110    0.461815    0.365496    0.408004    4.195096    0.076405    0.009296    0.002313    9.901190    7.531472    1.225409    1.988134    1.947217    1.972693    0.993448    1.121867    1.916596
Iteration: 939 bestvalit: 40.360000 bestmemit:    0.296886    0.010997    0.013542    0.061485    0.118488    0.280164    0.118695    0.310847    0.444110    0.461815    0.365496    0.408004    4.195096    0.076405    0.009296    0.002313    9.901190    7.531472    1.225409    1.988134    1.947217    1.972693    0.993448    1.121867    1.916596
Iteration: 940 bestvalit: 40.360000 bestmemit:    0.296886    0.010997    0.013542    0.061485    0.118488    0.280164    0.118695    0.310847    0.444110    0.461815    0.365496    0.408004    4.195096    0.076405    0.009296    0.002313    9.901190    7.531472    1.225409    1.988134    1.947217    1.972693    0.993448    1.121867    1.916596
Iteration: 941 bestvalit: 40.360000 bestmemit:    0.296886    0.010997    0.013542    0.061485    0.118488    0.280164    0.118695    0.310847    0.444110    0.461815    0.365496    0.408004    4.195096    0.076405    0.009296    0.002313    9.901190    7.531472    1.225409    1.988134    1.947217    1.972693    0.993448    1.121867    1.916596
Iteration: 942 bestvalit: 40.360000 bestmemit:    0.296886    0.010997    0.013542    0.061485    0.118488    0.280164    0.118695    0.310847    0.444110    0.461815    0.365496    0.408004    4.195096    0.076405    0.009296    0.002313    9.901190    7.531472    1.225409    1.988134    1.947217    1.972693    0.993448    1.121867    1.916596
Iteration: 943 bestvalit: 40.360000 bestmemit:    0.296886    0.010997    0.013542    0.061485    0.118488    0.280164    0.118695    0.310847    0.444110    0.461815    0.365496    0.408004    4.195096    0.076405    0.009296    0.002313    9.901190    7.531472    1.225409    1.988134    1.947217    1.972693    0.993448    1.121867    1.916596
Iteration: 944 bestvalit: 40.360000 bestmemit:    0.296886    0.010997    0.013542    0.061485    0.118488    0.280164    0.118695    0.310847    0.444110    0.461815    0.365496    0.408004    4.195096    0.076405    0.009296    0.002313    9.901190    7.531472    1.225409    1.988134    1.947217    1.972693    0.993448    1.121867    1.916596
Iteration: 945 bestvalit: 40.360000 bestmemit:    0.296886    0.010997    0.013542    0.061485    0.118488    0.280164    0.118695    0.310847    0.444110    0.461815    0.365496    0.408004    4.195096    0.076405    0.009296    0.002313    9.901190    7.531472    1.225409    1.988134    1.947217    1.972693    0.993448    1.121867    1.916596
Iteration: 946 bestvalit: 40.360000 bestmemit:    0.296886    0.010997    0.013542    0.061485    0.118488    0.280164    0.118695    0.310847    0.444110    0.461815    0.365496    0.408004    4.195096    0.076405    0.009296    0.002313    9.901190    7.531472    1.225409    1.988134    1.947217    1.972693    0.993448    1.121867    1.916596
Iteration: 947 bestvalit: 40.360000 bestmemit:    0.296886    0.010997    0.013542    0.061485    0.118488    0.280164    0.118695    0.310847    0.444110    0.461815    0.365496    0.408004    4.195096    0.076405    0.009296    0.002313    9.901190    7.531472    1.225409    1.988134    1.947217    1.972693    0.993448    1.121867    1.916596
Iteration: 948 bestvalit: 40.360000 bestmemit:    0.296886    0.010997    0.013542    0.061485    0.118488    0.280164    0.118695    0.310847    0.444110    0.461815    0.365496    0.408004    4.195096    0.076405    0.009296    0.002313    9.901190    7.531472    1.225409    1.988134    1.947217    1.972693    0.993448    1.121867    1.916596
Iteration: 949 bestvalit: 40.360000 bestmemit:    0.296886    0.010997    0.013542    0.061485    0.118488    0.280164    0.118695    0.310847    0.444110    0.461815    0.365496    0.408004    4.195096    0.076405    0.009296    0.002313    9.901190    7.531472    1.225409    1.988134    1.947217    1.972693    0.993448    1.121867    1.916596
Iteration: 950 bestvalit: 40.360000 bestmemit:    0.296886    0.010997    0.013542    0.061485    0.118488    0.280164    0.118695    0.310847    0.444110    0.461815    0.365496    0.408004    4.195096    0.076405    0.009296    0.002313    9.901190    7.531472    1.225409    1.988134    1.947217    1.972693    0.993448    1.121867    1.916596
Iteration: 951 bestvalit: 40.360000 bestmemit:    0.296886    0.010997    0.013542    0.061485    0.118488    0.280164    0.118695    0.310847    0.444110    0.461815    0.365496    0.408004    4.195096    0.076405    0.009296    0.002313    9.901190    7.531472    1.225409    1.988134    1.947217    1.972693    0.993448    1.121867    1.916596
Iteration: 952 bestvalit: 40.360000 bestmemit:    0.296886    0.010997    0.013542    0.061485    0.118488    0.280164    0.118695    0.310847    0.444110    0.461815    0.365496    0.408004    4.195096    0.076405    0.009296    0.002313    9.901190    7.531472    1.225409    1.988134    1.947217    1.972693    0.993448    1.121867    1.916596
Iteration: 953 bestvalit: 40.360000 bestmemit:    0.296886    0.010997    0.013542    0.061485    0.118488    0.280164    0.118695    0.310847    0.444110    0.461815    0.365496    0.408004    4.195096    0.076405    0.009296    0.002313    9.901190    7.531472    1.225409    1.988134    1.947217    1.972693    0.993448    1.121867    1.916596
Iteration: 954 bestvalit: 40.360000 bestmemit:    0.296886    0.010997    0.013542    0.061485    0.118488    0.280164    0.118695    0.310847    0.444110    0.461815    0.365496    0.408004    4.195096    0.076405    0.009296    0.002313    9.901190    7.531472    1.225409    1.988134    1.947217    1.972693    0.993448    1.121867    1.916596
Iteration: 955 bestvalit: 40.360000 bestmemit:    0.296886    0.010997    0.013542    0.061485    0.118488    0.280164    0.118695    0.310847    0.444110    0.461815    0.365496    0.408004    4.195096    0.076405    0.009296    0.002313    9.901190    7.531472    1.225409    1.988134    1.947217    1.972693    0.993448    1.121867    1.916596
Iteration: 956 bestvalit: 40.360000 bestmemit:    0.296886    0.010997    0.013542    0.061485    0.118488    0.280164    0.118695    0.310847    0.444110    0.461815    0.365496    0.408004    4.195096    0.076405    0.009296    0.002313    9.901190    7.531472    1.225409    1.988134    1.947217    1.972693    0.993448    1.121867    1.916596
Iteration: 957 bestvalit: 40.360000 bestmemit:    0.296886    0.010997    0.013542    0.061485    0.118488    0.280164    0.118695    0.310847    0.444110    0.461815    0.365496    0.408004    4.195096    0.076405    0.009296    0.002313    9.901190    7.531472    1.225409    1.988134    1.947217    1.972693    0.993448    1.121867    1.916596
Iteration: 958 bestvalit: 40.360000 bestmemit:    0.296886    0.010997    0.013542    0.061485    0.118488    0.280164    0.118695    0.310847    0.444110    0.461815    0.365496    0.408004    4.195096    0.076405    0.009296    0.002313    9.901190    7.531472    1.225409    1.988134    1.947217    1.972693    0.993448    1.121867    1.916596
Iteration: 959 bestvalit: 40.360000 bestmemit:    0.296886    0.010997    0.013542    0.061485    0.118488    0.280164    0.118695    0.310847    0.444110    0.461815    0.365496    0.408004    4.195096    0.076405    0.009296    0.002313    9.901190    7.531472    1.225409    1.988134    1.947217    1.972693    0.993448    1.121867    1.916596
Iteration: 960 bestvalit: 40.360000 bestmemit:    0.296886    0.010997    0.013542    0.061485    0.118488    0.280164    0.118695    0.310847    0.444110    0.461815    0.365496    0.408004    4.195096    0.076405    0.009296    0.002313    9.901190    7.531472    1.225409    1.988134    1.947217    1.972693    0.993448    1.121867    1.916596
Iteration: 961 bestvalit: 40.360000 bestmemit:    0.296886    0.010997    0.013542    0.061485    0.118488    0.280164    0.118695    0.310847    0.444110    0.461815    0.365496    0.408004    4.195096    0.076405    0.009296    0.002313    9.901190    7.531472    1.225409    1.988134    1.947217    1.972693    0.993448    1.121867    1.916596
Iteration: 962 bestvalit: 40.360000 bestmemit:    0.296886    0.010997    0.013542    0.061485    0.118488    0.280164    0.118695    0.310847    0.444110    0.461815    0.365496    0.408004    4.195096    0.076405    0.009296    0.002313    9.901190    7.531472    1.225409    1.988134    1.947217    1.972693    0.993448    1.121867    1.916596
Iteration: 963 bestvalit: 40.360000 bestmemit:    0.296886    0.010997    0.013542    0.061485    0.118488    0.280164    0.118695    0.310847    0.444110    0.461815    0.365496    0.408004    4.195096    0.076405    0.009296    0.002313    9.901190    7.531472    1.225409    1.988134    1.947217    1.972693    0.993448    1.121867    1.916596
Iteration: 964 bestvalit: 40.360000 bestmemit:    0.296886    0.010997    0.013542    0.061485    0.118488    0.280164    0.118695    0.310847    0.444110    0.461815    0.365496    0.408004    4.195096    0.076405    0.009296    0.002313    9.901190    7.531472    1.225409    1.988134    1.947217    1.972693    0.993448    1.121867    1.916596
Iteration: 965 bestvalit: 40.360000 bestmemit:    0.296886    0.010997    0.013542    0.061485    0.118488    0.280164    0.118695    0.310847    0.444110    0.461815    0.365496    0.408004    4.195096    0.076405    0.009296    0.002313    9.901190    7.531472    1.225409    1.988134    1.947217    1.972693    0.993448    1.121867    1.916596
Iteration: 966 bestvalit: 40.360000 bestmemit:    0.296886    0.010997    0.013542    0.061485    0.118488    0.280164    0.118695    0.310847    0.444110    0.461815    0.365496    0.408004    4.195096    0.076405    0.009296    0.002313    9.901190    7.531472    1.225409    1.988134    1.947217    1.972693    0.993448    1.121867    1.916596
Iteration: 967 bestvalit: 40.360000 bestmemit:    0.296886    0.010997    0.013542    0.061485    0.118488    0.280164    0.118695    0.310847    0.444110    0.461815    0.365496    0.408004    4.195096    0.076405    0.009296    0.002313    9.901190    7.531472    1.225409    1.988134    1.947217    1.972693    0.993448    1.121867    1.916596
Iteration: 968 bestvalit: 40.360000 bestmemit:    0.296886    0.010997    0.013542    0.061485    0.118488    0.280164    0.118695    0.310847    0.444110    0.461815    0.365496    0.408004    4.195096    0.076405    0.009296    0.002313    9.901190    7.531472    1.225409    1.988134    1.947217    1.972693    0.993448    1.121867    1.916596
Iteration: 969 bestvalit: 40.360000 bestmemit:    0.296886    0.010997    0.013542    0.061485    0.118488    0.280164    0.118695    0.310847    0.444110    0.461815    0.365496    0.408004    4.195096    0.076405    0.009296    0.002313    9.901190    7.531472    1.225409    1.988134    1.947217    1.972693    0.993448    1.121867    1.916596
Iteration: 970 bestvalit: 40.360000 bestmemit:    0.296886    0.010997    0.013542    0.061485    0.118488    0.280164    0.118695    0.310847    0.444110    0.461815    0.365496    0.408004    4.195096    0.076405    0.009296    0.002313    9.901190    7.531472    1.225409    1.988134    1.947217    1.972693    0.993448    1.121867    1.916596
Iteration: 971 bestvalit: 40.360000 bestmemit:    0.296886    0.010997    0.013542    0.061485    0.118488    0.280164    0.118695    0.310847    0.444110    0.461815    0.365496    0.408004    4.195096    0.076405    0.009296    0.002313    9.901190    7.531472    1.225409    1.988134    1.947217    1.972693    0.993448    1.121867    1.916596
Iteration: 972 bestvalit: 40.360000 bestmemit:    0.296886    0.010997    0.013542    0.061485    0.118488    0.280164    0.118695    0.310847    0.444110    0.461815    0.365496    0.408004    4.195096    0.076405    0.009296    0.002313    9.901190    7.531472    1.225409    1.988134    1.947217    1.972693    0.993448    1.121867    1.916596
Iteration: 973 bestvalit: 40.360000 bestmemit:    0.296886    0.010997    0.013542    0.061485    0.118488    0.280164    0.118695    0.310847    0.444110    0.461815    0.365496    0.408004    4.195096    0.076405    0.009296    0.002313    9.901190    7.531472    1.225409    1.988134    1.947217    1.972693    0.993448    1.121867    1.916596
Iteration: 974 bestvalit: 40.360000 bestmemit:    0.296886    0.010997    0.013542    0.061485    0.118488    0.280164    0.118695    0.310847    0.444110    0.461815    0.365496    0.408004    4.195096    0.076405    0.009296    0.002313    9.901190    7.531472    1.225409    1.988134    1.947217    1.972693    0.993448    1.121867    1.916596
Iteration: 975 bestvalit: 40.360000 bestmemit:    0.296886    0.010997    0.013542    0.061485    0.118488    0.280164    0.118695    0.310847    0.444110    0.461815    0.365496    0.408004    4.195096    0.076405    0.009296    0.002313    9.901190    7.531472    1.225409    1.988134    1.947217    1.972693    0.993448    1.121867    1.916596
Iteration: 976 bestvalit: 40.360000 bestmemit:    0.296886    0.010997    0.013542    0.061485    0.118488    0.280164    0.118695    0.310847    0.444110    0.461815    0.365496    0.408004    4.195096    0.076405    0.009296    0.002313    9.901190    7.531472    1.225409    1.988134    1.947217    1.972693    0.993448    1.121867    1.916596
Iteration: 977 bestvalit: 40.360000 bestmemit:    0.296886    0.010997    0.013542    0.061485    0.118488    0.280164    0.118695    0.310847    0.444110    0.461815    0.365496    0.408004    4.195096    0.076405    0.009296    0.002313    9.901190    7.531472    1.225409    1.988134    1.947217    1.972693    0.993448    1.121867    1.916596
Iteration: 978 bestvalit: 40.360000 bestmemit:    0.296886    0.010997    0.013542    0.061485    0.118488    0.280164    0.118695    0.310847    0.444110    0.461815    0.365496    0.408004    4.195096    0.076405    0.009296    0.002313    9.901190    7.531472    1.225409    1.988134    1.947217    1.972693    0.993448    1.121867    1.916596
Iteration: 979 bestvalit: 40.360000 bestmemit:    0.296886    0.010997    0.013542    0.061485    0.118488    0.280164    0.118695    0.310847    0.444110    0.461815    0.365496    0.408004    4.195096    0.076405    0.009296    0.002313    9.901190    7.531472    1.225409    1.988134    1.947217    1.972693    0.993448    1.121867    1.916596
Iteration: 980 bestvalit: 40.360000 bestmemit:    0.296886    0.010997    0.013542    0.061485    0.118488    0.280164    0.118695    0.310847    0.444110    0.461815    0.365496    0.408004    4.195096    0.076405    0.009296    0.002313    9.901190    7.531472    1.225409    1.988134    1.947217    1.972693    0.993448    1.121867    1.916596
Iteration: 981 bestvalit: 40.360000 bestmemit:    0.296886    0.010997    0.013542    0.061485    0.118488    0.280164    0.118695    0.310847    0.444110    0.461815    0.365496    0.408004    4.195096    0.076405    0.009296    0.002313    9.901190    7.531472    1.225409    1.988134    1.947217    1.972693    0.993448    1.121867    1.916596
Iteration: 982 bestvalit: 40.360000 bestmemit:    0.296886    0.010997    0.013542    0.061485    0.118488    0.280164    0.118695    0.310847    0.444110    0.461815    0.365496    0.408004    4.195096    0.076405    0.009296    0.002313    9.901190    7.531472    1.225409    1.988134    1.947217    1.972693    0.993448    1.121867    1.916596
Iteration: 983 bestvalit: 40.360000 bestmemit:    0.296886    0.010997    0.013542    0.061485    0.118488    0.280164    0.118695    0.310847    0.444110    0.461815    0.365496    0.408004    4.195096    0.076405    0.009296    0.002313    9.901190    7.531472    1.225409    1.988134    1.947217    1.972693    0.993448    1.121867    1.916596
Iteration: 984 bestvalit: 40.360000 bestmemit:    0.296886    0.010997    0.013542    0.061485    0.118488    0.280164    0.118695    0.310847    0.444110    0.461815    0.365496    0.408004    4.195096    0.076405    0.009296    0.002313    9.901190    7.531472    1.225409    1.988134    1.947217    1.972693    0.993448    1.121867    1.916596
Iteration: 985 bestvalit: 40.360000 bestmemit:    0.296886    0.010997    0.013542    0.061485    0.118488    0.280164    0.118695    0.310847    0.444110    0.461815    0.365496    0.408004    4.195096    0.076405    0.009296    0.002313    9.901190    7.531472    1.225409    1.988134    1.947217    1.972693    0.993448    1.121867    1.916596
Iteration: 986 bestvalit: 40.360000 bestmemit:    0.296886    0.010997    0.013542    0.061485    0.118488    0.280164    0.118695    0.310847    0.444110    0.461815    0.365496    0.408004    4.195096    0.076405    0.009296    0.002313    9.901190    7.531472    1.225409    1.988134    1.947217    1.972693    0.993448    1.121867    1.916596
Iteration: 987 bestvalit: 40.360000 bestmemit:    0.296886    0.010997    0.013542    0.061485    0.118488    0.280164    0.118695    0.310847    0.444110    0.461815    0.365496    0.408004    4.195096    0.076405    0.009296    0.002313    9.901190    7.531472    1.225409    1.988134    1.947217    1.972693    0.993448    1.121867    1.916596
Iteration: 988 bestvalit: 40.360000 bestmemit:    0.296886    0.010997    0.013542    0.061485    0.118488    0.280164    0.118695    0.310847    0.444110    0.461815    0.365496    0.408004    4.195096    0.076405    0.009296    0.002313    9.901190    7.531472    1.225409    1.988134    1.947217    1.972693    0.993448    1.121867    1.916596
Iteration: 989 bestvalit: 40.360000 bestmemit:    0.296886    0.010997    0.013542    0.061485    0.118488    0.280164    0.118695    0.310847    0.444110    0.461815    0.365496    0.408004    4.195096    0.076405    0.009296    0.002313    9.901190    7.531472    1.225409    1.988134    1.947217    1.972693    0.993448    1.121867    1.916596
Iteration: 990 bestvalit: 40.360000 bestmemit:    0.296886    0.010997    0.013542    0.061485    0.118488    0.280164    0.118695    0.310847    0.444110    0.461815    0.365496    0.408004    4.195096    0.076405    0.009296    0.002313    9.901190    7.531472    1.225409    1.988134    1.947217    1.972693    0.993448    1.121867    1.916596
Iteration: 991 bestvalit: 40.360000 bestmemit:    0.296886    0.010997    0.013542    0.061485    0.118488    0.280164    0.118695    0.310847    0.444110    0.461815    0.365496    0.408004    4.195096    0.076405    0.009296    0.002313    9.901190    7.531472    1.225409    1.988134    1.947217    1.972693    0.993448    1.121867    1.916596
Iteration: 992 bestvalit: 40.360000 bestmemit:    0.296886    0.010997    0.013542    0.061485    0.118488    0.280164    0.118695    0.310847    0.444110    0.461815    0.365496    0.408004    4.195096    0.076405    0.009296    0.002313    9.901190    7.531472    1.225409    1.988134    1.947217    1.972693    0.993448    1.121867    1.916596
Iteration: 993 bestvalit: 40.360000 bestmemit:    0.296886    0.010997    0.013542    0.061485    0.118488    0.280164    0.118695    0.310847    0.444110    0.461815    0.365496    0.408004    4.195096    0.076405    0.009296    0.002313    9.901190    7.531472    1.225409    1.988134    1.947217    1.972693    0.993448    1.121867    1.916596
Iteration: 994 bestvalit: 40.360000 bestmemit:    0.296886    0.010997    0.013542    0.061485    0.118488    0.280164    0.118695    0.310847    0.444110    0.461815    0.365496    0.408004    4.195096    0.076405    0.009296    0.002313    9.901190    7.531472    1.225409    1.988134    1.947217    1.972693    0.993448    1.121867    1.916596
Iteration: 995 bestvalit: 40.360000 bestmemit:    0.296886    0.010997    0.013542    0.061485    0.118488    0.280164    0.118695    0.310847    0.444110    0.461815    0.365496    0.408004    4.195096    0.076405    0.009296    0.002313    9.901190    7.531472    1.225409    1.988134    1.947217    1.972693    0.993448    1.121867    1.916596
Iteration: 996 bestvalit: 40.360000 bestmemit:    0.296886    0.010997    0.013542    0.061485    0.118488    0.280164    0.118695    0.310847    0.444110    0.461815    0.365496    0.408004    4.195096    0.076405    0.009296    0.002313    9.901190    7.531472    1.225409    1.988134    1.947217    1.972693    0.993448    1.121867    1.916596
Iteration: 997 bestvalit: 40.360000 bestmemit:    0.296886    0.010997    0.013542    0.061485    0.118488    0.280164    0.118695    0.310847    0.444110    0.461815    0.365496    0.408004    4.195096    0.076405    0.009296    0.002313    9.901190    7.531472    1.225409    1.988134    1.947217    1.972693    0.993448    1.121867    1.916596
Iteration: 998 bestvalit: 40.360000 bestmemit:    0.296886    0.010997    0.013542    0.061485    0.118488    0.280164    0.118695    0.310847    0.444110    0.461815    0.365496    0.408004    4.195096    0.076405    0.009296    0.002313    9.901190    7.531472    1.225409    1.988134    1.947217    1.972693    0.993448    1.121867    1.916596
Iteration: 999 bestvalit: 40.360000 bestmemit:    0.296886    0.010997    0.013542    0.061485    0.118488    0.280164    0.118695    0.310847    0.444110    0.461815    0.365496    0.408004    4.195096    0.076405    0.009296    0.002313    9.901190    7.531472    1.225409    1.988134    1.947217    1.972693    0.993448    1.121867    1.916596
Iteration: 1000 bestvalit: 40.360000 bestmemit:    0.296886    0.010997    0.013542    0.061485    0.118488    0.280164    0.118695    0.310847    0.444110    0.461815    0.365496    0.408004    4.195096    0.076405    0.009296    0.002313    9.901190    7.531472    1.225409    1.988134    1.947217    1.972693    0.993448    1.121867    1.916596
       par1        par2        par3        par4        par5        par6        par7        par8 
0.296885556 0.010996774 0.013541601 0.061485282 0.118487812 0.280164055 0.118694854 0.310847434 
       par9       par10       par11       par12       par13       par14       par15       par16 
0.444109539 0.461815172 0.365496077 0.408004098 4.195096058 0.076404977 0.009295635 0.002313286 
      par17       par18       par19       par20       par21       par22       par23       par24 
9.901190271 7.531471845 1.225409278 1.988134340 1.947216597 1.972693193 0.993447711 1.121867331 
      par25 
1.916595569 
