Iteration: 1 bestvalit: 112.490000 bestmemit:    0.393922    0.012660    0.060438    0.063877    0.510198    1.227070    1.359799    1.697268    2.588642    0.428260    0.917262    0.682363    1.688958    0.082243    0.056232    0.064404   24.428717   20.521859    7.435897   -6.717085   -6.255293   -1.421779
Iteration: 2 bestvalit: 112.490000 bestmemit:    0.393922    0.012660    0.060438    0.063877    0.510198    1.227070    1.359799    1.697268    2.588642    0.428260    0.917262    0.682363    1.688958    0.082243    0.056232    0.064404   24.428717   20.521859    7.435897   -6.717085   -6.255293   -1.421779
Iteration: 3 bestvalit: 107.720000 bestmemit:    0.206662    0.026983    0.093837    0.097652    0.823337    0.882538    0.905055    0.420922    1.105565    0.308564    0.635626    0.579327    0.687952    0.045777    0.098116    0.073246   12.460559   25.347235    7.110792   -7.451511   -7.214311   -1.656034
Iteration: 4 bestvalit: 99.990000 bestmemit:    0.393922    0.012660    0.060438    0.063877    0.510198    1.227070    1.359799    1.697268    2.588642    0.428260    0.917262    0.682363    1.688958    0.082243    0.056232    0.023277   16.327395   20.521859    7.435897   -6.717085   -6.255293   -1.421779
Iteration: 5 bestvalit: 86.985000 bestmemit:    0.206662    0.026983    0.093837    0.097652    0.823337    0.721505    0.905055    0.420922    1.105565    0.308564    0.635626    0.579327    0.687952    0.045777    0.098116    0.073246   12.460559   25.347235    7.110792   -7.451511   -7.214311   -1.656034
Iteration: 6 bestvalit: 86.985000 bestmemit:    0.206662    0.026983    0.093837    0.097652    0.823337    0.721505    0.905055    0.420922    1.105565    0.308564    0.635626    0.579327    0.687952    0.045777    0.098116    0.073246   12.460559   25.347235    7.110792   -7.451511   -7.214311   -1.656034
Iteration: 7 bestvalit: 86.985000 bestmemit:    0.206662    0.026983    0.093837    0.097652    0.823337    0.721505    0.905055    0.420922    1.105565    0.308564    0.635626    0.579327    0.687952    0.045777    0.098116    0.073246   12.460559   25.347235    7.110792   -7.451511   -7.214311   -1.656034
Iteration: 8 bestvalit: 86.985000 bestmemit:    0.206662    0.026983    0.093837    0.097652    0.823337    0.721505    0.905055    0.420922    1.105565    0.308564    0.635626    0.579327    0.687952    0.045777    0.098116    0.073246   12.460559   25.347235    7.110792   -7.451511   -7.214311   -1.656034
Iteration: 9 bestvalit: 86.985000 bestmemit:    0.206662    0.026983    0.093837    0.097652    0.823337    0.721505    0.905055    0.420922    1.105565    0.308564    0.635626    0.579327    0.687952    0.045777    0.098116    0.073246   12.460559   25.347235    7.110792   -7.451511   -7.214311   -1.656034
Iteration: 10 bestvalit: 86.985000 bestmemit:    0.206662    0.026983    0.093837    0.097652    0.823337    0.721505    0.905055    0.420922    1.105565    0.308564    0.635626    0.579327    0.687952    0.045777    0.098116    0.073246   12.460559   25.347235    7.110792   -7.451511   -7.214311   -1.656034
Iteration: 11 bestvalit: 86.985000 bestmemit:    0.206662    0.026983    0.093837    0.097652    0.823337    0.721505    0.905055    0.420922    1.105565    0.308564    0.635626    0.579327    0.687952    0.045777    0.098116    0.073246   12.460559   25.347235    7.110792   -7.451511   -7.214311   -1.656034
Iteration: 12 bestvalit: 86.985000 bestmemit:    0.206662    0.026983    0.093837    0.097652    0.823337    0.721505    0.905055    0.420922    1.105565    0.308564    0.635626    0.579327    0.687952    0.045777    0.098116    0.073246   12.460559   25.347235    7.110792   -7.451511   -7.214311   -1.656034
Iteration: 13 bestvalit: 86.390000 bestmemit:    0.206662    0.026983    0.093837    0.097652    0.823337    0.721505    0.905055    0.420922    1.105565    0.308564    0.635626    0.579327    0.687952    0.045777    0.098116    0.073246   12.460559   20.018533    7.110792   -7.451511   -7.214311   -1.656034
Iteration: 14 bestvalit: 52.105000 bestmemit:    0.242700    0.040526    0.058731    0.097826    0.626360    1.342679    0.921971    0.725939    2.483309    0.172651    0.851952    0.556486    1.207963    0.019332    0.095234    0.070541   13.584724   13.844408    6.765776   -7.619096   -4.824618   -2.126093
Iteration: 15 bestvalit: 52.105000 bestmemit:    0.242700    0.040526    0.058731    0.097826    0.626360    1.342679    0.921971    0.725939    2.483309    0.172651    0.851952    0.556486    1.207963    0.019332    0.095234    0.070541   13.584724   13.844408    6.765776   -7.619096   -4.824618   -2.126093
Iteration: 16 bestvalit: 52.105000 bestmemit:    0.242700    0.040526    0.058731    0.097826    0.626360    1.342679    0.921971    0.725939    2.483309    0.172651    0.851952    0.556486    1.207963    0.019332    0.095234    0.070541   13.584724   13.844408    6.765776   -7.619096   -4.824618   -2.126093
Iteration: 17 bestvalit: 52.105000 bestmemit:    0.242700    0.040526    0.058731    0.097826    0.626360    1.342679    0.921971    0.725939    2.483309    0.172651    0.851952    0.556486    1.207963    0.019332    0.095234    0.070541   13.584724   13.844408    6.765776   -7.619096   -4.824618   -2.126093
Iteration: 18 bestvalit: 52.105000 bestmemit:    0.242700    0.040526    0.058731    0.097826    0.626360    1.342679    0.921971    0.725939    2.483309    0.172651    0.851952    0.556486    1.207963    0.019332    0.095234    0.070541   13.584724   13.844408    6.765776   -7.619096   -4.824618   -2.126093
Iteration: 19 bestvalit: 51.770000 bestmemit:    0.242700    0.040526    0.058731    0.097826    0.900825    1.342679    0.921971    0.725939    2.483309    0.172651    0.851952    0.556486    1.207963    0.019332    0.095234    0.070541   13.584724   13.844408    6.765776   -7.619096   -4.824618   -2.126093
Iteration: 20 bestvalit: 51.770000 bestmemit:    0.242700    0.040526    0.058731    0.097826    0.900825    1.342679    0.921971    0.725939    2.483309    0.172651    0.851952    0.556486    1.207963    0.019332    0.095234    0.070541   13.584724   13.844408    6.765776   -7.619096   -4.824618   -2.126093
Iteration: 21 bestvalit: 51.770000 bestmemit:    0.242700    0.040526    0.058731    0.097826    0.900825    1.342679    0.921971    0.725939    2.483309    0.172651    0.851952    0.556486    1.207963    0.019332    0.095234    0.070541   13.584724   13.844408    6.765776   -7.619096   -4.824618   -2.126093
Iteration: 22 bestvalit: 51.770000 bestmemit:    0.242700    0.040526    0.058731    0.097826    0.900825    1.342679    0.921971    0.725939    2.483309    0.172651    0.851952    0.556486    1.207963    0.019332    0.095234    0.070541   13.584724   13.844408    6.765776   -7.619096   -4.824618   -2.126093
Iteration: 23 bestvalit: 48.460000 bestmemit:    0.242700    0.040526    0.058731    0.097826    0.900825    1.342679    0.921971    0.725939    2.483309    0.122727    0.720571    0.556486    1.207963    0.019332    0.095234    0.070541   13.584724   13.844408    6.765776   -7.619096   -4.824618   -2.126093
Iteration: 24 bestvalit: 48.460000 bestmemit:    0.242700    0.040526    0.058731    0.097826    0.900825    1.342679    0.921971    0.725939    2.483309    0.122727    0.720571    0.556486    1.207963    0.019332    0.095234    0.070541   13.584724   13.844408    6.765776   -7.619096   -4.824618   -2.126093
Iteration: 25 bestvalit: 48.460000 bestmemit:    0.242700    0.040526    0.058731    0.097826    0.900825    1.342679    0.921971    0.725939    2.483309    0.122727    0.720571    0.556486    1.207963    0.019332    0.095234    0.070541   13.584724   13.844408    6.765776   -7.619096   -4.824618   -2.126093
Iteration: 26 bestvalit: 48.460000 bestmemit:    0.242700    0.040526    0.058731    0.097826    0.900825    1.342679    0.921971    0.725939    2.483309    0.122727    0.720571    0.556486    1.207963    0.019332    0.095234    0.070541   13.584724   13.844408    6.765776   -7.619096   -4.824618   -2.126093
Iteration: 27 bestvalit: 48.460000 bestmemit:    0.242700    0.040526    0.058731    0.097826    0.900825    1.342679    0.921971    0.725939    2.483309    0.122727    0.720571    0.556486    1.207963    0.019332    0.095234    0.070541   13.584724   13.844408    6.765776   -7.619096   -4.824618   -2.126093
Iteration: 28 bestvalit: 48.460000 bestmemit:    0.242700    0.040526    0.058731    0.097826    0.900825    1.342679    0.921971    0.725939    2.483309    0.122727    0.720571    0.556486    1.207963    0.019332    0.095234    0.070541   13.584724   13.844408    6.765776   -7.619096   -4.824618   -2.126093
Iteration: 29 bestvalit: 48.460000 bestmemit:    0.242700    0.040526    0.058731    0.097826    0.900825    1.342679    0.921971    0.725939    2.483309    0.122727    0.720571    0.556486    1.207963    0.019332    0.095234    0.070541   13.584724   13.844408    6.765776   -7.619096   -4.824618   -2.126093
Iteration: 30 bestvalit: 48.460000 bestmemit:    0.242700    0.040526    0.058731    0.097826    0.900825    1.342679    0.921971    0.725939    2.483309    0.122727    0.720571    0.556486    1.207963    0.019332    0.095234    0.070541   13.584724   13.844408    6.765776   -7.619096   -4.824618   -2.126093
Iteration: 31 bestvalit: 48.460000 bestmemit:    0.242700    0.040526    0.058731    0.097826    0.900825    1.342679    0.921971    0.725939    2.483309    0.122727    0.720571    0.556486    1.207963    0.019332    0.095234    0.070541   13.584724   13.844408    6.765776   -7.619096   -4.824618   -2.126093
Iteration: 32 bestvalit: 48.460000 bestmemit:    0.242700    0.040526    0.058731    0.097826    0.900825    1.342679    0.921971    0.725939    2.483309    0.122727    0.720571    0.556486    1.207963    0.019332    0.095234    0.070541   13.584724   13.844408    6.765776   -7.619096   -4.824618   -2.126093
Iteration: 33 bestvalit: 48.460000 bestmemit:    0.242700    0.040526    0.058731    0.097826    0.900825    1.342679    0.921971    0.725939    2.483309    0.122727    0.720571    0.556486    1.207963    0.019332    0.095234    0.070541   13.584724   13.844408    6.765776   -7.619096   -4.824618   -2.126093
Iteration: 34 bestvalit: 48.460000 bestmemit:    0.242700    0.040526    0.058731    0.097826    0.900825    1.342679    0.921971    0.725939    2.483309    0.122727    0.720571    0.556486    1.207963    0.019332    0.095234    0.070541   13.584724   13.844408    6.765776   -7.619096   -4.824618   -2.126093
Iteration: 35 bestvalit: 48.460000 bestmemit:    0.242700    0.040526    0.058731    0.097826    0.900825    1.342679    0.921971    0.725939    2.483309    0.122727    0.720571    0.556486    1.207963    0.019332    0.095234    0.070541   13.584724   13.844408    6.765776   -7.619096   -4.824618   -2.126093
Iteration: 36 bestvalit: 44.080000 bestmemit:    0.283848    0.027161    0.066720    0.041534    0.252210    1.422465    1.736302    1.239072    3.091058    0.240876    0.576831    0.616886    1.085708    0.069139    0.094700    0.031293   12.340621   15.203277    8.662275   -5.442073   -5.888027   -1.688101
Iteration: 37 bestvalit: 42.890000 bestmemit:    0.283848    0.027161    0.066720    0.041534    0.252210    1.422465    1.736302    1.239072    3.091058    0.240876    0.576831    0.933257    1.460808    0.069139    0.094700    0.031293   12.340621   15.203277    8.662275   -5.442073   -5.888027   -1.688101
Iteration: 38 bestvalit: 42.890000 bestmemit:    0.283848    0.027161    0.066720    0.041534    0.252210    1.422465    1.736302    1.239072    3.091058    0.240876    0.576831    0.933257    1.460808    0.069139    0.094700    0.031293   12.340621   15.203277    8.662275   -5.442073   -5.888027   -1.688101
Iteration: 39 bestvalit: 42.890000 bestmemit:    0.283848    0.027161    0.066720    0.041534    0.252210    1.422465    1.736302    1.239072    3.091058    0.240876    0.576831    0.933257    1.460808    0.069139    0.094700    0.031293   12.340621   15.203277    8.662275   -5.442073   -5.888027   -1.688101
Iteration: 40 bestvalit: 42.890000 bestmemit:    0.283848    0.027161    0.066720    0.041534    0.252210    1.422465    1.736302    1.239072    3.091058    0.240876    0.576831    0.933257    1.460808    0.069139    0.094700    0.031293   12.340621   15.203277    8.662275   -5.442073   -5.888027   -1.688101
Iteration: 41 bestvalit: 42.890000 bestmemit:    0.283848    0.027161    0.066720    0.041534    0.252210    1.422465    1.736302    1.239072    3.091058    0.240876    0.576831    0.933257    1.460808    0.069139    0.094700    0.031293   12.340621   15.203277    8.662275   -5.442073   -5.888027   -1.688101
Iteration: 42 bestvalit: 42.490000 bestmemit:    0.283848    0.027161    0.066720    0.041534    0.252210    1.422465    1.736302    1.239072    2.064039    0.240876    0.576831    0.933257    1.460808    0.069139    0.094700    0.031293   12.340621   15.203277    8.662275   -5.442073   -5.888027   -1.688101
Iteration: 43 bestvalit: 42.490000 bestmemit:    0.283848    0.027161    0.066720    0.041534    0.252210    1.422465    1.736302    1.239072    2.064039    0.240876    0.576831    0.933257    1.460808    0.069139    0.094700    0.031293   12.340621   15.203277    8.662275   -5.442073   -5.888027   -1.688101
Iteration: 44 bestvalit: 42.490000 bestmemit:    0.283848    0.027161    0.066720    0.041534    0.252210    1.422465    1.736302    1.239072    2.064039    0.240876    0.576831    0.933257    1.460808    0.069139    0.094700    0.031293   12.340621   15.203277    8.662275   -5.442073   -5.888027   -1.688101
Iteration: 45 bestvalit: 42.490000 bestmemit:    0.283848    0.027161    0.066720    0.041534    0.252210    1.422465    1.736302    1.239072    2.064039    0.240876    0.576831    0.933257    1.460808    0.069139    0.094700    0.031293   12.340621   15.203277    8.662275   -5.442073   -5.888027   -1.688101
Iteration: 46 bestvalit: 42.490000 bestmemit:    0.283848    0.027161    0.066720    0.041534    0.252210    1.422465    1.736302    1.239072    2.064039    0.240876    0.576831    0.933257    1.460808    0.069139    0.094700    0.031293   12.340621   15.203277    8.662275   -5.442073   -5.888027   -1.688101
Iteration: 47 bestvalit: 42.490000 bestmemit:    0.283848    0.027161    0.066720    0.041534    0.252210    1.422465    1.736302    1.239072    2.064039    0.240876    0.576831    0.933257    1.460808    0.069139    0.094700    0.031293   12.340621   15.203277    8.662275   -5.442073   -5.888027   -1.688101
Iteration: 48 bestvalit: 42.490000 bestmemit:    0.283848    0.027161    0.066720    0.041534    0.252210    1.422465    1.736302    1.239072    2.064039    0.240876    0.576831    0.933257    1.460808    0.069139    0.094700    0.031293   12.340621   15.203277    8.662275   -5.442073   -5.888027   -1.688101
Iteration: 49 bestvalit: 42.490000 bestmemit:    0.283848    0.027161    0.066720    0.041534    0.252210    1.422465    1.736302    1.239072    2.064039    0.240876    0.576831    0.933257    1.460808    0.069139    0.094700    0.031293   12.340621   15.203277    8.662275   -5.442073   -5.888027   -1.688101
Iteration: 50 bestvalit: 42.490000 bestmemit:    0.283848    0.027161    0.066720    0.041534    0.252210    1.422465    1.736302    1.239072    2.064039    0.240876    0.576831    0.933257    1.460808    0.069139    0.094700    0.031293   12.340621   15.203277    8.662275   -5.442073   -5.888027   -1.688101
Iteration: 51 bestvalit: 41.270000 bestmemit:    0.283848    0.027161    0.066720    0.041534    0.252210    1.422465    1.736302    1.239072    2.064039    0.240876    0.576831    0.933257    1.538585    0.086681    0.062118    0.035464   12.340621   15.203277    8.662275   -5.442073   -5.888027   -1.688101
Iteration: 52 bestvalit: 41.270000 bestmemit:    0.283848    0.027161    0.066720    0.041534    0.252210    1.422465    1.736302    1.239072    2.064039    0.240876    0.576831    0.933257    1.538585    0.086681    0.062118    0.035464   12.340621   15.203277    8.662275   -5.442073   -5.888027   -1.688101
Iteration: 53 bestvalit: 41.270000 bestmemit:    0.283848    0.027161    0.066720    0.041534    0.252210    1.422465    1.736302    1.239072    2.064039    0.240876    0.576831    0.933257    1.538585    0.086681    0.062118    0.035464   12.340621   15.203277    8.662275   -5.442073   -5.888027   -1.688101
Iteration: 54 bestvalit: 41.195000 bestmemit:    0.283848    0.027161    0.066720    0.041534    0.252210    1.422465    1.736302    1.239072    2.064039    0.240876    0.576831    0.970145    1.538585    0.086681    0.062118    0.035464   12.340621   15.203277    8.662275   -5.442073   -5.888027   -1.688101
Iteration: 55 bestvalit: 36.780000 bestmemit:    0.283848    0.027161    0.066720    0.041534    0.521179    1.422465    1.736302    1.239072    2.064039    0.240876    0.576831    0.970145    1.538585    0.086681    0.062118    0.035464   12.340621   15.203277    8.662275   -5.442073   -5.888027   -1.688101
Iteration: 56 bestvalit: 36.780000 bestmemit:    0.283848    0.027161    0.066720    0.041534    0.521179    1.422465    1.736302    1.239072    2.064039    0.240876    0.576831    0.970145    1.538585    0.086681    0.062118    0.035464   12.340621   15.203277    8.662275   -5.442073   -5.888027   -1.688101
Iteration: 57 bestvalit: 36.715000 bestmemit:    0.283848    0.027161    0.066720    0.041534    0.521179    1.422465    1.736302    1.239072    2.064039    0.240876    0.576831    0.970145    1.538585    0.086681    0.062118    0.053497   12.340621   15.203277    8.662275   -5.442073   -5.888027   -1.688101
Iteration: 58 bestvalit: 36.715000 bestmemit:    0.283848    0.027161    0.066720    0.041534    0.521179    1.422465    1.736302    1.239072    2.064039    0.240876    0.576831    0.970145    1.538585    0.086681    0.062118    0.053497   12.340621   15.203277    8.662275   -5.442073   -5.888027   -1.688101
Iteration: 59 bestvalit: 36.650000 bestmemit:    0.283848    0.027161    0.066720    0.041534    0.521179    1.422465    1.736302    1.239072    2.064039    0.240876    0.576831    0.970145    1.538585    0.086681    0.066910    0.053497   12.340621   15.203277    8.662275   -5.442073   -5.888027   -1.688101
Iteration: 60 bestvalit: 36.650000 bestmemit:    0.283848    0.027161    0.066720    0.041534    0.521179    1.422465    1.736302    1.239072    2.064039    0.240876    0.576831    0.970145    1.538585    0.086681    0.066910    0.053497   12.340621   15.203277    8.662275   -5.442073   -5.888027   -1.688101
Iteration: 61 bestvalit: 36.550000 bestmemit:    0.283848    0.027161    0.066720    0.041534    0.521179    1.422465    1.736302    1.239072    2.064039    0.240876    0.516561    0.970145    1.538585    0.086681    0.066910    0.053497   12.340621   15.203277    8.662275   -5.442073   -5.888027   -1.688101
Iteration: 62 bestvalit: 36.550000 bestmemit:    0.283848    0.027161    0.066720    0.041534    0.521179    1.422465    1.736302    1.239072    2.064039    0.240876    0.516561    0.970145    1.538585    0.086681    0.066910    0.053497   12.340621   15.203277    8.662275   -5.442073   -5.888027   -1.688101
Iteration: 63 bestvalit: 36.550000 bestmemit:    0.283848    0.027161    0.066720    0.041534    0.521179    1.422465    1.736302    1.239072    2.064039    0.240876    0.516561    0.970145    1.538585    0.086681    0.066910    0.053497   12.340621   15.203277    8.662275   -5.442073   -5.888027   -1.688101
Iteration: 64 bestvalit: 36.550000 bestmemit:    0.283848    0.027161    0.066720    0.041534    0.521179    1.422465    1.736302    1.239072    2.064039    0.240876    0.516561    0.970145    1.538585    0.086681    0.066910    0.053497   12.340621   15.203277    8.662275   -5.442073   -5.888027   -1.688101
Iteration: 65 bestvalit: 36.550000 bestmemit:    0.283848    0.027161    0.066720    0.041534    0.521179    1.422465    1.736302    1.239072    2.064039    0.240876    0.516561    0.970145    1.538585    0.086681    0.066910    0.053497   12.340621   15.203277    8.662275   -5.442073   -5.888027   -1.688101
Iteration: 66 bestvalit: 36.550000 bestmemit:    0.283848    0.027161    0.066720    0.041534    0.521179    1.422465    1.736302    1.239072    2.064039    0.240876    0.516561    0.970145    1.538585    0.086681    0.066910    0.053497   12.340621   15.203277    8.662275   -5.442073   -5.888027   -1.688101
Iteration: 67 bestvalit: 36.550000 bestmemit:    0.283848    0.027161    0.066720    0.041534    0.521179    1.422465    1.736302    1.239072    2.064039    0.240876    0.516561    0.970145    1.538585    0.086681    0.066910    0.053497   12.340621   15.203277    8.662275   -5.442073   -5.888027   -1.688101
Iteration: 68 bestvalit: 36.550000 bestmemit:    0.283848    0.027161    0.066720    0.041534    0.521179    1.422465    1.736302    1.239072    2.064039    0.240876    0.516561    0.970145    1.538585    0.086681    0.066910    0.053497   12.340621   15.203277    8.662275   -5.442073   -5.888027   -1.688101
Iteration: 69 bestvalit: 36.550000 bestmemit:    0.283848    0.027161    0.066720    0.041534    0.521179    1.422465    1.736302    1.239072    2.064039    0.240876    0.516561    0.970145    1.538585    0.086681    0.066910    0.053497   12.340621   15.203277    8.662275   -5.442073   -5.888027   -1.688101
Iteration: 70 bestvalit: 36.550000 bestmemit:    0.283848    0.027161    0.066720    0.041534    0.521179    1.422465    1.736302    1.239072    2.064039    0.240876    0.516561    0.970145    1.538585    0.086681    0.066910    0.053497   12.340621   15.203277    8.662275   -5.442073   -5.888027   -1.688101
Iteration: 71 bestvalit: 36.550000 bestmemit:    0.283848    0.027161    0.066720    0.041534    0.521179    1.422465    1.736302    1.239072    2.064039    0.240876    0.516561    0.970145    1.538585    0.086681    0.066910    0.053497   12.340621   15.203277    8.662275   -5.442073   -5.888027   -1.688101
Iteration: 72 bestvalit: 36.550000 bestmemit:    0.283848    0.027161    0.066720    0.041534    0.521179    1.422465    1.736302    1.239072    2.064039    0.240876    0.516561    0.970145    1.538585    0.086681    0.066910    0.053497   12.340621   15.203277    8.662275   -5.442073   -5.888027   -1.688101
Iteration: 73 bestvalit: 36.535000 bestmemit:    0.283848    0.027161    0.066720    0.041534    0.521179    1.422465    1.736302    1.239072    2.064039    0.240876    0.516561    0.970145    1.538585    0.084151    0.066910    0.053497   12.340621   15.203277    8.662275   -5.442073   -5.888027   -1.688101
Iteration: 74 bestvalit: 36.535000 bestmemit:    0.283848    0.027161    0.066720    0.041534    0.521179    1.422465    1.736302    1.239072    2.064039    0.240876    0.516561    0.970145    1.538585    0.084151    0.066910    0.053497   12.340621   15.203277    8.662275   -5.442073   -5.888027   -1.688101
Iteration: 75 bestvalit: 36.535000 bestmemit:    0.283848    0.027161    0.066720    0.041534    0.521179    1.422465    1.736302    1.239072    2.064039    0.240876    0.516561    0.970145    1.538585    0.084151    0.066910    0.053497   12.340621   15.203277    8.662275   -5.442073   -5.888027   -1.688101
Iteration: 76 bestvalit: 34.610000 bestmemit:    0.452353    0.030972    0.052100    0.078880    0.270238    1.804237    0.899495    1.828374    0.428342    0.453856    0.914246    0.946077    1.661268    0.057992    0.063496    0.016849   18.351540   18.284762    7.752060   -8.808991   -7.737529   -1.763025
Iteration: 77 bestvalit: 34.610000 bestmemit:    0.452353    0.030972    0.052100    0.078880    0.270238    1.804237    0.899495    1.828374    0.428342    0.453856    0.914246    0.946077    1.661268    0.057992    0.063496    0.016849   18.351540   18.284762    7.752060   -8.808991   -7.737529   -1.763025
Iteration: 78 bestvalit: 34.610000 bestmemit:    0.452353    0.030972    0.052100    0.078880    0.270238    1.804237    0.899495    1.828374    0.428342    0.453856    0.914246    0.946077    1.661268    0.057992    0.063496    0.016849   18.351540   18.284762    7.752060   -8.808991   -7.737529   -1.763025
Iteration: 79 bestvalit: 34.610000 bestmemit:    0.452353    0.030972    0.052100    0.078880    0.270238    1.804237    0.899495    1.828374    0.428342    0.453856    0.914246    0.946077    1.661268    0.057992    0.063496    0.016849   18.351540   18.284762    7.752060   -8.808991   -7.737529   -1.763025
Iteration: 80 bestvalit: 34.610000 bestmemit:    0.452353    0.030972    0.052100    0.078880    0.270238    1.804237    0.899495    1.828374    0.428342    0.453856    0.914246    0.946077    1.661268    0.057992    0.063496    0.016849   18.351540   18.284762    7.752060   -8.808991   -7.737529   -1.763025
Iteration: 81 bestvalit: 34.610000 bestmemit:    0.452353    0.030972    0.052100    0.078880    0.270238    1.804237    0.899495    1.828374    0.428342    0.453856    0.914246    0.946077    1.661268    0.057992    0.063496    0.016849   18.351540   18.284762    7.752060   -8.808991   -7.737529   -1.763025
Iteration: 82 bestvalit: 34.610000 bestmemit:    0.452353    0.030972    0.052100    0.078880    0.270238    1.804237    0.899495    1.828374    0.428342    0.453856    0.914246    0.946077    1.661268    0.057992    0.063496    0.016849   18.351540   18.284762    7.752060   -8.808991   -7.737529   -1.763025
Iteration: 83 bestvalit: 34.610000 bestmemit:    0.452353    0.030972    0.052100    0.078880    0.270238    1.804237    0.899495    1.828374    0.428342    0.453856    0.914246    0.946077    1.661268    0.057992    0.063496    0.016849   18.351540   18.284762    7.752060   -8.808991   -7.737529   -1.763025
Iteration: 84 bestvalit: 34.610000 bestmemit:    0.452353    0.030972    0.052100    0.078880    0.270238    1.804237    0.899495    1.828374    0.428342    0.453856    0.914246    0.946077    1.661268    0.057992    0.063496    0.016849   18.351540   18.284762    7.752060   -8.808991   -7.737529   -1.763025
Iteration: 85 bestvalit: 34.610000 bestmemit:    0.452353    0.030972    0.052100    0.078880    0.270238    1.804237    0.899495    1.828374    0.428342    0.453856    0.914246    0.946077    1.661268    0.057992    0.063496    0.016849   18.351540   18.284762    7.752060   -8.808991   -7.737529   -1.763025
Iteration: 86 bestvalit: 31.315000 bestmemit:    0.283848    0.027161    0.066720    0.041534    0.810686    1.422465    1.736302    1.239072    2.064039    0.240876    0.516561    0.970145    1.538585    0.084151    0.066910    0.053497   12.340621   15.203277    8.662275   -5.442073   -5.888027   -1.688101
Iteration: 87 bestvalit: 31.315000 bestmemit:    0.283848    0.027161    0.066720    0.041534    0.810686    1.422465    1.736302    1.239072    2.064039    0.240876    0.516561    0.970145    1.538585    0.084151    0.066910    0.053497   12.340621   15.203277    8.662275   -5.442073   -5.888027   -1.688101
Iteration: 88 bestvalit: 31.315000 bestmemit:    0.283848    0.027161    0.066720    0.041534    0.810686    1.422465    1.736302    1.239072    2.064039    0.240876    0.516561    0.970145    1.538585    0.084151    0.066910    0.053497   12.340621   15.203277    8.662275   -5.442073   -5.888027   -1.688101
Iteration: 89 bestvalit: 31.315000 bestmemit:    0.283848    0.027161    0.066720    0.041534    0.810686    1.422465    1.736302    1.239072    2.064039    0.240876    0.516561    0.970145    1.538585    0.084151    0.066910    0.053497   12.340621   15.203277    8.662275   -5.442073   -5.888027   -1.688101
Iteration: 90 bestvalit: 31.315000 bestmemit:    0.283848    0.027161    0.066720    0.041534    0.810686    1.422465    1.736302    1.239072    2.064039    0.240876    0.516561    0.970145    1.538585    0.084151    0.066910    0.053497   12.340621   15.203277    8.662275   -5.442073   -5.888027   -1.688101
Iteration: 91 bestvalit: 31.315000 bestmemit:    0.283848    0.027161    0.066720    0.041534    0.810686    1.422465    1.736302    1.239072    2.064039    0.240876    0.516561    0.970145    1.538585    0.084151    0.066910    0.053497   12.340621   15.203277    8.662275   -5.442073   -5.888027   -1.688101
Iteration: 92 bestvalit: 31.315000 bestmemit:    0.283848    0.027161    0.066720    0.041534    0.810686    1.422465    1.736302    1.239072    2.064039    0.240876    0.516561    0.970145    1.538585    0.084151    0.066910    0.053497   12.340621   15.203277    8.662275   -5.442073   -5.888027   -1.688101
Iteration: 93 bestvalit: 31.315000 bestmemit:    0.283848    0.027161    0.066720    0.041534    0.810686    1.422465    1.736302    1.239072    2.064039    0.240876    0.516561    0.970145    1.538585    0.084151    0.066910    0.053497   12.340621   15.203277    8.662275   -5.442073   -5.888027   -1.688101
Iteration: 94 bestvalit: 31.315000 bestmemit:    0.283848    0.027161    0.066720    0.041534    0.810686    1.422465    1.736302    1.239072    2.064039    0.240876    0.516561    0.970145    1.538585    0.084151    0.066910    0.053497   12.340621   15.203277    8.662275   -5.442073   -5.888027   -1.688101
Iteration: 95 bestvalit: 31.315000 bestmemit:    0.283848    0.027161    0.066720    0.041534    0.810686    1.422465    1.736302    1.239072    2.064039    0.240876    0.516561    0.970145    1.538585    0.084151    0.066910    0.053497   12.340621   15.203277    8.662275   -5.442073   -5.888027   -1.688101
Iteration: 96 bestvalit: 31.315000 bestmemit:    0.283848    0.027161    0.066720    0.041534    0.810686    1.422465    1.736302    1.239072    2.064039    0.240876    0.516561    0.970145    1.538585    0.084151    0.066910    0.053497   12.340621   15.203277    8.662275   -5.442073   -5.888027   -1.688101
Iteration: 97 bestvalit: 31.315000 bestmemit:    0.283848    0.027161    0.066720    0.041534    0.810686    1.422465    1.736302    1.239072    2.064039    0.240876    0.516561    0.970145    1.538585    0.084151    0.066910    0.053497   12.340621   15.203277    8.662275   -5.442073   -5.888027   -1.688101
Iteration: 98 bestvalit: 31.315000 bestmemit:    0.283848    0.027161    0.066720    0.041534    0.810686    1.422465    1.736302    1.239072    2.064039    0.240876    0.516561    0.970145    1.538585    0.084151    0.066910    0.053497   12.340621   15.203277    8.662275   -5.442073   -5.888027   -1.688101
Iteration: 99 bestvalit: 28.385000 bestmemit:    0.358138    0.014049    0.018658    0.064373    0.989287    1.348619    0.527986    1.609023    1.321603    0.358499    0.292908    0.120270    1.368425    0.092200    0.047390    0.013973   15.062971   23.903746    8.917950   -6.595923   -5.622272   -3.506825
Iteration: 100 bestvalit: 28.385000 bestmemit:    0.358138    0.014049    0.018658    0.064373    0.989287    1.348619    0.527986    1.609023    1.321603    0.358499    0.292908    0.120270    1.368425    0.092200    0.047390    0.013973   15.062971   23.903746    8.917950   -6.595923   -5.622272   -3.506825
Iteration: 101 bestvalit: 28.385000 bestmemit:    0.358138    0.014049    0.018658    0.064373    0.989287    1.348619    0.527986    1.609023    1.321603    0.358499    0.292908    0.120270    1.368425    0.092200    0.047390    0.013973   15.062971   23.903746    8.917950   -6.595923   -5.622272   -3.506825
Iteration: 102 bestvalit: 28.385000 bestmemit:    0.358138    0.014049    0.018658    0.064373    0.989287    1.348619    0.527986    1.609023    1.321603    0.358499    0.292908    0.120270    1.368425    0.092200    0.047390    0.013973   15.062971   23.903746    8.917950   -6.595923   -5.622272   -3.506825
Iteration: 103 bestvalit: 28.385000 bestmemit:    0.358138    0.014049    0.018658    0.064373    0.989287    1.348619    0.527986    1.609023    1.321603    0.358499    0.292908    0.120270    1.368425    0.092200    0.047390    0.013973   15.062971   23.903746    8.917950   -6.595923   -5.622272   -3.506825
Iteration: 104 bestvalit: 28.385000 bestmemit:    0.358138    0.014049    0.018658    0.064373    0.989287    1.348619    0.527986    1.609023    1.321603    0.358499    0.292908    0.120270    1.368425    0.092200    0.047390    0.013973   15.062971   23.903746    8.917950   -6.595923   -5.622272   -3.506825
Iteration: 105 bestvalit: 28.385000 bestmemit:    0.358138    0.014049    0.018658    0.064373    0.989287    1.348619    0.527986    1.609023    1.321603    0.358499    0.292908    0.120270    1.368425    0.092200    0.047390    0.013973   15.062971   23.903746    8.917950   -6.595923   -5.622272   -3.506825
Iteration: 106 bestvalit: 28.385000 bestmemit:    0.358138    0.014049    0.018658    0.064373    0.989287    1.348619    0.527986    1.609023    1.321603    0.358499    0.292908    0.120270    1.368425    0.092200    0.047390    0.013973   15.062971   23.903746    8.917950   -6.595923   -5.622272   -3.506825
Iteration: 107 bestvalit: 28.385000 bestmemit:    0.358138    0.014049    0.018658    0.064373    0.989287    1.348619    0.527986    1.609023    1.321603    0.358499    0.292908    0.120270    1.368425    0.092200    0.047390    0.013973   15.062971   23.903746    8.917950   -6.595923   -5.622272   -3.506825
Iteration: 108 bestvalit: 28.385000 bestmemit:    0.358138    0.014049    0.018658    0.064373    0.989287    1.348619    0.527986    1.609023    1.321603    0.358499    0.292908    0.120270    1.368425    0.092200    0.047390    0.013973   15.062971   23.903746    8.917950   -6.595923   -5.622272   -3.506825
Iteration: 109 bestvalit: 28.385000 bestmemit:    0.358138    0.014049    0.018658    0.064373    0.989287    1.348619    0.527986    1.609023    1.321603    0.358499    0.292908    0.120270    1.368425    0.092200    0.047390    0.013973   15.062971   23.903746    8.917950   -6.595923   -5.622272   -3.506825
Iteration: 110 bestvalit: 28.385000 bestmemit:    0.358138    0.014049    0.018658    0.064373    0.989287    1.348619    0.527986    1.609023    1.321603    0.358499    0.292908    0.120270    1.368425    0.092200    0.047390    0.013973   15.062971   23.903746    8.917950   -6.595923   -5.622272   -3.506825
Iteration: 111 bestvalit: 28.385000 bestmemit:    0.358138    0.014049    0.018658    0.064373    0.989287    1.348619    0.527986    1.609023    1.321603    0.358499    0.292908    0.120270    1.368425    0.092200    0.047390    0.013973   15.062971   23.903746    8.917950   -6.595923   -5.622272   -3.506825
Iteration: 112 bestvalit: 22.595000 bestmemit:    0.297705    0.043046    0.048914    0.055365    0.714766    1.809823    1.219272    1.457128    0.910990    0.072849    0.843813    0.949321    1.869595    0.009705    0.002369    0.003752   13.681015   19.716163    3.354427   -8.031312   -4.854883   -0.618701
Iteration: 113 bestvalit: 22.595000 bestmemit:    0.297705    0.043046    0.048914    0.055365    0.714766    1.809823    1.219272    1.457128    0.910990    0.072849    0.843813    0.949321    1.869595    0.009705    0.002369    0.003752   13.681015   19.716163    3.354427   -8.031312   -4.854883   -0.618701
Iteration: 114 bestvalit: 22.595000 bestmemit:    0.297705    0.043046    0.048914    0.055365    0.714766    1.809823    1.219272    1.457128    0.910990    0.072849    0.843813    0.949321    1.869595    0.009705    0.002369    0.003752   13.681015   19.716163    3.354427   -8.031312   -4.854883   -0.618701
Iteration: 115 bestvalit: 22.595000 bestmemit:    0.297705    0.043046    0.048914    0.055365    0.714766    1.809823    1.219272    1.457128    0.910990    0.072849    0.843813    0.949321    1.869595    0.009705    0.002369    0.003752   13.681015   19.716163    3.354427   -8.031312   -4.854883   -0.618701
Iteration: 116 bestvalit: 22.595000 bestmemit:    0.297705    0.043046    0.048914    0.055365    0.714766    1.809823    1.219272    1.457128    0.910990    0.072849    0.843813    0.949321    1.869595    0.009705    0.002369    0.003752   13.681015   19.716163    3.354427   -8.031312   -4.854883   -0.618701
Iteration: 117 bestvalit: 22.595000 bestmemit:    0.297705    0.043046    0.048914    0.055365    0.714766    1.809823    1.219272    1.457128    0.910990    0.072849    0.843813    0.949321    1.869595    0.009705    0.002369    0.003752   13.681015   19.716163    3.354427   -8.031312   -4.854883   -0.618701
Iteration: 118 bestvalit: 22.595000 bestmemit:    0.297705    0.043046    0.048914    0.055365    0.714766    1.809823    1.219272    1.457128    0.910990    0.072849    0.843813    0.949321    1.869595    0.009705    0.002369    0.003752   13.681015   19.716163    3.354427   -8.031312   -4.854883   -0.618701
Iteration: 119 bestvalit: 22.595000 bestmemit:    0.297705    0.043046    0.048914    0.055365    0.714766    1.809823    1.219272    1.457128    0.910990    0.072849    0.843813    0.949321    1.869595    0.009705    0.002369    0.003752   13.681015   19.716163    3.354427   -8.031312   -4.854883   -0.618701
Iteration: 120 bestvalit: 22.595000 bestmemit:    0.297705    0.043046    0.048914    0.055365    0.714766    1.809823    1.219272    1.457128    0.910990    0.072849    0.843813    0.949321    1.869595    0.009705    0.002369    0.003752   13.681015   19.716163    3.354427   -8.031312   -4.854883   -0.618701
Iteration: 121 bestvalit: 22.595000 bestmemit:    0.297705    0.043046    0.048914    0.055365    0.714766    1.809823    1.219272    1.457128    0.910990    0.072849    0.843813    0.949321    1.869595    0.009705    0.002369    0.003752   13.681015   19.716163    3.354427   -8.031312   -4.854883   -0.618701
Iteration: 122 bestvalit: 22.595000 bestmemit:    0.297705    0.043046    0.048914    0.055365    0.714766    1.809823    1.219272    1.457128    0.910990    0.072849    0.843813    0.949321    1.869595    0.009705    0.002369    0.003752   13.681015   19.716163    3.354427   -8.031312   -4.854883   -0.618701
Iteration: 123 bestvalit: 22.490000 bestmemit:    0.297705    0.043046    0.048914    0.055365    0.714766    1.809823    1.219272    1.457128    0.910990    0.072849    0.843813    0.949321    1.867056    0.009078    0.002369    0.003752   13.681015   19.716163    3.354427   -8.031312   -4.854883   -0.618701
Iteration: 124 bestvalit: 22.490000 bestmemit:    0.297705    0.043046    0.048914    0.055365    0.714766    1.809823    1.219272    1.457128    0.910990    0.072849    0.843813    0.949321    1.867056    0.009078    0.002369    0.003752   13.681015   19.716163    3.354427   -8.031312   -4.854883   -0.618701
Iteration: 125 bestvalit: 22.490000 bestmemit:    0.297705    0.043046    0.048914    0.055365    0.714766    1.809823    1.219272    1.457128    0.910990    0.072849    0.843813    0.949321    1.867056    0.009078    0.002369    0.003752   13.681015   19.716163    3.354427   -8.031312   -4.854883   -0.618701
Iteration: 126 bestvalit: 22.490000 bestmemit:    0.297705    0.043046    0.048914    0.055365    0.714766    1.809823    1.219272    1.457128    0.910990    0.072849    0.843813    0.949321    1.867056    0.009078    0.002369    0.003752   13.681015   19.716163    3.354427   -8.031312   -4.854883   -0.618701
Iteration: 127 bestvalit: 22.490000 bestmemit:    0.297705    0.043046    0.048914    0.055365    0.714766    1.809823    1.219272    1.457128    0.910990    0.072849    0.843813    0.949321    1.867056    0.009078    0.002369    0.003752   13.681015   19.716163    3.354427   -8.031312   -4.854883   -0.618701
Iteration: 128 bestvalit: 22.490000 bestmemit:    0.297705    0.043046    0.048914    0.055365    0.714766    1.809823    1.219272    1.457128    0.910990    0.072849    0.843813    0.949321    1.867056    0.009078    0.002369    0.003752   13.681015   19.716163    3.354427   -8.031312   -4.854883   -0.618701
Iteration: 129 bestvalit: 22.490000 bestmemit:    0.297705    0.043046    0.048914    0.055365    0.714766    1.809823    1.219272    1.457128    0.910990    0.072849    0.843813    0.949321    1.867056    0.009078    0.002369    0.003752   13.681015   19.716163    3.354427   -8.031312   -4.854883   -0.618701
Iteration: 130 bestvalit: 22.490000 bestmemit:    0.297705    0.043046    0.048914    0.055365    0.714766    1.809823    1.219272    1.457128    0.910990    0.072849    0.843813    0.949321    1.867056    0.009078    0.002369    0.003752   13.681015   19.716163    3.354427   -8.031312   -4.854883   -0.618701
Iteration: 131 bestvalit: 22.490000 bestmemit:    0.297705    0.043046    0.048914    0.055365    0.714766    1.809823    1.219272    1.457128    0.910990    0.072849    0.843813    0.949321    1.867056    0.009078    0.002369    0.003752   13.681015   19.716163    3.354427   -8.031312   -4.854883   -0.618701
Iteration: 132 bestvalit: 22.490000 bestmemit:    0.297705    0.043046    0.048914    0.055365    0.714766    1.809823    1.219272    1.457128    0.910990    0.072849    0.843813    0.949321    1.867056    0.009078    0.002369    0.003752   13.681015   19.716163    3.354427   -8.031312   -4.854883   -0.618701
Iteration: 133 bestvalit: 19.765000 bestmemit:    0.297705    0.043046    0.048914    0.055365    0.984210    1.809823    1.219272    1.457128    0.910990    0.072849    0.843813    0.949321    1.867056    0.009078    0.002369    0.003752   13.681015   19.716163    3.354427   -8.031312   -4.854883   -0.618701
Iteration: 134 bestvalit: 19.765000 bestmemit:    0.297705    0.043046    0.048914    0.055365    0.984210    1.809823    1.219272    1.457128    0.910990    0.072849    0.843813    0.949321    1.867056    0.009078    0.002369    0.003752   13.681015   19.716163    3.354427   -8.031312   -4.854883   -0.618701
Iteration: 135 bestvalit: 19.765000 bestmemit:    0.297705    0.043046    0.048914    0.055365    0.984210    1.809823    1.219272    1.457128    0.910990    0.072849    0.843813    0.949321    1.867056    0.009078    0.002369    0.003752   13.681015   19.716163    3.354427   -8.031312   -4.854883   -0.618701
Iteration: 136 bestvalit: 19.765000 bestmemit:    0.297705    0.043046    0.048914    0.055365    0.984210    1.809823    1.219272    1.457128    0.910990    0.072849    0.843813    0.949321    1.867056    0.009078    0.002369    0.003752   13.681015   19.716163    3.354427   -8.031312   -4.854883   -0.618701
Iteration: 137 bestvalit: 19.765000 bestmemit:    0.297705    0.043046    0.048914    0.055365    0.984210    1.809823    1.219272    1.457128    0.910990    0.072849    0.843813    0.949321    1.867056    0.009078    0.002369    0.003752   13.681015   19.716163    3.354427   -8.031312   -4.854883   -0.618701
Iteration: 138 bestvalit: 19.765000 bestmemit:    0.297705    0.043046    0.048914    0.055365    0.984210    1.809823    1.219272    1.457128    0.910990    0.072849    0.843813    0.949321    1.867056    0.009078    0.002369    0.003752   13.681015   19.716163    3.354427   -8.031312   -4.854883   -0.618701
Iteration: 139 bestvalit: 19.765000 bestmemit:    0.297705    0.043046    0.048914    0.055365    0.984210    1.809823    1.219272    1.457128    0.910990    0.072849    0.843813    0.949321    1.867056    0.009078    0.002369    0.003752   13.681015   19.716163    3.354427   -8.031312   -4.854883   -0.618701
Iteration: 140 bestvalit: 19.765000 bestmemit:    0.297705    0.043046    0.048914    0.055365    0.984210    1.809823    1.219272    1.457128    0.910990    0.072849    0.843813    0.949321    1.867056    0.009078    0.002369    0.003752   13.681015   19.716163    3.354427   -8.031312   -4.854883   -0.618701
Iteration: 141 bestvalit: 19.765000 bestmemit:    0.297705    0.043046    0.048914    0.055365    0.984210    1.809823    1.219272    1.457128    0.910990    0.072849    0.843813    0.949321    1.867056    0.009078    0.002369    0.003752   13.681015   19.716163    3.354427   -8.031312   -4.854883   -0.618701
Iteration: 142 bestvalit: 19.765000 bestmemit:    0.297705    0.043046    0.048914    0.055365    0.984210    1.809823    1.219272    1.457128    0.910990    0.072849    0.843813    0.949321    1.867056    0.009078    0.002369    0.003752   13.681015   19.716163    3.354427   -8.031312   -4.854883   -0.618701
Iteration: 143 bestvalit: 19.765000 bestmemit:    0.297705    0.043046    0.048914    0.055365    0.984210    1.809823    1.219272    1.457128    0.910990    0.072849    0.843813    0.949321    1.867056    0.009078    0.002369    0.003752   13.681015   19.716163    3.354427   -8.031312   -4.854883   -0.618701
Iteration: 144 bestvalit: 19.765000 bestmemit:    0.297705    0.043046    0.048914    0.055365    0.984210    1.809823    1.219272    1.457128    0.910990    0.072849    0.843813    0.949321    1.867056    0.009078    0.002369    0.003752   13.681015   19.716163    3.354427   -8.031312   -4.854883   -0.618701
Iteration: 145 bestvalit: 19.765000 bestmemit:    0.297705    0.043046    0.048914    0.055365    0.984210    1.809823    1.219272    1.457128    0.910990    0.072849    0.843813    0.949321    1.867056    0.009078    0.002369    0.003752   13.681015   19.716163    3.354427   -8.031312   -4.854883   -0.618701
Iteration: 146 bestvalit: 17.885000 bestmemit:    0.366696    0.021972    0.032436    0.057836    0.790045    1.232386    0.957822    1.675886    0.793478    0.111334    0.557624    0.411792    1.838914    0.064883    0.065707    0.038352   15.464732   14.556102    5.053385   -6.996566   -4.788764   -0.333216
Iteration: 147 bestvalit: 17.885000 bestmemit:    0.366696    0.021972    0.032436    0.057836    0.790045    1.232386    0.957822    1.675886    0.793478    0.111334    0.557624    0.411792    1.838914    0.064883    0.065707    0.038352   15.464732   14.556102    5.053385   -6.996566   -4.788764   -0.333216
Iteration: 148 bestvalit: 17.885000 bestmemit:    0.366696    0.021972    0.032436    0.057836    0.790045    1.232386    0.957822    1.675886    0.793478    0.111334    0.557624    0.411792    1.838914    0.064883    0.065707    0.038352   15.464732   14.556102    5.053385   -6.996566   -4.788764   -0.333216
Iteration: 149 bestvalit: 17.885000 bestmemit:    0.366696    0.021972    0.032436    0.057836    0.790045    1.232386    0.957822    1.675886    0.793478    0.111334    0.557624    0.411792    1.838914    0.064883    0.065707    0.038352   15.464732   14.556102    5.053385   -6.996566   -4.788764   -0.333216
Iteration: 150 bestvalit: 17.885000 bestmemit:    0.366696    0.021972    0.032436    0.057836    0.790045    1.232386    0.957822    1.675886    0.793478    0.111334    0.557624    0.411792    1.838914    0.064883    0.065707    0.038352   15.464732   14.556102    5.053385   -6.996566   -4.788764   -0.333216
Iteration: 151 bestvalit: 17.885000 bestmemit:    0.366696    0.021972    0.032436    0.057836    0.790045    1.232386    0.957822    1.675886    0.793478    0.111334    0.557624    0.411792    1.838914    0.064883    0.065707    0.038352   15.464732   14.556102    5.053385   -6.996566   -4.788764   -0.333216
Iteration: 152 bestvalit: 17.885000 bestmemit:    0.366696    0.021972    0.032436    0.057836    0.790045    1.232386    0.957822    1.675886    0.793478    0.111334    0.557624    0.411792    1.838914    0.064883    0.065707    0.038352   15.464732   14.556102    5.053385   -6.996566   -4.788764   -0.333216
Iteration: 153 bestvalit: 17.885000 bestmemit:    0.366696    0.021972    0.032436    0.057836    0.790045    1.232386    0.957822    1.675886    0.793478    0.111334    0.557624    0.411792    1.838914    0.064883    0.065707    0.038352   15.464732   14.556102    5.053385   -6.996566   -4.788764   -0.333216
Iteration: 154 bestvalit: 17.885000 bestmemit:    0.366696    0.021972    0.032436    0.057836    0.790045    1.232386    0.957822    1.675886    0.793478    0.111334    0.557624    0.411792    1.838914    0.064883    0.065707    0.038352   15.464732   14.556102    5.053385   -6.996566   -4.788764   -0.333216
Iteration: 155 bestvalit: 17.885000 bestmemit:    0.366696    0.021972    0.032436    0.057836    0.790045    1.232386    0.957822    1.675886    0.793478    0.111334    0.557624    0.411792    1.838914    0.064883    0.065707    0.038352   15.464732   14.556102    5.053385   -6.996566   -4.788764   -0.333216
Iteration: 156 bestvalit: 17.885000 bestmemit:    0.366696    0.021972    0.032436    0.057836    0.790045    1.232386    0.957822    1.675886    0.793478    0.111334    0.557624    0.411792    1.838914    0.064883    0.065707    0.038352   15.464732   14.556102    5.053385   -6.996566   -4.788764   -0.333216
Iteration: 157 bestvalit: 16.880000 bestmemit:    0.297705    0.043046    0.048914    0.055365    0.984210    1.809823    1.219272    1.457128    0.910990    0.072849    0.843813    0.949321    1.867056    0.009078    0.083339    0.002820   13.681015   15.011441    3.354427   -8.031312   -4.854883   -0.618701
Iteration: 158 bestvalit: 16.880000 bestmemit:    0.297705    0.043046    0.048914    0.055365    0.984210    1.809823    1.219272    1.457128    0.910990    0.072849    0.843813    0.949321    1.867056    0.009078    0.083339    0.002820   13.681015   15.011441    3.354427   -8.031312   -4.854883   -0.618701
Iteration: 159 bestvalit: 15.985000 bestmemit:    0.366696    0.021972    0.032436    0.057836    0.790045    1.232386    0.957822    1.675886    0.793478    0.111334    0.557624    0.411792    1.838914    0.064883    0.065707    0.038352   15.464732   13.205777    5.053385   -6.996566   -4.788764   -0.333216
Iteration: 160 bestvalit: 15.985000 bestmemit:    0.366696    0.021972    0.032436    0.057836    0.790045    1.232386    0.957822    1.675886    0.793478    0.111334    0.557624    0.411792    1.838914    0.064883    0.065707    0.038352   15.464732   13.205777    5.053385   -6.996566   -4.788764   -0.333216
Iteration: 161 bestvalit: 15.985000 bestmemit:    0.366696    0.021972    0.032436    0.057836    0.790045    1.232386    0.957822    1.675886    0.793478    0.111334    0.557624    0.411792    1.838914    0.064883    0.065707    0.038352   15.464732   13.205777    5.053385   -6.996566   -4.788764   -0.333216
Iteration: 162 bestvalit: 15.985000 bestmemit:    0.366696    0.021972    0.032436    0.057836    0.790045    1.232386    0.957822    1.675886    0.793478    0.111334    0.557624    0.411792    1.838914    0.064883    0.065707    0.038352   15.464732   13.205777    5.053385   -6.996566   -4.788764   -0.333216
Iteration: 163 bestvalit: 15.985000 bestmemit:    0.366696    0.021972    0.032436    0.057836    0.790045    1.232386    0.957822    1.675886    0.793478    0.111334    0.557624    0.411792    1.838914    0.064883    0.065707    0.038352   15.464732   13.205777    5.053385   -6.996566   -4.788764   -0.333216
Iteration: 164 bestvalit: 15.985000 bestmemit:    0.366696    0.021972    0.032436    0.057836    0.790045    1.232386    0.957822    1.675886    0.793478    0.111334    0.557624    0.411792    1.838914    0.064883    0.065707    0.038352   15.464732   13.205777    5.053385   -6.996566   -4.788764   -0.333216
Iteration: 165 bestvalit: 15.985000 bestmemit:    0.366696    0.021972    0.032436    0.057836    0.790045    1.232386    0.957822    1.675886    0.793478    0.111334    0.557624    0.411792    1.838914    0.064883    0.065707    0.038352   15.464732   13.205777    5.053385   -6.996566   -4.788764   -0.333216
Iteration: 166 bestvalit: 15.985000 bestmemit:    0.366696    0.021972    0.032436    0.057836    0.790045    1.232386    0.957822    1.675886    0.793478    0.111334    0.557624    0.411792    1.838914    0.064883    0.065707    0.038352   15.464732   13.205777    5.053385   -6.996566   -4.788764   -0.333216
Iteration: 167 bestvalit: 15.985000 bestmemit:    0.366696    0.021972    0.032436    0.057836    0.790045    1.232386    0.957822    1.675886    0.793478    0.111334    0.557624    0.411792    1.838914    0.064883    0.065707    0.038352   15.464732   13.205777    5.053385   -6.996566   -4.788764   -0.333216
Iteration: 168 bestvalit: 15.985000 bestmemit:    0.366696    0.021972    0.032436    0.057836    0.790045    1.232386    0.957822    1.675886    0.793478    0.111334    0.557624    0.411792    1.838914    0.064883    0.065707    0.038352   15.464732   13.205777    5.053385   -6.996566   -4.788764   -0.333216
Iteration: 169 bestvalit: 15.985000 bestmemit:    0.366696    0.021972    0.032436    0.057836    0.790045    1.232386    0.957822    1.675886    0.793478    0.111334    0.557624    0.411792    1.838914    0.064883    0.065707    0.038352   15.464732   13.205777    5.053385   -6.996566   -4.788764   -0.333216
Iteration: 170 bestvalit: 15.985000 bestmemit:    0.366696    0.021972    0.032436    0.057836    0.790045    1.232386    0.957822    1.675886    0.793478    0.111334    0.557624    0.411792    1.838914    0.064883    0.065707    0.038352   15.464732   13.205777    5.053385   -6.996566   -4.788764   -0.333216
Iteration: 171 bestvalit: 15.985000 bestmemit:    0.366696    0.021972    0.032436    0.057836    0.790045    1.232386    0.957822    1.675886    0.793478    0.111334    0.557624    0.411792    1.838914    0.064883    0.065707    0.038352   15.464732   13.205777    5.053385   -6.996566   -4.788764   -0.333216
Iteration: 172 bestvalit: 15.985000 bestmemit:    0.366696    0.021972    0.032436    0.057836    0.790045    1.232386    0.957822    1.675886    0.793478    0.111334    0.557624    0.411792    1.838914    0.064883    0.065707    0.038352   15.464732   13.205777    5.053385   -6.996566   -4.788764   -0.333216
Iteration: 173 bestvalit: 15.985000 bestmemit:    0.366696    0.021972    0.032436    0.057836    0.790045    1.232386    0.957822    1.675886    0.793478    0.111334    0.557624    0.411792    1.838914    0.064883    0.065707    0.038352   15.464732   13.205777    5.053385   -6.996566   -4.788764   -0.333216
Iteration: 174 bestvalit: 15.985000 bestmemit:    0.366696    0.021972    0.032436    0.057836    0.790045    1.232386    0.957822    1.675886    0.793478    0.111334    0.557624    0.411792    1.838914    0.064883    0.065707    0.038352   15.464732   13.205777    5.053385   -6.996566   -4.788764   -0.333216
Iteration: 175 bestvalit: 15.985000 bestmemit:    0.366696    0.021972    0.032436    0.057836    0.790045    1.232386    0.957822    1.675886    0.793478    0.111334    0.557624    0.411792    1.838914    0.064883    0.065707    0.038352   15.464732   13.205777    5.053385   -6.996566   -4.788764   -0.333216
Iteration: 176 bestvalit: 15.985000 bestmemit:    0.366696    0.021972    0.032436    0.057836    0.790045    1.232386    0.957822    1.675886    0.793478    0.111334    0.557624    0.411792    1.838914    0.064883    0.065707    0.038352   15.464732   13.205777    5.053385   -6.996566   -4.788764   -0.333216
Iteration: 177 bestvalit: 15.985000 bestmemit:    0.366696    0.021972    0.032436    0.057836    0.790045    1.232386    0.957822    1.675886    0.793478    0.111334    0.557624    0.411792    1.838914    0.064883    0.065707    0.038352   15.464732   13.205777    5.053385   -6.996566   -4.788764   -0.333216
Iteration: 178 bestvalit: 14.590000 bestmemit:    0.366696    0.021972    0.032436    0.057836    0.790045    1.232386    0.957822    1.675886    0.793478    0.111334    0.557624    0.411792    1.838914    0.077798    0.065707    0.038352   15.464732   13.205777    5.053385   -6.996566   -4.788764   -0.333216
Iteration: 179 bestvalit: 14.590000 bestmemit:    0.366696    0.021972    0.032436    0.057836    0.790045    1.232386    0.957822    1.675886    0.793478    0.111334    0.557624    0.411792    1.838914    0.077798    0.065707    0.038352   15.464732   13.205777    5.053385   -6.996566   -4.788764   -0.333216
Iteration: 180 bestvalit: 14.590000 bestmemit:    0.366696    0.021972    0.032436    0.057836    0.790045    1.232386    0.957822    1.675886    0.793478    0.111334    0.557624    0.411792    1.838914    0.077798    0.065707    0.038352   15.464732   13.205777    5.053385   -6.996566   -4.788764   -0.333216
Iteration: 181 bestvalit: 14.590000 bestmemit:    0.366696    0.021972    0.032436    0.057836    0.790045    1.232386    0.957822    1.675886    0.793478    0.111334    0.557624    0.411792    1.838914    0.077798    0.065707    0.038352   15.464732   13.205777    5.053385   -6.996566   -4.788764   -0.333216
Iteration: 182 bestvalit: 14.590000 bestmemit:    0.366696    0.021972    0.032436    0.057836    0.790045    1.232386    0.957822    1.675886    0.793478    0.111334    0.557624    0.411792    1.838914    0.077798    0.065707    0.038352   15.464732   13.205777    5.053385   -6.996566   -4.788764   -0.333216
Iteration: 183 bestvalit: 14.590000 bestmemit:    0.366696    0.021972    0.032436    0.057836    0.790045    1.232386    0.957822    1.675886    0.793478    0.111334    0.557624    0.411792    1.838914    0.077798    0.065707    0.038352   15.464732   13.205777    5.053385   -6.996566   -4.788764   -0.333216
Iteration: 184 bestvalit: 14.590000 bestmemit:    0.366696    0.021972    0.032436    0.057836    0.790045    1.232386    0.957822    1.675886    0.793478    0.111334    0.557624    0.411792    1.838914    0.077798    0.065707    0.038352   15.464732   13.205777    5.053385   -6.996566   -4.788764   -0.333216
Iteration: 185 bestvalit: 14.590000 bestmemit:    0.366696    0.021972    0.032436    0.057836    0.790045    1.232386    0.957822    1.675886    0.793478    0.111334    0.557624    0.411792    1.838914    0.077798    0.065707    0.038352   15.464732   13.205777    5.053385   -6.996566   -4.788764   -0.333216
Iteration: 186 bestvalit: 14.590000 bestmemit:    0.366696    0.021972    0.032436    0.057836    0.790045    1.232386    0.957822    1.675886    0.793478    0.111334    0.557624    0.411792    1.838914    0.077798    0.065707    0.038352   15.464732   13.205777    5.053385   -6.996566   -4.788764   -0.333216
Iteration: 187 bestvalit: 14.545000 bestmemit:    0.366696    0.021972    0.032436    0.057836    0.790045    1.232386    0.957822    1.675886    0.752853    0.111334    0.557624    0.411792    1.838914    0.077798    0.065707    0.038352   15.464732   13.205777    5.053385   -6.996566   -4.788764   -0.333216
Iteration: 188 bestvalit: 14.545000 bestmemit:    0.366696    0.021972    0.032436    0.057836    0.790045    1.232386    0.957822    1.675886    0.752853    0.111334    0.557624    0.411792    1.838914    0.077798    0.065707    0.038352   15.464732   13.205777    5.053385   -6.996566   -4.788764   -0.333216
Iteration: 189 bestvalit: 14.545000 bestmemit:    0.366696    0.021972    0.032436    0.057836    0.790045    1.232386    0.957822    1.675886    0.752853    0.111334    0.557624    0.411792    1.838914    0.077798    0.065707    0.038352   15.464732   13.205777    5.053385   -6.996566   -4.788764   -0.333216
Iteration: 190 bestvalit: 14.545000 bestmemit:    0.366696    0.021972    0.032436    0.057836    0.790045    1.232386    0.957822    1.675886    0.752853    0.111334    0.557624    0.411792    1.838914    0.077798    0.065707    0.038352   15.464732   13.205777    5.053385   -6.996566   -4.788764   -0.333216
Iteration: 191 bestvalit: 14.545000 bestmemit:    0.366696    0.021972    0.032436    0.057836    0.790045    1.232386    0.957822    1.675886    0.752853    0.111334    0.557624    0.411792    1.838914    0.077798    0.065707    0.038352   15.464732   13.205777    5.053385   -6.996566   -4.788764   -0.333216
Iteration: 192 bestvalit: 14.545000 bestmemit:    0.366696    0.021972    0.032436    0.057836    0.790045    1.232386    0.957822    1.675886    0.752853    0.111334    0.557624    0.411792    1.838914    0.077798    0.065707    0.038352   15.464732   13.205777    5.053385   -6.996566   -4.788764   -0.333216
Iteration: 193 bestvalit: 14.545000 bestmemit:    0.366696    0.021972    0.032436    0.057836    0.790045    1.232386    0.957822    1.675886    0.752853    0.111334    0.557624    0.411792    1.838914    0.077798    0.065707    0.038352   15.464732   13.205777    5.053385   -6.996566   -4.788764   -0.333216
Iteration: 194 bestvalit: 14.545000 bestmemit:    0.366696    0.021972    0.032436    0.057836    0.790045    1.232386    0.957822    1.675886    0.752853    0.111334    0.557624    0.411792    1.838914    0.077798    0.065707    0.038352   15.464732   13.205777    5.053385   -6.996566   -4.788764   -0.333216
Iteration: 195 bestvalit: 14.545000 bestmemit:    0.366696    0.021972    0.032436    0.057836    0.790045    1.232386    0.957822    1.675886    0.752853    0.111334    0.557624    0.411792    1.838914    0.077798    0.065707    0.038352   15.464732   13.205777    5.053385   -6.996566   -4.788764   -0.333216
Iteration: 196 bestvalit: 14.545000 bestmemit:    0.366696    0.021972    0.032436    0.057836    0.790045    1.232386    0.957822    1.675886    0.752853    0.111334    0.557624    0.411792    1.838914    0.077798    0.065707    0.038352   15.464732   13.205777    5.053385   -6.996566   -4.788764   -0.333216
Iteration: 197 bestvalit: 14.545000 bestmemit:    0.366696    0.021972    0.032436    0.057836    0.790045    1.232386    0.957822    1.675886    0.752853    0.111334    0.557624    0.411792    1.838914    0.077798    0.065707    0.038352   15.464732   13.205777    5.053385   -6.996566   -4.788764   -0.333216
Iteration: 198 bestvalit: 14.545000 bestmemit:    0.366696    0.021972    0.032436    0.057836    0.790045    1.232386    0.957822    1.675886    0.752853    0.111334    0.557624    0.411792    1.838914    0.077798    0.065707    0.038352   15.464732   13.205777    5.053385   -6.996566   -4.788764   -0.333216
Iteration: 199 bestvalit: 14.545000 bestmemit:    0.366696    0.021972    0.032436    0.057836    0.790045    1.232386    0.957822    1.675886    0.752853    0.111334    0.557624    0.411792    1.838914    0.077798    0.065707    0.038352   15.464732   13.205777    5.053385   -6.996566   -4.788764   -0.333216
Iteration: 200 bestvalit: 14.545000 bestmemit:    0.366696    0.021972    0.032436    0.057836    0.790045    1.232386    0.957822    1.675886    0.752853    0.111334    0.557624    0.411792    1.838914    0.077798    0.065707    0.038352   15.464732   13.205777    5.053385   -6.996566   -4.788764   -0.333216
Iteration: 201 bestvalit: 14.545000 bestmemit:    0.366696    0.021972    0.032436    0.057836    0.790045    1.232386    0.957822    1.675886    0.752853    0.111334    0.557624    0.411792    1.838914    0.077798    0.065707    0.038352   15.464732   13.205777    5.053385   -6.996566   -4.788764   -0.333216
Iteration: 202 bestvalit: 14.545000 bestmemit:    0.366696    0.021972    0.032436    0.057836    0.790045    1.232386    0.957822    1.675886    0.752853    0.111334    0.557624    0.411792    1.838914    0.077798    0.065707    0.038352   15.464732   13.205777    5.053385   -6.996566   -4.788764   -0.333216
Iteration: 203 bestvalit: 14.545000 bestmemit:    0.366696    0.021972    0.032436    0.057836    0.790045    1.232386    0.957822    1.675886    0.752853    0.111334    0.557624    0.411792    1.838914    0.077798    0.065707    0.038352   15.464732   13.205777    5.053385   -6.996566   -4.788764   -0.333216
Iteration: 204 bestvalit: 14.545000 bestmemit:    0.366696    0.021972    0.032436    0.057836    0.790045    1.232386    0.957822    1.675886    0.752853    0.111334    0.557624    0.411792    1.838914    0.077798    0.065707    0.038352   15.464732   13.205777    5.053385   -6.996566   -4.788764   -0.333216
Iteration: 205 bestvalit: 14.545000 bestmemit:    0.366696    0.021972    0.032436    0.057836    0.790045    1.232386    0.957822    1.675886    0.752853    0.111334    0.557624    0.411792    1.838914    0.077798    0.065707    0.038352   15.464732   13.205777    5.053385   -6.996566   -4.788764   -0.333216
Iteration: 206 bestvalit: 14.545000 bestmemit:    0.366696    0.021972    0.032436    0.057836    0.790045    1.232386    0.957822    1.675886    0.752853    0.111334    0.557624    0.411792    1.838914    0.077798    0.065707    0.038352   15.464732   13.205777    5.053385   -6.996566   -4.788764   -0.333216
Iteration: 207 bestvalit: 14.545000 bestmemit:    0.366696    0.021972    0.032436    0.057836    0.790045    1.232386    0.957822    1.675886    0.752853    0.111334    0.557624    0.411792    1.838914    0.077798    0.065707    0.038352   15.464732   13.205777    5.053385   -6.996566   -4.788764   -0.333216
Iteration: 208 bestvalit: 14.545000 bestmemit:    0.366696    0.021972    0.032436    0.057836    0.790045    1.232386    0.957822    1.675886    0.752853    0.111334    0.557624    0.411792    1.838914    0.077798    0.065707    0.038352   15.464732   13.205777    5.053385   -6.996566   -4.788764   -0.333216
Iteration: 209 bestvalit: 14.545000 bestmemit:    0.366696    0.021972    0.032436    0.057836    0.790045    1.232386    0.957822    1.675886    0.752853    0.111334    0.557624    0.411792    1.838914    0.077798    0.065707    0.038352   15.464732   13.205777    5.053385   -6.996566   -4.788764   -0.333216
Iteration: 210 bestvalit: 14.545000 bestmemit:    0.366696    0.021972    0.032436    0.057836    0.790045    1.232386    0.957822    1.675886    0.752853    0.111334    0.557624    0.411792    1.838914    0.077798    0.065707    0.038352   15.464732   13.205777    5.053385   -6.996566   -4.788764   -0.333216
Iteration: 211 bestvalit: 14.545000 bestmemit:    0.366696    0.021972    0.032436    0.057836    0.790045    1.232386    0.957822    1.675886    0.752853    0.111334    0.557624    0.411792    1.838914    0.077798    0.065707    0.038352   15.464732   13.205777    5.053385   -6.996566   -4.788764   -0.333216
Iteration: 212 bestvalit: 14.545000 bestmemit:    0.366696    0.021972    0.032436    0.057836    0.790045    1.232386    0.957822    1.675886    0.752853    0.111334    0.557624    0.411792    1.838914    0.077798    0.065707    0.038352   15.464732   13.205777    5.053385   -6.996566   -4.788764   -0.333216
Iteration: 213 bestvalit: 13.495000 bestmemit:    0.366696    0.021972    0.032436    0.057836    0.790045    1.232386    0.957822    1.675886    0.752853    0.111334    0.557624    0.367511    1.991180    0.085424    0.065707    0.038352   15.464732   13.205777    5.053385   -6.996566   -4.788764   -0.333216
Iteration: 214 bestvalit: 13.495000 bestmemit:    0.366696    0.021972    0.032436    0.057836    0.790045    1.232386    0.957822    1.675886    0.752853    0.111334    0.557624    0.367511    1.991180    0.085424    0.065707    0.038352   15.464732   13.205777    5.053385   -6.996566   -4.788764   -0.333216
Iteration: 215 bestvalit: 13.350000 bestmemit:    0.366696    0.021972    0.032436    0.057836    0.790045    1.232386    0.957822    1.675886    0.752853    0.111334    0.557624    0.367511    1.991180    0.085424    0.065707    0.038352   15.464732   13.662442    5.053385   -6.996566   -4.788764   -0.333216
Iteration: 216 bestvalit: 13.350000 bestmemit:    0.366696    0.021972    0.032436    0.057836    0.790045    1.232386    0.957822    1.675886    0.752853    0.111334    0.557624    0.367511    1.991180    0.085424    0.065707    0.038352   15.464732   13.662442    5.053385   -6.996566   -4.788764   -0.333216
Iteration: 217 bestvalit: 13.350000 bestmemit:    0.366696    0.021972    0.032436    0.057836    0.790045    1.232386    0.957822    1.675886    0.752853    0.111334    0.557624    0.367511    1.991180    0.085424    0.065707    0.038352   15.464732   13.662442    5.053385   -6.996566   -4.788764   -0.333216
Iteration: 218 bestvalit: 13.350000 bestmemit:    0.366696    0.021972    0.032436    0.057836    0.790045    1.232386    0.957822    1.675886    0.752853    0.111334    0.557624    0.367511    1.991180    0.085424    0.065707    0.038352   15.464732   13.662442    5.053385   -6.996566   -4.788764   -0.333216
Iteration: 219 bestvalit: 13.350000 bestmemit:    0.366696    0.021972    0.032436    0.057836    0.790045    1.232386    0.957822    1.675886    0.752853    0.111334    0.557624    0.367511    1.991180    0.085424    0.065707    0.038352   15.464732   13.662442    5.053385   -6.996566   -4.788764   -0.333216
Iteration: 220 bestvalit: 13.350000 bestmemit:    0.366696    0.021972    0.032436    0.057836    0.790045    1.232386    0.957822    1.675886    0.752853    0.111334    0.557624    0.367511    1.991180    0.085424    0.065707    0.038352   15.464732   13.662442    5.053385   -6.996566   -4.788764   -0.333216
Iteration: 221 bestvalit: 13.350000 bestmemit:    0.366696    0.021972    0.032436    0.057836    0.790045    1.232386    0.957822    1.675886    0.752853    0.111334    0.557624    0.367511    1.991180    0.085424    0.065707    0.038352   15.464732   13.662442    5.053385   -6.996566   -4.788764   -0.333216
Iteration: 222 bestvalit: 13.350000 bestmemit:    0.366696    0.021972    0.032436    0.057836    0.790045    1.232386    0.957822    1.675886    0.752853    0.111334    0.557624    0.367511    1.991180    0.085424    0.065707    0.038352   15.464732   13.662442    5.053385   -6.996566   -4.788764   -0.333216
Iteration: 223 bestvalit: 13.350000 bestmemit:    0.366696    0.021972    0.032436    0.057836    0.790045    1.232386    0.957822    1.675886    0.752853    0.111334    0.557624    0.367511    1.991180    0.085424    0.065707    0.038352   15.464732   13.662442    5.053385   -6.996566   -4.788764   -0.333216
Iteration: 224 bestvalit: 13.350000 bestmemit:    0.366696    0.021972    0.032436    0.057836    0.790045    1.232386    0.957822    1.675886    0.752853    0.111334    0.557624    0.367511    1.991180    0.085424    0.065707    0.038352   15.464732   13.662442    5.053385   -6.996566   -4.788764   -0.333216
Iteration: 225 bestvalit: 13.350000 bestmemit:    0.366696    0.021972    0.032436    0.057836    0.790045    1.232386    0.957822    1.675886    0.752853    0.111334    0.557624    0.367511    1.991180    0.085424    0.065707    0.038352   15.464732   13.662442    5.053385   -6.996566   -4.788764   -0.333216
Iteration: 226 bestvalit: 13.350000 bestmemit:    0.366696    0.021972    0.032436    0.057836    0.790045    1.232386    0.957822    1.675886    0.752853    0.111334    0.557624    0.367511    1.991180    0.085424    0.065707    0.038352   15.464732   13.662442    5.053385   -6.996566   -4.788764   -0.333216
Iteration: 227 bestvalit: 13.350000 bestmemit:    0.366696    0.021972    0.032436    0.057836    0.790045    1.232386    0.957822    1.675886    0.752853    0.111334    0.557624    0.367511    1.991180    0.085424    0.065707    0.038352   15.464732   13.662442    5.053385   -6.996566   -4.788764   -0.333216
Iteration: 228 bestvalit: 13.350000 bestmemit:    0.366696    0.021972    0.032436    0.057836    0.790045    1.232386    0.957822    1.675886    0.752853    0.111334    0.557624    0.367511    1.991180    0.085424    0.065707    0.038352   15.464732   13.662442    5.053385   -6.996566   -4.788764   -0.333216
Iteration: 229 bestvalit: 13.350000 bestmemit:    0.366696    0.021972    0.032436    0.057836    0.790045    1.232386    0.957822    1.675886    0.752853    0.111334    0.557624    0.367511    1.991180    0.085424    0.065707    0.038352   15.464732   13.662442    5.053385   -6.996566   -4.788764   -0.333216
Iteration: 230 bestvalit: 13.350000 bestmemit:    0.366696    0.021972    0.032436    0.057836    0.790045    1.232386    0.957822    1.675886    0.752853    0.111334    0.557624    0.367511    1.991180    0.085424    0.065707    0.038352   15.464732   13.662442    5.053385   -6.996566   -4.788764   -0.333216
Iteration: 231 bestvalit: 13.350000 bestmemit:    0.366696    0.021972    0.032436    0.057836    0.790045    1.232386    0.957822    1.675886    0.752853    0.111334    0.557624    0.367511    1.991180    0.085424    0.065707    0.038352   15.464732   13.662442    5.053385   -6.996566   -4.788764   -0.333216
Iteration: 232 bestvalit: 13.350000 bestmemit:    0.366696    0.021972    0.032436    0.057836    0.790045    1.232386    0.957822    1.675886    0.752853    0.111334    0.557624    0.367511    1.991180    0.085424    0.065707    0.038352   15.464732   13.662442    5.053385   -6.996566   -4.788764   -0.333216
Iteration: 233 bestvalit: 13.350000 bestmemit:    0.366696    0.021972    0.032436    0.057836    0.790045    1.232386    0.957822    1.675886    0.752853    0.111334    0.557624    0.367511    1.991180    0.085424    0.065707    0.038352   15.464732   13.662442    5.053385   -6.996566   -4.788764   -0.333216
Iteration: 234 bestvalit: 13.350000 bestmemit:    0.366696    0.021972    0.032436    0.057836    0.790045    1.232386    0.957822    1.675886    0.752853    0.111334    0.557624    0.367511    1.991180    0.085424    0.065707    0.038352   15.464732   13.662442    5.053385   -6.996566   -4.788764   -0.333216
Iteration: 235 bestvalit: 13.350000 bestmemit:    0.366696    0.021972    0.032436    0.057836    0.790045    1.232386    0.957822    1.675886    0.752853    0.111334    0.557624    0.367511    1.991180    0.085424    0.065707    0.038352   15.464732   13.662442    5.053385   -6.996566   -4.788764   -0.333216
Iteration: 236 bestvalit: 13.350000 bestmemit:    0.366696    0.021972    0.032436    0.057836    0.790045    1.232386    0.957822    1.675886    0.752853    0.111334    0.557624    0.367511    1.991180    0.085424    0.065707    0.038352   15.464732   13.662442    5.053385   -6.996566   -4.788764   -0.333216
Iteration: 237 bestvalit: 13.350000 bestmemit:    0.366696    0.021972    0.032436    0.057836    0.790045    1.232386    0.957822    1.675886    0.752853    0.111334    0.557624    0.367511    1.991180    0.085424    0.065707    0.038352   15.464732   13.662442    5.053385   -6.996566   -4.788764   -0.333216
Iteration: 238 bestvalit: 13.350000 bestmemit:    0.366696    0.021972    0.032436    0.057836    0.790045    1.232386    0.957822    1.675886    0.752853    0.111334    0.557624    0.367511    1.991180    0.085424    0.065707    0.038352   15.464732   13.662442    5.053385   -6.996566   -4.788764   -0.333216
Iteration: 239 bestvalit: 13.350000 bestmemit:    0.366696    0.021972    0.032436    0.057836    0.790045    1.232386    0.957822    1.675886    0.752853    0.111334    0.557624    0.367511    1.991180    0.085424    0.065707    0.038352   15.464732   13.662442    5.053385   -6.996566   -4.788764   -0.333216
Iteration: 240 bestvalit: 13.350000 bestmemit:    0.366696    0.021972    0.032436    0.057836    0.790045    1.232386    0.957822    1.675886    0.752853    0.111334    0.557624    0.367511    1.991180    0.085424    0.065707    0.038352   15.464732   13.662442    5.053385   -6.996566   -4.788764   -0.333216
Iteration: 241 bestvalit: 13.350000 bestmemit:    0.366696    0.021972    0.032436    0.057836    0.790045    1.232386    0.957822    1.675886    0.752853    0.111334    0.557624    0.367511    1.991180    0.085424    0.065707    0.038352   15.464732   13.662442    5.053385   -6.996566   -4.788764   -0.333216
Iteration: 242 bestvalit: 13.350000 bestmemit:    0.366696    0.021972    0.032436    0.057836    0.790045    1.232386    0.957822    1.675886    0.752853    0.111334    0.557624    0.367511    1.991180    0.085424    0.065707    0.038352   15.464732   13.662442    5.053385   -6.996566   -4.788764   -0.333216
Iteration: 243 bestvalit: 13.330000 bestmemit:    0.366696    0.021972    0.032436    0.057836    0.790045    1.232386    0.957822    1.675886    0.752853    0.111334    0.557624    0.367511    1.913885    0.085424    0.065707    0.038352   15.464732   13.662442    5.053385   -6.996566   -4.788764   -0.333216
Iteration: 244 bestvalit: 13.330000 bestmemit:    0.366696    0.021972    0.032436    0.057836    0.790045    1.232386    0.957822    1.675886    0.752853    0.111334    0.557624    0.367511    1.913885    0.085424    0.065707    0.038352   15.464732   13.662442    5.053385   -6.996566   -4.788764   -0.333216
Iteration: 245 bestvalit: 13.330000 bestmemit:    0.366696    0.021972    0.032436    0.057836    0.790045    1.232386    0.957822    1.675886    0.752853    0.111334    0.557624    0.367511    1.913885    0.085424    0.065707    0.038352   15.464732   13.662442    5.053385   -6.996566   -4.788764   -0.333216
Iteration: 246 bestvalit: 13.330000 bestmemit:    0.366696    0.021972    0.032436    0.057836    0.790045    1.232386    0.957822    1.675886    0.752853    0.111334    0.557624    0.367511    1.913885    0.085424    0.065707    0.038352   15.464732   13.662442    5.053385   -6.996566   -4.788764   -0.333216
Iteration: 247 bestvalit: 13.330000 bestmemit:    0.366696    0.021972    0.032436    0.057836    0.790045    1.232386    0.957822    1.675886    0.752853    0.111334    0.557624    0.367511    1.913885    0.085424    0.065707    0.038352   15.464732   13.662442    5.053385   -6.996566   -4.788764   -0.333216
Iteration: 248 bestvalit: 13.330000 bestmemit:    0.366696    0.021972    0.032436    0.057836    0.790045    1.232386    0.957822    1.675886    0.752853    0.111334    0.557624    0.367511    1.913885    0.085424    0.065707    0.038352   15.464732   13.662442    5.053385   -6.996566   -4.788764   -0.333216
Iteration: 249 bestvalit: 13.330000 bestmemit:    0.366696    0.021972    0.032436    0.057836    0.790045    1.232386    0.957822    1.675886    0.752853    0.111334    0.557624    0.367511    1.913885    0.085424    0.065707    0.038352   15.464732   13.662442    5.053385   -6.996566   -4.788764   -0.333216
Iteration: 250 bestvalit: 13.330000 bestmemit:    0.366696    0.021972    0.032436    0.057836    0.790045    1.232386    0.957822    1.675886    0.752853    0.111334    0.557624    0.367511    1.913885    0.085424    0.065707    0.038352   15.464732   13.662442    5.053385   -6.996566   -4.788764   -0.333216
Iteration: 251 bestvalit: 13.330000 bestmemit:    0.366696    0.021972    0.032436    0.057836    0.790045    1.232386    0.957822    1.675886    0.752853    0.111334    0.557624    0.367511    1.913885    0.085424    0.065707    0.038352   15.464732   13.662442    5.053385   -6.996566   -4.788764   -0.333216
Iteration: 252 bestvalit: 13.330000 bestmemit:    0.366696    0.021972    0.032436    0.057836    0.790045    1.232386    0.957822    1.675886    0.752853    0.111334    0.557624    0.367511    1.913885    0.085424    0.065707    0.038352   15.464732   13.662442    5.053385   -6.996566   -4.788764   -0.333216
Iteration: 253 bestvalit: 13.330000 bestmemit:    0.366696    0.021972    0.032436    0.057836    0.790045    1.232386    0.957822    1.675886    0.752853    0.111334    0.557624    0.367511    1.913885    0.085424    0.065707    0.038352   15.464732   13.662442    5.053385   -6.996566   -4.788764   -0.333216
Iteration: 254 bestvalit: 13.330000 bestmemit:    0.366696    0.021972    0.032436    0.057836    0.790045    1.232386    0.957822    1.675886    0.752853    0.111334    0.557624    0.367511    1.913885    0.085424    0.065707    0.038352   15.464732   13.662442    5.053385   -6.996566   -4.788764   -0.333216
Iteration: 255 bestvalit: 13.330000 bestmemit:    0.366696    0.021972    0.032436    0.057836    0.790045    1.232386    0.957822    1.675886    0.752853    0.111334    0.557624    0.367511    1.913885    0.085424    0.065707    0.038352   15.464732   13.662442    5.053385   -6.996566   -4.788764   -0.333216
Iteration: 256 bestvalit: 13.330000 bestmemit:    0.366696    0.021972    0.032436    0.057836    0.790045    1.232386    0.957822    1.675886    0.752853    0.111334    0.557624    0.367511    1.913885    0.085424    0.065707    0.038352   15.464732   13.662442    5.053385   -6.996566   -4.788764   -0.333216
Iteration: 257 bestvalit: 13.330000 bestmemit:    0.366696    0.021972    0.032436    0.057836    0.790045    1.232386    0.957822    1.675886    0.752853    0.111334    0.557624    0.367511    1.913885    0.085424    0.065707    0.038352   15.464732   13.662442    5.053385   -6.996566   -4.788764   -0.333216
Iteration: 258 bestvalit: 13.330000 bestmemit:    0.366696    0.021972    0.032436    0.057836    0.790045    1.232386    0.957822    1.675886    0.752853    0.111334    0.557624    0.367511    1.913885    0.085424    0.065707    0.038352   15.464732   13.662442    5.053385   -6.996566   -4.788764   -0.333216
Iteration: 259 bestvalit: 13.330000 bestmemit:    0.366696    0.021972    0.032436    0.057836    0.790045    1.232386    0.957822    1.675886    0.752853    0.111334    0.557624    0.367511    1.913885    0.085424    0.065707    0.038352   15.464732   13.662442    5.053385   -6.996566   -4.788764   -0.333216
Iteration: 260 bestvalit: 13.330000 bestmemit:    0.366696    0.021972    0.032436    0.057836    0.790045    1.232386    0.957822    1.675886    0.752853    0.111334    0.557624    0.367511    1.913885    0.085424    0.065707    0.038352   15.464732   13.662442    5.053385   -6.996566   -4.788764   -0.333216
Iteration: 261 bestvalit: 13.330000 bestmemit:    0.366696    0.021972    0.032436    0.057836    0.790045    1.232386    0.957822    1.675886    0.752853    0.111334    0.557624    0.367511    1.913885    0.085424    0.065707    0.038352   15.464732   13.662442    5.053385   -6.996566   -4.788764   -0.333216
Iteration: 262 bestvalit: 13.330000 bestmemit:    0.366696    0.021972    0.032436    0.057836    0.790045    1.232386    0.957822    1.675886    0.752853    0.111334    0.557624    0.367511    1.913885    0.085424    0.065707    0.038352   15.464732   13.662442    5.053385   -6.996566   -4.788764   -0.333216
Iteration: 263 bestvalit: 13.330000 bestmemit:    0.366696    0.021972    0.032436    0.057836    0.790045    1.232386    0.957822    1.675886    0.752853    0.111334    0.557624    0.367511    1.913885    0.085424    0.065707    0.038352   15.464732   13.662442    5.053385   -6.996566   -4.788764   -0.333216
Iteration: 264 bestvalit: 13.330000 bestmemit:    0.366696    0.021972    0.032436    0.057836    0.790045    1.232386    0.957822    1.675886    0.752853    0.111334    0.557624    0.367511    1.913885    0.085424    0.065707    0.038352   15.464732   13.662442    5.053385   -6.996566   -4.788764   -0.333216
Iteration: 265 bestvalit: 13.330000 bestmemit:    0.366696    0.021972    0.032436    0.057836    0.790045    1.232386    0.957822    1.675886    0.752853    0.111334    0.557624    0.367511    1.913885    0.085424    0.065707    0.038352   15.464732   13.662442    5.053385   -6.996566   -4.788764   -0.333216
Iteration: 266 bestvalit: 13.330000 bestmemit:    0.366696    0.021972    0.032436    0.057836    0.790045    1.232386    0.957822    1.675886    0.752853    0.111334    0.557624    0.367511    1.913885    0.085424    0.065707    0.038352   15.464732   13.662442    5.053385   -6.996566   -4.788764   -0.333216
Iteration: 267 bestvalit: 13.245000 bestmemit:    0.366696    0.021972    0.032436    0.057836    0.790045    1.232386    0.957822    1.675886    0.752853    0.111334    0.557624    0.367511    1.913885    0.085424    0.073873    0.038352   15.464732   13.662442    5.053385   -6.996566   -4.788764   -0.333216
Iteration: 268 bestvalit: 13.245000 bestmemit:    0.366696    0.021972    0.032436    0.057836    0.790045    1.232386    0.957822    1.675886    0.752853    0.111334    0.557624    0.367511    1.913885    0.085424    0.073873    0.038352   15.464732   13.662442    5.053385   -6.996566   -4.788764   -0.333216
Iteration: 269 bestvalit: 13.245000 bestmemit:    0.366696    0.021972    0.032436    0.057836    0.790045    1.232386    0.957822    1.675886    0.752853    0.111334    0.557624    0.367511    1.913885    0.085424    0.073873    0.038352   15.464732   13.662442    5.053385   -6.996566   -4.788764   -0.333216
Iteration: 270 bestvalit: 13.245000 bestmemit:    0.366696    0.021972    0.032436    0.057836    0.790045    1.232386    0.957822    1.675886    0.752853    0.111334    0.557624    0.367511    1.913885    0.085424    0.073873    0.038352   15.464732   13.662442    5.053385   -6.996566   -4.788764   -0.333216
Iteration: 271 bestvalit: 13.245000 bestmemit:    0.366696    0.021972    0.032436    0.057836    0.790045    1.232386    0.957822    1.675886    0.752853    0.111334    0.557624    0.367511    1.913885    0.085424    0.073873    0.038352   15.464732   13.662442    5.053385   -6.996566   -4.788764   -0.333216
Iteration: 272 bestvalit: 13.245000 bestmemit:    0.366696    0.021972    0.032436    0.057836    0.790045    1.232386    0.957822    1.675886    0.752853    0.111334    0.557624    0.367511    1.913885    0.085424    0.073873    0.038352   15.464732   13.662442    5.053385   -6.996566   -4.788764   -0.333216
Iteration: 273 bestvalit: 13.245000 bestmemit:    0.366696    0.021972    0.032436    0.057836    0.790045    1.232386    0.957822    1.675886    0.752853    0.111334    0.557624    0.367511    1.913885    0.085424    0.073873    0.038352   15.464732   13.662442    5.053385   -6.996566   -4.788764   -0.333216
Iteration: 274 bestvalit: 13.245000 bestmemit:    0.366696    0.021972    0.032436    0.057836    0.790045    1.232386    0.957822    1.675886    0.752853    0.111334    0.557624    0.367511    1.913885    0.085424    0.073873    0.038352   15.464732   13.662442    5.053385   -6.996566   -4.788764   -0.333216
Iteration: 275 bestvalit: 13.245000 bestmemit:    0.366696    0.021972    0.032436    0.057836    0.790045    1.232386    0.957822    1.675886    0.752853    0.111334    0.557624    0.367511    1.913885    0.085424    0.073873    0.038352   15.464732   13.662442    5.053385   -6.996566   -4.788764   -0.333216
Iteration: 276 bestvalit: 13.245000 bestmemit:    0.366696    0.021972    0.032436    0.057836    0.790045    1.232386    0.957822    1.675886    0.752853    0.111334    0.557624    0.367511    1.913885    0.085424    0.073873    0.038352   15.464732   13.662442    5.053385   -6.996566   -4.788764   -0.333216
Iteration: 277 bestvalit: 13.245000 bestmemit:    0.366696    0.021972    0.032436    0.057836    0.790045    1.232386    0.957822    1.675886    0.752853    0.111334    0.557624    0.367511    1.913885    0.085424    0.073873    0.038352   15.464732   13.662442    5.053385   -6.996566   -4.788764   -0.333216
Iteration: 278 bestvalit: 13.245000 bestmemit:    0.366696    0.021972    0.032436    0.057836    0.790045    1.232386    0.957822    1.675886    0.752853    0.111334    0.557624    0.367511    1.913885    0.085424    0.073873    0.038352   15.464732   13.662442    5.053385   -6.996566   -4.788764   -0.333216
Iteration: 279 bestvalit: 13.245000 bestmemit:    0.366696    0.021972    0.032436    0.057836    0.790045    1.232386    0.957822    1.675886    0.752853    0.111334    0.557624    0.367511    1.913885    0.085424    0.073873    0.038352   15.464732   13.662442    5.053385   -6.996566   -4.788764   -0.333216
Iteration: 280 bestvalit: 13.220000 bestmemit:    0.366696    0.021972    0.032436    0.057836    0.790045    1.232386    0.957822    1.675886    0.752853    0.111334    0.557624    0.367511    1.816051    0.085992    0.073873    0.038352   15.464732   13.662442    5.053385   -6.996566   -4.788764   -0.333216
Iteration: 281 bestvalit: 13.190000 bestmemit:    0.366696    0.021972    0.032436    0.057836    0.790045    1.232386    0.957822    1.675886    0.752853    0.111334    0.557624    0.367511    1.816051    0.085992    0.085951    0.038352   15.464732   13.662442    5.053385   -6.996566   -4.788764   -0.333216
Iteration: 282 bestvalit: 13.190000 bestmemit:    0.366696    0.021972    0.032436    0.057836    0.790045    1.232386    0.957822    1.675886    0.752853    0.111334    0.557624    0.367511    1.816051    0.085992    0.085951    0.038352   15.464732   13.662442    5.053385   -6.996566   -4.788764   -0.333216
Iteration: 283 bestvalit: 13.190000 bestmemit:    0.366696    0.021972    0.032436    0.057836    0.790045    1.232386    0.957822    1.675886    0.752853    0.111334    0.557624    0.367511    1.816051    0.085992    0.085951    0.038352   15.464732   13.662442    5.053385   -6.996566   -4.788764   -0.333216
Iteration: 284 bestvalit: 13.190000 bestmemit:    0.366696    0.021972    0.032436    0.057836    0.790045    1.232386    0.957822    1.675886    0.752853    0.111334    0.557624    0.367511    1.816051    0.085992    0.085951    0.038352   15.464732   13.662442    5.053385   -6.996566   -4.788764   -0.333216
Iteration: 285 bestvalit: 13.190000 bestmemit:    0.366696    0.021972    0.032436    0.057836    0.790045    1.232386    0.957822    1.675886    0.752853    0.111334    0.557624    0.367511    1.816051    0.085992    0.085951    0.038352   15.464732   13.662442    5.053385   -6.996566   -4.788764   -0.333216
Iteration: 286 bestvalit: 13.190000 bestmemit:    0.366696    0.021972    0.032436    0.057836    0.790045    1.232386    0.957822    1.675886    0.752853    0.111334    0.557624    0.367511    1.816051    0.085992    0.085951    0.038352   15.464732   13.662442    5.053385   -6.996566   -4.788764   -0.333216
Iteration: 287 bestvalit: 13.190000 bestmemit:    0.366696    0.021972    0.032436    0.057836    0.790045    1.232386    0.957822    1.675886    0.752853    0.111334    0.557624    0.367511    1.816051    0.085992    0.085951    0.038352   15.464732   13.662442    5.053385   -6.996566   -4.788764   -0.333216
Iteration: 288 bestvalit: 13.190000 bestmemit:    0.366696    0.021972    0.032436    0.057836    0.790045    1.232386    0.957822    1.675886    0.752853    0.111334    0.557624    0.367511    1.816051    0.085992    0.085951    0.038352   15.464732   13.662442    5.053385   -6.996566   -4.788764   -0.333216
Iteration: 289 bestvalit: 13.190000 bestmemit:    0.366696    0.021972    0.032436    0.057836    0.790045    1.232386    0.957822    1.675886    0.752853    0.111334    0.557624    0.367511    1.816051    0.085992    0.085951    0.038352   15.464732   13.662442    5.053385   -6.996566   -4.788764   -0.333216
Iteration: 290 bestvalit: 13.190000 bestmemit:    0.366696    0.021972    0.032436    0.057836    0.790045    1.232386    0.957822    1.675886    0.752853    0.111334    0.557624    0.367511    1.816051    0.085992    0.085951    0.038352   15.464732   13.662442    5.053385   -6.996566   -4.788764   -0.333216
Iteration: 291 bestvalit: 13.190000 bestmemit:    0.366696    0.021972    0.032436    0.057836    0.790045    1.232386    0.957822    1.675886    0.752853    0.111334    0.557624    0.367511    1.816051    0.085992    0.085951    0.038352   15.464732   13.662442    5.053385   -6.996566   -4.788764   -0.333216
Iteration: 292 bestvalit: 13.190000 bestmemit:    0.366696    0.021972    0.032436    0.057836    0.790045    1.232386    0.957822    1.675886    0.752853    0.111334    0.557624    0.367511    1.816051    0.085992    0.085951    0.038352   15.464732   13.662442    5.053385   -6.996566   -4.788764   -0.333216
Iteration: 293 bestvalit: 13.190000 bestmemit:    0.366696    0.021972    0.032436    0.057836    0.790045    1.232386    0.957822    1.675886    0.752853    0.111334    0.557624    0.367511    1.816051    0.085992    0.085951    0.038352   15.464732   13.662442    5.053385   -6.996566   -4.788764   -0.333216
Iteration: 294 bestvalit: 13.190000 bestmemit:    0.366696    0.021972    0.032436    0.057836    0.790045    1.232386    0.957822    1.675886    0.752853    0.111334    0.557624    0.367511    1.816051    0.085992    0.085951    0.038352   15.464732   13.662442    5.053385   -6.996566   -4.788764   -0.333216
Iteration: 295 bestvalit: 13.190000 bestmemit:    0.366696    0.021972    0.032436    0.057836    0.790045    1.232386    0.957822    1.675886    0.752853    0.111334    0.557624    0.367511    1.816051    0.085992    0.085951    0.038352   15.464732   13.662442    5.053385   -6.996566   -4.788764   -0.333216
Iteration: 296 bestvalit: 13.190000 bestmemit:    0.366696    0.021972    0.032436    0.057836    0.790045    1.232386    0.957822    1.675886    0.752853    0.111334    0.557624    0.367511    1.816051    0.085992    0.085951    0.038352   15.464732   13.662442    5.053385   -6.996566   -4.788764   -0.333216
Iteration: 297 bestvalit: 13.190000 bestmemit:    0.366696    0.021972    0.032436    0.057836    0.790045    1.232386    0.957822    1.675886    0.752853    0.111334    0.557624    0.367511    1.816051    0.085992    0.085951    0.038352   15.464732   13.662442    5.053385   -6.996566   -4.788764   -0.333216
Iteration: 298 bestvalit: 13.190000 bestmemit:    0.366696    0.021972    0.032436    0.057836    0.790045    1.232386    0.957822    1.675886    0.752853    0.111334    0.557624    0.367511    1.816051    0.085992    0.085951    0.038352   15.464732   13.662442    5.053385   -6.996566   -4.788764   -0.333216
Iteration: 299 bestvalit: 13.190000 bestmemit:    0.366696    0.021972    0.032436    0.057836    0.790045    1.232386    0.957822    1.675886    0.752853    0.111334    0.557624    0.367511    1.816051    0.085992    0.085951    0.038352   15.464732   13.662442    5.053385   -6.996566   -4.788764   -0.333216
Iteration: 300 bestvalit: 13.190000 bestmemit:    0.366696    0.021972    0.032436    0.057836    0.790045    1.232386    0.957822    1.675886    0.752853    0.111334    0.557624    0.367511    1.816051    0.085992    0.085951    0.038352   15.464732   13.662442    5.053385   -6.996566   -4.788764   -0.333216
Iteration: 301 bestvalit: 13.190000 bestmemit:    0.366696    0.021972    0.032436    0.057836    0.790045    1.232386    0.957822    1.675886    0.752853    0.111334    0.557624    0.367511    1.816051    0.085992    0.085951    0.038352   15.464732   13.662442    5.053385   -6.996566   -4.788764   -0.333216
Iteration: 302 bestvalit: 13.190000 bestmemit:    0.366696    0.021972    0.032436    0.057836    0.790045    1.232386    0.957822    1.675886    0.752853    0.111334    0.557624    0.367511    1.816051    0.085992    0.085951    0.038352   15.464732   13.662442    5.053385   -6.996566   -4.788764   -0.333216
Iteration: 303 bestvalit: 13.190000 bestmemit:    0.366696    0.021972    0.032436    0.057836    0.790045    1.232386    0.957822    1.675886    0.752853    0.111334    0.557624    0.367511    1.816051    0.085992    0.085951    0.038352   15.464732   13.662442    5.053385   -6.996566   -4.788764   -0.333216
Iteration: 304 bestvalit: 13.190000 bestmemit:    0.366696    0.021972    0.032436    0.057836    0.790045    1.232386    0.957822    1.675886    0.752853    0.111334    0.557624    0.367511    1.816051    0.085992    0.085951    0.038352   15.464732   13.662442    5.053385   -6.996566   -4.788764   -0.333216
Iteration: 305 bestvalit: 13.190000 bestmemit:    0.366696    0.021972    0.032436    0.057836    0.790045    1.232386    0.957822    1.675886    0.752853    0.111334    0.557624    0.367511    1.816051    0.085992    0.085951    0.038352   15.464732   13.662442    5.053385   -6.996566   -4.788764   -0.333216
Iteration: 306 bestvalit: 13.190000 bestmemit:    0.366696    0.021972    0.032436    0.057836    0.790045    1.232386    0.957822    1.675886    0.752853    0.111334    0.557624    0.367511    1.816051    0.085992    0.085951    0.038352   15.464732   13.662442    5.053385   -6.996566   -4.788764   -0.333216
Iteration: 307 bestvalit: 13.190000 bestmemit:    0.366696    0.021972    0.032436    0.057836    0.790045    1.232386    0.957822    1.675886    0.752853    0.111334    0.557624    0.367511    1.816051    0.085992    0.085951    0.038352   15.464732   13.662442    5.053385   -6.996566   -4.788764   -0.333216
Iteration: 308 bestvalit: 13.190000 bestmemit:    0.366696    0.021972    0.032436    0.057836    0.790045    1.232386    0.957822    1.675886    0.752853    0.111334    0.557624    0.367511    1.816051    0.085992    0.085951    0.038352   15.464732   13.662442    5.053385   -6.996566   -4.788764   -0.333216
Iteration: 309 bestvalit: 13.190000 bestmemit:    0.366696    0.021972    0.032436    0.057836    0.790045    1.232386    0.957822    1.675886    0.752853    0.111334    0.557624    0.367511    1.816051    0.085992    0.085951    0.038352   15.464732   13.662442    5.053385   -6.996566   -4.788764   -0.333216
Iteration: 310 bestvalit: 13.190000 bestmemit:    0.366696    0.021972    0.032436    0.057836    0.790045    1.232386    0.957822    1.675886    0.752853    0.111334    0.557624    0.367511    1.816051    0.085992    0.085951    0.038352   15.464732   13.662442    5.053385   -6.996566   -4.788764   -0.333216
Iteration: 311 bestvalit: 13.190000 bestmemit:    0.366696    0.021972    0.032436    0.057836    0.790045    1.232386    0.957822    1.675886    0.752853    0.111334    0.557624    0.367511    1.816051    0.085992    0.085951    0.038352   15.464732   13.662442    5.053385   -6.996566   -4.788764   -0.333216
Iteration: 312 bestvalit: 13.190000 bestmemit:    0.366696    0.021972    0.032436    0.057836    0.790045    1.232386    0.957822    1.675886    0.752853    0.111334    0.557624    0.367511    1.816051    0.085992    0.085951    0.038352   15.464732   13.662442    5.053385   -6.996566   -4.788764   -0.333216
Iteration: 313 bestvalit: 13.190000 bestmemit:    0.366696    0.021972    0.032436    0.057836    0.790045    1.232386    0.957822    1.675886    0.752853    0.111334    0.557624    0.367511    1.816051    0.085992    0.085951    0.038352   15.464732   13.662442    5.053385   -6.996566   -4.788764   -0.333216
Iteration: 314 bestvalit: 13.190000 bestmemit:    0.366696    0.021972    0.032436    0.057836    0.790045    1.232386    0.957822    1.675886    0.752853    0.111334    0.557624    0.367511    1.816051    0.085992    0.085951    0.038352   15.464732   13.662442    5.053385   -6.996566   -4.788764   -0.333216
Iteration: 315 bestvalit: 13.190000 bestmemit:    0.366696    0.021972    0.032436    0.057836    0.790045    1.232386    0.957822    1.675886    0.752853    0.111334    0.557624    0.367511    1.816051    0.085992    0.085951    0.038352   15.464732   13.662442    5.053385   -6.996566   -4.788764   -0.333216
Iteration: 316 bestvalit: 13.190000 bestmemit:    0.366696    0.021972    0.032436    0.057836    0.790045    1.232386    0.957822    1.675886    0.752853    0.111334    0.557624    0.367511    1.816051    0.085992    0.085951    0.038352   15.464732   13.662442    5.053385   -6.996566   -4.788764   -0.333216
Iteration: 317 bestvalit: 13.190000 bestmemit:    0.366696    0.021972    0.032436    0.057836    0.790045    1.232386    0.957822    1.675886    0.752853    0.111334    0.557624    0.367511    1.816051    0.085992    0.085951    0.038352   15.464732   13.662442    5.053385   -6.996566   -4.788764   -0.333216
Iteration: 318 bestvalit: 13.190000 bestmemit:    0.366696    0.021972    0.032436    0.057836    0.790045    1.232386    0.957822    1.675886    0.752853    0.111334    0.557624    0.367511    1.816051    0.085992    0.085951    0.038352   15.464732   13.662442    5.053385   -6.996566   -4.788764   -0.333216
Iteration: 319 bestvalit: 13.190000 bestmemit:    0.366696    0.021972    0.032436    0.057836    0.790045    1.232386    0.957822    1.675886    0.752853    0.111334    0.557624    0.367511    1.816051    0.085992    0.085951    0.038352   15.464732   13.662442    5.053385   -6.996566   -4.788764   -0.333216
Iteration: 320 bestvalit: 13.190000 bestmemit:    0.366696    0.021972    0.032436    0.057836    0.790045    1.232386    0.957822    1.675886    0.752853    0.111334    0.557624    0.367511    1.816051    0.085992    0.085951    0.038352   15.464732   13.662442    5.053385   -6.996566   -4.788764   -0.333216
Iteration: 321 bestvalit: 13.190000 bestmemit:    0.366696    0.021972    0.032436    0.057836    0.790045    1.232386    0.957822    1.675886    0.752853    0.111334    0.557624    0.367511    1.816051    0.085992    0.085951    0.038352   15.464732   13.662442    5.053385   -6.996566   -4.788764   -0.333216
Iteration: 322 bestvalit: 13.190000 bestmemit:    0.366696    0.021972    0.032436    0.057836    0.790045    1.232386    0.957822    1.675886    0.752853    0.111334    0.557624    0.367511    1.816051    0.085992    0.085951    0.038352   15.464732   13.662442    5.053385   -6.996566   -4.788764   -0.333216
Iteration: 323 bestvalit: 13.190000 bestmemit:    0.366696    0.021972    0.032436    0.057836    0.790045    1.232386    0.957822    1.675886    0.752853    0.111334    0.557624    0.367511    1.816051    0.085992    0.085951    0.038352   15.464732   13.662442    5.053385   -6.996566   -4.788764   -0.333216
Iteration: 324 bestvalit: 13.190000 bestmemit:    0.366696    0.021972    0.032436    0.057836    0.790045    1.232386    0.957822    1.675886    0.752853    0.111334    0.557624    0.367511    1.816051    0.085992    0.085951    0.038352   15.464732   13.662442    5.053385   -6.996566   -4.788764   -0.333216
Iteration: 325 bestvalit: 13.190000 bestmemit:    0.366696    0.021972    0.032436    0.057836    0.790045    1.232386    0.957822    1.675886    0.752853    0.111334    0.557624    0.367511    1.816051    0.085992    0.085951    0.038352   15.464732   13.662442    5.053385   -6.996566   -4.788764   -0.333216
Iteration: 326 bestvalit: 13.190000 bestmemit:    0.366696    0.021972    0.032436    0.057836    0.790045    1.232386    0.957822    1.675886    0.752853    0.111334    0.557624    0.367511    1.816051    0.085992    0.085951    0.038352   15.464732   13.662442    5.053385   -6.996566   -4.788764   -0.333216
Iteration: 327 bestvalit: 13.190000 bestmemit:    0.366696    0.021972    0.032436    0.057836    0.790045    1.232386    0.957822    1.675886    0.752853    0.111334    0.557624    0.367511    1.816051    0.085992    0.085951    0.038352   15.464732   13.662442    5.053385   -6.996566   -4.788764   -0.333216
Iteration: 328 bestvalit: 13.190000 bestmemit:    0.366696    0.021972    0.032436    0.057836    0.790045    1.232386    0.957822    1.675886    0.752853    0.111334    0.557624    0.367511    1.816051    0.085992    0.085951    0.038352   15.464732   13.662442    5.053385   -6.996566   -4.788764   -0.333216
Iteration: 329 bestvalit: 13.190000 bestmemit:    0.366696    0.021972    0.032436    0.057836    0.790045    1.232386    0.957822    1.675886    0.752853    0.111334    0.557624    0.367511    1.816051    0.085992    0.085951    0.038352   15.464732   13.662442    5.053385   -6.996566   -4.788764   -0.333216
Iteration: 330 bestvalit: 13.190000 bestmemit:    0.366696    0.021972    0.032436    0.057836    0.790045    1.232386    0.957822    1.675886    0.752853    0.111334    0.557624    0.367511    1.816051    0.085992    0.085951    0.038352   15.464732   13.662442    5.053385   -6.996566   -4.788764   -0.333216
Iteration: 331 bestvalit: 13.190000 bestmemit:    0.366696    0.021972    0.032436    0.057836    0.790045    1.232386    0.957822    1.675886    0.752853    0.111334    0.557624    0.367511    1.816051    0.085992    0.085951    0.038352   15.464732   13.662442    5.053385   -6.996566   -4.788764   -0.333216
Iteration: 332 bestvalit: 13.190000 bestmemit:    0.366696    0.021972    0.032436    0.057836    0.790045    1.232386    0.957822    1.675886    0.752853    0.111334    0.557624    0.367511    1.816051    0.085992    0.085951    0.038352   15.464732   13.662442    5.053385   -6.996566   -4.788764   -0.333216
Iteration: 333 bestvalit: 13.190000 bestmemit:    0.366696    0.021972    0.032436    0.057836    0.790045    1.232386    0.957822    1.675886    0.752853    0.111334    0.557624    0.367511    1.816051    0.085992    0.085951    0.038352   15.464732   13.662442    5.053385   -6.996566   -4.788764   -0.333216
Iteration: 334 bestvalit: 13.190000 bestmemit:    0.366696    0.021972    0.032436    0.057836    0.790045    1.232386    0.957822    1.675886    0.752853    0.111334    0.557624    0.367511    1.816051    0.085992    0.085951    0.038352   15.464732   13.662442    5.053385   -6.996566   -4.788764   -0.333216
Iteration: 335 bestvalit: 13.190000 bestmemit:    0.366696    0.021972    0.032436    0.057836    0.790045    1.232386    0.957822    1.675886    0.752853    0.111334    0.557624    0.367511    1.816051    0.085992    0.085951    0.038352   15.464732   13.662442    5.053385   -6.996566   -4.788764   -0.333216
Iteration: 336 bestvalit: 13.190000 bestmemit:    0.366696    0.021972    0.032436    0.057836    0.790045    1.232386    0.957822    1.675886    0.752853    0.111334    0.557624    0.367511    1.816051    0.085992    0.085951    0.038352   15.464732   13.662442    5.053385   -6.996566   -4.788764   -0.333216
Iteration: 337 bestvalit: 13.190000 bestmemit:    0.366696    0.021972    0.032436    0.057836    0.790045    1.232386    0.957822    1.675886    0.752853    0.111334    0.557624    0.367511    1.816051    0.085992    0.085951    0.038352   15.464732   13.662442    5.053385   -6.996566   -4.788764   -0.333216
Iteration: 338 bestvalit: 13.190000 bestmemit:    0.366696    0.021972    0.032436    0.057836    0.790045    1.232386    0.957822    1.675886    0.752853    0.111334    0.557624    0.367511    1.816051    0.085992    0.085951    0.038352   15.464732   13.662442    5.053385   -6.996566   -4.788764   -0.333216
Iteration: 339 bestvalit: 13.190000 bestmemit:    0.366696    0.021972    0.032436    0.057836    0.790045    1.232386    0.957822    1.675886    0.752853    0.111334    0.557624    0.367511    1.816051    0.085992    0.085951    0.038352   15.464732   13.662442    5.053385   -6.996566   -4.788764   -0.333216
Iteration: 340 bestvalit: 13.190000 bestmemit:    0.366696    0.021972    0.032436    0.057836    0.790045    1.232386    0.957822    1.675886    0.752853    0.111334    0.557624    0.367511    1.816051    0.085992    0.085951    0.038352   15.464732   13.662442    5.053385   -6.996566   -4.788764   -0.333216
Iteration: 341 bestvalit: 13.190000 bestmemit:    0.366696    0.021972    0.032436    0.057836    0.790045    1.232386    0.957822    1.675886    0.752853    0.111334    0.557624    0.367511    1.816051    0.085992    0.085951    0.038352   15.464732   13.662442    5.053385   -6.996566   -4.788764   -0.333216
Iteration: 342 bestvalit: 13.190000 bestmemit:    0.366696    0.021972    0.032436    0.057836    0.790045    1.232386    0.957822    1.675886    0.752853    0.111334    0.557624    0.367511    1.816051    0.085992    0.085951    0.038352   15.464732   13.662442    5.053385   -6.996566   -4.788764   -0.333216
Iteration: 343 bestvalit: 13.190000 bestmemit:    0.366696    0.021972    0.032436    0.057836    0.790045    1.232386    0.957822    1.675886    0.752853    0.111334    0.557624    0.367511    1.816051    0.085992    0.085951    0.038352   15.464732   13.662442    5.053385   -6.996566   -4.788764   -0.333216
Iteration: 344 bestvalit: 13.190000 bestmemit:    0.366696    0.021972    0.032436    0.057836    0.790045    1.232386    0.957822    1.675886    0.752853    0.111334    0.557624    0.367511    1.816051    0.085992    0.085951    0.038352   15.464732   13.662442    5.053385   -6.996566   -4.788764   -0.333216
Iteration: 345 bestvalit: 13.190000 bestmemit:    0.366696    0.021972    0.032436    0.057836    0.790045    1.232386    0.957822    1.675886    0.752853    0.111334    0.557624    0.367511    1.816051    0.085992    0.085951    0.038352   15.464732   13.662442    5.053385   -6.996566   -4.788764   -0.333216
Iteration: 346 bestvalit: 13.190000 bestmemit:    0.366696    0.021972    0.032436    0.057836    0.790045    1.232386    0.957822    1.675886    0.752853    0.111334    0.557624    0.367511    1.816051    0.085992    0.085951    0.038352   15.464732   13.662442    5.053385   -6.996566   -4.788764   -0.333216
Iteration: 347 bestvalit: 13.190000 bestmemit:    0.366696    0.021972    0.032436    0.057836    0.790045    1.232386    0.957822    1.675886    0.752853    0.111334    0.557624    0.367511    1.816051    0.085992    0.085951    0.038352   15.464732   13.662442    5.053385   -6.996566   -4.788764   -0.333216
Iteration: 348 bestvalit: 13.190000 bestmemit:    0.366696    0.021972    0.032436    0.057836    0.790045    1.232386    0.957822    1.675886    0.752853    0.111334    0.557624    0.367511    1.816051    0.085992    0.085951    0.038352   15.464732   13.662442    5.053385   -6.996566   -4.788764   -0.333216
Iteration: 349 bestvalit: 13.190000 bestmemit:    0.366696    0.021972    0.032436    0.057836    0.790045    1.232386    0.957822    1.675886    0.752853    0.111334    0.557624    0.367511    1.816051    0.085992    0.085951    0.038352   15.464732   13.662442    5.053385   -6.996566   -4.788764   -0.333216
Iteration: 350 bestvalit: 13.190000 bestmemit:    0.366696    0.021972    0.032436    0.057836    0.790045    1.232386    0.957822    1.675886    0.752853    0.111334    0.557624    0.367511    1.816051    0.085992    0.085951    0.038352   15.464732   13.662442    5.053385   -6.996566   -4.788764   -0.333216
Iteration: 351 bestvalit: 13.190000 bestmemit:    0.366696    0.021972    0.032436    0.057836    0.790045    1.232386    0.957822    1.675886    0.752853    0.111334    0.557624    0.367511    1.816051    0.085992    0.085951    0.038352   15.464732   13.662442    5.053385   -6.996566   -4.788764   -0.333216
Iteration: 352 bestvalit: 13.190000 bestmemit:    0.366696    0.021972    0.032436    0.057836    0.790045    1.232386    0.957822    1.675886    0.752853    0.111334    0.557624    0.367511    1.816051    0.085992    0.085951    0.038352   15.464732   13.662442    5.053385   -6.996566   -4.788764   -0.333216
Iteration: 353 bestvalit: 13.190000 bestmemit:    0.366696    0.021972    0.032436    0.057836    0.790045    1.232386    0.957822    1.675886    0.752853    0.111334    0.557624    0.367511    1.816051    0.085992    0.085951    0.038352   15.464732   13.662442    5.053385   -6.996566   -4.788764   -0.333216
Iteration: 354 bestvalit: 13.190000 bestmemit:    0.366696    0.021972    0.032436    0.057836    0.790045    1.232386    0.957822    1.675886    0.752853    0.111334    0.557624    0.367511    1.816051    0.085992    0.085951    0.038352   15.464732   13.662442    5.053385   -6.996566   -4.788764   -0.333216
Iteration: 355 bestvalit: 13.190000 bestmemit:    0.366696    0.021972    0.032436    0.057836    0.790045    1.232386    0.957822    1.675886    0.752853    0.111334    0.557624    0.367511    1.816051    0.085992    0.085951    0.038352   15.464732   13.662442    5.053385   -6.996566   -4.788764   -0.333216
Iteration: 356 bestvalit: 13.190000 bestmemit:    0.366696    0.021972    0.032436    0.057836    0.790045    1.232386    0.957822    1.675886    0.752853    0.111334    0.557624    0.367511    1.816051    0.085992    0.085951    0.038352   15.464732   13.662442    5.053385   -6.996566   -4.788764   -0.333216
Iteration: 357 bestvalit: 13.190000 bestmemit:    0.366696    0.021972    0.032436    0.057836    0.790045    1.232386    0.957822    1.675886    0.752853    0.111334    0.557624    0.367511    1.816051    0.085992    0.085951    0.038352   15.464732   13.662442    5.053385   -6.996566   -4.788764   -0.333216
Iteration: 358 bestvalit: 13.190000 bestmemit:    0.366696    0.021972    0.032436    0.057836    0.790045    1.232386    0.957822    1.675886    0.752853    0.111334    0.557624    0.367511    1.816051    0.085992    0.085951    0.038352   15.464732   13.662442    5.053385   -6.996566   -4.788764   -0.333216
Iteration: 359 bestvalit: 13.190000 bestmemit:    0.366696    0.021972    0.032436    0.057836    0.790045    1.232386    0.957822    1.675886    0.752853    0.111334    0.557624    0.367511    1.816051    0.085992    0.085951    0.038352   15.464732   13.662442    5.053385   -6.996566   -4.788764   -0.333216
Iteration: 360 bestvalit: 13.190000 bestmemit:    0.366696    0.021972    0.032436    0.057836    0.790045    1.232386    0.957822    1.675886    0.752853    0.111334    0.557624    0.367511    1.816051    0.085992    0.085951    0.038352   15.464732   13.662442    5.053385   -6.996566   -4.788764   -0.333216
Iteration: 361 bestvalit: 13.190000 bestmemit:    0.366696    0.021972    0.032436    0.057836    0.790045    1.232386    0.957822    1.675886    0.752853    0.111334    0.557624    0.367511    1.816051    0.085992    0.085951    0.038352   15.464732   13.662442    5.053385   -6.996566   -4.788764   -0.333216
Iteration: 362 bestvalit: 13.190000 bestmemit:    0.366696    0.021972    0.032436    0.057836    0.790045    1.232386    0.957822    1.675886    0.752853    0.111334    0.557624    0.367511    1.816051    0.085992    0.085951    0.038352   15.464732   13.662442    5.053385   -6.996566   -4.788764   -0.333216
Iteration: 363 bestvalit: 13.190000 bestmemit:    0.366696    0.021972    0.032436    0.057836    0.790045    1.232386    0.957822    1.675886    0.752853    0.111334    0.557624    0.367511    1.816051    0.085992    0.085951    0.038352   15.464732   13.662442    5.053385   -6.996566   -4.788764   -0.333216
Iteration: 364 bestvalit: 13.190000 bestmemit:    0.366696    0.021972    0.032436    0.057836    0.790045    1.232386    0.957822    1.675886    0.752853    0.111334    0.557624    0.367511    1.816051    0.085992    0.085951    0.038352   15.464732   13.662442    5.053385   -6.996566   -4.788764   -0.333216
Iteration: 365 bestvalit: 13.190000 bestmemit:    0.366696    0.021972    0.032436    0.057836    0.790045    1.232386    0.957822    1.675886    0.752853    0.111334    0.557624    0.367511    1.816051    0.085992    0.085951    0.038352   15.464732   13.662442    5.053385   -6.996566   -4.788764   -0.333216
Iteration: 366 bestvalit: 13.190000 bestmemit:    0.366696    0.021972    0.032436    0.057836    0.790045    1.232386    0.957822    1.675886    0.752853    0.111334    0.557624    0.367511    1.816051    0.085992    0.085951    0.038352   15.464732   13.662442    5.053385   -6.996566   -4.788764   -0.333216
Iteration: 367 bestvalit: 13.190000 bestmemit:    0.366696    0.021972    0.032436    0.057836    0.790045    1.232386    0.957822    1.675886    0.752853    0.111334    0.557624    0.367511    1.816051    0.085992    0.085951    0.038352   15.464732   13.662442    5.053385   -6.996566   -4.788764   -0.333216
Iteration: 368 bestvalit: 13.190000 bestmemit:    0.366696    0.021972    0.032436    0.057836    0.790045    1.232386    0.957822    1.675886    0.752853    0.111334    0.557624    0.367511    1.816051    0.085992    0.085951    0.038352   15.464732   13.662442    5.053385   -6.996566   -4.788764   -0.333216
Iteration: 369 bestvalit: 13.015000 bestmemit:    0.366696    0.021972    0.032436    0.057236    0.790045    1.232386    0.957822    1.675886    0.752853    0.111334    0.557624    0.367511    1.816051    0.085992    0.085951    0.038352   15.464732   13.662442    5.053385   -6.996566   -4.788764   -0.333216
Iteration: 370 bestvalit: 13.015000 bestmemit:    0.366696    0.021972    0.032436    0.057236    0.790045    1.232386    0.957822    1.675886    0.752853    0.111334    0.557624    0.367511    1.816051    0.085992    0.085951    0.038352   15.464732   13.662442    5.053385   -6.996566   -4.788764   -0.333216
Iteration: 371 bestvalit: 13.015000 bestmemit:    0.366696    0.021972    0.032436    0.057236    0.790045    1.232386    0.957822    1.675886    0.752853    0.111334    0.557624    0.367511    1.816051    0.085992    0.085951    0.038352   15.464732   13.662442    5.053385   -6.996566   -4.788764   -0.333216
Iteration: 372 bestvalit: 13.015000 bestmemit:    0.366696    0.021972    0.032436    0.057236    0.790045    1.232386    0.957822    1.675886    0.752853    0.111334    0.557624    0.367511    1.816051    0.085992    0.085951    0.038352   15.464732   13.662442    5.053385   -6.996566   -4.788764   -0.333216
Iteration: 373 bestvalit: 13.015000 bestmemit:    0.366696    0.021972    0.032436    0.057236    0.790045    1.232386    0.957822    1.675886    0.752853    0.111334    0.557624    0.367511    1.816051    0.085992    0.085951    0.038352   15.464732   13.662442    5.053385   -6.996566   -4.788764   -0.333216
Iteration: 374 bestvalit: 13.015000 bestmemit:    0.366696    0.021972    0.032436    0.057236    0.790045    1.232386    0.957822    1.675886    0.752853    0.111334    0.557624    0.367511    1.816051    0.085992    0.085951    0.038352   15.464732   13.662442    5.053385   -6.996566   -4.788764   -0.333216
Iteration: 375 bestvalit: 13.015000 bestmemit:    0.366696    0.021972    0.032436    0.057236    0.790045    1.232386    0.957822    1.675886    0.752853    0.111334    0.557624    0.367511    1.816051    0.085992    0.085951    0.038352   15.464732   13.662442    5.053385   -6.996566   -4.788764   -0.333216
Iteration: 376 bestvalit: 13.015000 bestmemit:    0.366696    0.021972    0.032436    0.057236    0.790045    1.232386    0.957822    1.675886    0.752853    0.111334    0.557624    0.367511    1.816051    0.085992    0.085951    0.038352   15.464732   13.662442    5.053385   -6.996566   -4.788764   -0.333216
Iteration: 377 bestvalit: 13.015000 bestmemit:    0.366696    0.021972    0.032436    0.057236    0.790045    1.232386    0.957822    1.675886    0.752853    0.111334    0.557624    0.367511    1.816051    0.085992    0.085951    0.038352   15.464732   13.662442    5.053385   -6.996566   -4.788764   -0.333216
Iteration: 378 bestvalit: 13.015000 bestmemit:    0.366696    0.021972    0.032436    0.057236    0.790045    1.232386    0.957822    1.675886    0.752853    0.111334    0.557624    0.367511    1.816051    0.085992    0.085951    0.038352   15.464732   13.662442    5.053385   -6.996566   -4.788764   -0.333216
Iteration: 379 bestvalit: 13.015000 bestmemit:    0.366696    0.021972    0.032436    0.057236    0.790045    1.232386    0.957822    1.675886    0.752853    0.111334    0.557624    0.367511    1.816051    0.085992    0.085951    0.038352   15.464732   13.662442    5.053385   -6.996566   -4.788764   -0.333216
Iteration: 380 bestvalit: 13.015000 bestmemit:    0.366696    0.021972    0.032436    0.057236    0.790045    1.232386    0.957822    1.675886    0.752853    0.111334    0.557624    0.367511    1.816051    0.085992    0.085951    0.038352   15.464732   13.662442    5.053385   -6.996566   -4.788764   -0.333216
Iteration: 381 bestvalit: 13.015000 bestmemit:    0.366696    0.021972    0.032436    0.057236    0.790045    1.232386    0.957822    1.675886    0.752853    0.111334    0.557624    0.367511    1.816051    0.085992    0.085951    0.038352   15.464732   13.662442    5.053385   -6.996566   -4.788764   -0.333216
Iteration: 382 bestvalit: 13.015000 bestmemit:    0.366696    0.021972    0.032436    0.057236    0.790045    1.232386    0.957822    1.675886    0.752853    0.111334    0.557624    0.367511    1.816051    0.085992    0.085951    0.038352   15.464732   13.662442    5.053385   -6.996566   -4.788764   -0.333216
Iteration: 383 bestvalit: 13.015000 bestmemit:    0.366696    0.021972    0.032436    0.057236    0.790045    1.232386    0.957822    1.675886    0.752853    0.111334    0.557624    0.367511    1.816051    0.085992    0.085951    0.038352   15.464732   13.662442    5.053385   -6.996566   -4.788764   -0.333216
Iteration: 384 bestvalit: 13.015000 bestmemit:    0.366696    0.021972    0.032436    0.057236    0.790045    1.232386    0.957822    1.675886    0.752853    0.111334    0.557624    0.367511    1.816051    0.085992    0.085951    0.038352   15.464732   13.662442    5.053385   -6.996566   -4.788764   -0.333216
Iteration: 385 bestvalit: 13.015000 bestmemit:    0.366696    0.021972    0.032436    0.057236    0.790045    1.232386    0.957822    1.675886    0.752853    0.111334    0.557624    0.367511    1.816051    0.085992    0.085951    0.038352   15.464732   13.662442    5.053385   -6.996566   -4.788764   -0.333216
Iteration: 386 bestvalit: 13.015000 bestmemit:    0.366696    0.021972    0.032436    0.057236    0.790045    1.232386    0.957822    1.675886    0.752853    0.111334    0.557624    0.367511    1.816051    0.085992    0.085951    0.038352   15.464732   13.662442    5.053385   -6.996566   -4.788764   -0.333216
Iteration: 387 bestvalit: 13.015000 bestmemit:    0.366696    0.021972    0.032436    0.057236    0.790045    1.232386    0.957822    1.675886    0.752853    0.111334    0.557624    0.367511    1.816051    0.085992    0.085951    0.038352   15.464732   13.662442    5.053385   -6.996566   -4.788764   -0.333216
Iteration: 388 bestvalit: 13.015000 bestmemit:    0.366696    0.021972    0.032436    0.057236    0.790045    1.232386    0.957822    1.675886    0.752853    0.111334    0.557624    0.367511    1.816051    0.085992    0.085951    0.038352   15.464732   13.662442    4.968799   -6.996566   -4.788764   -0.333216
Iteration: 389 bestvalit: 13.015000 bestmemit:    0.366696    0.021972    0.032436    0.057236    0.790045    1.232386    0.957822    1.675886    0.752853    0.111334    0.557624    0.367511    1.816051    0.085992    0.085951    0.038352   15.464732   13.662442    4.968799   -6.996566   -4.788764   -0.333216
Iteration: 390 bestvalit: 13.015000 bestmemit:    0.366696    0.021972    0.032436    0.057236    0.790045    1.232386    0.957822    1.675886    0.752853    0.111334    0.557624    0.367511    1.816051    0.085992    0.085951    0.038352   15.464732   13.662442    4.968799   -6.996566   -4.788764   -0.333216
Iteration: 391 bestvalit: 13.015000 bestmemit:    0.366696    0.021972    0.032436    0.057236    0.790045    1.232386    0.957822    1.675886    0.752853    0.111334    0.557624    0.367511    1.816051    0.085992    0.085951    0.038352   15.464732   13.662442    4.968799   -6.996566   -4.788764   -0.333216
Iteration: 392 bestvalit: 13.015000 bestmemit:    0.366696    0.021972    0.032436    0.057236    0.790045    1.232386    0.957822    1.675886    0.752853    0.111334    0.557624    0.367511    1.816051    0.085992    0.085951    0.038352   15.464732   13.662442    4.968799   -6.996566   -4.788764   -0.333216
Iteration: 393 bestvalit: 13.015000 bestmemit:    0.366696    0.021972    0.032436    0.057236    0.790045    1.232386    0.957822    1.675886    0.752853    0.111334    0.557624    0.367511    1.816051    0.085992    0.085951    0.038352   15.464732   13.662442    4.968799   -6.996566   -4.788764   -0.333216
Iteration: 394 bestvalit: 13.015000 bestmemit:    0.366696    0.021972    0.032436    0.057236    0.790045    1.232386    0.957822    1.675886    0.752853    0.111334    0.557624    0.367511    1.816051    0.085992    0.085951    0.038352   15.464732   13.662442    4.968799   -6.996566   -4.788764   -0.333216
Iteration: 395 bestvalit: 13.015000 bestmemit:    0.366696    0.021972    0.032436    0.057236    0.790045    1.232386    0.957822    1.675886    0.752853    0.111334    0.557624    0.367511    1.816051    0.085992    0.085951    0.038352   15.464732   13.662442    4.968799   -6.996566   -4.788764   -0.333216
Iteration: 396 bestvalit: 13.015000 bestmemit:    0.366696    0.021972    0.032436    0.057236    0.790045    1.232386    0.957822    1.675886    0.752853    0.111334    0.557624    0.367511    1.816051    0.085992    0.085951    0.038352   15.464732   13.662442    4.968799   -6.996566   -4.788764   -0.333216
Iteration: 397 bestvalit: 13.015000 bestmemit:    0.366696    0.021972    0.032436    0.057236    0.790045    1.232386    0.957822    1.675886    0.752853    0.111334    0.557624    0.367511    1.816051    0.085992    0.085951    0.038352   15.464732   13.662442    4.968799   -6.996566   -4.788764   -0.333216
Iteration: 398 bestvalit: 13.015000 bestmemit:    0.366696    0.021972    0.032436    0.057236    0.790045    1.232386    0.957822    1.675886    0.752853    0.111334    0.557624    0.367511    1.816051    0.085992    0.085951    0.038352   15.464732   13.662442    4.968799   -6.996566   -4.788764   -0.333216
Iteration: 399 bestvalit: 13.015000 bestmemit:    0.366696    0.021972    0.032436    0.057236    0.790045    1.232386    0.957822    1.675886    0.752853    0.111334    0.557624    0.367511    1.816051    0.085992    0.085951    0.038352   15.464732   13.662442    4.968799   -6.996566   -4.788764   -0.333216
Iteration: 400 bestvalit: 13.015000 bestmemit:    0.366696    0.021972    0.032436    0.057236    0.790045    1.232386    0.957822    1.675886    0.752853    0.111334    0.557624    0.367511    1.816051    0.085992    0.085951    0.038352   15.464732   13.662442    4.968799   -6.996566   -4.788764   -0.333216
Iteration: 401 bestvalit: 13.015000 bestmemit:    0.366696    0.021972    0.032436    0.057236    0.790045    1.232386    0.957822    1.675886    0.752853    0.111334    0.557624    0.367511    1.816051    0.085992    0.085951    0.038352   15.464732   13.662442    4.968799   -6.996566   -4.788764   -0.333216
Iteration: 402 bestvalit: 13.015000 bestmemit:    0.366696    0.021972    0.032436    0.057236    0.790045    1.232386    0.957822    1.675886    0.752853    0.111334    0.557624    0.367511    1.816051    0.085992    0.085951    0.038352   15.464732   13.662442    4.968799   -6.996566   -4.788764   -0.333216
Iteration: 403 bestvalit: 13.015000 bestmemit:    0.366696    0.021972    0.032436    0.057236    0.790045    1.232386    0.957822    1.675886    0.752853    0.111334    0.557624    0.367511    1.816051    0.085992    0.085951    0.038352   15.464732   13.662442    4.968799   -6.996566   -4.788764   -0.333216
Iteration: 404 bestvalit: 13.015000 bestmemit:    0.366696    0.021972    0.032436    0.057236    0.790045    1.232386    0.957822    1.675886    0.752853    0.111334    0.557624    0.367511    1.816051    0.085992    0.085951    0.038352   15.464732   13.662442    4.968799   -6.996566   -4.788764   -0.333216
Iteration: 405 bestvalit: 13.015000 bestmemit:    0.366696    0.021972    0.032436    0.057236    0.790045    1.232386    0.957822    1.675886    0.752853    0.111334    0.557624    0.367511    1.816051    0.085992    0.085951    0.038352   15.464732   13.662442    4.968799   -6.996566   -4.788764   -0.333216
Iteration: 406 bestvalit: 13.015000 bestmemit:    0.366696    0.021972    0.032436    0.057236    0.790045    1.232386    0.957822    1.675886    0.752853    0.111334    0.557624    0.367511    1.816051    0.085992    0.085951    0.038352   15.464732   13.662442    4.968799   -6.996566   -4.788764   -0.333216
Iteration: 407 bestvalit: 13.015000 bestmemit:    0.366696    0.021972    0.032436    0.057236    0.790045    1.232386    0.957822    1.675886    0.752853    0.111334    0.557624    0.367511    1.816051    0.085992    0.085951    0.038352   15.464732   13.662442    4.968799   -6.996566   -4.788764   -0.333216
Iteration: 408 bestvalit: 13.015000 bestmemit:    0.366696    0.021972    0.032436    0.057236    0.790045    1.232386    0.957822    1.675886    0.752853    0.111334    0.557624    0.367511    1.816051    0.085992    0.085951    0.038352   15.464732   13.662442    4.968799   -6.996566   -4.788764   -0.333216
Iteration: 409 bestvalit: 13.015000 bestmemit:    0.366696    0.021972    0.032436    0.057236    0.790045    1.232386    0.957822    1.675886    0.752853    0.111334    0.557624    0.367511    1.816051    0.085992    0.085951    0.038352   15.464732   13.662442    4.968799   -6.996566   -4.788764   -0.333216
Iteration: 410 bestvalit: 13.015000 bestmemit:    0.366696    0.021972    0.032436    0.057236    0.790045    1.232386    0.957822    1.675886    0.752853    0.111334    0.557624    0.367511    1.816051    0.085992    0.085951    0.038352   15.464732   13.662442    4.968799   -6.996566   -4.788764   -0.333216
Iteration: 411 bestvalit: 13.015000 bestmemit:    0.366696    0.021972    0.032436    0.057236    0.790045    1.232386    0.957822    1.675886    0.752853    0.111334    0.557624    0.367511    1.816051    0.085992    0.085951    0.038352   15.464732   13.662442    4.968799   -6.996566   -4.788764   -0.333216
Iteration: 412 bestvalit: 13.015000 bestmemit:    0.366696    0.021972    0.032436    0.057236    0.790045    1.232386    0.957822    1.675886    0.752853    0.111334    0.557624    0.367511    1.816051    0.085992    0.085951    0.038352   15.464732   13.662442    4.968799   -6.996566   -4.788764   -0.333216
Iteration: 413 bestvalit: 13.015000 bestmemit:    0.366696    0.021972    0.032436    0.057236    0.790045    1.232386    0.957822    1.675886    0.752853    0.111334    0.557624    0.367511    1.816051    0.085992    0.085951    0.038352   15.464732   13.662442    4.968799   -6.996566   -4.788764   -0.333216
Iteration: 414 bestvalit: 13.015000 bestmemit:    0.366696    0.021972    0.032436    0.057236    0.790045    1.232386    0.957822    1.675886    0.752853    0.111334    0.557624    0.367511    1.816051    0.085992    0.085951    0.038352   15.464732   13.662442    4.968799   -6.996566   -4.788764   -0.333216
Iteration: 415 bestvalit: 13.015000 bestmemit:    0.366696    0.021972    0.032436    0.057236    0.790045    1.232386    0.957822    1.675886    0.752853    0.111334    0.557624    0.367511    1.816051    0.085992    0.085951    0.038352   15.464732   13.662442    4.968799   -6.996566   -4.788764   -0.333216
Iteration: 416 bestvalit: 13.015000 bestmemit:    0.366696    0.021972    0.032436    0.057236    0.790045    1.232386    0.957822    1.675886    0.752853    0.111334    0.557624    0.367511    1.816051    0.085992    0.085951    0.038352   15.464732   13.662442    4.968799   -6.996566   -4.788764   -0.333216
Iteration: 417 bestvalit: 13.015000 bestmemit:    0.366696    0.021972    0.032436    0.057236    0.790045    1.232386    0.957822    1.675886    0.752853    0.111334    0.557624    0.367511    1.816051    0.085992    0.085951    0.038352   15.464732   13.662442    4.968799   -6.996566   -4.788764   -0.333216
Iteration: 418 bestvalit: 13.015000 bestmemit:    0.366696    0.021972    0.032436    0.057236    0.790045    1.232386    0.957822    1.675886    0.752853    0.111334    0.557624    0.367511    1.816051    0.085992    0.085951    0.038352   15.464732   13.662442    4.968799   -6.996566   -4.788764   -0.333216
Iteration: 419 bestvalit: 13.015000 bestmemit:    0.366696    0.021972    0.032436    0.057236    0.790045    1.232386    0.957822    1.675886    0.752853    0.111334    0.557624    0.367511    1.816051    0.085992    0.085951    0.038352   15.464732   13.662442    4.968799   -6.996566   -4.788764   -0.333216
Iteration: 420 bestvalit: 13.015000 bestmemit:    0.366696    0.021972    0.032436    0.057236    0.790045    1.232386    0.957822    1.675886    0.752853    0.111334    0.557624    0.367511    1.816051    0.085992    0.085951    0.038352   15.464732   13.662442    4.968799   -6.996566   -4.788764   -0.333216
Iteration: 421 bestvalit: 13.015000 bestmemit:    0.366696    0.021972    0.032436    0.057236    0.790045    1.232386    0.957822    1.675886    0.752853    0.111334    0.557624    0.367511    1.816051    0.085992    0.085951    0.038352   15.464732   13.662442    4.968799   -6.996566   -4.788764   -0.333216
Iteration: 422 bestvalit: 13.015000 bestmemit:    0.366696    0.021972    0.032436    0.057236    0.790045    1.232386    0.957822    1.675886    0.752853    0.111334    0.557624    0.367511    1.816051    0.085992    0.085951    0.038352   15.464732   13.662442    4.968799   -6.996566   -4.788764   -0.333216
Iteration: 423 bestvalit: 13.015000 bestmemit:    0.366696    0.021972    0.032436    0.057236    0.790045    1.232386    0.957822    1.675886    0.752853    0.111334    0.557624    0.367511    1.816051    0.085992    0.085951    0.038352   15.464732   13.662442    4.968799   -6.996566   -4.788764   -0.333216
Iteration: 424 bestvalit: 13.015000 bestmemit:    0.366696    0.021972    0.032436    0.057236    0.790045    1.232386    0.957822    1.675886    0.752853    0.111334    0.557624    0.367511    1.816051    0.085992    0.085951    0.038352   15.464732   13.662442    4.968799   -6.996566   -4.788764   -0.333216
Iteration: 425 bestvalit: 12.950000 bestmemit:    0.366696    0.021972    0.032436    0.057236    0.790045    1.232386    0.957822    1.675886    0.752853    0.111334    0.557624    0.367511    1.816051    0.085992    0.085951    0.038352   15.464732   13.662442    4.968799   -7.003049   -4.788764   -0.333216
Iteration: 426 bestvalit: 12.950000 bestmemit:    0.366696    0.021972    0.032436    0.057236    0.790045    1.232386    0.957822    1.675886    0.752853    0.111334    0.557624    0.367511    1.816051    0.085992    0.085951    0.038352   15.464732   13.662442    4.968799   -7.003049   -4.788764   -0.333216
Iteration: 427 bestvalit: 12.950000 bestmemit:    0.366696    0.021972    0.032436    0.057236    0.790045    1.232386    0.957822    1.675886    0.752853    0.111334    0.557624    0.367511    1.816051    0.085992    0.085951    0.038352   15.464732   13.662442    4.968799   -7.003049   -4.788764   -0.333216
Iteration: 428 bestvalit: 12.950000 bestmemit:    0.366696    0.021972    0.032436    0.057236    0.790045    1.232386    0.957822    1.675886    0.752853    0.111334    0.557624    0.367511    1.816051    0.085992    0.085951    0.038352   15.464732   13.662442    4.968799   -7.003049   -4.788764   -0.333216
Iteration: 429 bestvalit: 12.950000 bestmemit:    0.366696    0.021972    0.032436    0.057236    0.790045    1.232386    0.957822    1.675886    0.752853    0.111334    0.557624    0.367511    1.816051    0.085992    0.085951    0.038352   15.464732   13.662442    4.968799   -7.003049   -4.788764   -0.333216
Iteration: 430 bestvalit: 12.950000 bestmemit:    0.366696    0.021972    0.032436    0.057236    0.790045    1.232386    0.957822    1.675886    0.752853    0.111334    0.557624    0.367511    1.816051    0.085992    0.085951    0.038352   15.464732   13.662442    4.968799   -7.003049   -4.788764   -0.333216
Iteration: 431 bestvalit: 12.950000 bestmemit:    0.366696    0.021972    0.032436    0.057236    0.790045    1.232386    0.957822    1.675886    0.752853    0.111334    0.557624    0.367511    1.816051    0.085992    0.085951    0.038352   15.464732   13.662442    4.968799   -7.003049   -4.788764   -0.333216
Iteration: 432 bestvalit: 12.950000 bestmemit:    0.366696    0.021972    0.032436    0.057236    0.790045    1.232386    0.957822    1.675886    0.752853    0.111334    0.557624    0.367511    1.816051    0.085992    0.085951    0.038352   15.464732   13.662442    4.968799   -7.003049   -4.788764   -0.333216
Iteration: 433 bestvalit: 12.950000 bestmemit:    0.366696    0.021972    0.032436    0.057236    0.790045    1.232386    0.957822    1.675886    0.752853    0.111334    0.557624    0.367511    1.816051    0.085992    0.085951    0.038352   15.464732   13.662442    4.968799   -7.003049   -4.788764   -0.333216
Iteration: 434 bestvalit: 12.950000 bestmemit:    0.366696    0.021972    0.032436    0.057236    0.790045    1.232386    0.957822    1.675886    0.752853    0.111334    0.557624    0.367511    1.816051    0.085992    0.085951    0.038352   15.464732   13.662442    4.968799   -7.003049   -4.788764   -0.333216
Iteration: 435 bestvalit: 12.950000 bestmemit:    0.366696    0.021972    0.032436    0.057236    0.790045    1.232386    0.957822    1.675886    0.752853    0.111334    0.557624    0.367511    1.816051    0.085992    0.085951    0.038352   15.464732   13.662442    4.968799   -7.003049   -4.788764   -0.333216
Iteration: 436 bestvalit: 12.950000 bestmemit:    0.366696    0.021972    0.032436    0.057236    0.790045    1.232386    0.957822    1.675886    0.752853    0.111334    0.557624    0.367511    1.816051    0.085992    0.085951    0.038352   15.464732   13.662442    4.968799   -7.003049   -4.788764   -0.333216
Iteration: 437 bestvalit: 12.950000 bestmemit:    0.366696    0.021972    0.032436    0.057236    0.790045    1.232386    0.957822    1.675886    0.752853    0.111334    0.557624    0.367511    1.816051    0.085992    0.085951    0.038352   15.464732   13.662442    4.968799   -7.003049   -4.788764   -0.333216
Iteration: 438 bestvalit: 12.950000 bestmemit:    0.366696    0.021972    0.032436    0.057236    0.790045    1.232386    0.957822    1.675886    0.752853    0.111334    0.557624    0.367511    1.816051    0.085992    0.085951    0.038352   15.464732   13.662442    4.968799   -7.003049   -4.788764   -0.333216
Iteration: 439 bestvalit: 12.950000 bestmemit:    0.366696    0.021972    0.032436    0.057236    0.790045    1.232386    0.957822    1.675886    0.752853    0.111334    0.557624    0.367511    1.816051    0.085992    0.085951    0.038352   15.464732   13.662442    4.968799   -7.003049   -4.788764   -0.333216
Iteration: 440 bestvalit: 12.950000 bestmemit:    0.366696    0.021972    0.032436    0.057236    0.790045    1.232386    0.957822    1.675886    0.752853    0.111334    0.557624    0.367511    1.816051    0.085992    0.085951    0.038352   15.464732   13.662442    4.968799   -7.003049   -4.788764   -0.333216
Iteration: 441 bestvalit: 12.950000 bestmemit:    0.366696    0.021972    0.032436    0.057236    0.790045    1.232386    0.957822    1.675886    0.752853    0.111334    0.557624    0.367511    1.816051    0.085992    0.085951    0.038352   15.464732   13.662442    4.968799   -7.003049   -4.788764   -0.333216
Iteration: 442 bestvalit: 12.950000 bestmemit:    0.366696    0.021972    0.032436    0.057236    0.790045    1.232386    0.957822    1.675886    0.752853    0.111334    0.557624    0.367511    1.816051    0.085992    0.085951    0.038352   15.464732   13.662442    4.968799   -7.003049   -4.788764   -0.333216
Iteration: 443 bestvalit: 12.950000 bestmemit:    0.366696    0.021972    0.032436    0.057236    0.790045    1.232386    0.957822    1.675886    0.752853    0.111334    0.557624    0.367511    1.816051    0.085992    0.085951    0.038352   15.464732   13.662442    4.968799   -7.003049   -4.788764   -0.333216
Iteration: 444 bestvalit: 12.950000 bestmemit:    0.366696    0.021972    0.032436    0.057236    0.790045    1.232386    0.957822    1.675886    0.752853    0.111334    0.557624    0.367511    1.816051    0.085992    0.085951    0.038352   15.464732   13.662442    4.968799   -7.003049   -4.788764   -0.333216
Iteration: 445 bestvalit: 12.950000 bestmemit:    0.366696    0.021972    0.032436    0.057236    0.790045    1.232386    0.957822    1.675886    0.752853    0.111334    0.557624    0.367511    1.816051    0.085992    0.085951    0.038352   15.464732   13.662442    4.968799   -7.003049   -4.788764   -0.333216
Iteration: 446 bestvalit: 12.950000 bestmemit:    0.366696    0.021972    0.032436    0.057236    0.790045    1.232386    0.957822    1.675886    0.752853    0.111334    0.557624    0.367511    1.816051    0.085992    0.085951    0.038352   15.464732   13.662442    4.968799   -7.003049   -4.788764   -0.333216
Iteration: 447 bestvalit: 12.950000 bestmemit:    0.366696    0.021972    0.032436    0.057236    0.790045    1.232386    0.957822    1.675886    0.752853    0.111334    0.557624    0.367511    1.816051    0.085992    0.085951    0.038352   15.464732   13.662442    4.968799   -7.003049   -4.788764   -0.333216
Iteration: 448 bestvalit: 12.950000 bestmemit:    0.366696    0.021972    0.032436    0.057236    0.790045    1.232386    0.957822    1.675886    0.752853    0.111334    0.557624    0.367511    1.816051    0.085992    0.085951    0.038352   15.464732   13.662442    4.968799   -7.003049   -4.788764   -0.333216
Iteration: 449 bestvalit: 12.950000 bestmemit:    0.366696    0.021972    0.032436    0.057236    0.790045    1.232386    0.957822    1.675886    0.752853    0.111334    0.557624    0.367511    1.816051    0.085992    0.085951    0.038352   15.464732   13.662442    4.968799   -7.003049   -4.788764   -0.333216
Iteration: 450 bestvalit: 12.950000 bestmemit:    0.366696    0.021972    0.032436    0.057236    0.790045    1.232386    0.957822    1.675886    0.752853    0.111334    0.557624    0.367511    1.816051    0.085992    0.085951    0.038352   15.464732   13.662442    4.968799   -7.003049   -4.788764   -0.333216
Iteration: 451 bestvalit: 12.950000 bestmemit:    0.366696    0.021972    0.032436    0.057236    0.790045    1.232386    0.957822    1.675886    0.752853    0.111334    0.557624    0.367511    1.816051    0.085992    0.085951    0.038352   15.464732   13.662442    4.968799   -7.003049   -4.788764   -0.333216
Iteration: 452 bestvalit: 12.950000 bestmemit:    0.366696    0.021972    0.032436    0.057236    0.790045    1.232386    0.957822    1.675886    0.752853    0.111334    0.557624    0.367511    1.816051    0.085992    0.085951    0.038352   15.464732   13.662442    4.968799   -7.003049   -4.788764   -0.333216
Iteration: 453 bestvalit: 12.940000 bestmemit:    0.366696    0.021972    0.032436    0.057236    0.790045    1.232386    0.957822    1.675886    0.739423    0.111334    0.557624    0.367511    1.816051    0.085992    0.085951    0.038352   15.464732   13.662442    4.968799   -7.003049   -4.788764   -0.333216
Iteration: 454 bestvalit: 12.940000 bestmemit:    0.366696    0.021972    0.032436    0.057236    0.790045    1.232386    0.957822    1.675886    0.739423    0.111334    0.557624    0.367511    1.816051    0.085992    0.085951    0.038352   15.464732   13.662442    4.968799   -7.003049   -4.788764   -0.333216
Iteration: 455 bestvalit: 12.940000 bestmemit:    0.366696    0.021972    0.032436    0.057236    0.790045    1.232386    0.957822    1.675886    0.739423    0.111334    0.557624    0.367511    1.816051    0.085992    0.085951    0.038352   15.464732   13.662442    4.968799   -7.003049   -4.788764   -0.333216
Iteration: 456 bestvalit: 12.940000 bestmemit:    0.366696    0.021972    0.032436    0.057236    0.790045    1.232386    0.957822    1.675886    0.739423    0.111334    0.557624    0.367511    1.816051    0.085992    0.085951    0.038352   15.464732   13.662442    4.968799   -7.003049   -4.788764   -0.333216
Iteration: 457 bestvalit: 12.940000 bestmemit:    0.366696    0.021972    0.032436    0.057236    0.790045    1.232386    0.957822    1.675886    0.739423    0.111334    0.557624    0.367511    1.816051    0.085992    0.085951    0.038352   15.464732   13.662442    4.968799   -7.003049   -4.788764   -0.333216
Iteration: 458 bestvalit: 12.940000 bestmemit:    0.366696    0.021972    0.032436    0.057236    0.790045    1.232386    0.957822    1.675886    0.739423    0.111334    0.557624    0.367511    1.816051    0.085992    0.085951    0.038352   15.464732   13.662442    4.968799   -7.003049   -4.788764   -0.333216
Iteration: 459 bestvalit: 12.940000 bestmemit:    0.366696    0.021972    0.032436    0.057236    0.790045    1.232386    0.957822    1.675886    0.739423    0.111334    0.557624    0.367511    1.816051    0.085992    0.085951    0.038352   15.464732   13.662442    4.968799   -7.003049   -4.788764   -0.333216
Iteration: 460 bestvalit: 12.940000 bestmemit:    0.366696    0.021972    0.032436    0.057236    0.790045    1.232386    0.957822    1.675886    0.739423    0.111334    0.557624    0.367511    1.816051    0.085992    0.085951    0.038352   15.464732   13.662442    4.968799   -7.003049   -4.788764   -0.333216
Iteration: 461 bestvalit: 12.940000 bestmemit:    0.366696    0.021972    0.032436    0.057236    0.790045    1.232386    0.957822    1.675886    0.739423    0.111334    0.557624    0.367511    1.816051    0.085992    0.085951    0.038352   15.464732   13.662442    4.968799   -7.003049   -4.788764   -0.333216
Iteration: 462 bestvalit: 12.940000 bestmemit:    0.366696    0.021972    0.032436    0.057236    0.790045    1.232386    0.957822    1.675886    0.739423    0.111334    0.557624    0.367511    1.816051    0.085992    0.085951    0.038352   15.464732   13.662442    4.968799   -7.003049   -4.788764   -0.333216
Iteration: 463 bestvalit: 12.940000 bestmemit:    0.366696    0.021972    0.032436    0.057236    0.790045    1.232386    0.957822    1.675886    0.739423    0.111334    0.557624    0.367511    1.816051    0.085992    0.085951    0.038352   15.464732   13.662442    4.968799   -7.003049   -4.788764   -0.333216
Iteration: 464 bestvalit: 12.940000 bestmemit:    0.366696    0.021972    0.032436    0.057236    0.790045    1.232386    0.957822    1.675886    0.739423    0.111334    0.557624    0.367511    1.816051    0.085992    0.085951    0.038352   15.464732   13.662442    4.968799   -7.003049   -4.788764   -0.333216
Iteration: 465 bestvalit: 12.940000 bestmemit:    0.366696    0.021972    0.032436    0.057236    0.790045    1.232386    0.957822    1.675886    0.739423    0.111334    0.557624    0.367511    1.816051    0.085992    0.085951    0.038352   15.464732   13.662442    4.968799   -7.003049   -4.788764   -0.333216
Iteration: 466 bestvalit: 12.940000 bestmemit:    0.366696    0.021972    0.032436    0.057236    0.790045    1.232386    0.957822    1.675886    0.739423    0.111334    0.557624    0.367511    1.816051    0.085992    0.085951    0.038352   15.464732   13.662442    4.968799   -7.003049   -4.788764   -0.333216
Iteration: 467 bestvalit: 12.940000 bestmemit:    0.366696    0.021972    0.032436    0.057236    0.790045    1.232386    0.957822    1.675886    0.739423    0.111334    0.557624    0.367511    1.816051    0.085992    0.085951    0.038352   15.464732   13.662442    4.968799   -7.003049   -4.788764   -0.333216
Iteration: 468 bestvalit: 12.940000 bestmemit:    0.366696    0.021972    0.032436    0.057236    0.790045    1.232386    0.957822    1.675886    0.739423    0.111334    0.557624    0.367511    1.816051    0.085992    0.085951    0.038352   15.464732   13.662442    4.968799   -7.003049   -4.788764   -0.333216
Iteration: 469 bestvalit: 12.940000 bestmemit:    0.366696    0.021972    0.032436    0.057236    0.790045    1.232386    0.957822    1.675886    0.739423    0.111334    0.557624    0.367511    1.816051    0.085992    0.085951    0.038352   15.464732   13.662442    4.968799   -7.003049   -4.788764   -0.333216
Iteration: 470 bestvalit: 12.940000 bestmemit:    0.366696    0.021972    0.032436    0.057236    0.790045    1.232386    0.957822    1.675886    0.739423    0.111334    0.557624    0.367511    1.816051    0.085992    0.085951    0.038352   15.464732   13.662442    4.968799   -7.003049   -4.788764   -0.333216
Iteration: 471 bestvalit: 12.940000 bestmemit:    0.366696    0.021972    0.032436    0.057236    0.790045    1.232386    0.957822    1.675886    0.739423    0.111334    0.557624    0.367511    1.816051    0.085992    0.085951    0.038352   15.464732   13.662442    4.968799   -7.003049   -4.788764   -0.333216
Iteration: 472 bestvalit: 12.940000 bestmemit:    0.366696    0.021972    0.032436    0.057236    0.790045    1.232386    0.957822    1.675886    0.739423    0.111334    0.557624    0.367511    1.816051    0.085992    0.085951    0.038352   15.464732   13.662442    4.968799   -7.003049   -4.788764   -0.333216
Iteration: 473 bestvalit: 12.940000 bestmemit:    0.366696    0.021972    0.032436    0.057236    0.790045    1.232386    0.957822    1.675886    0.739423    0.111334    0.557624    0.367511    1.816051    0.085992    0.085951    0.038352   15.464732   13.662442    4.974092   -7.003049   -4.788764   -0.333216
Iteration: 474 bestvalit: 12.940000 bestmemit:    0.366696    0.021972    0.032436    0.057236    0.790045    1.232386    0.957822    1.675886    0.739423    0.111334    0.557624    0.367511    1.816051    0.085992    0.085951    0.038352   15.464732   13.662442    4.974092   -7.003049   -4.788764   -0.333216
Iteration: 475 bestvalit: 12.940000 bestmemit:    0.366696    0.021972    0.032436    0.057236    0.790045    1.232386    0.957822    1.675886    0.739423    0.111334    0.557624    0.367511    1.816051    0.085992    0.085951    0.038352   15.464732   13.662442    4.974092   -7.003049   -4.788764   -0.333216
Iteration: 476 bestvalit: 12.940000 bestmemit:    0.366696    0.021972    0.032436    0.057236    0.790045    1.232386    0.957822    1.675886    0.739423    0.111334    0.557624    0.367511    1.816051    0.085992    0.085951    0.038352   15.464732   13.662442    4.974092   -7.003049   -4.788764   -0.333216
Iteration: 477 bestvalit: 12.940000 bestmemit:    0.366696    0.021972    0.032436    0.057236    0.790045    1.232386    0.957822    1.675886    0.739423    0.111334    0.557624    0.367511    1.816051    0.085992    0.085951    0.038352   15.464732   13.662442    4.974092   -7.003049   -4.788764   -0.333216
Iteration: 478 bestvalit: 12.940000 bestmemit:    0.366696    0.021972    0.032436    0.057236    0.790045    1.232386    0.957822    1.675886    0.739423    0.111334    0.557624    0.367511    1.816051    0.085992    0.085951    0.038352   15.464732   13.662442    4.974092   -7.003049   -4.788764   -0.333216
Iteration: 479 bestvalit: 12.940000 bestmemit:    0.366696    0.021972    0.032436    0.057236    0.790045    1.232386    0.957822    1.675886    0.739423    0.111334    0.557624    0.367511    1.816051    0.085992    0.085951    0.038352   15.464732   13.662442    4.974092   -7.003049   -4.788764   -0.333216
Iteration: 480 bestvalit: 12.940000 bestmemit:    0.366696    0.021972    0.032436    0.057236    0.790045    1.232386    0.957822    1.675886    0.739423    0.111334    0.557624    0.367511    1.816051    0.085992    0.085951    0.038352   15.464732   13.662442    4.974092   -7.003049   -4.788764   -0.333216
Iteration: 481 bestvalit: 12.940000 bestmemit:    0.366696    0.021972    0.032436    0.057236    0.790045    1.232386    0.957822    1.675886    0.739423    0.111334    0.557624    0.367511    1.816051    0.085992    0.085951    0.038352   15.464732   13.662442    4.974092   -7.003049   -4.788764   -0.333216
Iteration: 482 bestvalit: 12.940000 bestmemit:    0.366696    0.021972    0.032436    0.057236    0.790045    1.232386    0.957822    1.675886    0.739423    0.111334    0.557624    0.367511    1.816051    0.085992    0.085951    0.038352   15.464732   13.662442    4.974092   -7.003049   -4.788764   -0.333216
Iteration: 483 bestvalit: 12.940000 bestmemit:    0.366696    0.021972    0.032436    0.057236    0.790045    1.232386    0.957822    1.675886    0.739423    0.111334    0.557624    0.367511    1.816051    0.085992    0.085951    0.038352   15.464732   13.662442    4.974092   -7.003049   -4.788764   -0.333216
Iteration: 484 bestvalit: 12.940000 bestmemit:    0.366696    0.021972    0.032436    0.057236    0.790045    1.232386    0.957822    1.675886    0.739423    0.111334    0.557624    0.367511    1.816051    0.085992    0.085951    0.038352   15.464732   13.662442    4.974092   -7.003049   -4.788764   -0.333216
Iteration: 485 bestvalit: 12.940000 bestmemit:    0.366696    0.021972    0.032436    0.057236    0.790045    1.232386    0.957822    1.675886    0.739423    0.111334    0.557624    0.367511    1.816051    0.085992    0.085951    0.038352   15.464732   13.662442    4.974092   -7.003049   -4.788764   -0.333216
Iteration: 486 bestvalit: 12.940000 bestmemit:    0.366696    0.021972    0.032436    0.057236    0.790045    1.232386    0.957822    1.675886    0.739423    0.111334    0.557624    0.367511    1.816051    0.085992    0.085951    0.038352   15.464732   13.662442    4.974092   -7.003049   -4.788764   -0.333216
Iteration: 487 bestvalit: 12.940000 bestmemit:    0.366696    0.021972    0.032436    0.057236    0.790045    1.232386    0.957822    1.675886    0.739423    0.111334    0.557624    0.367511    1.816051    0.085992    0.085951    0.038352   15.464732   13.662442    4.974092   -7.003049   -4.788764   -0.333216
Iteration: 488 bestvalit: 12.940000 bestmemit:    0.366696    0.021972    0.032436    0.057236    0.790045    1.232386    0.957822    1.675886    0.739423    0.111334    0.557624    0.367511    1.816051    0.085992    0.085951    0.038352   15.464732   13.662442    4.974092   -7.003049   -4.788764   -0.333216
Iteration: 489 bestvalit: 12.940000 bestmemit:    0.366696    0.021972    0.032436    0.057236    0.790045    1.232386    0.957822    1.675886    0.739423    0.111334    0.557624    0.367511    1.816051    0.085992    0.085951    0.038352   15.464732   13.662442    4.974092   -7.003049   -4.788764   -0.333216
Iteration: 490 bestvalit: 12.940000 bestmemit:    0.366696    0.021972    0.032436    0.057236    0.790045    1.232386    0.957822    1.675886    0.739423    0.111334    0.557624    0.367511    1.816051    0.085992    0.085951    0.038352   15.464732   13.662442    4.974092   -7.003049   -4.788764   -0.333216
Iteration: 491 bestvalit: 12.940000 bestmemit:    0.366696    0.021972    0.032436    0.057236    0.790045    1.232386    0.957822    1.675886    0.739423    0.111334    0.557624    0.367511    1.816051    0.085992    0.085951    0.038352   15.464732   13.662442    4.974092   -7.003049   -4.788764   -0.333216
Iteration: 492 bestvalit: 12.940000 bestmemit:    0.366696    0.021972    0.032436    0.057236    0.790045    1.232386    0.957822    1.675886    0.739423    0.111334    0.557624    0.367511    1.816051    0.085992    0.085951    0.038352   15.464732   13.662442    4.974092   -7.003049   -4.788764   -0.333216
Iteration: 493 bestvalit: 12.940000 bestmemit:    0.366696    0.021972    0.032436    0.057236    0.790045    1.232386    0.957822    1.675886    0.739423    0.111334    0.557624    0.367511    1.816051    0.085992    0.085951    0.038352   15.464732   13.662442    4.974092   -7.003049   -4.788764   -0.333216
Iteration: 494 bestvalit: 12.940000 bestmemit:    0.366696    0.021972    0.032436    0.057236    0.790045    1.232386    0.957822    1.675886    0.739423    0.111334    0.557624    0.367511    1.816051    0.085992    0.085951    0.038352   15.464732   13.662442    4.974092   -7.003049   -4.788764   -0.333216
Iteration: 495 bestvalit: 12.940000 bestmemit:    0.366696    0.021972    0.032436    0.057236    0.790045    1.232386    0.957822    1.675886    0.739423    0.111334    0.557624    0.367511    1.816051    0.085992    0.085951    0.038352   15.464732   13.662442    4.974092   -7.003049   -4.788764   -0.333216
Iteration: 496 bestvalit: 12.940000 bestmemit:    0.366696    0.021972    0.032436    0.057236    0.790045    1.232386    0.957822    1.675886    0.739423    0.111334    0.557624    0.367511    1.816051    0.085992    0.085951    0.038352   15.464732   13.662442    4.974092   -7.003049   -4.788764   -0.333216
Iteration: 497 bestvalit: 12.940000 bestmemit:    0.366696    0.021972    0.032436    0.057236    0.790045    1.232386    0.957822    1.675886    0.739423    0.111334    0.557624    0.367511    1.816051    0.085992    0.085951    0.038352   15.464732   13.662442    4.974092   -7.003049   -4.788764   -0.333216
Iteration: 498 bestvalit: 12.940000 bestmemit:    0.366696    0.021972    0.032436    0.057236    0.790045    1.232386    0.957822    1.675886    0.739423    0.111334    0.557624    0.367511    1.816051    0.085992    0.085951    0.038352   15.464732   13.662442    4.974092   -7.003049   -4.788764   -0.333216
Iteration: 499 bestvalit: 12.940000 bestmemit:    0.366696    0.021972    0.032436    0.057236    0.790045    1.232386    0.957822    1.675886    0.739423    0.111334    0.557624    0.367511    1.816051    0.085992    0.085951    0.038352   15.464732   13.662442    4.974092   -7.003049   -4.788764   -0.333216
Iteration: 500 bestvalit: 12.940000 bestmemit:    0.366696    0.021972    0.032436    0.057236    0.790045    1.232386    0.957822    1.675886    0.739423    0.111334    0.557624    0.367511    1.816051    0.085992    0.085951    0.038352   15.464732   13.662442    4.974092   -7.003049   -4.788764   -0.333216
Iteration: 501 bestvalit: 12.940000 bestmemit:    0.366696    0.021972    0.032436    0.057236    0.790045    1.232386    0.957822    1.675886    0.739423    0.111334    0.557624    0.367511    1.816051    0.085992    0.085951    0.038352   15.464732   13.662442    4.974092   -7.003049   -4.788764   -0.333216
Iteration: 502 bestvalit: 12.940000 bestmemit:    0.366696    0.021972    0.032436    0.057236    0.790045    1.232386    0.957822    1.675886    0.739423    0.111334    0.557624    0.367511    1.816051    0.085992    0.085951    0.038352   15.464732   13.662442    4.974092   -7.003049   -4.788764   -0.333216
Iteration: 503 bestvalit: 12.940000 bestmemit:    0.366696    0.021972    0.032436    0.057236    0.790045    1.232386    0.957822    1.675886    0.739423    0.111334    0.557624    0.367511    1.816051    0.085992    0.085951    0.038352   15.464732   13.662442    4.974092   -7.003049   -4.788764   -0.333216
Iteration: 504 bestvalit: 12.940000 bestmemit:    0.366696    0.021972    0.032436    0.057236    0.790045    1.232386    0.957822    1.675886    0.739423    0.111334    0.557624    0.367511    1.816051    0.085992    0.085951    0.038352   15.464732   13.662442    4.974092   -7.003049   -4.788764   -0.333216
Iteration: 505 bestvalit: 12.940000 bestmemit:    0.366696    0.021972    0.032436    0.057236    0.790045    1.232386    0.957822    1.675886    0.739423    0.111334    0.557624    0.367511    1.816051    0.085992    0.085951    0.038352   15.464732   13.662442    4.974092   -7.003049   -4.788764   -0.333216
Iteration: 506 bestvalit: 12.940000 bestmemit:    0.366696    0.021972    0.032436    0.057236    0.790045    1.232386    0.957822    1.675886    0.739423    0.111334    0.557624    0.367511    1.816051    0.085992    0.085951    0.038352   15.464732   13.662442    4.974092   -7.003049   -4.788764   -0.333216
Iteration: 507 bestvalit: 12.940000 bestmemit:    0.366696    0.021972    0.032436    0.057236    0.790045    1.232386    0.957822    1.675886    0.739423    0.111334    0.557624    0.367511    1.816051    0.085992    0.085951    0.038352   15.464732   13.662442    4.974092   -7.003049   -4.788764   -0.333216
Iteration: 508 bestvalit: 12.940000 bestmemit:    0.366696    0.021972    0.032436    0.057236    0.790045    1.232386    0.957822    1.675886    0.739423    0.111334    0.557624    0.367511    1.816051    0.085992    0.085951    0.038352   15.464732   13.662442    4.974092   -7.003049   -4.788764   -0.333216
Iteration: 509 bestvalit: 12.940000 bestmemit:    0.366696    0.021972    0.032436    0.057236    0.790045    1.232386    0.957822    1.675886    0.739423    0.111334    0.557624    0.367511    1.816051    0.085992    0.085951    0.038352   15.464732   13.662442    4.974092   -7.003049   -4.788764   -0.333216
Iteration: 510 bestvalit: 12.940000 bestmemit:    0.366696    0.021972    0.032436    0.057236    0.790045    1.232386    0.957822    1.675886    0.739423    0.111334    0.557624    0.367511    1.816051    0.085992    0.085951    0.038352   15.464732   13.662442    4.974092   -7.003049   -4.788764   -0.333216
Iteration: 511 bestvalit: 12.940000 bestmemit:    0.366696    0.021972    0.032436    0.057236    0.790045    1.232386    0.957822    1.675886    0.739423    0.111334    0.557624    0.367511    1.816051    0.085992    0.085951    0.038352   15.464732   13.662442    4.974092   -7.003049   -4.788764   -0.333216
Iteration: 512 bestvalit: 12.940000 bestmemit:    0.366696    0.021972    0.032436    0.057236    0.790045    1.232386    0.957822    1.675886    0.739423    0.111334    0.557624    0.367511    1.816051    0.085992    0.085951    0.038352   15.464732   13.662442    4.974092   -7.003049   -4.788764   -0.333216
Iteration: 513 bestvalit: 12.940000 bestmemit:    0.366696    0.021972    0.032436    0.057236    0.790045    1.232386    0.957822    1.675886    0.739423    0.111334    0.557624    0.367511    1.816051    0.085992    0.085951    0.038352   15.464732   13.662442    4.974092   -7.003049   -4.788764   -0.333216
Iteration: 514 bestvalit: 12.920000 bestmemit:    0.366696    0.021972    0.032436    0.057236    0.790045    1.232386    0.957822    1.675886    0.739423    0.111334    0.557624    0.360990    1.816051    0.085992    0.085951    0.038352   15.464732   13.662442    4.974092   -7.003049   -4.788764   -0.333216
Iteration: 515 bestvalit: 12.920000 bestmemit:    0.366696    0.021972    0.032436    0.057236    0.790045    1.232386    0.957822    1.675886    0.739423    0.111334    0.557624    0.360990    1.816051    0.085992    0.085951    0.038352   15.464732   13.662442    4.974092   -7.003049   -4.788764   -0.333216
Iteration: 516 bestvalit: 12.920000 bestmemit:    0.366696    0.021972    0.032436    0.057236    0.790045    1.232386    0.957822    1.675886    0.739423    0.111334    0.557624    0.360990    1.816051    0.085992    0.085951    0.038352   15.464732   13.662442    4.974092   -7.003049   -4.788764   -0.333216
Iteration: 517 bestvalit: 12.920000 bestmemit:    0.366696    0.021972    0.032436    0.057236    0.790045    1.232386    0.957822    1.675886    0.739423    0.111334    0.557624    0.360990    1.816051    0.085992    0.085951    0.038352   15.464732   13.662442    4.974092   -7.003049   -4.788764   -0.333216
Iteration: 518 bestvalit: 12.920000 bestmemit:    0.366696    0.021972    0.032436    0.057236    0.790045    1.232386    0.957822    1.675886    0.739423    0.111334    0.557624    0.360990    1.816051    0.085992    0.085951    0.038352   15.464732   13.662442    4.974092   -7.003049   -4.788764   -0.333216
Iteration: 519 bestvalit: 12.920000 bestmemit:    0.366696    0.021972    0.032436    0.057236    0.790045    1.232386    0.957822    1.675886    0.739423    0.111334    0.557624    0.360990    1.816051    0.085992    0.085951    0.038352   15.464732   13.662442    4.974092   -7.003049   -4.788764   -0.333216
Iteration: 520 bestvalit: 12.920000 bestmemit:    0.366696    0.021972    0.032436    0.057236    0.790045    1.232386    0.957822    1.675886    0.739423    0.111334    0.557624    0.360990    1.816051    0.085992    0.085951    0.038352   15.464732   13.662442    4.974092   -7.003049   -4.788764   -0.333216
Iteration: 521 bestvalit: 12.920000 bestmemit:    0.366696    0.021972    0.032436    0.057236    0.790045    1.232386    0.957822    1.675886    0.739423    0.111334    0.557624    0.360990    1.816051    0.085992    0.085951    0.038352   15.464732   13.662442    4.974092   -7.003049   -4.788764   -0.333216
Iteration: 522 bestvalit: 12.920000 bestmemit:    0.366696    0.021972    0.032436    0.057236    0.790045    1.232386    0.957822    1.675886    0.739423    0.111334    0.557624    0.360990    1.816051    0.085992    0.085951    0.038352   15.464732   13.662442    4.974092   -7.003049   -4.788764   -0.333216
Iteration: 523 bestvalit: 12.920000 bestmemit:    0.366696    0.021972    0.032436    0.057236    0.790045    1.232386    0.957822    1.675886    0.739423    0.111334    0.557624    0.360990    1.816051    0.085992    0.085951    0.038352   15.464732   13.662442    4.974092   -7.003049   -4.788764   -0.333216
Iteration: 524 bestvalit: 12.920000 bestmemit:    0.366696    0.021972    0.032436    0.057236    0.790045    1.232386    0.957822    1.675886    0.739423    0.111334    0.557624    0.360990    1.816051    0.085992    0.085951    0.038352   15.464732   13.662442    4.974092   -7.003049   -4.788764   -0.333216
Iteration: 525 bestvalit: 12.920000 bestmemit:    0.366696    0.021972    0.032436    0.057236    0.790045    1.232386    0.957822    1.675886    0.739423    0.111334    0.557624    0.360990    1.816051    0.085992    0.085951    0.038352   15.464732   13.662442    4.974092   -7.003049   -4.788764   -0.333216
Iteration: 526 bestvalit: 12.920000 bestmemit:    0.366696    0.021972    0.032436    0.057236    0.790045    1.232386    0.957822    1.675886    0.739423    0.111334    0.557624    0.360990    1.816051    0.085992    0.085951    0.038352   15.464732   13.662442    4.974092   -7.003049   -4.788764   -0.333216
Iteration: 527 bestvalit: 12.920000 bestmemit:    0.366696    0.021972    0.032436    0.057236    0.790045    1.232386    0.957822    1.675886    0.739423    0.111334    0.557624    0.360990    1.816051    0.085992    0.085951    0.038352   15.464732   13.662442    4.974092   -7.003049   -4.788764   -0.333216
Iteration: 528 bestvalit: 12.920000 bestmemit:    0.366696    0.021972    0.032436    0.057236    0.790045    1.232386    0.957822    1.675886    0.739423    0.111334    0.557624    0.360990    1.816051    0.085992    0.085951    0.038352   15.464732   13.662442    4.974092   -7.003049   -4.788764   -0.333216
Iteration: 529 bestvalit: 12.920000 bestmemit:    0.366696    0.021972    0.032436    0.057236    0.790045    1.232386    0.957822    1.675886    0.739423    0.111334    0.557624    0.360990    1.816051    0.085992    0.085951    0.038352   15.464732   13.662442    4.974092   -7.003049   -4.788764   -0.333216
Iteration: 530 bestvalit: 12.920000 bestmemit:    0.366696    0.021972    0.032436    0.057236    0.790045    1.232386    0.957822    1.675886    0.739423    0.111334    0.557624    0.360990    1.816051    0.085992    0.085951    0.038352   15.464732   13.662442    4.974092   -7.003049   -4.788764   -0.333216
Iteration: 531 bestvalit: 12.920000 bestmemit:    0.366696    0.021972    0.032436    0.057236    0.790045    1.232386    0.957822    1.675886    0.739423    0.111334    0.557624    0.360990    1.816051    0.085992    0.085951    0.038352   15.464732   13.662442    4.974092   -7.003049   -4.788764   -0.333216
Iteration: 532 bestvalit: 12.920000 bestmemit:    0.366696    0.021972    0.032436    0.057236    0.790045    1.232386    0.957822    1.675886    0.739423    0.111334    0.557624    0.360990    1.816051    0.085992    0.085951    0.038352   15.464732   13.662442    4.974092   -7.003049   -4.788764   -0.333216
Iteration: 533 bestvalit: 12.920000 bestmemit:    0.366696    0.021972    0.032436    0.057236    0.790045    1.232386    0.957822    1.675886    0.739423    0.111334    0.557624    0.360990    1.816051    0.085992    0.085951    0.038352   15.464732   13.662442    4.974092   -7.003049   -4.788764   -0.333216
Iteration: 534 bestvalit: 12.920000 bestmemit:    0.366696    0.021972    0.032436    0.057236    0.790045    1.232386    0.957822    1.675886    0.739423    0.111334    0.557624    0.360990    1.816051    0.085992    0.085951    0.038352   15.464732   13.662442    4.974092   -7.003049   -4.788764   -0.333216
Iteration: 535 bestvalit: 12.920000 bestmemit:    0.366696    0.021972    0.032436    0.057236    0.790045    1.232386    0.957822    1.675886    0.739423    0.111334    0.557624    0.360990    1.816051    0.085992    0.085951    0.038352   15.464732   13.662442    4.974092   -7.003049   -4.788764   -0.333216
Iteration: 536 bestvalit: 12.920000 bestmemit:    0.366696    0.021972    0.032436    0.057236    0.790045    1.232386    0.957822    1.675886    0.739423    0.111334    0.557624    0.360990    1.816051    0.085992    0.085951    0.038352   15.464732   13.662442    4.974092   -7.003049   -4.788764   -0.333216
Iteration: 537 bestvalit: 12.920000 bestmemit:    0.366696    0.021972    0.032436    0.057236    0.790045    1.232386    0.957822    1.675886    0.739423    0.111334    0.557624    0.360990    1.816051    0.085992    0.085951    0.038352   15.464732   13.662442    4.974092   -7.003049   -4.788764   -0.333216
Iteration: 538 bestvalit: 12.920000 bestmemit:    0.366696    0.021972    0.032436    0.057236    0.790045    1.232386    0.957822    1.675886    0.739423    0.111334    0.557624    0.360990    1.816051    0.085992    0.085951    0.038352   15.464732   13.662442    4.974092   -7.003049   -4.788764   -0.333216
Iteration: 539 bestvalit: 12.920000 bestmemit:    0.366696    0.021972    0.032436    0.057236    0.790045    1.232386    0.957822    1.675886    0.739423    0.111334    0.557624    0.360990    1.816051    0.085992    0.085951    0.038352   15.464732   13.662442    4.974092   -7.003049   -4.788764   -0.333216
Iteration: 540 bestvalit: 12.920000 bestmemit:    0.366696    0.021972    0.032436    0.057236    0.790045    1.232386    0.957822    1.675886    0.739423    0.111334    0.557624    0.360990    1.816051    0.085992    0.085951    0.038352   15.464732   13.662442    4.974092   -7.003049   -4.788764   -0.333216
Iteration: 541 bestvalit: 12.920000 bestmemit:    0.366696    0.021972    0.032436    0.057236    0.790045    1.232386    0.957822    1.675886    0.739423    0.111334    0.557624    0.360990    1.816051    0.085992    0.085951    0.038352   15.464732   13.662442    4.974092   -7.003049   -4.788764   -0.333216
Iteration: 542 bestvalit: 12.920000 bestmemit:    0.366696    0.021972    0.032436    0.057236    0.790045    1.232386    0.957822    1.675886    0.739423    0.111334    0.557624    0.360990    1.816051    0.085992    0.085951    0.038352   15.464732   13.662442    4.974092   -7.003049   -4.788764   -0.333216
Iteration: 543 bestvalit: 12.920000 bestmemit:    0.366696    0.021972    0.032436    0.057236    0.790045    1.232386    0.957822    1.675886    0.739423    0.111334    0.557624    0.360990    1.816051    0.085992    0.085951    0.038352   15.464732   13.662442    4.974092   -7.003049   -4.788764   -0.333216
Iteration: 544 bestvalit: 12.920000 bestmemit:    0.366696    0.021972    0.032436    0.057236    0.790045    1.232386    0.957822    1.675886    0.739423    0.111334    0.557624    0.360990    1.816051    0.085992    0.085951    0.038352   15.464732   13.662442    4.974092   -7.003049   -4.788764   -0.333216
Iteration: 545 bestvalit: 12.920000 bestmemit:    0.366696    0.021972    0.032436    0.057236    0.790045    1.232386    0.957822    1.675886    0.739423    0.111334    0.557624    0.360990    1.816051    0.085992    0.085951    0.038352   15.464732   13.662442    4.974092   -7.003049   -4.788764   -0.333216
Iteration: 546 bestvalit: 12.920000 bestmemit:    0.366696    0.021972    0.032436    0.057236    0.790045    1.232386    0.957822    1.675886    0.739423    0.111334    0.557624    0.360990    1.816051    0.085992    0.085951    0.038352   15.464732   13.662442    4.974092   -7.003049   -4.788764   -0.333216
Iteration: 547 bestvalit: 12.920000 bestmemit:    0.366696    0.021972    0.032436    0.057236    0.790045    1.232386    0.957822    1.675886    0.739423    0.111334    0.557624    0.360990    1.816051    0.085992    0.085951    0.038352   15.464732   13.662442    4.974092   -7.003049   -4.788764   -0.333216
Iteration: 548 bestvalit: 12.920000 bestmemit:    0.366696    0.021972    0.032436    0.057236    0.790045    1.232386    0.957822    1.675886    0.739423    0.111334    0.557624    0.360990    1.816051    0.085992    0.085951    0.038352   15.464732   13.662442    4.974092   -7.003049   -4.788764   -0.333216
Iteration: 549 bestvalit: 12.920000 bestmemit:    0.366696    0.021972    0.032436    0.057236    0.790045    1.232386    0.957822    1.675886    0.739423    0.111334    0.557624    0.360990    1.816051    0.085992    0.085951    0.038352   15.464732   13.662442    4.974092   -7.003049   -4.788764   -0.333216
Iteration: 550 bestvalit: 12.920000 bestmemit:    0.366696    0.021972    0.032436    0.057236    0.790045    1.232386    0.957822    1.675886    0.739423    0.111334    0.557624    0.360990    1.816051    0.085992    0.085951    0.038352   15.464732   13.662442    4.974092   -7.003049   -4.788764   -0.333216
Iteration: 551 bestvalit: 12.920000 bestmemit:    0.366696    0.021972    0.032436    0.057236    0.790045    1.232386    0.957822    1.675886    0.739423    0.111334    0.557624    0.360990    1.816051    0.085992    0.085951    0.038352   15.464732   13.662442    4.974092   -7.003049   -4.788764   -0.333216
Iteration: 552 bestvalit: 12.920000 bestmemit:    0.366696    0.021972    0.032436    0.057236    0.790045    1.232386    0.957822    1.675886    0.739423    0.111334    0.557624    0.360990    1.816051    0.085992    0.085951    0.038352   15.464732   13.662442    4.974092   -7.003049   -4.788764   -0.333216
Iteration: 553 bestvalit: 12.920000 bestmemit:    0.366696    0.021972    0.032436    0.057236    0.790045    1.232386    0.957822    1.675886    0.739423    0.111334    0.557624    0.360990    1.816051    0.085992    0.085951    0.038352   15.464732   13.662442    4.974092   -7.003049   -4.788764   -0.333216
Iteration: 554 bestvalit: 12.920000 bestmemit:    0.366696    0.021972    0.032436    0.057236    0.790045    1.232386    0.957822    1.675886    0.739423    0.111334    0.557624    0.360990    1.816051    0.085992    0.085951    0.038352   15.464732   13.662442    4.974092   -7.003049   -4.788764   -0.333216
Iteration: 555 bestvalit: 12.920000 bestmemit:    0.366696    0.021972    0.032436    0.057236    0.790045    1.232386    0.957822    1.675886    0.739423    0.111334    0.557624    0.360990    1.816051    0.085992    0.085951    0.038352   15.464732   13.662442    4.974092   -7.003049   -4.788764   -0.333216
Iteration: 556 bestvalit: 12.920000 bestmemit:    0.366696    0.021972    0.032436    0.057236    0.790045    1.232386    0.957822    1.675886    0.739423    0.111334    0.557624    0.360990    1.816051    0.085992    0.085951    0.038352   15.464732   13.662442    4.974092   -7.003049   -4.788764   -0.333216
Iteration: 557 bestvalit: 12.920000 bestmemit:    0.366696    0.021972    0.032436    0.057236    0.790045    1.232386    0.957822    1.675886    0.739423    0.111334    0.557624    0.360990    1.816051    0.085992    0.085951    0.038352   15.464732   13.662442    4.974092   -7.003049   -4.788764   -0.333216
Iteration: 558 bestvalit: 12.920000 bestmemit:    0.366696    0.021972    0.032436    0.057236    0.790045    1.232386    0.957822    1.675886    0.739423    0.111334    0.557624    0.360990    1.816051    0.085992    0.085951    0.038352   15.464732   13.662442    4.974092   -7.003049   -4.788764   -0.333216
Iteration: 559 bestvalit: 12.920000 bestmemit:    0.366696    0.021972    0.032436    0.057236    0.790045    1.232386    0.957822    1.675886    0.739423    0.111334    0.557624    0.360990    1.816051    0.085992    0.085951    0.038352   15.464732   13.662442    4.974092   -7.003049   -4.788764   -0.333216
Iteration: 560 bestvalit: 12.920000 bestmemit:    0.366696    0.021972    0.032436    0.057236    0.790045    1.232386    0.957822    1.675886    0.739423    0.111334    0.557624    0.360990    1.816051    0.085992    0.085951    0.038352   15.464732   13.662442    4.974092   -7.003049   -4.788764   -0.333216
Iteration: 561 bestvalit: 12.920000 bestmemit:    0.366696    0.021972    0.032436    0.057236    0.790045    1.232386    0.957822    1.675886    0.739423    0.111334    0.557624    0.360990    1.816051    0.085992    0.085951    0.038352   15.464732   13.662442    4.974092   -7.003049   -4.788764   -0.333216
Iteration: 562 bestvalit: 12.920000 bestmemit:    0.366696    0.021972    0.032436    0.057236    0.790045    1.232386    0.957822    1.675886    0.739423    0.111334    0.557624    0.360990    1.816051    0.085992    0.085951    0.038352   15.464732   13.662442    4.974092   -7.003049   -4.788764   -0.333216
Iteration: 563 bestvalit: 12.920000 bestmemit:    0.366696    0.021972    0.032436    0.057236    0.790045    1.232386    0.957822    1.675886    0.739423    0.111334    0.557624    0.360990    1.816051    0.085992    0.085951    0.038352   15.464732   13.662442    4.974092   -7.003049   -4.788764   -0.333216
Iteration: 564 bestvalit: 12.920000 bestmemit:    0.366696    0.021972    0.032436    0.057236    0.790045    1.232386    0.957822    1.675886    0.739423    0.111334    0.557624    0.360990    1.816051    0.085992    0.085951    0.038352   15.464732   13.662442    4.974092   -7.003049   -4.788764   -0.333216
Iteration: 565 bestvalit: 12.920000 bestmemit:    0.366696    0.021972    0.032436    0.057236    0.790045    1.232386    0.957822    1.675886    0.739423    0.111334    0.557624    0.360990    1.816051    0.085992    0.085951    0.038352   15.464732   13.662442    4.974092   -7.003049   -4.788764   -0.333216
Iteration: 566 bestvalit: 12.920000 bestmemit:    0.366696    0.021972    0.032436    0.057236    0.790045    1.232386    0.957822    1.675886    0.739423    0.111334    0.557624    0.360990    1.816051    0.085992    0.085951    0.038352   15.464732   13.662442    4.974092   -7.003049   -4.788764   -0.333216
Iteration: 567 bestvalit: 12.920000 bestmemit:    0.366696    0.021972    0.032436    0.057236    0.790045    1.232386    0.957822    1.675886    0.739423    0.111334    0.557624    0.360990    1.816051    0.085992    0.085951    0.038352   15.464732   13.662442    4.974092   -7.003049   -4.788764   -0.333216
Iteration: 568 bestvalit: 12.920000 bestmemit:    0.366696    0.021972    0.032436    0.057236    0.790045    1.232386    0.957822    1.675886    0.739423    0.111334    0.557624    0.360990    1.816051    0.085992    0.085951    0.038352   15.464732   13.662442    4.974092   -7.003049   -4.788764   -0.333216
Iteration: 569 bestvalit: 12.920000 bestmemit:    0.366696    0.021972    0.032436    0.057236    0.790045    1.232386    0.957822    1.675886    0.739423    0.111334    0.557624    0.360990    1.816051    0.085992    0.085951    0.038352   15.464732   13.662442    4.974092   -7.003049   -4.788764   -0.333216
Iteration: 570 bestvalit: 12.920000 bestmemit:    0.366696    0.021972    0.032436    0.057236    0.790045    1.232386    0.957822    1.675886    0.739423    0.111334    0.557624    0.360990    1.816051    0.085992    0.085951    0.038352   15.464732   13.662442    4.974092   -7.003049   -4.788764   -0.333216
Iteration: 571 bestvalit: 12.920000 bestmemit:    0.366696    0.021972    0.032436    0.057236    0.790045    1.232386    0.957822    1.675886    0.739423    0.111334    0.557624    0.360990    1.816051    0.085992    0.085951    0.038352   15.464732   13.662442    4.974092   -7.003049   -4.788764   -0.333216
Iteration: 572 bestvalit: 12.920000 bestmemit:    0.366696    0.021972    0.032436    0.057236    0.790045    1.232386    0.957822    1.675886    0.739423    0.111334    0.557624    0.360990    1.816051    0.085992    0.085951    0.038352   15.464732   13.662442    4.974092   -7.003049   -4.788764   -0.333216
Iteration: 573 bestvalit: 12.920000 bestmemit:    0.366696    0.021972    0.032436    0.057236    0.790045    1.232386    0.957822    1.675886    0.739423    0.111334    0.557624    0.360990    1.816051    0.085992    0.085951    0.038352   15.464732   13.662442    4.974092   -7.003049   -4.788764   -0.333216
Iteration: 574 bestvalit: 12.920000 bestmemit:    0.366696    0.021972    0.032436    0.057236    0.790045    1.232386    0.957822    1.675886    0.739423    0.111334    0.557624    0.360990    1.816051    0.085992    0.085951    0.038352   15.464732   13.662442    4.974092   -7.003049   -4.788764   -0.333216
Iteration: 575 bestvalit: 12.920000 bestmemit:    0.366696    0.021972    0.032436    0.057236    0.790045    1.232386    0.957822    1.675886    0.739423    0.111334    0.557624    0.360990    1.816051    0.085992    0.085951    0.038352   15.464732   13.662442    4.974092   -7.003049   -4.788764   -0.333216
Iteration: 576 bestvalit: 12.920000 bestmemit:    0.366696    0.021972    0.032436    0.057236    0.790045    1.232386    0.957822    1.675886    0.739423    0.111334    0.557624    0.360990    1.816051    0.085992    0.085951    0.038352   15.464732   13.662442    4.974092   -7.003049   -4.788764   -0.333216
Iteration: 577 bestvalit: 12.920000 bestmemit:    0.366696    0.021972    0.032436    0.057236    0.790045    1.232386    0.957822    1.675886    0.739423    0.111334    0.557624    0.360990    1.816051    0.085992    0.085951    0.038352   15.464732   13.662442    4.974092   -7.003049   -4.788764   -0.333216
Iteration: 578 bestvalit: 12.920000 bestmemit:    0.366696    0.021972    0.032436    0.057236    0.790045    1.232386    0.957822    1.675886    0.739423    0.111334    0.557624    0.360990    1.816051    0.085992    0.085951    0.038352   15.464732   13.662442    4.974092   -7.003049   -4.788764   -0.333216
Iteration: 579 bestvalit: 12.920000 bestmemit:    0.366696    0.021972    0.032436    0.057236    0.790045    1.232386    0.957822    1.675886    0.739423    0.111334    0.557624    0.360990    1.816051    0.085992    0.085951    0.038352   15.464732   13.662442    4.974092   -7.003049   -4.788764   -0.333216
Iteration: 580 bestvalit: 12.920000 bestmemit:    0.366696    0.021972    0.032436    0.057236    0.790045    1.232386    0.957822    1.675886    0.739423    0.111334    0.557624    0.360990    1.816051    0.085992    0.085951    0.038352   15.464732   13.662442    4.974092   -7.003049   -4.788764   -0.333216
Iteration: 581 bestvalit: 12.920000 bestmemit:    0.366696    0.021972    0.032436    0.057236    0.790045    1.232386    0.957822    1.675886    0.739423    0.111334    0.557624    0.360990    1.816051    0.085992    0.085951    0.038352   15.464732   13.662442    4.974092   -7.003049   -4.788764   -0.333216
Iteration: 582 bestvalit: 12.920000 bestmemit:    0.366696    0.021972    0.032436    0.057236    0.790045    1.232386    0.957822    1.675886    0.739423    0.111334    0.557624    0.360990    1.816051    0.085992    0.085951    0.038352   15.464732   13.662442    4.974092   -7.003049   -4.788764   -0.333216
Iteration: 583 bestvalit: 12.920000 bestmemit:    0.366696    0.021972    0.032436    0.057236    0.790045    1.232386    0.957822    1.675886    0.739423    0.111334    0.557624    0.360990    1.816051    0.085992    0.085951    0.038352   15.464732   13.662442    4.974092   -7.003049   -4.788764   -0.333216
Iteration: 584 bestvalit: 12.920000 bestmemit:    0.366696    0.021972    0.032436    0.057236    0.790045    1.232386    0.957822    1.675886    0.739423    0.111334    0.557624    0.360990    1.816051    0.085992    0.085951    0.038352   15.464732   13.662442    4.974092   -7.003049   -4.788764   -0.333216
Iteration: 585 bestvalit: 12.920000 bestmemit:    0.366696    0.021972    0.032436    0.057236    0.790045    1.232386    0.957822    1.675886    0.739423    0.111334    0.557624    0.360990    1.816051    0.085992    0.085951    0.038352   15.464732   13.662442    4.974092   -7.003049   -4.788764   -0.333216
Iteration: 586 bestvalit: 12.920000 bestmemit:    0.366696    0.021972    0.032436    0.057236    0.790045    1.232386    0.957822    1.675886    0.739423    0.111334    0.557624    0.360990    1.816051    0.085992    0.085951    0.038352   15.464732   13.662442    4.974092   -7.003049   -4.788764   -0.333216
Iteration: 587 bestvalit: 12.920000 bestmemit:    0.366696    0.021972    0.032436    0.057236    0.790045    1.232386    0.957822    1.675886    0.739423    0.111334    0.557624    0.360990    1.816051    0.085992    0.085951    0.038352   15.464732   13.662442    4.974092   -7.003049   -4.788764   -0.333216
Iteration: 588 bestvalit: 12.920000 bestmemit:    0.366696    0.021972    0.032436    0.057236    0.790045    1.232386    0.957822    1.675886    0.739423    0.111334    0.557624    0.360990    1.816051    0.085992    0.085951    0.038352   15.464732   13.662442    4.974092   -7.003049   -4.788764   -0.333216
Iteration: 589 bestvalit: 12.920000 bestmemit:    0.366696    0.021972    0.032436    0.057236    0.790045    1.232386    0.957822    1.675886    0.739423    0.111334    0.557624    0.360990    1.816051    0.085992    0.085951    0.038352   15.464732   13.662442    4.974092   -7.003049   -4.788764   -0.333216
Iteration: 590 bestvalit: 12.920000 bestmemit:    0.366696    0.021972    0.032436    0.057236    0.790045    1.232386    0.957822    1.675886    0.739423    0.111334    0.557624    0.360990    1.816051    0.085992    0.085951    0.038352   15.464732   13.662442    4.974092   -7.003049   -4.788764   -0.333216
Iteration: 591 bestvalit: 12.920000 bestmemit:    0.366696    0.021972    0.032436    0.057236    0.790045    1.232386    0.957822    1.675886    0.739423    0.111334    0.557624    0.360990    1.816051    0.085992    0.085951    0.038352   15.464732   13.662442    4.974092   -7.003049   -4.788764   -0.333216
Iteration: 592 bestvalit: 12.920000 bestmemit:    0.366696    0.021972    0.032436    0.057236    0.790045    1.232386    0.957822    1.675886    0.739423    0.111334    0.557624    0.360990    1.816051    0.085992    0.085951    0.038352   15.464732   13.662442    4.974092   -7.003049   -4.788764   -0.333216
Iteration: 593 bestvalit: 12.920000 bestmemit:    0.366696    0.021972    0.032436    0.057236    0.790045    1.232386    0.957822    1.675886    0.739423    0.111334    0.557624    0.360990    1.816051    0.085992    0.085951    0.038352   15.464732   13.662442    4.974092   -7.003049   -4.788764   -0.333216
Iteration: 594 bestvalit: 12.920000 bestmemit:    0.366696    0.021972    0.032436    0.057236    0.790045    1.232386    0.957822    1.675886    0.739423    0.111334    0.557624    0.360990    1.816051    0.085992    0.085951    0.038352   15.464732   13.662442    4.974092   -7.003049   -4.788764   -0.333216
Iteration: 595 bestvalit: 12.920000 bestmemit:    0.366696    0.021972    0.032436    0.057236    0.790045    1.232386    0.957822    1.675886    0.739423    0.111334    0.557624    0.360990    1.816051    0.085992    0.085951    0.038352   15.464732   13.662442    4.974092   -7.003049   -4.788764   -0.333216
Iteration: 596 bestvalit: 12.920000 bestmemit:    0.366696    0.021972    0.032436    0.057236    0.790045    1.232386    0.957822    1.675886    0.739423    0.111334    0.557624    0.360990    1.816051    0.085992    0.085951    0.038352   15.464732   13.662442    4.974092   -7.003049   -4.788764   -0.333216
Iteration: 597 bestvalit: 12.920000 bestmemit:    0.366696    0.021972    0.032436    0.057236    0.790045    1.232386    0.957822    1.675886    0.739423    0.111334    0.557624    0.360990    1.816051    0.085992    0.085951    0.038352   15.464732   13.662442    4.974092   -7.003049   -4.788764   -0.333216
Iteration: 598 bestvalit: 12.920000 bestmemit:    0.366696    0.021972    0.032436    0.057236    0.790045    1.232386    0.957822    1.675886    0.739423    0.111334    0.557624    0.360990    1.816051    0.085992    0.085951    0.038352   15.464732   13.662442    4.974092   -7.003049   -4.788764   -0.333216
Iteration: 599 bestvalit: 12.920000 bestmemit:    0.366696    0.021972    0.032436    0.057236    0.790045    1.232386    0.957822    1.675886    0.739423    0.111334    0.557624    0.360990    1.816051    0.085992    0.085951    0.038352   15.464732   13.662442    4.974092   -7.003049   -4.788764   -0.333216
Iteration: 600 bestvalit: 12.920000 bestmemit:    0.366696    0.021972    0.032436    0.057236    0.790045    1.232386    0.957822    1.675886    0.739423    0.111334    0.557624    0.360990    1.816051    0.085992    0.085951    0.038352   15.464732   13.662442    4.974092   -7.003049   -4.788764   -0.333216
Iteration: 601 bestvalit: 12.920000 bestmemit:    0.366696    0.021972    0.032436    0.057236    0.790045    1.232386    0.957822    1.675886    0.739423    0.111334    0.557624    0.360990    1.816051    0.085992    0.085951    0.038352   15.464732   13.662442    4.974092   -7.003049   -4.788764   -0.333216
Iteration: 602 bestvalit: 12.920000 bestmemit:    0.366696    0.021972    0.032436    0.057236    0.790045    1.232386    0.957822    1.675886    0.739423    0.111334    0.557624    0.360990    1.816051    0.085992    0.085951    0.038352   15.464732   13.662442    4.974092   -7.003049   -4.788764   -0.333216
Iteration: 603 bestvalit: 12.920000 bestmemit:    0.366696    0.021972    0.032436    0.057236    0.790045    1.232386    0.957822    1.675886    0.739423    0.111334    0.557624    0.360990    1.816051    0.085992    0.085951    0.038352   15.464732   13.662442    4.974092   -7.003049   -4.788764   -0.333216
Iteration: 604 bestvalit: 12.920000 bestmemit:    0.366696    0.021972    0.032436    0.057236    0.790045    1.232386    0.957822    1.675886    0.739423    0.111334    0.557624    0.360990    1.816051    0.085992    0.085951    0.038352   15.464732   13.662442    4.974092   -7.003049   -4.788764   -0.333216
Iteration: 605 bestvalit: 12.920000 bestmemit:    0.366696    0.021972    0.032436    0.057236    0.790045    1.232386    0.957822    1.675886    0.739423    0.111334    0.557624    0.360990    1.816051    0.085992    0.085951    0.038352   15.464732   13.662442    4.974092   -7.003049   -4.788764   -0.333216
Iteration: 606 bestvalit: 12.920000 bestmemit:    0.366696    0.021972    0.032436    0.057236    0.790045    1.232386    0.957822    1.675886    0.739423    0.111334    0.557624    0.360990    1.816051    0.085992    0.085951    0.038352   15.464732   13.662442    4.974092   -7.003049   -4.788764   -0.333216
Iteration: 607 bestvalit: 12.920000 bestmemit:    0.366696    0.021972    0.032436    0.057236    0.790045    1.232386    0.957822    1.675886    0.739423    0.111334    0.557624    0.360990    1.816051    0.085992    0.085951    0.038352   15.464732   13.662442    4.974092   -7.003049   -4.788764   -0.333216
Iteration: 608 bestvalit: 12.920000 bestmemit:    0.366696    0.021972    0.032436    0.057236    0.790045    1.232386    0.957822    1.675886    0.739423    0.111334    0.557624    0.360990    1.816051    0.085992    0.085951    0.038352   15.464732   13.662442    4.974092   -7.003049   -4.788764   -0.333216
Iteration: 609 bestvalit: 12.920000 bestmemit:    0.366696    0.021972    0.032436    0.057236    0.790045    1.232386    0.957822    1.675886    0.739423    0.111334    0.557624    0.360990    1.816051    0.085992    0.085951    0.038352   15.464732   13.662442    4.974092   -7.003049   -4.788764   -0.333216
Iteration: 610 bestvalit: 12.920000 bestmemit:    0.366696    0.021972    0.032436    0.057236    0.790045    1.232386    0.957822    1.675886    0.739423    0.111334    0.557624    0.360990    1.816051    0.085992    0.085951    0.038352   15.464732   13.662442    4.974092   -7.003049   -4.788764   -0.333216
Iteration: 611 bestvalit: 12.920000 bestmemit:    0.366696    0.021972    0.032436    0.057236    0.790045    1.232386    0.957822    1.675886    0.739423    0.111334    0.557624    0.360990    1.816051    0.085992    0.085951    0.038352   15.464732   13.662442    4.974092   -7.003049   -4.788764   -0.333216
Iteration: 612 bestvalit: 12.920000 bestmemit:    0.366696    0.021972    0.032436    0.057236    0.790045    1.232386    0.957822    1.675886    0.739423    0.111334    0.557624    0.360990    1.816051    0.085992    0.085951    0.038352   15.464732   13.662442    4.974092   -7.003049   -4.788764   -0.333216
Iteration: 613 bestvalit: 12.920000 bestmemit:    0.366696    0.021972    0.032436    0.057236    0.790045    1.232386    0.957822    1.675886    0.739423    0.111334    0.557624    0.360990    1.816051    0.085992    0.085951    0.038352   15.464732   13.662442    4.974092   -7.003049   -4.788764   -0.333216
Iteration: 614 bestvalit: 12.920000 bestmemit:    0.366696    0.021972    0.032436    0.057236    0.790045    1.232386    0.957822    1.675886    0.739423    0.111334    0.557624    0.360990    1.816051    0.085992    0.085951    0.038352   15.464732   13.662442    4.974092   -7.003049   -4.788764   -0.333216
Iteration: 615 bestvalit: 12.920000 bestmemit:    0.366696    0.021972    0.032436    0.057236    0.790045    1.232386    0.957822    1.675886    0.739423    0.111334    0.557624    0.360990    1.816051    0.085992    0.085951    0.038352   15.464732   13.662442    4.974092   -7.003049   -4.788764   -0.333216
Iteration: 616 bestvalit: 12.920000 bestmemit:    0.366696    0.021972    0.032436    0.057236    0.790045    1.232386    0.957822    1.675886    0.739423    0.111334    0.557624    0.360990    1.816051    0.085992    0.085951    0.038352   15.464732   13.662442    4.974092   -7.003049   -4.788764   -0.333216
Iteration: 617 bestvalit: 12.920000 bestmemit:    0.366696    0.021972    0.032436    0.057236    0.790045    1.232386    0.957822    1.675886    0.739423    0.111334    0.557624    0.360990    1.816051    0.085992    0.085951    0.038352   15.464732   13.662442    4.974092   -7.003049   -4.788764   -0.333216
Iteration: 618 bestvalit: 12.920000 bestmemit:    0.366696    0.021972    0.032436    0.057236    0.790045    1.232386    0.957822    1.675886    0.739423    0.111334    0.557624    0.360990    1.816051    0.085992    0.085951    0.038352   15.464732   13.662442    4.974092   -7.003049   -4.788764   -0.333216
Iteration: 619 bestvalit: 12.920000 bestmemit:    0.366696    0.021972    0.032436    0.057236    0.790045    1.232386    0.957822    1.675886    0.739423    0.111334    0.557624    0.360990    1.816051    0.085992    0.085951    0.038352   15.464732   13.662442    4.974092   -7.003049   -4.788764   -0.333216
Iteration: 620 bestvalit: 12.920000 bestmemit:    0.366696    0.021972    0.032436    0.057236    0.790045    1.232386    0.957822    1.675886    0.739423    0.111334    0.557624    0.360990    1.816051    0.085992    0.085951    0.038352   15.464732   13.662442    4.974092   -7.003049   -4.788764   -0.333216
Iteration: 621 bestvalit: 12.920000 bestmemit:    0.366696    0.021972    0.032436    0.057236    0.790045    1.232386    0.957822    1.675886    0.739423    0.111334    0.557624    0.360990    1.816051    0.085992    0.085951    0.038352   15.464732   13.662442    4.974092   -7.003049   -4.788764   -0.333216
Iteration: 622 bestvalit: 12.920000 bestmemit:    0.366696    0.021972    0.032436    0.057236    0.790045    1.232386    0.957822    1.675886    0.739423    0.111334    0.557624    0.360990    1.816051    0.085992    0.085951    0.038352   15.464732   13.662442    4.974092   -7.003049   -4.788764   -0.333216
Iteration: 623 bestvalit: 12.920000 bestmemit:    0.366696    0.021972    0.032436    0.057236    0.790045    1.232386    0.957822    1.675886    0.739423    0.111334    0.557624    0.360990    1.816051    0.085992    0.085951    0.038352   15.464732   13.662442    4.974092   -7.003049   -4.788764   -0.333216
Iteration: 624 bestvalit: 12.920000 bestmemit:    0.366696    0.021972    0.032436    0.057236    0.790045    1.232386    0.957822    1.675886    0.739423    0.111334    0.557624    0.360990    1.816051    0.085992    0.085951    0.038352   15.464732   13.662442    4.974092   -7.003049   -4.788764   -0.333216
Iteration: 625 bestvalit: 12.920000 bestmemit:    0.366696    0.021972    0.032436    0.057236    0.790045    1.232386    0.957822    1.675886    0.739423    0.111334    0.557624    0.360990    1.816051    0.085992    0.085951    0.038352   15.464732   13.662442    4.974092   -7.003049   -4.788764   -0.333216
Iteration: 626 bestvalit: 12.920000 bestmemit:    0.366696    0.021972    0.032436    0.057236    0.790045    1.232386    0.957822    1.675886    0.739423    0.111334    0.557624    0.360990    1.816051    0.085992    0.085951    0.038352   15.464732   13.662442    4.974092   -7.003049   -4.788764   -0.333216
Iteration: 627 bestvalit: 12.920000 bestmemit:    0.366696    0.021972    0.032436    0.057236    0.790045    1.232386    0.957822    1.675886    0.739423    0.111334    0.557624    0.360990    1.816051    0.085992    0.085951    0.038352   15.464732   13.662442    4.974092   -7.003049   -4.788764   -0.333216
Iteration: 628 bestvalit: 12.920000 bestmemit:    0.366696    0.021972    0.032436    0.057236    0.790045    1.232386    0.957822    1.675886    0.739423    0.111334    0.557624    0.360990    1.816051    0.085992    0.085951    0.038352   15.464732   13.662442    4.974092   -7.003049   -4.788764   -0.333216
Iteration: 629 bestvalit: 12.920000 bestmemit:    0.366696    0.021972    0.032436    0.057236    0.790045    1.232386    0.957822    1.675886    0.739423    0.111334    0.557624    0.360990    1.816051    0.085992    0.085951    0.038352   15.464732   13.662442    4.974092   -7.003049   -4.788764   -0.333216
Iteration: 630 bestvalit: 12.920000 bestmemit:    0.366696    0.021972    0.032436    0.057236    0.790045    1.232386    0.957822    1.675886    0.739423    0.111334    0.557624    0.360990    1.816051    0.085992    0.085951    0.038352   15.464732   13.662442    4.974092   -7.003049   -4.788764   -0.333216
Iteration: 631 bestvalit: 12.920000 bestmemit:    0.366696    0.021972    0.032436    0.057236    0.790045    1.232386    0.957822    1.675886    0.739423    0.111334    0.557624    0.360990    1.816051    0.085992    0.085951    0.038352   15.464732   13.662442    4.974092   -7.003049   -4.788764   -0.333216
Iteration: 632 bestvalit: 12.920000 bestmemit:    0.366696    0.021972    0.032436    0.057236    0.790045    1.232386    0.957822    1.675886    0.739423    0.111334    0.557624    0.360990    1.816051    0.085992    0.085951    0.038352   15.464732   13.662442    4.974092   -7.003049   -4.788764   -0.333216
Iteration: 633 bestvalit: 12.920000 bestmemit:    0.366696    0.021972    0.032436    0.057236    0.790045    1.232386    0.957822    1.675886    0.739423    0.111334    0.557624    0.360990    1.816051    0.085992    0.085951    0.038352   15.464732   13.662442    4.974092   -7.003049   -4.788764   -0.333216
Iteration: 634 bestvalit: 12.920000 bestmemit:    0.366696    0.021972    0.032436    0.057236    0.790045    1.232386    0.957822    1.675886    0.739423    0.111334    0.557624    0.360990    1.816051    0.085992    0.085951    0.038352   15.464732   13.662442    4.974092   -7.003049   -4.788764   -0.333216
Iteration: 635 bestvalit: 12.920000 bestmemit:    0.366696    0.021972    0.032436    0.057236    0.790045    1.232386    0.957822    1.675886    0.739423    0.111334    0.557624    0.360990    1.816051    0.085992    0.085951    0.038352   15.464732   13.662442    4.974092   -7.003049   -4.788764   -0.333216
Iteration: 636 bestvalit: 12.920000 bestmemit:    0.366696    0.021972    0.032436    0.057236    0.790045    1.232386    0.957822    1.675886    0.739423    0.111334    0.557624    0.360990    1.816051    0.085992    0.085951    0.038352   15.464732   13.662442    4.974092   -7.003049   -4.788764   -0.333216
Iteration: 637 bestvalit: 12.920000 bestmemit:    0.366696    0.021972    0.032436    0.057236    0.790045    1.232386    0.957822    1.675886    0.739423    0.111334    0.557624    0.360990    1.816051    0.085992    0.085951    0.038352   15.464732   13.662442    4.974092   -7.003049   -4.788764   -0.333216
Iteration: 638 bestvalit: 12.920000 bestmemit:    0.366696    0.021972    0.032436    0.057236    0.790045    1.232386    0.957822    1.675886    0.739423    0.111334    0.557624    0.360990    1.816051    0.085992    0.085951    0.038352   15.464732   13.662442    4.974092   -7.003049   -4.788764   -0.333216
Iteration: 639 bestvalit: 12.920000 bestmemit:    0.366696    0.021972    0.032436    0.057236    0.790045    1.232386    0.957822    1.675886    0.739423    0.111334    0.557624    0.360990    1.816051    0.085992    0.085951    0.038352   15.464732   13.662442    4.974092   -7.003049   -4.788764   -0.333216
Iteration: 640 bestvalit: 12.920000 bestmemit:    0.366696    0.021972    0.032436    0.057236    0.790045    1.232386    0.957822    1.675886    0.739423    0.111334    0.557624    0.360990    1.816051    0.085992    0.085951    0.038352   15.464732   13.662442    4.974092   -7.003049   -4.788764   -0.333216
Iteration: 641 bestvalit: 12.920000 bestmemit:    0.366696    0.021972    0.032436    0.057236    0.790045    1.232386    0.957822    1.675886    0.739423    0.111334    0.557624    0.360990    1.816051    0.085992    0.085951    0.038352   15.464732   13.662442    4.974092   -7.003049   -4.788764   -0.333216
Iteration: 642 bestvalit: 12.920000 bestmemit:    0.366696    0.021972    0.032436    0.057236    0.790045    1.232386    0.957822    1.675886    0.739423    0.111334    0.557624    0.360990    1.816051    0.085992    0.085951    0.038352   15.464732   13.662442    4.974092   -7.003049   -4.788764   -0.333216
Iteration: 643 bestvalit: 12.920000 bestmemit:    0.366696    0.021972    0.032436    0.057236    0.790045    1.232386    0.957822    1.675886    0.739423    0.111334    0.557624    0.360990    1.816051    0.085992    0.085951    0.038352   15.464732   13.662442    4.974092   -7.003049   -4.788764   -0.333216
Iteration: 644 bestvalit: 12.920000 bestmemit:    0.366696    0.021972    0.032436    0.057236    0.790045    1.232386    0.957822    1.675886    0.739423    0.111334    0.557624    0.360990    1.816051    0.085992    0.085951    0.038352   15.464732   13.662442    4.974092   -7.003049   -4.788764   -0.333216
Iteration: 645 bestvalit: 12.920000 bestmemit:    0.366696    0.021972    0.032436    0.057236    0.790045    1.232386    0.957822    1.675886    0.739423    0.111334    0.557624    0.360990    1.816051    0.085992    0.085951    0.038352   15.464732   13.662442    4.974092   -7.003049   -4.788764   -0.333216
Iteration: 646 bestvalit: 12.920000 bestmemit:    0.366696    0.021972    0.032436    0.057236    0.790045    1.232386    0.957822    1.675886    0.739423    0.111334    0.557624    0.360990    1.816051    0.085992    0.085951    0.038352   15.464732   13.662442    4.974092   -7.003049   -4.788764   -0.333216
Iteration: 647 bestvalit: 12.920000 bestmemit:    0.366696    0.021972    0.032436    0.057236    0.790045    1.232386    0.957822    1.675886    0.739423    0.111334    0.557624    0.360990    1.816051    0.085992    0.085951    0.038352   15.464732   13.662442    4.974092   -7.003049   -4.788764   -0.333216
Iteration: 648 bestvalit: 12.920000 bestmemit:    0.366696    0.021972    0.032436    0.057236    0.790045    1.232386    0.957822    1.675886    0.739423    0.111334    0.557624    0.360990    1.816051    0.085992    0.085951    0.038352   15.464732   13.662442    4.974092   -7.003049   -4.788764   -0.333216
Iteration: 649 bestvalit: 12.920000 bestmemit:    0.366696    0.021972    0.032436    0.057236    0.790045    1.232386    0.957822    1.675886    0.739423    0.111334    0.557624    0.360990    1.816051    0.085992    0.085951    0.038352   15.464732   13.662442    4.974092   -7.003049   -4.788764   -0.333216
Iteration: 650 bestvalit: 12.920000 bestmemit:    0.366696    0.021972    0.032436    0.057236    0.790045    1.232386    0.957822    1.675886    0.739423    0.111334    0.557624    0.360990    1.816051    0.085992    0.085951    0.038352   15.464732   13.662442    5.052065   -7.003049   -4.788764   -0.333216
Iteration: 651 bestvalit: 12.920000 bestmemit:    0.366696    0.021972    0.032436    0.057236    0.790045    1.232386    0.957822    1.675886    0.739423    0.111334    0.557624    0.360990    1.816051    0.085992    0.085951    0.038352   15.464732   13.662442    5.052065   -7.003049   -4.788764   -0.333216
Iteration: 652 bestvalit: 12.920000 bestmemit:    0.366696    0.021972    0.032436    0.057236    0.790045    1.232386    0.957822    1.675886    0.739423    0.111334    0.557624    0.360990    1.816051    0.085992    0.085951    0.038352   15.464732   13.662442    5.052065   -7.003049   -4.788764   -0.333216
Iteration: 653 bestvalit: 12.920000 bestmemit:    0.366696    0.021972    0.032436    0.057236    0.790045    1.232386    0.957822    1.675886    0.739423    0.111334    0.557624    0.360990    1.816051    0.085992    0.085951    0.038352   15.464732   13.662442    5.052065   -7.003049   -4.788764   -0.333216
Iteration: 654 bestvalit: 12.920000 bestmemit:    0.366696    0.021972    0.032436    0.057236    0.790045    1.232386    0.957822    1.675886    0.739423    0.111334    0.557624    0.360990    1.816051    0.085992    0.085951    0.038352   15.464732   13.662442    5.052065   -7.003049   -4.788764   -0.333216
Iteration: 655 bestvalit: 12.920000 bestmemit:    0.366696    0.021972    0.032436    0.057236    0.790045    1.232386    0.957822    1.675886    0.739423    0.111334    0.557624    0.360990    1.816051    0.085992    0.085951    0.038352   15.464732   13.662442    5.052065   -7.003049   -4.788764   -0.333216
Iteration: 656 bestvalit: 12.920000 bestmemit:    0.366696    0.021972    0.032436    0.057236    0.790045    1.232386    0.957822    1.675886    0.739423    0.111334    0.557624    0.360990    1.816051    0.085992    0.085951    0.038352   15.464732   13.662442    5.052065   -7.003049   -4.788764   -0.333216
Iteration: 657 bestvalit: 12.920000 bestmemit:    0.366696    0.021972    0.032436    0.057236    0.790045    1.232386    0.957822    1.675886    0.739423    0.111334    0.557624    0.360990    1.816051    0.085992    0.085951    0.038352   15.464732   13.662442    5.052065   -7.003049   -4.788764   -0.333216
Iteration: 658 bestvalit: 12.920000 bestmemit:    0.366696    0.021972    0.032436    0.057236    0.790045    1.232386    0.957822    1.675886    0.739423    0.111334    0.557624    0.360990    1.816051    0.085992    0.085951    0.038352   15.464732   13.662442    5.052065   -7.003049   -4.788764   -0.333216
Iteration: 659 bestvalit: 12.920000 bestmemit:    0.366696    0.021972    0.032436    0.057236    0.790045    1.232386    0.957822    1.675886    0.739423    0.111334    0.557624    0.360990    1.816051    0.085992    0.085951    0.038352   15.464732   13.662442    5.052065   -7.003049   -4.788764   -0.333216
Iteration: 660 bestvalit: 12.920000 bestmemit:    0.366696    0.021972    0.032436    0.057236    0.790045    1.232386    0.957822    1.675886    0.739423    0.111334    0.557624    0.360990    1.816051    0.085992    0.085951    0.038352   15.464732   13.662442    5.052065   -7.003049   -4.788764   -0.333216
Iteration: 661 bestvalit: 12.920000 bestmemit:    0.366696    0.021972    0.032436    0.057236    0.790045    1.232386    0.957822    1.675886    0.739423    0.111334    0.557624    0.360990    1.816051    0.085992    0.085951    0.038352   15.464732   13.662442    5.052065   -7.003049   -4.788764   -0.333216
Iteration: 662 bestvalit: 12.920000 bestmemit:    0.366696    0.021972    0.032436    0.057236    0.790045    1.232386    0.957822    1.675886    0.739423    0.111334    0.557624    0.360990    1.816051    0.085992    0.085951    0.038352   15.464732   13.662442    5.052065   -7.003049   -4.788764   -0.333216
Iteration: 663 bestvalit: 12.920000 bestmemit:    0.366696    0.021972    0.032436    0.057236    0.790045    1.232386    0.957822    1.675886    0.739423    0.111334    0.557624    0.360990    1.810589    0.085992    0.085951    0.038352   15.464732   13.662442    5.052065   -7.003049   -4.788764   -0.333216
Iteration: 664 bestvalit: 12.920000 bestmemit:    0.366696    0.021972    0.032436    0.057236    0.790045    1.232386    0.957822    1.675886    0.739423    0.111334    0.557624    0.360990    1.810589    0.085992    0.085951    0.038352   15.464732   13.662442    5.052065   -7.003049   -4.788764   -0.333216
Iteration: 665 bestvalit: 12.920000 bestmemit:    0.366696    0.021972    0.032436    0.057236    0.790045    1.232386    0.957822    1.675886    0.739423    0.111334    0.557624    0.360990    1.810589    0.085992    0.085951    0.038352   15.464732   13.662442    5.052065   -7.003049   -4.788764   -0.333216
Iteration: 666 bestvalit: 12.920000 bestmemit:    0.366696    0.021972    0.032436    0.057236    0.790045    1.232386    0.957822    1.675886    0.739423    0.111334    0.557624    0.360990    1.810589    0.085992    0.085951    0.038352   15.464732   13.662442    5.052065   -7.003049   -4.788764   -0.333216
Iteration: 667 bestvalit: 12.920000 bestmemit:    0.366696    0.021972    0.032436    0.057236    0.790045    1.232386    0.957822    1.675886    0.739423    0.111334    0.557624    0.360990    1.810589    0.085992    0.085951    0.038352   15.464732   13.662442    5.052065   -7.003049   -4.788764   -0.333216
Iteration: 668 bestvalit: 12.920000 bestmemit:    0.366696    0.021972    0.032436    0.057236    0.790045    1.232386    0.957822    1.675886    0.739423    0.111334    0.557624    0.360990    1.810589    0.085992    0.085951    0.038352   15.464732   13.662442    5.052065   -7.003049   -4.788764   -0.333216
Iteration: 669 bestvalit: 12.920000 bestmemit:    0.366696    0.021972    0.032436    0.057236    0.790045    1.232386    0.957822    1.675886    0.739423    0.111334    0.557624    0.360990    1.810589    0.085992    0.085951    0.038352   15.464732   13.662442    5.052065   -7.003049   -4.788764   -0.333216
Iteration: 670 bestvalit: 12.920000 bestmemit:    0.366696    0.021972    0.032436    0.057236    0.790045    1.232386    0.957822    1.675886    0.739423    0.111334    0.557624    0.360990    1.810589    0.085992    0.085951    0.038352   15.464732   13.662442    5.052065   -7.003049   -4.788764   -0.333216
Iteration: 671 bestvalit: 12.920000 bestmemit:    0.366696    0.021972    0.032436    0.057236    0.790045    1.232386    0.957822    1.675886    0.739423    0.111334    0.557624    0.360990    1.810589    0.085992    0.085951    0.038352   15.464732   13.662442    5.052065   -7.003049   -4.788764   -0.333216
Iteration: 672 bestvalit: 12.920000 bestmemit:    0.366696    0.021972    0.032436    0.057236    0.790045    1.232386    0.957822    1.675886    0.739423    0.111334    0.557624    0.360990    1.810589    0.085992    0.085951    0.038352   15.464732   13.662442    5.052065   -7.003049   -4.788764   -0.333216
Iteration: 673 bestvalit: 12.920000 bestmemit:    0.366696    0.021972    0.032436    0.057236    0.790045    1.232386    0.957822    1.675886    0.739423    0.111334    0.557624    0.360990    1.810589    0.085992    0.085951    0.038352   15.464732   13.662442    5.052065   -7.003049   -4.788764   -0.333216
Iteration: 674 bestvalit: 12.920000 bestmemit:    0.366696    0.021972    0.032436    0.057236    0.790045    1.232386    0.957822    1.675886    0.739423    0.111334    0.557624    0.360990    1.810589    0.085992    0.085951    0.038352   15.464732   13.662442    5.052065   -7.003049   -4.788764   -0.333216
Iteration: 675 bestvalit: 12.920000 bestmemit:    0.366696    0.021972    0.032436    0.057236    0.790045    1.232386    0.957822    1.675886    0.739423    0.111334    0.557624    0.360990    1.810589    0.085992    0.085951    0.038352   15.464732   13.662442    5.052065   -7.003049   -4.788764   -0.333216
Iteration: 676 bestvalit: 12.920000 bestmemit:    0.366696    0.021972    0.032436    0.057236    0.790045    1.232386    0.957822    1.675886    0.739423    0.111334    0.557624    0.360990    1.810589    0.085992    0.085951    0.038352   15.464732   13.662442    5.052065   -7.003049   -4.788764   -0.333216
Iteration: 677 bestvalit: 12.920000 bestmemit:    0.366696    0.021972    0.032436    0.057236    0.790045    1.232386    0.957822    1.675886    0.739423    0.111334    0.557624    0.360990    1.810589    0.085992    0.085951    0.038352   15.464732   13.662442    5.052065   -7.003049   -4.788764   -0.333216
Iteration: 678 bestvalit: 12.920000 bestmemit:    0.366696    0.021972    0.032436    0.057236    0.790045    1.232386    0.957822    1.675886    0.739423    0.111334    0.557624    0.360990    1.810589    0.085992    0.085951    0.038352   15.464732   13.662442    5.052065   -7.003049   -4.788764   -0.333216
Iteration: 679 bestvalit: 12.920000 bestmemit:    0.366696    0.021972    0.032436    0.057236    0.790045    1.232386    0.957822    1.675886    0.739423    0.111334    0.557624    0.360990    1.810589    0.085992    0.085951    0.038352   15.464732   13.662442    5.052065   -7.003049   -4.788764   -0.333216
Iteration: 680 bestvalit: 12.920000 bestmemit:    0.366696    0.021972    0.032436    0.057236    0.790045    1.232386    0.957822    1.675886    0.739423    0.111334    0.557624    0.360990    1.810589    0.085992    0.085951    0.038352   15.464732   13.662442    5.052065   -7.003049   -4.788764   -0.333216
Iteration: 681 bestvalit: 12.920000 bestmemit:    0.366696    0.021972    0.032436    0.057236    0.790045    1.232386    0.957822    1.675886    0.739423    0.111334    0.557624    0.360990    1.810589    0.085992    0.085951    0.038352   15.464732   13.662442    5.052065   -7.003049   -4.788764   -0.333216
Iteration: 682 bestvalit: 12.920000 bestmemit:    0.366696    0.021972    0.032436    0.057236    0.790045    1.232386    0.957822    1.675886    0.739423    0.111334    0.557624    0.360990    1.810589    0.085992    0.085951    0.038352   15.464732   13.662442    5.052065   -7.003049   -4.788764   -0.333216
Iteration: 683 bestvalit: 12.920000 bestmemit:    0.366696    0.021972    0.032436    0.057236    0.790045    1.232386    0.957822    1.675886    0.739423    0.111334    0.557624    0.360990    1.810589    0.085992    0.085951    0.038352   15.464732   13.662442    5.052065   -7.003049   -4.788764   -0.333216
Iteration: 684 bestvalit: 12.920000 bestmemit:    0.366696    0.021972    0.032436    0.057236    0.790045    1.232386    0.957822    1.675886    0.739423    0.111334    0.557624    0.360990    1.810589    0.085992    0.085951    0.038352   15.464732   13.662442    5.052065   -7.003049   -4.788764   -0.333216
Iteration: 685 bestvalit: 12.920000 bestmemit:    0.366696    0.021972    0.032436    0.057236    0.790045    1.232386    0.957822    1.675886    0.739423    0.111334    0.557624    0.360990    1.810589    0.085992    0.085951    0.038352   15.464732   13.662442    5.052065   -7.003049   -4.788764   -0.333216
Iteration: 686 bestvalit: 12.920000 bestmemit:    0.366696    0.021972    0.032436    0.057236    0.790045    1.232386    0.957822    1.675886    0.739423    0.111334    0.557624    0.360990    1.810589    0.085992    0.085951    0.038352   15.464732   13.662442    5.052065   -7.003049   -4.788764   -0.333216
Iteration: 687 bestvalit: 12.920000 bestmemit:    0.366696    0.021972    0.032436    0.057236    0.790045    1.232386    0.957822    1.675886    0.739423    0.111334    0.557624    0.360990    1.810589    0.085992    0.085951    0.038352   15.464732   13.662442    5.052065   -7.003049   -4.788764   -0.333216
Iteration: 688 bestvalit: 12.920000 bestmemit:    0.366696    0.021972    0.032436    0.057236    0.790045    1.232386    0.957822    1.675886    0.739423    0.111334    0.557624    0.360990    1.810589    0.085992    0.085951    0.038352   15.464732   13.662442    5.052065   -7.003049   -4.788764   -0.333216
Iteration: 689 bestvalit: 12.920000 bestmemit:    0.366696    0.021972    0.032436    0.057236    0.790045    1.232386    0.957822    1.675886    0.739423    0.111334    0.557624    0.360990    1.810589    0.085992    0.085951    0.038352   15.464732   13.662442    5.052065   -7.003049   -4.788764   -0.333216
Iteration: 690 bestvalit: 12.920000 bestmemit:    0.366696    0.021972    0.032436    0.057236    0.790045    1.232386    0.957822    1.675886    0.739423    0.111334    0.557624    0.360990    1.810589    0.085992    0.085951    0.038352   15.464732   13.662442    5.052065   -7.003049   -4.788764   -0.333216
Iteration: 691 bestvalit: 12.920000 bestmemit:    0.366696    0.021972    0.032436    0.057236    0.790045    1.232386    0.957822    1.675886    0.739423    0.111334    0.557624    0.360990    1.810589    0.085992    0.085951    0.038352   15.464732   13.662442    5.052065   -7.003049   -4.788764   -0.333216
Iteration: 692 bestvalit: 12.920000 bestmemit:    0.366696    0.021972    0.032436    0.057236    0.790045    1.232386    0.957822    1.675886    0.739423    0.111334    0.557624    0.360990    1.810589    0.085992    0.085951    0.038352   15.464732   13.662442    5.052065   -7.003049   -4.788764   -0.333216
Iteration: 693 bestvalit: 12.920000 bestmemit:    0.366696    0.021972    0.032436    0.057236    0.790045    1.232386    0.957822    1.675886    0.739423    0.111334    0.557624    0.360990    1.810589    0.085992    0.085951    0.038352   15.464732   13.662442    5.052065   -7.003049   -4.788764   -0.333216
Iteration: 694 bestvalit: 12.920000 bestmemit:    0.366696    0.021972    0.032436    0.057236    0.790045    1.232386    0.957822    1.675886    0.739423    0.111334    0.557624    0.360990    1.810589    0.085992    0.085951    0.038352   15.464732   13.662442    5.052065   -7.003049   -4.788764   -0.333216
Iteration: 695 bestvalit: 12.920000 bestmemit:    0.366696    0.021972    0.032436    0.057236    0.790045    1.232386    0.957822    1.675886    0.739423    0.111334    0.557624    0.360990    1.810589    0.085992    0.085951    0.038352   15.464732   13.662442    5.052065   -7.003049   -4.788764   -0.333216
Iteration: 696 bestvalit: 12.920000 bestmemit:    0.366696    0.021972    0.032436    0.057236    0.790045    1.232386    0.957822    1.675886    0.739423    0.111334    0.557624    0.360990    1.810589    0.085992    0.085951    0.038352   15.464732   13.662442    5.052065   -7.003049   -4.788764   -0.333216
Iteration: 697 bestvalit: 12.920000 bestmemit:    0.366696    0.021972    0.032436    0.057236    0.790045    1.232386    0.957822    1.675886    0.739423    0.111334    0.557624    0.360990    1.810589    0.085992    0.085951    0.038352   15.464732   13.662442    5.052065   -7.003049   -4.788764   -0.333216
Iteration: 698 bestvalit: 12.920000 bestmemit:    0.366696    0.021972    0.032436    0.057236    0.790045    1.232386    0.957822    1.675886    0.739423    0.111334    0.557624    0.360990    1.810589    0.085992    0.085951    0.038352   15.464732   13.662442    5.052065   -7.003049   -4.788764   -0.333216
Iteration: 699 bestvalit: 12.920000 bestmemit:    0.366696    0.021972    0.032436    0.057236    0.790045    1.232386    0.957822    1.675886    0.739423    0.111334    0.557624    0.360990    1.810589    0.085992    0.085951    0.038352   15.464732   13.662442    5.052065   -7.003049   -4.788764   -0.333216
Iteration: 700 bestvalit: 12.920000 bestmemit:    0.366696    0.021972    0.032436    0.057236    0.790045    1.232386    0.957822    1.675886    0.739423    0.111334    0.557624    0.360990    1.810589    0.085992    0.085951    0.038352   15.464732   13.662442    5.052065   -7.003049   -4.788764   -0.333216
Iteration: 701 bestvalit: 12.920000 bestmemit:    0.366696    0.021972    0.032436    0.057236    0.790045    1.232386    0.957822    1.675886    0.739423    0.111334    0.557624    0.360990    1.810589    0.085992    0.085951    0.038352   15.464732   13.662442    5.052065   -7.003049   -4.788764   -0.333216
Iteration: 702 bestvalit: 12.920000 bestmemit:    0.366696    0.021972    0.032436    0.057236    0.790045    1.232386    0.957822    1.675886    0.739423    0.111334    0.557624    0.360990    1.810589    0.085992    0.085951    0.038352   15.464732   13.662442    5.052065   -7.003049   -4.788764   -0.333216
Iteration: 703 bestvalit: 12.920000 bestmemit:    0.366696    0.021972    0.032436    0.057236    0.790045    1.232386    0.957822    1.675886    0.739423    0.111334    0.557624    0.360990    1.810589    0.085992    0.085951    0.038352   15.464732   13.662442    5.052065   -7.003049   -4.788764   -0.333216
Iteration: 704 bestvalit: 12.920000 bestmemit:    0.366696    0.021972    0.032436    0.057236    0.790045    1.232386    0.957822    1.675886    0.739423    0.111334    0.557624    0.360990    1.810589    0.085992    0.085951    0.038352   15.464732   13.662442    5.052065   -7.003049   -4.788764   -0.333216
Iteration: 705 bestvalit: 12.920000 bestmemit:    0.366696    0.021972    0.032436    0.057236    0.790045    1.232386    0.957822    1.675886    0.739423    0.111334    0.557624    0.360990    1.810589    0.085992    0.085951    0.038352   15.464732   13.662442    5.052065   -7.003049   -4.788764   -0.333216
Iteration: 706 bestvalit: 12.920000 bestmemit:    0.366696    0.021972    0.032436    0.057236    0.790045    1.232386    0.957822    1.675886    0.739423    0.111334    0.557624    0.360990    1.810589    0.085992    0.085951    0.038352   15.464732   13.662442    5.052065   -7.003049   -4.788764   -0.333216
Iteration: 707 bestvalit: 12.920000 bestmemit:    0.366696    0.021972    0.032436    0.057236    0.790045    1.232386    0.957822    1.675886    0.739423    0.111334    0.557624    0.360990    1.810589    0.085992    0.085951    0.038352   15.464732   13.662442    5.052065   -7.003049   -4.788764   -0.333216
Iteration: 708 bestvalit: 12.920000 bestmemit:    0.366696    0.021972    0.032436    0.057236    0.790045    1.232386    0.957822    1.675886    0.739423    0.111334    0.557624    0.360990    1.810589    0.085992    0.085951    0.038352   15.464732   13.662442    5.052065   -7.003049   -4.788764   -0.333216
Iteration: 709 bestvalit: 12.920000 bestmemit:    0.366696    0.021972    0.032436    0.057236    0.790045    1.232386    0.957822    1.675886    0.739423    0.111334    0.557624    0.360990    1.810589    0.085992    0.085951    0.038352   15.464732   13.662442    5.052065   -7.003049   -4.788764   -0.333216
Iteration: 710 bestvalit: 12.805000 bestmemit:    0.366696    0.021972    0.032436    0.057236    0.790045    1.232386    0.957822    1.675886    0.739423    0.111334    0.557624    0.360990    1.792219    0.088683    0.085951    0.038352   15.464732   13.662442    5.052065   -7.003049   -4.788764   -0.333216
Iteration: 711 bestvalit: 12.805000 bestmemit:    0.366696    0.021972    0.032436    0.057236    0.790045    1.232386    0.957822    1.675886    0.739423    0.111334    0.557624    0.360990    1.792219    0.088683    0.085951    0.038352   15.464732   13.662442    5.052065   -7.003049   -4.788764   -0.333216
Iteration: 712 bestvalit: 12.805000 bestmemit:    0.366696    0.021972    0.032436    0.057236    0.790045    1.232386    0.957822    1.675886    0.739423    0.111334    0.557624    0.360990    1.792219    0.088683    0.085951    0.038352   15.464732   13.662442    5.052065   -7.003049   -4.788764   -0.333216
Iteration: 713 bestvalit: 12.805000 bestmemit:    0.366696    0.021972    0.032436    0.057236    0.790045    1.232386    0.957822    1.675886    0.739423    0.111334    0.557624    0.360990    1.792219    0.088683    0.085951    0.038352   15.464732   13.662442    5.052065   -7.003049   -4.788764   -0.333216
Iteration: 714 bestvalit: 12.805000 bestmemit:    0.366696    0.021972    0.032436    0.057236    0.790045    1.232386    0.957822    1.675886    0.739423    0.111334    0.557624    0.360990    1.792219    0.088683    0.085951    0.038352   15.464732   13.662442    5.052065   -7.003049   -4.788764   -0.333216
Iteration: 715 bestvalit: 12.805000 bestmemit:    0.366696    0.021972    0.032436    0.057236    0.790045    1.232386    0.957822    1.675886    0.739423    0.111334    0.557624    0.360990    1.792219    0.088683    0.085951    0.038352   15.464732   13.662442    5.052065   -7.003049   -4.788764   -0.333216
Iteration: 716 bestvalit: 12.775000 bestmemit:    0.331854    0.035237    0.077972    0.080745    0.829275    1.551870    1.971545    0.970960    0.616240    0.040112    0.614031    0.164007    1.866456    0.075349    0.033971    0.042221   12.827125   10.573017    5.377077   -5.682560   -3.673377   -0.535364
Iteration: 717 bestvalit: 12.775000 bestmemit:    0.331854    0.035237    0.077972    0.080745    0.829275    1.551870    1.971545    0.970960    0.616240    0.040112    0.614031    0.164007    1.866456    0.075349    0.033971    0.042221   12.827125   10.573017    5.377077   -5.682560   -3.673377   -0.535364
Iteration: 718 bestvalit: 12.775000 bestmemit:    0.331854    0.035237    0.077972    0.080745    0.829275    1.551870    1.971545    0.970960    0.616240    0.040112    0.614031    0.164007    1.866456    0.075349    0.033971    0.042221   12.827125   10.573017    5.377077   -5.682560   -3.673377   -0.535364
Iteration: 719 bestvalit: 12.775000 bestmemit:    0.331854    0.035237    0.077972    0.080745    0.829275    1.551870    1.971545    0.970960    0.616240    0.040112    0.614031    0.164007    1.866456    0.075349    0.033971    0.042221   12.827125   10.573017    5.377077   -5.682560   -3.673377   -0.535364
Iteration: 720 bestvalit: 12.775000 bestmemit:    0.331854    0.035237    0.077972    0.080745    0.829275    1.551870    1.971545    0.970960    0.616240    0.040112    0.614031    0.164007    1.866456    0.075349    0.033971    0.042221   12.827125   10.573017    5.377077   -5.682560   -3.673377   -0.535364
Iteration: 721 bestvalit: 12.775000 bestmemit:    0.331854    0.035237    0.077972    0.080745    0.829275    1.551870    1.971545    0.970960    0.616240    0.040112    0.614031    0.164007    1.866456    0.075349    0.033971    0.042221   12.827125   10.573017    5.377077   -5.682560   -3.673377   -0.535364
Iteration: 722 bestvalit: 12.775000 bestmemit:    0.331854    0.035237    0.077972    0.080745    0.829275    1.551870    1.971545    0.970960    0.616240    0.040112    0.614031    0.164007    1.866456    0.075349    0.033971    0.042221   12.827125   10.573017    5.377077   -5.682560   -3.673377   -0.535364
Iteration: 723 bestvalit: 12.775000 bestmemit:    0.331854    0.035237    0.077972    0.080745    0.829275    1.551870    1.971545    0.970960    0.616240    0.040112    0.614031    0.164007    1.866456    0.075349    0.033971    0.042221   12.827125   10.573017    5.377077   -5.682560   -3.673377   -0.535364
Iteration: 724 bestvalit: 12.775000 bestmemit:    0.331854    0.035237    0.077972    0.080745    0.829275    1.551870    1.971545    0.970960    0.616240    0.040112    0.614031    0.164007    1.866456    0.075349    0.033971    0.042221   12.827125   10.573017    5.377077   -5.682560   -3.673377   -0.535364
Iteration: 725 bestvalit: 12.775000 bestmemit:    0.331854    0.035237    0.077972    0.080745    0.829275    1.551870    1.971545    0.970960    0.616240    0.040112    0.614031    0.164007    1.866456    0.075349    0.033971    0.042221   12.827125   10.573017    5.377077   -5.682560   -3.673377   -0.535364
Iteration: 726 bestvalit: 12.775000 bestmemit:    0.331854    0.035237    0.077972    0.080745    0.829275    1.551870    1.971545    0.970960    0.616240    0.040112    0.614031    0.164007    1.866456    0.075349    0.033971    0.042221   12.827125   10.573017    5.377077   -5.682560   -3.673377   -0.535364
Iteration: 727 bestvalit: 12.775000 bestmemit:    0.331854    0.035237    0.077972    0.080745    0.829275    1.551870    1.971545    0.970960    0.616240    0.040112    0.614031    0.164007    1.866456    0.075349    0.033971    0.042221   12.827125   10.573017    5.377077   -5.682560   -3.673377   -0.535364
Iteration: 728 bestvalit: 12.775000 bestmemit:    0.331854    0.035237    0.077972    0.080745    0.829275    1.551870    1.971545    0.970960    0.616240    0.040112    0.614031    0.164007    1.866456    0.075349    0.033971    0.042221   12.827125   10.573017    5.377077   -5.682560   -3.673377   -0.535364
Iteration: 729 bestvalit: 12.775000 bestmemit:    0.331854    0.035237    0.077972    0.080745    0.829275    1.551870    1.971545    0.970960    0.616240    0.040112    0.614031    0.164007    1.866456    0.075349    0.033971    0.042221   12.827125   10.573017    5.377077   -5.682560   -3.673377   -0.535364
Iteration: 730 bestvalit: 12.775000 bestmemit:    0.331854    0.035237    0.077972    0.080745    0.829275    1.551870    1.971545    0.970960    0.616240    0.040112    0.614031    0.164007    1.866456    0.075349    0.033971    0.042221   12.827125   10.573017    5.377077   -5.682560   -3.673377   -0.535364
Iteration: 731 bestvalit: 12.775000 bestmemit:    0.331854    0.035237    0.077972    0.080745    0.829275    1.551870    1.971545    0.970960    0.616240    0.040112    0.614031    0.164007    1.866456    0.075349    0.033971    0.042221   12.827125   10.573017    5.377077   -5.682560   -3.673377   -0.535364
