Iteration: 1 bestvalit: 890.990000 bestmemit:    0.055610    0.096338    0.046194    0.506341    0.383861    0.048115    0.243446    0.082155    0.460477    0.318635    0.196481    3.245399    0.042995    0.036735    0.099062    5.696905    1.931161    0.322780    1.908193    1.748514    1.737197    0.495134    0.952762    2.154971
Iteration: 2 bestvalit: 850.990000 bestmemit:    0.021895    0.067829    0.053789    0.872132    0.426169    0.308592    0.221505    0.267009    0.575936    0.483318    0.287629    2.565189    0.070098    0.053419    0.037818    7.148564    2.993368    0.781597    1.626491    1.866547    1.642014    0.793159    1.101680    1.818000
Iteration: 3 bestvalit: 850.990000 bestmemit:    0.021895    0.067829    0.053789    0.872132    0.426169    0.308592    0.221505    0.267009    0.575936    0.483318    0.287629    2.565189    0.070098    0.053419    0.037818    7.148564    2.993368    0.781597    1.626491    1.866547    1.642014    0.793159    1.101680    1.818000
Iteration: 4 bestvalit: 743.215000 bestmemit:    0.030503    0.096234    0.026283    0.428092    0.396755    0.253591    0.370898    0.055567    0.719066    0.374829    0.468309    4.159313    0.074858    0.033764    0.058754    6.891616    4.867148    0.359098    1.895958    1.863359    1.595470    0.970047    1.076186    1.802813
Iteration: 5 bestvalit: 742.580000 bestmemit:    0.030503    0.096234    0.026283    0.472501    0.396755    0.253591    0.370898    0.055567    0.719066    0.374829    0.468309    4.159313    0.074858    0.033764    0.058754    6.891616    4.867148    0.359098    1.895958    1.863359    1.595470    0.970047    1.076186    1.802813
Iteration: 6 bestvalit: 742.580000 bestmemit:    0.030503    0.096234    0.026283    0.472501    0.396755    0.253591    0.370898    0.055567    0.719066    0.374829    0.468309    4.159313    0.074858    0.033764    0.058754    6.891616    4.867148    0.359098    1.895958    1.863359    1.595470    0.970047    1.076186    1.802813
Iteration: 7 bestvalit: 742.580000 bestmemit:    0.030503    0.096234    0.026283    0.472501    0.396755    0.253591    0.370898    0.055567    0.719066    0.374829    0.468309    4.159313    0.074858    0.033764    0.058754    6.891616    4.867148    0.359098    1.895958    1.863359    1.595470    0.970047    1.076186    1.802813
Iteration: 8 bestvalit: 742.580000 bestmemit:    0.030503    0.096234    0.026283    0.472501    0.396755    0.253591    0.370898    0.055567    0.719066    0.374829    0.468309    4.159313    0.074858    0.033764    0.058754    6.891616    4.867148    0.359098    1.895958    1.863359    1.595470    0.970047    1.076186    1.802813
Iteration: 9 bestvalit: 742.580000 bestmemit:    0.030503    0.096234    0.026283    0.472501    0.396755    0.253591    0.370898    0.055567    0.719066    0.374829    0.468309    4.159313    0.074858    0.033764    0.058754    6.891616    4.867148    0.359098    1.895958    1.863359    1.595470    0.970047    1.076186    1.802813
Iteration: 10 bestvalit: 742.580000 bestmemit:    0.030503    0.096234    0.026283    0.472501    0.396755    0.253591    0.370898    0.055567    0.719066    0.374829    0.468309    4.159313    0.074858    0.033764    0.058754    6.891616    4.867148    0.359098    1.895958    1.863359    1.595470    0.970047    1.076186    1.802813
Iteration: 11 bestvalit: 682.425000 bestmemit:    0.018821    0.071694    0.025653    0.989527    0.316426    0.287384    0.257225    0.445268    0.165044    0.495827    0.413325    2.855606    0.092547    0.017263    0.055043    6.579958    3.078187    1.873799    1.976961    1.769602    1.857036    0.929782    0.985749    2.108066
Iteration: 12 bestvalit: 545.745000 bestmemit:    0.018945    0.096417    0.007160    0.643250    0.389297    0.495027    0.121514    0.041252    0.431103    0.416574    0.229836    0.327356    0.066184    0.001384    0.011058    7.090189    7.813396    0.929826    1.943795    1.863756    1.551829    0.374701    1.011850    2.060937
Iteration: 13 bestvalit: 545.745000 bestmemit:    0.018945    0.096417    0.007160    0.643250    0.389297    0.495027    0.121514    0.041252    0.431103    0.416574    0.229836    0.327356    0.066184    0.001384    0.011058    7.090189    7.813396    0.929826    1.943795    1.863756    1.551829    0.374701    1.011850    2.060937
Iteration: 14 bestvalit: 545.745000 bestmemit:    0.018945    0.096417    0.007160    0.643250    0.389297    0.495027    0.121514    0.041252    0.431103    0.416574    0.229836    0.327356    0.066184    0.001384    0.011058    7.090189    7.813396    0.929826    1.943795    1.863756    1.551829    0.374701    1.011850    2.060937
Iteration: 15 bestvalit: 545.745000 bestmemit:    0.018945    0.096417    0.007160    0.643250    0.389297    0.495027    0.121514    0.041252    0.431103    0.416574    0.229836    0.327356    0.066184    0.001384    0.011058    7.090189    7.813396    0.929826    1.943795    1.863756    1.551829    0.374701    1.011850    2.060937
Iteration: 16 bestvalit: 541.275000 bestmemit:    0.018945    0.096417    0.007160    0.643250    0.389297    0.495027    0.121514    0.041252    0.431103    0.416574    0.229836    0.327356    0.066184    0.001384    0.011058    7.090189    7.813396    1.194602    1.943795    1.863756    1.551829    0.374701    1.011850    2.060937
Iteration: 17 bestvalit: 541.275000 bestmemit:    0.018945    0.096417    0.007160    0.643250    0.389297    0.495027    0.121514    0.041252    0.431103    0.416574    0.229836    0.327356    0.066184    0.001384    0.011058    7.090189    7.813396    1.194602    1.943795    1.863756    1.551829    0.374701    1.011850    2.060937
Iteration: 18 bestvalit: 526.225000 bestmemit:    0.018945    0.096417    0.007160    0.643250    0.389297    0.495027    0.121514    0.041252    0.431103    0.416574    0.229836    0.327356    0.056614    0.001384    0.011058    7.090189    7.813396    1.194602    1.943795    1.863756    1.551829    0.374701    1.011850    2.060937
Iteration: 19 bestvalit: 526.225000 bestmemit:    0.018945    0.096417    0.007160    0.643250    0.389297    0.495027    0.121514    0.041252    0.431103    0.416574    0.229836    0.327356    0.056614    0.001384    0.011058    7.090189    7.813396    1.194602    1.943795    1.863756    1.551829    0.374701    1.011850    2.060937
Iteration: 20 bestvalit: 483.560000 bestmemit:    0.018945    0.096417    0.007160    0.643250    0.389297    0.495027    0.121514    0.041252    0.431103    0.416574    0.229836    0.327356    0.056614    0.001384    0.011058    7.090189    7.813396    1.194602    1.943795    1.863756    1.551829    0.835831    1.011850    2.060937
Iteration: 21 bestvalit: 438.610000 bestmemit:    0.018945    0.096417    0.007160    0.643250    0.389297    0.495027    0.121514    0.041252    0.431103    0.416574    0.229836    0.327356    0.056614    0.001384    0.011058    9.245187    7.813396    1.194602    1.943795    1.863756    1.551829    0.835831    1.011850    2.060937
Iteration: 22 bestvalit: 425.580000 bestmemit:    0.018945    0.096417    0.007160    0.643250    0.389297    0.495027    0.121514    0.041252    0.431103    0.416574    0.229836    0.327356    0.056614    0.001384    0.011058    9.245187    3.729281    0.811712    1.943795    1.863756    1.551829    0.835831    1.011850    2.060937
Iteration: 23 bestvalit: 425.580000 bestmemit:    0.018945    0.096417    0.007160    0.643250    0.389297    0.495027    0.121514    0.041252    0.431103    0.416574    0.229836    0.327356    0.056614    0.001384    0.011058    9.245187    3.729281    0.811712    1.943795    1.863756    1.551829    0.835831    1.011850    2.060937
Iteration: 24 bestvalit: 411.885000 bestmemit:    0.018945    0.096417    0.007160    0.643250    0.389297    0.495027    0.121514    0.041252    0.431103    0.416574    0.229836    0.327356    0.056614    0.001384    0.011058    9.245187    3.729281    0.811712    1.992068    1.863756    1.551829    0.835831    1.011850    2.060937
Iteration: 25 bestvalit: 411.885000 bestmemit:    0.018945    0.096417    0.007160    0.643250    0.389297    0.495027    0.121514    0.041252    0.431103    0.416574    0.229836    0.327356    0.056614    0.001384    0.011058    9.245187    3.729281    0.811712    1.992068    1.863756    1.551829    0.835831    1.011850    2.060937
Iteration: 26 bestvalit: 363.570000 bestmemit:    0.018945    0.096417    0.075574    0.643250    0.389297    0.495027    0.121514    0.041252    0.431103    0.416574    0.229836    0.327356    0.056614    0.001384    0.011058    9.245187    3.729281    0.811712    1.992068    1.863756    1.551829    0.835831    1.011850    2.060937
Iteration: 27 bestvalit: 363.570000 bestmemit:    0.018945    0.096417    0.075574    0.643250    0.389297    0.495027    0.121514    0.041252    0.431103    0.416574    0.229836    0.327356    0.056614    0.001384    0.011058    9.245187    3.729281    0.811712    1.992068    1.863756    1.551829    0.835831    1.011850    2.060937
Iteration: 28 bestvalit: 363.570000 bestmemit:    0.018945    0.096417    0.075574    0.643250    0.389297    0.495027    0.121514    0.041252    0.431103    0.416574    0.229836    0.327356    0.056614    0.001384    0.011058    9.245187    3.729281    0.811712    1.992068    1.863756    1.551829    0.835831    1.011850    2.060937
Iteration: 29 bestvalit: 363.570000 bestmemit:    0.018945    0.096417    0.075574    0.643250    0.389297    0.495027    0.121514    0.041252    0.431103    0.416574    0.229836    0.327356    0.056614    0.001384    0.011058    9.245187    3.729281    0.811712    1.992068    1.863756    1.551829    0.835831    1.011850    2.060937
Iteration: 30 bestvalit: 363.570000 bestmemit:    0.018945    0.096417    0.075574    0.643250    0.389297    0.495027    0.121514    0.041252    0.431103    0.416574    0.229836    0.327356    0.056614    0.001384    0.011058    9.245187    3.729281    0.811712    1.992068    1.863756    1.551829    0.835831    1.011850    2.060937
Iteration: 31 bestvalit: 363.570000 bestmemit:    0.018945    0.096417    0.075574    0.643250    0.389297    0.495027    0.121514    0.041252    0.431103    0.416574    0.229836    0.327356    0.056614    0.001384    0.011058    9.245187    3.729281    0.811712    1.992068    1.863756    1.551829    0.835831    1.011850    2.060937
Iteration: 32 bestvalit: 363.570000 bestmemit:    0.018945    0.096417    0.075574    0.643250    0.389297    0.495027    0.121514    0.041252    0.431103    0.416574    0.229836    0.327356    0.056614    0.001384    0.011058    9.245187    3.729281    0.811712    1.992068    1.863756    1.551829    0.835831    1.011850    2.060937
Iteration: 33 bestvalit: 363.570000 bestmemit:    0.018945    0.096417    0.075574    0.643250    0.389297    0.495027    0.121514    0.041252    0.431103    0.416574    0.229836    0.327356    0.056614    0.001384    0.011058    9.245187    3.729281    0.811712    1.992068    1.863756    1.551829    0.835831    1.011850    2.060937
Iteration: 34 bestvalit: 363.570000 bestmemit:    0.018945    0.096417    0.075574    0.643250    0.389297    0.495027    0.121514    0.041252    0.431103    0.416574    0.229836    0.327356    0.056614    0.001384    0.011058    9.245187    3.729281    0.811712    1.992068    1.863756    1.551829    0.835831    1.011850    2.060937
Iteration: 35 bestvalit: 363.570000 bestmemit:    0.018945    0.096417    0.075574    0.643250    0.389297    0.495027    0.121514    0.041252    0.431103    0.416574    0.229836    0.327356    0.056614    0.001384    0.011058    9.245187    3.729281    0.811712    1.992068    1.863756    1.551829    0.835831    1.011850    2.060937
Iteration: 36 bestvalit: 363.570000 bestmemit:    0.018945    0.096417    0.075574    0.643250    0.389297    0.495027    0.121514    0.041252    0.431103    0.416574    0.229836    0.327356    0.056614    0.001384    0.011058    9.245187    3.729281    0.811712    1.992068    1.863756    1.551829    0.835831    1.011850    2.060937
Iteration: 37 bestvalit: 363.570000 bestmemit:    0.018945    0.096417    0.075574    0.643250    0.389297    0.495027    0.121514    0.041252    0.431103    0.416574    0.229836    0.327356    0.056614    0.001384    0.011058    9.245187    3.729281    0.811712    1.992068    1.863756    1.551829    0.835831    1.011850    2.060937
Iteration: 38 bestvalit: 363.570000 bestmemit:    0.018945    0.096417    0.075574    0.643250    0.389297    0.495027    0.121514    0.041252    0.431103    0.416574    0.229836    0.327356    0.056614    0.001384    0.011058    9.245187    3.729281    0.811712    1.992068    1.863756    1.551829    0.835831    1.011850    2.060937
Iteration: 39 bestvalit: 363.570000 bestmemit:    0.018945    0.096417    0.075574    0.643250    0.389297    0.495027    0.121514    0.041252    0.431103    0.416574    0.229836    0.327356    0.056614    0.001384    0.011058    9.245187    3.729281    0.811712    1.992068    1.863756    1.551829    0.835831    1.011850    2.060937
Iteration: 40 bestvalit: 363.570000 bestmemit:    0.018945    0.096417    0.075574    0.643250    0.389297    0.495027    0.121514    0.041252    0.431103    0.416574    0.229836    0.327356    0.056614    0.001384    0.011058    9.245187    3.729281    0.811712    1.992068    1.863756    1.551829    0.835831    1.011850    2.060937
Iteration: 41 bestvalit: 363.570000 bestmemit:    0.018945    0.096417    0.075574    0.643250    0.389297    0.495027    0.121514    0.041252    0.431103    0.416574    0.229836    0.327356    0.056614    0.001384    0.011058    9.245187    3.729281    0.811712    1.992068    1.863756    1.551829    0.835831    1.011850    2.060937
Iteration: 42 bestvalit: 363.570000 bestmemit:    0.018945    0.096417    0.075574    0.643250    0.389297    0.495027    0.121514    0.041252    0.431103    0.416574    0.229836    0.327356    0.056614    0.001384    0.011058    9.245187    3.729281    0.811712    1.992068    1.863756    1.551829    0.835831    1.011850    2.060937
Iteration: 43 bestvalit: 336.890000 bestmemit:    0.018945    0.096417    0.055649    0.235388    0.389297    0.495027    0.121514    0.041252    0.431103    0.416574    0.229836    0.327356    0.056614    0.001384    0.011058    9.245187    3.729281    0.811712    1.992068    1.863756    1.551829    0.835831    1.011850    2.060937
Iteration: 44 bestvalit: 295.865000 bestmemit:    0.018945    0.096417    0.039172    0.235388    0.389297    0.495027    0.121514    0.041252    0.431103    0.416574    0.229836    0.327356    0.056614    0.001384    0.011058    9.245187    3.729281    0.811712    1.992068    1.863756    1.551829    0.835831    1.011850    2.060937
Iteration: 45 bestvalit: 295.865000 bestmemit:    0.018945    0.096417    0.039172    0.235388    0.389297    0.495027    0.121514    0.041252    0.431103    0.416574    0.229836    0.327356    0.056614    0.001384    0.011058    9.245187    3.729281    0.811712    1.992068    1.863756    1.551829    0.835831    1.011850    2.060937
Iteration: 46 bestvalit: 295.865000 bestmemit:    0.018945    0.096417    0.039172    0.235388    0.389297    0.495027    0.121514    0.041252    0.431103    0.416574    0.229836    0.327356    0.056614    0.001384    0.011058    9.245187    3.729281    0.811712    1.992068    1.863756    1.551829    0.835831    1.011850    2.060937
Iteration: 47 bestvalit: 295.865000 bestmemit:    0.018945    0.096417    0.039172    0.235388    0.389297    0.495027    0.121514    0.041252    0.431103    0.416574    0.229836    0.327356    0.056614    0.001384    0.011058    9.245187    3.729281    0.811712    1.992068    1.863756    1.551829    0.835831    1.011850    2.060937
Iteration: 48 bestvalit: 295.865000 bestmemit:    0.018945    0.096417    0.039172    0.235388    0.389297    0.495027    0.121514    0.041252    0.431103    0.416574    0.229836    0.327356    0.056614    0.001384    0.011058    9.245187    3.729281    0.811712    1.992068    1.863756    1.551829    0.835831    1.011850    2.060937
Iteration: 49 bestvalit: 295.865000 bestmemit:    0.018945    0.096417    0.039172    0.235388    0.389297    0.495027    0.121514    0.041252    0.431103    0.416574    0.229836    0.327356    0.056614    0.001384    0.011058    9.245187    3.729281    0.811712    1.992068    1.863756    1.551829    0.835831    1.011850    2.060937
Iteration: 50 bestvalit: 295.865000 bestmemit:    0.018945    0.096417    0.039172    0.235388    0.389297    0.495027    0.121514    0.041252    0.431103    0.416574    0.229836    0.327356    0.056614    0.001384    0.011058    9.245187    3.729281    0.811712    1.992068    1.863756    1.551829    0.835831    1.011850    2.060937
Iteration: 51 bestvalit: 295.865000 bestmemit:    0.018945    0.096417    0.039172    0.235388    0.389297    0.495027    0.121514    0.041252    0.431103    0.416574    0.229836    0.327356    0.056614    0.001384    0.011058    9.245187    3.729281    0.811712    1.992068    1.863756    1.551829    0.835831    1.011850    2.060937
Iteration: 52 bestvalit: 295.865000 bestmemit:    0.018945    0.096417    0.039172    0.235388    0.389297    0.495027    0.121514    0.041252    0.431103    0.416574    0.229836    0.327356    0.056614    0.001384    0.011058    9.245187    3.729281    0.811712    1.992068    1.863756    1.551829    0.835831    1.011850    2.060937
Iteration: 53 bestvalit: 283.380000 bestmemit:    0.018945    0.096417    0.034926    0.189270    0.389297    0.495027    0.121514    0.041252    0.431103    0.416574    0.229836    0.327356    0.056614    0.001384    0.011058    9.245187    3.729281    0.811712    1.992068    1.863756    1.551829    0.835831    1.011850    2.060937
Iteration: 54 bestvalit: 283.380000 bestmemit:    0.018945    0.096417    0.034926    0.189270    0.389297    0.495027    0.121514    0.041252    0.431103    0.416574    0.229836    0.327356    0.056614    0.001384    0.011058    9.245187    3.729281    0.811712    1.992068    1.863756    1.551829    0.835831    1.011850    2.060937
Iteration: 55 bestvalit: 283.380000 bestmemit:    0.018945    0.096417    0.034926    0.189270    0.389297    0.495027    0.121514    0.041252    0.431103    0.416574    0.229836    0.327356    0.056614    0.001384    0.011058    9.245187    3.729281    0.811712    1.992068    1.863756    1.551829    0.835831    1.011850    2.060937
Iteration: 56 bestvalit: 283.380000 bestmemit:    0.018945    0.096417    0.034926    0.189270    0.389297    0.495027    0.121514    0.041252    0.431103    0.416574    0.229836    0.327356    0.056614    0.001384    0.011058    9.245187    3.729281    0.811712    1.992068    1.863756    1.551829    0.835831    1.011850    2.060937
Iteration: 57 bestvalit: 281.670000 bestmemit:    0.018945    0.096417    0.034926    0.189270    0.389297    0.495027    0.121514    0.041252    0.431103    0.416574    0.229836    0.327356    0.051288    0.001384    0.011058    9.245187    3.729281    0.811712    1.992068    1.863756    1.551829    0.835831    1.011850    2.060937
Iteration: 58 bestvalit: 281.670000 bestmemit:    0.018945    0.096417    0.034926    0.189270    0.389297    0.495027    0.121514    0.041252    0.431103    0.416574    0.229836    0.327356    0.051288    0.001384    0.011058    9.245187    3.729281    0.811712    1.992068    1.863756    1.551829    0.835831    1.011850    2.060937
Iteration: 59 bestvalit: 281.670000 bestmemit:    0.018945    0.096417    0.034926    0.189270    0.389297    0.495027    0.121514    0.041252    0.431103    0.416574    0.229836    0.327356    0.051288    0.001384    0.011058    9.245187    3.729281    0.811712    1.992068    1.863756    1.551829    0.835831    1.011850    2.060937
Iteration: 60 bestvalit: 281.670000 bestmemit:    0.018945    0.096417    0.034926    0.189270    0.389297    0.495027    0.121514    0.041252    0.431103    0.416574    0.229836    0.327356    0.051288    0.001384    0.011058    9.245187    3.729281    0.811712    1.992068    1.863756    1.551829    0.835831    1.011850    2.060937
Iteration: 61 bestvalit: 281.670000 bestmemit:    0.018945    0.096417    0.034926    0.189270    0.389297    0.495027    0.121514    0.041252    0.431103    0.416574    0.229836    0.327356    0.051288    0.001384    0.011058    9.245187    3.729281    0.811712    1.992068    1.863756    1.551829    0.835831    1.011850    2.060937
Iteration: 62 bestvalit: 281.670000 bestmemit:    0.018945    0.096417    0.034926    0.189270    0.389297    0.495027    0.121514    0.041252    0.431103    0.416574    0.229836    0.327356    0.051288    0.001384    0.011058    9.245187    3.729281    0.811712    1.992068    1.863756    1.551829    0.835831    1.011850    2.060937
Iteration: 63 bestvalit: 281.670000 bestmemit:    0.018945    0.096417    0.034926    0.189270    0.389297    0.495027    0.121514    0.041252    0.431103    0.416574    0.229836    0.327356    0.051288    0.001384    0.011058    9.245187    3.729281    0.811712    1.992068    1.863756    1.551829    0.835831    1.011850    2.060937
Iteration: 64 bestvalit: 281.670000 bestmemit:    0.018945    0.096417    0.034926    0.189270    0.389297    0.495027    0.121514    0.041252    0.431103    0.416574    0.229836    0.327356    0.051288    0.001384    0.011058    9.245187    3.729281    0.811712    1.992068    1.863756    1.551829    0.835831    1.011850    2.060937
Iteration: 65 bestvalit: 281.670000 bestmemit:    0.018945    0.096417    0.034926    0.189270    0.389297    0.495027    0.121514    0.041252    0.431103    0.416574    0.229836    0.327356    0.051288    0.001384    0.011058    9.245187    3.729281    0.811712    1.992068    1.863756    1.551829    0.835831    1.011850    2.060937
Iteration: 66 bestvalit: 281.670000 bestmemit:    0.018945    0.096417    0.034926    0.189270    0.389297    0.495027    0.121514    0.041252    0.431103    0.416574    0.229836    0.327356    0.051288    0.001384    0.011058    9.245187    3.729281    0.811712    1.992068    1.863756    1.551829    0.835831    1.011850    2.060937
Iteration: 67 bestvalit: 281.670000 bestmemit:    0.018945    0.096417    0.034926    0.189270    0.389297    0.495027    0.121514    0.041252    0.431103    0.416574    0.229836    0.327356    0.051288    0.001384    0.011058    9.245187    3.729281    0.811712    1.992068    1.863756    1.551829    0.835831    1.011850    2.060937
Iteration: 68 bestvalit: 281.670000 bestmemit:    0.018945    0.096417    0.034926    0.189270    0.389297    0.495027    0.121514    0.041252    0.431103    0.416574    0.229836    0.327356    0.051288    0.001384    0.011058    9.245187    3.729281    0.811712    1.992068    1.863756    1.551829    0.835831    1.011850    2.060937
Iteration: 69 bestvalit: 281.670000 bestmemit:    0.018945    0.096417    0.034926    0.189270    0.389297    0.495027    0.121514    0.041252    0.431103    0.416574    0.229836    0.327356    0.051288    0.001384    0.011058    9.245187    3.729281    0.811712    1.992068    1.863756    1.551829    0.835831    1.011850    2.060937
Iteration: 70 bestvalit: 266.460000 bestmemit:    0.018945    0.096417    0.034926    0.189270    0.389297    0.495027    0.121514    0.041252    0.431103    0.416574    0.229836    0.327356    0.051288    0.001384    0.011058    9.245187    9.746957    0.811712    1.992068    1.863756    1.551829    0.835831    1.011850    2.060937
Iteration: 71 bestvalit: 266.460000 bestmemit:    0.018945    0.096417    0.034926    0.189270    0.389297    0.495027    0.121514    0.041252    0.431103    0.416574    0.229836    0.327356    0.051288    0.001384    0.011058    9.245187    9.746957    0.811712    1.992068    1.863756    1.551829    0.835831    1.011850    2.060937
Iteration: 72 bestvalit: 266.460000 bestmemit:    0.018945    0.096417    0.034926    0.189270    0.389297    0.495027    0.121514    0.041252    0.431103    0.416574    0.229836    0.327356    0.051288    0.001384    0.011058    9.245187    9.746957    0.811712    1.992068    1.863756    1.551829    0.835831    1.011850    2.060937
Iteration: 73 bestvalit: 266.460000 bestmemit:    0.018945    0.096417    0.034926    0.189270    0.389297    0.495027    0.121514    0.041252    0.431103    0.416574    0.229836    0.327356    0.051288    0.001384    0.011058    9.245187    9.746957    0.811712    1.992068    1.863756    1.551829    0.835831    1.011850    2.060937
Iteration: 74 bestvalit: 266.460000 bestmemit:    0.018945    0.096417    0.034926    0.189270    0.389297    0.495027    0.121514    0.041252    0.431103    0.416574    0.229836    0.327356    0.051288    0.001384    0.011058    9.245187    9.746957    0.811712    1.992068    1.863756    1.551829    0.835831    1.011850    2.060937
Iteration: 75 bestvalit: 266.460000 bestmemit:    0.018945    0.096417    0.034926    0.189270    0.389297    0.495027    0.121514    0.041252    0.431103    0.416574    0.229836    0.327356    0.051288    0.001384    0.011058    9.245187    9.746957    0.811712    1.992068    1.863756    1.551829    0.835831    1.011850    2.060937
Iteration: 76 bestvalit: 266.460000 bestmemit:    0.018945    0.096417    0.034926    0.189270    0.389297    0.495027    0.121514    0.041252    0.431103    0.416574    0.229836    0.327356    0.051288    0.001384    0.011058    9.245187    9.746957    0.811712    1.992068    1.863756    1.551829    0.835831    1.011850    2.060937
Iteration: 77 bestvalit: 266.460000 bestmemit:    0.018945    0.096417    0.034926    0.189270    0.389297    0.495027    0.121514    0.041252    0.431103    0.416574    0.229836    0.327356    0.051288    0.001384    0.011058    9.245187    9.746957    0.811712    1.992068    1.863756    1.551829    0.835831    1.011850    2.060937
Iteration: 78 bestvalit: 266.460000 bestmemit:    0.018945    0.096417    0.034926    0.189270    0.389297    0.495027    0.121514    0.041252    0.431103    0.416574    0.229836    0.327356    0.051288    0.001384    0.011058    9.245187    9.746957    0.811712    1.992068    1.863756    1.551829    0.835831    1.011850    2.060937
Iteration: 79 bestvalit: 266.460000 bestmemit:    0.018945    0.096417    0.034926    0.189270    0.389297    0.495027    0.121514    0.041252    0.431103    0.416574    0.229836    0.327356    0.051288    0.001384    0.011058    9.245187    9.746957    0.811712    1.992068    1.863756    1.551829    0.835831    1.011850    2.060937
Iteration: 80 bestvalit: 266.460000 bestmemit:    0.018945    0.096417    0.034926    0.189270    0.389297    0.495027    0.121514    0.041252    0.431103    0.416574    0.229836    0.327356    0.051288    0.001384    0.011058    9.245187    9.746957    0.811712    1.992068    1.863756    1.551829    0.835831    1.011850    2.060937
Iteration: 81 bestvalit: 227.250000 bestmemit:    0.058795    0.099225    0.097424    0.347897    0.427948    0.289700    0.062387    0.114036    0.105929    0.494706    0.339639    1.172724    0.030674    0.000856    0.016662    9.176734    9.024136    1.229414    1.949529    1.682091    1.869512    0.677160    1.003778    1.938342
Iteration: 82 bestvalit: 222.390000 bestmemit:    0.058795    0.099225    0.097424    0.347897    0.427948    0.289700    0.062387    0.114036    0.105929    0.494706    0.339639    1.172724    0.030674    0.000856    0.016662    9.176734    9.024136    1.229414    1.922537    1.721278    1.869512    0.677160    1.003778    1.938342
Iteration: 83 bestvalit: 217.680000 bestmemit:    0.058795    0.099225    0.085533    0.347897    0.427948    0.289700    0.062387    0.114036    0.105929    0.494706    0.339639    1.172724    0.030674    0.000856    0.016662    9.176734    9.024136    1.229414    1.922537    1.721278    1.869512    0.677160    1.003778    1.938342
Iteration: 84 bestvalit: 217.680000 bestmemit:    0.058795    0.099225    0.085533    0.347897    0.427948    0.289700    0.062387    0.114036    0.105929    0.494706    0.339639    1.172724    0.030674    0.000856    0.016662    9.176734    9.024136    1.229414    1.922537    1.721278    1.869512    0.677160    1.003778    1.938342
Iteration: 85 bestvalit: 217.680000 bestmemit:    0.058795    0.099225    0.085533    0.347897    0.427948    0.289700    0.062387    0.114036    0.105929    0.494706    0.339639    1.172724    0.030674    0.000856    0.016662    9.176734    9.024136    1.229414    1.922537    1.721278    1.869512    0.677160    1.003778    1.938342
Iteration: 86 bestvalit: 217.680000 bestmemit:    0.058795    0.099225    0.085533    0.347897    0.427948    0.289700    0.062387    0.114036    0.105929    0.494706    0.339639    1.172724    0.030674    0.000856    0.016662    9.176734    9.024136    1.229414    1.922537    1.721278    1.869512    0.677160    1.003778    1.938342
Iteration: 87 bestvalit: 216.560000 bestmemit:    0.058795    0.099225    0.085533    0.347897    0.427948    0.289700    0.062387    0.114036    0.105929    0.494706    0.339639    1.172724    0.030674    0.000856    0.016662    9.176734    9.024136    1.229414    1.922537    1.721278    1.869512    0.705276    1.003778    1.938342
Iteration: 88 bestvalit: 216.560000 bestmemit:    0.058795    0.099225    0.085533    0.347897    0.427948    0.289700    0.062387    0.114036    0.105929    0.494706    0.339639    1.172724    0.030674    0.000856    0.016662    9.176734    9.024136    1.229414    1.922537    1.721278    1.869512    0.705276    1.003778    1.938342
Iteration: 89 bestvalit: 216.560000 bestmemit:    0.058795    0.099225    0.085533    0.347897    0.427948    0.289700    0.062387    0.114036    0.105929    0.494706    0.339639    1.172724    0.030674    0.000856    0.016662    9.176734    9.024136    1.229414    1.922537    1.721278    1.869512    0.705276    1.003778    1.938342
Iteration: 90 bestvalit: 216.560000 bestmemit:    0.058795    0.099225    0.085533    0.347897    0.427948    0.289700    0.062387    0.114036    0.105929    0.494706    0.339639    1.172724    0.030674    0.000856    0.016662    9.176734    9.024136    1.229414    1.922537    1.721278    1.869512    0.705276    1.003778    1.938342
Iteration: 91 bestvalit: 216.560000 bestmemit:    0.058795    0.099225    0.085533    0.347897    0.427948    0.289700    0.062387    0.114036    0.105929    0.494706    0.339639    1.172724    0.030674    0.000856    0.016662    9.176734    9.024136    1.229414    1.922537    1.721278    1.869512    0.705276    1.003778    1.938342
Iteration: 92 bestvalit: 216.560000 bestmemit:    0.058795    0.099225    0.085533    0.347897    0.427948    0.289700    0.062387    0.114036    0.105929    0.494706    0.339639    1.172724    0.030674    0.000856    0.016662    9.176734    9.024136    1.229414    1.922537    1.721278    1.869512    0.705276    1.003778    1.938342
Iteration: 93 bestvalit: 216.560000 bestmemit:    0.058795    0.099225    0.085533    0.347897    0.427948    0.289700    0.062387    0.114036    0.105929    0.494706    0.339639    1.172724    0.030674    0.000856    0.016662    9.176734    9.024136    1.229414    1.922537    1.721278    1.869512    0.705276    1.003778    1.938342
Iteration: 94 bestvalit: 216.560000 bestmemit:    0.058795    0.099225    0.085533    0.347897    0.427948    0.289700    0.062387    0.114036    0.105929    0.494706    0.339639    1.172724    0.030674    0.000856    0.016662    9.176734    9.024136    1.229414    1.922537    1.721278    1.869512    0.705276    1.003778    1.938342
Iteration: 95 bestvalit: 216.560000 bestmemit:    0.058795    0.099225    0.085533    0.347897    0.427948    0.289700    0.062387    0.114036    0.105929    0.494706    0.339639    1.172724    0.030674    0.000856    0.016662    9.176734    9.024136    1.229414    1.922537    1.721278    1.869512    0.705276    1.003778    1.938342
Iteration: 96 bestvalit: 216.560000 bestmemit:    0.058795    0.099225    0.085533    0.347897    0.427948    0.289700    0.062387    0.114036    0.105929    0.494706    0.339639    1.172724    0.030674    0.000856    0.016662    9.176734    9.024136    1.229414    1.922537    1.721278    1.869512    0.705276    1.003778    1.938342
Iteration: 97 bestvalit: 216.560000 bestmemit:    0.058795    0.099225    0.085533    0.347897    0.427948    0.289700    0.062387    0.114036    0.105929    0.494706    0.339639    1.172724    0.030674    0.000856    0.016662    9.176734    9.024136    1.229414    1.922537    1.721278    1.869512    0.705276    1.003778    1.938342
Iteration: 98 bestvalit: 216.560000 bestmemit:    0.058795    0.099225    0.085533    0.347897    0.427948    0.289700    0.062387    0.114036    0.105929    0.494706    0.339639    1.172724    0.030674    0.000856    0.016662    9.176734    9.024136    1.229414    1.922537    1.721278    1.869512    0.705276    1.003778    1.938342
Iteration: 99 bestvalit: 216.560000 bestmemit:    0.058795    0.099225    0.085533    0.347897    0.427948    0.289700    0.062387    0.114036    0.105929    0.494706    0.339639    1.172724    0.030674    0.000856    0.016662    9.176734    9.024136    1.229414    1.922537    1.721278    1.869512    0.705276    1.003778    1.938342
Iteration: 100 bestvalit: 216.560000 bestmemit:    0.058795    0.099225    0.085533    0.347897    0.427948    0.289700    0.062387    0.114036    0.105929    0.494706    0.339639    1.172724    0.030674    0.000856    0.016662    9.176734    9.024136    1.229414    1.922537    1.721278    1.869512    0.705276    1.003778    1.938342
Iteration: 101 bestvalit: 216.560000 bestmemit:    0.058795    0.099225    0.085533    0.347897    0.427948    0.289700    0.062387    0.114036    0.105929    0.494706    0.339639    1.172724    0.030674    0.000856    0.016662    9.176734    9.024136    1.229414    1.922537    1.721278    1.869512    0.705276    1.003778    1.938342
Iteration: 102 bestvalit: 216.560000 bestmemit:    0.058795    0.099225    0.085533    0.347897    0.427948    0.289700    0.062387    0.114036    0.105929    0.494706    0.339639    1.172724    0.030674    0.000856    0.016662    9.176734    9.024136    1.229414    1.922537    1.721278    1.869512    0.705276    1.003778    1.938342
Iteration: 103 bestvalit: 216.560000 bestmemit:    0.058795    0.099225    0.085533    0.347897    0.427948    0.289700    0.062387    0.114036    0.105929    0.494706    0.339639    1.172724    0.030674    0.000856    0.016662    9.176734    9.024136    1.229414    1.922537    1.721278    1.869512    0.705276    1.003778    1.938342
Iteration: 104 bestvalit: 216.560000 bestmemit:    0.058795    0.099225    0.085533    0.347897    0.427948    0.289700    0.062387    0.114036    0.105929    0.494706    0.339639    1.172724    0.030674    0.000856    0.016662    9.176734    9.024136    1.229414    1.922537    1.721278    1.869512    0.705276    1.003778    1.938342
Iteration: 105 bestvalit: 216.560000 bestmemit:    0.058795    0.099225    0.085533    0.347897    0.427948    0.289700    0.062387    0.114036    0.105929    0.494706    0.339639    1.172724    0.030674    0.000856    0.016662    9.176734    9.024136    1.229414    1.922537    1.721278    1.869512    0.705276    1.003778    1.938342
Iteration: 106 bestvalit: 216.560000 bestmemit:    0.058795    0.099225    0.085533    0.347897    0.427948    0.289700    0.062387    0.114036    0.105929    0.494706    0.339639    1.172724    0.030674    0.000856    0.016662    9.176734    9.024136    1.229414    1.922537    1.721278    1.869512    0.705276    1.003778    1.938342
Iteration: 107 bestvalit: 216.560000 bestmemit:    0.058795    0.099225    0.085533    0.347897    0.427948    0.289700    0.062387    0.114036    0.105929    0.494706    0.339639    1.172724    0.030674    0.000856    0.016662    9.176734    9.024136    1.229414    1.922537    1.721278    1.869512    0.705276    1.003778    1.938342
Iteration: 108 bestvalit: 216.560000 bestmemit:    0.058795    0.099225    0.085533    0.347897    0.427948    0.289700    0.062387    0.114036    0.105929    0.494706    0.339639    1.172724    0.030674    0.000856    0.016662    9.176734    9.024136    1.229414    1.922537    1.721278    1.869512    0.705276    1.003778    1.938342
Iteration: 109 bestvalit: 216.560000 bestmemit:    0.058795    0.099225    0.085533    0.347897    0.427948    0.289700    0.062387    0.114036    0.105929    0.494706    0.339639    1.172724    0.030674    0.000856    0.016662    9.176734    9.024136    1.229414    1.922537    1.721278    1.869512    0.705276    1.003778    1.938342
Iteration: 110 bestvalit: 214.015000 bestmemit:    0.058795    0.099225    0.076634    0.347897    0.427948    0.289700    0.062387    0.114036    0.105929    0.494706    0.339639    1.172724    0.030674    0.000856    0.016662    9.176734    9.024136    1.229414    1.922537    1.721278    1.869512    0.705276    1.003778    1.938342
Iteration: 111 bestvalit: 214.015000 bestmemit:    0.058795    0.099225    0.076634    0.347897    0.427948    0.289700    0.062387    0.114036    0.105929    0.494706    0.339639    1.172724    0.030674    0.000856    0.016662    9.176734    9.024136    1.229414    1.922537    1.721278    1.869512    0.705276    1.003778    1.938342
Iteration: 112 bestvalit: 214.015000 bestmemit:    0.058795    0.099225    0.076634    0.347897    0.427948    0.289700    0.062387    0.114036    0.105929    0.494706    0.339639    1.172724    0.030674    0.000856    0.016662    9.176734    9.024136    1.229414    1.922537    1.721278    1.869512    0.705276    1.003778    1.938342
Iteration: 113 bestvalit: 214.015000 bestmemit:    0.058795    0.099225    0.076634    0.347897    0.427948    0.289700    0.062387    0.114036    0.105929    0.494706    0.339639    1.172724    0.030674    0.000856    0.016662    9.176734    9.024136    1.229414    1.922537    1.721278    1.869512    0.705276    1.003778    1.938342
Iteration: 114 bestvalit: 214.015000 bestmemit:    0.058795    0.099225    0.076634    0.347897    0.427948    0.289700    0.062387    0.114036    0.105929    0.494706    0.339639    1.172724    0.030674    0.000856    0.016662    9.176734    9.024136    1.229414    1.922537    1.721278    1.869512    0.705276    1.003778    1.938342
Iteration: 115 bestvalit: 214.015000 bestmemit:    0.058795    0.099225    0.076634    0.347897    0.427948    0.289700    0.062387    0.114036    0.105929    0.494706    0.339639    1.172724    0.030674    0.000856    0.016662    9.176734    9.024136    1.229414    1.922537    1.721278    1.869512    0.705276    1.003778    1.938342
Iteration: 116 bestvalit: 214.015000 bestmemit:    0.058795    0.099225    0.076634    0.347897    0.427948    0.289700    0.062387    0.114036    0.105929    0.494706    0.339639    1.172724    0.030674    0.000856    0.016662    9.176734    9.024136    1.229414    1.922537    1.721278    1.869512    0.705276    1.003778    1.938342
Iteration: 117 bestvalit: 214.015000 bestmemit:    0.058795    0.099225    0.076634    0.347897    0.427948    0.289700    0.062387    0.114036    0.105929    0.494706    0.339639    1.172724    0.030674    0.000856    0.016662    9.176734    9.024136    1.229414    1.922537    1.721278    1.869512    0.705276    1.003778    1.938342
Iteration: 118 bestvalit: 214.015000 bestmemit:    0.058795    0.099225    0.076634    0.347897    0.427948    0.289700    0.062387    0.114036    0.105929    0.494706    0.339639    1.172724    0.030674    0.000856    0.016662    9.176734    9.024136    1.229414    1.922537    1.721278    1.869512    0.705276    1.003778    1.938342
Iteration: 119 bestvalit: 214.015000 bestmemit:    0.058795    0.099225    0.076634    0.347897    0.427948    0.289700    0.062387    0.114036    0.105929    0.494706    0.339639    1.172724    0.030674    0.000856    0.016662    9.176734    9.024136    1.229414    1.922537    1.721278    1.869512    0.705276    1.003778    1.938342
Iteration: 120 bestvalit: 214.015000 bestmemit:    0.058795    0.099225    0.076634    0.347897    0.427948    0.289700    0.062387    0.114036    0.105929    0.494706    0.339639    1.172724    0.030674    0.000856    0.016662    9.176734    9.024136    1.229414    1.922537    1.721278    1.869512    0.705276    1.003778    1.938342
Iteration: 121 bestvalit: 214.015000 bestmemit:    0.058795    0.099225    0.076634    0.347897    0.427948    0.289700    0.062387    0.114036    0.105929    0.494706    0.339639    1.172724    0.030674    0.000856    0.016662    9.176734    9.024136    1.229414    1.922537    1.721278    1.869512    0.705276    1.003778    1.938342
Iteration: 122 bestvalit: 214.015000 bestmemit:    0.058795    0.099225    0.076634    0.347897    0.427948    0.289700    0.062387    0.114036    0.105929    0.494706    0.339639    1.172724    0.030674    0.000856    0.016662    9.176734    9.024136    1.229414    1.922537    1.721278    1.869512    0.705276    1.003778    1.938342
Iteration: 123 bestvalit: 214.015000 bestmemit:    0.058795    0.099225    0.076634    0.347897    0.427948    0.289700    0.062387    0.114036    0.105929    0.494706    0.339639    1.172724    0.030674    0.000856    0.016662    9.176734    9.024136    1.229414    1.922537    1.721278    1.869512    0.705276    1.003778    1.938342
Iteration: 124 bestvalit: 204.235000 bestmemit:    0.029785    0.068502    0.067607    0.489333    0.342207    0.243223    0.171928    0.119221    0.168906    0.493140    0.395592    1.868291    0.012378    0.001522    0.004131    8.036364    7.684973    1.150840    1.936543    1.920019    1.739571    0.974261    1.093094    2.159294
Iteration: 125 bestvalit: 203.715000 bestmemit:    0.029785    0.068502    0.067607    0.489333    0.342207    0.243223    0.171928    0.119221    0.168906    0.493140    0.395592    1.868291    0.012378    0.001522    0.004131    8.036364    7.684973    1.150840    1.936543    1.920019    1.739571    0.974261    1.093094    2.130413
Iteration: 126 bestvalit: 203.715000 bestmemit:    0.029785    0.068502    0.067607    0.489333    0.342207    0.243223    0.171928    0.119221    0.168906    0.493140    0.395592    1.868291    0.012378    0.001522    0.004131    8.036364    7.684973    1.150840    1.936543    1.920019    1.739571    0.974261    1.093094    2.130413
Iteration: 127 bestvalit: 203.715000 bestmemit:    0.029785    0.068502    0.067607    0.489333    0.342207    0.243223    0.171928    0.119221    0.168906    0.493140    0.395592    1.868291    0.012378    0.001522    0.004131    8.036364    7.684973    1.150840    1.936543    1.920019    1.739571    0.974261    1.093094    2.130413
Iteration: 128 bestvalit: 203.715000 bestmemit:    0.029785    0.068502    0.067607    0.489333    0.342207    0.243223    0.171928    0.119221    0.168906    0.493140    0.395592    1.868291    0.012378    0.001522    0.004131    8.036364    7.684973    1.150840    1.936543    1.920019    1.739571    0.974261    1.093094    2.130413
Iteration: 129 bestvalit: 203.715000 bestmemit:    0.029785    0.068502    0.067607    0.489333    0.342207    0.243223    0.171928    0.119221    0.168906    0.493140    0.395592    1.868291    0.012378    0.001522    0.004131    8.036364    7.684973    1.150840    1.936543    1.920019    1.739571    0.974261    1.093094    2.130413
Iteration: 130 bestvalit: 203.715000 bestmemit:    0.029785    0.068502    0.067607    0.489333    0.342207    0.243223    0.171928    0.119221    0.168906    0.493140    0.395592    1.868291    0.012378    0.001522    0.004131    8.036364    7.684973    1.150840    1.936543    1.920019    1.739571    0.974261    1.093094    2.130413
Iteration: 131 bestvalit: 203.715000 bestmemit:    0.029785    0.068502    0.067607    0.489333    0.342207    0.243223    0.171928    0.119221    0.168906    0.493140    0.395592    1.868291    0.012378    0.001522    0.004131    8.036364    7.684973    1.150840    1.936543    1.920019    1.739571    0.974261    1.093094    2.130413
Iteration: 132 bestvalit: 202.085000 bestmemit:    0.030307    0.068502    0.067607    0.489333    0.342207    0.243223    0.171928    0.119221    0.168906    0.493140    0.395592    1.868291    0.012378    0.001522    0.004131    8.036364    7.684973    1.150840    1.936543    1.920019    1.739571    0.974261    1.093094    2.130413
Iteration: 133 bestvalit: 202.085000 bestmemit:    0.030307    0.068502    0.067607    0.489333    0.342207    0.243223    0.171928    0.119221    0.168906    0.493140    0.395592    1.868291    0.012378    0.001522    0.004131    8.036364    7.684973    1.150840    1.936543    1.920019    1.739571    0.974261    1.093094    2.130413
Iteration: 134 bestvalit: 202.085000 bestmemit:    0.030307    0.068502    0.067607    0.489333    0.342207    0.243223    0.171928    0.119221    0.168906    0.493140    0.395592    1.868291    0.012378    0.001522    0.004131    8.036364    7.684973    1.150840    1.936543    1.920019    1.739571    0.974261    1.093094    2.130413
Iteration: 135 bestvalit: 202.085000 bestmemit:    0.030307    0.068502    0.067607    0.489333    0.342207    0.243223    0.171928    0.119221    0.168906    0.493140    0.395592    1.868291    0.012378    0.001522    0.004131    8.036364    7.684973    1.150840    1.936543    1.920019    1.739571    0.974261    1.093094    2.130413
Iteration: 136 bestvalit: 202.085000 bestmemit:    0.030307    0.068502    0.067607    0.489333    0.342207    0.243223    0.171928    0.119221    0.168906    0.493140    0.395592    1.868291    0.012378    0.001522    0.004131    8.036364    7.684973    1.150840    1.936543    1.920019    1.739571    0.974261    1.093094    2.130413
Iteration: 137 bestvalit: 202.085000 bestmemit:    0.030307    0.068502    0.067607    0.489333    0.342207    0.243223    0.171928    0.119221    0.168906    0.493140    0.395592    1.868291    0.012378    0.001522    0.004131    8.036364    7.684973    1.150840    1.936543    1.920019    1.739571    0.974261    1.093094    2.130413
Iteration: 138 bestvalit: 202.085000 bestmemit:    0.030307    0.068502    0.067607    0.489333    0.342207    0.243223    0.171928    0.119221    0.168906    0.493140    0.395592    1.868291    0.012378    0.001522    0.004131    8.036364    7.684973    1.150840    1.936543    1.920019    1.739571    0.974261    1.093094    2.130413
Iteration: 139 bestvalit: 202.085000 bestmemit:    0.030307    0.068502    0.067607    0.489333    0.342207    0.243223    0.171928    0.119221    0.168906    0.493140    0.395592    1.868291    0.012378    0.001522    0.004131    8.036364    7.684973    1.150840    1.936543    1.920019    1.739571    0.974261    1.093094    2.130413
Iteration: 140 bestvalit: 202.085000 bestmemit:    0.030307    0.068502    0.067607    0.489333    0.342207    0.243223    0.171928    0.119221    0.168906    0.493140    0.395592    1.868291    0.012378    0.001522    0.004131    8.036364    7.684973    1.150840    1.936543    1.920019    1.739571    0.974261    1.093094    2.130413
Iteration: 141 bestvalit: 202.085000 bestmemit:    0.030307    0.068502    0.067607    0.489333    0.342207    0.243223    0.171928    0.119221    0.168906    0.493140    0.395592    1.868291    0.012378    0.001522    0.004131    8.036364    7.684973    1.150840    1.936543    1.920019    1.739571    0.974261    1.093094    2.130413
Iteration: 142 bestvalit: 202.085000 bestmemit:    0.030307    0.068502    0.067607    0.489333    0.342207    0.243223    0.171928    0.119221    0.168906    0.493140    0.395592    1.868291    0.012378    0.001522    0.004131    8.036364    7.684973    1.150840    1.936543    1.920019    1.739571    0.974261    1.093094    2.130413
Iteration: 143 bestvalit: 202.085000 bestmemit:    0.030307    0.068502    0.067607    0.489333    0.342207    0.243223    0.171928    0.119221    0.168906    0.493140    0.395592    1.868291    0.012378    0.001522    0.004131    8.036364    7.684973    1.150840    1.936543    1.920019    1.739571    0.974261    1.093094    2.130413
Iteration: 144 bestvalit: 202.085000 bestmemit:    0.030307    0.068502    0.067607    0.489333    0.342207    0.243223    0.171928    0.119221    0.168906    0.493140    0.395592    1.868291    0.012378    0.001522    0.004131    8.036364    7.684973    1.150840    1.936543    1.920019    1.739571    0.974261    1.093094    2.130413
Iteration: 145 bestvalit: 202.085000 bestmemit:    0.030307    0.068502    0.067607    0.489333    0.342207    0.243223    0.171928    0.119221    0.168906    0.493140    0.395592    1.868291    0.012378    0.001522    0.004131    8.036364    7.684973    1.150840    1.936543    1.920019    1.739571    0.974261    1.093094    2.130413
Iteration: 146 bestvalit: 202.035000 bestmemit:    0.021088    0.028954    0.096557    0.339685    0.390753    0.140032    0.125053    0.056569    0.139191    0.177772    0.452216    1.145738    0.013005    0.001463    0.010672    5.052429    9.228644    1.019534    1.974660    1.968925    1.779271    0.906821    1.110946    2.134370
Iteration: 147 bestvalit: 202.035000 bestmemit:    0.021088    0.028954    0.096557    0.339685    0.390753    0.140032    0.125053    0.056569    0.139191    0.177772    0.452216    1.145738    0.013005    0.001463    0.010672    5.052429    9.228644    1.019534    1.974660    1.968925    1.779271    0.906821    1.110946    2.134370
Iteration: 148 bestvalit: 202.035000 bestmemit:    0.021088    0.028954    0.096557    0.339685    0.390753    0.140032    0.125053    0.056569    0.139191    0.177772    0.452216    1.145738    0.013005    0.001463    0.010672    5.052429    9.228644    1.019534    1.974660    1.968925    1.779271    0.906821    1.110946    2.134370
Iteration: 149 bestvalit: 202.035000 bestmemit:    0.021088    0.028954    0.096557    0.339685    0.390753    0.140032    0.125053    0.056569    0.139191    0.177772    0.452216    1.145738    0.013005    0.001463    0.010672    5.052429    9.228644    1.019534    1.974660    1.968925    1.779271    0.906821    1.110946    2.134370
Iteration: 150 bestvalit: 202.035000 bestmemit:    0.021088    0.028954    0.096557    0.339685    0.390753    0.140032    0.125053    0.056569    0.139191    0.177772    0.452216    1.145738    0.013005    0.001463    0.010672    5.052429    9.228644    1.019534    1.974660    1.968925    1.779271    0.906821    1.110946    2.134370
Iteration: 151 bestvalit: 202.035000 bestmemit:    0.021088    0.028954    0.096557    0.339685    0.390753    0.140032    0.125053    0.056569    0.139191    0.177772    0.452216    1.145738    0.013005    0.001463    0.010672    5.052429    9.228644    1.019534    1.974660    1.968925    1.779271    0.906821    1.110946    2.134370
Iteration: 152 bestvalit: 198.425000 bestmemit:    0.021088    0.028954    0.096557    0.339685    0.390753    0.140032    0.125053    0.056569    0.139191    0.177772    0.320865    1.145738    0.013005    0.001463    0.010672    5.052429    9.228644    1.019534    1.974660    1.968925    1.779271    0.906821    1.110946    2.134370
Iteration: 153 bestvalit: 198.425000 bestmemit:    0.021088    0.028954    0.096557    0.339685    0.390753    0.140032    0.125053    0.056569    0.139191    0.177772    0.320865    1.145738    0.013005    0.001463    0.010672    5.052429    9.228644    1.019534    1.974660    1.968925    1.779271    0.906821    1.110946    2.134370
Iteration: 154 bestvalit: 198.425000 bestmemit:    0.021088    0.028954    0.096557    0.339685    0.390753    0.140032    0.125053    0.056569    0.139191    0.177772    0.320865    1.145738    0.013005    0.001463    0.010672    5.052429    9.228644    1.019534    1.974660    1.968925    1.779271    0.906821    1.110946    2.134370
Iteration: 155 bestvalit: 198.425000 bestmemit:    0.021088    0.028954    0.096557    0.339685    0.390753    0.140032    0.125053    0.056569    0.139191    0.177772    0.320865    1.145738    0.013005    0.001463    0.010672    5.052429    9.228644    1.019534    1.974660    1.968925    1.779271    0.906821    1.110946    2.134370
Iteration: 156 bestvalit: 198.425000 bestmemit:    0.021088    0.028954    0.096557    0.339685    0.390753    0.140032    0.125053    0.056569    0.139191    0.177772    0.320865    1.145738    0.013005    0.001463    0.010672    5.052429    9.228644    1.019534    1.974660    1.968925    1.779271    0.906821    1.110946    2.134370
Iteration: 157 bestvalit: 198.425000 bestmemit:    0.021088    0.028954    0.096557    0.339685    0.390753    0.140032    0.125053    0.056569    0.139191    0.177772    0.320865    1.145738    0.013005    0.001463    0.010672    5.052429    9.228644    1.019534    1.974660    1.968925    1.779271    0.906821    1.110946    2.134370
Iteration: 158 bestvalit: 198.425000 bestmemit:    0.021088    0.028954    0.096557    0.339685    0.390753    0.140032    0.125053    0.056569    0.139191    0.177772    0.320865    1.145738    0.013005    0.001463    0.010672    5.052429    9.228644    1.019534    1.974660    1.968925    1.779271    0.906821    1.110946    2.134370
Iteration: 159 bestvalit: 198.425000 bestmemit:    0.021088    0.028954    0.096557    0.339685    0.390753    0.140032    0.125053    0.056569    0.139191    0.177772    0.320865    1.145738    0.013005    0.001463    0.010672    5.052429    9.228644    1.019534    1.974660    1.968925    1.779271    0.906821    1.110946    2.134370
Iteration: 160 bestvalit: 198.425000 bestmemit:    0.021088    0.028954    0.096557    0.339685    0.390753    0.140032    0.125053    0.056569    0.139191    0.177772    0.320865    1.145738    0.013005    0.001463    0.010672    5.052429    9.228644    1.019534    1.974660    1.968925    1.779271    0.906821    1.110946    2.134370
Iteration: 161 bestvalit: 198.425000 bestmemit:    0.021088    0.028954    0.096557    0.339685    0.390753    0.140032    0.125053    0.056569    0.139191    0.177772    0.320865    1.145738    0.013005    0.001463    0.010672    5.052429    9.228644    1.019534    1.974660    1.968925    1.779271    0.906821    1.110946    2.134370
Iteration: 162 bestvalit: 198.425000 bestmemit:    0.021088    0.028954    0.096557    0.339685    0.390753    0.140032    0.125053    0.056569    0.139191    0.177772    0.320865    1.145738    0.013005    0.001463    0.010672    5.052429    9.228644    1.019534    1.974660    1.968925    1.779271    0.906821    1.110946    2.134370
Iteration: 163 bestvalit: 198.425000 bestmemit:    0.021088    0.028954    0.096557    0.339685    0.390753    0.140032    0.125053    0.056569    0.139191    0.177772    0.320865    1.145738    0.013005    0.001463    0.010672    5.052429    9.228644    1.019534    1.974660    1.968925    1.779271    0.906821    1.110946    2.134370
Iteration: 164 bestvalit: 198.425000 bestmemit:    0.021088    0.028954    0.096557    0.339685    0.390753    0.140032    0.125053    0.056569    0.139191    0.177772    0.320865    1.145738    0.013005    0.001463    0.010672    5.052429    9.228644    1.019534    1.974660    1.968925    1.779271    0.906821    1.110946    2.134370
Iteration: 165 bestvalit: 198.425000 bestmemit:    0.021088    0.028954    0.096557    0.339685    0.390753    0.140032    0.125053    0.056569    0.139191    0.177772    0.320865    1.145738    0.013005    0.001463    0.010672    5.052429    9.228644    1.019534    1.974660    1.968925    1.779271    0.906821    1.110946    2.134370
Iteration: 166 bestvalit: 198.425000 bestmemit:    0.021088    0.028954    0.096557    0.339685    0.390753    0.140032    0.125053    0.056569    0.139191    0.177772    0.320865    1.145738    0.013005    0.001463    0.010672    5.052429    9.228644    1.019534    1.974660    1.968925    1.779271    0.906821    1.110946    2.134370
Iteration: 167 bestvalit: 198.425000 bestmemit:    0.021088    0.028954    0.096557    0.339685    0.390753    0.140032    0.125053    0.056569    0.139191    0.177772    0.320865    1.145738    0.013005    0.001463    0.010672    5.052429    9.228644    1.019534    1.974660    1.968925    1.779271    0.906821    1.110946    2.134370
Iteration: 168 bestvalit: 198.425000 bestmemit:    0.021088    0.028954    0.096557    0.339685    0.390753    0.140032    0.125053    0.056569    0.139191    0.177772    0.320865    1.145738    0.013005    0.001463    0.010672    5.052429    9.228644    1.019534    1.974660    1.968925    1.779271    0.906821    1.110946    2.134370
Iteration: 169 bestvalit: 198.425000 bestmemit:    0.021088    0.028954    0.096557    0.339685    0.390753    0.140032    0.125053    0.056569    0.139191    0.177772    0.320865    1.145738    0.013005    0.001463    0.010672    5.052429    9.228644    1.019534    1.974660    1.968925    1.779271    0.906821    1.110946    2.134370
Iteration: 170 bestvalit: 198.425000 bestmemit:    0.021088    0.028954    0.096557    0.339685    0.390753    0.140032    0.125053    0.056569    0.139191    0.177772    0.320865    1.145738    0.013005    0.001463    0.010672    5.052429    9.228644    1.019534    1.974660    1.968925    1.779271    0.906821    1.110946    2.134370
Iteration: 171 bestvalit: 197.635000 bestmemit:    0.021088    0.028954    0.096557    0.339685    0.390753    0.140032    0.125053    0.056569    0.139191    0.177772    0.320865    1.145738    0.013005    0.001463    0.010672    5.052429    9.228644    1.019534    1.974660    1.882000    1.779271    0.906821    1.110946    2.134370
Iteration: 172 bestvalit: 197.635000 bestmemit:    0.021088    0.028954    0.096557    0.339685    0.390753    0.140032    0.125053    0.056569    0.139191    0.177772    0.320865    1.145738    0.013005    0.001463    0.010672    5.052429    9.228644    1.019534    1.974660    1.882000    1.779271    0.906821    1.110946    2.134370
Iteration: 173 bestvalit: 197.635000 bestmemit:    0.021088    0.028954    0.096557    0.339685    0.390753    0.140032    0.125053    0.056569    0.139191    0.177772    0.320865    1.145738    0.013005    0.001463    0.010672    5.052429    9.228644    1.019534    1.974660    1.882000    1.779271    0.906821    1.110946    2.134370
Iteration: 174 bestvalit: 197.635000 bestmemit:    0.021088    0.028954    0.096557    0.339685    0.390753    0.140032    0.125053    0.056569    0.139191    0.177772    0.320865    1.145738    0.013005    0.001463    0.010672    5.052429    9.228644    1.019534    1.974660    1.882000    1.779271    0.906821    1.110946    2.134370
Iteration: 175 bestvalit: 197.635000 bestmemit:    0.021088    0.028954    0.096557    0.339685    0.390753    0.140032    0.125053    0.056569    0.139191    0.177772    0.320865    1.145738    0.013005    0.001463    0.010672    5.052429    9.228644    1.019534    1.974660    1.882000    1.779271    0.906821    1.110946    2.134370
Iteration: 176 bestvalit: 197.635000 bestmemit:    0.021088    0.028954    0.096557    0.339685    0.390753    0.140032    0.125053    0.056569    0.139191    0.177772    0.320865    1.145738    0.013005    0.001463    0.010672    5.052429    9.228644    1.019534    1.974660    1.882000    1.779271    0.906821    1.110946    2.134370
Iteration: 177 bestvalit: 197.635000 bestmemit:    0.021088    0.028954    0.096557    0.339685    0.390753    0.140032    0.125053    0.056569    0.139191    0.177772    0.320865    1.145738    0.013005    0.001463    0.010672    5.052429    9.228644    1.019534    1.974660    1.882000    1.779271    0.906821    1.110946    2.134370
Iteration: 178 bestvalit: 187.620000 bestmemit:    0.021213    0.055926    0.090852    0.569468    0.374229    0.370828    0.303378    0.103815    0.204524    0.385395    0.250097    1.398825    0.034482    0.004048    0.005484    7.934030    9.770817    1.362394    1.980476    1.929602    1.774242    0.864291    1.177644    1.946394
Iteration: 179 bestvalit: 187.620000 bestmemit:    0.021213    0.055926    0.090852    0.569468    0.374229    0.370828    0.303378    0.103815    0.204524    0.385395    0.250097    1.398825    0.034482    0.004048    0.005484    7.934030    9.770817    1.362394    1.980476    1.929602    1.774242    0.864291    1.177644    1.946394
Iteration: 180 bestvalit: 184.425000 bestmemit:    0.021213    0.055926    0.090852    0.569468    0.374229    0.370828    0.303378    0.103815    0.182095    0.385395    0.250097    1.398825    0.034482    0.004048    0.005484    7.934030    9.770817    1.362394    1.980476    1.929602    1.774242    0.864291    1.177644    1.946394
Iteration: 181 bestvalit: 184.425000 bestmemit:    0.021213    0.055926    0.090852    0.569468    0.374229    0.370828    0.303378    0.103815    0.182095    0.385395    0.250097    1.398825    0.034482    0.004048    0.005484    7.934030    9.770817    1.362394    1.980476    1.929602    1.774242    0.864291    1.177644    1.946394
Iteration: 182 bestvalit: 184.425000 bestmemit:    0.021213    0.055926    0.090852    0.569468    0.374229    0.370828    0.303378    0.103815    0.182095    0.385395    0.250097    1.398825    0.034482    0.004048    0.005484    7.934030    9.770817    1.362394    1.980476    1.929602    1.774242    0.864291    1.177644    1.946394
Iteration: 183 bestvalit: 184.425000 bestmemit:    0.021213    0.055926    0.090852    0.569468    0.374229    0.370828    0.303378    0.103815    0.182095    0.385395    0.250097    1.398825    0.034482    0.004048    0.005484    7.934030    9.770817    1.362394    1.980476    1.929602    1.774242    0.864291    1.177644    1.946394
Iteration: 184 bestvalit: 184.425000 bestmemit:    0.021213    0.055926    0.090852    0.569468    0.374229    0.370828    0.303378    0.103815    0.182095    0.385395    0.250097    1.398825    0.034482    0.004048    0.005484    7.934030    9.770817    1.362394    1.980476    1.929602    1.774242    0.864291    1.177644    1.946394
Iteration: 185 bestvalit: 184.425000 bestmemit:    0.021213    0.055926    0.090852    0.569468    0.374229    0.370828    0.303378    0.103815    0.182095    0.385395    0.250097    1.398825    0.034482    0.004048    0.005484    7.934030    9.770817    1.362394    1.980476    1.929602    1.774242    0.864291    1.177644    1.946394
Iteration: 186 bestvalit: 184.425000 bestmemit:    0.021213    0.055926    0.090852    0.569468    0.374229    0.370828    0.303378    0.103815    0.182095    0.385395    0.250097    1.398825    0.034482    0.004048    0.005484    7.934030    9.770817    1.362394    1.980476    1.929602    1.774242    0.864291    1.177644    1.946394
Iteration: 187 bestvalit: 184.425000 bestmemit:    0.021213    0.055926    0.090852    0.569468    0.374229    0.370828    0.303378    0.103815    0.182095    0.385395    0.250097    1.398825    0.034482    0.004048    0.005484    7.934030    9.770817    1.362394    1.980476    1.929602    1.774242    0.864291    1.177644    1.946394
Iteration: 188 bestvalit: 184.425000 bestmemit:    0.021213    0.055926    0.090852    0.569468    0.374229    0.370828    0.303378    0.103815    0.182095    0.385395    0.250097    1.398825    0.034482    0.004048    0.005484    7.934030    9.770817    1.362394    1.980476    1.929602    1.774242    0.864291    1.177644    1.946394
Iteration: 189 bestvalit: 184.425000 bestmemit:    0.021213    0.055926    0.090852    0.569468    0.374229    0.370828    0.303378    0.103815    0.182095    0.385395    0.250097    1.398825    0.034482    0.004048    0.005484    7.934030    9.770817    1.362394    1.980476    1.929602    1.774242    0.864291    1.177644    1.946394
Iteration: 190 bestvalit: 184.425000 bestmemit:    0.021213    0.055926    0.090852    0.569468    0.374229    0.370828    0.303378    0.103815    0.182095    0.385395    0.250097    1.398825    0.034482    0.004048    0.005484    7.934030    9.770817    1.362394    1.980476    1.929602    1.774242    0.864291    1.177644    1.946394
Iteration: 191 bestvalit: 184.425000 bestmemit:    0.021213    0.055926    0.090852    0.569468    0.374229    0.370828    0.303378    0.103815    0.182095    0.385395    0.250097    1.398825    0.034482    0.004048    0.005484    7.934030    9.770817    1.362394    1.980476    1.929602    1.774242    0.864291    1.177644    1.946394
Iteration: 192 bestvalit: 178.700000 bestmemit:    0.021213    0.055926    0.083098    0.569468    0.374229    0.370828    0.303378    0.103815    0.182095    0.385395    0.250097    1.398825    0.034482    0.004048    0.005484    7.934030    9.770817    1.362394    1.980476    1.929602    1.774242    0.864291    1.177644    1.946394
Iteration: 193 bestvalit: 178.700000 bestmemit:    0.021213    0.055926    0.083098    0.569468    0.374229    0.370828    0.303378    0.103815    0.182095    0.385395    0.250097    1.398825    0.034482    0.004048    0.005484    7.934030    9.770817    1.362394    1.980476    1.929602    1.774242    0.864291    1.177644    1.946394
Iteration: 194 bestvalit: 178.700000 bestmemit:    0.021213    0.055926    0.083098    0.569468    0.374229    0.370828    0.303378    0.103815    0.182095    0.385395    0.250097    1.398825    0.034482    0.004048    0.005484    7.934030    9.770817    1.362394    1.980476    1.929602    1.774242    0.864291    1.177644    1.946394
Iteration: 195 bestvalit: 178.700000 bestmemit:    0.021213    0.055926    0.083098    0.569468    0.374229    0.370828    0.303378    0.103815    0.182095    0.385395    0.250097    1.398825    0.034482    0.004048    0.005484    7.934030    9.770817    1.362394    1.980476    1.929602    1.774242    0.864291    1.177644    1.946394
Iteration: 196 bestvalit: 178.700000 bestmemit:    0.021213    0.055926    0.083098    0.569468    0.374229    0.370828    0.303378    0.103815    0.182095    0.385395    0.250097    1.398825    0.034482    0.004048    0.005484    7.934030    9.770817    1.362394    1.980476    1.929602    1.774242    0.864291    1.177644    1.946394
Iteration: 197 bestvalit: 178.700000 bestmemit:    0.021213    0.055926    0.083098    0.569468    0.374229    0.370828    0.303378    0.103815    0.182095    0.385395    0.250097    1.398825    0.034482    0.004048    0.005484    7.934030    9.770817    1.362394    1.980476    1.929602    1.774242    0.864291    1.177644    1.946394
Iteration: 198 bestvalit: 178.700000 bestmemit:    0.021213    0.055926    0.083098    0.569468    0.374229    0.370828    0.303378    0.103815    0.182095    0.385395    0.250097    1.398825    0.034482    0.004048    0.005484    7.934030    9.770817    1.362394    1.980476    1.929602    1.774242    0.864291    1.177644    1.946394
Iteration: 199 bestvalit: 178.700000 bestmemit:    0.021213    0.055926    0.083098    0.569468    0.374229    0.370828    0.303378    0.103815    0.182095    0.385395    0.250097    1.398825    0.034482    0.004048    0.005484    7.934030    9.770817    1.362394    1.980476    1.929602    1.774242    0.864291    1.177644    1.946394
Iteration: 200 bestvalit: 176.945000 bestmemit:    0.021213    0.055926    0.083098    0.569468    0.374229    0.370828    0.303378    0.103815    0.182095    0.385395    0.250097    1.398825    0.034482    0.004048    0.005484    8.502766    9.770817    1.362394    1.980476    1.929602    1.774242    0.864291    1.177644    1.946394
Iteration: 201 bestvalit: 176.945000 bestmemit:    0.021213    0.055926    0.083098    0.569468    0.374229    0.370828    0.303378    0.103815    0.182095    0.385395    0.250097    1.398825    0.034482    0.004048    0.005484    8.502766    9.770817    1.362394    1.980476    1.929602    1.774242    0.864291    1.177644    1.946394
Iteration: 202 bestvalit: 176.945000 bestmemit:    0.021213    0.055926    0.083098    0.569468    0.374229    0.370828    0.303378    0.103815    0.182095    0.385395    0.250097    1.398825    0.034482    0.004048    0.005484    8.502766    9.770817    1.362394    1.980476    1.929602    1.774242    0.864291    1.177644    1.946394
Iteration: 203 bestvalit: 171.675000 bestmemit:    0.021213    0.055926    0.083098    0.569468    0.374229    0.370828    0.303378    0.103815    0.182095    0.385395    0.250097    1.398825    0.034482    0.004048    0.005484    8.502766    9.770817    1.362394    1.980476    1.929602    1.774242    0.952032    1.177644    1.946394
Iteration: 204 bestvalit: 171.675000 bestmemit:    0.021213    0.055926    0.083098    0.569468    0.374229    0.370828    0.303378    0.103815    0.182095    0.385395    0.250097    1.398825    0.034482    0.004048    0.005484    8.502766    9.770817    1.362394    1.980476    1.929602    1.774242    0.952032    1.177644    1.946394
Iteration: 205 bestvalit: 171.645000 bestmemit:    0.021213    0.055926    0.083098    0.474986    0.374229    0.370828    0.303378    0.103815    0.182095    0.385395    0.250097    1.398825    0.034482    0.004048    0.005484    8.502766    9.770817    1.362394    1.980476    1.929602    1.774242    0.952032    1.177644    1.946394
Iteration: 206 bestvalit: 171.645000 bestmemit:    0.021213    0.055926    0.083098    0.474986    0.374229    0.370828    0.303378    0.103815    0.182095    0.385395    0.250097    1.398825    0.034482    0.004048    0.005484    8.502766    9.770817    1.362394    1.980476    1.929602    1.774242    0.952032    1.177644    1.946394
Iteration: 207 bestvalit: 171.645000 bestmemit:    0.021213    0.055926    0.083098    0.474986    0.374229    0.370828    0.303378    0.103815    0.182095    0.385395    0.250097    1.398825    0.034482    0.004048    0.005484    8.502766    9.770817    1.362394    1.980476    1.929602    1.774242    0.952032    1.177644    1.946394
Iteration: 208 bestvalit: 171.645000 bestmemit:    0.021213    0.055926    0.083098    0.474986    0.374229    0.370828    0.303378    0.103815    0.182095    0.385395    0.250097    1.398825    0.034482    0.004048    0.005484    8.502766    9.770817    1.362394    1.980476    1.929602    1.774242    0.952032    1.177644    1.946394
Iteration: 209 bestvalit: 171.645000 bestmemit:    0.021213    0.055926    0.083098    0.474986    0.374229    0.370828    0.303378    0.103815    0.182095    0.385395    0.250097    1.398825    0.034482    0.004048    0.005484    8.502766    9.770817    1.362394    1.980476    1.929602    1.774242    0.952032    1.177644    1.946394
Iteration: 210 bestvalit: 170.250000 bestmemit:    0.021213    0.055926    0.083098    0.474986    0.374229    0.370828    0.303378    0.103815    0.182095    0.385395    0.250097    1.398825    0.039324    0.004048    0.005484    8.502766    9.770817    1.362394    1.980476    1.929602    1.774242    0.952032    1.177644    1.946394
Iteration: 211 bestvalit: 170.250000 bestmemit:    0.021213    0.055926    0.083098    0.474986    0.374229    0.370828    0.303378    0.103815    0.182095    0.385395    0.250097    1.398825    0.039324    0.004048    0.005484    8.502766    9.770817    1.362394    1.980476    1.929602    1.774242    0.952032    1.177644    1.946394
Iteration: 212 bestvalit: 169.890000 bestmemit:    0.021213    0.055926    0.083098    0.510908    0.374229    0.370828    0.303378    0.103815    0.182095    0.385395    0.250097    1.398825    0.039324    0.004048    0.005484    8.502766    9.770817    1.362394    1.980476    1.929602    1.774242    0.952032    1.177644    1.946394
Iteration: 213 bestvalit: 169.890000 bestmemit:    0.021213    0.055926    0.083098    0.510908    0.374229    0.370828    0.303378    0.103815    0.182095    0.385395    0.250097    1.398825    0.039324    0.004048    0.005484    8.502766    9.770817    1.362394    1.980476    1.929602    1.774242    0.952032    1.177644    1.946394
Iteration: 214 bestvalit: 169.890000 bestmemit:    0.021213    0.055926    0.083098    0.510908    0.374229    0.370828    0.303378    0.103815    0.182095    0.385395    0.250097    1.398825    0.039324    0.004048    0.005484    8.502766    9.770817    1.362394    1.980476    1.929602    1.774242    0.952032    1.177644    1.946394
Iteration: 215 bestvalit: 169.890000 bestmemit:    0.021213    0.055926    0.083098    0.510908    0.374229    0.370828    0.303378    0.103815    0.182095    0.385395    0.250097    1.398825    0.039324    0.004048    0.005484    8.502766    9.770817    1.362394    1.980476    1.929602    1.774242    0.952032    1.177644    1.946394
Iteration: 216 bestvalit: 169.890000 bestmemit:    0.021213    0.055926    0.083098    0.510908    0.374229    0.370828    0.303378    0.103815    0.182095    0.385395    0.250097    1.398825    0.039324    0.004048    0.005484    8.502766    9.770817    1.362394    1.980476    1.929602    1.774242    0.952032    1.177644    1.946394
Iteration: 217 bestvalit: 169.890000 bestmemit:    0.021213    0.055926    0.083098    0.510908    0.374229    0.370828    0.303378    0.103815    0.182095    0.385395    0.250097    1.398825    0.039324    0.004048    0.005484    8.502766    9.770817    1.362394    1.980476    1.929602    1.774242    0.952032    1.177644    1.946394
Iteration: 218 bestvalit: 169.890000 bestmemit:    0.021213    0.055926    0.083098    0.510908    0.374229    0.370828    0.303378    0.103815    0.182095    0.385395    0.250097    1.398825    0.039324    0.004048    0.005484    8.502766    9.770817    1.362394    1.980476    1.929602    1.774242    0.952032    1.177644    1.946394
Iteration: 219 bestvalit: 169.890000 bestmemit:    0.021213    0.055926    0.083098    0.510908    0.374229    0.370828    0.303378    0.103815    0.182095    0.385395    0.250097    1.398825    0.039324    0.004048    0.005484    8.502766    9.770817    1.362394    1.980476    1.929602    1.774242    0.952032    1.177644    1.946394
Iteration: 220 bestvalit: 169.890000 bestmemit:    0.021213    0.055926    0.083098    0.510908    0.374229    0.370828    0.303378    0.103815    0.182095    0.385395    0.250097    1.398825    0.039324    0.004048    0.005484    8.502766    9.770817    1.362394    1.980476    1.929602    1.774242    0.952032    1.177644    1.946394
Iteration: 221 bestvalit: 169.890000 bestmemit:    0.021213    0.055926    0.083098    0.510908    0.374229    0.370828    0.303378    0.103815    0.182095    0.385395    0.250097    1.398825    0.039324    0.004048    0.005484    8.502766    9.770817    1.362394    1.980476    1.929602    1.774242    0.952032    1.177644    1.946394
Iteration: 222 bestvalit: 169.890000 bestmemit:    0.021213    0.055926    0.083098    0.510908    0.374229    0.370828    0.303378    0.103815    0.182095    0.385395    0.250097    1.398825    0.039324    0.004048    0.005484    8.502766    9.770817    1.362394    1.980476    1.929602    1.774242    0.952032    1.177644    1.946394
Iteration: 223 bestvalit: 169.890000 bestmemit:    0.021213    0.055926    0.083098    0.510908    0.374229    0.370828    0.303378    0.103815    0.182095    0.385395    0.250097    1.398825    0.039324    0.004048    0.005484    8.502766    9.770817    1.362394    1.980476    1.929602    1.774242    0.952032    1.177644    1.946394
Iteration: 224 bestvalit: 169.890000 bestmemit:    0.021213    0.055926    0.083098    0.510908    0.374229    0.370828    0.303378    0.103815    0.182095    0.385395    0.250097    1.398825    0.039324    0.004048    0.005484    8.502766    9.770817    1.362394    1.980476    1.929602    1.774242    0.952032    1.177644    1.946394
Iteration: 225 bestvalit: 169.890000 bestmemit:    0.021213    0.055926    0.083098    0.510908    0.374229    0.370828    0.303378    0.103815    0.182095    0.385395    0.250097    1.398825    0.039324    0.004048    0.005484    8.502766    9.770817    1.362394    1.980476    1.929602    1.774242    0.952032    1.177644    1.946394
Iteration: 226 bestvalit: 169.890000 bestmemit:    0.021213    0.055926    0.083098    0.510908    0.374229    0.370828    0.303378    0.103815    0.182095    0.385395    0.250097    1.398825    0.039324    0.004048    0.005484    8.502766    9.770817    1.362394    1.980476    1.929602    1.774242    0.952032    1.177644    1.946394
Iteration: 227 bestvalit: 167.625000 bestmemit:    0.021213    0.055926    0.083098    0.510908    0.374229    0.370828    0.303378    0.103815    0.182095    0.385395    0.250097    1.398825    0.039324    0.004048    0.005484    8.502766    9.770817    1.362394    1.980476    1.929602    1.546491    0.952032    1.177644    1.946394
Iteration: 228 bestvalit: 167.625000 bestmemit:    0.021213    0.055926    0.083098    0.510908    0.374229    0.370828    0.303378    0.103815    0.182095    0.385395    0.250097    1.398825    0.039324    0.004048    0.005484    8.502766    9.770817    1.362394    1.980476    1.929602    1.546491    0.952032    1.177644    1.946394
Iteration: 229 bestvalit: 167.625000 bestmemit:    0.021213    0.055926    0.083098    0.510908    0.374229    0.370828    0.303378    0.103815    0.182095    0.385395    0.250097    1.398825    0.039324    0.004048    0.005484    8.502766    9.770817    1.362394    1.980476    1.929602    1.546491    0.952032    1.177644    1.946394
Iteration: 230 bestvalit: 167.625000 bestmemit:    0.021213    0.055926    0.083098    0.510908    0.374229    0.370828    0.303378    0.103815    0.182095    0.385395    0.250097    1.398825    0.039324    0.004048    0.005484    8.502766    9.770817    1.362394    1.980476    1.929602    1.546491    0.952032    1.177644    1.946394
Iteration: 231 bestvalit: 167.625000 bestmemit:    0.021213    0.055926    0.083098    0.510908    0.374229    0.370828    0.303378    0.103815    0.182095    0.385395    0.250097    1.398825    0.039324    0.004048    0.005484    8.502766    9.770817    1.362394    1.980476    1.929602    1.546491    0.952032    1.177644    1.946394
Iteration: 232 bestvalit: 167.625000 bestmemit:    0.021213    0.055926    0.083098    0.510908    0.374229    0.370828    0.303378    0.103815    0.182095    0.385395    0.250097    1.398825    0.039324    0.004048    0.005484    8.502766    9.770817    1.362394    1.980476    1.929602    1.546491    0.952032    1.177644    1.946394
Iteration: 233 bestvalit: 167.625000 bestmemit:    0.021213    0.055926    0.083098    0.510908    0.374229    0.370828    0.303378    0.103815    0.182095    0.385395    0.250097    1.398825    0.039324    0.004048    0.005484    8.502766    9.770817    1.362394    1.980476    1.929602    1.546491    0.952032    1.177644    1.946394
Iteration: 234 bestvalit: 167.625000 bestmemit:    0.021213    0.055926    0.083098    0.510908    0.374229    0.370828    0.303378    0.103815    0.182095    0.385395    0.250097    1.398825    0.039324    0.004048    0.005484    8.502766    9.770817    1.362394    1.980476    1.929602    1.546491    0.952032    1.177644    1.946394
Iteration: 235 bestvalit: 167.625000 bestmemit:    0.021213    0.055926    0.083098    0.510908    0.374229    0.370828    0.303378    0.103815    0.182095    0.385395    0.250097    1.398825    0.039324    0.004048    0.005484    8.502766    9.770817    1.362394    1.980476    1.929602    1.546491    0.952032    1.177644    1.946394
Iteration: 236 bestvalit: 167.435000 bestmemit:    0.021213    0.055926    0.083098    0.510908    0.374229    0.370828    0.303378    0.103815    0.182095    0.385395    0.250097    1.398825    0.039324    0.003888    0.005484    8.502766    9.770817    1.362394    1.980476    1.929602    1.546491    0.952032    1.177644    1.946394
Iteration: 237 bestvalit: 167.095000 bestmemit:    0.021213    0.055926    0.083098    0.510908    0.374229    0.370828    0.303378    0.103815    0.182095    0.385395    0.250097    1.398825    0.039324    0.003888    0.005484    8.502766    9.770817    1.362394    1.980476    1.929602    1.546491    0.952032    1.177644    1.956238
Iteration: 238 bestvalit: 167.070000 bestmemit:    0.021213    0.055926    0.083098    0.510908    0.374229    0.370828    0.303378    0.103815    0.182095    0.385395    0.250097    1.398825    0.039324    0.003888    0.005484    8.502766    9.770817    1.362394    1.980476    1.932374    1.612461    0.952032    1.177644    1.956238
Iteration: 239 bestvalit: 167.070000 bestmemit:    0.021213    0.055926    0.083098    0.510908    0.374229    0.370828    0.303378    0.103815    0.182095    0.385395    0.250097    1.398825    0.039324    0.003888    0.005484    8.502766    9.770817    1.362394    1.980476    1.932374    1.612461    0.952032    1.177644    1.956238
Iteration: 240 bestvalit: 165.715000 bestmemit:    0.021213    0.055926    0.083098    0.510908    0.374229    0.370828    0.303378    0.103815    0.182095    0.385395    0.250097    1.398825    0.039324    0.003888    0.005484    9.033171    9.770817    1.362394    1.980476    1.932374    1.612461    0.952032    1.177644    1.956238
Iteration: 241 bestvalit: 165.715000 bestmemit:    0.021213    0.055926    0.083098    0.510908    0.374229    0.370828    0.303378    0.103815    0.182095    0.385395    0.250097    1.398825    0.039324    0.003888    0.005484    9.033171    9.770817    1.362394    1.980476    1.932374    1.612461    0.952032    1.177644    1.956238
Iteration: 242 bestvalit: 165.715000 bestmemit:    0.021213    0.055926    0.083098    0.510908    0.374229    0.370828    0.303378    0.103815    0.182095    0.385395    0.250097    1.398825    0.039324    0.003888    0.005484    9.033171    9.770817    1.362394    1.980476    1.932374    1.612461    0.952032    1.177644    1.956238
Iteration: 243 bestvalit: 165.715000 bestmemit:    0.021213    0.055926    0.083098    0.510908    0.374229    0.370828    0.303378    0.103815    0.182095    0.385395    0.250097    1.398825    0.039324    0.003888    0.005484    9.033171    9.770817    1.362394    1.980476    1.932374    1.612461    0.952032    1.177644    1.956238
Iteration: 244 bestvalit: 165.715000 bestmemit:    0.021213    0.055926    0.083098    0.510908    0.374229    0.370828    0.303378    0.103815    0.182095    0.385395    0.250097    1.398825    0.039324    0.003888    0.005484    9.033171    9.770817    1.362394    1.980476    1.932374    1.612461    0.952032    1.177644    1.956238
Iteration: 245 bestvalit: 165.715000 bestmemit:    0.021213    0.055926    0.083098    0.510908    0.374229    0.370828    0.303378    0.103815    0.182095    0.385395    0.250097    1.398825    0.039324    0.003888    0.005484    9.033171    9.770817    1.362394    1.980476    1.932374    1.612461    0.952032    1.177644    1.956238
Iteration: 246 bestvalit: 165.715000 bestmemit:    0.021213    0.055926    0.083098    0.510908    0.374229    0.370828    0.303378    0.103815    0.182095    0.385395    0.250097    1.398825    0.039324    0.003888    0.005484    9.033171    9.770817    1.362394    1.980476    1.932374    1.612461    0.952032    1.177644    1.956238
Iteration: 247 bestvalit: 165.710000 bestmemit:    0.021213    0.055926    0.083098    0.510908    0.374229    0.370828    0.303378    0.103815    0.182095    0.385395    0.250097    1.398825    0.039324    0.003888    0.005484    9.033171    9.770817    1.362394    1.980476    1.932374    1.552490    0.952032    1.177644    1.956238
Iteration: 248 bestvalit: 165.710000 bestmemit:    0.021213    0.055926    0.083098    0.510908    0.374229    0.370828    0.303378    0.103815    0.182095    0.385395    0.250097    1.398825    0.039324    0.003888    0.005484    9.033171    9.770817    1.362394    1.980476    1.932374    1.552490    0.952032    1.177644    1.956238
Iteration: 249 bestvalit: 165.710000 bestmemit:    0.021213    0.055926    0.083098    0.510908    0.374229    0.370828    0.303378    0.103815    0.182095    0.385395    0.250097    1.398825    0.039324    0.003888    0.005484    9.033171    9.770817    1.362394    1.980476    1.932374    1.552490    0.952032    1.177644    1.956238
Iteration: 250 bestvalit: 165.710000 bestmemit:    0.021213    0.055926    0.083098    0.510908    0.374229    0.370828    0.303378    0.103815    0.182095    0.385395    0.250097    1.398825    0.039324    0.003888    0.005484    9.033171    9.770817    1.362394    1.980476    1.932374    1.552490    0.952032    1.177644    1.956238
Iteration: 251 bestvalit: 165.710000 bestmemit:    0.021213    0.055926    0.083098    0.510908    0.374229    0.370828    0.303378    0.103815    0.182095    0.385395    0.250097    1.398825    0.039324    0.003888    0.005484    9.033171    9.770817    1.362394    1.980476    1.932374    1.552490    0.952032    1.177644    1.956238
Iteration: 252 bestvalit: 165.710000 bestmemit:    0.021213    0.055926    0.083098    0.510908    0.374229    0.370828    0.303378    0.103815    0.182095    0.385395    0.250097    1.398825    0.039324    0.003888    0.005484    9.033171    9.770817    1.362394    1.980476    1.932374    1.552490    0.952032    1.177644    1.956238
Iteration: 253 bestvalit: 165.710000 bestmemit:    0.021213    0.055926    0.083098    0.510908    0.374229    0.370828    0.303378    0.103815    0.182095    0.385395    0.250097    1.398825    0.039324    0.003888    0.005484    9.033171    9.770817    1.362394    1.980476    1.932374    1.552490    0.952032    1.177644    1.956238
Iteration: 254 bestvalit: 165.710000 bestmemit:    0.021213    0.055926    0.083098    0.510908    0.374229    0.370828    0.303378    0.103815    0.182095    0.385395    0.250097    1.398825    0.039324    0.003888    0.005484    9.033171    9.770817    1.362394    1.980476    1.932374    1.552490    0.952032    1.177644    1.956238
Iteration: 255 bestvalit: 165.710000 bestmemit:    0.021213    0.055926    0.083098    0.510908    0.374229    0.370828    0.303378    0.103815    0.182095    0.385395    0.250097    1.398825    0.039324    0.003888    0.005484    9.033171    9.770817    1.362394    1.980476    1.932374    1.552490    0.952032    1.177644    1.956238
Iteration: 256 bestvalit: 165.710000 bestmemit:    0.021213    0.055926    0.083098    0.510908    0.374229    0.370828    0.303378    0.103815    0.182095    0.385395    0.250097    1.398825    0.039324    0.003888    0.005484    9.033171    9.770817    1.362394    1.980476    1.932374    1.552490    0.952032    1.177644    1.956238
Iteration: 257 bestvalit: 165.710000 bestmemit:    0.021213    0.055926    0.083098    0.510908    0.374229    0.370828    0.303378    0.103815    0.182095    0.385395    0.250097    1.398825    0.039324    0.003888    0.005484    9.033171    9.770817    1.362394    1.980476    1.932374    1.552490    0.952032    1.177644    1.956238
Iteration: 258 bestvalit: 165.710000 bestmemit:    0.021213    0.055926    0.083098    0.510908    0.374229    0.370828    0.303378    0.103815    0.182095    0.385395    0.250097    1.398825    0.039324    0.003888    0.005484    9.033171    9.770817    1.362394    1.980476    1.932374    1.552490    0.952032    1.177644    1.956238
Iteration: 259 bestvalit: 165.710000 bestmemit:    0.021213    0.055926    0.083098    0.510908    0.374229    0.370828    0.303378    0.103815    0.182095    0.385395    0.250097    1.398825    0.039324    0.003888    0.005484    9.033171    9.770817    1.362394    1.980476    1.932374    1.552490    0.952032    1.177644    1.956238
Iteration: 260 bestvalit: 165.710000 bestmemit:    0.021213    0.055926    0.083098    0.510908    0.374229    0.370828    0.303378    0.103815    0.182095    0.385395    0.250097    1.398825    0.039324    0.003888    0.005484    9.033171    9.770817    1.362394    1.980476    1.932374    1.552490    0.952032    1.177644    1.956238
Iteration: 261 bestvalit: 165.710000 bestmemit:    0.021213    0.055926    0.083098    0.510908    0.374229    0.370828    0.303378    0.103815    0.182095    0.385395    0.250097    1.398825    0.039324    0.003888    0.005484    9.033171    9.770817    1.362394    1.980476    1.932374    1.552490    0.952032    1.177644    1.956238
Iteration: 262 bestvalit: 165.630000 bestmemit:    0.021213    0.055926    0.083098    0.510908    0.374229    0.370828    0.303378    0.103815    0.182095    0.385395    0.250097    1.398825    0.039324    0.003823    0.005484    9.033171    9.770817    1.362394    1.980476    1.932374    1.552490    0.952032    1.177644    1.956238
Iteration: 263 bestvalit: 165.630000 bestmemit:    0.021213    0.055926    0.083098    0.510908    0.374229    0.370828    0.303378    0.103815    0.182095    0.385395    0.250097    1.398825    0.039324    0.003823    0.005484    9.033171    9.770817    1.362394    1.980476    1.932374    1.552490    0.952032    1.177644    1.956238
Iteration: 264 bestvalit: 165.630000 bestmemit:    0.021213    0.055926    0.083098    0.510908    0.374229    0.370828    0.303378    0.103815    0.182095    0.385395    0.250097    1.398825    0.039324    0.003823    0.005484    9.033171    9.770817    1.362394    1.980476    1.932374    1.552490    0.952032    1.177644    1.956238
Iteration: 265 bestvalit: 165.630000 bestmemit:    0.021213    0.055926    0.083098    0.510908    0.374229    0.370828    0.303378    0.103815    0.182095    0.385395    0.250097    1.398825    0.039324    0.003823    0.005484    9.033171    9.770817    1.362394    1.980476    1.932374    1.552490    0.952032    1.177644    1.956238
Iteration: 266 bestvalit: 165.630000 bestmemit:    0.021213    0.055926    0.083098    0.510908    0.374229    0.370828    0.303378    0.103815    0.182095    0.385395    0.250097    1.398825    0.039324    0.003823    0.005484    9.033171    9.770817    1.362394    1.980476    1.932374    1.552490    0.952032    1.177644    1.956238
Iteration: 267 bestvalit: 165.630000 bestmemit:    0.021213    0.055926    0.083098    0.510908    0.374229    0.370828    0.303378    0.103815    0.182095    0.385395    0.250097    1.398825    0.039324    0.003823    0.005484    9.033171    9.770817    1.362394    1.980476    1.932374    1.552490    0.952032    1.177644    1.956238
Iteration: 268 bestvalit: 165.630000 bestmemit:    0.021213    0.055926    0.083098    0.510908    0.374229    0.370828    0.303378    0.103815    0.182095    0.385395    0.250097    1.398825    0.039324    0.003823    0.005484    9.033171    9.770817    1.362394    1.980476    1.932374    1.552490    0.952032    1.177644    1.956238
Iteration: 269 bestvalit: 165.630000 bestmemit:    0.021213    0.055926    0.083098    0.510908    0.374229    0.370828    0.303378    0.103815    0.182095    0.385395    0.250097    1.398825    0.039324    0.003823    0.005484    9.033171    9.770817    1.362394    1.980476    1.932374    1.552490    0.952032    1.177644    1.956238
Iteration: 270 bestvalit: 165.630000 bestmemit:    0.021213    0.055926    0.083098    0.510908    0.374229    0.370828    0.303378    0.103815    0.182095    0.385395    0.250097    1.398825    0.039324    0.003823    0.005484    9.033171    9.770817    1.362394    1.980476    1.932374    1.552490    0.952032    1.177644    1.956238
Iteration: 271 bestvalit: 165.630000 bestmemit:    0.021213    0.055926    0.083098    0.510908    0.374229    0.370828    0.303378    0.103815    0.182095    0.385395    0.250097    1.398825    0.039324    0.003823    0.005484    9.033171    9.770817    1.362394    1.980476    1.932374    1.552490    0.952032    1.177644    1.956238
Iteration: 272 bestvalit: 165.630000 bestmemit:    0.021213    0.055926    0.083098    0.510908    0.374229    0.370828    0.303378    0.103815    0.182095    0.385395    0.250097    1.398825    0.039324    0.003823    0.005484    9.033171    9.770817    1.362394    1.980476    1.932374    1.552490    0.952032    1.177644    1.956238
Iteration: 273 bestvalit: 165.630000 bestmemit:    0.021213    0.055926    0.083098    0.510908    0.374229    0.370828    0.303378    0.103815    0.182095    0.385395    0.250097    1.398825    0.039324    0.003823    0.005484    9.033171    9.770817    1.362394    1.980476    1.932374    1.552490    0.952032    1.177644    1.956238
Iteration: 274 bestvalit: 165.630000 bestmemit:    0.021213    0.055926    0.083098    0.510908    0.374229    0.370828    0.303378    0.103815    0.182095    0.385395    0.250097    1.398825    0.039324    0.003823    0.005484    9.033171    9.770817    1.362394    1.980476    1.932374    1.552490    0.952032    1.177644    1.956238
Iteration: 275 bestvalit: 165.630000 bestmemit:    0.021213    0.055926    0.083098    0.510908    0.374229    0.370828    0.303378    0.103815    0.182095    0.385395    0.250097    1.398825    0.039324    0.003823    0.005484    9.033171    9.770817    1.362394    1.980476    1.932374    1.552490    0.952032    1.177644    1.956238
Iteration: 276 bestvalit: 165.630000 bestmemit:    0.021213    0.055926    0.083098    0.510908    0.374229    0.370828    0.303378    0.103815    0.182095    0.385395    0.250097    1.398825    0.039324    0.003823    0.005484    9.033171    9.770817    1.362394    1.980476    1.932374    1.552490    0.952032    1.177644    1.956238
Iteration: 277 bestvalit: 165.630000 bestmemit:    0.021213    0.055926    0.083098    0.510908    0.374229    0.370828    0.303378    0.103815    0.182095    0.385395    0.250097    1.398825    0.039324    0.003823    0.005484    9.033171    9.770817    1.362394    1.980476    1.932374    1.552490    0.952032    1.177644    1.956238
Iteration: 278 bestvalit: 165.630000 bestmemit:    0.021213    0.055926    0.083098    0.510908    0.374229    0.370828    0.303378    0.103815    0.182095    0.385395    0.250097    1.398825    0.039324    0.003823    0.005484    9.033171    9.770817    1.362394    1.980476    1.932374    1.552490    0.952032    1.177644    1.956238
Iteration: 279 bestvalit: 165.630000 bestmemit:    0.021213    0.055926    0.083098    0.510908    0.374229    0.370828    0.303378    0.103815    0.182095    0.385395    0.250097    1.398825    0.039324    0.003823    0.005484    9.033171    9.770817    1.362394    1.980476    1.932374    1.552490    0.952032    1.177644    1.956238
Iteration: 280 bestvalit: 165.630000 bestmemit:    0.021213    0.055926    0.083098    0.510908    0.374229    0.370828    0.303378    0.103815    0.182095    0.385395    0.250097    1.398825    0.039324    0.003823    0.005484    9.033171    9.770817    1.362394    1.980476    1.932374    1.552490    0.952032    1.177644    1.956238
Iteration: 281 bestvalit: 165.630000 bestmemit:    0.021213    0.055926    0.083098    0.510908    0.374229    0.370828    0.303378    0.103815    0.182095    0.385395    0.250097    1.398825    0.039324    0.003823    0.005484    9.033171    9.770817    1.362394    1.980476    1.932374    1.552490    0.952032    1.177644    1.956238
Iteration: 282 bestvalit: 165.440000 bestmemit:    0.021213    0.055926    0.083098    0.510908    0.374229    0.370828    0.303378    0.103815    0.182095    0.385395    0.250097    1.398825    0.039324    0.003823    0.004760    9.033171    9.770817    1.362394    1.980476    1.932374    1.552490    0.952032    1.177644    1.956238
Iteration: 283 bestvalit: 165.440000 bestmemit:    0.021213    0.055926    0.083098    0.510908    0.374229    0.370828    0.303378    0.103815    0.182095    0.385395    0.250097    1.398825    0.039324    0.003823    0.004760    9.033171    9.770817    1.362394    1.980476    1.932374    1.552490    0.952032    1.177644    1.956238
Iteration: 284 bestvalit: 165.440000 bestmemit:    0.021213    0.055926    0.083098    0.510908    0.374229    0.370828    0.303378    0.103815    0.182095    0.385395    0.250097    1.398825    0.039324    0.003823    0.004760    9.033171    9.770817    1.362394    1.980476    1.932374    1.552490    0.952032    1.177644    1.956238
Iteration: 285 bestvalit: 165.440000 bestmemit:    0.021213    0.055926    0.083098    0.510908    0.374229    0.370828    0.303378    0.103815    0.182095    0.385395    0.250097    1.398825    0.039324    0.003823    0.004760    9.033171    9.770817    1.362394    1.980476    1.932374    1.552490    0.952032    1.177644    1.956238
Iteration: 286 bestvalit: 165.440000 bestmemit:    0.021213    0.055926    0.083098    0.510908    0.374229    0.370828    0.303378    0.103815    0.182095    0.385395    0.250097    1.398825    0.039324    0.003823    0.004760    9.033171    9.770817    1.362394    1.980476    1.932374    1.552490    0.952032    1.177644    1.956238
Iteration: 287 bestvalit: 164.260000 bestmemit:    0.021213    0.055926    0.083098    0.510908    0.374229    0.370828    0.303378    0.103815    0.182095    0.385395    0.250097    1.398825    0.039324    0.003823    0.004760    9.033171    9.770817    1.362394    1.980476    1.970708    1.552490    0.952032    1.177644    1.956238
Iteration: 288 bestvalit: 164.260000 bestmemit:    0.021213    0.055926    0.083098    0.510908    0.374229    0.370828    0.303378    0.103815    0.182095    0.385395    0.250097    1.398825    0.039324    0.003823    0.004760    9.033171    9.770817    1.362394    1.980476    1.970708    1.552490    0.952032    1.177644    1.956238
Iteration: 289 bestvalit: 164.260000 bestmemit:    0.021213    0.055926    0.083098    0.510908    0.374229    0.370828    0.303378    0.103815    0.182095    0.385395    0.250097    1.398825    0.039324    0.003823    0.004760    9.033171    9.770817    1.362394    1.980476    1.970708    1.552490    0.952032    1.177644    1.956238
Iteration: 290 bestvalit: 164.260000 bestmemit:    0.021213    0.055926    0.083098    0.510908    0.374229    0.370828    0.303378    0.103815    0.182095    0.385395    0.250097    1.398825    0.039324    0.003823    0.004760    9.033171    9.770817    1.362394    1.980476    1.970708    1.552490    0.952032    1.177644    1.956238
Iteration: 291 bestvalit: 164.260000 bestmemit:    0.021213    0.055926    0.083098    0.510908    0.374229    0.370828    0.303378    0.103815    0.182095    0.385395    0.250097    1.398825    0.039324    0.003823    0.004760    9.033171    9.770817    1.362394    1.980476    1.970708    1.552490    0.952032    1.177644    1.956238
Iteration: 292 bestvalit: 164.260000 bestmemit:    0.021213    0.055926    0.083098    0.510908    0.374229    0.370828    0.303378    0.103815    0.182095    0.385395    0.250097    1.398825    0.039324    0.003823    0.004760    9.033171    9.770817    1.362394    1.980476    1.970708    1.552490    0.952032    1.177644    1.956238
Iteration: 293 bestvalit: 164.260000 bestmemit:    0.021213    0.055926    0.083098    0.510908    0.374229    0.370828    0.303378    0.103815    0.182095    0.385395    0.250097    1.398825    0.039324    0.003823    0.004760    9.033171    9.770817    1.362394    1.980476    1.970708    1.552490    0.952032    1.177644    1.956238
Iteration: 294 bestvalit: 164.260000 bestmemit:    0.021213    0.055926    0.083098    0.510908    0.374229    0.370828    0.303378    0.103815    0.182095    0.385395    0.250097    1.398825    0.039324    0.003823    0.004760    9.033171    9.770817    1.362394    1.980476    1.970708    1.552490    0.952032    1.177644    1.956238
Iteration: 295 bestvalit: 164.260000 bestmemit:    0.021213    0.055926    0.083098    0.510908    0.374229    0.370828    0.303378    0.103815    0.182095    0.385395    0.250097    1.398825    0.039324    0.003823    0.004760    9.033171    9.770817    1.362394    1.980476    1.970708    1.552490    0.952032    1.177644    1.956238
Iteration: 296 bestvalit: 164.260000 bestmemit:    0.021213    0.055926    0.083098    0.510908    0.374229    0.370828    0.303378    0.103815    0.182095    0.385395    0.250097    1.398825    0.039324    0.003823    0.004760    9.033171    9.770817    1.362394    1.980476    1.970708    1.552490    0.952032    1.177644    1.956238
Iteration: 297 bestvalit: 164.260000 bestmemit:    0.021213    0.055926    0.083098    0.510908    0.374229    0.370828    0.303378    0.103815    0.182095    0.385395    0.250097    1.398825    0.039324    0.003823    0.004760    9.033171    9.770817    1.362394    1.980476    1.970708    1.552490    0.952032    1.177644    1.956238
Iteration: 298 bestvalit: 164.260000 bestmemit:    0.021213    0.055926    0.083098    0.510908    0.374229    0.370828    0.303378    0.103815    0.182095    0.385395    0.250097    1.398825    0.039324    0.003823    0.004760    9.033171    9.770817    1.362394    1.980476    1.970708    1.552490    0.952032    1.177644    1.956238
Iteration: 299 bestvalit: 164.260000 bestmemit:    0.021213    0.055926    0.083098    0.510908    0.374229    0.370828    0.303378    0.103815    0.182095    0.385395    0.250097    1.398825    0.039324    0.003823    0.004760    9.033171    9.770817    1.362394    1.980476    1.970708    1.552490    0.952032    1.177644    1.956238
Iteration: 300 bestvalit: 164.260000 bestmemit:    0.021213    0.055926    0.083098    0.510908    0.374229    0.370828    0.303378    0.103815    0.182095    0.385395    0.250097    1.398825    0.039324    0.003823    0.004760    9.033171    9.770817    1.362394    1.980476    1.970708    1.552490    0.952032    1.177644    1.956238
Iteration: 301 bestvalit: 164.260000 bestmemit:    0.021213    0.055926    0.083098    0.510908    0.374229    0.370828    0.303378    0.103815    0.182095    0.385395    0.250097    1.398825    0.039324    0.003823    0.004760    9.033171    9.770817    1.362394    1.980476    1.970708    1.552490    0.952032    1.177644    1.956238
Iteration: 302 bestvalit: 164.260000 bestmemit:    0.021213    0.055926    0.083098    0.510908    0.374229    0.370828    0.303378    0.103815    0.182095    0.385395    0.250097    1.398825    0.039324    0.003823    0.004760    9.033171    9.770817    1.362394    1.980476    1.970708    1.552490    0.952032    1.177644    1.956238
Iteration: 303 bestvalit: 164.260000 bestmemit:    0.021213    0.055926    0.083098    0.510908    0.374229    0.370828    0.303378    0.103815    0.182095    0.385395    0.250097    1.398825    0.039324    0.003823    0.004760    9.033171    9.770817    1.362394    1.980476    1.970708    1.552490    0.952032    1.177644    1.956238
Iteration: 304 bestvalit: 164.260000 bestmemit:    0.021213    0.055926    0.083098    0.510908    0.374229    0.370828    0.303378    0.103815    0.182095    0.385395    0.250097    1.398825    0.039324    0.003823    0.004760    9.033171    9.770817    1.362394    1.980476    1.970708    1.552490    0.952032    1.177644    1.956238
Iteration: 305 bestvalit: 164.260000 bestmemit:    0.021213    0.055926    0.083098    0.510908    0.374229    0.370828    0.303378    0.103815    0.182095    0.385395    0.250097    1.398825    0.039324    0.003823    0.004760    9.033171    9.770817    1.362394    1.980476    1.970708    1.552490    0.952032    1.177644    1.956238
Iteration: 306 bestvalit: 164.260000 bestmemit:    0.021213    0.055926    0.083098    0.510908    0.374229    0.370828    0.303378    0.103815    0.182095    0.385395    0.250097    1.398825    0.039324    0.003823    0.004760    9.033171    9.770817    1.362394    1.980476    1.970708    1.552490    0.952032    1.177644    1.956238
Iteration: 307 bestvalit: 164.260000 bestmemit:    0.021213    0.055926    0.083098    0.510908    0.374229    0.370828    0.303378    0.103815    0.182095    0.385395    0.250097    1.398825    0.039324    0.003823    0.004760    9.033171    9.770817    1.362394    1.980476    1.970708    1.552490    0.952032    1.177644    1.956238
Iteration: 308 bestvalit: 164.195000 bestmemit:    0.021213    0.055926    0.083098    0.510908    0.374229    0.370828    0.303378    0.103815    0.182095    0.385395    0.250097    1.398825    0.039324    0.003439    0.004760    9.033171    9.770817    1.362394    1.980476    1.970708    1.552490    0.952032    1.177644    1.956238
Iteration: 309 bestvalit: 164.195000 bestmemit:    0.021213    0.055926    0.083098    0.510908    0.374229    0.370828    0.303378    0.103815    0.182095    0.385395    0.250097    1.398825    0.039324    0.003439    0.004760    9.033171    9.770817    1.362394    1.980476    1.970708    1.552490    0.952032    1.177644    1.956238
Iteration: 310 bestvalit: 164.195000 bestmemit:    0.021213    0.055926    0.083098    0.510908    0.374229    0.370828    0.303378    0.103815    0.182095    0.385395    0.250097    1.398825    0.039324    0.003439    0.004760    9.033171    9.770817    1.362394    1.980476    1.970708    1.552490    0.952032    1.177644    1.956238
Iteration: 311 bestvalit: 163.685000 bestmemit:    0.021213    0.055926    0.083098    0.510908    0.374229    0.370828    0.303378    0.103815    0.182095    0.385395    0.250097    1.398825    0.039324    0.003439    0.004760    9.033171    9.770817    1.362394    1.980476    1.970708    1.552490    0.952032    1.177644    1.961451
Iteration: 312 bestvalit: 163.685000 bestmemit:    0.021213    0.055926    0.083098    0.510908    0.374229    0.370828    0.303378    0.103815    0.182095    0.385395    0.250097    1.398825    0.039324    0.003439    0.004760    9.033171    9.770817    1.362394    1.980476    1.970708    1.552490    0.952032    1.177644    1.961451
Iteration: 313 bestvalit: 163.685000 bestmemit:    0.021213    0.055926    0.083098    0.510908    0.374229    0.370828    0.303378    0.103815    0.182095    0.385395    0.250097    1.398825    0.039324    0.003439    0.004760    9.033171    9.770817    1.362394    1.980476    1.970708    1.552490    0.952032    1.177644    1.961451
Iteration: 314 bestvalit: 163.685000 bestmemit:    0.021213    0.055926    0.083098    0.510908    0.374229    0.370828    0.303378    0.103815    0.182095    0.385395    0.250097    1.398825    0.039324    0.003439    0.004760    9.033171    9.770817    1.362394    1.980476    1.970708    1.552490    0.952032    1.177644    1.961451
Iteration: 315 bestvalit: 163.685000 bestmemit:    0.021213    0.055926    0.083098    0.510908    0.374229    0.370828    0.303378    0.103815    0.182095    0.385395    0.250097    1.398825    0.039324    0.003439    0.004760    9.033171    9.770817    1.362394    1.980476    1.970708    1.552490    0.952032    1.177644    1.961451
Iteration: 316 bestvalit: 163.685000 bestmemit:    0.021213    0.055926    0.083098    0.510908    0.374229    0.370828    0.303378    0.103815    0.182095    0.385395    0.250097    1.398825    0.039324    0.003439    0.004760    9.033171    9.770817    1.362394    1.980476    1.970708    1.552490    0.952032    1.177644    1.961451
Iteration: 317 bestvalit: 163.685000 bestmemit:    0.021213    0.055926    0.083098    0.510908    0.374229    0.370828    0.303378    0.103815    0.182095    0.385395    0.250097    1.398825    0.039324    0.003439    0.004760    9.033171    9.770817    1.362394    1.980476    1.970708    1.552490    0.952032    1.177644    1.961451
Iteration: 318 bestvalit: 163.685000 bestmemit:    0.021213    0.055926    0.083098    0.510908    0.374229    0.370828    0.303378    0.103815    0.182095    0.385395    0.250097    1.398825    0.039324    0.003439    0.004760    9.033171    9.770817    1.362394    1.980476    1.970708    1.552490    0.952032    1.177644    1.961451
Iteration: 319 bestvalit: 163.685000 bestmemit:    0.021213    0.055926    0.083098    0.510908    0.374229    0.370828    0.303378    0.103815    0.182095    0.385395    0.250097    1.398825    0.039324    0.003439    0.004760    9.033171    9.770817    1.362394    1.980476    1.970708    1.552490    0.952032    1.177644    1.961451
Iteration: 320 bestvalit: 163.685000 bestmemit:    0.021213    0.055926    0.083098    0.510908    0.374229    0.370828    0.303378    0.103815    0.182095    0.385395    0.250097    1.398825    0.039324    0.003439    0.004760    9.033171    9.770817    1.362394    1.980476    1.970708    1.552490    0.952032    1.177644    1.961451
Iteration: 321 bestvalit: 163.685000 bestmemit:    0.021213    0.055926    0.083098    0.510908    0.374229    0.370828    0.303378    0.103815    0.182095    0.385395    0.250097    1.398825    0.039324    0.003439    0.004760    9.033171    9.770817    1.362394    1.980476    1.970708    1.552490    0.952032    1.177644    1.961451
Iteration: 322 bestvalit: 163.685000 bestmemit:    0.021213    0.055926    0.083098    0.510908    0.374229    0.370828    0.303378    0.103815    0.182095    0.385395    0.250097    1.398825    0.039324    0.003439    0.004760    9.033171    9.770817    1.362394    1.980476    1.970708    1.552490    0.952032    1.177644    1.961451
Iteration: 323 bestvalit: 163.685000 bestmemit:    0.021213    0.055926    0.083098    0.510908    0.374229    0.370828    0.303378    0.103815    0.182095    0.385395    0.250097    1.398825    0.039324    0.003439    0.004760    9.033171    9.770817    1.362394    1.980476    1.970708    1.552490    0.952032    1.177644    1.961451
Iteration: 324 bestvalit: 163.685000 bestmemit:    0.021213    0.055926    0.083098    0.510908    0.374229    0.370828    0.303378    0.103815    0.182095    0.385395    0.250097    1.398825    0.039324    0.003439    0.004760    9.033171    9.770817    1.362394    1.980476    1.970708    1.552490    0.952032    1.177644    1.961451
Iteration: 325 bestvalit: 163.685000 bestmemit:    0.021213    0.055926    0.083098    0.510908    0.374229    0.370828    0.303378    0.103815    0.182095    0.385395    0.250097    1.398825    0.039324    0.003439    0.004760    9.033171    9.770817    1.362394    1.980476    1.970708    1.552490    0.952032    1.177644    1.961451
Iteration: 326 bestvalit: 162.305000 bestmemit:    0.008772    0.055125    0.066098    0.966348    0.157483    0.321688    0.197434    0.140154    0.148119    0.478795    0.266076    1.070107    0.041696    0.002514    0.005738    9.919248    9.417010    0.547501    1.897661    1.978595    1.764651    0.990356    1.133455    1.941901
Iteration: 327 bestvalit: 162.305000 bestmemit:    0.008772    0.055125    0.066098    0.966348    0.157483    0.321688    0.197434    0.140154    0.148119    0.478795    0.266076    1.070107    0.041696    0.002514    0.005738    9.919248    9.417010    0.547501    1.897661    1.978595    1.764651    0.990356    1.133455    1.941901
Iteration: 328 bestvalit: 162.305000 bestmemit:    0.008772    0.055125    0.066098    0.966348    0.157483    0.321688    0.197434    0.140154    0.148119    0.478795    0.266076    1.070107    0.041696    0.002514    0.005738    9.919248    9.417010    0.547501    1.897661    1.978595    1.764651    0.990356    1.133455    1.941901
Iteration: 329 bestvalit: 162.305000 bestmemit:    0.008772    0.055125    0.066098    0.966348    0.157483    0.321688    0.197434    0.140154    0.148119    0.478795    0.266076    1.070107    0.041696    0.002514    0.005738    9.919248    9.417010    0.547501    1.897661    1.978595    1.764651    0.990356    1.133455    1.941901
Iteration: 330 bestvalit: 162.305000 bestmemit:    0.008772    0.055125    0.066098    0.966348    0.157483    0.321688    0.197434    0.140154    0.148119    0.478795    0.266076    1.070107    0.041696    0.002514    0.005738    9.919248    9.417010    0.547501    1.897661    1.978595    1.764651    0.990356    1.133455    1.941901
Iteration: 331 bestvalit: 160.375000 bestmemit:    0.008772    0.055125    0.066098    0.966348    0.157483    0.321688    0.197434    0.140154    0.148119    0.478795    0.266076    1.070107    0.038439    0.002514    0.005738    9.919248    9.417010    0.547501    1.897661    1.978595    1.764651    0.990356    1.133455    1.941901
Iteration: 332 bestvalit: 160.375000 bestmemit:    0.008772    0.055125    0.066098    0.966348    0.157483    0.321688    0.197434    0.140154    0.148119    0.478795    0.266076    1.070107    0.038439    0.002514    0.005738    9.919248    9.417010    0.547501    1.897661    1.978595    1.764651    0.990356    1.133455    1.941901
Iteration: 333 bestvalit: 160.375000 bestmemit:    0.008772    0.055125    0.066098    0.966348    0.157483    0.321688    0.197434    0.140154    0.148119    0.478795    0.266076    1.070107    0.038439    0.002514    0.005738    9.919248    9.417010    0.547501    1.897661    1.978595    1.764651    0.990356    1.133455    1.941901
Iteration: 334 bestvalit: 160.375000 bestmemit:    0.008772    0.055125    0.066098    0.966348    0.157483    0.321688    0.197434    0.140154    0.148119    0.478795    0.266076    1.070107    0.038439    0.002514    0.005738    9.919248    9.417010    0.547501    1.897661    1.978595    1.764651    0.990356    1.133455    1.941901
Iteration: 335 bestvalit: 160.375000 bestmemit:    0.008772    0.055125    0.066098    0.966348    0.157483    0.321688    0.197434    0.140154    0.148119    0.478795    0.266076    1.070107    0.038439    0.002514    0.005738    9.919248    9.417010    0.547501    1.897661    1.978595    1.764651    0.990356    1.133455    1.941901
Iteration: 336 bestvalit: 160.375000 bestmemit:    0.008772    0.055125    0.066098    0.966348    0.157483    0.321688    0.197434    0.140154    0.148119    0.478795    0.266076    1.070107    0.038439    0.002514    0.005738    9.919248    9.417010    0.547501    1.897661    1.978595    1.764651    0.990356    1.133455    1.941901
Iteration: 337 bestvalit: 160.375000 bestmemit:    0.008772    0.055125    0.066098    0.966348    0.157483    0.321688    0.197434    0.140154    0.148119    0.478795    0.266076    1.070107    0.038439    0.002514    0.005738    9.919248    9.417010    0.547501    1.897661    1.978595    1.764651    0.990356    1.133455    1.941901
Iteration: 338 bestvalit: 160.375000 bestmemit:    0.008772    0.055125    0.066098    0.966348    0.157483    0.321688    0.197434    0.140154    0.148119    0.478795    0.266076    1.070107    0.038439    0.002514    0.005738    9.919248    9.417010    0.547501    1.897661    1.978595    1.764651    0.990356    1.133455    1.941901
Iteration: 339 bestvalit: 160.375000 bestmemit:    0.008772    0.055125    0.066098    0.966348    0.157483    0.321688    0.197434    0.140154    0.148119    0.478795    0.266076    1.070107    0.038439    0.002514    0.005738    9.919248    9.417010    0.547501    1.897661    1.978595    1.764651    0.990356    1.133455    1.941901
Iteration: 340 bestvalit: 160.375000 bestmemit:    0.008772    0.055125    0.066098    0.966348    0.157483    0.321688    0.197434    0.140154    0.148119    0.478795    0.266076    1.070107    0.038439    0.002514    0.005738    9.919248    9.417010    0.547501    1.897661    1.978595    1.764651    0.990356    1.133455    1.941901
Iteration: 341 bestvalit: 160.375000 bestmemit:    0.008772    0.055125    0.066098    0.966348    0.157483    0.321688    0.197434    0.140154    0.148119    0.478795    0.266076    1.070107    0.038439    0.002514    0.005738    9.919248    9.417010    0.547501    1.897661    1.978595    1.764651    0.990356    1.133455    1.941901
Iteration: 342 bestvalit: 160.375000 bestmemit:    0.008772    0.055125    0.066098    0.966348    0.157483    0.321688    0.197434    0.140154    0.148119    0.478795    0.266076    1.070107    0.038439    0.002514    0.005738    9.919248    9.417010    0.547501    1.897661    1.978595    1.764651    0.990356    1.133455    1.941901
Iteration: 343 bestvalit: 160.375000 bestmemit:    0.008772    0.055125    0.066098    0.966348    0.157483    0.321688    0.197434    0.140154    0.148119    0.478795    0.266076    1.070107    0.038439    0.002514    0.005738    9.919248    9.417010    0.547501    1.897661    1.978595    1.764651    0.990356    1.133455    1.941901
Iteration: 344 bestvalit: 160.375000 bestmemit:    0.008772    0.055125    0.066098    0.966348    0.157483    0.321688    0.197434    0.140154    0.148119    0.478795    0.266076    1.070107    0.038439    0.002514    0.005738    9.919248    9.417010    0.547501    1.897661    1.978595    1.764651    0.990356    1.133455    1.941901
Iteration: 345 bestvalit: 160.375000 bestmemit:    0.008772    0.055125    0.066098    0.966348    0.157483    0.321688    0.197434    0.140154    0.148119    0.478795    0.266076    1.070107    0.038439    0.002514    0.005738    9.919248    9.417010    0.547501    1.897661    1.978595    1.764651    0.990356    1.133455    1.941901
Iteration: 346 bestvalit: 158.300000 bestmemit:    0.008772    0.055125    0.066098    0.966348    0.157483    0.321688    0.197434    0.140154    0.148119    0.478795    0.266076    1.070107    0.038439    0.002514    0.005738    9.919248    9.417010    0.547501    1.924823    1.914309    1.727500    0.990356    1.133455    1.941901
Iteration: 347 bestvalit: 158.300000 bestmemit:    0.008772    0.055125    0.066098    0.966348    0.157483    0.321688    0.197434    0.140154    0.148119    0.478795    0.266076    1.070107    0.038439    0.002514    0.005738    9.919248    9.417010    0.547501    1.924823    1.914309    1.727500    0.990356    1.133455    1.941901
Iteration: 348 bestvalit: 158.300000 bestmemit:    0.008772    0.055125    0.066098    0.966348    0.157483    0.321688    0.197434    0.140154    0.148119    0.478795    0.266076    1.070107    0.038439    0.002514    0.005738    9.919248    9.417010    0.547501    1.924823    1.914309    1.727500    0.990356    1.133455    1.941901
Iteration: 349 bestvalit: 158.300000 bestmemit:    0.008772    0.055125    0.066098    0.966348    0.157483    0.321688    0.197434    0.140154    0.148119    0.478795    0.266076    1.070107    0.038439    0.002514    0.005738    9.919248    9.417010    0.547501    1.924823    1.914309    1.727500    0.990356    1.133455    1.941901
Iteration: 350 bestvalit: 158.300000 bestmemit:    0.008772    0.055125    0.066098    0.966348    0.157483    0.321688    0.197434    0.140154    0.148119    0.478795    0.266076    1.070107    0.038439    0.002514    0.005738    9.919248    9.417010    0.547501    1.924823    1.914309    1.727500    0.990356    1.133455    1.941901
Iteration: 351 bestvalit: 158.300000 bestmemit:    0.008772    0.055125    0.066098    0.966348    0.157483    0.321688    0.197434    0.140154    0.148119    0.478795    0.266076    1.070107    0.038439    0.002514    0.005738    9.919248    9.417010    0.547501    1.924823    1.914309    1.727500    0.990356    1.133455    1.941901
Iteration: 352 bestvalit: 158.300000 bestmemit:    0.008772    0.055125    0.066098    0.966348    0.157483    0.321688    0.197434    0.140154    0.148119    0.478795    0.266076    1.070107    0.038439    0.002514    0.005738    9.919248    9.417010    0.547501    1.924823    1.914309    1.727500    0.990356    1.133455    1.941901
Iteration: 353 bestvalit: 158.300000 bestmemit:    0.008772    0.055125    0.066098    0.966348    0.157483    0.321688    0.197434    0.140154    0.148119    0.478795    0.266076    1.070107    0.038439    0.002514    0.005738    9.919248    9.417010    0.547501    1.924823    1.914309    1.727500    0.990356    1.133455    1.941901
Iteration: 354 bestvalit: 158.300000 bestmemit:    0.008772    0.055125    0.066098    0.966348    0.157483    0.321688    0.197434    0.140154    0.148119    0.478795    0.266076    1.070107    0.038439    0.002514    0.005738    9.919248    9.417010    0.547501    1.924823    1.914309    1.727500    0.990356    1.133455    1.941901
Iteration: 355 bestvalit: 158.300000 bestmemit:    0.008772    0.055125    0.066098    0.966348    0.157483    0.321688    0.197434    0.140154    0.148119    0.478795    0.266076    1.070107    0.038439    0.002514    0.005738    9.919248    9.417010    0.547501    1.924823    1.914309    1.727500    0.990356    1.133455    1.941901
Iteration: 356 bestvalit: 158.300000 bestmemit:    0.008772    0.055125    0.066098    0.966348    0.157483    0.321688    0.197434    0.140154    0.148119    0.478795    0.266076    1.070107    0.038439    0.002514    0.005738    9.919248    9.417010    0.547501    1.924823    1.914309    1.727500    0.990356    1.133455    1.941901
Iteration: 357 bestvalit: 158.300000 bestmemit:    0.008772    0.055125    0.066098    0.966348    0.157483    0.321688    0.197434    0.140154    0.148119    0.478795    0.266076    1.070107    0.038439    0.002514    0.005738    9.919248    9.417010    0.547501    1.924823    1.914309    1.727500    0.990356    1.133455    1.941901
Iteration: 358 bestvalit: 158.300000 bestmemit:    0.008772    0.055125    0.066098    0.966348    0.157483    0.321688    0.197434    0.140154    0.148119    0.478795    0.266076    1.070107    0.038439    0.002514    0.005738    9.919248    9.417010    0.547501    1.924823    1.914309    1.727500    0.990356    1.133455    1.941901
Iteration: 359 bestvalit: 158.300000 bestmemit:    0.008772    0.055125    0.066098    0.966348    0.157483    0.321688    0.197434    0.140154    0.148119    0.478795    0.266076    1.070107    0.038439    0.002514    0.005738    9.919248    9.417010    0.547501    1.924823    1.914309    1.727500    0.990356    1.133455    1.941901
Iteration: 360 bestvalit: 158.300000 bestmemit:    0.008772    0.055125    0.066098    0.966348    0.157483    0.321688    0.197434    0.140154    0.148119    0.478795    0.266076    1.070107    0.038439    0.002514    0.005738    9.919248    9.417010    0.547501    1.924823    1.914309    1.727500    0.990356    1.133455    1.941901
Iteration: 361 bestvalit: 158.300000 bestmemit:    0.008772    0.055125    0.066098    0.966348    0.157483    0.321688    0.197434    0.140154    0.148119    0.478795    0.266076    1.070107    0.038439    0.002514    0.005738    9.919248    9.417010    0.547501    1.924823    1.914309    1.727500    0.990356    1.133455    1.941901
Iteration: 362 bestvalit: 158.300000 bestmemit:    0.008772    0.055125    0.066098    0.966348    0.157483    0.321688    0.197434    0.140154    0.148119    0.478795    0.266076    1.070107    0.038439    0.002514    0.005738    9.919248    9.417010    0.547501    1.924823    1.914309    1.727500    0.990356    1.133455    1.941901
Iteration: 363 bestvalit: 158.300000 bestmemit:    0.008772    0.055125    0.066098    0.966348    0.157483    0.321688    0.197434    0.140154    0.148119    0.478795    0.266076    1.070107    0.038439    0.002514    0.005738    9.919248    9.417010    0.547501    1.924823    1.914309    1.727500    0.990356    1.133455    1.941901
Iteration: 364 bestvalit: 158.300000 bestmemit:    0.008772    0.055125    0.066098    0.966348    0.157483    0.321688    0.197434    0.140154    0.148119    0.478795    0.266076    1.070107    0.038439    0.002514    0.005738    9.919248    9.417010    0.547501    1.924823    1.914309    1.727500    0.990356    1.133455    1.941901
Iteration: 365 bestvalit: 158.300000 bestmemit:    0.008772    0.055125    0.066098    0.966348    0.157483    0.321688    0.197434    0.140154    0.148119    0.478795    0.266076    1.070107    0.038439    0.002514    0.005738    9.919248    9.417010    0.547501    1.924823    1.914309    1.727500    0.990356    1.133455    1.941901
Iteration: 366 bestvalit: 158.300000 bestmemit:    0.008772    0.055125    0.066098    0.966348    0.157483    0.321688    0.197434    0.140154    0.148119    0.478795    0.266076    1.070107    0.038439    0.002514    0.005738    9.919248    9.417010    0.547501    1.924823    1.914309    1.727500    0.990356    1.133455    1.941901
Iteration: 367 bestvalit: 158.300000 bestmemit:    0.008772    0.055125    0.066098    0.966348    0.157483    0.321688    0.197434    0.140154    0.148119    0.478795    0.266076    1.070107    0.038439    0.002514    0.005738    9.919248    9.417010    0.547501    1.924823    1.914309    1.727500    0.990356    1.133455    1.941901
Iteration: 368 bestvalit: 158.300000 bestmemit:    0.008772    0.055125    0.066098    0.966348    0.157483    0.321688    0.197434    0.140154    0.148119    0.478795    0.266076    1.070107    0.038439    0.002514    0.005738    9.919248    9.417010    0.547501    1.924823    1.914309    1.727500    0.990356    1.133455    1.941901
Iteration: 369 bestvalit: 158.300000 bestmemit:    0.008772    0.055125    0.066098    0.966348    0.157483    0.321688    0.197434    0.140154    0.148119    0.478795    0.266076    1.070107    0.038439    0.002514    0.005738    9.919248    9.417010    0.547501    1.924823    1.914309    1.727500    0.990356    1.133455    1.941901
Iteration: 370 bestvalit: 158.300000 bestmemit:    0.008772    0.055125    0.066098    0.966348    0.157483    0.321688    0.197434    0.140154    0.148119    0.478795    0.266076    1.070107    0.038439    0.002514    0.005738    9.919248    9.417010    0.547501    1.924823    1.914309    1.727500    0.990356    1.133455    1.941901
Iteration: 371 bestvalit: 158.300000 bestmemit:    0.008772    0.055125    0.066098    0.966348    0.157483    0.321688    0.197434    0.140154    0.148119    0.478795    0.266076    1.070107    0.038439    0.002514    0.005738    9.919248    9.417010    0.547501    1.924823    1.914309    1.727500    0.990356    1.133455    1.941901
Iteration: 372 bestvalit: 158.300000 bestmemit:    0.008772    0.055125    0.066098    0.966348    0.157483    0.321688    0.197434    0.140154    0.148119    0.478795    0.266076    1.070107    0.038439    0.002514    0.005738    9.919248    9.417010    0.547501    1.924823    1.914309    1.727500    0.990356    1.133455    1.941901
Iteration: 373 bestvalit: 158.300000 bestmemit:    0.008772    0.055125    0.066098    0.966348    0.157483    0.321688    0.197434    0.140154    0.148119    0.478795    0.266076    1.070107    0.038439    0.002514    0.005738    9.919248    9.417010    0.547501    1.924823    1.914309    1.727500    0.990356    1.133455    1.941901
Iteration: 374 bestvalit: 157.800000 bestmemit:    0.008772    0.055125    0.066098    0.966348    0.157483    0.321688    0.197434    0.140154    0.148119    0.478795    0.266076    1.070107    0.038439    0.002076    0.005738    9.919248    9.417010    0.547501    1.924823    1.914309    1.727500    0.990356    1.133455    1.941901
Iteration: 375 bestvalit: 157.800000 bestmemit:    0.008772    0.055125    0.066098    0.966348    0.157483    0.321688    0.197434    0.140154    0.148119    0.478795    0.266076    1.070107    0.038439    0.002076    0.005738    9.919248    9.417010    0.547501    1.924823    1.914309    1.727500    0.990356    1.133455    1.941901
Iteration: 376 bestvalit: 157.800000 bestmemit:    0.008772    0.055125    0.066098    0.966348    0.157483    0.321688    0.197434    0.140154    0.148119    0.478795    0.266076    1.070107    0.038439    0.002076    0.005738    9.919248    9.417010    0.547501    1.924823    1.914309    1.727500    0.990356    1.133455    1.941901
Iteration: 377 bestvalit: 157.800000 bestmemit:    0.008772    0.055125    0.066098    0.966348    0.157483    0.321688    0.197434    0.140154    0.148119    0.478795    0.266076    1.070107    0.038439    0.002076    0.005738    9.919248    9.417010    0.547501    1.924823    1.914309    1.727500    0.990356    1.133455    1.941901
Iteration: 378 bestvalit: 157.800000 bestmemit:    0.008772    0.055125    0.066098    0.966348    0.157483    0.321688    0.197434    0.140154    0.148119    0.478795    0.266076    1.070107    0.038439    0.002076    0.005738    9.919248    9.417010    0.547501    1.924823    1.914309    1.727500    0.990356    1.133455    1.941901
Iteration: 379 bestvalit: 157.800000 bestmemit:    0.008772    0.055125    0.066098    0.966348    0.157483    0.321688    0.197434    0.140154    0.148119    0.478795    0.266076    1.070107    0.038439    0.002076    0.005738    9.919248    9.417010    0.547501    1.924823    1.914309    1.727500    0.990356    1.133455    1.941901
Iteration: 380 bestvalit: 157.800000 bestmemit:    0.008772    0.055125    0.066098    0.966348    0.157483    0.321688    0.197434    0.140154    0.148119    0.478795    0.266076    1.070107    0.038439    0.002076    0.005738    9.919248    9.417010    0.547501    1.924823    1.914309    1.727500    0.990356    1.133455    1.941901
Iteration: 381 bestvalit: 157.800000 bestmemit:    0.008772    0.055125    0.066098    0.966348    0.157483    0.321688    0.197434    0.140154    0.148119    0.478795    0.266076    1.070107    0.038439    0.002076    0.005738    9.919248    9.417010    0.547501    1.924823    1.914309    1.727500    0.990356    1.133455    1.941901
Iteration: 382 bestvalit: 157.800000 bestmemit:    0.008772    0.055125    0.066098    0.966348    0.157483    0.321688    0.197434    0.140154    0.148119    0.478795    0.266076    1.070107    0.038439    0.002076    0.005738    9.919248    9.417010    0.547501    1.924823    1.914309    1.727500    0.990356    1.133455    1.941901
Iteration: 383 bestvalit: 157.800000 bestmemit:    0.008772    0.055125    0.066098    0.966348    0.157483    0.321688    0.197434    0.140154    0.148119    0.478795    0.266076    1.070107    0.038439    0.002076    0.005738    9.919248    9.417010    0.547501    1.924823    1.914309    1.727500    0.990356    1.133455    1.941901
Iteration: 384 bestvalit: 157.800000 bestmemit:    0.008772    0.055125    0.066098    0.966348    0.157483    0.321688    0.197434    0.140154    0.148119    0.478795    0.266076    1.070107    0.038439    0.002076    0.005738    9.919248    9.417010    0.547501    1.924823    1.914309    1.727500    0.990356    1.133455    1.941901
Iteration: 385 bestvalit: 157.800000 bestmemit:    0.008772    0.055125    0.066098    0.966348    0.157483    0.321688    0.197434    0.140154    0.148119    0.478795    0.266076    1.070107    0.038439    0.002076    0.005738    9.919248    9.417010    0.547501    1.924823    1.914309    1.727500    0.990356    1.133455    1.941901
Iteration: 386 bestvalit: 157.800000 bestmemit:    0.008772    0.055125    0.066098    0.966348    0.157483    0.321688    0.197434    0.140154    0.148119    0.478795    0.266076    1.070107    0.038439    0.002076    0.005738    9.919248    9.417010    0.547501    1.924823    1.914309    1.727500    0.990356    1.133455    1.941901
Iteration: 387 bestvalit: 157.800000 bestmemit:    0.008772    0.055125    0.066098    0.966348    0.157483    0.321688    0.197434    0.140154    0.148119    0.478795    0.266076    1.070107    0.038439    0.002076    0.005738    9.919248    9.417010    0.547501    1.924823    1.914309    1.727500    0.990356    1.133455    1.941901
Iteration: 388 bestvalit: 157.800000 bestmemit:    0.008772    0.055125    0.066098    0.966348    0.157483    0.321688    0.197434    0.140154    0.148119    0.478795    0.266076    1.070107    0.038439    0.002076    0.005738    9.919248    9.417010    0.547501    1.924823    1.914309    1.727500    0.990356    1.133455    1.941901
Iteration: 389 bestvalit: 157.800000 bestmemit:    0.008772    0.055125    0.066098    0.966348    0.157483    0.321688    0.197434    0.140154    0.148119    0.478795    0.266076    1.070107    0.038439    0.002076    0.005738    9.919248    9.417010    0.547501    1.924823    1.914309    1.727500    0.990356    1.133455    1.941901
Iteration: 390 bestvalit: 157.800000 bestmemit:    0.008772    0.055125    0.066098    0.966348    0.157483    0.321688    0.197434    0.140154    0.148119    0.478795    0.266076    1.070107    0.038439    0.002076    0.005738    9.919248    9.417010    0.547501    1.924823    1.914309    1.727500    0.990356    1.133455    1.941901
Iteration: 391 bestvalit: 157.800000 bestmemit:    0.008772    0.055125    0.066098    0.966348    0.157483    0.321688    0.197434    0.140154    0.148119    0.478795    0.266076    1.070107    0.038439    0.002076    0.005738    9.919248    9.417010    0.547501    1.924823    1.914309    1.727500    0.990356    1.133455    1.941901
Iteration: 392 bestvalit: 157.800000 bestmemit:    0.008772    0.055125    0.066098    0.966348    0.157483    0.321688    0.197434    0.140154    0.148119    0.478795    0.266076    1.070107    0.038439    0.002076    0.005738    9.919248    9.417010    0.547501    1.924823    1.914309    1.727500    0.990356    1.133455    1.941901
Iteration: 393 bestvalit: 157.800000 bestmemit:    0.008772    0.055125    0.066098    0.966348    0.157483    0.321688    0.197434    0.140154    0.148119    0.478795    0.266076    1.070107    0.038439    0.002076    0.005738    9.919248    9.417010    0.547501    1.924823    1.914309    1.727500    0.990356    1.133455    1.941901
Iteration: 394 bestvalit: 157.800000 bestmemit:    0.008772    0.055125    0.066098    0.966348    0.157483    0.321688    0.197434    0.140154    0.148119    0.478795    0.266076    1.070107    0.038439    0.002076    0.005738    9.919248    9.417010    0.547501    1.924823    1.914309    1.727500    0.990356    1.133455    1.941901
Iteration: 395 bestvalit: 157.800000 bestmemit:    0.008772    0.055125    0.066098    0.966348    0.157483    0.321688    0.197434    0.140154    0.148119    0.478795    0.266076    1.070107    0.038439    0.002076    0.005738    9.919248    9.417010    0.547501    1.924823    1.914309    1.727500    0.990356    1.133455    1.941901
Iteration: 396 bestvalit: 157.790000 bestmemit:    0.008772    0.055125    0.066098    0.966348    0.157483    0.321688    0.197434    0.140154    0.148119    0.478795    0.266076    1.070107    0.038439    0.002076    0.005738    9.919248    9.417010    0.547501    1.924823    1.914309    1.892668    0.990356    1.133455    1.941901
Iteration: 397 bestvalit: 157.790000 bestmemit:    0.008772    0.055125    0.066098    0.966348    0.157483    0.321688    0.197434    0.140154    0.148119    0.478795    0.266076    1.070107    0.038439    0.002076    0.005738    9.919248    9.417010    0.547501    1.924823    1.914309    1.892668    0.990356    1.133455    1.941901
Iteration: 398 bestvalit: 157.790000 bestmemit:    0.008772    0.055125    0.066098    0.966348    0.157483    0.321688    0.197434    0.140154    0.148119    0.478795    0.266076    1.070107    0.038439    0.002076    0.005738    9.919248    9.417010    0.547501    1.924823    1.914309    1.892668    0.990356    1.133455    1.941901
Iteration: 399 bestvalit: 157.790000 bestmemit:    0.008772    0.055125    0.066098    0.966348    0.157483    0.321688    0.197434    0.140154    0.148119    0.478795    0.266076    1.070107    0.038439    0.002076    0.005738    9.919248    9.417010    0.547501    1.924823    1.914309    1.892668    0.990356    1.133455    1.941901
Iteration: 400 bestvalit: 157.790000 bestmemit:    0.008772    0.055125    0.066098    0.966348    0.157483    0.321688    0.197434    0.140154    0.148119    0.478795    0.266076    1.070107    0.038439    0.002076    0.005738    9.919248    9.417010    0.547501    1.924823    1.914309    1.892668    0.990356    1.133455    1.941901
Iteration: 401 bestvalit: 157.790000 bestmemit:    0.008772    0.055125    0.066098    0.966348    0.157483    0.321688    0.197434    0.140154    0.148119    0.478795    0.266076    1.070107    0.038439    0.002076    0.005738    9.919248    9.417010    0.547501    1.924823    1.914309    1.892668    0.990356    1.133455    1.941901
Iteration: 402 bestvalit: 157.790000 bestmemit:    0.008772    0.055125    0.066098    0.966348    0.157483    0.321688    0.197434    0.140154    0.148119    0.478795    0.266076    1.070107    0.038439    0.002076    0.005738    9.919248    9.417010    0.547501    1.924823    1.914309    1.892668    0.990356    1.133455    1.941901
Iteration: 403 bestvalit: 157.755000 bestmemit:    0.008772    0.055125    0.066098    0.966348    0.157483    0.321688    0.197434    0.140154    0.148119    0.478795    0.266076    1.070107    0.038439    0.002076    0.005738    9.919248    9.417010    0.547501    1.924823    1.914309    1.764927    0.990356    1.133455    1.941901
Iteration: 404 bestvalit: 157.755000 bestmemit:    0.008772    0.055125    0.066098    0.966348    0.157483    0.321688    0.197434    0.140154    0.148119    0.478795    0.266076    1.070107    0.038439    0.002076    0.005738    9.919248    9.417010    0.547501    1.924823    1.914309    1.764927    0.990356    1.133455    1.941901
Iteration: 405 bestvalit: 157.755000 bestmemit:    0.008772    0.055125    0.066098    0.966348    0.157483    0.321688    0.197434    0.140154    0.148119    0.478795    0.266076    1.070107    0.038439    0.002076    0.005738    9.919248    9.417010    0.547501    1.924823    1.914309    1.764927    0.990356    1.133455    1.941901
Iteration: 406 bestvalit: 157.755000 bestmemit:    0.008772    0.055125    0.066098    0.966348    0.157483    0.321688    0.197434    0.140154    0.148119    0.478795    0.266076    1.070107    0.038439    0.002076    0.005738    9.919248    9.417010    0.547501    1.924823    1.914309    1.764927    0.990356    1.133455    1.941901
Iteration: 407 bestvalit: 157.755000 bestmemit:    0.008772    0.055125    0.066098    0.966348    0.157483    0.321688    0.197434    0.140154    0.148119    0.478795    0.266076    1.070107    0.038439    0.002076    0.005738    9.919248    9.417010    0.547501    1.924823    1.914309    1.764927    0.990356    1.133455    1.941901
Iteration: 408 bestvalit: 157.755000 bestmemit:    0.008772    0.055125    0.066098    0.966348    0.157483    0.321688    0.197434    0.140154    0.148119    0.478795    0.266076    1.070107    0.038439    0.002076    0.005738    9.919248    9.417010    0.547501    1.924823    1.914309    1.764927    0.990356    1.133455    1.941901
Iteration: 409 bestvalit: 151.650000 bestmemit:    0.007859    0.086107    0.086036    0.363793    0.249268    0.418824    0.328127    0.129325    0.103206    0.130264    0.368010    2.856234    0.023658    0.001372    0.006574    9.463090    8.644077    1.842523    1.890931    1.866929    1.969683    0.998265    1.153826    2.049095
Iteration: 410 bestvalit: 151.650000 bestmemit:    0.007859    0.086107    0.086036    0.363793    0.249268    0.418824    0.328127    0.129325    0.103206    0.130264    0.368010    2.856234    0.023658    0.001372    0.006574    9.463090    8.644077    1.842523    1.890931    1.866929    1.969683    0.998265    1.153826    2.049095
Iteration: 411 bestvalit: 151.650000 bestmemit:    0.007859    0.086107    0.086036    0.363793    0.249268    0.418824    0.328127    0.129325    0.103206    0.130264    0.368010    2.856234    0.023658    0.001372    0.006574    9.463090    8.644077    1.842523    1.890931    1.866929    1.969683    0.998265    1.153826    2.049095
Iteration: 412 bestvalit: 151.650000 bestmemit:    0.007859    0.086107    0.086036    0.363793    0.249268    0.418824    0.328127    0.129325    0.103206    0.130264    0.368010    2.856234    0.023658    0.001372    0.006574    9.463090    8.644077    1.842523    1.890931    1.866929    1.969683    0.998265    1.153826    2.049095
Iteration: 413 bestvalit: 151.650000 bestmemit:    0.007859    0.086107    0.086036    0.363793    0.249268    0.418824    0.328127    0.129325    0.103206    0.130264    0.368010    2.856234    0.023658    0.001372    0.006574    9.463090    8.644077    1.842523    1.890931    1.866929    1.969683    0.998265    1.153826    2.049095
Iteration: 414 bestvalit: 151.650000 bestmemit:    0.007859    0.086107    0.086036    0.363793    0.249268    0.418824    0.328127    0.129325    0.103206    0.130264    0.368010    2.856234    0.023658    0.001372    0.006574    9.463090    8.644077    1.842523    1.890931    1.866929    1.969683    0.998265    1.153826    2.049095
Iteration: 415 bestvalit: 151.650000 bestmemit:    0.007859    0.086107    0.086036    0.363793    0.249268    0.418824    0.328127    0.129325    0.103206    0.130264    0.368010    2.856234    0.023658    0.001372    0.006574    9.463090    8.644077    1.842523    1.890931    1.866929    1.969683    0.998265    1.153826    2.049095
Iteration: 416 bestvalit: 151.650000 bestmemit:    0.007859    0.086107    0.086036    0.363793    0.249268    0.418824    0.328127    0.129325    0.103206    0.130264    0.368010    2.856234    0.023658    0.001372    0.006574    9.463090    8.644077    1.842523    1.890931    1.866929    1.969683    0.998265    1.153826    2.049095
Iteration: 417 bestvalit: 151.650000 bestmemit:    0.007859    0.086107    0.086036    0.363793    0.249268    0.418824    0.328127    0.129325    0.103206    0.130264    0.368010    2.856234    0.023658    0.001372    0.006574    9.463090    8.644077    1.842523    1.890931    1.866929    1.969683    0.998265    1.153826    2.049095
Iteration: 418 bestvalit: 151.650000 bestmemit:    0.007859    0.086107    0.086036    0.363793    0.249268    0.418824    0.328127    0.129325    0.103206    0.130264    0.368010    2.856234    0.023658    0.001372    0.006574    9.463090    8.644077    1.842523    1.890931    1.866929    1.969683    0.998265    1.153826    2.049095
Iteration: 419 bestvalit: 151.650000 bestmemit:    0.007859    0.086107    0.086036    0.363793    0.249268    0.418824    0.328127    0.129325    0.103206    0.130264    0.368010    2.856234    0.023658    0.001372    0.006574    9.463090    8.644077    1.842523    1.890931    1.866929    1.969683    0.998265    1.153826    2.049095
Iteration: 420 bestvalit: 151.650000 bestmemit:    0.007859    0.086107    0.086036    0.363793    0.249268    0.418824    0.328127    0.129325    0.103206    0.130264    0.368010    2.856234    0.023658    0.001372    0.006574    9.463090    8.644077    1.842523    1.890931    1.866929    1.969683    0.998265    1.153826    2.049095
Iteration: 421 bestvalit: 151.650000 bestmemit:    0.007859    0.086107    0.086036    0.363793    0.249268    0.418824    0.328127    0.129325    0.103206    0.130264    0.368010    2.856234    0.023658    0.001372    0.006574    9.463090    8.644077    1.842523    1.890931    1.866929    1.969683    0.998265    1.153826    2.049095
Iteration: 422 bestvalit: 151.650000 bestmemit:    0.007859    0.086107    0.086036    0.363793    0.249268    0.418824    0.328127    0.129325    0.103206    0.130264    0.368010    2.856234    0.023658    0.001372    0.006574    9.463090    8.644077    1.842523    1.890931    1.866929    1.969683    0.998265    1.153826    2.049095
Iteration: 423 bestvalit: 151.650000 bestmemit:    0.007859    0.086107    0.086036    0.363793    0.249268    0.418824    0.328127    0.129325    0.103206    0.130264    0.368010    2.856234    0.023658    0.001372    0.006574    9.463090    8.644077    1.842523    1.890931    1.866929    1.969683    0.998265    1.153826    2.049095
Iteration: 424 bestvalit: 151.650000 bestmemit:    0.007859    0.086107    0.086036    0.363793    0.249268    0.418824    0.328127    0.129325    0.103206    0.130264    0.368010    2.856234    0.023658    0.001372    0.006574    9.463090    8.644077    1.842523    1.890931    1.866929    1.969683    0.998265    1.153826    2.049095
Iteration: 425 bestvalit: 151.650000 bestmemit:    0.007859    0.086107    0.086036    0.363793    0.249268    0.418824    0.328127    0.129325    0.103206    0.130264    0.368010    2.856234    0.023658    0.001372    0.006574    9.463090    8.644077    1.842523    1.890931    1.866929    1.969683    0.998265    1.153826    2.049095
Iteration: 426 bestvalit: 151.650000 bestmemit:    0.007859    0.086107    0.086036    0.363793    0.249268    0.418824    0.328127    0.129325    0.103206    0.130264    0.368010    2.856234    0.023658    0.001372    0.006574    9.463090    8.644077    1.842523    1.890931    1.866929    1.969683    0.998265    1.153826    2.049095
Iteration: 427 bestvalit: 151.650000 bestmemit:    0.007859    0.086107    0.086036    0.363793    0.249268    0.418824    0.328127    0.129325    0.103206    0.130264    0.368010    2.856234    0.023658    0.001372    0.006574    9.463090    8.644077    1.842523    1.890931    1.866929    1.969683    0.998265    1.153826    2.049095
Iteration: 428 bestvalit: 151.650000 bestmemit:    0.007859    0.086107    0.086036    0.363793    0.249268    0.418824    0.328127    0.129325    0.103206    0.130264    0.368010    2.856234    0.023658    0.001372    0.006574    9.463090    8.644077    1.842523    1.890931    1.866929    1.969683    0.998265    1.153826    2.049095
Iteration: 429 bestvalit: 151.650000 bestmemit:    0.007859    0.086107    0.086036    0.363793    0.249268    0.418824    0.328127    0.129325    0.103206    0.130264    0.368010    2.856234    0.023658    0.001372    0.006574    9.463090    8.644077    1.842523    1.890931    1.866929    1.969683    0.998265    1.153826    2.049095
Iteration: 430 bestvalit: 151.650000 bestmemit:    0.007859    0.086107    0.086036    0.363793    0.249268    0.418824    0.328127    0.129325    0.103206    0.130264    0.368010    2.856234    0.023658    0.001372    0.006574    9.463090    8.644077    1.842523    1.890931    1.866929    1.969683    0.998265    1.153826    2.049095
Iteration: 431 bestvalit: 151.650000 bestmemit:    0.007859    0.086107    0.086036    0.363793    0.249268    0.418824    0.328127    0.129325    0.103206    0.130264    0.368010    2.856234    0.023658    0.001372    0.006574    9.463090    8.644077    1.842523    1.890931    1.866929    1.969683    0.998265    1.153826    2.049095
Iteration: 432 bestvalit: 151.650000 bestmemit:    0.007859    0.086107    0.086036    0.363793    0.249268    0.418824    0.328127    0.129325    0.103206    0.130264    0.368010    2.856234    0.023658    0.001372    0.006574    9.463090    8.644077    1.842523    1.890931    1.866929    1.969683    0.998265    1.153826    2.049095
Iteration: 433 bestvalit: 151.590000 bestmemit:    0.007859    0.086107    0.086036    0.363793    0.249268    0.418824    0.328127    0.129325    0.103206    0.130264    0.368010    2.856234    0.023658    0.001372    0.006574    9.463090    8.644077    1.842523    1.880474    1.926003    1.969683    0.998265    1.153826    2.049095
Iteration: 434 bestvalit: 151.590000 bestmemit:    0.007859    0.086107    0.086036    0.363793    0.249268    0.418824    0.328127    0.129325    0.103206    0.130264    0.368010    2.856234    0.023658    0.001372    0.006574    9.463090    8.644077    1.842523    1.880474    1.926003    1.969683    0.998265    1.153826    2.049095
Iteration: 435 bestvalit: 151.590000 bestmemit:    0.007859    0.086107    0.086036    0.363793    0.249268    0.418824    0.328127    0.129325    0.103206    0.130264    0.368010    2.856234    0.023658    0.001372    0.006574    9.463090    8.644077    1.842523    1.880474    1.926003    1.969683    0.998265    1.153826    2.049095
Iteration: 436 bestvalit: 151.590000 bestmemit:    0.007859    0.086107    0.086036    0.363793    0.249268    0.418824    0.328127    0.129325    0.103206    0.130264    0.368010    2.856234    0.023658    0.001372    0.006574    9.463090    8.644077    1.842523    1.880474    1.926003    1.969683    0.998265    1.153826    2.049095
Iteration: 437 bestvalit: 151.590000 bestmemit:    0.007859    0.086107    0.086036    0.363793    0.249268    0.418824    0.328127    0.129325    0.103206    0.130264    0.368010    2.856234    0.023658    0.001372    0.006574    9.463090    8.644077    1.842523    1.880474    1.926003    1.969683    0.998265    1.153826    2.049095
Iteration: 438 bestvalit: 151.590000 bestmemit:    0.007859    0.086107    0.086036    0.363793    0.249268    0.418824    0.328127    0.129325    0.103206    0.130264    0.368010    2.856234    0.023658    0.001372    0.006574    9.463090    8.644077    1.842523    1.880474    1.926003    1.969683    0.998265    1.153826    2.049095
Iteration: 439 bestvalit: 151.590000 bestmemit:    0.007859    0.086107    0.086036    0.363793    0.249268    0.418824    0.328127    0.129325    0.103206    0.130264    0.368010    2.856234    0.023658    0.001372    0.006574    9.463090    8.644077    1.842523    1.880474    1.926003    1.969683    0.998265    1.153826    2.049095
Iteration: 440 bestvalit: 151.590000 bestmemit:    0.007859    0.086107    0.086036    0.363793    0.249268    0.418824    0.328127    0.129325    0.103206    0.130264    0.368010    2.856234    0.023658    0.001372    0.006574    9.463090    8.644077    1.842523    1.880474    1.926003    1.969683    0.998265    1.153826    2.049095
Iteration: 441 bestvalit: 151.590000 bestmemit:    0.007859    0.086107    0.086036    0.363793    0.249268    0.418824    0.328127    0.129325    0.103206    0.130264    0.368010    2.856234    0.023658    0.001372    0.006574    9.463090    8.644077    1.842523    1.880474    1.926003    1.969683    0.998265    1.153826    2.049095
Iteration: 442 bestvalit: 151.590000 bestmemit:    0.007859    0.086107    0.086036    0.363793    0.249268    0.418824    0.328127    0.129325    0.103206    0.130264    0.368010    2.856234    0.023658    0.001372    0.006574    9.463090    8.644077    1.842523    1.880474    1.926003    1.969683    0.998265    1.153826    2.049095
Iteration: 443 bestvalit: 151.590000 bestmemit:    0.007859    0.086107    0.086036    0.363793    0.249268    0.418824    0.328127    0.129325    0.103206    0.130264    0.368010    2.856234    0.023658    0.001372    0.006574    9.463090    8.644077    1.842523    1.880474    1.926003    1.969683    0.998265    1.153826    2.049095
Iteration: 444 bestvalit: 151.590000 bestmemit:    0.007859    0.086107    0.086036    0.363793    0.249268    0.418824    0.328127    0.129325    0.103206    0.130264    0.368010    2.856234    0.023658    0.001372    0.006574    9.463090    8.644077    1.842523    1.880474    1.926003    1.969683    0.998265    1.153826    2.049095
Iteration: 445 bestvalit: 151.590000 bestmemit:    0.007859    0.086107    0.086036    0.363793    0.249268    0.418824    0.328127    0.129325    0.103206    0.130264    0.368010    2.856234    0.023658    0.001372    0.006574    9.463090    8.644077    1.842523    1.880474    1.926003    1.969683    0.998265    1.153826    2.049095
Iteration: 446 bestvalit: 151.590000 bestmemit:    0.007859    0.086107    0.086036    0.363793    0.249268    0.418824    0.328127    0.129325    0.103206    0.130264    0.368010    2.856234    0.023658    0.001372    0.006574    9.463090    8.644077    1.842523    1.880474    1.926003    1.969683    0.998265    1.153826    2.049095
Iteration: 447 bestvalit: 151.590000 bestmemit:    0.007859    0.086107    0.086036    0.363793    0.249268    0.418824    0.328127    0.129325    0.103206    0.130264    0.368010    2.856234    0.023658    0.001372    0.006574    9.463090    8.644077    1.842523    1.880474    1.926003    1.969683    0.998265    1.153826    2.049095
Iteration: 448 bestvalit: 151.590000 bestmemit:    0.007859    0.086107    0.086036    0.363793    0.249268    0.418824    0.328127    0.129325    0.103206    0.130264    0.368010    2.856234    0.023658    0.001372    0.006574    9.463090    8.644077    1.842523    1.880474    1.926003    1.969683    0.998265    1.153826    2.049095
Iteration: 449 bestvalit: 151.590000 bestmemit:    0.007859    0.086107    0.086036    0.363793    0.249268    0.418824    0.328127    0.129325    0.103206    0.130264    0.368010    2.856234    0.023658    0.001372    0.006574    9.463090    8.644077    1.842523    1.880474    1.926003    1.969683    0.998265    1.153826    2.049095
Iteration: 450 bestvalit: 151.590000 bestmemit:    0.007859    0.086107    0.086036    0.363793    0.249268    0.418824    0.328127    0.129325    0.103206    0.130264    0.368010    2.856234    0.023658    0.001372    0.006574    9.463090    8.644077    1.842523    1.880474    1.926003    1.969683    0.998265    1.153826    2.049095
Iteration: 451 bestvalit: 151.590000 bestmemit:    0.007859    0.086107    0.086036    0.363793    0.249268    0.418824    0.328127    0.129325    0.103206    0.130264    0.368010    2.856234    0.023658    0.001372    0.006574    9.463090    8.644077    1.842523    1.880474    1.926003    1.969683    0.998265    1.153826    2.049095
Iteration: 452 bestvalit: 151.590000 bestmemit:    0.007859    0.086107    0.086036    0.363793    0.249268    0.418824    0.328127    0.129325    0.103206    0.130264    0.368010    2.856234    0.023658    0.001372    0.006574    9.463090    8.644077    1.842523    1.880474    1.926003    1.969683    0.998265    1.153826    2.049095
Iteration: 453 bestvalit: 151.590000 bestmemit:    0.007859    0.086107    0.086036    0.363793    0.249268    0.418824    0.328127    0.129325    0.103206    0.130264    0.368010    2.856234    0.023658    0.001372    0.006574    9.463090    8.644077    1.842523    1.880474    1.926003    1.969683    0.998265    1.153826    2.049095
Iteration: 454 bestvalit: 151.590000 bestmemit:    0.007859    0.086107    0.086036    0.363793    0.249268    0.418824    0.328127    0.129325    0.103206    0.130264    0.368010    2.856234    0.023658    0.001372    0.006574    9.463090    8.644077    1.842523    1.880474    1.926003    1.969683    0.998265    1.153826    2.049095
Iteration: 455 bestvalit: 151.590000 bestmemit:    0.007859    0.086107    0.086036    0.363793    0.249268    0.418824    0.328127    0.129325    0.103206    0.130264    0.368010    2.856234    0.023658    0.001372    0.006574    9.463090    8.644077    1.842523    1.880474    1.926003    1.969683    0.998265    1.153826    2.049095
Iteration: 456 bestvalit: 151.590000 bestmemit:    0.007859    0.086107    0.086036    0.363793    0.249268    0.418824    0.328127    0.129325    0.103206    0.130264    0.368010    2.856234    0.023658    0.001372    0.006574    9.463090    8.644077    1.842523    1.880474    1.926003    1.969683    0.998265    1.153826    2.049095
Iteration: 457 bestvalit: 151.590000 bestmemit:    0.007859    0.086107    0.086036    0.363793    0.249268    0.418824    0.328127    0.129325    0.103206    0.130264    0.368010    2.856234    0.023658    0.001372    0.006574    9.463090    8.644077    1.842523    1.880474    1.926003    1.969683    0.998265    1.153826    2.049095
Iteration: 458 bestvalit: 151.590000 bestmemit:    0.007859    0.086107    0.086036    0.363793    0.249268    0.418824    0.328127    0.129325    0.103206    0.130264    0.368010    2.856234    0.023658    0.001372    0.006574    9.463090    8.644077    1.842523    1.880474    1.926003    1.969683    0.998265    1.153826    2.049095
Iteration: 459 bestvalit: 151.590000 bestmemit:    0.007859    0.086107    0.086036    0.363793    0.249268    0.418824    0.328127    0.129325    0.103206    0.130264    0.368010    2.856234    0.023658    0.001372    0.006574    9.463090    8.644077    1.842523    1.880474    1.926003    1.969683    0.998265    1.153826    2.049095
Iteration: 460 bestvalit: 151.590000 bestmemit:    0.007859    0.086107    0.086036    0.363793    0.249268    0.418824    0.328127    0.129325    0.103206    0.130264    0.368010    2.856234    0.023658    0.001372    0.006574    9.463090    8.644077    1.842523    1.880474    1.926003    1.969683    0.998265    1.153826    2.049095
Iteration: 461 bestvalit: 151.590000 bestmemit:    0.007859    0.086107    0.086036    0.363793    0.249268    0.418824    0.328127    0.129325    0.103206    0.130264    0.368010    2.856234    0.023658    0.001372    0.006574    9.463090    8.644077    1.842523    1.880474    1.926003    1.969683    0.998265    1.153826    2.049095
Iteration: 462 bestvalit: 151.590000 bestmemit:    0.007859    0.086107    0.086036    0.363793    0.249268    0.418824    0.328127    0.129325    0.103206    0.130264    0.368010    2.856234    0.023658    0.001372    0.006574    9.463090    8.644077    1.842523    1.880474    1.926003    1.969683    0.998265    1.153826    2.049095
Iteration: 463 bestvalit: 151.590000 bestmemit:    0.007859    0.086107    0.086036    0.363793    0.249268    0.418824    0.328127    0.129325    0.103206    0.130264    0.368010    2.856234    0.023658    0.001372    0.006574    9.463090    8.644077    1.842523    1.880474    1.926003    1.969683    0.998265    1.153826    2.049095
Iteration: 464 bestvalit: 151.385000 bestmemit:    0.007859    0.086107    0.086036    0.363793    0.249268    0.418824    0.328127    0.129325    0.103206    0.130264    0.368010    2.856234    0.023658    0.001372    0.006574    9.657467    8.644077    1.842523    1.880474    1.926003    1.969683    0.998265    1.153826    2.049095
Iteration: 465 bestvalit: 150.585000 bestmemit:    0.007859    0.086107    0.086036    0.363793    0.249268    0.418824    0.328127    0.129325    0.103206    0.130264    0.368010    2.856234    0.023658    0.001372    0.006574    9.657467    8.644077    1.842523    1.880474    1.926003    1.901484    0.998265    1.153826    2.049095
Iteration: 466 bestvalit: 150.585000 bestmemit:    0.007859    0.086107    0.086036    0.363793    0.249268    0.418824    0.328127    0.129325    0.103206    0.130264    0.368010    2.856234    0.023658    0.001372    0.006574    9.657467    8.644077    1.842523    1.880474    1.926003    1.901484    0.998265    1.153826    2.049095
Iteration: 467 bestvalit: 150.585000 bestmemit:    0.007859    0.086107    0.086036    0.363793    0.249268    0.418824    0.328127    0.129325    0.103206    0.130264    0.368010    2.856234    0.023658    0.001372    0.006574    9.657467    8.644077    1.842523    1.880474    1.926003    1.901484    0.998265    1.153826    2.049095
Iteration: 468 bestvalit: 150.585000 bestmemit:    0.007859    0.086107    0.086036    0.363793    0.249268    0.418824    0.328127    0.129325    0.103206    0.130264    0.368010    2.856234    0.023658    0.001372    0.006574    9.657467    8.644077    1.842523    1.880474    1.926003    1.901484    0.998265    1.153826    2.049095
Iteration: 469 bestvalit: 150.585000 bestmemit:    0.007859    0.086107    0.086036    0.363793    0.249268    0.418824    0.328127    0.129325    0.103206    0.130264    0.368010    2.856234    0.023658    0.001372    0.006574    9.657467    8.644077    1.842523    1.880474    1.926003    1.901484    0.998265    1.153826    2.049095
Iteration: 470 bestvalit: 150.585000 bestmemit:    0.007859    0.086107    0.086036    0.363793    0.249268    0.418824    0.328127    0.129325    0.103206    0.130264    0.368010    2.856234    0.023658    0.001372    0.006574    9.657467    8.644077    1.842523    1.880474    1.926003    1.901484    0.998265    1.153826    2.049095
Iteration: 471 bestvalit: 150.585000 bestmemit:    0.007859    0.086107    0.086036    0.363793    0.249268    0.418824    0.328127    0.129325    0.103206    0.130264    0.368010    2.856234    0.023658    0.001372    0.006574    9.657467    8.644077    1.842523    1.880474    1.926003    1.901484    0.998265    1.153826    2.049095
Iteration: 472 bestvalit: 150.585000 bestmemit:    0.007859    0.086107    0.086036    0.363793    0.249268    0.418824    0.328127    0.129325    0.103206    0.130264    0.368010    2.856234    0.023658    0.001372    0.006574    9.657467    8.644077    1.842523    1.880474    1.926003    1.901484    0.998265    1.153826    2.049095
Iteration: 473 bestvalit: 150.585000 bestmemit:    0.007859    0.086107    0.086036    0.363793    0.249268    0.418824    0.328127    0.129325    0.103206    0.130264    0.368010    2.856234    0.023658    0.001372    0.006574    9.657467    8.644077    1.842523    1.880474    1.926003    1.901484    0.998265    1.153826    2.049095
Iteration: 474 bestvalit: 150.585000 bestmemit:    0.007859    0.086107    0.086036    0.363793    0.249268    0.418824    0.328127    0.129325    0.103206    0.130264    0.368010    2.856234    0.023658    0.001372    0.006574    9.657467    8.644077    1.842523    1.880474    1.926003    1.901484    0.998265    1.153826    2.049095
Iteration: 475 bestvalit: 150.185000 bestmemit:    0.007859    0.086107    0.086036    0.363793    0.249268    0.418824    0.328127    0.129325    0.103206    0.130264    0.368010    2.856234    0.023658    0.001372    0.006574    9.657467    8.644077    1.842523    1.880474    1.905837    1.901484    0.998265    1.153826    2.049095
Iteration: 476 bestvalit: 150.185000 bestmemit:    0.007859    0.086107    0.086036    0.363793    0.249268    0.418824    0.328127    0.129325    0.103206    0.130264    0.368010    2.856234    0.023658    0.001372    0.006574    9.657467    8.644077    1.842523    1.880474    1.905837    1.901484    0.998265    1.153826    2.049095
Iteration: 477 bestvalit: 150.185000 bestmemit:    0.007859    0.086107    0.086036    0.363793    0.249268    0.418824    0.328127    0.129325    0.103206    0.130264    0.368010    2.856234    0.023658    0.001372    0.006574    9.657467    8.644077    1.842523    1.880474    1.905837    1.901484    0.998265    1.153826    2.049095
Iteration: 478 bestvalit: 150.185000 bestmemit:    0.007859    0.086107    0.086036    0.363793    0.249268    0.418824    0.328127    0.129325    0.103206    0.130264    0.368010    2.856234    0.023658    0.001372    0.006574    9.657467    8.644077    1.842523    1.880474    1.905837    1.901484    0.998265    1.153826    2.049095
Iteration: 479 bestvalit: 150.185000 bestmemit:    0.007859    0.086107    0.086036    0.363793    0.249268    0.418824    0.328127    0.129325    0.103206    0.130264    0.368010    2.856234    0.023658    0.001372    0.006574    9.657467    8.644077    1.842523    1.880474    1.905837    1.901484    0.998265    1.153826    2.049095
Iteration: 480 bestvalit: 150.185000 bestmemit:    0.007859    0.086107    0.086036    0.363793    0.249268    0.418824    0.328127    0.129325    0.103206    0.130264    0.368010    2.856234    0.023658    0.001372    0.006574    9.657467    8.644077    1.842523    1.880474    1.905837    1.901484    0.998265    1.153826    2.049095
Iteration: 481 bestvalit: 150.185000 bestmemit:    0.007859    0.086107    0.086036    0.363793    0.249268    0.418824    0.328127    0.129325    0.103206    0.130264    0.368010    2.856234    0.023658    0.001372    0.006574    9.657467    8.644077    1.842523    1.880474    1.905837    1.901484    0.998265    1.153826    2.049095
Iteration: 482 bestvalit: 150.185000 bestmemit:    0.007859    0.086107    0.086036    0.363793    0.249268    0.418824    0.328127    0.129325    0.103206    0.130264    0.368010    2.856234    0.023658    0.001372    0.006574    9.657467    8.644077    1.842523    1.880474    1.905837    1.901484    0.998265    1.153826    2.049095
Iteration: 483 bestvalit: 150.185000 bestmemit:    0.007859    0.086107    0.086036    0.363793    0.249268    0.418824    0.328127    0.129325    0.103206    0.130264    0.368010    2.856234    0.023658    0.001372    0.006574    9.657467    8.644077    1.842523    1.880474    1.905837    1.901484    0.998265    1.153826    2.049095
Iteration: 484 bestvalit: 150.185000 bestmemit:    0.007859    0.086107    0.086036    0.363793    0.249268    0.418824    0.328127    0.129325    0.103206    0.130264    0.368010    2.856234    0.023658    0.001372    0.006574    9.657467    8.644077    1.842523    1.880474    1.905837    1.901484    0.998265    1.153826    2.049095
Iteration: 485 bestvalit: 150.185000 bestmemit:    0.007859    0.086107    0.086036    0.363793    0.249268    0.418824    0.328127    0.129325    0.103206    0.130264    0.368010    2.856234    0.023658    0.001372    0.006574    9.657467    8.644077    1.842523    1.880474    1.905837    1.901484    0.998265    1.153826    2.049095
Iteration: 486 bestvalit: 150.185000 bestmemit:    0.007859    0.086107    0.086036    0.363793    0.249268    0.418824    0.328127    0.129325    0.103206    0.130264    0.368010    2.856234    0.023658    0.001372    0.006574    9.657467    8.644077    1.842523    1.880474    1.905837    1.901484    0.998265    1.153826    2.049095
Iteration: 487 bestvalit: 150.185000 bestmemit:    0.007859    0.086107    0.086036    0.363793    0.249268    0.418824    0.328127    0.129325    0.103206    0.130264    0.368010    2.856234    0.023658    0.001372    0.006574    9.657467    8.644077    1.842523    1.880474    1.905837    1.901484    0.998265    1.153826    2.049095
Iteration: 488 bestvalit: 150.185000 bestmemit:    0.007859    0.086107    0.086036    0.363793    0.249268    0.418824    0.328127    0.129325    0.103206    0.130264    0.368010    2.856234    0.023658    0.001372    0.006574    9.657467    8.644077    1.842523    1.880474    1.905837    1.901484    0.998265    1.153826    2.049095
Iteration: 489 bestvalit: 150.185000 bestmemit:    0.007859    0.086107    0.086036    0.363793    0.249268    0.418824    0.328127    0.129325    0.103206    0.130264    0.368010    2.856234    0.023658    0.001372    0.006574    9.657467    8.644077    1.842523    1.880474    1.905837    1.901484    0.998265    1.153826    2.049095
Iteration: 490 bestvalit: 150.185000 bestmemit:    0.007859    0.086107    0.086036    0.363793    0.249268    0.418824    0.328127    0.129325    0.103206    0.130264    0.368010    2.856234    0.023658    0.001372    0.006574    9.657467    8.644077    1.842523    1.880474    1.905837    1.901484    0.998265    1.153826    2.049095
Iteration: 491 bestvalit: 150.185000 bestmemit:    0.007859    0.086107    0.086036    0.363793    0.249268    0.418824    0.328127    0.129325    0.103206    0.130264    0.368010    2.856234    0.023658    0.001372    0.006574    9.657467    8.644077    1.842523    1.880474    1.905837    1.901484    0.998265    1.153826    2.049095
Iteration: 492 bestvalit: 150.185000 bestmemit:    0.007859    0.086107    0.086036    0.363793    0.249268    0.418824    0.328127    0.129325    0.103206    0.130264    0.368010    2.856234    0.023658    0.001372    0.006574    9.657467    8.644077    1.842523    1.880474    1.905837    1.901484    0.998265    1.153826    2.049095
Iteration: 493 bestvalit: 150.185000 bestmemit:    0.007859    0.086107    0.086036    0.363793    0.249268    0.418824    0.328127    0.129325    0.103206    0.130264    0.368010    2.856234    0.023658    0.001372    0.006574    9.657467    8.644077    1.842523    1.880474    1.905837    1.901484    0.998265    1.153826    2.049095
Iteration: 494 bestvalit: 150.185000 bestmemit:    0.007859    0.086107    0.086036    0.363793    0.249268    0.418824    0.328127    0.129325    0.103206    0.130264    0.368010    2.856234    0.023658    0.001372    0.006574    9.657467    8.644077    1.842523    1.880474    1.905837    1.901484    0.998265    1.153826    2.049095
Iteration: 495 bestvalit: 150.185000 bestmemit:    0.007859    0.086107    0.086036    0.363793    0.249268    0.418824    0.328127    0.129325    0.103206    0.130264    0.368010    2.856234    0.023658    0.001372    0.006574    9.657467    8.644077    1.842523    1.880474    1.905837    1.901484    0.998265    1.153826    2.049095
Iteration: 496 bestvalit: 150.185000 bestmemit:    0.007859    0.086107    0.086036    0.363793    0.249268    0.418824    0.328127    0.129325    0.103206    0.130264    0.368010    2.856234    0.023658    0.001372    0.006574    9.657467    8.644077    1.842523    1.880474    1.905837    1.901484    0.998265    1.153826    2.049095
Iteration: 497 bestvalit: 150.185000 bestmemit:    0.007859    0.086107    0.086036    0.363793    0.249268    0.418824    0.328127    0.129325    0.103206    0.130264    0.368010    2.856234    0.023658    0.001372    0.006574    9.657467    8.644077    1.842523    1.880474    1.905837    1.901484    0.998265    1.153826    2.049095
Iteration: 498 bestvalit: 150.185000 bestmemit:    0.007859    0.086107    0.086036    0.363793    0.249268    0.418824    0.328127    0.129325    0.103206    0.130264    0.368010    2.856234    0.023658    0.001372    0.006574    9.657467    8.644077    1.842523    1.880474    1.905837    1.901484    0.998265    1.153826    2.049095
Iteration: 499 bestvalit: 150.185000 bestmemit:    0.007859    0.086107    0.086036    0.363793    0.249268    0.418824    0.328127    0.129325    0.103206    0.130264    0.368010    2.856234    0.023658    0.001372    0.006574    9.657467    8.644077    1.842523    1.880474    1.905837    1.901484    0.998265    1.153826    2.049095
Iteration: 500 bestvalit: 150.185000 bestmemit:    0.007859    0.086107    0.086036    0.363793    0.249268    0.418824    0.328127    0.129325    0.103206    0.130264    0.368010    2.856234    0.023658    0.001372    0.006574    9.657467    8.644077    1.842523    1.880474    1.905837    1.901484    0.998265    1.153826    2.049095
Iteration: 501 bestvalit: 150.185000 bestmemit:    0.007859    0.086107    0.086036    0.363793    0.249268    0.418824    0.328127    0.129325    0.103206    0.130264    0.368010    2.856234    0.023658    0.001372    0.006574    9.657467    8.644077    1.842523    1.880474    1.905837    1.901484    0.998265    1.153826    2.049095
Iteration: 502 bestvalit: 150.185000 bestmemit:    0.007859    0.086107    0.086036    0.363793    0.249268    0.418824    0.328127    0.129325    0.103206    0.130264    0.368010    2.856234    0.023658    0.001372    0.006574    9.657467    8.644077    1.842523    1.880474    1.905837    1.901484    0.998265    1.153826    2.049095
Iteration: 503 bestvalit: 150.185000 bestmemit:    0.007859    0.086107    0.086036    0.363793    0.249268    0.418824    0.328127    0.129325    0.103206    0.130264    0.368010    2.856234    0.023658    0.001372    0.006574    9.657467    8.644077    1.842523    1.880474    1.905837    1.901484    0.998265    1.153826    2.049095
Iteration: 504 bestvalit: 150.185000 bestmemit:    0.007859    0.086107    0.086036    0.363793    0.249268    0.418824    0.328127    0.129325    0.103206    0.130264    0.368010    2.856234    0.023658    0.001372    0.006574    9.657467    8.644077    1.842523    1.880474    1.905837    1.901484    0.998265    1.153826    2.049095
Iteration: 505 bestvalit: 150.185000 bestmemit:    0.007859    0.086107    0.086036    0.363793    0.249268    0.418824    0.328127    0.129325    0.103206    0.130264    0.368010    2.856234    0.023658    0.001372    0.006574    9.657467    8.644077    1.842523    1.880474    1.905837    1.901484    0.998265    1.153826    2.049095
Iteration: 506 bestvalit: 150.185000 bestmemit:    0.007859    0.086107    0.086036    0.363793    0.249268    0.418824    0.328127    0.129325    0.103206    0.130264    0.368010    2.856234    0.023658    0.001372    0.006574    9.657467    8.644077    1.842523    1.880474    1.905837    1.901484    0.998265    1.153826    2.049095
Iteration: 507 bestvalit: 150.185000 bestmemit:    0.007859    0.086107    0.086036    0.363793    0.249268    0.418824    0.328127    0.129325    0.103206    0.130264    0.368010    2.856234    0.023658    0.001372    0.006574    9.657467    8.644077    1.842523    1.880474    1.905837    1.901484    0.998265    1.153826    2.049095
Iteration: 508 bestvalit: 150.185000 bestmemit:    0.007859    0.086107    0.086036    0.363793    0.249268    0.418824    0.328127    0.129325    0.103206    0.130264    0.368010    2.856234    0.023658    0.001372    0.006574    9.657467    8.644077    1.842523    1.880474    1.905837    1.901484    0.998265    1.153826    2.049095
Iteration: 509 bestvalit: 150.185000 bestmemit:    0.007859    0.086107    0.086036    0.363793    0.249268    0.418824    0.328127    0.129325    0.103206    0.130264    0.368010    2.856234    0.023658    0.001372    0.006574    9.657467    8.644077    1.842523    1.880474    1.905837    1.901484    0.998265    1.153826    2.049095
Iteration: 510 bestvalit: 150.185000 bestmemit:    0.007859    0.086107    0.086036    0.363793    0.249268    0.418824    0.328127    0.129325    0.103206    0.130264    0.368010    2.856234    0.023658    0.001372    0.006574    9.657467    8.644077    1.842523    1.880474    1.905837    1.901484    0.998265    1.153826    2.049095
Iteration: 511 bestvalit: 150.185000 bestmemit:    0.007859    0.086107    0.086036    0.363793    0.249268    0.418824    0.328127    0.129325    0.103206    0.130264    0.368010    2.856234    0.023658    0.001372    0.006574    9.657467    8.644077    1.842523    1.880474    1.905837    1.901484    0.998265    1.153826    2.049095
Iteration: 512 bestvalit: 150.185000 bestmemit:    0.007859    0.086107    0.086036    0.363793    0.249268    0.418824    0.328127    0.129325    0.103206    0.130264    0.368010    2.856234    0.023658    0.001372    0.006574    9.657467    8.644077    1.842523    1.880474    1.905837    1.901484    0.998265    1.153826    2.049095
Iteration: 513 bestvalit: 150.185000 bestmemit:    0.007859    0.086107    0.086036    0.363793    0.249268    0.418824    0.328127    0.129325    0.103206    0.130264    0.368010    2.856234    0.023658    0.001372    0.006574    9.657467    8.644077    1.842523    1.880474    1.905837    1.901484    0.998265    1.153826    2.049095
Iteration: 514 bestvalit: 150.185000 bestmemit:    0.007859    0.086107    0.086036    0.363793    0.249268    0.418824    0.328127    0.129325    0.103206    0.130264    0.368010    2.856234    0.023658    0.001372    0.006574    9.657467    8.644077    1.842523    1.880474    1.905837    1.901484    0.998265    1.153826    2.049095
Iteration: 515 bestvalit: 150.185000 bestmemit:    0.007859    0.086107    0.086036    0.363793    0.249268    0.418824    0.328127    0.129325    0.103206    0.130264    0.368010    2.856234    0.023658    0.001372    0.006574    9.657467    8.644077    1.842523    1.880474    1.905837    1.901484    0.998265    1.153826    2.049095
Iteration: 516 bestvalit: 150.185000 bestmemit:    0.007859    0.086107    0.086036    0.363793    0.249268    0.418824    0.328127    0.129325    0.103206    0.130264    0.368010    2.856234    0.023658    0.001372    0.006574    9.657467    8.644077    1.842523    1.880474    1.905837    1.901484    0.998265    1.153826    2.049095
Iteration: 517 bestvalit: 150.185000 bestmemit:    0.007859    0.086107    0.086036    0.363793    0.249268    0.418824    0.328127    0.129325    0.103206    0.130264    0.368010    2.856234    0.023658    0.001372    0.006574    9.657467    8.644077    1.842523    1.880474    1.905837    1.901484    0.998265    1.153826    2.049095
Iteration: 518 bestvalit: 150.185000 bestmemit:    0.007859    0.086107    0.086036    0.363793    0.249268    0.418824    0.328127    0.129325    0.103206    0.130264    0.368010    2.856234    0.023658    0.001372    0.006574    9.657467    8.644077    1.842523    1.880474    1.905837    1.901484    0.998265    1.153826    2.049095
Iteration: 519 bestvalit: 150.185000 bestmemit:    0.007859    0.086107    0.086036    0.363793    0.249268    0.418824    0.328127    0.129325    0.103206    0.130264    0.368010    2.856234    0.023658    0.001372    0.006574    9.657467    8.644077    1.842523    1.880474    1.905837    1.901484    0.998265    1.153826    2.049095
Iteration: 520 bestvalit: 150.185000 bestmemit:    0.007859    0.086107    0.086036    0.363793    0.249268    0.418824    0.328127    0.129325    0.103206    0.130264    0.368010    2.856234    0.023658    0.001372    0.006574    9.657467    8.644077    1.842523    1.880474    1.905837    1.901484    0.998265    1.153826    2.049095
Iteration: 521 bestvalit: 150.185000 bestmemit:    0.007859    0.086107    0.086036    0.363793    0.249268    0.418824    0.328127    0.129325    0.103206    0.130264    0.368010    2.856234    0.023658    0.001372    0.006574    9.657467    8.644077    1.842523    1.880474    1.905837    1.901484    0.998265    1.153826    2.049095
Iteration: 522 bestvalit: 150.185000 bestmemit:    0.007859    0.086107    0.086036    0.363793    0.249268    0.418824    0.328127    0.129325    0.103206    0.130264    0.368010    2.856234    0.023658    0.001372    0.006574    9.657467    8.644077    1.842523    1.880474    1.905837    1.901484    0.998265    1.153826    2.049095
Iteration: 523 bestvalit: 149.815000 bestmemit:    0.007859    0.086107    0.086036    0.363793    0.249268    0.418824    0.328127    0.129325    0.103206    0.130264    0.368010    2.856234    0.024809    0.001798    0.006574    9.657467    8.644077    1.842523    1.880474    1.905837    1.901484    0.998265    1.153826    2.049095
Iteration: 524 bestvalit: 149.815000 bestmemit:    0.007859    0.086107    0.086036    0.363793    0.249268    0.418824    0.328127    0.129325    0.103206    0.130264    0.368010    2.856234    0.024809    0.001798    0.006574    9.657467    8.644077    1.842523    1.880474    1.905837    1.901484    0.998265    1.153826    2.049095
Iteration: 525 bestvalit: 149.815000 bestmemit:    0.007859    0.086107    0.086036    0.363793    0.249268    0.418824    0.328127    0.129325    0.103206    0.130264    0.368010    2.856234    0.024809    0.001798    0.006574    9.657467    8.644077    1.842523    1.880474    1.905837    1.901484    0.998265    1.153826    2.049095
Iteration: 526 bestvalit: 149.815000 bestmemit:    0.007859    0.086107    0.086036    0.363793    0.249268    0.418824    0.328127    0.129325    0.103206    0.130264    0.368010    2.856234    0.024809    0.001798    0.006574    9.657467    8.644077    1.842523    1.880474    1.905837    1.901484    0.998265    1.153826    2.049095
Iteration: 527 bestvalit: 149.815000 bestmemit:    0.007859    0.086107    0.086036    0.363793    0.249268    0.418824    0.328127    0.129325    0.103206    0.130264    0.368010    2.856234    0.024809    0.001798    0.006574    9.657467    8.644077    1.842523    1.880474    1.905837    1.901484    0.998265    1.153826    2.049095
Iteration: 528 bestvalit: 149.430000 bestmemit:    0.007859    0.086107    0.086036    0.351169    0.249268    0.418824    0.328127    0.129325    0.103206    0.130264    0.368010    2.856234    0.024809    0.001798    0.006574    9.657467    8.644077    1.842523    1.880474    1.905837    1.901484    0.998265    1.153826    2.049095
Iteration: 529 bestvalit: 149.430000 bestmemit:    0.007859    0.086107    0.086036    0.351169    0.249268    0.418824    0.328127    0.129325    0.103206    0.130264    0.368010    2.856234    0.024809    0.001798    0.006574    9.657467    8.644077    1.842523    1.880474    1.905837    1.901484    0.998265    1.153826    2.049095
Iteration: 530 bestvalit: 149.430000 bestmemit:    0.007859    0.086107    0.086036    0.351169    0.249268    0.418824    0.328127    0.129325    0.103206    0.130264    0.368010    2.856234    0.024809    0.001798    0.006574    9.657467    8.644077    1.842523    1.880474    1.905837    1.901484    0.998265    1.153826    2.049095
Iteration: 531 bestvalit: 149.430000 bestmemit:    0.007859    0.086107    0.086036    0.351169    0.249268    0.418824    0.328127    0.129325    0.103206    0.130264    0.368010    2.856234    0.024809    0.001798    0.006574    9.657467    8.644077    1.842523    1.880474    1.905837    1.901484    0.998265    1.153826    2.049095
Iteration: 532 bestvalit: 149.430000 bestmemit:    0.007859    0.086107    0.086036    0.351169    0.249268    0.418824    0.328127    0.129325    0.103206    0.130264    0.368010    2.856234    0.024809    0.001798    0.006574    9.657467    8.644077    1.842523    1.880474    1.905837    1.901484    0.998265    1.153826    2.049095
Iteration: 533 bestvalit: 149.430000 bestmemit:    0.007859    0.086107    0.086036    0.351169    0.249268    0.418824    0.328127    0.129325    0.103206    0.130264    0.368010    2.856234    0.024809    0.001798    0.006574    9.657467    8.644077    1.842523    1.880474    1.905837    1.901484    0.998265    1.153826    2.049095
Iteration: 534 bestvalit: 149.430000 bestmemit:    0.007859    0.086107    0.086036    0.351169    0.249268    0.418824    0.328127    0.129325    0.103206    0.130264    0.368010    2.856234    0.024809    0.001798    0.006574    9.657467    8.644077    1.842523    1.880474    1.905837    1.901484    0.998265    1.153826    2.049095
Iteration: 535 bestvalit: 149.430000 bestmemit:    0.007859    0.086107    0.086036    0.351169    0.249268    0.418824    0.328127    0.129325    0.103206    0.130264    0.368010    2.856234    0.024809    0.001798    0.006574    9.657467    8.644077    1.842523    1.880474    1.905837    1.901484    0.998265    1.153826    2.049095
Iteration: 536 bestvalit: 149.430000 bestmemit:    0.007859    0.086107    0.086036    0.351169    0.249268    0.418824    0.328127    0.129325    0.103206    0.130264    0.368010    2.856234    0.024809    0.001798    0.006574    9.657467    8.644077    1.842523    1.880474    1.905837    1.901484    0.998265    1.153826    2.049095
Iteration: 537 bestvalit: 149.430000 bestmemit:    0.007859    0.086107    0.086036    0.351169    0.249268    0.418824    0.328127    0.129325    0.103206    0.130264    0.368010    2.856234    0.024809    0.001798    0.006574    9.657467    8.644077    1.842523    1.880474    1.905837    1.901484    0.998265    1.153826    2.049095
Iteration: 538 bestvalit: 149.430000 bestmemit:    0.007859    0.086107    0.086036    0.351169    0.249268    0.418824    0.328127    0.129325    0.103206    0.130264    0.368010    2.856234    0.024809    0.001798    0.006574    9.657467    8.644077    1.842523    1.880474    1.905837    1.901484    0.998265    1.153826    2.049095
Iteration: 539 bestvalit: 149.430000 bestmemit:    0.007859    0.086107    0.086036    0.351169    0.249268    0.418824    0.328127    0.129325    0.103206    0.130264    0.368010    2.856234    0.024809    0.001798    0.006574    9.657467    8.644077    1.842523    1.880474    1.905837    1.901484    0.998265    1.153826    2.049095
Iteration: 540 bestvalit: 149.430000 bestmemit:    0.007859    0.086107    0.086036    0.351169    0.249268    0.418824    0.328127    0.129325    0.103206    0.130264    0.368010    2.856234    0.024809    0.001798    0.006574    9.657467    8.644077    1.842523    1.880474    1.905837    1.901484    0.998265    1.153826    2.049095
Iteration: 541 bestvalit: 149.430000 bestmemit:    0.007859    0.086107    0.086036    0.351169    0.249268    0.418824    0.328127    0.129325    0.103206    0.130264    0.368010    2.856234    0.024809    0.001798    0.006574    9.657467    8.644077    1.842523    1.880474    1.905837    1.901484    0.998265    1.153826    2.049095
Iteration: 542 bestvalit: 149.430000 bestmemit:    0.007859    0.086107    0.086036    0.351169    0.249268    0.418824    0.328127    0.129325    0.103206    0.130264    0.368010    2.856234    0.024809    0.001798    0.006574    9.657467    8.644077    1.842523    1.880474    1.905837    1.901484    0.998265    1.153826    2.049095
Iteration: 543 bestvalit: 149.430000 bestmemit:    0.007859    0.086107    0.086036    0.351169    0.249268    0.418824    0.328127    0.129325    0.103206    0.130264    0.368010    2.856234    0.024809    0.001798    0.006574    9.657467    8.644077    1.842523    1.880474    1.905837    1.901484    0.998265    1.153826    2.049095
Iteration: 544 bestvalit: 149.405000 bestmemit:    0.007859    0.086107    0.086036    0.351169    0.249268    0.418824    0.328127    0.129325    0.103206    0.130264    0.368010    2.856234    0.024809    0.001798    0.006574    9.657467    8.644077    1.842523    1.880474    1.905837    1.901484    0.998856    1.153826    2.049095
Iteration: 545 bestvalit: 149.405000 bestmemit:    0.007859    0.086107    0.086036    0.351169    0.249268    0.418824    0.328127    0.129325    0.103206    0.130264    0.368010    2.856234    0.024809    0.001798    0.006574    9.657467    8.644077    1.842523    1.880474    1.905837    1.901484    0.998856    1.153826    2.049095
Iteration: 546 bestvalit: 149.405000 bestmemit:    0.007859    0.086107    0.086036    0.351169    0.249268    0.418824    0.328127    0.129325    0.103206    0.130264    0.368010    2.856234    0.024809    0.001798    0.006574    9.657467    8.644077    1.842523    1.880474    1.905837    1.901484    0.998856    1.153826    2.049095
Iteration: 547 bestvalit: 149.405000 bestmemit:    0.007859    0.086107    0.086036    0.351169    0.249268    0.418824    0.328127    0.129325    0.103206    0.130264    0.368010    2.856234    0.024809    0.001798    0.006574    9.657467    8.644077    1.842523    1.880474    1.905837    1.901484    0.998856    1.153826    2.049095
Iteration: 548 bestvalit: 149.405000 bestmemit:    0.007859    0.086107    0.086036    0.351169    0.249268    0.418824    0.328127    0.129325    0.103206    0.130264    0.368010    2.856234    0.024809    0.001798    0.006574    9.657467    8.644077    1.842523    1.880474    1.905837    1.901484    0.998856    1.153826    2.049095
Iteration: 549 bestvalit: 149.405000 bestmemit:    0.007859    0.086107    0.086036    0.351169    0.249268    0.418824    0.328127    0.129325    0.103206    0.130264    0.368010    2.856234    0.024809    0.001798    0.006574    9.657467    8.644077    1.842523    1.880474    1.905837    1.901484    0.998856    1.153826    2.049095
Iteration: 550 bestvalit: 149.405000 bestmemit:    0.007859    0.086107    0.086036    0.351169    0.249268    0.418824    0.328127    0.129325    0.103206    0.130264    0.368010    2.856234    0.024809    0.001798    0.006574    9.657467    8.644077    1.842523    1.880474    1.905837    1.901484    0.998856    1.153826    2.049095
Iteration: 551 bestvalit: 149.405000 bestmemit:    0.007859    0.086107    0.086036    0.351169    0.249268    0.418824    0.328127    0.129325    0.103206    0.130264    0.368010    2.856234    0.024809    0.001798    0.006574    9.657467    8.644077    1.842523    1.880474    1.905837    1.901484    0.998856    1.153826    2.049095
Iteration: 552 bestvalit: 149.405000 bestmemit:    0.007859    0.086107    0.086036    0.351169    0.249268    0.418824    0.328127    0.129325    0.103206    0.130264    0.368010    2.856234    0.024809    0.001798    0.006574    9.657467    8.644077    1.842523    1.880474    1.905837    1.901484    0.998856    1.153826    2.049095
Iteration: 553 bestvalit: 149.405000 bestmemit:    0.007859    0.086107    0.086036    0.351169    0.249268    0.418824    0.328127    0.129325    0.103206    0.130264    0.368010    2.856234    0.024809    0.001798    0.006574    9.657467    8.644077    1.842523    1.880474    1.905837    1.901484    0.998856    1.153826    2.049095
Iteration: 554 bestvalit: 149.405000 bestmemit:    0.007859    0.086107    0.086036    0.351169    0.249268    0.418824    0.328127    0.129325    0.103206    0.130264    0.368010    2.856234    0.024809    0.001798    0.006574    9.657467    8.644077    1.842523    1.880474    1.905837    1.901484    0.998856    1.153826    2.049095
Iteration: 555 bestvalit: 149.405000 bestmemit:    0.007859    0.086107    0.086036    0.351169    0.249268    0.418824    0.328127    0.129325    0.103206    0.130264    0.368010    2.856234    0.024809    0.001798    0.006574    9.657467    8.644077    1.842523    1.880474    1.905837    1.901484    0.998856    1.153826    2.049095
Iteration: 556 bestvalit: 149.405000 bestmemit:    0.007859    0.086107    0.086036    0.351169    0.249268    0.418824    0.328127    0.129325    0.103206    0.130264    0.368010    2.856234    0.024809    0.001798    0.006574    9.657467    8.644077    1.842523    1.880474    1.905837    1.901484    0.998856    1.153826    2.049095
Iteration: 557 bestvalit: 149.405000 bestmemit:    0.007859    0.086107    0.086036    0.351169    0.249268    0.418824    0.328127    0.129325    0.103206    0.130264    0.368010    2.856234    0.024809    0.001798    0.006574    9.657467    8.644077    1.842523    1.880474    1.905837    1.901484    0.998856    1.153826    2.049095
Iteration: 558 bestvalit: 149.405000 bestmemit:    0.007859    0.086107    0.086036    0.351169    0.249268    0.418824    0.328127    0.129325    0.103206    0.130264    0.368010    2.856234    0.024809    0.001798    0.006574    9.657467    8.644077    1.842523    1.880474    1.905837    1.901484    0.998856    1.153826    2.049095
Iteration: 559 bestvalit: 149.405000 bestmemit:    0.007859    0.086107    0.086036    0.351169    0.249268    0.418824    0.328127    0.129325    0.103206    0.130264    0.368010    2.856234    0.024809    0.001798    0.006574    9.657467    8.644077    1.842523    1.880474    1.905837    1.901484    0.998856    1.153826    2.049095
Iteration: 560 bestvalit: 149.405000 bestmemit:    0.007859    0.086107    0.086036    0.351169    0.249268    0.418824    0.328127    0.129325    0.103206    0.130264    0.368010    2.856234    0.024809    0.001798    0.006574    9.657467    8.644077    1.842523    1.880474    1.905837    1.901484    0.998856    1.153826    2.049095
Iteration: 561 bestvalit: 149.405000 bestmemit:    0.007859    0.086107    0.086036    0.351169    0.249268    0.418824    0.328127    0.129325    0.103206    0.130264    0.368010    2.856234    0.024809    0.001798    0.006574    9.657467    8.644077    1.842523    1.880474    1.905837    1.901484    0.998856    1.153826    2.049095
Iteration: 562 bestvalit: 149.405000 bestmemit:    0.007859    0.086107    0.086036    0.351169    0.249268    0.418824    0.328127    0.129325    0.103206    0.130264    0.368010    2.856234    0.024809    0.001798    0.006574    9.657467    8.644077    1.842523    1.880474    1.905837    1.901484    0.998856    1.153826    2.049095
Iteration: 563 bestvalit: 149.405000 bestmemit:    0.007859    0.086107    0.086036    0.351169    0.249268    0.418824    0.328127    0.129325    0.103206    0.130264    0.368010    2.856234    0.024809    0.001798    0.006574    9.657467    8.644077    1.842523    1.880474    1.905837    1.901484    0.998856    1.153826    2.049095
Iteration: 564 bestvalit: 149.405000 bestmemit:    0.007859    0.086107    0.086036    0.351169    0.249268    0.418824    0.328127    0.129325    0.103206    0.130264    0.368010    2.856234    0.024809    0.001798    0.006574    9.657467    8.644077    1.842523    1.880474    1.905837    1.901484    0.998856    1.153826    2.049095
Iteration: 565 bestvalit: 149.405000 bestmemit:    0.007859    0.086107    0.086036    0.351169    0.249268    0.418824    0.328127    0.129325    0.103206    0.130264    0.368010    2.856234    0.024809    0.001798    0.006574    9.657467    8.644077    1.842523    1.880474    1.905837    1.901484    0.998856    1.153826    2.049095
Iteration: 566 bestvalit: 149.405000 bestmemit:    0.007859    0.086107    0.086036    0.351169    0.249268    0.418824    0.328127    0.129325    0.103206    0.130264    0.368010    2.856234    0.024809    0.001798    0.006574    9.657467    8.644077    1.842523    1.880474    1.905837    1.901484    0.998856    1.153826    2.049095
Iteration: 567 bestvalit: 149.405000 bestmemit:    0.007859    0.086107    0.086036    0.351169    0.249268    0.418824    0.328127    0.129325    0.103206    0.130264    0.368010    2.856234    0.024809    0.001798    0.006574    9.657467    8.644077    1.842523    1.880474    1.905837    1.901484    0.998856    1.153826    2.049095
Iteration: 568 bestvalit: 149.405000 bestmemit:    0.007859    0.086107    0.086036    0.351169    0.249268    0.418824    0.328127    0.129325    0.103206    0.130264    0.368010    2.856234    0.024809    0.001798    0.006574    9.657467    8.644077    1.842523    1.880474    1.905837    1.901484    0.998856    1.153826    2.049095
Iteration: 569 bestvalit: 148.245000 bestmemit:    0.007859    0.086107    0.086036    0.351169    0.249268    0.418824    0.328127    0.129325    0.103206    0.130264    0.368010    2.856234    0.024809    0.001798    0.006574    9.657467    9.162281    1.610451    1.880474    1.905837    1.901484    0.998856    1.153826    2.049095
Iteration: 570 bestvalit: 148.245000 bestmemit:    0.007859    0.086107    0.086036    0.351169    0.249268    0.418824    0.328127    0.129325    0.103206    0.130264    0.368010    2.856234    0.024809    0.001798    0.006574    9.657467    9.162281    1.610451    1.880474    1.905837    1.901484    0.998856    1.153826    2.049095
Iteration: 571 bestvalit: 148.245000 bestmemit:    0.007859    0.086107    0.086036    0.351169    0.249268    0.418824    0.328127    0.129325    0.103206    0.130264    0.368010    2.856234    0.024809    0.001798    0.006574    9.657467    9.162281    1.610451    1.880474    1.905837    1.901484    0.998856    1.153826    2.049095
Iteration: 572 bestvalit: 148.245000 bestmemit:    0.007859    0.086107    0.086036    0.351169    0.249268    0.418824    0.328127    0.129325    0.103206    0.130264    0.368010    2.856234    0.024809    0.001798    0.006574    9.657467    9.162281    1.610451    1.880474    1.905837    1.901484    0.998856    1.153826    2.049095
Iteration: 573 bestvalit: 148.245000 bestmemit:    0.007859    0.086107    0.086036    0.351169    0.249268    0.418824    0.328127    0.129325    0.103206    0.130264    0.368010    2.856234    0.024809    0.001798    0.006574    9.657467    9.162281    1.610451    1.880474    1.905837    1.901484    0.998856    1.153826    2.049095
Iteration: 574 bestvalit: 148.245000 bestmemit:    0.007859    0.086107    0.086036    0.351169    0.249268    0.418824    0.328127    0.129325    0.103206    0.130264    0.368010    2.856234    0.024809    0.001798    0.006574    9.657467    9.162281    1.610451    1.880474    1.905837    1.901484    0.998856    1.153826    2.049095
Iteration: 575 bestvalit: 148.245000 bestmemit:    0.007859    0.086107    0.086036    0.351169    0.249268    0.418824    0.328127    0.129325    0.103206    0.130264    0.368010    2.856234    0.024809    0.001798    0.006574    9.657467    9.162281    1.610451    1.880474    1.905837    1.901484    0.998856    1.153826    2.049095
Iteration: 576 bestvalit: 148.245000 bestmemit:    0.007859    0.086107    0.086036    0.351169    0.249268    0.418824    0.328127    0.129325    0.103206    0.130264    0.368010    2.856234    0.024809    0.001798    0.006574    9.657467    9.162281    1.610451    1.880474    1.905837    1.901484    0.998856    1.153826    2.049095
Iteration: 577 bestvalit: 148.245000 bestmemit:    0.007859    0.086107    0.086036    0.351169    0.249268    0.418824    0.328127    0.129325    0.103206    0.130264    0.368010    2.856234    0.024809    0.001798    0.006574    9.657467    9.162281    1.610451    1.880474    1.905837    1.901484    0.998856    1.153826    2.049095
Iteration: 578 bestvalit: 148.245000 bestmemit:    0.007859    0.086107    0.086036    0.351169    0.249268    0.418824    0.328127    0.129325    0.103206    0.130264    0.368010    2.856234    0.024809    0.001798    0.006574    9.657467    9.162281    1.610451    1.880474    1.905837    1.901484    0.998856    1.153826    2.049095
Iteration: 579 bestvalit: 148.245000 bestmemit:    0.007859    0.086107    0.086036    0.351169    0.249268    0.418824    0.328127    0.129325    0.103206    0.130264    0.368010    2.856234    0.024809    0.001798    0.006574    9.657467    9.162281    1.610451    1.880474    1.905837    1.901484    0.998856    1.153826    2.049095
Iteration: 580 bestvalit: 148.245000 bestmemit:    0.007859    0.086107    0.086036    0.351169    0.249268    0.418824    0.328127    0.129325    0.103206    0.130264    0.368010    2.856234    0.024809    0.001798    0.006574    9.657467    9.162281    1.610451    1.880474    1.905837    1.901484    0.998856    1.153826    2.049095
Iteration: 581 bestvalit: 148.245000 bestmemit:    0.007859    0.086107    0.086036    0.351169    0.249268    0.418824    0.328127    0.129325    0.103206    0.130264    0.368010    2.856234    0.024809    0.001798    0.006574    9.657467    9.162281    1.610451    1.880474    1.905837    1.901484    0.998856    1.153826    2.049095
Iteration: 582 bestvalit: 148.245000 bestmemit:    0.007859    0.086107    0.086036    0.351169    0.249268    0.418824    0.328127    0.129325    0.103206    0.130264    0.368010    2.856234    0.024809    0.001798    0.006574    9.657467    9.162281    1.610451    1.880474    1.905837    1.901484    0.998856    1.153826    2.049095
Iteration: 583 bestvalit: 148.245000 bestmemit:    0.007859    0.086107    0.086036    0.351169    0.249268    0.418824    0.328127    0.129325    0.103206    0.130264    0.368010    2.856234    0.024809    0.001798    0.006574    9.657467    9.162281    1.610451    1.880474    1.905837    1.901484    0.998856    1.153826    2.049095
Iteration: 584 bestvalit: 146.585000 bestmemit:    0.007859    0.086107    0.086036    0.351169    0.249268    0.418824    0.328127    0.129325    0.103206    0.130264    0.463847    2.856234    0.024809    0.001798    0.006574    9.657467    9.162281    1.610451    1.880474    1.905837    1.901484    0.998856    1.153826    2.049095
Iteration: 585 bestvalit: 146.585000 bestmemit:    0.007859    0.086107    0.086036    0.351169    0.249268    0.418824    0.328127    0.129325    0.103206    0.130264    0.463847    2.856234    0.024809    0.001798    0.006574    9.657467    9.162281    1.610451    1.880474    1.905837    1.901484    0.998856    1.153826    2.049095
Iteration: 586 bestvalit: 146.585000 bestmemit:    0.007859    0.086107    0.086036    0.351169    0.249268    0.418824    0.328127    0.129325    0.103206    0.130264    0.463847    2.856234    0.024809    0.001798    0.006574    9.657467    9.162281    1.610451    1.880474    1.905837    1.901484    0.998856    1.153826    2.049095
Iteration: 587 bestvalit: 146.585000 bestmemit:    0.007859    0.086107    0.086036    0.351169    0.249268    0.418824    0.328127    0.129325    0.103206    0.130264    0.463847    2.856234    0.024809    0.001798    0.006574    9.657467    9.162281    1.610451    1.880474    1.905837    1.901484    0.998856    1.153826    2.049095
Iteration: 588 bestvalit: 146.585000 bestmemit:    0.007859    0.086107    0.086036    0.351169    0.249268    0.418824    0.328127    0.129325    0.103206    0.130264    0.463847    2.856234    0.024809    0.001798    0.006574    9.657467    9.162281    1.610451    1.880474    1.905837    1.901484    0.998856    1.153826    2.049095
Iteration: 589 bestvalit: 146.585000 bestmemit:    0.007859    0.086107    0.086036    0.351169    0.249268    0.418824    0.328127    0.129325    0.103206    0.130264    0.463847    2.856234    0.024809    0.001798    0.006574    9.657467    9.162281    1.610451    1.880474    1.905837    1.901484    0.998856    1.153826    2.049095
Iteration: 590 bestvalit: 146.585000 bestmemit:    0.007859    0.086107    0.086036    0.351169    0.249268    0.418824    0.328127    0.129325    0.103206    0.130264    0.463847    2.856234    0.024809    0.001798    0.006574    9.657467    9.162281    1.610451    1.880474    1.905837    1.901484    0.998856    1.153826    2.049095
Iteration: 591 bestvalit: 146.585000 bestmemit:    0.007859    0.086107    0.086036    0.351169    0.249268    0.418824    0.328127    0.129325    0.103206    0.130264    0.463847    2.856234    0.024809    0.001798    0.006574    9.657467    9.162281    1.610451    1.880474    1.905837    1.901484    0.998856    1.153826    2.049095
Iteration: 592 bestvalit: 146.585000 bestmemit:    0.007859    0.086107    0.086036    0.351169    0.249268    0.418824    0.328127    0.129325    0.103206    0.130264    0.463847    2.856234    0.024809    0.001798    0.006574    9.657467    9.162281    1.610451    1.880474    1.905837    1.901484    0.998856    1.153826    2.049095
Iteration: 593 bestvalit: 146.585000 bestmemit:    0.007859    0.086107    0.086036    0.351169    0.249268    0.418824    0.328127    0.129325    0.103206    0.130264    0.463847    2.856234    0.024809    0.001798    0.006574    9.657467    9.162281    1.610451    1.880474    1.905837    1.901484    0.998856    1.153826    2.049095
Iteration: 594 bestvalit: 146.585000 bestmemit:    0.007859    0.086107    0.086036    0.351169    0.249268    0.418824    0.328127    0.129325    0.103206    0.130264    0.463847    2.856234    0.024809    0.001798    0.006574    9.657467    9.162281    1.610451    1.880474    1.905837    1.901484    0.998856    1.153826    2.049095
Iteration: 595 bestvalit: 146.585000 bestmemit:    0.007859    0.086107    0.086036    0.351169    0.249268    0.418824    0.328127    0.129325    0.103206    0.130264    0.463847    2.856234    0.024809    0.001798    0.006574    9.657467    9.162281    1.610451    1.880474    1.905837    1.901484    0.998856    1.153826    2.049095
Iteration: 596 bestvalit: 146.560000 bestmemit:    0.007859    0.086107    0.086036    0.351169    0.249268    0.418824    0.328127    0.129325    0.100663    0.130264    0.463847    2.856234    0.024809    0.001798    0.006574    9.657467    9.162281    1.610451    1.880474    1.905837    1.901484    0.998856    1.153826    2.049095
Iteration: 597 bestvalit: 146.560000 bestmemit:    0.007859    0.086107    0.086036    0.351169    0.249268    0.418824    0.328127    0.129325    0.100663    0.130264    0.463847    2.856234    0.024809    0.001798    0.006574    9.657467    9.162281    1.610451    1.880474    1.905837    1.901484    0.998856    1.153826    2.049095
Iteration: 598 bestvalit: 146.560000 bestmemit:    0.007859    0.086107    0.086036    0.351169    0.249268    0.418824    0.328127    0.129325    0.100663    0.130264    0.463847    2.856234    0.024809    0.001798    0.006574    9.657467    9.162281    1.610451    1.880474    1.905837    1.901484    0.998856    1.153826    2.049095
Iteration: 599 bestvalit: 146.560000 bestmemit:    0.007859    0.086107    0.086036    0.351169    0.249268    0.418824    0.328127    0.129325    0.100663    0.130264    0.463847    2.856234    0.024809    0.001798    0.006574    9.657467    9.162281    1.610451    1.880474    1.905837    1.901484    0.998856    1.153826    2.049095
Iteration: 600 bestvalit: 146.135000 bestmemit:    0.007859    0.086107    0.086036    0.351169    0.249268    0.418824    0.328127    0.129325    0.100663    0.130264    0.463847    2.856234    0.024809    0.001798    0.006574    9.657467    9.162281    1.610451    1.880474    1.905837    1.901484    0.998856    1.153826    2.023500
Iteration: 601 bestvalit: 146.135000 bestmemit:    0.007859    0.086107    0.086036    0.351169    0.249268    0.418824    0.328127    0.129325    0.100663    0.130264    0.463847    2.856234    0.024809    0.001798    0.006574    9.657467    9.162281    1.610451    1.880474    1.905837    1.901484    0.998856    1.153826    2.023500
Iteration: 602 bestvalit: 146.135000 bestmemit:    0.007859    0.086107    0.086036    0.351169    0.249268    0.418824    0.328127    0.129325    0.100663    0.130264    0.463847    2.856234    0.024809    0.001798    0.006574    9.657467    9.162281    1.610451    1.880474    1.905837    1.901484    0.998856    1.153826    2.023500
Iteration: 603 bestvalit: 146.135000 bestmemit:    0.007859    0.086107    0.086036    0.351169    0.249268    0.418824    0.328127    0.129325    0.100663    0.130264    0.463847    2.856234    0.024809    0.001798    0.006574    9.657467    9.162281    1.610451    1.880474    1.905837    1.901484    0.998856    1.153826    2.023500
Iteration: 604 bestvalit: 146.135000 bestmemit:    0.007859    0.086107    0.086036    0.351169    0.249268    0.418824    0.328127    0.129325    0.100663    0.130264    0.463847    2.856234    0.024809    0.001798    0.006574    9.657467    9.162281    1.610451    1.880474    1.905837    1.901484    0.998856    1.153826    2.023500
Iteration: 605 bestvalit: 146.135000 bestmemit:    0.007859    0.086107    0.086036    0.351169    0.249268    0.418824    0.328127    0.129325    0.100663    0.130264    0.463847    2.856234    0.024809    0.001798    0.006574    9.657467    9.162281    1.610451    1.880474    1.905837    1.901484    0.998856    1.153826    2.023500
Iteration: 606 bestvalit: 145.890000 bestmemit:    0.007859    0.086107    0.086036    0.351169    0.249268    0.418824    0.328127    0.129325    0.100663    0.130264    0.463847    2.856234    0.024809    0.001798    0.006574    9.906983    9.162281    1.610451    1.880474    1.905837    1.901484    0.998856    1.153826    2.023500
Iteration: 607 bestvalit: 145.890000 bestmemit:    0.007859    0.086107    0.086036    0.351169    0.249268    0.418824    0.328127    0.129325    0.100663    0.130264    0.463847    2.856234    0.024809    0.001798    0.006574    9.906983    9.162281    1.610451    1.880474    1.905837    1.901484    0.998856    1.153826    2.023500
Iteration: 608 bestvalit: 145.890000 bestmemit:    0.007859    0.086107    0.086036    0.351169    0.249268    0.418824    0.328127    0.129325    0.100663    0.130264    0.463847    2.856234    0.024809    0.001798    0.006574    9.906983    9.162281    1.610451    1.880474    1.905837    1.901484    0.998856    1.153826    2.023500
Iteration: 609 bestvalit: 145.890000 bestmemit:    0.007859    0.086107    0.086036    0.351169    0.249268    0.418824    0.328127    0.129325    0.100663    0.130264    0.463847    2.856234    0.024809    0.001798    0.006574    9.906983    9.162281    1.610451    1.880474    1.905837    1.901484    0.998856    1.153826    2.023500
Iteration: 610 bestvalit: 145.890000 bestmemit:    0.007859    0.086107    0.086036    0.351169    0.249268    0.418824    0.328127    0.129325    0.100663    0.130264    0.463847    2.856234    0.024809    0.001798    0.006574    9.906983    9.162281    1.610451    1.880474    1.905837    1.901484    0.998856    1.153826    2.023500
Iteration: 611 bestvalit: 145.890000 bestmemit:    0.007859    0.086107    0.086036    0.351169    0.249268    0.418824    0.328127    0.129325    0.100663    0.130264    0.463847    2.856234    0.024809    0.001798    0.006574    9.906983    9.162281    1.610451    1.880474    1.905837    1.901484    0.998856    1.153826    2.023500
Iteration: 612 bestvalit: 145.890000 bestmemit:    0.007859    0.086107    0.086036    0.351169    0.249268    0.418824    0.328127    0.129325    0.100663    0.130264    0.463847    2.856234    0.024809    0.001798    0.006574    9.906983    9.162281    1.610451    1.880474    1.905837    1.901484    0.998856    1.153826    2.023500
Iteration: 613 bestvalit: 145.890000 bestmemit:    0.007859    0.086107    0.086036    0.351169    0.249268    0.418824    0.328127    0.129325    0.100663    0.130264    0.463847    2.856234    0.024809    0.001798    0.006574    9.906983    9.162281    1.610451    1.880474    1.905837    1.901484    0.998856    1.153826    2.023500
Iteration: 614 bestvalit: 145.890000 bestmemit:    0.007859    0.086107    0.086036    0.351169    0.249268    0.418824    0.328127    0.129325    0.100663    0.130264    0.463847    2.856234    0.024809    0.001798    0.006574    9.906983    9.162281    1.610451    1.880474    1.905837    1.901484    0.998856    1.153826    2.023500
Iteration: 615 bestvalit: 145.890000 bestmemit:    0.007859    0.086107    0.086036    0.351169    0.249268    0.418824    0.328127    0.129325    0.100663    0.130264    0.463847    2.856234    0.024809    0.001798    0.006574    9.906983    9.162281    1.610451    1.880474    1.905837    1.901484    0.998856    1.153826    2.023500
Iteration: 616 bestvalit: 145.890000 bestmemit:    0.007859    0.086107    0.086036    0.351169    0.249268    0.418824    0.328127    0.129325    0.100663    0.130264    0.463847    2.856234    0.024809    0.001798    0.006574    9.906983    9.162281    1.610451    1.880474    1.905837    1.901484    0.998856    1.153826    2.023500
Iteration: 617 bestvalit: 145.890000 bestmemit:    0.007859    0.086107    0.086036    0.351169    0.249268    0.418824    0.328127    0.129325    0.100663    0.130264    0.463847    2.856234    0.024809    0.001798    0.006574    9.906983    9.162281    1.610451    1.880474    1.905837    1.901484    0.998856    1.153826    2.023500
Iteration: 618 bestvalit: 145.890000 bestmemit:    0.007859    0.086107    0.086036    0.351169    0.249268    0.418824    0.328127    0.129325    0.100663    0.130264    0.463847    2.856234    0.024809    0.001798    0.006574    9.906983    9.162281    1.610451    1.880474    1.905837    1.901484    0.998856    1.153826    2.023500
Iteration: 619 bestvalit: 145.890000 bestmemit:    0.007859    0.086107    0.086036    0.351169    0.249268    0.418824    0.328127    0.129325    0.100663    0.130264    0.463847    2.856234    0.024809    0.001798    0.006574    9.906983    9.162281    1.610451    1.880474    1.905837    1.901484    0.998856    1.153826    2.023500
Iteration: 620 bestvalit: 145.890000 bestmemit:    0.007859    0.086107    0.086036    0.351169    0.249268    0.418824    0.328127    0.129325    0.100663    0.130264    0.463847    2.856234    0.024809    0.001798    0.006574    9.906983    9.162281    1.610451    1.880474    1.905837    1.901484    0.998856    1.153826    2.023500
Iteration: 621 bestvalit: 145.890000 bestmemit:    0.007859    0.086107    0.086036    0.351169    0.249268    0.418824    0.328127    0.129325    0.100663    0.130264    0.463847    2.856234    0.024809    0.001798    0.006574    9.906983    9.162281    1.610451    1.880474    1.905837    1.901484    0.998856    1.153826    2.023500
Iteration: 622 bestvalit: 145.890000 bestmemit:    0.007859    0.086107    0.086036    0.351169    0.249268    0.418824    0.328127    0.129325    0.100663    0.130264    0.463847    2.856234    0.024809    0.001798    0.006574    9.906983    9.162281    1.610451    1.880474    1.905837    1.901484    0.998856    1.153826    2.023500
Iteration: 623 bestvalit: 145.890000 bestmemit:    0.007859    0.086107    0.086036    0.351169    0.249268    0.418824    0.328127    0.129325    0.100663    0.130264    0.463847    2.856234    0.024809    0.001798    0.006574    9.906983    9.162281    1.610451    1.880474    1.905837    1.901484    0.998856    1.153826    2.023500
Iteration: 624 bestvalit: 145.890000 bestmemit:    0.007859    0.086107    0.086036    0.351169    0.249268    0.418824    0.328127    0.129325    0.100663    0.130264    0.463847    2.856234    0.024809    0.001798    0.006574    9.906983    9.162281    1.610451    1.880474    1.905837    1.901484    0.998856    1.153826    2.023500
Iteration: 625 bestvalit: 145.890000 bestmemit:    0.007859    0.086107    0.086036    0.351169    0.249268    0.418824    0.328127    0.129325    0.100663    0.130264    0.463847    2.856234    0.024809    0.001798    0.006574    9.906983    9.162281    1.610451    1.880474    1.905837    1.901484    0.998856    1.153826    2.023500
Iteration: 626 bestvalit: 145.890000 bestmemit:    0.007859    0.086107    0.086036    0.351169    0.249268    0.418824    0.328127    0.129325    0.100663    0.130264    0.463847    2.856234    0.024809    0.001798    0.006574    9.906983    9.162281    1.610451    1.880474    1.905837    1.901484    0.998856    1.153826    2.023500
Iteration: 627 bestvalit: 145.890000 bestmemit:    0.007859    0.086107    0.086036    0.351169    0.249268    0.418824    0.328127    0.129325    0.100663    0.130264    0.463847    2.856234    0.024809    0.001798    0.006574    9.906983    9.162281    1.610451    1.880474    1.905837    1.901484    0.998856    1.153826    2.023500
Iteration: 628 bestvalit: 145.890000 bestmemit:    0.007859    0.086107    0.086036    0.351169    0.249268    0.418824    0.328127    0.129325    0.100663    0.130264    0.463847    2.856234    0.024809    0.001798    0.006574    9.906983    9.162281    1.610451    1.880474    1.905837    1.901484    0.998856    1.153826    2.023500
Iteration: 629 bestvalit: 145.890000 bestmemit:    0.007859    0.086107    0.086036    0.351169    0.249268    0.418824    0.328127    0.129325    0.100663    0.130264    0.463847    2.856234    0.024809    0.001798    0.006574    9.906983    9.162281    1.610451    1.880474    1.905837    1.901484    0.998856    1.153826    2.023500
Iteration: 630 bestvalit: 145.890000 bestmemit:    0.007859    0.086107    0.086036    0.351169    0.249268    0.418824    0.328127    0.129325    0.100663    0.130264    0.463847    2.856234    0.024809    0.001798    0.006574    9.906983    9.162281    1.610451    1.880474    1.905837    1.901484    0.998856    1.153826    2.023500
Iteration: 631 bestvalit: 145.890000 bestmemit:    0.007859    0.086107    0.086036    0.351169    0.249268    0.418824    0.328127    0.129325    0.100663    0.130264    0.463847    2.856234    0.024809    0.001798    0.006574    9.906983    9.162281    1.610451    1.880474    1.905837    1.901484    0.998856    1.153826    2.023500
Iteration: 632 bestvalit: 145.890000 bestmemit:    0.007859    0.086107    0.086036    0.351169    0.249268    0.418824    0.328127    0.129325    0.100663    0.130264    0.463847    2.856234    0.024809    0.001798    0.006574    9.906983    9.162281    1.610451    1.880474    1.905837    1.901484    0.998856    1.153826    2.023500
Iteration: 633 bestvalit: 145.890000 bestmemit:    0.007859    0.086107    0.086036    0.351169    0.249268    0.418824    0.328127    0.129325    0.100663    0.130264    0.463847    2.856234    0.024809    0.001798    0.006574    9.906983    9.162281    1.610451    1.880474    1.905837    1.901484    0.998856    1.153826    2.023500
Iteration: 634 bestvalit: 145.890000 bestmemit:    0.007859    0.086107    0.086036    0.351169    0.249268    0.418824    0.328127    0.129325    0.100663    0.130264    0.463847    2.856234    0.024809    0.001798    0.006574    9.906983    9.162281    1.610451    1.880474    1.905837    1.901484    0.998856    1.153826    2.023500
Iteration: 635 bestvalit: 145.890000 bestmemit:    0.007859    0.086107    0.086036    0.351169    0.249268    0.418824    0.328127    0.129325    0.100663    0.130264    0.463847    2.856234    0.024809    0.001798    0.006574    9.906983    9.162281    1.610451    1.880474    1.905837    1.901484    0.998856    1.153826    2.023500
Iteration: 636 bestvalit: 145.890000 bestmemit:    0.007859    0.086107    0.086036    0.351169    0.249268    0.418824    0.328127    0.129325    0.100663    0.130264    0.463847    2.856234    0.024809    0.001798    0.006574    9.906983    9.162281    1.610451    1.880474    1.905837    1.901484    0.998856    1.153826    2.023500
Iteration: 637 bestvalit: 145.890000 bestmemit:    0.007859    0.086107    0.086036    0.351169    0.249268    0.418824    0.328127    0.129325    0.100663    0.130264    0.463847    2.856234    0.024809    0.001798    0.006574    9.906983    9.162281    1.610451    1.880474    1.905837    1.901484    0.998856    1.153826    2.023500
Iteration: 638 bestvalit: 145.890000 bestmemit:    0.007859    0.086107    0.086036    0.351169    0.249268    0.418824    0.328127    0.129325    0.100663    0.130264    0.463847    2.856234    0.024809    0.001798    0.006574    9.906983    9.162281    1.610451    1.880474    1.905837    1.901484    0.998856    1.153826    2.023500
Iteration: 639 bestvalit: 145.815000 bestmemit:    0.007859    0.086107    0.086036    0.351169    0.249268    0.418824    0.328127    0.129325    0.100663    0.130264    0.463847    2.856234    0.024809    0.001798    0.006574    9.906983    9.727121    1.610451    1.880474    1.905837    1.901484    0.998856    1.153826    2.023500
Iteration: 640 bestvalit: 145.815000 bestmemit:    0.007859    0.086107    0.086036    0.351169    0.249268    0.418824    0.328127    0.129325    0.100663    0.130264    0.463847    2.856234    0.024809    0.001798    0.006574    9.906983    9.727121    1.610451    1.880474    1.905837    1.901484    0.998856    1.153826    2.023500
Iteration: 641 bestvalit: 145.815000 bestmemit:    0.007859    0.086107    0.086036    0.351169    0.249268    0.418824    0.328127    0.129325    0.100663    0.130264    0.463847    2.856234    0.024809    0.001798    0.006574    9.906983    9.727121    1.610451    1.880474    1.905837    1.901484    0.998856    1.153826    2.023500
Iteration: 642 bestvalit: 145.815000 bestmemit:    0.007859    0.086107    0.086036    0.351169    0.249268    0.418824    0.328127    0.129325    0.100663    0.130264    0.463847    2.856234    0.024809    0.001798    0.006574    9.906983    9.727121    1.610451    1.880474    1.905837    1.901484    0.998856    1.153826    2.023500
Iteration: 643 bestvalit: 145.815000 bestmemit:    0.007859    0.086107    0.086036    0.351169    0.249268    0.418824    0.328127    0.129325    0.100663    0.130264    0.463847    2.856234    0.024809    0.001798    0.006574    9.906983    9.727121    1.610451    1.880474    1.905837    1.901484    0.998856    1.153826    2.023500
Iteration: 644 bestvalit: 145.815000 bestmemit:    0.007859    0.086107    0.086036    0.351169    0.249268    0.418824    0.328127    0.129325    0.100663    0.130264    0.463847    2.856234    0.024809    0.001798    0.006574    9.906983    9.727121    1.610451    1.880474    1.905837    1.901484    0.998856    1.153826    2.023500
Iteration: 645 bestvalit: 145.815000 bestmemit:    0.007859    0.086107    0.086036    0.351169    0.249268    0.418824    0.328127    0.129325    0.100663    0.130264    0.463847    2.856234    0.024809    0.001798    0.006574    9.906983    9.727121    1.610451    1.880474    1.905837    1.901484    0.998856    1.153826    2.023500
Iteration: 646 bestvalit: 145.815000 bestmemit:    0.007859    0.086107    0.086036    0.351169    0.249268    0.418824    0.328127    0.129325    0.100663    0.130264    0.463847    2.856234    0.024809    0.001798    0.006574    9.906983    9.727121    1.610451    1.880474    1.905837    1.901484    0.998856    1.153826    2.023500
Iteration: 647 bestvalit: 145.815000 bestmemit:    0.007859    0.086107    0.086036    0.351169    0.249268    0.418824    0.328127    0.129325    0.100663    0.130264    0.463847    2.856234    0.024809    0.001798    0.006574    9.906983    9.727121    1.610451    1.880474    1.905837    1.901484    0.998856    1.153826    2.023500
Iteration: 648 bestvalit: 145.815000 bestmemit:    0.007859    0.086107    0.086036    0.351169    0.249268    0.418824    0.328127    0.129325    0.100663    0.130264    0.463847    2.856234    0.024809    0.001798    0.006574    9.906983    9.727121    1.610451    1.880474    1.905837    1.901484    0.998856    1.153826    2.023500
Iteration: 649 bestvalit: 145.815000 bestmemit:    0.007859    0.086107    0.086036    0.351169    0.249268    0.418824    0.328127    0.129325    0.100663    0.130264    0.463847    2.856234    0.024809    0.001798    0.006574    9.906983    9.727121    1.610451    1.880474    1.905837    1.901484    0.998856    1.153826    2.023500
Iteration: 650 bestvalit: 145.815000 bestmemit:    0.007859    0.086107    0.086036    0.351169    0.249268    0.418824    0.328127    0.129325    0.100663    0.130264    0.463847    2.856234    0.024809    0.001798    0.006574    9.906983    9.727121    1.610451    1.880474    1.905837    1.901484    0.998856    1.153826    2.023500
Iteration: 651 bestvalit: 145.815000 bestmemit:    0.007859    0.086107    0.086036    0.351169    0.249268    0.418824    0.328127    0.129325    0.100663    0.130264    0.463847    2.856234    0.024809    0.001798    0.006574    9.906983    9.727121    1.610451    1.880474    1.905837    1.901484    0.998856    1.153826    2.023500
Iteration: 652 bestvalit: 145.780000 bestmemit:    0.007859    0.086107    0.086036    0.351169    0.249268    0.418824    0.328127    0.129325    0.100663    0.130264    0.463847    2.856234    0.024809    0.001798    0.006574    9.906983    9.844728    1.610451    1.880474    1.905837    1.901484    0.998856    1.153826    2.023500
Iteration: 653 bestvalit: 145.655000 bestmemit:    0.007859    0.086107    0.086036    0.351169    0.249268    0.418824    0.328127    0.129325    0.100663    0.130264    0.463847    2.856234    0.024809    0.001798    0.006574    9.906983    9.844728    1.610451    1.880474    1.905837    1.884840    0.999296    1.153826    2.023500
Iteration: 654 bestvalit: 145.655000 bestmemit:    0.007859    0.086107    0.086036    0.351169    0.249268    0.418824    0.328127    0.129325    0.100663    0.130264    0.463847    2.856234    0.024809    0.001798    0.006574    9.906983    9.844728    1.610451    1.880474    1.905837    1.884840    0.999296    1.153826    2.023500
Iteration: 655 bestvalit: 145.655000 bestmemit:    0.007859    0.086107    0.086036    0.351169    0.249268    0.418824    0.328127    0.129325    0.100663    0.130264    0.463847    2.856234    0.024809    0.001798    0.006574    9.906983    9.844728    1.610451    1.880474    1.905837    1.884840    0.999296    1.153826    2.023500
Iteration: 656 bestvalit: 145.655000 bestmemit:    0.007859    0.086107    0.086036    0.351169    0.249268    0.418824    0.328127    0.129325    0.100663    0.130264    0.463847    2.856234    0.024809    0.001798    0.006574    9.906983    9.844728    1.610451    1.880474    1.905837    1.884840    0.999296    1.153826    2.023500
Iteration: 657 bestvalit: 145.655000 bestmemit:    0.007859    0.086107    0.086036    0.351169    0.249268    0.418824    0.328127    0.129325    0.100663    0.130264    0.463847    2.856234    0.024809    0.001798    0.006574    9.906983    9.844728    1.610451    1.880474    1.905837    1.884840    0.999296    1.153826    2.023500
Iteration: 658 bestvalit: 145.655000 bestmemit:    0.007859    0.086107    0.086036    0.351169    0.249268    0.418824    0.328127    0.129325    0.100663    0.130264    0.463847    2.856234    0.024809    0.001798    0.006574    9.906983    9.844728    1.610451    1.880474    1.905837    1.884840    0.999296    1.153826    2.023500
Iteration: 659 bestvalit: 145.225000 bestmemit:    0.007859    0.086107    0.086036    0.351169    0.249268    0.418824    0.328127    0.129325    0.100663    0.130264    0.463847    2.856234    0.024809    0.001798    0.006574    9.906983    9.844728    1.550728    1.880474    1.905837    1.884840    0.999296    1.153826    2.023500
Iteration: 660 bestvalit: 145.225000 bestmemit:    0.007859    0.086107    0.086036    0.351169    0.249268    0.418824    0.328127    0.129325    0.100663    0.130264    0.463847    2.856234    0.024809    0.001798    0.006574    9.906983    9.844728    1.550728    1.880474    1.905837    1.884840    0.999296    1.153826    2.023500
Iteration: 661 bestvalit: 145.225000 bestmemit:    0.007859    0.086107    0.086036    0.351169    0.249268    0.418824    0.328127    0.129325    0.100663    0.130264    0.463847    2.856234    0.024809    0.001798    0.006574    9.906983    9.844728    1.550728    1.880474    1.905837    1.884840    0.999296    1.153826    2.023500
Iteration: 662 bestvalit: 145.225000 bestmemit:    0.007859    0.086107    0.086036    0.351169    0.249268    0.418824    0.328127    0.129325    0.100663    0.130264    0.463847    2.856234    0.024809    0.001798    0.006574    9.906983    9.844728    1.550728    1.880474    1.905837    1.884840    0.999296    1.153826    2.023500
Iteration: 663 bestvalit: 145.225000 bestmemit:    0.007859    0.086107    0.086036    0.351169    0.249268    0.418824    0.328127    0.129325    0.100663    0.130264    0.463847    2.856234    0.024809    0.001798    0.006574    9.906983    9.844728    1.550728    1.880474    1.905837    1.884840    0.999296    1.153826    2.023500
Iteration: 664 bestvalit: 145.225000 bestmemit:    0.007859    0.086107    0.086036    0.351169    0.249268    0.418824    0.328127    0.129325    0.100663    0.130264    0.463847    2.856234    0.024809    0.001798    0.006574    9.906983    9.844728    1.550728    1.880474    1.905837    1.884840    0.999296    1.153826    2.023500
Iteration: 665 bestvalit: 145.225000 bestmemit:    0.007859    0.086107    0.086036    0.351169    0.249268    0.418824    0.328127    0.129325    0.100663    0.130264    0.463847    2.856234    0.024809    0.001798    0.006574    9.906983    9.844728    1.550728    1.880474    1.905837    1.884840    0.999296    1.153826    2.023500
Iteration: 666 bestvalit: 145.225000 bestmemit:    0.007859    0.086107    0.086036    0.351169    0.249268    0.418824    0.328127    0.129325    0.100663    0.130264    0.463847    2.856234    0.024809    0.001798    0.006574    9.906983    9.844728    1.550728    1.880474    1.905837    1.884840    0.999296    1.153826    2.023500
Iteration: 667 bestvalit: 145.225000 bestmemit:    0.007859    0.086107    0.086036    0.351169    0.249268    0.418824    0.328127    0.129325    0.100663    0.130264    0.463847    2.856234    0.024809    0.001798    0.006574    9.906983    9.844728    1.550728    1.880474    1.905837    1.884840    0.999296    1.153826    2.023500
Iteration: 668 bestvalit: 145.225000 bestmemit:    0.007859    0.086107    0.086036    0.351169    0.249268    0.418824    0.328127    0.129325    0.100663    0.130264    0.463847    2.856234    0.024809    0.001798    0.006574    9.906983    9.844728    1.550728    1.880474    1.905837    1.884840    0.999296    1.153826    2.023500
Iteration: 669 bestvalit: 145.225000 bestmemit:    0.007859    0.086107    0.086036    0.351169    0.249268    0.418824    0.328127    0.129325    0.100663    0.130264    0.463847    2.856234    0.024809    0.001798    0.006574    9.906983    9.844728    1.550728    1.880474    1.905837    1.884840    0.999296    1.153826    2.023500
Iteration: 670 bestvalit: 145.225000 bestmemit:    0.007859    0.086107    0.086036    0.351169    0.249268    0.418824    0.328127    0.129325    0.100663    0.130264    0.463847    2.856234    0.024809    0.001798    0.006574    9.906983    9.844728    1.550728    1.880474    1.905837    1.884840    0.999296    1.153826    2.023500
Iteration: 671 bestvalit: 145.225000 bestmemit:    0.007859    0.086107    0.086036    0.351169    0.249268    0.418824    0.328127    0.129325    0.100663    0.130264    0.463847    2.856234    0.024809    0.001798    0.006574    9.906983    9.844728    1.550728    1.880474    1.905837    1.884840    0.999296    1.153826    2.023500
Iteration: 672 bestvalit: 145.225000 bestmemit:    0.007859    0.086107    0.086036    0.351169    0.249268    0.418824    0.328127    0.129325    0.100663    0.130264    0.463847    2.856234    0.024809    0.001798    0.006574    9.906983    9.844728    1.550728    1.880474    1.905837    1.884840    0.999296    1.153826    2.023500
Iteration: 673 bestvalit: 145.225000 bestmemit:    0.007859    0.086107    0.086036    0.351169    0.249268    0.418824    0.328127    0.129325    0.100663    0.130264    0.463847    2.856234    0.024809    0.001798    0.006574    9.906983    9.844728    1.550728    1.880474    1.905837    1.884840    0.999296    1.153826    2.023500
Iteration: 674 bestvalit: 145.225000 bestmemit:    0.007859    0.086107    0.086036    0.351169    0.249268    0.418824    0.328127    0.129325    0.100663    0.130264    0.463847    2.856234    0.024809    0.001798    0.006574    9.906983    9.844728    1.550728    1.880474    1.905837    1.884840    0.999296    1.153826    2.023500
Iteration: 675 bestvalit: 145.225000 bestmemit:    0.007859    0.086107    0.086036    0.351169    0.249268    0.418824    0.328127    0.129325    0.100663    0.130264    0.463847    2.856234    0.024809    0.001798    0.006574    9.906983    9.844728    1.550728    1.880474    1.905837    1.884840    0.999296    1.153826    2.023500
Iteration: 676 bestvalit: 145.225000 bestmemit:    0.007859    0.086107    0.086036    0.351169    0.249268    0.418824    0.328127    0.129325    0.100663    0.130264    0.463847    2.856234    0.024809    0.001798    0.006574    9.906983    9.844728    1.550728    1.880474    1.905837    1.884840    0.999296    1.153826    2.023500
Iteration: 677 bestvalit: 145.225000 bestmemit:    0.007859    0.086107    0.086036    0.351169    0.249268    0.418824    0.328127    0.129325    0.100663    0.130264    0.463847    2.856234    0.024809    0.001798    0.006574    9.906983    9.844728    1.550728    1.880474    1.905837    1.884840    0.999296    1.153826    2.023500
Iteration: 678 bestvalit: 145.225000 bestmemit:    0.007859    0.086107    0.086036    0.351169    0.249268    0.418824    0.328127    0.129325    0.100663    0.130264    0.463847    2.856234    0.024809    0.001798    0.006574    9.906983    9.844728    1.550728    1.880474    1.905837    1.884840    0.999296    1.153826    2.023500
Iteration: 679 bestvalit: 145.225000 bestmemit:    0.007859    0.086107    0.086036    0.351169    0.249268    0.418824    0.328127    0.129325    0.100663    0.130264    0.463847    2.856234    0.024809    0.001798    0.006574    9.906983    9.844728    1.550728    1.880474    1.905837    1.884840    0.999296    1.153826    2.023500
Iteration: 680 bestvalit: 145.225000 bestmemit:    0.007859    0.086107    0.086036    0.351169    0.249268    0.418824    0.328127    0.129325    0.100663    0.130264    0.463847    2.856234    0.024809    0.001798    0.006574    9.906983    9.844728    1.550728    1.880474    1.905837    1.884840    0.999296    1.153826    2.023500
Iteration: 681 bestvalit: 145.225000 bestmemit:    0.007859    0.086107    0.086036    0.351169    0.249268    0.418824    0.328127    0.129325    0.100663    0.130264    0.463847    2.856234    0.024809    0.001798    0.006574    9.906983    9.844728    1.550728    1.880474    1.905837    1.884840    0.999296    1.153826    2.023500
Iteration: 682 bestvalit: 145.225000 bestmemit:    0.007859    0.086107    0.086036    0.351169    0.249268    0.418824    0.328127    0.129325    0.100663    0.130264    0.463847    2.856234    0.024809    0.001798    0.006574    9.906983    9.844728    1.550728    1.880474    1.905837    1.884840    0.999296    1.153826    2.023500
Iteration: 683 bestvalit: 145.225000 bestmemit:    0.007859    0.086107    0.086036    0.351169    0.249268    0.418824    0.328127    0.129325    0.100663    0.130264    0.463847    2.856234    0.024809    0.001798    0.006574    9.906983    9.844728    1.550728    1.880474    1.905837    1.884840    0.999296    1.153826    2.023500
Iteration: 684 bestvalit: 145.225000 bestmemit:    0.007859    0.086107    0.086036    0.351169    0.249268    0.418824    0.328127    0.129325    0.100663    0.130264    0.463847    2.856234    0.024809    0.001798    0.006574    9.906983    9.844728    1.550728    1.880474    1.905837    1.884840    0.999296    1.153826    2.023500
Iteration: 685 bestvalit: 145.225000 bestmemit:    0.007859    0.086107    0.086036    0.351169    0.249268    0.418824    0.328127    0.129325    0.100663    0.130264    0.463847    2.856234    0.024809    0.001798    0.006574    9.906983    9.844728    1.550728    1.880474    1.905837    1.884840    0.999296    1.153826    2.023500
Iteration: 686 bestvalit: 145.225000 bestmemit:    0.007859    0.086107    0.086036    0.351169    0.249268    0.418824    0.328127    0.129325    0.100663    0.130264    0.463847    2.856234    0.024809    0.001798    0.006574    9.906983    9.844728    1.550728    1.880474    1.905837    1.884840    0.999296    1.153826    2.023500
Iteration: 687 bestvalit: 145.225000 bestmemit:    0.007859    0.086107    0.086036    0.351169    0.249268    0.418824    0.328127    0.129325    0.100663    0.130264    0.463847    2.856234    0.024809    0.001798    0.006574    9.906983    9.844728    1.550728    1.880474    1.905837    1.884840    0.999296    1.153826    2.023500
Iteration: 688 bestvalit: 145.225000 bestmemit:    0.007859    0.086107    0.086036    0.351169    0.249268    0.418824    0.328127    0.129325    0.100663    0.130264    0.463847    2.856234    0.024809    0.001798    0.006574    9.906983    9.844728    1.550728    1.880474    1.905837    1.884840    0.999296    1.153826    2.023500
Iteration: 689 bestvalit: 145.225000 bestmemit:    0.007859    0.086107    0.086036    0.351169    0.249268    0.418824    0.328127    0.129325    0.100663    0.130264    0.463847    2.856234    0.024809    0.001798    0.006574    9.906983    9.844728    1.550728    1.880474    1.905837    1.884840    0.999296    1.153826    2.023500
Iteration: 690 bestvalit: 145.225000 bestmemit:    0.007859    0.086107    0.086036    0.351169    0.249268    0.418824    0.328127    0.129325    0.100663    0.130264    0.463847    2.856234    0.024809    0.001798    0.006574    9.906983    9.844728    1.550728    1.880474    1.905837    1.884840    0.999296    1.153826    2.023500
Iteration: 691 bestvalit: 145.225000 bestmemit:    0.007859    0.086107    0.086036    0.351169    0.249268    0.418824    0.328127    0.129325    0.100663    0.130264    0.463847    2.856234    0.024809    0.001798    0.006574    9.906983    9.844728    1.550728    1.880474    1.905837    1.884840    0.999296    1.153826    2.023500
Iteration: 692 bestvalit: 145.225000 bestmemit:    0.007859    0.086107    0.086036    0.351169    0.249268    0.418824    0.328127    0.129325    0.100663    0.130264    0.463847    2.856234    0.024809    0.001798    0.006574    9.906983    9.844728    1.550728    1.880474    1.905837    1.884840    0.999296    1.153826    2.023500
Iteration: 693 bestvalit: 145.225000 bestmemit:    0.007859    0.086107    0.086036    0.351169    0.249268    0.418824    0.328127    0.129325    0.100663    0.130264    0.463847    2.856234    0.024809    0.001798    0.006574    9.906983    9.844728    1.550728    1.880474    1.905837    1.884840    0.999296    1.153826    2.023500
Iteration: 694 bestvalit: 145.225000 bestmemit:    0.007859    0.086107    0.086036    0.351169    0.249268    0.418824    0.328127    0.129325    0.100663    0.130264    0.463847    2.856234    0.024809    0.001798    0.006574    9.906983    9.844728    1.550728    1.880474    1.905837    1.884840    0.999296    1.153826    2.023500
Iteration: 695 bestvalit: 145.225000 bestmemit:    0.007859    0.086107    0.086036    0.351169    0.249268    0.418824    0.328127    0.129325    0.100663    0.130264    0.463847    2.856234    0.024809    0.001798    0.006574    9.906983    9.844728    1.550728    1.880474    1.905837    1.884840    0.999296    1.153826    2.023500
Iteration: 696 bestvalit: 145.225000 bestmemit:    0.007859    0.086107    0.086036    0.351169    0.249268    0.418824    0.328127    0.129325    0.100663    0.130264    0.463847    2.856234    0.024809    0.001798    0.006574    9.906983    9.844728    1.550728    1.880474    1.905837    1.884840    0.999296    1.153826    2.023500
Iteration: 697 bestvalit: 145.225000 bestmemit:    0.007859    0.086107    0.086036    0.351169    0.249268    0.418824    0.328127    0.129325    0.100663    0.130264    0.463847    2.856234    0.024809    0.001798    0.006574    9.906983    9.844728    1.550728    1.880474    1.905837    1.884840    0.999296    1.153826    2.023500
Iteration: 698 bestvalit: 145.225000 bestmemit:    0.007859    0.086107    0.086036    0.351169    0.249268    0.418824    0.328127    0.129325    0.100663    0.130264    0.463847    2.856234    0.024809    0.001798    0.006574    9.906983    9.844728    1.550728    1.880474    1.905837    1.884840    0.999296    1.153826    2.023500
Iteration: 699 bestvalit: 145.225000 bestmemit:    0.007859    0.086107    0.086036    0.351169    0.249268    0.418824    0.328127    0.129325    0.100663    0.130264    0.463847    2.856234    0.024809    0.001798    0.006574    9.906983    9.844728    1.550728    1.880474    1.905837    1.884840    0.999296    1.153826    2.023500
Iteration: 700 bestvalit: 145.225000 bestmemit:    0.007859    0.086107    0.086036    0.351169    0.249268    0.418824    0.328127    0.129325    0.100663    0.130264    0.463847    2.856234    0.024809    0.001798    0.006574    9.906983    9.844728    1.550728    1.880474    1.905837    1.884840    0.999296    1.153826    2.023500
Iteration: 701 bestvalit: 145.225000 bestmemit:    0.007859    0.086107    0.086036    0.351169    0.249268    0.418824    0.328127    0.129325    0.100663    0.130264    0.463847    2.856234    0.024809    0.001798    0.006574    9.906983    9.844728    1.550728    1.880474    1.905837    1.884840    0.999296    1.153826    2.023500
Iteration: 702 bestvalit: 145.225000 bestmemit:    0.007859    0.086107    0.086036    0.351169    0.249268    0.418824    0.328127    0.129325    0.100663    0.130264    0.463847    2.856234    0.024809    0.001798    0.006574    9.906983    9.844728    1.550728    1.880474    1.905837    1.884840    0.999296    1.153826    2.023500
Iteration: 703 bestvalit: 145.225000 bestmemit:    0.007859    0.086107    0.086036    0.351169    0.249268    0.418824    0.328127    0.129325    0.100663    0.130264    0.463847    2.856234    0.024809    0.001798    0.006574    9.906983    9.844728    1.550728    1.880474    1.905837    1.884840    0.999296    1.153826    2.023500
Iteration: 704 bestvalit: 145.225000 bestmemit:    0.007859    0.086107    0.086036    0.351169    0.249268    0.418824    0.328127    0.129325    0.100663    0.130264    0.463847    2.856234    0.024809    0.001798    0.006574    9.906983    9.844728    1.550728    1.880474    1.905837    1.884840    0.999296    1.153826    2.023500
Iteration: 705 bestvalit: 145.225000 bestmemit:    0.007859    0.086107    0.086036    0.351169    0.249268    0.418824    0.328127    0.129325    0.100663    0.130264    0.463847    2.856234    0.024809    0.001798    0.006574    9.906983    9.844728    1.550728    1.880474    1.905837    1.884840    0.999296    1.153826    2.023500
Iteration: 706 bestvalit: 145.225000 bestmemit:    0.007859    0.086107    0.086036    0.351169    0.249268    0.418824    0.328127    0.129325    0.100663    0.130264    0.463847    2.856234    0.024809    0.001798    0.006574    9.906983    9.844728    1.550728    1.880474    1.905837    1.884840    0.999296    1.153826    2.023500
Iteration: 707 bestvalit: 145.225000 bestmemit:    0.007859    0.086107    0.086036    0.351169    0.249268    0.418824    0.328127    0.129325    0.100663    0.130264    0.463847    2.856234    0.024809    0.001798    0.006574    9.906983    9.844728    1.550728    1.880474    1.905837    1.884840    0.999296    1.153826    2.023500
Iteration: 708 bestvalit: 145.225000 bestmemit:    0.007859    0.086107    0.086036    0.351169    0.249268    0.418824    0.328127    0.129325    0.100663    0.130264    0.463847    2.856234    0.024809    0.001798    0.006574    9.906983    9.844728    1.550728    1.880474    1.905837    1.884840    0.999296    1.153826    2.023500
Iteration: 709 bestvalit: 145.225000 bestmemit:    0.007859    0.086107    0.086036    0.351169    0.249268    0.418824    0.328127    0.129325    0.100663    0.130264    0.463847    2.856234    0.024809    0.001798    0.006574    9.906983    9.844728    1.550728    1.880474    1.905837    1.884840    0.999296    1.153826    2.023500
Iteration: 710 bestvalit: 145.225000 bestmemit:    0.007859    0.086107    0.086036    0.351169    0.249268    0.418824    0.328127    0.129325    0.100663    0.130264    0.463847    2.856234    0.024809    0.001798    0.006574    9.906983    9.844728    1.550728    1.880474    1.905837    1.884840    0.999296    1.153826    2.023500
Iteration: 711 bestvalit: 145.225000 bestmemit:    0.007859    0.086107    0.086036    0.351169    0.249268    0.418824    0.328127    0.129325    0.100663    0.130264    0.463847    2.856234    0.024809    0.001798    0.006574    9.906983    9.844728    1.550728    1.880474    1.905837    1.884840    0.999296    1.153826    2.023500
Iteration: 712 bestvalit: 145.225000 bestmemit:    0.007859    0.086107    0.086036    0.351169    0.249268    0.418824    0.328127    0.129325    0.100663    0.130264    0.463847    2.856234    0.024809    0.001798    0.006574    9.906983    9.844728    1.550728    1.880474    1.905837    1.884840    0.999296    1.153826    2.023500
Iteration: 713 bestvalit: 145.225000 bestmemit:    0.007859    0.086107    0.086036    0.351169    0.249268    0.418824    0.328127    0.129325    0.100663    0.130264    0.463847    2.856234    0.024809    0.001798    0.006574    9.906983    9.844728    1.550728    1.880474    1.905837    1.884840    0.999296    1.153826    2.023500
Iteration: 714 bestvalit: 145.225000 bestmemit:    0.007859    0.086107    0.086036    0.351169    0.249268    0.418824    0.328127    0.129325    0.100663    0.130264    0.463847    2.856234    0.024809    0.001798    0.006574    9.906983    9.844728    1.550728    1.880474    1.905837    1.884840    0.999296    1.153826    2.023500
Iteration: 715 bestvalit: 145.225000 bestmemit:    0.007859    0.086107    0.086036    0.351169    0.249268    0.418824    0.328127    0.129325    0.100663    0.130264    0.463847    2.856234    0.024809    0.001798    0.006574    9.906983    9.844728    1.550728    1.880474    1.905837    1.884840    0.999296    1.153826    2.023500
Iteration: 716 bestvalit: 145.225000 bestmemit:    0.007859    0.086107    0.086036    0.351169    0.249268    0.418824    0.328127    0.129325    0.100663    0.130264    0.463847    2.856234    0.024809    0.001798    0.006574    9.906983    9.844728    1.550728    1.880474    1.905837    1.884840    0.999296    1.153826    2.023500
Iteration: 717 bestvalit: 145.225000 bestmemit:    0.007859    0.086107    0.086036    0.351169    0.249268    0.418824    0.328127    0.129325    0.100663    0.130264    0.463847    2.856234    0.024809    0.001798    0.006574    9.906983    9.844728    1.550728    1.880474    1.905837    1.884840    0.999296    1.153826    2.023500
Iteration: 718 bestvalit: 145.225000 bestmemit:    0.007859    0.086107    0.086036    0.351169    0.249268    0.418824    0.328127    0.129325    0.100663    0.130264    0.463847    2.856234    0.024809    0.001798    0.006574    9.906983    9.844728    1.550728    1.880474    1.905837    1.884840    0.999296    1.153826    2.023500
Iteration: 719 bestvalit: 145.225000 bestmemit:    0.007859    0.086107    0.086036    0.351169    0.249268    0.418824    0.328127    0.129325    0.100663    0.130264    0.463847    2.856234    0.024809    0.001798    0.006574    9.906983    9.844728    1.550728    1.880474    1.905837    1.884840    0.999296    1.153826    2.023500
Iteration: 720 bestvalit: 145.225000 bestmemit:    0.007859    0.086107    0.086036    0.351169    0.249268    0.418824    0.328127    0.129325    0.100663    0.130264    0.463847    2.856234    0.024809    0.001798    0.006574    9.906983    9.844728    1.550728    1.880474    1.905837    1.884840    0.999296    1.153826    2.023500
Iteration: 721 bestvalit: 145.225000 bestmemit:    0.007859    0.086107    0.086036    0.351169    0.249268    0.418824    0.328127    0.129325    0.100663    0.130264    0.463847    2.856234    0.024809    0.001798    0.006574    9.906983    9.844728    1.550728    1.880474    1.905837    1.884840    0.999296    1.153826    2.023500
Iteration: 722 bestvalit: 145.225000 bestmemit:    0.007859    0.086107    0.086036    0.351169    0.249268    0.418824    0.328127    0.129325    0.100663    0.130264    0.463847    2.856234    0.024809    0.001798    0.006574    9.906983    9.844728    1.550728    1.880474    1.905837    1.884840    0.999296    1.153826    2.023500
Iteration: 723 bestvalit: 145.225000 bestmemit:    0.007859    0.086107    0.086036    0.351169    0.249268    0.418824    0.328127    0.129325    0.100663    0.130264    0.463847    2.856234    0.024809    0.001798    0.006574    9.906983    9.844728    1.550728    1.880474    1.905837    1.884840    0.999296    1.153826    2.023500
Iteration: 724 bestvalit: 145.225000 bestmemit:    0.007859    0.086107    0.086036    0.351169    0.249268    0.418824    0.328127    0.129325    0.100663    0.130264    0.463847    2.856234    0.024809    0.001798    0.006574    9.906983    9.844728    1.550728    1.880474    1.905837    1.884840    0.999296    1.153826    2.023500
Iteration: 725 bestvalit: 145.225000 bestmemit:    0.007859    0.086107    0.086036    0.351169    0.249268    0.418824    0.328127    0.129325    0.100663    0.130264    0.463847    2.856234    0.024809    0.001798    0.006574    9.906983    9.844728    1.550728    1.880474    1.905837    1.884840    0.999296    1.153826    2.023500
Iteration: 726 bestvalit: 145.225000 bestmemit:    0.007859    0.086107    0.086036    0.351169    0.249268    0.418824    0.328127    0.129325    0.100663    0.130264    0.463847    2.856234    0.024809    0.001798    0.006574    9.906983    9.844728    1.550728    1.880474    1.905837    1.884840    0.999296    1.153826    2.023500
Iteration: 727 bestvalit: 145.225000 bestmemit:    0.007859    0.086107    0.086036    0.351169    0.249268    0.418824    0.328127    0.129325    0.100663    0.130264    0.463847    2.856234    0.024809    0.001798    0.006574    9.906983    9.844728    1.550728    1.880474    1.905837    1.884840    0.999296    1.153826    2.023500
Iteration: 728 bestvalit: 145.225000 bestmemit:    0.007859    0.086107    0.086036    0.351169    0.249268    0.418824    0.328127    0.129325    0.100663    0.130264    0.463847    2.856234    0.024809    0.001798    0.006574    9.906983    9.844728    1.550728    1.880474    1.905837    1.884840    0.999296    1.153826    2.023500
Iteration: 729 bestvalit: 145.225000 bestmemit:    0.007859    0.086107    0.086036    0.351169    0.249268    0.418824    0.328127    0.129325    0.100663    0.130264    0.463847    2.856234    0.024809    0.001798    0.006574    9.906983    9.844728    1.550728    1.880474    1.905837    1.884840    0.999296    1.153826    2.023500
Iteration: 730 bestvalit: 145.225000 bestmemit:    0.007859    0.086107    0.086036    0.351169    0.249268    0.418824    0.328127    0.129325    0.100663    0.130264    0.463847    2.856234    0.024809    0.001798    0.006574    9.906983    9.844728    1.550728    1.880474    1.905837    1.884840    0.999296    1.153826    2.023500
Iteration: 731 bestvalit: 145.225000 bestmemit:    0.007859    0.086107    0.086036    0.351169    0.249268    0.418824    0.328127    0.129325    0.100663    0.130264    0.463847    2.856234    0.024809    0.001798    0.006574    9.906983    9.844728    1.550728    1.880474    1.905837    1.884840    0.999296    1.153826    2.023500
Iteration: 732 bestvalit: 145.225000 bestmemit:    0.007859    0.086107    0.086036    0.351169    0.249268    0.418824    0.328127    0.129325    0.100663    0.130264    0.463847    2.856234    0.024809    0.001798    0.006574    9.906983    9.844728    1.550728    1.880474    1.905837    1.884840    0.999296    1.153826    2.023500
Iteration: 733 bestvalit: 145.225000 bestmemit:    0.007859    0.086107    0.086036    0.351169    0.249268    0.418824    0.328127    0.129325    0.100663    0.130264    0.463847    2.856234    0.024809    0.001798    0.006574    9.906983    9.844728    1.550728    1.880474    1.905837    1.884840    0.999296    1.153826    2.023500
Iteration: 734 bestvalit: 145.225000 bestmemit:    0.007859    0.086107    0.086036    0.351169    0.249268    0.418824    0.328127    0.129325    0.100663    0.130264    0.463847    2.856234    0.024809    0.001798    0.006574    9.906983    9.844728    1.550728    1.880474    1.905837    1.884840    0.999296    1.153826    2.023500
Iteration: 735 bestvalit: 145.210000 bestmemit:    0.007859    0.086107    0.086036    0.351169    0.249268    0.418824    0.328127    0.129325    0.100663    0.130264    0.463847    2.856234    0.026990    0.001798    0.006574    9.906983    9.844728    1.550728    1.880474    1.905837    1.884840    0.999296    1.153826    2.023500
Iteration: 736 bestvalit: 145.210000 bestmemit:    0.007859    0.086107    0.086036    0.351169    0.249268    0.418824    0.328127    0.129325    0.100663    0.130264    0.463847    2.856234    0.026990    0.001798    0.006574    9.906983    9.844728    1.550728    1.880474    1.905837    1.884840    0.999296    1.153826    2.023500
Iteration: 737 bestvalit: 145.210000 bestmemit:    0.007859    0.086107    0.086036    0.351169    0.249268    0.418824    0.328127    0.129325    0.100663    0.130264    0.463847    2.856234    0.026990    0.001798    0.006574    9.906983    9.844728    1.550728    1.880474    1.905837    1.884840    0.999296    1.153826    2.023500
Iteration: 738 bestvalit: 145.185000 bestmemit:    0.007859    0.086107    0.086036    0.351169    0.249268    0.418824    0.328127    0.129325    0.100663    0.130264    0.463847    2.856234    0.026990    0.001798    0.006574    9.906983    9.844728    1.550728    1.880474    1.905837    1.884840    0.999997    1.153826    2.023500
Iteration: 739 bestvalit: 145.185000 bestmemit:    0.007859    0.086107    0.086036    0.351169    0.249268    0.418824    0.328127    0.129325    0.100663    0.130264    0.463847    2.856234    0.026990    0.001798    0.006574    9.906983    9.844728    1.550728    1.880474    1.905837    1.884840    0.999997    1.153826    2.023500
Iteration: 740 bestvalit: 145.185000 bestmemit:    0.007859    0.086107    0.086036    0.351169    0.249268    0.418824    0.328127    0.129325    0.100663    0.130264    0.463847    2.856234    0.026990    0.001798    0.006574    9.906983    9.844728    1.550728    1.880474    1.905837    1.884840    0.999997    1.153826    2.023500
Iteration: 741 bestvalit: 145.185000 bestmemit:    0.007859    0.086107    0.086036    0.351169    0.249268    0.418824    0.328127    0.129325    0.100663    0.130264    0.463847    2.856234    0.026990    0.001798    0.006574    9.906983    9.844728    1.550728    1.880474    1.905837    1.884840    0.999997    1.153826    2.023500
Iteration: 742 bestvalit: 145.185000 bestmemit:    0.007859    0.086107    0.086036    0.351169    0.249268    0.418824    0.328127    0.129325    0.100663    0.130264    0.463847    2.856234    0.026990    0.001798    0.006574    9.906983    9.844728    1.550728    1.880474    1.905837    1.884840    0.999997    1.153826    2.023500
Iteration: 743 bestvalit: 145.185000 bestmemit:    0.007859    0.086107    0.086036    0.351169    0.249268    0.418824    0.328127    0.129325    0.100663    0.130264    0.463847    2.856234    0.026990    0.001798    0.006574    9.906983    9.844728    1.550728    1.880474    1.905837    1.884840    0.999997    1.153826    2.023500
Iteration: 744 bestvalit: 145.185000 bestmemit:    0.007859    0.086107    0.086036    0.351169    0.249268    0.418824    0.328127    0.129325    0.100663    0.130264    0.463847    2.856234    0.026990    0.001798    0.006574    9.906983    9.844728    1.550728    1.880474    1.905837    1.884840    0.999997    1.153826    2.023500
Iteration: 745 bestvalit: 145.185000 bestmemit:    0.007859    0.086107    0.086036    0.351169    0.249268    0.418824    0.328127    0.129325    0.100663    0.130264    0.463847    2.856234    0.026990    0.001798    0.006574    9.906983    9.844728    1.550728    1.880474    1.905837    1.884840    0.999997    1.153826    2.023500
Iteration: 746 bestvalit: 145.185000 bestmemit:    0.007859    0.086107    0.086036    0.351169    0.249268    0.418824    0.328127    0.129325    0.100663    0.130264    0.463847    2.856234    0.026990    0.001798    0.006574    9.906983    9.844728    1.550728    1.880474    1.905837    1.884840    0.999997    1.153826    2.023500
Iteration: 747 bestvalit: 145.185000 bestmemit:    0.007859    0.086107    0.086036    0.351169    0.249268    0.418824    0.328127    0.129325    0.100663    0.130264    0.463847    2.856234    0.026990    0.001798    0.006574    9.906983    9.844728    1.550728    1.880474    1.905837    1.884840    0.999997    1.153826    2.023500
Iteration: 748 bestvalit: 145.185000 bestmemit:    0.007859    0.086107    0.086036    0.351169    0.249268    0.418824    0.328127    0.129325    0.100663    0.130264    0.463847    2.856234    0.026990    0.001798    0.006574    9.906983    9.844728    1.550728    1.880474    1.905837    1.884840    0.999997    1.153826    2.023500
Iteration: 749 bestvalit: 145.185000 bestmemit:    0.007859    0.086107    0.086036    0.351169    0.249268    0.418824    0.328127    0.129325    0.100663    0.130264    0.463847    2.856234    0.026990    0.001798    0.006574    9.906983    9.844728    1.550728    1.880474    1.905837    1.884840    0.999997    1.153826    2.023500
Iteration: 750 bestvalit: 145.185000 bestmemit:    0.007859    0.086107    0.086036    0.351169    0.249268    0.418824    0.328127    0.129325    0.100663    0.130264    0.463847    2.856234    0.026990    0.001798    0.006574    9.906983    9.844728    1.550728    1.880474    1.905837    1.884840    0.999997    1.153826    2.023500
Iteration: 751 bestvalit: 145.120000 bestmemit:    0.007859    0.086107    0.086036    0.351169    0.249268    0.418824    0.328127    0.129325    0.100663    0.130264    0.463847    2.856234    0.026990    0.001798    0.006574    9.906983    9.844728    1.550728    1.880474    1.905837    1.927275    0.999997    1.153826    2.023500
Iteration: 752 bestvalit: 145.120000 bestmemit:    0.007859    0.086107    0.086036    0.351169    0.249268    0.418824    0.328127    0.129325    0.100663    0.130264    0.463847    2.856234    0.026990    0.001798    0.006574    9.906983    9.844728    1.550728    1.880474    1.905837    1.927275    0.999997    1.153826    2.023500
Iteration: 753 bestvalit: 145.120000 bestmemit:    0.007859    0.086107    0.086036    0.351169    0.249268    0.418824    0.328127    0.129325    0.100663    0.130264    0.463847    2.856234    0.026990    0.001798    0.006574    9.906983    9.844728    1.550728    1.880474    1.905837    1.927275    0.999997    1.153826    2.023500
Iteration: 754 bestvalit: 145.120000 bestmemit:    0.007859    0.086107    0.086036    0.351169    0.249268    0.418824    0.328127    0.129325    0.100663    0.130264    0.463847    2.856234    0.026990    0.001798    0.006574    9.906983    9.844728    1.550728    1.880474    1.905837    1.927275    0.999997    1.153826    2.023500
Iteration: 755 bestvalit: 145.120000 bestmemit:    0.007859    0.086107    0.086036    0.351169    0.249268    0.418824    0.328127    0.129325    0.100663    0.130264    0.463847    2.856234    0.026990    0.001798    0.006574    9.906983    9.844728    1.550728    1.880474    1.905837    1.927275    0.999997    1.153826    2.023500
Iteration: 756 bestvalit: 145.120000 bestmemit:    0.007859    0.086107    0.086036    0.351169    0.249268    0.418824    0.328127    0.129325    0.100663    0.130264    0.463847    2.856234    0.026990    0.001798    0.006574    9.906983    9.844728    1.550728    1.880474    1.905837    1.927275    0.999997    1.153826    2.023500
Iteration: 757 bestvalit: 145.120000 bestmemit:    0.007859    0.086107    0.086036    0.351169    0.249268    0.418824    0.328127    0.129325    0.100663    0.130264    0.463847    2.856234    0.026990    0.001798    0.006574    9.906983    9.844728    1.550728    1.880474    1.905837    1.927275    0.999997    1.153826    2.023500
Iteration: 758 bestvalit: 145.120000 bestmemit:    0.007859    0.086107    0.086036    0.351169    0.249268    0.418824    0.328127    0.129325    0.100663    0.130264    0.463847    2.856234    0.026990    0.001798    0.006574    9.906983    9.844728    1.550728    1.880474    1.905837    1.927275    0.999997    1.153826    2.023500
Iteration: 759 bestvalit: 145.120000 bestmemit:    0.007859    0.086107    0.086036    0.351169    0.249268    0.418824    0.328127    0.129325    0.100663    0.130264    0.463847    2.856234    0.026990    0.001798    0.006574    9.906983    9.844728    1.550728    1.880474    1.905837    1.927275    0.999997    1.153826    2.023500
Iteration: 760 bestvalit: 145.120000 bestmemit:    0.007859    0.086107    0.086036    0.351169    0.249268    0.418824    0.328127    0.129325    0.100663    0.130264    0.463847    2.856234    0.026990    0.001798    0.006574    9.906983    9.844728    1.550728    1.880474    1.905837    1.927275    0.999997    1.153826    2.023500
Iteration: 761 bestvalit: 145.120000 bestmemit:    0.007859    0.086107    0.086036    0.351169    0.249268    0.418824    0.328127    0.129325    0.100663    0.130264    0.463847    2.856234    0.026990    0.001798    0.006574    9.906983    9.844728    1.550728    1.880474    1.905837    1.927275    0.999997    1.153826    2.023500
Iteration: 762 bestvalit: 145.120000 bestmemit:    0.007859    0.086107    0.086036    0.351169    0.249268    0.418824    0.328127    0.129325    0.100663    0.130264    0.463847    2.856234    0.026990    0.001798    0.006574    9.906983    9.844728    1.550728    1.880474    1.905837    1.927275    0.999997    1.153826    2.023500
Iteration: 763 bestvalit: 145.120000 bestmemit:    0.007859    0.086107    0.086036    0.351169    0.249268    0.418824    0.328127    0.129325    0.100663    0.130264    0.463847    2.856234    0.026990    0.001798    0.006574    9.906983    9.844728    1.550728    1.880474    1.905837    1.927275    0.999997    1.153826    2.023500
Iteration: 764 bestvalit: 145.120000 bestmemit:    0.007859    0.086107    0.086036    0.351169    0.249268    0.418824    0.328127    0.129325    0.100663    0.130264    0.463847    2.856234    0.026990    0.001798    0.006574    9.906983    9.844728    1.550728    1.880474    1.905837    1.927275    0.999997    1.153826    2.023500
Iteration: 765 bestvalit: 145.120000 bestmemit:    0.007859    0.086107    0.086036    0.351169    0.249268    0.418824    0.328127    0.129325    0.100663    0.130264    0.463847    2.856234    0.026990    0.001798    0.006574    9.906983    9.844728    1.550728    1.880474    1.905837    1.927275    0.999997    1.153826    2.023500
Iteration: 766 bestvalit: 145.120000 bestmemit:    0.007859    0.086107    0.086036    0.351169    0.249268    0.418824    0.328127    0.129325    0.100663    0.130264    0.463847    2.856234    0.026990    0.001798    0.006574    9.906983    9.844728    1.550728    1.880474    1.905837    1.927275    0.999997    1.153826    2.023500
Iteration: 767 bestvalit: 145.120000 bestmemit:    0.007859    0.086107    0.086036    0.351169    0.249268    0.418824    0.328127    0.129325    0.100663    0.130264    0.463847    2.856234    0.026990    0.001798    0.006574    9.906983    9.844728    1.550728    1.880474    1.905837    1.927275    0.999997    1.153826    2.023500
Iteration: 768 bestvalit: 144.985000 bestmemit:    0.005702    0.027179    0.094474    0.413681    0.280631    0.188284    0.285546    0.138449    0.105649    0.080102    0.382727    1.480445    0.030290    0.002384    0.005270    9.981247    9.621250    1.184153    1.911148    1.928408    1.983662    0.999569    1.111161    2.033611
Iteration: 769 bestvalit: 144.985000 bestmemit:    0.005702    0.027179    0.094474    0.413681    0.280631    0.188284    0.285546    0.138449    0.105649    0.080102    0.382727    1.480445    0.030290    0.002384    0.005270    9.981247    9.621250    1.184153    1.911148    1.928408    1.983662    0.999569    1.111161    2.033611
Iteration: 770 bestvalit: 144.985000 bestmemit:    0.005702    0.027179    0.094474    0.413681    0.280631    0.188284    0.285546    0.138449    0.105649    0.080102    0.382727    1.480445    0.030290    0.002384    0.005270    9.981247    9.621250    1.184153    1.911148    1.928408    1.983662    0.999569    1.111161    2.033611
Iteration: 771 bestvalit: 144.985000 bestmemit:    0.005702    0.027179    0.094474    0.413681    0.280631    0.188284    0.285546    0.138449    0.105649    0.080102    0.382727    1.480445    0.030290    0.002384    0.005270    9.981247    9.621250    1.184153    1.911148    1.928408    1.983662    0.999569    1.111161    2.033611
Iteration: 772 bestvalit: 144.935000 bestmemit:    0.005702    0.027179    0.094474    0.413681    0.280631    0.188284    0.285546    0.138449    0.105649    0.080102    0.382727    1.480445    0.030290    0.002384    0.005270    9.981247    9.010065    1.184153    1.911148    1.928408    1.983662    0.999569    1.111161    2.033611
Iteration: 773 bestvalit: 144.935000 bestmemit:    0.005702    0.027179    0.094474    0.413681    0.280631    0.188284    0.285546    0.138449    0.105649    0.080102    0.382727    1.480445    0.030290    0.002384    0.005270    9.981247    9.010065    1.184153    1.911148    1.928408    1.983662    0.999569    1.111161    2.033611
Iteration: 774 bestvalit: 144.935000 bestmemit:    0.005702    0.027179    0.094474    0.413681    0.280631    0.188284    0.285546    0.138449    0.105649    0.080102    0.382727    1.480445    0.030290    0.002384    0.005270    9.981247    9.010065    1.184153    1.911148    1.928408    1.983662    0.999569    1.111161    2.033611
Iteration: 775 bestvalit: 144.935000 bestmemit:    0.005702    0.027179    0.094474    0.413681    0.280631    0.188284    0.285546    0.138449    0.105649    0.080102    0.382727    1.480445    0.030290    0.002384    0.005270    9.981247    9.010065    1.184153    1.911148    1.928408    1.983662    0.999569    1.111161    2.033611
Iteration: 776 bestvalit: 144.935000 bestmemit:    0.005702    0.027179    0.094474    0.413681    0.280631    0.188284    0.285546    0.138449    0.105649    0.080102    0.382727    1.480445    0.030290    0.002384    0.005270    9.981247    9.010065    1.184153    1.911148    1.928408    1.983662    0.999569    1.111161    2.033611
Iteration: 777 bestvalit: 144.935000 bestmemit:    0.005702    0.027179    0.094474    0.413681    0.280631    0.188284    0.285546    0.138449    0.105649    0.080102    0.382727    1.480445    0.030290    0.002384    0.005270    9.981247    9.010065    1.184153    1.911148    1.928408    1.983662    0.999569    1.111161    2.033611
Iteration: 778 bestvalit: 144.935000 bestmemit:    0.005702    0.027179    0.094474    0.413681    0.280631    0.188284    0.285546    0.138449    0.105649    0.080102    0.382727    1.480445    0.030290    0.002384    0.005270    9.981247    9.010065    1.184153    1.911148    1.928408    1.983662    0.999569    1.111161    2.033611
Iteration: 779 bestvalit: 144.935000 bestmemit:    0.005702    0.027179    0.094474    0.413681    0.280631    0.188284    0.285546    0.138449    0.105649    0.080102    0.382727    1.480445    0.030290    0.002384    0.005270    9.981247    9.010065    1.184153    1.911148    1.928408    1.983662    0.999569    1.111161    2.033611
Iteration: 780 bestvalit: 144.935000 bestmemit:    0.005702    0.027179    0.094474    0.413681    0.280631    0.188284    0.285546    0.138449    0.105649    0.080102    0.382727    1.480445    0.030290    0.002384    0.005270    9.981247    9.010065    1.184153    1.911148    1.928408    1.983662    0.999569    1.111161    2.033611
Iteration: 781 bestvalit: 144.935000 bestmemit:    0.005702    0.027179    0.094474    0.413681    0.280631    0.188284    0.285546    0.138449    0.105649    0.080102    0.382727    1.480445    0.030290    0.002384    0.005270    9.981247    9.010065    1.184153    1.911148    1.928408    1.983662    0.999569    1.111161    2.033611
Iteration: 782 bestvalit: 144.935000 bestmemit:    0.005702    0.027179    0.094474    0.413681    0.280631    0.188284    0.285546    0.138449    0.105649    0.080102    0.382727    1.480445    0.030290    0.002384    0.005270    9.981247    9.010065    1.184153    1.911148    1.928408    1.983662    0.999569    1.111161    2.033611
Iteration: 783 bestvalit: 144.935000 bestmemit:    0.005702    0.027179    0.094474    0.413681    0.280631    0.188284    0.285546    0.138449    0.105649    0.080102    0.382727    1.480445    0.030290    0.002384    0.005270    9.981247    9.010065    1.184153    1.911148    1.928408    1.983662    0.999569    1.111161    2.033611
Iteration: 784 bestvalit: 144.935000 bestmemit:    0.005702    0.027179    0.094474    0.413681    0.280631    0.188284    0.285546    0.138449    0.105649    0.080102    0.382727    1.480445    0.030290    0.002384    0.005270    9.981247    9.010065    1.184153    1.911148    1.928408    1.983662    0.999569    1.111161    2.033611
Iteration: 785 bestvalit: 144.935000 bestmemit:    0.005702    0.027179    0.094474    0.413681    0.280631    0.188284    0.285546    0.138449    0.105649    0.080102    0.382727    1.480445    0.030290    0.002384    0.005270    9.981247    9.010065    1.184153    1.911148    1.928408    1.983662    0.999569    1.111161    2.033611
Iteration: 786 bestvalit: 144.935000 bestmemit:    0.005702    0.027179    0.094474    0.413681    0.280631    0.188284    0.285546    0.138449    0.105649    0.080102    0.382727    1.480445    0.030290    0.002384    0.005270    9.981247    9.010065    1.184153    1.911148    1.928408    1.983662    0.999569    1.111161    2.033611
Iteration: 787 bestvalit: 144.935000 bestmemit:    0.005702    0.027179    0.094474    0.413681    0.280631    0.188284    0.285546    0.138449    0.105649    0.080102    0.382727    1.480445    0.030290    0.002384    0.005270    9.981247    9.010065    1.184153    1.911148    1.928408    1.983662    0.999569    1.111161    2.033611
Iteration: 788 bestvalit: 144.935000 bestmemit:    0.005702    0.027179    0.094474    0.413681    0.280631    0.188284    0.285546    0.138449    0.105649    0.080102    0.382727    1.480445    0.030290    0.002384    0.005270    9.981247    9.010065    1.184153    1.911148    1.928408    1.983662    0.999569    1.111161    2.033611
Iteration: 789 bestvalit: 144.935000 bestmemit:    0.005702    0.027179    0.094474    0.413681    0.280631    0.188284    0.285546    0.138449    0.105649    0.080102    0.382727    1.480445    0.030290    0.002384    0.005270    9.981247    9.010065    1.184153    1.911148    1.928408    1.983662    0.999569    1.111161    2.033611
Iteration: 790 bestvalit: 144.935000 bestmemit:    0.005702    0.027179    0.094474    0.413681    0.280631    0.188284    0.285546    0.138449    0.105649    0.080102    0.382727    1.480445    0.030290    0.002384    0.005270    9.981247    9.010065    1.184153    1.911148    1.928408    1.983662    0.999569    1.111161    2.033611
Iteration: 791 bestvalit: 144.935000 bestmemit:    0.005702    0.027179    0.094474    0.413681    0.280631    0.188284    0.285546    0.138449    0.105649    0.080102    0.382727    1.480445    0.030290    0.002384    0.005270    9.981247    9.010065    1.184153    1.911148    1.928408    1.983662    0.999569    1.111161    2.033611
Iteration: 792 bestvalit: 144.935000 bestmemit:    0.005702    0.027179    0.094474    0.413681    0.280631    0.188284    0.285546    0.138449    0.105649    0.080102    0.382727    1.480445    0.030290    0.002384    0.005270    9.981247    9.010065    1.184153    1.911148    1.928408    1.983662    0.999569    1.111161    2.033611
Iteration: 793 bestvalit: 144.935000 bestmemit:    0.005702    0.027179    0.094474    0.413681    0.280631    0.188284    0.285546    0.138449    0.105649    0.080102    0.382727    1.480445    0.030290    0.002384    0.005270    9.981247    9.010065    1.184153    1.911148    1.928408    1.983662    0.999569    1.111161    2.033611
Iteration: 794 bestvalit: 144.935000 bestmemit:    0.005702    0.027179    0.094474    0.413681    0.280631    0.188284    0.285546    0.138449    0.105649    0.080102    0.382727    1.480445    0.030290    0.002384    0.005270    9.981247    9.010065    1.184153    1.911148    1.928408    1.983662    0.999569    1.111161    2.033611
Iteration: 795 bestvalit: 144.935000 bestmemit:    0.005702    0.027179    0.094474    0.413681    0.280631    0.188284    0.285546    0.138449    0.105649    0.080102    0.382727    1.480445    0.030290    0.002384    0.005270    9.981247    9.010065    1.184153    1.911148    1.928408    1.983662    0.999569    1.111161    2.033611
Iteration: 796 bestvalit: 144.935000 bestmemit:    0.005702    0.027179    0.094474    0.413681    0.280631    0.188284    0.285546    0.138449    0.105649    0.080102    0.382727    1.480445    0.030290    0.002384    0.005270    9.981247    9.010065    1.184153    1.911148    1.928408    1.983662    0.999569    1.111161    2.033611
Iteration: 797 bestvalit: 144.895000 bestmemit:    0.005702    0.027179    0.094474    0.413681    0.280631    0.188284    0.285546    0.138449    0.105649    0.080102    0.389500    1.480445    0.030290    0.002384    0.005270    9.981247    9.010065    1.184153    1.911148    1.928408    1.983662    0.999569    1.111161    2.033611
Iteration: 798 bestvalit: 144.895000 bestmemit:    0.005702    0.027179    0.094474    0.413681    0.280631    0.188284    0.285546    0.138449    0.105649    0.080102    0.389500    1.480445    0.030290    0.002384    0.005270    9.981247    9.010065    1.184153    1.911148    1.928408    1.983662    0.999569    1.111161    2.033611
Iteration: 799 bestvalit: 144.895000 bestmemit:    0.005702    0.027179    0.094474    0.413681    0.280631    0.188284    0.285546    0.138449    0.105649    0.080102    0.389500    1.480445    0.030290    0.002384    0.005270    9.981247    9.010065    1.184153    1.911148    1.928408    1.983662    0.999569    1.111161    2.033611
Iteration: 800 bestvalit: 144.895000 bestmemit:    0.005702    0.027179    0.094474    0.413681    0.280631    0.188284    0.285546    0.138449    0.105649    0.080102    0.389500    1.480445    0.030290    0.002384    0.005270    9.981247    9.010065    1.184153    1.911148    1.928408    1.983662    0.999569    1.111161    2.033611
Iteration: 801 bestvalit: 144.895000 bestmemit:    0.005702    0.027179    0.094474    0.413681    0.280631    0.188284    0.285546    0.138449    0.105649    0.080102    0.389500    1.480445    0.030290    0.002384    0.005270    9.981247    9.010065    1.184153    1.911148    1.928408    1.983662    0.999569    1.111161    2.033611
Iteration: 802 bestvalit: 144.895000 bestmemit:    0.005702    0.027179    0.094474    0.413681    0.280631    0.188284    0.285546    0.138449    0.105649    0.080102    0.389500    1.480445    0.030290    0.002384    0.005270    9.981247    9.010065    1.184153    1.911148    1.928408    1.983662    0.999569    1.111161    2.033611
Iteration: 803 bestvalit: 144.895000 bestmemit:    0.005702    0.027179    0.094474    0.413681    0.280631    0.188284    0.285546    0.138449    0.105649    0.080102    0.389500    1.480445    0.030290    0.002384    0.005270    9.981247    9.010065    1.184153    1.911148    1.928408    1.983662    0.999569    1.111161    2.033611
Iteration: 804 bestvalit: 144.895000 bestmemit:    0.005702    0.027179    0.094474    0.413681    0.280631    0.188284    0.285546    0.138449    0.105649    0.080102    0.389500    1.480445    0.030290    0.002384    0.005270    9.981247    9.010065    1.184153    1.911148    1.928408    1.983662    0.999569    1.111161    2.033611
Iteration: 805 bestvalit: 144.895000 bestmemit:    0.005702    0.027179    0.094474    0.413681    0.280631    0.188284    0.285546    0.138449    0.105649    0.080102    0.389500    1.480445    0.030290    0.002384    0.005270    9.981247    9.010065    1.184153    1.911148    1.928408    1.983662    0.999569    1.111161    2.033611
Iteration: 806 bestvalit: 144.895000 bestmemit:    0.005702    0.027179    0.094474    0.413681    0.280631    0.188284    0.285546    0.138449    0.105649    0.080102    0.389500    1.480445    0.030290    0.002384    0.005270    9.981247    9.010065    1.184153    1.911148    1.928408    1.983662    0.999569    1.111161    2.033611
Iteration: 807 bestvalit: 144.895000 bestmemit:    0.005702    0.027179    0.094474    0.413681    0.280631    0.188284    0.285546    0.138449    0.105649    0.080102    0.389500    1.480445    0.030290    0.002384    0.005270    9.981247    9.010065    1.184153    1.911148    1.928408    1.983662    0.999569    1.111161    2.033611
Iteration: 808 bestvalit: 144.895000 bestmemit:    0.005702    0.027179    0.094474    0.413681    0.280631    0.188284    0.285546    0.138449    0.105649    0.080102    0.389500    1.480445    0.030290    0.002384    0.005270    9.981247    9.010065    1.184153    1.911148    1.928408    1.983662    0.999569    1.111161    2.033611
Iteration: 809 bestvalit: 144.895000 bestmemit:    0.005702    0.027179    0.094474    0.413681    0.280631    0.188284    0.285546    0.138449    0.105649    0.080102    0.389500    1.480445    0.030290    0.002384    0.005270    9.981247    9.010065    1.184153    1.911148    1.928408    1.983662    0.999569    1.111161    2.033611
Iteration: 810 bestvalit: 144.895000 bestmemit:    0.005702    0.027179    0.094474    0.413681    0.280631    0.188284    0.285546    0.138449    0.105649    0.080102    0.389500    1.480445    0.030290    0.002384    0.005270    9.981247    9.010065    1.184153    1.911148    1.928408    1.983662    0.999569    1.111161    2.033611
Iteration: 811 bestvalit: 144.895000 bestmemit:    0.005702    0.027179    0.094474    0.413681    0.280631    0.188284    0.285546    0.138449    0.105649    0.080102    0.389500    1.480445    0.030290    0.002384    0.005270    9.981247    9.010065    1.184153    1.911148    1.928408    1.983662    0.999569    1.111161    2.033611
Iteration: 812 bestvalit: 144.895000 bestmemit:    0.005702    0.027179    0.094474    0.413681    0.280631    0.188284    0.285546    0.138449    0.105649    0.080102    0.389500    1.480445    0.030290    0.002384    0.005270    9.981247    9.010065    1.184153    1.911148    1.928408    1.983662    0.999569    1.111161    2.033611
Iteration: 813 bestvalit: 144.715000 bestmemit:    0.007859    0.086107    0.086036    0.351169    0.249268    0.418824    0.328127    0.129325    0.100663    0.130264    0.463847    2.482677    0.026990    0.001798    0.006574    9.906983    9.951598    1.550728    1.880474    1.905837    1.927275    0.999997    1.153826    2.023500
Iteration: 814 bestvalit: 144.715000 bestmemit:    0.007859    0.086107    0.086036    0.351169    0.249268    0.418824    0.328127    0.129325    0.100663    0.130264    0.463847    2.482677    0.026990    0.001798    0.006574    9.906983    9.951598    1.550728    1.880474    1.905837    1.927275    0.999997    1.153826    2.023500
Iteration: 815 bestvalit: 144.715000 bestmemit:    0.007859    0.086107    0.086036    0.351169    0.249268    0.418824    0.328127    0.129325    0.100663    0.130264    0.463847    2.482677    0.026990    0.001798    0.006574    9.906983    9.951598    1.550728    1.880474    1.905837    1.927275    0.999997    1.153826    2.023500
Iteration: 816 bestvalit: 144.715000 bestmemit:    0.007859    0.086107    0.086036    0.351169    0.249268    0.418824    0.328127    0.129325    0.100663    0.130264    0.463847    2.482677    0.026990    0.001798    0.006574    9.906983    9.951598    1.550728    1.880474    1.905837    1.927275    0.999997    1.153826    2.023500
Iteration: 817 bestvalit: 144.715000 bestmemit:    0.007859    0.086107    0.086036    0.351169    0.249268    0.418824    0.328127    0.129325    0.100663    0.130264    0.463847    2.482677    0.026990    0.001798    0.006574    9.906983    9.951598    1.550728    1.880474    1.905837    1.927275    0.999997    1.153826    2.023500
Iteration: 818 bestvalit: 144.715000 bestmemit:    0.007859    0.086107    0.086036    0.351169    0.249268    0.418824    0.328127    0.129325    0.100663    0.130264    0.463847    2.482677    0.026990    0.001798    0.006574    9.906983    9.951598    1.550728    1.880474    1.905837    1.927275    0.999997    1.153826    2.023500
Iteration: 819 bestvalit: 144.715000 bestmemit:    0.007859    0.086107    0.086036    0.351169    0.249268    0.418824    0.328127    0.129325    0.100663    0.130264    0.463847    2.482677    0.026990    0.001798    0.006574    9.906983    9.951598    1.550728    1.880474    1.905837    1.927275    0.999997    1.153826    2.023500
Iteration: 820 bestvalit: 144.715000 bestmemit:    0.007859    0.086107    0.086036    0.351169    0.249268    0.418824    0.328127    0.129325    0.100663    0.130264    0.463847    2.482677    0.026990    0.001798    0.006574    9.906983    9.951598    1.550728    1.880474    1.905837    1.927275    0.999997    1.153826    2.023500
Iteration: 821 bestvalit: 144.395000 bestmemit:    0.005702    0.027179    0.094474    0.413681    0.280631    0.188284    0.285546    0.138449    0.105649    0.080102    0.389500    1.606981    0.030290    0.002384    0.005270    9.981247    9.010065    1.184153    1.911148    1.928408    1.983662    0.999569    1.111161    2.033611
Iteration: 822 bestvalit: 144.395000 bestmemit:    0.005702    0.027179    0.094474    0.413681    0.280631    0.188284    0.285546    0.138449    0.105649    0.080102    0.389500    1.606981    0.030290    0.002384    0.005270    9.981247    9.010065    1.184153    1.911148    1.928408    1.983662    0.999569    1.111161    2.033611
Iteration: 823 bestvalit: 144.395000 bestmemit:    0.005702    0.027179    0.094474    0.413681    0.280631    0.188284    0.285546    0.138449    0.105649    0.080102    0.389500    1.606981    0.030290    0.002384    0.005270    9.981247    9.010065    1.184153    1.911148    1.928408    1.983662    0.999569    1.111161    2.033611
Iteration: 824 bestvalit: 144.395000 bestmemit:    0.005702    0.027179    0.094474    0.413681    0.280631    0.188284    0.285546    0.138449    0.105649    0.080102    0.389500    1.606981    0.030290    0.002384    0.005270    9.981247    9.010065    1.184153    1.911148    1.928408    1.983662    0.999569    1.111161    2.033611
Iteration: 825 bestvalit: 144.395000 bestmemit:    0.005702    0.027179    0.094474    0.413681    0.280631    0.188284    0.285546    0.138449    0.105649    0.080102    0.389500    1.606981    0.030290    0.002384    0.005270    9.981247    9.010065    1.184153    1.911148    1.928408    1.983662    0.999569    1.111161    2.033611
Iteration: 826 bestvalit: 144.395000 bestmemit:    0.005702    0.027179    0.094474    0.413681    0.280631    0.188284    0.285546    0.138449    0.105649    0.080102    0.389500    1.606981    0.030290    0.002384    0.005270    9.981247    9.010065    1.184153    1.911148    1.928408    1.983662    0.999569    1.111161    2.033611
Iteration: 827 bestvalit: 144.395000 bestmemit:    0.005702    0.027179    0.094474    0.413681    0.280631    0.188284    0.285546    0.138449    0.105649    0.080102    0.389500    1.606981    0.030290    0.002384    0.005270    9.981247    9.010065    1.184153    1.911148    1.928408    1.983662    0.999569    1.111161    2.033611
Iteration: 828 bestvalit: 144.395000 bestmemit:    0.005702    0.027179    0.094474    0.413681    0.280631    0.188284    0.285546    0.138449    0.105649    0.080102    0.389500    1.606981    0.030290    0.002384    0.005270    9.981247    9.010065    1.184153    1.911148    1.928408    1.983662    0.999569    1.111161    2.033611
Iteration: 829 bestvalit: 144.395000 bestmemit:    0.005702    0.027179    0.094474    0.413681    0.280631    0.188284    0.285546    0.138449    0.105649    0.080102    0.389500    1.606981    0.030290    0.002384    0.005270    9.981247    9.010065    1.184153    1.911148    1.928408    1.983662    0.999569    1.111161    2.033611
Iteration: 830 bestvalit: 144.395000 bestmemit:    0.005702    0.027179    0.094474    0.413681    0.280631    0.188284    0.285546    0.138449    0.105649    0.080102    0.389500    1.606981    0.030290    0.002384    0.005270    9.981247    9.010065    1.184153    1.911148    1.928408    1.983662    0.999569    1.111161    2.033611
Iteration: 831 bestvalit: 144.395000 bestmemit:    0.005702    0.027179    0.094474    0.413681    0.280631    0.188284    0.285546    0.138449    0.105649    0.080102    0.389500    1.606981    0.030290    0.002384    0.005270    9.981247    9.010065    1.184153    1.911148    1.928408    1.983662    0.999569    1.111161    2.033611
Iteration: 832 bestvalit: 144.395000 bestmemit:    0.005702    0.027179    0.094474    0.413681    0.280631    0.188284    0.285546    0.138449    0.105649    0.080102    0.389500    1.606981    0.030290    0.002384    0.005270    9.981247    9.010065    1.184153    1.911148    1.928408    1.983662    0.999569    1.111161    2.033611
Iteration: 833 bestvalit: 144.395000 bestmemit:    0.005702    0.027179    0.094474    0.413681    0.280631    0.188284    0.285546    0.138449    0.105649    0.080102    0.389500    1.606981    0.030290    0.002384    0.005270    9.981247    9.010065    1.184153    1.911148    1.928408    1.983662    0.999569    1.111161    2.033611
Iteration: 834 bestvalit: 144.365000 bestmemit:    0.005702    0.027179    0.094474    0.413681    0.280631    0.188284    0.285546    0.138449    0.105649    0.080102    0.389500    1.606981    0.030290    0.002384    0.005270    9.981247    9.010065    1.184153    1.911148    1.934758    1.983662    0.999569    1.111161    2.033611
Iteration: 835 bestvalit: 144.365000 bestmemit:    0.005702    0.027179    0.094474    0.413681    0.280631    0.188284    0.285546    0.138449    0.105649    0.080102    0.389500    1.606981    0.030290    0.002384    0.005270    9.981247    9.010065    1.184153    1.911148    1.934758    1.983662    0.999569    1.111161    2.033611
Iteration: 836 bestvalit: 144.365000 bestmemit:    0.005702    0.027179    0.094474    0.413681    0.280631    0.188284    0.285546    0.138449    0.105649    0.080102    0.389500    1.606981    0.030290    0.002384    0.005270    9.981247    9.010065    1.184153    1.911148    1.934758    1.983662    0.999569    1.111161    2.033611
Iteration: 837 bestvalit: 144.365000 bestmemit:    0.005702    0.027179    0.094474    0.413681    0.280631    0.188284    0.285546    0.138449    0.105649    0.080102    0.389500    1.606981    0.030290    0.002384    0.005270    9.981247    9.010065    1.184153    1.911148    1.934758    1.983662    0.999569    1.111161    2.033611
Iteration: 838 bestvalit: 144.365000 bestmemit:    0.005702    0.027179    0.094474    0.413681    0.280631    0.188284    0.285546    0.138449    0.105649    0.080102    0.389500    1.606981    0.030290    0.002384    0.005270    9.981247    9.010065    1.184153    1.911148    1.934758    1.983662    0.999569    1.111161    2.033611
Iteration: 839 bestvalit: 144.355000 bestmemit:    0.005702    0.027179    0.094474    0.413681    0.280631    0.188284    0.285546    0.138449    0.105649    0.080102    0.389500    1.606981    0.030290    0.002384    0.005270    9.981247    9.183302    1.184153    1.911148    1.934758    1.983662    0.999569    1.111161    2.033611
Iteration: 840 bestvalit: 144.355000 bestmemit:    0.005702    0.027179    0.094474    0.413681    0.280631    0.188284    0.285546    0.138449    0.105649    0.080102    0.389500    1.606981    0.030290    0.002384    0.005270    9.981247    9.183302    1.184153    1.911148    1.934758    1.983662    0.999569    1.111161    2.033611
Iteration: 841 bestvalit: 144.355000 bestmemit:    0.005702    0.027179    0.094474    0.413681    0.280631    0.188284    0.285546    0.138449    0.105649    0.080102    0.389500    1.606981    0.030290    0.002384    0.005270    9.981247    9.183302    1.184153    1.911148    1.934758    1.983662    0.999569    1.111161    2.033611
Iteration: 842 bestvalit: 144.355000 bestmemit:    0.005702    0.027179    0.094474    0.413681    0.280631    0.188284    0.285546    0.138449    0.105649    0.080102    0.389500    1.606981    0.030290    0.002384    0.005270    9.981247    9.183302    1.184153    1.911148    1.934758    1.983662    0.999569    1.111161    2.033611
Iteration: 843 bestvalit: 144.355000 bestmemit:    0.005702    0.027179    0.094474    0.413681    0.280631    0.188284    0.285546    0.138449    0.105649    0.080102    0.389500    1.606981    0.030290    0.002384    0.005270    9.981247    9.183302    1.184153    1.911148    1.934758    1.983662    0.999569    1.111161    2.033611
Iteration: 844 bestvalit: 144.355000 bestmemit:    0.005702    0.027179    0.094474    0.413681    0.280631    0.188284    0.285546    0.138449    0.105649    0.080102    0.389500    1.606981    0.030290    0.002384    0.005270    9.981247    9.183302    1.184153    1.911148    1.934758    1.983662    0.999569    1.111161    2.033611
Iteration: 845 bestvalit: 144.355000 bestmemit:    0.005702    0.027179    0.094474    0.413681    0.280631    0.188284    0.285546    0.138449    0.105649    0.080102    0.389500    1.606981    0.030290    0.002384    0.005270    9.981247    9.183302    1.184153    1.911148    1.934758    1.983662    0.999569    1.111161    2.033611
Iteration: 846 bestvalit: 144.355000 bestmemit:    0.005702    0.027179    0.094474    0.413681    0.280631    0.188284    0.285546    0.138449    0.105649    0.080102    0.389500    1.606981    0.030290    0.002384    0.005270    9.981247    9.183302    1.184153    1.911148    1.934758    1.983662    0.999569    1.111161    2.033611
Iteration: 847 bestvalit: 144.355000 bestmemit:    0.005702    0.027179    0.094474    0.413681    0.280631    0.188284    0.285546    0.138449    0.105649    0.080102    0.389500    1.606981    0.030290    0.002384    0.005270    9.981247    9.183302    1.184153    1.911148    1.934758    1.983662    0.999569    1.111161    2.033611
Iteration: 848 bestvalit: 144.355000 bestmemit:    0.005702    0.027179    0.094474    0.413681    0.280631    0.188284    0.285546    0.138449    0.105649    0.080102    0.389500    1.606981    0.030290    0.002384    0.005270    9.981247    9.183302    1.184153    1.911148    1.934758    1.983662    0.999569    1.111161    2.033611
Iteration: 849 bestvalit: 144.355000 bestmemit:    0.005702    0.027179    0.094474    0.413681    0.280631    0.188284    0.285546    0.138449    0.105649    0.080102    0.389500    1.606981    0.030290    0.002384    0.005270    9.981247    9.183302    1.184153    1.911148    1.934758    1.983662    0.999569    1.111161    2.033611
Iteration: 850 bestvalit: 144.355000 bestmemit:    0.005702    0.027179    0.094474    0.413681    0.280631    0.188284    0.285546    0.138449    0.105649    0.080102    0.389500    1.606981    0.030290    0.002384    0.005270    9.981247    9.183302    1.184153    1.911148    1.934758    1.983662    0.999569    1.111161    2.033611
Iteration: 851 bestvalit: 144.355000 bestmemit:    0.005702    0.027179    0.094474    0.413681    0.280631    0.188284    0.285546    0.138449    0.105649    0.080102    0.389500    1.606981    0.030290    0.002384    0.005270    9.981247    9.183302    1.184153    1.911148    1.934758    1.983662    0.999569    1.111161    2.033611
Iteration: 852 bestvalit: 144.355000 bestmemit:    0.005702    0.027179    0.094474    0.413681    0.280631    0.188284    0.285546    0.138449    0.105649    0.080102    0.389500    1.606981    0.030290    0.002384    0.005270    9.981247    9.183302    1.184153    1.911148    1.934758    1.983662    0.999569    1.111161    2.033611
Iteration: 853 bestvalit: 144.355000 bestmemit:    0.005702    0.027179    0.094474    0.413681    0.280631    0.188284    0.285546    0.138449    0.105649    0.080102    0.389500    1.606981    0.030290    0.002384    0.005270    9.981247    9.183302    1.184153    1.911148    1.934758    1.983662    0.999569    1.111161    2.033611
Iteration: 854 bestvalit: 144.355000 bestmemit:    0.005702    0.027179    0.094474    0.413681    0.280631    0.188284    0.285546    0.138449    0.105649    0.080102    0.389500    1.606981    0.030290    0.002384    0.005270    9.981247    9.183302    1.184153    1.911148    1.934758    1.983662    0.999569    1.111161    2.033611
Iteration: 855 bestvalit: 144.355000 bestmemit:    0.005702    0.027179    0.094474    0.413681    0.280631    0.188284    0.285546    0.138449    0.105649    0.080102    0.389500    1.606981    0.030290    0.002384    0.005270    9.981247    9.183302    1.184153    1.911148    1.934758    1.983662    0.999569    1.111161    2.033611
Iteration: 856 bestvalit: 144.355000 bestmemit:    0.005702    0.027179    0.094474    0.413681    0.280631    0.188284    0.285546    0.138449    0.105649    0.080102    0.389500    1.606981    0.030290    0.002384    0.005270    9.981247    9.183302    1.184153    1.911148    1.934758    1.983662    0.999569    1.111161    2.033611
Iteration: 857 bestvalit: 144.355000 bestmemit:    0.005702    0.027179    0.094474    0.413681    0.280631    0.188284    0.285546    0.138449    0.105649    0.080102    0.389500    1.606981    0.030290    0.002384    0.005270    9.981247    9.183302    1.184153    1.911148    1.934758    1.983662    0.999569    1.111161    2.033611
Iteration: 858 bestvalit: 144.355000 bestmemit:    0.005702    0.027179    0.094474    0.413681    0.280631    0.188284    0.285546    0.138449    0.105649    0.080102    0.389500    1.606981    0.030290    0.002384    0.005270    9.981247    9.183302    1.184153    1.911148    1.934758    1.983662    0.999569    1.111161    2.033611
Iteration: 859 bestvalit: 144.355000 bestmemit:    0.005702    0.027179    0.094474    0.413681    0.280631    0.188284    0.285546    0.138449    0.105649    0.080102    0.389500    1.606981    0.030290    0.002384    0.005270    9.981247    9.183302    1.184153    1.911148    1.934758    1.983662    0.999569    1.111161    2.033611
Iteration: 860 bestvalit: 144.355000 bestmemit:    0.005702    0.027179    0.094474    0.413681    0.280631    0.188284    0.285546    0.138449    0.105649    0.080102    0.389500    1.606981    0.030290    0.002384    0.005270    9.981247    9.183302    1.184153    1.911148    1.934758    1.983662    0.999569    1.111161    2.033611
Iteration: 861 bestvalit: 144.355000 bestmemit:    0.005702    0.027179    0.094474    0.413681    0.280631    0.188284    0.285546    0.138449    0.105649    0.080102    0.389500    1.606981    0.030290    0.002384    0.005270    9.981247    9.183302    1.184153    1.911148    1.934758    1.983662    0.999569    1.111161    2.033611
Iteration: 862 bestvalit: 144.355000 bestmemit:    0.005702    0.027179    0.094474    0.413681    0.280631    0.188284    0.285546    0.138449    0.105649    0.080102    0.389500    1.606981    0.030290    0.002384    0.005270    9.981247    9.183302    1.184153    1.911148    1.934758    1.983662    0.999569    1.111161    2.033611
Iteration: 863 bestvalit: 144.355000 bestmemit:    0.005702    0.027179    0.094474    0.413681    0.280631    0.188284    0.285546    0.138449    0.105649    0.080102    0.389500    1.606981    0.030290    0.002384    0.005270    9.981247    9.183302    1.184153    1.911148    1.934758    1.983662    0.999569    1.111161    2.033611
Iteration: 864 bestvalit: 144.355000 bestmemit:    0.005702    0.027179    0.094474    0.413681    0.280631    0.188284    0.285546    0.138449    0.105649    0.080102    0.389500    1.606981    0.030290    0.002384    0.005270    9.981247    9.183302    1.184153    1.911148    1.934758    1.983662    0.999569    1.111161    2.033611
Iteration: 865 bestvalit: 144.355000 bestmemit:    0.005702    0.027179    0.094474    0.413681    0.280631    0.188284    0.285546    0.138449    0.105649    0.080102    0.389500    1.606981    0.030290    0.002384    0.005270    9.981247    9.183302    1.184153    1.911148    1.934758    1.983662    0.999569    1.111161    2.033611
Iteration: 866 bestvalit: 144.355000 bestmemit:    0.005702    0.027179    0.094474    0.413681    0.280631    0.188284    0.285546    0.138449    0.105649    0.080102    0.389500    1.606981    0.030290    0.002384    0.005270    9.981247    9.183302    1.184153    1.911148    1.934758    1.983662    0.999569    1.111161    2.033611
Iteration: 867 bestvalit: 144.355000 bestmemit:    0.005702    0.027179    0.094474    0.413681    0.280631    0.188284    0.285546    0.138449    0.105649    0.080102    0.389500    1.606981    0.030290    0.002384    0.005270    9.981247    9.183302    1.184153    1.911148    1.934758    1.983662    0.999569    1.111161    2.033611
Iteration: 868 bestvalit: 144.355000 bestmemit:    0.005702    0.027179    0.094474    0.413681    0.280631    0.188284    0.285546    0.138449    0.105649    0.080102    0.389500    1.606981    0.030290    0.002384    0.005270    9.981247    9.183302    1.184153    1.911148    1.934758    1.983662    0.999569    1.111161    2.033611
Iteration: 869 bestvalit: 144.355000 bestmemit:    0.005702    0.027179    0.094474    0.413681    0.280631    0.188284    0.285546    0.138449    0.105649    0.080102    0.389500    1.606981    0.030290    0.002384    0.005270    9.981247    9.183302    1.184153    1.911148    1.934758    1.983662    0.999569    1.111161    2.033611
Iteration: 870 bestvalit: 144.355000 bestmemit:    0.005702    0.027179    0.094474    0.413681    0.280631    0.188284    0.285546    0.138449    0.105649    0.080102    0.389500    1.606981    0.030290    0.002384    0.005270    9.981247    9.183302    1.184153    1.911148    1.934758    1.983662    0.999569    1.111161    2.033611
Iteration: 871 bestvalit: 144.355000 bestmemit:    0.005702    0.027179    0.094474    0.413681    0.280631    0.188284    0.285546    0.138449    0.105649    0.080102    0.389500    1.606981    0.030290    0.002384    0.005270    9.981247    9.183302    1.184153    1.911148    1.934758    1.983662    0.999569    1.111161    2.033611
Iteration: 872 bestvalit: 144.355000 bestmemit:    0.005702    0.027179    0.094474    0.413681    0.280631    0.188284    0.285546    0.138449    0.105649    0.080102    0.389500    1.606981    0.030290    0.002384    0.005270    9.981247    9.183302    1.184153    1.911148    1.934758    1.983662    0.999569    1.111161    2.033611
Iteration: 873 bestvalit: 144.355000 bestmemit:    0.005702    0.027179    0.094474    0.413681    0.280631    0.188284    0.285546    0.138449    0.105649    0.080102    0.389500    1.606981    0.030290    0.002384    0.005270    9.981247    9.183302    1.184153    1.911148    1.934758    1.983662    0.999569    1.111161    2.033611
Iteration: 874 bestvalit: 144.355000 bestmemit:    0.005702    0.027179    0.094474    0.413681    0.280631    0.188284    0.285546    0.138449    0.105649    0.080102    0.389500    1.606981    0.030290    0.002384    0.005270    9.981247    9.183302    1.184153    1.911148    1.934758    1.983662    0.999569    1.111161    2.033611
Iteration: 875 bestvalit: 144.355000 bestmemit:    0.005702    0.027179    0.094474    0.413681    0.280631    0.188284    0.285546    0.138449    0.105649    0.080102    0.389500    1.606981    0.030290    0.002384    0.005270    9.981247    9.183302    1.184153    1.911148    1.934758    1.983662    0.999569    1.111161    2.033611
Iteration: 876 bestvalit: 144.355000 bestmemit:    0.005702    0.027179    0.094474    0.413681    0.280631    0.188284    0.285546    0.138449    0.105649    0.080102    0.389500    1.606981    0.030290    0.002384    0.005270    9.981247    9.183302    1.184153    1.911148    1.934758    1.983662    0.999569    1.111161    2.033611
Iteration: 877 bestvalit: 144.355000 bestmemit:    0.005702    0.027179    0.094474    0.413681    0.280631    0.188284    0.285546    0.138449    0.105649    0.080102    0.389500    1.606981    0.030290    0.002384    0.005270    9.981247    9.183302    1.184153    1.911148    1.934758    1.983662    0.999569    1.111161    2.033611
Iteration: 878 bestvalit: 144.355000 bestmemit:    0.005702    0.027179    0.094474    0.413681    0.280631    0.188284    0.285546    0.138449    0.105649    0.080102    0.389500    1.606981    0.030290    0.002384    0.005270    9.981247    9.183302    1.184153    1.911148    1.934758    1.983662    0.999569    1.111161    2.033611
Iteration: 879 bestvalit: 144.355000 bestmemit:    0.005702    0.027179    0.094474    0.413681    0.280631    0.188284    0.285546    0.138449    0.105649    0.080102    0.389500    1.606981    0.030290    0.002384    0.005270    9.981247    9.183302    1.184153    1.911148    1.934758    1.983662    0.999569    1.111161    2.033611
Iteration: 880 bestvalit: 144.355000 bestmemit:    0.005702    0.027179    0.094474    0.413681    0.280631    0.188284    0.285546    0.138449    0.105649    0.080102    0.389500    1.606981    0.030290    0.002384    0.005270    9.981247    9.183302    1.184153    1.911148    1.934758    1.983662    0.999569    1.111161    2.033611
Iteration: 881 bestvalit: 144.355000 bestmemit:    0.005702    0.027179    0.094474    0.413681    0.280631    0.188284    0.285546    0.138449    0.105649    0.080102    0.389500    1.606981    0.030290    0.002384    0.005270    9.981247    9.183302    1.184153    1.911148    1.934758    1.983662    0.999569    1.111161    2.033611
Iteration: 882 bestvalit: 144.355000 bestmemit:    0.005702    0.027179    0.094474    0.413681    0.280631    0.188284    0.285546    0.138449    0.105649    0.080102    0.389500    1.606981    0.030290    0.002384    0.005270    9.981247    9.183302    1.184153    1.911148    1.934758    1.983662    0.999569    1.111161    2.033611
Iteration: 883 bestvalit: 144.355000 bestmemit:    0.005702    0.027179    0.094474    0.413681    0.280631    0.188284    0.285546    0.138449    0.105649    0.080102    0.389500    1.606981    0.030290    0.002384    0.005270    9.981247    9.183302    1.184153    1.911148    1.934758    1.983662    0.999569    1.111161    2.033611
Iteration: 884 bestvalit: 144.355000 bestmemit:    0.005702    0.027179    0.094474    0.413681    0.280631    0.188284    0.285546    0.138449    0.105649    0.080102    0.389500    1.606981    0.030290    0.002384    0.005270    9.981247    9.183302    1.184153    1.911148    1.934758    1.983662    0.999569    1.111161    2.033611
Iteration: 885 bestvalit: 144.355000 bestmemit:    0.005702    0.027179    0.094474    0.413681    0.280631    0.188284    0.285546    0.138449    0.105649    0.080102    0.389500    1.606981    0.030290    0.002384    0.005270    9.981247    9.183302    1.184153    1.911148    1.934758    1.983662    0.999569    1.111161    2.033611
Iteration: 886 bestvalit: 144.355000 bestmemit:    0.005702    0.027179    0.094474    0.413681    0.280631    0.188284    0.285546    0.138449    0.105649    0.080102    0.389500    1.606981    0.030290    0.002384    0.005270    9.981247    9.183302    1.184153    1.911148    1.934758    1.983662    0.999569    1.111161    2.033611
Iteration: 887 bestvalit: 144.355000 bestmemit:    0.005702    0.027179    0.094474    0.413681    0.280631    0.188284    0.285546    0.138449    0.105649    0.080102    0.389500    1.606981    0.030290    0.002384    0.005270    9.981247    9.183302    1.184153    1.911148    1.934758    1.983662    0.999569    1.111161    2.033611
Iteration: 888 bestvalit: 144.355000 bestmemit:    0.005702    0.027179    0.094474    0.413681    0.280631    0.188284    0.285546    0.138449    0.105649    0.080102    0.389500    1.606981    0.030290    0.002384    0.005270    9.981247    9.183302    1.184153    1.911148    1.934758    1.983662    0.999569    1.111161    2.033611
Iteration: 889 bestvalit: 144.355000 bestmemit:    0.005702    0.027179    0.094474    0.413681    0.280631    0.188284    0.285546    0.138449    0.105649    0.080102    0.389500    1.606981    0.030290    0.002384    0.005270    9.981247    9.183302    1.184153    1.911148    1.934758    1.983662    0.999569    1.111161    2.033611
Iteration: 890 bestvalit: 144.355000 bestmemit:    0.005702    0.027179    0.094474    0.413681    0.280631    0.188284    0.285546    0.138449    0.105649    0.080102    0.389500    1.606981    0.030290    0.002384    0.005270    9.981247    9.183302    1.184153    1.911148    1.934758    1.983662    0.999569    1.111161    2.033611
Iteration: 891 bestvalit: 144.355000 bestmemit:    0.005702    0.027179    0.094474    0.413681    0.280631    0.188284    0.285546    0.138449    0.105649    0.080102    0.389500    1.606981    0.030290    0.002384    0.005270    9.981247    9.183302    1.184153    1.911148    1.934758    1.983662    0.999569    1.111161    2.033611
Iteration: 892 bestvalit: 144.355000 bestmemit:    0.005702    0.027179    0.094474    0.413681    0.280631    0.188284    0.285546    0.138449    0.105649    0.080102    0.389500    1.606981    0.030290    0.002384    0.005270    9.981247    9.183302    1.184153    1.911148    1.934758    1.983662    0.999569    1.111161    2.033611
Iteration: 893 bestvalit: 144.355000 bestmemit:    0.005702    0.027179    0.094474    0.413681    0.280631    0.188284    0.285546    0.138449    0.105649    0.080102    0.389500    1.606981    0.030290    0.002384    0.005270    9.981247    9.183302    1.184153    1.911148    1.934758    1.983662    0.999569    1.111161    2.033611
Iteration: 894 bestvalit: 144.355000 bestmemit:    0.005702    0.027179    0.094474    0.413681    0.280631    0.188284    0.285546    0.138449    0.105649    0.080102    0.389500    1.606981    0.030290    0.002384    0.005270    9.981247    9.183302    1.184153    1.911148    1.934758    1.983662    0.999569    1.111161    2.033611
Iteration: 895 bestvalit: 144.355000 bestmemit:    0.005702    0.027179    0.094474    0.413681    0.280631    0.188284    0.285546    0.138449    0.105649    0.080102    0.389500    1.606981    0.030290    0.002384    0.005270    9.981247    9.183302    1.184153    1.911148    1.934758    1.983662    0.999569    1.111161    2.033611
Iteration: 896 bestvalit: 144.355000 bestmemit:    0.005702    0.027179    0.094474    0.413681    0.280631    0.188284    0.285546    0.138449    0.105649    0.080102    0.389500    1.606981    0.030290    0.002384    0.005270    9.981247    9.183302    1.184153    1.911148    1.934758    1.983662    0.999569    1.111161    2.033611
Iteration: 897 bestvalit: 144.355000 bestmemit:    0.005702    0.027179    0.094474    0.413681    0.280631    0.188284    0.285546    0.138449    0.105649    0.080102    0.389500    1.606981    0.030290    0.002384    0.005270    9.981247    9.183302    1.184153    1.911148    1.934758    1.983662    0.999569    1.111161    2.033611
Iteration: 898 bestvalit: 144.355000 bestmemit:    0.005702    0.027179    0.094474    0.413681    0.280631    0.188284    0.285546    0.138449    0.105649    0.080102    0.389500    1.606981    0.030290    0.002384    0.005270    9.981247    9.183302    1.184153    1.911148    1.934758    1.983662    0.999569    1.111161    2.033611
Iteration: 899 bestvalit: 144.355000 bestmemit:    0.005702    0.027179    0.094474    0.413681    0.280631    0.188284    0.285546    0.138449    0.105649    0.080102    0.389500    1.606981    0.030290    0.002384    0.005270    9.981247    9.183302    1.184153    1.911148    1.934758    1.983662    0.999569    1.111161    2.033611
Iteration: 900 bestvalit: 144.355000 bestmemit:    0.005702    0.027179    0.094474    0.413681    0.280631    0.188284    0.285546    0.138449    0.105649    0.080102    0.389500    1.606981    0.030290    0.002384    0.005270    9.981247    9.183302    1.184153    1.911148    1.934758    1.983662    0.999569    1.111161    2.033611
Iteration: 901 bestvalit: 144.355000 bestmemit:    0.005702    0.027179    0.094474    0.413681    0.280631    0.188284    0.285546    0.138449    0.105649    0.080102    0.389500    1.606981    0.030290    0.002384    0.005270    9.981247    9.183302    1.184153    1.911148    1.934758    1.983662    0.999569    1.111161    2.033611
Iteration: 902 bestvalit: 144.355000 bestmemit:    0.005702    0.027179    0.094474    0.413681    0.280631    0.188284    0.285546    0.138449    0.105649    0.080102    0.389500    1.606981    0.030290    0.002384    0.005270    9.981247    9.183302    1.184153    1.911148    1.934758    1.983662    0.999569    1.111161    2.033611
Iteration: 903 bestvalit: 144.355000 bestmemit:    0.005702    0.027179    0.094474    0.413681    0.280631    0.188284    0.285546    0.138449    0.105649    0.080102    0.389500    1.606981    0.030290    0.002384    0.005270    9.981247    9.183302    1.184153    1.911148    1.934758    1.983662    0.999569    1.111161    2.033611
Iteration: 904 bestvalit: 144.355000 bestmemit:    0.005702    0.027179    0.094474    0.413681    0.280631    0.188284    0.285546    0.138449    0.105649    0.080102    0.389500    1.606981    0.030290    0.002384    0.005270    9.981247    9.183302    1.184153    1.911148    1.934758    1.983662    0.999569    1.111161    2.033611
Iteration: 905 bestvalit: 144.355000 bestmemit:    0.005702    0.027179    0.094474    0.413681    0.280631    0.188284    0.285546    0.138449    0.105649    0.080102    0.389500    1.606981    0.030290    0.002384    0.005270    9.981247    9.183302    1.184153    1.911148    1.934758    1.983662    0.999569    1.111161    2.033611
Iteration: 906 bestvalit: 144.355000 bestmemit:    0.005702    0.027179    0.094474    0.413681    0.280631    0.188284    0.285546    0.138449    0.105649    0.080102    0.389500    1.606981    0.030290    0.002384    0.005270    9.981247    9.183302    1.184153    1.911148    1.934758    1.983662    0.999569    1.111161    2.033611
Iteration: 907 bestvalit: 144.355000 bestmemit:    0.005702    0.027179    0.094474    0.413681    0.280631    0.188284    0.285546    0.138449    0.105649    0.080102    0.389500    1.606981    0.030290    0.002384    0.005270    9.981247    9.183302    1.184153    1.911148    1.934758    1.983662    0.999569    1.111161    2.033611
Iteration: 908 bestvalit: 144.355000 bestmemit:    0.005702    0.027179    0.094474    0.413681    0.280631    0.188284    0.285546    0.138449    0.105649    0.080102    0.389500    1.606981    0.030290    0.002384    0.005270    9.981247    9.183302    1.184153    1.911148    1.934758    1.983662    0.999569    1.111161    2.033611
Iteration: 909 bestvalit: 144.355000 bestmemit:    0.005702    0.027179    0.094474    0.413681    0.280631    0.188284    0.285546    0.138449    0.105649    0.080102    0.389500    1.606981    0.030290    0.002384    0.005270    9.981247    9.183302    1.184153    1.911148    1.934758    1.983662    0.999569    1.111161    2.033611
Iteration: 910 bestvalit: 144.355000 bestmemit:    0.005702    0.027179    0.094474    0.413681    0.280631    0.188284    0.285546    0.138449    0.105649    0.080102    0.389500    1.606981    0.030290    0.002384    0.005270    9.981247    9.183302    1.184153    1.911148    1.934758    1.983662    0.999569    1.111161    2.033611
Iteration: 911 bestvalit: 144.355000 bestmemit:    0.005702    0.027179    0.094474    0.413681    0.280631    0.188284    0.285546    0.138449    0.105649    0.080102    0.389500    1.606981    0.030290    0.002384    0.005270    9.981247    9.183302    1.184153    1.911148    1.934758    1.983662    0.999569    1.111161    2.033611
Iteration: 912 bestvalit: 144.030000 bestmemit:    0.005702    0.027179    0.094474    0.413681    0.280631    0.188284    0.285546    0.138449    0.101125    0.080102    0.389500    1.606981    0.030290    0.002384    0.005270    9.981247    9.183302    1.184153    1.911148    1.934758    1.983662    0.999569    1.111161    2.033611
Iteration: 913 bestvalit: 144.030000 bestmemit:    0.005702    0.027179    0.094474    0.413681    0.280631    0.188284    0.285546    0.138449    0.101125    0.080102    0.389500    1.606981    0.030290    0.002384    0.005270    9.981247    9.183302    1.184153    1.911148    1.934758    1.983662    0.999569    1.111161    2.033611
Iteration: 914 bestvalit: 144.030000 bestmemit:    0.005702    0.027179    0.094474    0.413681    0.280631    0.188284    0.285546    0.138449    0.101125    0.080102    0.389500    1.606981    0.030290    0.002384    0.005270    9.981247    9.183302    1.184153    1.911148    1.934758    1.983662    0.999569    1.111161    2.033611
Iteration: 915 bestvalit: 144.030000 bestmemit:    0.005702    0.027179    0.094474    0.413681    0.280631    0.188284    0.285546    0.138449    0.101125    0.080102    0.389500    1.606981    0.030290    0.002384    0.005270    9.981247    9.183302    1.184153    1.911148    1.934758    1.983662    0.999569    1.111161    2.033611
Iteration: 916 bestvalit: 144.030000 bestmemit:    0.005702    0.027179    0.094474    0.413681    0.280631    0.188284    0.285546    0.138449    0.101125    0.080102    0.389500    1.606981    0.030290    0.002384    0.005270    9.981247    9.183302    1.184153    1.911148    1.934758    1.983662    0.999569    1.111161    2.033611
Iteration: 917 bestvalit: 138.850000 bestmemit:    0.005702    0.027179    0.094474    0.413681    0.280631    0.188284    0.285546    0.138449    0.101125    0.069509    0.389500    1.606981    0.030290    0.002384    0.005270    9.981247    9.183302    1.184153    1.911148    1.934758    1.983662    0.999569    1.111161    2.033611
Iteration: 918 bestvalit: 138.850000 bestmemit:    0.005702    0.027179    0.094474    0.413681    0.280631    0.188284    0.285546    0.138449    0.101125    0.069509    0.389500    1.606981    0.030290    0.002384    0.005270    9.981247    9.183302    1.184153    1.911148    1.934758    1.983662    0.999569    1.111161    2.033611
Iteration: 919 bestvalit: 138.850000 bestmemit:    0.005702    0.027179    0.094474    0.413681    0.280631    0.188284    0.285546    0.138449    0.101125    0.069509    0.389500    1.606981    0.030290    0.002384    0.005270    9.981247    9.183302    1.184153    1.911148    1.934758    1.983662    0.999569    1.111161    2.033611
Iteration: 920 bestvalit: 138.850000 bestmemit:    0.005702    0.027179    0.094474    0.413681    0.280631    0.188284    0.285546    0.138449    0.101125    0.069509    0.389500    1.606981    0.030290    0.002384    0.005270    9.981247    9.183302    1.184153    1.911148    1.934758    1.983662    0.999569    1.111161    2.033611
Iteration: 921 bestvalit: 138.850000 bestmemit:    0.005702    0.027179    0.094474    0.413681    0.280631    0.188284    0.285546    0.138449    0.101125    0.069509    0.389500    1.606981    0.030290    0.002384    0.005270    9.981247    9.183302    1.184153    1.911148    1.934758    1.983662    0.999569    1.111161    2.033611
Iteration: 922 bestvalit: 138.850000 bestmemit:    0.005702    0.027179    0.094474    0.413681    0.280631    0.188284    0.285546    0.138449    0.101125    0.069509    0.389500    1.606981    0.030290    0.002384    0.005270    9.981247    9.183302    1.184153    1.911148    1.934758    1.983662    0.999569    1.111161    2.033611
Iteration: 923 bestvalit: 138.850000 bestmemit:    0.005702    0.027179    0.094474    0.413681    0.280631    0.188284    0.285546    0.138449    0.101125    0.069509    0.389500    1.606981    0.030290    0.002384    0.005270    9.981247    9.183302    1.184153    1.911148    1.934758    1.983662    0.999569    1.111161    2.033611
Iteration: 924 bestvalit: 138.850000 bestmemit:    0.005702    0.027179    0.094474    0.413681    0.280631    0.188284    0.285546    0.138449    0.101125    0.069509    0.389500    1.606981    0.030290    0.002384    0.005270    9.981247    9.183302    1.184153    1.911148    1.934758    1.983662    0.999569    1.111161    2.033611
Iteration: 925 bestvalit: 138.850000 bestmemit:    0.005702    0.027179    0.094474    0.413681    0.280631    0.188284    0.285546    0.138449    0.101125    0.069509    0.389500    1.606981    0.030290    0.002384    0.005270    9.981247    9.183302    1.184153    1.911148    1.934758    1.983662    0.999569    1.111161    2.033611
Iteration: 926 bestvalit: 138.850000 bestmemit:    0.005702    0.027179    0.094474    0.413681    0.280631    0.188284    0.285546    0.138449    0.101125    0.069509    0.389500    1.606981    0.030290    0.002384    0.005270    9.981247    9.183302    1.184153    1.911148    1.934758    1.983662    0.999569    1.111161    2.033611
Iteration: 927 bestvalit: 138.850000 bestmemit:    0.005702    0.027179    0.094474    0.413681    0.280631    0.188284    0.285546    0.138449    0.101125    0.069509    0.389500    1.606981    0.030290    0.002384    0.005270    9.981247    9.183302    1.184153    1.911148    1.934758    1.983662    0.999569    1.111161    2.033611
Iteration: 928 bestvalit: 138.850000 bestmemit:    0.005702    0.027179    0.094474    0.413681    0.280631    0.188284    0.285546    0.138449    0.101125    0.069509    0.389500    1.606981    0.030290    0.002384    0.005270    9.981247    9.183302    1.184153    1.911148    1.934758    1.983662    0.999569    1.111161    2.033611
Iteration: 929 bestvalit: 138.850000 bestmemit:    0.005702    0.027179    0.094474    0.413681    0.280631    0.188284    0.285546    0.138449    0.101125    0.069509    0.389500    1.606981    0.030290    0.002384    0.005270    9.981247    9.183302    1.184153    1.911148    1.934758    1.983662    0.999569    1.111161    2.033611
Iteration: 930 bestvalit: 138.850000 bestmemit:    0.005702    0.027179    0.094474    0.413681    0.280631    0.188284    0.285546    0.138449    0.101125    0.069509    0.389500    1.606981    0.030290    0.002384    0.005270    9.981247    9.183302    1.184153    1.911148    1.934758    1.983662    0.999569    1.111161    2.033611
Iteration: 931 bestvalit: 138.850000 bestmemit:    0.005702    0.027179    0.094474    0.413681    0.280631    0.188284    0.285546    0.138449    0.101125    0.069509    0.389500    1.606981    0.030290    0.002384    0.005270    9.981247    9.183302    1.184153    1.911148    1.934758    1.983662    0.999569    1.111161    2.033611
Iteration: 932 bestvalit: 138.850000 bestmemit:    0.005702    0.027179    0.094474    0.413681    0.280631    0.188284    0.285546    0.138449    0.101125    0.069509    0.389500    1.606981    0.030290    0.002384    0.005270    9.981247    9.183302    1.184153    1.911148    1.934758    1.983662    0.999569    1.111161    2.033611
Iteration: 933 bestvalit: 138.850000 bestmemit:    0.005702    0.027179    0.094474    0.413681    0.280631    0.188284    0.285546    0.138449    0.101125    0.069509    0.389500    1.606981    0.030290    0.002384    0.005270    9.981247    9.183302    1.184153    1.911148    1.934758    1.983662    0.999569    1.111161    2.033611
Iteration: 934 bestvalit: 138.315000 bestmemit:    0.005702    0.027179    0.094474    0.413681    0.280631    0.188284    0.285546    0.138449    0.101125    0.069509    0.389500    1.606981    0.030290    0.002384    0.005270    9.981247    9.183302    1.184153    1.911148    1.934758    1.983662    0.999569    1.108458    2.033611
Iteration: 935 bestvalit: 138.315000 bestmemit:    0.005702    0.027179    0.094474    0.413681    0.280631    0.188284    0.285546    0.138449    0.101125    0.069509    0.389500    1.606981    0.030290    0.002384    0.005270    9.981247    9.183302    1.184153    1.911148    1.934758    1.983662    0.999569    1.108458    2.033611
Iteration: 936 bestvalit: 138.315000 bestmemit:    0.005702    0.027179    0.094474    0.413681    0.280631    0.188284    0.285546    0.138449    0.101125    0.069509    0.389500    1.606981    0.030290    0.002384    0.005270    9.981247    9.183302    1.184153    1.911148    1.934758    1.983662    0.999569    1.108458    2.033611
Iteration: 937 bestvalit: 138.315000 bestmemit:    0.005702    0.027179    0.094474    0.413681    0.280631    0.188284    0.285546    0.138449    0.101125    0.069509    0.389500    1.606981    0.030290    0.002384    0.005270    9.981247    9.183302    1.184153    1.911148    1.934758    1.983662    0.999569    1.108458    2.033611
Iteration: 938 bestvalit: 138.315000 bestmemit:    0.005702    0.027179    0.094474    0.413681    0.280631    0.188284    0.285546    0.138449    0.101125    0.069509    0.389500    1.606981    0.030290    0.002384    0.005270    9.981247    9.183302    1.184153    1.911148    1.934758    1.983662    0.999569    1.108458    2.033611
Iteration: 939 bestvalit: 138.315000 bestmemit:    0.005702    0.027179    0.094474    0.413681    0.280631    0.188284    0.285546    0.138449    0.101125    0.069509    0.389500    1.606981    0.030290    0.002384    0.005270    9.981247    9.183302    1.184153    1.911148    1.934758    1.983662    0.999569    1.108458    2.033611
Iteration: 940 bestvalit: 138.315000 bestmemit:    0.005702    0.027179    0.094474    0.413681    0.280631    0.188284    0.285546    0.138449    0.101125    0.069509    0.389500    1.606981    0.030290    0.002384    0.005270    9.981247    9.183302    1.184153    1.911148    1.934758    1.983662    0.999569    1.108458    2.033611
Iteration: 941 bestvalit: 138.315000 bestmemit:    0.005702    0.027179    0.094474    0.413681    0.280631    0.188284    0.285546    0.138449    0.101125    0.069509    0.389500    1.606981    0.030290    0.002384    0.005270    9.981247    9.183302    1.184153    1.911148    1.934758    1.983662    0.999569    1.108458    2.033611
Iteration: 942 bestvalit: 138.315000 bestmemit:    0.005702    0.027179    0.094474    0.413681    0.280631    0.188284    0.285546    0.138449    0.101125    0.069509    0.389500    1.606981    0.030290    0.002384    0.005270    9.981247    9.183302    1.184153    1.911148    1.934758    1.983662    0.999569    1.108458    2.033611
Iteration: 943 bestvalit: 138.315000 bestmemit:    0.005702    0.027179    0.094474    0.413681    0.280631    0.188284    0.285546    0.138449    0.101125    0.069509    0.389500    1.606981    0.030290    0.002384    0.005270    9.981247    9.183302    1.184153    1.911148    1.934758    1.983662    0.999569    1.108458    2.033611
Iteration: 944 bestvalit: 138.315000 bestmemit:    0.005702    0.027179    0.094474    0.413681    0.280631    0.188284    0.285546    0.138449    0.101125    0.069509    0.389500    1.606981    0.030290    0.002384    0.005270    9.981247    9.183302    1.184153    1.911148    1.934758    1.983662    0.999569    1.108458    2.033611
Iteration: 945 bestvalit: 138.315000 bestmemit:    0.005702    0.027179    0.094474    0.413681    0.280631    0.188284    0.285546    0.138449    0.101125    0.069509    0.389500    1.606981    0.030290    0.002384    0.005270    9.981247    9.183302    1.184153    1.911148    1.934758    1.983662    0.999569    1.108458    2.033611
Iteration: 946 bestvalit: 138.315000 bestmemit:    0.005702    0.027179    0.094474    0.413681    0.280631    0.188284    0.285546    0.138449    0.101125    0.069509    0.389500    1.606981    0.030290    0.002384    0.005270    9.981247    9.183302    1.184153    1.911148    1.934758    1.983662    0.999569    1.108458    2.033611
Iteration: 947 bestvalit: 138.315000 bestmemit:    0.005702    0.027179    0.094474    0.413681    0.280631    0.188284    0.285546    0.138449    0.101125    0.069509    0.389500    1.606981    0.030290    0.002384    0.005270    9.981247    9.183302    1.184153    1.911148    1.934758    1.983662    0.999569    1.108458    2.033611
Iteration: 948 bestvalit: 138.315000 bestmemit:    0.005702    0.027179    0.094474    0.413681    0.280631    0.188284    0.285546    0.138449    0.101125    0.069509    0.389500    1.606981    0.030290    0.002384    0.005270    9.981247    9.183302    1.184153    1.911148    1.934758    1.983662    0.999569    1.108458    2.033611
Iteration: 949 bestvalit: 138.315000 bestmemit:    0.005702    0.027179    0.094474    0.413681    0.280631    0.188284    0.285546    0.138449    0.101125    0.069509    0.389500    1.606981    0.030290    0.002384    0.005270    9.981247    9.183302    1.184153    1.911148    1.934758    1.983662    0.999569    1.108458    2.033611
Iteration: 950 bestvalit: 138.315000 bestmemit:    0.005702    0.027179    0.094474    0.413681    0.280631    0.188284    0.285546    0.138449    0.101125    0.069509    0.389500    1.606981    0.030290    0.002384    0.005270    9.981247    9.183302    1.184153    1.911148    1.934758    1.983662    0.999569    1.108458    2.033611
Iteration: 951 bestvalit: 138.295000 bestmemit:    0.005702    0.027179    0.094474    0.413681    0.280631    0.188284    0.285546    0.138449    0.101125    0.069509    0.389500    1.606981    0.030290    0.002384    0.005270    9.953287    9.183302    1.184153    1.911148    1.934758    1.983662    0.999569    1.108458    2.033611
Iteration: 952 bestvalit: 138.295000 bestmemit:    0.005702    0.027179    0.094474    0.413681    0.280631    0.188284    0.285546    0.138449    0.101125    0.069509    0.389500    1.606981    0.030290    0.002384    0.005270    9.953287    9.183302    1.184153    1.911148    1.934758    1.983662    0.999569    1.108458    2.033611
Iteration: 953 bestvalit: 138.295000 bestmemit:    0.005702    0.027179    0.094474    0.413681    0.280631    0.188284    0.285546    0.138449    0.101125    0.069509    0.389500    1.606981    0.030290    0.002384    0.005270    9.953287    9.183302    1.184153    1.911148    1.934758    1.983662    0.999569    1.108458    2.033611
Iteration: 954 bestvalit: 138.295000 bestmemit:    0.005702    0.027179    0.094474    0.413681    0.280631    0.188284    0.285546    0.138449    0.101125    0.069509    0.389500    1.606981    0.030290    0.002384    0.005270    9.953287    9.183302    1.184153    1.911148    1.934758    1.983662    0.999569    1.108458    2.033611
Iteration: 955 bestvalit: 138.295000 bestmemit:    0.005702    0.027179    0.094474    0.413681    0.280631    0.188284    0.285546    0.138449    0.101125    0.069509    0.389500    1.606981    0.030290    0.002384    0.005270    9.953287    9.183302    1.184153    1.911148    1.934758    1.983662    0.999569    1.108458    2.033611
Iteration: 956 bestvalit: 138.295000 bestmemit:    0.005702    0.027179    0.094474    0.413681    0.280631    0.188284    0.285546    0.138449    0.101125    0.069509    0.389500    1.606981    0.030290    0.002384    0.005270    9.953287    9.183302    1.184153    1.911148    1.934758    1.983662    0.999569    1.108458    2.033611
Iteration: 957 bestvalit: 138.295000 bestmemit:    0.005702    0.027179    0.094474    0.413681    0.280631    0.188284    0.285546    0.138449    0.101125    0.069509    0.389500    1.606981    0.030290    0.002384    0.005270    9.953287    9.183302    1.184153    1.911148    1.934758    1.983662    0.999569    1.108458    2.033611
Iteration: 958 bestvalit: 138.295000 bestmemit:    0.005702    0.027179    0.094474    0.413681    0.280631    0.188284    0.285546    0.138449    0.101125    0.069509    0.389500    1.606981    0.030290    0.002384    0.005270    9.953287    9.183302    1.184153    1.911148    1.934758    1.983662    0.999569    1.108458    2.033611
Iteration: 959 bestvalit: 138.295000 bestmemit:    0.005702    0.027179    0.094474    0.413681    0.280631    0.188284    0.285546    0.138449    0.101125    0.069509    0.389500    1.606981    0.030290    0.002384    0.005270    9.953287    9.183302    1.184153    1.911148    1.934758    1.983662    0.999569    1.108458    2.033611
Iteration: 960 bestvalit: 138.295000 bestmemit:    0.005702    0.027179    0.094474    0.413681    0.280631    0.188284    0.285546    0.138449    0.101125    0.069509    0.389500    1.606981    0.030290    0.002384    0.005270    9.953287    9.183302    1.184153    1.911148    1.934758    1.983662    0.999569    1.108458    2.033611
Iteration: 961 bestvalit: 138.295000 bestmemit:    0.005702    0.027179    0.094474    0.413681    0.280631    0.188284    0.285546    0.138449    0.101125    0.069509    0.389500    1.606981    0.030290    0.002384    0.005270    9.953287    9.183302    1.184153    1.911148    1.934758    1.983662    0.999569    1.108458    2.033611
Iteration: 962 bestvalit: 138.295000 bestmemit:    0.005702    0.027179    0.094474    0.413681    0.280631    0.188284    0.285546    0.138449    0.101125    0.069509    0.389500    1.606981    0.030290    0.002384    0.005270    9.953287    9.183302    1.184153    1.911148    1.934758    1.983662    0.999569    1.108458    2.033611
Iteration: 963 bestvalit: 138.295000 bestmemit:    0.005702    0.027179    0.094474    0.413681    0.280631    0.188284    0.285546    0.138449    0.101125    0.069509    0.389500    1.606981    0.030290    0.002384    0.005270    9.953287    9.183302    1.184153    1.911148    1.934758    1.983662    0.999569    1.108458    2.033611
Iteration: 964 bestvalit: 138.295000 bestmemit:    0.005702    0.027179    0.094474    0.413681    0.280631    0.188284    0.285546    0.138449    0.101125    0.069509    0.389500    1.606981    0.030290    0.002384    0.005270    9.953287    9.183302    1.184153    1.911148    1.934758    1.983662    0.999569    1.108458    2.033611
Iteration: 965 bestvalit: 138.295000 bestmemit:    0.005702    0.027179    0.094474    0.413681    0.280631    0.188284    0.285546    0.138449    0.101125    0.069509    0.389500    1.606981    0.030290    0.002384    0.005270    9.953287    9.183302    1.184153    1.911148    1.934758    1.983662    0.999569    1.108458    2.033611
Iteration: 966 bestvalit: 138.295000 bestmemit:    0.005702    0.027179    0.094474    0.413681    0.280631    0.188284    0.285546    0.138449    0.101125    0.069509    0.389500    1.606981    0.030290    0.002384    0.005270    9.953287    9.183302    1.184153    1.911148    1.934758    1.983662    0.999569    1.108458    2.033611
Iteration: 967 bestvalit: 138.295000 bestmemit:    0.005702    0.027179    0.094474    0.413681    0.280631    0.188284    0.285546    0.138449    0.101125    0.069509    0.389500    1.606981    0.030290    0.002384    0.005270    9.953287    9.183302    1.184153    1.911148    1.934758    1.983662    0.999569    1.108458    2.033611
Iteration: 968 bestvalit: 138.295000 bestmemit:    0.005702    0.027179    0.094474    0.413681    0.280631    0.188284    0.285546    0.138449    0.101125    0.069509    0.389500    1.606981    0.030290    0.002384    0.005270    9.953287    9.183302    1.184153    1.911148    1.934758    1.983662    0.999569    1.108458    2.033611
Iteration: 969 bestvalit: 138.295000 bestmemit:    0.005702    0.027179    0.094474    0.413681    0.280631    0.188284    0.285546    0.138449    0.101125    0.069509    0.389500    1.606981    0.030290    0.002384    0.005270    9.953287    9.183302    1.184153    1.911148    1.934758    1.983662    0.999569    1.108458    2.033611
Iteration: 970 bestvalit: 138.245000 bestmemit:    0.005702    0.027179    0.094474    0.413681    0.280631    0.188284    0.285546    0.138449    0.101125    0.069509    0.389500    1.606981    0.030290    0.002384    0.005270    9.953287    8.971731    1.184153    1.911148    1.934758    1.983662    0.999569    1.108458    2.033611
Iteration: 971 bestvalit: 138.245000 bestmemit:    0.005702    0.027179    0.094474    0.413681    0.280631    0.188284    0.285546    0.138449    0.101125    0.069509    0.389500    1.606981    0.030290    0.002384    0.005270    9.953287    8.971731    1.184153    1.911148    1.934758    1.983662    0.999569    1.108458    2.033611
Iteration: 972 bestvalit: 138.245000 bestmemit:    0.005702    0.027179    0.094474    0.413681    0.280631    0.188284    0.285546    0.138449    0.101125    0.069509    0.389500    1.606981    0.030290    0.002384    0.005270    9.953287    8.971731    1.184153    1.911148    1.934758    1.983662    0.999569    1.108458    2.033611
Iteration: 973 bestvalit: 138.245000 bestmemit:    0.005702    0.027179    0.094474    0.413681    0.280631    0.188284    0.285546    0.138449    0.101125    0.069509    0.389500    1.606981    0.030290    0.002384    0.005270    9.953287    8.971731    1.184153    1.911148    1.934758    1.983662    0.999569    1.108458    2.033611
Iteration: 974 bestvalit: 138.245000 bestmemit:    0.005702    0.027179    0.094474    0.413681    0.280631    0.188284    0.285546    0.138449    0.101125    0.069509    0.389500    1.606981    0.030290    0.002384    0.005270    9.953287    8.971731    1.184153    1.911148    1.934758    1.983662    0.999569    1.108458    2.033611
Iteration: 975 bestvalit: 138.225000 bestmemit:    0.005702    0.027179    0.094474    0.413681    0.280631    0.188284    0.285546    0.138449    0.101125    0.069509    0.389500    1.606981    0.030290    0.002384    0.005270    9.953287    8.971731    1.184153    1.911148    1.934758    1.983662    0.999785    1.108458    2.033611
Iteration: 976 bestvalit: 138.225000 bestmemit:    0.005702    0.027179    0.094474    0.413681    0.280631    0.188284    0.285546    0.138449    0.101125    0.069509    0.389500    1.606981    0.030290    0.002384    0.005270    9.953287    8.971731    1.184153    1.911148    1.934758    1.983662    0.999785    1.108458    2.033611
Iteration: 977 bestvalit: 138.225000 bestmemit:    0.005702    0.027179    0.094474    0.413681    0.280631    0.188284    0.285546    0.138449    0.101125    0.069509    0.389500    1.606981    0.030290    0.002384    0.005270    9.953287    8.971731    1.184153    1.911148    1.934758    1.983662    0.999785    1.108458    2.033611
Iteration: 978 bestvalit: 138.225000 bestmemit:    0.005702    0.027179    0.094474    0.413681    0.280631    0.188284    0.285546    0.138449    0.101125    0.069509    0.389500    1.606981    0.030290    0.002384    0.005270    9.953287    8.971731    1.184153    1.911148    1.934758    1.983662    0.999785    1.108458    2.033611
Iteration: 979 bestvalit: 138.225000 bestmemit:    0.005702    0.027179    0.094474    0.413681    0.280631    0.188284    0.285546    0.138449    0.101125    0.069509    0.389500    1.606981    0.030290    0.002384    0.005270    9.953287    8.971731    1.184153    1.911148    1.934758    1.983662    0.999785    1.108458    2.033611
Iteration: 980 bestvalit: 138.225000 bestmemit:    0.005702    0.027179    0.094474    0.413681    0.280631    0.188284    0.285546    0.138449    0.101125    0.069509    0.389500    1.606981    0.030290    0.002384    0.005270    9.953287    8.971731    1.184153    1.911148    1.934758    1.983662    0.999785    1.108458    2.033611
Iteration: 981 bestvalit: 138.225000 bestmemit:    0.005702    0.027179    0.094474    0.413681    0.280631    0.188284    0.285546    0.138449    0.101125    0.069509    0.389500    1.606981    0.030290    0.002384    0.005270    9.953287    8.971731    1.184153    1.911148    1.934758    1.983662    0.999785    1.108458    2.033611
Iteration: 982 bestvalit: 138.225000 bestmemit:    0.005702    0.027179    0.094474    0.413681    0.280631    0.188284    0.285546    0.138449    0.101125    0.069509    0.389500    1.606981    0.030290    0.002384    0.005270    9.953287    8.971731    1.184153    1.911148    1.934758    1.983662    0.999785    1.108458    2.033611
Iteration: 983 bestvalit: 138.225000 bestmemit:    0.005702    0.027179    0.094474    0.413681    0.280631    0.188284    0.285546    0.138449    0.101125    0.069509    0.389500    1.606981    0.030290    0.002384    0.005270    9.953287    8.971731    1.184153    1.911148    1.934758    1.983662    0.999785    1.108458    2.033611
Iteration: 984 bestvalit: 138.225000 bestmemit:    0.005702    0.027179    0.094474    0.413681    0.280631    0.188284    0.285546    0.138449    0.101125    0.069509    0.389500    1.606981    0.030290    0.002384    0.005270    9.953287    8.971731    1.184153    1.911148    1.934758    1.983662    0.999785    1.108458    2.033611
Iteration: 985 bestvalit: 138.225000 bestmemit:    0.005702    0.027179    0.094474    0.413681    0.280631    0.188284    0.285546    0.138449    0.101125    0.069509    0.389500    1.606981    0.030290    0.002384    0.005270    9.953287    8.971731    1.184153    1.911148    1.934758    1.983662    0.999785    1.108458    2.033611
Iteration: 986 bestvalit: 138.225000 bestmemit:    0.005702    0.027179    0.094474    0.413681    0.280631    0.188284    0.285546    0.138449    0.101125    0.069509    0.389500    1.606981    0.030290    0.002384    0.005270    9.953287    8.971731    1.184153    1.911148    1.934758    1.983662    0.999785    1.108458    2.033611
Iteration: 987 bestvalit: 138.225000 bestmemit:    0.005702    0.027179    0.094474    0.413681    0.280631    0.188284    0.285546    0.138449    0.101125    0.069509    0.389500    1.606981    0.030290    0.002384    0.005270    9.953287    8.971731    1.184153    1.911148    1.934758    1.983662    0.999785    1.108458    2.033611
Iteration: 988 bestvalit: 137.755000 bestmemit:    0.005702    0.027179    0.094474    0.413681    0.280631    0.188284    0.285546    0.138449    0.101125    0.069509    0.389500    1.606981    0.035423    0.002384    0.005270    9.953287    8.971731    1.184153    1.911148    1.934758    1.983662    0.999785    1.108458    2.033611
Iteration: 989 bestvalit: 137.755000 bestmemit:    0.005702    0.027179    0.094474    0.413681    0.280631    0.188284    0.285546    0.138449    0.101125    0.069509    0.389500    1.606981    0.035423    0.002384    0.005270    9.953287    8.971731    1.184153    1.911148    1.934758    1.983662    0.999785    1.108458    2.033611
Iteration: 990 bestvalit: 137.755000 bestmemit:    0.005702    0.027179    0.094474    0.413681    0.280631    0.188284    0.285546    0.138449    0.101125    0.069509    0.389500    1.606981    0.035423    0.002384    0.005270    9.953287    8.971731    1.184153    1.911148    1.934758    1.983662    0.999785    1.108458    2.033611
Iteration: 991 bestvalit: 137.755000 bestmemit:    0.005702    0.027179    0.094474    0.413681    0.280631    0.188284    0.285546    0.138449    0.101125    0.069509    0.389500    1.606981    0.035423    0.002384    0.005270    9.953287    8.971731    1.184153    1.911148    1.934758    1.983662    0.999785    1.108458    2.033611
Iteration: 992 bestvalit: 137.755000 bestmemit:    0.005702    0.027179    0.094474    0.413681    0.280631    0.188284    0.285546    0.138449    0.101125    0.069509    0.389500    1.606981    0.035423    0.002384    0.005270    9.953287    8.971731    1.184153    1.911148    1.934758    1.983662    0.999785    1.108458    2.033611
Iteration: 993 bestvalit: 137.755000 bestmemit:    0.005702    0.027179    0.094474    0.413681    0.280631    0.188284    0.285546    0.138449    0.101125    0.069509    0.389500    1.606981    0.035423    0.002384    0.005270    9.953287    8.971731    1.184153    1.911148    1.934758    1.983662    0.999785    1.108458    2.033611
Iteration: 994 bestvalit: 137.755000 bestmemit:    0.005702    0.027179    0.094474    0.413681    0.280631    0.188284    0.285546    0.138449    0.101125    0.069509    0.389500    1.606981    0.035423    0.002384    0.005270    9.953287    8.971731    1.184153    1.911148    1.934758    1.983662    0.999785    1.108458    2.033611
Iteration: 995 bestvalit: 137.755000 bestmemit:    0.005702    0.027179    0.094474    0.413681    0.280631    0.188284    0.285546    0.138449    0.101125    0.069509    0.389500    1.606981    0.035423    0.002384    0.005270    9.953287    8.971731    1.184153    1.911148    1.934758    1.983662    0.999785    1.108458    2.033611
Iteration: 996 bestvalit: 137.755000 bestmemit:    0.005702    0.027179    0.094474    0.413681    0.280631    0.188284    0.285546    0.138449    0.101125    0.069509    0.389500    1.606981    0.035423    0.002384    0.005270    9.953287    8.971731    1.184153    1.911148    1.934758    1.983662    0.999785    1.108458    2.033611
Iteration: 997 bestvalit: 137.755000 bestmemit:    0.005702    0.027179    0.094474    0.413681    0.280631    0.188284    0.285546    0.138449    0.101125    0.069509    0.389500    1.606981    0.035423    0.002384    0.005270    9.953287    8.971731    1.184153    1.911148    1.934758    1.983662    0.999785    1.108458    2.033611
Iteration: 998 bestvalit: 137.755000 bestmemit:    0.005702    0.027179    0.094474    0.413681    0.280631    0.188284    0.285546    0.138449    0.101125    0.069509    0.389500    1.606981    0.035423    0.002384    0.005270    9.953287    8.971731    1.184153    1.911148    1.934758    1.983662    0.999785    1.108458    2.033611
Iteration: 999 bestvalit: 137.755000 bestmemit:    0.005702    0.027179    0.094474    0.413681    0.280631    0.188284    0.285546    0.138449    0.101125    0.069509    0.389500    1.606981    0.035423    0.002384    0.005270    9.953287    8.971731    1.184153    1.911148    1.934758    1.983662    0.999785    1.108458    2.033611
Iteration: 1000 bestvalit: 137.755000 bestmemit:    0.005702    0.027179    0.094474    0.413681    0.280631    0.188284    0.285546    0.138449    0.101125    0.069509    0.389500    1.606981    0.035423    0.002384    0.005270    9.953287    8.971731    1.184153    1.911148    1.934758    1.983662    0.999785    1.108458    2.033611
       par1        par2        par3        par4        par5        par6        par7        par8        par9       par10       par11       par12       par13 
0.005702146 0.027178930 0.094473598 0.413680655 0.280630703 0.188283550 0.285545934 0.138448909 0.101125423 0.069509177 0.389499742 1.606980749 0.035423254 
      par14       par15       par16       par17       par18       par19       par20       par21       par22       par23       par24 
0.002384421 0.005270338 9.953287240 8.971731252 1.184152759 1.911148034 1.934757573 1.983661815 0.999785089 1.108458443 2.033611333 
