Iteration: 1 bestvalit: 958.200000 bestmemit:    0.001463    0.040725    0.079063    0.708580    0.001712    0.264035    0.068761    0.298741    0.596154    0.408845    0.329281    3.434927    0.053028    0.092600    0.031795    9.935647    9.638252    0.228206    1.826971    1.909746    1.684966    0.829256    0.985537    1.873290
Iteration: 2 bestvalit: 942.025000 bestmemit:    0.001463    0.046459    0.079063    0.708580    0.001712    0.264035    0.068761    0.298741    0.596154    0.408845    0.329281    3.434927    0.053028    0.092600    0.031795    9.935647    9.638252    0.228206    1.826971    1.909746    1.684966    0.829256    0.985537    1.873290
Iteration: 3 bestvalit: 914.090000 bestmemit:    0.001463    0.046459    0.079063    0.708580    0.001712    0.264035    0.068761    0.345558    0.535045    0.408845    0.329281    3.434927    0.053028    0.092600    0.031795    9.935647    9.638252    0.228206    1.826971    1.909746    1.684966    0.829256    0.985537    1.873290
Iteration: 4 bestvalit: 913.405000 bestmemit:    0.001463    0.046459    0.079063    0.708580    0.001712    0.264035    0.068761    0.345558    0.535045    0.331912    0.329281    3.434927    0.053028    0.092600    0.031795    9.935647    9.638252    0.228206    1.826971    1.909746    1.684966    0.829256    0.985537    1.873290
Iteration: 5 bestvalit: 913.405000 bestmemit:    0.001463    0.046459    0.079063    0.708580    0.001712    0.264035    0.068761    0.345558    0.535045    0.331912    0.329281    3.434927    0.053028    0.092600    0.031795    9.935647    9.638252    0.228206    1.826971    1.909746    1.684966    0.829256    0.985537    1.873290
Iteration: 6 bestvalit: 913.405000 bestmemit:    0.001463    0.046459    0.079063    0.708580    0.001712    0.264035    0.068761    0.345558    0.535045    0.331912    0.329281    3.434927    0.053028    0.092600    0.031795    9.935647    9.638252    0.228206    1.826971    1.909746    1.684966    0.829256    0.985537    1.873290
Iteration: 7 bestvalit: 913.405000 bestmemit:    0.001463    0.046459    0.079063    0.708580    0.001712    0.264035    0.068761    0.345558    0.535045    0.331912    0.329281    3.434927    0.053028    0.092600    0.031795    9.935647    9.638252    0.228206    1.826971    1.909746    1.684966    0.829256    0.985537    1.873290
Iteration: 8 bestvalit: 857.200000 bestmemit:    0.001463    0.046459    0.079063    0.708580    0.001712    0.264035    0.068761    0.345558    0.535045    0.331912    0.329281    3.434927    0.053028    0.006418    0.018500    9.935647    9.638252    0.228206    1.826971    1.909746    1.684966    0.829256    0.985537    1.873290
Iteration: 9 bestvalit: 629.885000 bestmemit:    0.012347    0.048673    0.062520    0.687474    0.317475    0.347707    0.012565    0.387771    0.183049    0.453783    0.295034    0.887743    0.086737    0.040020    0.082650    9.525323    6.818396    1.995329    1.922133    1.832391    1.690628    0.463223    1.122282    1.845643
Iteration: 10 bestvalit: 619.825000 bestmemit:    0.012347    0.048673    0.062520    0.687474    0.317475    0.347707    0.012565    0.378576    0.183049    0.453783    0.295034    0.887743    0.086737    0.040020    0.082650    9.525323    6.818396    1.995329    1.922133    1.832391    1.690628    0.463223    1.122282    1.845643
Iteration: 11 bestvalit: 619.825000 bestmemit:    0.012347    0.048673    0.062520    0.687474    0.317475    0.347707    0.012565    0.378576    0.183049    0.453783    0.295034    0.887743    0.086737    0.040020    0.082650    9.525323    6.818396    1.995329    1.922133    1.832391    1.690628    0.463223    1.122282    1.845643
Iteration: 12 bestvalit: 461.790000 bestmemit:    0.012347    0.048673    0.062520    0.687474    0.317475    0.347707    0.012565    0.378576    0.183049    0.453783    0.295034    2.675508    0.031300    0.005358    0.082650    9.525323    6.818396    1.995329    1.922133    1.832391    1.690628    0.463223    1.122282    1.845643
Iteration: 13 bestvalit: 444.990000 bestmemit:    0.012347    0.048673    0.062520    0.687474    0.317475    0.347707    0.012565    0.378576    0.183049    0.453783    0.295034    2.675508    0.031300    0.005358    0.082650    9.525323    6.818396    1.995329    1.902792    1.921778    1.721993    0.463223    1.122282    1.845643
Iteration: 14 bestvalit: 444.990000 bestmemit:    0.012347    0.048673    0.062520    0.687474    0.317475    0.347707    0.012565    0.378576    0.183049    0.453783    0.295034    2.675508    0.031300    0.005358    0.082650    9.525323    6.818396    1.995329    1.902792    1.921778    1.721993    0.463223    1.122282    1.845643
Iteration: 15 bestvalit: 444.990000 bestmemit:    0.012347    0.048673    0.062520    0.687474    0.317475    0.347707    0.012565    0.378576    0.183049    0.453783    0.295034    2.675508    0.031300    0.005358    0.082650    9.525323    6.818396    1.995329    1.902792    1.921778    1.721993    0.463223    1.122282    1.845643
Iteration: 16 bestvalit: 444.990000 bestmemit:    0.012347    0.048673    0.062520    0.687474    0.317475    0.347707    0.012565    0.378576    0.183049    0.453783    0.295034    2.675508    0.031300    0.005358    0.082650    9.525323    6.818396    1.995329    1.902792    1.921778    1.721993    0.463223    1.122282    1.845643
Iteration: 17 bestvalit: 439.425000 bestmemit:    0.012347    0.048673    0.062520    0.687474    0.317475    0.347707    0.012565    0.378576    0.183049    0.453783    0.295034    2.675508    0.031300    0.005358    0.082650    9.525323    6.818396    1.995329    1.902792    1.921778    1.721993    0.463223    1.122282    1.854292
Iteration: 18 bestvalit: 439.425000 bestmemit:    0.012347    0.048673    0.062520    0.687474    0.317475    0.347707    0.012565    0.378576    0.183049    0.453783    0.295034    2.675508    0.031300    0.005358    0.082650    9.525323    6.818396    1.995329    1.902792    1.921778    1.721993    0.463223    1.122282    1.854292
Iteration: 19 bestvalit: 439.425000 bestmemit:    0.012347    0.048673    0.062520    0.687474    0.317475    0.347707    0.012565    0.378576    0.183049    0.453783    0.295034    2.675508    0.031300    0.005358    0.082650    9.525323    6.818396    1.995329    1.902792    1.921778    1.721993    0.463223    1.122282    1.854292
Iteration: 20 bestvalit: 439.425000 bestmemit:    0.012347    0.048673    0.062520    0.687474    0.317475    0.347707    0.012565    0.378576    0.183049    0.453783    0.295034    2.675508    0.031300    0.005358    0.082650    9.525323    6.818396    1.995329    1.902792    1.921778    1.721993    0.463223    1.122282    1.854292
Iteration: 21 bestvalit: 381.955000 bestmemit:    0.012347    0.048673    0.062520    0.687474    0.317475    0.351416    0.072418    0.391362    0.153539    0.432220    0.255660    2.675508    0.031300    0.005358    0.082650    9.525323    6.818396    1.995329    1.902792    1.921778    1.721993    0.463223    1.122282    1.854292
Iteration: 22 bestvalit: 381.955000 bestmemit:    0.012347    0.048673    0.062520    0.687474    0.317475    0.351416    0.072418    0.391362    0.153539    0.432220    0.255660    2.675508    0.031300    0.005358    0.082650    9.525323    6.818396    1.995329    1.902792    1.921778    1.721993    0.463223    1.122282    1.854292
Iteration: 23 bestvalit: 381.955000 bestmemit:    0.012347    0.048673    0.062520    0.687474    0.317475    0.351416    0.072418    0.391362    0.153539    0.432220    0.255660    2.675508    0.031300    0.005358    0.082650    9.525323    6.818396    1.995329    1.902792    1.921778    1.721993    0.463223    1.122282    1.854292
Iteration: 24 bestvalit: 381.955000 bestmemit:    0.012347    0.048673    0.062520    0.687474    0.317475    0.351416    0.072418    0.391362    0.153539    0.432220    0.255660    2.675508    0.031300    0.005358    0.082650    9.525323    6.818396    1.995329    1.902792    1.921778    1.721993    0.463223    1.122282    1.854292
Iteration: 25 bestvalit: 381.955000 bestmemit:    0.012347    0.048673    0.062520    0.687474    0.317475    0.351416    0.072418    0.391362    0.153539    0.432220    0.255660    2.675508    0.031300    0.005358    0.082650    9.525323    6.818396    1.995329    1.902792    1.921778    1.721993    0.463223    1.122282    1.854292
Iteration: 26 bestvalit: 374.515000 bestmemit:    0.012347    0.048673    0.068184    0.687474    0.317475    0.351416    0.072418    0.391362    0.153539    0.432220    0.255660    2.675508    0.031300    0.005358    0.082650    9.525323    6.818396    1.995329    1.902792    1.921778    1.721993    0.463223    1.122282    1.854292
Iteration: 27 bestvalit: 374.515000 bestmemit:    0.012347    0.048673    0.068184    0.687474    0.317475    0.351416    0.072418    0.391362    0.153539    0.432220    0.255660    2.675508    0.031300    0.005358    0.082650    9.525323    6.818396    1.995329    1.902792    1.921778    1.721993    0.463223    1.122282    1.854292
Iteration: 28 bestvalit: 374.515000 bestmemit:    0.012347    0.048673    0.068184    0.687474    0.317475    0.351416    0.072418    0.391362    0.153539    0.432220    0.255660    2.675508    0.031300    0.005358    0.082650    9.525323    6.818396    1.995329    1.902792    1.921778    1.721993    0.463223    1.122282    1.854292
Iteration: 29 bestvalit: 329.680000 bestmemit:    0.012347    0.037419    0.068184    0.687474    0.317475    0.351416    0.072418    0.391362    0.153539    0.432220    0.255660    2.675508    0.031300    0.005358    0.082650    9.525323    6.818396    1.995329    1.902792    1.921778    1.721993    0.463223    1.122282    1.854292
Iteration: 30 bestvalit: 329.680000 bestmemit:    0.012347    0.037419    0.068184    0.687474    0.317475    0.351416    0.072418    0.391362    0.153539    0.432220    0.255660    2.675508    0.031300    0.005358    0.082650    9.525323    6.818396    1.995329    1.902792    1.921778    1.721993    0.463223    1.122282    1.854292
Iteration: 31 bestvalit: 329.680000 bestmemit:    0.012347    0.037419    0.068184    0.687474    0.317475    0.351416    0.072418    0.391362    0.153539    0.432220    0.255660    2.675508    0.031300    0.005358    0.082650    9.525323    6.818396    1.995329    1.902792    1.921778    1.721993    0.463223    1.122282    1.854292
Iteration: 32 bestvalit: 329.680000 bestmemit:    0.012347    0.037419    0.068184    0.687474    0.317475    0.351416    0.072418    0.391362    0.153539    0.432220    0.255660    2.675508    0.031300    0.005358    0.082650    9.525323    6.818396    1.995329    1.902792    1.921778    1.721993    0.463223    1.122282    1.854292
Iteration: 33 bestvalit: 329.680000 bestmemit:    0.012347    0.037419    0.068184    0.687474    0.317475    0.351416    0.072418    0.391362    0.153539    0.432220    0.255660    2.675508    0.031300    0.005358    0.082650    9.525323    6.818396    1.995329    1.902792    1.921778    1.721993    0.463223    1.122282    1.854292
Iteration: 34 bestvalit: 329.680000 bestmemit:    0.012347    0.037419    0.068184    0.687474    0.317475    0.351416    0.072418    0.391362    0.153539    0.432220    0.255660    2.675508    0.031300    0.005358    0.082650    9.525323    6.818396    1.995329    1.902792    1.921778    1.721993    0.463223    1.122282    1.854292
Iteration: 35 bestvalit: 329.680000 bestmemit:    0.012347    0.037419    0.068184    0.687474    0.317475    0.351416    0.072418    0.391362    0.153539    0.432220    0.255660    2.675508    0.031300    0.005358    0.082650    9.525323    6.818396    1.995329    1.902792    1.921778    1.721993    0.463223    1.122282    1.854292
Iteration: 36 bestvalit: 329.680000 bestmemit:    0.012347    0.037419    0.068184    0.687474    0.317475    0.351416    0.072418    0.391362    0.153539    0.432220    0.255660    2.675508    0.031300    0.005358    0.082650    9.525323    6.818396    1.995329    1.902792    1.921778    1.721993    0.463223    1.122282    1.854292
Iteration: 37 bestvalit: 327.755000 bestmemit:    0.012347    0.037419    0.068184    0.687474    0.317475    0.351416    0.072418    0.391362    0.153539    0.432220    0.255660    2.675508    0.031300    0.005358    0.082650    9.525323    6.818396    1.995329    1.902792    1.921778    1.721993    0.463223    1.122282    1.856808
Iteration: 38 bestvalit: 327.755000 bestmemit:    0.012347    0.037419    0.068184    0.687474    0.317475    0.351416    0.072418    0.391362    0.153539    0.432220    0.255660    2.675508    0.031300    0.005358    0.082650    9.525323    6.818396    1.995329    1.902792    1.921778    1.721993    0.463223    1.122282    1.856808
Iteration: 39 bestvalit: 309.610000 bestmemit:    0.012347    0.037419    0.068184    0.687474    0.317475    0.351416    0.072418    0.391362    0.153539    0.432220    0.255660    2.675508    0.031300    0.005358    0.087348    9.525323    6.818396    1.995329    1.902792    1.921778    1.721993    0.463223    1.122282    1.856808
Iteration: 40 bestvalit: 283.490000 bestmemit:    0.012347    0.037419    0.068184    0.687474    0.317475    0.351416    0.072418    0.391362    0.153539    0.432220    0.255660    2.675508    0.031300    0.005358    0.087348    9.525323    6.818396    1.995329    1.902792    1.921778    1.721993    0.564454    1.126733    1.957532
Iteration: 41 bestvalit: 283.490000 bestmemit:    0.012347    0.037419    0.068184    0.687474    0.317475    0.351416    0.072418    0.391362    0.153539    0.432220    0.255660    2.675508    0.031300    0.005358    0.087348    9.525323    6.818396    1.995329    1.902792    1.921778    1.721993    0.564454    1.126733    1.957532
Iteration: 42 bestvalit: 268.870000 bestmemit:    0.012347    0.037419    0.068184    0.687474    0.317475    0.351416    0.072418    0.391362    0.153539    0.432220    0.255660    2.675508    0.031300    0.005358    0.087348    9.525323    6.818396    1.995329    1.902792    1.979876    1.721993    0.564454    1.126733    1.957532
Iteration: 43 bestvalit: 268.865000 bestmemit:    0.012347    0.037419    0.068184    0.687474    0.317475    0.351416    0.072418    0.391362    0.153539    0.432220    0.255660    2.675508    0.031300    0.005358    0.087348    9.525323    6.818396    1.995329    1.902792    1.979876    1.721993    0.573839    1.126733    1.957532
Iteration: 44 bestvalit: 268.865000 bestmemit:    0.012347    0.037419    0.068184    0.687474    0.317475    0.351416    0.072418    0.391362    0.153539    0.432220    0.255660    2.675508    0.031300    0.005358    0.087348    9.525323    6.818396    1.995329    1.902792    1.979876    1.721993    0.573839    1.126733    1.957532
Iteration: 45 bestvalit: 268.865000 bestmemit:    0.012347    0.037419    0.068184    0.687474    0.317475    0.351416    0.072418    0.391362    0.153539    0.432220    0.255660    2.675508    0.031300    0.005358    0.087348    9.525323    6.818396    1.995329    1.902792    1.979876    1.721993    0.573839    1.126733    1.957532
Iteration: 46 bestvalit: 265.855000 bestmemit:    0.012347    0.037419    0.068184    0.687474    0.317475    0.351416    0.072418    0.391362    0.153539    0.432220    0.255660    2.675508    0.031300    0.005358    0.087348    9.525323    7.220776    1.995329    1.902792    1.979876    1.721993    0.573839    1.126733    1.957532
Iteration: 47 bestvalit: 258.370000 bestmemit:    0.012347    0.037419    0.068184    0.687474    0.317475    0.339847    0.072418    0.391362    0.153539    0.432220    0.255660    2.675508    0.031300    0.005358    0.087348    9.525323    7.220776    1.995329    1.902792    1.979876    1.721993    0.573839    1.126733    1.957532
Iteration: 48 bestvalit: 258.370000 bestmemit:    0.012347    0.037419    0.068184    0.687474    0.317475    0.339847    0.072418    0.391362    0.153539    0.432220    0.255660    2.675508    0.031300    0.005358    0.087348    9.525323    7.220776    1.995329    1.902792    1.979876    1.721993    0.573839    1.126733    1.957532
Iteration: 49 bestvalit: 252.320000 bestmemit:    0.021798    0.046817    0.033790    0.640790    0.454678    0.411551    0.005090    0.360882    0.125870    0.362889    0.435163    1.228696    0.021982    0.000197    0.075223    5.747290    7.317999    0.548982    1.945323    1.937893    1.803391    0.710037    1.093310    2.101783
Iteration: 50 bestvalit: 252.320000 bestmemit:    0.021798    0.046817    0.033790    0.640790    0.454678    0.411551    0.005090    0.360882    0.125870    0.362889    0.435163    1.228696    0.021982    0.000197    0.075223    5.747290    7.317999    0.548982    1.945323    1.937893    1.803391    0.710037    1.093310    2.101783
Iteration: 51 bestvalit: 252.320000 bestmemit:    0.021798    0.046817    0.033790    0.640790    0.454678    0.411551    0.005090    0.360882    0.125870    0.362889    0.435163    1.228696    0.021982    0.000197    0.075223    5.747290    7.317999    0.548982    1.945323    1.937893    1.803391    0.710037    1.093310    2.101783
Iteration: 52 bestvalit: 252.320000 bestmemit:    0.021798    0.046817    0.033790    0.640790    0.454678    0.411551    0.005090    0.360882    0.125870    0.362889    0.435163    1.228696    0.021982    0.000197    0.075223    5.747290    7.317999    0.548982    1.945323    1.937893    1.803391    0.710037    1.093310    2.101783
Iteration: 53 bestvalit: 252.320000 bestmemit:    0.021798    0.046817    0.033790    0.640790    0.454678    0.411551    0.005090    0.360882    0.125870    0.362889    0.435163    1.228696    0.021982    0.000197    0.075223    5.747290    7.317999    0.548982    1.945323    1.937893    1.803391    0.710037    1.093310    2.101783
Iteration: 54 bestvalit: 252.320000 bestmemit:    0.021798    0.046817    0.033790    0.640790    0.454678    0.411551    0.005090    0.360882    0.125870    0.362889    0.435163    1.228696    0.021982    0.000197    0.075223    5.747290    7.317999    0.548982    1.945323    1.937893    1.803391    0.710037    1.093310    2.101783
Iteration: 55 bestvalit: 252.320000 bestmemit:    0.021798    0.046817    0.033790    0.640790    0.454678    0.411551    0.005090    0.360882    0.125870    0.362889    0.435163    1.228696    0.021982    0.000197    0.075223    5.747290    7.317999    0.548982    1.945323    1.937893    1.803391    0.710037    1.093310    2.101783
Iteration: 56 bestvalit: 252.320000 bestmemit:    0.021798    0.046817    0.033790    0.640790    0.454678    0.411551    0.005090    0.360882    0.125870    0.362889    0.435163    1.228696    0.021982    0.000197    0.075223    5.747290    7.317999    0.548982    1.945323    1.937893    1.803391    0.710037    1.093310    2.101783
Iteration: 57 bestvalit: 252.320000 bestmemit:    0.021798    0.046817    0.033790    0.640790    0.454678    0.411551    0.005090    0.360882    0.125870    0.362889    0.435163    1.228696    0.021982    0.000197    0.075223    5.747290    7.317999    0.548982    1.945323    1.937893    1.803391    0.710037    1.093310    2.101783
Iteration: 58 bestvalit: 252.320000 bestmemit:    0.021798    0.046817    0.033790    0.640790    0.454678    0.411551    0.005090    0.360882    0.125870    0.362889    0.435163    1.228696    0.021982    0.000197    0.075223    5.747290    7.317999    0.548982    1.945323    1.937893    1.803391    0.710037    1.093310    2.101783
Iteration: 59 bestvalit: 252.320000 bestmemit:    0.021798    0.046817    0.033790    0.640790    0.454678    0.411551    0.005090    0.360882    0.125870    0.362889    0.435163    1.228696    0.021982    0.000197    0.075223    5.747290    7.317999    0.548982    1.945323    1.937893    1.803391    0.710037    1.093310    2.101783
Iteration: 60 bestvalit: 252.320000 bestmemit:    0.021798    0.046817    0.033790    0.640790    0.454678    0.411551    0.005090    0.360882    0.125870    0.362889    0.435163    1.228696    0.021982    0.000197    0.075223    5.747290    7.317999    0.548982    1.945323    1.937893    1.803391    0.710037    1.093310    2.101783
Iteration: 61 bestvalit: 252.320000 bestmemit:    0.021798    0.046817    0.033790    0.640790    0.454678    0.411551    0.005090    0.360882    0.125870    0.362889    0.435163    1.228696    0.021982    0.000197    0.075223    5.747290    7.317999    0.548982    1.945323    1.937893    1.803391    0.710037    1.093310    2.101783
Iteration: 62 bestvalit: 247.480000 bestmemit:    0.021798    0.046817    0.033790    0.640790    0.454678    0.411551    0.005090    0.360882    0.125870    0.362889    0.435163    1.228696    0.021982    0.000197    0.075223    5.747290    7.317999    0.548982    1.945323    1.946317    1.922505    0.710037    1.093310    2.101783
Iteration: 63 bestvalit: 247.480000 bestmemit:    0.021798    0.046817    0.033790    0.640790    0.454678    0.411551    0.005090    0.360882    0.125870    0.362889    0.435163    1.228696    0.021982    0.000197    0.075223    5.747290    7.317999    0.548982    1.945323    1.946317    1.922505    0.710037    1.093310    2.101783
Iteration: 64 bestvalit: 247.480000 bestmemit:    0.021798    0.046817    0.033790    0.640790    0.454678    0.411551    0.005090    0.360882    0.125870    0.362889    0.435163    1.228696    0.021982    0.000197    0.075223    5.747290    7.317999    0.548982    1.945323    1.946317    1.922505    0.710037    1.093310    2.101783
Iteration: 65 bestvalit: 247.325000 bestmemit:    0.021798    0.046817    0.033790    0.640790    0.454678    0.411551    0.005090    0.360882    0.125870    0.362889    0.435163    1.228696    0.021982    0.000197    0.075223    5.747290    7.317999    0.548982    1.945323    1.764525    1.922505    0.710037    1.093310    2.101783
Iteration: 66 bestvalit: 243.820000 bestmemit:    0.021798    0.046817    0.033790    0.640790    0.454678    0.411551    0.005090    0.360882    0.125870    0.362889    0.435163    1.228696    0.021982    0.000197    0.075223    5.747290    7.317999    0.548982    1.945323    1.764525    1.922505    0.678207    1.126216    2.101783
Iteration: 67 bestvalit: 243.820000 bestmemit:    0.021798    0.046817    0.033790    0.640790    0.454678    0.411551    0.005090    0.360882    0.125870    0.362889    0.435163    1.228696    0.021982    0.000197    0.075223    5.747290    7.317999    0.548982    1.945323    1.764525    1.922505    0.678207    1.126216    2.101783
Iteration: 68 bestvalit: 241.910000 bestmemit:    0.021798    0.046817    0.033790    0.640790    0.454678    0.411551    0.005090    0.360882    0.125870    0.362889    0.435163    1.228696    0.021982    0.000197    0.075223    5.747290    2.674732    0.548982    1.945323    1.764525    1.922505    0.678207    1.126216    2.101783
Iteration: 69 bestvalit: 241.910000 bestmemit:    0.021798    0.046817    0.033790    0.640790    0.454678    0.411551    0.005090    0.360882    0.125870    0.362889    0.435163    1.228696    0.021982    0.000197    0.075223    5.747290    2.674732    0.548982    1.945323    1.764525    1.922505    0.678207    1.126216    2.101783
Iteration: 70 bestvalit: 241.910000 bestmemit:    0.021798    0.046817    0.033790    0.640790    0.454678    0.411551    0.005090    0.360882    0.125870    0.362889    0.435163    1.228696    0.021982    0.000197    0.075223    5.747290    2.674732    0.548982    1.945323    1.764525    1.922505    0.678207    1.126216    2.101783
Iteration: 71 bestvalit: 241.910000 bestmemit:    0.021798    0.046817    0.033790    0.640790    0.454678    0.411551    0.005090    0.360882    0.125870    0.362889    0.435163    1.228696    0.021982    0.000197    0.075223    5.747290    2.674732    0.548982    1.945323    1.764525    1.922505    0.678207    1.126216    2.101783
Iteration: 72 bestvalit: 241.910000 bestmemit:    0.021798    0.046817    0.033790    0.640790    0.454678    0.411551    0.005090    0.360882    0.125870    0.362889    0.435163    1.228696    0.021982    0.000197    0.075223    5.747290    2.674732    0.548982    1.945323    1.764525    1.922505    0.678207    1.126216    2.101783
Iteration: 73 bestvalit: 241.910000 bestmemit:    0.021798    0.046817    0.033790    0.640790    0.454678    0.411551    0.005090    0.360882    0.125870    0.362889    0.435163    1.228696    0.021982    0.000197    0.075223    5.747290    2.674732    0.548982    1.945323    1.764525    1.922505    0.678207    1.126216    2.101783
Iteration: 74 bestvalit: 241.910000 bestmemit:    0.021798    0.046817    0.033790    0.640790    0.454678    0.411551    0.005090    0.360882    0.125870    0.362889    0.435163    1.228696    0.021982    0.000197    0.075223    5.747290    2.674732    0.548982    1.945323    1.764525    1.922505    0.678207    1.126216    2.101783
Iteration: 75 bestvalit: 241.910000 bestmemit:    0.021798    0.046817    0.033790    0.640790    0.454678    0.411551    0.005090    0.360882    0.125870    0.362889    0.435163    1.228696    0.021982    0.000197    0.075223    5.747290    2.674732    0.548982    1.945323    1.764525    1.922505    0.678207    1.126216    2.101783
Iteration: 76 bestvalit: 241.910000 bestmemit:    0.021798    0.046817    0.033790    0.640790    0.454678    0.411551    0.005090    0.360882    0.125870    0.362889    0.435163    1.228696    0.021982    0.000197    0.075223    5.747290    2.674732    0.548982    1.945323    1.764525    1.922505    0.678207    1.126216    2.101783
Iteration: 77 bestvalit: 217.880000 bestmemit:    0.021798    0.046817    0.033790    0.779760    0.454678    0.411551    0.005090    0.360882    0.125870    0.362889    0.435163    1.228696    0.021982    0.000197    0.075223    5.747290    2.674732    0.548982    1.945323    1.764525    1.922505    0.678207    1.126216    2.101783
Iteration: 78 bestvalit: 217.880000 bestmemit:    0.021798    0.046817    0.033790    0.779760    0.454678    0.411551    0.005090    0.360882    0.125870    0.362889    0.435163    1.228696    0.021982    0.000197    0.075223    5.747290    2.674732    0.548982    1.945323    1.764525    1.922505    0.678207    1.126216    2.101783
Iteration: 79 bestvalit: 217.880000 bestmemit:    0.021798    0.046817    0.033790    0.779760    0.454678    0.411551    0.005090    0.360882    0.125870    0.362889    0.435163    1.228696    0.021982    0.000197    0.075223    5.747290    2.674732    0.548982    1.945323    1.764525    1.922505    0.678207    1.126216    2.101783
Iteration: 80 bestvalit: 217.880000 bestmemit:    0.021798    0.046817    0.033790    0.779760    0.454678    0.411551    0.005090    0.360882    0.125870    0.362889    0.435163    1.228696    0.021982    0.000197    0.075223    5.747290    2.674732    0.548982    1.945323    1.764525    1.922505    0.678207    1.126216    2.101783
Iteration: 81 bestvalit: 217.880000 bestmemit:    0.021798    0.046817    0.033790    0.779760    0.454678    0.411551    0.005090    0.360882    0.125870    0.362889    0.435163    1.228696    0.021982    0.000197    0.075223    5.747290    2.674732    0.548982    1.945323    1.764525    1.922505    0.678207    1.126216    2.101783
Iteration: 82 bestvalit: 217.880000 bestmemit:    0.021798    0.046817    0.033790    0.779760    0.454678    0.411551    0.005090    0.360882    0.125870    0.362889    0.435163    1.228696    0.021982    0.000197    0.075223    5.747290    2.674732    0.548982    1.945323    1.764525    1.922505    0.678207    1.126216    2.101783
Iteration: 83 bestvalit: 217.880000 bestmemit:    0.021798    0.046817    0.033790    0.779760    0.454678    0.411551    0.005090    0.360882    0.125870    0.362889    0.435163    1.228696    0.021982    0.000197    0.075223    5.747290    2.674732    0.548982    1.945323    1.764525    1.922505    0.678207    1.126216    2.101783
Iteration: 84 bestvalit: 217.880000 bestmemit:    0.021798    0.046817    0.033790    0.779760    0.454678    0.411551    0.005090    0.360882    0.125870    0.362889    0.435163    1.228696    0.021982    0.000197    0.075223    5.747290    2.674732    0.548982    1.945323    1.764525    1.922505    0.678207    1.126216    2.101783
Iteration: 85 bestvalit: 216.825000 bestmemit:    0.021798    0.046817    0.033790    0.779760    0.454678    0.411551    0.005090    0.360882    0.125870    0.362889    0.435163    1.228696    0.021625    0.000197    0.075223    5.747290    2.674732    0.548982    1.945323    1.764525    1.922505    0.678207    1.126216    2.101783
Iteration: 86 bestvalit: 216.825000 bestmemit:    0.021798    0.046817    0.033790    0.779760    0.454678    0.411551    0.005090    0.360882    0.125870    0.362889    0.435163    1.228696    0.021625    0.000197    0.075223    5.747290    2.674732    0.548982    1.945323    1.764525    1.922505    0.678207    1.126216    2.101783
Iteration: 87 bestvalit: 216.825000 bestmemit:    0.021798    0.046817    0.033790    0.779760    0.454678    0.411551    0.005090    0.360882    0.125870    0.362889    0.435163    1.228696    0.021625    0.000197    0.075223    5.747290    2.674732    0.548982    1.945323    1.764525    1.922505    0.678207    1.126216    2.101783
Iteration: 88 bestvalit: 216.825000 bestmemit:    0.021798    0.046817    0.033790    0.779760    0.454678    0.411551    0.005090    0.360882    0.125870    0.362889    0.435163    1.228696    0.021625    0.000197    0.075223    5.747290    2.674732    0.548982    1.945323    1.764525    1.922505    0.678207    1.126216    2.101783
Iteration: 89 bestvalit: 216.825000 bestmemit:    0.021798    0.046817    0.033790    0.779760    0.454678    0.411551    0.005090    0.360882    0.125870    0.362889    0.435163    1.228696    0.021625    0.000197    0.075223    5.747290    2.674732    0.548982    1.945323    1.764525    1.922505    0.678207    1.126216    2.101783
Iteration: 90 bestvalit: 216.825000 bestmemit:    0.021798    0.046817    0.033790    0.779760    0.454678    0.411551    0.005090    0.360882    0.125870    0.362889    0.435163    1.228696    0.021625    0.000197    0.075223    5.747290    2.674732    0.548982    1.945323    1.764525    1.922505    0.678207    1.126216    2.101783
Iteration: 91 bestvalit: 216.825000 bestmemit:    0.021798    0.046817    0.033790    0.779760    0.454678    0.411551    0.005090    0.360882    0.125870    0.362889    0.435163    1.228696    0.021625    0.000197    0.075223    5.747290    2.674732    0.548982    1.945323    1.764525    1.922505    0.678207    1.126216    2.101783
Iteration: 92 bestvalit: 216.825000 bestmemit:    0.021798    0.046817    0.033790    0.779760    0.454678    0.411551    0.005090    0.360882    0.125870    0.362889    0.435163    1.228696    0.021625    0.000197    0.075223    5.747290    2.674732    0.548982    1.945323    1.764525    1.922505    0.678207    1.126216    2.101783
Iteration: 93 bestvalit: 216.825000 bestmemit:    0.021798    0.046817    0.033790    0.779760    0.454678    0.411551    0.005090    0.360882    0.125870    0.362889    0.435163    1.228696    0.021625    0.000197    0.075223    5.747290    2.674732    0.548982    1.945323    1.764525    1.922505    0.678207    1.126216    2.101783
Iteration: 94 bestvalit: 216.825000 bestmemit:    0.021798    0.046817    0.033790    0.779760    0.454678    0.411551    0.005090    0.360882    0.125870    0.362889    0.435163    1.228696    0.021625    0.000197    0.075223    5.747290    2.674732    0.548982    1.945323    1.764525    1.922505    0.678207    1.126216    2.101783
Iteration: 95 bestvalit: 216.825000 bestmemit:    0.021798    0.046817    0.033790    0.779760    0.454678    0.411551    0.005090    0.360882    0.125870    0.362889    0.435163    1.228696    0.021625    0.000197    0.075223    5.747290    2.674732    0.548982    1.945323    1.764525    1.922505    0.678207    1.126216    2.101783
Iteration: 96 bestvalit: 216.825000 bestmemit:    0.021798    0.046817    0.033790    0.779760    0.454678    0.411551    0.005090    0.360882    0.125870    0.362889    0.435163    1.228696    0.021625    0.000197    0.075223    5.747290    2.674732    0.548982    1.945323    1.764525    1.922505    0.678207    1.126216    2.101783
Iteration: 97 bestvalit: 216.825000 bestmemit:    0.021798    0.046817    0.033790    0.779760    0.454678    0.411551    0.005090    0.360882    0.125870    0.362889    0.435163    1.228696    0.021625    0.000197    0.075223    5.747290    2.674732    0.548982    1.945323    1.764525    1.922505    0.678207    1.126216    2.101783
Iteration: 98 bestvalit: 216.825000 bestmemit:    0.021798    0.046817    0.033790    0.779760    0.454678    0.411551    0.005090    0.360882    0.125870    0.362889    0.435163    1.228696    0.021625    0.000197    0.075223    5.747290    2.674732    0.548982    1.945323    1.764525    1.922505    0.678207    1.126216    2.101783
Iteration: 99 bestvalit: 216.825000 bestmemit:    0.021798    0.046817    0.033790    0.779760    0.454678    0.411551    0.005090    0.360882    0.125870    0.362889    0.435163    1.228696    0.021625    0.000197    0.075223    5.747290    2.674732    0.548982    1.945323    1.764525    1.922505    0.678207    1.126216    2.101783
Iteration: 100 bestvalit: 216.825000 bestmemit:    0.021798    0.046817    0.033790    0.779760    0.454678    0.411551    0.005090    0.360882    0.125870    0.362889    0.435163    1.228696    0.021625    0.000197    0.075223    5.747290    2.674732    0.548982    1.945323    1.764525    1.922505    0.678207    1.126216    2.101783
Iteration: 101 bestvalit: 216.825000 bestmemit:    0.021798    0.046817    0.033790    0.779760    0.454678    0.411551    0.005090    0.360882    0.125870    0.362889    0.435163    1.228696    0.021625    0.000197    0.075223    5.747290    2.674732    0.548982    1.945323    1.764525    1.922505    0.678207    1.126216    2.101783
Iteration: 102 bestvalit: 216.825000 bestmemit:    0.021798    0.046817    0.033790    0.779760    0.454678    0.411551    0.005090    0.360882    0.125870    0.362889    0.435163    1.228696    0.021625    0.000197    0.075223    5.747290    2.674732    0.548982    1.945323    1.764525    1.922505    0.678207    1.126216    2.101783
Iteration: 103 bestvalit: 216.825000 bestmemit:    0.021798    0.046817    0.033790    0.779760    0.454678    0.411551    0.005090    0.360882    0.125870    0.362889    0.435163    1.228696    0.021625    0.000197    0.075223    5.747290    2.674732    0.548982    1.945323    1.764525    1.922505    0.678207    1.126216    2.101783
Iteration: 104 bestvalit: 216.825000 bestmemit:    0.021798    0.046817    0.033790    0.779760    0.454678    0.411551    0.005090    0.360882    0.125870    0.362889    0.435163    1.228696    0.021625    0.000197    0.075223    5.747290    2.674732    0.548982    1.945323    1.764525    1.922505    0.678207    1.126216    2.101783
Iteration: 105 bestvalit: 216.825000 bestmemit:    0.021798    0.046817    0.033790    0.779760    0.454678    0.411551    0.005090    0.360882    0.125870    0.362889    0.435163    1.228696    0.021625    0.000197    0.075223    5.747290    2.674732    0.548982    1.945323    1.764525    1.922505    0.678207    1.126216    2.101783
Iteration: 106 bestvalit: 216.825000 bestmemit:    0.021798    0.046817    0.033790    0.779760    0.454678    0.411551    0.005090    0.360882    0.125870    0.362889    0.435163    1.228696    0.021625    0.000197    0.075223    5.747290    2.674732    0.548982    1.945323    1.764525    1.922505    0.678207    1.126216    2.101783
Iteration: 107 bestvalit: 215.430000 bestmemit:    0.012347    0.037419    0.068184    0.687474    0.317475    0.339847    0.102716    0.391362    0.153539    0.432220    0.255660    2.675508    0.026261    0.005358    0.087348    9.525323    7.220776    1.995329    1.902792    1.979876    1.721993    0.835879    1.126733    1.957532
Iteration: 108 bestvalit: 215.430000 bestmemit:    0.012347    0.037419    0.068184    0.687474    0.317475    0.339847    0.102716    0.391362    0.153539    0.432220    0.255660    2.675508    0.026261    0.005358    0.087348    9.525323    7.220776    1.995329    1.902792    1.979876    1.721993    0.835879    1.126733    1.957532
Iteration: 109 bestvalit: 215.430000 bestmemit:    0.012347    0.037419    0.068184    0.687474    0.317475    0.339847    0.102716    0.391362    0.153539    0.432220    0.255660    2.675508    0.026261    0.005358    0.087348    9.525323    7.220776    1.995329    1.902792    1.979876    1.721993    0.835879    1.126733    1.957532
Iteration: 110 bestvalit: 215.430000 bestmemit:    0.012347    0.037419    0.068184    0.687474    0.317475    0.339847    0.102716    0.391362    0.153539    0.432220    0.255660    2.675508    0.026261    0.005358    0.087348    9.525323    7.220776    1.995329    1.902792    1.979876    1.721993    0.835879    1.126733    1.957532
Iteration: 111 bestvalit: 215.430000 bestmemit:    0.012347    0.037419    0.068184    0.687474    0.317475    0.339847    0.102716    0.391362    0.153539    0.432220    0.255660    2.675508    0.026261    0.005358    0.087348    9.525323    7.220776    1.995329    1.902792    1.979876    1.721993    0.835879    1.126733    1.957532
Iteration: 112 bestvalit: 215.430000 bestmemit:    0.012347    0.037419    0.068184    0.687474    0.317475    0.339847    0.102716    0.391362    0.153539    0.432220    0.255660    2.675508    0.026261    0.005358    0.087348    9.525323    7.220776    1.995329    1.902792    1.979876    1.721993    0.835879    1.126733    1.957532
Iteration: 113 bestvalit: 215.430000 bestmemit:    0.012347    0.037419    0.068184    0.687474    0.317475    0.339847    0.102716    0.391362    0.153539    0.432220    0.255660    2.675508    0.026261    0.005358    0.087348    9.525323    7.220776    1.995329    1.902792    1.979876    1.721993    0.835879    1.126733    1.957532
Iteration: 114 bestvalit: 215.430000 bestmemit:    0.012347    0.037419    0.068184    0.687474    0.317475    0.339847    0.102716    0.391362    0.153539    0.432220    0.255660    2.675508    0.026261    0.005358    0.087348    9.525323    7.220776    1.995329    1.902792    1.979876    1.721993    0.835879    1.126733    1.957532
Iteration: 115 bestvalit: 215.430000 bestmemit:    0.012347    0.037419    0.068184    0.687474    0.317475    0.339847    0.102716    0.391362    0.153539    0.432220    0.255660    2.675508    0.026261    0.005358    0.087348    9.525323    7.220776    1.995329    1.902792    1.979876    1.721993    0.835879    1.126733    1.957532
Iteration: 116 bestvalit: 214.580000 bestmemit:    0.012347    0.037419    0.068184    0.687474    0.317475    0.339847    0.102716    0.391362    0.153539    0.432220    0.255660    2.675508    0.026261    0.005358    0.087348    9.525323    7.875922    1.995329    1.902792    1.979876    1.721993    0.835879    1.126733    1.957532
Iteration: 117 bestvalit: 214.580000 bestmemit:    0.012347    0.037419    0.068184    0.687474    0.317475    0.339847    0.102716    0.391362    0.153539    0.432220    0.255660    2.675508    0.026261    0.005358    0.087348    9.525323    7.875922    1.995329    1.902792    1.979876    1.721993    0.835879    1.126733    1.957532
Iteration: 118 bestvalit: 214.580000 bestmemit:    0.012347    0.037419    0.068184    0.687474    0.317475    0.339847    0.102716    0.391362    0.153539    0.432220    0.255660    2.675508    0.026261    0.005358    0.087348    9.525323    7.875922    1.995329    1.902792    1.979876    1.721993    0.835879    1.126733    1.957532
Iteration: 119 bestvalit: 214.580000 bestmemit:    0.012347    0.037419    0.068184    0.687474    0.317475    0.339847    0.102716    0.391362    0.153539    0.432220    0.255660    2.675508    0.026261    0.005358    0.087348    9.525323    7.875922    1.995329    1.902792    1.979876    1.721993    0.835879    1.126733    1.957532
Iteration: 120 bestvalit: 214.580000 bestmemit:    0.012347    0.037419    0.068184    0.687474    0.317475    0.339847    0.102716    0.391362    0.153539    0.432220    0.255660    2.675508    0.026261    0.005358    0.087348    9.525323    7.875922    1.995329    1.902792    1.979876    1.721993    0.835879    1.126733    1.957532
Iteration: 121 bestvalit: 214.580000 bestmemit:    0.012347    0.037419    0.068184    0.687474    0.317475    0.339847    0.102716    0.391362    0.153539    0.432220    0.255660    2.675508    0.026261    0.005358    0.087348    9.525323    7.875922    1.995329    1.902792    1.979876    1.721993    0.835879    1.126733    1.957532
Iteration: 122 bestvalit: 214.580000 bestmemit:    0.012347    0.037419    0.068184    0.687474    0.317475    0.339847    0.102716    0.391362    0.153539    0.432220    0.255660    2.675508    0.026261    0.005358    0.087348    9.525323    7.875922    1.995329    1.902792    1.979876    1.721993    0.835879    1.126733    1.957532
Iteration: 123 bestvalit: 214.580000 bestmemit:    0.012347    0.037419    0.068184    0.687474    0.317475    0.339847    0.102716    0.391362    0.153539    0.432220    0.255660    2.675508    0.026261    0.005358    0.087348    9.525323    7.875922    1.995329    1.902792    1.979876    1.721993    0.835879    1.126733    1.957532
Iteration: 124 bestvalit: 214.580000 bestmemit:    0.012347    0.037419    0.068184    0.687474    0.317475    0.339847    0.102716    0.391362    0.153539    0.432220    0.255660    2.675508    0.026261    0.005358    0.087348    9.525323    7.875922    1.995329    1.902792    1.979876    1.721993    0.835879    1.126733    1.957532
Iteration: 125 bestvalit: 214.580000 bestmemit:    0.012347    0.037419    0.068184    0.687474    0.317475    0.339847    0.102716    0.391362    0.153539    0.432220    0.255660    2.675508    0.026261    0.005358    0.087348    9.525323    7.875922    1.995329    1.902792    1.979876    1.721993    0.835879    1.126733    1.957532
Iteration: 126 bestvalit: 204.310000 bestmemit:    0.021798    0.046817    0.033790    0.779760    0.454678    0.411551    0.005090    0.360882    0.125870    0.362889    0.435163    1.228696    0.021625    0.000197    0.075223    5.747290    2.674732    0.548982    1.945323    1.764525    1.765243    0.896237    1.126216    2.101783
Iteration: 127 bestvalit: 204.310000 bestmemit:    0.021798    0.046817    0.033790    0.779760    0.454678    0.411551    0.005090    0.360882    0.125870    0.362889    0.435163    1.228696    0.021625    0.000197    0.075223    5.747290    2.674732    0.548982    1.945323    1.764525    1.765243    0.896237    1.126216    2.101783
Iteration: 128 bestvalit: 204.310000 bestmemit:    0.021798    0.046817    0.033790    0.779760    0.454678    0.411551    0.005090    0.360882    0.125870    0.362889    0.435163    1.228696    0.021625    0.000197    0.075223    5.747290    2.674732    0.548982    1.945323    1.764525    1.765243    0.896237    1.126216    2.101783
Iteration: 129 bestvalit: 204.310000 bestmemit:    0.021798    0.046817    0.033790    0.779760    0.454678    0.411551    0.005090    0.360882    0.125870    0.362889    0.435163    1.228696    0.021625    0.000197    0.075223    5.747290    2.674732    0.548982    1.945323    1.764525    1.765243    0.896237    1.126216    2.101783
Iteration: 130 bestvalit: 204.310000 bestmemit:    0.021798    0.046817    0.033790    0.779760    0.454678    0.411551    0.005090    0.360882    0.125870    0.362889    0.435163    1.228696    0.021625    0.000197    0.075223    5.747290    2.674732    0.548982    1.945323    1.764525    1.765243    0.896237    1.126216    2.101783
Iteration: 131 bestvalit: 204.310000 bestmemit:    0.021798    0.046817    0.033790    0.779760    0.454678    0.411551    0.005090    0.360882    0.125870    0.362889    0.435163    1.228696    0.021625    0.000197    0.075223    5.747290    2.674732    0.548982    1.945323    1.764525    1.765243    0.896237    1.126216    2.101783
Iteration: 132 bestvalit: 204.310000 bestmemit:    0.021798    0.046817    0.033790    0.779760    0.454678    0.411551    0.005090    0.360882    0.125870    0.362889    0.435163    1.228696    0.021625    0.000197    0.075223    5.747290    2.674732    0.548982    1.945323    1.764525    1.765243    0.896237    1.126216    2.101783
Iteration: 133 bestvalit: 204.310000 bestmemit:    0.021798    0.046817    0.033790    0.779760    0.454678    0.411551    0.005090    0.360882    0.125870    0.362889    0.435163    1.228696    0.021625    0.000197    0.075223    5.747290    2.674732    0.548982    1.945323    1.764525    1.765243    0.896237    1.126216    2.101783
Iteration: 134 bestvalit: 204.310000 bestmemit:    0.021798    0.046817    0.033790    0.779760    0.454678    0.411551    0.005090    0.360882    0.125870    0.362889    0.435163    1.228696    0.021625    0.000197    0.075223    5.747290    2.674732    0.548982    1.945323    1.764525    1.765243    0.896237    1.126216    2.101783
Iteration: 135 bestvalit: 204.310000 bestmemit:    0.021798    0.046817    0.033790    0.779760    0.454678    0.411551    0.005090    0.360882    0.125870    0.362889    0.435163    1.228696    0.021625    0.000197    0.075223    5.747290    2.674732    0.548982    1.945323    1.764525    1.765243    0.896237    1.126216    2.101783
Iteration: 136 bestvalit: 204.310000 bestmemit:    0.021798    0.046817    0.033790    0.779760    0.454678    0.411551    0.005090    0.360882    0.125870    0.362889    0.435163    1.228696    0.021625    0.000197    0.075223    5.747290    2.674732    0.548982    1.945323    1.764525    1.765243    0.896237    1.126216    2.101783
Iteration: 137 bestvalit: 204.310000 bestmemit:    0.021798    0.046817    0.033790    0.779760    0.454678    0.411551    0.005090    0.360882    0.125870    0.362889    0.435163    1.228696    0.021625    0.000197    0.075223    5.747290    2.674732    0.548982    1.945323    1.764525    1.765243    0.896237    1.126216    2.101783
Iteration: 138 bestvalit: 204.310000 bestmemit:    0.021798    0.046817    0.033790    0.779760    0.454678    0.411551    0.005090    0.360882    0.125870    0.362889    0.435163    1.228696    0.021625    0.000197    0.075223    5.747290    2.674732    0.548982    1.945323    1.764525    1.765243    0.896237    1.126216    2.101783
Iteration: 139 bestvalit: 204.310000 bestmemit:    0.021798    0.046817    0.033790    0.779760    0.454678    0.411551    0.005090    0.360882    0.125870    0.362889    0.435163    1.228696    0.021625    0.000197    0.075223    5.747290    2.674732    0.548982    1.945323    1.764525    1.765243    0.896237    1.126216    2.101783
Iteration: 140 bestvalit: 204.310000 bestmemit:    0.021798    0.046817    0.033790    0.779760    0.454678    0.411551    0.005090    0.360882    0.125870    0.362889    0.435163    1.228696    0.021625    0.000197    0.075223    5.747290    2.674732    0.548982    1.945323    1.764525    1.765243    0.896237    1.126216    2.101783
Iteration: 141 bestvalit: 204.310000 bestmemit:    0.021798    0.046817    0.033790    0.779760    0.454678    0.411551    0.005090    0.360882    0.125870    0.362889    0.435163    1.228696    0.021625    0.000197    0.075223    5.747290    2.674732    0.548982    1.945323    1.764525    1.765243    0.896237    1.126216    2.101783
Iteration: 142 bestvalit: 204.310000 bestmemit:    0.021798    0.046817    0.033790    0.779760    0.454678    0.411551    0.005090    0.360882    0.125870    0.362889    0.435163    1.228696    0.021625    0.000197    0.075223    5.747290    2.674732    0.548982    1.945323    1.764525    1.765243    0.896237    1.126216    2.101783
Iteration: 143 bestvalit: 204.310000 bestmemit:    0.021798    0.046817    0.033790    0.779760    0.454678    0.411551    0.005090    0.360882    0.125870    0.362889    0.435163    1.228696    0.021625    0.000197    0.075223    5.747290    2.674732    0.548982    1.945323    1.764525    1.765243    0.896237    1.126216    2.101783
Iteration: 144 bestvalit: 204.310000 bestmemit:    0.021798    0.046817    0.033790    0.779760    0.454678    0.411551    0.005090    0.360882    0.125870    0.362889    0.435163    1.228696    0.021625    0.000197    0.075223    5.747290    2.674732    0.548982    1.945323    1.764525    1.765243    0.896237    1.126216    2.101783
Iteration: 145 bestvalit: 204.200000 bestmemit:    0.021798    0.046817    0.033790    0.779760    0.454678    0.411551    0.005090    0.360882    0.125870    0.362889    0.435163    1.228696    0.021625    0.000197    0.075223    5.747290    2.674732    0.548982    1.945323    1.764525    1.765243    0.896237    1.126216    2.134466
Iteration: 146 bestvalit: 204.200000 bestmemit:    0.021798    0.046817    0.033790    0.779760    0.454678    0.411551    0.005090    0.360882    0.125870    0.362889    0.435163    1.228696    0.021625    0.000197    0.075223    5.747290    2.674732    0.548982    1.945323    1.764525    1.765243    0.896237    1.126216    2.134466
Iteration: 147 bestvalit: 204.200000 bestmemit:    0.021798    0.046817    0.033790    0.779760    0.454678    0.411551    0.005090    0.360882    0.125870    0.362889    0.435163    1.228696    0.021625    0.000197    0.075223    5.747290    2.674732    0.548982    1.945323    1.764525    1.765243    0.896237    1.126216    2.134466
Iteration: 148 bestvalit: 204.200000 bestmemit:    0.021798    0.046817    0.033790    0.779760    0.454678    0.411551    0.005090    0.360882    0.125870    0.362889    0.435163    1.228696    0.021625    0.000197    0.075223    5.747290    2.674732    0.548982    1.945323    1.764525    1.765243    0.896237    1.126216    2.134466
Iteration: 149 bestvalit: 204.200000 bestmemit:    0.021798    0.046817    0.033790    0.779760    0.454678    0.411551    0.005090    0.360882    0.125870    0.362889    0.435163    1.228696    0.021625    0.000197    0.075223    5.747290    2.674732    0.548982    1.945323    1.764525    1.765243    0.896237    1.126216    2.134466
Iteration: 150 bestvalit: 204.200000 bestmemit:    0.021798    0.046817    0.033790    0.779760    0.454678    0.411551    0.005090    0.360882    0.125870    0.362889    0.435163    1.228696    0.021625    0.000197    0.075223    5.747290    2.674732    0.548982    1.945323    1.764525    1.765243    0.896237    1.126216    2.134466
Iteration: 151 bestvalit: 204.200000 bestmemit:    0.021798    0.046817    0.033790    0.779760    0.454678    0.411551    0.005090    0.360882    0.125870    0.362889    0.435163    1.228696    0.021625    0.000197    0.075223    5.747290    2.674732    0.548982    1.945323    1.764525    1.765243    0.896237    1.126216    2.134466
Iteration: 152 bestvalit: 204.200000 bestmemit:    0.021798    0.046817    0.033790    0.779760    0.454678    0.411551    0.005090    0.360882    0.125870    0.362889    0.435163    1.228696    0.021625    0.000197    0.075223    5.747290    2.674732    0.548982    1.945323    1.764525    1.765243    0.896237    1.126216    2.134466
Iteration: 153 bestvalit: 204.200000 bestmemit:    0.021798    0.046817    0.033790    0.779760    0.454678    0.411551    0.005090    0.360882    0.125870    0.362889    0.435163    1.228696    0.021625    0.000197    0.075223    5.747290    2.674732    0.548982    1.945323    1.764525    1.765243    0.896237    1.126216    2.134466
Iteration: 154 bestvalit: 204.200000 bestmemit:    0.021798    0.046817    0.033790    0.779760    0.454678    0.411551    0.005090    0.360882    0.125870    0.362889    0.435163    1.228696    0.021625    0.000197    0.075223    5.747290    2.674732    0.548982    1.945323    1.764525    1.765243    0.896237    1.126216    2.134466
Iteration: 155 bestvalit: 204.200000 bestmemit:    0.021798    0.046817    0.033790    0.779760    0.454678    0.411551    0.005090    0.360882    0.125870    0.362889    0.435163    1.228696    0.021625    0.000197    0.075223    5.747290    2.674732    0.548982    1.945323    1.764525    1.765243    0.896237    1.126216    2.134466
Iteration: 156 bestvalit: 204.200000 bestmemit:    0.021798    0.046817    0.033790    0.779760    0.454678    0.411551    0.005090    0.360882    0.125870    0.362889    0.435163    1.228696    0.021625    0.000197    0.075223    5.747290    2.674732    0.548982    1.945323    1.764525    1.765243    0.896237    1.126216    2.134466
Iteration: 157 bestvalit: 204.200000 bestmemit:    0.021798    0.046817    0.033790    0.779760    0.454678    0.411551    0.005090    0.360882    0.125870    0.362889    0.435163    1.228696    0.021625    0.000197    0.075223    5.747290    2.674732    0.548982    1.945323    1.764525    1.765243    0.896237    1.126216    2.134466
Iteration: 158 bestvalit: 204.200000 bestmemit:    0.021798    0.046817    0.033790    0.779760    0.454678    0.411551    0.005090    0.360882    0.125870    0.362889    0.435163    1.228696    0.021625    0.000197    0.075223    5.747290    2.674732    0.548982    1.945323    1.764525    1.765243    0.896237    1.126216    2.134466
Iteration: 159 bestvalit: 204.200000 bestmemit:    0.021798    0.046817    0.033790    0.779760    0.454678    0.411551    0.005090    0.360882    0.125870    0.362889    0.435163    1.228696    0.021625    0.000197    0.075223    5.747290    2.674732    0.548982    1.945323    1.764525    1.765243    0.896237    1.126216    2.134466
Iteration: 160 bestvalit: 204.200000 bestmemit:    0.021798    0.046817    0.033790    0.779760    0.454678    0.411551    0.005090    0.360882    0.125870    0.362889    0.435163    1.228696    0.021625    0.000197    0.075223    5.747290    2.674732    0.548982    1.945323    1.764525    1.765243    0.896237    1.126216    2.134466
Iteration: 161 bestvalit: 204.200000 bestmemit:    0.021798    0.046817    0.033790    0.779760    0.454678    0.411551    0.005090    0.360882    0.125870    0.362889    0.435163    1.228696    0.021625    0.000197    0.075223    5.747290    2.674732    0.548982    1.945323    1.764525    1.765243    0.896237    1.126216    2.134466
Iteration: 162 bestvalit: 204.200000 bestmemit:    0.021798    0.046817    0.033790    0.779760    0.454678    0.411551    0.005090    0.360882    0.125870    0.362889    0.435163    1.228696    0.021625    0.000197    0.075223    5.747290    2.674732    0.548982    1.945323    1.764525    1.765243    0.896237    1.126216    2.134466
Iteration: 163 bestvalit: 204.200000 bestmemit:    0.021798    0.046817    0.033790    0.779760    0.454678    0.411551    0.005090    0.360882    0.125870    0.362889    0.435163    1.228696    0.021625    0.000197    0.075223    5.747290    2.674732    0.548982    1.945323    1.764525    1.765243    0.896237    1.126216    2.134466
Iteration: 164 bestvalit: 203.585000 bestmemit:    0.021798    0.046817    0.033790    0.779760    0.454678    0.411551    0.005090    0.360882    0.125870    0.362889    0.435163    1.228696    0.021625    0.000197    0.075223    5.747290    2.674732    0.548982    1.945323    1.725899    1.765243    0.896237    1.126216    2.134466
Iteration: 165 bestvalit: 203.585000 bestmemit:    0.021798    0.046817    0.033790    0.779760    0.454678    0.411551    0.005090    0.360882    0.125870    0.362889    0.435163    1.228696    0.021625    0.000197    0.075223    5.747290    2.674732    0.548982    1.945323    1.725899    1.765243    0.896237    1.126216    2.134466
Iteration: 166 bestvalit: 203.585000 bestmemit:    0.021798    0.046817    0.033790    0.779760    0.454678    0.411551    0.005090    0.360882    0.125870    0.362889    0.435163    1.228696    0.021625    0.000197    0.075223    5.747290    2.674732    0.548982    1.945323    1.725899    1.765243    0.896237    1.126216    2.134466
Iteration: 167 bestvalit: 203.585000 bestmemit:    0.021798    0.046817    0.033790    0.779760    0.454678    0.411551    0.005090    0.360882    0.125870    0.362889    0.435163    1.228696    0.021625    0.000197    0.075223    5.747290    2.674732    0.548982    1.945323    1.725899    1.765243    0.896237    1.126216    2.134466
Iteration: 168 bestvalit: 203.585000 bestmemit:    0.021798    0.046817    0.033790    0.779760    0.454678    0.411551    0.005090    0.360882    0.125870    0.362889    0.435163    1.228696    0.021625    0.000197    0.075223    5.747290    2.674732    0.548982    1.945323    1.725899    1.765243    0.896237    1.126216    2.134466
Iteration: 169 bestvalit: 203.585000 bestmemit:    0.021798    0.046817    0.033790    0.779760    0.454678    0.411551    0.005090    0.360882    0.125870    0.362889    0.435163    1.228696    0.021625    0.000197    0.075223    5.747290    2.674732    0.548982    1.945323    1.725899    1.765243    0.896237    1.126216    2.134466
Iteration: 170 bestvalit: 203.585000 bestmemit:    0.021798    0.046817    0.033790    0.779760    0.454678    0.411551    0.005090    0.360882    0.125870    0.362889    0.435163    1.228696    0.021625    0.000197    0.075223    5.747290    2.674732    0.548982    1.945323    1.725899    1.765243    0.896237    1.126216    2.134466
Iteration: 171 bestvalit: 203.585000 bestmemit:    0.021798    0.046817    0.033790    0.779760    0.454678    0.411551    0.005090    0.360882    0.125870    0.362889    0.435163    1.228696    0.021625    0.000197    0.075223    5.747290    2.674732    0.548982    1.945323    1.725899    1.765243    0.896237    1.126216    2.134466
Iteration: 172 bestvalit: 203.585000 bestmemit:    0.021798    0.046817    0.033790    0.779760    0.454678    0.411551    0.005090    0.360882    0.125870    0.362889    0.435163    1.228696    0.021625    0.000197    0.075223    5.747290    2.674732    0.548982    1.945323    1.725899    1.765243    0.896237    1.126216    2.134466
Iteration: 173 bestvalit: 203.585000 bestmemit:    0.021798    0.046817    0.033790    0.779760    0.454678    0.411551    0.005090    0.360882    0.125870    0.362889    0.435163    1.228696    0.021625    0.000197    0.075223    5.747290    2.674732    0.548982    1.945323    1.725899    1.765243    0.896237    1.126216    2.134466
Iteration: 174 bestvalit: 203.585000 bestmemit:    0.021798    0.046817    0.033790    0.779760    0.454678    0.411551    0.005090    0.360882    0.125870    0.362889    0.435163    1.228696    0.021625    0.000197    0.075223    5.747290    2.674732    0.548982    1.945323    1.725899    1.765243    0.896237    1.126216    2.134466
Iteration: 175 bestvalit: 203.585000 bestmemit:    0.021798    0.046817    0.033790    0.779760    0.454678    0.411551    0.005090    0.360882    0.125870    0.362889    0.435163    1.228696    0.021625    0.000197    0.075223    5.747290    2.674732    0.548982    1.945323    1.725899    1.765243    0.896237    1.126216    2.134466
Iteration: 176 bestvalit: 203.585000 bestmemit:    0.021798    0.046817    0.033790    0.779760    0.454678    0.411551    0.005090    0.360882    0.125870    0.362889    0.435163    1.228696    0.021625    0.000197    0.075223    5.747290    2.674732    0.548982    1.945323    1.725899    1.765243    0.896237    1.126216    2.134466
Iteration: 177 bestvalit: 203.585000 bestmemit:    0.021798    0.046817    0.033790    0.779760    0.454678    0.411551    0.005090    0.360882    0.125870    0.362889    0.435163    1.228696    0.021625    0.000197    0.075223    5.747290    2.674732    0.548982    1.945323    1.725899    1.765243    0.896237    1.126216    2.134466
Iteration: 178 bestvalit: 203.585000 bestmemit:    0.021798    0.046817    0.033790    0.779760    0.454678    0.411551    0.005090    0.360882    0.125870    0.362889    0.435163    1.228696    0.021625    0.000197    0.075223    5.747290    2.674732    0.548982    1.945323    1.725899    1.765243    0.896237    1.126216    2.134466
Iteration: 179 bestvalit: 203.585000 bestmemit:    0.021798    0.046817    0.033790    0.779760    0.454678    0.411551    0.005090    0.360882    0.125870    0.362889    0.435163    1.228696    0.021625    0.000197    0.075223    5.747290    2.674732    0.548982    1.945323    1.725899    1.765243    0.896237    1.126216    2.134466
Iteration: 180 bestvalit: 203.585000 bestmemit:    0.021798    0.046817    0.033790    0.779760    0.454678    0.411551    0.005090    0.360882    0.125870    0.362889    0.435163    1.228696    0.021625    0.000197    0.075223    5.747290    2.674732    0.548982    1.945323    1.725899    1.765243    0.896237    1.126216    2.134466
Iteration: 181 bestvalit: 203.585000 bestmemit:    0.021798    0.046817    0.033790    0.779760    0.454678    0.411551    0.005090    0.360882    0.125870    0.362889    0.435163    1.228696    0.021625    0.000197    0.075223    5.747290    2.674732    0.548982    1.945323    1.725899    1.765243    0.896237    1.126216    2.134466
Iteration: 182 bestvalit: 203.585000 bestmemit:    0.021798    0.046817    0.033790    0.779760    0.454678    0.411551    0.005090    0.360882    0.125870    0.362889    0.435163    1.228696    0.021625    0.000197    0.075223    5.747290    2.674732    0.548982    1.945323    1.725899    1.765243    0.896237    1.126216    2.134466
Iteration: 183 bestvalit: 203.585000 bestmemit:    0.021798    0.046817    0.033790    0.779760    0.454678    0.411551    0.005090    0.360882    0.125870    0.362889    0.435163    1.228696    0.021625    0.000197    0.075223    5.747290    2.674732    0.548982    1.945323    1.725899    1.765243    0.896237    1.126216    2.134466
Iteration: 184 bestvalit: 203.585000 bestmemit:    0.021798    0.046817    0.033790    0.779760    0.454678    0.411551    0.005090    0.360882    0.125870    0.362889    0.435163    1.228696    0.021625    0.000197    0.075223    5.747290    2.674732    0.548982    1.945323    1.725899    1.765243    0.896237    1.126216    2.134466
Iteration: 185 bestvalit: 203.585000 bestmemit:    0.021798    0.046817    0.033790    0.779760    0.454678    0.411551    0.005090    0.360882    0.125870    0.362889    0.435163    1.228696    0.021625    0.000197    0.075223    5.747290    2.674732    0.548982    1.945323    1.725899    1.765243    0.896237    1.126216    2.134466
Iteration: 186 bestvalit: 203.585000 bestmemit:    0.021798    0.046817    0.033790    0.779760    0.454678    0.411551    0.005090    0.360882    0.125870    0.362889    0.435163    1.228696    0.021625    0.000197    0.075223    5.747290    2.674732    0.548982    1.945323    1.725899    1.765243    0.896237    1.126216    2.134466
Iteration: 187 bestvalit: 203.585000 bestmemit:    0.021798    0.046817    0.033790    0.779760    0.454678    0.411551    0.005090    0.360882    0.125870    0.362889    0.435163    1.228696    0.021625    0.000197    0.075223    5.747290    2.674732    0.548982    1.945323    1.725899    1.765243    0.896237    1.126216    2.134466
Iteration: 188 bestvalit: 203.585000 bestmemit:    0.021798    0.046817    0.033790    0.779760    0.454678    0.411551    0.005090    0.360882    0.125870    0.362889    0.435163    1.228696    0.021625    0.000197    0.075223    5.747290    2.674732    0.548982    1.945323    1.725899    1.765243    0.896237    1.126216    2.134466
Iteration: 189 bestvalit: 203.585000 bestmemit:    0.021798    0.046817    0.033790    0.779760    0.454678    0.411551    0.005090    0.360882    0.125870    0.362889    0.435163    1.228696    0.021625    0.000197    0.075223    5.747290    2.674732    0.548982    1.945323    1.725899    1.765243    0.896237    1.126216    2.134466
Iteration: 190 bestvalit: 203.585000 bestmemit:    0.021798    0.046817    0.033790    0.779760    0.454678    0.411551    0.005090    0.360882    0.125870    0.362889    0.435163    1.228696    0.021625    0.000197    0.075223    5.747290    2.674732    0.548982    1.945323    1.725899    1.765243    0.896237    1.126216    2.134466
Iteration: 191 bestvalit: 203.585000 bestmemit:    0.021798    0.046817    0.033790    0.779760    0.454678    0.411551    0.005090    0.360882    0.125870    0.362889    0.435163    1.228696    0.021625    0.000197    0.075223    5.747290    2.674732    0.548982    1.945323    1.725899    1.765243    0.896237    1.126216    2.134466
Iteration: 192 bestvalit: 200.545000 bestmemit:    0.021798    0.046817    0.033790    0.779760    0.454678    0.411551    0.005090    0.360882    0.125870    0.362889    0.435163    1.228696    0.021625    0.000197    0.075223    5.747290    2.674732    0.548982    1.945323    1.725899    1.765243    0.916654    1.126216    2.134466
Iteration: 193 bestvalit: 200.545000 bestmemit:    0.021798    0.046817    0.033790    0.779760    0.454678    0.411551    0.005090    0.360882    0.125870    0.362889    0.435163    1.228696    0.021625    0.000197    0.075223    5.747290    2.674732    0.548982    1.945323    1.725899    1.765243    0.916654    1.126216    2.134466
Iteration: 194 bestvalit: 200.545000 bestmemit:    0.021798    0.046817    0.033790    0.779760    0.454678    0.411551    0.005090    0.360882    0.125870    0.362889    0.435163    1.228696    0.021625    0.000197    0.075223    5.747290    2.674732    0.548982    1.945323    1.725899    1.765243    0.916654    1.126216    2.134466
Iteration: 195 bestvalit: 200.545000 bestmemit:    0.021798    0.046817    0.033790    0.779760    0.454678    0.411551    0.005090    0.360882    0.125870    0.362889    0.435163    1.228696    0.021625    0.000197    0.075223    5.747290    2.674732    0.548982    1.945323    1.725899    1.765243    0.916654    1.126216    2.134466
Iteration: 196 bestvalit: 200.545000 bestmemit:    0.021798    0.046817    0.033790    0.779760    0.454678    0.411551    0.005090    0.360882    0.125870    0.362889    0.435163    1.228696    0.021625    0.000197    0.075223    5.747290    2.674732    0.548982    1.945323    1.725899    1.765243    0.916654    1.126216    2.134466
Iteration: 197 bestvalit: 200.545000 bestmemit:    0.021798    0.046817    0.033790    0.779760    0.454678    0.411551    0.005090    0.360882    0.125870    0.362889    0.435163    1.228696    0.021625    0.000197    0.075223    5.747290    2.674732    0.548982    1.945323    1.725899    1.765243    0.916654    1.126216    2.134466
Iteration: 198 bestvalit: 200.545000 bestmemit:    0.021798    0.046817    0.033790    0.779760    0.454678    0.411551    0.005090    0.360882    0.125870    0.362889    0.435163    1.228696    0.021625    0.000197    0.075223    5.747290    2.674732    0.548982    1.945323    1.725899    1.765243    0.916654    1.126216    2.134466
Iteration: 199 bestvalit: 200.545000 bestmemit:    0.021798    0.046817    0.033790    0.779760    0.454678    0.411551    0.005090    0.360882    0.125870    0.362889    0.435163    1.228696    0.021625    0.000197    0.075223    5.747290    2.674732    0.548982    1.945323    1.725899    1.765243    0.916654    1.126216    2.134466
Iteration: 200 bestvalit: 200.545000 bestmemit:    0.021798    0.046817    0.033790    0.779760    0.454678    0.411551    0.005090    0.360882    0.125870    0.362889    0.435163    1.228696    0.021625    0.000197    0.075223    5.747290    2.674732    0.548982    1.945323    1.725899    1.765243    0.916654    1.126216    2.134466
Iteration: 201 bestvalit: 200.545000 bestmemit:    0.021798    0.046817    0.033790    0.779760    0.454678    0.411551    0.005090    0.360882    0.125870    0.362889    0.435163    1.228696    0.021625    0.000197    0.075223    5.747290    2.674732    0.548982    1.945323    1.725899    1.765243    0.916654    1.126216    2.134466
Iteration: 202 bestvalit: 200.545000 bestmemit:    0.021798    0.046817    0.033790    0.779760    0.454678    0.411551    0.005090    0.360882    0.125870    0.362889    0.435163    1.228696    0.021625    0.000197    0.075223    5.747290    2.674732    0.548982    1.945323    1.725899    1.765243    0.916654    1.126216    2.134466
Iteration: 203 bestvalit: 200.545000 bestmemit:    0.021798    0.046817    0.033790    0.779760    0.454678    0.411551    0.005090    0.360882    0.125870    0.362889    0.435163    1.228696    0.021625    0.000197    0.075223    5.747290    2.674732    0.548982    1.945323    1.725899    1.765243    0.916654    1.126216    2.134466
Iteration: 204 bestvalit: 199.395000 bestmemit:    0.021798    0.046817    0.033790    0.779760    0.454678    0.411551    0.005090    0.360882    0.124181    0.362889    0.435163    1.228696    0.021625    0.000197    0.075223    5.747290    2.674732    0.548982    1.945323    1.725899    1.765243    0.916654    1.126216    2.134466
Iteration: 205 bestvalit: 193.805000 bestmemit:    0.030467    0.062900    0.072329    0.487665    0.493490    0.449425    0.160587    0.329443    0.101696    0.454773    0.361016    1.425947    0.031661    0.002176    0.028889    9.186022    4.294946    0.468934    1.977334    1.779557    1.732331    0.907955    1.085634    2.067697
Iteration: 206 bestvalit: 193.805000 bestmemit:    0.030467    0.062900    0.072329    0.487665    0.493490    0.449425    0.160587    0.329443    0.101696    0.454773    0.361016    1.425947    0.031661    0.002176    0.028889    9.186022    4.294946    0.468934    1.977334    1.779557    1.732331    0.907955    1.085634    2.067697
Iteration: 207 bestvalit: 193.805000 bestmemit:    0.030467    0.062900    0.072329    0.487665    0.493490    0.449425    0.160587    0.329443    0.101696    0.454773    0.361016    1.425947    0.031661    0.002176    0.028889    9.186022    4.294946    0.468934    1.977334    1.779557    1.732331    0.907955    1.085634    2.067697
Iteration: 208 bestvalit: 193.805000 bestmemit:    0.030467    0.062900    0.072329    0.487665    0.493490    0.449425    0.160587    0.329443    0.101696    0.454773    0.361016    1.425947    0.031661    0.002176    0.028889    9.186022    4.294946    0.468934    1.977334    1.779557    1.732331    0.907955    1.085634    2.067697
Iteration: 209 bestvalit: 193.805000 bestmemit:    0.030467    0.062900    0.072329    0.487665    0.493490    0.449425    0.160587    0.329443    0.101696    0.454773    0.361016    1.425947    0.031661    0.002176    0.028889    9.186022    4.294946    0.468934    1.977334    1.779557    1.732331    0.907955    1.085634    2.067697
Iteration: 210 bestvalit: 193.805000 bestmemit:    0.030467    0.062900    0.072329    0.487665    0.493490    0.449425    0.160587    0.329443    0.101696    0.454773    0.361016    1.425947    0.031661    0.002176    0.028889    9.186022    4.294946    0.468934    1.977334    1.779557    1.732331    0.907955    1.085634    2.067697
Iteration: 211 bestvalit: 193.805000 bestmemit:    0.030467    0.062900    0.072329    0.487665    0.493490    0.449425    0.160587    0.329443    0.101696    0.454773    0.361016    1.425947    0.031661    0.002176    0.028889    9.186022    4.294946    0.468934    1.977334    1.779557    1.732331    0.907955    1.085634    2.067697
Iteration: 212 bestvalit: 193.805000 bestmemit:    0.030467    0.062900    0.072329    0.487665    0.493490    0.449425    0.160587    0.329443    0.101696    0.454773    0.361016    1.425947    0.031661    0.002176    0.028889    9.186022    4.294946    0.468934    1.977334    1.779557    1.732331    0.907955    1.085634    2.067697
Iteration: 213 bestvalit: 193.805000 bestmemit:    0.030467    0.062900    0.072329    0.487665    0.493490    0.449425    0.160587    0.329443    0.101696    0.454773    0.361016    1.425947    0.031661    0.002176    0.028889    9.186022    4.294946    0.468934    1.977334    1.779557    1.732331    0.907955    1.085634    2.067697
Iteration: 214 bestvalit: 193.805000 bestmemit:    0.030467    0.062900    0.072329    0.487665    0.493490    0.449425    0.160587    0.329443    0.101696    0.454773    0.361016    1.425947    0.031661    0.002176    0.028889    9.186022    4.294946    0.468934    1.977334    1.779557    1.732331    0.907955    1.085634    2.067697
Iteration: 215 bestvalit: 193.805000 bestmemit:    0.030467    0.062900    0.072329    0.487665    0.493490    0.449425    0.160587    0.329443    0.101696    0.454773    0.361016    1.425947    0.031661    0.002176    0.028889    9.186022    4.294946    0.468934    1.977334    1.779557    1.732331    0.907955    1.085634    2.067697
Iteration: 216 bestvalit: 193.805000 bestmemit:    0.030467    0.062900    0.072329    0.487665    0.493490    0.449425    0.160587    0.329443    0.101696    0.454773    0.361016    1.425947    0.031661    0.002176    0.028889    9.186022    4.294946    0.468934    1.977334    1.779557    1.732331    0.907955    1.085634    2.067697
Iteration: 217 bestvalit: 193.805000 bestmemit:    0.030467    0.062900    0.072329    0.487665    0.493490    0.449425    0.160587    0.329443    0.101696    0.454773    0.361016    1.425947    0.031661    0.002176    0.028889    9.186022    4.294946    0.468934    1.977334    1.779557    1.732331    0.907955    1.085634    2.067697
Iteration: 218 bestvalit: 193.805000 bestmemit:    0.030467    0.062900    0.072329    0.487665    0.493490    0.449425    0.160587    0.329443    0.101696    0.454773    0.361016    1.425947    0.031661    0.002176    0.028889    9.186022    4.294946    0.468934    1.977334    1.779557    1.732331    0.907955    1.085634    2.067697
Iteration: 219 bestvalit: 193.805000 bestmemit:    0.030467    0.062900    0.072329    0.487665    0.493490    0.449425    0.160587    0.329443    0.101696    0.454773    0.361016    1.425947    0.031661    0.002176    0.028889    9.186022    4.294946    0.468934    1.977334    1.779557    1.732331    0.907955    1.085634    2.067697
Iteration: 220 bestvalit: 193.805000 bestmemit:    0.030467    0.062900    0.072329    0.487665    0.493490    0.449425    0.160587    0.329443    0.101696    0.454773    0.361016    1.425947    0.031661    0.002176    0.028889    9.186022    4.294946    0.468934    1.977334    1.779557    1.732331    0.907955    1.085634    2.067697
Iteration: 221 bestvalit: 193.805000 bestmemit:    0.030467    0.062900    0.072329    0.487665    0.493490    0.449425    0.160587    0.329443    0.101696    0.454773    0.361016    1.425947    0.031661    0.002176    0.028889    9.186022    4.294946    0.468934    1.977334    1.779557    1.732331    0.907955    1.085634    2.067697
Iteration: 222 bestvalit: 193.805000 bestmemit:    0.030467    0.062900    0.072329    0.487665    0.493490    0.449425    0.160587    0.329443    0.101696    0.454773    0.361016    1.425947    0.031661    0.002176    0.028889    9.186022    4.294946    0.468934    1.977334    1.779557    1.732331    0.907955    1.085634    2.067697
Iteration: 223 bestvalit: 193.805000 bestmemit:    0.030467    0.062900    0.072329    0.487665    0.493490    0.449425    0.160587    0.329443    0.101696    0.454773    0.361016    1.425947    0.031661    0.002176    0.028889    9.186022    4.294946    0.468934    1.977334    1.779557    1.732331    0.907955    1.085634    2.067697
Iteration: 224 bestvalit: 193.805000 bestmemit:    0.030467    0.062900    0.072329    0.487665    0.493490    0.449425    0.160587    0.329443    0.101696    0.454773    0.361016    1.425947    0.031661    0.002176    0.028889    9.186022    4.294946    0.468934    1.977334    1.779557    1.732331    0.907955    1.085634    2.067697
Iteration: 225 bestvalit: 193.805000 bestmemit:    0.030467    0.062900    0.072329    0.487665    0.493490    0.449425    0.160587    0.329443    0.101696    0.454773    0.361016    1.425947    0.031661    0.002176    0.028889    9.186022    4.294946    0.468934    1.977334    1.779557    1.732331    0.907955    1.085634    2.067697
Iteration: 226 bestvalit: 193.805000 bestmemit:    0.030467    0.062900    0.072329    0.487665    0.493490    0.449425    0.160587    0.329443    0.101696    0.454773    0.361016    1.425947    0.031661    0.002176    0.028889    9.186022    4.294946    0.468934    1.977334    1.779557    1.732331    0.907955    1.085634    2.067697
Iteration: 227 bestvalit: 193.805000 bestmemit:    0.030467    0.062900    0.072329    0.487665    0.493490    0.449425    0.160587    0.329443    0.101696    0.454773    0.361016    1.425947    0.031661    0.002176    0.028889    9.186022    4.294946    0.468934    1.977334    1.779557    1.732331    0.907955    1.085634    2.067697
Iteration: 228 bestvalit: 193.805000 bestmemit:    0.030467    0.062900    0.072329    0.487665    0.493490    0.449425    0.160587    0.329443    0.101696    0.454773    0.361016    1.425947    0.031661    0.002176    0.028889    9.186022    4.294946    0.468934    1.977334    1.779557    1.732331    0.907955    1.085634    2.067697
Iteration: 229 bestvalit: 193.805000 bestmemit:    0.030467    0.062900    0.072329    0.487665    0.493490    0.449425    0.160587    0.329443    0.101696    0.454773    0.361016    1.425947    0.031661    0.002176    0.028889    9.186022    4.294946    0.468934    1.977334    1.779557    1.732331    0.907955    1.085634    2.067697
Iteration: 230 bestvalit: 192.390000 bestmemit:    0.030467    0.062900    0.074566    0.487665    0.493490    0.449425    0.160587    0.329443    0.101696    0.454773    0.361016    1.425947    0.031661    0.002176    0.028889    9.186022    4.294946    0.468934    1.977334    1.779557    1.732331    0.907955    1.085634    2.067697
Iteration: 231 bestvalit: 192.390000 bestmemit:    0.030467    0.062900    0.074566    0.487665    0.493490    0.449425    0.160587    0.329443    0.101696    0.454773    0.361016    1.425947    0.031661    0.002176    0.028889    9.186022    4.294946    0.468934    1.977334    1.779557    1.732331    0.907955    1.085634    2.067697
Iteration: 232 bestvalit: 192.390000 bestmemit:    0.030467    0.062900    0.074566    0.487665    0.493490    0.449425    0.160587    0.329443    0.101696    0.454773    0.361016    1.425947    0.031661    0.002176    0.028889    9.186022    4.294946    0.468934    1.977334    1.779557    1.732331    0.907955    1.085634    2.067697
Iteration: 233 bestvalit: 192.390000 bestmemit:    0.030467    0.062900    0.074566    0.487665    0.493490    0.449425    0.160587    0.329443    0.101696    0.454773    0.361016    1.425947    0.031661    0.002176    0.028889    9.186022    4.294946    0.468934    1.977334    1.779557    1.732331    0.907955    1.085634    2.067697
Iteration: 234 bestvalit: 192.390000 bestmemit:    0.030467    0.062900    0.074566    0.487665    0.493490    0.449425    0.160587    0.329443    0.101696    0.454773    0.361016    1.425947    0.031661    0.002176    0.028889    9.186022    4.294946    0.468934    1.977334    1.779557    1.732331    0.907955    1.085634    2.067697
Iteration: 235 bestvalit: 192.390000 bestmemit:    0.030467    0.062900    0.074566    0.487665    0.493490    0.449425    0.160587    0.329443    0.101696    0.454773    0.361016    1.425947    0.031661    0.002176    0.028889    9.186022    4.294946    0.468934    1.977334    1.779557    1.732331    0.907955    1.085634    2.067697
Iteration: 236 bestvalit: 192.390000 bestmemit:    0.030467    0.062900    0.074566    0.487665    0.493490    0.449425    0.160587    0.329443    0.101696    0.454773    0.361016    1.425947    0.031661    0.002176    0.028889    9.186022    4.294946    0.468934    1.977334    1.779557    1.732331    0.907955    1.085634    2.067697
Iteration: 237 bestvalit: 192.390000 bestmemit:    0.030467    0.062900    0.074566    0.487665    0.493490    0.449425    0.160587    0.329443    0.101696    0.454773    0.361016    1.425947    0.031661    0.002176    0.028889    9.186022    4.294946    0.468934    1.977334    1.779557    1.732331    0.907955    1.085634    2.067697
Iteration: 238 bestvalit: 192.390000 bestmemit:    0.030467    0.062900    0.074566    0.487665    0.493490    0.449425    0.160587    0.329443    0.101696    0.454773    0.361016    1.425947    0.031661    0.002176    0.028889    9.186022    4.294946    0.468934    1.977334    1.779557    1.732331    0.907955    1.085634    2.067697
Iteration: 239 bestvalit: 192.390000 bestmemit:    0.030467    0.062900    0.074566    0.487665    0.493490    0.449425    0.160587    0.329443    0.101696    0.454773    0.361016    1.425947    0.031661    0.002176    0.028889    9.186022    4.294946    0.468934    1.977334    1.779557    1.732331    0.907955    1.085634    2.067697
Iteration: 240 bestvalit: 192.390000 bestmemit:    0.030467    0.062900    0.074566    0.487665    0.493490    0.449425    0.160587    0.329443    0.101696    0.454773    0.361016    1.425947    0.031661    0.002176    0.028889    9.186022    4.294946    0.468934    1.977334    1.779557    1.732331    0.907955    1.085634    2.067697
Iteration: 241 bestvalit: 192.300000 bestmemit:    0.030467    0.062900    0.074566    0.487665    0.493490    0.449425    0.160587    0.329443    0.101696    0.454773    0.361016    1.425947    0.031661    0.002176    0.028889    9.186022    4.294946    0.468934    1.977334    1.779557    1.752787    0.907955    1.085634    2.067697
Iteration: 242 bestvalit: 192.300000 bestmemit:    0.030467    0.062900    0.074566    0.487665    0.493490    0.449425    0.160587    0.329443    0.101696    0.454773    0.361016    1.425947    0.031661    0.002176    0.028889    9.186022    4.294946    0.468934    1.977334    1.779557    1.752787    0.907955    1.085634    2.067697
Iteration: 243 bestvalit: 192.300000 bestmemit:    0.030467    0.062900    0.074566    0.487665    0.493490    0.449425    0.160587    0.329443    0.101696    0.454773    0.361016    1.425947    0.031661    0.002176    0.028889    9.186022    4.294946    0.468934    1.977334    1.779557    1.752787    0.907955    1.085634    2.067697
Iteration: 244 bestvalit: 192.300000 bestmemit:    0.030467    0.062900    0.074566    0.487665    0.493490    0.449425    0.160587    0.329443    0.101696    0.454773    0.361016    1.425947    0.031661    0.002176    0.028889    9.186022    4.294946    0.468934    1.977334    1.779557    1.752787    0.907955    1.085634    2.067697
Iteration: 245 bestvalit: 192.300000 bestmemit:    0.030467    0.062900    0.074566    0.487665    0.493490    0.449425    0.160587    0.329443    0.101696    0.454773    0.361016    1.425947    0.031661    0.002176    0.028889    9.186022    4.294946    0.468934    1.977334    1.779557    1.752787    0.907955    1.085634    2.067697
Iteration: 246 bestvalit: 187.985000 bestmemit:    0.030467    0.062900    0.074566    0.487665    0.493490    0.449425    0.160587    0.329443    0.101696    0.454773    0.361016    1.425947    0.031661    0.001542    0.028889    9.186022    4.294946    0.468934    1.977334    1.779557    1.752787    0.907955    1.085634    2.067697
Iteration: 247 bestvalit: 187.985000 bestmemit:    0.030467    0.062900    0.074566    0.487665    0.493490    0.449425    0.160587    0.329443    0.101696    0.454773    0.361016    1.425947    0.031661    0.001542    0.028889    9.186022    4.294946    0.468934    1.977334    1.779557    1.752787    0.907955    1.085634    2.067697
Iteration: 248 bestvalit: 187.985000 bestmemit:    0.030467    0.062900    0.074566    0.487665    0.493490    0.449425    0.160587    0.329443    0.101696    0.454773    0.361016    1.425947    0.031661    0.001542    0.028889    9.186022    4.294946    0.468934    1.977334    1.779557    1.752787    0.907955    1.085634    2.067697
Iteration: 249 bestvalit: 187.985000 bestmemit:    0.030467    0.062900    0.074566    0.487665    0.493490    0.449425    0.160587    0.329443    0.101696    0.454773    0.361016    1.425947    0.031661    0.001542    0.028889    9.186022    4.294946    0.468934    1.977334    1.779557    1.752787    0.907955    1.085634    2.067697
Iteration: 250 bestvalit: 187.985000 bestmemit:    0.030467    0.062900    0.074566    0.487665    0.493490    0.449425    0.160587    0.329443    0.101696    0.454773    0.361016    1.425947    0.031661    0.001542    0.028889    9.186022    4.294946    0.468934    1.977334    1.779557    1.752787    0.907955    1.085634    2.067697
Iteration: 251 bestvalit: 187.985000 bestmemit:    0.030467    0.062900    0.074566    0.487665    0.493490    0.449425    0.160587    0.329443    0.101696    0.454773    0.361016    1.425947    0.031661    0.001542    0.028889    9.186022    4.294946    0.468934    1.977334    1.779557    1.752787    0.907955    1.085634    2.067697
Iteration: 252 bestvalit: 187.075000 bestmemit:    0.030467    0.062900    0.074566    0.487665    0.493490    0.449425    0.160587    0.329443    0.101696    0.454773    0.361016    1.425947    0.031661    0.001542    0.028889    9.186022    4.294946    0.468934    1.974401    1.779557    1.752787    0.907955    1.085634    2.067697
Iteration: 253 bestvalit: 187.075000 bestmemit:    0.030467    0.062900    0.074566    0.487665    0.493490    0.449425    0.160587    0.329443    0.101696    0.454773    0.361016    1.425947    0.031661    0.001542    0.028889    9.186022    4.294946    0.468934    1.974401    1.779557    1.752787    0.907955    1.085634    2.067697
Iteration: 254 bestvalit: 187.075000 bestmemit:    0.030467    0.062900    0.074566    0.487665    0.493490    0.449425    0.160587    0.329443    0.101696    0.454773    0.361016    1.425947    0.031661    0.001542    0.028889    9.186022    4.294946    0.468934    1.974401    1.779557    1.752787    0.907955    1.085634    2.067697
Iteration: 255 bestvalit: 187.075000 bestmemit:    0.030467    0.062900    0.074566    0.487665    0.493490    0.449425    0.160587    0.329443    0.101696    0.454773    0.361016    1.425947    0.031661    0.001542    0.028889    9.186022    4.294946    0.468934    1.974401    1.779557    1.752787    0.907955    1.085634    2.067697
Iteration: 256 bestvalit: 187.075000 bestmemit:    0.030467    0.062900    0.074566    0.487665    0.493490    0.449425    0.160587    0.329443    0.101696    0.454773    0.361016    1.425947    0.031661    0.001542    0.028889    9.186022    4.294946    0.468934    1.974401    1.779557    1.752787    0.907955    1.085634    2.067697
Iteration: 257 bestvalit: 187.075000 bestmemit:    0.030467    0.062900    0.074566    0.487665    0.493490    0.449425    0.160587    0.329443    0.101696    0.454773    0.361016    1.425947    0.031661    0.001542    0.028889    9.186022    4.294946    0.468934    1.974401    1.779557    1.752787    0.907955    1.085634    2.067697
Iteration: 258 bestvalit: 187.075000 bestmemit:    0.030467    0.062900    0.074566    0.487665    0.493490    0.449425    0.160587    0.329443    0.101696    0.454773    0.361016    1.425947    0.031661    0.001542    0.028889    9.186022    4.294946    0.468934    1.974401    1.779557    1.752787    0.907955    1.085634    2.067697
Iteration: 259 bestvalit: 187.075000 bestmemit:    0.030467    0.062900    0.074566    0.487665    0.493490    0.449425    0.160587    0.329443    0.101696    0.454773    0.361016    1.425947    0.031661    0.001542    0.028889    9.186022    4.294946    0.468934    1.974401    1.779557    1.752787    0.907955    1.085634    2.067697
Iteration: 260 bestvalit: 187.075000 bestmemit:    0.030467    0.062900    0.074566    0.487665    0.493490    0.449425    0.160587    0.329443    0.101696    0.454773    0.361016    1.425947    0.031661    0.001542    0.028889    9.186022    4.294946    0.468934    1.974401    1.779557    1.752787    0.907955    1.085634    2.067697
Iteration: 261 bestvalit: 187.075000 bestmemit:    0.030467    0.062900    0.074566    0.487665    0.493490    0.449425    0.160587    0.329443    0.101696    0.454773    0.361016    1.425947    0.031661    0.001542    0.028889    9.186022    4.294946    0.468934    1.974401    1.779557    1.752787    0.907955    1.085634    2.067697
Iteration: 262 bestvalit: 187.075000 bestmemit:    0.030467    0.062900    0.074566    0.487665    0.493490    0.449425    0.160587    0.329443    0.101696    0.454773    0.361016    1.425947    0.031661    0.001542    0.028889    9.186022    4.294946    0.468934    1.974401    1.779557    1.752787    0.907955    1.085634    2.067697
Iteration: 263 bestvalit: 187.075000 bestmemit:    0.030467    0.062900    0.074566    0.487665    0.493490    0.449425    0.160587    0.329443    0.101696    0.454773    0.361016    1.425947    0.031661    0.001542    0.028889    9.186022    4.294946    0.468934    1.974401    1.779557    1.752787    0.907955    1.085634    2.067697
Iteration: 264 bestvalit: 187.075000 bestmemit:    0.030467    0.062900    0.074566    0.487665    0.493490    0.449425    0.160587    0.329443    0.101696    0.454773    0.361016    1.425947    0.031661    0.001542    0.028889    9.186022    4.294946    0.468934    1.974401    1.779557    1.752787    0.907955    1.085634    2.067697
Iteration: 265 bestvalit: 187.075000 bestmemit:    0.030467    0.062900    0.074566    0.487665    0.493490    0.449425    0.160587    0.329443    0.101696    0.454773    0.361016    1.425947    0.031661    0.001542    0.028889    9.186022    4.294946    0.468934    1.974401    1.779557    1.752787    0.907955    1.085634    2.067697
Iteration: 266 bestvalit: 187.075000 bestmemit:    0.030467    0.062900    0.074566    0.487665    0.493490    0.449425    0.160587    0.329443    0.101696    0.454773    0.361016    1.425947    0.031661    0.001542    0.028889    9.186022    4.294946    0.468934    1.974401    1.779557    1.752787    0.907955    1.085634    2.067697
Iteration: 267 bestvalit: 187.075000 bestmemit:    0.030467    0.062900    0.074566    0.487665    0.493490    0.449425    0.160587    0.329443    0.101696    0.454773    0.361016    1.425947    0.031661    0.001542    0.028889    9.186022    4.294946    0.468934    1.974401    1.779557    1.752787    0.907955    1.085634    2.067697
Iteration: 268 bestvalit: 187.075000 bestmemit:    0.030467    0.062900    0.074566    0.487665    0.493490    0.449425    0.160587    0.329443    0.101696    0.454773    0.361016    1.425947    0.031661    0.001542    0.028889    9.186022    4.294946    0.468934    1.974401    1.779557    1.752787    0.907955    1.085634    2.067697
Iteration: 269 bestvalit: 187.075000 bestmemit:    0.030467    0.062900    0.074566    0.487665    0.493490    0.449425    0.160587    0.329443    0.101696    0.454773    0.361016    1.425947    0.031661    0.001542    0.028889    9.186022    4.294946    0.468934    1.974401    1.779557    1.752787    0.907955    1.085634    2.067697
Iteration: 270 bestvalit: 187.075000 bestmemit:    0.030467    0.062900    0.074566    0.487665    0.493490    0.449425    0.160587    0.329443    0.101696    0.454773    0.361016    1.425947    0.031661    0.001542    0.028889    9.186022    4.294946    0.468934    1.974401    1.779557    1.752787    0.907955    1.085634    2.067697
Iteration: 271 bestvalit: 187.075000 bestmemit:    0.030467    0.062900    0.074566    0.487665    0.493490    0.449425    0.160587    0.329443    0.101696    0.454773    0.361016    1.425947    0.031661    0.001542    0.028889    9.186022    4.294946    0.468934    1.974401    1.779557    1.752787    0.907955    1.085634    2.067697
Iteration: 272 bestvalit: 187.075000 bestmemit:    0.030467    0.062900    0.074566    0.487665    0.493490    0.449425    0.160587    0.329443    0.101696    0.454773    0.361016    1.425947    0.031661    0.001542    0.028889    9.186022    4.294946    0.468934    1.974401    1.779557    1.752787    0.907955    1.085634    2.067697
Iteration: 273 bestvalit: 187.075000 bestmemit:    0.030467    0.062900    0.074566    0.487665    0.493490    0.449425    0.160587    0.329443    0.101696    0.454773    0.361016    1.425947    0.031661    0.001542    0.028889    9.186022    4.294946    0.468934    1.974401    1.779557    1.752787    0.907955    1.085634    2.067697
Iteration: 274 bestvalit: 187.075000 bestmemit:    0.030467    0.062900    0.074566    0.487665    0.493490    0.449425    0.160587    0.329443    0.101696    0.454773    0.361016    1.425947    0.031661    0.001542    0.028889    9.186022    4.294946    0.468934    1.974401    1.779557    1.752787    0.907955    1.085634    2.067697
Iteration: 275 bestvalit: 185.245000 bestmemit:    0.020106    0.039030    0.023435    0.655105    0.492846    0.432439    0.122748    0.497376    0.109118    0.327413    0.476336    3.486335    0.017640    0.003215    0.046754    9.473344    9.553629    1.292045    1.839084    1.891731    1.973328    0.898550    1.116540    1.974895
Iteration: 276 bestvalit: 185.245000 bestmemit:    0.020106    0.039030    0.023435    0.655105    0.492846    0.432439    0.122748    0.497376    0.109118    0.327413    0.476336    3.486335    0.017640    0.003215    0.046754    9.473344    9.553629    1.292045    1.839084    1.891731    1.973328    0.898550    1.116540    1.974895
Iteration: 277 bestvalit: 183.125000 bestmemit:    0.020106    0.039030    0.023435    0.655105    0.492846    0.432439    0.122748    0.497376    0.109118    0.327413    0.476336    3.486335    0.017640    0.003215    0.046754    9.473344    9.553629    1.292045    1.839084    1.891731    1.973328    0.926218    1.116540    1.974895
Iteration: 278 bestvalit: 183.125000 bestmemit:    0.020106    0.039030    0.023435    0.655105    0.492846    0.432439    0.122748    0.497376    0.109118    0.327413    0.476336    3.486335    0.017640    0.003215    0.046754    9.473344    9.553629    1.292045    1.839084    1.891731    1.973328    0.926218    1.116540    1.974895
Iteration: 279 bestvalit: 183.125000 bestmemit:    0.020106    0.039030    0.023435    0.655105    0.492846    0.432439    0.122748    0.497376    0.109118    0.327413    0.476336    3.486335    0.017640    0.003215    0.046754    9.473344    9.553629    1.292045    1.839084    1.891731    1.973328    0.926218    1.116540    1.974895
Iteration: 280 bestvalit: 183.125000 bestmemit:    0.020106    0.039030    0.023435    0.655105    0.492846    0.432439    0.122748    0.497376    0.109118    0.327413    0.476336    3.486335    0.017640    0.003215    0.046754    9.473344    9.553629    1.292045    1.839084    1.891731    1.973328    0.926218    1.116540    1.974895
Iteration: 281 bestvalit: 183.125000 bestmemit:    0.020106    0.039030    0.023435    0.655105    0.492846    0.432439    0.122748    0.497376    0.109118    0.327413    0.476336    3.486335    0.017640    0.003215    0.046754    9.473344    9.553629    1.292045    1.839084    1.891731    1.973328    0.926218    1.116540    1.974895
Iteration: 282 bestvalit: 183.125000 bestmemit:    0.020106    0.039030    0.023435    0.655105    0.492846    0.432439    0.122748    0.497376    0.109118    0.327413    0.476336    3.486335    0.017640    0.003215    0.046754    9.473344    9.553629    1.292045    1.839084    1.891731    1.973328    0.926218    1.116540    1.974895
Iteration: 283 bestvalit: 183.125000 bestmemit:    0.020106    0.039030    0.023435    0.655105    0.492846    0.432439    0.122748    0.497376    0.109118    0.327413    0.476336    3.486335    0.017640    0.003215    0.046754    9.473344    9.553629    1.292045    1.839084    1.891731    1.973328    0.926218    1.116540    1.974895
Iteration: 284 bestvalit: 183.125000 bestmemit:    0.020106    0.039030    0.023435    0.655105    0.492846    0.432439    0.122748    0.497376    0.109118    0.327413    0.476336    3.486335    0.017640    0.003215    0.046754    9.473344    9.553629    1.292045    1.839084    1.891731    1.973328    0.926218    1.116540    1.974895
Iteration: 285 bestvalit: 183.125000 bestmemit:    0.020106    0.039030    0.023435    0.655105    0.492846    0.432439    0.122748    0.497376    0.109118    0.327413    0.476336    3.486335    0.017640    0.003215    0.046754    9.473344    9.553629    1.292045    1.839084    1.891731    1.973328    0.926218    1.116540    1.974895
Iteration: 286 bestvalit: 183.125000 bestmemit:    0.020106    0.039030    0.023435    0.655105    0.492846    0.432439    0.122748    0.497376    0.109118    0.327413    0.476336    3.486335    0.017640    0.003215    0.046754    9.473344    9.553629    1.292045    1.839084    1.891731    1.973328    0.926218    1.116540    1.974895
Iteration: 287 bestvalit: 183.125000 bestmemit:    0.020106    0.039030    0.023435    0.655105    0.492846    0.432439    0.122748    0.497376    0.109118    0.327413    0.476336    3.486335    0.017640    0.003215    0.046754    9.473344    9.553629    1.292045    1.839084    1.891731    1.973328    0.926218    1.116540    1.974895
Iteration: 288 bestvalit: 183.125000 bestmemit:    0.020106    0.039030    0.023435    0.655105    0.492846    0.432439    0.122748    0.497376    0.109118    0.327413    0.476336    3.486335    0.017640    0.003215    0.046754    9.473344    9.553629    1.292045    1.839084    1.891731    1.973328    0.926218    1.116540    1.974895
Iteration: 289 bestvalit: 183.125000 bestmemit:    0.020106    0.039030    0.023435    0.655105    0.492846    0.432439    0.122748    0.497376    0.109118    0.327413    0.476336    3.486335    0.017640    0.003215    0.046754    9.473344    9.553629    1.292045    1.839084    1.891731    1.973328    0.926218    1.116540    1.974895
Iteration: 290 bestvalit: 182.875000 bestmemit:    0.030467    0.062900    0.074566    0.487665    0.493490    0.449425    0.160587    0.329443    0.101696    0.454773    0.361016    1.425947    0.031661    0.001542    0.028889    9.186022    4.294946    0.468934    1.974401    1.779557    1.752787    0.952689    1.085634    2.067697
Iteration: 291 bestvalit: 182.875000 bestmemit:    0.030467    0.062900    0.074566    0.487665    0.493490    0.449425    0.160587    0.329443    0.101696    0.454773    0.361016    1.425947    0.031661    0.001542    0.028889    9.186022    4.294946    0.468934    1.974401    1.779557    1.752787    0.952689    1.085634    2.067697
Iteration: 292 bestvalit: 182.875000 bestmemit:    0.030467    0.062900    0.074566    0.487665    0.493490    0.449425    0.160587    0.329443    0.101696    0.454773    0.361016    1.425947    0.031661    0.001542    0.028889    9.186022    4.294946    0.468934    1.974401    1.779557    1.752787    0.952689    1.085634    2.067697
Iteration: 293 bestvalit: 182.875000 bestmemit:    0.030467    0.062900    0.074566    0.487665    0.493490    0.449425    0.160587    0.329443    0.101696    0.454773    0.361016    1.425947    0.031661    0.001542    0.028889    9.186022    4.294946    0.468934    1.974401    1.779557    1.752787    0.952689    1.085634    2.067697
Iteration: 294 bestvalit: 182.705000 bestmemit:    0.030467    0.062900    0.074566    0.487665    0.493490    0.449425    0.160587    0.329443    0.101696    0.454773    0.361016    1.425947    0.031661    0.001542    0.028889    9.186022    4.294946    0.468934    1.974401    1.779557    1.781581    0.952689    1.085634    2.067697
Iteration: 295 bestvalit: 182.705000 bestmemit:    0.030467    0.062900    0.074566    0.487665    0.493490    0.449425    0.160587    0.329443    0.101696    0.454773    0.361016    1.425947    0.031661    0.001542    0.028889    9.186022    4.294946    0.468934    1.974401    1.779557    1.781581    0.952689    1.085634    2.067697
Iteration: 296 bestvalit: 182.705000 bestmemit:    0.030467    0.062900    0.074566    0.487665    0.493490    0.449425    0.160587    0.329443    0.101696    0.454773    0.361016    1.425947    0.031661    0.001542    0.028889    9.186022    4.294946    0.468934    1.974401    1.779557    1.781581    0.952689    1.085634    2.067697
Iteration: 297 bestvalit: 177.125000 bestmemit:    0.026777    0.054588    0.058258    0.937957    0.471771    0.405285    0.223858    0.255682    0.105639    0.319697    0.269672    1.613334    0.019592    0.005462    0.008102    7.823981    8.618971    0.619949    1.915891    1.948148    1.590232    0.985144    1.172283    1.977066
Iteration: 298 bestvalit: 177.125000 bestmemit:    0.026777    0.054588    0.058258    0.937957    0.471771    0.405285    0.223858    0.255682    0.105639    0.319697    0.269672    1.613334    0.019592    0.005462    0.008102    7.823981    8.618971    0.619949    1.915891    1.948148    1.590232    0.985144    1.172283    1.977066
Iteration: 299 bestvalit: 177.125000 bestmemit:    0.026777    0.054588    0.058258    0.937957    0.471771    0.405285    0.223858    0.255682    0.105639    0.319697    0.269672    1.613334    0.019592    0.005462    0.008102    7.823981    8.618971    0.619949    1.915891    1.948148    1.590232    0.985144    1.172283    1.977066
Iteration: 300 bestvalit: 177.125000 bestmemit:    0.026777    0.054588    0.058258    0.937957    0.471771    0.405285    0.223858    0.255682    0.105639    0.319697    0.269672    1.613334    0.019592    0.005462    0.008102    7.823981    8.618971    0.619949    1.915891    1.948148    1.590232    0.985144    1.172283    1.977066
Iteration: 301 bestvalit: 177.125000 bestmemit:    0.026777    0.054588    0.058258    0.937957    0.471771    0.405285    0.223858    0.255682    0.105639    0.319697    0.269672    1.613334    0.019592    0.005462    0.008102    7.823981    8.618971    0.619949    1.915891    1.948148    1.590232    0.985144    1.172283    1.977066
Iteration: 302 bestvalit: 177.125000 bestmemit:    0.026777    0.054588    0.058258    0.937957    0.471771    0.405285    0.223858    0.255682    0.105639    0.319697    0.269672    1.613334    0.019592    0.005462    0.008102    7.823981    8.618971    0.619949    1.915891    1.948148    1.590232    0.985144    1.172283    1.977066
Iteration: 303 bestvalit: 177.125000 bestmemit:    0.026777    0.054588    0.058258    0.937957    0.471771    0.405285    0.223858    0.255682    0.105639    0.319697    0.269672    1.613334    0.019592    0.005462    0.008102    7.823981    8.618971    0.619949    1.915891    1.948148    1.590232    0.985144    1.172283    1.977066
Iteration: 304 bestvalit: 177.125000 bestmemit:    0.026777    0.054588    0.058258    0.937957    0.471771    0.405285    0.223858    0.255682    0.105639    0.319697    0.269672    1.613334    0.019592    0.005462    0.008102    7.823981    8.618971    0.619949    1.915891    1.948148    1.590232    0.985144    1.172283    1.977066
Iteration: 305 bestvalit: 177.125000 bestmemit:    0.026777    0.054588    0.058258    0.937957    0.471771    0.405285    0.223858    0.255682    0.105639    0.319697    0.269672    1.613334    0.019592    0.005462    0.008102    7.823981    8.618971    0.619949    1.915891    1.948148    1.590232    0.985144    1.172283    1.977066
Iteration: 306 bestvalit: 174.525000 bestmemit:    0.022574    0.075724    0.052778    0.125240    0.329084    0.389883    0.130814    0.054885    0.133069    0.472128    0.231556    1.653944    0.021001    0.002069    0.009654    8.665062    7.815348    0.329778    1.903420    1.973584    1.875856    0.959940    1.157670    2.141823
Iteration: 307 bestvalit: 174.250000 bestmemit:    0.022574    0.075724    0.052778    0.125240    0.329084    0.389883    0.130814    0.054885    0.133069    0.472128    0.231556    1.653944    0.021001    0.002069    0.009654    8.665062    9.517785    0.329778    1.903420    1.973584    1.875856    0.959940    1.157670    2.141823
Iteration: 308 bestvalit: 174.250000 bestmemit:    0.022574    0.075724    0.052778    0.125240    0.329084    0.389883    0.130814    0.054885    0.133069    0.472128    0.231556    1.653944    0.021001    0.002069    0.009654    8.665062    9.517785    0.329778    1.903420    1.973584    1.875856    0.959940    1.157670    2.141823
Iteration: 309 bestvalit: 174.250000 bestmemit:    0.022574    0.075724    0.052778    0.125240    0.329084    0.389883    0.130814    0.054885    0.133069    0.472128    0.231556    1.653944    0.021001    0.002069    0.009654    8.665062    9.517785    0.329778    1.903420    1.973584    1.875856    0.959940    1.157670    2.141823
Iteration: 310 bestvalit: 174.250000 bestmemit:    0.022574    0.075724    0.052778    0.125240    0.329084    0.389883    0.130814    0.054885    0.133069    0.472128    0.231556    1.653944    0.021001    0.002069    0.009654    8.665062    9.517785    0.329778    1.903420    1.973584    1.875856    0.959940    1.157670    2.141823
Iteration: 311 bestvalit: 174.100000 bestmemit:    0.022574    0.075724    0.052778    0.125240    0.329084    0.389883    0.130814    0.054885    0.133069    0.472128    0.231556    1.653944    0.021001    0.002069    0.009654    8.665062    9.517785    0.329778    1.903420    1.973584    1.875856    0.963105    1.157670    2.141823
Iteration: 312 bestvalit: 174.100000 bestmemit:    0.022574    0.075724    0.052778    0.125240    0.329084    0.389883    0.130814    0.054885    0.133069    0.472128    0.231556    1.653944    0.021001    0.002069    0.009654    8.665062    9.517785    0.329778    1.903420    1.973584    1.875856    0.963105    1.157670    2.141823
Iteration: 313 bestvalit: 172.845000 bestmemit:    0.022574    0.075724    0.052778    0.125240    0.329084    0.389883    0.130814    0.054885    0.133069    0.472128    0.231556    1.653944    0.021001    0.002069    0.009654    8.665062    9.517785    0.329778    1.903420    1.973584    1.875856    0.963105    1.157670    2.105159
Iteration: 314 bestvalit: 172.845000 bestmemit:    0.022574    0.075724    0.052778    0.125240    0.329084    0.389883    0.130814    0.054885    0.133069    0.472128    0.231556    1.653944    0.021001    0.002069    0.009654    8.665062    9.517785    0.329778    1.903420    1.973584    1.875856    0.963105    1.157670    2.105159
Iteration: 315 bestvalit: 172.845000 bestmemit:    0.022574    0.075724    0.052778    0.125240    0.329084    0.389883    0.130814    0.054885    0.133069    0.472128    0.231556    1.653944    0.021001    0.002069    0.009654    8.665062    9.517785    0.329778    1.903420    1.973584    1.875856    0.963105    1.157670    2.105159
Iteration: 316 bestvalit: 172.845000 bestmemit:    0.022574    0.075724    0.052778    0.125240    0.329084    0.389883    0.130814    0.054885    0.133069    0.472128    0.231556    1.653944    0.021001    0.002069    0.009654    8.665062    9.517785    0.329778    1.903420    1.973584    1.875856    0.963105    1.157670    2.105159
Iteration: 317 bestvalit: 172.845000 bestmemit:    0.022574    0.075724    0.052778    0.125240    0.329084    0.389883    0.130814    0.054885    0.133069    0.472128    0.231556    1.653944    0.021001    0.002069    0.009654    8.665062    9.517785    0.329778    1.903420    1.973584    1.875856    0.963105    1.157670    2.105159
Iteration: 318 bestvalit: 172.845000 bestmemit:    0.022574    0.075724    0.052778    0.125240    0.329084    0.389883    0.130814    0.054885    0.133069    0.472128    0.231556    1.653944    0.021001    0.002069    0.009654    8.665062    9.517785    0.329778    1.903420    1.973584    1.875856    0.963105    1.157670    2.105159
Iteration: 319 bestvalit: 172.845000 bestmemit:    0.022574    0.075724    0.052778    0.125240    0.329084    0.389883    0.130814    0.054885    0.133069    0.472128    0.231556    1.653944    0.021001    0.002069    0.009654    8.665062    9.517785    0.329778    1.903420    1.973584    1.875856    0.963105    1.157670    2.105159
Iteration: 320 bestvalit: 172.845000 bestmemit:    0.022574    0.075724    0.052778    0.125240    0.329084    0.389883    0.130814    0.054885    0.133069    0.472128    0.231556    1.653944    0.021001    0.002069    0.009654    8.665062    9.517785    0.329778    1.903420    1.973584    1.875856    0.963105    1.157670    2.105159
Iteration: 321 bestvalit: 172.845000 bestmemit:    0.022574    0.075724    0.052778    0.125240    0.329084    0.389883    0.130814    0.054885    0.133069    0.472128    0.231556    1.653944    0.021001    0.002069    0.009654    8.665062    9.517785    0.329778    1.903420    1.973584    1.875856    0.963105    1.157670    2.105159
Iteration: 322 bestvalit: 172.630000 bestmemit:    0.022574    0.075724    0.052778    0.125240    0.329084    0.389883    0.130814    0.054885    0.133069    0.472128    0.231556    1.653944    0.021001    0.002069    0.009654    8.665062    9.517785    0.329778    1.903420    1.973584    1.927718    0.963105    1.157670    2.105159
Iteration: 323 bestvalit: 172.630000 bestmemit:    0.022574    0.075724    0.052778    0.125240    0.329084    0.389883    0.130814    0.054885    0.133069    0.472128    0.231556    1.653944    0.021001    0.002069    0.009654    8.665062    9.517785    0.329778    1.903420    1.973584    1.927718    0.963105    1.157670    2.105159
Iteration: 324 bestvalit: 172.630000 bestmemit:    0.022574    0.075724    0.052778    0.125240    0.329084    0.389883    0.130814    0.054885    0.133069    0.472128    0.231556    1.653944    0.021001    0.002069    0.009654    8.665062    9.517785    0.329778    1.903420    1.973584    1.927718    0.963105    1.157670    2.105159
Iteration: 325 bestvalit: 172.630000 bestmemit:    0.022574    0.075724    0.052778    0.125240    0.329084    0.389883    0.130814    0.054885    0.133069    0.472128    0.231556    1.653944    0.021001    0.002069    0.009654    8.665062    9.517785    0.329778    1.903420    1.973584    1.927718    0.963105    1.157670    2.105159
Iteration: 326 bestvalit: 172.575000 bestmemit:    0.022574    0.075724    0.052778    0.125240    0.329084    0.389883    0.130814    0.054885    0.133069    0.472128    0.234421    1.653944    0.021001    0.002069    0.009654    8.665062    9.517785    0.329778    1.903420    1.973584    1.927718    0.963105    1.157670    2.105159
Iteration: 327 bestvalit: 172.575000 bestmemit:    0.022574    0.075724    0.052778    0.125240    0.329084    0.389883    0.130814    0.054885    0.133069    0.472128    0.234421    1.653944    0.021001    0.002069    0.009654    8.665062    9.517785    0.329778    1.903420    1.973584    1.927718    0.963105    1.157670    2.105159
Iteration: 328 bestvalit: 172.575000 bestmemit:    0.022574    0.075724    0.052778    0.125240    0.329084    0.389883    0.130814    0.054885    0.133069    0.472128    0.234421    1.653944    0.021001    0.002069    0.009654    8.665062    9.517785    0.329778    1.903420    1.973584    1.927718    0.963105    1.157670    2.105159
Iteration: 329 bestvalit: 172.575000 bestmemit:    0.022574    0.075724    0.052778    0.125240    0.329084    0.389883    0.130814    0.054885    0.133069    0.472128    0.234421    1.653944    0.021001    0.002069    0.009654    8.665062    9.517785    0.329778    1.903420    1.973584    1.927718    0.963105    1.157670    2.105159
Iteration: 330 bestvalit: 172.575000 bestmemit:    0.022574    0.075724    0.052778    0.125240    0.329084    0.389883    0.130814    0.054885    0.133069    0.472128    0.234421    1.653944    0.021001    0.002069    0.009654    8.665062    9.517785    0.329778    1.903420    1.973584    1.927718    0.963105    1.157670    2.105159
Iteration: 331 bestvalit: 172.575000 bestmemit:    0.022574    0.075724    0.052778    0.125240    0.329084    0.389883    0.130814    0.054885    0.133069    0.472128    0.234421    1.653944    0.021001    0.002069    0.009654    8.665062    9.517785    0.329778    1.903420    1.973584    1.927718    0.963105    1.157670    2.105159
Iteration: 332 bestvalit: 172.575000 bestmemit:    0.022574    0.075724    0.052778    0.125240    0.329084    0.389883    0.130814    0.054885    0.133069    0.472128    0.234421    1.653944    0.021001    0.002069    0.009654    8.665062    9.517785    0.329778    1.903420    1.973584    1.927718    0.963105    1.157670    2.105159
Iteration: 333 bestvalit: 172.575000 bestmemit:    0.022574    0.075724    0.052778    0.125240    0.329084    0.389883    0.130814    0.054885    0.133069    0.472128    0.234421    1.653944    0.021001    0.002069    0.009654    8.665062    9.517785    0.329778    1.903420    1.973584    1.927718    0.963105    1.157670    2.105159
Iteration: 334 bestvalit: 172.575000 bestmemit:    0.022574    0.075724    0.052778    0.125240    0.329084    0.389883    0.130814    0.054885    0.133069    0.472128    0.234421    1.653944    0.021001    0.002069    0.009654    8.665062    9.517785    0.329778    1.903420    1.973584    1.927718    0.963105    1.157670    2.105159
Iteration: 335 bestvalit: 172.575000 bestmemit:    0.022574    0.075724    0.052778    0.125240    0.329084    0.389883    0.130814    0.054885    0.133069    0.472128    0.234421    1.653944    0.021001    0.002069    0.009654    8.665062    9.517785    0.329778    1.903420    1.973584    1.927718    0.963105    1.157670    2.105159
Iteration: 336 bestvalit: 172.575000 bestmemit:    0.022574    0.075724    0.052778    0.125240    0.329084    0.389883    0.130814    0.054885    0.133069    0.472128    0.234421    1.653944    0.021001    0.002069    0.009654    8.665062    9.517785    0.329778    1.903420    1.973584    1.927718    0.963105    1.157670    2.105159
Iteration: 337 bestvalit: 172.575000 bestmemit:    0.022574    0.075724    0.052778    0.125240    0.329084    0.389883    0.130814    0.054885    0.133069    0.472128    0.234421    1.653944    0.021001    0.002069    0.009654    8.665062    9.517785    0.329778    1.903420    1.973584    1.927718    0.963105    1.157670    2.105159
Iteration: 338 bestvalit: 172.575000 bestmemit:    0.022574    0.075724    0.052778    0.125240    0.329084    0.389883    0.130814    0.054885    0.133069    0.472128    0.234421    1.653944    0.021001    0.002069    0.009654    8.665062    9.517785    0.329778    1.903420    1.973584    1.927718    0.963105    1.157670    2.105159
Iteration: 339 bestvalit: 172.575000 bestmemit:    0.022574    0.075724    0.052837    0.125240    0.329084    0.389883    0.130814    0.054885    0.133069    0.472128    0.234421    1.653944    0.021001    0.002069    0.009654    8.665062    9.517785    0.329778    1.903420    1.973584    1.927718    0.963105    1.157670    2.105159
Iteration: 340 bestvalit: 172.575000 bestmemit:    0.022574    0.075724    0.052837    0.125240    0.329084    0.389883    0.130814    0.054885    0.133069    0.472128    0.234421    1.653944    0.021001    0.002069    0.009654    8.665062    9.517785    0.329778    1.903420    1.973584    1.927718    0.963105    1.157670    2.105159
Iteration: 341 bestvalit: 172.575000 bestmemit:    0.022574    0.075724    0.052837    0.125240    0.329084    0.389883    0.130814    0.054885    0.133069    0.472128    0.234421    1.653944    0.021001    0.002069    0.009654    8.665062    9.517785    0.329778    1.903420    1.973584    1.927718    0.963105    1.157670    2.105159
Iteration: 342 bestvalit: 172.575000 bestmemit:    0.022574    0.075724    0.052837    0.125240    0.329084    0.389883    0.130814    0.054885    0.133069    0.472128    0.234421    1.653944    0.021001    0.002069    0.009654    8.665062    9.517785    0.329778    1.903420    1.973584    1.927718    0.963105    1.157670    2.105159
Iteration: 343 bestvalit: 172.575000 bestmemit:    0.022574    0.075724    0.052837    0.125240    0.329084    0.389883    0.130814    0.054885    0.133069    0.472128    0.234421    1.653944    0.021001    0.002069    0.009654    8.665062    9.517785    0.329778    1.903420    1.973584    1.927718    0.963105    1.157670    2.105159
Iteration: 344 bestvalit: 172.575000 bestmemit:    0.022574    0.075724    0.052837    0.125240    0.329084    0.389883    0.130814    0.054885    0.133069    0.472128    0.234421    1.653944    0.021001    0.002069    0.009654    8.665062    9.517785    0.329778    1.903420    1.973584    1.927718    0.963105    1.157670    2.105159
Iteration: 345 bestvalit: 172.575000 bestmemit:    0.022574    0.075724    0.052837    0.125240    0.329084    0.389883    0.130814    0.054885    0.133069    0.472128    0.234421    1.653944    0.021001    0.002069    0.009654    8.665062    9.517785    0.329778    1.903420    1.973584    1.927718    0.963105    1.157670    2.105159
Iteration: 346 bestvalit: 172.575000 bestmemit:    0.022574    0.075724    0.052837    0.125240    0.329084    0.389883    0.130814    0.054885    0.133069    0.472128    0.234421    1.653944    0.021001    0.002069    0.009654    8.665062    9.517785    0.329778    1.903420    1.973584    1.927718    0.963105    1.157670    2.105159
Iteration: 347 bestvalit: 172.575000 bestmemit:    0.022574    0.075724    0.052837    0.125240    0.329084    0.389883    0.130814    0.054885    0.133069    0.472128    0.234421    1.653944    0.021001    0.002069    0.009654    8.665062    9.517785    0.329778    1.903420    1.973584    1.927718    0.963105    1.157670    2.105159
Iteration: 348 bestvalit: 172.575000 bestmemit:    0.022574    0.075724    0.052837    0.125240    0.329084    0.389883    0.130814    0.054885    0.133069    0.472128    0.234421    1.653944    0.021001    0.002069    0.009654    8.665062    9.517785    0.329778    1.903420    1.973584    1.927718    0.963105    1.157670    2.105159
Iteration: 349 bestvalit: 172.575000 bestmemit:    0.022574    0.075724    0.052837    0.125240    0.329084    0.389883    0.130814    0.054885    0.133069    0.472128    0.234421    1.653944    0.021001    0.002069    0.009654    8.665062    9.517785    0.329778    1.903420    1.973584    1.927718    0.963105    1.157670    2.105159
Iteration: 350 bestvalit: 172.575000 bestmemit:    0.022574    0.075724    0.052837    0.125240    0.329084    0.389883    0.130814    0.054885    0.133069    0.472128    0.234421    1.653944    0.021001    0.002069    0.009654    8.665062    9.517785    0.329778    1.903420    1.973584    1.927718    0.963105    1.157670    2.105159
Iteration: 351 bestvalit: 172.575000 bestmemit:    0.022574    0.075724    0.052837    0.125240    0.329084    0.389883    0.130814    0.054885    0.133069    0.472128    0.234421    1.653944    0.021001    0.002069    0.009654    8.665062    9.517785    0.329778    1.903420    1.973584    1.927718    0.963105    1.157670    2.105159
Iteration: 352 bestvalit: 172.575000 bestmemit:    0.022574    0.075724    0.052837    0.125240    0.329084    0.389883    0.130814    0.054885    0.133069    0.472128    0.234421    1.653944    0.021001    0.002069    0.009654    8.665062    9.517785    0.329778    1.903420    1.973584    1.927718    0.963105    1.157670    2.105159
Iteration: 353 bestvalit: 172.575000 bestmemit:    0.022574    0.075724    0.052837    0.125240    0.329084    0.389883    0.130814    0.054885    0.133069    0.472128    0.234421    1.653944    0.021001    0.002069    0.009654    8.665062    9.517785    0.329778    1.903420    1.973584    1.927718    0.963105    1.157670    2.105159
Iteration: 354 bestvalit: 172.575000 bestmemit:    0.022574    0.075724    0.052837    0.125240    0.329084    0.389883    0.130814    0.054885    0.133069    0.472128    0.234421    1.653944    0.021001    0.002069    0.009654    8.665062    9.517785    0.329778    1.903420    1.973584    1.927718    0.963105    1.157670    2.105159
Iteration: 355 bestvalit: 172.555000 bestmemit:    0.022574    0.075724    0.052837    0.125240    0.329084    0.389883    0.130814    0.054885    0.133069    0.472128    0.234421    1.653944    0.021001    0.002069    0.009654    8.665062    9.733720    0.329778    1.903420    1.973584    1.927718    0.963105    1.157670    2.105159
Iteration: 356 bestvalit: 172.555000 bestmemit:    0.022574    0.075724    0.052837    0.125240    0.329084    0.389883    0.130814    0.054885    0.133069    0.472128    0.234421    1.653944    0.021001    0.002069    0.009654    8.665062    9.733720    0.329778    1.903420    1.973584    1.927718    0.963105    1.157670    2.105159
Iteration: 357 bestvalit: 172.555000 bestmemit:    0.022574    0.075724    0.052837    0.125240    0.329084    0.389883    0.130814    0.054885    0.133069    0.472128    0.234421    1.653944    0.021001    0.002069    0.009654    8.665062    9.733720    0.329778    1.903420    1.973584    1.927718    0.963105    1.157670    2.105159
Iteration: 358 bestvalit: 172.555000 bestmemit:    0.022574    0.075724    0.052837    0.125240    0.329084    0.389883    0.130814    0.054885    0.133069    0.472128    0.234421    1.653944    0.021001    0.002069    0.009654    8.665062    9.733720    0.329778    1.903420    1.973584    1.927718    0.963105    1.157670    2.105159
Iteration: 359 bestvalit: 172.555000 bestmemit:    0.022574    0.075724    0.052837    0.125240    0.329084    0.389883    0.130814    0.054885    0.133069    0.472128    0.234421    1.653944    0.021001    0.002069    0.009654    8.665062    9.733720    0.329778    1.903420    1.973584    1.927718    0.963105    1.157670    2.105159
Iteration: 360 bestvalit: 172.555000 bestmemit:    0.022574    0.075724    0.052837    0.125240    0.329084    0.389883    0.130814    0.054885    0.133069    0.472128    0.234421    1.653944    0.021001    0.002069    0.009654    8.665062    9.733720    0.329778    1.903420    1.973584    1.927718    0.963105    1.157670    2.105159
Iteration: 361 bestvalit: 172.555000 bestmemit:    0.022574    0.075724    0.052837    0.125240    0.329084    0.389883    0.130814    0.054885    0.133069    0.472128    0.234421    1.653944    0.021001    0.002069    0.009654    8.665062    9.733720    0.329778    1.903420    1.973584    1.927718    0.963105    1.157670    2.105159
Iteration: 362 bestvalit: 172.555000 bestmemit:    0.022574    0.075724    0.052837    0.125240    0.329084    0.389883    0.130814    0.054885    0.133069    0.472128    0.234421    1.653944    0.021001    0.002069    0.009654    8.665062    9.733720    0.329778    1.903420    1.973584    1.927718    0.963105    1.157670    2.105159
Iteration: 363 bestvalit: 172.555000 bestmemit:    0.022574    0.075724    0.052837    0.125240    0.329084    0.389883    0.130814    0.054885    0.133069    0.472128    0.234421    1.653944    0.021001    0.002069    0.009654    8.665062    9.733720    0.329778    1.903420    1.973584    1.927718    0.963105    1.157670    2.105159
Iteration: 364 bestvalit: 172.555000 bestmemit:    0.022574    0.075724    0.052837    0.125240    0.329084    0.389883    0.130814    0.054885    0.133069    0.472128    0.234421    1.653944    0.021001    0.002069    0.009654    8.665062    9.733720    0.329778    1.903420    1.973584    1.927718    0.963105    1.157670    2.105159
Iteration: 365 bestvalit: 172.555000 bestmemit:    0.022574    0.075724    0.052837    0.125240    0.329084    0.389883    0.130814    0.054885    0.133069    0.472128    0.234421    1.653944    0.021001    0.002069    0.009654    8.665062    9.733720    0.329778    1.903420    1.973584    1.927718    0.963105    1.157670    2.105159
Iteration: 366 bestvalit: 172.555000 bestmemit:    0.022574    0.075724    0.052837    0.125240    0.329084    0.389883    0.130814    0.054885    0.133069    0.472128    0.234421    1.653944    0.021001    0.002069    0.009654    8.665062    9.733720    0.329778    1.903420    1.973584    1.927718    0.963105    1.157670    2.105159
Iteration: 367 bestvalit: 172.555000 bestmemit:    0.022574    0.075724    0.052837    0.125240    0.329084    0.389883    0.130814    0.054885    0.133069    0.472128    0.234421    1.653944    0.021001    0.002069    0.009654    8.665062    9.733720    0.329778    1.903420    1.973584    1.927718    0.963105    1.157670    2.105159
Iteration: 368 bestvalit: 172.555000 bestmemit:    0.022574    0.075724    0.052837    0.125240    0.329084    0.389883    0.130814    0.054885    0.133069    0.472128    0.234421    1.653944    0.021001    0.002069    0.009654    8.665062    9.733720    0.329778    1.903420    1.973584    1.927718    0.963105    1.157670    2.105159
Iteration: 369 bestvalit: 172.555000 bestmemit:    0.022574    0.075724    0.052837    0.125240    0.329084    0.389883    0.130814    0.054885    0.133069    0.472128    0.234421    1.653944    0.021001    0.002069    0.009654    8.665062    9.733720    0.329778    1.903420    1.973584    1.927718    0.963105    1.157670    2.105159
Iteration: 370 bestvalit: 172.555000 bestmemit:    0.022574    0.075724    0.052837    0.125240    0.329084    0.389883    0.130814    0.054885    0.133069    0.472128    0.234421    1.653944    0.021001    0.002069    0.009654    8.665062    9.733720    0.329778    1.903420    1.973584    1.927718    0.963105    1.157670    2.105159
Iteration: 371 bestvalit: 172.555000 bestmemit:    0.022574    0.075724    0.052837    0.125240    0.329084    0.389883    0.130814    0.054885    0.133069    0.472128    0.234421    1.653944    0.021001    0.002069    0.009654    8.665062    9.733720    0.329778    1.903420    1.973584    1.927718    0.963105    1.157670    2.105159
Iteration: 372 bestvalit: 172.520000 bestmemit:    0.022574    0.075724    0.052837    0.125240    0.329084    0.389883    0.130814    0.054885    0.133069    0.440197    0.234421    1.653944    0.021001    0.002069    0.009654    8.665062    9.733720    0.329778    1.903420    1.973584    1.927718    0.963105    1.157670    2.105159
Iteration: 373 bestvalit: 172.520000 bestmemit:    0.022574    0.075724    0.052837    0.125240    0.329084    0.389883    0.130814    0.054885    0.133069    0.440197    0.234421    1.653944    0.021001    0.002069    0.009654    8.665062    9.733720    0.329778    1.903420    1.973584    1.927718    0.963105    1.157670    2.105159
Iteration: 374 bestvalit: 172.520000 bestmemit:    0.022574    0.075724    0.052837    0.125240    0.329084    0.389883    0.130814    0.054885    0.133069    0.440197    0.234421    1.653944    0.021001    0.002069    0.009654    8.665062    9.733720    0.329778    1.903420    1.973584    1.927718    0.963105    1.157670    2.105159
Iteration: 375 bestvalit: 172.520000 bestmemit:    0.022574    0.075724    0.052837    0.125240    0.329084    0.389883    0.130814    0.054885    0.133069    0.440197    0.234421    1.653944    0.021001    0.002069    0.009654    8.665062    9.733720    0.329778    1.903420    1.973584    1.927718    0.963105    1.157670    2.105159
Iteration: 376 bestvalit: 172.520000 bestmemit:    0.022574    0.075724    0.052837    0.125240    0.329084    0.389883    0.130814    0.054885    0.133069    0.440197    0.234421    1.653944    0.021001    0.002069    0.009654    8.665062    9.733720    0.329778    1.903420    1.973584    1.927718    0.963105    1.157670    2.105159
Iteration: 377 bestvalit: 172.520000 bestmemit:    0.022574    0.075724    0.052837    0.125240    0.329084    0.389883    0.130814    0.054885    0.133069    0.440197    0.234421    1.653944    0.021001    0.002069    0.009654    8.665062    9.733720    0.329778    1.903420    1.973584    1.927718    0.963105    1.157670    2.105159
Iteration: 378 bestvalit: 172.520000 bestmemit:    0.022574    0.075724    0.052837    0.125240    0.329084    0.389883    0.130814    0.054885    0.133069    0.440197    0.234421    1.653944    0.021001    0.002069    0.009654    8.665062    9.733720    0.329778    1.903420    1.973584    1.927718    0.963105    1.157670    2.105159
Iteration: 379 bestvalit: 172.520000 bestmemit:    0.022574    0.075724    0.052837    0.125240    0.329084    0.389883    0.130814    0.054885    0.133069    0.440197    0.234421    1.653944    0.021001    0.002069    0.009654    8.665062    9.733720    0.329778    1.903420    1.973584    1.927718    0.963105    1.157670    2.105159
Iteration: 380 bestvalit: 172.520000 bestmemit:    0.022574    0.075724    0.052837    0.125240    0.329084    0.389883    0.130814    0.054885    0.133069    0.440197    0.234421    1.653944    0.021001    0.002069    0.009654    8.665062    9.733720    0.329778    1.903420    1.973584    1.927718    0.963105    1.157670    2.105159
Iteration: 381 bestvalit: 172.520000 bestmemit:    0.022574    0.075724    0.052837    0.125240    0.329084    0.389883    0.130814    0.054885    0.133069    0.440197    0.234421    1.653944    0.021001    0.002069    0.009654    8.665062    9.733720    0.329778    1.903420    1.973584    1.927718    0.963105    1.157670    2.105159
Iteration: 382 bestvalit: 172.520000 bestmemit:    0.022574    0.075724    0.052837    0.125240    0.329084    0.389883    0.130814    0.054885    0.133069    0.440197    0.234421    1.653944    0.021001    0.002069    0.009654    8.665062    9.733720    0.329778    1.903420    1.973584    1.927718    0.963105    1.157670    2.105159
Iteration: 383 bestvalit: 172.520000 bestmemit:    0.022574    0.075724    0.052837    0.125240    0.329084    0.389883    0.130814    0.054885    0.133069    0.440197    0.234421    1.653944    0.021001    0.002069    0.009654    8.665062    9.733720    0.329778    1.903420    1.973584    1.927718    0.963105    1.157670    2.105159
Iteration: 384 bestvalit: 172.520000 bestmemit:    0.022574    0.075724    0.052837    0.125240    0.329084    0.389883    0.130814    0.054885    0.133069    0.440197    0.234421    1.653944    0.021001    0.002069    0.009654    8.665062    9.733720    0.329778    1.903420    1.973584    1.927718    0.963105    1.157670    2.105159
Iteration: 385 bestvalit: 172.520000 bestmemit:    0.022574    0.075724    0.052837    0.125240    0.329084    0.389883    0.130814    0.054885    0.133069    0.440197    0.234421    1.653944    0.021001    0.002069    0.009654    8.665062    9.733720    0.329778    1.903420    1.973584    1.927718    0.963105    1.157670    2.105159
Iteration: 386 bestvalit: 172.520000 bestmemit:    0.022574    0.075724    0.052837    0.125240    0.329084    0.389883    0.130814    0.054885    0.133069    0.440197    0.234421    1.653944    0.021001    0.002069    0.009654    8.665062    9.733720    0.329778    1.903420    1.973584    1.927718    0.963105    1.157670    2.105159
Iteration: 387 bestvalit: 172.520000 bestmemit:    0.022574    0.075724    0.052837    0.125240    0.329084    0.389883    0.130814    0.054885    0.133069    0.440197    0.234421    1.653944    0.021001    0.002069    0.009654    8.665062    9.733720    0.329778    1.903420    1.973584    1.927718    0.963105    1.157670    2.105159
Iteration: 388 bestvalit: 172.520000 bestmemit:    0.022574    0.075724    0.052837    0.125240    0.329084    0.389883    0.130814    0.054885    0.133069    0.440197    0.234421    1.653944    0.021001    0.002069    0.009654    8.665062    9.733720    0.329778    1.903420    1.973584    1.927718    0.963105    1.157670    2.105159
Iteration: 389 bestvalit: 172.520000 bestmemit:    0.022574    0.075724    0.052837    0.125240    0.329084    0.389883    0.130814    0.054885    0.133069    0.440197    0.234421    1.653944    0.021001    0.002069    0.009654    8.665062    9.733720    0.329778    1.903420    1.973584    1.927718    0.963105    1.157670    2.105159
Iteration: 390 bestvalit: 172.520000 bestmemit:    0.022574    0.075724    0.052837    0.125240    0.329084    0.389883    0.130814    0.054885    0.133069    0.440197    0.234421    1.653944    0.021001    0.002069    0.009654    8.665062    9.733720    0.329778    1.903420    1.973584    1.927718    0.963105    1.157670    2.105159
Iteration: 391 bestvalit: 172.520000 bestmemit:    0.022574    0.075724    0.052837    0.125240    0.329084    0.389883    0.130814    0.054885    0.133069    0.440197    0.234421    1.653944    0.021001    0.002069    0.009654    8.665062    9.733720    0.329778    1.903420    1.973584    1.927718    0.963105    1.157670    2.105159
Iteration: 392 bestvalit: 171.445000 bestmemit:    0.022574    0.075724    0.052837    0.125240    0.329084    0.389883    0.130814    0.054885    0.133069    0.440197    0.234421    1.653944    0.021001    0.002069    0.009654    8.665062    9.733720    0.329778    1.903420    1.973584    1.927718    0.984297    1.157670    2.105159
Iteration: 393 bestvalit: 171.445000 bestmemit:    0.022574    0.075724    0.052837    0.125240    0.329084    0.389883    0.130814    0.054885    0.133069    0.440197    0.234421    1.653944    0.021001    0.002069    0.009654    8.665062    9.733720    0.329778    1.903420    1.973584    1.927718    0.984297    1.157670    2.105159
Iteration: 394 bestvalit: 171.445000 bestmemit:    0.022574    0.075724    0.052837    0.125240    0.329084    0.389883    0.130814    0.054885    0.133069    0.440197    0.234421    1.653944    0.021001    0.002069    0.009654    8.665062    9.733720    0.329778    1.903420    1.973584    1.927718    0.984297    1.157670    2.105159
Iteration: 395 bestvalit: 171.445000 bestmemit:    0.022574    0.075724    0.052837    0.125240    0.329084    0.389883    0.130814    0.054885    0.133069    0.440197    0.234421    1.653944    0.021001    0.002069    0.009654    8.665062    9.733720    0.329778    1.903420    1.973584    1.927718    0.984297    1.157670    2.105159
Iteration: 396 bestvalit: 171.445000 bestmemit:    0.022574    0.075724    0.052837    0.125240    0.329084    0.389883    0.130814    0.054885    0.133069    0.440197    0.234421    1.653944    0.021001    0.002069    0.009654    8.665062    9.733720    0.329778    1.903420    1.973584    1.927718    0.984297    1.157670    2.105159
Iteration: 397 bestvalit: 171.445000 bestmemit:    0.022574    0.075724    0.052837    0.125240    0.329084    0.389883    0.130814    0.054885    0.133069    0.440197    0.234421    1.653944    0.021001    0.002069    0.009654    8.665062    9.733720    0.329778    1.903420    1.973584    1.927718    0.984297    1.157670    2.105159
Iteration: 398 bestvalit: 171.445000 bestmemit:    0.022574    0.075724    0.052837    0.125240    0.329084    0.389883    0.130814    0.054885    0.133069    0.440197    0.234421    1.653944    0.021001    0.002069    0.009654    8.665062    9.733720    0.329778    1.903420    1.973584    1.927718    0.984297    1.157670    2.105159
Iteration: 399 bestvalit: 171.445000 bestmemit:    0.022574    0.075724    0.052837    0.125240    0.329084    0.389883    0.130814    0.054885    0.133069    0.440197    0.234421    1.653944    0.021001    0.002069    0.009654    8.665062    9.733720    0.329778    1.903420    1.973584    1.927718    0.984297    1.157670    2.105159
Iteration: 400 bestvalit: 171.445000 bestmemit:    0.022574    0.075724    0.052837    0.125240    0.329084    0.389883    0.130814    0.054885    0.133069    0.440197    0.234421    1.653944    0.021001    0.002069    0.009654    8.665062    9.733720    0.329778    1.903420    1.973584    1.927718    0.984297    1.157670    2.105159
Iteration: 401 bestvalit: 171.445000 bestmemit:    0.022574    0.075724    0.052837    0.125240    0.329084    0.389883    0.130814    0.054885    0.133069    0.440197    0.234421    1.653944    0.021001    0.002069    0.009654    8.665062    9.733720    0.329778    1.903420    1.973584    1.927718    0.984297    1.157670    2.105159
Iteration: 402 bestvalit: 171.445000 bestmemit:    0.022574    0.075724    0.052837    0.125240    0.329084    0.389883    0.130814    0.054885    0.133069    0.440197    0.234421    1.653944    0.021001    0.002069    0.009654    8.665062    9.733720    0.329778    1.903420    1.973584    1.927718    0.984297    1.157670    2.105159
Iteration: 403 bestvalit: 171.445000 bestmemit:    0.022574    0.075724    0.052837    0.125240    0.329084    0.389883    0.130814    0.054885    0.133069    0.440197    0.234421    1.653944    0.021001    0.002069    0.009654    8.665062    9.733720    0.329778    1.903420    1.973584    1.927718    0.984297    1.157670    2.105159
Iteration: 404 bestvalit: 171.445000 bestmemit:    0.022574    0.075724    0.052837    0.125240    0.329084    0.389883    0.130814    0.054885    0.133069    0.440197    0.234421    1.653944    0.021001    0.002069    0.009654    8.665062    9.733720    0.329778    1.903420    1.973584    1.927718    0.984297    1.157670    2.105159
Iteration: 405 bestvalit: 170.990000 bestmemit:    0.022574    0.075724    0.052837    0.125240    0.329084    0.389883    0.130814    0.057098    0.133069    0.440197    0.234421    1.653944    0.021001    0.002069    0.009654    8.665062    9.733720    0.329778    1.903420    1.973584    1.927718    0.984297    1.157670    2.105159
Iteration: 406 bestvalit: 170.990000 bestmemit:    0.022574    0.075724    0.052837    0.125240    0.329084    0.389883    0.130814    0.057098    0.133069    0.440197    0.234421    1.653944    0.021001    0.002069    0.009654    8.665062    9.733720    0.329778    1.903420    1.973584    1.927718    0.984297    1.157670    2.105159
Iteration: 407 bestvalit: 170.990000 bestmemit:    0.022574    0.075724    0.052837    0.125240    0.329084    0.389883    0.130814    0.057098    0.133069    0.440197    0.234421    1.653944    0.021001    0.002069    0.009654    8.665062    9.733720    0.329778    1.903420    1.973584    1.927718    0.984297    1.157670    2.105159
Iteration: 408 bestvalit: 169.600000 bestmemit:    0.022574    0.075724    0.052837    0.125240    0.329084    0.389883    0.130814    0.057098    0.124470    0.440197    0.234421    1.653944    0.021001    0.002069    0.009654    8.665062    9.733720    0.329778    1.903420    1.973584    1.927718    0.984297    1.157670    2.105159
Iteration: 409 bestvalit: 169.600000 bestmemit:    0.022574    0.075724    0.052837    0.125240    0.329084    0.389883    0.130814    0.057098    0.124470    0.440197    0.234421    1.653944    0.021001    0.002069    0.009654    8.665062    9.733720    0.329778    1.903420    1.973584    1.927718    0.984297    1.157670    2.105159
Iteration: 410 bestvalit: 169.600000 bestmemit:    0.022574    0.075724    0.052837    0.125240    0.329084    0.389883    0.130814    0.057098    0.124470    0.440197    0.234421    1.653944    0.021001    0.002069    0.009654    8.665062    9.733720    0.329778    1.903420    1.973584    1.927718    0.984297    1.157670    2.105159
Iteration: 411 bestvalit: 169.600000 bestmemit:    0.022574    0.075724    0.052837    0.125240    0.329084    0.389883    0.130814    0.057098    0.124470    0.440197    0.234421    1.653944    0.021001    0.002069    0.009654    8.665062    9.733720    0.329778    1.903420    1.973584    1.927718    0.984297    1.157670    2.105159
Iteration: 412 bestvalit: 169.600000 bestmemit:    0.022574    0.075724    0.052837    0.125240    0.329084    0.389883    0.130814    0.057098    0.124470    0.440197    0.234421    1.653944    0.021001    0.002069    0.009654    8.665062    9.733720    0.329778    1.903420    1.973584    1.927718    0.984297    1.157670    2.105159
Iteration: 413 bestvalit: 169.600000 bestmemit:    0.022574    0.075724    0.052837    0.125240    0.329084    0.389883    0.130814    0.057098    0.124470    0.440197    0.234421    1.653944    0.021001    0.002069    0.009654    8.665062    9.733720    0.329778    1.903420    1.973584    1.927718    0.984297    1.157670    2.105159
Iteration: 414 bestvalit: 169.600000 bestmemit:    0.022574    0.075724    0.052837    0.125240    0.329084    0.389883    0.130814    0.057098    0.124470    0.440197    0.234421    1.653944    0.021001    0.002069    0.009654    8.665062    9.733720    0.329778    1.903420    1.973584    1.927718    0.984297    1.157670    2.105159
Iteration: 415 bestvalit: 169.600000 bestmemit:    0.022574    0.075724    0.052837    0.125240    0.329084    0.389883    0.130814    0.057098    0.124470    0.440197    0.234421    1.653944    0.021001    0.002069    0.009654    8.665062    9.733720    0.329778    1.903420    1.973584    1.927718    0.984297    1.157670    2.105159
Iteration: 416 bestvalit: 169.540000 bestmemit:    0.022574    0.075724    0.052837    0.125240    0.329084    0.389883    0.130814    0.057098    0.124470    0.440197    0.234421    1.653944    0.021234    0.002069    0.009654    8.665062    9.733720    0.329778    1.903420    1.973584    1.927718    0.984297    1.157670    2.105159
Iteration: 417 bestvalit: 169.540000 bestmemit:    0.022574    0.075724    0.052837    0.125240    0.329084    0.389883    0.130814    0.057098    0.124470    0.440197    0.234421    1.653944    0.021234    0.002069    0.009654    8.665062    9.733720    0.329778    1.903420    1.973584    1.927718    0.984297    1.157670    2.105159
Iteration: 418 bestvalit: 169.540000 bestmemit:    0.022574    0.075724    0.052837    0.125240    0.329084    0.389883    0.130814    0.057098    0.124470    0.440197    0.234421    1.653944    0.021234    0.002069    0.009654    8.665062    9.733720    0.329778    1.903420    1.973584    1.927718    0.984297    1.157670    2.105159
Iteration: 419 bestvalit: 169.540000 bestmemit:    0.022574    0.075724    0.052837    0.125240    0.329084    0.389883    0.130814    0.057098    0.124470    0.440197    0.234421    1.653944    0.021234    0.002069    0.009654    8.665062    9.733720    0.329778    1.903420    1.973584    1.927718    0.984297    1.157670    2.105159
Iteration: 420 bestvalit: 169.540000 bestmemit:    0.022574    0.075724    0.052837    0.125240    0.329084    0.389883    0.130814    0.057098    0.124470    0.440197    0.234421    1.653944    0.021234    0.002069    0.009654    8.665062    9.733720    0.329778    1.903420    1.973584    1.927718    0.984297    1.157670    2.105159
Iteration: 421 bestvalit: 169.540000 bestmemit:    0.022574    0.075724    0.052837    0.125240    0.329084    0.389883    0.130814    0.057098    0.124470    0.440197    0.234421    1.653944    0.021234    0.002069    0.009654    8.665062    9.733720    0.329778    1.903420    1.973584    1.927718    0.984297    1.157670    2.105159
Iteration: 422 bestvalit: 169.540000 bestmemit:    0.022574    0.075724    0.052837    0.125240    0.329084    0.389883    0.130814    0.057098    0.124470    0.440197    0.234421    1.653944    0.021234    0.002069    0.009654    8.665062    9.733720    0.329778    1.903420    1.973584    1.927718    0.984297    1.157670    2.105159
Iteration: 423 bestvalit: 169.540000 bestmemit:    0.022574    0.075724    0.052837    0.125240    0.329084    0.389883    0.130814    0.057098    0.124470    0.440197    0.234421    1.653944    0.021234    0.002069    0.009654    8.665062    9.733720    0.329778    1.903420    1.973584    1.927718    0.984297    1.157670    2.105159
Iteration: 424 bestvalit: 169.540000 bestmemit:    0.022574    0.075724    0.052837    0.125240    0.329084    0.389883    0.130814    0.057098    0.124470    0.440197    0.234421    1.653944    0.021234    0.002069    0.009654    8.665062    9.733720    0.329778    1.903420    1.973584    1.927718    0.984297    1.157670    2.105159
Iteration: 425 bestvalit: 169.540000 bestmemit:    0.022574    0.075724    0.052837    0.125240    0.329084    0.389883    0.130814    0.057098    0.124470    0.440197    0.234421    1.653944    0.021234    0.002069    0.009654    8.665062    9.733720    0.329778    1.903420    1.973584    1.927718    0.984297    1.157670    2.105159
Iteration: 426 bestvalit: 169.540000 bestmemit:    0.022574    0.075724    0.052837    0.125240    0.329084    0.389883    0.130814    0.057098    0.124470    0.440197    0.234421    1.653944    0.021234    0.002069    0.009654    8.665062    9.733720    0.329778    1.903420    1.973584    1.927718    0.984297    1.157670    2.105159
Iteration: 427 bestvalit: 169.540000 bestmemit:    0.022574    0.075724    0.052837    0.125240    0.329084    0.389883    0.130814    0.057098    0.124470    0.440197    0.234421    1.653944    0.021234    0.002069    0.009654    8.665062    9.733720    0.329778    1.903420    1.973584    1.927718    0.984297    1.157670    2.105159
Iteration: 428 bestvalit: 169.540000 bestmemit:    0.022574    0.075724    0.052837    0.125240    0.329084    0.389883    0.130814    0.057098    0.124470    0.440197    0.234421    1.653944    0.021234    0.002069    0.009654    8.665062    9.733720    0.329778    1.903420    1.973584    1.927718    0.984297    1.157670    2.105159
Iteration: 429 bestvalit: 169.540000 bestmemit:    0.022574    0.075724    0.052837    0.125240    0.329084    0.389883    0.130814    0.057098    0.124470    0.440197    0.234421    1.653944    0.021234    0.002069    0.009654    8.665062    9.733720    0.329778    1.903420    1.973584    1.927718    0.984297    1.157670    2.105159
Iteration: 430 bestvalit: 169.540000 bestmemit:    0.022574    0.075724    0.052837    0.125240    0.329084    0.389883    0.130814    0.057098    0.124470    0.440197    0.234421    1.653944    0.021234    0.002069    0.009654    8.665062    9.733720    0.329778    1.903420    1.973584    1.927718    0.984297    1.157670    2.105159
Iteration: 431 bestvalit: 169.540000 bestmemit:    0.022574    0.075724    0.052837    0.125240    0.329084    0.389883    0.130814    0.057098    0.124470    0.440197    0.234421    1.653944    0.021234    0.002069    0.009654    8.665062    9.733720    0.329778    1.903420    1.973584    1.927718    0.984297    1.157670    2.105159
Iteration: 432 bestvalit: 169.540000 bestmemit:    0.022574    0.075724    0.052837    0.125240    0.329084    0.389883    0.130814    0.057098    0.124470    0.440197    0.234421    1.653944    0.021234    0.002069    0.009654    8.665062    9.733720    0.329778    1.903420    1.973584    1.927718    0.984297    1.157670    2.105159
Iteration: 433 bestvalit: 169.540000 bestmemit:    0.022574    0.075724    0.052837    0.125240    0.329084    0.389883    0.130814    0.057098    0.124470    0.440197    0.234421    1.653944    0.021234    0.002069    0.009654    8.665062    9.733720    0.329778    1.903420    1.973584    1.927718    0.984297    1.157670    2.105159
Iteration: 434 bestvalit: 169.540000 bestmemit:    0.022574    0.075724    0.052837    0.125240    0.329084    0.389883    0.130814    0.057098    0.124470    0.440197    0.234421    1.653944    0.021234    0.002069    0.009654    8.665062    9.733720    0.329778    1.903420    1.973584    1.927718    0.984297    1.157670    2.105159
Iteration: 435 bestvalit: 169.540000 bestmemit:    0.022574    0.075724    0.052837    0.125240    0.329084    0.389883    0.130814    0.057098    0.124470    0.440197    0.234421    1.653944    0.021234    0.002069    0.009654    8.665062    9.733720    0.329778    1.903420    1.973584    1.927718    0.984297    1.157670    2.105159
Iteration: 436 bestvalit: 169.540000 bestmemit:    0.022574    0.075724    0.052837    0.125240    0.329084    0.389883    0.130814    0.057098    0.124470    0.440197    0.234421    1.653944    0.021234    0.002069    0.009654    8.665062    9.733720    0.329778    1.903420    1.973584    1.927718    0.984297    1.157670    2.105159
Iteration: 437 bestvalit: 169.540000 bestmemit:    0.022574    0.075724    0.052837    0.125240    0.329084    0.389883    0.130814    0.057098    0.124470    0.440197    0.234421    1.653944    0.021234    0.002069    0.009654    8.665062    9.733720    0.329778    1.903420    1.973584    1.927718    0.984297    1.157670    2.105159
Iteration: 438 bestvalit: 169.540000 bestmemit:    0.022574    0.075724    0.052837    0.125240    0.329084    0.389883    0.130814    0.057098    0.124470    0.440197    0.234421    1.653944    0.021234    0.002069    0.009654    8.665062    9.733720    0.329778    1.903420    1.973584    1.927718    0.984297    1.157670    2.105159
Iteration: 439 bestvalit: 169.540000 bestmemit:    0.022574    0.075724    0.052837    0.125240    0.329084    0.389883    0.130814    0.057098    0.124470    0.440197    0.234421    1.653944    0.021234    0.002069    0.009654    8.665062    9.733720    0.329778    1.903420    1.973584    1.927718    0.984297    1.157670    2.105159
Iteration: 440 bestvalit: 169.540000 bestmemit:    0.022574    0.075724    0.052837    0.125240    0.329084    0.389883    0.130814    0.057098    0.124470    0.440197    0.234421    1.653944    0.021234    0.002069    0.009654    8.665062    9.733720    0.329778    1.903420    1.973584    1.927718    0.984297    1.157670    2.105159
Iteration: 441 bestvalit: 169.540000 bestmemit:    0.022574    0.075724    0.052837    0.125240    0.329084    0.389883    0.130814    0.057098    0.124470    0.440197    0.234421    1.653944    0.021234    0.002069    0.009654    8.665062    9.733720    0.329778    1.903420    1.973584    1.927718    0.984297    1.157670    2.105159
Iteration: 442 bestvalit: 169.540000 bestmemit:    0.022574    0.075724    0.052837    0.125240    0.329084    0.389883    0.130814    0.057098    0.124470    0.440197    0.234421    1.653944    0.021234    0.002069    0.009654    8.665062    9.733720    0.329778    1.903420    1.973584    1.927718    0.984297    1.157670    2.105159
Iteration: 443 bestvalit: 169.540000 bestmemit:    0.022574    0.075724    0.052837    0.125240    0.329084    0.389883    0.130814    0.057098    0.124470    0.440197    0.234421    1.653944    0.021234    0.002069    0.009654    8.665062    9.733720    0.329778    1.903420    1.973584    1.927718    0.984297    1.157670    2.105159
Iteration: 444 bestvalit: 169.540000 bestmemit:    0.022574    0.075724    0.052837    0.125240    0.329084    0.389883    0.130814    0.057098    0.124470    0.440197    0.234421    1.653944    0.021234    0.002069    0.009654    8.665062    9.733720    0.329778    1.903420    1.973584    1.927718    0.984297    1.157670    2.105159
Iteration: 445 bestvalit: 169.540000 bestmemit:    0.022574    0.075724    0.052837    0.125240    0.329084    0.389883    0.130814    0.057098    0.124470    0.440197    0.234421    1.653944    0.021234    0.002069    0.009654    8.665062    9.733720    0.329778    1.903420    1.973584    1.927718    0.984297    1.157670    2.105159
Iteration: 446 bestvalit: 169.540000 bestmemit:    0.022574    0.075724    0.052837    0.125240    0.329084    0.389883    0.130814    0.057098    0.124470    0.440197    0.234421    1.653944    0.021234    0.002069    0.009654    8.665062    9.733720    0.329778    1.903420    1.973584    1.927718    0.984297    1.157670    2.105159
Iteration: 447 bestvalit: 169.540000 bestmemit:    0.022574    0.075724    0.052837    0.125240    0.329084    0.389883    0.130814    0.057098    0.124470    0.440197    0.234421    1.653944    0.021234    0.002069    0.009654    8.665062    9.733720    0.329778    1.903420    1.973584    1.927718    0.984297    1.157670    2.105159
Iteration: 448 bestvalit: 169.540000 bestmemit:    0.022574    0.075724    0.052837    0.125240    0.329084    0.389883    0.130814    0.057098    0.124470    0.440197    0.234421    1.653944    0.021234    0.002069    0.009654    8.665062    9.733720    0.329778    1.903420    1.973584    1.927718    0.984297    1.157670    2.105159
Iteration: 449 bestvalit: 169.540000 bestmemit:    0.022574    0.075724    0.052837    0.125240    0.329084    0.389883    0.130814    0.057098    0.124470    0.440197    0.234421    1.653944    0.021234    0.002069    0.009654    8.665062    9.733720    0.329778    1.903420    1.973584    1.927718    0.984297    1.157670    2.105159
Iteration: 450 bestvalit: 169.540000 bestmemit:    0.022574    0.075724    0.052837    0.125240    0.329084    0.389883    0.130814    0.057098    0.124470    0.440197    0.234421    1.653944    0.021234    0.002069    0.009654    8.665062    9.733720    0.329778    1.903420    1.973584    1.927718    0.984297    1.157670    2.105159
Iteration: 451 bestvalit: 169.540000 bestmemit:    0.022574    0.075724    0.052837    0.125240    0.329084    0.389883    0.130814    0.057098    0.124470    0.440197    0.234421    1.653944    0.021234    0.002069    0.009654    8.665062    9.733720    0.329778    1.903420    1.973584    1.927718    0.984297    1.157670    2.105159
Iteration: 452 bestvalit: 169.540000 bestmemit:    0.022574    0.075724    0.052837    0.125240    0.329084    0.389883    0.130814    0.057098    0.124470    0.440197    0.234421    1.653944    0.021234    0.002069    0.009654    8.665062    9.733720    0.329778    1.903420    1.973584    1.927718    0.984297    1.157670    2.105159
Iteration: 453 bestvalit: 169.540000 bestmemit:    0.022574    0.075724    0.052837    0.125240    0.329084    0.389883    0.130814    0.057098    0.124470    0.440197    0.234421    1.653944    0.021234    0.002069    0.009654    8.665062    9.733720    0.329778    1.903420    1.973584    1.927718    0.984297    1.157670    2.105159
Iteration: 454 bestvalit: 169.540000 bestmemit:    0.022574    0.075724    0.052837    0.125240    0.329084    0.389883    0.130814    0.057098    0.124470    0.440197    0.234421    1.653944    0.021234    0.002069    0.009654    8.665062    9.733720    0.329778    1.903420    1.973584    1.927718    0.984297    1.157670    2.105159
Iteration: 455 bestvalit: 169.540000 bestmemit:    0.022574    0.075724    0.052837    0.125240    0.329084    0.389883    0.130814    0.057098    0.124470    0.440197    0.234421    1.653944    0.021234    0.002069    0.009654    8.665062    9.733720    0.329778    1.903420    1.973584    1.927718    0.984297    1.157670    2.105159
Iteration: 456 bestvalit: 169.540000 bestmemit:    0.022574    0.075724    0.052837    0.125240    0.329084    0.389883    0.130814    0.057098    0.124470    0.440197    0.234421    1.653944    0.021234    0.002069    0.009654    8.665062    9.733720    0.329778    1.903420    1.973584    1.927718    0.984297    1.157670    2.105159
Iteration: 457 bestvalit: 169.540000 bestmemit:    0.022574    0.075724    0.052837    0.125240    0.329084    0.389883    0.130814    0.057098    0.124470    0.440197    0.234421    1.653944    0.021234    0.002069    0.009654    8.665062    9.733720    0.329778    1.903420    1.973584    1.927718    0.984297    1.157670    2.105159
Iteration: 458 bestvalit: 169.540000 bestmemit:    0.022574    0.075724    0.052837    0.125240    0.329084    0.389883    0.130814    0.057098    0.124470    0.440197    0.234421    1.653944    0.021234    0.002069    0.009654    8.665062    9.733720    0.329778    1.903420    1.973584    1.927718    0.984297    1.157670    2.105159
Iteration: 459 bestvalit: 169.540000 bestmemit:    0.022574    0.075724    0.052837    0.125240    0.329084    0.389883    0.130814    0.057098    0.124470    0.440197    0.234421    1.653944    0.021234    0.002069    0.009654    8.665062    9.733720    0.329778    1.903420    1.973584    1.927718    0.984297    1.157670    2.105159
Iteration: 460 bestvalit: 169.540000 bestmemit:    0.022574    0.075724    0.052837    0.125240    0.329084    0.389883    0.130814    0.057098    0.124470    0.440197    0.234421    1.653944    0.021234    0.002069    0.009654    8.665062    9.733720    0.329778    1.903420    1.973584    1.927718    0.984297    1.157670    2.105159
Iteration: 461 bestvalit: 169.540000 bestmemit:    0.022574    0.075724    0.052837    0.125240    0.329084    0.389883    0.130814    0.057098    0.124470    0.440197    0.234421    1.653944    0.021234    0.002069    0.009654    8.665062    9.733720    0.329778    1.903420    1.973584    1.927718    0.984297    1.157670    2.105159
Iteration: 462 bestvalit: 169.540000 bestmemit:    0.022574    0.075724    0.052837    0.125240    0.329084    0.389883    0.130814    0.057098    0.124470    0.440197    0.234421    1.653944    0.021234    0.002069    0.009654    8.665062    9.733720    0.329778    1.903420    1.973584    1.927718    0.984297    1.157670    2.105159
Iteration: 463 bestvalit: 169.540000 bestmemit:    0.022574    0.075724    0.052837    0.125240    0.329084    0.389883    0.130814    0.057098    0.124470    0.440197    0.234421    1.653944    0.021234    0.002069    0.009654    8.665062    9.733720    0.329778    1.903420    1.973584    1.927718    0.984297    1.157670    2.105159
Iteration: 464 bestvalit: 169.540000 bestmemit:    0.022574    0.075724    0.052837    0.125240    0.329084    0.389883    0.130814    0.057098    0.124470    0.440197    0.234421    1.653944    0.021234    0.002069    0.009654    8.665062    9.733720    0.329778    1.903420    1.973584    1.927718    0.984297    1.157670    2.105159
Iteration: 465 bestvalit: 169.540000 bestmemit:    0.022574    0.075724    0.052837    0.125240    0.329084    0.389883    0.130814    0.057098    0.124470    0.440197    0.234421    1.653944    0.021234    0.002069    0.009654    8.665062    9.733720    0.329778    1.903420    1.973584    1.927718    0.984297    1.157670    2.105159
Iteration: 466 bestvalit: 169.540000 bestmemit:    0.022574    0.075724    0.052837    0.125240    0.329084    0.389883    0.130814    0.057098    0.124470    0.440197    0.234421    1.653944    0.021234    0.002069    0.009654    8.665062    9.733720    0.329778    1.903420    1.973584    1.927718    0.984297    1.157670    2.105159
Iteration: 467 bestvalit: 169.540000 bestmemit:    0.022574    0.075724    0.052837    0.125240    0.329084    0.389883    0.130814    0.057098    0.124470    0.440197    0.234421    1.653944    0.021234    0.002069    0.009654    8.665062    9.733720    0.329778    1.903420    1.973584    1.927718    0.984297    1.157670    2.105159
Iteration: 468 bestvalit: 169.540000 bestmemit:    0.022574    0.075724    0.052837    0.125240    0.329084    0.389883    0.130814    0.057098    0.124470    0.440197    0.234421    1.653944    0.021234    0.002069    0.009654    8.665062    9.733720    0.329778    1.903420    1.973584    1.927718    0.984297    1.157670    2.105159
Iteration: 469 bestvalit: 168.905000 bestmemit:    0.022574    0.075724    0.052837    0.125240    0.329084    0.389883    0.130814    0.057098    0.124470    0.440197    0.234421    1.653944    0.021234    0.002069    0.009654    8.665062    9.733720    0.329778    1.903420    1.973584    1.927718    0.998002    1.157670    2.105159
Iteration: 470 bestvalit: 168.905000 bestmemit:    0.022574    0.075724    0.052837    0.125240    0.329084    0.389883    0.130814    0.057098    0.124470    0.440197    0.234421    1.653944    0.021234    0.002069    0.009654    8.665062    9.733720    0.329778    1.903420    1.973584    1.927718    0.998002    1.157670    2.105159
Iteration: 471 bestvalit: 168.905000 bestmemit:    0.022574    0.075724    0.052837    0.125240    0.329084    0.389883    0.130814    0.057098    0.124470    0.440197    0.234421    1.653944    0.021234    0.002069    0.009654    8.665062    9.733720    0.329778    1.903420    1.973584    1.927718    0.998002    1.157670    2.105159
Iteration: 472 bestvalit: 168.905000 bestmemit:    0.022574    0.075724    0.052837    0.125240    0.329084    0.389883    0.130814    0.057098    0.124470    0.440197    0.234421    1.653944    0.021234    0.002069    0.009654    8.665062    9.733720    0.329778    1.903420    1.973584    1.927718    0.998002    1.157670    2.105159
Iteration: 473 bestvalit: 168.905000 bestmemit:    0.022574    0.075724    0.052837    0.125240    0.329084    0.389883    0.130814    0.057098    0.124470    0.440197    0.234421    1.653944    0.021234    0.002069    0.009654    8.665062    9.733720    0.329778    1.903420    1.973584    1.927718    0.998002    1.157670    2.105159
Iteration: 474 bestvalit: 168.905000 bestmemit:    0.022574    0.075724    0.052837    0.125240    0.329084    0.389883    0.130814    0.057098    0.124470    0.440197    0.234421    1.653944    0.021234    0.002069    0.009654    8.665062    9.733720    0.329778    1.903420    1.973584    1.927718    0.998002    1.157670    2.105159
Iteration: 475 bestvalit: 168.905000 bestmemit:    0.022574    0.075724    0.052837    0.125240    0.329084    0.389883    0.130814    0.057098    0.124470    0.440197    0.234421    1.653944    0.021234    0.002069    0.009654    8.665062    9.733720    0.329778    1.903420    1.973584    1.927718    0.998002    1.157670    2.105159
Iteration: 476 bestvalit: 168.905000 bestmemit:    0.022574    0.075724    0.052837    0.125240    0.329084    0.389883    0.130814    0.057098    0.124470    0.440197    0.234421    1.653944    0.021234    0.002069    0.009654    8.665062    9.733720    0.329778    1.903420    1.973584    1.927718    0.998002    1.157670    2.105159
Iteration: 477 bestvalit: 168.905000 bestmemit:    0.022574    0.075724    0.052837    0.125240    0.329084    0.389883    0.130814    0.057098    0.124470    0.440197    0.234421    1.653944    0.021234    0.002069    0.009654    8.665062    9.733720    0.329778    1.903420    1.973584    1.927718    0.998002    1.157670    2.105159
Iteration: 478 bestvalit: 168.905000 bestmemit:    0.022574    0.075724    0.052837    0.125240    0.329084    0.389883    0.130814    0.057098    0.124470    0.440197    0.234421    1.653944    0.021234    0.002069    0.009654    8.665062    9.733720    0.329778    1.903420    1.973584    1.927718    0.998002    1.157670    2.105159
Iteration: 479 bestvalit: 168.905000 bestmemit:    0.022574    0.075724    0.052837    0.125240    0.329084    0.389883    0.130814    0.057098    0.124470    0.440197    0.234421    1.653944    0.021234    0.002069    0.009654    8.665062    9.733720    0.329778    1.903420    1.973584    1.927718    0.998002    1.157670    2.105159
Iteration: 480 bestvalit: 168.905000 bestmemit:    0.022574    0.075724    0.052837    0.125240    0.329084    0.389883    0.130814    0.057098    0.124470    0.440197    0.234421    1.653944    0.021234    0.002069    0.009654    8.665062    9.733720    0.329778    1.903420    1.973584    1.927718    0.998002    1.157670    2.105159
Iteration: 481 bestvalit: 168.905000 bestmemit:    0.022574    0.075724    0.052837    0.125240    0.329084    0.389883    0.130814    0.057098    0.124470    0.440197    0.234421    1.653944    0.021234    0.002069    0.009654    8.665062    9.733720    0.329778    1.903420    1.973584    1.927718    0.998002    1.157670    2.105159
Iteration: 482 bestvalit: 168.905000 bestmemit:    0.022574    0.075724    0.052837    0.125240    0.329084    0.389883    0.130814    0.057098    0.124470    0.440197    0.234421    1.653944    0.021234    0.002069    0.009654    8.665062    9.733720    0.329778    1.903420    1.973584    1.927718    0.998002    1.157670    2.105159
Iteration: 483 bestvalit: 168.905000 bestmemit:    0.022574    0.075724    0.052837    0.125240    0.329084    0.389883    0.130814    0.057098    0.124470    0.440197    0.234421    1.653944    0.021234    0.002069    0.009654    8.665062    9.733720    0.329778    1.903420    1.973584    1.927718    0.998002    1.157670    2.105159
Iteration: 484 bestvalit: 168.905000 bestmemit:    0.022574    0.075724    0.052837    0.125240    0.329084    0.389883    0.130814    0.057098    0.124470    0.440197    0.234421    1.653944    0.021234    0.002069    0.009654    8.665062    9.733720    0.329778    1.903420    1.973584    1.927718    0.998002    1.157670    2.105159
Iteration: 485 bestvalit: 168.905000 bestmemit:    0.022574    0.075724    0.052837    0.125240    0.329084    0.389883    0.130814    0.057098    0.124470    0.440197    0.234421    1.653944    0.021234    0.002069    0.009654    8.665062    9.733720    0.329778    1.903420    1.973584    1.927718    0.998002    1.157670    2.105159
Iteration: 486 bestvalit: 168.905000 bestmemit:    0.022574    0.075724    0.052837    0.125240    0.329084    0.389883    0.130814    0.057098    0.124470    0.440197    0.234421    1.653944    0.021234    0.002069    0.009654    8.665062    9.733720    0.329778    1.903420    1.973584    1.927718    0.998002    1.157670    2.105159
Iteration: 487 bestvalit: 168.905000 bestmemit:    0.022574    0.075724    0.052837    0.125240    0.329084    0.389883    0.130814    0.057098    0.124470    0.440197    0.234421    1.653944    0.021234    0.002069    0.009654    8.665062    9.733720    0.329778    1.903420    1.973584    1.927718    0.998002    1.157670    2.105159
Iteration: 488 bestvalit: 168.905000 bestmemit:    0.022574    0.075724    0.052837    0.125240    0.329084    0.389883    0.130814    0.057098    0.124470    0.440197    0.234421    1.653944    0.021234    0.002069    0.009654    8.665062    9.733720    0.329778    1.903420    1.973584    1.927718    0.998002    1.157670    2.105159
Iteration: 489 bestvalit: 168.905000 bestmemit:    0.022574    0.075724    0.052837    0.125240    0.329084    0.389883    0.130814    0.057098    0.124470    0.440197    0.234421    1.653944    0.021234    0.002069    0.009654    8.665062    9.733720    0.329778    1.903420    1.973584    1.927718    0.998002    1.157670    2.105159
Iteration: 490 bestvalit: 166.770000 bestmemit:    0.026777    0.054588    0.058258    0.937957    0.471771    0.405285    0.223858    0.268742    0.105639    0.319697    0.269672    1.613334    0.019592    0.003390    0.008102    7.823981    9.158155    0.611861    1.915891    1.948148    1.585603    0.985144    1.153745    1.977066
Iteration: 491 bestvalit: 166.770000 bestmemit:    0.026777    0.054588    0.058258    0.937957    0.471771    0.405285    0.223858    0.268742    0.105639    0.319697    0.269672    1.613334    0.019592    0.003390    0.008102    7.823981    9.158155    0.611861    1.915891    1.948148    1.585603    0.985144    1.153745    1.977066
Iteration: 492 bestvalit: 166.770000 bestmemit:    0.026777    0.054588    0.058258    0.937957    0.471771    0.405285    0.223858    0.268742    0.105639    0.319697    0.269672    1.613334    0.019592    0.003390    0.008102    7.823981    9.158155    0.611861    1.915891    1.948148    1.585603    0.985144    1.153745    1.977066
Iteration: 493 bestvalit: 166.770000 bestmemit:    0.026777    0.054588    0.058258    0.937957    0.471771    0.405285    0.223858    0.268742    0.105639    0.319697    0.269672    1.613334    0.019592    0.003390    0.008102    7.823981    9.158155    0.611861    1.915891    1.948148    1.585603    0.985144    1.153745    1.977066
Iteration: 494 bestvalit: 166.770000 bestmemit:    0.026777    0.054588    0.058258    0.937957    0.471771    0.405285    0.223858    0.268742    0.105639    0.319697    0.269672    1.613334    0.019592    0.003390    0.008102    7.823981    9.158155    0.611861    1.915891    1.948148    1.585603    0.985144    1.153745    1.977066
Iteration: 495 bestvalit: 166.770000 bestmemit:    0.026777    0.054588    0.058258    0.937957    0.471771    0.405285    0.223858    0.268742    0.105639    0.319697    0.269672    1.613334    0.019592    0.003390    0.008102    7.823981    9.158155    0.611861    1.915891    1.948148    1.585603    0.985144    1.153745    1.977066
Iteration: 496 bestvalit: 166.770000 bestmemit:    0.026777    0.054588    0.058258    0.937957    0.471771    0.405285    0.223858    0.268742    0.105639    0.319697    0.269672    1.613334    0.019592    0.003390    0.008102    7.823981    9.158155    0.611861    1.915891    1.948148    1.585603    0.985144    1.153745    1.977066
Iteration: 497 bestvalit: 166.770000 bestmemit:    0.026777    0.054588    0.058258    0.937957    0.471771    0.405285    0.223858    0.268742    0.105639    0.319697    0.269672    1.613334    0.019592    0.003390    0.008102    7.823981    9.158155    0.611861    1.915891    1.948148    1.585603    0.985144    1.153745    1.977066
Iteration: 498 bestvalit: 166.770000 bestmemit:    0.026777    0.054588    0.058258    0.937957    0.471771    0.405285    0.223858    0.268742    0.105639    0.319697    0.269672    1.613334    0.019592    0.003390    0.008102    7.823981    9.158155    0.611861    1.915891    1.948148    1.585603    0.985144    1.153745    1.977066
Iteration: 499 bestvalit: 166.770000 bestmemit:    0.026777    0.054588    0.058258    0.937957    0.471771    0.405285    0.223858    0.268742    0.105639    0.319697    0.269672    1.613334    0.019592    0.003390    0.008102    7.823981    9.158155    0.611861    1.915891    1.948148    1.585603    0.985144    1.153745    1.977066
Iteration: 500 bestvalit: 166.770000 bestmemit:    0.026777    0.054588    0.058258    0.937957    0.471771    0.405285    0.223858    0.268742    0.105639    0.319697    0.269672    1.613334    0.019592    0.003390    0.008102    7.823981    9.158155    0.611861    1.915891    1.948148    1.585603    0.985144    1.153745    1.977066
Iteration: 501 bestvalit: 166.770000 bestmemit:    0.026777    0.054588    0.058258    0.937957    0.471771    0.405285    0.223858    0.268742    0.105639    0.319697    0.269672    1.613334    0.019592    0.003390    0.008102    7.823981    9.158155    0.611861    1.915891    1.948148    1.585603    0.985144    1.153745    1.977066
Iteration: 502 bestvalit: 166.770000 bestmemit:    0.026777    0.054588    0.058258    0.937957    0.471771    0.405285    0.223858    0.268742    0.105639    0.319697    0.269672    1.613334    0.019592    0.003390    0.008102    7.823981    9.158155    0.611861    1.915891    1.948148    1.585603    0.985144    1.153745    1.977066
Iteration: 503 bestvalit: 166.770000 bestmemit:    0.026777    0.054588    0.058258    0.937957    0.471771    0.405285    0.223858    0.268742    0.105639    0.319697    0.269672    1.613334    0.019592    0.003390    0.008102    7.823981    9.158155    0.611861    1.915891    1.948148    1.585603    0.985144    1.153745    1.977066
Iteration: 504 bestvalit: 166.770000 bestmemit:    0.026777    0.054588    0.058258    0.937957    0.471771    0.405285    0.223858    0.268742    0.105639    0.319697    0.269672    1.613334    0.019592    0.003390    0.008102    7.823981    9.158155    0.611861    1.915891    1.948148    1.585603    0.985144    1.153745    1.977066
Iteration: 505 bestvalit: 166.770000 bestmemit:    0.026777    0.054588    0.058258    0.937957    0.471771    0.405285    0.223858    0.268742    0.105639    0.319697    0.269672    1.613334    0.019592    0.003390    0.008102    7.823981    9.158155    0.611861    1.915891    1.948148    1.585603    0.985144    1.153745    1.977066
Iteration: 506 bestvalit: 166.770000 bestmemit:    0.026777    0.054588    0.058258    0.937957    0.471771    0.405285    0.223858    0.268742    0.105639    0.319697    0.269672    1.613334    0.019592    0.003390    0.008102    7.823981    9.158155    0.611861    1.915891    1.948148    1.585603    0.985144    1.153745    1.977066
Iteration: 507 bestvalit: 166.770000 bestmemit:    0.026777    0.054588    0.058258    0.937957    0.471771    0.405285    0.223858    0.268742    0.105639    0.319697    0.269672    1.613334    0.019592    0.003390    0.008102    7.823981    9.158155    0.611861    1.915891    1.948148    1.585603    0.985144    1.153745    1.977066
Iteration: 508 bestvalit: 166.770000 bestmemit:    0.026777    0.054588    0.058258    0.937957    0.471771    0.405285    0.223858    0.268742    0.105639    0.319697    0.269672    1.613334    0.019592    0.003390    0.008102    7.823981    9.158155    0.611861    1.915891    1.948148    1.585603    0.985144    1.153745    1.977066
Iteration: 509 bestvalit: 166.770000 bestmemit:    0.026777    0.054588    0.058258    0.937957    0.471771    0.405285    0.223858    0.268742    0.105639    0.319697    0.269672    1.613334    0.019592    0.003390    0.008102    7.823981    9.158155    0.611861    1.915891    1.948148    1.585603    0.985144    1.153745    1.977066
Iteration: 510 bestvalit: 166.770000 bestmemit:    0.026777    0.054588    0.058258    0.937957    0.471771    0.405285    0.223858    0.268742    0.105639    0.319697    0.269672    1.613334    0.019592    0.003390    0.008102    7.823981    9.158155    0.611861    1.915891    1.948148    1.585603    0.985144    1.153745    1.977066
Iteration: 511 bestvalit: 166.770000 bestmemit:    0.026777    0.054588    0.058258    0.937957    0.471771    0.405285    0.223858    0.268742    0.105639    0.319697    0.269672    1.613334    0.019592    0.003390    0.008102    7.823981    9.158155    0.611861    1.915891    1.948148    1.585603    0.985144    1.153745    1.977066
Iteration: 512 bestvalit: 166.770000 bestmemit:    0.026777    0.054588    0.058258    0.937957    0.471771    0.405285    0.223858    0.268742    0.105639    0.319697    0.269672    1.613334    0.019592    0.003390    0.008102    7.823981    9.158155    0.611861    1.915891    1.948148    1.585603    0.985144    1.153745    1.977066
Iteration: 513 bestvalit: 166.770000 bestmemit:    0.026777    0.054588    0.058258    0.937957    0.471771    0.405285    0.223858    0.268742    0.105639    0.319697    0.269672    1.613334    0.019592    0.003390    0.008102    7.823981    9.158155    0.611861    1.915891    1.948148    1.585603    0.985144    1.153745    1.977066
Iteration: 514 bestvalit: 166.770000 bestmemit:    0.026777    0.054588    0.058258    0.937957    0.471771    0.405285    0.223858    0.268742    0.105639    0.319697    0.269672    1.613334    0.019592    0.003390    0.008102    7.823981    9.158155    0.611861    1.915891    1.948148    1.585603    0.985144    1.153745    1.977066
Iteration: 515 bestvalit: 166.770000 bestmemit:    0.026777    0.054588    0.058258    0.937957    0.471771    0.405285    0.223858    0.268742    0.105639    0.319697    0.269672    1.613334    0.019592    0.003390    0.008102    7.823981    9.158155    0.611861    1.915891    1.948148    1.585603    0.985144    1.153745    1.977066
Iteration: 516 bestvalit: 166.770000 bestmemit:    0.026777    0.054588    0.058258    0.937957    0.471771    0.405285    0.223858    0.268742    0.105639    0.319697    0.269672    1.613334    0.019592    0.003390    0.008102    7.823981    9.158155    0.611861    1.915891    1.948148    1.585603    0.985144    1.153745    1.977066
Iteration: 517 bestvalit: 166.770000 bestmemit:    0.026777    0.054588    0.058258    0.937957    0.471771    0.405285    0.223858    0.268742    0.105639    0.319697    0.269672    1.613334    0.019592    0.003390    0.008102    7.823981    9.158155    0.611861    1.915891    1.948148    1.585603    0.985144    1.153745    1.977066
Iteration: 518 bestvalit: 166.770000 bestmemit:    0.026777    0.054588    0.058258    0.937957    0.471771    0.405285    0.223858    0.268742    0.105639    0.319697    0.269672    1.613334    0.019592    0.003390    0.008102    7.823981    9.158155    0.611861    1.915891    1.948148    1.585603    0.985144    1.153745    1.977066
Iteration: 519 bestvalit: 166.770000 bestmemit:    0.026777    0.054588    0.058258    0.937957    0.471771    0.405285    0.223858    0.268742    0.105639    0.319697    0.269672    1.613334    0.019592    0.003390    0.008102    7.823981    9.158155    0.611861    1.915891    1.948148    1.585603    0.985144    1.153745    1.977066
Iteration: 520 bestvalit: 166.770000 bestmemit:    0.026777    0.054588    0.058258    0.937957    0.471771    0.405285    0.223858    0.268742    0.105639    0.319697    0.269672    1.613334    0.019592    0.003390    0.008102    7.823981    9.158155    0.611861    1.915891    1.948148    1.585603    0.985144    1.153745    1.977066
Iteration: 521 bestvalit: 166.770000 bestmemit:    0.026777    0.054588    0.058258    0.937957    0.471771    0.405285    0.223858    0.268742    0.105639    0.319697    0.269672    1.613334    0.019592    0.003390    0.008102    7.823981    9.158155    0.611861    1.915891    1.948148    1.585603    0.985144    1.153745    1.977066
Iteration: 522 bestvalit: 166.770000 bestmemit:    0.026777    0.054588    0.058258    0.937957    0.471771    0.405285    0.223858    0.268742    0.105639    0.319697    0.269672    1.613334    0.019592    0.003390    0.008102    7.823981    9.158155    0.611861    1.915891    1.948148    1.585603    0.985144    1.153745    1.977066
Iteration: 523 bestvalit: 166.770000 bestmemit:    0.026777    0.054588    0.058258    0.937957    0.471771    0.405285    0.223858    0.268742    0.105639    0.319697    0.269672    1.613334    0.019592    0.003390    0.008102    7.823981    9.158155    0.611861    1.915891    1.948148    1.585603    0.985144    1.153745    1.977066
Iteration: 524 bestvalit: 166.770000 bestmemit:    0.026777    0.054588    0.058258    0.937957    0.471771    0.405285    0.223858    0.268742    0.105639    0.319697    0.269672    1.613334    0.019592    0.003390    0.008102    7.823981    9.158155    0.611861    1.915891    1.948148    1.585603    0.985144    1.153745    1.977066
Iteration: 525 bestvalit: 166.770000 bestmemit:    0.026777    0.054588    0.058258    0.937957    0.471771    0.405285    0.223858    0.268742    0.105639    0.319697    0.269672    1.613334    0.019592    0.003390    0.008102    7.823981    9.158155    0.611861    1.915891    1.948148    1.585603    0.985144    1.153745    1.977066
Iteration: 526 bestvalit: 166.770000 bestmemit:    0.026777    0.054588    0.058258    0.937957    0.471771    0.405285    0.223858    0.268742    0.105639    0.319697    0.269672    1.613334    0.019592    0.003390    0.008102    7.823981    9.158155    0.611861    1.915891    1.948148    1.585603    0.985144    1.153745    1.977066
Iteration: 527 bestvalit: 166.770000 bestmemit:    0.026777    0.054588    0.058258    0.937957    0.471771    0.405285    0.223858    0.268742    0.105639    0.319697    0.269672    1.613334    0.019592    0.003390    0.008102    7.823981    9.158155    0.611861    1.915891    1.948148    1.585603    0.985144    1.153745    1.977066
Iteration: 528 bestvalit: 166.770000 bestmemit:    0.026777    0.054588    0.058258    0.937957    0.471771    0.405285    0.223858    0.268742    0.105639    0.319697    0.269672    1.613334    0.019592    0.003390    0.008102    7.823981    9.158155    0.611861    1.915891    1.948148    1.585603    0.985144    1.153745    1.977066
Iteration: 529 bestvalit: 166.770000 bestmemit:    0.026777    0.054588    0.058258    0.937957    0.471771    0.405285    0.223858    0.268742    0.105639    0.319697    0.269672    1.613334    0.019592    0.003390    0.008102    7.823981    9.158155    0.611861    1.915891    1.948148    1.585603    0.985144    1.153745    1.977066
Iteration: 530 bestvalit: 166.770000 bestmemit:    0.026777    0.054588    0.058258    0.937957    0.471771    0.405285    0.223858    0.268742    0.105639    0.319697    0.269672    1.613334    0.019592    0.003390    0.008102    7.823981    9.158155    0.611861    1.915891    1.948148    1.585603    0.985144    1.153745    1.977066
Iteration: 531 bestvalit: 166.770000 bestmemit:    0.026777    0.054588    0.058258    0.937957    0.471771    0.405285    0.223858    0.268742    0.105639    0.319697    0.269672    1.613334    0.019592    0.003390    0.008102    7.823981    9.158155    0.611861    1.915891    1.948148    1.585603    0.985144    1.153745    1.977066
Iteration: 532 bestvalit: 166.770000 bestmemit:    0.026777    0.054588    0.058258    0.937957    0.471771    0.405285    0.223858    0.268742    0.105639    0.319697    0.269672    1.613334    0.019592    0.003390    0.008102    7.823981    9.158155    0.611861    1.915891    1.948148    1.585603    0.985144    1.153745    1.977066
Iteration: 533 bestvalit: 166.770000 bestmemit:    0.026777    0.054588    0.058258    0.937957    0.471771    0.405285    0.223858    0.268742    0.105639    0.319697    0.269672    1.613334    0.019592    0.003390    0.008102    7.823981    9.158155    0.611861    1.915891    1.948148    1.585603    0.985144    1.153745    1.977066
Iteration: 534 bestvalit: 166.770000 bestmemit:    0.026777    0.054588    0.058258    0.937957    0.471771    0.405285    0.223858    0.268742    0.105639    0.319697    0.269672    1.613334    0.019592    0.003390    0.008102    7.823981    9.158155    0.611861    1.915891    1.948148    1.585603    0.985144    1.153745    1.977066
Iteration: 535 bestvalit: 166.770000 bestmemit:    0.026777    0.054588    0.058258    0.937957    0.471771    0.405285    0.223858    0.268742    0.105639    0.319697    0.269672    1.613334    0.019592    0.003390    0.008102    7.823981    9.158155    0.611861    1.915891    1.948148    1.585603    0.985144    1.153745    1.977066
Iteration: 536 bestvalit: 166.770000 bestmemit:    0.026777    0.054588    0.058258    0.937957    0.471771    0.405285    0.223858    0.268742    0.105639    0.319697    0.269672    1.613334    0.019592    0.003390    0.008102    7.823981    9.158155    0.611861    1.915891    1.948148    1.585603    0.985144    1.153745    1.977066
Iteration: 537 bestvalit: 166.770000 bestmemit:    0.026777    0.054588    0.058258    0.937957    0.471771    0.405285    0.223858    0.268742    0.105639    0.319697    0.269672    1.613334    0.019592    0.003390    0.008102    7.823981    9.158155    0.611861    1.915891    1.948148    1.585603    0.985144    1.153745    1.977066
Iteration: 538 bestvalit: 166.770000 bestmemit:    0.026777    0.054588    0.058258    0.937957    0.471771    0.405285    0.223858    0.268742    0.105639    0.319697    0.269672    1.613334    0.019592    0.003390    0.008102    7.823981    9.158155    0.611861    1.915891    1.948148    1.585603    0.985144    1.153745    1.977066
Iteration: 539 bestvalit: 166.770000 bestmemit:    0.026777    0.054588    0.058258    0.937957    0.471771    0.405285    0.223858    0.268742    0.105639    0.319697    0.269672    1.613334    0.019592    0.003390    0.008102    7.823981    9.158155    0.611861    1.915891    1.948148    1.585603    0.985144    1.153745    1.977066
Iteration: 540 bestvalit: 166.770000 bestmemit:    0.026777    0.054588    0.058258    0.937957    0.471771    0.405285    0.223858    0.268742    0.105639    0.319697    0.269672    1.613334    0.019592    0.003390    0.008102    7.823981    9.158155    0.611861    1.915891    1.948148    1.585603    0.985144    1.153745    1.977066
Iteration: 541 bestvalit: 166.770000 bestmemit:    0.026777    0.054588    0.058258    0.937957    0.471771    0.405285    0.223858    0.268742    0.105639    0.319697    0.269672    1.613334    0.019592    0.003390    0.008102    7.823981    9.158155    0.611861    1.915891    1.948148    1.585603    0.985144    1.153745    1.977066
Iteration: 542 bestvalit: 166.770000 bestmemit:    0.026777    0.054588    0.058258    0.937957    0.471771    0.405285    0.223858    0.268742    0.105639    0.319697    0.269672    1.613334    0.019592    0.003390    0.008102    7.823981    9.158155    0.611861    1.915891    1.948148    1.585603    0.985144    1.153745    1.977066
Iteration: 543 bestvalit: 166.770000 bestmemit:    0.026777    0.054588    0.058258    0.937957    0.471771    0.405285    0.223858    0.268742    0.105639    0.319697    0.269672    1.613334    0.019592    0.003390    0.008102    7.823981    9.158155    0.611861    1.915891    1.948148    1.585603    0.985144    1.153745    1.977066
Iteration: 544 bestvalit: 166.770000 bestmemit:    0.026777    0.054588    0.058258    0.937957    0.471771    0.405285    0.223858    0.268742    0.105639    0.319697    0.269672    1.613334    0.019592    0.003390    0.008102    7.823981    9.158155    0.611861    1.915891    1.948148    1.585603    0.985144    1.153745    1.977066
Iteration: 545 bestvalit: 166.770000 bestmemit:    0.026777    0.054588    0.058258    0.937957    0.471771    0.405285    0.223858    0.268742    0.105639    0.319697    0.269672    1.613334    0.019592    0.003390    0.008102    7.823981    9.158155    0.611861    1.915891    1.948148    1.585603    0.985144    1.153745    1.977066
Iteration: 546 bestvalit: 166.770000 bestmemit:    0.026777    0.054588    0.058258    0.937957    0.471771    0.405285    0.223858    0.268742    0.105639    0.319697    0.269672    1.613334    0.019592    0.003390    0.008102    7.823981    9.158155    0.611861    1.915891    1.948148    1.585603    0.985144    1.153745    1.977066
Iteration: 547 bestvalit: 166.770000 bestmemit:    0.026777    0.054588    0.058258    0.937957    0.471771    0.405285    0.223858    0.268742    0.105639    0.319697    0.269672    1.613334    0.019592    0.003390    0.008102    7.823981    9.158155    0.611861    1.915891    1.948148    1.585603    0.985144    1.153745    1.977066
Iteration: 548 bestvalit: 166.770000 bestmemit:    0.026777    0.054588    0.058258    0.937957    0.471771    0.405285    0.223858    0.268742    0.105639    0.319697    0.269672    1.613334    0.019592    0.003390    0.008102    7.823981    9.158155    0.611861    1.915891    1.948148    1.585603    0.985144    1.153745    1.977066
Iteration: 549 bestvalit: 166.770000 bestmemit:    0.026777    0.054588    0.058258    0.937957    0.471771    0.405285    0.223858    0.268742    0.105639    0.319697    0.269672    1.613334    0.019592    0.003390    0.008102    7.823981    9.158155    0.611861    1.915891    1.948148    1.585603    0.985144    1.153745    1.977066
Iteration: 550 bestvalit: 166.770000 bestmemit:    0.026777    0.054588    0.058258    0.937957    0.471771    0.405285    0.223858    0.268742    0.105639    0.319697    0.269672    1.613334    0.019592    0.003390    0.008102    7.823981    9.158155    0.611861    1.915891    1.948148    1.585603    0.985144    1.153745    1.977066
Iteration: 551 bestvalit: 166.770000 bestmemit:    0.026777    0.054588    0.058258    0.937957    0.471771    0.405285    0.223858    0.268742    0.105639    0.319697    0.269672    1.613334    0.019592    0.003390    0.008102    7.823981    9.158155    0.611861    1.915891    1.948148    1.585603    0.985144    1.153745    1.977066
Iteration: 552 bestvalit: 166.770000 bestmemit:    0.026777    0.054588    0.058258    0.937957    0.471771    0.405285    0.223858    0.268742    0.105639    0.319697    0.269672    1.613334    0.019592    0.003390    0.008102    7.823981    9.158155    0.611861    1.915891    1.948148    1.585603    0.985144    1.153745    1.977066
Iteration: 553 bestvalit: 166.770000 bestmemit:    0.026777    0.054588    0.058258    0.937957    0.471771    0.405285    0.223858    0.268742    0.105639    0.319697    0.269672    1.613334    0.019592    0.003390    0.008102    7.823981    9.158155    0.611861    1.915891    1.948148    1.585603    0.985144    1.153745    1.977066
Iteration: 554 bestvalit: 166.770000 bestmemit:    0.026777    0.054588    0.058258    0.937957    0.471771    0.405285    0.223858    0.268742    0.105639    0.319697    0.269672    1.613334    0.019592    0.003390    0.008102    7.823981    9.158155    0.611861    1.915891    1.948148    1.585603    0.985144    1.153745    1.977066
Iteration: 555 bestvalit: 166.725000 bestmemit:    0.026777    0.054588    0.058258    0.937957    0.471771    0.405285    0.223858    0.268742    0.105639    0.319697    0.269672    1.613334    0.019592    0.002821    0.008102    7.823981    9.158155    0.611861    1.915891    1.948148    1.585603    0.985144    1.153745    1.977066
Iteration: 556 bestvalit: 166.725000 bestmemit:    0.026777    0.054588    0.058258    0.937957    0.471771    0.405285    0.223858    0.268742    0.105639    0.319697    0.269672    1.613334    0.019592    0.002821    0.008102    7.823981    9.158155    0.611861    1.915891    1.948148    1.585603    0.985144    1.153745    1.977066
Iteration: 557 bestvalit: 166.725000 bestmemit:    0.026777    0.054588    0.058258    0.937957    0.471771    0.405285    0.223858    0.268742    0.105639    0.319697    0.269672    1.613334    0.019592    0.002821    0.008102    7.823981    9.158155    0.611861    1.915891    1.948148    1.585603    0.985144    1.153745    1.977066
Iteration: 558 bestvalit: 166.725000 bestmemit:    0.026777    0.054588    0.058258    0.937957    0.471771    0.405285    0.223858    0.268742    0.105639    0.319697    0.269672    1.613334    0.019592    0.002821    0.008102    7.823981    9.158155    0.611861    1.915891    1.948148    1.585603    0.985144    1.153745    1.977066
Iteration: 559 bestvalit: 166.725000 bestmemit:    0.026777    0.054588    0.058258    0.937957    0.471771    0.405285    0.223858    0.268742    0.105639    0.319697    0.269672    1.613334    0.019592    0.002821    0.008102    7.823981    9.158155    0.611861    1.915891    1.948148    1.585603    0.985144    1.153745    1.977066
Iteration: 560 bestvalit: 166.725000 bestmemit:    0.026777    0.054588    0.058258    0.937957    0.471771    0.405285    0.223858    0.268742    0.105639    0.319697    0.269672    1.613334    0.019592    0.002821    0.008102    7.823981    9.158155    0.611861    1.915891    1.948148    1.585603    0.985144    1.153745    1.977066
Iteration: 561 bestvalit: 166.725000 bestmemit:    0.026777    0.054588    0.058258    0.937957    0.471771    0.405285    0.223858    0.268742    0.105639    0.319697    0.269672    1.613334    0.019592    0.002821    0.008102    7.823981    9.158155    0.611861    1.915891    1.948148    1.585603    0.985144    1.153745    1.977066
Iteration: 562 bestvalit: 166.725000 bestmemit:    0.026777    0.054588    0.058258    0.937957    0.471771    0.405285    0.223858    0.268742    0.105639    0.319697    0.269672    1.613334    0.019592    0.002821    0.008102    7.823981    9.158155    0.611861    1.915891    1.948148    1.585603    0.985144    1.153745    1.977066
Iteration: 563 bestvalit: 166.725000 bestmemit:    0.026777    0.054588    0.058258    0.937957    0.471771    0.405285    0.223858    0.268742    0.105639    0.319697    0.269672    1.613334    0.019592    0.002821    0.008102    7.823981    9.158155    0.611861    1.915891    1.948148    1.585603    0.985144    1.153745    1.977066
Iteration: 564 bestvalit: 166.725000 bestmemit:    0.026777    0.054588    0.058258    0.937957    0.471771    0.405285    0.223858    0.268742    0.105639    0.319697    0.269672    1.613334    0.019592    0.002821    0.008102    7.823981    9.158155    0.611861    1.915891    1.948148    1.585603    0.985144    1.153745    1.977066
Iteration: 565 bestvalit: 166.725000 bestmemit:    0.026777    0.054588    0.058258    0.937957    0.471771    0.405285    0.223858    0.268742    0.105639    0.319697    0.269672    1.613334    0.019592    0.002821    0.008102    7.823981    9.158155    0.611861    1.915891    1.948148    1.585603    0.985144    1.153745    1.977066
Iteration: 566 bestvalit: 166.725000 bestmemit:    0.026777    0.054588    0.058258    0.937957    0.471771    0.405285    0.223858    0.268742    0.105639    0.319697    0.269672    1.613334    0.019592    0.002821    0.008102    7.823981    9.158155    0.611861    1.915891    1.948148    1.585603    0.985144    1.153745    1.977066
Iteration: 567 bestvalit: 166.725000 bestmemit:    0.026777    0.054588    0.058258    0.937957    0.471771    0.405285    0.223858    0.268742    0.105639    0.319697    0.269672    1.613334    0.019592    0.002821    0.008102    7.823981    9.158155    0.611861    1.915891    1.948148    1.585603    0.985144    1.153745    1.977066
Iteration: 568 bestvalit: 166.725000 bestmemit:    0.026777    0.054588    0.058258    0.937957    0.471771    0.405285    0.223858    0.268742    0.105639    0.319697    0.269672    1.613334    0.019592    0.002821    0.008102    7.823981    9.158155    0.611861    1.915891    1.948148    1.585603    0.985144    1.153745    1.977066
Iteration: 569 bestvalit: 166.725000 bestmemit:    0.026777    0.054588    0.058258    0.937957    0.471771    0.405285    0.223858    0.268742    0.105639    0.319697    0.269672    1.613334    0.019592    0.002821    0.008102    7.823981    9.158155    0.611861    1.915891    1.948148    1.585603    0.985144    1.153745    1.977066
Iteration: 570 bestvalit: 166.725000 bestmemit:    0.026777    0.054588    0.058258    0.937957    0.471771    0.405285    0.223858    0.268742    0.105639    0.319697    0.269672    1.613334    0.019592    0.002821    0.008102    7.823981    9.158155    0.611861    1.915891    1.948148    1.585603    0.985144    1.153745    1.977066
Iteration: 571 bestvalit: 166.725000 bestmemit:    0.026777    0.054588    0.058258    0.937957    0.471771    0.405285    0.223858    0.268742    0.105639    0.319697    0.269672    1.613334    0.019592    0.002821    0.008102    7.823981    9.158155    0.611861    1.915891    1.948148    1.585603    0.985144    1.153745    1.977066
Iteration: 572 bestvalit: 166.725000 bestmemit:    0.026777    0.054588    0.058258    0.937957    0.471771    0.405285    0.223858    0.268742    0.105639    0.319697    0.269672    1.613334    0.019592    0.002821    0.008102    7.823981    9.158155    0.611861    1.915891    1.948148    1.585603    0.985144    1.153745    1.977066
Iteration: 573 bestvalit: 166.725000 bestmemit:    0.026777    0.054588    0.058258    0.937957    0.471771    0.405285    0.223858    0.268742    0.105639    0.319697    0.269672    1.613334    0.019592    0.002821    0.008102    7.823981    9.158155    0.611861    1.915891    1.948148    1.585603    0.985144    1.153745    1.977066
Iteration: 574 bestvalit: 166.725000 bestmemit:    0.026777    0.054588    0.058258    0.937957    0.471771    0.405285    0.223858    0.268742    0.105639    0.319697    0.269672    1.613334    0.019592    0.002821    0.008102    7.823981    9.158155    0.611861    1.915891    1.948148    1.585603    0.985144    1.153745    1.977066
Iteration: 575 bestvalit: 166.725000 bestmemit:    0.026777    0.054588    0.058258    0.937957    0.471771    0.405285    0.223858    0.268742    0.105639    0.319697    0.269672    1.613334    0.019592    0.002821    0.008102    7.823981    9.158155    0.611861    1.915891    1.948148    1.585603    0.985144    1.153745    1.977066
Iteration: 576 bestvalit: 166.725000 bestmemit:    0.026777    0.054588    0.058258    0.937957    0.471771    0.405285    0.223858    0.268742    0.105639    0.319697    0.269672    1.613334    0.019592    0.002821    0.008102    7.823981    9.158155    0.611861    1.915891    1.948148    1.585603    0.985144    1.153745    1.977066
Iteration: 577 bestvalit: 166.725000 bestmemit:    0.026777    0.054588    0.058258    0.937957    0.471771    0.405285    0.223858    0.268742    0.105639    0.319697    0.269672    1.613334    0.019592    0.002821    0.008102    7.823981    9.158155    0.611861    1.915891    1.948148    1.585603    0.985144    1.153745    1.977066
Iteration: 578 bestvalit: 166.725000 bestmemit:    0.026777    0.054588    0.058258    0.937957    0.471771    0.405285    0.223858    0.268742    0.105639    0.319697    0.269672    1.613334    0.019592    0.002821    0.008102    7.823981    9.158155    0.611861    1.915891    1.948148    1.585603    0.985144    1.153745    1.977066
Iteration: 579 bestvalit: 166.725000 bestmemit:    0.026777    0.054588    0.058258    0.937957    0.471771    0.405285    0.223858    0.268742    0.105639    0.319697    0.269672    1.613334    0.019592    0.002821    0.008102    7.823981    9.158155    0.611861    1.915891    1.948148    1.585603    0.985144    1.153745    1.977066
Iteration: 580 bestvalit: 166.725000 bestmemit:    0.026777    0.054588    0.058258    0.937957    0.471771    0.405285    0.223858    0.268742    0.105639    0.319697    0.269672    1.613334    0.019592    0.002821    0.008102    7.823981    9.158155    0.611861    1.915891    1.948148    1.585603    0.985144    1.153745    1.977066
Iteration: 581 bestvalit: 166.725000 bestmemit:    0.026777    0.054588    0.058258    0.937957    0.471771    0.405285    0.223858    0.268742    0.105639    0.319697    0.269672    1.613334    0.019592    0.002821    0.008102    7.823981    9.158155    0.611861    1.915891    1.948148    1.585603    0.985144    1.152615    1.977066
Iteration: 582 bestvalit: 166.725000 bestmemit:    0.026777    0.054588    0.058258    0.937957    0.471771    0.405285    0.223858    0.268742    0.105639    0.319697    0.269672    1.613334    0.019592    0.002821    0.008102    7.823981    9.158155    0.611861    1.915891    1.948148    1.585603    0.985144    1.152615    1.977066
Iteration: 583 bestvalit: 166.725000 bestmemit:    0.026777    0.054588    0.058258    0.937957    0.471771    0.405285    0.223858    0.268742    0.105639    0.319697    0.269672    1.613334    0.019592    0.002821    0.008102    7.823981    9.158155    0.611861    1.915891    1.948148    1.585603    0.985144    1.152615    1.977066
Iteration: 584 bestvalit: 166.725000 bestmemit:    0.026777    0.054588    0.058258    0.937957    0.471771    0.405285    0.223858    0.268742    0.105639    0.319697    0.269672    1.613334    0.019592    0.002821    0.008102    7.823981    9.158155    0.611861    1.915891    1.948148    1.585603    0.985144    1.152615    1.977066
Iteration: 585 bestvalit: 166.725000 bestmemit:    0.026777    0.054588    0.058258    0.937957    0.471771    0.405285    0.223858    0.268742    0.105639    0.319697    0.269672    1.613334    0.019592    0.002821    0.008102    7.823981    9.158155    0.611861    1.915891    1.948148    1.585603    0.985144    1.152615    1.977066
Iteration: 586 bestvalit: 166.725000 bestmemit:    0.026777    0.054588    0.058258    0.937957    0.471771    0.405285    0.223858    0.268742    0.105639    0.319697    0.269672    1.613334    0.019592    0.002821    0.008102    7.823981    9.158155    0.611861    1.915891    1.948148    1.585603    0.985144    1.152615    1.977066
Iteration: 587 bestvalit: 166.725000 bestmemit:    0.026777    0.054588    0.058258    0.937957    0.471771    0.405285    0.223858    0.268742    0.105639    0.319697    0.269672    1.613334    0.019592    0.002821    0.008102    7.823981    9.158155    0.611861    1.915891    1.948148    1.585603    0.985144    1.152615    1.977066
Iteration: 588 bestvalit: 166.725000 bestmemit:    0.026777    0.054588    0.058258    0.937957    0.471771    0.405285    0.223858    0.268742    0.105639    0.319697    0.269672    1.613334    0.019592    0.002821    0.008102    7.823981    9.158155    0.611861    1.915891    1.948148    1.585603    0.985144    1.152615    1.977066
Iteration: 589 bestvalit: 166.725000 bestmemit:    0.026777    0.054588    0.058258    0.937957    0.471771    0.405285    0.223858    0.268742    0.105639    0.319697    0.269672    1.613334    0.019592    0.002821    0.008102    7.823981    9.158155    0.611861    1.915891    1.948148    1.585603    0.985144    1.152615    1.977066
Iteration: 590 bestvalit: 166.725000 bestmemit:    0.026777    0.054588    0.058258    0.937957    0.471771    0.405285    0.223858    0.268742    0.105639    0.319697    0.269672    1.613334    0.019592    0.002821    0.008102    7.823981    9.158155    0.611861    1.915891    1.948148    1.585603    0.985144    1.152615    1.977066
Iteration: 591 bestvalit: 166.725000 bestmemit:    0.026777    0.054588    0.058258    0.937957    0.471771    0.405285    0.223858    0.268742    0.105639    0.319697    0.269672    1.613334    0.019592    0.002821    0.008102    7.823981    9.158155    0.611861    1.915891    1.948148    1.585603    0.985144    1.152615    1.977066
Iteration: 592 bestvalit: 166.725000 bestmemit:    0.026777    0.054588    0.058258    0.937957    0.471771    0.405285    0.223858    0.268742    0.105639    0.319697    0.269672    1.613334    0.019592    0.002821    0.008102    7.823981    9.158155    0.611861    1.915891    1.948148    1.585603    0.985144    1.152615    1.977066
Iteration: 593 bestvalit: 166.725000 bestmemit:    0.026777    0.054588    0.058258    0.937957    0.471771    0.405285    0.223858    0.268742    0.105639    0.319697    0.269672    1.613334    0.019592    0.002821    0.008102    7.823981    9.158155    0.611861    1.915891    1.948148    1.585603    0.985144    1.152615    1.977066
Iteration: 594 bestvalit: 166.725000 bestmemit:    0.026777    0.054588    0.058258    0.937957    0.471771    0.405285    0.223858    0.268742    0.105639    0.319697    0.269672    1.613334    0.019592    0.002821    0.008102    7.823981    9.158155    0.611861    1.915891    1.948148    1.585603    0.985144    1.152615    1.977066
Iteration: 595 bestvalit: 166.725000 bestmemit:    0.026777    0.054588    0.058258    0.937957    0.471771    0.405285    0.223858    0.268742    0.105639    0.319697    0.269672    1.613334    0.019592    0.002821    0.008102    7.823981    9.158155    0.611861    1.915891    1.948148    1.585603    0.985144    1.152615    1.977066
Iteration: 596 bestvalit: 166.725000 bestmemit:    0.026777    0.054588    0.058258    0.937957    0.471771    0.405285    0.223858    0.268742    0.105639    0.319697    0.269672    1.613334    0.019592    0.002821    0.008102    7.823981    9.158155    0.611861    1.915891    1.948148    1.585603    0.985144    1.152615    1.977066
Iteration: 597 bestvalit: 166.725000 bestmemit:    0.026777    0.054588    0.058258    0.937957    0.471771    0.405285    0.223858    0.268742    0.105639    0.319697    0.269672    1.613334    0.019592    0.002821    0.008102    7.823981    9.158155    0.611861    1.915891    1.948148    1.585603    0.985144    1.152615    1.977066
Iteration: 598 bestvalit: 166.705000 bestmemit:    0.026777    0.054588    0.058258    0.937957    0.471771    0.405285    0.223858    0.268742    0.105639    0.319697    0.269672    1.613334    0.019592    0.002821    0.008102    7.823981    9.158155    0.611861    1.915891    1.948148    1.595342    0.985144    1.152615    1.977066
Iteration: 599 bestvalit: 166.705000 bestmemit:    0.026777    0.054588    0.058258    0.937957    0.471771    0.405285    0.223858    0.268742    0.105639    0.319697    0.269672    1.613334    0.019592    0.002821    0.008102    7.823981    9.158155    0.611861    1.915891    1.948148    1.595342    0.985144    1.152615    1.977066
Iteration: 600 bestvalit: 166.705000 bestmemit:    0.026777    0.054588    0.058258    0.937957    0.471771    0.405285    0.223858    0.268742    0.105639    0.319697    0.269672    1.613334    0.019592    0.002821    0.008102    7.823981    9.158155    0.611861    1.915891    1.948148    1.595342    0.985144    1.152615    1.977066
Iteration: 601 bestvalit: 166.705000 bestmemit:    0.026777    0.054588    0.058258    0.937957    0.471771    0.405285    0.223858    0.268742    0.105639    0.319697    0.269672    1.613334    0.019592    0.002821    0.008102    7.823981    9.158155    0.611861    1.915891    1.948148    1.595342    0.985144    1.152615    1.977066
Iteration: 602 bestvalit: 166.705000 bestmemit:    0.026777    0.054588    0.058258    0.937957    0.471771    0.405285    0.223858    0.268742    0.105639    0.319697    0.269672    1.613334    0.019592    0.002821    0.008102    7.823981    9.158155    0.611861    1.915891    1.948148    1.595342    0.985144    1.152615    1.977066
Iteration: 603 bestvalit: 166.705000 bestmemit:    0.026777    0.054588    0.058258    0.937957    0.471771    0.405285    0.223858    0.268742    0.105639    0.319697    0.269672    1.613334    0.019592    0.002821    0.008102    7.823981    9.158155    0.611861    1.915891    1.948148    1.595342    0.985144    1.152615    1.977066
Iteration: 604 bestvalit: 166.705000 bestmemit:    0.026777    0.054588    0.058258    0.937957    0.471771    0.405285    0.223858    0.268742    0.105639    0.319697    0.269672    1.613334    0.019592    0.002821    0.008102    7.823981    9.158155    0.611861    1.915891    1.948148    1.595342    0.985144    1.152615    1.977066
Iteration: 605 bestvalit: 166.705000 bestmemit:    0.026777    0.054588    0.058258    0.937957    0.471771    0.405285    0.223858    0.268742    0.105639    0.319697    0.269672    1.613334    0.019592    0.002821    0.008102    7.823981    9.158155    0.611861    1.915891    1.948148    1.595342    0.985144    1.152615    1.977066
Iteration: 606 bestvalit: 166.705000 bestmemit:    0.026777    0.054588    0.058258    0.937957    0.471771    0.405285    0.223858    0.268742    0.105639    0.319697    0.269672    1.613334    0.019592    0.002821    0.008102    7.823981    9.158155    0.611861    1.915891    1.948148    1.595342    0.985144    1.152615    1.977066
Iteration: 607 bestvalit: 166.705000 bestmemit:    0.026777    0.054588    0.058258    0.937957    0.471771    0.405285    0.223858    0.268742    0.105639    0.319697    0.269672    1.613334    0.019592    0.002821    0.008102    7.823981    9.158155    0.611861    1.915891    1.948148    1.595342    0.985144    1.152615    1.977066
Iteration: 608 bestvalit: 166.705000 bestmemit:    0.026777    0.054588    0.058258    0.937957    0.471771    0.405285    0.223858    0.268742    0.105639    0.319697    0.269672    1.613334    0.019592    0.002821    0.008102    7.823981    9.158155    0.611861    1.915891    1.948148    1.595342    0.985144    1.152615    1.977066
Iteration: 609 bestvalit: 166.705000 bestmemit:    0.026777    0.054588    0.058258    0.937957    0.471771    0.405285    0.223858    0.268742    0.105639    0.319697    0.269672    1.613334    0.019592    0.002821    0.008102    7.823981    9.158155    0.611861    1.915891    1.948148    1.595342    0.985144    1.152615    1.977066
Iteration: 610 bestvalit: 166.705000 bestmemit:    0.026777    0.054588    0.058258    0.937957    0.471771    0.405285    0.223858    0.268742    0.105639    0.319697    0.269672    1.613334    0.019592    0.002821    0.008102    7.823981    9.158155    0.611861    1.915891    1.948148    1.595342    0.985144    1.152615    1.977066
Iteration: 611 bestvalit: 166.705000 bestmemit:    0.026777    0.054588    0.058258    0.937957    0.471771    0.405285    0.223858    0.268742    0.105639    0.319697    0.269672    1.613334    0.019592    0.002821    0.008102    7.823981    9.158155    0.611861    1.915891    1.948148    1.595342    0.985144    1.152615    1.977066
Iteration: 612 bestvalit: 166.705000 bestmemit:    0.026777    0.054588    0.058258    0.937957    0.471771    0.405285    0.223858    0.268742    0.105639    0.319697    0.269672    1.613334    0.019592    0.002821    0.008102    7.823981    9.158155    0.611861    1.915891    1.948148    1.595342    0.985144    1.152615    1.977066
Iteration: 613 bestvalit: 166.705000 bestmemit:    0.026777    0.054588    0.058258    0.937957    0.471771    0.405285    0.223858    0.268742    0.105639    0.319697    0.269672    1.613334    0.019592    0.002821    0.008102    7.823981    9.158155    0.611861    1.915891    1.948148    1.595342    0.985144    1.152615    1.977066
Iteration: 614 bestvalit: 166.705000 bestmemit:    0.026777    0.054588    0.058258    0.937957    0.471771    0.405285    0.223858    0.268742    0.105639    0.319697    0.269672    1.613334    0.019592    0.002821    0.008102    7.823981    9.158155    0.611861    1.915891    1.948148    1.595342    0.985144    1.152615    1.977066
Iteration: 615 bestvalit: 166.705000 bestmemit:    0.026777    0.054588    0.058258    0.937957    0.471771    0.405285    0.223858    0.268742    0.105639    0.319697    0.269672    1.613334    0.019592    0.002821    0.008102    7.823981    9.158155    0.611861    1.915891    1.948148    1.595342    0.985144    1.152615    1.977066
Iteration: 616 bestvalit: 166.705000 bestmemit:    0.026777    0.054588    0.058258    0.937957    0.471771    0.405285    0.223858    0.268742    0.105639    0.319697    0.269672    1.613334    0.019592    0.002821    0.008102    7.823981    9.158155    0.611861    1.915891    1.948148    1.595342    0.985144    1.152615    1.977066
Iteration: 617 bestvalit: 166.705000 bestmemit:    0.026777    0.054588    0.058258    0.937957    0.471771    0.405285    0.223858    0.268742    0.105639    0.319697    0.269672    1.613334    0.019592    0.002821    0.008102    7.823981    9.158155    0.611861    1.915891    1.948148    1.595342    0.985144    1.152615    1.977066
Iteration: 618 bestvalit: 166.705000 bestmemit:    0.026777    0.054588    0.058258    0.937957    0.471771    0.405285    0.223858    0.268742    0.105639    0.319697    0.269672    1.613334    0.019592    0.002821    0.008102    7.823981    9.158155    0.611861    1.915891    1.948148    1.595342    0.985144    1.152615    1.977066
Iteration: 619 bestvalit: 166.705000 bestmemit:    0.026777    0.054588    0.058258    0.937957    0.471771    0.405285    0.223858    0.268742    0.105639    0.319697    0.269672    1.613334    0.019592    0.002821    0.008102    7.823981    9.158155    0.611861    1.915891    1.948148    1.595342    0.985144    1.152615    1.977066
Iteration: 620 bestvalit: 166.705000 bestmemit:    0.026777    0.054588    0.058258    0.937957    0.471771    0.405285    0.223858    0.268742    0.105639    0.319697    0.269672    1.613334    0.019592    0.002821    0.008102    7.823981    9.158155    0.611861    1.915891    1.948148    1.595342    0.985144    1.152615    1.977066
Iteration: 621 bestvalit: 166.705000 bestmemit:    0.026777    0.054588    0.058258    0.937957    0.471771    0.405285    0.223858    0.268742    0.105639    0.319697    0.269672    1.613334    0.019592    0.002821    0.008102    7.823981    9.158155    0.611861    1.915891    1.948148    1.595342    0.985144    1.152615    1.977066
Iteration: 622 bestvalit: 166.705000 bestmemit:    0.026777    0.054588    0.058258    0.937957    0.471771    0.405285    0.223858    0.268742    0.105639    0.319697    0.269672    1.613334    0.019592    0.002821    0.008102    7.823981    9.158155    0.611861    1.915891    1.948148    1.595342    0.985144    1.152615    1.977066
Iteration: 623 bestvalit: 166.705000 bestmemit:    0.026777    0.054588    0.058258    0.937957    0.471771    0.405285    0.223858    0.268742    0.105639    0.319697    0.269672    1.613334    0.019592    0.002821    0.008102    7.823981    9.158155    0.611861    1.915891    1.948148    1.595342    0.985144    1.152615    1.977066
Iteration: 624 bestvalit: 166.705000 bestmemit:    0.026777    0.054588    0.058258    0.937957    0.471771    0.405285    0.223858    0.268742    0.105639    0.319697    0.269672    1.613334    0.019592    0.002821    0.008102    7.823981    9.158155    0.611861    1.915891    1.948148    1.595342    0.985144    1.152615    1.977066
Iteration: 625 bestvalit: 166.705000 bestmemit:    0.026777    0.054588    0.058258    0.937957    0.471771    0.405285    0.223858    0.268742    0.105639    0.319697    0.269672    1.613334    0.019592    0.002821    0.008102    7.823981    9.158155    0.611861    1.915891    1.948148    1.595342    0.985144    1.152615    1.977066
Iteration: 626 bestvalit: 166.705000 bestmemit:    0.026777    0.054588    0.058258    0.937957    0.471771    0.405285    0.223858    0.268742    0.105639    0.319697    0.269672    1.613334    0.019592    0.002821    0.008102    7.823981    9.158155    0.611861    1.915891    1.948148    1.595342    0.985144    1.152615    1.977066
Iteration: 627 bestvalit: 166.705000 bestmemit:    0.026777    0.054588    0.058258    0.937957    0.471771    0.405285    0.223858    0.268742    0.105639    0.319697    0.269672    1.613334    0.019592    0.002821    0.008102    7.823981    9.158155    0.611861    1.915891    1.948148    1.595342    0.985144    1.152615    1.977066
Iteration: 628 bestvalit: 166.705000 bestmemit:    0.026777    0.054588    0.058258    0.937957    0.471771    0.405285    0.223858    0.268742    0.105639    0.319697    0.269672    1.613334    0.019592    0.002821    0.008102    7.823981    9.158155    0.611861    1.915891    1.948148    1.595342    0.985144    1.152615    1.977066
Iteration: 629 bestvalit: 166.705000 bestmemit:    0.026777    0.054588    0.058258    0.937957    0.471771    0.405285    0.223858    0.268742    0.105639    0.319697    0.269672    1.613334    0.019592    0.002821    0.008102    7.823981    9.158155    0.611861    1.915891    1.948148    1.595342    0.985144    1.152615    1.977066
Iteration: 630 bestvalit: 166.705000 bestmemit:    0.026777    0.054588    0.058258    0.937957    0.471771    0.405285    0.223858    0.268742    0.105639    0.319697    0.269672    1.613334    0.019592    0.002821    0.008102    7.823981    9.158155    0.611861    1.915891    1.948148    1.595342    0.985144    1.152615    1.977066
Iteration: 631 bestvalit: 166.705000 bestmemit:    0.026777    0.054588    0.058258    0.937957    0.471771    0.405285    0.223858    0.268742    0.105639    0.319697    0.269672    1.613334    0.019592    0.002821    0.008102    7.823981    9.158155    0.611861    1.915891    1.948148    1.595342    0.985144    1.152615    1.977066
Iteration: 632 bestvalit: 166.705000 bestmemit:    0.026777    0.054588    0.058258    0.937957    0.471771    0.405285    0.223858    0.268742    0.105639    0.319697    0.269672    1.613334    0.019592    0.002821    0.008102    7.823981    9.158155    0.611861    1.915891    1.948148    1.595342    0.985144    1.152615    1.977066
Iteration: 633 bestvalit: 166.705000 bestmemit:    0.026777    0.054588    0.058258    0.937957    0.471771    0.405285    0.223858    0.268742    0.105639    0.319697    0.269672    1.613334    0.019592    0.002821    0.008102    7.823981    9.158155    0.611861    1.915891    1.948148    1.595342    0.985144    1.152615    1.977066
Iteration: 634 bestvalit: 166.705000 bestmemit:    0.026777    0.054588    0.058258    0.937957    0.471771    0.405285    0.223858    0.268742    0.105639    0.319697    0.269672    1.613334    0.019592    0.002821    0.008102    7.823981    9.158155    0.611861    1.915891    1.948148    1.595342    0.985144    1.152615    1.977066
Iteration: 635 bestvalit: 166.705000 bestmemit:    0.026777    0.054588    0.058258    0.937957    0.471771    0.405285    0.223858    0.268742    0.105639    0.319697    0.269672    1.613334    0.019592    0.002821    0.008102    7.823981    9.158155    0.611861    1.915891    1.948148    1.595342    0.985144    1.152615    1.977066
Iteration: 636 bestvalit: 166.705000 bestmemit:    0.026777    0.054588    0.058258    0.937957    0.471771    0.405285    0.223858    0.268742    0.105639    0.319697    0.269672    1.613334    0.019592    0.002821    0.008102    7.823981    9.158155    0.611861    1.915891    1.948148    1.595342    0.985144    1.152615    1.977066
Iteration: 637 bestvalit: 166.705000 bestmemit:    0.026777    0.054588    0.058258    0.937957    0.471771    0.405285    0.223858    0.268742    0.105639    0.319697    0.269672    1.613334    0.019592    0.002821    0.008102    7.823981    9.158155    0.611861    1.915891    1.948148    1.595342    0.985144    1.152615    1.977066
Iteration: 638 bestvalit: 165.530000 bestmemit:    0.026777    0.054588    0.058258    0.937957    0.471771    0.405285    0.223858    0.268742    0.105639    0.319697    0.269672    1.613334    0.020725    0.002821    0.008102    7.823981    9.158155    0.611861    1.915891    1.948148    1.595342    0.985144    1.152615    1.977066
Iteration: 639 bestvalit: 165.530000 bestmemit:    0.026777    0.054588    0.058258    0.937957    0.471771    0.405285    0.223858    0.268742    0.105639    0.319697    0.269672    1.613334    0.020725    0.002821    0.008102    7.823981    9.158155    0.611861    1.915891    1.948148    1.595342    0.985144    1.152615    1.977066
Iteration: 640 bestvalit: 165.530000 bestmemit:    0.026777    0.054588    0.058258    0.937957    0.471771    0.405285    0.223858    0.268742    0.105639    0.319697    0.269672    1.613334    0.020725    0.002821    0.008102    7.823981    9.158155    0.611861    1.915891    1.948148    1.595342    0.985144    1.152615    1.977066
Iteration: 641 bestvalit: 165.530000 bestmemit:    0.026777    0.054588    0.058258    0.937957    0.471771    0.405285    0.223858    0.268742    0.105639    0.319697    0.269672    1.613334    0.020725    0.002821    0.008102    7.823981    9.158155    0.611861    1.915891    1.948148    1.595342    0.985144    1.152615    1.977066
Iteration: 642 bestvalit: 165.530000 bestmemit:    0.026777    0.054588    0.058258    0.937957    0.471771    0.405285    0.223858    0.268742    0.105639    0.319697    0.269672    1.613334    0.020725    0.002821    0.008102    7.823981    9.158155    0.611861    1.915891    1.948148    1.595342    0.985144    1.152615    1.977066
Iteration: 643 bestvalit: 165.530000 bestmemit:    0.026777    0.054588    0.058258    0.937957    0.471771    0.405285    0.223858    0.268742    0.105639    0.319697    0.269672    1.613334    0.020725    0.002821    0.008102    7.823981    9.158155    0.611861    1.915891    1.948148    1.595342    0.985144    1.152615    1.977066
Iteration: 644 bestvalit: 165.530000 bestmemit:    0.026777    0.054588    0.058258    0.937957    0.471771    0.405285    0.223858    0.268742    0.105639    0.319697    0.269672    1.613334    0.020725    0.002821    0.008102    7.823981    9.158155    0.611861    1.915891    1.948148    1.595342    0.985144    1.152615    1.977066
Iteration: 645 bestvalit: 165.530000 bestmemit:    0.026777    0.054588    0.058258    0.937957    0.471771    0.405285    0.223858    0.268742    0.105639    0.319697    0.269672    1.613334    0.020725    0.002821    0.008102    7.823981    9.158155    0.611861    1.915891    1.948148    1.595342    0.985144    1.152615    1.977066
Iteration: 646 bestvalit: 165.530000 bestmemit:    0.026777    0.054588    0.058258    0.937957    0.471771    0.405285    0.223858    0.268742    0.105639    0.319697    0.269672    1.613334    0.020725    0.002821    0.008102    7.823981    9.158155    0.611861    1.915891    1.948148    1.595342    0.985144    1.152615    1.977066
Iteration: 647 bestvalit: 165.530000 bestmemit:    0.026777    0.054588    0.058258    0.937957    0.471771    0.405285    0.223858    0.268742    0.105639    0.319697    0.269672    1.613334    0.020725    0.002821    0.008102    7.823981    9.158155    0.611861    1.915891    1.948148    1.595342    0.985144    1.152615    1.977066
Iteration: 648 bestvalit: 165.530000 bestmemit:    0.026777    0.054588    0.058258    0.937957    0.471771    0.405285    0.223858    0.268742    0.105639    0.319697    0.269672    1.613334    0.020725    0.002821    0.008102    7.823981    9.158155    0.611861    1.915891    1.948148    1.595342    0.985144    1.152615    1.977066
Iteration: 649 bestvalit: 165.530000 bestmemit:    0.026777    0.054588    0.058258    0.937957    0.471771    0.405285    0.223858    0.268742    0.105639    0.319697    0.269672    1.613334    0.020725    0.002821    0.008102    7.823981    9.158155    0.611861    1.915891    1.948148    1.595342    0.985144    1.152615    1.977066
Iteration: 650 bestvalit: 163.900000 bestmemit:    0.026777    0.054588    0.058258    0.937957    0.471771    0.405285    0.223858    0.268742    0.105639    0.319697    0.269672    1.613334    0.020725    0.002821    0.008102    7.823981    9.158155    0.611861    1.915891    1.948148    1.595342    0.985144    1.152615    2.019791
Iteration: 651 bestvalit: 163.900000 bestmemit:    0.026777    0.054588    0.058258    0.937957    0.471771    0.405285    0.223858    0.268742    0.105639    0.319697    0.269672    1.613334    0.020725    0.002821    0.008102    7.823981    9.158155    0.611861    1.915891    1.948148    1.595342    0.985144    1.152615    2.019791
Iteration: 652 bestvalit: 163.900000 bestmemit:    0.026777    0.054588    0.058258    0.937957    0.471771    0.405285    0.223858    0.268742    0.105639    0.319697    0.269672    1.613334    0.020725    0.002821    0.008102    7.823981    9.158155    0.611861    1.915891    1.948148    1.595342    0.985144    1.152615    2.019791
Iteration: 653 bestvalit: 163.900000 bestmemit:    0.026777    0.054588    0.058258    0.937957    0.471771    0.405285    0.223858    0.268742    0.105639    0.319697    0.269672    1.613334    0.020725    0.002821    0.008102    7.823981    9.158155    0.611861    1.915891    1.948148    1.595342    0.985144    1.152615    2.019791
Iteration: 654 bestvalit: 163.900000 bestmemit:    0.026777    0.054588    0.058258    0.937957    0.471771    0.405285    0.223858    0.268742    0.105639    0.319697    0.269672    1.613334    0.020725    0.002821    0.008102    7.823981    9.158155    0.611861    1.915891    1.948148    1.595342    0.985144    1.152615    2.019791
Iteration: 655 bestvalit: 163.710000 bestmemit:    0.026777    0.054588    0.058258    0.937957    0.471771    0.405285    0.223858    0.268742    0.105639    0.319697    0.269672    1.613334    0.020725    0.002821    0.008102    7.823981    9.888459    0.611861    1.915891    1.948148    1.595342    0.985144    1.152615    2.019791
Iteration: 656 bestvalit: 163.710000 bestmemit:    0.026777    0.054588    0.058258    0.937957    0.471771    0.405285    0.223858    0.268742    0.105639    0.319697    0.269672    1.613334    0.020725    0.002821    0.008102    7.823981    9.888459    0.611861    1.915891    1.948148    1.595342    0.985144    1.152615    2.019791
Iteration: 657 bestvalit: 163.710000 bestmemit:    0.026777    0.054588    0.058258    0.937957    0.471771    0.405285    0.223858    0.268742    0.105639    0.319697    0.269672    1.613334    0.020725    0.002821    0.008102    7.823981    9.888459    0.611861    1.915891    1.948148    1.595342    0.985144    1.152615    2.019791
Iteration: 658 bestvalit: 163.710000 bestmemit:    0.026777    0.054588    0.058258    0.937957    0.471771    0.405285    0.223858    0.268742    0.105639    0.319697    0.269672    1.613334    0.020725    0.002821    0.008102    7.823981    9.888459    0.611861    1.915891    1.948148    1.595342    0.985144    1.152615    2.019791
Iteration: 659 bestvalit: 163.710000 bestmemit:    0.026777    0.054588    0.058258    0.937957    0.471771    0.405285    0.223858    0.268742    0.105639    0.319697    0.269672    1.613334    0.020725    0.002821    0.008102    7.823981    9.888459    0.611861    1.915891    1.948148    1.595342    0.985144    1.152615    2.019791
Iteration: 660 bestvalit: 163.710000 bestmemit:    0.026777    0.054588    0.058258    0.937957    0.471771    0.405285    0.223858    0.268742    0.105639    0.319697    0.269672    1.613334    0.020725    0.002821    0.008102    7.823981    9.888459    0.611861    1.915891    1.948148    1.595342    0.985144    1.152615    2.019791
Iteration: 661 bestvalit: 163.710000 bestmemit:    0.026777    0.054588    0.058258    0.937957    0.471771    0.405285    0.223858    0.268742    0.105639    0.319697    0.269672    1.613334    0.020725    0.002821    0.008102    7.823981    9.888459    0.611861    1.915891    1.948148    1.595342    0.985144    1.152615    2.019791
Iteration: 662 bestvalit: 163.710000 bestmemit:    0.026777    0.054588    0.058258    0.937957    0.471771    0.405285    0.223858    0.268742    0.105639    0.319697    0.269672    1.613334    0.020725    0.002821    0.008102    7.823981    9.888459    0.611861    1.915891    1.948148    1.595342    0.985144    1.152615    2.019791
Iteration: 663 bestvalit: 163.710000 bestmemit:    0.026777    0.054588    0.058258    0.937957    0.471771    0.405285    0.223858    0.268742    0.105639    0.319697    0.269672    1.613334    0.020725    0.002821    0.008102    7.823981    9.888459    0.611861    1.915891    1.948148    1.595342    0.985144    1.152615    2.019791
Iteration: 664 bestvalit: 163.710000 bestmemit:    0.026777    0.054588    0.058258    0.937957    0.471771    0.405285    0.223858    0.268742    0.105639    0.319697    0.269672    1.613334    0.020725    0.002821    0.008102    7.823981    9.888459    0.611861    1.915891    1.948148    1.595342    0.985144    1.152615    2.019791
Iteration: 665 bestvalit: 163.710000 bestmemit:    0.026777    0.054588    0.058258    0.937957    0.471771    0.405285    0.223858    0.268742    0.105639    0.319697    0.269672    1.613334    0.020725    0.002821    0.008102    7.823981    9.888459    0.611861    1.915891    1.948148    1.595342    0.985144    1.152615    2.019791
Iteration: 666 bestvalit: 163.710000 bestmemit:    0.026777    0.054588    0.058258    0.937957    0.471771    0.405285    0.223858    0.268742    0.105639    0.319697    0.269672    1.613334    0.020725    0.002821    0.008102    7.823981    9.888459    0.611861    1.915891    1.948148    1.595342    0.985144    1.152615    2.019791
Iteration: 667 bestvalit: 163.710000 bestmemit:    0.026777    0.054588    0.058258    0.937957    0.471771    0.405285    0.223858    0.268742    0.105639    0.319697    0.269672    1.613334    0.020725    0.002821    0.008102    7.823981    9.888459    0.611861    1.915891    1.948148    1.595342    0.985144    1.152615    2.019791
Iteration: 668 bestvalit: 163.710000 bestmemit:    0.026777    0.054588    0.058258    0.937957    0.471771    0.405285    0.223858    0.268742    0.105639    0.319697    0.269672    1.613334    0.020725    0.002821    0.008102    7.823981    9.888459    0.611861    1.915891    1.948148    1.595342    0.985144    1.152615    2.019791
Iteration: 669 bestvalit: 163.710000 bestmemit:    0.026777    0.054588    0.058258    0.937957    0.471771    0.405285    0.223858    0.268742    0.105639    0.319697    0.269672    1.613334    0.020725    0.002821    0.008102    7.823981    9.888459    0.611861    1.915891    1.948148    1.595342    0.985144    1.152615    2.019791
Iteration: 670 bestvalit: 163.415000 bestmemit:    0.026777    0.054588    0.058258    0.937957    0.471771    0.405285    0.223858    0.268742    0.105639    0.319697    0.269672    1.613334    0.020725    0.002821    0.008102    7.823981    9.888459    0.611861    1.915891    1.948148    1.595342    0.991219    1.152615    2.019791
Iteration: 671 bestvalit: 163.415000 bestmemit:    0.026777    0.054588    0.058258    0.937957    0.471771    0.405285    0.223858    0.268742    0.105639    0.319697    0.269672    1.613334    0.020725    0.002821    0.008102    7.823981    9.888459    0.611861    1.915891    1.948148    1.595342    0.991219    1.152615    2.019791
Iteration: 672 bestvalit: 163.415000 bestmemit:    0.026777    0.054588    0.058258    0.937957    0.471771    0.405285    0.223858    0.268742    0.105639    0.319697    0.269672    1.613334    0.020725    0.002821    0.008102    7.823981    9.888459    0.611861    1.915891    1.948148    1.595342    0.991219    1.152615    2.019791
Iteration: 673 bestvalit: 163.415000 bestmemit:    0.026777    0.054588    0.058258    0.937957    0.471771    0.405285    0.223858    0.268742    0.105639    0.319697    0.269672    1.613334    0.020725    0.002821    0.008102    7.823981    9.888459    0.611861    1.915891    1.948148    1.595342    0.991219    1.152615    2.019791
Iteration: 674 bestvalit: 163.415000 bestmemit:    0.026777    0.054588    0.058258    0.937957    0.471771    0.405285    0.223858    0.268742    0.105639    0.319697    0.269672    1.613334    0.020725    0.002821    0.008102    7.823981    9.888459    0.611861    1.915891    1.948148    1.595342    0.991219    1.152615    2.019791
Iteration: 675 bestvalit: 163.415000 bestmemit:    0.026777    0.054588    0.058258    0.937957    0.471771    0.405285    0.223858    0.268742    0.105639    0.319697    0.269672    1.613334    0.020725    0.002821    0.008102    7.823981    9.888459    0.611861    1.915891    1.948148    1.595342    0.991219    1.152615    2.019791
Iteration: 676 bestvalit: 163.415000 bestmemit:    0.026777    0.054588    0.058258    0.937957    0.471771    0.405285    0.223858    0.268742    0.105639    0.319697    0.269672    1.613334    0.020725    0.002821    0.008102    7.823981    9.888459    0.611861    1.915891    1.948148    1.595342    0.991219    1.152615    2.019791
Iteration: 677 bestvalit: 163.415000 bestmemit:    0.026777    0.054588    0.058258    0.937957    0.471771    0.405285    0.223858    0.268742    0.105639    0.319697    0.269672    1.613334    0.020725    0.002821    0.008102    7.823981    9.888459    0.611861    1.915891    1.948148    1.595342    0.991219    1.152615    2.019791
Iteration: 678 bestvalit: 163.415000 bestmemit:    0.026777    0.054588    0.058258    0.937957    0.471771    0.405285    0.223858    0.268742    0.105639    0.319697    0.269672    1.613334    0.020725    0.002821    0.008102    7.823981    9.888459    0.611861    1.915891    1.948148    1.595342    0.991219    1.152615    2.019791
Iteration: 679 bestvalit: 163.415000 bestmemit:    0.026777    0.054588    0.058258    0.937957    0.471771    0.405285    0.223858    0.268742    0.105639    0.319697    0.269672    1.613334    0.020725    0.002821    0.008102    7.823981    9.888459    0.611861    1.915891    1.948148    1.595342    0.991219    1.152615    2.019791
Iteration: 680 bestvalit: 163.415000 bestmemit:    0.026777    0.054588    0.058258    0.937957    0.471771    0.405285    0.223858    0.268742    0.105639    0.319697    0.269672    1.613334    0.020725    0.002821    0.008102    7.823981    9.888459    0.611861    1.915891    1.948148    1.595342    0.991219    1.152615    2.019791
Iteration: 681 bestvalit: 163.415000 bestmemit:    0.026777    0.054588    0.058258    0.937957    0.471771    0.405285    0.223858    0.268742    0.105639    0.319697    0.269672    1.613334    0.020725    0.002821    0.008102    7.823981    9.888459    0.611861    1.915891    1.948148    1.595342    0.991219    1.152615    2.019791
Iteration: 682 bestvalit: 163.415000 bestmemit:    0.026777    0.054588    0.058258    0.937957    0.471771    0.405285    0.223858    0.268742    0.105639    0.319697    0.269672    1.613334    0.020725    0.002821    0.008102    7.823981    9.888459    0.611861    1.915891    1.948148    1.595342    0.991219    1.152615    2.019791
Iteration: 683 bestvalit: 163.415000 bestmemit:    0.026777    0.054588    0.058258    0.937957    0.471771    0.405285    0.223858    0.268742    0.105639    0.319697    0.269672    1.613334    0.020725    0.002821    0.008102    7.823981    9.888459    0.611861    1.915891    1.948148    1.595342    0.991219    1.152615    2.019791
Iteration: 684 bestvalit: 163.415000 bestmemit:    0.026777    0.054588    0.058258    0.937957    0.471771    0.405285    0.223858    0.268742    0.105639    0.319697    0.269672    1.613334    0.020725    0.002821    0.008102    7.823981    9.888459    0.611861    1.915891    1.948148    1.595342    0.991219    1.152615    2.019791
Iteration: 685 bestvalit: 163.415000 bestmemit:    0.026777    0.054588    0.058258    0.937957    0.471771    0.405285    0.223858    0.268742    0.105639    0.319697    0.269672    1.613334    0.020725    0.002821    0.008102    7.823981    9.888459    0.611861    1.915891    1.948148    1.595342    0.991219    1.152615    2.019791
Iteration: 686 bestvalit: 163.415000 bestmemit:    0.026777    0.054588    0.058258    0.937957    0.471771    0.405285    0.223858    0.268742    0.105639    0.319697    0.269672    1.613334    0.020725    0.002821    0.008102    7.823981    9.888459    0.611861    1.915891    1.948148    1.595342    0.991219    1.152615    2.019791
Iteration: 687 bestvalit: 163.415000 bestmemit:    0.026777    0.054588    0.058258    0.937957    0.471771    0.405285    0.223858    0.268742    0.105639    0.319697    0.269672    1.613334    0.020725    0.002821    0.008102    7.823981    9.888459    0.611861    1.915891    1.948148    1.595342    0.991219    1.152615    2.019791
Iteration: 688 bestvalit: 163.415000 bestmemit:    0.026777    0.054588    0.058258    0.937957    0.471771    0.405285    0.223858    0.268742    0.105639    0.319697    0.269672    1.613334    0.020725    0.002821    0.008102    7.823981    9.888459    0.611861    1.915891    1.948148    1.595342    0.991219    1.152615    2.019791
Iteration: 689 bestvalit: 163.415000 bestmemit:    0.026777    0.054588    0.058258    0.937957    0.471771    0.405285    0.223858    0.268742    0.105639    0.319697    0.269672    1.613334    0.020725    0.002821    0.008102    7.823981    9.888459    0.611861    1.915891    1.948148    1.595342    0.991219    1.152615    2.019791
Iteration: 690 bestvalit: 163.415000 bestmemit:    0.026777    0.054588    0.058258    0.937957    0.471771    0.405285    0.223858    0.268742    0.105639    0.319697    0.269672    1.613334    0.020725    0.002821    0.008102    7.823981    9.888459    0.611861    1.915891    1.948148    1.595342    0.991219    1.152615    2.019791
Iteration: 691 bestvalit: 163.415000 bestmemit:    0.026777    0.054588    0.058258    0.937957    0.471771    0.405285    0.223858    0.268742    0.105639    0.319697    0.269672    1.613334    0.020725    0.002821    0.008102    7.823981    9.888459    0.611861    1.915891    1.948148    1.595342    0.991219    1.152615    2.019791
Iteration: 692 bestvalit: 163.415000 bestmemit:    0.026777    0.054588    0.058258    0.937957    0.471771    0.405285    0.223858    0.268742    0.105639    0.319697    0.269672    1.613334    0.020725    0.002821    0.008102    7.823981    9.888459    0.611861    1.915891    1.948148    1.595342    0.991219    1.152615    2.019791
Iteration: 693 bestvalit: 163.415000 bestmemit:    0.026777    0.054588    0.058258    0.937957    0.471771    0.405285    0.223858    0.268742    0.105639    0.319697    0.269672    1.613334    0.020725    0.002821    0.008102    7.823981    9.888459    0.611861    1.915891    1.948148    1.595342    0.991219    1.152615    2.019791
Iteration: 694 bestvalit: 163.415000 bestmemit:    0.026777    0.054588    0.058258    0.937957    0.471771    0.405285    0.223858    0.268742    0.105639    0.319697    0.269672    1.613334    0.020725    0.002821    0.008102    7.823981    9.888459    0.611861    1.915891    1.948148    1.595342    0.991219    1.152615    2.019791
Iteration: 695 bestvalit: 163.415000 bestmemit:    0.026777    0.054588    0.058258    0.937957    0.471771    0.405285    0.223858    0.268742    0.105639    0.319697    0.269672    1.613334    0.020725    0.002821    0.008102    7.823981    9.888459    0.611861    1.915891    1.948148    1.595342    0.991219    1.152615    2.019791
Iteration: 696 bestvalit: 163.415000 bestmemit:    0.026777    0.054588    0.058258    0.937957    0.471771    0.405285    0.223858    0.268742    0.105639    0.319697    0.269672    1.613334    0.020725    0.002821    0.008102    7.823981    9.888459    0.611861    1.915891    1.948148    1.595342    0.991219    1.152615    2.019791
Iteration: 697 bestvalit: 163.415000 bestmemit:    0.026777    0.054588    0.058258    0.937957    0.471771    0.405285    0.223858    0.268742    0.105639    0.319697    0.269672    1.613334    0.020725    0.002821    0.008102    7.823981    9.888459    0.611861    1.915891    1.948148    1.595342    0.991219    1.152615    2.019791
Iteration: 698 bestvalit: 163.415000 bestmemit:    0.026777    0.054588    0.058258    0.937957    0.471771    0.405285    0.223858    0.268742    0.105639    0.319697    0.269672    1.613334    0.020725    0.002821    0.008102    7.823981    9.888459    0.611861    1.915891    1.948148    1.595342    0.991219    1.152615    2.019791
Iteration: 699 bestvalit: 163.415000 bestmemit:    0.026777    0.054588    0.058258    0.937957    0.471771    0.405285    0.223858    0.268742    0.105639    0.319697    0.269672    1.613334    0.020725    0.002821    0.008102    7.823981    9.888459    0.611861    1.915891    1.948148    1.595342    0.991219    1.152615    2.019791
Iteration: 700 bestvalit: 163.415000 bestmemit:    0.026777    0.054588    0.058258    0.937957    0.471771    0.405285    0.223858    0.268742    0.105639    0.319697    0.269672    1.613334    0.020725    0.002821    0.008102    7.823981    9.888459    0.611861    1.915891    1.948148    1.595342    0.991219    1.152615    2.019791
Iteration: 701 bestvalit: 163.415000 bestmemit:    0.026777    0.054588    0.058258    0.937957    0.471771    0.405285    0.223858    0.268742    0.105639    0.319697    0.269672    1.613334    0.020725    0.002821    0.008102    7.823981    9.888459    0.611861    1.915891    1.948148    1.595342    0.991219    1.152615    2.019791
Iteration: 702 bestvalit: 163.415000 bestmemit:    0.026777    0.054588    0.058258    0.937957    0.471771    0.405285    0.223858    0.268742    0.105639    0.319697    0.269672    1.613334    0.020725    0.002821    0.008102    7.823981    9.888459    0.611861    1.915891    1.948148    1.595342    0.991219    1.152615    2.019791
Iteration: 703 bestvalit: 163.415000 bestmemit:    0.026777    0.054588    0.058258    0.937957    0.471771    0.405285    0.223858    0.268742    0.105639    0.319697    0.269672    1.613334    0.020725    0.002821    0.008102    7.823981    9.888459    0.611861    1.915891    1.948148    1.595342    0.991219    1.152615    2.019791
Iteration: 704 bestvalit: 163.415000 bestmemit:    0.026777    0.054588    0.058258    0.937957    0.471771    0.405285    0.223858    0.268742    0.105639    0.319697    0.269672    1.613334    0.020725    0.002821    0.008102    7.823981    9.888459    0.611861    1.915891    1.948148    1.595342    0.991219    1.152615    2.019791
Iteration: 705 bestvalit: 163.415000 bestmemit:    0.026777    0.054588    0.058258    0.937957    0.471771    0.405285    0.223858    0.268742    0.105639    0.319697    0.269672    1.613334    0.020725    0.002821    0.008102    7.823981    9.888459    0.611861    1.915891    1.948148    1.595342    0.991219    1.152615    2.019791
Iteration: 706 bestvalit: 163.415000 bestmemit:    0.026777    0.054588    0.058258    0.937957    0.471771    0.405285    0.223858    0.268742    0.105639    0.319697    0.269672    1.613334    0.020725    0.002821    0.008102    7.823981    9.888459    0.611861    1.915891    1.948148    1.595342    0.991219    1.152615    2.019791
Iteration: 707 bestvalit: 163.415000 bestmemit:    0.026777    0.054588    0.058258    0.937957    0.471771    0.405285    0.223858    0.268742    0.105639    0.319697    0.269672    1.613334    0.020725    0.002821    0.008102    7.823981    9.888459    0.611861    1.915891    1.948148    1.595342    0.991219    1.152615    2.019791
Iteration: 708 bestvalit: 163.415000 bestmemit:    0.026777    0.054588    0.058258    0.937957    0.471771    0.405285    0.223858    0.268742    0.105639    0.319697    0.269672    1.613334    0.020725    0.002821    0.008102    7.823981    9.888459    0.611861    1.915891    1.948148    1.595342    0.991219    1.152615    2.019791
Iteration: 709 bestvalit: 163.415000 bestmemit:    0.026777    0.054588    0.058258    0.937957    0.471771    0.405285    0.223858    0.268742    0.105639    0.319697    0.269672    1.613334    0.020725    0.002821    0.008102    7.823981    9.888459    0.611861    1.915891    1.948148    1.595342    0.991219    1.152615    2.019791
Iteration: 710 bestvalit: 163.415000 bestmemit:    0.026777    0.054588    0.058258    0.937957    0.471771    0.405285    0.223858    0.268742    0.105639    0.319697    0.269672    1.613334    0.020725    0.002821    0.008102    7.823981    9.888459    0.611861    1.915891    1.948148    1.595342    0.991219    1.152615    2.019791
Iteration: 711 bestvalit: 163.415000 bestmemit:    0.026777    0.054588    0.058258    0.937957    0.471771    0.405285    0.223858    0.268742    0.105639    0.319697    0.269672    1.613334    0.020725    0.002821    0.008102    7.823981    9.888459    0.611861    1.915891    1.948148    1.595342    0.991219    1.152615    2.019791
Iteration: 712 bestvalit: 163.415000 bestmemit:    0.026777    0.054588    0.058258    0.937957    0.471771    0.405285    0.223858    0.268742    0.105639    0.319697    0.269672    1.613334    0.020725    0.002821    0.008102    7.823981    9.888459    0.611861    1.915891    1.948148    1.595342    0.991219    1.152615    2.019791
Iteration: 713 bestvalit: 163.415000 bestmemit:    0.026777    0.054588    0.058258    0.937957    0.471771    0.405285    0.223858    0.268742    0.105639    0.319697    0.269672    1.613334    0.020725    0.002821    0.008102    7.823981    9.888459    0.611861    1.915891    1.948148    1.595342    0.991219    1.152615    2.019791
Iteration: 714 bestvalit: 163.415000 bestmemit:    0.026777    0.054588    0.058258    0.937957    0.471771    0.405285    0.223858    0.268742    0.105639    0.319697    0.269672    1.613334    0.020725    0.002821    0.008102    7.823981    9.888459    0.611861    1.915891    1.948148    1.595342    0.991219    1.152615    2.019791
Iteration: 715 bestvalit: 163.415000 bestmemit:    0.026777    0.054588    0.058258    0.937957    0.471771    0.405285    0.223858    0.268742    0.105639    0.319697    0.269672    1.613334    0.020725    0.002821    0.008102    7.823981    9.888459    0.611861    1.915891    1.948148    1.595342    0.991219    1.152615    2.019791
Iteration: 716 bestvalit: 163.415000 bestmemit:    0.026777    0.054588    0.058258    0.937957    0.471771    0.405285    0.223858    0.268742    0.105639    0.319697    0.269672    1.613334    0.020725    0.002821    0.008102    7.823981    9.888459    0.611861    1.915891    1.948148    1.595342    0.991219    1.152615    2.019791
Iteration: 717 bestvalit: 163.415000 bestmemit:    0.026777    0.054588    0.058258    0.937957    0.471771    0.405285    0.223858    0.268742    0.105639    0.319697    0.269672    1.613334    0.020725    0.002821    0.008102    7.823981    9.888459    0.611861    1.915891    1.948148    1.595342    0.991219    1.152615    2.019791
Iteration: 718 bestvalit: 163.415000 bestmemit:    0.026777    0.054588    0.058258    0.937957    0.471771    0.405285    0.223858    0.268742    0.105639    0.319697    0.269672    1.613334    0.020725    0.002821    0.008102    7.823981    9.888459    0.611861    1.915891    1.948148    1.595342    0.991219    1.152615    2.019791
Iteration: 719 bestvalit: 163.415000 bestmemit:    0.026777    0.054588    0.058258    0.937957    0.471771    0.405285    0.223858    0.268742    0.105639    0.319697    0.269672    1.613334    0.020725    0.002821    0.008102    7.823981    9.888459    0.611861    1.915891    1.948148    1.595342    0.991219    1.152615    2.019791
Iteration: 720 bestvalit: 163.355000 bestmemit:    0.026777    0.054588    0.058258    0.937957    0.471771    0.405285    0.223858    0.268742    0.105639    0.319697    0.269672    1.613334    0.020725    0.002405    0.008102    7.823981    9.888459    0.611861    1.915891    1.948148    1.595342    0.991219    1.152615    2.019791
Iteration: 721 bestvalit: 163.355000 bestmemit:    0.026777    0.054588    0.058258    0.937957    0.471771    0.405285    0.223858    0.268742    0.105639    0.319697    0.269672    1.613334    0.020725    0.002405    0.008102    7.823981    9.888459    0.611861    1.915891    1.948148    1.595342    0.991219    1.152615    2.019791
Iteration: 722 bestvalit: 163.355000 bestmemit:    0.026777    0.054588    0.058258    0.937957    0.471771    0.405285    0.223858    0.268742    0.105639    0.319697    0.269672    1.613334    0.020725    0.002405    0.008102    7.823981    9.888459    0.611861    1.915891    1.948148    1.595342    0.991219    1.152615    2.019791
Iteration: 723 bestvalit: 163.355000 bestmemit:    0.026777    0.054588    0.058258    0.937957    0.471771    0.405285    0.223858    0.268742    0.105639    0.319697    0.269672    1.613334    0.020725    0.002405    0.008102    7.823981    9.888459    0.611861    1.915891    1.948148    1.595342    0.991219    1.152615    2.019791
Iteration: 724 bestvalit: 163.355000 bestmemit:    0.026777    0.054588    0.058258    0.937957    0.471771    0.405285    0.223858    0.268742    0.105639    0.319697    0.269672    1.613334    0.020725    0.002405    0.008102    7.823981    9.888459    0.611861    1.915891    1.948148    1.595342    0.991219    1.152615    2.019791
Iteration: 725 bestvalit: 163.355000 bestmemit:    0.026777    0.054588    0.058258    0.937957    0.471771    0.405285    0.223858    0.268742    0.105639    0.319697    0.269672    1.613334    0.020725    0.002405    0.008102    7.823981    9.888459    0.611861    1.915891    1.948148    1.595342    0.991219    1.152615    2.019791
Iteration: 726 bestvalit: 163.355000 bestmemit:    0.026777    0.054588    0.058258    0.937957    0.471771    0.405285    0.223858    0.268742    0.105639    0.319697    0.269672    1.613334    0.020725    0.002405    0.008102    7.823981    9.888459    0.611861    1.915891    1.948148    1.595342    0.991219    1.152615    2.019791
Iteration: 727 bestvalit: 163.355000 bestmemit:    0.026777    0.054588    0.058258    0.937957    0.471771    0.405285    0.223858    0.268742    0.105639    0.319697    0.269672    1.613334    0.020725    0.002405    0.008102    7.823981    9.888459    0.611861    1.915891    1.948148    1.595342    0.991219    1.152615    2.019791
Iteration: 728 bestvalit: 163.355000 bestmemit:    0.026777    0.054588    0.058258    0.937957    0.471771    0.405285    0.223858    0.268742    0.105639    0.319697    0.269672    1.613334    0.020725    0.002405    0.008102    7.823981    9.888459    0.611861    1.915891    1.948148    1.595342    0.991219    1.152615    2.019791
Iteration: 729 bestvalit: 163.355000 bestmemit:    0.026777    0.054588    0.058258    0.937957    0.471771    0.405285    0.223858    0.268742    0.105639    0.319697    0.269672    1.613334    0.020725    0.002405    0.008102    7.823981    9.888459    0.611861    1.915891    1.948148    1.595342    0.991219    1.152615    2.019791
Iteration: 730 bestvalit: 163.355000 bestmemit:    0.026777    0.054588    0.058258    0.937957    0.471771    0.405285    0.223858    0.268742    0.105639    0.319697    0.269672    1.613334    0.020725    0.002405    0.008102    7.823981    9.888459    0.611861    1.915891    1.948148    1.595342    0.991219    1.152615    2.019791
Iteration: 731 bestvalit: 163.355000 bestmemit:    0.026777    0.054588    0.058258    0.937957    0.471771    0.405285    0.223858    0.268742    0.105639    0.319697    0.269672    1.613334    0.020725    0.002405    0.008102    7.823981    9.888459    0.611861    1.915891    1.948148    1.595342    0.991219    1.152615    2.019791
Iteration: 732 bestvalit: 163.355000 bestmemit:    0.026777    0.054588    0.058258    0.937957    0.471771    0.405285    0.223858    0.268742    0.105639    0.319697    0.269672    1.613334    0.020725    0.002405    0.008102    7.823981    9.888459    0.611861    1.915891    1.948148    1.595342    0.991219    1.152615    2.019791
Iteration: 733 bestvalit: 163.355000 bestmemit:    0.026777    0.054588    0.058258    0.937957    0.471771    0.405285    0.223858    0.268742    0.105639    0.319697    0.269672    1.613334    0.020725    0.002405    0.008102    7.823981    9.888459    0.611861    1.915891    1.948148    1.595342    0.991219    1.152615    2.019791
Iteration: 734 bestvalit: 163.355000 bestmemit:    0.026777    0.054588    0.058258    0.937957    0.471771    0.405285    0.223858    0.268742    0.105639    0.319697    0.269672    1.613334    0.020725    0.002405    0.008102    7.823981    9.888459    0.611861    1.915891    1.948148    1.595342    0.991219    1.152615    2.019791
Iteration: 735 bestvalit: 163.355000 bestmemit:    0.026777    0.054588    0.058258    0.937957    0.471771    0.405285    0.223858    0.268742    0.105639    0.319697    0.269672    1.613334    0.020725    0.002405    0.008102    7.823981    9.888459    0.611861    1.915891    1.948148    1.595342    0.991219    1.152615    2.019791
Iteration: 736 bestvalit: 163.355000 bestmemit:    0.026777    0.054588    0.058258    0.937957    0.471771    0.405285    0.223858    0.268742    0.105639    0.319697    0.269672    1.613334    0.020725    0.002405    0.008102    7.823981    9.888459    0.611861    1.915891    1.948148    1.595342    0.991219    1.152615    2.019791
Iteration: 737 bestvalit: 163.355000 bestmemit:    0.026777    0.054588    0.058258    0.937957    0.471771    0.405285    0.223858    0.268742    0.105639    0.319697    0.269672    1.613334    0.020725    0.002405    0.008102    7.823981    9.888459    0.611861    1.915891    1.948148    1.595342    0.991219    1.152615    2.019791
Iteration: 738 bestvalit: 163.355000 bestmemit:    0.026777    0.054588    0.058258    0.937957    0.471771    0.405285    0.223858    0.268742    0.105639    0.319697    0.269672    1.613334    0.020725    0.002405    0.008102    7.823981    9.888459    0.611861    1.915891    1.948148    1.595342    0.991219    1.152615    2.019791
Iteration: 739 bestvalit: 163.355000 bestmemit:    0.026777    0.054588    0.058258    0.937957    0.471771    0.405285    0.223858    0.268742    0.105639    0.319697    0.269672    1.613334    0.020725    0.002405    0.008102    7.823981    9.888459    0.611861    1.915891    1.948148    1.595342    0.991219    1.152615    2.019791
Iteration: 740 bestvalit: 163.355000 bestmemit:    0.026777    0.054588    0.058258    0.937957    0.471771    0.405285    0.223858    0.268742    0.105639    0.319697    0.269672    1.613334    0.020725    0.002405    0.008102    7.823981    9.888459    0.611861    1.915891    1.948148    1.595342    0.991219    1.152615    2.019791
Iteration: 741 bestvalit: 163.355000 bestmemit:    0.026777    0.054588    0.058258    0.937957    0.471771    0.405285    0.223858    0.268742    0.105639    0.319697    0.269672    1.613334    0.020725    0.002405    0.008102    7.823981    9.888459    0.611861    1.915891    1.948148    1.595342    0.991219    1.152615    2.019791
Iteration: 742 bestvalit: 163.355000 bestmemit:    0.026777    0.054588    0.058258    0.937957    0.471771    0.405285    0.223858    0.268742    0.105639    0.319697    0.269672    1.613334    0.020725    0.002405    0.008102    7.823981    9.888459    0.611861    1.915891    1.948148    1.595342    0.991219    1.152615    2.019791
Iteration: 743 bestvalit: 163.355000 bestmemit:    0.026777    0.054588    0.058258    0.937957    0.471771    0.405285    0.223858    0.268742    0.105639    0.319697    0.269672    1.613334    0.020725    0.002405    0.008102    7.823981    9.888459    0.611861    1.915891    1.948148    1.595342    0.991219    1.152615    2.019791
Iteration: 744 bestvalit: 163.355000 bestmemit:    0.026777    0.054588    0.058258    0.937957    0.471771    0.405285    0.223858    0.268742    0.105639    0.319697    0.269672    1.613334    0.020725    0.002405    0.008102    7.823981    9.888459    0.611861    1.915891    1.948148    1.595342    0.991219    1.152615    2.019791
Iteration: 745 bestvalit: 163.355000 bestmemit:    0.026777    0.054588    0.058258    0.937957    0.471771    0.405285    0.223858    0.268742    0.105639    0.319697    0.269672    1.613334    0.020725    0.002405    0.008102    7.823981    9.888459    0.611861    1.915891    1.948148    1.595342    0.991219    1.152615    2.019791
Iteration: 746 bestvalit: 163.355000 bestmemit:    0.026777    0.054588    0.058258    0.937957    0.471771    0.405285    0.223858    0.268742    0.105639    0.319697    0.269672    1.613334    0.020725    0.002405    0.008102    7.823981    9.888459    0.611861    1.915891    1.948148    1.595342    0.991219    1.152615    2.019791
Iteration: 747 bestvalit: 163.355000 bestmemit:    0.026777    0.054588    0.058258    0.937957    0.471771    0.405285    0.223858    0.268742    0.105639    0.319697    0.269672    1.613334    0.020725    0.002405    0.008102    7.823981    9.888459    0.611861    1.915891    1.948148    1.595342    0.991219    1.152615    2.019791
Iteration: 748 bestvalit: 163.355000 bestmemit:    0.026777    0.054588    0.058258    0.937957    0.471771    0.405285    0.223858    0.268742    0.105639    0.319697    0.269672    1.613334    0.020725    0.002405    0.008102    7.823981    9.888459    0.611861    1.915891    1.948148    1.595342    0.991219    1.152615    2.019791
Iteration: 749 bestvalit: 163.355000 bestmemit:    0.026777    0.054588    0.058258    0.937957    0.471771    0.405285    0.223858    0.268742    0.105639    0.319697    0.269672    1.613334    0.020725    0.002405    0.008102    7.823981    9.888459    0.611861    1.915891    1.948148    1.595342    0.991219    1.152615    2.019791
Iteration: 750 bestvalit: 163.355000 bestmemit:    0.026777    0.054588    0.058258    0.937957    0.471771    0.405285    0.223858    0.268742    0.105639    0.319697    0.269672    1.613334    0.020725    0.002405    0.008102    7.823981    9.888459    0.611861    1.915891    1.948148    1.595342    0.991219    1.152615    2.019791
Iteration: 751 bestvalit: 163.355000 bestmemit:    0.026777    0.054588    0.058258    0.937957    0.471771    0.405285    0.223858    0.268742    0.105639    0.319697    0.269672    1.613334    0.020725    0.002405    0.008102    7.823981    9.888459    0.611861    1.915891    1.948148    1.595342    0.991219    1.152615    2.019791
Iteration: 752 bestvalit: 163.355000 bestmemit:    0.026777    0.054588    0.058258    0.937957    0.471771    0.405285    0.223858    0.268742    0.105639    0.319697    0.269672    1.613334    0.020725    0.002405    0.008102    7.823981    9.888459    0.611861    1.915891    1.948148    1.595342    0.991219    1.152615    2.019791
Iteration: 753 bestvalit: 163.355000 bestmemit:    0.026777    0.054588    0.058258    0.937957    0.471771    0.405285    0.223858    0.268742    0.105639    0.319697    0.269672    1.613334    0.020725    0.002405    0.008102    7.823981    9.888459    0.611861    1.915891    1.948148    1.595342    0.991219    1.152615    2.019791
Iteration: 754 bestvalit: 163.355000 bestmemit:    0.026777    0.054588    0.058258    0.937957    0.471771    0.405285    0.223858    0.268742    0.105639    0.319697    0.269672    1.613334    0.020725    0.002405    0.008102    7.823981    9.888459    0.611861    1.915891    1.948148    1.595342    0.991219    1.152615    2.019791
Iteration: 755 bestvalit: 163.355000 bestmemit:    0.026777    0.054588    0.058258    0.937957    0.471771    0.405285    0.223858    0.268742    0.105639    0.319697    0.269672    1.613334    0.020725    0.002405    0.008102    7.823981    9.888459    0.611861    1.915891    1.948148    1.595342    0.991219    1.152615    2.019791
Iteration: 756 bestvalit: 163.355000 bestmemit:    0.026777    0.054588    0.058258    0.937957    0.471771    0.405285    0.223858    0.268742    0.105639    0.319697    0.269672    1.613334    0.020725    0.002405    0.008102    7.823981    9.888459    0.611861    1.915891    1.948148    1.595342    0.991219    1.152615    2.019791
Iteration: 757 bestvalit: 163.355000 bestmemit:    0.026777    0.054588    0.058258    0.937957    0.471771    0.405285    0.223858    0.268742    0.105639    0.319697    0.269672    1.613334    0.020725    0.002405    0.008102    7.823981    9.888459    0.611861    1.915891    1.948148    1.595342    0.991219    1.152615    2.019791
Iteration: 758 bestvalit: 163.355000 bestmemit:    0.026777    0.054588    0.058258    0.937957    0.471771    0.405285    0.223858    0.268742    0.105639    0.319697    0.269672    1.613334    0.020725    0.002405    0.008102    7.823981    9.888459    0.611861    1.915891    1.948148    1.595342    0.991219    1.152615    2.019791
Iteration: 759 bestvalit: 163.240000 bestmemit:    0.026777    0.054588    0.058258    0.937957    0.471771    0.405285    0.223858    0.268742    0.105639    0.319697    0.291949    1.613334    0.020725    0.002405    0.008102    7.823981    9.888459    0.611861    1.915891    1.948148    1.595342    0.991219    1.152615    2.019791
Iteration: 760 bestvalit: 163.240000 bestmemit:    0.026777    0.054588    0.058258    0.937957    0.471771    0.405285    0.223858    0.268742    0.105639    0.319697    0.291949    1.613334    0.020725    0.002405    0.008102    7.823981    9.888459    0.611861    1.915891    1.948148    1.595342    0.991219    1.152615    2.019791
Iteration: 761 bestvalit: 163.240000 bestmemit:    0.026777    0.054588    0.058258    0.937957    0.471771    0.405285    0.223858    0.268742    0.105639    0.319697    0.291949    1.613334    0.020725    0.002405    0.008102    7.823981    9.888459    0.611861    1.915891    1.948148    1.595342    0.991219    1.152615    2.019791
Iteration: 762 bestvalit: 163.240000 bestmemit:    0.026777    0.054588    0.058258    0.937957    0.471771    0.405285    0.223858    0.268742    0.105639    0.319697    0.291949    1.613334    0.020725    0.002405    0.008102    7.823981    9.888459    0.611861    1.915891    1.948148    1.595342    0.991219    1.152615    2.019791
Iteration: 763 bestvalit: 163.240000 bestmemit:    0.026777    0.054588    0.058258    0.937957    0.471771    0.405285    0.223858    0.268742    0.105639    0.319697    0.291949    1.613334    0.020725    0.002405    0.008102    7.823981    9.888459    0.611861    1.915891    1.948148    1.595342    0.991219    1.152615    2.019791
Iteration: 764 bestvalit: 163.240000 bestmemit:    0.026777    0.054588    0.058258    0.937957    0.471771    0.405285    0.223858    0.268742    0.105639    0.319697    0.291949    1.613334    0.020725    0.002405    0.008102    7.823981    9.888459    0.611861    1.915891    1.948148    1.595342    0.991219    1.152615    2.019791
Iteration: 765 bestvalit: 163.240000 bestmemit:    0.026777    0.054588    0.058258    0.937957    0.471771    0.405285    0.223858    0.268742    0.105639    0.319697    0.291949    1.613334    0.020725    0.002405    0.008102    7.823981    9.888459    0.611861    1.915891    1.948148    1.595342    0.991219    1.152615    2.019791
Iteration: 766 bestvalit: 163.240000 bestmemit:    0.026777    0.054588    0.058258    0.937957    0.471771    0.405285    0.223858    0.268742    0.105639    0.319697    0.291949    1.613334    0.020725    0.002405    0.008102    7.823981    9.888459    0.611861    1.915891    1.948148    1.595342    0.991219    1.152615    2.019791
Iteration: 767 bestvalit: 163.240000 bestmemit:    0.026777    0.054588    0.058258    0.937957    0.471771    0.405285    0.223858    0.268742    0.105639    0.319697    0.291949    1.613334    0.020725    0.002405    0.008102    7.823981    9.888459    0.611861    1.915891    1.948148    1.595342    0.991219    1.152615    2.019791
Iteration: 768 bestvalit: 163.240000 bestmemit:    0.026777    0.054588    0.058258    0.937957    0.471771    0.405285    0.223858    0.268742    0.105639    0.319697    0.291949    1.613334    0.020725    0.002405    0.008102    7.823981    9.888459    0.611861    1.915891    1.948148    1.595342    0.991219    1.152615    2.019791
Iteration: 769 bestvalit: 163.240000 bestmemit:    0.026777    0.054588    0.058258    0.937957    0.471771    0.405285    0.223858    0.268742    0.105639    0.319697    0.291949    1.613334    0.020725    0.002405    0.008102    7.823981    9.888459    0.611861    1.915891    1.948148    1.595342    0.991219    1.152615    2.019791
Iteration: 770 bestvalit: 163.240000 bestmemit:    0.026777    0.054588    0.058258    0.937957    0.471771    0.405285    0.223858    0.268742    0.105639    0.319697    0.291949    1.613334    0.020725    0.002405    0.008102    7.823981    9.888459    0.611861    1.915891    1.948148    1.595342    0.991219    1.152615    2.019791
Iteration: 771 bestvalit: 163.240000 bestmemit:    0.026777    0.054588    0.058258    0.937957    0.471771    0.405285    0.223858    0.268742    0.105639    0.319697    0.291949    1.613334    0.020725    0.002405    0.008102    7.823981    9.888459    0.611861    1.915891    1.948148    1.595342    0.991219    1.152615    2.019791
Iteration: 772 bestvalit: 163.240000 bestmemit:    0.026777    0.054588    0.058258    0.937957    0.471771    0.405285    0.223858    0.268742    0.105639    0.319697    0.291949    1.613334    0.020725    0.002405    0.008102    7.823981    9.888459    0.611861    1.915891    1.948148    1.595342    0.991219    1.152615    2.019791
Iteration: 773 bestvalit: 163.240000 bestmemit:    0.026777    0.054588    0.058258    0.937957    0.471771    0.405285    0.223858    0.268742    0.105639    0.319697    0.291949    1.613334    0.020725    0.002405    0.008102    7.823981    9.888459    0.611861    1.915891    1.948148    1.595342    0.991219    1.152615    2.019791
Iteration: 774 bestvalit: 163.240000 bestmemit:    0.026777    0.054588    0.058258    0.937957    0.471771    0.405285    0.223858    0.268742    0.105639    0.319697    0.291949    1.613334    0.020725    0.002405    0.008102    7.823981    9.888459    0.611861    1.915891    1.948148    1.595342    0.991219    1.152615    2.019791
Iteration: 775 bestvalit: 163.240000 bestmemit:    0.026777    0.054588    0.058258    0.937957    0.471771    0.405285    0.223858    0.268742    0.105639    0.319697    0.291949    1.613334    0.020725    0.002405    0.008102    7.823981    9.888459    0.611861    1.915891    1.948148    1.595342    0.991219    1.152615    2.019791
Iteration: 776 bestvalit: 163.240000 bestmemit:    0.026777    0.054588    0.058258    0.937957    0.471771    0.405285    0.223858    0.268742    0.105639    0.319697    0.291949    1.613334    0.020725    0.002405    0.008102    7.823981    9.888459    0.611861    1.915891    1.948148    1.595342    0.991219    1.152615    2.019791
Iteration: 777 bestvalit: 163.240000 bestmemit:    0.026777    0.054588    0.058258    0.937957    0.471771    0.405285    0.223858    0.268742    0.105639    0.319697    0.291949    1.613334    0.020725    0.002405    0.008102    7.823981    9.888459    0.611861    1.915891    1.948148    1.595342    0.991219    1.152615    2.019791
Iteration: 778 bestvalit: 163.240000 bestmemit:    0.026777    0.054588    0.058258    0.937957    0.471771    0.405285    0.223858    0.268742    0.105639    0.319697    0.291949    1.613334    0.020725    0.002405    0.008102    7.823981    9.888459    0.611861    1.915891    1.948148    1.595342    0.991219    1.152615    2.019791
Iteration: 779 bestvalit: 163.240000 bestmemit:    0.026777    0.054588    0.058258    0.937957    0.471771    0.405285    0.223858    0.268742    0.105639    0.319697    0.291949    1.613334    0.020725    0.002405    0.008102    7.823981    9.888459    0.611861    1.915891    1.948148    1.595342    0.991219    1.152615    2.019791
Iteration: 780 bestvalit: 163.240000 bestmemit:    0.026777    0.054588    0.058258    0.937957    0.471771    0.405285    0.223858    0.268742    0.105639    0.319697    0.291949    1.613334    0.020725    0.002405    0.008102    7.823981    9.888459    0.611861    1.915891    1.948148    1.595342    0.991219    1.152615    2.019791
Iteration: 781 bestvalit: 163.240000 bestmemit:    0.026777    0.054588    0.058258    0.937957    0.471771    0.405285    0.223858    0.268742    0.105639    0.319697    0.291949    1.613334    0.020725    0.002405    0.008102    7.823981    9.888459    0.611861    1.915891    1.948148    1.595342    0.991219    1.152615    2.019791
Iteration: 782 bestvalit: 163.240000 bestmemit:    0.026777    0.054588    0.058258    0.937957    0.471771    0.405285    0.223858    0.268742    0.105639    0.319697    0.291949    1.613334    0.020725    0.002405    0.008102    7.823981    9.888459    0.611861    1.915891    1.948148    1.595342    0.991219    1.152615    2.019791
Iteration: 783 bestvalit: 162.720000 bestmemit:    0.026777    0.054588    0.058258    0.937957    0.471771    0.405285    0.223858    0.268742    0.105639    0.319697    0.291949    1.613334    0.020725    0.002405    0.008102    7.980984    9.888459    0.611861    1.915891    1.948148    1.595342    0.991219    1.152615    2.019791
Iteration: 784 bestvalit: 162.720000 bestmemit:    0.026777    0.054588    0.058258    0.937957    0.471771    0.405285    0.223858    0.268742    0.105639    0.319697    0.291949    1.613334    0.020725    0.002405    0.008102    7.980984    9.888459    0.611861    1.915891    1.948148    1.595342    0.991219    1.152615    2.019791
Iteration: 785 bestvalit: 162.720000 bestmemit:    0.026777    0.054588    0.058258    0.937957    0.471771    0.405285    0.223858    0.268742    0.105639    0.319697    0.291949    1.613334    0.020725    0.002405    0.008102    7.980984    9.888459    0.611861    1.915891    1.948148    1.595342    0.991219    1.152615    2.019791
Iteration: 786 bestvalit: 162.720000 bestmemit:    0.026777    0.054588    0.058258    0.937957    0.471771    0.405285    0.223858    0.268742    0.105639    0.319697    0.291949    1.613334    0.020725    0.002405    0.008102    7.980984    9.888459    0.611861    1.915891    1.948148    1.595342    0.991219    1.152615    2.019791
Iteration: 787 bestvalit: 162.720000 bestmemit:    0.026777    0.054588    0.058258    0.937957    0.471771    0.405285    0.223858    0.268742    0.105639    0.319697    0.291949    1.613334    0.020725    0.002405    0.008102    7.980984    9.888459    0.611861    1.915891    1.948148    1.595342    0.991219    1.152615    2.019791
Iteration: 788 bestvalit: 162.720000 bestmemit:    0.026777    0.054588    0.058258    0.937957    0.471771    0.405285    0.223858    0.268742    0.105639    0.319697    0.291949    1.613334    0.020725    0.002405    0.008102    7.980984    9.888459    0.611861    1.915891    1.948148    1.595342    0.991219    1.152615    2.019791
Iteration: 789 bestvalit: 162.720000 bestmemit:    0.026777    0.054588    0.058258    0.937957    0.471771    0.405285    0.223858    0.268742    0.105639    0.319697    0.291949    1.613334    0.020725    0.002405    0.008102    7.980984    9.888459    0.611861    1.915891    1.948148    1.595342    0.991219    1.152615    2.019791
Iteration: 790 bestvalit: 162.720000 bestmemit:    0.026777    0.054588    0.058258    0.937957    0.471771    0.405285    0.223858    0.268742    0.105639    0.319697    0.291949    1.613334    0.020725    0.002405    0.008102    7.980984    9.888459    0.611861    1.915891    1.948148    1.595342    0.991219    1.152615    2.019791
Iteration: 791 bestvalit: 162.720000 bestmemit:    0.026777    0.054588    0.058258    0.937957    0.471771    0.405285    0.223858    0.268742    0.105639    0.319697    0.291949    1.613334    0.020725    0.002405    0.008102    7.980984    9.888459    0.611861    1.915891    1.948148    1.595342    0.991219    1.152615    2.019791
Iteration: 792 bestvalit: 162.720000 bestmemit:    0.026777    0.054588    0.058258    0.937957    0.471771    0.405285    0.223858    0.268742    0.105639    0.319697    0.291949    1.613334    0.020725    0.002405    0.008102    7.980984    9.888459    0.611861    1.915891    1.948148    1.595342    0.991219    1.152615    2.019791
Iteration: 793 bestvalit: 162.720000 bestmemit:    0.026777    0.054588    0.058258    0.937957    0.471771    0.405285    0.223858    0.268742    0.105639    0.319697    0.291949    1.613334    0.020725    0.002405    0.008102    7.980984    9.888459    0.611861    1.915891    1.948148    1.595342    0.991219    1.152615    2.019791
Iteration: 794 bestvalit: 162.720000 bestmemit:    0.026777    0.054588    0.058258    0.937957    0.471771    0.405285    0.223858    0.268742    0.105639    0.319697    0.291949    1.613334    0.020725    0.002405    0.008102    7.980984    9.888459    0.611861    1.915891    1.948148    1.595342    0.991219    1.152615    2.019791
Iteration: 795 bestvalit: 162.720000 bestmemit:    0.026777    0.054588    0.058258    0.937957    0.471771    0.405285    0.223858    0.268742    0.105639    0.319697    0.291949    1.613334    0.020725    0.002405    0.008102    7.980984    9.888459    0.611861    1.915891    1.948148    1.595342    0.991219    1.152615    2.019791
Iteration: 796 bestvalit: 162.720000 bestmemit:    0.026777    0.054588    0.058258    0.937957    0.471771    0.405285    0.223858    0.268742    0.105639    0.319697    0.291949    1.613334    0.020725    0.002405    0.008102    7.980984    9.888459    0.611861    1.915891    1.948148    1.595342    0.991219    1.152615    2.019791
Iteration: 797 bestvalit: 162.720000 bestmemit:    0.026777    0.054588    0.058258    0.937957    0.471771    0.405285    0.223858    0.268742    0.105639    0.319697    0.291949    1.613334    0.020725    0.002405    0.008102    7.980984    9.888459    0.611861    1.915891    1.948148    1.595342    0.991219    1.152615    2.019791
Iteration: 798 bestvalit: 162.720000 bestmemit:    0.026777    0.054588    0.058258    0.937957    0.471771    0.405285    0.223858    0.268742    0.105639    0.319697    0.291949    1.613334    0.020725    0.002405    0.008102    7.980984    9.888459    0.611861    1.915891    1.948148    1.595342    0.991219    1.152615    2.019791
Iteration: 799 bestvalit: 162.720000 bestmemit:    0.026777    0.054588    0.058258    0.937957    0.471771    0.405285    0.223858    0.268742    0.105639    0.319697    0.291949    1.613334    0.020725    0.002405    0.008102    7.980984    9.888459    0.611861    1.915891    1.948148    1.595342    0.991219    1.152615    2.019791
Iteration: 800 bestvalit: 162.720000 bestmemit:    0.026777    0.054588    0.058258    0.937957    0.471771    0.405285    0.223858    0.268742    0.105639    0.319697    0.291949    1.613334    0.020725    0.002405    0.008102    7.980984    9.888459    0.611861    1.915891    1.948148    1.595342    0.991219    1.152615    2.019791
Iteration: 801 bestvalit: 162.720000 bestmemit:    0.026777    0.054588    0.058258    0.937957    0.471771    0.405285    0.223858    0.268742    0.105639    0.319697    0.291949    1.613334    0.020725    0.002405    0.008102    7.980984    9.888459    0.611861    1.915891    1.948148    1.595342    0.991219    1.152615    2.019791
Iteration: 802 bestvalit: 162.720000 bestmemit:    0.026777    0.054588    0.058258    0.937957    0.471771    0.405285    0.223858    0.268742    0.105639    0.319697    0.291949    1.613334    0.020725    0.002405    0.008102    7.980984    9.888459    0.611861    1.915891    1.948148    1.595342    0.991219    1.152615    2.019791
Iteration: 803 bestvalit: 162.720000 bestmemit:    0.026777    0.054588    0.058258    0.937957    0.471771    0.405285    0.223858    0.268742    0.105639    0.319697    0.291949    1.613334    0.020725    0.002405    0.008102    7.980984    9.888459    0.611861    1.915891    1.948148    1.595342    0.991219    1.152615    2.019791
Iteration: 804 bestvalit: 162.720000 bestmemit:    0.026777    0.054588    0.058258    0.937957    0.471771    0.405285    0.223858    0.268742    0.105639    0.319697    0.291949    1.613334    0.020725    0.002405    0.008102    7.980984    9.888459    0.611861    1.915891    1.948148    1.595342    0.991219    1.152615    2.019791
Iteration: 805 bestvalit: 162.695000 bestmemit:    0.026777    0.054588    0.058258    0.937957    0.471771    0.405285    0.223858    0.268742    0.105639    0.319697    0.291949    1.613334    0.020725    0.002405    0.008102    7.980984    9.888459    0.611861    1.915891    1.948148    1.595342    0.991733    1.152615    2.019791
Iteration: 806 bestvalit: 162.695000 bestmemit:    0.026777    0.054588    0.058258    0.937957    0.471771    0.405285    0.223858    0.268742    0.105639    0.319697    0.291949    1.613334    0.020725    0.002405    0.008102    7.980984    9.888459    0.611861    1.915891    1.948148    1.595342    0.991733    1.152615    2.019791
Iteration: 807 bestvalit: 162.695000 bestmemit:    0.026777    0.054588    0.058258    0.937957    0.471771    0.405285    0.223858    0.268742    0.105639    0.319697    0.291949    1.613334    0.020725    0.002405    0.008102    7.980984    9.888459    0.611861    1.915891    1.948148    1.595342    0.991733    1.152615    2.019791
Iteration: 808 bestvalit: 162.695000 bestmemit:    0.026777    0.054588    0.058258    0.937957    0.471771    0.405285    0.223858    0.268742    0.105639    0.319697    0.291949    1.613334    0.020725    0.002405    0.008102    7.980984    9.888459    0.611861    1.915891    1.948148    1.595342    0.991733    1.152615    2.019791
Iteration: 809 bestvalit: 162.695000 bestmemit:    0.026777    0.054588    0.058258    0.937957    0.471771    0.405285    0.223858    0.268742    0.105639    0.319697    0.291949    1.613334    0.020725    0.002405    0.008102    7.980984    9.888459    0.611861    1.915891    1.948148    1.595342    0.991733    1.152615    2.019791
Iteration: 810 bestvalit: 162.695000 bestmemit:    0.026777    0.054588    0.058258    0.937957    0.471771    0.405285    0.223858    0.268742    0.105639    0.319697    0.291949    1.613334    0.020725    0.002405    0.008102    7.980984    9.888459    0.611861    1.915891    1.948148    1.595342    0.991733    1.152615    2.019791
Iteration: 811 bestvalit: 162.695000 bestmemit:    0.026777    0.054588    0.058258    0.937957    0.471771    0.405285    0.223858    0.268742    0.105639    0.319697    0.291949    1.613334    0.020725    0.002405    0.008102    7.980984    9.888459    0.611861    1.915891    1.948148    1.595342    0.991733    1.152615    2.019791
Iteration: 812 bestvalit: 162.695000 bestmemit:    0.026777    0.054588    0.058258    0.937957    0.471771    0.405285    0.223858    0.268742    0.105639    0.319697    0.291949    1.613334    0.020725    0.002405    0.008102    7.980984    9.888459    0.611861    1.915891    1.948148    1.595342    0.991733    1.152615    2.019791
Iteration: 813 bestvalit: 162.695000 bestmemit:    0.026777    0.054588    0.058258    0.937957    0.471771    0.405285    0.223858    0.268742    0.105639    0.319697    0.291949    1.613334    0.020725    0.002405    0.008102    7.980984    9.888459    0.611861    1.915891    1.948148    1.595342    0.991733    1.152615    2.019791
Iteration: 814 bestvalit: 162.695000 bestmemit:    0.026777    0.054588    0.058258    0.937957    0.471771    0.405285    0.223858    0.268742    0.105639    0.319697    0.291949    1.613334    0.020725    0.002405    0.008102    7.980984    9.888459    0.611861    1.915891    1.948148    1.595342    0.991733    1.152615    2.019791
Iteration: 815 bestvalit: 162.695000 bestmemit:    0.026777    0.054588    0.058258    0.937957    0.471771    0.405285    0.223858    0.268742    0.105639    0.319697    0.291949    1.613334    0.020725    0.002405    0.008102    7.980984    9.888459    0.611861    1.915891    1.948148    1.595342    0.991733    1.152615    2.019791
Iteration: 816 bestvalit: 162.695000 bestmemit:    0.026777    0.054588    0.058258    0.937957    0.471771    0.405285    0.223858    0.268742    0.105639    0.319697    0.291949    1.613334    0.020725    0.002405    0.008102    7.980984    9.888459    0.611861    1.915891    1.948148    1.595342    0.991733    1.152615    2.019791
Iteration: 817 bestvalit: 162.695000 bestmemit:    0.026777    0.054588    0.058258    0.937957    0.471771    0.405285    0.223858    0.268742    0.105639    0.319697    0.291949    1.613334    0.020725    0.002405    0.008102    7.980984    9.888459    0.611861    1.915891    1.948148    1.595342    0.991733    1.152615    2.019791
Iteration: 818 bestvalit: 162.695000 bestmemit:    0.026777    0.054588    0.058258    0.937957    0.471771    0.405285    0.223858    0.268742    0.105639    0.319697    0.291949    1.613334    0.020725    0.002405    0.008102    7.980984    9.888459    0.611861    1.915891    1.948148    1.595342    0.991733    1.152615    2.019791
Iteration: 819 bestvalit: 162.695000 bestmemit:    0.026777    0.054588    0.058258    0.937957    0.471771    0.405285    0.223858    0.268742    0.105639    0.319697    0.291949    1.613334    0.020725    0.002405    0.008102    7.980984    9.888459    0.611861    1.915891    1.948148    1.595342    0.991733    1.152615    2.019791
Iteration: 820 bestvalit: 162.695000 bestmemit:    0.026777    0.054588    0.058258    0.937957    0.471771    0.405285    0.223858    0.268742    0.105639    0.319697    0.291949    1.613334    0.020725    0.002405    0.008102    7.980984    9.888459    0.611861    1.915891    1.948148    1.595342    0.991733    1.152615    2.019791
Iteration: 821 bestvalit: 162.695000 bestmemit:    0.026777    0.054588    0.058258    0.937957    0.471771    0.405285    0.223858    0.268742    0.105639    0.319697    0.291949    1.613334    0.020725    0.002405    0.008102    7.980984    9.888459    0.611861    1.915891    1.948148    1.595342    0.991733    1.152615    2.019791
Iteration: 822 bestvalit: 162.695000 bestmemit:    0.026777    0.054588    0.058258    0.937957    0.471771    0.405285    0.223858    0.268742    0.105639    0.319697    0.291949    1.613334    0.020725    0.002405    0.008102    7.980984    9.888459    0.611861    1.915891    1.948148    1.595342    0.991733    1.152615    2.019791
Iteration: 823 bestvalit: 162.695000 bestmemit:    0.026777    0.054588    0.058258    0.937957    0.471771    0.405285    0.223858    0.268742    0.105639    0.319697    0.291949    1.613334    0.020725    0.002405    0.008102    7.980984    9.888459    0.611861    1.915891    1.948148    1.595342    0.991733    1.152615    2.019791
Iteration: 824 bestvalit: 162.695000 bestmemit:    0.026777    0.054588    0.058258    0.937957    0.471771    0.405285    0.223858    0.268742    0.105639    0.319697    0.291949    1.613334    0.020725    0.002405    0.008102    7.980984    9.888459    0.611861    1.915891    1.948148    1.595342    0.991733    1.152615    2.019791
Iteration: 825 bestvalit: 162.695000 bestmemit:    0.026777    0.054588    0.058258    0.937957    0.471771    0.405285    0.223858    0.268742    0.105639    0.319697    0.291949    1.613334    0.020725    0.002405    0.008102    7.980984    9.888459    0.611861    1.915891    1.948148    1.595342    0.991733    1.152615    2.019791
Iteration: 826 bestvalit: 162.695000 bestmemit:    0.026777    0.054588    0.058258    0.937957    0.471771    0.405285    0.223858    0.268742    0.105639    0.319697    0.291949    1.613334    0.020725    0.002405    0.008102    7.980984    9.888459    0.611861    1.915891    1.948148    1.595342    0.991733    1.152615    2.019791
Iteration: 827 bestvalit: 162.695000 bestmemit:    0.026777    0.054588    0.058258    0.937957    0.471771    0.405285    0.223858    0.268742    0.105639    0.319697    0.291949    1.613334    0.020725    0.002405    0.008102    7.980984    9.888459    0.611861    1.915891    1.948148    1.595342    0.991733    1.152615    2.019791
Iteration: 828 bestvalit: 162.695000 bestmemit:    0.026777    0.054588    0.058258    0.937957    0.471771    0.405285    0.223858    0.268742    0.105639    0.319697    0.291949    1.613334    0.020725    0.002405    0.008102    7.980984    9.888459    0.611861    1.915891    1.948148    1.595342    0.991733    1.152615    2.019791
Iteration: 829 bestvalit: 162.695000 bestmemit:    0.026777    0.054588    0.058258    0.937957    0.471771    0.405285    0.223858    0.268742    0.105639    0.319697    0.291949    1.613334    0.020725    0.002405    0.008102    7.980984    9.888459    0.611861    1.915891    1.948148    1.595342    0.991733    1.152615    2.019791
Iteration: 830 bestvalit: 162.695000 bestmemit:    0.026777    0.054588    0.058258    0.937957    0.471771    0.405285    0.223858    0.268742    0.105639    0.319697    0.291949    1.613334    0.020725    0.002405    0.008102    7.980984    9.888459    0.611861    1.915891    1.948148    1.595342    0.991733    1.152615    2.019791
Iteration: 831 bestvalit: 162.695000 bestmemit:    0.026777    0.054588    0.058258    0.937957    0.471771    0.405285    0.223858    0.268742    0.105639    0.319697    0.291949    1.613334    0.020725    0.002405    0.008102    7.980984    9.888459    0.611861    1.915891    1.948148    1.595342    0.991733    1.152615    2.019791
Iteration: 832 bestvalit: 162.695000 bestmemit:    0.026777    0.054588    0.058258    0.937957    0.471771    0.405285    0.223858    0.268742    0.105639    0.319697    0.291949    1.613334    0.020725    0.002405    0.008102    7.980984    9.888459    0.611861    1.915891    1.948148    1.595342    0.991733    1.152615    2.019791
Iteration: 833 bestvalit: 162.500000 bestmemit:    0.026777    0.054588    0.058258    0.937957    0.471771    0.405285    0.223858    0.268742    0.105639    0.319697    0.291949    1.613334    0.020725    0.002405    0.008102    8.865350    9.888459    0.611861    1.915891    1.948148    1.595342    0.991733    1.152615    2.019791
Iteration: 834 bestvalit: 162.500000 bestmemit:    0.026777    0.054588    0.058258    0.937957    0.471771    0.405285    0.223858    0.268742    0.105639    0.319697    0.291949    1.613334    0.020725    0.002405    0.008102    8.865350    9.888459    0.611861    1.915891    1.948148    1.595342    0.991733    1.152615    2.019791
Iteration: 835 bestvalit: 162.500000 bestmemit:    0.026777    0.054588    0.058258    0.937957    0.471771    0.405285    0.223858    0.268742    0.105639    0.319697    0.291949    1.613334    0.020725    0.002405    0.008102    8.865350    9.888459    0.611861    1.915891    1.948148    1.595342    0.991733    1.152615    2.019791
Iteration: 836 bestvalit: 162.500000 bestmemit:    0.026777    0.054588    0.058258    0.937957    0.471771    0.405285    0.223858    0.268742    0.105639    0.319697    0.291949    1.613334    0.020725    0.002405    0.008102    8.865350    9.888459    0.611861    1.915891    1.948148    1.595342    0.991733    1.152615    2.019791
Iteration: 837 bestvalit: 162.500000 bestmemit:    0.026777    0.054588    0.058258    0.937957    0.471771    0.405285    0.223858    0.268742    0.105639    0.319697    0.291949    1.613334    0.020725    0.002405    0.008102    8.865350    9.888459    0.611861    1.915891    1.948148    1.595342    0.991733    1.152615    2.019791
Iteration: 838 bestvalit: 162.500000 bestmemit:    0.026777    0.054588    0.058258    0.937957    0.471771    0.405285    0.223858    0.268742    0.105639    0.319697    0.291949    1.613334    0.020725    0.002405    0.008102    8.865350    9.888459    0.611861    1.915891    1.948148    1.595342    0.991733    1.152615    2.019791
Iteration: 839 bestvalit: 162.500000 bestmemit:    0.026777    0.054588    0.058258    0.937957    0.471771    0.405285    0.223858    0.268742    0.105639    0.319697    0.291949    1.613334    0.020725    0.002405    0.008102    8.865350    9.888459    0.611861    1.915891    1.948148    1.595342    0.991733    1.152615    2.019791
Iteration: 840 bestvalit: 162.500000 bestmemit:    0.026777    0.054588    0.058258    0.937957    0.471771    0.405285    0.223858    0.268742    0.105639    0.319697    0.291949    1.613334    0.020725    0.002405    0.008102    8.865350    9.888459    0.611861    1.915891    1.948148    1.595342    0.991733    1.152615    2.019791
Iteration: 841 bestvalit: 162.500000 bestmemit:    0.026777    0.054588    0.058258    0.937957    0.471771    0.405285    0.223858    0.268742    0.105639    0.319697    0.291949    1.613334    0.020725    0.002405    0.008102    8.865350    9.888459    0.611861    1.915891    1.948148    1.595342    0.991733    1.152615    2.019791
Iteration: 842 bestvalit: 162.500000 bestmemit:    0.026777    0.054588    0.058258    0.937957    0.471771    0.405285    0.223858    0.268742    0.105639    0.319697    0.291949    1.613334    0.020725    0.002405    0.008102    8.865350    9.888459    0.611861    1.915891    1.948148    1.595342    0.991733    1.152615    2.019791
Iteration: 843 bestvalit: 162.500000 bestmemit:    0.026777    0.054588    0.058258    0.937957    0.471771    0.405285    0.223858    0.268742    0.105639    0.319697    0.291949    1.613334    0.020725    0.002405    0.008102    8.865350    9.888459    0.611861    1.915891    1.948148    1.595342    0.991733    1.152615    2.019791
Iteration: 844 bestvalit: 162.500000 bestmemit:    0.026777    0.054588    0.058258    0.937957    0.471771    0.405285    0.223858    0.268742    0.105639    0.319697    0.291949    1.613334    0.020725    0.002405    0.008102    8.865350    9.888459    0.611861    1.915891    1.948148    1.595342    0.991733    1.152615    2.019791
Iteration: 845 bestvalit: 162.500000 bestmemit:    0.026777    0.054588    0.058258    0.937957    0.471771    0.405285    0.223858    0.268742    0.105639    0.319697    0.291949    1.613334    0.020725    0.002405    0.008102    8.865350    9.888459    0.611861    1.915891    1.948148    1.595342    0.991733    1.152615    2.019791
Iteration: 846 bestvalit: 162.500000 bestmemit:    0.026777    0.054588    0.058258    0.937957    0.471771    0.405285    0.223858    0.268742    0.105639    0.319697    0.291949    1.613334    0.020725    0.002405    0.008102    8.865350    9.888459    0.611861    1.915891    1.948148    1.595342    0.991733    1.152615    2.019791
Iteration: 847 bestvalit: 162.500000 bestmemit:    0.026777    0.054588    0.058258    0.937957    0.471771    0.405285    0.223858    0.268742    0.105639    0.319697    0.291949    1.613334    0.020725    0.002405    0.008102    8.865350    9.888459    0.611861    1.915891    1.948148    1.595342    0.991733    1.152615    2.019791
Iteration: 848 bestvalit: 162.500000 bestmemit:    0.026777    0.054588    0.058258    0.937957    0.471771    0.405285    0.223858    0.268742    0.105639    0.319697    0.291949    1.613334    0.020725    0.002405    0.008102    8.865350    9.888459    0.611861    1.915891    1.948148    1.595342    0.991733    1.152615    2.019791
Iteration: 849 bestvalit: 162.500000 bestmemit:    0.026777    0.054588    0.058258    0.937957    0.471771    0.405285    0.223858    0.268742    0.105639    0.319697    0.291949    1.613334    0.020725    0.002405    0.008102    8.865350    9.888459    0.611861    1.915891    1.948148    1.595342    0.991733    1.152615    2.019791
Iteration: 850 bestvalit: 162.500000 bestmemit:    0.026777    0.054588    0.058258    0.937957    0.471771    0.405285    0.223858    0.268742    0.105639    0.319697    0.291949    1.613334    0.020725    0.002405    0.008102    8.865350    9.888459    0.611861    1.915891    1.948148    1.595342    0.991733    1.152615    2.019791
Iteration: 851 bestvalit: 162.500000 bestmemit:    0.026777    0.054588    0.058258    0.937957    0.471771    0.405285    0.223858    0.268742    0.105639    0.319697    0.291949    1.613334    0.020725    0.002405    0.008102    8.865350    9.888459    0.611861    1.915891    1.948148    1.595342    0.991733    1.152615    2.019791
Iteration: 852 bestvalit: 162.500000 bestmemit:    0.026777    0.054588    0.058258    0.937957    0.471771    0.405285    0.223858    0.268742    0.105639    0.319697    0.291949    1.613334    0.020725    0.002405    0.008102    8.865350    9.888459    0.611861    1.915891    1.948148    1.595342    0.991733    1.152615    2.019791
Iteration: 853 bestvalit: 162.500000 bestmemit:    0.026777    0.054588    0.058258    0.937957    0.471771    0.405285    0.223858    0.268742    0.105639    0.319697    0.291949    1.613334    0.020725    0.002405    0.008102    8.865350    9.888459    0.611861    1.915891    1.948148    1.595342    0.991733    1.152615    2.019791
Iteration: 854 bestvalit: 162.500000 bestmemit:    0.026777    0.054588    0.058258    0.937957    0.471771    0.405285    0.223858    0.268742    0.105639    0.319697    0.291949    1.613334    0.020725    0.002405    0.008102    8.865350    9.888459    0.611861    1.915891    1.948148    1.595342    0.991733    1.152615    2.019791
Iteration: 855 bestvalit: 162.500000 bestmemit:    0.026777    0.054588    0.058258    0.937957    0.471771    0.405285    0.223858    0.268742    0.105639    0.319697    0.291949    1.613334    0.020725    0.002405    0.008102    8.865350    9.888459    0.611861    1.915891    1.948148    1.595342    0.991733    1.152615    2.019791
Iteration: 856 bestvalit: 162.500000 bestmemit:    0.026777    0.054588    0.058258    0.937957    0.471771    0.405285    0.223858    0.268742    0.105639    0.319697    0.291949    1.613334    0.020725    0.002405    0.008102    8.865350    9.888459    0.611861    1.915891    1.948148    1.595342    0.991733    1.152615    2.019791
Iteration: 857 bestvalit: 162.500000 bestmemit:    0.026777    0.054588    0.058258    0.937957    0.471771    0.405285    0.223858    0.268742    0.105639    0.319697    0.291949    1.613334    0.020725    0.002405    0.008102    8.865350    9.888459    0.611861    1.915891    1.948148    1.595342    0.991733    1.152615    2.019791
Iteration: 858 bestvalit: 162.500000 bestmemit:    0.026777    0.054588    0.058258    0.937957    0.471771    0.405285    0.223858    0.268742    0.105639    0.319697    0.291949    1.613334    0.020725    0.002405    0.008102    8.865350    9.888459    0.611861    1.915891    1.948148    1.595342    0.991733    1.152615    2.019791
Iteration: 859 bestvalit: 162.500000 bestmemit:    0.026777    0.054588    0.058258    0.937957    0.471771    0.405285    0.223858    0.268742    0.105639    0.319697    0.291949    1.613334    0.020725    0.002405    0.008102    8.865350    9.888459    0.611861    1.915891    1.948148    1.595342    0.991733    1.152615    2.019791
Iteration: 860 bestvalit: 162.500000 bestmemit:    0.026777    0.054588    0.058258    0.937957    0.471771    0.405285    0.223858    0.268742    0.105639    0.319697    0.291949    1.613334    0.020725    0.002405    0.008102    8.865350    9.888459    0.611861    1.915891    1.948148    1.595342    0.991733    1.152615    2.019791
Iteration: 861 bestvalit: 162.500000 bestmemit:    0.026777    0.054588    0.058258    0.937957    0.471771    0.405285    0.223858    0.268742    0.105639    0.319697    0.291949    1.613334    0.020725    0.002405    0.008102    8.865350    9.888459    0.611861    1.915891    1.948148    1.595342    0.991733    1.152615    2.019791
Iteration: 862 bestvalit: 162.500000 bestmemit:    0.026777    0.054588    0.058258    0.937957    0.471771    0.405285    0.223858    0.268742    0.105639    0.319697    0.291949    1.613334    0.020725    0.002405    0.008102    8.865350    9.888459    0.611861    1.915891    1.948148    1.595342    0.991733    1.152615    2.019791
Iteration: 863 bestvalit: 162.500000 bestmemit:    0.026777    0.054588    0.058258    0.937957    0.471771    0.405285    0.223858    0.268742    0.105639    0.319697    0.291949    1.613334    0.020725    0.002405    0.008102    8.865350    9.888459    0.611861    1.915891    1.948148    1.595342    0.991733    1.152615    2.019791
Iteration: 864 bestvalit: 162.500000 bestmemit:    0.026777    0.054588    0.058258    0.937957    0.471771    0.405285    0.223858    0.268742    0.105639    0.319697    0.291949    1.613334    0.020725    0.002405    0.008102    8.865350    9.888459    0.611861    1.915891    1.948148    1.595342    0.991733    1.152615    2.019791
Iteration: 865 bestvalit: 162.500000 bestmemit:    0.026777    0.054588    0.058258    0.937957    0.471771    0.405285    0.223858    0.268742    0.105639    0.319697    0.291949    1.613334    0.020725    0.002405    0.008102    8.865350    9.888459    0.611861    1.915891    1.948148    1.595342    0.991733    1.152615    2.019791
Iteration: 866 bestvalit: 162.500000 bestmemit:    0.026777    0.054588    0.058258    0.937957    0.471771    0.405285    0.223858    0.268742    0.105639    0.319697    0.291949    1.613334    0.020725    0.002405    0.008102    8.865350    9.888459    0.611861    1.915891    1.948148    1.595342    0.991733    1.152615    2.019791
Iteration: 867 bestvalit: 162.500000 bestmemit:    0.026777    0.054588    0.058258    0.937957    0.471771    0.405285    0.223858    0.268742    0.105639    0.319697    0.291949    1.613334    0.020725    0.002405    0.008102    8.865350    9.888459    0.611861    1.915891    1.948148    1.595342    0.991733    1.152615    2.019791
Iteration: 868 bestvalit: 162.500000 bestmemit:    0.026777    0.054588    0.058258    0.937957    0.471771    0.405285    0.223858    0.268742    0.105639    0.319697    0.291949    1.613334    0.020725    0.002405    0.008102    8.865350    9.888459    0.611861    1.915891    1.948148    1.595342    0.991733    1.152615    2.019791
Iteration: 869 bestvalit: 162.500000 bestmemit:    0.026777    0.054588    0.058258    0.937957    0.471771    0.405285    0.223858    0.268742    0.105639    0.319697    0.291949    1.613334    0.020725    0.002405    0.008102    8.865350    9.888459    0.611861    1.915891    1.948148    1.595342    0.991733    1.152615    2.019791
Iteration: 870 bestvalit: 162.500000 bestmemit:    0.026777    0.054588    0.058258    0.937957    0.471771    0.405285    0.223858    0.268742    0.105639    0.319697    0.291949    1.613334    0.020725    0.002405    0.008102    8.865350    9.888459    0.611861    1.915891    1.948148    1.595342    0.991733    1.152615    2.019791
Iteration: 871 bestvalit: 162.500000 bestmemit:    0.026777    0.054588    0.058258    0.937957    0.471771    0.405285    0.223858    0.268742    0.105639    0.319697    0.291949    1.613334    0.020725    0.002405    0.008102    8.865350    9.888459    0.611861    1.915891    1.948148    1.595342    0.991733    1.152615    2.019791
Iteration: 872 bestvalit: 162.500000 bestmemit:    0.026777    0.054588    0.058258    0.937957    0.471771    0.405285    0.223858    0.268742    0.105639    0.319697    0.291949    1.613334    0.020725    0.002405    0.008102    8.865350    9.888459    0.611861    1.915891    1.948148    1.595342    0.991733    1.152615    2.019791
Iteration: 873 bestvalit: 162.500000 bestmemit:    0.026777    0.054588    0.058258    0.937957    0.471771    0.405285    0.223858    0.268742    0.105639    0.319697    0.291949    1.613334    0.020725    0.002405    0.008102    8.865350    9.888459    0.611861    1.915891    1.948148    1.595342    0.991733    1.152615    2.019791
Iteration: 874 bestvalit: 162.475000 bestmemit:    0.026777    0.054588    0.058258    0.937957    0.471771    0.405285    0.223858    0.268742    0.105639    0.319697    0.291949    1.613334    0.020725    0.002405    0.008102    8.865350    9.888459    0.611861    1.915891    1.948148    1.595342    0.992520    1.152615    2.019791
Iteration: 875 bestvalit: 162.475000 bestmemit:    0.026777    0.054588    0.058258    0.937957    0.471771    0.405285    0.223858    0.268742    0.105639    0.319697    0.291949    1.613334    0.020725    0.002405    0.008102    8.865350    9.888459    0.611861    1.915891    1.948148    1.595342    0.992520    1.152615    2.019791
Iteration: 876 bestvalit: 162.425000 bestmemit:    0.026777    0.054588    0.058258    0.937957    0.471771    0.405285    0.223858    0.268742    0.105639    0.319697    0.291949    1.613334    0.020725    0.002405    0.008102    8.865350    9.888459    0.611861    1.915891    1.977612    1.595342    0.992520    1.152615    2.019791
Iteration: 877 bestvalit: 162.425000 bestmemit:    0.026777    0.054588    0.058258    0.937957    0.471771    0.405285    0.223858    0.268742    0.105639    0.319697    0.291949    1.613334    0.020725    0.002405    0.008102    8.865350    9.888459    0.611861    1.915891    1.977612    1.595342    0.992520    1.152615    2.019791
Iteration: 878 bestvalit: 162.425000 bestmemit:    0.026777    0.054588    0.058258    0.937957    0.471771    0.405285    0.223858    0.268742    0.105639    0.319697    0.291949    1.613334    0.020725    0.002405    0.008102    8.865350    9.888459    0.611861    1.915891    1.977612    1.595342    0.992520    1.152615    2.019791
Iteration: 879 bestvalit: 162.425000 bestmemit:    0.026777    0.054588    0.058258    0.937957    0.471771    0.405285    0.223858    0.268742    0.105639    0.319697    0.291949    1.613334    0.020725    0.002405    0.008102    8.865350    9.888459    0.611861    1.915891    1.977612    1.595342    0.992520    1.152615    2.019791
Iteration: 880 bestvalit: 162.425000 bestmemit:    0.026777    0.054588    0.058258    0.937957    0.471771    0.405285    0.223858    0.268742    0.105639    0.319697    0.291949    1.613334    0.020725    0.002405    0.008102    8.865350    9.888459    0.611861    1.915891    1.977612    1.595342    0.992520    1.152615    2.019791
Iteration: 881 bestvalit: 162.425000 bestmemit:    0.026777    0.054588    0.058258    0.937957    0.471771    0.405285    0.223858    0.268742    0.105639    0.319697    0.291949    1.613334    0.020725    0.002405    0.008102    8.865350    9.888459    0.611861    1.915891    1.977612    1.595342    0.992520    1.152615    2.019791
Iteration: 882 bestvalit: 162.425000 bestmemit:    0.026777    0.054588    0.058258    0.937957    0.471771    0.405285    0.223858    0.268742    0.105639    0.319697    0.291949    1.613334    0.020725    0.002405    0.008102    8.865350    9.888459    0.611861    1.915891    1.977612    1.595342    0.992520    1.152615    2.019791
Iteration: 883 bestvalit: 162.425000 bestmemit:    0.026777    0.054588    0.058258    0.937957    0.471771    0.405285    0.223858    0.268742    0.105639    0.319697    0.291949    1.613334    0.020725    0.002405    0.008102    8.865350    9.888459    0.611861    1.915891    1.977612    1.595342    0.992520    1.152615    2.019791
Iteration: 884 bestvalit: 162.425000 bestmemit:    0.026777    0.054588    0.058258    0.937957    0.471771    0.405285    0.223858    0.268742    0.105639    0.319697    0.291949    1.613334    0.020725    0.002405    0.008102    8.865350    9.888459    0.611861    1.915891    1.977612    1.595342    0.992520    1.152615    2.019791
Iteration: 885 bestvalit: 162.425000 bestmemit:    0.026777    0.054588    0.058258    0.937957    0.471771    0.405285    0.223858    0.268742    0.105639    0.319697    0.291949    1.613334    0.020725    0.002405    0.008102    8.865350    9.888459    0.611861    1.915891    1.977612    1.595342    0.992520    1.152615    2.019791
Iteration: 886 bestvalit: 162.425000 bestmemit:    0.026777    0.054588    0.058258    0.937957    0.471771    0.405285    0.223858    0.268742    0.105639    0.319697    0.291949    1.613334    0.020725    0.002405    0.008102    8.865350    9.888459    0.611861    1.915891    1.977612    1.595342    0.992520    1.152615    2.019791
Iteration: 887 bestvalit: 162.425000 bestmemit:    0.026777    0.054588    0.058258    0.937957    0.471771    0.405285    0.223858    0.268742    0.105639    0.319697    0.291949    1.613334    0.020725    0.002405    0.008102    8.865350    9.888459    0.611861    1.915891    1.977612    1.595342    0.992520    1.152615    2.019791
Iteration: 888 bestvalit: 162.425000 bestmemit:    0.026777    0.054588    0.058258    0.937957    0.471771    0.405285    0.223858    0.268742    0.105639    0.319697    0.291949    1.613334    0.020725    0.002405    0.008102    8.865350    9.888459    0.611861    1.915891    1.977612    1.595342    0.992520    1.152615    2.019791
Iteration: 889 bestvalit: 162.425000 bestmemit:    0.026777    0.054588    0.058258    0.937957    0.471771    0.405285    0.223858    0.268742    0.105639    0.319697    0.291949    1.613334    0.020725    0.002405    0.008102    8.865350    9.888459    0.611861    1.915891    1.977612    1.595342    0.992520    1.152615    2.019791
Iteration: 890 bestvalit: 162.425000 bestmemit:    0.026777    0.054588    0.058258    0.937957    0.471771    0.405285    0.223858    0.268742    0.105639    0.319697    0.291949    1.613334    0.020725    0.002405    0.008102    8.865350    9.888459    0.611861    1.915891    1.977612    1.595342    0.992520    1.152615    2.019791
Iteration: 891 bestvalit: 162.425000 bestmemit:    0.026777    0.054588    0.058258    0.937957    0.471771    0.405285    0.223858    0.268742    0.105639    0.319697    0.291949    1.613334    0.020725    0.002405    0.008102    8.865350    9.888459    0.611861    1.915891    1.977612    1.595342    0.992520    1.152615    2.019791
Iteration: 892 bestvalit: 162.425000 bestmemit:    0.026777    0.054588    0.058258    0.937957    0.471771    0.405285    0.223858    0.268742    0.105639    0.319697    0.291949    1.613334    0.020725    0.002405    0.008102    8.865350    9.888459    0.611861    1.915891    1.977612    1.595342    0.992520    1.152615    2.019791
Iteration: 893 bestvalit: 162.425000 bestmemit:    0.026777    0.054588    0.058258    0.937957    0.471771    0.405285    0.223858    0.268742    0.105639    0.319697    0.291949    1.613334    0.020725    0.002405    0.008102    8.865350    9.888459    0.611861    1.915891    1.977612    1.595342    0.992520    1.152615    2.019791
Iteration: 894 bestvalit: 162.425000 bestmemit:    0.026777    0.054588    0.058258    0.937957    0.471771    0.405285    0.223858    0.268742    0.105639    0.319697    0.291949    1.613334    0.020725    0.002405    0.008102    8.865350    9.888459    0.611861    1.915891    1.977612    1.595342    0.992520    1.152615    2.019791
Iteration: 895 bestvalit: 162.425000 bestmemit:    0.026777    0.054588    0.058258    0.937957    0.471771    0.405285    0.223858    0.268742    0.105639    0.319697    0.291949    1.613334    0.020725    0.002405    0.008102    8.865350    9.888459    0.611861    1.915891    1.977612    1.595342    0.992520    1.152615    2.019791
Iteration: 896 bestvalit: 162.425000 bestmemit:    0.026777    0.054588    0.058258    0.937957    0.471771    0.405285    0.223858    0.268742    0.105639    0.319697    0.291949    1.613334    0.020725    0.002405    0.008102    8.865350    9.888459    0.611861    1.915891    1.977612    1.595342    0.992520    1.152615    2.019791
Iteration: 897 bestvalit: 162.425000 bestmemit:    0.026777    0.054588    0.058258    0.937957    0.471771    0.405285    0.223858    0.268742    0.105639    0.319697    0.291949    1.613334    0.020725    0.002405    0.008102    8.865350    9.888459    0.611861    1.915891    1.977612    1.595342    0.992520    1.152615    2.019791
Iteration: 898 bestvalit: 162.425000 bestmemit:    0.026777    0.054588    0.058258    0.937957    0.471771    0.405285    0.223858    0.268742    0.105639    0.319697    0.291949    1.613334    0.020725    0.002405    0.008102    8.865350    9.888459    0.611861    1.915891    1.977612    1.595342    0.992520    1.152615    2.019791
Iteration: 899 bestvalit: 162.425000 bestmemit:    0.026777    0.054588    0.058258    0.937957    0.471771    0.405285    0.223858    0.268742    0.105639    0.319697    0.291949    1.613334    0.020725    0.002405    0.008102    8.865350    9.888459    0.611861    1.915891    1.977612    1.595342    0.992520    1.152615    2.019791
Iteration: 900 bestvalit: 162.425000 bestmemit:    0.026777    0.054588    0.058258    0.937957    0.471771    0.405285    0.223858    0.268742    0.105639    0.319697    0.291949    1.613334    0.020725    0.002405    0.008102    8.865350    9.888459    0.611861    1.915891    1.977612    1.595342    0.992520    1.152615    2.019791
Iteration: 901 bestvalit: 162.425000 bestmemit:    0.026777    0.054588    0.058258    0.937957    0.471771    0.405285    0.223858    0.268742    0.105639    0.319697    0.291949    1.613334    0.020725    0.002405    0.008102    8.865350    9.888459    0.611861    1.915891    1.977612    1.595342    0.992520    1.152615    2.019791
Iteration: 902 bestvalit: 162.425000 bestmemit:    0.026777    0.054588    0.058258    0.937957    0.471771    0.405285    0.223858    0.268742    0.105639    0.319697    0.291949    1.613334    0.020725    0.002405    0.008102    8.865350    9.888459    0.611861    1.915891    1.977612    1.595342    0.992520    1.152615    2.019791
Iteration: 903 bestvalit: 162.425000 bestmemit:    0.026777    0.054588    0.058258    0.937957    0.471771    0.405285    0.223858    0.268742    0.105639    0.319697    0.291949    1.613334    0.020725    0.002405    0.008102    8.865350    9.888459    0.611861    1.915891    1.977612    1.595342    0.992520    1.152615    2.019791
Iteration: 904 bestvalit: 162.425000 bestmemit:    0.026777    0.054588    0.058258    0.937957    0.471771    0.405285    0.223858    0.268742    0.105639    0.319697    0.291949    1.613334    0.020725    0.002405    0.008102    8.865350    9.888459    0.611861    1.915891    1.977612    1.595342    0.992520    1.152615    2.019791
Iteration: 905 bestvalit: 162.425000 bestmemit:    0.026777    0.054588    0.058258    0.937957    0.471771    0.405285    0.223858    0.268742    0.105639    0.319697    0.291949    1.613334    0.020725    0.002405    0.008102    8.865350    9.888459    0.611861    1.915891    1.977612    1.595342    0.992520    1.152615    2.019791
Iteration: 906 bestvalit: 162.425000 bestmemit:    0.026777    0.054588    0.058258    0.937957    0.471771    0.405285    0.223858    0.268742    0.105639    0.319697    0.291949    1.613334    0.020725    0.002405    0.008102    8.865350    9.888459    0.611861    1.915891    1.977612    1.595342    0.992520    1.152615    2.019791
Iteration: 907 bestvalit: 162.425000 bestmemit:    0.026777    0.054588    0.058258    0.937957    0.471771    0.405285    0.223858    0.268742    0.105639    0.319697    0.291949    1.613334    0.020725    0.002405    0.008102    8.865350    9.888459    0.611861    1.915891    1.977612    1.595342    0.992520    1.152615    2.019791
Iteration: 908 bestvalit: 162.425000 bestmemit:    0.026777    0.054588    0.058258    0.937957    0.471771    0.405285    0.223858    0.268742    0.105639    0.319697    0.291949    1.613334    0.020725    0.002405    0.008102    8.865350    9.888459    0.611861    1.915891    1.977612    1.595342    0.992520    1.152615    2.019791
Iteration: 909 bestvalit: 162.425000 bestmemit:    0.026777    0.054588    0.058258    0.937957    0.471771    0.405285    0.223858    0.268742    0.105639    0.319697    0.291949    1.613334    0.020725    0.002405    0.008102    8.865350    9.888459    0.611861    1.915891    1.977612    1.595342    0.992520    1.152615    2.019791
Iteration: 910 bestvalit: 162.425000 bestmemit:    0.026777    0.054588    0.058258    0.937957    0.471771    0.405285    0.223858    0.268742    0.105639    0.319697    0.291949    1.613334    0.020725    0.002405    0.008102    8.865350    9.888459    0.611861    1.915891    1.977612    1.595342    0.992520    1.152615    2.019791
Iteration: 911 bestvalit: 162.425000 bestmemit:    0.026777    0.054588    0.058258    0.937957    0.471771    0.405285    0.223858    0.268742    0.105639    0.319697    0.291949    1.613334    0.020725    0.002405    0.008102    8.865350    9.888459    0.611861    1.915891    1.977612    1.595342    0.992520    1.152615    2.019791
Iteration: 912 bestvalit: 162.425000 bestmemit:    0.026777    0.054588    0.058258    0.937957    0.471771    0.405285    0.223858    0.268742    0.105639    0.319697    0.291949    1.613334    0.020725    0.002405    0.008102    8.865350    9.888459    0.611861    1.915891    1.977612    1.595342    0.992520    1.152615    2.019791
Iteration: 913 bestvalit: 162.425000 bestmemit:    0.026777    0.054588    0.058258    0.937957    0.471771    0.405285    0.223858    0.268742    0.105639    0.319697    0.291949    1.613334    0.020725    0.002405    0.008102    8.865350    9.888459    0.611861    1.915891    1.977612    1.595342    0.992520    1.152615    2.019791
Iteration: 914 bestvalit: 162.425000 bestmemit:    0.026777    0.054588    0.058258    0.937957    0.471771    0.405285    0.223858    0.268742    0.105639    0.319697    0.291949    1.613334    0.020725    0.002405    0.008102    8.865350    9.888459    0.611861    1.915891    1.977612    1.595342    0.992520    1.152615    2.019791
Iteration: 915 bestvalit: 162.425000 bestmemit:    0.026777    0.054588    0.058258    0.937957    0.471771    0.405285    0.223858    0.268742    0.105639    0.319697    0.291949    1.613334    0.020725    0.002405    0.008102    8.865350    9.888459    0.611861    1.915891    1.977612    1.595342    0.992520    1.152615    2.019791
Iteration: 916 bestvalit: 162.425000 bestmemit:    0.026777    0.054588    0.058258    0.937957    0.471771    0.405285    0.223858    0.268742    0.105639    0.319697    0.291949    1.613334    0.020725    0.002405    0.008102    8.865350    9.888459    0.611861    1.915891    1.977612    1.595342    0.992520    1.152615    2.019791
Iteration: 917 bestvalit: 162.425000 bestmemit:    0.026777    0.054588    0.058258    0.937957    0.471771    0.405285    0.223858    0.268742    0.105639    0.319697    0.291949    1.613334    0.020725    0.002405    0.008102    8.865350    9.888459    0.611861    1.915891    1.977612    1.595342    0.992520    1.152615    2.019791
Iteration: 918 bestvalit: 162.425000 bestmemit:    0.026777    0.054588    0.058258    0.937957    0.471771    0.405285    0.223858    0.268742    0.105639    0.319697    0.291949    1.613334    0.020725    0.002405    0.008102    8.865350    9.888459    0.611861    1.915891    1.977612    1.595342    0.992520    1.152615    2.019791
Iteration: 919 bestvalit: 162.425000 bestmemit:    0.026777    0.054588    0.058258    0.937957    0.471771    0.405285    0.223858    0.268742    0.105639    0.319697    0.291949    1.613334    0.020725    0.002405    0.008102    8.865350    9.888459    0.611861    1.915891    1.977612    1.595342    0.992520    1.152615    2.019791
Iteration: 920 bestvalit: 162.425000 bestmemit:    0.026777    0.054588    0.058258    0.937957    0.471771    0.405285    0.223858    0.268742    0.105639    0.319697    0.291949    1.613334    0.020725    0.002405    0.008102    8.865350    9.888459    0.611861    1.915891    1.977612    1.595342    0.992520    1.152615    2.019791
Iteration: 921 bestvalit: 162.425000 bestmemit:    0.026777    0.054588    0.058258    0.937957    0.471771    0.405285    0.223858    0.268742    0.105639    0.319697    0.291949    1.613334    0.020725    0.002405    0.008102    8.865350    9.888459    0.611861    1.915891    1.977612    1.595342    0.992520    1.152615    2.019791
Iteration: 922 bestvalit: 162.425000 bestmemit:    0.026777    0.054588    0.058258    0.937957    0.471771    0.405285    0.223858    0.268742    0.105639    0.319697    0.291949    1.613334    0.020725    0.002405    0.008102    8.865350    9.888459    0.611861    1.915891    1.977612    1.595342    0.992520    1.152615    2.019791
Iteration: 923 bestvalit: 162.425000 bestmemit:    0.026777    0.054588    0.058258    0.937957    0.471771    0.405285    0.223858    0.268742    0.105639    0.319697    0.291949    1.613334    0.020725    0.002405    0.008102    8.865350    9.888459    0.611861    1.915891    1.977612    1.595342    0.992520    1.152615    2.019791
Iteration: 924 bestvalit: 162.425000 bestmemit:    0.026777    0.054588    0.058258    0.937957    0.471771    0.405285    0.223858    0.268742    0.105639    0.319697    0.291949    1.613334    0.020725    0.002405    0.008102    8.865350    9.888459    0.611861    1.915891    1.977612    1.595342    0.992520    1.152615    2.019791
Iteration: 925 bestvalit: 162.425000 bestmemit:    0.026777    0.054588    0.058258    0.937957    0.471771    0.405285    0.223858    0.268742    0.105639    0.319697    0.291949    1.613334    0.020725    0.002405    0.008102    8.865350    9.888459    0.611861    1.915891    1.977612    1.595342    0.992520    1.152615    2.019791
Iteration: 926 bestvalit: 162.425000 bestmemit:    0.026777    0.054588    0.058258    0.937957    0.471771    0.405285    0.223858    0.268742    0.105639    0.319697    0.291949    1.613334    0.020725    0.002405    0.008102    8.865350    9.888459    0.611861    1.915891    1.977612    1.595342    0.992520    1.152615    2.019791
Iteration: 927 bestvalit: 162.425000 bestmemit:    0.026777    0.054588    0.058258    0.937957    0.471771    0.405285    0.223858    0.268742    0.105639    0.319697    0.291949    1.613334    0.020725    0.002405    0.008102    8.865350    9.888459    0.611861    1.915891    1.977612    1.595342    0.992520    1.152615    2.019791
Iteration: 928 bestvalit: 162.425000 bestmemit:    0.026777    0.054588    0.058258    0.937957    0.471771    0.405285    0.223858    0.268742    0.105639    0.319697    0.291949    1.613334    0.020725    0.002405    0.008102    8.865350    9.888459    0.611861    1.915891    1.977612    1.595342    0.992520    1.152615    2.019791
Iteration: 929 bestvalit: 162.425000 bestmemit:    0.026777    0.054588    0.058258    0.937957    0.471771    0.405285    0.223858    0.268742    0.105639    0.319697    0.291949    1.613334    0.020725    0.002405    0.008102    8.865350    9.888459    0.611861    1.915891    1.977612    1.595342    0.992520    1.152615    2.019791
Iteration: 930 bestvalit: 162.425000 bestmemit:    0.026777    0.054588    0.058258    0.937957    0.471771    0.405285    0.223858    0.268742    0.105639    0.319697    0.291949    1.613334    0.020725    0.002405    0.008102    8.865350    9.888459    0.611861    1.915891    1.977612    1.595342    0.992520    1.152615    2.019791
Iteration: 931 bestvalit: 162.425000 bestmemit:    0.026777    0.054588    0.058258    0.937957    0.471771    0.405285    0.223858    0.268742    0.105639    0.319697    0.291949    1.613334    0.020725    0.002405    0.008102    8.865350    9.888459    0.611861    1.915891    1.977612    1.595342    0.992520    1.152615    2.019791
Iteration: 932 bestvalit: 162.415000 bestmemit:    0.026777    0.054588    0.058258    0.937957    0.471771    0.405285    0.223858    0.268742    0.105639    0.319697    0.291949    1.613334    0.020725    0.002405    0.008102    8.865350    9.888459    0.611861    1.915891    1.977612    1.586677    0.992520    1.152615    2.019791
Iteration: 933 bestvalit: 162.415000 bestmemit:    0.026777    0.054588    0.058258    0.937957    0.471771    0.405285    0.223858    0.268742    0.105639    0.319697    0.291949    1.613334    0.020725    0.002405    0.008102    8.865350    9.888459    0.611861    1.915891    1.977612    1.586677    0.992520    1.152615    2.019791
Iteration: 934 bestvalit: 162.415000 bestmemit:    0.026777    0.054588    0.058258    0.937957    0.471771    0.405285    0.223858    0.268742    0.105639    0.319697    0.291949    1.613334    0.020725    0.002405    0.008102    8.865350    9.888459    0.611861    1.915891    1.977612    1.586677    0.992520    1.152615    2.019791
Iteration: 935 bestvalit: 162.415000 bestmemit:    0.026777    0.054588    0.058258    0.937957    0.471771    0.405285    0.223858    0.268742    0.105639    0.319697    0.291949    1.613334    0.020725    0.002405    0.008102    8.865350    9.888459    0.611861    1.915891    1.977612    1.586677    0.992520    1.152615    2.019791
Iteration: 936 bestvalit: 162.415000 bestmemit:    0.026777    0.054588    0.058258    0.937957    0.471771    0.405285    0.223858    0.268742    0.105639    0.319697    0.291949    1.613334    0.020725    0.002405    0.008102    8.865350    9.888459    0.611861    1.915891    1.977612    1.586677    0.992520    1.152615    2.019791
Iteration: 937 bestvalit: 162.415000 bestmemit:    0.026777    0.054588    0.058258    0.937957    0.471771    0.405285    0.223858    0.268742    0.105639    0.319697    0.291949    1.613334    0.020725    0.002405    0.008102    8.865350    9.888459    0.611861    1.915891    1.977612    1.586677    0.992520    1.152615    2.019791
Iteration: 938 bestvalit: 162.415000 bestmemit:    0.026777    0.054588    0.058258    0.937957    0.471771    0.405285    0.223858    0.268742    0.105639    0.319697    0.291949    1.613334    0.020725    0.002405    0.008102    8.865350    9.888459    0.611861    1.915891    1.977612    1.586677    0.992520    1.152615    2.019791
Iteration: 939 bestvalit: 162.415000 bestmemit:    0.026777    0.054588    0.058258    0.937957    0.471771    0.405285    0.223858    0.268742    0.105639    0.319697    0.291949    1.613334    0.020725    0.002405    0.008102    8.865350    9.888459    0.611861    1.915891    1.977612    1.586677    0.992520    1.152615    2.019791
Iteration: 940 bestvalit: 162.415000 bestmemit:    0.026777    0.054588    0.058258    0.937957    0.471771    0.405285    0.223858    0.268742    0.105639    0.319697    0.291949    1.613334    0.020725    0.002405    0.008102    8.865350    9.888459    0.611861    1.915891    1.977612    1.586677    0.992520    1.152615    2.019791
Iteration: 941 bestvalit: 162.415000 bestmemit:    0.026777    0.054588    0.058258    0.937957    0.471771    0.405285    0.223858    0.268742    0.105639    0.319697    0.291949    1.613334    0.020725    0.002405    0.008102    8.865350    9.888459    0.611861    1.915891    1.977612    1.586677    0.992520    1.152615    2.019791
Iteration: 942 bestvalit: 162.415000 bestmemit:    0.026777    0.054588    0.058258    0.937957    0.471771    0.405285    0.223858    0.268742    0.105639    0.319697    0.291949    1.613334    0.020725    0.002405    0.008102    8.865350    9.888459    0.611861    1.915891    1.977612    1.586677    0.992520    1.152615    2.019791
Iteration: 943 bestvalit: 162.415000 bestmemit:    0.026777    0.054588    0.058258    0.937957    0.471771    0.405285    0.223858    0.268742    0.105639    0.319697    0.291949    1.613334    0.020725    0.002405    0.008102    8.865350    9.888459    0.611861    1.915891    1.977612    1.586677    0.992520    1.152615    2.019791
Iteration: 944 bestvalit: 162.415000 bestmemit:    0.026777    0.054588    0.058258    0.937957    0.471771    0.405285    0.223858    0.268742    0.105639    0.319697    0.291949    1.613334    0.020725    0.002405    0.008102    8.865350    9.888459    0.611861    1.915891    1.977612    1.586677    0.992520    1.152615    2.019791
Iteration: 945 bestvalit: 162.415000 bestmemit:    0.026777    0.054588    0.058258    0.937957    0.471771    0.405285    0.223858    0.268742    0.105639    0.319697    0.291949    1.613334    0.020725    0.002405    0.008102    8.865350    9.888459    0.611861    1.915891    1.977612    1.586677    0.992520    1.152615    2.019791
Iteration: 946 bestvalit: 162.415000 bestmemit:    0.026777    0.054588    0.058258    0.937957    0.471771    0.405285    0.223858    0.268742    0.105639    0.319697    0.291949    1.613334    0.020725    0.002405    0.008102    8.865350    9.888459    0.611861    1.915891    1.977612    1.586677    0.992520    1.152615    2.019791
Iteration: 947 bestvalit: 162.415000 bestmemit:    0.026777    0.054588    0.058258    0.937957    0.471771    0.405285    0.223858    0.268742    0.105639    0.319697    0.291949    1.613334    0.020725    0.002405    0.008102    8.865350    9.888459    0.611861    1.915891    1.977612    1.586677    0.992520    1.152615    2.019791
Iteration: 948 bestvalit: 162.415000 bestmemit:    0.026777    0.054588    0.058258    0.937957    0.471771    0.405285    0.223858    0.268742    0.105639    0.319697    0.291949    1.613334    0.020725    0.002405    0.008102    8.865350    9.888459    0.611861    1.915891    1.977612    1.586677    0.992520    1.152615    2.019791
Iteration: 949 bestvalit: 162.415000 bestmemit:    0.026777    0.054588    0.058258    0.937957    0.471771    0.405285    0.223858    0.268742    0.105639    0.319697    0.291949    1.613334    0.020725    0.002405    0.008102    8.865350    9.888459    0.611861    1.915891    1.977612    1.586677    0.992520    1.152615    2.019791
Iteration: 950 bestvalit: 162.415000 bestmemit:    0.026777    0.054588    0.058258    0.937957    0.471771    0.405285    0.223858    0.268742    0.105639    0.319697    0.291949    1.613334    0.020725    0.002405    0.008102    8.865350    9.888459    0.611861    1.915891    1.977612    1.586677    0.992520    1.152615    2.019791
Iteration: 951 bestvalit: 162.415000 bestmemit:    0.026777    0.054588    0.058258    0.937957    0.471771    0.405285    0.223858    0.268742    0.105639    0.319697    0.291949    1.613334    0.020725    0.002405    0.008102    8.865350    9.888459    0.611861    1.915891    1.977612    1.586677    0.992520    1.152615    2.019791
Iteration: 952 bestvalit: 162.415000 bestmemit:    0.026777    0.054588    0.058258    0.937957    0.471771    0.405285    0.223858    0.268742    0.105639    0.319697    0.291949    1.613334    0.020725    0.002405    0.008102    8.865350    9.888459    0.611861    1.915891    1.977612    1.586677    0.992520    1.152615    2.019791
Iteration: 953 bestvalit: 162.415000 bestmemit:    0.026777    0.054588    0.058258    0.937957    0.471771    0.405285    0.223858    0.268742    0.105639    0.319697    0.291949    1.613334    0.020725    0.002405    0.008102    8.865350    9.888459    0.611861    1.915891    1.977612    1.586677    0.992520    1.152615    2.019791
Iteration: 954 bestvalit: 162.415000 bestmemit:    0.026777    0.054588    0.058258    0.937957    0.471771    0.405285    0.223858    0.268742    0.105639    0.319697    0.291949    1.613334    0.020725    0.002405    0.008102    8.865350    9.888459    0.611861    1.915891    1.977612    1.586677    0.992520    1.152615    2.019791
Iteration: 955 bestvalit: 162.415000 bestmemit:    0.026777    0.054588    0.058258    0.937957    0.471771    0.405285    0.223858    0.268742    0.105639    0.319697    0.291949    1.613334    0.020725    0.002405    0.008102    8.865350    9.888459    0.611861    1.915891    1.977612    1.586677    0.992520    1.152615    2.019791
Iteration: 956 bestvalit: 162.415000 bestmemit:    0.026777    0.054588    0.058258    0.937957    0.471771    0.405285    0.223858    0.268742    0.105639    0.319697    0.291949    1.613334    0.020725    0.002405    0.008102    8.865350    9.888459    0.611861    1.915891    1.977612    1.586677    0.992520    1.152615    2.019791
Iteration: 957 bestvalit: 162.415000 bestmemit:    0.026777    0.054588    0.058258    0.937957    0.471771    0.405285    0.223858    0.268742    0.105639    0.319697    0.291949    1.613334    0.020725    0.002405    0.008102    8.865350    9.888459    0.611861    1.915891    1.977612    1.586677    0.992520    1.152615    2.019791
Iteration: 958 bestvalit: 162.415000 bestmemit:    0.026777    0.054588    0.058258    0.937957    0.471771    0.405285    0.223858    0.268742    0.105639    0.319697    0.291949    1.613334    0.020725    0.002405    0.008102    8.865350    9.888459    0.611861    1.915891    1.977612    1.586677    0.992520    1.152615    2.019791
Iteration: 959 bestvalit: 162.415000 bestmemit:    0.026777    0.054588    0.058258    0.937957    0.471771    0.405285    0.223858    0.268742    0.105639    0.319697    0.291949    1.613334    0.020725    0.002405    0.008102    8.865350    9.888459    0.611861    1.915891    1.977612    1.586677    0.992520    1.152615    2.019791
Iteration: 960 bestvalit: 162.415000 bestmemit:    0.026777    0.054588    0.058258    0.937957    0.471771    0.405285    0.223858    0.268742    0.105639    0.319697    0.291949    1.613334    0.020725    0.002405    0.008102    8.865350    9.888459    0.611861    1.915891    1.977612    1.586677    0.992520    1.152615    2.019791
Iteration: 961 bestvalit: 162.415000 bestmemit:    0.026777    0.054588    0.058258    0.937957    0.471771    0.405285    0.223858    0.268742    0.105639    0.319697    0.291949    1.613334    0.020725    0.002405    0.008102    8.865350    9.888459    0.611861    1.915891    1.977612    1.586677    0.992520    1.152615    2.019791
Iteration: 962 bestvalit: 162.415000 bestmemit:    0.026777    0.054588    0.058258    0.937957    0.471771    0.405285    0.223858    0.268742    0.105639    0.319697    0.291949    1.613334    0.020725    0.002405    0.008102    8.865350    9.888459    0.611861    1.915891    1.977612    1.586677    0.992520    1.152615    2.019791
Iteration: 963 bestvalit: 162.415000 bestmemit:    0.026777    0.054588    0.058258    0.937957    0.471771    0.405285    0.223858    0.268742    0.105639    0.319697    0.291949    1.613334    0.020725    0.002405    0.008102    8.865350    9.888459    0.611861    1.915891    1.977612    1.586677    0.992520    1.152615    2.019791
Iteration: 964 bestvalit: 162.415000 bestmemit:    0.026777    0.054588    0.058258    0.937957    0.471771    0.405285    0.223858    0.268742    0.105639    0.319697    0.291949    1.613334    0.020725    0.002405    0.008102    8.865350    9.888459    0.611861    1.915891    1.977612    1.586677    0.992520    1.152615    2.019791
Iteration: 965 bestvalit: 162.415000 bestmemit:    0.026777    0.054588    0.058258    0.937957    0.471771    0.405285    0.223858    0.268742    0.105639    0.319697    0.291949    1.613334    0.020725    0.002405    0.008102    8.865350    9.888459    0.611861    1.915891    1.977612    1.586677    0.992520    1.152615    2.019791
Iteration: 966 bestvalit: 162.415000 bestmemit:    0.026777    0.054588    0.058258    0.937957    0.471771    0.405285    0.223858    0.268742    0.105639    0.319697    0.291949    1.613334    0.020725    0.002405    0.008102    8.865350    9.888459    0.611861    1.915891    1.977612    1.586677    0.992520    1.152615    2.019791
Iteration: 967 bestvalit: 162.415000 bestmemit:    0.026777    0.054588    0.058258    0.937957    0.471771    0.405285    0.223858    0.268742    0.105639    0.319697    0.291949    1.613334    0.020725    0.002405    0.008102    8.865350    9.888459    0.611861    1.915891    1.977612    1.586677    0.992520    1.152615    2.019791
Iteration: 968 bestvalit: 162.415000 bestmemit:    0.026777    0.054588    0.058258    0.937957    0.471771    0.405285    0.223858    0.268742    0.105639    0.319697    0.291949    1.613334    0.020725    0.002405    0.008102    8.865350    9.888459    0.611861    1.915891    1.977612    1.586677    0.992520    1.152615    2.019791
Iteration: 969 bestvalit: 162.415000 bestmemit:    0.026777    0.054588    0.058258    0.937957    0.471771    0.405285    0.223858    0.268742    0.105639    0.319697    0.291949    1.613334    0.020725    0.002405    0.008102    8.865350    9.888459    0.611861    1.915891    1.977612    1.586677    0.992520    1.152615    2.019791
Iteration: 970 bestvalit: 162.415000 bestmemit:    0.026777    0.054588    0.058258    0.937957    0.471771    0.405285    0.223858    0.268742    0.105639    0.319697    0.291949    1.613334    0.020725    0.002405    0.008102    8.865350    9.888459    0.611861    1.915891    1.977612    1.586677    0.992520    1.152615    2.019791
Iteration: 971 bestvalit: 162.415000 bestmemit:    0.026777    0.054588    0.058258    0.937957    0.471771    0.405285    0.223858    0.268742    0.105639    0.319697    0.291949    1.613334    0.020725    0.002405    0.008102    8.865350    9.888459    0.611861    1.915891    1.977612    1.586677    0.992520    1.152615    2.019791
Iteration: 972 bestvalit: 162.415000 bestmemit:    0.026777    0.054588    0.058258    0.937957    0.471771    0.405285    0.223858    0.268742    0.105639    0.319697    0.291949    1.613334    0.020725    0.002405    0.008102    8.865350    9.888459    0.611861    1.915891    1.977612    1.586677    0.992520    1.152615    2.019791
Iteration: 973 bestvalit: 162.415000 bestmemit:    0.026777    0.054588    0.058258    0.937957    0.471771    0.405285    0.223858    0.268742    0.105639    0.319697    0.291949    1.613334    0.020725    0.002405    0.008102    8.865350    9.888459    0.611861    1.915891    1.977612    1.586677    0.992520    1.152615    2.019791
Iteration: 974 bestvalit: 162.415000 bestmemit:    0.026777    0.054588    0.058258    0.937957    0.471771    0.405285    0.223858    0.268742    0.105639    0.319697    0.291949    1.613334    0.020725    0.002405    0.008102    8.865350    9.888459    0.611861    1.915891    1.977612    1.586677    0.992520    1.152615    2.019791
Iteration: 975 bestvalit: 162.415000 bestmemit:    0.026777    0.054588    0.058258    0.937957    0.471771    0.405285    0.223858    0.268742    0.105639    0.319697    0.291949    1.613334    0.020725    0.002405    0.008102    8.865350    9.888459    0.611861    1.915891    1.977612    1.586677    0.992520    1.152615    2.019791
Iteration: 976 bestvalit: 162.415000 bestmemit:    0.026777    0.054588    0.058258    0.937957    0.471771    0.405285    0.223858    0.268742    0.105639    0.319697    0.291949    1.613334    0.020725    0.002405    0.008102    8.865350    9.888459    0.611861    1.915891    1.977612    1.586677    0.992520    1.152615    2.019791
Iteration: 977 bestvalit: 162.415000 bestmemit:    0.026777    0.054588    0.058258    0.937957    0.471771    0.405285    0.223858    0.268742    0.105639    0.319697    0.291949    1.613334    0.020725    0.002405    0.008102    8.865350    9.888459    0.611861    1.915891    1.977612    1.586677    0.992520    1.152615    2.019791
Iteration: 978 bestvalit: 162.415000 bestmemit:    0.026777    0.054588    0.058258    0.937957    0.471771    0.405285    0.223858    0.268742    0.105639    0.319697    0.291949    1.613334    0.020725    0.002405    0.008102    8.865350    9.888459    0.611861    1.915891    1.977612    1.586677    0.992520    1.152615    2.019791
Iteration: 979 bestvalit: 162.415000 bestmemit:    0.026777    0.054588    0.058258    0.937957    0.471771    0.405285    0.223858    0.268742    0.105639    0.319697    0.291949    1.613334    0.020725    0.002405    0.008102    8.865350    9.888459    0.611861    1.915891    1.977612    1.586677    0.992520    1.152615    2.019791
Iteration: 980 bestvalit: 162.415000 bestmemit:    0.026777    0.054588    0.058258    0.937957    0.471771    0.405285    0.223858    0.268742    0.105639    0.319697    0.291949    1.613334    0.020725    0.002405    0.008102    8.865350    9.888459    0.611861    1.915891    1.977612    1.586677    0.992520    1.152615    2.019791
Iteration: 981 bestvalit: 162.415000 bestmemit:    0.026777    0.054588    0.058258    0.937957    0.471771    0.405285    0.223858    0.268742    0.105639    0.319697    0.291949    1.613334    0.020725    0.002405    0.008102    8.865350    9.888459    0.611861    1.915891    1.977612    1.586677    0.992520    1.152615    2.019791
Iteration: 982 bestvalit: 162.415000 bestmemit:    0.026777    0.054588    0.058258    0.937957    0.471771    0.405285    0.223858    0.268742    0.105639    0.319697    0.291949    1.613334    0.020725    0.002405    0.008102    8.865350    9.888459    0.611861    1.915891    1.977612    1.586677    0.992520    1.152615    2.019791
Iteration: 983 bestvalit: 162.415000 bestmemit:    0.026777    0.054588    0.058258    0.937957    0.471771    0.405285    0.223858    0.268742    0.105639    0.319697    0.291949    1.613334    0.020725    0.002405    0.008102    8.865350    9.888459    0.611861    1.915891    1.977612    1.586677    0.992520    1.152615    2.019791
Iteration: 984 bestvalit: 162.415000 bestmemit:    0.026777    0.054588    0.058258    0.937957    0.471771    0.405285    0.223858    0.268742    0.105639    0.319697    0.291949    1.613334    0.020725    0.002405    0.008102    8.865350    9.888459    0.611861    1.915891    1.977612    1.586677    0.992520    1.152615    2.019791
Iteration: 985 bestvalit: 162.415000 bestmemit:    0.026777    0.054588    0.058258    0.937957    0.471771    0.405285    0.223858    0.268742    0.105639    0.319697    0.291949    1.613334    0.020725    0.002405    0.008102    8.865350    9.888459    0.611861    1.915891    1.977612    1.586677    0.992520    1.152615    2.019791
Iteration: 986 bestvalit: 162.415000 bestmemit:    0.026777    0.054588    0.058258    0.937957    0.471771    0.405285    0.223858    0.268742    0.105639    0.319697    0.291949    1.613334    0.020725    0.002405    0.008102    8.865350    9.888459    0.611861    1.915891    1.977612    1.586677    0.992520    1.152615    2.019791
Iteration: 987 bestvalit: 162.415000 bestmemit:    0.026777    0.054588    0.058258    0.937957    0.471771    0.405285    0.223858    0.268742    0.105639    0.319697    0.291949    1.613334    0.020725    0.002405    0.008102    8.865350    9.888459    0.611861    1.915891    1.977612    1.586677    0.992520    1.152615    2.019791
Iteration: 988 bestvalit: 162.415000 bestmemit:    0.026777    0.054588    0.058258    0.937957    0.471771    0.405285    0.223858    0.268742    0.105639    0.319697    0.291949    1.613334    0.020725    0.002405    0.008102    8.865350    9.888459    0.611861    1.915891    1.977612    1.586677    0.992520    1.152615    2.019791
Iteration: 989 bestvalit: 162.415000 bestmemit:    0.026777    0.054588    0.058258    0.937957    0.471771    0.405285    0.223858    0.268742    0.105639    0.319697    0.291949    1.613334    0.020725    0.002405    0.008102    8.865350    9.888459    0.611861    1.915891    1.977612    1.586677    0.992520    1.152615    2.019791
Iteration: 990 bestvalit: 162.415000 bestmemit:    0.026777    0.054588    0.058258    0.937957    0.471771    0.405285    0.223858    0.268742    0.105639    0.319697    0.291949    1.613334    0.020725    0.002405    0.008102    8.865350    9.888459    0.611861    1.915891    1.977612    1.586677    0.992520    1.152615    2.019791
Iteration: 991 bestvalit: 162.415000 bestmemit:    0.026777    0.054588    0.058258    0.937957    0.471771    0.405285    0.223858    0.268742    0.105639    0.319697    0.291949    1.613334    0.020725    0.002405    0.008102    8.865350    9.888459    0.611861    1.915891    1.977612    1.586677    0.992520    1.152615    2.019791
Iteration: 992 bestvalit: 162.415000 bestmemit:    0.026777    0.054588    0.058258    0.937957    0.471771    0.405285    0.223858    0.268742    0.105639    0.319697    0.291949    1.613334    0.020725    0.002405    0.008102    8.865350    9.888459    0.611861    1.915891    1.977612    1.586677    0.992520    1.152615    2.019791
Iteration: 993 bestvalit: 162.415000 bestmemit:    0.026777    0.054588    0.058258    0.937957    0.471771    0.405285    0.223858    0.268742    0.105639    0.319697    0.291949    1.613334    0.020725    0.002405    0.008102    8.865350    9.888459    0.611861    1.915891    1.977612    1.586677    0.992520    1.152615    2.019791
Iteration: 994 bestvalit: 162.415000 bestmemit:    0.026777    0.054588    0.058258    0.937957    0.471771    0.405285    0.223858    0.268742    0.105639    0.319697    0.291949    1.613334    0.020725    0.002405    0.008102    8.865350    9.888459    0.611861    1.915891    1.977612    1.586677    0.992520    1.152615    2.019791
Iteration: 995 bestvalit: 162.415000 bestmemit:    0.026777    0.054588    0.058258    0.937957    0.471771    0.405285    0.223858    0.268742    0.105639    0.319697    0.291949    1.613334    0.020725    0.002405    0.008102    8.865350    9.888459    0.611861    1.915891    1.977612    1.586677    0.992520    1.152615    2.019791
Iteration: 996 bestvalit: 162.415000 bestmemit:    0.026777    0.054588    0.058258    0.937957    0.471771    0.405285    0.223858    0.268742    0.105639    0.319697    0.291949    1.613334    0.020725    0.002405    0.008102    8.865350    9.888459    0.611861    1.915891    1.977612    1.586677    0.992520    1.152615    2.019791
Iteration: 997 bestvalit: 162.390000 bestmemit:    0.026777    0.054588    0.058258    0.937957    0.471771    0.405285    0.223858    0.268742    0.105639    0.319697    0.291949    1.613334    0.020725    0.002405    0.008102    8.865350    9.888459    0.611861    1.915891    1.956094    1.586677    0.992520    1.152615    2.019791
Iteration: 998 bestvalit: 162.390000 bestmemit:    0.026777    0.054588    0.058258    0.937957    0.471771    0.405285    0.223858    0.268742    0.105639    0.319697    0.291949    1.613334    0.020725    0.002405    0.008102    8.865350    9.888459    0.611861    1.915891    1.956094    1.586677    0.992520    1.152615    2.019791
Iteration: 999 bestvalit: 162.390000 bestmemit:    0.026777    0.054588    0.058258    0.937957    0.471771    0.405285    0.223858    0.268742    0.105639    0.319697    0.291949    1.613334    0.020725    0.002405    0.008102    8.865350    9.888459    0.611861    1.915891    1.956094    1.586677    0.992520    1.152615    2.019791
Iteration: 1000 bestvalit: 162.390000 bestmemit:    0.026777    0.054588    0.058258    0.937957    0.471771    0.405285    0.223858    0.268742    0.105639    0.319697    0.291949    1.613334    0.020725    0.002405    0.008102    8.865350    9.888459    0.611861    1.915891    1.956094    1.586677    0.992520    1.152615    2.019791
       par1        par2        par3        par4        par5        par6        par7        par8        par9 
0.026776814 0.054587938 0.058258036 0.937957375 0.471771265 0.405285073 0.223857741 0.268742489 0.105638724 
      par10       par11       par12       par13       par14       par15       par16       par17       par18 
0.319697350 0.291949012 1.613333713 0.020724533 0.002405253 0.008102063 8.865349645 9.888458655 0.611861285 
      par19       par20       par21       par22       par23       par24 
1.915891015 1.956093938 1.586676582 0.992520282 1.152615070 2.019791274 
