TIMESTAMP,RECORD,JDAY,JHM,treatment,ring_id,block_id,year,Flow_4,Variety
20/07/2023 18:15,0,201,1815,ambient,1,1,2023,0,hs
20/07/2023 18:30,1,201,1830,ambient,1,1,2023,0,hs
20/07/2023 18:45,2,201,1845,ambient,1,1,2023,0,hs
20/07/2023 19:00,3,201,1900,ambient,1,1,2023,0,hs
20/07/2023 19:15,4,201,1915,ambient,1,1,2023,0,hs
20/07/2023 19:30,5,201,1930,ambient,1,1,2023,0,hs
20/07/2023 19:45,6,201,1945,ambient,1,1,2023,0,hs
20/07/2023 20:00,7,201,2000,ambient,1,1,2023,0,hs
20/07/2023 20:15,8,201,2015,ambient,1,1,2023,0,hs
20/07/2023 20:30,9,201,2030,ambient,1,1,2023,0,hs
20/07/2023 20:45,10,201,2045,ambient,1,1,2023,0,hs
20/07/2023 21:00,11,201,2100,ambient,1,1,2023,0,hs
20/07/2023 21:15,12,201,2115,ambient,1,1,2023,0,hs
20/07/2023 21:30,13,201,2130,ambient,1,1,2023,0,hs
20/07/2023 21:45,14,201,2145,ambient,1,1,2023,0,hs
20/07/2023 22:00,15,201,2200,ambient,1,1,2023,0,hs
20/07/2023 22:15,16,201,2215,ambient,1,1,2023,0,hs
20/07/2023 22:30,17,201,2230,ambient,1,1,2023,0,hs
20/07/2023 22:45,18,201,2245,ambient,1,1,2023,0,hs
20/07/2023 23:00,19,201,2300,ambient,1,1,2023,0,hs
20/07/2023 23:15,20,201,2315,ambient,1,1,2023,0,hs
20/07/2023 23:30,21,201,2330,ambient,1,1,2023,0,hs
20/07/2023 23:45,22,201,2345,ambient,1,1,2023,0,hs
21/07/2023 00:00,23,202,0,ambient,1,1,2023,0,hs
21/07/2023 00:15,24,202,15,ambient,1,1,2023,0,hs
21/07/2023 00:30,25,202,30,ambient,1,1,2023,0,hs
21/07/2023 00:45,26,202,45,ambient,1,1,2023,0,hs
21/07/2023 01:00,27,202,100,ambient,1,1,2023,0,hs
21/07/2023 01:15,28,202,115,ambient,1,1,2023,0,hs
21/07/2023 01:30,29,202,130,ambient,1,1,2023,0,hs
21/07/2023 01:45,30,202,145,ambient,1,1,2023,0,hs
21/07/2023 02:00,31,202,200,ambient,1,1,2023,0,hs
21/07/2023 02:15,32,202,215,ambient,1,1,2023,0,hs
21/07/2023 02:30,33,202,230,ambient,1,1,2023,0,hs
21/07/2023 02:45,34,202,245,ambient,1,1,2023,0,hs
21/07/2023 03:00,35,202,300,ambient,1,1,2023,0,hs
21/07/2023 03:15,36,202,315,ambient,1,1,2023,0,hs
21/07/2023 03:30,37,202,330,ambient,1,1,2023,0,hs
21/07/2023 03:45,38,202,345,ambient,1,1,2023,0,hs
21/07/2023 04:00,39,202,400,ambient,1,1,2023,0,hs
21/07/2023 04:15,40,202,415,ambient,1,1,2023,0,hs
21/07/2023 04:30,41,202,430,ambient,1,1,2023,0,hs
21/07/2023 04:45,42,202,445,ambient,1,1,2023,0,hs
21/07/2023 05:00,43,202,500,ambient,1,1,2023,0.01036465,hs
21/07/2023 05:15,44,202,515,ambient,1,1,2023,0.007107297,hs
21/07/2023 05:30,45,202,530,ambient,1,1,2023,0,hs
21/07/2023 05:45,46,202,545,ambient,1,1,2023,0,hs
21/07/2023 06:00,47,202,600,ambient,1,1,2023,0.04184118,hs
21/07/2023 06:15,48,202,615,ambient,1,1,2023,0.5201845,hs
21/07/2023 06:30,49,202,630,ambient,1,1,2023,1.212641,hs
21/07/2023 06:45,50,202,645,ambient,1,1,2023,2.410784,hs
21/07/2023 07:00,51,202,700,ambient,1,1,2023,3.706396,hs
21/07/2023 07:15,52,202,715,ambient,1,1,2023,4.949892,hs
21/07/2023 07:30,53,202,730,ambient,1,1,2023,6.289978,hs
21/07/2023 07:45,54,202,745,ambient,1,1,2023,8.111245,hs
21/07/2023 08:00,55,202,800,ambient,1,1,2023,8.396315,hs
21/07/2023 08:15,56,202,815,ambient,1,1,2023,7.672581,hs
21/07/2023 08:30,57,202,830,ambient,1,1,2023,10.54016,hs
21/07/2023 08:45,58,202,845,ambient,1,1,2023,12.1993,hs
21/07/2023 09:00,59,202,900,ambient,1,1,2023,14.38651,hs
21/07/2023 09:15,60,202,915,ambient,1,1,2023,13.46939,hs
21/07/2023 09:30,61,202,930,ambient,1,1,2023,14.95256,hs
21/07/2023 09:45,62,202,945,ambient,1,1,2023,14.60269,hs
21/07/2023 10:00,63,202,1000,ambient,1,1,2023,13.45701,hs
21/07/2023 10:15,64,202,1015,ambient,1,1,2023,18.91795,hs
21/07/2023 10:30,65,202,1030,ambient,1,1,2023,10.93213,hs
21/07/2023 10:45,66,202,1045,ambient,1,1,2023,11.97024,hs
21/07/2023 11:00,67,202,1100,ambient,1,1,2023,18.44172,hs
21/07/2023 11:15,68,202,1115,ambient,1,1,2023,16.49512,hs
21/07/2023 11:30,69,202,1130,ambient,1,1,2023,14.98371,hs
21/07/2023 11:45,70,202,1145,ambient,1,1,2023,21.03591,hs
21/07/2023 12:00,71,202,1200,ambient,1,1,2023,22.22691,hs
21/07/2023 12:15,72,202,1215,ambient,1,1,2023,17.66496,hs
21/07/2023 12:30,73,202,1230,ambient,1,1,2023,12.32931,hs
21/07/2023 12:45,74,202,1245,ambient,1,1,2023,12.62778,hs
21/07/2023 13:00,75,202,1300,ambient,1,1,2023,18.75542,hs
21/07/2023 13:15,76,202,1315,ambient,1,1,2023,16.91286,hs
21/07/2023 13:30,77,202,1330,ambient,1,1,2023,12.27872,hs
21/07/2023 13:45,78,202,1345,ambient,1,1,2023,14.34807,hs
21/07/2023 14:00,79,202,1400,ambient,1,1,2023,27.35446,hs
21/07/2023 14:15,80,202,1415,ambient,1,1,2023,20.68759,hs
21/07/2023 14:30,81,202,1430,ambient,1,1,2023,16.1737,hs
21/07/2023 14:45,82,202,1445,ambient,1,1,2023,20.27986,hs
21/07/2023 15:00,83,202,1500,ambient,1,1,2023,20.51089,hs
21/07/2023 15:15,84,202,1515,ambient,1,1,2023,23.88009,hs
21/07/2023 15:30,85,202,1530,ambient,1,1,2023,18.4577,hs
21/07/2023 15:45,86,202,1545,ambient,1,1,2023,21.62252,hs
21/07/2023 16:00,87,202,1600,ambient,1,1,2023,22.843,hs
21/07/2023 16:15,88,202,1615,ambient,1,1,2023,21.74636,hs
21/07/2023 16:30,89,202,1630,ambient,1,1,2023,14.5028,hs
21/07/2023 16:45,90,202,1645,ambient,1,1,2023,11.9839,hs
21/07/2023 17:00,91,202,1700,ambient,1,1,2023,15.83317,hs
21/07/2023 17:15,92,202,1715,ambient,1,1,2023,12.93162,hs
21/07/2023 17:30,93,202,1730,ambient,1,1,2023,15.27173,hs
21/07/2023 17:45,94,202,1745,ambient,1,1,2023,8.856185,hs
21/07/2023 18:00,95,202,1800,ambient,1,1,2023,13.60317,hs
21/07/2023 18:15,96,202,1815,ambient,1,1,2023,11.08519,hs
21/07/2023 18:30,97,202,1830,ambient,1,1,2023,6.329948,hs
21/07/2023 18:45,98,202,1845,ambient,1,1,2023,7.108761,hs
21/07/2023 19:00,99,202,1900,ambient,1,1,2023,9.017645,hs
21/07/2023 19:15,100,202,1915,ambient,1,1,2023,8.084942,hs
21/07/2023 19:30,101,202,1930,ambient,1,1,2023,6.745087,hs
21/07/2023 19:45,102,202,1945,ambient,1,1,2023,3.852392,hs
21/07/2023 20:00,103,202,2000,ambient,1,1,2023,2.236722,hs
21/07/2023 20:15,104,202,2015,ambient,1,1,2023,0.957393,hs
21/07/2023 20:30,105,202,2030,ambient,1,1,2023,0.4113427,hs
21/07/2023 20:45,106,202,2045,ambient,1,1,2023,0.06688913,hs
21/07/2023 21:00,107,202,2100,ambient,1,1,2023,0,hs
21/07/2023 21:15,108,202,2115,ambient,1,1,2023,0,hs
21/07/2023 21:30,109,202,2130,ambient,1,1,2023,0,hs
21/07/2023 21:45,110,202,2145,ambient,1,1,2023,0,hs
21/07/2023 22:00,111,202,2200,ambient,1,1,2023,0,hs
21/07/2023 22:15,112,202,2215,ambient,1,1,2023,0,hs
21/07/2023 22:30,113,202,2230,ambient,1,1,2023,0,hs
21/07/2023 22:45,114,202,2245,ambient,1,1,2023,0,hs
21/07/2023 23:00,115,202,2300,ambient,1,1,2023,0,hs
21/07/2023 23:15,116,202,2315,ambient,1,1,2023,0,hs
21/07/2023 23:30,117,202,2330,ambient,1,1,2023,0,hs
21/07/2023 23:45,118,202,2345,ambient,1,1,2023,0,hs
22/07/2023 00:00,119,203,0,ambient,1,1,2023,0,hs
22/07/2023 00:15,120,203,15,ambient,1,1,2023,0,hs
22/07/2023 00:30,121,203,30,ambient,1,1,2023,0,hs
22/07/2023 00:45,122,203,45,ambient,1,1,2023,0,hs
22/07/2023 01:00,123,203,100,ambient,1,1,2023,0,hs
22/07/2023 01:15,124,203,115,ambient,1,1,2023,0.03016602,hs
22/07/2023 01:30,125,203,130,ambient,1,1,2023,0.1823377,hs
22/07/2023 01:45,126,203,145,ambient,1,1,2023,0.2495775,hs
22/07/2023 02:00,127,203,200,ambient,1,1,2023,0.3464584,hs
22/07/2023 02:15,128,203,215,ambient,1,1,2023,0.4546624,hs
22/07/2023 02:30,129,203,230,ambient,1,1,2023,0.1133123,hs
22/07/2023 02:45,130,203,245,ambient,1,1,2023,0,hs
22/07/2023 03:00,131,203,300,ambient,1,1,2023,0.2727847,hs
22/07/2023 03:15,132,203,315,ambient,1,1,2023,0.2133896,hs
22/07/2023 03:30,133,203,330,ambient,1,1,2023,0.02468242,hs
22/07/2023 03:45,134,203,345,ambient,1,1,2023,0,hs
22/07/2023 04:00,135,203,400,ambient,1,1,2023,0,hs
22/07/2023 04:15,136,203,415,ambient,1,1,2023,0,hs
22/07/2023 04:30,137,203,430,ambient,1,1,2023,0,hs
22/07/2023 04:45,138,203,445,ambient,1,1,2023,0,hs
22/07/2023 05:00,139,203,500,ambient,1,1,2023,0.2629836,hs
22/07/2023 05:15,140,203,515,ambient,1,1,2023,0.2617645,hs
22/07/2023 05:30,141,203,530,ambient,1,1,2023,0.6418201,hs
22/07/2023 05:45,142,203,545,ambient,1,1,2023,0.5832928,hs
22/07/2023 06:00,143,203,600,ambient,1,1,2023,0.693523,hs
22/07/2023 06:15,144,203,615,ambient,1,1,2023,1.295996,hs
22/07/2023 06:30,145,203,630,ambient,1,1,2023,2.355876,hs
22/07/2023 06:45,146,203,645,ambient,1,1,2023,4.017122,hs
22/07/2023 07:00,147,203,700,ambient,1,1,2023,4.507037,hs
22/07/2023 07:15,148,203,715,ambient,1,1,2023,3.339466,hs
22/07/2023 07:30,149,203,730,ambient,1,1,2023,2.666365,hs
22/07/2023 07:45,150,203,745,ambient,1,1,2023,3.118798,hs
22/07/2023 08:00,151,203,800,ambient,1,1,2023,4.39035,hs
22/07/2023 08:15,152,203,815,ambient,1,1,2023,6.359524,hs
22/07/2023 08:30,153,203,830,ambient,1,1,2023,8.658089,hs
22/07/2023 08:45,154,203,845,ambient,1,1,2023,10.27049,hs
22/07/2023 09:00,155,203,900,ambient,1,1,2023,11.5535,hs
22/07/2023 09:15,156,203,915,ambient,1,1,2023,12.81364,hs
22/07/2023 09:30,157,203,930,ambient,1,1,2023,13.12905,hs
22/07/2023 09:45,158,203,945,ambient,1,1,2023,14.50287,hs
22/07/2023 10:00,159,203,1000,ambient,1,1,2023,16.98962,hs
22/07/2023 10:15,160,203,1015,ambient,1,1,2023,19.4091,hs
22/07/2023 10:30,161,203,1030,ambient,1,1,2023,20.82136,hs
22/07/2023 10:45,162,203,1045,ambient,1,1,2023,20.03716,hs
22/07/2023 11:00,163,203,1100,ambient,1,1,2023,20.67579,hs
22/07/2023 11:15,164,203,1115,ambient,1,1,2023,19.62026,hs
22/07/2023 11:30,165,203,1130,ambient,1,1,2023,19.1195,hs
22/07/2023 11:45,166,203,1145,ambient,1,1,2023,19.79955,hs
22/07/2023 12:00,167,203,1200,ambient,1,1,2023,21.82542,hs
22/07/2023 12:15,168,203,1215,ambient,1,1,2023,24.99399,hs
22/07/2023 12:30,169,203,1230,ambient,1,1,2023,22.4359,hs
22/07/2023 12:45,170,203,1245,ambient,1,1,2023,22.33465,hs
22/07/2023 13:00,171,203,1300,ambient,1,1,2023,22.2261,hs
22/07/2023 13:15,172,203,1315,ambient,1,1,2023,22.59191,hs
22/07/2023 13:30,173,203,1330,ambient,1,1,2023,20.41028,hs
22/07/2023 13:45,174,203,1345,ambient,1,1,2023,20.91641,hs
22/07/2023 14:00,175,203,1400,ambient,1,1,2023,23.44624,hs
22/07/2023 14:15,176,203,1415,ambient,1,1,2023,13.90387,hs
22/07/2023 14:30,177,203,1430,ambient,1,1,2023,14.41114,hs
22/07/2023 14:45,178,203,1445,ambient,1,1,2023,9.36909,hs
22/07/2023 15:00,179,203,1500,ambient,1,1,2023,9.351594,hs
22/07/2023 15:15,180,203,1515,ambient,1,1,2023,21.02719,hs
22/07/2023 15:30,181,203,1530,ambient,1,1,2023,23.25504,hs
22/07/2023 15:45,182,203,1545,ambient,1,1,2023,23.18548,hs
22/07/2023 16:00,183,203,1600,ambient,1,1,2023,9.971643,hs
22/07/2023 16:15,184,203,1615,ambient,1,1,2023,8.162817,hs
22/07/2023 16:30,185,203,1630,ambient,1,1,2023,9.068217,hs
22/07/2023 16:45,186,203,1645,ambient,1,1,2023,9.146691,hs
22/07/2023 17:00,187,203,1700,ambient,1,1,2023,12.60039,hs
22/07/2023 17:15,188,203,1715,ambient,1,1,2023,18.90466,hs
22/07/2023 17:30,189,203,1730,ambient,1,1,2023,16.96698,hs
22/07/2023 17:45,190,203,1745,ambient,1,1,2023,11.90513,hs
22/07/2023 18:00,191,203,1800,ambient,1,1,2023,9.31636,hs
22/07/2023 18:15,192,203,1815,ambient,1,1,2023,8.452769,hs
22/07/2023 18:30,193,203,1830,ambient,1,1,2023,8.788479,hs
22/07/2023 18:45,194,203,1845,ambient,1,1,2023,8.381837,hs
22/07/2023 19:00,195,203,1900,ambient,1,1,2023,7.506381,hs
22/07/2023 19:15,196,203,1915,ambient,1,1,2023,5.953237,hs
22/07/2023 19:30,197,203,1930,ambient,1,1,2023,3.952795,hs
22/07/2023 19:45,198,203,1945,ambient,1,1,2023,2.357524,hs
22/07/2023 20:00,199,203,2000,ambient,1,1,2023,1.324245,hs
22/07/2023 20:15,200,203,2015,ambient,1,1,2023,0.348076,hs
22/07/2023 20:30,201,203,2030,ambient,1,1,2023,0,hs
22/07/2023 20:45,202,203,2045,ambient,1,1,2023,0,hs
22/07/2023 21:00,203,203,2100,ambient,1,1,2023,0,hs
22/07/2023 21:15,204,203,2115,ambient,1,1,2023,0,hs
22/07/2023 21:30,205,203,2130,ambient,1,1,2023,0,hs
22/07/2023 21:45,206,203,2145,ambient,1,1,2023,0,hs
22/07/2023 22:00,207,203,2200,ambient,1,1,2023,0.1093083,hs
22/07/2023 22:15,208,203,2215,ambient,1,1,2023,0.09361513,hs
22/07/2023 22:30,209,203,2230,ambient,1,1,2023,0,hs
22/07/2023 22:45,210,203,2245,ambient,1,1,2023,0,hs
22/07/2023 23:00,211,203,2300,ambient,1,1,2023,0.182225,hs
22/07/2023 23:15,212,203,2315,ambient,1,1,2023,0.5759812,hs
22/07/2023 23:30,213,203,2330,ambient,1,1,2023,0.6054022,hs
22/07/2023 23:45,214,203,2345,ambient,1,1,2023,0.2612865,hs
23/07/2023 00:00,215,204,0,ambient,1,1,2023,0.06503364,hs
23/07/2023 00:15,216,204,15,ambient,1,1,2023,0.1538679,hs
23/07/2023 00:30,217,204,30,ambient,1,1,2023,0.03292092,hs
23/07/2023 00:45,218,204,45,ambient,1,1,2023,0,hs
23/07/2023 01:00,219,204,100,ambient,1,1,2023,0.268442,hs
23/07/2023 01:15,220,204,115,ambient,1,1,2023,0.6148022,hs
23/07/2023 01:30,221,204,130,ambient,1,1,2023,0.7061617,hs
23/07/2023 01:45,222,204,145,ambient,1,1,2023,0.5975437,hs
23/07/2023 02:00,223,204,200,ambient,1,1,2023,1.037745,hs
23/07/2023 02:15,224,204,215,ambient,1,1,2023,1.346917,hs
23/07/2023 02:30,225,204,230,ambient,1,1,2023,0.866478,hs
23/07/2023 02:45,226,204,245,ambient,1,1,2023,0.5717283,hs
23/07/2023 03:00,227,204,300,ambient,1,1,2023,0.4428313,hs
23/07/2023 03:15,228,204,315,ambient,1,1,2023,1.546383,hs
23/07/2023 03:30,229,204,330,ambient,1,1,2023,3.401973,hs
23/07/2023 03:45,230,204,345,ambient,1,1,2023,2.627041,hs
23/07/2023 04:00,231,204,400,ambient,1,1,2023,1.44557,hs
23/07/2023 04:15,232,204,415,ambient,1,1,2023,0.7996492,hs
23/07/2023 04:30,233,204,430,ambient,1,1,2023,0.8486398,hs
23/07/2023 04:45,234,204,445,ambient,1,1,2023,1.115187,hs
23/07/2023 05:00,235,204,500,ambient,1,1,2023,0.8350421,hs
23/07/2023 05:15,236,204,515,ambient,1,1,2023,0.3030045,hs
23/07/2023 05:30,237,204,530,ambient,1,1,2023,0,hs
23/07/2023 05:45,238,204,545,ambient,1,1,2023,0,hs
23/07/2023 06:00,239,204,600,ambient,1,1,2023,0.1029426,hs
23/07/2023 06:15,240,204,615,ambient,1,1,2023,0.3076184,hs
23/07/2023 06:30,241,204,630,ambient,1,1,2023,0.454852,hs
23/07/2023 06:45,242,204,645,ambient,1,1,2023,0.6795555,hs
23/07/2023 07:00,243,204,700,ambient,1,1,2023,0.9393601,hs
23/07/2023 07:15,244,204,715,ambient,1,1,2023,1.119984,hs
23/07/2023 07:30,245,204,730,ambient,1,1,2023,1.158001,hs
23/07/2023 07:45,246,204,745,ambient,1,1,2023,0.9416717,hs
23/07/2023 08:00,247,204,800,ambient,1,1,2023,2.231862,hs
23/07/2023 08:15,248,204,815,ambient,1,1,2023,3.947259,hs
23/07/2023 08:30,249,204,830,ambient,1,1,2023,5.491522,hs
23/07/2023 08:45,250,204,845,ambient,1,1,2023,7.989681,hs
23/07/2023 09:00,251,204,900,ambient,1,1,2023,10.69149,hs
23/07/2023 09:15,252,204,915,ambient,1,1,2023,13.80685,hs
23/07/2023 09:30,253,204,930,ambient,1,1,2023,14.29604,hs
23/07/2023 09:45,254,204,945,ambient,1,1,2023,15.62886,hs
23/07/2023 10:00,255,204,1000,ambient,1,1,2023,14.77511,hs
23/07/2023 10:15,256,204,1015,ambient,1,1,2023,15.18969,hs
23/07/2023 10:30,257,204,1030,ambient,1,1,2023,16.99583,hs
23/07/2023 10:45,258,204,1045,ambient,1,1,2023,18.42511,hs
23/07/2023 11:00,259,204,1100,ambient,1,1,2023,18.53067,hs
23/07/2023 11:15,260,204,1115,ambient,1,1,2023,19.26614,hs
23/07/2023 11:30,261,204,1130,ambient,1,1,2023,19.53358,hs
23/07/2023 11:45,262,204,1145,ambient,1,1,2023,20.85373,hs
23/07/2023 12:00,263,204,1200,ambient,1,1,2023,21.63367,hs
23/07/2023 12:15,264,204,1215,ambient,1,1,2023,22.05038,hs
23/07/2023 12:30,265,204,1230,ambient,1,1,2023,22.39293,hs
23/07/2023 12:45,266,204,1245,ambient,1,1,2023,21.98473,hs
23/07/2023 13:00,267,204,1300,ambient,1,1,2023,22.79751,hs
23/07/2023 13:15,268,204,1315,ambient,1,1,2023,21.84999,hs
23/07/2023 13:30,269,204,1330,ambient,1,1,2023,21.10245,hs
23/07/2023 13:45,270,204,1345,ambient,1,1,2023,21.32353,hs
23/07/2023 14:00,271,204,1400,ambient,1,1,2023,22.02807,hs
23/07/2023 14:15,272,204,1415,ambient,1,1,2023,17.41391,hs
23/07/2023 14:30,273,204,1430,ambient,1,1,2023,17.74052,hs
23/07/2023 14:45,274,204,1445,ambient,1,1,2023,22.22537,hs
23/07/2023 15:00,275,204,1500,ambient,1,1,2023,17.70408,hs
23/07/2023 15:15,276,204,1515,ambient,1,1,2023,18.38696,hs
23/07/2023 15:30,277,204,1530,ambient,1,1,2023,21.18714,hs
23/07/2023 15:45,278,204,1545,ambient,1,1,2023,21.48462,hs
23/07/2023 16:00,279,204,1600,ambient,1,1,2023,21.96369,hs
23/07/2023 16:15,280,204,1615,ambient,1,1,2023,20.47927,hs
23/07/2023 16:30,281,204,1630,ambient,1,1,2023,21.08657,hs
23/07/2023 16:45,282,204,1645,ambient,1,1,2023,12.88299,hs
23/07/2023 17:00,283,204,1700,ambient,1,1,2023,11.91975,hs
23/07/2023 17:15,284,204,1715,ambient,1,1,2023,17.76399,hs
23/07/2023 17:30,285,204,1730,ambient,1,1,2023,11.86183,hs
23/07/2023 17:45,286,204,1745,ambient,1,1,2023,11.70903,hs
23/07/2023 18:00,287,204,1800,ambient,1,1,2023,14.1317,hs
23/07/2023 18:15,288,204,1815,ambient,1,1,2023,13.00624,hs
23/07/2023 18:30,289,204,1830,ambient,1,1,2023,10.14542,hs
23/07/2023 18:45,290,204,1845,ambient,1,1,2023,7.794396,hs
23/07/2023 19:00,291,204,1900,ambient,1,1,2023,4.515296,hs
23/07/2023 19:15,292,204,1915,ambient,1,1,2023,4.054709,hs
23/07/2023 19:30,293,204,1930,ambient,1,1,2023,2.515851,hs
23/07/2023 19:45,294,204,1945,ambient,1,1,2023,1.636317,hs
23/07/2023 20:00,295,204,2000,ambient,1,1,2023,0.8320584,hs
23/07/2023 20:15,296,204,2015,ambient,1,1,2023,0.1073257,hs
23/07/2023 20:30,297,204,2030,ambient,1,1,2023,0,hs
23/07/2023 20:45,298,204,2045,ambient,1,1,2023,0,hs
23/07/2023 21:00,299,204,2100,ambient,1,1,2023,0,hs
23/07/2023 21:15,300,204,2115,ambient,1,1,2023,0,hs
23/07/2023 21:30,301,204,2130,ambient,1,1,2023,0,hs
23/07/2023 21:45,302,204,2145,ambient,1,1,2023,0,hs
23/07/2023 22:00,303,204,2200,ambient,1,1,2023,0,hs
23/07/2023 22:15,304,204,2215,ambient,1,1,2023,0,hs
23/07/2023 22:30,305,204,2230,ambient,1,1,2023,0,hs
23/07/2023 22:45,306,204,2245,ambient,1,1,2023,0.1570625,hs
23/07/2023 23:00,307,204,2300,ambient,1,1,2023,0.6071943,hs
23/07/2023 23:15,308,204,2315,ambient,1,1,2023,0.6654731,hs
23/07/2023 23:30,309,204,2330,ambient,1,1,2023,0.2302995,hs
23/07/2023 23:45,310,204,2345,ambient,1,1,2023,0,hs
24/07/2023 00:00,311,205,0,ambient,1,1,2023,0.1798281,hs
24/07/2023 00:15,312,205,15,ambient,1,1,2023,0.5931325,hs
24/07/2023 00:30,313,205,30,ambient,1,1,2023,0.3063851,hs
24/07/2023 00:45,314,205,45,ambient,1,1,2023,0,hs
24/07/2023 01:00,315,205,100,ambient,1,1,2023,0,hs
24/07/2023 01:15,316,205,115,ambient,1,1,2023,0,hs
24/07/2023 01:30,317,205,130,ambient,1,1,2023,0.2617775,hs
24/07/2023 01:45,318,205,145,ambient,1,1,2023,0.716001,hs
24/07/2023 02:00,319,205,200,ambient,1,1,2023,0.339587,hs
24/07/2023 02:15,320,205,215,ambient,1,1,2023,0.137253,hs
24/07/2023 02:30,321,205,230,ambient,1,1,2023,0,hs
24/07/2023 02:45,322,205,245,ambient,1,1,2023,0,hs
24/07/2023 03:00,323,205,300,ambient,1,1,2023,0,hs
24/07/2023 03:15,324,205,315,ambient,1,1,2023,0,hs
24/07/2023 03:30,325,205,330,ambient,1,1,2023,0,hs
24/07/2023 03:45,326,205,345,ambient,1,1,2023,0.215609,hs
24/07/2023 04:00,327,205,400,ambient,1,1,2023,0.02145927,hs
24/07/2023 04:15,328,205,415,ambient,1,1,2023,0.05130823,hs
24/07/2023 04:30,329,205,430,ambient,1,1,2023,0.2509664,hs
24/07/2023 04:45,330,205,445,ambient,1,1,2023,0.1422764,hs
24/07/2023 05:00,331,205,500,ambient,1,1,2023,0.2252072,hs
24/07/2023 05:15,332,205,515,ambient,1,1,2023,0.2777018,hs
24/07/2023 05:30,333,205,530,ambient,1,1,2023,0.2407269,hs
24/07/2023 05:45,334,205,545,ambient,1,1,2023,0.3471197,hs
24/07/2023 06:00,335,205,600,ambient,1,1,2023,0.6908135,hs
24/07/2023 06:15,336,205,615,ambient,1,1,2023,1.084708,hs
24/07/2023 06:30,337,205,630,ambient,1,1,2023,1.415787,hs
24/07/2023 06:45,338,205,645,ambient,1,1,2023,1.945139,hs
24/07/2023 07:00,339,205,700,ambient,1,1,2023,2.598238,hs
24/07/2023 07:15,340,205,715,ambient,1,1,2023,2.590122,hs
24/07/2023 07:30,341,205,730,ambient,1,1,2023,2.128684,hs
24/07/2023 07:45,342,205,745,ambient,1,1,2023,1.850285,hs
24/07/2023 08:00,343,205,800,ambient,1,1,2023,2.23205,hs
24/07/2023 08:15,344,205,815,ambient,1,1,2023,3.141322,hs
24/07/2023 08:30,345,205,830,ambient,1,1,2023,4.316289,hs
24/07/2023 08:45,346,205,845,ambient,1,1,2023,5.717002,hs
24/07/2023 09:00,347,205,900,ambient,1,1,2023,6.011672,hs
24/07/2023 09:15,348,205,915,ambient,1,1,2023,6.922032,hs
24/07/2023 09:30,349,205,930,ambient,1,1,2023,8.929696,hs
24/07/2023 09:45,350,205,945,ambient,1,1,2023,14.07281,hs
24/07/2023 10:00,351,205,1000,ambient,1,1,2023,15.36817,hs
24/07/2023 10:15,352,205,1015,ambient,1,1,2023,16.68037,hs
24/07/2023 10:30,353,205,1030,ambient,1,1,2023,18.45363,hs
24/07/2023 10:45,354,205,1045,ambient,1,1,2023,20.38128,hs
24/07/2023 11:00,355,205,1100,ambient,1,1,2023,21.75047,hs
24/07/2023 11:15,356,205,1115,ambient,1,1,2023,23.50489,hs
24/07/2023 11:30,357,205,1130,ambient,1,1,2023,22.74574,hs
24/07/2023 11:45,358,205,1145,ambient,1,1,2023,23.11222,hs
24/07/2023 12:00,359,205,1200,ambient,1,1,2023,25.41031,hs
24/07/2023 12:15,360,205,1215,ambient,1,1,2023,25.17632,hs
24/07/2023 12:30,361,205,1230,ambient,1,1,2023,21.71673,hs
24/07/2023 12:45,362,205,1245,ambient,1,1,2023,21.86521,hs
24/07/2023 13:00,363,205,1300,ambient,1,1,2023,22.72809,hs
24/07/2023 13:15,364,205,1315,ambient,1,1,2023,18.21021,hs
24/07/2023 13:30,365,205,1330,ambient,1,1,2023,14.81456,hs
24/07/2023 13:45,366,205,1345,ambient,1,1,2023,15.3719,hs
24/07/2023 14:00,367,205,1400,ambient,1,1,2023,12.32056,hs
24/07/2023 14:15,368,205,1415,ambient,1,1,2023,24.25996,hs
24/07/2023 14:30,369,205,1430,ambient,1,1,2023,20.79318,hs
24/07/2023 14:45,370,205,1445,ambient,1,1,2023,21.93684,hs
24/07/2023 15:00,371,205,1500,ambient,1,1,2023,25.18135,hs
24/07/2023 15:15,372,205,1515,ambient,1,1,2023,20.43495,hs
24/07/2023 15:30,373,205,1530,ambient,1,1,2023,17.78912,hs
24/07/2023 15:45,374,205,1545,ambient,1,1,2023,15.79032,hs
24/07/2023 16:00,375,205,1600,ambient,1,1,2023,21.42563,hs
24/07/2023 16:15,376,205,1615,ambient,1,1,2023,21.58838,hs
24/07/2023 16:30,377,205,1630,ambient,1,1,2023,22.05843,hs
24/07/2023 16:45,378,205,1645,ambient,1,1,2023,19.79588,hs
24/07/2023 17:00,379,205,1700,ambient,1,1,2023,18.41899,hs
24/07/2023 17:15,380,205,1715,ambient,1,1,2023,17.83887,hs
24/07/2023 17:30,381,205,1730,ambient,1,1,2023,16.47599,hs
24/07/2023 17:45,382,205,1745,ambient,1,1,2023,16.29158,hs
24/07/2023 18:00,383,205,1800,ambient,1,1,2023,14.19684,hs
24/07/2023 18:15,384,205,1815,ambient,1,1,2023,14.46809,hs
24/07/2023 18:30,385,205,1830,ambient,1,1,2023,11.42654,hs
24/07/2023 18:45,386,205,1845,ambient,1,1,2023,8.651333,hs
24/07/2023 19:00,387,205,1900,ambient,1,1,2023,7.126652,hs
24/07/2023 19:15,388,205,1915,ambient,1,1,2023,5.345758,hs
24/07/2023 19:30,389,205,1930,ambient,1,1,2023,3.372708,hs
24/07/2023 19:45,390,205,1945,ambient,1,1,2023,1.670995,hs
24/07/2023 20:00,391,205,2000,ambient,1,1,2023,0.5384879,hs
24/07/2023 20:15,392,205,2015,ambient,1,1,2023,0,hs
24/07/2023 20:30,393,205,2030,ambient,1,1,2023,0,hs
24/07/2023 20:45,394,205,2045,ambient,1,1,2023,0,hs
24/07/2023 21:00,395,205,2100,ambient,1,1,2023,0,hs
24/07/2023 21:15,396,205,2115,ambient,1,1,2023,0,hs
24/07/2023 21:30,397,205,2130,ambient,1,1,2023,0,hs
24/07/2023 21:45,398,205,2145,ambient,1,1,2023,0,hs
24/07/2023 22:00,399,205,2200,ambient,1,1,2023,0,hs
24/07/2023 22:15,400,205,2215,ambient,1,1,2023,0,hs
24/07/2023 22:30,401,205,2230,ambient,1,1,2023,0.08967296,hs
24/07/2023 22:45,402,205,2245,ambient,1,1,2023,0.1810692,hs
24/07/2023 23:00,403,205,2300,ambient,1,1,2023,0.2534088,hs
24/07/2023 23:15,404,205,2315,ambient,1,1,2023,0.2785332,hs
24/07/2023 23:30,405,205,2330,ambient,1,1,2023,0.146206,hs
24/07/2023 23:45,406,205,2345,ambient,1,1,2023,0,hs
25/07/2023 00:00,407,206,0,ambient,1,1,2023,0,hs
25/07/2023 00:15,408,206,15,ambient,1,1,2023,0,hs
25/07/2023 00:30,409,206,30,ambient,1,1,2023,0.1940422,hs
25/07/2023 00:45,410,206,45,ambient,1,1,2023,0.4070208,hs
25/07/2023 01:00,411,206,100,ambient,1,1,2023,0.4169946,hs
25/07/2023 01:15,412,206,115,ambient,1,1,2023,0.1755943,hs
25/07/2023 01:30,413,206,130,ambient,1,1,2023,0,hs
25/07/2023 01:45,414,206,145,ambient,1,1,2023,0.304676,hs
25/07/2023 02:00,415,206,200,ambient,1,1,2023,0.2621817,hs
25/07/2023 02:15,416,206,215,ambient,1,1,2023,0.1932979,hs
25/07/2023 02:30,417,206,230,ambient,1,1,2023,0.1558429,hs
25/07/2023 02:45,418,206,245,ambient,1,1,2023,0.1708709,hs
25/07/2023 03:00,419,206,300,ambient,1,1,2023,0.445324,hs
25/07/2023 03:15,420,206,315,ambient,1,1,2023,0.6523319,hs
25/07/2023 03:30,421,206,330,ambient,1,1,2023,0.6157673,hs
25/07/2023 03:45,422,206,345,ambient,1,1,2023,0.7475231,hs
25/07/2023 04:00,423,206,400,ambient,1,1,2023,0.6753583,hs
25/07/2023 04:15,424,206,415,ambient,1,1,2023,0.6759056,hs
25/07/2023 04:30,425,206,430,ambient,1,1,2023,0.5994912,hs
25/07/2023 04:45,426,206,445,ambient,1,1,2023,0.8800952,hs
25/07/2023 05:00,427,206,500,ambient,1,1,2023,0.2363384,hs
25/07/2023 05:15,428,206,515,ambient,1,1,2023,0.05194361,hs
25/07/2023 05:30,429,206,530,ambient,1,1,2023,0.04590719,hs
25/07/2023 05:45,430,206,545,ambient,1,1,2023,0.08867507,hs
25/07/2023 06:00,431,206,600,ambient,1,1,2023,0.7890617,hs
25/07/2023 06:15,432,206,615,ambient,1,1,2023,0.6981069,hs
25/07/2023 06:30,433,206,630,ambient,1,1,2023,0.9343207,hs
25/07/2023 06:45,434,206,645,ambient,1,1,2023,1.901758,hs
25/07/2023 07:00,435,206,700,ambient,1,1,2023,3.085845,hs
25/07/2023 07:15,436,206,715,ambient,1,1,2023,3.401548,hs
25/07/2023 07:30,437,206,730,ambient,1,1,2023,2.612894,hs
25/07/2023 07:45,438,206,745,ambient,1,1,2023,2.14951,hs
25/07/2023 08:00,439,206,800,ambient,1,1,2023,2.66089,hs
25/07/2023 08:15,440,206,815,ambient,1,1,2023,3.905434,hs
25/07/2023 08:30,441,206,830,ambient,1,1,2023,5.384058,hs
25/07/2023 08:45,442,206,845,ambient,1,1,2023,7.690596,hs
25/07/2023 09:00,443,206,900,ambient,1,1,2023,9.82127,hs
25/07/2023 09:15,444,206,915,ambient,1,1,2023,11.56305,hs
25/07/2023 09:30,445,206,930,ambient,1,1,2023,12.78061,hs
25/07/2023 09:45,446,206,945,ambient,1,1,2023,14.81898,hs
25/07/2023 10:00,447,206,1000,ambient,1,1,2023,16.73224,hs
25/07/2023 10:15,448,206,1015,ambient,1,1,2023,18.323,hs
25/07/2023 10:30,449,206,1030,ambient,1,1,2023,17.52818,hs
25/07/2023 10:45,450,206,1045,ambient,1,1,2023,20.17246,hs
25/07/2023 11:00,451,206,1100,ambient,1,1,2023,20.96018,hs
25/07/2023 11:15,452,206,1115,ambient,1,1,2023,20.97068,hs
25/07/2023 11:30,453,206,1130,ambient,1,1,2023,21.23511,hs
25/07/2023 11:45,454,206,1145,ambient,1,1,2023,21.52649,hs
25/07/2023 12:00,455,206,1200,ambient,1,1,2023,21.66113,hs
25/07/2023 12:15,456,206,1215,ambient,1,1,2023,21.1633,hs
25/07/2023 12:30,457,206,1230,ambient,1,1,2023,22.24663,hs
25/07/2023 12:45,458,206,1245,ambient,1,1,2023,23.6603,hs
25/07/2023 13:00,459,206,1300,ambient,1,1,2023,21.48104,hs
25/07/2023 13:15,460,206,1315,ambient,1,1,2023,20.13846,hs
25/07/2023 13:30,461,206,1330,ambient,1,1,2023,19.05756,hs
25/07/2023 13:45,462,206,1345,ambient,1,1,2023,19.37516,hs
25/07/2023 14:00,463,206,1400,ambient,1,1,2023,20.03432,hs
25/07/2023 14:15,464,206,1415,ambient,1,1,2023,21.01872,hs
25/07/2023 14:30,465,206,1430,ambient,1,1,2023,19.92676,hs
25/07/2023 14:45,466,206,1445,ambient,1,1,2023,18.18717,hs
25/07/2023 15:00,467,206,1500,ambient,1,1,2023,19.63925,hs
25/07/2023 15:15,468,206,1515,ambient,1,1,2023,18.98248,hs
25/07/2023 15:30,469,206,1530,ambient,1,1,2023,18.64376,hs
25/07/2023 15:45,470,206,1545,ambient,1,1,2023,19.2132,hs
25/07/2023 16:00,471,206,1600,ambient,1,1,2023,17.72012,hs
25/07/2023 16:15,472,206,1615,ambient,1,1,2023,15.05103,hs
25/07/2023 16:30,473,206,1630,ambient,1,1,2023,14.81667,hs
25/07/2023 16:45,474,206,1645,ambient,1,1,2023,16.10652,hs
25/07/2023 17:00,475,206,1700,ambient,1,1,2023,16.13754,hs
25/07/2023 17:15,476,206,1715,ambient,1,1,2023,15.49965,hs
25/07/2023 17:30,477,206,1730,ambient,1,1,2023,14.6582,hs
25/07/2023 17:45,478,206,1745,ambient,1,1,2023,13.25357,hs
25/07/2023 18:00,479,206,1800,ambient,1,1,2023,11.8145,hs
25/07/2023 18:15,480,206,1815,ambient,1,1,2023,10.36871,hs
25/07/2023 18:30,481,206,1830,ambient,1,1,2023,9.048031,hs
25/07/2023 18:45,482,206,1845,ambient,1,1,2023,7.505025,hs
25/07/2023 19:00,483,206,1900,ambient,1,1,2023,5.014636,hs
25/07/2023 19:15,484,206,1915,ambient,1,1,2023,3.016537,hs
25/07/2023 19:30,485,206,1930,ambient,1,1,2023,2.504998,hs
25/07/2023 19:45,486,206,1945,ambient,1,1,2023,1.376537,hs
25/07/2023 20:00,487,206,2000,ambient,1,1,2023,0.3698616,hs
25/07/2023 20:15,488,206,2015,ambient,1,1,2023,0,hs
25/07/2023 20:30,489,206,2030,ambient,1,1,2023,0,hs
25/07/2023 20:45,490,206,2045,ambient,1,1,2023,0,hs
25/07/2023 21:00,491,206,2100,ambient,1,1,2023,0.2095058,hs
25/07/2023 21:15,492,206,2115,ambient,1,1,2023,0.0491564,hs
25/07/2023 21:30,493,206,2130,ambient,1,1,2023,0,hs
25/07/2023 21:45,494,206,2145,ambient,1,1,2023,0,hs
25/07/2023 22:00,495,206,2200,ambient,1,1,2023,0,hs
25/07/2023 22:15,496,206,2215,ambient,1,1,2023,0,hs
25/07/2023 22:30,497,206,2230,ambient,1,1,2023,0,hs
25/07/2023 22:45,498,206,2245,ambient,1,1,2023,0,hs
25/07/2023 23:00,499,206,2300,ambient,1,1,2023,0,hs
25/07/2023 23:15,500,206,2315,ambient,1,1,2023,0,hs
25/07/2023 23:30,501,206,2330,ambient,1,1,2023,0,hs
25/07/2023 23:45,502,206,2345,ambient,1,1,2023,0,hs
26/07/2023 00:00,503,207,0,ambient,1,1,2023,0,hs
26/07/2023 00:15,504,207,15,ambient,1,1,2023,0,hs
26/07/2023 00:30,505,207,30,ambient,1,1,2023,0,hs
26/07/2023 00:45,506,207,45,ambient,1,1,2023,0,hs
26/07/2023 01:00,507,207,100,ambient,1,1,2023,0,hs
26/07/2023 01:15,508,207,115,ambient,1,1,2023,0.1249623,hs
26/07/2023 01:30,509,207,130,ambient,1,1,2023,0.1846584,hs
26/07/2023 01:45,510,207,145,ambient,1,1,2023,0.122891,hs
26/07/2023 02:00,511,207,200,ambient,1,1,2023,0.004925677,hs
26/07/2023 02:15,512,207,215,ambient,1,1,2023,0.02487015,hs
26/07/2023 02:30,513,207,230,ambient,1,1,2023,0,hs
26/07/2023 02:45,514,207,245,ambient,1,1,2023,0.03739009,hs
26/07/2023 03:00,515,207,300,ambient,1,1,2023,0.1297874,hs
26/07/2023 03:15,516,207,315,ambient,1,1,2023,0.1738824,hs
26/07/2023 03:30,517,207,330,ambient,1,1,2023,0.2114772,hs
26/07/2023 03:45,518,207,345,ambient,1,1,2023,0.2952305,hs
26/07/2023 04:00,519,207,400,ambient,1,1,2023,0.6881665,hs
26/07/2023 04:15,520,207,415,ambient,1,1,2023,0.9858019,hs
26/07/2023 04:30,521,207,430,ambient,1,1,2023,1.312782,hs
26/07/2023 04:45,522,207,445,ambient,1,1,2023,1.347478,hs
26/07/2023 05:00,523,207,500,ambient,1,1,2023,0.7464313,hs
26/07/2023 05:15,524,207,515,ambient,1,1,2023,0.3743595,hs
26/07/2023 05:30,525,207,530,ambient,1,1,2023,0.1928767,hs
26/07/2023 05:45,526,207,545,ambient,1,1,2023,0,hs
26/07/2023 06:00,527,207,600,ambient,1,1,2023,0,hs
26/07/2023 06:15,528,207,615,ambient,1,1,2023,0,hs
26/07/2023 06:30,529,207,630,ambient,1,1,2023,0.3369694,hs
26/07/2023 06:45,530,207,645,ambient,1,1,2023,0.7124718,hs
26/07/2023 07:00,531,207,700,ambient,1,1,2023,0.4525892,hs
26/07/2023 07:15,532,207,715,ambient,1,1,2023,0.8421114,hs
26/07/2023 07:30,533,207,730,ambient,1,1,2023,1.342308,hs
26/07/2023 07:45,534,207,745,ambient,1,1,2023,1.642897,hs
26/07/2023 08:00,535,207,800,ambient,1,1,2023,2.912777,hs
26/07/2023 08:15,536,207,815,ambient,1,1,2023,4.182951,hs
26/07/2023 08:30,537,207,830,ambient,1,1,2023,6.186723,hs
26/07/2023 08:45,538,207,845,ambient,1,1,2023,9.097796,hs
26/07/2023 09:00,539,207,900,ambient,1,1,2023,9.97141,hs
26/07/2023 09:15,540,207,915,ambient,1,1,2023,10.26421,hs
26/07/2023 09:30,541,207,930,ambient,1,1,2023,11.33495,hs
26/07/2023 09:45,542,207,945,ambient,1,1,2023,15.83495,hs
26/07/2023 10:00,543,207,1000,ambient,1,1,2023,18.16884,hs
26/07/2023 10:15,544,207,1015,ambient,1,1,2023,16.742,hs
26/07/2023 10:30,545,207,1030,ambient,1,1,2023,16.51939,hs
26/07/2023 10:45,546,207,1045,ambient,1,1,2023,12.17708,hs
26/07/2023 11:00,547,207,1100,ambient,1,1,2023,11.89383,hs
26/07/2023 11:15,548,207,1115,ambient,1,1,2023,11.63587,hs
26/07/2023 11:30,549,207,1130,ambient,1,1,2023,11.47135,hs
26/07/2023 11:45,550,207,1145,ambient,1,1,2023,12.16967,hs
26/07/2023 12:00,551,207,1200,ambient,1,1,2023,8.936724,hs
26/07/2023 12:15,552,207,1215,ambient,1,1,2023,10.39515,hs
26/07/2023 12:30,553,207,1230,ambient,1,1,2023,20.87901,hs
26/07/2023 12:45,554,207,1245,ambient,1,1,2023,21.86536,hs
26/07/2023 13:00,555,207,1300,ambient,1,1,2023,21.12991,hs
26/07/2023 13:15,556,207,1315,ambient,1,1,2023,17.07724,hs
26/07/2023 13:30,557,207,1330,ambient,1,1,2023,12.77129,hs
26/07/2023 13:45,558,207,1345,ambient,1,1,2023,7.833542,hs
26/07/2023 14:00,559,207,1400,ambient,1,1,2023,3.47743,hs
26/07/2023 14:15,560,207,1415,ambient,1,1,2023,4.839774,hs
26/07/2023 14:30,561,207,1430,ambient,1,1,2023,8.660467,hs
26/07/2023 14:45,562,207,1445,ambient,1,1,2023,12.79779,hs
26/07/2023 15:00,563,207,1500,ambient,1,1,2023,16.42962,hs
26/07/2023 15:15,564,207,1515,ambient,1,1,2023,20.21286,hs
26/07/2023 15:30,565,207,1530,ambient,1,1,2023,18.58645,hs
26/07/2023 15:45,566,207,1545,ambient,1,1,2023,15.83673,hs
26/07/2023 16:00,567,207,1600,ambient,1,1,2023,17.16397,hs
26/07/2023 16:15,568,207,1615,ambient,1,1,2023,15.0225,hs
26/07/2023 16:30,569,207,1630,ambient,1,1,2023,14.7422,hs
26/07/2023 16:45,570,207,1645,ambient,1,1,2023,17.10326,hs
26/07/2023 17:00,571,207,1700,ambient,1,1,2023,16.54684,hs
26/07/2023 17:15,572,207,1715,ambient,1,1,2023,15.93683,hs
26/07/2023 17:30,573,207,1730,ambient,1,1,2023,15.34904,hs
26/07/2023 17:45,574,207,1745,ambient,1,1,2023,14.23993,hs
26/07/2023 18:00,575,207,1800,ambient,1,1,2023,12.73395,hs
26/07/2023 18:15,576,207,1815,ambient,1,1,2023,10.80553,hs
26/07/2023 18:30,577,207,1830,ambient,1,1,2023,8.791682,hs
26/07/2023 18:45,578,207,1845,ambient,1,1,2023,7.06755,hs
26/07/2023 19:00,579,207,1900,ambient,1,1,2023,6.053394,hs
26/07/2023 19:15,580,207,1915,ambient,1,1,2023,4.214047,hs
26/07/2023 19:30,581,207,1930,ambient,1,1,2023,3.266259,hs
26/07/2023 19:45,582,207,1945,ambient,1,1,2023,2.281062,hs
26/07/2023 20:00,583,207,2000,ambient,1,1,2023,1.483322,hs
26/07/2023 20:15,584,207,2015,ambient,1,1,2023,0.863234,hs
26/07/2023 20:30,585,207,2030,ambient,1,1,2023,0.433129,hs
26/07/2023 20:45,586,207,2045,ambient,1,1,2023,0.3189641,hs
26/07/2023 21:00,587,207,2100,ambient,1,1,2023,0.3032839,hs
26/07/2023 21:15,588,207,2115,ambient,1,1,2023,0.2321394,hs
26/07/2023 21:30,589,207,2130,ambient,1,1,2023,0.1225969,hs
26/07/2023 21:45,590,207,2145,ambient,1,1,2023,0.06737044,hs
26/07/2023 22:00,591,207,2200,ambient,1,1,2023,0.1429825,hs
26/07/2023 22:15,592,207,2215,ambient,1,1,2023,0.2837139,hs
26/07/2023 22:30,593,207,2230,ambient,1,1,2023,0.4022798,hs
26/07/2023 22:45,594,207,2245,ambient,1,1,2023,0.527598,hs
26/07/2023 23:00,595,207,2300,ambient,1,1,2023,0.3465059,hs
26/07/2023 23:15,596,207,2315,ambient,1,1,2023,0.1758645,hs
26/07/2023 23:30,597,207,2330,ambient,1,1,2023,0.1143873,hs
26/07/2023 23:45,598,207,2345,ambient,1,1,2023,0.1257903,hs
27/07/2023 00:00,599,208,0,ambient,1,1,2023,0.04761738,hs
27/07/2023 00:15,600,208,15,ambient,1,1,2023,0.1178724,hs
27/07/2023 00:30,601,208,30,ambient,1,1,2023,0.004907193,hs
27/07/2023 00:45,602,208,45,ambient,1,1,2023,0,hs
27/07/2023 01:00,603,208,100,ambient,1,1,2023,0,hs
27/07/2023 01:15,604,208,115,ambient,1,1,2023,0,hs
27/07/2023 01:30,605,208,130,ambient,1,1,2023,0,hs
27/07/2023 01:45,606,208,145,ambient,1,1,2023,0,hs
27/07/2023 02:00,607,208,200,ambient,1,1,2023,0,hs
27/07/2023 02:15,608,208,215,ambient,1,1,2023,0,hs
27/07/2023 02:30,609,208,230,ambient,1,1,2023,0,hs
27/07/2023 02:45,610,208,245,ambient,1,1,2023,0,hs
27/07/2023 03:00,611,208,300,ambient,1,1,2023,0,hs
27/07/2023 03:15,612,208,315,ambient,1,1,2023,0,hs
27/07/2023 03:30,613,208,330,ambient,1,1,2023,0,hs
27/07/2023 03:45,614,208,345,ambient,1,1,2023,0,hs
27/07/2023 04:00,615,208,400,ambient,1,1,2023,0,hs
27/07/2023 04:15,616,208,415,ambient,1,1,2023,0,hs
27/07/2023 04:30,617,208,430,ambient,1,1,2023,0,hs
27/07/2023 04:45,618,208,445,ambient,1,1,2023,0,hs
27/07/2023 05:00,619,208,500,ambient,1,1,2023,0.05160765,hs
27/07/2023 05:15,620,208,515,ambient,1,1,2023,0.108784,hs
27/07/2023 05:30,621,208,530,ambient,1,1,2023,0.1899978,hs
27/07/2023 05:45,622,208,545,ambient,1,1,2023,0.3838007,hs
27/07/2023 06:00,623,208,600,ambient,1,1,2023,0.7210767,hs
27/07/2023 06:15,624,208,615,ambient,1,1,2023,0.9587691,hs
27/07/2023 06:30,625,208,630,ambient,1,1,2023,1.05404,hs
27/07/2023 06:45,626,208,645,ambient,1,1,2023,1.244239,hs
27/07/2023 07:00,627,208,700,ambient,1,1,2023,1.585203,hs
27/07/2023 07:15,628,208,715,ambient,1,1,2023,1.953801,hs
27/07/2023 07:30,629,208,730,ambient,1,1,2023,2.485199,hs
27/07/2023 07:45,630,208,745,ambient,1,1,2023,3.474221,hs
27/07/2023 08:00,631,208,800,ambient,1,1,2023,4.522618,hs
27/07/2023 08:15,632,208,815,ambient,1,1,2023,5.699119,hs
27/07/2023 08:30,633,208,830,ambient,1,1,2023,6.679552,hs
27/07/2023 08:45,634,208,845,ambient,1,1,2023,7.982563,hs
27/07/2023 09:00,635,208,900,ambient,1,1,2023,9.721889,hs
27/07/2023 09:15,636,208,915,ambient,1,1,2023,11.35343,hs
27/07/2023 09:30,637,208,930,ambient,1,1,2023,12.06425,hs
27/07/2023 09:45,638,208,945,ambient,1,1,2023,12.4525,hs
27/07/2023 10:00,639,208,1000,ambient,1,1,2023,13.83286,hs
27/07/2023 10:15,640,208,1015,ambient,1,1,2023,14.98325,hs
27/07/2023 10:30,641,208,1030,ambient,1,1,2023,16.59797,hs
27/07/2023 10:45,642,208,1045,ambient,1,1,2023,17.87721,hs
27/07/2023 11:00,643,208,1100,ambient,1,1,2023,19.07546,hs
27/07/2023 11:15,644,208,1115,ambient,1,1,2023,14.86964,hs
27/07/2023 11:30,645,208,1130,ambient,1,1,2023,12.08844,hs
27/07/2023 11:45,646,208,1145,ambient,1,1,2023,16.0569,hs
27/07/2023 12:00,647,208,1200,ambient,1,1,2023,20.46847,hs
27/07/2023 12:15,648,208,1215,ambient,1,1,2023,20.34813,hs
27/07/2023 12:30,649,208,1230,ambient,1,1,2023,21.21927,hs
27/07/2023 12:45,650,208,1245,ambient,1,1,2023,20.47346,hs
27/07/2023 13:00,651,208,1300,ambient,1,1,2023,16.04982,hs
27/07/2023 13:15,652,208,1315,ambient,1,1,2023,12.99796,hs
27/07/2023 13:30,653,208,1330,ambient,1,1,2023,18.13394,hs
27/07/2023 13:45,654,208,1345,ambient,1,1,2023,20.27384,hs
27/07/2023 14:00,655,208,1400,ambient,1,1,2023,18.95114,hs
27/07/2023 14:15,656,208,1415,ambient,1,1,2023,18.98738,hs
27/07/2023 14:30,657,208,1430,ambient,1,1,2023,21.35014,hs
27/07/2023 14:45,658,208,1445,ambient,1,1,2023,16.5843,hs
27/07/2023 15:00,659,208,1500,ambient,1,1,2023,17.47333,hs
27/07/2023 15:15,660,208,1515,ambient,1,1,2023,18.50769,hs
27/07/2023 15:30,661,208,1530,ambient,1,1,2023,18.52165,hs
27/07/2023 15:45,662,208,1545,ambient,1,1,2023,19.09151,hs
27/07/2023 16:00,663,208,1600,ambient,1,1,2023,18.70993,hs
27/07/2023 16:15,664,208,1615,ambient,1,1,2023,16.92792,hs
27/07/2023 16:30,665,208,1630,ambient,1,1,2023,17.98631,hs
27/07/2023 16:45,666,208,1645,ambient,1,1,2023,17.90084,hs
27/07/2023 17:00,667,208,1700,ambient,1,1,2023,17.08014,hs
27/07/2023 17:15,668,208,1715,ambient,1,1,2023,16.11379,hs
27/07/2023 17:30,669,208,1730,ambient,1,1,2023,15.12629,hs
27/07/2023 17:45,670,208,1745,ambient,1,1,2023,13.5736,hs
27/07/2023 18:00,671,208,1800,ambient,1,1,2023,12.14871,hs
27/07/2023 18:15,672,208,1815,ambient,1,1,2023,10.00484,hs
27/07/2023 18:30,673,208,1830,ambient,1,1,2023,7.995571,hs
27/07/2023 18:45,674,208,1845,ambient,1,1,2023,6.696973,hs
27/07/2023 19:00,675,208,1900,ambient,1,1,2023,5.711312,hs
27/07/2023 19:15,676,208,1915,ambient,1,1,2023,4.18237,hs
27/07/2023 19:30,677,208,1930,ambient,1,1,2023,2.172639,hs
27/07/2023 19:45,678,208,1945,ambient,1,1,2023,1.289733,hs
27/07/2023 20:00,679,208,2000,ambient,1,1,2023,0.7474821,hs
27/07/2023 20:15,680,208,2015,ambient,1,1,2023,0.3082491,hs
27/07/2023 20:30,681,208,2030,ambient,1,1,2023,0.4434724,hs
27/07/2023 20:45,682,208,2045,ambient,1,1,2023,0.631619,hs
27/07/2023 21:00,683,208,2100,ambient,1,1,2023,0.3218395,hs
27/07/2023 21:15,684,208,2115,ambient,1,1,2023,0.3235061,hs
27/07/2023 21:30,685,208,2130,ambient,1,1,2023,0,hs
27/07/2023 21:45,686,208,2145,ambient,1,1,2023,0,hs
27/07/2023 22:00,687,208,2200,ambient,1,1,2023,0,hs
27/07/2023 22:15,688,208,2215,ambient,1,1,2023,0,hs
27/07/2023 22:30,689,208,2230,ambient,1,1,2023,0,hs
27/07/2023 22:45,690,208,2245,ambient,1,1,2023,0,hs
27/07/2023 23:00,691,208,2300,ambient,1,1,2023,0,hs
27/07/2023 23:15,692,208,2315,ambient,1,1,2023,0,hs
27/07/2023 23:30,693,208,2330,ambient,1,1,2023,0.03942754,hs
27/07/2023 23:45,694,208,2345,ambient,1,1,2023,0.0745959,hs
28/07/2023 00:00,695,209,0,ambient,1,1,2023,0.1226644,hs
28/07/2023 00:15,696,209,15,ambient,1,1,2023,0.2362377,hs
28/07/2023 00:30,697,209,30,ambient,1,1,2023,0.2847901,hs
28/07/2023 00:45,698,209,45,ambient,1,1,2023,0.4541154,hs
28/07/2023 01:00,699,209,100,ambient,1,1,2023,0.2349449,hs
28/07/2023 01:15,700,209,115,ambient,1,1,2023,0.4052915,hs
28/07/2023 01:30,701,209,130,ambient,1,1,2023,0.4954782,hs
28/07/2023 01:45,702,209,145,ambient,1,1,2023,0.4687095,hs
28/07/2023 02:00,703,209,200,ambient,1,1,2023,1.018865,hs
28/07/2023 02:15,704,209,215,ambient,1,1,2023,2.367725,hs
28/07/2023 02:30,705,209,230,ambient,1,1,2023,3.032551,hs
28/07/2023 02:45,706,209,245,ambient,1,1,2023,2.057456,hs
28/07/2023 03:00,707,209,300,ambient,1,1,2023,1.287514,hs
28/07/2023 03:15,708,209,315,ambient,1,1,2023,0.6351086,hs
28/07/2023 03:30,709,209,330,ambient,1,1,2023,0.06325595,hs
28/07/2023 03:45,710,209,345,ambient,1,1,2023,0.09995154,hs
28/07/2023 04:00,711,209,400,ambient,1,1,2023,0.2764498,hs
28/07/2023 04:15,712,209,415,ambient,1,1,2023,0.8533665,hs
28/07/2023 04:30,713,209,430,ambient,1,1,2023,1.092404,hs
28/07/2023 04:45,714,209,445,ambient,1,1,2023,1.404518,hs
28/07/2023 05:00,715,209,500,ambient,1,1,2023,1.237453,hs
28/07/2023 05:15,716,209,515,ambient,1,1,2023,1.10021,hs
28/07/2023 05:30,717,209,530,ambient,1,1,2023,0.7873638,hs
28/07/2023 05:45,718,209,545,ambient,1,1,2023,0.5795606,hs
28/07/2023 06:00,719,209,600,ambient,1,1,2023,0.5668756,hs
28/07/2023 06:15,720,209,615,ambient,1,1,2023,0.5796451,hs
28/07/2023 06:30,721,209,630,ambient,1,1,2023,0.7227555,hs
28/07/2023 06:45,722,209,645,ambient,1,1,2023,0.809652,hs
28/07/2023 07:00,723,209,700,ambient,1,1,2023,0.9086816,hs
28/07/2023 07:15,724,209,715,ambient,1,1,2023,1.051398,hs
28/07/2023 07:30,725,209,730,ambient,1,1,2023,0.9936393,hs
28/07/2023 07:45,726,209,745,ambient,1,1,2023,0.9926786,hs
28/07/2023 08:00,727,209,800,ambient,1,1,2023,1.520502,hs
28/07/2023 08:15,728,209,815,ambient,1,1,2023,3.368785,hs
28/07/2023 08:30,729,209,830,ambient,1,1,2023,5.857253,hs
28/07/2023 08:45,730,209,845,ambient,1,1,2023,6.594818,hs
28/07/2023 09:00,731,209,900,ambient,1,1,2023,7.492579,hs
28/07/2023 09:15,732,209,915,ambient,1,1,2023,8.423947,hs
28/07/2023 09:30,733,209,930,ambient,1,1,2023,10.22385,hs
28/07/2023 09:45,734,209,945,ambient,1,1,2023,10.70525,hs
28/07/2023 10:00,735,209,1000,ambient,1,1,2023,12.54841,hs
28/07/2023 10:15,736,209,1015,ambient,1,1,2023,13.47387,hs
28/07/2023 10:30,737,209,1030,ambient,1,1,2023,14.63916,hs
28/07/2023 10:45,738,209,1045,ambient,1,1,2023,16.51528,hs
28/07/2023 11:00,739,209,1100,ambient,1,1,2023,16.83703,hs
28/07/2023 11:15,740,209,1115,ambient,1,1,2023,17.43877,hs
28/07/2023 11:30,741,209,1130,ambient,1,1,2023,17.5947,hs
28/07/2023 11:45,742,209,1145,ambient,1,1,2023,17.5031,hs
28/07/2023 12:00,743,209,1200,ambient,1,1,2023,17.95819,hs
28/07/2023 12:15,744,209,1215,ambient,1,1,2023,18.13985,hs
28/07/2023 12:30,745,209,1230,ambient,1,1,2023,17.93297,hs
28/07/2023 12:45,746,209,1245,ambient,1,1,2023,18.31018,hs
28/07/2023 13:00,747,209,1300,ambient,1,1,2023,18.61356,hs
28/07/2023 13:15,748,209,1315,ambient,1,1,2023,18.66063,hs
28/07/2023 13:30,749,209,1330,ambient,1,1,2023,18.19588,hs
28/07/2023 13:45,750,209,1345,ambient,1,1,2023,17.21191,hs
28/07/2023 14:00,751,209,1400,ambient,1,1,2023,18.33532,hs
28/07/2023 14:15,752,209,1415,ambient,1,1,2023,17.43286,hs
28/07/2023 14:30,753,209,1430,ambient,1,1,2023,16.646,hs
28/07/2023 14:45,754,209,1445,ambient,1,1,2023,17.41954,hs
28/07/2023 15:00,755,209,1500,ambient,1,1,2023,17.9994,hs
28/07/2023 15:15,756,209,1515,ambient,1,1,2023,18.58482,hs
28/07/2023 15:30,757,209,1530,ambient,1,1,2023,17.04563,hs
28/07/2023 15:45,758,209,1545,ambient,1,1,2023,17.17459,hs
28/07/2023 16:00,759,209,1600,ambient,1,1,2023,16.10444,hs
28/07/2023 16:15,760,209,1615,ambient,1,1,2023,15.43088,hs
28/07/2023 16:30,761,209,1630,ambient,1,1,2023,15.65781,hs
28/07/2023 16:45,762,209,1645,ambient,1,1,2023,16.21539,hs
28/07/2023 17:00,763,209,1700,ambient,1,1,2023,15.91247,hs
28/07/2023 17:15,764,209,1715,ambient,1,1,2023,15.31542,hs
28/07/2023 17:30,765,209,1730,ambient,1,1,2023,14.55209,hs
28/07/2023 17:45,766,209,1745,ambient,1,1,2023,13.18679,hs
28/07/2023 18:00,767,209,1800,ambient,1,1,2023,11.9345,hs
28/07/2023 18:15,768,209,1815,ambient,1,1,2023,11.09895,hs
28/07/2023 18:30,769,209,1830,ambient,1,1,2023,10.12121,hs
28/07/2023 18:45,770,209,1845,ambient,1,1,2023,8.733432,hs
28/07/2023 19:00,771,209,1900,ambient,1,1,2023,7.117835,hs
28/07/2023 19:15,772,209,1915,ambient,1,1,2023,5.394644,hs
28/07/2023 19:30,773,209,1930,ambient,1,1,2023,3.954931,hs
28/07/2023 19:45,774,209,1945,ambient,1,1,2023,2.348605,hs
28/07/2023 20:00,775,209,2000,ambient,1,1,2023,1.23285,hs
28/07/2023 20:15,776,209,2015,ambient,1,1,2023,0.7627941,hs
28/07/2023 20:30,777,209,2030,ambient,1,1,2023,0.6019293,hs
28/07/2023 20:45,778,209,2045,ambient,1,1,2023,0.6035573,hs
28/07/2023 21:00,779,209,2100,ambient,1,1,2023,0.5779962,hs
28/07/2023 21:15,780,209,2115,ambient,1,1,2023,0.5575534,hs
28/07/2023 21:30,781,209,2130,ambient,1,1,2023,0.4720719,hs
28/07/2023 21:45,782,209,2145,ambient,1,1,2023,0.2928503,hs
28/07/2023 22:00,783,209,2200,ambient,1,1,2023,0.3598959,hs
28/07/2023 22:15,784,209,2215,ambient,1,1,2023,0.553504,hs
28/07/2023 22:30,785,209,2230,ambient,1,1,2023,0.6750312,hs
28/07/2023 22:45,786,209,2245,ambient,1,1,2023,0.8479811,hs
28/07/2023 23:00,787,209,2300,ambient,1,1,2023,0.8231369,hs
28/07/2023 23:15,788,209,2315,ambient,1,1,2023,0.8205484,hs
28/07/2023 23:30,789,209,2330,ambient,1,1,2023,0.7850323,hs
28/07/2023 23:45,790,209,2345,ambient,1,1,2023,0.6282303,hs
29/07/2023 00:00,791,210,0,ambient,1,1,2023,0.6208091,hs
29/07/2023 00:15,792,210,15,ambient,1,1,2023,0.4799819,hs
29/07/2023 00:30,793,210,30,ambient,1,1,2023,0.5740851,hs
29/07/2023 00:45,794,210,45,ambient,1,1,2023,0.4286721,hs
29/07/2023 01:00,795,210,100,ambient,1,1,2023,0,hs
29/07/2023 01:15,796,210,115,ambient,1,1,2023,0,hs
29/07/2023 01:30,797,210,130,ambient,1,1,2023,0,hs
29/07/2023 01:45,798,210,145,ambient,1,1,2023,0,hs
29/07/2023 02:00,799,210,200,ambient,1,1,2023,0,hs
29/07/2023 02:15,800,210,215,ambient,1,1,2023,0,hs
29/07/2023 02:30,801,210,230,ambient,1,1,2023,0.2657104,hs
29/07/2023 02:45,802,210,245,ambient,1,1,2023,0.5645598,hs
29/07/2023 03:00,803,210,300,ambient,1,1,2023,0.355464,hs
29/07/2023 03:15,804,210,315,ambient,1,1,2023,0.5153189,hs
29/07/2023 03:30,805,210,330,ambient,1,1,2023,0.6893628,hs
29/07/2023 03:45,806,210,345,ambient,1,1,2023,0.480671,hs
29/07/2023 04:00,807,210,400,ambient,1,1,2023,0.4306802,hs
29/07/2023 04:15,808,210,415,ambient,1,1,2023,0.04052331,hs
29/07/2023 04:30,809,210,430,ambient,1,1,2023,0.03842855,hs
29/07/2023 04:45,810,210,445,ambient,1,1,2023,0,hs
29/07/2023 05:00,811,210,500,ambient,1,1,2023,0,hs
29/07/2023 05:15,812,210,515,ambient,1,1,2023,0,hs
29/07/2023 05:30,813,210,530,ambient,1,1,2023,0.2165438,hs
29/07/2023 05:45,814,210,545,ambient,1,1,2023,0.2489711,hs
29/07/2023 06:00,815,210,600,ambient,1,1,2023,0.5142674,hs
29/07/2023 06:15,816,210,615,ambient,1,1,2023,0.8575452,hs
29/07/2023 06:30,817,210,630,ambient,1,1,2023,1.007255,hs
29/07/2023 06:45,818,210,645,ambient,1,1,2023,1.013486,hs
29/07/2023 07:00,819,210,700,ambient,1,1,2023,1.68064,hs
29/07/2023 07:15,820,210,715,ambient,1,1,2023,1.948133,hs
29/07/2023 07:30,821,210,730,ambient,1,1,2023,1.820164,hs
29/07/2023 07:45,822,210,745,ambient,1,1,2023,1.611611,hs
29/07/2023 08:00,823,210,800,ambient,1,1,2023,1.451564,hs
29/07/2023 08:15,824,210,815,ambient,1,1,2023,1.565729,hs
29/07/2023 08:30,825,210,830,ambient,1,1,2023,1.58628,hs
29/07/2023 08:45,826,210,845,ambient,1,1,2023,1.781008,hs
29/07/2023 09:00,827,210,900,ambient,1,1,2023,2.071789,hs
29/07/2023 09:15,828,210,915,ambient,1,1,2023,2.514445,hs
29/07/2023 09:30,829,210,930,ambient,1,1,2023,3.70128,hs
29/07/2023 09:45,830,210,945,ambient,1,1,2023,6.796566,hs
29/07/2023 10:00,831,210,1000,ambient,1,1,2023,9.301953,hs
29/07/2023 10:15,832,210,1015,ambient,1,1,2023,10.57493,hs
29/07/2023 10:30,833,210,1030,ambient,1,1,2023,11.71412,hs
29/07/2023 10:45,834,210,1045,ambient,1,1,2023,13.1588,hs
29/07/2023 11:00,835,210,1100,ambient,1,1,2023,15.06102,hs
29/07/2023 11:15,836,210,1115,ambient,1,1,2023,16.22261,hs
29/07/2023 11:30,837,210,1130,ambient,1,1,2023,16.54544,hs
29/07/2023 11:45,838,210,1145,ambient,1,1,2023,16.28181,hs
29/07/2023 12:00,839,210,1200,ambient,1,1,2023,16.61478,hs
29/07/2023 12:15,840,210,1215,ambient,1,1,2023,17.06839,hs
29/07/2023 12:30,841,210,1230,ambient,1,1,2023,17.43438,hs
29/07/2023 12:45,842,210,1245,ambient,1,1,2023,17.48766,hs
29/07/2023 13:00,843,210,1300,ambient,1,1,2023,17.42696,hs
29/07/2023 13:15,844,210,1315,ambient,1,1,2023,16.76139,hs
29/07/2023 13:30,845,210,1330,ambient,1,1,2023,16.78499,hs
29/07/2023 13:45,846,210,1345,ambient,1,1,2023,14.2197,hs
29/07/2023 14:00,847,210,1400,ambient,1,1,2023,13.09261,hs
29/07/2023 14:15,848,210,1415,ambient,1,1,2023,17.76122,hs
29/07/2023 14:30,849,210,1430,ambient,1,1,2023,15.85405,hs
29/07/2023 14:45,850,210,1445,ambient,1,1,2023,14.91263,hs
29/07/2023 15:00,851,210,1500,ambient,1,1,2023,15.87817,hs
29/07/2023 15:15,852,210,1515,ambient,1,1,2023,15.64956,hs
29/07/2023 15:30,853,210,1530,ambient,1,1,2023,14.30312,hs
29/07/2023 15:45,854,210,1545,ambient,1,1,2023,15.07928,hs
29/07/2023 16:00,855,210,1600,ambient,1,1,2023,13.84443,hs
29/07/2023 16:15,856,210,1615,ambient,1,1,2023,14.45798,hs
29/07/2023 16:30,857,210,1630,ambient,1,1,2023,12.06121,hs
29/07/2023 16:45,858,210,1645,ambient,1,1,2023,13.39514,hs
29/07/2023 17:00,859,210,1700,ambient,1,1,2023,11.87412,hs
29/07/2023 17:15,860,210,1715,ambient,1,1,2023,10.5574,hs
29/07/2023 17:30,861,210,1730,ambient,1,1,2023,8.529155,hs
29/07/2023 17:45,862,210,1745,ambient,1,1,2023,7.892741,hs
29/07/2023 18:00,863,210,1800,ambient,1,1,2023,8.583788,hs
29/07/2023 18:15,864,210,1815,ambient,1,1,2023,6.378772,hs
29/07/2023 18:30,865,210,1830,ambient,1,1,2023,5.680825,hs
29/07/2023 18:45,866,210,1845,ambient,1,1,2023,5.068903,hs
29/07/2023 19:00,867,210,1900,ambient,1,1,2023,4.176343,hs
29/07/2023 19:15,868,210,1915,ambient,1,1,2023,3.303158,hs
29/07/2023 19:30,869,210,1930,ambient,1,1,2023,2.474444,hs
29/07/2023 19:45,870,210,1945,ambient,1,1,2023,1.776532,hs
29/07/2023 20:00,871,210,2000,ambient,1,1,2023,1.076588,hs
29/07/2023 20:15,872,210,2015,ambient,1,1,2023,0.3954458,hs
29/07/2023 20:30,873,210,2030,ambient,1,1,2023,0.005630582,hs
29/07/2023 20:45,874,210,2045,ambient,1,1,2023,0,hs
29/07/2023 21:00,875,210,2100,ambient,1,1,2023,0,hs
29/07/2023 21:15,876,210,2115,ambient,1,1,2023,0,hs
29/07/2023 21:30,877,210,2130,ambient,1,1,2023,0.007024102,hs
29/07/2023 21:45,878,210,2145,ambient,1,1,2023,0,hs
29/07/2023 22:00,879,210,2200,ambient,1,1,2023,0,hs
29/07/2023 22:15,880,210,2215,ambient,1,1,2023,0.06179695,hs
29/07/2023 22:30,881,210,2230,ambient,1,1,2023,0.4014149,hs
29/07/2023 22:45,882,210,2245,ambient,1,1,2023,0.4350479,hs
29/07/2023 23:00,883,210,2300,ambient,1,1,2023,0.5288185,hs
29/07/2023 23:15,884,210,2315,ambient,1,1,2023,0.6037901,hs
29/07/2023 23:30,885,210,2330,ambient,1,1,2023,0.5105668,hs
29/07/2023 23:45,886,210,2345,ambient,1,1,2023,0.4179058,hs
30/07/2023 00:00,887,211,0,ambient,1,1,2023,0.2577873,hs
30/07/2023 00:15,888,211,15,ambient,1,1,2023,0.143455,hs
30/07/2023 00:30,889,211,30,ambient,1,1,2023,0.1840808,hs
30/07/2023 00:45,890,211,45,ambient,1,1,2023,0.2069485,hs
30/07/2023 01:00,891,211,100,ambient,1,1,2023,0.2547995,hs
30/07/2023 01:15,892,211,115,ambient,1,1,2023,0.4227257,hs
30/07/2023 01:30,893,211,130,ambient,1,1,2023,0.6795785,hs
30/07/2023 01:45,894,211,145,ambient,1,1,2023,0.6402663,hs
30/07/2023 02:00,895,211,200,ambient,1,1,2023,0.3770564,hs
30/07/2023 02:15,896,211,215,ambient,1,1,2023,0.4143269,hs
30/07/2023 02:30,897,211,230,ambient,1,1,2023,0.4298848,hs
30/07/2023 02:45,898,211,245,ambient,1,1,2023,0.4154538,hs
30/07/2023 03:00,899,211,300,ambient,1,1,2023,0.5425378,hs
30/07/2023 03:15,900,211,315,ambient,1,1,2023,0.5688587,hs
30/07/2023 03:30,901,211,330,ambient,1,1,2023,0.6102431,hs
30/07/2023 03:45,902,211,345,ambient,1,1,2023,0.5825245,hs
30/07/2023 04:00,903,211,400,ambient,1,1,2023,0.5185226,hs
30/07/2023 04:15,904,211,415,ambient,1,1,2023,0.3561544,hs
30/07/2023 04:30,905,211,430,ambient,1,1,2023,0.7017274,hs
30/07/2023 04:45,906,211,445,ambient,1,1,2023,0.8160912,hs
30/07/2023 05:00,907,211,500,ambient,1,1,2023,0.5563209,hs
30/07/2023 05:15,908,211,515,ambient,1,1,2023,0.6292303,hs
30/07/2023 05:30,909,211,530,ambient,1,1,2023,0.3587919,hs
30/07/2023 05:45,910,211,545,ambient,1,1,2023,0.3201869,hs
30/07/2023 06:00,911,211,600,ambient,1,1,2023,0.6964253,hs
30/07/2023 06:15,912,211,615,ambient,1,1,2023,0,hs
30/07/2023 06:30,913,211,630,ambient,1,1,2023,1.248963,hs
30/07/2023 06:45,914,211,645,ambient,1,1,2023,0,hs
30/07/2023 07:00,915,211,700,ambient,1,1,2023,3.041162,hs
30/07/2023 07:15,916,211,715,ambient,1,1,2023,2.883409,hs
30/07/2023 07:30,917,211,730,ambient,1,1,2023,2.42786,hs
30/07/2023 07:45,918,211,745,ambient,1,1,2023,2.351325,hs
30/07/2023 08:00,919,211,800,ambient,1,1,2023,2.741753,hs
30/07/2023 08:15,920,211,815,ambient,1,1,2023,3.539271,hs
30/07/2023 08:30,921,211,830,ambient,1,1,2023,5.324085,hs
30/07/2023 08:45,922,211,845,ambient,1,1,2023,7.552246,hs
30/07/2023 09:00,923,211,900,ambient,1,1,2023,10.63519,hs
30/07/2023 09:15,924,211,915,ambient,1,1,2023,14.12888,hs
30/07/2023 09:30,925,211,930,ambient,1,1,2023,15.30906,hs
30/07/2023 09:45,926,211,945,ambient,1,1,2023,15.96862,hs
30/07/2023 10:00,927,211,1000,ambient,1,1,2023,16.38105,hs
30/07/2023 10:15,928,211,1015,ambient,1,1,2023,16.86124,hs
30/07/2023 10:30,929,211,1030,ambient,1,1,2023,17.54223,hs
30/07/2023 10:45,930,211,1045,ambient,1,1,2023,17.47385,hs
30/07/2023 11:00,931,211,1100,ambient,1,1,2023,14.47287,hs
30/07/2023 11:15,932,211,1115,ambient,1,1,2023,16.67146,hs
30/07/2023 11:30,933,211,1130,ambient,1,1,2023,15.82139,hs
30/07/2023 11:45,934,211,1145,ambient,1,1,2023,20.41467,hs
30/07/2023 12:00,935,211,1200,ambient,1,1,2023,21.36527,hs
30/07/2023 12:15,936,211,1215,ambient,1,1,2023,17.70577,hs
30/07/2023 12:30,937,211,1230,ambient,1,1,2023,14.62212,hs
30/07/2023 12:45,938,211,1245,ambient,1,1,2023,17.67186,hs
30/07/2023 13:00,939,211,1300,ambient,1,1,2023,19.64793,hs
30/07/2023 13:15,940,211,1315,ambient,1,1,2023,18.7643,hs
30/07/2023 13:30,941,211,1330,ambient,1,1,2023,18.04036,hs
30/07/2023 13:45,942,211,1345,ambient,1,1,2023,17.41384,hs
30/07/2023 14:00,943,211,1400,ambient,1,1,2023,14.25175,hs
30/07/2023 14:15,944,211,1415,ambient,1,1,2023,15.51972,hs
30/07/2023 14:30,945,211,1430,ambient,1,1,2023,17.90404,hs
30/07/2023 14:45,946,211,1445,ambient,1,1,2023,17.18016,hs
30/07/2023 15:00,947,211,1500,ambient,1,1,2023,16.68044,hs
30/07/2023 15:15,948,211,1515,ambient,1,1,2023,16.71698,hs
30/07/2023 15:30,949,211,1530,ambient,1,1,2023,16.2326,hs
30/07/2023 15:45,950,211,1545,ambient,1,1,2023,15.1307,hs
30/07/2023 16:00,951,211,1600,ambient,1,1,2023,14.94011,hs
30/07/2023 16:15,952,211,1615,ambient,1,1,2023,15.2158,hs
30/07/2023 16:30,953,211,1630,ambient,1,1,2023,14.62199,hs
30/07/2023 16:45,954,211,1645,ambient,1,1,2023,14.34255,hs
30/07/2023 17:00,955,211,1700,ambient,1,1,2023,13.56735,hs
30/07/2023 17:15,956,211,1715,ambient,1,1,2023,12.38127,hs
30/07/2023 17:30,957,211,1730,ambient,1,1,2023,11.68755,hs
30/07/2023 17:45,958,211,1745,ambient,1,1,2023,10.17956,hs
30/07/2023 18:00,959,211,1800,ambient,1,1,2023,8.967983,hs
30/07/2023 18:15,960,211,1815,ambient,1,1,2023,7.569996,hs
30/07/2023 18:30,961,211,1830,ambient,1,1,2023,6.352726,hs
30/07/2023 18:45,962,211,1845,ambient,1,1,2023,5.211447,hs
30/07/2023 19:00,963,211,1900,ambient,1,1,2023,4.244623,hs
30/07/2023 19:15,964,211,1915,ambient,1,1,2023,3.465645,hs
30/07/2023 19:30,965,211,1930,ambient,1,1,2023,2.564836,hs
30/07/2023 19:45,966,211,1945,ambient,1,1,2023,1.81258,hs
30/07/2023 20:00,967,211,2000,ambient,1,1,2023,1.123316,hs
30/07/2023 20:15,968,211,2015,ambient,1,1,2023,0.7259815,hs
30/07/2023 20:30,969,211,2030,ambient,1,1,2023,0.5559931,hs
30/07/2023 20:45,970,211,2045,ambient,1,1,2023,0.2723329,hs
30/07/2023 21:00,971,211,2100,ambient,1,1,2023,0.06399058,hs
30/07/2023 21:15,972,211,2115,ambient,1,1,2023,0,hs
30/07/2023 21:30,973,211,2130,ambient,1,1,2023,0,hs
30/07/2023 21:45,974,211,2145,ambient,1,1,2023,0,hs
30/07/2023 22:00,975,211,2200,ambient,1,1,2023,0,hs
30/07/2023 22:15,976,211,2215,ambient,1,1,2023,0,hs
30/07/2023 22:30,977,211,2230,ambient,1,1,2023,0,hs
30/07/2023 22:45,978,211,2245,ambient,1,1,2023,0.01764255,hs
30/07/2023 23:00,979,211,2300,ambient,1,1,2023,0.08682267,hs
30/07/2023 23:15,980,211,2315,ambient,1,1,2023,0.4993336,hs
30/07/2023 23:30,981,211,2330,ambient,1,1,2023,0.9767672,hs
30/07/2023 23:45,982,211,2345,ambient,1,1,2023,1.137984,hs
31/07/2023 00:00,983,212,0,ambient,1,1,2023,0.8538212,hs
31/07/2023 00:15,984,212,15,ambient,1,1,2023,0.5727404,hs
31/07/2023 00:30,985,212,30,ambient,1,1,2023,0.6575813,hs
31/07/2023 00:45,986,212,45,ambient,1,1,2023,0.5006112,hs
31/07/2023 01:00,987,212,100,ambient,1,1,2023,0.2139017,hs
31/07/2023 01:15,988,212,115,ambient,1,1,2023,0.06300156,hs
31/07/2023 01:30,989,212,130,ambient,1,1,2023,0.2819963,hs
31/07/2023 01:45,990,212,145,ambient,1,1,2023,0.2140905,hs
31/07/2023 02:00,991,212,200,ambient,1,1,2023,0,hs
31/07/2023 02:15,992,212,215,ambient,1,1,2023,0,hs
31/07/2023 02:30,993,212,230,ambient,1,1,2023,0.7462581,hs
31/07/2023 02:45,994,212,245,ambient,1,1,2023,1.091486,hs
31/07/2023 03:00,995,212,300,ambient,1,1,2023,1.04148,hs
31/07/2023 03:15,996,212,315,ambient,1,1,2023,1.221092,hs
31/07/2023 03:30,997,212,330,ambient,1,1,2023,1.343609,hs
31/07/2023 03:45,998,212,345,ambient,1,1,2023,1.164519,hs
31/07/2023 04:00,999,212,400,ambient,1,1,2023,0.9661804,hs
31/07/2023 04:15,1000,212,415,ambient,1,1,2023,0.65956,hs
31/07/2023 04:30,1001,212,430,ambient,1,1,2023,0.08654957,hs
31/07/2023 04:45,1002,212,445,ambient,1,1,2023,0,hs
31/07/2023 05:00,1003,212,500,ambient,1,1,2023,0,hs
31/07/2023 05:15,1004,212,515,ambient,1,1,2023,0,hs
31/07/2023 05:30,1005,212,530,ambient,1,1,2023,0,hs
31/07/2023 05:45,1006,212,545,ambient,1,1,2023,0.2854594,hs
31/07/2023 06:00,1007,212,600,ambient,1,1,2023,0.3595332,hs
31/07/2023 06:15,1008,212,615,ambient,1,1,2023,0.4765644,hs
31/07/2023 06:30,1009,212,630,ambient,1,1,2023,1.209094,hs
31/07/2023 06:45,1010,212,645,ambient,1,1,2023,2.144773,hs
31/07/2023 07:00,1011,212,700,ambient,1,1,2023,2.475812,hs
31/07/2023 07:15,1012,212,715,ambient,1,1,2023,2.62468,hs
31/07/2023 07:30,1013,212,730,ambient,1,1,2023,2.871662,hs
31/07/2023 07:45,1014,212,745,ambient,1,1,2023,3.222393,hs
31/07/2023 08:00,1015,212,800,ambient,1,1,2023,3.861432,hs
31/07/2023 08:15,1016,212,815,ambient,1,1,2023,4.943133,hs
31/07/2023 08:30,1017,212,830,ambient,1,1,2023,5.948942,hs
31/07/2023 08:45,1018,212,845,ambient,1,1,2023,7.947611,hs
31/07/2023 09:00,1019,212,900,ambient,1,1,2023,10.38179,hs
31/07/2023 09:15,1020,212,915,ambient,1,1,2023,12.05431,hs
31/07/2023 09:30,1021,212,930,ambient,1,1,2023,10.96117,hs
31/07/2023 09:45,1022,212,945,ambient,1,1,2023,12.31162,hs
31/07/2023 10:00,1023,212,1000,ambient,1,1,2023,13.55384,hs
31/07/2023 10:15,1024,212,1015,ambient,1,1,2023,15.02113,hs
31/07/2023 10:30,1025,212,1030,ambient,1,1,2023,15.68326,hs
31/07/2023 10:45,1026,212,1045,ambient,1,1,2023,16.95418,hs
31/07/2023 11:00,1027,212,1100,ambient,1,1,2023,16.99136,hs
31/07/2023 11:15,1028,212,1115,ambient,1,1,2023,17.55961,hs
31/07/2023 11:30,1029,212,1130,ambient,1,1,2023,16.58719,hs
31/07/2023 11:45,1030,212,1145,ambient,1,1,2023,16.42692,hs
31/07/2023 12:00,1031,212,1200,ambient,1,1,2023,15.86014,hs
31/07/2023 12:15,1032,212,1215,ambient,1,1,2023,15.5698,hs
31/07/2023 12:30,1033,212,1230,ambient,1,1,2023,14.02814,hs
31/07/2023 12:45,1034,212,1245,ambient,1,1,2023,16.44086,hs
31/07/2023 13:00,1035,212,1300,ambient,1,1,2023,18.01269,hs
31/07/2023 13:15,1036,212,1315,ambient,1,1,2023,18.91271,hs
31/07/2023 13:30,1037,212,1330,ambient,1,1,2023,20.80263,hs
31/07/2023 13:45,1038,212,1345,ambient,1,1,2023,17.50318,hs
31/07/2023 14:00,1039,212,1400,ambient,1,1,2023,17.44686,hs
31/07/2023 14:15,1040,212,1415,ambient,1,1,2023,18.12454,hs
31/07/2023 14:30,1041,212,1430,ambient,1,1,2023,17.3108,hs
31/07/2023 14:45,1042,212,1445,ambient,1,1,2023,17.40417,hs
31/07/2023 15:00,1043,212,1500,ambient,1,1,2023,16.62567,hs
31/07/2023 15:15,1044,212,1515,ambient,1,1,2023,16.23857,hs
31/07/2023 15:30,1045,212,1530,ambient,1,1,2023,16.47771,hs
31/07/2023 15:45,1046,212,1545,ambient,1,1,2023,16.4223,hs
31/07/2023 16:00,1047,212,1600,ambient,1,1,2023,16.33047,hs
31/07/2023 16:15,1048,212,1615,ambient,1,1,2023,15.88561,hs
31/07/2023 16:30,1049,212,1630,ambient,1,1,2023,15.953,hs
31/07/2023 16:45,1050,212,1645,ambient,1,1,2023,13.01365,hs
31/07/2023 17:00,1051,212,1700,ambient,1,1,2023,13.57093,hs
31/07/2023 17:15,1052,212,1715,ambient,1,1,2023,10.3693,hs
31/07/2023 17:30,1053,212,1730,ambient,1,1,2023,8.863218,hs
31/07/2023 17:45,1054,212,1745,ambient,1,1,2023,9.524385,hs
31/07/2023 18:00,1055,212,1800,ambient,1,1,2023,8.166745,hs
31/07/2023 18:15,1056,212,1815,ambient,1,1,2023,7.330285,hs
31/07/2023 18:30,1057,212,1830,ambient,1,1,2023,5.958763,hs
31/07/2023 18:45,1058,212,1845,ambient,1,1,2023,5.275083,hs
31/07/2023 19:00,1059,212,1900,ambient,1,1,2023,3.9098,hs
31/07/2023 19:15,1060,212,1915,ambient,1,1,2023,2.700583,hs
31/07/2023 19:30,1061,212,1930,ambient,1,1,2023,1.78035,hs
31/07/2023 19:45,1062,212,1945,ambient,1,1,2023,0.842067,hs
31/07/2023 20:00,1063,212,2000,ambient,1,1,2023,0.03023452,hs
31/07/2023 20:15,1064,212,2015,ambient,1,1,2023,0,hs
31/07/2023 20:30,1065,212,2030,ambient,1,1,2023,0,hs
31/07/2023 20:45,1066,212,2045,ambient,1,1,2023,0,hs
31/07/2023 21:00,1067,212,2100,ambient,1,1,2023,0,hs
31/07/2023 21:15,1068,212,2115,ambient,1,1,2023,0,hs
31/07/2023 21:30,1069,212,2130,ambient,1,1,2023,0,hs
31/07/2023 21:45,1070,212,2145,ambient,1,1,2023,0,hs
31/07/2023 22:00,1071,212,2200,ambient,1,1,2023,0.09475887,hs
31/07/2023 22:15,1072,212,2215,ambient,1,1,2023,0.1076776,hs
31/07/2023 22:30,1073,212,2230,ambient,1,1,2023,0.254966,hs
31/07/2023 22:45,1074,212,2245,ambient,1,1,2023,0.3278568,hs
31/07/2023 23:00,1075,212,2300,ambient,1,1,2023,0.3314637,hs
31/07/2023 23:15,1076,212,2315,ambient,1,1,2023,0.5207191,hs
31/07/2023 23:30,1077,212,2330,ambient,1,1,2023,0.5790678,hs
31/07/2023 23:45,1078,212,2345,ambient,1,1,2023,0.5459299,hs
01/08/2023 00:00,1079,213,0,ambient,1,1,2023,0.6471403,hs
01/08/2023 00:15,1080,213,15,ambient,1,1,2023,0.7526886,hs
01/08/2023 00:30,1081,213,30,ambient,1,1,2023,0.549576,hs
01/08/2023 00:45,1082,213,45,ambient,1,1,2023,0.6739243,hs
01/08/2023 01:00,1083,213,100,ambient,1,1,2023,0.9596553,hs
01/08/2023 01:15,1084,213,115,ambient,1,1,2023,0.9350484,hs
01/08/2023 01:30,1085,213,130,ambient,1,1,2023,0.6664139,hs
01/08/2023 01:45,1086,213,145,ambient,1,1,2023,1.106644,hs
01/08/2023 02:00,1087,213,200,ambient,1,1,2023,1.007696,hs
01/08/2023 02:15,1088,213,215,ambient,1,1,2023,1.035143,hs
01/08/2023 02:30,1089,213,230,ambient,1,1,2023,0.9973535,hs
01/08/2023 02:45,1090,213,245,ambient,1,1,2023,0.7684342,hs
01/08/2023 03:00,1091,213,300,ambient,1,1,2023,0.6481668,hs
01/08/2023 03:15,1092,213,315,ambient,1,1,2023,0.6272492,hs
01/08/2023 03:30,1093,213,330,ambient,1,1,2023,0.8785145,hs
01/08/2023 03:45,1094,213,345,ambient,1,1,2023,0.9220316,hs
01/08/2023 04:00,1095,213,400,ambient,1,1,2023,0.90917,hs
01/08/2023 04:15,1096,213,415,ambient,1,1,2023,0.914203,hs
01/08/2023 04:30,1097,213,430,ambient,1,1,2023,0.9245007,hs
01/08/2023 04:45,1098,213,445,ambient,1,1,2023,0,hs
01/08/2023 05:00,1099,213,500,ambient,1,1,2023,0.07294001,hs
01/08/2023 05:15,1100,213,515,ambient,1,1,2023,0,hs
01/08/2023 05:30,1101,213,530,ambient,1,1,2023,0,hs
01/08/2023 05:45,1102,213,545,ambient,1,1,2023,0,hs
01/08/2023 06:00,1103,213,600,ambient,1,1,2023,0,hs
01/08/2023 06:15,1104,213,615,ambient,1,1,2023,0,hs
01/08/2023 06:30,1105,213,630,ambient,1,1,2023,0,hs
01/08/2023 06:45,1106,213,645,ambient,1,1,2023,0,hs
01/08/2023 07:00,1107,213,700,ambient,1,1,2023,0,hs
01/08/2023 07:15,1108,213,715,ambient,1,1,2023,3.137811,hs
01/08/2023 07:30,1109,213,730,ambient,1,1,2023,2.866428,hs
01/08/2023 07:45,1110,213,745,ambient,1,1,2023,2.508418,hs
01/08/2023 08:00,1111,213,800,ambient,1,1,2023,2.454972,hs
01/08/2023 08:15,1112,213,815,ambient,1,1,2023,2.878294,hs
01/08/2023 08:30,1113,213,830,ambient,1,1,2023,3.465175,hs
01/08/2023 08:45,1114,213,845,ambient,1,1,2023,4.819907,hs
01/08/2023 09:00,1115,213,900,ambient,1,1,2023,6.611454,hs
01/08/2023 09:15,1116,213,915,ambient,1,1,2023,8.651973,hs
01/08/2023 09:30,1117,213,930,ambient,1,1,2023,11.1391,hs
01/08/2023 09:45,1118,213,945,ambient,1,1,2023,13.12078,hs
01/08/2023 10:00,1119,213,1000,ambient,1,1,2023,13.98558,hs
01/08/2023 10:15,1120,213,1015,ambient,1,1,2023,15.06522,hs
01/08/2023 10:30,1121,213,1030,ambient,1,1,2023,16.28673,hs
01/08/2023 10:45,1122,213,1045,ambient,1,1,2023,15.61838,hs
01/08/2023 11:00,1123,213,1100,ambient,1,1,2023,15.4758,hs
01/08/2023 11:15,1124,213,1115,ambient,1,1,2023,16.30181,hs
01/08/2023 11:30,1125,213,1130,ambient,1,1,2023,16.87915,hs
01/08/2023 11:45,1126,213,1145,ambient,1,1,2023,17.39721,hs
01/08/2023 12:00,1127,213,1200,ambient,1,1,2023,14.82609,hs
01/08/2023 12:15,1128,213,1215,ambient,1,1,2023,17.53557,hs
01/08/2023 12:30,1129,213,1230,ambient,1,1,2023,18.0149,hs
01/08/2023 12:45,1130,213,1245,ambient,1,1,2023,18.8189,hs
01/08/2023 13:00,1131,213,1300,ambient,1,1,2023,17.48441,hs
01/08/2023 13:15,1132,213,1315,ambient,1,1,2023,18.92923,hs
01/08/2023 13:30,1133,213,1330,ambient,1,1,2023,18.36403,hs
01/08/2023 13:45,1134,213,1345,ambient,1,1,2023,18.20283,hs
01/08/2023 14:00,1135,213,1400,ambient,1,1,2023,17.0301,hs
01/08/2023 14:15,1136,213,1415,ambient,1,1,2023,16.8822,hs
01/08/2023 14:30,1137,213,1430,ambient,1,1,2023,17.48567,hs
01/08/2023 14:45,1138,213,1445,ambient,1,1,2023,18.63034,hs
01/08/2023 15:00,1139,213,1500,ambient,1,1,2023,17.16218,hs
01/08/2023 15:15,1140,213,1515,ambient,1,1,2023,17.45368,hs
01/08/2023 15:30,1141,213,1530,ambient,1,1,2023,19.32751,hs
01/08/2023 15:45,1142,213,1545,ambient,1,1,2023,16.52094,hs
01/08/2023 16:00,1143,213,1600,ambient,1,1,2023,15.123,hs
01/08/2023 16:15,1144,213,1615,ambient,1,1,2023,15.34276,hs
01/08/2023 16:30,1145,213,1630,ambient,1,1,2023,15.28327,hs
01/08/2023 16:45,1146,213,1645,ambient,1,1,2023,14.28938,hs
01/08/2023 17:00,1147,213,1700,ambient,1,1,2023,13.79158,hs
01/08/2023 17:15,1148,213,1715,ambient,1,1,2023,11.08409,hs
01/08/2023 17:30,1149,213,1730,ambient,1,1,2023,9.476532,hs
01/08/2023 17:45,1150,213,1745,ambient,1,1,2023,7.274651,hs
01/08/2023 18:00,1151,213,1800,ambient,1,1,2023,6.971351,hs
01/08/2023 18:15,1152,213,1815,ambient,1,1,2023,8.140461,hs
01/08/2023 18:30,1153,213,1830,ambient,1,1,2023,6.355999,hs
01/08/2023 18:45,1154,213,1845,ambient,1,1,2023,4.761837,hs
01/08/2023 19:00,1155,213,1900,ambient,1,1,2023,4.606169,hs
01/08/2023 19:15,1156,213,1915,ambient,1,1,2023,4.025595,hs
01/08/2023 19:30,1157,213,1930,ambient,1,1,2023,2.720553,hs
01/08/2023 19:45,1158,213,1945,ambient,1,1,2023,1.383037,hs
01/08/2023 20:00,1159,213,2000,ambient,1,1,2023,0.02275198,hs
01/08/2023 20:15,1160,213,2015,ambient,1,1,2023,0,hs
01/08/2023 20:30,1161,213,2030,ambient,1,1,2023,0,hs
01/08/2023 20:45,1162,213,2045,ambient,1,1,2023,0,hs
01/08/2023 21:00,1163,213,2100,ambient,1,1,2023,0,hs
01/08/2023 21:15,1164,213,2115,ambient,1,1,2023,0,hs
01/08/2023 21:30,1165,213,2130,ambient,1,1,2023,0.1383506,hs
01/08/2023 21:45,1166,213,2145,ambient,1,1,2023,0.4359606,hs
01/08/2023 22:00,1167,213,2200,ambient,1,1,2023,0.4429636,hs
01/08/2023 22:15,1168,213,2215,ambient,1,1,2023,0,hs
01/08/2023 22:30,1169,213,2230,ambient,1,1,2023,0,hs
01/08/2023 22:45,1170,213,2245,ambient,1,1,2023,0,hs
01/08/2023 23:00,1171,213,2300,ambient,1,1,2023,0,hs
01/08/2023 23:15,1172,213,2315,ambient,1,1,2023,0.4445783,hs
01/08/2023 23:30,1173,213,2330,ambient,1,1,2023,0.8555516,hs
01/08/2023 23:45,1174,213,2345,ambient,1,1,2023,0.6839767,hs
02/08/2023 00:00,1175,214,0,ambient,1,1,2023,0,hs
02/08/2023 00:15,1176,214,15,ambient,1,1,2023,0,hs
02/08/2023 00:30,1177,214,30,ambient,1,1,2023,0,hs
02/08/2023 00:45,1178,214,45,ambient,1,1,2023,0,hs
02/08/2023 01:00,1179,214,100,ambient,1,1,2023,0,hs
02/08/2023 01:15,1180,214,115,ambient,1,1,2023,0.3878303,hs
02/08/2023 01:30,1181,214,130,ambient,1,1,2023,0.623993,hs
02/08/2023 01:45,1182,214,145,ambient,1,1,2023,1.057368,hs
02/08/2023 02:00,1183,214,200,ambient,1,1,2023,0.8282691,hs
02/08/2023 02:15,1184,214,215,ambient,1,1,2023,0.8594995,hs
02/08/2023 02:30,1185,214,230,ambient,1,1,2023,0.6405282,hs
02/08/2023 02:45,1186,214,245,ambient,1,1,2023,0.1349057,hs
02/08/2023 03:00,1187,214,300,ambient,1,1,2023,0,hs
02/08/2023 03:15,1188,214,315,ambient,1,1,2023,0,hs
02/08/2023 03:30,1189,214,330,ambient,1,1,2023,0,hs
02/08/2023 03:45,1190,214,345,ambient,1,1,2023,0,hs
02/08/2023 04:00,1191,214,400,ambient,1,1,2023,0,hs
02/08/2023 04:15,1192,214,415,ambient,1,1,2023,0.3883831,hs
02/08/2023 04:30,1193,214,430,ambient,1,1,2023,0,hs
02/08/2023 04:45,1194,214,445,ambient,1,1,2023,0.2512147,hs
02/08/2023 05:00,1195,214,500,ambient,1,1,2023,1.06272,hs
02/08/2023 05:15,1196,214,515,ambient,1,1,2023,1.136691,hs
02/08/2023 05:30,1197,214,530,ambient,1,1,2023,1.297456,hs
02/08/2023 05:45,1198,214,545,ambient,1,1,2023,0,hs
02/08/2023 06:00,1199,214,600,ambient,1,1,2023,0,hs
02/08/2023 06:15,1200,214,615,ambient,1,1,2023,1.933756,hs
02/08/2023 06:30,1201,214,630,ambient,1,1,2023,2.333972,hs
02/08/2023 06:45,1202,214,645,ambient,1,1,2023,2.377786,hs
02/08/2023 07:00,1203,214,700,ambient,1,1,2023,2.916677,hs
02/08/2023 07:15,1204,214,715,ambient,1,1,2023,3.07316,hs
02/08/2023 07:30,1205,214,730,ambient,1,1,2023,2.260395,hs
02/08/2023 07:45,1206,214,745,ambient,1,1,2023,1.729526,hs
02/08/2023 08:00,1207,214,800,ambient,1,1,2023,1.78861,hs
02/08/2023 08:15,1208,214,815,ambient,1,1,2023,2.315183,hs
02/08/2023 08:30,1209,214,830,ambient,1,1,2023,3.188693,hs
02/08/2023 08:45,1210,214,845,ambient,1,1,2023,4.6905,hs
02/08/2023 09:00,1211,214,900,ambient,1,1,2023,5.227318,hs
02/08/2023 09:15,1212,214,915,ambient,1,1,2023,5.299699,hs
02/08/2023 09:30,1213,214,930,ambient,1,1,2023,7.815951,hs
02/08/2023 09:45,1214,214,945,ambient,1,1,2023,9.993653,hs
02/08/2023 10:00,1215,214,1000,ambient,1,1,2023,11.57564,hs
02/08/2023 10:15,1216,214,1015,ambient,1,1,2023,10.78859,hs
02/08/2023 10:30,1217,214,1030,ambient,1,1,2023,11.99726,hs
02/08/2023 10:45,1218,214,1045,ambient,1,1,2023,14.62965,hs
02/08/2023 11:00,1219,214,1100,ambient,1,1,2023,11.6844,hs
02/08/2023 11:15,1220,214,1115,ambient,1,1,2023,8.863993,hs
02/08/2023 11:30,1221,214,1130,ambient,1,1,2023,11.98826,hs
02/08/2023 11:45,1222,214,1145,ambient,1,1,2023,14.58171,hs
02/08/2023 12:00,1223,214,1200,ambient,1,1,2023,13.83363,hs
02/08/2023 12:15,1224,214,1215,ambient,1,1,2023,11.81978,hs
02/08/2023 12:30,1225,214,1230,ambient,1,1,2023,10.40902,hs
02/08/2023 12:45,1226,214,1245,ambient,1,1,2023,7.853554,hs
02/08/2023 13:00,1227,214,1300,ambient,1,1,2023,6.51662,hs
02/08/2023 13:15,1228,214,1315,ambient,1,1,2023,7.36795,hs
02/08/2023 13:30,1229,214,1330,ambient,1,1,2023,8.681106,hs
02/08/2023 13:45,1230,214,1345,ambient,1,1,2023,9.718776,hs
02/08/2023 14:00,1231,214,1400,ambient,1,1,2023,7.665474,hs
02/08/2023 14:15,1232,214,1415,ambient,1,1,2023,14.29491,hs
02/08/2023 14:30,1233,214,1430,ambient,1,1,2023,15.67316,hs
02/08/2023 14:45,1234,214,1445,ambient,1,1,2023,16.88304,hs
02/08/2023 15:00,1235,214,1500,ambient,1,1,2023,15.20146,hs
02/08/2023 15:15,1236,214,1515,ambient,1,1,2023,13.95243,hs
02/08/2023 15:30,1237,214,1530,ambient,1,1,2023,14.54539,hs
02/08/2023 15:45,1238,214,1545,ambient,1,1,2023,14.1495,hs
02/08/2023 16:00,1239,214,1600,ambient,1,1,2023,11.40396,hs
02/08/2023 16:15,1240,214,1615,ambient,1,1,2023,9.912067,hs
02/08/2023 16:30,1241,214,1630,ambient,1,1,2023,6.747879,hs
02/08/2023 16:45,1242,214,1645,ambient,1,1,2023,4.740097,hs
02/08/2023 17:00,1243,214,1700,ambient,1,1,2023,3.833087,hs
02/08/2023 17:15,1244,214,1715,ambient,1,1,2023,3.413959,hs
02/08/2023 17:30,1245,214,1730,ambient,1,1,2023,3.177671,hs
02/08/2023 17:45,1246,214,1745,ambient,1,1,2023,2.946841,hs
02/08/2023 18:00,1247,214,1800,ambient,1,1,2023,2.383628,hs
02/08/2023 18:15,1248,214,1815,ambient,1,1,2023,1.69525,hs
02/08/2023 18:30,1249,214,1830,ambient,1,1,2023,1.001673,hs
02/08/2023 18:45,1250,214,1845,ambient,1,1,2023,0.7504112,hs
02/08/2023 19:00,1251,214,1900,ambient,1,1,2023,0.8176071,hs
02/08/2023 19:15,1252,214,1915,ambient,1,1,2023,1.04519,hs
02/08/2023 19:30,1253,214,1930,ambient,1,1,2023,0.9465711,hs
02/08/2023 19:45,1254,214,1945,ambient,1,1,2023,0.9130285,hs
02/08/2023 20:00,1255,214,2000,ambient,1,1,2023,0.663791,hs
02/08/2023 20:15,1256,214,2015,ambient,1,1,2023,0.6750518,hs
02/08/2023 20:30,1257,214,2030,ambient,1,1,2023,0.630491,hs
02/08/2023 20:45,1258,214,2045,ambient,1,1,2023,0.5006896,hs
02/08/2023 21:00,1259,214,2100,ambient,1,1,2023,0.4923396,hs
02/08/2023 21:15,1260,214,2115,ambient,1,1,2023,0.6818419,hs
02/08/2023 21:30,1261,214,2130,ambient,1,1,2023,0.5781399,hs
02/08/2023 21:45,1262,214,2145,ambient,1,1,2023,0.7116892,hs
02/08/2023 22:00,1263,214,2200,ambient,1,1,2023,0.9726689,hs
02/08/2023 22:15,1264,214,2215,ambient,1,1,2023,1.05447,hs
02/08/2023 22:30,1265,214,2230,ambient,1,1,2023,1.004609,hs
02/08/2023 22:45,1266,214,2245,ambient,1,1,2023,1.029715,hs
02/08/2023 23:00,1267,214,2300,ambient,1,1,2023,1.360609,hs
02/08/2023 23:15,1268,214,2315,ambient,1,1,2023,1.10465,hs
02/08/2023 23:30,1269,214,2330,ambient,1,1,2023,1.272649,hs
02/08/2023 23:45,1270,214,2345,ambient,1,1,2023,0.8352924,hs
03/08/2023 00:00,1271,215,0,ambient,1,1,2023,0.7583703,hs
03/08/2023 00:15,1272,215,15,ambient,1,1,2023,0.4937114,hs
03/08/2023 00:30,1273,215,30,ambient,1,1,2023,0.7412229,hs
03/08/2023 00:45,1274,215,45,ambient,1,1,2023,0.9159496,hs
03/08/2023 01:00,1275,215,100,ambient,1,1,2023,0.598536,hs
03/08/2023 01:15,1276,215,115,ambient,1,1,2023,0.1692646,hs
03/08/2023 01:30,1277,215,130,ambient,1,1,2023,0.4193773,hs
03/08/2023 01:45,1278,215,145,ambient,1,1,2023,0.536607,hs
03/08/2023 02:00,1279,215,200,ambient,1,1,2023,0.4803115,hs
03/08/2023 02:15,1280,215,215,ambient,1,1,2023,0.6124917,hs
03/08/2023 02:30,1281,215,230,ambient,1,1,2023,0.8049126,hs
03/08/2023 02:45,1282,215,245,ambient,1,1,2023,1.014911,hs
03/08/2023 03:00,1283,215,300,ambient,1,1,2023,1.238947,hs
03/08/2023 03:15,1284,215,315,ambient,1,1,2023,1.17227,hs
03/08/2023 03:30,1285,215,330,ambient,1,1,2023,1.273132,hs
03/08/2023 03:45,1286,215,345,ambient,1,1,2023,1.186617,hs
03/08/2023 04:00,1287,215,400,ambient,1,1,2023,1.162568,hs
03/08/2023 04:15,1288,215,415,ambient,1,1,2023,1.106705,hs
03/08/2023 04:30,1289,215,430,ambient,1,1,2023,1.229746,hs
03/08/2023 04:45,1290,215,445,ambient,1,1,2023,1.091238,hs
03/08/2023 05:00,1291,215,500,ambient,1,1,2023,0.1975282,hs
03/08/2023 05:15,1292,215,515,ambient,1,1,2023,0,hs
03/08/2023 05:30,1293,215,530,ambient,1,1,2023,0,hs
03/08/2023 05:45,1294,215,545,ambient,1,1,2023,0,hs
03/08/2023 06:00,1295,215,600,ambient,1,1,2023,0,hs
03/08/2023 06:15,1296,215,615,ambient,1,1,2023,1.171642,hs
03/08/2023 06:30,1297,215,630,ambient,1,1,2023,1.034535,hs
03/08/2023 06:45,1298,215,645,ambient,1,1,2023,1.13618,hs
03/08/2023 07:00,1299,215,700,ambient,1,1,2023,1.367044,hs
03/08/2023 07:15,1300,215,715,ambient,1,1,2023,1.485538,hs
03/08/2023 07:30,1301,215,730,ambient,1,1,2023,1.684793,hs
03/08/2023 07:45,1302,215,745,ambient,1,1,2023,2.169594,hs
03/08/2023 08:00,1303,215,800,ambient,1,1,2023,2.872629,hs
03/08/2023 08:15,1304,215,815,ambient,1,1,2023,4.474669,hs
03/08/2023 08:30,1305,215,830,ambient,1,1,2023,6.055863,hs
03/08/2023 08:45,1306,215,845,ambient,1,1,2023,6.803771,hs
03/08/2023 09:00,1307,215,900,ambient,1,1,2023,8.648299,hs
03/08/2023 09:15,1308,215,915,ambient,1,1,2023,9.995847,hs
03/08/2023 09:30,1309,215,930,ambient,1,1,2023,10.5089,hs
03/08/2023 09:45,1310,215,945,ambient,1,1,2023,10.50779,hs
03/08/2023 10:00,1311,215,1000,ambient,1,1,2023,10.16194,hs
03/08/2023 10:15,1312,215,1015,ambient,1,1,2023,10.28439,hs
03/08/2023 10:30,1313,215,1030,ambient,1,1,2023,10.28728,hs
03/08/2023 10:45,1314,215,1045,ambient,1,1,2023,14.23671,hs
03/08/2023 11:00,1315,215,1100,ambient,1,1,2023,10.10219,hs
03/08/2023 11:15,1316,215,1115,ambient,1,1,2023,13.69921,hs
03/08/2023 11:30,1317,215,1130,ambient,1,1,2023,8.658148,hs
03/08/2023 11:45,1318,215,1145,ambient,1,1,2023,10.20244,hs
03/08/2023 12:00,1319,215,1200,ambient,1,1,2023,19.2037,hs
03/08/2023 12:15,1320,215,1215,ambient,1,1,2023,18.87278,hs
03/08/2023 12:30,1321,215,1230,ambient,1,1,2023,17.94698,hs
03/08/2023 12:45,1322,215,1245,ambient,1,1,2023,17.16003,hs
03/08/2023 13:00,1323,215,1300,ambient,1,1,2023,18.78033,hs
03/08/2023 13:15,1324,215,1315,ambient,1,1,2023,15.17538,hs
03/08/2023 13:30,1325,215,1330,ambient,1,1,2023,11.66813,hs
03/08/2023 13:45,1326,215,1345,ambient,1,1,2023,11.42827,hs
03/08/2023 14:00,1327,215,1400,ambient,1,1,2023,12.42158,hs
03/08/2023 14:15,1328,215,1415,ambient,1,1,2023,15.25837,hs
03/08/2023 14:30,1329,215,1430,ambient,1,1,2023,15.3777,hs
03/08/2023 14:45,1330,215,1445,ambient,1,1,2023,15.58738,hs
03/08/2023 15:00,1331,215,1500,ambient,1,1,2023,22.48805,hs
03/08/2023 15:15,1332,215,1515,ambient,1,1,2023,14.6236,hs
03/08/2023 15:30,1333,215,1530,ambient,1,1,2023,10.28574,hs
03/08/2023 15:45,1334,215,1545,ambient,1,1,2023,15.89697,hs
03/08/2023 16:00,1335,215,1600,ambient,1,1,2023,12.88484,hs
03/08/2023 16:15,1336,215,1615,ambient,1,1,2023,8.345577,hs
03/08/2023 16:30,1337,215,1630,ambient,1,1,2023,7.983946,hs
03/08/2023 16:45,1338,215,1645,ambient,1,1,2023,7.476119,hs
03/08/2023 17:00,1339,215,1700,ambient,1,1,2023,6.369523,hs
03/08/2023 17:15,1340,215,1715,ambient,1,1,2023,5.900385,hs
03/08/2023 17:30,1341,215,1730,ambient,1,1,2023,5.411061,hs
03/08/2023 17:45,1342,215,1745,ambient,1,1,2023,4.841021,hs
03/08/2023 18:00,1343,215,1800,ambient,1,1,2023,5.768744,hs
03/08/2023 18:15,1344,215,1815,ambient,1,1,2023,8.445642,hs
03/08/2023 18:30,1345,215,1830,ambient,1,1,2023,5.276861,hs
03/08/2023 18:45,1346,215,1845,ambient,1,1,2023,3.708294,hs
03/08/2023 19:00,1347,215,1900,ambient,1,1,2023,2.750038,hs
03/08/2023 19:15,1348,215,1915,ambient,1,1,2023,2.554342,hs
03/08/2023 19:30,1349,215,1930,ambient,1,1,2023,1.95941,hs
03/08/2023 19:45,1350,215,1945,ambient,1,1,2023,1.005431,hs
03/08/2023 20:00,1351,215,2000,ambient,1,1,2023,0.2161166,hs
03/08/2023 20:15,1352,215,2015,ambient,1,1,2023,0,hs
03/08/2023 20:30,1353,215,2030,ambient,1,1,2023,0,hs
03/08/2023 20:45,1354,215,2045,ambient,1,1,2023,0,hs
03/08/2023 21:00,1355,215,2100,ambient,1,1,2023,0,hs
03/08/2023 21:15,1356,215,2115,ambient,1,1,2023,0,hs
03/08/2023 21:30,1357,215,2130,ambient,1,1,2023,0,hs
03/08/2023 21:45,1358,215,2145,ambient,1,1,2023,0,hs
03/08/2023 22:00,1359,215,2200,ambient,1,1,2023,0,hs
03/08/2023 22:15,1360,215,2215,ambient,1,1,2023,0,hs
03/08/2023 22:30,1361,215,2230,ambient,1,1,2023,0,hs
03/08/2023 22:45,1362,215,2245,ambient,1,1,2023,0,hs
03/08/2023 23:00,1363,215,2300,ambient,1,1,2023,0,hs
03/08/2023 23:15,1364,215,2315,ambient,1,1,2023,0,hs
03/08/2023 23:30,1365,215,2330,ambient,1,1,2023,0,hs
03/08/2023 23:45,1366,215,2345,ambient,1,1,2023,0,hs
04/08/2023 00:00,1367,216,0,ambient,1,1,2023,0,hs
04/08/2023 00:15,1368,216,15,ambient,1,1,2023,0.04784691,hs
04/08/2023 00:30,1369,216,30,ambient,1,1,2023,0.4460926,hs
04/08/2023 00:45,1370,216,45,ambient,1,1,2023,0.4256619,hs
04/08/2023 01:00,1371,216,100,ambient,1,1,2023,0.3382738,hs
04/08/2023 01:15,1372,216,115,ambient,1,1,2023,0.3281836,hs
04/08/2023 01:30,1373,216,130,ambient,1,1,2023,0.2307693,hs
04/08/2023 01:45,1374,216,145,ambient,1,1,2023,0.07540634,hs
04/08/2023 02:00,1375,216,200,ambient,1,1,2023,0.1449353,hs
04/08/2023 02:15,1376,216,215,ambient,1,1,2023,0.2963659,hs
04/08/2023 02:30,1377,216,230,ambient,1,1,2023,0.3220927,hs
04/08/2023 02:45,1378,216,245,ambient,1,1,2023,0.09440197,hs
04/08/2023 03:00,1379,216,300,ambient,1,1,2023,0,hs
04/08/2023 03:15,1380,216,315,ambient,1,1,2023,0,hs
04/08/2023 03:30,1381,216,330,ambient,1,1,2023,0.2844697,hs
04/08/2023 03:45,1382,216,345,ambient,1,1,2023,0.4028738,hs
04/08/2023 04:00,1383,216,400,ambient,1,1,2023,0.4566589,hs
04/08/2023 04:15,1384,216,415,ambient,1,1,2023,0.4013813,hs
04/08/2023 04:30,1385,216,430,ambient,1,1,2023,0.2967105,hs
04/08/2023 04:45,1386,216,445,ambient,1,1,2023,0.3187603,hs
04/08/2023 05:00,1387,216,500,ambient,1,1,2023,0.1374508,hs
04/08/2023 05:15,1388,216,515,ambient,1,1,2023,0,hs
04/08/2023 05:30,1389,216,530,ambient,1,1,2023,0,hs
04/08/2023 05:45,1390,216,545,ambient,1,1,2023,0.01850728,hs
04/08/2023 06:00,1391,216,600,ambient,1,1,2023,0.3405098,hs
04/08/2023 06:15,1392,216,615,ambient,1,1,2023,0,hs
04/08/2023 06:30,1393,216,630,ambient,1,1,2023,0,hs
04/08/2023 06:45,1394,216,645,ambient,1,1,2023,0,hs
04/08/2023 07:00,1395,216,700,ambient,1,1,2023,0,hs
04/08/2023 07:15,1396,216,715,ambient,1,1,2023,2.773358,hs
04/08/2023 07:30,1397,216,730,ambient,1,1,2023,2.704492,hs
04/08/2023 07:45,1398,216,745,ambient,1,1,2023,2.358316,hs
04/08/2023 08:00,1399,216,800,ambient,1,1,2023,2.392536,hs
04/08/2023 08:15,1400,216,815,ambient,1,1,2023,3.000542,hs
04/08/2023 08:30,1401,216,830,ambient,1,1,2023,3.890833,hs
04/08/2023 08:45,1402,216,845,ambient,1,1,2023,5.694787,hs
04/08/2023 09:00,1403,216,900,ambient,1,1,2023,7.391402,hs
04/08/2023 09:15,1404,216,915,ambient,1,1,2023,9.73177,hs
04/08/2023 09:30,1405,216,930,ambient,1,1,2023,11.74937,hs
04/08/2023 09:45,1406,216,945,ambient,1,1,2023,13.26097,hs
04/08/2023 10:00,1407,216,1000,ambient,1,1,2023,14.31109,hs
04/08/2023 10:15,1408,216,1015,ambient,1,1,2023,15.23871,hs
04/08/2023 10:30,1409,216,1030,ambient,1,1,2023,15.28449,hs
04/08/2023 10:45,1410,216,1045,ambient,1,1,2023,15.98722,hs
04/08/2023 11:00,1411,216,1100,ambient,1,1,2023,17.27198,hs
04/08/2023 11:15,1412,216,1115,ambient,1,1,2023,17.61377,hs
04/08/2023 11:30,1413,216,1130,ambient,1,1,2023,18.43355,hs
04/08/2023 11:45,1414,216,1145,ambient,1,1,2023,16.85317,hs
04/08/2023 12:00,1415,216,1200,ambient,1,1,2023,14.41836,hs
04/08/2023 12:15,1416,216,1215,ambient,1,1,2023,18.6947,hs
04/08/2023 12:30,1417,216,1230,ambient,1,1,2023,18.46117,hs
04/08/2023 12:45,1418,216,1245,ambient,1,1,2023,16.38438,hs
04/08/2023 13:00,1419,216,1300,ambient,1,1,2023,15.76436,hs
04/08/2023 13:15,1420,216,1315,ambient,1,1,2023,19.51806,hs
04/08/2023 13:30,1421,216,1330,ambient,1,1,2023,19.92815,hs
04/08/2023 13:45,1422,216,1345,ambient,1,1,2023,19.18033,hs
04/08/2023 14:00,1423,216,1400,ambient,1,1,2023,15.74203,hs
04/08/2023 14:15,1424,216,1415,ambient,1,1,2023,18.72793,hs
04/08/2023 14:30,1425,216,1430,ambient,1,1,2023,17.68929,hs
04/08/2023 14:45,1426,216,1445,ambient,1,1,2023,16.9787,hs
04/08/2023 15:00,1427,216,1500,ambient,1,1,2023,17.81712,hs
04/08/2023 15:15,1428,216,1515,ambient,1,1,2023,18.84809,hs
04/08/2023 15:30,1429,216,1530,ambient,1,1,2023,18.61406,hs
04/08/2023 15:45,1430,216,1545,ambient,1,1,2023,18.067,hs
04/08/2023 16:00,1431,216,1600,ambient,1,1,2023,16.587,hs
04/08/2023 16:15,1432,216,1615,ambient,1,1,2023,15.6578,hs
04/08/2023 16:30,1433,216,1630,ambient,1,1,2023,15.52813,hs
04/08/2023 16:45,1434,216,1645,ambient,1,1,2023,14.72192,hs
04/08/2023 17:00,1435,216,1700,ambient,1,1,2023,13.84598,hs
04/08/2023 17:15,1436,216,1715,ambient,1,1,2023,12.88651,hs
04/08/2023 17:30,1437,216,1730,ambient,1,1,2023,11.75653,hs
04/08/2023 17:45,1438,216,1745,ambient,1,1,2023,10.64028,hs
04/08/2023 18:00,1439,216,1800,ambient,1,1,2023,9.117944,hs
04/08/2023 18:15,1440,216,1815,ambient,1,1,2023,7.704356,hs
04/08/2023 18:30,1441,216,1830,ambient,1,1,2023,6.620538,hs
04/08/2023 18:45,1442,216,1845,ambient,1,1,2023,4.449459,hs
04/08/2023 19:00,1443,216,1900,ambient,1,1,2023,3.358226,hs
04/08/2023 19:15,1444,216,1915,ambient,1,1,2023,2.898382,hs
04/08/2023 19:30,1445,216,1930,ambient,1,1,2023,1.686424,hs
04/08/2023 19:45,1446,216,1945,ambient,1,1,2023,0.5419408,hs
04/08/2023 20:00,1447,216,2000,ambient,1,1,2023,0,hs
04/08/2023 20:15,1448,216,2015,ambient,1,1,2023,0,hs
04/08/2023 20:30,1449,216,2030,ambient,1,1,2023,0,hs
04/08/2023 20:45,1450,216,2045,ambient,1,1,2023,0,hs
04/08/2023 21:00,1451,216,2100,ambient,1,1,2023,0,hs
04/08/2023 21:15,1452,216,2115,ambient,1,1,2023,0.06961822,hs
04/08/2023 21:30,1453,216,2130,ambient,1,1,2023,0.3137091,hs
04/08/2023 21:45,1454,216,2145,ambient,1,1,2023,0.3788057,hs
04/08/2023 22:00,1455,216,2200,ambient,1,1,2023,0.4449764,hs
04/08/2023 22:15,1456,216,2215,ambient,1,1,2023,0.4884013,hs
04/08/2023 22:30,1457,216,2230,ambient,1,1,2023,0.5786564,hs
04/08/2023 22:45,1458,216,2245,ambient,1,1,2023,0.5914389,hs
04/08/2023 23:00,1459,216,2300,ambient,1,1,2023,0.3837631,hs
04/08/2023 23:15,1460,216,2315,ambient,1,1,2023,0.1732679,hs
04/08/2023 23:30,1461,216,2330,ambient,1,1,2023,0.2709691,hs
04/08/2023 23:45,1462,216,2345,ambient,1,1,2023,0.3627219,hs
05/08/2023 00:00,1463,217,0,ambient,1,1,2023,0.562469,hs
05/08/2023 00:15,1464,217,15,ambient,1,1,2023,0.3752348,hs
05/08/2023 00:30,1465,217,30,ambient,1,1,2023,0,hs
05/08/2023 00:45,1466,217,45,ambient,1,1,2023,0,hs
05/08/2023 01:00,1467,217,100,ambient,1,1,2023,0.1985072,hs
05/08/2023 01:15,1468,217,115,ambient,1,1,2023,0.2885581,hs
05/08/2023 01:30,1469,217,130,ambient,1,1,2023,0.5587884,hs
05/08/2023 01:45,1470,217,145,ambient,1,1,2023,0.9255649,hs
05/08/2023 02:00,1471,217,200,ambient,1,1,2023,0.7257832,hs
05/08/2023 02:15,1472,217,215,ambient,1,1,2023,0.4938436,hs
05/08/2023 02:30,1473,217,230,ambient,1,1,2023,0.2760484,hs
05/08/2023 02:45,1474,217,245,ambient,1,1,2023,0.1906519,hs
05/08/2023 03:00,1475,217,300,ambient,1,1,2023,0.1503802,hs
05/08/2023 03:15,1476,217,315,ambient,1,1,2023,0.2957123,hs
05/08/2023 03:30,1477,217,330,ambient,1,1,2023,0.3781319,hs
05/08/2023 03:45,1478,217,345,ambient,1,1,2023,0.6899894,hs
05/08/2023 04:00,1479,217,400,ambient,1,1,2023,0.7417687,hs
05/08/2023 04:15,1480,217,415,ambient,1,1,2023,0.6040031,hs
05/08/2023 04:30,1481,217,430,ambient,1,1,2023,0.616699,hs
05/08/2023 04:45,1482,217,445,ambient,1,1,2023,0.5962289,hs
05/08/2023 05:00,1483,217,500,ambient,1,1,2023,0.3972678,hs
05/08/2023 05:15,1484,217,515,ambient,1,1,2023,0.3530119,hs
05/08/2023 05:30,1485,217,530,ambient,1,1,2023,0.3767212,hs
05/08/2023 05:45,1486,217,545,ambient,1,1,2023,0.1701725,hs
05/08/2023 06:00,1487,217,600,ambient,1,1,2023,0.1937733,hs
05/08/2023 06:15,1488,217,615,ambient,1,1,2023,0.402702,hs
05/08/2023 06:30,1489,217,630,ambient,1,1,2023,0.45466,hs
05/08/2023 06:45,1490,217,645,ambient,1,1,2023,0.3487784,hs
05/08/2023 07:00,1491,217,700,ambient,1,1,2023,0.6250304,hs
05/08/2023 07:15,1492,217,715,ambient,1,1,2023,0.8960479,hs
05/08/2023 07:30,1493,217,730,ambient,1,1,2023,1.023693,hs
05/08/2023 07:45,1494,217,745,ambient,1,1,2023,1.401942,hs
05/08/2023 08:00,1495,217,800,ambient,1,1,2023,4.216137,hs
05/08/2023 08:15,1496,217,815,ambient,1,1,2023,4.583501,hs
05/08/2023 08:30,1497,217,830,ambient,1,1,2023,3.705702,hs
05/08/2023 08:45,1498,217,845,ambient,1,1,2023,2.584396,hs
05/08/2023 09:00,1499,217,900,ambient,1,1,2023,1.356853,hs
05/08/2023 09:15,1500,217,915,ambient,1,1,2023,0.5951886,hs
05/08/2023 09:30,1501,217,930,ambient,1,1,2023,0.3005832,hs
05/08/2023 09:45,1502,217,945,ambient,1,1,2023,0.2988198,hs
05/08/2023 10:00,1503,217,1000,ambient,1,1,2023,0.2748761,hs
05/08/2023 10:15,1504,217,1015,ambient,1,1,2023,0.3071587,hs
05/08/2023 10:30,1505,217,1030,ambient,1,1,2023,0.1965404,hs
05/08/2023 10:45,1506,217,1045,ambient,1,1,2023,0,hs
05/08/2023 11:00,1507,217,1100,ambient,1,1,2023,0,hs
05/08/2023 11:15,1508,217,1115,ambient,1,1,2023,0,hs
05/08/2023 11:30,1509,217,1130,ambient,1,1,2023,0,hs
05/08/2023 11:45,1510,217,1145,ambient,1,1,2023,0.2999654,hs
05/08/2023 12:00,1511,217,1200,ambient,1,1,2023,0.4403666,hs
05/08/2023 12:15,1512,217,1215,ambient,1,1,2023,0.6264771,hs
05/08/2023 12:30,1513,217,1230,ambient,1,1,2023,0.1837739,hs
05/08/2023 12:45,1514,217,1245,ambient,1,1,2023,0.004813517,hs
05/08/2023 13:00,1515,217,1300,ambient,1,1,2023,0.4078305,hs
05/08/2023 13:15,1516,217,1315,ambient,1,1,2023,0.4285372,hs
05/08/2023 13:30,1517,217,1330,ambient,1,1,2023,0.6312989,hs
05/08/2023 13:45,1518,217,1345,ambient,1,1,2023,1.527452,hs
05/08/2023 14:00,1519,217,1400,ambient,1,1,2023,1.380687,hs
05/08/2023 14:15,1520,217,1415,ambient,1,1,2023,0.489093,hs
05/08/2023 14:30,1521,217,1430,ambient,1,1,2023,0,hs
05/08/2023 14:45,1522,217,1445,ambient,1,1,2023,0,hs
05/08/2023 15:00,1523,217,1500,ambient,1,1,2023,0.531643,hs
05/08/2023 15:15,1524,217,1515,ambient,1,1,2023,1.20954,hs
05/08/2023 15:30,1525,217,1530,ambient,1,1,2023,2.377127,hs
05/08/2023 15:45,1526,217,1545,ambient,1,1,2023,5.633591,hs
05/08/2023 16:00,1527,217,1600,ambient,1,1,2023,4.629198,hs
05/08/2023 16:15,1528,217,1615,ambient,1,1,2023,4.553526,hs
05/08/2023 16:30,1529,217,1630,ambient,1,1,2023,4.337392,hs
05/08/2023 16:45,1530,217,1645,ambient,1,1,2023,3.97703,hs
05/08/2023 17:00,1531,217,1700,ambient,1,1,2023,2.317537,hs
05/08/2023 17:15,1532,217,1715,ambient,1,1,2023,1.19395,hs
05/08/2023 17:30,1533,217,1730,ambient,1,1,2023,0.9500207,hs
05/08/2023 17:45,1534,217,1745,ambient,1,1,2023,0.9748281,hs
05/08/2023 18:00,1535,217,1800,ambient,1,1,2023,1.161001,hs
05/08/2023 18:15,1536,217,1815,ambient,1,1,2023,1.754873,hs
05/08/2023 18:30,1537,217,1830,ambient,1,1,2023,1.569924,hs
05/08/2023 18:45,1538,217,1845,ambient,1,1,2023,1.452158,hs
05/08/2023 19:00,1539,217,1900,ambient,1,1,2023,1.132679,hs
05/08/2023 19:15,1540,217,1915,ambient,1,1,2023,0.7078131,hs
05/08/2023 19:30,1541,217,1930,ambient,1,1,2023,0.39552,hs
05/08/2023 19:45,1542,217,1945,ambient,1,1,2023,0.3827803,hs
05/08/2023 20:00,1543,217,2000,ambient,1,1,2023,0.3835606,hs
05/08/2023 20:15,1544,217,2015,ambient,1,1,2023,0.2778592,hs
05/08/2023 20:30,1545,217,2030,ambient,1,1,2023,0.2417377,hs
05/08/2023 20:45,1546,217,2045,ambient,1,1,2023,0.2278496,hs
05/08/2023 21:00,1547,217,2100,ambient,1,1,2023,0.246598,hs
05/08/2023 21:15,1548,217,2115,ambient,1,1,2023,0.2345093,hs
05/08/2023 21:30,1549,217,2130,ambient,1,1,2023,0.3076112,hs
05/08/2023 21:45,1550,217,2145,ambient,1,1,2023,0.2945672,hs
05/08/2023 22:00,1551,217,2200,ambient,1,1,2023,0.2498366,hs
05/08/2023 22:15,1552,217,2215,ambient,1,1,2023,0.2196969,hs
05/08/2023 22:30,1553,217,2230,ambient,1,1,2023,0.2641803,hs
05/08/2023 22:45,1554,217,2245,ambient,1,1,2023,0.3226331,hs
05/08/2023 23:00,1555,217,2300,ambient,1,1,2023,0.3463389,hs
05/08/2023 23:15,1556,217,2315,ambient,1,1,2023,0.3187979,hs
05/08/2023 23:30,1557,217,2330,ambient,1,1,2023,0.283511,hs
05/08/2023 23:45,1558,217,2345,ambient,1,1,2023,0.3636545,hs
06/08/2023 00:00,1559,218,0,ambient,1,1,2023,0.4671191,hs
06/08/2023 00:15,1560,218,15,ambient,1,1,2023,0.4247762,hs
06/08/2023 00:30,1561,218,30,ambient,1,1,2023,0.3982827,hs
06/08/2023 00:45,1562,218,45,ambient,1,1,2023,0.2760107,hs
06/08/2023 01:00,1563,218,100,ambient,1,1,2023,0.08815701,hs
06/08/2023 01:15,1564,218,115,ambient,1,1,2023,0,hs
06/08/2023 01:30,1565,218,130,ambient,1,1,2023,0,hs
06/08/2023 01:45,1566,218,145,ambient,1,1,2023,0.06960326,hs
06/08/2023 02:00,1567,218,200,ambient,1,1,2023,0.05870787,hs
06/08/2023 02:15,1568,218,215,ambient,1,1,2023,0,hs
06/08/2023 02:30,1569,218,230,ambient,1,1,2023,0.03273409,hs
06/08/2023 02:45,1570,218,245,ambient,1,1,2023,0.02862708,hs
06/08/2023 03:00,1571,218,300,ambient,1,1,2023,0,hs
06/08/2023 03:15,1572,218,315,ambient,1,1,2023,0.09581403,hs
06/08/2023 03:30,1573,218,330,ambient,1,1,2023,0.09649988,hs
06/08/2023 03:45,1574,218,345,ambient,1,1,2023,0.08125804,hs
06/08/2023 04:00,1575,218,400,ambient,1,1,2023,0.1158985,hs
06/08/2023 04:15,1576,218,415,ambient,1,1,2023,0.2309449,hs
06/08/2023 04:30,1577,218,430,ambient,1,1,2023,0.3165865,hs
06/08/2023 04:45,1578,218,445,ambient,1,1,2023,0.3571302,hs
06/08/2023 05:00,1579,218,500,ambient,1,1,2023,0.4166704,hs
06/08/2023 05:15,1580,218,515,ambient,1,1,2023,0.4245206,hs
06/08/2023 05:30,1581,218,530,ambient,1,1,2023,0.3632436,hs
06/08/2023 05:45,1582,218,545,ambient,1,1,2023,0.3799097,hs
06/08/2023 06:00,1583,218,600,ambient,1,1,2023,0.4255239,hs
06/08/2023 06:15,1584,218,615,ambient,1,1,2023,0.5800283,hs
06/08/2023 06:30,1585,218,630,ambient,1,1,2023,0.7362388,hs
06/08/2023 06:45,1586,218,645,ambient,1,1,2023,0.7812957,hs
06/08/2023 07:00,1587,218,700,ambient,1,1,2023,0.9833288,hs
06/08/2023 07:15,1588,218,715,ambient,1,1,2023,1.259585,hs
06/08/2023 07:30,1589,218,730,ambient,1,1,2023,1.60059,hs
06/08/2023 07:45,1590,218,745,ambient,1,1,2023,1.784344,hs
06/08/2023 08:00,1591,218,800,ambient,1,1,2023,1.92543,hs
06/08/2023 08:15,1592,218,815,ambient,1,1,2023,2.339327,hs
06/08/2023 08:30,1593,218,830,ambient,1,1,2023,2.613499,hs
06/08/2023 08:45,1594,218,845,ambient,1,1,2023,3.256277,hs
06/08/2023 09:00,1595,218,900,ambient,1,1,2023,4.648356,hs
06/08/2023 09:15,1596,218,915,ambient,1,1,2023,6.488033,hs
06/08/2023 09:30,1597,218,930,ambient,1,1,2023,6.417221,hs
06/08/2023 09:45,1598,218,945,ambient,1,1,2023,6.11712,hs
06/08/2023 10:00,1599,218,1000,ambient,1,1,2023,7.812964,hs
06/08/2023 10:15,1600,218,1015,ambient,1,1,2023,11.67146,hs
06/08/2023 10:30,1601,218,1030,ambient,1,1,2023,14.92044,hs
06/08/2023 10:45,1602,218,1045,ambient,1,1,2023,17.28807,hs
06/08/2023 11:00,1603,218,1100,ambient,1,1,2023,20.15273,hs
06/08/2023 11:15,1604,218,1115,ambient,1,1,2023,19.01785,hs
06/08/2023 11:30,1605,218,1130,ambient,1,1,2023,20.92682,hs
06/08/2023 11:45,1606,218,1145,ambient,1,1,2023,20.9837,hs
06/08/2023 12:00,1607,218,1200,ambient,1,1,2023,17.26477,hs
06/08/2023 12:15,1608,218,1215,ambient,1,1,2023,18.28966,hs
06/08/2023 12:30,1609,218,1230,ambient,1,1,2023,20.60999,hs
06/08/2023 12:45,1610,218,1245,ambient,1,1,2023,18.60575,hs
06/08/2023 13:00,1611,218,1300,ambient,1,1,2023,16.39044,hs
06/08/2023 13:15,1612,218,1315,ambient,1,1,2023,17.34133,hs
06/08/2023 13:30,1613,218,1330,ambient,1,1,2023,21.8361,hs
06/08/2023 13:45,1614,218,1345,ambient,1,1,2023,11.49613,hs
06/08/2023 14:00,1615,218,1400,ambient,1,1,2023,10.84318,hs
06/08/2023 14:15,1616,218,1415,ambient,1,1,2023,13.21262,hs
06/08/2023 14:30,1617,218,1430,ambient,1,1,2023,10.27755,hs
06/08/2023 14:45,1618,218,1445,ambient,1,1,2023,10.69858,hs
06/08/2023 15:00,1619,218,1500,ambient,1,1,2023,7.718179,hs
06/08/2023 15:15,1620,218,1515,ambient,1,1,2023,6.264919,hs
06/08/2023 15:30,1621,218,1530,ambient,1,1,2023,7.394273,hs
06/08/2023 15:45,1622,218,1545,ambient,1,1,2023,6.905786,hs
06/08/2023 16:00,1623,218,1600,ambient,1,1,2023,5.670061,hs
06/08/2023 16:15,1624,218,1615,ambient,1,1,2023,4.143967,hs
06/08/2023 16:30,1625,218,1630,ambient,1,1,2023,2.72835,hs
06/08/2023 16:45,1626,218,1645,ambient,1,1,2023,2.156808,hs
06/08/2023 17:00,1627,218,1700,ambient,1,1,2023,1.887925,hs
06/08/2023 17:15,1628,218,1715,ambient,1,1,2023,4.39205,hs
06/08/2023 17:30,1629,218,1730,ambient,1,1,2023,7.682164,hs
06/08/2023 17:45,1630,218,1745,ambient,1,1,2023,8.986918,hs
06/08/2023 18:00,1631,218,1800,ambient,1,1,2023,7.439104,hs
06/08/2023 18:15,1632,218,1815,ambient,1,1,2023,5.919805,hs
06/08/2023 18:30,1633,218,1830,ambient,1,1,2023,2.484879,hs
06/08/2023 18:45,1634,218,1845,ambient,1,1,2023,0.930277,hs
06/08/2023 19:00,1635,218,1900,ambient,1,1,2023,0.4142137,hs
06/08/2023 19:15,1636,218,1915,ambient,1,1,2023,0.01389765,hs
06/08/2023 19:30,1637,218,1930,ambient,1,1,2023,0,hs
06/08/2023 19:45,1638,218,1945,ambient,1,1,2023,0,hs
06/08/2023 20:00,1639,218,2000,ambient,1,1,2023,0,hs
06/08/2023 20:15,1640,218,2015,ambient,1,1,2023,0,hs
06/08/2023 20:30,1641,218,2030,ambient,1,1,2023,0,hs
06/08/2023 20:45,1642,218,2045,ambient,1,1,2023,0,hs
06/08/2023 21:00,1643,218,2100,ambient,1,1,2023,0.3366153,hs
06/08/2023 21:15,1644,218,2115,ambient,1,1,2023,0.3901194,hs
06/08/2023 21:30,1645,218,2130,ambient,1,1,2023,0,hs
06/08/2023 21:45,1646,218,2145,ambient,1,1,2023,0,hs
06/08/2023 22:00,1647,218,2200,ambient,1,1,2023,0,hs
06/08/2023 22:15,1648,218,2215,ambient,1,1,2023,0.1199529,hs
06/08/2023 22:30,1649,218,2230,ambient,1,1,2023,0.3275898,hs
06/08/2023 22:45,1650,218,2245,ambient,1,1,2023,0.5578644,hs
06/08/2023 23:00,1651,218,2300,ambient,1,1,2023,0.8531216,hs
06/08/2023 23:15,1652,218,2315,ambient,1,1,2023,1.056215,hs
06/08/2023 23:30,1653,218,2330,ambient,1,1,2023,1.028719,hs
06/08/2023 23:45,1654,218,2345,ambient,1,1,2023,0.7168219,hs
07/08/2023 00:00,1655,219,0,ambient,1,1,2023,0.345102,hs
07/08/2023 00:15,1656,219,15,ambient,1,1,2023,0.2046175,hs
07/08/2023 00:30,1657,219,30,ambient,1,1,2023,0.1638834,hs
07/08/2023 00:45,1658,219,45,ambient,1,1,2023,0.2469557,hs
07/08/2023 01:00,1659,219,100,ambient,1,1,2023,0.2738044,hs
07/08/2023 01:15,1660,219,115,ambient,1,1,2023,0.4340232,hs
07/08/2023 01:30,1661,219,130,ambient,1,1,2023,0.3568627,hs
07/08/2023 01:45,1662,219,145,ambient,1,1,2023,0.261441,hs
07/08/2023 02:00,1663,219,200,ambient,1,1,2023,0.3627205,hs
07/08/2023 02:15,1664,219,215,ambient,1,1,2023,0.003629373,hs
07/08/2023 02:30,1665,219,230,ambient,1,1,2023,0,hs
07/08/2023 02:45,1666,219,245,ambient,1,1,2023,0.1520743,hs
07/08/2023 03:00,1667,219,300,ambient,1,1,2023,0.2178005,hs
07/08/2023 03:15,1668,219,315,ambient,1,1,2023,0.146612,hs
07/08/2023 03:30,1669,219,330,ambient,1,1,2023,0.1170939,hs
07/08/2023 03:45,1670,219,345,ambient,1,1,2023,0.3352298,hs
07/08/2023 04:00,1671,219,400,ambient,1,1,2023,0.4797218,hs
07/08/2023 04:15,1672,219,415,ambient,1,1,2023,0.5103947,hs
07/08/2023 04:30,1673,219,430,ambient,1,1,2023,0.456489,hs
07/08/2023 04:45,1674,219,445,ambient,1,1,2023,0.5041957,hs
07/08/2023 05:00,1675,219,500,ambient,1,1,2023,0.4293669,hs
07/08/2023 05:15,1676,219,515,ambient,1,1,2023,0.353312,hs
07/08/2023 05:30,1677,219,530,ambient,1,1,2023,0.1517625,hs
07/08/2023 05:45,1678,219,545,ambient,1,1,2023,0.2093371,hs
07/08/2023 06:00,1679,219,600,ambient,1,1,2023,0.3651924,hs
07/08/2023 06:15,1680,219,615,ambient,1,1,2023,0.2477569,hs
07/08/2023 06:30,1681,219,630,ambient,1,1,2023,0.2820793,hs
07/08/2023 06:45,1682,219,645,ambient,1,1,2023,0.4918344,hs
07/08/2023 07:00,1683,219,700,ambient,1,1,2023,0.4228358,hs
07/08/2023 07:15,1684,219,715,ambient,1,1,2023,0,hs
07/08/2023 07:30,1685,219,730,ambient,1,1,2023,0,hs
07/08/2023 07:45,1686,219,745,ambient,1,1,2023,0,hs
07/08/2023 08:00,1687,219,800,ambient,1,1,2023,0,hs
07/08/2023 08:15,1688,219,815,ambient,1,1,2023,0,hs
07/08/2023 08:30,1689,219,830,ambient,1,1,2023,0.3065903,hs
07/08/2023 08:45,1690,219,845,ambient,1,1,2023,0.3423478,hs
07/08/2023 09:00,1691,219,900,ambient,1,1,2023,0.6438825,hs
07/08/2023 09:15,1692,219,915,ambient,1,1,2023,3.783927,hs
07/08/2023 09:30,1693,219,930,ambient,1,1,2023,6.908554,hs
07/08/2023 09:45,1694,219,945,ambient,1,1,2023,10.35501,hs
07/08/2023 10:00,1695,219,1000,ambient,1,1,2023,8.316039,hs
07/08/2023 10:15,1696,219,1015,ambient,1,1,2023,7.966434,hs
07/08/2023 10:30,1697,219,1030,ambient,1,1,2023,7.999443,hs
07/08/2023 10:45,1698,219,1045,ambient,1,1,2023,9.931309,hs
07/08/2023 11:00,1699,219,1100,ambient,1,1,2023,7.023426,hs
07/08/2023 11:15,1700,219,1115,ambient,1,1,2023,8.073834,hs
07/08/2023 11:30,1701,219,1130,ambient,1,1,2023,14.42976,hs
07/08/2023 11:45,1702,219,1145,ambient,1,1,2023,9.916874,hs
07/08/2023 12:00,1703,219,1200,ambient,1,1,2023,8.769549,hs
07/08/2023 12:15,1704,219,1215,ambient,1,1,2023,9.080609,hs
07/08/2023 12:30,1705,219,1230,ambient,1,1,2023,9.191031,hs
07/08/2023 12:45,1706,219,1245,ambient,1,1,2023,7.627659,hs
07/08/2023 13:00,1707,219,1300,ambient,1,1,2023,4.964676,hs
07/08/2023 13:15,1708,219,1315,ambient,1,1,2023,3.48933,hs
07/08/2023 13:30,1709,219,1330,ambient,1,1,2023,3.337752,hs
07/08/2023 13:45,1710,219,1345,ambient,1,1,2023,7.657206,hs
07/08/2023 14:00,1711,219,1400,ambient,1,1,2023,13.5375,hs
07/08/2023 14:15,1712,219,1415,ambient,1,1,2023,15.01995,hs
07/08/2023 14:30,1713,219,1430,ambient,1,1,2023,8.04273,hs
07/08/2023 14:45,1714,219,1445,ambient,1,1,2023,14.13456,hs
07/08/2023 15:00,1715,219,1500,ambient,1,1,2023,21.11966,hs
07/08/2023 15:15,1716,219,1515,ambient,1,1,2023,18.90273,hs
07/08/2023 15:30,1717,219,1530,ambient,1,1,2023,16.44716,hs
07/08/2023 15:45,1718,219,1545,ambient,1,1,2023,12.87289,hs
07/08/2023 16:00,1719,219,1600,ambient,1,1,2023,11.57722,hs
07/08/2023 16:15,1720,219,1615,ambient,1,1,2023,12.13455,hs
07/08/2023 16:30,1721,219,1630,ambient,1,1,2023,14.26915,hs
07/08/2023 16:45,1722,219,1645,ambient,1,1,2023,12.90679,hs
07/08/2023 17:00,1723,219,1700,ambient,1,1,2023,12.52325,hs
07/08/2023 17:15,1724,219,1715,ambient,1,1,2023,11.6559,hs
07/08/2023 17:30,1725,219,1730,ambient,1,1,2023,10.04966,hs
07/08/2023 17:45,1726,219,1745,ambient,1,1,2023,8.349264,hs
07/08/2023 18:00,1727,219,1800,ambient,1,1,2023,7.770006,hs
07/08/2023 18:15,1728,219,1815,ambient,1,1,2023,6.310562,hs
07/08/2023 18:30,1729,219,1830,ambient,1,1,2023,5.233049,hs
07/08/2023 18:45,1730,219,1845,ambient,1,1,2023,3.89507,hs
07/08/2023 19:00,1731,219,1900,ambient,1,1,2023,3.594998,hs
07/08/2023 19:15,1732,219,1915,ambient,1,1,2023,2.496671,hs
07/08/2023 19:30,1733,219,1930,ambient,1,1,2023,1.68584,hs
07/08/2023 19:45,1734,219,1945,ambient,1,1,2023,0.8967329,hs
07/08/2023 20:00,1735,219,2000,ambient,1,1,2023,0.3981204,hs
07/08/2023 20:15,1736,219,2015,ambient,1,1,2023,0.2671772,hs
07/08/2023 20:30,1737,219,2030,ambient,1,1,2023,0.1502356,hs
07/08/2023 20:45,1738,219,2045,ambient,1,1,2023,0,hs
07/08/2023 21:00,1739,219,2100,ambient,1,1,2023,0,hs
07/08/2023 21:15,1740,219,2115,ambient,1,1,2023,0,hs
07/08/2023 21:30,1741,219,2130,ambient,1,1,2023,0,hs
07/08/2023 21:45,1742,219,2145,ambient,1,1,2023,0.1225944,hs
07/08/2023 22:00,1743,219,2200,ambient,1,1,2023,0.2819632,hs
07/08/2023 22:15,1744,219,2215,ambient,1,1,2023,0.3539964,hs
07/08/2023 22:30,1745,219,2230,ambient,1,1,2023,0.3680108,hs
07/08/2023 22:45,1746,219,2245,ambient,1,1,2023,0.368181,hs
07/08/2023 23:00,1747,219,2300,ambient,1,1,2023,0.2325986,hs
07/08/2023 23:15,1748,219,2315,ambient,1,1,2023,0.1604029,hs
07/08/2023 23:30,1749,219,2330,ambient,1,1,2023,0.3087058,hs
07/08/2023 23:45,1750,219,2345,ambient,1,1,2023,0.3988222,hs
08/08/2023 00:00,1751,220,0,ambient,1,1,2023,0.458249,hs
08/08/2023 00:15,1752,220,15,ambient,1,1,2023,0.2870371,hs
08/08/2023 00:30,1753,220,30,ambient,1,1,2023,0.2470401,hs
08/08/2023 00:45,1754,220,45,ambient,1,1,2023,0.1509183,hs
08/08/2023 01:00,1755,220,100,ambient,1,1,2023,0.1854031,hs
08/08/2023 01:15,1756,220,115,ambient,1,1,2023,0,hs
08/08/2023 01:30,1757,220,130,ambient,1,1,2023,0,hs
08/08/2023 01:45,1758,220,145,ambient,1,1,2023,0.07512607,hs
08/08/2023 02:00,1759,220,200,ambient,1,1,2023,0.2017619,hs
08/08/2023 02:15,1760,220,215,ambient,1,1,2023,0.1049497,hs
08/08/2023 02:30,1761,220,230,ambient,1,1,2023,0,hs
08/08/2023 02:45,1762,220,245,ambient,1,1,2023,0,hs
08/08/2023 03:00,1763,220,300,ambient,1,1,2023,0,hs
08/08/2023 03:15,1764,220,315,ambient,1,1,2023,0,hs
08/08/2023 03:30,1765,220,330,ambient,1,1,2023,0.06411278,hs
08/08/2023 03:45,1766,220,345,ambient,1,1,2023,0,hs
08/08/2023 04:00,1767,220,400,ambient,1,1,2023,0,hs
08/08/2023 04:15,1768,220,415,ambient,1,1,2023,0,hs
08/08/2023 04:30,1769,220,430,ambient,1,1,2023,0,hs
08/08/2023 04:45,1770,220,445,ambient,1,1,2023,0,hs
08/08/2023 05:00,1771,220,500,ambient,1,1,2023,0.8334412,hs
08/08/2023 05:15,1772,220,515,ambient,1,1,2023,0.8530082,hs
08/08/2023 05:30,1773,220,530,ambient,1,1,2023,0.9434783,hs
08/08/2023 05:45,1774,220,545,ambient,1,1,2023,1.199667,hs
08/08/2023 06:00,1775,220,600,ambient,1,1,2023,1.185634,hs
08/08/2023 06:15,1776,220,615,ambient,1,1,2023,1.17713,hs
08/08/2023 06:30,1777,220,630,ambient,1,1,2023,0,hs
08/08/2023 06:45,1778,220,645,ambient,1,1,2023,0,hs
08/08/2023 07:00,1779,220,700,ambient,1,1,2023,0,hs
08/08/2023 07:15,1780,220,715,ambient,1,1,2023,2.501246,hs
08/08/2023 07:30,1781,220,730,ambient,1,1,2023,1.816919,hs
08/08/2023 07:45,1782,220,745,ambient,1,1,2023,3.045767,hs
08/08/2023 08:00,1783,220,800,ambient,1,1,2023,3.700315,hs
08/08/2023 08:15,1784,220,815,ambient,1,1,2023,2.671799,hs
08/08/2023 08:30,1785,220,830,ambient,1,1,2023,1.678232,hs
08/08/2023 08:45,1786,220,845,ambient,1,1,2023,1.417338,hs
08/08/2023 09:00,1787,220,900,ambient,1,1,2023,1.812157,hs
08/08/2023 09:15,1788,220,915,ambient,1,1,2023,2.90158,hs
08/08/2023 09:30,1789,220,930,ambient,1,1,2023,5.396888,hs
08/08/2023 09:45,1790,220,945,ambient,1,1,2023,8.235005,hs
08/08/2023 10:00,1791,220,1000,ambient,1,1,2023,9.96856,hs
08/08/2023 10:15,1792,220,1015,ambient,1,1,2023,12.26272,hs
08/08/2023 10:30,1793,220,1030,ambient,1,1,2023,14.13151,hs
08/08/2023 10:45,1794,220,1045,ambient,1,1,2023,15.20575,hs
08/08/2023 11:00,1795,220,1100,ambient,1,1,2023,16.40584,hs
08/08/2023 11:15,1796,220,1115,ambient,1,1,2023,17.29527,hs
08/08/2023 11:30,1797,220,1130,ambient,1,1,2023,16.40656,hs
08/08/2023 11:45,1798,220,1145,ambient,1,1,2023,17.30339,hs
08/08/2023 12:00,1799,220,1200,ambient,1,1,2023,17.85773,hs
08/08/2023 12:15,1800,220,1215,ambient,1,1,2023,18.18114,hs
08/08/2023 12:30,1801,220,1230,ambient,1,1,2023,20.38701,hs
08/08/2023 12:45,1802,220,1245,ambient,1,1,2023,19.15893,hs
08/08/2023 13:00,1803,220,1300,ambient,1,1,2023,18.52319,hs
08/08/2023 13:15,1804,220,1315,ambient,1,1,2023,21.23094,hs
08/08/2023 13:30,1805,220,1330,ambient,1,1,2023,23.00226,hs
08/08/2023 13:45,1806,220,1345,ambient,1,1,2023,22.2033,hs
08/08/2023 14:00,1807,220,1400,ambient,1,1,2023,20.31494,hs
08/08/2023 14:15,1808,220,1415,ambient,1,1,2023,20.49635,hs
08/08/2023 14:30,1809,220,1430,ambient,1,1,2023,16.64266,hs
08/08/2023 14:45,1810,220,1445,ambient,1,1,2023,14.27629,hs
08/08/2023 15:00,1811,220,1500,ambient,1,1,2023,21.30032,hs
08/08/2023 15:15,1812,220,1515,ambient,1,1,2023,19.92549,hs
08/08/2023 15:30,1813,220,1530,ambient,1,1,2023,18.86407,hs
08/08/2023 15:45,1814,220,1545,ambient,1,1,2023,19.06586,hs
08/08/2023 16:00,1815,220,1600,ambient,1,1,2023,17.61395,hs
08/08/2023 16:15,1816,220,1615,ambient,1,1,2023,15.74222,hs
08/08/2023 16:30,1817,220,1630,ambient,1,1,2023,12.93988,hs
08/08/2023 16:45,1818,220,1645,ambient,1,1,2023,7.549342,hs
08/08/2023 17:00,1819,220,1700,ambient,1,1,2023,5.849127,hs
08/08/2023 17:15,1820,220,1715,ambient,1,1,2023,5.472387,hs
08/08/2023 17:30,1821,220,1730,ambient,1,1,2023,4.824608,hs
08/08/2023 17:45,1822,220,1745,ambient,1,1,2023,8.007736,hs
08/08/2023 18:00,1823,220,1800,ambient,1,1,2023,8.069612,hs
08/08/2023 18:15,1824,220,1815,ambient,1,1,2023,4.73059,hs
08/08/2023 18:30,1825,220,1830,ambient,1,1,2023,3.075352,hs
08/08/2023 18:45,1826,220,1845,ambient,1,1,2023,2.367608,hs
08/08/2023 19:00,1827,220,1900,ambient,1,1,2023,1.721583,hs
08/08/2023 19:15,1828,220,1915,ambient,1,1,2023,1.212898,hs
08/08/2023 19:30,1829,220,1930,ambient,1,1,2023,0.7177784,hs
08/08/2023 19:45,1830,220,1945,ambient,1,1,2023,0.2745711,hs
08/08/2023 20:00,1831,220,2000,ambient,1,1,2023,0.172328,hs
08/08/2023 20:15,1832,220,2015,ambient,1,1,2023,0.07283412,hs
08/08/2023 20:30,1833,220,2030,ambient,1,1,2023,0,hs
08/08/2023 20:45,1834,220,2045,ambient,1,1,2023,0,hs
08/08/2023 21:00,1835,220,2100,ambient,1,1,2023,0.09775208,hs
08/08/2023 21:15,1836,220,2115,ambient,1,1,2023,0.3204301,hs
08/08/2023 21:30,1837,220,2130,ambient,1,1,2023,0.4319435,hs
08/08/2023 21:45,1838,220,2145,ambient,1,1,2023,0.6107211,hs
08/08/2023 22:00,1839,220,2200,ambient,1,1,2023,1.197173,hs
08/08/2023 22:15,1840,220,2215,ambient,1,1,2023,1.40787,hs
08/08/2023 22:30,1841,220,2230,ambient,1,1,2023,1.425588,hs
08/08/2023 22:45,1842,220,2245,ambient,1,1,2023,1.327841,hs
08/08/2023 23:00,1843,220,2300,ambient,1,1,2023,1.182252,hs
08/08/2023 23:15,1844,220,2315,ambient,1,1,2023,1.136968,hs
08/08/2023 23:30,1845,220,2330,ambient,1,1,2023,1.192513,hs
08/08/2023 23:45,1846,220,2345,ambient,1,1,2023,1.293021,hs
09/08/2023 00:00,1847,221,0,ambient,1,1,2023,1.147164,hs
09/08/2023 00:15,1848,221,15,ambient,1,1,2023,0.8364107,hs
09/08/2023 00:30,1849,221,30,ambient,1,1,2023,0.6581984,hs
09/08/2023 00:45,1850,221,45,ambient,1,1,2023,0.5406323,hs
09/08/2023 01:00,1851,221,100,ambient,1,1,2023,0.4228525,hs
09/08/2023 01:15,1852,221,115,ambient,1,1,2023,0.2655917,hs
09/08/2023 01:30,1853,221,130,ambient,1,1,2023,0.4841505,hs
09/08/2023 01:45,1854,221,145,ambient,1,1,2023,0.7067517,hs
09/08/2023 02:00,1855,221,200,ambient,1,1,2023,1.263765,hs
09/08/2023 02:15,1856,221,215,ambient,1,1,2023,2.095136,hs
09/08/2023 02:30,1857,221,230,ambient,1,1,2023,1.014883,hs
09/08/2023 02:45,1858,221,245,ambient,1,1,2023,0.5067324,hs
09/08/2023 03:00,1859,221,300,ambient,1,1,2023,0.5849041,hs
09/08/2023 03:15,1860,221,315,ambient,1,1,2023,0.6602237,hs
09/08/2023 03:30,1861,221,330,ambient,1,1,2023,0.6958088,hs
09/08/2023 03:45,1862,221,345,ambient,1,1,2023,0.9079564,hs
09/08/2023 04:00,1863,221,400,ambient,1,1,2023,0.8101226,hs
09/08/2023 04:15,1864,221,415,ambient,1,1,2023,0.7473161,hs
09/08/2023 04:30,1865,221,430,ambient,1,1,2023,0.8975238,hs
09/08/2023 04:45,1866,221,445,ambient,1,1,2023,0.8738644,hs
09/08/2023 05:00,1867,221,500,ambient,1,1,2023,0.4526506,hs
09/08/2023 05:15,1868,221,515,ambient,1,1,2023,0.5714173,hs
09/08/2023 05:30,1869,221,530,ambient,1,1,2023,0.687609,hs
09/08/2023 05:45,1870,221,545,ambient,1,1,2023,0.5742613,hs
09/08/2023 06:00,1871,221,600,ambient,1,1,2023,0.4958915,hs
09/08/2023 06:15,1872,221,615,ambient,1,1,2023,0.6853337,hs
09/08/2023 06:30,1873,221,630,ambient,1,1,2023,1.132638,hs
09/08/2023 06:45,1874,221,645,ambient,1,1,2023,1.729944,hs
09/08/2023 07:00,1875,221,700,ambient,1,1,2023,2.195904,hs
09/08/2023 07:15,1876,221,715,ambient,1,1,2023,2.805207,hs
09/08/2023 07:30,1877,221,730,ambient,1,1,2023,3.015946,hs
09/08/2023 07:45,1878,221,745,ambient,1,1,2023,2.504436,hs
09/08/2023 08:00,1879,221,800,ambient,1,1,2023,2.127989,hs
09/08/2023 08:15,1880,221,815,ambient,1,1,2023,1.950277,hs
09/08/2023 08:30,1881,221,830,ambient,1,1,2023,1.870372,hs
09/08/2023 08:45,1882,221,845,ambient,1,1,2023,2.089386,hs
09/08/2023 09:00,1883,221,900,ambient,1,1,2023,2.233676,hs
09/08/2023 09:15,1884,221,915,ambient,1,1,2023,2.5159,hs
09/08/2023 09:30,1885,221,930,ambient,1,1,2023,2.905275,hs
09/08/2023 09:45,1886,221,945,ambient,1,1,2023,3.486595,hs
09/08/2023 10:00,1887,221,1000,ambient,1,1,2023,4.203461,hs
09/08/2023 10:15,1888,221,1015,ambient,1,1,2023,4.807418,hs
09/08/2023 10:30,1889,221,1030,ambient,1,1,2023,6.120683,hs
09/08/2023 10:45,1890,221,1045,ambient,1,1,2023,6.920223,hs
09/08/2023 11:00,1891,221,1100,ambient,1,1,2023,7.921283,hs
09/08/2023 11:15,1892,221,1115,ambient,1,1,2023,11.40884,hs
09/08/2023 11:30,1893,221,1130,ambient,1,1,2023,14.57751,hs
09/08/2023 11:45,1894,221,1145,ambient,1,1,2023,14.42292,hs
09/08/2023 12:00,1895,221,1200,ambient,1,1,2023,11.91924,hs
09/08/2023 12:15,1896,221,1215,ambient,1,1,2023,12.6511,hs
09/08/2023 12:30,1897,221,1230,ambient,1,1,2023,14.27835,hs
09/08/2023 12:45,1898,221,1245,ambient,1,1,2023,12.97464,hs
09/08/2023 13:00,1899,221,1300,ambient,1,1,2023,8.17274,hs
09/08/2023 13:15,1900,221,1315,ambient,1,1,2023,4.77253,hs
09/08/2023 13:30,1901,221,1330,ambient,1,1,2023,2.445074,hs
09/08/2023 13:45,1902,221,1345,ambient,1,1,2023,1.329998,hs
09/08/2023 14:00,1903,221,1400,ambient,1,1,2023,0,hs
09/08/2023 14:15,1904,221,1415,ambient,1,1,2023,0,hs
09/08/2023 14:30,1905,221,1430,ambient,1,1,2023,0,hs
09/08/2023 14:45,1906,221,1445,ambient,1,1,2023,0,hs
09/08/2023 15:00,1907,221,1500,ambient,1,1,2023,0.367962,hs
09/08/2023 15:15,1908,221,1515,ambient,1,1,2023,0.4319416,hs
09/08/2023 15:30,1909,221,1530,ambient,1,1,2023,0.4345894,hs
09/08/2023 15:45,1910,221,1545,ambient,1,1,2023,0.6758654,hs
09/08/2023 16:00,1911,221,1600,ambient,1,1,2023,0.7479123,hs
09/08/2023 16:15,1912,221,1615,ambient,1,1,2023,0.4992757,hs
09/08/2023 16:30,1913,221,1630,ambient,1,1,2023,0.7784647,hs
09/08/2023 16:45,1914,221,1645,ambient,1,1,2023,0.7042829,hs
09/08/2023 17:00,1915,221,1700,ambient,1,1,2023,0.6485953,hs
09/08/2023 17:15,1916,221,1715,ambient,1,1,2023,0.5889384,hs
09/08/2023 17:30,1917,221,1730,ambient,1,1,2023,0.6576656,hs
09/08/2023 17:45,1918,221,1745,ambient,1,1,2023,0.6706118,hs
09/08/2023 18:00,1919,221,1800,ambient,1,1,2023,0.1536005,hs
09/08/2023 18:15,1920,221,1815,ambient,1,1,2023,0.01802161,hs
09/08/2023 18:30,1921,221,1830,ambient,1,1,2023,0.03983061,hs
09/08/2023 18:45,1922,221,1845,ambient,1,1,2023,0.1769848,hs
09/08/2023 19:00,1923,221,1900,ambient,1,1,2023,0.308943,hs
09/08/2023 19:15,1924,221,1915,ambient,1,1,2023,0,hs
09/08/2023 19:30,1925,221,1930,ambient,1,1,2023,0,hs
09/08/2023 19:45,1926,221,1945,ambient,1,1,2023,0,hs
09/08/2023 20:00,1927,221,2000,ambient,1,1,2023,0.1771585,hs
09/08/2023 20:15,1928,221,2015,ambient,1,1,2023,0.1167738,hs
09/08/2023 20:30,1929,221,2030,ambient,1,1,2023,0.3602596,hs
09/08/2023 20:45,1930,221,2045,ambient,1,1,2023,0.494505,hs
09/08/2023 21:00,1931,221,2100,ambient,1,1,2023,0.4035457,hs
09/08/2023 21:15,1932,221,2115,ambient,1,1,2023,0.5463887,hs
09/08/2023 21:30,1933,221,2130,ambient,1,1,2023,0.4980541,hs
09/08/2023 21:45,1934,221,2145,ambient,1,1,2023,0.09929691,hs
09/08/2023 22:00,1935,221,2200,ambient,1,1,2023,0,hs
09/08/2023 22:15,1936,221,2215,ambient,1,1,2023,0,hs
09/08/2023 22:30,1937,221,2230,ambient,1,1,2023,0,hs
09/08/2023 22:45,1938,221,2245,ambient,1,1,2023,0.8008705,hs
09/08/2023 23:00,1939,221,2300,ambient,1,1,2023,0.770211,hs
09/08/2023 23:15,1940,221,2315,ambient,1,1,2023,0.4842908,hs
09/08/2023 23:30,1941,221,2330,ambient,1,1,2023,0.3344826,hs
09/08/2023 23:45,1942,221,2345,ambient,1,1,2023,0.0200771,hs
10/08/2023 00:00,1943,222,0,ambient,1,1,2023,0.4218124,hs
10/08/2023 00:15,1944,222,15,ambient,1,1,2023,0.9684883,hs
10/08/2023 00:30,1945,222,30,ambient,1,1,2023,0.8385221,hs
10/08/2023 00:45,1946,222,45,ambient,1,1,2023,0.5557716,hs
10/08/2023 01:00,1947,222,100,ambient,1,1,2023,0.182852,hs
10/08/2023 01:15,1948,222,115,ambient,1,1,2023,0,hs
10/08/2023 01:30,1949,222,130,ambient,1,1,2023,0,hs
10/08/2023 01:45,1950,222,145,ambient,1,1,2023,0,hs
10/08/2023 02:00,1951,222,200,ambient,1,1,2023,0.4575057,hs
10/08/2023 02:15,1952,222,215,ambient,1,1,2023,0.759191,hs
10/08/2023 02:30,1953,222,230,ambient,1,1,2023,0.9515714,hs
10/08/2023 02:45,1954,222,245,ambient,1,1,2023,0.5463387,hs
10/08/2023 03:00,1955,222,300,ambient,1,1,2023,0.2705795,hs
10/08/2023 03:15,1956,222,315,ambient,1,1,2023,0.2306453,hs
10/08/2023 03:30,1957,222,330,ambient,1,1,2023,0.2141504,hs
10/08/2023 03:45,1958,222,345,ambient,1,1,2023,0.5972842,hs
10/08/2023 04:00,1959,222,400,ambient,1,1,2023,0.7847266,hs
10/08/2023 04:15,1960,222,415,ambient,1,1,2023,0.7130367,hs
10/08/2023 04:30,1961,222,430,ambient,1,1,2023,0.5834673,hs
10/08/2023 04:45,1962,222,445,ambient,1,1,2023,0.6392878,hs
10/08/2023 05:00,1963,222,500,ambient,1,1,2023,0.5460708,hs
10/08/2023 05:15,1964,222,515,ambient,1,1,2023,0.5519684,hs
10/08/2023 05:30,1965,222,530,ambient,1,1,2023,0.5124422,hs
10/08/2023 05:45,1966,222,545,ambient,1,1,2023,0.4049845,hs
10/08/2023 06:00,1967,222,600,ambient,1,1,2023,0.4596833,hs
10/08/2023 06:15,1968,222,615,ambient,1,1,2023,0.4564333,hs
10/08/2023 06:30,1969,222,630,ambient,1,1,2023,0.4793504,hs
10/08/2023 06:45,1970,222,645,ambient,1,1,2023,0.5153154,hs
10/08/2023 07:00,1971,222,700,ambient,1,1,2023,0.6025836,hs
10/08/2023 07:15,1972,222,715,ambient,1,1,2023,0.7519723,hs
10/08/2023 07:30,1973,222,730,ambient,1,1,2023,1.14274,hs
10/08/2023 07:45,1974,222,745,ambient,1,1,2023,1.736838,hs
10/08/2023 08:00,1975,222,800,ambient,1,1,2023,0.9711975,hs
10/08/2023 08:15,1976,222,815,ambient,1,1,2023,1.354998,hs
10/08/2023 08:30,1977,222,830,ambient,1,1,2023,1.418957,hs
10/08/2023 08:45,1978,222,845,ambient,1,1,2023,2.246641,hs
10/08/2023 09:00,1979,222,900,ambient,1,1,2023,4.292198,hs
10/08/2023 09:15,1980,222,915,ambient,1,1,2023,9.388284,hs
10/08/2023 09:30,1981,222,930,ambient,1,1,2023,9.652337,hs
10/08/2023 09:45,1982,222,945,ambient,1,1,2023,9.183691,hs
10/08/2023 10:00,1983,222,1000,ambient,1,1,2023,10.26027,hs
10/08/2023 10:15,1984,222,1015,ambient,1,1,2023,10.15263,hs
10/08/2023 10:30,1985,222,1030,ambient,1,1,2023,13.12284,hs
10/08/2023 10:45,1986,222,1045,ambient,1,1,2023,16.70378,hs
10/08/2023 11:00,1987,222,1100,ambient,1,1,2023,16.67903,hs
10/08/2023 11:15,1988,222,1115,ambient,1,1,2023,15.22418,hs
10/08/2023 11:30,1989,222,1130,ambient,1,1,2023,15.94994,hs
10/08/2023 11:45,1990,222,1145,ambient,1,1,2023,17.73214,hs
10/08/2023 12:00,1991,222,1200,ambient,1,1,2023,17.3241,hs
10/08/2023 12:15,1992,222,1215,ambient,1,1,2023,17.55138,hs
10/08/2023 12:30,1993,222,1230,ambient,1,1,2023,17.81095,hs
10/08/2023 12:45,1994,222,1245,ambient,1,1,2023,17.99667,hs
10/08/2023 13:00,1995,222,1300,ambient,1,1,2023,20.01885,hs
10/08/2023 13:15,1996,222,1315,ambient,1,1,2023,20.73151,hs
10/08/2023 13:30,1997,222,1330,ambient,1,1,2023,20.21342,hs
10/08/2023 13:45,1998,222,1345,ambient,1,1,2023,20.45541,hs
10/08/2023 14:00,1999,222,1400,ambient,1,1,2023,21.78837,hs
10/08/2023 14:15,2000,222,1415,ambient,1,1,2023,21.5434,hs
10/08/2023 14:30,2001,222,1430,ambient,1,1,2023,22.53025,hs
10/08/2023 14:45,2002,222,1445,ambient,1,1,2023,22.54209,hs
10/08/2023 15:00,2003,222,1500,ambient,1,1,2023,20.6085,hs
10/08/2023 15:15,2004,222,1515,ambient,1,1,2023,19.17259,hs
10/08/2023 15:30,2005,222,1530,ambient,1,1,2023,19.54984,hs
10/08/2023 15:45,2006,222,1545,ambient,1,1,2023,18.79807,hs
10/08/2023 16:00,2007,222,1600,ambient,1,1,2023,17.86822,hs
10/08/2023 16:15,2008,222,1615,ambient,1,1,2023,15.57326,hs
10/08/2023 16:30,2009,222,1630,ambient,1,1,2023,14.94345,hs
10/08/2023 16:45,2010,222,1645,ambient,1,1,2023,15.02467,hs
10/08/2023 17:00,2011,222,1700,ambient,1,1,2023,13.57503,hs
10/08/2023 17:15,2012,222,1715,ambient,1,1,2023,12.50339,hs
10/08/2023 17:30,2013,222,1730,ambient,1,1,2023,11.93598,hs
10/08/2023 17:45,2014,222,1745,ambient,1,1,2023,10.92818,hs
10/08/2023 18:00,2015,222,1800,ambient,1,1,2023,9.313806,hs
10/08/2023 18:15,2016,222,1815,ambient,1,1,2023,8.053155,hs
10/08/2023 18:30,2017,222,1830,ambient,1,1,2023,7.125628,hs
10/08/2023 18:45,2018,222,1845,ambient,1,1,2023,6.395673,hs
10/08/2023 19:00,2019,222,1900,ambient,1,1,2023,4.942872,hs
10/08/2023 19:15,2020,222,1915,ambient,1,1,2023,3.306218,hs
10/08/2023 19:30,2021,222,1930,ambient,1,1,2023,1.82848,hs
10/08/2023 19:45,2022,222,1945,ambient,1,1,2023,0.6330445,hs
10/08/2023 20:00,2023,222,2000,ambient,1,1,2023,0,hs
10/08/2023 20:15,2024,222,2015,ambient,1,1,2023,0,hs
10/08/2023 20:30,2025,222,2030,ambient,1,1,2023,0,hs
10/08/2023 20:45,2026,222,2045,ambient,1,1,2023,0,hs
10/08/2023 21:00,2027,222,2100,ambient,1,1,2023,0.0366741,hs
10/08/2023 21:15,2028,222,2115,ambient,1,1,2023,0.260777,hs
10/08/2023 21:30,2029,222,2130,ambient,1,1,2023,0,hs
10/08/2023 21:45,2030,222,2145,ambient,1,1,2023,0.3105957,hs
10/08/2023 22:00,2031,222,2200,ambient,1,1,2023,0.7123159,hs
10/08/2023 22:15,2032,222,2215,ambient,1,1,2023,0.6998994,hs
10/08/2023 22:30,2033,222,2230,ambient,1,1,2023,0.574697,hs
10/08/2023 22:45,2034,222,2245,ambient,1,1,2023,0.6089545,hs
10/08/2023 23:00,2035,222,2300,ambient,1,1,2023,0.6695957,hs
10/08/2023 23:15,2036,222,2315,ambient,1,1,2023,0.6178015,hs
10/08/2023 23:30,2037,222,2330,ambient,1,1,2023,0.5626037,hs
10/08/2023 23:45,2038,222,2345,ambient,1,1,2023,0.3967409,hs
11/08/2023 00:00,2039,223,0,ambient,1,1,2023,0,hs
11/08/2023 00:15,2040,223,15,ambient,1,1,2023,0,hs
11/08/2023 00:30,2041,223,30,ambient,1,1,2023,0.442038,hs
11/08/2023 00:45,2042,223,45,ambient,1,1,2023,0.4671738,hs
11/08/2023 01:00,2043,223,100,ambient,1,1,2023,0.7664515,hs
11/08/2023 01:15,2044,223,115,ambient,1,1,2023,0.6603267,hs
11/08/2023 01:30,2045,223,130,ambient,1,1,2023,0.6228732,hs
11/08/2023 01:45,2046,223,145,ambient,1,1,2023,0.3351561,hs
11/08/2023 02:00,2047,223,200,ambient,1,1,2023,0,hs
11/08/2023 02:15,2048,223,215,ambient,1,1,2023,0,hs
11/08/2023 02:30,2049,223,230,ambient,1,1,2023,0.361703,hs
11/08/2023 02:45,2050,223,245,ambient,1,1,2023,0.3739229,hs
11/08/2023 03:00,2051,223,300,ambient,1,1,2023,0.3642492,hs
11/08/2023 03:15,2052,223,315,ambient,1,1,2023,0.317495,hs
11/08/2023 03:30,2053,223,330,ambient,1,1,2023,0.2481275,hs
11/08/2023 03:45,2054,223,345,ambient,1,1,2023,0.1104076,hs
11/08/2023 04:00,2055,223,400,ambient,1,1,2023,0,hs
11/08/2023 04:15,2056,223,415,ambient,1,1,2023,0,hs
11/08/2023 04:30,2057,223,430,ambient,1,1,2023,0,hs
11/08/2023 04:45,2058,223,445,ambient,1,1,2023,0,hs
11/08/2023 05:00,2059,223,500,ambient,1,1,2023,1.13082,hs
11/08/2023 05:15,2060,223,515,ambient,1,1,2023,1.70228,hs
11/08/2023 05:30,2061,223,530,ambient,1,1,2023,1.46036,hs
11/08/2023 05:45,2062,223,545,ambient,1,1,2023,0.9411634,hs
11/08/2023 06:00,2063,223,600,ambient,1,1,2023,0.5056294,hs
11/08/2023 06:15,2064,223,615,ambient,1,1,2023,0.1839402,hs
11/08/2023 06:30,2065,223,630,ambient,1,1,2023,0.4935554,hs
11/08/2023 06:45,2066,223,645,ambient,1,1,2023,2.236497,hs
11/08/2023 07:00,2067,223,700,ambient,1,1,2023,2.455743,hs
11/08/2023 07:15,2068,223,715,ambient,1,1,2023,2.671518,hs
11/08/2023 07:30,2069,223,730,ambient,1,1,2023,2.225474,hs
11/08/2023 07:45,2070,223,745,ambient,1,1,2023,2.106527,hs
11/08/2023 08:00,2071,223,800,ambient,1,1,2023,2.329095,hs
11/08/2023 08:15,2072,223,815,ambient,1,1,2023,2.26139,hs
11/08/2023 08:30,2073,223,830,ambient,1,1,2023,1.653082,hs
11/08/2023 08:45,2074,223,845,ambient,1,1,2023,1.103375,hs
11/08/2023 09:00,2075,223,900,ambient,1,1,2023,0.7029836,hs
11/08/2023 09:15,2076,223,915,ambient,1,1,2023,0.8900511,hs
11/08/2023 09:30,2077,223,930,ambient,1,1,2023,0.9232184,hs
11/08/2023 09:45,2078,223,945,ambient,1,1,2023,0.9198564,hs
11/08/2023 10:00,2079,223,1000,ambient,1,1,2023,0.3347594,hs
11/08/2023 10:15,2080,223,1015,ambient,1,1,2023,0,hs
11/08/2023 10:30,2081,223,1030,ambient,1,1,2023,0,hs
11/08/2023 10:45,2082,223,1045,ambient,1,1,2023,0,hs
11/08/2023 11:00,2083,223,1100,ambient,1,1,2023,0,hs
11/08/2023 11:15,2084,223,1115,ambient,1,1,2023,0,hs
11/08/2023 11:30,2085,223,1130,ambient,1,1,2023,0,hs
11/08/2023 11:45,2086,223,1145,ambient,1,1,2023,2.251091,hs
11/08/2023 12:00,2087,223,1200,ambient,1,1,2023,6.445453,hs
11/08/2023 12:15,2088,223,1215,ambient,1,1,2023,8.995601,hs
11/08/2023 12:30,2089,223,1230,ambient,1,1,2023,14.56218,hs
11/08/2023 12:45,2090,223,1245,ambient,1,1,2023,16.65275,hs
11/08/2023 13:00,2091,223,1300,ambient,1,1,2023,18.2419,hs
11/08/2023 13:15,2092,223,1315,ambient,1,1,2023,19.94239,hs
11/08/2023 13:30,2093,223,1330,ambient,1,1,2023,22.07664,hs
11/08/2023 13:45,2094,223,1345,ambient,1,1,2023,22.36662,hs
11/08/2023 14:00,2095,223,1400,ambient,1,1,2023,22.00527,hs
11/08/2023 14:15,2096,223,1415,ambient,1,1,2023,20.4127,hs
11/08/2023 14:30,2097,223,1430,ambient,1,1,2023,18.48563,hs
11/08/2023 14:45,2098,223,1445,ambient,1,1,2023,19.51031,hs
11/08/2023 15:00,2099,223,1500,ambient,1,1,2023,19.46459,hs
11/08/2023 15:15,2100,223,1515,ambient,1,1,2023,18.69074,hs
11/08/2023 15:30,2101,223,1530,ambient,1,1,2023,18.02911,hs
11/08/2023 15:45,2102,223,1545,ambient,1,1,2023,17.74334,hs
11/08/2023 16:00,2103,223,1600,ambient,1,1,2023,17.24983,hs
11/08/2023 16:15,2104,223,1615,ambient,1,1,2023,18.29165,hs
11/08/2023 16:30,2105,223,1630,ambient,1,1,2023,14.02693,hs
11/08/2023 16:45,2106,223,1645,ambient,1,1,2023,12.3978,hs
11/08/2023 17:00,2107,223,1700,ambient,1,1,2023,13.92616,hs
11/08/2023 17:15,2108,223,1715,ambient,1,1,2023,14.10418,hs
11/08/2023 17:30,2109,223,1730,ambient,1,1,2023,12.12638,hs
11/08/2023 17:45,2110,223,1745,ambient,1,1,2023,9.915978,hs
11/08/2023 18:00,2111,223,1800,ambient,1,1,2023,9.816386,hs
11/08/2023 18:15,2112,223,1815,ambient,1,1,2023,8.040542,hs
11/08/2023 18:30,2113,223,1830,ambient,1,1,2023,6.798831,hs
11/08/2023 18:45,2114,223,1845,ambient,1,1,2023,5.643389,hs
11/08/2023 19:00,2115,223,1900,ambient,1,1,2023,4.53157,hs
11/08/2023 19:15,2116,223,1915,ambient,1,1,2023,3.054217,hs
11/08/2023 19:30,2117,223,1930,ambient,1,1,2023,1.606446,hs
11/08/2023 19:45,2118,223,1945,ambient,1,1,2023,0.9079891,hs
11/08/2023 20:00,2119,223,2000,ambient,1,1,2023,0.3993161,hs
11/08/2023 20:15,2120,223,2015,ambient,1,1,2023,0.3068599,hs
11/08/2023 20:30,2121,223,2030,ambient,1,1,2023,0.3591757,hs
11/08/2023 20:45,2122,223,2045,ambient,1,1,2023,0.5669933,hs
11/08/2023 21:00,2123,223,2100,ambient,1,1,2023,0.8747981,hs
11/08/2023 21:15,2124,223,2115,ambient,1,1,2023,1.169286,hs
11/08/2023 21:30,2125,223,2130,ambient,1,1,2023,1.154106,hs
11/08/2023 21:45,2126,223,2145,ambient,1,1,2023,0.7020068,hs
11/08/2023 22:00,2127,223,2200,ambient,1,1,2023,0.3939576,hs
11/08/2023 22:15,2128,223,2215,ambient,1,1,2023,0.5171219,hs
11/08/2023 22:30,2129,223,2230,ambient,1,1,2023,0.8525147,hs
11/08/2023 22:45,2130,223,2245,ambient,1,1,2023,0.743102,hs
11/08/2023 23:00,2131,223,2300,ambient,1,1,2023,0.2579461,hs
11/08/2023 23:15,2132,223,2315,ambient,1,1,2023,0.095004,hs
11/08/2023 23:30,2133,223,2330,ambient,1,1,2023,0.2440536,hs
11/08/2023 23:45,2134,223,2345,ambient,1,1,2023,0.5028667,hs
12/08/2023 00:00,2135,224,0,ambient,1,1,2023,0.5949844,hs
12/08/2023 00:15,2136,224,15,ambient,1,1,2023,0.7127994,hs
12/08/2023 00:30,2137,224,30,ambient,1,1,2023,0.9594433,hs
12/08/2023 00:45,2138,224,45,ambient,1,1,2023,2.010452,hs
12/08/2023 01:00,2139,224,100,ambient,1,1,2023,2.058831,hs
12/08/2023 01:15,2140,224,115,ambient,1,1,2023,1.773931,hs
12/08/2023 01:30,2141,224,130,ambient,1,1,2023,1.564428,hs
12/08/2023 01:45,2142,224,145,ambient,1,1,2023,1.42695,hs
12/08/2023 02:00,2143,224,200,ambient,1,1,2023,1.231149,hs
12/08/2023 02:15,2144,224,215,ambient,1,1,2023,1.060129,hs
12/08/2023 02:30,2145,224,230,ambient,1,1,2023,1.037949,hs
12/08/2023 02:45,2146,224,245,ambient,1,1,2023,1.013219,hs
12/08/2023 03:00,2147,224,300,ambient,1,1,2023,1.195839,hs
12/08/2023 03:15,2148,224,315,ambient,1,1,2023,1.371951,hs
12/08/2023 03:30,2149,224,330,ambient,1,1,2023,1.225694,hs
12/08/2023 03:45,2150,224,345,ambient,1,1,2023,0.987444,hs
12/08/2023 04:00,2151,224,400,ambient,1,1,2023,0,hs
12/08/2023 04:15,2152,224,415,ambient,1,1,2023,0,hs
12/08/2023 04:30,2153,224,430,ambient,1,1,2023,0.08726304,hs
12/08/2023 04:45,2154,224,445,ambient,1,1,2023,0.3326068,hs
12/08/2023 05:00,2155,224,500,ambient,1,1,2023,1.34832,hs
12/08/2023 05:15,2156,224,515,ambient,1,1,2023,1.696069,hs
12/08/2023 05:30,2157,224,530,ambient,1,1,2023,2.311715,hs
12/08/2023 05:45,2158,224,545,ambient,1,1,2023,2.390372,hs
12/08/2023 06:00,2159,224,600,ambient,1,1,2023,2.036268,hs
12/08/2023 06:15,2160,224,615,ambient,1,1,2023,2.041599,hs
12/08/2023 06:30,2161,224,630,ambient,1,1,2023,2.244748,hs
12/08/2023 06:45,2162,224,645,ambient,1,1,2023,2.221344,hs
12/08/2023 07:00,2163,224,700,ambient,1,1,2023,2.378533,hs
12/08/2023 07:15,2164,224,715,ambient,1,1,2023,2.772542,hs
12/08/2023 07:30,2165,224,730,ambient,1,1,2023,2.866553,hs
12/08/2023 07:45,2166,224,745,ambient,1,1,2023,3.415344,hs
12/08/2023 08:00,2167,224,800,ambient,1,1,2023,3.781094,hs
12/08/2023 08:15,2168,224,815,ambient,1,1,2023,2.953813,hs
12/08/2023 08:30,2169,224,830,ambient,1,1,2023,3.801524,hs
12/08/2023 08:45,2170,224,845,ambient,1,1,2023,5.740399,hs
12/08/2023 09:00,2171,224,900,ambient,1,1,2023,7.868824,hs
12/08/2023 09:15,2172,224,915,ambient,1,1,2023,10.71048,hs
12/08/2023 09:30,2173,224,930,ambient,1,1,2023,15.57153,hs
12/08/2023 09:45,2174,224,945,ambient,1,1,2023,16.54685,hs
12/08/2023 10:00,2175,224,1000,ambient,1,1,2023,16.48775,hs
12/08/2023 10:15,2176,224,1015,ambient,1,1,2023,16.73436,hs
12/08/2023 10:30,2177,224,1030,ambient,1,1,2023,17.94873,hs
12/08/2023 10:45,2178,224,1045,ambient,1,1,2023,19.84071,hs
12/08/2023 11:00,2179,224,1100,ambient,1,1,2023,19.98204,hs
12/08/2023 11:15,2180,224,1115,ambient,1,1,2023,17.78893,hs
12/08/2023 11:30,2181,224,1130,ambient,1,1,2023,21.3161,hs
12/08/2023 11:45,2182,224,1145,ambient,1,1,2023,16.98332,hs
12/08/2023 12:00,2183,224,1200,ambient,1,1,2023,14.67018,hs
12/08/2023 12:15,2184,224,1215,ambient,1,1,2023,17.97702,hs
12/08/2023 12:30,2185,224,1230,ambient,1,1,2023,20.8682,hs
12/08/2023 12:45,2186,224,1245,ambient,1,1,2023,19.76355,hs
12/08/2023 13:00,2187,224,1300,ambient,1,1,2023,23.17421,hs
12/08/2023 13:15,2188,224,1315,ambient,1,1,2023,19.43953,hs
12/08/2023 13:30,2189,224,1330,ambient,1,1,2023,17.58916,hs
12/08/2023 13:45,2190,224,1345,ambient,1,1,2023,22.62738,hs
12/08/2023 14:00,2191,224,1400,ambient,1,1,2023,19.70342,hs
12/08/2023 14:15,2192,224,1415,ambient,1,1,2023,19.59345,hs
12/08/2023 14:30,2193,224,1430,ambient,1,1,2023,12.88077,hs
12/08/2023 14:45,2194,224,1445,ambient,1,1,2023,22.77433,hs
12/08/2023 15:00,2195,224,1500,ambient,1,1,2023,20.92523,hs
12/08/2023 15:15,2196,224,1515,ambient,1,1,2023,20.91018,hs
12/08/2023 15:30,2197,224,1530,ambient,1,1,2023,23.37967,hs
12/08/2023 15:45,2198,224,1545,ambient,1,1,2023,20.14087,hs
12/08/2023 16:00,2199,224,1600,ambient,1,1,2023,19.34347,hs
12/08/2023 16:15,2200,224,1615,ambient,1,1,2023,18.42467,hs
12/08/2023 16:30,2201,224,1630,ambient,1,1,2023,18.14093,hs
12/08/2023 16:45,2202,224,1645,ambient,1,1,2023,18.03508,hs
12/08/2023 17:00,2203,224,1700,ambient,1,1,2023,14.47092,hs
12/08/2023 17:15,2204,224,1715,ambient,1,1,2023,14.17848,hs
12/08/2023 17:30,2205,224,1730,ambient,1,1,2023,12.49755,hs
12/08/2023 17:45,2206,224,1745,ambient,1,1,2023,12.01432,hs
12/08/2023 18:00,2207,224,1800,ambient,1,1,2023,10.95238,hs
12/08/2023 18:15,2208,224,1815,ambient,1,1,2023,9.75067,hs
12/08/2023 18:30,2209,224,1830,ambient,1,1,2023,8.143828,hs
12/08/2023 18:45,2210,224,1845,ambient,1,1,2023,6.958621,hs
12/08/2023 19:00,2211,224,1900,ambient,1,1,2023,5.964025,hs
12/08/2023 19:15,2212,224,1915,ambient,1,1,2023,4.994596,hs
12/08/2023 19:30,2213,224,1930,ambient,1,1,2023,3.732627,hs
12/08/2023 19:45,2214,224,1945,ambient,1,1,2023,2.279216,hs
12/08/2023 20:00,2215,224,2000,ambient,1,1,2023,1.464306,hs
12/08/2023 20:15,2216,224,2015,ambient,1,1,2023,1.168416,hs
12/08/2023 20:30,2217,224,2030,ambient,1,1,2023,0.8832632,hs
12/08/2023 20:45,2218,224,2045,ambient,1,1,2023,0.7604933,hs
12/08/2023 21:00,2219,224,2100,ambient,1,1,2023,0.9011036,hs
12/08/2023 21:15,2220,224,2115,ambient,1,1,2023,1.341363,hs
12/08/2023 21:30,2221,224,2130,ambient,1,1,2023,1.493987,hs
12/08/2023 21:45,2222,224,2145,ambient,1,1,2023,1.937443,hs
12/08/2023 22:00,2223,224,2200,ambient,1,1,2023,2.068163,hs
12/08/2023 22:15,2224,224,2215,ambient,1,1,2023,1.929772,hs
12/08/2023 22:30,2225,224,2230,ambient,1,1,2023,1.942492,hs
12/08/2023 22:45,2226,224,2245,ambient,1,1,2023,2.246306,hs
12/08/2023 23:00,2227,224,2300,ambient,1,1,2023,2.27,hs
12/08/2023 23:15,2228,224,2315,ambient,1,1,2023,2.47742,hs
12/08/2023 23:30,2229,224,2330,ambient,1,1,2023,2.839778,hs
12/08/2023 23:45,2230,224,2345,ambient,1,1,2023,2.322159,hs
13/08/2023 00:00,2231,225,0,ambient,1,1,2023,1.648938,hs
13/08/2023 00:15,2232,225,15,ambient,1,1,2023,2.188965,hs
13/08/2023 00:30,2233,225,30,ambient,1,1,2023,0,hs
13/08/2023 00:45,2234,225,45,ambient,1,1,2023,0,hs
13/08/2023 01:00,2235,225,100,ambient,1,1,2023,0,hs
13/08/2023 01:15,2236,225,115,ambient,1,1,2023,0,hs
13/08/2023 01:30,2237,225,130,ambient,1,1,2023,0,hs
13/08/2023 01:45,2238,225,145,ambient,1,1,2023,2.862593,hs
13/08/2023 02:00,2239,225,200,ambient,1,1,2023,2.800828,hs
13/08/2023 02:15,2240,225,215,ambient,1,1,2023,2.758394,hs
13/08/2023 02:30,2241,225,230,ambient,1,1,2023,2.470701,hs
13/08/2023 02:45,2242,225,245,ambient,1,1,2023,1.733624,hs
13/08/2023 03:00,2243,225,300,ambient,1,1,2023,1.60764,hs
13/08/2023 03:15,2244,225,315,ambient,1,1,2023,1.832275,hs
13/08/2023 03:30,2245,225,330,ambient,1,1,2023,1.98886,hs
13/08/2023 03:45,2246,225,345,ambient,1,1,2023,2.061845,hs
13/08/2023 04:00,2247,225,400,ambient,1,1,2023,2.618052,hs
13/08/2023 04:15,2248,225,415,ambient,1,1,2023,0,hs
13/08/2023 04:30,2249,225,430,ambient,1,1,2023,0,hs
13/08/2023 04:45,2250,225,445,ambient,1,1,2023,0,hs
13/08/2023 05:00,2251,225,500,ambient,1,1,2023,1.381965,hs
13/08/2023 05:15,2252,225,515,ambient,1,1,2023,1.010528,hs
13/08/2023 05:30,2253,225,530,ambient,1,1,2023,0.630448,hs
13/08/2023 05:45,2254,225,545,ambient,1,1,2023,0.3309946,hs
13/08/2023 06:00,2255,225,600,ambient,1,1,2023,0.1405589,hs
13/08/2023 06:15,2256,225,615,ambient,1,1,2023,0.3287943,hs
13/08/2023 06:30,2257,225,630,ambient,1,1,2023,0.6041573,hs
13/08/2023 06:45,2258,225,645,ambient,1,1,2023,1.059484,hs
13/08/2023 07:00,2259,225,700,ambient,1,1,2023,1.764126,hs
13/08/2023 07:15,2260,225,715,ambient,1,1,2023,2.191787,hs
13/08/2023 07:30,2261,225,730,ambient,1,1,2023,3.157765,hs
13/08/2023 07:45,2262,225,745,ambient,1,1,2023,3.973316,hs
13/08/2023 08:00,2263,225,800,ambient,1,1,2023,3.228239,hs
13/08/2023 08:15,2264,225,815,ambient,1,1,2023,2.622833,hs
13/08/2023 08:30,2265,225,830,ambient,1,1,2023,2.676713,hs
13/08/2023 08:45,2266,225,845,ambient,1,1,2023,4.508238,hs
13/08/2023 09:00,2267,225,900,ambient,1,1,2023,6.61176,hs
13/08/2023 09:15,2268,225,915,ambient,1,1,2023,7.779767,hs
13/08/2023 09:30,2269,225,930,ambient,1,1,2023,9.498398,hs
13/08/2023 09:45,2270,225,945,ambient,1,1,2023,12.34734,hs
13/08/2023 10:00,2271,225,1000,ambient,1,1,2023,13.93167,hs
13/08/2023 10:15,2272,225,1015,ambient,1,1,2023,14.88487,hs
13/08/2023 10:30,2273,225,1030,ambient,1,1,2023,15.9396,hs
13/08/2023 10:45,2274,225,1045,ambient,1,1,2023,15.9081,hs
13/08/2023 11:00,2275,225,1100,ambient,1,1,2023,17.20422,hs
13/08/2023 11:15,2276,225,1115,ambient,1,1,2023,16.16488,hs
13/08/2023 11:30,2277,225,1130,ambient,1,1,2023,15.59981,hs
13/08/2023 11:45,2278,225,1145,ambient,1,1,2023,14.85918,hs
13/08/2023 12:00,2279,225,1200,ambient,1,1,2023,17.12263,hs
13/08/2023 12:15,2280,225,1215,ambient,1,1,2023,17.48628,hs
13/08/2023 12:30,2281,225,1230,ambient,1,1,2023,19.001,hs
13/08/2023 12:45,2282,225,1245,ambient,1,1,2023,17.91008,hs
13/08/2023 13:00,2283,225,1300,ambient,1,1,2023,18.22383,hs
13/08/2023 13:15,2284,225,1315,ambient,1,1,2023,17.32821,hs
13/08/2023 13:30,2285,225,1330,ambient,1,1,2023,18.28457,hs
13/08/2023 13:45,2286,225,1345,ambient,1,1,2023,13.21321,hs
13/08/2023 14:00,2287,225,1400,ambient,1,1,2023,10.01855,hs
13/08/2023 14:15,2288,225,1415,ambient,1,1,2023,9.747475,hs
13/08/2023 14:30,2289,225,1430,ambient,1,1,2023,9.159706,hs
13/08/2023 14:45,2290,225,1445,ambient,1,1,2023,8.754691,hs
13/08/2023 15:00,2291,225,1500,ambient,1,1,2023,10.21825,hs
13/08/2023 15:15,2292,225,1515,ambient,1,1,2023,9.177693,hs
13/08/2023 15:30,2293,225,1530,ambient,1,1,2023,7.567519,hs
13/08/2023 15:45,2294,225,1545,ambient,1,1,2023,5.665675,hs
13/08/2023 16:00,2295,225,1600,ambient,1,1,2023,4.113518,hs
13/08/2023 16:15,2296,225,1615,ambient,1,1,2023,3.444628,hs
13/08/2023 16:30,2297,225,1630,ambient,1,1,2023,2.840118,hs
13/08/2023 16:45,2298,225,1645,ambient,1,1,2023,2.68247,hs
13/08/2023 17:00,2299,225,1700,ambient,1,1,2023,3.287463,hs
13/08/2023 17:15,2300,225,1715,ambient,1,1,2023,3.709018,hs
13/08/2023 17:30,2301,225,1730,ambient,1,1,2023,4.605787,hs
13/08/2023 17:45,2302,225,1745,ambient,1,1,2023,3.979546,hs
13/08/2023 18:00,2303,225,1800,ambient,1,1,2023,2.743911,hs
13/08/2023 18:15,2304,225,1815,ambient,1,1,2023,1.810611,hs
13/08/2023 18:30,2305,225,1830,ambient,1,1,2023,1.379524,hs
13/08/2023 18:45,2306,225,1845,ambient,1,1,2023,1.224151,hs
13/08/2023 19:00,2307,225,1900,ambient,1,1,2023,1.104345,hs
13/08/2023 19:15,2308,225,1915,ambient,1,1,2023,0.8644528,hs
13/08/2023 19:30,2309,225,1930,ambient,1,1,2023,0.6884481,hs
13/08/2023 19:45,2310,225,1945,ambient,1,1,2023,0.6230485,hs
13/08/2023 20:00,2311,225,2000,ambient,1,1,2023,0.648821,hs
13/08/2023 20:15,2312,225,2015,ambient,1,1,2023,0.6331135,hs
13/08/2023 20:30,2313,225,2030,ambient,1,1,2023,0.6322396,hs
13/08/2023 20:45,2314,225,2045,ambient,1,1,2023,0.8580819,hs
13/08/2023 21:00,2315,225,2100,ambient,1,1,2023,0.9233138,hs
13/08/2023 21:15,2316,225,2115,ambient,1,1,2023,0.9210223,hs
13/08/2023 21:30,2317,225,2130,ambient,1,1,2023,0.9982125,hs
13/08/2023 21:45,2318,225,2145,ambient,1,1,2023,0.9775267,hs
13/08/2023 22:00,2319,225,2200,ambient,1,1,2023,0.9866173,hs
13/08/2023 22:15,2320,225,2215,ambient,1,1,2023,0.8610941,hs
13/08/2023 22:30,2321,225,2230,ambient,1,1,2023,0.8637964,hs
13/08/2023 22:45,2322,225,2245,ambient,1,1,2023,0.747041,hs
13/08/2023 23:00,2323,225,2300,ambient,1,1,2023,0.8011301,hs
13/08/2023 23:15,2324,225,2315,ambient,1,1,2023,0.9093924,hs
13/08/2023 23:30,2325,225,2330,ambient,1,1,2023,0.8146881,hs
13/08/2023 23:45,2326,225,2345,ambient,1,1,2023,1.098336,hs
14/08/2023 00:00,2327,226,0,ambient,1,1,2023,0.8958544,hs
14/08/2023 00:15,2328,226,15,ambient,1,1,2023,0.8043267,hs
14/08/2023 00:30,2329,226,30,ambient,1,1,2023,0.8296266,hs
14/08/2023 00:45,2330,226,45,ambient,1,1,2023,0.5249921,hs
14/08/2023 01:00,2331,226,100,ambient,1,1,2023,0.4189173,hs
14/08/2023 01:15,2332,226,115,ambient,1,1,2023,0.6941242,hs
14/08/2023 01:30,2333,226,130,ambient,1,1,2023,0.6647292,hs
14/08/2023 01:45,2334,226,145,ambient,1,1,2023,0.3520443,hs
14/08/2023 02:00,2335,226,200,ambient,1,1,2023,0.329479,hs
14/08/2023 02:15,2336,226,215,ambient,1,1,2023,0.3038654,hs
14/08/2023 02:30,2337,226,230,ambient,1,1,2023,0.1432897,hs
14/08/2023 02:45,2338,226,245,ambient,1,1,2023,0.5204077,hs
14/08/2023 03:00,2339,226,300,ambient,1,1,2023,0.7848033,hs
14/08/2023 03:15,2340,226,315,ambient,1,1,2023,1.101747,hs
14/08/2023 03:30,2341,226,330,ambient,1,1,2023,1.265663,hs
14/08/2023 03:45,2342,226,345,ambient,1,1,2023,1.528979,hs
14/08/2023 04:00,2343,226,400,ambient,1,1,2023,1.397209,hs
14/08/2023 04:15,2344,226,415,ambient,1,1,2023,1.61801,hs
14/08/2023 04:30,2345,226,430,ambient,1,1,2023,1.600819,hs
14/08/2023 04:45,2346,226,445,ambient,1,1,2023,1.687842,hs
14/08/2023 05:00,2347,226,500,ambient,1,1,2023,0.844701,hs
14/08/2023 05:15,2348,226,515,ambient,1,1,2023,0.7479008,hs
14/08/2023 05:30,2349,226,530,ambient,1,1,2023,0.7918835,hs
14/08/2023 05:45,2350,226,545,ambient,1,1,2023,0.7758251,hs
14/08/2023 06:00,2351,226,600,ambient,1,1,2023,0.6612991,hs
14/08/2023 06:15,2352,226,615,ambient,1,1,2023,0.5918748,hs
14/08/2023 06:30,2353,226,630,ambient,1,1,2023,0.5493143,hs
14/08/2023 06:45,2354,226,645,ambient,1,1,2023,0.5907028,hs
14/08/2023 07:00,2355,226,700,ambient,1,1,2023,0.577323,hs
14/08/2023 07:15,2356,226,715,ambient,1,1,2023,0.6121861,hs
14/08/2023 07:30,2357,226,730,ambient,1,1,2023,0.2543985,hs
14/08/2023 07:45,2358,226,745,ambient,1,1,2023,0,hs
14/08/2023 08:00,2359,226,800,ambient,1,1,2023,0.1696676,hs
14/08/2023 08:15,2360,226,815,ambient,1,1,2023,0.4002601,hs
14/08/2023 08:30,2361,226,830,ambient,1,1,2023,0.5052718,hs
14/08/2023 08:45,2362,226,845,ambient,1,1,2023,0.7797415,hs
14/08/2023 09:00,2363,226,900,ambient,1,1,2023,0.8485873,hs
14/08/2023 09:15,2364,226,915,ambient,1,1,2023,0.8754275,hs
14/08/2023 09:30,2365,226,930,ambient,1,1,2023,0.4828952,hs
14/08/2023 09:45,2366,226,945,ambient,1,1,2023,0.5759055,hs
14/08/2023 10:00,2367,226,1000,ambient,1,1,2023,0.5621935,hs
14/08/2023 10:15,2368,226,1015,ambient,1,1,2023,0.436512,hs
14/08/2023 10:30,2369,226,1030,ambient,1,1,2023,0.2652443,hs
14/08/2023 10:45,2370,226,1045,ambient,1,1,2023,0.2941311,hs
14/08/2023 11:00,2371,226,1100,ambient,1,1,2023,0.2957223,hs
14/08/2023 11:15,2372,226,1115,ambient,1,1,2023,0.5023857,hs
14/08/2023 11:30,2373,226,1130,ambient,1,1,2023,0.6366255,hs
14/08/2023 11:45,2374,226,1145,ambient,1,1,2023,1.185719,hs
14/08/2023 12:00,2375,226,1200,ambient,1,1,2023,0.8091998,hs
14/08/2023 12:15,2376,226,1215,ambient,1,1,2023,0.7500898,hs
14/08/2023 12:30,2377,226,1230,ambient,1,1,2023,1.3509,hs
14/08/2023 12:45,2378,226,1245,ambient,1,1,2023,1.458004,hs
14/08/2023 13:00,2379,226,1300,ambient,1,1,2023,1.62198,hs
14/08/2023 13:15,2380,226,1315,ambient,1,1,2023,2.422671,hs
14/08/2023 13:30,2381,226,1330,ambient,1,1,2023,1.804313,hs
14/08/2023 13:45,2382,226,1345,ambient,1,1,2023,4.497402,hs
14/08/2023 14:00,2383,226,1400,ambient,1,1,2023,7.05096,hs
14/08/2023 14:15,2384,226,1415,ambient,1,1,2023,4.950853,hs
14/08/2023 14:30,2385,226,1430,ambient,1,1,2023,14.03254,hs
14/08/2023 14:45,2386,226,1445,ambient,1,1,2023,12.08075,hs
14/08/2023 15:00,2387,226,1500,ambient,1,1,2023,8.643806,hs
14/08/2023 15:15,2388,226,1515,ambient,1,1,2023,12.78333,hs
14/08/2023 15:30,2389,226,1530,ambient,1,1,2023,12.46082,hs
14/08/2023 15:45,2390,226,1545,ambient,1,1,2023,17.94643,hs
14/08/2023 16:00,2391,226,1600,ambient,1,1,2023,18.0009,hs
14/08/2023 16:15,2392,226,1615,ambient,1,1,2023,13.86937,hs
14/08/2023 16:30,2393,226,1630,ambient,1,1,2023,14.31291,hs
14/08/2023 16:45,2394,226,1645,ambient,1,1,2023,12.97081,hs
14/08/2023 17:00,2395,226,1700,ambient,1,1,2023,12.36587,hs
14/08/2023 17:15,2396,226,1715,ambient,1,1,2023,10.98146,hs
14/08/2023 17:30,2397,226,1730,ambient,1,1,2023,12.29765,hs
14/08/2023 17:45,2398,226,1745,ambient,1,1,2023,11.46905,hs
14/08/2023 18:00,2399,226,1800,ambient,1,1,2023,10.06729,hs
14/08/2023 18:15,2400,226,1815,ambient,1,1,2023,8.685967,hs
14/08/2023 18:30,2401,226,1830,ambient,1,1,2023,7.686785,hs
14/08/2023 18:45,2402,226,1845,ambient,1,1,2023,6.384422,hs
14/08/2023 19:00,2403,226,1900,ambient,1,1,2023,5.363567,hs
14/08/2023 19:15,2404,226,1915,ambient,1,1,2023,4.359402,hs
14/08/2023 19:30,2405,226,1930,ambient,1,1,2023,3.314907,hs
14/08/2023 19:45,2406,226,1945,ambient,1,1,2023,1.967427,hs
14/08/2023 20:00,2407,226,2000,ambient,1,1,2023,1.180729,hs
14/08/2023 20:15,2408,226,2015,ambient,1,1,2023,0.7487709,hs
14/08/2023 20:30,2409,226,2030,ambient,1,1,2023,0.5245769,hs
14/08/2023 20:45,2410,226,2045,ambient,1,1,2023,0.3241928,hs
14/08/2023 21:00,2411,226,2100,ambient,1,1,2023,0.2632526,hs
14/08/2023 21:15,2412,226,2115,ambient,1,1,2023,0.5093262,hs
14/08/2023 21:30,2413,226,2130,ambient,1,1,2023,0.3835229,hs
14/08/2023 21:45,2414,226,2145,ambient,1,1,2023,0.1247549,hs
14/08/2023 22:00,2415,226,2200,ambient,1,1,2023,0.08542433,hs
14/08/2023 22:15,2416,226,2215,ambient,1,1,2023,0.002840107,hs
14/08/2023 22:30,2417,226,2230,ambient,1,1,2023,0.156168,hs
14/08/2023 22:45,2418,226,2245,ambient,1,1,2023,0.5590045,hs
14/08/2023 23:00,2419,226,2300,ambient,1,1,2023,0.5965364,hs
14/08/2023 23:15,2420,226,2315,ambient,1,1,2023,0.4335052,hs
14/08/2023 23:30,2421,226,2330,ambient,1,1,2023,0.3903775,hs
14/08/2023 23:45,2422,226,2345,ambient,1,1,2023,0.2238912,hs
15/08/2023 00:00,2423,227,0,ambient,1,1,2023,0.5951366,hs
15/08/2023 00:15,2424,227,15,ambient,1,1,2023,0.8334055,hs
15/08/2023 00:30,2425,227,30,ambient,1,1,2023,0.5063847,hs
15/08/2023 00:45,2426,227,45,ambient,1,1,2023,0,hs
15/08/2023 01:00,2427,227,100,ambient,1,1,2023,0,hs
15/08/2023 01:15,2428,227,115,ambient,1,1,2023,0,hs
15/08/2023 01:30,2429,227,130,ambient,1,1,2023,0,hs
15/08/2023 01:45,2430,227,145,ambient,1,1,2023,0,hs
15/08/2023 02:00,2431,227,200,ambient,1,1,2023,0,hs
15/08/2023 02:15,2432,227,215,ambient,1,1,2023,0,hs
15/08/2023 02:30,2433,227,230,ambient,1,1,2023,0,hs
15/08/2023 02:45,2434,227,245,ambient,1,1,2023,0,hs
15/08/2023 03:00,2435,227,300,ambient,1,1,2023,0,hs
15/08/2023 03:15,2436,227,315,ambient,1,1,2023,0.04048361,hs
15/08/2023 03:30,2437,227,330,ambient,1,1,2023,0,hs
15/08/2023 03:45,2438,227,345,ambient,1,1,2023,0,hs
15/08/2023 04:00,2439,227,400,ambient,1,1,2023,0.003125439,hs
15/08/2023 04:15,2440,227,415,ambient,1,1,2023,0.07701746,hs
15/08/2023 04:30,2441,227,430,ambient,1,1,2023,0.7204388,hs
15/08/2023 04:45,2442,227,445,ambient,1,1,2023,0.7584385,hs
15/08/2023 05:00,2443,227,500,ambient,1,1,2023,0.9281691,hs
15/08/2023 05:15,2444,227,515,ambient,1,1,2023,0.8328018,hs
15/08/2023 05:30,2445,227,530,ambient,1,1,2023,0.5555999,hs
15/08/2023 05:45,2446,227,545,ambient,1,1,2023,0.4550248,hs
15/08/2023 06:00,2447,227,600,ambient,1,1,2023,0.448801,hs
15/08/2023 06:15,2448,227,615,ambient,1,1,2023,0.344076,hs
15/08/2023 06:30,2449,227,630,ambient,1,1,2023,0.2686781,hs
15/08/2023 06:45,2450,227,645,ambient,1,1,2023,0.4604485,hs
15/08/2023 07:00,2451,227,700,ambient,1,1,2023,0.6592913,hs
15/08/2023 07:15,2452,227,715,ambient,1,1,2023,0.7430786,hs
15/08/2023 07:30,2453,227,730,ambient,1,1,2023,0.7783037,hs
15/08/2023 07:45,2454,227,745,ambient,1,1,2023,1.070812,hs
15/08/2023 08:00,2455,227,800,ambient,1,1,2023,1.326805,hs
15/08/2023 08:15,2456,227,815,ambient,1,1,2023,2.220419,hs
15/08/2023 08:30,2457,227,830,ambient,1,1,2023,2.940933,hs
15/08/2023 08:45,2458,227,845,ambient,1,1,2023,5.548017,hs
15/08/2023 09:00,2459,227,900,ambient,1,1,2023,8.927173,hs
15/08/2023 09:15,2460,227,915,ambient,1,1,2023,8.280697,hs
15/08/2023 09:30,2461,227,930,ambient,1,1,2023,11.41364,hs
15/08/2023 09:45,2462,227,945,ambient,1,1,2023,14.74726,hs
15/08/2023 10:00,2463,227,1000,ambient,1,1,2023,14.63754,hs
15/08/2023 10:15,2464,227,1015,ambient,1,1,2023,17.49372,hs
15/08/2023 10:30,2465,227,1030,ambient,1,1,2023,17.22898,hs
15/08/2023 10:45,2466,227,1045,ambient,1,1,2023,17.57122,hs
15/08/2023 11:00,2467,227,1100,ambient,1,1,2023,15.44547,hs
15/08/2023 11:15,2468,227,1115,ambient,1,1,2023,19.08496,hs
15/08/2023 11:30,2469,227,1130,ambient,1,1,2023,12.36888,hs
15/08/2023 11:45,2470,227,1145,ambient,1,1,2023,11.87484,hs
15/08/2023 12:00,2471,227,1200,ambient,1,1,2023,13.3637,hs
15/08/2023 12:15,2472,227,1215,ambient,1,1,2023,19.80307,hs
15/08/2023 12:30,2473,227,1230,ambient,1,1,2023,14.95552,hs
15/08/2023 12:45,2474,227,1245,ambient,1,1,2023,13.86656,hs
15/08/2023 13:00,2475,227,1300,ambient,1,1,2023,19.12487,hs
15/08/2023 13:15,2476,227,1315,ambient,1,1,2023,19.47536,hs
15/08/2023 13:30,2477,227,1330,ambient,1,1,2023,17.84352,hs
15/08/2023 13:45,2478,227,1345,ambient,1,1,2023,17.66874,hs
15/08/2023 14:00,2479,227,1400,ambient,1,1,2023,15.34913,hs
15/08/2023 14:15,2480,227,1415,ambient,1,1,2023,17.47448,hs
15/08/2023 14:30,2481,227,1430,ambient,1,1,2023,16.45913,hs
15/08/2023 14:45,2482,227,1445,ambient,1,1,2023,14.49494,hs
15/08/2023 15:00,2483,227,1500,ambient,1,1,2023,20.66388,hs
15/08/2023 15:15,2484,227,1515,ambient,1,1,2023,20.74573,hs
15/08/2023 15:30,2485,227,1530,ambient,1,1,2023,20.27782,hs
15/08/2023 15:45,2486,227,1545,ambient,1,1,2023,16.04335,hs
15/08/2023 16:00,2487,227,1600,ambient,1,1,2023,10.63287,hs
15/08/2023 16:15,2488,227,1615,ambient,1,1,2023,10.8347,hs
15/08/2023 16:30,2489,227,1630,ambient,1,1,2023,16.73948,hs
15/08/2023 16:45,2490,227,1645,ambient,1,1,2023,12.59555,hs
15/08/2023 17:00,2491,227,1700,ambient,1,1,2023,6.040753,hs
15/08/2023 17:15,2492,227,1715,ambient,1,1,2023,6.462139,hs
15/08/2023 17:30,2493,227,1730,ambient,1,1,2023,11.51606,hs
15/08/2023 17:45,2494,227,1745,ambient,1,1,2023,11.56731,hs
15/08/2023 18:00,2495,227,1800,ambient,1,1,2023,10.58035,hs
15/08/2023 18:15,2496,227,1815,ambient,1,1,2023,8.964214,hs
15/08/2023 18:30,2497,227,1830,ambient,1,1,2023,5.10683,hs
15/08/2023 18:45,2498,227,1845,ambient,1,1,2023,3.32922,hs
15/08/2023 19:00,2499,227,1900,ambient,1,1,2023,3.073679,hs
15/08/2023 19:15,2500,227,1915,ambient,1,1,2023,2.249419,hs
15/08/2023 19:30,2501,227,1930,ambient,1,1,2023,1.435189,hs
15/08/2023 19:45,2502,227,1945,ambient,1,1,2023,0.7724509,hs
15/08/2023 20:00,2503,227,2000,ambient,1,1,2023,0.04320313,hs
15/08/2023 20:15,2504,227,2015,ambient,1,1,2023,0,hs
15/08/2023 20:30,2505,227,2030,ambient,1,1,2023,0,hs
15/08/2023 20:45,2506,227,2045,ambient,1,1,2023,0,hs
15/08/2023 21:00,2507,227,2100,ambient,1,1,2023,0,hs
15/08/2023 21:15,2508,227,2115,ambient,1,1,2023,0,hs
15/08/2023 21:30,2509,227,2130,ambient,1,1,2023,0,hs
15/08/2023 21:45,2510,227,2145,ambient,1,1,2023,0,hs
15/08/2023 22:00,2511,227,2200,ambient,1,1,2023,0,hs
15/08/2023 22:15,2512,227,2215,ambient,1,1,2023,0.09793516,hs
15/08/2023 22:30,2513,227,2230,ambient,1,1,2023,0,hs
15/08/2023 22:45,2514,227,2245,ambient,1,1,2023,0,hs
15/08/2023 23:00,2515,227,2300,ambient,1,1,2023,0,hs
15/08/2023 23:15,2516,227,2315,ambient,1,1,2023,0,hs
15/08/2023 23:30,2517,227,2330,ambient,1,1,2023,0,hs
15/08/2023 23:45,2518,227,2345,ambient,1,1,2023,0.2200214,hs
16/08/2023 00:00,2519,228,0,ambient,1,1,2023,0.09242805,hs
16/08/2023 00:15,2520,228,15,ambient,1,1,2023,0,hs
16/08/2023 00:30,2521,228,30,ambient,1,1,2023,0,hs
16/08/2023 00:45,2522,228,45,ambient,1,1,2023,0,hs
16/08/2023 01:00,2523,228,100,ambient,1,1,2023,0.2685693,hs
16/08/2023 01:15,2524,228,115,ambient,1,1,2023,0,hs
16/08/2023 01:30,2525,228,130,ambient,1,1,2023,0,hs
16/08/2023 01:45,2526,228,145,ambient,1,1,2023,0,hs
16/08/2023 02:00,2527,228,200,ambient,1,1,2023,0,hs
16/08/2023 02:15,2528,228,215,ambient,1,1,2023,0,hs
16/08/2023 02:30,2529,228,230,ambient,1,1,2023,0,hs
16/08/2023 02:45,2530,228,245,ambient,1,1,2023,0,hs
16/08/2023 03:00,2531,228,300,ambient,1,1,2023,0,hs
16/08/2023 03:15,2532,228,315,ambient,1,1,2023,0,hs
16/08/2023 03:30,2533,228,330,ambient,1,1,2023,0,hs
16/08/2023 03:45,2534,228,345,ambient,1,1,2023,0,hs
16/08/2023 04:00,2535,228,400,ambient,1,1,2023,0,hs
16/08/2023 04:15,2536,228,415,ambient,1,1,2023,0,hs
16/08/2023 04:30,2537,228,430,ambient,1,1,2023,0,hs
16/08/2023 04:45,2538,228,445,ambient,1,1,2023,0,hs
16/08/2023 05:00,2539,228,500,ambient,1,1,2023,0,hs
16/08/2023 05:15,2540,228,515,ambient,1,1,2023,0,hs
16/08/2023 05:30,2541,228,530,ambient,1,1,2023,0,hs
16/08/2023 05:45,2542,228,545,ambient,1,1,2023,0,hs
16/08/2023 06:00,2543,228,600,ambient,1,1,2023,0,hs
16/08/2023 06:15,2544,228,615,ambient,1,1,2023,0,hs
16/08/2023 06:30,2545,228,630,ambient,1,1,2023,0,hs
16/08/2023 06:45,2546,228,645,ambient,1,1,2023,0,hs
16/08/2023 07:00,2547,228,700,ambient,1,1,2023,0,hs
16/08/2023 07:15,2548,228,715,ambient,1,1,2023,0,hs
16/08/2023 07:30,2549,228,730,ambient,1,1,2023,0,hs
16/08/2023 07:45,2550,228,745,ambient,1,1,2023,0,hs
16/08/2023 08:00,2551,228,800,ambient,1,1,2023,3.534967,hs
16/08/2023 08:15,2552,228,815,ambient,1,1,2023,2.733714,hs
16/08/2023 08:30,2553,228,830,ambient,1,1,2023,2.283584,hs
16/08/2023 08:45,2554,228,845,ambient,1,1,2023,2.099614,hs
16/08/2023 09:00,2555,228,900,ambient,1,1,2023,2.722523,hs
16/08/2023 09:15,2556,228,915,ambient,1,1,2023,4.25154,hs
16/08/2023 09:30,2557,228,930,ambient,1,1,2023,6.099546,hs
16/08/2023 09:45,2558,228,945,ambient,1,1,2023,8.044947,hs
16/08/2023 10:00,2559,228,1000,ambient,1,1,2023,11.20863,hs
16/08/2023 10:15,2560,228,1015,ambient,1,1,2023,14.09278,hs
16/08/2023 10:30,2561,228,1030,ambient,1,1,2023,14.3224,hs
16/08/2023 10:45,2562,228,1045,ambient,1,1,2023,15.70859,hs
16/08/2023 11:00,2563,228,1100,ambient,1,1,2023,18.41352,hs
16/08/2023 11:15,2564,228,1115,ambient,1,1,2023,19.68931,hs
16/08/2023 11:30,2565,228,1130,ambient,1,1,2023,19.25795,hs
16/08/2023 11:45,2566,228,1145,ambient,1,1,2023,19.08245,hs
16/08/2023 12:00,2567,228,1200,ambient,1,1,2023,17.70797,hs
16/08/2023 12:15,2568,228,1215,ambient,1,1,2023,17.1943,hs
16/08/2023 12:30,2569,228,1230,ambient,1,1,2023,16.98236,hs
16/08/2023 12:45,2570,228,1245,ambient,1,1,2023,17.17464,hs
16/08/2023 13:00,2571,228,1300,ambient,1,1,2023,17.25244,hs
16/08/2023 13:15,2572,228,1315,ambient,1,1,2023,17.37046,hs
16/08/2023 13:30,2573,228,1330,ambient,1,1,2023,17.22779,hs
16/08/2023 13:45,2574,228,1345,ambient,1,1,2023,17.26292,hs
16/08/2023 14:00,2575,228,1400,ambient,1,1,2023,18.13263,hs
16/08/2023 14:15,2576,228,1415,ambient,1,1,2023,16.90029,hs
16/08/2023 14:30,2577,228,1430,ambient,1,1,2023,17.0237,hs
16/08/2023 14:45,2578,228,1445,ambient,1,1,2023,16.81208,hs
16/08/2023 15:00,2579,228,1500,ambient,1,1,2023,16.6539,hs
16/08/2023 15:15,2580,228,1515,ambient,1,1,2023,16.90531,hs
16/08/2023 15:30,2581,228,1530,ambient,1,1,2023,16.61162,hs
16/08/2023 15:45,2582,228,1545,ambient,1,1,2023,16.48209,hs
16/08/2023 16:00,2583,228,1600,ambient,1,1,2023,17.2817,hs
16/08/2023 16:15,2584,228,1615,ambient,1,1,2023,16.84199,hs
16/08/2023 16:30,2585,228,1630,ambient,1,1,2023,15.38694,hs
16/08/2023 16:45,2586,228,1645,ambient,1,1,2023,13.39591,hs
16/08/2023 17:00,2587,228,1700,ambient,1,1,2023,12.90911,hs
16/08/2023 17:15,2588,228,1715,ambient,1,1,2023,12.7034,hs
16/08/2023 17:30,2589,228,1730,ambient,1,1,2023,12.0979,hs
16/08/2023 17:45,2590,228,1745,ambient,1,1,2023,11.44855,hs
16/08/2023 18:00,2591,228,1800,ambient,1,1,2023,8.861749,hs
16/08/2023 18:15,2592,228,1815,ambient,1,1,2023,7.614387,hs
16/08/2023 18:30,2593,228,1830,ambient,1,1,2023,6.443944,hs
16/08/2023 18:45,2594,228,1845,ambient,1,1,2023,5.108271,hs
16/08/2023 19:00,2595,228,1900,ambient,1,1,2023,3.668783,hs
16/08/2023 19:15,2596,228,1915,ambient,1,1,2023,2.385172,hs
16/08/2023 19:30,2597,228,1930,ambient,1,1,2023,0.9549785,hs
16/08/2023 19:45,2598,228,1945,ambient,1,1,2023,0,hs
16/08/2023 20:00,2599,228,2000,ambient,1,1,2023,0,hs
16/08/2023 20:15,2600,228,2015,ambient,1,1,2023,0,hs
16/08/2023 20:30,2601,228,2030,ambient,1,1,2023,0,hs
16/08/2023 20:45,2602,228,2045,ambient,1,1,2023,0,hs
16/08/2023 21:00,2603,228,2100,ambient,1,1,2023,0,hs
16/08/2023 21:15,2604,228,2115,ambient,1,1,2023,0,hs
16/08/2023 21:30,2605,228,2130,ambient,1,1,2023,0,hs
16/08/2023 21:45,2606,228,2145,ambient,1,1,2023,0,hs
16/08/2023 22:00,2607,228,2200,ambient,1,1,2023,0,hs
16/08/2023 22:15,2608,228,2215,ambient,1,1,2023,0,hs
16/08/2023 22:30,2609,228,2230,ambient,1,1,2023,0,hs
16/08/2023 22:45,2610,228,2245,ambient,1,1,2023,0,hs
16/08/2023 23:00,2611,228,2300,ambient,1,1,2023,0,hs
16/08/2023 23:15,2612,228,2315,ambient,1,1,2023,0,hs
16/08/2023 23:30,2613,228,2330,ambient,1,1,2023,0,hs
16/08/2023 23:45,2614,228,2345,ambient,1,1,2023,0.3153973,hs
17/08/2023 00:00,2615,229,0,ambient,1,1,2023,0.3454069,hs
17/08/2023 00:15,2616,229,15,ambient,1,1,2023,0.02188371,hs
17/08/2023 00:30,2617,229,30,ambient,1,1,2023,0.1216523,hs
17/08/2023 00:45,2618,229,45,ambient,1,1,2023,0,hs
17/08/2023 01:00,2619,229,100,ambient,1,1,2023,0,hs
17/08/2023 01:15,2620,229,115,ambient,1,1,2023,0,hs
17/08/2023 01:30,2621,229,130,ambient,1,1,2023,0,hs
17/08/2023 01:45,2622,229,145,ambient,1,1,2023,0,hs
17/08/2023 02:00,2623,229,200,ambient,1,1,2023,0,hs
17/08/2023 02:15,2624,229,215,ambient,1,1,2023,0,hs
17/08/2023 02:30,2625,229,230,ambient,1,1,2023,0,hs
17/08/2023 02:45,2626,229,245,ambient,1,1,2023,0,hs
17/08/2023 03:00,2627,229,300,ambient,1,1,2023,0,hs
17/08/2023 03:15,2628,229,315,ambient,1,1,2023,0.9984204,hs
17/08/2023 03:30,2629,229,330,ambient,1,1,2023,0.6232138,hs
17/08/2023 03:45,2630,229,345,ambient,1,1,2023,0.7005608,hs
17/08/2023 04:00,2631,229,400,ambient,1,1,2023,0.7833552,hs
17/08/2023 04:15,2632,229,415,ambient,1,1,2023,0.6316972,hs
17/08/2023 04:30,2633,229,430,ambient,1,1,2023,0.471898,hs
17/08/2023 04:45,2634,229,445,ambient,1,1,2023,0.5035272,hs
17/08/2023 05:00,2635,229,500,ambient,1,1,2023,0.01103703,hs
17/08/2023 05:15,2636,229,515,ambient,1,1,2023,0.009526544,hs
17/08/2023 05:30,2637,229,530,ambient,1,1,2023,0,hs
17/08/2023 05:45,2638,229,545,ambient,1,1,2023,0,hs
17/08/2023 06:00,2639,229,600,ambient,1,1,2023,0,hs
17/08/2023 06:15,2640,229,615,ambient,1,1,2023,0,hs
17/08/2023 06:30,2641,229,630,ambient,1,1,2023,0,hs
17/08/2023 06:45,2642,229,645,ambient,1,1,2023,0.250602,hs
17/08/2023 07:00,2643,229,700,ambient,1,1,2023,0.5266073,hs
17/08/2023 07:15,2644,229,715,ambient,1,1,2023,0.7577704,hs
17/08/2023 07:30,2645,229,730,ambient,1,1,2023,1.080995,hs
17/08/2023 07:45,2646,229,745,ambient,1,1,2023,1.806181,hs
17/08/2023 08:00,2647,229,800,ambient,1,1,2023,2.914932,hs
17/08/2023 08:15,2648,229,815,ambient,1,1,2023,2.616748,hs
17/08/2023 08:30,2649,229,830,ambient,1,1,2023,3.228007,hs
17/08/2023 08:45,2650,229,845,ambient,1,1,2023,3.645245,hs
17/08/2023 09:00,2651,229,900,ambient,1,1,2023,4.251758,hs
17/08/2023 09:15,2652,229,915,ambient,1,1,2023,4.836913,hs
17/08/2023 09:30,2653,229,930,ambient,1,1,2023,5.364391,hs
17/08/2023 09:45,2654,229,945,ambient,1,1,2023,4.186552,hs
17/08/2023 10:00,2655,229,1000,ambient,1,1,2023,3.117939,hs
17/08/2023 10:15,2656,229,1015,ambient,1,1,2023,2.835082,hs
17/08/2023 10:30,2657,229,1030,ambient,1,1,2023,2.830761,hs
17/08/2023 10:45,2658,229,1045,ambient,1,1,2023,2.149783,hs
17/08/2023 11:00,2659,229,1100,ambient,1,1,2023,1.018852,hs
17/08/2023 11:15,2660,229,1115,ambient,1,1,2023,0.636619,hs
17/08/2023 11:30,2661,229,1130,ambient,1,1,2023,0.61647,hs
17/08/2023 11:45,2662,229,1145,ambient,1,1,2023,4.812749,hs
17/08/2023 12:00,2663,229,1200,ambient,1,1,2023,11.30715,hs
17/08/2023 12:15,2664,229,1215,ambient,1,1,2023,13.93431,hs
17/08/2023 12:30,2665,229,1230,ambient,1,1,2023,14.42724,hs
17/08/2023 12:45,2666,229,1245,ambient,1,1,2023,14.13953,hs
17/08/2023 13:00,2667,229,1300,ambient,1,1,2023,15.20753,hs
17/08/2023 13:15,2668,229,1315,ambient,1,1,2023,14.3981,hs
17/08/2023 13:30,2669,229,1330,ambient,1,1,2023,15.5307,hs
17/08/2023 13:45,2670,229,1345,ambient,1,1,2023,15.03036,hs
17/08/2023 14:00,2671,229,1400,ambient,1,1,2023,16.06566,hs
17/08/2023 14:15,2672,229,1415,ambient,1,1,2023,16.00529,hs
17/08/2023 14:30,2673,229,1430,ambient,1,1,2023,16.33647,hs
17/08/2023 14:45,2674,229,1445,ambient,1,1,2023,12.97594,hs
17/08/2023 15:00,2675,229,1500,ambient,1,1,2023,11.54235,hs
17/08/2023 15:15,2676,229,1515,ambient,1,1,2023,17.90135,hs
17/08/2023 15:30,2677,229,1530,ambient,1,1,2023,17.15113,hs
17/08/2023 15:45,2678,229,1545,ambient,1,1,2023,18.73179,hs
17/08/2023 16:00,2679,229,1600,ambient,1,1,2023,17.17018,hs
17/08/2023 16:15,2680,229,1615,ambient,1,1,2023,15.26006,hs
17/08/2023 16:30,2681,229,1630,ambient,1,1,2023,15.18653,hs
17/08/2023 16:45,2682,229,1645,ambient,1,1,2023,11.16111,hs
17/08/2023 17:00,2683,229,1700,ambient,1,1,2023,13.70276,hs
17/08/2023 17:15,2684,229,1715,ambient,1,1,2023,12.8224,hs
17/08/2023 17:30,2685,229,1730,ambient,1,1,2023,11.59193,hs
17/08/2023 17:45,2686,229,1745,ambient,1,1,2023,10.75426,hs
17/08/2023 18:00,2687,229,1800,ambient,1,1,2023,9.778296,hs
17/08/2023 18:15,2688,229,1815,ambient,1,1,2023,8.507554,hs
17/08/2023 18:30,2689,229,1830,ambient,1,1,2023,6.941227,hs
17/08/2023 18:45,2690,229,1845,ambient,1,1,2023,4.714119,hs
17/08/2023 19:00,2691,229,1900,ambient,1,1,2023,3.212205,hs
17/08/2023 19:15,2692,229,1915,ambient,1,1,2023,2.60551,hs
17/08/2023 19:30,2693,229,1930,ambient,1,1,2023,1.937259,hs
17/08/2023 19:45,2694,229,1945,ambient,1,1,2023,0.9070078,hs
17/08/2023 20:00,2695,229,2000,ambient,1,1,2023,0.2305644,hs
17/08/2023 20:15,2696,229,2015,ambient,1,1,2023,0,hs
17/08/2023 20:30,2697,229,2030,ambient,1,1,2023,0.1092897,hs
17/08/2023 20:45,2698,229,2045,ambient,1,1,2023,0.1974018,hs
17/08/2023 21:00,2699,229,2100,ambient,1,1,2023,0.005514735,hs
17/08/2023 21:15,2700,229,2115,ambient,1,1,2023,0,hs
17/08/2023 21:30,2701,229,2130,ambient,1,1,2023,0,hs
17/08/2023 21:45,2702,229,2145,ambient,1,1,2023,0,hs
17/08/2023 22:00,2703,229,2200,ambient,1,1,2023,0.2586619,hs
17/08/2023 22:15,2704,229,2215,ambient,1,1,2023,0.2575629,hs
17/08/2023 22:30,2705,229,2230,ambient,1,1,2023,0.02114368,hs
17/08/2023 22:45,2706,229,2245,ambient,1,1,2023,0,hs
17/08/2023 23:00,2707,229,2300,ambient,1,1,2023,0,hs
17/08/2023 23:15,2708,229,2315,ambient,1,1,2023,0,hs
17/08/2023 23:30,2709,229,2330,ambient,1,1,2023,0,hs
17/08/2023 23:45,2710,229,2345,ambient,1,1,2023,0,hs
18/08/2023 00:00,2711,230,0,ambient,1,1,2023,0,hs
18/08/2023 00:15,2712,230,15,ambient,1,1,2023,0,hs
18/08/2023 00:30,2713,230,30,ambient,1,1,2023,0,hs
18/08/2023 00:45,2714,230,45,ambient,1,1,2023,0,hs
18/08/2023 01:00,2715,230,100,ambient,1,1,2023,0,hs
18/08/2023 01:15,2716,230,115,ambient,1,1,2023,0,hs
18/08/2023 01:30,2717,230,130,ambient,1,1,2023,0,hs
18/08/2023 01:45,2718,230,145,ambient,1,1,2023,0,hs
18/08/2023 02:00,2719,230,200,ambient,1,1,2023,0,hs
18/08/2023 02:15,2720,230,215,ambient,1,1,2023,0,hs
18/08/2023 02:30,2721,230,230,ambient,1,1,2023,0,hs
18/08/2023 02:45,2722,230,245,ambient,1,1,2023,0,hs
18/08/2023 03:00,2723,230,300,ambient,1,1,2023,0,hs
18/08/2023 03:15,2724,230,315,ambient,1,1,2023,0,hs
18/08/2023 03:30,2725,230,330,ambient,1,1,2023,0,hs
18/08/2023 03:45,2726,230,345,ambient,1,1,2023,0,hs
18/08/2023 04:00,2727,230,400,ambient,1,1,2023,0,hs
18/08/2023 04:15,2728,230,415,ambient,1,1,2023,0,hs
18/08/2023 04:30,2729,230,430,ambient,1,1,2023,0,hs
18/08/2023 04:45,2730,230,445,ambient,1,1,2023,0,hs
18/08/2023 05:00,2731,230,500,ambient,1,1,2023,0,hs
18/08/2023 05:15,2732,230,515,ambient,1,1,2023,0,hs
18/08/2023 05:30,2733,230,530,ambient,1,1,2023,0,hs
18/08/2023 05:45,2734,230,545,ambient,1,1,2023,0,hs
18/08/2023 06:00,2735,230,600,ambient,1,1,2023,0,hs
18/08/2023 06:15,2736,230,615,ambient,1,1,2023,0,hs
18/08/2023 06:30,2737,230,630,ambient,1,1,2023,0,hs
18/08/2023 06:45,2738,230,645,ambient,1,1,2023,0,hs
18/08/2023 07:00,2739,230,700,ambient,1,1,2023,0,hs
18/08/2023 07:15,2740,230,715,ambient,1,1,2023,0,hs
18/08/2023 07:30,2741,230,730,ambient,1,1,2023,0,hs
18/08/2023 07:45,2742,230,745,ambient,1,1,2023,0,hs
18/08/2023 08:00,2743,230,800,ambient,1,1,2023,0,hs
18/08/2023 08:15,2744,230,815,ambient,1,1,2023,3.972557,hs
18/08/2023 08:30,2745,230,830,ambient,1,1,2023,2.918362,hs
18/08/2023 08:45,2746,230,845,ambient,1,1,2023,3.815331,hs
18/08/2023 09:00,2747,230,900,ambient,1,1,2023,5.995326,hs
18/08/2023 09:15,2748,230,915,ambient,1,1,2023,7.951762,hs
18/08/2023 09:30,2749,230,930,ambient,1,1,2023,9.661192,hs
18/08/2023 09:45,2750,230,945,ambient,1,1,2023,11.01686,hs
18/08/2023 10:00,2751,230,1000,ambient,1,1,2023,12.14992,hs
18/08/2023 10:15,2752,230,1015,ambient,1,1,2023,12.84814,hs
18/08/2023 10:30,2753,230,1030,ambient,1,1,2023,14.28037,hs
18/08/2023 10:45,2754,230,1045,ambient,1,1,2023,15.18907,hs
18/08/2023 11:00,2755,230,1100,ambient,1,1,2023,16.18229,hs
18/08/2023 11:15,2756,230,1115,ambient,1,1,2023,17.3208,hs
18/08/2023 11:30,2757,230,1130,ambient,1,1,2023,17.82483,hs
18/08/2023 11:45,2758,230,1145,ambient,1,1,2023,17.03661,hs
18/08/2023 12:00,2759,230,1200,ambient,1,1,2023,17.30788,hs
18/08/2023 12:15,2760,230,1215,ambient,1,1,2023,17.33937,hs
18/08/2023 12:30,2761,230,1230,ambient,1,1,2023,17.05052,hs
18/08/2023 12:45,2762,230,1245,ambient,1,1,2023,12.78745,hs
18/08/2023 13:00,2763,230,1300,ambient,1,1,2023,16.87386,hs
18/08/2023 13:15,2764,230,1315,ambient,1,1,2023,17.93394,hs
18/08/2023 13:30,2765,230,1330,ambient,1,1,2023,18.17632,hs
18/08/2023 13:45,2766,230,1345,ambient,1,1,2023,16.83401,hs
18/08/2023 14:00,2767,230,1400,ambient,1,1,2023,17.21507,hs
18/08/2023 14:15,2768,230,1415,ambient,1,1,2023,17.09162,hs
18/08/2023 14:30,2769,230,1430,ambient,1,1,2023,16.59737,hs
18/08/2023 14:45,2770,230,1445,ambient,1,1,2023,15.52717,hs
18/08/2023 15:00,2771,230,1500,ambient,1,1,2023,14.95473,hs
18/08/2023 15:15,2772,230,1515,ambient,1,1,2023,12.90789,hs
18/08/2023 15:30,2773,230,1530,ambient,1,1,2023,13.94018,hs
18/08/2023 15:45,2774,230,1545,ambient,1,1,2023,14.36492,hs
18/08/2023 16:00,2775,230,1600,ambient,1,1,2023,14.0726,hs
18/08/2023 16:15,2776,230,1615,ambient,1,1,2023,13.56357,hs
18/08/2023 16:30,2777,230,1630,ambient,1,1,2023,13.19482,hs
18/08/2023 16:45,2778,230,1645,ambient,1,1,2023,12.62671,hs
18/08/2023 17:00,2779,230,1700,ambient,1,1,2023,11.58824,hs
18/08/2023 17:15,2780,230,1715,ambient,1,1,2023,10.15853,hs
18/08/2023 17:30,2781,230,1730,ambient,1,1,2023,9.632412,hs
18/08/2023 17:45,2782,230,1745,ambient,1,1,2023,8.569108,hs
18/08/2023 18:00,2783,230,1800,ambient,1,1,2023,7.893973,hs
18/08/2023 18:15,2784,230,1815,ambient,1,1,2023,6.619247,hs
18/08/2023 18:30,2785,230,1830,ambient,1,1,2023,5.24901,hs
18/08/2023 18:45,2786,230,1845,ambient,1,1,2023,3.866886,hs
18/08/2023 19:00,2787,230,1900,ambient,1,1,2023,2.436231,hs
18/08/2023 19:15,2788,230,1915,ambient,1,1,2023,1.294588,hs
18/08/2023 19:30,2789,230,1930,ambient,1,1,2023,0.3979305,hs
18/08/2023 19:45,2790,230,1945,ambient,1,1,2023,0,hs
18/08/2023 20:00,2791,230,2000,ambient,1,1,2023,0,hs
18/08/2023 20:15,2792,230,2015,ambient,1,1,2023,0,hs
18/08/2023 20:30,2793,230,2030,ambient,1,1,2023,0,hs
18/08/2023 20:45,2794,230,2045,ambient,1,1,2023,0,hs
18/08/2023 21:00,2795,230,2100,ambient,1,1,2023,0,hs
18/08/2023 21:15,2796,230,2115,ambient,1,1,2023,0,hs
18/08/2023 21:30,2797,230,2130,ambient,1,1,2023,0,hs
18/08/2023 21:45,2798,230,2145,ambient,1,1,2023,0.1714467,hs
18/08/2023 22:00,2799,230,2200,ambient,1,1,2023,0.3779617,hs
18/08/2023 22:15,2800,230,2215,ambient,1,1,2023,0,hs
18/08/2023 22:30,2801,230,2230,ambient,1,1,2023,0,hs
18/08/2023 22:45,2802,230,2245,ambient,1,1,2023,0,hs
18/08/2023 23:00,2803,230,2300,ambient,1,1,2023,0,hs
18/08/2023 23:15,2804,230,2315,ambient,1,1,2023,0,hs
18/08/2023 23:30,2805,230,2330,ambient,1,1,2023,0,hs
18/08/2023 23:45,2806,230,2345,ambient,1,1,2023,0,hs
19/08/2023 00:00,2807,231,0,ambient,1,1,2023,0,hs
19/08/2023 00:15,2808,231,15,ambient,1,1,2023,0,hs
19/08/2023 00:30,2809,231,30,ambient,1,1,2023,0,hs
19/08/2023 00:45,2810,231,45,ambient,1,1,2023,0,hs
19/08/2023 01:00,2811,231,100,ambient,1,1,2023,0,hs
19/08/2023 01:15,2812,231,115,ambient,1,1,2023,0,hs
19/08/2023 01:30,2813,231,130,ambient,1,1,2023,0,hs
19/08/2023 01:45,2814,231,145,ambient,1,1,2023,0,hs
19/08/2023 02:00,2815,231,200,ambient,1,1,2023,0,hs
19/08/2023 02:15,2816,231,215,ambient,1,1,2023,0,hs
19/08/2023 02:30,2817,231,230,ambient,1,1,2023,0,hs
19/08/2023 02:45,2818,231,245,ambient,1,1,2023,0,hs
19/08/2023 03:00,2819,231,300,ambient,1,1,2023,0,hs
19/08/2023 03:15,2820,231,315,ambient,1,1,2023,0,hs
19/08/2023 03:30,2821,231,330,ambient,1,1,2023,0,hs
19/08/2023 03:45,2822,231,345,ambient,1,1,2023,0,hs
19/08/2023 04:00,2823,231,400,ambient,1,1,2023,0,hs
19/08/2023 04:15,2824,231,415,ambient,1,1,2023,0,hs
19/08/2023 04:30,2825,231,430,ambient,1,1,2023,0,hs
19/08/2023 04:45,2826,231,445,ambient,1,1,2023,0,hs
19/08/2023 05:00,2827,231,500,ambient,1,1,2023,0,hs
19/08/2023 05:15,2828,231,515,ambient,1,1,2023,0,hs
19/08/2023 05:30,2829,231,530,ambient,1,1,2023,0,hs
19/08/2023 05:45,2830,231,545,ambient,1,1,2023,0,hs
19/08/2023 06:00,2831,231,600,ambient,1,1,2023,0,hs
19/08/2023 06:15,2832,231,615,ambient,1,1,2023,0,hs
19/08/2023 06:30,2833,231,630,ambient,1,1,2023,0,hs
19/08/2023 06:45,2834,231,645,ambient,1,1,2023,0,hs
19/08/2023 07:00,2835,231,700,ambient,1,1,2023,0,hs
19/08/2023 07:15,2836,231,715,ambient,1,1,2023,0,hs
19/08/2023 07:30,2837,231,730,ambient,1,1,2023,0,hs
19/08/2023 07:45,2838,231,745,ambient,1,1,2023,0,hs
19/08/2023 08:00,2839,231,800,ambient,1,1,2023,0,hs
19/08/2023 08:15,2840,231,815,ambient,1,1,2023,0,hs
19/08/2023 08:30,2841,231,830,ambient,1,1,2023,2.877345,hs
19/08/2023 08:45,2842,231,845,ambient,1,1,2023,2.34986,hs
19/08/2023 09:00,2843,231,900,ambient,1,1,2023,1.95828,hs
19/08/2023 09:15,2844,231,915,ambient,1,1,2023,2.512493,hs
19/08/2023 09:30,2845,231,930,ambient,1,1,2023,4.380121,hs
19/08/2023 09:45,2846,231,945,ambient,1,1,2023,6.895213,hs
19/08/2023 10:00,2847,231,1000,ambient,1,1,2023,9.629036,hs
19/08/2023 10:15,2848,231,1015,ambient,1,1,2023,12.49065,hs
19/08/2023 10:30,2849,231,1030,ambient,1,1,2023,14.35847,hs
19/08/2023 10:45,2850,231,1045,ambient,1,1,2023,16.07772,hs
19/08/2023 11:00,2851,231,1100,ambient,1,1,2023,16.94485,hs
19/08/2023 11:15,2852,231,1115,ambient,1,1,2023,16.80238,hs
19/08/2023 11:30,2853,231,1130,ambient,1,1,2023,16.84774,hs
19/08/2023 11:45,2854,231,1145,ambient,1,1,2023,16.77157,hs
19/08/2023 12:00,2855,231,1200,ambient,1,1,2023,16.32586,hs
19/08/2023 12:15,2856,231,1215,ambient,1,1,2023,15.93368,hs
19/08/2023 12:30,2857,231,1230,ambient,1,1,2023,15.8585,hs
19/08/2023 12:45,2858,231,1245,ambient,1,1,2023,15.9488,hs
19/08/2023 13:00,2859,231,1300,ambient,1,1,2023,15.92537,hs
19/08/2023 13:15,2860,231,1315,ambient,1,1,2023,15.41478,hs
19/08/2023 13:30,2861,231,1330,ambient,1,1,2023,14.71757,hs
19/08/2023 13:45,2862,231,1345,ambient,1,1,2023,14.86993,hs
19/08/2023 14:00,2863,231,1400,ambient,1,1,2023,14.55887,hs
19/08/2023 14:15,2864,231,1415,ambient,1,1,2023,14.51168,hs
19/08/2023 14:30,2865,231,1430,ambient,1,1,2023,14.63089,hs
19/08/2023 14:45,2866,231,1445,ambient,1,1,2023,14.25585,hs
19/08/2023 15:00,2867,231,1500,ambient,1,1,2023,13.81888,hs
19/08/2023 15:15,2868,231,1515,ambient,1,1,2023,13.95065,hs
19/08/2023 15:30,2869,231,1530,ambient,1,1,2023,14.06885,hs
19/08/2023 15:45,2870,231,1545,ambient,1,1,2023,14.21047,hs
19/08/2023 16:00,2871,231,1600,ambient,1,1,2023,14.09595,hs
19/08/2023 16:15,2872,231,1615,ambient,1,1,2023,13.79177,hs
19/08/2023 16:30,2873,231,1630,ambient,1,1,2023,12.31362,hs
19/08/2023 16:45,2874,231,1645,ambient,1,1,2023,11.28369,hs
19/08/2023 17:00,2875,231,1700,ambient,1,1,2023,12.94553,hs
19/08/2023 17:15,2876,231,1715,ambient,1,1,2023,11.69007,hs
19/08/2023 17:30,2877,231,1730,ambient,1,1,2023,8.028533,hs
19/08/2023 17:45,2878,231,1745,ambient,1,1,2023,6.961575,hs
19/08/2023 18:00,2879,231,1800,ambient,1,1,2023,7.013216,hs
19/08/2023 18:15,2880,231,1815,ambient,1,1,2023,7.840455,hs
19/08/2023 18:30,2881,231,1830,ambient,1,1,2023,6.294428,hs
19/08/2023 18:45,2882,231,1845,ambient,1,1,2023,4.789414,hs
19/08/2023 19:00,2883,231,1900,ambient,1,1,2023,3.566971,hs
19/08/2023 19:15,2884,231,1915,ambient,1,1,2023,2.04005,hs
19/08/2023 19:30,2885,231,1930,ambient,1,1,2023,1.096444,hs
19/08/2023 19:45,2886,231,1945,ambient,1,1,2023,0.6250041,hs
19/08/2023 20:00,2887,231,2000,ambient,1,1,2023,0.2943853,hs
19/08/2023 20:15,2888,231,2015,ambient,1,1,2023,0.1437878,hs
19/08/2023 20:30,2889,231,2030,ambient,1,1,2023,0.2208905,hs
19/08/2023 20:45,2890,231,2045,ambient,1,1,2023,0.4419624,hs
19/08/2023 21:00,2891,231,2100,ambient,1,1,2023,0.423181,hs
19/08/2023 21:15,2892,231,2115,ambient,1,1,2023,0.545176,hs
19/08/2023 21:30,2893,231,2130,ambient,1,1,2023,0.3934607,hs
19/08/2023 21:45,2894,231,2145,ambient,1,1,2023,0.08959698,hs
19/08/2023 22:00,2895,231,2200,ambient,1,1,2023,0,hs
19/08/2023 22:15,2896,231,2215,ambient,1,1,2023,0,hs
19/08/2023 22:30,2897,231,2230,ambient,1,1,2023,0,hs
19/08/2023 22:45,2898,231,2245,ambient,1,1,2023,0.2397244,hs
19/08/2023 23:00,2899,231,2300,ambient,1,1,2023,0.4354148,hs
19/08/2023 23:15,2900,231,2315,ambient,1,1,2023,0.491032,hs
19/08/2023 23:30,2901,231,2330,ambient,1,1,2023,0.2280089,hs
19/08/2023 23:45,2902,231,2345,ambient,1,1,2023,0,hs
20/08/2023 00:00,2903,232,0,ambient,1,1,2023,0.02253573,hs
20/08/2023 00:15,2904,232,15,ambient,1,1,2023,0.3445564,hs
20/08/2023 00:30,2905,232,30,ambient,1,1,2023,0.6486467,hs
20/08/2023 00:45,2906,232,45,ambient,1,1,2023,0.3491656,hs
20/08/2023 01:00,2907,232,100,ambient,1,1,2023,0.306468,hs
20/08/2023 01:15,2908,232,115,ambient,1,1,2023,0.3957355,hs
20/08/2023 01:30,2909,232,130,ambient,1,1,2023,0.3235062,hs
20/08/2023 01:45,2910,232,145,ambient,1,1,2023,0.4856568,hs
20/08/2023 02:00,2911,232,200,ambient,1,1,2023,0.4174587,hs
20/08/2023 02:15,2912,232,215,ambient,1,1,2023,0.3408188,hs
20/08/2023 02:30,2913,232,230,ambient,1,1,2023,0.4894059,hs
20/08/2023 02:45,2914,232,245,ambient,1,1,2023,0.617023,hs
20/08/2023 03:00,2915,232,300,ambient,1,1,2023,0.6509565,hs
20/08/2023 03:15,2916,232,315,ambient,1,1,2023,0.7927302,hs
20/08/2023 03:30,2917,232,330,ambient,1,1,2023,0.8585339,hs
20/08/2023 03:45,2918,232,345,ambient,1,1,2023,0.9179927,hs
20/08/2023 04:00,2919,232,400,ambient,1,1,2023,0.9268064,hs
20/08/2023 04:15,2920,232,415,ambient,1,1,2023,0.8438904,hs
20/08/2023 04:30,2921,232,430,ambient,1,1,2023,0.8190041,hs
20/08/2023 04:45,2922,232,445,ambient,1,1,2023,1.052774,hs
20/08/2023 05:00,2923,232,500,ambient,1,1,2023,0.5127859,hs
20/08/2023 05:15,2924,232,515,ambient,1,1,2023,0.4107417,hs
20/08/2023 05:30,2925,232,530,ambient,1,1,2023,0.3202506,hs
20/08/2023 05:45,2926,232,545,ambient,1,1,2023,0.3894733,hs
20/08/2023 06:00,2927,232,600,ambient,1,1,2023,0.6089128,hs
20/08/2023 06:15,2928,232,615,ambient,1,1,2023,0.7431083,hs
20/08/2023 06:30,2929,232,630,ambient,1,1,2023,0.7273088,hs
20/08/2023 06:45,2930,232,645,ambient,1,1,2023,0.7844849,hs
20/08/2023 07:00,2931,232,700,ambient,1,1,2023,0.8038141,hs
20/08/2023 07:15,2932,232,715,ambient,1,1,2023,1.30826,hs
20/08/2023 07:30,2933,232,730,ambient,1,1,2023,1.72146,hs
20/08/2023 07:45,2934,232,745,ambient,1,1,2023,1.695677,hs
20/08/2023 08:00,2935,232,800,ambient,1,1,2023,2.089684,hs
20/08/2023 08:15,2936,232,815,ambient,1,1,2023,3.73386,hs
20/08/2023 08:30,2937,232,830,ambient,1,1,2023,6.666946,hs
20/08/2023 08:45,2938,232,845,ambient,1,1,2023,8.311308,hs
20/08/2023 09:00,2939,232,900,ambient,1,1,2023,10.15602,hs
20/08/2023 09:15,2940,232,915,ambient,1,1,2023,12.51479,hs
20/08/2023 09:30,2941,232,930,ambient,1,1,2023,12.74596,hs
20/08/2023 09:45,2942,232,945,ambient,1,1,2023,14.55176,hs
20/08/2023 10:00,2943,232,1000,ambient,1,1,2023,12.86823,hs
20/08/2023 10:15,2944,232,1015,ambient,1,1,2023,12.15848,hs
20/08/2023 10:30,2945,232,1030,ambient,1,1,2023,9.648265,hs
20/08/2023 10:45,2946,232,1045,ambient,1,1,2023,7.296994,hs
20/08/2023 11:00,2947,232,1100,ambient,1,1,2023,5.271189,hs
20/08/2023 11:15,2948,232,1115,ambient,1,1,2023,2.745451,hs
20/08/2023 11:30,2949,232,1130,ambient,1,1,2023,2.123753,hs
20/08/2023 11:45,2950,232,1145,ambient,1,1,2023,3.192643,hs
20/08/2023 12:00,2951,232,1200,ambient,1,1,2023,6.109845,hs
20/08/2023 12:15,2952,232,1215,ambient,1,1,2023,11.55182,hs
20/08/2023 12:30,2953,232,1230,ambient,1,1,2023,16.87982,hs
20/08/2023 12:45,2954,232,1245,ambient,1,1,2023,12.88155,hs
20/08/2023 13:00,2955,232,1300,ambient,1,1,2023,13.88704,hs
20/08/2023 13:15,2956,232,1315,ambient,1,1,2023,15.64261,hs
20/08/2023 13:30,2957,232,1330,ambient,1,1,2023,16.23114,hs
20/08/2023 13:45,2958,232,1345,ambient,1,1,2023,15.92159,hs
20/08/2023 14:00,2959,232,1400,ambient,1,1,2023,16.02719,hs
20/08/2023 14:15,2960,232,1415,ambient,1,1,2023,15.84838,hs
20/08/2023 14:30,2961,232,1430,ambient,1,1,2023,16.27689,hs
20/08/2023 14:45,2962,232,1445,ambient,1,1,2023,11.6129,hs
20/08/2023 15:00,2963,232,1500,ambient,1,1,2023,12.92824,hs
20/08/2023 15:15,2964,232,1515,ambient,1,1,2023,18.29846,hs
20/08/2023 15:30,2965,232,1530,ambient,1,1,2023,17.81309,hs
20/08/2023 15:45,2966,232,1545,ambient,1,1,2023,15.32356,hs
20/08/2023 16:00,2967,232,1600,ambient,1,1,2023,16.2034,hs
20/08/2023 16:15,2968,232,1615,ambient,1,1,2023,14.49948,hs
20/08/2023 16:30,2969,232,1630,ambient,1,1,2023,14.3183,hs
20/08/2023 16:45,2970,232,1645,ambient,1,1,2023,11.85216,hs
20/08/2023 17:00,2971,232,1700,ambient,1,1,2023,11.99211,hs
20/08/2023 17:15,2972,232,1715,ambient,1,1,2023,10.69227,hs
20/08/2023 17:30,2973,232,1730,ambient,1,1,2023,9.319497,hs
20/08/2023 17:45,2974,232,1745,ambient,1,1,2023,6.085415,hs
20/08/2023 18:00,2975,232,1800,ambient,1,1,2023,4.380775,hs
20/08/2023 18:15,2976,232,1815,ambient,1,1,2023,2.988992,hs
20/08/2023 18:30,2977,232,1830,ambient,1,1,2023,2.284712,hs
20/08/2023 18:45,2978,232,1845,ambient,1,1,2023,2.280629,hs
20/08/2023 19:00,2979,232,1900,ambient,1,1,2023,1.865106,hs
20/08/2023 19:15,2980,232,1915,ambient,1,1,2023,1.141154,hs
20/08/2023 19:30,2981,232,1930,ambient,1,1,2023,0.4519016,hs
20/08/2023 19:45,2982,232,1945,ambient,1,1,2023,0,hs
20/08/2023 20:00,2983,232,2000,ambient,1,1,2023,0,hs
20/08/2023 20:15,2984,232,2015,ambient,1,1,2023,0,hs
20/08/2023 20:30,2985,232,2030,ambient,1,1,2023,0,hs
20/08/2023 20:45,2986,232,2045,ambient,1,1,2023,0,hs
20/08/2023 21:00,2987,232,2100,ambient,1,1,2023,0,hs
20/08/2023 21:15,2988,232,2115,ambient,1,1,2023,0,hs
20/08/2023 21:30,2989,232,2130,ambient,1,1,2023,0.292688,hs
20/08/2023 21:45,2990,232,2145,ambient,1,1,2023,0.7179814,hs
20/08/2023 22:00,2991,232,2200,ambient,1,1,2023,0.6965064,hs
20/08/2023 22:15,2992,232,2215,ambient,1,1,2023,0.6800221,hs
20/08/2023 22:30,2993,232,2230,ambient,1,1,2023,0.6819549,hs
20/08/2023 22:45,2994,232,2245,ambient,1,1,2023,0.5340193,hs
20/08/2023 23:00,2995,232,2300,ambient,1,1,2023,0.3782071,hs
20/08/2023 23:15,2996,232,2315,ambient,1,1,2023,0.9252086,hs
20/08/2023 23:30,2997,232,2330,ambient,1,1,2023,1.438801,hs
20/08/2023 23:45,2998,232,2345,ambient,1,1,2023,1.482649,hs
21/08/2023 00:00,2999,233,0,ambient,1,1,2023,1.161772,hs
21/08/2023 00:15,3000,233,15,ambient,1,1,2023,0.7909299,hs
21/08/2023 00:30,3001,233,30,ambient,1,1,2023,0.548227,hs
21/08/2023 00:45,3002,233,45,ambient,1,1,2023,0.8303277,hs
21/08/2023 01:00,3003,233,100,ambient,1,1,2023,1.104607,hs
21/08/2023 01:15,3004,233,115,ambient,1,1,2023,0.9617695,hs
21/08/2023 01:30,3005,233,130,ambient,1,1,2023,0.6960618,hs
21/08/2023 01:45,3006,233,145,ambient,1,1,2023,0.6211935,hs
21/08/2023 02:00,3007,233,200,ambient,1,1,2023,0.4379881,hs
21/08/2023 02:15,3008,233,215,ambient,1,1,2023,0.4482807,hs
21/08/2023 02:30,3009,233,230,ambient,1,1,2023,0.505452,hs
21/08/2023 02:45,3010,233,245,ambient,1,1,2023,0.4042794,hs
21/08/2023 03:00,3011,233,300,ambient,1,1,2023,0.2469605,hs
21/08/2023 03:15,3012,233,315,ambient,1,1,2023,0.05250673,hs
21/08/2023 03:30,3013,233,330,ambient,1,1,2023,0,hs
21/08/2023 03:45,3014,233,345,ambient,1,1,2023,0,hs
21/08/2023 04:00,3015,233,400,ambient,1,1,2023,0,hs
21/08/2023 04:15,3016,233,415,ambient,1,1,2023,0,hs
21/08/2023 04:30,3017,233,430,ambient,1,1,2023,0.000137901,hs
21/08/2023 04:45,3018,233,445,ambient,1,1,2023,0.1499656,hs
21/08/2023 05:00,3019,233,500,ambient,1,1,2023,0.6540594,hs
21/08/2023 05:15,3020,233,515,ambient,1,1,2023,0.794954,hs
21/08/2023 05:30,3021,233,530,ambient,1,1,2023,0.7994408,hs
21/08/2023 05:45,3022,233,545,ambient,1,1,2023,0.7160071,hs
21/08/2023 06:00,3023,233,600,ambient,1,1,2023,0.5774205,hs
21/08/2023 06:15,3024,233,615,ambient,1,1,2023,0.3368198,hs
21/08/2023 06:30,3025,233,630,ambient,1,1,2023,0.3200751,hs
21/08/2023 06:45,3026,233,645,ambient,1,1,2023,0.5089925,hs
21/08/2023 07:00,3027,233,700,ambient,1,1,2023,0.8518118,hs
21/08/2023 07:15,3028,233,715,ambient,1,1,2023,1.070989,hs
21/08/2023 07:30,3029,233,730,ambient,1,1,2023,1.362999,hs
21/08/2023 07:45,3030,233,745,ambient,1,1,2023,1.83867,hs
21/08/2023 08:00,3031,233,800,ambient,1,1,2023,2.513766,hs
21/08/2023 08:15,3032,233,815,ambient,1,1,2023,3.345373,hs
21/08/2023 08:30,3033,233,830,ambient,1,1,2023,4.421892,hs
21/08/2023 08:45,3034,233,845,ambient,1,1,2023,5.491657,hs
21/08/2023 09:00,3035,233,900,ambient,1,1,2023,6.292037,hs
21/08/2023 09:15,3036,233,915,ambient,1,1,2023,6.624949,hs
21/08/2023 09:30,3037,233,930,ambient,1,1,2023,7.40185,hs
21/08/2023 09:45,3038,233,945,ambient,1,1,2023,8.917329,hs
21/08/2023 10:00,3039,233,1000,ambient,1,1,2023,10.01156,hs
21/08/2023 10:15,3040,233,1015,ambient,1,1,2023,9.468552,hs
21/08/2023 10:30,3041,233,1030,ambient,1,1,2023,9.609086,hs
21/08/2023 10:45,3042,233,1045,ambient,1,1,2023,9.836668,hs
21/08/2023 11:00,3043,233,1100,ambient,1,1,2023,12.85785,hs
21/08/2023 11:15,3044,233,1115,ambient,1,1,2023,14.4015,hs
21/08/2023 11:30,3045,233,1130,ambient,1,1,2023,15.89017,hs
21/08/2023 11:45,3046,233,1145,ambient,1,1,2023,16.36118,hs
21/08/2023 12:00,3047,233,1200,ambient,1,1,2023,18.99763,hs
21/08/2023 12:15,3048,233,1215,ambient,1,1,2023,18.23896,hs
21/08/2023 12:30,3049,233,1230,ambient,1,1,2023,18.3798,hs
21/08/2023 12:45,3050,233,1245,ambient,1,1,2023,19.32335,hs
21/08/2023 13:00,3051,233,1300,ambient,1,1,2023,19.60051,hs
21/08/2023 13:15,3052,233,1315,ambient,1,1,2023,19.96055,hs
21/08/2023 13:30,3053,233,1330,ambient,1,1,2023,23.61829,hs
21/08/2023 13:45,3054,233,1345,ambient,1,1,2023,19.66391,hs
21/08/2023 14:00,3055,233,1400,ambient,1,1,2023,17.50215,hs
21/08/2023 14:15,3056,233,1415,ambient,1,1,2023,23.90808,hs
21/08/2023 14:30,3057,233,1430,ambient,1,1,2023,24.21736,hs
21/08/2023 14:45,3058,233,1445,ambient,1,1,2023,23.06701,hs
21/08/2023 15:00,3059,233,1500,ambient,1,1,2023,20.51713,hs
21/08/2023 15:15,3060,233,1515,ambient,1,1,2023,20.4257,hs
21/08/2023 15:30,3061,233,1530,ambient,1,1,2023,14.69795,hs
21/08/2023 15:45,3062,233,1545,ambient,1,1,2023,13.86998,hs
21/08/2023 16:00,3063,233,1600,ambient,1,1,2023,22.00263,hs
21/08/2023 16:15,3064,233,1615,ambient,1,1,2023,19.02059,hs
21/08/2023 16:30,3065,233,1630,ambient,1,1,2023,17.58894,hs
21/08/2023 16:45,3066,233,1645,ambient,1,1,2023,14.60972,hs
21/08/2023 17:00,3067,233,1700,ambient,1,1,2023,17.96328,hs
21/08/2023 17:15,3068,233,1715,ambient,1,1,2023,16.40912,hs
21/08/2023 17:30,3069,233,1730,ambient,1,1,2023,11.27017,hs
21/08/2023 17:45,3070,233,1745,ambient,1,1,2023,7.38755,hs
21/08/2023 18:00,3071,233,1800,ambient,1,1,2023,8.157362,hs
21/08/2023 18:15,3072,233,1815,ambient,1,1,2023,6.787117,hs
21/08/2023 18:30,3073,233,1830,ambient,1,1,2023,4.070713,hs
21/08/2023 18:45,3074,233,1845,ambient,1,1,2023,3.701442,hs
21/08/2023 19:00,3075,233,1900,ambient,1,1,2023,3.115072,hs
21/08/2023 19:15,3076,233,1915,ambient,1,1,2023,1.96901,hs
21/08/2023 19:30,3077,233,1930,ambient,1,1,2023,1.132936,hs
21/08/2023 19:45,3078,233,1945,ambient,1,1,2023,0.6201179,hs
21/08/2023 20:00,3079,233,2000,ambient,1,1,2023,0.2571887,hs
21/08/2023 20:15,3080,233,2015,ambient,1,1,2023,0.1639346,hs
21/08/2023 20:30,3081,233,2030,ambient,1,1,2023,0.1305899,hs
21/08/2023 20:45,3082,233,2045,ambient,1,1,2023,0.4555385,hs
21/08/2023 21:00,3083,233,2100,ambient,1,1,2023,1.134194,hs
21/08/2023 21:15,3084,233,2115,ambient,1,1,2023,1.28573,hs
21/08/2023 21:30,3085,233,2130,ambient,1,1,2023,0.9622371,hs
21/08/2023 21:45,3086,233,2145,ambient,1,1,2023,0.5821006,hs
21/08/2023 22:00,3087,233,2200,ambient,1,1,2023,0.4717788,hs
21/08/2023 22:15,3088,233,2215,ambient,1,1,2023,0.4075848,hs
21/08/2023 22:30,3089,233,2230,ambient,1,1,2023,0.3969099,hs
21/08/2023 22:45,3090,233,2245,ambient,1,1,2023,0.4412601,hs
21/08/2023 23:00,3091,233,2300,ambient,1,1,2023,0.4108813,hs
21/08/2023 23:15,3092,233,2315,ambient,1,1,2023,0.3777966,hs
21/08/2023 23:30,3093,233,2330,ambient,1,1,2023,0.260443,hs
21/08/2023 23:45,3094,233,2345,ambient,1,1,2023,0.2464805,hs
22/08/2023 00:00,3095,234,0,ambient,1,1,2023,0.2568801,hs
22/08/2023 00:15,3096,234,15,ambient,1,1,2023,0.3650804,hs
22/08/2023 00:30,3097,234,30,ambient,1,1,2023,0.6437299,hs
22/08/2023 00:45,3098,234,45,ambient,1,1,2023,0.7034623,hs
22/08/2023 01:00,3099,234,100,ambient,1,1,2023,0.5235623,hs
22/08/2023 01:15,3100,234,115,ambient,1,1,2023,0.3471877,hs
22/08/2023 01:30,3101,234,130,ambient,1,1,2023,0.214058,hs
22/08/2023 01:45,3102,234,145,ambient,1,1,2023,0.08716463,hs
22/08/2023 02:00,3103,234,200,ambient,1,1,2023,0.1166048,hs
22/08/2023 02:15,3104,234,215,ambient,1,1,2023,0.2107272,hs
22/08/2023 02:30,3105,234,230,ambient,1,1,2023,0.2761512,hs
22/08/2023 02:45,3106,234,245,ambient,1,1,2023,0.322498,hs
22/08/2023 03:00,3107,234,300,ambient,1,1,2023,0.440477,hs
22/08/2023 03:15,3108,234,315,ambient,1,1,2023,0.4181058,hs
22/08/2023 03:30,3109,234,330,ambient,1,1,2023,0.3684607,hs
22/08/2023 03:45,3110,234,345,ambient,1,1,2023,0.3550244,hs
22/08/2023 04:00,3111,234,400,ambient,1,1,2023,0.3537227,hs
22/08/2023 04:15,3112,234,415,ambient,1,1,2023,0.3808972,hs
22/08/2023 04:30,3113,234,430,ambient,1,1,2023,0.4594864,hs
22/08/2023 04:45,3114,234,445,ambient,1,1,2023,0.7516534,hs
22/08/2023 05:00,3115,234,500,ambient,1,1,2023,0.5312814,hs
22/08/2023 05:15,3116,234,515,ambient,1,1,2023,0.5398808,hs
22/08/2023 05:30,3117,234,530,ambient,1,1,2023,0.5625103,hs
22/08/2023 05:45,3118,234,545,ambient,1,1,2023,0.4144228,hs
22/08/2023 06:00,3119,234,600,ambient,1,1,2023,0.370975,hs
22/08/2023 06:15,3120,234,615,ambient,1,1,2023,0.1745442,hs
22/08/2023 06:30,3121,234,630,ambient,1,1,2023,0.09316284,hs
22/08/2023 06:45,3122,234,645,ambient,1,1,2023,0.2052975,hs
22/08/2023 07:00,3123,234,700,ambient,1,1,2023,0.2133166,hs
22/08/2023 07:15,3124,234,715,ambient,1,1,2023,0.5324944,hs
22/08/2023 07:30,3125,234,730,ambient,1,1,2023,0.8690448,hs
22/08/2023 07:45,3126,234,745,ambient,1,1,2023,1.279266,hs
22/08/2023 08:00,3127,234,800,ambient,1,1,2023,2.388021,hs
22/08/2023 08:15,3128,234,815,ambient,1,1,2023,3.787412,hs
22/08/2023 08:30,3129,234,830,ambient,1,1,2023,4.827089,hs
22/08/2023 08:45,3130,234,845,ambient,1,1,2023,6.54804,hs
22/08/2023 09:00,3131,234,900,ambient,1,1,2023,8.619748,hs
22/08/2023 09:15,3132,234,915,ambient,1,1,2023,9.156563,hs
22/08/2023 09:30,3133,234,930,ambient,1,1,2023,7.580286,hs
22/08/2023 09:45,3134,234,945,ambient,1,1,2023,7.621491,hs
22/08/2023 10:00,3135,234,1000,ambient,1,1,2023,12.97235,hs
22/08/2023 10:15,3136,234,1015,ambient,1,1,2023,15.5574,hs
22/08/2023 10:30,3137,234,1030,ambient,1,1,2023,16.72304,hs
22/08/2023 10:45,3138,234,1045,ambient,1,1,2023,17.08824,hs
22/08/2023 11:00,3139,234,1100,ambient,1,1,2023,17.18755,hs
22/08/2023 11:15,3140,234,1115,ambient,1,1,2023,17.68981,hs
22/08/2023 11:30,3141,234,1130,ambient,1,1,2023,18.52939,hs
22/08/2023 11:45,3142,234,1145,ambient,1,1,2023,18.69054,hs
22/08/2023 12:00,3143,234,1200,ambient,1,1,2023,18.2765,hs
22/08/2023 12:15,3144,234,1215,ambient,1,1,2023,16.47201,hs
22/08/2023 12:30,3145,234,1230,ambient,1,1,2023,13.13363,hs
22/08/2023 12:45,3146,234,1245,ambient,1,1,2023,16.63929,hs
22/08/2023 13:00,3147,234,1300,ambient,1,1,2023,21.23613,hs
22/08/2023 13:15,3148,234,1315,ambient,1,1,2023,15.53419,hs
22/08/2023 13:30,3149,234,1330,ambient,1,1,2023,13.74337,hs
22/08/2023 13:45,3150,234,1345,ambient,1,1,2023,17.15194,hs
22/08/2023 14:00,3151,234,1400,ambient,1,1,2023,18.95361,hs
22/08/2023 14:15,3152,234,1415,ambient,1,1,2023,19.1525,hs
22/08/2023 14:30,3153,234,1430,ambient,1,1,2023,24.08799,hs
22/08/2023 14:45,3154,234,1445,ambient,1,1,2023,21.8434,hs
22/08/2023 15:00,3155,234,1500,ambient,1,1,2023,21.09958,hs
22/08/2023 15:15,3156,234,1515,ambient,1,1,2023,21.46527,hs
22/08/2023 15:30,3157,234,1530,ambient,1,1,2023,19.11026,hs
22/08/2023 15:45,3158,234,1545,ambient,1,1,2023,18.92709,hs
22/08/2023 16:00,3159,234,1600,ambient,1,1,2023,18.74563,hs
22/08/2023 16:15,3160,234,1615,ambient,1,1,2023,17.83,hs
22/08/2023 16:30,3161,234,1630,ambient,1,1,2023,15.30805,hs
22/08/2023 16:45,3162,234,1645,ambient,1,1,2023,18.59831,hs
22/08/2023 17:00,3163,234,1700,ambient,1,1,2023,17.45097,hs
22/08/2023 17:15,3164,234,1715,ambient,1,1,2023,15.52894,hs
22/08/2023 17:30,3165,234,1730,ambient,1,1,2023,13.92474,hs
22/08/2023 17:45,3166,234,1745,ambient,1,1,2023,12.15821,hs
22/08/2023 18:00,3167,234,1800,ambient,1,1,2023,10.19991,hs
22/08/2023 18:15,3168,234,1815,ambient,1,1,2023,8.198138,hs
22/08/2023 18:30,3169,234,1830,ambient,1,1,2023,6.30489,hs
22/08/2023 18:45,3170,234,1845,ambient,1,1,2023,4.205632,hs
22/08/2023 19:00,3171,234,1900,ambient,1,1,2023,2.415393,hs
22/08/2023 19:15,3172,234,1915,ambient,1,1,2023,1.158646,hs
22/08/2023 19:30,3173,234,1930,ambient,1,1,2023,0.3259608,hs
22/08/2023 19:45,3174,234,1945,ambient,1,1,2023,0,hs
22/08/2023 20:00,3175,234,2000,ambient,1,1,2023,0,hs
22/08/2023 20:15,3176,234,2015,ambient,1,1,2023,0,hs
22/08/2023 20:30,3177,234,2030,ambient,1,1,2023,0,hs
22/08/2023 20:45,3178,234,2045,ambient,1,1,2023,0,hs
22/08/2023 21:00,3179,234,2100,ambient,1,1,2023,0,hs
22/08/2023 21:15,3180,234,2115,ambient,1,1,2023,0,hs
22/08/2023 21:30,3181,234,2130,ambient,1,1,2023,0.01495127,hs
22/08/2023 21:45,3182,234,2145,ambient,1,1,2023,0.1200119,hs
22/08/2023 22:00,3183,234,2200,ambient,1,1,2023,0.1363348,hs
22/08/2023 22:15,3184,234,2215,ambient,1,1,2023,0.1968914,hs
22/08/2023 22:30,3185,234,2230,ambient,1,1,2023,0.2588471,hs
22/08/2023 22:45,3186,234,2245,ambient,1,1,2023,0.2907112,hs
22/08/2023 23:00,3187,234,2300,ambient,1,1,2023,0.1727238,hs
22/08/2023 23:15,3188,234,2315,ambient,1,1,2023,0.202669,hs
22/08/2023 23:30,3189,234,2330,ambient,1,1,2023,0.2027451,hs
22/08/2023 23:45,3190,234,2345,ambient,1,1,2023,0.1787529,hs
23/08/2023 00:00,3191,235,0,ambient,1,1,2023,0.1254993,hs
23/08/2023 00:15,3192,235,15,ambient,1,1,2023,0.1841469,hs
23/08/2023 00:30,3193,235,30,ambient,1,1,2023,0.5630769,hs
23/08/2023 00:45,3194,235,45,ambient,1,1,2023,0.4656161,hs
23/08/2023 01:00,3195,235,100,ambient,1,1,2023,0.2390313,hs
23/08/2023 01:15,3196,235,115,ambient,1,1,2023,0.2797612,hs
23/08/2023 01:30,3197,235,130,ambient,1,1,2023,0.2866817,hs
23/08/2023 01:45,3198,235,145,ambient,1,1,2023,0.5610343,hs
23/08/2023 02:00,3199,235,200,ambient,1,1,2023,0.5528558,hs
23/08/2023 02:15,3200,235,215,ambient,1,1,2023,0.519171,hs
23/08/2023 02:30,3201,235,230,ambient,1,1,2023,0.4832678,hs
23/08/2023 02:45,3202,235,245,ambient,1,1,2023,0.5909922,hs
23/08/2023 03:00,3203,235,300,ambient,1,1,2023,0.4492008,hs
23/08/2023 03:15,3204,235,315,ambient,1,1,2023,0.1696423,hs
23/08/2023 03:30,3205,235,330,ambient,1,1,2023,0.1256954,hs
23/08/2023 03:45,3206,235,345,ambient,1,1,2023,0.4650459,hs
23/08/2023 04:00,3207,235,400,ambient,1,1,2023,0.7855399,hs
23/08/2023 04:15,3208,235,415,ambient,1,1,2023,1.109332,hs
23/08/2023 04:30,3209,235,430,ambient,1,1,2023,0.8488733,hs
23/08/2023 04:45,3210,235,445,ambient,1,1,2023,0.5432979,hs
23/08/2023 05:00,3211,235,500,ambient,1,1,2023,0.3473169,hs
23/08/2023 05:15,3212,235,515,ambient,1,1,2023,0.2816622,hs
23/08/2023 05:30,3213,235,530,ambient,1,1,2023,0.2760296,hs
23/08/2023 05:45,3214,235,545,ambient,1,1,2023,0.1220763,hs
23/08/2023 06:00,3215,235,600,ambient,1,1,2023,0,hs
23/08/2023 06:15,3216,235,615,ambient,1,1,2023,0,hs
23/08/2023 06:30,3217,235,630,ambient,1,1,2023,0,hs
23/08/2023 06:45,3218,235,645,ambient,1,1,2023,0.06795552,hs
23/08/2023 07:00,3219,235,700,ambient,1,1,2023,0.901452,hs
23/08/2023 07:15,3220,235,715,ambient,1,1,2023,1.559851,hs
23/08/2023 07:30,3221,235,730,ambient,1,1,2023,2.040441,hs
23/08/2023 07:45,3222,235,745,ambient,1,1,2023,2.260464,hs
23/08/2023 08:00,3223,235,800,ambient,1,1,2023,2.008296,hs
23/08/2023 08:15,3224,235,815,ambient,1,1,2023,1.825431,hs
23/08/2023 08:30,3225,235,830,ambient,1,1,2023,1.777621,hs
23/08/2023 08:45,3226,235,845,ambient,1,1,2023,2.507132,hs
23/08/2023 09:00,3227,235,900,ambient,1,1,2023,4.139316,hs
23/08/2023 09:15,3228,235,915,ambient,1,1,2023,6.842552,hs
23/08/2023 09:30,3229,235,930,ambient,1,1,2023,10.12429,hs
23/08/2023 09:45,3230,235,945,ambient,1,1,2023,13.55976,hs
23/08/2023 10:00,3231,235,1000,ambient,1,1,2023,16.70988,hs
23/08/2023 10:15,3232,235,1015,ambient,1,1,2023,15.86789,hs
23/08/2023 10:30,3233,235,1030,ambient,1,1,2023,18.1643,hs
23/08/2023 10:45,3234,235,1045,ambient,1,1,2023,18.75603,hs
23/08/2023 11:00,3235,235,1100,ambient,1,1,2023,18.86491,hs
23/08/2023 11:15,3236,235,1115,ambient,1,1,2023,21.25483,hs
23/08/2023 11:30,3237,235,1130,ambient,1,1,2023,21.19168,hs
23/08/2023 11:45,3238,235,1145,ambient,1,1,2023,22.09791,hs
23/08/2023 12:00,3239,235,1200,ambient,1,1,2023,21.71433,hs
23/08/2023 12:15,3240,235,1215,ambient,1,1,2023,22.93429,hs
23/08/2023 12:30,3241,235,1230,ambient,1,1,2023,19.91172,hs
23/08/2023 12:45,3242,235,1245,ambient,1,1,2023,23.42762,hs
23/08/2023 13:00,3243,235,1300,ambient,1,1,2023,22.95266,hs
23/08/2023 13:15,3244,235,1315,ambient,1,1,2023,22.81435,hs
23/08/2023 13:30,3245,235,1330,ambient,1,1,2023,19.22383,hs
23/08/2023 13:45,3246,235,1345,ambient,1,1,2023,21.15218,hs
23/08/2023 14:00,3247,235,1400,ambient,1,1,2023,20.33634,hs
23/08/2023 14:15,3248,235,1415,ambient,1,1,2023,21.07685,hs
23/08/2023 14:30,3249,235,1430,ambient,1,1,2023,24.35393,hs
23/08/2023 14:45,3250,235,1445,ambient,1,1,2023,21.70487,hs
23/08/2023 15:00,3251,235,1500,ambient,1,1,2023,21.24799,hs
23/08/2023 15:15,3252,235,1515,ambient,1,1,2023,24.22388,hs
23/08/2023 15:30,3253,235,1530,ambient,1,1,2023,20.66369,hs
23/08/2023 15:45,3254,235,1545,ambient,1,1,2023,20.69119,hs
23/08/2023 16:00,3255,235,1600,ambient,1,1,2023,21.93448,hs
23/08/2023 16:15,3256,235,1615,ambient,1,1,2023,22.34383,hs
23/08/2023 16:30,3257,235,1630,ambient,1,1,2023,21.71503,hs
23/08/2023 16:45,3258,235,1645,ambient,1,1,2023,20.3492,hs
23/08/2023 17:00,3259,235,1700,ambient,1,1,2023,18.73183,hs
23/08/2023 17:15,3260,235,1715,ambient,1,1,2023,17.03516,hs
23/08/2023 17:30,3261,235,1730,ambient,1,1,2023,14.97138,hs
23/08/2023 17:45,3262,235,1745,ambient,1,1,2023,13.17709,hs
23/08/2023 18:00,3263,235,1800,ambient,1,1,2023,11.81456,hs
23/08/2023 18:15,3264,235,1815,ambient,1,1,2023,9.343954,hs
23/08/2023 18:30,3265,235,1830,ambient,1,1,2023,7.006367,hs
23/08/2023 18:45,3266,235,1845,ambient,1,1,2023,5.075583,hs
23/08/2023 19:00,3267,235,1900,ambient,1,1,2023,3.471889,hs
23/08/2023 19:15,3268,235,1915,ambient,1,1,2023,2.220456,hs
23/08/2023 19:30,3269,235,1930,ambient,1,1,2023,1.252123,hs
23/08/2023 19:45,3270,235,1945,ambient,1,1,2023,0.6732584,hs
23/08/2023 20:00,3271,235,2000,ambient,1,1,2023,0.6100668,hs
23/08/2023 20:15,3272,235,2015,ambient,1,1,2023,0.3826896,hs
23/08/2023 20:30,3273,235,2030,ambient,1,1,2023,0.1128917,hs
23/08/2023 20:45,3274,235,2045,ambient,1,1,2023,0.2571563,hs
23/08/2023 21:00,3275,235,2100,ambient,1,1,2023,0.4387192,hs
23/08/2023 21:15,3276,235,2115,ambient,1,1,2023,0.6485731,hs
23/08/2023 21:30,3277,235,2130,ambient,1,1,2023,0.6080393,hs
23/08/2023 21:45,3278,235,2145,ambient,1,1,2023,0.4432504,hs
23/08/2023 22:00,3279,235,2200,ambient,1,1,2023,0.2554975,hs
23/08/2023 22:15,3280,235,2215,ambient,1,1,2023,0.3889866,hs
23/08/2023 22:30,3281,235,2230,ambient,1,1,2023,0.4835383,hs
23/08/2023 22:45,3282,235,2245,ambient,1,1,2023,0.4613537,hs
23/08/2023 23:00,3283,235,2300,ambient,1,1,2023,0.4078034,hs
23/08/2023 23:15,3284,235,2315,ambient,1,1,2023,0.4030501,hs
23/08/2023 23:30,3285,235,2330,ambient,1,1,2023,0.3783488,hs
23/08/2023 23:45,3286,235,2345,ambient,1,1,2023,0.3197258,hs
24/08/2023 00:00,3287,236,0,ambient,1,1,2023,0.2448957,hs
24/08/2023 00:15,3288,236,15,ambient,1,1,2023,0.1767222,hs
24/08/2023 00:30,3289,236,30,ambient,1,1,2023,0.1898739,hs
24/08/2023 00:45,3290,236,45,ambient,1,1,2023,0.1710487,hs
24/08/2023 01:00,3291,236,100,ambient,1,1,2023,0.1645491,hs
24/08/2023 01:15,3292,236,115,ambient,1,1,2023,0.1539705,hs
24/08/2023 01:30,3293,236,130,ambient,1,1,2023,0.1288607,hs
24/08/2023 01:45,3294,236,145,ambient,1,1,2023,0.09261652,hs
24/08/2023 02:00,3295,236,200,ambient,1,1,2023,0.06216257,hs
24/08/2023 02:15,3296,236,215,ambient,1,1,2023,0.132607,hs
24/08/2023 02:30,3297,236,230,ambient,1,1,2023,0.1167155,hs
24/08/2023 02:45,3298,236,245,ambient,1,1,2023,0.05686876,hs
24/08/2023 03:00,3299,236,300,ambient,1,1,2023,0.1056468,hs
24/08/2023 03:15,3300,236,315,ambient,1,1,2023,0.08920721,hs
24/08/2023 03:30,3301,236,330,ambient,1,1,2023,0.1213993,hs
24/08/2023 03:45,3302,236,345,ambient,1,1,2023,0,hs
24/08/2023 04:00,3303,236,400,ambient,1,1,2023,0,hs
24/08/2023 04:15,3304,236,415,ambient,1,1,2023,0,hs
24/08/2023 04:30,3305,236,430,ambient,1,1,2023,0,hs
24/08/2023 04:45,3306,236,445,ambient,1,1,2023,0,hs
24/08/2023 05:00,3307,236,500,ambient,1,1,2023,0.2438003,hs
24/08/2023 05:15,3308,236,515,ambient,1,1,2023,0.3670059,hs
24/08/2023 05:30,3309,236,530,ambient,1,1,2023,0.01400339,hs
24/08/2023 05:45,3310,236,545,ambient,1,1,2023,0,hs
24/08/2023 06:00,3311,236,600,ambient,1,1,2023,0.06175559,hs
24/08/2023 06:15,3312,236,615,ambient,1,1,2023,0.2742345,hs
24/08/2023 06:30,3313,236,630,ambient,1,1,2023,0.6082691,hs
24/08/2023 06:45,3314,236,645,ambient,1,1,2023,0.5690854,hs
24/08/2023 07:00,3315,236,700,ambient,1,1,2023,0.9103122,hs
24/08/2023 07:15,3316,236,715,ambient,1,1,2023,1.624905,hs
24/08/2023 07:30,3317,236,730,ambient,1,1,2023,2.192705,hs
24/08/2023 07:45,3318,236,745,ambient,1,1,2023,2.71683,hs
24/08/2023 08:00,3319,236,800,ambient,1,1,2023,2.207178,hs
24/08/2023 08:15,3320,236,815,ambient,1,1,2023,1.791665,hs
24/08/2023 08:30,3321,236,830,ambient,1,1,2023,2.017815,hs
24/08/2023 08:45,3322,236,845,ambient,1,1,2023,2.504163,hs
24/08/2023 09:00,3323,236,900,ambient,1,1,2023,3.859575,hs
24/08/2023 09:15,3324,236,915,ambient,1,1,2023,4.319788,hs
24/08/2023 09:30,3325,236,930,ambient,1,1,2023,6.476304,hs
24/08/2023 09:45,3326,236,945,ambient,1,1,2023,9.340722,hs
24/08/2023 10:00,3327,236,1000,ambient,1,1,2023,12.89946,hs
24/08/2023 10:15,3328,236,1015,ambient,1,1,2023,15.10759,hs
24/08/2023 10:30,3329,236,1030,ambient,1,1,2023,18.0729,hs
24/08/2023 10:45,3330,236,1045,ambient,1,1,2023,19.62747,hs
24/08/2023 11:00,3331,236,1100,ambient,1,1,2023,21.97294,hs
24/08/2023 11:15,3332,236,1115,ambient,1,1,2023,23.17538,hs
24/08/2023 11:30,3333,236,1130,ambient,1,1,2023,23.24855,hs
24/08/2023 11:45,3334,236,1145,ambient,1,1,2023,23.24765,hs
24/08/2023 12:00,3335,236,1200,ambient,1,1,2023,23.60056,hs
24/08/2023 12:15,3336,236,1215,ambient,1,1,2023,23.98149,hs
24/08/2023 12:30,3337,236,1230,ambient,1,1,2023,24.30231,hs
24/08/2023 12:45,3338,236,1245,ambient,1,1,2023,25.92352,hs
24/08/2023 13:00,3339,236,1300,ambient,1,1,2023,27.03095,hs
24/08/2023 13:15,3340,236,1315,ambient,1,1,2023,27.7768,hs
24/08/2023 13:30,3341,236,1330,ambient,1,1,2023,27.38147,hs
24/08/2023 13:45,3342,236,1345,ambient,1,1,2023,26.78349,hs
24/08/2023 14:00,3343,236,1400,ambient,1,1,2023,26.82557,hs
24/08/2023 14:15,3344,236,1415,ambient,1,1,2023,27.08193,hs
24/08/2023 14:30,3345,236,1430,ambient,1,1,2023,27.89532,hs
24/08/2023 14:45,3346,236,1445,ambient,1,1,2023,27.2199,hs
24/08/2023 15:00,3347,236,1500,ambient,1,1,2023,26.31113,hs
24/08/2023 15:15,3348,236,1515,ambient,1,1,2023,25.29195,hs
24/08/2023 15:30,3349,236,1530,ambient,1,1,2023,25.72472,hs
24/08/2023 15:45,3350,236,1545,ambient,1,1,2023,26.0657,hs
24/08/2023 16:00,3351,236,1600,ambient,1,1,2023,25.66651,hs
24/08/2023 16:15,3352,236,1615,ambient,1,1,2023,25.15588,hs
24/08/2023 16:30,3353,236,1630,ambient,1,1,2023,23.84748,hs
24/08/2023 16:45,3354,236,1645,ambient,1,1,2023,22.1132,hs
24/08/2023 17:00,3355,236,1700,ambient,1,1,2023,20.96018,hs
24/08/2023 17:15,3356,236,1715,ambient,1,1,2023,20.49502,hs
24/08/2023 17:30,3357,236,1730,ambient,1,1,2023,18.30732,hs
24/08/2023 17:45,3358,236,1745,ambient,1,1,2023,16.62041,hs
24/08/2023 18:00,3359,236,1800,ambient,1,1,2023,14.02377,hs
24/08/2023 18:15,3360,236,1815,ambient,1,1,2023,11.81297,hs
24/08/2023 18:30,3361,236,1830,ambient,1,1,2023,9.566152,hs
24/08/2023 18:45,3362,236,1845,ambient,1,1,2023,7.32328,hs
24/08/2023 19:00,3363,236,1900,ambient,1,1,2023,5.065447,hs
24/08/2023 19:15,3364,236,1915,ambient,1,1,2023,3.608746,hs
24/08/2023 19:30,3365,236,1930,ambient,1,1,2023,2.49227,hs
24/08/2023 19:45,3366,236,1945,ambient,1,1,2023,1.927801,hs
24/08/2023 20:00,3367,236,2000,ambient,1,1,2023,1.676426,hs
24/08/2023 20:15,3368,236,2015,ambient,1,1,2023,1.341382,hs
24/08/2023 20:30,3369,236,2030,ambient,1,1,2023,1.193286,hs
24/08/2023 20:45,3370,236,2045,ambient,1,1,2023,1.291323,hs
24/08/2023 21:00,3371,236,2100,ambient,1,1,2023,1.436466,hs
24/08/2023 21:15,3372,236,2115,ambient,1,1,2023,1.266142,hs
24/08/2023 21:30,3373,236,2130,ambient,1,1,2023,1.276889,hs
24/08/2023 21:45,3374,236,2145,ambient,1,1,2023,1.417499,hs
24/08/2023 22:00,3375,236,2200,ambient,1,1,2023,1.467471,hs
24/08/2023 22:15,3376,236,2215,ambient,1,1,2023,1.477481,hs
24/08/2023 22:30,3377,236,2230,ambient,1,1,2023,1.415372,hs
24/08/2023 22:45,3378,236,2245,ambient,1,1,2023,1.210719,hs
24/08/2023 23:00,3379,236,2300,ambient,1,1,2023,1.081979,hs
24/08/2023 23:15,3380,236,2315,ambient,1,1,2023,1.029569,hs
24/08/2023 23:30,3381,236,2330,ambient,1,1,2023,0.9944929,hs
24/08/2023 23:45,3382,236,2345,ambient,1,1,2023,0.8767704,hs
25/08/2023 00:00,3383,237,0,ambient,1,1,2023,0.9086099,hs
25/08/2023 00:15,3384,237,15,ambient,1,1,2023,0.872004,hs
25/08/2023 00:30,3385,237,30,ambient,1,1,2023,0.7902619,hs
25/08/2023 00:45,3386,237,45,ambient,1,1,2023,0.7292523,hs
25/08/2023 01:00,3387,237,100,ambient,1,1,2023,0.77111,hs
25/08/2023 01:15,3388,237,115,ambient,1,1,2023,0.8175892,hs
25/08/2023 01:30,3389,237,130,ambient,1,1,2023,0.9003059,hs
25/08/2023 01:45,3390,237,145,ambient,1,1,2023,0.8903988,hs
25/08/2023 02:00,3391,237,200,ambient,1,1,2023,0.8241901,hs
25/08/2023 02:15,3392,237,215,ambient,1,1,2023,0.7736337,hs
25/08/2023 02:30,3393,237,230,ambient,1,1,2023,0.7016071,hs
25/08/2023 02:45,3394,237,245,ambient,1,1,2023,0.6831781,hs
25/08/2023 03:00,3395,237,300,ambient,1,1,2023,0.6347586,hs
25/08/2023 03:15,3396,237,315,ambient,1,1,2023,0.6593831,hs
25/08/2023 03:30,3397,237,330,ambient,1,1,2023,0.6821528,hs
25/08/2023 03:45,3398,237,345,ambient,1,1,2023,0.7289343,hs
25/08/2023 04:00,3399,237,400,ambient,1,1,2023,0.7694502,hs
25/08/2023 04:15,3400,237,415,ambient,1,1,2023,0.7658085,hs
25/08/2023 04:30,3401,237,430,ambient,1,1,2023,0.7158715,hs
25/08/2023 04:45,3402,237,445,ambient,1,1,2023,0.7329413,hs
25/08/2023 05:00,3403,237,500,ambient,1,1,2023,0.04102069,hs
25/08/2023 05:15,3404,237,515,ambient,1,1,2023,0,hs
25/08/2023 05:30,3405,237,530,ambient,1,1,2023,0,hs
25/08/2023 05:45,3406,237,545,ambient,1,1,2023,0,hs
25/08/2023 06:00,3407,237,600,ambient,1,1,2023,0,hs
25/08/2023 06:15,3408,237,615,ambient,1,1,2023,0.0296786,hs
25/08/2023 06:30,3409,237,630,ambient,1,1,2023,0.09344187,hs
25/08/2023 06:45,3410,237,645,ambient,1,1,2023,0.2650081,hs
25/08/2023 07:00,3411,237,700,ambient,1,1,2023,0.4186609,hs
25/08/2023 07:15,3412,237,715,ambient,1,1,2023,0.4983249,hs
25/08/2023 07:30,3413,237,730,ambient,1,1,2023,0.9516055,hs
25/08/2023 07:45,3414,237,745,ambient,1,1,2023,1.548421,hs
25/08/2023 08:00,3415,237,800,ambient,1,1,2023,2.945168,hs
25/08/2023 08:15,3416,237,815,ambient,1,1,2023,4.889596,hs
25/08/2023 08:30,3417,237,830,ambient,1,1,2023,7.315257,hs
25/08/2023 08:45,3418,237,845,ambient,1,1,2023,9.962256,hs
25/08/2023 09:00,3419,237,900,ambient,1,1,2023,12.09235,hs
25/08/2023 09:15,3420,237,915,ambient,1,1,2023,11.98771,hs
25/08/2023 09:30,3421,237,930,ambient,1,1,2023,14.81608,hs
25/08/2023 09:45,3422,237,945,ambient,1,1,2023,14.36808,hs
25/08/2023 10:00,3423,237,1000,ambient,1,1,2023,15.83004,hs
25/08/2023 10:15,3424,237,1015,ambient,1,1,2023,17.81381,hs
25/08/2023 10:30,3425,237,1030,ambient,1,1,2023,18.73211,hs
25/08/2023 10:45,3426,237,1045,ambient,1,1,2023,19.78559,hs
25/08/2023 11:00,3427,237,1100,ambient,1,1,2023,20.83807,hs
25/08/2023 11:15,3428,237,1115,ambient,1,1,2023,20.41266,hs
25/08/2023 11:30,3429,237,1130,ambient,1,1,2023,20.88105,hs
25/08/2023 11:45,3430,237,1145,ambient,1,1,2023,16.6365,hs
25/08/2023 12:00,3431,237,1200,ambient,1,1,2023,19.8467,hs
25/08/2023 12:15,3432,237,1215,ambient,1,1,2023,20.62514,hs
25/08/2023 12:30,3433,237,1230,ambient,1,1,2023,20.45688,hs
25/08/2023 12:45,3434,237,1245,ambient,1,1,2023,24.84811,hs
25/08/2023 13:00,3435,237,1300,ambient,1,1,2023,25.84754,hs
25/08/2023 13:15,3436,237,1315,ambient,1,1,2023,26.96052,hs
25/08/2023 13:30,3437,237,1330,ambient,1,1,2023,27.38524,hs
25/08/2023 13:45,3438,237,1345,ambient,1,1,2023,25.72864,hs
25/08/2023 14:00,3439,237,1400,ambient,1,1,2023,26.1484,hs
25/08/2023 14:15,3440,237,1415,ambient,1,1,2023,25.08462,hs
25/08/2023 14:30,3441,237,1430,ambient,1,1,2023,24.23614,hs
25/08/2023 14:45,3442,237,1445,ambient,1,1,2023,24.4703,hs
25/08/2023 15:00,3443,237,1500,ambient,1,1,2023,27.06993,hs
25/08/2023 15:15,3444,237,1515,ambient,1,1,2023,22.80151,hs
25/08/2023 15:30,3445,237,1530,ambient,1,1,2023,21.9737,hs
25/08/2023 15:45,3446,237,1545,ambient,1,1,2023,21.213,hs
25/08/2023 16:00,3447,237,1600,ambient,1,1,2023,21.41263,hs
25/08/2023 16:15,3448,237,1615,ambient,1,1,2023,21.3618,hs
25/08/2023 16:30,3449,237,1630,ambient,1,1,2023,20.5897,hs
25/08/2023 16:45,3450,237,1645,ambient,1,1,2023,20.44232,hs
25/08/2023 17:00,3451,237,1700,ambient,1,1,2023,18.81416,hs
25/08/2023 17:15,3452,237,1715,ambient,1,1,2023,17.83696,hs
25/08/2023 17:30,3453,237,1730,ambient,1,1,2023,16.37285,hs
25/08/2023 17:45,3454,237,1745,ambient,1,1,2023,14.51701,hs
25/08/2023 18:00,3455,237,1800,ambient,1,1,2023,12.25225,hs
25/08/2023 18:15,3456,237,1815,ambient,1,1,2023,10.04972,hs
25/08/2023 18:30,3457,237,1830,ambient,1,1,2023,7.753913,hs
25/08/2023 18:45,3458,237,1845,ambient,1,1,2023,5.336812,hs
25/08/2023 19:00,3459,237,1900,ambient,1,1,2023,3.681205,hs
25/08/2023 19:15,3460,237,1915,ambient,1,1,2023,2.054038,hs
25/08/2023 19:30,3461,237,1930,ambient,1,1,2023,0.9978959,hs
25/08/2023 19:45,3462,237,1945,ambient,1,1,2023,0.5252441,hs
25/08/2023 20:00,3463,237,2000,ambient,1,1,2023,0.417368,hs
25/08/2023 20:15,3464,237,2015,ambient,1,1,2023,0.4067448,hs
25/08/2023 20:30,3465,237,2030,ambient,1,1,2023,0.4463902,hs
25/08/2023 20:45,3466,237,2045,ambient,1,1,2023,0.5380408,hs
25/08/2023 21:00,3467,237,2100,ambient,1,1,2023,0.4759433,hs
25/08/2023 21:15,3468,237,2115,ambient,1,1,2023,0.4095932,hs
25/08/2023 21:30,3469,237,2130,ambient,1,1,2023,0.4281186,hs
25/08/2023 21:45,3470,237,2145,ambient,1,1,2023,0.3035478,hs
25/08/2023 22:00,3471,237,2200,ambient,1,1,2023,0,hs
25/08/2023 22:15,3472,237,2215,ambient,1,1,2023,0,hs
25/08/2023 22:30,3473,237,2230,ambient,1,1,2023,0,hs
25/08/2023 22:45,3474,237,2245,ambient,1,1,2023,0,hs
25/08/2023 23:00,3475,237,2300,ambient,1,1,2023,0.5098033,hs
25/08/2023 23:15,3476,237,2315,ambient,1,1,2023,0,hs
25/08/2023 23:30,3477,237,2330,ambient,1,1,2023,0,hs
25/08/2023 23:45,3478,237,2345,ambient,1,1,2023,0,hs
26/08/2023 00:00,3479,238,0,ambient,1,1,2023,0,hs
26/08/2023 00:15,3480,238,15,ambient,1,1,2023,0,hs
26/08/2023 00:30,3481,238,30,ambient,1,1,2023,0,hs
26/08/2023 00:45,3482,238,45,ambient,1,1,2023,0,hs
26/08/2023 01:00,3483,238,100,ambient,1,1,2023,0,hs
26/08/2023 01:15,3484,238,115,ambient,1,1,2023,0,hs
26/08/2023 01:30,3485,238,130,ambient,1,1,2023,0,hs
26/08/2023 01:45,3486,238,145,ambient,1,1,2023,0,hs
26/08/2023 02:00,3487,238,200,ambient,1,1,2023,0.6648158,hs
26/08/2023 02:15,3488,238,215,ambient,1,1,2023,0.4114507,hs
26/08/2023 02:30,3489,238,230,ambient,1,1,2023,0.3966133,hs
26/08/2023 02:45,3490,238,245,ambient,1,1,2023,0,hs
26/08/2023 03:00,3491,238,300,ambient,1,1,2023,0,hs
26/08/2023 03:15,3492,238,315,ambient,1,1,2023,0,hs
26/08/2023 03:30,3493,238,330,ambient,1,1,2023,0,hs
26/08/2023 03:45,3494,238,345,ambient,1,1,2023,0,hs
26/08/2023 04:00,3495,238,400,ambient,1,1,2023,0,hs
26/08/2023 04:15,3496,238,415,ambient,1,1,2023,0,hs
26/08/2023 04:30,3497,238,430,ambient,1,1,2023,0,hs
26/08/2023 04:45,3498,238,445,ambient,1,1,2023,0,hs
26/08/2023 05:00,3499,238,500,ambient,1,1,2023,0,hs
26/08/2023 05:15,3500,238,515,ambient,1,1,2023,0,hs
26/08/2023 05:30,3501,238,530,ambient,1,1,2023,0,hs
26/08/2023 05:45,3502,238,545,ambient,1,1,2023,0,hs
26/08/2023 06:00,3503,238,600,ambient,1,1,2023,0,hs
26/08/2023 06:15,3504,238,615,ambient,1,1,2023,0,hs
26/08/2023 06:30,3505,238,630,ambient,1,1,2023,0,hs
26/08/2023 06:45,3506,238,645,ambient,1,1,2023,0,hs
26/08/2023 07:00,3507,238,700,ambient,1,1,2023,0,hs
26/08/2023 07:15,3508,238,715,ambient,1,1,2023,0,hs
26/08/2023 07:30,3509,238,730,ambient,1,1,2023,0,hs
26/08/2023 07:45,3510,238,745,ambient,1,1,2023,2.133846,hs
26/08/2023 08:00,3511,238,800,ambient,1,1,2023,1.570419,hs
26/08/2023 08:15,3512,238,815,ambient,1,1,2023,2.309401,hs
26/08/2023 08:30,3513,238,830,ambient,1,1,2023,3.361694,hs
26/08/2023 08:45,3514,238,845,ambient,1,1,2023,3.708302,hs
26/08/2023 09:00,3515,238,900,ambient,1,1,2023,5.273144,hs
26/08/2023 09:15,3516,238,915,ambient,1,1,2023,6.725534,hs
26/08/2023 09:30,3517,238,930,ambient,1,1,2023,10.24576,hs
26/08/2023 09:45,3518,238,945,ambient,1,1,2023,12.59335,hs
26/08/2023 10:00,3519,238,1000,ambient,1,1,2023,16.51213,hs
26/08/2023 10:15,3520,238,1015,ambient,1,1,2023,17.45293,hs
26/08/2023 10:30,3521,238,1030,ambient,1,1,2023,17.98166,hs
26/08/2023 10:45,3522,238,1045,ambient,1,1,2023,16.42651,hs
26/08/2023 11:00,3523,238,1100,ambient,1,1,2023,17.54651,hs
26/08/2023 11:15,3524,238,1115,ambient,1,1,2023,19.3718,hs
26/08/2023 11:30,3525,238,1130,ambient,1,1,2023,17.52747,hs
26/08/2023 11:45,3526,238,1145,ambient,1,1,2023,18.09593,hs
26/08/2023 12:00,3527,238,1200,ambient,1,1,2023,20.63255,hs
26/08/2023 12:15,3528,238,1215,ambient,1,1,2023,19.11311,hs
26/08/2023 12:30,3529,238,1230,ambient,1,1,2023,19.79313,hs
26/08/2023 12:45,3530,238,1245,ambient,1,1,2023,23.48497,hs
26/08/2023 13:00,3531,238,1300,ambient,1,1,2023,22.26468,hs
26/08/2023 13:15,3532,238,1315,ambient,1,1,2023,18.92151,hs
26/08/2023 13:30,3533,238,1330,ambient,1,1,2023,16.53682,hs
26/08/2023 13:45,3534,238,1345,ambient,1,1,2023,22.16206,hs
26/08/2023 14:00,3535,238,1400,ambient,1,1,2023,22.54093,hs
26/08/2023 14:15,3536,238,1415,ambient,1,1,2023,15.85681,hs
26/08/2023 14:30,3537,238,1430,ambient,1,1,2023,12.86217,hs
26/08/2023 14:45,3538,238,1445,ambient,1,1,2023,11.11111,hs
26/08/2023 15:00,3539,238,1500,ambient,1,1,2023,10.4613,hs
26/08/2023 15:15,3540,238,1515,ambient,1,1,2023,9.329328,hs
26/08/2023 15:30,3541,238,1530,ambient,1,1,2023,9.387428,hs
26/08/2023 15:45,3542,238,1545,ambient,1,1,2023,11.36849,hs
26/08/2023 16:00,3543,238,1600,ambient,1,1,2023,12.11125,hs
26/08/2023 16:15,3544,238,1615,ambient,1,1,2023,11.54873,hs
26/08/2023 16:30,3545,238,1630,ambient,1,1,2023,12.78181,hs
26/08/2023 16:45,3546,238,1645,ambient,1,1,2023,14.17114,hs
26/08/2023 17:00,3547,238,1700,ambient,1,1,2023,7.850799,hs
26/08/2023 17:15,3548,238,1715,ambient,1,1,2023,4.6924,hs
26/08/2023 17:30,3549,238,1730,ambient,1,1,2023,3.712217,hs
26/08/2023 17:45,3550,238,1745,ambient,1,1,2023,3.397463,hs
26/08/2023 18:00,3551,238,1800,ambient,1,1,2023,3.203264,hs
26/08/2023 18:15,3552,238,1815,ambient,1,1,2023,3.149767,hs
26/08/2023 18:30,3553,238,1830,ambient,1,1,2023,2.843329,hs
26/08/2023 18:45,3554,238,1845,ambient,1,1,2023,2.377487,hs
26/08/2023 19:00,3555,238,1900,ambient,1,1,2023,2.198036,hs
26/08/2023 19:15,3556,238,1915,ambient,1,1,2023,1.862649,hs
26/08/2023 19:30,3557,238,1930,ambient,1,1,2023,1.398225,hs
26/08/2023 19:45,3558,238,1945,ambient,1,1,2023,1.176321,hs
26/08/2023 20:00,3559,238,2000,ambient,1,1,2023,1.123174,hs
26/08/2023 20:15,3560,238,2015,ambient,1,1,2023,1.016224,hs
26/08/2023 20:30,3561,238,2030,ambient,1,1,2023,0.8476679,hs
26/08/2023 20:45,3562,238,2045,ambient,1,1,2023,0.6488316,hs
26/08/2023 21:00,3563,238,2100,ambient,1,1,2023,0.6506866,hs
26/08/2023 21:15,3564,238,2115,ambient,1,1,2023,0.5502505,hs
26/08/2023 21:30,3565,238,2130,ambient,1,1,2023,0.5271335,hs
26/08/2023 21:45,3566,238,2145,ambient,1,1,2023,0.5580863,hs
26/08/2023 22:00,3567,238,2200,ambient,1,1,2023,0.586448,hs
26/08/2023 22:15,3568,238,2215,ambient,1,1,2023,0.6699195,hs
26/08/2023 22:30,3569,238,2230,ambient,1,1,2023,0.6373677,hs
26/08/2023 22:45,3570,238,2245,ambient,1,1,2023,0.6242209,hs
26/08/2023 23:00,3571,238,2300,ambient,1,1,2023,0.5437939,hs
26/08/2023 23:15,3572,238,2315,ambient,1,1,2023,0.5114911,hs
26/08/2023 23:30,3573,238,2330,ambient,1,1,2023,0.6039936,hs
26/08/2023 23:45,3574,238,2345,ambient,1,1,2023,0.6484805,hs
27/08/2023 00:00,3575,239,0,ambient,1,1,2023,0.5712751,hs
27/08/2023 00:15,3576,239,15,ambient,1,1,2023,0.7226418,hs
27/08/2023 00:30,3577,239,30,ambient,1,1,2023,0.6504645,hs
27/08/2023 00:45,3578,239,45,ambient,1,1,2023,0.4677125,hs
27/08/2023 01:00,3579,239,100,ambient,1,1,2023,0.3859625,hs
27/08/2023 01:15,3580,239,115,ambient,1,1,2023,0.286442,hs
27/08/2023 01:30,3581,239,130,ambient,1,1,2023,0.1966407,hs
27/08/2023 01:45,3582,239,145,ambient,1,1,2023,0.2118517,hs
27/08/2023 02:00,3583,239,200,ambient,1,1,2023,0.2734334,hs
27/08/2023 02:15,3584,239,215,ambient,1,1,2023,0.3839393,hs
27/08/2023 02:30,3585,239,230,ambient,1,1,2023,0.25917,hs
27/08/2023 02:45,3586,239,245,ambient,1,1,2023,0.2491606,hs
27/08/2023 03:00,3587,239,300,ambient,1,1,2023,0.2926167,hs
27/08/2023 03:15,3588,239,315,ambient,1,1,2023,0.3400943,hs
27/08/2023 03:30,3589,239,330,ambient,1,1,2023,0.2891734,hs
27/08/2023 03:45,3590,239,345,ambient,1,1,2023,0.1462947,hs
27/08/2023 04:00,3591,239,400,ambient,1,1,2023,0.1540824,hs
27/08/2023 04:15,3592,239,415,ambient,1,1,2023,0.2852083,hs
27/08/2023 04:30,3593,239,430,ambient,1,1,2023,0.4789742,hs
27/08/2023 04:45,3594,239,445,ambient,1,1,2023,0.5384203,hs
27/08/2023 05:00,3595,239,500,ambient,1,1,2023,0.3178385,hs
27/08/2023 05:15,3596,239,515,ambient,1,1,2023,0.2065989,hs
27/08/2023 05:30,3597,239,530,ambient,1,1,2023,0.1345573,hs
27/08/2023 05:45,3598,239,545,ambient,1,1,2023,0.2412537,hs
27/08/2023 06:00,3599,239,600,ambient,1,1,2023,0.4631715,hs
27/08/2023 06:15,3600,239,615,ambient,1,1,2023,0.3497351,hs
27/08/2023 06:30,3601,239,630,ambient,1,1,2023,0.3132901,hs
27/08/2023 06:45,3602,239,645,ambient,1,1,2023,0.4668961,hs
27/08/2023 07:00,3603,239,700,ambient,1,1,2023,0.8411993,hs
27/08/2023 07:15,3604,239,715,ambient,1,1,2023,1.407831,hs
27/08/2023 07:30,3605,239,730,ambient,1,1,2023,2.154945,hs
27/08/2023 07:45,3606,239,745,ambient,1,1,2023,2.905033,hs
27/08/2023 08:00,3607,239,800,ambient,1,1,2023,3.328589,hs
27/08/2023 08:15,3608,239,815,ambient,1,1,2023,3.154907,hs
27/08/2023 08:30,3609,239,830,ambient,1,1,2023,3.76142,hs
27/08/2023 08:45,3610,239,845,ambient,1,1,2023,3.907466,hs
27/08/2023 09:00,3611,239,900,ambient,1,1,2023,4.71878,hs
27/08/2023 09:15,3612,239,915,ambient,1,1,2023,5.749201,hs
27/08/2023 09:30,3613,239,930,ambient,1,1,2023,5.24725,hs
27/08/2023 09:45,3614,239,945,ambient,1,1,2023,5.826356,hs
27/08/2023 10:00,3615,239,1000,ambient,1,1,2023,6.407568,hs
27/08/2023 10:15,3616,239,1015,ambient,1,1,2023,7.499327,hs
27/08/2023 10:30,3617,239,1030,ambient,1,1,2023,6.346015,hs
27/08/2023 10:45,3618,239,1045,ambient,1,1,2023,6.880708,hs
27/08/2023 11:00,3619,239,1100,ambient,1,1,2023,9.297043,hs
27/08/2023 11:15,3620,239,1115,ambient,1,1,2023,9.648614,hs
27/08/2023 11:30,3621,239,1130,ambient,1,1,2023,13.14391,hs
27/08/2023 11:45,3622,239,1145,ambient,1,1,2023,11.86293,hs
27/08/2023 12:00,3623,239,1200,ambient,1,1,2023,13.06553,hs
27/08/2023 12:15,3624,239,1215,ambient,1,1,2023,17.53496,hs
27/08/2023 12:30,3625,239,1230,ambient,1,1,2023,12.7754,hs
27/08/2023 12:45,3626,239,1245,ambient,1,1,2023,13.40709,hs
27/08/2023 13:00,3627,239,1300,ambient,1,1,2023,23.89072,hs
27/08/2023 13:15,3628,239,1315,ambient,1,1,2023,18.28342,hs
27/08/2023 13:30,3629,239,1330,ambient,1,1,2023,18.37949,hs
27/08/2023 13:45,3630,239,1345,ambient,1,1,2023,23.79839,hs
27/08/2023 14:00,3631,239,1400,ambient,1,1,2023,21.87824,hs
27/08/2023 14:15,3632,239,1415,ambient,1,1,2023,20.58827,hs
27/08/2023 14:30,3633,239,1430,ambient,1,1,2023,16.82914,hs
27/08/2023 14:45,3634,239,1445,ambient,1,1,2023,20.16923,hs
27/08/2023 15:00,3635,239,1500,ambient,1,1,2023,22.58581,hs
27/08/2023 15:15,3636,239,1515,ambient,1,1,2023,18.99029,hs
27/08/2023 15:30,3637,239,1530,ambient,1,1,2023,23.04428,hs
27/08/2023 15:45,3638,239,1545,ambient,1,1,2023,18.64609,hs
27/08/2023 16:00,3639,239,1600,ambient,1,1,2023,18.65786,hs
27/08/2023 16:15,3640,239,1615,ambient,1,1,2023,18.3258,hs
27/08/2023 16:30,3641,239,1630,ambient,1,1,2023,18.17975,hs
27/08/2023 16:45,3642,239,1645,ambient,1,1,2023,13.12939,hs
27/08/2023 17:00,3643,239,1700,ambient,1,1,2023,10.51531,hs
27/08/2023 17:15,3644,239,1715,ambient,1,1,2023,8.461822,hs
27/08/2023 17:30,3645,239,1730,ambient,1,1,2023,8.318511,hs
27/08/2023 17:45,3646,239,1745,ambient,1,1,2023,10.08665,hs
27/08/2023 18:00,3647,239,1800,ambient,1,1,2023,10.05651,hs
27/08/2023 18:15,3648,239,1815,ambient,1,1,2023,8.195658,hs
27/08/2023 18:30,3649,239,1830,ambient,1,1,2023,6.686555,hs
27/08/2023 18:45,3650,239,1845,ambient,1,1,2023,3.88541,hs
27/08/2023 19:00,3651,239,1900,ambient,1,1,2023,2.827703,hs
27/08/2023 19:15,3652,239,1915,ambient,1,1,2023,1.727472,hs
27/08/2023 19:30,3653,239,1930,ambient,1,1,2023,0.7556431,hs
27/08/2023 19:45,3654,239,1945,ambient,1,1,2023,0.05228844,hs
27/08/2023 20:00,3655,239,2000,ambient,1,1,2023,0,hs
27/08/2023 20:15,3656,239,2015,ambient,1,1,2023,0,hs
27/08/2023 20:30,3657,239,2030,ambient,1,1,2023,0,hs
27/08/2023 20:45,3658,239,2045,ambient,1,1,2023,0,hs
27/08/2023 21:00,3659,239,2100,ambient,1,1,2023,0,hs
27/08/2023 21:15,3660,239,2115,ambient,1,1,2023,0,hs
27/08/2023 21:30,3661,239,2130,ambient,1,1,2023,0,hs
27/08/2023 21:45,3662,239,2145,ambient,1,1,2023,0,hs
27/08/2023 22:00,3663,239,2200,ambient,1,1,2023,0,hs
27/08/2023 22:15,3664,239,2215,ambient,1,1,2023,0,hs
27/08/2023 22:30,3665,239,2230,ambient,1,1,2023,0,hs
27/08/2023 22:45,3666,239,2245,ambient,1,1,2023,0,hs
27/08/2023 23:00,3667,239,2300,ambient,1,1,2023,0,hs
27/08/2023 23:15,3668,239,2315,ambient,1,1,2023,0,hs
27/08/2023 23:30,3669,239,2330,ambient,1,1,2023,0,hs
27/08/2023 23:45,3670,239,2345,ambient,1,1,2023,0,hs
28/08/2023 00:00,3671,240,0,ambient,1,1,2023,0,hs
28/08/2023 00:15,3672,240,15,ambient,1,1,2023,0,hs
28/08/2023 00:30,3673,240,30,ambient,1,1,2023,0,hs
28/08/2023 00:45,3674,240,45,ambient,1,1,2023,0,hs
28/08/2023 01:00,3675,240,100,ambient,1,1,2023,0,hs
28/08/2023 01:15,3676,240,115,ambient,1,1,2023,0,hs
28/08/2023 01:30,3677,240,130,ambient,1,1,2023,0,hs
28/08/2023 01:45,3678,240,145,ambient,1,1,2023,0,hs
28/08/2023 02:00,3679,240,200,ambient,1,1,2023,0,hs
28/08/2023 02:15,3680,240,215,ambient,1,1,2023,0,hs
28/08/2023 02:30,3681,240,230,ambient,1,1,2023,0,hs
28/08/2023 02:45,3682,240,245,ambient,1,1,2023,0,hs
28/08/2023 03:00,3683,240,300,ambient,1,1,2023,0,hs
28/08/2023 03:15,3684,240,315,ambient,1,1,2023,0,hs
28/08/2023 03:30,3685,240,330,ambient,1,1,2023,0,hs
28/08/2023 03:45,3686,240,345,ambient,1,1,2023,0,hs
28/08/2023 04:00,3687,240,400,ambient,1,1,2023,0,hs
28/08/2023 04:15,3688,240,415,ambient,1,1,2023,0,hs
28/08/2023 04:30,3689,240,430,ambient,1,1,2023,0,hs
28/08/2023 04:45,3690,240,445,ambient,1,1,2023,0,hs
28/08/2023 05:00,3691,240,500,ambient,1,1,2023,0,hs
28/08/2023 05:15,3692,240,515,ambient,1,1,2023,0,hs
28/08/2023 05:30,3693,240,530,ambient,1,1,2023,0,hs
28/08/2023 05:45,3694,240,545,ambient,1,1,2023,0,hs
28/08/2023 06:00,3695,240,600,ambient,1,1,2023,0,hs
28/08/2023 06:15,3696,240,615,ambient,1,1,2023,0,hs
28/08/2023 06:30,3697,240,630,ambient,1,1,2023,0,hs
28/08/2023 06:45,3698,240,645,ambient,1,1,2023,0,hs
28/08/2023 07:00,3699,240,700,ambient,1,1,2023,0,hs
28/08/2023 07:15,3700,240,715,ambient,1,1,2023,0,hs
28/08/2023 07:30,3701,240,730,ambient,1,1,2023,0,hs
28/08/2023 07:45,3702,240,745,ambient,1,1,2023,0,hs
28/08/2023 08:00,3703,240,800,ambient,1,1,2023,0,hs
28/08/2023 08:15,3704,240,815,ambient,1,1,2023,3.207903,hs
28/08/2023 08:30,3705,240,830,ambient,1,1,2023,2.671228,hs
28/08/2023 08:45,3706,240,845,ambient,1,1,2023,2.322692,hs
28/08/2023 09:00,3707,240,900,ambient,1,1,2023,2.761601,hs
28/08/2023 09:15,3708,240,915,ambient,1,1,2023,4.23074,hs
28/08/2023 09:30,3709,240,930,ambient,1,1,2023,6.505557,hs
28/08/2023 09:45,3710,240,945,ambient,1,1,2023,8.986143,hs
28/08/2023 10:00,3711,240,1000,ambient,1,1,2023,11.113,hs
28/08/2023 10:15,3712,240,1015,ambient,1,1,2023,13.62544,hs
28/08/2023 10:30,3713,240,1030,ambient,1,1,2023,16.22645,hs
28/08/2023 10:45,3714,240,1045,ambient,1,1,2023,17.29029,hs
28/08/2023 11:00,3715,240,1100,ambient,1,1,2023,17.41831,hs
28/08/2023 11:15,3716,240,1115,ambient,1,1,2023,16.89617,hs
28/08/2023 11:30,3717,240,1130,ambient,1,1,2023,17.42075,hs
28/08/2023 11:45,3718,240,1145,ambient,1,1,2023,17.57991,hs
28/08/2023 12:00,3719,240,1200,ambient,1,1,2023,17.95747,hs
28/08/2023 12:15,3720,240,1215,ambient,1,1,2023,17.78289,hs
28/08/2023 12:30,3721,240,1230,ambient,1,1,2023,17.73124,hs
28/08/2023 12:45,3722,240,1245,ambient,1,1,2023,17.97977,hs
28/08/2023 13:00,3723,240,1300,ambient,1,1,2023,18.27372,hs
28/08/2023 13:15,3724,240,1315,ambient,1,1,2023,18.57663,hs
28/08/2023 13:30,3725,240,1330,ambient,1,1,2023,19.38122,hs
28/08/2023 13:45,3726,240,1345,ambient,1,1,2023,18.87188,hs
28/08/2023 14:00,3727,240,1400,ambient,1,1,2023,18.47096,hs
28/08/2023 14:15,3728,240,1415,ambient,1,1,2023,18.85009,hs
28/08/2023 14:30,3729,240,1430,ambient,1,1,2023,18.94605,hs
28/08/2023 14:45,3730,240,1445,ambient,1,1,2023,19.01271,hs
28/08/2023 15:00,3731,240,1500,ambient,1,1,2023,17.76293,hs
28/08/2023 15:15,3732,240,1515,ambient,1,1,2023,16.97536,hs
28/08/2023 15:30,3733,240,1530,ambient,1,1,2023,17.58955,hs
28/08/2023 15:45,3734,240,1545,ambient,1,1,2023,18.01125,hs
28/08/2023 16:00,3735,240,1600,ambient,1,1,2023,15.81575,hs
28/08/2023 16:15,3736,240,1615,ambient,1,1,2023,14.32023,hs
28/08/2023 16:30,3737,240,1630,ambient,1,1,2023,14.25303,hs
28/08/2023 16:45,3738,240,1645,ambient,1,1,2023,14.77157,hs
28/08/2023 17:00,3739,240,1700,ambient,1,1,2023,11.55014,hs
28/08/2023 17:15,3740,240,1715,ambient,1,1,2023,12.03133,hs
28/08/2023 17:30,3741,240,1730,ambient,1,1,2023,10.18939,hs
28/08/2023 17:45,3742,240,1745,ambient,1,1,2023,8.720431,hs
28/08/2023 18:00,3743,240,1800,ambient,1,1,2023,5.304823,hs
28/08/2023 18:15,3744,240,1815,ambient,1,1,2023,5.291128,hs
28/08/2023 18:30,3745,240,1830,ambient,1,1,2023,4.805026,hs
28/08/2023 18:45,3746,240,1845,ambient,1,1,2023,3.710362,hs
28/08/2023 19:00,3747,240,1900,ambient,1,1,2023,1.843125,hs
28/08/2023 19:15,3748,240,1915,ambient,1,1,2023,0.0724346,hs
28/08/2023 19:30,3749,240,1930,ambient,1,1,2023,0,hs
28/08/2023 19:45,3750,240,1945,ambient,1,1,2023,0,hs
28/08/2023 20:00,3751,240,2000,ambient,1,1,2023,0,hs
28/08/2023 20:15,3752,240,2015,ambient,1,1,2023,0,hs
28/08/2023 20:30,3753,240,2030,ambient,1,1,2023,0,hs
28/08/2023 20:45,3754,240,2045,ambient,1,1,2023,0,hs
28/08/2023 21:00,3755,240,2100,ambient,1,1,2023,0,hs
28/08/2023 21:15,3756,240,2115,ambient,1,1,2023,0,hs
28/08/2023 21:30,3757,240,2130,ambient,1,1,2023,0,hs
28/08/2023 21:45,3758,240,2145,ambient,1,1,2023,0,hs
28/08/2023 22:00,3759,240,2200,ambient,1,1,2023,0,hs
28/08/2023 22:15,3760,240,2215,ambient,1,1,2023,0,hs
28/08/2023 22:30,3761,240,2230,ambient,1,1,2023,0,hs
28/08/2023 22:45,3762,240,2245,ambient,1,1,2023,0,hs
28/08/2023 23:00,3763,240,2300,ambient,1,1,2023,0,hs
28/08/2023 23:15,3764,240,2315,ambient,1,1,2023,0,hs
28/08/2023 23:30,3765,240,2330,ambient,1,1,2023,0,hs
28/08/2023 23:45,3766,240,2345,ambient,1,1,2023,0,hs
29/08/2023 00:00,3767,241,0,ambient,1,1,2023,0,hs
29/08/2023 00:15,3768,241,15,ambient,1,1,2023,0,hs
29/08/2023 00:30,3769,241,30,ambient,1,1,2023,0,hs
29/08/2023 00:45,3770,241,45,ambient,1,1,2023,0,hs
29/08/2023 01:00,3771,241,100,ambient,1,1,2023,0,hs
29/08/2023 01:15,3772,241,115,ambient,1,1,2023,0,hs
29/08/2023 01:30,3773,241,130,ambient,1,1,2023,0,hs
29/08/2023 01:45,3774,241,145,ambient,1,1,2023,0,hs
29/08/2023 02:00,3775,241,200,ambient,1,1,2023,0,hs
29/08/2023 02:15,3776,241,215,ambient,1,1,2023,0,hs
29/08/2023 02:30,3777,241,230,ambient,1,1,2023,0,hs
29/08/2023 02:45,3778,241,245,ambient,1,1,2023,0,hs
29/08/2023 03:00,3779,241,300,ambient,1,1,2023,0,hs
29/08/2023 03:15,3780,241,315,ambient,1,1,2023,0,hs
29/08/2023 03:30,3781,241,330,ambient,1,1,2023,0,hs
29/08/2023 03:45,3782,241,345,ambient,1,1,2023,0,hs
29/08/2023 04:00,3783,241,400,ambient,1,1,2023,0,hs
29/08/2023 04:15,3784,241,415,ambient,1,1,2023,0,hs
29/08/2023 04:30,3785,241,430,ambient,1,1,2023,0,hs
29/08/2023 04:45,3786,241,445,ambient,1,1,2023,0,hs
29/08/2023 05:00,3787,241,500,ambient,1,1,2023,0,hs
29/08/2023 05:15,3788,241,515,ambient,1,1,2023,0,hs
29/08/2023 05:30,3789,241,530,ambient,1,1,2023,0,hs
29/08/2023 05:45,3790,241,545,ambient,1,1,2023,0,hs
29/08/2023 06:00,3791,241,600,ambient,1,1,2023,0,hs
29/08/2023 06:15,3792,241,615,ambient,1,1,2023,0,hs
29/08/2023 06:30,3793,241,630,ambient,1,1,2023,0,hs
29/08/2023 06:45,3794,241,645,ambient,1,1,2023,0,hs
29/08/2023 07:00,3795,241,700,ambient,1,1,2023,0,hs
29/08/2023 07:15,3796,241,715,ambient,1,1,2023,0,hs
29/08/2023 07:30,3797,241,730,ambient,1,1,2023,0,hs
29/08/2023 07:45,3798,241,745,ambient,1,1,2023,0,hs
29/08/2023 08:00,3799,241,800,ambient,1,1,2023,0,hs
29/08/2023 08:15,3800,241,815,ambient,1,1,2023,0,hs
29/08/2023 08:30,3801,241,830,ambient,1,1,2023,2.817679,hs
29/08/2023 08:45,3802,241,845,ambient,1,1,2023,2.553461,hs
29/08/2023 09:00,3803,241,900,ambient,1,1,2023,4.313748,hs
29/08/2023 09:15,3804,241,915,ambient,1,1,2023,6.949435,hs
29/08/2023 09:30,3805,241,930,ambient,1,1,2023,9.083826,hs
29/08/2023 09:45,3806,241,945,ambient,1,1,2023,10.68423,hs
29/08/2023 10:00,3807,241,1000,ambient,1,1,2023,12.68611,hs
29/08/2023 10:15,3808,241,1015,ambient,1,1,2023,15.18918,hs
29/08/2023 10:30,3809,241,1030,ambient,1,1,2023,17.35247,hs
29/08/2023 10:45,3810,241,1045,ambient,1,1,2023,17.50695,hs
29/08/2023 11:00,3811,241,1100,ambient,1,1,2023,18.04191,hs
29/08/2023 11:15,3812,241,1115,ambient,1,1,2023,17.59679,hs
29/08/2023 11:30,3813,241,1130,ambient,1,1,2023,18.11988,hs
29/08/2023 11:45,3814,241,1145,ambient,1,1,2023,17.75392,hs
29/08/2023 12:00,3815,241,1200,ambient,1,1,2023,18.06813,hs
29/08/2023 12:15,3816,241,1215,ambient,1,1,2023,17.72004,hs
29/08/2023 12:30,3817,241,1230,ambient,1,1,2023,17.75842,hs
29/08/2023 12:45,3818,241,1245,ambient,1,1,2023,17.82372,hs
29/08/2023 13:00,3819,241,1300,ambient,1,1,2023,17.57725,hs
29/08/2023 13:15,3820,241,1315,ambient,1,1,2023,17.3544,hs
29/08/2023 13:30,3821,241,1330,ambient,1,1,2023,17.65686,hs
29/08/2023 13:45,3822,241,1345,ambient,1,1,2023,17.18692,hs
29/08/2023 14:00,3823,241,1400,ambient,1,1,2023,17.04416,hs
29/08/2023 14:15,3824,241,1415,ambient,1,1,2023,17.26365,hs
29/08/2023 14:30,3825,241,1430,ambient,1,1,2023,17.38505,hs
29/08/2023 14:45,3826,241,1445,ambient,1,1,2023,17.81432,hs
29/08/2023 15:00,3827,241,1500,ambient,1,1,2023,16.98805,hs
29/08/2023 15:15,3828,241,1515,ambient,1,1,2023,17.32665,hs
29/08/2023 15:30,3829,241,1530,ambient,1,1,2023,17.29945,hs
29/08/2023 15:45,3830,241,1545,ambient,1,1,2023,17.08693,hs
29/08/2023 16:00,3831,241,1600,ambient,1,1,2023,16.42513,hs
29/08/2023 16:15,3832,241,1615,ambient,1,1,2023,16.07369,hs
29/08/2023 16:30,3833,241,1630,ambient,1,1,2023,15.02666,hs
29/08/2023 16:45,3834,241,1645,ambient,1,1,2023,14.30877,hs
29/08/2023 17:00,3835,241,1700,ambient,1,1,2023,12.9903,hs
29/08/2023 17:15,3836,241,1715,ambient,1,1,2023,9.542472,hs
29/08/2023 17:30,3837,241,1730,ambient,1,1,2023,7.988229,hs
29/08/2023 17:45,3838,241,1745,ambient,1,1,2023,3.923799,hs
29/08/2023 18:00,3839,241,1800,ambient,1,1,2023,0,hs
29/08/2023 18:15,3840,241,1815,ambient,1,1,2023,0,hs
29/08/2023 18:30,3841,241,1830,ambient,1,1,2023,0,hs
29/08/2023 18:45,3842,241,1845,ambient,1,1,2023,0.1548717,hs
29/08/2023 19:00,3843,241,1900,ambient,1,1,2023,0.5954357,hs
29/08/2023 19:15,3844,241,1915,ambient,1,1,2023,0.9306884,hs
29/08/2023 19:30,3845,241,1930,ambient,1,1,2023,1.042452,hs
29/08/2023 19:45,3846,241,1945,ambient,1,1,2023,0.6159696,hs
29/08/2023 20:00,3847,241,2000,ambient,1,1,2023,0.2653597,hs
29/08/2023 20:15,3848,241,2015,ambient,1,1,2023,0.5240654,hs
29/08/2023 20:30,3849,241,2030,ambient,1,1,2023,0,hs
29/08/2023 20:45,3850,241,2045,ambient,1,1,2023,0,hs
29/08/2023 21:00,3851,241,2100,ambient,1,1,2023,0,hs
29/08/2023 21:15,3852,241,2115,ambient,1,1,2023,0,hs
29/08/2023 21:30,3853,241,2130,ambient,1,1,2023,0,hs
29/08/2023 21:45,3854,241,2145,ambient,1,1,2023,0,hs
29/08/2023 22:00,3855,241,2200,ambient,1,1,2023,0,hs
29/08/2023 22:15,3856,241,2215,ambient,1,1,2023,0,hs
29/08/2023 22:30,3857,241,2230,ambient,1,1,2023,0,hs
29/08/2023 22:45,3858,241,2245,ambient,1,1,2023,0,hs
29/08/2023 23:00,3859,241,2300,ambient,1,1,2023,0,hs
29/08/2023 23:15,3860,241,2315,ambient,1,1,2023,0,hs
29/08/2023 23:30,3861,241,2330,ambient,1,1,2023,0,hs
29/08/2023 23:45,3862,241,2345,ambient,1,1,2023,0.07077553,hs
30/08/2023 00:00,3863,242,0,ambient,1,1,2023,0,hs
30/08/2023 00:15,3864,242,15,ambient,1,1,2023,0,hs
30/08/2023 00:30,3865,242,30,ambient,1,1,2023,0,hs
30/08/2023 00:45,3866,242,45,ambient,1,1,2023,0,hs
30/08/2023 01:00,3867,242,100,ambient,1,1,2023,0,hs
30/08/2023 01:15,3868,242,115,ambient,1,1,2023,0,hs
30/08/2023 01:30,3869,242,130,ambient,1,1,2023,0,hs
30/08/2023 01:45,3870,242,145,ambient,1,1,2023,0,hs
30/08/2023 02:00,3871,242,200,ambient,1,1,2023,0,hs
30/08/2023 02:15,3872,242,215,ambient,1,1,2023,0,hs
30/08/2023 02:30,3873,242,230,ambient,1,1,2023,0,hs
30/08/2023 02:45,3874,242,245,ambient,1,1,2023,0,hs
30/08/2023 03:00,3875,242,300,ambient,1,1,2023,0,hs
30/08/2023 03:15,3876,242,315,ambient,1,1,2023,0,hs
30/08/2023 03:30,3877,242,330,ambient,1,1,2023,0,hs
30/08/2023 03:45,3878,242,345,ambient,1,1,2023,0,hs
30/08/2023 04:00,3879,242,400,ambient,1,1,2023,0,hs
30/08/2023 04:15,3880,242,415,ambient,1,1,2023,0,hs
30/08/2023 04:30,3881,242,430,ambient,1,1,2023,0,hs
30/08/2023 04:45,3882,242,445,ambient,1,1,2023,0,hs
30/08/2023 05:00,3883,242,500,ambient,1,1,2023,0,hs
30/08/2023 05:15,3884,242,515,ambient,1,1,2023,0,hs
30/08/2023 05:30,3885,242,530,ambient,1,1,2023,0,hs
30/08/2023 05:45,3886,242,545,ambient,1,1,2023,0,hs
30/08/2023 06:00,3887,242,600,ambient,1,1,2023,0,hs
30/08/2023 06:15,3888,242,615,ambient,1,1,2023,0,hs
30/08/2023 06:30,3889,242,630,ambient,1,1,2023,0,hs
30/08/2023 06:45,3890,242,645,ambient,1,1,2023,0,hs
30/08/2023 07:00,3891,242,700,ambient,1,1,2023,0,hs
30/08/2023 07:15,3892,242,715,ambient,1,1,2023,0,hs
30/08/2023 07:30,3893,242,730,ambient,1,1,2023,0,hs
30/08/2023 07:45,3894,242,745,ambient,1,1,2023,2.602926,hs
30/08/2023 08:00,3895,242,800,ambient,1,1,2023,1.878375,hs
30/08/2023 08:15,3896,242,815,ambient,1,1,2023,1.900416,hs
30/08/2023 08:30,3897,242,830,ambient,1,1,2023,2.451345,hs
30/08/2023 08:45,3898,242,845,ambient,1,1,2023,3.509495,hs
30/08/2023 09:00,3899,242,900,ambient,1,1,2023,5.000853,hs
30/08/2023 09:15,3900,242,915,ambient,1,1,2023,6.864463,hs
30/08/2023 09:30,3901,242,930,ambient,1,1,2023,7.681,hs
30/08/2023 09:45,3902,242,945,ambient,1,1,2023,9.967649,hs
30/08/2023 10:00,3903,242,1000,ambient,1,1,2023,14.42507,hs
30/08/2023 10:15,3904,242,1015,ambient,1,1,2023,15.91674,hs
30/08/2023 10:30,3905,242,1030,ambient,1,1,2023,13.30426,hs
30/08/2023 10:45,3906,242,1045,ambient,1,1,2023,9.415116,hs
30/08/2023 11:00,3907,242,1100,ambient,1,1,2023,16.16494,hs
30/08/2023 11:15,3908,242,1115,ambient,1,1,2023,19.59499,hs
30/08/2023 11:30,3909,242,1130,ambient,1,1,2023,18.22089,hs
30/08/2023 11:45,3910,242,1145,ambient,1,1,2023,17.70679,hs
30/08/2023 12:00,3911,242,1200,ambient,1,1,2023,17.98586,hs
30/08/2023 12:15,3912,242,1215,ambient,1,1,2023,17.20014,hs
30/08/2023 12:30,3913,242,1230,ambient,1,1,2023,17.27273,hs
30/08/2023 12:45,3914,242,1245,ambient,1,1,2023,16.42605,hs
30/08/2023 13:00,3915,242,1300,ambient,1,1,2023,18.50601,hs
30/08/2023 13:15,3916,242,1315,ambient,1,1,2023,14.38375,hs
30/08/2023 13:30,3917,242,1330,ambient,1,1,2023,18.36935,hs
30/08/2023 13:45,3918,242,1345,ambient,1,1,2023,16.87328,hs
30/08/2023 14:00,3919,242,1400,ambient,1,1,2023,19.38509,hs
30/08/2023 14:15,3920,242,1415,ambient,1,1,2023,13.6914,hs
30/08/2023 14:30,3921,242,1430,ambient,1,1,2023,16.78742,hs
30/08/2023 14:45,3922,242,1445,ambient,1,1,2023,15.16473,hs
30/08/2023 15:00,3923,242,1500,ambient,1,1,2023,15.99997,hs
30/08/2023 15:15,3924,242,1515,ambient,1,1,2023,16.08839,hs
30/08/2023 15:30,3925,242,1530,ambient,1,1,2023,16.42523,hs
30/08/2023 15:45,3926,242,1545,ambient,1,1,2023,15.20635,hs
30/08/2023 16:00,3927,242,1600,ambient,1,1,2023,14.79499,hs
30/08/2023 16:15,3928,242,1615,ambient,1,1,2023,14.00506,hs
30/08/2023 16:30,3929,242,1630,ambient,1,1,2023,13.25198,hs
30/08/2023 16:45,3930,242,1645,ambient,1,1,2023,12.24189,hs
30/08/2023 17:00,3931,242,1700,ambient,1,1,2023,11.30745,hs
30/08/2023 17:15,3932,242,1715,ambient,1,1,2023,10.63338,hs
30/08/2023 17:30,3933,242,1730,ambient,1,1,2023,9.853065,hs
30/08/2023 17:45,3934,242,1745,ambient,1,1,2023,8.72892,hs
30/08/2023 18:00,3935,242,1800,ambient,1,1,2023,7.486592,hs
30/08/2023 18:15,3936,242,1815,ambient,1,1,2023,6.660474,hs
30/08/2023 18:30,3937,242,1830,ambient,1,1,2023,5.35205,hs
30/08/2023 18:45,3938,242,1845,ambient,1,1,2023,4.278504,hs
30/08/2023 19:00,3939,242,1900,ambient,1,1,2023,3.104988,hs
30/08/2023 19:15,3940,242,1915,ambient,1,1,2023,2.081493,hs
30/08/2023 19:30,3941,242,1930,ambient,1,1,2023,1.260486,hs
30/08/2023 19:45,3942,242,1945,ambient,1,1,2023,0.6654373,hs
30/08/2023 20:00,3943,242,2000,ambient,1,1,2023,0.2358259,hs
30/08/2023 20:15,3944,242,2015,ambient,1,1,2023,0.3691622,hs
30/08/2023 20:30,3945,242,2030,ambient,1,1,2023,0.4316078,hs
30/08/2023 20:45,3946,242,2045,ambient,1,1,2023,0.3374527,hs
30/08/2023 21:00,3947,242,2100,ambient,1,1,2023,0.332227,hs
30/08/2023 21:15,3948,242,2115,ambient,1,1,2023,0.1064718,hs
30/08/2023 21:30,3949,242,2130,ambient,1,1,2023,0,hs
30/08/2023 21:45,3950,242,2145,ambient,1,1,2023,0.08164991,hs
30/08/2023 22:00,3951,242,2200,ambient,1,1,2023,0.244647,hs
30/08/2023 22:15,3952,242,2215,ambient,1,1,2023,0.2505964,hs
30/08/2023 22:30,3953,242,2230,ambient,1,1,2023,0.1586237,hs
30/08/2023 22:45,3954,242,2245,ambient,1,1,2023,0.08631165,hs
30/08/2023 23:00,3955,242,2300,ambient,1,1,2023,0.008236123,hs
30/08/2023 23:15,3956,242,2315,ambient,1,1,2023,0,hs
30/08/2023 23:30,3957,242,2330,ambient,1,1,2023,0,hs
30/08/2023 23:45,3958,242,2345,ambient,1,1,2023,0,hs
31/08/2023 00:00,3959,243,0,ambient,1,1,2023,0.02466257,hs
31/08/2023 00:15,3960,243,15,ambient,1,1,2023,0.09831875,hs
31/08/2023 00:30,3961,243,30,ambient,1,1,2023,0.1050155,hs
31/08/2023 00:45,3962,243,45,ambient,1,1,2023,0,hs
31/08/2023 01:00,3963,243,100,ambient,1,1,2023,0,hs
31/08/2023 01:15,3964,243,115,ambient,1,1,2023,0,hs
31/08/2023 01:30,3965,243,130,ambient,1,1,2023,0,hs
31/08/2023 01:45,3966,243,145,ambient,1,1,2023,0,hs
31/08/2023 02:00,3967,243,200,ambient,1,1,2023,0,hs
31/08/2023 02:15,3968,243,215,ambient,1,1,2023,0,hs
31/08/2023 02:30,3969,243,230,ambient,1,1,2023,0,hs
31/08/2023 02:45,3970,243,245,ambient,1,1,2023,0,hs
31/08/2023 03:00,3971,243,300,ambient,1,1,2023,0,hs
31/08/2023 03:15,3972,243,315,ambient,1,1,2023,0,hs
31/08/2023 03:30,3973,243,330,ambient,1,1,2023,0,hs
31/08/2023 03:45,3974,243,345,ambient,1,1,2023,0,hs
31/08/2023 04:00,3975,243,400,ambient,1,1,2023,0,hs
31/08/2023 04:15,3976,243,415,ambient,1,1,2023,0,hs
31/08/2023 04:30,3977,243,430,ambient,1,1,2023,0,hs
31/08/2023 04:45,3978,243,445,ambient,1,1,2023,0,hs
31/08/2023 05:00,3979,243,500,ambient,1,1,2023,0,hs
31/08/2023 05:15,3980,243,515,ambient,1,1,2023,0,hs
31/08/2023 05:30,3981,243,530,ambient,1,1,2023,0,hs
31/08/2023 05:45,3982,243,545,ambient,1,1,2023,0,hs
31/08/2023 06:00,3983,243,600,ambient,1,1,2023,0,hs
31/08/2023 06:15,3984,243,615,ambient,1,1,2023,0,hs
31/08/2023 06:30,3985,243,630,ambient,1,1,2023,0,hs
31/08/2023 06:45,3986,243,645,ambient,1,1,2023,0,hs
31/08/2023 07:00,3987,243,700,ambient,1,1,2023,0,hs
31/08/2023 07:15,3988,243,715,ambient,1,1,2023,0,hs
31/08/2023 07:30,3989,243,730,ambient,1,1,2023,0,hs
31/08/2023 07:45,3990,243,745,ambient,1,1,2023,0,hs
31/08/2023 08:00,3991,243,800,ambient,1,1,2023,0,hs
31/08/2023 08:15,3992,243,815,ambient,1,1,2023,3.104522,hs
31/08/2023 08:30,3993,243,830,ambient,1,1,2023,2.723643,hs
31/08/2023 08:45,3994,243,845,ambient,1,1,2023,2.685448,hs
31/08/2023 09:00,3995,243,900,ambient,1,1,2023,3.453348,hs
31/08/2023 09:15,3996,243,915,ambient,1,1,2023,4.989711,hs
31/08/2023 09:30,3997,243,930,ambient,1,1,2023,6.734797,hs
31/08/2023 09:45,3998,243,945,ambient,1,1,2023,8.569947,hs
31/08/2023 10:00,3999,243,1000,ambient,1,1,2023,9.690533,hs
31/08/2023 10:15,4000,243,1015,ambient,1,1,2023,11.23317,hs
31/08/2023 10:30,4001,243,1030,ambient,1,1,2023,12.42218,hs
31/08/2023 10:45,4002,243,1045,ambient,1,1,2023,12.41103,hs
31/08/2023 11:00,4003,243,1100,ambient,1,1,2023,13.02443,hs
31/08/2023 11:15,4004,243,1115,ambient,1,1,2023,14.20982,hs
31/08/2023 11:30,4005,243,1130,ambient,1,1,2023,14.65866,hs
31/08/2023 11:45,4006,243,1145,ambient,1,1,2023,14.60444,hs
31/08/2023 12:00,4007,243,1200,ambient,1,1,2023,15.14568,hs
31/08/2023 12:15,4008,243,1215,ambient,1,1,2023,15.48618,hs
31/08/2023 12:30,4009,243,1230,ambient,1,1,2023,15.78956,hs
31/08/2023 12:45,4010,243,1245,ambient,1,1,2023,15.55509,hs
31/08/2023 13:00,4011,243,1300,ambient,1,1,2023,15.34599,hs
31/08/2023 13:15,4012,243,1315,ambient,1,1,2023,15.03403,hs
31/08/2023 13:30,4013,243,1330,ambient,1,1,2023,15.27298,hs
31/08/2023 13:45,4014,243,1345,ambient,1,1,2023,15.35031,hs
31/08/2023 14:00,4015,243,1400,ambient,1,1,2023,15.54282,hs
31/08/2023 14:15,4016,243,1415,ambient,1,1,2023,15.59132,hs
31/08/2023 14:30,4017,243,1430,ambient,1,1,2023,15.69561,hs
31/08/2023 14:45,4018,243,1445,ambient,1,1,2023,15.53372,hs
31/08/2023 15:00,4019,243,1500,ambient,1,1,2023,15.56439,hs
31/08/2023 15:15,4020,243,1515,ambient,1,1,2023,14.55771,hs
31/08/2023 15:30,4021,243,1530,ambient,1,1,2023,14.14164,hs
31/08/2023 15:45,4022,243,1545,ambient,1,1,2023,14.29171,hs
31/08/2023 16:00,4023,243,1600,ambient,1,1,2023,14.36331,hs
31/08/2023 16:15,4024,243,1615,ambient,1,1,2023,13.52258,hs
31/08/2023 16:30,4025,243,1630,ambient,1,1,2023,13.02897,hs
31/08/2023 16:45,4026,243,1645,ambient,1,1,2023,12.11287,hs
31/08/2023 17:00,4027,243,1700,ambient,1,1,2023,11.22357,hs
31/08/2023 17:15,4028,243,1715,ambient,1,1,2023,11.06397,hs
31/08/2023 17:30,4029,243,1730,ambient,1,1,2023,10.14299,hs
31/08/2023 17:45,4030,243,1745,ambient,1,1,2023,9.325539,hs
31/08/2023 18:00,4031,243,1800,ambient,1,1,2023,8.427172,hs
31/08/2023 18:15,4032,243,1815,ambient,1,1,2023,7.474377,hs
31/08/2023 18:30,4033,243,1830,ambient,1,1,2023,5.765702,hs
31/08/2023 18:45,4034,243,1845,ambient,1,1,2023,4.095469,hs
31/08/2023 19:00,4035,243,1900,ambient,1,1,2023,2.538631,hs
31/08/2023 19:15,4036,243,1915,ambient,1,1,2023,1.175001,hs
31/08/2023 19:30,4037,243,1930,ambient,1,1,2023,0,hs
31/08/2023 19:45,4038,243,1945,ambient,1,1,2023,0,hs
31/08/2023 20:00,4039,243,2000,ambient,1,1,2023,0,hs
31/08/2023 20:15,4040,243,2015,ambient,1,1,2023,0,hs
31/08/2023 20:30,4041,243,2030,ambient,1,1,2023,0,hs
31/08/2023 20:45,4042,243,2045,ambient,1,1,2023,0,hs
31/08/2023 21:00,4043,243,2100,ambient,1,1,2023,0,hs
31/08/2023 21:15,4044,243,2115,ambient,1,1,2023,0,hs
31/08/2023 21:30,4045,243,2130,ambient,1,1,2023,0,hs
31/08/2023 21:45,4046,243,2145,ambient,1,1,2023,0,hs
31/08/2023 22:00,4047,243,2200,ambient,1,1,2023,0,hs
31/08/2023 22:15,4048,243,2215,ambient,1,1,2023,0,hs
31/08/2023 22:30,4049,243,2230,ambient,1,1,2023,0,hs
31/08/2023 22:45,4050,243,2245,ambient,1,1,2023,0,hs
31/08/2023 23:00,4051,243,2300,ambient,1,1,2023,0,hs
31/08/2023 23:15,4052,243,2315,ambient,1,1,2023,0,hs
31/08/2023 23:30,4053,243,2330,ambient,1,1,2023,0,hs
31/08/2023 23:45,4054,243,2345,ambient,1,1,2023,0,hs
01/09/2023 00:00,4055,244,0,ambient,1,1,2023,0,hs
01/09/2023 00:15,4056,244,15,ambient,1,1,2023,0,hs
01/09/2023 00:30,4057,244,30,ambient,1,1,2023,0,hs
01/09/2023 00:45,4058,244,45,ambient,1,1,2023,0,hs
01/09/2023 01:00,4059,244,100,ambient,1,1,2023,0,hs
01/09/2023 01:15,4060,244,115,ambient,1,1,2023,0,hs
01/09/2023 01:30,4061,244,130,ambient,1,1,2023,0,hs
01/09/2023 01:45,4062,244,145,ambient,1,1,2023,0,hs
01/09/2023 02:00,4063,244,200,ambient,1,1,2023,0,hs
01/09/2023 02:15,4064,244,215,ambient,1,1,2023,0,hs
01/09/2023 02:30,4065,244,230,ambient,1,1,2023,0,hs
01/09/2023 02:45,4066,244,245,ambient,1,1,2023,0,hs
01/09/2023 03:00,4067,244,300,ambient,1,1,2023,0,hs
01/09/2023 03:15,4068,244,315,ambient,1,1,2023,0,hs
01/09/2023 03:30,4069,244,330,ambient,1,1,2023,0,hs
01/09/2023 03:45,4070,244,345,ambient,1,1,2023,0,hs
01/09/2023 04:00,4071,244,400,ambient,1,1,2023,0,hs
01/09/2023 04:15,4072,244,415,ambient,1,1,2023,0,hs
01/09/2023 04:30,4073,244,430,ambient,1,1,2023,0,hs
01/09/2023 04:45,4074,244,445,ambient,1,1,2023,0,hs
01/09/2023 05:00,4075,244,500,ambient,1,1,2023,0,hs
01/09/2023 05:15,4076,244,515,ambient,1,1,2023,0,hs
01/09/2023 05:30,4077,244,530,ambient,1,1,2023,0,hs
01/09/2023 05:45,4078,244,545,ambient,1,1,2023,0,hs
01/09/2023 06:00,4079,244,600,ambient,1,1,2023,0,hs
01/09/2023 06:15,4080,244,615,ambient,1,1,2023,0,hs
01/09/2023 06:30,4081,244,630,ambient,1,1,2023,0,hs
01/09/2023 06:45,4082,244,645,ambient,1,1,2023,0,hs
01/09/2023 07:00,4083,244,700,ambient,1,1,2023,0,hs
01/09/2023 07:15,4084,244,715,ambient,1,1,2023,0,hs
01/09/2023 07:30,4085,244,730,ambient,1,1,2023,0,hs
01/09/2023 07:45,4086,244,745,ambient,1,1,2023,0,hs
01/09/2023 08:00,4087,244,800,ambient,1,1,2023,0,hs
01/09/2023 08:15,4088,244,815,ambient,1,1,2023,3.946996,hs
01/09/2023 08:30,4089,244,830,ambient,1,1,2023,2.776539,hs
01/09/2023 08:45,4090,244,845,ambient,1,1,2023,2.332487,hs
01/09/2023 09:00,4091,244,900,ambient,1,1,2023,2.611861,hs
01/09/2023 09:15,4092,244,915,ambient,1,1,2023,3.395009,hs
01/09/2023 09:30,4093,244,930,ambient,1,1,2023,4.720839,hs
01/09/2023 09:45,4094,244,945,ambient,1,1,2023,7.037388,hs
01/09/2023 10:00,4095,244,1000,ambient,1,1,2023,9.220027,hs
01/09/2023 10:15,4096,244,1015,ambient,1,1,2023,11.00721,hs
01/09/2023 10:30,4097,244,1030,ambient,1,1,2023,13.29249,hs
01/09/2023 10:45,4098,244,1045,ambient,1,1,2023,15.37762,hs
01/09/2023 11:00,4099,244,1100,ambient,1,1,2023,14.46002,hs
01/09/2023 11:15,4100,244,1115,ambient,1,1,2023,15.11228,hs
01/09/2023 11:30,4101,244,1130,ambient,1,1,2023,15.54579,hs
01/09/2023 11:45,4102,244,1145,ambient,1,1,2023,15.34058,hs
01/09/2023 12:00,4103,244,1200,ambient,1,1,2023,15.79015,hs
01/09/2023 12:15,4104,244,1215,ambient,1,1,2023,15.02162,hs
01/09/2023 12:30,4105,244,1230,ambient,1,1,2023,14.69931,hs
01/09/2023 12:45,4106,244,1245,ambient,1,1,2023,15.64559,hs
01/09/2023 13:00,4107,244,1300,ambient,1,1,2023,15.92172,hs
01/09/2023 13:15,4108,244,1315,ambient,1,1,2023,15.87374,hs
01/09/2023 13:30,4109,244,1330,ambient,1,1,2023,15.93267,hs
01/09/2023 13:45,4110,244,1345,ambient,1,1,2023,15.35759,hs
01/09/2023 14:00,4111,244,1400,ambient,1,1,2023,15.97304,hs
01/09/2023 14:15,4112,244,1415,ambient,1,1,2023,15.98841,hs
01/09/2023 14:30,4113,244,1430,ambient,1,1,2023,17.3776,hs
01/09/2023 14:45,4114,244,1445,ambient,1,1,2023,16.35995,hs
01/09/2023 15:00,4115,244,1500,ambient,1,1,2023,15.18824,hs
01/09/2023 15:15,4116,244,1515,ambient,1,1,2023,14.68992,hs
01/09/2023 15:30,4117,244,1530,ambient,1,1,2023,14.67515,hs
01/09/2023 15:45,4118,244,1545,ambient,1,1,2023,14.96289,hs
01/09/2023 16:00,4119,244,1600,ambient,1,1,2023,14.38747,hs
01/09/2023 16:15,4120,244,1615,ambient,1,1,2023,13.63628,hs
01/09/2023 16:30,4121,244,1630,ambient,1,1,2023,13.07017,hs
01/09/2023 16:45,4122,244,1645,ambient,1,1,2023,12.09665,hs
01/09/2023 17:00,4123,244,1700,ambient,1,1,2023,11.09222,hs
01/09/2023 17:15,4124,244,1715,ambient,1,1,2023,10.63628,hs
01/09/2023 17:30,4125,244,1730,ambient,1,1,2023,9.832273,hs
01/09/2023 17:45,4126,244,1745,ambient,1,1,2023,8.816237,hs
01/09/2023 18:00,4127,244,1800,ambient,1,1,2023,7.270048,hs
01/09/2023 18:15,4128,244,1815,ambient,1,1,2023,6.088833,hs
01/09/2023 18:30,4129,244,1830,ambient,1,1,2023,4.591157,hs
01/09/2023 18:45,4130,244,1845,ambient,1,1,2023,3.213125,hs
01/09/2023 19:00,4131,244,1900,ambient,1,1,2023,1.609897,hs
01/09/2023 19:15,4132,244,1915,ambient,1,1,2023,0.1381596,hs
01/09/2023 19:30,4133,244,1930,ambient,1,1,2023,0,hs
01/09/2023 19:45,4134,244,1945,ambient,1,1,2023,0,hs
01/09/2023 20:00,4135,244,2000,ambient,1,1,2023,0,hs
01/09/2023 20:15,4136,244,2015,ambient,1,1,2023,0,hs
01/09/2023 20:30,4137,244,2030,ambient,1,1,2023,0,hs
01/09/2023 20:45,4138,244,2045,ambient,1,1,2023,0,hs
01/09/2023 21:00,4139,244,2100,ambient,1,1,2023,0,hs
01/09/2023 21:15,4140,244,2115,ambient,1,1,2023,0,hs
01/09/2023 21:30,4141,244,2130,ambient,1,1,2023,0,hs
01/09/2023 21:45,4142,244,2145,ambient,1,1,2023,0,hs
01/09/2023 22:00,4143,244,2200,ambient,1,1,2023,0,hs
01/09/2023 22:15,4144,244,2215,ambient,1,1,2023,0,hs
01/09/2023 22:30,4145,244,2230,ambient,1,1,2023,0,hs
01/09/2023 22:45,4146,244,2245,ambient,1,1,2023,0,hs
01/09/2023 23:00,4147,244,2300,ambient,1,1,2023,0,hs
01/09/2023 23:15,4148,244,2315,ambient,1,1,2023,0,hs
01/09/2023 23:30,4149,244,2330,ambient,1,1,2023,0,hs
01/09/2023 23:45,4150,244,2345,ambient,1,1,2023,0,hs
02/09/2023 00:00,4151,245,0,ambient,1,1,2023,0,hs
02/09/2023 00:15,4152,245,15,ambient,1,1,2023,0,hs
02/09/2023 00:30,4153,245,30,ambient,1,1,2023,0,hs
02/09/2023 00:45,4154,245,45,ambient,1,1,2023,0,hs
02/09/2023 01:00,4155,245,100,ambient,1,1,2023,0,hs
02/09/2023 01:15,4156,245,115,ambient,1,1,2023,0,hs
02/09/2023 01:30,4157,245,130,ambient,1,1,2023,0,hs
02/09/2023 01:45,4158,245,145,ambient,1,1,2023,0,hs
02/09/2023 02:00,4159,245,200,ambient,1,1,2023,0,hs
02/09/2023 02:15,4160,245,215,ambient,1,1,2023,0,hs
02/09/2023 02:30,4161,245,230,ambient,1,1,2023,0,hs
02/09/2023 02:45,4162,245,245,ambient,1,1,2023,0,hs
02/09/2023 03:00,4163,245,300,ambient,1,1,2023,0,hs
02/09/2023 03:15,4164,245,315,ambient,1,1,2023,0,hs
02/09/2023 03:30,4165,245,330,ambient,1,1,2023,0,hs
02/09/2023 03:45,4166,245,345,ambient,1,1,2023,0,hs
02/09/2023 04:00,4167,245,400,ambient,1,1,2023,0,hs
02/09/2023 04:15,4168,245,415,ambient,1,1,2023,0,hs
02/09/2023 04:30,4169,245,430,ambient,1,1,2023,0,hs
02/09/2023 04:45,4170,245,445,ambient,1,1,2023,0,hs
02/09/2023 05:00,4171,245,500,ambient,1,1,2023,0,hs
02/09/2023 05:15,4172,245,515,ambient,1,1,2023,0,hs
02/09/2023 05:30,4173,245,530,ambient,1,1,2023,0,hs
02/09/2023 05:45,4174,245,545,ambient,1,1,2023,0,hs
02/09/2023 06:00,4175,245,600,ambient,1,1,2023,0,hs
02/09/2023 06:15,4176,245,615,ambient,1,1,2023,0,hs
02/09/2023 06:30,4177,245,630,ambient,1,1,2023,0,hs
02/09/2023 06:45,4178,245,645,ambient,1,1,2023,0,hs
02/09/2023 07:00,4179,245,700,ambient,1,1,2023,0,hs
02/09/2023 07:15,4180,245,715,ambient,1,1,2023,0,hs
02/09/2023 07:30,4181,245,730,ambient,1,1,2023,0,hs
02/09/2023 07:45,4182,245,745,ambient,1,1,2023,0,hs
02/09/2023 08:00,4183,245,800,ambient,1,1,2023,0,hs
02/09/2023 08:15,4184,245,815,ambient,1,1,2023,0,hs
02/09/2023 08:30,4185,245,830,ambient,1,1,2023,5.007853,hs
02/09/2023 08:45,4186,245,845,ambient,1,1,2023,3.488363,hs
02/09/2023 09:00,4187,245,900,ambient,1,1,2023,3.200096,hs
02/09/2023 09:15,4188,245,915,ambient,1,1,2023,4.120812,hs
02/09/2023 09:30,4189,245,930,ambient,1,1,2023,6.408566,hs
02/09/2023 09:45,4190,245,945,ambient,1,1,2023,9.66326,hs
02/09/2023 10:00,4191,245,1000,ambient,1,1,2023,12.68863,hs
02/09/2023 10:15,4192,245,1015,ambient,1,1,2023,15.08634,hs
02/09/2023 10:30,4193,245,1030,ambient,1,1,2023,16.12809,hs
02/09/2023 10:45,4194,245,1045,ambient,1,1,2023,16.33403,hs
02/09/2023 11:00,4195,245,1100,ambient,1,1,2023,16.98463,hs
02/09/2023 11:15,4196,245,1115,ambient,1,1,2023,16.89966,hs
02/09/2023 11:30,4197,245,1130,ambient,1,1,2023,16.07726,hs
02/09/2023 11:45,4198,245,1145,ambient,1,1,2023,16.27976,hs
02/09/2023 12:00,4199,245,1200,ambient,1,1,2023,17.513,hs
02/09/2023 12:15,4200,245,1215,ambient,1,1,2023,17.73772,hs
02/09/2023 12:30,4201,245,1230,ambient,1,1,2023,18.07186,hs
02/09/2023 12:45,4202,245,1245,ambient,1,1,2023,18.00975,hs
02/09/2023 13:00,4203,245,1300,ambient,1,1,2023,17.97161,hs
02/09/2023 13:15,4204,245,1315,ambient,1,1,2023,18.13481,hs
02/09/2023 13:30,4205,245,1330,ambient,1,1,2023,18.5498,hs
02/09/2023 13:45,4206,245,1345,ambient,1,1,2023,18.59414,hs
02/09/2023 14:00,4207,245,1400,ambient,1,1,2023,16.91522,hs
02/09/2023 14:15,4208,245,1415,ambient,1,1,2023,18.97256,hs
02/09/2023 14:30,4209,245,1430,ambient,1,1,2023,17.87786,hs
02/09/2023 14:45,4210,245,1445,ambient,1,1,2023,18.48213,hs
02/09/2023 15:00,4211,245,1500,ambient,1,1,2023,17.68027,hs
02/09/2023 15:15,4212,245,1515,ambient,1,1,2023,17.42356,hs
02/09/2023 15:30,4213,245,1530,ambient,1,1,2023,18.05457,hs
02/09/2023 15:45,4214,245,1545,ambient,1,1,2023,18.17982,hs
02/09/2023 16:00,4215,245,1600,ambient,1,1,2023,17.26798,hs
02/09/2023 16:15,4216,245,1615,ambient,1,1,2023,16.63024,hs
02/09/2023 16:30,4217,245,1630,ambient,1,1,2023,15.52604,hs
02/09/2023 16:45,4218,245,1645,ambient,1,1,2023,14.11422,hs
02/09/2023 17:00,4219,245,1700,ambient,1,1,2023,13.18825,hs
02/09/2023 17:15,4220,245,1715,ambient,1,1,2023,12.43661,hs
02/09/2023 17:30,4221,245,1730,ambient,1,1,2023,11.42454,hs
02/09/2023 17:45,4222,245,1745,ambient,1,1,2023,10.20502,hs
02/09/2023 18:00,4223,245,1800,ambient,1,1,2023,8.753761,hs
02/09/2023 18:15,4224,245,1815,ambient,1,1,2023,7.247382,hs
02/09/2023 18:30,4225,245,1830,ambient,1,1,2023,5.840808,hs
02/09/2023 18:45,4226,245,1845,ambient,1,1,2023,4.36607,hs
02/09/2023 19:00,4227,245,1900,ambient,1,1,2023,2.85724,hs
02/09/2023 19:15,4228,245,1915,ambient,1,1,2023,1.701326,hs
02/09/2023 19:30,4229,245,1930,ambient,1,1,2023,0.8348405,hs
02/09/2023 19:45,4230,245,1945,ambient,1,1,2023,0,hs
02/09/2023 20:00,4231,245,2000,ambient,1,1,2023,0,hs
02/09/2023 20:15,4232,245,2015,ambient,1,1,2023,0,hs
02/09/2023 20:30,4233,245,2030,ambient,1,1,2023,0,hs
02/09/2023 20:45,4234,245,2045,ambient,1,1,2023,0,hs
02/09/2023 21:00,4235,245,2100,ambient,1,1,2023,0,hs
02/09/2023 21:15,4236,245,2115,ambient,1,1,2023,0,hs
02/09/2023 21:30,4237,245,2130,ambient,1,1,2023,0.03248059,hs
02/09/2023 21:45,4238,245,2145,ambient,1,1,2023,0.3524373,hs
02/09/2023 22:00,4239,245,2200,ambient,1,1,2023,0.3457666,hs
02/09/2023 22:15,4240,245,2215,ambient,1,1,2023,0.2153294,hs
02/09/2023 22:30,4241,245,2230,ambient,1,1,2023,0,hs
02/09/2023 22:45,4242,245,2245,ambient,1,1,2023,0,hs
02/09/2023 23:00,4243,245,2300,ambient,1,1,2023,0,hs
02/09/2023 23:15,4244,245,2315,ambient,1,1,2023,0,hs
02/09/2023 23:30,4245,245,2330,ambient,1,1,2023,1.282191,hs
02/09/2023 23:45,4246,245,2345,ambient,1,1,2023,0.7219194,hs
03/09/2023 00:00,4247,246,0,ambient,1,1,2023,0.3471687,hs
03/09/2023 00:15,4248,246,15,ambient,1,1,2023,0.2310521,hs
03/09/2023 00:30,4249,246,30,ambient,1,1,2023,0.04075522,hs
03/09/2023 00:45,4250,246,45,ambient,1,1,2023,0.06301773,hs
03/09/2023 01:00,4251,246,100,ambient,1,1,2023,0.1339559,hs
03/09/2023 01:15,4252,246,115,ambient,1,1,2023,0.1714391,hs
03/09/2023 01:30,4253,246,130,ambient,1,1,2023,0.3184882,hs
03/09/2023 01:45,4254,246,145,ambient,1,1,2023,0.3334192,hs
03/09/2023 02:00,4255,246,200,ambient,1,1,2023,0.3108569,hs
03/09/2023 02:15,4256,246,215,ambient,1,1,2023,0.0887955,hs
03/09/2023 02:30,4257,246,230,ambient,1,1,2023,0,hs
03/09/2023 02:45,4258,246,245,ambient,1,1,2023,0.2883782,hs
03/09/2023 03:00,4259,246,300,ambient,1,1,2023,0.1737941,hs
03/09/2023 03:15,4260,246,315,ambient,1,1,2023,0.06146324,hs
03/09/2023 03:30,4261,246,330,ambient,1,1,2023,0,hs
03/09/2023 03:45,4262,246,345,ambient,1,1,2023,0,hs
03/09/2023 04:00,4263,246,400,ambient,1,1,2023,0.01996757,hs
03/09/2023 04:15,4264,246,415,ambient,1,1,2023,0,hs
03/09/2023 04:30,4265,246,430,ambient,1,1,2023,0,hs
03/09/2023 04:45,4266,246,445,ambient,1,1,2023,0,hs
03/09/2023 05:00,4267,246,500,ambient,1,1,2023,0,hs
03/09/2023 05:15,4268,246,515,ambient,1,1,2023,0,hs
03/09/2023 05:30,4269,246,530,ambient,1,1,2023,0,hs
03/09/2023 05:45,4270,246,545,ambient,1,1,2023,0,hs
03/09/2023 06:00,4271,246,600,ambient,1,1,2023,0,hs
03/09/2023 06:15,4272,246,615,ambient,1,1,2023,0,hs
03/09/2023 06:30,4273,246,630,ambient,1,1,2023,0,hs
03/09/2023 06:45,4274,246,645,ambient,1,1,2023,0,hs
03/09/2023 07:00,4275,246,700,ambient,1,1,2023,0,hs
03/09/2023 07:15,4276,246,715,ambient,1,1,2023,0,hs
03/09/2023 07:30,4277,246,730,ambient,1,1,2023,0,hs
03/09/2023 07:45,4278,246,745,ambient,1,1,2023,0,hs
03/09/2023 08:00,4279,246,800,ambient,1,1,2023,2.019964,hs
03/09/2023 08:15,4280,246,815,ambient,1,1,2023,1.842068,hs
03/09/2023 08:30,4281,246,830,ambient,1,1,2023,1.82651,hs
03/09/2023 08:45,4282,246,845,ambient,1,1,2023,2.617437,hs
03/09/2023 09:00,4283,246,900,ambient,1,1,2023,4.292109,hs
03/09/2023 09:15,4284,246,915,ambient,1,1,2023,6.565865,hs
03/09/2023 09:30,4285,246,930,ambient,1,1,2023,9.257889,hs
03/09/2023 09:45,4286,246,945,ambient,1,1,2023,11.44813,hs
03/09/2023 10:00,4287,246,1000,ambient,1,1,2023,12.56454,hs
03/09/2023 10:15,4288,246,1015,ambient,1,1,2023,14.13762,hs
03/09/2023 10:30,4289,246,1030,ambient,1,1,2023,17.54445,hs
03/09/2023 10:45,4290,246,1045,ambient,1,1,2023,17.0499,hs
03/09/2023 11:00,4291,246,1100,ambient,1,1,2023,17.32756,hs
03/09/2023 11:15,4292,246,1115,ambient,1,1,2023,13.50323,hs
03/09/2023 11:30,4293,246,1130,ambient,1,1,2023,16.91699,hs
03/09/2023 11:45,4294,246,1145,ambient,1,1,2023,23.32674,hs
03/09/2023 12:00,4295,246,1200,ambient,1,1,2023,20.18115,hs
03/09/2023 12:15,4296,246,1215,ambient,1,1,2023,15.8726,hs
03/09/2023 12:30,4297,246,1230,ambient,1,1,2023,18.47287,hs
03/09/2023 12:45,4298,246,1245,ambient,1,1,2023,16.45628,hs
03/09/2023 13:00,4299,246,1300,ambient,1,1,2023,18.90939,hs
03/09/2023 13:15,4300,246,1315,ambient,1,1,2023,18.54594,hs
03/09/2023 13:30,4301,246,1330,ambient,1,1,2023,20.82755,hs
03/09/2023 13:45,4302,246,1345,ambient,1,1,2023,20.2683,hs
03/09/2023 14:00,4303,246,1400,ambient,1,1,2023,20.13962,hs
03/09/2023 14:15,4304,246,1415,ambient,1,1,2023,18.39759,hs
03/09/2023 14:30,4305,246,1430,ambient,1,1,2023,21.52647,hs
03/09/2023 14:45,4306,246,1445,ambient,1,1,2023,18.76474,hs
03/09/2023 15:00,4307,246,1500,ambient,1,1,2023,21.05079,hs
03/09/2023 15:15,4308,246,1515,ambient,1,1,2023,22.52418,hs
03/09/2023 15:30,4309,246,1530,ambient,1,1,2023,21.80228,hs
03/09/2023 15:45,4310,246,1545,ambient,1,1,2023,19.89332,hs
03/09/2023 16:00,4311,246,1600,ambient,1,1,2023,20.30721,hs
03/09/2023 16:15,4312,246,1615,ambient,1,1,2023,15.99768,hs
03/09/2023 16:30,4313,246,1630,ambient,1,1,2023,17.79067,hs
03/09/2023 16:45,4314,246,1645,ambient,1,1,2023,16.78998,hs
03/09/2023 17:00,4315,246,1700,ambient,1,1,2023,15.24251,hs
03/09/2023 17:15,4316,246,1715,ambient,1,1,2023,10.26878,hs
03/09/2023 17:30,4317,246,1730,ambient,1,1,2023,8.821016,hs
03/09/2023 17:45,4318,246,1745,ambient,1,1,2023,10.9126,hs
03/09/2023 18:00,4319,246,1800,ambient,1,1,2023,10.03313,hs
03/09/2023 18:15,4320,246,1815,ambient,1,1,2023,8.197515,hs
03/09/2023 18:30,4321,246,1830,ambient,1,1,2023,6.312323,hs
03/09/2023 18:45,4322,246,1845,ambient,1,1,2023,4.880933,hs
03/09/2023 19:00,4323,246,1900,ambient,1,1,2023,3.316751,hs
03/09/2023 19:15,4324,246,1915,ambient,1,1,2023,2.310697,hs
03/09/2023 19:30,4325,246,1930,ambient,1,1,2023,1.691727,hs
03/09/2023 19:45,4326,246,1945,ambient,1,1,2023,1.190935,hs
03/09/2023 20:00,4327,246,2000,ambient,1,1,2023,0.8206723,hs
03/09/2023 20:15,4328,246,2015,ambient,1,1,2023,0.5642194,hs
03/09/2023 20:30,4329,246,2030,ambient,1,1,2023,0.2351555,hs
03/09/2023 20:45,4330,246,2045,ambient,1,1,2023,0.07430552,hs
03/09/2023 21:00,4331,246,2100,ambient,1,1,2023,0,hs
03/09/2023 21:15,4332,246,2115,ambient,1,1,2023,0,hs
03/09/2023 21:30,4333,246,2130,ambient,1,1,2023,0,hs
03/09/2023 21:45,4334,246,2145,ambient,1,1,2023,0,hs
03/09/2023 22:00,4335,246,2200,ambient,1,1,2023,0.1833419,hs
03/09/2023 22:15,4336,246,2215,ambient,1,1,2023,0.3707061,hs
03/09/2023 22:30,4337,246,2230,ambient,1,1,2023,0.3180223,hs
03/09/2023 22:45,4338,246,2245,ambient,1,1,2023,0.1644676,hs
03/09/2023 23:00,4339,246,2300,ambient,1,1,2023,0,hs
03/09/2023 23:15,4340,246,2315,ambient,1,1,2023,0,hs
03/09/2023 23:30,4341,246,2330,ambient,1,1,2023,0,hs
03/09/2023 23:45,4342,246,2345,ambient,1,1,2023,0,hs
04/09/2023 00:00,4343,247,0,ambient,1,1,2023,0,hs
04/09/2023 00:15,4344,247,15,ambient,1,1,2023,0,hs
04/09/2023 00:30,4345,247,30,ambient,1,1,2023,0,hs
04/09/2023 00:45,4346,247,45,ambient,1,1,2023,0,hs
04/09/2023 01:00,4347,247,100,ambient,1,1,2023,0,hs
04/09/2023 01:15,4348,247,115,ambient,1,1,2023,0,hs
04/09/2023 01:30,4349,247,130,ambient,1,1,2023,0,hs
04/09/2023 01:45,4350,247,145,ambient,1,1,2023,0,hs
04/09/2023 02:00,4351,247,200,ambient,1,1,2023,0,hs
04/09/2023 02:15,4352,247,215,ambient,1,1,2023,0,hs
04/09/2023 02:30,4353,247,230,ambient,1,1,2023,0,hs
04/09/2023 02:45,4354,247,245,ambient,1,1,2023,0,hs
04/09/2023 03:00,4355,247,300,ambient,1,1,2023,0,hs
04/09/2023 03:15,4356,247,315,ambient,1,1,2023,0,hs
04/09/2023 03:30,4357,247,330,ambient,1,1,2023,0,hs
04/09/2023 03:45,4358,247,345,ambient,1,1,2023,0,hs
04/09/2023 04:00,4359,247,400,ambient,1,1,2023,0,hs
04/09/2023 04:15,4360,247,415,ambient,1,1,2023,0,hs
04/09/2023 04:30,4361,247,430,ambient,1,1,2023,0,hs
04/09/2023 04:45,4362,247,445,ambient,1,1,2023,0,hs
04/09/2023 05:00,4363,247,500,ambient,1,1,2023,0,hs
04/09/2023 05:15,4364,247,515,ambient,1,1,2023,0,hs
04/09/2023 05:30,4365,247,530,ambient,1,1,2023,0,hs
04/09/2023 05:45,4366,247,545,ambient,1,1,2023,0,hs
04/09/2023 06:00,4367,247,600,ambient,1,1,2023,0,hs
04/09/2023 06:15,4368,247,615,ambient,1,1,2023,0,hs
04/09/2023 06:30,4369,247,630,ambient,1,1,2023,0,hs
04/09/2023 06:45,4370,247,645,ambient,1,1,2023,0,hs
04/09/2023 07:00,4371,247,700,ambient,1,1,2023,0,hs
04/09/2023 07:15,4372,247,715,ambient,1,1,2023,0,hs
04/09/2023 07:30,4373,247,730,ambient,1,1,2023,0,hs
04/09/2023 07:45,4374,247,745,ambient,1,1,2023,0,hs
04/09/2023 08:00,4375,247,800,ambient,1,1,2023,0,hs
04/09/2023 08:15,4376,247,815,ambient,1,1,2023,2.592653,hs
04/09/2023 08:30,4377,247,830,ambient,1,1,2023,2.63238,hs
04/09/2023 08:45,4378,247,845,ambient,1,1,2023,3.850393,hs
04/09/2023 09:00,4379,247,900,ambient,1,1,2023,6.299356,hs
04/09/2023 09:15,4380,247,915,ambient,1,1,2023,9.834657,hs
04/09/2023 09:30,4381,247,930,ambient,1,1,2023,12.10531,hs
04/09/2023 09:45,4382,247,945,ambient,1,1,2023,13.14511,hs
04/09/2023 10:00,4383,247,1000,ambient,1,1,2023,11.44462,hs
04/09/2023 10:15,4384,247,1015,ambient,1,1,2023,14.07459,hs
04/09/2023 10:30,4385,247,1030,ambient,1,1,2023,15.16113,hs
04/09/2023 10:45,4386,247,1045,ambient,1,1,2023,17.91495,hs
04/09/2023 11:00,4387,247,1100,ambient,1,1,2023,21.52041,hs
04/09/2023 11:15,4388,247,1115,ambient,1,1,2023,14.04828,hs
04/09/2023 11:30,4389,247,1130,ambient,1,1,2023,10.93662,hs
04/09/2023 11:45,4390,247,1145,ambient,1,1,2023,17.48438,hs
04/09/2023 12:00,4391,247,1200,ambient,1,1,2023,24.39293,hs
04/09/2023 12:15,4392,247,1215,ambient,1,1,2023,21.72387,hs
04/09/2023 12:30,4393,247,1230,ambient,1,1,2023,19.56275,hs
04/09/2023 12:45,4394,247,1245,ambient,1,1,2023,20.11236,hs
04/09/2023 13:00,4395,247,1300,ambient,1,1,2023,21.02285,hs
04/09/2023 13:15,4396,247,1315,ambient,1,1,2023,19.354,hs
04/09/2023 13:30,4397,247,1330,ambient,1,1,2023,21.71235,hs
04/09/2023 13:45,4398,247,1345,ambient,1,1,2023,17.28151,hs
04/09/2023 14:00,4399,247,1400,ambient,1,1,2023,17.19418,hs
04/09/2023 14:15,4400,247,1415,ambient,1,1,2023,15.13642,hs
04/09/2023 14:30,4401,247,1430,ambient,1,1,2023,20.86671,hs
04/09/2023 14:45,4402,247,1445,ambient,1,1,2023,25.3329,hs
04/09/2023 15:00,4403,247,1500,ambient,1,1,2023,21.8874,hs
04/09/2023 15:15,4404,247,1515,ambient,1,1,2023,19.19175,hs
04/09/2023 15:30,4405,247,1530,ambient,1,1,2023,16.33473,hs
04/09/2023 15:45,4406,247,1545,ambient,1,1,2023,19.3901,hs
04/09/2023 16:00,4407,247,1600,ambient,1,1,2023,14.23075,hs
04/09/2023 16:15,4408,247,1615,ambient,1,1,2023,13.66154,hs
04/09/2023 16:30,4409,247,1630,ambient,1,1,2023,11.4132,hs
04/09/2023 16:45,4410,247,1645,ambient,1,1,2023,11.24087,hs
04/09/2023 17:00,4411,247,1700,ambient,1,1,2023,12.04838,hs
04/09/2023 17:15,4412,247,1715,ambient,1,1,2023,9.932849,hs
04/09/2023 17:30,4413,247,1730,ambient,1,1,2023,12.11971,hs
04/09/2023 17:45,4414,247,1745,ambient,1,1,2023,11.87944,hs
04/09/2023 18:00,4415,247,1800,ambient,1,1,2023,10.45099,hs
04/09/2023 18:15,4416,247,1815,ambient,1,1,2023,8.213147,hs
04/09/2023 18:30,4417,247,1830,ambient,1,1,2023,5.784569,hs
04/09/2023 18:45,4418,247,1845,ambient,1,1,2023,4.236749,hs
04/09/2023 19:00,4419,247,1900,ambient,1,1,2023,2.876168,hs
04/09/2023 19:15,4420,247,1915,ambient,1,1,2023,1.664227,hs
04/09/2023 19:30,4421,247,1930,ambient,1,1,2023,0.6955262,hs
04/09/2023 19:45,4422,247,1945,ambient,1,1,2023,0.3039187,hs
04/09/2023 20:00,4423,247,2000,ambient,1,1,2023,0.3923973,hs
04/09/2023 20:15,4424,247,2015,ambient,1,1,2023,0.1680496,hs
04/09/2023 20:30,4425,247,2030,ambient,1,1,2023,0,hs
04/09/2023 20:45,4426,247,2045,ambient,1,1,2023,0,hs
04/09/2023 21:00,4427,247,2100,ambient,1,1,2023,0,hs
04/09/2023 21:15,4428,247,2115,ambient,1,1,2023,0,hs
04/09/2023 21:30,4429,247,2130,ambient,1,1,2023,0,hs
04/09/2023 21:45,4430,247,2145,ambient,1,1,2023,0,hs
04/09/2023 22:00,4431,247,2200,ambient,1,1,2023,0,hs
04/09/2023 22:15,4432,247,2215,ambient,1,1,2023,0,hs
04/09/2023 22:30,4433,247,2230,ambient,1,1,2023,0.0716233,hs
04/09/2023 22:45,4434,247,2245,ambient,1,1,2023,0.2889319,hs
04/09/2023 23:00,4435,247,2300,ambient,1,1,2023,0.1219059,hs
04/09/2023 23:15,4436,247,2315,ambient,1,1,2023,0.02836688,hs
04/09/2023 23:30,4437,247,2330,ambient,1,1,2023,0.05288824,hs
04/09/2023 23:45,4438,247,2345,ambient,1,1,2023,0.05670127,hs
05/09/2023 00:00,4439,248,0,ambient,1,1,2023,0.1327561,hs
05/09/2023 00:15,4440,248,15,ambient,1,1,2023,0.1445493,hs
05/09/2023 00:30,4441,248,30,ambient,1,1,2023,0.2357347,hs
05/09/2023 00:45,4442,248,45,ambient,1,1,2023,0.1577296,hs
05/09/2023 01:00,4443,248,100,ambient,1,1,2023,0,hs
05/09/2023 01:15,4444,248,115,ambient,1,1,2023,0,hs
05/09/2023 01:30,4445,248,130,ambient,1,1,2023,0,hs
05/09/2023 01:45,4446,248,145,ambient,1,1,2023,0,hs
05/09/2023 02:00,4447,248,200,ambient,1,1,2023,0,hs
05/09/2023 02:15,4448,248,215,ambient,1,1,2023,0,hs
05/09/2023 02:30,4449,248,230,ambient,1,1,2023,1.101855,hs
05/09/2023 02:45,4450,248,245,ambient,1,1,2023,0.980309,hs
05/09/2023 03:00,4451,248,300,ambient,1,1,2023,0.8428869,hs
05/09/2023 03:15,4452,248,315,ambient,1,1,2023,0.7536914,hs
05/09/2023 03:30,4453,248,330,ambient,1,1,2023,0.6789325,hs
05/09/2023 03:45,4454,248,345,ambient,1,1,2023,0.6368229,hs
05/09/2023 04:00,4455,248,400,ambient,1,1,2023,0.4914714,hs
05/09/2023 04:15,4456,248,415,ambient,1,1,2023,0.08474343,hs
05/09/2023 04:30,4457,248,430,ambient,1,1,2023,0,hs
05/09/2023 04:45,4458,248,445,ambient,1,1,2023,0.1333582,hs
05/09/2023 05:00,4459,248,500,ambient,1,1,2023,0.2963249,hs
05/09/2023 05:15,4460,248,515,ambient,1,1,2023,0.1766097,hs
05/09/2023 05:30,4461,248,530,ambient,1,1,2023,0.1667023,hs
05/09/2023 05:45,4462,248,545,ambient,1,1,2023,0.694447,hs
05/09/2023 06:00,4463,248,600,ambient,1,1,2023,0.8209381,hs
05/09/2023 06:15,4464,248,615,ambient,1,1,2023,0.9221305,hs
05/09/2023 06:30,4465,248,630,ambient,1,1,2023,0.8336107,hs
05/09/2023 06:45,4466,248,645,ambient,1,1,2023,0.8384183,hs
05/09/2023 07:00,4467,248,700,ambient,1,1,2023,0.8256808,hs
05/09/2023 07:15,4468,248,715,ambient,1,1,2023,0.9274184,hs
05/09/2023 07:30,4469,248,730,ambient,1,1,2023,1.193835,hs
05/09/2023 07:45,4470,248,745,ambient,1,1,2023,2.131694,hs
05/09/2023 08:00,4471,248,800,ambient,1,1,2023,3.294454,hs
05/09/2023 08:15,4472,248,815,ambient,1,1,2023,5.300396,hs
05/09/2023 08:30,4473,248,830,ambient,1,1,2023,5.611155,hs
05/09/2023 08:45,4474,248,845,ambient,1,1,2023,8.418882,hs
05/09/2023 09:00,4475,248,900,ambient,1,1,2023,10.1352,hs
05/09/2023 09:15,4476,248,915,ambient,1,1,2023,11.76313,hs
05/09/2023 09:30,4477,248,930,ambient,1,1,2023,11.24045,hs
05/09/2023 09:45,4478,248,945,ambient,1,1,2023,9.94908,hs
05/09/2023 10:00,4479,248,1000,ambient,1,1,2023,9.913602,hs
05/09/2023 10:15,4480,248,1015,ambient,1,1,2023,9.785389,hs
05/09/2023 10:30,4481,248,1030,ambient,1,1,2023,11.29909,hs
05/09/2023 10:45,4482,248,1045,ambient,1,1,2023,14.1262,hs
05/09/2023 11:00,4483,248,1100,ambient,1,1,2023,18.45341,hs
05/09/2023 11:15,4484,248,1115,ambient,1,1,2023,19.36958,hs
05/09/2023 11:30,4485,248,1130,ambient,1,1,2023,22.42052,hs
05/09/2023 11:45,4486,248,1145,ambient,1,1,2023,19.74791,hs
05/09/2023 12:00,4487,248,1200,ambient,1,1,2023,17.12433,hs
05/09/2023 12:15,4488,248,1215,ambient,1,1,2023,17.16207,hs
05/09/2023 12:30,4489,248,1230,ambient,1,1,2023,23.25565,hs
05/09/2023 12:45,4490,248,1245,ambient,1,1,2023,22.13572,hs
05/09/2023 13:00,4491,248,1300,ambient,1,1,2023,21.57258,hs
05/09/2023 13:15,4492,248,1315,ambient,1,1,2023,16.76214,hs
05/09/2023 13:30,4493,248,1330,ambient,1,1,2023,17.72989,hs
05/09/2023 13:45,4494,248,1345,ambient,1,1,2023,20.33754,hs
05/09/2023 14:00,4495,248,1400,ambient,1,1,2023,24.8011,hs
05/09/2023 14:15,4496,248,1415,ambient,1,1,2023,19.34351,hs
05/09/2023 14:30,4497,248,1430,ambient,1,1,2023,14.79178,hs
05/09/2023 14:45,4498,248,1445,ambient,1,1,2023,12.85343,hs
05/09/2023 15:00,4499,248,1500,ambient,1,1,2023,10.26355,hs
05/09/2023 15:15,4500,248,1515,ambient,1,1,2023,13.70765,hs
05/09/2023 15:30,4501,248,1530,ambient,1,1,2023,17.79897,hs
05/09/2023 15:45,4502,248,1545,ambient,1,1,2023,13.28931,hs
05/09/2023 16:00,4503,248,1600,ambient,1,1,2023,7.103115,hs
05/09/2023 16:15,4504,248,1615,ambient,1,1,2023,4.70626,hs
05/09/2023 16:30,4505,248,1630,ambient,1,1,2023,3.265856,hs
05/09/2023 16:45,4506,248,1645,ambient,1,1,2023,2.018734,hs
05/09/2023 17:00,4507,248,1700,ambient,1,1,2023,1.119887,hs
05/09/2023 17:15,4508,248,1715,ambient,1,1,2023,0.7362546,hs
05/09/2023 17:30,4509,248,1730,ambient,1,1,2023,0.700273,hs
05/09/2023 17:45,4510,248,1745,ambient,1,1,2023,0.7075301,hs
05/09/2023 18:00,4511,248,1800,ambient,1,1,2023,0.7150422,hs
05/09/2023 18:15,4512,248,1815,ambient,1,1,2023,0.8475439,hs
05/09/2023 18:30,4513,248,1830,ambient,1,1,2023,1.131152,hs
05/09/2023 18:45,4514,248,1845,ambient,1,1,2023,0.9970568,hs
05/09/2023 19:00,4515,248,1900,ambient,1,1,2023,0.8422909,hs
05/09/2023 19:15,4516,248,1915,ambient,1,1,2023,0.6449892,hs
05/09/2023 19:30,4517,248,1930,ambient,1,1,2023,0.4617198,hs
05/09/2023 19:45,4518,248,1945,ambient,1,1,2023,0.2797931,hs
05/09/2023 20:00,4519,248,2000,ambient,1,1,2023,0.2163205,hs
05/09/2023 20:15,4520,248,2015,ambient,1,1,2023,0.2771736,hs
05/09/2023 20:30,4521,248,2030,ambient,1,1,2023,0.3930039,hs
05/09/2023 20:45,4522,248,2045,ambient,1,1,2023,0.4541783,hs
05/09/2023 21:00,4523,248,2100,ambient,1,1,2023,0.5399964,hs
05/09/2023 21:15,4524,248,2115,ambient,1,1,2023,0.6894488,hs
05/09/2023 21:30,4525,248,2130,ambient,1,1,2023,0.802919,hs
05/09/2023 21:45,4526,248,2145,ambient,1,1,2023,0.7670545,hs
05/09/2023 22:00,4527,248,2200,ambient,1,1,2023,0.809411,hs
05/09/2023 22:15,4528,248,2215,ambient,1,1,2023,0.9407812,hs
05/09/2023 22:30,4529,248,2230,ambient,1,1,2023,0.9153993,hs
05/09/2023 22:45,4530,248,2245,ambient,1,1,2023,0.9565119,hs
05/09/2023 23:00,4531,248,2300,ambient,1,1,2023,0.6946371,hs
05/09/2023 23:15,4532,248,2315,ambient,1,1,2023,0.3682921,hs
05/09/2023 23:30,4533,248,2330,ambient,1,1,2023,0,hs
05/09/2023 23:45,4534,248,2345,ambient,1,1,2023,0.04759258,hs
06/09/2023 00:00,4535,249,0,ambient,1,1,2023,0.2155026,hs
06/09/2023 00:15,4536,249,15,ambient,1,1,2023,0.2006927,hs
06/09/2023 00:30,4537,249,30,ambient,1,1,2023,0.05764234,hs
06/09/2023 00:45,4538,249,45,ambient,1,1,2023,0,hs
06/09/2023 01:00,4539,249,100,ambient,1,1,2023,0,hs
06/09/2023 01:15,4540,249,115,ambient,1,1,2023,0.1507542,hs
06/09/2023 01:30,4541,249,130,ambient,1,1,2023,0.2626841,hs
06/09/2023 01:45,4542,249,145,ambient,1,1,2023,0.3725046,hs
06/09/2023 02:00,4543,249,200,ambient,1,1,2023,0.3930658,hs
06/09/2023 02:15,4544,249,215,ambient,1,1,2023,0.4356107,hs
06/09/2023 02:30,4545,249,230,ambient,1,1,2023,0.5134035,hs
06/09/2023 02:45,4546,249,245,ambient,1,1,2023,0.5335036,hs
06/09/2023 03:00,4547,249,300,ambient,1,1,2023,0.6210353,hs
06/09/2023 03:15,4548,249,315,ambient,1,1,2023,0.8032998,hs
06/09/2023 03:30,4549,249,330,ambient,1,1,2023,1.228023,hs
06/09/2023 03:45,4550,249,345,ambient,1,1,2023,1.233985,hs
06/09/2023 04:00,4551,249,400,ambient,1,1,2023,1.043277,hs
06/09/2023 04:15,4552,249,415,ambient,1,1,2023,0.8720366,hs
06/09/2023 04:30,4553,249,430,ambient,1,1,2023,0.6737577,hs
06/09/2023 04:45,4554,249,445,ambient,1,1,2023,0.4161421,hs
06/09/2023 05:00,4555,249,500,ambient,1,1,2023,0.03721347,hs
06/09/2023 05:15,4556,249,515,ambient,1,1,2023,0.06407227,hs
06/09/2023 05:30,4557,249,530,ambient,1,1,2023,0,hs
06/09/2023 05:45,4558,249,545,ambient,1,1,2023,0,hs
06/09/2023 06:00,4559,249,600,ambient,1,1,2023,0,hs
06/09/2023 06:15,4560,249,615,ambient,1,1,2023,0,hs
06/09/2023 06:30,4561,249,630,ambient,1,1,2023,0.4479474,hs
06/09/2023 06:45,4562,249,645,ambient,1,1,2023,0,hs
06/09/2023 07:00,4563,249,700,ambient,1,1,2023,0,hs
06/09/2023 07:15,4564,249,715,ambient,1,1,2023,0.2610451,hs
06/09/2023 07:30,4565,249,730,ambient,1,1,2023,0,hs
06/09/2023 07:45,4566,249,745,ambient,1,1,2023,1.27368,hs
06/09/2023 08:00,4567,249,800,ambient,1,1,2023,0.4339844,hs
06/09/2023 08:15,4568,249,815,ambient,1,1,2023,1.123625,hs
06/09/2023 08:30,4569,249,830,ambient,1,1,2023,3.312865,hs
06/09/2023 08:45,4570,249,845,ambient,1,1,2023,5.574008,hs
06/09/2023 09:00,4571,249,900,ambient,1,1,2023,5.233285,hs
06/09/2023 09:15,4572,249,915,ambient,1,1,2023,3.817822,hs
06/09/2023 09:30,4573,249,930,ambient,1,1,2023,3.460038,hs
06/09/2023 09:45,4574,249,945,ambient,1,1,2023,5.713675,hs
06/09/2023 10:00,4575,249,1000,ambient,1,1,2023,10.07827,hs
06/09/2023 10:15,4576,249,1015,ambient,1,1,2023,15.92686,hs
06/09/2023 10:30,4577,249,1030,ambient,1,1,2023,16.83237,hs
06/09/2023 10:45,4578,249,1045,ambient,1,1,2023,18.96668,hs
06/09/2023 11:00,4579,249,1100,ambient,1,1,2023,19.73132,hs
06/09/2023 11:15,4580,249,1115,ambient,1,1,2023,18.92753,hs
06/09/2023 11:30,4581,249,1130,ambient,1,1,2023,18.52606,hs
06/09/2023 11:45,4582,249,1145,ambient,1,1,2023,19.11979,hs
06/09/2023 12:00,4583,249,1200,ambient,1,1,2023,19.05335,hs
06/09/2023 12:15,4584,249,1215,ambient,1,1,2023,19.34734,hs
06/09/2023 12:30,4585,249,1230,ambient,1,1,2023,18.46024,hs
06/09/2023 12:45,4586,249,1245,ambient,1,1,2023,18.11395,hs
06/09/2023 13:00,4587,249,1300,ambient,1,1,2023,18.25705,hs
06/09/2023 13:15,4588,249,1315,ambient,1,1,2023,19.07463,hs
06/09/2023 13:30,4589,249,1330,ambient,1,1,2023,18.84027,hs
06/09/2023 13:45,4590,249,1345,ambient,1,1,2023,18.71942,hs
06/09/2023 14:00,4591,249,1400,ambient,1,1,2023,19.60976,hs
06/09/2023 14:15,4592,249,1415,ambient,1,1,2023,17.30358,hs
06/09/2023 14:30,4593,249,1430,ambient,1,1,2023,13.87663,hs
06/09/2023 14:45,4594,249,1445,ambient,1,1,2023,14.70895,hs
06/09/2023 15:00,4595,249,1500,ambient,1,1,2023,18.0445,hs
06/09/2023 15:15,4596,249,1515,ambient,1,1,2023,15.08745,hs
06/09/2023 15:30,4597,249,1530,ambient,1,1,2023,16.37724,hs
06/09/2023 15:45,4598,249,1545,ambient,1,1,2023,13.94201,hs
06/09/2023 16:00,4599,249,1600,ambient,1,1,2023,13.03475,hs
06/09/2023 16:15,4600,249,1615,ambient,1,1,2023,7.584684,hs
06/09/2023 16:30,4601,249,1630,ambient,1,1,2023,5.463071,hs
06/09/2023 16:45,4602,249,1645,ambient,1,1,2023,6.942297,hs
06/09/2023 17:00,4603,249,1700,ambient,1,1,2023,6.225832,hs
06/09/2023 17:15,4604,249,1715,ambient,1,1,2023,6.462009,hs
06/09/2023 17:30,4605,249,1730,ambient,1,1,2023,6.868257,hs
06/09/2023 17:45,4606,249,1745,ambient,1,1,2023,6.322136,hs
06/09/2023 18:00,4607,249,1800,ambient,1,1,2023,5.028564,hs
06/09/2023 18:15,4608,249,1815,ambient,1,1,2023,3.547999,hs
06/09/2023 18:30,4609,249,1830,ambient,1,1,2023,2.746252,hs
06/09/2023 18:45,4610,249,1845,ambient,1,1,2023,1.850234,hs
06/09/2023 19:00,4611,249,1900,ambient,1,1,2023,1.556211,hs
06/09/2023 19:15,4612,249,1915,ambient,1,1,2023,1.287424,hs
06/09/2023 19:30,4613,249,1930,ambient,1,1,2023,1.116896,hs
06/09/2023 19:45,4614,249,1945,ambient,1,1,2023,1.037483,hs
06/09/2023 20:00,4615,249,2000,ambient,1,1,2023,0.8786477,hs
06/09/2023 20:15,4616,249,2015,ambient,1,1,2023,0.7782355,hs
06/09/2023 20:30,4617,249,2030,ambient,1,1,2023,0.6681967,hs
06/09/2023 20:45,4618,249,2045,ambient,1,1,2023,0.6030638,hs
06/09/2023 21:00,4619,249,2100,ambient,1,1,2023,0.5373114,hs
06/09/2023 21:15,4620,249,2115,ambient,1,1,2023,0.6054187,hs
06/09/2023 21:30,4621,249,2130,ambient,1,1,2023,0.6620213,hs
06/09/2023 21:45,4622,249,2145,ambient,1,1,2023,0.6015273,hs
06/09/2023 22:00,4623,249,2200,ambient,1,1,2023,0.5661442,hs
06/09/2023 22:15,4624,249,2215,ambient,1,1,2023,0.5535544,hs
06/09/2023 22:30,4625,249,2230,ambient,1,1,2023,0.5413362,hs
06/09/2023 22:45,4626,249,2245,ambient,1,1,2023,0.4756756,hs
06/09/2023 23:00,4627,249,2300,ambient,1,1,2023,0.5002396,hs
06/09/2023 23:15,4628,249,2315,ambient,1,1,2023,0.4879567,hs
06/09/2023 23:30,4629,249,2330,ambient,1,1,2023,0.5732089,hs
06/09/2023 23:45,4630,249,2345,ambient,1,1,2023,0.6074802,hs
07/09/2023 00:00,4631,250,0,ambient,1,1,2023,0.6012707,hs
07/09/2023 00:15,4632,250,15,ambient,1,1,2023,0.6267487,hs
07/09/2023 00:30,4633,250,30,ambient,1,1,2023,0.6717961,hs
07/09/2023 00:45,4634,250,45,ambient,1,1,2023,0.7597411,hs
07/09/2023 01:00,4635,250,100,ambient,1,1,2023,0.7285187,hs
07/09/2023 01:15,4636,250,115,ambient,1,1,2023,0.7237672,hs
07/09/2023 01:30,4637,250,130,ambient,1,1,2023,0.7242573,hs
07/09/2023 01:45,4638,250,145,ambient,1,1,2023,0.704546,hs
07/09/2023 02:00,4639,250,200,ambient,1,1,2023,0.6659536,hs
07/09/2023 02:15,4640,250,215,ambient,1,1,2023,0.6323258,hs
07/09/2023 02:30,4641,250,230,ambient,1,1,2023,0.5150736,hs
07/09/2023 02:45,4642,250,245,ambient,1,1,2023,0.4726198,hs
07/09/2023 03:00,4643,250,300,ambient,1,1,2023,0.4462307,hs
07/09/2023 03:15,4644,250,315,ambient,1,1,2023,0.1136916,hs
07/09/2023 03:30,4645,250,330,ambient,1,1,2023,0.4130668,hs
07/09/2023 03:45,4646,250,345,ambient,1,1,2023,0.3408324,hs
07/09/2023 04:00,4647,250,400,ambient,1,1,2023,0.1516726,hs
07/09/2023 04:15,4648,250,415,ambient,1,1,2023,0.3845536,hs
07/09/2023 04:30,4649,250,430,ambient,1,1,2023,0.452767,hs
07/09/2023 04:45,4650,250,445,ambient,1,1,2023,0.4502507,hs
07/09/2023 05:00,4651,250,500,ambient,1,1,2023,0.130018,hs
07/09/2023 05:15,4652,250,515,ambient,1,1,2023,0.3025676,hs
07/09/2023 05:30,4653,250,530,ambient,1,1,2023,0.2743329,hs
07/09/2023 05:45,4654,250,545,ambient,1,1,2023,0.185987,hs
07/09/2023 06:00,4655,250,600,ambient,1,1,2023,0,hs
07/09/2023 06:15,4656,250,615,ambient,1,1,2023,0,hs
07/09/2023 06:30,4657,250,630,ambient,1,1,2023,0,hs
07/09/2023 06:45,4658,250,645,ambient,1,1,2023,0,hs
07/09/2023 07:00,4659,250,700,ambient,1,1,2023,0.3505289,hs
07/09/2023 07:15,4660,250,715,ambient,1,1,2023,0.5431185,hs
07/09/2023 07:30,4661,250,730,ambient,1,1,2023,0.608785,hs
07/09/2023 07:45,4662,250,745,ambient,1,1,2023,0.9257161,hs
07/09/2023 08:00,4663,250,800,ambient,1,1,2023,2.446267,hs
07/09/2023 08:15,4664,250,815,ambient,1,1,2023,3.944343,hs
07/09/2023 08:30,4665,250,830,ambient,1,1,2023,4.50271,hs
07/09/2023 08:45,4666,250,845,ambient,1,1,2023,5.29499,hs
07/09/2023 09:00,4667,250,900,ambient,1,1,2023,7.518434,hs
07/09/2023 09:15,4668,250,915,ambient,1,1,2023,6.231953,hs
07/09/2023 09:30,4669,250,930,ambient,1,1,2023,5.655567,hs
07/09/2023 09:45,4670,250,945,ambient,1,1,2023,5.751666,hs
07/09/2023 10:00,4671,250,1000,ambient,1,1,2023,6.255454,hs
07/09/2023 10:15,4672,250,1015,ambient,1,1,2023,6.207832,hs
07/09/2023 10:30,4673,250,1030,ambient,1,1,2023,5.625246,hs
07/09/2023 10:45,4674,250,1045,ambient,1,1,2023,6.334309,hs
07/09/2023 11:00,4675,250,1100,ambient,1,1,2023,7.632323,hs
07/09/2023 11:15,4676,250,1115,ambient,1,1,2023,11.05709,hs
07/09/2023 11:30,4677,250,1130,ambient,1,1,2023,10.59989,hs
07/09/2023 11:45,4678,250,1145,ambient,1,1,2023,10.89704,hs
07/09/2023 12:00,4679,250,1200,ambient,1,1,2023,9.979615,hs
07/09/2023 12:15,4680,250,1215,ambient,1,1,2023,10.2772,hs
07/09/2023 12:30,4681,250,1230,ambient,1,1,2023,12.25377,hs
07/09/2023 12:45,4682,250,1245,ambient,1,1,2023,12.41225,hs
07/09/2023 13:00,4683,250,1300,ambient,1,1,2023,10.95859,hs
07/09/2023 13:15,4684,250,1315,ambient,1,1,2023,8.876833,hs
07/09/2023 13:30,4685,250,1330,ambient,1,1,2023,8.467412,hs
07/09/2023 13:45,4686,250,1345,ambient,1,1,2023,7.069399,hs
07/09/2023 14:00,4687,250,1400,ambient,1,1,2023,7.001203,hs
07/09/2023 14:15,4688,250,1415,ambient,1,1,2023,6.967103,hs
07/09/2023 14:30,4689,250,1430,ambient,1,1,2023,6.914393,hs
07/09/2023 14:45,4690,250,1445,ambient,1,1,2023,7.412293,hs
07/09/2023 15:00,4691,250,1500,ambient,1,1,2023,6.060002,hs
07/09/2023 15:15,4692,250,1515,ambient,1,1,2023,5.564594,hs
07/09/2023 15:30,4693,250,1530,ambient,1,1,2023,5.533206,hs
07/09/2023 15:45,4694,250,1545,ambient,1,1,2023,8.086385,hs
07/09/2023 16:00,4695,250,1600,ambient,1,1,2023,6.763046,hs
07/09/2023 16:15,4696,250,1615,ambient,1,1,2023,7.679965,hs
07/09/2023 16:30,4697,250,1630,ambient,1,1,2023,7.210459,hs
07/09/2023 16:45,4698,250,1645,ambient,1,1,2023,4.768248,hs
07/09/2023 17:00,4699,250,1700,ambient,1,1,2023,3.412302,hs
07/09/2023 17:15,4700,250,1715,ambient,1,1,2023,2.491808,hs
07/09/2023 17:30,4701,250,1730,ambient,1,1,2023,2.182372,hs
07/09/2023 17:45,4702,250,1745,ambient,1,1,2023,2.655735,hs
07/09/2023 18:00,4703,250,1800,ambient,1,1,2023,2.662836,hs
07/09/2023 18:15,4704,250,1815,ambient,1,1,2023,1.861738,hs
07/09/2023 18:30,4705,250,1830,ambient,1,1,2023,1.339672,hs
07/09/2023 18:45,4706,250,1845,ambient,1,1,2023,1.065844,hs
07/09/2023 19:00,4707,250,1900,ambient,1,1,2023,1.026324,hs
07/09/2023 19:15,4708,250,1915,ambient,1,1,2023,1.021973,hs
07/09/2023 19:30,4709,250,1930,ambient,1,1,2023,0.9310317,hs
07/09/2023 19:45,4710,250,1945,ambient,1,1,2023,0.819169,hs
07/09/2023 20:00,4711,250,2000,ambient,1,1,2023,0.8044642,hs
07/09/2023 20:15,4712,250,2015,ambient,1,1,2023,0.6718274,hs
07/09/2023 20:30,4713,250,2030,ambient,1,1,2023,0.6288338,hs
07/09/2023 20:45,4714,250,2045,ambient,1,1,2023,0.6688566,hs
07/09/2023 21:00,4715,250,2100,ambient,1,1,2023,0.6772873,hs
07/09/2023 21:15,4716,250,2115,ambient,1,1,2023,0.551995,hs
07/09/2023 21:30,4717,250,2130,ambient,1,1,2023,0.4803663,hs
07/09/2023 21:45,4718,250,2145,ambient,1,1,2023,0.5415472,hs
07/09/2023 22:00,4719,250,2200,ambient,1,1,2023,0.4632553,hs
07/09/2023 22:15,4720,250,2215,ambient,1,1,2023,0.3676219,hs
07/09/2023 22:30,4721,250,2230,ambient,1,1,2023,0.351727,hs
07/09/2023 22:45,4722,250,2245,ambient,1,1,2023,0.344685,hs
07/09/2023 23:00,4723,250,2300,ambient,1,1,2023,0.4055472,hs
07/09/2023 23:15,4724,250,2315,ambient,1,1,2023,0.346371,hs
07/09/2023 23:30,4725,250,2330,ambient,1,1,2023,0.2833048,hs
07/09/2023 23:45,4726,250,2345,ambient,1,1,2023,0.3427516,hs
08/09/2023 00:00,4727,251,0,ambient,1,1,2023,0.2877112,hs
08/09/2023 00:15,4728,251,15,ambient,1,1,2023,0.2245162,hs
08/09/2023 00:30,4729,251,30,ambient,1,1,2023,0.1195981,hs
08/09/2023 00:45,4730,251,45,ambient,1,1,2023,0,hs
08/09/2023 01:00,4731,251,100,ambient,1,1,2023,0,hs
08/09/2023 01:15,4732,251,115,ambient,1,1,2023,0,hs
08/09/2023 01:30,4733,251,130,ambient,1,1,2023,0,hs
08/09/2023 01:45,4734,251,145,ambient,1,1,2023,0,hs
08/09/2023 02:00,4735,251,200,ambient,1,1,2023,0,hs
08/09/2023 02:15,4736,251,215,ambient,1,1,2023,0,hs
08/09/2023 02:30,4737,251,230,ambient,1,1,2023,0,hs
08/09/2023 02:45,4738,251,245,ambient,1,1,2023,0,hs
08/09/2023 03:00,4739,251,300,ambient,1,1,2023,0,hs
08/09/2023 03:15,4740,251,315,ambient,1,1,2023,0,hs
08/09/2023 03:30,4741,251,330,ambient,1,1,2023,0,hs
08/09/2023 03:45,4742,251,345,ambient,1,1,2023,0,hs
08/09/2023 04:00,4743,251,400,ambient,1,1,2023,0,hs
08/09/2023 04:15,4744,251,415,ambient,1,1,2023,0,hs
08/09/2023 04:30,4745,251,430,ambient,1,1,2023,0,hs
08/09/2023 04:45,4746,251,445,ambient,1,1,2023,0,hs
08/09/2023 05:00,4747,251,500,ambient,1,1,2023,0,hs
08/09/2023 05:15,4748,251,515,ambient,1,1,2023,0,hs
08/09/2023 05:30,4749,251,530,ambient,1,1,2023,0,hs
08/09/2023 05:45,4750,251,545,ambient,1,1,2023,0,hs
08/09/2023 06:00,4751,251,600,ambient,1,1,2023,0,hs
08/09/2023 06:15,4752,251,615,ambient,1,1,2023,0,hs
08/09/2023 06:30,4753,251,630,ambient,1,1,2023,0,hs
08/09/2023 06:45,4754,251,645,ambient,1,1,2023,0,hs
08/09/2023 07:00,4755,251,700,ambient,1,1,2023,0,hs
08/09/2023 07:15,4756,251,715,ambient,1,1,2023,0,hs
08/09/2023 07:30,4757,251,730,ambient,1,1,2023,0,hs
08/09/2023 07:45,4758,251,745,ambient,1,1,2023,0,hs
08/09/2023 08:00,4759,251,800,ambient,1,1,2023,0,hs
08/09/2023 08:15,4760,251,815,ambient,1,1,2023,0,hs
08/09/2023 08:30,4761,251,830,ambient,1,1,2023,3.529503,hs
08/09/2023 08:45,4762,251,845,ambient,1,1,2023,2.223752,hs
08/09/2023 09:00,4763,251,900,ambient,1,1,2023,3.039574,hs
08/09/2023 09:15,4764,251,915,ambient,1,1,2023,4.83925,hs
08/09/2023 09:30,4765,251,930,ambient,1,1,2023,6.514037,hs
08/09/2023 09:45,4766,251,945,ambient,1,1,2023,7.807285,hs
08/09/2023 10:00,4767,251,1000,ambient,1,1,2023,7.012994,hs
08/09/2023 10:15,4768,251,1015,ambient,1,1,2023,6.745111,hs
08/09/2023 10:30,4769,251,1030,ambient,1,1,2023,6.519671,hs
08/09/2023 10:45,4770,251,1045,ambient,1,1,2023,6.589496,hs
08/09/2023 11:00,4771,251,1100,ambient,1,1,2023,7.048317,hs
08/09/2023 11:15,4772,251,1115,ambient,1,1,2023,8.441973,hs
08/09/2023 11:30,4773,251,1130,ambient,1,1,2023,10.04841,hs
08/09/2023 11:45,4774,251,1145,ambient,1,1,2023,10.71294,hs
08/09/2023 12:00,4775,251,1200,ambient,1,1,2023,12.12071,hs
08/09/2023 12:15,4776,251,1215,ambient,1,1,2023,11.36545,hs
08/09/2023 12:30,4777,251,1230,ambient,1,1,2023,11.05927,hs
08/09/2023 12:45,4778,251,1245,ambient,1,1,2023,12.34184,hs
08/09/2023 13:00,4779,251,1300,ambient,1,1,2023,12.70142,hs
08/09/2023 13:15,4780,251,1315,ambient,1,1,2023,11.16707,hs
08/09/2023 13:30,4781,251,1330,ambient,1,1,2023,10.68623,hs
08/09/2023 13:45,4782,251,1345,ambient,1,1,2023,12.46078,hs
08/09/2023 14:00,4783,251,1400,ambient,1,1,2023,12.51061,hs
08/09/2023 14:15,4784,251,1415,ambient,1,1,2023,12.55163,hs
08/09/2023 14:30,4785,251,1430,ambient,1,1,2023,12.36607,hs
08/09/2023 14:45,4786,251,1445,ambient,1,1,2023,11.15418,hs
08/09/2023 15:00,4787,251,1500,ambient,1,1,2023,11.20019,hs
08/09/2023 15:15,4788,251,1515,ambient,1,1,2023,13.21925,hs
08/09/2023 15:30,4789,251,1530,ambient,1,1,2023,15.06714,hs
08/09/2023 15:45,4790,251,1545,ambient,1,1,2023,12.03379,hs
08/09/2023 16:00,4791,251,1600,ambient,1,1,2023,7.970317,hs
08/09/2023 16:15,4792,251,1615,ambient,1,1,2023,8.277625,hs
08/09/2023 16:30,4793,251,1630,ambient,1,1,2023,9.494896,hs
08/09/2023 16:45,4794,251,1645,ambient,1,1,2023,7.823737,hs
08/09/2023 17:00,4795,251,1700,ambient,1,1,2023,7.697039,hs
08/09/2023 17:15,4796,251,1715,ambient,1,1,2023,7.693548,hs
08/09/2023 17:30,4797,251,1730,ambient,1,1,2023,6.032608,hs
08/09/2023 17:45,4798,251,1745,ambient,1,1,2023,5.182089,hs
08/09/2023 18:00,4799,251,1800,ambient,1,1,2023,4.751967,hs
08/09/2023 18:15,4800,251,1815,ambient,1,1,2023,4.285898,hs
08/09/2023 18:30,4801,251,1830,ambient,1,1,2023,3.75207,hs
08/09/2023 18:45,4802,251,1845,ambient,1,1,2023,2.665769,hs
08/09/2023 19:00,4803,251,1900,ambient,1,1,2023,1.81163,hs
08/09/2023 19:15,4804,251,1915,ambient,1,1,2023,1.234508,hs
08/09/2023 19:30,4805,251,1930,ambient,1,1,2023,0.9752116,hs
08/09/2023 19:45,4806,251,1945,ambient,1,1,2023,0.9968782,hs
08/09/2023 20:00,4807,251,2000,ambient,1,1,2023,1.069641,hs
08/09/2023 20:15,4808,251,2015,ambient,1,1,2023,0.9706998,hs
08/09/2023 20:30,4809,251,2030,ambient,1,1,2023,0.9540842,hs
08/09/2023 20:45,4810,251,2045,ambient,1,1,2023,1.098343,hs
08/09/2023 21:00,4811,251,2100,ambient,1,1,2023,1.223599,hs
08/09/2023 21:15,4812,251,2115,ambient,1,1,2023,1.294155,hs
08/09/2023 21:30,4813,251,2130,ambient,1,1,2023,1.295472,hs
08/09/2023 21:45,4814,251,2145,ambient,1,1,2023,1.229216,hs
08/09/2023 22:00,4815,251,2200,ambient,1,1,2023,1.173904,hs
08/09/2023 22:15,4816,251,2215,ambient,1,1,2023,1.112672,hs
08/09/2023 22:30,4817,251,2230,ambient,1,1,2023,1.107256,hs
08/09/2023 22:45,4818,251,2245,ambient,1,1,2023,1.154822,hs
08/09/2023 23:00,4819,251,2300,ambient,1,1,2023,1.146287,hs
08/09/2023 23:15,4820,251,2315,ambient,1,1,2023,1.108578,hs
08/09/2023 23:30,4821,251,2330,ambient,1,1,2023,1.148682,hs
08/09/2023 23:45,4822,251,2345,ambient,1,1,2023,1.165794,hs
09/09/2023 00:00,4823,252,0,ambient,1,1,2023,1.194248,hs
09/09/2023 00:15,4824,252,15,ambient,1,1,2023,1.210223,hs
09/09/2023 00:30,4825,252,30,ambient,1,1,2023,1.174396,hs
09/09/2023 00:45,4826,252,45,ambient,1,1,2023,1.169173,hs
09/09/2023 01:00,4827,252,100,ambient,1,1,2023,0.9925383,hs
09/09/2023 01:15,4828,252,115,ambient,1,1,2023,0.6485186,hs
09/09/2023 01:30,4829,252,130,ambient,1,1,2023,0.4991693,hs
09/09/2023 01:45,4830,252,145,ambient,1,1,2023,0.3932102,hs
09/09/2023 02:00,4831,252,200,ambient,1,1,2023,0.4833832,hs
09/09/2023 02:15,4832,252,215,ambient,1,1,2023,0.6473545,hs
09/09/2023 02:30,4833,252,230,ambient,1,1,2023,0.7263687,hs
09/09/2023 02:45,4834,252,245,ambient,1,1,2023,0,hs
09/09/2023 03:00,4835,252,300,ambient,1,1,2023,0,hs
09/09/2023 03:15,4836,252,315,ambient,1,1,2023,0,hs
09/09/2023 03:30,4837,252,330,ambient,1,1,2023,0,hs
09/09/2023 03:45,4838,252,345,ambient,1,1,2023,0,hs
09/09/2023 04:00,4839,252,400,ambient,1,1,2023,0,hs
09/09/2023 04:15,4840,252,415,ambient,1,1,2023,0,hs
09/09/2023 04:30,4841,252,430,ambient,1,1,2023,0,hs
09/09/2023 04:45,4842,252,445,ambient,1,1,2023,0,hs
09/09/2023 05:00,4843,252,500,ambient,1,1,2023,0,hs
09/09/2023 05:15,4844,252,515,ambient,1,1,2023,0,hs
09/09/2023 05:30,4845,252,530,ambient,1,1,2023,0,hs
09/09/2023 05:45,4846,252,545,ambient,1,1,2023,0,hs
09/09/2023 06:00,4847,252,600,ambient,1,1,2023,0,hs
09/09/2023 06:15,4848,252,615,ambient,1,1,2023,0,hs
09/09/2023 06:30,4849,252,630,ambient,1,1,2023,0,hs
09/09/2023 06:45,4850,252,645,ambient,1,1,2023,0,hs
09/09/2023 07:00,4851,252,700,ambient,1,1,2023,0,hs
09/09/2023 07:15,4852,252,715,ambient,1,1,2023,0,hs
09/09/2023 07:30,4853,252,730,ambient,1,1,2023,0,hs
09/09/2023 07:45,4854,252,745,ambient,1,1,2023,0,hs
09/09/2023 08:00,4855,252,800,ambient,1,1,2023,0,hs
09/09/2023 08:15,4856,252,815,ambient,1,1,2023,2.240809,hs
09/09/2023 08:30,4857,252,830,ambient,1,1,2023,1.729176,hs
09/09/2023 08:45,4858,252,845,ambient,1,1,2023,1.540425,hs
09/09/2023 09:00,4859,252,900,ambient,1,1,2023,2.044747,hs
09/09/2023 09:15,4860,252,915,ambient,1,1,2023,3.071142,hs
09/09/2023 09:30,4861,252,930,ambient,1,1,2023,5.146019,hs
09/09/2023 09:45,4862,252,945,ambient,1,1,2023,7.76311,hs
09/09/2023 10:00,4863,252,1000,ambient,1,1,2023,9.390975,hs
09/09/2023 10:15,4864,252,1015,ambient,1,1,2023,11.20355,hs
09/09/2023 10:30,4865,252,1030,ambient,1,1,2023,13.04588,hs
09/09/2023 10:45,4866,252,1045,ambient,1,1,2023,13.80451,hs
09/09/2023 11:00,4867,252,1100,ambient,1,1,2023,12.35284,hs
09/09/2023 11:15,4868,252,1115,ambient,1,1,2023,10.68294,hs
09/09/2023 11:30,4869,252,1130,ambient,1,1,2023,11.528,hs
09/09/2023 11:45,4870,252,1145,ambient,1,1,2023,16.08379,hs
09/09/2023 12:00,4871,252,1200,ambient,1,1,2023,17.37352,hs
09/09/2023 12:15,4872,252,1215,ambient,1,1,2023,12.77438,hs
09/09/2023 12:30,4873,252,1230,ambient,1,1,2023,10.61526,hs
09/09/2023 12:45,4874,252,1245,ambient,1,1,2023,15.43854,hs
09/09/2023 13:00,4875,252,1300,ambient,1,1,2023,10.54795,hs
09/09/2023 13:15,4876,252,1315,ambient,1,1,2023,11.36433,hs
09/09/2023 13:30,4877,252,1330,ambient,1,1,2023,14.81014,hs
09/09/2023 13:45,4878,252,1345,ambient,1,1,2023,18.11599,hs
09/09/2023 14:00,4879,252,1400,ambient,1,1,2023,15.2961,hs
09/09/2023 14:15,4880,252,1415,ambient,1,1,2023,13.51518,hs
09/09/2023 14:30,4881,252,1430,ambient,1,1,2023,10.75787,hs
09/09/2023 14:45,4882,252,1445,ambient,1,1,2023,11.43978,hs
09/09/2023 15:00,4883,252,1500,ambient,1,1,2023,11.88827,hs
09/09/2023 15:15,4884,252,1515,ambient,1,1,2023,15.5999,hs
09/09/2023 15:30,4885,252,1530,ambient,1,1,2023,14.78249,hs
09/09/2023 15:45,4886,252,1545,ambient,1,1,2023,13.27141,hs
09/09/2023 16:00,4887,252,1600,ambient,1,1,2023,14.39978,hs
09/09/2023 16:15,4888,252,1615,ambient,1,1,2023,11.55223,hs
09/09/2023 16:30,4889,252,1630,ambient,1,1,2023,11.12213,hs
09/09/2023 16:45,4890,252,1645,ambient,1,1,2023,10.46833,hs
09/09/2023 17:00,4891,252,1700,ambient,1,1,2023,10.01186,hs
09/09/2023 17:15,4892,252,1715,ambient,1,1,2023,8.83482,hs
09/09/2023 17:30,4893,252,1730,ambient,1,1,2023,8.197413,hs
09/09/2023 17:45,4894,252,1745,ambient,1,1,2023,7.460868,hs
09/09/2023 18:00,4895,252,1800,ambient,1,1,2023,6.583052,hs
09/09/2023 18:15,4896,252,1815,ambient,1,1,2023,5.530527,hs
09/09/2023 18:30,4897,252,1830,ambient,1,1,2023,4.300247,hs
09/09/2023 18:45,4898,252,1845,ambient,1,1,2023,3.018309,hs
09/09/2023 19:00,4899,252,1900,ambient,1,1,2023,1.888412,hs
09/09/2023 19:15,4900,252,1915,ambient,1,1,2023,0.774148,hs
09/09/2023 19:30,4901,252,1930,ambient,1,1,2023,0.00262525,hs
09/09/2023 19:45,4902,252,1945,ambient,1,1,2023,0,hs
09/09/2023 20:00,4903,252,2000,ambient,1,1,2023,0,hs
09/09/2023 20:15,4904,252,2015,ambient,1,1,2023,0,hs
09/09/2023 20:30,4905,252,2030,ambient,1,1,2023,0,hs
09/09/2023 20:45,4906,252,2045,ambient,1,1,2023,0,hs
09/09/2023 21:00,4907,252,2100,ambient,1,1,2023,0,hs
09/09/2023 21:15,4908,252,2115,ambient,1,1,2023,0,hs
09/09/2023 21:30,4909,252,2130,ambient,1,1,2023,0,hs
09/09/2023 21:45,4910,252,2145,ambient,1,1,2023,0,hs
09/09/2023 22:00,4911,252,2200,ambient,1,1,2023,0,hs
09/09/2023 22:15,4912,252,2215,ambient,1,1,2023,0,hs
09/09/2023 22:30,4913,252,2230,ambient,1,1,2023,0,hs
09/09/2023 22:45,4914,252,2245,ambient,1,1,2023,0,hs
09/09/2023 23:00,4915,252,2300,ambient,1,1,2023,0,hs
09/09/2023 23:15,4916,252,2315,ambient,1,1,2023,0,hs
09/09/2023 23:30,4917,252,2330,ambient,1,1,2023,0,hs
09/09/2023 23:45,4918,252,2345,ambient,1,1,2023,0,hs
10/09/2023 00:00,4919,253,0,ambient,1,1,2023,0,hs
10/09/2023 00:15,4920,253,15,ambient,1,1,2023,0,hs
10/09/2023 00:30,4921,253,30,ambient,1,1,2023,0,hs
10/09/2023 00:45,4922,253,45,ambient,1,1,2023,0,hs
10/09/2023 01:00,4923,253,100,ambient,1,1,2023,0,hs
10/09/2023 01:15,4924,253,115,ambient,1,1,2023,0,hs
10/09/2023 01:30,4925,253,130,ambient,1,1,2023,0,hs
10/09/2023 01:45,4926,253,145,ambient,1,1,2023,0,hs
10/09/2023 02:00,4927,253,200,ambient,1,1,2023,0,hs
10/09/2023 02:15,4928,253,215,ambient,1,1,2023,0,hs
10/09/2023 02:30,4929,253,230,ambient,1,1,2023,0,hs
10/09/2023 02:45,4930,253,245,ambient,1,1,2023,0,hs
10/09/2023 03:00,4931,253,300,ambient,1,1,2023,0,hs
10/09/2023 03:15,4932,253,315,ambient,1,1,2023,0,hs
10/09/2023 03:30,4933,253,330,ambient,1,1,2023,0,hs
10/09/2023 03:45,4934,253,345,ambient,1,1,2023,0,hs
10/09/2023 04:00,4935,253,400,ambient,1,1,2023,0,hs
10/09/2023 04:15,4936,253,415,ambient,1,1,2023,0,hs
10/09/2023 04:30,4937,253,430,ambient,1,1,2023,0,hs
10/09/2023 04:45,4938,253,445,ambient,1,1,2023,0,hs
10/09/2023 05:00,4939,253,500,ambient,1,1,2023,0,hs
10/09/2023 05:15,4940,253,515,ambient,1,1,2023,0,hs
10/09/2023 05:30,4941,253,530,ambient,1,1,2023,0,hs
10/09/2023 05:45,4942,253,545,ambient,1,1,2023,0,hs
10/09/2023 06:00,4943,253,600,ambient,1,1,2023,0,hs
10/09/2023 06:15,4944,253,615,ambient,1,1,2023,0,hs
10/09/2023 06:30,4945,253,630,ambient,1,1,2023,0,hs
10/09/2023 06:45,4946,253,645,ambient,1,1,2023,0,hs
10/09/2023 07:00,4947,253,700,ambient,1,1,2023,0,hs
10/09/2023 07:15,4948,253,715,ambient,1,1,2023,0,hs
10/09/2023 07:30,4949,253,730,ambient,1,1,2023,0,hs
10/09/2023 07:45,4950,253,745,ambient,1,1,2023,0,hs
10/09/2023 08:00,4951,253,800,ambient,1,1,2023,0,hs
10/09/2023 08:15,4952,253,815,ambient,1,1,2023,0,hs
10/09/2023 08:30,4953,253,830,ambient,1,1,2023,4.348464,hs
10/09/2023 08:45,4954,253,845,ambient,1,1,2023,3.042666,hs
10/09/2023 09:00,4955,253,900,ambient,1,1,2023,2.611274,hs
10/09/2023 09:15,4956,253,915,ambient,1,1,2023,2.900293,hs
10/09/2023 09:30,4957,253,930,ambient,1,1,2023,3.887496,hs
10/09/2023 09:45,4958,253,945,ambient,1,1,2023,5.515385,hs
10/09/2023 10:00,4959,253,1000,ambient,1,1,2023,7.841838,hs
10/09/2023 10:15,4960,253,1015,ambient,1,1,2023,11.07893,hs
10/09/2023 10:30,4961,253,1030,ambient,1,1,2023,15.02086,hs
10/09/2023 10:45,4962,253,1045,ambient,1,1,2023,17.12685,hs
10/09/2023 11:00,4963,253,1100,ambient,1,1,2023,15.63832,hs
10/09/2023 11:15,4964,253,1115,ambient,1,1,2023,13.85497,hs
10/09/2023 11:30,4965,253,1130,ambient,1,1,2023,13.05169,hs
10/09/2023 11:45,4966,253,1145,ambient,1,1,2023,13.06666,hs
10/09/2023 12:00,4967,253,1200,ambient,1,1,2023,12.97669,hs
10/09/2023 12:15,4968,253,1215,ambient,1,1,2023,12.93591,hs
10/09/2023 12:30,4969,253,1230,ambient,1,1,2023,12.69934,hs
10/09/2023 12:45,4970,253,1245,ambient,1,1,2023,12.96345,hs
10/09/2023 13:00,4971,253,1300,ambient,1,1,2023,13.67037,hs
10/09/2023 13:15,4972,253,1315,ambient,1,1,2023,13.82144,hs
10/09/2023 13:30,4973,253,1330,ambient,1,1,2023,13.6362,hs
10/09/2023 13:45,4974,253,1345,ambient,1,1,2023,13.9178,hs
10/09/2023 14:00,4975,253,1400,ambient,1,1,2023,13.49665,hs
10/09/2023 14:15,4976,253,1415,ambient,1,1,2023,13.51913,hs
10/09/2023 14:30,4977,253,1430,ambient,1,1,2023,13.53813,hs
10/09/2023 14:45,4978,253,1445,ambient,1,1,2023,13.86959,hs
10/09/2023 15:00,4979,253,1500,ambient,1,1,2023,13.8092,hs
10/09/2023 15:15,4980,253,1515,ambient,1,1,2023,13.43832,hs
10/09/2023 15:30,4981,253,1530,ambient,1,1,2023,13.4986,hs
10/09/2023 15:45,4982,253,1545,ambient,1,1,2023,12.99023,hs
10/09/2023 16:00,4983,253,1600,ambient,1,1,2023,13.34997,hs
10/09/2023 16:15,4984,253,1615,ambient,1,1,2023,12.49959,hs
10/09/2023 16:30,4985,253,1630,ambient,1,1,2023,11.83896,hs
10/09/2023 16:45,4986,253,1645,ambient,1,1,2023,11.28641,hs
10/09/2023 17:00,4987,253,1700,ambient,1,1,2023,11.17653,hs
10/09/2023 17:15,4988,253,1715,ambient,1,1,2023,10.3886,hs
10/09/2023 17:30,4989,253,1730,ambient,1,1,2023,9.400088,hs
10/09/2023 17:45,4990,253,1745,ambient,1,1,2023,8.41201,hs
10/09/2023 18:00,4991,253,1800,ambient,1,1,2023,7.295135,hs
10/09/2023 18:15,4992,253,1815,ambient,1,1,2023,5.787876,hs
10/09/2023 18:30,4993,253,1830,ambient,1,1,2023,3.790427,hs
10/09/2023 18:45,4994,253,1845,ambient,1,1,2023,1.470071,hs
10/09/2023 19:00,4995,253,1900,ambient,1,1,2023,0.02920888,hs
10/09/2023 19:15,4996,253,1915,ambient,1,1,2023,0,hs
10/09/2023 19:30,4997,253,1930,ambient,1,1,2023,0,hs
10/09/2023 19:45,4998,253,1945,ambient,1,1,2023,0,hs
10/09/2023 20:00,4999,253,2000,ambient,1,1,2023,0,hs
10/09/2023 20:15,5000,253,2015,ambient,1,1,2023,0,hs
10/09/2023 20:30,5001,253,2030,ambient,1,1,2023,0,hs
10/09/2023 20:45,5002,253,2045,ambient,1,1,2023,0,hs
10/09/2023 21:00,5003,253,2100,ambient,1,1,2023,0,hs
10/09/2023 21:15,5004,253,2115,ambient,1,1,2023,0,hs
10/09/2023 21:30,5005,253,2130,ambient,1,1,2023,0,hs
10/09/2023 21:45,5006,253,2145,ambient,1,1,2023,0,hs
10/09/2023 22:00,5007,253,2200,ambient,1,1,2023,0,hs
10/09/2023 22:15,5008,253,2215,ambient,1,1,2023,0,hs
10/09/2023 22:30,5009,253,2230,ambient,1,1,2023,0,hs
10/09/2023 22:45,5010,253,2245,ambient,1,1,2023,0,hs
10/09/2023 23:00,5011,253,2300,ambient,1,1,2023,0,hs
10/09/2023 23:15,5012,253,2315,ambient,1,1,2023,0,hs
10/09/2023 23:30,5013,253,2330,ambient,1,1,2023,0,hs
10/09/2023 23:45,5014,253,2345,ambient,1,1,2023,0,hs
11/09/2023 00:00,5015,254,0,ambient,1,1,2023,0,hs
11/09/2023 00:15,5016,254,15,ambient,1,1,2023,0,hs
11/09/2023 00:30,5017,254,30,ambient,1,1,2023,0,hs
11/09/2023 00:45,5018,254,45,ambient,1,1,2023,0,hs
11/09/2023 01:00,5019,254,100,ambient,1,1,2023,0,hs
11/09/2023 01:15,5020,254,115,ambient,1,1,2023,0,hs
11/09/2023 01:30,5021,254,130,ambient,1,1,2023,0,hs
11/09/2023 01:45,5022,254,145,ambient,1,1,2023,0,hs
11/09/2023 02:00,5023,254,200,ambient,1,1,2023,0,hs
11/09/2023 02:15,5024,254,215,ambient,1,1,2023,0,hs
11/09/2023 02:30,5025,254,230,ambient,1,1,2023,0,hs
11/09/2023 02:45,5026,254,245,ambient,1,1,2023,0,hs
11/09/2023 03:00,5027,254,300,ambient,1,1,2023,0,hs
11/09/2023 03:15,5028,254,315,ambient,1,1,2023,0,hs
11/09/2023 03:30,5029,254,330,ambient,1,1,2023,0,hs
11/09/2023 03:45,5030,254,345,ambient,1,1,2023,0,hs
11/09/2023 04:00,5031,254,400,ambient,1,1,2023,0,hs
11/09/2023 04:15,5032,254,415,ambient,1,1,2023,0,hs
11/09/2023 04:30,5033,254,430,ambient,1,1,2023,0,hs
11/09/2023 04:45,5034,254,445,ambient,1,1,2023,0,hs
11/09/2023 05:00,5035,254,500,ambient,1,1,2023,0,hs
11/09/2023 05:15,5036,254,515,ambient,1,1,2023,0,hs
11/09/2023 05:30,5037,254,530,ambient,1,1,2023,0,hs
11/09/2023 05:45,5038,254,545,ambient,1,1,2023,0,hs
11/09/2023 06:00,5039,254,600,ambient,1,1,2023,0,hs
11/09/2023 06:15,5040,254,615,ambient,1,1,2023,0,hs
11/09/2023 06:30,5041,254,630,ambient,1,1,2023,0,hs
11/09/2023 06:45,5042,254,645,ambient,1,1,2023,0,hs
11/09/2023 07:00,5043,254,700,ambient,1,1,2023,0,hs
11/09/2023 07:15,5044,254,715,ambient,1,1,2023,0,hs
11/09/2023 07:30,5045,254,730,ambient,1,1,2023,0,hs
11/09/2023 07:45,5046,254,745,ambient,1,1,2023,0,hs
11/09/2023 08:00,5047,254,800,ambient,1,1,2023,0,hs
11/09/2023 08:15,5048,254,815,ambient,1,1,2023,3.499109,hs
11/09/2023 08:30,5049,254,830,ambient,1,1,2023,2.258239,hs
11/09/2023 08:45,5050,254,845,ambient,1,1,2023,2.692326,hs
11/09/2023 09:00,5051,254,900,ambient,1,1,2023,4.655052,hs
11/09/2023 09:15,5052,254,915,ambient,1,1,2023,7.843431,hs
11/09/2023 09:30,5053,254,930,ambient,1,1,2023,9.376103,hs
11/09/2023 09:45,5054,254,945,ambient,1,1,2023,10.00878,hs
11/09/2023 10:00,5055,254,1000,ambient,1,1,2023,9.24119,hs
11/09/2023 10:15,5056,254,1015,ambient,1,1,2023,12.2193,hs
11/09/2023 10:30,5057,254,1030,ambient,1,1,2023,14.25892,hs
11/09/2023 10:45,5058,254,1045,ambient,1,1,2023,14.44542,hs
11/09/2023 11:00,5059,254,1100,ambient,1,1,2023,12.23859,hs
11/09/2023 11:15,5060,254,1115,ambient,1,1,2023,10.09459,hs
11/09/2023 11:30,5061,254,1130,ambient,1,1,2023,9.636154,hs
11/09/2023 11:45,5062,254,1145,ambient,1,1,2023,10.95985,hs
11/09/2023 12:00,5063,254,1200,ambient,1,1,2023,13.59739,hs
11/09/2023 12:15,5064,254,1215,ambient,1,1,2023,15.5943,hs
11/09/2023 12:30,5065,254,1230,ambient,1,1,2023,15.80674,hs
11/09/2023 12:45,5066,254,1245,ambient,1,1,2023,14.06618,hs
11/09/2023 13:00,5067,254,1300,ambient,1,1,2023,15.14248,hs
11/09/2023 13:15,5068,254,1315,ambient,1,1,2023,13.81813,hs
11/09/2023 13:30,5069,254,1330,ambient,1,1,2023,12.7281,hs
11/09/2023 13:45,5070,254,1345,ambient,1,1,2023,11.81795,hs
11/09/2023 14:00,5071,254,1400,ambient,1,1,2023,11.73014,hs
11/09/2023 14:15,5072,254,1415,ambient,1,1,2023,10.74444,hs
11/09/2023 14:30,5073,254,1430,ambient,1,1,2023,8.209318,hs
11/09/2023 14:45,5074,254,1445,ambient,1,1,2023,6.962477,hs
11/09/2023 15:00,5075,254,1500,ambient,1,1,2023,9.455428,hs
11/09/2023 15:15,5076,254,1515,ambient,1,1,2023,9.670156,hs
11/09/2023 15:30,5077,254,1530,ambient,1,1,2023,8.931705,hs
11/09/2023 15:45,5078,254,1545,ambient,1,1,2023,7.460361,hs
11/09/2023 16:00,5079,254,1600,ambient,1,1,2023,5.897947,hs
11/09/2023 16:15,5080,254,1615,ambient,1,1,2023,3.533528,hs
11/09/2023 16:30,5081,254,1630,ambient,1,1,2023,2.439749,hs
11/09/2023 16:45,5082,254,1645,ambient,1,1,2023,2.597923,hs
11/09/2023 17:00,5083,254,1700,ambient,1,1,2023,2.734771,hs
11/09/2023 17:15,5084,254,1715,ambient,1,1,2023,1.249127,hs
11/09/2023 17:30,5085,254,1730,ambient,1,1,2023,0.4624211,hs
11/09/2023 17:45,5086,254,1745,ambient,1,1,2023,0.5881827,hs
11/09/2023 18:00,5087,254,1800,ambient,1,1,2023,0.915062,hs
11/09/2023 18:15,5088,254,1815,ambient,1,1,2023,0.8105927,hs
11/09/2023 18:30,5089,254,1830,ambient,1,1,2023,0.4958985,hs
11/09/2023 18:45,5090,254,1845,ambient,1,1,2023,0.3621799,hs
11/09/2023 19:00,5091,254,1900,ambient,1,1,2023,0.1674901,hs
11/09/2023 19:15,5092,254,1915,ambient,1,1,2023,0,hs
11/09/2023 19:30,5093,254,1930,ambient,1,1,2023,0,hs
11/09/2023 19:45,5094,254,1945,ambient,1,1,2023,0,hs
11/09/2023 20:00,5095,254,2000,ambient,1,1,2023,0,hs
11/09/2023 20:15,5096,254,2015,ambient,1,1,2023,0,hs
11/09/2023 20:30,5097,254,2030,ambient,1,1,2023,0,hs
11/09/2023 20:45,5098,254,2045,ambient,1,1,2023,0,hs
11/09/2023 21:00,5099,254,2100,ambient,1,1,2023,0,hs
11/09/2023 21:15,5100,254,2115,ambient,1,1,2023,0.05280258,hs
11/09/2023 21:30,5101,254,2130,ambient,1,1,2023,0,hs
11/09/2023 21:45,5102,254,2145,ambient,1,1,2023,0,hs
11/09/2023 22:00,5103,254,2200,ambient,1,1,2023,0,hs
11/09/2023 22:15,5104,254,2215,ambient,1,1,2023,0,hs
11/09/2023 22:30,5105,254,2230,ambient,1,1,2023,0,hs
11/09/2023 22:45,5106,254,2245,ambient,1,1,2023,0,hs
11/09/2023 23:00,5107,254,2300,ambient,1,1,2023,0,hs
11/09/2023 23:15,5108,254,2315,ambient,1,1,2023,0,hs
11/09/2023 23:30,5109,254,2330,ambient,1,1,2023,0,hs
11/09/2023 23:45,5110,254,2345,ambient,1,1,2023,0,hs
12/09/2023 00:00,5111,255,0,ambient,1,1,2023,0,hs
12/09/2023 00:15,5112,255,15,ambient,1,1,2023,0,hs
12/09/2023 00:30,5113,255,30,ambient,1,1,2023,0,hs
12/09/2023 00:45,5114,255,45,ambient,1,1,2023,0,hs
12/09/2023 01:00,5115,255,100,ambient,1,1,2023,0,hs
12/09/2023 01:15,5116,255,115,ambient,1,1,2023,0,hs
12/09/2023 01:30,5117,255,130,ambient,1,1,2023,0,hs
12/09/2023 01:45,5118,255,145,ambient,1,1,2023,0,hs
12/09/2023 02:00,5119,255,200,ambient,1,1,2023,0,hs
12/09/2023 02:15,5120,255,215,ambient,1,1,2023,0,hs
12/09/2023 02:30,5121,255,230,ambient,1,1,2023,0,hs
12/09/2023 02:45,5122,255,245,ambient,1,1,2023,0,hs
12/09/2023 03:00,5123,255,300,ambient,1,1,2023,0,hs
12/09/2023 03:15,5124,255,315,ambient,1,1,2023,0,hs
12/09/2023 03:30,5125,255,330,ambient,1,1,2023,0,hs
12/09/2023 03:45,5126,255,345,ambient,1,1,2023,0,hs
12/09/2023 04:00,5127,255,400,ambient,1,1,2023,0,hs
12/09/2023 04:15,5128,255,415,ambient,1,1,2023,0,hs
12/09/2023 04:30,5129,255,430,ambient,1,1,2023,0,hs
12/09/2023 04:45,5130,255,445,ambient,1,1,2023,0,hs
12/09/2023 05:00,5131,255,500,ambient,1,1,2023,0.4806908,hs
12/09/2023 05:15,5132,255,515,ambient,1,1,2023,0.7520102,hs
12/09/2023 05:30,5133,255,530,ambient,1,1,2023,0.4919819,hs
12/09/2023 05:45,5134,255,545,ambient,1,1,2023,0.5045558,hs
12/09/2023 06:00,5135,255,600,ambient,1,1,2023,0.3667131,hs
12/09/2023 06:15,5136,255,615,ambient,1,1,2023,0.03950265,hs
12/09/2023 06:30,5137,255,630,ambient,1,1,2023,0.1886266,hs
12/09/2023 06:45,5138,255,645,ambient,1,1,2023,0.2838639,hs
12/09/2023 07:00,5139,255,700,ambient,1,1,2023,0.3098223,hs
12/09/2023 07:15,5140,255,715,ambient,1,1,2023,0.6016612,hs
12/09/2023 07:30,5141,255,730,ambient,1,1,2023,0.4128412,hs
12/09/2023 07:45,5142,255,745,ambient,1,1,2023,0.5277056,hs
12/09/2023 08:00,5143,255,800,ambient,1,1,2023,1.022323,hs
12/09/2023 08:15,5144,255,815,ambient,1,1,2023,1.608396,hs
12/09/2023 08:30,5145,255,830,ambient,1,1,2023,2.282933,hs
12/09/2023 08:45,5146,255,845,ambient,1,1,2023,2.758876,hs
12/09/2023 09:00,5147,255,900,ambient,1,1,2023,4.211621,hs
12/09/2023 09:15,5148,255,915,ambient,1,1,2023,6.677577,hs
12/09/2023 09:30,5149,255,930,ambient,1,1,2023,8.203759,hs
12/09/2023 09:45,5150,255,945,ambient,1,1,2023,9.425916,hs
12/09/2023 10:00,5151,255,1000,ambient,1,1,2023,9.563091,hs
12/09/2023 10:15,5152,255,1015,ambient,1,1,2023,10.61139,hs
12/09/2023 10:30,5153,255,1030,ambient,1,1,2023,11.64609,hs
12/09/2023 10:45,5154,255,1045,ambient,1,1,2023,11.48408,hs
12/09/2023 11:00,5155,255,1100,ambient,1,1,2023,11.05935,hs
12/09/2023 11:15,5156,255,1115,ambient,1,1,2023,12.26158,hs
12/09/2023 11:30,5157,255,1130,ambient,1,1,2023,11.55438,hs
12/09/2023 11:45,5158,255,1145,ambient,1,1,2023,11.90307,hs
12/09/2023 12:00,5159,255,1200,ambient,1,1,2023,11.7653,hs
12/09/2023 12:15,5160,255,1215,ambient,1,1,2023,12.53291,hs
12/09/2023 12:30,5161,255,1230,ambient,1,1,2023,12.82003,hs
12/09/2023 12:45,5162,255,1245,ambient,1,1,2023,11.40286,hs
12/09/2023 13:00,5163,255,1300,ambient,1,1,2023,11.73643,hs
12/09/2023 13:15,5164,255,1315,ambient,1,1,2023,11.70759,hs
12/09/2023 13:30,5165,255,1330,ambient,1,1,2023,11.38542,hs
12/09/2023 13:45,5166,255,1345,ambient,1,1,2023,12.29777,hs
12/09/2023 14:00,5167,255,1400,ambient,1,1,2023,12.88237,hs
12/09/2023 14:15,5168,255,1415,ambient,1,1,2023,12.96166,hs
12/09/2023 14:30,5169,255,1430,ambient,1,1,2023,12.82969,hs
12/09/2023 14:45,5170,255,1445,ambient,1,1,2023,12.43871,hs
12/09/2023 15:00,5171,255,1500,ambient,1,1,2023,12.84799,hs
12/09/2023 15:15,5172,255,1515,ambient,1,1,2023,11.74459,hs
12/09/2023 15:30,5173,255,1530,ambient,1,1,2023,11.69689,hs
12/09/2023 15:45,5174,255,1545,ambient,1,1,2023,11.09788,hs
12/09/2023 16:00,5175,255,1600,ambient,1,1,2023,10.86821,hs
12/09/2023 16:15,5176,255,1615,ambient,1,1,2023,10.16781,hs
12/09/2023 16:30,5177,255,1630,ambient,1,1,2023,9.157079,hs
12/09/2023 16:45,5178,255,1645,ambient,1,1,2023,7.13075,hs
12/09/2023 17:00,5179,255,1700,ambient,1,1,2023,8.076896,hs
12/09/2023 17:15,5180,255,1715,ambient,1,1,2023,6.696693,hs
12/09/2023 17:30,5181,255,1730,ambient,1,1,2023,8.587174,hs
12/09/2023 17:45,5182,255,1745,ambient,1,1,2023,7.369594,hs
12/09/2023 18:00,5183,255,1800,ambient,1,1,2023,6.611378,hs
12/09/2023 18:15,5184,255,1815,ambient,1,1,2023,5.376515,hs
12/09/2023 18:30,5185,255,1830,ambient,1,1,2023,4.224948,hs
12/09/2023 18:45,5186,255,1845,ambient,1,1,2023,3.075939,hs
12/09/2023 19:00,5187,255,1900,ambient,1,1,2023,1.99723,hs
12/09/2023 19:15,5188,255,1915,ambient,1,1,2023,0.5996251,hs
12/09/2023 19:30,5189,255,1930,ambient,1,1,2023,0,hs
12/09/2023 19:45,5190,255,1945,ambient,1,1,2023,0,hs
12/09/2023 20:00,5191,255,2000,ambient,1,1,2023,0,hs
12/09/2023 20:15,5192,255,2015,ambient,1,1,2023,0,hs
12/09/2023 20:30,5193,255,2030,ambient,1,1,2023,0,hs
12/09/2023 20:45,5194,255,2045,ambient,1,1,2023,0,hs
12/09/2023 21:00,5195,255,2100,ambient,1,1,2023,0,hs
12/09/2023 21:15,5196,255,2115,ambient,1,1,2023,0,hs
12/09/2023 21:30,5197,255,2130,ambient,1,1,2023,0,hs
12/09/2023 21:45,5198,255,2145,ambient,1,1,2023,0,hs
12/09/2023 22:00,5199,255,2200,ambient,1,1,2023,0,hs
12/09/2023 22:15,5200,255,2215,ambient,1,1,2023,0,hs
12/09/2023 22:30,5201,255,2230,ambient,1,1,2023,0,hs
12/09/2023 22:45,5202,255,2245,ambient,1,1,2023,0,hs
12/09/2023 23:00,5203,255,2300,ambient,1,1,2023,0,hs
12/09/2023 23:15,5204,255,2315,ambient,1,1,2023,0,hs
12/09/2023 23:30,5205,255,2330,ambient,1,1,2023,0,hs
12/09/2023 23:45,5206,255,2345,ambient,1,1,2023,0,hs
13/09/2023 00:00,5207,256,0,ambient,1,1,2023,0,hs
13/09/2023 00:15,5208,256,15,ambient,1,1,2023,0,hs
13/09/2023 00:30,5209,256,30,ambient,1,1,2023,0,hs
13/09/2023 00:45,5210,256,45,ambient,1,1,2023,0,hs
13/09/2023 01:00,5211,256,100,ambient,1,1,2023,0,hs
13/09/2023 01:15,5212,256,115,ambient,1,1,2023,0,hs
13/09/2023 01:30,5213,256,130,ambient,1,1,2023,0,hs
13/09/2023 01:45,5214,256,145,ambient,1,1,2023,0,hs
13/09/2023 02:00,5215,256,200,ambient,1,1,2023,0,hs
13/09/2023 02:15,5216,256,215,ambient,1,1,2023,0,hs
13/09/2023 02:30,5217,256,230,ambient,1,1,2023,0,hs
13/09/2023 02:45,5218,256,245,ambient,1,1,2023,0,hs
13/09/2023 03:00,5219,256,300,ambient,1,1,2023,0,hs
13/09/2023 03:15,5220,256,315,ambient,1,1,2023,0,hs
13/09/2023 03:30,5221,256,330,ambient,1,1,2023,0,hs
13/09/2023 03:45,5222,256,345,ambient,1,1,2023,0,hs
13/09/2023 04:00,5223,256,400,ambient,1,1,2023,0,hs
13/09/2023 04:15,5224,256,415,ambient,1,1,2023,0,hs
13/09/2023 04:30,5225,256,430,ambient,1,1,2023,0,hs
13/09/2023 04:45,5226,256,445,ambient,1,1,2023,0,hs
13/09/2023 05:00,5227,256,500,ambient,1,1,2023,0,hs
13/09/2023 05:15,5228,256,515,ambient,1,1,2023,0,hs
13/09/2023 05:30,5229,256,530,ambient,1,1,2023,0,hs
13/09/2023 05:45,5230,256,545,ambient,1,1,2023,0,hs
13/09/2023 06:00,5231,256,600,ambient,1,1,2023,0,hs
13/09/2023 06:15,5232,256,615,ambient,1,1,2023,0,hs
13/09/2023 06:30,5233,256,630,ambient,1,1,2023,0,hs
13/09/2023 06:45,5234,256,645,ambient,1,1,2023,0,hs
13/09/2023 07:00,5235,256,700,ambient,1,1,2023,0,hs
13/09/2023 07:15,5236,256,715,ambient,1,1,2023,0,hs
13/09/2023 07:30,5237,256,730,ambient,1,1,2023,0,hs
13/09/2023 07:45,5238,256,745,ambient,1,1,2023,0,hs
13/09/2023 08:00,5239,256,800,ambient,1,1,2023,0,hs
13/09/2023 08:15,5240,256,815,ambient,1,1,2023,0,hs
13/09/2023 08:30,5241,256,830,ambient,1,1,2023,0,hs
13/09/2023 08:45,5242,256,845,ambient,1,1,2023,0,hs
13/09/2023 09:00,5243,256,900,ambient,1,1,2023,3.009992,hs
13/09/2023 09:15,5244,256,915,ambient,1,1,2023,2.710062,hs
13/09/2023 09:30,5245,256,930,ambient,1,1,2023,5.281305,hs
13/09/2023 09:45,5246,256,945,ambient,1,1,2023,8.479712,hs
13/09/2023 10:00,5247,256,1000,ambient,1,1,2023,10.57993,hs
13/09/2023 10:15,5248,256,1015,ambient,1,1,2023,11.46992,hs
13/09/2023 10:30,5249,256,1030,ambient,1,1,2023,11.53933,hs
13/09/2023 10:45,5250,256,1045,ambient,1,1,2023,9.579125,hs
13/09/2023 11:00,5251,256,1100,ambient,1,1,2023,10.04757,hs
13/09/2023 11:15,5252,256,1115,ambient,1,1,2023,11.76423,hs
13/09/2023 11:30,5253,256,1130,ambient,1,1,2023,12.53753,hs
13/09/2023 11:45,5254,256,1145,ambient,1,1,2023,12.29734,hs
13/09/2023 12:00,5255,256,1200,ambient,1,1,2023,12.32933,hs
13/09/2023 12:15,5256,256,1215,ambient,1,1,2023,12.43766,hs
13/09/2023 12:30,5257,256,1230,ambient,1,1,2023,12.01984,hs
13/09/2023 12:45,5258,256,1245,ambient,1,1,2023,12.09864,hs
13/09/2023 13:00,5259,256,1300,ambient,1,1,2023,12.50497,hs
13/09/2023 13:15,5260,256,1315,ambient,1,1,2023,12.01651,hs
13/09/2023 13:30,5261,256,1330,ambient,1,1,2023,11.11558,hs
13/09/2023 13:45,5262,256,1345,ambient,1,1,2023,7.454398,hs
13/09/2023 14:00,5263,256,1400,ambient,1,1,2023,11.17183,hs
13/09/2023 14:15,5264,256,1415,ambient,1,1,2023,12.1991,hs
13/09/2023 14:30,5265,256,1430,ambient,1,1,2023,10.95595,hs
13/09/2023 14:45,5266,256,1445,ambient,1,1,2023,11.43924,hs
13/09/2023 15:00,5267,256,1500,ambient,1,1,2023,9.801861,hs
13/09/2023 15:15,5268,256,1515,ambient,1,1,2023,10.719,hs
13/09/2023 15:30,5269,256,1530,ambient,1,1,2023,11.8187,hs
13/09/2023 15:45,5270,256,1545,ambient,1,1,2023,8.960784,hs
13/09/2023 16:00,5271,256,1600,ambient,1,1,2023,9.788241,hs
13/09/2023 16:15,5272,256,1615,ambient,1,1,2023,7.975471,hs
13/09/2023 16:30,5273,256,1630,ambient,1,1,2023,9.106645,hs
13/09/2023 16:45,5274,256,1645,ambient,1,1,2023,9.232295,hs
13/09/2023 17:00,5275,256,1700,ambient,1,1,2023,8.780688,hs
13/09/2023 17:15,5276,256,1715,ambient,1,1,2023,8.466745,hs
13/09/2023 17:30,5277,256,1730,ambient,1,1,2023,7.879901,hs
13/09/2023 17:45,5278,256,1745,ambient,1,1,2023,7.142783,hs
13/09/2023 18:00,5279,256,1800,ambient,1,1,2023,6.424608,hs
13/09/2023 18:15,5280,256,1815,ambient,1,1,2023,5.636343,hs
13/09/2023 18:30,5281,256,1830,ambient,1,1,2023,4.715494,hs
13/09/2023 18:45,5282,256,1845,ambient,1,1,2023,3.397126,hs
13/09/2023 19:00,5283,256,1900,ambient,1,1,2023,2.003305,hs
13/09/2023 19:15,5284,256,1915,ambient,1,1,2023,0.5585158,hs
13/09/2023 19:30,5285,256,1930,ambient,1,1,2023,0,hs
13/09/2023 19:45,5286,256,1945,ambient,1,1,2023,0,hs
13/09/2023 20:00,5287,256,2000,ambient,1,1,2023,0,hs
13/09/2023 20:15,5288,256,2015,ambient,1,1,2023,0,hs
13/09/2023 20:30,5289,256,2030,ambient,1,1,2023,0,hs
13/09/2023 20:45,5290,256,2045,ambient,1,1,2023,0,hs
13/09/2023 21:00,5291,256,2100,ambient,1,1,2023,0,hs
13/09/2023 21:15,5292,256,2115,ambient,1,1,2023,0,hs
13/09/2023 21:30,5293,256,2130,ambient,1,1,2023,0,hs
13/09/2023 21:45,5294,256,2145,ambient,1,1,2023,0.04315938,hs
13/09/2023 22:00,5295,256,2200,ambient,1,1,2023,0,hs
13/09/2023 22:15,5296,256,2215,ambient,1,1,2023,0,hs
13/09/2023 22:30,5297,256,2230,ambient,1,1,2023,0,hs
13/09/2023 22:45,5298,256,2245,ambient,1,1,2023,0,hs
13/09/2023 23:00,5299,256,2300,ambient,1,1,2023,0,hs
13/09/2023 23:15,5300,256,2315,ambient,1,1,2023,0,hs
13/09/2023 23:30,5301,256,2330,ambient,1,1,2023,0,hs
13/09/2023 23:45,5302,256,2345,ambient,1,1,2023,0,hs
14/09/2023 00:00,5303,257,0,ambient,1,1,2023,0,hs
14/09/2023 00:15,5304,257,15,ambient,1,1,2023,0,hs
14/09/2023 00:30,5305,257,30,ambient,1,1,2023,0,hs
14/09/2023 00:45,5306,257,45,ambient,1,1,2023,0,hs
14/09/2023 01:00,5307,257,100,ambient,1,1,2023,0,hs
14/09/2023 01:15,5308,257,115,ambient,1,1,2023,0,hs
14/09/2023 01:30,5309,257,130,ambient,1,1,2023,0,hs
14/09/2023 01:45,5310,257,145,ambient,1,1,2023,0,hs
14/09/2023 02:00,5311,257,200,ambient,1,1,2023,0,hs
14/09/2023 02:15,5312,257,215,ambient,1,1,2023,0,hs
14/09/2023 02:30,5313,257,230,ambient,1,1,2023,0,hs
14/09/2023 02:45,5314,257,245,ambient,1,1,2023,0,hs
14/09/2023 03:00,5315,257,300,ambient,1,1,2023,0,hs
14/09/2023 03:15,5316,257,315,ambient,1,1,2023,0,hs
14/09/2023 03:30,5317,257,330,ambient,1,1,2023,0,hs
14/09/2023 03:45,5318,257,345,ambient,1,1,2023,0,hs
14/09/2023 04:00,5319,257,400,ambient,1,1,2023,0,hs
14/09/2023 04:15,5320,257,415,ambient,1,1,2023,0,hs
14/09/2023 04:30,5321,257,430,ambient,1,1,2023,0,hs
14/09/2023 04:45,5322,257,445,ambient,1,1,2023,0,hs
14/09/2023 05:00,5323,257,500,ambient,1,1,2023,0,hs
14/09/2023 05:15,5324,257,515,ambient,1,1,2023,0,hs
14/09/2023 05:30,5325,257,530,ambient,1,1,2023,0,hs
14/09/2023 05:45,5326,257,545,ambient,1,1,2023,0,hs
14/09/2023 06:00,5327,257,600,ambient,1,1,2023,0,hs
14/09/2023 06:15,5328,257,615,ambient,1,1,2023,0,hs
14/09/2023 06:30,5329,257,630,ambient,1,1,2023,0,hs
14/09/2023 06:45,5330,257,645,ambient,1,1,2023,0,hs
14/09/2023 07:00,5331,257,700,ambient,1,1,2023,0,hs
14/09/2023 07:15,5332,257,715,ambient,1,1,2023,0,hs
14/09/2023 07:30,5333,257,730,ambient,1,1,2023,0,hs
14/09/2023 07:45,5334,257,745,ambient,1,1,2023,0,hs
14/09/2023 08:00,5335,257,800,ambient,1,1,2023,0,hs
14/09/2023 08:15,5336,257,815,ambient,1,1,2023,0,hs
14/09/2023 08:30,5337,257,830,ambient,1,1,2023,0,hs
14/09/2023 08:45,5338,257,845,ambient,1,1,2023,0,hs
14/09/2023 09:00,5339,257,900,ambient,1,1,2023,2.62292,hs
14/09/2023 09:15,5340,257,915,ambient,1,1,2023,2.973196,hs
14/09/2023 09:30,5341,257,930,ambient,1,1,2023,4.609443,hs
14/09/2023 09:45,5342,257,945,ambient,1,1,2023,6.622115,hs
14/09/2023 10:00,5343,257,1000,ambient,1,1,2023,8.620787,hs
14/09/2023 10:15,5344,257,1015,ambient,1,1,2023,9.402069,hs
14/09/2023 10:30,5345,257,1030,ambient,1,1,2023,9.5096,hs
14/09/2023 10:45,5346,257,1045,ambient,1,1,2023,9.769322,hs
14/09/2023 11:00,5347,257,1100,ambient,1,1,2023,9.862843,hs
14/09/2023 11:15,5348,257,1115,ambient,1,1,2023,9.906062,hs
14/09/2023 11:30,5349,257,1130,ambient,1,1,2023,9.323527,hs
14/09/2023 11:45,5350,257,1145,ambient,1,1,2023,9.688021,hs
14/09/2023 12:00,5351,257,1200,ambient,1,1,2023,9.960814,hs
14/09/2023 12:15,5352,257,1215,ambient,1,1,2023,10.22475,hs
14/09/2023 12:30,5353,257,1230,ambient,1,1,2023,10.52565,hs
14/09/2023 12:45,5354,257,1245,ambient,1,1,2023,10.75934,hs
14/09/2023 13:00,5355,257,1300,ambient,1,1,2023,10.56974,hs
14/09/2023 13:15,5356,257,1315,ambient,1,1,2023,10.73488,hs
14/09/2023 13:30,5357,257,1330,ambient,1,1,2023,10.59559,hs
14/09/2023 13:45,5358,257,1345,ambient,1,1,2023,11.15204,hs
14/09/2023 14:00,5359,257,1400,ambient,1,1,2023,10.32429,hs
14/09/2023 14:15,5360,257,1415,ambient,1,1,2023,10.61634,hs
14/09/2023 14:30,5361,257,1430,ambient,1,1,2023,10.39589,hs
14/09/2023 14:45,5362,257,1445,ambient,1,1,2023,9.938485,hs
14/09/2023 15:00,5363,257,1500,ambient,1,1,2023,10.35799,hs
14/09/2023 15:15,5364,257,1515,ambient,1,1,2023,10.26884,hs
14/09/2023 15:30,5365,257,1530,ambient,1,1,2023,10.36957,hs
14/09/2023 15:45,5366,257,1545,ambient,1,1,2023,10.0423,hs
14/09/2023 16:00,5367,257,1600,ambient,1,1,2023,9.514255,hs
14/09/2023 16:15,5368,257,1615,ambient,1,1,2023,9.694971,hs
14/09/2023 16:30,5369,257,1630,ambient,1,1,2023,8.984335,hs
14/09/2023 16:45,5370,257,1645,ambient,1,1,2023,8.578893,hs
14/09/2023 17:00,5371,257,1700,ambient,1,1,2023,8.243067,hs
14/09/2023 17:15,5372,257,1715,ambient,1,1,2023,7.679546,hs
14/09/2023 17:30,5373,257,1730,ambient,1,1,2023,7.069314,hs
14/09/2023 17:45,5374,257,1745,ambient,1,1,2023,6.313959,hs
14/09/2023 18:00,5375,257,1800,ambient,1,1,2023,5.54393,hs
14/09/2023 18:15,5376,257,1815,ambient,1,1,2023,4.589052,hs
14/09/2023 18:30,5377,257,1830,ambient,1,1,2023,3.26856,hs
14/09/2023 18:45,5378,257,1845,ambient,1,1,2023,1.521514,hs
14/09/2023 19:00,5379,257,1900,ambient,1,1,2023,0.1085716,hs
14/09/2023 19:15,5380,257,1915,ambient,1,1,2023,0,hs
14/09/2023 19:30,5381,257,1930,ambient,1,1,2023,0,hs
14/09/2023 19:45,5382,257,1945,ambient,1,1,2023,0,hs
14/09/2023 20:00,5383,257,2000,ambient,1,1,2023,0,hs
14/09/2023 20:15,5384,257,2015,ambient,1,1,2023,0,hs
14/09/2023 20:30,5385,257,2030,ambient,1,1,2023,0,hs
14/09/2023 20:45,5386,257,2045,ambient,1,1,2023,0,hs
14/09/2023 21:00,5387,257,2100,ambient,1,1,2023,0,hs
14/09/2023 21:15,5388,257,2115,ambient,1,1,2023,0,hs
14/09/2023 21:30,5389,257,2130,ambient,1,1,2023,0,hs
14/09/2023 21:45,5390,257,2145,ambient,1,1,2023,0,hs
14/09/2023 22:00,5391,257,2200,ambient,1,1,2023,0,hs
14/09/2023 22:15,5392,257,2215,ambient,1,1,2023,0,hs
14/09/2023 22:30,5393,257,2230,ambient,1,1,2023,0,hs
14/09/2023 22:45,5394,257,2245,ambient,1,1,2023,0,hs
14/09/2023 23:00,5395,257,2300,ambient,1,1,2023,0,hs
14/09/2023 23:15,5396,257,2315,ambient,1,1,2023,0,hs
14/09/2023 23:30,5397,257,2330,ambient,1,1,2023,0,hs
14/09/2023 23:45,5398,257,2345,ambient,1,1,2023,0,hs
15/09/2023 00:00,5399,258,0,ambient,1,1,2023,0,hs
15/09/2023 00:15,5400,258,15,ambient,1,1,2023,0,hs
15/09/2023 00:30,5401,258,30,ambient,1,1,2023,0,hs
15/09/2023 00:45,5402,258,45,ambient,1,1,2023,0,hs
15/09/2023 01:00,5403,258,100,ambient,1,1,2023,0,hs
15/09/2023 01:15,5404,258,115,ambient,1,1,2023,0,hs
15/09/2023 01:30,5405,258,130,ambient,1,1,2023,0,hs
15/09/2023 01:45,5406,258,145,ambient,1,1,2023,0,hs
15/09/2023 02:00,5407,258,200,ambient,1,1,2023,0,hs
15/09/2023 02:15,5408,258,215,ambient,1,1,2023,0,hs
15/09/2023 02:30,5409,258,230,ambient,1,1,2023,0,hs
15/09/2023 02:45,5410,258,245,ambient,1,1,2023,0,hs
15/09/2023 03:00,5411,258,300,ambient,1,1,2023,0,hs
15/09/2023 03:15,5412,258,315,ambient,1,1,2023,0,hs
15/09/2023 03:30,5413,258,330,ambient,1,1,2023,0,hs
15/09/2023 03:45,5414,258,345,ambient,1,1,2023,0,hs
15/09/2023 04:00,5415,258,400,ambient,1,1,2023,0,hs
15/09/2023 04:15,5416,258,415,ambient,1,1,2023,0,hs
15/09/2023 04:30,5417,258,430,ambient,1,1,2023,0,hs
15/09/2023 04:45,5418,258,445,ambient,1,1,2023,0,hs
15/09/2023 05:00,5419,258,500,ambient,1,1,2023,0,hs
15/09/2023 05:15,5420,258,515,ambient,1,1,2023,0,hs
15/09/2023 05:30,5421,258,530,ambient,1,1,2023,0,hs
15/09/2023 05:45,5422,258,545,ambient,1,1,2023,0,hs
15/09/2023 06:00,5423,258,600,ambient,1,1,2023,0,hs
15/09/2023 06:15,5424,258,615,ambient,1,1,2023,0,hs
15/09/2023 06:30,5425,258,630,ambient,1,1,2023,0,hs
15/09/2023 06:45,5426,258,645,ambient,1,1,2023,0,hs
15/09/2023 07:00,5427,258,700,ambient,1,1,2023,0,hs
15/09/2023 07:15,5428,258,715,ambient,1,1,2023,0,hs
15/09/2023 07:30,5429,258,730,ambient,1,1,2023,0,hs
15/09/2023 07:45,5430,258,745,ambient,1,1,2023,0,hs
15/09/2023 08:00,5431,258,800,ambient,1,1,2023,0,hs
15/09/2023 08:15,5432,258,815,ambient,1,1,2023,0,hs
15/09/2023 08:30,5433,258,830,ambient,1,1,2023,4.163244,hs
15/09/2023 08:45,5434,258,845,ambient,1,1,2023,3.563315,hs
15/09/2023 09:00,5435,258,900,ambient,1,1,2023,4.079738,hs
15/09/2023 09:15,5436,258,915,ambient,1,1,2023,5.423984,hs
15/09/2023 09:30,5437,258,930,ambient,1,1,2023,6.66006,hs
15/09/2023 09:45,5438,258,945,ambient,1,1,2023,7.689477,hs
15/09/2023 10:00,5439,258,1000,ambient,1,1,2023,8.611705,hs
15/09/2023 10:15,5440,258,1015,ambient,1,1,2023,9.211619,hs
15/09/2023 10:30,5441,258,1030,ambient,1,1,2023,9.054482,hs
15/09/2023 10:45,5442,258,1045,ambient,1,1,2023,9.11017,hs
15/09/2023 11:00,5443,258,1100,ambient,1,1,2023,9.478924,hs
15/09/2023 11:15,5444,258,1115,ambient,1,1,2023,9.536555,hs
15/09/2023 11:30,5445,258,1130,ambient,1,1,2023,9.762635,hs
15/09/2023 11:45,5446,258,1145,ambient,1,1,2023,9.622905,hs
15/09/2023 12:00,5447,258,1200,ambient,1,1,2023,9.512912,hs
15/09/2023 12:15,5448,258,1215,ambient,1,1,2023,9.782254,hs
15/09/2023 12:30,5449,258,1230,ambient,1,1,2023,9.711676,hs
15/09/2023 12:45,5450,258,1245,ambient,1,1,2023,9.447647,hs
15/09/2023 13:00,5451,258,1300,ambient,1,1,2023,9.614001,hs
15/09/2023 13:15,5452,258,1315,ambient,1,1,2023,9.646029,hs
15/09/2023 13:30,5453,258,1330,ambient,1,1,2023,10.08036,hs
15/09/2023 13:45,5454,258,1345,ambient,1,1,2023,9.917393,hs
15/09/2023 14:00,5455,258,1400,ambient,1,1,2023,10.30141,hs
15/09/2023 14:15,5456,258,1415,ambient,1,1,2023,9.931782,hs
15/09/2023 14:30,5457,258,1430,ambient,1,1,2023,9.939692,hs
15/09/2023 14:45,5458,258,1445,ambient,1,1,2023,10.02624,hs
15/09/2023 15:00,5459,258,1500,ambient,1,1,2023,9.486288,hs
15/09/2023 15:15,5460,258,1515,ambient,1,1,2023,9.996316,hs
15/09/2023 15:30,5461,258,1530,ambient,1,1,2023,9.83178,hs
15/09/2023 15:45,5462,258,1545,ambient,1,1,2023,9.958637,hs
15/09/2023 16:00,5463,258,1600,ambient,1,1,2023,9.858558,hs
15/09/2023 16:15,5464,258,1615,ambient,1,1,2023,9.780598,hs
15/09/2023 16:30,5465,258,1630,ambient,1,1,2023,8.996225,hs
15/09/2023 16:45,5466,258,1645,ambient,1,1,2023,8.427427,hs
15/09/2023 17:00,5467,258,1700,ambient,1,1,2023,8.03303,hs
15/09/2023 17:15,5468,258,1715,ambient,1,1,2023,7.542649,hs
15/09/2023 17:30,5469,258,1730,ambient,1,1,2023,6.755151,hs
15/09/2023 17:45,5470,258,1745,ambient,1,1,2023,5.99402,hs
15/09/2023 18:00,5471,258,1800,ambient,1,1,2023,5.156287,hs
15/09/2023 18:15,5472,258,1815,ambient,1,1,2023,3.852313,hs
15/09/2023 18:30,5473,258,1830,ambient,1,1,2023,2.085876,hs
15/09/2023 18:45,5474,258,1845,ambient,1,1,2023,0.7932629,hs
15/09/2023 19:00,5475,258,1900,ambient,1,1,2023,0,hs
15/09/2023 19:15,5476,258,1915,ambient,1,1,2023,0,hs
15/09/2023 19:30,5477,258,1930,ambient,1,1,2023,0,hs
15/09/2023 19:45,5478,258,1945,ambient,1,1,2023,0,hs
15/09/2023 20:00,5479,258,2000,ambient,1,1,2023,0.7343162,hs
15/09/2023 20:15,5480,258,2015,ambient,1,1,2023,1.400057,hs
15/09/2023 20:30,5481,258,2030,ambient,1,1,2023,0.4059681,hs
15/09/2023 20:45,5482,258,2045,ambient,1,1,2023,0,hs
15/09/2023 21:00,5483,258,2100,ambient,1,1,2023,0,hs
15/09/2023 21:15,5484,258,2115,ambient,1,1,2023,0,hs
15/09/2023 21:30,5485,258,2130,ambient,1,1,2023,0,hs
15/09/2023 21:45,5486,258,2145,ambient,1,1,2023,0,hs
15/09/2023 22:00,5487,258,2200,ambient,1,1,2023,0,hs
15/09/2023 22:15,5488,258,2215,ambient,1,1,2023,0,hs
15/09/2023 22:30,5489,258,2230,ambient,1,1,2023,0,hs
15/09/2023 22:45,5490,258,2245,ambient,1,1,2023,0,hs
15/09/2023 23:00,5491,258,2300,ambient,1,1,2023,0,hs
15/09/2023 23:15,5492,258,2315,ambient,1,1,2023,0,hs
15/09/2023 23:30,5493,258,2330,ambient,1,1,2023,0,hs
15/09/2023 23:45,5494,258,2345,ambient,1,1,2023,0,hs
16/09/2023 00:00,5495,259,0,ambient,1,1,2023,0,hs
16/09/2023 00:15,5496,259,15,ambient,1,1,2023,0,hs
16/09/2023 00:30,5497,259,30,ambient,1,1,2023,0,hs
16/09/2023 00:45,5498,259,45,ambient,1,1,2023,0,hs
16/09/2023 01:00,5499,259,100,ambient,1,1,2023,0,hs
16/09/2023 01:15,5500,259,115,ambient,1,1,2023,0,hs
16/09/2023 01:30,5501,259,130,ambient,1,1,2023,0,hs
16/09/2023 01:45,5502,259,145,ambient,1,1,2023,0,hs
16/09/2023 02:00,5503,259,200,ambient,1,1,2023,0,hs
16/09/2023 02:15,5504,259,215,ambient,1,1,2023,0,hs
16/09/2023 02:30,5505,259,230,ambient,1,1,2023,0,hs
16/09/2023 02:45,5506,259,245,ambient,1,1,2023,0,hs
16/09/2023 03:00,5507,259,300,ambient,1,1,2023,0,hs
16/09/2023 03:15,5508,259,315,ambient,1,1,2023,0,hs
16/09/2023 03:30,5509,259,330,ambient,1,1,2023,0,hs
16/09/2023 03:45,5510,259,345,ambient,1,1,2023,0,hs
16/09/2023 04:00,5511,259,400,ambient,1,1,2023,0,hs
16/09/2023 04:15,5512,259,415,ambient,1,1,2023,0,hs
16/09/2023 04:30,5513,259,430,ambient,1,1,2023,0,hs
16/09/2023 04:45,5514,259,445,ambient,1,1,2023,0,hs
16/09/2023 05:00,5515,259,500,ambient,1,1,2023,0,hs
16/09/2023 05:15,5516,259,515,ambient,1,1,2023,0,hs
16/09/2023 05:30,5517,259,530,ambient,1,1,2023,0,hs
16/09/2023 05:45,5518,259,545,ambient,1,1,2023,0,hs
16/09/2023 06:00,5519,259,600,ambient,1,1,2023,0,hs
16/09/2023 06:15,5520,259,615,ambient,1,1,2023,0,hs
16/09/2023 06:30,5521,259,630,ambient,1,1,2023,0,hs
16/09/2023 06:45,5522,259,645,ambient,1,1,2023,0,hs
16/09/2023 07:00,5523,259,700,ambient,1,1,2023,0,hs
16/09/2023 07:15,5524,259,715,ambient,1,1,2023,0,hs
16/09/2023 07:30,5525,259,730,ambient,1,1,2023,0,hs
16/09/2023 07:45,5526,259,745,ambient,1,1,2023,0,hs
16/09/2023 08:00,5527,259,800,ambient,1,1,2023,0,hs
16/09/2023 08:15,5528,259,815,ambient,1,1,2023,0,hs
16/09/2023 08:30,5529,259,830,ambient,1,1,2023,2.296999,hs
16/09/2023 08:45,5530,259,845,ambient,1,1,2023,1.971558,hs
16/09/2023 09:00,5531,259,900,ambient,1,1,2023,2.15254,hs
16/09/2023 09:15,5532,259,915,ambient,1,1,2023,4.762574,hs
16/09/2023 09:30,5533,259,930,ambient,1,1,2023,8.242703,hs
16/09/2023 09:45,5534,259,945,ambient,1,1,2023,7.598975,hs
16/09/2023 10:00,5535,259,1000,ambient,1,1,2023,8.014059,hs
16/09/2023 10:15,5536,259,1015,ambient,1,1,2023,10.54984,hs
16/09/2023 10:30,5537,259,1030,ambient,1,1,2023,9.585443,hs
16/09/2023 10:45,5538,259,1045,ambient,1,1,2023,9.580368,hs
16/09/2023 11:00,5539,259,1100,ambient,1,1,2023,8.397255,hs
16/09/2023 11:15,5540,259,1115,ambient,1,1,2023,9.953659,hs
16/09/2023 11:30,5541,259,1130,ambient,1,1,2023,9.310698,hs
16/09/2023 11:45,5542,259,1145,ambient,1,1,2023,9.840206,hs
16/09/2023 12:00,5543,259,1200,ambient,1,1,2023,9.210585,hs
16/09/2023 12:15,5544,259,1215,ambient,1,1,2023,9.392335,hs
16/09/2023 12:30,5545,259,1230,ambient,1,1,2023,8.876907,hs
16/09/2023 12:45,5546,259,1245,ambient,1,1,2023,8.041688,hs
16/09/2023 13:00,5547,259,1300,ambient,1,1,2023,5.032202,hs
16/09/2023 13:15,5548,259,1315,ambient,1,1,2023,6.04444,hs
16/09/2023 13:30,5549,259,1330,ambient,1,1,2023,6.223029,hs
16/09/2023 13:45,5550,259,1345,ambient,1,1,2023,6.585738,hs
16/09/2023 14:00,5551,259,1400,ambient,1,1,2023,6.567524,hs
16/09/2023 14:15,5552,259,1415,ambient,1,1,2023,5.257257,hs
16/09/2023 14:30,5553,259,1430,ambient,1,1,2023,4.388671,hs
16/09/2023 14:45,5554,259,1445,ambient,1,1,2023,4.057958,hs
16/09/2023 15:00,5555,259,1500,ambient,1,1,2023,4.302999,hs
16/09/2023 15:15,5556,259,1515,ambient,1,1,2023,4.533123,hs
16/09/2023 15:30,5557,259,1530,ambient,1,1,2023,4.474689,hs
16/09/2023 15:45,5558,259,1545,ambient,1,1,2023,4.521551,hs
16/09/2023 16:00,5559,259,1600,ambient,1,1,2023,5.810825,hs
16/09/2023 16:15,5560,259,1615,ambient,1,1,2023,6.735209,hs
16/09/2023 16:30,5561,259,1630,ambient,1,1,2023,6.703581,hs
16/09/2023 16:45,5562,259,1645,ambient,1,1,2023,5.80389,hs
16/09/2023 17:00,5563,259,1700,ambient,1,1,2023,5.860853,hs
16/09/2023 17:15,5564,259,1715,ambient,1,1,2023,5.045135,hs
16/09/2023 17:30,5565,259,1730,ambient,1,1,2023,4.004962,hs
16/09/2023 17:45,5566,259,1745,ambient,1,1,2023,3.362838,hs
16/09/2023 18:00,5567,259,1800,ambient,1,1,2023,2.844543,hs
16/09/2023 18:15,5568,259,1815,ambient,1,1,2023,2.128742,hs
16/09/2023 18:30,5569,259,1830,ambient,1,1,2023,1.479833,hs
16/09/2023 18:45,5570,259,1845,ambient,1,1,2023,1.023858,hs
16/09/2023 19:00,5571,259,1900,ambient,1,1,2023,0.353737,hs
16/09/2023 19:15,5572,259,1915,ambient,1,1,2023,0,hs
16/09/2023 19:30,5573,259,1930,ambient,1,1,2023,0,hs
16/09/2023 19:45,5574,259,1945,ambient,1,1,2023,0,hs
16/09/2023 20:00,5575,259,2000,ambient,1,1,2023,0,hs
16/09/2023 20:15,5576,259,2015,ambient,1,1,2023,0.2593845,hs
16/09/2023 20:30,5577,259,2030,ambient,1,1,2023,0.4561527,hs
16/09/2023 20:45,5578,259,2045,ambient,1,1,2023,0.2922149,hs
16/09/2023 21:00,5579,259,2100,ambient,1,1,2023,0.3222578,hs
16/09/2023 21:15,5580,259,2115,ambient,1,1,2023,0.4163896,hs
16/09/2023 21:30,5581,259,2130,ambient,1,1,2023,0.4575472,hs
16/09/2023 21:45,5582,259,2145,ambient,1,1,2023,0.8102896,hs
16/09/2023 22:00,5583,259,2200,ambient,1,1,2023,1.107661,hs
16/09/2023 22:15,5584,259,2215,ambient,1,1,2023,1.290994,hs
16/09/2023 22:30,5585,259,2230,ambient,1,1,2023,0.8868858,hs
16/09/2023 22:45,5586,259,2245,ambient,1,1,2023,0.651062,hs
16/09/2023 23:00,5587,259,2300,ambient,1,1,2023,0.3429818,hs
16/09/2023 23:15,5588,259,2315,ambient,1,1,2023,0,hs
16/09/2023 23:30,5589,259,2330,ambient,1,1,2023,0,hs
16/09/2023 23:45,5590,259,2345,ambient,1,1,2023,0,hs
17/09/2023 00:00,5591,260,0,ambient,1,1,2023,0,hs
17/09/2023 00:15,5592,260,15,ambient,1,1,2023,0,hs
17/09/2023 00:30,5593,260,30,ambient,1,1,2023,0,hs
17/09/2023 00:45,5594,260,45,ambient,1,1,2023,0,hs
17/09/2023 01:00,5595,260,100,ambient,1,1,2023,0,hs
17/09/2023 01:15,5596,260,115,ambient,1,1,2023,0,hs
17/09/2023 01:30,5597,260,130,ambient,1,1,2023,0,hs
17/09/2023 01:45,5598,260,145,ambient,1,1,2023,0,hs
17/09/2023 02:00,5599,260,200,ambient,1,1,2023,0,hs
17/09/2023 02:15,5600,260,215,ambient,1,1,2023,0,hs
17/09/2023 02:30,5601,260,230,ambient,1,1,2023,0,hs
17/09/2023 02:45,5602,260,245,ambient,1,1,2023,0,hs
17/09/2023 03:00,5603,260,300,ambient,1,1,2023,0,hs
17/09/2023 03:15,5604,260,315,ambient,1,1,2023,0,hs
17/09/2023 03:30,5605,260,330,ambient,1,1,2023,0,hs
17/09/2023 03:45,5606,260,345,ambient,1,1,2023,0,hs
17/09/2023 04:00,5607,260,400,ambient,1,1,2023,0,hs
17/09/2023 04:15,5608,260,415,ambient,1,1,2023,0,hs
17/09/2023 04:30,5609,260,430,ambient,1,1,2023,0,hs
17/09/2023 04:45,5610,260,445,ambient,1,1,2023,0,hs
17/09/2023 05:00,5611,260,500,ambient,1,1,2023,0,hs
17/09/2023 05:15,5612,260,515,ambient,1,1,2023,0,hs
17/09/2023 05:30,5613,260,530,ambient,1,1,2023,0,hs
17/09/2023 05:45,5614,260,545,ambient,1,1,2023,0,hs
17/09/2023 06:00,5615,260,600,ambient,1,1,2023,0,hs
17/09/2023 06:15,5616,260,615,ambient,1,1,2023,0,hs
17/09/2023 06:30,5617,260,630,ambient,1,1,2023,0,hs
17/09/2023 06:45,5618,260,645,ambient,1,1,2023,0.7733682,hs
17/09/2023 07:00,5619,260,700,ambient,1,1,2023,0.4158044,hs
17/09/2023 07:15,5620,260,715,ambient,1,1,2023,0.1764427,hs
17/09/2023 07:30,5621,260,730,ambient,1,1,2023,0,hs
17/09/2023 07:45,5622,260,745,ambient,1,1,2023,0,hs
17/09/2023 08:00,5623,260,800,ambient,1,1,2023,0,hs
17/09/2023 08:15,5624,260,815,ambient,1,1,2023,2.550092,hs
17/09/2023 08:30,5625,260,830,ambient,1,1,2023,2.280097,hs
17/09/2023 08:45,5626,260,845,ambient,1,1,2023,3.003798,hs
17/09/2023 09:00,5627,260,900,ambient,1,1,2023,4.384936,hs
17/09/2023 09:15,5628,260,915,ambient,1,1,2023,5.8312,hs
17/09/2023 09:30,5629,260,930,ambient,1,1,2023,7.120028,hs
17/09/2023 09:45,5630,260,945,ambient,1,1,2023,7.809666,hs
17/09/2023 10:00,5631,260,1000,ambient,1,1,2023,6.940786,hs
17/09/2023 10:15,5632,260,1015,ambient,1,1,2023,6.7846,hs
17/09/2023 10:30,5633,260,1030,ambient,1,1,2023,6.123392,hs
17/09/2023 10:45,5634,260,1045,ambient,1,1,2023,4.670721,hs
17/09/2023 11:00,5635,260,1100,ambient,1,1,2023,5.278495,hs
17/09/2023 11:15,5636,260,1115,ambient,1,1,2023,7.614367,hs
17/09/2023 11:30,5637,260,1130,ambient,1,1,2023,6.319448,hs
17/09/2023 11:45,5638,260,1145,ambient,1,1,2023,6.045434,hs
17/09/2023 12:00,5639,260,1200,ambient,1,1,2023,7.735316,hs
17/09/2023 12:15,5640,260,1215,ambient,1,1,2023,6.374507,hs
17/09/2023 12:30,5641,260,1230,ambient,1,1,2023,5.292648,hs
17/09/2023 12:45,5642,260,1245,ambient,1,1,2023,2.257558,hs
17/09/2023 13:00,5643,260,1300,ambient,1,1,2023,1.494451,hs
17/09/2023 13:15,5644,260,1315,ambient,1,1,2023,1.02215,hs
17/09/2023 13:30,5645,260,1330,ambient,1,1,2023,2.213537,hs
17/09/2023 13:45,5646,260,1345,ambient,1,1,2023,4.513055,hs
17/09/2023 14:00,5647,260,1400,ambient,1,1,2023,6.720724,hs
17/09/2023 14:15,5648,260,1415,ambient,1,1,2023,4.767429,hs
17/09/2023 14:30,5649,260,1430,ambient,1,1,2023,1.548458,hs
17/09/2023 14:45,5650,260,1445,ambient,1,1,2023,0.995958,hs
17/09/2023 15:00,5651,260,1500,ambient,1,1,2023,1.60296,hs
17/09/2023 15:15,5652,260,1515,ambient,1,1,2023,2.073999,hs
17/09/2023 15:30,5653,260,1530,ambient,1,1,2023,3.280583,hs
17/09/2023 15:45,5654,260,1545,ambient,1,1,2023,3.84515,hs
17/09/2023 16:00,5655,260,1600,ambient,1,1,2023,1.651963,hs
17/09/2023 16:15,5656,260,1615,ambient,1,1,2023,1.875506,hs
17/09/2023 16:30,5657,260,1630,ambient,1,1,2023,3.651316,hs
17/09/2023 16:45,5658,260,1645,ambient,1,1,2023,3.773884,hs
17/09/2023 17:00,5659,260,1700,ambient,1,1,2023,2.912364,hs
17/09/2023 17:15,5660,260,1715,ambient,1,1,2023,0.1934924,hs
17/09/2023 17:30,5661,260,1730,ambient,1,1,2023,0.930312,hs
17/09/2023 17:45,5662,260,1745,ambient,1,1,2023,0.221463,hs
17/09/2023 18:00,5663,260,1800,ambient,1,1,2023,0.002985212,hs
17/09/2023 18:15,5664,260,1815,ambient,1,1,2023,0.01128374,hs
17/09/2023 18:30,5665,260,1830,ambient,1,1,2023,0.3664933,hs
17/09/2023 18:45,5666,260,1845,ambient,1,1,2023,0.6209368,hs
17/09/2023 19:00,5667,260,1900,ambient,1,1,2023,0.354675,hs
17/09/2023 19:15,5668,260,1915,ambient,1,1,2023,0.3880564,hs
17/09/2023 19:30,5669,260,1930,ambient,1,1,2023,0.5634118,hs
17/09/2023 19:45,5670,260,1945,ambient,1,1,2023,0.3691967,hs
17/09/2023 20:00,5671,260,2000,ambient,1,1,2023,0.1189584,hs
17/09/2023 20:15,5672,260,2015,ambient,1,1,2023,0.2117086,hs
17/09/2023 20:30,5673,260,2030,ambient,1,1,2023,0.2904579,hs
17/09/2023 20:45,5674,260,2045,ambient,1,1,2023,0.1888164,hs
17/09/2023 21:00,5675,260,2100,ambient,1,1,2023,0.1165558,hs
17/09/2023 21:15,5676,260,2115,ambient,1,1,2023,0.08498405,hs
17/09/2023 21:30,5677,260,2130,ambient,1,1,2023,0.07058464,hs
17/09/2023 21:45,5678,260,2145,ambient,1,1,2023,0.02030705,hs
17/09/2023 22:00,5679,260,2200,ambient,1,1,2023,0,hs
17/09/2023 22:15,5680,260,2215,ambient,1,1,2023,0,hs
17/09/2023 22:30,5681,260,2230,ambient,1,1,2023,0,hs
17/09/2023 22:45,5682,260,2245,ambient,1,1,2023,0,hs
17/09/2023 23:00,5683,260,2300,ambient,1,1,2023,0,hs
17/09/2023 23:15,5684,260,2315,ambient,1,1,2023,0,hs
17/09/2023 23:30,5685,260,2330,ambient,1,1,2023,0,hs
17/09/2023 23:45,5686,260,2345,ambient,1,1,2023,0,hs
18/09/2023 00:00,5687,261,0,ambient,1,1,2023,0,hs
18/09/2023 00:15,5688,261,15,ambient,1,1,2023,0,hs
18/09/2023 00:30,5689,261,30,ambient,1,1,2023,0,hs
18/09/2023 00:45,5690,261,45,ambient,1,1,2023,0,hs
18/09/2023 01:00,5691,261,100,ambient,1,1,2023,0,hs
18/09/2023 01:15,5692,261,115,ambient,1,1,2023,0,hs
18/09/2023 01:30,5693,261,130,ambient,1,1,2023,0,hs
18/09/2023 01:45,5694,261,145,ambient,1,1,2023,0,hs
18/09/2023 02:00,5695,261,200,ambient,1,1,2023,0,hs
18/09/2023 02:15,5696,261,215,ambient,1,1,2023,0,hs
18/09/2023 02:30,5697,261,230,ambient,1,1,2023,0,hs
18/09/2023 02:45,5698,261,245,ambient,1,1,2023,0,hs
18/09/2023 03:00,5699,261,300,ambient,1,1,2023,0,hs
18/09/2023 03:15,5700,261,315,ambient,1,1,2023,0,hs
18/09/2023 03:30,5701,261,330,ambient,1,1,2023,0,hs
18/09/2023 03:45,5702,261,345,ambient,1,1,2023,0,hs
18/09/2023 04:00,5703,261,400,ambient,1,1,2023,0,hs
18/09/2023 04:15,5704,261,415,ambient,1,1,2023,0,hs
18/09/2023 04:30,5705,261,430,ambient,1,1,2023,0,hs
18/09/2023 04:45,5706,261,445,ambient,1,1,2023,0,hs
18/09/2023 05:00,5707,261,500,ambient,1,1,2023,0,hs
18/09/2023 05:15,5708,261,515,ambient,1,1,2023,0,hs
18/09/2023 05:30,5709,261,530,ambient,1,1,2023,0,hs
18/09/2023 05:45,5710,261,545,ambient,1,1,2023,0,hs
18/09/2023 06:00,5711,261,600,ambient,1,1,2023,0,hs
18/09/2023 06:15,5712,261,615,ambient,1,1,2023,0,hs
18/09/2023 06:30,5713,261,630,ambient,1,1,2023,0,hs
18/09/2023 06:45,5714,261,645,ambient,1,1,2023,0,hs
18/09/2023 07:00,5715,261,700,ambient,1,1,2023,0,hs
18/09/2023 07:15,5716,261,715,ambient,1,1,2023,0,hs
18/09/2023 07:30,5717,261,730,ambient,1,1,2023,0,hs
18/09/2023 07:45,5718,261,745,ambient,1,1,2023,0,hs
18/09/2023 08:00,5719,261,800,ambient,1,1,2023,0,hs
18/09/2023 08:15,5720,261,815,ambient,1,1,2023,0,hs
18/09/2023 08:30,5721,261,830,ambient,1,1,2023,0,hs
18/09/2023 08:45,5722,261,845,ambient,1,1,2023,3.179496,hs
18/09/2023 09:00,5723,261,900,ambient,1,1,2023,2.439763,hs
18/09/2023 09:15,5724,261,915,ambient,1,1,2023,2.763486,hs
18/09/2023 09:30,5725,261,930,ambient,1,1,2023,3.839034,hs
18/09/2023 09:45,5726,261,945,ambient,1,1,2023,5.212227,hs
18/09/2023 10:00,5727,261,1000,ambient,1,1,2023,6.844088,hs
18/09/2023 10:15,5728,261,1015,ambient,1,1,2023,7.90677,hs
18/09/2023 10:30,5729,261,1030,ambient,1,1,2023,7.901147,hs
18/09/2023 10:45,5730,261,1045,ambient,1,1,2023,7.476291,hs
18/09/2023 11:00,5731,261,1100,ambient,1,1,2023,7.310805,hs
18/09/2023 11:15,5732,261,1115,ambient,1,1,2023,6.948664,hs
18/09/2023 11:30,5733,261,1130,ambient,1,1,2023,6.654365,hs
18/09/2023 11:45,5734,261,1145,ambient,1,1,2023,6.313377,hs
18/09/2023 12:00,5735,261,1200,ambient,1,1,2023,5.877802,hs
18/09/2023 12:15,5736,261,1215,ambient,1,1,2023,4.998005,hs
18/09/2023 12:30,5737,261,1230,ambient,1,1,2023,6.821948,hs
18/09/2023 12:45,5738,261,1245,ambient,1,1,2023,5.663752,hs
18/09/2023 13:00,5739,261,1300,ambient,1,1,2023,5.864636,hs
18/09/2023 13:15,5740,261,1315,ambient,1,1,2023,7.291716,hs
18/09/2023 13:30,5741,261,1330,ambient,1,1,2023,8.422934,hs
18/09/2023 13:45,5742,261,1345,ambient,1,1,2023,5.020191,hs
18/09/2023 14:00,5743,261,1400,ambient,1,1,2023,6.694718,hs
18/09/2023 14:15,5744,261,1415,ambient,1,1,2023,5.336293,hs
18/09/2023 14:30,5745,261,1430,ambient,1,1,2023,5.049506,hs
18/09/2023 14:45,5746,261,1445,ambient,1,1,2023,5.229496,hs
18/09/2023 15:00,5747,261,1500,ambient,1,1,2023,4.720076,hs
18/09/2023 15:15,5748,261,1515,ambient,1,1,2023,4.771044,hs
18/09/2023 15:30,5749,261,1530,ambient,1,1,2023,4.801148,hs
18/09/2023 15:45,5750,261,1545,ambient,1,1,2023,5.959939,hs
18/09/2023 16:00,5751,261,1600,ambient,1,1,2023,4.945889,hs
18/09/2023 16:15,5752,261,1615,ambient,1,1,2023,5.291404,hs
18/09/2023 16:30,5753,261,1630,ambient,1,1,2023,6.571812,hs
18/09/2023 16:45,5754,261,1645,ambient,1,1,2023,6.032693,hs
18/09/2023 17:00,5755,261,1700,ambient,1,1,2023,5.729268,hs
18/09/2023 17:15,5756,261,1715,ambient,1,1,2023,5.370359,hs
18/09/2023 17:30,5757,261,1730,ambient,1,1,2023,4.715624,hs
18/09/2023 17:45,5758,261,1745,ambient,1,1,2023,4.329727,hs
18/09/2023 18:00,5759,261,1800,ambient,1,1,2023,3.646384,hs
18/09/2023 18:15,5760,261,1815,ambient,1,1,2023,2.966159,hs
18/09/2023 18:30,5761,261,1830,ambient,1,1,2023,1.814451,hs
18/09/2023 18:45,5762,261,1845,ambient,1,1,2023,0.3210886,hs
18/09/2023 19:00,5763,261,1900,ambient,1,1,2023,0,hs
18/09/2023 19:15,5764,261,1915,ambient,1,1,2023,0,hs
18/09/2023 19:30,5765,261,1930,ambient,1,1,2023,0,hs
18/09/2023 19:45,5766,261,1945,ambient,1,1,2023,0,hs
18/09/2023 20:00,5767,261,2000,ambient,1,1,2023,0,hs
18/09/2023 20:15,5768,261,2015,ambient,1,1,2023,0,hs
18/09/2023 20:30,5769,261,2030,ambient,1,1,2023,0,hs
18/09/2023 20:45,5770,261,2045,ambient,1,1,2023,0,hs
18/09/2023 21:00,5771,261,2100,ambient,1,1,2023,0,hs
18/09/2023 21:15,5772,261,2115,ambient,1,1,2023,0,hs
18/09/2023 21:30,5773,261,2130,ambient,1,1,2023,0,hs
18/09/2023 21:45,5774,261,2145,ambient,1,1,2023,0,hs
18/09/2023 22:00,5775,261,2200,ambient,1,1,2023,0,hs
18/09/2023 22:15,5776,261,2215,ambient,1,1,2023,0,hs
18/09/2023 22:30,5777,261,2230,ambient,1,1,2023,0,hs
18/09/2023 22:45,5778,261,2245,ambient,1,1,2023,0,hs
18/09/2023 23:00,5779,261,2300,ambient,1,1,2023,0,hs
18/09/2023 23:15,5780,261,2315,ambient,1,1,2023,0,hs
18/09/2023 23:30,5781,261,2330,ambient,1,1,2023,0,hs
18/09/2023 23:45,5782,261,2345,ambient,1,1,2023,0,hs
19/09/2023 00:00,5783,262,0,ambient,1,1,2023,0,hs
19/09/2023 00:15,5784,262,15,ambient,1,1,2023,0,hs
19/09/2023 00:30,5785,262,30,ambient,1,1,2023,0,hs
19/09/2023 00:45,5786,262,45,ambient,1,1,2023,0,hs
19/09/2023 01:00,5787,262,100,ambient,1,1,2023,0,hs
19/09/2023 01:15,5788,262,115,ambient,1,1,2023,0,hs
19/09/2023 01:30,5789,262,130,ambient,1,1,2023,0,hs
19/09/2023 01:45,5790,262,145,ambient,1,1,2023,0,hs
19/09/2023 02:00,5791,262,200,ambient,1,1,2023,0,hs
19/09/2023 02:15,5792,262,215,ambient,1,1,2023,0,hs
19/09/2023 02:30,5793,262,230,ambient,1,1,2023,0,hs
19/09/2023 02:45,5794,262,245,ambient,1,1,2023,0,hs
19/09/2023 03:00,5795,262,300,ambient,1,1,2023,0,hs
19/09/2023 03:15,5796,262,315,ambient,1,1,2023,0,hs
19/09/2023 03:30,5797,262,330,ambient,1,1,2023,0,hs
19/09/2023 03:45,5798,262,345,ambient,1,1,2023,0,hs
19/09/2023 04:00,5799,262,400,ambient,1,1,2023,0,hs
19/09/2023 04:15,5800,262,415,ambient,1,1,2023,0,hs
19/09/2023 04:30,5801,262,430,ambient,1,1,2023,0,hs
19/09/2023 04:45,5802,262,445,ambient,1,1,2023,0,hs
19/09/2023 05:00,5803,262,500,ambient,1,1,2023,0,hs
19/09/2023 05:15,5804,262,515,ambient,1,1,2023,0,hs
19/09/2023 05:30,5805,262,530,ambient,1,1,2023,0,hs
19/09/2023 05:45,5806,262,545,ambient,1,1,2023,0,hs
19/09/2023 06:00,5807,262,600,ambient,1,1,2023,0,hs
19/09/2023 06:15,5808,262,615,ambient,1,1,2023,0,hs
19/09/2023 06:30,5809,262,630,ambient,1,1,2023,0,hs
19/09/2023 06:45,5810,262,645,ambient,1,1,2023,0,hs
19/09/2023 07:00,5811,262,700,ambient,1,1,2023,0,hs
19/09/2023 07:15,5812,262,715,ambient,1,1,2023,0,hs
19/09/2023 07:30,5813,262,730,ambient,1,1,2023,0,hs
19/09/2023 07:45,5814,262,745,ambient,1,1,2023,0,hs
19/09/2023 08:00,5815,262,800,ambient,1,1,2023,0,hs
19/09/2023 08:15,5816,262,815,ambient,1,1,2023,0,hs
19/09/2023 08:30,5817,262,830,ambient,1,1,2023,0,hs
19/09/2023 08:45,5818,262,845,ambient,1,1,2023,2.299857,hs
19/09/2023 09:00,5819,262,900,ambient,1,1,2023,3.067281,hs
19/09/2023 09:15,5820,262,915,ambient,1,1,2023,3.101884,hs
19/09/2023 09:30,5821,262,930,ambient,1,1,2023,4.148824,hs
19/09/2023 09:45,5822,262,945,ambient,1,1,2023,6.111044,hs
19/09/2023 10:00,5823,262,1000,ambient,1,1,2023,7.955426,hs
19/09/2023 10:15,5824,262,1015,ambient,1,1,2023,7.436352,hs
19/09/2023 10:30,5825,262,1030,ambient,1,1,2023,7.442456,hs
19/09/2023 10:45,5826,262,1045,ambient,1,1,2023,6.871215,hs
19/09/2023 11:00,5827,262,1100,ambient,1,1,2023,7.004567,hs
19/09/2023 11:15,5828,262,1115,ambient,1,1,2023,7.304004,hs
19/09/2023 11:30,5829,262,1130,ambient,1,1,2023,7.267817,hs
19/09/2023 11:45,5830,262,1145,ambient,1,1,2023,7.411574,hs
19/09/2023 12:00,5831,262,1200,ambient,1,1,2023,7.273227,hs
19/09/2023 12:15,5832,262,1215,ambient,1,1,2023,6.997564,hs
19/09/2023 12:30,5833,262,1230,ambient,1,1,2023,6.590784,hs
19/09/2023 12:45,5834,262,1245,ambient,1,1,2023,6.45846,hs
19/09/2023 13:00,5835,262,1300,ambient,1,1,2023,6.463267,hs
19/09/2023 13:15,5836,262,1315,ambient,1,1,2023,6.440008,hs
19/09/2023 13:30,5837,262,1330,ambient,1,1,2023,6.644291,hs
19/09/2023 13:45,5838,262,1345,ambient,1,1,2023,6.406693,hs
19/09/2023 14:00,5839,262,1400,ambient,1,1,2023,6.639843,hs
19/09/2023 14:15,5840,262,1415,ambient,1,1,2023,6.804739,hs
19/09/2023 14:30,5841,262,1430,ambient,1,1,2023,6.29194,hs
19/09/2023 14:45,5842,262,1445,ambient,1,1,2023,6.463385,hs
19/09/2023 15:00,5843,262,1500,ambient,1,1,2023,6.282963,hs
19/09/2023 15:15,5844,262,1515,ambient,1,1,2023,6.155974,hs
19/09/2023 15:30,5845,262,1530,ambient,1,1,2023,6.175071,hs
19/09/2023 15:45,5846,262,1545,ambient,1,1,2023,5.947369,hs
19/09/2023 16:00,5847,262,1600,ambient,1,1,2023,5.9519,hs
19/09/2023 16:15,5848,262,1615,ambient,1,1,2023,5.656438,hs
19/09/2023 16:30,5849,262,1630,ambient,1,1,2023,5.280252,hs
19/09/2023 16:45,5850,262,1645,ambient,1,1,2023,5.051491,hs
19/09/2023 17:00,5851,262,1700,ambient,1,1,2023,4.693069,hs
19/09/2023 17:15,5852,262,1715,ambient,1,1,2023,4.376597,hs
19/09/2023 17:30,5853,262,1730,ambient,1,1,2023,4.058669,hs
19/09/2023 17:45,5854,262,1745,ambient,1,1,2023,3.490725,hs
19/09/2023 18:00,5855,262,1800,ambient,1,1,2023,3.315984,hs
19/09/2023 18:15,5856,262,1815,ambient,1,1,2023,3.04175,hs
19/09/2023 18:30,5857,262,1830,ambient,1,1,2023,2.392065,hs
19/09/2023 18:45,5858,262,1845,ambient,1,1,2023,1.561331,hs
19/09/2023 19:00,5859,262,1900,ambient,1,1,2023,0.4552859,hs
19/09/2023 19:15,5860,262,1915,ambient,1,1,2023,0,hs
19/09/2023 19:30,5861,262,1930,ambient,1,1,2023,0,hs
19/09/2023 19:45,5862,262,1945,ambient,1,1,2023,0,hs
19/09/2023 20:00,5863,262,2000,ambient,1,1,2023,0,hs
19/09/2023 20:15,5864,262,2015,ambient,1,1,2023,0,hs
19/09/2023 20:30,5865,262,2030,ambient,1,1,2023,0,hs
19/09/2023 20:45,5866,262,2045,ambient,1,1,2023,0,hs
19/09/2023 21:00,5867,262,2100,ambient,1,1,2023,0,hs
19/09/2023 21:15,5868,262,2115,ambient,1,1,2023,0,hs
19/09/2023 21:30,5869,262,2130,ambient,1,1,2023,0,hs
19/09/2023 21:45,5870,262,2145,ambient,1,1,2023,0,hs
19/09/2023 22:00,5871,262,2200,ambient,1,1,2023,0,hs
19/09/2023 22:15,5872,262,2215,ambient,1,1,2023,0,hs
19/09/2023 22:30,5873,262,2230,ambient,1,1,2023,0,hs
19/09/2023 22:45,5874,262,2245,ambient,1,1,2023,0,hs
19/09/2023 23:00,5875,262,2300,ambient,1,1,2023,0,hs
19/09/2023 23:15,5876,262,2315,ambient,1,1,2023,0.826531,hs
19/09/2023 23:30,5877,262,2330,ambient,1,1,2023,1.480739,hs
19/09/2023 23:45,5878,262,2345,ambient,1,1,2023,1.38438,hs
20/09/2023 00:00,5879,263,0,ambient,1,1,2023,0.6409529,hs
20/09/2023 00:15,5880,263,15,ambient,1,1,2023,0.164199,hs
20/09/2023 00:30,5881,263,30,ambient,1,1,2023,0,hs
20/09/2023 00:45,5882,263,45,ambient,1,1,2023,0,hs
20/09/2023 01:00,5883,263,100,ambient,1,1,2023,0,hs
20/09/2023 01:15,5884,263,115,ambient,1,1,2023,0,hs
20/09/2023 01:30,5885,263,130,ambient,1,1,2023,0,hs
20/09/2023 01:45,5886,263,145,ambient,1,1,2023,0,hs
20/09/2023 02:00,5887,263,200,ambient,1,1,2023,0,hs
20/09/2023 02:15,5888,263,215,ambient,1,1,2023,0,hs
20/09/2023 02:30,5889,263,230,ambient,1,1,2023,0,hs
20/09/2023 02:45,5890,263,245,ambient,1,1,2023,0,hs
20/09/2023 03:00,5891,263,300,ambient,1,1,2023,0,hs
20/09/2023 03:15,5892,263,315,ambient,1,1,2023,0,hs
20/09/2023 03:30,5893,263,330,ambient,1,1,2023,0,hs
20/09/2023 03:45,5894,263,345,ambient,1,1,2023,0,hs
20/09/2023 04:00,5895,263,400,ambient,1,1,2023,0,hs
20/09/2023 04:15,5896,263,415,ambient,1,1,2023,0,hs
20/09/2023 04:30,5897,263,430,ambient,1,1,2023,0,hs
20/09/2023 04:45,5898,263,445,ambient,1,1,2023,0,hs
20/09/2023 05:00,5899,263,500,ambient,1,1,2023,0,hs
20/09/2023 05:15,5900,263,515,ambient,1,1,2023,0,hs
20/09/2023 05:30,5901,263,530,ambient,1,1,2023,0,hs
20/09/2023 05:45,5902,263,545,ambient,1,1,2023,0,hs
20/09/2023 06:00,5903,263,600,ambient,1,1,2023,0,hs
20/09/2023 06:15,5904,263,615,ambient,1,1,2023,0,hs
20/09/2023 06:30,5905,263,630,ambient,1,1,2023,0,hs
20/09/2023 06:45,5906,263,645,ambient,1,1,2023,0,hs
20/09/2023 07:00,5907,263,700,ambient,1,1,2023,0,hs
20/09/2023 07:15,5908,263,715,ambient,1,1,2023,0,hs
20/09/2023 07:30,5909,263,730,ambient,1,1,2023,0,hs
20/09/2023 07:45,5910,263,745,ambient,1,1,2023,0,hs
20/09/2023 08:00,5911,263,800,ambient,1,1,2023,0,hs
20/09/2023 08:15,5912,263,815,ambient,1,1,2023,0,hs
20/09/2023 08:30,5913,263,830,ambient,1,1,2023,3.928698,hs
20/09/2023 08:45,5914,263,845,ambient,1,1,2023,3.151476,hs
20/09/2023 09:00,5915,263,900,ambient,1,1,2023,4.389342,hs
20/09/2023 09:15,5916,263,915,ambient,1,1,2023,4.481983,hs
20/09/2023 09:30,5917,263,930,ambient,1,1,2023,5.211308,hs
20/09/2023 09:45,5918,263,945,ambient,1,1,2023,5.058459,hs
20/09/2023 10:00,5919,263,1000,ambient,1,1,2023,4.822374,hs
20/09/2023 10:15,5920,263,1015,ambient,1,1,2023,5.79438,hs
20/09/2023 10:30,5921,263,1030,ambient,1,1,2023,5.135839,hs
20/09/2023 10:45,5922,263,1045,ambient,1,1,2023,5.594655,hs
20/09/2023 11:00,5923,263,1100,ambient,1,1,2023,6.133446,hs
20/09/2023 11:15,5924,263,1115,ambient,1,1,2023,6.024863,hs
20/09/2023 11:30,5925,263,1130,ambient,1,1,2023,5.649209,hs
20/09/2023 11:45,5926,263,1145,ambient,1,1,2023,5.174897,hs
20/09/2023 12:00,5927,263,1200,ambient,1,1,2023,4.769575,hs
20/09/2023 12:15,5928,263,1215,ambient,1,1,2023,4.724752,hs
20/09/2023 12:30,5929,263,1230,ambient,1,1,2023,5.318478,hs
20/09/2023 12:45,5930,263,1245,ambient,1,1,2023,6.242349,hs
20/09/2023 13:00,5931,263,1300,ambient,1,1,2023,5.062718,hs
20/09/2023 13:15,5932,263,1315,ambient,1,1,2023,4.641479,hs
20/09/2023 13:30,5933,263,1330,ambient,1,1,2023,4.535069,hs
20/09/2023 13:45,5934,263,1345,ambient,1,1,2023,4.980976,hs
20/09/2023 14:00,5935,263,1400,ambient,1,1,2023,4.371206,hs
20/09/2023 14:15,5936,263,1415,ambient,1,1,2023,5.208556,hs
20/09/2023 14:30,5937,263,1430,ambient,1,1,2023,4.940792,hs
20/09/2023 14:45,5938,263,1445,ambient,1,1,2023,4.527134,hs
20/09/2023 15:00,5939,263,1500,ambient,1,1,2023,4.17113,hs
20/09/2023 15:15,5940,263,1515,ambient,1,1,2023,3.828838,hs
20/09/2023 15:30,5941,263,1530,ambient,1,1,2023,3.598958,hs
20/09/2023 15:45,5942,263,1545,ambient,1,1,2023,3.502412,hs
20/09/2023 16:00,5943,263,1600,ambient,1,1,2023,3.214725,hs
20/09/2023 16:15,5944,263,1615,ambient,1,1,2023,3.165163,hs
20/09/2023 16:30,5945,263,1630,ambient,1,1,2023,3.226581,hs
20/09/2023 16:45,5946,263,1645,ambient,1,1,2023,3.291262,hs
20/09/2023 17:00,5947,263,1700,ambient,1,1,2023,3.434394,hs
20/09/2023 17:15,5948,263,1715,ambient,1,1,2023,3.585742,hs
20/09/2023 17:30,5949,263,1730,ambient,1,1,2023,2.726582,hs
20/09/2023 17:45,5950,263,1745,ambient,1,1,2023,2.234365,hs
20/09/2023 18:00,5951,263,1800,ambient,1,1,2023,2.021596,hs
20/09/2023 18:15,5952,263,1815,ambient,1,1,2023,1.682961,hs
20/09/2023 18:30,5953,263,1830,ambient,1,1,2023,1.175287,hs
20/09/2023 18:45,5954,263,1845,ambient,1,1,2023,0.9000649,hs
20/09/2023 19:00,5955,263,1900,ambient,1,1,2023,0.6408781,hs
20/09/2023 19:15,5956,263,1915,ambient,1,1,2023,0.5192665,hs
20/09/2023 19:30,5957,263,1930,ambient,1,1,2023,0.4606872,hs
20/09/2023 19:45,5958,263,1945,ambient,1,1,2023,0.5208189,hs
20/09/2023 20:00,5959,263,2000,ambient,1,1,2023,0.6347747,hs
20/09/2023 20:15,5960,263,2015,ambient,1,1,2023,0.9211875,hs
20/09/2023 20:30,5961,263,2030,ambient,1,1,2023,1.011594,hs
20/09/2023 20:45,5962,263,2045,ambient,1,1,2023,0.8578687,hs
20/09/2023 21:00,5963,263,2100,ambient,1,1,2023,0.8247536,hs
20/09/2023 21:15,5964,263,2115,ambient,1,1,2023,0.4869048,hs
20/09/2023 21:30,5965,263,2130,ambient,1,1,2023,0.6011445,hs
20/09/2023 21:45,5966,263,2145,ambient,1,1,2023,0.7128178,hs
20/09/2023 22:00,5967,263,2200,ambient,1,1,2023,0.7398579,hs
20/09/2023 22:15,5968,263,2215,ambient,1,1,2023,1.179154,hs
20/09/2023 22:30,5969,263,2230,ambient,1,1,2023,1.035591,hs
20/09/2023 22:45,5970,263,2245,ambient,1,1,2023,0.6990231,hs
20/09/2023 23:00,5971,263,2300,ambient,1,1,2023,0.6378915,hs
20/09/2023 23:15,5972,263,2315,ambient,1,1,2023,0.8048632,hs
20/09/2023 23:30,5973,263,2330,ambient,1,1,2023,0.7036128,hs
20/09/2023 23:45,5974,263,2345,ambient,1,1,2023,0.1394732,hs
21/09/2023 00:00,5975,264,0,ambient,1,1,2023,0,hs
21/09/2023 00:15,5976,264,15,ambient,1,1,2023,0,hs
21/09/2023 00:30,5977,264,30,ambient,1,1,2023,0,hs
21/09/2023 00:45,5978,264,45,ambient,1,1,2023,0.08145481,hs
21/09/2023 01:00,5979,264,100,ambient,1,1,2023,0.1301808,hs
21/09/2023 01:15,5980,264,115,ambient,1,1,2023,0.1224303,hs
21/09/2023 01:30,5981,264,130,ambient,1,1,2023,0.1610024,hs
21/09/2023 01:45,5982,264,145,ambient,1,1,2023,0.1733247,hs
21/09/2023 02:00,5983,264,200,ambient,1,1,2023,0.04437422,hs
21/09/2023 02:15,5984,264,215,ambient,1,1,2023,0,hs
21/09/2023 02:30,5985,264,230,ambient,1,1,2023,0,hs
21/09/2023 02:45,5986,264,245,ambient,1,1,2023,0,hs
21/09/2023 03:00,5987,264,300,ambient,1,1,2023,0.08038629,hs
21/09/2023 03:15,5988,264,315,ambient,1,1,2023,0,hs
21/09/2023 03:30,5989,264,330,ambient,1,1,2023,0,hs
21/09/2023 03:45,5990,264,345,ambient,1,1,2023,0,hs
21/09/2023 04:00,5991,264,400,ambient,1,1,2023,0,hs
21/09/2023 04:15,5992,264,415,ambient,1,1,2023,0,hs
21/09/2023 04:30,5993,264,430,ambient,1,1,2023,0,hs
21/09/2023 04:45,5994,264,445,ambient,1,1,2023,0,hs
21/09/2023 05:00,5995,264,500,ambient,1,1,2023,0,hs
21/09/2023 05:15,5996,264,515,ambient,1,1,2023,0,hs
21/09/2023 05:30,5997,264,530,ambient,1,1,2023,0,hs
21/09/2023 05:45,5998,264,545,ambient,1,1,2023,0.1153494,hs
21/09/2023 06:00,5999,264,600,ambient,1,1,2023,0.5881705,hs
21/09/2023 06:15,6000,264,615,ambient,1,1,2023,0,hs
21/09/2023 06:30,6001,264,630,ambient,1,1,2023,0,hs
21/09/2023 06:45,6002,264,645,ambient,1,1,2023,0,hs
21/09/2023 07:00,6003,264,700,ambient,1,1,2023,0,hs
21/09/2023 07:15,6004,264,715,ambient,1,1,2023,0,hs
21/09/2023 07:30,6005,264,730,ambient,1,1,2023,0,hs
21/09/2023 07:45,6006,264,745,ambient,1,1,2023,0,hs
21/09/2023 08:00,6007,264,800,ambient,1,1,2023,0,hs
21/09/2023 08:15,6008,264,815,ambient,1,1,2023,0,hs
21/09/2023 08:30,6009,264,830,ambient,1,1,2023,0,hs
21/09/2023 08:45,6010,264,845,ambient,1,1,2023,0,hs
21/09/2023 09:00,6011,264,900,ambient,1,1,2023,0,hs
21/09/2023 09:15,6012,264,915,ambient,1,1,2023,0,hs
21/09/2023 09:30,6013,264,930,ambient,1,1,2023,0,hs
21/09/2023 09:45,6014,264,945,ambient,1,1,2023,0.4571894,hs
21/09/2023 10:00,6015,264,1000,ambient,1,1,2023,0.2776162,hs
21/09/2023 10:15,6016,264,1015,ambient,1,1,2023,0.7907562,hs
21/09/2023 10:30,6017,264,1030,ambient,1,1,2023,0.9652078,hs
21/09/2023 10:45,6018,264,1045,ambient,1,1,2023,0.5137086,hs
21/09/2023 11:00,6019,264,1100,ambient,1,1,2023,0.6067361,hs
21/09/2023 11:15,6020,264,1115,ambient,1,1,2023,1.24715,hs
21/09/2023 11:30,6021,264,1130,ambient,1,1,2023,1.632877,hs
21/09/2023 11:45,6022,264,1145,ambient,1,1,2023,1.687001,hs
21/09/2023 12:00,6023,264,1200,ambient,1,1,2023,2.306671,hs
21/09/2023 12:15,6024,264,1215,ambient,1,1,2023,2.02302,hs
21/09/2023 12:30,6025,264,1230,ambient,1,1,2023,2.828942,hs
21/09/2023 12:45,6026,264,1245,ambient,1,1,2023,3.502187,hs
21/09/2023 13:00,6027,264,1300,ambient,1,1,2023,3.339169,hs
21/09/2023 13:15,6028,264,1315,ambient,1,1,2023,3.660878,hs
21/09/2023 13:30,6029,264,1330,ambient,1,1,2023,2.942712,hs
21/09/2023 13:45,6030,264,1345,ambient,1,1,2023,3.023651,hs
21/09/2023 14:00,6031,264,1400,ambient,1,1,2023,2.390711,hs
21/09/2023 14:15,6032,264,1415,ambient,1,1,2023,3.094641,hs
21/09/2023 14:30,6033,264,1430,ambient,1,1,2023,2.826255,hs
21/09/2023 14:45,6034,264,1445,ambient,1,1,2023,2.464415,hs
21/09/2023 15:00,6035,264,1500,ambient,1,1,2023,2.538805,hs
21/09/2023 15:15,6036,264,1515,ambient,1,1,2023,2.243058,hs
21/09/2023 15:30,6037,264,1530,ambient,1,1,2023,2.672766,hs
21/09/2023 15:45,6038,264,1545,ambient,1,1,2023,2.069412,hs
21/09/2023 16:00,6039,264,1600,ambient,1,1,2023,3.080068,hs
21/09/2023 16:15,6040,264,1615,ambient,1,1,2023,2.669771,hs
21/09/2023 16:30,6041,264,1630,ambient,1,1,2023,2.671667,hs
21/09/2023 16:45,6042,264,1645,ambient,1,1,2023,2.593506,hs
21/09/2023 17:00,6043,264,1700,ambient,1,1,2023,2.186836,hs
21/09/2023 17:15,6044,264,1715,ambient,1,1,2023,2.026561,hs
21/09/2023 17:30,6045,264,1730,ambient,1,1,2023,1.323312,hs
21/09/2023 17:45,6046,264,1745,ambient,1,1,2023,0.9717105,hs
21/09/2023 18:00,6047,264,1800,ambient,1,1,2023,0.8957002,hs
21/09/2023 18:15,6048,264,1815,ambient,1,1,2023,0.8301027,hs
21/09/2023 18:30,6049,264,1830,ambient,1,1,2023,0.4321776,hs
21/09/2023 18:45,6050,264,1845,ambient,1,1,2023,0,hs
21/09/2023 19:00,6051,264,1900,ambient,1,1,2023,0,hs
21/09/2023 19:15,6052,264,1915,ambient,1,1,2023,0,hs
21/09/2023 19:30,6053,264,1930,ambient,1,1,2023,0.1954604,hs
21/09/2023 19:45,6054,264,1945,ambient,1,1,2023,0.3525056,hs
21/09/2023 20:00,6055,264,2000,ambient,1,1,2023,0.4640619,hs
21/09/2023 20:15,6056,264,2015,ambient,1,1,2023,0.6024968,hs
21/09/2023 20:30,6057,264,2030,ambient,1,1,2023,0.5085388,hs
21/09/2023 20:45,6058,264,2045,ambient,1,1,2023,0.3096469,hs
21/09/2023 21:00,6059,264,2100,ambient,1,1,2023,0.3829729,hs
21/09/2023 21:15,6060,264,2115,ambient,1,1,2023,0.3310129,hs
21/09/2023 21:30,6061,264,2130,ambient,1,1,2023,0.1122473,hs
21/09/2023 21:45,6062,264,2145,ambient,1,1,2023,0,hs
21/09/2023 22:00,6063,264,2200,ambient,1,1,2023,0.108114,hs
21/09/2023 22:15,6064,264,2215,ambient,1,1,2023,0.2189805,hs
21/09/2023 22:30,6065,264,2230,ambient,1,1,2023,0.04131848,hs
21/09/2023 22:45,6066,264,2245,ambient,1,1,2023,0.007410168,hs
21/09/2023 23:00,6067,264,2300,ambient,1,1,2023,0,hs
21/09/2023 23:15,6068,264,2315,ambient,1,1,2023,0,hs
21/09/2023 23:30,6069,264,2330,ambient,1,1,2023,0,hs
21/09/2023 23:45,6070,264,2345,ambient,1,1,2023,0,hs
22/09/2023 00:00,6071,265,0,ambient,1,1,2023,0,hs
22/09/2023 00:15,6072,265,15,ambient,1,1,2023,0,hs
22/09/2023 00:30,6073,265,30,ambient,1,1,2023,0,hs
22/09/2023 00:45,6074,265,45,ambient,1,1,2023,0,hs
22/09/2023 01:00,6075,265,100,ambient,1,1,2023,0,hs
22/09/2023 01:15,6076,265,115,ambient,1,1,2023,0,hs
22/09/2023 01:30,6077,265,130,ambient,1,1,2023,0,hs
22/09/2023 01:45,6078,265,145,ambient,1,1,2023,0,hs
22/09/2023 02:00,6079,265,200,ambient,1,1,2023,0,hs
22/09/2023 02:15,6080,265,215,ambient,1,1,2023,0,hs
22/09/2023 02:30,6081,265,230,ambient,1,1,2023,0,hs
22/09/2023 02:45,6082,265,245,ambient,1,1,2023,0,hs
22/09/2023 03:00,6083,265,300,ambient,1,1,2023,0,hs
22/09/2023 03:15,6084,265,315,ambient,1,1,2023,0,hs
22/09/2023 03:30,6085,265,330,ambient,1,1,2023,0.6104471,hs
22/09/2023 03:45,6086,265,345,ambient,1,1,2023,1.103552,hs
22/09/2023 04:00,6087,265,400,ambient,1,1,2023,1.143701,hs
22/09/2023 04:15,6088,265,415,ambient,1,1,2023,0.9469111,hs
22/09/2023 04:30,6089,265,430,ambient,1,1,2023,0,hs
22/09/2023 04:45,6090,265,445,ambient,1,1,2023,0,hs
22/09/2023 05:00,6091,265,500,ambient,1,1,2023,0,hs
22/09/2023 05:15,6092,265,515,ambient,1,1,2023,0,hs
22/09/2023 05:30,6093,265,530,ambient,1,1,2023,0,hs
22/09/2023 05:45,6094,265,545,ambient,1,1,2023,0,hs
22/09/2023 06:00,6095,265,600,ambient,1,1,2023,0,hs
22/09/2023 06:15,6096,265,615,ambient,1,1,2023,0,hs
22/09/2023 06:30,6097,265,630,ambient,1,1,2023,0,hs
22/09/2023 06:45,6098,265,645,ambient,1,1,2023,0,hs
22/09/2023 07:00,6099,265,700,ambient,1,1,2023,0,hs
22/09/2023 07:15,6100,265,715,ambient,1,1,2023,0,hs
22/09/2023 07:30,6101,265,730,ambient,1,1,2023,0.2145678,hs
22/09/2023 07:45,6102,265,745,ambient,1,1,2023,0,hs
22/09/2023 08:00,6103,265,800,ambient,1,1,2023,0,hs
22/09/2023 08:15,6104,265,815,ambient,1,1,2023,0.4395337,hs
22/09/2023 08:30,6105,265,830,ambient,1,1,2023,0.4553716,hs
22/09/2023 08:45,6106,265,845,ambient,1,1,2023,1.289776,hs
22/09/2023 09:00,6107,265,900,ambient,1,1,2023,2.652513,hs
22/09/2023 09:15,6108,265,915,ambient,1,1,2023,3.466716,hs
22/09/2023 09:30,6109,265,930,ambient,1,1,2023,3.891501,hs
22/09/2023 09:45,6110,265,945,ambient,1,1,2023,4.66573,hs
22/09/2023 10:00,6111,265,1000,ambient,1,1,2023,4.779812,hs
22/09/2023 10:15,6112,265,1015,ambient,1,1,2023,4.744312,hs
22/09/2023 10:30,6113,265,1030,ambient,1,1,2023,4.423833,hs
22/09/2023 10:45,6114,265,1045,ambient,1,1,2023,4.181125,hs
22/09/2023 11:00,6115,265,1100,ambient,1,1,2023,4.182856,hs
22/09/2023 11:15,6116,265,1115,ambient,1,1,2023,4.357479,hs
22/09/2023 11:30,6117,265,1130,ambient,1,1,2023,4.536385,hs
22/09/2023 11:45,6118,265,1145,ambient,1,1,2023,4.483145,hs
22/09/2023 12:00,6119,265,1200,ambient,1,1,2023,4.814312,hs
22/09/2023 12:15,6120,265,1215,ambient,1,1,2023,5.08144,hs
22/09/2023 12:30,6121,265,1230,ambient,1,1,2023,4.640079,hs
22/09/2023 12:45,6122,265,1245,ambient,1,1,2023,4.848598,hs
22/09/2023 13:00,6123,265,1300,ambient,1,1,2023,4.781428,hs
22/09/2023 13:15,6124,265,1315,ambient,1,1,2023,4.592294,hs
22/09/2023 13:30,6125,265,1330,ambient,1,1,2023,3.919349,hs
22/09/2023 13:45,6126,265,1345,ambient,1,1,2023,4.552451,hs
22/09/2023 14:00,6127,265,1400,ambient,1,1,2023,4.480192,hs
22/09/2023 14:15,6128,265,1415,ambient,1,1,2023,3.923189,hs
22/09/2023 14:30,6129,265,1430,ambient,1,1,2023,3.513777,hs
22/09/2023 14:45,6130,265,1445,ambient,1,1,2023,3.946826,hs
22/09/2023 15:00,6131,265,1500,ambient,1,1,2023,4.359717,hs
22/09/2023 15:15,6132,265,1515,ambient,1,1,2023,4.275526,hs
22/09/2023 15:30,6133,265,1530,ambient,1,1,2023,3.505371,hs
22/09/2023 15:45,6134,265,1545,ambient,1,1,2023,2.820649,hs
22/09/2023 16:00,6135,265,1600,ambient,1,1,2023,3.075628,hs
22/09/2023 16:15,6136,265,1615,ambient,1,1,2023,3.030074,hs
22/09/2023 16:30,6137,265,1630,ambient,1,1,2023,3.12238,hs
22/09/2023 16:45,6138,265,1645,ambient,1,1,2023,3.005538,hs
22/09/2023 17:00,6139,265,1700,ambient,1,1,2023,2.555594,hs
22/09/2023 17:15,6140,265,1715,ambient,1,1,2023,2.496363,hs
22/09/2023 17:30,6141,265,1730,ambient,1,1,2023,2.08744,hs
22/09/2023 17:45,6142,265,1745,ambient,1,1,2023,1.726015,hs
22/09/2023 18:00,6143,265,1800,ambient,1,1,2023,1.29589,hs
22/09/2023 18:15,6144,265,1815,ambient,1,1,2023,0.7847565,hs
22/09/2023 18:30,6145,265,1830,ambient,1,1,2023,0,hs
22/09/2023 18:45,6146,265,1845,ambient,1,1,2023,0,hs
22/09/2023 19:00,6147,265,1900,ambient,1,1,2023,0,hs
22/09/2023 19:15,6148,265,1915,ambient,1,1,2023,0,hs
22/09/2023 19:30,6149,265,1930,ambient,1,1,2023,0,hs
22/09/2023 19:45,6150,265,1945,ambient,1,1,2023,0,hs
22/09/2023 20:00,6151,265,2000,ambient,1,1,2023,0,hs
22/09/2023 20:15,6152,265,2015,ambient,1,1,2023,0,hs
22/09/2023 20:30,6153,265,2030,ambient,1,1,2023,0,hs
22/09/2023 20:45,6154,265,2045,ambient,1,1,2023,0,hs
22/09/2023 21:00,6155,265,2100,ambient,1,1,2023,0,hs
22/09/2023 21:15,6156,265,2115,ambient,1,1,2023,0,hs
22/09/2023 21:30,6157,265,2130,ambient,1,1,2023,0,hs
22/09/2023 21:45,6158,265,2145,ambient,1,1,2023,0,hs
22/09/2023 22:00,6159,265,2200,ambient,1,1,2023,0,hs
22/09/2023 22:15,6160,265,2215,ambient,1,1,2023,0,hs
22/09/2023 22:30,6161,265,2230,ambient,1,1,2023,0,hs
22/09/2023 22:45,6162,265,2245,ambient,1,1,2023,0,hs
22/09/2023 23:00,6163,265,2300,ambient,1,1,2023,0,hs
22/09/2023 23:15,6164,265,2315,ambient,1,1,2023,0,hs
22/09/2023 23:30,6165,265,2330,ambient,1,1,2023,0,hs
22/09/2023 23:45,6166,265,2345,ambient,1,1,2023,0,hs
23/09/2023 00:00,6167,266,0,ambient,1,1,2023,0,hs
23/09/2023 00:15,6168,266,15,ambient,1,1,2023,0,hs
23/09/2023 00:30,6169,266,30,ambient,1,1,2023,0,hs
23/09/2023 00:45,6170,266,45,ambient,1,1,2023,0,hs
23/09/2023 01:00,6171,266,100,ambient,1,1,2023,0,hs
23/09/2023 01:15,6172,266,115,ambient,1,1,2023,0,hs
23/09/2023 01:30,6173,266,130,ambient,1,1,2023,0,hs
23/09/2023 01:45,6174,266,145,ambient,1,1,2023,0,hs
23/09/2023 02:00,6175,266,200,ambient,1,1,2023,0,hs
23/09/2023 02:15,6176,266,215,ambient,1,1,2023,0,hs
23/09/2023 02:30,6177,266,230,ambient,1,1,2023,0,hs
23/09/2023 02:45,6178,266,245,ambient,1,1,2023,0,hs
23/09/2023 03:00,6179,266,300,ambient,1,1,2023,0,hs
23/09/2023 03:15,6180,266,315,ambient,1,1,2023,0,hs
23/09/2023 03:30,6181,266,330,ambient,1,1,2023,0,hs
23/09/2023 03:45,6182,266,345,ambient,1,1,2023,0,hs
23/09/2023 04:00,6183,266,400,ambient,1,1,2023,0,hs
23/09/2023 04:15,6184,266,415,ambient,1,1,2023,0,hs
23/09/2023 04:30,6185,266,430,ambient,1,1,2023,0,hs
23/09/2023 04:45,6186,266,445,ambient,1,1,2023,0,hs
23/09/2023 05:00,6187,266,500,ambient,1,1,2023,0,hs
23/09/2023 05:15,6188,266,515,ambient,1,1,2023,0,hs
23/09/2023 05:30,6189,266,530,ambient,1,1,2023,0,hs
23/09/2023 05:45,6190,266,545,ambient,1,1,2023,0,hs
23/09/2023 06:00,6191,266,600,ambient,1,1,2023,0,hs
23/09/2023 06:15,6192,266,615,ambient,1,1,2023,0,hs
23/09/2023 06:30,6193,266,630,ambient,1,1,2023,0,hs
23/09/2023 06:45,6194,266,645,ambient,1,1,2023,0,hs
23/09/2023 07:00,6195,266,700,ambient,1,1,2023,0,hs
23/09/2023 07:15,6196,266,715,ambient,1,1,2023,0,hs
23/09/2023 07:30,6197,266,730,ambient,1,1,2023,0,hs
23/09/2023 07:45,6198,266,745,ambient,1,1,2023,0,hs
23/09/2023 08:00,6199,266,800,ambient,1,1,2023,0,hs
23/09/2023 08:15,6200,266,815,ambient,1,1,2023,0,hs
23/09/2023 08:30,6201,266,830,ambient,1,1,2023,4.661704,hs
23/09/2023 08:45,6202,266,845,ambient,1,1,2023,3.002011,hs
23/09/2023 09:00,6203,266,900,ambient,1,1,2023,2.924138,hs
23/09/2023 09:15,6204,266,915,ambient,1,1,2023,3.225637,hs
23/09/2023 09:30,6205,266,930,ambient,1,1,2023,3.62067,hs
23/09/2023 09:45,6206,266,945,ambient,1,1,2023,3.690697,hs
23/09/2023 10:00,6207,266,1000,ambient,1,1,2023,3.72437,hs
23/09/2023 10:15,6208,266,1015,ambient,1,1,2023,3.176735,hs
23/09/2023 10:30,6209,266,1030,ambient,1,1,2023,2.987056,hs
23/09/2023 10:45,6210,266,1045,ambient,1,1,2023,2.777894,hs
23/09/2023 11:00,6211,266,1100,ambient,1,1,2023,2.801839,hs
23/09/2023 11:15,6212,266,1115,ambient,1,1,2023,3.019,hs
23/09/2023 11:30,6213,266,1130,ambient,1,1,2023,2.931961,hs
23/09/2023 11:45,6214,266,1145,ambient,1,1,2023,2.997629,hs
23/09/2023 12:00,6215,266,1200,ambient,1,1,2023,3.120058,hs
23/09/2023 12:15,6216,266,1215,ambient,1,1,2023,3.029183,hs
23/09/2023 12:30,6217,266,1230,ambient,1,1,2023,3.215862,hs
23/09/2023 12:45,6218,266,1245,ambient,1,1,2023,3.316498,hs
23/09/2023 13:00,6219,266,1300,ambient,1,1,2023,3.117313,hs
23/09/2023 13:15,6220,266,1315,ambient,1,1,2023,2.689288,hs
23/09/2023 13:30,6221,266,1330,ambient,1,1,2023,2.568551,hs
23/09/2023 13:45,6222,266,1345,ambient,1,1,2023,2.877395,hs
23/09/2023 14:00,6223,266,1400,ambient,1,1,2023,2.750475,hs
23/09/2023 14:15,6224,266,1415,ambient,1,1,2023,2.659804,hs
23/09/2023 14:30,6225,266,1430,ambient,1,1,2023,2.680767,hs
23/09/2023 14:45,6226,266,1445,ambient,1,1,2023,2.700866,hs
23/09/2023 15:00,6227,266,1500,ambient,1,1,2023,2.338791,hs
23/09/2023 15:15,6228,266,1515,ambient,1,1,2023,2.337814,hs
23/09/2023 15:30,6229,266,1530,ambient,1,1,2023,2.502476,hs
23/09/2023 15:45,6230,266,1545,ambient,1,1,2023,2.272381,hs
23/09/2023 16:00,6231,266,1600,ambient,1,1,2023,2.29339,hs
23/09/2023 16:15,6232,266,1615,ambient,1,1,2023,1.968264,hs
23/09/2023 16:30,6233,266,1630,ambient,1,1,2023,2.006687,hs
23/09/2023 16:45,6234,266,1645,ambient,1,1,2023,2.163616,hs
23/09/2023 17:00,6235,266,1700,ambient,1,1,2023,2.065261,hs
23/09/2023 17:15,6236,266,1715,ambient,1,1,2023,1.547407,hs
23/09/2023 17:30,6237,266,1730,ambient,1,1,2023,0.7385446,hs
23/09/2023 17:45,6238,266,1745,ambient,1,1,2023,0.5665123,hs
23/09/2023 18:00,6239,266,1800,ambient,1,1,2023,0.6760923,hs
23/09/2023 18:15,6240,266,1815,ambient,1,1,2023,0.4549507,hs
23/09/2023 18:30,6241,266,1830,ambient,1,1,2023,0,hs
23/09/2023 18:45,6242,266,1845,ambient,1,1,2023,0,hs
23/09/2023 19:00,6243,266,1900,ambient,1,1,2023,0,hs
23/09/2023 19:15,6244,266,1915,ambient,1,1,2023,0,hs
23/09/2023 19:30,6245,266,1930,ambient,1,1,2023,0,hs
23/09/2023 19:45,6246,266,1945,ambient,1,1,2023,0,hs
23/09/2023 20:00,6247,266,2000,ambient,1,1,2023,0,hs
23/09/2023 20:15,6248,266,2015,ambient,1,1,2023,0,hs
23/09/2023 20:30,6249,266,2030,ambient,1,1,2023,0,hs
23/09/2023 20:45,6250,266,2045,ambient,1,1,2023,0.7674732,hs
23/09/2023 21:00,6251,266,2100,ambient,1,1,2023,0.2124993,hs
23/09/2023 21:15,6252,266,2115,ambient,1,1,2023,0,hs
23/09/2023 21:30,6253,266,2130,ambient,1,1,2023,0,hs
23/09/2023 21:45,6254,266,2145,ambient,1,1,2023,0,hs
23/09/2023 22:00,6255,266,2200,ambient,1,1,2023,0.06085125,hs
23/09/2023 22:15,6256,266,2215,ambient,1,1,2023,0.7581854,hs
23/09/2023 22:30,6257,266,2230,ambient,1,1,2023,0,hs
23/09/2023 22:45,6258,266,2245,ambient,1,1,2023,0,hs
23/09/2023 23:00,6259,266,2300,ambient,1,1,2023,0,hs
23/09/2023 23:15,6260,266,2315,ambient,1,1,2023,0,hs
23/09/2023 23:30,6261,266,2330,ambient,1,1,2023,0,hs
23/09/2023 23:45,6262,266,2345,ambient,1,1,2023,0,hs
24/09/2023 00:00,6263,267,0,ambient,1,1,2023,0,hs
24/09/2023 00:15,6264,267,15,ambient,1,1,2023,0,hs
24/09/2023 00:30,6265,267,30,ambient,1,1,2023,0,hs
24/09/2023 00:45,6266,267,45,ambient,1,1,2023,0,hs
24/09/2023 01:00,6267,267,100,ambient,1,1,2023,0,hs
24/09/2023 01:15,6268,267,115,ambient,1,1,2023,0,hs
24/09/2023 01:30,6269,267,130,ambient,1,1,2023,0,hs
24/09/2023 01:45,6270,267,145,ambient,1,1,2023,0,hs
24/09/2023 02:00,6271,267,200,ambient,1,1,2023,0,hs
24/09/2023 02:15,6272,267,215,ambient,1,1,2023,0,hs
24/09/2023 02:30,6273,267,230,ambient,1,1,2023,0,hs
24/09/2023 02:45,6274,267,245,ambient,1,1,2023,0,hs
24/09/2023 03:00,6275,267,300,ambient,1,1,2023,0,hs
24/09/2023 03:15,6276,267,315,ambient,1,1,2023,0,hs
24/09/2023 03:30,6277,267,330,ambient,1,1,2023,0,hs
24/09/2023 03:45,6278,267,345,ambient,1,1,2023,0,hs
24/09/2023 04:00,6279,267,400,ambient,1,1,2023,0,hs
24/09/2023 04:15,6280,267,415,ambient,1,1,2023,0,hs
24/09/2023 04:30,6281,267,430,ambient,1,1,2023,0,hs
24/09/2023 04:45,6282,267,445,ambient,1,1,2023,0,hs
24/09/2023 05:00,6283,267,500,ambient,1,1,2023,0,hs
24/09/2023 05:15,6284,267,515,ambient,1,1,2023,0,hs
24/09/2023 05:30,6285,267,530,ambient,1,1,2023,0,hs
24/09/2023 05:45,6286,267,545,ambient,1,1,2023,0,hs
24/09/2023 06:00,6287,267,600,ambient,1,1,2023,0,hs
24/09/2023 06:15,6288,267,615,ambient,1,1,2023,0,hs
24/09/2023 06:30,6289,267,630,ambient,1,1,2023,0,hs
24/09/2023 06:45,6290,267,645,ambient,1,1,2023,0,hs
24/09/2023 07:00,6291,267,700,ambient,1,1,2023,0,hs
24/09/2023 07:15,6292,267,715,ambient,1,1,2023,0,hs
24/09/2023 07:30,6293,267,730,ambient,1,1,2023,0,hs
24/09/2023 07:45,6294,267,745,ambient,1,1,2023,0,hs
24/09/2023 08:00,6295,267,800,ambient,1,1,2023,0,hs
24/09/2023 08:15,6296,267,815,ambient,1,1,2023,5.560428,hs
24/09/2023 08:30,6297,267,830,ambient,1,1,2023,4.329268,hs
24/09/2023 08:45,6298,267,845,ambient,1,1,2023,4.210135,hs
24/09/2023 09:00,6299,267,900,ambient,1,1,2023,3.675674,hs
24/09/2023 09:15,6300,267,915,ambient,1,1,2023,3.061862,hs
24/09/2023 09:30,6301,267,930,ambient,1,1,2023,2.863065,hs
24/09/2023 09:45,6302,267,945,ambient,1,1,2023,2.922023,hs
24/09/2023 10:00,6303,267,1000,ambient,1,1,2023,2.731166,hs
24/09/2023 10:15,6304,267,1015,ambient,1,1,2023,2.361963,hs
24/09/2023 10:30,6305,267,1030,ambient,1,1,2023,2.094298,hs
24/09/2023 10:45,6306,267,1045,ambient,1,1,2023,2.164889,hs
24/09/2023 11:00,6307,267,1100,ambient,1,1,2023,1.797613,hs
24/09/2023 11:15,6308,267,1115,ambient,1,1,2023,1.605366,hs
24/09/2023 11:30,6309,267,1130,ambient,1,1,2023,1.495593,hs
24/09/2023 11:45,6310,267,1145,ambient,1,1,2023,2.580799,hs
24/09/2023 12:00,6311,267,1200,ambient,1,1,2023,2.183773,hs
24/09/2023 12:15,6312,267,1215,ambient,1,1,2023,1.694357,hs
24/09/2023 12:30,6313,267,1230,ambient,1,1,2023,1.849346,hs
24/09/2023 12:45,6314,267,1245,ambient,1,1,2023,1.709506,hs
24/09/2023 13:00,6315,267,1300,ambient,1,1,2023,1.945181,hs
24/09/2023 13:15,6316,267,1315,ambient,1,1,2023,2.348202,hs
24/09/2023 13:30,6317,267,1330,ambient,1,1,2023,2.276317,hs
24/09/2023 13:45,6318,267,1345,ambient,1,1,2023,2.977625,hs
24/09/2023 14:00,6319,267,1400,ambient,1,1,2023,2.527746,hs
24/09/2023 14:15,6320,267,1415,ambient,1,1,2023,2.104224,hs
24/09/2023 14:30,6321,267,1430,ambient,1,1,2023,2.111595,hs
24/09/2023 14:45,6322,267,1445,ambient,1,1,2023,1.910804,hs
24/09/2023 15:00,6323,267,1500,ambient,1,1,2023,1.439107,hs
24/09/2023 15:15,6324,267,1515,ambient,1,1,2023,1.54159,hs
24/09/2023 15:30,6325,267,1530,ambient,1,1,2023,1.58174,hs
24/09/2023 15:45,6326,267,1545,ambient,1,1,2023,1.426271,hs
24/09/2023 16:00,6327,267,1600,ambient,1,1,2023,1.647928,hs
24/09/2023 16:15,6328,267,1615,ambient,1,1,2023,1.66852,hs
24/09/2023 16:30,6329,267,1630,ambient,1,1,2023,1.096519,hs
24/09/2023 16:45,6330,267,1645,ambient,1,1,2023,1.24186,hs
24/09/2023 17:00,6331,267,1700,ambient,1,1,2023,1.414281,hs
24/09/2023 17:15,6332,267,1715,ambient,1,1,2023,0.7680408,hs
24/09/2023 17:30,6333,267,1730,ambient,1,1,2023,0.6913902,hs
24/09/2023 17:45,6334,267,1745,ambient,1,1,2023,0.9281404,hs
24/09/2023 18:00,6335,267,1800,ambient,1,1,2023,1.031111,hs
24/09/2023 18:15,6336,267,1815,ambient,1,1,2023,0.7315753,hs
24/09/2023 18:30,6337,267,1830,ambient,1,1,2023,0.3757397,hs
24/09/2023 18:45,6338,267,1845,ambient,1,1,2023,0,hs
24/09/2023 19:00,6339,267,1900,ambient,1,1,2023,0,hs
24/09/2023 19:15,6340,267,1915,ambient,1,1,2023,0,hs
24/09/2023 19:30,6341,267,1930,ambient,1,1,2023,0,hs
24/09/2023 19:45,6342,267,1945,ambient,1,1,2023,0,hs
24/09/2023 20:00,6343,267,2000,ambient,1,1,2023,0,hs
24/09/2023 20:15,6344,267,2015,ambient,1,1,2023,0,hs
24/09/2023 20:30,6345,267,2030,ambient,1,1,2023,0,hs
24/09/2023 20:45,6346,267,2045,ambient,1,1,2023,0,hs
24/09/2023 21:00,6347,267,2100,ambient,1,1,2023,0,hs
24/09/2023 21:15,6348,267,2115,ambient,1,1,2023,0,hs
24/09/2023 21:30,6349,267,2130,ambient,1,1,2023,0,hs
24/09/2023 21:45,6350,267,2145,ambient,1,1,2023,0,hs
24/09/2023 22:00,6351,267,2200,ambient,1,1,2023,0,hs
24/09/2023 22:15,6352,267,2215,ambient,1,1,2023,0,hs
24/09/2023 22:30,6353,267,2230,ambient,1,1,2023,0,hs
24/09/2023 22:45,6354,267,2245,ambient,1,1,2023,0,hs
24/09/2023 23:00,6355,267,2300,ambient,1,1,2023,0,hs
24/09/2023 23:15,6356,267,2315,ambient,1,1,2023,0,hs
24/09/2023 23:30,6357,267,2330,ambient,1,1,2023,0,hs
24/09/2023 23:45,6358,267,2345,ambient,1,1,2023,0,hs
25/09/2023 00:00,6359,268,0,ambient,1,1,2023,0,hs
25/09/2023 00:15,6360,268,15,ambient,1,1,2023,0,hs
25/09/2023 00:30,6361,268,30,ambient,1,1,2023,0,hs
25/09/2023 00:45,6362,268,45,ambient,1,1,2023,0,hs
25/09/2023 01:00,6363,268,100,ambient,1,1,2023,0,hs
25/09/2023 01:15,6364,268,115,ambient,1,1,2023,0,hs
25/09/2023 01:30,6365,268,130,ambient,1,1,2023,0,hs
25/09/2023 01:45,6366,268,145,ambient,1,1,2023,0,hs
25/09/2023 02:00,6367,268,200,ambient,1,1,2023,0,hs
25/09/2023 02:15,6368,268,215,ambient,1,1,2023,0,hs
25/09/2023 02:30,6369,268,230,ambient,1,1,2023,0,hs
25/09/2023 02:45,6370,268,245,ambient,1,1,2023,0,hs
25/09/2023 03:00,6371,268,300,ambient,1,1,2023,0,hs
25/09/2023 03:15,6372,268,315,ambient,1,1,2023,0,hs
25/09/2023 03:30,6373,268,330,ambient,1,1,2023,0,hs
25/09/2023 03:45,6374,268,345,ambient,1,1,2023,0,hs
25/09/2023 04:00,6375,268,400,ambient,1,1,2023,0,hs
25/09/2023 04:15,6376,268,415,ambient,1,1,2023,0,hs
25/09/2023 04:30,6377,268,430,ambient,1,1,2023,0,hs
25/09/2023 04:45,6378,268,445,ambient,1,1,2023,0,hs
25/09/2023 05:00,6379,268,500,ambient,1,1,2023,0,hs
25/09/2023 05:15,6380,268,515,ambient,1,1,2023,0,hs
25/09/2023 05:30,6381,268,530,ambient,1,1,2023,0,hs
25/09/2023 05:45,6382,268,545,ambient,1,1,2023,0,hs
25/09/2023 06:00,6383,268,600,ambient,1,1,2023,0,hs
25/09/2023 06:15,6384,268,615,ambient,1,1,2023,0,hs
25/09/2023 06:30,6385,268,630,ambient,1,1,2023,0,hs
25/09/2023 06:45,6386,268,645,ambient,1,1,2023,0,hs
25/09/2023 07:00,6387,268,700,ambient,1,1,2023,0,hs
25/09/2023 07:15,6388,268,715,ambient,1,1,2023,0,hs
25/09/2023 07:30,6389,268,730,ambient,1,1,2023,0,hs
25/09/2023 07:45,6390,268,745,ambient,1,1,2023,0,hs
25/09/2023 08:00,6391,268,800,ambient,1,1,2023,0,hs
25/09/2023 08:15,6392,268,815,ambient,1,1,2023,0,hs
25/09/2023 08:30,6393,268,830,ambient,1,1,2023,6.697926,hs
25/09/2023 08:45,6394,268,845,ambient,1,1,2023,4.502778,hs
25/09/2023 09:00,6395,268,900,ambient,1,1,2023,3.248652,hs
25/09/2023 09:15,6396,268,915,ambient,1,1,2023,2.954095,hs
25/09/2023 09:30,6397,268,930,ambient,1,1,2023,3.392698,hs
25/09/2023 09:45,6398,268,945,ambient,1,1,2023,3.097815,hs
25/09/2023 10:00,6399,268,1000,ambient,1,1,2023,2.96451,hs
25/09/2023 10:15,6400,268,1015,ambient,1,1,2023,2.898455,hs
25/09/2023 10:30,6401,268,1030,ambient,1,1,2023,2.242712,hs
25/09/2023 10:45,6402,268,1045,ambient,1,1,2023,1.848268,hs
25/09/2023 11:00,6403,268,1100,ambient,1,1,2023,1.671486,hs
25/09/2023 11:15,6404,268,1115,ambient,1,1,2023,1.348086,hs
25/09/2023 11:30,6405,268,1130,ambient,1,1,2023,1.485266,hs
25/09/2023 11:45,6406,268,1145,ambient,1,1,2023,1.783226,hs
25/09/2023 12:00,6407,268,1200,ambient,1,1,2023,1.520365,hs
25/09/2023 12:15,6408,268,1215,ambient,1,1,2023,1.553872,hs
25/09/2023 12:30,6409,268,1230,ambient,1,1,2023,1.771837,hs
25/09/2023 12:45,6410,268,1245,ambient,1,1,2023,2.5133,hs
25/09/2023 13:00,6411,268,1300,ambient,1,1,2023,2.412141,hs
25/09/2023 13:15,6412,268,1315,ambient,1,1,2023,2.753932,hs
25/09/2023 13:30,6413,268,1330,ambient,1,1,2023,1.987637,hs
25/09/2023 13:45,6414,268,1345,ambient,1,1,2023,1.144992,hs
25/09/2023 14:00,6415,268,1400,ambient,1,1,2023,1.403225,hs
25/09/2023 14:15,6416,268,1415,ambient,1,1,2023,2.178974,hs
25/09/2023 14:30,6417,268,1430,ambient,1,1,2023,2.532995,hs
25/09/2023 14:45,6418,268,1445,ambient,1,1,2023,1.704558,hs
25/09/2023 15:00,6419,268,1500,ambient,1,1,2023,2.573227,hs
25/09/2023 15:15,6420,268,1515,ambient,1,1,2023,2.15992,hs
25/09/2023 15:30,6421,268,1530,ambient,1,1,2023,1.615888,hs
25/09/2023 15:45,6422,268,1545,ambient,1,1,2023,0.7803383,hs
25/09/2023 16:00,6423,268,1600,ambient,1,1,2023,1.589545,hs
25/09/2023 16:15,6424,268,1615,ambient,1,1,2023,2.0341,hs
25/09/2023 16:30,6425,268,1630,ambient,1,1,2023,1.075408,hs
25/09/2023 16:45,6426,268,1645,ambient,1,1,2023,0.195205,hs
25/09/2023 17:00,6427,268,1700,ambient,1,1,2023,0.2003316,hs
25/09/2023 17:15,6428,268,1715,ambient,1,1,2023,0.07194509,hs
25/09/2023 17:30,6429,268,1730,ambient,1,1,2023,0,hs
25/09/2023 17:45,6430,268,1745,ambient,1,1,2023,0,hs
25/09/2023 18:00,6431,268,1800,ambient,1,1,2023,0,hs
25/09/2023 18:15,6432,268,1815,ambient,1,1,2023,0,hs
25/09/2023 18:30,6433,268,1830,ambient,1,1,2023,0.008833165,hs
25/09/2023 18:45,6434,268,1845,ambient,1,1,2023,0,hs
25/09/2023 19:00,6435,268,1900,ambient,1,1,2023,0,hs
25/09/2023 19:15,6436,268,1915,ambient,1,1,2023,0,hs
25/09/2023 19:30,6437,268,1930,ambient,1,1,2023,0,hs
25/09/2023 19:45,6438,268,1945,ambient,1,1,2023,0,hs
25/09/2023 20:00,6439,268,2000,ambient,1,1,2023,0,hs
25/09/2023 20:15,6440,268,2015,ambient,1,1,2023,0,hs
25/09/2023 20:30,6441,268,2030,ambient,1,1,2023,0.2634611,hs
25/09/2023 20:45,6442,268,2045,ambient,1,1,2023,2.154796,hs
25/09/2023 21:00,6443,268,2100,ambient,1,1,2023,0.9286483,hs
25/09/2023 21:15,6444,268,2115,ambient,1,1,2023,0.1410084,hs
25/09/2023 21:30,6445,268,2130,ambient,1,1,2023,0.08186362,hs
25/09/2023 21:45,6446,268,2145,ambient,1,1,2023,0,hs
25/09/2023 22:00,6447,268,2200,ambient,1,1,2023,0,hs
25/09/2023 22:15,6448,268,2215,ambient,1,1,2023,0,hs
25/09/2023 22:30,6449,268,2230,ambient,1,1,2023,0.4409056,hs
25/09/2023 22:45,6450,268,2245,ambient,1,1,2023,0,hs
25/09/2023 23:00,6451,268,2300,ambient,1,1,2023,0,hs
25/09/2023 23:15,6452,268,2315,ambient,1,1,2023,0,hs
25/09/2023 23:30,6453,268,2330,ambient,1,1,2023,0,hs
25/09/2023 23:45,6454,268,2345,ambient,1,1,2023,0,hs
26/09/2023 00:00,6455,269,0,ambient,1,1,2023,0,hs
26/09/2023 00:15,6456,269,15,ambient,1,1,2023,0,hs
26/09/2023 00:30,6457,269,30,ambient,1,1,2023,0,hs
26/09/2023 00:45,6458,269,45,ambient,1,1,2023,0,hs
26/09/2023 01:00,6459,269,100,ambient,1,1,2023,0,hs
26/09/2023 01:15,6460,269,115,ambient,1,1,2023,0,hs
26/09/2023 01:30,6461,269,130,ambient,1,1,2023,0,hs
26/09/2023 01:45,6462,269,145,ambient,1,1,2023,0,hs
26/09/2023 02:00,6463,269,200,ambient,1,1,2023,0,hs
26/09/2023 02:15,6464,269,215,ambient,1,1,2023,0,hs
26/09/2023 02:30,6465,269,230,ambient,1,1,2023,0,hs
26/09/2023 02:45,6466,269,245,ambient,1,1,2023,0,hs
26/09/2023 03:00,6467,269,300,ambient,1,1,2023,0,hs
26/09/2023 03:15,6468,269,315,ambient,1,1,2023,0,hs
26/09/2023 03:30,6469,269,330,ambient,1,1,2023,0,hs
26/09/2023 03:45,6470,269,345,ambient,1,1,2023,0,hs
26/09/2023 04:00,6471,269,400,ambient,1,1,2023,0,hs
26/09/2023 04:15,6472,269,415,ambient,1,1,2023,0,hs
26/09/2023 04:30,6473,269,430,ambient,1,1,2023,0,hs
26/09/2023 04:45,6474,269,445,ambient,1,1,2023,0,hs
26/09/2023 05:00,6475,269,500,ambient,1,1,2023,0,hs
26/09/2023 05:15,6476,269,515,ambient,1,1,2023,0,hs
26/09/2023 05:30,6477,269,530,ambient,1,1,2023,0,hs
26/09/2023 05:45,6478,269,545,ambient,1,1,2023,0,hs
26/09/2023 06:00,6479,269,600,ambient,1,1,2023,0,hs
26/09/2023 06:15,6480,269,615,ambient,1,1,2023,0,hs
26/09/2023 06:30,6481,269,630,ambient,1,1,2023,0,hs
26/09/2023 06:45,6482,269,645,ambient,1,1,2023,0,hs
26/09/2023 07:00,6483,269,700,ambient,1,1,2023,0,hs
26/09/2023 07:15,6484,269,715,ambient,1,1,2023,0,hs
26/09/2023 07:30,6485,269,730,ambient,1,1,2023,0,hs
26/09/2023 07:45,6486,269,745,ambient,1,1,2023,0,hs
26/09/2023 08:00,6487,269,800,ambient,1,1,2023,0,hs
26/09/2023 08:15,6488,269,815,ambient,1,1,2023,0,hs
26/09/2023 08:30,6489,269,830,ambient,1,1,2023,2.932429,hs
26/09/2023 08:45,6490,269,845,ambient,1,1,2023,3.89831,hs
26/09/2023 09:00,6491,269,900,ambient,1,1,2023,2.992598,hs
26/09/2023 09:15,6492,269,915,ambient,1,1,2023,3.66189,hs
26/09/2023 09:30,6493,269,930,ambient,1,1,2023,2.581419,hs
26/09/2023 09:45,6494,269,945,ambient,1,1,2023,2.330246,hs
26/09/2023 10:00,6495,269,1000,ambient,1,1,2023,3.102968,hs
26/09/2023 10:15,6496,269,1015,ambient,1,1,2023,3.093812,hs
26/09/2023 10:30,6497,269,1030,ambient,1,1,2023,2.612646,hs
26/09/2023 10:45,6498,269,1045,ambient,1,1,2023,2.45925,hs
26/09/2023 11:00,6499,269,1100,ambient,1,1,2023,2.930407,hs
26/09/2023 11:15,6500,269,1115,ambient,1,1,2023,2.679112,hs
26/09/2023 11:30,6501,269,1130,ambient,1,1,2023,2.292452,hs
26/09/2023 11:45,6502,269,1145,ambient,1,1,2023,1.099951,hs
26/09/2023 12:00,6503,269,1200,ambient,1,1,2023,2.652608,hs
26/09/2023 12:15,6504,269,1215,ambient,1,1,2023,2.65579,hs
26/09/2023 12:30,6505,269,1230,ambient,1,1,2023,1.555903,hs
26/09/2023 12:45,6506,269,1245,ambient,1,1,2023,1.422386,hs
26/09/2023 13:00,6507,269,1300,ambient,1,1,2023,2.07624,hs
26/09/2023 13:15,6508,269,1315,ambient,1,1,2023,3.520641,hs
26/09/2023 13:30,6509,269,1330,ambient,1,1,2023,2.440114,hs
26/09/2023 13:45,6510,269,1345,ambient,1,1,2023,0.4203694,hs
26/09/2023 14:00,6511,269,1400,ambient,1,1,2023,1.38479,hs
26/09/2023 14:15,6512,269,1415,ambient,1,1,2023,2.397506,hs
26/09/2023 14:30,6513,269,1430,ambient,1,1,2023,2.514108,hs
26/09/2023 14:45,6514,269,1445,ambient,1,1,2023,1.926929,hs
26/09/2023 15:00,6515,269,1500,ambient,1,1,2023,1.585618,hs
26/09/2023 15:15,6516,269,1515,ambient,1,1,2023,1.007639,hs
26/09/2023 15:30,6517,269,1530,ambient,1,1,2023,2.687718,hs
26/09/2023 15:45,6518,269,1545,ambient,1,1,2023,2.343357,hs
26/09/2023 16:00,6519,269,1600,ambient,1,1,2023,1.399906,hs
26/09/2023 16:15,6520,269,1615,ambient,1,1,2023,1.918861,hs
26/09/2023 16:30,6521,269,1630,ambient,1,1,2023,1.840772,hs
26/09/2023 16:45,6522,269,1645,ambient,1,1,2023,0.6801174,hs
26/09/2023 17:00,6523,269,1700,ambient,1,1,2023,0.2566182,hs
26/09/2023 17:15,6524,269,1715,ambient,1,1,2023,0.3925388,hs
26/09/2023 17:30,6525,269,1730,ambient,1,1,2023,0.6818743,hs
26/09/2023 17:45,6526,269,1745,ambient,1,1,2023,1.056916,hs
26/09/2023 18:00,6527,269,1800,ambient,1,1,2023,0.376994,hs
26/09/2023 18:15,6528,269,1815,ambient,1,1,2023,0,hs
26/09/2023 18:30,6529,269,1830,ambient,1,1,2023,0,hs
26/09/2023 18:45,6530,269,1845,ambient,1,1,2023,0,hs
26/09/2023 19:00,6531,269,1900,ambient,1,1,2023,0,hs
26/09/2023 19:15,6532,269,1915,ambient,1,1,2023,0,hs
26/09/2023 19:30,6533,269,1930,ambient,1,1,2023,0,hs
26/09/2023 19:45,6534,269,1945,ambient,1,1,2023,0,hs
26/09/2023 20:00,6535,269,2000,ambient,1,1,2023,0,hs
26/09/2023 20:15,6536,269,2015,ambient,1,1,2023,0.06556673,hs
26/09/2023 20:30,6537,269,2030,ambient,1,1,2023,0.1314083,hs
26/09/2023 20:45,6538,269,2045,ambient,1,1,2023,0.1174561,hs
26/09/2023 21:00,6539,269,2100,ambient,1,1,2023,0,hs
26/09/2023 21:15,6540,269,2115,ambient,1,1,2023,0,hs
26/09/2023 21:30,6541,269,2130,ambient,1,1,2023,0,hs
26/09/2023 21:45,6542,269,2145,ambient,1,1,2023,0,hs
26/09/2023 22:00,6543,269,2200,ambient,1,1,2023,0.03079026,hs
26/09/2023 22:15,6544,269,2215,ambient,1,1,2023,0.3544087,hs
26/09/2023 22:30,6545,269,2230,ambient,1,1,2023,0,hs
26/09/2023 22:45,6546,269,2245,ambient,1,1,2023,0,hs
26/09/2023 23:00,6547,269,2300,ambient,1,1,2023,0,hs
26/09/2023 23:15,6548,269,2315,ambient,1,1,2023,0,hs
26/09/2023 23:30,6549,269,2330,ambient,1,1,2023,0,hs
26/09/2023 23:45,6550,269,2345,ambient,1,1,2023,0,hs
27/09/2023 00:00,6551,270,0,ambient,1,1,2023,0,hs
27/09/2023 00:15,6552,270,15,ambient,1,1,2023,0,hs
27/09/2023 00:30,6553,270,30,ambient,1,1,2023,0,hs
27/09/2023 00:45,6554,270,45,ambient,1,1,2023,0,hs
27/09/2023 01:00,6555,270,100,ambient,1,1,2023,0,hs
27/09/2023 01:15,6556,270,115,ambient,1,1,2023,0,hs
27/09/2023 01:30,6557,270,130,ambient,1,1,2023,0,hs
27/09/2023 01:45,6558,270,145,ambient,1,1,2023,0,hs
27/09/2023 02:00,6559,270,200,ambient,1,1,2023,0,hs
27/09/2023 02:15,6560,270,215,ambient,1,1,2023,0.5568202,hs
27/09/2023 02:30,6561,270,230,ambient,1,1,2023,0.709237,hs
27/09/2023 02:45,6562,270,245,ambient,1,1,2023,0.4397376,hs
27/09/2023 03:00,6563,270,300,ambient,1,1,2023,0.551758,hs
27/09/2023 03:15,6564,270,315,ambient,1,1,2023,0.6042453,hs
27/09/2023 03:30,6565,270,330,ambient,1,1,2023,0.9087354,hs
27/09/2023 03:45,6566,270,345,ambient,1,1,2023,0.7885043,hs
27/09/2023 04:00,6567,270,400,ambient,1,1,2023,0.8718451,hs
27/09/2023 04:15,6568,270,415,ambient,1,1,2023,1.156734,hs
27/09/2023 04:30,6569,270,430,ambient,1,1,2023,0,hs
27/09/2023 04:45,6570,270,445,ambient,1,1,2023,0,hs
27/09/2023 05:00,6571,270,500,ambient,1,1,2023,0,hs
27/09/2023 05:15,6572,270,515,ambient,1,1,2023,0,hs
27/09/2023 05:30,6573,270,530,ambient,1,1,2023,0,hs
27/09/2023 05:45,6574,270,545,ambient,1,1,2023,0,hs
27/09/2023 06:00,6575,270,600,ambient,1,1,2023,0,hs
27/09/2023 06:15,6576,270,615,ambient,1,1,2023,0,hs
27/09/2023 06:30,6577,270,630,ambient,1,1,2023,0,hs
27/09/2023 06:45,6578,270,645,ambient,1,1,2023,0,hs
27/09/2023 07:00,6579,270,700,ambient,1,1,2023,0,hs
27/09/2023 07:15,6580,270,715,ambient,1,1,2023,0,hs
27/09/2023 07:30,6581,270,730,ambient,1,1,2023,0,hs
27/09/2023 07:45,6582,270,745,ambient,1,1,2023,0,hs
27/09/2023 08:00,6583,270,800,ambient,1,1,2023,0,hs
27/09/2023 08:15,6584,270,815,ambient,1,1,2023,0,hs
27/09/2023 08:30,6585,270,830,ambient,1,1,2023,0,hs
27/09/2023 08:45,6586,270,845,ambient,1,1,2023,0,hs
27/09/2023 09:00,6587,270,900,ambient,1,1,2023,0,hs
27/09/2023 09:15,6588,270,915,ambient,1,1,2023,1.975439,hs
27/09/2023 09:30,6589,270,930,ambient,1,1,2023,0.5251496,hs
27/09/2023 09:45,6590,270,945,ambient,1,1,2023,0.5326788,hs
27/09/2023 10:00,6591,270,1000,ambient,1,1,2023,1.610452,hs
27/09/2023 10:15,6592,270,1015,ambient,1,1,2023,1.850152,hs
27/09/2023 10:30,6593,270,1030,ambient,1,1,2023,1.923996,hs
27/09/2023 10:45,6594,270,1045,ambient,1,1,2023,1.026189,hs
27/09/2023 11:00,6595,270,1100,ambient,1,1,2023,0.4476568,hs
27/09/2023 11:15,6596,270,1115,ambient,1,1,2023,0.8792799,hs
27/09/2023 11:30,6597,270,1130,ambient,1,1,2023,1.142679,hs
27/09/2023 11:45,6598,270,1145,ambient,1,1,2023,1.460478,hs
27/09/2023 12:00,6599,270,1200,ambient,1,1,2023,0.9362699,hs
27/09/2023 12:15,6600,270,1215,ambient,1,1,2023,2.95192,hs
27/09/2023 12:30,6601,270,1230,ambient,1,1,2023,5.425308,hs
27/09/2023 12:45,6602,270,1245,ambient,1,1,2023,4.13532,hs
27/09/2023 13:00,6603,270,1300,ambient,1,1,2023,0,hs
27/09/2023 13:15,6604,270,1315,ambient,1,1,2023,0,hs
27/09/2023 13:30,6605,270,1330,ambient,1,1,2023,1.38623,hs
27/09/2023 13:45,6606,270,1345,ambient,1,1,2023,0.1921985,hs
27/09/2023 14:00,6607,270,1400,ambient,1,1,2023,0,hs
27/09/2023 14:15,6608,270,1415,ambient,1,1,2023,0.9192803,hs
27/09/2023 14:30,6609,270,1430,ambient,1,1,2023,1.310253,hs
27/09/2023 14:45,6610,270,1445,ambient,1,1,2023,0.9153945,hs
27/09/2023 15:00,6611,270,1500,ambient,1,1,2023,0,hs
27/09/2023 15:15,6612,270,1515,ambient,1,1,2023,0.4835899,hs
27/09/2023 15:30,6613,270,1530,ambient,1,1,2023,1.121679,hs
27/09/2023 15:45,6614,270,1545,ambient,1,1,2023,0.2099704,hs
27/09/2023 16:00,6615,270,1600,ambient,1,1,2023,0,hs
27/09/2023 16:15,6616,270,1615,ambient,1,1,2023,0,hs
27/09/2023 16:30,6617,270,1630,ambient,1,1,2023,0.4323376,hs
27/09/2023 16:45,6618,270,1645,ambient,1,1,2023,0,hs
27/09/2023 17:00,6619,270,1700,ambient,1,1,2023,0,hs
27/09/2023 17:15,6620,270,1715,ambient,1,1,2023,0,hs
27/09/2023 17:30,6621,270,1730,ambient,1,1,2023,0,hs
27/09/2023 17:45,6622,270,1745,ambient,1,1,2023,0,hs
27/09/2023 18:00,6623,270,1800,ambient,1,1,2023,0,hs
27/09/2023 18:15,6624,270,1815,ambient,1,1,2023,0,hs
27/09/2023 18:30,6625,270,1830,ambient,1,1,2023,0,hs
27/09/2023 18:45,6626,270,1845,ambient,1,1,2023,0,hs
27/09/2023 19:00,6627,270,1900,ambient,1,1,2023,0,hs
27/09/2023 19:15,6628,270,1915,ambient,1,1,2023,0,hs
27/09/2023 19:30,6629,270,1930,ambient,1,1,2023,0,hs
27/09/2023 19:45,6630,270,1945,ambient,1,1,2023,0,hs
27/09/2023 20:00,6631,270,2000,ambient,1,1,2023,0,hs
27/09/2023 20:15,6632,270,2015,ambient,1,1,2023,0,hs
27/09/2023 20:30,6633,270,2030,ambient,1,1,2023,0,hs
27/09/2023 20:45,6634,270,2045,ambient,1,1,2023,0,hs
27/09/2023 21:00,6635,270,2100,ambient,1,1,2023,0,hs
27/09/2023 21:15,6636,270,2115,ambient,1,1,2023,0,hs
27/09/2023 21:30,6637,270,2130,ambient,1,1,2023,0,hs
27/09/2023 21:45,6638,270,2145,ambient,1,1,2023,0,hs
27/09/2023 22:00,6639,270,2200,ambient,1,1,2023,0,hs
27/09/2023 22:15,6640,270,2215,ambient,1,1,2023,0,hs
27/09/2023 22:30,6641,270,2230,ambient,1,1,2023,0,hs
27/09/2023 22:45,6642,270,2245,ambient,1,1,2023,0,hs
27/09/2023 23:00,6643,270,2300,ambient,1,1,2023,0,hs
27/09/2023 23:15,6644,270,2315,ambient,1,1,2023,0,hs
27/09/2023 23:30,6645,270,2330,ambient,1,1,2023,0,hs
27/09/2023 23:45,6646,270,2345,ambient,1,1,2023,0,hs
28/09/2023 00:00,6647,271,0,ambient,1,1,2023,0,hs
28/09/2023 00:15,6648,271,15,ambient,1,1,2023,0,hs
28/09/2023 00:30,6649,271,30,ambient,1,1,2023,0,hs
28/09/2023 00:45,6650,271,45,ambient,1,1,2023,0,hs
28/09/2023 01:00,6651,271,100,ambient,1,1,2023,0,hs
28/09/2023 01:15,6652,271,115,ambient,1,1,2023,0,hs
28/09/2023 01:30,6653,271,130,ambient,1,1,2023,0,hs
28/09/2023 01:45,6654,271,145,ambient,1,1,2023,0,hs
28/09/2023 02:00,6655,271,200,ambient,1,1,2023,0,hs
28/09/2023 02:15,6656,271,215,ambient,1,1,2023,0,hs
28/09/2023 02:30,6657,271,230,ambient,1,1,2023,0,hs
28/09/2023 02:45,6658,271,245,ambient,1,1,2023,0,hs
28/09/2023 03:00,6659,271,300,ambient,1,1,2023,0,hs
28/09/2023 03:15,6660,271,315,ambient,1,1,2023,0,hs
28/09/2023 03:30,6661,271,330,ambient,1,1,2023,0,hs
28/09/2023 03:45,6662,271,345,ambient,1,1,2023,0,hs
28/09/2023 04:00,6663,271,400,ambient,1,1,2023,0,hs
28/09/2023 04:15,6664,271,415,ambient,1,1,2023,0,hs
28/09/2023 04:30,6665,271,430,ambient,1,1,2023,0,hs
28/09/2023 04:45,6666,271,445,ambient,1,1,2023,0,hs
28/09/2023 05:00,6667,271,500,ambient,1,1,2023,0,hs
28/09/2023 05:15,6668,271,515,ambient,1,1,2023,0,hs
28/09/2023 05:30,6669,271,530,ambient,1,1,2023,0,hs
28/09/2023 05:45,6670,271,545,ambient,1,1,2023,0,hs
28/09/2023 06:00,6671,271,600,ambient,1,1,2023,0,hs
28/09/2023 06:15,6672,271,615,ambient,1,1,2023,0,hs
28/09/2023 06:30,6673,271,630,ambient,1,1,2023,0,hs
28/09/2023 06:45,6674,271,645,ambient,1,1,2023,0,hs
28/09/2023 07:00,6675,271,700,ambient,1,1,2023,0,hs
28/09/2023 07:15,6676,271,715,ambient,1,1,2023,0,hs
28/09/2023 07:30,6677,271,730,ambient,1,1,2023,0,hs
28/09/2023 07:45,6678,271,745,ambient,1,1,2023,0,hs
28/09/2023 08:00,6679,271,800,ambient,1,1,2023,0,hs
28/09/2023 08:15,6680,271,815,ambient,1,1,2023,0.5743366,hs
28/09/2023 08:30,6681,271,830,ambient,1,1,2023,0,hs
28/09/2023 08:45,6682,271,845,ambient,1,1,2023,1.938433,hs
28/09/2023 09:00,6683,271,900,ambient,1,1,2023,2.598778,hs
28/09/2023 09:15,6684,271,915,ambient,1,1,2023,1.658759,hs
28/09/2023 09:30,6685,271,930,ambient,1,1,2023,1.419214,hs
28/09/2023 09:45,6686,271,945,ambient,1,1,2023,1.465708,hs
28/09/2023 10:00,6687,271,1000,ambient,1,1,2023,1.537138,hs
28/09/2023 10:15,6688,271,1015,ambient,1,1,2023,1.19446,hs
28/09/2023 10:30,6689,271,1030,ambient,1,1,2023,1.265179,hs
28/09/2023 10:45,6690,271,1045,ambient,1,1,2023,1.236017,hs
28/09/2023 11:00,6691,271,1100,ambient,1,1,2023,1.159015,hs
28/09/2023 11:15,6692,271,1115,ambient,1,1,2023,1.144908,hs
28/09/2023 11:30,6693,271,1130,ambient,1,1,2023,0.5604609,hs
28/09/2023 11:45,6694,271,1145,ambient,1,1,2023,0.7214494,hs
28/09/2023 12:00,6695,271,1200,ambient,1,1,2023,1.398774,hs
28/09/2023 12:15,6696,271,1215,ambient,1,1,2023,1.057441,hs
28/09/2023 12:30,6697,271,1230,ambient,1,1,2023,0.87183,hs
28/09/2023 12:45,6698,271,1245,ambient,1,1,2023,0.5512665,hs
28/09/2023 13:00,6699,271,1300,ambient,1,1,2023,0.8501315,hs
28/09/2023 13:15,6700,271,1315,ambient,1,1,2023,1.27844,hs
28/09/2023 13:30,6701,271,1330,ambient,1,1,2023,1.466068,hs
28/09/2023 13:45,6702,271,1345,ambient,1,1,2023,1.338552,hs
28/09/2023 14:00,6703,271,1400,ambient,1,1,2023,0.4776555,hs
28/09/2023 14:15,6704,271,1415,ambient,1,1,2023,0.5175188,hs
28/09/2023 14:30,6705,271,1430,ambient,1,1,2023,0.7567881,hs
28/09/2023 14:45,6706,271,1445,ambient,1,1,2023,1.197037,hs
28/09/2023 15:00,6707,271,1500,ambient,1,1,2023,0.8318279,hs
28/09/2023 15:15,6708,271,1515,ambient,1,1,2023,0.0881593,hs
28/09/2023 15:30,6709,271,1530,ambient,1,1,2023,0,hs
28/09/2023 15:45,6710,271,1545,ambient,1,1,2023,0.2116348,hs
28/09/2023 16:00,6711,271,1600,ambient,1,1,2023,0.4078035,hs
28/09/2023 16:15,6712,271,1615,ambient,1,1,2023,0.04092902,hs
28/09/2023 16:30,6713,271,1630,ambient,1,1,2023,0,hs
28/09/2023 16:45,6714,271,1645,ambient,1,1,2023,0.5258861,hs
28/09/2023 17:00,6715,271,1700,ambient,1,1,2023,0.9784373,hs
28/09/2023 17:15,6716,271,1715,ambient,1,1,2023,0.4453834,hs
28/09/2023 17:30,6717,271,1730,ambient,1,1,2023,0,hs
28/09/2023 17:45,6718,271,1745,ambient,1,1,2023,0,hs
28/09/2023 18:00,6719,271,1800,ambient,1,1,2023,0,hs
28/09/2023 18:15,6720,271,1815,ambient,1,1,2023,0,hs
28/09/2023 18:30,6721,271,1830,ambient,1,1,2023,0,hs
28/09/2023 18:45,6722,271,1845,ambient,1,1,2023,0,hs
28/09/2023 19:00,6723,271,1900,ambient,1,1,2023,0,hs
28/09/2023 19:15,6724,271,1915,ambient,1,1,2023,0,hs
28/09/2023 19:30,6725,271,1930,ambient,1,1,2023,0,hs
28/09/2023 19:45,6726,271,1945,ambient,1,1,2023,0,hs
28/09/2023 20:00,6727,271,2000,ambient,1,1,2023,0,hs
28/09/2023 20:15,6728,271,2015,ambient,1,1,2023,0,hs
28/09/2023 20:30,6729,271,2030,ambient,1,1,2023,0,hs
28/09/2023 20:45,6730,271,2045,ambient,1,1,2023,0,hs
28/09/2023 21:00,6731,271,2100,ambient,1,1,2023,0,hs
28/09/2023 21:15,6732,271,2115,ambient,1,1,2023,0,hs
28/09/2023 21:30,6733,271,2130,ambient,1,1,2023,0,hs
28/09/2023 21:45,6734,271,2145,ambient,1,1,2023,0,hs
28/09/2023 22:00,6735,271,2200,ambient,1,1,2023,0,hs
28/09/2023 22:15,6736,271,2215,ambient,1,1,2023,0,hs
28/09/2023 22:30,6737,271,2230,ambient,1,1,2023,0,hs
28/09/2023 22:45,6738,271,2245,ambient,1,1,2023,0,hs
28/09/2023 23:00,6739,271,2300,ambient,1,1,2023,0,hs
28/09/2023 23:15,6740,271,2315,ambient,1,1,2023,0,hs
28/09/2023 23:30,6741,271,2330,ambient,1,1,2023,0,hs
28/09/2023 23:45,6742,271,2345,ambient,1,1,2023,0,hs
29/09/2023 00:00,6743,272,0,ambient,1,1,2023,0,hs
29/09/2023 00:15,6744,272,15,ambient,1,1,2023,0,hs
29/09/2023 00:30,6745,272,30,ambient,1,1,2023,0,hs
29/09/2023 00:45,6746,272,45,ambient,1,1,2023,0,hs
29/09/2023 01:00,6747,272,100,ambient,1,1,2023,0,hs
29/09/2023 01:15,6748,272,115,ambient,1,1,2023,0,hs
29/09/2023 01:30,6749,272,130,ambient,1,1,2023,0,hs
29/09/2023 01:45,6750,272,145,ambient,1,1,2023,0,hs
29/09/2023 02:00,6751,272,200,ambient,1,1,2023,0,hs
29/09/2023 02:15,6752,272,215,ambient,1,1,2023,0,hs
29/09/2023 02:30,6753,272,230,ambient,1,1,2023,0,hs
29/09/2023 02:45,6754,272,245,ambient,1,1,2023,0,hs
29/09/2023 03:00,6755,272,300,ambient,1,1,2023,0,hs
29/09/2023 03:15,6756,272,315,ambient,1,1,2023,0,hs
29/09/2023 03:30,6757,272,330,ambient,1,1,2023,0,hs
29/09/2023 03:45,6758,272,345,ambient,1,1,2023,0,hs
29/09/2023 04:00,6759,272,400,ambient,1,1,2023,0,hs
29/09/2023 04:15,6760,272,415,ambient,1,1,2023,0,hs
29/09/2023 04:30,6761,272,430,ambient,1,1,2023,0,hs
29/09/2023 04:45,6762,272,445,ambient,1,1,2023,0,hs
29/09/2023 05:00,6763,272,500,ambient,1,1,2023,0,hs
29/09/2023 05:15,6764,272,515,ambient,1,1,2023,0,hs
29/09/2023 05:30,6765,272,530,ambient,1,1,2023,0,hs
29/09/2023 05:45,6766,272,545,ambient,1,1,2023,0,hs
29/09/2023 06:00,6767,272,600,ambient,1,1,2023,0,hs
29/09/2023 06:15,6768,272,615,ambient,1,1,2023,0,hs
29/09/2023 06:30,6769,272,630,ambient,1,1,2023,0,hs
29/09/2023 06:45,6770,272,645,ambient,1,1,2023,0,hs
29/09/2023 07:00,6771,272,700,ambient,1,1,2023,0,hs
29/09/2023 07:15,6772,272,715,ambient,1,1,2023,0,hs
29/09/2023 07:30,6773,272,730,ambient,1,1,2023,0,hs
29/09/2023 07:45,6774,272,745,ambient,1,1,2023,0,hs
29/09/2023 08:00,6775,272,800,ambient,1,1,2023,0,hs
29/09/2023 08:15,6776,272,815,ambient,1,1,2023,0,hs
29/09/2023 08:30,6777,272,830,ambient,1,1,2023,0,hs
29/09/2023 08:45,6778,272,845,ambient,1,1,2023,0,hs
29/09/2023 09:00,6779,272,900,ambient,1,1,2023,2.015178,hs
29/09/2023 09:15,6780,272,915,ambient,1,1,2023,1.254628,hs
29/09/2023 09:30,6781,272,930,ambient,1,1,2023,1.381586,hs
29/09/2023 09:45,6782,272,945,ambient,1,1,2023,1.202941,hs
29/09/2023 10:00,6783,272,1000,ambient,1,1,2023,0.7834941,hs
29/09/2023 10:15,6784,272,1015,ambient,1,1,2023,0.9968845,hs
29/09/2023 10:30,6785,272,1030,ambient,1,1,2023,0.7798873,hs
29/09/2023 10:45,6786,272,1045,ambient,1,1,2023,1.188401,hs
29/09/2023 11:00,6787,272,1100,ambient,1,1,2023,1.00214,hs
29/09/2023 11:15,6788,272,1115,ambient,1,1,2023,0.7234976,hs
29/09/2023 11:30,6789,272,1130,ambient,1,1,2023,1.144916,hs
29/09/2023 11:45,6790,272,1145,ambient,1,1,2023,1.968833,hs
29/09/2023 12:00,6791,272,1200,ambient,1,1,2023,2.2334,hs
29/09/2023 12:15,6792,272,1215,ambient,1,1,2023,1.296684,hs
29/09/2023 12:30,6793,272,1230,ambient,1,1,2023,1.237123,hs
29/09/2023 12:45,6794,272,1245,ambient,1,1,2023,1.607647,hs
29/09/2023 13:00,6795,272,1300,ambient,1,1,2023,1.685984,hs
29/09/2023 13:15,6796,272,1315,ambient,1,1,2023,1.622758,hs
29/09/2023 13:30,6797,272,1330,ambient,1,1,2023,1.784539,hs
29/09/2023 13:45,6798,272,1345,ambient,1,1,2023,1.411699,hs
29/09/2023 14:00,6799,272,1400,ambient,1,1,2023,1.27933,hs
29/09/2023 14:15,6800,272,1415,ambient,1,1,2023,1.076814,hs
29/09/2023 14:30,6801,272,1430,ambient,1,1,2023,0.9991218,hs
29/09/2023 14:45,6802,272,1445,ambient,1,1,2023,1.075744,hs
29/09/2023 15:00,6803,272,1500,ambient,1,1,2023,1.054037,hs
29/09/2023 15:15,6804,272,1515,ambient,1,1,2023,1.015807,hs
29/09/2023 15:30,6805,272,1530,ambient,1,1,2023,0.6765977,hs
29/09/2023 15:45,6806,272,1545,ambient,1,1,2023,0.5353643,hs
29/09/2023 16:00,6807,272,1600,ambient,1,1,2023,0.4236078,hs
29/09/2023 16:15,6808,272,1615,ambient,1,1,2023,0.007960523,hs
29/09/2023 16:30,6809,272,1630,ambient,1,1,2023,0.04774428,hs
29/09/2023 16:45,6810,272,1645,ambient,1,1,2023,0,hs
29/09/2023 17:00,6811,272,1700,ambient,1,1,2023,0,hs
29/09/2023 17:15,6812,272,1715,ambient,1,1,2023,0,hs
29/09/2023 17:30,6813,272,1730,ambient,1,1,2023,0,hs
29/09/2023 17:45,6814,272,1745,ambient,1,1,2023,0,hs
29/09/2023 18:00,6815,272,1800,ambient,1,1,2023,0,hs
29/09/2023 18:15,6816,272,1815,ambient,1,1,2023,0,hs
29/09/2023 18:30,6817,272,1830,ambient,1,1,2023,0,hs
29/09/2023 18:45,6818,272,1845,ambient,1,1,2023,0,hs
29/09/2023 19:00,6819,272,1900,ambient,1,1,2023,0,hs
29/09/2023 19:15,6820,272,1915,ambient,1,1,2023,0,hs
29/09/2023 19:30,6821,272,1930,ambient,1,1,2023,0,hs
29/09/2023 19:45,6822,272,1945,ambient,1,1,2023,0,hs
29/09/2023 20:00,6823,272,2000,ambient,1,1,2023,0,hs
29/09/2023 20:15,6824,272,2015,ambient,1,1,2023,0,hs
29/09/2023 20:30,6825,272,2030,ambient,1,1,2023,0,hs
29/09/2023 20:45,6826,272,2045,ambient,1,1,2023,0,hs
29/09/2023 21:00,6827,272,2100,ambient,1,1,2023,0,hs
29/09/2023 21:15,6828,272,2115,ambient,1,1,2023,0,hs
29/09/2023 21:30,6829,272,2130,ambient,1,1,2023,0,hs
29/09/2023 21:45,6830,272,2145,ambient,1,1,2023,0,hs
29/09/2023 22:00,6831,272,2200,ambient,1,1,2023,0,hs
29/09/2023 22:15,6832,272,2215,ambient,1,1,2023,0,hs
29/09/2023 22:30,6833,272,2230,ambient,1,1,2023,0,hs
29/09/2023 22:45,6834,272,2245,ambient,1,1,2023,0,hs
29/09/2023 23:00,6835,272,2300,ambient,1,1,2023,0,hs
29/09/2023 23:15,6836,272,2315,ambient,1,1,2023,0,hs
29/09/2023 23:30,6837,272,2330,ambient,1,1,2023,0,hs
29/09/2023 23:45,6838,272,2345,ambient,1,1,2023,0,hs
30/09/2023 00:00,6839,273,0,ambient,1,1,2023,0,hs
30/09/2023 00:15,6840,273,15,ambient,1,1,2023,0,hs
30/09/2023 00:30,6841,273,30,ambient,1,1,2023,0,hs
30/09/2023 00:45,6842,273,45,ambient,1,1,2023,0,hs
30/09/2023 01:00,6843,273,100,ambient,1,1,2023,0,hs
30/09/2023 01:15,6844,273,115,ambient,1,1,2023,0,hs
30/09/2023 01:30,6845,273,130,ambient,1,1,2023,0,hs
30/09/2023 01:45,6846,273,145,ambient,1,1,2023,0,hs
30/09/2023 02:00,6847,273,200,ambient,1,1,2023,0,hs
30/09/2023 02:15,6848,273,215,ambient,1,1,2023,0,hs
30/09/2023 02:30,6849,273,230,ambient,1,1,2023,0,hs
30/09/2023 02:45,6850,273,245,ambient,1,1,2023,0,hs
30/09/2023 03:00,6851,273,300,ambient,1,1,2023,0,hs
30/09/2023 03:15,6852,273,315,ambient,1,1,2023,0,hs
30/09/2023 03:30,6853,273,330,ambient,1,1,2023,0,hs
30/09/2023 03:45,6854,273,345,ambient,1,1,2023,0,hs
30/09/2023 04:00,6855,273,400,ambient,1,1,2023,0,hs
30/09/2023 04:15,6856,273,415,ambient,1,1,2023,0,hs
30/09/2023 04:30,6857,273,430,ambient,1,1,2023,0,hs
30/09/2023 04:45,6858,273,445,ambient,1,1,2023,0,hs
30/09/2023 05:00,6859,273,500,ambient,1,1,2023,0,hs
30/09/2023 05:15,6860,273,515,ambient,1,1,2023,0,hs
30/09/2023 05:30,6861,273,530,ambient,1,1,2023,0,hs
30/09/2023 05:45,6862,273,545,ambient,1,1,2023,0,hs
30/09/2023 06:00,6863,273,600,ambient,1,1,2023,0,hs
30/09/2023 06:15,6864,273,615,ambient,1,1,2023,0,hs
30/09/2023 06:30,6865,273,630,ambient,1,1,2023,0,hs
30/09/2023 06:45,6866,273,645,ambient,1,1,2023,0,hs
30/09/2023 07:00,6867,273,700,ambient,1,1,2023,0,hs
30/09/2023 07:15,6868,273,715,ambient,1,1,2023,0,hs
30/09/2023 07:30,6869,273,730,ambient,1,1,2023,0,hs
30/09/2023 07:45,6870,273,745,ambient,1,1,2023,0,hs
30/09/2023 08:00,6871,273,800,ambient,1,1,2023,0,hs
30/09/2023 08:15,6872,273,815,ambient,1,1,2023,0,hs
30/09/2023 08:30,6873,273,830,ambient,1,1,2023,0,hs
30/09/2023 09:30,6874,273,930,ambient,1,1,2023,0,hs
30/09/2023 10:15,6875,273,1015,ambient,1,1,2023,0,hs
30/09/2023 10:30,6876,273,1030,ambient,1,1,2023,0,hs
