Iteration: 1 bestvalit: 546.610000 bestmemit:    0.021689    0.010106    0.075204    0.723879    0.468885    0.407337    0.089168    0.157346    0.436705    0.663358    0.192349    3.268529    0.008325    0.002272    0.003131    0.043652    6.791803    0.073326    1.800554    1.824385    1.776706    0.890629    1.196899    2.036572
Iteration: 2 bestvalit: 546.610000 bestmemit:    0.021689    0.010106    0.075204    0.723879    0.468885    0.407337    0.089168    0.157346    0.436705    0.663358    0.192349    3.268529    0.008325    0.002272    0.003131    0.043652    6.791803    0.073326    1.800554    1.824385    1.776706    0.890629    1.196899    2.036572
Iteration: 3 bestvalit: 544.980000 bestmemit:    0.021689    0.010106    0.075204    0.723879    0.468885    0.407337    0.089168    0.157346    0.436705    0.663358    0.192349    3.268529    0.008325    0.001369    0.003131    0.043652    6.791803    0.073326    1.800554    1.824385    1.776706    0.890629    1.196899    2.036572
Iteration: 4 bestvalit: 544.980000 bestmemit:    0.021689    0.010106    0.075204    0.723879    0.468885    0.407337    0.089168    0.157346    0.436705    0.663358    0.192349    3.268529    0.008325    0.001369    0.003131    0.043652    6.791803    0.073326    1.800554    1.824385    1.776706    0.890629    1.196899    2.036572
Iteration: 5 bestvalit: 544.980000 bestmemit:    0.021689    0.010106    0.075204    0.723879    0.468885    0.407337    0.089168    0.157346    0.436705    0.663358    0.192349    3.268529    0.008325    0.001369    0.003131    0.043652    6.791803    0.073326    1.800554    1.824385    1.776706    0.890629    1.196899    2.036572
Iteration: 6 bestvalit: 544.980000 bestmemit:    0.021689    0.010106    0.075204    0.723879    0.468885    0.407337    0.089168    0.157346    0.436705    0.663358    0.192349    3.268529    0.008325    0.001369    0.003131    0.043652    6.791803    0.073326    1.800554    1.824385    1.776706    0.890629    1.196899    2.036572
Iteration: 7 bestvalit: 540.810000 bestmemit:    0.013070    0.061724    0.055331    0.739996    0.354428    0.407884    0.416721    0.338146    0.710578    0.999274    0.742405    2.160338    0.007465    0.001379    0.000181    1.978921    8.304842    0.567137    1.755050    2.027098    2.410716    0.807439    0.805823    1.938269
Iteration: 8 bestvalit: 540.810000 bestmemit:    0.013070    0.061724    0.055331    0.739996    0.354428    0.407884    0.416721    0.338146    0.710578    0.999274    0.742405    2.160338    0.007465    0.001379    0.000181    1.978921    8.304842    0.567137    1.755050    2.027098    2.410716    0.807439    0.805823    1.938269
Iteration: 9 bestvalit: 521.875000 bestmemit:    0.013070    0.061724    0.055331    0.739996    0.354428    0.407884    0.350665    0.338146    0.710578    0.999274    0.742405    2.160338    0.007465    0.001379    0.000181    1.978921    8.304842    0.567137    1.755050    2.027098    2.410716    0.807439    0.805823    1.938269
Iteration: 10 bestvalit: 492.030000 bestmemit:    0.013070    0.061724    0.055331    0.739996    0.354428    0.407884    0.350665    0.338146    0.710578    0.999274    0.742405    2.160338    0.007465    0.001379    0.000181    1.978921    8.304842    0.567137    1.755050    2.027098    2.305374    0.767107    0.858388    2.085528
Iteration: 11 bestvalit: 450.000000 bestmemit:    0.006964    0.089008    0.058303    0.242820    0.273999    0.365092    0.260723    0.089079    0.415269    0.314648    0.123662    3.224392    0.058832    0.003862    0.002119    8.490841    4.414307    0.494424    2.176558    2.033583    1.998403    0.513147    1.106026    2.187480
Iteration: 12 bestvalit: 431.595000 bestmemit:    0.016380    0.031101    0.085874    0.562301    0.248333    0.129003    0.197231    0.161781    0.461278    0.728051    0.664509    1.380983    0.056534    0.002525    0.005793    4.958958    2.964575    1.128757    2.168717    1.810751    1.760273    0.687298    0.825110    2.158739
Iteration: 13 bestvalit: 431.595000 bestmemit:    0.016380    0.031101    0.085874    0.562301    0.248333    0.129003    0.197231    0.161781    0.461278    0.728051    0.664509    1.380983    0.056534    0.002525    0.005793    4.958958    2.964575    1.128757    2.168717    1.810751    1.760273    0.687298    0.825110    2.158739
Iteration: 14 bestvalit: 424.940000 bestmemit:    0.016380    0.031101    0.085874    0.562301    0.248333    0.129003    0.197231    0.161781    0.461278    0.728051    0.664509    1.380983    0.056534    0.002525    0.005793    4.958958    2.964575    1.128757    2.168717    1.810751    1.760273    0.687298    0.825110    2.046142
Iteration: 15 bestvalit: 424.940000 bestmemit:    0.016380    0.031101    0.085874    0.562301    0.248333    0.129003    0.197231    0.161781    0.461278    0.728051    0.664509    1.380983    0.056534    0.002525    0.005793    4.958958    2.964575    1.128757    2.168717    1.810751    1.760273    0.687298    0.825110    2.046142
Iteration: 16 bestvalit: 423.850000 bestmemit:    0.017217    0.051618    0.021128    0.588826    0.486216    0.473941    0.132097    0.007679    0.457585    0.618508    0.512026    0.997319    0.008088    0.005214    0.004384    5.229744    8.410041    0.140330    1.764941    2.141994    1.771842    0.915784    1.097135    2.146359
Iteration: 17 bestvalit: 423.850000 bestmemit:    0.017217    0.051618    0.021128    0.588826    0.486216    0.473941    0.132097    0.007679    0.457585    0.618508    0.512026    0.997319    0.008088    0.005214    0.004384    5.229744    8.410041    0.140330    1.764941    2.141994    1.771842    0.915784    1.097135    2.146359
Iteration: 18 bestvalit: 423.850000 bestmemit:    0.017217    0.051618    0.021128    0.588826    0.486216    0.473941    0.132097    0.007679    0.457585    0.618508    0.512026    0.997319    0.008088    0.005214    0.004384    5.229744    8.410041    0.140330    1.764941    2.141994    1.771842    0.915784    1.097135    2.146359
Iteration: 19 bestvalit: 423.850000 bestmemit:    0.017217    0.051618    0.021128    0.588826    0.486216    0.473941    0.132097    0.007679    0.457585    0.618508    0.512026    0.997319    0.008088    0.005214    0.004384    5.229744    8.410041    0.140330    1.764941    2.141994    1.771842    0.915784    1.097135    2.146359
Iteration: 20 bestvalit: 415.810000 bestmemit:    0.017217    0.051618    0.021128    0.588826    0.486216    0.473941    0.132097    0.007679    0.457585    0.618508    0.512026    0.997319    0.008088    0.001964    0.004384    5.229744    8.410041    0.140330    1.764941    2.141994    1.771842    0.915784    1.097135    2.146359
Iteration: 21 bestvalit: 360.740000 bestmemit:    0.065923    0.052510    0.096631    0.453660    0.498274    0.233002    0.128751    0.068725    0.214712    0.890046    0.654242    2.384753    0.030635    0.004393    0.006407    6.714925    5.726091    0.091970    1.788975    2.131399    1.882187    0.573128    1.101403    2.009759
Iteration: 22 bestvalit: 360.740000 bestmemit:    0.065923    0.052510    0.096631    0.453660    0.498274    0.233002    0.128751    0.068725    0.214712    0.890046    0.654242    2.384753    0.030635    0.004393    0.006407    6.714925    5.726091    0.091970    1.788975    2.131399    1.882187    0.573128    1.101403    2.009759
Iteration: 23 bestvalit: 339.510000 bestmemit:    0.065923    0.052510    0.096631    0.453660    0.498274    0.233002    0.144328    0.068725    0.214712    0.890046    0.654242    2.384753    0.030635    0.004393    0.006407    6.714925    5.726091    0.091970    1.788975    2.131399    1.882187    0.573128    1.101403    2.009759
Iteration: 24 bestvalit: 339.510000 bestmemit:    0.065923    0.052510    0.096631    0.453660    0.498274    0.233002    0.144328    0.068725    0.214712    0.890046    0.654242    2.384753    0.030635    0.004393    0.006407    6.714925    5.726091    0.091970    1.788975    2.131399    1.882187    0.573128    1.101403    2.009759
Iteration: 25 bestvalit: 339.510000 bestmemit:    0.065923    0.052510    0.096631    0.453660    0.498274    0.233002    0.144328    0.068725    0.214712    0.890046    0.654242    2.384753    0.030635    0.004393    0.006407    6.714925    5.726091    0.091970    1.788975    2.131399    1.882187    0.573128    1.101403    2.009759
Iteration: 26 bestvalit: 339.510000 bestmemit:    0.065923    0.052510    0.096631    0.453660    0.498274    0.233002    0.144328    0.068725    0.214712    0.890046    0.654242    2.384753    0.030635    0.004393    0.006407    6.714925    5.726091    0.091970    1.788975    2.131399    1.882187    0.573128    1.101403    2.009759
Iteration: 27 bestvalit: 296.165000 bestmemit:    0.016670    0.056364    0.052131    0.675326    0.354522    0.397920    0.252046    0.408529    0.368638    0.802832    0.695240    1.958520    0.013270    0.002883    0.003396    4.275757    9.715927    0.251186    1.980575    2.374474    1.545177    0.604907    0.838965    2.010844
Iteration: 28 bestvalit: 296.165000 bestmemit:    0.016670    0.056364    0.052131    0.675326    0.354522    0.397920    0.252046    0.408529    0.368638    0.802832    0.695240    1.958520    0.013270    0.002883    0.003396    4.275757    9.715927    0.251186    1.980575    2.374474    1.545177    0.604907    0.838965    2.010844
Iteration: 29 bestvalit: 292.580000 bestmemit:    0.032752    0.074398    0.080343    0.988254    0.366001    0.260409    0.086476    0.275464    0.244893    0.612173    0.254027    4.082484    0.038302    0.003867    0.006307    6.644215    9.642291    0.715102    2.081286    1.925209    1.942023    0.966730    0.880375    1.963094
Iteration: 30 bestvalit: 292.580000 bestmemit:    0.032752    0.074398    0.080343    0.988254    0.366001    0.260409    0.086476    0.275464    0.244893    0.612173    0.254027    4.082484    0.038302    0.003867    0.006307    6.644215    9.642291    0.715102    2.081286    1.925209    1.942023    0.966730    0.880375    1.963094
Iteration: 31 bestvalit: 292.490000 bestmemit:    0.032752    0.074398    0.080343    0.988254    0.366001    0.260409    0.086476    0.275464    0.244893    0.612173    0.254027    4.082484    0.038302    0.003867    0.006307    6.644215    9.642291    0.715102    2.081286    1.925209    1.942023    0.966730    0.880375    1.994568
Iteration: 32 bestvalit: 292.490000 bestmemit:    0.032752    0.074398    0.080343    0.988254    0.366001    0.260409    0.086476    0.275464    0.244893    0.612173    0.254027    4.082484    0.038302    0.003867    0.006307    6.644215    9.642291    0.715102    2.081286    1.925209    1.942023    0.966730    0.880375    1.994568
Iteration: 33 bestvalit: 292.490000 bestmemit:    0.032752    0.074398    0.080343    0.988254    0.366001    0.260409    0.086476    0.275464    0.244893    0.612173    0.254027    4.082484    0.038302    0.003867    0.006307    6.644215    9.642291    0.715102    2.081286    1.925209    1.942023    0.966730    0.880375    1.994568
Iteration: 34 bestvalit: 292.490000 bestmemit:    0.032752    0.074398    0.080343    0.988254    0.366001    0.260409    0.086476    0.275464    0.244893    0.612173    0.254027    4.082484    0.038302    0.003867    0.006307    6.644215    9.642291    0.715102    2.081286    1.925209    1.942023    0.966730    0.880375    1.994568
Iteration: 35 bestvalit: 292.490000 bestmemit:    0.032752    0.074398    0.080343    0.988254    0.366001    0.260409    0.086476    0.275464    0.244893    0.612173    0.254027    4.082484    0.038302    0.003867    0.006307    6.644215    9.642291    0.715102    2.081286    1.925209    1.942023    0.966730    0.880375    1.994568
Iteration: 36 bestvalit: 292.490000 bestmemit:    0.032752    0.074398    0.080343    0.988254    0.366001    0.260409    0.086476    0.275464    0.244893    0.612173    0.254027    4.082484    0.038302    0.003867    0.006307    6.644215    9.642291    0.715102    2.081286    1.925209    1.942023    0.966730    0.880375    1.994568
Iteration: 37 bestvalit: 284.525000 bestmemit:    0.032752    0.074398    0.080343    0.988254    0.366001    0.260409    0.086476    0.275464    0.244893    0.612173    0.254027    4.082484    0.047539    0.000506    0.006307    6.644215    9.642291    0.715102    2.081286    1.925209    1.942023    0.966730    0.880375    1.994568
Iteration: 38 bestvalit: 284.525000 bestmemit:    0.032752    0.074398    0.080343    0.988254    0.366001    0.260409    0.086476    0.275464    0.244893    0.612173    0.254027    4.082484    0.047539    0.000506    0.006307    6.644215    9.642291    0.715102    2.081286    1.925209    1.942023    0.966730    0.880375    1.994568
Iteration: 39 bestvalit: 284.525000 bestmemit:    0.032752    0.074398    0.080343    0.988254    0.366001    0.260409    0.086476    0.275464    0.244893    0.612173    0.254027    4.082484    0.047539    0.000506    0.006307    6.644215    9.642291    0.715102    2.081286    1.925209    1.942023    0.966730    0.880375    1.994568
Iteration: 40 bestvalit: 284.525000 bestmemit:    0.032752    0.074398    0.080343    0.988254    0.366001    0.260409    0.086476    0.275464    0.244893    0.612173    0.254027    4.082484    0.047539    0.000506    0.006307    6.644215    9.642291    0.715102    2.081286    1.925209    1.942023    0.966730    0.880375    1.994568
Iteration: 41 bestvalit: 284.525000 bestmemit:    0.032752    0.074398    0.080343    0.988254    0.366001    0.260409    0.086476    0.275464    0.244893    0.612173    0.254027    4.082484    0.047539    0.000506    0.006307    6.644215    9.642291    0.715102    2.081286    1.925209    1.942023    0.966730    0.880375    1.994568
Iteration: 42 bestvalit: 257.915000 bestmemit:    0.065923    0.052510    0.079580    0.453660    0.498274    0.233002    0.144328    0.068725    0.214712    0.890046    0.654242    2.384753    0.030635    0.004393    0.006407    8.800352    7.251791    0.091970    1.788975    2.436845    1.882187    0.573128    1.101403    2.009759
Iteration: 43 bestvalit: 257.915000 bestmemit:    0.065923    0.052510    0.079580    0.453660    0.498274    0.233002    0.144328    0.068725    0.214712    0.890046    0.654242    2.384753    0.030635    0.004393    0.006407    8.800352    7.251791    0.091970    1.788975    2.436845    1.882187    0.573128    1.101403    2.009759
Iteration: 44 bestvalit: 254.675000 bestmemit:    0.065923    0.052510    0.079580    0.453660    0.498274    0.233002    0.144328    0.068725    0.214712    0.890046    0.654242    2.384753    0.030635    0.004393    0.006407    8.800352    7.251791    0.091970    1.788975    2.436845    1.882187    0.642582    1.101403    2.009759
Iteration: 45 bestvalit: 254.675000 bestmemit:    0.065923    0.052510    0.079580    0.453660    0.498274    0.233002    0.144328    0.068725    0.214712    0.890046    0.654242    2.384753    0.030635    0.004393    0.006407    8.800352    7.251791    0.091970    1.788975    2.436845    1.882187    0.642582    1.101403    2.009759
Iteration: 46 bestvalit: 254.675000 bestmemit:    0.065923    0.052510    0.079580    0.453660    0.498274    0.233002    0.144328    0.068725    0.214712    0.890046    0.654242    2.384753    0.030635    0.004393    0.006407    8.800352    7.251791    0.091970    1.788975    2.436845    1.882187    0.642582    1.101403    2.009759
Iteration: 47 bestvalit: 254.675000 bestmemit:    0.065923    0.052510    0.079580    0.453660    0.498274    0.233002    0.144328    0.068725    0.214712    0.890046    0.654242    2.384753    0.030635    0.004393    0.006407    8.800352    7.251791    0.091970    1.788975    2.436845    1.882187    0.642582    1.101403    2.009759
Iteration: 48 bestvalit: 254.675000 bestmemit:    0.065923    0.052510    0.079580    0.453660    0.498274    0.233002    0.144328    0.068725    0.214712    0.890046    0.654242    2.384753    0.030635    0.004393    0.006407    8.800352    7.251791    0.091970    1.788975    2.436845    1.882187    0.642582    1.101403    2.009759
Iteration: 49 bestvalit: 254.675000 bestmemit:    0.065923    0.052510    0.079580    0.453660    0.498274    0.233002    0.144328    0.068725    0.214712    0.890046    0.654242    2.384753    0.030635    0.004393    0.006407    8.800352    7.251791    0.091970    1.788975    2.436845    1.882187    0.642582    1.101403    2.009759
Iteration: 50 bestvalit: 254.675000 bestmemit:    0.065923    0.052510    0.079580    0.453660    0.498274    0.233002    0.144328    0.068725    0.214712    0.890046    0.654242    2.384753    0.030635    0.004393    0.006407    8.800352    7.251791    0.091970    1.788975    2.436845    1.882187    0.642582    1.101403    2.009759
Iteration: 51 bestvalit: 254.675000 bestmemit:    0.065923    0.052510    0.079580    0.453660    0.498274    0.233002    0.144328    0.068725    0.214712    0.890046    0.654242    2.384753    0.030635    0.004393    0.006407    8.800352    7.251791    0.091970    1.788975    2.436845    1.882187    0.642582    1.101403    2.009759
Iteration: 52 bestvalit: 254.675000 bestmemit:    0.065923    0.052510    0.079580    0.453660    0.498274    0.233002    0.144328    0.068725    0.214712    0.890046    0.654242    2.384753    0.030635    0.004393    0.006407    8.800352    7.251791    0.091970    1.788975    2.436845    1.882187    0.642582    1.101403    2.009759
Iteration: 53 bestvalit: 254.675000 bestmemit:    0.065923    0.052510    0.079580    0.453660    0.498274    0.233002    0.144328    0.068725    0.214712    0.890046    0.654242    2.384753    0.030635    0.004393    0.006407    8.800352    7.251791    0.091970    1.788975    2.436845    1.882187    0.642582    1.101403    2.009759
Iteration: 54 bestvalit: 254.675000 bestmemit:    0.065923    0.052510    0.079580    0.453660    0.498274    0.233002    0.144328    0.068725    0.214712    0.890046    0.654242    2.384753    0.030635    0.004393    0.006407    8.800352    7.251791    0.091970    1.788975    2.436845    1.882187    0.642582    1.101403    2.009759
Iteration: 55 bestvalit: 254.675000 bestmemit:    0.065923    0.052510    0.079580    0.453660    0.498274    0.233002    0.144328    0.068725    0.214712    0.890046    0.654242    2.384753    0.030635    0.004393    0.006407    8.800352    7.251791    0.091970    1.788975    2.436845    1.882187    0.642582    1.101403    2.009759
Iteration: 56 bestvalit: 254.675000 bestmemit:    0.065923    0.052510    0.079580    0.453660    0.498274    0.233002    0.144328    0.068725    0.214712    0.890046    0.654242    2.384753    0.030635    0.004393    0.006407    8.800352    7.251791    0.091970    1.788975    2.436845    1.882187    0.642582    1.101403    2.009759
Iteration: 57 bestvalit: 254.675000 bestmemit:    0.065923    0.052510    0.079580    0.453660    0.498274    0.233002    0.144328    0.068725    0.214712    0.890046    0.654242    2.384753    0.030635    0.004393    0.006407    8.800352    7.251791    0.091970    1.788975    2.436845    1.882187    0.642582    1.101403    2.009759
Iteration: 58 bestvalit: 254.675000 bestmemit:    0.065923    0.052510    0.077428    0.453660    0.498274    0.233002    0.144328    0.068725    0.214712    0.890046    0.654242    2.384753    0.030635    0.004393    0.006407    8.800352    7.251791    0.091970    1.788975    2.436845    1.882187    0.642582    1.101403    2.009759
Iteration: 59 bestvalit: 254.675000 bestmemit:    0.065923    0.052510    0.077428    0.453660    0.498274    0.233002    0.144328    0.068725    0.214712    0.890046    0.654242    2.384753    0.030635    0.004393    0.006407    8.800352    7.251791    0.091970    1.788975    2.436845    1.882187    0.642582    1.101403    2.009759
Iteration: 60 bestvalit: 254.675000 bestmemit:    0.065923    0.052510    0.077428    0.453660    0.498274    0.233002    0.144328    0.068725    0.214712    0.890046    0.654242    2.384753    0.030635    0.004393    0.006407    8.800352    7.251791    0.091970    1.788975    2.436845    1.882187    0.642582    1.101403    2.009759
Iteration: 61 bestvalit: 254.675000 bestmemit:    0.065923    0.052510    0.077428    0.453660    0.498274    0.233002    0.144328    0.068725    0.214712    0.890046    0.654242    2.384753    0.030635    0.004393    0.006407    8.800352    7.251791    0.091970    1.788975    2.436845    1.882187    0.642582    1.101403    2.009759
Iteration: 62 bestvalit: 254.675000 bestmemit:    0.065923    0.052510    0.077428    0.453660    0.498274    0.233002    0.144328    0.068725    0.214712    0.890046    0.654242    2.384753    0.030635    0.004393    0.006407    8.800352    7.251791    0.091970    1.788975    2.436845    1.882187    0.642582    1.101403    2.009759
Iteration: 63 bestvalit: 247.880000 bestmemit:    0.005699    0.013422    0.081760    0.867128    0.158285    0.154968    0.387835    0.044879    0.338102    0.880701    0.489220    2.026431    0.025935    0.003237    0.002009    9.056308    7.918164    0.210777    1.814485    2.387699    1.954036    0.473631    1.135741    1.808263
Iteration: 64 bestvalit: 246.880000 bestmemit:    0.005699    0.013422    0.081760    0.867128    0.158285    0.154968    0.387835    0.044879    0.338102    0.880701    0.489220    2.026431    0.025935    0.003237    0.002009    9.056308    7.918164    0.259388    1.814485    2.387699    1.954036    0.473631    1.135741    1.808263
Iteration: 65 bestvalit: 246.880000 bestmemit:    0.005699    0.013422    0.081760    0.867128    0.158285    0.154968    0.387835    0.044879    0.338102    0.880701    0.489220    2.026431    0.025935    0.003237    0.002009    9.056308    7.918164    0.259388    1.814485    2.387699    1.954036    0.473631    1.135741    1.808263
Iteration: 66 bestvalit: 246.880000 bestmemit:    0.005699    0.013422    0.081760    0.867128    0.158285    0.154968    0.387835    0.044879    0.338102    0.880701    0.489220    2.026431    0.025935    0.003237    0.002009    9.056308    7.918164    0.259388    1.814485    2.387699    1.954036    0.473631    1.135741    1.808263
Iteration: 67 bestvalit: 241.255000 bestmemit:    0.005699    0.013422    0.081760    0.867128    0.158285    0.154968    0.387835    0.044879    0.338102    0.458486    0.489220    2.026431    0.025935    0.003237    0.002009    9.056308    7.918164    0.259388    1.814485    2.387699    1.954036    0.473631    1.135741    1.808263
Iteration: 68 bestvalit: 217.365000 bestmemit:    0.005699    0.013422    0.081760    0.867128    0.158285    0.154968    0.387835    0.067677    0.295781    0.458486    0.489220    2.026431    0.025935    0.003237    0.002009    9.056308    7.918164    0.259388    1.814485    2.387699    1.954036    0.473631    1.135741    1.808263
Iteration: 69 bestvalit: 217.365000 bestmemit:    0.005699    0.013422    0.081760    0.867128    0.158285    0.154968    0.387835    0.067677    0.295781    0.458486    0.489220    2.026431    0.025935    0.003237    0.002009    9.056308    7.918164    0.259388    1.814485    2.387699    1.954036    0.473631    1.135741    1.808263
Iteration: 70 bestvalit: 211.025000 bestmemit:    0.005699    0.013422    0.081760    0.867128    0.158285    0.154968    0.387835    0.067677    0.295781    0.458486    0.489220    2.026431    0.025935    0.003237    0.002009    9.056308    7.918164    0.259388    1.814485    2.387699    1.604045    0.728718    1.135741    1.808263
Iteration: 71 bestvalit: 211.025000 bestmemit:    0.005699    0.013422    0.081760    0.867128    0.158285    0.154968    0.387835    0.067677    0.295781    0.458486    0.489220    2.026431    0.025935    0.003237    0.002009    9.056308    7.918164    0.259388    1.814485    2.387699    1.604045    0.728718    1.135741    1.808263
Iteration: 72 bestvalit: 211.025000 bestmemit:    0.005699    0.013422    0.081760    0.867128    0.158285    0.154968    0.387835    0.067677    0.295781    0.458486    0.489220    2.026431    0.025935    0.003237    0.002009    9.056308    7.918164    0.259388    1.814485    2.387699    1.604045    0.728718    1.135741    1.808263
Iteration: 73 bestvalit: 211.025000 bestmemit:    0.005699    0.013422    0.081760    0.867128    0.158285    0.154968    0.387835    0.067677    0.295781    0.458486    0.489220    2.026431    0.025935    0.003237    0.002009    9.056308    7.918164    0.259388    1.814485    2.387699    1.604045    0.728718    1.135741    1.808263
Iteration: 74 bestvalit: 210.555000 bestmemit:    0.005699    0.013422    0.081760    0.867128    0.158285    0.154968    0.387835    0.067677    0.295781    0.458486    0.489220    2.026431    0.025935    0.003237    0.002009    9.056308    7.918164    0.259388    1.814485    2.436438    1.799473    0.728718    1.135741    1.808263
Iteration: 75 bestvalit: 210.555000 bestmemit:    0.005699    0.013422    0.081760    0.867128    0.158285    0.154968    0.387835    0.067677    0.295781    0.458486    0.489220    2.026431    0.025935    0.003237    0.002009    9.056308    7.918164    0.259388    1.814485    2.436438    1.799473    0.728718    1.135741    1.808263
Iteration: 76 bestvalit: 210.555000 bestmemit:    0.005699    0.013422    0.081760    0.867128    0.158285    0.154968    0.387835    0.067677    0.295781    0.458486    0.489220    2.026431    0.025935    0.003237    0.002009    9.056308    7.918164    0.259388    1.814485    2.436438    1.799473    0.728718    1.135741    1.808263
Iteration: 77 bestvalit: 210.555000 bestmemit:    0.005699    0.013422    0.081760    0.867128    0.158285    0.154968    0.387835    0.067677    0.295781    0.458486    0.489220    2.026431    0.025935    0.003237    0.002009    9.056308    7.918164    0.259388    1.814485    2.436438    1.799473    0.728718    1.135741    1.808263
Iteration: 78 bestvalit: 210.555000 bestmemit:    0.005699    0.013422    0.081760    0.867128    0.158285    0.154968    0.387835    0.067677    0.295781    0.458486    0.489220    2.026431    0.025935    0.003237    0.002009    9.056308    7.918164    0.259388    1.814485    2.436438    1.799473    0.728718    1.135741    1.808263
Iteration: 79 bestvalit: 210.555000 bestmemit:    0.005699    0.013422    0.081760    0.867128    0.158285    0.154968    0.387835    0.067677    0.295781    0.458486    0.489220    2.026431    0.025935    0.003237    0.002009    9.056308    7.918164    0.259388    1.814485    2.436438    1.799473    0.728718    1.135741    1.808263
Iteration: 80 bestvalit: 210.555000 bestmemit:    0.005699    0.013422    0.081760    0.867128    0.158285    0.154968    0.387835    0.067677    0.295781    0.458486    0.489220    2.026431    0.025935    0.003237    0.002009    9.056308    7.918164    0.259388    1.814485    2.436438    1.799473    0.728718    1.135741    1.808263
Iteration: 81 bestvalit: 210.555000 bestmemit:    0.005699    0.013422    0.081760    0.867128    0.158285    0.154968    0.387835    0.067677    0.295781    0.458486    0.489220    2.026431    0.025935    0.003237    0.002009    9.056308    7.918164    0.259388    1.814485    2.436438    1.799473    0.728718    1.135741    1.808263
Iteration: 82 bestvalit: 210.555000 bestmemit:    0.005699    0.013422    0.081760    0.867128    0.158285    0.154968    0.387835    0.067677    0.295781    0.458486    0.489220    2.026431    0.025935    0.003237    0.002009    9.056308    7.918164    0.259388    1.814485    2.436438    1.799473    0.728718    1.135741    1.808263
Iteration: 83 bestvalit: 210.555000 bestmemit:    0.005699    0.013422    0.081760    0.867128    0.158285    0.154968    0.387835    0.067677    0.295781    0.458486    0.489220    2.026431    0.025935    0.003237    0.002009    9.056308    7.918164    0.259388    1.814485    2.436438    1.799473    0.728718    1.135741    1.808263
Iteration: 84 bestvalit: 210.555000 bestmemit:    0.005699    0.013422    0.081760    0.867128    0.158285    0.154968    0.387835    0.067677    0.295781    0.458486    0.489220    2.026431    0.025935    0.003237    0.002009    9.056308    7.918164    0.259388    1.814485    2.436438    1.799473    0.728718    1.135741    1.808263
Iteration: 85 bestvalit: 210.555000 bestmemit:    0.005699    0.013422    0.081760    0.867128    0.158285    0.154968    0.387835    0.067677    0.295781    0.458486    0.489220    2.026431    0.025935    0.003237    0.002009    9.056308    7.918164    0.259388    1.814485    2.436438    1.799473    0.728718    1.135741    1.808263
Iteration: 86 bestvalit: 209.005000 bestmemit:    0.007932    0.049279    0.080520    0.827006    0.275678    0.193482    0.222462    0.160953    0.256702    0.221100    0.831700    4.021208    0.006334    0.001942    0.001805    9.114903    7.648471    0.543257    1.674424    1.745551    1.854825    0.914034    1.069464    2.008128
Iteration: 87 bestvalit: 209.005000 bestmemit:    0.007932    0.049279    0.080520    0.827006    0.275678    0.193482    0.222462    0.160953    0.256702    0.221100    0.831700    4.021208    0.006334    0.001942    0.001805    9.114903    7.648471    0.543257    1.674424    1.745551    1.854825    0.914034    1.069464    2.008128
Iteration: 88 bestvalit: 209.005000 bestmemit:    0.007932    0.049279    0.080520    0.827006    0.275678    0.193482    0.222462    0.160953    0.256702    0.221100    0.831700    4.021208    0.006334    0.001942    0.001805    9.114903    7.648471    0.543257    1.674424    1.745551    1.854825    0.914034    1.069464    2.008128
Iteration: 89 bestvalit: 209.005000 bestmemit:    0.007932    0.049279    0.080520    0.827006    0.275678    0.193482    0.222462    0.160953    0.256702    0.221100    0.831700    4.021208    0.006334    0.001942    0.001805    9.114903    7.648471    0.543257    1.674424    1.745551    1.854825    0.914034    1.069464    2.008128
Iteration: 90 bestvalit: 209.005000 bestmemit:    0.007932    0.049279    0.080520    0.827006    0.275678    0.193482    0.222462    0.160953    0.256702    0.221100    0.831700    4.021208    0.006334    0.001942    0.001805    9.114903    7.648471    0.543257    1.674424    1.745551    1.854825    0.914034    1.069464    2.008128
Iteration: 91 bestvalit: 209.005000 bestmemit:    0.007932    0.049279    0.080520    0.827006    0.275678    0.193482    0.222462    0.160953    0.256702    0.221100    0.831700    4.021208    0.006334    0.001942    0.001805    9.114903    7.648471    0.543257    1.674424    1.745551    1.854825    0.914034    1.069464    2.008128
Iteration: 92 bestvalit: 206.160000 bestmemit:    0.005699    0.013422    0.081760    0.867128    0.158285    0.154968    0.387835    0.067677    0.295781    0.458486    0.489220    2.026431    0.025935    0.003237    0.002009    9.056308    7.918164    0.259388    1.779431    2.414876    1.818077    0.770539    1.135741    1.808263
Iteration: 93 bestvalit: 184.880000 bestmemit:    0.005699    0.013422    0.081760    0.495490    0.158285    0.154968    0.387835    0.067677    0.295781    0.458486    0.489220    2.026431    0.025935    0.003237    0.002009    9.056308    7.918164    0.259388    1.779431    2.414876    1.818077    0.770539    1.135741    1.808263
Iteration: 94 bestvalit: 184.880000 bestmemit:    0.005699    0.013422    0.081760    0.495490    0.158285    0.154968    0.387835    0.067677    0.295781    0.458486    0.489220    2.026431    0.025935    0.003237    0.002009    9.056308    7.918164    0.259388    1.779431    2.414876    1.818077    0.770539    1.135741    1.808263
Iteration: 95 bestvalit: 184.880000 bestmemit:    0.005699    0.013422    0.081760    0.495490    0.158285    0.154968    0.387835    0.067677    0.295781    0.458486    0.489220    2.026431    0.025935    0.003237    0.002009    9.056308    7.918164    0.259388    1.779431    2.414876    1.818077    0.770539    1.135741    1.808263
Iteration: 96 bestvalit: 184.880000 bestmemit:    0.005699    0.013422    0.081760    0.495490    0.158285    0.154968    0.387835    0.067677    0.295781    0.458486    0.489220    2.026431    0.025935    0.003237    0.002009    9.056308    7.918164    0.259388    1.779431    2.414876    1.818077    0.770539    1.135741    1.808263
Iteration: 97 bestvalit: 184.880000 bestmemit:    0.005699    0.013422    0.081760    0.495490    0.158285    0.154968    0.387835    0.067677    0.295781    0.458486    0.489220    2.026431    0.025935    0.003237    0.002009    9.056308    7.918164    0.259388    1.779431    2.414876    1.818077    0.770539    1.135741    1.808263
Iteration: 98 bestvalit: 184.880000 bestmemit:    0.005699    0.013422    0.081760    0.495490    0.158285    0.154968    0.387835    0.067677    0.295781    0.458486    0.489220    2.026431    0.025935    0.003237    0.002009    9.056308    7.918164    0.259388    1.779431    2.414876    1.818077    0.770539    1.135741    1.808263
Iteration: 99 bestvalit: 184.880000 bestmemit:    0.005699    0.013422    0.081760    0.495490    0.158285    0.154968    0.387835    0.067677    0.295781    0.458486    0.489220    2.026431    0.025935    0.003237    0.002009    9.056308    7.918164    0.259388    1.779431    2.414876    1.818077    0.770539    1.135741    1.808263
Iteration: 100 bestvalit: 184.880000 bestmemit:    0.005699    0.013422    0.081760    0.495490    0.158285    0.154968    0.387835    0.067677    0.295781    0.458486    0.489220    2.026431    0.025935    0.003237    0.002009    9.056308    7.918164    0.259388    1.779431    2.414876    1.818077    0.770539    1.135741    1.808263
Iteration: 101 bestvalit: 184.880000 bestmemit:    0.005699    0.013422    0.081760    0.495490    0.158285    0.154968    0.387835    0.067677    0.295781    0.458486    0.489220    2.026431    0.025935    0.003237    0.002009    9.056308    7.918164    0.259388    1.779431    2.414876    1.818077    0.770539    1.135741    1.808263
Iteration: 102 bestvalit: 184.880000 bestmemit:    0.005699    0.013422    0.081760    0.495490    0.158285    0.154968    0.387835    0.067677    0.295781    0.458486    0.489220    2.026431    0.025935    0.003237    0.002009    9.056308    7.918164    0.259388    1.779431    2.414876    1.818077    0.770539    1.135741    1.808263
Iteration: 103 bestvalit: 184.880000 bestmemit:    0.005699    0.013422    0.081760    0.495490    0.158285    0.154968    0.387835    0.067677    0.295781    0.458486    0.489220    2.026431    0.025935    0.003237    0.002009    9.056308    7.918164    0.259388    1.779431    2.414876    1.818077    0.770539    1.135741    1.808263
Iteration: 104 bestvalit: 184.880000 bestmemit:    0.005699    0.013422    0.081760    0.495490    0.158285    0.154968    0.387835    0.067677    0.295781    0.458486    0.489220    2.026431    0.025935    0.003237    0.002009    9.056308    7.918164    0.259388    1.779431    2.414876    1.818077    0.770539    1.135741    1.808263
Iteration: 105 bestvalit: 184.880000 bestmemit:    0.005699    0.013422    0.081760    0.495490    0.158285    0.154968    0.387835    0.067677    0.295781    0.458486    0.489220    2.026431    0.025935    0.003237    0.002009    9.056308    7.918164    0.259388    1.779431    2.414876    1.818077    0.770539    1.135741    1.808263
Iteration: 106 bestvalit: 184.880000 bestmemit:    0.005699    0.013422    0.081760    0.495490    0.158285    0.154968    0.387835    0.067677    0.295781    0.458486    0.489220    2.026431    0.025935    0.003237    0.002009    9.056308    7.918164    0.259388    1.779431    2.414876    1.818077    0.770539    1.135741    1.808263
Iteration: 107 bestvalit: 184.880000 bestmemit:    0.005699    0.013422    0.081760    0.495490    0.158285    0.154968    0.387835    0.067677    0.295781    0.458486    0.489220    2.026431    0.025935    0.003237    0.002009    9.056308    7.918164    0.259388    1.779431    2.414876    1.818077    0.770539    1.135741    1.808263
Iteration: 108 bestvalit: 184.880000 bestmemit:    0.005699    0.013422    0.081760    0.495490    0.158285    0.154968    0.387835    0.067677    0.295781    0.458486    0.489220    2.026431    0.025935    0.003237    0.002009    9.056308    7.918164    0.259388    1.779431    2.414876    1.818077    0.770539    1.135741    1.808263
Iteration: 109 bestvalit: 184.880000 bestmemit:    0.005699    0.013422    0.081760    0.495490    0.158285    0.154968    0.387835    0.067677    0.295781    0.458486    0.489220    2.026431    0.025935    0.003237    0.002009    9.056308    7.918164    0.259388    1.779431    2.414876    1.818077    0.770539    1.135741    1.808263
Iteration: 110 bestvalit: 184.880000 bestmemit:    0.005699    0.013422    0.081760    0.495490    0.158285    0.154968    0.387835    0.067677    0.295781    0.458486    0.489220    2.026431    0.025935    0.003237    0.002009    9.056308    7.918164    0.259388    1.779431    2.414876    1.818077    0.770539    1.135741    1.808263
Iteration: 111 bestvalit: 184.880000 bestmemit:    0.005699    0.013422    0.081760    0.495490    0.158285    0.154968    0.387835    0.067677    0.295781    0.458486    0.489220    2.026431    0.025935    0.003237    0.002009    9.056308    7.918164    0.259388    1.779431    2.414876    1.818077    0.770539    1.135741    1.808263
Iteration: 112 bestvalit: 184.880000 bestmemit:    0.005699    0.013422    0.081760    0.495490    0.158285    0.154968    0.387835    0.067677    0.295781    0.458486    0.489220    2.026431    0.025935    0.003237    0.002009    9.056308    7.918164    0.259388    1.779431    2.414876    1.818077    0.770539    1.135741    1.808263
Iteration: 113 bestvalit: 184.880000 bestmemit:    0.005699    0.013422    0.081760    0.495490    0.158285    0.154968    0.387835    0.067677    0.295781    0.458486    0.489220    2.026431    0.025935    0.003237    0.002009    9.056308    7.918164    0.259388    1.779431    2.414876    1.818077    0.770539    1.135741    1.808263
Iteration: 114 bestvalit: 184.880000 bestmemit:    0.005699    0.013422    0.081760    0.495490    0.158285    0.154968    0.387835    0.067677    0.295781    0.458486    0.489220    2.026431    0.025935    0.003237    0.002009    9.056308    7.918164    0.259388    1.779431    2.414876    1.818077    0.770539    1.135741    1.808263
Iteration: 115 bestvalit: 184.880000 bestmemit:    0.005699    0.013422    0.081760    0.495490    0.158285    0.154968    0.387835    0.067677    0.295781    0.458486    0.489220    2.026431    0.025935    0.003237    0.002009    9.056308    7.918164    0.259388    1.779431    2.414876    1.818077    0.770539    1.135741    1.808263
Iteration: 116 bestvalit: 184.825000 bestmemit:    0.005699    0.013422    0.081760    0.495490    0.158285    0.154968    0.387835    0.067677    0.295781    0.458486    0.489220    2.026431    0.025935    0.003237    0.002009    9.056308    8.380726    0.259388    1.779431    2.414876    1.818077    0.770539    1.135741    1.808263
Iteration: 117 bestvalit: 184.825000 bestmemit:    0.005699    0.013422    0.081760    0.495490    0.158285    0.154968    0.387835    0.067677    0.295781    0.458486    0.489220    2.026431    0.025935    0.003237    0.002009    9.056308    8.380726    0.259388    1.779431    2.414876    1.818077    0.770539    1.135741    1.808263
Iteration: 118 bestvalit: 184.825000 bestmemit:    0.005699    0.013422    0.081760    0.495490    0.158285    0.154968    0.387835    0.067677    0.295781    0.458486    0.489220    2.026431    0.025935    0.003237    0.002009    9.056308    8.380726    0.259388    1.779431    2.414876    1.818077    0.770539    1.135741    1.808263
Iteration: 119 bestvalit: 184.825000 bestmemit:    0.005699    0.013422    0.081760    0.495490    0.158285    0.154968    0.387835    0.067677    0.295781    0.458486    0.489220    2.026431    0.025935    0.003237    0.002009    9.056308    8.380726    0.259388    1.779431    2.414876    1.818077    0.770539    1.135741    1.808263
Iteration: 120 bestvalit: 184.825000 bestmemit:    0.005699    0.013422    0.081760    0.495490    0.158285    0.154968    0.387835    0.067677    0.295781    0.458486    0.489220    2.026431    0.025935    0.003237    0.002009    9.056308    8.380726    0.259388    1.779431    2.414876    1.818077    0.770539    1.135741    1.808263
Iteration: 121 bestvalit: 184.825000 bestmemit:    0.005699    0.013422    0.081760    0.495490    0.158285    0.154968    0.387835    0.067677    0.295781    0.458486    0.489220    2.026431    0.025935    0.003237    0.002009    9.056308    8.380726    0.259388    1.779431    2.414876    1.818077    0.770539    1.135741    1.808263
Iteration: 122 bestvalit: 184.825000 bestmemit:    0.005699    0.013422    0.081760    0.495490    0.158285    0.154968    0.387835    0.067677    0.295781    0.458486    0.489220    2.026431    0.025935    0.003237    0.002009    9.056308    8.380726    0.259388    1.779431    2.414876    1.818077    0.770539    1.135741    1.808263
Iteration: 123 bestvalit: 184.825000 bestmemit:    0.005699    0.013422    0.081760    0.495490    0.158285    0.154968    0.387835    0.067677    0.295781    0.458486    0.489220    2.026431    0.025935    0.003237    0.002009    9.056308    8.380726    0.259388    1.779431    2.414876    1.818077    0.770539    1.135741    1.808263
Iteration: 124 bestvalit: 184.825000 bestmemit:    0.005699    0.013422    0.081760    0.495490    0.158285    0.154968    0.387835    0.067677    0.295781    0.458486    0.489220    2.026431    0.025935    0.003237    0.002009    9.056308    8.380726    0.259388    1.779431    2.414876    1.818077    0.770539    1.135741    1.808263
Iteration: 125 bestvalit: 184.825000 bestmemit:    0.005699    0.013422    0.081760    0.495490    0.158285    0.154968    0.387835    0.067677    0.295781    0.458486    0.489220    2.026431    0.025935    0.003237    0.002009    9.056308    8.380726    0.259388    1.779431    2.414876    1.818077    0.770539    1.135741    1.808263
Iteration: 126 bestvalit: 184.825000 bestmemit:    0.005699    0.013422    0.081760    0.495490    0.158285    0.154968    0.387835    0.067677    0.295781    0.458486    0.489220    2.026431    0.025935    0.003237    0.002009    9.056308    8.380726    0.259388    1.779431    2.414876    1.818077    0.770539    1.135741    1.808263
Iteration: 127 bestvalit: 184.825000 bestmemit:    0.005699    0.013422    0.081760    0.495490    0.158285    0.154968    0.387835    0.067677    0.295781    0.458486    0.489220    2.026431    0.025935    0.003237    0.002009    9.056308    8.380726    0.259388    1.779431    2.414876    1.818077    0.770539    1.135741    1.808263
Iteration: 128 bestvalit: 184.825000 bestmemit:    0.005699    0.013422    0.081760    0.495490    0.158285    0.154968    0.387835    0.067677    0.295781    0.458486    0.489220    2.026431    0.025935    0.003237    0.002009    9.056308    8.380726    0.259388    1.779431    2.414876    1.818077    0.770539    1.135741    1.808263
Iteration: 129 bestvalit: 184.825000 bestmemit:    0.005699    0.013422    0.081760    0.495490    0.158285    0.154968    0.387835    0.067677    0.295781    0.458486    0.489220    2.026431    0.025935    0.003237    0.002009    9.056308    8.380726    0.259388    1.779431    2.414876    1.818077    0.770539    1.135741    1.808263
Iteration: 130 bestvalit: 184.825000 bestmemit:    0.005699    0.013422    0.081760    0.495490    0.158285    0.154968    0.387835    0.067677    0.295781    0.458486    0.489220    2.026431    0.025935    0.003237    0.002009    9.056308    8.380726    0.259388    1.779431    2.414876    1.818077    0.770539    1.135741    1.808263
Iteration: 131 bestvalit: 184.825000 bestmemit:    0.005699    0.013422    0.081760    0.495490    0.158285    0.154968    0.387835    0.067677    0.295781    0.458486    0.489220    2.026431    0.025935    0.003237    0.002009    9.056308    8.380726    0.259388    1.779431    2.414876    1.818077    0.770539    1.135741    1.808263
Iteration: 132 bestvalit: 184.825000 bestmemit:    0.005699    0.013422    0.081760    0.495490    0.158285    0.154968    0.387835    0.067677    0.295781    0.458486    0.489220    2.026431    0.025935    0.003237    0.002009    9.056308    8.380726    0.259388    1.779431    2.414876    1.818077    0.770539    1.135741    1.808263
Iteration: 133 bestvalit: 184.825000 bestmemit:    0.005699    0.013422    0.081760    0.495490    0.158285    0.154968    0.387835    0.067677    0.295781    0.458486    0.489220    2.026431    0.025935    0.003237    0.002009    9.056308    8.380726    0.259388    1.779431    2.414876    1.818077    0.770539    1.135741    1.808263
Iteration: 134 bestvalit: 184.825000 bestmemit:    0.005699    0.013422    0.081760    0.495490    0.158285    0.154968    0.387835    0.067677    0.295781    0.458486    0.489220    2.026431    0.025935    0.003237    0.002009    9.056308    8.380726    0.259388    1.779431    2.414876    1.818077    0.770539    1.135741    1.808263
Iteration: 135 bestvalit: 184.825000 bestmemit:    0.005699    0.013422    0.081760    0.495490    0.158285    0.154968    0.387835    0.067677    0.295781    0.458486    0.489220    2.026431    0.025935    0.003237    0.002009    9.056308    8.380726    0.259388    1.779431    2.414876    1.818077    0.770539    1.135741    1.808263
Iteration: 136 bestvalit: 184.825000 bestmemit:    0.005699    0.013422    0.081760    0.495490    0.158285    0.154968    0.387835    0.067677    0.295781    0.458486    0.489220    2.026431    0.025935    0.003237    0.002009    9.056308    8.380726    0.259388    1.779431    2.414876    1.818077    0.770539    1.135741    1.808263
Iteration: 137 bestvalit: 184.825000 bestmemit:    0.005699    0.013422    0.081760    0.495490    0.158285    0.154968    0.387835    0.067677    0.295781    0.458486    0.489220    2.026431    0.025935    0.003237    0.002009    9.056308    8.380726    0.259388    1.779431    2.414876    1.818077    0.770539    1.135741    1.808263
Iteration: 138 bestvalit: 184.825000 bestmemit:    0.005699    0.013422    0.081760    0.495490    0.158285    0.154968    0.387835    0.067677    0.295781    0.458486    0.489220    2.026431    0.025935    0.003237    0.002009    9.056308    8.380726    0.259388    1.779431    2.414876    1.818077    0.770539    1.135741    1.808263
Iteration: 139 bestvalit: 184.825000 bestmemit:    0.005699    0.013422    0.081760    0.495490    0.158285    0.154968    0.387835    0.067677    0.295781    0.458486    0.489220    2.026431    0.025935    0.003237    0.002009    9.056308    8.380726    0.259388    1.779431    2.414876    1.818077    0.770539    1.135741    1.808263
Iteration: 140 bestvalit: 184.825000 bestmemit:    0.005699    0.013422    0.081760    0.495490    0.158285    0.154968    0.387835    0.067677    0.295781    0.458486    0.489220    2.026431    0.025935    0.003237    0.002009    9.056308    8.380726    0.259388    1.779431    2.414876    1.818077    0.770539    1.135741    1.808263
Iteration: 141 bestvalit: 184.695000 bestmemit:    0.005699    0.013422    0.081760    0.495767    0.158285    0.154968    0.387835    0.067677    0.295781    0.458486    0.489220    2.026431    0.025935    0.003237    0.002009    9.056308    8.380726    0.259388    1.779431    2.414876    1.818077    0.770539    1.135741    1.808263
Iteration: 142 bestvalit: 184.695000 bestmemit:    0.005699    0.013422    0.081760    0.495767    0.158285    0.154968    0.387835    0.067677    0.295781    0.458486    0.489220    2.026431    0.025935    0.003237    0.002009    9.056308    8.380726    0.259388    1.779431    2.414876    1.818077    0.770539    1.135741    1.808263
Iteration: 143 bestvalit: 181.080000 bestmemit:    0.005699    0.013422    0.081760    0.495767    0.158285    0.154968    0.387835    0.076851    0.295781    0.458486    0.489220    2.026431    0.025935    0.003237    0.002009    9.056308    8.380726    0.259388    1.779431    2.414876    1.818077    0.770539    1.135741    1.808263
Iteration: 144 bestvalit: 181.080000 bestmemit:    0.005699    0.013422    0.081760    0.495767    0.158285    0.154968    0.387835    0.076851    0.295781    0.458486    0.489220    2.026431    0.025935    0.003237    0.002009    9.056308    8.380726    0.259388    1.779431    2.414876    1.818077    0.770539    1.135741    1.808263
Iteration: 145 bestvalit: 181.080000 bestmemit:    0.005699    0.013422    0.081760    0.495767    0.158285    0.154968    0.387835    0.076851    0.295781    0.458486    0.489220    2.026431    0.025935    0.003237    0.002009    9.056308    8.380726    0.259388    1.779431    2.414876    1.818077    0.770539    1.135741    1.808263
Iteration: 146 bestvalit: 181.080000 bestmemit:    0.005699    0.013422    0.081760    0.495767    0.158285    0.154968    0.387835    0.076851    0.295781    0.458486    0.489220    2.026431    0.025935    0.003237    0.002009    9.056308    8.380726    0.259388    1.779431    2.414876    1.818077    0.770539    1.135741    1.808263
Iteration: 147 bestvalit: 181.080000 bestmemit:    0.005699    0.013422    0.081760    0.495767    0.158285    0.154968    0.387835    0.076851    0.295781    0.458486    0.489220    2.026431    0.025935    0.003237    0.002009    9.056308    8.380726    0.259388    1.779431    2.414876    1.818077    0.770539    1.135741    1.808263
Iteration: 148 bestvalit: 181.080000 bestmemit:    0.005699    0.013422    0.081760    0.495767    0.158285    0.154968    0.387835    0.076851    0.295781    0.458486    0.489220    2.026431    0.025935    0.003237    0.002009    9.056308    8.380726    0.259388    1.779431    2.414876    1.818077    0.770539    1.135741    1.808263
Iteration: 149 bestvalit: 181.080000 bestmemit:    0.005699    0.013422    0.081760    0.495767    0.158285    0.154968    0.387835    0.076851    0.295781    0.458486    0.489220    2.026431    0.025935    0.003237    0.002009    9.056308    8.380726    0.259388    1.779431    2.414876    1.818077    0.770539    1.135741    1.808263
Iteration: 150 bestvalit: 181.080000 bestmemit:    0.005699    0.013422    0.081760    0.495767    0.158285    0.154968    0.387835    0.076851    0.295781    0.458486    0.489220    2.026431    0.025935    0.003237    0.002009    9.056308    8.380726    0.259388    1.779431    2.414876    1.818077    0.770539    1.135741    1.808263
Iteration: 151 bestvalit: 181.080000 bestmemit:    0.005699    0.013422    0.081760    0.495767    0.158285    0.154968    0.387835    0.076851    0.295781    0.458486    0.489220    2.026431    0.025935    0.003237    0.002009    9.056308    8.380726    0.259388    1.779431    2.414876    1.818077    0.770539    1.135741    1.808263
Iteration: 152 bestvalit: 181.030000 bestmemit:    0.005699    0.013422    0.081760    0.495767    0.158285    0.154968    0.387835    0.076851    0.295781    0.458486    0.489220    2.026431    0.025935    0.003237    0.002009    9.056308    7.940437    0.259388    1.779431    2.414876    1.818077    0.770539    1.135741    1.808263
Iteration: 153 bestvalit: 181.030000 bestmemit:    0.005699    0.013422    0.081760    0.495767    0.158285    0.154968    0.387835    0.076851    0.295781    0.458486    0.489220    2.026431    0.025935    0.003237    0.002009    9.056308    7.940437    0.259388    1.779431    2.414876    1.818077    0.770539    1.135741    1.808263
Iteration: 154 bestvalit: 181.030000 bestmemit:    0.005699    0.013422    0.081760    0.495767    0.158285    0.154968    0.387835    0.076851    0.295781    0.458486    0.489220    2.026431    0.025935    0.003237    0.002009    9.056308    7.940437    0.259388    1.779431    2.414876    1.818077    0.770539    1.135741    1.808263
Iteration: 155 bestvalit: 181.030000 bestmemit:    0.005699    0.013422    0.081760    0.495767    0.158285    0.154968    0.387835    0.076851    0.295781    0.458486    0.489220    2.026431    0.025935    0.003237    0.002009    9.056308    7.940437    0.259388    1.779431    2.414876    1.818077    0.770539    1.135741    1.808263
Iteration: 156 bestvalit: 181.030000 bestmemit:    0.005699    0.013422    0.081760    0.495767    0.158285    0.154968    0.387835    0.076851    0.295781    0.458486    0.489220    2.026431    0.025935    0.003237    0.002009    9.056308    7.940437    0.259388    1.779431    2.414876    1.818077    0.770539    1.135741    1.808263
Iteration: 157 bestvalit: 181.030000 bestmemit:    0.005699    0.013422    0.081760    0.495767    0.158285    0.154968    0.387835    0.076851    0.295781    0.458486    0.489220    2.026431    0.025935    0.003237    0.002009    9.056308    7.940437    0.259388    1.779431    2.414876    1.818077    0.770539    1.135741    1.808263
Iteration: 158 bestvalit: 181.030000 bestmemit:    0.005699    0.013422    0.081760    0.495767    0.158285    0.154968    0.387835    0.076851    0.295781    0.458486    0.489220    2.026431    0.025935    0.003237    0.002009    9.056308    7.940437    0.259388    1.779431    2.414876    1.818077    0.770539    1.135741    1.808263
Iteration: 159 bestvalit: 181.030000 bestmemit:    0.005699    0.013422    0.081760    0.495767    0.158285    0.154968    0.387835    0.076851    0.295781    0.458486    0.489220    2.026431    0.025935    0.003237    0.002009    9.056308    7.940437    0.259388    1.779431    2.414876    1.818077    0.770539    1.135741    1.808263
Iteration: 160 bestvalit: 181.030000 bestmemit:    0.005699    0.013422    0.081760    0.495767    0.158285    0.154968    0.387835    0.076851    0.295781    0.458486    0.489220    2.026431    0.025935    0.003237    0.002009    9.056308    7.940437    0.259388    1.779431    2.414876    1.818077    0.770539    1.135741    1.808263
Iteration: 161 bestvalit: 181.030000 bestmemit:    0.005699    0.013422    0.081760    0.495767    0.158285    0.154968    0.387835    0.076851    0.295781    0.458486    0.489220    2.026431    0.025935    0.003237    0.002009    9.056308    7.940437    0.259388    1.779431    2.414876    1.818077    0.770539    1.135741    1.808263
Iteration: 162 bestvalit: 181.030000 bestmemit:    0.005699    0.013422    0.081760    0.495767    0.158285    0.154968    0.387835    0.076851    0.295781    0.458486    0.489220    2.026431    0.025935    0.003237    0.002009    9.056308    7.940437    0.259388    1.779431    2.414876    1.818077    0.770539    1.135741    1.808263
Iteration: 163 bestvalit: 181.030000 bestmemit:    0.005699    0.013422    0.081760    0.495767    0.158285    0.154968    0.387835    0.076851    0.295781    0.458486    0.489220    2.026431    0.025935    0.003237    0.002009    9.056308    7.940437    0.259388    1.779431    2.414876    1.818077    0.770539    1.135741    1.808263
Iteration: 164 bestvalit: 181.030000 bestmemit:    0.005699    0.013422    0.081760    0.495767    0.158285    0.154968    0.387835    0.076851    0.295781    0.458486    0.489220    2.026431    0.025935    0.003237    0.002009    9.056308    7.940437    0.259388    1.779431    2.414876    1.818077    0.770539    1.135741    1.808263
Iteration: 165 bestvalit: 181.030000 bestmemit:    0.005699    0.013422    0.081760    0.495767    0.158285    0.154968    0.387835    0.076851    0.295781    0.458486    0.489220    2.026431    0.025935    0.003237    0.002009    9.056308    7.940437    0.259388    1.779431    2.414876    1.818077    0.770539    1.135741    1.808263
Iteration: 166 bestvalit: 181.030000 bestmemit:    0.005699    0.013422    0.081760    0.495767    0.158285    0.154968    0.387835    0.076851    0.295781    0.458486    0.489220    2.026431    0.025935    0.003237    0.002009    9.056308    7.940437    0.259388    1.779431    2.414876    1.818077    0.770539    1.135741    1.808263
Iteration: 167 bestvalit: 181.030000 bestmemit:    0.005699    0.013422    0.081760    0.495767    0.158285    0.154968    0.387835    0.076851    0.295781    0.458486    0.489220    2.026431    0.025935    0.003237    0.002009    9.056308    7.940437    0.259388    1.779431    2.414876    1.818077    0.770539    1.135741    1.808263
Iteration: 168 bestvalit: 181.030000 bestmemit:    0.005699    0.013422    0.081760    0.495767    0.158285    0.154968    0.387835    0.076851    0.295781    0.458486    0.489220    2.026431    0.025935    0.003237    0.002009    9.056308    7.940437    0.259388    1.779431    2.414876    1.818077    0.770539    1.135741    1.808263
Iteration: 169 bestvalit: 179.935000 bestmemit:    0.005699    0.013422    0.081760    0.495767    0.158285    0.154968    0.387835    0.076851    0.295781    0.458486    0.489220    2.026431    0.025935    0.003237    0.002009    9.919736    8.793503    0.259388    1.779431    2.414876    1.818077    0.770539    1.135741    1.808263
Iteration: 170 bestvalit: 179.935000 bestmemit:    0.005699    0.013422    0.081760    0.495767    0.158285    0.154968    0.387835    0.076851    0.295781    0.458486    0.489220    2.026431    0.025935    0.003237    0.002009    9.919736    8.793503    0.259388    1.779431    2.414876    1.818077    0.770539    1.135741    1.808263
Iteration: 171 bestvalit: 179.935000 bestmemit:    0.005699    0.013422    0.081760    0.495767    0.158285    0.154968    0.387835    0.076851    0.295781    0.458486    0.489220    2.026431    0.025935    0.003237    0.002009    9.919736    8.793503    0.259388    1.779431    2.414876    1.818077    0.770539    1.135741    1.808263
Iteration: 172 bestvalit: 179.935000 bestmemit:    0.005699    0.013422    0.081760    0.495767    0.158285    0.154968    0.387835    0.076851    0.295781    0.458486    0.489220    2.026431    0.025935    0.003237    0.002009    9.919736    8.793503    0.259388    1.779431    2.414876    1.818077    0.770539    1.135741    1.808263
Iteration: 173 bestvalit: 179.935000 bestmemit:    0.005699    0.013422    0.081760    0.495767    0.158285    0.154968    0.387835    0.076851    0.295781    0.458486    0.489220    2.026431    0.025935    0.003237    0.002009    9.919736    8.793503    0.259388    1.779431    2.414876    1.818077    0.770539    1.135741    1.808263
Iteration: 174 bestvalit: 179.935000 bestmemit:    0.005699    0.013422    0.081760    0.495767    0.158285    0.154968    0.387835    0.076851    0.295781    0.458486    0.489220    2.026431    0.025935    0.003237    0.002009    9.919736    8.793503    0.259388    1.779431    2.414876    1.818077    0.770539    1.135741    1.808263
Iteration: 175 bestvalit: 179.935000 bestmemit:    0.005699    0.013422    0.081760    0.495767    0.158285    0.154968    0.387835    0.076851    0.295781    0.458486    0.489220    2.026431    0.025935    0.003237    0.002009    9.919736    8.793503    0.259388    1.779431    2.414876    1.818077    0.770539    1.135741    1.808263
Iteration: 176 bestvalit: 179.935000 bestmemit:    0.005699    0.013422    0.081760    0.495767    0.158285    0.154968    0.387835    0.076851    0.295781    0.458486    0.489220    2.026431    0.025935    0.003237    0.002009    9.919736    8.793503    0.259388    1.779431    2.414876    1.818077    0.770539    1.135741    1.808263
Iteration: 177 bestvalit: 179.935000 bestmemit:    0.005699    0.013422    0.081760    0.495767    0.158285    0.154968    0.387835    0.076851    0.295781    0.458486    0.489220    2.026431    0.025935    0.003237    0.002009    9.919736    8.793503    0.259388    1.779431    2.414876    1.818077    0.770539    1.135741    1.808263
Iteration: 178 bestvalit: 179.710000 bestmemit:    0.005699    0.013422    0.081760    0.495767    0.158285    0.154968    0.387835    0.076851    0.295781    0.458486    0.489220    2.026431    0.025935    0.003237    0.002009    9.919736    8.793503    0.259388    1.779431    2.307577    1.926822    0.770539    1.135741    1.808263
Iteration: 179 bestvalit: 179.710000 bestmemit:    0.005699    0.013422    0.081760    0.495767    0.158285    0.154968    0.387835    0.076851    0.295781    0.458486    0.489220    2.026431    0.025935    0.003237    0.002009    9.919736    8.793503    0.259388    1.779431    2.307577    1.926822    0.770539    1.135741    1.808263
Iteration: 180 bestvalit: 179.710000 bestmemit:    0.005699    0.013422    0.081760    0.495767    0.158285    0.154968    0.387835    0.076851    0.295781    0.458486    0.489220    2.026431    0.025935    0.003237    0.002009    9.919736    8.793503    0.259388    1.779431    2.307577    1.926822    0.770539    1.135741    1.808263
Iteration: 181 bestvalit: 179.710000 bestmemit:    0.005699    0.013422    0.081760    0.495767    0.158285    0.154968    0.387835    0.076851    0.295781    0.458486    0.489220    2.026431    0.025935    0.003237    0.002009    9.919736    8.793503    0.259388    1.779431    2.307577    1.926822    0.770539    1.135741    1.808263
Iteration: 182 bestvalit: 179.710000 bestmemit:    0.005699    0.013422    0.081760    0.495767    0.158285    0.154968    0.387835    0.076851    0.295781    0.458486    0.489220    2.026431    0.025935    0.003237    0.002009    9.919736    8.793503    0.259388    1.779431    2.307577    1.926822    0.770539    1.135741    1.808263
Iteration: 183 bestvalit: 179.710000 bestmemit:    0.005699    0.013422    0.081760    0.495767    0.158285    0.154968    0.387835    0.076851    0.295781    0.458486    0.489220    2.026431    0.025935    0.003237    0.002009    9.919736    8.793503    0.259388    1.779431    2.307577    1.926822    0.770539    1.135741    1.808263
Iteration: 184 bestvalit: 179.710000 bestmemit:    0.005699    0.013422    0.081760    0.495767    0.158285    0.154968    0.387835    0.076851    0.295781    0.458486    0.489220    2.026431    0.025935    0.003237    0.002009    9.919736    8.793503    0.259388    1.779431    2.307577    1.926822    0.770539    1.135741    1.808263
Iteration: 185 bestvalit: 179.710000 bestmemit:    0.005699    0.013422    0.081760    0.495767    0.158285    0.154968    0.387835    0.076851    0.295781    0.458486    0.489220    2.026431    0.025935    0.003237    0.002009    9.919736    8.793503    0.259388    1.779431    2.307577    1.926822    0.770539    1.135741    1.808263
Iteration: 186 bestvalit: 179.710000 bestmemit:    0.005699    0.013422    0.081760    0.495767    0.158285    0.154968    0.387835    0.076851    0.295781    0.458486    0.489220    2.026431    0.025935    0.003237    0.002009    9.919736    8.793503    0.259388    1.779431    2.307577    1.926822    0.770539    1.135741    1.808263
Iteration: 187 bestvalit: 179.710000 bestmemit:    0.005699    0.013422    0.081760    0.495767    0.158285    0.154968    0.387835    0.076851    0.295781    0.458486    0.489220    2.026431    0.025935    0.003237    0.002009    9.919736    8.793503    0.259388    1.779431    2.307577    1.926822    0.770539    1.135741    1.808263
Iteration: 188 bestvalit: 179.710000 bestmemit:    0.005699    0.013422    0.081760    0.495767    0.158285    0.154968    0.387835    0.076851    0.295781    0.458486    0.489220    2.026431    0.025935    0.003237    0.002009    9.919736    8.793503    0.259388    1.779431    2.307577    1.926822    0.770539    1.135741    1.808263
Iteration: 189 bestvalit: 179.710000 bestmemit:    0.005699    0.013422    0.081760    0.495767    0.158285    0.154968    0.387835    0.076851    0.295781    0.458486    0.489220    2.026431    0.025935    0.003237    0.002009    9.919736    8.793503    0.259388    1.779431    2.307577    1.926822    0.770539    1.135741    1.808263
Iteration: 190 bestvalit: 179.710000 bestmemit:    0.005699    0.013422    0.081760    0.495767    0.158285    0.154968    0.387835    0.076851    0.295781    0.458486    0.489220    2.026431    0.025935    0.003237    0.002009    9.919736    8.793503    0.259388    1.779431    2.307577    1.926822    0.770539    1.135741    1.808263
Iteration: 191 bestvalit: 179.710000 bestmemit:    0.005699    0.013422    0.081760    0.495767    0.158285    0.154968    0.387835    0.076851    0.295781    0.458486    0.489220    2.026431    0.025935    0.003237    0.002009    9.919736    8.793503    0.259388    1.779431    2.307577    1.926822    0.770539    1.135741    1.808263
Iteration: 192 bestvalit: 179.710000 bestmemit:    0.005699    0.013422    0.081760    0.495767    0.158285    0.154968    0.387835    0.076851    0.295781    0.458486    0.489220    2.026431    0.025935    0.003237    0.002009    9.919736    8.793503    0.259388    1.779431    2.307577    1.926822    0.770539    1.135741    1.808263
Iteration: 193 bestvalit: 179.710000 bestmemit:    0.005699    0.013422    0.081760    0.495767    0.158285    0.154968    0.387835    0.076851    0.295781    0.458486    0.489220    2.026431    0.025935    0.003237    0.002009    9.919736    8.793503    0.259388    1.779431    2.307577    1.926822    0.770539    1.135741    1.808263
Iteration: 194 bestvalit: 179.660000 bestmemit:    0.005699    0.013422    0.081760    0.495767    0.158285    0.154968    0.387835    0.076851    0.295781    0.458486    0.489220    2.026431    0.025935    0.003237    0.002009    9.919736    7.441245    0.259388    1.779431    2.307577    1.926822    0.770539    1.135741    1.808263
Iteration: 195 bestvalit: 179.660000 bestmemit:    0.005699    0.013422    0.081760    0.495767    0.158285    0.154968    0.387835    0.076851    0.295781    0.458486    0.489220    2.026431    0.025935    0.003237    0.002009    9.919736    7.441245    0.259388    1.779431    2.307577    1.926822    0.770539    1.135741    1.808263
Iteration: 196 bestvalit: 175.780000 bestmemit:    0.005699    0.013422    0.081760    0.495767    0.158285    0.154968    0.387835    0.076851    0.295781    0.458486    0.489220    2.026431    0.025935    0.003237    0.002009    9.919736    7.441245    0.259388    1.779431    2.307577    1.926822    0.770539    1.135741    1.884341
Iteration: 197 bestvalit: 175.780000 bestmemit:    0.005699    0.013422    0.081760    0.495767    0.158285    0.154968    0.387835    0.076851    0.295781    0.458486    0.489220    2.026431    0.025935    0.003237    0.002009    9.919736    7.441245    0.259388    1.779431    2.307577    1.926822    0.770539    1.135741    1.884341
Iteration: 198 bestvalit: 175.780000 bestmemit:    0.005699    0.013422    0.081760    0.495767    0.158285    0.154968    0.387835    0.076851    0.295781    0.458486    0.489220    2.026431    0.025935    0.003237    0.002009    9.919736    7.441245    0.259388    1.779431    2.307577    1.926822    0.770539    1.135741    1.884341
Iteration: 199 bestvalit: 175.780000 bestmemit:    0.005699    0.013422    0.081760    0.495767    0.158285    0.154968    0.387835    0.076851    0.295781    0.458486    0.489220    2.026431    0.025935    0.003237    0.002009    9.919736    7.441245    0.259388    1.779431    2.307577    1.926822    0.770539    1.135741    1.884341
Iteration: 200 bestvalit: 175.780000 bestmemit:    0.005699    0.013422    0.081760    0.495767    0.158285    0.154968    0.387835    0.076851    0.295781    0.458486    0.489220    2.026431    0.025935    0.003237    0.002009    9.919736    7.441245    0.259388    1.779431    2.307577    1.926822    0.770539    1.135741    1.884341
Iteration: 201 bestvalit: 175.780000 bestmemit:    0.005699    0.013422    0.081760    0.495767    0.158285    0.154968    0.387835    0.076851    0.295781    0.458486    0.489220    2.026431    0.025935    0.003237    0.002009    9.919736    7.441245    0.259388    1.779431    2.307577    1.926822    0.770539    1.135741    1.884341
Iteration: 202 bestvalit: 175.780000 bestmemit:    0.005699    0.013422    0.081760    0.495767    0.158285    0.154968    0.387835    0.076851    0.295781    0.458486    0.489220    2.026431    0.025935    0.003237    0.002009    9.919736    7.441245    0.259388    1.779431    2.307577    1.926822    0.770539    1.135741    1.884341
Iteration: 203 bestvalit: 175.780000 bestmemit:    0.005699    0.013422    0.081760    0.495767    0.158285    0.154968    0.387835    0.076851    0.295781    0.458486    0.489220    2.026431    0.025935    0.003237    0.002009    9.919736    7.441245    0.259388    1.779431    2.307577    1.926822    0.770539    1.135741    1.884341
Iteration: 204 bestvalit: 175.780000 bestmemit:    0.005699    0.013422    0.081760    0.495767    0.158285    0.154968    0.387835    0.076851    0.295781    0.458486    0.489220    2.026431    0.025935    0.003237    0.002009    9.919736    7.441245    0.259388    1.779431    2.307577    1.926822    0.770539    1.135741    1.884341
Iteration: 205 bestvalit: 175.780000 bestmemit:    0.005699    0.013422    0.081760    0.495767    0.158285    0.154968    0.387835    0.076851    0.295781    0.458486    0.489220    2.026431    0.025935    0.003237    0.002009    9.919736    7.441245    0.259388    1.779431    2.307577    1.926822    0.770539    1.135741    1.884341
Iteration: 206 bestvalit: 175.780000 bestmemit:    0.005699    0.013422    0.081760    0.495767    0.158285    0.154968    0.387835    0.076851    0.295781    0.458486    0.489220    2.026431    0.025935    0.003237    0.002009    9.919736    7.441245    0.259388    1.779431    2.307577    1.926822    0.770539    1.135741    1.884341
Iteration: 207 bestvalit: 175.780000 bestmemit:    0.005699    0.013422    0.081760    0.495767    0.158285    0.154968    0.387835    0.076851    0.295781    0.458486    0.489220    2.026431    0.025935    0.003237    0.002009    9.919736    7.441245    0.259388    1.779431    2.307577    1.926822    0.770539    1.135741    1.884341
Iteration: 208 bestvalit: 175.780000 bestmemit:    0.005699    0.013422    0.081760    0.495767    0.158285    0.154968    0.387835    0.076851    0.295781    0.458486    0.489220    2.026431    0.025935    0.003237    0.002009    9.919736    7.441245    0.259388    1.779431    2.307577    1.926822    0.770539    1.135741    1.884341
Iteration: 209 bestvalit: 175.780000 bestmemit:    0.005699    0.013422    0.081760    0.495767    0.158285    0.154968    0.387835    0.076851    0.295781    0.458486    0.489220    2.026431    0.025935    0.003237    0.002009    9.919736    7.441245    0.259388    1.779431    2.307577    1.926822    0.770539    1.135741    1.884341
Iteration: 210 bestvalit: 175.780000 bestmemit:    0.005699    0.013422    0.081760    0.495767    0.158285    0.154968    0.387835    0.076851    0.295781    0.458486    0.489220    2.026431    0.025935    0.003237    0.002009    9.919736    7.441245    0.259388    1.779431    2.307577    1.926822    0.770539    1.135741    1.884341
Iteration: 211 bestvalit: 173.690000 bestmemit:    0.005699    0.013422    0.081760    0.495767    0.158285    0.154968    0.387835    0.076851    0.295781    0.458486    0.489220    2.026431    0.025935    0.003237    0.002009    9.919736    7.441245    0.259388    1.779431    2.307577    1.926822    0.818477    1.141375    1.954776
Iteration: 212 bestvalit: 172.650000 bestmemit:    0.005699    0.013422    0.081760    0.495767    0.158285    0.154968    0.387835    0.076851    0.295781    0.671372    0.489220    2.026431    0.025935    0.003237    0.002009    9.919736    7.441245    0.259388    1.779431    2.307577    1.926822    0.818477    1.141375    1.954776
Iteration: 213 bestvalit: 172.650000 bestmemit:    0.005699    0.013422    0.081760    0.495767    0.158285    0.154968    0.387835    0.076851    0.295781    0.671372    0.489220    2.026431    0.025935    0.003237    0.002009    9.919736    7.441245    0.259388    1.779431    2.307577    1.926822    0.818477    1.141375    1.954776
Iteration: 214 bestvalit: 172.650000 bestmemit:    0.005699    0.013422    0.081760    0.495767    0.158285    0.154968    0.387835    0.076851    0.295781    0.671372    0.489220    2.026431    0.025935    0.003237    0.002009    9.919736    7.441245    0.259388    1.779431    2.307577    1.926822    0.818477    1.141375    1.954776
Iteration: 215 bestvalit: 172.650000 bestmemit:    0.005699    0.013422    0.081760    0.495767    0.158285    0.154968    0.387835    0.076851    0.295781    0.671372    0.489220    2.026431    0.025935    0.003237    0.002009    9.919736    7.441245    0.259388    1.779431    2.307577    1.926822    0.818477    1.141375    1.954776
Iteration: 216 bestvalit: 172.650000 bestmemit:    0.005699    0.013422    0.081760    0.495767    0.158285    0.154968    0.387835    0.076851    0.295781    0.671372    0.489220    2.026431    0.025935    0.003237    0.002009    9.919736    7.441245    0.259388    1.779431    2.307577    1.926822    0.818477    1.141375    1.954776
Iteration: 217 bestvalit: 172.650000 bestmemit:    0.005699    0.013422    0.081760    0.495767    0.158285    0.154968    0.387835    0.076851    0.295781    0.671372    0.489220    2.026431    0.025935    0.003237    0.002009    9.919736    7.441245    0.259388    1.779431    2.307577    1.926822    0.818477    1.141375    1.954776
Iteration: 218 bestvalit: 172.650000 bestmemit:    0.005699    0.013422    0.081760    0.495767    0.158285    0.154968    0.387835    0.076851    0.295781    0.671372    0.489220    2.026431    0.025935    0.003237    0.002009    9.919736    7.441245    0.259388    1.779431    2.307577    1.926822    0.818477    1.141375    1.954776
Iteration: 219 bestvalit: 172.650000 bestmemit:    0.005699    0.013422    0.081760    0.495767    0.158285    0.154968    0.387835    0.076851    0.295781    0.671372    0.489220    2.026431    0.025935    0.003237    0.002009    9.919736    7.441245    0.259388    1.779431    2.307577    1.926822    0.818477    1.141375    1.954776
Iteration: 220 bestvalit: 172.650000 bestmemit:    0.005699    0.013422    0.081760    0.495767    0.158285    0.154968    0.387835    0.076851    0.295781    0.671372    0.489220    2.026431    0.025935    0.003237    0.002009    9.919736    7.441245    0.259388    1.779431    2.307577    1.926822    0.818477    1.141375    1.954776
Iteration: 221 bestvalit: 172.650000 bestmemit:    0.005699    0.013422    0.081760    0.495767    0.158285    0.154968    0.387835    0.076851    0.295781    0.671372    0.489220    2.026431    0.025935    0.003237    0.002009    9.919736    7.441245    0.259388    1.779431    2.307577    1.926822    0.818477    1.141375    1.954776
Iteration: 222 bestvalit: 171.890000 bestmemit:    0.005699    0.013422    0.081760    0.495767    0.158285    0.154968    0.387835    0.076851    0.295781    0.644946    0.489220    2.026431    0.025935    0.003237    0.002009    9.919736    7.441245    0.259388    1.779431    2.307577    1.926822    0.818477    1.141375    1.954776
Iteration: 223 bestvalit: 170.815000 bestmemit:    0.005699    0.013422    0.081760    0.495767    0.158285    0.154968    0.387835    0.076851    0.295781    0.644946    0.489220    2.026431    0.025935    0.003237    0.002009    9.919736    6.463326    0.191203    1.779431    2.307577    1.926822    0.818477    1.141375    1.954776
Iteration: 224 bestvalit: 170.815000 bestmemit:    0.005699    0.013422    0.081760    0.495767    0.158285    0.154968    0.387835    0.076851    0.295781    0.644946    0.489220    2.026431    0.025935    0.003237    0.002009    9.919736    6.463326    0.191203    1.779431    2.307577    1.926822    0.818477    1.141375    1.954776
Iteration: 225 bestvalit: 170.815000 bestmemit:    0.005699    0.013422    0.081760    0.495767    0.158285    0.154968    0.387835    0.076851    0.295781    0.644946    0.489220    2.026431    0.025935    0.003237    0.002009    9.919736    6.463326    0.191203    1.779431    2.307577    1.926822    0.818477    1.141375    1.954776
Iteration: 226 bestvalit: 170.815000 bestmemit:    0.005699    0.013422    0.081760    0.495767    0.158285    0.154968    0.387835    0.076851    0.295781    0.644946    0.489220    2.026431    0.025935    0.003237    0.002009    9.919736    6.463326    0.191203    1.779431    2.307577    1.926822    0.818477    1.141375    1.954776
Iteration: 227 bestvalit: 170.815000 bestmemit:    0.005699    0.013422    0.081760    0.495767    0.158285    0.154968    0.387835    0.076851    0.295781    0.644946    0.489220    2.026431    0.025935    0.003237    0.002009    9.919736    6.463326    0.191203    1.779431    2.307577    1.926822    0.818477    1.141375    1.954776
Iteration: 228 bestvalit: 170.815000 bestmemit:    0.005699    0.013422    0.081760    0.495767    0.158285    0.154968    0.387835    0.076851    0.295781    0.644946    0.489220    2.026431    0.025935    0.003237    0.002009    9.919736    6.463326    0.191203    1.779431    2.307577    1.926822    0.818477    1.141375    1.954776
Iteration: 229 bestvalit: 170.815000 bestmemit:    0.005699    0.013422    0.081760    0.495767    0.158285    0.154968    0.387835    0.076851    0.295781    0.644946    0.489220    2.026431    0.025935    0.003237    0.002009    9.919736    6.463326    0.191203    1.779431    2.307577    1.926822    0.818477    1.141375    1.954776
Iteration: 230 bestvalit: 170.815000 bestmemit:    0.005699    0.013422    0.081760    0.495767    0.158285    0.154968    0.387835    0.076851    0.295781    0.644946    0.489220    2.026431    0.025935    0.003237    0.002009    9.919736    6.463326    0.191203    1.779431    2.307577    1.926822    0.818477    1.141375    1.954776
Iteration: 231 bestvalit: 170.815000 bestmemit:    0.005699    0.013422    0.081760    0.495767    0.158285    0.154968    0.387835    0.076851    0.295781    0.644946    0.489220    2.026431    0.025935    0.003237    0.002009    9.919736    6.463326    0.191203    1.779431    2.307577    1.926822    0.818477    1.141375    1.954776
Iteration: 232 bestvalit: 170.815000 bestmemit:    0.005699    0.013422    0.081760    0.495767    0.158285    0.154968    0.387835    0.076851    0.295781    0.644946    0.489220    2.026431    0.025935    0.003237    0.002009    9.919736    6.463326    0.191203    1.779431    2.307577    1.926822    0.818477    1.141375    1.954776
Iteration: 233 bestvalit: 170.060000 bestmemit:    0.005699    0.013422    0.081760    0.495767    0.158285    0.154968    0.387835    0.076851    0.295781    0.644946    0.489220    2.026431    0.025935    0.003237    0.002009    9.919736    6.463326    0.191203    1.779431    2.307577    1.926822    0.818477    1.141375    1.871176
Iteration: 234 bestvalit: 170.060000 bestmemit:    0.005699    0.013422    0.081760    0.495767    0.158285    0.154968    0.387835    0.076851    0.295781    0.644946    0.489220    2.026431    0.025935    0.003237    0.002009    9.919736    6.463326    0.191203    1.779431    2.307577    1.926822    0.818477    1.141375    1.871176
Iteration: 235 bestvalit: 170.060000 bestmemit:    0.005699    0.013422    0.081760    0.495767    0.158285    0.154968    0.387835    0.076851    0.295781    0.644946    0.489220    2.026431    0.025935    0.003237    0.002009    9.919736    6.463326    0.191203    1.779431    2.307577    1.926822    0.818477    1.141375    1.871176
Iteration: 236 bestvalit: 170.050000 bestmemit:    0.005699    0.013422    0.078987    0.495767    0.158285    0.154968    0.387835    0.076851    0.295781    0.644946    0.489220    2.026431    0.025935    0.003237    0.002009    9.919736    6.463326    0.191203    1.779431    2.307577    1.926822    0.818477    1.141375    1.871176
Iteration: 237 bestvalit: 170.050000 bestmemit:    0.005699    0.013422    0.078987    0.495767    0.158285    0.154968    0.387835    0.076851    0.295781    0.644946    0.489220    2.026431    0.025935    0.003237    0.002009    9.919736    6.463326    0.191203    1.779431    2.307577    1.926822    0.818477    1.141375    1.871176
Iteration: 238 bestvalit: 170.050000 bestmemit:    0.005699    0.013422    0.078987    0.495767    0.158285    0.154968    0.387835    0.076851    0.295781    0.644946    0.489220    2.026431    0.025935    0.003237    0.002009    9.919736    6.463326    0.191203    1.779431    2.307577    1.926822    0.818477    1.141375    1.871176
Iteration: 239 bestvalit: 169.495000 bestmemit:    0.005699    0.013422    0.078987    0.495767    0.158285    0.154968    0.387835    0.076851    0.295781    0.644946    0.548650    2.026431    0.025935    0.003237    0.002009    9.919736    6.463326    0.191203    1.779431    2.307577    1.926822    0.818477    1.141375    1.871176
Iteration: 240 bestvalit: 169.495000 bestmemit:    0.005699    0.013422    0.078987    0.495767    0.158285    0.154968    0.387835    0.076851    0.295781    0.644946    0.548650    2.026431    0.025935    0.003237    0.002009    9.919736    6.463326    0.191203    1.779431    2.307577    1.926822    0.818477    1.141375    1.871176
Iteration: 241 bestvalit: 169.495000 bestmemit:    0.005699    0.013422    0.078987    0.495767    0.158285    0.154968    0.387835    0.076851    0.295781    0.644946    0.548650    2.026431    0.025935    0.003237    0.002009    9.919736    6.463326    0.191203    1.779431    2.307577    1.926822    0.818477    1.141375    1.871176
Iteration: 242 bestvalit: 169.495000 bestmemit:    0.005699    0.013422    0.078987    0.495767    0.158285    0.154968    0.387835    0.076851    0.295781    0.644946    0.548650    2.026431    0.025935    0.003237    0.002009    9.919736    6.463326    0.191203    1.779431    2.307577    1.926822    0.818477    1.141375    1.871176
Iteration: 243 bestvalit: 169.495000 bestmemit:    0.005699    0.013422    0.078987    0.495767    0.158285    0.154968    0.387835    0.076851    0.295781    0.644946    0.548650    2.026431    0.025935    0.003237    0.002009    9.919736    6.463326    0.191203    1.779431    2.307577    1.926822    0.818477    1.141375    1.871176
Iteration: 244 bestvalit: 169.495000 bestmemit:    0.005699    0.013422    0.078987    0.495767    0.158285    0.154968    0.387835    0.076851    0.295781    0.644946    0.548650    2.026431    0.025935    0.003237    0.002009    9.919736    6.463326    0.191203    1.779431    2.307577    1.926822    0.818477    1.141375    1.871176
Iteration: 245 bestvalit: 163.125000 bestmemit:    0.005699    0.013422    0.078987    0.495767    0.158285    0.154968    0.387835    0.076851    0.295781    0.644946    0.548650    2.026431    0.025935    0.003237    0.002009    9.919736    6.463326    0.191203    1.779431    2.307577    1.926822    0.908903    1.152050    1.871176
Iteration: 246 bestvalit: 163.125000 bestmemit:    0.005699    0.013422    0.078987    0.495767    0.158285    0.154968    0.387835    0.076851    0.295781    0.644946    0.548650    2.026431    0.025935    0.003237    0.002009    9.919736    6.463326    0.191203    1.779431    2.307577    1.926822    0.908903    1.152050    1.871176
Iteration: 247 bestvalit: 163.125000 bestmemit:    0.005699    0.013422    0.078987    0.495767    0.158285    0.154968    0.387835    0.076851    0.295781    0.644946    0.548650    2.026431    0.025935    0.003237    0.002009    9.919736    6.463326    0.191203    1.779431    2.307577    1.926822    0.908903    1.152050    1.871176
Iteration: 248 bestvalit: 163.125000 bestmemit:    0.005699    0.013422    0.078987    0.495767    0.158285    0.154968    0.387835    0.076851    0.295781    0.644946    0.548650    2.026431    0.025935    0.003237    0.002009    9.919736    6.463326    0.191203    1.779431    2.307577    1.926822    0.908903    1.152050    1.871176
Iteration: 249 bestvalit: 161.110000 bestmemit:    0.005699    0.013422    0.078987    0.495767    0.158285    0.154968    0.387835    0.076851    0.295781    0.644946    0.548650    2.026431    0.025935    0.003237    0.002009    9.919736    6.463326    0.191203    1.779431    2.307577    1.926822    0.962657    1.152050    1.871176
Iteration: 250 bestvalit: 158.830000 bestmemit:    0.005699    0.013422    0.078987    0.495767    0.158285    0.154968    0.387835    0.076851    0.295781    0.644946    0.548650    2.026431    0.025935    0.003237    0.002009    9.919736    7.779318    0.136201    1.802364    2.307577    1.926822    0.962657    1.152050    1.871176
Iteration: 251 bestvalit: 158.830000 bestmemit:    0.005699    0.013422    0.078987    0.495767    0.158285    0.154968    0.387835    0.076851    0.295781    0.644946    0.548650    2.026431    0.025935    0.003237    0.002009    9.919736    7.779318    0.136201    1.802364    2.307577    1.926822    0.962657    1.152050    1.871176
Iteration: 252 bestvalit: 158.830000 bestmemit:    0.005699    0.013422    0.078987    0.495767    0.158285    0.154968    0.387835    0.076851    0.295781    0.644946    0.548650    2.026431    0.025935    0.003237    0.002009    9.919736    7.779318    0.136201    1.802364    2.307577    1.926822    0.962657    1.152050    1.871176
Iteration: 253 bestvalit: 158.830000 bestmemit:    0.005699    0.013422    0.078987    0.495767    0.158285    0.154968    0.387835    0.076851    0.295781    0.644946    0.548650    2.026431    0.025935    0.003237    0.002009    9.919736    7.779318    0.136201    1.802364    2.307577    1.926822    0.962657    1.152050    1.871176
Iteration: 254 bestvalit: 158.830000 bestmemit:    0.005699    0.013422    0.078987    0.495767    0.158285    0.154968    0.387835    0.076851    0.295781    0.644946    0.548650    2.026431    0.025935    0.003237    0.002009    9.919736    7.779318    0.136201    1.802364    2.307577    1.926822    0.962657    1.152050    1.871176
Iteration: 255 bestvalit: 158.830000 bestmemit:    0.005699    0.013422    0.078987    0.495767    0.158285    0.154968    0.387835    0.076851    0.295781    0.644946    0.548650    2.026431    0.025935    0.003237    0.002009    9.919736    7.779318    0.136201    1.802364    2.307577    1.926822    0.962657    1.152050    1.871176
Iteration: 256 bestvalit: 158.830000 bestmemit:    0.005699    0.013422    0.078987    0.495767    0.158285    0.154968    0.387835    0.076851    0.295781    0.644946    0.548650    2.026431    0.025935    0.003237    0.002009    9.919736    7.779318    0.136201    1.802364    2.307577    1.926822    0.962657    1.152050    1.871176
Iteration: 257 bestvalit: 158.830000 bestmemit:    0.005699    0.013422    0.078987    0.495767    0.158285    0.154968    0.387835    0.076851    0.295781    0.644946    0.548650    2.026431    0.025935    0.003237    0.002009    9.919736    7.779318    0.136201    1.802364    2.307577    1.926822    0.962657    1.152050    1.871176
Iteration: 258 bestvalit: 158.830000 bestmemit:    0.005699    0.013422    0.078987    0.495767    0.158285    0.154968    0.387835    0.076851    0.295781    0.644946    0.548650    2.026431    0.025935    0.003237    0.002009    9.919736    7.779318    0.136201    1.802364    2.307577    1.926822    0.962657    1.152050    1.871176
Iteration: 259 bestvalit: 158.830000 bestmemit:    0.005699    0.013422    0.078987    0.495767    0.158285    0.154968    0.387835    0.076851    0.295781    0.644946    0.548650    2.026431    0.025935    0.003237    0.002009    9.919736    7.779318    0.136201    1.802364    2.307577    1.926822    0.962657    1.152050    1.871176
Iteration: 260 bestvalit: 158.830000 bestmemit:    0.005699    0.013422    0.078987    0.495767    0.158285    0.154968    0.387835    0.076851    0.295781    0.644946    0.548650    2.026431    0.025935    0.003237    0.002009    9.919736    7.779318    0.136201    1.802364    2.307577    1.926822    0.962657    1.152050    1.871176
Iteration: 261 bestvalit: 158.730000 bestmemit:    0.005699    0.013422    0.078987    0.495767    0.158285    0.154968    0.387835    0.076851    0.295781    0.644946    0.548650    2.026431    0.025935    0.003237    0.002009    9.919736    7.779318    0.136201    1.802364    2.307577    1.926822    0.962657    1.148191    1.871176
Iteration: 262 bestvalit: 158.730000 bestmemit:    0.005699    0.013422    0.078987    0.495767    0.158285    0.154968    0.387835    0.076851    0.295781    0.644946    0.548650    2.026431    0.025935    0.003237    0.002009    9.919736    7.779318    0.136201    1.802364    2.307577    1.926822    0.962657    1.148191    1.871176
Iteration: 263 bestvalit: 158.730000 bestmemit:    0.005699    0.013422    0.078987    0.495767    0.158285    0.154968    0.387835    0.076851    0.295781    0.644946    0.548650    2.026431    0.025935    0.003237    0.002009    9.919736    7.779318    0.136201    1.802364    2.307577    1.926822    0.962657    1.148191    1.871176
Iteration: 264 bestvalit: 158.730000 bestmemit:    0.005699    0.013422    0.078987    0.495767    0.158285    0.154968    0.387835    0.076851    0.295781    0.644946    0.548650    2.026431    0.025935    0.003237    0.002009    9.919736    7.779318    0.136201    1.802364    2.307577    1.926822    0.962657    1.148191    1.871176
Iteration: 265 bestvalit: 158.730000 bestmemit:    0.005699    0.013422    0.078987    0.495767    0.158285    0.154968    0.387835    0.076851    0.295781    0.644946    0.548650    2.026431    0.025935    0.003237    0.002009    9.919736    7.779318    0.136201    1.802364    2.307577    1.926822    0.962657    1.148191    1.871176
Iteration: 266 bestvalit: 158.730000 bestmemit:    0.005699    0.013422    0.078987    0.495767    0.158285    0.154968    0.387835    0.076851    0.295781    0.644946    0.548650    2.026431    0.025935    0.003237    0.002009    9.919736    7.779318    0.136201    1.802364    2.307577    1.926822    0.962657    1.148191    1.871176
Iteration: 267 bestvalit: 158.730000 bestmemit:    0.005699    0.013422    0.078987    0.495767    0.158285    0.154968    0.387835    0.076851    0.295781    0.644946    0.548650    2.026431    0.025935    0.003237    0.002009    9.919736    7.779318    0.136201    1.802364    2.307577    1.926822    0.962657    1.148191    1.871176
Iteration: 268 bestvalit: 158.730000 bestmemit:    0.005699    0.013422    0.078987    0.495767    0.158285    0.154968    0.387835    0.076851    0.295781    0.644946    0.548650    2.026431    0.025935    0.003237    0.002009    9.919736    7.779318    0.136201    1.802364    2.307577    1.926822    0.962657    1.148191    1.871176
Iteration: 269 bestvalit: 158.730000 bestmemit:    0.005699    0.013422    0.078987    0.495767    0.158285    0.154968    0.387835    0.076851    0.295781    0.644946    0.548650    2.026431    0.025935    0.003237    0.002009    9.919736    7.779318    0.136201    1.802364    2.307577    1.926822    0.962657    1.148191    1.871176
Iteration: 270 bestvalit: 158.730000 bestmemit:    0.005699    0.013422    0.078987    0.495767    0.158285    0.154968    0.387835    0.076851    0.295781    0.644946    0.548650    2.026431    0.025935    0.003237    0.002009    9.919736    7.779318    0.136201    1.802364    2.307577    1.926822    0.962657    1.148191    1.871176
Iteration: 271 bestvalit: 158.730000 bestmemit:    0.005699    0.013422    0.078987    0.495767    0.158285    0.154968    0.387835    0.076851    0.295781    0.644946    0.548650    2.026431    0.025935    0.003237    0.002009    9.919736    7.779318    0.136201    1.802364    2.307577    1.926822    0.962657    1.148191    1.871176
Iteration: 272 bestvalit: 158.730000 bestmemit:    0.005699    0.013422    0.078987    0.495767    0.158285    0.154968    0.387835    0.076851    0.295781    0.644946    0.548650    2.026431    0.025935    0.003237    0.002009    9.919736    7.779318    0.136201    1.802364    2.307577    1.926822    0.962657    1.148191    1.871176
Iteration: 273 bestvalit: 158.540000 bestmemit:    0.005699    0.013422    0.078987    0.495767    0.158285    0.154968    0.387835    0.076851    0.295781    0.644946    0.548650    2.026431    0.025935    0.003237    0.002009    9.919736    7.530555    0.136201    1.802364    2.307577    1.926822    0.962657    1.148191    1.871176
Iteration: 274 bestvalit: 158.540000 bestmemit:    0.005699    0.013422    0.078987    0.495767    0.158285    0.154968    0.387835    0.076851    0.295781    0.644946    0.548650    2.026431    0.025935    0.003237    0.002009    9.919736    7.530555    0.136201    1.802364    2.307577    1.926822    0.962657    1.148191    1.871176
Iteration: 275 bestvalit: 158.540000 bestmemit:    0.005699    0.013422    0.078987    0.495767    0.158285    0.154968    0.387835    0.076851    0.295781    0.644946    0.548650    2.026431    0.025935    0.003237    0.002009    9.919736    7.530555    0.136201    1.802364    2.307577    1.926822    0.962657    1.148191    1.871176
Iteration: 276 bestvalit: 158.540000 bestmemit:    0.005699    0.013422    0.078987    0.495767    0.158285    0.154968    0.387835    0.076851    0.295781    0.644946    0.548650    2.026431    0.025935    0.003237    0.002009    9.919736    7.530555    0.136201    1.802364    2.307577    1.926822    0.962657    1.148191    1.871176
Iteration: 277 bestvalit: 158.540000 bestmemit:    0.005699    0.013422    0.078987    0.495767    0.158285    0.154968    0.387835    0.076851    0.295781    0.644946    0.548650    2.026431    0.025935    0.003237    0.002009    9.919736    7.530555    0.136201    1.802364    2.307577    1.926822    0.962657    1.148191    1.871176
Iteration: 278 bestvalit: 158.540000 bestmemit:    0.005699    0.013422    0.078987    0.495767    0.158285    0.154968    0.387835    0.076851    0.295781    0.644946    0.548650    2.026431    0.025935    0.003237    0.002009    9.919736    7.530555    0.136201    1.802364    2.307577    1.926822    0.962657    1.148191    1.871176
Iteration: 279 bestvalit: 158.540000 bestmemit:    0.005699    0.013422    0.078987    0.495767    0.158285    0.154968    0.387835    0.076851    0.295781    0.644946    0.548650    2.026431    0.025935    0.003237    0.002009    9.919736    7.530555    0.136201    1.802364    2.307577    1.926822    0.962657    1.148191    1.871176
Iteration: 280 bestvalit: 158.540000 bestmemit:    0.005699    0.013422    0.078987    0.495767    0.158285    0.154968    0.387835    0.076851    0.295781    0.644946    0.548650    2.026431    0.025935    0.003237    0.002009    9.919736    7.530555    0.136201    1.802364    2.307577    1.926822    0.962657    1.148191    1.871176
Iteration: 281 bestvalit: 158.540000 bestmemit:    0.005699    0.013422    0.078987    0.495767    0.158285    0.154968    0.387835    0.076851    0.295781    0.644946    0.548650    2.026431    0.025935    0.003237    0.002009    9.919736    7.530555    0.136201    1.802364    2.307577    1.926822    0.962657    1.148191    1.871176
Iteration: 282 bestvalit: 158.540000 bestmemit:    0.005699    0.013422    0.078987    0.495767    0.158285    0.154968    0.387835    0.076851    0.295781    0.644946    0.548650    2.026431    0.025935    0.003237    0.002009    9.919736    7.530555    0.136201    1.802364    2.307577    1.926822    0.962657    1.148191    1.871176
Iteration: 283 bestvalit: 158.540000 bestmemit:    0.005699    0.013422    0.078987    0.495767    0.158285    0.154968    0.387835    0.076851    0.295781    0.644946    0.548650    2.026431    0.025935    0.003237    0.002009    9.919736    7.530555    0.136201    1.802364    2.307577    1.926822    0.962657    1.148191    1.871176
Iteration: 284 bestvalit: 158.540000 bestmemit:    0.005699    0.013422    0.078987    0.495767    0.158285    0.154968    0.387835    0.076851    0.295781    0.644946    0.548650    2.026431    0.025935    0.003237    0.002009    9.919736    7.530555    0.136201    1.802364    2.307577    1.926822    0.962657    1.148191    1.871176
Iteration: 285 bestvalit: 158.540000 bestmemit:    0.005699    0.013422    0.078987    0.495767    0.158285    0.154968    0.387835    0.076851    0.295781    0.644946    0.548650    2.026431    0.025935    0.003237    0.002009    9.919736    7.530555    0.136201    1.802364    2.307577    1.926822    0.962657    1.148191    1.871176
Iteration: 286 bestvalit: 158.540000 bestmemit:    0.005699    0.013422    0.078987    0.495767    0.158285    0.154968    0.387835    0.076851    0.295781    0.644946    0.548650    2.026431    0.025935    0.003237    0.002009    9.919736    7.530555    0.136201    1.802364    2.307577    1.926822    0.962657    1.148191    1.871176
Iteration: 287 bestvalit: 158.540000 bestmemit:    0.005699    0.013422    0.078987    0.495767    0.158285    0.154968    0.387835    0.076851    0.295781    0.644946    0.548650    2.026431    0.025935    0.003237    0.002009    9.919736    7.530555    0.136201    1.802364    2.307577    1.926822    0.962657    1.148191    1.871176
Iteration: 288 bestvalit: 158.540000 bestmemit:    0.005699    0.013422    0.078987    0.495767    0.158285    0.154968    0.387835    0.076851    0.295781    0.644946    0.548650    2.026431    0.025935    0.003237    0.002009    9.919736    7.530555    0.136201    1.802364    2.307577    1.926822    0.962657    1.148191    1.871176
Iteration: 289 bestvalit: 158.540000 bestmemit:    0.005699    0.013422    0.078987    0.495767    0.158285    0.154968    0.387835    0.076851    0.295781    0.644946    0.548650    2.026431    0.025935    0.003237    0.002009    9.919736    7.530555    0.136201    1.802364    2.307577    1.926822    0.962657    1.148191    1.871176
Iteration: 290 bestvalit: 158.540000 bestmemit:    0.005699    0.013422    0.078987    0.495767    0.158285    0.154968    0.387835    0.076851    0.295781    0.644946    0.548650    2.026431    0.025935    0.003237    0.002009    9.919736    7.530555    0.136201    1.802364    2.307577    1.926822    0.962657    1.148191    1.871176
Iteration: 291 bestvalit: 158.540000 bestmemit:    0.005699    0.013422    0.078987    0.495767    0.158285    0.154968    0.387835    0.076851    0.295781    0.644946    0.548650    2.026431    0.025935    0.003237    0.002009    9.919736    7.530555    0.136201    1.802364    2.307577    1.926822    0.962657    1.148191    1.871176
Iteration: 292 bestvalit: 158.540000 bestmemit:    0.005699    0.013422    0.078987    0.495767    0.158285    0.154968    0.387835    0.076851    0.295781    0.644946    0.548650    2.026431    0.025935    0.003237    0.002009    9.919736    7.530555    0.136201    1.802364    2.307577    1.926822    0.962657    1.148191    1.871176
Iteration: 293 bestvalit: 158.540000 bestmemit:    0.005699    0.013422    0.078987    0.495767    0.158285    0.154968    0.387835    0.076851    0.295781    0.644946    0.548650    2.026431    0.025935    0.003237    0.002009    9.919736    7.530555    0.136201    1.802364    2.307577    1.926822    0.962657    1.148191    1.871176
Iteration: 294 bestvalit: 158.540000 bestmemit:    0.005699    0.013422    0.078987    0.495767    0.158285    0.154968    0.387835    0.076851    0.295781    0.644946    0.548650    2.026431    0.025935    0.003237    0.002009    9.919736    7.530555    0.136201    1.802364    2.307577    1.926822    0.962657    1.148191    1.871176
Iteration: 295 bestvalit: 158.540000 bestmemit:    0.005699    0.013422    0.078987    0.495767    0.158285    0.154968    0.387835    0.076851    0.295781    0.644946    0.548650    2.026431    0.025935    0.003237    0.002009    9.919736    7.530555    0.136201    1.802364    2.307577    1.926822    0.962657    1.148191    1.871176
Iteration: 296 bestvalit: 158.540000 bestmemit:    0.005699    0.013422    0.078987    0.495767    0.158285    0.154968    0.387835    0.076851    0.295781    0.644946    0.548650    2.026431    0.025935    0.003237    0.002009    9.919736    7.530555    0.136201    1.802364    2.307577    1.926822    0.962657    1.148191    1.871176
Iteration: 297 bestvalit: 158.540000 bestmemit:    0.005699    0.013422    0.078987    0.495767    0.158285    0.154968    0.387835    0.076851    0.295781    0.644946    0.548650    2.026431    0.025935    0.003237    0.002009    9.919736    7.530555    0.136201    1.802364    2.307577    1.926822    0.962657    1.148191    1.871176
Iteration: 298 bestvalit: 157.400000 bestmemit:    0.005699    0.013422    0.078987    0.495767    0.158285    0.154968    0.387835    0.076851    0.295781    0.644946    0.548650    2.026431    0.025935    0.003237    0.002009    9.919736    7.530555    0.136201    1.802364    2.085811    2.485136    0.962657    1.148191    1.871176
Iteration: 299 bestvalit: 157.400000 bestmemit:    0.005699    0.013422    0.078987    0.495767    0.158285    0.154968    0.387835    0.076851    0.295781    0.644946    0.548650    2.026431    0.025935    0.003237    0.002009    9.919736    7.530555    0.136201    1.802364    2.085811    2.485136    0.962657    1.148191    1.871176
Iteration: 300 bestvalit: 157.400000 bestmemit:    0.005699    0.013422    0.078987    0.495767    0.158285    0.154968    0.387835    0.076851    0.295781    0.644946    0.548650    2.026431    0.025935    0.003237    0.002009    9.919736    7.530555    0.136201    1.802364    2.085811    2.485136    0.962657    1.148191    1.871176
Iteration: 301 bestvalit: 157.400000 bestmemit:    0.005699    0.013422    0.078987    0.495767    0.158285    0.154968    0.387835    0.076851    0.295781    0.644946    0.548650    2.026431    0.025935    0.003237    0.002009    9.919736    7.530555    0.136201    1.802364    2.085811    2.485136    0.962657    1.148191    1.871176
Iteration: 302 bestvalit: 157.400000 bestmemit:    0.005699    0.013422    0.078987    0.495767    0.158285    0.154968    0.387835    0.076851    0.295781    0.644946    0.548650    2.026431    0.025935    0.003237    0.002009    9.919736    7.530555    0.136201    1.802364    2.085811    2.485136    0.962657    1.148191    1.871176
Iteration: 303 bestvalit: 157.400000 bestmemit:    0.005699    0.013422    0.078987    0.495767    0.158285    0.154968    0.387835    0.076851    0.295781    0.644946    0.548650    2.026431    0.025935    0.003237    0.002009    9.919736    7.530555    0.136201    1.802364    2.085811    2.485136    0.962657    1.148191    1.871176
Iteration: 304 bestvalit: 157.400000 bestmemit:    0.005699    0.013422    0.078987    0.495767    0.158285    0.154968    0.387835    0.076851    0.295781    0.644946    0.548650    2.026431    0.025935    0.003237    0.002009    9.919736    7.530555    0.136201    1.802364    2.085811    2.485136    0.962657    1.148191    1.871176
Iteration: 305 bestvalit: 157.400000 bestmemit:    0.005699    0.013422    0.078987    0.495767    0.158285    0.154968    0.387835    0.076851    0.295781    0.644946    0.548650    2.026431    0.025935    0.003237    0.002009    9.919736    7.530555    0.136201    1.802364    2.085811    2.485136    0.962657    1.148191    1.871176
Iteration: 306 bestvalit: 157.400000 bestmemit:    0.005699    0.013422    0.078987    0.495767    0.158285    0.154968    0.387835    0.076851    0.295781    0.644946    0.548650    2.026431    0.025935    0.003237    0.002009    9.919736    7.530555    0.136201    1.802364    2.085811    2.485136    0.962657    1.148191    1.871176
Iteration: 307 bestvalit: 157.400000 bestmemit:    0.005699    0.013422    0.078987    0.495767    0.158285    0.154968    0.387835    0.076851    0.295781    0.644946    0.548650    2.026431    0.025935    0.003237    0.002009    9.919736    7.530555    0.136201    1.802364    2.085811    2.485136    0.962657    1.148191    1.871176
Iteration: 308 bestvalit: 157.400000 bestmemit:    0.005699    0.013422    0.078987    0.495767    0.158285    0.154968    0.387835    0.076851    0.295781    0.644946    0.548650    2.026431    0.025935    0.003237    0.002009    9.919736    7.530555    0.136201    1.802364    2.085811    2.485136    0.962657    1.148191    1.871176
Iteration: 309 bestvalit: 157.400000 bestmemit:    0.005699    0.013422    0.078987    0.495767    0.158285    0.154968    0.387835    0.076851    0.295781    0.644946    0.548650    2.026431    0.025935    0.003237    0.002009    9.919736    7.530555    0.136201    1.802364    2.085811    2.485136    0.962657    1.148191    1.871176
Iteration: 310 bestvalit: 157.400000 bestmemit:    0.005699    0.013422    0.078987    0.495767    0.158285    0.154968    0.387835    0.076851    0.295781    0.644946    0.548650    2.026431    0.025935    0.003237    0.002009    9.919736    7.530555    0.136201    1.802364    2.085811    2.485136    0.962657    1.148191    1.871176
Iteration: 311 bestvalit: 157.400000 bestmemit:    0.005699    0.013422    0.078987    0.495767    0.158285    0.154968    0.387835    0.076851    0.295781    0.644946    0.548650    2.026431    0.025935    0.003237    0.002009    9.919736    7.530555    0.136201    1.802364    2.085811    2.485136    0.962657    1.148191    1.871176
Iteration: 312 bestvalit: 157.400000 bestmemit:    0.005699    0.013422    0.078987    0.495767    0.158285    0.154968    0.387835    0.076851    0.295781    0.644946    0.548650    2.026431    0.025935    0.003237    0.002009    9.919736    7.530555    0.136201    1.802364    2.085811    2.485136    0.962657    1.148191    1.871176
Iteration: 313 bestvalit: 157.400000 bestmemit:    0.005699    0.013422    0.078987    0.495767    0.158285    0.154968    0.387835    0.076851    0.295781    0.644946    0.548650    2.026431    0.025935    0.003237    0.002009    9.919736    7.530555    0.136201    1.802364    2.085811    2.485136    0.962657    1.148191    1.871176
Iteration: 314 bestvalit: 157.400000 bestmemit:    0.005699    0.013422    0.078987    0.495767    0.158285    0.154968    0.387835    0.076851    0.295781    0.644946    0.548650    2.026431    0.025935    0.003237    0.002009    9.919736    7.530555    0.136201    1.802364    2.085811    2.485136    0.962657    1.148191    1.871176
Iteration: 315 bestvalit: 157.400000 bestmemit:    0.005699    0.013422    0.078987    0.495767    0.158285    0.154968    0.387835    0.076851    0.295781    0.644946    0.548650    2.026431    0.025935    0.003237    0.002009    9.919736    7.530555    0.136201    1.802364    2.085811    2.485136    0.962657    1.148191    1.871176
Iteration: 316 bestvalit: 157.400000 bestmemit:    0.005699    0.013422    0.078987    0.495767    0.158285    0.154968    0.387835    0.076851    0.295781    0.644946    0.548650    2.026431    0.025935    0.003237    0.002009    9.919736    7.530555    0.136201    1.802364    2.085811    2.485136    0.962657    1.148191    1.871176
Iteration: 317 bestvalit: 157.400000 bestmemit:    0.005699    0.013422    0.078987    0.495767    0.158285    0.154968    0.387835    0.076851    0.295781    0.644946    0.548650    2.026431    0.025935    0.003237    0.002009    9.919736    7.530555    0.136201    1.802364    2.085811    2.485136    0.962657    1.148191    1.871176
Iteration: 318 bestvalit: 157.400000 bestmemit:    0.005699    0.013422    0.078987    0.495767    0.158285    0.154968    0.387835    0.076851    0.295781    0.644946    0.548650    2.026431    0.025935    0.003237    0.002009    9.919736    7.530555    0.136201    1.802364    2.085811    2.485136    0.962657    1.148191    1.871176
Iteration: 319 bestvalit: 157.400000 bestmemit:    0.005699    0.013422    0.078987    0.495767    0.158285    0.154968    0.387835    0.076851    0.295781    0.644946    0.548650    2.026431    0.025935    0.003237    0.002009    9.919736    7.530555    0.136201    1.802364    2.085811    2.485136    0.962657    1.148191    1.871176
Iteration: 320 bestvalit: 157.400000 bestmemit:    0.005699    0.013422    0.078987    0.495767    0.158285    0.154968    0.387835    0.076851    0.295781    0.644946    0.548650    2.026431    0.025935    0.003237    0.002009    9.919736    7.530555    0.136201    1.802364    2.085811    2.485136    0.962657    1.148191    1.871176
Iteration: 321 bestvalit: 157.400000 bestmemit:    0.005699    0.013422    0.078987    0.495767    0.158285    0.154968    0.387835    0.076851    0.295781    0.644946    0.548650    2.026431    0.025935    0.003237    0.002009    9.919736    7.530555    0.136201    1.802364    2.085811    2.485136    0.962657    1.148191    1.871176
Iteration: 322 bestvalit: 157.400000 bestmemit:    0.005699    0.013422    0.078987    0.495767    0.158285    0.154968    0.387835    0.076851    0.295781    0.644946    0.548650    2.026431    0.025935    0.003237    0.002009    9.919736    7.530555    0.136201    1.802364    2.085811    2.485136    0.962657    1.148191    1.871176
Iteration: 323 bestvalit: 157.400000 bestmemit:    0.005699    0.013422    0.078987    0.495767    0.158285    0.154968    0.387835    0.076851    0.295781    0.644946    0.548650    2.026431    0.025935    0.003237    0.002009    9.919736    7.530555    0.136201    1.802364    2.085811    2.485136    0.962657    1.148191    1.871176
Iteration: 324 bestvalit: 157.255000 bestmemit:    0.005699    0.013422    0.078987    0.495767    0.158285    0.154968    0.387835    0.076851    0.295781    0.644946    0.548650    2.026431    0.025935    0.003237    0.002009    9.919736    7.530555    0.136201    1.802364    2.085811    2.485136    0.962657    1.148191    1.875088
Iteration: 325 bestvalit: 157.255000 bestmemit:    0.005699    0.013422    0.078987    0.495767    0.158285    0.154968    0.387835    0.076851    0.295781    0.644946    0.548650    2.026431    0.025935    0.003237    0.002009    9.919736    7.530555    0.136201    1.802364    2.085811    2.485136    0.962657    1.148191    1.875088
Iteration: 326 bestvalit: 157.255000 bestmemit:    0.005699    0.013422    0.078987    0.495767    0.158285    0.154968    0.387835    0.076851    0.295781    0.644946    0.548650    2.026431    0.025935    0.003237    0.002009    9.919736    7.530555    0.136201    1.802364    2.085811    2.485136    0.962657    1.148191    1.875088
Iteration: 327 bestvalit: 157.255000 bestmemit:    0.005699    0.013422    0.078987    0.495767    0.158285    0.154968    0.387835    0.076851    0.295781    0.644946    0.548650    2.026431    0.025935    0.003237    0.002009    9.919736    7.530555    0.136201    1.802364    2.085811    2.485136    0.962657    1.148191    1.875088
Iteration: 328 bestvalit: 157.255000 bestmemit:    0.005699    0.013422    0.078987    0.495767    0.158285    0.154968    0.387835    0.076851    0.295781    0.644946    0.548650    2.026431    0.025935    0.003237    0.002009    9.919736    7.530555    0.136201    1.802364    2.085811    2.485136    0.962657    1.148191    1.875088
Iteration: 329 bestvalit: 157.255000 bestmemit:    0.005699    0.013422    0.078987    0.495767    0.158285    0.154968    0.387835    0.076851    0.295781    0.644946    0.548650    2.026431    0.025935    0.003237    0.002009    9.919736    7.530555    0.136201    1.802364    2.085811    2.485136    0.962657    1.148191    1.875088
Iteration: 330 bestvalit: 157.255000 bestmemit:    0.005699    0.013422    0.078987    0.495767    0.158285    0.154968    0.387835    0.076851    0.295781    0.644946    0.548650    2.026431    0.025935    0.003237    0.002009    9.919736    7.530555    0.136201    1.802364    2.085811    2.485136    0.962657    1.148191    1.875088
Iteration: 331 bestvalit: 157.255000 bestmemit:    0.005699    0.013422    0.078987    0.495767    0.158285    0.154968    0.387835    0.076851    0.295781    0.644946    0.548650    2.026431    0.025935    0.003237    0.002009    9.919736    7.530555    0.136201    1.802364    2.085811    2.485136    0.962657    1.148191    1.875088
Iteration: 332 bestvalit: 157.255000 bestmemit:    0.005699    0.013422    0.078987    0.495767    0.158285    0.154968    0.387835    0.076851    0.295781    0.644946    0.548650    2.026431    0.025935    0.003237    0.002009    9.919736    7.530555    0.136201    1.802364    2.085811    2.485136    0.962657    1.148191    1.875088
Iteration: 333 bestvalit: 157.255000 bestmemit:    0.005699    0.013422    0.078987    0.495767    0.158285    0.154968    0.387835    0.076851    0.295781    0.644946    0.548650    2.026431    0.025935    0.003237    0.002009    9.919736    7.530555    0.136201    1.802364    2.085811    2.485136    0.962657    1.148191    1.875088
Iteration: 334 bestvalit: 157.255000 bestmemit:    0.005699    0.013422    0.078987    0.495767    0.158285    0.154968    0.387835    0.076851    0.295781    0.644946    0.548650    2.026431    0.025935    0.003237    0.002009    9.919736    7.530555    0.136201    1.802364    2.085811    2.485136    0.962657    1.148191    1.875088
Iteration: 335 bestvalit: 157.255000 bestmemit:    0.005699    0.013422    0.078987    0.495767    0.158285    0.154968    0.387835    0.076851    0.295781    0.644946    0.548650    2.026431    0.025935    0.003237    0.002009    9.919736    7.530555    0.136201    1.802364    2.085811    2.485136    0.962657    1.148191    1.875088
Iteration: 336 bestvalit: 157.255000 bestmemit:    0.005699    0.013422    0.078987    0.495767    0.158285    0.154968    0.387835    0.076851    0.295781    0.644946    0.548650    2.026431    0.025935    0.003237    0.002009    9.919736    7.530555    0.136201    1.802364    2.085811    2.485136    0.962657    1.148191    1.875088
Iteration: 337 bestvalit: 157.255000 bestmemit:    0.005699    0.013422    0.078987    0.495767    0.158285    0.154968    0.387835    0.076851    0.295781    0.644946    0.548650    2.026431    0.025935    0.003237    0.002009    9.919736    7.530555    0.136201    1.802364    2.085811    2.485136    0.962657    1.148191    1.875088
Iteration: 338 bestvalit: 157.255000 bestmemit:    0.005699    0.013422    0.078987    0.495767    0.158285    0.154968    0.387835    0.076851    0.295781    0.644946    0.548650    2.026431    0.025935    0.003237    0.002009    9.919736    7.530555    0.136201    1.802364    2.085811    2.485136    0.962657    1.148191    1.875088
Iteration: 339 bestvalit: 157.255000 bestmemit:    0.005699    0.013422    0.078987    0.495767    0.158285    0.154968    0.387835    0.076851    0.295781    0.644946    0.548650    2.026431    0.025935    0.003237    0.002009    9.919736    7.530555    0.136201    1.802364    2.085811    2.485136    0.962657    1.148191    1.875088
Iteration: 340 bestvalit: 157.255000 bestmemit:    0.005699    0.013422    0.078987    0.495767    0.158285    0.154968    0.387835    0.076851    0.295781    0.644946    0.548650    2.026431    0.025935    0.003237    0.002009    9.919736    7.530555    0.136201    1.802364    2.085811    2.485136    0.962657    1.148191    1.875088
Iteration: 341 bestvalit: 157.255000 bestmemit:    0.005699    0.013422    0.078987    0.495767    0.158285    0.154968    0.387835    0.076851    0.295781    0.644946    0.548650    2.026431    0.025935    0.003237    0.002009    9.919736    7.530555    0.136201    1.802364    2.085811    2.485136    0.962657    1.148191    1.875088
Iteration: 342 bestvalit: 157.255000 bestmemit:    0.005699    0.013422    0.078987    0.495767    0.158285    0.154968    0.387835    0.076851    0.295781    0.644946    0.548650    2.026431    0.025935    0.003237    0.002009    9.919736    7.530555    0.136201    1.802364    2.085811    2.485136    0.962657    1.148191    1.875088
Iteration: 343 bestvalit: 157.255000 bestmemit:    0.005699    0.013422    0.078987    0.495767    0.158285    0.154968    0.387835    0.076851    0.295781    0.644946    0.548650    2.026431    0.025935    0.003237    0.002009    9.919736    7.530555    0.136201    1.802364    2.085811    2.485136    0.962657    1.148191    1.875088
Iteration: 344 bestvalit: 157.255000 bestmemit:    0.005699    0.013422    0.078987    0.495767    0.158285    0.154968    0.387835    0.076851    0.295781    0.644946    0.548650    2.026431    0.025935    0.003237    0.002009    9.919736    7.530555    0.136201    1.802364    2.085811    2.485136    0.962657    1.148191    1.875088
Iteration: 345 bestvalit: 156.855000 bestmemit:    0.005699    0.013422    0.078987    0.495767    0.158285    0.154968    0.387835    0.076851    0.295781    0.644946    0.548650    2.026431    0.025935    0.003237    0.002009    9.919736    7.530555    0.136201    1.802364    2.085811    2.485136    0.962657    1.148191    1.918148
Iteration: 346 bestvalit: 156.855000 bestmemit:    0.005699    0.013422    0.078987    0.495767    0.158285    0.154968    0.387835    0.076851    0.295781    0.644946    0.548650    2.026431    0.025935    0.003237    0.002009    9.919736    7.530555    0.136201    1.802364    2.085811    2.485136    0.962657    1.148191    1.918148
Iteration: 347 bestvalit: 156.855000 bestmemit:    0.005699    0.013422    0.078987    0.495767    0.158285    0.154968    0.387835    0.076851    0.295781    0.644946    0.548650    2.026431    0.025935    0.003237    0.002009    9.919736    7.530555    0.136201    1.802364    2.085811    2.485136    0.962657    1.148191    1.918148
Iteration: 348 bestvalit: 156.855000 bestmemit:    0.005699    0.013422    0.078987    0.495767    0.158285    0.154968    0.387835    0.076851    0.295781    0.644946    0.548650    2.026431    0.025935    0.003237    0.002009    9.919736    7.530555    0.136201    1.802364    2.085811    2.485136    0.962657    1.148191    1.918148
Iteration: 349 bestvalit: 156.855000 bestmemit:    0.005699    0.013422    0.078987    0.495767    0.158285    0.154968    0.387835    0.076851    0.295781    0.644946    0.548650    2.026431    0.025935    0.003237    0.002009    9.919736    7.530555    0.136201    1.802364    2.085811    2.485136    0.962657    1.148191    1.918148
Iteration: 350 bestvalit: 156.855000 bestmemit:    0.005699    0.013422    0.078987    0.495767    0.158285    0.154968    0.387835    0.076851    0.295781    0.644946    0.548650    2.026431    0.025935    0.003237    0.002009    9.919736    7.530555    0.136201    1.802364    2.085811    2.485136    0.962657    1.148191    1.918148
Iteration: 351 bestvalit: 156.855000 bestmemit:    0.005699    0.013422    0.078987    0.495767    0.158285    0.154968    0.387835    0.076851    0.295781    0.644946    0.548650    2.026431    0.025935    0.003237    0.002009    9.919736    7.530555    0.136201    1.802364    2.085811    2.485136    0.962657    1.148191    1.918148
Iteration: 352 bestvalit: 156.855000 bestmemit:    0.005699    0.013422    0.078987    0.495767    0.158285    0.154968    0.387835    0.076851    0.295781    0.644946    0.548650    2.026431    0.025935    0.003237    0.002009    9.919736    7.530555    0.136201    1.802364    2.085811    2.485136    0.962657    1.148191    1.918148
Iteration: 353 bestvalit: 155.635000 bestmemit:    0.005699    0.013422    0.078987    0.495767    0.158285    0.154968    0.387835    0.076851    0.295781    0.644946    0.548650    2.026431    0.025935    0.003237    0.002009    9.919736    7.530555    0.030780    1.802364    2.085811    2.485136    0.962657    1.148191    1.918148
Iteration: 354 bestvalit: 155.635000 bestmemit:    0.005699    0.013422    0.078987    0.495767    0.158285    0.154968    0.387835    0.076851    0.295781    0.644946    0.548650    2.026431    0.025935    0.003237    0.002009    9.919736    7.530555    0.030780    1.802364    2.085811    2.485136    0.962657    1.148191    1.918148
Iteration: 355 bestvalit: 155.635000 bestmemit:    0.005699    0.013422    0.078987    0.495767    0.158285    0.154968    0.387835    0.076851    0.295781    0.644946    0.548650    2.026431    0.025935    0.003237    0.002009    9.919736    7.530555    0.030780    1.802364    2.085811    2.485136    0.962657    1.148191    1.918148
Iteration: 356 bestvalit: 155.635000 bestmemit:    0.005699    0.013422    0.078987    0.495767    0.158285    0.154968    0.387835    0.076851    0.295781    0.644946    0.548650    2.026431    0.025935    0.003237    0.002009    9.919736    7.530555    0.030780    1.802364    2.085811    2.485136    0.962657    1.148191    1.918148
Iteration: 357 bestvalit: 155.635000 bestmemit:    0.005699    0.013422    0.078987    0.495767    0.158285    0.154968    0.387835    0.076851    0.295781    0.644946    0.548650    2.026431    0.025935    0.003237    0.002009    9.919736    7.530555    0.030780    1.802364    2.085811    2.485136    0.962657    1.148191    1.918148
Iteration: 358 bestvalit: 155.635000 bestmemit:    0.005699    0.013422    0.078987    0.495767    0.158285    0.154968    0.387835    0.076851    0.295781    0.644946    0.548650    2.026431    0.025935    0.003237    0.002009    9.919736    7.530555    0.030780    1.802364    2.085811    2.485136    0.962657    1.148191    1.918148
Iteration: 359 bestvalit: 155.635000 bestmemit:    0.005699    0.013422    0.078987    0.495767    0.158285    0.154968    0.387835    0.076851    0.295781    0.644946    0.548650    2.026431    0.025935    0.003237    0.002009    9.919736    7.530555    0.030780    1.802364    2.085811    2.485136    0.962657    1.148191    1.918148
Iteration: 360 bestvalit: 155.635000 bestmemit:    0.005699    0.013422    0.078987    0.495767    0.158285    0.154968    0.387835    0.076851    0.295781    0.644946    0.548650    2.026431    0.025935    0.003237    0.002009    9.919736    7.530555    0.030780    1.802364    2.085811    2.485136    0.962657    1.148191    1.918148
Iteration: 361 bestvalit: 155.635000 bestmemit:    0.005699    0.013422    0.078987    0.495767    0.158285    0.154968    0.387835    0.076851    0.295781    0.644946    0.548650    2.026431    0.025935    0.003237    0.002009    9.919736    7.530555    0.030780    1.802364    2.085811    2.485136    0.962657    1.148191    1.918148
Iteration: 362 bestvalit: 155.635000 bestmemit:    0.005699    0.013422    0.078987    0.495767    0.158285    0.154968    0.387835    0.076851    0.295781    0.644946    0.548650    2.026431    0.025935    0.003237    0.002009    9.919736    7.530555    0.030780    1.802364    2.085811    2.485136    0.962657    1.148191    1.918148
Iteration: 363 bestvalit: 155.635000 bestmemit:    0.005699    0.013422    0.078987    0.495767    0.158285    0.154968    0.387835    0.076851    0.295781    0.644946    0.548650    2.026431    0.025935    0.003237    0.002009    9.919736    7.530555    0.030780    1.802364    2.085811    2.485136    0.962657    1.148191    1.918148
Iteration: 364 bestvalit: 155.635000 bestmemit:    0.005699    0.013422    0.078987    0.495767    0.158285    0.154968    0.387835    0.076851    0.295781    0.644946    0.548650    2.026431    0.025935    0.003237    0.002009    9.919736    7.530555    0.030780    1.802364    2.085811    2.485136    0.962657    1.148191    1.918148
Iteration: 365 bestvalit: 155.635000 bestmemit:    0.005699    0.013422    0.078987    0.495767    0.158285    0.154968    0.387835    0.076851    0.295781    0.644946    0.548650    2.026431    0.025935    0.003237    0.002009    9.919736    7.530555    0.030780    1.802364    2.085811    2.485136    0.962657    1.148191    1.918148
Iteration: 366 bestvalit: 155.635000 bestmemit:    0.005699    0.013422    0.078987    0.495767    0.158285    0.154968    0.387835    0.076851    0.295781    0.644946    0.548650    2.026431    0.025935    0.003237    0.002009    9.919736    7.530555    0.030780    1.802364    2.085811    2.485136    0.962657    1.148191    1.918148
Iteration: 367 bestvalit: 155.635000 bestmemit:    0.005699    0.013422    0.078987    0.495767    0.158285    0.154968    0.387835    0.076851    0.295781    0.644946    0.548650    2.026431    0.025935    0.003237    0.002009    9.919736    7.530555    0.030780    1.802364    2.085811    2.485136    0.962657    1.148191    1.918148
Iteration: 368 bestvalit: 155.635000 bestmemit:    0.005699    0.013422    0.078987    0.495767    0.158285    0.154968    0.387835    0.076851    0.295781    0.644946    0.548650    2.026431    0.025935    0.003237    0.002009    9.919736    7.530555    0.030780    1.802364    2.085811    2.485136    0.962657    1.148191    1.918148
Iteration: 369 bestvalit: 155.635000 bestmemit:    0.005699    0.013422    0.078987    0.495767    0.158285    0.154968    0.387835    0.076851    0.295781    0.644946    0.548650    2.026431    0.025935    0.003237    0.002009    9.919736    7.530555    0.030780    1.802364    2.085811    2.485136    0.962657    1.148191    1.918148
Iteration: 370 bestvalit: 155.635000 bestmemit:    0.005699    0.013422    0.078987    0.495767    0.158285    0.154968    0.387835    0.076851    0.295781    0.644946    0.548650    2.026431    0.025935    0.003237    0.002009    9.919736    7.530555    0.030780    1.802364    2.085811    2.485136    0.962657    1.148191    1.918148
Iteration: 371 bestvalit: 155.635000 bestmemit:    0.005699    0.013422    0.078987    0.495767    0.158285    0.154968    0.387835    0.076851    0.295781    0.644946    0.548650    2.026431    0.025935    0.003237    0.002009    9.919736    7.530555    0.030780    1.802364    2.085811    2.485136    0.962657    1.148191    1.918148
Iteration: 372 bestvalit: 155.635000 bestmemit:    0.005699    0.013422    0.078987    0.495767    0.158285    0.154968    0.387835    0.076851    0.295781    0.644946    0.548650    2.026431    0.025935    0.003237    0.002009    9.919736    7.530555    0.030780    1.802364    2.085811    2.485136    0.962657    1.148191    1.918148
Iteration: 373 bestvalit: 155.635000 bestmemit:    0.005699    0.013422    0.078987    0.495767    0.158285    0.154968    0.387835    0.076851    0.295781    0.644946    0.548650    2.026431    0.025935    0.003237    0.002009    9.919736    7.530555    0.030780    1.802364    2.085811    2.485136    0.962657    1.148191    1.918148
Iteration: 374 bestvalit: 155.635000 bestmemit:    0.005699    0.013422    0.078987    0.495767    0.158285    0.154968    0.387835    0.076851    0.295781    0.644946    0.548650    2.026431    0.025935    0.003237    0.002009    9.919736    7.530555    0.030780    1.802364    2.085811    2.485136    0.962657    1.148191    1.918148
Iteration: 375 bestvalit: 155.635000 bestmemit:    0.005699    0.013422    0.078987    0.495767    0.158285    0.154968    0.387835    0.076851    0.295781    0.644946    0.548650    2.026431    0.025935    0.003237    0.002009    9.919736    7.530555    0.030780    1.802364    2.085811    2.485136    0.962657    1.148191    1.918148
Iteration: 376 bestvalit: 155.635000 bestmemit:    0.005699    0.013422    0.078987    0.495767    0.158285    0.154968    0.387835    0.076851    0.295781    0.644946    0.548650    2.026431    0.025935    0.003237    0.002009    9.919736    7.530555    0.030780    1.802364    2.085811    2.485136    0.962657    1.148191    1.918148
Iteration: 377 bestvalit: 155.635000 bestmemit:    0.005699    0.013422    0.078987    0.495767    0.158285    0.154968    0.387835    0.076851    0.295781    0.644946    0.548650    2.026431    0.025935    0.003237    0.002009    9.919736    7.530555    0.030780    1.802364    2.085811    2.485136    0.962657    1.148191    1.918148
Iteration: 378 bestvalit: 155.635000 bestmemit:    0.005699    0.013422    0.078987    0.495767    0.158285    0.154968    0.387835    0.076851    0.295781    0.644946    0.548650    2.026431    0.025935    0.003237    0.002009    9.919736    7.530555    0.030780    1.802364    2.085811    2.485136    0.962657    1.148191    1.918148
Iteration: 379 bestvalit: 155.635000 bestmemit:    0.005699    0.013422    0.078987    0.495767    0.158285    0.154968    0.387835    0.076851    0.295781    0.644946    0.548650    2.026431    0.025935    0.003237    0.002009    9.919736    7.530555    0.030780    1.802364    2.085811    2.485136    0.962657    1.148191    1.918148
Iteration: 380 bestvalit: 155.635000 bestmemit:    0.005699    0.013422    0.078987    0.495767    0.158285    0.154968    0.387835    0.076851    0.295781    0.644946    0.548650    2.026431    0.025935    0.003237    0.002009    9.919736    7.530555    0.030780    1.802364    2.085811    2.485136    0.962657    1.148191    1.918148
Iteration: 381 bestvalit: 155.635000 bestmemit:    0.005699    0.013422    0.078987    0.495767    0.158285    0.154968    0.387835    0.076851    0.295781    0.644946    0.548650    2.026431    0.025935    0.003237    0.002009    9.919736    7.530555    0.030780    1.802364    2.085811    2.485136    0.962657    1.148191    1.918148
Iteration: 382 bestvalit: 155.635000 bestmemit:    0.005699    0.013422    0.078987    0.495767    0.158285    0.154968    0.387835    0.076851    0.295781    0.644946    0.548650    2.026431    0.025935    0.003237    0.002009    9.919736    7.530555    0.030780    1.802364    2.085811    2.485136    0.962657    1.148191    1.918148
Iteration: 383 bestvalit: 155.635000 bestmemit:    0.005699    0.013422    0.078987    0.495767    0.158285    0.154968    0.387835    0.076851    0.295781    0.644946    0.548650    2.026431    0.025935    0.003237    0.002009    9.919736    7.530555    0.030780    1.802364    2.085811    2.485136    0.962657    1.148191    1.918148
Iteration: 384 bestvalit: 155.635000 bestmemit:    0.005699    0.013422    0.078987    0.495767    0.158285    0.154968    0.387835    0.076851    0.295781    0.644946    0.548650    2.026431    0.025935    0.003237    0.002009    9.919736    7.530555    0.030780    1.802364    2.085811    2.485136    0.962657    1.148191    1.918148
Iteration: 385 bestvalit: 155.635000 bestmemit:    0.005699    0.013422    0.078987    0.495767    0.158285    0.154968    0.387835    0.076851    0.295781    0.644946    0.548650    2.026431    0.025935    0.003237    0.002009    9.919736    7.530555    0.030780    1.802364    2.085811    2.485136    0.962657    1.148191    1.918148
Iteration: 386 bestvalit: 155.635000 bestmemit:    0.005699    0.013422    0.078987    0.495767    0.158285    0.154968    0.387835    0.076851    0.295781    0.644946    0.548650    2.026431    0.025935    0.003237    0.002009    9.919736    7.530555    0.030780    1.802364    2.085811    2.485136    0.962657    1.148191    1.918148
Iteration: 387 bestvalit: 155.635000 bestmemit:    0.005699    0.013422    0.078987    0.495767    0.158285    0.154968    0.387835    0.076851    0.295781    0.644946    0.548650    2.026431    0.025935    0.003237    0.002009    9.919736    7.530555    0.030780    1.802364    2.085811    2.485136    0.962657    1.148191    1.918148
Iteration: 388 bestvalit: 155.635000 bestmemit:    0.005699    0.013422    0.078987    0.495767    0.158285    0.154968    0.387835    0.076851    0.295781    0.644946    0.548650    2.026431    0.025935    0.003237    0.002009    9.919736    7.530555    0.030780    1.802364    2.085811    2.485136    0.962657    1.148191    1.918148
Iteration: 389 bestvalit: 155.635000 bestmemit:    0.005699    0.013422    0.078987    0.495767    0.158285    0.154968    0.387835    0.076851    0.295781    0.644946    0.548650    2.026431    0.025935    0.003237    0.002009    9.919736    7.530555    0.030780    1.802364    2.085811    2.485136    0.962657    1.148191    1.918148
Iteration: 390 bestvalit: 155.635000 bestmemit:    0.005699    0.013422    0.078987    0.495767    0.158285    0.154968    0.387835    0.076851    0.295781    0.644946    0.548650    2.026431    0.025935    0.003237    0.002009    9.919736    7.530555    0.030780    1.802364    2.085811    2.485136    0.962657    1.148191    1.918148
Iteration: 391 bestvalit: 155.635000 bestmemit:    0.005699    0.013422    0.078987    0.495767    0.158285    0.154968    0.387835    0.076851    0.295781    0.644946    0.548650    2.026431    0.025935    0.003237    0.002009    9.919736    7.530555    0.030780    1.802364    2.085811    2.485136    0.962657    1.148191    1.918148
Iteration: 392 bestvalit: 155.635000 bestmemit:    0.005699    0.013422    0.078987    0.495767    0.158285    0.154968    0.387835    0.076851    0.295781    0.644946    0.548650    2.026431    0.025935    0.003237    0.002009    9.919736    7.530555    0.030780    1.802364    2.085811    2.485136    0.962657    1.148191    1.918148
Iteration: 393 bestvalit: 155.635000 bestmemit:    0.005699    0.013422    0.078987    0.495767    0.158285    0.154968    0.387835    0.076851    0.295781    0.644946    0.548650    2.026431    0.025935    0.003237    0.002009    9.919736    7.530555    0.030780    1.802364    2.085811    2.485136    0.962657    1.148191    1.918148
Iteration: 394 bestvalit: 155.635000 bestmemit:    0.005699    0.013422    0.078987    0.495767    0.158285    0.154968    0.387835    0.076851    0.295781    0.644946    0.548650    2.026431    0.025935    0.003237    0.002009    9.919736    7.530555    0.030780    1.802364    2.085811    2.485136    0.962657    1.148191    1.918148
Iteration: 395 bestvalit: 155.635000 bestmemit:    0.005699    0.013422    0.078987    0.495767    0.158285    0.154968    0.387835    0.076851    0.295781    0.644946    0.548650    2.026431    0.025935    0.003237    0.002009    9.919736    7.530555    0.030780    1.802364    2.085811    2.485136    0.962657    1.148191    1.918148
Iteration: 396 bestvalit: 155.635000 bestmemit:    0.005699    0.013422    0.078987    0.495767    0.158285    0.154968    0.387835    0.076851    0.295781    0.644946    0.548650    2.026431    0.025935    0.003237    0.002009    9.919736    7.530555    0.030780    1.802364    2.085811    2.485136    0.962657    1.148191    1.918148
Iteration: 397 bestvalit: 155.635000 bestmemit:    0.005699    0.013422    0.078987    0.495767    0.158285    0.154968    0.387835    0.076851    0.295781    0.644946    0.548650    2.026431    0.025935    0.003237    0.002009    9.919736    7.530555    0.030780    1.802364    2.085811    2.485136    0.962657    1.148191    1.918148
Iteration: 398 bestvalit: 155.635000 bestmemit:    0.005699    0.013422    0.078987    0.495767    0.158285    0.154968    0.387835    0.076851    0.295781    0.644946    0.548650    2.026431    0.025935    0.003237    0.002009    9.919736    7.530555    0.030780    1.802364    2.085811    2.485136    0.962657    1.148191    1.918148
Iteration: 399 bestvalit: 155.635000 bestmemit:    0.005699    0.013422    0.078987    0.495767    0.158285    0.154968    0.387835    0.076851    0.295781    0.644946    0.548650    2.026431    0.025935    0.003237    0.002009    9.919736    7.530555    0.030780    1.802364    2.085811    2.485136    0.962657    1.148191    1.918148
Iteration: 400 bestvalit: 155.635000 bestmemit:    0.005699    0.013422    0.078987    0.495767    0.158285    0.154968    0.387835    0.076851    0.295781    0.644946    0.548650    2.026431    0.025935    0.003237    0.002009    9.919736    7.530555    0.030780    1.802364    2.085811    2.485136    0.962657    1.148191    1.918148
Iteration: 401 bestvalit: 155.635000 bestmemit:    0.005699    0.013422    0.078987    0.495767    0.158285    0.154968    0.387835    0.076851    0.295781    0.644946    0.548650    2.026431    0.025935    0.003237    0.002009    9.919736    7.530555    0.030780    1.802364    2.085811    2.485136    0.962657    1.148191    1.918148
Iteration: 402 bestvalit: 155.635000 bestmemit:    0.005699    0.013422    0.078987    0.495767    0.158285    0.154968    0.387835    0.076851    0.295781    0.644946    0.548650    2.026431    0.025935    0.003237    0.002009    9.919736    7.530555    0.030780    1.802364    2.085811    2.485136    0.962657    1.148191    1.918148
Iteration: 403 bestvalit: 155.635000 bestmemit:    0.005699    0.013422    0.078987    0.495767    0.158285    0.154968    0.387835    0.076851    0.295781    0.644946    0.548650    2.026431    0.025935    0.003237    0.002009    9.919736    7.530555    0.030780    1.802364    2.085811    2.485136    0.962657    1.148191    1.918148
Iteration: 404 bestvalit: 155.635000 bestmemit:    0.005699    0.013422    0.078987    0.495767    0.158285    0.154968    0.387835    0.076851    0.295781    0.644946    0.548650    2.026431    0.025935    0.003237    0.002009    9.919736    7.530555    0.030780    1.802364    2.085811    2.485136    0.962657    1.148191    1.918148
Iteration: 405 bestvalit: 155.635000 bestmemit:    0.005699    0.013422    0.078987    0.495767    0.158285    0.154968    0.387835    0.076851    0.295781    0.644946    0.548650    2.026431    0.025935    0.003237    0.002009    9.919736    7.530555    0.030780    1.802364    2.085811    2.485136    0.962657    1.148191    1.918148
Iteration: 406 bestvalit: 155.635000 bestmemit:    0.005699    0.013422    0.078987    0.495767    0.158285    0.154968    0.387835    0.076851    0.295781    0.644946    0.548650    2.026431    0.025935    0.003237    0.002009    9.919736    7.530555    0.030780    1.802364    2.085811    2.485136    0.962657    1.148191    1.918148
Iteration: 407 bestvalit: 155.635000 bestmemit:    0.005699    0.013422    0.078987    0.495767    0.158285    0.154968    0.387835    0.076851    0.295781    0.644946    0.548650    2.026431    0.025935    0.003237    0.002009    9.919736    7.530555    0.030780    1.802364    2.085811    2.485136    0.962657    1.148191    1.918148
Iteration: 408 bestvalit: 155.635000 bestmemit:    0.005699    0.013422    0.078987    0.495767    0.158285    0.154968    0.387835    0.076851    0.295781    0.644946    0.548650    2.026431    0.025935    0.003237    0.002009    9.919736    7.530555    0.030780    1.802364    2.085811    2.485136    0.962657    1.148191    1.918148
Iteration: 409 bestvalit: 155.635000 bestmemit:    0.005699    0.013422    0.078987    0.495767    0.158285    0.154968    0.387835    0.076851    0.295781    0.644946    0.548650    2.026431    0.025935    0.003237    0.002009    9.919736    7.530555    0.030780    1.802364    2.085811    2.485136    0.962657    1.148191    1.918148
Iteration: 410 bestvalit: 155.635000 bestmemit:    0.005699    0.013422    0.078987    0.495767    0.158285    0.154968    0.387835    0.076851    0.295781    0.644946    0.548650    2.026431    0.025935    0.003237    0.002009    9.919736    7.530555    0.030780    1.802364    2.085811    2.485136    0.962657    1.148191    1.918148
Iteration: 411 bestvalit: 155.635000 bestmemit:    0.005699    0.013422    0.078987    0.495767    0.158285    0.154968    0.387835    0.076851    0.295781    0.644946    0.548650    2.026431    0.025935    0.003237    0.002009    9.919736    7.530555    0.030780    1.802364    2.085811    2.485136    0.962657    1.148191    1.918148
Iteration: 412 bestvalit: 155.635000 bestmemit:    0.005699    0.013422    0.078987    0.495767    0.158285    0.154968    0.387835    0.076851    0.295781    0.644946    0.548650    2.026431    0.025935    0.003237    0.002009    9.919736    7.530555    0.030780    1.802364    2.085811    2.485136    0.962657    1.148191    1.918148
Iteration: 413 bestvalit: 155.635000 bestmemit:    0.005699    0.013422    0.078987    0.495767    0.158285    0.154968    0.387835    0.076851    0.295781    0.644946    0.548650    2.026431    0.025935    0.003237    0.002009    9.919736    7.530555    0.030780    1.802364    2.085811    2.485136    0.962657    1.148191    1.918148
Iteration: 414 bestvalit: 155.635000 bestmemit:    0.005699    0.013422    0.078987    0.495767    0.158285    0.154968    0.387835    0.076851    0.295781    0.644946    0.548650    2.026431    0.025935    0.003237    0.002009    9.919736    7.530555    0.030780    1.802364    2.085811    2.485136    0.962657    1.148191    1.918148
Iteration: 415 bestvalit: 155.635000 bestmemit:    0.005699    0.013422    0.078987    0.495767    0.158285    0.154968    0.387835    0.076851    0.295781    0.644946    0.548650    2.026431    0.025935    0.003237    0.002009    9.919736    7.530555    0.030780    1.802364    2.085811    2.485136    0.962657    1.148191    1.918148
Iteration: 416 bestvalit: 155.635000 bestmemit:    0.005699    0.013422    0.078987    0.495767    0.158285    0.154968    0.387835    0.076851    0.295781    0.644946    0.548650    2.026431    0.025935    0.003237    0.002009    9.919736    7.530555    0.030780    1.802364    2.085811    2.485136    0.962657    1.148191    1.918148
Iteration: 417 bestvalit: 155.635000 bestmemit:    0.005699    0.013422    0.078987    0.495767    0.158285    0.154968    0.387835    0.076851    0.295781    0.644946    0.548650    2.026431    0.025935    0.003237    0.002009    9.919736    7.530555    0.030780    1.802364    2.085811    2.485136    0.962657    1.148191    1.918148
Iteration: 418 bestvalit: 154.960000 bestmemit:    0.005699    0.013422    0.078987    0.495767    0.158285    0.154968    0.387835    0.076851    0.295781    0.644946    0.548650    2.026431    0.025935    0.003237    0.002009    9.919736    7.530555    0.030780    1.802364    2.085811    2.485136    0.976607    1.148191    1.918148
Iteration: 419 bestvalit: 154.960000 bestmemit:    0.005699    0.013422    0.078987    0.495767    0.158285    0.154968    0.387835    0.076851    0.295781    0.644946    0.548650    2.026431    0.025935    0.003237    0.002009    9.919736    7.530555    0.030780    1.802364    2.085811    2.485136    0.976607    1.148191    1.918148
Iteration: 420 bestvalit: 154.960000 bestmemit:    0.005699    0.013422    0.078987    0.495767    0.158285    0.154968    0.387835    0.076851    0.295781    0.644946    0.548650    2.026431    0.025935    0.003237    0.002009    9.919736    7.530555    0.030780    1.802364    2.085811    2.485136    0.976607    1.148191    1.918148
Iteration: 421 bestvalit: 154.960000 bestmemit:    0.005699    0.013422    0.078987    0.495767    0.158285    0.154968    0.387835    0.076851    0.295781    0.644946    0.548650    2.026431    0.025935    0.003237    0.002009    9.919736    7.530555    0.030780    1.802364    2.085811    2.485136    0.976607    1.148191    1.918148
Iteration: 422 bestvalit: 154.960000 bestmemit:    0.005699    0.013422    0.078987    0.495767    0.158285    0.154968    0.387835    0.076851    0.295781    0.644946    0.548650    2.026431    0.025935    0.003237    0.002009    9.919736    7.530555    0.030780    1.802364    2.085811    2.485136    0.976607    1.148191    1.918148
Iteration: 423 bestvalit: 154.960000 bestmemit:    0.005699    0.013422    0.078987    0.495767    0.158285    0.154968    0.387835    0.076851    0.295781    0.644946    0.548650    2.026431    0.025935    0.003237    0.002009    9.919736    7.530555    0.030780    1.802364    2.085811    2.485136    0.976607    1.148191    1.918148
Iteration: 424 bestvalit: 154.775000 bestmemit:    0.005699    0.013422    0.078987    0.495767    0.158285    0.154968    0.387835    0.076851    0.295781    0.644946    0.548650    2.026431    0.025935    0.003237    0.002009    9.919736    7.530555    0.030780    1.802364    2.085811    2.485136    0.985580    1.148191    1.918148
Iteration: 425 bestvalit: 154.775000 bestmemit:    0.005699    0.013422    0.078987    0.495767    0.158285    0.154968    0.387835    0.076851    0.295781    0.644946    0.548650    2.026431    0.025935    0.003237    0.002009    9.919736    7.530555    0.030780    1.802364    2.085811    2.485136    0.985580    1.148191    1.918148
Iteration: 426 bestvalit: 154.775000 bestmemit:    0.005699    0.013422    0.078987    0.495767    0.158285    0.154968    0.387835    0.076851    0.295781    0.644946    0.548650    2.026431    0.025935    0.003237    0.002009    9.919736    7.530555    0.030780    1.802364    2.085811    2.485136    0.985580    1.148191    1.918148
Iteration: 427 bestvalit: 154.775000 bestmemit:    0.005699    0.013422    0.078987    0.495767    0.158285    0.154968    0.387835    0.076851    0.295781    0.644946    0.548650    2.026431    0.025935    0.003237    0.002009    9.919736    7.530555    0.030780    1.802364    2.085811    2.485136    0.985580    1.148191    1.918148
Iteration: 428 bestvalit: 154.775000 bestmemit:    0.005699    0.013422    0.078987    0.495767    0.158285    0.154968    0.387835    0.076851    0.295781    0.644946    0.548650    2.026431    0.025935    0.003237    0.002009    9.919736    7.530555    0.030780    1.802364    2.085811    2.485136    0.985580    1.148191    1.918148
Iteration: 429 bestvalit: 154.775000 bestmemit:    0.005699    0.013422    0.078987    0.495767    0.158285    0.154968    0.387835    0.076851    0.295781    0.644946    0.548650    2.026431    0.025935    0.003237    0.002009    9.919736    7.530555    0.030780    1.802364    2.085811    2.485136    0.985580    1.148191    1.918148
Iteration: 430 bestvalit: 154.775000 bestmemit:    0.005699    0.013422    0.078987    0.495767    0.158285    0.154968    0.387835    0.076851    0.295781    0.644946    0.548650    2.026431    0.025935    0.003237    0.002009    9.919736    7.530555    0.030780    1.802364    2.085811    2.485136    0.985580    1.148191    1.918148
Iteration: 431 bestvalit: 154.775000 bestmemit:    0.005699    0.013422    0.078987    0.495767    0.158285    0.154968    0.387835    0.076851    0.295781    0.644946    0.548650    2.026431    0.025935    0.003237    0.002009    9.919736    7.530555    0.030780    1.802364    2.085811    2.485136    0.985580    1.148191    1.918148
Iteration: 432 bestvalit: 154.775000 bestmemit:    0.005699    0.013422    0.078987    0.495767    0.158285    0.154968    0.387835    0.076851    0.295781    0.644946    0.548650    2.026431    0.025935    0.003237    0.002009    9.919736    7.530555    0.030780    1.802364    2.085811    2.485136    0.985580    1.148191    1.918148
Iteration: 433 bestvalit: 154.775000 bestmemit:    0.005699    0.013422    0.078987    0.495767    0.158285    0.154968    0.387835    0.076851    0.295781    0.644946    0.548650    2.026431    0.025935    0.003237    0.002009    9.919736    7.530555    0.030780    1.802364    2.085811    2.485136    0.985580    1.148191    1.918148
Iteration: 434 bestvalit: 154.775000 bestmemit:    0.005699    0.013422    0.078987    0.495767    0.158285    0.154968    0.387835    0.076851    0.295781    0.644946    0.548650    2.026431    0.025935    0.003237    0.002009    9.919736    7.530555    0.030780    1.802364    2.085811    2.485136    0.985580    1.148191    1.918148
Iteration: 435 bestvalit: 154.775000 bestmemit:    0.005699    0.013422    0.078987    0.495767    0.158285    0.154968    0.387835    0.076851    0.295781    0.644946    0.548650    2.026431    0.025935    0.003237    0.002009    9.919736    7.530555    0.030780    1.802364    2.085811    2.485136    0.985580    1.148191    1.918148
Iteration: 436 bestvalit: 154.775000 bestmemit:    0.005699    0.013422    0.078987    0.495767    0.158285    0.154968    0.387835    0.076851    0.295781    0.644946    0.548650    2.026431    0.025935    0.003237    0.002009    9.919736    7.530555    0.030780    1.802364    2.085811    2.485136    0.985580    1.148191    1.918148
Iteration: 437 bestvalit: 154.775000 bestmemit:    0.005699    0.013422    0.078987    0.495767    0.158285    0.154968    0.387835    0.076851    0.295781    0.644946    0.548650    2.026431    0.025935    0.003237    0.002009    9.919736    7.530555    0.030780    1.802364    2.085811    2.485136    0.985580    1.148191    1.918148
Iteration: 438 bestvalit: 154.775000 bestmemit:    0.005699    0.013422    0.078987    0.495767    0.158285    0.154968    0.387835    0.076851    0.295781    0.644946    0.548650    2.026431    0.025935    0.003237    0.002009    9.919736    7.530555    0.030780    1.802364    2.085811    2.485136    0.985580    1.148191    1.918148
Iteration: 439 bestvalit: 154.775000 bestmemit:    0.005699    0.013422    0.078987    0.495767    0.158285    0.154968    0.387835    0.076851    0.295781    0.644946    0.548650    2.026431    0.025935    0.003237    0.002009    9.919736    7.530555    0.030780    1.802364    2.085811    2.485136    0.985580    1.148191    1.918148
Iteration: 440 bestvalit: 154.775000 bestmemit:    0.005699    0.013422    0.078987    0.495767    0.158285    0.154968    0.387835    0.076851    0.295781    0.644946    0.548650    2.026431    0.025935    0.003237    0.002009    9.919736    7.530555    0.030780    1.802364    2.085811    2.485136    0.985580    1.148191    1.918148
Iteration: 441 bestvalit: 154.775000 bestmemit:    0.005699    0.013422    0.078987    0.495767    0.158285    0.154968    0.387835    0.076851    0.295781    0.644946    0.548650    2.026431    0.025935    0.003237    0.002009    9.919736    7.530555    0.030780    1.802364    2.085811    2.485136    0.985580    1.148191    1.918148
Iteration: 442 bestvalit: 154.775000 bestmemit:    0.005699    0.013422    0.078987    0.495767    0.158285    0.154968    0.387835    0.076851    0.295781    0.644946    0.548650    2.026431    0.025935    0.003237    0.002009    9.919736    7.530555    0.030780    1.802364    2.085811    2.485136    0.985580    1.148191    1.918148
Iteration: 443 bestvalit: 154.775000 bestmemit:    0.005699    0.013422    0.078987    0.495767    0.158285    0.154968    0.387835    0.076851    0.295781    0.644946    0.548650    2.026431    0.025935    0.003237    0.002009    9.919736    7.530555    0.030780    1.802364    2.085811    2.485136    0.985580    1.148191    1.918148
Iteration: 444 bestvalit: 154.775000 bestmemit:    0.005699    0.013422    0.078987    0.495767    0.158285    0.154968    0.387835    0.076851    0.295781    0.644946    0.548650    2.026431    0.025935    0.003237    0.002009    9.919736    7.530555    0.030780    1.802364    2.085811    2.485136    0.985580    1.148191    1.918148
Iteration: 445 bestvalit: 154.775000 bestmemit:    0.005699    0.013422    0.078987    0.495767    0.158285    0.154968    0.387835    0.076851    0.295781    0.644946    0.548650    2.026431    0.025935    0.003237    0.002009    9.919736    7.530555    0.030780    1.802364    2.085811    2.485136    0.985580    1.148191    1.918148
Iteration: 446 bestvalit: 154.775000 bestmemit:    0.005699    0.013422    0.078987    0.495767    0.158285    0.154968    0.387835    0.076851    0.295781    0.644946    0.548650    2.026431    0.025935    0.003237    0.002009    9.919736    7.530555    0.030780    1.802364    2.085811    2.485136    0.985580    1.148191    1.918148
Iteration: 447 bestvalit: 154.775000 bestmemit:    0.005699    0.013422    0.078987    0.495767    0.158285    0.154968    0.387835    0.076851    0.295781    0.644946    0.548650    2.026431    0.025935    0.003237    0.002009    9.919736    7.530555    0.030780    1.802364    2.085811    2.485136    0.985580    1.148191    1.918148
Iteration: 448 bestvalit: 154.775000 bestmemit:    0.005699    0.013422    0.078987    0.495767    0.158285    0.154968    0.387835    0.076851    0.295781    0.644946    0.548650    2.026431    0.025935    0.003237    0.002009    9.919736    7.530555    0.030780    1.802364    2.085811    2.485136    0.985580    1.148191    1.918148
Iteration: 449 bestvalit: 154.775000 bestmemit:    0.005699    0.013422    0.078987    0.495767    0.158285    0.154968    0.387835    0.076851    0.295781    0.644946    0.548650    2.026431    0.025935    0.003237    0.002009    9.919736    7.530555    0.030780    1.802364    2.085811    2.485136    0.985580    1.148191    1.918148
Iteration: 450 bestvalit: 154.755000 bestmemit:    0.005699    0.013422    0.078987    0.495767    0.158285    0.154968    0.387835    0.076851    0.295781    0.644946    0.548650    2.026431    0.025935    0.003237    0.002009    9.919736    7.530555    0.030780    1.802364    2.085811    2.485136    0.985580    1.148191    1.929205
Iteration: 451 bestvalit: 154.755000 bestmemit:    0.005699    0.013422    0.078987    0.495767    0.158285    0.154968    0.387835    0.076851    0.295781    0.644946    0.548650    2.026431    0.025935    0.003237    0.002009    9.919736    7.530555    0.030780    1.802364    2.085811    2.485136    0.985580    1.148191    1.929205
Iteration: 452 bestvalit: 154.755000 bestmemit:    0.005699    0.013422    0.078987    0.495767    0.158285    0.154968    0.387835    0.076851    0.295781    0.644946    0.548650    2.026431    0.025935    0.003237    0.002009    9.919736    7.530555    0.030780    1.802364    2.085811    2.485136    0.985580    1.148191    1.929205
Iteration: 453 bestvalit: 154.755000 bestmemit:    0.005699    0.013422    0.078987    0.495767    0.158285    0.154968    0.387835    0.076851    0.295781    0.644946    0.548650    2.026431    0.025935    0.003237    0.002009    9.919736    7.530555    0.030780    1.802364    2.085811    2.485136    0.985580    1.148191    1.929205
Iteration: 454 bestvalit: 154.755000 bestmemit:    0.005699    0.013422    0.078987    0.495767    0.158285    0.154968    0.387835    0.076851    0.295781    0.644946    0.548650    2.026431    0.025935    0.003237    0.002009    9.919736    7.530555    0.030780    1.802364    2.085811    2.485136    0.985580    1.148191    1.929205
Iteration: 455 bestvalit: 154.755000 bestmemit:    0.005699    0.013422    0.078987    0.495767    0.158285    0.154968    0.387835    0.076851    0.295781    0.644946    0.548650    2.026431    0.025935    0.003237    0.002009    9.919736    7.530555    0.030780    1.802364    2.085811    2.485136    0.985580    1.148191    1.929205
Iteration: 456 bestvalit: 154.755000 bestmemit:    0.005699    0.013422    0.078987    0.495767    0.158285    0.154968    0.387835    0.076851    0.295781    0.644946    0.548650    2.026431    0.025935    0.003237    0.002009    9.919736    7.530555    0.030780    1.802364    2.085811    2.485136    0.985580    1.148191    1.929205
Iteration: 457 bestvalit: 154.755000 bestmemit:    0.005699    0.013422    0.078987    0.495767    0.158285    0.154968    0.387835    0.076851    0.295781    0.644946    0.548650    2.026431    0.025935    0.003237    0.002009    9.919736    7.530555    0.030780    1.802364    2.085811    2.485136    0.985580    1.148191    1.929205
Iteration: 458 bestvalit: 154.755000 bestmemit:    0.005699    0.013422    0.078987    0.495767    0.158285    0.154968    0.387835    0.076851    0.295781    0.644946    0.548650    2.026431    0.025935    0.003237    0.002009    9.919736    7.530555    0.030780    1.802364    2.085811    2.485136    0.985580    1.148191    1.929205
Iteration: 459 bestvalit: 154.725000 bestmemit:    0.005699    0.013422    0.078987    0.495767    0.158285    0.154968    0.387835    0.076851    0.295781    0.644946    0.548650    2.026431    0.025935    0.003237    0.002009    9.919736    7.530555    0.030780    1.802364    2.085811    2.488568    0.991682    1.148191    1.929205
Iteration: 460 bestvalit: 154.725000 bestmemit:    0.005699    0.013422    0.078987    0.495767    0.158285    0.154968    0.387835    0.076851    0.295781    0.644946    0.548650    2.026431    0.025935    0.003237    0.002009    9.919736    7.530555    0.030780    1.802364    2.085811    2.488568    0.991682    1.148191    1.929205
Iteration: 461 bestvalit: 154.725000 bestmemit:    0.005699    0.013422    0.078987    0.495767    0.158285    0.154968    0.387835    0.076851    0.295781    0.644946    0.548650    2.026431    0.025935    0.003237    0.002009    9.919736    7.530555    0.030780    1.802364    2.085811    2.488568    0.991682    1.148191    1.929205
Iteration: 462 bestvalit: 154.725000 bestmemit:    0.005699    0.013422    0.078987    0.495767    0.158285    0.154968    0.387835    0.076851    0.295781    0.644946    0.548650    2.026431    0.025935    0.003237    0.002009    9.919736    7.530555    0.030780    1.802364    2.085811    2.488568    0.991682    1.148191    1.929205
Iteration: 463 bestvalit: 154.375000 bestmemit:    0.005699    0.013422    0.078987    0.495767    0.158285    0.154968    0.387835    0.076851    0.295781    0.644946    0.548650    2.026431    0.025935    0.003237    0.002009    9.919736    7.530555    0.030780    1.802364    2.085811    1.816662    0.991682    1.148191    1.929205
Iteration: 464 bestvalit: 154.375000 bestmemit:    0.005699    0.013422    0.078987    0.495767    0.158285    0.154968    0.387835    0.076851    0.295781    0.644946    0.548650    2.026431    0.025935    0.003237    0.002009    9.919736    7.530555    0.030780    1.802364    2.085811    1.816662    0.991682    1.148191    1.929205
Iteration: 465 bestvalit: 154.375000 bestmemit:    0.005699    0.013422    0.078987    0.495767    0.158285    0.154968    0.387835    0.076851    0.295781    0.644946    0.548650    2.026431    0.025935    0.003237    0.002009    9.919736    7.530555    0.030780    1.802364    2.085811    1.816662    0.991682    1.148191    1.929205
Iteration: 466 bestvalit: 154.375000 bestmemit:    0.005699    0.013422    0.078987    0.495767    0.158285    0.154968    0.387835    0.076851    0.295781    0.644946    0.548650    2.026431    0.025935    0.003237    0.002009    9.919736    7.530555    0.030780    1.802364    2.085811    1.816662    0.991682    1.148191    1.929205
Iteration: 467 bestvalit: 154.375000 bestmemit:    0.005699    0.013422    0.078987    0.495767    0.158285    0.154968    0.387835    0.076851    0.295781    0.644946    0.548650    2.026431    0.025935    0.003237    0.002009    9.919736    7.530555    0.030780    1.802364    2.085811    1.816662    0.991682    1.148191    1.929205
Iteration: 468 bestvalit: 154.375000 bestmemit:    0.005699    0.013422    0.078987    0.495767    0.158285    0.154968    0.387835    0.076851    0.295781    0.644946    0.548650    2.026431    0.025935    0.003237    0.002009    9.919736    7.530555    0.030780    1.802364    2.085811    1.816662    0.991682    1.148191    1.929205
Iteration: 469 bestvalit: 154.375000 bestmemit:    0.005699    0.013422    0.078987    0.495767    0.158285    0.154968    0.387835    0.076851    0.295781    0.644946    0.548650    2.026431    0.025935    0.003237    0.002009    9.919736    7.530555    0.030780    1.802364    2.085811    1.816662    0.991682    1.148191    1.929205
Iteration: 470 bestvalit: 154.375000 bestmemit:    0.005699    0.013422    0.078987    0.495767    0.158285    0.154968    0.387835    0.076851    0.295781    0.644946    0.548650    2.026431    0.025935    0.003237    0.002009    9.919736    7.530555    0.030780    1.802364    2.085811    1.816662    0.991682    1.148191    1.929205
Iteration: 471 bestvalit: 154.375000 bestmemit:    0.005699    0.013422    0.078987    0.495767    0.158285    0.154968    0.387835    0.076851    0.295781    0.644946    0.548650    2.026431    0.025935    0.003237    0.002009    9.919736    7.530555    0.030780    1.802364    2.085811    1.816662    0.991682    1.148191    1.929205
Iteration: 472 bestvalit: 154.360000 bestmemit:    0.005699    0.013422    0.078987    0.495767    0.158285    0.154968    0.387835    0.076851    0.295781    0.644946    0.548650    2.026431    0.025935    0.003237    0.002009    9.919736    7.530555    0.030780    1.802364    2.085811    1.816662    0.991682    1.148191    1.933216
Iteration: 473 bestvalit: 154.360000 bestmemit:    0.005699    0.013422    0.078987    0.495767    0.158285    0.154968    0.387835    0.076851    0.295781    0.644946    0.548650    2.026431    0.025935    0.003237    0.002009    9.919736    7.530555    0.030780    1.802364    2.085811    1.816662    0.991682    1.148191    1.933216
Iteration: 474 bestvalit: 154.360000 bestmemit:    0.005699    0.013422    0.078987    0.495767    0.158285    0.154968    0.387835    0.076851    0.295781    0.644946    0.548650    2.026431    0.025935    0.003237    0.002009    9.919736    7.530555    0.030780    1.802364    2.085811    1.816662    0.991682    1.148191    1.933216
Iteration: 475 bestvalit: 154.360000 bestmemit:    0.005699    0.013422    0.078987    0.495767    0.158285    0.154968    0.387835    0.076851    0.295781    0.644946    0.548650    2.026431    0.025935    0.003237    0.002009    9.919736    7.530555    0.030780    1.802364    2.085811    1.816662    0.991682    1.148191    1.933216
Iteration: 476 bestvalit: 154.360000 bestmemit:    0.005699    0.013422    0.078987    0.495767    0.158285    0.154968    0.387835    0.076851    0.295781    0.644946    0.548650    2.026431    0.025935    0.003237    0.002009    9.919736    7.530555    0.030780    1.802364    2.085811    1.816662    0.991682    1.148191    1.933216
Iteration: 477 bestvalit: 154.360000 bestmemit:    0.005699    0.013422    0.078987    0.495767    0.158285    0.154968    0.387835    0.076851    0.295781    0.644946    0.548650    2.026431    0.025935    0.003237    0.002009    9.919736    7.530555    0.030780    1.802364    2.085811    1.816662    0.991682    1.148191    1.933216
Iteration: 478 bestvalit: 154.360000 bestmemit:    0.005699    0.013422    0.078987    0.495767    0.158285    0.154968    0.387835    0.076851    0.295781    0.644946    0.548650    2.026431    0.025935    0.003237    0.002009    9.919736    7.530555    0.030780    1.802364    2.085811    1.816662    0.991682    1.148191    1.933216
Iteration: 479 bestvalit: 154.360000 bestmemit:    0.005699    0.013422    0.078987    0.495767    0.158285    0.154968    0.387835    0.076851    0.295781    0.644946    0.548650    2.026431    0.025935    0.003237    0.002009    9.919736    7.530555    0.030780    1.802364    2.085811    1.816662    0.991682    1.148191    1.933216
Iteration: 480 bestvalit: 154.360000 bestmemit:    0.005699    0.013422    0.078987    0.495767    0.158285    0.154968    0.387835    0.076851    0.295781    0.644946    0.548650    2.026431    0.025935    0.003237    0.002009    9.919736    7.530555    0.030780    1.802364    2.085811    1.816662    0.991682    1.148191    1.933216
Iteration: 481 bestvalit: 154.360000 bestmemit:    0.005699    0.013422    0.078987    0.495767    0.158285    0.154968    0.387835    0.076851    0.295781    0.644946    0.548650    2.026431    0.025935    0.003237    0.002009    9.919736    7.530555    0.030780    1.802364    2.085811    1.816662    0.991682    1.148191    1.933216
Iteration: 482 bestvalit: 154.360000 bestmemit:    0.005699    0.013422    0.078987    0.495767    0.158285    0.154968    0.387835    0.076851    0.295781    0.644946    0.548650    2.026431    0.025935    0.003237    0.002009    9.919736    7.530555    0.030780    1.802364    2.085811    1.816662    0.991682    1.148191    1.933216
Iteration: 483 bestvalit: 154.360000 bestmemit:    0.005699    0.013422    0.078987    0.495767    0.158285    0.154968    0.387835    0.076851    0.295781    0.644946    0.548650    2.026431    0.025935    0.003237    0.002009    9.919736    7.530555    0.030780    1.802364    2.085811    1.816662    0.991682    1.148191    1.933216
Iteration: 484 bestvalit: 154.360000 bestmemit:    0.005699    0.013422    0.078987    0.495767    0.158285    0.154968    0.387835    0.076851    0.295781    0.644946    0.548650    2.026431    0.025935    0.003237    0.002009    9.919736    7.530555    0.030780    1.802364    2.085811    1.816662    0.991682    1.148191    1.933216
Iteration: 485 bestvalit: 154.360000 bestmemit:    0.005699    0.013422    0.078987    0.495767    0.158285    0.154968    0.387835    0.076851    0.295781    0.644946    0.548650    2.026431    0.025935    0.003237    0.002009    9.919736    7.530555    0.030780    1.802364    2.085811    1.816662    0.991682    1.148191    1.933216
Iteration: 486 bestvalit: 154.360000 bestmemit:    0.005699    0.013422    0.078987    0.495767    0.158285    0.154968    0.387835    0.076851    0.295781    0.644946    0.548650    2.026431    0.025935    0.003237    0.002009    9.919736    7.530555    0.030780    1.802364    2.085811    1.816662    0.991682    1.148191    1.933216
Iteration: 487 bestvalit: 154.360000 bestmemit:    0.005699    0.013422    0.078987    0.495767    0.158285    0.154968    0.387835    0.076851    0.295781    0.644946    0.548650    2.026431    0.025935    0.003237    0.002009    9.919736    7.530555    0.030780    1.802364    2.085811    1.816662    0.991682    1.148191    1.933216
Iteration: 488 bestvalit: 154.360000 bestmemit:    0.005699    0.013422    0.078987    0.495767    0.158285    0.154968    0.387835    0.076851    0.295781    0.644946    0.548650    2.026431    0.025935    0.003237    0.002009    9.919736    7.530555    0.030780    1.802364    2.085811    1.816662    0.991682    1.148191    1.933216
Iteration: 489 bestvalit: 154.360000 bestmemit:    0.005699    0.013422    0.078987    0.495767    0.158285    0.154968    0.387835    0.076851    0.295781    0.644946    0.548650    2.026431    0.025935    0.003237    0.002009    9.919736    7.530555    0.030780    1.802364    2.085811    1.816662    0.991682    1.148191    1.933216
Iteration: 490 bestvalit: 154.360000 bestmemit:    0.005699    0.013422    0.078987    0.495767    0.158285    0.154968    0.387835    0.076851    0.295781    0.644946    0.548650    2.026431    0.025935    0.003237    0.002009    9.919736    7.530555    0.030780    1.802364    2.085811    1.816662    0.991682    1.148191    1.933216
Iteration: 491 bestvalit: 154.360000 bestmemit:    0.005699    0.013422    0.078987    0.495767    0.158285    0.154968    0.387835    0.076851    0.295781    0.644946    0.548650    2.026431    0.025935    0.003237    0.002009    9.919736    7.530555    0.030780    1.802364    2.085811    1.816662    0.991682    1.148191    1.933216
Iteration: 492 bestvalit: 154.360000 bestmemit:    0.005699    0.013422    0.078987    0.495767    0.158285    0.154968    0.387835    0.076851    0.295781    0.644946    0.548650    2.026431    0.025935    0.003237    0.002009    9.919736    7.530555    0.030780    1.802364    2.085811    1.816662    0.991682    1.148191    1.933216
Iteration: 493 bestvalit: 154.360000 bestmemit:    0.005699    0.013422    0.078987    0.495767    0.158285    0.154968    0.387835    0.076851    0.295781    0.644946    0.548650    2.026431    0.025935    0.003237    0.002009    9.919736    7.530555    0.030780    1.802364    2.085811    1.816662    0.991682    1.148191    1.933216
Iteration: 494 bestvalit: 154.360000 bestmemit:    0.005699    0.013422    0.078987    0.495767    0.158285    0.154968    0.387835    0.076851    0.295781    0.644946    0.548650    2.026431    0.025935    0.003237    0.002009    9.919736    7.530555    0.030780    1.802364    2.085811    1.816662    0.991682    1.148191    1.933216
Iteration: 495 bestvalit: 154.360000 bestmemit:    0.005699    0.013422    0.078987    0.495767    0.158285    0.154968    0.387835    0.076851    0.295781    0.644946    0.548650    2.026431    0.025935    0.003237    0.002009    9.919736    7.530555    0.030780    1.802364    2.085811    1.816662    0.991682    1.148191    1.933216
Iteration: 496 bestvalit: 154.360000 bestmemit:    0.005699    0.013422    0.078987    0.495767    0.158285    0.154968    0.387835    0.076851    0.295781    0.644946    0.548650    2.026431    0.025935    0.003237    0.002009    9.919736    7.530555    0.030780    1.802364    2.085811    1.816662    0.991682    1.148191    1.933216
Iteration: 497 bestvalit: 154.360000 bestmemit:    0.005699    0.013422    0.078987    0.495767    0.158285    0.154968    0.387835    0.076851    0.295781    0.644946    0.548650    2.026431    0.025935    0.003237    0.002009    9.919736    7.530555    0.030780    1.802364    2.085811    1.816662    0.991682    1.148191    1.933216
Iteration: 498 bestvalit: 154.360000 bestmemit:    0.005699    0.013422    0.078987    0.495767    0.158285    0.154968    0.387835    0.076851    0.295781    0.644946    0.548650    2.026431    0.025935    0.003237    0.002009    9.919736    7.530555    0.030780    1.802364    2.085811    1.816662    0.991682    1.148191    1.933216
Iteration: 499 bestvalit: 154.360000 bestmemit:    0.005699    0.013422    0.078987    0.495767    0.158285    0.154968    0.387835    0.076851    0.295781    0.644946    0.548650    2.026431    0.025935    0.003237    0.002009    9.919736    7.530555    0.030780    1.802364    2.085811    1.816662    0.991682    1.148191    1.933216
Iteration: 500 bestvalit: 154.360000 bestmemit:    0.005699    0.013422    0.078987    0.495767    0.158285    0.154968    0.387835    0.076851    0.295781    0.644946    0.548650    2.026431    0.025935    0.003237    0.002009    9.919736    7.530555    0.030780    1.802364    2.085811    1.816662    0.991682    1.148191    1.933216
Iteration: 501 bestvalit: 154.360000 bestmemit:    0.005699    0.013422    0.078987    0.495767    0.158285    0.154968    0.387835    0.076851    0.295781    0.644946    0.548650    2.026431    0.025935    0.003237    0.002009    9.919736    7.530555    0.030780    1.802364    2.085811    1.816662    0.991682    1.148191    1.933216
Iteration: 502 bestvalit: 154.360000 bestmemit:    0.005699    0.013422    0.078987    0.495767    0.158285    0.154968    0.387835    0.076851    0.295781    0.644946    0.548650    2.026431    0.025935    0.003237    0.002009    9.919736    7.530555    0.030780    1.802364    2.085811    1.816662    0.991682    1.148191    1.933216
Iteration: 503 bestvalit: 154.360000 bestmemit:    0.005699    0.013422    0.078987    0.495767    0.158285    0.154968    0.387835    0.076851    0.295781    0.644946    0.548650    2.026431    0.025935    0.003237    0.002009    9.919736    7.530555    0.030780    1.802364    2.085811    1.816662    0.991682    1.148191    1.933216
Iteration: 504 bestvalit: 154.360000 bestmemit:    0.005699    0.013422    0.078987    0.495767    0.158285    0.154968    0.387835    0.076851    0.295781    0.644946    0.548650    2.026431    0.025935    0.003237    0.002009    9.919736    7.530555    0.030780    1.802364    2.085811    1.816662    0.991682    1.148191    1.933216
Iteration: 505 bestvalit: 154.360000 bestmemit:    0.005699    0.013422    0.078987    0.495767    0.158285    0.154968    0.387835    0.076851    0.295781    0.644946    0.548650    2.026431    0.025935    0.003237    0.002009    9.919736    7.530555    0.030780    1.802364    2.085811    1.816662    0.991682    1.148191    1.933216
Iteration: 506 bestvalit: 154.360000 bestmemit:    0.005699    0.013422    0.078987    0.495767    0.158285    0.154968    0.387835    0.076851    0.295781    0.644946    0.548650    2.026431    0.025935    0.003237    0.002009    9.919736    7.530555    0.030780    1.802364    2.085811    1.816662    0.991682    1.148191    1.933216
Iteration: 507 bestvalit: 154.360000 bestmemit:    0.005699    0.013422    0.078987    0.495767    0.158285    0.154968    0.387835    0.076851    0.295781    0.644946    0.548650    2.026431    0.025935    0.003237    0.002009    9.919736    7.530555    0.030780    1.802364    2.085811    1.816662    0.991682    1.148191    1.933216
Iteration: 508 bestvalit: 154.360000 bestmemit:    0.005699    0.013422    0.078987    0.495767    0.158285    0.154968    0.387835    0.076851    0.295781    0.644946    0.548650    2.026431    0.025935    0.003237    0.002009    9.919736    7.530555    0.030780    1.802364    2.085811    1.816662    0.991682    1.148191    1.933216
Iteration: 509 bestvalit: 154.360000 bestmemit:    0.005699    0.013422    0.078987    0.495767    0.158285    0.154968    0.387835    0.076851    0.295781    0.644946    0.548650    2.026431    0.025935    0.003237    0.002009    9.919736    7.530555    0.030780    1.802364    2.085811    1.816662    0.991682    1.148191    1.933216
Iteration: 510 bestvalit: 154.360000 bestmemit:    0.005699    0.013422    0.078987    0.495767    0.158285    0.154968    0.387835    0.076851    0.295781    0.644946    0.548650    2.026431    0.025935    0.003237    0.002009    9.919736    7.530555    0.030780    1.802364    2.085811    1.816662    0.991682    1.148191    1.933216
Iteration: 511 bestvalit: 154.360000 bestmemit:    0.005699    0.013422    0.078987    0.495767    0.158285    0.154968    0.387835    0.076851    0.295781    0.644946    0.548650    2.026431    0.025935    0.003237    0.002009    9.919736    7.530555    0.030780    1.802364    2.085811    1.816662    0.991682    1.148191    1.933216
Iteration: 512 bestvalit: 154.360000 bestmemit:    0.005699    0.013422    0.078987    0.495767    0.158285    0.154968    0.387835    0.076851    0.295781    0.644946    0.548650    2.026431    0.025935    0.003237    0.002009    9.919736    7.530555    0.030780    1.802364    2.085811    1.816662    0.991682    1.148191    1.933216
Iteration: 513 bestvalit: 154.360000 bestmemit:    0.005699    0.013422    0.078987    0.495767    0.158285    0.154968    0.387835    0.076851    0.295781    0.644946    0.548650    2.026431    0.025935    0.003237    0.002009    9.919736    7.530555    0.030780    1.802364    2.085811    1.816662    0.992443    1.148191    1.933216
Iteration: 514 bestvalit: 154.360000 bestmemit:    0.005699    0.013422    0.078987    0.495767    0.158285    0.154968    0.387835    0.076851    0.295781    0.644946    0.548650    2.026431    0.025935    0.003237    0.002009    9.919736    7.530555    0.030780    1.802364    2.085811    1.816662    0.992443    1.148191    1.933216
Iteration: 515 bestvalit: 154.360000 bestmemit:    0.005699    0.013422    0.078987    0.495767    0.158285    0.154968    0.387835    0.076851    0.295781    0.644946    0.548650    2.026431    0.025935    0.003237    0.002009    9.919736    7.530555    0.030780    1.802364    2.085811    1.816662    0.992443    1.148191    1.933216
Iteration: 516 bestvalit: 154.360000 bestmemit:    0.005699    0.013422    0.078987    0.495767    0.158285    0.154968    0.387835    0.076851    0.295781    0.644946    0.548650    2.026431    0.025935    0.003237    0.002009    9.919736    7.530555    0.030780    1.802364    2.085811    1.816662    0.992443    1.148191    1.933216
Iteration: 517 bestvalit: 154.360000 bestmemit:    0.005699    0.013422    0.078987    0.495767    0.158285    0.154968    0.387835    0.076851    0.295781    0.644946    0.548650    2.026431    0.025935    0.003237    0.002009    9.919736    7.530555    0.030780    1.802364    2.085811    1.816662    0.992443    1.148191    1.933216
Iteration: 518 bestvalit: 154.360000 bestmemit:    0.005699    0.013422    0.078987    0.495767    0.158285    0.154968    0.387835    0.076851    0.295781    0.644946    0.548650    2.026431    0.025935    0.003237    0.002009    9.919736    7.530555    0.030780    1.802364    2.085811    1.816662    0.992443    1.148191    1.933216
Iteration: 519 bestvalit: 154.360000 bestmemit:    0.005699    0.013422    0.078987    0.495767    0.158285    0.154968    0.387835    0.076851    0.295781    0.644946    0.548650    2.026431    0.025935    0.003237    0.002009    9.919736    7.530555    0.030780    1.802364    2.085811    1.816662    0.992443    1.148191    1.933216
Iteration: 520 bestvalit: 154.360000 bestmemit:    0.005699    0.013422    0.078987    0.495767    0.158285    0.154968    0.387835    0.076851    0.295781    0.644946    0.548650    2.026431    0.025935    0.003237    0.002009    9.919736    7.530555    0.030780    1.802364    2.085811    1.816662    0.992443    1.148191    1.933216
Iteration: 521 bestvalit: 154.360000 bestmemit:    0.005699    0.013422    0.078987    0.495767    0.158285    0.154968    0.387835    0.076851    0.295781    0.644946    0.548650    2.026431    0.025935    0.003237    0.002009    9.919736    7.530555    0.030780    1.802364    2.085811    1.816662    0.992443    1.148191    1.933216
Iteration: 522 bestvalit: 154.360000 bestmemit:    0.005699    0.013422    0.078987    0.495767    0.158285    0.154968    0.387835    0.076851    0.295781    0.644946    0.548650    2.026431    0.025935    0.003237    0.002009    9.919736    7.530555    0.030780    1.802364    2.085811    1.816662    0.992443    1.148191    1.933216
Iteration: 523 bestvalit: 154.360000 bestmemit:    0.005699    0.013422    0.078987    0.495767    0.158285    0.154968    0.387835    0.076851    0.295781    0.644946    0.548650    2.026431    0.025935    0.003237    0.002009    9.919736    7.530555    0.030780    1.802364    2.085811    1.816662    0.992443    1.148191    1.933216
Iteration: 524 bestvalit: 154.360000 bestmemit:    0.005699    0.013422    0.078987    0.495767    0.158285    0.154968    0.387835    0.076851    0.295781    0.644946    0.548650    2.026431    0.025935    0.003237    0.002009    9.919736    7.530555    0.030780    1.802364    2.085811    1.816662    0.992443    1.148191    1.933216
Iteration: 525 bestvalit: 154.360000 bestmemit:    0.005699    0.013422    0.078987    0.495767    0.158285    0.154968    0.387835    0.076851    0.295781    0.644946    0.548650    2.026431    0.025935    0.003237    0.002009    9.919736    7.530555    0.030780    1.802364    2.085811    1.816662    0.992443    1.148191    1.933216
Iteration: 526 bestvalit: 154.360000 bestmemit:    0.005699    0.013422    0.078987    0.495767    0.158285    0.154968    0.387835    0.076851    0.295781    0.644946    0.548650    2.026431    0.025935    0.003237    0.002009    9.919736    7.530555    0.030780    1.802364    2.085811    1.816662    0.992443    1.148191    1.933216
Iteration: 527 bestvalit: 154.360000 bestmemit:    0.005699    0.013422    0.078987    0.495767    0.158285    0.154968    0.387835    0.076851    0.295781    0.644946    0.548650    2.026431    0.025935    0.003237    0.002009    9.919736    7.530555    0.030780    1.802364    2.085811    1.816662    0.992443    1.148191    1.933216
Iteration: 528 bestvalit: 154.360000 bestmemit:    0.005699    0.013422    0.078987    0.495767    0.158285    0.154968    0.387835    0.076851    0.295781    0.644946    0.548650    2.026431    0.025935    0.003237    0.002009    9.919736    7.530555    0.030780    1.802364    2.085811    1.816662    0.992443    1.148191    1.933216
Iteration: 529 bestvalit: 154.360000 bestmemit:    0.005699    0.013422    0.078987    0.495767    0.158285    0.154968    0.387835    0.076851    0.295781    0.644946    0.548650    2.026431    0.025935    0.003237    0.002009    9.919736    7.530555    0.030780    1.802364    2.085811    1.816662    0.992443    1.148191    1.933216
Iteration: 530 bestvalit: 154.360000 bestmemit:    0.005699    0.013422    0.078987    0.495767    0.158285    0.154968    0.387835    0.076851    0.295781    0.644946    0.548650    2.026431    0.025935    0.003237    0.002009    9.919736    7.530555    0.030780    1.802364    2.085811    1.816662    0.992443    1.148191    1.933216
Iteration: 531 bestvalit: 154.360000 bestmemit:    0.005699    0.013422    0.078987    0.495767    0.158285    0.154968    0.387835    0.076851    0.295781    0.644946    0.548650    2.026431    0.025935    0.003237    0.002009    9.919736    7.530555    0.030780    1.802364    2.085811    1.816662    0.992443    1.148191    1.933216
Iteration: 532 bestvalit: 154.360000 bestmemit:    0.005699    0.013422    0.078987    0.495767    0.158285    0.154968    0.387835    0.076851    0.295781    0.644946    0.548650    2.026431    0.025935    0.003237    0.002009    9.919736    7.530555    0.030780    1.802364    2.085811    1.816662    0.992443    1.148191    1.933216
Iteration: 533 bestvalit: 154.360000 bestmemit:    0.005699    0.013422    0.078987    0.495767    0.158285    0.154968    0.387835    0.076851    0.295781    0.644946    0.548650    2.026431    0.025935    0.003237    0.002009    9.919736    7.530555    0.030780    1.802364    2.085811    1.816662    0.992443    1.148191    1.933216
Iteration: 534 bestvalit: 154.360000 bestmemit:    0.005699    0.013422    0.078987    0.495767    0.158285    0.154968    0.387835    0.076851    0.295781    0.644946    0.548650    2.026431    0.025935    0.003237    0.002009    9.919736    7.530555    0.030780    1.802364    2.085811    1.816662    0.992443    1.148191    1.933216
Iteration: 535 bestvalit: 154.360000 bestmemit:    0.005699    0.013422    0.078987    0.495767    0.158285    0.154968    0.387835    0.076851    0.295781    0.644946    0.548650    2.026431    0.025935    0.003237    0.002009    9.919736    7.530555    0.030780    1.802364    2.085811    1.816662    0.992443    1.148191    1.933216
Iteration: 536 bestvalit: 154.360000 bestmemit:    0.005699    0.013422    0.078987    0.495767    0.158285    0.154968    0.387835    0.076851    0.295781    0.644946    0.548650    2.026431    0.025935    0.003237    0.002009    9.919736    7.530555    0.030780    1.802364    2.085811    1.816662    0.992443    1.148191    1.933216
Iteration: 537 bestvalit: 154.360000 bestmemit:    0.005699    0.013422    0.078987    0.495767    0.158285    0.154968    0.387835    0.076851    0.295781    0.644946    0.548650    2.026431    0.025935    0.003237    0.002009    9.919736    7.530555    0.030780    1.802364    2.085811    1.816662    0.992443    1.148191    1.933216
Iteration: 538 bestvalit: 154.360000 bestmemit:    0.005699    0.013422    0.078987    0.495767    0.158285    0.154968    0.387835    0.076851    0.295781    0.644946    0.548650    2.026431    0.025935    0.003237    0.002009    9.919736    7.530555    0.030780    1.802364    2.085811    1.816662    0.992443    1.148191    1.933216
Iteration: 539 bestvalit: 154.270000 bestmemit:    0.005699    0.013422    0.078987    0.495767    0.158285    0.154968    0.387835    0.076851    0.295781    0.644946    0.548650    2.026431    0.025935    0.003237    0.002009    9.919736    7.916644    0.030780    1.802364    2.085811    1.816662    0.992443    1.148191    1.933216
Iteration: 540 bestvalit: 154.270000 bestmemit:    0.005699    0.013422    0.078987    0.495767    0.158285    0.154968    0.387835    0.076851    0.295781    0.644946    0.548650    2.026431    0.025935    0.003237    0.002009    9.919736    7.916644    0.030780    1.802364    2.085811    1.816662    0.992443    1.148191    1.933216
Iteration: 541 bestvalit: 154.240000 bestmemit:    0.005699    0.013422    0.078987    0.495767    0.158285    0.154968    0.387835    0.076851    0.295781    0.644946    0.548650    2.026431    0.025935    0.003237    0.002009    9.919736    7.916644    0.030780    1.802364    2.085811    2.295795    0.992443    1.148191    1.933216
Iteration: 542 bestvalit: 154.240000 bestmemit:    0.005699    0.013422    0.078987    0.495767    0.158285    0.154968    0.387835    0.076851    0.295781    0.644946    0.548650    2.026431    0.025935    0.003237    0.002009    9.919736    7.916644    0.030780    1.802364    2.085811    2.295795    0.992443    1.148191    1.933216
Iteration: 543 bestvalit: 154.240000 bestmemit:    0.005699    0.013422    0.078987    0.495767    0.158285    0.154968    0.387835    0.076851    0.295781    0.644946    0.548650    2.026431    0.025935    0.003237    0.002009    9.919736    7.916644    0.030780    1.802364    2.085811    2.295795    0.992443    1.148191    1.933216
Iteration: 544 bestvalit: 154.240000 bestmemit:    0.005699    0.013422    0.078987    0.495767    0.158285    0.154968    0.387835    0.076851    0.295781    0.644946    0.548650    2.026431    0.025935    0.003237    0.002009    9.919736    7.916644    0.030780    1.802364    2.085811    2.295795    0.992443    1.148191    1.933216
Iteration: 545 bestvalit: 154.240000 bestmemit:    0.005699    0.013422    0.078987    0.495767    0.158285    0.154968    0.387835    0.076851    0.295781    0.644946    0.548650    2.026431    0.025935    0.003237    0.002009    9.919736    7.916644    0.030780    1.802364    2.085811    2.295795    0.992443    1.148191    1.933216
Iteration: 546 bestvalit: 154.240000 bestmemit:    0.005699    0.013422    0.078987    0.495767    0.158285    0.154968    0.387835    0.076851    0.295781    0.644946    0.548650    2.026431    0.025935    0.003237    0.002009    9.919736    7.916644    0.030780    1.802364    2.085811    2.295795    0.992443    1.148191    1.933216
Iteration: 547 bestvalit: 154.240000 bestmemit:    0.005699    0.013422    0.078987    0.495767    0.158285    0.154968    0.387835    0.076851    0.295781    0.644946    0.548650    2.026431    0.025935    0.003237    0.002009    9.919736    7.916644    0.030780    1.802364    2.085811    2.295795    0.992443    1.148191    1.933216
Iteration: 548 bestvalit: 154.240000 bestmemit:    0.005699    0.013422    0.078987    0.495767    0.158285    0.154968    0.387835    0.076851    0.295781    0.644946    0.548650    2.026431    0.025935    0.003237    0.002009    9.919736    7.916644    0.030780    1.802364    2.085811    2.295795    0.992443    1.148191    1.933216
Iteration: 549 bestvalit: 154.240000 bestmemit:    0.005699    0.013422    0.078987    0.495767    0.158285    0.154968    0.387835    0.076851    0.295781    0.644946    0.548650    2.026431    0.025935    0.003237    0.002009    9.919736    7.916644    0.030780    1.802364    2.085811    2.295795    0.992443    1.148191    1.933216
Iteration: 550 bestvalit: 154.240000 bestmemit:    0.005699    0.013422    0.078987    0.495767    0.158285    0.154968    0.387835    0.076851    0.295781    0.644946    0.548650    2.026431    0.025935    0.003237    0.002009    9.919736    7.916644    0.030780    1.802364    2.085811    2.295795    0.992443    1.148191    1.933216
Iteration: 551 bestvalit: 154.240000 bestmemit:    0.005699    0.013422    0.078987    0.495767    0.158285    0.154968    0.387835    0.076851    0.295781    0.644946    0.548650    2.026431    0.025935    0.003237    0.002009    9.919736    7.916644    0.030780    1.802364    2.085811    2.295795    0.992443    1.148191    1.933216
Iteration: 552 bestvalit: 154.240000 bestmemit:    0.005699    0.013422    0.078987    0.495767    0.158285    0.154968    0.387835    0.076851    0.295781    0.644946    0.548650    2.026431    0.025935    0.003237    0.002009    9.919736    7.916644    0.030780    1.802364    2.085811    2.295795    0.992443    1.148191    1.933216
Iteration: 553 bestvalit: 154.240000 bestmemit:    0.005699    0.013422    0.078987    0.495767    0.158285    0.154968    0.387835    0.076851    0.295781    0.644946    0.548650    2.026431    0.025935    0.003237    0.002009    9.919736    7.916644    0.030780    1.802364    2.085811    2.295795    0.992443    1.148191    1.933216
Iteration: 554 bestvalit: 154.240000 bestmemit:    0.005699    0.013422    0.078987    0.495767    0.158285    0.154968    0.387835    0.076851    0.295781    0.644946    0.548650    2.026431    0.025935    0.003237    0.002009    9.919736    7.916644    0.030780    1.802364    2.085811    2.295795    0.992443    1.148191    1.933216
Iteration: 555 bestvalit: 154.240000 bestmemit:    0.005699    0.013422    0.078987    0.495767    0.158285    0.154968    0.387835    0.076851    0.295781    0.644946    0.548650    2.026431    0.025935    0.003237    0.002009    9.919736    7.916644    0.030780    1.802364    2.085811    2.295795    0.992443    1.148191    1.933216
Iteration: 556 bestvalit: 154.240000 bestmemit:    0.005699    0.013422    0.078987    0.495767    0.158285    0.154968    0.387835    0.076851    0.295781    0.644946    0.548650    2.026431    0.025935    0.003237    0.002009    9.919736    7.916644    0.030780    1.802364    2.085811    2.295795    0.992443    1.148191    1.933216
Iteration: 557 bestvalit: 154.240000 bestmemit:    0.005699    0.013422    0.078987    0.495767    0.158285    0.154968    0.387835    0.076851    0.295781    0.644946    0.548650    2.026431    0.025935    0.003237    0.002009    9.919736    7.916644    0.030780    1.802364    2.085811    2.295795    0.992443    1.148191    1.933216
Iteration: 558 bestvalit: 154.240000 bestmemit:    0.005699    0.013422    0.078987    0.495767    0.158285    0.154968    0.387835    0.076851    0.295781    0.644946    0.548650    2.026431    0.025935    0.003237    0.002009    9.919736    7.916644    0.030780    1.802364    2.085811    2.295795    0.992443    1.148191    1.933216
Iteration: 559 bestvalit: 154.240000 bestmemit:    0.005699    0.013422    0.078987    0.495767    0.158285    0.154968    0.387835    0.076851    0.295781    0.644946    0.548650    2.026431    0.025935    0.003237    0.002009    9.919736    7.916644    0.030780    1.802364    2.085811    2.295795    0.992443    1.148191    1.933216
Iteration: 560 bestvalit: 154.240000 bestmemit:    0.005699    0.013422    0.078987    0.495767    0.158285    0.154968    0.387835    0.076851    0.295781    0.644946    0.548650    2.026431    0.025935    0.003237    0.002009    9.919736    7.916644    0.030780    1.802364    2.085811    2.295795    0.992443    1.148191    1.933216
Iteration: 561 bestvalit: 154.240000 bestmemit:    0.005699    0.013422    0.078987    0.495767    0.158285    0.154968    0.387835    0.076851    0.295781    0.644946    0.548650    2.026431    0.025935    0.003237    0.002009    9.919736    7.916644    0.030780    1.802364    2.085811    2.295795    0.992443    1.148191    1.933216
Iteration: 562 bestvalit: 154.240000 bestmemit:    0.005699    0.013422    0.078987    0.495767    0.158285    0.154968    0.387835    0.076851    0.295781    0.644946    0.548650    2.026431    0.025935    0.003237    0.002009    9.919736    7.916644    0.030780    1.802364    2.085811    2.295795    0.992443    1.148191    1.933216
Iteration: 563 bestvalit: 154.240000 bestmemit:    0.005699    0.013422    0.078987    0.495767    0.158285    0.154968    0.387835    0.076851    0.295781    0.644946    0.548650    2.026431    0.025935    0.003237    0.002009    9.919736    7.916644    0.030780    1.802364    2.085811    2.295795    0.992443    1.148191    1.933216
Iteration: 564 bestvalit: 154.240000 bestmemit:    0.005699    0.013422    0.078987    0.495767    0.158285    0.154968    0.387835    0.076851    0.295781    0.644946    0.548650    2.026431    0.025935    0.003237    0.002009    9.919736    7.916644    0.030780    1.802364    2.085811    2.295795    0.992443    1.148191    1.933216
Iteration: 565 bestvalit: 154.240000 bestmemit:    0.005699    0.013422    0.078987    0.495767    0.158285    0.154968    0.387835    0.076851    0.295781    0.644946    0.548650    2.026431    0.025935    0.003237    0.002009    9.919736    7.916644    0.030780    1.802364    2.085811    2.295795    0.992443    1.148191    1.933216
Iteration: 566 bestvalit: 154.240000 bestmemit:    0.005699    0.013422    0.078987    0.495767    0.158285    0.154968    0.387835    0.076851    0.295781    0.644946    0.548650    2.026431    0.025935    0.003237    0.002009    9.919736    7.916644    0.030780    1.802364    2.085811    2.295795    0.992443    1.148191    1.933216
Iteration: 567 bestvalit: 154.240000 bestmemit:    0.005699    0.013422    0.078987    0.495767    0.158285    0.154968    0.387835    0.076851    0.295781    0.644946    0.548650    2.026431    0.025935    0.003237    0.002009    9.919736    7.916644    0.030780    1.802364    2.085811    2.295795    0.992443    1.148191    1.933216
Iteration: 568 bestvalit: 154.240000 bestmemit:    0.005699    0.013422    0.078987    0.495767    0.158285    0.154968    0.387835    0.076851    0.295781    0.644946    0.548650    2.026431    0.025935    0.003237    0.002009    9.919736    7.916644    0.030780    1.802364    2.085811    2.295795    0.992443    1.148191    1.933216
Iteration: 569 bestvalit: 154.240000 bestmemit:    0.005699    0.013422    0.078987    0.495767    0.158285    0.154968    0.387835    0.076851    0.295781    0.644946    0.548650    2.026431    0.025935    0.003237    0.002009    9.919736    7.916644    0.030780    1.802364    2.085811    2.295795    0.992443    1.148191    1.933216
Iteration: 570 bestvalit: 154.240000 bestmemit:    0.005699    0.013422    0.078987    0.495767    0.158285    0.154968    0.387835    0.076851    0.295781    0.644946    0.548650    2.026431    0.025935    0.003237    0.002009    9.919736    7.916644    0.030780    1.802364    2.085811    2.295795    0.992443    1.148191    1.933216
Iteration: 571 bestvalit: 154.240000 bestmemit:    0.005699    0.013422    0.078987    0.495767    0.158285    0.154968    0.387835    0.076851    0.295781    0.644946    0.548650    2.026431    0.025935    0.003237    0.002009    9.919736    7.916644    0.030780    1.802364    2.085811    2.295795    0.992443    1.148191    1.933216
Iteration: 572 bestvalit: 154.240000 bestmemit:    0.005699    0.013422    0.078987    0.495767    0.158285    0.154968    0.387835    0.076851    0.295781    0.644946    0.548650    2.026431    0.025935    0.003237    0.002009    9.919736    7.916644    0.030780    1.802364    2.085811    2.295795    0.992443    1.148191    1.933216
Iteration: 573 bestvalit: 154.240000 bestmemit:    0.005699    0.013422    0.078987    0.495767    0.158285    0.154968    0.387835    0.076851    0.295781    0.644946    0.548650    2.026431    0.025935    0.003237    0.002009    9.919736    7.916644    0.030780    1.802364    2.085811    2.295795    0.992443    1.148191    1.933216
Iteration: 574 bestvalit: 154.240000 bestmemit:    0.005699    0.013422    0.078987    0.495767    0.158285    0.154968    0.387835    0.076851    0.295781    0.644946    0.548650    2.026431    0.025935    0.003237    0.002009    9.919736    7.916644    0.030780    1.802364    2.085811    2.295795    0.992443    1.148191    1.933216
Iteration: 575 bestvalit: 154.240000 bestmemit:    0.005699    0.013422    0.078987    0.495767    0.158285    0.154968    0.387835    0.076851    0.295781    0.644946    0.548650    2.026431    0.025935    0.003237    0.002009    9.919736    7.916644    0.030780    1.802364    2.085811    2.295795    0.992443    1.148191    1.933216
Iteration: 576 bestvalit: 154.240000 bestmemit:    0.005699    0.013422    0.078987    0.495767    0.158285    0.154968    0.387835    0.076851    0.295781    0.644946    0.548650    2.026431    0.025935    0.003237    0.002009    9.919736    7.916644    0.030780    1.802364    2.085811    2.295795    0.992443    1.148191    1.933216
Iteration: 577 bestvalit: 154.240000 bestmemit:    0.005699    0.013422    0.078987    0.495767    0.158285    0.154968    0.387835    0.076851    0.295781    0.644946    0.548650    2.026431    0.025935    0.003237    0.002009    9.919736    7.916644    0.030780    1.802364    2.085811    2.295795    0.992443    1.148191    1.933216
Iteration: 578 bestvalit: 154.240000 bestmemit:    0.005699    0.013422    0.078987    0.495767    0.158285    0.154968    0.387835    0.076851    0.295781    0.644946    0.548650    2.026431    0.025935    0.003237    0.002009    9.919736    7.916644    0.030780    1.802364    2.085811    2.295795    0.992443    1.148191    1.933216
Iteration: 579 bestvalit: 154.240000 bestmemit:    0.005699    0.013422    0.078987    0.495767    0.158285    0.154968    0.387835    0.076851    0.295781    0.644946    0.548650    2.026431    0.025935    0.003237    0.002009    9.919736    7.916644    0.030780    1.802364    2.085811    2.295795    0.992443    1.148191    1.933216
Iteration: 580 bestvalit: 154.240000 bestmemit:    0.005699    0.013422    0.078987    0.495767    0.158285    0.154968    0.387835    0.076851    0.295781    0.644946    0.548650    2.026431    0.025935    0.003237    0.002009    9.919736    7.916644    0.030780    1.802364    2.085811    2.295795    0.992443    1.148191    1.933216
Iteration: 581 bestvalit: 154.240000 bestmemit:    0.005699    0.013422    0.078987    0.495767    0.158285    0.154968    0.387835    0.076851    0.295781    0.644946    0.548650    2.026431    0.025935    0.003237    0.002009    9.919736    7.916644    0.030780    1.802364    2.085811    2.295795    0.992443    1.148191    1.933216
Iteration: 582 bestvalit: 154.240000 bestmemit:    0.005699    0.013422    0.078987    0.495767    0.158285    0.154968    0.387835    0.076851    0.295781    0.644946    0.548650    2.026431    0.025935    0.003237    0.002009    9.919736    7.916644    0.030780    1.802364    2.085811    2.295795    0.992443    1.148191    1.933216
Iteration: 583 bestvalit: 154.240000 bestmemit:    0.005699    0.013422    0.078987    0.495767    0.158285    0.154968    0.387835    0.076851    0.295781    0.644946    0.548650    2.026431    0.025935    0.003237    0.002009    9.919736    7.916644    0.030780    1.802364    2.085811    2.295795    0.992443    1.148191    1.933216
Iteration: 584 bestvalit: 154.240000 bestmemit:    0.005699    0.013422    0.078987    0.495767    0.158285    0.154968    0.387835    0.076851    0.295781    0.644946    0.548650    2.026431    0.025935    0.003237    0.002009    9.919736    7.916644    0.030780    1.802364    2.085811    2.295795    0.992443    1.148191    1.933216
Iteration: 585 bestvalit: 154.240000 bestmemit:    0.005699    0.013422    0.078987    0.495767    0.158285    0.154968    0.387835    0.076851    0.295781    0.644946    0.548650    2.026431    0.025935    0.003237    0.002009    9.919736    7.916644    0.030780    1.802364    2.085811    2.295795    0.992443    1.148191    1.933216
Iteration: 586 bestvalit: 154.240000 bestmemit:    0.005699    0.013422    0.078987    0.495767    0.158285    0.154968    0.387835    0.076851    0.295781    0.644946    0.548650    2.026431    0.025935    0.003237    0.002009    9.919736    7.916644    0.030780    1.802364    2.085811    2.295795    0.992443    1.148191    1.933216
Iteration: 587 bestvalit: 154.240000 bestmemit:    0.005699    0.013422    0.078987    0.495767    0.158285    0.154968    0.387835    0.076851    0.295781    0.644946    0.548650    2.026431    0.025935    0.003237    0.002009    9.919736    7.916644    0.030780    1.802364    2.085811    2.295795    0.992443    1.148191    1.933216
Iteration: 588 bestvalit: 154.240000 bestmemit:    0.005699    0.013422    0.078987    0.495767    0.158285    0.154968    0.387835    0.076851    0.295781    0.644946    0.548650    2.026431    0.025935    0.003237    0.002009    9.919736    7.916644    0.030780    1.802364    2.085811    2.295795    0.992443    1.148191    1.933216
Iteration: 589 bestvalit: 154.240000 bestmemit:    0.005699    0.013422    0.078987    0.495767    0.158285    0.154968    0.387835    0.076851    0.295781    0.644946    0.548650    2.026431    0.025935    0.003237    0.002009    9.919736    7.916644    0.030780    1.802364    2.085811    2.295795    0.992443    1.148191    1.933216
Iteration: 590 bestvalit: 154.240000 bestmemit:    0.005699    0.013422    0.078987    0.495767    0.158285    0.154968    0.387835    0.076851    0.295781    0.644946    0.548650    2.026431    0.025935    0.003237    0.002009    9.919736    7.916644    0.030780    1.802364    2.085811    2.295795    0.992443    1.148191    1.933216
Iteration: 591 bestvalit: 154.240000 bestmemit:    0.005699    0.013422    0.078987    0.495767    0.158285    0.154968    0.387835    0.076851    0.295781    0.644946    0.548650    2.026431    0.025935    0.003237    0.002009    9.919736    7.916644    0.030780    1.802364    2.085811    2.295795    0.992443    1.148191    1.933216
Iteration: 592 bestvalit: 154.240000 bestmemit:    0.005699    0.013422    0.078987    0.495767    0.158285    0.154968    0.387835    0.076851    0.295781    0.644946    0.548650    2.026431    0.025935    0.003237    0.002009    9.919736    7.916644    0.030780    1.802364    2.085811    2.295795    0.992443    1.148191    1.933216
Iteration: 593 bestvalit: 154.240000 bestmemit:    0.005699    0.013422    0.078987    0.495767    0.158285    0.154968    0.387835    0.076851    0.295781    0.644946    0.548650    2.026431    0.025935    0.003237    0.002009    9.919736    7.916644    0.030780    1.802364    2.085811    2.295795    0.992443    1.148191    1.933216
Iteration: 594 bestvalit: 154.240000 bestmemit:    0.005699    0.013422    0.078987    0.495767    0.158285    0.154968    0.387835    0.076851    0.295781    0.644946    0.548650    2.026431    0.025935    0.003237    0.002009    9.919736    7.916644    0.030780    1.802364    2.085811    2.295795    0.992443    1.148191    1.933216
Iteration: 595 bestvalit: 154.240000 bestmemit:    0.005699    0.013422    0.078987    0.495767    0.158285    0.154968    0.387835    0.076851    0.295781    0.644946    0.548650    2.026431    0.025935    0.003237    0.002009    9.919736    7.916644    0.030780    1.802364    2.085811    2.295795    0.992443    1.148191    1.933216
Iteration: 596 bestvalit: 154.240000 bestmemit:    0.005699    0.013422    0.078987    0.495767    0.158285    0.154968    0.387835    0.076851    0.295781    0.644946    0.548650    2.026431    0.025935    0.003237    0.002009    9.919736    7.916644    0.030780    1.802364    2.085811    2.295795    0.992443    1.148191    1.933216
Iteration: 597 bestvalit: 154.240000 bestmemit:    0.005699    0.013422    0.078987    0.495767    0.158285    0.154968    0.387835    0.076851    0.295781    0.644946    0.548650    2.026431    0.025935    0.003237    0.002009    9.919736    7.916644    0.030780    1.802364    2.085811    2.295795    0.992443    1.148191    1.933216
Iteration: 598 bestvalit: 154.240000 bestmemit:    0.005699    0.013422    0.078987    0.495767    0.158285    0.154968    0.387835    0.076851    0.295781    0.644946    0.548650    2.026431    0.025935    0.003237    0.002009    9.919736    7.916644    0.030780    1.802364    2.085811    2.295795    0.992443    1.148191    1.933216
Iteration: 599 bestvalit: 154.240000 bestmemit:    0.005699    0.013422    0.078987    0.495767    0.158285    0.154968    0.387835    0.076851    0.295781    0.644946    0.548650    2.026431    0.025935    0.003237    0.002009    9.919736    7.916644    0.030780    1.802364    2.085811    2.295795    0.992443    1.148191    1.933216
Iteration: 600 bestvalit: 154.240000 bestmemit:    0.005699    0.013422    0.078987    0.495767    0.158285    0.154968    0.387835    0.076851    0.295781    0.644946    0.548650    2.026431    0.025935    0.003237    0.002009    9.919736    7.916644    0.030780    1.802364    2.085811    2.295795    0.992443    1.148191    1.933216
Iteration: 601 bestvalit: 154.240000 bestmemit:    0.005699    0.013422    0.078987    0.495767    0.158285    0.154968    0.387835    0.076851    0.295781    0.644946    0.548650    2.026431    0.025935    0.003237    0.002009    9.919736    7.916644    0.030780    1.802364    2.085811    2.295795    0.992443    1.148191    1.933216
Iteration: 602 bestvalit: 154.240000 bestmemit:    0.005699    0.013422    0.078987    0.495767    0.158285    0.154968    0.387835    0.076851    0.295781    0.644946    0.548650    2.026431    0.025935    0.003237    0.002009    9.919736    7.916644    0.030780    1.802364    2.085811    2.295795    0.992443    1.148191    1.933216
Iteration: 603 bestvalit: 154.240000 bestmemit:    0.005699    0.013422    0.078987    0.495767    0.158285    0.154968    0.387835    0.076851    0.295781    0.644946    0.548650    2.026431    0.025935    0.003237    0.002009    9.919736    7.916644    0.030780    1.802364    2.085811    2.295795    0.992443    1.148191    1.933216
Iteration: 604 bestvalit: 154.240000 bestmemit:    0.005699    0.013422    0.078987    0.495767    0.158285    0.154968    0.387835    0.076851    0.295781    0.644946    0.548650    2.026431    0.025935    0.003237    0.002009    9.919736    7.916644    0.030780    1.802364    2.085811    2.295795    0.992443    1.148191    1.933216
Iteration: 605 bestvalit: 154.240000 bestmemit:    0.005699    0.013422    0.078987    0.495767    0.158285    0.154968    0.387835    0.076851    0.295781    0.644946    0.548650    2.026431    0.025935    0.003237    0.002009    9.919736    7.916644    0.030780    1.802364    2.085811    2.295795    0.992443    1.148191    1.933216
Iteration: 606 bestvalit: 154.240000 bestmemit:    0.005699    0.013422    0.078987    0.495767    0.158285    0.154968    0.387835    0.076851    0.295781    0.644946    0.548650    2.026431    0.025935    0.003237    0.002009    9.919736    7.916644    0.030780    1.802364    2.085811    2.295795    0.992443    1.148191    1.933216
Iteration: 607 bestvalit: 154.240000 bestmemit:    0.005699    0.013422    0.078987    0.495767    0.158285    0.154968    0.387835    0.076851    0.295781    0.644946    0.548650    2.026431    0.025935    0.003237    0.002009    9.919736    7.916644    0.030780    1.802364    2.085811    2.295795    0.992443    1.148191    1.933216
Iteration: 608 bestvalit: 154.240000 bestmemit:    0.005699    0.013422    0.078987    0.495767    0.158285    0.154968    0.387835    0.076851    0.295781    0.644946    0.548650    2.026431    0.025935    0.003237    0.002009    9.919736    7.916644    0.030780    1.802364    2.085811    2.295795    0.992443    1.148191    1.933216
Iteration: 609 bestvalit: 154.240000 bestmemit:    0.005699    0.013422    0.078987    0.495767    0.158285    0.154968    0.387835    0.076851    0.295781    0.644946    0.548650    2.026431    0.025935    0.003237    0.002009    9.919736    7.916644    0.030780    1.802364    2.085811    2.295795    0.992443    1.148191    1.933216
Iteration: 610 bestvalit: 154.240000 bestmemit:    0.005699    0.013422    0.078987    0.495767    0.158285    0.154968    0.387835    0.076851    0.295781    0.644946    0.548650    2.026431    0.025935    0.003237    0.002009    9.919736    7.916644    0.030780    1.802364    2.085811    2.295795    0.992443    1.148191    1.933216
Iteration: 611 bestvalit: 154.240000 bestmemit:    0.005699    0.013422    0.078987    0.495767    0.158285    0.154968    0.387835    0.076851    0.295781    0.644946    0.548650    2.026431    0.025935    0.003237    0.002009    9.919736    7.916644    0.030780    1.802364    2.085811    2.295795    0.992443    1.148191    1.933216
Iteration: 612 bestvalit: 154.240000 bestmemit:    0.005699    0.013422    0.078987    0.495767    0.158285    0.154968    0.387835    0.076851    0.295781    0.644946    0.548650    2.026431    0.025935    0.003237    0.002009    9.919736    7.916644    0.030780    1.802364    2.085811    2.295795    0.992443    1.148191    1.933216
Iteration: 613 bestvalit: 154.240000 bestmemit:    0.005699    0.013422    0.078987    0.495767    0.158285    0.154968    0.387835    0.076851    0.295781    0.644946    0.548650    2.026431    0.025935    0.003237    0.002009    9.919736    7.916644    0.030780    1.802364    2.085811    2.295795    0.992443    1.148191    1.933216
Iteration: 614 bestvalit: 154.240000 bestmemit:    0.005699    0.013422    0.078987    0.495767    0.158285    0.154968    0.387835    0.076851    0.295781    0.644946    0.548650    2.026431    0.025935    0.003237    0.002009    9.919736    7.916644    0.030780    1.802364    2.085811    2.295795    0.992443    1.148191    1.933216
Iteration: 615 bestvalit: 154.240000 bestmemit:    0.005699    0.013422    0.078987    0.495767    0.158285    0.154968    0.387835    0.076851    0.295781    0.644946    0.548650    2.026431    0.025935    0.003237    0.002009    9.919736    7.916644    0.030780    1.802364    2.085811    2.295795    0.992443    1.148191    1.933216
Iteration: 616 bestvalit: 154.240000 bestmemit:    0.005699    0.013422    0.078987    0.495767    0.158285    0.154968    0.387835    0.076851    0.295781    0.644946    0.548650    2.026431    0.025935    0.003237    0.002009    9.919736    7.916644    0.030780    1.802364    2.085811    2.295795    0.992443    1.148191    1.933216
Iteration: 617 bestvalit: 154.240000 bestmemit:    0.005699    0.013422    0.078987    0.495767    0.158285    0.154968    0.387835    0.076851    0.295781    0.644946    0.548650    2.026431    0.025935    0.003237    0.002009    9.919736    7.916644    0.030780    1.802364    2.085811    2.295795    0.992443    1.148191    1.933216
Iteration: 618 bestvalit: 154.240000 bestmemit:    0.005699    0.013422    0.078987    0.495767    0.158285    0.154968    0.387835    0.076851    0.295781    0.644946    0.548650    2.026431    0.025935    0.003237    0.002009    9.919736    7.916644    0.030780    1.802364    2.085811    2.295795    0.992443    1.148191    1.933216
Iteration: 619 bestvalit: 154.240000 bestmemit:    0.005699    0.013422    0.078987    0.495767    0.158285    0.154968    0.387835    0.076851    0.295781    0.644946    0.548650    2.026431    0.025935    0.003237    0.002009    9.919736    7.916644    0.030780    1.802364    2.085811    2.295795    0.992443    1.148191    1.933216
Iteration: 620 bestvalit: 154.240000 bestmemit:    0.005699    0.013422    0.078987    0.495767    0.158285    0.154968    0.387835    0.076851    0.295781    0.644946    0.548650    2.026431    0.025935    0.003237    0.002009    9.919736    7.916644    0.030780    1.802364    2.085811    2.295795    0.992443    1.148191    1.933216
Iteration: 621 bestvalit: 154.240000 bestmemit:    0.005699    0.013422    0.078987    0.495767    0.158285    0.154968    0.387835    0.076851    0.295781    0.644946    0.548650    2.026431    0.025935    0.003237    0.002009    9.919736    7.916644    0.030780    1.802364    2.085811    2.295795    0.992443    1.148191    1.933216
Iteration: 622 bestvalit: 154.240000 bestmemit:    0.005699    0.013422    0.078987    0.495767    0.158285    0.154968    0.387835    0.076851    0.295781    0.644946    0.548650    2.026431    0.025935    0.003237    0.002009    9.919736    7.916644    0.030780    1.802364    2.085811    2.295795    0.992443    1.148191    1.933216
Iteration: 623 bestvalit: 154.240000 bestmemit:    0.005699    0.013422    0.078987    0.495767    0.158285    0.154968    0.387835    0.076851    0.295781    0.644946    0.548650    2.026431    0.025935    0.003237    0.002009    9.919736    7.916644    0.030780    1.802364    2.085811    2.295795    0.992443    1.148191    1.933216
Iteration: 624 bestvalit: 154.240000 bestmemit:    0.005699    0.013422    0.078987    0.495767    0.158285    0.154968    0.387835    0.076851    0.295781    0.644946    0.548650    2.026431    0.025935    0.003237    0.002009    9.919736    7.916644    0.030780    1.802364    2.085811    2.295795    0.992443    1.148191    1.933216
Iteration: 625 bestvalit: 154.240000 bestmemit:    0.005699    0.013422    0.078987    0.495767    0.158285    0.154968    0.387835    0.076851    0.295781    0.644946    0.548650    2.026431    0.025935    0.003237    0.002009    9.919736    7.916644    0.030780    1.802364    2.085811    2.295795    0.992443    1.148191    1.933216
Iteration: 626 bestvalit: 154.240000 bestmemit:    0.005699    0.013422    0.078987    0.495767    0.158285    0.154968    0.387835    0.076851    0.295781    0.644946    0.548650    2.026431    0.025935    0.003237    0.002009    9.919736    7.916644    0.030780    1.802364    2.085811    2.295795    0.992443    1.148191    1.933216
Iteration: 627 bestvalit: 154.240000 bestmemit:    0.005699    0.013422    0.078987    0.495767    0.158285    0.154968    0.387835    0.076851    0.295781    0.644946    0.548650    2.026431    0.025935    0.003237    0.002009    9.919736    7.916644    0.030780    1.802364    2.085811    2.295795    0.992443    1.148191    1.933216
Iteration: 628 bestvalit: 154.240000 bestmemit:    0.005699    0.013422    0.078987    0.495767    0.158285    0.154968    0.387835    0.076851    0.295781    0.644946    0.548650    2.026431    0.025935    0.003237    0.002009    9.919736    7.916644    0.030780    1.802364    2.085811    2.295795    0.992443    1.148191    1.933216
Iteration: 629 bestvalit: 154.240000 bestmemit:    0.005699    0.013422    0.078987    0.495767    0.158285    0.154968    0.387835    0.076851    0.295781    0.644946    0.548650    2.026431    0.025935    0.003237    0.002009    9.919736    7.916644    0.030780    1.802364    2.085811    2.295795    0.992443    1.148191    1.933216
Iteration: 630 bestvalit: 154.240000 bestmemit:    0.005699    0.013422    0.078987    0.495767    0.158285    0.154968    0.387835    0.076851    0.295781    0.644946    0.548650    2.026431    0.025935    0.003237    0.002009    9.919736    7.916644    0.030780    1.802364    2.085811    2.295795    0.992443    1.148191    1.933216
Iteration: 631 bestvalit: 154.240000 bestmemit:    0.005699    0.013422    0.078987    0.495767    0.158285    0.154968    0.387835    0.076851    0.295781    0.644946    0.548650    2.026431    0.025935    0.003237    0.002009    9.919736    7.916644    0.030780    1.802364    2.085811    2.295795    0.992443    1.148191    1.933216
Iteration: 632 bestvalit: 154.240000 bestmemit:    0.005699    0.013422    0.078987    0.495767    0.158285    0.154968    0.387835    0.076851    0.295781    0.644946    0.548650    2.026431    0.025935    0.003237    0.002009    9.919736    7.916644    0.030780    1.802364    2.085811    2.295795    0.992443    1.148191    1.933216
Iteration: 633 bestvalit: 154.240000 bestmemit:    0.005699    0.013422    0.078987    0.495767    0.158285    0.154968    0.387835    0.076851    0.295781    0.644946    0.548650    2.026431    0.025935    0.003237    0.002009    9.919736    7.916644    0.030780    1.802364    2.085811    2.295795    0.992443    1.148191    1.933216
Iteration: 634 bestvalit: 154.240000 bestmemit:    0.005699    0.013422    0.078987    0.495767    0.158285    0.154968    0.387835    0.076851    0.295781    0.644946    0.548650    2.026431    0.025935    0.003237    0.002009    9.919736    7.916644    0.030780    1.802364    2.085811    2.295795    0.992443    1.148191    1.933216
Iteration: 635 bestvalit: 154.240000 bestmemit:    0.005699    0.013422    0.078987    0.495767    0.158285    0.154968    0.387835    0.076851    0.295781    0.644946    0.548650    2.026431    0.025935    0.003237    0.002009    9.919736    7.916644    0.030780    1.802364    2.085811    2.295795    0.992443    1.148191    1.933216
Iteration: 636 bestvalit: 154.240000 bestmemit:    0.005699    0.013422    0.078987    0.495767    0.158285    0.154968    0.387835    0.076851    0.295781    0.644946    0.548650    2.026431    0.025935    0.003237    0.002009    9.919736    7.916644    0.030780    1.802364    2.085811    2.295795    0.992443    1.148191    1.933216
Iteration: 637 bestvalit: 154.240000 bestmemit:    0.005699    0.013422    0.078987    0.495767    0.158285    0.154968    0.387835    0.076851    0.295781    0.644946    0.548650    2.026431    0.025935    0.003237    0.002009    9.919736    7.916644    0.030780    1.802364    2.085811    2.295795    0.992443    1.148191    1.933216
Iteration: 638 bestvalit: 154.240000 bestmemit:    0.005699    0.013422    0.078987    0.495767    0.158285    0.154968    0.387835    0.076851    0.295781    0.644946    0.548650    2.026431    0.025935    0.003237    0.002009    9.919736    7.916644    0.030780    1.802364    2.085811    2.295795    0.992443    1.148191    1.933216
Iteration: 639 bestvalit: 154.240000 bestmemit:    0.005699    0.013422    0.078987    0.495767    0.158285    0.154968    0.387835    0.076851    0.295781    0.644946    0.548650    2.026431    0.025935    0.003237    0.002009    9.919736    7.916644    0.030780    1.802364    2.085811    2.295795    0.992443    1.148191    1.933216
Iteration: 640 bestvalit: 154.240000 bestmemit:    0.005699    0.013422    0.078987    0.495767    0.158285    0.154968    0.387835    0.076851    0.295781    0.644946    0.548650    2.026431    0.025935    0.003237    0.002009    9.919736    7.916644    0.030780    1.802364    2.085811    2.295795    0.992443    1.148191    1.933216
Iteration: 641 bestvalit: 154.240000 bestmemit:    0.005699    0.013422    0.078987    0.495767    0.158285    0.154968    0.387835    0.076851    0.295781    0.644946    0.548650    2.026431    0.025935    0.003237    0.002009    9.919736    7.916644    0.030780    1.802364    2.085811    2.295795    0.992443    1.148191    1.933216
Iteration: 642 bestvalit: 154.240000 bestmemit:    0.005699    0.013422    0.078987    0.495767    0.158285    0.154968    0.387835    0.076851    0.295781    0.644946    0.548650    2.026431    0.025935    0.003237    0.002009    9.919736    7.916644    0.030780    1.802364    2.085811    2.295795    0.992443    1.148191    1.933216
Iteration: 643 bestvalit: 154.240000 bestmemit:    0.005699    0.013422    0.078987    0.495767    0.158285    0.154968    0.387835    0.076851    0.295781    0.644946    0.548650    2.026431    0.025935    0.003237    0.002009    9.919736    7.916644    0.030780    1.802364    2.085811    2.295795    0.992443    1.148191    1.933216
Iteration: 644 bestvalit: 154.240000 bestmemit:    0.005699    0.013422    0.078987    0.495767    0.158285    0.154968    0.387835    0.076851    0.295781    0.644946    0.548650    2.026431    0.025935    0.003237    0.002009    9.919736    7.916644    0.030780    1.802364    2.085811    2.295795    0.992443    1.148191    1.933216
Iteration: 645 bestvalit: 154.240000 bestmemit:    0.005699    0.013422    0.078987    0.495767    0.158285    0.154968    0.387835    0.076851    0.295781    0.644946    0.548650    2.026431    0.025935    0.003237    0.002009    9.919736    7.916644    0.030780    1.802364    2.085811    2.295795    0.992443    1.148191    1.933216
Iteration: 646 bestvalit: 154.240000 bestmemit:    0.005699    0.013422    0.078987    0.495767    0.158285    0.154968    0.387835    0.076851    0.295781    0.644946    0.548650    2.026431    0.025935    0.003237    0.002009    9.919736    7.916644    0.030780    1.802364    2.085811    2.295795    0.992443    1.148191    1.933216
Iteration: 647 bestvalit: 154.240000 bestmemit:    0.005699    0.013422    0.078987    0.495767    0.158285    0.154968    0.387835    0.076851    0.295781    0.644946    0.548650    2.026431    0.025935    0.003237    0.002009    9.919736    7.916644    0.030780    1.802364    2.085811    2.295795    0.992443    1.148191    1.933216
Iteration: 648 bestvalit: 154.240000 bestmemit:    0.005699    0.013422    0.078987    0.495767    0.158285    0.154968    0.387835    0.076851    0.295781    0.644946    0.548650    2.026431    0.025935    0.003237    0.002009    9.919736    7.916644    0.030780    1.802364    2.085811    2.295795    0.992443    1.148191    1.933216
Iteration: 649 bestvalit: 154.240000 bestmemit:    0.005699    0.013422    0.078987    0.495767    0.158285    0.154968    0.387835    0.076851    0.295781    0.644946    0.548650    2.026431    0.025935    0.003237    0.002009    9.919736    7.916644    0.030780    1.802364    2.085811    2.295795    0.992443    1.148191    1.933216
Iteration: 650 bestvalit: 154.240000 bestmemit:    0.005699    0.013422    0.078987    0.495767    0.158285    0.154968    0.387835    0.076851    0.295781    0.644946    0.548650    2.026431    0.025935    0.003237    0.002009    9.919736    7.916644    0.030780    1.802364    2.085811    2.295795    0.992443    1.148191    1.933216
Iteration: 651 bestvalit: 154.240000 bestmemit:    0.005699    0.013422    0.078987    0.495767    0.158285    0.154968    0.387835    0.076851    0.295781    0.644946    0.548650    2.026431    0.025935    0.003237    0.002009    9.919736    7.916644    0.030780    1.802364    2.085811    2.295795    0.992443    1.148191    1.933216
Iteration: 652 bestvalit: 154.240000 bestmemit:    0.005699    0.013422    0.078987    0.495767    0.158285    0.154968    0.387835    0.076851    0.295781    0.644946    0.548650    2.026431    0.025935    0.003237    0.002009    9.919736    7.916644    0.030780    1.802364    2.085811    2.295795    0.992443    1.148191    1.933216
Iteration: 653 bestvalit: 154.240000 bestmemit:    0.005699    0.013422    0.078987    0.495767    0.158285    0.154968    0.387835    0.076851    0.295781    0.644946    0.548650    2.026431    0.025935    0.003237    0.002009    9.919736    7.916644    0.030780    1.802364    2.085811    2.295795    0.992443    1.148191    1.933216
Iteration: 654 bestvalit: 154.240000 bestmemit:    0.005699    0.013422    0.078987    0.495767    0.158285    0.154968    0.387835    0.076851    0.295781    0.644946    0.548650    2.026431    0.025935    0.003237    0.002009    9.919736    7.916644    0.030780    1.802364    2.085811    2.295795    0.992443    1.148191    1.933216
Iteration: 655 bestvalit: 154.240000 bestmemit:    0.005699    0.013422    0.078987    0.495767    0.158285    0.154968    0.387835    0.076851    0.295781    0.644946    0.548650    2.026431    0.025935    0.003237    0.002009    9.919736    7.916644    0.030780    1.802364    2.085811    2.295795    0.992443    1.148191    1.933216
Iteration: 656 bestvalit: 154.240000 bestmemit:    0.005699    0.013422    0.078987    0.495767    0.158285    0.154968    0.387835    0.076851    0.295781    0.644946    0.548650    2.026431    0.025935    0.003237    0.002009    9.919736    7.916644    0.030780    1.802364    2.085811    2.295795    0.992443    1.148191    1.933216
Iteration: 657 bestvalit: 154.240000 bestmemit:    0.005699    0.013422    0.078987    0.495767    0.158285    0.154968    0.387835    0.076851    0.295781    0.644946    0.548650    2.026431    0.025935    0.003237    0.002009    9.919736    7.916644    0.030780    1.802364    2.085811    2.295795    0.992443    1.148191    1.933216
Iteration: 658 bestvalit: 154.240000 bestmemit:    0.005699    0.013422    0.078987    0.495767    0.158285    0.154968    0.387835    0.076851    0.295781    0.644946    0.548650    2.026431    0.025935    0.003237    0.002009    9.919736    7.916644    0.030780    1.802364    2.085811    2.295795    0.992443    1.148191    1.933216
Iteration: 659 bestvalit: 154.240000 bestmemit:    0.005699    0.013422    0.078987    0.495767    0.158285    0.154968    0.387835    0.076851    0.295781    0.644946    0.548650    2.026431    0.025935    0.003237    0.002009    9.919736    7.916644    0.030780    1.802364    2.085811    2.295795    0.992443    1.148191    1.933216
Iteration: 660 bestvalit: 154.240000 bestmemit:    0.005699    0.013422    0.078987    0.495767    0.158285    0.154968    0.387835    0.076851    0.295781    0.644946    0.548650    2.026431    0.025935    0.003237    0.002009    9.919736    7.916644    0.030780    1.802364    2.085811    2.295795    0.992443    1.148191    1.933216
Iteration: 661 bestvalit: 154.240000 bestmemit:    0.005699    0.013422    0.078987    0.495767    0.158285    0.154968    0.387835    0.076851    0.295781    0.644946    0.548650    2.026431    0.025935    0.003237    0.002009    9.919736    7.916644    0.030780    1.802364    2.085811    2.295795    0.992443    1.148191    1.933216
Iteration: 662 bestvalit: 154.240000 bestmemit:    0.005699    0.013422    0.078987    0.495767    0.158285    0.154968    0.387835    0.076851    0.295781    0.644946    0.548650    2.026431    0.025935    0.003237    0.002009    9.919736    7.916644    0.030780    1.802364    2.085811    2.295795    0.992443    1.148191    1.933216
Iteration: 663 bestvalit: 154.240000 bestmemit:    0.005699    0.013422    0.078987    0.495767    0.158285    0.154968    0.387835    0.076851    0.295781    0.644946    0.548650    2.026431    0.025935    0.003237    0.002009    9.919736    7.916644    0.030780    1.802364    2.085811    2.295795    0.992443    1.148191    1.933216
Iteration: 664 bestvalit: 154.240000 bestmemit:    0.005699    0.013422    0.078987    0.495767    0.158285    0.154968    0.387835    0.076851    0.295781    0.644946    0.548650    2.026431    0.025935    0.003237    0.002009    9.919736    7.916644    0.030780    1.802364    2.085811    2.295795    0.992443    1.148191    1.933216
Iteration: 665 bestvalit: 154.240000 bestmemit:    0.005699    0.013422    0.078987    0.495767    0.158285    0.154968    0.387835    0.076851    0.295781    0.644946    0.548650    2.026431    0.025935    0.003237    0.002009    9.919736    7.916644    0.030780    1.802364    2.085811    2.295795    0.992443    1.148191    1.933216
Iteration: 666 bestvalit: 154.240000 bestmemit:    0.005699    0.013422    0.078987    0.495767    0.158285    0.154968    0.387835    0.076851    0.295781    0.644946    0.548650    2.026431    0.025935    0.003237    0.002009    9.919736    7.916644    0.030780    1.802364    2.085811    2.295795    0.992443    1.148191    1.933216
Iteration: 667 bestvalit: 154.240000 bestmemit:    0.005699    0.013422    0.078987    0.495767    0.158285    0.154968    0.387835    0.076851    0.295781    0.644946    0.548650    2.026431    0.025935    0.003237    0.002009    9.919736    7.916644    0.030780    1.802364    2.085811    2.295795    0.992443    1.148191    1.933216
Iteration: 668 bestvalit: 154.240000 bestmemit:    0.005699    0.013422    0.078987    0.495767    0.158285    0.154968    0.387835    0.076851    0.295781    0.644946    0.548650    2.026431    0.025935    0.003237    0.002009    9.919736    7.916644    0.030780    1.802364    2.085811    2.295795    0.992443    1.148191    1.933216
Iteration: 669 bestvalit: 154.240000 bestmemit:    0.005699    0.013422    0.078987    0.495767    0.158285    0.154968    0.387835    0.076851    0.295781    0.644946    0.548650    2.026431    0.025935    0.003237    0.002009    9.919736    7.916644    0.030780    1.802364    2.085811    2.295795    0.992443    1.148191    1.933216
Iteration: 670 bestvalit: 154.240000 bestmemit:    0.005699    0.013422    0.078987    0.495767    0.158285    0.154968    0.387835    0.076851    0.295781    0.644946    0.548650    2.026431    0.025935    0.003237    0.002009    9.919736    7.916644    0.030780    1.802364    2.085811    2.295795    0.992443    1.148191    1.933216
Iteration: 671 bestvalit: 154.240000 bestmemit:    0.005699    0.013422    0.078987    0.495767    0.158285    0.154968    0.387835    0.076851    0.295781    0.644946    0.548650    2.026431    0.025935    0.003237    0.002009    9.919736    7.916644    0.030780    1.802364    2.085811    2.295795    0.992443    1.148191    1.933216
Iteration: 672 bestvalit: 154.240000 bestmemit:    0.005699    0.013422    0.078987    0.495767    0.158285    0.154968    0.387835    0.076851    0.295781    0.644946    0.548650    2.026431    0.025935    0.003237    0.002009    9.919736    7.916644    0.030780    1.802364    2.085811    2.295795    0.992443    1.148191    1.933216
Iteration: 673 bestvalit: 154.240000 bestmemit:    0.005699    0.013422    0.078987    0.495767    0.158285    0.154968    0.387835    0.076851    0.295781    0.644946    0.548650    2.026431    0.025935    0.003237    0.002009    9.919736    7.916644    0.030780    1.802364    2.085811    2.295795    0.992443    1.148191    1.933216
Iteration: 674 bestvalit: 154.240000 bestmemit:    0.005699    0.013422    0.078987    0.495767    0.158285    0.154968    0.387835    0.076851    0.295781    0.644946    0.548650    2.026431    0.025935    0.003237    0.002009    9.919736    7.916644    0.030780    1.802364    2.085811    2.295795    0.992443    1.148191    1.933216
Iteration: 675 bestvalit: 154.240000 bestmemit:    0.005699    0.013422    0.078987    0.495767    0.158285    0.154968    0.387835    0.076851    0.295781    0.644946    0.548650    2.026431    0.025935    0.003237    0.002009    9.919736    7.916644    0.030780    1.802364    2.085811    2.295795    0.992443    1.148191    1.933216
Iteration: 676 bestvalit: 154.240000 bestmemit:    0.005699    0.013422    0.078987    0.495767    0.158285    0.154968    0.387835    0.076851    0.295781    0.644946    0.548650    2.026431    0.025935    0.003237    0.002009    9.919736    7.916644    0.030780    1.802364    2.085811    2.295795    0.992443    1.148191    1.933216
Iteration: 677 bestvalit: 154.240000 bestmemit:    0.005699    0.013422    0.078987    0.495767    0.158285    0.154968    0.387835    0.076851    0.295781    0.644946    0.548650    2.026431    0.025935    0.003237    0.002009    9.919736    7.916644    0.030780    1.802364    2.085811    2.295795    0.992443    1.148191    1.933216
Iteration: 678 bestvalit: 154.240000 bestmemit:    0.005699    0.013422    0.078987    0.495767    0.158285    0.154968    0.387835    0.076851    0.295781    0.644946    0.548650    2.026431    0.025935    0.003237    0.002009    9.919736    7.916644    0.030780    1.802364    2.085811    2.295795    0.992443    1.148191    1.933216
Iteration: 679 bestvalit: 154.240000 bestmemit:    0.005699    0.013422    0.078987    0.495767    0.158285    0.154968    0.387835    0.076851    0.295781    0.644946    0.548650    2.026431    0.025935    0.003237    0.002009    9.919736    7.916644    0.030780    1.802364    2.085811    2.295795    0.992443    1.148191    1.933216
Iteration: 680 bestvalit: 154.240000 bestmemit:    0.005699    0.013422    0.078987    0.495767    0.158285    0.154968    0.387835    0.076851    0.295781    0.644946    0.548650    2.026431    0.025935    0.003237    0.002009    9.919736    7.916644    0.030780    1.802364    2.085811    2.295795    0.992443    1.148191    1.933216
Iteration: 681 bestvalit: 154.240000 bestmemit:    0.005699    0.013422    0.078987    0.495767    0.158285    0.154968    0.387835    0.076851    0.295781    0.644946    0.548650    2.026431    0.025935    0.003237    0.002009    9.919736    7.916644    0.030780    1.802364    2.085811    2.295795    0.992443    1.148191    1.933216
Iteration: 682 bestvalit: 154.240000 bestmemit:    0.005699    0.013422    0.078987    0.495767    0.158285    0.154968    0.387835    0.076851    0.295781    0.644946    0.548650    2.026431    0.025935    0.003237    0.002009    9.919736    7.916644    0.030780    1.802364    2.085811    2.295795    0.992443    1.148191    1.933216
Iteration: 683 bestvalit: 154.240000 bestmemit:    0.005699    0.013422    0.078987    0.495767    0.158285    0.154968    0.387835    0.076851    0.295781    0.644946    0.548650    2.026431    0.025935    0.003237    0.002009    9.919736    7.916644    0.030780    1.802364    2.085811    2.295795    0.992443    1.148191    1.933216
Iteration: 684 bestvalit: 154.240000 bestmemit:    0.005699    0.013422    0.078987    0.495767    0.158285    0.154968    0.387835    0.076851    0.295781    0.644946    0.548650    2.026431    0.025935    0.003237    0.002009    9.919736    7.916644    0.030780    1.802364    2.085811    2.295795    0.992443    1.148191    1.933216
Iteration: 685 bestvalit: 154.240000 bestmemit:    0.005699    0.013422    0.078987    0.495767    0.158285    0.154968    0.387835    0.076851    0.295781    0.644946    0.548650    2.026431    0.025935    0.003237    0.002009    9.919736    7.916644    0.030780    1.802364    2.085811    2.295795    0.992443    1.148191    1.933216
Iteration: 686 bestvalit: 154.240000 bestmemit:    0.005699    0.013422    0.078987    0.495767    0.158285    0.154968    0.387835    0.076851    0.295781    0.644946    0.548650    2.026431    0.025935    0.003237    0.002009    9.919736    7.916644    0.030780    1.802364    2.085811    2.295795    0.992443    1.148191    1.933216
Iteration: 687 bestvalit: 154.240000 bestmemit:    0.005699    0.013422    0.078987    0.495767    0.158285    0.154968    0.387835    0.076851    0.295781    0.644946    0.548650    2.026431    0.025935    0.003237    0.002009    9.919736    7.916644    0.030780    1.802364    2.085811    2.295795    0.992443    1.148191    1.933216
Iteration: 688 bestvalit: 154.240000 bestmemit:    0.005699    0.013422    0.078987    0.495767    0.158285    0.154968    0.387835    0.076851    0.295781    0.644946    0.548650    2.026431    0.025935    0.003237    0.002009    9.919736    7.916644    0.030780    1.802364    2.085811    2.295795    0.992443    1.148191    1.933216
Iteration: 689 bestvalit: 154.240000 bestmemit:    0.005699    0.013422    0.078987    0.495767    0.158285    0.154968    0.387835    0.076851    0.295781    0.644946    0.548650    2.026431    0.025935    0.003237    0.002009    9.919736    7.916644    0.030780    1.802364    2.085811    2.295795    0.992443    1.148191    1.933216
Iteration: 690 bestvalit: 154.240000 bestmemit:    0.005699    0.013422    0.078987    0.495767    0.158285    0.154968    0.387835    0.076851    0.295781    0.644946    0.548650    2.026431    0.025935    0.003237    0.002009    9.919736    7.916644    0.030780    1.802364    2.085811    2.295795    0.992443    1.148191    1.933216
Iteration: 691 bestvalit: 154.240000 bestmemit:    0.005699    0.013422    0.078987    0.495767    0.158285    0.154968    0.387835    0.076851    0.295781    0.644946    0.548650    2.026431    0.025935    0.003237    0.002009    9.919736    7.916644    0.030780    1.802364    2.085811    2.295795    0.992443    1.148191    1.933216
Iteration: 692 bestvalit: 154.240000 bestmemit:    0.005699    0.013422    0.078987    0.495767    0.158285    0.154968    0.387835    0.076851    0.295781    0.644946    0.548650    2.026431    0.025935    0.003237    0.002009    9.919736    7.916644    0.030780    1.802364    2.085811    2.295795    0.992443    1.148191    1.933216
Iteration: 693 bestvalit: 154.240000 bestmemit:    0.005699    0.013422    0.078987    0.495767    0.158285    0.154968    0.387835    0.076851    0.295781    0.644946    0.548650    2.026431    0.025935    0.003237    0.002009    9.919736    7.916644    0.030780    1.802364    2.085811    2.295795    0.992443    1.148191    1.933216
Iteration: 694 bestvalit: 154.240000 bestmemit:    0.005699    0.013422    0.078987    0.495767    0.158285    0.154968    0.387835    0.076851    0.295781    0.644946    0.548650    2.026431    0.025935    0.003237    0.002009    9.919736    7.916644    0.030780    1.802364    2.085811    2.295795    0.992443    1.148191    1.933216
Iteration: 695 bestvalit: 154.240000 bestmemit:    0.005699    0.013422    0.078987    0.495767    0.158285    0.154968    0.387835    0.076851    0.295781    0.644946    0.548650    2.026431    0.025935    0.003237    0.002009    9.919736    7.916644    0.030780    1.802364    2.085811    2.295795    0.992443    1.148191    1.933216
Iteration: 696 bestvalit: 154.240000 bestmemit:    0.005699    0.013422    0.078987    0.495767    0.158285    0.154968    0.387835    0.076851    0.295781    0.644946    0.548650    2.026431    0.025935    0.003237    0.002009    9.919736    7.916644    0.030780    1.802364    2.085811    2.295795    0.992443    1.148191    1.933216
Iteration: 697 bestvalit: 154.240000 bestmemit:    0.005699    0.013422    0.078987    0.495767    0.158285    0.154968    0.387835    0.076851    0.295781    0.644946    0.548650    2.026431    0.025935    0.003237    0.002009    9.919736    7.916644    0.030780    1.802364    2.085811    2.295795    0.992443    1.148191    1.933216
Iteration: 698 bestvalit: 154.240000 bestmemit:    0.005699    0.013422    0.078987    0.495767    0.158285    0.154968    0.387835    0.076851    0.295781    0.644946    0.548650    2.026431    0.025935    0.003237    0.002009    9.919736    7.916644    0.030780    1.802364    2.085811    2.295795    0.992443    1.148191    1.933216
Iteration: 699 bestvalit: 154.240000 bestmemit:    0.005699    0.013422    0.078987    0.495767    0.158285    0.154968    0.387835    0.076851    0.295781    0.644946    0.548650    2.026431    0.025935    0.003237    0.002009    9.919736    7.916644    0.030780    1.802364    2.085811    2.295795    0.992443    1.148191    1.933216
Iteration: 700 bestvalit: 154.240000 bestmemit:    0.005699    0.013422    0.078987    0.495767    0.158285    0.154968    0.387835    0.076851    0.295781    0.644946    0.548650    2.026431    0.025935    0.003237    0.002009    9.919736    7.916644    0.030780    1.802364    2.085811    2.295795    0.992443    1.148191    1.933216
Iteration: 701 bestvalit: 154.240000 bestmemit:    0.005699    0.013422    0.078987    0.495767    0.158285    0.154968    0.387835    0.076851    0.295781    0.644946    0.548650    2.026431    0.025935    0.003237    0.002009    9.919736    7.916644    0.030780    1.802364    2.085811    2.295795    0.992443    1.148191    1.933216
Iteration: 702 bestvalit: 154.240000 bestmemit:    0.005699    0.013422    0.078987    0.495767    0.158285    0.154968    0.387835    0.076851    0.295781    0.644946    0.548650    2.026431    0.025935    0.003237    0.002009    9.919736    7.916644    0.030780    1.802364    2.085811    2.295795    0.992443    1.148191    1.933216
Iteration: 703 bestvalit: 154.240000 bestmemit:    0.005699    0.013422    0.078987    0.495767    0.158285    0.154968    0.387835    0.076851    0.295781    0.644946    0.548650    2.026431    0.025935    0.003237    0.002009    9.919736    7.916644    0.030780    1.802364    2.085811    2.295795    0.992443    1.148191    1.933216
Iteration: 704 bestvalit: 154.240000 bestmemit:    0.005699    0.013422    0.078987    0.495767    0.158285    0.154968    0.387835    0.076851    0.295781    0.644946    0.548650    2.026431    0.025935    0.003237    0.002009    9.919736    7.916644    0.030780    1.802364    2.085811    2.295795    0.992443    1.148191    1.933216
Iteration: 705 bestvalit: 154.240000 bestmemit:    0.005699    0.013422    0.078987    0.495767    0.158285    0.154968    0.387835    0.076851    0.295781    0.644946    0.548650    2.026431    0.025935    0.003237    0.002009    9.919736    7.916644    0.030780    1.802364    2.085811    2.295795    0.992443    1.148191    1.933216
Iteration: 706 bestvalit: 154.240000 bestmemit:    0.005699    0.013422    0.078987    0.495767    0.158285    0.154968    0.387835    0.076851    0.295781    0.644946    0.548650    2.026431    0.025935    0.003237    0.002009    9.919736    7.916644    0.030780    1.802364    2.085811    2.295795    0.992443    1.148191    1.933216
Iteration: 707 bestvalit: 154.240000 bestmemit:    0.005699    0.013422    0.078987    0.495767    0.158285    0.154968    0.387835    0.076851    0.295781    0.644946    0.548650    2.026431    0.025935    0.003237    0.002009    9.919736    7.916644    0.030780    1.802364    2.085811    2.295795    0.992443    1.148191    1.933216
Iteration: 708 bestvalit: 154.240000 bestmemit:    0.005699    0.013422    0.078987    0.495767    0.158285    0.154968    0.387835    0.076851    0.295781    0.644946    0.548650    2.026431    0.025935    0.003237    0.002009    9.919736    7.916644    0.030780    1.802364    2.085811    2.295795    0.992443    1.148191    1.933216
Iteration: 709 bestvalit: 154.240000 bestmemit:    0.005699    0.013422    0.078987    0.495767    0.158285    0.154968    0.387835    0.076851    0.295781    0.644946    0.548650    2.026431    0.025935    0.003237    0.002009    9.919736    7.916644    0.030780    1.802364    2.085811    2.295795    0.992443    1.148191    1.933216
Iteration: 710 bestvalit: 154.240000 bestmemit:    0.005699    0.013422    0.078987    0.495767    0.158285    0.154968    0.387835    0.076851    0.295781    0.644946    0.548650    2.026431    0.025935    0.003237    0.002009    9.919736    7.916644    0.030780    1.802364    2.085811    2.295795    0.992443    1.148191    1.933216
Iteration: 711 bestvalit: 154.240000 bestmemit:    0.005699    0.013422    0.078987    0.495767    0.158285    0.154968    0.387835    0.076851    0.295781    0.644946    0.548650    2.026431    0.025935    0.003237    0.002009    9.919736    7.916644    0.030780    1.802364    2.085811    2.295795    0.992443    1.148191    1.933216
Iteration: 712 bestvalit: 154.240000 bestmemit:    0.005699    0.013422    0.078987    0.495767    0.158285    0.154968    0.387835    0.076851    0.295781    0.644946    0.548650    2.026431    0.025935    0.003237    0.002009    9.919736    7.916644    0.030780    1.802364    2.085811    2.295795    0.992443    1.148191    1.933216
Iteration: 713 bestvalit: 154.240000 bestmemit:    0.005699    0.013422    0.078987    0.495767    0.158285    0.154968    0.387835    0.076851    0.295781    0.644946    0.548650    2.026431    0.025935    0.003237    0.002009    9.919736    7.916644    0.030780    1.802364    2.085811    2.295795    0.992443    1.148191    1.933216
Iteration: 714 bestvalit: 154.240000 bestmemit:    0.005699    0.013422    0.078987    0.495767    0.158285    0.154968    0.387835    0.076851    0.295781    0.644946    0.548650    2.026431    0.025935    0.003237    0.002009    9.919736    7.916644    0.030780    1.802364    2.085811    2.295795    0.992443    1.148191    1.933216
Iteration: 715 bestvalit: 154.240000 bestmemit:    0.005699    0.013422    0.078987    0.495767    0.158285    0.154968    0.387835    0.076851    0.295781    0.644946    0.548650    2.026431    0.025935    0.003237    0.002009    9.919736    7.916644    0.030780    1.802364    2.085811    2.295795    0.992443    1.148191    1.933216
Iteration: 716 bestvalit: 154.240000 bestmemit:    0.005699    0.013422    0.078987    0.495767    0.158285    0.154968    0.387835    0.076851    0.295781    0.644946    0.548650    2.026431    0.025935    0.003237    0.002009    9.919736    7.916644    0.030780    1.802364    2.085811    2.295795    0.992443    1.148191    1.933216
Iteration: 717 bestvalit: 154.240000 bestmemit:    0.005699    0.013422    0.078987    0.495767    0.158285    0.154968    0.387835    0.076851    0.295781    0.644946    0.548650    2.026431    0.025935    0.003237    0.002009    9.919736    7.916644    0.030780    1.802364    2.085811    2.295795    0.992443    1.148191    1.933216
Iteration: 718 bestvalit: 154.240000 bestmemit:    0.005699    0.013422    0.078987    0.495767    0.158285    0.154968    0.387835    0.076851    0.295781    0.644946    0.548650    2.026431    0.025935    0.003237    0.002009    9.919736    7.916644    0.030780    1.802364    2.085811    2.295795    0.992443    1.148191    1.933216
Iteration: 719 bestvalit: 154.240000 bestmemit:    0.005699    0.013422    0.078987    0.495767    0.158285    0.154968    0.387835    0.076851    0.295781    0.644946    0.548650    2.026431    0.025935    0.003237    0.002009    9.919736    7.916644    0.030780    1.802364    2.085811    2.295795    0.992443    1.148191    1.933216
Iteration: 720 bestvalit: 154.240000 bestmemit:    0.005699    0.013422    0.078987    0.495767    0.158285    0.154968    0.387835    0.076851    0.295781    0.644946    0.548650    2.026431    0.025935    0.003237    0.002009    9.919736    7.916644    0.030780    1.802364    2.085811    2.295795    0.992443    1.148191    1.933216
Iteration: 721 bestvalit: 154.240000 bestmemit:    0.005699    0.013422    0.078987    0.495767    0.158285    0.154968    0.387835    0.076851    0.295781    0.644946    0.548650    2.026431    0.025935    0.003237    0.002009    9.919736    7.916644    0.030780    1.802364    2.085811    2.295795    0.992443    1.148191    1.933216
Iteration: 722 bestvalit: 154.240000 bestmemit:    0.005699    0.013422    0.078987    0.495767    0.158285    0.154968    0.387835    0.076851    0.295781    0.644946    0.548650    2.026431    0.025935    0.003237    0.002009    9.919736    7.916644    0.030780    1.802364    2.085811    2.295795    0.992443    1.148191    1.933216
Iteration: 723 bestvalit: 154.240000 bestmemit:    0.005699    0.013422    0.078987    0.495767    0.158285    0.154968    0.387835    0.076851    0.295781    0.644946    0.548650    2.026431    0.025935    0.003237    0.002009    9.919736    7.916644    0.030780    1.802364    2.085811    2.295795    0.992443    1.148191    1.933216
Iteration: 724 bestvalit: 154.240000 bestmemit:    0.005699    0.013422    0.078987    0.495767    0.158285    0.154968    0.387835    0.076851    0.295781    0.644946    0.548650    2.026431    0.025935    0.003237    0.002009    9.919736    7.916644    0.030780    1.802364    2.085811    2.295795    0.992443    1.148191    1.933216
Iteration: 725 bestvalit: 154.240000 bestmemit:    0.005699    0.013422    0.078987    0.495767    0.158285    0.154968    0.387835    0.076851    0.295781    0.644946    0.548650    2.026431    0.025935    0.003237    0.002009    9.919736    7.916644    0.030780    1.802364    2.085811    2.295795    0.992443    1.148191    1.933216
Iteration: 726 bestvalit: 154.240000 bestmemit:    0.005699    0.013422    0.078987    0.495767    0.158285    0.154968    0.387835    0.076851    0.295781    0.644946    0.548650    2.026431    0.025935    0.003237    0.002009    9.919736    7.916644    0.030780    1.802364    2.085811    2.295795    0.992443    1.148191    1.933216
Iteration: 727 bestvalit: 154.240000 bestmemit:    0.005699    0.013422    0.078987    0.495767    0.158285    0.154968    0.387835    0.076851    0.295781    0.644946    0.548650    2.026431    0.025935    0.003237    0.002009    9.919736    7.916644    0.030780    1.802364    2.085811    2.295795    0.992443    1.148191    1.933216
Iteration: 728 bestvalit: 154.240000 bestmemit:    0.005699    0.013422    0.078987    0.495767    0.158285    0.154968    0.387835    0.076851    0.295781    0.644946    0.548650    2.026431    0.025935    0.003237    0.002009    9.919736    7.916644    0.030780    1.802364    2.085811    2.295795    0.992443    1.148191    1.933216
Iteration: 729 bestvalit: 154.240000 bestmemit:    0.005699    0.013422    0.078987    0.495767    0.158285    0.154968    0.387835    0.076851    0.295781    0.644946    0.548650    2.026431    0.025935    0.003237    0.002009    9.919736    7.916644    0.030780    1.802364    2.085811    2.295795    0.992443    1.148191    1.933216
Iteration: 730 bestvalit: 154.240000 bestmemit:    0.005699    0.013422    0.078987    0.495767    0.158285    0.154968    0.387835    0.076851    0.295781    0.644946    0.548650    2.026431    0.025935    0.003237    0.002009    9.919736    7.916644    0.030780    1.802364    2.085811    2.295795    0.992443    1.148191    1.933216
Iteration: 731 bestvalit: 154.240000 bestmemit:    0.005699    0.013422    0.078987    0.495767    0.158285    0.154968    0.387835    0.076851    0.295781    0.644946    0.548650    2.026431    0.025935    0.003237    0.002009    9.919736    7.916644    0.030780    1.802364    2.085811    2.295795    0.992443    1.148191    1.933216
Iteration: 732 bestvalit: 154.240000 bestmemit:    0.005699    0.013422    0.078987    0.495767    0.158285    0.154968    0.387835    0.076851    0.295781    0.644946    0.548650    2.026431    0.025935    0.003237    0.002009    9.919736    7.916644    0.030780    1.802364    2.085811    2.295795    0.992443    1.148191    1.933216
Iteration: 733 bestvalit: 154.240000 bestmemit:    0.005699    0.013422    0.078987    0.495767    0.158285    0.154968    0.387835    0.076851    0.295781    0.644946    0.548650    2.026431    0.025935    0.003237    0.002009    9.919736    7.916644    0.030780    1.802364    2.085811    2.295795    0.992443    1.148191    1.933216
Iteration: 734 bestvalit: 154.240000 bestmemit:    0.005699    0.013422    0.078987    0.495767    0.158285    0.154968    0.387835    0.076851    0.295781    0.644946    0.548650    2.026431    0.025935    0.003237    0.002009    9.919736    7.916644    0.030780    1.802364    2.085811    2.295795    0.992443    1.148191    1.933216
Iteration: 735 bestvalit: 154.240000 bestmemit:    0.005699    0.013422    0.078987    0.495767    0.158285    0.154968    0.387835    0.076851    0.295781    0.644946    0.548650    2.026431    0.025935    0.003237    0.002009    9.919736    7.916644    0.030780    1.802364    2.085811    2.295795    0.992443    1.148191    1.933216
Iteration: 736 bestvalit: 154.240000 bestmemit:    0.005699    0.013422    0.078987    0.495767    0.158285    0.154968    0.387835    0.076851    0.295781    0.644946    0.548650    2.026431    0.025935    0.003237    0.002009    9.919736    7.916644    0.030780    1.802364    2.085811    2.295795    0.992443    1.148191    1.933216
Iteration: 737 bestvalit: 154.240000 bestmemit:    0.005699    0.013422    0.078987    0.495767    0.158285    0.154968    0.387835    0.076851    0.295781    0.644946    0.548650    2.026431    0.025935    0.003237    0.002009    9.919736    7.916644    0.030780    1.802364    2.085811    2.295795    0.992443    1.148191    1.933216
Iteration: 738 bestvalit: 154.240000 bestmemit:    0.005699    0.013422    0.078987    0.495767    0.158285    0.154968    0.387835    0.076851    0.295781    0.644946    0.548650    2.026431    0.025935    0.003237    0.002009    9.919736    7.916644    0.030780    1.802364    2.085811    2.295795    0.992443    1.148191    1.933216
Iteration: 739 bestvalit: 154.240000 bestmemit:    0.005699    0.013422    0.078987    0.495767    0.158285    0.154968    0.387835    0.076851    0.295781    0.644946    0.548650    2.026431    0.025935    0.003237    0.002009    9.919736    7.916644    0.030780    1.802364    2.085811    2.295795    0.992443    1.148191    1.933216
Iteration: 740 bestvalit: 154.240000 bestmemit:    0.005699    0.013422    0.078987    0.495767    0.158285    0.154968    0.387835    0.076851    0.295781    0.644946    0.548650    2.026431    0.025935    0.003237    0.002009    9.919736    7.916644    0.030780    1.802364    2.085811    2.295795    0.992443    1.148191    1.933216
Iteration: 741 bestvalit: 154.240000 bestmemit:    0.005699    0.013422    0.078987    0.495767    0.158285    0.154968    0.387835    0.076851    0.295781    0.644946    0.548650    2.026431    0.025935    0.003237    0.002009    9.919736    7.916644    0.030780    1.802364    2.085811    2.295795    0.992443    1.148191    1.933216
Iteration: 742 bestvalit: 154.240000 bestmemit:    0.005699    0.013422    0.078987    0.495767    0.158285    0.154968    0.387835    0.076851    0.295781    0.644946    0.548650    2.026431    0.025935    0.003237    0.002009    9.919736    7.916644    0.030780    1.802364    2.085811    2.295795    0.992443    1.148191    1.933216
Iteration: 743 bestvalit: 154.240000 bestmemit:    0.005699    0.013422    0.078987    0.495767    0.158285    0.154968    0.387835    0.076851    0.295781    0.644946    0.548650    2.026431    0.025935    0.003237    0.002009    9.919736    7.916644    0.030780    1.802364    2.085811    2.295795    0.992443    1.148191    1.933216
Iteration: 744 bestvalit: 154.240000 bestmemit:    0.005699    0.013422    0.078987    0.495767    0.158285    0.154968    0.387835    0.076851    0.295781    0.644946    0.548650    2.026431    0.025935    0.003237    0.002009    9.919736    7.916644    0.030780    1.802364    2.085811    2.295795    0.992443    1.148191    1.933216
Iteration: 745 bestvalit: 154.240000 bestmemit:    0.005699    0.013422    0.078987    0.495767    0.158285    0.154968    0.387835    0.076851    0.295781    0.644946    0.548650    2.026431    0.025935    0.003237    0.002009    9.919736    7.916644    0.030780    1.802364    2.085811    2.295795    0.992443    1.148191    1.933216
Iteration: 746 bestvalit: 154.240000 bestmemit:    0.005699    0.013422    0.078987    0.495767    0.158285    0.154968    0.387835    0.076851    0.295781    0.644946    0.548650    2.026431    0.025935    0.003237    0.002009    9.919736    7.916644    0.030780    1.802364    2.085811    2.295795    0.992443    1.148191    1.933216
Iteration: 747 bestvalit: 154.240000 bestmemit:    0.005699    0.013422    0.078987    0.495767    0.158285    0.154968    0.387835    0.076851    0.295781    0.644946    0.548650    2.026431    0.025935    0.003237    0.002009    9.919736    7.916644    0.030780    1.802364    2.085811    2.295795    0.992443    1.148191    1.933216
Iteration: 748 bestvalit: 154.240000 bestmemit:    0.005699    0.013422    0.078987    0.495767    0.158285    0.154968    0.387835    0.076851    0.295781    0.644946    0.548650    2.026431    0.025935    0.003237    0.002009    9.919736    7.916644    0.030780    1.802364    2.085811    2.295795    0.992443    1.148191    1.933216
Iteration: 749 bestvalit: 153.825000 bestmemit:    0.005699    0.013422    0.078987    0.495767    0.158285    0.154968    0.387835    0.076851    0.295781    0.644946    0.548650    1.820332    0.025935    0.003237    0.002009    9.919736    7.916644    0.030780    1.802364    2.085811    2.295795    0.992443    1.148191    1.933216
Iteration: 750 bestvalit: 153.825000 bestmemit:    0.005699    0.013422    0.078987    0.495767    0.158285    0.154968    0.387835    0.076851    0.295781    0.644946    0.548650    1.820332    0.025935    0.003237    0.002009    9.919736    7.916644    0.030780    1.802364    2.085811    2.295795    0.992443    1.148191    1.933216
Iteration: 751 bestvalit: 153.825000 bestmemit:    0.005699    0.013422    0.078987    0.495767    0.158285    0.154968    0.387835    0.076851    0.295781    0.644946    0.548650    1.820332    0.025935    0.003237    0.002009    9.919736    7.916644    0.030780    1.802364    2.085811    2.295795    0.992443    1.148191    1.933216
Iteration: 752 bestvalit: 153.825000 bestmemit:    0.005699    0.013422    0.078987    0.495767    0.158285    0.154968    0.387835    0.076851    0.295781    0.644946    0.548650    1.820332    0.025935    0.003237    0.002009    9.919736    7.916644    0.030780    1.802364    2.085811    2.295795    0.992443    1.148191    1.933216
Iteration: 753 bestvalit: 153.825000 bestmemit:    0.005699    0.013422    0.078987    0.495767    0.158285    0.154968    0.387835    0.076851    0.295781    0.644946    0.548650    1.820332    0.025935    0.003237    0.002009    9.919736    7.916644    0.030780    1.802364    2.085811    2.295795    0.992443    1.148191    1.933216
Iteration: 754 bestvalit: 153.825000 bestmemit:    0.005699    0.013422    0.078987    0.495767    0.158285    0.154968    0.387835    0.076851    0.295781    0.644946    0.548650    1.820332    0.025935    0.003237    0.002009    9.919736    7.916644    0.030780    1.802364    2.085811    2.295795    0.992443    1.148191    1.933216
Iteration: 755 bestvalit: 153.825000 bestmemit:    0.005699    0.013422    0.078987    0.495767    0.158285    0.154968    0.387835    0.076851    0.295781    0.644946    0.548650    1.820332    0.025935    0.003237    0.002009    9.919736    7.916644    0.030780    1.802364    2.085811    2.295795    0.992443    1.148191    1.933216
Iteration: 756 bestvalit: 153.670000 bestmemit:    0.005699    0.013422    0.078987    0.495767    0.158285    0.154968    0.387835    0.076851    0.295781    0.644946    0.548650    1.820332    0.025935    0.003237    0.002009    9.919736    7.916644    0.030780    1.802364    2.090650    2.295795    0.992443    1.148191    1.933216
Iteration: 757 bestvalit: 153.670000 bestmemit:    0.005699    0.013422    0.078987    0.495767    0.158285    0.154968    0.387835    0.076851    0.295781    0.644946    0.548650    1.820332    0.025935    0.003237    0.002009    9.919736    7.916644    0.030780    1.802364    2.090650    2.295795    0.992443    1.148191    1.933216
Iteration: 758 bestvalit: 153.175000 bestmemit:    0.005699    0.013422    0.078987    0.495767    0.158285    0.154968    0.387835    0.076851    0.295781    0.644946    0.548650    1.820332    0.025935    0.003237    0.002009    9.919736    7.916644    0.030780    1.802364    2.029701    2.295795    0.992443    1.148191    1.933216
Iteration: 759 bestvalit: 153.175000 bestmemit:    0.005699    0.013422    0.078987    0.495767    0.158285    0.154968    0.387835    0.076851    0.295781    0.644946    0.548650    1.820332    0.025935    0.003237    0.002009    9.919736    7.916644    0.030780    1.802364    2.029701    2.295795    0.992443    1.148191    1.933216
Iteration: 760 bestvalit: 153.175000 bestmemit:    0.005699    0.013422    0.078987    0.495767    0.158285    0.154968    0.387835    0.076851    0.295781    0.644946    0.548650    1.820332    0.025935    0.003237    0.002009    9.919736    7.916644    0.030780    1.802364    2.029701    2.295795    0.992443    1.148191    1.933216
Iteration: 761 bestvalit: 153.175000 bestmemit:    0.005699    0.013422    0.078987    0.495767    0.158285    0.154968    0.387835    0.076851    0.295781    0.644946    0.548650    1.820332    0.025935    0.003237    0.002009    9.919736    7.916644    0.030780    1.802364    2.029701    2.295795    0.992443    1.148191    1.933216
Iteration: 762 bestvalit: 152.950000 bestmemit:    0.005699    0.013422    0.078987    0.495767    0.158285    0.154968    0.387835    0.076851    0.295781    0.644946    0.548650    1.820332    0.025935    0.003237    0.002009    9.919736    7.916644    0.030780    1.802364    2.029701    2.190222    0.992443    1.148191    1.933216
Iteration: 763 bestvalit: 152.950000 bestmemit:    0.005699    0.013422    0.078987    0.495767    0.158285    0.154968    0.387835    0.076851    0.295781    0.644946    0.548650    1.820332    0.025935    0.003237    0.002009    9.919736    7.916644    0.030780    1.802364    2.029701    2.190222    0.992443    1.148191    1.933216
Iteration: 764 bestvalit: 152.950000 bestmemit:    0.005699    0.013422    0.078987    0.495767    0.158285    0.154968    0.387835    0.076851    0.295781    0.644946    0.548650    1.820332    0.025935    0.003237    0.002009    9.919736    7.916644    0.030780    1.802364    2.029701    2.190222    0.992443    1.148191    1.933216
Iteration: 765 bestvalit: 152.950000 bestmemit:    0.005699    0.013422    0.078987    0.495767    0.158285    0.154968    0.387835    0.076851    0.295781    0.644946    0.548650    1.820332    0.025935    0.003237    0.002009    9.919736    7.916644    0.030780    1.802364    2.029701    2.190222    0.992443    1.148191    1.933216
Iteration: 766 bestvalit: 152.950000 bestmemit:    0.005699    0.013422    0.078987    0.495767    0.158285    0.154968    0.387835    0.076851    0.295781    0.644946    0.548650    1.820332    0.025935    0.003237    0.002009    9.919736    7.916644    0.030780    1.802364    2.029701    2.190222    0.992443    1.148191    1.933216
Iteration: 767 bestvalit: 152.950000 bestmemit:    0.005699    0.013422    0.078987    0.495767    0.158285    0.154968    0.387835    0.076851    0.295781    0.644946    0.548650    1.820332    0.025935    0.003237    0.002009    9.919736    7.916644    0.030780    1.802364    2.029701    2.190222    0.992443    1.148191    1.933216
Iteration: 768 bestvalit: 152.950000 bestmemit:    0.005699    0.013422    0.078987    0.495767    0.158285    0.154968    0.387835    0.076851    0.295781    0.644946    0.548650    1.820332    0.025935    0.003237    0.002009    9.919736    7.916644    0.030780    1.802364    2.029701    2.190222    0.992443    1.148191    1.933216
Iteration: 769 bestvalit: 152.950000 bestmemit:    0.005699    0.013422    0.078987    0.495767    0.158285    0.154968    0.387835    0.076851    0.295781    0.644946    0.548650    1.820332    0.025935    0.003237    0.002009    9.919736    7.916644    0.030780    1.802364    2.029701    2.190222    0.992443    1.148191    1.933216
Iteration: 770 bestvalit: 152.950000 bestmemit:    0.005699    0.013422    0.078987    0.495767    0.158285    0.154968    0.387835    0.076851    0.295781    0.644946    0.548650    1.820332    0.025935    0.003237    0.002009    9.919736    7.916644    0.030780    1.802364    2.029701    2.190222    0.992443    1.148191    1.933216
Iteration: 771 bestvalit: 152.950000 bestmemit:    0.005699    0.013422    0.078987    0.495767    0.158285    0.154968    0.387835    0.076851    0.295781    0.644946    0.548650    1.820332    0.025935    0.003237    0.002009    9.919736    7.916644    0.030780    1.802364    2.029701    2.190222    0.992443    1.148191    1.933216
Iteration: 772 bestvalit: 152.950000 bestmemit:    0.005699    0.013422    0.078987    0.495767    0.158285    0.154968    0.387835    0.076851    0.295781    0.644946    0.548650    1.820332    0.025935    0.003237    0.002009    9.919736    7.916644    0.030780    1.802364    2.029701    2.190222    0.992443    1.148191    1.933216
Iteration: 773 bestvalit: 152.950000 bestmemit:    0.005699    0.013422    0.078987    0.495767    0.158285    0.154968    0.387835    0.076851    0.295781    0.644946    0.548650    1.820332    0.025935    0.003237    0.002009    9.919736    7.916644    0.030780    1.802364    2.029701    2.190222    0.992443    1.148191    1.933216
Iteration: 774 bestvalit: 152.950000 bestmemit:    0.005699    0.013422    0.078987    0.495767    0.158285    0.154968    0.387835    0.076851    0.295781    0.644946    0.548650    1.820332    0.025935    0.003237    0.002009    9.919736    7.916644    0.030780    1.802364    2.029701    2.190222    0.992443    1.148191    1.933216
Iteration: 775 bestvalit: 152.950000 bestmemit:    0.005699    0.013422    0.078987    0.495767    0.158285    0.154968    0.387835    0.076851    0.295781    0.644946    0.548650    1.820332    0.025935    0.003237    0.002009    9.919736    7.916644    0.030780    1.802364    2.029701    2.190222    0.992443    1.148191    1.933216
Iteration: 776 bestvalit: 152.950000 bestmemit:    0.005699    0.013422    0.078987    0.495767    0.158285    0.154968    0.387835    0.076851    0.295781    0.644946    0.548650    1.820332    0.025935    0.003237    0.002009    9.919736    7.916644    0.030780    1.802364    2.029701    2.190222    0.992443    1.148191    1.933216
Iteration: 777 bestvalit: 152.950000 bestmemit:    0.005699    0.013422    0.078987    0.495767    0.158285    0.154968    0.387835    0.076851    0.295781    0.644946    0.548650    1.820332    0.025935    0.003237    0.002009    9.919736    7.916644    0.030780    1.802364    2.029701    2.190222    0.992443    1.148191    1.933216
Iteration: 778 bestvalit: 152.950000 bestmemit:    0.005699    0.013422    0.078987    0.495767    0.158285    0.154968    0.387835    0.076851    0.295781    0.644946    0.548650    1.820332    0.025935    0.003237    0.002009    9.919736    7.916644    0.030780    1.802364    2.029701    2.190222    0.992443    1.148191    1.933216
Iteration: 779 bestvalit: 152.950000 bestmemit:    0.005699    0.013422    0.078987    0.495767    0.158285    0.154968    0.387835    0.076851    0.295781    0.644946    0.548650    1.820332    0.025935    0.003237    0.002009    9.919736    7.916644    0.030780    1.802364    2.029701    2.190222    0.992443    1.148191    1.933216
Iteration: 780 bestvalit: 152.950000 bestmemit:    0.005699    0.013422    0.078987    0.495767    0.158285    0.154968    0.387835    0.076851    0.295781    0.644946    0.548650    1.820332    0.025935    0.003237    0.002009    9.919736    7.916644    0.030780    1.802364    2.029701    2.190222    0.992443    1.148191    1.933216
Iteration: 781 bestvalit: 152.950000 bestmemit:    0.005699    0.013422    0.078987    0.495767    0.158285    0.154968    0.387835    0.076851    0.295781    0.644946    0.548650    1.820332    0.025935    0.003237    0.002009    9.919736    7.916644    0.030780    1.802364    2.029701    2.190222    0.992443    1.148191    1.933216
Iteration: 782 bestvalit: 152.950000 bestmemit:    0.005699    0.013422    0.078987    0.495767    0.158285    0.154968    0.387835    0.076851    0.295781    0.644946    0.548650    1.820332    0.025935    0.003237    0.002009    9.919736    7.916644    0.030780    1.802364    2.029701    2.190222    0.992443    1.148191    1.933216
Iteration: 783 bestvalit: 152.950000 bestmemit:    0.005699    0.013422    0.078987    0.495767    0.158285    0.154968    0.387835    0.076851    0.295781    0.644946    0.548650    1.820332    0.025935    0.003237    0.002009    9.919736    7.916644    0.030780    1.802364    2.029701    2.190222    0.992443    1.148191    1.933216
Iteration: 784 bestvalit: 152.950000 bestmemit:    0.005699    0.013422    0.078987    0.495767    0.158285    0.154968    0.387835    0.076851    0.295781    0.644946    0.548650    1.820332    0.025935    0.003237    0.002009    9.919736    7.916644    0.030780    1.802364    2.029701    2.190222    0.992443    1.148191    1.933216
Iteration: 785 bestvalit: 152.950000 bestmemit:    0.005699    0.013422    0.078987    0.495767    0.158285    0.154968    0.387835    0.076851    0.295781    0.644946    0.548650    1.820332    0.025935    0.003237    0.002009    9.919736    7.916644    0.030780    1.802364    2.029701    2.190222    0.992443    1.148191    1.933216
Iteration: 786 bestvalit: 152.950000 bestmemit:    0.005699    0.013422    0.078987    0.495767    0.158285    0.154968    0.387835    0.076851    0.295781    0.644946    0.548650    1.820332    0.025935    0.003237    0.002009    9.919736    7.916644    0.030780    1.802364    2.029701    2.190222    0.992443    1.148191    1.933216
Iteration: 787 bestvalit: 152.950000 bestmemit:    0.005699    0.013422    0.078987    0.495767    0.158285    0.154968    0.387835    0.076851    0.295781    0.644946    0.548650    1.820332    0.025935    0.003237    0.002009    9.919736    7.916644    0.030780    1.802364    2.029701    2.190222    0.992443    1.148191    1.933216
Iteration: 788 bestvalit: 152.950000 bestmemit:    0.005699    0.013422    0.078987    0.495767    0.158285    0.154968    0.387835    0.076851    0.295781    0.644946    0.548650    1.820332    0.025935    0.003237    0.002009    9.919736    7.916644    0.030780    1.802364    2.029701    2.190222    0.992443    1.148191    1.933216
Iteration: 789 bestvalit: 152.950000 bestmemit:    0.005699    0.013422    0.078987    0.495767    0.158285    0.154968    0.387835    0.076851    0.295781    0.644946    0.548650    1.820332    0.025935    0.003237    0.002009    9.919736    7.916644    0.030780    1.802364    2.029701    2.190222    0.992443    1.148191    1.933216
Iteration: 790 bestvalit: 152.950000 bestmemit:    0.005699    0.013422    0.078987    0.495767    0.158285    0.154968    0.387835    0.076851    0.295781    0.644946    0.548650    1.820332    0.025935    0.003237    0.002009    9.919736    7.916644    0.030780    1.802364    2.029701    2.190222    0.992443    1.148191    1.933216
Iteration: 791 bestvalit: 152.950000 bestmemit:    0.005699    0.013422    0.078987    0.495767    0.158285    0.154968    0.387835    0.076851    0.295781    0.644946    0.548650    1.820332    0.025935    0.003237    0.002009    9.919736    7.916644    0.030780    1.802364    2.029701    2.190222    0.992443    1.148191    1.933216
Iteration: 792 bestvalit: 152.950000 bestmemit:    0.005699    0.013422    0.078987    0.495767    0.158285    0.154968    0.387835    0.076851    0.295781    0.644946    0.548650    1.820332    0.025935    0.003237    0.002009    9.919736    7.916644    0.030780    1.802364    2.029701    2.190222    0.992443    1.148191    1.933216
Iteration: 793 bestvalit: 152.950000 bestmemit:    0.005699    0.013422    0.078987    0.495767    0.158285    0.154968    0.387835    0.076851    0.295781    0.644946    0.548650    1.820332    0.025935    0.003237    0.002009    9.919736    7.916644    0.030780    1.802364    2.029701    2.190222    0.992443    1.148191    1.933216
Iteration: 794 bestvalit: 152.950000 bestmemit:    0.005699    0.013422    0.078987    0.495767    0.158285    0.154968    0.387835    0.076851    0.295781    0.644946    0.548650    1.820332    0.025935    0.003237    0.002009    9.919736    7.916644    0.030780    1.802364    2.029701    2.190222    0.992443    1.148191    1.933216
Iteration: 795 bestvalit: 152.950000 bestmemit:    0.005699    0.013422    0.078987    0.495767    0.158285    0.154968    0.387835    0.076851    0.295781    0.644946    0.548650    1.820332    0.025935    0.003237    0.002009    9.919736    7.916644    0.030780    1.802364    2.029701    2.190222    0.992443    1.148191    1.933216
Iteration: 796 bestvalit: 152.950000 bestmemit:    0.005699    0.013422    0.078987    0.495767    0.158285    0.154968    0.387835    0.076851    0.295781    0.644946    0.548650    1.820332    0.025935    0.003237    0.002009    9.919736    7.916644    0.030780    1.802364    2.029701    2.190222    0.992443    1.148191    1.933216
Iteration: 797 bestvalit: 152.950000 bestmemit:    0.005699    0.013422    0.078987    0.495767    0.158285    0.154968    0.387835    0.076851    0.295781    0.644946    0.548650    1.820332    0.025935    0.003237    0.002009    9.919736    7.916644    0.030780    1.802364    2.029701    2.190222    0.992443    1.148191    1.933216
Iteration: 798 bestvalit: 152.950000 bestmemit:    0.005699    0.013422    0.078987    0.495767    0.158285    0.154968    0.387835    0.076851    0.295781    0.644946    0.548650    1.820332    0.025935    0.003237    0.002009    9.919736    7.916644    0.030780    1.802364    2.029701    2.190222    0.992443    1.148191    1.933216
Iteration: 799 bestvalit: 152.950000 bestmemit:    0.005699    0.013422    0.078987    0.495767    0.158285    0.154968    0.387835    0.076851    0.295781    0.644946    0.548650    1.820332    0.025935    0.003237    0.002009    9.919736    7.916644    0.030780    1.802364    2.029701    2.190222    0.992443    1.148191    1.933216
Iteration: 800 bestvalit: 152.950000 bestmemit:    0.005699    0.013422    0.078987    0.495767    0.158285    0.154968    0.387835    0.076851    0.295781    0.644946    0.548650    1.820332    0.025935    0.003237    0.002009    9.919736    7.916644    0.030780    1.802364    2.029701    2.190222    0.992443    1.148191    1.933216
Iteration: 801 bestvalit: 152.950000 bestmemit:    0.005699    0.013422    0.078987    0.495767    0.158285    0.154968    0.387835    0.076851    0.295781    0.644946    0.548650    1.820332    0.025935    0.003237    0.002009    9.919736    7.916644    0.030780    1.802364    2.029701    2.190222    0.992443    1.148191    1.933216
Iteration: 802 bestvalit: 152.950000 bestmemit:    0.005699    0.013422    0.078987    0.495767    0.158285    0.154968    0.387835    0.076851    0.295781    0.644946    0.548650    1.820332    0.025935    0.003237    0.002009    9.919736    7.916644    0.030780    1.802364    2.029701    2.190222    0.992443    1.148191    1.933216
Iteration: 803 bestvalit: 152.950000 bestmemit:    0.005699    0.013422    0.078987    0.495767    0.158285    0.154968    0.387835    0.076851    0.295781    0.644946    0.548650    1.820332    0.025935    0.003237    0.002009    9.919736    7.916644    0.030780    1.802364    2.029701    2.190222    0.992443    1.148191    1.933216
Iteration: 804 bestvalit: 152.950000 bestmemit:    0.005699    0.013422    0.078987    0.495767    0.158285    0.154968    0.387835    0.076851    0.295781    0.644946    0.548650    1.820332    0.025935    0.003237    0.002009    9.919736    7.916644    0.030780    1.802364    2.029701    2.190222    0.992443    1.148191    1.933216
Iteration: 805 bestvalit: 152.950000 bestmemit:    0.005699    0.013422    0.078987    0.495767    0.158285    0.154968    0.387835    0.076851    0.295781    0.644946    0.548650    1.820332    0.025935    0.003237    0.002009    9.919736    7.916644    0.030780    1.802364    2.029701    2.190222    0.992443    1.148191    1.933216
Iteration: 806 bestvalit: 152.950000 bestmemit:    0.005699    0.013422    0.078987    0.495767    0.158285    0.154968    0.387835    0.076851    0.295781    0.644946    0.548650    1.820332    0.025935    0.003237    0.002009    9.919736    7.916644    0.030780    1.802364    2.029701    2.190222    0.992443    1.148191    1.933216
Iteration: 807 bestvalit: 152.840000 bestmemit:    0.005699    0.013422    0.078987    0.495767    0.158285    0.154968    0.387835    0.076851    0.295781    0.644946    0.548650    1.820332    0.025935    0.003237    0.002009    9.919736    7.916644    0.030780    1.802364    2.029701    2.190222    0.997453    1.148191    1.933216
Iteration: 808 bestvalit: 152.840000 bestmemit:    0.005699    0.013422    0.078987    0.495767    0.158285    0.154968    0.387835    0.076851    0.295781    0.644946    0.548650    1.820332    0.025935    0.003237    0.002009    9.919736    7.916644    0.030780    1.802364    2.029701    2.190222    0.997453    1.148191    1.933216
Iteration: 809 bestvalit: 152.840000 bestmemit:    0.005699    0.013422    0.078987    0.495767    0.158285    0.154968    0.387835    0.076851    0.295781    0.644946    0.548650    1.820332    0.025935    0.003237    0.002009    9.919736    7.916644    0.030780    1.802364    2.029701    2.190222    0.997453    1.148191    1.933216
Iteration: 810 bestvalit: 152.840000 bestmemit:    0.005699    0.013422    0.078987    0.495767    0.158285    0.154968    0.387835    0.076851    0.295781    0.644946    0.548650    1.820332    0.025935    0.003237    0.002009    9.919736    7.916644    0.030780    1.802364    2.029701    2.190222    0.997453    1.148191    1.933216
Iteration: 811 bestvalit: 152.840000 bestmemit:    0.005699    0.013422    0.078987    0.495767    0.158285    0.154968    0.387835    0.076851    0.295781    0.644946    0.548650    1.820332    0.025935    0.003237    0.002009    9.919736    7.916644    0.030780    1.802364    2.029701    2.190222    0.997453    1.148191    1.933216
Iteration: 812 bestvalit: 152.840000 bestmemit:    0.005699    0.013422    0.078987    0.495767    0.158285    0.154968    0.387835    0.076851    0.295781    0.644946    0.548650    1.820332    0.025935    0.003237    0.002009    9.919736    7.916644    0.030780    1.802364    2.029701    2.190222    0.997453    1.148191    1.933216
Iteration: 813 bestvalit: 152.840000 bestmemit:    0.005699    0.013422    0.078987    0.495767    0.158285    0.154968    0.387835    0.076851    0.295781    0.644946    0.548650    1.820332    0.025935    0.003237    0.002009    9.919736    7.916644    0.030780    1.802364    2.029701    2.190222    0.997453    1.148191    1.933216
Iteration: 814 bestvalit: 152.840000 bestmemit:    0.005699    0.013422    0.078987    0.495767    0.158285    0.154968    0.387835    0.076851    0.295781    0.644946    0.548650    1.820332    0.025935    0.003237    0.002009    9.919736    7.916644    0.030780    1.802364    2.029701    2.190222    0.997453    1.148191    1.933216
Iteration: 815 bestvalit: 152.840000 bestmemit:    0.005699    0.013422    0.078987    0.495767    0.158285    0.154968    0.387835    0.076851    0.295781    0.644946    0.548650    1.820332    0.025935    0.003237    0.002009    9.919736    7.916644    0.030780    1.802364    2.029701    2.190222    0.997453    1.148191    1.933216
Iteration: 816 bestvalit: 152.840000 bestmemit:    0.005699    0.013422    0.078987    0.495767    0.158285    0.154968    0.387835    0.076851    0.295781    0.644946    0.548650    1.820332    0.025935    0.003237    0.002009    9.919736    7.916644    0.030780    1.802364    2.029701    2.190222    0.997453    1.148191    1.933216
Iteration: 817 bestvalit: 152.840000 bestmemit:    0.005699    0.013422    0.078987    0.495767    0.158285    0.154968    0.387835    0.076851    0.295781    0.644946    0.548650    1.820332    0.025935    0.003237    0.002009    9.919736    7.916644    0.030780    1.802364    2.029701    2.190222    0.997453    1.148191    1.933216
Iteration: 818 bestvalit: 152.840000 bestmemit:    0.005699    0.013422    0.078987    0.495767    0.158285    0.154968    0.387835    0.076851    0.295781    0.644946    0.548650    1.820332    0.025935    0.003237    0.002009    9.919736    7.916644    0.030780    1.802364    2.029701    2.190222    0.997453    1.148191    1.933216
Iteration: 819 bestvalit: 152.840000 bestmemit:    0.005699    0.013422    0.078987    0.495767    0.158285    0.154968    0.387835    0.076851    0.295781    0.644946    0.548650    1.820332    0.025935    0.003237    0.002009    9.919736    7.916644    0.030780    1.802364    2.029701    2.190222    0.997453    1.148191    1.933216
Iteration: 820 bestvalit: 152.840000 bestmemit:    0.005699    0.013422    0.078987    0.495767    0.158285    0.154968    0.387835    0.076851    0.295781    0.644946    0.548650    1.820332    0.025935    0.003237    0.002009    9.919736    7.916644    0.030780    1.802364    2.029701    2.190222    0.997453    1.148191    1.933216
Iteration: 821 bestvalit: 152.840000 bestmemit:    0.005699    0.013422    0.078987    0.495767    0.158285    0.154968    0.387835    0.076851    0.295781    0.644946    0.548650    1.820332    0.025935    0.003237    0.002009    9.919736    7.916644    0.030780    1.802364    2.029701    2.190222    0.997453    1.148191    1.933216
Iteration: 822 bestvalit: 151.665000 bestmemit:    0.005699    0.013422    0.078987    0.495767    0.158285    0.154968    0.387835    0.076851    0.273230    0.545241    0.631496    1.820332    0.025935    0.003237    0.002009    9.919736    7.916644    0.030780    1.802364    2.029701    2.190222    0.997453    1.148191    1.933216
Iteration: 823 bestvalit: 151.665000 bestmemit:    0.005699    0.013422    0.078987    0.495767    0.158285    0.154968    0.387835    0.076851    0.273230    0.545241    0.631496    1.820332    0.025935    0.003237    0.002009    9.919736    7.916644    0.030780    1.802364    2.029701    2.190222    0.997453    1.148191    1.933216
Iteration: 824 bestvalit: 151.665000 bestmemit:    0.005699    0.013422    0.078987    0.495767    0.158285    0.154968    0.387835    0.076851    0.273230    0.545241    0.631496    1.820332    0.025935    0.003237    0.002009    9.919736    7.916644    0.030780    1.802364    2.029701    2.190222    0.997453    1.148191    1.933216
Iteration: 825 bestvalit: 151.630000 bestmemit:    0.005699    0.013422    0.078987    0.495767    0.158285    0.154968    0.387835    0.076851    0.262820    0.545241    0.631496    1.820332    0.025935    0.003237    0.002009    9.919736    7.916644    0.030780    1.802364    2.029701    2.190222    0.997453    1.148191    1.933216
Iteration: 826 bestvalit: 151.630000 bestmemit:    0.005699    0.013422    0.078987    0.495767    0.158285    0.154968    0.387835    0.076851    0.262820    0.545241    0.631496    1.820332    0.025935    0.003237    0.002009    9.919736    7.916644    0.030780    1.802364    2.029701    2.190222    0.997453    1.148191    1.933216
Iteration: 827 bestvalit: 151.630000 bestmemit:    0.005699    0.013422    0.078987    0.495767    0.158285    0.154968    0.387835    0.076851    0.262820    0.545241    0.631496    1.820332    0.025935    0.003237    0.002009    9.919736    7.916644    0.030780    1.802364    2.029701    2.190222    0.997453    1.148191    1.933216
Iteration: 828 bestvalit: 151.630000 bestmemit:    0.005699    0.013422    0.078987    0.495767    0.158285    0.154968    0.387835    0.076851    0.262820    0.545241    0.631496    1.820332    0.025935    0.003237    0.002009    9.919736    7.916644    0.030780    1.802364    2.029701    2.190222    0.997453    1.148191    1.933216
Iteration: 829 bestvalit: 151.630000 bestmemit:    0.005699    0.013422    0.078987    0.495767    0.158285    0.154968    0.387835    0.076851    0.262820    0.545241    0.631496    1.820332    0.025935    0.003237    0.002009    9.919736    7.916644    0.030780    1.802364    2.029701    2.190222    0.997453    1.148191    1.933216
Iteration: 830 bestvalit: 151.630000 bestmemit:    0.005699    0.013422    0.078987    0.495767    0.158285    0.154968    0.387835    0.076851    0.262820    0.545241    0.631496    1.820332    0.025935    0.003237    0.002009    9.919736    7.916644    0.030780    1.802364    2.029701    2.190222    0.997453    1.148191    1.933216
Iteration: 831 bestvalit: 151.630000 bestmemit:    0.005699    0.013422    0.078987    0.495767    0.158285    0.154968    0.387835    0.076851    0.262820    0.545241    0.631496    1.820332    0.025935    0.003237    0.002009    9.919736    7.916644    0.030780    1.802364    2.029701    2.190222    0.997453    1.148191    1.933216
Iteration: 832 bestvalit: 151.630000 bestmemit:    0.005699    0.013422    0.078987    0.495767    0.158285    0.154968    0.387835    0.076851    0.262820    0.545241    0.631496    1.820332    0.025935    0.003237    0.002009    9.919736    7.916644    0.030780    1.802364    2.029701    2.190222    0.997453    1.148191    1.933216
Iteration: 833 bestvalit: 151.630000 bestmemit:    0.005699    0.013422    0.078987    0.495767    0.158285    0.154968    0.387835    0.076851    0.262820    0.545241    0.631496    1.820332    0.025935    0.003237    0.002009    9.919736    7.916644    0.030780    1.802364    2.029701    2.190222    0.997453    1.148191    1.933216
Iteration: 834 bestvalit: 151.630000 bestmemit:    0.005699    0.013422    0.078987    0.495767    0.158285    0.154968    0.387835    0.076851    0.262820    0.545241    0.631496    1.820332    0.025935    0.003237    0.002009    9.919736    7.916644    0.030780    1.802364    2.029701    2.190222    0.997453    1.148191    1.933216
Iteration: 835 bestvalit: 151.630000 bestmemit:    0.005699    0.013422    0.078987    0.495767    0.158285    0.154968    0.387835    0.076851    0.262820    0.545241    0.631496    1.820332    0.025935    0.003237    0.002009    9.919736    7.916644    0.030780    1.802364    2.029701    2.190222    0.997453    1.148191    1.933216
Iteration: 836 bestvalit: 151.575000 bestmemit:    0.005699    0.013422    0.078987    0.495767    0.158285    0.154968    0.387835    0.076851    0.262820    0.545241    0.631496    1.820332    0.025935    0.003237    0.002009    9.919736    7.734151    0.030780    1.802364    2.029701    2.190222    0.997453    1.148191    1.933216
Iteration: 837 bestvalit: 151.575000 bestmemit:    0.005699    0.013422    0.078987    0.495767    0.158285    0.154968    0.387835    0.076851    0.262820    0.545241    0.631496    1.820332    0.025935    0.003237    0.002009    9.919736    7.734151    0.030780    1.802364    2.029701    2.190222    0.997453    1.148191    1.933216
Iteration: 838 bestvalit: 151.575000 bestmemit:    0.005699    0.013422    0.078987    0.495767    0.158285    0.154968    0.387835    0.076851    0.262820    0.545241    0.631496    1.820332    0.025935    0.003237    0.002009    9.919736    7.734151    0.030780    1.802364    2.029701    2.190222    0.997453    1.148191    1.933216
Iteration: 839 bestvalit: 151.575000 bestmemit:    0.005699    0.013422    0.078987    0.495767    0.158285    0.154968    0.387835    0.076851    0.262820    0.545241    0.631496    1.820332    0.025935    0.003237    0.002009    9.919736    7.734151    0.030780    1.802364    2.029701    2.190222    0.997453    1.148191    1.933216
Iteration: 840 bestvalit: 151.575000 bestmemit:    0.005699    0.013422    0.078987    0.495767    0.158285    0.154968    0.387835    0.076851    0.262820    0.545241    0.631496    1.820332    0.025935    0.003237    0.002009    9.919736    7.734151    0.030780    1.802364    2.029701    2.190222    0.997453    1.148191    1.933216
Iteration: 841 bestvalit: 151.575000 bestmemit:    0.005699    0.013422    0.078987    0.495767    0.158285    0.154968    0.387835    0.076851    0.262820    0.545241    0.631496    1.820332    0.025935    0.003237    0.002009    9.919736    7.734151    0.030780    1.802364    2.029701    2.190222    0.997453    1.148191    1.933216
Iteration: 842 bestvalit: 151.575000 bestmemit:    0.005699    0.013422    0.078987    0.495767    0.158285    0.154968    0.387835    0.076851    0.262820    0.545241    0.631496    1.820332    0.025935    0.003237    0.002009    9.919736    7.734151    0.030780    1.802364    2.029701    2.190222    0.997453    1.148191    1.933216
Iteration: 843 bestvalit: 151.575000 bestmemit:    0.005699    0.013422    0.078987    0.495767    0.158285    0.154968    0.387835    0.076851    0.262820    0.545241    0.631496    1.820332    0.025935    0.003237    0.002009    9.919736    7.734151    0.030780    1.802364    2.029701    2.190222    0.997453    1.148191    1.933216
Iteration: 844 bestvalit: 151.575000 bestmemit:    0.005699    0.013422    0.078987    0.495767    0.158285    0.154968    0.387835    0.076851    0.262820    0.545241    0.631496    1.820332    0.025935    0.003237    0.002009    9.919736    7.734151    0.030780    1.802364    2.029701    2.190222    0.997453    1.148191    1.933216
Iteration: 845 bestvalit: 151.575000 bestmemit:    0.005699    0.013422    0.078987    0.495767    0.158285    0.154968    0.387835    0.076851    0.262820    0.545241    0.631496    1.820332    0.025935    0.003237    0.002009    9.919736    7.734151    0.030780    1.802364    2.029701    2.190222    0.997453    1.148191    1.933216
Iteration: 846 bestvalit: 151.575000 bestmemit:    0.005699    0.013422    0.078987    0.495767    0.158285    0.154968    0.387835    0.076851    0.262820    0.545241    0.631496    1.820332    0.025935    0.003237    0.002009    9.919736    7.734151    0.030780    1.802364    2.029701    2.190222    0.997453    1.148191    1.933216
Iteration: 847 bestvalit: 151.575000 bestmemit:    0.005699    0.013422    0.078987    0.495767    0.158285    0.154968    0.387835    0.076851    0.262820    0.545241    0.631496    1.820332    0.025935    0.003237    0.002009    9.919736    7.734151    0.030780    1.802364    2.029701    2.190222    0.997453    1.148191    1.933216
Iteration: 848 bestvalit: 151.575000 bestmemit:    0.005699    0.013422    0.078987    0.495767    0.158285    0.154968    0.387835    0.076851    0.262820    0.545241    0.631496    1.820332    0.025935    0.003237    0.002009    9.919736    7.734151    0.030780    1.802364    2.029701    2.190222    0.997453    1.148191    1.933216
Iteration: 849 bestvalit: 151.575000 bestmemit:    0.005699    0.013422    0.078987    0.495767    0.158285    0.154968    0.387835    0.076851    0.262820    0.545241    0.631496    1.820332    0.025935    0.003237    0.002009    9.919736    7.734151    0.030780    1.802364    2.029701    2.190222    0.997453    1.148191    1.933216
Iteration: 850 bestvalit: 151.575000 bestmemit:    0.005699    0.013422    0.078987    0.495767    0.158285    0.154968    0.387835    0.076851    0.262820    0.545241    0.631496    1.820332    0.025935    0.003237    0.002009    9.919736    7.734151    0.030780    1.802364    2.029701    2.190222    0.997453    1.148191    1.933216
Iteration: 851 bestvalit: 151.575000 bestmemit:    0.005699    0.013422    0.078987    0.495767    0.158285    0.154968    0.387835    0.076851    0.262820    0.545241    0.631496    1.820332    0.025935    0.003237    0.002009    9.919736    7.734151    0.030780    1.802364    2.029701    2.190222    0.997453    1.148191    1.933216
Iteration: 852 bestvalit: 151.575000 bestmemit:    0.005699    0.013422    0.078987    0.495767    0.158285    0.154968    0.387835    0.076851    0.262820    0.545241    0.631496    1.820332    0.025935    0.003237    0.002009    9.919736    7.734151    0.030780    1.802364    2.029701    2.190222    0.997453    1.148191    1.933216
Iteration: 853 bestvalit: 151.575000 bestmemit:    0.005699    0.013422    0.078987    0.495767    0.158285    0.154968    0.387835    0.076851    0.262820    0.545241    0.631496    1.820332    0.025935    0.003237    0.002009    9.919736    7.734151    0.030780    1.802364    2.029701    2.190222    0.997453    1.148191    1.933216
Iteration: 854 bestvalit: 151.575000 bestmemit:    0.005699    0.013422    0.078987    0.495767    0.158285    0.154968    0.387835    0.076851    0.262820    0.545241    0.631496    1.820332    0.025935    0.003237    0.002009    9.919736    7.734151    0.030780    1.802364    2.029701    2.190222    0.997453    1.148191    1.933216
Iteration: 855 bestvalit: 151.575000 bestmemit:    0.005699    0.013422    0.078987    0.495767    0.158285    0.154968    0.387835    0.076851    0.262820    0.545241    0.631496    1.820332    0.025935    0.003237    0.002009    9.919736    7.734151    0.030780    1.802364    2.029701    2.190222    0.997453    1.148191    1.933216
Iteration: 856 bestvalit: 151.575000 bestmemit:    0.005699    0.013422    0.078987    0.495767    0.158285    0.154968    0.387835    0.076851    0.262820    0.545241    0.631496    1.820332    0.025935    0.003237    0.002009    9.919736    7.734151    0.030780    1.802364    2.029701    2.190222    0.997453    1.148191    1.933216
Iteration: 857 bestvalit: 151.575000 bestmemit:    0.005699    0.013422    0.078987    0.495767    0.158285    0.154968    0.387835    0.076851    0.262820    0.545241    0.631496    1.820332    0.025935    0.003237    0.002009    9.919736    7.734151    0.030780    1.802364    2.029701    2.190222    0.997453    1.148191    1.933216
Iteration: 858 bestvalit: 151.575000 bestmemit:    0.005699    0.013422    0.078987    0.495767    0.158285    0.154968    0.387835    0.076851    0.262820    0.545241    0.631496    1.820332    0.025935    0.003237    0.002009    9.919736    7.734151    0.030780    1.802364    2.029701    2.190222    0.997453    1.148191    1.933216
Iteration: 859 bestvalit: 151.575000 bestmemit:    0.005699    0.013422    0.078987    0.495767    0.158285    0.154968    0.387835    0.076851    0.262820    0.545241    0.631496    1.820332    0.025935    0.003237    0.002009    9.919736    7.734151    0.030780    1.802364    2.029701    2.190222    0.997453    1.148191    1.933216
Iteration: 860 bestvalit: 151.575000 bestmemit:    0.005699    0.013422    0.078987    0.495767    0.158285    0.154968    0.387835    0.076851    0.262820    0.545241    0.631496    1.820332    0.025935    0.003237    0.002009    9.919736    7.734151    0.030780    1.802364    2.029701    2.190222    0.997453    1.148191    1.933216
Iteration: 861 bestvalit: 151.575000 bestmemit:    0.005699    0.013422    0.078987    0.495767    0.158285    0.154968    0.387835    0.076851    0.262820    0.545241    0.631496    1.820332    0.025935    0.003237    0.002009    9.919736    7.734151    0.030780    1.802364    2.029701    2.190222    0.997453    1.148191    1.933216
Iteration: 862 bestvalit: 151.575000 bestmemit:    0.005699    0.013422    0.078987    0.495767    0.158285    0.154968    0.387835    0.076851    0.262820    0.545241    0.631496    1.820332    0.025935    0.003237    0.002009    9.919736    7.734151    0.030780    1.802364    2.029701    2.190222    0.997453    1.148191    1.933216
Iteration: 863 bestvalit: 151.575000 bestmemit:    0.005699    0.013422    0.078987    0.495767    0.158285    0.154968    0.387835    0.076851    0.262820    0.545241    0.631496    1.820332    0.025935    0.003237    0.002009    9.919736    7.734151    0.030780    1.802364    2.029701    2.190222    0.997453    1.148191    1.933216
Iteration: 864 bestvalit: 151.575000 bestmemit:    0.005699    0.013422    0.078987    0.495767    0.158285    0.154968    0.387835    0.076851    0.262820    0.545241    0.631496    1.820332    0.025935    0.003237    0.002009    9.919736    7.734151    0.030780    1.802364    2.029701    2.190222    0.997453    1.148191    1.933216
Iteration: 865 bestvalit: 151.575000 bestmemit:    0.005699    0.013422    0.078987    0.495767    0.158285    0.154968    0.387835    0.076851    0.262820    0.545241    0.631496    1.820332    0.025935    0.003237    0.002009    9.919736    7.734151    0.030780    1.802364    2.029701    2.190222    0.997453    1.148191    1.933216
Iteration: 866 bestvalit: 151.575000 bestmemit:    0.005699    0.013422    0.078987    0.495767    0.158285    0.154968    0.387835    0.076851    0.262820    0.545241    0.631496    1.820332    0.025935    0.003237    0.002009    9.919736    7.734151    0.030780    1.802364    2.029701    2.190222    0.997453    1.148191    1.933216
Iteration: 867 bestvalit: 151.575000 bestmemit:    0.005699    0.013422    0.078987    0.495767    0.158285    0.154968    0.387835    0.076851    0.262820    0.545241    0.631496    1.820332    0.025935    0.003237    0.002009    9.919736    7.734151    0.030780    1.802364    2.029701    2.190222    0.997453    1.148191    1.933216
Iteration: 868 bestvalit: 151.575000 bestmemit:    0.005699    0.013422    0.078987    0.495767    0.158285    0.154968    0.387835    0.076851    0.262820    0.545241    0.631496    1.820332    0.025935    0.003237    0.002009    9.919736    7.734151    0.030780    1.802364    2.029701    2.190222    0.997453    1.148191    1.933216
Iteration: 869 bestvalit: 151.575000 bestmemit:    0.005699    0.013422    0.078987    0.495767    0.158285    0.154968    0.387835    0.076851    0.262820    0.545241    0.631496    1.820332    0.025935    0.003237    0.002009    9.919736    7.734151    0.030780    1.802364    2.029701    2.190222    0.997453    1.148191    1.933216
Iteration: 870 bestvalit: 151.575000 bestmemit:    0.005699    0.013422    0.078987    0.495767    0.158285    0.154968    0.387835    0.076851    0.262820    0.545241    0.631496    1.820332    0.025935    0.003237    0.002009    9.919736    7.734151    0.030780    1.802364    2.029701    2.190222    0.997453    1.148191    1.933216
Iteration: 871 bestvalit: 151.575000 bestmemit:    0.005699    0.013422    0.078987    0.495767    0.158285    0.154968    0.387835    0.076851    0.262820    0.545241    0.631496    1.820332    0.025935    0.003237    0.002009    9.919736    7.734151    0.030780    1.802364    2.029701    2.190222    0.997453    1.148191    1.933216
Iteration: 872 bestvalit: 151.575000 bestmemit:    0.005699    0.013422    0.078987    0.495767    0.158285    0.154968    0.387835    0.076851    0.262820    0.545241    0.631496    1.820332    0.025935    0.003237    0.002009    9.919736    7.734151    0.030780    1.802364    2.029701    2.190222    0.997453    1.148191    1.933216
Iteration: 873 bestvalit: 151.575000 bestmemit:    0.005699    0.013422    0.078987    0.495767    0.158285    0.154968    0.387835    0.076851    0.262820    0.545241    0.631496    1.820332    0.025935    0.003237    0.002009    9.919736    7.734151    0.030780    1.802364    2.029701    2.190222    0.997453    1.148191    1.933216
Iteration: 874 bestvalit: 151.575000 bestmemit:    0.005699    0.013422    0.078987    0.495767    0.158285    0.154968    0.387835    0.076851    0.262820    0.545241    0.631496    1.820332    0.025935    0.003237    0.002009    9.919736    7.734151    0.030780    1.802364    2.029701    2.190222    0.997453    1.148191    1.933216
Iteration: 875 bestvalit: 151.575000 bestmemit:    0.005699    0.013422    0.078987    0.495767    0.158285    0.154968    0.387835    0.076851    0.262820    0.545241    0.631496    1.820332    0.025935    0.003237    0.002009    9.919736    7.734151    0.030780    1.802364    2.029701    2.190222    0.997453    1.148191    1.933216
Iteration: 876 bestvalit: 151.575000 bestmemit:    0.005699    0.013422    0.078987    0.495767    0.158285    0.154968    0.387835    0.076851    0.262820    0.545241    0.631496    1.820332    0.025935    0.003237    0.002009    9.919736    7.734151    0.030780    1.802364    2.029701    2.190222    0.997453    1.148191    1.933216
Iteration: 877 bestvalit: 151.575000 bestmemit:    0.005699    0.013422    0.078987    0.495767    0.158285    0.154968    0.387835    0.076851    0.262820    0.545241    0.631496    1.820332    0.025935    0.003237    0.002009    9.919736    7.734151    0.030780    1.802364    2.029701    2.190222    0.997453    1.148191    1.933216
Iteration: 878 bestvalit: 151.575000 bestmemit:    0.005699    0.013422    0.078987    0.495767    0.158285    0.154968    0.387835    0.076851    0.262820    0.545241    0.631496    1.820332    0.025935    0.003237    0.002009    9.919736    7.734151    0.030780    1.802364    2.029701    2.190222    0.997453    1.148191    1.933216
Iteration: 879 bestvalit: 151.575000 bestmemit:    0.005699    0.013422    0.078987    0.495767    0.158285    0.154968    0.387835    0.076851    0.262820    0.545241    0.631496    1.820332    0.025935    0.003237    0.002009    9.919736    7.734151    0.030780    1.802364    2.029701    2.190222    0.997453    1.148191    1.933216
Iteration: 880 bestvalit: 151.575000 bestmemit:    0.005699    0.013422    0.078987    0.495767    0.158285    0.154968    0.387835    0.076851    0.262820    0.545241    0.631496    1.820332    0.025935    0.003237    0.002009    9.919736    7.734151    0.030780    1.802364    2.029701    2.190222    0.997453    1.148191    1.933216
Iteration: 881 bestvalit: 151.575000 bestmemit:    0.005699    0.013422    0.078987    0.495767    0.158285    0.154968    0.387835    0.076851    0.262820    0.545241    0.631496    1.820332    0.025935    0.003237    0.002009    9.919736    7.734151    0.030780    1.802364    2.029701    2.190222    0.997453    1.148191    1.933216
Iteration: 882 bestvalit: 151.575000 bestmemit:    0.005699    0.013422    0.078987    0.495767    0.158285    0.154968    0.387835    0.076851    0.262820    0.545241    0.631496    1.820332    0.025935    0.003237    0.002009    9.919736    7.734151    0.030780    1.802364    2.029701    2.190222    0.997453    1.148191    1.933216
Iteration: 883 bestvalit: 151.575000 bestmemit:    0.005699    0.013422    0.078987    0.495767    0.158285    0.154968    0.387835    0.076851    0.262820    0.545241    0.631496    1.820332    0.025935    0.003237    0.002009    9.919736    7.734151    0.030780    1.802364    2.029701    2.190222    0.997453    1.148191    1.933216
Iteration: 884 bestvalit: 151.575000 bestmemit:    0.005699    0.013422    0.078987    0.495767    0.158285    0.154968    0.387835    0.076851    0.262820    0.545241    0.631496    1.820332    0.025935    0.003237    0.002009    9.919736    7.734151    0.030780    1.802364    2.029701    2.190222    0.997453    1.148191    1.933216
Iteration: 885 bestvalit: 151.575000 bestmemit:    0.005699    0.013422    0.078987    0.495767    0.158285    0.154968    0.387835    0.076851    0.262820    0.545241    0.631496    1.820332    0.025935    0.003237    0.002009    9.919736    7.734151    0.030780    1.802364    2.029701    2.190222    0.997453    1.148191    1.933216
Iteration: 886 bestvalit: 151.575000 bestmemit:    0.005699    0.013422    0.078987    0.495767    0.158285    0.154968    0.387835    0.076851    0.262820    0.545241    0.631496    1.820332    0.025935    0.003237    0.002009    9.919736    7.734151    0.030780    1.802364    2.029701    2.190222    0.997453    1.148191    1.933216
Iteration: 887 bestvalit: 151.575000 bestmemit:    0.005699    0.013422    0.078987    0.495767    0.158285    0.154968    0.387835    0.076851    0.262820    0.545241    0.631496    1.820332    0.025935    0.003237    0.002009    9.919736    7.734151    0.030780    1.802364    2.029701    2.190222    0.997453    1.148191    1.933216
Iteration: 888 bestvalit: 151.575000 bestmemit:    0.005699    0.013422    0.078987    0.495767    0.158285    0.154968    0.387835    0.076851    0.262820    0.545241    0.631496    1.820332    0.025935    0.003237    0.002009    9.919736    7.734151    0.030780    1.802364    2.029701    2.190222    0.997453    1.148191    1.933216
Iteration: 889 bestvalit: 151.575000 bestmemit:    0.005699    0.013422    0.078987    0.495767    0.158285    0.154968    0.387835    0.076851    0.262820    0.545241    0.631496    1.820332    0.025935    0.003237    0.002009    9.919736    7.734151    0.030780    1.802364    2.029701    2.190222    0.997453    1.148191    1.933216
Iteration: 890 bestvalit: 151.575000 bestmemit:    0.005699    0.013422    0.078987    0.495767    0.158285    0.154968    0.387835    0.076851    0.262820    0.545241    0.631496    1.820332    0.025935    0.003237    0.002009    9.919736    7.734151    0.030780    1.802364    2.029701    2.190222    0.997453    1.148191    1.933216
Iteration: 891 bestvalit: 151.575000 bestmemit:    0.005699    0.013422    0.078987    0.495767    0.158285    0.154968    0.387835    0.076851    0.262820    0.545241    0.631496    1.820332    0.025935    0.003237    0.002009    9.919736    7.734151    0.030780    1.802364    2.029701    2.190222    0.997453    1.148191    1.933216
Iteration: 892 bestvalit: 151.575000 bestmemit:    0.005699    0.013422    0.078987    0.495767    0.158285    0.154968    0.387835    0.076851    0.262820    0.545241    0.631496    1.820332    0.025935    0.003237    0.002009    9.919736    7.734151    0.030780    1.802364    2.029701    2.190222    0.997453    1.148191    1.933216
Iteration: 893 bestvalit: 151.575000 bestmemit:    0.005699    0.013422    0.078987    0.495767    0.158285    0.154968    0.387835    0.076851    0.262820    0.545241    0.631496    1.820332    0.025935    0.003237    0.002009    9.919736    7.734151    0.030780    1.802364    2.029701    2.190222    0.997453    1.148191    1.933216
Iteration: 894 bestvalit: 151.575000 bestmemit:    0.005699    0.013422    0.078987    0.495767    0.158285    0.154968    0.387835    0.076851    0.262820    0.545241    0.631496    1.820332    0.025935    0.003237    0.002009    9.919736    7.734151    0.030780    1.802364    2.029701    2.190222    0.997453    1.148191    1.933216
Iteration: 895 bestvalit: 151.575000 bestmemit:    0.005699    0.013422    0.078987    0.495767    0.158285    0.154968    0.387835    0.076851    0.262820    0.545241    0.631496    1.820332    0.025935    0.003237    0.002009    9.919736    7.734151    0.030780    1.802364    2.029701    2.190222    0.997453    1.148191    1.933216
Iteration: 896 bestvalit: 151.575000 bestmemit:    0.005699    0.013422    0.078987    0.495767    0.158285    0.154968    0.387835    0.076851    0.262820    0.545241    0.631496    1.820332    0.025935    0.003237    0.002009    9.919736    7.734151    0.030780    1.802364    2.029701    2.190222    0.997453    1.148191    1.933216
Iteration: 897 bestvalit: 151.575000 bestmemit:    0.005699    0.013422    0.078987    0.495767    0.158285    0.154968    0.387835    0.076851    0.262820    0.545241    0.631496    1.820332    0.025935    0.003237    0.002009    9.919736    7.734151    0.030780    1.802364    2.029701    2.190222    0.997453    1.148191    1.933216
Iteration: 898 bestvalit: 151.575000 bestmemit:    0.005699    0.013422    0.078987    0.495767    0.158285    0.154968    0.387835    0.076851    0.262820    0.545241    0.631496    1.820332    0.025935    0.003237    0.002009    9.919736    7.734151    0.030780    1.802364    2.029701    2.190222    0.997453    1.148191    1.933216
Iteration: 899 bestvalit: 151.575000 bestmemit:    0.005699    0.013422    0.078987    0.495767    0.158285    0.154968    0.387835    0.076851    0.262820    0.545241    0.631496    1.820332    0.025935    0.003237    0.002009    9.919736    7.734151    0.030780    1.802364    2.029701    2.190222    0.997453    1.148191    1.933216
Iteration: 900 bestvalit: 151.575000 bestmemit:    0.005699    0.013422    0.078987    0.495767    0.158285    0.154968    0.387835    0.076851    0.262820    0.545241    0.631496    1.820332    0.025935    0.003237    0.002009    9.919736    7.734151    0.030780    1.802364    2.029701    2.190222    0.997453    1.148191    1.933216
Iteration: 901 bestvalit: 151.575000 bestmemit:    0.005699    0.013422    0.078987    0.495767    0.158285    0.154968    0.387835    0.076851    0.262820    0.545241    0.631496    1.820332    0.025935    0.003237    0.002009    9.919736    7.734151    0.030780    1.802364    2.029701    2.190222    0.997453    1.148191    1.933216
Iteration: 902 bestvalit: 151.575000 bestmemit:    0.005699    0.013422    0.078987    0.495767    0.158285    0.154968    0.387835    0.076851    0.262820    0.545241    0.631496    1.820332    0.025935    0.003237    0.002009    9.919736    7.734151    0.030780    1.802364    2.029701    2.190222    0.997453    1.148191    1.933216
Iteration: 903 bestvalit: 151.575000 bestmemit:    0.005699    0.013422    0.078987    0.495767    0.158285    0.154968    0.387835    0.076851    0.262820    0.545241    0.631496    1.820332    0.025935    0.003237    0.002009    9.919736    7.734151    0.030780    1.802364    2.029701    2.190222    0.997453    1.148191    1.933216
Iteration: 904 bestvalit: 151.575000 bestmemit:    0.005699    0.013422    0.078987    0.495767    0.158285    0.154968    0.387835    0.076851    0.262820    0.545241    0.631496    1.820332    0.025935    0.003237    0.002009    9.919736    7.734151    0.030780    1.802364    2.029701    2.190222    0.997453    1.148191    1.933216
Iteration: 905 bestvalit: 151.575000 bestmemit:    0.005699    0.013422    0.078987    0.495767    0.158285    0.154968    0.387835    0.076851    0.262820    0.545241    0.631496    1.820332    0.025935    0.003237    0.002009    9.919736    7.734151    0.030780    1.802364    2.029701    2.190222    0.997453    1.148191    1.933216
Iteration: 906 bestvalit: 151.575000 bestmemit:    0.005699    0.013422    0.078987    0.495767    0.158285    0.154968    0.387835    0.076851    0.262820    0.545241    0.631496    1.820332    0.025935    0.003237    0.002009    9.919736    7.734151    0.030780    1.802364    2.029701    2.190222    0.997453    1.148191    1.933216
Iteration: 907 bestvalit: 151.575000 bestmemit:    0.005699    0.013422    0.078987    0.495767    0.158285    0.154968    0.387835    0.076851    0.262820    0.545241    0.631496    1.820332    0.025935    0.003237    0.002009    9.919736    7.734151    0.030780    1.802364    2.029701    2.190222    0.997453    1.148191    1.933216
Iteration: 908 bestvalit: 150.970000 bestmemit:    0.005699    0.013422    0.078987    0.495767    0.158285    0.154968    0.387835    0.076851    0.262820    0.545241    0.631496    1.820332    0.025935    0.003945    0.002180    9.919736    7.734151    0.030780    1.802364    2.029701    2.190222    0.997453    1.148191    1.933216
Iteration: 909 bestvalit: 150.970000 bestmemit:    0.005699    0.013422    0.078987    0.495767    0.158285    0.154968    0.387835    0.076851    0.262820    0.545241    0.631496    1.820332    0.025935    0.003945    0.002180    9.919736    7.734151    0.030780    1.802364    2.029701    2.190222    0.997453    1.148191    1.933216
Iteration: 910 bestvalit: 150.970000 bestmemit:    0.005699    0.013422    0.078987    0.495767    0.158285    0.154968    0.387835    0.076851    0.262820    0.545241    0.631496    1.820332    0.025935    0.003945    0.002180    9.919736    7.734151    0.030780    1.802364    2.029701    2.190222    0.997453    1.148191    1.933216
Iteration: 911 bestvalit: 150.970000 bestmemit:    0.005699    0.013422    0.078987    0.495767    0.158285    0.154968    0.387835    0.076851    0.262820    0.545241    0.631496    1.820332    0.025935    0.003945    0.002180    9.919736    7.734151    0.030780    1.802364    2.029701    2.190222    0.997453    1.148191    1.933216
Iteration: 912 bestvalit: 150.970000 bestmemit:    0.005699    0.013422    0.078987    0.495767    0.158285    0.154968    0.387835    0.076851    0.262820    0.545241    0.631496    1.820332    0.025935    0.003945    0.002180    9.919736    7.734151    0.030780    1.802364    2.029701    2.190222    0.997453    1.148191    1.933216
Iteration: 913 bestvalit: 150.970000 bestmemit:    0.005699    0.013422    0.078987    0.495767    0.158285    0.154968    0.387835    0.076851    0.262820    0.545241    0.631496    1.820332    0.025935    0.003945    0.002180    9.919736    7.734151    0.030780    1.802364    2.029701    2.190222    0.997453    1.148191    1.933216
Iteration: 914 bestvalit: 150.970000 bestmemit:    0.005699    0.013422    0.078987    0.495767    0.158285    0.154968    0.387835    0.076851    0.262820    0.545241    0.631496    1.820332    0.025935    0.003945    0.002180    9.919736    7.734151    0.030780    1.802364    2.029701    2.190222    0.997453    1.148191    1.933216
Iteration: 915 bestvalit: 150.970000 bestmemit:    0.005699    0.013422    0.078987    0.495767    0.158285    0.154968    0.387835    0.076851    0.262820    0.545241    0.631496    1.820332    0.025935    0.003945    0.002180    9.919736    7.734151    0.030780    1.802364    2.029701    2.190222    0.997453    1.148191    1.933216
Iteration: 916 bestvalit: 150.970000 bestmemit:    0.005699    0.013422    0.078987    0.495767    0.158285    0.154968    0.387835    0.076851    0.262820    0.545241    0.631496    1.820332    0.025935    0.003945    0.002180    9.919736    7.734151    0.030780    1.802364    2.029701    2.190222    0.997453    1.148191    1.933216
Iteration: 917 bestvalit: 150.970000 bestmemit:    0.005699    0.013422    0.078987    0.495767    0.158285    0.154968    0.387835    0.076851    0.262820    0.545241    0.631496    1.820332    0.025935    0.003945    0.002180    9.919736    7.734151    0.030780    1.802364    2.029701    2.190222    0.997453    1.148191    1.933216
Iteration: 918 bestvalit: 150.970000 bestmemit:    0.005699    0.013422    0.078987    0.495767    0.158285    0.154968    0.387835    0.076851    0.262820    0.545241    0.631496    1.820332    0.025935    0.003945    0.002180    9.919736    7.734151    0.030780    1.802364    2.029701    2.190222    0.997453    1.148191    1.933216
Iteration: 919 bestvalit: 150.970000 bestmemit:    0.005699    0.013422    0.078987    0.495767    0.158285    0.154968    0.387835    0.076851    0.262820    0.545241    0.631496    1.820332    0.025935    0.003945    0.002180    9.919736    7.734151    0.030780    1.802364    2.029701    2.190222    0.997453    1.148191    1.933216
Iteration: 920 bestvalit: 150.970000 bestmemit:    0.005699    0.013422    0.078987    0.495767    0.158285    0.154968    0.387835    0.076851    0.262820    0.545241    0.631496    1.820332    0.025935    0.003945    0.002180    9.919736    7.734151    0.030780    1.802364    2.029701    2.190222    0.997453    1.148191    1.933216
Iteration: 921 bestvalit: 150.970000 bestmemit:    0.005699    0.013422    0.078987    0.495767    0.158285    0.154968    0.387835    0.076851    0.262820    0.545241    0.631496    1.820332    0.025935    0.003945    0.002180    9.919736    7.734151    0.030780    1.802364    2.029701    2.190222    0.997453    1.148191    1.933216
Iteration: 922 bestvalit: 150.970000 bestmemit:    0.005699    0.013422    0.078987    0.495767    0.158285    0.154968    0.387835    0.076851    0.262820    0.545241    0.631496    1.820332    0.025935    0.003945    0.002180    9.919736    7.734151    0.030780    1.802364    2.029701    2.190222    0.997453    1.148191    1.933216
Iteration: 923 bestvalit: 150.970000 bestmemit:    0.005699    0.013422    0.078987    0.495767    0.158285    0.154968    0.387835    0.076851    0.262820    0.545241    0.631496    1.820332    0.025935    0.003945    0.002180    9.919736    7.734151    0.030780    1.802364    2.029701    2.190222    0.997453    1.148191    1.933216
Iteration: 924 bestvalit: 150.970000 bestmemit:    0.005699    0.013422    0.078987    0.495767    0.158285    0.154968    0.387835    0.076851    0.262820    0.545241    0.631496    1.820332    0.025935    0.003945    0.002180    9.919736    7.734151    0.030780    1.802364    2.029701    2.190222    0.997453    1.148191    1.933216
Iteration: 925 bestvalit: 150.970000 bestmemit:    0.005699    0.013422    0.078987    0.495767    0.158285    0.154968    0.387835    0.076851    0.262820    0.545241    0.631496    1.820332    0.025935    0.003945    0.002180    9.919736    7.734151    0.030780    1.802364    2.029701    2.190222    0.997453    1.148191    1.933216
Iteration: 926 bestvalit: 150.970000 bestmemit:    0.005699    0.013422    0.078987    0.495767    0.158285    0.154968    0.387835    0.076851    0.262820    0.545241    0.631496    1.820332    0.025935    0.003945    0.002180    9.919736    7.734151    0.030780    1.802364    2.029701    2.190222    0.997453    1.148191    1.933216
Iteration: 927 bestvalit: 150.970000 bestmemit:    0.005699    0.013422    0.078987    0.495767    0.158285    0.154968    0.387835    0.076851    0.262820    0.545241    0.631496    1.820332    0.025935    0.003945    0.002180    9.919736    7.734151    0.030780    1.802364    2.029701    2.190222    0.997453    1.148191    1.933216
Iteration: 928 bestvalit: 150.970000 bestmemit:    0.005699    0.013422    0.078987    0.495767    0.158285    0.154968    0.387835    0.076851    0.262820    0.545241    0.631496    1.820332    0.025935    0.003945    0.002180    9.919736    7.734151    0.030780    1.802364    2.029701    2.190222    0.997453    1.148191    1.933216
Iteration: 929 bestvalit: 150.970000 bestmemit:    0.005699    0.013422    0.078987    0.495767    0.158285    0.154968    0.387835    0.076851    0.262820    0.545241    0.631496    1.820332    0.025935    0.003945    0.002180    9.919736    7.734151    0.030780    1.802364    2.029701    2.190222    0.997453    1.148191    1.933216
Iteration: 930 bestvalit: 150.970000 bestmemit:    0.005699    0.013422    0.078987    0.495767    0.158285    0.154968    0.387835    0.076851    0.262820    0.545241    0.631496    1.820332    0.025935    0.003945    0.002180    9.919736    7.734151    0.030780    1.802364    2.029701    2.190222    0.997453    1.148191    1.933216
Iteration: 931 bestvalit: 150.970000 bestmemit:    0.005699    0.013422    0.078987    0.495767    0.158285    0.154968    0.387835    0.076851    0.262820    0.545241    0.631496    1.820332    0.025935    0.003945    0.002180    9.919736    7.734151    0.030780    1.802364    2.029701    2.190222    0.997453    1.148191    1.933216
Iteration: 932 bestvalit: 150.970000 bestmemit:    0.005699    0.013422    0.078987    0.495767    0.158285    0.154968    0.387835    0.076851    0.262820    0.545241    0.631496    1.820332    0.025935    0.003945    0.002180    9.919736    7.734151    0.030780    1.802364    2.029701    2.190222    0.997453    1.148191    1.933216
Iteration: 933 bestvalit: 150.970000 bestmemit:    0.005699    0.013422    0.078987    0.495767    0.158285    0.154968    0.387835    0.076851    0.262820    0.545241    0.631496    1.820332    0.025935    0.003945    0.002180    9.919736    7.734151    0.030780    1.802364    2.029701    2.190222    0.997453    1.148191    1.933216
Iteration: 934 bestvalit: 150.970000 bestmemit:    0.005699    0.013422    0.078987    0.495767    0.158285    0.154968    0.387835    0.076851    0.262820    0.545241    0.631496    1.820332    0.025935    0.003945    0.002180    9.919736    7.734151    0.030780    1.802364    2.029701    2.190222    0.997453    1.148191    1.933216
Iteration: 935 bestvalit: 150.970000 bestmemit:    0.005699    0.013422    0.078987    0.495767    0.158285    0.154968    0.387835    0.076851    0.262820    0.545241    0.631496    1.820332    0.025935    0.003945    0.002180    9.919736    7.734151    0.030780    1.802364    2.029701    2.190222    0.997453    1.148191    1.933216
Iteration: 936 bestvalit: 150.970000 bestmemit:    0.005699    0.013422    0.078987    0.495767    0.158285    0.154968    0.387835    0.076851    0.262820    0.545241    0.631496    1.820332    0.025935    0.003945    0.002180    9.919736    7.734151    0.030780    1.802364    2.029701    2.190222    0.997453    1.148191    1.933216
Iteration: 937 bestvalit: 150.970000 bestmemit:    0.005699    0.013422    0.078987    0.495767    0.158285    0.154968    0.387835    0.076851    0.262820    0.545241    0.631496    1.820332    0.025935    0.003945    0.002180    9.919736    7.734151    0.030780    1.802364    2.029701    2.190222    0.997453    1.148191    1.933216
Iteration: 938 bestvalit: 150.970000 bestmemit:    0.005699    0.013422    0.078987    0.495767    0.158285    0.154968    0.387835    0.076851    0.262820    0.545241    0.631496    1.820332    0.025935    0.003945    0.002180    9.919736    7.734151    0.030780    1.802364    2.029701    2.190222    0.997453    1.148191    1.933216
Iteration: 939 bestvalit: 150.970000 bestmemit:    0.005699    0.013422    0.078987    0.495767    0.158285    0.154968    0.387835    0.076851    0.262820    0.545241    0.631496    1.820332    0.025935    0.003945    0.002180    9.919736    7.734151    0.030780    1.802364    2.029701    2.190222    0.997453    1.148191    1.933216
Iteration: 940 bestvalit: 150.970000 bestmemit:    0.005699    0.013422    0.078987    0.495767    0.158285    0.154968    0.387835    0.076851    0.262820    0.545241    0.631496    1.820332    0.025935    0.003945    0.002180    9.919736    7.734151    0.030780    1.802364    2.029701    2.190222    0.997453    1.148191    1.933216
Iteration: 941 bestvalit: 150.970000 bestmemit:    0.005699    0.013422    0.078987    0.495767    0.158285    0.154968    0.387835    0.076851    0.262820    0.545241    0.631496    1.820332    0.025935    0.003945    0.002180    9.919736    7.734151    0.030780    1.802364    2.029701    2.190222    0.997453    1.148191    1.933216
Iteration: 942 bestvalit: 150.970000 bestmemit:    0.005699    0.013422    0.078987    0.495767    0.158285    0.154968    0.387835    0.076851    0.262820    0.545241    0.631496    1.820332    0.025935    0.003945    0.002180    9.919736    7.734151    0.030780    1.802364    2.029701    2.190222    0.997453    1.148191    1.933216
Iteration: 943 bestvalit: 150.970000 bestmemit:    0.005699    0.013422    0.078987    0.495767    0.158285    0.154968    0.387835    0.076851    0.262820    0.545241    0.631496    1.820332    0.025935    0.003945    0.002180    9.919736    7.734151    0.030780    1.802364    2.029701    2.190222    0.997453    1.148191    1.933216
Iteration: 944 bestvalit: 150.970000 bestmemit:    0.005699    0.013422    0.078987    0.495767    0.158285    0.154968    0.387835    0.076851    0.262820    0.545241    0.631496    1.820332    0.025935    0.003945    0.002180    9.919736    7.734151    0.030780    1.802364    2.029701    2.190222    0.997453    1.148191    1.933216
Iteration: 945 bestvalit: 150.970000 bestmemit:    0.005699    0.013422    0.078987    0.495767    0.158285    0.154968    0.387835    0.076851    0.262820    0.545241    0.631496    1.820332    0.025935    0.003945    0.002180    9.919736    7.734151    0.030780    1.802364    2.029701    2.190222    0.997453    1.148191    1.933216
Iteration: 946 bestvalit: 150.970000 bestmemit:    0.005699    0.013422    0.078987    0.495767    0.158285    0.154968    0.387835    0.076851    0.262820    0.545241    0.631496    1.820332    0.025935    0.003945    0.002180    9.919736    7.734151    0.030780    1.802364    2.029701    2.190222    0.997453    1.148191    1.933216
Iteration: 947 bestvalit: 150.970000 bestmemit:    0.005699    0.013422    0.078987    0.495767    0.158285    0.154968    0.387835    0.076851    0.262820    0.545241    0.631496    1.820332    0.025935    0.003945    0.002180    9.919736    7.734151    0.030780    1.802364    2.029701    2.190222    0.997453    1.148191    1.933216
Iteration: 948 bestvalit: 150.970000 bestmemit:    0.005699    0.013422    0.078987    0.495767    0.158285    0.154968    0.387835    0.076851    0.262820    0.545241    0.631496    1.820332    0.025935    0.003945    0.002180    9.919736    7.734151    0.030780    1.802364    2.029701    2.190222    0.997453    1.148191    1.933216
Iteration: 949 bestvalit: 150.970000 bestmemit:    0.005699    0.013422    0.078987    0.495767    0.158285    0.154968    0.387835    0.076851    0.262820    0.545241    0.631496    1.820332    0.025935    0.003945    0.002180    9.919736    7.734151    0.030780    1.802364    2.029701    2.190222    0.997453    1.148191    1.933216
Iteration: 950 bestvalit: 150.970000 bestmemit:    0.005699    0.013422    0.078987    0.495767    0.158285    0.154968    0.387835    0.076851    0.262820    0.545241    0.631496    1.820332    0.025935    0.003945    0.002180    9.919736    7.734151    0.030780    1.802364    2.029701    2.190222    0.997453    1.148191    1.933216
Iteration: 951 bestvalit: 150.970000 bestmemit:    0.005699    0.013422    0.078987    0.495767    0.158285    0.154968    0.387835    0.076851    0.262820    0.545241    0.631496    1.820332    0.025935    0.003945    0.002180    9.919736    7.734151    0.030780    1.802364    2.029701    2.190222    0.997453    1.148191    1.933216
Iteration: 952 bestvalit: 150.970000 bestmemit:    0.005699    0.013422    0.078987    0.495767    0.158285    0.154968    0.387835    0.076851    0.262820    0.545241    0.631496    1.820332    0.025935    0.003945    0.002180    9.919736    7.734151    0.030780    1.802364    2.029701    2.190222    0.997453    1.148191    1.933216
Iteration: 953 bestvalit: 150.790000 bestmemit:    0.005699    0.013422    0.078987    0.495767    0.158285    0.154968    0.387835    0.076851    0.262820    0.545241    0.631496    1.820332    0.025935    0.003945    0.002180    9.919736    7.609849    0.030780    1.802364    2.029701    2.190222    0.997453    1.148191    1.933216
Iteration: 954 bestvalit: 150.790000 bestmemit:    0.005699    0.013422    0.078987    0.495767    0.158285    0.154968    0.387835    0.076851    0.262820    0.545241    0.631496    1.820332    0.025935    0.003945    0.002180    9.919736    7.609849    0.030780    1.802364    2.029701    2.190222    0.997453    1.148191    1.933216
Iteration: 955 bestvalit: 150.790000 bestmemit:    0.005699    0.013422    0.078987    0.495767    0.158285    0.154968    0.387835    0.076851    0.262820    0.545241    0.631496    1.820332    0.025935    0.003945    0.002180    9.919736    7.609849    0.030780    1.802364    2.029701    2.190222    0.997453    1.148191    1.933216
Iteration: 956 bestvalit: 150.790000 bestmemit:    0.005699    0.013422    0.078987    0.495767    0.158285    0.154968    0.387835    0.076851    0.262820    0.545241    0.631496    1.820332    0.025935    0.003945    0.002180    9.919736    7.609849    0.030780    1.802364    2.029701    2.190222    0.997453    1.148191    1.933216
Iteration: 957 bestvalit: 150.790000 bestmemit:    0.005699    0.013422    0.078987    0.495767    0.158285    0.154968    0.387835    0.076851    0.262820    0.545241    0.631496    1.820332    0.025935    0.003945    0.002180    9.919736    7.609849    0.030780    1.802364    2.029701    2.190222    0.997453    1.148191    1.933216
Iteration: 958 bestvalit: 150.790000 bestmemit:    0.005699    0.013422    0.078987    0.495767    0.158285    0.154968    0.387835    0.076851    0.262820    0.545241    0.631496    1.820332    0.025935    0.003945    0.002180    9.919736    7.609849    0.030780    1.802364    2.029701    2.190222    0.997453    1.148191    1.933216
Iteration: 959 bestvalit: 150.790000 bestmemit:    0.005699    0.013422    0.078987    0.495767    0.158285    0.154968    0.387835    0.076851    0.262820    0.545241    0.631496    1.820332    0.025935    0.003945    0.002180    9.919736    7.609849    0.030780    1.802364    2.029701    2.190222    0.997453    1.148191    1.933216
Iteration: 960 bestvalit: 150.790000 bestmemit:    0.005699    0.013422    0.078987    0.495767    0.158285    0.154968    0.387835    0.076851    0.262820    0.545241    0.631496    1.820332    0.025935    0.003945    0.002180    9.919736    7.609849    0.030780    1.802364    2.029701    2.190222    0.997453    1.148191    1.933216
Iteration: 961 bestvalit: 150.790000 bestmemit:    0.005699    0.013422    0.078987    0.495767    0.158285    0.154968    0.387835    0.076851    0.262820    0.545241    0.631496    1.820332    0.025935    0.003945    0.002180    9.919736    7.609849    0.030780    1.802364    2.029701    2.190222    0.997453    1.148191    1.933216
Iteration: 962 bestvalit: 150.790000 bestmemit:    0.005699    0.013422    0.078987    0.495767    0.158285    0.154968    0.387835    0.076851    0.262820    0.545241    0.631496    1.820332    0.025935    0.003945    0.002180    9.919736    7.609849    0.030780    1.802364    2.029701    2.190222    0.997453    1.148191    1.933216
Iteration: 963 bestvalit: 150.790000 bestmemit:    0.005699    0.013422    0.078987    0.495767    0.158285    0.154968    0.387835    0.076851    0.262820    0.545241    0.631496    1.820332    0.025935    0.003945    0.002180    9.919736    7.609849    0.030780    1.802364    2.029701    2.190222    0.997453    1.148191    1.933216
Iteration: 964 bestvalit: 150.790000 bestmemit:    0.005699    0.013422    0.078987    0.495767    0.158285    0.154968    0.387835    0.076851    0.262820    0.545241    0.631496    1.820332    0.025935    0.003945    0.002180    9.919736    7.609849    0.030780    1.802364    2.029701    2.190222    0.997453    1.148191    1.933216
Iteration: 965 bestvalit: 150.790000 bestmemit:    0.005699    0.013422    0.078987    0.495767    0.158285    0.154968    0.387835    0.076851    0.262820    0.545241    0.631496    1.820332    0.025935    0.003945    0.002180    9.919736    7.609849    0.030780    1.802364    2.029701    2.190222    0.997453    1.148191    1.933216
Iteration: 966 bestvalit: 150.790000 bestmemit:    0.005699    0.013422    0.078987    0.495767    0.158285    0.154968    0.387835    0.076851    0.262820    0.545241    0.631496    1.820332    0.025935    0.003945    0.002180    9.919736    7.609849    0.030780    1.802364    2.029701    2.190222    0.997453    1.148191    1.933216
Iteration: 967 bestvalit: 150.790000 bestmemit:    0.005699    0.013422    0.078987    0.495767    0.158285    0.154968    0.387835    0.076851    0.262820    0.545241    0.631496    1.820332    0.025935    0.003945    0.002180    9.919736    7.609849    0.030780    1.802364    2.029701    2.190222    0.997453    1.148191    1.933216
Iteration: 968 bestvalit: 150.790000 bestmemit:    0.005699    0.013422    0.078987    0.495767    0.158285    0.154968    0.387835    0.076851    0.262820    0.545241    0.631496    1.820332    0.025935    0.003945    0.002180    9.919736    7.609849    0.030780    1.802364    2.029701    2.190222    0.997453    1.148191    1.933216
Iteration: 969 bestvalit: 150.790000 bestmemit:    0.005699    0.013422    0.078987    0.495767    0.158285    0.154968    0.387835    0.076851    0.262820    0.545241    0.631496    1.820332    0.025935    0.003945    0.002180    9.919736    7.609849    0.030780    1.802364    2.029701    2.190222    0.997453    1.148191    1.933216
Iteration: 970 bestvalit: 150.790000 bestmemit:    0.005699    0.013422    0.078987    0.495767    0.158285    0.154968    0.387835    0.076851    0.262820    0.545241    0.631496    1.820332    0.025935    0.003945    0.002180    9.919736    7.609849    0.030780    1.802364    2.029701    2.190222    0.997453    1.148191    1.933216
Iteration: 971 bestvalit: 150.790000 bestmemit:    0.005699    0.013422    0.078987    0.495767    0.158285    0.154968    0.387835    0.076851    0.262820    0.545241    0.631496    1.820332    0.025935    0.003945    0.002180    9.919736    7.609849    0.030780    1.802364    2.029701    2.190222    0.997453    1.148191    1.933216
Iteration: 972 bestvalit: 150.790000 bestmemit:    0.005699    0.013422    0.078987    0.495767    0.158285    0.154968    0.387835    0.076851    0.262820    0.545241    0.631496    1.820332    0.025935    0.003945    0.002180    9.919736    7.609849    0.030780    1.802364    2.029701    2.190222    0.997453    1.148191    1.933216
Iteration: 973 bestvalit: 150.790000 bestmemit:    0.005699    0.013422    0.078987    0.495767    0.158285    0.154968    0.387835    0.076851    0.262820    0.545241    0.631496    1.820332    0.025935    0.003945    0.002180    9.919736    7.609849    0.030780    1.802364    2.029701    2.190222    0.997453    1.148191    1.933216
Iteration: 974 bestvalit: 150.790000 bestmemit:    0.005699    0.013422    0.078987    0.495767    0.158285    0.154968    0.387835    0.076851    0.262820    0.545241    0.631496    1.820332    0.025935    0.003945    0.002180    9.919736    7.609849    0.030780    1.802364    2.029701    2.190222    0.997453    1.148191    1.933216
Iteration: 975 bestvalit: 150.790000 bestmemit:    0.005699    0.013422    0.078987    0.495767    0.158285    0.154968    0.387835    0.076851    0.262820    0.545241    0.631496    1.820332    0.025935    0.003945    0.002180    9.919736    7.609849    0.030780    1.802364    2.029701    2.190222    0.997453    1.148191    1.933216
Iteration: 976 bestvalit: 150.790000 bestmemit:    0.005699    0.013422    0.078987    0.495767    0.158285    0.154968    0.387835    0.076851    0.262820    0.545241    0.631496    1.820332    0.025935    0.003945    0.002180    9.919736    7.609849    0.030780    1.802364    2.029701    2.190222    0.997453    1.148191    1.933216
Iteration: 977 bestvalit: 150.790000 bestmemit:    0.005699    0.013422    0.078987    0.495767    0.158285    0.154968    0.387835    0.076851    0.262820    0.545241    0.631496    1.820332    0.025935    0.003945    0.002180    9.919736    7.609849    0.030780    1.802364    2.029701    2.190222    0.997453    1.148191    1.933216
Iteration: 978 bestvalit: 150.790000 bestmemit:    0.005699    0.013422    0.078987    0.495767    0.158285    0.154968    0.387835    0.076851    0.262820    0.545241    0.631496    1.820332    0.025935    0.003945    0.002180    9.919736    7.609849    0.030780    1.802364    2.029701    2.190222    0.997453    1.148191    1.933216
Iteration: 979 bestvalit: 150.790000 bestmemit:    0.005699    0.013422    0.078987    0.495767    0.158285    0.154968    0.387835    0.076851    0.262820    0.545241    0.631496    1.820332    0.025935    0.003945    0.002180    9.919736    7.609849    0.030780    1.802364    2.029701    2.190222    0.997453    1.148191    1.933216
Iteration: 980 bestvalit: 150.790000 bestmemit:    0.005699    0.013422    0.078987    0.495767    0.158285    0.154968    0.387835    0.076851    0.262820    0.545241    0.631496    1.820332    0.025935    0.003945    0.002180    9.919736    7.609849    0.030780    1.802364    2.029701    2.190222    0.997453    1.148191    1.933216
Iteration: 981 bestvalit: 150.790000 bestmemit:    0.005699    0.013422    0.078987    0.495767    0.158285    0.154968    0.387835    0.076851    0.262820    0.545241    0.631496    1.820332    0.025935    0.003945    0.002180    9.919736    7.609849    0.030780    1.802364    2.029701    2.190222    0.997453    1.148191    1.933216
Iteration: 982 bestvalit: 150.790000 bestmemit:    0.005699    0.013422    0.078987    0.495767    0.158285    0.154968    0.387835    0.076851    0.262820    0.545241    0.631496    1.820332    0.025935    0.003945    0.002180    9.919736    7.609849    0.030780    1.802364    2.029701    2.190222    0.997453    1.148191    1.933216
Iteration: 983 bestvalit: 150.790000 bestmemit:    0.005699    0.013422    0.078987    0.495767    0.158285    0.154968    0.387835    0.076851    0.262820    0.545241    0.631496    1.820332    0.025935    0.003945    0.002180    9.919736    7.609849    0.030780    1.802364    2.029701    2.190222    0.997453    1.148191    1.933216
Iteration: 984 bestvalit: 150.790000 bestmemit:    0.005699    0.013422    0.078987    0.495767    0.158285    0.154968    0.387835    0.076851    0.262820    0.545241    0.631496    1.820332    0.025935    0.003945    0.002180    9.919736    7.609849    0.030780    1.802364    2.029701    2.190222    0.997453    1.148191    1.933216
Iteration: 985 bestvalit: 150.790000 bestmemit:    0.005699    0.013422    0.078987    0.495767    0.158285    0.154968    0.387835    0.076851    0.262820    0.545241    0.631496    1.820332    0.025935    0.003945    0.002180    9.919736    7.609849    0.030780    1.802364    2.029701    2.190222    0.997453    1.148191    1.933216
Iteration: 986 bestvalit: 150.790000 bestmemit:    0.005699    0.013422    0.078987    0.495767    0.158285    0.154968    0.387835    0.076851    0.262820    0.545241    0.631496    1.820332    0.025935    0.003945    0.002180    9.919736    7.609849    0.030780    1.802364    2.029701    2.190222    0.997453    1.148191    1.933216
Iteration: 987 bestvalit: 150.790000 bestmemit:    0.005699    0.013422    0.078987    0.495767    0.158285    0.154968    0.387835    0.076851    0.262820    0.545241    0.631496    1.820332    0.025935    0.003945    0.002180    9.919736    7.609849    0.030780    1.802364    2.029701    2.190222    0.997453    1.148191    1.933216
Iteration: 988 bestvalit: 150.790000 bestmemit:    0.005699    0.013422    0.078987    0.495767    0.158285    0.154968    0.387835    0.076851    0.262820    0.545241    0.631496    1.820332    0.025935    0.003945    0.002180    9.919736    7.609849    0.030780    1.802364    2.029701    2.190222    0.997453    1.148191    1.933216
Iteration: 989 bestvalit: 150.785000 bestmemit:    0.005699    0.013422    0.078987    0.495767    0.158285    0.154968    0.387835    0.076851    0.262820    0.545241    0.631496    1.820332    0.025935    0.003945    0.002180    9.919736    7.609849    0.030780    1.802364    2.029701    1.544901    0.997453    1.148191    1.933216
Iteration: 990 bestvalit: 150.785000 bestmemit:    0.005699    0.013422    0.078987    0.495767    0.158285    0.154968    0.387835    0.076851    0.262820    0.545241    0.631496    1.820332    0.025935    0.003945    0.002180    9.919736    7.609849    0.030780    1.802364    2.029701    1.544901    0.997453    1.148191    1.933216
Iteration: 991 bestvalit: 150.785000 bestmemit:    0.005699    0.013422    0.078987    0.495767    0.158285    0.154968    0.387835    0.076851    0.262820    0.545241    0.631496    1.820332    0.025935    0.003945    0.002180    9.919736    7.609849    0.030780    1.802364    2.029701    1.544901    0.997453    1.148191    1.933216
Iteration: 992 bestvalit: 150.785000 bestmemit:    0.005699    0.013422    0.078987    0.495767    0.158285    0.154968    0.387835    0.076851    0.262820    0.545241    0.631496    1.820332    0.025935    0.003945    0.002180    9.919736    7.609849    0.030780    1.802364    2.029701    1.544901    0.997453    1.148191    1.933216
Iteration: 993 bestvalit: 150.785000 bestmemit:    0.005699    0.013422    0.078987    0.495767    0.158285    0.154968    0.387835    0.076851    0.262820    0.545241    0.631496    1.820332    0.025935    0.003945    0.002180    9.919736    7.609849    0.030780    1.802364    2.029701    1.544901    0.997453    1.148191    1.933216
Iteration: 994 bestvalit: 150.785000 bestmemit:    0.005699    0.013422    0.078987    0.495767    0.158285    0.154968    0.387835    0.076851    0.262820    0.545241    0.631496    1.820332    0.025935    0.003945    0.002180    9.919736    7.609849    0.030780    1.802364    2.029701    1.544901    0.997453    1.148191    1.933216
Iteration: 995 bestvalit: 150.785000 bestmemit:    0.005699    0.013422    0.078987    0.495767    0.158285    0.154968    0.387835    0.076851    0.262820    0.545241    0.631496    1.820332    0.025935    0.003945    0.002180    9.919736    7.609849    0.030780    1.802364    2.029701    1.544901    0.997453    1.148191    1.933216
Iteration: 996 bestvalit: 150.785000 bestmemit:    0.005699    0.013422    0.078987    0.495767    0.158285    0.154968    0.387835    0.076851    0.262820    0.545241    0.631496    1.820332    0.025935    0.003945    0.002180    9.919736    7.609849    0.030780    1.802364    2.029701    1.544901    0.997453    1.148191    1.933216
Iteration: 997 bestvalit: 150.785000 bestmemit:    0.005699    0.013422    0.078987    0.495767    0.158285    0.154968    0.387835    0.076851    0.262820    0.545241    0.631496    1.820332    0.025935    0.003945    0.002180    9.919736    7.609849    0.030780    1.802364    2.029701    1.544901    0.997453    1.148191    1.933216
Iteration: 998 bestvalit: 150.785000 bestmemit:    0.005699    0.013422    0.078987    0.495767    0.158285    0.154968    0.387835    0.076851    0.262820    0.545241    0.631496    1.820332    0.025935    0.003945    0.002180    9.919736    7.609849    0.030780    1.802364    2.029701    1.544901    0.997453    1.148191    1.933216
Iteration: 999 bestvalit: 150.785000 bestmemit:    0.005699    0.013422    0.078987    0.495767    0.158285    0.154968    0.387835    0.076851    0.262820    0.545241    0.631496    1.820332    0.025935    0.003945    0.002180    9.919736    7.609849    0.030780    1.802364    2.029701    1.544901    0.997453    1.148191    1.933216
Iteration: 1000 bestvalit: 150.785000 bestmemit:    0.005699    0.013422    0.078987    0.495767    0.158285    0.154968    0.387835    0.076851    0.262820    0.545241    0.631496    1.820332    0.025935    0.003945    0.002180    9.919736    7.609849    0.030780    1.802364    2.029701    1.544901    0.997453    1.148191    1.933216
       par1        par2        par3        par4        par5        par6        par7        par8 
0.005698841 0.013421974 0.078987232 0.495766965 0.158285091 0.154967997 0.387835353 0.076850873 
       par9       par10       par11       par12       par13       par14       par15       par16 
0.262820379 0.545240923 0.631496154 1.820332021 0.025934891 0.003945432 0.002180168 9.919735540 
      par17       par18       par19       par20       par21       par22       par23       par24 
7.609848762 0.030780070 1.802364216 2.029700861 1.544901052 0.997452883 1.148191013 1.933215854 
