Iteration: 1 bestvalit: 611.965000 bestmemit:    0.012827    0.043970    0.039355    0.070287    0.335830    0.492184    0.251320    0.055081    0.433717    0.855848    0.942505    4.069559    0.047613    0.017096    0.004241    3.407293    6.796113    0.837650    2.131096    2.437699    2.175898    0.476907    1.285442    2.021037
Iteration: 2 bestvalit: 611.965000 bestmemit:    0.012827    0.043970    0.039355    0.070287    0.335830    0.492184    0.251320    0.055081    0.433717    0.855848    0.942505    4.069559    0.047613    0.017096    0.004241    3.407293    6.796113    0.837650    2.131096    2.437699    2.175898    0.476907    1.285442    2.021037
Iteration: 3 bestvalit: 479.460000 bestmemit:    0.012827    0.043970    0.039355    0.070287    0.335830    0.492184    0.251320    0.055081    0.433717    0.855848    0.942505    4.069559    0.047613    0.017096    0.004241    3.407293    9.514226    0.622625    2.290043    2.132974    1.633571    0.476907    1.285442    2.021037
Iteration: 4 bestvalit: 479.460000 bestmemit:    0.012827    0.043970    0.039355    0.070287    0.335830    0.492184    0.251320    0.055081    0.433717    0.855848    0.942505    4.069559    0.047613    0.017096    0.004241    3.407293    9.514226    0.622625    2.290043    2.132974    1.633571    0.476907    1.285442    2.021037
Iteration: 5 bestvalit: 453.970000 bestmemit:    0.014576    0.097770    0.038919    0.917488    0.161094    0.230892    0.034153    0.078310    0.581815    0.900652    0.147569    1.566792    0.019716    0.001396    0.007325    8.543254    4.107170    0.887735    1.758838    1.854007    2.133664    0.745659    1.066916    1.933458
Iteration: 6 bestvalit: 453.970000 bestmemit:    0.014576    0.097770    0.038919    0.917488    0.161094    0.230892    0.034153    0.078310    0.581815    0.900652    0.147569    1.566792    0.019716    0.001396    0.007325    8.543254    4.107170    0.887735    1.758838    1.854007    2.133664    0.745659    1.066916    1.933458
Iteration: 7 bestvalit: 453.970000 bestmemit:    0.014576    0.097770    0.038919    0.917488    0.161094    0.230892    0.034153    0.078310    0.581815    0.900652    0.147569    1.566792    0.019716    0.001396    0.007325    8.543254    4.107170    0.887735    1.758838    1.854007    2.133664    0.745659    1.066916    1.933458
Iteration: 8 bestvalit: 453.970000 bestmemit:    0.014576    0.097770    0.038919    0.917488    0.161094    0.230892    0.034153    0.078310    0.581815    0.900652    0.147569    1.566792    0.019716    0.001396    0.007325    8.543254    4.107170    0.887735    1.758838    1.854007    2.133664    0.745659    1.066916    1.933458
Iteration: 9 bestvalit: 394.835000 bestmemit:    0.007005    0.013618    0.088300    0.845062    0.205264    0.052083    0.402708    0.076332    0.680144    0.561199    0.983637    4.376830    0.096995    0.028941    0.000544    5.027534    6.705475    1.936944    2.405430    2.293400    1.648801    0.661649    1.255001    2.022627
Iteration: 10 bestvalit: 394.835000 bestmemit:    0.007005    0.013618    0.088300    0.845062    0.205264    0.052083    0.402708    0.076332    0.680144    0.561199    0.983637    4.376830    0.096995    0.028941    0.000544    5.027534    6.705475    1.936944    2.405430    2.293400    1.648801    0.661649    1.255001    2.022627
Iteration: 11 bestvalit: 387.735000 bestmemit:    0.014576    0.097770    0.038919    0.917488    0.161094    0.230892    0.034153    0.078310    0.581815    0.900652    0.147569    1.566792    0.019716    0.001396    0.007325    8.543254    4.107170    1.855925    1.758838    1.854007    2.133664    0.745659    1.066916    1.933458
Iteration: 12 bestvalit: 387.735000 bestmemit:    0.014576    0.097770    0.038919    0.917488    0.161094    0.230892    0.034153    0.078310    0.581815    0.900652    0.147569    1.566792    0.019716    0.001396    0.007325    8.543254    4.107170    1.855925    1.758838    1.854007    2.133664    0.745659    1.066916    1.933458
Iteration: 13 bestvalit: 387.735000 bestmemit:    0.014576    0.097770    0.038919    0.917488    0.161094    0.230892    0.034153    0.078310    0.581815    0.900652    0.147569    1.566792    0.019716    0.001396    0.007325    8.543254    4.107170    1.855925    1.758838    1.854007    2.133664    0.745659    1.066916    1.933458
Iteration: 14 bestvalit: 387.735000 bestmemit:    0.014576    0.097770    0.038919    0.917488    0.161094    0.230892    0.034153    0.078310    0.581815    0.900652    0.147569    1.566792    0.019716    0.001396    0.007325    8.543254    4.107170    1.855925    1.758838    1.854007    2.133664    0.745659    1.066916    1.933458
Iteration: 15 bestvalit: 328.895000 bestmemit:    0.007005    0.013618    0.088300    0.845062    0.205264    0.052083    0.402708    0.076332    0.680144    0.561199    0.983637    4.376830    0.096995    0.028941    0.000544    5.027534    6.705475    1.936944    2.405430    2.293400    1.648801    0.661649    1.142501    2.022627
Iteration: 16 bestvalit: 328.895000 bestmemit:    0.007005    0.013618    0.088300    0.845062    0.205264    0.052083    0.402708    0.076332    0.680144    0.561199    0.983637    4.376830    0.096995    0.028941    0.000544    5.027534    6.705475    1.936944    2.405430    2.293400    1.648801    0.661649    1.142501    2.022627
Iteration: 17 bestvalit: 328.895000 bestmemit:    0.007005    0.013618    0.088300    0.845062    0.205264    0.052083    0.402708    0.076332    0.680144    0.561199    0.983637    4.376830    0.096995    0.028941    0.000544    5.027534    6.705475    1.936944    2.405430    2.293400    1.648801    0.661649    1.142501    2.022627
Iteration: 18 bestvalit: 328.895000 bestmemit:    0.007005    0.013618    0.088300    0.845062    0.205264    0.052083    0.402708    0.076332    0.680144    0.561199    0.983637    4.376830    0.096995    0.028941    0.000544    5.027534    6.705475    1.936944    2.405430    2.293400    1.648801    0.661649    1.142501    2.022627
Iteration: 19 bestvalit: 327.355000 bestmemit:    0.003546    0.007724    0.015746    0.751560    0.368507    0.287062    0.498296    0.438976    0.414311    0.650380    0.954040    4.317145    0.081344    0.019473    0.005046    7.401113    4.915102    0.134755    2.271000    2.397984    1.858166    0.902600    1.252440    2.116650
Iteration: 20 bestvalit: 327.355000 bestmemit:    0.003546    0.007724    0.015746    0.751560    0.368507    0.287062    0.498296    0.438976    0.414311    0.650380    0.954040    4.317145    0.081344    0.019473    0.005046    7.401113    4.915102    0.134755    2.271000    2.397984    1.858166    0.902600    1.252440    2.116650
Iteration: 21 bestvalit: 327.355000 bestmemit:    0.003546    0.007724    0.015746    0.751560    0.368507    0.287062    0.498296    0.438976    0.414311    0.650380    0.954040    4.317145    0.081344    0.019473    0.005046    7.401113    4.915102    0.134755    2.271000    2.397984    1.858166    0.902600    1.252440    2.116650
Iteration: 22 bestvalit: 327.355000 bestmemit:    0.003546    0.007724    0.015746    0.751560    0.368507    0.287062    0.498296    0.438976    0.414311    0.650380    0.954040    4.317145    0.081344    0.019473    0.005046    7.401113    4.915102    0.134755    2.271000    2.397984    1.858166    0.902600    1.252440    2.116650
Iteration: 23 bestvalit: 318.260000 bestmemit:    0.003546    0.007724    0.015746    0.751560    0.368507    0.287062    0.498296    0.438976    0.414311    0.873231    0.954040    4.317145    0.081344    0.019473    0.005046    7.401113    4.915102    0.134755    2.271000    2.397984    1.858166    0.902600    1.252440    2.116650
Iteration: 24 bestvalit: 255.885000 bestmemit:    0.003546    0.007724    0.015746    0.751560    0.368507    0.287062    0.498296    0.438976    0.414311    0.873231    0.954040    4.317145    0.081344    0.019473    0.005046    4.827143    4.915102    0.134755    2.271000    2.397984    1.858166    0.902600    1.252440    2.116650
Iteration: 25 bestvalit: 255.885000 bestmemit:    0.003546    0.007724    0.015746    0.751560    0.368507    0.287062    0.498296    0.438976    0.414311    0.873231    0.954040    4.317145    0.081344    0.019473    0.005046    4.827143    4.915102    0.134755    2.271000    2.397984    1.858166    0.902600    1.252440    2.116650
Iteration: 26 bestvalit: 224.540000 bestmemit:    0.003546    0.007724    0.015746    0.751560    0.314293    0.287062    0.498296    0.438976    0.414311    0.873231    0.954040    4.317145    0.081344    0.019473    0.005046    4.827143    4.915102    0.134755    2.271000    2.397984    1.858166    0.902600    1.252440    2.116650
Iteration: 27 bestvalit: 224.540000 bestmemit:    0.003546    0.007724    0.015746    0.751560    0.314293    0.287062    0.498296    0.438976    0.414311    0.873231    0.954040    4.317145    0.081344    0.019473    0.005046    4.827143    4.915102    0.134755    2.271000    2.397984    1.858166    0.902600    1.252440    2.116650
Iteration: 28 bestvalit: 224.540000 bestmemit:    0.003546    0.007724    0.015746    0.751560    0.314293    0.287062    0.498296    0.438976    0.414311    0.873231    0.954040    4.317145    0.081344    0.019473    0.005046    4.827143    4.915102    0.134755    2.271000    2.397984    1.858166    0.902600    1.252440    2.116650
Iteration: 29 bestvalit: 223.555000 bestmemit:    0.003546    0.007724    0.015746    0.751560    0.314293    0.287062    0.498296    0.438976    0.414311    0.873231    0.954040    4.317145    0.081344    0.019473    0.005046    4.827143    4.915102    0.134755    2.271000    2.397984    2.293030    0.902600    1.252440    2.116650
Iteration: 30 bestvalit: 223.555000 bestmemit:    0.003546    0.007724    0.015746    0.751560    0.314293    0.287062    0.498296    0.438976    0.414311    0.873231    0.954040    4.317145    0.081344    0.019473    0.005046    4.827143    4.915102    0.134755    2.271000    2.397984    2.293030    0.902600    1.252440    2.116650
Iteration: 31 bestvalit: 223.555000 bestmemit:    0.003546    0.007724    0.015746    0.751560    0.314293    0.287062    0.498296    0.438976    0.414311    0.873231    0.954040    4.317145    0.081344    0.019473    0.005046    4.827143    4.915102    0.134755    2.271000    2.397984    2.293030    0.902600    1.252440    2.116650
Iteration: 32 bestvalit: 219.275000 bestmemit:    0.003546    0.007724    0.015746    0.751560    0.314293    0.287062    0.498296    0.438976    0.414311    0.346106    0.940955    4.317145    0.081344    0.019473    0.005046    4.827143    4.915102    0.134755    2.271000    2.397984    2.293030    0.902600    1.252440    2.116650
Iteration: 33 bestvalit: 210.880000 bestmemit:    0.003546    0.007724    0.015746    0.751560    0.314293    0.287062    0.498296    0.438976    0.414311    0.346106    0.940955    4.317145    0.081344    0.010480    0.005046    4.827143    4.915102    0.134755    2.271000    2.397984    2.293030    0.902600    1.252440    2.116650
Iteration: 34 bestvalit: 210.880000 bestmemit:    0.003546    0.007724    0.015746    0.751560    0.314293    0.287062    0.498296    0.438976    0.414311    0.346106    0.940955    4.317145    0.081344    0.010480    0.005046    4.827143    4.915102    0.134755    2.271000    2.397984    2.293030    0.902600    1.252440    2.116650
Iteration: 35 bestvalit: 210.880000 bestmemit:    0.003546    0.007724    0.015746    0.751560    0.314293    0.287062    0.498296    0.438976    0.414311    0.346106    0.940955    4.317145    0.081344    0.010480    0.005046    4.827143    4.915102    0.134755    2.271000    2.397984    2.293030    0.902600    1.252440    2.116650
Iteration: 36 bestvalit: 210.880000 bestmemit:    0.003546    0.007724    0.015746    0.751560    0.314293    0.287062    0.498296    0.438976    0.414311    0.346106    0.940955    4.317145    0.081344    0.010480    0.005046    4.827143    4.915102    0.134755    2.271000    2.397984    2.293030    0.902600    1.252440    2.116650
Iteration: 37 bestvalit: 210.385000 bestmemit:    0.003546    0.007724    0.015746    0.774360    0.314293    0.287062    0.498296    0.438976    0.414311    0.346106    0.940955    4.317145    0.081344    0.010480    0.005046    4.827143    4.915102    0.134755    2.271000    2.397984    2.293030    0.902600    1.252440    2.116650
Iteration: 38 bestvalit: 210.385000 bestmemit:    0.003546    0.007724    0.015746    0.774360    0.314293    0.287062    0.498296    0.438976    0.414311    0.346106    0.940955    4.317145    0.081344    0.010480    0.005046    4.827143    4.915102    0.134755    2.271000    2.397984    2.293030    0.902600    1.252440    2.116650
Iteration: 39 bestvalit: 208.165000 bestmemit:    0.004258    0.015661    0.051575    0.711411    0.170258    0.229368    0.409257    0.133915    0.547919    0.319959    0.106522    4.653374    0.096324    0.026083    0.001215    4.203530    6.651394    0.414672    2.404535    2.404481    2.056651    0.206981    1.198649    2.115368
Iteration: 40 bestvalit: 208.165000 bestmemit:    0.004258    0.015661    0.051575    0.711411    0.170258    0.229368    0.409257    0.133915    0.547919    0.319959    0.106522    4.653374    0.096324    0.026083    0.001215    4.203530    6.651394    0.414672    2.404535    2.404481    2.056651    0.206981    1.198649    2.115368
Iteration: 41 bestvalit: 208.165000 bestmemit:    0.004258    0.015661    0.051575    0.711411    0.170258    0.229368    0.409257    0.133915    0.547919    0.319959    0.106522    4.653374    0.096324    0.026083    0.001215    4.203530    6.651394    0.414672    2.404535    2.404481    2.056651    0.206981    1.198649    2.115368
Iteration: 42 bestvalit: 208.165000 bestmemit:    0.004258    0.015661    0.051575    0.711411    0.170258    0.229368    0.409257    0.133915    0.547919    0.319959    0.106522    4.653374    0.096324    0.026083    0.001215    4.203530    6.651394    0.414672    2.404535    2.404481    2.056651    0.206981    1.198649    2.115368
Iteration: 43 bestvalit: 208.165000 bestmemit:    0.004258    0.015661    0.051575    0.711411    0.170258    0.229368    0.409257    0.133915    0.547919    0.319959    0.106522    4.653374    0.096324    0.026083    0.001215    4.203530    6.651394    0.414672    2.404535    2.404481    2.056651    0.206981    1.198649    2.115368
Iteration: 44 bestvalit: 207.045000 bestmemit:    0.004258    0.015661    0.051575    0.711411    0.170258    0.229368    0.409257    0.133915    0.547919    0.319959    0.106522    4.653374    0.096324    0.026083    0.001215    4.203530    6.651394    0.414672    2.404535    2.422146    2.056651    0.206981    1.198649    2.115368
Iteration: 45 bestvalit: 207.045000 bestmemit:    0.004258    0.015661    0.051575    0.711411    0.170258    0.229368    0.409257    0.133915    0.547919    0.319959    0.106522    4.653374    0.096324    0.026083    0.001215    4.203530    6.651394    0.414672    2.404535    2.422146    2.056651    0.206981    1.198649    2.115368
Iteration: 46 bestvalit: 207.045000 bestmemit:    0.004258    0.015661    0.051575    0.711411    0.170258    0.229368    0.409257    0.133915    0.547919    0.319959    0.106522    4.653374    0.096324    0.026083    0.001215    4.203530    6.651394    0.414672    2.404535    2.422146    2.056651    0.206981    1.198649    2.115368
Iteration: 47 bestvalit: 207.045000 bestmemit:    0.004258    0.015661    0.051575    0.711411    0.170258    0.229368    0.409257    0.133915    0.547919    0.319959    0.106522    4.653374    0.096324    0.026083    0.001215    4.203530    6.651394    0.414672    2.404535    2.422146    2.056651    0.206981    1.198649    2.115368
Iteration: 48 bestvalit: 201.430000 bestmemit:    0.003546    0.007724    0.015746    0.774360    0.314293    0.287062    0.498296    0.438976    0.414311    0.346106    0.940955    4.317145    0.081344    0.010480    0.004110    4.827143    4.915102    0.134755    2.271000    2.397984    2.293030    0.925316    1.252440    2.116650
Iteration: 49 bestvalit: 201.430000 bestmemit:    0.003546    0.007724    0.015746    0.774360    0.314293    0.287062    0.498296    0.438976    0.414311    0.346106    0.940955    4.317145    0.081344    0.010480    0.004110    4.827143    4.915102    0.134755    2.271000    2.397984    2.293030    0.925316    1.252440    2.116650
Iteration: 50 bestvalit: 201.430000 bestmemit:    0.003546    0.007724    0.015746    0.774360    0.314293    0.287062    0.498296    0.438976    0.414311    0.346106    0.940955    4.317145    0.081344    0.010480    0.004110    4.827143    4.915102    0.134755    2.271000    2.397984    2.293030    0.925316    1.252440    2.116650
Iteration: 51 bestvalit: 201.430000 bestmemit:    0.003546    0.007724    0.015746    0.774360    0.314293    0.287062    0.498296    0.438976    0.414311    0.346106    0.940955    4.317145    0.081344    0.010480    0.004110    4.827143    4.915102    0.134755    2.271000    2.397984    2.293030    0.925316    1.252440    2.116650
Iteration: 52 bestvalit: 201.430000 bestmemit:    0.003546    0.007724    0.015746    0.774360    0.314293    0.287062    0.498296    0.438976    0.414311    0.346106    0.940955    4.317145    0.081344    0.010480    0.004110    4.827143    4.915102    0.134755    2.271000    2.397984    2.293030    0.925316    1.252440    2.116650
Iteration: 53 bestvalit: 201.430000 bestmemit:    0.003546    0.007724    0.015746    0.774360    0.314293    0.287062    0.498296    0.438976    0.414311    0.346106    0.940955    4.317145    0.081344    0.010480    0.004110    4.827143    4.915102    0.134755    2.271000    2.397984    2.293030    0.925316    1.252440    2.116650
Iteration: 54 bestvalit: 199.840000 bestmemit:    0.003546    0.007724    0.015746    0.774360    0.314293    0.287062    0.498296    0.438976    0.414311    0.346106    0.940955    4.317145    0.081344    0.010480    0.004110    4.827143    4.915102    0.134755    2.271000    2.397984    2.293030    0.925316    1.252440    2.032378
Iteration: 55 bestvalit: 198.695000 bestmemit:    0.003546    0.007724    0.015746    0.774360    0.314293    0.287062    0.498296    0.372917    0.414311    0.346106    0.940955    4.317145    0.081344    0.010480    0.004110    4.827143    4.915102    0.134755    2.271000    2.397984    2.293030    0.925316    1.252440    2.032378
Iteration: 56 bestvalit: 198.695000 bestmemit:    0.003546    0.007724    0.015746    0.774360    0.314293    0.287062    0.498296    0.372917    0.414311    0.346106    0.940955    4.317145    0.081344    0.010480    0.004110    4.827143    4.915102    0.134755    2.271000    2.397984    2.293030    0.925316    1.252440    2.032378
Iteration: 57 bestvalit: 198.695000 bestmemit:    0.003546    0.007724    0.015746    0.774360    0.314293    0.287062    0.498296    0.372917    0.414311    0.346106    0.940955    4.317145    0.081344    0.010480    0.004110    4.827143    4.915102    0.134755    2.271000    2.397984    2.293030    0.925316    1.252440    2.032378
Iteration: 58 bestvalit: 198.660000 bestmemit:    0.003546    0.007724    0.015746    0.774360    0.314293    0.287062    0.498296    0.372917    0.414311    0.346106    0.940955    4.317145    0.081344    0.010416    0.004110    4.827143    4.915102    0.134755    2.271000    2.397984    2.293030    0.925316    1.252440    2.032378
Iteration: 59 bestvalit: 198.660000 bestmemit:    0.003546    0.007724    0.015746    0.774360    0.314293    0.287062    0.498296    0.372917    0.414311    0.346106    0.940955    4.317145    0.081344    0.010416    0.004110    4.827143    4.915102    0.134755    2.271000    2.397984    2.293030    0.925316    1.252440    2.032378
Iteration: 60 bestvalit: 198.660000 bestmemit:    0.003546    0.007724    0.015746    0.774360    0.314293    0.287062    0.498296    0.372917    0.414311    0.346106    0.940955    4.317145    0.081344    0.010416    0.004110    4.827143    4.915102    0.134755    2.271000    2.397984    2.293030    0.925316    1.252440    2.032378
Iteration: 61 bestvalit: 196.260000 bestmemit:    0.003546    0.007724    0.015746    0.774360    0.298294    0.287062    0.498296    0.372917    0.414311    0.346106    0.940955    4.317145    0.081344    0.010416    0.004110    4.827143    4.915102    0.134755    2.271000    2.397984    2.293030    0.925316    1.252440    2.032378
Iteration: 62 bestvalit: 196.260000 bestmemit:    0.003546    0.007724    0.015746    0.774360    0.298294    0.287062    0.498296    0.372917    0.414311    0.346106    0.940955    4.317145    0.081344    0.010416    0.004110    4.827143    4.915102    0.134755    2.271000    2.397984    2.293030    0.925316    1.252440    2.032378
Iteration: 63 bestvalit: 196.260000 bestmemit:    0.003546    0.007724    0.015746    0.774360    0.298294    0.287062    0.498296    0.372917    0.414311    0.346106    0.940955    4.317145    0.081344    0.010416    0.004110    4.827143    4.915102    0.134755    2.271000    2.397984    2.293030    0.925316    1.252440    2.032378
Iteration: 64 bestvalit: 196.245000 bestmemit:    0.003546    0.007724    0.015746    0.774360    0.298294    0.287062    0.498296    0.372917    0.414311    0.346106    0.927130    4.317145    0.081344    0.010416    0.004110    4.827143    4.915102    0.134755    2.271000    2.397984    2.293030    0.925316    1.252440    2.032378
Iteration: 65 bestvalit: 196.245000 bestmemit:    0.003546    0.007724    0.015746    0.774360    0.298294    0.287062    0.498296    0.372917    0.414311    0.346106    0.927130    4.317145    0.081344    0.010416    0.004110    4.827143    4.915102    0.134755    2.271000    2.397984    2.293030    0.925316    1.252440    2.032378
Iteration: 66 bestvalit: 196.245000 bestmemit:    0.003546    0.007724    0.015746    0.774360    0.298294    0.287062    0.498296    0.372917    0.414311    0.346106    0.927130    4.317145    0.081344    0.010416    0.004110    4.827143    4.915102    0.134755    2.271000    2.397984    2.293030    0.925316    1.252440    2.032378
Iteration: 67 bestvalit: 196.245000 bestmemit:    0.003546    0.007724    0.015746    0.774360    0.298294    0.287062    0.498296    0.372917    0.414311    0.346106    0.927130    4.317145    0.081344    0.010416    0.004110    4.827143    4.915102    0.134755    2.271000    2.397984    2.293030    0.925316    1.252440    2.032378
Iteration: 68 bestvalit: 196.245000 bestmemit:    0.003546    0.007724    0.015746    0.774360    0.298294    0.287062    0.498296    0.372917    0.414311    0.346106    0.927130    4.317145    0.081344    0.010416    0.004110    4.827143    4.915102    0.134755    2.271000    2.397984    2.293030    0.925316    1.252440    2.032378
Iteration: 69 bestvalit: 195.625000 bestmemit:    0.003546    0.007724    0.015746    0.774360    0.298294    0.287062    0.498296    0.372917    0.414311    0.346106    0.446445    4.239774    0.081344    0.010416    0.004110    4.827143    4.915102    0.134755    2.271000    2.397984    2.293030    0.925316    1.252440    2.032378
Iteration: 70 bestvalit: 195.625000 bestmemit:    0.003546    0.007724    0.015746    0.774360    0.298294    0.287062    0.498296    0.372917    0.414311    0.346106    0.446445    4.239774    0.081344    0.010416    0.004110    4.827143    4.915102    0.134755    2.271000    2.397984    2.293030    0.925316    1.252440    2.032378
Iteration: 71 bestvalit: 195.625000 bestmemit:    0.003546    0.007724    0.015746    0.774360    0.298294    0.287062    0.498296    0.372917    0.414311    0.346106    0.446445    4.239774    0.081344    0.010416    0.004110    4.827143    4.915102    0.134755    2.271000    2.397984    2.293030    0.925316    1.252440    2.032378
Iteration: 72 bestvalit: 195.625000 bestmemit:    0.003546    0.007724    0.015746    0.774360    0.298294    0.287062    0.498296    0.372917    0.414311    0.346106    0.446445    4.239774    0.081344    0.010416    0.004110    4.827143    4.915102    0.134755    2.271000    2.397984    2.293030    0.925316    1.252440    2.032378
Iteration: 73 bestvalit: 194.855000 bestmemit:    0.003546    0.007724    0.015746    0.774360    0.298294    0.287062    0.498296    0.372917    0.414311    0.346106    0.446445    4.239774    0.081344    0.010416    0.004110    4.827143    4.915102    0.165843    2.271000    2.397984    2.293030    0.925316    1.252440    2.032378
Iteration: 74 bestvalit: 194.855000 bestmemit:    0.003546    0.007724    0.015746    0.774360    0.298294    0.287062    0.498296    0.372917    0.414311    0.346106    0.446445    4.239774    0.081344    0.010416    0.004110    4.827143    4.915102    0.165843    2.271000    2.397984    2.293030    0.925316    1.252440    2.032378
Iteration: 75 bestvalit: 194.855000 bestmemit:    0.003546    0.007724    0.015746    0.774360    0.298294    0.287062    0.498296    0.372917    0.414311    0.346106    0.446445    4.239774    0.081344    0.010416    0.004110    4.827143    4.915102    0.165843    2.271000    2.397984    2.293030    0.925316    1.252440    2.032378
Iteration: 76 bestvalit: 194.855000 bestmemit:    0.003546    0.007724    0.015746    0.774360    0.298294    0.287062    0.498296    0.372917    0.414311    0.346106    0.446445    4.239774    0.081344    0.010416    0.004110    4.827143    4.915102    0.165843    2.271000    2.397984    2.293030    0.925316    1.252440    2.032378
Iteration: 77 bestvalit: 194.855000 bestmemit:    0.003546    0.007724    0.015746    0.774360    0.298294    0.287062    0.498296    0.372917    0.414311    0.346106    0.446445    4.239774    0.081344    0.010416    0.004110    4.827143    4.915102    0.165843    2.271000    2.397984    2.293030    0.925316    1.252440    2.032378
Iteration: 78 bestvalit: 194.855000 bestmemit:    0.003546    0.007724    0.015746    0.774360    0.298294    0.287062    0.498296    0.372917    0.414311    0.346106    0.446445    4.239774    0.081344    0.010416    0.004110    4.827143    4.915102    0.165843    2.271000    2.397984    2.293030    0.925316    1.252440    2.032378
Iteration: 79 bestvalit: 194.855000 bestmemit:    0.003546    0.007724    0.015746    0.774360    0.298294    0.287062    0.498296    0.372917    0.414311    0.346106    0.446445    4.239774    0.081344    0.010416    0.004110    4.827143    4.915102    0.165843    2.271000    2.397984    2.293030    0.925316    1.252440    2.032378
Iteration: 80 bestvalit: 193.405000 bestmemit:    0.003546    0.007724    0.015746    0.774360    0.298294    0.287062    0.498296    0.372917    0.414311    0.346106    0.446445    4.239774    0.081344    0.010416    0.004110    4.928366    9.396669    0.675322    2.345409    2.321891    2.293030    0.925316    1.252440    2.032378
Iteration: 81 bestvalit: 193.405000 bestmemit:    0.003546    0.007724    0.015746    0.774360    0.298294    0.287062    0.498296    0.372917    0.414311    0.346106    0.446445    4.239774    0.081344    0.010416    0.004110    4.928366    9.396669    0.675322    2.345409    2.321891    2.293030    0.925316    1.252440    2.032378
Iteration: 82 bestvalit: 193.405000 bestmemit:    0.003546    0.007724    0.015746    0.774360    0.298294    0.287062    0.498296    0.372917    0.414311    0.346106    0.446445    4.239774    0.081344    0.010416    0.004110    4.928366    9.396669    0.675322    2.345409    2.321891    2.293030    0.925316    1.252440    2.032378
Iteration: 83 bestvalit: 193.405000 bestmemit:    0.003546    0.007724    0.015746    0.774360    0.298294    0.287062    0.498296    0.372917    0.414311    0.346106    0.446445    4.239774    0.081344    0.010416    0.004110    4.928366    9.396669    0.675322    2.345409    2.321891    2.293030    0.925316    1.252440    2.032378
Iteration: 84 bestvalit: 193.405000 bestmemit:    0.003546    0.007724    0.015746    0.774360    0.298294    0.287062    0.498296    0.372917    0.414311    0.346106    0.446445    4.239774    0.081344    0.010416    0.004110    4.928366    9.396669    0.675322    2.345409    2.321891    2.293030    0.925316    1.252440    2.032378
Iteration: 85 bestvalit: 193.405000 bestmemit:    0.003546    0.007724    0.015746    0.774360    0.298294    0.287062    0.498296    0.372917    0.414311    0.346106    0.446445    4.239774    0.081344    0.010416    0.004110    4.928366    9.396669    0.675322    2.345409    2.321891    2.293030    0.925316    1.252440    2.032378
Iteration: 86 bestvalit: 193.405000 bestmemit:    0.003546    0.007724    0.015746    0.774360    0.298294    0.287062    0.498296    0.372917    0.414311    0.346106    0.446445    4.239774    0.081344    0.010416    0.004110    4.928366    9.396669    0.675322    2.345409    2.321891    2.293030    0.925316    1.252440    2.032378
Iteration: 87 bestvalit: 193.405000 bestmemit:    0.003546    0.007724    0.015746    0.774360    0.298294    0.287062    0.498296    0.372917    0.414311    0.346106    0.446445    4.239774    0.081344    0.010416    0.004110    4.928366    9.396669    0.675322    2.345409    2.321891    2.293030    0.925316    1.252440    2.032378
Iteration: 88 bestvalit: 191.490000 bestmemit:    0.003546    0.007724    0.015746    0.774360    0.298294    0.287062    0.498296    0.372917    0.414311    0.346106    0.326900    4.239774    0.081344    0.010416    0.004110    4.928366    9.396669    0.675322    2.345409    2.321891    2.293030    0.925316    1.252440    2.032378
Iteration: 89 bestvalit: 191.490000 bestmemit:    0.003546    0.007724    0.015746    0.774360    0.298294    0.287062    0.498296    0.372917    0.414311    0.346106    0.326900    4.239774    0.081344    0.010416    0.004110    4.928366    9.396669    0.675322    2.345409    2.321891    2.293030    0.925316    1.252440    2.032378
Iteration: 90 bestvalit: 191.295000 bestmemit:    0.003546    0.007724    0.015746    0.774360    0.298294    0.287062    0.498296    0.372917    0.414311    0.346106    0.326900    4.239774    0.081344    0.024437    0.004110    4.928366    9.396669    0.675322    2.345409    2.321891    2.293030    0.925316    1.252440    2.032378
Iteration: 91 bestvalit: 191.130000 bestmemit:    0.003546    0.007724    0.015746    0.774360    0.298294    0.287062    0.498296    0.372917    0.414311    0.346106    0.326900    4.718572    0.081344    0.024437    0.004110    4.928366    9.396669    0.675322    2.345409    2.321891    2.293030    0.925316    1.252440    2.032378
Iteration: 92 bestvalit: 189.165000 bestmemit:    0.003546    0.007724    0.015746    0.774360    0.298294    0.287062    0.498296    0.372917    0.414311    0.598680    0.326900    4.718572    0.081344    0.024437    0.004110    4.928366    9.396669    0.675322    2.345409    2.321891    2.293030    0.925316    1.252440    2.032378
Iteration: 93 bestvalit: 189.165000 bestmemit:    0.003546    0.007724    0.015746    0.774360    0.298294    0.287062    0.498296    0.372917    0.414311    0.598680    0.326900    4.718572    0.081344    0.024437    0.004110    4.928366    9.396669    0.675322    2.345409    2.321891    2.293030    0.925316    1.252440    2.032378
Iteration: 94 bestvalit: 189.145000 bestmemit:    0.003546    0.007724    0.015746    0.774360    0.298294    0.287062    0.498296    0.372917    0.414311    0.598680    0.326900    4.718572    0.081344    0.024437    0.004110    4.928366    9.396669    0.675322    2.345409    2.324324    2.293030    0.925316    1.252440    2.032378
Iteration: 95 bestvalit: 189.145000 bestmemit:    0.003546    0.007724    0.015746    0.774360    0.298294    0.287062    0.498296    0.372917    0.414311    0.598680    0.326900    4.718572    0.081344    0.024437    0.004110    4.928366    9.396669    0.675322    2.345409    2.324324    2.293030    0.925316    1.252440    2.032378
Iteration: 96 bestvalit: 189.145000 bestmemit:    0.003546    0.007724    0.015746    0.774360    0.298294    0.287062    0.498296    0.372917    0.414311    0.598680    0.326900    4.718572    0.081344    0.024437    0.004110    4.928366    9.396669    0.675322    2.345409    2.324324    2.293030    0.925316    1.252440    2.032378
Iteration: 97 bestvalit: 189.145000 bestmemit:    0.003546    0.007724    0.015746    0.774360    0.298294    0.287062    0.498296    0.372917    0.414311    0.598680    0.326900    4.718572    0.081344    0.024437    0.004110    4.928366    9.396669    0.675322    2.345409    2.324324    2.293030    0.925316    1.252440    2.032378
Iteration: 98 bestvalit: 189.145000 bestmemit:    0.003546    0.007724    0.015746    0.774360    0.298294    0.287062    0.498296    0.372917    0.414311    0.598680    0.326900    4.718572    0.081344    0.024437    0.004110    4.928366    9.396669    0.675322    2.345409    2.324324    2.293030    0.925316    1.252440    2.032378
Iteration: 99 bestvalit: 189.145000 bestmemit:    0.003546    0.007724    0.015746    0.774360    0.298294    0.287062    0.498296    0.372917    0.414311    0.598680    0.326900    4.718572    0.081344    0.024437    0.004110    4.928366    9.396669    0.675322    2.345409    2.324324    2.293030    0.925316    1.252440    2.032378
Iteration: 100 bestvalit: 189.145000 bestmemit:    0.003546    0.007724    0.015746    0.774360    0.298294    0.287062    0.498296    0.372917    0.414311    0.598680    0.326900    4.718572    0.081344    0.024437    0.004110    4.928366    9.396669    0.675322    2.345409    2.324324    2.293030    0.925316    1.252440    2.032378
Iteration: 101 bestvalit: 187.245000 bestmemit:    0.003546    0.007724    0.015746    0.774360    0.298294    0.287062    0.498296    0.372917    0.414311    0.598680    0.326900    4.720343    0.084355    0.024437    0.004110    4.928366    9.396669    0.675322    2.345409    2.324324    2.293030    0.925316    1.252440    2.032378
Iteration: 102 bestvalit: 187.245000 bestmemit:    0.003546    0.007724    0.015746    0.774360    0.298294    0.287062    0.498296    0.372917    0.414311    0.598680    0.326900    4.720343    0.084355    0.024437    0.004110    4.928366    9.396669    0.675322    2.345409    2.324324    2.293030    0.925316    1.252440    2.032378
Iteration: 103 bestvalit: 187.245000 bestmemit:    0.003546    0.007724    0.015746    0.774360    0.298294    0.287062    0.498296    0.372917    0.414311    0.598680    0.326900    4.720343    0.084355    0.024437    0.004110    4.928366    9.396669    0.675322    2.345409    2.324324    2.293030    0.925316    1.252440    2.032378
Iteration: 104 bestvalit: 187.245000 bestmemit:    0.003546    0.007724    0.015746    0.774360    0.298294    0.287062    0.498296    0.372917    0.414311    0.598680    0.326900    4.720343    0.084355    0.024437    0.004110    4.928366    9.396669    0.675322    2.345409    2.324324    2.293030    0.925316    1.252440    2.032378
Iteration: 105 bestvalit: 184.875000 bestmemit:    0.003546    0.007724    0.015746    0.774360    0.298294    0.287062    0.498296    0.372917    0.414311    0.598680    0.257821    4.720343    0.084355    0.024437    0.004110    4.928366    9.396669    0.675322    2.345409    2.324324    2.293030    0.925316    1.252440    2.032378
Iteration: 106 bestvalit: 184.600000 bestmemit:    0.003546    0.007724    0.015746    0.859339    0.298294    0.287062    0.498296    0.372917    0.414311    0.598680    0.257821    4.720343    0.084355    0.024437    0.004110    4.928366    9.396669    0.675322    2.345409    2.324324    2.293030    0.925316    1.252440    2.032378
Iteration: 107 bestvalit: 184.600000 bestmemit:    0.003546    0.007724    0.015746    0.859339    0.298294    0.287062    0.498296    0.372917    0.414311    0.598680    0.257821    4.720343    0.084355    0.024437    0.004110    4.928366    9.396669    0.675322    2.345409    2.324324    2.293030    0.925316    1.252440    2.032378
Iteration: 108 bestvalit: 184.600000 bestmemit:    0.003546    0.007724    0.015746    0.859339    0.298294    0.287062    0.498296    0.372917    0.414311    0.598680    0.257821    4.720343    0.084355    0.024437    0.004110    4.928366    9.396669    0.675322    2.345409    2.324324    2.293030    0.925316    1.252440    2.032378
Iteration: 109 bestvalit: 184.600000 bestmemit:    0.003546    0.007724    0.015746    0.859339    0.298294    0.287062    0.498296    0.372917    0.414311    0.598680    0.257821    4.720343    0.084355    0.024437    0.004110    4.928366    9.396669    0.675322    2.345409    2.324324    2.293030    0.925316    1.252440    2.032378
Iteration: 110 bestvalit: 184.600000 bestmemit:    0.003546    0.007724    0.015746    0.859339    0.298294    0.287062    0.498296    0.372917    0.414311    0.598680    0.257821    4.720343    0.084355    0.024437    0.004110    4.928366    9.396669    0.675322    2.345409    2.324324    2.293030    0.925316    1.252440    2.032378
Iteration: 111 bestvalit: 184.600000 bestmemit:    0.003546    0.007724    0.015746    0.859339    0.298294    0.287062    0.498296    0.372917    0.414311    0.598680    0.257821    4.720343    0.084355    0.024437    0.004110    4.928366    9.396669    0.675322    2.345409    2.324324    2.293030    0.925316    1.252440    2.032378
Iteration: 112 bestvalit: 181.195000 bestmemit:    0.002956    0.023281    0.030239    0.585262    0.263482    0.449340    0.350549    0.357712    0.322951    0.073342    0.058297    3.681977    0.025337    0.037327    0.000469    6.942255    8.076979    0.599433    1.870372    2.485367    2.277504    0.486544    1.177115    2.088699
Iteration: 113 bestvalit: 181.195000 bestmemit:    0.002956    0.023281    0.030239    0.585262    0.263482    0.449340    0.350549    0.357712    0.322951    0.073342    0.058297    3.681977    0.025337    0.037327    0.000469    6.942255    8.076979    0.599433    1.870372    2.485367    2.277504    0.486544    1.177115    2.088699
Iteration: 114 bestvalit: 181.195000 bestmemit:    0.002956    0.023281    0.030239    0.585262    0.263482    0.449340    0.350549    0.357712    0.322951    0.073342    0.058297    3.681977    0.025337    0.037327    0.000469    6.942255    8.076979    0.599433    1.870372    2.485367    2.277504    0.486544    1.177115    2.088699
Iteration: 115 bestvalit: 181.195000 bestmemit:    0.002956    0.023281    0.030239    0.585262    0.263482    0.449340    0.350549    0.357712    0.322951    0.073342    0.058297    3.681977    0.025337    0.037327    0.000469    6.942255    8.076979    0.599433    1.870372    2.485367    2.277504    0.486544    1.177115    2.088699
Iteration: 116 bestvalit: 181.195000 bestmemit:    0.002956    0.023281    0.030239    0.585262    0.263482    0.449340    0.350549    0.357712    0.322951    0.073342    0.058297    3.681977    0.025337    0.037327    0.000469    6.942255    8.076979    0.599433    1.870372    2.485367    2.277504    0.486544    1.177115    2.088699
Iteration: 117 bestvalit: 181.195000 bestmemit:    0.002956    0.023281    0.030239    0.585262    0.263482    0.449340    0.350549    0.357712    0.322951    0.073342    0.058297    3.681977    0.025337    0.037327    0.000469    6.942255    8.076979    0.599433    1.870372    2.485367    2.277504    0.486544    1.177115    2.088699
Iteration: 118 bestvalit: 181.195000 bestmemit:    0.002956    0.023281    0.030239    0.585262    0.263482    0.449340    0.350549    0.357712    0.322951    0.073342    0.058297    3.681977    0.025337    0.037327    0.000469    6.942255    8.076979    0.599433    1.870372    2.485367    2.277504    0.486544    1.177115    2.088699
Iteration: 119 bestvalit: 181.195000 bestmemit:    0.002956    0.023281    0.030239    0.585262    0.263482    0.449340    0.350549    0.357712    0.322951    0.073342    0.058297    3.681977    0.025337    0.037327    0.000469    6.942255    8.076979    0.599433    1.870372    2.485367    2.277504    0.486544    1.177115    2.088699
Iteration: 120 bestvalit: 180.260000 bestmemit:    0.002956    0.023281    0.030239    0.585262    0.263482    0.449340    0.350549    0.357712    0.322951    0.073342    0.058297    3.681977    0.025337    0.037327    0.000469    6.942255    8.076979    0.599433    1.870372    2.485367    2.148570    0.486544    1.177115    2.088699
Iteration: 121 bestvalit: 167.290000 bestmemit:    0.003546    0.007724    0.015746    0.859339    0.298294    0.287062    0.498296    0.243368    0.243007    0.103315    0.257821    4.720343    0.084355    0.024437    0.004110    4.928366    9.396669    0.675322    2.345409    2.324324    2.293030    0.925316    1.252440    2.032378
Iteration: 122 bestvalit: 167.290000 bestmemit:    0.003546    0.007724    0.015746    0.859339    0.298294    0.287062    0.498296    0.243368    0.243007    0.103315    0.257821    4.720343    0.084355    0.024437    0.004110    4.928366    9.396669    0.675322    2.345409    2.324324    2.293030    0.925316    1.252440    2.032378
Iteration: 123 bestvalit: 167.290000 bestmemit:    0.003546    0.007724    0.015746    0.859339    0.298294    0.287062    0.498296    0.243368    0.243007    0.103315    0.257821    4.720343    0.084355    0.024437    0.004110    4.928366    9.396669    0.675322    2.345409    2.324324    2.293030    0.925316    1.252440    2.032378
Iteration: 124 bestvalit: 167.290000 bestmemit:    0.003546    0.007724    0.015746    0.859339    0.298294    0.287062    0.498296    0.243368    0.243007    0.103315    0.257821    4.720343    0.084355    0.024437    0.004110    4.928366    9.396669    0.675322    2.345409    2.324324    2.293030    0.925316    1.252440    2.032378
Iteration: 125 bestvalit: 143.595000 bestmemit:    0.003546    0.007724    0.015746    0.859339    0.298294    0.287062    0.498296    0.243368    0.243007    0.103315    0.257821    4.720343    0.084355    0.024437    0.004110    4.928366    9.396669    0.809683    2.323804    2.319019    2.293030    0.925316    1.252440    2.032378
Iteration: 126 bestvalit: 143.595000 bestmemit:    0.003546    0.007724    0.015746    0.859339    0.298294    0.287062    0.498296    0.243368    0.243007    0.103315    0.257821    4.720343    0.084355    0.024437    0.004110    4.928366    9.396669    0.809683    2.323804    2.319019    2.293030    0.925316    1.252440    2.032378
Iteration: 127 bestvalit: 143.595000 bestmemit:    0.003546    0.007724    0.015746    0.859339    0.298294    0.287062    0.498296    0.243368    0.243007    0.103315    0.257821    4.720343    0.084355    0.024437    0.004110    4.928366    9.396669    0.809683    2.323804    2.319019    2.293030    0.925316    1.252440    2.032378
Iteration: 128 bestvalit: 143.595000 bestmemit:    0.003546    0.007724    0.015746    0.859339    0.298294    0.287062    0.498296    0.243368    0.243007    0.103315    0.257821    4.720343    0.084355    0.024437    0.004110    4.928366    9.396669    0.809683    2.323804    2.319019    2.293030    0.925316    1.252440    2.032378
Iteration: 129 bestvalit: 143.595000 bestmemit:    0.003546    0.007724    0.015746    0.859339    0.298294    0.287062    0.498296    0.243368    0.243007    0.103315    0.257821    4.720343    0.084355    0.024437    0.004110    4.928366    9.396669    0.809683    2.323804    2.319019    2.293030    0.925316    1.252440    2.032378
Iteration: 130 bestvalit: 143.595000 bestmemit:    0.003546    0.007724    0.015746    0.859339    0.298294    0.287062    0.498296    0.243368    0.243007    0.103315    0.257821    4.720343    0.084355    0.024437    0.004110    4.928366    9.396669    0.809683    2.323804    2.319019    2.293030    0.925316    1.252440    2.032378
Iteration: 131 bestvalit: 143.595000 bestmemit:    0.003546    0.007724    0.015746    0.859339    0.298294    0.287062    0.498296    0.243368    0.243007    0.103315    0.257821    4.720343    0.084355    0.024437    0.004110    4.928366    9.396669    0.809683    2.323804    2.319019    2.293030    0.925316    1.252440    2.032378
Iteration: 132 bestvalit: 143.595000 bestmemit:    0.003546    0.007724    0.015746    0.859339    0.298294    0.287062    0.498296    0.243368    0.243007    0.103315    0.257821    4.720343    0.084355    0.024437    0.004110    4.928366    9.396669    0.809683    2.323804    2.319019    2.293030    0.925316    1.252440    2.032378
Iteration: 133 bestvalit: 143.595000 bestmemit:    0.003546    0.007724    0.015746    0.859339    0.298294    0.287062    0.498296    0.243368    0.243007    0.103315    0.257821    4.720343    0.084355    0.024437    0.004110    4.928366    9.396669    0.809683    2.323804    2.319019    2.293030    0.925316    1.252440    2.032378
Iteration: 134 bestvalit: 143.595000 bestmemit:    0.003546    0.007724    0.015746    0.859339    0.298294    0.287062    0.498296    0.243368    0.243007    0.103315    0.257821    4.720343    0.084355    0.024437    0.004110    4.928366    9.396669    0.809683    2.323804    2.319019    2.293030    0.925316    1.252440    2.032378
Iteration: 135 bestvalit: 143.595000 bestmemit:    0.003546    0.007724    0.015746    0.859339    0.298294    0.287062    0.498296    0.243368    0.243007    0.103315    0.257821    4.720343    0.084355    0.024437    0.004110    4.928366    9.396669    0.809683    2.323804    2.319019    2.293030    0.925316    1.252440    2.032378
Iteration: 136 bestvalit: 143.595000 bestmemit:    0.003546    0.007724    0.015746    0.859339    0.298294    0.287062    0.498296    0.243368    0.243007    0.103315    0.257821    4.720343    0.084355    0.024437    0.004110    4.928366    9.396669    0.809683    2.323804    2.319019    2.293030    0.925316    1.252440    2.032378
Iteration: 137 bestvalit: 143.595000 bestmemit:    0.003546    0.007724    0.015746    0.859339    0.298294    0.287062    0.498296    0.243368    0.243007    0.103315    0.257821    4.720343    0.084355    0.024437    0.004110    4.928366    9.396669    0.809683    2.323804    2.319019    2.293030    0.925316    1.252440    2.032378
Iteration: 138 bestvalit: 137.105000 bestmemit:    0.003546    0.007724    0.015746    0.859339    0.298294    0.287062    0.498296    0.243368    0.243007    0.103315    0.257821    4.720343    0.084355    0.024437    0.004110    4.928366    9.396669    0.809683    2.323804    2.319019    2.293030    0.925316    1.252440    2.127024
Iteration: 139 bestvalit: 137.105000 bestmemit:    0.003546    0.007724    0.015746    0.859339    0.298294    0.287062    0.498296    0.243368    0.243007    0.103315    0.257821    4.720343    0.084355    0.024437    0.004110    4.928366    9.396669    0.809683    2.323804    2.319019    2.293030    0.925316    1.252440    2.127024
Iteration: 140 bestvalit: 137.105000 bestmemit:    0.003546    0.007724    0.015746    0.859339    0.298294    0.287062    0.498296    0.243368    0.243007    0.103315    0.257821    4.720343    0.084355    0.024437    0.004110    4.928366    9.396669    0.809683    2.323804    2.319019    2.293030    0.925316    1.252440    2.127024
Iteration: 141 bestvalit: 137.105000 bestmemit:    0.003546    0.007724    0.015746    0.859339    0.298294    0.287062    0.498296    0.243368    0.243007    0.103315    0.257821    4.720343    0.084355    0.024437    0.004110    4.928366    9.396669    0.809683    2.323804    2.319019    2.293030    0.925316    1.252440    2.127024
Iteration: 142 bestvalit: 137.105000 bestmemit:    0.003546    0.007724    0.015746    0.859339    0.298294    0.287062    0.498296    0.243368    0.243007    0.103315    0.257821    4.720343    0.084355    0.024437    0.004110    4.928366    9.396669    0.809683    2.323804    2.319019    2.293030    0.925316    1.252440    2.127024
Iteration: 143 bestvalit: 137.105000 bestmemit:    0.003546    0.007724    0.015746    0.859339    0.298294    0.287062    0.498296    0.243368    0.243007    0.103315    0.257821    4.720343    0.084355    0.024437    0.004110    4.928366    9.396669    0.809683    2.323804    2.319019    2.293030    0.925316    1.252440    2.127024
Iteration: 144 bestvalit: 137.105000 bestmemit:    0.003546    0.007724    0.015746    0.859339    0.298294    0.287062    0.498296    0.243368    0.243007    0.103315    0.257821    4.720343    0.084355    0.024437    0.004110    4.928366    9.396669    0.809683    2.323804    2.319019    2.293030    0.925316    1.252440    2.127024
Iteration: 145 bestvalit: 137.105000 bestmemit:    0.003546    0.007724    0.015746    0.859339    0.298294    0.287062    0.498296    0.243368    0.243007    0.103315    0.257821    4.720343    0.084355    0.024437    0.004110    4.928366    9.396669    0.809683    2.323804    2.319019    2.293030    0.925316    1.252440    2.127024
Iteration: 146 bestvalit: 137.105000 bestmemit:    0.003546    0.007724    0.015746    0.859339    0.298294    0.287062    0.498296    0.243368    0.243007    0.103315    0.257821    4.720343    0.084355    0.024437    0.004110    4.928366    9.396669    0.809683    2.323804    2.319019    2.293030    0.925316    1.252440    2.127024
Iteration: 147 bestvalit: 137.105000 bestmemit:    0.003546    0.007724    0.015746    0.859339    0.298294    0.287062    0.498296    0.243368    0.243007    0.103315    0.257821    4.720343    0.084355    0.024437    0.004110    4.928366    9.396669    0.809683    2.323804    2.319019    2.293030    0.925316    1.252440    2.127024
Iteration: 148 bestvalit: 137.105000 bestmemit:    0.003546    0.007724    0.015746    0.859339    0.298294    0.287062    0.498296    0.243368    0.243007    0.103315    0.257821    4.720343    0.084355    0.024437    0.004110    4.928366    9.396669    0.809683    2.323804    2.319019    2.293030    0.925316    1.252440    2.127024
Iteration: 149 bestvalit: 137.105000 bestmemit:    0.003546    0.007724    0.015746    0.859339    0.298294    0.287062    0.498296    0.243368    0.243007    0.103315    0.257821    4.720343    0.084355    0.024437    0.004110    4.928366    9.396669    0.809683    2.323804    2.319019    2.293030    0.925316    1.252440    2.127024
Iteration: 150 bestvalit: 128.925000 bestmemit:    0.003546    0.007724    0.015746    0.859339    0.298294    0.287062    0.498296    0.243368    0.243007    0.103315    0.257821    4.720343    0.084355    0.024437    0.002920    4.928366    9.396669    0.809683    2.323804    2.319019    2.293030    0.925316    1.252440    2.127024
Iteration: 151 bestvalit: 128.925000 bestmemit:    0.003546    0.007724    0.015746    0.859339    0.298294    0.287062    0.498296    0.243368    0.243007    0.103315    0.257821    4.720343    0.084355    0.024437    0.002920    4.928366    9.396669    0.809683    2.323804    2.319019    2.293030    0.925316    1.252440    2.127024
Iteration: 152 bestvalit: 128.925000 bestmemit:    0.003546    0.007724    0.015746    0.859339    0.298294    0.287062    0.498296    0.243368    0.243007    0.103315    0.257821    4.720343    0.084355    0.024437    0.002920    4.928366    9.396669    0.809683    2.323804    2.319019    2.293030    0.925316    1.252440    2.127024
Iteration: 153 bestvalit: 128.925000 bestmemit:    0.003546    0.007724    0.015746    0.859339    0.298294    0.287062    0.498296    0.243368    0.243007    0.103315    0.257821    4.720343    0.084355    0.024437    0.002920    4.928366    9.396669    0.809683    2.323804    2.319019    2.293030    0.925316    1.252440    2.127024
Iteration: 154 bestvalit: 128.925000 bestmemit:    0.003546    0.007724    0.015746    0.859339    0.298294    0.287062    0.498296    0.243368    0.243007    0.103315    0.257821    4.720343    0.084355    0.024437    0.002920    4.928366    9.396669    0.809683    2.323804    2.319019    2.293030    0.925316    1.252440    2.127024
Iteration: 155 bestvalit: 128.925000 bestmemit:    0.003546    0.007724    0.015746    0.859339    0.298294    0.287062    0.498296    0.243368    0.243007    0.103315    0.257821    4.720343    0.084355    0.024437    0.002920    4.928366    9.396669    0.809683    2.323804    2.319019    2.293030    0.925316    1.252440    2.127024
Iteration: 156 bestvalit: 128.925000 bestmemit:    0.003546    0.007724    0.015746    0.859339    0.298294    0.287062    0.498296    0.243368    0.243007    0.103315    0.257821    4.720343    0.084355    0.024437    0.002920    4.928366    9.396669    0.809683    2.323804    2.319019    2.293030    0.925316    1.252440    2.127024
Iteration: 157 bestvalit: 128.925000 bestmemit:    0.003546    0.007724    0.015746    0.859339    0.298294    0.287062    0.498296    0.243368    0.243007    0.103315    0.257821    4.720343    0.084355    0.024437    0.002920    4.928366    9.396669    0.809683    2.323804    2.319019    2.293030    0.925316    1.252440    2.127024
Iteration: 158 bestvalit: 128.925000 bestmemit:    0.003546    0.007724    0.015746    0.859339    0.298294    0.287062    0.498296    0.243368    0.243007    0.103315    0.257821    4.720343    0.084355    0.024437    0.002920    4.928366    9.396669    0.809683    2.323804    2.319019    2.293030    0.925316    1.252440    2.127024
Iteration: 159 bestvalit: 128.925000 bestmemit:    0.003546    0.007724    0.015746    0.859339    0.298294    0.287062    0.498296    0.243368    0.243007    0.103315    0.257821    4.720343    0.084355    0.024437    0.002920    4.928366    9.396669    0.809683    2.323804    2.319019    2.293030    0.925316    1.252440    2.127024
Iteration: 160 bestvalit: 128.925000 bestmemit:    0.003546    0.007724    0.015746    0.859339    0.298294    0.287062    0.498296    0.243368    0.243007    0.103315    0.257821    4.720343    0.084355    0.024437    0.002920    4.928366    9.396669    0.809683    2.323804    2.319019    2.293030    0.925316    1.252440    2.127024
Iteration: 161 bestvalit: 128.925000 bestmemit:    0.003546    0.007724    0.015746    0.859339    0.298294    0.287062    0.498296    0.243368    0.243007    0.103315    0.257821    4.720343    0.084355    0.024437    0.002920    4.928366    9.396669    0.809683    2.323804    2.319019    2.293030    0.925316    1.252440    2.127024
Iteration: 162 bestvalit: 128.925000 bestmemit:    0.003546    0.007724    0.015746    0.859339    0.298294    0.287062    0.498296    0.243368    0.243007    0.103315    0.257821    4.720343    0.084355    0.024437    0.002920    4.928366    9.396669    0.809683    2.323804    2.319019    2.293030    0.925316    1.252440    2.127024
Iteration: 163 bestvalit: 128.925000 bestmemit:    0.003546    0.007724    0.015746    0.859339    0.298294    0.287062    0.498296    0.243368    0.243007    0.103315    0.257821    4.720343    0.084355    0.024437    0.002920    4.928366    9.396669    0.809683    2.323804    2.319019    2.293030    0.925316    1.252440    2.127024
Iteration: 164 bestvalit: 128.765000 bestmemit:    0.003546    0.007724    0.015746    0.859339    0.298294    0.287062    0.498296    0.211631    0.243007    0.103315    0.257821    4.720343    0.084355    0.024437    0.002920    4.928366    9.396669    0.809683    2.323804    2.319019    2.293030    0.925316    1.252440    2.127024
Iteration: 165 bestvalit: 128.765000 bestmemit:    0.003546    0.007724    0.015746    0.859339    0.298294    0.287062    0.498296    0.211631    0.243007    0.103315    0.257821    4.720343    0.084355    0.024437    0.002920    4.928366    9.396669    0.809683    2.323804    2.319019    2.293030    0.925316    1.252440    2.127024
Iteration: 166 bestvalit: 128.765000 bestmemit:    0.003546    0.007724    0.015746    0.859339    0.298294    0.287062    0.498296    0.211631    0.243007    0.103315    0.257821    4.720343    0.084355    0.024437    0.002920    4.928366    9.396669    0.809683    2.323804    2.319019    2.293030    0.925316    1.252440    2.127024
Iteration: 167 bestvalit: 128.765000 bestmemit:    0.003546    0.007724    0.015746    0.859339    0.298294    0.287062    0.498296    0.211631    0.243007    0.103315    0.257821    4.720343    0.084355    0.024437    0.002920    4.928366    9.396669    0.809683    2.323804    2.319019    2.293030    0.925316    1.252440    2.127024
Iteration: 168 bestvalit: 127.825000 bestmemit:    0.003546    0.007724    0.015746    0.859339    0.298294    0.287062    0.498296    0.211631    0.243007    0.103315    0.257821    4.720343    0.084355    0.024437    0.002920    4.928366    8.162456    0.809683    2.323804    2.319019    2.293030    0.925316    1.252440    2.127024
Iteration: 169 bestvalit: 127.825000 bestmemit:    0.003546    0.007724    0.015746    0.859339    0.298294    0.287062    0.498296    0.211631    0.243007    0.103315    0.257821    4.720343    0.084355    0.024437    0.002920    4.928366    8.162456    0.809683    2.323804    2.319019    2.293030    0.925316    1.252440    2.127024
Iteration: 170 bestvalit: 127.825000 bestmemit:    0.003546    0.007724    0.015746    0.859339    0.298294    0.287062    0.498296    0.211631    0.243007    0.103315    0.257821    4.720343    0.084355    0.024437    0.002920    4.928366    8.162456    0.809683    2.323804    2.319019    2.293030    0.925316    1.252440    2.127024
Iteration: 171 bestvalit: 127.825000 bestmemit:    0.003546    0.007724    0.015746    0.859339    0.298294    0.287062    0.498296    0.211631    0.243007    0.103315    0.257821    4.720343    0.084355    0.024437    0.002920    4.928366    8.162456    0.809683    2.323804    2.319019    2.293030    0.925316    1.252440    2.127024
Iteration: 172 bestvalit: 127.825000 bestmemit:    0.003546    0.007724    0.015746    0.859339    0.298294    0.287062    0.498296    0.211631    0.243007    0.103315    0.257821    4.720343    0.084355    0.024437    0.002920    4.928366    8.162456    0.809683    2.323804    2.319019    2.293030    0.925316    1.252440    2.127024
Iteration: 173 bestvalit: 127.825000 bestmemit:    0.003546    0.007724    0.015746    0.859339    0.298294    0.287062    0.498296    0.211631    0.243007    0.103315    0.257821    4.720343    0.084355    0.024437    0.002920    4.928366    8.162456    0.809683    2.323804    2.319019    2.293030    0.925316    1.252440    2.127024
Iteration: 174 bestvalit: 127.800000 bestmemit:    0.003546    0.007724    0.015746    0.951306    0.298294    0.287062    0.498296    0.211631    0.243007    0.103315    0.257821    4.720343    0.084355    0.024437    0.002920    4.928366    8.162456    0.809683    2.323804    2.319019    2.293030    0.925316    1.252440    2.127024
Iteration: 175 bestvalit: 127.800000 bestmemit:    0.003546    0.007724    0.015746    0.951306    0.298294    0.287062    0.498296    0.211631    0.243007    0.103315    0.257821    4.720343    0.084355    0.024437    0.002920    4.928366    8.162456    0.809683    2.323804    2.319019    2.293030    0.925316    1.252440    2.127024
Iteration: 176 bestvalit: 127.800000 bestmemit:    0.003546    0.007724    0.015746    0.951306    0.298294    0.287062    0.498296    0.211631    0.243007    0.103315    0.257821    4.720343    0.084355    0.024437    0.002920    4.928366    8.162456    0.809683    2.323804    2.319019    2.293030    0.925316    1.252440    2.127024
Iteration: 177 bestvalit: 127.800000 bestmemit:    0.003546    0.007724    0.015746    0.951306    0.298294    0.287062    0.498296    0.211631    0.243007    0.103315    0.257821    4.720343    0.084355    0.024437    0.002920    4.928366    8.162456    0.809683    2.323804    2.319019    2.293030    0.925316    1.252440    2.127024
Iteration: 178 bestvalit: 127.800000 bestmemit:    0.003546    0.007724    0.015746    0.951306    0.298294    0.287062    0.498296    0.211631    0.243007    0.103315    0.257821    4.720343    0.084355    0.024437    0.002920    4.928366    8.162456    0.809683    2.323804    2.319019    2.293030    0.925316    1.252440    2.127024
Iteration: 179 bestvalit: 127.370000 bestmemit:    0.003546    0.007724    0.015746    0.951306    0.298294    0.287062    0.498296    0.211631    0.243007    0.103315    0.257821    4.720343    0.084355    0.024437    0.002920    4.928366    8.162456    0.809683    2.323804    2.319019    2.191542    0.952369    1.252440    2.127024
Iteration: 180 bestvalit: 127.370000 bestmemit:    0.003546    0.007724    0.015746    0.951306    0.298294    0.287062    0.498296    0.211631    0.243007    0.103315    0.257821    4.720343    0.084355    0.024437    0.002920    4.928366    8.162456    0.809683    2.323804    2.319019    2.191542    0.952369    1.252440    2.127024
Iteration: 181 bestvalit: 127.370000 bestmemit:    0.003546    0.007724    0.015746    0.951306    0.298294    0.287062    0.498296    0.211631    0.243007    0.103315    0.257821    4.720343    0.084355    0.024437    0.002920    4.928366    8.162456    0.809683    2.323804    2.319019    2.191542    0.952369    1.252440    2.127024
Iteration: 182 bestvalit: 127.370000 bestmemit:    0.003546    0.007724    0.015746    0.951306    0.298294    0.287062    0.498296    0.211631    0.243007    0.103315    0.257821    4.720343    0.084355    0.024437    0.002920    4.928366    8.162456    0.809683    2.323804    2.319019    2.191542    0.952369    1.252440    2.127024
Iteration: 183 bestvalit: 127.370000 bestmemit:    0.003546    0.007724    0.015746    0.951306    0.298294    0.287062    0.498296    0.211631    0.243007    0.103315    0.257821    4.720343    0.084355    0.024437    0.002920    4.928366    8.162456    0.809683    2.323804    2.319019    2.191542    0.952369    1.252440    2.127024
Iteration: 184 bestvalit: 127.370000 bestmemit:    0.003546    0.007724    0.015746    0.951306    0.298294    0.287062    0.498296    0.211631    0.243007    0.103315    0.257821    4.720343    0.084355    0.024437    0.002920    4.928366    8.162456    0.809683    2.323804    2.319019    2.191542    0.952369    1.252440    2.127024
Iteration: 185 bestvalit: 127.370000 bestmemit:    0.003546    0.007724    0.015746    0.951306    0.298294    0.287062    0.498296    0.211631    0.243007    0.103315    0.257821    4.720343    0.084355    0.024437    0.002920    4.928366    8.162456    0.809683    2.323804    2.319019    2.191542    0.952369    1.252440    2.127024
Iteration: 186 bestvalit: 126.770000 bestmemit:    0.003546    0.007724    0.015746    0.951306    0.298294    0.287062    0.498296    0.211631    0.243007    0.103315    0.257821    4.720343    0.084355    0.024437    0.002920    4.928366    8.162456    0.809683    2.323804    2.319019    2.249039    0.689713    1.252440    2.127024
Iteration: 187 bestvalit: 126.770000 bestmemit:    0.003546    0.007724    0.015746    0.951306    0.298294    0.287062    0.498296    0.211631    0.243007    0.103315    0.257821    4.720343    0.084355    0.024437    0.002920    4.928366    8.162456    0.809683    2.323804    2.319019    2.249039    0.689713    1.252440    2.127024
Iteration: 188 bestvalit: 126.770000 bestmemit:    0.003546    0.007724    0.015746    0.951306    0.298294    0.287062    0.498296    0.211631    0.243007    0.103315    0.257821    4.720343    0.084355    0.024437    0.002920    4.928366    8.162456    0.809683    2.323804    2.319019    2.249039    0.689713    1.252440    2.127024
Iteration: 189 bestvalit: 126.770000 bestmemit:    0.003546    0.007724    0.015746    0.951306    0.298294    0.287062    0.498296    0.211631    0.243007    0.103315    0.257821    4.720343    0.084355    0.024437    0.002920    4.928366    8.162456    0.809683    2.323804    2.319019    2.249039    0.689713    1.252440    2.127024
Iteration: 190 bestvalit: 126.770000 bestmemit:    0.003546    0.007724    0.015746    0.951306    0.298294    0.287062    0.498296    0.211631    0.243007    0.103315    0.257821    4.720343    0.084355    0.024437    0.002920    4.928366    8.162456    0.809683    2.323804    2.319019    2.249039    0.689713    1.252440    2.127024
Iteration: 191 bestvalit: 126.770000 bestmemit:    0.003546    0.007724    0.015746    0.951306    0.298294    0.287062    0.498296    0.211631    0.243007    0.103315    0.257821    4.720343    0.084355    0.024437    0.002920    4.928366    8.162456    0.809683    2.323804    2.319019    2.249039    0.689713    1.252440    2.127024
Iteration: 192 bestvalit: 126.770000 bestmemit:    0.003546    0.007724    0.015746    0.951306    0.298294    0.287062    0.498296    0.211631    0.243007    0.103315    0.257821    4.720343    0.084355    0.024437    0.002920    4.928366    8.162456    0.809683    2.323804    2.319019    2.249039    0.689713    1.252440    2.127024
Iteration: 193 bestvalit: 126.770000 bestmemit:    0.003546    0.007724    0.015746    0.951306    0.298294    0.287062    0.498296    0.211631    0.243007    0.103315    0.257821    4.720343    0.084355    0.024437    0.002920    4.928366    8.162456    0.809683    2.323804    2.319019    2.249039    0.689713    1.252440    2.127024
Iteration: 194 bestvalit: 126.770000 bestmemit:    0.003546    0.007724    0.015746    0.951306    0.298294    0.287062    0.498296    0.211631    0.243007    0.103315    0.257821    4.720343    0.084355    0.024437    0.002920    4.928366    8.162456    0.809683    2.323804    2.319019    2.249039    0.689713    1.252440    2.127024
Iteration: 195 bestvalit: 126.770000 bestmemit:    0.003546    0.007724    0.015746    0.951306    0.298294    0.287062    0.498296    0.211631    0.243007    0.103315    0.257821    4.720343    0.084355    0.024437    0.002920    4.928366    8.162456    0.809683    2.323804    2.319019    2.249039    0.689713    1.252440    2.127024
Iteration: 196 bestvalit: 126.770000 bestmemit:    0.003546    0.007724    0.015746    0.951306    0.298294    0.287062    0.498296    0.211631    0.243007    0.103315    0.257821    4.720343    0.084355    0.024437    0.002920    4.928366    8.162456    0.809683    2.323804    2.319019    2.249039    0.689713    1.252440    2.127024
Iteration: 197 bestvalit: 126.770000 bestmemit:    0.003546    0.007724    0.015746    0.951306    0.298294    0.287062    0.498296    0.211631    0.243007    0.103315    0.257821    4.720343    0.084355    0.024437    0.002920    4.928366    8.162456    0.809683    2.323804    2.319019    2.249039    0.689713    1.252440    2.127024
Iteration: 198 bestvalit: 126.770000 bestmemit:    0.003546    0.007724    0.015746    0.951306    0.298294    0.287062    0.498296    0.211631    0.243007    0.103315    0.257821    4.720343    0.084355    0.024437    0.002920    4.928366    8.162456    0.809683    2.323804    2.319019    2.249039    0.689713    1.252440    2.127024
Iteration: 199 bestvalit: 126.770000 bestmemit:    0.003546    0.007724    0.015746    0.951306    0.298294    0.287062    0.498296    0.211631    0.243007    0.103315    0.257821    4.720343    0.084355    0.024437    0.002920    4.928366    8.162456    0.809683    2.323804    2.319019    2.249039    0.689713    1.252440    2.127024
Iteration: 200 bestvalit: 126.770000 bestmemit:    0.003546    0.007724    0.015746    0.951306    0.298294    0.287062    0.498296    0.211631    0.243007    0.103315    0.257821    4.720343    0.084355    0.024437    0.002920    4.928366    8.162456    0.809683    2.323804    2.319019    2.249039    0.689713    1.252440    2.127024
Iteration: 201 bestvalit: 126.770000 bestmemit:    0.003546    0.007724    0.015746    0.951306    0.298294    0.287062    0.498296    0.211631    0.243007    0.103315    0.257821    4.720343    0.084355    0.024437    0.002920    4.928366    8.162456    0.809683    2.323804    2.319019    2.249039    0.689713    1.252440    2.127024
Iteration: 202 bestvalit: 126.770000 bestmemit:    0.003546    0.007724    0.015746    0.951306    0.298294    0.287062    0.498296    0.211631    0.243007    0.103315    0.257821    4.720343    0.084355    0.024437    0.002920    4.928366    8.162456    0.809683    2.323804    2.319019    2.249039    0.689713    1.252440    2.127024
Iteration: 203 bestvalit: 126.770000 bestmemit:    0.003546    0.007724    0.015746    0.951306    0.298294    0.287062    0.498296    0.211631    0.243007    0.103315    0.257821    4.720343    0.084355    0.024437    0.002920    4.928366    8.162456    0.809683    2.323804    2.319019    2.249039    0.689713    1.252440    2.127024
Iteration: 204 bestvalit: 126.770000 bestmemit:    0.003546    0.007724    0.015746    0.951306    0.298294    0.287062    0.498296    0.211631    0.243007    0.103315    0.257821    4.720343    0.084355    0.024437    0.002920    4.928366    8.162456    0.809683    2.323804    2.319019    2.249039    0.689713    1.252440    2.127024
Iteration: 205 bestvalit: 126.770000 bestmemit:    0.003546    0.007724    0.015746    0.951306    0.298294    0.287062    0.498296    0.211631    0.243007    0.103315    0.257821    4.720343    0.084355    0.024437    0.002920    4.928366    8.162456    0.809683    2.323804    2.319019    2.249039    0.689713    1.252440    2.127024
Iteration: 206 bestvalit: 126.770000 bestmemit:    0.003546    0.007724    0.015746    0.951306    0.298294    0.287062    0.498296    0.211631    0.243007    0.103315    0.257821    4.720343    0.084355    0.024437    0.002920    4.928366    8.162456    0.809683    2.323804    2.319019    2.249039    0.689713    1.252440    2.127024
Iteration: 207 bestvalit: 126.770000 bestmemit:    0.003546    0.007724    0.015746    0.951306    0.298294    0.287062    0.498296    0.211631    0.243007    0.103315    0.257821    4.720343    0.084355    0.024437    0.002920    4.928366    8.162456    0.809683    2.323804    2.319019    2.249039    0.689713    1.252440    2.127024
Iteration: 208 bestvalit: 126.770000 bestmemit:    0.003546    0.007724    0.015746    0.951306    0.298294    0.287062    0.498296    0.211631    0.243007    0.103315    0.257821    4.720343    0.084355    0.024437    0.002920    4.928366    8.162456    0.809683    2.323804    2.319019    2.249039    0.689713    1.252440    2.127024
Iteration: 209 bestvalit: 126.770000 bestmemit:    0.003546    0.007724    0.015746    0.951306    0.298294    0.287062    0.498296    0.211631    0.243007    0.103315    0.257821    4.720343    0.084355    0.024437    0.002920    4.928366    8.162456    0.809683    2.323804    2.319019    2.249039    0.689713    1.252440    2.127024
Iteration: 210 bestvalit: 126.770000 bestmemit:    0.003546    0.007724    0.015746    0.951306    0.298294    0.287062    0.498296    0.211631    0.243007    0.103315    0.257821    4.720343    0.084355    0.024437    0.002920    4.928366    8.162456    0.809683    2.323804    2.319019    2.249039    0.689713    1.252440    2.127024
Iteration: 211 bestvalit: 126.770000 bestmemit:    0.003546    0.007724    0.015746    0.951306    0.298294    0.287062    0.498296    0.211631    0.243007    0.103315    0.257821    4.720343    0.084355    0.024437    0.002920    4.928366    8.162456    0.809683    2.323804    2.319019    2.249039    0.689713    1.252440    2.127024
Iteration: 212 bestvalit: 126.770000 bestmemit:    0.003546    0.007724    0.015746    0.951306    0.298294    0.287062    0.498296    0.211631    0.243007    0.103315    0.257821    4.720343    0.084355    0.024437    0.002920    4.928366    8.162456    0.809683    2.323804    2.319019    2.249039    0.689713    1.252440    2.127024
Iteration: 213 bestvalit: 126.770000 bestmemit:    0.003546    0.007724    0.015746    0.951306    0.298294    0.287062    0.498296    0.211631    0.243007    0.103315    0.257821    4.720343    0.084355    0.024437    0.002920    4.928366    8.162456    0.809683    2.323804    2.319019    2.249039    0.689713    1.252440    2.127024
Iteration: 214 bestvalit: 126.770000 bestmemit:    0.003546    0.007724    0.015746    0.951306    0.298294    0.287062    0.498296    0.211631    0.243007    0.103315    0.257821    4.720343    0.084355    0.024437    0.002920    4.928366    8.162456    0.809683    2.323804    2.319019    2.249039    0.689713    1.252440    2.127024
Iteration: 215 bestvalit: 126.770000 bestmemit:    0.003546    0.007724    0.015746    0.951306    0.298294    0.287062    0.498296    0.211631    0.243007    0.103315    0.257821    4.720343    0.084355    0.024437    0.002920    4.928366    8.162456    0.809683    2.323804    2.319019    2.249039    0.689713    1.252440    2.127024
Iteration: 216 bestvalit: 126.770000 bestmemit:    0.003546    0.007724    0.015746    0.951306    0.298294    0.287062    0.498296    0.211631    0.243007    0.103315    0.257821    4.720343    0.084355    0.024437    0.002920    4.928366    8.162456    0.809683    2.323804    2.319019    2.249039    0.689713    1.252440    2.127024
Iteration: 217 bestvalit: 126.345000 bestmemit:    0.003546    0.007724    0.015746    0.951306    0.298294    0.287062    0.498296    0.211631    0.243007    0.103315    0.257821    4.720343    0.084355    0.024437    0.002920    4.928366    8.162456    0.809683    2.323804    2.319019    2.249039    0.536273    1.252440    2.127024
Iteration: 218 bestvalit: 125.670000 bestmemit:    0.003546    0.007724    0.015746    0.951306    0.298294    0.287062    0.498296    0.211631    0.243007    0.103315    0.257821    4.720343    0.084355    0.024437    0.002920    4.928366    8.162456    0.809683    2.323804    2.319019    2.249039    0.264250    1.252440    2.127024
Iteration: 219 bestvalit: 125.670000 bestmemit:    0.003546    0.007724    0.015746    0.951306    0.298294    0.287062    0.498296    0.211631    0.243007    0.103315    0.257821    4.720343    0.084355    0.024437    0.002920    4.928366    8.162456    0.809683    2.323804    2.319019    2.249039    0.264250    1.252440    2.127024
Iteration: 220 bestvalit: 124.950000 bestmemit:    0.003546    0.007724    0.015746    0.951306    0.298294    0.287062    0.498296    0.211631    0.243007    0.103315    0.257821    4.720343    0.084355    0.024437    0.002920    4.928366    8.162456    0.694632    2.323804    2.319019    2.249039    0.264250    1.252440    2.127024
Iteration: 221 bestvalit: 124.950000 bestmemit:    0.003546    0.007724    0.015746    0.951306    0.298294    0.287062    0.498296    0.211631    0.243007    0.103315    0.257821    4.720343    0.084355    0.024437    0.002920    4.928366    8.162456    0.694632    2.323804    2.319019    2.249039    0.264250    1.252440    2.127024
Iteration: 222 bestvalit: 124.950000 bestmemit:    0.003546    0.007724    0.015746    0.951306    0.298294    0.287062    0.498296    0.211631    0.243007    0.103315    0.257821    4.720343    0.084355    0.024437    0.002920    4.928366    8.162456    0.694632    2.323804    2.319019    2.249039    0.264250    1.252440    2.127024
Iteration: 223 bestvalit: 124.950000 bestmemit:    0.003546    0.007724    0.015746    0.951306    0.298294    0.287062    0.498296    0.211631    0.243007    0.103315    0.257821    4.720343    0.084355    0.024437    0.002920    4.928366    8.162456    0.694632    2.323804    2.319019    2.249039    0.264250    1.252440    2.127024
Iteration: 224 bestvalit: 124.950000 bestmemit:    0.003546    0.007724    0.015746    0.951306    0.298294    0.287062    0.498296    0.211631    0.243007    0.103315    0.257821    4.720343    0.084355    0.024437    0.002920    4.928366    8.162456    0.694632    2.323804    2.319019    2.249039    0.264250    1.252440    2.127024
Iteration: 225 bestvalit: 124.950000 bestmemit:    0.003546    0.007724    0.015746    0.951306    0.298294    0.287062    0.498296    0.211631    0.243007    0.103315    0.257821    4.720343    0.084355    0.024437    0.002920    4.928366    8.162456    0.694632    2.323804    2.319019    2.249039    0.264250    1.252440    2.127024
Iteration: 226 bestvalit: 124.950000 bestmemit:    0.003546    0.007724    0.015746    0.951306    0.298294    0.287062    0.498296    0.211631    0.243007    0.103315    0.257821    4.720343    0.084355    0.024437    0.002920    4.928366    8.162456    0.694632    2.323804    2.319019    2.249039    0.264250    1.252440    2.127024
Iteration: 227 bestvalit: 124.950000 bestmemit:    0.003546    0.007724    0.015746    0.951306    0.298294    0.287062    0.498296    0.211631    0.243007    0.103315    0.257821    4.720343    0.084355    0.024437    0.002920    4.928366    8.162456    0.694632    2.323804    2.319019    2.249039    0.264250    1.252440    2.127024
Iteration: 228 bestvalit: 124.945000 bestmemit:    0.003546    0.007724    0.015746    0.951306    0.298294    0.287062    0.498296    0.209036    0.243007    0.103315    0.257821    4.720343    0.084355    0.024437    0.002920    4.928366    8.162456    0.694632    2.323804    2.319019    2.249039    0.264250    1.252440    2.127024
Iteration: 229 bestvalit: 124.945000 bestmemit:    0.003546    0.007724    0.015746    0.951306    0.298294    0.287062    0.498296    0.209036    0.243007    0.103315    0.257821    4.720343    0.084355    0.024437    0.002920    4.928366    8.162456    0.694632    2.323804    2.319019    2.249039    0.264250    1.252440    2.127024
Iteration: 230 bestvalit: 124.945000 bestmemit:    0.003546    0.007724    0.015746    0.951306    0.298294    0.287062    0.498296    0.209036    0.243007    0.103315    0.257821    4.720343    0.084355    0.024437    0.002920    4.928366    8.162456    0.694632    2.323804    2.319019    2.249039    0.264250    1.252440    2.127024
Iteration: 231 bestvalit: 124.945000 bestmemit:    0.003546    0.007724    0.015746    0.951306    0.298294    0.287062    0.498296    0.209036    0.243007    0.103315    0.257821    4.720343    0.084355    0.024437    0.002920    4.928366    8.162456    0.694632    2.323804    2.319019    2.249039    0.264250    1.252440    2.127024
Iteration: 232 bestvalit: 124.945000 bestmemit:    0.003546    0.007724    0.015746    0.951306    0.298294    0.287062    0.498296    0.209036    0.243007    0.103315    0.257821    4.720343    0.084355    0.024437    0.002920    4.928366    8.162456    0.694632    2.323804    2.319019    2.249039    0.264250    1.252440    2.127024
Iteration: 233 bestvalit: 124.945000 bestmemit:    0.003546    0.007724    0.015746    0.951306    0.298294    0.287062    0.498296    0.209036    0.243007    0.103315    0.257821    4.720343    0.084355    0.024437    0.002920    4.928366    8.162456    0.694632    2.323804    2.319019    2.249039    0.264250    1.252440    2.127024
Iteration: 234 bestvalit: 124.945000 bestmemit:    0.003546    0.007724    0.015746    0.951306    0.298294    0.287062    0.498296    0.209036    0.243007    0.103315    0.257821    4.720343    0.084355    0.024437    0.002920    4.928366    8.162456    0.694632    2.323804    2.319019    2.249039    0.264250    1.252440    2.127024
Iteration: 235 bestvalit: 124.945000 bestmemit:    0.003546    0.007724    0.015746    0.951306    0.298294    0.287062    0.498296    0.209036    0.243007    0.103315    0.257821    4.720343    0.084355    0.024437    0.002920    4.928366    8.162456    0.694632    2.323804    2.319019    2.249039    0.264250    1.252440    2.127024
Iteration: 236 bestvalit: 124.945000 bestmemit:    0.003546    0.007724    0.015746    0.951306    0.298294    0.287062    0.498296    0.209036    0.243007    0.103315    0.257821    4.720343    0.084355    0.024437    0.002920    4.928366    8.162456    0.694632    2.323804    2.319019    2.249039    0.264250    1.252440    2.127024
Iteration: 237 bestvalit: 124.945000 bestmemit:    0.003546    0.007724    0.015746    0.951306    0.298294    0.287062    0.498296    0.209036    0.243007    0.103315    0.257821    4.720343    0.084355    0.024437    0.002920    4.928366    8.162456    0.694632    2.323804    2.319019    2.249039    0.264250    1.252440    2.127024
Iteration: 238 bestvalit: 124.945000 bestmemit:    0.003546    0.007724    0.015746    0.951306    0.298294    0.287062    0.498296    0.209036    0.243007    0.103315    0.257821    4.720343    0.084355    0.024437    0.002920    4.928366    8.162456    0.694632    2.323804    2.319019    2.249039    0.264250    1.252440    2.127024
Iteration: 239 bestvalit: 124.945000 bestmemit:    0.003546    0.007724    0.015746    0.951306    0.298294    0.287062    0.498296    0.209036    0.243007    0.103315    0.257821    4.720343    0.084355    0.024437    0.002920    4.928366    8.162456    0.694632    2.323804    2.319019    2.249039    0.264250    1.252440    2.127024
Iteration: 240 bestvalit: 124.945000 bestmemit:    0.003546    0.007724    0.015746    0.951306    0.298294    0.287062    0.498296    0.209036    0.243007    0.103315    0.257821    4.720343    0.084355    0.024437    0.002920    4.928366    8.162456    0.694632    2.323804    2.319019    2.249039    0.264250    1.252440    2.127024
Iteration: 241 bestvalit: 124.945000 bestmemit:    0.003546    0.007724    0.015746    0.951306    0.298294    0.287062    0.498296    0.209036    0.243007    0.103315    0.257821    4.720343    0.084355    0.024437    0.002920    4.928366    8.162456    0.694632    2.323804    2.319019    2.249039    0.264250    1.252440    2.127024
Iteration: 242 bestvalit: 124.945000 bestmemit:    0.003546    0.007724    0.015746    0.951306    0.298294    0.287062    0.498296    0.209036    0.243007    0.103315    0.257821    4.720343    0.084355    0.024437    0.002920    4.928366    8.162456    0.694632    2.323804    2.319019    2.249039    0.264250    1.252440    2.127024
Iteration: 243 bestvalit: 124.945000 bestmemit:    0.003546    0.007724    0.015746    0.951306    0.298294    0.287062    0.498296    0.209036    0.243007    0.103315    0.257821    4.720343    0.084355    0.024437    0.002920    4.928366    8.162456    0.694632    2.323804    2.319019    2.249039    0.264250    1.252440    2.127024
Iteration: 244 bestvalit: 124.945000 bestmemit:    0.003546    0.007724    0.015746    0.951306    0.298294    0.287062    0.498296    0.209036    0.243007    0.103315    0.257821    4.720343    0.084355    0.024437    0.002920    4.928366    8.162456    0.694632    2.323804    2.319019    2.249039    0.264250    1.252440    2.127024
Iteration: 245 bestvalit: 124.945000 bestmemit:    0.003546    0.007724    0.015746    0.951306    0.298294    0.287062    0.498296    0.209036    0.243007    0.103315    0.257821    4.720343    0.084355    0.024437    0.002920    4.928366    8.162456    0.694632    2.323804    2.319019    2.249039    0.264250    1.252440    2.127024
Iteration: 246 bestvalit: 124.945000 bestmemit:    0.003546    0.007724    0.015746    0.951306    0.298294    0.287062    0.498296    0.209036    0.243007    0.103315    0.257821    4.720343    0.084355    0.024437    0.002920    4.928366    8.162456    0.694632    2.323804    2.319019    2.249039    0.264250    1.252440    2.127024
Iteration: 247 bestvalit: 124.945000 bestmemit:    0.003546    0.007724    0.015746    0.951306    0.298294    0.287062    0.498296    0.209036    0.243007    0.103315    0.257821    4.720343    0.084355    0.024437    0.002920    4.928366    8.162456    0.694632    2.323804    2.319019    2.249039    0.264250    1.252440    2.127024
Iteration: 248 bestvalit: 124.945000 bestmemit:    0.003546    0.007724    0.015746    0.951306    0.298294    0.287062    0.498296    0.209036    0.243007    0.103315    0.257821    4.720343    0.084355    0.024437    0.002920    4.928366    8.162456    0.694632    2.323804    2.319019    2.249039    0.264250    1.252440    2.127024
Iteration: 249 bestvalit: 124.945000 bestmemit:    0.003546    0.007724    0.015746    0.951306    0.298294    0.287062    0.498296    0.209036    0.243007    0.103315    0.257821    4.720343    0.084355    0.024437    0.002920    4.928366    8.162456    0.694632    2.323804    2.319019    2.249039    0.264250    1.252440    2.127024
Iteration: 250 bestvalit: 124.945000 bestmemit:    0.003546    0.007724    0.015746    0.951306    0.298294    0.287062    0.498296    0.209036    0.243007    0.103315    0.257821    4.720343    0.084355    0.024437    0.002920    4.928366    8.162456    0.694632    2.323804    2.319019    2.249039    0.264250    1.252440    2.127024
Iteration: 251 bestvalit: 124.945000 bestmemit:    0.003546    0.007724    0.015746    0.951306    0.298294    0.287062    0.498296    0.209036    0.243007    0.103315    0.257821    4.720343    0.084355    0.024437    0.002920    4.928366    8.162456    0.694632    2.323804    2.319019    2.249039    0.264250    1.252440    2.127024
Iteration: 252 bestvalit: 124.945000 bestmemit:    0.003546    0.007724    0.015746    0.951306    0.298294    0.287062    0.498296    0.209036    0.243007    0.103315    0.257821    4.720343    0.084355    0.024437    0.002920    4.928366    8.162456    0.694632    2.323804    2.319019    2.249039    0.264250    1.252440    2.127024
Iteration: 253 bestvalit: 124.945000 bestmemit:    0.003546    0.007724    0.015746    0.951306    0.298294    0.287062    0.498296    0.209036    0.243007    0.103315    0.257821    4.720343    0.084355    0.024437    0.002920    4.928366    8.162456    0.694632    2.323804    2.319019    2.249039    0.264250    1.252440    2.127024
Iteration: 254 bestvalit: 124.945000 bestmemit:    0.003546    0.007724    0.015746    0.951306    0.298294    0.287062    0.498296    0.209036    0.243007    0.103315    0.257821    4.720343    0.084355    0.024437    0.002920    4.928366    8.162456    0.694632    2.323804    2.319019    2.249039    0.264250    1.252440    2.127024
Iteration: 255 bestvalit: 124.945000 bestmemit:    0.003546    0.007724    0.015746    0.951306    0.298294    0.287062    0.498296    0.209036    0.243007    0.103315    0.257821    4.720343    0.084355    0.024437    0.002920    4.928366    8.162456    0.694632    2.323804    2.319019    2.249039    0.264250    1.252440    2.127024
Iteration: 256 bestvalit: 124.945000 bestmemit:    0.003546    0.007724    0.015746    0.951306    0.298294    0.287062    0.498296    0.209036    0.243007    0.103315    0.257821    4.720343    0.084355    0.024437    0.002920    4.928366    8.162456    0.694632    2.323804    2.319019    2.249039    0.264250    1.252440    2.127024
Iteration: 257 bestvalit: 124.945000 bestmemit:    0.003546    0.007724    0.015746    0.951306    0.298294    0.287062    0.498296    0.209036    0.243007    0.103315    0.257821    4.720343    0.084355    0.024437    0.002920    4.928366    8.162456    0.694632    2.323804    2.319019    2.249039    0.264250    1.252440    2.127024
Iteration: 258 bestvalit: 124.945000 bestmemit:    0.003546    0.007724    0.015746    0.951306    0.298294    0.287062    0.498296    0.209036    0.243007    0.103315    0.257821    4.720343    0.084355    0.024437    0.002920    4.928366    8.162456    0.694632    2.323804    2.319019    2.249039    0.264250    1.252440    2.127024
Iteration: 259 bestvalit: 124.945000 bestmemit:    0.003546    0.007724    0.015746    0.951306    0.298294    0.287062    0.498296    0.209036    0.243007    0.103315    0.257821    4.720343    0.084355    0.024437    0.002920    4.928366    8.162456    0.694632    2.323804    2.319019    2.249039    0.264250    1.252440    2.127024
Iteration: 260 bestvalit: 124.930000 bestmemit:    0.003546    0.007724    0.015746    0.951306    0.298294    0.287062    0.498296    0.209036    0.243007    0.103315    0.257821    4.720343    0.084355    0.024437    0.002920    4.928366    8.162456    0.694632    2.323804    2.319019    2.250896    0.264250    1.252440    2.127024
Iteration: 261 bestvalit: 124.930000 bestmemit:    0.003546    0.007724    0.015746    0.951306    0.298294    0.287062    0.498296    0.209036    0.243007    0.103315    0.257821    4.720343    0.084355    0.024437    0.002920    4.928366    8.162456    0.694632    2.323804    2.319019    2.250896    0.264250    1.252440    2.127024
Iteration: 262 bestvalit: 124.930000 bestmemit:    0.003546    0.007724    0.015746    0.951306    0.298294    0.287062    0.498296    0.209036    0.243007    0.103315    0.257821    4.720343    0.084355    0.024437    0.002920    4.928366    8.162456    0.694632    2.323804    2.319019    2.250896    0.264250    1.252440    2.127024
Iteration: 263 bestvalit: 124.930000 bestmemit:    0.003546    0.007724    0.015746    0.951306    0.298294    0.287062    0.498296    0.209036    0.243007    0.103315    0.257821    4.720343    0.084355    0.024437    0.002920    4.928366    8.162456    0.694632    2.323804    2.319019    2.250896    0.264250    1.252440    2.127024
Iteration: 264 bestvalit: 124.930000 bestmemit:    0.003546    0.007724    0.015746    0.951306    0.298294    0.287062    0.498296    0.209036    0.243007    0.103315    0.257821    4.720343    0.084355    0.024437    0.002920    4.928366    8.162456    0.694632    2.323804    2.319019    2.250896    0.264250    1.252440    2.127024
Iteration: 265 bestvalit: 124.930000 bestmemit:    0.003546    0.007724    0.015746    0.951306    0.298294    0.287062    0.498296    0.209036    0.243007    0.103315    0.257821    4.720343    0.084355    0.024437    0.002920    4.928366    8.162456    0.694632    2.323804    2.319019    2.250896    0.264250    1.252440    2.127024
Iteration: 266 bestvalit: 124.930000 bestmemit:    0.003546    0.007724    0.015746    0.951306    0.298294    0.287062    0.498296    0.209036    0.243007    0.103315    0.257821    4.720343    0.084355    0.024437    0.002920    4.928366    8.162456    0.694632    2.323804    2.319019    2.250896    0.264250    1.252440    2.127024
Iteration: 267 bestvalit: 124.930000 bestmemit:    0.003546    0.007724    0.015746    0.951306    0.298294    0.287062    0.498296    0.209036    0.243007    0.103315    0.257821    4.720343    0.084355    0.024437    0.002920    4.928366    8.162456    0.694632    2.323804    2.319019    2.250896    0.264250    1.252440    2.127024
Iteration: 268 bestvalit: 124.930000 bestmemit:    0.003546    0.007724    0.015746    0.951306    0.298294    0.287062    0.498296    0.209036    0.243007    0.103315    0.257821    4.720343    0.084355    0.024437    0.002920    4.928366    8.162456    0.694632    2.323804    2.319019    2.250896    0.264250    1.252440    2.127024
Iteration: 269 bestvalit: 124.930000 bestmemit:    0.003546    0.007724    0.015746    0.951306    0.298294    0.287062    0.498296    0.209036    0.243007    0.103315    0.257821    4.720343    0.084355    0.024437    0.002920    4.928366    8.162456    0.694632    2.323804    2.319019    2.250896    0.264250    1.252440    2.127024
Iteration: 270 bestvalit: 124.930000 bestmemit:    0.003546    0.007724    0.015746    0.951306    0.298294    0.287062    0.498296    0.209036    0.243007    0.103315    0.257821    4.720343    0.084355    0.024437    0.002920    4.928366    8.162456    0.694632    2.323804    2.319019    2.250896    0.264250    1.252440    2.127024
Iteration: 271 bestvalit: 124.930000 bestmemit:    0.003546    0.007724    0.015746    0.951306    0.298294    0.287062    0.498296    0.209036    0.243007    0.103315    0.257821    4.720343    0.084355    0.024437    0.002920    4.928366    8.162456    0.694632    2.323804    2.319019    2.250896    0.264250    1.252440    2.127024
Iteration: 272 bestvalit: 124.930000 bestmemit:    0.003546    0.007724    0.015746    0.951306    0.298294    0.287062    0.498296    0.209036    0.243007    0.103315    0.257821    4.720343    0.084355    0.024437    0.002920    4.928366    8.162456    0.694632    2.323804    2.319019    2.250896    0.264250    1.252440    2.127024
Iteration: 273 bestvalit: 124.930000 bestmemit:    0.003546    0.007724    0.015746    0.951306    0.298294    0.287062    0.498296    0.209036    0.243007    0.103315    0.257821    4.720343    0.084355    0.024437    0.002920    4.928366    8.162456    0.694632    2.323804    2.319019    2.250896    0.264250    1.252440    2.127024
Iteration: 274 bestvalit: 124.930000 bestmemit:    0.003546    0.007724    0.015746    0.951306    0.298294    0.287062    0.498296    0.209036    0.243007    0.103315    0.257821    4.720343    0.084355    0.024437    0.002920    4.928366    8.162456    0.694632    2.323804    2.319019    2.250896    0.264250    1.252440    2.127024
Iteration: 275 bestvalit: 124.930000 bestmemit:    0.003546    0.007724    0.015746    0.951306    0.298294    0.287062    0.498296    0.209036    0.243007    0.103315    0.257821    4.720343    0.084355    0.024437    0.002920    4.928366    8.162456    0.694632    2.323804    2.319019    2.250896    0.264250    1.252440    2.127024
Iteration: 276 bestvalit: 124.015000 bestmemit:    0.003546    0.007724    0.015746    0.951306    0.298294    0.287062    0.498296    0.209036    0.243007    0.103315    0.257821    4.720343    0.084355    0.024437    0.002920    4.928366    8.162456    0.694632    2.323804    2.319019    2.250896    0.631054    1.252597    2.074538
Iteration: 277 bestvalit: 124.015000 bestmemit:    0.003546    0.007724    0.015746    0.951306    0.298294    0.287062    0.498296    0.209036    0.243007    0.103315    0.257821    4.720343    0.084355    0.024437    0.002920    4.928366    8.162456    0.694632    2.323804    2.319019    2.250896    0.631054    1.252597    2.074538
Iteration: 278 bestvalit: 124.015000 bestmemit:    0.003546    0.007724    0.015746    0.951306    0.298294    0.287062    0.498296    0.209036    0.243007    0.103315    0.257821    4.720343    0.084355    0.024437    0.002920    4.928366    8.162456    0.694632    2.323804    2.319019    2.250896    0.631054    1.252597    2.074538
Iteration: 279 bestvalit: 124.015000 bestmemit:    0.003546    0.007724    0.015746    0.951306    0.298294    0.287062    0.498296    0.209036    0.243007    0.103315    0.257821    4.720343    0.084355    0.024437    0.002920    4.928366    8.162456    0.694632    2.323804    2.319019    2.250896    0.631054    1.252597    2.074538
Iteration: 280 bestvalit: 124.015000 bestmemit:    0.003546    0.007724    0.015746    0.951306    0.298294    0.287062    0.498296    0.209036    0.243007    0.103315    0.257821    4.720343    0.084355    0.024437    0.002920    4.928366    8.162456    0.694632    2.323804    2.319019    2.250896    0.631054    1.252597    2.074538
Iteration: 281 bestvalit: 124.015000 bestmemit:    0.003546    0.007724    0.015746    0.951306    0.298294    0.287062    0.498296    0.209036    0.243007    0.103315    0.257821    4.720343    0.084355    0.024437    0.002920    4.928366    8.162456    0.694632    2.323804    2.319019    2.250896    0.631054    1.252597    2.074538
Iteration: 282 bestvalit: 124.015000 bestmemit:    0.003546    0.007724    0.015746    0.951306    0.298294    0.287062    0.498296    0.209036    0.243007    0.103315    0.257821    4.720343    0.084355    0.024437    0.002920    4.928366    8.162456    0.694632    2.323804    2.319019    2.250896    0.631054    1.252597    2.074538
Iteration: 283 bestvalit: 120.065000 bestmemit:    0.003546    0.007724    0.015746    0.951306    0.298294    0.287062    0.498296    0.209036    0.243007    0.103315    0.257821    4.027659    0.095299    0.024437    0.002920    4.928366    8.162456    0.694632    2.323804    2.319019    2.250896    0.631054    1.252597    2.074538
Iteration: 284 bestvalit: 120.065000 bestmemit:    0.003546    0.007724    0.015746    0.951306    0.298294    0.287062    0.498296    0.209036    0.243007    0.103315    0.257821    4.027659    0.095299    0.024437    0.002920    4.928366    8.162456    0.694632    2.323804    2.319019    2.250896    0.631054    1.252597    2.074538
Iteration: 285 bestvalit: 119.100000 bestmemit:    0.003546    0.007724    0.015746    0.951306    0.298294    0.287062    0.498296    0.209036    0.243007    0.103315    0.257821    4.027659    0.095299    0.024437    0.002920    4.928366    7.386219    0.694632    2.323804    2.319019    2.250896    0.631054    1.252597    2.074538
Iteration: 286 bestvalit: 119.100000 bestmemit:    0.003546    0.007724    0.015746    0.951306    0.298294    0.287062    0.498296    0.209036    0.243007    0.103315    0.257821    4.027659    0.095299    0.024437    0.002920    4.928366    7.386219    0.694632    2.323804    2.319019    2.250896    0.631054    1.252597    2.074538
Iteration: 287 bestvalit: 119.100000 bestmemit:    0.003546    0.007724    0.015746    0.951306    0.298294    0.287062    0.498296    0.209036    0.243007    0.103315    0.257821    4.027659    0.095299    0.024437    0.002920    4.928366    7.386219    0.694632    2.323804    2.319019    2.250896    0.631054    1.252597    2.074538
Iteration: 288 bestvalit: 119.095000 bestmemit:    0.003546    0.007724    0.015746    0.951306    0.298294    0.287062    0.498296    0.209036    0.242796    0.103315    0.257821    4.027659    0.095299    0.024437    0.002920    4.928366    7.386219    0.694632    2.323804    2.319019    2.250896    0.631054    1.252597    2.074538
Iteration: 289 bestvalit: 119.095000 bestmemit:    0.003546    0.007724    0.015746    0.951306    0.298294    0.287062    0.498296    0.209036    0.242796    0.103315    0.257821    4.027659    0.095299    0.024437    0.002920    4.928366    7.386219    0.694632    2.323804    2.319019    2.250896    0.631054    1.252597    2.074538
Iteration: 290 bestvalit: 119.095000 bestmemit:    0.003546    0.007724    0.015746    0.951306    0.298294    0.287062    0.498296    0.209036    0.242796    0.103315    0.257821    4.027659    0.095299    0.024437    0.002920    4.928366    7.386219    0.694632    2.323804    2.319019    2.250896    0.631054    1.252597    2.074538
Iteration: 291 bestvalit: 119.095000 bestmemit:    0.003546    0.007724    0.015746    0.951306    0.298294    0.287062    0.498296    0.209036    0.242796    0.103315    0.257821    4.027659    0.095299    0.024437    0.002920    4.928366    7.386219    0.694632    2.323804    2.319019    2.250896    0.631054    1.252597    2.074538
Iteration: 292 bestvalit: 119.095000 bestmemit:    0.003546    0.007724    0.015746    0.951306    0.298294    0.287062    0.498296    0.209036    0.242796    0.103315    0.257821    4.027659    0.095299    0.024437    0.002920    4.928366    7.386219    0.694632    2.323804    2.319019    2.250896    0.631054    1.252597    2.074538
Iteration: 293 bestvalit: 119.095000 bestmemit:    0.003546    0.007724    0.015746    0.951306    0.298294    0.287062    0.498296    0.209036    0.242796    0.103315    0.257821    4.027659    0.095299    0.024437    0.002920    4.928366    7.386219    0.694632    2.323804    2.319019    2.250896    0.631054    1.252597    2.074538
Iteration: 294 bestvalit: 119.095000 bestmemit:    0.003546    0.007724    0.015746    0.951306    0.298294    0.287062    0.498296    0.209036    0.242796    0.103315    0.257821    4.027659    0.095299    0.024437    0.002920    4.928366    7.386219    0.694632    2.323804    2.319019    2.250896    0.631054    1.252597    2.074538
Iteration: 295 bestvalit: 119.095000 bestmemit:    0.003546    0.007724    0.015746    0.951306    0.298294    0.287062    0.498296    0.209036    0.242796    0.103315    0.257821    4.027659    0.095299    0.024437    0.002920    4.928366    7.386219    0.694632    2.323804    2.319019    2.250896    0.631054    1.252597    2.074538
Iteration: 296 bestvalit: 119.095000 bestmemit:    0.003546    0.007724    0.015746    0.951306    0.298294    0.287062    0.498296    0.209036    0.242796    0.103315    0.257821    4.027659    0.095299    0.024437    0.002920    4.928366    7.386219    0.694632    2.323804    2.319019    2.250896    0.631054    1.252597    2.074538
Iteration: 297 bestvalit: 119.095000 bestmemit:    0.003546    0.007724    0.015746    0.951306    0.298294    0.287062    0.498296    0.209036    0.242796    0.103315    0.257821    4.027659    0.095299    0.024437    0.002920    4.928366    7.386219    0.694632    2.323804    2.319019    2.250896    0.631054    1.252597    2.074538
Iteration: 298 bestvalit: 119.095000 bestmemit:    0.003546    0.007724    0.015746    0.951306    0.298294    0.287062    0.498296    0.209036    0.242796    0.103315    0.257821    4.027659    0.095299    0.024437    0.002920    4.928366    7.386219    0.694632    2.323804    2.319019    2.250896    0.631054    1.252597    2.074538
Iteration: 299 bestvalit: 119.095000 bestmemit:    0.003546    0.007724    0.015746    0.951306    0.298294    0.287062    0.498296    0.209036    0.242796    0.103315    0.257821    4.027659    0.095299    0.024437    0.002920    4.928366    7.386219    0.694632    2.323804    2.319019    2.250896    0.631054    1.252597    2.074538
Iteration: 300 bestvalit: 119.095000 bestmemit:    0.003546    0.007724    0.015746    0.951306    0.298294    0.287062    0.498296    0.209036    0.242796    0.103315    0.257821    4.027659    0.095299    0.024437    0.002920    4.928366    7.386219    0.694632    2.323804    2.319019    2.250896    0.631054    1.252597    2.074538
Iteration: 301 bestvalit: 119.095000 bestmemit:    0.003546    0.007724    0.015746    0.951306    0.298294    0.287062    0.498296    0.209036    0.242796    0.103315    0.257821    4.027659    0.095299    0.024437    0.002920    4.928366    7.386219    0.694632    2.323804    2.319019    2.250896    0.631054    1.252597    2.074538
Iteration: 302 bestvalit: 119.095000 bestmemit:    0.003546    0.007724    0.015746    0.951306    0.298294    0.287062    0.498296    0.209036    0.242796    0.103315    0.257821    4.027659    0.095299    0.024437    0.002920    4.928366    7.386219    0.694632    2.323804    2.319019    2.250896    0.631054    1.252597    2.074538
Iteration: 303 bestvalit: 119.095000 bestmemit:    0.003546    0.007724    0.015746    0.951306    0.298294    0.287062    0.498296    0.209036    0.242796    0.103315    0.257821    4.027659    0.095299    0.024437    0.002920    4.928366    7.386219    0.694632    2.323804    2.319019    2.250896    0.631054    1.252597    2.074538
Iteration: 304 bestvalit: 119.095000 bestmemit:    0.003546    0.007724    0.015746    0.951306    0.298294    0.287062    0.498296    0.209036    0.242796    0.103315    0.257821    4.027659    0.095299    0.024437    0.002920    4.928366    7.386219    0.694632    2.323804    2.319019    2.250896    0.631054    1.252597    2.074538
Iteration: 305 bestvalit: 119.095000 bestmemit:    0.003546    0.007724    0.015746    0.951306    0.298294    0.287062    0.498296    0.209036    0.242796    0.103315    0.257821    4.027659    0.095299    0.024437    0.002920    4.928366    7.386219    0.694632    2.323804    2.319019    2.250896    0.631054    1.252597    2.074538
Iteration: 306 bestvalit: 119.095000 bestmemit:    0.003546    0.007724    0.015746    0.951306    0.298294    0.287062    0.498296    0.209036    0.242796    0.103315    0.257821    4.027659    0.095299    0.024437    0.002920    4.928366    7.386219    0.694632    2.323804    2.319019    2.250896    0.631054    1.252597    2.074538
Iteration: 307 bestvalit: 119.095000 bestmemit:    0.003546    0.007724    0.015746    0.951306    0.298294    0.287062    0.498296    0.209036    0.242796    0.103315    0.257821    4.027659    0.095299    0.024437    0.002920    4.928366    7.386219    0.694632    2.323804    2.319019    2.250896    0.631054    1.252597    2.074538
Iteration: 308 bestvalit: 119.095000 bestmemit:    0.003546    0.007724    0.015746    0.951306    0.298294    0.287062    0.498296    0.209036    0.242796    0.103315    0.257821    4.027659    0.095299    0.024437    0.002920    4.928366    7.386219    0.694632    2.323804    2.319019    2.250896    0.631054    1.252597    2.074538
Iteration: 309 bestvalit: 119.095000 bestmemit:    0.003546    0.007724    0.015746    0.951306    0.298294    0.287062    0.498296    0.209036    0.242796    0.103315    0.257821    4.027659    0.095299    0.024437    0.002920    4.928366    7.386219    0.694632    2.323804    2.319019    2.250896    0.631054    1.252597    2.074538
Iteration: 310 bestvalit: 119.095000 bestmemit:    0.003546    0.007724    0.015746    0.951306    0.298294    0.287062    0.498296    0.209036    0.242796    0.103315    0.257821    4.027659    0.095299    0.024437    0.002920    4.928366    7.386219    0.694632    2.323804    2.319019    2.250896    0.631054    1.252597    2.074538
Iteration: 311 bestvalit: 119.095000 bestmemit:    0.003546    0.007724    0.015746    0.951306    0.298294    0.287062    0.498296    0.209036    0.242796    0.103315    0.257821    4.027659    0.095299    0.024437    0.002920    4.928366    7.386219    0.694632    2.323804    2.319019    2.250896    0.631054    1.252597    2.074538
Iteration: 312 bestvalit: 119.095000 bestmemit:    0.003546    0.007724    0.015746    0.951306    0.298294    0.287062    0.498296    0.209036    0.242796    0.103315    0.257821    4.027659    0.095299    0.024437    0.002920    4.928366    7.386219    0.694632    2.323804    2.319019    2.250896    0.631054    1.252597    2.074538
Iteration: 313 bestvalit: 119.095000 bestmemit:    0.003546    0.007724    0.015746    0.951306    0.298294    0.287062    0.498296    0.209036    0.242796    0.103315    0.257821    4.027659    0.095299    0.024437    0.002920    4.928366    7.386219    0.694632    2.323804    2.319019    2.250896    0.631054    1.252597    2.074538
Iteration: 314 bestvalit: 119.095000 bestmemit:    0.003546    0.007724    0.015746    0.951306    0.298294    0.287062    0.498296    0.209036    0.242796    0.103315    0.257821    4.027659    0.095299    0.024437    0.002920    4.928366    7.386219    0.694632    2.323804    2.319019    2.250896    0.631054    1.252597    2.074538
Iteration: 315 bestvalit: 119.095000 bestmemit:    0.003546    0.007724    0.015746    0.951306    0.298294    0.287062    0.498296    0.209036    0.242796    0.103315    0.257821    4.027659    0.095299    0.024437    0.002920    4.928366    7.386219    0.694632    2.323804    2.319019    2.250896    0.631054    1.252597    2.074538
Iteration: 316 bestvalit: 119.095000 bestmemit:    0.003546    0.007724    0.015746    0.951306    0.298294    0.287062    0.498296    0.209036    0.242796    0.103315    0.257821    4.027659    0.095299    0.024437    0.002920    4.928366    7.386219    0.694632    2.323804    2.319019    2.250896    0.631054    1.252597    2.074538
Iteration: 317 bestvalit: 119.095000 bestmemit:    0.003546    0.007724    0.015746    0.951306    0.298294    0.287062    0.498296    0.209036    0.242796    0.103315    0.257821    4.027659    0.095299    0.024437    0.002920    4.928366    7.386219    0.694632    2.323804    2.319019    2.250896    0.631054    1.252597    2.074538
Iteration: 318 bestvalit: 119.095000 bestmemit:    0.003546    0.007724    0.015746    0.951306    0.298294    0.287062    0.498296    0.209036    0.242796    0.103315    0.257821    4.027659    0.095299    0.024437    0.002920    4.928366    7.386219    0.694632    2.323804    2.319019    2.250896    0.631054    1.252597    2.074538
Iteration: 319 bestvalit: 119.095000 bestmemit:    0.003546    0.007724    0.015746    0.951306    0.298294    0.287062    0.498296    0.209036    0.242796    0.103315    0.257821    4.027659    0.095299    0.024437    0.002920    4.928366    7.386219    0.694632    2.323804    2.319019    2.250896    0.631054    1.252597    2.074538
Iteration: 320 bestvalit: 119.095000 bestmemit:    0.003546    0.007724    0.015746    0.951306    0.298294    0.287062    0.498296    0.209036    0.242796    0.103315    0.257821    4.027659    0.095299    0.024437    0.002920    4.928366    7.386219    0.694632    2.323804    2.319019    2.250896    0.631054    1.252597    2.074538
Iteration: 321 bestvalit: 119.095000 bestmemit:    0.003546    0.007724    0.015746    0.951306    0.298294    0.287062    0.498296    0.209036    0.242796    0.103315    0.257821    4.027659    0.095299    0.024437    0.002920    4.928366    7.386219    0.694632    2.323804    2.319019    2.250896    0.631054    1.252597    2.074538
Iteration: 322 bestvalit: 119.095000 bestmemit:    0.003546    0.007724    0.015746    0.951306    0.298294    0.287062    0.498296    0.209036    0.242796    0.103315    0.257821    4.027659    0.095299    0.024437    0.002920    4.928366    7.386219    0.694632    2.323804    2.319019    2.250896    0.631054    1.252597    2.074538
Iteration: 323 bestvalit: 119.095000 bestmemit:    0.003546    0.007724    0.015746    0.951306    0.298294    0.287062    0.498296    0.209036    0.242796    0.103315    0.257821    4.027659    0.095299    0.024437    0.002920    4.928366    7.386219    0.694632    2.323804    2.319019    2.250896    0.631054    1.252597    2.074538
Iteration: 324 bestvalit: 119.095000 bestmemit:    0.003546    0.007724    0.015746    0.951306    0.298294    0.287062    0.498296    0.209036    0.242796    0.103315    0.257821    4.027659    0.095299    0.024437    0.002920    4.928366    7.386219    0.694632    2.323804    2.319019    2.250896    0.631054    1.252597    2.074538
Iteration: 325 bestvalit: 118.645000 bestmemit:    0.003546    0.007724    0.015746    0.951306    0.298294    0.287062    0.498296    0.209036    0.242796    0.103315    0.257821    4.027659    0.095299    0.024437    0.002920    4.928366    7.386219    0.694632    2.323804    2.319019    2.250896    0.130724    1.252597    2.074538
Iteration: 326 bestvalit: 118.600000 bestmemit:    0.003546    0.007724    0.015746    0.951306    0.298294    0.287062    0.498296    0.209036    0.242796    0.103315    0.257821    4.027659    0.095299    0.024437    0.002912    4.928366    7.386219    0.694632    2.323804    2.319019    2.250896    0.130724    1.252597    2.074538
Iteration: 327 bestvalit: 118.360000 bestmemit:    0.003546    0.007724    0.015746    0.951306    0.298294    0.287062    0.498296    0.209036    0.242796    0.103315    0.257821    4.027659    0.096976    0.024437    0.002912    4.928366    7.386219    0.694632    2.323804    2.319019    2.250896    0.130724    1.252597    2.074538
Iteration: 328 bestvalit: 118.360000 bestmemit:    0.003546    0.007724    0.015746    0.951306    0.298294    0.287062    0.498296    0.209036    0.242796    0.103315    0.257821    4.027659    0.096976    0.024437    0.002912    4.928366    7.386219    0.694632    2.323804    2.319019    2.250896    0.130724    1.252597    2.074538
Iteration: 329 bestvalit: 118.360000 bestmemit:    0.003546    0.007724    0.015746    0.951306    0.298294    0.287062    0.498296    0.209036    0.242796    0.103315    0.257821    4.027659    0.096976    0.024437    0.002912    4.928366    7.386219    0.694632    2.323804    2.319019    2.250896    0.130724    1.252597    2.074538
Iteration: 330 bestvalit: 118.360000 bestmemit:    0.003546    0.007724    0.015746    0.951306    0.298294    0.287062    0.498296    0.209036    0.242796    0.103315    0.257821    4.027659    0.096976    0.024437    0.002912    4.928366    7.386219    0.694632    2.323804    2.319019    2.250896    0.130724    1.252597    2.074538
Iteration: 331 bestvalit: 118.200000 bestmemit:    0.003546    0.007724    0.015746    0.951306    0.298294    0.287062    0.498296    0.209036    0.242796    0.103315    0.257821    4.027659    0.096976    0.024437    0.002912    4.928366    7.386219    0.694632    2.323804    2.319019    2.285798    0.130724    1.252597    2.074538
Iteration: 332 bestvalit: 118.200000 bestmemit:    0.003546    0.007724    0.015746    0.951306    0.298294    0.287062    0.498296    0.209036    0.242796    0.103315    0.257821    4.027659    0.096976    0.024437    0.002912    4.928366    7.386219    0.694632    2.323804    2.319019    2.285798    0.130724    1.252597    2.074538
Iteration: 333 bestvalit: 118.200000 bestmemit:    0.003546    0.007724    0.015746    0.951306    0.298294    0.287062    0.498296    0.209036    0.242796    0.103315    0.257821    4.027659    0.096976    0.024437    0.002912    4.928366    7.386219    0.694632    2.323804    2.319019    2.285798    0.130724    1.252597    2.074538
Iteration: 334 bestvalit: 118.200000 bestmemit:    0.003546    0.007724    0.015746    0.951306    0.298294    0.287062    0.498296    0.209036    0.242796    0.103315    0.257821    4.027659    0.096976    0.024437    0.002912    4.928366    7.386219    0.694632    2.323804    2.319019    2.285798    0.130724    1.252597    2.074538
Iteration: 335 bestvalit: 118.200000 bestmemit:    0.003546    0.007724    0.015746    0.951306    0.298294    0.287062    0.498296    0.209036    0.242796    0.103315    0.257821    4.027659    0.096976    0.024437    0.002912    4.928366    7.386219    0.694632    2.323804    2.319019    2.285798    0.130724    1.252597    2.074538
Iteration: 336 bestvalit: 118.200000 bestmemit:    0.003546    0.007724    0.015746    0.951306    0.298294    0.287062    0.498296    0.209036    0.242796    0.103315    0.257821    4.027659    0.096976    0.024437    0.002912    4.928366    7.386219    0.694632    2.323804    2.319019    2.285798    0.130724    1.252597    2.074538
Iteration: 337 bestvalit: 118.200000 bestmemit:    0.003546    0.007724    0.015746    0.951306    0.298294    0.287062    0.498296    0.209036    0.242796    0.103315    0.257821    4.027659    0.096976    0.024437    0.002912    4.928366    7.386219    0.694632    2.323804    2.319019    2.285798    0.130724    1.252597    2.074538
Iteration: 338 bestvalit: 118.200000 bestmemit:    0.003546    0.007724    0.015746    0.951306    0.298294    0.287062    0.498296    0.209036    0.242796    0.103315    0.257821    4.027659    0.096976    0.024437    0.002912    4.928366    7.386219    0.694632    2.323804    2.319019    2.285798    0.130724    1.252597    2.074538
Iteration: 339 bestvalit: 118.200000 bestmemit:    0.003546    0.007724    0.015746    0.951306    0.298294    0.287062    0.498296    0.209036    0.242796    0.103315    0.257821    4.027659    0.096976    0.024437    0.002912    4.928366    7.386219    0.694632    2.323804    2.319019    2.285798    0.130724    1.252597    2.074538
Iteration: 340 bestvalit: 118.200000 bestmemit:    0.003546    0.007724    0.015746    0.951306    0.298294    0.287062    0.498296    0.209036    0.242796    0.103315    0.257821    4.027659    0.096976    0.024437    0.002912    4.928366    7.386219    0.694632    2.323804    2.319019    2.285798    0.130724    1.252597    2.074538
Iteration: 341 bestvalit: 118.200000 bestmemit:    0.003546    0.007724    0.015746    0.951306    0.298294    0.287062    0.498296    0.209036    0.242796    0.103315    0.257821    4.027659    0.096976    0.024437    0.002912    4.928366    7.386219    0.694632    2.323804    2.319019    2.285798    0.130724    1.252597    2.074538
Iteration: 342 bestvalit: 118.200000 bestmemit:    0.003546    0.007724    0.015746    0.951306    0.298294    0.287062    0.498296    0.209036    0.242796    0.103315    0.257821    4.027659    0.096976    0.024437    0.002912    4.928366    7.386219    0.694632    2.323804    2.319019    2.285798    0.130724    1.252597    2.074538
Iteration: 343 bestvalit: 118.200000 bestmemit:    0.003546    0.007724    0.015746    0.951306    0.298294    0.287062    0.498296    0.209036    0.242796    0.103315    0.257821    4.027659    0.096976    0.024437    0.002912    4.928366    7.386219    0.694632    2.323804    2.319019    2.285798    0.130724    1.252597    2.074538
Iteration: 344 bestvalit: 118.200000 bestmemit:    0.003546    0.007724    0.015746    0.951306    0.298294    0.287062    0.498296    0.209036    0.242796    0.103315    0.257821    4.027659    0.096976    0.024437    0.002912    4.928366    7.386219    0.694632    2.323804    2.319019    2.285798    0.130724    1.252597    2.074538
Iteration: 345 bestvalit: 118.200000 bestmemit:    0.003546    0.007724    0.015746    0.951306    0.298294    0.287062    0.498296    0.209036    0.242796    0.103315    0.257821    4.027659    0.096976    0.024437    0.002912    4.928366    7.386219    0.694632    2.323804    2.319019    2.285798    0.130724    1.252597    2.074538
Iteration: 346 bestvalit: 118.200000 bestmemit:    0.003546    0.007724    0.015746    0.951306    0.298294    0.287062    0.498296    0.209036    0.242796    0.103315    0.257821    4.027659    0.096976    0.024437    0.002912    4.928366    7.386219    0.694632    2.323804    2.319019    2.285798    0.130724    1.252597    2.074538
Iteration: 347 bestvalit: 118.200000 bestmemit:    0.003546    0.007724    0.015746    0.951306    0.298294    0.287062    0.498296    0.209036    0.242796    0.103315    0.257821    4.027659    0.096976    0.024437    0.002912    4.928366    7.386219    0.694632    2.323804    2.319019    2.285798    0.130724    1.252597    2.074538
Iteration: 348 bestvalit: 118.200000 bestmemit:    0.003546    0.007724    0.015746    0.951306    0.298294    0.287062    0.498296    0.209036    0.242796    0.103315    0.257821    4.027659    0.096976    0.024437    0.002912    4.928366    7.386219    0.694632    2.323804    2.319019    2.285798    0.130724    1.252597    2.074538
Iteration: 349 bestvalit: 118.200000 bestmemit:    0.003546    0.007724    0.015746    0.951306    0.298294    0.287062    0.498296    0.209036    0.242796    0.103315    0.257821    4.027659    0.096976    0.024437    0.002912    4.928366    7.386219    0.694632    2.323804    2.319019    2.285798    0.130724    1.252597    2.074538
Iteration: 350 bestvalit: 118.200000 bestmemit:    0.003546    0.007724    0.015746    0.951306    0.298294    0.287062    0.498296    0.209036    0.242796    0.103315    0.257821    4.027659    0.096976    0.024437    0.002912    4.928366    7.386219    0.694632    2.323804    2.319019    2.285798    0.130724    1.252597    2.074538
Iteration: 351 bestvalit: 118.200000 bestmemit:    0.003546    0.007724    0.015746    0.951306    0.298294    0.287062    0.498296    0.209036    0.242796    0.103315    0.257821    4.027659    0.096976    0.024437    0.002912    4.928366    7.386219    0.694632    2.323804    2.319019    2.285798    0.130724    1.252597    2.074538
Iteration: 352 bestvalit: 118.200000 bestmemit:    0.003546    0.007724    0.015746    0.951306    0.298294    0.287062    0.498296    0.209036    0.242796    0.103315    0.257821    4.027659    0.096976    0.024437    0.002912    4.928366    7.386219    0.694632    2.323804    2.319019    2.285798    0.130724    1.252597    2.074538
Iteration: 353 bestvalit: 118.200000 bestmemit:    0.003546    0.007724    0.015746    0.951306    0.298294    0.287062    0.498296    0.209036    0.242796    0.103315    0.257821    4.027659    0.096976    0.024437    0.002912    4.928366    7.386219    0.694632    2.323804    2.319019    2.285798    0.130724    1.252597    2.074538
Iteration: 354 bestvalit: 118.200000 bestmemit:    0.003546    0.007724    0.015746    0.951306    0.298294    0.287062    0.498296    0.209036    0.242796    0.103315    0.257821    4.027659    0.096976    0.024437    0.002912    4.928366    7.386219    0.694632    2.323804    2.319019    2.285798    0.130724    1.252597    2.074538
Iteration: 355 bestvalit: 118.200000 bestmemit:    0.003546    0.007724    0.015746    0.951306    0.298294    0.287062    0.498296    0.209036    0.242796    0.103315    0.257821    4.027659    0.096976    0.024437    0.002912    4.928366    7.386219    0.694632    2.323804    2.319019    2.285798    0.130724    1.252597    2.074538
Iteration: 356 bestvalit: 118.200000 bestmemit:    0.003546    0.007724    0.015746    0.951306    0.298294    0.287062    0.498296    0.209036    0.242796    0.103315    0.257821    4.027659    0.096976    0.024437    0.002912    4.928366    7.386219    0.694632    2.323804    2.319019    2.285798    0.130724    1.252597    2.074538
Iteration: 357 bestvalit: 118.200000 bestmemit:    0.003546    0.007724    0.015746    0.951306    0.298294    0.287062    0.498296    0.209036    0.242796    0.103315    0.257821    4.027659    0.096976    0.024437    0.002912    4.928366    7.386219    0.694632    2.323804    2.319019    2.285798    0.130724    1.252597    2.074538
Iteration: 358 bestvalit: 118.200000 bestmemit:    0.003546    0.007724    0.015746    0.951306    0.298294    0.287062    0.498296    0.209036    0.242796    0.103315    0.257821    4.027659    0.096976    0.024437    0.002912    4.928366    7.386219    0.694632    2.323804    2.319019    2.285798    0.130724    1.252597    2.074538
Iteration: 359 bestvalit: 118.200000 bestmemit:    0.003546    0.007724    0.015746    0.951306    0.298294    0.287062    0.498296    0.209036    0.242796    0.103315    0.257821    4.027659    0.096976    0.024437    0.002912    4.928366    7.386219    0.694632    2.323804    2.319019    2.285798    0.130724    1.252597    2.074538
Iteration: 360 bestvalit: 118.200000 bestmemit:    0.003546    0.007724    0.015746    0.951306    0.298294    0.287062    0.498296    0.209036    0.242796    0.103315    0.257821    4.027659    0.096976    0.024437    0.002912    4.928366    7.386219    0.694632    2.323804    2.319019    2.285798    0.130724    1.252597    2.074538
Iteration: 361 bestvalit: 118.200000 bestmemit:    0.003546    0.007724    0.015746    0.951306    0.298294    0.287062    0.498296    0.209036    0.242796    0.103315    0.257821    4.027659    0.096976    0.024437    0.002912    4.928366    7.386219    0.694632    2.323804    2.319019    2.285798    0.130724    1.252597    2.074538
Iteration: 362 bestvalit: 118.200000 bestmemit:    0.003546    0.007724    0.015746    0.951306    0.298294    0.287062    0.498296    0.209036    0.242796    0.103315    0.257821    4.027659    0.096976    0.024437    0.002912    4.928366    7.386219    0.694632    2.323804    2.319019    2.285798    0.130724    1.252597    2.074538
Iteration: 363 bestvalit: 118.200000 bestmemit:    0.003546    0.007724    0.015746    0.951306    0.298294    0.287062    0.498296    0.209036    0.242796    0.103315    0.257821    4.027659    0.096976    0.024437    0.002912    4.928366    7.386219    0.694632    2.323804    2.319019    2.285798    0.130724    1.252597    2.074538
Iteration: 364 bestvalit: 118.200000 bestmemit:    0.003546    0.007724    0.015746    0.951306    0.298294    0.287062    0.498296    0.209036    0.242796    0.103315    0.257821    4.027659    0.096976    0.024437    0.002912    4.928366    7.386219    0.694632    2.323804    2.319019    2.285798    0.130724    1.252597    2.074538
Iteration: 365 bestvalit: 118.200000 bestmemit:    0.003546    0.007724    0.015746    0.951306    0.298294    0.287062    0.498296    0.209036    0.242796    0.103315    0.257821    4.027659    0.096976    0.024437    0.002912    4.928366    7.386219    0.694632    2.323804    2.319019    2.285798    0.130724    1.252597    2.074538
Iteration: 366 bestvalit: 118.200000 bestmemit:    0.003546    0.007724    0.015746    0.951306    0.298294    0.287062    0.498296    0.209036    0.242796    0.103315    0.257821    4.027659    0.096976    0.024437    0.002912    4.928366    7.386219    0.694632    2.323804    2.319019    2.285798    0.130724    1.252597    2.074538
Iteration: 367 bestvalit: 118.200000 bestmemit:    0.003546    0.007724    0.015746    0.951306    0.298294    0.287062    0.498296    0.209036    0.242796    0.103315    0.257821    4.027659    0.096976    0.024437    0.002912    4.928366    7.386219    0.694632    2.323804    2.319019    2.285798    0.130724    1.252597    2.074538
Iteration: 368 bestvalit: 118.195000 bestmemit:    0.003546    0.007724    0.015746    0.951306    0.298294    0.287062    0.498296    0.155942    0.242796    0.103315    0.257821    4.027659    0.096976    0.024437    0.002912    4.928366    7.386219    0.694632    2.323804    2.319019    2.285798    0.130724    1.252597    2.074538
Iteration: 369 bestvalit: 118.195000 bestmemit:    0.003546    0.007724    0.015746    0.951306    0.298294    0.287062    0.498296    0.155942    0.242796    0.103315    0.257821    4.027659    0.096976    0.024437    0.002912    4.928366    7.386219    0.694632    2.323804    2.319019    2.285798    0.130724    1.252597    2.074538
Iteration: 370 bestvalit: 118.195000 bestmemit:    0.003546    0.007724    0.015746    0.951306    0.298294    0.287062    0.498296    0.155942    0.242796    0.103315    0.257821    4.027659    0.096976    0.024437    0.002912    4.928366    7.386219    0.694632    2.323804    2.319019    2.285798    0.130724    1.252597    2.074538
Iteration: 371 bestvalit: 118.195000 bestmemit:    0.003546    0.007724    0.015746    0.951306    0.298294    0.287062    0.498296    0.155942    0.242796    0.103315    0.257821    4.027659    0.096976    0.024437    0.002912    4.928366    7.386219    0.694632    2.323804    2.319019    2.285798    0.130724    1.252597    2.074538
Iteration: 372 bestvalit: 118.195000 bestmemit:    0.003546    0.007724    0.015746    0.951306    0.298294    0.287062    0.498296    0.155942    0.242796    0.103315    0.257821    4.027659    0.096976    0.024437    0.002912    4.928366    7.386219    0.694632    2.323804    2.319019    2.285798    0.130724    1.252597    2.074538
Iteration: 373 bestvalit: 118.195000 bestmemit:    0.003546    0.007724    0.015746    0.951306    0.298294    0.287062    0.498296    0.155942    0.242796    0.103315    0.257821    4.027659    0.096976    0.024437    0.002912    4.928366    7.386219    0.694632    2.323804    2.319019    2.285798    0.130724    1.252597    2.074538
Iteration: 374 bestvalit: 118.195000 bestmemit:    0.003546    0.007724    0.015746    0.951306    0.298294    0.287062    0.498296    0.155942    0.242796    0.103315    0.257821    4.027659    0.096976    0.024437    0.002912    4.928366    7.386219    0.694632    2.323804    2.319019    2.285798    0.130724    1.252597    2.074538
Iteration: 375 bestvalit: 118.195000 bestmemit:    0.003546    0.007724    0.015746    0.951306    0.298294    0.287062    0.498296    0.155942    0.242796    0.103315    0.257821    4.027659    0.096976    0.024437    0.002912    4.928366    7.386219    0.694632    2.323804    2.319019    2.285798    0.130724    1.252597    2.074538
Iteration: 376 bestvalit: 118.195000 bestmemit:    0.003546    0.007724    0.015746    0.951306    0.298294    0.287062    0.498296    0.155942    0.242796    0.103315    0.257821    4.027659    0.096976    0.024437    0.002912    4.928366    7.386219    0.694632    2.323804    2.319019    2.285798    0.130724    1.252597    2.074538
Iteration: 377 bestvalit: 118.195000 bestmemit:    0.003546    0.007724    0.015746    0.951306    0.298294    0.287062    0.498296    0.155942    0.242796    0.103315    0.257821    4.027659    0.096976    0.024437    0.002912    4.928366    7.386219    0.694632    2.323804    2.319019    2.285798    0.130724    1.252597    2.074538
Iteration: 378 bestvalit: 118.195000 bestmemit:    0.003546    0.007724    0.015746    0.951306    0.298294    0.287062    0.498296    0.155942    0.242796    0.103315    0.257821    4.027659    0.096976    0.024437    0.002912    4.928366    7.386219    0.694632    2.323804    2.319019    2.285798    0.130724    1.252597    2.074538
Iteration: 379 bestvalit: 118.195000 bestmemit:    0.003546    0.007724    0.015746    0.951306    0.298294    0.287062    0.498296    0.155942    0.242796    0.103315    0.257821    4.027659    0.096976    0.024437    0.002912    4.928366    7.386219    0.694632    2.323804    2.319019    2.285798    0.130724    1.252597    2.074538
Iteration: 380 bestvalit: 118.195000 bestmemit:    0.003546    0.007724    0.015746    0.951306    0.298294    0.287062    0.498296    0.155942    0.242796    0.103315    0.257821    4.027659    0.096976    0.024437    0.002912    4.928366    7.386219    0.694632    2.323804    2.319019    2.285798    0.130724    1.252597    2.074538
Iteration: 381 bestvalit: 118.090000 bestmemit:    0.003546    0.007724    0.015746    0.951306    0.298294    0.287062    0.498296    0.155942    0.242796    0.103315    0.257821    4.027659    0.096976    0.022610    0.002912    4.928366    7.386219    0.694632    2.323804    2.319019    2.285798    0.130724    1.252597    2.074538
Iteration: 382 bestvalit: 118.090000 bestmemit:    0.003546    0.007724    0.015746    0.951306    0.298294    0.287062    0.498296    0.155942    0.242796    0.103315    0.257821    4.027659    0.096976    0.022610    0.002912    4.928366    7.386219    0.694632    2.323804    2.319019    2.285798    0.130724    1.252597    2.074538
Iteration: 383 bestvalit: 118.090000 bestmemit:    0.003546    0.007724    0.015746    0.951306    0.298294    0.287062    0.498296    0.155942    0.242796    0.103315    0.257821    4.027659    0.096976    0.022610    0.002912    4.928366    7.386219    0.694632    2.323804    2.319019    2.285798    0.130724    1.252597    2.074538
Iteration: 384 bestvalit: 117.695000 bestmemit:    0.003546    0.007724    0.015746    0.475261    0.295747    0.287062    0.498296    0.155942    0.242796    0.103315    0.257821    4.027659    0.096976    0.022610    0.002912    4.928366    7.386219    0.694632    2.323804    2.319019    2.285798    0.130724    1.252597    2.074538
Iteration: 385 bestvalit: 117.695000 bestmemit:    0.003546    0.007724    0.015746    0.475261    0.295747    0.287062    0.498296    0.155942    0.242796    0.103315    0.257821    4.027659    0.096976    0.022610    0.002912    4.928366    7.386219    0.694632    2.323804    2.319019    2.285798    0.130724    1.252597    2.074538
Iteration: 386 bestvalit: 117.695000 bestmemit:    0.003546    0.007724    0.015746    0.475261    0.295747    0.287062    0.498296    0.155942    0.242796    0.103315    0.257821    4.027659    0.096976    0.022610    0.002912    4.928366    7.386219    0.694632    2.323804    2.319019    2.285798    0.130724    1.252597    2.074538
Iteration: 387 bestvalit: 117.695000 bestmemit:    0.003546    0.007724    0.015746    0.475261    0.295747    0.287062    0.498296    0.155942    0.242796    0.103315    0.257821    4.027659    0.096976    0.022610    0.002912    4.928366    7.386219    0.694632    2.323804    2.319019    2.285798    0.130724    1.252597    2.074538
Iteration: 388 bestvalit: 117.695000 bestmemit:    0.003546    0.007724    0.015746    0.475261    0.295747    0.287062    0.498296    0.155942    0.242796    0.103315    0.257821    4.027659    0.096976    0.022610    0.002912    4.928366    7.386219    0.694632    2.323804    2.319019    2.285798    0.130724    1.252597    2.074538
Iteration: 389 bestvalit: 117.695000 bestmemit:    0.003546    0.007724    0.015746    0.475261    0.295747    0.287062    0.498296    0.155942    0.242796    0.103315    0.257821    4.027659    0.096976    0.022610    0.002912    4.928366    7.386219    0.694632    2.323804    2.319019    2.285798    0.130724    1.252597    2.074538
Iteration: 390 bestvalit: 117.695000 bestmemit:    0.003546    0.007724    0.015746    0.475261    0.295747    0.287062    0.498296    0.155942    0.242796    0.103315    0.257821    4.027659    0.096976    0.022610    0.002912    4.928366    7.386219    0.694632    2.323804    2.319019    2.285798    0.130724    1.252597    2.074538
Iteration: 391 bestvalit: 117.695000 bestmemit:    0.003546    0.007724    0.015746    0.475261    0.295747    0.287062    0.498296    0.155942    0.242796    0.103315    0.257821    4.027659    0.096976    0.022610    0.002912    4.928366    7.386219    0.694632    2.323804    2.319019    2.285798    0.130724    1.252597    2.074538
Iteration: 392 bestvalit: 117.695000 bestmemit:    0.003546    0.007724    0.015746    0.475261    0.295747    0.287062    0.498296    0.155942    0.242796    0.103315    0.257821    4.027659    0.096976    0.022610    0.002912    4.928366    7.386219    0.694632    2.323804    2.319019    2.285798    0.130724    1.252597    2.074538
Iteration: 393 bestvalit: 117.695000 bestmemit:    0.003546    0.007724    0.015746    0.475261    0.295747    0.287062    0.498296    0.155942    0.242796    0.103315    0.257821    4.027659    0.096976    0.022610    0.002912    4.928366    7.386219    0.694632    2.323804    2.319019    2.285798    0.130724    1.252597    2.074538
Iteration: 394 bestvalit: 117.695000 bestmemit:    0.003546    0.007724    0.015746    0.475261    0.295747    0.287062    0.498296    0.155942    0.242796    0.103315    0.257821    4.027659    0.096976    0.022610    0.002912    4.928366    7.386219    0.694632    2.323804    2.319019    2.285798    0.130724    1.252597    2.074538
Iteration: 395 bestvalit: 117.695000 bestmemit:    0.003546    0.007724    0.015746    0.475261    0.295747    0.287062    0.498296    0.155942    0.242796    0.103315    0.257821    4.027659    0.096976    0.022610    0.002912    4.928366    7.386219    0.694632    2.323804    2.319019    2.285798    0.130724    1.252597    2.074538
Iteration: 396 bestvalit: 117.695000 bestmemit:    0.003546    0.007724    0.015746    0.475261    0.295747    0.287062    0.498296    0.155942    0.242796    0.103315    0.257821    4.027659    0.096976    0.022610    0.002912    4.928366    7.386219    0.694632    2.323804    2.319019    2.285798    0.130724    1.252597    2.074538
Iteration: 397 bestvalit: 117.695000 bestmemit:    0.003546    0.007724    0.015746    0.475261    0.295747    0.287062    0.498296    0.155942    0.242796    0.103315    0.257821    4.027659    0.096976    0.022610    0.002912    4.928366    7.386219    0.694632    2.323804    2.319019    2.285798    0.130724    1.252597    2.074538
Iteration: 398 bestvalit: 117.695000 bestmemit:    0.003546    0.007724    0.015746    0.475261    0.295747    0.287062    0.498296    0.155942    0.242796    0.103315    0.257821    4.027659    0.096976    0.022610    0.002912    4.928366    7.386219    0.694632    2.323804    2.319019    2.285798    0.130724    1.252597    2.074538
Iteration: 399 bestvalit: 117.695000 bestmemit:    0.003546    0.007724    0.015746    0.475261    0.295747    0.287062    0.498296    0.155942    0.242796    0.103315    0.257821    4.027659    0.096976    0.022610    0.002912    4.928366    7.386219    0.694632    2.323804    2.319019    2.285798    0.130724    1.252597    2.074538
Iteration: 400 bestvalit: 117.695000 bestmemit:    0.003546    0.007724    0.015746    0.475261    0.295747    0.287062    0.498296    0.155942    0.242796    0.103315    0.257821    4.027659    0.096976    0.022610    0.002912    4.928366    7.386219    0.694632    2.323804    2.319019    2.285798    0.130724    1.252597    2.074538
Iteration: 401 bestvalit: 117.695000 bestmemit:    0.003546    0.007724    0.015746    0.475261    0.295747    0.287062    0.498296    0.155942    0.242796    0.103315    0.257821    4.027659    0.096976    0.022610    0.002912    4.928366    7.386219    0.694632    2.323804    2.319019    2.285798    0.130724    1.252597    2.074538
Iteration: 402 bestvalit: 117.695000 bestmemit:    0.003546    0.007724    0.015746    0.475261    0.295747    0.287062    0.498296    0.155942    0.242796    0.103315    0.257821    4.027659    0.096976    0.022610    0.002912    4.928366    7.386219    0.694632    2.323804    2.319019    2.285798    0.130724    1.252597    2.074538
Iteration: 403 bestvalit: 117.695000 bestmemit:    0.003546    0.007724    0.015746    0.475261    0.295747    0.287062    0.498296    0.155942    0.242796    0.103315    0.257821    4.027659    0.096976    0.022610    0.002912    4.928366    7.386219    0.694632    2.323804    2.319019    2.285798    0.130724    1.252597    2.074538
Iteration: 404 bestvalit: 117.695000 bestmemit:    0.003546    0.007724    0.015746    0.475261    0.295747    0.287062    0.498296    0.155942    0.242796    0.103315    0.257821    4.027659    0.096976    0.022610    0.002912    4.928366    7.386219    0.694632    2.323804    2.319019    2.285798    0.130724    1.252597    2.074538
Iteration: 405 bestvalit: 117.695000 bestmemit:    0.003546    0.007724    0.015746    0.475261    0.295747    0.287062    0.498296    0.155942    0.242796    0.103315    0.257821    4.027659    0.096976    0.022610    0.002912    4.928366    7.386219    0.694632    2.323804    2.319019    2.285798    0.130724    1.252597    2.074538
Iteration: 406 bestvalit: 117.625000 bestmemit:    0.003546    0.007724    0.015746    0.475261    0.295747    0.287062    0.498296    0.155942    0.242796    0.103315    0.257821    4.726974    0.096976    0.022610    0.002912    4.928366    7.386219    0.694632    2.323804    2.319019    2.285798    0.130724    1.252597    2.074538
Iteration: 407 bestvalit: 117.625000 bestmemit:    0.003546    0.007724    0.015746    0.475261    0.295747    0.287062    0.498296    0.155942    0.242796    0.103315    0.257821    4.726974    0.096976    0.022610    0.002912    4.928366    7.386219    0.694632    2.323804    2.319019    2.285798    0.130724    1.252597    2.074538
Iteration: 408 bestvalit: 117.625000 bestmemit:    0.003546    0.007724    0.015746    0.475261    0.295747    0.287062    0.498296    0.155942    0.242796    0.103315    0.257821    4.726974    0.096976    0.022610    0.002912    4.928366    7.386219    0.694632    2.323804    2.319019    2.285798    0.130724    1.252597    2.074538
Iteration: 409 bestvalit: 117.625000 bestmemit:    0.003546    0.007724    0.015746    0.475261    0.295747    0.287062    0.498296    0.155942    0.242796    0.103315    0.257821    4.726974    0.096976    0.022610    0.002912    4.928366    7.386219    0.694632    2.323804    2.319019    2.285798    0.130724    1.252597    2.074538
Iteration: 410 bestvalit: 117.625000 bestmemit:    0.003546    0.007724    0.015746    0.475261    0.295747    0.287062    0.498296    0.155942    0.242796    0.103315    0.257821    4.726974    0.096976    0.022610    0.002912    4.928366    7.386219    0.694632    2.323804    2.319019    2.285798    0.130724    1.252597    2.074538
Iteration: 411 bestvalit: 117.625000 bestmemit:    0.003546    0.007724    0.015746    0.475261    0.295747    0.287062    0.498296    0.155942    0.242796    0.103315    0.257821    4.726974    0.096976    0.022610    0.002912    4.928366    7.386219    0.694632    2.323804    2.319019    2.285798    0.130724    1.252597    2.074538
Iteration: 412 bestvalit: 117.625000 bestmemit:    0.003546    0.007724    0.015746    0.475261    0.295747    0.287062    0.498296    0.155942    0.242796    0.103315    0.257821    4.726974    0.096976    0.022610    0.002912    4.928366    7.386219    0.694632    2.323804    2.319019    2.285798    0.130724    1.252597    2.074538
Iteration: 413 bestvalit: 117.625000 bestmemit:    0.003546    0.007724    0.015746    0.475261    0.295747    0.287062    0.498296    0.155942    0.242796    0.103315    0.257821    4.726974    0.096976    0.022610    0.002912    4.928366    7.386219    0.694632    2.323804    2.319019    2.285798    0.130724    1.252597    2.074538
Iteration: 414 bestvalit: 117.625000 bestmemit:    0.003546    0.007724    0.015746    0.475261    0.295747    0.287062    0.498296    0.155942    0.242796    0.103315    0.257821    4.726974    0.096976    0.022610    0.002912    4.928366    7.386219    0.694632    2.323804    2.319019    2.285798    0.130724    1.252597    2.074538
Iteration: 415 bestvalit: 117.625000 bestmemit:    0.003546    0.007724    0.015746    0.475261    0.295747    0.287062    0.498296    0.155942    0.242796    0.103315    0.257821    4.726974    0.096976    0.022610    0.002912    4.928366    7.386219    0.694632    2.323804    2.319019    2.285798    0.130724    1.252597    2.074538
Iteration: 416 bestvalit: 117.625000 bestmemit:    0.003546    0.007724    0.015746    0.475261    0.295747    0.287062    0.498296    0.155942    0.242796    0.103315    0.257821    4.726974    0.096976    0.022610    0.002912    4.928366    7.386219    0.694632    2.323804    2.319019    2.285798    0.130724    1.252597    2.074538
Iteration: 417 bestvalit: 117.625000 bestmemit:    0.003546    0.007724    0.015746    0.475261    0.295747    0.287062    0.498296    0.155942    0.242796    0.103315    0.257821    4.726974    0.096976    0.022610    0.002912    4.928366    7.386219    0.694632    2.323804    2.319019    2.285798    0.130724    1.252597    2.074538
Iteration: 418 bestvalit: 117.625000 bestmemit:    0.003546    0.007724    0.015746    0.475261    0.295747    0.287062    0.498296    0.155942    0.242796    0.103315    0.257821    4.726974    0.096976    0.022610    0.002912    4.928366    7.386219    0.694632    2.323804    2.319019    2.285798    0.130724    1.252597    2.074538
Iteration: 419 bestvalit: 117.625000 bestmemit:    0.003546    0.007724    0.015746    0.475261    0.295747    0.287062    0.498296    0.155942    0.242796    0.103315    0.257821    4.726974    0.096976    0.022610    0.002912    4.928366    7.386219    0.694632    2.323804    2.319019    2.285798    0.130724    1.252597    2.074538
Iteration: 420 bestvalit: 117.625000 bestmemit:    0.003546    0.007724    0.015746    0.475261    0.295747    0.287062    0.498296    0.155942    0.242796    0.103315    0.257821    4.726974    0.096976    0.022610    0.002912    4.928366    7.386219    0.694632    2.323804    2.319019    2.285798    0.130724    1.252597    2.074538
Iteration: 421 bestvalit: 117.625000 bestmemit:    0.003546    0.007724    0.015746    0.475261    0.295747    0.287062    0.498296    0.155942    0.242796    0.103315    0.257821    4.726974    0.096976    0.022610    0.002912    4.928366    7.386219    0.694632    2.323804    2.319019    2.285798    0.130724    1.252597    2.074538
Iteration: 422 bestvalit: 117.625000 bestmemit:    0.003546    0.007724    0.015746    0.475261    0.295747    0.287062    0.498296    0.155942    0.242796    0.103315    0.257821    4.726974    0.096976    0.022610    0.002912    4.928366    7.386219    0.694632    2.323804    2.319019    2.285798    0.130724    1.252597    2.074538
Iteration: 423 bestvalit: 117.625000 bestmemit:    0.003546    0.007724    0.015746    0.475261    0.295747    0.287062    0.498296    0.155942    0.242796    0.103315    0.257821    4.726974    0.096976    0.022610    0.002912    4.928366    7.386219    0.694632    2.323804    2.319019    2.285798    0.130724    1.252597    2.074538
Iteration: 424 bestvalit: 117.625000 bestmemit:    0.003546    0.007724    0.015746    0.475261    0.295747    0.287062    0.498296    0.155942    0.242796    0.103315    0.257821    4.726974    0.096976    0.022610    0.002912    4.928366    7.386219    0.694632    2.323804    2.319019    2.285798    0.130724    1.252597    2.074538
Iteration: 425 bestvalit: 117.625000 bestmemit:    0.003546    0.007724    0.015746    0.475261    0.295747    0.287062    0.498296    0.155942    0.242796    0.103315    0.257821    4.726974    0.096976    0.022610    0.002912    4.928366    7.386219    0.694632    2.323804    2.319019    2.285798    0.130724    1.252597    2.074538
Iteration: 426 bestvalit: 117.625000 bestmemit:    0.003546    0.007724    0.015746    0.475261    0.295747    0.287062    0.498296    0.155942    0.242796    0.103315    0.257821    4.726974    0.096976    0.022610    0.002912    4.928366    7.386219    0.694632    2.323804    2.319019    2.285798    0.130724    1.252597    2.074538
Iteration: 427 bestvalit: 117.625000 bestmemit:    0.003546    0.007724    0.015746    0.475261    0.295747    0.287062    0.498296    0.155942    0.242796    0.103315    0.257821    4.726974    0.096976    0.022610    0.002912    4.928366    7.386219    0.694632    2.323804    2.319019    2.285798    0.130724    1.252597    2.074538
Iteration: 428 bestvalit: 117.625000 bestmemit:    0.003546    0.007724    0.015746    0.475261    0.295747    0.287062    0.498296    0.155942    0.242796    0.103315    0.257821    4.726974    0.096976    0.022610    0.002912    4.928366    7.386219    0.694632    2.323804    2.319019    2.285798    0.130724    1.252597    2.074538
Iteration: 429 bestvalit: 117.625000 bestmemit:    0.003546    0.007724    0.015746    0.475261    0.295747    0.287062    0.498296    0.155942    0.242796    0.103315    0.257821    4.726974    0.096976    0.022610    0.002912    4.928366    7.386219    0.694632    2.323804    2.319019    2.285798    0.130724    1.252597    2.074538
Iteration: 430 bestvalit: 117.625000 bestmemit:    0.003546    0.007724    0.015746    0.475261    0.295747    0.287062    0.498296    0.155942    0.242796    0.103315    0.257821    4.726974    0.096976    0.022610    0.002912    4.928366    7.386219    0.694632    2.323804    2.319019    2.285798    0.130724    1.252597    2.074538
Iteration: 431 bestvalit: 117.625000 bestmemit:    0.003546    0.007724    0.015746    0.475261    0.295747    0.287062    0.498296    0.155942    0.242796    0.103315    0.257821    4.726974    0.096976    0.022610    0.002912    4.928366    7.386219    0.694632    2.323804    2.319019    2.285798    0.130724    1.252597    2.074538
Iteration: 432 bestvalit: 117.625000 bestmemit:    0.003546    0.007724    0.015746    0.475261    0.295747    0.287062    0.498296    0.155942    0.242796    0.103315    0.257821    4.726974    0.096976    0.022610    0.002912    4.928366    7.386219    0.694632    2.323804    2.319019    2.285798    0.130724    1.252597    2.074538
Iteration: 433 bestvalit: 117.625000 bestmemit:    0.003546    0.007724    0.015746    0.475261    0.295747    0.287062    0.498296    0.155942    0.242796    0.103315    0.257821    4.726974    0.096976    0.022610    0.002912    4.928366    7.386219    0.694632    2.323804    2.319019    2.285798    0.130724    1.252597    2.074538
Iteration: 434 bestvalit: 117.625000 bestmemit:    0.003546    0.007724    0.015746    0.475261    0.295747    0.287062    0.498296    0.155942    0.242796    0.103315    0.257821    4.726974    0.096976    0.022610    0.002912    4.928366    7.386219    0.694632    2.323804    2.319019    2.285798    0.130724    1.252597    2.074538
Iteration: 435 bestvalit: 117.625000 bestmemit:    0.003546    0.007724    0.015746    0.475261    0.295747    0.287062    0.498296    0.155942    0.242796    0.103315    0.257821    4.726974    0.096976    0.022610    0.002912    4.928366    7.386219    0.694632    2.323804    2.319019    2.285798    0.130724    1.252597    2.074538
Iteration: 436 bestvalit: 117.625000 bestmemit:    0.003546    0.007724    0.015746    0.475261    0.295747    0.287062    0.498296    0.155942    0.242796    0.103315    0.257821    4.726974    0.096976    0.022610    0.002912    4.928366    7.386219    0.694632    2.323804    2.319019    2.285798    0.130724    1.252597    2.074538
Iteration: 437 bestvalit: 117.625000 bestmemit:    0.003546    0.007724    0.015746    0.475261    0.295747    0.287062    0.498296    0.155942    0.242796    0.103315    0.257821    4.726974    0.096976    0.022610    0.002912    4.928366    7.386219    0.694632    2.323804    2.319019    2.285798    0.130724    1.252597    2.074538
Iteration: 438 bestvalit: 117.625000 bestmemit:    0.003546    0.007724    0.015746    0.475261    0.295747    0.287062    0.498296    0.155942    0.242796    0.103315    0.257821    4.726974    0.096976    0.022610    0.002912    4.928366    7.386219    0.694632    2.323804    2.319019    2.285798    0.130724    1.252597    2.074538
Iteration: 439 bestvalit: 117.625000 bestmemit:    0.003546    0.007724    0.015746    0.475261    0.295747    0.287062    0.498296    0.155942    0.242796    0.103315    0.257821    4.726974    0.096976    0.022610    0.002912    4.928366    7.386219    0.694632    2.323804    2.319019    2.285798    0.130724    1.252597    2.074538
Iteration: 440 bestvalit: 117.625000 bestmemit:    0.003546    0.007724    0.015746    0.475261    0.295747    0.287062    0.498296    0.155942    0.242796    0.103315    0.257821    4.726974    0.096976    0.022610    0.002912    4.928366    7.386219    0.694632    2.323804    2.319019    2.285798    0.130724    1.252597    2.074538
Iteration: 441 bestvalit: 117.625000 bestmemit:    0.003546    0.007724    0.015746    0.475261    0.295747    0.287062    0.498296    0.155942    0.242796    0.103315    0.257821    4.726974    0.096976    0.022610    0.002912    4.928366    7.386219    0.694632    2.323804    2.319019    2.285798    0.130724    1.252597    2.074538
Iteration: 442 bestvalit: 117.625000 bestmemit:    0.003546    0.007724    0.015746    0.475261    0.295747    0.287062    0.498296    0.155942    0.242796    0.103315    0.257821    4.726974    0.096976    0.022610    0.002912    4.928366    7.386219    0.694632    2.323804    2.319019    2.285798    0.130724    1.252597    2.074538
Iteration: 443 bestvalit: 117.625000 bestmemit:    0.003546    0.007724    0.015746    0.475261    0.295747    0.287062    0.498296    0.155942    0.242796    0.103315    0.257821    4.726974    0.096976    0.022610    0.002912    4.928366    7.386219    0.694632    2.323804    2.319019    2.285798    0.130724    1.252597    2.074538
Iteration: 444 bestvalit: 117.625000 bestmemit:    0.003546    0.007724    0.015746    0.475261    0.295747    0.287062    0.498296    0.155942    0.242796    0.103315    0.257821    4.726974    0.096976    0.022610    0.002912    4.928366    7.386219    0.694632    2.323804    2.319019    2.285798    0.130724    1.252597    2.074538
Iteration: 445 bestvalit: 117.625000 bestmemit:    0.003546    0.007724    0.015746    0.475261    0.295747    0.287062    0.498296    0.155942    0.242796    0.103315    0.257821    4.726974    0.096976    0.022610    0.002912    4.928366    7.386219    0.694632    2.323804    2.319019    2.285798    0.130724    1.252597    2.074538
Iteration: 446 bestvalit: 117.625000 bestmemit:    0.003546    0.007724    0.015746    0.475261    0.295747    0.287062    0.498296    0.155942    0.242796    0.103315    0.257821    4.726974    0.096976    0.022610    0.002912    4.928366    7.386219    0.694632    2.323804    2.319019    2.285798    0.130724    1.252597    2.074538
Iteration: 447 bestvalit: 117.625000 bestmemit:    0.003546    0.007724    0.015746    0.475261    0.295747    0.287062    0.498296    0.155942    0.242796    0.103315    0.257821    4.726974    0.096976    0.022610    0.002912    4.928366    7.386219    0.694632    2.323804    2.319019    2.285798    0.130724    1.252597    2.074538
Iteration: 448 bestvalit: 117.625000 bestmemit:    0.003546    0.007724    0.015746    0.475261    0.295747    0.287062    0.498296    0.155942    0.242796    0.103315    0.257821    4.726974    0.096976    0.022610    0.002912    4.928366    7.386219    0.694632    2.323804    2.319019    2.285798    0.130724    1.252597    2.074538
Iteration: 449 bestvalit: 117.625000 bestmemit:    0.003546    0.007724    0.015746    0.475261    0.295747    0.287062    0.498296    0.155942    0.242796    0.103315    0.257821    4.726974    0.096976    0.022610    0.002912    4.928366    7.386219    0.694632    2.323804    2.319019    2.285798    0.130724    1.252597    2.074538
Iteration: 450 bestvalit: 117.625000 bestmemit:    0.003546    0.007724    0.015746    0.475261    0.295747    0.287062    0.498296    0.155942    0.242796    0.103315    0.257821    4.726974    0.096976    0.022610    0.002912    4.928366    7.386219    0.694632    2.323804    2.319019    2.285798    0.130724    1.252597    2.074538
Iteration: 451 bestvalit: 117.625000 bestmemit:    0.003546    0.007724    0.015746    0.475261    0.295747    0.287062    0.498296    0.155942    0.242796    0.103315    0.257821    4.726974    0.096976    0.022610    0.002912    4.928366    7.386219    0.694632    2.323804    2.319019    2.285798    0.130724    1.252597    2.074538
Iteration: 452 bestvalit: 117.625000 bestmemit:    0.003546    0.007724    0.015746    0.475261    0.295747    0.287062    0.498296    0.155942    0.242796    0.103315    0.257821    4.726974    0.096976    0.022610    0.002912    4.928366    7.386219    0.694632    2.323804    2.319019    2.285798    0.130724    1.252597    2.074538
Iteration: 453 bestvalit: 117.625000 bestmemit:    0.003546    0.007724    0.015746    0.475261    0.295747    0.287062    0.498296    0.155942    0.242796    0.103315    0.257821    4.726974    0.096976    0.022610    0.002912    4.928366    7.386219    0.694632    2.323804    2.319019    2.285798    0.130724    1.252597    2.074538
Iteration: 454 bestvalit: 117.625000 bestmemit:    0.003546    0.007724    0.015746    0.475261    0.295747    0.287062    0.498296    0.155942    0.242796    0.103315    0.257821    4.725268    0.096976    0.022610    0.002912    4.928366    7.386219    0.694632    2.323804    2.319019    2.285798    0.130724    1.252597    2.074538
Iteration: 455 bestvalit: 117.625000 bestmemit:    0.003546    0.007724    0.015746    0.475261    0.295747    0.287062    0.498296    0.155942    0.242796    0.103315    0.257821    4.725268    0.096976    0.022610    0.002912    4.928366    7.386219    0.694632    2.323804    2.319019    2.285798    0.130724    1.252597    2.074538
Iteration: 456 bestvalit: 117.625000 bestmemit:    0.003546    0.007724    0.015746    0.475261    0.295747    0.287062    0.498296    0.155942    0.242796    0.103315    0.257821    4.725268    0.096976    0.022610    0.002912    4.928366    7.386219    0.694632    2.323804    2.319019    2.285798    0.130724    1.252597    2.074538
Iteration: 457 bestvalit: 117.625000 bestmemit:    0.003546    0.007724    0.015746    0.475261    0.295747    0.287062    0.498296    0.155942    0.242796    0.103315    0.257821    4.725268    0.096976    0.022610    0.002912    4.928366    7.386219    0.694632    2.323804    2.319019    2.285798    0.130724    1.252597    2.074538
Iteration: 458 bestvalit: 117.625000 bestmemit:    0.003546    0.007724    0.015746    0.475261    0.295747    0.287062    0.498296    0.155942    0.242796    0.103315    0.257821    4.725268    0.096976    0.022610    0.002912    4.928366    7.386219    0.694632    2.323804    2.319019    2.285798    0.130724    1.252597    2.074538
Iteration: 459 bestvalit: 117.625000 bestmemit:    0.003546    0.007724    0.015746    0.475261    0.295747    0.287062    0.498296    0.155942    0.242796    0.103315    0.257821    4.725268    0.096976    0.022610    0.002912    4.928366    7.386219    0.694632    2.323804    2.319019    2.285798    0.130724    1.252597    2.074538
Iteration: 460 bestvalit: 117.625000 bestmemit:    0.003546    0.007724    0.015746    0.475261    0.295747    0.287062    0.498296    0.155942    0.242796    0.103315    0.257821    4.725268    0.096976    0.022610    0.002912    4.928366    7.386219    0.694632    2.323804    2.319019    2.285798    0.130724    1.252597    2.074538
Iteration: 461 bestvalit: 117.625000 bestmemit:    0.003546    0.007724    0.015746    0.475261    0.295747    0.287062    0.498296    0.155942    0.242796    0.103315    0.257821    4.725268    0.096976    0.022610    0.002912    4.928366    7.386219    0.694632    2.323804    2.319019    2.285798    0.130724    1.252597    2.074538
Iteration: 462 bestvalit: 117.625000 bestmemit:    0.003546    0.007724    0.015746    0.475261    0.295747    0.287062    0.498296    0.155942    0.242796    0.103315    0.257821    4.725268    0.096976    0.022610    0.002912    4.928366    7.386219    0.694632    2.323804    2.319019    2.285798    0.130724    1.252597    2.074538
Iteration: 463 bestvalit: 117.580000 bestmemit:    0.003546    0.007724    0.015746    0.475261    0.295747    0.287062    0.498296    0.155942    0.242796    0.103315    0.257821    4.725268    0.096976    0.022610    0.002912    4.928366    7.386219    0.694632    2.323804    2.319019    2.285798    0.130724    1.252597    2.029704
Iteration: 464 bestvalit: 117.475000 bestmemit:    0.003546    0.007724    0.015746    0.475261    0.295747    0.287062    0.498296    0.155942    0.242796    0.103315    0.257821    4.725268    0.096976    0.022610    0.002912    4.928366    7.386219    0.694632    2.323804    2.319019    2.285798    0.003285    1.252597    2.029704
Iteration: 465 bestvalit: 117.475000 bestmemit:    0.003546    0.007724    0.015746    0.475261    0.295747    0.287062    0.498296    0.155942    0.242796    0.103315    0.257821    4.725268    0.096976    0.022610    0.002912    4.928366    7.386219    0.694632    2.323804    2.319019    2.285798    0.003285    1.252597    2.029704
Iteration: 466 bestvalit: 117.470000 bestmemit:    0.003546    0.007724    0.015746    0.475261    0.295747    0.287062    0.498296    0.155942    0.242796    0.103315    0.257821    4.725268    0.096976    0.022610    0.002912    4.928366    7.386219    0.694632    2.323804    2.319019    2.296897    0.063789    1.252597    2.029704
Iteration: 467 bestvalit: 117.470000 bestmemit:    0.003546    0.007724    0.015746    0.475261    0.295747    0.287062    0.498296    0.155942    0.242796    0.103315    0.257821    4.725268    0.096976    0.022610    0.002912    4.928366    7.386219    0.694632    2.323804    2.319019    2.296897    0.063789    1.252597    2.029704
Iteration: 468 bestvalit: 117.470000 bestmemit:    0.003546    0.007724    0.015746    0.475261    0.295747    0.287062    0.498296    0.155942    0.242796    0.103315    0.257821    4.725268    0.096976    0.022610    0.002912    4.928366    7.386219    0.694632    2.323804    2.319019    2.296897    0.063789    1.252597    2.029704
Iteration: 469 bestvalit: 117.470000 bestmemit:    0.003546    0.007724    0.015746    0.475261    0.295747    0.287062    0.498296    0.155942    0.242796    0.103315    0.257821    4.725268    0.096976    0.022610    0.002912    4.928366    7.386219    0.694632    2.323804    2.319019    2.296897    0.063789    1.252597    2.029704
Iteration: 470 bestvalit: 117.470000 bestmemit:    0.003546    0.007724    0.015746    0.475261    0.295747    0.287062    0.498296    0.155942    0.242796    0.103315    0.257821    4.725268    0.096976    0.022610    0.002912    4.928366    7.386219    0.694632    2.323804    2.319019    2.296897    0.063789    1.252597    2.029704
Iteration: 471 bestvalit: 117.470000 bestmemit:    0.003546    0.007724    0.015746    0.475261    0.295747    0.287062    0.498296    0.155942    0.242796    0.103315    0.257821    4.725268    0.096976    0.022610    0.002912    4.928366    7.386219    0.694632    2.323804    2.319019    2.296897    0.063789    1.252597    2.029704
Iteration: 472 bestvalit: 117.470000 bestmemit:    0.003546    0.007724    0.015746    0.475261    0.295747    0.287062    0.498296    0.155942    0.242796    0.103315    0.257821    4.725268    0.096976    0.022610    0.002912    4.928366    7.386219    0.694632    2.323804    2.319019    2.296897    0.063789    1.252597    2.029704
Iteration: 473 bestvalit: 117.470000 bestmemit:    0.003546    0.007724    0.015746    0.475261    0.295747    0.287062    0.498296    0.155942    0.242796    0.103315    0.257821    4.725268    0.096976    0.022610    0.002912    4.928366    7.386219    0.694632    2.323804    2.319019    2.296897    0.063789    1.252597    2.029704
Iteration: 474 bestvalit: 117.470000 bestmemit:    0.003546    0.007724    0.015746    0.475261    0.295747    0.287062    0.498296    0.155942    0.242796    0.103315    0.257821    4.725268    0.096976    0.022610    0.002912    4.928366    7.386219    0.694632    2.323804    2.319019    2.296897    0.063789    1.252597    2.029704
Iteration: 475 bestvalit: 117.470000 bestmemit:    0.003546    0.007724    0.015746    0.475261    0.295747    0.287062    0.498296    0.155942    0.242796    0.103315    0.257821    4.725268    0.096976    0.022610    0.002912    4.928366    7.386219    0.694632    2.323804    2.319019    2.296897    0.063789    1.252597    2.029704
Iteration: 476 bestvalit: 117.470000 bestmemit:    0.003546    0.007724    0.015746    0.475261    0.295747    0.287062    0.498296    0.155942    0.242796    0.103315    0.257821    4.725268    0.096976    0.022610    0.002912    4.928366    7.386219    0.694632    2.323804    2.319019    2.296897    0.063789    1.252597    2.029704
Iteration: 477 bestvalit: 117.470000 bestmemit:    0.003546    0.007724    0.015746    0.475261    0.295747    0.287062    0.498296    0.155942    0.242796    0.103315    0.257821    4.725268    0.096976    0.022610    0.002912    4.928366    7.386219    0.694632    2.323804    2.319019    2.296897    0.063789    1.252597    2.029704
Iteration: 478 bestvalit: 117.470000 bestmemit:    0.003546    0.007724    0.015746    0.475261    0.295747    0.287062    0.498296    0.155942    0.242796    0.103315    0.257821    4.725268    0.096976    0.022610    0.002912    4.928366    7.386219    0.694632    2.323804    2.319019    2.296897    0.063789    1.252597    2.029704
Iteration: 479 bestvalit: 117.470000 bestmemit:    0.003546    0.007724    0.015746    0.475261    0.295747    0.287062    0.498296    0.155942    0.242796    0.103315    0.257821    4.725268    0.096976    0.022610    0.002912    4.928366    7.386219    0.694632    2.323804    2.319019    2.296897    0.063789    1.252597    2.029704
Iteration: 480 bestvalit: 117.470000 bestmemit:    0.003546    0.007724    0.015746    0.475261    0.295747    0.287062    0.498296    0.155942    0.242796    0.103315    0.257821    4.725268    0.096976    0.022610    0.002912    4.928366    7.386219    0.694632    2.323804    2.319019    2.296897    0.063789    1.252597    2.029704
Iteration: 481 bestvalit: 117.470000 bestmemit:    0.003546    0.007724    0.015746    0.475261    0.295747    0.287062    0.498296    0.155942    0.242796    0.103315    0.257821    4.725268    0.096976    0.022610    0.002912    4.928366    7.386219    0.694632    2.323804    2.319019    2.296897    0.063789    1.252597    2.029704
Iteration: 482 bestvalit: 117.470000 bestmemit:    0.003546    0.007724    0.015746    0.475261    0.295747    0.287062    0.498296    0.155942    0.242796    0.103315    0.257821    4.725268    0.096976    0.022610    0.002912    4.928366    7.386219    0.694632    2.323804    2.319019    2.296897    0.063789    1.252597    2.029704
Iteration: 483 bestvalit: 117.470000 bestmemit:    0.003546    0.007724    0.015746    0.475261    0.295747    0.287062    0.498296    0.155942    0.242796    0.103315    0.257821    4.725268    0.096976    0.022610    0.002912    4.928366    7.386219    0.694632    2.323804    2.319019    2.296897    0.063789    1.252597    2.029704
Iteration: 484 bestvalit: 117.470000 bestmemit:    0.003546    0.007724    0.015746    0.475261    0.295747    0.287062    0.498296    0.155942    0.242796    0.103315    0.257821    4.725268    0.096976    0.022610    0.002912    4.928366    7.386219    0.694632    2.323804    2.319019    2.296897    0.063789    1.252597    2.029704
Iteration: 485 bestvalit: 117.470000 bestmemit:    0.003546    0.007724    0.015746    0.475261    0.295747    0.287062    0.498296    0.155942    0.242796    0.103315    0.257821    4.725268    0.096976    0.022610    0.002912    4.928366    7.386219    0.694632    2.323804    2.319019    2.296897    0.063789    1.252597    2.029704
Iteration: 486 bestvalit: 117.470000 bestmemit:    0.003546    0.007724    0.015746    0.475261    0.295747    0.287062    0.498296    0.155942    0.242796    0.103315    0.257821    4.725268    0.096976    0.022610    0.002912    4.928366    7.386219    0.694632    2.323804    2.319019    2.296897    0.063789    1.252597    2.029704
Iteration: 487 bestvalit: 117.470000 bestmemit:    0.003546    0.007724    0.015746    0.475261    0.295747    0.287062    0.498296    0.155942    0.242796    0.103315    0.257821    4.725268    0.096976    0.022610    0.002912    4.928366    7.386219    0.694632    2.323804    2.319019    2.296897    0.063789    1.252597    2.029704
Iteration: 488 bestvalit: 117.470000 bestmemit:    0.003546    0.007724    0.015746    0.475261    0.295747    0.287062    0.498296    0.155942    0.242796    0.103315    0.257821    4.725268    0.096976    0.022610    0.002912    4.928366    7.386219    0.694632    2.323804    2.319019    2.296897    0.063789    1.252597    2.029704
Iteration: 489 bestvalit: 117.470000 bestmemit:    0.003546    0.007724    0.015746    0.475261    0.295747    0.287062    0.498296    0.155942    0.242796    0.103315    0.257821    4.725268    0.096976    0.022610    0.002912    4.928366    7.386219    0.694632    2.323804    2.319019    2.296897    0.063789    1.252597    2.029704
Iteration: 490 bestvalit: 117.470000 bestmemit:    0.003546    0.007724    0.015746    0.475261    0.295747    0.287062    0.498296    0.155942    0.242796    0.103315    0.257821    4.725268    0.096976    0.022610    0.002912    4.928366    7.386219    0.694632    2.323804    2.319019    2.296897    0.063789    1.252597    2.029704
Iteration: 491 bestvalit: 117.470000 bestmemit:    0.003546    0.007724    0.015746    0.475261    0.295747    0.287062    0.498296    0.155942    0.242796    0.103315    0.257821    4.725268    0.096976    0.022610    0.002912    4.928366    7.386219    0.694632    2.323804    2.319019    2.296897    0.063789    1.252597    2.029704
Iteration: 492 bestvalit: 117.470000 bestmemit:    0.003546    0.007724    0.015746    0.475261    0.295747    0.287062    0.498296    0.155942    0.242796    0.103315    0.257821    4.725268    0.096976    0.022610    0.002912    4.928366    7.386219    0.694632    2.323804    2.319019    2.296897    0.063789    1.252597    2.029704
Iteration: 493 bestvalit: 117.470000 bestmemit:    0.003546    0.007724    0.015746    0.475261    0.295747    0.287062    0.498296    0.155942    0.242796    0.103315    0.257821    4.725268    0.096976    0.022610    0.002912    4.928366    7.386219    0.694632    2.323804    2.319019    2.296897    0.063789    1.252597    2.029704
Iteration: 494 bestvalit: 117.470000 bestmemit:    0.003546    0.007724    0.015746    0.475261    0.295747    0.287062    0.498296    0.155942    0.242796    0.103315    0.257821    4.725268    0.096976    0.022610    0.002912    4.928366    7.386219    0.694632    2.323804    2.319019    2.296897    0.063789    1.252597    2.029704
Iteration: 495 bestvalit: 117.470000 bestmemit:    0.003546    0.007724    0.015746    0.475261    0.295747    0.287062    0.498296    0.155942    0.242796    0.103315    0.257821    4.725268    0.096976    0.022610    0.002912    4.928366    7.386219    0.694632    2.323804    2.319019    2.296897    0.063789    1.252597    2.029704
Iteration: 496 bestvalit: 117.470000 bestmemit:    0.003546    0.007724    0.015746    0.475261    0.295747    0.287062    0.498296    0.155942    0.242796    0.103315    0.257821    4.725268    0.096976    0.022610    0.002912    4.928366    7.386219    0.694632    2.323804    2.319019    2.296897    0.063789    1.252597    2.029704
Iteration: 497 bestvalit: 117.470000 bestmemit:    0.003546    0.007724    0.015746    0.475261    0.295747    0.287062    0.498296    0.155942    0.242796    0.103315    0.257821    4.725268    0.096976    0.022610    0.002912    4.928366    7.386219    0.694632    2.323804    2.319019    2.296897    0.063789    1.252597    2.029704
Iteration: 498 bestvalit: 117.370000 bestmemit:    0.003546    0.007724    0.015746    0.475261    0.295747    0.287062    0.498296    0.123381    0.242796    0.103315    0.257821    4.725268    0.096976    0.022610    0.002912    4.928366    7.386219    0.694632    2.323804    2.319019    2.296897    0.063789    1.252597    2.029704
Iteration: 499 bestvalit: 117.370000 bestmemit:    0.003546    0.007724    0.015746    0.475261    0.295747    0.287062    0.498296    0.123381    0.242796    0.103315    0.257821    4.725268    0.096976    0.022610    0.002912    4.928366    7.386219    0.694632    2.323804    2.319019    2.296897    0.063789    1.252597    2.029704
Iteration: 500 bestvalit: 117.370000 bestmemit:    0.003546    0.007724    0.015746    0.475261    0.295747    0.287062    0.498296    0.123381    0.242796    0.103315    0.257821    4.725268    0.096976    0.022610    0.002912    4.928366    7.386219    0.694632    2.323804    2.319019    2.296897    0.063789    1.252597    2.029704
Iteration: 501 bestvalit: 117.370000 bestmemit:    0.003546    0.007724    0.015746    0.475261    0.295747    0.287062    0.498296    0.123381    0.242796    0.103315    0.257821    4.725268    0.096976    0.022610    0.002912    4.928366    7.386219    0.694632    2.323804    2.319019    2.296897    0.063789    1.252597    2.029704
Iteration: 502 bestvalit: 117.370000 bestmemit:    0.003546    0.007724    0.015746    0.475261    0.295747    0.287062    0.498296    0.123381    0.242796    0.103315    0.257821    4.725268    0.096976    0.022610    0.002912    4.928366    7.386219    0.694632    2.323804    2.319019    2.296897    0.063789    1.252597    2.029704
Iteration: 503 bestvalit: 117.370000 bestmemit:    0.003546    0.007724    0.015746    0.475261    0.295747    0.287062    0.498296    0.123381    0.242796    0.103315    0.257821    4.725268    0.096976    0.022610    0.002912    4.928366    7.386219    0.694632    2.323804    2.319019    2.296897    0.063789    1.252597    2.029704
Iteration: 504 bestvalit: 117.370000 bestmemit:    0.003546    0.007724    0.015746    0.475261    0.295747    0.287062    0.498296    0.123381    0.242796    0.103315    0.257821    4.725268    0.096976    0.022610    0.002912    4.928366    7.386219    0.694632    2.323804    2.319019    2.296897    0.063789    1.252597    2.029704
Iteration: 505 bestvalit: 117.370000 bestmemit:    0.003546    0.007724    0.015746    0.475261    0.295747    0.287062    0.498296    0.123381    0.242796    0.103315    0.257821    4.725268    0.096976    0.022610    0.002912    4.928366    7.386219    0.694632    2.323804    2.319019    2.296897    0.063789    1.252597    2.029704
Iteration: 506 bestvalit: 117.370000 bestmemit:    0.003546    0.007724    0.015746    0.475261    0.295747    0.287062    0.498296    0.123381    0.242796    0.103315    0.257821    4.725268    0.096976    0.022610    0.002912    4.928366    7.386219    0.694632    2.323804    2.319019    2.296897    0.063789    1.252597    2.029704
Iteration: 507 bestvalit: 117.370000 bestmemit:    0.003546    0.007724    0.015746    0.475261    0.295747    0.287062    0.498296    0.123381    0.242796    0.103315    0.257821    4.725268    0.096976    0.022610    0.002912    4.928366    7.386219    0.694632    2.323804    2.319019    2.296897    0.063789    1.252597    2.029704
Iteration: 508 bestvalit: 117.370000 bestmemit:    0.003546    0.007724    0.015746    0.475261    0.295747    0.287062    0.498296    0.123381    0.242796    0.103315    0.257821    4.725268    0.096976    0.022610    0.002912    4.928366    7.386219    0.694632    2.323804    2.319019    2.296897    0.063789    1.252597    2.029704
Iteration: 509 bestvalit: 117.370000 bestmemit:    0.003546    0.007724    0.015746    0.475261    0.295747    0.287062    0.498296    0.123381    0.242796    0.103315    0.257821    4.725268    0.096976    0.022610    0.002912    4.928366    7.386219    0.694632    2.323804    2.319019    2.296897    0.063789    1.252597    2.029704
Iteration: 510 bestvalit: 117.370000 bestmemit:    0.003546    0.007724    0.015746    0.475261    0.295747    0.287062    0.498296    0.123381    0.242796    0.103315    0.257821    4.725268    0.096976    0.022610    0.002912    4.928366    7.386219    0.694632    2.323804    2.319019    2.296897    0.063789    1.252597    2.029704
Iteration: 511 bestvalit: 117.370000 bestmemit:    0.003546    0.007724    0.015746    0.475261    0.295747    0.287062    0.498296    0.123381    0.242796    0.103315    0.257821    4.725268    0.096976    0.022610    0.002912    4.928366    7.386219    0.694632    2.323804    2.319019    2.296897    0.063789    1.252597    2.029704
Iteration: 512 bestvalit: 117.370000 bestmemit:    0.003546    0.007724    0.015746    0.475261    0.295747    0.287062    0.498296    0.123381    0.242796    0.103315    0.257821    4.725268    0.096976    0.022610    0.002912    4.928366    7.386219    0.694632    2.323804    2.319019    2.296897    0.063789    1.252597    2.029704
Iteration: 513 bestvalit: 117.370000 bestmemit:    0.003546    0.007724    0.015746    0.475261    0.295747    0.287062    0.498296    0.123381    0.242796    0.103315    0.257821    4.725268    0.096976    0.022610    0.002912    4.928366    7.386219    0.694632    2.323804    2.319019    2.296897    0.063789    1.252597    2.029704
Iteration: 514 bestvalit: 117.370000 bestmemit:    0.003546    0.007724    0.015746    0.475261    0.295747    0.287062    0.498296    0.123381    0.242796    0.103315    0.257821    4.725268    0.096976    0.022610    0.002912    4.928366    7.386219    0.694632    2.323804    2.319019    2.296897    0.063789    1.252597    2.029704
Iteration: 515 bestvalit: 117.370000 bestmemit:    0.003546    0.007724    0.015746    0.475261    0.295747    0.287062    0.498296    0.123381    0.242796    0.103315    0.257821    4.725268    0.096976    0.022610    0.002912    4.928366    7.386219    0.694632    2.323804    2.319019    2.296897    0.063789    1.252597    2.029704
Iteration: 516 bestvalit: 117.370000 bestmemit:    0.003546    0.007724    0.015746    0.475261    0.295747    0.287062    0.498296    0.123381    0.242796    0.103315    0.257821    4.725268    0.096976    0.022610    0.002912    4.928366    7.386219    0.694632    2.323804    2.319019    2.296897    0.063789    1.252597    2.029704
Iteration: 517 bestvalit: 117.370000 bestmemit:    0.003546    0.007724    0.015746    0.475261    0.295747    0.287062    0.498296    0.123381    0.242796    0.103315    0.257821    4.725268    0.096976    0.022610    0.002912    4.928366    7.386219    0.694632    2.323804    2.319019    2.296897    0.063789    1.252597    2.029704
Iteration: 518 bestvalit: 117.370000 bestmemit:    0.003546    0.007724    0.015746    0.475261    0.295747    0.287062    0.498296    0.123381    0.242796    0.103315    0.257821    4.725268    0.096976    0.022610    0.002912    4.928366    7.386219    0.694632    2.323804    2.319019    2.296897    0.063789    1.252597    2.029704
Iteration: 519 bestvalit: 117.370000 bestmemit:    0.003546    0.007724    0.015746    0.475261    0.295747    0.287062    0.498296    0.123381    0.242796    0.103315    0.257821    4.725268    0.096976    0.022610    0.002912    4.928366    7.386219    0.694632    2.323804    2.319019    2.296897    0.063789    1.252597    2.029704
Iteration: 520 bestvalit: 117.370000 bestmemit:    0.003546    0.007724    0.015746    0.475261    0.295747    0.287062    0.498296    0.123381    0.242796    0.103315    0.257821    4.725268    0.096976    0.022610    0.002912    4.928366    7.386219    0.694632    2.323804    2.319019    2.296897    0.063789    1.252597    2.029704
Iteration: 521 bestvalit: 117.370000 bestmemit:    0.003546    0.007724    0.015746    0.475261    0.295747    0.287062    0.498296    0.123381    0.242796    0.103315    0.257821    4.725268    0.096976    0.022610    0.002912    4.928366    7.386219    0.694632    2.323804    2.319019    2.296897    0.063789    1.252597    2.029704
Iteration: 522 bestvalit: 117.370000 bestmemit:    0.003546    0.007724    0.015746    0.475261    0.295747    0.287062    0.498296    0.123381    0.242796    0.103315    0.257821    4.725268    0.096976    0.022610    0.002912    4.928366    7.386219    0.694632    2.323804    2.319019    2.296897    0.063789    1.252597    2.029704
Iteration: 523 bestvalit: 117.370000 bestmemit:    0.003546    0.007724    0.015746    0.475261    0.295747    0.287062    0.498296    0.123381    0.242796    0.103315    0.257821    4.725268    0.096976    0.022610    0.002912    4.928366    7.386219    0.694632    2.323804    2.319019    2.296897    0.063789    1.252597    2.029704
Iteration: 524 bestvalit: 117.370000 bestmemit:    0.003546    0.007724    0.015746    0.475261    0.295747    0.287062    0.498296    0.123381    0.242796    0.103315    0.257821    4.725268    0.096976    0.022610    0.002912    4.928366    7.386219    0.694632    2.323804    2.319019    2.296897    0.063789    1.252597    2.029704
Iteration: 525 bestvalit: 117.230000 bestmemit:    0.003546    0.007724    0.015746    0.475261    0.295747    0.287062    0.498296    0.123381    0.242796    0.103315    0.257821    4.725268    0.096976    0.022610    0.002912    4.928366    7.386219    0.694632    2.323804    2.319019    2.334627    0.063789    1.252597    2.029704
Iteration: 526 bestvalit: 117.230000 bestmemit:    0.003546    0.007724    0.015746    0.475261    0.295747    0.287062    0.498296    0.123381    0.242796    0.103315    0.257821    4.725268    0.096976    0.022610    0.002912    4.928366    7.386219    0.694632    2.323804    2.319019    2.334627    0.063789    1.252597    2.029704
Iteration: 527 bestvalit: 117.230000 bestmemit:    0.003546    0.007724    0.015746    0.475261    0.295747    0.287062    0.498296    0.123381    0.242796    0.103315    0.257821    4.725268    0.096976    0.022610    0.002912    4.928366    7.386219    0.694632    2.323804    2.319019    2.334627    0.063789    1.252597    2.029704
Iteration: 528 bestvalit: 117.230000 bestmemit:    0.003546    0.007724    0.015746    0.475261    0.295747    0.287062    0.498296    0.123381    0.242796    0.103315    0.257821    4.725268    0.096976    0.022610    0.002912    4.928366    7.386219    0.694632    2.323804    2.319019    2.334627    0.063789    1.252597    2.029704
Iteration: 529 bestvalit: 117.230000 bestmemit:    0.003546    0.007724    0.015746    0.475261    0.295747    0.287062    0.498296    0.123381    0.242796    0.103315    0.257821    4.725268    0.096976    0.022610    0.002912    4.928366    7.386219    0.694632    2.323804    2.319019    2.334627    0.063789    1.252597    2.029704
Iteration: 530 bestvalit: 117.230000 bestmemit:    0.003546    0.007724    0.015746    0.475261    0.295747    0.287062    0.498296    0.123381    0.242796    0.103315    0.257821    4.725268    0.096976    0.022610    0.002912    4.928366    7.386219    0.694632    2.323804    2.319019    2.334627    0.063789    1.252597    2.029704
Iteration: 531 bestvalit: 117.230000 bestmemit:    0.003546    0.007724    0.015746    0.475261    0.295747    0.287062    0.498296    0.123381    0.242796    0.103315    0.257821    4.725268    0.096976    0.022610    0.002912    4.928366    7.386219    0.694632    2.323804    2.319019    2.334627    0.063789    1.252597    2.029704
Iteration: 532 bestvalit: 117.230000 bestmemit:    0.003546    0.007724    0.015746    0.475261    0.295747    0.287062    0.498296    0.123381    0.242796    0.103315    0.257821    4.725268    0.096976    0.022610    0.002912    4.928366    7.386219    0.694632    2.323804    2.319019    2.334627    0.063789    1.252597    2.029704
Iteration: 533 bestvalit: 117.230000 bestmemit:    0.003546    0.007724    0.015746    0.475261    0.295747    0.287062    0.498296    0.123381    0.242796    0.103315    0.257821    4.725268    0.096976    0.022610    0.002912    4.928366    7.386219    0.694632    2.323804    2.319019    2.334627    0.063789    1.252597    2.029704
Iteration: 534 bestvalit: 117.230000 bestmemit:    0.003546    0.007724    0.015746    0.475261    0.295747    0.287062    0.498296    0.123381    0.242796    0.103315    0.257821    4.725268    0.096976    0.022610    0.002912    4.928366    7.386219    0.694632    2.323804    2.319019    2.334627    0.063789    1.252597    2.029704
Iteration: 535 bestvalit: 117.230000 bestmemit:    0.003546    0.007724    0.015746    0.475261    0.295747    0.287062    0.498296    0.123381    0.242796    0.103315    0.257821    4.725268    0.096976    0.022610    0.002912    4.928366    7.386219    0.694632    2.323804    2.319019    2.334627    0.063789    1.252597    2.029704
Iteration: 536 bestvalit: 117.230000 bestmemit:    0.003546    0.007724    0.015746    0.475261    0.295747    0.287062    0.498296    0.123381    0.242796    0.103315    0.257821    4.725268    0.096976    0.022610    0.002912    4.928366    7.386219    0.694632    2.323804    2.319019    2.334627    0.063789    1.252597    2.029704
Iteration: 537 bestvalit: 117.230000 bestmemit:    0.003546    0.007724    0.015746    0.475261    0.295747    0.287062    0.498296    0.123381    0.242796    0.103315    0.257821    4.725268    0.096976    0.022610    0.002912    4.928366    7.386219    0.694632    2.323804    2.319019    2.334627    0.063789    1.252597    2.029704
Iteration: 538 bestvalit: 117.230000 bestmemit:    0.003546    0.007724    0.015746    0.475261    0.295747    0.287062    0.498296    0.123381    0.242796    0.103315    0.257821    4.725268    0.096976    0.022610    0.002912    4.928366    7.386219    0.694632    2.323804    2.319019    2.334627    0.063789    1.252597    2.029704
Iteration: 539 bestvalit: 117.230000 bestmemit:    0.003546    0.007724    0.015746    0.475261    0.295747    0.287062    0.498296    0.123381    0.242796    0.103315    0.257821    4.725268    0.096976    0.022610    0.002912    4.928366    7.386219    0.694632    2.323804    2.319019    2.334627    0.063789    1.252597    2.029704
Iteration: 540 bestvalit: 117.230000 bestmemit:    0.003546    0.007724    0.015746    0.475261    0.295747    0.287062    0.498296    0.123381    0.242796    0.103315    0.257821    4.725268    0.096976    0.022610    0.002912    4.928366    7.386219    0.694632    2.323804    2.319019    2.334627    0.063789    1.252597    2.029704
Iteration: 541 bestvalit: 117.230000 bestmemit:    0.003546    0.007724    0.015746    0.475261    0.295747    0.287062    0.498296    0.123381    0.242796    0.103315    0.257821    4.725268    0.096976    0.022610    0.002912    4.928366    7.386219    0.694632    2.323804    2.319019    2.334627    0.063789    1.252597    2.029704
Iteration: 542 bestvalit: 117.230000 bestmemit:    0.003546    0.007724    0.015746    0.475261    0.295747    0.287062    0.498296    0.123381    0.242796    0.103315    0.257821    4.725268    0.096976    0.022610    0.002912    4.928366    7.386219    0.694632    2.323804    2.319019    2.334627    0.063789    1.252597    2.029704
Iteration: 543 bestvalit: 117.230000 bestmemit:    0.003546    0.007724    0.015746    0.475261    0.295747    0.287062    0.498296    0.123381    0.242796    0.103315    0.257821    4.725268    0.096976    0.022610    0.002912    4.928366    7.386219    0.694632    2.323804    2.319019    2.334627    0.063789    1.252597    2.029704
Iteration: 544 bestvalit: 117.230000 bestmemit:    0.003546    0.007724    0.015746    0.475261    0.295747    0.287062    0.498296    0.123381    0.242796    0.103315    0.257821    4.725268    0.096976    0.022610    0.002912    4.928366    7.386219    0.694632    2.323804    2.319019    2.334627    0.063789    1.252597    2.029704
Iteration: 545 bestvalit: 117.230000 bestmemit:    0.003546    0.007724    0.015746    0.475261    0.295747    0.287062    0.498296    0.123381    0.242796    0.103315    0.257821    4.725268    0.096976    0.022610    0.002912    4.928366    7.386219    0.694632    2.323804    2.319019    2.334627    0.063789    1.252597    2.029704
Iteration: 546 bestvalit: 117.230000 bestmemit:    0.003546    0.007724    0.015746    0.475261    0.295747    0.287062    0.498296    0.123381    0.242796    0.103315    0.257821    4.725268    0.096976    0.022610    0.002912    4.928366    7.386219    0.694632    2.323804    2.319019    2.334627    0.063789    1.252597    2.029704
Iteration: 547 bestvalit: 117.230000 bestmemit:    0.003546    0.007724    0.015746    0.475261    0.295747    0.287062    0.498296    0.123381    0.242796    0.103315    0.257821    4.725268    0.096976    0.022610    0.002912    4.928366    7.386219    0.694632    2.323804    2.319019    2.334627    0.063789    1.252597    2.029704
Iteration: 548 bestvalit: 117.230000 bestmemit:    0.003546    0.007724    0.015746    0.475261    0.295747    0.287062    0.498296    0.123381    0.242796    0.103315    0.257821    4.725268    0.096976    0.022610    0.002912    4.928366    7.386219    0.694632    2.323804    2.319019    2.334627    0.063789    1.252597    2.029704
Iteration: 549 bestvalit: 117.230000 bestmemit:    0.003546    0.007724    0.015746    0.475261    0.295747    0.287062    0.498296    0.123381    0.242796    0.103315    0.257821    4.725268    0.096976    0.022610    0.002912    4.928366    7.386219    0.694632    2.323804    2.319019    2.334627    0.063789    1.252597    2.029704
Iteration: 550 bestvalit: 117.230000 bestmemit:    0.003546    0.007724    0.015746    0.475261    0.295747    0.287062    0.498296    0.123381    0.242796    0.103315    0.257821    4.725268    0.096976    0.022610    0.002912    4.928366    7.386219    0.694632    2.323804    2.319019    2.334627    0.063789    1.252597    2.029704
Iteration: 551 bestvalit: 117.230000 bestmemit:    0.003546    0.007724    0.015746    0.475261    0.295747    0.287062    0.498296    0.123381    0.242796    0.103315    0.257821    4.725268    0.096976    0.022610    0.002912    4.928366    7.386219    0.694632    2.323804    2.319019    2.334627    0.063789    1.252597    2.029704
Iteration: 552 bestvalit: 117.230000 bestmemit:    0.003546    0.007724    0.015746    0.475261    0.295747    0.287062    0.498296    0.123381    0.242796    0.103315    0.257821    4.725268    0.096976    0.022610    0.002912    4.928366    7.386219    0.694632    2.323804    2.319019    2.334627    0.063789    1.252597    2.029704
Iteration: 553 bestvalit: 117.230000 bestmemit:    0.003546    0.007724    0.015746    0.475261    0.295747    0.287062    0.498296    0.123381    0.242796    0.103315    0.257821    4.725268    0.096976    0.022610    0.002912    4.928366    7.386219    0.694632    2.323804    2.319019    2.334627    0.063789    1.252597    2.029704
Iteration: 554 bestvalit: 117.230000 bestmemit:    0.003546    0.007724    0.015746    0.475261    0.295747    0.287062    0.498296    0.123381    0.242796    0.103315    0.257821    4.725268    0.096976    0.022610    0.002912    4.928366    7.386219    0.694632    2.323804    2.319019    2.334627    0.063789    1.252597    2.029704
Iteration: 555 bestvalit: 117.230000 bestmemit:    0.003546    0.007724    0.015746    0.475261    0.295747    0.287062    0.498296    0.123381    0.242796    0.103315    0.257821    4.725268    0.096976    0.022610    0.002912    4.928366    7.386219    0.694632    2.323804    2.319019    2.334627    0.063789    1.252597    2.029704
Iteration: 556 bestvalit: 117.230000 bestmemit:    0.003546    0.007724    0.015746    0.475261    0.295747    0.287062    0.498296    0.123381    0.242796    0.103315    0.257821    4.725268    0.096976    0.022610    0.002912    4.928366    7.386219    0.694632    2.323804    2.319019    2.334627    0.063789    1.252597    2.029704
Iteration: 557 bestvalit: 117.230000 bestmemit:    0.003546    0.007724    0.015746    0.475261    0.295747    0.287062    0.498296    0.123381    0.242796    0.103315    0.257821    4.725268    0.096976    0.022610    0.002912    4.928366    7.386219    0.694632    2.323804    2.319019    2.334627    0.063789    1.252597    2.029704
Iteration: 558 bestvalit: 117.230000 bestmemit:    0.003546    0.007724    0.015746    0.475261    0.295747    0.287062    0.498296    0.123381    0.242796    0.103315    0.257821    4.725268    0.096976    0.022610    0.002912    4.928366    7.386219    0.694632    2.323804    2.319019    2.334627    0.063789    1.252597    2.029704
Iteration: 559 bestvalit: 117.230000 bestmemit:    0.003546    0.007724    0.015746    0.475261    0.295747    0.287062    0.498296    0.123381    0.242796    0.103315    0.257821    4.725268    0.096976    0.022610    0.002912    4.928366    7.386219    0.694632    2.323804    2.319019    2.334627    0.063789    1.252597    2.029704
Iteration: 560 bestvalit: 117.230000 bestmemit:    0.003546    0.007724    0.015746    0.475261    0.295747    0.287062    0.498296    0.123381    0.242796    0.103315    0.257821    4.725268    0.096976    0.022610    0.002912    4.928366    7.386219    0.694632    2.323804    2.319019    2.334627    0.063789    1.252597    2.029704
Iteration: 561 bestvalit: 117.230000 bestmemit:    0.003546    0.007724    0.015746    0.475261    0.295747    0.287062    0.498296    0.123381    0.242796    0.103315    0.257821    4.725268    0.096976    0.022610    0.002912    4.928366    7.386219    0.694632    2.323804    2.319019    2.334627    0.063789    1.252597    2.029704
Iteration: 562 bestvalit: 117.230000 bestmemit:    0.003546    0.007724    0.015746    0.475261    0.295747    0.287062    0.498296    0.123381    0.242796    0.103315    0.257821    4.725268    0.096976    0.022610    0.002912    4.928366    7.386219    0.694632    2.323804    2.319019    2.334627    0.063789    1.252597    2.029704
Iteration: 563 bestvalit: 117.230000 bestmemit:    0.003546    0.007724    0.015746    0.475261    0.295747    0.287062    0.498296    0.123381    0.242796    0.103315    0.257821    4.725268    0.096976    0.022610    0.002912    4.928366    7.386219    0.694632    2.323804    2.319019    2.334627    0.063789    1.252597    2.029704
Iteration: 564 bestvalit: 117.230000 bestmemit:    0.003546    0.007724    0.015746    0.475261    0.295747    0.287062    0.498296    0.123381    0.242796    0.103315    0.257821    4.725268    0.096976    0.022610    0.002912    4.928366    7.386219    0.694632    2.323804    2.319019    2.334627    0.063789    1.252597    2.029704
Iteration: 565 bestvalit: 117.230000 bestmemit:    0.003546    0.007724    0.015746    0.475261    0.295747    0.287062    0.498296    0.123381    0.242796    0.103315    0.257821    4.725268    0.096976    0.022610    0.002912    4.928366    7.386219    0.694632    2.323804    2.319019    2.334627    0.063789    1.252597    2.029704
Iteration: 566 bestvalit: 117.230000 bestmemit:    0.003546    0.007724    0.015746    0.475261    0.295747    0.287062    0.498296    0.123381    0.242796    0.103315    0.257821    4.725268    0.096976    0.022610    0.002912    4.928366    7.386219    0.694632    2.323804    2.319019    2.334627    0.063789    1.252597    2.029704
Iteration: 567 bestvalit: 117.230000 bestmemit:    0.003546    0.007724    0.015746    0.475261    0.295747    0.287062    0.498296    0.123381    0.242796    0.103315    0.257821    4.725268    0.096976    0.022610    0.002912    4.928366    7.386219    0.694632    2.323804    2.319019    2.334627    0.063789    1.252597    2.029704
Iteration: 568 bestvalit: 117.230000 bestmemit:    0.003546    0.007724    0.015746    0.475261    0.295747    0.287062    0.498296    0.123381    0.242796    0.103315    0.257821    4.725268    0.096976    0.022610    0.002912    4.928366    7.386219    0.694632    2.323804    2.319019    2.334627    0.063789    1.252597    2.029704
Iteration: 569 bestvalit: 117.230000 bestmemit:    0.003546    0.007724    0.015746    0.475261    0.295747    0.287062    0.498296    0.123381    0.242796    0.103315    0.257821    4.725268    0.096976    0.022610    0.002912    4.928366    7.386219    0.694632    2.323804    2.319019    2.334627    0.063789    1.252597    2.029704
Iteration: 570 bestvalit: 117.230000 bestmemit:    0.003546    0.007724    0.015746    0.475261    0.295747    0.287062    0.498296    0.123381    0.242796    0.103315    0.257821    4.725268    0.096976    0.022610    0.002912    4.928366    7.386219    0.694632    2.323804    2.319019    2.334627    0.063789    1.252597    2.029704
Iteration: 571 bestvalit: 117.230000 bestmemit:    0.003546    0.007724    0.015746    0.475261    0.295747    0.287062    0.498296    0.123381    0.242796    0.103315    0.257821    4.725268    0.096976    0.022610    0.002912    4.928366    7.386219    0.694632    2.323804    2.319019    2.334627    0.063789    1.252597    2.029704
Iteration: 572 bestvalit: 117.230000 bestmemit:    0.003546    0.007724    0.015746    0.475261    0.295747    0.287062    0.498296    0.123381    0.242796    0.103315    0.257821    4.725268    0.096976    0.022610    0.002912    4.928366    7.386219    0.694632    2.323804    2.319019    2.334627    0.063789    1.252597    2.029704
Iteration: 573 bestvalit: 117.230000 bestmemit:    0.003546    0.007724    0.015746    0.475261    0.295747    0.287062    0.498296    0.123381    0.242796    0.103315    0.257821    4.725268    0.096976    0.022610    0.002912    4.928366    7.386219    0.694632    2.323804    2.319019    2.334627    0.063789    1.252597    2.029704
Iteration: 574 bestvalit: 117.230000 bestmemit:    0.003546    0.007724    0.015746    0.475261    0.295747    0.287062    0.498296    0.123381    0.242796    0.103315    0.257821    4.725268    0.096976    0.022610    0.002912    4.928366    7.386219    0.694632    2.323804    2.319019    2.334627    0.063789    1.252597    2.029704
Iteration: 575 bestvalit: 117.230000 bestmemit:    0.003546    0.007724    0.015746    0.475261    0.295747    0.287062    0.498296    0.123381    0.242796    0.103315    0.257821    4.725268    0.096976    0.022610    0.002912    4.928366    7.386219    0.694632    2.323804    2.319019    2.334627    0.063789    1.252597    2.029704
Iteration: 576 bestvalit: 117.230000 bestmemit:    0.003546    0.007724    0.015746    0.475261    0.295747    0.287062    0.498296    0.123381    0.242796    0.103315    0.257821    4.725268    0.096976    0.022610    0.002912    4.928366    7.386219    0.694632    2.323804    2.319019    2.334627    0.063789    1.252597    2.029704
Iteration: 577 bestvalit: 117.230000 bestmemit:    0.003546    0.007724    0.015746    0.475261    0.295747    0.287062    0.498296    0.123381    0.242796    0.103315    0.257821    4.725268    0.096976    0.022610    0.002912    4.928366    7.386219    0.694632    2.323804    2.319019    2.334627    0.063789    1.252597    2.029704
Iteration: 578 bestvalit: 117.025000 bestmemit:    0.003546    0.007724    0.015746    0.475261    0.295747    0.287062    0.498296    0.123381    0.242796    0.103315    0.257821    4.725268    0.096976    0.022610    0.002912    4.928366    7.017994    0.694632    2.323804    2.319019    2.334627    0.063789    1.252597    2.029704
Iteration: 579 bestvalit: 117.025000 bestmemit:    0.003546    0.007724    0.015746    0.475261    0.295747    0.287062    0.498296    0.123381    0.242796    0.103315    0.257821    4.725268    0.096976    0.022610    0.002912    4.928366    7.017994    0.694632    2.323804    2.319019    2.334627    0.063789    1.252597    2.029704
Iteration: 580 bestvalit: 117.025000 bestmemit:    0.003546    0.007724    0.015746    0.475261    0.295747    0.287062    0.498296    0.123381    0.242796    0.103315    0.257821    4.725268    0.096976    0.022610    0.002912    4.928366    7.017994    0.694632    2.323804    2.319019    2.334627    0.063789    1.252597    2.029704
Iteration: 581 bestvalit: 117.025000 bestmemit:    0.003546    0.007724    0.015746    0.475261    0.295747    0.287062    0.498296    0.123381    0.242796    0.103315    0.257821    4.725268    0.096976    0.022610    0.002912    4.928366    7.017994    0.694632    2.323804    2.319019    2.334627    0.063789    1.252597    2.029704
Iteration: 582 bestvalit: 117.025000 bestmemit:    0.003546    0.007724    0.015746    0.475261    0.295747    0.287062    0.498296    0.123381    0.242796    0.103315    0.257821    4.725268    0.096976    0.022610    0.002912    4.928366    7.017994    0.694632    2.323804    2.319019    2.334627    0.063789    1.252597    2.029704
Iteration: 583 bestvalit: 117.025000 bestmemit:    0.003546    0.007724    0.015746    0.475261    0.295747    0.287062    0.498296    0.123381    0.242796    0.103315    0.257821    4.725268    0.096976    0.022610    0.002912    4.928366    7.017994    0.694632    2.323804    2.319019    2.334627    0.063789    1.252597    2.029704
Iteration: 584 bestvalit: 117.025000 bestmemit:    0.003546    0.007724    0.015746    0.475261    0.295747    0.287062    0.498296    0.123381    0.242796    0.103315    0.257821    4.725268    0.096976    0.022610    0.002912    4.928366    7.017994    0.694632    2.323804    2.319019    2.334627    0.063789    1.252597    2.029704
Iteration: 585 bestvalit: 117.025000 bestmemit:    0.003546    0.007724    0.015746    0.475261    0.295747    0.287062    0.498296    0.123381    0.242796    0.103315    0.257821    4.725268    0.096976    0.022610    0.002912    4.928366    7.017994    0.694632    2.323804    2.319019    2.334627    0.063789    1.252597    2.029704
Iteration: 586 bestvalit: 117.025000 bestmemit:    0.003546    0.007724    0.015746    0.475261    0.295747    0.287062    0.498296    0.123381    0.242796    0.103315    0.257821    4.725268    0.096976    0.022610    0.002912    4.928366    7.017994    0.694632    2.323804    2.319019    2.334627    0.063789    1.252597    2.029704
Iteration: 587 bestvalit: 117.025000 bestmemit:    0.003546    0.007724    0.015746    0.475261    0.295747    0.287062    0.498296    0.123381    0.242796    0.103315    0.257821    4.725268    0.096976    0.022610    0.002912    4.928366    7.017994    0.694632    2.323804    2.319019    2.334627    0.063789    1.252597    2.029704
Iteration: 588 bestvalit: 117.025000 bestmemit:    0.003546    0.007724    0.015746    0.475261    0.295747    0.287062    0.498296    0.123381    0.242796    0.103315    0.257821    4.725268    0.096976    0.022610    0.002912    4.928366    7.017994    0.694632    2.323804    2.319019    2.334627    0.063789    1.252597    2.029704
Iteration: 589 bestvalit: 117.025000 bestmemit:    0.003546    0.007724    0.015746    0.475261    0.295747    0.287062    0.498296    0.123381    0.242796    0.103315    0.257821    4.725268    0.096976    0.022610    0.002912    4.928366    7.017994    0.694632    2.323804    2.319019    2.334627    0.063789    1.252597    2.029704
Iteration: 590 bestvalit: 117.025000 bestmemit:    0.003546    0.007724    0.015746    0.475261    0.295747    0.287062    0.498296    0.123381    0.242796    0.103315    0.257821    4.725268    0.096976    0.022610    0.002912    4.928366    7.017994    0.694632    2.323804    2.319019    2.334627    0.063789    1.252597    2.029704
Iteration: 591 bestvalit: 117.025000 bestmemit:    0.003546    0.007724    0.015746    0.475261    0.295747    0.287062    0.498296    0.123381    0.242796    0.103315    0.257821    4.725268    0.096976    0.022610    0.002912    4.928366    7.017994    0.694632    2.323804    2.319019    2.334627    0.063789    1.252597    2.029704
Iteration: 592 bestvalit: 117.025000 bestmemit:    0.003546    0.007724    0.015746    0.475261    0.295747    0.287062    0.498296    0.123381    0.242796    0.103315    0.257821    4.725268    0.096976    0.022610    0.002912    4.928366    7.017994    0.694632    2.323804    2.319019    2.334627    0.063789    1.252597    2.029704
Iteration: 593 bestvalit: 117.025000 bestmemit:    0.003546    0.007724    0.015746    0.475261    0.295747    0.287062    0.498296    0.123381    0.242796    0.103315    0.257821    4.725268    0.096976    0.022610    0.002912    4.928366    7.017994    0.694632    2.323804    2.319019    2.334627    0.063789    1.252597    2.029704
Iteration: 594 bestvalit: 117.025000 bestmemit:    0.003546    0.007724    0.015746    0.475261    0.295747    0.287062    0.498296    0.123381    0.242796    0.103315    0.257821    4.725268    0.096976    0.022610    0.002912    4.928366    7.017994    0.694632    2.323804    2.319019    2.334627    0.063789    1.252597    2.029704
Iteration: 595 bestvalit: 117.025000 bestmemit:    0.003546    0.007724    0.015746    0.475261    0.295747    0.287062    0.498296    0.123381    0.242796    0.103315    0.257821    4.725268    0.096976    0.022610    0.002912    4.928366    7.017994    0.694632    2.323804    2.319019    2.334627    0.063789    1.252597    2.029704
Iteration: 596 bestvalit: 117.025000 bestmemit:    0.003546    0.007724    0.015746    0.475261    0.295747    0.287062    0.498296    0.123381    0.242796    0.103315    0.257821    4.725268    0.096976    0.022610    0.002912    4.928366    7.017994    0.694632    2.323804    2.319019    2.334627    0.063789    1.252597    2.029704
Iteration: 597 bestvalit: 117.025000 bestmemit:    0.003546    0.007724    0.015746    0.475261    0.295747    0.287062    0.498296    0.123381    0.242796    0.103315    0.257821    4.725268    0.096976    0.022610    0.002912    4.928366    7.017994    0.694632    2.323804    2.319019    2.334627    0.063789    1.252597    2.029704
Iteration: 598 bestvalit: 117.025000 bestmemit:    0.003546    0.007724    0.015746    0.475261    0.295747    0.287062    0.498296    0.123381    0.242796    0.103315    0.257821    4.725268    0.096976    0.022610    0.002912    4.928366    7.017994    0.694632    2.323804    2.319019    2.334627    0.063789    1.252597    2.029704
Iteration: 599 bestvalit: 117.025000 bestmemit:    0.003546    0.007724    0.015746    0.475261    0.295747    0.287062    0.498296    0.123381    0.242796    0.103315    0.257821    4.725268    0.096976    0.022610    0.002912    4.928366    7.017994    0.694632    2.323804    2.319019    2.334627    0.063789    1.252597    2.029704
Iteration: 600 bestvalit: 117.025000 bestmemit:    0.003546    0.007724    0.015746    0.475261    0.295747    0.287062    0.498296    0.123381    0.242796    0.103315    0.257821    4.725268    0.096976    0.022610    0.002912    4.928366    7.017994    0.694632    2.323804    2.319019    2.334627    0.063789    1.252597    2.029704
Iteration: 601 bestvalit: 117.025000 bestmemit:    0.003546    0.007724    0.015746    0.475261    0.295747    0.287062    0.498296    0.123381    0.242796    0.103315    0.257821    4.725268    0.096976    0.022610    0.002912    4.928366    7.017994    0.694632    2.323804    2.319019    2.334627    0.063789    1.252597    2.029704
Iteration: 602 bestvalit: 117.025000 bestmemit:    0.003546    0.007724    0.015746    0.475261    0.295747    0.287062    0.498296    0.123381    0.242796    0.103315    0.257821    4.725268    0.096976    0.022610    0.002912    4.928366    7.017994    0.694632    2.323804    2.319019    2.334627    0.063789    1.252597    2.029704
Iteration: 603 bestvalit: 117.025000 bestmemit:    0.003546    0.007724    0.015746    0.475261    0.295747    0.287062    0.498296    0.123381    0.242796    0.103315    0.257821    4.725268    0.096976    0.022610    0.002912    4.928366    7.017994    0.694632    2.323804    2.319019    2.334627    0.063789    1.252597    2.029704
Iteration: 604 bestvalit: 117.025000 bestmemit:    0.003546    0.007724    0.015746    0.475261    0.295747    0.287062    0.498296    0.123381    0.242796    0.103315    0.257821    4.725268    0.096976    0.022610    0.002912    4.928366    7.017994    0.694632    2.323804    2.319019    2.334627    0.063789    1.252597    2.029704
Iteration: 605 bestvalit: 117.025000 bestmemit:    0.003546    0.007724    0.015746    0.475261    0.295747    0.287062    0.498296    0.123381    0.242796    0.103315    0.257821    4.725268    0.096976    0.022610    0.002912    4.928366    7.017994    0.694632    2.323804    2.319019    2.334627    0.063789    1.252597    2.029704
Iteration: 606 bestvalit: 117.025000 bestmemit:    0.003546    0.007724    0.015746    0.475261    0.295747    0.287062    0.498296    0.123381    0.242796    0.103315    0.257821    4.725268    0.096976    0.022610    0.002912    4.928366    7.017994    0.694632    2.323804    2.319019    2.334627    0.063789    1.252597    2.029704
Iteration: 607 bestvalit: 116.955000 bestmemit:    0.003546    0.007724    0.015746    0.475261    0.295747    0.287062    0.498296    0.123381    0.242796    0.103315    0.245833    4.725268    0.096976    0.022610    0.002912    4.928366    7.017994    0.694632    2.323804    2.319019    2.334627    0.063789    1.252597    2.029704
Iteration: 608 bestvalit: 116.955000 bestmemit:    0.003546    0.007724    0.015746    0.475261    0.295747    0.287062    0.498296    0.123381    0.242796    0.103315    0.245833    4.725268    0.096976    0.022610    0.002912    4.928366    7.017994    0.694632    2.323804    2.319019    2.334627    0.063789    1.252597    2.029704
Iteration: 609 bestvalit: 116.955000 bestmemit:    0.003546    0.007724    0.015746    0.475261    0.295747    0.287062    0.498296    0.123381    0.242796    0.103315    0.245833    4.725268    0.096976    0.022610    0.002912    4.928366    7.017994    0.694632    2.323804    2.319019    2.334627    0.063789    1.252597    2.029704
Iteration: 610 bestvalit: 116.955000 bestmemit:    0.003546    0.007724    0.015746    0.475261    0.295747    0.287062    0.498296    0.123381    0.242796    0.103315    0.245833    4.725268    0.096976    0.022610    0.002912    4.928366    7.017994    0.694632    2.323804    2.319019    2.334627    0.063789    1.252597    2.029704
Iteration: 611 bestvalit: 116.955000 bestmemit:    0.003546    0.007724    0.015746    0.475261    0.295747    0.287062    0.498296    0.123381    0.242796    0.103315    0.245833    4.725268    0.096976    0.022610    0.002912    4.928366    7.017994    0.694632    2.323804    2.319019    2.334627    0.063789    1.252597    2.029704
Iteration: 612 bestvalit: 116.955000 bestmemit:    0.003546    0.007724    0.015746    0.475261    0.295747    0.287062    0.498296    0.123381    0.242796    0.103315    0.245833    4.725268    0.096976    0.022610    0.002912    4.928366    7.017994    0.694632    2.323804    2.319019    2.334627    0.063789    1.252597    2.029704
Iteration: 613 bestvalit: 116.955000 bestmemit:    0.003546    0.007724    0.015746    0.475261    0.295747    0.287062    0.498296    0.123381    0.242796    0.103315    0.245833    4.725268    0.096976    0.022610    0.002912    4.928366    7.017994    0.694632    2.323804    2.319019    2.334627    0.063789    1.252597    2.029704
Iteration: 614 bestvalit: 116.955000 bestmemit:    0.003546    0.007724    0.015746    0.475261    0.295747    0.287062    0.498296    0.123381    0.242796    0.103315    0.245833    4.725268    0.096976    0.022610    0.002912    4.928366    7.017994    0.694632    2.323804    2.319019    2.334627    0.063789    1.252597    2.029704
Iteration: 615 bestvalit: 116.955000 bestmemit:    0.003546    0.007724    0.015746    0.475261    0.295747    0.287062    0.498296    0.123381    0.242796    0.103315    0.245833    4.725268    0.096976    0.022610    0.002912    4.928366    7.017994    0.694632    2.323804    2.319019    2.334627    0.063789    1.252597    2.029704
Iteration: 616 bestvalit: 116.955000 bestmemit:    0.003546    0.007724    0.015746    0.475261    0.295747    0.287062    0.498296    0.123381    0.242796    0.103315    0.245833    4.725268    0.096976    0.022610    0.002912    4.928366    7.017994    0.694632    2.323804    2.319019    2.334627    0.063789    1.252597    2.029704
Iteration: 617 bestvalit: 116.955000 bestmemit:    0.003546    0.007724    0.015746    0.475261    0.295747    0.287062    0.498296    0.123381    0.242796    0.103315    0.245833    4.725268    0.096976    0.022610    0.002912    4.928366    7.017994    0.694632    2.323804    2.319019    2.334627    0.063789    1.252597    2.029704
Iteration: 618 bestvalit: 116.955000 bestmemit:    0.003546    0.007724    0.015746    0.475261    0.295747    0.287062    0.498296    0.123381    0.242796    0.103315    0.245833    4.725268    0.096976    0.022610    0.002912    4.928366    7.017994    0.694632    2.323804    2.319019    2.334627    0.063789    1.252597    2.029704
Iteration: 619 bestvalit: 116.955000 bestmemit:    0.003546    0.007724    0.015746    0.475261    0.295747    0.287062    0.498296    0.123381    0.242796    0.103315    0.245833    4.725268    0.096976    0.022610    0.002912    4.928366    7.017994    0.694632    2.323804    2.319019    2.334627    0.063789    1.252597    2.029704
Iteration: 620 bestvalit: 116.955000 bestmemit:    0.003546    0.007724    0.015746    0.475261    0.295747    0.287062    0.498296    0.123381    0.242796    0.103315    0.245833    4.725268    0.096976    0.022610    0.002912    4.928366    7.017994    0.694632    2.323804    2.319019    2.334627    0.063789    1.252597    2.029704
Iteration: 621 bestvalit: 116.955000 bestmemit:    0.003546    0.007724    0.015746    0.475261    0.295747    0.287062    0.498296    0.123381    0.242796    0.103315    0.245833    4.725268    0.096976    0.022610    0.002912    4.928366    7.017994    0.694632    2.323804    2.319019    2.334627    0.063789    1.252597    2.029704
Iteration: 622 bestvalit: 116.955000 bestmemit:    0.003546    0.007724    0.015746    0.475261    0.295747    0.287062    0.498296    0.123381    0.242796    0.103315    0.245833    4.725268    0.096976    0.022610    0.002912    4.928366    7.017994    0.694632    2.323804    2.319019    2.334627    0.063789    1.252597    2.029704
Iteration: 623 bestvalit: 116.955000 bestmemit:    0.003546    0.007724    0.015746    0.475261    0.295747    0.287062    0.498296    0.123381    0.242796    0.103315    0.245833    4.725268    0.096976    0.022610    0.002912    4.928366    7.017994    0.694632    2.323804    2.319019    2.334627    0.063789    1.252597    2.029704
Iteration: 624 bestvalit: 116.955000 bestmemit:    0.003546    0.007724    0.015746    0.475261    0.295747    0.287062    0.498296    0.123381    0.242796    0.103315    0.245833    4.725268    0.096976    0.022610    0.002912    4.928366    7.017994    0.694632    2.323804    2.319019    2.334627    0.063789    1.252597    2.029704
Iteration: 625 bestvalit: 116.955000 bestmemit:    0.003546    0.007724    0.015746    0.475261    0.295747    0.287062    0.498296    0.123381    0.242796    0.103315    0.245833    4.725268    0.096976    0.022610    0.002912    4.928366    7.017994    0.694632    2.323804    2.319019    2.334627    0.063789    1.252597    2.029704
Iteration: 626 bestvalit: 116.955000 bestmemit:    0.003546    0.007724    0.015746    0.475261    0.295747    0.287062    0.498296    0.123381    0.242796    0.103315    0.245833    4.725268    0.096976    0.022610    0.002912    4.928366    7.017994    0.694632    2.323804    2.319019    2.334627    0.063789    1.252597    2.029704
Iteration: 627 bestvalit: 116.955000 bestmemit:    0.003546    0.007724    0.015746    0.475261    0.295747    0.287062    0.498296    0.123381    0.242796    0.103315    0.245833    4.725268    0.096976    0.022610    0.002912    4.928366    7.017994    0.694632    2.323804    2.319019    2.334627    0.063789    1.252597    2.029704
Iteration: 628 bestvalit: 116.955000 bestmemit:    0.003546    0.007724    0.015746    0.475261    0.295747    0.287062    0.498296    0.123381    0.242796    0.103315    0.245833    4.725268    0.096976    0.022610    0.002912    4.928366    7.017994    0.694632    2.323804    2.319019    2.334627    0.063789    1.252597    2.029704
Iteration: 629 bestvalit: 116.945000 bestmemit:    0.003546    0.007724    0.015746    0.475261    0.295747    0.287062    0.498296    0.101593    0.242796    0.103315    0.245833    4.725268    0.096976    0.022610    0.002912    4.928366    7.017994    0.694632    2.323804    2.319019    2.334627    0.063789    1.252597    2.029704
Iteration: 630 bestvalit: 116.945000 bestmemit:    0.003546    0.007724    0.015746    0.475261    0.295747    0.287062    0.498296    0.101593    0.242796    0.103315    0.245833    4.725268    0.096976    0.022610    0.002912    4.928366    7.017994    0.694632    2.323804    2.319019    2.334627    0.063789    1.252597    2.029704
Iteration: 631 bestvalit: 116.945000 bestmemit:    0.003546    0.007724    0.015746    0.475261    0.295747    0.287062    0.498296    0.101593    0.242796    0.103315    0.245833    4.725268    0.096976    0.022610    0.002912    4.928366    7.017994    0.694632    2.323804    2.319019    2.334627    0.063789    1.252597    2.029704
Iteration: 632 bestvalit: 116.945000 bestmemit:    0.003546    0.007724    0.015746    0.475261    0.295747    0.287062    0.498296    0.101593    0.242796    0.103315    0.245833    4.725268    0.096976    0.022610    0.002912    4.928366    7.017994    0.694632    2.323804    2.319019    2.334627    0.063789    1.252597    2.029704
Iteration: 633 bestvalit: 116.945000 bestmemit:    0.003546    0.007724    0.015746    0.475261    0.295747    0.287062    0.498296    0.101593    0.242796    0.103315    0.245833    4.725268    0.096976    0.022610    0.002912    4.928366    7.017994    0.694632    2.323804    2.319019    2.334627    0.063789    1.252597    2.029704
Iteration: 634 bestvalit: 116.945000 bestmemit:    0.003546    0.007724    0.015746    0.475261    0.295747    0.287062    0.498296    0.101593    0.242796    0.103315    0.245833    4.725268    0.096976    0.022610    0.002912    4.928366    7.017994    0.694632    2.323804    2.319019    2.334627    0.063789    1.252597    2.029704
Iteration: 635 bestvalit: 116.930000 bestmemit:    0.003546    0.007724    0.015746    0.451340    0.295747    0.287062    0.498296    0.101593    0.242796    0.103315    0.245833    4.725268    0.096976    0.022610    0.002912    4.928366    7.017994    0.694632    2.323804    2.319019    2.334627    0.063789    1.252597    2.029704
Iteration: 636 bestvalit: 116.930000 bestmemit:    0.003546    0.007724    0.015746    0.451340    0.295747    0.287062    0.498296    0.101593    0.242796    0.103315    0.245833    4.725268    0.096976    0.022610    0.002912    4.928366    7.017994    0.694632    2.323804    2.319019    2.334627    0.063789    1.252597    2.029704
Iteration: 637 bestvalit: 116.930000 bestmemit:    0.003546    0.007724    0.015746    0.451340    0.295747    0.287062    0.498296    0.101593    0.242796    0.103315    0.245833    4.725268    0.096976    0.022610    0.002912    4.928366    7.017994    0.694632    2.323804    2.319019    2.334627    0.063789    1.252597    2.029704
Iteration: 638 bestvalit: 116.930000 bestmemit:    0.003546    0.007724    0.015746    0.451340    0.295747    0.287062    0.498296    0.101593    0.242796    0.103315    0.245833    4.725268    0.096976    0.022610    0.002912    4.928366    7.017994    0.694632    2.323804    2.319019    2.334627    0.063789    1.252597    2.029704
Iteration: 639 bestvalit: 116.930000 bestmemit:    0.003546    0.007724    0.015746    0.451340    0.295747    0.287062    0.498296    0.101593    0.242796    0.103315    0.245833    4.725268    0.096976    0.022610    0.002912    4.928366    7.017994    0.694632    2.323804    2.319019    2.334627    0.063789    1.252597    2.029704
Iteration: 640 bestvalit: 116.930000 bestmemit:    0.003546    0.007724    0.015746    0.451340    0.295747    0.287062    0.498296    0.101593    0.242796    0.103315    0.245833    4.725268    0.096976    0.022610    0.002912    4.928366    7.017994    0.694632    2.323804    2.319019    2.334627    0.063789    1.252597    2.029704
Iteration: 641 bestvalit: 116.930000 bestmemit:    0.003546    0.007724    0.015746    0.451340    0.295747    0.287062    0.498296    0.101593    0.242796    0.103315    0.245833    4.725268    0.096976    0.022610    0.002912    4.928366    7.017994    0.694632    2.323804    2.319019    2.334627    0.063789    1.252597    2.029704
Iteration: 642 bestvalit: 116.930000 bestmemit:    0.003546    0.007724    0.015746    0.451340    0.295747    0.287062    0.498296    0.101593    0.242796    0.103315    0.245833    4.725268    0.096976    0.022610    0.002912    4.928366    7.017994    0.694632    2.323804    2.319019    2.334627    0.063789    1.252597    2.029704
Iteration: 643 bestvalit: 116.930000 bestmemit:    0.003546    0.007724    0.015746    0.451340    0.295747    0.287062    0.498296    0.101593    0.242796    0.103315    0.245833    4.725268    0.096976    0.022610    0.002912    4.928366    7.017994    0.694632    2.323804    2.319019    2.334627    0.063789    1.252597    2.029704
Iteration: 644 bestvalit: 116.930000 bestmemit:    0.003546    0.007724    0.015746    0.451340    0.295747    0.287062    0.498296    0.101593    0.242796    0.103315    0.245833    4.725268    0.096976    0.022610    0.002912    4.928366    7.017994    0.694632    2.323804    2.319019    2.334627    0.063789    1.252597    2.029704
Iteration: 645 bestvalit: 116.930000 bestmemit:    0.003546    0.007724    0.015746    0.451340    0.295747    0.287062    0.498296    0.101593    0.242796    0.103315    0.245833    4.725268    0.096976    0.022610    0.002912    4.928366    7.017994    0.694632    2.323804    2.319019    2.334627    0.063789    1.252597    2.029704
Iteration: 646 bestvalit: 116.930000 bestmemit:    0.003546    0.007724    0.015746    0.451340    0.295747    0.287062    0.498296    0.101593    0.242796    0.103315    0.245833    4.725268    0.096976    0.022610    0.002912    4.928366    7.017994    0.694632    2.323804    2.319019    2.334627    0.063789    1.252597    2.029704
Iteration: 647 bestvalit: 116.930000 bestmemit:    0.003546    0.007724    0.015746    0.451340    0.295747    0.287062    0.498296    0.101593    0.242796    0.103315    0.245833    4.725268    0.096976    0.022610    0.002912    4.928366    7.017994    0.694632    2.323804    2.319019    2.334627    0.063789    1.252597    2.029704
Iteration: 648 bestvalit: 116.930000 bestmemit:    0.003546    0.007724    0.015746    0.451340    0.295747    0.287062    0.498296    0.101593    0.242796    0.103315    0.245833    4.725268    0.096976    0.022610    0.002912    4.928366    7.017994    0.694632    2.323804    2.319019    2.334627    0.063789    1.252597    2.029704
Iteration: 649 bestvalit: 116.930000 bestmemit:    0.003546    0.007724    0.015746    0.451340    0.295747    0.287062    0.498296    0.101593    0.242796    0.103315    0.245833    4.725268    0.096976    0.022610    0.002912    4.928366    7.017994    0.694632    2.323804    2.319019    2.334627    0.063789    1.252597    2.029704
Iteration: 650 bestvalit: 116.930000 bestmemit:    0.003546    0.007724    0.015746    0.451340    0.295747    0.287062    0.498296    0.101593    0.242796    0.103315    0.245833    4.725268    0.096976    0.022610    0.002912    4.928366    7.017994    0.694632    2.323804    2.319019    2.334627    0.063789    1.252597    2.029704
Iteration: 651 bestvalit: 116.365000 bestmemit:    0.003546    0.007724    0.015746    0.451340    0.295747    0.287062    0.498296    0.101593    0.242796    0.103315    0.245833    4.725268    0.099898    0.022610    0.002912    4.928366    7.017994    0.694632    2.323804    2.319019    2.334627    0.063789    1.252597    2.029704
Iteration: 652 bestvalit: 116.365000 bestmemit:    0.003546    0.007724    0.015746    0.451340    0.295747    0.287062    0.498296    0.101593    0.242796    0.103315    0.245833    4.725268    0.099898    0.022610    0.002912    4.928366    7.017994    0.694632    2.323804    2.319019    2.334627    0.063789    1.252597    2.029704
Iteration: 653 bestvalit: 116.365000 bestmemit:    0.003546    0.007724    0.015746    0.451340    0.295747    0.287062    0.498296    0.101593    0.242796    0.103315    0.245833    4.725268    0.099898    0.022610    0.002912    4.928366    7.017994    0.694632    2.323804    2.319019    2.334627    0.063789    1.252597    2.029704
Iteration: 654 bestvalit: 116.365000 bestmemit:    0.003546    0.007724    0.015746    0.451340    0.295747    0.287062    0.498296    0.101593    0.242796    0.103315    0.245833    4.725268    0.099898    0.022610    0.002912    4.928366    7.017994    0.694632    2.323804    2.319019    2.334627    0.063789    1.252597    2.029704
Iteration: 655 bestvalit: 116.365000 bestmemit:    0.003546    0.007724    0.015746    0.451340    0.295747    0.287062    0.498296    0.101593    0.242796    0.103315    0.245833    4.725268    0.099898    0.022610    0.002912    4.928366    7.017994    0.694632    2.323804    2.319019    2.334627    0.063789    1.252597    2.029704
Iteration: 656 bestvalit: 116.365000 bestmemit:    0.003546    0.007724    0.015746    0.451340    0.295747    0.287062    0.498296    0.101593    0.242796    0.103315    0.245833    4.725268    0.099898    0.022610    0.002912    4.928366    7.017994    0.694632    2.323804    2.319019    2.334627    0.063789    1.252597    2.029704
Iteration: 657 bestvalit: 116.365000 bestmemit:    0.003546    0.007724    0.015746    0.451340    0.295747    0.287062    0.498296    0.101593    0.242796    0.103315    0.245833    4.725268    0.099898    0.022610    0.002912    4.928366    7.017994    0.694632    2.323804    2.319019    2.334627    0.063789    1.252597    2.029704
Iteration: 658 bestvalit: 116.365000 bestmemit:    0.003546    0.007724    0.015746    0.451340    0.295747    0.287062    0.498296    0.101593    0.242796    0.103315    0.245833    4.725268    0.099898    0.022610    0.002912    4.928366    7.017994    0.694632    2.323804    2.319019    2.334627    0.063789    1.252597    2.029704
Iteration: 659 bestvalit: 116.365000 bestmemit:    0.003546    0.007724    0.015746    0.451340    0.295747    0.287062    0.498296    0.101593    0.242796    0.103315    0.245833    4.725268    0.099898    0.022610    0.002912    4.928366    7.017994    0.694632    2.323804    2.319019    2.334627    0.063789    1.252597    2.029704
Iteration: 660 bestvalit: 116.365000 bestmemit:    0.003546    0.007724    0.015746    0.451340    0.295747    0.287062    0.498296    0.101593    0.242796    0.103315    0.245833    4.725268    0.099898    0.022610    0.002912    4.928366    7.017994    0.694632    2.323804    2.319019    2.334627    0.063789    1.252597    2.029704
Iteration: 661 bestvalit: 116.365000 bestmemit:    0.003546    0.007724    0.015746    0.451340    0.295747    0.287062    0.498296    0.101593    0.242796    0.103315    0.245833    4.725268    0.099898    0.022610    0.002912    4.928366    7.017994    0.694632    2.323804    2.319019    2.334627    0.063789    1.252597    2.029704
Iteration: 662 bestvalit: 116.365000 bestmemit:    0.003546    0.007724    0.015746    0.451340    0.295747    0.287062    0.498296    0.101593    0.242796    0.103315    0.245833    4.725268    0.099898    0.022610    0.002912    4.928366    7.017994    0.694632    2.323804    2.319019    2.334627    0.063789    1.252597    2.029704
Iteration: 663 bestvalit: 116.365000 bestmemit:    0.003546    0.007724    0.015746    0.451340    0.295747    0.287062    0.498296    0.101593    0.242796    0.103315    0.245833    4.725268    0.099898    0.022610    0.002912    4.928366    7.017994    0.694632    2.323804    2.319019    2.334627    0.063789    1.252597    2.029704
Iteration: 664 bestvalit: 116.365000 bestmemit:    0.003546    0.007724    0.015746    0.451340    0.295747    0.287062    0.498296    0.101593    0.242796    0.103315    0.245833    4.725268    0.099898    0.022610    0.002912    4.928366    7.017994    0.694632    2.323804    2.319019    2.334627    0.063789    1.252597    2.029704
Iteration: 665 bestvalit: 116.365000 bestmemit:    0.003546    0.007724    0.015746    0.451340    0.295747    0.287062    0.498296    0.101593    0.242796    0.103315    0.245833    4.725268    0.099898    0.022610    0.002912    4.928366    7.017994    0.694632    2.323804    2.319019    2.334627    0.063789    1.252597    2.029704
Iteration: 666 bestvalit: 116.365000 bestmemit:    0.003546    0.007724    0.015746    0.451340    0.295747    0.287062    0.498296    0.101593    0.242796    0.103315    0.245833    4.725268    0.099898    0.022610    0.002912    4.928366    7.017994    0.694632    2.323804    2.319019    2.334627    0.063789    1.252597    2.029704
Iteration: 667 bestvalit: 116.365000 bestmemit:    0.003546    0.007724    0.015746    0.451340    0.295747    0.287062    0.498296    0.101593    0.242796    0.103315    0.245833    4.725268    0.099898    0.022610    0.002912    4.928366    7.017994    0.694632    2.323804    2.319019    2.334627    0.063789    1.252597    2.029704
Iteration: 668 bestvalit: 116.365000 bestmemit:    0.003546    0.007724    0.015746    0.451340    0.295747    0.287062    0.498296    0.101593    0.242796    0.103315    0.245833    4.725268    0.099898    0.022610    0.002912    4.928366    7.017994    0.694632    2.323804    2.319019    2.334627    0.063789    1.252597    2.029704
Iteration: 669 bestvalit: 116.365000 bestmemit:    0.003546    0.007724    0.015746    0.451340    0.295747    0.287062    0.498296    0.101593    0.242796    0.103315    0.245833    4.725268    0.099898    0.022610    0.002912    4.928366    7.017994    0.694632    2.323804    2.319019    2.334627    0.063789    1.252597    2.029704
Iteration: 670 bestvalit: 116.365000 bestmemit:    0.003546    0.007724    0.015746    0.451340    0.295747    0.287062    0.498296    0.101593    0.242796    0.103315    0.245833    4.725268    0.099898    0.022610    0.002912    4.928366    7.017994    0.694632    2.323804    2.319019    2.334627    0.063789    1.252597    2.029704
Iteration: 671 bestvalit: 116.365000 bestmemit:    0.003546    0.007724    0.015746    0.451340    0.295747    0.287062    0.498296    0.101593    0.242796    0.103315    0.245833    4.725268    0.099898    0.022610    0.002912    4.928366    7.017994    0.694632    2.323804    2.319019    2.334627    0.063789    1.252597    2.029704
Iteration: 672 bestvalit: 116.365000 bestmemit:    0.003546    0.007724    0.015746    0.451340    0.295747    0.287062    0.498296    0.101593    0.242796    0.103315    0.245833    4.725268    0.099898    0.022610    0.002912    4.928366    7.017994    0.694632    2.323804    2.319019    2.334627    0.063789    1.252597    2.029704
Iteration: 673 bestvalit: 116.365000 bestmemit:    0.003546    0.007724    0.015746    0.451340    0.295747    0.287062    0.498296    0.101593    0.242796    0.103315    0.245833    4.725268    0.099898    0.022610    0.002912    4.928366    7.017994    0.694632    2.323804    2.319019    2.334627    0.063789    1.252597    2.029704
Iteration: 674 bestvalit: 116.365000 bestmemit:    0.003546    0.007724    0.015746    0.451340    0.295747    0.287062    0.498296    0.101593    0.242796    0.103315    0.245833    4.725268    0.099898    0.022610    0.002912    4.928366    7.017994    0.694632    2.323804    2.319019    2.334627    0.063789    1.252597    2.029704
Iteration: 675 bestvalit: 116.365000 bestmemit:    0.003546    0.007724    0.015746    0.451340    0.295747    0.287062    0.498296    0.101593    0.242796    0.103315    0.245833    4.725268    0.099898    0.022610    0.002912    4.928366    7.017994    0.694632    2.323804    2.319019    2.334627    0.063789    1.252597    2.029704
Iteration: 676 bestvalit: 116.365000 bestmemit:    0.003546    0.007724    0.015746    0.451340    0.295747    0.287062    0.498296    0.101593    0.242796    0.103315    0.245833    4.725268    0.099898    0.022610    0.002912    4.928366    7.017994    0.694632    2.323804    2.319019    2.334627    0.063789    1.252597    2.029704
Iteration: 677 bestvalit: 116.365000 bestmemit:    0.003546    0.007724    0.015746    0.451340    0.295747    0.287062    0.498296    0.101593    0.242796    0.103315    0.245833    4.725268    0.099898    0.022610    0.002912    4.928366    7.017994    0.694632    2.323804    2.319019    2.334627    0.063789    1.252597    2.029704
Iteration: 678 bestvalit: 116.365000 bestmemit:    0.003546    0.007724    0.015746    0.451340    0.295747    0.287062    0.498296    0.101593    0.242796    0.103315    0.245833    4.725268    0.099898    0.022610    0.002912    4.928366    7.017994    0.694632    2.323804    2.319019    2.334627    0.063789    1.252597    2.029704
Iteration: 679 bestvalit: 116.365000 bestmemit:    0.003546    0.007724    0.015746    0.451340    0.295747    0.287062    0.498296    0.101593    0.242796    0.103315    0.245833    4.725268    0.099898    0.022610    0.002912    4.928366    7.017994    0.694632    2.323804    2.319019    2.334627    0.063789    1.252597    2.029704
Iteration: 680 bestvalit: 116.365000 bestmemit:    0.003546    0.007724    0.015746    0.451340    0.295747    0.287062    0.498296    0.101593    0.242796    0.103315    0.245833    4.725268    0.099898    0.022610    0.002912    4.928366    7.017994    0.694632    2.323804    2.319019    2.334627    0.063789    1.252597    2.029704
Iteration: 681 bestvalit: 116.340000 bestmemit:    0.003546    0.007724    0.015746    0.451340    0.295747    0.287062    0.498296    0.080451    0.242796    0.103315    0.245833    4.725268    0.099898    0.022610    0.002912    4.928366    7.017994    0.694632    2.323804    2.319019    2.334627    0.063789    1.252597    2.029704
Iteration: 682 bestvalit: 116.340000 bestmemit:    0.003546    0.007724    0.015746    0.451340    0.295747    0.287062    0.498296    0.080451    0.242796    0.103315    0.245833    4.725268    0.099898    0.022610    0.002912    4.928366    7.017994    0.694632    2.323804    2.319019    2.334627    0.063789    1.252597    2.029704
Iteration: 683 bestvalit: 116.340000 bestmemit:    0.003546    0.007724    0.015746    0.451340    0.295747    0.287062    0.498296    0.080451    0.242796    0.103315    0.245833    4.725268    0.099898    0.022610    0.002912    4.928366    7.017994    0.694632    2.323804    2.319019    2.334627    0.063789    1.252597    2.029704
Iteration: 684 bestvalit: 116.340000 bestmemit:    0.003546    0.007724    0.015746    0.451340    0.295747    0.287062    0.498296    0.080451    0.242796    0.103315    0.245833    4.725268    0.099898    0.022610    0.002912    4.928366    7.017994    0.694632    2.323804    2.319019    2.334627    0.063789    1.252597    2.029704
Iteration: 685 bestvalit: 116.340000 bestmemit:    0.003546    0.007724    0.015746    0.451340    0.295747    0.287062    0.498296    0.080451    0.242796    0.103315    0.245833    4.725268    0.099898    0.022610    0.002912    4.928366    7.017994    0.694632    2.323804    2.319019    2.334627    0.063789    1.252597    2.029704
Iteration: 686 bestvalit: 116.340000 bestmemit:    0.003546    0.007724    0.015746    0.451340    0.295747    0.287062    0.498296    0.080451    0.242796    0.103315    0.245833    4.725268    0.099898    0.022610    0.002912    4.928366    7.017994    0.694632    2.323804    2.319019    2.334627    0.063789    1.252597    2.029704
Iteration: 687 bestvalit: 116.340000 bestmemit:    0.003546    0.007724    0.015746    0.451340    0.295747    0.287062    0.498296    0.080451    0.242796    0.103315    0.245833    4.725268    0.099898    0.022610    0.002912    4.928366    7.017994    0.694632    2.323804    2.319019    2.334627    0.063789    1.252597    2.029704
Iteration: 688 bestvalit: 116.340000 bestmemit:    0.003546    0.007724    0.015746    0.451340    0.295747    0.287062    0.498296    0.080451    0.242796    0.103315    0.245833    4.725268    0.099898    0.022610    0.002912    4.928366    7.017994    0.694632    2.323804    2.319019    2.334627    0.063789    1.252597    2.029704
Iteration: 689 bestvalit: 116.340000 bestmemit:    0.003546    0.007724    0.015746    0.451340    0.295747    0.287062    0.498296    0.080451    0.242796    0.103315    0.245833    4.725268    0.099898    0.022610    0.002912    4.928366    7.017994    0.694632    2.323804    2.319019    2.334627    0.063789    1.252597    2.029704
Iteration: 690 bestvalit: 116.340000 bestmemit:    0.003546    0.007724    0.015746    0.451340    0.295747    0.287062    0.498296    0.080451    0.242796    0.103315    0.245833    4.725268    0.099898    0.022610    0.002912    4.928366    7.017994    0.694632    2.323804    2.319019    2.334627    0.063789    1.252597    2.029704
Iteration: 691 bestvalit: 116.340000 bestmemit:    0.003546    0.007724    0.015746    0.451340    0.295747    0.287062    0.498296    0.080451    0.242796    0.103315    0.245833    4.725268    0.099898    0.022610    0.002912    4.928366    7.017994    0.694632    2.323804    2.319019    2.334627    0.063789    1.252597    2.029704
Iteration: 692 bestvalit: 116.340000 bestmemit:    0.003546    0.007724    0.015746    0.451340    0.295747    0.287062    0.498296    0.080451    0.242796    0.103315    0.245833    4.725268    0.099898    0.022610    0.002912    4.928366    7.017994    0.694632    2.323804    2.319019    2.334627    0.063789    1.252597    2.029704
Iteration: 693 bestvalit: 116.340000 bestmemit:    0.003546    0.007724    0.015746    0.451340    0.295747    0.287062    0.498296    0.080451    0.242796    0.103315    0.245833    4.725268    0.099898    0.022610    0.002912    4.928366    7.017994    0.694632    2.323804    2.319019    2.334627    0.063789    1.252597    2.029704
Iteration: 694 bestvalit: 116.340000 bestmemit:    0.003546    0.007724    0.015746    0.451340    0.295747    0.287062    0.498296    0.080451    0.242796    0.103315    0.245833    4.725268    0.099898    0.022610    0.002912    4.928366    7.017994    0.694632    2.323804    2.319019    2.334627    0.063789    1.252597    2.029704
Iteration: 695 bestvalit: 116.340000 bestmemit:    0.003546    0.007724    0.015746    0.451340    0.295747    0.287062    0.498296    0.080451    0.242796    0.103315    0.245833    4.725268    0.099898    0.022610    0.002912    4.928366    7.017994    0.694632    2.323804    2.319019    2.334627    0.063789    1.252597    2.029704
Iteration: 696 bestvalit: 116.340000 bestmemit:    0.003546    0.007724    0.015746    0.451340    0.295747    0.287062    0.498296    0.080451    0.242796    0.103315    0.245833    4.725268    0.099898    0.022610    0.002912    4.928366    7.017994    0.694632    2.323804    2.319019    2.334627    0.063789    1.252597    2.029704
Iteration: 697 bestvalit: 116.340000 bestmemit:    0.003546    0.007724    0.015746    0.451340    0.295747    0.287062    0.498296    0.080451    0.242796    0.103315    0.245833    4.725268    0.099898    0.022610    0.002912    4.928366    7.017994    0.694632    2.323804    2.319019    2.334627    0.063789    1.252597    2.029704
Iteration: 698 bestvalit: 114.435000 bestmemit:    0.003548    0.009276    0.044412    0.919756    0.157163    0.205616    0.487155    0.036324    0.246979    0.153715    0.195506    2.290641    0.033324    0.040548    0.002179    9.866190    8.423220    0.298448    1.810718    2.350077    2.378819    0.979721    1.190058    1.920997
Iteration: 699 bestvalit: 114.400000 bestmemit:    0.003548    0.009276    0.044412    0.919756    0.157163    0.205616    0.487155    0.036324    0.246979    0.153715    0.195506    2.290641    0.033324    0.040548    0.002179    9.866190    8.423220    0.298448    1.810718    2.350077    2.378819    0.953568    1.190058    1.920997
Iteration: 700 bestvalit: 114.400000 bestmemit:    0.003548    0.009276    0.044412    0.919756    0.157163    0.205616    0.487155    0.036324    0.246979    0.153715    0.195506    2.290641    0.033324    0.040548    0.002179    9.866190    8.423220    0.298448    1.810718    2.350077    2.378819    0.953568    1.190058    1.920997
Iteration: 701 bestvalit: 110.835000 bestmemit:    0.003548    0.009276    0.044412    0.919756    0.157163    0.205616    0.487155    0.036324    0.246979    0.153715    0.195506    2.290641    0.033324    0.040548    0.002179    9.866190    8.423220    0.298448    1.810718    2.350077    2.378819    0.953568    1.198307    1.920997
Iteration: 702 bestvalit: 110.835000 bestmemit:    0.003548    0.009276    0.044412    0.919756    0.157163    0.205616    0.487155    0.036324    0.246979    0.153715    0.195506    2.290641    0.033324    0.040548    0.002179    9.866190    8.423220    0.298448    1.810718    2.350077    2.378819    0.953568    1.198307    1.920997
Iteration: 703 bestvalit: 110.835000 bestmemit:    0.003548    0.009276    0.044412    0.919756    0.157163    0.205616    0.487155    0.036324    0.246979    0.153715    0.195506    2.290641    0.033324    0.040548    0.002179    9.866190    8.423220    0.298448    1.810718    2.350077    2.378819    0.953568    1.198307    1.920997
Iteration: 704 bestvalit: 110.835000 bestmemit:    0.003548    0.009276    0.044412    0.919756    0.157163    0.205616    0.487155    0.036324    0.246979    0.153715    0.195506    2.290641    0.033324    0.040548    0.002179    9.866190    8.423220    0.298448    1.810718    2.350077    2.378819    0.953568    1.198307    1.920997
Iteration: 705 bestvalit: 110.830000 bestmemit:    0.003548    0.009276    0.044412    0.975727    0.157163    0.205616    0.487155    0.036324    0.246979    0.153715    0.195506    2.290641    0.033324    0.040548    0.002179    9.866190    8.423220    0.298448    1.810718    2.350077    2.378819    0.953568    1.198307    1.920997
Iteration: 706 bestvalit: 110.830000 bestmemit:    0.003548    0.009276    0.044412    0.975727    0.157163    0.205616    0.487155    0.036324    0.246979    0.153715    0.195506    2.290641    0.033324    0.040548    0.002179    9.866190    8.423220    0.298448    1.810718    2.350077    2.378819    0.953568    1.198307    1.920997
Iteration: 707 bestvalit: 110.830000 bestmemit:    0.003548    0.009276    0.044412    0.975727    0.157163    0.205616    0.487155    0.036324    0.246979    0.153715    0.195506    2.290641    0.033324    0.040548    0.002179    9.866190    8.423220    0.298448    1.810718    2.350077    2.378819    0.953568    1.198307    1.920997
Iteration: 708 bestvalit: 110.830000 bestmemit:    0.003548    0.009276    0.044412    0.975727    0.157163    0.205616    0.487155    0.036324    0.246979    0.153715    0.195506    2.290641    0.033324    0.040548    0.002179    9.866190    8.423220    0.298448    1.810718    2.350077    2.378819    0.953568    1.198307    1.920997
Iteration: 709 bestvalit: 110.830000 bestmemit:    0.003548    0.009276    0.044412    0.975727    0.157163    0.205616    0.487155    0.036324    0.246979    0.153715    0.195506    2.290641    0.033324    0.040548    0.002179    9.866190    8.423220    0.298448    1.810718    2.350077    2.378819    0.953568    1.198307    1.920997
Iteration: 710 bestvalit: 110.830000 bestmemit:    0.003548    0.009276    0.044412    0.975727    0.157163    0.205616    0.487155    0.036324    0.246979    0.153715    0.195506    2.290641    0.033324    0.040548    0.002179    9.866190    8.423220    0.298448    1.810718    2.350077    2.378819    0.953568    1.198307    1.920997
Iteration: 711 bestvalit: 110.830000 bestmemit:    0.003548    0.009276    0.044412    0.975727    0.157163    0.205616    0.487155    0.036324    0.246979    0.153715    0.195506    2.290641    0.033324    0.040548    0.002179    9.866190    8.423220    0.298448    1.810718    2.350077    2.378819    0.953568    1.198307    1.920997
Iteration: 712 bestvalit: 110.830000 bestmemit:    0.003548    0.009276    0.044412    0.975727    0.157163    0.205616    0.487155    0.036324    0.246979    0.153715    0.195506    2.290641    0.033324    0.040548    0.002179    9.866190    8.423220    0.298448    1.810718    2.350077    2.378819    0.953568    1.198307    1.920997
Iteration: 713 bestvalit: 110.830000 bestmemit:    0.003548    0.009276    0.044412    0.975727    0.157163    0.205616    0.487155    0.036324    0.246979    0.153715    0.195506    2.290641    0.033324    0.040548    0.002179    9.866190    8.423220    0.298448    1.810718    2.350077    2.378819    0.953568    1.198307    1.920997
Iteration: 714 bestvalit: 110.830000 bestmemit:    0.003548    0.009276    0.044412    0.975727    0.157163    0.205616    0.487155    0.036324    0.246979    0.153715    0.195506    2.290641    0.033324    0.040548    0.002179    9.866190    8.423220    0.298448    1.810718    2.350077    2.378819    0.953568    1.198307    1.920997
Iteration: 715 bestvalit: 110.830000 bestmemit:    0.003548    0.009276    0.044412    0.975727    0.157163    0.205616    0.487155    0.036324    0.246979    0.153715    0.195506    2.290641    0.033324    0.040548    0.002179    9.866190    8.423220    0.298448    1.810718    2.350077    2.378819    0.953568    1.198307    1.920997
Iteration: 716 bestvalit: 110.830000 bestmemit:    0.003548    0.009276    0.044412    0.975727    0.157163    0.205616    0.487155    0.036324    0.246979    0.153715    0.195506    2.290641    0.033324    0.040548    0.002179    9.866190    8.423220    0.298448    1.810718    2.350077    2.378819    0.953568    1.198307    1.920997
Iteration: 717 bestvalit: 110.830000 bestmemit:    0.003548    0.009276    0.044412    0.975727    0.157163    0.205616    0.487155    0.036324    0.246979    0.153715    0.195506    2.290641    0.033324    0.040548    0.002179    9.866190    8.423220    0.298448    1.810718    2.350077    2.378819    0.953568    1.198307    1.920997
Iteration: 718 bestvalit: 110.830000 bestmemit:    0.003548    0.009276    0.044412    0.975727    0.157163    0.205616    0.487155    0.036324    0.246979    0.153715    0.195506    2.290641    0.033324    0.040548    0.002179    9.866190    8.423220    0.298448    1.810718    2.350077    2.378819    0.953568    1.198307    1.920997
Iteration: 719 bestvalit: 110.830000 bestmemit:    0.003548    0.009276    0.044412    0.975727    0.157163    0.205616    0.487155    0.036324    0.246979    0.153715    0.195506    2.290641    0.033324    0.040548    0.002179    9.866190    8.423220    0.298448    1.810718    2.350077    2.378819    0.953568    1.198307    1.920997
Iteration: 720 bestvalit: 110.830000 bestmemit:    0.003548    0.009276    0.044412    0.975727    0.157163    0.205616    0.487155    0.036324    0.246979    0.153715    0.195506    2.290641    0.033324    0.040548    0.002179    9.866190    8.423220    0.298448    1.810718    2.350077    2.378819    0.953568    1.198307    1.920997
Iteration: 721 bestvalit: 110.830000 bestmemit:    0.003548    0.009276    0.044412    0.975727    0.157163    0.205616    0.487155    0.036324    0.246979    0.153715    0.195506    2.290641    0.033324    0.040548    0.002179    9.866190    8.423220    0.298448    1.810718    2.350077    2.378819    0.953568    1.198307    1.920997
Iteration: 722 bestvalit: 110.830000 bestmemit:    0.003548    0.009276    0.044412    0.975727    0.157163    0.205616    0.487155    0.036324    0.246979    0.153715    0.195506    2.290641    0.033324    0.040548    0.002179    9.866190    8.423220    0.298448    1.810718    2.350077    2.378819    0.953568    1.198307    1.920997
Iteration: 723 bestvalit: 110.830000 bestmemit:    0.003548    0.009276    0.044412    0.975727    0.157163    0.205616    0.487155    0.036324    0.246979    0.153715    0.195506    2.290641    0.033324    0.040548    0.002179    9.866190    8.423220    0.298448    1.810718    2.350077    2.378819    0.953568    1.198307    1.920997
Iteration: 724 bestvalit: 109.835000 bestmemit:    0.003548    0.009276    0.044412    0.975727    0.157163    0.205616    0.487155    0.036324    0.246979    0.153715    0.195506    2.290641    0.033324    0.040548    0.002179    9.866190    8.423220    0.298448    1.810718    2.292569    2.378819    0.953568    1.198307    1.920997
Iteration: 725 bestvalit: 109.835000 bestmemit:    0.003548    0.009276    0.044412    0.975727    0.157163    0.205616    0.487155    0.036324    0.246979    0.153715    0.195506    2.290641    0.033324    0.040548    0.002179    9.866190    8.423220    0.298448    1.810718    2.292569    2.378819    0.953568    1.198307    1.920997
Iteration: 726 bestvalit: 109.835000 bestmemit:    0.003548    0.009276    0.044412    0.975727    0.157163    0.205616    0.487155    0.036324    0.246979    0.153715    0.195506    2.290641    0.033324    0.040548    0.002179    9.866190    8.423220    0.298448    1.810718    2.292569    2.378819    0.953568    1.198307    1.920997
Iteration: 727 bestvalit: 109.835000 bestmemit:    0.003548    0.009276    0.044412    0.975727    0.157163    0.205616    0.487155    0.036324    0.246979    0.153715    0.195506    2.290641    0.033324    0.040548    0.002179    9.866190    8.423220    0.298448    1.810718    2.292569    2.378819    0.953568    1.198307    1.920997
Iteration: 728 bestvalit: 109.835000 bestmemit:    0.003548    0.009276    0.044412    0.975727    0.157163    0.205616    0.487155    0.036324    0.246979    0.153715    0.195506    2.290641    0.033324    0.040548    0.002179    9.866190    8.423220    0.298448    1.810718    2.292569    2.378819    0.953568    1.198307    1.920997
Iteration: 729 bestvalit: 109.835000 bestmemit:    0.003548    0.009276    0.044412    0.975727    0.157163    0.205616    0.487155    0.036324    0.246979    0.153715    0.195506    2.290641    0.033324    0.040548    0.002179    9.866190    8.423220    0.298448    1.810718    2.292569    2.378819    0.953568    1.198307    1.920997
Iteration: 730 bestvalit: 109.835000 bestmemit:    0.003548    0.009276    0.044412    0.975727    0.157163    0.205616    0.487155    0.036324    0.246979    0.153715    0.195506    2.290641    0.033324    0.040548    0.002179    9.866190    8.423220    0.298448    1.810718    2.292569    2.378819    0.953568    1.198307    1.920997
Iteration: 731 bestvalit: 109.835000 bestmemit:    0.003548    0.009276    0.044412    0.975727    0.157163    0.205616    0.487155    0.036324    0.246979    0.153715    0.195506    2.290641    0.033324    0.040548    0.002179    9.866190    8.423220    0.298448    1.810718    2.292569    2.378819    0.953568    1.198307    1.920997
Iteration: 732 bestvalit: 109.725000 bestmemit:    0.003548    0.009276    0.044412    0.975727    0.157163    0.205616    0.487155    0.036324    0.246979    0.153715    0.195506    2.290641    0.033324    0.040548    0.002179    9.866190    8.423220    0.298448    1.810718    2.292569    2.202775    0.715567    1.198307    1.920997
Iteration: 733 bestvalit: 109.725000 bestmemit:    0.003548    0.009276    0.044412    0.975727    0.157163    0.205616    0.487155    0.036324    0.246979    0.153715    0.195506    2.290641    0.033324    0.040548    0.002179    9.866190    8.423220    0.298448    1.810718    2.292569    2.202775    0.715567    1.198307    1.920997
Iteration: 734 bestvalit: 109.725000 bestmemit:    0.003548    0.009276    0.044412    0.975727    0.157163    0.205616    0.487155    0.036324    0.246979    0.153715    0.195506    2.290641    0.033324    0.040548    0.002179    9.866190    8.423220    0.298448    1.810718    2.292569    2.202775    0.715567    1.198307    1.920997
Iteration: 735 bestvalit: 109.725000 bestmemit:    0.003548    0.009276    0.044412    0.975727    0.157163    0.205616    0.487155    0.036324    0.246979    0.153715    0.195506    2.290641    0.033324    0.040548    0.002179    9.866190    8.423220    0.298448    1.810718    2.292569    2.202775    0.715567    1.198307    1.920997
Iteration: 736 bestvalit: 109.725000 bestmemit:    0.003548    0.009276    0.044412    0.975727    0.157163    0.205616    0.487155    0.036324    0.246979    0.153715    0.195506    2.290641    0.033324    0.040548    0.002179    9.866190    8.423220    0.298448    1.810718    2.292569    2.202775    0.715567    1.198307    1.920997
Iteration: 737 bestvalit: 109.500000 bestmemit:    0.003548    0.009276    0.044412    0.975727    0.157163    0.205616    0.487155    0.018651    0.245131    0.153715    0.195506    2.290641    0.033324    0.040548    0.002179    9.866190    8.423220    0.298448    1.810718    2.292569    2.202775    0.715567    1.198307    1.920997
Iteration: 738 bestvalit: 109.500000 bestmemit:    0.003548    0.009276    0.044412    0.975727    0.157163    0.205616    0.487155    0.018651    0.245131    0.153715    0.195506    2.290641    0.033324    0.040548    0.002179    9.866190    8.423220    0.298448    1.810718    2.292569    2.202775    0.715567    1.198307    1.920997
Iteration: 739 bestvalit: 109.500000 bestmemit:    0.003548    0.009276    0.044412    0.975727    0.157163    0.205616    0.487155    0.018651    0.245131    0.153715    0.195506    2.290641    0.033324    0.040548    0.002179    9.866190    8.423220    0.298448    1.810718    2.292569    2.202775    0.715567    1.198307    1.920997
Iteration: 740 bestvalit: 109.500000 bestmemit:    0.003548    0.009276    0.044412    0.975727    0.157163    0.205616    0.487155    0.018651    0.245131    0.153715    0.195506    2.290641    0.033324    0.040548    0.002179    9.866190    8.423220    0.298448    1.810718    2.292569    2.202775    0.715567    1.198307    1.920997
Iteration: 741 bestvalit: 109.500000 bestmemit:    0.003548    0.009276    0.044412    0.975727    0.157163    0.205616    0.487155    0.018651    0.245131    0.153715    0.195506    2.290641    0.033324    0.040548    0.002179    9.866190    8.423220    0.298448    1.810718    2.292569    2.202775    0.715567    1.198307    1.920997
Iteration: 742 bestvalit: 109.500000 bestmemit:    0.003548    0.009276    0.044412    0.975727    0.157163    0.205616    0.487155    0.018651    0.245131    0.153715    0.195506    2.290641    0.033324    0.040548    0.002179    9.866190    8.423220    0.298448    1.810718    2.292569    2.202775    0.715567    1.198307    1.920997
Iteration: 743 bestvalit: 109.500000 bestmemit:    0.003548    0.009276    0.044412    0.975727    0.157163    0.205616    0.487155    0.018651    0.245131    0.153715    0.195506    2.290641    0.033324    0.040548    0.002179    9.866190    8.423220    0.298448    1.810718    2.292569    2.202775    0.715567    1.198307    1.920997
Iteration: 744 bestvalit: 109.500000 bestmemit:    0.003548    0.009276    0.044412    0.975727    0.157163    0.205616    0.487155    0.018651    0.245131    0.153715    0.195506    2.290641    0.033324    0.040548    0.002179    9.866190    8.423220    0.298448    1.810718    2.292569    2.202775    0.715567    1.198307    1.920997
Iteration: 745 bestvalit: 109.500000 bestmemit:    0.003548    0.009276    0.044412    0.975727    0.157163    0.205616    0.487155    0.018651    0.245131    0.153715    0.195506    2.290641    0.033324    0.040548    0.002179    9.866190    8.423220    0.298448    1.810718    2.292569    2.202775    0.715567    1.198307    1.920997
Iteration: 746 bestvalit: 109.500000 bestmemit:    0.003548    0.009276    0.044412    0.975727    0.157163    0.205616    0.487155    0.018651    0.245131    0.153715    0.195506    2.290641    0.033324    0.040548    0.002179    9.866190    8.423220    0.298448    1.810718    2.292569    2.202775    0.715567    1.198307    1.920997
Iteration: 747 bestvalit: 109.500000 bestmemit:    0.003548    0.009276    0.044412    0.975727    0.157163    0.205616    0.487155    0.018651    0.245131    0.153715    0.195506    2.290641    0.033324    0.040548    0.002179    9.866190    8.423220    0.298448    1.810718    2.292569    2.202775    0.715567    1.198307    1.920997
Iteration: 748 bestvalit: 109.500000 bestmemit:    0.003548    0.009276    0.044412    0.975727    0.157163    0.205616    0.487155    0.018651    0.245131    0.153715    0.195506    2.290641    0.033324    0.040548    0.002179    9.866190    8.423220    0.298448    1.810718    2.292569    2.202775    0.715567    1.198307    1.920997
Iteration: 749 bestvalit: 109.500000 bestmemit:    0.003548    0.009276    0.044412    0.975727    0.157163    0.205616    0.487155    0.018651    0.245131    0.153715    0.195506    2.290641    0.033324    0.040548    0.002179    9.866190    8.423220    0.298448    1.810718    2.292569    2.202775    0.715567    1.198307    1.920997
Iteration: 750 bestvalit: 109.500000 bestmemit:    0.003548    0.009276    0.044412    0.975727    0.157163    0.205616    0.487155    0.018651    0.245131    0.153715    0.195506    2.290641    0.033324    0.040548    0.002179    9.866190    8.423220    0.298448    1.810718    2.292569    2.202775    0.715567    1.198307    1.920997
Iteration: 751 bestvalit: 109.500000 bestmemit:    0.003548    0.009276    0.044412    0.975727    0.157163    0.205616    0.487155    0.018651    0.245131    0.153715    0.195506    2.290641    0.033324    0.040548    0.002179    9.866190    8.423220    0.298448    1.810718    2.292569    2.202775    0.715567    1.198307    1.920997
Iteration: 752 bestvalit: 109.500000 bestmemit:    0.003548    0.009276    0.044412    0.975727    0.157163    0.205616    0.487155    0.018651    0.245131    0.153715    0.195506    2.290641    0.033324    0.040548    0.002179    9.866190    8.423220    0.298448    1.810718    2.292569    2.202775    0.715567    1.198307    1.920997
Iteration: 753 bestvalit: 109.500000 bestmemit:    0.003548    0.009276    0.044412    0.975727    0.157163    0.205616    0.487155    0.018651    0.245131    0.153715    0.195506    2.290641    0.033324    0.040548    0.002179    9.866190    8.423220    0.298448    1.810718    2.292569    2.202775    0.715567    1.198307    1.920997
Iteration: 754 bestvalit: 109.500000 bestmemit:    0.003548    0.009276    0.044412    0.975727    0.157163    0.205616    0.487155    0.018651    0.245131    0.153715    0.195506    2.290641    0.033324    0.040548    0.002179    9.866190    8.423220    0.298448    1.810718    2.292569    2.202775    0.715567    1.198307    1.920997
Iteration: 755 bestvalit: 109.395000 bestmemit:    0.003548    0.009276    0.044412    0.975727    0.157163    0.205616    0.487155    0.018651    0.245131    0.153715    0.195506    2.527349    0.032867    0.040548    0.002179    9.866190    8.423220    0.298448    1.810718    2.292569    2.202775    0.715567    1.198307    1.920997
Iteration: 756 bestvalit: 109.395000 bestmemit:    0.003548    0.009276    0.044412    0.975727    0.157163    0.205616    0.487155    0.018651    0.245131    0.153715    0.195506    2.527349    0.032867    0.040548    0.002179    9.866190    8.423220    0.298448    1.810718    2.292569    2.202775    0.715567    1.198307    1.920997
Iteration: 757 bestvalit: 109.395000 bestmemit:    0.003548    0.009276    0.044412    0.975727    0.157163    0.205616    0.487155    0.018651    0.245131    0.153715    0.195506    2.527349    0.032867    0.040548    0.002179    9.866190    8.423220    0.298448    1.810718    2.292569    2.202775    0.715567    1.198307    1.920997
Iteration: 758 bestvalit: 109.395000 bestmemit:    0.003548    0.009276    0.044412    0.975727    0.157163    0.205616    0.487155    0.018651    0.245131    0.153715    0.195506    2.527349    0.032867    0.040548    0.002179    9.866190    8.423220    0.298448    1.810718    2.292569    2.202775    0.715567    1.198307    1.920997
Iteration: 759 bestvalit: 109.395000 bestmemit:    0.003548    0.009276    0.044412    0.975727    0.157163    0.205616    0.487155    0.018651    0.245131    0.153715    0.195506    2.527349    0.032867    0.040548    0.002179    9.866190    8.423220    0.298448    1.810718    2.292569    2.202775    0.715567    1.198307    1.920997
Iteration: 760 bestvalit: 109.395000 bestmemit:    0.003548    0.009276    0.044412    0.975727    0.157163    0.205616    0.487155    0.018651    0.245131    0.153715    0.195506    2.527349    0.032867    0.040548    0.002179    9.866190    8.423220    0.298448    1.810718    2.292569    2.202775    0.715567    1.198307    1.920997
Iteration: 761 bestvalit: 109.395000 bestmemit:    0.003548    0.009276    0.044412    0.975727    0.157163    0.205616    0.487155    0.018651    0.245131    0.153715    0.195506    2.527349    0.032867    0.040548    0.002179    9.866190    8.423220    0.298448    1.810718    2.292569    2.202775    0.715567    1.198307    1.920997
Iteration: 762 bestvalit: 109.395000 bestmemit:    0.003548    0.009276    0.044412    0.975727    0.157163    0.205616    0.487155    0.018651    0.245131    0.153715    0.195506    2.527349    0.032867    0.040548    0.002179    9.866190    8.423220    0.298448    1.810718    2.292569    2.202775    0.715567    1.198307    1.920997
Iteration: 763 bestvalit: 109.395000 bestmemit:    0.003548    0.009276    0.044412    0.975727    0.157163    0.205616    0.487155    0.018651    0.245131    0.153715    0.195506    2.527349    0.032867    0.040548    0.002179    9.866190    8.423220    0.298448    1.810718    2.292569    2.202775    0.715567    1.198307    1.920997
Iteration: 764 bestvalit: 109.395000 bestmemit:    0.003548    0.009276    0.044412    0.975727    0.157163    0.205616    0.487155    0.018651    0.245131    0.153715    0.195506    2.527349    0.032867    0.040548    0.002179    9.866190    8.423220    0.298448    1.810718    2.292569    2.202775    0.715567    1.198307    1.920997
Iteration: 765 bestvalit: 109.395000 bestmemit:    0.003548    0.009276    0.044412    0.975727    0.157163    0.205616    0.487155    0.018651    0.245131    0.153715    0.195506    2.527349    0.032867    0.040548    0.002179    9.866190    8.423220    0.298448    1.810718    2.292569    2.202775    0.715567    1.198307    1.920997
Iteration: 766 bestvalit: 109.395000 bestmemit:    0.003548    0.009276    0.044412    0.975727    0.157163    0.205616    0.487155    0.018651    0.245131    0.153715    0.195506    2.527349    0.032867    0.040548    0.002179    9.866190    8.423220    0.298448    1.810718    2.292569    2.202775    0.715567    1.198307    1.920997
Iteration: 767 bestvalit: 109.395000 bestmemit:    0.003548    0.009276    0.044412    0.975727    0.157163    0.205616    0.487155    0.018651    0.245131    0.153715    0.195506    2.527349    0.032867    0.040548    0.002179    9.866190    8.423220    0.298448    1.810718    2.292569    2.202775    0.715567    1.198307    1.920997
Iteration: 768 bestvalit: 109.395000 bestmemit:    0.003548    0.009276    0.044412    0.975727    0.157163    0.205616    0.487155    0.018651    0.245131    0.153715    0.195506    2.527349    0.032867    0.040548    0.002179    9.866190    8.423220    0.298448    1.810718    2.292569    2.202775    0.715567    1.198307    1.920997
Iteration: 769 bestvalit: 109.395000 bestmemit:    0.003548    0.009276    0.044412    0.975727    0.157163    0.205616    0.487155    0.018651    0.245131    0.153715    0.195506    2.527349    0.032867    0.040548    0.002179    9.866190    8.423220    0.298448    1.810718    2.292569    2.202775    0.715567    1.198307    1.920997
Iteration: 770 bestvalit: 109.395000 bestmemit:    0.003548    0.009276    0.044412    0.975727    0.157163    0.205616    0.487155    0.018651    0.245131    0.153715    0.195506    2.527349    0.032867    0.040548    0.002179    9.866190    8.423220    0.298448    1.810718    2.292569    2.202775    0.715567    1.198307    1.920997
Iteration: 771 bestvalit: 109.395000 bestmemit:    0.003548    0.009276    0.044412    0.975727    0.157163    0.205616    0.487155    0.018651    0.245131    0.153715    0.195506    2.527349    0.032867    0.040548    0.002179    9.866190    8.423220    0.298448    1.810718    2.292569    2.202775    0.715567    1.198307    1.920997
Iteration: 772 bestvalit: 109.395000 bestmemit:    0.003548    0.009276    0.044412    0.975727    0.157163    0.205616    0.487155    0.018651    0.245131    0.153715    0.195506    2.527349    0.032867    0.040548    0.002179    9.866190    8.423220    0.298448    1.810718    2.292569    2.202775    0.715567    1.198307    1.920997
Iteration: 773 bestvalit: 109.395000 bestmemit:    0.003548    0.009276    0.044412    0.975727    0.157163    0.205616    0.487155    0.018651    0.245131    0.153715    0.195506    2.527349    0.032867    0.040548    0.002179    9.866190    8.423220    0.298448    1.810718    2.292569    2.202775    0.715567    1.198307    1.920997
Iteration: 774 bestvalit: 109.395000 bestmemit:    0.003548    0.009276    0.044412    0.975727    0.157163    0.205616    0.487155    0.018651    0.245131    0.153715    0.195506    2.527349    0.032867    0.040548    0.002179    9.866190    8.423220    0.298448    1.810718    2.292569    2.202775    0.715567    1.198307    1.920997
Iteration: 775 bestvalit: 109.395000 bestmemit:    0.003548    0.009276    0.044412    0.975727    0.157163    0.205616    0.487155    0.018651    0.245131    0.153715    0.195506    2.527349    0.032867    0.040548    0.002179    9.866190    8.423220    0.298448    1.810718    2.292569    2.202775    0.715567    1.198307    1.920997
Iteration: 776 bestvalit: 109.395000 bestmemit:    0.003548    0.009276    0.044412    0.975727    0.157163    0.205616    0.487155    0.018651    0.245131    0.153715    0.195506    2.527349    0.032867    0.040548    0.002179    9.866190    8.423220    0.298448    1.810718    2.292569    2.202775    0.715567    1.198307    1.920997
Iteration: 777 bestvalit: 109.395000 bestmemit:    0.003548    0.009276    0.044412    0.975727    0.157163    0.205616    0.487155    0.018651    0.245131    0.153715    0.195506    2.527349    0.032867    0.040548    0.002179    9.866190    8.423220    0.298448    1.810718    2.292569    2.202775    0.715567    1.198307    1.920997
Iteration: 778 bestvalit: 109.395000 bestmemit:    0.003548    0.009276    0.044412    0.949137    0.157163    0.205616    0.487155    0.018651    0.245131    0.153715    0.195506    2.527349    0.032867    0.040548    0.002179    9.866190    8.423220    0.298448    1.810718    2.292569    2.202775    0.715567    1.198307    1.920997
Iteration: 779 bestvalit: 109.395000 bestmemit:    0.003548    0.009276    0.044412    0.949137    0.157163    0.205616    0.487155    0.018651    0.245131    0.153715    0.195506    2.527349    0.032867    0.040548    0.002179    9.866190    8.423220    0.298448    1.810718    2.292569    2.202775    0.715567    1.198307    1.920997
Iteration: 780 bestvalit: 109.395000 bestmemit:    0.003548    0.009276    0.044412    0.949137    0.157163    0.205616    0.487155    0.018651    0.245131    0.153715    0.195506    2.527349    0.032867    0.040548    0.002179    9.866190    8.423220    0.298448    1.810718    2.292569    2.202775    0.715567    1.198307    1.920997
Iteration: 781 bestvalit: 109.395000 bestmemit:    0.003548    0.009276    0.044412    0.949137    0.157163    0.205616    0.487155    0.018651    0.245131    0.153715    0.195506    2.527349    0.032867    0.040548    0.002179    9.866190    8.423220    0.298448    1.810718    2.292569    2.202775    0.715567    1.198307    1.920997
Iteration: 782 bestvalit: 109.395000 bestmemit:    0.003548    0.009276    0.044412    0.949137    0.157163    0.205616    0.487155    0.018651    0.245131    0.153715    0.195506    2.527349    0.032867    0.040548    0.002179    9.866190    8.423220    0.298448    1.810718    2.292569    2.202775    0.715567    1.198307    1.920997
Iteration: 783 bestvalit: 109.395000 bestmemit:    0.003548    0.009276    0.044412    0.949137    0.157163    0.205616    0.487155    0.018651    0.245131    0.153715    0.195506    2.527349    0.032867    0.040548    0.002179    9.866190    8.423220    0.298448    1.810718    2.292569    2.202775    0.715567    1.198307    1.920997
Iteration: 784 bestvalit: 109.395000 bestmemit:    0.003548    0.009276    0.044412    0.949137    0.157163    0.205616    0.487155    0.018651    0.245131    0.153715    0.195506    2.527349    0.032867    0.040548    0.002179    9.866190    8.423220    0.298448    1.810718    2.292569    2.202775    0.715567    1.198307    1.920997
Iteration: 785 bestvalit: 109.395000 bestmemit:    0.003548    0.009276    0.044412    0.949137    0.157163    0.205616    0.487155    0.018651    0.245131    0.153715    0.195506    2.527349    0.032867    0.040548    0.002179    9.866190    8.423220    0.298448    1.810718    2.292569    2.202775    0.715567    1.198307    1.920997
Iteration: 786 bestvalit: 109.395000 bestmemit:    0.003548    0.009276    0.044412    0.949137    0.157163    0.205616    0.487155    0.018651    0.245131    0.153715    0.195506    2.527349    0.032867    0.040548    0.002179    9.866190    8.423220    0.298448    1.810718    2.292569    2.202775    0.715567    1.198307    1.920997
Iteration: 787 bestvalit: 109.395000 bestmemit:    0.003548    0.009276    0.044412    0.949137    0.157163    0.205616    0.487155    0.018651    0.245131    0.153715    0.195506    2.527349    0.032867    0.040548    0.002179    9.866190    8.423220    0.298448    1.810718    2.292569    2.202775    0.715567    1.198307    1.920997
Iteration: 788 bestvalit: 109.395000 bestmemit:    0.003548    0.009276    0.044412    0.949137    0.157163    0.205616    0.487155    0.018651    0.245131    0.153715    0.195506    2.527349    0.032867    0.040548    0.002179    9.866190    8.423220    0.298448    1.810718    2.292569    2.202775    0.715567    1.198307    1.920997
Iteration: 789 bestvalit: 109.395000 bestmemit:    0.003548    0.009276    0.044412    0.949137    0.157163    0.205616    0.487155    0.018651    0.245131    0.153715    0.195506    2.527349    0.032867    0.040548    0.002179    9.866190    8.423220    0.298448    1.810718    2.292569    2.202775    0.715567    1.198307    1.920997
Iteration: 790 bestvalit: 109.395000 bestmemit:    0.003548    0.009276    0.044412    0.949137    0.157163    0.205616    0.487155    0.018651    0.245131    0.153715    0.195506    2.527349    0.032867    0.040548    0.002179    9.866190    8.423220    0.298448    1.810718    2.292569    2.202775    0.715567    1.198307    1.920997
Iteration: 791 bestvalit: 109.395000 bestmemit:    0.003548    0.009276    0.044412    0.949137    0.157163    0.205616    0.487155    0.018651    0.245131    0.153715    0.195506    2.527349    0.032867    0.040548    0.002179    9.866190    8.423220    0.298448    1.810718    2.292569    2.202775    0.715567    1.198307    1.920997
Iteration: 792 bestvalit: 109.395000 bestmemit:    0.003548    0.009276    0.044412    0.949137    0.157163    0.205616    0.487155    0.018651    0.245131    0.153715    0.195506    2.527349    0.032867    0.040548    0.002179    9.866190    8.423220    0.298448    1.810718    2.292569    2.202775    0.715567    1.198307    1.920997
Iteration: 793 bestvalit: 109.395000 bestmemit:    0.003548    0.009276    0.044412    0.949137    0.157163    0.205616    0.487155    0.018651    0.245131    0.153715    0.195506    2.527349    0.032867    0.040548    0.002179    9.866190    8.423220    0.298448    1.810718    2.292569    2.202775    0.715567    1.198307    1.920997
Iteration: 794 bestvalit: 109.395000 bestmemit:    0.003548    0.009276    0.044412    0.949137    0.157163    0.205616    0.487155    0.018651    0.245131    0.153715    0.195506    2.527349    0.032867    0.040548    0.002179    9.866190    8.423220    0.298448    1.810718    2.292569    2.202775    0.715567    1.198307    1.920997
Iteration: 795 bestvalit: 109.395000 bestmemit:    0.003548    0.009276    0.044412    0.949137    0.157163    0.205616    0.487155    0.018651    0.245131    0.153715    0.195506    2.527349    0.032867    0.040548    0.002179    9.866190    8.423220    0.298448    1.810718    2.292569    2.202775    0.715567    1.198307    1.920997
Iteration: 796 bestvalit: 109.395000 bestmemit:    0.003548    0.009276    0.044412    0.949137    0.157163    0.205616    0.487155    0.018651    0.245131    0.153715    0.195506    2.527349    0.032867    0.040548    0.002179    9.866190    8.423220    0.298448    1.810718    2.292569    2.202775    0.715567    1.198307    1.920997
Iteration: 797 bestvalit: 109.395000 bestmemit:    0.003548    0.009276    0.044412    0.949137    0.157163    0.205616    0.487155    0.018651    0.245131    0.153715    0.195506    2.527349    0.032867    0.040548    0.002179    9.866190    8.423220    0.298448    1.810718    2.292569    2.202775    0.715567    1.198307    1.920997
Iteration: 798 bestvalit: 109.395000 bestmemit:    0.003548    0.009276    0.044412    0.949137    0.157163    0.205616    0.487155    0.018651    0.245131    0.153715    0.195506    2.527349    0.032867    0.040548    0.002179    9.866190    8.423220    0.298448    1.810718    2.292569    2.202775    0.715567    1.198307    1.920997
Iteration: 799 bestvalit: 109.395000 bestmemit:    0.003548    0.009276    0.044412    0.949137    0.157163    0.205616    0.487155    0.018651    0.245131    0.153715    0.195506    2.527349    0.032867    0.040548    0.002179    9.866190    8.423220    0.298448    1.810718    2.292569    2.202775    0.715567    1.198307    1.920997
Iteration: 800 bestvalit: 109.395000 bestmemit:    0.003548    0.009276    0.044412    0.949137    0.157163    0.205616    0.487155    0.018651    0.245131    0.153715    0.195506    2.527349    0.032867    0.040548    0.002179    9.866190    8.423220    0.298448    1.810718    2.292569    2.202775    0.715567    1.198307    1.920997
Iteration: 801 bestvalit: 109.395000 bestmemit:    0.003548    0.009276    0.044412    0.949137    0.157163    0.205616    0.487155    0.018651    0.245131    0.153715    0.195506    2.527349    0.032867    0.040548    0.002179    9.866190    8.423220    0.298448    1.810718    2.292569    2.202775    0.715567    1.198307    1.920997
Iteration: 802 bestvalit: 109.395000 bestmemit:    0.003548    0.009276    0.044412    0.949137    0.157163    0.205616    0.487155    0.018651    0.245131    0.153715    0.195506    2.527349    0.032867    0.040548    0.002179    9.866190    8.423220    0.298448    1.810718    2.292569    2.202775    0.715567    1.198307    1.920997
Iteration: 803 bestvalit: 109.395000 bestmemit:    0.003548    0.009276    0.044412    0.949137    0.157163    0.205616    0.487155    0.018651    0.245131    0.153715    0.195506    2.527349    0.032867    0.040548    0.002179    9.866190    8.423220    0.298448    1.810718    2.292569    2.202775    0.715567    1.198307    1.920997
Iteration: 804 bestvalit: 109.395000 bestmemit:    0.003548    0.009276    0.044412    0.949137    0.157163    0.205616    0.487155    0.018651    0.245131    0.153715    0.195506    2.527349    0.032867    0.040548    0.002179    9.866190    8.423220    0.298448    1.810718    2.292569    2.202775    0.715567    1.198307    1.920997
Iteration: 805 bestvalit: 109.395000 bestmemit:    0.003548    0.009276    0.044412    0.949137    0.157163    0.205616    0.487155    0.018651    0.245131    0.153715    0.195506    2.527349    0.032867    0.040548    0.002179    9.866190    8.423220    0.298448    1.810718    2.292569    2.202775    0.715567    1.198307    1.920997
Iteration: 806 bestvalit: 109.395000 bestmemit:    0.003548    0.009276    0.044412    0.949137    0.157163    0.205616    0.487155    0.018651    0.245131    0.153715    0.195506    2.527349    0.032867    0.040548    0.002179    9.866190    8.423220    0.298448    1.810718    2.292569    2.202775    0.715567    1.198307    1.920997
Iteration: 807 bestvalit: 109.205000 bestmemit:    0.003548    0.009276    0.044412    0.949137    0.157163    0.205616    0.487155    0.018651    0.245131    0.153715    0.195506    2.527349    0.032867    0.040548    0.002179    9.190201    8.423220    0.298448    1.810718    2.292569    2.202775    0.715567    1.198307    1.920997
Iteration: 808 bestvalit: 109.205000 bestmemit:    0.003548    0.009276    0.044412    0.949137    0.157163    0.205616    0.487155    0.018651    0.245131    0.153715    0.195506    2.527349    0.032867    0.040548    0.002179    9.190201    8.423220    0.298448    1.810718    2.292569    2.202775    0.715567    1.198307    1.920997
Iteration: 809 bestvalit: 109.205000 bestmemit:    0.003548    0.009276    0.044412    0.949137    0.157163    0.205616    0.487155    0.018651    0.245131    0.153715    0.195506    2.527349    0.032867    0.040548    0.002179    9.190201    8.423220    0.298448    1.810718    2.292569    2.202775    0.715567    1.198307    1.920997
Iteration: 810 bestvalit: 109.205000 bestmemit:    0.003548    0.009276    0.044412    0.949137    0.157163    0.205616    0.487155    0.018651    0.245131    0.153715    0.195506    2.527349    0.032867    0.040548    0.002179    9.190201    8.423220    0.298448    1.810718    2.292569    2.202775    0.715567    1.198307    1.920997
Iteration: 811 bestvalit: 109.205000 bestmemit:    0.003548    0.009276    0.044412    0.949137    0.157163    0.205616    0.487155    0.018651    0.245131    0.153715    0.195506    2.527349    0.032867    0.040548    0.002179    9.190201    8.423220    0.298448    1.810718    2.292569    2.202775    0.715567    1.198307    1.920997
Iteration: 812 bestvalit: 109.205000 bestmemit:    0.003548    0.009276    0.044412    0.949137    0.157163    0.205616    0.487155    0.018651    0.245131    0.153715    0.195506    2.527349    0.032867    0.040548    0.002179    9.190201    8.423220    0.298448    1.810718    2.292569    2.202775    0.715567    1.198307    1.920997
Iteration: 813 bestvalit: 109.205000 bestmemit:    0.003548    0.009276    0.044412    0.949137    0.157163    0.205616    0.487155    0.018651    0.245131    0.153715    0.195506    2.527349    0.032867    0.040548    0.002179    9.190201    8.423220    0.298448    1.810718    2.292569    2.202775    0.715567    1.198307    1.920997
Iteration: 814 bestvalit: 109.205000 bestmemit:    0.003548    0.009276    0.044412    0.949137    0.157163    0.205616    0.487155    0.018651    0.245131    0.153715    0.195506    2.527349    0.032867    0.040548    0.002179    9.190201    8.423220    0.298448    1.810718    2.292569    2.202775    0.715567    1.198307    1.920997
Iteration: 815 bestvalit: 109.205000 bestmemit:    0.003548    0.009276    0.044412    0.949137    0.157163    0.205616    0.487155    0.018651    0.245131    0.153715    0.195506    2.527349    0.032867    0.040548    0.002179    9.190201    8.423220    0.298448    1.810718    2.292569    2.202775    0.715567    1.198307    1.920997
Iteration: 816 bestvalit: 109.205000 bestmemit:    0.003548    0.009276    0.044412    0.949137    0.157163    0.205616    0.487155    0.018651    0.245131    0.153715    0.195506    2.527349    0.032867    0.040548    0.002179    9.190201    8.423220    0.298448    1.810718    2.292569    2.202775    0.715567    1.198307    1.920997
Iteration: 817 bestvalit: 108.530000 bestmemit:    0.003548    0.009276    0.044412    0.949137    0.157163    0.205616    0.487155    0.018651    0.230973    0.153715    0.195506    2.527349    0.032867    0.040548    0.002179    9.190201    8.423220    0.298448    1.810718    2.292569    2.202775    0.715567    1.198307    1.920997
Iteration: 818 bestvalit: 108.530000 bestmemit:    0.003548    0.009276    0.044412    0.949137    0.157163    0.205616    0.487155    0.018651    0.230973    0.153715    0.195506    2.527349    0.032867    0.040548    0.002179    9.190201    8.423220    0.298448    1.810718    2.292569    2.202775    0.715567    1.198307    1.920997
Iteration: 819 bestvalit: 108.530000 bestmemit:    0.003548    0.009276    0.044412    0.949137    0.157163    0.205616    0.487155    0.018651    0.230973    0.153715    0.195506    2.527349    0.032867    0.040548    0.002179    9.190201    8.423220    0.298448    1.810718    2.292569    2.202775    0.715567    1.198307    1.920997
Iteration: 820 bestvalit: 108.530000 bestmemit:    0.003548    0.009276    0.044412    0.949137    0.157163    0.205616    0.487155    0.018651    0.230973    0.153715    0.195506    2.527349    0.032867    0.040548    0.002179    9.190201    8.423220    0.298448    1.810718    2.292569    2.202775    0.715567    1.198307    1.920997
Iteration: 821 bestvalit: 108.530000 bestmemit:    0.003548    0.009276    0.044412    0.949137    0.157163    0.205616    0.487155    0.018651    0.230973    0.153715    0.195506    2.527349    0.032867    0.040548    0.002179    9.190201    8.423220    0.298448    1.810718    2.292569    2.202775    0.715567    1.198307    1.920997
Iteration: 822 bestvalit: 108.200000 bestmemit:    0.003548    0.009276    0.044412    0.949137    0.157163    0.205616    0.487155    0.018651    0.230973    0.153715    0.195506    2.527349    0.032867    0.040548    0.002179    9.190201    8.423220    0.298448    1.810718    2.292569    2.202775    0.164994    1.198307    1.920997
Iteration: 823 bestvalit: 108.200000 bestmemit:    0.003548    0.009276    0.044412    0.949137    0.157163    0.205616    0.487155    0.018651    0.230973    0.153715    0.195506    2.527349    0.032867    0.040548    0.002179    9.190201    8.423220    0.298448    1.810718    2.292569    2.202775    0.164994    1.198307    1.920997
Iteration: 824 bestvalit: 108.200000 bestmemit:    0.003548    0.009276    0.044412    0.949137    0.157163    0.205616    0.487155    0.018651    0.230973    0.153715    0.195506    2.527349    0.032867    0.040548    0.002179    9.190201    8.423220    0.298448    1.810718    2.292569    2.202775    0.164994    1.198307    1.920997
Iteration: 825 bestvalit: 108.200000 bestmemit:    0.003548    0.009276    0.044412    0.949137    0.157163    0.205616    0.487155    0.018651    0.230973    0.153715    0.195506    2.527349    0.032867    0.040548    0.002179    9.190201    8.423220    0.298448    1.810718    2.292569    2.202775    0.164994    1.198307    1.920997
Iteration: 826 bestvalit: 108.200000 bestmemit:    0.003548    0.009276    0.044412    0.949137    0.157163    0.205616    0.487155    0.018651    0.230973    0.153715    0.195506    2.527349    0.032867    0.040548    0.002179    9.190201    8.423220    0.298448    1.810718    2.292569    2.202775    0.164994    1.198307    1.920997
Iteration: 827 bestvalit: 108.200000 bestmemit:    0.003548    0.009276    0.044412    0.949137    0.157163    0.205616    0.487155    0.018651    0.230973    0.153715    0.195506    2.527349    0.032867    0.040548    0.002179    9.190201    8.423220    0.298448    1.810718    2.292569    2.202775    0.164994    1.198307    1.920997
Iteration: 828 bestvalit: 108.200000 bestmemit:    0.003548    0.009276    0.044412    0.949137    0.157163    0.205616    0.487155    0.018651    0.230973    0.153715    0.195506    2.527349    0.032867    0.040548    0.002179    9.190201    8.423220    0.298448    1.810718    2.292569    2.202775    0.164994    1.198307    1.920997
Iteration: 829 bestvalit: 108.200000 bestmemit:    0.003548    0.009276    0.044412    0.949137    0.157163    0.205616    0.487155    0.018651    0.230973    0.153715    0.195506    2.527349    0.032867    0.040548    0.002179    9.190201    8.423220    0.298448    1.810718    2.292569    2.202775    0.164994    1.198307    1.920997
Iteration: 830 bestvalit: 108.200000 bestmemit:    0.003548    0.009276    0.044412    0.949137    0.157163    0.205616    0.487155    0.018651    0.230973    0.153715    0.195506    2.527349    0.032867    0.040548    0.002179    9.190201    8.423220    0.298448    1.810718    2.292569    2.202775    0.164994    1.198307    1.920997
Iteration: 831 bestvalit: 108.200000 bestmemit:    0.003548    0.009276    0.044412    0.949137    0.157163    0.205616    0.487155    0.018651    0.230973    0.153715    0.195506    2.527349    0.032867    0.040548    0.002179    9.190201    8.423220    0.298448    1.810718    2.292569    2.202775    0.164994    1.198307    1.920997
Iteration: 832 bestvalit: 108.200000 bestmemit:    0.003548    0.009276    0.044412    0.949137    0.157163    0.205616    0.487155    0.018651    0.230973    0.153715    0.195506    2.527349    0.032867    0.040548    0.002179    9.190201    8.423220    0.298448    1.810718    2.292569    2.202775    0.164994    1.198307    1.920997
Iteration: 833 bestvalit: 108.200000 bestmemit:    0.003548    0.009276    0.044412    0.949137    0.157163    0.205616    0.487155    0.018651    0.230973    0.153715    0.195506    2.527349    0.032867    0.040548    0.002179    9.190201    8.423220    0.298448    1.810718    2.292569    2.202775    0.164994    1.198307    1.920997
Iteration: 834 bestvalit: 108.200000 bestmemit:    0.003548    0.009276    0.044412    0.949137    0.157163    0.205616    0.487155    0.018651    0.230973    0.153715    0.195506    2.527349    0.032867    0.040548    0.002179    9.190201    8.423220    0.298448    1.810718    2.292569    2.202775    0.164994    1.198307    1.920997
Iteration: 835 bestvalit: 108.200000 bestmemit:    0.003548    0.009276    0.044412    0.949137    0.157163    0.205616    0.487155    0.018651    0.230973    0.153715    0.195506    2.527349    0.032867    0.040548    0.002179    9.190201    8.423220    0.298448    1.810718    2.292569    2.202775    0.164994    1.198307    1.920997
Iteration: 836 bestvalit: 108.200000 bestmemit:    0.003548    0.009276    0.044412    0.949137    0.157163    0.205616    0.487155    0.018651    0.230973    0.153715    0.195506    2.527349    0.032867    0.040548    0.002179    9.190201    8.423220    0.298448    1.810718    2.292569    2.202775    0.164994    1.198307    1.920997
Iteration: 837 bestvalit: 108.200000 bestmemit:    0.003548    0.009276    0.044412    0.949137    0.157163    0.205616    0.487155    0.018651    0.230973    0.153715    0.195506    2.527349    0.032867    0.040548    0.002179    9.190201    8.423220    0.298448    1.810718    2.292569    2.202775    0.164994    1.198307    1.920997
Iteration: 838 bestvalit: 108.200000 bestmemit:    0.003548    0.009276    0.044412    0.949137    0.157163    0.205616    0.487155    0.018651    0.230973    0.153715    0.195506    2.527349    0.032867    0.040548    0.002179    9.190201    8.423220    0.298448    1.810718    2.292569    2.202775    0.164994    1.198307    1.920997
Iteration: 839 bestvalit: 108.200000 bestmemit:    0.003548    0.009276    0.044412    0.949137    0.157163    0.205616    0.487155    0.018651    0.230973    0.153715    0.195506    2.527349    0.032867    0.040548    0.002179    9.190201    8.423220    0.298448    1.810718    2.292569    2.202775    0.164994    1.198307    1.920997
Iteration: 840 bestvalit: 108.200000 bestmemit:    0.003548    0.009276    0.044412    0.949137    0.157163    0.205616    0.487155    0.018651    0.230973    0.153715    0.195506    2.527349    0.032867    0.040548    0.002179    9.190201    8.423220    0.298448    1.810718    2.292569    2.202775    0.164994    1.198307    1.920997
Iteration: 841 bestvalit: 108.200000 bestmemit:    0.003548    0.009276    0.044412    0.949137    0.157163    0.205616    0.487155    0.018651    0.230973    0.153715    0.195506    2.527349    0.032867    0.040548    0.002179    9.190201    8.423220    0.298448    1.810718    2.292569    2.202775    0.164994    1.198307    1.920997
Iteration: 842 bestvalit: 108.200000 bestmemit:    0.003548    0.009276    0.044412    0.949137    0.157163    0.205616    0.487155    0.018651    0.230973    0.153715    0.195506    2.527349    0.032867    0.040548    0.002179    9.190201    8.423220    0.298448    1.810718    2.292569    2.202775    0.164994    1.198307    1.920997
Iteration: 843 bestvalit: 108.200000 bestmemit:    0.003548    0.009276    0.044412    0.949137    0.157163    0.205616    0.487155    0.018651    0.230973    0.153715    0.195506    2.527349    0.032867    0.040548    0.002179    9.190201    8.423220    0.298448    1.810718    2.292569    2.202775    0.164994    1.198307    1.920997
Iteration: 844 bestvalit: 108.200000 bestmemit:    0.003548    0.009276    0.044412    0.949137    0.157163    0.205616    0.487155    0.018651    0.230973    0.153715    0.195506    2.527349    0.032867    0.040548    0.002179    9.190201    8.423220    0.298448    1.810718    2.292569    2.202775    0.164994    1.198307    1.920997
Iteration: 845 bestvalit: 108.200000 bestmemit:    0.003548    0.009276    0.044412    0.949137    0.157163    0.205616    0.487155    0.018651    0.230973    0.153715    0.195506    2.527349    0.032867    0.040548    0.002179    9.190201    8.423220    0.298448    1.810718    2.292569    2.202775    0.164994    1.198307    1.920997
Iteration: 846 bestvalit: 108.200000 bestmemit:    0.003548    0.009276    0.044412    0.949137    0.157163    0.205616    0.487155    0.018651    0.230973    0.153715    0.195506    2.527349    0.032867    0.040548    0.002179    9.190201    8.423220    0.298448    1.810718    2.292569    2.202775    0.164994    1.198307    1.920997
Iteration: 847 bestvalit: 108.200000 bestmemit:    0.003548    0.009276    0.044412    0.949137    0.157163    0.205616    0.487155    0.018651    0.230973    0.153715    0.195506    2.527349    0.032867    0.040548    0.002179    9.190201    8.423220    0.298448    1.810718    2.292569    2.202775    0.164994    1.198307    1.920997
Iteration: 848 bestvalit: 108.200000 bestmemit:    0.003548    0.009276    0.044412    0.949137    0.157163    0.205616    0.487155    0.018651    0.230973    0.153715    0.195506    2.527349    0.032867    0.040548    0.002179    9.190201    8.423220    0.298448    1.810718    2.292569    2.202775    0.164994    1.198307    1.920997
Iteration: 849 bestvalit: 108.200000 bestmemit:    0.003548    0.009276    0.044412    0.949137    0.157163    0.205616    0.487155    0.018651    0.230973    0.153715    0.195506    2.527349    0.032867    0.040548    0.002179    9.190201    8.423220    0.298448    1.810718    2.292569    2.202775    0.164994    1.198307    1.920997
Iteration: 850 bestvalit: 108.200000 bestmemit:    0.003548    0.009276    0.044412    0.949137    0.157163    0.205616    0.487155    0.018651    0.230973    0.153715    0.195506    2.527349    0.032867    0.040548    0.002179    9.190201    8.423220    0.298448    1.810718    2.292569    2.202775    0.164994    1.198307    1.920997
Iteration: 851 bestvalit: 108.200000 bestmemit:    0.003548    0.009276    0.044412    0.949137    0.157163    0.205616    0.487155    0.018651    0.230973    0.153715    0.195506    2.527349    0.032867    0.040548    0.002179    9.190201    8.423220    0.298448    1.810718    2.292569    2.202775    0.164994    1.198307    1.920997
Iteration: 852 bestvalit: 108.200000 bestmemit:    0.003548    0.009276    0.044412    0.949137    0.157163    0.205616    0.487155    0.018651    0.230973    0.153715    0.195506    2.527349    0.032867    0.040548    0.002179    9.190201    8.423220    0.298448    1.810718    2.292569    2.202775    0.164994    1.198307    1.920997
Iteration: 853 bestvalit: 108.200000 bestmemit:    0.003548    0.009276    0.044412    0.949137    0.157163    0.205616    0.487155    0.018651    0.230973    0.153715    0.195506    2.527349    0.032867    0.040548    0.002179    9.190201    8.423220    0.298448    1.810718    2.292569    2.202775    0.164994    1.198307    1.920997
Iteration: 854 bestvalit: 108.200000 bestmemit:    0.003548    0.009276    0.044412    0.949137    0.157163    0.205616    0.487155    0.018651    0.230973    0.153715    0.195506    2.527349    0.032867    0.040548    0.002179    9.190201    8.423220    0.298448    1.810718    2.292569    2.202775    0.164994    1.198307    1.920997
Iteration: 855 bestvalit: 108.200000 bestmemit:    0.003548    0.009276    0.044412    0.949137    0.157163    0.205616    0.487155    0.018651    0.230973    0.153715    0.195506    2.527349    0.032867    0.040548    0.002179    9.190201    8.423220    0.298448    1.810718    2.292569    2.202775    0.164994    1.198307    1.920997
Iteration: 856 bestvalit: 108.200000 bestmemit:    0.003548    0.009276    0.044412    0.949137    0.157163    0.205616    0.487155    0.018651    0.230973    0.153715    0.195506    2.527349    0.032867    0.040548    0.002179    9.190201    8.423220    0.298448    1.810718    2.292569    2.202775    0.164994    1.198307    1.920997
Iteration: 857 bestvalit: 108.200000 bestmemit:    0.003548    0.009276    0.044412    0.949137    0.157163    0.205616    0.487155    0.018651    0.230973    0.153715    0.195506    2.527349    0.032867    0.040548    0.002179    9.190201    8.423220    0.298448    1.810718    2.292569    2.202775    0.164994    1.198307    1.920997
Iteration: 858 bestvalit: 108.200000 bestmemit:    0.003548    0.009276    0.044412    0.949137    0.157163    0.205616    0.487155    0.018651    0.230973    0.153715    0.195506    2.527349    0.032867    0.040548    0.002179    9.190201    8.423220    0.298448    1.810718    2.292569    2.202775    0.164994    1.198307    1.920997
Iteration: 859 bestvalit: 108.200000 bestmemit:    0.003548    0.009276    0.044412    0.949137    0.157163    0.205616    0.487155    0.018651    0.230973    0.153715    0.195506    2.527349    0.032867    0.040548    0.002179    9.190201    8.423220    0.298448    1.810718    2.292569    2.202775    0.164994    1.198307    1.920997
Iteration: 860 bestvalit: 108.200000 bestmemit:    0.003548    0.009276    0.044412    0.949137    0.157163    0.205616    0.487155    0.018651    0.230973    0.153715    0.195506    2.527349    0.032867    0.040548    0.002179    9.190201    8.423220    0.298448    1.810718    2.292569    2.202775    0.164994    1.198307    1.920997
Iteration: 861 bestvalit: 108.200000 bestmemit:    0.003548    0.009276    0.044412    0.949137    0.157163    0.205616    0.487155    0.018651    0.230973    0.153715    0.195506    2.527349    0.032867    0.040548    0.002179    9.190201    8.423220    0.298448    1.810718    2.292569    2.202775    0.164994    1.198307    1.920997
Iteration: 862 bestvalit: 108.200000 bestmemit:    0.003548    0.009276    0.044412    0.949137    0.157163    0.205616    0.487155    0.018651    0.230973    0.153715    0.195506    2.527349    0.032867    0.040548    0.002179    9.190201    8.423220    0.298448    1.810718    2.292569    2.202775    0.164994    1.198307    1.920997
Iteration: 863 bestvalit: 108.200000 bestmemit:    0.003548    0.009276    0.044412    0.949137    0.157163    0.205616    0.487155    0.018651    0.230973    0.153715    0.195506    2.527349    0.032867    0.040548    0.002179    9.190201    8.423220    0.298448    1.810718    2.292569    2.202775    0.164994    1.198307    1.920997
Iteration: 864 bestvalit: 108.200000 bestmemit:    0.003548    0.009276    0.044412    0.949137    0.157163    0.205616    0.487155    0.018651    0.230973    0.153715    0.195506    2.527349    0.032867    0.040548    0.002179    9.190201    8.423220    0.298448    1.810718    2.292569    2.202775    0.164994    1.198307    1.920997
Iteration: 865 bestvalit: 108.200000 bestmemit:    0.003548    0.009276    0.044412    0.949137    0.157163    0.205616    0.487155    0.018651    0.230973    0.153715    0.195506    2.527349    0.032867    0.040548    0.002179    9.190201    8.423220    0.298448    1.810718    2.292569    2.202775    0.164994    1.198307    1.920997
Iteration: 866 bestvalit: 108.200000 bestmemit:    0.003548    0.009276    0.044412    0.949137    0.157163    0.205616    0.487155    0.018651    0.230973    0.153715    0.195506    2.527349    0.032867    0.040548    0.002179    9.190201    8.423220    0.298448    1.810718    2.292569    2.202775    0.164994    1.198307    1.920997
Iteration: 867 bestvalit: 108.200000 bestmemit:    0.003548    0.009276    0.044412    0.949137    0.157163    0.205616    0.487155    0.018651    0.230973    0.153715    0.195506    2.527349    0.032867    0.040548    0.002179    9.190201    8.423220    0.298448    1.810718    2.292569    2.202775    0.164994    1.198307    1.920997
Iteration: 868 bestvalit: 108.200000 bestmemit:    0.003548    0.009276    0.044412    0.949137    0.157163    0.205616    0.487155    0.018651    0.230973    0.153715    0.195506    2.527349    0.032867    0.040548    0.002179    9.190201    8.423220    0.298448    1.810718    2.292569    2.202775    0.164994    1.198307    1.920997
Iteration: 869 bestvalit: 108.200000 bestmemit:    0.003548    0.009276    0.044412    0.949137    0.157163    0.205616    0.487155    0.018651    0.230973    0.153715    0.195506    2.527349    0.032867    0.040548    0.002179    9.190201    8.423220    0.298448    1.810718    2.292569    2.202775    0.164994    1.198307    1.920997
Iteration: 870 bestvalit: 108.200000 bestmemit:    0.003548    0.009276    0.044412    0.949137    0.157163    0.205616    0.487155    0.018651    0.230973    0.153715    0.195506    2.527349    0.032867    0.040548    0.002179    9.190201    8.423220    0.298448    1.810718    2.292569    2.202775    0.164994    1.198307    1.920997
Iteration: 871 bestvalit: 108.200000 bestmemit:    0.003548    0.009276    0.044412    0.949137    0.157163    0.205616    0.487155    0.018651    0.230973    0.153715    0.195506    2.527349    0.032867    0.040548    0.002179    9.190201    8.423220    0.298448    1.810718    2.292569    2.202775    0.164994    1.198307    1.920997
Iteration: 872 bestvalit: 108.200000 bestmemit:    0.003548    0.009276    0.044412    0.949137    0.157163    0.205616    0.487155    0.018651    0.230973    0.153715    0.195506    2.527349    0.032867    0.040548    0.002179    9.190201    8.423220    0.298448    1.810718    2.292569    2.202775    0.164994    1.198307    1.920997
Iteration: 873 bestvalit: 108.200000 bestmemit:    0.003548    0.009276    0.044412    0.949137    0.157163    0.205616    0.487155    0.018651    0.230973    0.153715    0.195506    2.527349    0.032867    0.040548    0.002179    9.190201    8.423220    0.298448    1.810718    2.292569    2.202775    0.164994    1.198307    1.920997
Iteration: 874 bestvalit: 108.200000 bestmemit:    0.003548    0.009276    0.044412    0.949137    0.157163    0.205616    0.487155    0.018651    0.230973    0.153715    0.195506    2.527349    0.032867    0.040548    0.002179    9.190201    8.423220    0.298448    1.810718    2.292569    2.202775    0.164994    1.198307    1.920997
Iteration: 875 bestvalit: 108.200000 bestmemit:    0.003548    0.009276    0.044412    0.949137    0.157163    0.205616    0.487155    0.018651    0.230973    0.153715    0.195506    2.527349    0.032867    0.040548    0.002179    9.190201    8.423220    0.298448    1.810718    2.292569    2.202775    0.164994    1.198307    1.920997
Iteration: 876 bestvalit: 108.200000 bestmemit:    0.003548    0.009276    0.044412    0.949137    0.157163    0.205616    0.487155    0.018651    0.230973    0.153715    0.195506    2.527349    0.032867    0.040548    0.002179    9.190201    8.423220    0.298448    1.810718    2.292569    2.202775    0.164994    1.198307    1.920997
Iteration: 877 bestvalit: 108.200000 bestmemit:    0.003548    0.009276    0.044412    0.949137    0.157163    0.205616    0.487155    0.018651    0.230973    0.153715    0.195506    2.527349    0.032867    0.040548    0.002179    9.190201    8.423220    0.298448    1.810718    2.292569    2.202775    0.164994    1.198307    1.920997
Iteration: 878 bestvalit: 108.200000 bestmemit:    0.003548    0.009276    0.044412    0.949137    0.157163    0.205616    0.487155    0.018651    0.230973    0.153715    0.195506    2.527349    0.032867    0.040548    0.002179    9.190201    8.423220    0.298448    1.810718    2.292569    2.202775    0.164994    1.198307    1.920997
Iteration: 879 bestvalit: 108.200000 bestmemit:    0.003548    0.009276    0.044412    0.949137    0.157163    0.205616    0.487155    0.018651    0.230973    0.153715    0.195506    2.527349    0.032867    0.040548    0.002179    9.190201    8.423220    0.298448    1.810718    2.292569    2.202775    0.164994    1.198307    1.920997
Iteration: 880 bestvalit: 108.200000 bestmemit:    0.003548    0.009276    0.044412    0.949137    0.157163    0.205616    0.487155    0.018651    0.230973    0.153715    0.195506    2.527349    0.032867    0.040548    0.002179    9.190201    8.423220    0.298448    1.810718    2.292569    2.202775    0.164994    1.198307    1.920997
Iteration: 881 bestvalit: 108.200000 bestmemit:    0.003548    0.009276    0.044412    0.949137    0.157163    0.205616    0.487155    0.018651    0.230973    0.153715    0.195506    2.527349    0.032867    0.040548    0.002179    9.190201    8.423220    0.298448    1.810718    2.292569    2.202775    0.164994    1.198307    1.920997
Iteration: 882 bestvalit: 108.200000 bestmemit:    0.003548    0.009276    0.044412    0.949137    0.157163    0.205616    0.487155    0.018651    0.230973    0.153715    0.195506    2.527349    0.032867    0.040548    0.002179    9.190201    8.423220    0.298448    1.810718    2.292569    2.202775    0.164994    1.198307    1.920997
Iteration: 883 bestvalit: 108.200000 bestmemit:    0.003548    0.009276    0.044412    0.949137    0.157163    0.205616    0.487155    0.018651    0.230973    0.153715    0.195506    2.527349    0.032867    0.040548    0.002179    9.190201    8.423220    0.298448    1.810718    2.292569    2.202775    0.164994    1.198307    1.920997
Iteration: 884 bestvalit: 108.200000 bestmemit:    0.003548    0.009276    0.044412    0.949137    0.157163    0.205616    0.487155    0.018651    0.230973    0.153715    0.195506    2.527349    0.032867    0.040548    0.002179    9.190201    8.423220    0.298448    1.810718    2.292569    2.202775    0.164994    1.198307    1.920997
Iteration: 885 bestvalit: 108.200000 bestmemit:    0.003548    0.009276    0.044412    0.949137    0.157163    0.205616    0.487155    0.018651    0.230973    0.153715    0.195506    2.527349    0.032867    0.040548    0.002179    9.190201    8.423220    0.298448    1.810718    2.292569    2.202775    0.164994    1.198307    1.920997
Iteration: 886 bestvalit: 108.200000 bestmemit:    0.003548    0.009276    0.044412    0.949137    0.157163    0.205616    0.487155    0.018651    0.230973    0.153715    0.195506    2.527349    0.032867    0.040548    0.002179    9.190201    8.423220    0.298448    1.810718    2.292569    2.202775    0.164994    1.198307    1.920997
Iteration: 887 bestvalit: 107.995000 bestmemit:    0.003548    0.009276    0.044412    0.949137    0.157163    0.205616    0.487155    0.018651    0.230973    0.153715    0.195506    2.527349    0.032867    0.040548    0.002179    9.190201    8.423220    0.298448    1.810718    2.292569    2.371756    0.061594    1.198307    1.920997
Iteration: 888 bestvalit: 107.995000 bestmemit:    0.003548    0.009276    0.044412    0.949137    0.157163    0.205616    0.487155    0.018651    0.230973    0.153715    0.195506    2.527349    0.032867    0.040548    0.002179    9.190201    8.423220    0.298448    1.810718    2.292569    2.371756    0.061594    1.198307    1.920997
Iteration: 889 bestvalit: 107.995000 bestmemit:    0.003548    0.009276    0.044412    0.949137    0.157163    0.205616    0.487155    0.018651    0.230973    0.153715    0.195506    2.527349    0.032867    0.040548    0.002179    9.190201    8.423220    0.298448    1.810718    2.292569    2.371756    0.061594    1.198307    1.920997
Iteration: 890 bestvalit: 107.995000 bestmemit:    0.003548    0.009276    0.044412    0.949137    0.157163    0.205616    0.487155    0.018651    0.230973    0.153715    0.195506    2.527349    0.032867    0.040548    0.002179    9.190201    8.423220    0.298448    1.810718    2.292569    2.371756    0.061594    1.198307    1.920997
Iteration: 891 bestvalit: 107.995000 bestmemit:    0.003548    0.009276    0.044412    0.949137    0.157163    0.205616    0.487155    0.018651    0.230973    0.153715    0.195506    2.527349    0.032867    0.040548    0.002179    9.190201    8.423220    0.298448    1.810718    2.292569    2.371756    0.061594    1.198307    1.920997
Iteration: 892 bestvalit: 107.995000 bestmemit:    0.003548    0.009276    0.044412    0.949137    0.157163    0.205616    0.487155    0.018651    0.230973    0.153715    0.195506    2.527349    0.032867    0.040548    0.002179    9.190201    8.423220    0.298448    1.810718    2.292569    2.371756    0.061594    1.198307    1.920997
Iteration: 893 bestvalit: 107.995000 bestmemit:    0.003548    0.009276    0.044412    0.949137    0.157163    0.205616    0.487155    0.018651    0.230973    0.153715    0.195506    2.527349    0.032867    0.040548    0.002179    9.190201    8.423220    0.298448    1.810718    2.292569    2.371756    0.061594    1.198307    1.920997
Iteration: 894 bestvalit: 107.995000 bestmemit:    0.003548    0.009276    0.044412    0.949137    0.157163    0.205616    0.487155    0.018651    0.230973    0.153715    0.195506    2.527349    0.032867    0.040548    0.002179    9.190201    8.423220    0.298448    1.810718    2.292569    2.371756    0.061594    1.198307    1.920997
Iteration: 895 bestvalit: 107.995000 bestmemit:    0.003548    0.009276    0.044412    0.949137    0.157163    0.205616    0.487155    0.018651    0.230973    0.153715    0.195506    2.527349    0.032867    0.040548    0.002179    9.190201    8.423220    0.298448    1.810718    2.292569    2.371756    0.061594    1.198307    1.920997
Iteration: 896 bestvalit: 107.995000 bestmemit:    0.003548    0.009276    0.044412    0.949137    0.157163    0.205616    0.487155    0.018651    0.230973    0.153715    0.195506    2.527349    0.032867    0.040548    0.002179    9.190201    8.423220    0.298448    1.810718    2.292569    2.371756    0.061594    1.198307    1.920997
Iteration: 897 bestvalit: 107.995000 bestmemit:    0.003548    0.009276    0.044412    0.949137    0.157163    0.205616    0.487155    0.018651    0.230973    0.153715    0.195506    2.527349    0.032867    0.040548    0.002179    9.190201    8.423220    0.298448    1.810718    2.292569    2.332193    0.012020    1.198307    1.920997
Iteration: 898 bestvalit: 107.995000 bestmemit:    0.003548    0.009276    0.044412    0.949137    0.157163    0.205616    0.487155    0.018651    0.230973    0.153715    0.195506    2.527349    0.032867    0.040548    0.002179    9.190201    8.423220    0.298448    1.810718    2.292569    2.332193    0.012020    1.198307    1.920997
Iteration: 899 bestvalit: 107.995000 bestmemit:    0.003548    0.009276    0.044412    0.949137    0.157163    0.205616    0.487155    0.018651    0.230973    0.153715    0.195506    2.527349    0.032867    0.040548    0.002179    9.190201    8.423220    0.298448    1.810718    2.292569    2.332193    0.012020    1.198307    1.920997
Iteration: 900 bestvalit: 107.995000 bestmemit:    0.003548    0.009276    0.044412    0.949137    0.157163    0.205616    0.487155    0.018651    0.230973    0.153715    0.195506    2.527349    0.032867    0.040548    0.002179    9.190201    8.423220    0.298448    1.810718    2.292569    2.332193    0.012020    1.198307    1.920997
Iteration: 901 bestvalit: 107.995000 bestmemit:    0.003548    0.009276    0.044412    0.949137    0.157163    0.205616    0.487155    0.018651    0.230973    0.153715    0.195506    2.527349    0.032867    0.040548    0.002179    9.190201    8.423220    0.298448    1.810718    2.292569    2.332193    0.012020    1.198307    1.920997
Iteration: 902 bestvalit: 107.995000 bestmemit:    0.003548    0.009276    0.044412    0.949137    0.157163    0.205616    0.487155    0.018651    0.230973    0.153715    0.195506    2.527349    0.032867    0.040548    0.002179    9.190201    8.423220    0.298448    1.810718    2.292569    2.332193    0.012020    1.198307    1.920997
Iteration: 903 bestvalit: 107.995000 bestmemit:    0.003548    0.009276    0.044412    0.949137    0.157163    0.205616    0.487155    0.018651    0.230973    0.153715    0.195506    2.527349    0.032867    0.040548    0.002179    9.190201    8.423220    0.298448    1.810718    2.292569    2.332193    0.012020    1.198307    1.920997
Iteration: 904 bestvalit: 107.995000 bestmemit:    0.003548    0.009276    0.044412    0.949137    0.157163    0.205616    0.487155    0.018651    0.230973    0.153715    0.195506    2.527349    0.032867    0.040548    0.002179    9.190201    8.423220    0.298448    1.810718    2.292569    2.332193    0.012020    1.198307    1.920997
Iteration: 905 bestvalit: 107.995000 bestmemit:    0.003548    0.009276    0.044412    0.949137    0.157163    0.205616    0.487155    0.018651    0.230973    0.153715    0.195506    2.527349    0.032867    0.040548    0.002179    9.190201    8.423220    0.298448    1.810718    2.292569    2.332193    0.012020    1.198307    1.920997
Iteration: 906 bestvalit: 107.995000 bestmemit:    0.003548    0.009276    0.044412    0.949137    0.157163    0.205616    0.487155    0.018651    0.230973    0.153715    0.195506    2.527349    0.032867    0.040548    0.002179    9.190201    8.423220    0.298448    1.810718    2.292569    2.332193    0.012020    1.198307    1.920997
Iteration: 907 bestvalit: 107.995000 bestmemit:    0.003548    0.009276    0.044412    0.949137    0.157163    0.205616    0.487155    0.018651    0.230973    0.153715    0.195506    2.527349    0.032867    0.040548    0.002179    9.190201    8.423220    0.298448    1.810718    2.292569    2.332193    0.012020    1.198307    1.920997
Iteration: 908 bestvalit: 107.995000 bestmemit:    0.003548    0.009276    0.044412    0.949137    0.157163    0.205616    0.487155    0.018651    0.230973    0.153715    0.195506    2.527349    0.032867    0.040548    0.002179    9.190201    8.423220    0.298448    1.810718    2.292569    2.332193    0.012020    1.198307    1.920997
Iteration: 909 bestvalit: 107.995000 bestmemit:    0.003548    0.009276    0.044412    0.949137    0.157163    0.205616    0.487155    0.018651    0.230973    0.153715    0.195506    2.527349    0.032867    0.040548    0.002179    9.190201    8.423220    0.298448    1.810718    2.292569    2.332193    0.012020    1.198307    1.920997
Iteration: 910 bestvalit: 107.995000 bestmemit:    0.003548    0.009276    0.044412    0.949137    0.157163    0.205616    0.487155    0.018651    0.230973    0.153715    0.195506    2.527349    0.032867    0.040548    0.002179    9.190201    8.423220    0.298448    1.810718    2.292569    2.332193    0.012020    1.198307    1.920997
Iteration: 911 bestvalit: 107.995000 bestmemit:    0.003548    0.009276    0.044412    0.949137    0.157163    0.205616    0.487155    0.018651    0.230973    0.153715    0.195506    2.527349    0.032867    0.040548    0.002179    9.190201    8.423220    0.298448    1.810718    2.292569    2.332193    0.012020    1.198307    1.920997
Iteration: 912 bestvalit: 107.995000 bestmemit:    0.003548    0.009276    0.044412    0.949137    0.157163    0.205616    0.487155    0.018651    0.230973    0.153715    0.195506    2.527349    0.032867    0.040548    0.002179    9.190201    8.423220    0.298448    1.810718    2.292569    2.332193    0.012020    1.198307    1.920997
Iteration: 913 bestvalit: 107.995000 bestmemit:    0.003548    0.009276    0.044412    0.949137    0.157163    0.205616    0.487155    0.018651    0.230973    0.153715    0.195506    2.527349    0.032867    0.040548    0.002179    9.190201    8.423220    0.298448    1.810718    2.292569    2.332193    0.012020    1.198307    1.920997
Iteration: 914 bestvalit: 107.995000 bestmemit:    0.003548    0.009276    0.044412    0.949137    0.157163    0.205616    0.487155    0.018651    0.230973    0.153715    0.195506    2.527349    0.032867    0.040548    0.002179    9.190201    8.423220    0.298448    1.810718    2.292569    2.332193    0.012020    1.198307    1.920997
Iteration: 915 bestvalit: 107.995000 bestmemit:    0.003548    0.009276    0.044412    0.949137    0.157163    0.205616    0.487155    0.018651    0.230973    0.153715    0.195506    2.527349    0.032867    0.040548    0.002179    9.190201    8.423220    0.298448    1.810718    2.292569    2.332193    0.012020    1.198307    1.920997
Iteration: 916 bestvalit: 107.995000 bestmemit:    0.003548    0.009276    0.044412    0.949137    0.157163    0.205616    0.487155    0.018651    0.230973    0.153715    0.195506    2.527349    0.032867    0.040548    0.002179    9.190201    8.423220    0.298448    1.810718    2.292569    2.332193    0.012020    1.198307    1.920997
Iteration: 917 bestvalit: 107.995000 bestmemit:    0.003548    0.009276    0.044412    0.949137    0.157163    0.205616    0.487155    0.018651    0.230973    0.153715    0.195506    2.527349    0.032867    0.040548    0.002179    9.190201    8.423220    0.298448    1.810718    2.292569    2.332193    0.012020    1.198307    1.920997
Iteration: 918 bestvalit: 107.995000 bestmemit:    0.003548    0.009276    0.044412    0.949137    0.157163    0.205616    0.487155    0.018651    0.230973    0.153715    0.195506    2.527349    0.032867    0.040548    0.002179    9.190201    8.423220    0.298448    1.810718    2.292569    2.332193    0.012020    1.198307    1.920997
Iteration: 919 bestvalit: 107.995000 bestmemit:    0.003548    0.009276    0.044412    0.949137    0.157163    0.205616    0.487155    0.018651    0.230973    0.153715    0.195506    2.527349    0.032867    0.040548    0.002179    9.190201    8.423220    0.298448    1.810718    2.292569    2.332193    0.012020    1.198307    1.920997
Iteration: 920 bestvalit: 107.995000 bestmemit:    0.003548    0.009276    0.044412    0.949137    0.157163    0.205616    0.487155    0.018651    0.230973    0.153715    0.195506    2.527349    0.032867    0.040548    0.002179    9.190201    8.423220    0.298448    1.810718    2.292569    2.332193    0.012020    1.198307    1.920997
Iteration: 921 bestvalit: 107.995000 bestmemit:    0.003548    0.009276    0.044412    0.949137    0.157163    0.205616    0.487155    0.018651    0.230973    0.153715    0.195506    2.527349    0.032867    0.040548    0.002179    9.190201    8.423220    0.298448    1.810718    2.292569    2.332193    0.012020    1.198307    1.920997
Iteration: 922 bestvalit: 107.995000 bestmemit:    0.003548    0.009276    0.044412    0.949137    0.157163    0.205616    0.487155    0.018651    0.230973    0.153715    0.195506    2.527349    0.032867    0.040548    0.002179    9.190201    8.423220    0.298448    1.810718    2.292569    2.332193    0.012020    1.198307    1.920997
Iteration: 923 bestvalit: 107.995000 bestmemit:    0.003548    0.009276    0.044412    0.949137    0.157163    0.205616    0.487155    0.018651    0.230973    0.153715    0.195506    2.527349    0.032867    0.040548    0.002179    9.190201    8.423220    0.298448    1.810718    2.292569    2.332193    0.012020    1.198307    1.920997
Iteration: 924 bestvalit: 107.995000 bestmemit:    0.003548    0.009276    0.044412    0.949137    0.157163    0.205616    0.487155    0.018651    0.230973    0.153715    0.195506    2.527349    0.032867    0.040548    0.002179    9.190201    8.423220    0.298448    1.810718    2.292569    2.332193    0.012020    1.198307    1.920997
Iteration: 925 bestvalit: 107.995000 bestmemit:    0.003548    0.009276    0.044412    0.949137    0.157163    0.205616    0.487155    0.018651    0.230973    0.153715    0.195506    2.527349    0.032867    0.040548    0.002179    9.190201    8.423220    0.298448    1.810718    2.292569    2.332193    0.012020    1.198307    1.920997
Iteration: 926 bestvalit: 107.995000 bestmemit:    0.003548    0.009276    0.044412    0.949137    0.157163    0.205616    0.487155    0.018651    0.230973    0.153715    0.195506    2.527349    0.032867    0.040548    0.002179    9.190201    8.423220    0.298448    1.810718    2.292569    2.332193    0.012020    1.198307    1.920997
Iteration: 927 bestvalit: 107.995000 bestmemit:    0.003548    0.009276    0.044412    0.949137    0.157163    0.205616    0.487155    0.018651    0.230973    0.153715    0.195506    2.527349    0.032867    0.040548    0.002179    9.190201    8.423220    0.298448    1.810718    2.292569    2.332193    0.012020    1.198307    1.920997
Iteration: 928 bestvalit: 107.955000 bestmemit:    0.003548    0.009276    0.044412    0.949137    0.157163    0.205616    0.487155    0.018651    0.230973    0.153715    0.195506    2.527349    0.032867    0.040548    0.002179    9.190201    8.423220    0.298448    1.815131    2.292569    2.332193    0.012020    1.198307    1.920997
Iteration: 929 bestvalit: 107.955000 bestmemit:    0.003548    0.009276    0.044412    0.949137    0.157163    0.205616    0.487155    0.018651    0.230973    0.153715    0.195506    2.527349    0.032867    0.040548    0.002179    9.190201    8.423220    0.298448    1.815131    2.292569    2.332193    0.012020    1.198307    1.920997
Iteration: 930 bestvalit: 107.955000 bestmemit:    0.003548    0.009276    0.044412    0.949137    0.157163    0.205616    0.487155    0.018651    0.230973    0.153715    0.195506    2.527349    0.032867    0.040548    0.002179    9.190201    8.423220    0.298448    1.815131    2.292569    2.332193    0.012020    1.198307    1.920997
Iteration: 931 bestvalit: 107.955000 bestmemit:    0.003548    0.009276    0.044412    0.949137    0.157163    0.205616    0.487155    0.018651    0.230973    0.153715    0.195506    2.527349    0.032867    0.040548    0.002179    9.190201    8.423220    0.298448    1.815131    2.292569    2.332193    0.012020    1.198307    1.920997
Iteration: 932 bestvalit: 107.925000 bestmemit:    0.003548    0.009276    0.044412    0.949137    0.157163    0.205616    0.487155    0.018651    0.230973    0.153715    0.195506    2.527349    0.032867    0.040548    0.002179    9.190201    8.423220    0.298448    1.815131    2.289167    2.332193    0.012020    1.198307    1.920997
Iteration: 933 bestvalit: 107.925000 bestmemit:    0.003548    0.009276    0.044412    0.949137    0.157163    0.205616    0.487155    0.018651    0.230973    0.153715    0.195506    2.527349    0.032867    0.040548    0.002179    9.190201    8.423220    0.298448    1.815131    2.289167    2.332193    0.012020    1.198307    1.920997
Iteration: 934 bestvalit: 107.925000 bestmemit:    0.003548    0.009276    0.044412    0.949137    0.157163    0.205616    0.487155    0.018651    0.230973    0.153715    0.195506    2.527349    0.032867    0.040548    0.002179    9.190201    8.423220    0.298448    1.815131    2.289167    2.332193    0.012020    1.198307    1.920997
Iteration: 935 bestvalit: 107.925000 bestmemit:    0.003548    0.009276    0.044412    0.949137    0.157163    0.205616    0.487155    0.018651    0.230973    0.153715    0.195506    2.527349    0.032867    0.040548    0.002179    9.190201    8.423220    0.298448    1.815131    2.289167    2.332193    0.012020    1.198307    1.920997
Iteration: 936 bestvalit: 107.925000 bestmemit:    0.003548    0.009276    0.044412    0.949137    0.157163    0.205616    0.487155    0.018651    0.230973    0.153715    0.195506    2.527349    0.032867    0.040548    0.002179    9.190201    8.423220    0.298448    1.815131    2.289167    2.332193    0.012020    1.198307    1.920997
Iteration: 937 bestvalit: 107.880000 bestmemit:    0.003548    0.009276    0.044412    0.949137    0.157163    0.205616    0.487155    0.018651    0.230973    0.153715    0.195506    2.527349    0.032867    0.040548    0.002179    9.190201    8.423220    0.298448    1.815131    2.289167    2.440217    0.012020    1.198307    1.920997
Iteration: 938 bestvalit: 107.880000 bestmemit:    0.003548    0.009276    0.044412    0.949137    0.157163    0.205616    0.487155    0.018651    0.230973    0.153715    0.195506    2.527349    0.032867    0.040548    0.002179    9.190201    8.423220    0.298448    1.815131    2.289167    2.440217    0.012020    1.198307    1.920997
Iteration: 939 bestvalit: 107.880000 bestmemit:    0.003548    0.009276    0.044412    0.949137    0.157163    0.205616    0.487155    0.018651    0.230973    0.153715    0.195506    2.527349    0.032867    0.040548    0.002179    9.190201    8.423220    0.298448    1.815131    2.289167    2.440217    0.012020    1.198307    1.920997
Iteration: 940 bestvalit: 107.880000 bestmemit:    0.003548    0.009276    0.044412    0.949137    0.157163    0.205616    0.487155    0.018651    0.230973    0.153715    0.195506    2.527349    0.032867    0.040548    0.002179    9.190201    8.423220    0.298448    1.815131    2.289167    2.440217    0.012971    1.198307    1.920997
Iteration: 941 bestvalit: 107.880000 bestmemit:    0.003548    0.009276    0.044412    0.949137    0.157163    0.205616    0.487155    0.018651    0.230973    0.153715    0.195506    2.527349    0.032867    0.040548    0.002179    9.190201    8.423220    0.298448    1.815131    2.289167    2.440217    0.012971    1.198307    1.920997
Iteration: 942 bestvalit: 107.880000 bestmemit:    0.003548    0.009276    0.044412    0.949137    0.157163    0.205616    0.487155    0.018651    0.230973    0.153715    0.195506    2.527349    0.032867    0.040548    0.002179    9.190201    8.423220    0.298448    1.815131    2.289167    2.440217    0.012971    1.198307    1.920997
Iteration: 943 bestvalit: 107.880000 bestmemit:    0.003548    0.009276    0.044412    0.949137    0.157163    0.205616    0.487155    0.018651    0.230973    0.153715    0.195506    2.527349    0.032867    0.040548    0.002179    9.190201    8.423220    0.298448    1.815131    2.289167    2.440217    0.012971    1.198307    1.920997
Iteration: 944 bestvalit: 107.880000 bestmemit:    0.003548    0.009276    0.044412    0.949137    0.157163    0.205616    0.487155    0.018651    0.230973    0.153715    0.195506    2.527349    0.032867    0.040548    0.002179    9.190201    8.423220    0.298448    1.815131    2.289167    2.440217    0.012971    1.198307    1.920997
Iteration: 945 bestvalit: 107.880000 bestmemit:    0.003548    0.009276    0.044412    0.949137    0.157163    0.205616    0.487155    0.018651    0.230973    0.153715    0.195506    2.527349    0.032867    0.040548    0.002179    9.190201    8.423220    0.298448    1.815131    2.289167    2.440217    0.012971    1.198307    1.920997
Iteration: 946 bestvalit: 107.880000 bestmemit:    0.003548    0.009276    0.044412    0.949137    0.157163    0.205616    0.487155    0.018651    0.230973    0.153715    0.195506    2.527349    0.032867    0.040548    0.002179    9.190201    8.423220    0.298448    1.815131    2.289167    2.440217    0.012971    1.198307    1.920997
Iteration: 947 bestvalit: 107.880000 bestmemit:    0.003548    0.009276    0.044412    0.949137    0.157163    0.205616    0.487155    0.018651    0.230973    0.153715    0.195506    2.527349    0.032867    0.040548    0.002179    9.190201    8.423220    0.298448    1.815131    2.289167    2.440217    0.012971    1.198307    1.920997
Iteration: 948 bestvalit: 107.880000 bestmemit:    0.003548    0.009276    0.044412    0.949137    0.157163    0.205616    0.487155    0.018651    0.230973    0.153715    0.195506    2.527349    0.032867    0.040548    0.002179    9.190201    8.423220    0.298448    1.815131    2.289167    2.440217    0.012971    1.198307    1.920997
Iteration: 949 bestvalit: 107.865000 bestmemit:    0.003548    0.009276    0.044412    0.949137    0.157163    0.205616    0.487155    0.018651    0.230973    0.153715    0.195506    2.527349    0.032867    0.040548    0.002179    9.190201    8.423220    0.298448    1.815131    2.286124    2.446758    0.012971    1.198307    1.920997
Iteration: 950 bestvalit: 107.865000 bestmemit:    0.003548    0.009276    0.044412    0.766195    0.157163    0.205616    0.487155    0.018651    0.230973    0.153715    0.195506    2.527349    0.032867    0.040548    0.002179    9.190201    8.423220    0.298448    1.815131    2.286124    2.446758    0.012971    1.198307    1.920997
Iteration: 951 bestvalit: 107.865000 bestmemit:    0.003548    0.009276    0.044412    0.766195    0.157163    0.205616    0.487155    0.018651    0.230973    0.153715    0.195506    2.527349    0.032867    0.040548    0.002179    9.190201    8.423220    0.298448    1.815131    2.286124    2.446758    0.012971    1.198307    1.920997
Iteration: 952 bestvalit: 107.865000 bestmemit:    0.003548    0.009276    0.044412    0.766195    0.157163    0.205616    0.487155    0.018651    0.230973    0.153715    0.195506    2.527349    0.032867    0.040548    0.002179    9.190201    8.423220    0.298448    1.815131    2.286124    2.446758    0.012971    1.198307    1.920997
Iteration: 953 bestvalit: 107.865000 bestmemit:    0.003548    0.009276    0.044412    0.766195    0.157163    0.205616    0.487155    0.018651    0.230973    0.153715    0.195506    2.527349    0.032867    0.040548    0.002179    9.190201    8.423220    0.298448    1.815131    2.286124    2.446758    0.012971    1.198307    1.920997
Iteration: 954 bestvalit: 107.865000 bestmemit:    0.003548    0.009276    0.044412    0.766195    0.157163    0.205616    0.487155    0.018651    0.230973    0.153715    0.195506    2.527349    0.032867    0.040548    0.002179    9.190201    8.423220    0.298448    1.815131    2.286124    2.446758    0.012971    1.198307    1.920997
Iteration: 955 bestvalit: 107.865000 bestmemit:    0.003548    0.009276    0.044412    0.766195    0.157163    0.205616    0.487155    0.018651    0.230973    0.153715    0.195506    2.527349    0.032867    0.040548    0.002179    9.190201    8.423220    0.298448    1.815131    2.286124    2.446758    0.012971    1.198307    1.920997
Iteration: 956 bestvalit: 107.865000 bestmemit:    0.003548    0.009276    0.044412    0.766195    0.157163    0.205616    0.487155    0.018651    0.230973    0.153715    0.195506    2.527349    0.032867    0.040548    0.002179    9.190201    8.423220    0.298448    1.815131    2.286124    2.446758    0.012971    1.198307    1.920997
Iteration: 957 bestvalit: 107.865000 bestmemit:    0.003548    0.009276    0.044412    0.766195    0.157163    0.205616    0.487155    0.018651    0.230973    0.153715    0.195506    2.527349    0.032867    0.040548    0.002179    9.190201    8.423220    0.298448    1.815131    2.286124    2.446758    0.012971    1.198307    1.920997
Iteration: 958 bestvalit: 107.865000 bestmemit:    0.003548    0.009276    0.044412    0.766195    0.157163    0.205616    0.487155    0.018651    0.230973    0.153715    0.195506    2.527349    0.032867    0.040548    0.002179    9.190201    8.423220    0.298448    1.815131    2.286124    2.446758    0.012971    1.198307    1.920997
Iteration: 959 bestvalit: 107.865000 bestmemit:    0.003548    0.009276    0.044412    0.766195    0.157163    0.205616    0.487155    0.018651    0.230973    0.153715    0.195506    2.527349    0.032867    0.040548    0.002179    9.190201    8.423220    0.298448    1.815131    2.286124    2.446758    0.012971    1.198307    1.920997
Iteration: 960 bestvalit: 107.865000 bestmemit:    0.003548    0.009276    0.044412    0.766195    0.157163    0.205616    0.487155    0.018651    0.230973    0.153715    0.195506    2.527349    0.032867    0.040548    0.002179    9.190201    8.423220    0.298448    1.815131    2.286124    2.446758    0.012971    1.198307    1.920997
Iteration: 961 bestvalit: 107.865000 bestmemit:    0.003548    0.009276    0.044412    0.766195    0.157163    0.205616    0.487155    0.018651    0.230973    0.153715    0.195506    2.527349    0.032867    0.040548    0.002179    9.190201    8.423220    0.298448    1.815131    2.286124    2.446758    0.012971    1.198307    1.920997
Iteration: 962 bestvalit: 107.865000 bestmemit:    0.003548    0.009276    0.044412    0.766195    0.157163    0.205616    0.487155    0.018651    0.230973    0.153715    0.195506    2.527349    0.032867    0.040548    0.002179    9.190201    8.423220    0.298448    1.815131    2.286124    2.446758    0.012971    1.198307    1.920997
Iteration: 963 bestvalit: 107.865000 bestmemit:    0.003548    0.009276    0.044412    0.766195    0.157163    0.205616    0.487155    0.018651    0.230973    0.153715    0.195506    2.527349    0.032867    0.040548    0.002179    9.190201    8.423220    0.298448    1.815131    2.286124    2.446758    0.012971    1.198307    1.920997
Iteration: 964 bestvalit: 107.865000 bestmemit:    0.003548    0.009276    0.044412    0.766195    0.157163    0.205616    0.487155    0.018651    0.230973    0.153715    0.195506    2.527349    0.032867    0.040548    0.002179    9.190201    8.423220    0.298448    1.815131    2.286124    2.446758    0.012971    1.198307    1.920997
Iteration: 965 bestvalit: 107.865000 bestmemit:    0.003548    0.009276    0.044412    0.766195    0.157163    0.205616    0.487155    0.018651    0.230973    0.153715    0.195506    2.527349    0.032867    0.040548    0.002179    9.190201    8.423220    0.298448    1.815131    2.286124    2.446758    0.012971    1.198307    1.920997
Iteration: 966 bestvalit: 107.865000 bestmemit:    0.003548    0.009276    0.044412    0.766195    0.157163    0.205616    0.487155    0.018651    0.230973    0.153715    0.195506    2.527349    0.032867    0.040548    0.002179    9.190201    8.423220    0.298448    1.815131    2.286124    2.446758    0.012971    1.198307    1.920997
Iteration: 967 bestvalit: 107.865000 bestmemit:    0.003548    0.009276    0.044412    0.766195    0.157163    0.205616    0.487155    0.018651    0.230973    0.153715    0.195506    2.527349    0.032867    0.040548    0.002179    9.190201    8.423220    0.298448    1.815131    2.286124    2.446758    0.012971    1.198307    1.920997
Iteration: 968 bestvalit: 107.865000 bestmemit:    0.003548    0.009276    0.044412    0.766195    0.157163    0.205616    0.487155    0.018651    0.230973    0.153715    0.195506    2.527349    0.032867    0.040548    0.002179    9.190201    8.423220    0.298448    1.815131    2.286124    2.446758    0.012971    1.198307    1.920997
Iteration: 969 bestvalit: 107.865000 bestmemit:    0.003548    0.009276    0.044412    0.766195    0.157163    0.205616    0.487155    0.018651    0.230973    0.153715    0.195506    2.527349    0.032867    0.040548    0.002179    9.190201    8.423220    0.298448    1.815131    2.286124    2.446758    0.012971    1.198307    1.920997
Iteration: 970 bestvalit: 107.865000 bestmemit:    0.003548    0.009276    0.044412    0.766195    0.157163    0.205616    0.487155    0.018651    0.230973    0.153715    0.195506    2.527349    0.032867    0.040548    0.002179    9.190201    8.423220    0.298448    1.815131    2.286124    2.446758    0.012971    1.198307    1.920997
Iteration: 971 bestvalit: 107.865000 bestmemit:    0.003548    0.009276    0.044412    0.766195    0.157163    0.205616    0.487155    0.018651    0.230973    0.153715    0.195506    2.527349    0.032867    0.040548    0.002179    9.190201    8.423220    0.298448    1.815131    2.286124    2.446758    0.012971    1.198307    1.920997
Iteration: 972 bestvalit: 107.865000 bestmemit:    0.003548    0.009276    0.044412    0.766195    0.157163    0.205616    0.487155    0.018651    0.230973    0.153715    0.195506    2.527349    0.032867    0.040548    0.002179    9.190201    8.423220    0.298448    1.815131    2.286124    2.446758    0.012971    1.198307    1.920997
Iteration: 973 bestvalit: 107.865000 bestmemit:    0.003548    0.009276    0.044412    0.766195    0.157163    0.205616    0.487155    0.018651    0.230973    0.153715    0.195506    2.527349    0.032867    0.040548    0.002179    9.190201    8.423220    0.298448    1.815131    2.286124    2.446758    0.012971    1.198307    1.920997
Iteration: 974 bestvalit: 107.865000 bestmemit:    0.003548    0.009276    0.044412    0.766195    0.157163    0.205616    0.487155    0.018651    0.230973    0.153715    0.195506    2.527349    0.032867    0.040548    0.002179    9.190201    8.423220    0.298448    1.815131    2.286124    2.446758    0.012971    1.198307    1.920997
Iteration: 975 bestvalit: 107.865000 bestmemit:    0.003548    0.009276    0.044412    0.766195    0.157163    0.205616    0.487155    0.018651    0.230973    0.153715    0.195506    2.527349    0.032867    0.040548    0.002179    9.190201    8.423220    0.298448    1.815131    2.286124    2.446758    0.012971    1.198307    1.920997
Iteration: 976 bestvalit: 107.865000 bestmemit:    0.003548    0.009276    0.044412    0.766195    0.157163    0.205616    0.487155    0.018651    0.230973    0.153715    0.195506    2.527349    0.032867    0.040548    0.002179    9.190201    8.423220    0.298448    1.815131    2.286124    2.446758    0.012971    1.198307    1.920997
Iteration: 977 bestvalit: 107.865000 bestmemit:    0.003548    0.009276    0.044412    0.766195    0.157163    0.205616    0.487155    0.018651    0.230973    0.153715    0.195506    2.527349    0.032867    0.040548    0.002179    9.190201    8.423220    0.298448    1.815131    2.286124    2.446758    0.012971    1.198307    1.920997
Iteration: 978 bestvalit: 107.865000 bestmemit:    0.003548    0.009276    0.044412    0.766195    0.157163    0.205616    0.487155    0.018651    0.230973    0.153715    0.195506    2.527349    0.032867    0.040548    0.002179    9.190201    8.423220    0.298448    1.815131    2.286124    2.446758    0.012971    1.198307    1.920997
Iteration: 979 bestvalit: 107.865000 bestmemit:    0.003548    0.009276    0.044412    0.766195    0.157163    0.205616    0.487155    0.018651    0.230973    0.153715    0.195506    2.527349    0.032867    0.040548    0.002179    9.190201    8.423220    0.298448    1.815131    2.286124    2.446758    0.012971    1.198307    1.920997
Iteration: 980 bestvalit: 107.865000 bestmemit:    0.003548    0.009276    0.044412    0.766195    0.157163    0.205616    0.487155    0.018651    0.230973    0.153715    0.195506    2.527349    0.032867    0.040548    0.002179    9.190201    8.423220    0.298448    1.815131    2.286124    2.446758    0.012971    1.198307    1.920997
Iteration: 981 bestvalit: 107.865000 bestmemit:    0.003548    0.009276    0.044412    0.766195    0.157163    0.205616    0.487155    0.018651    0.230973    0.153715    0.195506    2.527349    0.032867    0.040548    0.002179    9.190201    8.423220    0.298448    1.815131    2.286124    2.446758    0.012971    1.198307    1.920997
Iteration: 982 bestvalit: 107.865000 bestmemit:    0.003548    0.009276    0.044412    0.766195    0.157163    0.205616    0.487155    0.018651    0.230973    0.153715    0.195506    2.527349    0.032867    0.040548    0.002179    9.190201    8.423220    0.298448    1.815131    2.286124    2.446758    0.012971    1.198307    1.920997
Iteration: 983 bestvalit: 107.865000 bestmemit:    0.003548    0.009276    0.044412    0.766195    0.157163    0.205616    0.487155    0.018651    0.230973    0.153715    0.195506    2.527349    0.032867    0.040548    0.002179    9.190201    8.423220    0.298448    1.815131    2.286124    2.446758    0.012971    1.198307    1.920997
Iteration: 984 bestvalit: 107.865000 bestmemit:    0.003548    0.009276    0.044412    0.766195    0.157163    0.205616    0.487155    0.018651    0.230973    0.153715    0.195506    2.527349    0.032867    0.040548    0.002179    9.190201    8.423220    0.298448    1.815131    2.286124    2.446758    0.012971    1.198307    1.920997
Iteration: 985 bestvalit: 107.865000 bestmemit:    0.003548    0.009276    0.044412    0.766195    0.157163    0.205616    0.487155    0.018651    0.230973    0.153715    0.195506    2.527349    0.032867    0.040548    0.002179    9.190201    8.423220    0.298448    1.815131    2.286124    2.446758    0.012971    1.198307    1.920997
Iteration: 986 bestvalit: 107.865000 bestmemit:    0.003548    0.009276    0.044412    0.766195    0.157163    0.205616    0.487155    0.018651    0.230973    0.153715    0.195506    2.527349    0.032867    0.040548    0.002179    9.190201    8.423220    0.298448    1.815131    2.286124    2.446758    0.012971    1.198307    1.920997
Iteration: 987 bestvalit: 107.865000 bestmemit:    0.003548    0.009276    0.044412    0.766195    0.157163    0.205616    0.487155    0.018651    0.230973    0.153715    0.195506    2.527349    0.032867    0.040548    0.002179    9.190201    8.423220    0.298448    1.815131    2.286124    2.446758    0.012971    1.198307    1.920997
Iteration: 988 bestvalit: 107.865000 bestmemit:    0.003548    0.009276    0.044412    0.974662    0.157163    0.205616    0.487155    0.018651    0.230973    0.153715    0.195506    2.527349    0.032867    0.040548    0.002179    9.190201    8.423220    0.298448    1.815131    2.286124    2.446758    0.012971    1.198307    1.920997
Iteration: 989 bestvalit: 107.865000 bestmemit:    0.003548    0.009276    0.044412    0.974662    0.157163    0.205616    0.487155    0.018651    0.230973    0.153715    0.195506    2.527349    0.032867    0.040548    0.002179    9.190201    8.423220    0.298448    1.815131    2.286124    2.446758    0.012971    1.198307    1.920997
Iteration: 990 bestvalit: 107.845000 bestmemit:    0.003548    0.009276    0.044412    0.974662    0.157163    0.205616    0.487155    0.018651    0.230973    0.153715    0.195506    2.527349    0.032867    0.040548    0.002179    9.190201    8.423220    0.184008    1.815131    2.286124    2.446758    0.012971    1.198307    1.920997
Iteration: 991 bestvalit: 107.845000 bestmemit:    0.003548    0.009276    0.044412    0.974662    0.157163    0.205616    0.487155    0.018651    0.230973    0.153715    0.195506    2.527349    0.032867    0.040548    0.002179    9.190201    8.423220    0.184008    1.815131    2.286124    2.446758    0.012971    1.198307    1.920997
Iteration: 992 bestvalit: 107.845000 bestmemit:    0.003548    0.009276    0.044412    0.974662    0.157163    0.205616    0.487155    0.018651    0.230973    0.153715    0.195506    2.527349    0.032867    0.040548    0.002179    9.190201    8.423220    0.184008    1.815131    2.286124    2.446758    0.012971    1.198307    1.920997
Iteration: 993 bestvalit: 107.845000 bestmemit:    0.003548    0.009276    0.044412    0.974662    0.157163    0.205616    0.487155    0.018651    0.230973    0.153715    0.195506    2.527349    0.032867    0.040548    0.002179    9.190201    8.423220    0.184008    1.815131    2.286124    2.446758    0.012971    1.198307    1.920997
Iteration: 994 bestvalit: 107.845000 bestmemit:    0.003548    0.009276    0.044412    0.974662    0.157163    0.205616    0.487155    0.018651    0.230973    0.153715    0.195506    2.527349    0.032867    0.040548    0.002179    9.190201    8.423220    0.184008    1.815131    2.286124    2.446758    0.012971    1.198307    1.920997
Iteration: 995 bestvalit: 107.845000 bestmemit:    0.003548    0.009276    0.044412    0.974662    0.157163    0.205616    0.487155    0.018651    0.230973    0.153715    0.195506    2.527349    0.032867    0.040548    0.002179    9.190201    8.423220    0.184008    1.815131    2.286124    2.446758    0.012971    1.198307    1.920997
Iteration: 996 bestvalit: 107.845000 bestmemit:    0.003548    0.009276    0.044412    0.974662    0.157163    0.205616    0.487155    0.018651    0.230973    0.153715    0.195506    2.527349    0.032867    0.040548    0.002179    9.190201    8.423220    0.184008    1.815131    2.286124    2.446758    0.012971    1.198307    1.920997
Iteration: 997 bestvalit: 107.845000 bestmemit:    0.003548    0.009276    0.044412    0.974662    0.157163    0.205616    0.487155    0.018651    0.230973    0.153715    0.195506    2.527349    0.032867    0.040548    0.002179    9.190201    8.423220    0.184008    1.815131    2.286124    2.446758    0.012971    1.198307    1.920997
Iteration: 998 bestvalit: 107.845000 bestmemit:    0.003548    0.009276    0.044412    0.974662    0.157163    0.205616    0.487155    0.018651    0.230973    0.153715    0.195506    2.527349    0.032867    0.040548    0.002179    9.190201    8.423220    0.184008    1.815131    2.286124    2.446758    0.012971    1.198307    1.920997
Iteration: 999 bestvalit: 107.845000 bestmemit:    0.003548    0.009276    0.044412    0.974662    0.157163    0.205616    0.487155    0.018651    0.230973    0.153715    0.195506    2.527349    0.032867    0.040548    0.002179    9.190201    8.423220    0.184008    1.815131    2.286124    2.446758    0.012971    1.198307    1.920997
Iteration: 1000 bestvalit: 107.845000 bestmemit:    0.003548    0.009276    0.044412    0.974662    0.157163    0.205616    0.487155    0.018651    0.230973    0.153715    0.195506    2.527349    0.032867    0.040548    0.002179    9.190201    8.423220    0.184008    1.815131    2.286124    2.446758    0.012971    1.198307    1.920997
       par1        par2        par3        par4        par5        par6        par7        par8        par9       par10       par11       par12       par13       par14       par15       par16       par17       par18 
0.003548382 0.009276314 0.044411788 0.974661767 0.157163053 0.205615814 0.487155398 0.018650979 0.230973100 0.153715422 0.195506131 2.527348755 0.032866864 0.040547737 0.002178996 9.190200828 8.423219942 0.184008282 
      par19       par20       par21       par22       par23       par24 
1.815131498 2.286123783 2.446757966 0.012971029 1.198306702 1.920996932 
