Iteration:[1] "fractions - leaf: 0.449825479930192 stem: 0.267015706806283 root: 0.283158813263525"
[1] "fractions - leaf: 0.452975047984645 stem: 0.285988483685221 root: 0.261036468330134"
[1] "fractions - leaf: 0.518686296715742 stem: 0.301245753114383 root: 0.180067950169875"
[1] "fractions - leaf: 0.449825479930192 stem: 0.267015706806283 root: 0.283158813263525"
[1] "fractions - leaf: 0.452975047984645 stem: 0.285988483685221 root: 0.261036468330134"
[1] "fractions - leaf: 0.518686296715742 stem: 0.301245753114383 root: 0.180067950169875"
[1] "fractions - leaf: 0.449825479930192 stem: 0.267015706806283 root: 0.283158813263525"
[1] "fractions - leaf: 0.452975047984645 stem: 0.285988483685221 root: 0.261036468330134"
[1] "fractions - leaf: 0.518686296715742 stem: 0.301245753114383 root: 0.180067950169875"
  carbon_to_mass_factor Leaf_utilization_rate_constant Stem_utilization_rate_constant Root_utilization_rate_constant
1             0.2626148                     0.01429853                     0.04720326                     0.09372055
2             0.2716555                     0.01378006                     0.09513276                     0.09881464
3             0.3216114                     0.09679480                     0.07414055                     0.02699325
4             0.2604701                     0.07472877                     0.05808800                     0.06807303
5             0.2963624                     0.08154062                     0.02870206                     0.07753426
6             0.2924680                     0.02882882                     0.08462690                     0.06381067
  Pod_utilization_rate_constant Leaf_utilization_km Stem_utilization_km Root_utilization_km Pod_utilization_km respiration_factor
1                     0.3071661          0.15044136           0.1796902           0.4044644        0.106608701          0.4625220
2                     0.8493078          0.25382010           0.2758879           0.4756284        0.037233986          0.2116731
3                     0.4553814          0.05864296           0.3357013           0.2557876        0.356316115          0.4069899
4                     0.2034832          0.12876784           0.4619573           0.4352204        0.287504969          0.4315402
5                     0.1235418          0.10877835           0.3468537           0.3346829        0.151054872          0.3736819
6                     0.4295804          0.37016056           0.3897167           0.0728936        0.001962022          0.4346813
  substrate_conductance_Leaf_to_Stem substrate_conductance_Stem_to_Root substrate_conductance_Stem_to_Pod Leaf_senescence_fraction_max
1                         0.03475452                         0.05436619                         4.3310109                   0.01982472
2                         0.25612829                         0.28547929                         4.1636523                   0.08391563
3                         0.48782946                         0.02951274                         0.3169966                   0.07668301
4                         0.47881302                         0.36348044                         3.6006505                   0.09021246
5                         0.24285696                         0.44098526                         1.3700652                   0.06890034
6                         0.04928995                         0.06779347                         3.2916980                   0.09570136
  Stem_senescence_fraction_max Root_senescence_fraction_max Leaf_senescence_alpha Stem_senescence_alpha Root_senescence_alpha
1                  0.029136082                  0.065857376             5.7061526              5.693092             0.1791139
2                  0.065105159                  0.004734032             7.8124497              1.015779             1.0075420
3                  0.036567507                  0.095846345             5.5604519              1.878501             1.6047357
4                  0.096551751                  0.061293136             0.5473588              4.361965             1.7686402
5                  0.048527003                  0.018950153             5.8428126              9.755235             1.9510193
6                  0.008085101                  0.025695777             2.4028467              8.847496             1.9799641
  Leaf_senescence_beta Stem_senescence_beta Root_senescence_beta senescence_reuse_factor Pod_start_dvi stop_growth_dvi  result
1             1.930574             1.542596             1.650183              0.03897684     1.0327109        2.108452  130.72
2             1.819082             1.562882             1.718504              0.08990573     0.9200528        2.025811  958.59
3             1.670444             1.682363             1.972835              0.97676626     0.9292963        1.889885   35.74
4             1.892744             1.716153             1.702806              0.15647974     1.0573357        2.102280 1184.51
5             1.749160             1.640668             1.845595              0.47442969     1.0013925        1.920659  789.57
6             1.731532             1.775483             1.847861              0.35346920     0.9626146        1.859746 1595.77
     Min.   1st Qu.    Median      Mean   3rd Qu.      Max. 
2.000e+00 8.600e+01 6.940e+02 3.594e+08 1.020e+03 3.218e+13 
[1] "Best parameter set:"
      carbon_to_mass_factor Leaf_utilization_rate_constant Stem_utilization_rate_constant Root_utilization_rate_constant
57243             0.2671588                    0.007608874                     0.07292598                     0.06199376
      Pod_utilization_rate_constant Leaf_utilization_km Stem_utilization_km Root_utilization_km Pod_utilization_km respiration_factor
57243                     0.6369606           0.1374872           0.3085124           0.3162094          0.1573113          0.3444087
      substrate_conductance_Leaf_to_Stem substrate_conductance_Stem_to_Root substrate_conductance_Stem_to_Pod Leaf_senescence_fraction_max
57243                           0.474621                          0.2043063                          1.258426                  0.006138181
      Stem_senescence_fraction_max Root_senescence_fraction_max Leaf_senescence_alpha Stem_senescence_alpha Root_senescence_alpha
57243                   0.01113308                   0.01584269              6.604333              9.657254              1.871786
      Leaf_senescence_beta Stem_senescence_beta Root_senescence_beta senescence_reuse_factor Pod_start_dvi stop_growth_dvi result
57243             1.808486               1.9708             1.518265               0.7458774      0.956049        1.972666   2.31
                                        original          bias  std. error     min. c.i.    max. c.i.
senescence_reuse_factor            -0.3653860834 -4.536586e-04 0.003242507 -3.723339e-01 -0.357823668
Leaf_senescence_fraction_max        0.3537048330 -4.876180e-04 0.002862682  3.487999e-01  0.359959184
carbon_to_mass_factor              -0.1772438328  1.686784e-04 0.003176213 -1.853838e-01 -0.171638292
Leaf_senescence_beta               -0.0816777144  1.409056e-04 0.002638901 -8.761281e-02 -0.076124758
Root_senescence_fraction_max       -0.0563579801  4.278788e-04 0.003300858 -6.346734e-02 -0.050009994
substrate_conductance_Leaf_to_Stem -0.0520652197  2.262230e-04 0.003270106 -5.941003e-02 -0.046435166
substrate_conductance_Stem_to_Pod   0.0477454788 -6.676418e-04 0.003175568  4.296463e-02  0.056014755
stop_growth_dvi                     0.0423446822 -5.183506e-05 0.002969481  3.539039e-02  0.049146120
Leaf_utilization_km                -0.0414050070 -1.811237e-04 0.003086017 -4.842502e-02 -0.034613569
Stem_senescence_fraction_max        0.0395817675  6.070632e-04 0.003235681  3.230670e-02  0.046415271
Leaf_senescence_alpha              -0.0387966245 -1.023758e-04 0.002706815 -4.394045e-02 -0.033174420
Pod_utilization_km                  0.0286820306 -2.188713e-05 0.003129757  2.224283e-02  0.034351264
Stem_utilization_km                -0.0282752979  6.511007e-04 0.003174758 -3.394011e-02 -0.020344619
Stem_senescence_alpha               0.0248520075 -4.245144e-04 0.003282217  1.897125e-02  0.032894466
Leaf_utilization_rate_constant     -0.0221999670  1.291234e-04 0.003580016 -3.065151e-02 -0.014772733
Root_senescence_alpha               0.0176325300 -7.337516e-05 0.003141712  1.182233e-02  0.023583358
Pod_start_dvi                       0.0141810399  3.373703e-04 0.002780509  8.578238e-03  0.020852279
Stem_utilization_rate_constant      0.0107397562  4.365165e-04 0.003040109  4.929456e-03  0.017459799
Pod_utilization_rate_constant      -0.0095414431 -5.853064e-04 0.003085257 -1.535562e-02 -0.003902906
Stem_senescence_beta                0.0089015954 -4.732795e-04 0.002848251  3.556336e-03  0.015929909
Root_senescence_beta                0.0051058273 -2.360916e-04 0.002811840  7.380394e-05  0.011690812
respiration_factor                  0.0048606478  1.991186e-04 0.003226112 -1.371169e-03  0.010536000
Root_utilization_km                 0.0043140117 -2.067609e-04 0.002928321 -1.489493e-03  0.010378439
substrate_conductance_Stem_to_Root -0.0007512651 -5.928091e-05 0.003356259 -8.296548e-03  0.006217939
Root_utilization_rate_constant      0.0004030448 -3.710324e-04 0.003000292 -5.581979e-03  0.007461795
function (x) 
{
    if (!is.null(names(x))) {
        if (length(names(x)) != length(arg_names) || !all(names(x) %in% 
            arg_names) || !all(arg_names %in% names(x))) {
            msg <- paste0("The names of the `x` argument do not match those ", 
                "specified by `arg_names`:\n  `arg_names`: ", 
                paste(arg_names, collapse = ", "), "\n  `names(x)`: ", 
                paste(names(x), collapse = ", "))
            stop(msg)
        }
        x <- x[arg_names]
    }
    x <- unlist(x)
    if (length(x) != nrow(controls)) {
        msg <- paste0("The unlisted `x` argument (`unlist(x)`) does not have the ", 
            "correct number of elements: required = ", nrow(controls), 
            ", actual = ", length(x))
        stop(msg)
    }
    temp_arg_list = arg_list
    for (i in seq_along(x)) {
        c_row = controls[i, ]
        temp_arg_list[[c_row$control]][[c_row$arg_name]][c_row$index] = x[i]
    }
    do.call(run_biocro, temp_arg_list)
}
<bytecode: 0x13fbf5730>
<environment: 0x13c48e760>
    0.049379    0.953768    0.384671    0.228177    0.317292    0.040526    0.202229    0.457847    0.255416    0.455300    0.025132    0.005374    0.087341    6.693423    5.160476    1.538371    1.918742    1.975491    1.560878    0.930953    1.003502    1.936693
Iteration: 32 bestvalit: 2.090000 bestmemit:    0.252067    0.068257    0.086760    0.049379    0.953768    0.384671    0.228177    0.317292    0.040526    0.202229    0.457847    0.255416    0.455300    0.025132    0.005374    0.087341    6.693423    5.160476    1.538371    1.918742    1.975491    1.560878    0.930953    1.003502    1.936693
Iteration: 33 bestvalit: 2.060000 bestmemit:    0.252067    0.068257    0.086760    0.049379    0.953768    0.384671    0.228177    0.143264    0.040526    0.202229    0.457847    0.255416    0.455300    0.025132    0.005374    0.087341    6.693423    5.160476    1.538371    1.918742    1.975491    1.560878    0.930953    1.003502    1.936693
Iteration: 34 bestvalit: 1.990000 bestmemit:    0.252067    0.068257    0.086760    0.049379    0.953768    0.384671    0.228177    0.143264    0.040526    0.202229    0.420687    0.315245    0.455300    0.025132    0.005374    0.087341    6.693423    5.160476    1.538371    1.918742    1.975491    1.560878    0.930953    1.003502    1.936693
Iteration: 35 bestvalit: 1.990000 bestmemit:    0.252067    0.068257    0.086760    0.049379    0.953768    0.384671    0.228177    0.143264    0.040526    0.202229    0.420687    0.315245    0.455300    0.025132    0.005374    0.087341    6.693423    5.160476    1.538371    1.918742    1.975491    1.560878    0.930953    1.003502    1.936693
Iteration: 36 bestvalit: 1.990000 bestmemit:    0.252067    0.068257    0.086760    0.049379    0.953768    0.384671    0.228177    0.143264    0.040526    0.202229    0.420687    0.315245    0.455300    0.025132    0.005374    0.087341    6.693423    5.160476    1.538371    1.918742    1.975491    1.560878    0.930953    1.003502    1.936693
Iteration: 37 bestvalit: 1.990000 bestmemit:    0.252067    0.068257    0.086760    0.049379    0.953768    0.384671    0.228177    0.143264    0.040526    0.202229    0.420687    0.315245    0.455300    0.025132    0.005374    0.087341    6.693423    5.160476    1.538371    1.918742    1.975491    1.560878    0.930953    1.003502    1.936693
Iteration: 38 bestvalit: 1.990000 bestmemit:    0.252067    0.068257    0.086760    0.049379    0.953768    0.384671    0.228177    0.143264    0.040526    0.202229    0.420687    0.315245    0.455300    0.025132    0.005374    0.087341    6.693423    5.160476    1.538371    1.918742    1.975491    1.560878    0.930953    1.003502    1.936693
Iteration: 39 bestvalit: 1.990000 bestmemit:    0.252067    0.068257    0.086760    0.049379    0.953768    0.384671    0.228177    0.143264    0.040526    0.202229    0.420687    0.315245    0.455300    0.025132    0.005374    0.087341    6.693423    5.160476    1.538371    1.918742    1.975491    1.560878    0.930953    1.003502    1.936693
Iteration: 40 bestvalit: 1.820000 bestmemit:    0.252067    0.068257    0.086760    0.049379    0.953768    0.384671    0.228177    0.143264    0.040526    0.202229    0.420687    0.315245    0.455300    0.025132    0.005374    0.087341    6.693423    5.160476    1.538371    1.976626    1.975491    1.560878    0.930953    1.003502    1.936693
Iteration: 41 bestvalit: 1.820000 bestmemit:    0.252067    0.068257    0.086760    0.049379    0.953768    0.384671    0.228177    0.143264    0.040526    0.202229    0.420687    0.315245    0.455300    0.025132    0.005374    0.087341    6.693423    5.160476    1.538371    1.976626    1.975491    1.560878    0.930953    1.003502    1.936693
Iteration: 42 bestvalit: 1.820000 bestmemit:    0.252067    0.068257    0.086760    0.049379    0.953768    0.384671    0.228177    0.143264    0.040526    0.202229    0.420687    0.315245    0.455300    0.025132    0.005374    0.087341    6.693423    5.160476    1.538371    1.976626    1.975491    1.560878    0.930953    1.003502    1.936693
Iteration: 43 bestvalit: 1.660000 bestmemit:    0.252067    0.068257    0.086760    0.049379    0.953768    0.384671    0.228177    0.143264    0.040526    0.202229    0.420687    0.315245    0.455300    0.025132    0.005374    0.087341    6.693423    5.160476    1.538371    1.976626    1.975491    1.560878    0.930953    0.951663    1.936693
Iteration: 44 bestvalit: 1.620000 bestmemit:    0.252067    0.068257    0.086760    0.049379    0.953768    0.365950    0.228177    0.143264    0.040526    0.202229    0.420687    0.315245    0.455300    0.025132    0.005374    0.087341    6.693423    5.160476    1.538371    1.976626    1.975491    1.560878    0.930953    0.951663    1.936693
Iteration: 45 bestvalit: 1.620000 bestmemit:    0.252067    0.068257    0.086760    0.049379    0.953768    0.365950    0.228177    0.143264    0.040526    0.202229    0.420687    0.315245    0.455300    0.025132    0.005374    0.087341    6.693423    5.160476    1.538371    1.976626    1.975491    1.560878    0.930953    0.951663    1.936693
Iteration: 46 bestvalit: 1.620000 bestmemit:    0.252067    0.068257    0.086760    0.049379    0.953768    0.365950    0.228177    0.143264    0.040526    0.202229    0.420687    0.315245    0.455300    0.025132    0.005374    0.087341    6.693423    5.160476    1.538371    1.976626    1.975491    1.560878    0.930953    0.951663    1.936693
Iteration: 47 bestvalit: 1.620000 bestmemit:    0.252067    0.068257    0.086760    0.049379    0.953768    0.365950    0.228177    0.143264    0.040526    0.202229    0.420687    0.315245    0.455300    0.025132    0.005374    0.087341    6.693423    5.160476    1.538371    1.976626    1.975491    1.560878    0.930953    0.951663    1.936693
Iteration: 48 bestvalit: 1.620000 bestmemit:    0.252067    0.068257    0.086760    0.049379    0.953768    0.365950    0.228177    0.143264    0.040526    0.202229    0.420687    0.315245    0.455300    0.025132    0.005374    0.087341    6.693423    5.160476    1.538371    1.976626    1.975491    1.560878    0.930953    0.951663    1.936693
Iteration: 49 bestvalit: 1.620000 bestmemit:    0.252067    0.068257    0.086760    0.049379    0.953768    0.365950    0.228177    0.143264    0.040526    0.202229    0.420687    0.315245    0.455300    0.025132    0.005374    0.087341    6.693423    5.160476    1.538371    1.976626    1.975491    1.560878    0.930953    0.951663    1.936693
Iteration: 50 bestvalit: 1.590000 bestmemit:    0.252067    0.068257    0.075573    0.049379    0.953768    0.365950    0.228177    0.143264    0.040526    0.202229    0.420687    0.315245    0.455300    0.025132    0.005374    0.087341    6.693423    5.160476    1.538371    1.976626    1.975491    1.560878    0.930953    0.951663    1.936693
Iteration: 51 bestvalit: 1.590000 bestmemit:    0.252067    0.068257    0.075573    0.049379    0.953768    0.365950    0.228177    0.143264    0.040526    0.202229    0.420687    0.315245    0.455300    0.025132    0.005374    0.087341    6.693423    5.160476    1.538371    1.976626    1.975491    1.560878    0.930953    0.951663    1.936693
Iteration: 52 bestvalit: 1.590000 bestmemit:    0.252067    0.068257    0.075573    0.049379    0.953768    0.365950    0.228177    0.143264    0.040526    0.202229    0.420687    0.315245    0.455300    0.025132    0.005374    0.087341    6.693423    5.160476    1.538371    1.976626    1.975491    1.560878    0.930953    0.951663    1.936693
Iteration: 53 bestvalit: 1.590000 bestmemit:    0.252067    0.068257    0.075573    0.049379    0.953768    0.365950    0.228177    0.143264    0.040526    0.202229    0.420687    0.315245    0.455300    0.025132    0.005374    0.087341    6.693423    5.160476    1.538371    1.976626    1.975491    1.560878    0.930953    0.951663    1.936693
Iteration: 54 bestvalit: 1.590000 bestmemit:    0.252067    0.068257    0.075573    0.049379    0.953768    0.365950    0.228177    0.143264    0.040526    0.202229    0.420687    0.315245    0.455300    0.025132    0.005374    0.087341    6.693423    5.160476    1.538371    1.976626    1.975491    1.560878    0.930953    0.951663    1.936693
Iteration: 55 bestvalit: 1.590000 bestmemit:    0.252067    0.068257    0.075573    0.049379    0.953768    0.365950    0.228177    0.143264    0.040526    0.202229    0.420687    0.315245    0.455300    0.025132    0.005374    0.087341    6.693423    5.160476    1.538371    1.976626    1.975491    1.587367    0.930953    0.951663    1.936693
Iteration: 56 bestvalit: 1.570000 bestmemit:    0.252067    0.068257    0.075573    0.049379    0.953768    0.365950    0.228177    0.143264    0.040526    0.202229    0.420687    0.315245    0.455300    0.025132    0.005374    0.087341    7.315273    5.160476    1.538371    1.976626    1.975491    1.587367    0.930953    0.951663    1.936693
Iteration: 57 bestvalit: 1.570000 bestmemit:    0.252067    0.068257    0.075573    0.049379    0.953768    0.365950    0.228177    0.143264    0.040526    0.202229    0.420687    0.315245    0.455300    0.025132    0.005374    0.087341    7.315273    5.160476    1.538371    1.976626    1.975491    1.587367    0.930953    0.951663    1.936693
Iteration: 58 bestvalit: 1.570000 bestmemit:    0.252067    0.068257    0.075573    0.049379    0.953768    0.365950    0.228177    0.143264    0.040526    0.202229    0.420687    0.315245    0.455300    0.025132    0.005374    0.087341    7.315273    5.160476    1.538371    1.976626    1.975491    1.587367    0.930953    0.951663    1.936693
Iteration: 59 bestvalit: 1.570000 bestmemit:    0.252067    0.068257    0.075573    0.049379    0.953768    0.365950    0.228177    0.143264    0.040526    0.202229    0.420687    0.315245    0.455300    0.025132    0.005374    0.087341    7.315273    5.160476    1.538371    1.976626    1.975491    1.587367    0.930953    0.951663    1.936693
Iteration: 60 bestvalit: 1.570000 bestmemit:    0.252067    0.068257    0.075573    0.049379    0.953768    0.365950    0.228177    0.143264    0.040526    0.202229    0.420687    0.315245    0.455300    0.025132    0.005374    0.087341    7.315273    5.160476    1.538371    1.976626    1.975491    1.587367    0.930953    0.951663    1.936693
Iteration: 61 bestvalit: 1.570000 bestmemit:    0.252067    0.068257    0.075573    0.049379    0.953768    0.365950    0.228177    0.143264    0.040526    0.202229    0.420687    0.315245    0.455300    0.025132    0.005374    0.087341    7.315273    5.160476    1.538371    1.976626    1.975491    1.587367    0.930953    0.951663    1.936693
Iteration: 62 bestvalit: 1.570000 bestmemit:    0.252067    0.068257    0.075573    0.049379    0.953768    0.365950    0.228177    0.143264    0.040526    0.202229    0.420687    0.315245    0.455300    0.025132    0.005374    0.087341    7.315273    5.160476    1.538371    1.976626    1.975491    1.587367    0.930953    0.951663    1.936693
Iteration: 63 bestvalit: 1.570000 bestmemit:    0.252067    0.068257    0.075573    0.049379    0.953768    0.365950    0.228177    0.143264    0.040526    0.202229    0.420687    0.315245    0.455300    0.025132    0.005374    0.087341    7.315273    5.160476    1.538371    1.976626    1.975491    1.587367    0.930953    0.951663    1.936693
Iteration: 64 bestvalit: 1.570000 bestmemit:    0.252067    0.068257    0.075573    0.049379    0.953768    0.365950    0.228177    0.143264    0.040526    0.202229    0.420687    0.315245    0.455300    0.025132    0.005374    0.087341    7.315273    5.160476    1.538371    1.976626    1.975491    1.587367    0.930953    0.951663    1.936693
Iteration: 65 bestvalit: 1.570000 bestmemit:    0.252067    0.068257    0.075573    0.049379    0.953768    0.365950    0.228177    0.143264    0.040526    0.202229    0.420833    0.370279    0.455300    0.025132    0.005374    0.087341    7.315273    5.160476    1.538371    1.976626    1.975491    1.587367    0.930953    0.951663    1.936693
Iteration: 66 bestvalit: 1.570000 bestmemit:    0.252067    0.068257    0.075573    0.049379    0.953768    0.365950    0.228177    0.143264    0.040526    0.202229    0.420833    0.370279    0.455300    0.025132    0.005374    0.087341    7.315273    5.160476    1.538371    1.976626    1.975491    1.587367    0.930953    0.951663    1.936693
Iteration: 67 bestvalit: 1.550000 bestmemit:    0.252067    0.068257    0.075573    0.073561    0.998039    0.365950    0.228177    0.143264    0.040526    0.202229    0.420833    0.370279    0.455300    0.025132    0.005374    0.087341    7.315273    5.160476    1.538371    1.976626    1.975491    1.587367    0.930953    0.951663    1.936693
Iteration: 68 bestvalit: 1.550000 bestmemit:    0.252067    0.068257    0.075573    0.073561    0.998039    0.365950    0.228177    0.143264    0.040526    0.202229    0.420833    0.370279    0.455300    0.025132    0.005374    0.087341    7.315273    5.160476    1.538371    1.976626    1.975491    1.587367    0.930953    0.951663    1.936693
Iteration: 69 bestvalit: 1.550000 bestmemit:    0.252067    0.068257    0.075573    0.073561    0.998039    0.365950    0.228177    0.143264    0.040526    0.202229    0.420833    0.370279    0.455300    0.025132    0.005374    0.087341    7.315273    5.160476    1.538371    1.976626    1.975491    1.587367    0.930953    0.951663    1.936693
Iteration: 70 bestvalit: 1.550000 bestmemit:    0.252067    0.068257    0.075573    0.073561    0.998039    0.365950    0.228177    0.143264    0.040526    0.202229    0.420833    0.370279    0.455300    0.025132    0.005374    0.087341    7.315273    5.160476    1.538371    1.976626    1.975491    1.587367    0.930953    0.951663    1.936693
Iteration: 71 bestvalit: 1.550000 bestmemit:    0.252067    0.068257    0.075573    0.073561    0.998039    0.365950    0.228177    0.143264    0.040526    0.202229    0.420833    0.370279    0.455300    0.025132    0.005374    0.087341    7.315273    5.160476    1.538371    1.976626    1.975491    1.587367    0.930953    0.951663    1.936693
Iteration: 72 bestvalit: 1.550000 bestmemit:    0.252067    0.068257    0.075573    0.073561    0.998039    0.365950    0.228177    0.143264    0.040526    0.202229    0.420833    0.370279    0.455300    0.025132    0.005374    0.087341    7.315273    5.160476    1.538371    1.976626    1.975491    1.587367    0.930953    0.951663    1.936693
Iteration: 73 bestvalit: 1.550000 bestmemit:    0.252067    0.068257    0.075573    0.073561    0.998039    0.365950    0.228177    0.143264    0.040526    0.202229    0.420833    0.370279    0.455300    0.025132    0.005374    0.087341    7.315273    5.160476    1.538371    1.976626    1.975491    1.587367    0.930953    0.951663    1.936693
Iteration: 74 bestvalit: 1.550000 bestmemit:    0.252067    0.068257    0.075573    0.073561    0.998039    0.365950    0.228177    0.143264    0.040526    0.202229    0.420833    0.465052    0.455300    0.025132    0.005374    0.087341    7.315273    5.160476    1.538371    1.976626    1.975491    1.587367    0.930953    0.951663    1.936693
Iteration: 75 bestvalit: 1.550000 bestmemit:    0.252067    0.068257    0.075573    0.073561    0.998039    0.365950    0.228177    0.143264    0.040526    0.202229    0.420833    0.465052    0.455300    0.025132    0.005374    0.087341    7.315273    5.160476    1.538371    1.976626    1.975491    1.587367    0.930953    0.951663    1.936693
Iteration: 76 bestvalit: 1.550000 bestmemit:    0.252067    0.068257    0.075573    0.073561    0.998039    0.365950    0.228177    0.143264    0.040526    0.202229    0.420833    0.465052    0.455300    0.025132    0.005374    0.087341    7.315273    5.160476    1.538371    1.976626    1.975491    1.587367    0.930953    0.951663    1.936693
Iteration: 77 bestvalit: 1.550000 bestmemit:    0.252067    0.068257    0.075573    0.073561    0.998039    0.365950    0.228177    0.143264    0.040526    0.202229    0.420833    0.465052    0.455300    0.025132    0.005374    0.087341    7.315273    5.160476    1.538371    1.976626    1.975491    1.587367    0.930953    0.951663    1.936693
Iteration: 78 bestvalit: 1.550000 bestmemit:    0.252067    0.068257    0.075573    0.073561    0.998039    0.365950    0.228177    0.143264    0.040526    0.202229    0.420833    0.465052    0.455300    0.025132    0.005374    0.087341    7.315273    5.160476    1.538371    1.976626    1.975491    1.587367    0.930953    0.951663    1.936693
Iteration: 79 bestvalit: 1.500000 bestmemit:    0.252067    0.068257    0.075573    0.073561    0.998039    0.365950    0.228177    0.143264    0.040526    0.202229    0.420833    0.465052    0.455300    0.025132    0.005374    0.087341    7.315273    4.398194    1.538371    1.976626    1.975491    1.587367    0.930953    0.951663    1.936693
Iteration: 80 bestvalit: 1.500000 bestmemit:    0.252067    0.068257    0.075573    0.073561    0.998039    0.365950    0.228177    0.143264    0.040526    0.202229    0.420833    0.465052    0.455300    0.025132    0.005374    0.087341    7.315273    4.398194    1.538371    1.976626    1.975491    1.587367    0.930953    0.951663    1.936693
Iteration: 81 bestvalit: 1.490000 bestmemit:    0.252067    0.068257    0.083805    0.073561    0.998039    0.365950    0.228177    0.143264    0.040526    0.202229    0.420833    0.465052    0.455300    0.025132    0.005374    0.087341    7.315273    4.398194    1.538371    1.976626    1.975491    1.587367    0.930953    0.951663    1.936693
Iteration: 82 bestvalit: 1.490000 bestmemit:    0.252067    0.068257    0.083805    0.073561    0.998039    0.365950    0.228177    0.143264    0.040526    0.202229    0.420833    0.465052    0.455300    0.025132    0.005374    0.087341    7.315273    4.398194    1.538371    1.976626    1.975491    1.587367    0.930953    0.951663    1.936693
Iteration: 83 bestvalit: 1.490000 bestmemit:    0.252067    0.068257    0.083805    0.073561    0.998039    0.365950    0.228177    0.143264    0.040526    0.202229    0.420833    0.465052    0.455300    0.025132    0.005374    0.087341    7.315273    4.398194    1.538371    1.976626    1.975491    1.587367    0.930953    0.951663    1.936693
Iteration: 84 bestvalit: 1.490000 bestmemit:    0.252067    0.068257    0.083805    0.073561    0.998039    0.365950    0.228177    0.143264    0.040526    0.202229    0.420833    0.465052    0.455300    0.025132    0.005374    0.087341    7.315273    4.398194    1.538371    1.976626    1.975491    1.587367    0.930953    0.951663    1.936693
Iteration: 85 bestvalit: 1.490000 bestmemit:    0.252067    0.068257    0.083805    0.073561    0.998039    0.365950    0.228177    0.143264    0.040526    0.202229    0.420833    0.465052    0.455300    0.025132    0.005374    0.087341    7.315273    4.398194    1.538371    1.976626    1.975491    1.587367    0.930953    0.951663    1.936693
Iteration: 86 bestvalit: 1.490000 bestmemit:    0.252067    0.068257    0.083805    0.073561    0.998039    0.365950    0.228177    0.143264    0.040526    0.202229    0.420833    0.465052    0.455300    0.025132    0.005374    0.087341    7.315273    4.398194    1.538371    1.976626    1.975491    1.587367    0.930953    0.951663    1.936693
Iteration: 87 bestvalit: 1.490000 bestmemit:    0.276979    0.023544    0.092945    0.094595    0.295206    0.400786    0.411883    0.287698    0.247266    0.195995    0.202854    0.152841    1.742510    0.042385    0.021683    0.002398    7.701735    8.030374    1.140161    1.995330    1.929526    1.863482    0.926698    0.901653    1.936600
Iteration: 88 bestvalit: 1.490000 bestmemit:    0.276979    0.023544    0.092945    0.094595    0.295206    0.400786    0.411883    0.287698    0.247266    0.195995    0.202854    0.152841    1.742510    0.042385    0.021683    0.002398    7.701735    8.030374    1.140161    1.995330    1.929526    1.863482    0.926698    0.901653    1.936600
Iteration: 89 bestvalit: 1.450000 bestmemit:    0.271224    0.007388    0.040687    0.049998    0.890114    0.098508    0.179442    0.028175    0.237085    0.215341    0.492096    0.444580    3.449053    0.015997    0.007212    0.049433    8.291493    6.907594    0.466007    1.948594    1.927338    1.597379    0.992798    1.041844    1.996829
Iteration: 90 bestvalit: 1.450000 bestmemit:    0.271224    0.007388    0.040687    0.049998    0.890114    0.098508    0.179442    0.028175    0.237085    0.215341    0.492096    0.444580    3.449053    0.015997    0.007212    0.049433    8.291493    6.907594    0.466007    1.948594    1.927338    1.597379    0.992798    1.041844    1.996829
Iteration: 91 bestvalit: 1.450000 bestmemit:    0.271224    0.007388    0.040687    0.049998    0.890114    0.098508    0.179442    0.028175    0.237085    0.215341    0.492096    0.444580    3.449053    0.015997    0.007212    0.049433    8.291493    6.907594    0.466007    1.948594    1.927338    1.597379    0.992798    1.041844    1.996829
Iteration: 92 bestvalit: 1.410000 bestmemit:    0.271224    0.007388    0.040687    0.049998    0.890114    0.098508    0.179442    0.028175    0.237085    0.215341    0.492096    0.444580    3.449053    0.015997    0.007212    0.049433    8.291493    6.907594    0.466007    1.968942    1.929221    1.974593    0.992798    1.041844    1.996829
Iteration: 93 bestvalit: 1.410000 bestmemit:    0.271224    0.007388    0.040687    0.049998    0.890114    0.098508    0.179442    0.028175    0.237085    0.215341    0.492096    0.444580    3.449053    0.015997    0.007212    0.049433    8.291493    6.907594    0.466007    1.968942    1.929221    1.974593    0.992798    1.041844    1.996829
Iteration: 94 bestvalit: 1.410000 bestmemit:    0.271224    0.007388    0.040687    0.049998    0.890114    0.098508    0.179442    0.028175    0.237085    0.215341    0.492096    0.444580    3.449053    0.015997    0.007212    0.049433    8.291493    6.907594    0.466007    1.968942    1.929221    1.974593    0.992798    1.041844    1.996829
Iteration: 95 bestvalit: 1.400000 bestmemit:    0.252067    0.068257    0.083805    0.073561    0.998039    0.365950    0.228177    0.143264    0.040526    0.202229    0.420833    0.465052    0.455300    0.025132    0.002525    0.022420    7.315273    4.398194    1.538371    1.976626    1.975491    1.961484    0.930953    0.951663    1.936693
Iteration: 96 bestvalit: 1.400000 bestmemit:    0.252067    0.068257    0.083805    0.073561    0.998039    0.365950    0.228177    0.143264    0.040526    0.202229    0.420833    0.465052    0.455300    0.025132    0.002525    0.022420    7.315273    4.398194    1.538371    1.976626    1.975491    1.961484    0.930953    0.951663    1.936693
Iteration: 97 bestvalit: 1.400000 bestmemit:    0.252067    0.068257    0.083805    0.073561    0.998039    0.365950    0.228177    0.143264    0.040526    0.202229    0.420833    0.465052    0.455300    0.025132    0.002525    0.022420    7.315273    4.398194    1.538371    1.976626    1.975491    1.961484    0.930953    0.951663    1.936693
Iteration: 98 bestvalit: 1.300000 bestmemit:    0.271224    0.007388    0.040687    0.096903    0.890114    0.098508    0.179442    0.028175    0.237085    0.215341    0.492096    0.444580    3.449053    0.015997    0.007212    0.049433    8.291493    6.907594    0.466007    1.968942    1.929221    1.974593    0.992798    1.041844    1.996829
Iteration: 99 bestvalit: 1.300000 bestmemit:    0.271224    0.007388    0.040687    0.096903    0.890114    0.098508    0.179442    0.028175    0.237085    0.215341    0.492096    0.444580    3.449053    0.015997    0.007212    0.049433    8.291493    6.907594    0.466007    1.968942    1.929221    1.974593    0.992798    1.041844    1.996829
Iteration: 100 bestvalit: 1.300000 bestmemit:    0.271224    0.007388    0.040687    0.096903    0.890114    0.098508    0.179442    0.028175    0.237085    0.215341    0.492096    0.444580    3.449053    0.015997    0.007212    0.049433    8.291493    6.907594    0.466007    1.968942    1.929221    1.974593    0.992798    1.041844    1.996829
Iteration: 101 bestvalit: 1.280000 bestmemit:    0.271224    0.007388    0.040687    0.096903    0.890114    0.098508    0.179442    0.028175    0.237085    0.215341    0.492096    0.444580    3.449053    0.037982    0.007212    0.049433    8.291493    6.907594    0.466007    1.968942    1.929221    1.974593    0.992798    1.041844    1.996829
Iteration: 102 bestvalit: 1.280000 bestmemit:    0.271224    0.007388    0.040687    0.096903    0.890114    0.098508    0.179442    0.028175    0.237085    0.215341    0.492096    0.444580    3.449053    0.037982    0.007212    0.049433    8.291493    6.907594    0.466007    1.968942    1.929221    1.974593    0.992798    1.041844    1.996829
Iteration: 103 bestvalit: 1.270000 bestmemit:    0.271224    0.007388    0.040687    0.096903    0.890114    0.098508    0.179442    0.028175    0.237085    0.215341    0.492096    0.444580    3.449053    0.037982    0.007212    0.049433    8.291493    9.936996    0.466007    1.968942    1.929221    1.974593    0.992798    1.041844    1.996829
Iteration: 104 bestvalit: 1.270000 bestmemit:    0.271224    0.007388    0.040687    0.096903    0.890114    0.098508    0.179442    0.028175    0.237085    0.215341    0.492096    0.444580    3.449053    0.037982    0.007212    0.049433    8.291493    9.936996    0.466007    1.968942    1.929221    1.974593    0.992798    1.041844    1.996829
Iteration: 105 bestvalit: 1.270000 bestmemit:    0.271224    0.007388    0.040687    0.093169    0.890114    0.098508    0.179442    0.028175    0.237085    0.215341    0.492096    0.444580    3.449053    0.037982    0.007212    0.049433    8.291493    9.936996    0.466007    1.968942    1.929221    1.974593    0.992798    1.041844    1.996829
Iteration: 106 bestvalit: 1.270000 bestmemit:    0.271224    0.007388    0.040687    0.093169    0.890114    0.098508    0.179442    0.028175    0.237085    0.215341    0.492096    0.444580    3.449053    0.037982    0.007212    0.049433    8.291493    9.936996    0.466007    1.968942    1.929221    1.974593    0.992798    1.041844    1.996829
Iteration: 107 bestvalit: 1.270000 bestmemit:    0.271224    0.007388    0.040687    0.093169    0.890114    0.098508    0.179442    0.028175    0.237085    0.215341    0.492096    0.444580    3.449053    0.037982    0.007212    0.049433    8.291493    9.936996    0.466007    1.968942    1.929221    1.974593    0.992798    1.041844    1.996829
Iteration: 108 bestvalit: 1.270000 bestmemit:    0.271224    0.007388    0.040687    0.093169    0.890114    0.098508    0.179442    0.028175    0.237085    0.215341    0.492096    0.444580    3.449053    0.037982    0.007212    0.049433    8.291493    9.936996    0.466007    1.968942    1.929221    1.974593    0.992798    1.041844    1.996829
Iteration: 109 bestvalit: 1.270000 bestmemit:    0.271224    0.007388    0.040687    0.093169    0.890114    0.098508    0.179442    0.028175    0.237085    0.215341    0.492096    0.444580    3.449053    0.037982    0.007212    0.049433    8.291493    9.936996    0.466007    1.968942    1.929221    1.974593    0.992798    1.041844    1.996829
Iteration: 110 bestvalit: 1.270000 bestmemit:    0.271224    0.007388    0.040687    0.093169    0.890114    0.098508    0.179442    0.028175    0.237085    0.215341    0.492096    0.444580    3.449053    0.037982    0.007212    0.049433    8.291493    9.936996    0.466007    1.968942    1.929221    1.974593    0.992798    1.041844    1.996829
Iteration: 111 bestvalit: 1.270000 bestmemit:    0.271224    0.007388    0.040687    0.093169    0.890114    0.098508    0.179442    0.028175    0.237085    0.215341    0.492096    0.444580    3.449053    0.037982    0.007212    0.049433    8.291493    9.936996    0.466007    1.968942    1.929221    1.974593    0.992798    1.041844    1.996829
Iteration: 112 bestvalit: 1.270000 bestmemit:    0.271224    0.007388    0.040687    0.093169    0.890114    0.098508    0.179442    0.028175    0.237085    0.215341    0.492096    0.444580    3.449053    0.037982    0.007212    0.049433    8.291493    9.936996    0.466007    1.968942    1.929221    1.974593    0.992798    1.041844    1.996829
Iteration: 113 bestvalit: 1.270000 bestmemit:    0.271224    0.007388    0.040687    0.093169    0.890114    0.098508    0.179442    0.028175    0.237085    0.215341    0.492096    0.444580    3.449053    0.037982    0.007212    0.049433    8.291493    9.936996    0.466007    1.968942    1.929221    1.974593    0.992798    1.041844    1.996829
Iteration: 114 bestvalit: 1.250000 bestmemit:    0.264926    0.065810    0.050618    0.091080    0.845397    0.495594    0.260028    0.323580    0.294246    0.320018    0.416183    0.343362    3.121475    0.009195    0.000468    0.001042    7.948342    6.336626    0.847677    1.868310    1.559053    1.654229    0.606128    0.945218    1.983450
Iteration: 115 bestvalit: 1.250000 bestmemit:    0.264926    0.065810    0.050618    0.091080    0.845397    0.495594    0.260028    0.323580    0.294246    0.320018    0.416183    0.343362    3.121475    0.009195    0.000468    0.001042    7.948342    6.336626    0.847677    1.868310    1.559053    1.654229    0.606128    0.945218    1.983450
Iteration: 116 bestvalit: 1.250000 bestmemit:    0.264926    0.065810    0.050618    0.091080    0.845397    0.495594    0.260028    0.323580    0.294246    0.320018    0.416183    0.343362    3.121475    0.009195    0.000468    0.001042    7.948342    6.336626    0.847677    1.868310    1.559053    1.654229    0.606128    0.945218    1.983450
Iteration: 117 bestvalit: 1.250000 bestmemit:    0.264926    0.065810    0.050618    0.091080    0.845397    0.495594    0.260028    0.323580    0.294246    0.320018    0.416183    0.343362    3.121475    0.009195    0.000468    0.001042    7.948342    6.336626    0.847677    1.868310    1.559053    1.654229    0.606128    0.945218    1.983450
Iteration: 118 bestvalit: 1.210000 bestmemit:    0.271224    0.007388    0.040687    0.093169    0.890114    0.098508    0.179442    0.028175    0.237085    0.215341    0.375432    0.494132    3.046092    0.037982    0.007212    0.049433    8.291493    9.936996    0.466007    1.968942    1.929221    1.974593    0.992798    1.041844    1.996829
Iteration: 119 bestvalit: 1.210000 bestmemit:    0.271224    0.007388    0.040687    0.093169    0.890114    0.098508    0.179442    0.028175    0.237085    0.215341    0.375432    0.494132    3.046092    0.037982    0.007212    0.049433    8.291493    9.936996    0.466007    1.968942    1.929221    1.974593    0.992798    1.041844    1.996829
Iteration: 120 bestvalit: 1.210000 bestmemit:    0.271224    0.007388    0.040687    0.093169    0.890114    0.098508    0.179442    0.028175    0.237085    0.215341    0.375432    0.494132    3.046092    0.037982    0.007212    0.049433    8.291493    9.936996    0.466007    1.968942    1.929221    1.974593    0.992798    1.041844    1.996829
Iteration: 121 bestvalit: 1.210000 bestmemit:    0.271224    0.007388    0.040687    0.093169    0.890114    0.098508    0.179442    0.028175    0.237085    0.215341    0.375432    0.494132    3.046092    0.037982    0.007212    0.049433    8.291493    9.936996    0.466007    1.968942    1.929221    1.974593    0.992798    1.041844    1.996829
Iteration: 122 bestvalit: 1.210000 bestmemit:    0.271224    0.007388    0.040687    0.093169    0.890114    0.098508    0.179442    0.028175    0.237085    0.215341    0.375432    0.494132    3.046092    0.037982    0.007212    0.049433    8.291493    9.936996    0.466007    1.968942    1.929221    1.974593    0.992798    1.041844    1.996829
Iteration: 123 bestvalit: 1.210000 bestmemit:    0.271224    0.007388    0.040687    0.093169    0.890114    0.098508    0.179442    0.028175    0.237085    0.215341    0.375432    0.494132    3.046092    0.037982    0.007212    0.049433    8.291493    9.936996    0.466007    1.968942    1.929221    1.974593    0.992798    1.041844    1.996829
Iteration: 124 bestvalit: 1.210000 bestmemit:    0.271224    0.007388    0.040687    0.093169    0.890114    0.098508    0.179442    0.028175    0.237085    0.215341    0.375432    0.494132    3.046092    0.037982    0.007212    0.049433    8.291493    9.936996    0.466007    1.968942    1.929221    1.974593    0.992798    1.041844    1.996829
Iteration: 125 bestvalit: 1.210000 bestmemit:    0.271224    0.007388    0.040687    0.093169    0.890114    0.098508    0.179442    0.028175    0.237085    0.215341    0.375432    0.494132    3.046092    0.037982    0.007212    0.049433    8.291493    9.936996    0.466007    1.968942    1.929221    1.974593    0.992798    1.041844    1.996829
Iteration: 126 bestvalit: 1.210000 bestmemit:    0.271224    0.007388    0.040687    0.093169    0.890114    0.098508    0.179442    0.028175    0.237085    0.215341    0.375432    0.494132    3.046092    0.037982    0.007212    0.049433    8.291493    9.936996    0.466007    1.968942    1.929221    1.974593    0.992798    1.041844    1.996829
Iteration: 127 bestvalit: 1.210000 bestmemit:    0.271224    0.007388    0.040687    0.093169    0.890114    0.098508    0.179442    0.028175    0.237085    0.215341    0.375432    0.494132    3.046092    0.037982    0.007212    0.049433    8.291493    9.936996    0.466007    1.968942    1.929221    1.974593    0.992798    1.041844    1.996829
Iteration: 128 bestvalit: 1.210000 bestmemit:    0.271224    0.007388    0.040687    0.093169    0.890114    0.098508    0.179442    0.028175    0.237085    0.215341    0.375432    0.494132    3.046092    0.037982    0.007212    0.049433    8.291493    9.936996    0.466007    1.968942    1.929221    1.974593    0.992798    1.041844    1.996829
Iteration: 129 bestvalit: 1.210000 bestmemit:    0.271224    0.007388    0.040687    0.093169    0.890114    0.098508    0.179442    0.028175    0.237085    0.215341    0.375432    0.494132    3.046092    0.037982    0.007212    0.049433    8.291493    9.936996    0.466007    1.968942    1.929221    1.974593    0.992798    1.041844    1.996829
Iteration: 130 bestvalit: 1.210000 bestmemit:    0.271224    0.007388    0.040687    0.093169    0.890114    0.098508    0.179442    0.028175    0.237085    0.215341    0.375432    0.494132    3.046092    0.037982    0.007212    0.049433    8.291493    9.936996    0.466007    1.968942    1.929221    1.974593    0.992798    1.041844    1.996829
Iteration: 131 bestvalit: 1.210000 bestmemit:    0.271224    0.007388    0.040687    0.093169    0.890114    0.098508    0.179442    0.028175    0.237085    0.215341    0.375432    0.494132    3.046092    0.037982    0.007212    0.049433    8.291493    9.936996    0.466007    1.968942    1.929221    1.974593    0.992798    1.041844    1.996829
Iteration: 132 bestvalit: 1.210000 bestmemit:    0.271224    0.007388    0.040687    0.093169    0.890114    0.098508    0.179442    0.028175    0.237085    0.215341    0.375432    0.494132    3.046092    0.037982    0.007212    0.049433    8.291493    9.936996    0.466007    1.968942    1.929221    1.974593    0.992798    1.041844    1.996829
Iteration: 133 bestvalit: 1.210000 bestmemit:    0.271224    0.007388    0.040687    0.093169    0.890114    0.098508    0.179442    0.028175    0.237085    0.215341    0.375432    0.494132    3.046092    0.037982    0.007212    0.049433    8.291493    9.936996    0.466007    1.968942    1.929221    1.974593    0.992798    1.041844    1.996829
Iteration: 134 bestvalit: 1.210000 bestmemit:    0.271224    0.007388    0.040687    0.093169    0.890114    0.098508    0.179442    0.028175    0.237085    0.215341    0.375432    0.494132    3.046092    0.037982    0.007212    0.049433    8.291493    9.936996    0.466007    1.968942    1.929221    1.974593    0.992798    1.041844    1.996829
Iteration: 135 bestvalit: 1.210000 bestmemit:    0.271224    0.007388    0.040687    0.093169    0.890114    0.098508    0.179442    0.028175    0.237085    0.215341    0.375432    0.494132    3.046092    0.037982    0.007212    0.049433    8.291493    9.936996    0.466007    1.968942    1.929221    1.974593    0.992798    1.041844    1.996829
Iteration: 136 bestvalit: 1.210000 bestmemit:    0.271224    0.007388    0.040687    0.093169    0.890114    0.098508    0.179442    0.028175    0.237085    0.215341    0.375432    0.494132    3.046092    0.037982    0.007212    0.049433    8.291493    9.936996    0.466007    1.968942    1.929221    1.974593    0.992798    1.041844    1.996829
Iteration: 137 bestvalit: 1.210000 bestmemit:    0.264926    0.065810    0.050618    0.091080    0.845397    0.495594    0.260028    0.323580    0.294246    0.320018    0.416183    0.343362    3.121475    0.009195    0.000468    0.001042    7.948342    9.994524    0.780247    1.790797    1.559053    1.654229    0.606128    0.945218    1.983450
Iteration: 138 bestvalit: 1.210000 bestmemit:    0.264926    0.065810    0.050618    0.091080    0.845397    0.495594    0.260028    0.323580    0.294246    0.320018    0.416183    0.343362    3.121475    0.009195    0.000468    0.001042    7.948342    9.994524    0.780247    1.790797    1.559053    1.654229    0.606128    0.945218    1.983450
Iteration: 139 bestvalit: 1.210000 bestmemit:    0.264926    0.065810    0.050618    0.091080    0.845397    0.495594    0.260028    0.323580    0.294246    0.320018    0.416183    0.343362    3.121475    0.009195    0.000468    0.001042    7.948342    9.994524    0.780247    1.790797    1.559053    1.654229    0.606128    0.945218    1.983450
Iteration: 140 bestvalit: 1.210000 bestmemit:    0.264926    0.065810    0.050618    0.091080    0.845397    0.495594    0.260028    0.323580    0.294246    0.320018    0.416183    0.343362    3.121475    0.009195    0.000468    0.001042    7.948342    9.994524    0.780247    1.790797    1.559053    1.654229    0.606128    0.945218    1.983450
Iteration: 141 bestvalit: 1.200000 bestmemit:    0.264926    0.065810    0.050618    0.091080    0.845397    0.495594    0.260028    0.323580    0.294246    0.320018    0.416183    0.343362    3.121475    0.009195    0.000468    0.001042    7.948342    9.994524    1.160558    1.790797    1.559053    1.654229    0.606128    0.945218    1.983450
Iteration: 142 bestvalit: 1.200000 bestmemit:    0.264926    0.065810    0.050618    0.091080    0.845397    0.495594    0.260028    0.323580    0.294246    0.320018    0.416183    0.343362    3.121475    0.009195    0.000468    0.001042    7.948342    9.994524    1.160558    1.790797    1.559053    1.654229    0.606128    0.945218    1.983450
Iteration: 143 bestvalit: 1.200000 bestmemit:    0.264926    0.065810    0.050618    0.091080    0.845397    0.495594    0.260028    0.323580    0.294246    0.320018    0.416183    0.343362    3.121475    0.009195    0.000468    0.001042    7.948342    9.994524    1.160558    1.790797    1.559053    1.654229    0.606128    0.945218    1.983450
Iteration: 144 bestvalit: 1.200000 bestmemit:    0.264926    0.065810    0.050618    0.091080    0.845397    0.495594    0.260028    0.323580    0.294246    0.320018    0.416183    0.343362    3.121475    0.009195    0.000468    0.001042    7.948342    9.994524    1.160558    1.790797    1.559053    1.654229    0.606128    0.945218    1.983450
Iteration: 145 bestvalit: 1.200000 bestmemit:    0.264926    0.065810    0.050618    0.091080    0.845397    0.495594    0.260028    0.323580    0.294246    0.320018    0.416183    0.343362    3.121475    0.009195    0.000468    0.001042    7.948342    9.994524    1.160558    1.790797    1.559053    1.654229    0.606128    0.945218    1.983450
Iteration: 146 bestvalit: 1.200000 bestmemit:    0.264926    0.065810    0.050618    0.091080    0.845397    0.495594    0.260028    0.323580    0.294246    0.320018    0.416183    0.343362    3.121475    0.009195    0.000468    0.001042    7.948342    9.994524    1.160558    1.790797    1.559053    1.654229    0.606128    0.945218    1.983450
Iteration: 147 bestvalit: 1.190000 bestmemit:    0.264926    0.065810    0.050618    0.092095    0.845397    0.495594    0.260028    0.323580    0.294246    0.320018    0.416183    0.343362    3.121475    0.009195    0.000468    0.001042    7.948342    9.994524    1.160558    1.790797    1.559053    1.654229    0.606128    0.945218    1.983450
Iteration: 148 bestvalit: 1.190000 bestmemit:    0.264926    0.065810    0.050618    0.092095    0.845397    0.495594    0.260028    0.323580    0.294246    0.320018    0.416183    0.343362    3.121475    0.009195    0.000468    0.001042    7.948342    9.994524    1.160558    1.790797    1.559053    1.654229    0.606128    0.945218    1.983450
Iteration: 149 bestvalit: 1.170000 bestmemit:    0.271224    0.007388    0.040687    0.093169    0.890114    0.098508    0.179442    0.028175    0.237085    0.215341    0.375432    0.494132    3.046092    0.021741    0.007212    0.049433    8.291493    9.936996    0.466007    1.968942    1.929221    1.974593    0.992798    1.041844    1.996829
Iteration: 150 bestvalit: 1.170000 bestmemit:    0.271224    0.007388    0.040687    0.093169    0.890114    0.098508    0.179442    0.028175    0.237085    0.215341    0.375432    0.494132    3.046092    0.021741    0.007212    0.049433    8.291493    9.936996    0.466007    1.968942    1.929221    1.974593    0.992798    1.041844    1.996829
Iteration: 151 bestvalit: 1.170000 bestmemit:    0.271224    0.007388    0.040687    0.093169    0.890114    0.098508    0.179442    0.028175    0.237085    0.215341    0.375432    0.494132    3.046092    0.021741    0.007212    0.049433    8.291493    9.499536    0.466007    1.968942    1.929221    1.974593    0.992798    1.041844    1.996829
Iteration: 152 bestvalit: 1.170000 bestmemit:    0.271224    0.007388    0.040687    0.093169    0.890114    0.098508    0.179442    0.028175    0.237085    0.215341    0.375432    0.494132    3.046092    0.021741    0.007212    0.049433    8.291493    9.499536    0.466007    1.968942    1.929221    1.974593    0.992798    1.041844    1.996829
Iteration: 153 bestvalit: 1.170000 bestmemit:    0.271224    0.007388    0.040687    0.093169    0.890114    0.098508    0.179442    0.028175    0.237085    0.215341    0.375432    0.494132    3.046092    0.021741    0.007212    0.049433    8.291493    9.499536    0.466007    1.968942    1.929221    1.974593    0.992798    1.041844    1.996829
Iteration: 154 bestvalit: 1.170000 bestmemit:    0.271224    0.007388    0.040687    0.093169    0.890114    0.098508    0.179442    0.028175    0.237085    0.215341    0.375432    0.494132    3.046092    0.021741    0.007212    0.049433    8.291493    9.499536    0.466007    1.968942    1.929221    1.974593    0.992798    1.041844    1.996829
Iteration: 155 bestvalit: 1.170000 bestmemit:    0.271224    0.007388    0.040687    0.093169    0.890114    0.098508    0.179442    0.028175    0.237085    0.215341    0.375432    0.494132    3.046092    0.021741    0.007212    0.049433    8.291493    9.499536    0.466007    1.968942    1.929221    1.974593    0.992798    1.041844    1.996829
Iteration: 156 bestvalit: 1.170000 bestmemit:    0.271224    0.007388    0.040687    0.093169    0.890114    0.098508    0.179442    0.028175    0.237085    0.215341    0.375432    0.494132    3.046092    0.021741    0.007212    0.049433    8.291493    9.499536    0.466007    1.968942    1.929221    1.974593    0.992798    1.041844    1.996829
Iteration: 157 bestvalit: 1.170000 bestmemit:    0.271224    0.007388    0.040687    0.093169    0.890114    0.098508    0.179442    0.028175    0.237085    0.215341    0.375432    0.494132    3.046092    0.021741    0.007212    0.049433    8.291493    9.499536    0.466007    1.968942    1.929221    1.974593    0.992798    1.041844    1.996829
Iteration: 158 bestvalit: 1.170000 bestmemit:    0.271224    0.007388    0.040687    0.093169    0.890114    0.098508    0.179442    0.028175    0.237085    0.215341    0.375432    0.494132    3.046092    0.021741    0.007212    0.049433    8.291493    9.499536    0.466007    1.968942    1.929221    1.974593    0.992798    1.041844    1.996829
Iteration: 159 bestvalit: 1.170000 bestmemit:    0.271224    0.007388    0.040687    0.093169    0.890114    0.098508    0.179442    0.028175    0.237085    0.215341    0.375432    0.494132    3.046092    0.021741    0.007212    0.049433    8.291493    9.499536    0.466007    1.968942    1.929221    1.974593    0.992798    1.041844    1.996829
Iteration: 160 bestvalit: 1.150000 bestmemit:    0.271224    0.007388    0.040687    0.093169    0.890114    0.098508    0.179442    0.028175    0.237085    0.215341    0.375432    0.494132    3.046092    0.021741    0.007212    0.049433    7.144135    9.499536    0.466007    1.968942    1.929221    1.974593    0.992798    1.041844    1.996829
Iteration: 161 bestvalit: 1.150000 bestmemit:    0.271224    0.007388    0.040687    0.093169    0.890114    0.098508    0.179442    0.028175    0.237085    0.215341    0.375432    0.494132    3.046092    0.021741    0.007212    0.049433    7.144135    9.499536    0.466007    1.968942    1.929221    1.974593    0.992798    1.041844    1.996829
Iteration: 162 bestvalit: 1.150000 bestmemit:    0.271224    0.007388    0.040687    0.093169    0.890114    0.098508    0.179442    0.028175    0.237085    0.215341    0.375432    0.494132    3.046092    0.021741    0.007212    0.049433    7.144135    9.499536    0.466007    1.968942    1.929221    1.974593    0.992798    1.041844    1.996829
Iteration: 163 bestvalit: 1.150000 bestmemit:    0.271224    0.007388    0.040687    0.093169    0.890114    0.098508    0.179442    0.028175    0.237085    0.215341    0.375432    0.494132    3.046092    0.021741    0.007212    0.049433    7.144135    9.499536    0.466007    1.968942    1.929221    1.974593    0.992798    1.041844    1.996829
Iteration: 164 bestvalit: 1.150000 bestmemit:    0.271224    0.007388    0.040687    0.093169    0.890114    0.098508    0.179442    0.028175    0.237085    0.215341    0.375432    0.494132    3.046092    0.021741    0.007212    0.049433    7.144135    9.499536    0.466007    1.968942    1.929221    1.974593    0.992798    1.041844    1.996829
Iteration: 165 bestvalit: 1.150000 bestmemit:    0.271224    0.007388    0.040687    0.093169    0.890114    0.098508    0.179442    0.028175    0.237085    0.215341    0.375432    0.494132    3.046092    0.021741    0.007212    0.049433    7.144135    9.499536    0.466007    1.968942    1.929221    1.974593    0.992798    1.041844    1.996829
Iteration: 166 bestvalit: 1.150000 bestmemit:    0.264926    0.065810    0.050618    0.092095    0.845397    0.495594    0.260028    0.323580    0.299113    0.326775    0.416183    0.343362    3.121475    0.009195    0.000468    0.001042    7.948342    9.994524    1.160558    1.790797    1.559053    1.789201    0.606128    0.945218    1.983450
Iteration: 167 bestvalit: 1.150000 bestmemit:    0.264926    0.065810    0.050618    0.092095    0.845397    0.495594    0.260028    0.323580    0.299113    0.326775    0.416183    0.343362    3.121475    0.009195    0.000468    0.001042    7.948342    9.994524    1.160558    1.790797    1.559053    1.789201    0.606128    0.945218    1.983450
Iteration: 168 bestvalit: 1.150000 bestmemit:    0.264926    0.065810    0.050618    0.092095    0.845397    0.495594    0.260028    0.323580    0.299113    0.326775    0.416183    0.343362    3.121475    0.009195    0.000468    0.001042    7.948342    9.994524    1.160558    1.790797    1.559053    1.789201    0.606128    0.945218    1.983450
Iteration: 169 bestvalit: 1.150000 bestmemit:    0.264926    0.065810    0.050618    0.092095    0.845397    0.495594    0.260028    0.323580    0.299113    0.326775    0.416183    0.343362    3.121475    0.009195    0.000468    0.001042    7.948342    9.994524    1.160558    1.790797    1.559053    1.789201    0.606128    0.945218    1.983450
Iteration: 170 bestvalit: 1.150000 bestmemit:    0.264926    0.065810    0.050618    0.092095    0.845397    0.495594    0.260028    0.323580    0.299113    0.326775    0.416183    0.343362    3.121475    0.009195    0.000468    0.001042    7.948342    9.994524    1.160558    1.790797    1.559053    1.789201    0.606128    0.945218    1.983450
Iteration: 171 bestvalit: 1.150000 bestmemit:    0.264926    0.065810    0.050618    0.092095    0.845397    0.495594    0.260028    0.323580    0.299113    0.326775    0.416183    0.343362    3.121475    0.009195    0.000468    0.001042    7.948342    9.994524    1.160558    1.790797    1.559053    1.789201    0.606128    0.945218    1.983450
Iteration: 172 bestvalit: 1.150000 bestmemit:    0.264926    0.065810    0.050618    0.092095    0.845397    0.495594    0.260028    0.323580    0.299113    0.326775    0.416183    0.343362    3.121475    0.009195    0.000468    0.001042    7.948342    9.994524    1.160558    1.790797    1.559053    1.789201    0.606128    0.945218    1.983450
Iteration: 173 bestvalit: 1.150000 bestmemit:    0.264926    0.065810    0.050618    0.092095    0.845397    0.495594    0.260028    0.323580    0.299113    0.326775    0.416183    0.343362    3.121475    0.009195    0.000468    0.001042    7.948342    9.994524    1.160558    1.790797    1.559053    1.789201    0.606128    0.945218    1.983450
Iteration: 174 bestvalit: 1.150000 bestmemit:    0.264926    0.065810    0.050618    0.092095    0.845397    0.495594    0.260028    0.323580    0.299113    0.326775    0.416183    0.343362    3.121475    0.009195    0.000468    0.001042    7.948342    9.994524    1.160558    1.790797    1.559053    1.789201    0.606128    0.945218    1.983450
Iteration: 175 bestvalit: 1.150000 bestmemit:    0.264926    0.065810    0.050618    0.092095    0.845397    0.495594    0.260028    0.323580    0.299113    0.326775    0.416183    0.343362    3.121475    0.009195    0.000468    0.001042    7.948342    9.994524    1.160558    1.790797    1.559053    1.789201    0.606128    0.945218    1.983450
Iteration: 176 bestvalit: 1.150000 bestmemit:    0.264926    0.065810    0.050618    0.092095    0.845397    0.495594    0.260028    0.323580    0.299113    0.326775    0.416183    0.343362    3.121475    0.009195    0.000468    0.001042    7.948342    9.994524    1.160558    1.790797    1.559053    1.789201    0.606128    0.945218    1.983450
Iteration: 177 bestvalit: 1.150000 bestmemit:    0.264926    0.065810    0.050618    0.092095    0.845397    0.495594    0.260028    0.323580    0.299113    0.326775    0.416183    0.343362    3.121475    0.009195    0.000468    0.001042    7.948342    9.994524    1.160558    1.790797    1.559053    1.789201    0.606128    0.945218    1.983450
Iteration: 178 bestvalit: 1.130000 bestmemit:    0.271224    0.007388    0.040687    0.093169    0.890114    0.098508    0.179442    0.028175    0.237085    0.183848    0.375432    0.494132    3.046092    0.021741    0.007212    0.049433    7.144135    9.499536    0.466007    1.968942    1.929221    1.974593    0.992798    1.041844    1.996829
Iteration: 179 bestvalit: 1.130000 bestmemit:    0.271224    0.007388    0.040687    0.093169    0.890114    0.098508    0.179442    0.028175    0.237085    0.183848    0.375432    0.494132    3.046092    0.021741    0.007212    0.049433    7.144135    9.499536    0.466007    1.968942    1.929221    1.974593    0.992798    1.041844    1.996829
Iteration: 180 bestvalit: 1.130000 bestmemit:    0.271224    0.007388    0.040687    0.093169    0.890114    0.098508    0.179442    0.028175    0.237085    0.183848    0.375432    0.494132    3.046092    0.021741    0.007212    0.049433    7.144135    9.499536    0.466007    1.968942    1.929221    1.974593    0.992798    1.041844    1.996829
Iteration: 181 bestvalit: 1.130000 bestmemit:    0.271224    0.007388    0.040687    0.093169    0.890114    0.098508    0.179442    0.028175    0.237085    0.183848    0.375432    0.494132    3.046092    0.021741    0.007212    0.049433    7.144135    9.499536    0.466007    1.968942    1.929221    1.974593    0.992798    1.041844    1.996829
Iteration: 182 bestvalit: 1.130000 bestmemit:    0.271224    0.007388    0.040687    0.093169    0.890114    0.098508    0.179442    0.028175    0.237085    0.183848    0.375432    0.494132    3.046092    0.021741    0.007212    0.049433    7.144135    9.499536    0.466007    1.968942    1.929221    1.974593    0.992798    1.041844    1.996829
Iteration: 183 bestvalit: 1.130000 bestmemit:    0.271224    0.007388    0.040687    0.093169    0.890114    0.098508    0.179442    0.028175    0.237085    0.183848    0.375432    0.494132    3.046092    0.021741    0.007212    0.049433    7.144135    9.499536    0.466007    1.968942    1.929221    1.974593    0.992798    1.041844    1.996829
Iteration: 184 bestvalit: 1.130000 bestmemit:    0.271224    0.007388    0.040687    0.093169    0.890114    0.098508    0.179442    0.028175    0.237085    0.183848    0.375432    0.494132    3.046092    0.021741    0.007212    0.049433    7.144135    9.499536    0.466007    1.968942    1.929221    1.974593    0.992798    1.041844    1.996829
Iteration: 185 bestvalit: 1.130000 bestmemit:    0.271224    0.007388    0.040687    0.093169    0.890114    0.098508    0.179442    0.028175    0.237085    0.183848    0.375432    0.494132    3.046092    0.021741    0.007212    0.049433    7.144135    9.499536    0.466007    1.968942    1.929221    1.974593    0.992798    1.041844    1.996829
Iteration: 186 bestvalit: 1.130000 bestmemit:    0.288108    0.023544    0.094744    0.091354    0.295206    0.400786    0.411883    0.287698    0.247266    0.195995    0.202854    0.162580    1.183780    0.042258    0.021683    0.002398    8.419174    9.339272    0.812600    1.995330    1.929526    1.863482    0.912416    0.901653    1.936600
Iteration: 187 bestvalit: 1.130000 bestmemit:    0.288108    0.023544    0.094744    0.091354    0.295206    0.400786    0.411883    0.287698    0.247266    0.195995    0.202854    0.162580    1.183780    0.042258    0.021683    0.002398    8.419174    9.339272    0.812600    1.995330    1.929526    1.863482    0.912416    0.901653    1.936600
Iteration: 188 bestvalit: 1.130000 bestmemit:    0.288108    0.023544    0.094744    0.091354    0.295206    0.400786    0.411883    0.287698    0.247266    0.195995    0.202854    0.162580    1.183780    0.042953    0.021683    0.002398    8.419174    9.339272    0.812600    1.995330    1.929526    1.863482    0.912416    0.901653    1.936600
Iteration: 189 bestvalit: 1.130000 bestmemit:    0.288108    0.023544    0.094744    0.091354    0.295206    0.400786    0.411883    0.287698    0.247266    0.195995    0.202854    0.162580    1.183780    0.042953    0.021683    0.002398    8.419174    9.339272    0.812600    1.995330    1.929526    1.863482    0.912416    0.901653    1.936600
Iteration: 190 bestvalit: 1.130000 bestmemit:    0.288108    0.023544    0.094744    0.091354    0.295206    0.400786    0.411883    0.287698    0.247266    0.195995    0.202854    0.162580    1.183780    0.042953    0.021683    0.002398    8.419174    9.339272    0.812600    1.995330    1.929526    1.863482    0.912416    0.901653    1.936600
Iteration: 191 bestvalit: 1.130000 bestmemit:    0.288108    0.023544    0.094744    0.091354    0.295206    0.400786    0.411883    0.287698    0.247266    0.195995    0.202854    0.162580    1.183780    0.042953    0.021683    0.002398    8.419174    9.339272    0.812600    1.995330    1.929526    1.863482    0.912416    0.901653    1.936600
Iteration: 192 bestvalit: 1.130000 bestmemit:    0.288108    0.023544    0.094744    0.091354    0.295206    0.400786    0.411883    0.287698    0.247266    0.195995    0.202854    0.162580    1.183780    0.042953    0.021683    0.002398    8.419174    9.339272    0.812600    1.995330    1.929526    1.863482    0.912416    0.901653    1.936600
Iteration: 193 bestvalit: 1.130000 bestmemit:    0.288108    0.023544    0.094744    0.091354    0.295206    0.400786    0.411883    0.287698    0.247266    0.195995    0.202854    0.162580    1.183780    0.042953    0.021683    0.002398    8.419174    9.339272    0.812600    1.995330    1.929526    1.863482    0.912416    0.901653    1.936600
Iteration: 194 bestvalit: 1.130000 bestmemit:    0.288108    0.023544    0.094744    0.091354    0.295206    0.400786    0.411883    0.287698    0.247266    0.195995    0.202854    0.162580    1.183780    0.042953    0.021683    0.002398    8.419174    9.339272    0.812600    1.995330    1.929526    1.863482    0.912416    0.901653    1.936600
Iteration: 195 bestvalit: 1.130000 bestmemit:    0.288108    0.023544    0.094744    0.091354    0.295206    0.400786    0.411883    0.287698    0.247266    0.195995    0.202854    0.162580    1.183780    0.042953    0.021683    0.002398    8.419174    9.339272    0.812600    1.995330    1.929526    1.863482    0.912416    0.901653    1.936600
Iteration: 196 bestvalit: 1.130000 bestmemit:    0.288108    0.023544    0.094744    0.091354    0.295206    0.400786    0.411883    0.287698    0.247266    0.195995    0.202854    0.162580    1.183780    0.042953    0.021683    0.002398    8.419174    9.339272    0.812600    1.995330    1.929526    1.863482    0.912416    0.901653    1.936600
Iteration: 197 bestvalit: 1.130000 bestmemit:    0.288108    0.023544    0.094744    0.091354    0.295206    0.400786    0.411883    0.287698    0.247266    0.195995    0.202854    0.162580    1.183780    0.042953    0.021683    0.002398    8.419174    9.339272    0.812600    1.995330    1.929526    1.866341    0.912416    0.901653    1.936600
Iteration: 198 bestvalit: 1.130000 bestmemit:    0.288108    0.023544    0.094744    0.091354    0.295206    0.400786    0.411883    0.287698    0.247266    0.195995    0.202854    0.162580    1.183780    0.042953    0.021683    0.002398    8.419174    9.339272    0.812600    1.995330    1.929526    1.866341    0.912416    0.901653    1.936600
Iteration: 199 bestvalit: 1.130000 bestmemit:    0.271224    0.007388    0.040687    0.093169    0.890114    0.098508    0.179442    0.028175    0.237085    0.183848    0.375432    0.494132    3.046092    0.021741    0.007212    0.049433    7.490051    9.499536    0.466007    1.968942    1.929221    1.974593    0.992798    1.041844    1.996829
Iteration: 200 bestvalit: 1.130000 bestmemit:    0.271224    0.007388    0.040687    0.093169    0.890114    0.098508    0.179442    0.028175    0.237085    0.183848    0.375432    0.494132    3.046092    0.021741    0.007212    0.049433    7.490051    9.499536    0.466007    1.968942    1.929221    1.974593    0.992798    1.041844    1.996829
Iteration: 201 bestvalit: 1.130000 bestmemit:    0.271224    0.007388    0.040687    0.093169    0.890114    0.098508    0.179442    0.028175    0.237085    0.183848    0.375432    0.494132    3.046092    0.021741    0.007212    0.049433    7.490051    9.499536    0.466007    1.968942    1.929221    1.974593    0.992798    1.041844    1.996829
Iteration: 202 bestvalit: 1.130000 bestmemit:    0.271224    0.007388    0.040687    0.093169    0.890114    0.098508    0.179442    0.028175    0.237085    0.183848    0.375432    0.494132    3.046092    0.021741    0.007212    0.049433    7.490051    9.499536    0.466007    1.968942    1.929221    1.974593    0.992798    1.041844    1.996829
Iteration: 203 bestvalit: 1.130000 bestmemit:    0.271224    0.007388    0.040687    0.093169    0.890114    0.098508    0.179442    0.028175    0.237085    0.183848    0.375432    0.494132    3.046092    0.021741    0.007212    0.049433    7.490051    9.499536    0.466007    1.968942    1.929221    1.974593    0.992798    1.041844    1.996829
Iteration: 204 bestvalit: 1.130000 bestmemit:    0.271224    0.007388    0.040687    0.093169    0.890114    0.098508    0.179442    0.028175    0.237085    0.183848    0.375432    0.494132    3.046092    0.021741    0.007212    0.049433    7.490051    9.499536    0.466007    1.968942    1.929221    1.974593    0.992798    1.041844    1.996829
Iteration: 205 bestvalit: 1.130000 bestmemit:    0.271224    0.007388    0.040687    0.093169    0.890114    0.098508    0.179442    0.028175    0.237085    0.183848    0.375432    0.494132    3.046092    0.021741    0.007212    0.049433    7.490051    9.499536    0.466007    1.968942    1.929221    1.974593    0.992798    1.041844    1.996829
Iteration: 206 bestvalit: 1.130000 bestmemit:    0.271224    0.007388    0.040687    0.093169    0.890114    0.098508    0.179442    0.028175    0.237085    0.183848    0.375432    0.494132    3.046092    0.021741    0.007212    0.049433    7.490051    9.499536    0.466007    1.968942    1.929221    1.974593    0.992798    1.041844    1.996829
Iteration: 207 bestvalit: 1.130000 bestmemit:    0.271224    0.007388    0.040687    0.093169    0.890114    0.098508    0.179442    0.028175    0.237085    0.183848    0.375432    0.494132    3.046092    0.021741    0.007212    0.049433    7.490051    9.499536    0.466007    1.968942    1.929221    1.974593    0.992798    1.041844    1.996829
Iteration: 208 bestvalit: 1.130000 bestmemit:    0.271224    0.007388    0.040687    0.093169    0.890114    0.098508    0.179442    0.028175    0.237085    0.183848    0.375432    0.494132    3.046092    0.021741    0.007212    0.049433    7.490051    9.499536    0.466007    1.968942    1.929221    1.974593    0.992798    1.041844    1.996829
Iteration: 209 bestvalit: 1.130000 bestmemit:    0.271224    0.007388    0.040687    0.093169    0.890114    0.098508    0.179442    0.028175    0.237085    0.183848    0.375432    0.494132    3.046092    0.021741    0.007212    0.049433    7.490051    9.499536    0.466007    1.968942    1.929221    1.974593    0.992798    1.041844    1.996829
Iteration: 210 bestvalit: 1.130000 bestmemit:    0.271224    0.007388    0.040687    0.093169    0.890114    0.098508    0.179442    0.028175    0.237085    0.183848    0.375432    0.494132    3.046092    0.021741    0.007212    0.049433    7.490051    9.499536    0.466007    1.968942    1.929221    1.974593    0.992798    1.041844    1.996829
Iteration: 211 bestvalit: 1.130000 bestmemit:    0.271224    0.007388    0.040687    0.093169    0.890114    0.098508    0.179442    0.028175    0.237085    0.183848    0.375432    0.494132    3.046092    0.021741    0.007212    0.049433    7.490051    9.499536    0.466007    1.968942    1.929221    1.974593    0.992798    1.041844    1.996829
Iteration: 212 bestvalit: 1.130000 bestmemit:    0.271224    0.007388    0.040687    0.093169    0.890114    0.098508    0.179442    0.028175    0.237085    0.183848    0.375432    0.494132    3.046092    0.021741    0.007212    0.049433    7.490051    9.499536    0.466007    1.968942    1.929221    1.974593    0.992798    1.041844    1.996829
Iteration: 213 bestvalit: 1.130000 bestmemit:    0.271224    0.007388    0.040687    0.093169    0.890114    0.098508    0.179442    0.028175    0.237085    0.183848    0.375432    0.494132    3.046092    0.021741    0.007212    0.049433    7.490051    9.499536    0.466007    1.968942    1.929221    1.974593    0.992798    1.041844    1.996829
Iteration: 214 bestvalit: 1.130000 bestmemit:    0.271224    0.007388    0.040687    0.093169    0.890114    0.098508    0.179442    0.028175    0.237085    0.183848    0.375432    0.494132    3.046092    0.021741    0.007212    0.049433    7.490051    9.499536    0.466007    1.968942    1.929221    1.974593    0.992798    1.041844    1.996829
Iteration: 215 bestvalit: 1.130000 bestmemit:    0.288108    0.023544    0.094744    0.091354    0.295206    0.400786    0.411883    0.287698    0.247266    0.195995    0.202854    0.162580    1.183780    0.042953    0.021683    0.002398    8.419174    9.339272    0.812600    1.995065    1.929526    1.866341    0.912416    0.901653    1.936600
Iteration: 216 bestvalit: 1.100000 bestmemit:    0.288108    0.023544    0.094744    0.091354    0.295206    0.400786    0.411883    0.287698    0.247266    0.195995    0.202854    0.167676    1.266232    0.042953    0.021683    0.002398    8.419174    9.339272    0.812600    1.995065    1.929526    1.866341    0.912416    0.901653    1.936600
Iteration: 217 bestvalit: 1.100000 bestmemit:    0.288108    0.023544    0.094744    0.091354    0.295206    0.400786    0.411883    0.287698    0.247266    0.195995    0.202854    0.167676    1.266232    0.042953    0.021683    0.002398    8.419174    9.339272    0.812600    1.995065    1.929526    1.866341    0.912416    0.901653    1.936600
Iteration: 218 bestvalit: 1.100000 bestmemit:    0.288108    0.023544    0.094744    0.091354    0.295206    0.400786    0.411883    0.287698    0.247266    0.195995    0.202854    0.167676    1.266232    0.042953    0.021683    0.002398    8.419174    9.339272    0.812600    1.995065    1.929526    1.866341    0.912416    0.901653    1.936600
Iteration: 219 bestvalit: 1.100000 bestmemit:    0.288108    0.023544    0.094744    0.091354    0.295206    0.400786    0.411883    0.287698    0.247266    0.195995    0.202854    0.167676    1.266232    0.042953    0.021683    0.002398    8.419174    9.339272    0.812600    1.995065    1.929526    1.866341    0.912416    0.901653    1.936600
Iteration: 220 bestvalit: 1.100000 bestmemit:    0.288108    0.023544    0.094744    0.091354    0.295206    0.400786    0.411883    0.287698    0.247266    0.195995    0.202854    0.167676    1.266232    0.042953    0.021683    0.002398    8.419174    9.339272    0.812600    1.995065    1.929526    1.866341    0.912416    0.901653    1.936600
Iteration: 221 bestvalit: 1.090000 bestmemit:    0.288108    0.023544    0.094744    0.091354    0.295206    0.400786    0.411883    0.287698    0.247266    0.195995    0.202854    0.167676    1.266232    0.042953    0.021683    0.002398    8.755364    9.339272    0.812600    1.995065    1.929526    1.866341    0.912416    0.901653    1.936600
Iteration: 222 bestvalit: 1.090000 bestmemit:    0.288108    0.023544    0.094744    0.091354    0.295206    0.400786    0.411883    0.287698    0.247266    0.195995    0.202854    0.167676    1.266232    0.042953    0.021683    0.002398    8.755364    9.339272    0.812600    1.995065    1.929526    1.866341    0.912416    0.901653    1.936600
Iteration: 223 bestvalit: 1.090000 bestmemit:    0.288108    0.023544    0.094744    0.091354    0.295206    0.400786    0.411883    0.287698    0.247266    0.195995    0.202854    0.167676    1.266232    0.042953    0.021683    0.002398    8.755364    9.339272    0.812600    1.995065    1.929526    1.866341    0.912416    0.901653    1.936600
Iteration: 224 bestvalit: 1.090000 bestmemit:    0.288108    0.023544    0.094744    0.091354    0.295206    0.400786    0.411883    0.287698    0.247266    0.195995    0.202854    0.167676    1.266232    0.042953    0.021683    0.002398    8.755364    9.339272    0.812600    1.995065    1.929526    1.866341    0.912416    0.901653    1.936600
Iteration: 225 bestvalit: 1.090000 bestmemit:    0.288108    0.023544    0.094744    0.091354    0.295206    0.400786    0.411883    0.287698    0.247266    0.195995    0.202854    0.167676    1.266232    0.042953    0.021683    0.002398    8.755364    9.339272    0.812600    1.995065    1.929526    1.866341    0.912416    0.901653    1.936600
Iteration: 226 bestvalit: 1.090000 bestmemit:    0.264926    0.065000    0.050618    0.092095    0.845397    0.495594    0.260028    0.323580    0.360458    0.283762    0.416183    0.272663    3.121475    0.009195    0.000468    0.001042    9.912528    9.994524    1.160558    1.790797    1.559053    1.896125    0.606128    0.945218    1.983450
Iteration: 227 bestvalit: 1.050000 bestmemit:    0.264926    0.065000    0.050618    0.092095    0.845397    0.495594    0.260028    0.323580    0.360458    0.283762    0.416183    0.272663    3.121475    0.009195    0.000468    0.001042    9.912528    9.994524    1.160558    1.790797    1.512778    1.896125    0.606128    0.945218    1.983450
Iteration: 228 bestvalit: 1.050000 bestmemit:    0.264926    0.065000    0.050618    0.092095    0.845397    0.495594    0.260028    0.323580    0.360458    0.283762    0.416183    0.272663    3.121475    0.009195    0.000468    0.001042    9.912528    9.994524    1.160558    1.790797    1.512778    1.896125    0.606128    0.945218    1.983450
Iteration: 229 bestvalit: 1.050000 bestmemit:    0.264926    0.065000    0.050618    0.092095    0.845397    0.495594    0.260028    0.323580    0.360458    0.283762    0.416183    0.272663    3.121475    0.009195    0.000468    0.001042    9.912528    9.994524    1.160558    1.790797    1.512778    1.896125    0.606128    0.945218    1.983450
Iteration: 230 bestvalit: 1.050000 bestmemit:    0.264926    0.065000    0.050618    0.092095    0.845397    0.495594    0.260028    0.323580    0.360458    0.283762    0.416183    0.272663    3.121475    0.009195    0.000468    0.001042    9.912528    9.849448    1.160558    1.790797    1.512778    1.896125    0.606128    0.945218    1.983450
Iteration: 231 bestvalit: 1.050000 bestmemit:    0.264926    0.065000    0.050618    0.092095    0.845397    0.495594    0.260028    0.323580    0.360458    0.283762    0.416183    0.272663    3.121475    0.009195    0.000468    0.001042    9.912528    9.849448    1.160558    1.790797    1.512778    1.896125    0.606128    0.945218    1.983450
Iteration: 232 bestvalit: 1.050000 bestmemit:    0.264926    0.065000    0.050618    0.092095    0.845397    0.495594    0.260028    0.323580    0.360458    0.283762    0.416183    0.272663    3.121475    0.009195    0.000468    0.001042    9.912528    9.849448    1.160558    1.790797    1.512778    1.896125    0.606128    0.945218    1.983450
Iteration: 233 bestvalit: 1.050000 bestmemit:    0.264926    0.065000    0.050618    0.092095    0.845397    0.495594    0.260028    0.323580    0.360458    0.283762    0.416183    0.272663    3.121475    0.009195    0.000468    0.001042    9.912528    9.849448    1.160558    1.790797    1.512778    1.896125    0.606128    0.945218    1.983450
Iteration: 234 bestvalit: 1.050000 bestmemit:    0.264926    0.065000    0.050618    0.092095    0.845397    0.495594    0.260028    0.323580    0.360458    0.283762    0.416183    0.272663    3.121475    0.009195    0.000468    0.001042    9.912528    9.849448    1.160558    1.790797    1.512778    1.896125    0.606128    0.945218    1.983450
Iteration: 235 bestvalit: 1.050000 bestmemit:    0.264926    0.065000    0.050618    0.092095    0.845397    0.495594    0.260028    0.323580    0.360458    0.283762    0.416183    0.272663    3.121475    0.009195    0.000468    0.001042    9.912528    9.849448    1.160558    1.790797    1.512778    1.896125    0.606128    0.945218    1.983450
Iteration: 236 bestvalit: 1.050000 bestmemit:    0.264926    0.065000    0.050618    0.092095    0.845397    0.495594    0.260028    0.323580    0.360458    0.283762    0.416183    0.272663    3.121475    0.009195    0.000468    0.001042    9.912528    9.849448    1.160558    1.790797    1.512778    1.896125    0.606128    0.945218    1.983450
Iteration: 237 bestvalit: 1.050000 bestmemit:    0.264926    0.065000    0.050618    0.092095    0.845397    0.495594    0.260028    0.323580    0.360458    0.283762    0.416183    0.272663    3.121475    0.009195    0.000468    0.001042    9.912528    9.849448    1.160558    1.790797    1.512778    1.896125    0.606128    0.945218    1.983450
Iteration: 238 bestvalit: 1.000000 bestmemit:    0.304017    0.079835    0.046700    0.096324    0.523085    0.419833    0.110170    0.126336    0.061487    0.328307    0.333270    0.485862    2.431979    0.013147    0.003358    0.001908    9.862124    8.134624    1.912794    1.822554    1.726084    1.870221    0.954856    1.035081    2.025863
Iteration: 239 bestvalit: 1.000000 bestmemit:    0.304017    0.079835    0.046700    0.096324    0.523085    0.419833    0.110170    0.126336    0.061487    0.328307    0.333270    0.485862    2.431979    0.013147    0.003358    0.001908    9.862124    8.134624    1.912794    1.822554    1.726084    1.870221    0.954856    1.035081    2.025863
Iteration: 240 bestvalit: 1.000000 bestmemit:    0.304017    0.079835    0.046700    0.096324    0.523085    0.419833    0.110170    0.126336    0.061487    0.328307    0.333270    0.485862    2.431979    0.013147    0.003358    0.001908    9.862124    8.134624    1.912794    1.822554    1.726084    1.870221    0.954856    1.035081    2.025863
Iteration: 241 bestvalit: 1.000000 bestmemit:    0.304017    0.079835    0.046700    0.096324    0.523085    0.419833    0.110170    0.126336    0.061487    0.328307    0.333270    0.485862    2.431979    0.013147    0.003358    0.001908    9.862124    8.134624    1.912794    1.822554    1.726084    1.870221    0.954856    1.035081    2.025863
Iteration: 242 bestvalit: 1.000000 bestmemit:    0.304017    0.079835    0.046700    0.096324    0.523085    0.419833    0.110170    0.126336    0.061487    0.328307    0.333270    0.485862    2.431979    0.013147    0.003358    0.001908    9.862124    8.134624    1.912794    1.822554    1.726084    1.870221    0.954856    1.035081    2.025863
Iteration: 243 bestvalit: 1.000000 bestmemit:    0.304017    0.079835    0.046700    0.096324    0.523085    0.419833    0.110170    0.126336    0.061487    0.328307    0.333270    0.485862    2.431979    0.013147    0.003358    0.001908    9.862124    8.134624    1.912794    1.822554    1.726084    1.870221    0.954856    1.035081    2.025863
Iteration: 244 bestvalit: 1.000000 bestmemit:    0.304017    0.079835    0.046700    0.096324    0.523085    0.419833    0.110170    0.126336    0.061487    0.328307    0.333270    0.485862    2.431979    0.013147    0.003358    0.001908    9.862124    8.134624    1.912794    1.822554    1.726084    1.870221    0.954856    1.035081    2.025863
Iteration: 245 bestvalit: 1.000000 bestmemit:    0.304017    0.079835    0.046700    0.096324    0.523085    0.419833    0.110170    0.126336    0.061487    0.328307    0.333270    0.485862    2.431979    0.013147    0.003358    0.001908    9.862124    8.134624    1.912794    1.822554    1.726084    1.870221    0.954856    1.035081    2.025863
Iteration: 246 bestvalit: 1.000000 bestmemit:    0.304017    0.079835    0.046700    0.096324    0.523085    0.419833    0.110170    0.126336    0.061487    0.328307    0.333270    0.485862    2.431979    0.013147    0.003358    0.001908    9.862124    8.134624    1.912794    1.822554    1.726084    1.870221    0.954856    1.035081    2.025863
Iteration: 247 bestvalit: 1.000000 bestmemit:    0.304017    0.079835    0.046700    0.096324    0.523085    0.419833    0.110170    0.126336    0.061487    0.328307    0.333270    0.485862    2.431979    0.013147    0.003358    0.001908    9.862124    8.134624    1.912794    1.822554    1.726084    1.870221    0.954856    1.035081    2.025863
Iteration: 248 bestvalit: 1.000000 bestmemit:    0.304017    0.079835    0.046700    0.096324    0.523085    0.419833    0.110170    0.126336    0.061487    0.328307    0.333270    0.485862    2.431979    0.013147    0.003358    0.001908    9.862124    8.134624    1.912794    1.822554    1.726084    1.870221    0.954856    1.035081    2.025863
Iteration: 249 bestvalit: 1.000000 bestmemit:    0.304017    0.079835    0.046700    0.096324    0.523085    0.419833    0.110170    0.126336    0.061487    0.328307    0.333270    0.485862    2.431979    0.013147    0.003358    0.001908    9.862124    8.134624    1.912794    1.822554    1.726084    1.870221    0.954856    1.035081    2.025863
Iteration: 250 bestvalit: 1.000000 bestmemit:    0.304017    0.079835    0.046700    0.096324    0.523085    0.419833    0.110170    0.126336    0.061487    0.328307    0.333270    0.485862    2.431979    0.013147    0.003358    0.001908    9.862124    8.134624    1.912794    1.822554    1.726084    1.870221    0.954856    1.035081    2.025863
Iteration: 251 bestvalit: 1.000000 bestmemit:    0.304017    0.079835    0.046700    0.096324    0.523085    0.419833    0.110170    0.126336    0.061487    0.328307    0.333270    0.485862    2.431979    0.013147    0.003358    0.001908    9.862124    8.134624    1.912794    1.822554    1.726084    1.870221    0.954856    1.035081    2.025863
Iteration: 252 bestvalit: 0.960000 bestmemit:    0.304017    0.079835    0.046700    0.096324    0.523085    0.419833    0.110170    0.126336    0.061487    0.328307    0.333270    0.485862    2.431979    0.013147    0.003358    0.001908    9.862124    8.134624    1.912794    1.886323    1.726084    1.870221    0.954856    1.035081    2.025863
Iteration: 253 bestvalit: 0.960000 bestmemit:    0.304017    0.079835    0.046700    0.096324    0.523085    0.419833    0.110170    0.126336    0.061487    0.328307    0.333270    0.485862    2.431979    0.013147    0.003358    0.001908    9.862124    8.134624    1.912794    1.886323    1.726084    1.870221    0.954856    1.035081    2.025863
Iteration: 254 bestvalit: 0.960000 bestmemit:    0.304017    0.079835    0.046700    0.096324    0.523085    0.419833    0.110170    0.126336    0.061487    0.328307    0.333270    0.485862    2.431979    0.013147    0.003358    0.001908    9.862124    8.134624    1.912794    1.886323    1.726084    1.870221    0.954856    1.035081    2.025863
Iteration: 255 bestvalit: 0.960000 bestmemit:    0.304017    0.079835    0.046700    0.096324    0.523085    0.419833    0.110170    0.126336    0.061487    0.328307    0.333270    0.485862    2.431979    0.013147    0.003358    0.001908    9.862124    8.134624    1.912794    1.886323    1.726084    1.870221    0.954856    1.035081    2.025863
Iteration: 256 bestvalit: 0.960000 bestmemit:    0.304017    0.079835    0.046700    0.096324    0.523085    0.419833    0.110170    0.126336    0.061487    0.328307    0.333270    0.485862    2.431979    0.013147    0.003358    0.001908    9.862124    8.134624    1.912794    1.886323    1.726084    1.870221    0.954856    1.035081    2.025863
Iteration: 257 bestvalit: 0.930000 bestmemit:    0.304017    0.079835    0.046700    0.096324    0.523085    0.419833    0.110170    0.126336    0.061487    0.328307    0.333270    0.485862    2.431979    0.013147    0.003358    0.001908    9.862124    8.134624    0.806057    1.886323    1.726084    1.870221    0.954856    1.035081    2.025863
Iteration: 258 bestvalit: 0.930000 bestmemit:    0.304017    0.079835    0.046700    0.096324    0.523085    0.419833    0.110170    0.126336    0.061487    0.328307    0.333270    0.485862    2.431979    0.013147    0.003358    0.001908    9.862124    8.134624    0.806057    1.886323    1.726084    1.870221    0.954856    1.035081    2.025863
Iteration: 259 bestvalit: 0.930000 bestmemit:    0.304017    0.079835    0.046700    0.096324    0.523085    0.419833    0.110170    0.126336    0.061487    0.328307    0.333270    0.485862    2.431979    0.013147    0.003358    0.001908    9.862124    8.134624    0.806057    1.886323    1.726084    1.870221    0.954856    1.035081    2.025863
Iteration: 260 bestvalit: 0.930000 bestmemit:    0.304017    0.079835    0.046700    0.096324    0.523085    0.419833    0.110170    0.126336    0.061487    0.328307    0.333270    0.485862    2.431979    0.013147    0.003358    0.001908    9.862124    8.134624    0.806057    1.886323    1.726084    1.870221    0.954856    1.035081    2.025863
Iteration: 261 bestvalit: 0.930000 bestmemit:    0.304017    0.079835    0.046700    0.096324    0.523085    0.419833    0.110170    0.126336    0.061487    0.328307    0.333270    0.485862    2.431979    0.013147    0.003358    0.001908    9.862124    8.134624    0.806057    1.886323    1.726084    1.870221    0.954856    1.035081    2.025863
Iteration: 262 bestvalit: 0.930000 bestmemit:    0.304017    0.079835    0.046700    0.096324    0.523085    0.419833    0.110170    0.126336    0.061487    0.328307    0.333270    0.485862    2.431979    0.013147    0.003358    0.001908    9.862124    8.134624    0.806057    1.886323    1.726084    1.870221    0.954856    1.035081    2.025863
Iteration: 263 bestvalit: 0.900000 bestmemit:    0.304017    0.079835    0.046700    0.096324    0.523085    0.419833    0.110170    0.126336    0.061487    0.328307    0.333270    0.485862    2.431979    0.013147    0.003358    0.001908    9.862124    8.134624    0.806057    1.886323    1.726084    1.870221    0.954856    1.038748    2.025863
Iteration: 264 bestvalit: 0.900000 bestmemit:    0.304017    0.079835    0.046700    0.096324    0.523085    0.419833    0.110170    0.126336    0.061487    0.328307    0.333270    0.485862    2.431979    0.013147    0.003358    0.001908    9.862124    8.134624    0.806057    1.886323    1.726084    1.870221    0.954856    1.038748    2.025863
Iteration: 265 bestvalit: 0.900000 bestmemit:    0.304017    0.079835    0.046700    0.096324    0.523085    0.419833    0.110170    0.126336    0.061487    0.328307    0.333270    0.485862    2.431979    0.013147    0.003358    0.001908    9.862124    8.134624    0.806057    1.886323    1.726084    1.870221    0.954856    1.038748    2.025863
Iteration: 266 bestvalit: 0.900000 bestmemit:    0.304017    0.079835    0.046700    0.096324    0.523085    0.419833    0.110170    0.126336    0.061487    0.328307    0.333270    0.485862    2.431979    0.013147    0.003358    0.001908    9.862124    8.134624    0.806057    1.886323    1.726084    1.870221    0.954856    1.038748    2.025863
Iteration: 267 bestvalit: 0.900000 bestmemit:    0.304017    0.079835    0.046700    0.096324    0.523085    0.419833    0.110170    0.126336    0.061487    0.328307    0.333270    0.485862    2.431979    0.013147    0.003358    0.001908    9.862124    8.134624    0.806057    1.886323    1.726084    1.870221    0.954856    1.038748    2.025863
Iteration: 268 bestvalit: 0.900000 bestmemit:    0.304017    0.079835    0.046700    0.096324    0.523085    0.419833    0.110170    0.126336    0.061487    0.328307    0.333270    0.485862    2.431979    0.013147    0.003358    0.001908    9.862124    8.134624    0.806057    1.886323    1.726084    1.870221    0.954856    1.038748    2.025863
Iteration: 269 bestvalit: 0.900000 bestmemit:    0.304017    0.079835    0.046700    0.096324    0.523085    0.419833    0.110170    0.126336    0.061487    0.328307    0.333270    0.485862    2.431979    0.013147    0.003358    0.001908    9.862124    8.134624    0.806057    1.886323    1.726084    1.870221    0.954856    1.038748    2.025863
Iteration: 270 bestvalit: 0.900000 bestmemit:    0.304017    0.079835    0.046700    0.096324    0.523085    0.419833    0.110170    0.126336    0.061487    0.328307    0.333270    0.485862    2.431979    0.013147    0.003358    0.001908    9.862124    8.134624    0.806057    1.886323    1.726084    1.870221    0.954856    1.038748    2.025863
Iteration: 271 bestvalit: 0.900000 bestmemit:    0.304017    0.079835    0.046700    0.096324    0.523085    0.419833    0.110170    0.126336    0.061487    0.328307    0.333270    0.485862    2.431979    0.013147    0.003358    0.001908    9.862124    8.134624    0.806057    1.886323    1.726084    1.870221    0.954856    1.038748    2.025863
Iteration: 272 bestvalit: 0.900000 bestmemit:    0.304017    0.079835    0.046700    0.096324    0.523085    0.419833    0.110170    0.126336    0.061487    0.328307    0.333270    0.485862    2.431979    0.013147    0.003358    0.001908    9.862124    8.134624    0.806057    1.886323    1.726084    1.870221    0.954856    1.038748    2.025863
Iteration: 273 bestvalit: 0.900000 bestmemit:    0.304017    0.079835    0.046700    0.096324    0.523085    0.419833    0.110170    0.126336    0.061487    0.328307    0.333270    0.485862    2.431979    0.013147    0.003358    0.001908    9.862124    8.134624    0.806057    1.886323    1.726084    1.870221    0.954856    1.038748    2.025863
Iteration: 274 bestvalit: 0.900000 bestmemit:    0.304017    0.079835    0.046700    0.096324    0.523085    0.419833    0.110170    0.126336    0.061487    0.328307    0.333270    0.485862    2.431979    0.013147    0.003358    0.001908    9.862124    8.134624    0.806057    1.886323    1.726084    1.870221    0.954856    1.038748    2.025863
Iteration: 275 bestvalit: 0.900000 bestmemit:    0.304017    0.079835    0.046700    0.096324    0.523085    0.419833    0.110170    0.126336    0.061487    0.328307    0.333270    0.485862    2.431979    0.013147    0.003358    0.001908    9.862124    8.134624    0.806057    1.886323    1.726084    1.870221    0.954856    1.038748    2.025863
Iteration: 276 bestvalit: 0.900000 bestmemit:    0.304017    0.079835    0.046700    0.096324    0.523085    0.419833    0.110170    0.126336    0.061487    0.328307    0.333270    0.485862    2.431979    0.013147    0.003358    0.001908    9.862124    8.134624    0.806057    1.886323    1.726084    1.870221    0.954856    1.038748    2.025863
Iteration: 277 bestvalit: 0.900000 bestmemit:    0.304017    0.079835    0.046700    0.096324    0.523085    0.419833    0.110170    0.126336    0.061487    0.328307    0.333270    0.485862    2.431979    0.013147    0.003358    0.001908    9.862124    8.134624    0.806057    1.886323    1.726084    1.870221    0.954856    1.038748    2.025863
Iteration: 278 bestvalit: 0.900000 bestmemit:    0.304017    0.079835    0.046700    0.096324    0.523085    0.419833    0.110170    0.126336    0.061487    0.328307    0.333270    0.485862    2.431979    0.013147    0.003358    0.001908    9.862124    8.134624    0.806057    1.886323    1.726084    1.870221    0.954856    1.038748    2.025863
Iteration: 279 bestvalit: 0.860000 bestmemit:    0.310512    0.079835    0.046700    0.096324    0.523085    0.419833    0.110170    0.126336    0.061487    0.328307    0.333270    0.485862    2.431979    0.013147    0.003358    0.001908    9.862124    8.134624    0.806057    1.886323    1.726084    1.870221    0.954856    1.038748    2.025863
Iteration: 280 bestvalit: 0.860000 bestmemit:    0.310512    0.079835    0.046700    0.096324    0.523085    0.419833    0.110170    0.126336    0.061487    0.328307    0.333270    0.485862    2.431979    0.013147    0.003358    0.001908    9.862124    8.134624    0.806057    1.886323    1.726084    1.870221    0.954856    1.038748    2.025863
Iteration: 281 bestvalit: 0.860000 bestmemit:    0.310512    0.079835    0.046700    0.096324    0.523085    0.419833    0.110170    0.126336    0.061487    0.328307    0.333270    0.485862    2.431979    0.013147    0.003358    0.001908    9.862124    8.134624    0.806057    1.886323    1.726084    1.870221    0.954856    1.038748    2.025863
Iteration: 282 bestvalit: 0.860000 bestmemit:    0.310512    0.079835    0.046700    0.096324    0.523085    0.419833    0.110170    0.126336    0.061487    0.328307    0.333270    0.485862    2.431979    0.013147    0.003358    0.001908    9.862124    8.134624    0.806057    1.886323    1.726084    1.870221    0.954856    1.038748    2.025863
Iteration: 283 bestvalit: 0.860000 bestmemit:    0.310512    0.079835    0.046700    0.096324    0.523085    0.419833    0.110170    0.126336    0.061487    0.328307    0.333270    0.485862    2.431979    0.013147    0.003358    0.001908    9.862124    8.134624    0.806057    1.886323    1.726084    1.870221    0.954856    1.038748    2.025863
Iteration: 284 bestvalit: 0.860000 bestmemit:    0.310512    0.079835    0.046700    0.096324    0.523085    0.419833    0.110170    0.126336    0.061487    0.328307    0.333270    0.485862    2.431979    0.013147    0.003358    0.001908    9.862124    8.134624    0.806057    1.886323    1.726084    1.870221    0.954856    1.038748    2.025863
Iteration: 285 bestvalit: 0.860000 bestmemit:    0.310512    0.079835    0.046700    0.096324    0.523085    0.419833    0.110170    0.126336    0.061487    0.328307    0.333270    0.485862    2.431979    0.013147    0.003358    0.001908    9.862124    8.134624    0.806057    1.886323    1.726084    1.870221    0.954856    1.038748    2.025863
Iteration: 286 bestvalit: 0.860000 bestmemit:    0.310512    0.079835    0.046700    0.096324    0.523085    0.419833    0.110170    0.126336    0.061487    0.328307    0.333270    0.485862    2.431979    0.013147    0.003358    0.001908    9.862124    8.134624    0.806057    1.886323    1.726084    1.870221    0.954856    1.038748    2.025863
Iteration: 287 bestvalit: 0.860000 bestmemit:    0.310512    0.079835    0.046700    0.096324    0.523085    0.419833    0.110170    0.126336    0.061487    0.328307    0.333270    0.485862    2.431979    0.013147    0.003358    0.001908    9.862124    8.134624    0.806057    1.886323    1.726084    1.870221    0.954856    1.038748    2.025863
Iteration: 288 bestvalit: 0.860000 bestmemit:    0.310512    0.079835    0.046700    0.096324    0.523085    0.419833    0.110170    0.126336    0.061487    0.328307    0.333270    0.485862    2.431979    0.013147    0.003358    0.001908    9.862124    8.134624    0.806057    1.886323    1.726084    1.870221    0.954856    1.038748    2.025863
Iteration: 289 bestvalit: 0.860000 bestmemit:    0.310512    0.079835    0.046700    0.096324    0.523085    0.419833    0.110170    0.126336    0.061487    0.328307    0.333270    0.485862    2.431979    0.013147    0.003358    0.001908    9.862124    8.134624    0.806057    1.886323    1.726084    1.870221    0.954856    1.038748    2.025863
Iteration: 290 bestvalit: 0.860000 bestmemit:    0.310512    0.079835    0.046700    0.096324    0.523085    0.419833    0.110170    0.126336    0.061487    0.328307    0.333270    0.485862    2.431979    0.013147    0.003358    0.001908    9.862124    8.134624    0.806057    1.886323    1.726084    1.870221    0.954856    1.038748    2.025863
Iteration: 291 bestvalit: 0.860000 bestmemit:    0.310512    0.079835    0.046700    0.096324    0.523085    0.419833    0.110170    0.126336    0.061487    0.328307    0.333270    0.485862    2.431979    0.013147    0.003358    0.001908    9.862124    8.134624    0.806057    1.886323    1.726084    1.870221    0.954856    1.038748    2.025863
Iteration: 292 bestvalit: 0.860000 bestmemit:    0.310512    0.079835    0.046700    0.096324    0.523085    0.419833    0.110170    0.126336    0.061487    0.328307    0.333270    0.485862    2.431979    0.013147    0.003358    0.001908    9.862124    8.134624    0.806057    1.886323    1.726084    1.870221    0.954856    1.038748    2.025863
Iteration: 293 bestvalit: 0.860000 bestmemit:    0.310512    0.079835    0.046700    0.096324    0.523085    0.419833    0.110170    0.126336    0.061487    0.328307    0.333270    0.485862    2.431979    0.013147    0.003358    0.001908    9.862124    8.134624    0.806057    1.886323    1.726084    1.870221    0.954856    1.038748    2.025863
Iteration: 294 bestvalit: 0.860000 bestmemit:    0.310512    0.079835    0.046700    0.096324    0.523085    0.419833    0.110170    0.126336    0.061487    0.328307    0.333270    0.485862    2.431979    0.013147    0.003358    0.001908    9.862124    8.134624    0.806057    1.886323    1.726084    1.870221    0.954856    1.038748    2.025863
Iteration: 295 bestvalit: 0.860000 bestmemit:    0.310512    0.079835    0.046700    0.096324    0.523085    0.419833    0.110170    0.126336    0.061487    0.328307    0.333270    0.485862    2.431979    0.013147    0.003358    0.001908    9.862124    8.134624    0.806057    1.886323    1.726084    1.870221    0.954856    1.038748    2.025863
Iteration: 296 bestvalit: 0.860000 bestmemit:    0.310512    0.079835    0.046700    0.096324    0.523085    0.419833    0.110170    0.126336    0.061487    0.328307    0.333270    0.485862    2.431979    0.013147    0.003358    0.001908    9.862124    8.134624    0.806057    1.886323    1.726084    1.870221    0.954856    1.038748    2.025863
Iteration: 297 bestvalit: 0.860000 bestmemit:    0.310512    0.079835    0.046700    0.096324    0.523085    0.419833    0.110170    0.126336    0.061487    0.328307    0.333270    0.485862    2.431979    0.013147    0.003358    0.001908    9.862124    8.134624    0.806057    1.886323    1.726084    1.870221    0.954856    1.038748    2.025863
Iteration: 298 bestvalit: 0.860000 bestmemit:    0.310512    0.079835    0.046700    0.096324    0.523085    0.419833    0.110170    0.126336    0.061487    0.328307    0.333270    0.485862    2.431979    0.013147    0.003358    0.001908    9.862124    8.134624    0.806057    1.886323    1.726084    1.870221    0.954856    1.038748    2.025863
Iteration: 299 bestvalit: 0.860000 bestmemit:    0.310512    0.079835    0.046700    0.096324    0.523085    0.419833    0.110170    0.126336    0.061487    0.328307    0.333270    0.485862    2.431979    0.013147    0.003358    0.001908    9.862124    8.134624    0.806057    1.886323    1.726084    1.870221    0.954856    1.038748    2.025863
Iteration: 300 bestvalit: 0.860000 bestmemit:    0.310512    0.079835    0.046700    0.096324    0.523085    0.419833    0.110170    0.126336    0.061487    0.328307    0.333270    0.485862    2.431979    0.013147    0.003358    0.001908    9.862124    8.134624    0.806057    1.886323    1.726084    1.870221    0.954856    1.038748    2.025863
Iteration: 301 bestvalit: 0.850000 bestmemit:    0.310512    0.079835    0.046700    0.096324    0.523085    0.419833    0.110170    0.126336    0.061487    0.328307    0.333270    0.485862    2.431979    0.013147    0.003358    0.001908    9.862124    8.134624    1.100450    1.886323    1.726084    1.870221    0.954856    1.038748    2.025863
Iteration: 302 bestvalit: 0.850000 bestmemit:    0.310512    0.079835    0.046700    0.096324    0.523085    0.419833    0.110170    0.126336    0.061487    0.328307    0.333270    0.485862    2.431979    0.013147    0.003358    0.001908    9.862124    8.134624    1.100450    1.886323    1.726084    1.870221    0.954856    1.038748    2.025863
Iteration: 303 bestvalit: 0.850000 bestmemit:    0.310512    0.079835    0.046700    0.096324    0.523085    0.419833    0.110170    0.126336    0.061487    0.328307    0.333270    0.485862    2.431979    0.013147    0.003358    0.001908    9.862124    8.134624    1.100450    1.886323    1.726084    1.870221    0.954856    1.038748    2.025863
Iteration: 304 bestvalit: 0.850000 bestmemit:    0.310512    0.079835    0.046700    0.096324    0.523085    0.419833    0.110170    0.126336    0.061487    0.328307    0.333270    0.485862    2.431979    0.013147    0.003358    0.001908    9.862124    8.134624    1.100450    1.886323    1.726084    1.870221    0.954856    1.038748    2.025863
Iteration: 305 bestvalit: 0.850000 bestmemit:    0.310512    0.079835    0.046700    0.096324    0.523085    0.419833    0.110170    0.126336    0.061487    0.328307    0.333270    0.485862    2.431979    0.013147    0.003358    0.001908    9.862124    8.134624    1.100450    1.886323    1.726084    1.870221    0.954856    1.038748    2.025863
Iteration: 306 bestvalit: 0.850000 bestmemit:    0.310512    0.079835    0.046700    0.096324    0.523085    0.419833    0.110170    0.126336    0.061487    0.328307    0.333270    0.485862    2.431979    0.013147    0.003358    0.001908    9.862124    8.134624    1.100450    1.886323    1.726084    1.870221    0.954856    1.038748    2.025863
Iteration: 307 bestvalit: 0.850000 bestmemit:    0.310512    0.079835    0.046700    0.096324    0.523085    0.419833    0.110170    0.126336    0.061487    0.328307    0.333270    0.485862    2.431979    0.013147    0.003358    0.001908    9.862124    8.134624    1.100450    1.886323    1.726084    1.870221    0.954856    1.038748    2.025863
Iteration: 308 bestvalit: 0.850000 bestmemit:    0.310512    0.079835    0.046700    0.096324    0.523085    0.419833    0.110170    0.126336    0.061487    0.328307    0.333270    0.485862    2.431979    0.013147    0.003358    0.001908    9.862124    8.134624    1.100450    1.886323    1.726084    1.870221    0.954856    1.038748    2.025863
Iteration: 309 bestvalit: 0.840000 bestmemit:    0.310512    0.079835    0.046700    0.096324    0.523085    0.419833    0.110170    0.126336    0.061487    0.328307    0.333270    0.485862    2.431979    0.013147    0.003358    0.001908    9.862124    8.134624    1.100450    1.886323    1.726084    1.808978    0.954856    1.038748    2.025863
Iteration: 310 bestvalit: 0.840000 bestmemit:    0.310512    0.079835    0.046700    0.096324    0.523085    0.419833    0.110170    0.126336    0.061487    0.328307    0.333270    0.485862    2.431979    0.013147    0.003358    0.001908    9.862124    8.134624    1.100450    1.886323    1.726084    1.808978    0.954856    1.038748    2.025863
Iteration: 311 bestvalit: 0.840000 bestmemit:    0.310512    0.079835    0.046700    0.096324    0.523085    0.419833    0.110170    0.126336    0.061487    0.328307    0.333270    0.485862    2.431979    0.013147    0.003358    0.001908    9.862124    8.134624    1.100450    1.886323    1.726084    1.808978    0.954856    1.038748    2.025863
Iteration: 312 bestvalit: 0.840000 bestmemit:    0.310512    0.079835    0.046700    0.096324    0.523085    0.419833    0.110170    0.126336    0.061487    0.328307    0.333270    0.485862    2.431979    0.013147    0.003358    0.001908    9.862124    8.134624    1.100450    1.886323    1.726084    1.808978    0.954856    1.038748    2.025863
Iteration: 313 bestvalit: 0.840000 bestmemit:    0.310512    0.079835    0.046700    0.096324    0.523085    0.419833    0.110170    0.126336    0.061487    0.328307    0.333270    0.485862    2.431979    0.013147    0.003358    0.001908    9.862124    8.134624    1.100450    1.886323    1.726084    1.808978    0.954856    1.038748    2.025863
Iteration: 314 bestvalit: 0.840000 bestmemit:    0.310512    0.079835    0.046700    0.096324    0.523085    0.419833    0.110170    0.126336    0.061487    0.328307    0.333270    0.485862    2.431979    0.013147    0.003358    0.001908    9.862124    8.134624    1.100450    1.886323    1.726084    1.808978    0.954856    1.038748    2.025863
Iteration: 315 bestvalit: 0.840000 bestmemit:    0.310512    0.079835    0.046700    0.096324    0.523085    0.419833    0.110170    0.126336    0.061487    0.328307    0.333270    0.485862    2.431979    0.013147    0.003358    0.001908    9.862124    8.134624    1.100450    1.886323    1.726084    1.808978    0.954856    1.038748    2.025863
Iteration: 316 bestvalit: 0.840000 bestmemit:    0.310512    0.079835    0.046700    0.096324    0.523085    0.419833    0.110170    0.126336    0.061487    0.328307    0.333270    0.485862    2.431979    0.013147    0.003358    0.001908    9.862124    8.134624    1.100450    1.886323    1.726084    1.808978    0.954856    1.038748    2.025863
Iteration: 317 bestvalit: 0.840000 bestmemit:    0.310512    0.079835    0.046700    0.096324    0.523085    0.419833    0.110170    0.126336    0.061487    0.328307    0.333270    0.485862    2.431979    0.013147    0.003358    0.001908    9.862124    8.134624    1.100450    1.886323    1.726084    1.808978    0.954856    1.038748    2.025863
Iteration: 318 bestvalit: 0.840000 bestmemit:    0.310512    0.079835    0.046700    0.096324    0.523085    0.419833    0.110170    0.126336    0.061487    0.328307    0.333270    0.485862    2.431979    0.013147    0.003358    0.001908    9.862124    8.134624    1.100450    1.886323    1.726084    1.808978    0.954856    1.038748    2.025863
Iteration: 319 bestvalit: 0.840000 bestmemit:    0.310512    0.079835    0.046700    0.096324    0.523085    0.419833    0.110170    0.126336    0.061487    0.328307    0.333270    0.485862    2.431979    0.013147    0.003358    0.001908    9.862124    8.134624    1.100450    1.886323    1.726084    1.808978    0.954856    1.038748    2.025863
Iteration: 320 bestvalit: 0.840000 bestmemit:    0.310512    0.079835    0.046700    0.096324    0.523085    0.419833    0.110170    0.126336    0.061487    0.328307    0.333270    0.485862    2.431979    0.013147    0.003358    0.001908    9.862124    8.134624    1.100450    1.886323    1.726084    1.808978    0.954856    1.038748    2.025863
Iteration: 321 bestvalit: 0.840000 bestmemit:    0.310512    0.079835    0.046700    0.096324    0.523085    0.419833    0.110170    0.126336    0.061487    0.328307    0.333270    0.485862    2.431979    0.013147    0.003358    0.001908    9.862124    8.134624    1.100450    1.886323    1.726084    1.808978    0.954856    1.038748    2.025863
Iteration: 322 bestvalit: 0.840000 bestmemit:    0.292205    0.023544    0.094744    0.091354    0.295206    0.400786    0.411883    0.287698    0.247266    0.195995    0.202854    0.167676    1.266232    0.042953    0.009480    0.002373    9.727951    9.339272    0.812600    1.995065    1.929526    1.866341    0.912416    0.901653    1.936600
Iteration: 323 bestvalit: 0.840000 bestmemit:    0.292205    0.023544    0.094744    0.091354    0.295206    0.400786    0.411883    0.287698    0.247266    0.195995    0.202854    0.167676    1.266232    0.042953    0.009480    0.002373    9.727951    9.339272    0.812600    1.995065    1.929526    1.866341    0.912416    0.901653    1.936600
Iteration: 324 bestvalit: 0.840000 bestmemit:    0.292205    0.023544    0.094744    0.091354    0.295206    0.400786    0.411883    0.287698    0.247266    0.195995    0.202854    0.167676    1.266232    0.042953    0.009480    0.002373    9.727951    9.339272    0.812600    1.995065    1.929526    1.866341    0.912416    0.901653    1.936600
Iteration: 325 bestvalit: 0.840000 bestmemit:    0.292205    0.023544    0.094744    0.091354    0.295206    0.400786    0.411883    0.287698    0.247266    0.195995    0.202854    0.167676    1.266232    0.042953    0.009480    0.002373    9.727951    9.339272    0.812600    1.995065    1.929526    1.866341    0.912416    0.901653    1.936600
Iteration: 326 bestvalit: 0.790000 bestmemit:    0.310512    0.079835    0.046700    0.096324    0.523085    0.419833    0.110170    0.126336    0.061487    0.328307    0.333270    0.485862    2.431979    0.013147    0.003358    0.001908    9.862124    8.134624    1.100450    1.886323    1.921014    1.808978    0.954856    1.038748    2.025863
Iteration: 327 bestvalit: 0.790000 bestmemit:    0.310512    0.079835    0.046700    0.096324    0.523085    0.419833    0.110170    0.126336    0.061487    0.328307    0.333270    0.485862    2.431979    0.013147    0.003358    0.001908    9.862124    8.134624    1.100450    1.886323    1.921014    1.808978    0.954856    1.038748    2.025863
Iteration: 328 bestvalit: 0.790000 bestmemit:    0.310512    0.079835    0.046700    0.096324    0.523085    0.419833    0.110170    0.126336    0.061487    0.328307    0.333270    0.485862    2.431979    0.013147    0.003358    0.001908    9.862124    8.134624    1.100450    1.886323    1.921014    1.808978    0.954856    1.038748    2.025863
Iteration: 329 bestvalit: 0.790000 bestmemit:    0.310512    0.079835    0.046700    0.096324    0.523085    0.419833    0.110170    0.126336    0.061487    0.328307    0.333270    0.485862    2.431979    0.013147    0.003358    0.001908    9.862124    8.134624    1.554053    1.886323    1.921014    1.808978    0.954856    1.038748    2.025863
Iteration: 330 bestvalit: 0.790000 bestmemit:    0.310512    0.079835    0.046700    0.096324    0.523085    0.419833    0.110170    0.126336    0.061487    0.328307    0.333270    0.485862    2.431979    0.013147    0.003358    0.001908    9.862124    8.134624    1.554053    1.886323    1.921014    1.808978    0.954856    1.038748    2.025863
Iteration: 331 bestvalit: 0.790000 bestmemit:    0.310512    0.079835    0.046700    0.096324    0.523085    0.419833    0.110170    0.126336    0.061487    0.328307    0.333270    0.485862    2.431979    0.013147    0.003358    0.001908    9.862124    8.134624    1.554053    1.886323    1.921014    1.808978    0.954856    1.038748    2.025863
Iteration: 332 bestvalit: 0.790000 bestmemit:    0.310512    0.079835    0.046700    0.096324    0.523085    0.419833    0.110170    0.126336    0.061487    0.328307    0.333270    0.485862    2.431979    0.013147    0.003358    0.001908    9.862124    8.134624    1.554053    1.886323    1.921014    1.808978    0.954856    1.038748    2.025863
Iteration: 333 bestvalit: 0.790000 bestmemit:    0.310512    0.079835    0.046700    0.096324    0.523085    0.419833    0.110170    0.126336    0.061487    0.328307    0.333270    0.485862    2.431979    0.013147    0.003358    0.001908    9.862124    8.134624    1.554053    1.886323    1.921014    1.808978    0.954856    1.038748    2.025863
Iteration: 334 bestvalit: 0.710000 bestmemit:    0.292205    0.023544    0.087730    0.091354    0.295206    0.400786    0.411883    0.287698    0.247266    0.195995    0.202854    0.167676    1.266232    0.042953    0.009480    0.002373    9.727951    9.339272    0.812600    1.995065    1.929526    1.866341    0.783492    0.901653    1.936600
Iteration: 335 bestvalit: 0.710000 bestmemit:    0.292205    0.023544    0.087730    0.091354    0.295206    0.400786    0.411883    0.287698    0.247266    0.195995    0.202854    0.167676    1.266232    0.042953    0.009480    0.002373    9.727951    9.339272    0.812600    1.995065    1.929526    1.866341    0.783492    0.901653    1.936600
Iteration: 336 bestvalit: 0.710000 bestmemit:    0.292205    0.023544    0.087730    0.091354    0.295206    0.400786    0.411883    0.287698    0.247266    0.195995    0.202854    0.167676    1.266232    0.042953    0.009480    0.002373    9.727951    9.339272    0.812600    1.995065    1.929526    1.866341    0.783492    0.901653    1.936600
Iteration: 337 bestvalit: 0.710000 bestmemit:    0.292205    0.023544    0.087730    0.091354    0.295206    0.400786    0.411883    0.287698    0.247266    0.195995    0.202854    0.167676    1.266232    0.042953    0.009480    0.002373    9.727951    9.339272    0.812600    1.995065    1.929526    1.866341    0.783492    0.901653    1.936600
Iteration: 338 bestvalit: 0.710000 bestmemit:    0.292205    0.023544    0.087730    0.091354    0.295206    0.400786    0.411883    0.287698    0.247266    0.195995    0.202854    0.167676    1.266232    0.042953    0.009480    0.002373    9.727951    9.339272    0.812600    1.995065    1.929526    1.866341    0.783492    0.901653    1.936600
Iteration: 339 bestvalit: 0.710000 bestmemit:    0.292205    0.023544    0.087730    0.091354    0.295206    0.400786    0.411883    0.287698    0.247266    0.195995    0.202854    0.167676    1.266232    0.042953    0.009480    0.002373    9.727951    9.339272    0.812600    1.995065    1.929526    1.866341    0.783492    0.901653    1.936600
Iteration: 340 bestvalit: 0.710000 bestmemit:    0.292205    0.023544    0.087730    0.091354    0.295206    0.400786    0.411883    0.287698    0.247266    0.195995    0.202854    0.167676    1.266232    0.042953    0.009480    0.002373    9.727951    9.339272    0.812600    1.995065    1.929526    1.866341    0.783492    0.901653    1.936600
Iteration: 341 bestvalit: 0.710000 bestmemit:    0.292205    0.023544    0.087730    0.091354    0.295206    0.400786    0.411883    0.287698    0.247266    0.195995    0.202854    0.167676    1.266232    0.042953    0.009480    0.002373    9.727951    9.339272    0.812600    1.995065    1.929526    1.866341    0.783492    0.901653    1.936600
Iteration: 342 bestvalit: 0.710000 bestmemit:    0.292205    0.023544    0.087730    0.091354    0.295206    0.400786    0.411883    0.287698    0.247266    0.195995    0.202854    0.167676    1.266232    0.042953    0.009480    0.002373    9.727951    9.339272    0.812600    1.995065    1.929526    1.866341    0.783492    0.901653    1.936600
Iteration: 343 bestvalit: 0.710000 bestmemit:    0.292205    0.023544    0.087730    0.091354    0.295206    0.400786    0.411883    0.287698    0.247266    0.195995    0.202854    0.167676    1.266232    0.042953    0.009480    0.002373    9.727951    9.339272    0.812600    1.995065    1.929526    1.866341    0.783492    0.901653    1.936600
Iteration: 344 bestvalit: 0.710000 bestmemit:    0.292205    0.023544    0.087730    0.091354    0.295206    0.400786    0.411883    0.287698    0.247266    0.195995    0.202854    0.167676    1.266232    0.042953    0.009480    0.002373    9.727951    9.339272    0.812600    1.995065    1.929526    1.866341    0.783492    0.901653    1.936600
Iteration: 345 bestvalit: 0.710000 bestmemit:    0.292205    0.023544    0.087730    0.091354    0.295206    0.400786    0.411883    0.287698    0.247266    0.195995    0.202854    0.167676    1.266232    0.042953    0.009480    0.002373    9.727951    9.339272    0.812600    1.995065    1.929526    1.866341    0.783492    0.901653    1.936600
Iteration: 346 bestvalit: 0.710000 bestmemit:    0.292205    0.023544    0.087730    0.091354    0.295206    0.400786    0.411883    0.287698    0.247266    0.195995    0.202854    0.167676    1.266232    0.042953    0.009480    0.002373    9.727951    9.339272    0.812600    1.995065    1.929526    1.866341    0.783492    0.901653    1.936600
Iteration: 347 bestvalit: 0.710000 bestmemit:    0.292205    0.023544    0.087730    0.091354    0.295206    0.400786    0.411883    0.287698    0.247266    0.195995    0.202854    0.167676    1.266232    0.042953    0.009480    0.002373    9.727951    9.339272    0.812600    1.995065    1.929526    1.866341    0.783492    0.901653    1.936600
Iteration: 348 bestvalit: 0.710000 bestmemit:    0.292205    0.023544    0.087730    0.091354    0.295206    0.400786    0.411883    0.287698    0.247266    0.195995    0.202854    0.167676    1.266232    0.042953    0.009480    0.002373    9.727951    9.339272    0.812600    1.995065    1.929526    1.866341    0.783492    0.901653    1.936600
Iteration: 349 bestvalit: 0.710000 bestmemit:    0.292205    0.023544    0.087730    0.091354    0.295206    0.400786    0.411883    0.287698    0.247266    0.195995    0.202854    0.167676    1.266232    0.042953    0.009480    0.002373    9.727951    9.339272    0.812600    1.995065    1.929526    1.866341    0.783492    0.901653    1.936600
Iteration: 350 bestvalit: 0.710000 bestmemit:    0.292205    0.023544    0.087730    0.091354    0.295206    0.400786    0.411883    0.287698    0.247266    0.195995    0.202854    0.167676    1.266232    0.042953    0.009480    0.002373    9.727951    9.339272    0.812600    1.995065    1.929526    1.866341    0.783492    0.901653    1.936600
Iteration: 351 bestvalit: 0.710000 bestmemit:    0.292205    0.023544    0.087730    0.091354    0.295206    0.400786    0.411883    0.287698    0.247266    0.195995    0.202854    0.167676    1.266232    0.042953    0.009480    0.002373    9.727951    9.339272    0.812600    1.995065    1.929526    1.866341    0.783492    0.901653    1.936600
Iteration: 352 bestvalit: 0.710000 bestmemit:    0.292205    0.023544    0.087730    0.088691    0.295206    0.400786    0.411883    0.287698    0.247266    0.195995    0.202854    0.167676    1.266232    0.042953    0.009480    0.002373    9.727951    9.339272    0.812600    1.995065    1.929526    1.866341    0.783492    0.901653    1.936600
Iteration: 353 bestvalit: 0.710000 bestmemit:    0.292205    0.023544    0.087730    0.088691    0.295206    0.400786    0.411883    0.287698    0.247266    0.195995    0.202854    0.167676    1.266232    0.042953    0.009480    0.002373    9.727951    9.339272    0.812600    1.995065    1.929526    1.866341    0.783492    0.901653    1.936600
Iteration: 354 bestvalit: 0.710000 bestmemit:    0.292205    0.023544    0.087730    0.088691    0.295206    0.400786    0.411883    0.287698    0.247266    0.195995    0.202854    0.167676    1.266232    0.042953    0.009480    0.002373    9.727951    9.339272    0.812600    1.995065    1.929526    1.866341    0.783492    0.901653    1.936600
Iteration: 355 bestvalit: 0.710000 bestmemit:    0.292205    0.023544    0.087730    0.088691    0.295206    0.400786    0.411883    0.287698    0.247266    0.195995    0.202854    0.167676    1.266232    0.042953    0.009480    0.002373    9.727951    9.339272    0.812600    1.995065    1.929526    1.866341    0.783492    0.901653    1.936600
Iteration: 356 bestvalit: 0.710000 bestmemit:    0.292205    0.023544    0.087730    0.088691    0.295206    0.400786    0.411883    0.287698    0.247266    0.195995    0.202854    0.167676    1.266232    0.042953    0.009480    0.002373    9.727951    9.339272    0.812600    1.995065    1.929526    1.866341    0.783492    0.901653    1.936600
Iteration: 357 bestvalit: 0.710000 bestmemit:    0.292205    0.023544    0.087730    0.088691    0.295206    0.400786    0.411883    0.287698    0.247266    0.195995    0.202854    0.167676    1.266232    0.042953    0.009480    0.002373    9.727951    9.339272    0.812600    1.995065    1.929526    1.866341    0.783492    0.901653    1.936600
Iteration: 358 bestvalit: 0.710000 bestmemit:    0.292205    0.023544    0.087730    0.088691    0.295206    0.400786    0.411883    0.287698    0.247266    0.195995    0.202854    0.167676    1.266232    0.042953    0.009480    0.002373    9.727951    9.339272    0.812600    1.995065    1.929526    1.866341    0.783492    0.901653    1.936600
Iteration: 359 bestvalit: 0.710000 bestmemit:    0.292205    0.023544    0.087730    0.088691    0.295206    0.400786    0.411883    0.287698    0.247266    0.195995    0.202854    0.167676    1.266232    0.042953    0.009480    0.002373    9.727951    9.339272    0.812600    1.995065    1.929526    1.866341    0.783492    0.901653    1.936600
Iteration: 360 bestvalit: 0.710000 bestmemit:    0.292205    0.023544    0.087730    0.088691    0.295206    0.400786    0.411883    0.287698    0.247266    0.195995    0.202854    0.167676    1.266232    0.042953    0.009480    0.002373    9.727951    9.339272    0.812600    1.995065    1.929526    1.866341    0.783492    0.901653    1.936600
Iteration: 361 bestvalit: 0.710000 bestmemit:    0.292205    0.023544    0.087730    0.088691    0.295206    0.400786    0.411883    0.287698    0.247266    0.195995    0.202854    0.167676    1.266232    0.042953    0.009480    0.002373    9.727951    9.339272    0.812600    1.995065    1.929526    1.866341    0.783492    0.901653    1.936600
Iteration: 362 bestvalit: 0.710000 bestmemit:    0.292205    0.023544    0.087730    0.088691    0.295206    0.400786    0.411883    0.287698    0.247266    0.195995    0.202854    0.167676    1.266232    0.042953    0.009480    0.002373    9.727951    9.339272    0.812600    1.995065    1.929526    1.866341    0.783492    0.901653    1.936600
Iteration: 363 bestvalit: 0.710000 bestmemit:    0.292205    0.023544    0.087730    0.088691    0.295206    0.400786    0.411883    0.287698    0.247266    0.195995    0.202854    0.167676    1.266232    0.042953    0.009480    0.002373    9.727951    9.339272    0.812600    1.995065    1.929526    1.866341    0.783492    0.901653    1.936600
Iteration: 364 bestvalit: 0.710000 bestmemit:    0.292205    0.023544    0.087730    0.088691    0.295206    0.400786    0.411883    0.287698    0.247266    0.195995    0.202854    0.167676    1.266232    0.042953    0.009480    0.002373    9.727951    9.339272    0.812600    1.995065    1.929526    1.866341    0.783492    0.901653    1.936600
Iteration: 365 bestvalit: 0.710000 bestmemit:    0.292205    0.023544    0.087730    0.088691    0.295206    0.400786    0.411883    0.287698    0.247266    0.195995    0.202854    0.167676    1.266232    0.042953    0.009480    0.002373    9.727951    9.339272    0.812600    1.995065    1.929526    1.866341    0.783492    0.901653    1.936600
Iteration: 366 bestvalit: 0.710000 bestmemit:    0.292205    0.023544    0.087730    0.088691    0.295206    0.400786    0.411883    0.287698    0.247266    0.195995    0.202854    0.167676    1.266232    0.042953    0.009480    0.002373    9.727951    9.339272    0.812600    1.995065    1.929526    1.866341    0.783492    0.901653    1.936600
Iteration: 367 bestvalit: 0.710000 bestmemit:    0.292205    0.023544    0.087730    0.088691    0.295206    0.400786    0.411883    0.287698    0.247266    0.195995    0.202854    0.167676    1.266232    0.042953    0.009480    0.002373    9.727951    9.339272    0.812600    1.995065    1.929526    1.866341    0.783492    0.901653    1.936600
Iteration: 368 bestvalit: 0.710000 bestmemit:    0.292205    0.023544    0.087730    0.088691    0.295206    0.400786    0.411883    0.287698    0.247266    0.195995    0.202854    0.167676    1.266232    0.042953    0.009480    0.002373    9.727951    9.339272    0.812600    1.995065    1.929526    1.866341    0.783492    0.901653    1.936600
Iteration: 369 bestvalit: 0.710000 bestmemit:    0.292205    0.023544    0.087730    0.088691    0.295206    0.400786    0.411883    0.287698    0.247266    0.195995    0.202854    0.167676    1.266232    0.042953    0.009480    0.002373    9.727951    9.339272    0.812600    1.995065    1.929526    1.866341    0.783492    0.901653    1.936600
Iteration: 370 bestvalit: 0.710000 bestmemit:    0.292205    0.023544    0.087730    0.088691    0.295206    0.400786    0.411883    0.287698    0.247266    0.195995    0.202854    0.167676    1.266232    0.042953    0.009480    0.002373    9.727951    9.339272    0.812600    1.995065    1.929526    1.866341    0.783492    0.901653    1.936600
Iteration: 371 bestvalit: 0.710000 bestmemit:    0.292205    0.023544    0.087730    0.088691    0.295206    0.400786    0.411883    0.287698    0.247266    0.195995    0.202854    0.167676    1.266232    0.042953    0.009480    0.002373    9.727951    9.339272    0.812600    1.995065    1.929526    1.866341    0.783492    0.901653    1.936600
Iteration: 372 bestvalit: 0.710000 bestmemit:    0.292205    0.023544    0.087730    0.088691    0.295206    0.400786    0.411883    0.287698    0.247266    0.195995    0.202854    0.167676    1.266232    0.042953    0.009480    0.002373    9.727951    9.339272    0.812600    1.995065    1.929526    1.866341    0.783492    0.901653    1.936600
Iteration: 373 bestvalit: 0.710000 bestmemit:    0.292205    0.023544    0.087730    0.088691    0.295206    0.400786    0.411883    0.287698    0.247266    0.195995    0.202854    0.167676    1.266232    0.042953    0.009480    0.002373    9.727951    9.339272    0.812600    1.995065    1.929526    1.866341    0.783492    0.901653    1.936600
Iteration: 374 bestvalit: 0.710000 bestmemit:    0.292205    0.023544    0.087730    0.088691    0.295206    0.400786    0.411883    0.287698    0.247266    0.195995    0.202854    0.167676    1.266232    0.042953    0.009480    0.002373    9.727951    9.339272    0.812600    1.995065    1.929526    1.866341    0.783492    0.901653    1.936600
Iteration: 375 bestvalit: 0.710000 bestmemit:    0.292205    0.023544    0.087730    0.088691    0.295206    0.400786    0.411883    0.287698    0.247266    0.195995    0.202854    0.167676    1.266232    0.042953    0.009480    0.002373    9.727951    9.339272    0.812600    1.995065    1.929526    1.866341    0.783492    0.901653    1.936600
Iteration: 376 bestvalit: 0.710000 bestmemit:    0.292205    0.023544    0.087730    0.088691    0.295206    0.400786    0.411883    0.287698    0.247266    0.195995    0.202854    0.167676    1.266232    0.042953    0.009480    0.002373    9.727951    9.339272    0.812600    1.995065    1.929526    1.866341    0.783492    0.901653    1.936600
Iteration: 377 bestvalit: 0.710000 bestmemit:    0.292205    0.023544    0.087730    0.088691    0.295206    0.400786    0.411883    0.287698    0.247266    0.195995    0.202854    0.167676    1.266232    0.042953    0.009480    0.002373    9.727951    9.339272    0.812600    1.995065    1.929526    1.866341    0.783492    0.901653    1.936600
Iteration: 378 bestvalit: 0.710000 bestmemit:    0.292205    0.023544    0.087730    0.088691    0.295206    0.400786    0.411883    0.287698    0.247266    0.195995    0.202854    0.167676    1.266232    0.042953    0.009480    0.002373    9.727951    9.339272    0.812600    1.995065    1.929526    1.866341    0.783492    0.901653    1.936600
Iteration: 379 bestvalit: 0.710000 bestmemit:    0.292205    0.023544    0.087730    0.088691    0.295206    0.400786    0.411883    0.287698    0.247266    0.195995    0.202854    0.167676    1.266232    0.042953    0.009480    0.002373    9.727951    9.339272    0.812600    1.995065    1.929305    1.866341    0.783492    0.901653    1.936600
Iteration: 380 bestvalit: 0.710000 bestmemit:    0.292205    0.023544    0.087730    0.088691    0.295206    0.400786    0.411883    0.287698    0.247266    0.195995    0.202854    0.167676    1.266232    0.042953    0.009480    0.002373    9.727951    9.339272    0.812600    1.995065    1.929305    1.866341    0.783492    0.901653    1.936600
Iteration: 381 bestvalit: 0.710000 bestmemit:    0.292205    0.023544    0.087730    0.088691    0.295206    0.400786    0.411883    0.287698    0.247266    0.195995    0.202854    0.167676    1.266232    0.042953    0.009480    0.002373    9.727951    9.339272    0.812600    1.995065    1.929305    1.866341    0.783492    0.901653    1.936600
Iteration: 382 bestvalit: 0.710000 bestmemit:    0.292205    0.023544    0.087730    0.088691    0.295206    0.400786    0.411883    0.287698    0.247266    0.195995    0.202854    0.167676    1.266232    0.042953    0.009480    0.002373    9.727951    9.339272    0.812600    1.995065    1.929305    1.866341    0.783492    0.901653    1.936600
Iteration: 383 bestvalit: 0.710000 bestmemit:    0.292205    0.023544    0.087730    0.088691    0.295206    0.400786    0.411883    0.287698    0.247266    0.212068    0.202854    0.167676    1.266232    0.042953    0.009480    0.002373    9.727951    9.339272    0.812600    1.995065    1.929305    1.866341    0.783492    0.901653    1.936600
Iteration: 384 bestvalit: 0.710000 bestmemit:    0.292205    0.023544    0.087730    0.088691    0.295206    0.400786    0.411883    0.287698    0.247266    0.212068    0.202854    0.167676    1.266232    0.042953    0.009480    0.002373    9.727951    9.339272    0.812600    1.995065    1.929305    1.866341    0.783492    0.901653    1.936600
Iteration: 385 bestvalit: 0.710000 bestmemit:    0.292205    0.023544    0.087730    0.088691    0.295206    0.400786    0.411883    0.287698    0.247266    0.212068    0.202854    0.167676    1.266232    0.042953    0.009480    0.002373    9.727951    9.339272    0.812600    1.995065    1.929305    1.866341    0.783492    0.901653    1.936600
Iteration: 386 bestvalit: 0.710000 bestmemit:    0.292205    0.023544    0.087730    0.088691    0.295206    0.400786    0.411883    0.287698    0.247266    0.212068    0.202854    0.167676    1.266232    0.042953    0.009480    0.002373    9.727951    9.339272    0.812600    1.995065    1.929305    1.866341    0.783492    0.901653    1.936600
Iteration: 387 bestvalit: 0.710000 bestmemit:    0.292205    0.023544    0.087730    0.088691    0.295206    0.400786    0.411883    0.287698    0.247266    0.212068    0.202854    0.167676    1.266232    0.042953    0.009480    0.002373    9.727951    9.339272    0.812600    1.995065    1.929305    1.866341    0.783492    0.901653    1.936600
Iteration: 388 bestvalit: 0.710000 bestmemit:    0.292205    0.023544    0.087730    0.088691    0.295206    0.400786    0.411883    0.287698    0.247266    0.212068    0.202854    0.167676    1.266232    0.042953    0.009480    0.002373    9.727951    9.339272    0.812600    1.995065    1.929305    1.866341    0.783492    0.901653    1.936600
Iteration: 389 bestvalit: 0.710000 bestmemit:    0.292205    0.023544    0.087730    0.088691    0.295206    0.400786    0.411883    0.287698    0.247266    0.212068    0.202854    0.167676    1.266232    0.042953    0.009480    0.002373    9.727951    9.339272    0.812600    1.995065    1.929305    1.866341    0.783492    0.901653    1.936600
Iteration: 390 bestvalit: 0.710000 bestmemit:    0.292205    0.023544    0.087730    0.088691    0.295206    0.400786    0.411883    0.287698    0.247266    0.212068    0.202854    0.167676    1.266232    0.042953    0.009480    0.002373    9.727951    9.339272    0.812600    1.995065    1.929305    1.866341    0.783492    0.901653    1.936600
Iteration: 391 bestvalit: 0.710000 bestmemit:    0.292205    0.023544    0.087730    0.088691    0.295206    0.400786    0.411883    0.287698    0.247266    0.212068    0.202854    0.167676    1.266232    0.042953    0.009480    0.002373    9.727951    9.339272    0.812600    1.995065    1.929305    1.866341    0.783492    0.901653    1.936600
Iteration: 392 bestvalit: 0.710000 bestmemit:    0.292205    0.023544    0.087730    0.088691    0.295206    0.400786    0.411883    0.287698    0.247266    0.212068    0.202854    0.167676    1.266232    0.042953    0.009480    0.002373    9.727951    9.339272    0.812600    1.995065    1.929305    1.866341    0.783492    0.901653    1.936600
Iteration: 393 bestvalit: 0.710000 bestmemit:    0.292205    0.023544    0.087730    0.088691    0.295206    0.400786    0.411883    0.287698    0.247266    0.212068    0.202854    0.167676    1.266232    0.042953    0.009480    0.002373    9.727951    9.339272    0.812600    1.995065    1.929305    1.866341    0.783492    0.901653    1.936600
Iteration: 394 bestvalit: 0.710000 bestmemit:    0.292205    0.023544    0.087730    0.088691    0.295206    0.400786    0.411883    0.287698    0.247266    0.212068    0.202854    0.167676    1.266232    0.042953    0.009480    0.002373    9.727951    9.339272    0.812600    1.995065    1.929305    1.866341    0.783492    0.901653    1.936600
Iteration: 395 bestvalit: 0.710000 bestmemit:    0.292205    0.023544    0.087730    0.088691    0.295206    0.400786    0.411883    0.287698    0.247266    0.212068    0.202854    0.167676    1.266232    0.042953    0.009480    0.002373    9.727951    9.339272    0.812600    1.995065    1.929305    1.866341    0.783492    0.901653    1.936600
Iteration: 396 bestvalit: 0.710000 bestmemit:    0.292205    0.023544    0.087730    0.088691    0.295206    0.400786    0.411883    0.287698    0.247266    0.212068    0.202854    0.167676    1.266232    0.042953    0.009480    0.002373    9.727951    9.339272    0.812600    1.995065    1.929305    1.866341    0.783492    0.901653    1.936600
Iteration: 397 bestvalit: 0.710000 bestmemit:    0.292205    0.023544    0.087730    0.088691    0.295206    0.400786    0.411883    0.287698    0.247266    0.212068    0.202854    0.167676    1.266232    0.042953    0.009480    0.002373    9.727951    9.339272    0.812600    1.995065    1.929305    1.866341    0.783492    0.901653    1.936600
Iteration: 398 bestvalit: 0.710000 bestmemit:    0.292205    0.023544    0.087730    0.088691    0.295206    0.400786    0.411883    0.287698    0.247266    0.212068    0.202854    0.167676    1.266232    0.042953    0.009480    0.002373    9.727951    9.339272    0.812600    1.995065    1.929305    1.866341    0.783492    0.901653    1.936600
Iteration: 399 bestvalit: 0.710000 bestmemit:    0.292205    0.023544    0.087730    0.088691    0.295206    0.400786    0.411883    0.287698    0.247266    0.212068    0.202854    0.167676    1.266232    0.042953    0.009480    0.002373    9.727951    9.339272    0.812600    1.995065    1.929305    1.866341    0.783492    0.901653    1.936600
Iteration: 400 bestvalit: 0.710000 bestmemit:    0.292205    0.023544    0.087730    0.088691    0.295206    0.400786    0.411883    0.287698    0.247266    0.212068    0.202854    0.167676    1.266232    0.042953    0.009480    0.002373    9.727951    9.339272    0.812600    1.995065    1.929305    1.866341    0.783492    0.901653    1.936600
Iteration: 401 bestvalit: 0.710000 bestmemit:    0.292205    0.023544    0.087730    0.088691    0.295206    0.400786    0.411883    0.287698    0.247266    0.212068    0.202854    0.167676    1.266232    0.042953    0.009480    0.002373    9.727951    9.339272    0.812600    1.995065    1.929305    1.866341    0.783492    0.901653    1.936600
Iteration: 402 bestvalit: 0.710000 bestmemit:    0.292205    0.023544    0.087730    0.088691    0.295206    0.400786    0.411883    0.287698    0.247266    0.212068    0.202854    0.167676    1.266232    0.042953    0.009480    0.002373    9.727951    9.339272    0.812600    1.995065    1.929305    1.866341    0.783492    0.901653    1.936600
Iteration: 403 bestvalit: 0.710000 bestmemit:    0.292205    0.023544    0.087730    0.088691    0.295206    0.400786    0.411883    0.287698    0.247266    0.212068    0.202854    0.167676    1.266232    0.042953    0.009480    0.002373    9.727951    9.339272    0.812600    1.995065    1.929305    1.866341    0.783492    0.901653    1.936600
Iteration: 404 bestvalit: 0.710000 bestmemit:    0.292205    0.023544    0.087730    0.088691    0.295206    0.400786    0.411883    0.287698    0.247266    0.212068    0.202854    0.167676    1.266232    0.042953    0.009480    0.002373    9.727951    9.339272    0.812600    1.995065    1.929305    1.866341    0.783492    0.901653    1.936600
Iteration: 405 bestvalit: 0.710000 bestmemit:    0.292205    0.023544    0.087730    0.088691    0.295206    0.400786    0.411883    0.287698    0.247266    0.212068    0.202854    0.167676    1.266232    0.042953    0.009480    0.002373    9.727951    9.339272    0.812600    1.995065    1.929305    1.866341    0.783492    0.901653    1.936600
Iteration: 406 bestvalit: 0.710000 bestmemit:    0.292205    0.023544    0.087730    0.088691    0.295206    0.400786    0.411883    0.287698    0.247266    0.212068    0.202854    0.167676    1.266232    0.042953    0.009480    0.002373    9.727951    9.339272    0.812600    1.995065    1.929305    1.866341    0.783492    0.901653    1.936600
Iteration: 407 bestvalit: 0.710000 bestmemit:    0.292205    0.023544    0.087730    0.088691    0.295206    0.400786    0.411883    0.287698    0.247266    0.212068    0.202854    0.167676    1.266232    0.042953    0.009480    0.002373    9.727951    9.339272    0.812600    1.995065    1.929305    1.866341    0.783492    0.901653    1.936600
Iteration: 408 bestvalit: 0.710000 bestmemit:    0.292205    0.023544    0.087730    0.088691    0.295206    0.400786    0.411883    0.287698    0.247266    0.212068    0.202854    0.167676    1.266232    0.042953    0.009480    0.002373    9.727951    9.339272    0.812600    1.995065    1.929305    1.866341    0.783492    0.901653    1.936600
Iteration: 409 bestvalit: 0.710000 bestmemit:    0.292205    0.023544    0.087730    0.088691    0.295206    0.400786    0.411883    0.287698    0.247266    0.212068    0.202854    0.167676    1.266232    0.042953    0.009480    0.002373    9.727951    9.339272    0.812600    1.995065    1.929305    1.866341    0.783492    0.901653    1.936600
Iteration: 410 bestvalit: 0.710000 bestmemit:    0.292205    0.023544    0.087730    0.088691    0.295206    0.400786    0.411883    0.287698    0.247266    0.212068    0.202854    0.167676    1.266232    0.042953    0.009480    0.002373    9.727951    9.339272    0.855140    1.995065    1.929305    1.866341    0.783492    0.901653    1.936600
Iteration: 411 bestvalit: 0.710000 bestmemit:    0.292205    0.023544    0.087730    0.088691    0.295206    0.400786    0.411883    0.287698    0.247266    0.212068    0.202854    0.167676    1.266232    0.042953    0.009480    0.002373    9.694625    9.339272    0.855140    1.995065    1.929305    1.866341    0.783492    0.901653    1.936600
Iteration: 412 bestvalit: 0.710000 bestmemit:    0.292205    0.023544    0.087730    0.088691    0.295206    0.400786    0.411883    0.287698    0.247266    0.212068    0.202854    0.167676    1.266232    0.042953    0.009480    0.002373    9.694625    9.339272    0.855140    1.995065    1.929305    1.866341    0.783492    0.901653    1.936600
Iteration: 413 bestvalit: 0.710000 bestmemit:    0.292205    0.023544    0.087730    0.088691    0.295206    0.400786    0.411883    0.287698    0.247266    0.212068    0.202854    0.167676    1.266232    0.042953    0.009480    0.002373    9.694625    9.339272    0.855140    1.995065    1.929305    1.866341    0.783492    0.901653    1.936600
Iteration: 414 bestvalit: 0.710000 bestmemit:    0.292205    0.023544    0.087730    0.088691    0.295206    0.400786    0.411883    0.287698    0.247266    0.212068    0.202854    0.167676    1.266232    0.042953    0.009480    0.002373    9.694625    9.339272    0.855140    1.995065    1.929305    1.866341    0.783492    0.901653    1.936600
Iteration: 415 bestvalit: 0.710000 bestmemit:    0.292205    0.023544    0.087730    0.088691    0.295206    0.400786    0.411883    0.287698    0.247266    0.212068    0.202854    0.167676    1.266232    0.042953    0.009480    0.002373    9.694625    9.339272    0.855140    1.995065    1.929305    1.866341    0.783492    0.901653    1.936600
Iteration: 416 bestvalit: 0.710000 bestmemit:    0.292205    0.023544    0.087730    0.088691    0.295206    0.400786    0.411883    0.287698    0.247266    0.212068    0.202854    0.167676    1.266232    0.042953    0.009480    0.002373    9.694625    9.339272    0.855140    1.995065    1.929305    1.866341    0.783492    0.901653    1.936600
Iteration: 417 bestvalit: 0.710000 bestmemit:    0.292205    0.023544    0.087730    0.088691    0.295206    0.400786    0.411883    0.287698    0.247266    0.212068    0.202854    0.167676    1.266232    0.042953    0.009480    0.002373    9.694625    9.339272    0.855140    1.995065    1.929305    1.866341    0.783492    0.901653    1.936600
Iteration: 418 bestvalit: 0.710000 bestmemit:    0.292205    0.023544    0.087730    0.088691    0.295206    0.400786    0.411883    0.287698    0.247266    0.212068    0.202854    0.167676    1.266232    0.042953    0.009480    0.002373    9.694625    9.339272    0.855140    1.995065    1.929305    1.866341    0.783492    0.901653    1.936600
Iteration: 419 bestvalit: 0.710000 bestmemit:    0.292205    0.023544    0.087730    0.088691    0.295206    0.400786    0.411883    0.287698    0.247266    0.212068    0.202854    0.167676    1.266232    0.042953    0.009480    0.002373    9.694625    9.339272    0.855140    1.995065    1.929305    1.866341    0.783492    0.901653    1.936600
Iteration: 420 bestvalit: 0.710000 bestmemit:    0.292205    0.023544    0.087730    0.088691    0.295206    0.400786    0.411883    0.287698    0.247266    0.212068    0.202854    0.167676    1.266232    0.042953    0.009480    0.002373    9.694625    9.339272    0.855140    1.995065    1.929305    1.866341    0.783492    0.901653    1.936600
Iteration: 421 bestvalit: 0.710000 bestmemit:    0.292205    0.023544    0.087730    0.088691    0.295206    0.400786    0.411883    0.287698    0.247266    0.212068    0.202854    0.167676    1.266232    0.042953    0.009480    0.002373    9.694625    9.339272    0.855140    1.995065    1.929305    1.866341    0.783492    0.901653    1.936600
Iteration: 422 bestvalit: 0.710000 bestmemit:    0.292205    0.023544    0.087730    0.088691    0.295206    0.400786    0.411883    0.287698    0.247266    0.212068    0.202854    0.167676    1.266232    0.042953    0.009480    0.002373    9.694625    9.339272    0.855140    1.995065    1.929305    1.866341    0.783492    0.901653    1.936600
Iteration: 423 bestvalit: 0.710000 bestmemit:    0.292205    0.023544    0.087730    0.088691    0.295206    0.400786    0.411883    0.287698    0.247266    0.212068    0.202854    0.167676    1.266232    0.042953    0.009480    0.002373    9.694625    9.339272    0.855140    1.995065    1.929305    1.866341    0.783492    0.901653    1.936600
Iteration: 424 bestvalit: 0.710000 bestmemit:    0.292205    0.023544    0.087730    0.088691    0.295206    0.400786    0.411883    0.287698    0.247266    0.212068    0.202854    0.167676    1.266232    0.042953    0.009480    0.002373    9.694625    9.339272    0.855140    1.995065    1.929305    1.866341    0.783492    0.901653    1.936600
Iteration: 425 bestvalit: 0.710000 bestmemit:    0.292205    0.023544    0.087730    0.088691    0.295206    0.400786    0.411883    0.287698    0.247266    0.212068    0.202854    0.167676    1.266232    0.042953    0.009480    0.002373    9.694625    9.339272    0.855140    1.995065    1.929305    1.866341    0.783492    0.901653    1.936600
Iteration: 426 bestvalit: 0.710000 bestmemit:    0.292205    0.023544    0.087730    0.088691    0.295206    0.400786    0.411883    0.287698    0.247266    0.212068    0.202854    0.167676    1.266232    0.042953    0.009480    0.002373    9.694625    9.339272    0.855140    1.995065    1.929305    1.866341    0.783492    0.901653    1.936600
Iteration: 427 bestvalit: 0.710000 bestmemit:    0.292205    0.023544    0.087730    0.088691    0.295206    0.400786    0.411883    0.287698    0.247266    0.212068    0.202854    0.167676    1.266232    0.042953    0.009480    0.002373    9.694625    9.339272    0.855140    1.995065    1.929305    1.866341    0.783492    0.901653    1.936600
Iteration: 428 bestvalit: 0.710000 bestmemit:    0.292205    0.023544    0.087730    0.088691    0.295206    0.400786    0.411883    0.287698    0.247266    0.212068    0.202854    0.167676    1.266232    0.042953    0.009480    0.002373    9.694625    9.339272    0.855140    1.995065    1.929305    1.866341    0.783492    0.901653    1.936600
Iteration: 429 bestvalit: 0.710000 bestmemit:    0.292205    0.023544    0.087730    0.088691    0.295206    0.400786    0.411883    0.287698    0.247266    0.212068    0.202854    0.167676    1.266232    0.042953    0.009480    0.002373    9.694625    9.339272    0.855140    1.995065    1.929305    1.866341    0.783492    0.901653    1.936600
Iteration: 430 bestvalit: 0.710000 bestmemit:    0.292205    0.023544    0.087730    0.088691    0.295206    0.400786    0.411883    0.287698    0.247266    0.212068    0.202854    0.167676    1.266232    0.042953    0.009480    0.002373    9.694625    9.339272    0.855140    1.995065    1.929305    1.866341    0.783492    0.901653    1.936600
Iteration: 431 bestvalit: 0.710000 bestmemit:    0.292205    0.023544    0.087730    0.088691    0.295206    0.400786    0.411883    0.287698    0.247266    0.212068    0.202854    0.165847    1.266232    0.042953    0.009480    0.002373    9.694625    9.339272    0.855140    1.995065    1.929305    1.866341    0.783492    0.901653    1.936600
Iteration: 432 bestvalit: 0.710000 bestmemit:    0.292205    0.023544    0.087730    0.088691    0.295206    0.400786    0.411883    0.287698    0.247266    0.222099    0.202854    0.165847    1.266232    0.042953    0.009480    0.002373    9.694625    9.339272    0.855140    1.995065    1.929305    1.866341    0.783492    0.901653    1.936600
Iteration: 433 bestvalit: 0.710000 bestmemit:    0.292205    0.023544    0.087730    0.088691    0.295206    0.400786    0.411883    0.287698    0.247266    0.222099    0.202854    0.165847    1.266232    0.042953    0.009480    0.002373    9.694625    9.339272    0.855140    1.995065    1.929305    1.866341    0.783492    0.901653    1.936600
Iteration: 434 bestvalit: 0.710000 bestmemit:    0.292205    0.023544    0.087730    0.088691    0.295206    0.400786    0.411883    0.287698    0.247266    0.222099    0.202854    0.165847    1.266232    0.042953    0.009480    0.002373    9.694625    9.339272    0.855140    1.995065    1.929305    1.866341    0.783492    0.901653    1.936600
Iteration: 435 bestvalit: 0.710000 bestmemit:    0.292205    0.023544    0.087730    0.088691    0.295206    0.400786    0.411883    0.287698    0.247266    0.222099    0.202854    0.165847    1.266232    0.042953    0.009480    0.002373    9.694625    9.339272    0.855140    1.995065    1.929305    1.866341    0.783492    0.901653    1.936600
Iteration: 436 bestvalit: 0.710000 bestmemit:    0.292205    0.023544    0.087730    0.088691    0.295206    0.400786    0.411883    0.287698    0.247266    0.222099    0.202854    0.165847    1.266232    0.042953    0.009480    0.002373    9.694625    9.339272    0.855140    1.995065    1.929305    1.866341    0.783492    0.901653    1.936600
Iteration: 437 bestvalit: 0.710000 bestmemit:    0.292205    0.023544    0.087730    0.088691    0.295206    0.400786    0.411883    0.287698    0.247266    0.222099    0.202854    0.165847    1.266232    0.042953    0.009480    0.002373    9.694625    9.339272    0.855140    1.995065    1.929305    1.866341    0.783492    0.901653    1.936600
Iteration: 438 bestvalit: 0.710000 bestmemit:    0.292205    0.023544    0.087730    0.088691    0.295206    0.400786    0.411883    0.287698    0.247266    0.222099    0.202854    0.165847    1.266232    0.042953    0.009480    0.002373    9.694625    9.339272    0.855140    1.995065    1.929305    1.866341    0.783492    0.901653    1.936600
Iteration: 439 bestvalit: 0.710000 bestmemit:    0.292205    0.023544    0.087730    0.088691    0.295206    0.400786    0.411883    0.287698    0.247266    0.222099    0.202854    0.165847    1.266232    0.042953    0.009480    0.002373    9.694625    9.339272    0.855140    1.995065    1.929305    1.866341    0.783492    0.901653    1.936600
Iteration: 440 bestvalit: 0.710000 bestmemit:    0.292205    0.023544    0.087730    0.088691    0.295206    0.400786    0.411883    0.287698    0.247266    0.222099    0.202854    0.165847    1.266232    0.042953    0.009480    0.002373    9.694625    9.339272    0.855140    1.995065    1.929305    1.866341    0.783492    0.901653    1.936600
Iteration: 441 bestvalit: 0.710000 bestmemit:    0.292205    0.023544    0.087730    0.088691    0.295206    0.400786    0.411883    0.287698    0.247266    0.222099    0.202854    0.165847    1.266232    0.042953    0.009480    0.002373    9.694625    9.339272    0.855140    1.995065    1.929305    1.866341    0.783492    0.901653    1.936600
Iteration: 442 bestvalit: 0.710000 bestmemit:    0.292205    0.023544    0.087730    0.088691    0.295206    0.400786    0.411883    0.287698    0.247266    0.222099    0.202854    0.165847    1.266232    0.042953    0.009480    0.002373    9.694625    9.339272    0.855140    1.995065    1.929305    1.866341    0.783492    0.901653    1.936600
Iteration: 443 bestvalit: 0.710000 bestmemit:    0.292205    0.023544    0.087730    0.088691    0.295206    0.400786    0.411883    0.287698    0.247266    0.222099    0.202854    0.165847    1.266232    0.042953    0.009480    0.002373    9.694625    9.339272    0.855140    1.995065    1.929305    1.866341    0.783492    0.901653    1.936600
Iteration: 444 bestvalit: 0.710000 bestmemit:    0.292205    0.023544    0.087730    0.088691    0.295206    0.400786    0.411883    0.287698    0.247266    0.222099    0.202854    0.165847    1.266232    0.042953    0.009480    0.002373    9.694625    9.339272    0.855140    1.995065    1.929305    1.866341    0.783492    0.901653    1.936600
Iteration: 445 bestvalit: 0.710000 bestmemit:    0.292205    0.023544    0.087730    0.088691    0.295206    0.400786    0.411883    0.287698    0.247266    0.222099    0.202854    0.165847    1.266232    0.042953    0.009480    0.002373    9.694625    9.339272    0.855140    1.995065    1.929305    1.866341    0.783492    0.901653    1.936600
Iteration: 446 bestvalit: 0.710000 bestmemit:    0.292205    0.023544    0.087730    0.088691    0.295206    0.400786    0.411883    0.287698    0.247266    0.222099    0.202854    0.165847    1.266232    0.042953    0.009480    0.002373    9.694625    9.339272    0.855140    1.995065    1.929305    1.866341    0.783492    0.901653    1.936600
Iteration: 447 bestvalit: 0.710000 bestmemit:    0.292205    0.023544    0.087730    0.088691    0.295206    0.400786    0.411883    0.287698    0.247266    0.222099    0.202854    0.165847    1.266232    0.042953    0.009480    0.002373    9.694625    9.339272    0.855140    1.995065    1.929305    1.866341    0.783492    0.901653    1.936600
Iteration: 448 bestvalit: 0.710000 bestmemit:    0.292205    0.023544    0.087730    0.088691    0.295206    0.400786    0.411883    0.287698    0.247266    0.222099    0.202854    0.165847    1.266232    0.042953    0.009480    0.002373    9.694625    9.339272    0.855140    1.995065    1.929305    1.866341    0.783492    0.901653    1.936600
Iteration: 449 bestvalit: 0.710000 bestmemit:    0.292205    0.023544    0.087730    0.088691    0.295206    0.400786    0.411883    0.287698    0.247266    0.222099    0.202854    0.165847    1.266232    0.042953    0.009480    0.002373    9.694625    9.339272    0.855140    1.995065    1.929305    1.866341    0.783492    0.901653    1.936600
Iteration: 450 bestvalit: 0.710000 bestmemit:    0.292205    0.023544    0.087730    0.088691    0.295206    0.400786    0.411883    0.287698    0.247266    0.222099    0.202854    0.165847    1.266232    0.042953    0.009480    0.002373    9.694625    9.339272    0.855140    1.995065    1.929305    1.866341    0.783492    0.901653    1.936600
Iteration: 451 bestvalit: 0.710000 bestmemit:    0.292205    0.023544    0.087730    0.088691    0.295206    0.400786    0.411883    0.287698    0.247266    0.222099    0.202854    0.165847    1.266232    0.042953    0.009480    0.002373    9.694625    9.339272    0.855140    1.995065    1.929305    1.866341    0.783492    0.901653    1.936600
Iteration: 452 bestvalit: 0.710000 bestmemit:    0.292205    0.023544    0.087730    0.088691    0.295206    0.400786    0.411883    0.287698    0.247266    0.222099    0.202854    0.165847    1.266232    0.042953    0.009480    0.002373    9.694625    9.339272    0.855140    1.995065    1.929305    1.866341    0.783492    0.901653    1.936600
Iteration: 453 bestvalit: 0.710000 bestmemit:    0.292205    0.023544    0.087730    0.088691    0.295206    0.400786    0.411883    0.287698    0.247266    0.222099    0.202854    0.165847    1.266232    0.042953    0.009480    0.002373    9.694625    9.339272    0.855140    1.995065    1.929305    1.866341    0.783492    0.901653    1.936600
Iteration: 454 bestvalit: 0.710000 bestmemit:    0.292205    0.023544    0.087730    0.088691    0.295206    0.400786    0.411883    0.287698    0.247266    0.222099    0.202854    0.165847    1.266232    0.042953    0.009480    0.002373    9.694625    9.339272    0.855140    1.995065    1.929305    1.866341    0.783492    0.901653    1.936600
Iteration: 455 bestvalit: 0.710000 bestmemit:    0.292205    0.023544    0.087730    0.088691    0.295206    0.400786    0.411883    0.287698    0.247266    0.222099    0.202854    0.165847    1.266232    0.042953    0.009480    0.002373    9.694625    9.339272    0.855140    1.995065    1.929305    1.866341    0.783492    0.901653    1.936600
Iteration: 456 bestvalit: 0.710000 bestmemit:    0.292205    0.023544    0.087730    0.088691    0.295206    0.400786    0.411883    0.287698    0.247266    0.222099    0.202854    0.165847    1.266232    0.042953    0.009480    0.002373    9.694625    9.339272    0.855140    1.995065    1.929305    1.866341    0.783492    0.901653    1.936600
Iteration: 457 bestvalit: 0.710000 bestmemit:    0.292205    0.023544    0.087730    0.088691    0.295206    0.400786    0.411883    0.287698    0.247266    0.222099    0.202854    0.165847    1.266232    0.042953    0.009480    0.002373    9.694625    9.339272    0.855140    1.995065    1.929305    1.866341    0.783492    0.901653    1.936600
Iteration: 458 bestvalit: 0.710000 bestmemit:    0.292205    0.023544    0.087730    0.088691    0.295206    0.400786    0.411883    0.287698    0.247266    0.222099    0.202854    0.165847    1.266232    0.042953    0.009480    0.002373    9.694625    9.339272    0.855140    1.995065    1.929305    1.866341    0.783492    0.901653    1.936600
Iteration: 459 bestvalit: 0.710000 bestmemit:    0.292205    0.023544    0.087730    0.088691    0.295206    0.400786    0.411883    0.287698    0.247266    0.222099    0.202854    0.165847    1.266232    0.042953    0.009480    0.002373    9.694625    9.339272    0.855140    1.995065    1.929305    1.866341    0.783492    0.901653    1.936600
Iteration: 460 bestvalit: 0.710000 bestmemit:    0.292205    0.023544    0.087730    0.088691    0.295206    0.400786    0.411883    0.287698    0.247266    0.222099    0.202854    0.165847    1.266232    0.042953    0.009480    0.002373    9.694625    9.339272    0.855140    1.995065    1.929305    1.866341    0.783492    0.901653    1.936600
Iteration: 461 bestvalit: 0.710000 bestmemit:    0.292205    0.023544    0.087730    0.088691    0.295206    0.400786    0.411883    0.287698    0.247266    0.222099    0.202854    0.165847    1.266232    0.042953    0.009480    0.002373    9.694625    9.339272    0.855140    1.995065    1.929305    1.866341    0.783492    0.901653    1.936600
Iteration: 462 bestvalit: 0.710000 bestmemit:    0.292205    0.023544    0.087730    0.088691    0.295206    0.400786    0.411883    0.287698    0.247266    0.222099    0.202854    0.165847    1.266232    0.042953    0.009480    0.002373    9.694625    9.339272    0.855140    1.995065    1.929305    1.866341    0.783492    0.901653    1.936600
Iteration: 463 bestvalit: 0.710000 bestmemit:    0.292205    0.023544    0.087730    0.088691    0.295206    0.400786    0.411883    0.287698    0.247266    0.222099    0.202854    0.165847    1.266232    0.042953    0.009480    0.002373    9.694625    9.339272    0.855140    1.995065    1.929305    1.866341    0.783492    0.901653    1.936600
Iteration: 464 bestvalit: 0.710000 bestmemit:    0.292205    0.023544    0.087730    0.088691    0.295206    0.400786    0.411883    0.287698    0.247266    0.222099    0.202854    0.165847    1.266232    0.042953    0.009480    0.002373    9.694625    9.339272    0.855140    1.995065    1.929305    1.866341    0.783492    0.901653    1.936600
Iteration: 465 bestvalit: 0.710000 bestmemit:    0.292205    0.023544    0.087730    0.088691    0.295206    0.400786    0.411883    0.287698    0.247266    0.222099    0.202854    0.165847    1.266232    0.042953    0.009480    0.002373    9.694625    9.339272    0.855140    1.995065    1.929305    1.866341    0.783492    0.901653    1.936600
Iteration: 466 bestvalit: 0.710000 bestmemit:    0.292205    0.023544    0.087730    0.088691    0.295206    0.400786    0.411883    0.287698    0.247266    0.222099    0.202854    0.165847    1.266232    0.042953    0.009480    0.002373    9.694625    9.339272    0.855140    1.995065    1.929305    1.866341    0.783492    0.901653    1.936600
Iteration: 467 bestvalit: 0.710000 bestmemit:    0.292205    0.023544    0.087730    0.088691    0.295206    0.400786    0.411883    0.287698    0.247266    0.222099    0.202854    0.165847    1.266232    0.042953    0.009480    0.002373    9.694625    9.339272    0.855140    1.995065    1.929305    1.866341    0.783492    0.901653    1.936600
Iteration: 468 bestvalit: 0.710000 bestmemit:    0.292205    0.023544    0.087730    0.088691    0.295206    0.400786    0.411883    0.287698    0.247266    0.222099    0.202854    0.165847    1.266232    0.042953    0.009480    0.002373    9.694625    9.339272    0.855140    1.995065    1.929305    1.866341    0.783492    0.901653    1.936600
Iteration: 469 bestvalit: 0.710000 bestmemit:    0.292205    0.023544    0.087730    0.088691    0.295206    0.400786    0.411883    0.287698    0.247266    0.222099    0.202854    0.165847    1.266232    0.042953    0.009480    0.002373    9.694625    9.339272    0.855140    1.995065    1.929305    1.866341    0.783492    0.901653    1.936600
Iteration: 470 bestvalit: 0.710000 bestmemit:    0.292205    0.023544    0.087730    0.088691    0.295206    0.400786    0.411883    0.287698    0.247266    0.222099    0.202854    0.165847    1.266232    0.042953    0.009480    0.002373    9.694625    9.339272    0.895813    1.995065    1.929305    1.866341    0.783492    0.901653    1.936600
Iteration: 471 bestvalit: 0.710000 bestmemit:    0.341599    0.036640    0.053787    0.098032    0.450119    0.369565    0.142915    0.152760    0.128345    0.415205    0.270538    0.400216    3.157589    0.023185    0.007004    0.002842    8.417175    9.660538    1.994936    1.983493    1.940567    1.850884    0.909343    0.937215    1.997331
Iteration: 472 bestvalit: 0.710000 bestmemit:    0.341599    0.036640    0.053787    0.098032    0.450119    0.369565    0.142915    0.152760    0.128345    0.415205    0.270538    0.400216    3.157589    0.023185    0.007004    0.002842    8.417175    9.660538    1.994936    1.983493    1.940567    1.850884    0.909343    0.937215    1.997331
Iteration: 473 bestvalit: 0.710000 bestmemit:    0.341599    0.036640    0.053787    0.098032    0.450119    0.369565    0.142915    0.152760    0.128345    0.415205    0.270538    0.400216    3.157589    0.023185    0.007004    0.002842    8.417175    9.660538    1.994936    1.983493    1.940567    1.850884    0.909343    0.937215    1.997331
Iteration: 474 bestvalit: 0.710000 bestmemit:    0.341599    0.036640    0.053787    0.098032    0.450119    0.369565    0.142915    0.152760    0.128345    0.415205    0.270538    0.400216    3.157589    0.023185    0.007004    0.002842    8.417175    9.660538    1.994936    1.983493    1.940567    1.850884    0.909343    0.937215    1.997331
Iteration: 475 bestvalit: 0.710000 bestmemit:    0.341599    0.036640    0.053787    0.098032    0.450119    0.369565    0.142915    0.152760    0.128345    0.415205    0.270538    0.400216    3.157589    0.023185    0.007004    0.002842    8.417175    9.660538    1.994936    1.983493    1.940567    1.850884    0.909343    0.937215    1.997331
Iteration: 476 bestvalit: 0.710000 bestmemit:    0.341599    0.036640    0.053787    0.098032    0.450119    0.369565    0.142915    0.152760    0.128345    0.415205    0.270538    0.400216    3.157589    0.023185    0.007004    0.002842    8.417175    9.660538    1.994936    1.983493    1.940567    1.850884    0.909343    0.937215    1.997331
Iteration: 477 bestvalit: 0.710000 bestmemit:    0.341599    0.036640    0.053787    0.098032    0.450119    0.369565    0.142915    0.152760    0.128345    0.415205    0.270538    0.400216    3.157589    0.023185    0.007004    0.002842    8.417175    9.660538    1.994936    1.983493    1.940567    1.850884    0.909343    0.937215    1.997331
Iteration: 478 bestvalit: 0.710000 bestmemit:    0.341599    0.036640    0.053787    0.098032    0.450119    0.369565    0.142915    0.152760    0.128345    0.415205    0.270538    0.400216    3.157589    0.023185    0.007004    0.002842    8.417175    9.660538    1.994936    1.983493    1.940567    1.850884    0.909343    0.937215    1.997331
Iteration: 479 bestvalit: 0.710000 bestmemit:    0.341599    0.036640    0.053787    0.098032    0.450119    0.369565    0.142915    0.152760    0.128345    0.415205    0.270538    0.400216    3.157589    0.023185    0.007004    0.002842    8.417175    9.660538    1.994936    1.983493    1.940567    1.850884    0.909343    0.937215    1.997331
Iteration: 480 bestvalit: 0.710000 bestmemit:    0.341599    0.036640    0.053787    0.098032    0.450119    0.369565    0.142915    0.152760    0.128345    0.415205    0.270538    0.400216    3.157589    0.023185    0.007004    0.002842    8.417175    9.660538    1.994936    1.983493    1.940567    1.850884    0.909343    0.937215    1.997331
Iteration: 481 bestvalit: 0.710000 bestmemit:    0.341599    0.036640    0.053787    0.098032    0.450119    0.369565    0.142915    0.152760    0.128345    0.415205    0.270538    0.400216    3.157589    0.023185    0.007004    0.002842    8.417175    9.660538    1.994936    1.983493    1.940567    1.850884    0.909343    0.937215    1.997331
Iteration: 482 bestvalit: 0.710000 bestmemit:    0.341599    0.036640    0.053787    0.098032    0.450119    0.369565    0.142915    0.152760    0.128345    0.415205    0.270538    0.400216    3.157589    0.023185    0.007004    0.002842    8.417175    9.660538    1.994936    1.983493    1.940567    1.850884    0.909343    0.937215    1.997331
Iteration: 483 bestvalit: 0.710000 bestmemit:    0.341599    0.036640    0.053787    0.098032    0.450119    0.369565    0.142915    0.152760    0.128345    0.415205    0.270538    0.400216    3.157589    0.023185    0.007004    0.002842    8.417175    9.660538    1.994936    1.983493    1.940567    1.850884    0.909343    0.937215    1.997331
Iteration: 484 bestvalit: 0.710000 bestmemit:    0.341599    0.036640    0.053787    0.098032    0.450119    0.369565    0.142915    0.152760    0.128345    0.415205    0.270538    0.400216    3.157589    0.023185    0.007004    0.002842    8.417175    9.660538    1.994936    1.983493    1.940567    1.850884    0.909343    0.937215    1.997331
Iteration: 485 bestvalit: 0.710000 bestmemit:    0.341599    0.036640    0.053787    0.098032    0.450119    0.369565    0.142915    0.152760    0.128345    0.415205    0.270538    0.400216    3.157589    0.023185    0.007004    0.002842    8.417175    9.660538    1.994936    1.983493    1.940567    1.850884    0.909343    0.937215    1.997331
Iteration: 486 bestvalit: 0.710000 bestmemit:    0.341599    0.036640    0.053787    0.098032    0.450119    0.369565    0.142915    0.152760    0.128345    0.415205    0.270538    0.400216    3.157589    0.023185    0.007004    0.002842    8.417175    9.660538    1.994936    1.983493    1.940567    1.850884    0.910712    0.937215    1.997331
Iteration: 487 bestvalit: 0.710000 bestmemit:    0.341599    0.036640    0.053787    0.098032    0.450119    0.369565    0.142915    0.152760    0.128345    0.415205    0.270538    0.400216    3.157589    0.023185    0.007004    0.002842    8.417175    9.660538    1.994936    1.983493    1.940567    1.850884    0.910712    0.937215    1.997331
Iteration: 488 bestvalit: 0.710000 bestmemit:    0.341599    0.036640    0.053787    0.098032    0.450119    0.369565    0.142915    0.152760    0.128345    0.415205    0.270538    0.400216    3.157589    0.023185    0.007004    0.002842    8.417175    9.660538    1.994936    1.983493    1.940567    1.850884    0.910712    0.937215    1.997331
Iteration: 489 bestvalit: 0.710000 bestmemit:    0.341599    0.036640    0.053787    0.098032    0.450119    0.369565    0.142915    0.152760    0.128345    0.415205    0.270538    0.400216    3.157589    0.023185    0.007004    0.002842    8.417175    9.660538    1.994936    1.983493    1.940567    1.850884    0.910712    0.937215    1.997331
Iteration: 490 bestvalit: 0.710000 bestmemit:    0.341599    0.036640    0.053787    0.098032    0.450119    0.369565    0.142915    0.152760    0.128345    0.415205    0.270538    0.400216    3.157589    0.023185    0.007004    0.002842    8.417175    9.660538    1.994936    1.983493    1.949845    1.850884    0.910712    0.937215    1.997331
Iteration: 491 bestvalit: 0.710000 bestmemit:    0.341599    0.036640    0.053787    0.098032    0.450119    0.369565    0.142915    0.152760    0.128345    0.415205    0.270538    0.400216    3.157589    0.023185    0.007004    0.002842    8.417175    9.660538    1.994936    1.983493    1.949845    1.850884    0.910712    0.937215    1.997331
Iteration: 492 bestvalit: 0.710000 bestmemit:    0.341599    0.036640    0.053787    0.098032    0.450119    0.369565    0.142915    0.152760    0.128345    0.415205    0.270538    0.400216    3.157589    0.023185    0.007004    0.002842    8.417175    9.660538    1.994936    1.983493    1.949845    1.850884    0.910712    0.937215    1.997331
Iteration: 493 bestvalit: 0.710000 bestmemit:    0.341599    0.036640    0.053787    0.098032    0.450119    0.369565    0.142915    0.152760    0.128345    0.415205    0.270538    0.400216    3.157589    0.023185    0.007004    0.002842    8.417175    9.660538    1.994936    1.983493    1.949845    1.850884    0.910712    0.937215    1.997331
Iteration: 494 bestvalit: 0.710000 bestmemit:    0.341599    0.036640    0.053787    0.098032    0.450119    0.369565    0.142915    0.152760    0.128345    0.415205    0.270538    0.400216    3.157589    0.023185    0.007004    0.002842    8.417175    9.660538    1.994936    1.983493    1.949845    1.850884    0.910712    0.937215    1.997331
Iteration: 495 bestvalit: 0.710000 bestmemit:    0.341599    0.036640    0.053787    0.098032    0.450119    0.369565    0.142915    0.152760    0.128345    0.415205    0.270538    0.400216    3.157589    0.023185    0.007004    0.002842    8.417175    9.660538    1.994936    1.983493    1.949845    1.850884    0.910712    0.937215    1.997331
Iteration: 496 bestvalit: 0.710000 bestmemit:    0.341599    0.036640    0.053787    0.098032    0.450119    0.369565    0.142915    0.152760    0.128345    0.415205    0.270538    0.400216    3.157589    0.023185    0.007004    0.002842    8.417175    9.660538    1.994936    1.983493    1.949845    1.850884    0.910712    0.937215    1.997331
Iteration: 497 bestvalit: 0.710000 bestmemit:    0.341599    0.036640    0.053787    0.098032    0.450119    0.369565    0.142915    0.152760    0.128345    0.415205    0.270538    0.400216    3.157589    0.023185    0.007004    0.002842    8.417175    9.660538    1.994936    1.983493    1.949845    1.850884    0.910712    0.937215    1.997331
Iteration: 498 bestvalit: 0.710000 bestmemit:    0.341599    0.036640    0.053787    0.098032    0.450119    0.369565    0.142915    0.152760    0.128345    0.415205    0.270538    0.400216    3.157589    0.023185    0.007004    0.002842    8.417175    9.660538    1.994936    1.983493    1.949845    1.850884    0.910712    0.937215    1.997331
Iteration: 499 bestvalit: 0.710000 bestmemit:    0.292205    0.023544    0.087730    0.088691    0.295206    0.400786    0.411883    0.287698    0.247266    0.222099    0.202854    0.165847    1.266232    0.042953    0.009480    0.002373    9.694625    9.339272    0.895813    1.995065    1.929305    1.850228    0.783492    0.901653    1.936600
Iteration: 500 bestvalit: 0.710000 bestmemit:    0.292205    0.023544    0.087730    0.088691    0.295206    0.400786    0.411883    0.287698    0.247266    0.222099    0.202854    0.165847    1.266232    0.042953    0.009480    0.002373    9.694625    9.339272    0.895813    1.995065    1.929305    1.850228    0.783492    0.901653    1.936600
Iteration: 501 bestvalit: 0.710000 bestmemit:    0.292205    0.023544    0.087730    0.088691    0.295206    0.400786    0.411883    0.287698    0.247266    0.222099    0.202854    0.165847    1.266232    0.042953    0.009480    0.002373    9.694625    9.339272    0.895813    1.995065    1.929305    1.850228    0.783492    0.901653    1.936600
Iteration: 502 bestvalit: 0.710000 bestmemit:    0.292205    0.023544    0.087730    0.088691    0.295206    0.400786    0.411883    0.287698    0.247266    0.222099    0.202854    0.165847    1.266232    0.042953    0.009480    0.002373    9.694625    9.339272    0.895813    1.995065    1.929305    1.850228    0.783492    0.901653    1.936600
Iteration: 503 bestvalit: 0.710000 bestmemit:    0.292205    0.023544    0.087730    0.088691    0.295206    0.400786    0.411883    0.287698    0.247266    0.222099    0.202854    0.165847    1.266232    0.042953    0.009480    0.002373    9.694625    9.339272    0.895813    1.995065    1.929305    1.850228    0.783492    0.901653    1.936600
Iteration: 504 bestvalit: 0.710000 bestmemit:    0.292205    0.023544    0.087730    0.088691    0.295206    0.400786    0.411883    0.287698    0.247266    0.222099    0.202854    0.165847    1.266232    0.042953    0.009480    0.002373    9.694625    9.339272    0.895813    1.995065    1.929305    1.850228    0.783492    0.901653    1.936600
Iteration: 505 bestvalit: 0.710000 bestmemit:    0.292205    0.023544    0.087730    0.088691    0.295206    0.400786    0.411883    0.287698    0.247266    0.222099    0.202854    0.165847    1.266232    0.042953    0.009480    0.002373    9.694625    9.339272    0.895813    1.995065    1.929305    1.850228    0.783492    0.901653    1.936600
Iteration: 506 bestvalit: 0.710000 bestmemit:    0.292205    0.023544    0.087730    0.088691    0.295206    0.400786    0.411883    0.287698    0.247266    0.222099    0.202854    0.165847    1.266232    0.042953    0.009480    0.002373    9.694625    9.339272    0.895813    1.995065    1.929305    1.850228    0.783492    0.901653    1.936600
Iteration: 507 bestvalit: 0.710000 bestmemit:    0.292205    0.023544    0.087730    0.088691    0.295206    0.400786    0.411883    0.287698    0.247266    0.222099    0.202854    0.165847    1.266232    0.042953    0.009480    0.002373    9.694625    9.339272    0.895813    1.995065    1.929305    1.850228    0.783492    0.901653    1.936600
Iteration: 508 bestvalit: 0.710000 bestmemit:    0.292205    0.023544    0.087730    0.088691    0.295206    0.400786    0.411883    0.287698    0.247266    0.222099    0.202854    0.165847    1.266232    0.042953    0.009480    0.002373    9.694625    9.339272    0.895813    1.995065    1.929305    1.850228    0.783492    0.901653    1.936600
Iteration: 509 bestvalit: 0.710000 bestmemit:    0.292205    0.023544    0.087730    0.088691    0.295206    0.400786    0.411883    0.287698    0.247266    0.222099    0.202854    0.165847    1.266232    0.042953    0.009480    0.002373    9.694625    9.339272    0.895813    1.995065    1.929305    1.850228    0.783492    0.901653    1.936600
Iteration: 510 bestvalit: 0.710000 bestmemit:    0.292205    0.023544    0.087730    0.088691    0.295206    0.400786    0.411883    0.287698    0.247266    0.222099    0.202854    0.165847    1.266232    0.042953    0.009480    0.002373    9.694625    9.339272    0.895813    1.995065    1.929305    1.850228    0.783492    0.901653    1.936600
Iteration: 511 bestvalit: 0.710000 bestmemit:    0.341599    0.036640    0.053787    0.098032    0.450119    0.369565    0.142915    0.152760    0.128345    0.415205    0.270538    0.400216    3.157589    0.023185    0.007004    0.002842    8.417175    9.660538    1.994936    1.983493    1.949845    1.866464    0.910712    0.937215    1.997331
Iteration: 512 bestvalit: 0.710000 bestmemit:    0.341599    0.036640    0.053787    0.098032    0.450119    0.369565    0.142915    0.152760    0.128345    0.415205    0.270538    0.400216    3.157589    0.023185    0.007004    0.002842    8.417175    9.660538    1.994936    1.983493    1.949845    1.866464    0.910712    0.937215    1.997331
Iteration: 513 bestvalit: 0.710000 bestmemit:    0.341599    0.036640    0.053787    0.098032    0.450119    0.369565    0.142915    0.152760    0.128345    0.415205    0.270538    0.400216    3.157589    0.023185    0.007004    0.002842    8.417175    9.660538    1.994936    1.983493    1.949845    1.866464    0.910712    0.937215    1.997331
Iteration: 514 bestvalit: 0.710000 bestmemit:    0.341599    0.036640    0.053787    0.098032    0.450119    0.369565    0.142915    0.152760    0.128345    0.415205    0.270538    0.400216    3.157589    0.023185    0.007004    0.002842    8.417175    9.660538    1.994936    1.983493    1.949845    1.866464    0.910712    0.937215    1.997331
Iteration: 515 bestvalit: 0.710000 bestmemit:    0.341599    0.036640    0.053787    0.098032    0.450119    0.369565    0.142915    0.152760    0.128345    0.415205    0.270538    0.400216    3.157589    0.023185    0.007004    0.002842    8.417175    9.660538    1.994936    1.983493    1.949845    1.866464    0.910712    0.937215    1.997331
Iteration: 516 bestvalit: 0.710000 bestmemit:    0.341599    0.036640    0.053787    0.098032    0.450119    0.369565    0.142915    0.152760    0.128345    0.415205    0.270538    0.400216    3.157589    0.023185    0.007004    0.002842    8.417175    9.660538    1.994936    1.983493    1.949845    1.866464    0.868476    0.937215    1.997331
Iteration: 517 bestvalit: 0.710000 bestmemit:    0.341599    0.036640    0.053787    0.098032    0.450119    0.369565    0.142915    0.152760    0.128345    0.415205    0.270538    0.400216    3.157589    0.023185    0.007004    0.002842    8.417175    9.660538    1.994936    1.983493    1.949845    1.866464    0.868476    0.937215    1.997331
Iteration: 518 bestvalit: 0.710000 bestmemit:    0.341599    0.036640    0.053787    0.098032    0.450119    0.369565    0.142915    0.152760    0.128345    0.415205    0.270538    0.400216    3.157589    0.023185    0.007004    0.002842    8.417175    9.660538    1.994936    1.983493    1.949845    1.866464    0.868476    0.937215    1.997331
Iteration: 519 bestvalit: 0.710000 bestmemit:    0.341599    0.036640    0.053787    0.098032    0.450119    0.369565    0.142915    0.152760    0.128345    0.415205    0.270538    0.400216    3.157589    0.023185    0.007004    0.002842    8.417175    9.660538    1.994936    1.983493    1.949845    1.866464    0.868476    0.937215    1.997331
Iteration: 520 bestvalit: 0.710000 bestmemit:    0.341599    0.036640    0.053787    0.098032    0.450119    0.369565    0.142915    0.152760    0.128345    0.415205    0.270538    0.400216    3.157589    0.023185    0.007004    0.002842    8.417175    9.660538    1.994936    1.983493    1.949845    1.866464    0.868476    0.937215    1.997331
Iteration: 521 bestvalit: 0.710000 bestmemit:    0.341599    0.036640    0.053787    0.098032    0.450119    0.369565    0.142915    0.152760    0.128345    0.415205    0.270538    0.400216    3.157589    0.023185    0.007004    0.002842    8.417175    9.660538    1.994936    1.983493    1.949845    1.866464    0.868476    0.937215    1.997331
Iteration: 522 bestvalit: 0.710000 bestmemit:    0.341599    0.036640    0.053787    0.098032    0.450119    0.369565    0.142915    0.152760    0.128345    0.415205    0.270538    0.400216    3.157589    0.023185    0.007004    0.002842    8.417175    9.660538    1.994936    1.983493    1.949845    1.866464    0.868476    0.937215    1.997331
Iteration: 523 bestvalit: 0.710000 bestmemit:    0.341599    0.036640    0.053787    0.098032    0.450119    0.369565    0.142915    0.152760    0.128345    0.415205    0.270538    0.400216    3.157589    0.023185    0.007004    0.002842    8.417175    9.660538    1.994936    1.983493    1.949845    1.866464    0.868476    0.937215    1.997331
Iteration: 524 bestvalit: 0.710000 bestmemit:    0.341599    0.036640    0.053787    0.098032    0.450119    0.369565    0.142915    0.152760    0.128345    0.415205    0.270538    0.400216    3.157589    0.023185    0.007004    0.002842    8.417175    9.660538    1.994936    1.983493    1.949845    1.866464    0.868476    0.937215    1.997331
Iteration: 525 bestvalit: 0.710000 bestmemit:    0.341599    0.036640    0.053787    0.098032    0.450119    0.369565    0.142915    0.152760    0.128345    0.415205    0.270538    0.400216    3.157589    0.023185    0.007004    0.002842    8.417175    9.660538    1.994936    1.983493    1.949845    1.866464    0.868476    0.937215    1.997331
Iteration: 526 bestvalit: 0.710000 bestmemit:    0.341599    0.036640    0.053787    0.098032    0.450119    0.369565    0.142915    0.152760    0.128345    0.415205    0.270538    0.400216    3.157589    0.023185    0.007004    0.002842    8.417175    9.660538    1.994936    1.983493    1.949845    1.866464    0.868476    0.937215    1.997331
Iteration: 527 bestvalit: 0.710000 bestmemit:    0.341599    0.036640    0.053787    0.098032    0.450119    0.369565    0.142915    0.152760    0.128345    0.415205    0.270538    0.400216    3.157589    0.023185    0.007004    0.002842    8.417175    9.660538    1.994936    1.983493    1.949845    1.866464    0.868476    0.937215    1.997331
Iteration: 528 bestvalit: 0.710000 bestmemit:    0.292205    0.023544    0.087730    0.088691    0.295206    0.400786    0.411883    0.287698    0.247266    0.222099    0.202854    0.165847    1.266232    0.042953    0.009480    0.002373    9.694625    9.339272    0.895813    1.995065    1.944198    1.850228    0.783492    0.901653    1.936600
Iteration: 529 bestvalit: 0.710000 bestmemit:    0.341599    0.036640    0.053787    0.098032    0.450119    0.369565    0.142915    0.152760    0.128345    0.415205    0.270538    0.400216    3.157589    0.023185    0.007004    0.002842    8.417175    9.418187    1.994936    1.983493    1.949845    1.866464    0.868476    0.937215    1.997331
Iteration: 530 bestvalit: 0.710000 bestmemit:    0.292205    0.023544    0.087730    0.088691    0.295206    0.400786    0.411883    0.287698    0.247266    0.222099    0.202854    0.165847    1.266232    0.042953    0.009480    0.002373    9.694625    9.289515    0.895813    1.995065    1.944198    1.850228    0.783492    0.901653    1.936600
Iteration: 531 bestvalit: 0.710000 bestmemit:    0.292205    0.023544    0.087730    0.088691    0.295206    0.400786    0.411883    0.287698    0.247266    0.222099    0.202854    0.165847    1.266232    0.042953    0.009480    0.002373    9.694625    9.289515    0.895813    1.995065    1.944198    1.850228    0.783492    0.901653    1.936600
Iteration: 532 bestvalit: 0.710000 bestmemit:    0.292205    0.023544    0.087730    0.088691    0.295206    0.400786    0.411883    0.287698    0.247266    0.222099    0.202854    0.165847    1.266232    0.042953    0.009480    0.002373    9.694625    9.289515    0.895813    1.995065    1.944198    1.850228    0.783492    0.901653    1.936600
Iteration: 533 bestvalit: 0.710000 bestmemit:    0.292205    0.023544    0.087730    0.088691    0.295206    0.400786    0.411883    0.287698    0.247266    0.222099    0.202854    0.165847    1.266232    0.042953    0.009480    0.002373    9.694625    9.289515    0.895813    1.995065    1.944198    1.850228    0.783492    0.901653    1.936600
Iteration: 534 bestvalit: 0.710000 bestmemit:    0.292205    0.023544    0.087730    0.088691    0.295206    0.400786    0.411883    0.287698    0.247266    0.222099    0.202854    0.165847    1.266232    0.042953    0.009480    0.002373    9.694625    9.289515    0.895813    1.995065    1.944198    1.850228    0.783492    0.901653    1.936600
Iteration: 535 bestvalit: 0.700000 bestmemit:    0.341599    0.036640    0.053787    0.098032    0.450119    0.369565    0.142915    0.152760    0.128345    0.415205    0.270538    0.400216    3.157589    0.023185    0.007004    0.002842    9.712089    9.418187    1.994936    1.983493    1.949845    1.866464    0.868476    0.937215    1.997331
Iteration: 536 bestvalit: 0.700000 bestmemit:    0.341599    0.036640    0.053787    0.098032    0.450119    0.369565    0.142915    0.152760    0.128345    0.415205    0.270538    0.400216    3.157589    0.023185    0.007004    0.002842    9.712089    9.418187    1.994936    1.983493    1.949845    1.866464    0.868476    0.937215    1.997331
Iteration: 537 bestvalit: 0.700000 bestmemit:    0.341599    0.036640    0.053787    0.098032    0.450119    0.369565    0.142915    0.152760    0.128345    0.415205    0.270538    0.400216    3.157589    0.023185    0.007004    0.002842    9.712089    9.418187    1.994936    1.983493    1.949845    1.866464    0.868476    0.937215    1.997331
Iteration: 538 bestvalit: 0.700000 bestmemit:    0.341599    0.036640    0.053787    0.098032    0.450119    0.369565    0.142915    0.152760    0.128345    0.415205    0.270538    0.400216    3.157589    0.023185    0.007004    0.002842    9.712089    9.418187    1.994936    1.983493    1.949845    1.877456    0.868476    0.937215    1.997331
Iteration: 539 bestvalit: 0.700000 bestmemit:    0.341599    0.036640    0.053787    0.098032    0.450119    0.369565    0.142915    0.152760    0.128345    0.415205    0.270538    0.400216    3.157589    0.023185    0.007004    0.002842    9.712089    9.418187    1.994936    1.983493    1.949845    1.877456    0.868476    0.937215    1.997331
Iteration: 540 bestvalit: 0.700000 bestmemit:    0.341599    0.036640    0.053787    0.098032    0.450119    0.369565    0.142915    0.152760    0.128345    0.415205    0.270538    0.400216    3.157589    0.023185    0.007004    0.002842    9.712089    9.418187    1.994936    1.983493    1.949845    1.877456    0.868476    0.937215    1.997331
Iteration: 541 bestvalit: 0.700000 bestmemit:    0.341599    0.036640    0.053787    0.098032    0.450119    0.369565    0.142915    0.152760    0.128345    0.415205    0.270538    0.400216    3.157589    0.023185    0.007004    0.002842    9.712089    9.418187    1.994936    1.983493    1.949845    1.877456    0.868476    0.937215    1.997331
Iteration: 542 bestvalit: 0.700000 bestmemit:    0.341599    0.036640    0.053787    0.098032    0.450119    0.369565    0.142915    0.152760    0.128345    0.415205    0.270538    0.400216    3.157589    0.023185    0.007004    0.002842    9.712089    9.418187    1.994936    1.983493    1.949845    1.877456    0.868476    0.937215    1.997331
Iteration: 543 bestvalit: 0.700000 bestmemit:    0.341599    0.036640    0.053787    0.098032    0.450119    0.369565    0.142915    0.152760    0.128345    0.415205    0.270538    0.400216    3.157589    0.023185    0.007004    0.002842    9.712089    9.418187    1.994936    1.983493    1.949845    1.877456    0.868476    0.937215    1.997331
Iteration: 544 bestvalit: 0.700000 bestmemit:    0.341599    0.036640    0.053787    0.098032    0.450119    0.369565    0.142915    0.152760    0.128345    0.415205    0.270538    0.400216    3.157589    0.023185    0.007004    0.002842    9.712089    9.418187    1.994936    1.983493    1.949845    1.877456    0.868476    0.937215    1.997331
Iteration: 545 bestvalit: 0.700000 bestmemit:    0.341599    0.036640    0.053787    0.098032    0.450119    0.369565    0.142915    0.152760    0.128345    0.415205    0.270538    0.400216    3.157589    0.023185    0.007004    0.002842    9.712089    9.418187    1.994936    1.983493    1.949845    1.877456    0.868476    0.937215    1.997331
Iteration: 546 bestvalit: 0.700000 bestmemit:    0.341599    0.036640    0.053787    0.098032    0.450119    0.369565    0.142915    0.152760    0.128345    0.415205    0.270538    0.400216    3.157589    0.023185    0.007004    0.002842    9.712089    9.418187    1.994936    1.983493    1.949845    1.877456    0.868476    0.937215    1.997331
Iteration: 547 bestvalit: 0.700000 bestmemit:    0.341599    0.036640    0.053787    0.098032    0.450119    0.369565    0.142915    0.152760    0.128345    0.415205    0.270538    0.400216    3.157589    0.023185    0.007004    0.002842    9.712089    9.418187    1.994936    1.983493    1.949845    1.877456    0.868476    0.937215    1.997331
Iteration: 548 bestvalit: 0.700000 bestmemit:    0.341599    0.036640    0.053787    0.098032    0.450119    0.369565    0.142915    0.152760    0.128345    0.415205    0.270538    0.400216    3.157589    0.023185    0.007004    0.002842    9.712089    9.863694    1.994936    1.983493    1.949845    1.877456    0.868476    0.937215    1.997331
Iteration: 549 bestvalit: 0.700000 bestmemit:    0.341599    0.036640    0.053787    0.098032    0.450119    0.369565    0.142915    0.152760    0.128345    0.415205    0.270538    0.400216    3.157589    0.023185    0.007004    0.002842    9.712089    9.863694    1.994936    1.983493    1.949845    1.877456    0.868476    0.937215    1.997331
Iteration: 550 bestvalit: 0.700000 bestmemit:    0.341599    0.036640    0.053787    0.098032    0.450119    0.369565    0.142915    0.152760    0.128345    0.415205    0.270538    0.400216    3.157589    0.023185    0.007004    0.002842    9.712089    9.863694    1.994936    1.983493    1.949845    1.877456    0.868476    0.937215    1.997331
Iteration: 551 bestvalit: 0.700000 bestmemit:    0.341599    0.036640    0.053787    0.098032    0.450119    0.369565    0.142915    0.152760    0.128345    0.415205    0.270538    0.400216    3.157589    0.023185    0.007004    0.002842    9.712089    9.863694    1.994936    1.983493    1.949845    1.877456    0.868476    0.937215    1.997331
Iteration: 552 bestvalit: 0.700000 bestmemit:    0.341599    0.036640    0.053787    0.098032    0.450119    0.369565    0.142915    0.152760    0.128345    0.415205    0.270538    0.400216    3.157589    0.023185    0.007004    0.002842    9.712089    9.863694    1.994936    1.983493    1.949845    1.877456    0.868476    0.937215    1.997331
Iteration: 553 bestvalit: 0.700000 bestmemit:    0.341599    0.036640    0.053787    0.098032    0.450119    0.369565    0.142915    0.152760    0.128345    0.415205    0.270538    0.400216    3.157589    0.023185    0.007004    0.002842    9.712089    9.863694    1.994936    1.983493    1.949845    1.877456    0.868476    0.937215    1.997331
Iteration: 554 bestvalit: 0.700000 bestmemit:    0.341599    0.036640    0.053787    0.098032    0.450119    0.369565    0.142915    0.152760    0.128345    0.415205    0.270538    0.400216    3.157589    0.023185    0.007004    0.002842    9.712089    9.863694    1.994936    1.983493    1.949845    1.877456    0.868476    0.937215    1.997331
Iteration: 555 bestvalit: 0.700000 bestmemit:    0.341599    0.036640    0.053787    0.098032    0.450119    0.369565    0.142915    0.152760    0.128345    0.415205    0.270538    0.400216    3.157589    0.023185    0.007004    0.002842    9.712089    9.863694    1.994936    1.983493    1.949845    1.877456    0.868476    0.937215    1.997331
Iteration: 556 bestvalit: 0.700000 bestmemit:    0.341599    0.036640    0.053787    0.098032    0.450119    0.369565    0.142915    0.152760    0.128345    0.415205    0.270538    0.400216    3.157589    0.023185    0.007004    0.002842    9.712089    9.863694    1.994936    1.983493    1.949845    1.877456    0.868476    0.937215    1.997331
Iteration: 557 bestvalit: 0.700000 bestmemit:    0.341599    0.036640    0.053787    0.098032    0.450119    0.369565    0.142915    0.152760    0.128345    0.415205    0.270538    0.400216    3.157589    0.023185    0.007004    0.002842    9.712089    9.863694    1.994936    1.983493    1.949845    1.877456    0.868476    0.937215    1.997331
Iteration: 558 bestvalit: 0.700000 bestmemit:    0.341599    0.036640    0.053787    0.098032    0.450119    0.369565    0.142915    0.152760    0.128345    0.415205    0.270538    0.400216    3.157589    0.023185    0.007004    0.002842    9.712089    9.863694    1.994936    1.983493    1.949845    1.877456    0.868476    0.937215    1.997331
Iteration: 559 bestvalit: 0.700000 bestmemit:    0.341599    0.036640    0.053787    0.098032    0.450119    0.369565    0.142915    0.152760    0.128345    0.415205    0.270538    0.400216    3.157589    0.023185    0.007004    0.002842    9.712089    9.863694    1.994936    1.983493    1.949845    1.877456    0.868476    0.937215    1.997331
Iteration: 560 bestvalit: 0.700000 bestmemit:    0.341599    0.036640    0.053787    0.098032    0.450119    0.369565    0.142915    0.152760    0.128345    0.415205    0.270538    0.400216    3.157589    0.023185    0.007004    0.002842    9.712089    9.863694    1.994936    1.983493    1.949845    1.877456    0.868476    0.937215    1.997331
Iteration: 561 bestvalit: 0.700000 bestmemit:    0.341599    0.036640    0.053787    0.098032    0.450119    0.369565    0.142915    0.152760    0.128345    0.415205    0.270538    0.400216    3.157589    0.023185    0.007004    0.002842    9.712089    9.863694    1.994936    1.983493    1.949845    1.877456    0.868476    0.937215    1.997331
Iteration: 562 bestvalit: 0.700000 bestmemit:    0.341599    0.036640    0.053787    0.098032    0.450119    0.369565    0.142915    0.152760    0.128345    0.415205    0.270538    0.400216    3.157589    0.023185    0.007004    0.002842    9.712089    9.863694    1.994936    1.983493    1.949845    1.877456    0.868476    0.937215    1.997331
Iteration: 563 bestvalit: 0.700000 bestmemit:    0.341599    0.036640    0.053787    0.098032    0.450119    0.369565    0.142915    0.152760    0.128345    0.415205    0.270538    0.400216    3.157589    0.023185    0.007004    0.002842    9.712089    9.863694    1.994936    1.983493    1.949845    1.877456    0.868476    0.937215    1.997331
Iteration: 564 bestvalit: 0.700000 bestmemit:    0.341599    0.036640    0.053787    0.098032    0.450119    0.369565    0.142915    0.152760    0.128345    0.415205    0.270538    0.400216    3.157589    0.023185    0.007004    0.002842    9.712089    9.863694    1.994936    1.983493    1.949845    1.877456    0.868476    0.937215    1.997331
Iteration: 565 bestvalit: 0.700000 bestmemit:    0.341599    0.036640    0.053787    0.098032    0.450119    0.369565    0.142915    0.152760    0.128345    0.415205    0.270538    0.400216    3.157589    0.023185    0.007004    0.002842    9.712089    9.863694    1.994936    1.983493    1.949845    1.901019    0.868476    0.937215    1.997331
Iteration: 566 bestvalit: 0.700000 bestmemit:    0.341599    0.036640    0.053787    0.098032    0.450119    0.369565    0.142915    0.152760    0.128345    0.415205    0.270538    0.400216    3.157589    0.023185    0.007004    0.002842    9.712089    9.863694    1.994936    1.976887    1.949845    1.901019    0.868476    0.937215    1.997331
Iteration: 567 bestvalit: 0.700000 bestmemit:    0.341599    0.036640    0.053787    0.098032    0.450119    0.369565    0.142915    0.152760    0.128345    0.415205    0.270538    0.400216    3.157589    0.023185    0.007004    0.002842    9.712089    9.863694    1.994936    1.976887    1.949845    1.901019    0.868476    0.937215    1.997331
Iteration: 568 bestvalit: 0.700000 bestmemit:    0.341599    0.036640    0.053787    0.098032    0.450119    0.369565    0.142915    0.152760    0.128345    0.415205    0.270538    0.400216    3.157589    0.023185    0.007004    0.002842    9.712089    9.863694    1.994936    1.976887    1.949845    1.901019    0.868476    0.937215    1.997331
Iteration: 569 bestvalit: 0.700000 bestmemit:    0.341599    0.036640    0.053787    0.098032    0.450119    0.369565    0.142915    0.152760    0.128345    0.415205    0.270538    0.400216    3.157589    0.023185    0.007004    0.002842    9.712089    9.863694    1.994936    1.976887    1.949845    1.901019    0.868476    0.937215    1.997331
Iteration: 570 bestvalit: 0.700000 bestmemit:    0.341599    0.036640    0.053787    0.098032    0.450119    0.369565    0.142915    0.152760    0.128345    0.415205    0.270538    0.400216    3.157589    0.023185    0.007004    0.002842    9.712089    9.863694    1.994936    1.976887    1.949845    1.901019    0.868476    0.937215    1.997331
Iteration: 571 bestvalit: 0.700000 bestmemit:    0.341599    0.036640    0.053787    0.098032    0.450119    0.369565    0.142915    0.152760    0.128345    0.415205    0.270538    0.400216    3.157589    0.023185    0.007004    0.002842    9.712089    9.863694    1.994936    1.976887    1.949845    1.901019    0.868476    0.937215    1.997331
Iteration: 572 bestvalit: 0.700000 bestmemit:    0.341599    0.036640    0.053787    0.098032    0.450119    0.369565    0.142915    0.152760    0.128345    0.415205    0.270538    0.400216    3.157589    0.023185    0.007004    0.002842    9.712089    9.863694    1.994936    1.976887    1.949845    1.901019    0.868476    0.937215    1.997331
Iteration: 573 bestvalit: 0.700000 bestmemit:    0.341599    0.036640    0.053787    0.098032    0.450119    0.369565    0.142915    0.152760    0.128345    0.415205    0.270538    0.400216    3.157589    0.023185    0.007004    0.002842    9.712089    9.863694    1.994936    1.976887    1.949845    1.901019    0.868476    0.937215    1.997331
Iteration: 574 bestvalit: 0.700000 bestmemit:    0.341599    0.036640    0.053787    0.098032    0.450119    0.369565    0.142915    0.152760    0.128345    0.415205    0.270538    0.400216    3.157589    0.023185    0.007004    0.002842    9.712089    9.863694    1.994936    1.976887    1.949845    1.901019    0.868476    0.937215    1.997331
Iteration: 575 bestvalit: 0.700000 bestmemit:    0.341599    0.036640    0.053787    0.098032    0.450119    0.369565    0.142915    0.152760    0.128345    0.415205    0.270538    0.400216    3.157589    0.023185    0.007004    0.002842    9.712089    9.863694    1.994936    1.976887    1.949845    1.901019    0.868476    0.937215    1.997331
Iteration: 576 bestvalit: 0.700000 bestmemit:    0.341599    0.036640    0.053787    0.098032    0.450119    0.369565    0.142915    0.152760    0.128345    0.415205    0.270538    0.400216    3.157589    0.023185    0.007004    0.002842    9.715024    9.863694    1.994936    1.976887    1.949845    1.901019    0.868476    0.937215    1.997331
Iteration: 577 bestvalit: 0.700000 bestmemit:    0.341599    0.036640    0.053787    0.098032    0.450119    0.369565    0.142915    0.152760    0.128345    0.415205    0.270538    0.400216    3.157589    0.023185    0.007004    0.002842    9.715024    9.863694    1.994936    1.976887    1.949845    1.901019    0.868476    0.937215    1.997331
Iteration: 578 bestvalit: 0.700000 bestmemit:    0.341599    0.036640    0.053787    0.098032    0.450119    0.369565    0.142915    0.152760    0.128345    0.415205    0.270538    0.400216    3.157589    0.023185    0.007004    0.002842    9.715024    9.863694    1.994936    1.976887    1.949845    1.901019    0.868476    0.937215    1.997331
Iteration: 579 bestvalit: 0.700000 bestmemit:    0.341599    0.036640    0.053787    0.098032    0.450119    0.369565    0.142915    0.152760    0.128345    0.415205    0.270538    0.400216    3.157589    0.023185    0.007004    0.002842    9.715024    9.863694    1.994936    1.976887    1.949845    1.901019    0.868476    0.937215    1.997331
Iteration: 580 bestvalit: 0.700000 bestmemit:    0.341599    0.036640    0.053787    0.098032    0.450119    0.369565    0.142915    0.152760    0.128345    0.415205    0.270538    0.400216    3.157589    0.023185    0.007004    0.002842    9.715024    9.863694    1.994936    1.976887    1.949845    1.901019    0.868476    0.937215    1.997331
Iteration: 581 bestvalit: 0.700000 bestmemit:    0.341599    0.036640    0.053787    0.098032    0.450119    0.369565    0.142915    0.152760    0.128345    0.415205    0.270538    0.400216    3.157589    0.023185    0.007004    0.002842    9.715024    9.863694    1.994936    1.976887    1.949845    1.901019    0.868476    0.937215    1.997331
Iteration: 582 bestvalit: 0.700000 bestmemit:    0.341599    0.036640    0.053787    0.098032    0.450119    0.369565    0.142915    0.152760    0.128345    0.415205    0.270538    0.400216    3.157589    0.023185    0.007004    0.002842    9.715024    9.863694    1.994936    1.976887    1.949845    1.901019    0.868476    0.937215    1.997331
Iteration: 583 bestvalit: 0.700000 bestmemit:    0.341599    0.036640    0.053787    0.098032    0.450119    0.369565    0.142915    0.152760    0.128345    0.401078    0.270538    0.400216    3.157589    0.023185    0.007004    0.002842    9.715024    9.863694    1.994936    1.976887    1.949845    1.901019    0.868476    0.937215    1.997331
Iteration: 584 bestvalit: 0.700000 bestmemit:    0.341599    0.036640    0.053787    0.098032    0.450119    0.369565    0.142915    0.152760    0.128345    0.401078    0.270538    0.400216    3.157589    0.023185    0.007004    0.002842    9.715024    9.863694    1.994936    1.976887    1.949845    1.901019    0.868476    0.937215    1.997331
Iteration: 585 bestvalit: 0.700000 bestmemit:    0.341599    0.036640    0.053787    0.098032    0.450119    0.369565    0.142915    0.152760    0.128345    0.401078    0.270538    0.400216    3.157589    0.023185    0.007004    0.002842    9.715024    9.863694    1.994936    1.976887    1.949845    1.901019    0.868476    0.937215    1.997331
Iteration: 586 bestvalit: 0.700000 bestmemit:    0.341599    0.036640    0.053787    0.098032    0.450119    0.369565    0.142915    0.152760    0.128345    0.401078    0.270538    0.400216    3.157589    0.023185    0.007004    0.002842    9.715024    9.863694    1.994936    1.976887    1.949845    1.901019    0.868476    0.937215    1.997331
Iteration: 587 bestvalit: 0.700000 bestmemit:    0.341599    0.036640    0.053787    0.098032    0.450119    0.369565    0.142915    0.152760    0.128345    0.401078    0.270538    0.400216    3.157589    0.023185    0.007004    0.002842    9.715024    9.863694    1.994936    1.976887    1.949845    1.901019    0.868476    0.937215    1.997331
Iteration: 588 bestvalit: 0.700000 bestmemit:    0.341599    0.036640    0.053787    0.098032    0.450119    0.369565    0.142915    0.152760    0.128345    0.401078    0.270538    0.400216    3.157589    0.023185    0.007004    0.002842    9.715024    9.863694    1.994936    1.976887    1.949845    1.901019    0.868476    0.937215    1.997331
Iteration: 589 bestvalit: 0.700000 bestmemit:    0.341599    0.036640    0.053787    0.098032    0.450119    0.369565    0.142915    0.152760    0.128345    0.401078    0.270538    0.400216    3.157589    0.023185    0.007004    0.002842    9.715024    9.863694    1.994936    1.976887    1.949845    1.901019    0.868476    0.937215    1.997331
Iteration: 590 bestvalit: 0.700000 bestmemit:    0.341599    0.036640    0.053787    0.098032    0.450119    0.369565    0.142915    0.152760    0.128345    0.401078    0.270538    0.400216    3.157589    0.023185    0.007004    0.002842    9.715024    9.863694    1.994936    1.976887    1.949845    1.901019    0.868476    0.937215    1.997331
Iteration: 591 bestvalit: 0.700000 bestmemit:    0.341599    0.036640    0.053787    0.098032    0.450119    0.369565    0.142915    0.152760    0.128345    0.401078    0.270538    0.400216    3.157589    0.023185    0.007004    0.002842    9.715024    9.863694    1.994936    1.976887    1.949845    1.901019    0.868476    0.937215    1.997331
Iteration: 592 bestvalit: 0.700000 bestmemit:    0.341599    0.036640    0.053787    0.098032    0.450119    0.369565    0.142915    0.152760    0.128345    0.401078    0.270538    0.400216    3.157589    0.023185    0.007004    0.002842    9.715024    9.863694    1.994936    1.976887    1.949845    1.901019    0.868476    0.937215    1.997331
Iteration: 593 bestvalit: 0.700000 bestmemit:    0.346514    0.036640    0.053787    0.098032    0.450119    0.369565    0.142915    0.152760    0.128345    0.401078    0.270538    0.400216    3.157589    0.023185    0.007004    0.002842    9.715024    9.863694    1.994936    1.976887    1.949845    1.901019    0.868476    0.937215    1.997331
Iteration: 594 bestvalit: 0.700000 bestmemit:    0.346514    0.036640    0.053787    0.098032    0.450119    0.369565    0.142915    0.152760    0.128345    0.401078    0.270538    0.400216    3.157589    0.023185    0.007004    0.002842    9.715024    9.863694    1.994936    1.976887    1.949845    1.901019    0.868476    0.937215    1.997331
Iteration: 595 bestvalit: 0.700000 bestmemit:    0.346514    0.036640    0.053787    0.098032    0.450119    0.369565    0.142915    0.152760    0.128345    0.401078    0.270538    0.400216    3.157589    0.023185    0.007004    0.002842    9.715024    9.863694    1.994936    1.976887    1.949845    1.901019    0.868476    0.937215    1.997331
Iteration: 596 bestvalit: 0.700000 bestmemit:    0.346514    0.036640    0.053787    0.098032    0.450119    0.369565    0.142915    0.152760    0.128345    0.401078    0.270538    0.400216    3.157589    0.023185    0.007004    0.002842    9.715024    9.863694    1.994936    1.976887    1.949845    1.901019    0.868476    0.937215    1.997331
Iteration: 597 bestvalit: 0.700000 bestmemit:    0.346514    0.036640    0.053787    0.098032    0.450119    0.369565    0.142915    0.152760    0.128345    0.401078    0.270538    0.400216    3.157589    0.023185    0.007004    0.002842    9.715024    9.863694    1.994936    1.976887    1.949845    1.901019    0.868476    0.937215    1.997331
Iteration: 598 bestvalit: 0.700000 bestmemit:    0.346514    0.036640    0.053787    0.098032    0.450119    0.369565    0.142915    0.152760    0.128345    0.401078    0.270538    0.400216    3.157589    0.023185    0.007004    0.002842    9.715024    9.863694    1.994936    1.976887    1.949845    1.901019    0.868476    0.937215    1.997331
Iteration: 599 bestvalit: 0.700000 bestmemit:    0.346514    0.036640    0.053787    0.098032    0.450119    0.369565    0.142915    0.152760    0.128345    0.401078    0.270538    0.400216    3.157589    0.023185    0.007004    0.002842    9.715024    9.863694    1.994936    1.976887    1.949845    1.901019    0.868476    0.937215    1.997331
Iteration: 600 bestvalit: 0.700000 bestmemit:    0.346514    0.036640    0.053787    0.098032    0.450119    0.369565    0.142915    0.152760    0.128345    0.401078    0.270538    0.400216    3.157589    0.023185    0.007004    0.002842    9.715024    9.863694    1.994936    1.976887    1.949845    1.901019    0.868476    0.937215    1.997331
Iteration: 601 bestvalit: 0.700000 bestmemit:    0.346514    0.036640    0.053787    0.098070    0.450119    0.369565    0.142915    0.152760    0.128345    0.401078    0.270538    0.400216    3.157589    0.023185    0.007004    0.002842    9.715024    9.863694    1.994936    1.976887    1.949845    1.901019    0.868476    0.937215    1.997331
Iteration: 602 bestvalit: 0.700000 bestmemit:    0.346514    0.036640    0.053787    0.098070    0.450119    0.369565    0.142915    0.152760    0.128345    0.401078    0.270538    0.400216    3.157589    0.023185    0.007004    0.002842    9.715024    9.863694    1.994936    1.976887    1.949845    1.901019    0.868476    0.937215    1.997331
Iteration: 603 bestvalit: 0.700000 bestmemit:    0.346514    0.036640    0.053787    0.098070    0.450119    0.369565    0.142915    0.152760    0.128345    0.401078    0.270538    0.400216    3.157589    0.023185    0.007004    0.002842    9.715024    9.863694    1.994936    1.976887    1.949845    1.901019    0.868476    0.937215    1.997331
Iteration: 604 bestvalit: 0.700000 bestmemit:    0.346514    0.036640    0.053787    0.098070    0.450119    0.369565    0.142915    0.152760    0.128345    0.401078    0.270538    0.400216    3.157589    0.023185    0.007004    0.002842    9.715024    9.863694    1.994936    1.976887    1.949845    1.901019    0.868476    0.937215    1.997331
Iteration: 605 bestvalit: 0.700000 bestmemit:    0.346514    0.036640    0.053787    0.098070    0.450119    0.369565    0.142915    0.152760    0.128345    0.401078    0.270538    0.400216    3.157589    0.023185    0.007004    0.002842    9.715024    9.863694    1.994936    1.976887    1.949845    1.901019    0.868476    0.937215    1.997331
Iteration: 606 bestvalit: 0.700000 bestmemit:    0.346514    0.036640    0.053787    0.098070    0.450119    0.369565    0.142915    0.152760    0.128345    0.401078    0.270538    0.400216    3.157589    0.023185    0.007004    0.002842    9.715024    9.863694    1.994936    1.976887    1.949845    1.901019    0.868476    0.937215    1.997331
Iteration: 607 bestvalit: 0.700000 bestmemit:    0.346514    0.036640    0.053787    0.098070    0.450119    0.369565    0.142915    0.152760    0.128345    0.401078    0.270538    0.400216    3.157589    0.023185    0.007004    0.002842    9.715024    9.863694    1.994936    1.976887    1.949845    1.901019    0.868476    0.937215    1.997331
Iteration: 608 bestvalit: 0.700000 bestmemit:    0.346514    0.036640    0.053787    0.098070    0.450119    0.369565    0.142915    0.152760    0.128345    0.401078    0.270538    0.400216    3.157589    0.023185    0.007004    0.002842    9.715024    9.863694    1.994936    1.976887    1.949845    1.901019    0.868476    0.937215    1.997331
Iteration: 609 bestvalit: 0.700000 bestmemit:    0.346514    0.036640    0.053787    0.098070    0.450119    0.369565    0.142915    0.152760    0.128345    0.401078    0.270538    0.400216    3.157589    0.023185    0.007004    0.002842    9.715024    9.863694    1.994936    1.976887    1.949845    1.901019    0.868476    0.937215    1.997331
Iteration: 610 bestvalit: 0.700000 bestmemit:    0.346514    0.036640    0.053787    0.098070    0.450119    0.369565    0.142915    0.152760    0.128345    0.401078    0.270538    0.400216    3.157589    0.023185    0.007004    0.002842    9.715024    9.863694    1.994936    1.976887    1.949845    1.901019    0.868476    0.937215    1.997331
Iteration: 611 bestvalit: 0.700000 bestmemit:    0.346514    0.036640    0.053787    0.098070    0.450119    0.369565    0.142915    0.152760    0.128345    0.401078    0.270538    0.400216    3.157589    0.023185    0.007004    0.002842    9.715024    9.863694    1.994936    1.976887    1.949845    1.901019    0.868476    0.937215    1.997331
Iteration: 612 bestvalit: 0.700000 bestmemit:    0.346514    0.036640    0.053787    0.098070    0.450119    0.369565    0.142915    0.152760    0.128345    0.401078    0.270538    0.400216    3.157589    0.023185    0.007004    0.002842    9.715024    9.863694    1.994936    1.976887    1.949845    1.901019    0.868476    0.937215    1.997331
Iteration: 613 bestvalit: 0.700000 bestmemit:    0.346514    0.036640    0.053787    0.098070    0.450119    0.369565    0.142915    0.152760    0.128345    0.401078    0.270538    0.400216    3.157589    0.023185    0.007004    0.002842    9.409226    9.863694    1.994936    1.976887    1.949845    1.901019    0.868476    0.937215    1.997331
Iteration: 614 bestvalit: 0.700000 bestmemit:    0.346514    0.036640    0.053787    0.098070    0.450119    0.369565    0.142915    0.152760    0.128345    0.401078    0.270538    0.400216    3.157589    0.023185    0.007004    0.002842    9.409226    9.863694    1.994936    1.976887    1.949845    1.901019    0.868476    0.937215    1.997331
Iteration: 615 bestvalit: 0.700000 bestmemit:    0.346514    0.036640    0.053787    0.098070    0.450119    0.369565    0.142915    0.152760    0.128345    0.401078    0.270538    0.400216    3.157589    0.023185    0.007004    0.002842    9.409226    9.863694    1.994936    1.976887    1.949845    1.901019    0.868476    0.937215    1.997331
Iteration: 616 bestvalit: 0.700000 bestmemit:    0.346514    0.036640    0.053787    0.098070    0.450119    0.369565    0.142915    0.152760    0.128345    0.401078    0.270538    0.400216    3.157589    0.023185    0.007004    0.002842    9.409226    9.863694    1.994936    1.976887    1.949845    1.901019    0.868476    0.937215    1.997331
Iteration: 617 bestvalit: 0.700000 bestmemit:    0.346514    0.036640    0.053787    0.098070    0.450119    0.369565    0.142915    0.152760    0.128345    0.401078    0.270538    0.400216    3.157589    0.023185    0.007004    0.002842    9.409226    9.863694    1.994936    1.976887    1.949845    1.901019    0.868476    0.937215    1.997331
Iteration: 618 bestvalit: 0.700000 bestmemit:    0.346514    0.036640    0.053787    0.098070    0.450119    0.369565    0.142915    0.152760    0.128345    0.401078    0.270538    0.400216    3.157589    0.023185    0.007004    0.002842    9.409226    9.863694    1.994936    1.976887    1.949845    1.901019    0.868476    0.937215    1.997331
Iteration: 619 bestvalit: 0.700000 bestmemit:    0.346514    0.036640    0.053787    0.098070    0.450119    0.369565    0.142915    0.152760    0.128345    0.401078    0.270538    0.400216    3.157589    0.023185    0.007004    0.002842    9.409226    9.863694    1.994936    1.976887    1.949845    1.901019    0.868476    0.937215    1.997331
Iteration: 620 bestvalit: 0.700000 bestmemit:    0.346514    0.036640    0.053787    0.098070    0.450119    0.369565    0.142915    0.152760    0.128345    0.401078    0.270538    0.400216    3.157589    0.023185    0.007004    0.002842    9.409226    9.863694    1.994936    1.976887    1.949845    1.901019    0.868476    0.937215    1.997331
Iteration: 621 bestvalit: 0.700000 bestmemit:    0.346514    0.036640    0.053787    0.098070    0.450119    0.369565    0.142915    0.152760    0.128345    0.401078    0.270538    0.400216    3.157589    0.023185    0.007004    0.002842    9.409226    9.863694    1.994936    1.976887    1.949845    1.901019    0.868476    0.937215    1.997331
Iteration: 622 bestvalit: 0.700000 bestmemit:    0.346514    0.036640    0.053787    0.098070    0.450119    0.369565    0.142915    0.152760    0.128345    0.401078    0.270538    0.400216    3.157589    0.023185    0.007004    0.002842    9.409226    9.863694    1.994936    1.976887    1.949845    1.901019    0.868476    0.937215    1.997331
Iteration: 623 bestvalit: 0.700000 bestmemit:    0.346514    0.036640    0.053787    0.098070    0.450119    0.369565    0.142915    0.152760    0.128345    0.401078    0.270538    0.400216    3.157589    0.023185    0.007004    0.002842    9.409226    9.863694    1.994936    1.976887    1.949845    1.901019    0.868476    0.937215    1.997331
Iteration: 624 bestvalit: 0.700000 bestmemit:    0.346514    0.036640    0.053787    0.098070    0.450119    0.369565    0.142915    0.152760    0.128345    0.401078    0.270538    0.400216    3.157589    0.023185    0.007004    0.002842    9.409226    9.863694    1.994936    1.976887    1.949845    1.901019    0.868476    0.937215    1.997331
Iteration: 625 bestvalit: 0.700000 bestmemit:    0.346514    0.036640    0.053787    0.098070    0.450119    0.369565    0.142915    0.152760    0.128345    0.401078    0.270538    0.400216    3.157589    0.023185    0.007004    0.002842    9.409226    9.863694    1.994936    1.976887    1.949845    1.901019    0.868476    0.937215    1.997331
Iteration: 626 bestvalit: 0.700000 bestmemit:    0.346514    0.036640    0.053787    0.098070    0.450119    0.369565    0.142915    0.152760    0.128345    0.401078    0.270538    0.400216    3.157589    0.023185    0.007004    0.002842    9.409226    9.863694    1.994936    1.976887    1.949845    1.901019    0.868476    0.937215    1.997331
Iteration: 627 bestvalit: 0.700000 bestmemit:    0.346514    0.036640    0.053787    0.098070    0.450119    0.369565    0.142915    0.152760    0.128345    0.401078    0.270538    0.400216    3.157589    0.023185    0.007004    0.002842    9.409226    9.863694    1.994936    1.976887    1.949845    1.901019    0.868476    0.937215    1.997331
Iteration: 628 bestvalit: 0.700000 bestmemit:    0.346514    0.036640    0.053787    0.098070    0.450119    0.369565    0.142915    0.152760    0.128345    0.401078    0.270538    0.400216    3.157589    0.023185    0.007004    0.002842    9.409226    9.863694    1.994936    1.976887    1.949845    1.901019    0.868476    0.937215    1.997331
Iteration: 629 bestvalit: 0.700000 bestmemit:    0.346514    0.036640    0.053787    0.098070    0.450119    0.369565    0.142915    0.152760    0.128345    0.401078    0.270538    0.400216    3.157589    0.023185    0.007004    0.002842    9.409226    9.863694    1.994936    1.976887    1.949845    1.901019    0.868476    0.937215    1.997331
Iteration: 630 bestvalit: 0.700000 bestmemit:    0.346514    0.036640    0.053787    0.098070    0.450119    0.369565    0.142915    0.152760    0.128345    0.401078    0.270538    0.400216    3.157589    0.023185    0.007004    0.002842    9.409226    9.863694    1.994936    1.976887    1.949845    1.901019    0.868476    0.937215    1.997331
Iteration: 631 bestvalit: 0.700000 bestmemit:    0.346514    0.036640    0.053787    0.098070    0.450119    0.369565    0.142915    0.152760    0.128345    0.401078    0.270538    0.400216    3.157589    0.023185    0.007004    0.002842    9.409226    9.863694    1.994936    1.976887    1.949845    1.901019    0.868476    0.937215    1.997331
Iteration: 632 bestvalit: 0.700000 bestmemit:    0.346514    0.036640    0.053787    0.098070    0.450119    0.369565    0.142915    0.152760    0.128345    0.401078    0.270538    0.400216    3.157589    0.023185    0.007004    0.002842    9.409226    9.863694    1.994936    1.976887    1.949845    1.901019    0.868476    0.937215    1.997331
Iteration: 633 bestvalit: 0.700000 bestmemit:    0.346514    0.036640    0.053787    0.098070    0.450119    0.369565    0.142915    0.152760    0.128345    0.401078    0.270538    0.400216    3.157589    0.023185    0.007004    0.002842    9.409226    9.863694    1.994936    1.976887    1.949845    1.901019    0.868476    0.937215    1.997331
Iteration: 634 bestvalit: 0.700000 bestmemit:    0.346514    0.036640    0.053787    0.098070    0.450119    0.369565    0.142915    0.152760    0.128345    0.401078    0.270538    0.400216    3.157589    0.022623    0.007004    0.002842    9.409226    9.863694    1.994936    1.976887    1.949845    1.901019    0.868476    0.937215    1.997331
Iteration: 635 bestvalit: 0.700000 bestmemit:    0.346514    0.036640    0.053787    0.098070    0.450119    0.369565    0.142915    0.152760    0.128345    0.401078    0.270538    0.400216    3.157589    0.022623    0.007004    0.002842    9.409226    9.863694    1.994936    1.976887    1.949845    1.901019    0.868476    0.937215    1.996877
Iteration: 636 bestvalit: 0.700000 bestmemit:    0.346514    0.036640    0.053787    0.098070    0.450119    0.369565    0.142915    0.152760    0.128345    0.401078    0.270538    0.400216    3.157589    0.022623    0.007004    0.002842    9.409226    9.863694    1.994936    1.976887    1.949845    1.901019    0.868476    0.937215    1.996877
Iteration: 637 bestvalit: 0.700000 bestmemit:    0.346514    0.036640    0.053787    0.098070    0.450119    0.369565    0.142915    0.152760    0.128345    0.401078    0.270538    0.400216    3.157589    0.022623    0.007004    0.002842    9.409226    9.863694    1.994936    1.976887    1.949845    1.901019    0.868476    0.937215    1.996877
Iteration: 638 bestvalit: 0.700000 bestmemit:    0.346514    0.036640    0.053787    0.098070    0.450119    0.369565    0.142915    0.152760    0.128345    0.401078    0.270538    0.400216    3.157589    0.022623    0.007004    0.002842    9.409226    9.863694    1.994936    1.976887    1.949845    1.901019    0.868476    0.937215    1.996877
Iteration: 639 bestvalit: 0.700000 bestmemit:    0.346514    0.036640    0.053787    0.098070    0.450119    0.369565    0.142915    0.152760    0.128345    0.401078    0.270538    0.400216    3.157589    0.022623    0.007004    0.002842    9.409226    9.863694    1.994936    1.976887    1.949845    1.901019    0.868476    0.937215    1.996877
Iteration: 640 bestvalit: 0.700000 bestmemit:    0.346514    0.036640    0.053787    0.098070    0.450119    0.369565    0.142915    0.152760    0.128345    0.401078    0.270538    0.400216    3.157589    0.022623    0.007004    0.002842    9.409226    9.863694    1.994936    1.976887    1.949845    1.901019    0.868476    0.937215    1.996877
Iteration: 641 bestvalit: 0.700000 bestmemit:    0.346514    0.036640    0.053787    0.098070    0.450119    0.369565    0.142915    0.152760    0.128345    0.401078    0.270538    0.400216    3.157589    0.022623    0.007004    0.002842    9.409226    9.863694    1.994936    1.976887    1.949845    1.901019    0.868476    0.937215    1.996877
Iteration: 642 bestvalit: 0.700000 bestmemit:    0.346514    0.036640    0.053787    0.098070    0.450119    0.369565    0.142915    0.152760    0.128345    0.401078    0.270538    0.400216    3.157589    0.022623    0.007004    0.002842    9.409226    9.863694    1.994936    1.976887    1.949845    1.901019    0.868476    0.937215    1.996877
Iteration: 643 bestvalit: 0.700000 bestmemit:    0.276182    0.064180    0.050641    0.094339    0.907847    0.495594    0.260028    0.304671    0.360458    0.283762    0.416183    0.272663    3.121475    0.009195    0.001271    0.001042    9.912528    8.801102    0.446350    1.827779    1.619730    1.734686    0.727977    0.945218    2.035749
Iteration: 644 bestvalit: 0.700000 bestmemit:    0.346514    0.036640    0.053787    0.098070    0.450119    0.369565    0.142915    0.152760    0.128345    0.401078    0.270538    0.400216    3.157589    0.022623    0.007004    0.002842    9.409226    9.863694    1.994936    1.976887    1.949845    1.901019    0.862071    0.937215    1.996877
Iteration: 645 bestvalit: 0.700000 bestmemit:    0.346514    0.036640    0.053787    0.098070    0.450119    0.369565    0.142915    0.152760    0.128345    0.401078    0.270538    0.400216    3.157589    0.022623    0.007004    0.002842    9.409226    9.863694    1.994936    1.976887    1.949845    1.901019    0.862071    0.937215    1.996877
Iteration: 646 bestvalit: 0.700000 bestmemit:    0.346514    0.036640    0.053787    0.098070    0.450119    0.369565    0.142915    0.152760    0.128345    0.401078    0.270538    0.400216    3.157589    0.022623    0.007004    0.002842    9.409226    9.863694    1.994936    1.958516    1.949845    1.901019    0.862071    0.937215    1.996877
Iteration: 647 bestvalit: 0.700000 bestmemit:    0.346514    0.036640    0.053787    0.098070    0.450119    0.369565    0.142915    0.152760    0.128345    0.401078    0.270538    0.400216    3.157589    0.022623    0.007004    0.002842    9.409226    9.863694    1.994936    1.958516    1.949845    1.901019    0.862071    0.937215    1.996877
Iteration: 648 bestvalit: 0.700000 bestmemit:    0.346514    0.036640    0.053787    0.098070    0.450119    0.369565    0.142915    0.152760    0.128345    0.401078    0.270538    0.400216    3.157589    0.022623    0.007004    0.002842    9.409226    9.863694    1.994936    1.958516    1.949845    1.901019    0.862071    0.937215    1.996877
Iteration: 649 bestvalit: 0.700000 bestmemit:    0.346514    0.036640    0.053787    0.098070    0.450119    0.369565    0.142915    0.152760    0.128345    0.401078    0.270538    0.400216    3.157589    0.022623    0.007004    0.002842    9.409226    9.863694    1.994936    1.958516    1.949845    1.901019    0.862071    0.937215    1.996877
Iteration: 650 bestvalit: 0.700000 bestmemit:    0.346514    0.036640    0.053787    0.098070    0.450119    0.369565    0.142915    0.152760    0.128345    0.401078    0.270538    0.400216    3.157589    0.022623    0.007004    0.002842    9.409226    9.863694    1.994936    1.958516    1.949845    1.901019    0.862071    0.937215    1.996877
Iteration: 651 bestvalit: 0.700000 bestmemit:    0.276182    0.064180    0.050641    0.094339    0.907847    0.495594    0.260028    0.304671    0.360458    0.283762    0.469475    0.256556    3.121475    0.009195    0.001271    0.001042    9.912528    8.801102    0.446350    1.827779    1.619730    1.793635    0.727977    0.945218    2.035749
Iteration: 652 bestvalit: 0.700000 bestmemit:    0.276182    0.064180    0.050641    0.094339    0.907847    0.495594    0.260028    0.304671    0.360458    0.283762    0.469475    0.256556    3.121475    0.009195    0.001271    0.001042    9.912528    8.801102    0.625316    1.827779    1.619730    1.793635    0.727977    0.945218    2.035749
Iteration: 653 bestvalit: 0.700000 bestmemit:    0.276182    0.064180    0.050641    0.094339    0.907847    0.495594    0.260028    0.304671    0.360458    0.283762    0.469475    0.256556    3.121475    0.009195    0.001271    0.001042    9.834376    8.801102    0.625316    1.827779    1.619730    1.793635    0.727977    0.945218    2.035749
Iteration: 654 bestvalit: 0.700000 bestmemit:    0.276182    0.064180    0.050641    0.094339    0.907847    0.495594    0.260028    0.304671    0.360458    0.283762    0.469475    0.256556    3.121475    0.009195    0.001271    0.001042    9.834376    8.801102    0.625316    1.827779    1.619730    1.793635    0.727977    0.945218    2.035749
Iteration: 655 bestvalit: 0.700000 bestmemit:    0.276182    0.064180    0.050641    0.094339    0.907847    0.495594    0.260028    0.304671    0.360458    0.283762    0.469475    0.256556    3.121475    0.009195    0.001271    0.001042    9.834376    8.801102    0.625316    1.827779    1.619730    1.793635    0.727977    0.945218    2.035749
Iteration: 656 bestvalit: 0.700000 bestmemit:    0.276182    0.064180    0.050641    0.094339    0.907847    0.495594    0.260028    0.304671    0.360458    0.283762    0.469475    0.256556    3.121475    0.009195    0.001271    0.001042    9.834376    8.801102    0.625316    1.827779    1.619730    1.793635    0.727977    0.945218    2.035749
Iteration: 657 bestvalit: 0.700000 bestmemit:    0.276182    0.064180    0.050641    0.094339    0.907847    0.495594    0.260028    0.304671    0.360458    0.283762    0.469475    0.256556    3.121475    0.009195    0.001271    0.001042    9.834376    8.801102    0.625316    1.827779    1.619730    1.793635    0.727977    0.945218    2.035749
Iteration: 658 bestvalit: 0.700000 bestmemit:    0.276182    0.064180    0.050641    0.094339    0.907847    0.495594    0.260028    0.304671    0.360458    0.283762    0.469475    0.256556    3.121475    0.009195    0.001271    0.001042    9.834376    8.801102    0.625316    1.827779    1.619730    1.793635    0.727977    0.945218    2.035749
Iteration: 659 bestvalit: 0.700000 bestmemit:    0.276182    0.064180    0.050641    0.094339    0.907847    0.495594    0.260028    0.304671    0.360458    0.283762    0.469475    0.256556    3.121475    0.009195    0.001271    0.001042    9.834376    8.801102    0.625316    1.827779    1.619730    1.793635    0.727977    0.945218    2.035749
Iteration: 660 bestvalit: 0.700000 bestmemit:    0.276182    0.064180    0.050641    0.094339    0.907847    0.495594    0.260028    0.304671    0.360458    0.283762    0.469475    0.256556    3.121475    0.009195    0.001271    0.001042    9.834376    8.801102    0.625316    1.827779    1.619730    1.793635    0.727977    0.945218    2.035749
Iteration: 661 bestvalit: 0.700000 bestmemit:    0.276182    0.064180    0.050641    0.094339    0.907847    0.495594    0.260028    0.304671    0.360458    0.283762    0.469475    0.256556    3.121475    0.009195    0.001271    0.001042    9.834376    8.801102    0.625316    1.827779    1.619730    1.793635    0.727977    0.945218    2.035749
Iteration: 662 bestvalit: 0.700000 bestmemit:    0.276182    0.064180    0.050641    0.094339    0.907847    0.495594    0.260028    0.304671    0.360458    0.283762    0.469475    0.256556    3.121475    0.009195    0.001271    0.001042    9.834376    8.801102    0.625316    1.827779    1.619730    1.793635    0.727977    0.945218    2.035749
Iteration: 663 bestvalit: 0.700000 bestmemit:    0.276182    0.064180    0.050641    0.094339    0.907847    0.495594    0.260028    0.304671    0.360458    0.283762    0.469475    0.256556    3.121475    0.009195    0.001271    0.001042    9.834376    8.801102    0.625316    1.827779    1.619730    1.793635    0.727977    0.945218    2.035749
Iteration: 664 bestvalit: 0.700000 bestmemit:    0.276182    0.064180    0.050641    0.094339    0.907847    0.495594    0.260028    0.304671    0.360458    0.283762    0.469475    0.256556    3.121475    0.009195    0.001271    0.001042    9.834376    8.801102    0.625316    1.827779    1.619730    1.793635    0.727977    0.945218    2.035749
Iteration: 665 bestvalit: 0.690000 bestmemit:    0.346514    0.036640    0.053787    0.098070    0.450119    0.369565    0.142915    0.152760    0.128345    0.401078    0.270538    0.400216    3.157589    0.022623    0.007004    0.002842    9.409226    8.033029    1.994936    1.958516    1.949845    1.901019    0.862071    0.937215    1.996877
Iteration: 666 bestvalit: 0.690000 bestmemit:    0.346514    0.036640    0.053787    0.098070    0.450119    0.369565    0.142915    0.152760    0.128345    0.401078    0.270538    0.400216    3.157589    0.022623    0.007004    0.002842    9.409226    8.121694    1.994936    1.958516    1.949845    1.901019    0.862071    0.937215    1.996877
Iteration: 667 bestvalit: 0.690000 bestmemit:    0.346514    0.036640    0.053787    0.098070    0.450119    0.369565    0.142915    0.152760    0.128345    0.401078    0.270538    0.400216    3.157589    0.022623    0.007004    0.002842    9.409226    8.121694    1.994936    1.958516    1.949845    1.901019    0.862071    0.937215    1.996877
Iteration: 668 bestvalit: 0.690000 bestmemit:    0.346514    0.036640    0.053787    0.098070    0.450119    0.369565    0.142915    0.152760    0.128345    0.401078    0.270538    0.400216    3.157589    0.022623    0.007004    0.002842    9.409226    8.121694    1.994936    1.958516    1.949845    1.901019    0.862071    0.937215    1.996877
Iteration: 669 bestvalit: 0.690000 bestmemit:    0.346514    0.036640    0.053787    0.098070    0.450119    0.369565    0.142915    0.152760    0.128345    0.401078    0.270538    0.400216    3.157589    0.022623    0.007004    0.002842    9.409226    8.121694    1.994936    1.958516    1.949845    1.901019    0.862071    0.937215    1.996877
Iteration: 670 bestvalit: 0.690000 bestmemit:    0.346514    0.036640    0.053787    0.098070    0.450119    0.369565    0.142915    0.152760    0.128345    0.401078    0.270538    0.400216    3.157589    0.022623    0.007004    0.002842    9.409226    8.121694    1.994936    1.958516    1.949845    1.901019    0.862071    0.937215    1.996877
Iteration: 671 bestvalit: 0.690000 bestmemit:    0.346514    0.036640    0.053787    0.098070    0.450119    0.369565    0.142915    0.152760    0.128345    0.401078    0.270538    0.400216    3.157589    0.022623    0.007004    0.002842    9.409226    8.121694    1.994936    1.958516    1.949845    1.901019    0.862071    0.937215    1.996877
Iteration: 672 bestvalit: 0.690000 bestmemit:    0.346514    0.036640    0.053787    0.098070    0.450119    0.369565    0.142915    0.152760    0.128345    0.401078    0.270538    0.400216    3.157589    0.022623    0.007004    0.002842    9.409226    8.121694    1.994936    1.958516    1.949845    1.901019    0.862071    0.937215    1.996877
Iteration: 673 bestvalit: 0.690000 bestmemit:    0.346514    0.036640    0.053787    0.098070    0.450119    0.369565    0.142915    0.152760    0.128345    0.401078    0.270538    0.400216    3.157589    0.022623    0.007004    0.002842    9.409226    8.121694    1.994936    1.958516    1.949845    1.901019    0.862071    0.937215    1.996877
Iteration: 674 bestvalit: 0.690000 bestmemit:    0.346514    0.036640    0.053787    0.098070    0.450119    0.369565    0.142915    0.152760    0.128345    0.401078    0.270538    0.400216    3.157589    0.022623    0.007004    0.002842    9.409226    8.121694    1.994936    1.958516    1.949845    1.901019    0.862071    0.937215    1.996877
Iteration: 675 bestvalit: 0.690000 bestmemit:    0.346514    0.036640    0.053787    0.098070    0.450119    0.369565    0.142915    0.152760    0.128345    0.401078    0.270538    0.400216    3.157589    0.022623    0.007004    0.002842    9.409226    8.121694    1.994936    1.958516    1.949845    1.901019    0.862071    0.937215    1.996877
Iteration: 676 bestvalit: 0.690000 bestmemit:    0.346514    0.036640    0.053787    0.098070    0.450119    0.369565    0.142915    0.152760    0.128345    0.401078    0.270538    0.400216    3.157589    0.022623    0.007004    0.002842    9.409226    8.121694    1.994936    1.958516    1.949845    1.901019    0.862071    0.937215    1.996877
Iteration: 677 bestvalit: 0.690000 bestmemit:    0.346514    0.036640    0.053787    0.098070    0.450119    0.369565    0.142915    0.152760    0.128345    0.401078    0.270538    0.400216    3.157589    0.022623    0.007004    0.002842    9.409226    8.121694    1.994936    1.958516    1.949845    1.901019    0.862071    0.937215    1.996877
Iteration: 678 bestvalit: 0.690000 bestmemit:    0.346514    0.036640    0.053787    0.098070    0.450119    0.369565    0.142915    0.152760    0.128345    0.401078    0.270538    0.400216    3.157589    0.022623    0.007004    0.002842    9.409226    8.121694    1.994936    1.958516    1.949845    1.901019    0.862071    0.937215    1.996877
Iteration: 679 bestvalit: 0.690000 bestmemit:    0.346514    0.036640    0.053787    0.098070    0.450119    0.369565    0.142915    0.152760    0.128345    0.401078    0.270538    0.400216    3.157589    0.022623    0.007004    0.002842    9.409226    8.121694    1.994936    1.958516    1.949845    1.901019    0.862071    0.937215    1.996877
Iteration: 680 bestvalit: 0.690000 bestmemit:    0.346514    0.036640    0.053787    0.098070    0.450119    0.369565    0.142915    0.152760    0.128345    0.401078    0.270538    0.400216    3.157589    0.022623    0.007004    0.002842    9.409226    8.121694    1.994936    1.958516    1.949845    1.901019    0.862071    0.937215    1.996877
Iteration: 681 bestvalit: 0.690000 bestmemit:    0.346514    0.036640    0.053787    0.098070    0.450119    0.369565    0.142915    0.152760    0.128345    0.401078    0.270538    0.400216    3.157589    0.022623    0.007004    0.002842    9.409226    8.121694    1.994936    1.958516    1.949845    1.901019    0.862071    0.937215    1.996877
Iteration: 682 bestvalit: 0.690000 bestmemit:    0.346514    0.036640    0.053787    0.098070    0.450119    0.369565    0.142915    0.152760    0.128345    0.401078    0.270538    0.400216    3.157589    0.022623    0.007004    0.002842    9.409226    8.121694    1.994936    1.958516    1.949845    1.901019    0.862071    0.937215    1.996877
Iteration: 683 bestvalit: 0.690000 bestmemit:    0.346514    0.036640    0.053787    0.098070    0.450119    0.369565    0.142915    0.152760    0.128345    0.401078    0.270538    0.400216    3.157589    0.022623    0.007004    0.002842    9.409226    8.121694    1.994936    1.958516    1.949845    1.901019    0.862071    0.937215    1.996877
Iteration: 684 bestvalit: 0.690000 bestmemit:    0.346514    0.036640    0.053787    0.098070    0.450119    0.369565    0.142915    0.152760    0.128345    0.401078    0.270538    0.400216    3.157589    0.022623    0.007004    0.002842    9.409226    8.121694    1.994936    1.958516    1.949845    1.901019    0.862071    0.937215    1.996877
Iteration: 685 bestvalit: 0.690000 bestmemit:    0.346514    0.036640    0.053787    0.098070    0.450119    0.369565    0.142915    0.152760    0.128345    0.401078    0.270538    0.400216    3.157589    0.022623    0.007004    0.002842    9.409226    8.121694    1.994936    1.958516    1.949845    1.901019    0.862071    0.937215    1.996877
Iteration: 686 bestvalit: 0.690000 bestmemit:    0.346514    0.036640    0.053787    0.098070    0.450119    0.369565    0.142915    0.152760    0.128345    0.401078    0.270538    0.400216    3.157589    0.022623    0.007004    0.002842    9.409226    8.121694    1.994936    1.958516    1.949845    1.901019    0.862071    0.937215    1.996877
Iteration: 687 bestvalit: 0.690000 bestmemit:    0.346514    0.036640    0.053787    0.098070    0.450119    0.369565    0.142915    0.152760    0.128345    0.401078    0.270538    0.400216    3.157589    0.022623    0.007004    0.002842    9.409226    8.121694    1.994936    1.958516    1.949845    1.901019    0.862071    0.937215    1.996877
Iteration: 688 bestvalit: 0.690000 bestmemit:    0.346514    0.036640    0.053787    0.098070    0.450119    0.369565    0.142915    0.152760    0.128345    0.401078    0.270538    0.400216    3.157589    0.022623    0.007004    0.002842    9.409226    8.121694    1.994936    1.958516    1.949845    1.901019    0.862071    0.937215    1.996877
Iteration: 689 bestvalit: 0.690000 bestmemit:    0.346514    0.036640    0.053787    0.098070    0.450119    0.369565    0.142915    0.152760    0.128345    0.401078    0.270538    0.400216    3.157589    0.022623    0.007004    0.002842    9.409226    8.121694    1.994936    1.958516    1.949845    1.901019    0.862071    0.937215    1.996877
Iteration: 690 bestvalit: 0.690000 bestmemit:    0.346514    0.036640    0.053787    0.098070    0.450119    0.369565    0.142915    0.152760    0.128345    0.401078    0.270538    0.400216    3.157589    0.022623    0.007004    0.002842    9.409226    8.121694    1.994936    1.958516    1.949845    1.901019    0.862071    0.937215    1.996877
Iteration: 691 bestvalit: 0.690000 bestmemit:    0.346514    0.036640    0.053787    0.098070    0.450119    0.369565    0.142915    0.152760    0.128345    0.401078    0.270538    0.400216    3.157589    0.022623    0.007004    0.002842    9.409226    8.121694    1.994936    1.958516    1.949845    1.901019    0.862071    0.937215    1.996877
Iteration: 692 bestvalit: 0.690000 bestmemit:    0.346514    0.036640    0.053787    0.098070    0.450119    0.369565    0.142915    0.152760    0.128345    0.401078    0.270538    0.400216    3.157589    0.022623    0.007004    0.002842    9.409226    8.121694    1.994936    1.958516    1.949845    1.901019    0.862071    0.937215    1.996877
Iteration: 693 bestvalit: 0.690000 bestmemit:    0.346514    0.036640    0.053787    0.098070    0.450119    0.369565    0.142915    0.152760    0.128345    0.401078    0.270538    0.400216    3.157589    0.022623    0.007004    0.002842    9.409226    8.121694    1.994936    1.958516    1.949845    1.901019    0.862071    0.937215    1.996877
Iteration: 694 bestvalit: 0.680000 bestmemit:    0.276182    0.064180    0.050641    0.094339    0.907847    0.495594    0.260028    0.304671    0.360458    0.283762    0.469475    0.256556    2.373847    0.009195    0.001271    0.001042    9.834376    8.801102    0.538824    1.827779    1.619730    1.793635    0.727977    0.945218    2.035749
Iteration: 695 bestvalit: 0.680000 bestmemit:    0.276182    0.064180    0.050641    0.094339    0.907847    0.495594    0.260028    0.304671    0.360458    0.283762    0.469475    0.256556    2.373847    0.009195    0.001271    0.001042    9.834376    8.801102    0.538824    1.827779    1.619730    1.793635    0.727977    0.945218    2.035749
Iteration: 696 bestvalit: 0.680000 bestmemit:    0.276182    0.064180    0.050641    0.094339    0.907847    0.495594    0.260028    0.304671    0.360458    0.283762    0.469475    0.256556    2.373847    0.009195    0.001271    0.001042    9.834376    8.801102    0.538824    1.827779    1.619730    1.793635    0.727977    0.945218    2.035749
Iteration: 697 bestvalit: 0.680000 bestmemit:    0.276182    0.064180    0.050641    0.094339    0.907847    0.495594    0.260028    0.304671    0.360458    0.283762    0.469475    0.256556    2.373847    0.009195    0.001271    0.001042    9.834376    8.801102    0.538824    1.827779    1.619730    1.793635    0.727977    0.945218    2.035749
Iteration: 698 bestvalit: 0.680000 bestmemit:    0.276182    0.064180    0.050641    0.094339    0.907847    0.495594    0.260028    0.304671    0.360458    0.283762    0.469475    0.256556    2.373847    0.009195    0.001271    0.001042    9.834376    8.801102    0.538824    1.827779    1.619730    1.793635    0.727977    0.945218    2.035749
Iteration: 699 bestvalit: 0.680000 bestmemit:    0.276182    0.064180    0.050641    0.094339    0.907847    0.495594    0.260028    0.304671    0.360458    0.283762    0.469475    0.256556    2.373847    0.009195    0.001271    0.001042    9.834376    8.801102    0.538824    1.827779    1.619730    1.793635    0.727977    0.945218    2.035749
Iteration: 700 bestvalit: 0.680000 bestmemit:    0.276182    0.064180    0.050641    0.094339    0.907847    0.495594    0.260028    0.304671    0.360458    0.283762    0.469475    0.256556    2.373847    0.009195    0.001271    0.001042    9.834376    8.801102    0.538824    1.827779    1.619730    1.793635    0.727977    0.945218    2.035749
Iteration: 701 bestvalit: 0.680000 bestmemit:    0.276182    0.064180    0.050641    0.094339    0.907847    0.495594    0.260028    0.304671    0.360458    0.283762    0.469475    0.256556    2.373847    0.009195    0.001271    0.001042    9.834376    8.801102    0.538824    1.827779    1.619730    1.793635    0.727977    0.945218    2.035749
Iteration: 702 bestvalit: 0.680000 bestmemit:    0.276182    0.064180    0.050641    0.094339    0.907847    0.495594    0.260028    0.304671    0.360458    0.283762    0.469475    0.256556    2.373847    0.009195    0.001271    0.001042    9.834376    8.801102    0.538824    1.827779    1.619730    1.793635    0.727977    0.945218    2.035749
Iteration: 703 bestvalit: 0.680000 bestmemit:    0.276182    0.064180    0.050641    0.094339    0.907847    0.495594    0.260028    0.304671    0.360458    0.283762    0.469475    0.256556    2.373847    0.009195    0.001271    0.001042    9.834376    8.801102    0.538824    1.827779    1.619730    1.793635    0.727977    0.945218    2.035749
Iteration: 704 bestvalit: 0.680000 bestmemit:    0.276182    0.064180    0.050641    0.094339    0.907847    0.495594    0.260028    0.304671    0.360458    0.283762    0.469475    0.256556    2.373847    0.009195    0.001271    0.001042    9.834376    8.801102    0.538824    1.827779    1.619730    1.793635    0.727977    0.945218    2.035749
Iteration: 705 bestvalit: 0.680000 bestmemit:    0.276182    0.064180    0.050641    0.094339    0.907847    0.495594    0.260028    0.304671    0.360458    0.283762    0.469475    0.256556    2.373847    0.009195    0.001271    0.001042    9.834376    8.801102    0.538824    1.827779    1.619730    1.793635    0.727977    0.945218    2.035749
Iteration: 706 bestvalit: 0.680000 bestmemit:    0.276182    0.064180    0.050641    0.094339    0.907847    0.495594    0.260028    0.304671    0.360458    0.283762    0.469475    0.256556    2.373847    0.009195    0.001271    0.001042    9.834376    8.801102    0.538824    1.827779    1.619730    1.793635    0.727977    0.945218    2.035749
Iteration: 707 bestvalit: 0.680000 bestmemit:    0.276182    0.064180    0.050641    0.094339    0.907847    0.495594    0.260028    0.304671    0.360458    0.283762    0.469475    0.256556    2.373847    0.009195    0.001271    0.001042    9.834376    8.801102    0.538824    1.827779    1.619730    1.793635    0.727977    0.945218    2.035749
Iteration: 708 bestvalit: 0.680000 bestmemit:    0.276182    0.064180    0.050641    0.094339    0.907847    0.495594    0.260028    0.304671    0.360458    0.283762    0.469475    0.256556    2.373847    0.009195    0.001271    0.001042    9.834376    8.801102    0.538824    1.827779    1.619730    1.793635    0.727977    0.945218    2.035749
Iteration: 709 bestvalit: 0.680000 bestmemit:    0.276182    0.064180    0.050641    0.094339    0.907847    0.495594    0.260028    0.304671    0.360458    0.283762    0.469475    0.256556    2.373847    0.009195    0.001271    0.001042    9.834376    8.801102    0.538824    1.827779    1.619730    1.793635    0.727977    0.945218    2.035749
Iteration: 710 bestvalit: 0.680000 bestmemit:    0.276182    0.064180    0.050641    0.094339    0.907847    0.495594    0.260028    0.304671    0.360458    0.283762    0.469475    0.256556    2.373847    0.009195    0.001271    0.001042    9.834376    8.860011    0.538824    1.827779    1.619730    1.793635    0.727977    0.945218    2.035749
Iteration: 711 bestvalit: 0.680000 bestmemit:    0.276182    0.064180    0.050641    0.094339    0.907847    0.495594    0.260028    0.304671    0.360458    0.283762    0.469475    0.256556    2.373847    0.009195    0.001271    0.001042    9.834376    8.860011    0.538824    1.827779    1.619730    1.793635    0.727977    0.945218    2.035749
Iteration: 712 bestvalit: 0.680000 bestmemit:    0.276182    0.064180    0.050641    0.094339    0.907847    0.495594    0.260028    0.304671    0.360458    0.283762    0.469475    0.256556    2.373847    0.009195    0.001271    0.001042    9.834376    8.860011    0.538824    1.827779    1.619730    1.793635    0.727977    0.945218    2.035749
Iteration: 713 bestvalit: 0.680000 bestmemit:    0.276182    0.064180    0.050641    0.094339    0.907847    0.495594    0.260028    0.304671    0.360458    0.283762    0.469475    0.256556    2.373847    0.009195    0.001271    0.001042    9.834376    8.860011    0.538824    1.827779    1.619730    1.793635    0.727977    0.945218    2.035749
Iteration: 714 bestvalit: 0.680000 bestmemit:    0.276182    0.064180    0.050641    0.094339    0.907847    0.495594    0.260028    0.304671    0.360458    0.283762    0.469475    0.256556    2.373847    0.009195    0.001271    0.001042    9.834376    8.860011    0.538824    1.827779    1.619730    1.793635    0.727977    0.945218    2.035749
Iteration: 715 bestvalit: 0.680000 bestmemit:    0.276182    0.064180    0.050641    0.094339    0.907847    0.495594    0.260028    0.304671    0.360458    0.283762    0.469475    0.256556    2.373847    0.009195    0.001271    0.001042    9.834376    8.860011    0.538824    1.827779    1.619730    1.793635    0.727977    0.945218    2.035749
Iteration: 716 bestvalit: 0.680000 bestmemit:    0.276182    0.064180    0.050641    0.094339    0.907847    0.495594    0.260028    0.304671    0.360458    0.283762    0.469475    0.256556    2.373847    0.009195    0.001271    0.001042    9.834376    8.860011    0.538824    1.827779    1.619730    1.793635    0.727977    0.945218    2.035749
Iteration: 717 bestvalit: 0.680000 bestmemit:    0.276182    0.064180    0.050641    0.094339    0.907847    0.495594    0.260028    0.304671    0.360458    0.283762    0.469475    0.256556    2.373847    0.009195    0.001271    0.001042    9.834376    8.860011    0.538824    1.827779    1.619730    1.875760    0.727977    0.945218    2.035749
Iteration: 718 bestvalit: 0.680000 bestmemit:    0.276182    0.064180    0.050641    0.094339    0.907847    0.495594    0.260028    0.304671    0.360458    0.283762    0.469475    0.256556    2.373847    0.009195    0.001271    0.001042    9.834376    8.860011    0.538824    1.827779    1.619730    1.875760    0.727977    0.945218    2.035749
Iteration: 719 bestvalit: 0.680000 bestmemit:    0.276182    0.064180    0.050641    0.094339    0.907847    0.495594    0.260028    0.304671    0.360458    0.283762    0.469475    0.256556    2.373847    0.009195    0.001271    0.001042    9.834376    8.860011    0.538824    1.827779    1.619730    1.875760    0.727977    0.945218    2.035749
Iteration: 720 bestvalit: 0.680000 bestmemit:    0.276182    0.064180    0.050641    0.094339    0.907847    0.495594    0.260028    0.304671    0.360458    0.283762    0.469475    0.256556    2.373847    0.009195    0.001271    0.001042    9.834376    8.860011    0.538824    1.827779    1.619730    1.875760    0.727977    0.945218    2.035749
Iteration: 721 bestvalit: 0.680000 bestmemit:    0.276182    0.064180    0.050641    0.094339    0.907847    0.495594    0.260028    0.304671    0.360458    0.283762    0.469475    0.256556    2.373847    0.009195    0.001271    0.001042    9.834376    8.860011    0.538824    1.827779    1.619730    1.875760    0.727977    0.945218    2.035749
Iteration: 722 bestvalit: 0.680000 bestmemit:    0.276182    0.064180    0.050641    0.094339    0.907847    0.495594    0.260028    0.304671    0.360458    0.283762    0.469475    0.256556    2.373847    0.009195    0.001271    0.001042    9.834376    8.860011    0.538824    1.827779    1.619730    1.875760    0.727977    0.945218    2.035749
Iteration: 723 bestvalit: 0.680000 bestmemit:    0.276182    0.064180    0.050641    0.094339    0.907847    0.495594    0.260028    0.304671    0.360458    0.283762    0.469475    0.256556    2.373847    0.009195    0.001271    0.001042    9.834376    8.860011    0.538824    1.827779    1.619730    1.875760    0.727977    0.945218    2.035749
Iteration: 724 bestvalit: 0.680000 bestmemit:    0.276182    0.064180    0.050641    0.094339    0.907847    0.495594    0.260028    0.304671    0.360458    0.283762    0.469475    0.256556    2.373847    0.009195    0.001271    0.001042    9.834376    8.860011    0.538824    1.827779    1.619730    1.875760    0.727977    0.945218    2.035749
Iteration: 725 bestvalit: 0.680000 bestmemit:    0.276182    0.064180    0.050641    0.094339    0.907847    0.495594    0.260028    0.304671    0.360458    0.283762    0.469475    0.256556    2.373847    0.009195    0.001271    0.001042    9.834376    8.860011    0.538824    1.827779    1.619730    1.875760    0.727977    0.945218    2.035749
Iteration: 726 bestvalit: 0.680000 bestmemit:    0.276182    0.064180    0.050641    0.094339    0.907847    0.495594    0.260028    0.304671    0.360458    0.283762    0.469475    0.256556    2.373847    0.009195    0.001271    0.001042    9.834376    8.860011    0.538824    1.827779    1.619730    1.875760    0.727977    0.945218    2.035749
Iteration: 727 bestvalit: 0.680000 bestmemit:    0.276182    0.064180    0.050641    0.094339    0.907847    0.495594    0.260028    0.304671    0.360458    0.283762    0.469475    0.256556    2.373847    0.009195    0.001271    0.001042    9.834376    8.860011    0.538824    1.827779    1.619730    1.875760    0.727977    0.945218    2.035749
Iteration: 728 bestvalit: 0.680000 bestmemit:    0.276182    0.064180    0.050641    0.094339    0.907847    0.495594    0.260028    0.304671    0.360458    0.283762    0.469475    0.256556    2.373847    0.009195    0.001271    0.001042    9.834376    8.860011    0.538824    1.827779    1.619730    1.875760    0.727977    0.945218    2.035749
Iteration: 729 bestvalit: 0.680000 bestmemit:    0.276182    0.064180    0.050641    0.094339    0.907847    0.495594    0.260028    0.304671    0.360458    0.283762    0.469475    0.256556    2.373847    0.009195    0.001271    0.001042    9.834376    8.860011    0.538824    1.827779    1.619730    1.875760    0.727977    0.945218    2.035749
Iteration: 730 bestvalit: 0.680000 bestmemit:    0.276182    0.064180    0.050641    0.094339    0.907847    0.495594    0.260028    0.304671    0.360458    0.283762    0.469475    0.256556    2.373847    0.009195    0.001271    0.001042    9.834376    8.860011    0.538824    1.827779    1.619730    1.875760    0.727977    0.945218    2.035749
Iteration: 731 bestvalit: 0.680000 bestmemit:    0.276182    0.064180    0.050641    0.094339    0.907847    0.495594    0.260028    0.304671    0.360458    0.283762    0.469475    0.256556    2.373847    0.009195    0.001271    0.001042    9.834376    8.860011    0.538824    1.827779    1.619730    1.875760    0.727977    0.945218    2.035749
Iteration: 732 bestvalit: 0.680000 bestmemit:    0.276182    0.064180    0.050641    0.094339    0.907847    0.495594    0.260028    0.304671    0.360458    0.283762    0.469475    0.256556    2.373847    0.009195    0.001271    0.001042    9.834376    8.860011    0.538824    1.827779    1.619730    1.875760    0.727977    0.945218    2.035749
Iteration: 733 bestvalit: 0.680000 bestmemit:    0.276182    0.064180    0.050641    0.094339    0.907847    0.495594    0.260028    0.304671    0.360458    0.283762    0.469475    0.256556    2.373847    0.009195    0.001271    0.001042    9.834376    8.860011    0.538824    1.827779    1.619730    1.875760    0.727977    0.945218    2.035749
Iteration: 734 bestvalit: 0.680000 bestmemit:    0.276182    0.064180    0.050641    0.094339    0.907847    0.495594    0.260028    0.304671    0.360458    0.283762    0.469475    0.256556    2.373847    0.009195    0.001271    0.001042    9.834376    8.860011    0.538824    1.827779    1.619730    1.875760    0.727977    0.945218    2.035749
Iteration: 735 bestvalit: 0.680000 bestmemit:    0.276182    0.064180    0.050641    0.094339    0.907847    0.495594    0.260028    0.304671    0.360458    0.283762    0.469475    0.256556    2.373847    0.009195    0.001271    0.001042    9.834376    8.860011    0.538824    1.827779    1.619730    1.875760    0.727977    0.945218    2.035749
Iteration: 736 bestvalit: 0.680000 bestmemit:    0.276182    0.064180    0.050641    0.094339    0.907847    0.495594    0.260028    0.304671    0.360458    0.283762    0.469475    0.256556    2.373847    0.009195    0.001271    0.001042    9.834376    8.860011    0.538824    1.827779    1.619730    1.875760    0.727977    0.945218    2.035749
Iteration: 737 bestvalit: 0.680000 bestmemit:    0.276182    0.064180    0.050641    0.094339    0.907847    0.495594    0.260028    0.304671    0.360458    0.283762    0.469475    0.256556    2.373847    0.009195    0.001271    0.001042    9.834376    8.860011    0.538824    1.827779    1.619730    1.897123    0.727977    0.945218    2.035749
Iteration: 738 bestvalit: 0.680000 bestmemit:    0.276182    0.064180    0.050641    0.094339    0.907847    0.495594    0.260028    0.304671    0.360458    0.283762    0.469475    0.256556    2.373847    0.009195    0.001271    0.001042    9.834376    8.860011    0.538824    1.827779    1.619730    1.897123    0.727977    0.945218    2.035749
Iteration: 739 bestvalit: 0.680000 bestmemit:    0.276182    0.064180    0.050641    0.094339    0.907847    0.495594    0.260028    0.304671    0.360458    0.283762    0.469475    0.256556    2.373847    0.009195    0.001271    0.001042    9.834376    8.860011    0.538824    1.827779    1.619730    1.897123    0.727977    0.945218    2.035749
Iteration: 740 bestvalit: 0.680000 bestmemit:    0.276182    0.064180    0.050641    0.094339    0.907847    0.495594    0.260028    0.304671    0.360458    0.283762    0.469475    0.256556    2.373847    0.009195    0.001271    0.001042    9.834376    8.860011    0.538824    1.827779    1.619730    1.897123    0.727977    0.945218    2.035749
Iteration: 741 bestvalit: 0.680000 bestmemit:    0.276182    0.064180    0.050641    0.094339    0.907847    0.495594    0.260028    0.304671    0.360458    0.283762    0.469475    0.256556    2.373847    0.009195    0.001271    0.001042    9.834376    8.860011    0.538824    1.827779    1.619730    1.897123    0.727977    0.945218    2.035749
Iteration: 742 bestvalit: 0.680000 bestmemit:    0.276182    0.064180    0.050641    0.094339    0.907847    0.495594    0.260028    0.304671    0.360458    0.283762    0.469475    0.256556    2.373847    0.009195    0.001271    0.001042    9.834376    8.944206    0.538824    1.827779    1.619730    1.897123    0.727977    0.945218    2.035749
Iteration: 743 bestvalit: 0.680000 bestmemit:    0.276182    0.064180    0.050641    0.094339    0.907847    0.495594    0.260028    0.304671    0.360458    0.283762    0.469475    0.256556    2.373847    0.009195    0.001271    0.001042    9.834376    8.944206    0.538824    1.827779    1.619730    1.897123    0.727977    0.945218    2.035749
Iteration: 744 bestvalit: 0.680000 bestmemit:    0.276182    0.064180    0.050641    0.094339    0.907847    0.495594    0.260028    0.304671    0.360458    0.283762    0.469475    0.256556    2.373847    0.009195    0.001271    0.001042    9.834376    8.944206    0.538824    1.827779    1.619730    1.897123    0.727977    0.945218    2.035749
Iteration: 745 bestvalit: 0.680000 bestmemit:    0.276182    0.064180    0.050641    0.094339    0.907847    0.495594    0.260028    0.304671    0.360458    0.283762    0.469475    0.256556    2.373847    0.009195    0.001271    0.001042    9.834376    8.944206    0.538824    1.827779    1.619730    1.897123    0.727977    0.945218    2.035749
Iteration: 746 bestvalit: 0.680000 bestmemit:    0.276182    0.064180    0.050641    0.094339    0.907847    0.495594    0.260028    0.304671    0.360458    0.283762    0.469475    0.256556    2.373847    0.009195    0.001271    0.001042    9.834376    8.944206    0.538824    1.827779    1.619730    1.897123    0.727977    0.945218    2.035749
Iteration: 747 bestvalit: 0.680000 bestmemit:    0.276182    0.064180    0.050641    0.094339    0.907847    0.495594    0.260028    0.304671    0.360458    0.283762    0.469475    0.256556    2.373847    0.009195    0.001271    0.001042    9.834376    8.944206    0.538824    1.827779    1.619730    1.897123    0.706281    0.945218    2.035749
Iteration: 748 bestvalit: 0.680000 bestmemit:    0.276182    0.064180    0.050641    0.094339    0.907847    0.495594    0.260028    0.304671    0.360458    0.283762    0.469475    0.256556    2.373847    0.009195    0.001271    0.001042    9.834376    8.944206    0.538824    1.827779    1.619730    1.897123    0.706281    0.945218    2.035749
Iteration: 749 bestvalit: 0.680000 bestmemit:    0.276182    0.064180    0.050641    0.094339    0.907847    0.495594    0.260028    0.304671    0.360458    0.283762    0.469475    0.256556    2.373847    0.009195    0.001271    0.001042    9.834376    8.944206    0.538824    1.827779    1.619730    1.897123    0.706281    0.945218    2.035749
Iteration: 750 bestvalit: 0.680000 bestmemit:    0.276182    0.064180    0.050641    0.094339    0.907847    0.495594    0.260028    0.304671    0.360458    0.283762    0.469475    0.256556    2.373847    0.009195    0.001271    0.001042    9.834376    8.944206    0.538824    1.827779    1.619730    1.897123    0.706281    0.945218    2.035749
Iteration: 751 bestvalit: 0.680000 bestmemit:    0.276182    0.064180    0.050641    0.094339    0.907847    0.495594    0.260028    0.304671    0.360458    0.283762    0.469475    0.256556    2.373847    0.009195    0.001271    0.001042    9.834376    8.944206    0.538824    1.827779    1.619730    1.897123    0.706281    0.945218    2.035749
Iteration: 752 bestvalit: 0.680000 bestmemit:    0.276182    0.064180    0.050641    0.094339    0.907847    0.495594    0.260028    0.304671    0.360458    0.283762    0.469475    0.256556    2.373847    0.009195    0.001271    0.001042    9.834376    8.944206    0.538824    1.827779    1.619730    1.897123    0.706281    0.945218    2.035749
Iteration: 753 bestvalit: 0.680000 bestmemit:    0.276182    0.064180    0.050641    0.094339    0.907847    0.495594    0.260028    0.304671    0.360458    0.283762    0.469475    0.256556    2.373847    0.009195    0.001271    0.001042    9.834376    8.944206    0.538824    1.827779    1.619730    1.897123    0.706281    0.945218    2.035749
Iteration: 754 bestvalit: 0.680000 bestmemit:    0.276182    0.064180    0.050641    0.094339    0.907847    0.495594    0.260028    0.304671    0.360458    0.283762    0.469475    0.256556    2.373847    0.009195    0.001271    0.001042    9.834376    8.944206    0.538824    1.827779    1.619730    1.897123    0.706281    0.945218    2.035749
Iteration: 755 bestvalit: 0.680000 bestmemit:    0.276182    0.064180    0.050641    0.094339    0.907847    0.495594    0.260028    0.304671    0.360458    0.283762    0.469475    0.256556    2.373847    0.009195    0.001271    0.001042    9.834376    8.944206    0.538824    1.827779    1.619730    1.897123    0.706281    0.945218    2.035749
Iteration: 756 bestvalit: 0.680000 bestmemit:    0.276182    0.064180    0.050641    0.094339    0.907847    0.495594    0.260028    0.304671    0.360458    0.283762    0.469475    0.256556    2.373847    0.009195    0.001271    0.001042    9.834376    8.944206    0.538824    1.827779    1.619730    1.897123    0.706281    0.945218    2.035749
Iteration: 757 bestvalit: 0.680000 bestmemit:    0.276182    0.064180    0.050641    0.094339    0.907847    0.495594    0.260028    0.304671    0.360458    0.283762    0.469475    0.256556    2.373847    0.009195    0.001271    0.001042    9.834376    8.944206    0.538824    1.827779    1.619730    1.897123    0.706281    0.945218    2.035749
Iteration: 758 bestvalit: 0.680000 bestmemit:    0.276182    0.064180    0.050641    0.094339    0.907847    0.495594    0.260028    0.304671    0.360458    0.283762    0.469475    0.256556    2.373847    0.009195    0.001271    0.001042    9.834376    8.944206    0.538824    1.827779    1.619730    1.897123    0.706281    0.945218    2.035749
Iteration: 759 bestvalit: 0.680000 bestmemit:    0.276182    0.064180    0.050641    0.094339    0.907847    0.495594    0.260028    0.304671    0.360458    0.283762    0.469475    0.256556    2.373847    0.009195    0.001271    0.001042    9.834376    8.944206    0.538824    1.827779    1.619730    1.897123    0.706281    0.945218    2.035749
Iteration: 760 bestvalit: 0.680000 bestmemit:    0.276182    0.064180    0.050641    0.094339    0.907847    0.495594    0.260028    0.304671    0.360458    0.283762    0.469475    0.256556    2.373847    0.009195    0.001271    0.001042    9.834376    8.944206    0.538824    1.827779    1.619730    1.897123    0.706281    0.945218    2.035749
Iteration: 761 bestvalit: 0.680000 bestmemit:    0.276182    0.064180    0.050641    0.094339    0.907847    0.495594    0.260028    0.304671    0.360458    0.283762    0.469475    0.256556    2.373847    0.009195    0.001271    0.001042    9.834376    8.944206    0.538824    1.827779    1.619730    1.897123    0.706281    0.945218    2.035749
Iteration: 762 bestvalit: 0.680000 bestmemit:    0.276182    0.064180    0.050641    0.094339    0.907847    0.495594    0.260028    0.304671    0.360458    0.283762    0.469475    0.256556    2.373847    0.009195    0.001271    0.001042    9.834376    8.944206    0.538824    1.827779    1.619730    1.897123    0.706281    0.945218    2.035749
Iteration: 763 bestvalit: 0.680000 bestmemit:    0.276182    0.064180    0.050641    0.094339    0.907847    0.495594    0.260028    0.304671    0.360458    0.283762    0.469475    0.256556    2.373847    0.009195    0.001271    0.001042    9.834376    8.944206    0.538824    1.827779    1.619730    1.897123    0.706281    0.945218    2.035749
Iteration: 764 bestvalit: 0.680000 bestmemit:    0.276182    0.064180    0.050641    0.094339    0.907847    0.495594    0.260028    0.304671    0.360458    0.283762    0.469475    0.256556    2.373847    0.009195    0.001271    0.001042    9.834376    8.944206    0.538824    1.827779    1.619730    1.897123    0.706281    0.945218    2.035749
Iteration: 765 bestvalit: 0.680000 bestmemit:    0.276182    0.063820    0.050641    0.094339    0.907847    0.495594    0.260028    0.304671    0.360458    0.283762    0.469475    0.256556    2.373847    0.009195    0.001271    0.001042    9.834376    8.944206    0.538824    1.827779    1.619730    1.897123    0.706281    0.945218    2.035749
Iteration: 766 bestvalit: 0.680000 bestmemit:    0.276182    0.063820    0.050641    0.094339    0.907847    0.495594    0.260028    0.304671    0.360458    0.283762    0.469475    0.256556    2.373847    0.009195    0.001271    0.001042    9.834376    8.944206    0.538824    1.827779    1.619730    1.897123    0.706281    0.945218    2.035749
Iteration: 767 bestvalit: 0.680000 bestmemit:    0.276182    0.063820    0.050641    0.094339    0.907847    0.495594    0.260028    0.304671    0.360458    0.283762    0.469475    0.256556    2.373847    0.009195    0.001271    0.001042    9.834376    8.944206    0.538824    1.827779    1.619730    1.897123    0.706281    0.945218    2.035749
Iteration: 768 bestvalit: 0.680000 bestmemit:    0.276182    0.063820    0.050641    0.094339    0.907847    0.495594    0.260028    0.304671    0.360458    0.283762    0.469475    0.256556    2.373847    0.009195    0.001271    0.001042    9.834376    8.944206    0.538824    1.827779    1.619730    1.897123    0.706281    0.945218    2.035749
Iteration: 769 bestvalit: 0.680000 bestmemit:    0.276182    0.063820    0.050641    0.094339    0.907847    0.495594    0.260028    0.304671    0.360458    0.283762    0.469475    0.256556    2.373847    0.009195    0.001271    0.001042    9.834376    8.944206    0.538824    1.827779    1.619730    1.897123    0.706281    0.945218    2.035749
Iteration: 770 bestvalit: 0.680000 bestmemit:    0.276182    0.063820    0.050641    0.094339    0.907847    0.495594    0.260028    0.304671    0.360458    0.283762    0.469475    0.256556    2.373847    0.009195    0.001271    0.001042    9.834376    8.944206    0.538824    1.827779    1.619730    1.891059    0.706281    0.945218    2.035749
Iteration: 771 bestvalit: 0.680000 bestmemit:    0.276182    0.063820    0.050641    0.094339    0.907847    0.495594    0.260028    0.304671    0.360458    0.283762    0.469475    0.256556    2.373847    0.009195    0.001271    0.001042    9.834376    8.944206    0.538824    1.827779    1.619730    1.891059    0.706281    0.945218    2.035749
Iteration: 772 bestvalit: 0.680000 bestmemit:    0.276182    0.063820    0.050641    0.094339    0.907847    0.495594    0.260028    0.304671    0.360458    0.283762    0.469475    0.256556    2.373847    0.009195    0.001271    0.001042    9.834376    8.944206    0.538824    1.827779    1.619730    1.891059    0.706281    0.945218    2.035749
Iteration: 773 bestvalit: 0.680000 bestmemit:    0.276182    0.063820    0.050641    0.094339    0.907847    0.495594    0.260028    0.304671    0.360458    0.283762    0.469475    0.256556    2.373847    0.009195    0.001271    0.001042    9.834376    8.944206    0.538824    1.827779    1.619730    1.891059    0.706281    0.945218    2.035749
Iteration: 774 bestvalit: 0.680000 bestmemit:    0.276182    0.063820    0.050641    0.094339    0.907847    0.495594    0.260028    0.304671    0.360458    0.283762    0.469475    0.256556    2.373847    0.009195    0.001271    0.001042    9.834376    8.944206    0.538824    1.827779    1.619730    1.891059    0.706281    0.945218    2.035749
Iteration: 775 bestvalit: 0.680000 bestmemit:    0.276182    0.063820    0.050641    0.094339    0.907847    0.495594    0.260028    0.304671    0.360458    0.283762    0.469475    0.256556    2.373847    0.009195    0.001271    0.001042    9.834376    8.944206    0.538824    1.827779    1.619730    1.891059    0.706281    0.945218    2.035749
Iteration: 776 bestvalit: 0.680000 bestmemit:    0.276182    0.063820    0.050641    0.094339    0.907847    0.495594    0.260028    0.304671    0.360458    0.283762    0.469475    0.256556    2.373847    0.009195    0.001271    0.001042    9.834376    8.944206    0.538824    1.827779    1.619730    1.891059    0.706281    0.945218    2.035749
Iteration: 777 bestvalit: 0.680000 bestmemit:    0.276182    0.063820    0.050641    0.094339    0.907847    0.495594    0.260028    0.304671    0.360458    0.283762    0.469475    0.256556    2.373847    0.009195    0.001271    0.001042    9.834376    8.944206    0.538824    1.827779    1.619730    1.891059    0.706281    0.945218    2.035749
Iteration: 778 bestvalit: 0.680000 bestmemit:    0.276182    0.063820    0.050641    0.094339    0.907847    0.495594    0.260028    0.304671    0.360458    0.283762    0.469475    0.256556    2.373847    0.009195    0.001271    0.001042    9.834376    8.944206    0.538824    1.827779    1.619730    1.891059    0.706281    0.945218    2.035749
Iteration: 779 bestvalit: 0.680000 bestmemit:    0.276182    0.063820    0.050641    0.094339    0.907847    0.495594    0.260028    0.304671    0.360458    0.283762    0.469475    0.256556    2.373847    0.009195    0.001271    0.001042    9.834376    8.944206    0.538824    1.827779    1.619730    1.891059    0.706281    0.945218    2.035749
Iteration: 780 bestvalit: 0.680000 bestmemit:    0.276182    0.063820    0.050641    0.094339    0.907847    0.495594    0.260028    0.304671    0.360458    0.283762    0.469475    0.256556    2.373847    0.009195    0.001271    0.001042    9.834376    8.944206    0.538824    1.827779    1.619730    1.891059    0.706281    0.945218    2.035749
Iteration: 781 bestvalit: 0.680000 bestmemit:    0.276182    0.063820    0.050641    0.094339    0.907847    0.495594    0.260028    0.304671    0.360458    0.283762    0.469475    0.256556    2.373847    0.009195    0.001271    0.001042    9.834376    8.944206    0.538824    1.827779    1.619730    1.891059    0.706281    0.945218    2.035749
Iteration: 782 bestvalit: 0.680000 bestmemit:    0.276182    0.063820    0.050641    0.094339    0.907847    0.495594    0.260028    0.304671    0.360458    0.283762    0.469475    0.256556    2.373847    0.009195    0.001271    0.001042    9.834376    8.944206    0.538824    1.827779    1.619730    1.891059    0.706281    0.945218    2.035749
Iteration: 783 bestvalit: 0.680000 bestmemit:    0.276182    0.063820    0.050641    0.094339    0.907847    0.495594    0.260028    0.304671    0.360458    0.283762    0.469475    0.256556    2.373847    0.009195    0.001271    0.001042    9.834376    8.944206    0.538824    1.827779    1.619730    1.891059    0.706281    0.945218    2.035749
Iteration: 784 bestvalit: 0.680000 bestmemit:    0.276182    0.063820    0.050641    0.094339    0.907847    0.495594    0.260028    0.304671    0.360458    0.283762    0.469475    0.256556    2.373847    0.009195    0.001271    0.001042    9.834376    8.944206    0.538824    1.827779    1.619730    1.891059    0.706281    0.945218    2.035749
Iteration: 785 bestvalit: 0.680000 bestmemit:    0.276182    0.063820    0.050641    0.094339    0.907847    0.495594    0.260028    0.304671    0.360458    0.283762    0.469475    0.256556    2.373847    0.009195    0.001271    0.001042    9.834376    8.944206    0.538824    1.827779    1.619730    1.891059    0.706281    0.945218    2.035749
Iteration: 786 bestvalit: 0.680000 bestmemit:    0.276182    0.063820    0.050641    0.094339    0.907847    0.495594    0.260028    0.304671    0.360458    0.283762    0.469475    0.256556    2.373847    0.009195    0.001271    0.001042    9.893701    8.944206    0.538824    1.827779    1.619730    1.891059    0.706281    0.945218    2.035749
Iteration: 787 bestvalit: 0.680000 bestmemit:    0.276182    0.063820    0.050641    0.094339    0.907847    0.495594    0.260028    0.304671    0.360458    0.283762    0.469475    0.256556    2.373847    0.009195    0.001271    0.001042    9.893701    8.944206    0.538824    1.827779    1.619730    1.891059    0.706281    0.945218    2.035749
Iteration: 788 bestvalit: 0.680000 bestmemit:    0.276182    0.063820    0.050641    0.094339    0.907847    0.495594    0.260028    0.304671    0.360458    0.283762    0.469475    0.256556    2.373847    0.009195    0.001271    0.001042    9.893701    8.944206    0.538824    1.827779    1.619730    1.891059    0.706281    0.945218    2.035749
Iteration: 789 bestvalit: 0.680000 bestmemit:    0.276182    0.063820    0.050641    0.094339    0.907847    0.495594    0.260028    0.304671    0.360458    0.283762    0.469475    0.256556    2.373847    0.009195    0.001271    0.001042    9.893701    8.944206    0.538824    1.827779    1.619730    1.891059    0.706281    0.945218    2.035749
Iteration: 790 bestvalit: 0.680000 bestmemit:    0.276182    0.063820    0.050641    0.094339    0.907847    0.495594    0.260028    0.304671    0.360458    0.283762    0.469475    0.256556    2.373847    0.009195    0.001271    0.001042    9.893701    8.944206    0.538824    1.827779    1.619730    1.891059    0.706281    0.945218    2.035749
Iteration: 791 bestvalit: 0.680000 bestmemit:    0.276182    0.063820    0.050641    0.094339    0.907847    0.495594    0.260028    0.304671    0.360458    0.283762    0.469475    0.256556    2.373847    0.009195    0.001271    0.001042    9.893701    8.944206    0.538824    1.827779    1.619730    1.891059    0.706281    0.945218    2.035749
Iteration: 792 bestvalit: 0.680000 bestmemit:    0.276182    0.063820    0.050641    0.094339    0.907847    0.495594    0.260028    0.304671    0.360458    0.283762    0.469475    0.256556    2.373847    0.009195    0.001271    0.001042    9.893701    8.944206    0.538824    1.827779    1.619730    1.891059    0.706281    0.945218    2.035749
Iteration: 793 bestvalit: 0.680000 bestmemit:    0.276182    0.063820    0.050641    0.094339    0.907847    0.495594    0.260028    0.304671    0.360458    0.283762    0.469475    0.256556    2.373847    0.009195    0.001271    0.001042    9.893701    8.944206    0.538824    1.827779    1.619730    1.891059    0.706281    0.945218    2.035749
Iteration: 794 bestvalit: 0.680000 bestmemit:    0.276182    0.063820    0.050641    0.094339    0.907847    0.495594    0.260028    0.304671    0.360458    0.283762    0.469475    0.256556    2.373847    0.009195    0.001271    0.001042    9.893701    8.944206    0.538824    1.827779    1.619730    1.891059    0.706281    0.945218    2.035749
Iteration: 795 bestvalit: 0.680000 bestmemit:    0.276182    0.063820    0.050641    0.094339    0.907847    0.495594    0.260028    0.304671    0.360458    0.283762    0.469475    0.256556    2.373847    0.009195    0.001271    0.001042    9.893701    8.944206    0.538824    1.827779    1.619730    1.891059    0.706281    0.945218    2.035749
Iteration: 796 bestvalit: 0.680000 bestmemit:    0.276182    0.063820    0.050641    0.094339    0.907847    0.495594    0.260028    0.304671    0.360458    0.283762    0.469475    0.256556    2.373847    0.009195    0.001271    0.001042    9.893701    8.944206    0.538824    1.827779    1.619730    1.891059    0.706281    0.945218    2.035749
Iteration: 797 bestvalit: 0.680000 bestmemit:    0.276182    0.063820    0.050641    0.094339    0.907847    0.495594    0.260028    0.304671    0.360458    0.283762    0.469475    0.256556    2.373847    0.009195    0.001271    0.001042    9.893701    9.169713    0.538824    1.827779    1.619730    1.891059    0.706281    0.945218    2.035749
Iteration: 798 bestvalit: 0.680000 bestmemit:    0.276182    0.063820    0.050641    0.094339    0.907847    0.495594    0.260028    0.304671    0.360458    0.283762    0.469475    0.256556    2.373847    0.009195    0.001271    0.001042    9.893701    9.169713    0.538824    1.827779    1.619730    1.901578    0.706281    0.945218    2.035749
Iteration: 799 bestvalit: 0.680000 bestmemit:    0.276182    0.063820    0.050641    0.094339    0.907847    0.495594    0.260028    0.304671    0.360458    0.283762    0.469475    0.256556    2.373847    0.009195    0.001271    0.001042    9.893701    9.169713    0.538824    1.827779    1.619730    1.901578    0.706281    0.945218    2.035749
Iteration: 800 bestvalit: 0.680000 bestmemit:    0.276182    0.063820    0.050641    0.094339    0.907847    0.495594    0.260028    0.304671    0.360458    0.283762    0.469475    0.256556    2.373847    0.009195    0.001271    0.001042    9.893701    9.169713    0.538824    1.827779    1.619730    1.901578    0.706281    0.945218    2.035749
Iteration: 801 bestvalit: 0.680000 bestmemit:    0.276182    0.063820    0.050641    0.094339    0.907847    0.495594    0.260028    0.304671    0.360458    0.283762    0.469475    0.256556    2.373847    0.009195    0.001271    0.001042    9.893701    9.169713    0.538824    1.827779    1.619730    1.901578    0.706281    0.945218    2.035749
Iteration: 802 bestvalit: 0.680000 bestmemit:    0.276182    0.063820    0.050641    0.094339    0.968508    0.495594    0.260028    0.304671    0.360458    0.283762    0.469475    0.256556    2.373847    0.009195    0.001271    0.001042    9.893701    9.169713    0.538824    1.827779    1.619730    1.901578    0.706281    0.945218    2.035749
Iteration: 803 bestvalit: 0.680000 bestmemit:    0.276182    0.063820    0.050641    0.094339    0.968508    0.495594    0.260028    0.304671    0.360458    0.283762    0.469475    0.256556    2.373847    0.009195    0.001271    0.001042    9.893701    9.169713    0.538824    1.827779    1.619730    1.901578    0.706281    0.945218    2.035749
Iteration: 804 bestvalit: 0.680000 bestmemit:    0.276182    0.063820    0.050641    0.094339    0.968508    0.495594    0.260028    0.304671    0.360458    0.283762    0.469475    0.256556    2.373847    0.009195    0.001271    0.001042    9.893701    9.169713    0.538824    1.827779    1.619730    1.725725    0.701475    0.945218    2.035749
Iteration: 805 bestvalit: 0.680000 bestmemit:    0.276182    0.063820    0.050641    0.094339    0.968508    0.495594    0.260028    0.304671    0.360458    0.283762    0.469475    0.256556    2.373847    0.009195    0.001271    0.001042    9.893701    9.169713    0.538824    1.827779    1.619730    1.725725    0.701475    0.945218    2.035749
Iteration: 806 bestvalit: 0.680000 bestmemit:    0.276182    0.063820    0.050641    0.094339    0.968508    0.495594    0.260028    0.304671    0.360458    0.283762    0.469475    0.256556    2.373847    0.009195    0.001271    0.001042    9.893701    9.169713    0.538824    1.827779    1.619730    1.725725    0.701475    0.945218    2.035749
Iteration: 807 bestvalit: 0.680000 bestmemit:    0.276182    0.063820    0.050641    0.094339    0.968508    0.495594    0.260028    0.304671    0.360458    0.283762    0.469475    0.256556    2.373847    0.009195    0.001271    0.001042    9.893701    9.169713    0.538824    1.827779    1.619730    1.725725    0.701475    0.945218    2.035749
Iteration: 808 bestvalit: 0.680000 bestmemit:    0.276182    0.063820    0.050641    0.094339    0.968508    0.495594    0.260028    0.304671    0.360458    0.283762    0.469475    0.256556    2.373847    0.009195    0.001271    0.001042    9.893701    9.169713    0.538824    1.827779    1.619730    1.725725    0.701475    0.945218    2.035749
Iteration: 809 bestvalit: 0.680000 bestmemit:    0.276182    0.063820    0.050641    0.094339    0.968508    0.495594    0.260028    0.304671    0.360458    0.283762    0.469475    0.256556    2.373847    0.009195    0.001271    0.001042    9.893701    9.169713    0.538824    1.827779    1.619730    1.725725    0.701475    0.945218    2.035749
Iteration: 810 bestvalit: 0.670000 bestmemit:    0.276182    0.065456    0.050641    0.094339    0.968508    0.495594    0.260028    0.304671    0.360458    0.283762    0.469475    0.256556    2.373847    0.009195    0.001271    0.001042    9.893701    9.169713    0.538824    1.827779    1.619730    1.725725    0.701475    0.945218    2.035749
Iteration: 811 bestvalit: 0.670000 bestmemit:    0.276182    0.065456    0.050641    0.094339    0.968508    0.495594    0.260028    0.304671    0.360458    0.283762    0.469475    0.256556    2.373847    0.009195    0.001271    0.001042    9.893701    9.169713    0.538824    1.827779    1.619730    1.725725    0.701475    0.945218    2.035749
Iteration: 812 bestvalit: 0.670000 bestmemit:    0.276182    0.065456    0.050641    0.094339    0.968508    0.495594    0.260028    0.304671    0.360458    0.283762    0.469475    0.256556    2.373847    0.009195    0.001271    0.001042    9.893701    9.169713    0.538824    1.827779    1.619730    1.725725    0.701475    0.945218    2.035749
Iteration: 813 bestvalit: 0.670000 bestmemit:    0.276182    0.065456    0.050641    0.094339    0.968508    0.495594    0.260028    0.304671    0.360458    0.283762    0.469475    0.256556    2.373847    0.009195    0.001271    0.001042    9.893701    9.169713    0.538824    1.827779    1.619730    1.725725    0.701475    0.945218    2.035749
Iteration: 814 bestvalit: 0.670000 bestmemit:    0.276182    0.065456    0.050641    0.094339    0.968508    0.495594    0.260028    0.304671    0.360458    0.283762    0.469475    0.256556    2.373847    0.009195    0.001271    0.001042    9.893701    9.169713    0.538824    1.827779    1.619730    1.725725    0.701475    0.945218    2.035749
Iteration: 815 bestvalit: 0.670000 bestmemit:    0.276182    0.065456    0.050641    0.094339    0.968508    0.495594    0.260028    0.304671    0.360458    0.283762    0.469475    0.256556    2.373847    0.009195    0.001271    0.001042    9.893701    9.169713    0.538824    1.827779    1.619730    1.725725    0.701475    0.945218    2.035749
Iteration: 816 bestvalit: 0.670000 bestmemit:    0.276182    0.065456    0.050641    0.094339    0.968508    0.495594    0.260028    0.304671    0.360458    0.283762    0.469475    0.256556    2.373847    0.009195    0.001271    0.001042    9.893701    9.169713    0.538824    1.827779    1.619730    1.725725    0.701475    0.945218    2.035749
Iteration: 817 bestvalit: 0.670000 bestmemit:    0.276182    0.065456    0.050641    0.094339    0.968508    0.495594    0.260028    0.304671    0.360458    0.283762    0.469475    0.256556    2.373847    0.009195    0.001271    0.001042    9.893701    9.169713    0.538824    1.827779    1.619730    1.725725    0.701475    0.945218    2.035749
Iteration: 818 bestvalit: 0.670000 bestmemit:    0.276182    0.065456    0.050641    0.094339    0.968508    0.495594    0.260028    0.304671    0.360458    0.283762    0.469475    0.256556    2.373847    0.009195    0.001271    0.001042    9.893701    9.169713    0.538824    1.827779    1.619730    1.725725    0.701475    0.945218    2.035749
Iteration: 819 bestvalit: 0.670000 bestmemit:    0.276182    0.065456    0.050641    0.094339    0.968508    0.495594    0.260028    0.304671    0.360458    0.283762    0.469475    0.256556    2.373847    0.009195    0.001271    0.001042    9.893701    9.169713    0.538824    1.827779    1.619730    1.725725    0.701475    0.945218    2.035749
Iteration: 820 bestvalit: 0.670000 bestmemit:    0.276182    0.065456    0.050641    0.094339    0.968508    0.495594    0.260028    0.304671    0.360458    0.283762    0.469475    0.256556    2.373847    0.009195    0.001271    0.001042    9.893701    9.169713    0.538824    1.827779    1.619730    1.725725    0.701475    0.945218    2.035749
Iteration: 821 bestvalit: 0.670000 bestmemit:    0.276182    0.065456    0.050641    0.094339    0.968508    0.495594    0.260028    0.304671    0.360458    0.283762    0.469475    0.256556    2.373847    0.009195    0.001271    0.001042    9.893701    9.169713    0.538824    1.827779    1.619730    1.725725    0.701475    0.945218    2.035749
Iteration: 822 bestvalit: 0.670000 bestmemit:    0.276182    0.065456    0.050641    0.094339    0.968508    0.495594    0.260028    0.304671    0.360458    0.283762    0.469475    0.256556    2.373847    0.009195    0.001271    0.001042    9.893701    9.169713    0.538824    1.827779    1.619730    1.725725    0.701475    0.945218    2.035749
Iteration: 823 bestvalit: 0.670000 bestmemit:    0.276182    0.065456    0.050641    0.094339    0.968508    0.495594    0.260028    0.304671    0.360458    0.283762    0.469475    0.256556    2.373847    0.009195    0.001271    0.001042    9.893701    9.169713    0.538824    1.827779    1.619730    1.725725    0.701475    0.945218    2.035749
Iteration: 824 bestvalit: 0.670000 bestmemit:    0.276182    0.065456    0.050641    0.094339    0.968508    0.495594    0.260028    0.304671    0.360458    0.283762    0.469475    0.256556    2.373847    0.009195    0.001271    0.001042    9.893701    9.169713    0.538824    1.827779    1.619730    1.730175    0.710200    0.945218    2.035749
Iteration: 825 bestvalit: 0.670000 bestmemit:    0.276182    0.065456    0.050641    0.094339    0.968508    0.495594    0.260028    0.304671    0.360458    0.283762    0.469475    0.256556    2.373847    0.009195    0.001271    0.001042    9.893701    9.169713    0.538824    1.827779    1.619730    1.730175    0.710200    0.945218    2.035749
Iteration: 826 bestvalit: 0.670000 bestmemit:    0.276182    0.065456    0.050641    0.094339    0.968508    0.495594    0.260028    0.304671    0.360458    0.283762    0.469475    0.256556    2.373847    0.009195    0.001271    0.001042    9.893701    9.169713    0.538824    1.827779    1.619730    1.730175    0.710200    0.945218    2.035749
Iteration: 827 bestvalit: 0.670000 bestmemit:    0.276182    0.065456    0.050641    0.094339    0.968508    0.495594    0.260028    0.304671    0.360458    0.283762    0.469475    0.256556    2.373847    0.009195    0.001271    0.001042    9.893701    9.169713    0.489866    1.820358    1.619730    1.730175    0.710200    0.945218    2.035749
Iteration: 828 bestvalit: 0.670000 bestmemit:    0.276182    0.065456    0.050641    0.094339    0.968508    0.495594    0.260028    0.304671    0.360458    0.283762    0.469475    0.256556    2.373847    0.009195    0.001271    0.001042    9.893701    9.169713    0.489866    1.820358    1.619730    1.730175    0.710200    0.945218    2.035749
Iteration: 829 bestvalit: 0.670000 bestmemit:    0.276182    0.065456    0.050641    0.094339    0.968508    0.495594    0.260028    0.304671    0.360458    0.283762    0.469475    0.256556    2.373847    0.009195    0.001271    0.001042    9.893701    9.169713    0.489866    1.820358    1.619730    1.730175    0.710200    0.945218    2.035749
Iteration: 830 bestvalit: 0.670000 bestmemit:    0.276182    0.065456    0.050641    0.094339    0.968508    0.495594    0.260028    0.304671    0.360458    0.283762    0.469475    0.256556    2.373847    0.009195    0.001271    0.001042    9.893701    9.169713    0.489866    1.820358    1.619730    1.730175    0.710200    0.945218    2.035749
Iteration: 831 bestvalit: 0.670000 bestmemit:    0.276182    0.065456    0.050641    0.094339    0.968508    0.495594    0.260028    0.304671    0.360458    0.283762    0.469475    0.256556    2.373847    0.009195    0.001271    0.001042    9.893701    9.169713    0.417443    1.824306    1.619730    1.730175    0.710200    0.945218    2.035749
Iteration: 832 bestvalit: 0.670000 bestmemit:    0.276182    0.065456    0.050641    0.094339    0.968508    0.495594    0.260028    0.304671    0.360458    0.283762    0.469475    0.256556    2.373847    0.009195    0.001271    0.001042    9.893701    9.169713    0.417443    1.824306    1.619730    1.730175    0.710200    0.945218    2.035749
Iteration: 833 bestvalit: 0.670000 bestmemit:    0.276182    0.065456    0.050641    0.094339    0.968508    0.495594    0.260028    0.304671    0.360458    0.283762    0.469475    0.256556    2.373847    0.009195    0.001271    0.001042    9.893701    9.169713    0.417443    1.824306    1.619730    1.730175    0.710200    0.945218    2.035749
Iteration: 834 bestvalit: 0.670000 bestmemit:    0.276182    0.065456    0.050641    0.094339    0.968508    0.495594    0.260028    0.304671    0.360458    0.283762    0.469475    0.256556    2.373847    0.009195    0.001271    0.001042    9.893701    9.169713    0.417443    1.824306    1.619730    1.730175    0.710200    0.945218    2.035749
Iteration: 835 bestvalit: 0.670000 bestmemit:    0.276182    0.065456    0.050641    0.094339    0.968508    0.495594    0.260028    0.304671    0.360458    0.283762    0.469475    0.256556    2.373847    0.009195    0.001271    0.001042    9.893701    9.169713    0.417443    1.824306    1.619730    1.730175    0.710200    0.945218    2.035749
Iteration: 836 bestvalit: 0.670000 bestmemit:    0.276182    0.065456    0.050641    0.094339    0.968508    0.495594    0.260028    0.304671    0.360458    0.283762    0.469475    0.256556    2.373847    0.009195    0.001271    0.001042    9.893701    9.169713    0.417443    1.824306    1.619730    1.730175    0.710200    0.945218    2.035749
Iteration: 837 bestvalit: 0.670000 bestmemit:    0.276182    0.065456    0.050641    0.094339    0.968508    0.495594    0.260028    0.304671    0.360458    0.283762    0.469475    0.256556    2.373847    0.009195    0.001271    0.001042    9.893701    9.169713    0.417443    1.824306    1.619730    1.730175    0.710200    0.945218    2.035749
Iteration: 838 bestvalit: 0.670000 bestmemit:    0.276182    0.065456    0.050641    0.094339    0.968508    0.495594    0.260028    0.303425    0.360458    0.283762    0.469475    0.256556    2.373847    0.009195    0.001271    0.001042    9.893701    9.169713    0.417443    1.824306    1.619730    1.730175    0.710200    0.945218    2.035749
Iteration: 839 bestvalit: 0.670000 bestmemit:    0.276182    0.065456    0.050641    0.094339    0.968508    0.495594    0.260028    0.303425    0.360458    0.283762    0.469475    0.253441    2.373847    0.009195    0.001271    0.001042    9.893701    9.169713    0.417443    1.824306    1.619730    1.730175    0.710200    0.945218    2.035749
Iteration: 840 bestvalit: 0.670000 bestmemit:    0.276182    0.065456    0.050641    0.094339    0.968508    0.495594    0.260028    0.303425    0.360458    0.283762    0.469475    0.253441    2.373847    0.009195    0.001271    0.001042    9.893701    9.169713    0.417443    1.824306    1.619730    1.730175    0.710200    0.945218    2.035749
Iteration: 841 bestvalit: 0.670000 bestmemit:    0.276182    0.065456    0.050641    0.094339    0.968508    0.495594    0.260028    0.303425    0.360458    0.283762    0.469475    0.253441    2.373847    0.009195    0.001271    0.001042    9.893701    9.169713    0.417443    1.824306    1.619730    1.730175    0.710200    0.945218    2.035749
Iteration: 842 bestvalit: 0.670000 bestmemit:    0.276182    0.065456    0.050641    0.094339    0.968508    0.495594    0.260028    0.303425    0.360458    0.283762    0.469475    0.253441    2.373847    0.009195    0.001271    0.001042    9.783913    9.169713    0.417443    1.824306    1.619730    1.730175    0.710200    0.945218    2.035749
Iteration: 843 bestvalit: 0.670000 bestmemit:    0.276182    0.065456    0.050641    0.094339    0.968508    0.495594    0.260028    0.303425    0.360458    0.283762    0.469475    0.253441    2.373847    0.009195    0.001271    0.001042    9.783913    9.169713    0.417443    1.824306    1.619730    1.730175    0.710200    0.945218    2.035749
Iteration: 844 bestvalit: 0.670000 bestmemit:    0.276182    0.065456    0.050641    0.094339    0.968508    0.495594    0.260028    0.303425    0.360458    0.283762    0.469475    0.253441    2.373847    0.009195    0.001271    0.001042    9.783913    9.169713    0.417443    1.824306    1.619730    1.730175    0.710200    0.945218    2.035749
Iteration: 845 bestvalit: 0.670000 bestmemit:    0.276182    0.065456    0.050641    0.094339    0.968508    0.495594    0.260028    0.303425    0.360458    0.283762    0.469475    0.253441    2.373847    0.009195    0.001271    0.001042    9.783913    9.169713    0.417443    1.824306    1.619730    1.730175    0.710200    0.945218    2.035749
Iteration: 846 bestvalit: 0.670000 bestmemit:    0.276182    0.065456    0.050641    0.094339    0.968508    0.495594    0.260028    0.303425    0.360458    0.283762    0.469475    0.253441    2.373847    0.009195    0.001271    0.001042    9.783913    9.169713    0.417443    1.824306    1.619730    1.730175    0.710200    0.945218    2.035749
Iteration: 847 bestvalit: 0.670000 bestmemit:    0.276182    0.065456    0.050641    0.094339    0.968508    0.495594    0.260028    0.303425    0.360458    0.283762    0.469475    0.253441    2.373847    0.009195    0.001271    0.001042    9.783913    9.169713    0.417443    1.824306    1.619730    1.730175    0.710200    0.945218    2.035749
Iteration: 848 bestvalit: 0.670000 bestmemit:    0.276182    0.065456    0.050641    0.094339    0.968508    0.495594    0.260028    0.303425    0.360458    0.283762    0.469475    0.253441    2.373847    0.009195    0.001271    0.001042    9.783913    9.169713    0.417443    1.824306    1.619730    1.730175    0.710200    0.945218    2.035749
Iteration: 849 bestvalit: 0.670000 bestmemit:    0.276182    0.065456    0.050641    0.094339    0.968508    0.495594    0.260028    0.303425    0.360458    0.283762    0.469475    0.253441    2.373847    0.009195    0.001271    0.001042    9.783913    9.169713    0.417443    1.824306    1.619730    1.730175    0.710200    0.945218    2.035749
Iteration: 850 bestvalit: 0.670000 bestmemit:    0.276182    0.065456    0.050641    0.094339    0.968508    0.495594    0.260028    0.303425    0.360458    0.283762    0.469475    0.253441    2.373847    0.009195    0.001271    0.001042    9.783913    9.169713    0.417443    1.824306    1.619730    1.730175    0.710200    0.945218    2.035749
Iteration: 851 bestvalit: 0.670000 bestmemit:    0.276182    0.065456    0.050641    0.094339    0.968508    0.495594    0.260028    0.303425    0.360458    0.283762    0.469475    0.253441    2.373847    0.009195    0.001271    0.001042    9.783913    9.169713    0.417443    1.824306    1.619730    1.730175    0.710200    0.945218    2.035749
Iteration: 852 bestvalit: 0.670000 bestmemit:    0.276182    0.065456    0.050641    0.094339    0.968508    0.495594    0.260028    0.303425    0.360458    0.283762    0.469475    0.253441    2.373847    0.009195    0.001271    0.001042    9.783913    9.169713    0.417443    1.824306    1.619730    1.730175    0.710200    0.945218    2.035749
Iteration: 853 bestvalit: 0.670000 bestmemit:    0.276182    0.065456    0.050641    0.094339    0.968508    0.495594    0.260028    0.303425    0.360458    0.283762    0.469475    0.253441    2.373847    0.009195    0.001271    0.001042    9.783913    9.169713    0.417443    1.824306    1.619730    1.730175    0.710200    0.945218    2.035749
Iteration: 854 bestvalit: 0.670000 bestmemit:    0.276182    0.065456    0.050641    0.094339    0.968508    0.495594    0.260028    0.303425    0.360458    0.283762    0.469475    0.253441    2.373847    0.009195    0.001271    0.001042    9.783913    9.169713    0.417443    1.824306    1.619730    1.730175    0.710200    0.945218    2.035749
Iteration: 855 bestvalit: 0.670000 bestmemit:    0.276182    0.065456    0.050641    0.094339    0.968508    0.495594    0.260028    0.303425    0.360458    0.283762    0.469475    0.253441    2.373847    0.009195    0.001271    0.001042    9.783913    9.169713    0.417443    1.824306    1.619730    1.730175    0.710200    0.945218    2.035749
Iteration: 856 bestvalit: 0.670000 bestmemit:    0.276182    0.065456    0.050641    0.094339    0.968508    0.495594    0.260028    0.303425    0.360458    0.283762    0.469475    0.253441    2.373847    0.009195    0.001271    0.001042    9.783913    9.169713    0.417443    1.824306    1.619730    1.730175    0.710200    0.945218    2.035749
Iteration: 857 bestvalit: 0.670000 bestmemit:    0.276182    0.065456    0.050641    0.094339    0.968508    0.495594    0.260028    0.303425    0.360458    0.283762    0.469475    0.253441    2.373847    0.009195    0.001271    0.001042    9.783913    9.169713    0.417443    1.824306    1.619730    1.730175    0.710200    0.945218    2.035749
Iteration: 858 bestvalit: 0.670000 bestmemit:    0.276182    0.065456    0.050641    0.094339    0.968508    0.495594    0.260028    0.303425    0.360458    0.283762    0.469475    0.253441    2.373847    0.009195    0.001271    0.001042    9.783913    9.169713    0.417443    1.824306    1.619730    1.730175    0.710200    0.945218    2.035749
Iteration: 859 bestvalit: 0.670000 bestmemit:    0.276182    0.065456    0.050641    0.094339    0.968508    0.495594    0.260028    0.303425    0.360458    0.283762    0.469475    0.253441    2.373847    0.009195    0.001271    0.001042    9.783913    9.169713    0.417443    1.824306    1.619730    1.730175    0.710200    0.945218    2.035749
Iteration: 860 bestvalit: 0.670000 bestmemit:    0.276182    0.065456    0.050641    0.094339    0.968508    0.495594    0.260028    0.303425    0.360458    0.283762    0.469475    0.253441    2.373847    0.009195    0.001271    0.001042    9.783913    9.169713    0.417443    1.824306    1.619730    1.730175    0.710200    0.945218    2.035749
Iteration: 861 bestvalit: 0.670000 bestmemit:    0.276182    0.065456    0.050641    0.094339    0.968508    0.495594    0.260028    0.303425    0.360458    0.283762    0.469475    0.253441    2.373847    0.009195    0.001271    0.001042    9.783913    9.169713    0.417443    1.824306    1.619730    1.730175    0.710200    0.945218    2.035749
Iteration: 862 bestvalit: 0.670000 bestmemit:    0.276182    0.065456    0.050641    0.094339    0.968508    0.495594    0.260028    0.303425    0.360458    0.283762    0.469475    0.253441    2.373847    0.009195    0.001271    0.001042    9.783913    9.169713    0.417443    1.824306    1.619730    1.730175    0.710200    0.945218    2.035749
Iteration: 863 bestvalit: 0.670000 bestmemit:    0.276182    0.065456    0.050641    0.094339    0.968508    0.495594    0.260028    0.303425    0.360458    0.283762    0.469475    0.253441    2.373847    0.009195    0.001271    0.001042    9.783913    9.169713    0.417443    1.824306    1.619730    1.730175    0.710200    0.945218    2.035749
Iteration: 864 bestvalit: 0.670000 bestmemit:    0.276182    0.065456    0.050641    0.094339    0.968508    0.495594    0.260028    0.303425    0.360458    0.283762    0.469475    0.253441    2.373847    0.009195    0.001271    0.001042    9.783913    9.169713    0.417443    1.824306    1.619730    1.730175    0.710200    0.945218    2.035749
Iteration: 865 bestvalit: 0.670000 bestmemit:    0.276182    0.065456    0.050641    0.094339    0.968508    0.495594    0.260028    0.303425    0.360458    0.283762    0.469475    0.253441    2.373847    0.009195    0.001271    0.001042    9.783913    9.169713    0.417443    1.824306    1.619730    1.730175    0.710200    0.945218    2.035749
Iteration: 866 bestvalit: 0.670000 bestmemit:    0.276182    0.065456    0.050641    0.094339    0.968508    0.495594    0.260028    0.303425    0.360458    0.283762    0.469475    0.253441    2.373847    0.009195    0.001271    0.001042    9.783913    9.169713    0.417443    1.824306    1.619730    1.730175    0.710200    0.945218    2.035749
Iteration: 867 bestvalit: 0.670000 bestmemit:    0.276182    0.065456    0.050641    0.094339    0.968508    0.495594    0.260028    0.303425    0.360458    0.283762    0.469475    0.253441    2.373847    0.009195    0.001271    0.001042    9.783913    9.169713    0.417443    1.824306    1.619730    1.730175    0.710200    0.945218    2.035749
Iteration: 868 bestvalit: 0.670000 bestmemit:    0.276182    0.065456    0.050641    0.094339    0.968508    0.495594    0.260028    0.303425    0.360458    0.283762    0.469475    0.253441    2.373847    0.009195    0.001271    0.001042    9.783913    9.169713    0.417443    1.824306    1.619730    1.730175    0.710200    0.945218    2.035749
Iteration: 869 bestvalit: 0.670000 bestmemit:    0.276182    0.065456    0.050641    0.094339    0.968508    0.495594    0.260028    0.303425    0.360458    0.283762    0.469475    0.253441    2.373847    0.009195    0.001271    0.001042    9.783913    9.169713    0.417443    1.824306    1.619730    1.730175    0.710200    0.945218    2.035749
Iteration: 870 bestvalit: 0.670000 bestmemit:    0.276182    0.065456    0.050641    0.094339    0.968508    0.495594    0.260028    0.303425    0.360458    0.283762    0.469475    0.253441    2.373847    0.009195    0.001271    0.001042    9.783913    9.169713    0.417443    1.824306    1.619730    1.730175    0.710200    0.945218    2.035749
Iteration: 871 bestvalit: 0.670000 bestmemit:    0.276182    0.065456    0.050641    0.094339    0.968508    0.495594    0.260028    0.303425    0.360458    0.283762    0.469475    0.253441    2.373847    0.009195    0.001271    0.001042    9.783913    9.169713    0.417443    1.824306    1.619730    1.730175    0.710200    0.945218    2.035749
Iteration: 872 bestvalit: 0.670000 bestmemit:    0.276182    0.065456    0.050641    0.094339    0.968508    0.495594    0.260028    0.303425    0.360458    0.283762    0.469475    0.253441    2.373847    0.009195    0.001271    0.001042    9.783913    9.169713    0.417443    1.824306    1.619730    1.730175    0.710200    0.945218    2.035749
Iteration: 873 bestvalit: 0.670000 bestmemit:    0.276182    0.065456    0.050641    0.094339    0.968508    0.495594    0.260028    0.303425    0.360458    0.283762    0.469475    0.253441    2.373847    0.009195    0.001271    0.001042    9.783913    9.169713    0.417443    1.824306    1.619730    1.730175    0.710200    0.945218    2.035749
Iteration: 874 bestvalit: 0.670000 bestmemit:    0.276182    0.065456    0.050641    0.094339    0.968508    0.495594    0.260028    0.303425    0.360458    0.283762    0.469475    0.253441    2.373847    0.009195    0.001271    0.001042    9.783913    9.169713    0.417443    1.824306    1.619730    1.730175    0.710200    0.945218    2.035749
Iteration: 875 bestvalit: 0.670000 bestmemit:    0.276182    0.065456    0.050641    0.094339    0.968508    0.495594    0.260028    0.303425    0.360458    0.283762    0.469475    0.253441    2.373847    0.009195    0.001271    0.001042    9.783913    9.169713    0.417443    1.824306    1.619730    1.730175    0.710200    0.945218    2.035749
Iteration: 876 bestvalit: 0.670000 bestmemit:    0.276182    0.065456    0.050641    0.094339    0.968508    0.495594    0.260028    0.303425    0.360458    0.283762    0.469475    0.253441    2.373847    0.009195    0.001271    0.001042    9.783913    9.169713    0.417443    1.824306    1.619730    1.730175    0.710200    0.945218    2.035749
Iteration: 877 bestvalit: 0.670000 bestmemit:    0.276182    0.065456    0.050641    0.094339    0.968508    0.495594    0.260028    0.303425    0.360458    0.283762    0.469475    0.253441    2.373847    0.009195    0.001271    0.001042    9.783913    9.169713    0.417443    1.824306    1.619730    1.730175    0.710200    0.945218    2.035749
Iteration: 878 bestvalit: 0.670000 bestmemit:    0.276182    0.065456    0.050641    0.094339    0.968508    0.495594    0.260028    0.303425    0.360458    0.283762    0.469475    0.253441    2.373847    0.009195    0.001271    0.001042    9.783913    9.169713    0.417443    1.824306    1.619730    1.730175    0.710200    0.945218    2.035749
Iteration: 879 bestvalit: 0.670000 bestmemit:    0.276182    0.065456    0.050641    0.094339    0.968508    0.495594    0.260028    0.303425    0.360458    0.283762    0.469475    0.253441    2.373847    0.009195    0.001271    0.001042    9.783913    9.169713    0.417443    1.824306    1.619730    1.730175    0.710200    0.945218    2.035749
Iteration: 880 bestvalit: 0.670000 bestmemit:    0.276182    0.065456    0.050641    0.094339    0.968508    0.495594    0.260028    0.303425    0.360458    0.283762    0.469475    0.253441    2.373847    0.009195    0.001271    0.001042    9.783913    9.169713    0.417443    1.824306    1.619730    1.730175    0.710200    0.945218    2.035749
Iteration: 881 bestvalit: 0.670000 bestmemit:    0.276182    0.065456    0.050641    0.094339    0.968508    0.495594    0.260028    0.303425    0.360458    0.283762    0.469475    0.253441    2.373847    0.009195    0.001271    0.001042    9.783913    9.169713    0.417443    1.824306    1.619730    1.730175    0.710200    0.945218    2.035749
Iteration: 882 bestvalit: 0.670000 bestmemit:    0.276182    0.065456    0.050641    0.094339    0.968508    0.495594    0.260028    0.303425    0.360458    0.283762    0.469475    0.253441    2.373847    0.009195    0.001271    0.001042    9.783913    9.169713    0.417443    1.824306    1.619730    1.730175    0.710200    0.945218    2.035749
Iteration: 883 bestvalit: 0.670000 bestmemit:    0.276182    0.065456    0.050641    0.094339    0.968508    0.495594    0.260028    0.303425    0.360458    0.283762    0.469475    0.253441    2.373847    0.009195    0.001271    0.001042    9.783913    9.169713    0.417443    1.824306    1.619730    1.730175    0.710200    0.941243    2.035749
Iteration: 884 bestvalit: 0.670000 bestmemit:    0.276182    0.065456    0.050641    0.094339    0.968508    0.495594    0.260028    0.303425    0.360458    0.283762    0.469475    0.253441    2.373847    0.009195    0.001271    0.001042    9.783913    9.169713    0.417443    1.824306    1.619730    1.730175    0.710200    0.941243    2.035749
Iteration: 885 bestvalit: 0.670000 bestmemit:    0.276182    0.065456    0.050641    0.094339    0.968508    0.495594    0.260028    0.303425    0.360458    0.283762    0.469475    0.253441    2.373847    0.009195    0.001271    0.001042    9.783913    9.169713    0.417443    1.824306    1.619730    1.730175    0.710200    0.941243    2.035749
Iteration: 886 bestvalit: 0.670000 bestmemit:    0.276182    0.065456    0.050641    0.094339    0.968508    0.495594    0.260028    0.303425    0.360458    0.283762    0.469475    0.253441    2.373847    0.009195    0.001271    0.001042    9.783913    9.169713    0.417443    1.824306    1.619730    1.730175    0.710200    0.941243    2.035749
Iteration: 887 bestvalit: 0.670000 bestmemit:    0.276182    0.065456    0.050641    0.094339    0.968508    0.495594    0.260028    0.303425    0.360458    0.283762    0.469475    0.253441    2.373847    0.009195    0.001271    0.001042    9.783913    9.169713    0.417443    1.824306    1.619730    1.730175    0.710200    0.941243    2.035749
Iteration: 888 bestvalit: 0.670000 bestmemit:    0.276182    0.065456    0.050641    0.094339    0.968508    0.495594    0.260028    0.303425    0.360458    0.283762    0.469475    0.253441    2.373847    0.009195    0.001271    0.001042    9.783913    9.169713    0.417443    1.824306    1.619730    1.730175    0.710200    0.941243    2.035749
Iteration: 889 bestvalit: 0.670000 bestmemit:    0.276182    0.065456    0.050641    0.094339    0.968508    0.495594    0.260028    0.303425    0.360458    0.283762    0.469475    0.253441    2.373847    0.009195    0.001271    0.001042    9.783913    9.169713    0.417443    1.824306    1.619730    1.730175    0.710200    0.941243    2.035749
Iteration: 890 bestvalit: 0.670000 bestmemit:    0.276182    0.065456    0.050641    0.094339    0.968508    0.495594    0.260028    0.303425    0.360458    0.283762    0.469475    0.253441    2.373847    0.009195    0.001271    0.001042    9.783913    9.169713    0.417443    1.824306    1.619730    1.730175    0.710200    0.941243    2.035749
Iteration: 891 bestvalit: 0.670000 bestmemit:    0.276182    0.065456    0.050641    0.094339    0.968508    0.495594    0.260028    0.303425    0.360458    0.283762    0.469475    0.253441    2.373847    0.009195    0.001271    0.001042    9.783913    9.169713    0.417443    1.824306    1.619730    1.730175    0.710200    0.941243    2.035749
Iteration: 892 bestvalit: 0.670000 bestmemit:    0.276182    0.065456    0.050641    0.094339    0.968508    0.495594    0.260028    0.303425    0.360458    0.283762    0.469475    0.253441    2.373847    0.009195    0.001271    0.001042    9.783913    9.169713    0.417443    1.824306    1.619730    1.730175    0.710200    0.941243    2.035749
Iteration: 893 bestvalit: 0.670000 bestmemit:    0.276182    0.065456    0.050641    0.094339    0.968508    0.495594    0.260028    0.303425    0.360458    0.283762    0.469475    0.253441    2.373847    0.009195    0.001271    0.001042    9.783913    9.169713    0.417443    1.824306    1.619730    1.730175    0.710200    0.941243    2.035749
Iteration: 894 bestvalit: 0.670000 bestmemit:    0.276182    0.065456    0.050641    0.094339    0.968508    0.495594    0.260028    0.303425    0.360458    0.283762    0.469475    0.253441    2.373847    0.009195    0.001271    0.001042    9.783913    9.169713    0.417443    1.824306    1.619730    1.730175    0.710200    0.941243    2.035749
Iteration: 895 bestvalit: 0.670000 bestmemit:    0.276182    0.065456    0.050641    0.094339    0.968508    0.495594    0.260028    0.303425    0.360458    0.283762    0.469475    0.253441    2.373847    0.009195    0.001271    0.001042    9.783913    9.169713    0.417443    1.824306    1.619730    1.730175    0.710200    0.941243    2.035749
Iteration: 896 bestvalit: 0.670000 bestmemit:    0.276182    0.065456    0.050641    0.094339    0.968508    0.495594    0.260028    0.303425    0.360458    0.283762    0.469475    0.253441    2.373847    0.009195    0.001271    0.001042    9.783913    9.169713    0.417443    1.824306    1.636275    1.730175    0.710200    0.941243    2.035749
Iteration: 897 bestvalit: 0.670000 bestmemit:    0.276182    0.065456    0.050641    0.094339    0.968508    0.495594    0.260028    0.303425    0.360458    0.283762    0.469475    0.253441    2.373847    0.009195    0.001271    0.001042    9.783913    9.169713    0.417443    1.824306    1.636275    1.730175    0.710200    0.941243    2.035749
Iteration: 898 bestvalit: 0.670000 bestmemit:    0.276182    0.065456    0.050641    0.094339    0.968508    0.495594    0.260028    0.303425    0.360458    0.283762    0.469475    0.253441    2.373847    0.009195    0.001271    0.001042    9.783913    9.169713    0.417443    1.824306    1.636275    1.730175    0.710200    0.941243    2.035749
Iteration: 899 bestvalit: 0.670000 bestmemit:    0.276182    0.065456    0.050641    0.094339    0.968508    0.495594    0.260028    0.303425    0.360458    0.283762    0.469475    0.253441    2.373847    0.009195    0.001271    0.001042    9.783913    9.169713    0.417443    1.824306    1.636275    1.730175    0.710200    0.941243    2.035749
Iteration: 900 bestvalit: 0.670000 bestmemit:    0.276182    0.065456    0.050641    0.094339    0.968508    0.495594    0.260028    0.303425    0.360458    0.283762    0.469475    0.253441    2.373847    0.009195    0.001271    0.001042    9.783913    9.169713    0.417443    1.824306    1.636275    1.730175    0.710200    0.941243    2.035749
Iteration: 901 bestvalit: 0.670000 bestmemit:    0.276182    0.065456    0.050641    0.094339    0.968508    0.495594    0.260028    0.303425    0.360458    0.283762    0.469475    0.253441    2.373847    0.009195    0.001271    0.001042    9.783913    9.169713    0.417443    1.824306    1.636275    1.730175    0.710200    0.941243    2.035749
Iteration: 902 bestvalit: 0.670000 bestmemit:    0.276182    0.065456    0.050641    0.094339    0.968508    0.495594    0.260028    0.303425    0.360458    0.283762    0.469475    0.253441    2.373847    0.009195    0.001271    0.001042    9.783913    9.169713    0.417443    1.824306    1.636275    1.730175    0.710200    0.941243    2.035749
Iteration: 903 bestvalit: 0.670000 bestmemit:    0.276182    0.065456    0.050641    0.094339    0.968508    0.495594    0.260028    0.303425    0.360458    0.283762    0.469475    0.253441    2.373847    0.009195    0.001271    0.001042    9.909509    9.727177    0.417443    1.824306    1.636275    1.730175    0.710200    0.941243    2.035749
Iteration: 904 bestvalit: 0.670000 bestmemit:    0.276182    0.065456    0.050641    0.094339    0.968508    0.495594    0.260028    0.303425    0.360458    0.283762    0.469475    0.253441    2.373847    0.009195    0.001271    0.001042    9.909509    9.727177    0.417443    1.824306    1.636275    1.730175    0.710200    0.941243    2.035749
Iteration: 905 bestvalit: 0.670000 bestmemit:    0.276182    0.065456    0.050641    0.094339    0.968508    0.495594    0.260028    0.303425    0.360458    0.283762    0.469475    0.253441    2.373847    0.009195    0.001271    0.001042    9.909509    9.727177    0.417443    1.824306    1.636275    1.730175    0.710200    0.941243    2.035749
Iteration: 906 bestvalit: 0.670000 bestmemit:    0.276182    0.065456    0.050641    0.094339    0.968508    0.495594    0.260028    0.303425    0.360458    0.283762    0.469475    0.253441    2.373847    0.009195    0.001271    0.001042    9.909509    9.727177    0.417443    1.824306    1.636275    1.730175    0.710200    0.941243    2.035749
Iteration: 907 bestvalit: 0.670000 bestmemit:    0.276182    0.065456    0.050641    0.094339    0.968508    0.495594    0.260028    0.303425    0.360458    0.283762    0.469475    0.253441    2.373847    0.009195    0.001271    0.001042    9.909509    9.727177    0.417443    1.824306    1.636275    1.730175    0.710200    0.941243    2.035749
Iteration: 908 bestvalit: 0.670000 bestmemit:    0.276182    0.065456    0.050641    0.094339    0.968508    0.495594    0.260028    0.303425    0.360458    0.283762    0.469475    0.253441    2.373847    0.009195    0.001271    0.001042    9.909509    9.727177    0.417443    1.824306    1.636275    1.730175    0.710200    0.941243    2.035749
Iteration: 909 bestvalit: 0.670000 bestmemit:    0.276182    0.065456    0.050641    0.094339    0.968508    0.495594    0.260028    0.303425    0.360458    0.283762    0.469475    0.253441    2.373847    0.009195    0.001271    0.001042    9.909509    9.727177    0.417443    1.824306    1.636275    1.730175    0.710200    0.941243    2.035749
Iteration: 910 bestvalit: 0.670000 bestmemit:    0.276182    0.065456    0.050641    0.094339    0.968508    0.495594    0.260028    0.303425    0.360458    0.283762    0.469475    0.253441    2.373847    0.009195    0.001271    0.001042    9.909509    9.727177    0.417443    1.824306    1.636275    1.730175    0.710200    0.941243    2.035749
Iteration: 911 bestvalit: 0.670000 bestmemit:    0.276182    0.065456    0.050641    0.094339    0.968508    0.495594    0.260028    0.303425    0.360458    0.283762    0.469475    0.253441    2.373847    0.009195    0.001271    0.001042    9.909509    9.727177    0.417443    1.824306    1.636275    1.730175    0.710200    0.941243    2.035749
Iteration: 912 bestvalit: 0.670000 bestmemit:    0.276182    0.065456    0.050641    0.094339    0.968508    0.495594    0.260028    0.303425    0.360458    0.283762    0.469475    0.253441    2.373847    0.009195    0.001271    0.001042    9.909509    9.727177    0.417443    1.824306    1.636275    1.730175    0.710200    0.941243    2.035749
Iteration: 913 bestvalit: 0.670000 bestmemit:    0.276182    0.065456    0.050641    0.094339    0.968508    0.495594    0.260028    0.303425    0.360458    0.283762    0.469475    0.253441    2.373847    0.009195    0.001271    0.001042    9.909509    9.727177    0.417443    1.824306    1.636275    1.730175    0.710200    0.941243    2.035749
Iteration: 914 bestvalit: 0.670000 bestmemit:    0.276182    0.065456    0.050641    0.094339    0.968508    0.495594    0.260028    0.303425    0.360458    0.283762    0.469475    0.253441    2.373847    0.009195    0.001271    0.001042    9.909509    9.727177    0.417443    1.824306    1.636275    1.730175    0.710200    0.941243    2.035749
Iteration: 915 bestvalit: 0.670000 bestmemit:    0.276182    0.065456    0.050641    0.094339    0.968508    0.495594    0.260028    0.303425    0.360458    0.283762    0.469475    0.253441    2.373847    0.009195    0.001271    0.001042    9.909509    9.727177    0.417443    1.824306    1.636275    1.730175    0.710200    0.941243    2.035749
Iteration: 916 bestvalit: 0.670000 bestmemit:    0.276182    0.065456    0.050641    0.094339    0.968508    0.495594    0.260028    0.303425    0.360458    0.283762    0.469475    0.253441    2.373847    0.009195    0.001271    0.001042    9.909509    9.727177    0.417443    1.824306    1.636275    1.730175    0.710200    0.941243    2.035749
Iteration: 917 bestvalit: 0.670000 bestmemit:    0.276182    0.065456    0.050641    0.094339    0.980063    0.495594    0.260028    0.303425    0.360458    0.283762    0.469475    0.253441    2.373847    0.009195    0.001271    0.001042    9.909509    9.727177    0.417443    1.824306    1.636275    1.730175    0.710200    0.941243    2.035749
Iteration: 918 bestvalit: 0.670000 bestmemit:    0.276182    0.065456    0.050641    0.094339    0.980063    0.495594    0.260028    0.303425    0.360458    0.283762    0.469475    0.253441    2.373847    0.009195    0.001271    0.001042    9.909509    9.727177    0.417443    1.824306    1.636275    1.730175    0.710200    0.941243    2.035749
Iteration: 919 bestvalit: 0.670000 bestmemit:    0.276182    0.065456    0.050641    0.094339    0.980063    0.495594    0.260028    0.303425    0.360458    0.276379    0.469475    0.253441    2.373847    0.009195    0.001271    0.001042    9.909509    9.727177    0.417443    1.824306    1.636275    1.730175    0.710200    0.941243    2.035749
Iteration: 920 bestvalit: 0.670000 bestmemit:    0.276182    0.065456    0.050641    0.094339    0.980063    0.495594    0.260028    0.303425    0.360458    0.276379    0.469475    0.253441    2.373847    0.009195    0.001271    0.001042    9.909509    9.727177    0.417443    1.824306    1.636275    1.730175    0.710200    0.941243    2.035749
Iteration: 921 bestvalit: 0.670000 bestmemit:    0.276182    0.065456    0.050641    0.094339    0.980063    0.495594    0.260028    0.303425    0.360458    0.276379    0.469475    0.253441    2.373847    0.009195    0.001271    0.001042    9.909509    9.727177    0.417443    1.824306    1.636275    1.730175    0.710200    0.941243    2.035749
Iteration: 922 bestvalit: 0.670000 bestmemit:    0.276182    0.065456    0.050641    0.094735    0.980063    0.495594    0.260028    0.303425    0.360458    0.276379    0.469475    0.253441    2.373847    0.009195    0.001271    0.001042    9.909509    9.727177    0.417443    1.824306    1.636275    1.730175    0.710200    0.941243    2.035749
Iteration: 923 bestvalit: 0.670000 bestmemit:    0.276182    0.065456    0.050641    0.094735    0.980063    0.495594    0.260028    0.303425    0.360458    0.276379    0.469475    0.253441    2.373847    0.009195    0.001271    0.001042    9.909509    9.727177    0.417443    1.824306    1.636275    1.840640    0.710200    0.941243    2.035749
Iteration: 924 bestvalit: 0.670000 bestmemit:    0.276182    0.065456    0.050641    0.094735    0.980063    0.495594    0.260028    0.303425    0.360458    0.276379    0.469475    0.253441    2.373847    0.009195    0.001271    0.001042    9.909509    9.727177    0.417443    1.824306    1.636275    1.840640    0.710200    0.941243    2.035749
Iteration: 925 bestvalit: 0.670000 bestmemit:    0.276182    0.065456    0.050641    0.094735    0.980063    0.495594    0.260028    0.303425    0.360458    0.276379    0.469475    0.253441    2.373847    0.009195    0.001271    0.001042    9.909509    9.727177    0.417443    1.824306    1.633073    1.840640    0.710200    0.941243    2.035749
Iteration: 926 bestvalit: 0.670000 bestmemit:    0.276182    0.065456    0.050641    0.094735    0.980063    0.495594    0.260028    0.303425    0.360458    0.276379    0.469475    0.253441    2.373847    0.009195    0.001271    0.001042    9.909509    9.727177    0.417443    1.824306    1.633073    1.840640    0.710200    0.941243    2.035749
Iteration: 927 bestvalit: 0.670000 bestmemit:    0.276182    0.065456    0.050641    0.094735    0.980063    0.495594    0.260028    0.303425    0.360458    0.276379    0.469475    0.253441    2.373847    0.009195    0.001271    0.001042    9.909509    9.727177    0.417443    1.824306    1.633073    1.840640    0.710200    0.941243    2.035749
Iteration: 928 bestvalit: 0.670000 bestmemit:    0.276182    0.065456    0.050641    0.094735    0.980063    0.495594    0.260028    0.303425    0.360458    0.276379    0.469475    0.253441    2.373847    0.009195    0.001271    0.001042    9.909509    9.727177    0.417443    1.824306    1.633073    1.840640    0.710200    0.941243    2.035749
Iteration: 929 bestvalit: 0.670000 bestmemit:    0.276182    0.065456    0.050641    0.094735    0.980063    0.495594    0.260028    0.303425    0.360458    0.276379    0.469475    0.253441    2.373847    0.009195    0.001271    0.001042    9.909509    9.727177    0.417443    1.824306    1.633073    1.840640    0.710200    0.941243    2.035749
Iteration: 930 bestvalit: 0.670000 bestmemit:    0.276182    0.065456    0.050641    0.094735    0.980063    0.495594    0.260028    0.303425    0.360458    0.276379    0.469475    0.253441    2.373847    0.009195    0.001271    0.001042    9.909509    9.727177    0.417443    1.824306    1.633073    1.840640    0.710200    0.941243    2.035749
Iteration: 931 bestvalit: 0.670000 bestmemit:    0.276182    0.065456    0.050641    0.094735    0.980063    0.495594    0.260028    0.303425    0.360458    0.276379    0.469475    0.253441    2.373847    0.009195    0.001271    0.001042    9.909509    9.269639    0.417443    1.824306    1.633073    1.840640    0.710200    0.941243    2.035749
Iteration: 932 bestvalit: 0.670000 bestmemit:    0.276182    0.065456    0.050641    0.094735    0.980063    0.495594    0.260028    0.303425    0.360458    0.276379    0.469475    0.253441    2.373847    0.009195    0.001271    0.001042    9.909509    9.269639    0.417443    1.824306    1.633073    1.840640    0.710200    0.941243    2.035749
Iteration: 933 bestvalit: 0.670000 bestmemit:    0.276182    0.065456    0.050641    0.094735    0.980063    0.495594    0.260028    0.303425    0.360458    0.276379    0.469475    0.253441    2.373847    0.009195    0.001271    0.001042    9.909509    9.269639    0.417443    1.824306    1.633073    1.840640    0.710200    0.941243    2.035749
Iteration: 934 bestvalit: 0.670000 bestmemit:    0.276182    0.065456    0.050641    0.094735    0.980063    0.495594    0.260028    0.303425    0.360458    0.276379    0.469475    0.253441    2.373847    0.009195    0.001271    0.001042    9.909509    9.269639    0.417443    1.824306    1.633073    1.840640    0.710200    0.941243    2.035749
Iteration: 935 bestvalit: 0.670000 bestmemit:    0.276182    0.065456    0.050641    0.094735    0.980063    0.495594    0.260028    0.303425    0.360458    0.276379    0.469475    0.253441    2.373847    0.009195    0.001271    0.001042    9.909509    9.269639    0.417443    1.824306    1.633073    1.840640    0.710200    0.941243    2.035749
Iteration: 936 bestvalit: 0.670000 bestmemit:    0.276182    0.065456    0.050641    0.094735    0.980063    0.495594    0.260028    0.303425    0.360458    0.276379    0.469475    0.253441    2.373847    0.009195    0.001271    0.001042    9.909509    9.269639    0.417443    1.824306    1.602124    1.840640    0.710200    0.941243    2.035749
Iteration: 937 bestvalit: 0.670000 bestmemit:    0.276182    0.065456    0.050641    0.094735    0.980063    0.495594    0.260028    0.303425    0.360458    0.276379    0.469475    0.253441    2.373847    0.009195    0.001271    0.001042    9.909509    9.269639    0.417443    1.824306    1.602124    1.840640    0.710200    0.941243    2.035749
Iteration: 938 bestvalit: 0.670000 bestmemit:    0.276182    0.065456    0.050641    0.094735    0.980063    0.495594    0.260028    0.303425    0.360458    0.276379    0.469475    0.253441    2.373847    0.009195    0.001271    0.001042    9.909509    9.269639    0.417443    1.824306    1.602124    1.840640    0.710200    0.941243    2.035749
Iteration: 939 bestvalit: 0.670000 bestmemit:    0.276182    0.065456    0.050641    0.094735    0.980063    0.495594    0.260028    0.303425    0.360458    0.276379    0.469475    0.253441    2.373847    0.009195    0.001271    0.001042    9.909509    9.269639    0.417443    1.824306    1.602124    1.840640    0.710200    0.941243    2.035749
Iteration: 940 bestvalit: 0.670000 bestmemit:    0.276182    0.065456    0.050641    0.094735    0.980063    0.495594    0.260028    0.303425    0.360458    0.276379    0.469475    0.253441    2.373847    0.009195    0.001271    0.001042    9.909509    9.269639    0.417443    1.824306    1.602124    1.840640    0.710200    0.941243    2.035749
Iteration: 941 bestvalit: 0.670000 bestmemit:    0.276182    0.065456    0.050641    0.094735    0.980063    0.495594    0.260028    0.303425    0.360458    0.276379    0.469475    0.253441    2.373847    0.009195    0.001271    0.001042    9.909509    9.269639    0.417443    1.824306    1.602124    1.840640    0.710200    0.941243    2.035749
Iteration: 942 bestvalit: 0.670000 bestmemit:    0.276182    0.065456    0.050641    0.094735    0.980063    0.495594    0.260028    0.303425    0.360458    0.276379    0.469475    0.253441    2.373847    0.009195    0.001271    0.001042    9.909509    9.269639    0.417443    1.824306    1.602124    1.840640    0.710200    0.941243    2.035749
Iteration: 943 bestvalit: 0.670000 bestmemit:    0.276182    0.065456    0.050641    0.094735    0.980063    0.495594    0.260028    0.303425    0.360458    0.276379    0.469475    0.253441    2.373847    0.009195    0.001271    0.001042    9.909509    9.269639    0.417443    1.824306    1.602124    1.840640    0.710200    0.941243    2.035749
Iteration: 944 bestvalit: 0.670000 bestmemit:    0.276182    0.065456    0.050641    0.094735    0.980063    0.495594    0.260028    0.303425    0.360458    0.276379    0.469475    0.253441    2.373847    0.009195    0.001271    0.001042    9.909509    9.269639    0.417443    1.824306    1.602124    1.840640    0.710200    0.941243    2.035749
Iteration: 945 bestvalit: 0.670000 bestmemit:    0.276182    0.065456    0.050641    0.094735    0.980063    0.495594    0.260028    0.303425    0.360458    0.276379    0.469475    0.253441    2.373847    0.009195    0.001271    0.001042    9.909509    9.269639    0.417443    1.824306    1.602124    1.840640    0.710200    0.941243    2.035749
Iteration: 946 bestvalit: 0.670000 bestmemit:    0.276182    0.065456    0.050641    0.094735    0.980063    0.495594    0.260028    0.303425    0.360458    0.276379    0.469475    0.253441    2.373847    0.009195    0.001271    0.001042    9.909509    9.269639    0.417443    1.824306    1.602124    1.840640    0.710200    0.941243    2.035749
Iteration: 947 bestvalit: 0.670000 bestmemit:    0.276182    0.065456    0.050641    0.094735    0.980063    0.495594    0.260028    0.303425    0.360458    0.276379    0.469475    0.253441    2.373847    0.009195    0.001271    0.001042    9.909509    9.269639    0.417443    1.824306    1.602124    1.840640    0.710200    0.941243    2.035749
Iteration: 948 bestvalit: 0.670000 bestmemit:    0.276182    0.065456    0.050641    0.094735    0.980063    0.495594    0.260028    0.303425    0.360458    0.276379    0.469475    0.253441    2.373847    0.009195    0.001271    0.001042    9.909509    9.269639    0.417443    1.824306    1.602124    1.840640    0.710200    0.941243    2.035749
Iteration: 949 bestvalit: 0.670000 bestmemit:    0.276182    0.065456    0.050641    0.094735    0.980063    0.495594    0.260028    0.303425    0.360458    0.276379    0.469475    0.253441    2.373847    0.009195    0.001271    0.001042    9.909509    9.269639    0.417443    1.824306    1.602124    1.840640    0.710200    0.941243    2.035749
Iteration: 950 bestvalit: 0.670000 bestmemit:    0.276182    0.065456    0.050641    0.094735    0.980063    0.495594    0.260028    0.303425    0.360458    0.276379    0.469475    0.253441    2.373847    0.009195    0.001271    0.001042    9.909509    9.269639    0.417443    1.824306    1.602124    1.840640    0.710200    0.941243    2.035749
Iteration: 951 bestvalit: 0.670000 bestmemit:    0.276182    0.065456    0.050641    0.094735    0.980063    0.495594    0.260028    0.303425    0.360458    0.276379    0.469475    0.253441    2.373847    0.009195    0.001271    0.001042    9.909509    9.269639    0.417443    1.824306    1.602124    1.840640    0.710200    0.941243    2.035749
Iteration: 952 bestvalit: 0.670000 bestmemit:    0.276182    0.065456    0.050641    0.094735    0.980063    0.495594    0.260028    0.303425    0.360458    0.276379    0.469475    0.253441    2.373847    0.009195    0.001271    0.001042    9.909509    9.269639    0.417443    1.824306    1.602124    1.840640    0.710200    0.941243    2.035749
Iteration: 953 bestvalit: 0.670000 bestmemit:    0.276182    0.065456    0.050641    0.094735    0.980063    0.495594    0.260028    0.303425    0.360458    0.276379    0.469475    0.253441    2.373847    0.009195    0.001271    0.001042    9.909509    9.269639    0.417443    1.824306    1.602124    1.840640    0.710200    0.941243    2.035749
Iteration: 954 bestvalit: 0.670000 bestmemit:    0.276182    0.065456    0.050641    0.094735    0.980063    0.495594    0.260028    0.303425    0.360458    0.276379    0.469475    0.253441    2.373847    0.009195    0.001271    0.001042    9.909509    9.269639    0.417443    1.824306    1.602124    1.840640    0.710200    0.941243    2.035749
Iteration: 955 bestvalit: 0.670000 bestmemit:    0.276182    0.065456    0.050641    0.094735    0.980063    0.495594    0.260028    0.303425    0.360458    0.276379    0.469475    0.253441    2.373847    0.009195    0.001271    0.001042    9.909509    9.269639    0.417443    1.824306    1.602124    1.840640    0.710200    0.941243    2.035749
Iteration: 956 bestvalit: 0.670000 bestmemit:    0.276182    0.065456    0.050641    0.094735    0.980063    0.495594    0.260028    0.303425    0.360458    0.276379    0.469475    0.253441    2.373847    0.009195    0.001271    0.001042    9.909509    9.269639    0.417443    1.824306    1.602124    1.840640    0.710200    0.941243    2.035749
Iteration: 957 bestvalit: 0.670000 bestmemit:    0.276182    0.065456    0.050641    0.094735    0.980063    0.495594    0.260028    0.303425    0.360458    0.276379    0.469475    0.253441    2.373847    0.009195    0.001271    0.001042    9.909509    9.269639    0.417443    1.824306    1.602124    1.840640    0.710200    0.941243    2.035749
Iteration: 958 bestvalit: 0.670000 bestmemit:    0.276182    0.065456    0.050641    0.094735    0.980063    0.495594    0.260028    0.303425    0.360458    0.276379    0.469475    0.253441    2.373847    0.009195    0.001271    0.001042    9.909509    9.269639    0.417443    1.824306    1.602124    1.840640    0.710200    0.941243    2.035749
Iteration: 959 bestvalit: 0.670000 bestmemit:    0.276182    0.065456    0.050641    0.094735    0.980063    0.495594    0.260028    0.303425    0.360458    0.276379    0.469475    0.253441    2.373847    0.009195    0.001271    0.001042    9.909509    9.269639    0.417443    1.824306    1.602124    1.840640    0.710200    0.941243    2.035749
Iteration: 960 bestvalit: 0.670000 bestmemit:    0.276182    0.065456    0.050641    0.094735    0.980063    0.495594    0.260028    0.303425    0.360458    0.276379    0.469475    0.253441    2.373847    0.009195    0.001271    0.001042    9.909509    9.269639    0.417443    1.824306    1.602124    1.840640    0.710200    0.941243    2.035749
Iteration: 961 bestvalit: 0.670000 bestmemit:    0.276182    0.065456    0.050641    0.094735    0.980063    0.495594    0.260028    0.303425    0.360458    0.276379    0.469475    0.253441    2.373847    0.009195    0.001271    0.001042    9.909509    9.269639    0.417443    1.824306    1.602124    1.840640    0.710200    0.941243    2.035749
Iteration: 962 bestvalit: 0.650000 bestmemit:    0.308663    0.047340    0.038147    0.093637    0.799633    0.378279    0.149303    0.159667    0.204075    0.350841    0.385811    0.239362    2.711464    0.020813    0.001882    0.002422    9.799749    8.958786    1.109595    1.986812    1.765750    1.985843    0.752978    0.987921    2.050715
Iteration: 963 bestvalit: 0.650000 bestmemit:    0.308663    0.047340    0.038147    0.093637    0.799633    0.378279    0.149303    0.159667    0.204075    0.350841    0.385811    0.239362    2.711464    0.020813    0.001882    0.002422    9.799749    8.958786    1.109595    1.986812    1.765750    1.985843    0.752978    0.987921    2.050715
Iteration: 964 bestvalit: 0.650000 bestmemit:    0.308663    0.047340    0.038147    0.093637    0.799633    0.378279    0.149303    0.159667    0.204075    0.350841    0.385811    0.239362    2.711464    0.020813    0.001882    0.002422    9.799749    8.958786    1.109595    1.986812    1.765750    1.985843    0.752978    0.987921    2.050715
Iteration: 965 bestvalit: 0.650000 bestmemit:    0.308663    0.047340    0.038147    0.093637    0.799633    0.378279    0.149303    0.159667    0.204075    0.350841    0.385811    0.239362    2.711464    0.020813    0.001882    0.002422    9.799749    8.958786    1.109595    1.986812    1.765750    1.985843    0.752978    0.987921    2.050715
Iteration: 966 bestvalit: 0.650000 bestmemit:    0.308663    0.047340    0.038147    0.093637    0.799633    0.378279    0.149303    0.159667    0.204075    0.350841    0.385811    0.239362    2.711464    0.020813    0.001882    0.002422    9.799749    8.958786    1.109595    1.986812    1.765750    1.985843    0.752978    0.987921    2.050715
Iteration: 967 bestvalit: 0.650000 bestmemit:    0.308663    0.047340    0.038147    0.093637    0.799633    0.378279    0.149303    0.159667    0.204075    0.350841    0.385811    0.239362    2.711464    0.020813    0.001882    0.002422    9.799749    8.958786    1.109595    1.986812    1.765750    1.985843    0.752978    0.987921    2.050715
Iteration: 968 bestvalit: 0.650000 bestmemit:    0.308663    0.047340    0.038147    0.093637    0.799633    0.378279    0.149303    0.159667    0.204075    0.350841    0.385811    0.239362    2.711464    0.020813    0.001882    0.002422    9.799749    8.958786    1.109595    1.986812    1.765750    1.985843    0.752978    0.987921    2.050715
Iteration: 969 bestvalit: 0.650000 bestmemit:    0.308663    0.047340    0.038147    0.093637    0.799633    0.378279    0.149303    0.159667    0.204075    0.350841    0.385811    0.239362    2.711464    0.020813    0.001882    0.002422    9.799749    8.958786    1.109595    1.986812    1.765750    1.985843    0.752978    0.987921    2.050715
Iteration: 970 bestvalit: 0.650000 bestmemit:    0.308663    0.047340    0.038147    0.093637    0.799633    0.378279    0.149303    0.159667    0.204075    0.350841    0.385811    0.239362    2.711464    0.020813    0.001882    0.002422    9.799749    8.958786    1.109595    1.986812    1.765750    1.985843    0.752978    0.987921    2.050715
Iteration: 971 bestvalit: 0.650000 bestmemit:    0.308663    0.047340    0.038147    0.093637    0.799633    0.378279    0.149303    0.159667    0.204075    0.350841    0.385811    0.239362    2.711464    0.020813    0.001882    0.002422    9.799749    8.958786    1.109595    1.986812    1.765750    1.985843    0.752978    0.987921    2.050715
Iteration: 972 bestvalit: 0.650000 bestmemit:    0.308663    0.047340    0.038147    0.093637    0.799633    0.378279    0.149303    0.159667    0.204075    0.350841    0.385811    0.239362    2.711464    0.020813    0.001882    0.002422    9.799749    8.958786    1.109595    1.986812    1.765750    1.985843    0.752978    0.987921    2.050715
Iteration: 973 bestvalit: 0.650000 bestmemit:    0.308663    0.047340    0.038147    0.093637    0.799633    0.378279    0.149303    0.159667    0.204075    0.350841    0.385811    0.239362    2.711464    0.020813    0.001882    0.002422    9.799749    8.958786    1.109595    1.986812    1.765750    1.985843    0.752978    0.987921    2.050715
Iteration: 974 bestvalit: 0.650000 bestmemit:    0.308663    0.047340    0.038147    0.093637    0.799633    0.378279    0.149303    0.159667    0.204075    0.350841    0.385811    0.239362    2.711464    0.020813    0.001882    0.002422    9.799749    8.958786    1.109595    1.986812    1.765750    1.985843    0.752978    0.987921    2.050715
Iteration: 975 bestvalit: 0.650000 bestmemit:    0.308663    0.047340    0.038147    0.093637    0.799633    0.378279    0.149303    0.159667    0.204075    0.350841    0.385811    0.239362    2.711464    0.020813    0.001882    0.002422    9.799749    8.958786    1.109595    1.986812    1.765750    1.985843    0.752978    0.987921    2.050715
Iteration: 976 bestvalit: 0.650000 bestmemit:    0.308663    0.047340    0.038147    0.093637    0.799633    0.378279    0.149303    0.159667    0.204075    0.350841    0.385811    0.239362    2.711464    0.020813    0.001882    0.002422    9.799749    8.958786    1.109595    1.986812    1.765750    1.985843    0.752978    0.987921    2.050715
Iteration: 977 bestvalit: 0.650000 bestmemit:    0.308663    0.047340    0.038147    0.093637    0.799633    0.378279    0.149303    0.159667    0.204075    0.350841    0.385811    0.239362    2.711464    0.020813    0.001882    0.002422    9.799749    8.958786    1.183634    1.986812    1.765750    1.985843    0.752978    0.987921    2.050715
Iteration: 978 bestvalit: 0.650000 bestmemit:    0.308663    0.047340    0.038147    0.093637    0.799633    0.378279    0.149303    0.159667    0.204075    0.350841    0.385811    0.239362    2.711464    0.020813    0.001882    0.002422    9.799749    8.958786    1.183634    1.986812    1.765750    1.985843    0.752978    0.987921    2.050715
Iteration: 979 bestvalit: 0.650000 bestmemit:    0.308663    0.047340    0.038147    0.093637    0.799633    0.378279    0.149303    0.159667    0.204075    0.350841    0.385811    0.239362    2.711464    0.020813    0.001882    0.002422    9.799749    8.958786    1.183634    1.986812    1.765750    1.985843    0.752978    0.987921    2.050715
Iteration: 980 bestvalit: 0.650000 bestmemit:    0.308663    0.047340    0.038147    0.093637    0.799633    0.378279    0.149303    0.159667    0.204075    0.350841    0.385811    0.239362    2.711464    0.020813    0.001882    0.002422    9.799749    8.958786    1.183634    1.986812    1.765750    1.985843    0.752978    0.987921    2.050715
Iteration: 981 bestvalit: 0.650000 bestmemit:    0.308663    0.047340    0.038147    0.093637    0.799633    0.378279    0.149303    0.159667    0.204075    0.350841    0.385811    0.239362    2.711464    0.020813    0.001882    0.002422    9.799749    8.958786    1.183634    1.986812    1.765750    1.985843    0.752978    0.987921    2.050715
Iteration: 982 bestvalit: 0.650000 bestmemit:    0.308663    0.047340    0.038147    0.093637    0.799633    0.378279    0.149303    0.159667    0.204075    0.350841    0.385811    0.239362    2.711464    0.020813    0.001882    0.002422    9.799749    8.958786    1.183634    1.986812    1.765750    1.985843    0.752978    0.987921    2.050715
Iteration: 983 bestvalit: 0.650000 bestmemit:    0.308663    0.047340    0.038147    0.093637    0.799633    0.378279    0.149303    0.159667    0.204075    0.350841    0.385811    0.239362    2.711464    0.020813    0.001882    0.002422    9.799749    7.753541    1.183634    1.986812    1.765750    1.985843    0.752978    0.987921    2.050715
Iteration: 984 bestvalit: 0.650000 bestmemit:    0.308663    0.047340    0.038147    0.093637    0.799633    0.378279    0.149303    0.159667    0.204075    0.350841    0.385811    0.239362    2.711464    0.020813    0.001882    0.002422    9.799749    7.753541    1.183634    1.986812    1.765750    1.985843    0.752978    0.987921    2.050715
Iteration: 985 bestvalit: 0.650000 bestmemit:    0.308663    0.047340    0.038147    0.093637    0.799633    0.378279    0.149303    0.159667    0.204075    0.350841    0.385811    0.239362    2.711464    0.020813    0.001882    0.002422    9.799749    7.753541    1.183634    1.986812    1.765750    1.985843    0.752978    0.987921    2.050715
Iteration: 986 bestvalit: 0.650000 bestmemit:    0.308663    0.047340    0.038147    0.093637    0.799633    0.378279    0.149303    0.159667    0.204075    0.350841    0.385811    0.239362    2.711464    0.020813    0.001882    0.002422    9.799749    7.753541    1.183634    1.986812    1.765750    1.985843    0.752978    0.987921    2.050715
Iteration: 987 bestvalit: 0.650000 bestmemit:    0.308663    0.047340    0.038147    0.093637    0.799633    0.378279    0.149303    0.159667    0.204075    0.350841    0.385811    0.239362    2.711464    0.020813    0.001882    0.002422    9.799749    7.753541    1.183634    1.986812    1.765750    1.985843    0.752978    0.987921    2.050715
Iteration: 988 bestvalit: 0.650000 bestmemit:    0.308663    0.047340    0.038147    0.093637    0.799633    0.378279    0.149303    0.159667    0.204075    0.350841    0.385811    0.239362    2.711464    0.020813    0.001882    0.002422    9.799749    7.753541    1.183634    1.986812    1.765750    1.985843    0.752978    0.987921    2.050715
Iteration: 989 bestvalit: 0.650000 bestmemit:    0.308663    0.047340    0.038147    0.093637    0.799633    0.378279    0.149303    0.159667    0.204075    0.350841    0.385811    0.239362    2.711464    0.020813    0.001882    0.002422    9.799749    7.380839    1.183634    1.986812    1.765750    1.985843    0.752978    0.987921    2.050715
Iteration: 990 bestvalit: 0.650000 bestmemit:    0.308663    0.047340    0.038147    0.093637    0.799633    0.378279    0.149303    0.159667    0.204075    0.350841    0.385811    0.239362    2.711464    0.020813    0.001882    0.002422    9.799749    7.380839    1.183634    1.986812    1.765750    1.985843    0.752978    0.987921    2.050715
Iteration: 991 bestvalit: 0.650000 bestmemit:    0.308663    0.047340    0.038147    0.093637    0.799633    0.378279    0.149303    0.159667    0.204075    0.350841    0.385811    0.239362    2.711464    0.020813    0.001882    0.002422    9.799749    7.380839    1.183634    1.986812    1.765750    1.985843    0.752978    0.987921    2.050715
Iteration: 992 bestvalit: 0.650000 bestmemit:    0.308663    0.047340    0.038147    0.093637    0.799633    0.378279    0.149303    0.159667    0.204075    0.350841    0.385811    0.239362    2.711464    0.020813    0.001882    0.002422    9.799749    7.380839    1.183634    1.986812    1.765750    1.985843    0.752978    0.987921    2.050715
Iteration: 993 bestvalit: 0.650000 bestmemit:    0.308663    0.047340    0.038147    0.093637    0.799633    0.378279    0.149303    0.159667    0.204075    0.350841    0.385811    0.239362    2.711464    0.020813    0.001882    0.002422    9.799749    7.380839    1.183634    1.986812    1.765750    1.985843    0.752978    0.987921    2.050715
Iteration: 994 bestvalit: 0.650000 bestmemit:    0.308663    0.047340    0.038147    0.093637    0.799633    0.378279    0.149303    0.159667    0.204075    0.350841    0.385811    0.239362    2.711464    0.020813    0.001882    0.002422    9.799749    7.380839    1.183634    1.986812    1.765750    1.985843    0.752978    0.987921    2.050715
Iteration: 995 bestvalit: 0.650000 bestmemit:    0.308663    0.047340    0.038147    0.093637    0.799633    0.378279    0.149303    0.159667    0.204075    0.350841    0.385811    0.239362    2.711464    0.020813    0.001882    0.002422    9.799749    7.380839    1.183634    1.986812    1.765750    1.985843    0.752978    0.987921    2.050715
Iteration: 996 bestvalit: 0.650000 bestmemit:    0.308663    0.047340    0.038147    0.093637    0.799633    0.378279    0.149303    0.159667    0.204075    0.350841    0.385811    0.239362    2.711464    0.020813    0.001882    0.002422    9.799749    7.380839    1.183634    1.986812    1.765750    1.985843    0.752978    0.987921    2.050715
Iteration: 997 bestvalit: 0.650000 bestmemit:    0.308663    0.047340    0.038147    0.093637    0.799633    0.378279    0.149303    0.159667    0.204075    0.350841    0.385811    0.239362    2.711464    0.020813    0.001882    0.002422    9.799749    7.380839    1.183634    1.986812    1.765750    1.985843    0.752978    0.987921    2.050715
Iteration: 998 bestvalit: 0.650000 bestmemit:    0.308663    0.047340    0.038147    0.093637    0.799633    0.378279    0.149303    0.159667    0.204075    0.350841    0.385811    0.239362    2.711464    0.020813    0.001882    0.002422    9.799749    7.380839    1.183634    1.986812    1.765750    1.985843    0.752978    0.987921    2.050715
Iteration: 999 bestvalit: 0.650000 bestmemit:    0.308663    0.047340    0.038147    0.093637    0.799633    0.378279    0.149303    0.159667    0.204075    0.350841    0.385811    0.239362    2.711464    0.020813    0.001882    0.002422    9.799749    7.380839    1.183634    1.986812    1.765750    1.985843    0.752978    0.987921    2.050715
Iteration: 1000 bestvalit: 0.650000 bestmemit:    0.308663    0.047340    0.038147    0.093637    0.799633    0.378279    0.149303    0.159667    0.204075    0.350841    0.385811    0.239362    2.711464    0.020813    0.001882    0.002422    9.799749    7.380839    1.183634    1.986812    1.765750    1.985843    0.752978    0.987921    2.050715
       par1        par2        par3        par4        par5        par6        par7        par8        par9       par10       par11       par12 
0.308662914 0.047339864 0.038147103 0.093637118 0.799632953 0.378278503 0.149302624 0.159667293 0.204075389 0.350841130 0.385810685 0.239361682 
      par13       par14       par15       par16       par17       par18       par19       par20       par21       par22       par23       par24 
2.711463762 0.020812661 0.001882395 0.002422075 9.799748508 7.380839034 1.183634375 1.986811984 1.765749732 1.985842837 0.752978447 0.987920831 
      par25 
2.050714866 
