[1] "Simulated pod mass has reached the measured final shell mass at DVI 1.30289660597655"
[1] "2002 rmse:0.45"
[1] "Simulated pod mass has reached the measured final shell mass at DVI 1.27271916275892"
[1] "2004 rmse:0.91"
[1] "Simulated pod mass has reached the measured final shell mass at DVI 1.27843015786561"
[1] "2005 rmse:0.55"
[1] "Simulated pod mass has reached the measured final shell mass at DVI 1.26539442399615"
[1] "2006 rmse:0.76"
[1] "2002 rmse:0.84"
[1] "2004 rmse:1.29"
[1] "2005 rmse:0.86"
[1] "2006 rmse:0.86"
[1] "2021 rmse:0.69"
[1] "2022 rmse:0.60"
[1] "2023 rmse:0.42"
[1] "2024 rmse:0.78"
Year 1 
      min_leaf     min_stem     min_root      min_pod
1 7.490754e-09 0.0002945627 0.0001692595 3.871416e-05
Year 2 
     min_leaf     min_stem     min_root      min_pod
1 3.44215e-07 0.0003504612 0.0002054052 5.577568e-05
Year 3 
      min_leaf     min_stem     min_root      min_pod
1 3.497256e-06 0.0005158169 0.0002385206 7.823964e-05
Year 4 
    min_leaf     min_stem    min_root      min_pod
1 4.9905e-07 0.0003543617 0.000190281 6.096134e-05
# A tibble: 8 × 4
  treatment    year_id total_overdraw n_overdraw_steps
  <fct>          <int>          <dbl>            <int>
1 Ambient CO2        1      0.000516                 1
2 Ambient CO2        2      0                        0
3 Ambient CO2        3      0.000440                 1
4 Ambient CO2        4      0.000949                 1
5 Elevated CO2       1      0.0000603                1
6 Elevated CO2       2      0                        0
7 Elevated CO2       3      0.0000435                1
8 Elevated CO2       4      0.00123                  1
# A tibble: 8 × 5
  co2_level    year_id neg_assim final_diff discrepancy
  <chr>          <int>     <dbl>      <dbl>       <dbl>
1 Ambient CO2        1         0    0.108      -0.108  
2 Ambient CO2        2         0    0.0697     -0.0697 
3 Ambient CO2        3         0   -0.0101      0.0101 
4 Ambient CO2        4         0   -0.00917     0.00917
5 Elevated CO2       1         0    0.175      -0.175  
6 Elevated CO2       2         0    0.115      -0.115  
7 Elevated CO2       3         0   -0.00189     0.00189
8 Elevated CO2       4         0   -0.00404     0.00404
[1] -5.974263
 [1] 21  1 23  2  0 22  3  4 20  5 19  7  6  8 18  9 17 10 13 11 12 14 15 16
RStudioGD 
        2 
RStudioGD 
        2 
[1] "hi"
7.040000 bestmemit:    0.043904    0.069171    0.089022    0.945946    0.361953    0.287753    0.272003    0.186085    0.309853    0.963465    0.520157    2.453534    0.007853    0.000777    0.007054    5.365870    1.960957    1.843190    1.741878    2.140809    2.274110    0.077164    1.011779    2.015899
Iteration: 9 bestvalit: 697.040000 bestmemit:    0.043904    0.069171    0.089022    0.945946    0.361953    0.287753    0.272003    0.186085    0.309853    0.963465    0.520157    2.453534    0.007853    0.000777    0.007054    5.365870    1.960957    1.843190    1.741878    2.140809    2.274110    0.077164    1.011779    2.015899
Iteration: 10 bestvalit: 651.655000 bestmemit:    0.043904    0.069171    0.089022    0.945946    0.361953    0.287753    0.272003    0.186085    0.309853    0.963465    0.520157    2.453534    0.007853    0.000777    0.007054    5.365870    9.386499    1.843190    1.741878    2.140809    2.274110    0.077164    1.011779    2.015899
Iteration: 11 bestvalit: 651.655000 bestmemit:    0.043904    0.069171    0.089022    0.945946    0.361953    0.287753    0.272003    0.186085    0.309853    0.963465    0.520157    2.453534    0.007853    0.000777    0.007054    5.365870    9.386499    1.843190    1.741878    2.140809    2.274110    0.077164    1.011779    2.015899
Iteration: 12 bestvalit: 651.655000 bestmemit:    0.043904    0.069171    0.089022    0.945946    0.361953    0.287753    0.272003    0.186085    0.309853    0.963465    0.520157    2.453534    0.007853    0.000777    0.007054    5.365870    9.386499    1.843190    1.741878    2.140809    2.274110    0.077164    1.011779    2.015899
Iteration: 13 bestvalit: 651.655000 bestmemit:    0.043904    0.069171    0.089022    0.945946    0.361953    0.287753    0.272003    0.186085    0.309853    0.963465    0.520157    2.453534    0.007853    0.000777    0.007054    5.365870    9.386499    1.843190    1.741878    2.140809    2.274110    0.077164    1.011779    2.015899
Iteration: 14 bestvalit: 651.655000 bestmemit:    0.043904    0.069171    0.089022    0.945946    0.361953    0.287753    0.272003    0.186085    0.309853    0.963465    0.520157    2.453534    0.007853    0.000777    0.007054    5.365870    9.386499    1.843190    1.741878    2.140809    2.274110    0.077164    1.011779    2.015899
Iteration: 15 bestvalit: 649.690000 bestmemit:    0.043904    0.069171    0.089022    0.945946    0.361953    0.287753    0.272003    0.186085    0.309853    0.963465    0.520157    2.453534    0.007853    0.000777    0.007054    5.365870    9.386499    1.843190    1.741878    2.067029    2.290620    0.077164    1.011779    2.015899
Iteration: 16 bestvalit: 642.000000 bestmemit:    0.043904    0.069171    0.089022    0.945946    0.361953    0.287753    0.272003    0.186085    0.309853    0.963465    0.520157    2.453534    0.007853    0.000777    0.007054    5.365870    9.386499    1.843190    1.741878    2.011879    2.407878    0.570222    1.011779    2.015899
Iteration: 17 bestvalit: 642.000000 bestmemit:    0.043904    0.069171    0.089022    0.945946    0.361953    0.287753    0.272003    0.186085    0.309853    0.963465    0.520157    2.453534    0.007853    0.000777    0.007054    5.365870    9.386499    1.843190    1.741878    2.011879    2.407878    0.570222    1.011779    2.015899
Iteration: 18 bestvalit: 642.000000 bestmemit:    0.043904    0.069171    0.089022    0.945946    0.361953    0.287753    0.272003    0.186085    0.309853    0.963465    0.520157    2.453534    0.007853    0.000777    0.007054    5.365870    9.386499    1.843190    1.741878    2.011879    2.407878    0.570222    1.011779    2.015899
Iteration: 19 bestvalit: 592.835000 bestmemit:    0.001463    0.040725    0.025940    0.676200    0.001712    0.264035    0.068761    0.255433    0.317179    0.688928    0.032285    3.434927    0.053028    0.004280    0.004950    9.935647    9.638252    0.228206    2.153941    2.319492    1.869933    0.666687    1.093864    2.179085
Iteration: 20 bestvalit: 592.835000 bestmemit:    0.001463    0.040725    0.025940    0.676200    0.001712    0.264035    0.068761    0.255433    0.317179    0.688928    0.032285    3.434927    0.053028    0.004280    0.004950    9.935647    9.638252    0.228206    2.153941    2.319492    1.869933    0.666687    1.093864    2.179085
Iteration: 21 bestvalit: 569.155000 bestmemit:    0.001463    0.040725    0.025940    0.676200    0.001712    0.264035    0.068761    0.255433    0.317179    0.688928    0.032285    3.434927    0.053028    0.003781    0.009675    8.315771    8.249508    0.228206    2.153941    2.319492    1.869933    0.666687    1.093864    2.179085
Iteration: 22 bestvalit: 569.155000 bestmemit:    0.001463    0.040725    0.025940    0.676200    0.001712    0.264035    0.068761    0.255433    0.317179    0.688928    0.032285    3.434927    0.053028    0.003781    0.009675    8.315771    8.249508    0.228206    2.153941    2.319492    1.869933    0.666687    1.093864    2.179085
Iteration: 23 bestvalit: 569.155000 bestmemit:    0.001463    0.040725    0.025940    0.676200    0.001712    0.264035    0.068761    0.255433    0.317179    0.688928    0.032285    3.434927    0.053028    0.003781    0.009675    8.315771    8.249508    0.228206    2.153941    2.319492    1.869933    0.666687    1.093864    2.179085
Iteration: 24 bestvalit: 550.405000 bestmemit:    0.026606    0.087970    0.087368    0.757404    0.228693    0.130045    0.255929    0.063438    0.314797    0.889325    0.671890    2.823072    0.055522    0.003763    0.002954    4.326613    9.974025    1.784065    2.498358    1.982273    2.159613    0.048946    1.051292    2.069019
Iteration: 25 bestvalit: 525.540000 bestmemit:    0.003901    0.024579    0.084165    0.079979    0.145543    0.196327    0.432278    0.065032    0.314470    0.567204    0.550267    2.365085    0.037630    0.001045    0.008713    7.068619    1.642337    1.335577    2.227239    2.131365    1.988974    0.376658    1.072230    2.107853
Iteration: 26 bestvalit: 525.540000 bestmemit:    0.003901    0.024579    0.084165    0.079979    0.145543    0.196327    0.432278    0.065032    0.314470    0.567204    0.550267    2.365085    0.037630    0.001045    0.008713    7.068619    1.642337    1.335577    2.227239    2.131365    1.988974    0.376658    1.072230    2.107853
Iteration: 27 bestvalit: 507.535000 bestmemit:    0.043904    0.069171    0.089022    0.945946    0.361953    0.287753    0.272003    0.186085    0.309853    0.963465    0.877728    1.388865    0.006551    0.002013    0.005734    7.083803    6.997898    1.843190    1.741878    2.011879    2.407878    0.570222    1.011779    2.015899
Iteration: 28 bestvalit: 502.150000 bestmemit:    0.028346    0.097770    0.090086    0.917488    0.161094    0.230892    0.034153    0.078310    0.227448    0.975406    0.147569    4.517120    0.019716    0.000140    0.007325    8.543254    3.931112    1.868148    1.783267    1.867603    2.378290    0.849357    1.066916    1.933458
Iteration: 29 bestvalit: 397.625000 bestmemit:    0.013355    0.017528    0.021659    0.607564    0.332489    0.163395    0.136459    0.099039    0.391119    0.331902    0.179332    3.607750    0.065754    0.004243    0.001988    8.055342    3.673691    0.095942    1.940190    2.354934    1.668006    0.167357    1.109442    1.891138
Iteration: 30 bestvalit: 397.625000 bestmemit:    0.013355    0.017528    0.021659    0.607564    0.332489    0.163395    0.136459    0.099039    0.391119    0.331902    0.179332    3.607750    0.065754    0.004243    0.001988    8.055342    3.673691    0.095942    1.940190    2.354934    1.668006    0.167357    1.109442    1.891138
Iteration: 31 bestvalit: 395.430000 bestmemit:    0.013355    0.017528    0.021659    0.607564    0.332489    0.163395    0.136459    0.099039    0.391119    0.331902    0.179332    3.607750    0.065754    0.004243    0.001988    8.055342    3.673691    0.095942    1.940190    2.344499    2.193039    0.167357    1.109442    1.891138
Iteration: 32 bestvalit: 344.250000 bestmemit:    0.027154    0.041120    0.079072    0.271758    0.283786    0.198304    0.253879    0.107223    0.299268    0.785739    0.804878    4.452460    0.031808    0.000002    0.001618    9.497636    9.694986    1.912050    1.967290    2.071245    1.512410    0.095562    1.095667    2.105770
Iteration: 33 bestvalit: 344.250000 bestmemit:    0.027154    0.041120    0.079072    0.271758    0.283786    0.198304    0.253879    0.107223    0.299268    0.785739    0.804878    4.452460    0.031808    0.000002    0.001618    9.497636    9.694986    1.912050    1.967290    2.071245    1.512410    0.095562    1.095667    2.105770
Iteration: 34 bestvalit: 344.250000 bestmemit:    0.027154    0.041120    0.079072    0.271758    0.283786    0.198304    0.253879    0.107223    0.299268    0.785739    0.804878    4.452460    0.031808    0.000002    0.001618    9.497636    9.694986    1.912050    1.967290    2.071245    1.512410    0.095562    1.095667    2.105770
Iteration: 35 bestvalit: 331.180000 bestmemit:    0.027154    0.041120    0.079072    0.271758    0.283786    0.198304    0.253879    0.107223    0.299268    0.785739    0.804878    4.452460    0.031808    0.002667    0.001618    9.497636    9.694986    1.912050    1.967290    2.071245    1.512410    0.095562    1.095667    2.105770
Iteration: 36 bestvalit: 331.180000 bestmemit:    0.027154    0.041120    0.079072    0.271758    0.283786    0.198304    0.253879    0.107223    0.299268    0.785739    0.804878    4.452460    0.031808    0.002667    0.001618    9.497636    9.694986    1.912050    1.967290    2.071245    1.512410    0.095562    1.095667    2.105770
Iteration: 37 bestvalit: 331.180000 bestmemit:    0.027154    0.041120    0.079072    0.271758    0.283786    0.198304    0.253879    0.107223    0.299268    0.785739    0.804878    4.452460    0.031808    0.002667    0.001618    9.497636    9.694986    1.912050    1.967290    2.071245    1.512410    0.095562    1.095667    2.105770
Iteration: 38 bestvalit: 331.180000 bestmemit:    0.027154    0.041120    0.079072    0.271758    0.283786    0.198304    0.253879    0.107223    0.299268    0.785739    0.804878    4.452460    0.031808    0.002667    0.001618    9.497636    9.694986    1.912050    1.967290    2.071245    1.512410    0.095562    1.095667    2.105770
Iteration: 39 bestvalit: 331.180000 bestmemit:    0.027154    0.041120    0.079072    0.271758    0.283786    0.198304    0.253879    0.107223    0.299268    0.785739    0.804878    4.452460    0.031808    0.002667    0.001618    9.497636    9.694986    1.912050    1.967290    2.071245    1.512410    0.095562    1.095667    2.105770
Iteration: 40 bestvalit: 331.180000 bestmemit:    0.027154    0.041120    0.079072    0.271758    0.283786    0.198304    0.253879    0.107223    0.299268    0.785739    0.804878    4.452460    0.031808    0.002667    0.001618    9.497636    9.694986    1.912050    1.967290    2.071245    1.512410    0.095562    1.095667    2.105770
Iteration: 41 bestvalit: 331.180000 bestmemit:    0.027154    0.041120    0.079072    0.271758    0.283786    0.198304    0.253879    0.107223    0.299268    0.785739    0.804878    4.452460    0.031808    0.002667    0.001618    9.497636    9.694986    1.912050    1.967290    2.071245    1.512410    0.095562    1.095667    2.105770
Iteration: 42 bestvalit: 306.055000 bestmemit:    0.009199    0.039453    0.033780    0.793612    0.291074    0.340313    0.239246    0.232069    0.246422    0.244821    0.979902    2.763158    0.044244    0.004134    0.008472    7.847675    5.115517    0.549875    1.926156    2.180856    2.348869    0.516426    1.148323    1.870876
Iteration: 43 bestvalit: 306.055000 bestmemit:    0.009199    0.039453    0.033780    0.793612    0.291074    0.340313    0.239246    0.232069    0.246422    0.244821    0.979902    2.763158    0.044244    0.004134    0.008472    7.847675    5.115517    0.549875    1.926156    2.180856    2.348869    0.516426    1.148323    1.870876
Iteration: 44 bestvalit: 306.055000 bestmemit:    0.009199    0.039453    0.033780    0.793612    0.291074    0.340313    0.239246    0.232069    0.246422    0.244821    0.979902    2.763158    0.044244    0.004134    0.008472    7.847675    5.115517    0.549875    1.926156    2.180856    2.348869    0.516426    1.148323    1.870876
Iteration: 45 bestvalit: 306.055000 bestmemit:    0.009199    0.039453    0.033780    0.793612    0.291074    0.340313    0.239246    0.232069    0.246422    0.244821    0.979902    2.763158    0.044244    0.004134    0.008472    7.847675    5.115517    0.549875    1.926156    2.180856    2.348869    0.516426    1.148323    1.870876
Iteration: 46 bestvalit: 306.055000 bestmemit:    0.009199    0.039453    0.033780    0.793612    0.291074    0.340313    0.239246    0.232069    0.246422    0.244821    0.979902    2.763158    0.044244    0.004134    0.008472    7.847675    5.115517    0.549875    1.926156    2.180856    2.348869    0.516426    1.148323    1.870876
Iteration: 47 bestvalit: 306.055000 bestmemit:    0.009199    0.039453    0.033780    0.793612    0.291074    0.340313    0.239246    0.232069    0.246422    0.244821    0.979902    2.763158    0.044244    0.004134    0.008472    7.847675    5.115517    0.549875    1.926156    2.180856    2.348869    0.516426    1.148323    1.870876
Iteration: 48 bestvalit: 306.055000 bestmemit:    0.009199    0.039453    0.033780    0.793612    0.291074    0.340313    0.239246    0.232069    0.246422    0.244821    0.979902    2.763158    0.044244    0.004134    0.008472    7.847675    5.115517    0.549875    1.926156    2.180856    2.348869    0.516426    1.148323    1.870876
Iteration: 49 bestvalit: 306.055000 bestmemit:    0.009199    0.039453    0.033780    0.793612    0.291074    0.340313    0.239246    0.232069    0.246422    0.244821    0.979902    2.763158    0.044244    0.004134    0.008472    7.847675    5.115517    0.549875    1.926156    2.180856    2.348869    0.516426    1.148323    1.870876
Iteration: 50 bestvalit: 306.055000 bestmemit:    0.009199    0.039453    0.033780    0.793612    0.291074    0.340313    0.239246    0.232069    0.246422    0.244821    0.979902    2.763158    0.044244    0.004134    0.008472    7.847675    5.115517    0.549875    1.926156    2.180856    2.348869    0.516426    1.148323    1.870876
Iteration: 51 bestvalit: 283.305000 bestmemit:    0.023806    0.033929    0.093016    0.761426    0.361455    0.252565    0.378837    0.056279    0.247357    0.909547    0.701617    2.902917    0.051697    0.006651    0.002889    4.340835    6.973942    0.817602    2.309515    2.298471    2.022001    0.809945    1.209160    2.061917
Iteration: 52 bestvalit: 283.305000 bestmemit:    0.023806    0.033929    0.093016    0.761426    0.361455    0.252565    0.378837    0.056279    0.247357    0.909547    0.701617    2.902917    0.051697    0.006651    0.002889    4.340835    6.973942    0.817602    2.309515    2.298471    2.022001    0.809945    1.209160    2.061917
Iteration: 53 bestvalit: 283.305000 bestmemit:    0.023806    0.033929    0.093016    0.761426    0.361455    0.252565    0.378837    0.056279    0.247357    0.909547    0.701617    2.902917    0.051697    0.006651    0.002889    4.340835    6.973942    0.817602    2.309515    2.298471    2.022001    0.809945    1.209160    2.061917
Iteration: 54 bestvalit: 283.305000 bestmemit:    0.023806    0.033929    0.093016    0.761426    0.361455    0.252565    0.378837    0.056279    0.247357    0.909547    0.701617    2.902917    0.051697    0.006651    0.002889    4.340835    6.973942    0.817602    2.309515    2.298471    2.022001    0.809945    1.209160    2.061917
Iteration: 55 bestvalit: 282.265000 bestmemit:    0.023806    0.033929    0.093016    0.761426    0.361455    0.252565    0.378837    0.056279    0.247357    0.909547    0.701617    2.902917    0.051697    0.006651    0.002889    4.340835    6.973942    0.817602    2.309515    2.298471    2.022001    0.459295    1.209160    2.061917
Iteration: 56 bestvalit: 282.265000 bestmemit:    0.023806    0.033929    0.093016    0.761426    0.361455    0.252565    0.378837    0.056279    0.247357    0.909547    0.701617    2.902917    0.051697    0.006651    0.002889    4.340835    6.973942    0.817602    2.309515    2.298471    2.022001    0.459295    1.209160    2.061917
Iteration: 57 bestvalit: 281.090000 bestmemit:    0.023806    0.033929    0.093016    0.761426    0.361455    0.252565    0.378837    0.056279    0.247357    0.909547    0.701617    2.902917    0.051697    0.006651    0.002889    4.340835    6.863190    0.817602    2.309515    2.298471    2.022001    0.459295    1.209160    2.061917
Iteration: 58 bestvalit: 281.090000 bestmemit:    0.023806    0.033929    0.093016    0.761426    0.361455    0.252565    0.378837    0.056279    0.247357    0.909547    0.701617    2.902917    0.051697    0.006651    0.002889    4.340835    6.863190    0.817602    2.309515    2.298471    2.022001    0.459295    1.209160    2.061917
Iteration: 59 bestvalit: 281.090000 bestmemit:    0.023806    0.033929    0.093016    0.761426    0.361455    0.252565    0.378837    0.056279    0.247357    0.909547    0.701617    2.902917    0.051697    0.006651    0.002889    4.340835    6.863190    0.817602    2.309515    2.298471    2.022001    0.459295    1.209160    2.061917
Iteration: 60 bestvalit: 281.090000 bestmemit:    0.023806    0.033929    0.093016    0.761426    0.361455    0.252565    0.378837    0.056279    0.247357    0.909547    0.701617    2.902917    0.051697    0.006651    0.002889    4.340835    6.863190    0.817602    2.309515    2.298471    2.022001    0.459295    1.209160    2.061917
Iteration: 61 bestvalit: 249.005000 bestmemit:    0.023806    0.033929    0.093016    0.761426    0.361455    0.252565    0.378837    0.056279    0.247357    0.909547    0.701617    2.902917    0.051697    0.006651    0.002889    4.340835    6.271537    0.323190    2.442967    2.139406    2.297441    0.131270    1.209160    2.061917
Iteration: 62 bestvalit: 249.005000 bestmemit:    0.023806    0.033929    0.093016    0.761426    0.361455    0.252565    0.378837    0.056279    0.247357    0.909547    0.701617    2.902917    0.051697    0.006651    0.002889    4.340835    6.271537    0.323190    2.442967    2.139406    2.297441    0.131270    1.209160    2.061917
Iteration: 63 bestvalit: 249.005000 bestmemit:    0.023806    0.033929    0.093016    0.761426    0.361455    0.252565    0.378837    0.056279    0.247357    0.909547    0.701617    2.902917    0.051697    0.006651    0.002889    4.340835    6.271537    0.323190    2.442967    2.139406    2.297441    0.131270    1.209160    2.061917
Iteration: 64 bestvalit: 249.005000 bestmemit:    0.023806    0.033929    0.093016    0.761426    0.361455    0.252565    0.378837    0.056279    0.247357    0.909547    0.701617    2.902917    0.051697    0.006651    0.002889    4.340835    6.271537    0.323190    2.442967    2.139406    2.297441    0.131270    1.209160    2.061917
Iteration: 65 bestvalit: 249.005000 bestmemit:    0.023806    0.033929    0.093016    0.761426    0.361455    0.252565    0.378837    0.056279    0.247357    0.909547    0.701617    2.902917    0.051697    0.006651    0.002889    4.340835    6.271537    0.323190    2.442967    2.139406    2.297441    0.131270    1.209160    2.061917
Iteration: 66 bestvalit: 249.005000 bestmemit:    0.023806    0.033929    0.093016    0.761426    0.361455    0.252565    0.378837    0.056279    0.247357    0.909547    0.701617    2.902917    0.051697    0.006651    0.002889    4.340835    6.271537    0.323190    2.442967    2.139406    2.297441    0.131270    1.209160    2.061917
Iteration: 67 bestvalit: 249.005000 bestmemit:    0.023806    0.033929    0.093016    0.761426    0.361455    0.252565    0.378837    0.056279    0.247357    0.909547    0.701617    2.902917    0.051697    0.006651    0.002889    4.340835    6.271537    0.323190    2.442967    2.139406    2.297441    0.131270    1.209160    2.061917
Iteration: 68 bestvalit: 249.005000 bestmemit:    0.023806    0.033929    0.093016    0.761426    0.361455    0.252565    0.378837    0.056279    0.247357    0.909547    0.701617    2.902917    0.051697    0.006651    0.002889    4.340835    6.271537    0.323190    2.442967    2.139406    2.297441    0.131270    1.209160    2.061917
Iteration: 69 bestvalit: 248.635000 bestmemit:    0.023806    0.033929    0.093016    0.761426    0.361455    0.252565    0.378837    0.056279    0.247357    0.909547    0.701617    2.902917    0.051697    0.006651    0.002889    4.340835    6.271537    0.323190    2.442967    2.139406    2.297441    0.032764    1.209160    2.061917
Iteration: 70 bestvalit: 248.635000 bestmemit:    0.023806    0.033929    0.093016    0.761426    0.361455    0.252565    0.378837    0.056279    0.247357    0.909547    0.701617    2.902917    0.051697    0.006651    0.002889    4.340835    6.271537    0.323190    2.442967    2.139406    2.297441    0.032764    1.209160    2.061917
Iteration: 71 bestvalit: 248.635000 bestmemit:    0.023806    0.033929    0.093016    0.761426    0.361455    0.252565    0.378837    0.056279    0.247357    0.909547    0.701617    2.902917    0.051697    0.006651    0.002889    4.340835    6.271537    0.323190    2.442967    2.139406    2.297441    0.032764    1.209160    2.061917
Iteration: 72 bestvalit: 248.635000 bestmemit:    0.023806    0.033929    0.093016    0.761426    0.361455    0.252565    0.378837    0.056279    0.247357    0.909547    0.701617    2.902917    0.051697    0.006651    0.002889    4.340835    6.271537    0.323190    2.442967    2.139406    2.297441    0.032764    1.209160    2.061917
Iteration: 73 bestvalit: 248.635000 bestmemit:    0.023806    0.033929    0.093016    0.761426    0.361455    0.252565    0.378837    0.056279    0.247357    0.909547    0.701617    2.902917    0.051697    0.006651    0.002889    4.340835    6.271537    0.323190    2.442967    2.139406    2.297441    0.032764    1.209160    2.061917
Iteration: 74 bestvalit: 248.635000 bestmemit:    0.023806    0.033929    0.093016    0.761426    0.361455    0.252565    0.378837    0.056279    0.247357    0.909547    0.701617    2.902917    0.051697    0.006651    0.002889    4.340835    6.271537    0.323190    2.442967    2.139406    2.297441    0.032764    1.209160    2.061917
Iteration: 75 bestvalit: 246.880000 bestmemit:    0.023806    0.033929    0.093016    0.761426    0.361455    0.252565    0.378837    0.056279    0.247357    0.909547    0.701617    2.902917    0.051697    0.006651    0.002889    4.340835    6.271537    0.323190    2.442967    2.139406    2.383501    0.032764    1.209160    2.061917
Iteration: 76 bestvalit: 242.585000 bestmemit:    0.023806    0.033929    0.093016    0.761426    0.361455    0.252565    0.378837    0.056279    0.247357    0.909547    0.701617    2.902917    0.051697    0.006651    0.002889    4.340835    6.271537    0.481419    2.442967    2.139406    2.383501    0.032764    1.209160    2.061917
Iteration: 77 bestvalit: 242.585000 bestmemit:    0.023806    0.033929    0.093016    0.761426    0.361455    0.252565    0.378837    0.056279    0.247357    0.909547    0.701617    2.902917    0.051697    0.006651    0.002889    4.340835    6.271537    0.481419    2.442967    2.139406    2.383501    0.032764    1.209160    2.061917
Iteration: 78 bestvalit: 242.585000 bestmemit:    0.023806    0.033929    0.093016    0.761426    0.361455    0.252565    0.378837    0.056279    0.247357    0.909547    0.701617    2.902917    0.051697    0.006651    0.002889    4.340835    6.271537    0.481419    2.442967    2.139406    2.383501    0.032764    1.209160    2.061917
Iteration: 79 bestvalit: 242.585000 bestmemit:    0.023806    0.033929    0.093016    0.761426    0.361455    0.252565    0.378837    0.056279    0.247357    0.909547    0.701617    2.902917    0.051697    0.006651    0.002889    4.340835    6.271537    0.481419    2.442967    2.139406    2.383501    0.032764    1.209160    2.061917
Iteration: 80 bestvalit: 242.585000 bestmemit:    0.023806    0.033929    0.093016    0.761426    0.361455    0.252565    0.378837    0.056279    0.247357    0.909547    0.701617    2.902917    0.051697    0.006651    0.002889    4.340835    6.271537    0.481419    2.442967    2.139406    2.383501    0.032764    1.209160    2.061917
Iteration: 81 bestvalit: 225.975000 bestmemit:    0.023806    0.033929    0.093016    0.761426    0.361455    0.252565    0.378837    0.056279    0.247357    0.909547    0.701617    2.902917    0.061333    0.006651    0.002889    4.340835    6.271537    0.481419    2.442967    2.139406    2.383501    0.032764    1.209160    2.061917
Iteration: 82 bestvalit: 225.975000 bestmemit:    0.023806    0.033929    0.093016    0.761426    0.361455    0.252565    0.378837    0.056279    0.247357    0.909547    0.701617    2.902917    0.061333    0.006651    0.002889    4.340835    6.271537    0.481419    2.442967    2.139406    2.383501    0.032764    1.209160    2.061917
Iteration: 83 bestvalit: 225.975000 bestmemit:    0.023806    0.033929    0.093016    0.761426    0.361455    0.252565    0.378837    0.056279    0.247357    0.909547    0.701617    2.902917    0.061333    0.006651    0.002889    4.340835    6.271537    0.481419    2.442967    2.139406    2.383501    0.032764    1.209160    2.061917
Iteration: 84 bestvalit: 225.975000 bestmemit:    0.023806    0.033929    0.093016    0.761426    0.361455    0.252565    0.378837    0.056279    0.247357    0.909547    0.701617    2.902917    0.061333    0.006651    0.002889    4.340835    6.271537    0.481419    2.442967    2.139406    2.383501    0.032764    1.209160    2.061917
Iteration: 85 bestvalit: 225.975000 bestmemit:    0.023806    0.033929    0.093016    0.761426    0.361455    0.252565    0.378837    0.056279    0.247357    0.909547    0.701617    2.902917    0.061333    0.006651    0.002889    4.340835    6.271537    0.481419    2.442967    2.139406    2.383501    0.032764    1.209160    2.061917
Iteration: 86 bestvalit: 225.975000 bestmemit:    0.023806    0.033929    0.093016    0.761426    0.361455    0.252565    0.378837    0.056279    0.247357    0.909547    0.701617    2.902917    0.061333    0.006651    0.002889    4.340835    6.271537    0.481419    2.442967    2.139406    2.383501    0.032764    1.209160    2.061917
Iteration: 87 bestvalit: 225.975000 bestmemit:    0.023806    0.033929    0.093016    0.761426    0.361455    0.252565    0.378837    0.056279    0.247357    0.909547    0.701617    2.902917    0.061333    0.006651    0.002889    4.340835    6.271537    0.481419    2.442967    2.139406    2.383501    0.032764    1.209160    2.061917
Iteration: 88 bestvalit: 225.975000 bestmemit:    0.023806    0.033929    0.093016    0.761426    0.361455    0.252565    0.378837    0.056279    0.247357    0.909547    0.701617    2.902917    0.061333    0.006651    0.002889    4.340835    6.271537    0.481419    2.442967    2.139406    2.383501    0.032764    1.209160    2.061917
Iteration: 89 bestvalit: 225.975000 bestmemit:    0.023806    0.033929    0.093016    0.761426    0.361455    0.252565    0.378837    0.056279    0.247357    0.909547    0.701617    2.902917    0.061333    0.006651    0.002889    4.340835    6.271537    0.481419    2.442967    2.139406    2.383501    0.032764    1.209160    2.061917
Iteration: 90 bestvalit: 225.975000 bestmemit:    0.023806    0.033929    0.093016    0.761426    0.361455    0.252565    0.378837    0.056279    0.247357    0.909547    0.701617    2.902917    0.061333    0.006651    0.002889    4.340835    6.271537    0.481419    2.442967    2.139406    2.383501    0.032764    1.209160    2.061917
Iteration: 91 bestvalit: 225.975000 bestmemit:    0.023806    0.033929    0.093016    0.761426    0.361455    0.252565    0.378837    0.056279    0.247357    0.909547    0.701617    2.902917    0.061333    0.006651    0.002889    4.340835    6.271537    0.481419    2.442967    2.139406    2.383501    0.032764    1.209160    2.061917
Iteration: 92 bestvalit: 225.975000 bestmemit:    0.023806    0.033929    0.093016    0.761426    0.361455    0.252565    0.378837    0.056279    0.247357    0.909547    0.701617    2.902917    0.061333    0.006651    0.002889    4.340835    6.271537    0.481419    2.442967    2.139406    2.383501    0.032764    1.209160    2.061917
Iteration: 93 bestvalit: 225.975000 bestmemit:    0.023806    0.033929    0.093016    0.761426    0.361455    0.252565    0.378837    0.056279    0.247357    0.909547    0.701617    2.902917    0.061333    0.006651    0.002889    4.340835    6.271537    0.481419    2.442967    2.139406    2.383501    0.032764    1.209160    2.061917
Iteration: 94 bestvalit: 225.975000 bestmemit:    0.023806    0.033929    0.093016    0.761426    0.361455    0.252565    0.378837    0.056279    0.247357    0.909547    0.701617    2.902917    0.061333    0.006651    0.002889    4.340835    6.271537    0.481419    2.442967    2.139406    2.383501    0.032764    1.209160    2.061917
Iteration: 95 bestvalit: 225.975000 bestmemit:    0.023806    0.033929    0.093016    0.761426    0.361455    0.252565    0.378837    0.056279    0.247357    0.909547    0.701617    2.902917    0.061333    0.006651    0.002889    4.340835    6.271537    0.481419    2.442967    2.139406    2.383501    0.032764    1.209160    2.061917
Iteration: 96 bestvalit: 225.975000 bestmemit:    0.023806    0.033929    0.093016    0.761426    0.361455    0.252565    0.378837    0.056279    0.247357    0.909547    0.701617    2.902917    0.061333    0.006651    0.002889    4.340835    6.271537    0.481419    2.442967    2.139406    2.383501    0.032764    1.209160    2.061917
Iteration: 97 bestvalit: 225.975000 bestmemit:    0.023806    0.033929    0.093016    0.761426    0.361455    0.252565    0.378837    0.056279    0.247357    0.909547    0.701617    2.902917    0.061333    0.006651    0.002889    4.340835    6.271537    0.481419    2.442967    2.139406    2.383501    0.032764    1.209160    2.061917
Iteration: 98 bestvalit: 223.260000 bestmemit:    0.008988    0.012061    0.067443    0.975601    0.230445    0.052897    0.128114    0.149132    0.306540    0.261069    0.237308    2.739011    0.030885    0.001739    0.002189    9.771634    1.380323    1.616808    1.966736    2.200935    1.905308    0.892142    1.096970    2.026567
Iteration: 99 bestvalit: 223.260000 bestmemit:    0.008988    0.012061    0.067443    0.975601    0.230445    0.052897    0.128114    0.149132    0.306540    0.261069    0.237308    2.739011    0.030885    0.001739    0.002189    9.771634    1.380323    1.616808    1.966736    2.200935    1.905308    0.892142    1.096970    2.026567
Iteration: 100 bestvalit: 223.260000 bestmemit:    0.008988    0.012061    0.067443    0.975601    0.230445    0.052897    0.128114    0.149132    0.306540    0.261069    0.237308    2.739011    0.030885    0.001739    0.002189    9.771634    1.380323    1.616808    1.966736    2.200935    1.905308    0.892142    1.096970    2.026567
Iteration: 101 bestvalit: 223.200000 bestmemit:    0.008988    0.012061    0.067443    0.975601    0.230445    0.052897    0.128114    0.149132    0.306540    0.261069    0.237308    2.739011    0.030885    0.001739    0.002189    9.771634    1.380323    1.616808    1.966736    2.200935    1.905308    0.960263    1.096970    2.026567
Iteration: 102 bestvalit: 223.200000 bestmemit:    0.008988    0.012061    0.067443    0.975601    0.230445    0.052897    0.128114    0.149132    0.306540    0.261069    0.237308    2.739011    0.030885    0.001739    0.002189    9.771634    1.380323    1.616808    1.966736    2.200935    1.905308    0.960263    1.096970    2.026567
Iteration: 103 bestvalit: 223.200000 bestmemit:    0.008988    0.012061    0.067443    0.975601    0.230445    0.052897    0.128114    0.149132    0.306540    0.261069    0.237308    2.739011    0.030885    0.001739    0.002189    9.771634    1.380323    1.616808    1.966736    2.200935    1.905308    0.960263    1.096970    2.026567
Iteration: 104 bestvalit: 223.200000 bestmemit:    0.008988    0.012061    0.067443    0.975601    0.230445    0.052897    0.128114    0.149132    0.306540    0.261069    0.237308    2.739011    0.030885    0.001739    0.002189    9.771634    1.380323    1.616808    1.966736    2.200935    1.905308    0.960263    1.096970    2.026567
Iteration: 105 bestvalit: 223.200000 bestmemit:    0.008988    0.012061    0.067443    0.975601    0.230445    0.052897    0.128114    0.149132    0.306540    0.261069    0.237308    2.739011    0.030885    0.001739    0.002189    9.771634    1.380323    1.616808    1.966736    2.200935    1.905308    0.960263    1.096970    2.026567
Iteration: 106 bestvalit: 223.200000 bestmemit:    0.008988    0.012061    0.067443    0.975601    0.230445    0.052897    0.128114    0.149132    0.306540    0.261069    0.237308    2.739011    0.030885    0.001739    0.002189    9.771634    1.380323    1.616808    1.966736    2.200935    1.905308    0.960263    1.096970    2.026567
Iteration: 107 bestvalit: 223.200000 bestmemit:    0.008988    0.012061    0.067443    0.975601    0.230445    0.052897    0.128114    0.149132    0.306540    0.261069    0.237308    2.739011    0.030885    0.001739    0.002189    9.771634    1.380323    1.616808    1.966736    2.200935    1.905308    0.960263    1.096970    2.026567
Iteration: 108 bestvalit: 216.935000 bestmemit:    0.006456    0.023549    0.056434    0.746216    0.203574    0.227048    0.317881    0.097618    0.264539    0.308951    0.744156    2.033489    0.035573    0.009692    0.002547    7.078865    6.453077    0.788289    1.985314    2.445828    1.546785    0.767877    1.188131    2.154760
Iteration: 109 bestvalit: 216.935000 bestmemit:    0.006456    0.023549    0.056434    0.746216    0.203574    0.227048    0.317881    0.097618    0.264539    0.308951    0.744156    2.033489    0.035573    0.009692    0.002547    7.078865    6.453077    0.788289    1.985314    2.445828    1.546785    0.767877    1.188131    2.154760
Iteration: 110 bestvalit: 216.935000 bestmemit:    0.006456    0.023549    0.056434    0.746216    0.203574    0.227048    0.317881    0.097618    0.264539    0.308951    0.744156    2.033489    0.035573    0.009692    0.002547    7.078865    6.453077    0.788289    1.985314    2.445828    1.546785    0.767877    1.188131    2.154760
Iteration: 111 bestvalit: 216.935000 bestmemit:    0.006456    0.023549    0.056434    0.746216    0.203574    0.227048    0.317881    0.097618    0.264539    0.308951    0.744156    2.033489    0.035573    0.009692    0.002547    7.078865    6.453077    0.788289    1.985314    2.445828    1.546785    0.767877    1.188131    2.154760
Iteration: 112 bestvalit: 192.090000 bestmemit:    0.006456    0.023549    0.056434    0.746216    0.203574    0.227048    0.317881    0.097618    0.264539    0.308951    0.499521    2.703115    0.033433    0.009692    0.002547    7.078865    6.453077    0.788289    1.985314    2.445828    1.546785    0.767877    1.188131    2.154760
Iteration: 113 bestvalit: 192.090000 bestmemit:    0.006456    0.023549    0.056434    0.746216    0.203574    0.227048    0.317881    0.097618    0.264539    0.308951    0.499521    2.703115    0.033433    0.009692    0.002547    7.078865    6.453077    0.788289    1.985314    2.445828    1.546785    0.767877    1.188131    2.154760
Iteration: 114 bestvalit: 192.090000 bestmemit:    0.006456    0.023549    0.056434    0.746216    0.203574    0.227048    0.317881    0.097618    0.264539    0.308951    0.499521    2.703115    0.033433    0.009692    0.002547    7.078865    6.453077    0.788289    1.985314    2.445828    1.546785    0.767877    1.188131    2.154760
Iteration: 115 bestvalit: 192.090000 bestmemit:    0.006456    0.023549    0.056434    0.746216    0.203574    0.227048    0.317881    0.097618    0.264539    0.308951    0.499521    2.703115    0.033433    0.009692    0.002547    7.078865    6.453077    0.788289    1.985314    2.445828    1.546785    0.767877    1.188131    2.154760
Iteration: 116 bestvalit: 192.090000 bestmemit:    0.006456    0.023549    0.056434    0.746216    0.203574    0.227048    0.317881    0.097618    0.264539    0.308951    0.499521    2.703115    0.033433    0.009692    0.002547    7.078865    6.453077    0.788289    1.985314    2.445828    1.546785    0.767877    1.188131    2.154760
Iteration: 117 bestvalit: 192.090000 bestmemit:    0.006456    0.023549    0.056434    0.746216    0.203574    0.227048    0.317881    0.097618    0.264539    0.308951    0.499521    2.703115    0.033433    0.009692    0.002547    7.078865    6.453077    0.788289    1.985314    2.445828    1.546785    0.767877    1.188131    2.154760
Iteration: 118 bestvalit: 192.090000 bestmemit:    0.006456    0.023549    0.056434    0.746216    0.203574    0.227048    0.317881    0.097618    0.264539    0.308951    0.499521    2.703115    0.033433    0.009692    0.002547    7.078865    6.453077    0.788289    1.985314    2.445828    1.546785    0.767877    1.188131    2.154760
Iteration: 119 bestvalit: 192.090000 bestmemit:    0.006456    0.023549    0.056434    0.746216    0.203574    0.227048    0.317881    0.097618    0.264539    0.308951    0.499521    2.703115    0.033433    0.009692    0.002547    7.078865    6.453077    0.788289    1.985314    2.445828    1.546785    0.767877    1.188131    2.154760
Iteration: 120 bestvalit: 192.090000 bestmemit:    0.006456    0.023549    0.056434    0.746216    0.203574    0.227048    0.317881    0.097618    0.264539    0.308951    0.499521    2.703115    0.033433    0.009692    0.002547    7.078865    6.453077    0.788289    1.985314    2.445828    1.546785    0.767877    1.188131    2.154760
Iteration: 121 bestvalit: 192.090000 bestmemit:    0.006456    0.023549    0.056434    0.746216    0.203574    0.227048    0.317881    0.097618    0.264539    0.308951    0.499521    2.703115    0.033433    0.009692    0.002547    7.078865    6.453077    0.788289    1.985314    2.445828    1.546785    0.767877    1.188131    2.154760
Iteration: 122 bestvalit: 192.090000 bestmemit:    0.006456    0.023549    0.056434    0.746216    0.203574    0.227048    0.317881    0.097618    0.264539    0.308951    0.499521    2.703115    0.033433    0.009692    0.002547    7.078865    6.453077    0.788289    1.985314    2.445828    1.546785    0.767877    1.188131    2.154760
Iteration: 123 bestvalit: 192.090000 bestmemit:    0.006456    0.023549    0.056434    0.746216    0.203574    0.227048    0.317881    0.097618    0.264539    0.308951    0.499521    2.703115    0.033433    0.009692    0.002547    7.078865    6.453077    0.788289    1.985314    2.445828    1.546785    0.767877    1.188131    2.154760
Iteration: 124 bestvalit: 192.090000 bestmemit:    0.006456    0.023549    0.056434    0.746216    0.203574    0.227048    0.317881    0.097618    0.264539    0.308951    0.499521    2.703115    0.033433    0.009692    0.002547    7.078865    6.453077    0.788289    1.985314    2.445828    1.546785    0.767877    1.188131    2.154760
Iteration: 125 bestvalit: 192.090000 bestmemit:    0.006456    0.023549    0.056434    0.746216    0.203574    0.227048    0.317881    0.097618    0.264539    0.308951    0.499521    2.703115    0.033433    0.009692    0.002547    7.078865    6.453077    0.788289    1.985314    2.445828    1.546785    0.767877    1.188131    2.154760
Iteration: 126 bestvalit: 192.090000 bestmemit:    0.006456    0.023549    0.056434    0.746216    0.203574    0.227048    0.317881    0.097618    0.264539    0.308951    0.499521    2.703115    0.033433    0.009692    0.002547    7.078865    6.453077    0.788289    1.985314    2.445828    1.546785    0.767877    1.188131    2.154760
Iteration: 127 bestvalit: 192.090000 bestmemit:    0.006456    0.023549    0.056434    0.746216    0.203574    0.227048    0.317881    0.097618    0.264539    0.308951    0.499521    2.703115    0.033433    0.009692    0.002547    7.078865    6.453077    0.788289    1.985314    2.445828    1.546785    0.767877    1.188131    2.154760
Iteration: 128 bestvalit: 192.090000 bestmemit:    0.006456    0.023549    0.056434    0.746216    0.203574    0.227048    0.317881    0.097618    0.264539    0.308951    0.499521    2.703115    0.033433    0.009692    0.002547    7.078865    6.453077    0.788289    1.985314    2.445828    1.546785    0.767877    1.188131    2.154760
Iteration: 129 bestvalit: 192.090000 bestmemit:    0.006456    0.023549    0.056434    0.746216    0.203574    0.227048    0.317881    0.097618    0.264539    0.308951    0.499521    2.703115    0.033433    0.009692    0.002547    7.078865    6.453077    0.788289    1.985314    2.445828    1.546785    0.767877    1.188131    2.154760
Iteration: 130 bestvalit: 192.090000 bestmemit:    0.006456    0.023549    0.056434    0.746216    0.203574    0.227048    0.317881    0.097618    0.264539    0.308951    0.499521    2.703115    0.033433    0.009692    0.002547    7.078865    6.453077    0.788289    1.985314    2.445828    1.546785    0.767877    1.188131    2.154760
Iteration: 131 bestvalit: 192.090000 bestmemit:    0.006456    0.023549    0.056434    0.746216    0.203574    0.227048    0.317881    0.097618    0.264539    0.308951    0.499521    2.703115    0.033433    0.009692    0.002547    7.078865    6.453077    0.788289    1.985314    2.445828    1.546785    0.767877    1.188131    2.154760
Iteration: 132 bestvalit: 192.090000 bestmemit:    0.006456    0.023549    0.056434    0.746216    0.203574    0.227048    0.317881    0.097618    0.264539    0.308951    0.499521    2.703115    0.033433    0.009692    0.002547    7.078865    6.453077    0.788289    1.985314    2.445828    1.546785    0.767877    1.188131    2.154760
Iteration: 133 bestvalit: 192.090000 bestmemit:    0.006456    0.023549    0.056434    0.746216    0.203574    0.227048    0.317881    0.097618    0.264539    0.308951    0.499521    2.703115    0.033433    0.009692    0.002547    7.078865    6.453077    0.788289    1.985314    2.445828    1.546785    0.767877    1.188131    2.154760
Iteration: 134 bestvalit: 192.090000 bestmemit:    0.006456    0.023549    0.056434    0.746216    0.203574    0.227048    0.317881    0.097618    0.264539    0.308951    0.499521    2.703115    0.033433    0.009692    0.002547    7.078865    6.453077    0.788289    1.985314    2.445828    1.546785    0.767877    1.188131    2.154760
Iteration: 135 bestvalit: 192.090000 bestmemit:    0.006456    0.023549    0.056434    0.746216    0.203574    0.227048    0.317881    0.097618    0.264539    0.308951    0.499521    2.703115    0.033433    0.009692    0.002547    7.078865    6.453077    0.788289    1.985314    2.445828    1.546785    0.767877    1.188131    2.154760
Iteration: 136 bestvalit: 192.090000 bestmemit:    0.006456    0.023549    0.056434    0.746216    0.203574    0.227048    0.317881    0.097618    0.264539    0.308951    0.499521    2.703115    0.033433    0.009692    0.002547    7.078865    6.453077    0.788289    1.985314    2.445828    1.546785    0.767877    1.188131    2.154760
Iteration: 137 bestvalit: 192.090000 bestmemit:    0.006456    0.023549    0.056434    0.746216    0.203574    0.227048    0.317881    0.097618    0.264539    0.308951    0.499521    2.703115    0.033433    0.009692    0.002547    7.078865    6.453077    0.788289    1.985314    2.445828    1.546785    0.767877    1.188131    2.154760
Iteration: 138 bestvalit: 192.090000 bestmemit:    0.006456    0.023549    0.056434    0.746216    0.203574    0.227048    0.317881    0.097618    0.264539    0.308951    0.499521    2.703115    0.033433    0.009692    0.002547    7.078865    6.453077    0.788289    1.985314    2.445828    1.546785    0.767877    1.188131    2.154760
Iteration: 139 bestvalit: 192.090000 bestmemit:    0.006456    0.023549    0.056434    0.746216    0.203574    0.227048    0.317881    0.097618    0.264539    0.308951    0.499521    2.703115    0.033433    0.009692    0.002547    7.078865    6.453077    0.788289    1.985314    2.445828    1.546785    0.767877    1.188131    2.154760
Iteration: 140 bestvalit: 192.090000 bestmemit:    0.006456    0.023549    0.056434    0.746216    0.203574    0.227048    0.317881    0.097618    0.264539    0.308951    0.499521    2.703115    0.033433    0.009692    0.002547    7.078865    6.453077    0.788289    1.985314    2.445828    1.546785    0.767877    1.188131    2.154760
Iteration: 141 bestvalit: 192.090000 bestmemit:    0.006456    0.023549    0.056434    0.746216    0.203574    0.227048    0.317881    0.097618    0.264539    0.308951    0.499521    2.703115    0.033433    0.009692    0.002547    7.078865    6.453077    0.788289    1.985314    2.445828    1.546785    0.767877    1.188131    2.154760
Iteration: 142 bestvalit: 192.090000 bestmemit:    0.006456    0.023549    0.056434    0.746216    0.203574    0.227048    0.317881    0.097618    0.264539    0.308951    0.499521    2.703115    0.033433    0.009692    0.002547    7.078865    6.453077    0.788289    1.985314    2.445828    1.546785    0.767877    1.188131    2.154760
Iteration: 143 bestvalit: 191.775000 bestmemit:    0.006456    0.023549    0.056434    0.746216    0.203574    0.227048    0.317881    0.097618    0.264539    0.308951    0.499521    2.703115    0.033433    0.009692    0.002547    7.078865    6.453077    0.788289    1.985314    2.445828    1.546785    0.767877    1.189215    2.154760
Iteration: 144 bestvalit: 191.775000 bestmemit:    0.006456    0.023549    0.056434    0.746216    0.203574    0.227048    0.317881    0.097618    0.264539    0.308951    0.499521    2.703115    0.033433    0.009692    0.002547    7.078865    6.453077    0.788289    1.985314    2.445828    1.546785    0.767877    1.189215    2.154760
Iteration: 145 bestvalit: 191.775000 bestmemit:    0.006456    0.023549    0.056434    0.746216    0.203574    0.227048    0.317881    0.097618    0.264539    0.308951    0.499521    2.703115    0.033433    0.009692    0.002547    7.078865    6.453077    0.788289    1.985314    2.445828    1.546785    0.767877    1.189215    2.154760
Iteration: 146 bestvalit: 191.775000 bestmemit:    0.006456    0.023549    0.056434    0.746216    0.203574    0.227048    0.317881    0.097618    0.264539    0.308951    0.499521    2.703115    0.033433    0.009692    0.002547    7.078865    6.453077    0.788289    1.985314    2.445828    1.546785    0.767877    1.189215    2.154760
Iteration: 147 bestvalit: 188.725000 bestmemit:    0.006456    0.023549    0.056434    0.746216    0.203574    0.227048    0.317881    0.097618    0.264539    0.308951    0.499521    2.703115    0.033433    0.009692    0.002547    7.078865    5.281333    0.788289    1.985314    2.445828    1.546785    0.767877    1.189215    2.154760
Iteration: 148 bestvalit: 188.725000 bestmemit:    0.006456    0.023549    0.056434    0.746216    0.203574    0.227048    0.317881    0.097618    0.264539    0.308951    0.499521    2.703115    0.033433    0.009692    0.002547    7.078865    5.281333    0.788289    1.985314    2.445828    1.546785    0.767877    1.189215    2.154760
Iteration: 149 bestvalit: 188.725000 bestmemit:    0.006456    0.023549    0.056434    0.746216    0.203574    0.227048    0.317881    0.097618    0.264539    0.308951    0.499521    2.703115    0.033433    0.009692    0.002547    7.078865    5.281333    0.788289    1.985314    2.445828    1.546785    0.767877    1.189215    2.154760
Iteration: 150 bestvalit: 188.725000 bestmemit:    0.006456    0.023549    0.056434    0.746216    0.203574    0.227048    0.317881    0.097618    0.264539    0.308951    0.499521    2.703115    0.033433    0.009692    0.002547    7.078865    5.281333    0.788289    1.985314    2.445828    1.546785    0.767877    1.189215    2.154760
Iteration: 151 bestvalit: 186.775000 bestmemit:    0.006456    0.023549    0.056434    0.746216    0.203574    0.227048    0.317881    0.097618    0.264539    0.308951    0.499521    2.703115    0.033433    0.009692    0.002547    7.078865    5.281333    0.788289    1.985314    2.445828    1.546785    0.767877    1.189215    2.119153
Iteration: 152 bestvalit: 186.775000 bestmemit:    0.006456    0.023549    0.056434    0.746216    0.203574    0.227048    0.317881    0.097618    0.264539    0.308951    0.499521    2.703115    0.033433    0.009692    0.002547    7.078865    5.281333    0.788289    1.985314    2.445828    1.546785    0.767877    1.189215    2.119153
Iteration: 153 bestvalit: 186.775000 bestmemit:    0.006456    0.023549    0.056434    0.746216    0.203574    0.227048    0.317881    0.097618    0.264539    0.308951    0.499521    2.703115    0.033433    0.009692    0.002547    7.078865    5.281333    0.788289    1.985314    2.445828    1.546785    0.767877    1.189215    2.119153
Iteration: 154 bestvalit: 186.775000 bestmemit:    0.006456    0.023549    0.056434    0.746216    0.203574    0.227048    0.317881    0.097618    0.264539    0.308951    0.499521    2.703115    0.033433    0.009692    0.002547    7.078865    5.281333    0.788289    1.985314    2.445828    1.546785    0.767877    1.189215    2.119153
Iteration: 155 bestvalit: 186.775000 bestmemit:    0.006456    0.023549    0.056434    0.746216    0.203574    0.227048    0.317881    0.097618    0.264539    0.308951    0.499521    2.703115    0.033433    0.009692    0.002547    7.078865    5.281333    0.788289    1.985314    2.445828    1.546785    0.767877    1.189215    2.119153
Iteration: 156 bestvalit: 186.775000 bestmemit:    0.006456    0.023549    0.056434    0.746216    0.203574    0.227048    0.317881    0.097618    0.264539    0.308951    0.499521    2.703115    0.033433    0.009692    0.002547    7.078865    5.281333    0.788289    1.985314    2.445828    1.546785    0.767877    1.189215    2.119153
Iteration: 157 bestvalit: 186.775000 bestmemit:    0.006456    0.023549    0.056434    0.746216    0.203574    0.227048    0.317881    0.097618    0.264539    0.308951    0.499521    2.703115    0.033433    0.009692    0.002547    7.078865    5.281333    0.788289    1.985314    2.445828    1.546785    0.767877    1.189215    2.119153
Iteration: 158 bestvalit: 186.775000 bestmemit:    0.006456    0.023549    0.056434    0.746216    0.203574    0.227048    0.317881    0.097618    0.264539    0.308951    0.499521    2.703115    0.033433    0.009692    0.002547    7.078865    5.281333    0.788289    1.985314    2.445828    1.546785    0.767877    1.189215    2.119153
Iteration: 159 bestvalit: 186.775000 bestmemit:    0.006456    0.023549    0.056434    0.746216    0.203574    0.227048    0.317881    0.097618    0.264539    0.308951    0.499521    2.703115    0.033433    0.009692    0.002547    7.078865    5.281333    0.788289    1.985314    2.445828    1.546785    0.767877    1.189215    2.119153
Iteration: 160 bestvalit: 186.515000 bestmemit:    0.006456    0.023549    0.056434    0.746216    0.203574    0.227048    0.317881    0.097618    0.264539    0.308951    0.499521    2.571043    0.033433    0.009692    0.002547    7.078865    5.281333    0.788289    1.985314    2.445828    1.546785    0.767877    1.189215    2.119153
Iteration: 161 bestvalit: 186.515000 bestmemit:    0.006456    0.023549    0.056434    0.746216    0.203574    0.227048    0.317881    0.097618    0.264539    0.308951    0.499521    2.571043    0.033433    0.009692    0.002547    7.078865    5.281333    0.788289    1.985314    2.445828    1.546785    0.767877    1.189215    2.119153
Iteration: 162 bestvalit: 186.515000 bestmemit:    0.006456    0.023549    0.056434    0.746216    0.203574    0.227048    0.317881    0.097618    0.264539    0.308951    0.499521    2.571043    0.033433    0.009692    0.002547    7.078865    5.281333    0.788289    1.985314    2.445828    1.546785    0.767877    1.189215    2.119153
Iteration: 163 bestvalit: 186.515000 bestmemit:    0.006456    0.023549    0.056434    0.746216    0.203574    0.227048    0.317881    0.097618    0.264539    0.308951    0.499521    2.571043    0.033433    0.009692    0.002547    7.078865    5.281333    0.788289    1.985314    2.445828    1.546785    0.767877    1.189215    2.119153
Iteration: 164 bestvalit: 186.515000 bestmemit:    0.006456    0.023549    0.056434    0.746216    0.203574    0.227048    0.317881    0.097618    0.264539    0.308951    0.499521    2.571043    0.033433    0.009692    0.002547    7.078865    5.281333    0.788289    1.985314    2.445828    1.546785    0.767877    1.189215    2.119153
Iteration: 165 bestvalit: 186.390000 bestmemit:    0.006456    0.023549    0.056434    0.746216    0.203574    0.227048    0.317881    0.097618    0.264539    0.308951    0.499521    2.571043    0.033433    0.009692    0.002547    7.078865    5.281333    0.788289    1.985314    2.445828    1.546785    0.767877    1.189215    2.115857
Iteration: 166 bestvalit: 186.390000 bestmemit:    0.006456    0.023549    0.056434    0.746216    0.203574    0.227048    0.317881    0.097618    0.264539    0.308951    0.499521    2.571043    0.033433    0.009692    0.002547    7.078865    5.281333    0.788289    1.985314    2.445828    1.546785    0.767877    1.189215    2.115857
Iteration: 167 bestvalit: 186.390000 bestmemit:    0.006456    0.023549    0.056434    0.746216    0.203574    0.227048    0.317881    0.097618    0.264539    0.308951    0.499521    2.571043    0.033433    0.009692    0.002547    7.078865    5.281333    0.788289    1.985314    2.445828    1.546785    0.767877    1.189215    2.115857
Iteration: 168 bestvalit: 186.390000 bestmemit:    0.006456    0.023549    0.056434    0.746216    0.203574    0.227048    0.317881    0.097618    0.264539    0.308951    0.499521    2.571043    0.033433    0.009692    0.002547    7.078865    5.281333    0.788289    1.985314    2.445828    1.546785    0.767877    1.189215    2.115857
Iteration: 169 bestvalit: 186.390000 bestmemit:    0.006456    0.023549    0.056434    0.746216    0.203574    0.227048    0.317881    0.097618    0.264539    0.308951    0.499521    2.571043    0.033433    0.009692    0.002547    7.078865    5.281333    0.788289    1.985314    2.445828    1.546785    0.767877    1.189215    2.115857
Iteration: 170 bestvalit: 186.390000 bestmemit:    0.006456    0.023549    0.056434    0.746216    0.203574    0.227048    0.317881    0.097618    0.264539    0.308951    0.499521    2.571043    0.033433    0.009692    0.002547    7.078865    5.281333    0.788289    1.985314    2.445828    1.546785    0.767877    1.189215    2.115857
Iteration: 171 bestvalit: 186.390000 bestmemit:    0.006456    0.023549    0.056434    0.746216    0.203574    0.227048    0.317881    0.097618    0.264539    0.308951    0.499521    2.571043    0.033433    0.009692    0.002547    7.078865    5.281333    0.788289    1.985314    2.445828    1.546785    0.767877    1.189215    2.115857
Iteration: 172 bestvalit: 178.755000 bestmemit:    0.003901    0.023234    0.084165    0.079979    0.145543    0.196327    0.432278    0.065032    0.274955    0.162417    0.627023    3.813920    0.099845    0.005856    0.001836    5.546278    4.505358    1.886865    2.287894    2.131365    2.272108    0.740742    1.104950    2.074967
Iteration: 173 bestvalit: 178.755000 bestmemit:    0.003901    0.023234    0.084165    0.079979    0.145543    0.196327    0.432278    0.065032    0.274955    0.162417    0.627023    3.813920    0.099845    0.005856    0.001836    5.546278    4.505358    1.886865    2.287894    2.131365    2.272108    0.740742    1.104950    2.074967
Iteration: 174 bestvalit: 178.755000 bestmemit:    0.003901    0.023234    0.084165    0.079979    0.145543    0.196327    0.432278    0.065032    0.274955    0.162417    0.627023    3.813920    0.099845    0.005856    0.001836    5.546278    4.505358    1.886865    2.287894    2.131365    2.272108    0.740742    1.104950    2.074967
Iteration: 175 bestvalit: 177.130000 bestmemit:    0.003901    0.023234    0.084165    0.079979    0.145543    0.196327    0.432278    0.065032    0.274955    0.162417    0.627023    3.813920    0.099845    0.002998    0.003206    5.546278    4.505358    1.886865    2.287894    2.131365    2.272108    0.740742    1.104950    2.074967
Iteration: 176 bestvalit: 177.130000 bestmemit:    0.003901    0.023234    0.084165    0.079979    0.145543    0.196327    0.432278    0.065032    0.274955    0.162417    0.627023    3.813920    0.099845    0.002998    0.003206    5.546278    4.505358    1.886865    2.287894    2.131365    2.272108    0.740742    1.104950    2.074967
Iteration: 177 bestvalit: 177.130000 bestmemit:    0.003901    0.023234    0.084165    0.079979    0.145543    0.196327    0.432278    0.065032    0.274955    0.162417    0.627023    3.813920    0.099845    0.002998    0.003206    5.546278    4.505358    1.886865    2.287894    2.131365    2.272108    0.740742    1.104950    2.074967
Iteration: 178 bestvalit: 177.130000 bestmemit:    0.003901    0.023234    0.084165    0.079979    0.145543    0.196327    0.432278    0.065032    0.274955    0.162417    0.627023    3.813920    0.099845    0.002998    0.003206    5.546278    4.505358    1.886865    2.287894    2.131365    2.272108    0.740742    1.104950    2.074967
Iteration: 179 bestvalit: 177.130000 bestmemit:    0.003901    0.023234    0.084165    0.079979    0.145543    0.196327    0.432278    0.065032    0.274955    0.162417    0.627023    3.813920    0.099845    0.002998    0.003206    5.546278    4.505358    1.886865    2.287894    2.131365    2.272108    0.740742    1.104950    2.074967
Iteration: 180 bestvalit: 177.130000 bestmemit:    0.003901    0.023234    0.084165    0.079979    0.145543    0.196327    0.432278    0.065032    0.274955    0.162417    0.627023    3.813920    0.099845    0.002998    0.003206    5.546278    4.505358    1.886865    2.287894    2.131365    2.272108    0.740742    1.104950    2.074967
Iteration: 181 bestvalit: 177.130000 bestmemit:    0.003901    0.023234    0.084165    0.079979    0.145543    0.196327    0.432278    0.065032    0.274955    0.162417    0.627023    3.813920    0.099845    0.002998    0.003206    5.546278    4.505358    1.886865    2.287894    2.131365    2.272108    0.740742    1.104950    2.074967
Iteration: 182 bestvalit: 177.130000 bestmemit:    0.003901    0.023234    0.084165    0.079979    0.145543    0.196327    0.432278    0.065032    0.274955    0.162417    0.627023    3.813920    0.099845    0.002998    0.003206    5.546278    4.505358    1.886865    2.287894    2.131365    2.272108    0.740742    1.104950    2.074967
Iteration: 183 bestvalit: 172.310000 bestmemit:    0.003901    0.023234    0.084165    0.079979    0.145543    0.196327    0.432278    0.065032    0.274955    0.145523    0.627023    3.813920    0.099845    0.002998    0.003206    5.546278    4.505358    1.886865    2.287894    2.131365    2.272108    0.740742    1.104950    2.074967
Iteration: 184 bestvalit: 172.310000 bestmemit:    0.003901    0.023234    0.084165    0.079979    0.145543    0.196327    0.432278    0.065032    0.274955    0.145523    0.627023    3.813920    0.099845    0.002998    0.003206    5.546278    4.505358    1.886865    2.287894    2.131365    2.272108    0.740742    1.104950    2.074967
Iteration: 185 bestvalit: 172.310000 bestmemit:    0.003901    0.023234    0.084165    0.079979    0.145543    0.196327    0.432278    0.065032    0.274955    0.145523    0.627023    3.813920    0.099845    0.002998    0.003206    5.546278    4.505358    1.886865    2.287894    2.131365    2.272108    0.740742    1.104950    2.074967
Iteration: 186 bestvalit: 172.310000 bestmemit:    0.003901    0.023234    0.084165    0.079979    0.145543    0.196327    0.432278    0.065032    0.274955    0.145523    0.627023    3.813920    0.099845    0.002998    0.003206    5.546278    4.505358    1.886865    2.287894    2.131365    2.272108    0.740742    1.104950    2.074967
Iteration: 187 bestvalit: 172.310000 bestmemit:    0.003901    0.023234    0.084165    0.079979    0.145543    0.196327    0.432278    0.065032    0.274955    0.145523    0.627023    3.813920    0.099845    0.002998    0.003206    5.546278    4.505358    1.886865    2.287894    2.131365    2.272108    0.740742    1.104950    2.074967
Iteration: 188 bestvalit: 172.310000 bestmemit:    0.003901    0.023234    0.084165    0.079979    0.145543    0.196327    0.432278    0.065032    0.274955    0.145523    0.627023    3.813920    0.099845    0.002998    0.003206    5.546278    4.505358    1.886865    2.287894    2.131365    2.272108    0.740742    1.104950    2.074967
Iteration: 189 bestvalit: 172.310000 bestmemit:    0.003901    0.023234    0.084165    0.079979    0.145543    0.196327    0.432278    0.065032    0.274955    0.145523    0.627023    3.813920    0.099845    0.002998    0.003206    5.546278    4.505358    1.886865    2.287894    2.131365    2.272108    0.740742    1.104950    2.074967
Iteration: 190 bestvalit: 172.310000 bestmemit:    0.003901    0.023234    0.084165    0.079979    0.145543    0.196327    0.432278    0.065032    0.274955    0.145523    0.627023    3.813920    0.099845    0.002998    0.003206    5.546278    4.505358    1.886865    2.287894    2.131365    2.272108    0.740742    1.104950    2.074967
Iteration: 191 bestvalit: 172.310000 bestmemit:    0.003901    0.023234    0.084165    0.079979    0.145543    0.196327    0.432278    0.065032    0.274955    0.145523    0.627023    3.813920    0.099845    0.002998    0.003206    5.546278    4.505358    1.886865    2.287894    2.131365    2.272108    0.740742    1.104950    2.074967
Iteration: 192 bestvalit: 172.310000 bestmemit:    0.003901    0.023234    0.084165    0.079979    0.145543    0.196327    0.432278    0.065032    0.274955    0.145523    0.627023    3.813920    0.099845    0.002998    0.003206    5.546278    4.505358    1.886865    2.287894    2.131365    2.272108    0.740742    1.104950    2.074967
Iteration: 193 bestvalit: 172.310000 bestmemit:    0.003901    0.023234    0.084165    0.079979    0.145543    0.196327    0.432278    0.065032    0.274955    0.145523    0.627023    3.813920    0.099845    0.002998    0.003206    5.546278    4.505358    1.886865    2.287894    2.131365    2.272108    0.740742    1.104950    2.074967
Iteration: 194 bestvalit: 172.310000 bestmemit:    0.003901    0.023234    0.084165    0.079979    0.145543    0.196327    0.432278    0.065032    0.274955    0.145523    0.627023    3.813920    0.099845    0.002998    0.003206    5.546278    4.505358    1.886865    2.287894    2.131365    2.272108    0.740742    1.104950    2.074967
Iteration: 195 bestvalit: 169.355000 bestmemit:    0.003901    0.023234    0.084165    0.079979    0.145543    0.196327    0.432278    0.065032    0.274955    0.145523    0.627023    3.813920    0.099845    0.003504    0.003206    5.546278    4.505358    1.886865    2.287894    2.131365    2.272108    0.740742    1.104950    2.074967
Iteration: 196 bestvalit: 169.355000 bestmemit:    0.003901    0.023234    0.084165    0.079979    0.145543    0.196327    0.432278    0.065032    0.274955    0.145523    0.627023    3.813920    0.099845    0.003504    0.003206    5.546278    4.505358    1.886865    2.287894    2.131365    2.272108    0.740742    1.104950    2.074967
Iteration: 197 bestvalit: 168.175000 bestmemit:    0.003901    0.023234    0.084165    0.079979    0.145543    0.196327    0.432278    0.065032    0.274955    0.145523    0.627023    3.813920    0.080279    0.004818    0.003206    5.546278    4.505358    1.886865    2.287894    2.131365    2.272108    0.740742    1.104950    2.074967
Iteration: 198 bestvalit: 168.175000 bestmemit:    0.003901    0.023234    0.084165    0.079979    0.145543    0.196327    0.432278    0.065032    0.274955    0.145523    0.627023    3.813920    0.080279    0.004818    0.003206    5.546278    4.505358    1.886865    2.287894    2.131365    2.272108    0.740742    1.104950    2.074967
Iteration: 199 bestvalit: 168.175000 bestmemit:    0.003901    0.023234    0.084165    0.079979    0.145543    0.196327    0.432278    0.065032    0.274955    0.145523    0.627023    3.813920    0.080279    0.004818    0.003206    5.546278    4.505358    1.886865    2.287894    2.131365    2.272108    0.740742    1.104950    2.074967
Iteration: 200 bestvalit: 168.175000 bestmemit:    0.003901    0.023234    0.084165    0.079979    0.145543    0.196327    0.432278    0.065032    0.274955    0.145523    0.627023    3.813920    0.080279    0.004818    0.003206    5.546278    4.505358    1.886865    2.287894    2.131365    2.272108    0.740742    1.104950    2.074967
Iteration: 201 bestvalit: 168.175000 bestmemit:    0.003901    0.023234    0.084165    0.079979    0.145543    0.196327    0.432278    0.065032    0.274955    0.145523    0.627023    3.813920    0.080279    0.004818    0.003206    5.546278    4.505358    1.886865    2.287894    2.131365    2.272108    0.740742    1.104950    2.074967
Iteration: 202 bestvalit: 168.175000 bestmemit:    0.003901    0.023234    0.084165    0.079979    0.145543    0.196327    0.432278    0.065032    0.274955    0.145523    0.627023    3.813920    0.080279    0.004818    0.003206    5.546278    4.505358    1.886865    2.287894    2.131365    2.272108    0.740742    1.104950    2.074967
Iteration: 203 bestvalit: 168.175000 bestmemit:    0.003901    0.023234    0.084165    0.079979    0.145543    0.196327    0.432278    0.065032    0.274955    0.145523    0.627023    3.813920    0.080279    0.004818    0.003206    5.546278    4.505358    1.886865    2.287894    2.131365    2.272108    0.740742    1.104950    2.074967
Iteration: 204 bestvalit: 168.175000 bestmemit:    0.003901    0.023234    0.084165    0.079979    0.145543    0.196327    0.432278    0.065032    0.274955    0.145523    0.627023    3.813920    0.080279    0.004818    0.003206    5.546278    4.505358    1.886865    2.287894    2.131365    2.272108    0.740742    1.104950    2.074967
Iteration: 205 bestvalit: 168.175000 bestmemit:    0.003901    0.023234    0.084165    0.079979    0.145543    0.196327    0.432278    0.065032    0.274955    0.145523    0.627023    3.813920    0.080279    0.004818    0.003206    5.546278    4.505358    1.886865    2.287894    2.131365    2.272108    0.740742    1.104950    2.074967
Iteration: 206 bestvalit: 168.175000 bestmemit:    0.003901    0.023234    0.084165    0.079979    0.145543    0.196327    0.432278    0.065032    0.274955    0.145523    0.627023    3.813920    0.080279    0.004818    0.003206    5.546278    4.505358    1.886865    2.287894    2.131365    2.272108    0.740742    1.104950    2.074967
Iteration: 207 bestvalit: 168.175000 bestmemit:    0.003901    0.023234    0.084165    0.079979    0.145543    0.196327    0.432278    0.065032    0.274955    0.145523    0.627023    3.813920    0.080279    0.004818    0.003206    5.546278    4.505358    1.886865    2.287894    2.131365    2.272108    0.740742    1.104950    2.074967
Iteration: 208 bestvalit: 168.175000 bestmemit:    0.003901    0.023234    0.084165    0.079979    0.145543    0.196327    0.432278    0.065032    0.274955    0.145523    0.627023    3.813920    0.080279    0.004818    0.003206    5.546278    4.505358    1.886865    2.287894    2.131365    2.272108    0.740742    1.104950    2.074967
Iteration: 209 bestvalit: 168.175000 bestmemit:    0.003901    0.023234    0.084165    0.079979    0.145543    0.196327    0.432278    0.065032    0.274955    0.145523    0.627023    3.813920    0.080279    0.004818    0.003206    5.546278    4.505358    1.886865    2.287894    2.131365    2.272108    0.740742    1.104950    2.074967
Iteration: 210 bestvalit: 168.175000 bestmemit:    0.003901    0.023234    0.084165    0.079979    0.145543    0.196327    0.432278    0.065032    0.274955    0.145523    0.627023    3.813920    0.080279    0.004818    0.003206    5.546278    4.505358    1.886865    2.287894    2.131365    2.272108    0.740742    1.104950    2.074967
Iteration: 211 bestvalit: 168.175000 bestmemit:    0.003901    0.023234    0.084165    0.079979    0.145543    0.196327    0.432278    0.065032    0.274955    0.145523    0.627023    3.813920    0.080279    0.004818    0.003206    5.546278    4.505358    1.886865    2.287894    2.131365    2.272108    0.740742    1.104950    2.074967
Iteration: 212 bestvalit: 168.175000 bestmemit:    0.003901    0.023234    0.084165    0.079979    0.145543    0.196327    0.432278    0.065032    0.274955    0.145523    0.627023    3.813920    0.080279    0.004818    0.003206    5.546278    4.505358    1.886865    2.287894    2.131365    2.272108    0.740742    1.104950    2.074967
Iteration: 213 bestvalit: 168.175000 bestmemit:    0.003901    0.023234    0.084165    0.079979    0.145543    0.196327    0.432278    0.065032    0.274955    0.145523    0.627023    3.813920    0.080279    0.004818    0.003206    5.546278    4.505358    1.886865    2.287894    2.131365    2.272108    0.740742    1.104950    2.074967
Iteration: 214 bestvalit: 168.175000 bestmemit:    0.003901    0.023234    0.084165    0.079979    0.145543    0.196327    0.432278    0.065032    0.274955    0.145523    0.627023    3.813920    0.080279    0.004818    0.003206    5.546278    4.505358    1.886865    2.287894    2.131365    2.272108    0.740742    1.104950    2.074967
Iteration: 215 bestvalit: 168.175000 bestmemit:    0.003901    0.023234    0.084165    0.079979    0.145543    0.196327    0.432278    0.065032    0.274955    0.145523    0.627023    3.813920    0.080279    0.004818    0.003206    5.546278    4.505358    1.886865    2.287894    2.131365    2.272108    0.740742    1.104950    2.074967
Iteration: 216 bestvalit: 168.175000 bestmemit:    0.003901    0.023234    0.084165    0.079979    0.145543    0.196327    0.432278    0.065032    0.274955    0.145523    0.627023    3.813920    0.080279    0.004818    0.003206    5.546278    4.505358    1.886865    2.287894    2.131365    2.272108    0.740742    1.104950    2.074967
Iteration: 217 bestvalit: 168.175000 bestmemit:    0.003901    0.023234    0.084165    0.079979    0.145543    0.196327    0.432278    0.065032    0.274955    0.145523    0.627023    3.813920    0.080279    0.004818    0.003206    5.546278    4.505358    1.886865    2.287894    2.131365    2.272108    0.740742    1.104950    2.074967
Iteration: 218 bestvalit: 168.175000 bestmemit:    0.003901    0.023234    0.084165    0.079979    0.145543    0.196327    0.432278    0.065032    0.274955    0.145523    0.627023    3.813920    0.080279    0.004818    0.003206    5.546278    4.505358    1.886865    2.287894    2.131365    2.272108    0.740742    1.104950    2.074967
Iteration: 219 bestvalit: 168.175000 bestmemit:    0.003901    0.023234    0.084165    0.079979    0.145543    0.196327    0.432278    0.065032    0.274955    0.145523    0.627023    3.813920    0.080279    0.004818    0.003206    5.546278    4.505358    1.886865    2.287894    2.131365    2.272108    0.740742    1.104950    2.074967
Iteration: 220 bestvalit: 168.175000 bestmemit:    0.003901    0.023234    0.084165    0.079979    0.145543    0.196327    0.432278    0.065032    0.274955    0.145523    0.627023    3.813920    0.080279    0.004818    0.003206    5.546278    4.505358    1.886865    2.287894    2.131365    2.272108    0.740742    1.104950    2.074967
Iteration: 221 bestvalit: 168.175000 bestmemit:    0.003901    0.023234    0.084165    0.079979    0.145543    0.196327    0.432278    0.065032    0.274955    0.145523    0.627023    3.813920    0.080279    0.004818    0.003206    5.546278    4.505358    1.886865    2.287894    2.131365    2.272108    0.740742    1.104950    2.074967
Iteration: 222 bestvalit: 168.175000 bestmemit:    0.003901    0.023234    0.084165    0.079979    0.145543    0.196327    0.432278    0.065032    0.274955    0.145523    0.627023    3.813920    0.080279    0.004818    0.003206    5.546278    4.505358    1.886865    2.287894    2.131365    2.272108    0.740742    1.104950    2.074967
Iteration: 223 bestvalit: 168.175000 bestmemit:    0.003901    0.023234    0.084165    0.079979    0.145543    0.196327    0.432278    0.065032    0.274955    0.145523    0.627023    3.813920    0.080279    0.004818    0.003206    5.546278    4.505358    1.886865    2.287894    2.131365    2.272108    0.740742    1.104950    2.074967
Iteration: 224 bestvalit: 168.175000 bestmemit:    0.003901    0.023234    0.084165    0.079979    0.145543    0.196327    0.432278    0.065032    0.274955    0.145523    0.627023    3.813920    0.080279    0.004818    0.003206    5.546278    4.505358    1.886865    2.287894    2.131365    2.272108    0.740742    1.104950    2.074967
Iteration: 225 bestvalit: 168.175000 bestmemit:    0.003901    0.023234    0.084165    0.079979    0.145543    0.196327    0.432278    0.065032    0.274955    0.145523    0.627023    3.813920    0.080279    0.004818    0.003206    5.546278    4.505358    1.886865    2.287894    2.131365    2.272108    0.740742    1.104950    2.074967
Iteration: 226 bestvalit: 168.175000 bestmemit:    0.003901    0.023234    0.084165    0.079979    0.145543    0.196327    0.432278    0.065032    0.274955    0.145523    0.627023    3.813920    0.080279    0.004818    0.003206    5.546278    4.505358    1.886865    2.287894    2.131365    2.272108    0.740742    1.104950    2.074967
Iteration: 227 bestvalit: 168.175000 bestmemit:    0.003901    0.023234    0.084165    0.079979    0.145543    0.196327    0.432278    0.065032    0.274955    0.145523    0.627023    3.813920    0.080279    0.004818    0.003206    5.546278    4.505358    1.886865    2.287894    2.131365    2.272108    0.740742    1.104950    2.074967
Iteration: 228 bestvalit: 167.205000 bestmemit:    0.003901    0.023234    0.084165    0.079979    0.145543    0.196327    0.432278    0.065032    0.274955    0.145523    0.627023    3.145138    0.080279    0.004818    0.003206    5.546278    4.505358    1.886865    2.287894    2.131365    2.272108    0.740742    1.104950    2.074967
Iteration: 229 bestvalit: 167.205000 bestmemit:    0.003901    0.023234    0.084165    0.079979    0.145543    0.196327    0.432278    0.065032    0.274955    0.145523    0.627023    3.145138    0.080279    0.004818    0.003206    5.546278    4.505358    1.886865    2.287894    2.131365    2.272108    0.740742    1.104950    2.074967
Iteration: 230 bestvalit: 167.205000 bestmemit:    0.003901    0.023234    0.084165    0.079979    0.145543    0.196327    0.432278    0.065032    0.274955    0.145523    0.627023    3.145138    0.080279    0.004818    0.003206    5.546278    4.505358    1.886865    2.287894    2.131365    2.272108    0.740742    1.104950    2.074967
Iteration: 231 bestvalit: 167.205000 bestmemit:    0.003901    0.023234    0.084165    0.079979    0.145543    0.196327    0.432278    0.065032    0.274955    0.145523    0.627023    3.145138    0.080279    0.004818    0.003206    5.546278    4.505358    1.886865    2.287894    2.131365    2.272108    0.740742    1.104950    2.074967
Iteration: 232 bestvalit: 167.205000 bestmemit:    0.003901    0.023234    0.084165    0.079979    0.145543    0.196327    0.432278    0.065032    0.274955    0.145523    0.627023    3.145138    0.080279    0.004818    0.003206    5.546278    4.505358    1.886865    2.287894    2.131365    2.272108    0.740742    1.104950    2.074967
Iteration: 233 bestvalit: 167.205000 bestmemit:    0.003901    0.023234    0.084165    0.079979    0.145543    0.196327    0.432278    0.065032    0.274955    0.145523    0.627023    3.145138    0.080279    0.004818    0.003206    5.546278    4.505358    1.886865    2.287894    2.131365    2.272108    0.740742    1.104950    2.074967
Iteration: 234 bestvalit: 167.205000 bestmemit:    0.003901    0.023234    0.084165    0.079979    0.145543    0.196327    0.432278    0.065032    0.274955    0.145523    0.627023    3.145138    0.080279    0.004818    0.003206    5.546278    4.505358    1.886865    2.287894    2.131365    2.272108    0.740742    1.104950    2.074967
Iteration: 235 bestvalit: 167.205000 bestmemit:    0.003901    0.023234    0.084165    0.079979    0.145543    0.196327    0.432278    0.065032    0.274955    0.145523    0.627023    3.145138    0.080279    0.004818    0.003206    5.546278    4.505358    1.886865    2.287894    2.131365    2.272108    0.740742    1.104950    2.074967
Iteration: 236 bestvalit: 167.205000 bestmemit:    0.003901    0.023234    0.084165    0.079979    0.145543    0.196327    0.432278    0.065032    0.274955    0.145523    0.627023    3.145138    0.080279    0.004818    0.003206    5.546278    4.505358    1.886865    2.287894    2.131365    2.272108    0.740742    1.104950    2.074967
Iteration: 237 bestvalit: 166.430000 bestmemit:    0.003901    0.023234    0.084165    0.079979    0.145543    0.196327    0.432278    0.065032    0.274955    0.145523    0.627023    3.145138    0.080279    0.004818    0.003206    5.546278    4.505358    1.886865    2.287894    2.131365    2.272108    0.740742    1.104950    2.045704
Iteration: 238 bestvalit: 166.430000 bestmemit:    0.003901    0.023234    0.084165    0.079979    0.145543    0.196327    0.432278    0.065032    0.274955    0.145523    0.627023    3.145138    0.080279    0.004818    0.003206    5.546278    4.505358    1.886865    2.287894    2.131365    2.272108    0.740742    1.104950    2.045704
Iteration: 239 bestvalit: 166.430000 bestmemit:    0.003901    0.023234    0.084165    0.079979    0.145543    0.196327    0.432278    0.065032    0.274955    0.145523    0.627023    3.145138    0.080279    0.004818    0.003206    5.546278    4.505358    1.886865    2.287894    2.131365    2.272108    0.740742    1.104950    2.045704
Iteration: 240 bestvalit: 166.430000 bestmemit:    0.003901    0.023234    0.084165    0.079979    0.145543    0.196327    0.432278    0.065032    0.274955    0.145523    0.627023    3.145138    0.080279    0.004818    0.003206    5.546278    4.505358    1.886865    2.287894    2.131365    2.272108    0.740742    1.104950    2.045704
Iteration: 241 bestvalit: 166.430000 bestmemit:    0.003901    0.023234    0.084165    0.079979    0.145543    0.196327    0.432278    0.065032    0.274955    0.145523    0.627023    3.145138    0.080279    0.004818    0.003206    5.546278    4.505358    1.886865    2.287894    2.131365    2.272108    0.740742    1.104950    2.045704
Iteration: 242 bestvalit: 166.430000 bestmemit:    0.003901    0.023234    0.084165    0.079979    0.145543    0.196327    0.432278    0.065032    0.274955    0.145523    0.627023    3.145138    0.080279    0.004818    0.003206    5.546278    4.505358    1.886865    2.287894    2.131365    2.272108    0.740742    1.104950    2.045704
Iteration: 243 bestvalit: 166.430000 bestmemit:    0.003901    0.023234    0.084165    0.079979    0.145543    0.196327    0.432278    0.065032    0.274955    0.145523    0.627023    3.145138    0.080279    0.004818    0.003206    5.546278    4.505358    1.886865    2.287894    2.131365    2.272108    0.740742    1.104950    2.045704
Iteration: 244 bestvalit: 166.430000 bestmemit:    0.003901    0.023234    0.084165    0.079979    0.145543    0.196327    0.432278    0.065032    0.274955    0.145523    0.627023    3.145138    0.080279    0.004818    0.003206    5.546278    4.505358    1.886865    2.287894    2.131365    2.272108    0.740742    1.104950    2.045704
Iteration: 245 bestvalit: 166.430000 bestmemit:    0.003901    0.023234    0.084165    0.079979    0.145543    0.196327    0.432278    0.065032    0.274955    0.145523    0.627023    3.145138    0.080279    0.004818    0.003206    5.546278    4.505358    1.886865    2.287894    2.131365    2.272108    0.740742    1.104950    2.045704
Iteration: 246 bestvalit: 166.430000 bestmemit:    0.003901    0.023234    0.084165    0.079979    0.145543    0.196327    0.432278    0.065032    0.274955    0.145523    0.627023    3.145138    0.080279    0.004818    0.003206    5.546278    4.505358    1.886865    2.287894    2.131365    2.272108    0.740742    1.104950    2.045704
Iteration: 247 bestvalit: 166.430000 bestmemit:    0.003901    0.023234    0.084165    0.079979    0.145543    0.196327    0.432278    0.065032    0.274955    0.145523    0.627023    3.145138    0.080279    0.004818    0.003206    5.546278    4.505358    1.886865    2.287894    2.131365    2.272108    0.740742    1.104950    2.045704
Iteration: 248 bestvalit: 166.430000 bestmemit:    0.003901    0.023234    0.084165    0.079979    0.145543    0.196327    0.432278    0.065032    0.274955    0.145523    0.627023    3.145138    0.080279    0.004818    0.003206    5.546278    4.505358    1.886865    2.287894    2.131365    2.272108    0.740742    1.104950    2.045704
Iteration: 249 bestvalit: 166.430000 bestmemit:    0.003901    0.023234    0.084165    0.079979    0.145543    0.196327    0.432278    0.065032    0.274955    0.145523    0.627023    3.145138    0.080279    0.004818    0.003206    5.546278    4.505358    1.886865    2.287894    2.131365    2.272108    0.740742    1.104950    2.045704
Iteration: 250 bestvalit: 166.430000 bestmemit:    0.003901    0.023234    0.084165    0.079979    0.145543    0.196327    0.432278    0.065032    0.274955    0.145523    0.627023    3.145138    0.080279    0.004818    0.003206    5.546278    4.505358    1.886865    2.287894    2.131365    2.272108    0.740742    1.104950    2.045704
Iteration: 251 bestvalit: 166.430000 bestmemit:    0.003901    0.023234    0.084165    0.079979    0.145543    0.196327    0.432278    0.065032    0.274955    0.145523    0.627023    3.145138    0.080279    0.004818    0.003206    5.546278    4.505358    1.886865    2.287894    2.131365    2.272108    0.740742    1.104950    2.045704
Iteration: 252 bestvalit: 166.430000 bestmemit:    0.003901    0.023234    0.084165    0.079979    0.145543    0.196327    0.432278    0.065032    0.274955    0.145523    0.627023    3.145138    0.080279    0.004818    0.003206    5.546278    4.505358    1.886865    2.287894    2.131365    2.272108    0.740742    1.104950    2.045704
Iteration: 253 bestvalit: 166.430000 bestmemit:    0.003901    0.023234    0.084165    0.079979    0.145543    0.196327    0.432278    0.065032    0.274955    0.145523    0.627023    3.145138    0.080279    0.004818    0.003206    5.546278    4.505358    1.886865    2.287894    2.131365    2.272108    0.740742    1.104950    2.045704
Iteration: 254 bestvalit: 166.430000 bestmemit:    0.003901    0.023234    0.084165    0.079979    0.145543    0.196327    0.432278    0.065032    0.274955    0.145523    0.627023    3.145138    0.080279    0.004818    0.003206    5.546278    4.505358    1.886865    2.287894    2.131365    2.272108    0.740742    1.104950    2.045704
Iteration: 255 bestvalit: 166.430000 bestmemit:    0.003901    0.023234    0.084165    0.079979    0.145543    0.196327    0.432278    0.065032    0.274955    0.145523    0.627023    3.145138    0.080279    0.004818    0.003206    5.546278    4.505358    1.886865    2.287894    2.131365    2.272108    0.740742    1.104950    2.045704
Iteration: 256 bestvalit: 166.430000 bestmemit:    0.003901    0.023234    0.084165    0.079979    0.145543    0.196327    0.432278    0.065032    0.274955    0.145523    0.627023    3.145138    0.080279    0.004818    0.003206    5.546278    4.505358    1.886865    2.287894    2.131365    2.272108    0.740742    1.104950    2.045704
Iteration: 257 bestvalit: 166.430000 bestmemit:    0.003901    0.023234    0.084165    0.079979    0.145543    0.196327    0.432278    0.065032    0.274955    0.145523    0.627023    3.145138    0.080279    0.004818    0.003206    5.546278    4.505358    1.886865    2.287894    2.131365    2.272108    0.740742    1.104950    2.045704
Iteration: 258 bestvalit: 166.430000 bestmemit:    0.003901    0.023234    0.084165    0.079979    0.145543    0.196327    0.432278    0.065032    0.274955    0.145523    0.627023    3.145138    0.080279    0.004818    0.003206    5.546278    4.505358    1.886865    2.287894    2.131365    2.272108    0.740742    1.104950    2.045704
Iteration: 259 bestvalit: 166.430000 bestmemit:    0.003901    0.023234    0.084165    0.079979    0.145543    0.196327    0.432278    0.065032    0.274955    0.145523    0.627023    3.145138    0.080279    0.004818    0.003206    5.546278    4.505358    1.886865    2.287894    2.131365    2.272108    0.740742    1.104950    2.045704
Iteration: 260 bestvalit: 166.430000 bestmemit:    0.003901    0.023234    0.084165    0.079979    0.145543    0.196327    0.432278    0.065032    0.274955    0.145523    0.627023    3.145138    0.080279    0.004818    0.003206    5.546278    4.505358    1.886865    2.287894    2.131365    2.272108    0.740742    1.104950    2.045704
Iteration: 261 bestvalit: 166.430000 bestmemit:    0.003901    0.023234    0.084165    0.079979    0.145543    0.196327    0.432278    0.065032    0.274955    0.145523    0.627023    3.145138    0.080279    0.004818    0.003206    5.546278    4.505358    1.886865    2.287894    2.131365    2.272108    0.740742    1.104950    2.045704
Iteration: 262 bestvalit: 166.430000 bestmemit:    0.003901    0.023234    0.084165    0.079979    0.145543    0.196327    0.432278    0.065032    0.274955    0.145523    0.627023    3.145138    0.080279    0.004818    0.003206    5.546278    4.505358    1.886865    2.287894    2.131365    2.272108    0.740742    1.104950    2.045704
Iteration: 263 bestvalit: 166.430000 bestmemit:    0.003901    0.023234    0.084165    0.079979    0.145543    0.196327    0.432278    0.065032    0.274955    0.145523    0.627023    3.145138    0.080279    0.004818    0.003206    5.546278    4.505358    1.886865    2.287894    2.131365    2.272108    0.740742    1.104950    2.045704
Iteration: 264 bestvalit: 166.430000 bestmemit:    0.003901    0.023234    0.084165    0.079979    0.145543    0.196327    0.432278    0.065032    0.274955    0.145523    0.627023    3.145138    0.080279    0.004818    0.003206    5.546278    4.505358    1.886865    2.287894    2.131365    2.272108    0.740742    1.104950    2.045704
Iteration: 265 bestvalit: 166.430000 bestmemit:    0.003901    0.023234    0.084165    0.079979    0.145543    0.196327    0.432278    0.065032    0.274955    0.145523    0.627023    3.145138    0.080279    0.004818    0.003206    5.546278    4.505358    1.886865    2.287894    2.131365    2.272108    0.740742    1.104950    2.045704
Iteration: 266 bestvalit: 166.430000 bestmemit:    0.003901    0.023234    0.084165    0.079979    0.145543    0.196327    0.432278    0.065032    0.274955    0.145523    0.627023    3.145138    0.080279    0.004818    0.003206    5.546278    4.505358    1.886865    2.287894    2.131365    2.272108    0.740742    1.104950    2.045704
Iteration: 267 bestvalit: 166.430000 bestmemit:    0.003901    0.023234    0.084165    0.079979    0.145543    0.196327    0.432278    0.065032    0.274955    0.145523    0.627023    3.145138    0.080279    0.004818    0.003206    5.546278    4.505358    1.886865    2.287894    2.131365    2.272108    0.740742    1.104950    2.045704
Iteration: 268 bestvalit: 166.430000 bestmemit:    0.003901    0.023234    0.084165    0.079979    0.145543    0.196327    0.432278    0.065032    0.274955    0.145523    0.627023    3.145138    0.080279    0.004818    0.003206    5.546278    4.505358    1.886865    2.287894    2.131365    2.272108    0.740742    1.104950    2.045704
Iteration: 269 bestvalit: 166.430000 bestmemit:    0.003901    0.023234    0.084165    0.079979    0.145543    0.196327    0.432278    0.065032    0.274955    0.145523    0.627023    3.145138    0.080279    0.004818    0.003206    5.546278    4.505358    1.886865    2.287894    2.131365    2.272108    0.740742    1.104950    2.045704
Iteration: 270 bestvalit: 166.430000 bestmemit:    0.003901    0.023234    0.084165    0.079979    0.145543    0.196327    0.432278    0.065032    0.274955    0.145523    0.627023    3.145138    0.080279    0.004818    0.003206    5.546278    4.505358    1.886865    2.287894    2.131365    2.272108    0.740742    1.104950    2.045704
Iteration: 271 bestvalit: 166.430000 bestmemit:    0.003901    0.023234    0.084165    0.079979    0.145543    0.196327    0.432278    0.065032    0.274955    0.145523    0.627023    3.145138    0.080279    0.004818    0.003206    5.546278    4.505358    1.886865    2.287894    2.131365    2.272108    0.740742    1.104950    2.045704
Iteration: 272 bestvalit: 166.430000 bestmemit:    0.003901    0.023234    0.084165    0.079979    0.145543    0.196327    0.432278    0.065032    0.274955    0.145523    0.627023    3.145138    0.080279    0.004818    0.003206    5.546278    4.505358    1.886865    2.287894    2.131365    2.272108    0.740742    1.104950    2.045704
Iteration: 273 bestvalit: 166.430000 bestmemit:    0.003901    0.023234    0.084165    0.079979    0.145543    0.196327    0.432278    0.065032    0.274955    0.145523    0.627023    3.145138    0.080279    0.004818    0.003206    5.546278    4.505358    1.886865    2.287894    2.131365    2.272108    0.740742    1.104950    2.045704
Iteration: 274 bestvalit: 166.430000 bestmemit:    0.003901    0.023234    0.084165    0.079979    0.145543    0.196327    0.432278    0.065032    0.274955    0.145523    0.627023    3.145138    0.080279    0.004818    0.003206    5.546278    4.505358    1.886865    2.287894    2.131365    2.272108    0.740742    1.104950    2.045704
Iteration: 275 bestvalit: 166.430000 bestmemit:    0.003901    0.023234    0.084165    0.079979    0.145543    0.196327    0.432278    0.065032    0.274955    0.145523    0.627023    3.145138    0.080279    0.004818    0.003206    5.546278    4.505358    1.886865    2.287894    2.131365    2.272108    0.740742    1.104950    2.045704
Iteration: 276 bestvalit: 166.430000 bestmemit:    0.003901    0.023234    0.084165    0.079979    0.145543    0.196327    0.432278    0.065032    0.274955    0.145523    0.627023    3.145138    0.080279    0.004818    0.003206    5.546278    4.505358    1.886865    2.287894    2.131365    2.272108    0.740742    1.104950    2.045704
Iteration: 277 bestvalit: 166.430000 bestmemit:    0.003901    0.023234    0.084165    0.079979    0.145543    0.196327    0.432278    0.065032    0.274955    0.145523    0.627023    3.145138    0.080279    0.004818    0.003206    5.546278    4.505358    1.886865    2.287894    2.131365    2.272108    0.740742    1.104950    2.045704
Iteration: 278 bestvalit: 166.430000 bestmemit:    0.003901    0.023234    0.084165    0.079979    0.145543    0.196327    0.432278    0.065032    0.274955    0.145523    0.627023    3.145138    0.080279    0.004818    0.003206    5.546278    4.505358    1.886865    2.287894    2.131365    2.272108    0.740742    1.104950    2.045704
Iteration: 279 bestvalit: 166.430000 bestmemit:    0.003901    0.023234    0.084165    0.079979    0.145543    0.196327    0.432278    0.065032    0.274955    0.145523    0.627023    3.145138    0.080279    0.004818    0.003206    5.546278    4.505358    1.886865    2.287894    2.131365    2.272108    0.740742    1.104950    2.045704
Iteration: 280 bestvalit: 166.430000 bestmemit:    0.003901    0.023234    0.084165    0.079979    0.145543    0.196327    0.432278    0.065032    0.274955    0.145523    0.627023    3.145138    0.080279    0.004818    0.003206    5.546278    4.505358    1.886865    2.287894    2.131365    2.272108    0.740742    1.104950    2.045704
Iteration: 281 bestvalit: 166.430000 bestmemit:    0.003901    0.023234    0.084165    0.079979    0.145543    0.196327    0.432278    0.065032    0.274955    0.145523    0.627023    3.145138    0.080279    0.004818    0.003206    5.546278    4.505358    1.886865    2.287894    2.131365    2.272108    0.740742    1.104950    2.045704
Iteration: 282 bestvalit: 166.430000 bestmemit:    0.003901    0.023234    0.084165    0.079979    0.145543    0.196327    0.432278    0.065032    0.274955    0.145523    0.627023    3.145138    0.080279    0.004818    0.003206    5.546278    4.505358    1.886865    2.287894    2.131365    2.272108    0.740742    1.104950    2.045704
Iteration: 283 bestvalit: 166.430000 bestmemit:    0.003901    0.023234    0.084165    0.079979    0.145543    0.196327    0.432278    0.065032    0.274955    0.145523    0.627023    3.145138    0.080279    0.004818    0.003206    5.546278    4.505358    1.886865    2.287894    2.131365    2.272108    0.740742    1.104950    2.045704
Iteration: 284 bestvalit: 166.430000 bestmemit:    0.003901    0.023234    0.084165    0.079979    0.145543    0.196327    0.432278    0.065032    0.274955    0.145523    0.627023    3.145138    0.080279    0.004818    0.003206    5.546278    4.505358    1.886865    2.287894    2.131365    2.272108    0.740742    1.104950    2.045704
Iteration: 285 bestvalit: 166.430000 bestmemit:    0.003901    0.023234    0.084165    0.079979    0.145543    0.196327    0.432278    0.065032    0.274955    0.145523    0.627023    3.145138    0.080279    0.004818    0.003206    5.546278    4.505358    1.886865    2.287894    2.131365    2.272108    0.740742    1.104950    2.045704
Iteration: 286 bestvalit: 166.430000 bestmemit:    0.003901    0.023234    0.084165    0.079979    0.145543    0.196327    0.432278    0.065032    0.274955    0.145523    0.627023    3.145138    0.080279    0.004818    0.003206    5.546278    4.505358    1.886865    2.287894    2.131365    2.272108    0.740742    1.104950    2.045704
Iteration: 287 bestvalit: 166.430000 bestmemit:    0.003901    0.023234    0.084165    0.079979    0.145543    0.196327    0.432278    0.065032    0.274955    0.145523    0.627023    3.145138    0.080279    0.004818    0.003206    5.546278    4.505358    1.886865    2.287894    2.131365    2.272108    0.740742    1.104950    2.045704
Iteration: 288 bestvalit: 166.430000 bestmemit:    0.003901    0.023234    0.084165    0.079979    0.145543    0.196327    0.432278    0.065032    0.274955    0.145523    0.627023    3.145138    0.080279    0.004818    0.003206    5.546278    4.505358    1.886865    2.287894    2.131365    2.272108    0.740742    1.104950    2.045704
Iteration: 289 bestvalit: 166.430000 bestmemit:    0.003901    0.023234    0.084165    0.079979    0.145543    0.196327    0.432278    0.065032    0.274955    0.145523    0.627023    3.145138    0.080279    0.004818    0.003206    5.546278    4.505358    1.886865    2.287894    2.131365    2.272108    0.740742    1.104950    2.045704
Iteration: 290 bestvalit: 166.125000 bestmemit:    0.003901    0.023234    0.084165    0.079979    0.145543    0.196327    0.432278    0.065032    0.274955    0.145523    0.627023    3.145138    0.080279    0.004818    0.003206    5.546278    4.576644    1.886865    2.287894    2.131365    2.272108    0.740742    1.104950    2.045704
Iteration: 291 bestvalit: 166.125000 bestmemit:    0.003901    0.023234    0.084165    0.079979    0.145543    0.196327    0.432278    0.065032    0.274955    0.145523    0.627023    3.145138    0.080279    0.004818    0.003206    5.546278    4.576644    1.886865    2.287894    2.131365    2.272108    0.740742    1.104950    2.045704
Iteration: 292 bestvalit: 166.125000 bestmemit:    0.003901    0.023234    0.084165    0.079979    0.145543    0.196327    0.432278    0.065032    0.274955    0.145523    0.627023    3.145138    0.080279    0.004818    0.003206    5.546278    4.576644    1.886865    2.287894    2.131365    2.272108    0.740742    1.104950    2.045704
Iteration: 293 bestvalit: 166.125000 bestmemit:    0.003901    0.023234    0.084165    0.079979    0.145543    0.196327    0.432278    0.065032    0.274955    0.145523    0.627023    3.145138    0.080279    0.004818    0.003206    5.546278    4.576644    1.886865    2.287894    2.131365    2.272108    0.740742    1.104950    2.045704
Iteration: 294 bestvalit: 166.125000 bestmemit:    0.003901    0.023234    0.084165    0.079979    0.145543    0.196327    0.432278    0.065032    0.274955    0.145523    0.627023    3.145138    0.080279    0.004818    0.003206    5.546278    4.576644    1.886865    2.287894    2.131365    2.272108    0.740742    1.104950    2.045704
Iteration: 295 bestvalit: 166.125000 bestmemit:    0.003901    0.023234    0.084165    0.079979    0.145543    0.196327    0.432278    0.065032    0.274955    0.145523    0.627023    3.145138    0.080279    0.004818    0.003206    5.546278    4.576644    1.886865    2.287894    2.131365    2.272108    0.740742    1.104950    2.045704
Iteration: 296 bestvalit: 166.125000 bestmemit:    0.003901    0.023234    0.084165    0.079979    0.145543    0.196327    0.432278    0.065032    0.274955    0.145523    0.627023    3.145138    0.080279    0.004818    0.003206    5.546278    4.576644    1.886865    2.287894    2.131365    2.272108    0.740742    1.104950    2.045704
Iteration: 297 bestvalit: 166.125000 bestmemit:    0.003901    0.023234    0.084165    0.079979    0.145543    0.196327    0.432278    0.065032    0.274955    0.145523    0.627023    3.145138    0.080279    0.004818    0.003206    5.546278    4.576644    1.886865    2.287894    2.131365    2.272108    0.740742    1.104950    2.045704
Iteration: 298 bestvalit: 166.125000 bestmemit:    0.003901    0.023234    0.084165    0.079979    0.145543    0.196327    0.432278    0.065032    0.274955    0.145523    0.627023    3.145138    0.080279    0.004818    0.003206    5.546278    4.576644    1.886865    2.287894    2.131365    2.272108    0.740742    1.104950    2.045704
Iteration: 299 bestvalit: 166.125000 bestmemit:    0.003901    0.023234    0.084165    0.079979    0.145543    0.196327    0.432278    0.065032    0.274955    0.145523    0.627023    3.145138    0.080279    0.004818    0.003206    5.546278    4.576644    1.886865    2.287894    2.131365    2.272108    0.740742    1.104950    2.045704
Iteration: 300 bestvalit: 166.125000 bestmemit:    0.003901    0.023234    0.084165    0.079979    0.145543    0.196327    0.432278    0.065032    0.274955    0.145523    0.627023    3.145138    0.080279    0.004818    0.003206    5.546278    4.576644    1.886865    2.287894    2.131365    2.272108    0.740742    1.104950    2.045704
Iteration: 301 bestvalit: 166.125000 bestmemit:    0.003901    0.023234    0.084165    0.079979    0.145543    0.196327    0.432278    0.065032    0.274955    0.145523    0.627023    3.145138    0.080279    0.004818    0.003206    5.546278    4.576644    1.886865    2.287894    2.131365    2.272108    0.740742    1.104950    2.045704
Iteration: 302 bestvalit: 166.125000 bestmemit:    0.003901    0.023234    0.084165    0.079979    0.145543    0.196327    0.432278    0.065032    0.274955    0.145523    0.627023    3.145138    0.080279    0.004818    0.003206    5.546278    4.576644    1.886865    2.287894    2.131365    2.272108    0.740742    1.104950    2.045704
Iteration: 303 bestvalit: 166.125000 bestmemit:    0.003901    0.023234    0.084165    0.079979    0.145543    0.196327    0.432278    0.065032    0.274955    0.145523    0.627023    3.145138    0.080279    0.004818    0.003206    5.546278    4.576644    1.886865    2.287894    2.131365    2.272108    0.740742    1.104950    2.045704
Iteration: 304 bestvalit: 166.125000 bestmemit:    0.003901    0.023234    0.084165    0.079979    0.145543    0.196327    0.432278    0.065032    0.274955    0.145523    0.627023    3.145138    0.080279    0.004818    0.003206    5.546278    4.576644    1.886865    2.287894    2.131365    2.272108    0.740742    1.104950    2.045704
Iteration: 305 bestvalit: 166.125000 bestmemit:    0.003901    0.023234    0.084165    0.079979    0.145543    0.196327    0.432278    0.065032    0.274955    0.145523    0.627023    3.145138    0.080279    0.004818    0.003206    5.546278    4.576644    1.886865    2.287894    2.131365    2.272108    0.740742    1.104950    2.045704
Iteration: 306 bestvalit: 166.125000 bestmemit:    0.003901    0.023234    0.084165    0.079979    0.145543    0.196327    0.432278    0.065032    0.274955    0.145523    0.627023    3.145138    0.080279    0.004818    0.003206    5.546278    4.576644    1.886865    2.287894    2.131365    2.272108    0.740742    1.104950    2.045704
Iteration: 307 bestvalit: 166.125000 bestmemit:    0.003901    0.023234    0.084165    0.079979    0.145543    0.196327    0.432278    0.065032    0.274955    0.145523    0.627023    3.145138    0.080279    0.004818    0.003206    5.546278    4.576644    1.886865    2.287894    2.131365    2.272108    0.740742    1.104950    2.045704
Iteration: 308 bestvalit: 160.950000 bestmemit:    0.003901    0.023234    0.084165    0.079979    0.145543    0.196327    0.432278    0.065032    0.274955    0.145523    0.943200    3.145138    0.080279    0.004818    0.003206    5.546278    4.576644    1.886865    2.287894    2.131365    2.272108    0.740742    1.104950    2.045704
Iteration: 309 bestvalit: 160.950000 bestmemit:    0.003901    0.023234    0.084165    0.079979    0.145543    0.196327    0.432278    0.065032    0.274955    0.145523    0.943200    3.145138    0.080279    0.004818    0.003206    5.546278    4.576644    1.886865    2.287894    2.131365    2.272108    0.740742    1.104950    2.045704
Iteration: 310 bestvalit: 160.950000 bestmemit:    0.003901    0.023234    0.084165    0.079979    0.145543    0.196327    0.432278    0.065032    0.274955    0.145523    0.943200    3.145138    0.080279    0.004818    0.003206    5.546278    4.576644    1.886865    2.287894    2.131365    2.272108    0.740742    1.104950    2.045704
Iteration: 311 bestvalit: 159.670000 bestmemit:    0.003901    0.023234    0.084165    0.079979    0.145543    0.196327    0.432278    0.065032    0.274955    0.145523    0.943200    3.145138    0.080279    0.004818    0.003206    5.546278    4.576644    1.886865    2.287894    2.131365    2.382864    0.740742    1.104950    2.045704
Iteration: 312 bestvalit: 159.670000 bestmemit:    0.003901    0.023234    0.084165    0.079979    0.145543    0.196327    0.432278    0.065032    0.274955    0.145523    0.943200    3.145138    0.080279    0.004818    0.003206    5.546278    4.576644    1.886865    2.287894    2.131365    2.382864    0.740742    1.104950    2.045704
Iteration: 313 bestvalit: 159.670000 bestmemit:    0.003901    0.023234    0.084165    0.079979    0.145543    0.196327    0.432278    0.065032    0.274955    0.145523    0.943200    3.145138    0.080279    0.004818    0.003206    5.546278    4.576644    1.886865    2.287894    2.131365    2.382864    0.740742    1.104950    2.045704
Iteration: 314 bestvalit: 159.670000 bestmemit:    0.003901    0.023234    0.084165    0.079979    0.145543    0.196327    0.432278    0.065032    0.274955    0.145523    0.943200    3.145138    0.080279    0.004818    0.003206    5.546278    4.576644    1.886865    2.287894    2.131365    2.382864    0.740742    1.104950    2.045704
Iteration: 315 bestvalit: 159.670000 bestmemit:    0.003901    0.023234    0.084165    0.079979    0.145543    0.196327    0.432278    0.065032    0.274955    0.145523    0.943200    3.145138    0.080279    0.004818    0.003206    5.546278    4.576644    1.886865    2.287894    2.131365    2.382864    0.740742    1.104950    2.045704
Iteration: 316 bestvalit: 159.670000 bestmemit:    0.003901    0.023234    0.084165    0.079979    0.145543    0.196327    0.432278    0.065032    0.274955    0.145523    0.943200    3.145138    0.080279    0.004818    0.003206    5.546278    4.576644    1.886865    2.287894    2.131365    2.382864    0.740742    1.104950    2.045704
Iteration: 317 bestvalit: 159.670000 bestmemit:    0.003901    0.023234    0.084165    0.079979    0.145543    0.196327    0.432278    0.065032    0.274955    0.145523    0.943200    3.145138    0.080279    0.004818    0.003206    5.546278    4.576644    1.886865    2.287894    2.131365    2.382864    0.740742    1.104950    2.045704
Iteration: 318 bestvalit: 159.670000 bestmemit:    0.003901    0.023234    0.084165    0.079979    0.145543    0.196327    0.432278    0.065032    0.274955    0.145523    0.943200    3.145138    0.080279    0.004818    0.003206    5.546278    4.576644    1.886865    2.287894    2.131365    2.382864    0.740742    1.104950    2.045704
Iteration: 319 bestvalit: 159.670000 bestmemit:    0.003901    0.023234    0.084165    0.079979    0.145543    0.196327    0.432278    0.065032    0.274955    0.145523    0.943200    3.145138    0.080279    0.004818    0.003206    5.546278    4.576644    1.886865    2.287894    2.131365    2.382864    0.740742    1.104950    2.045704
Iteration: 320 bestvalit: 159.670000 bestmemit:    0.003901    0.023234    0.084165    0.079979    0.145543    0.196327    0.432278    0.065032    0.274955    0.145523    0.943200    3.145138    0.080279    0.004818    0.003206    5.546278    4.576644    1.886865    2.287894    2.131365    2.382864    0.740742    1.104950    2.045704
Iteration: 321 bestvalit: 159.670000 bestmemit:    0.003901    0.023234    0.084165    0.079979    0.145543    0.196327    0.432278    0.065032    0.274955    0.145523    0.943200    3.145138    0.080279    0.004818    0.003206    5.546278    4.576644    1.886865    2.287894    2.131365    2.382864    0.740742    1.104950    2.045704
Iteration: 322 bestvalit: 159.670000 bestmemit:    0.003901    0.023234    0.084165    0.079979    0.145543    0.196327    0.432278    0.065032    0.274955    0.145523    0.943200    3.145138    0.080279    0.004818    0.003206    5.546278    4.576644    1.886865    2.287894    2.131365    2.382864    0.740742    1.104950    2.045704
Iteration: 323 bestvalit: 159.670000 bestmemit:    0.003901    0.023234    0.084165    0.079979    0.145543    0.196327    0.432278    0.065032    0.274955    0.145523    0.943200    3.145138    0.080279    0.004818    0.003206    5.546278    4.576644    1.886865    2.287894    2.131365    2.382864    0.740742    1.104950    2.045704
Iteration: 324 bestvalit: 159.670000 bestmemit:    0.003901    0.023234    0.084165    0.079979    0.145543    0.196327    0.432278    0.065032    0.274955    0.145523    0.943200    3.145138    0.080279    0.004818    0.003206    5.546278    4.576644    1.886865    2.287894    2.131365    2.382864    0.740742    1.104950    2.045704
Iteration: 325 bestvalit: 159.670000 bestmemit:    0.003901    0.023234    0.084165    0.079979    0.145543    0.196327    0.432278    0.065032    0.274955    0.145523    0.943200    3.145138    0.080279    0.004818    0.003206    5.546278    4.576644    1.886865    2.287894    2.131365    2.382864    0.740742    1.104950    2.045704
Iteration: 326 bestvalit: 159.670000 bestmemit:    0.003901    0.023234    0.084165    0.079979    0.145543    0.196327    0.432278    0.065032    0.274955    0.145523    0.943200    3.145138    0.080279    0.004818    0.003206    5.546278    4.576644    1.886865    2.287894    2.131365    2.382864    0.740742    1.104950    2.045704
Iteration: 327 bestvalit: 159.670000 bestmemit:    0.003901    0.023234    0.084165    0.079979    0.145543    0.196327    0.432278    0.065032    0.274955    0.145523    0.943200    3.145138    0.080279    0.004818    0.003206    5.546278    4.576644    1.886865    2.287894    2.131365    2.382864    0.740742    1.104950    2.045704
Iteration: 328 bestvalit: 159.670000 bestmemit:    0.003901    0.023234    0.084165    0.079979    0.145543    0.196327    0.432278    0.065032    0.274955    0.145523    0.943200    3.145138    0.080279    0.004818    0.003206    5.546278    4.576644    1.886865    2.287894    2.131365    2.382864    0.740742    1.104950    2.045704
Iteration: 329 bestvalit: 159.670000 bestmemit:    0.003901    0.023234    0.084165    0.079979    0.145543    0.196327    0.432278    0.065032    0.274955    0.145523    0.943200    3.145138    0.080279    0.004818    0.003206    5.546278    4.576644    1.886865    2.287894    2.131365    2.382864    0.740742    1.104950    2.045704
Iteration: 330 bestvalit: 159.670000 bestmemit:    0.003901    0.023234    0.084165    0.079979    0.145543    0.196327    0.432278    0.065032    0.274955    0.145523    0.943200    3.145138    0.080279    0.004818    0.003206    5.546278    4.576644    1.886865    2.287894    2.131365    2.382864    0.740742    1.104950    2.045704
Iteration: 331 bestvalit: 159.670000 bestmemit:    0.003901    0.023234    0.084165    0.079979    0.145543    0.196327    0.432278    0.065032    0.274955    0.145523    0.943200    3.145138    0.080279    0.004818    0.003206    5.546278    4.576644    1.886865    2.287894    2.131365    2.382864    0.740742    1.104950    2.045704
Iteration: 332 bestvalit: 159.670000 bestmemit:    0.003901    0.023234    0.084165    0.079979    0.145543    0.196327    0.432278    0.065032    0.274955    0.145523    0.943200    3.145138    0.080279    0.004818    0.003206    5.546278    4.576644    1.886865    2.287894    2.131365    2.382864    0.740742    1.104950    2.045704
Iteration: 333 bestvalit: 159.670000 bestmemit:    0.003901    0.023234    0.084165    0.079979    0.145543    0.196327    0.432278    0.065032    0.274955    0.145523    0.943200    3.145138    0.080279    0.004818    0.003206    5.546278    4.576644    1.886865    2.287894    2.131365    2.382864    0.740742    1.104950    2.045704
Iteration: 334 bestvalit: 159.670000 bestmemit:    0.003901    0.023234    0.084165    0.079979    0.145543    0.196327    0.432278    0.065032    0.274955    0.145523    0.943200    3.145138    0.080279    0.004818    0.003206    5.546278    4.576644    1.886865    2.287894    2.131365    2.382864    0.740742    1.104950    2.045704
Iteration: 335 bestvalit: 159.670000 bestmemit:    0.003901    0.023234    0.084165    0.079979    0.145543    0.196327    0.432278    0.065032    0.274955    0.145523    0.943200    3.145138    0.080279    0.004818    0.003206    5.546278    4.576644    1.886865    2.287894    2.131365    2.382864    0.740742    1.104950    2.045704
Iteration: 336 bestvalit: 159.670000 bestmemit:    0.003901    0.023234    0.084165    0.079979    0.145543    0.196327    0.432278    0.065032    0.274955    0.145523    0.943200    3.145138    0.080279    0.004818    0.003206    5.546278    4.576644    1.886865    2.287894    2.131365    2.382864    0.740742    1.104950    2.045704
Iteration: 337 bestvalit: 159.670000 bestmemit:    0.003901    0.023234    0.084165    0.079979    0.145543    0.196327    0.432278    0.065032    0.274955    0.145523    0.943200    3.145138    0.080279    0.004818    0.003206    5.546278    4.576644    1.886865    2.287894    2.131365    2.382864    0.740742    1.104950    2.045704
Iteration: 338 bestvalit: 159.670000 bestmemit:    0.003901    0.023234    0.084165    0.079979    0.145543    0.196327    0.432278    0.065032    0.274955    0.145523    0.943200    3.145138    0.080279    0.004818    0.003206    5.546278    4.576644    1.886865    2.287894    2.131365    2.382864    0.740742    1.104950    2.045704
Iteration: 339 bestvalit: 159.670000 bestmemit:    0.003901    0.023234    0.084165    0.079979    0.145543    0.196327    0.432278    0.065032    0.274955    0.145523    0.943200    3.145138    0.080279    0.004818    0.003206    5.546278    4.576644    1.886865    2.287894    2.131365    2.382864    0.740742    1.104950    2.045704
Iteration: 340 bestvalit: 159.670000 bestmemit:    0.003901    0.023234    0.084165    0.079979    0.145543    0.196327    0.432278    0.065032    0.274955    0.145523    0.943200    3.145138    0.080279    0.004818    0.003206    5.546278    4.576644    1.886865    2.287894    2.131365    2.382864    0.740742    1.104950    2.045704
Iteration: 341 bestvalit: 159.670000 bestmemit:    0.003901    0.023234    0.084165    0.079979    0.145543    0.196327    0.432278    0.065032    0.274955    0.145523    0.943200    3.145138    0.080279    0.004818    0.003206    5.546278    4.576644    1.886865    2.287894    2.131365    2.382864    0.740742    1.104950    2.045704
Iteration: 342 bestvalit: 159.670000 bestmemit:    0.003901    0.023234    0.084165    0.079979    0.145543    0.196327    0.432278    0.065032    0.274955    0.145523    0.943200    3.145138    0.080279    0.004818    0.003206    5.546278    4.576644    1.886865    2.287894    2.131365    2.382864    0.740742    1.104950    2.045704
Iteration: 343 bestvalit: 155.825000 bestmemit:    0.003901    0.023234    0.084165    0.079979    0.145543    0.196327    0.432278    0.065032    0.274955    0.145523    0.943200    3.145138    0.080279    0.004818    0.003206    5.546278    4.576644    1.886865    2.287894    2.170948    2.382864    0.740742    1.104950    2.045704
Iteration: 344 bestvalit: 155.825000 bestmemit:    0.003901    0.023234    0.084165    0.079979    0.145543    0.196327    0.432278    0.065032    0.274955    0.145523    0.943200    3.145138    0.080279    0.004818    0.003206    5.546278    4.576644    1.886865    2.287894    2.170948    2.382864    0.740742    1.104950    2.045704
Iteration: 345 bestvalit: 155.825000 bestmemit:    0.003901    0.023234    0.084165    0.079979    0.145543    0.196327    0.432278    0.065032    0.274955    0.145523    0.943200    3.145138    0.080279    0.004818    0.003206    5.546278    4.576644    1.886865    2.287894    2.170948    2.382864    0.740742    1.104950    2.045704
Iteration: 346 bestvalit: 155.825000 bestmemit:    0.003901    0.023234    0.084165    0.079979    0.145543    0.196327    0.432278    0.065032    0.274955    0.145523    0.943200    3.145138    0.080279    0.004818    0.003206    5.546278    4.576644    1.886865    2.287894    2.170948    2.382864    0.740742    1.104950    2.045704
Iteration: 347 bestvalit: 155.825000 bestmemit:    0.003901    0.023234    0.084165    0.079979    0.145543    0.196327    0.432278    0.065032    0.274955    0.145523    0.943200    3.145138    0.080279    0.004818    0.003206    5.546278    4.576644    1.886865    2.287894    2.170948    2.382864    0.740742    1.104950    2.045704
Iteration: 348 bestvalit: 155.825000 bestmemit:    0.003901    0.023234    0.084165    0.079979    0.145543    0.196327    0.432278    0.065032    0.274955    0.145523    0.943200    3.145138    0.080279    0.004818    0.003206    5.546278    4.576644    1.886865    2.287894    2.170948    2.382864    0.740742    1.104950    2.045704
Iteration: 349 bestvalit: 155.825000 bestmemit:    0.003901    0.023234    0.084165    0.079979    0.145543    0.196327    0.432278    0.065032    0.274955    0.145523    0.943200    3.145138    0.080279    0.004818    0.003206    5.546278    4.576644    1.886865    2.287894    2.170948    2.382864    0.740742    1.104950    2.045704
Iteration: 350 bestvalit: 155.825000 bestmemit:    0.003901    0.023234    0.084165    0.079979    0.145543    0.196327    0.432278    0.065032    0.274955    0.145523    0.943200    3.145138    0.080279    0.004818    0.003206    5.546278    4.576644    1.886865    2.287894    2.170948    2.382864    0.740742    1.104950    2.045704
Iteration: 351 bestvalit: 155.825000 bestmemit:    0.003901    0.023234    0.084165    0.079979    0.145543    0.196327    0.432278    0.065032    0.274955    0.145523    0.943200    3.145138    0.080279    0.004818    0.003206    5.546278    4.576644    1.886865    2.287894    2.170948    2.382864    0.740742    1.104950    2.045704
Iteration: 352 bestvalit: 155.825000 bestmemit:    0.003901    0.023234    0.084165    0.079979    0.145543    0.196327    0.432278    0.065032    0.274955    0.145523    0.943200    3.145138    0.080279    0.004818    0.003206    5.546278    4.576644    1.886865    2.287894    2.170948    2.382864    0.740742    1.104950    2.045704
Iteration: 353 bestvalit: 155.825000 bestmemit:    0.003901    0.023234    0.084165    0.079979    0.145543    0.196327    0.432278    0.065032    0.274955    0.145523    0.943200    3.145138    0.080279    0.004818    0.003206    5.546278    4.576644    1.886865    2.287894    2.170948    2.382864    0.740742    1.104950    2.045704
Iteration: 354 bestvalit: 155.825000 bestmemit:    0.003901    0.023234    0.084165    0.079979    0.145543    0.196327    0.432278    0.065032    0.274955    0.145523    0.943200    3.145138    0.080279    0.004818    0.003206    5.546278    4.576644    1.886865    2.287894    2.170948    2.382864    0.740742    1.104950    2.045704
Iteration: 355 bestvalit: 155.825000 bestmemit:    0.003901    0.023234    0.084165    0.079979    0.145543    0.196327    0.432278    0.065032    0.274955    0.145523    0.943200    3.145138    0.080279    0.004818    0.003206    5.546278    4.576644    1.886865    2.287894    2.170948    2.382864    0.740742    1.104950    2.045704
Iteration: 356 bestvalit: 155.825000 bestmemit:    0.003901    0.023234    0.084165    0.079979    0.145543    0.196327    0.432278    0.065032    0.274955    0.145523    0.943200    3.145138    0.080279    0.004818    0.003206    5.546278    4.576644    1.886865    2.287894    2.170948    2.382864    0.740742    1.104950    2.045704
Iteration: 357 bestvalit: 155.825000 bestmemit:    0.003901    0.023234    0.084165    0.079979    0.145543    0.196327    0.432278    0.065032    0.274955    0.145523    0.943200    3.145138    0.080279    0.004818    0.003206    5.546278    4.576644    1.886865    2.287894    2.170948    2.382864    0.740742    1.104950    2.045704
Iteration: 358 bestvalit: 155.825000 bestmemit:    0.003901    0.023234    0.084165    0.079979    0.145543    0.196327    0.432278    0.065032    0.274955    0.145523    0.943200    3.145138    0.080279    0.004818    0.003206    5.546278    4.576644    1.886865    2.287894    2.170948    2.382864    0.740742    1.104950    2.045704
Iteration: 359 bestvalit: 155.265000 bestmemit:    0.003901    0.023234    0.084165    0.079979    0.145543    0.196327    0.432278    0.065032    0.265264    0.145523    0.943200    3.145138    0.080279    0.004818    0.003206    5.546278    4.576644    1.886865    2.287894    2.170948    2.382864    0.740742    1.104950    2.045704
Iteration: 360 bestvalit: 155.265000 bestmemit:    0.003901    0.023234    0.084165    0.079979    0.145543    0.196327    0.432278    0.065032    0.265264    0.145523    0.943200    3.145138    0.080279    0.004818    0.003206    5.546278    4.576644    1.886865    2.287894    2.170948    2.382864    0.740742    1.104950    2.045704
Iteration: 361 bestvalit: 155.265000 bestmemit:    0.003901    0.023234    0.084165    0.079979    0.145543    0.196327    0.432278    0.065032    0.265264    0.145523    0.943200    3.145138    0.080279    0.004818    0.003206    5.546278    4.576644    1.886865    2.287894    2.170948    2.382864    0.740742    1.104950    2.045704
Iteration: 362 bestvalit: 155.265000 bestmemit:    0.003901    0.023234    0.084165    0.079979    0.145543    0.196327    0.432278    0.065032    0.265264    0.145523    0.943200    3.145138    0.080279    0.004818    0.003206    5.546278    4.576644    1.886865    2.287894    2.170948    2.382864    0.740742    1.104950    2.045704
Iteration: 363 bestvalit: 155.265000 bestmemit:    0.003901    0.023234    0.084165    0.079979    0.145543    0.196327    0.432278    0.065032    0.265264    0.145523    0.943200    3.145138    0.080279    0.004818    0.003206    5.546278    4.576644    1.886865    2.287894    2.170948    2.382864    0.740742    1.104950    2.045704
Iteration: 364 bestvalit: 155.265000 bestmemit:    0.003901    0.023234    0.084165    0.079979    0.145543    0.196327    0.432278    0.065032    0.265264    0.145523    0.943200    3.145138    0.080279    0.004818    0.003206    5.546278    4.576644    1.886865    2.287894    2.170948    2.382864    0.740742    1.104950    2.045704
Iteration: 365 bestvalit: 155.265000 bestmemit:    0.003901    0.023234    0.084165    0.079979    0.145543    0.196327    0.432278    0.065032    0.265264    0.145523    0.943200    3.145138    0.080279    0.004818    0.003206    5.546278    4.576644    1.886865    2.287894    2.170948    2.382864    0.740742    1.104950    2.045704
Iteration: 366 bestvalit: 155.265000 bestmemit:    0.003901    0.023234    0.084165    0.079979    0.145543    0.196327    0.432278    0.065032    0.265264    0.145523    0.943200    3.145138    0.080279    0.004818    0.003206    5.546278    4.576644    1.886865    2.287894    2.170948    2.382864    0.740742    1.104950    2.045704
Iteration: 367 bestvalit: 155.265000 bestmemit:    0.003901    0.023234    0.084165    0.079979    0.145543    0.196327    0.432278    0.065032    0.265264    0.145523    0.943200    3.145138    0.080279    0.004818    0.003206    5.546278    4.576644    1.886865    2.287894    2.170948    2.382864    0.740742    1.104950    2.045704
Iteration: 368 bestvalit: 155.265000 bestmemit:    0.003901    0.023234    0.084165    0.079979    0.145543    0.196327    0.432278    0.065032    0.265264    0.145523    0.943200    3.145138    0.080279    0.004818    0.003206    5.546278    4.576644    1.886865    2.287894    2.170948    2.382864    0.740742    1.104950    2.045704
Iteration: 369 bestvalit: 155.265000 bestmemit:    0.003901    0.023234    0.084165    0.079979    0.145543    0.196327    0.432278    0.065032    0.265264    0.145523    0.943200    3.145138    0.080279    0.004818    0.003206    5.546278    4.576644    1.886865    2.287894    2.170948    2.382864    0.740742    1.104950    2.045704
Iteration: 370 bestvalit: 154.965000 bestmemit:    0.003901    0.023234    0.084165    0.079979    0.145543    0.196327    0.432278    0.065032    0.265264    0.145523    0.943200    3.145138    0.080279    0.004818    0.003206    5.546278    4.966131    1.886865    2.287894    2.170948    2.382864    0.740742    1.104950    2.045704
Iteration: 371 bestvalit: 154.965000 bestmemit:    0.003901    0.023234    0.084165    0.079979    0.145543    0.196327    0.432278    0.065032    0.265264    0.145523    0.943200    3.145138    0.080279    0.004818    0.003206    5.546278    4.966131    1.886865    2.287894    2.170948    2.382864    0.740742    1.104950    2.045704
Iteration: 372 bestvalit: 154.965000 bestmemit:    0.003901    0.023234    0.084165    0.079979    0.145543    0.196327    0.432278    0.065032    0.265264    0.145523    0.943200    3.145138    0.080279    0.004818    0.003206    5.546278    4.966131    1.886865    2.287894    2.170948    2.382864    0.740742    1.104950    2.045704
Iteration: 373 bestvalit: 154.965000 bestmemit:    0.003901    0.023234    0.084165    0.079979    0.145543    0.196327    0.432278    0.065032    0.265264    0.145523    0.943200    3.145138    0.080279    0.004818    0.003206    5.546278    4.966131    1.886865    2.287894    2.170948    2.382864    0.740742    1.104950    2.045704
Iteration: 374 bestvalit: 154.820000 bestmemit:    0.003901    0.023234    0.084165    0.079979    0.145543    0.196327    0.432278    0.065032    0.265264    0.145523    0.976075    3.145138    0.080279    0.004818    0.003206    5.546278    4.966131    1.886865    2.287894    2.170948    2.382864    0.740742    1.104950    2.045704
Iteration: 375 bestvalit: 154.820000 bestmemit:    0.003901    0.023234    0.084165    0.079979    0.145543    0.196327    0.432278    0.065032    0.265264    0.145523    0.976075    3.145138    0.080279    0.004818    0.003206    5.546278    4.966131    1.886865    2.287894    2.170948    2.382864    0.740742    1.104950    2.045704
Iteration: 376 bestvalit: 154.820000 bestmemit:    0.003901    0.023234    0.084165    0.079979    0.145543    0.196327    0.432278    0.065032    0.265264    0.145523    0.976075    3.145138    0.080279    0.004818    0.003206    5.546278    4.966131    1.886865    2.287894    2.170948    2.382864    0.740742    1.104950    2.045704
Iteration: 377 bestvalit: 154.820000 bestmemit:    0.003901    0.023234    0.084165    0.079979    0.145543    0.196327    0.432278    0.065032    0.265264    0.145523    0.976075    3.145138    0.080279    0.004818    0.003206    5.546278    4.966131    1.886865    2.287894    2.170948    2.382864    0.740742    1.104950    2.045704
Iteration: 378 bestvalit: 154.820000 bestmemit:    0.003901    0.023234    0.084165    0.079979    0.145543    0.196327    0.432278    0.065032    0.265264    0.145523    0.976075    3.145138    0.080279    0.004818    0.003206    5.546278    4.966131    1.886865    2.287894    2.170948    2.382864    0.740742    1.104950    2.045704
Iteration: 379 bestvalit: 154.820000 bestmemit:    0.003901    0.023234    0.084165    0.079979    0.145543    0.196327    0.432278    0.065032    0.265264    0.145523    0.976075    3.145138    0.080279    0.004818    0.003206    5.546278    4.966131    1.886865    2.287894    2.170948    2.382864    0.740742    1.104950    2.045704
Iteration: 380 bestvalit: 154.820000 bestmemit:    0.003901    0.023234    0.084165    0.079979    0.145543    0.196327    0.432278    0.065032    0.265264    0.145523    0.976075    3.145138    0.080279    0.004818    0.003206    5.546278    4.966131    1.886865    2.287894    2.170948    2.382864    0.740742    1.104950    2.045704
Iteration: 381 bestvalit: 154.820000 bestmemit:    0.003901    0.023234    0.084165    0.079979    0.145543    0.196327    0.432278    0.065032    0.265264    0.145523    0.976075    3.145138    0.080279    0.004818    0.003206    5.546278    4.966131    1.886865    2.287894    2.170948    2.382864    0.740742    1.104950    2.045704
Iteration: 382 bestvalit: 154.820000 bestmemit:    0.003901    0.023234    0.084165    0.079979    0.145543    0.196327    0.432278    0.065032    0.265264    0.145523    0.976075    3.145138    0.080279    0.004818    0.003206    5.546278    4.966131    1.886865    2.287894    2.170948    2.382864    0.740742    1.104950    2.045704
Iteration: 383 bestvalit: 154.820000 bestmemit:    0.003901    0.023234    0.084165    0.079979    0.145543    0.196327    0.432278    0.065032    0.265264    0.145523    0.976075    3.145138    0.080279    0.004818    0.003206    5.546278    4.966131    1.886865    2.287894    2.170948    2.382864    0.740742    1.104950    2.045704
Iteration: 384 bestvalit: 154.820000 bestmemit:    0.003901    0.023234    0.084165    0.079979    0.145543    0.196327    0.432278    0.065032    0.265264    0.145523    0.976075    3.145138    0.080279    0.004818    0.003206    5.546278    4.966131    1.886865    2.287894    2.170948    2.382864    0.740742    1.104950    2.045704
Iteration: 385 bestvalit: 154.820000 bestmemit:    0.003901    0.023234    0.084165    0.079979    0.145543    0.196327    0.432278    0.065032    0.265264    0.145523    0.976075    3.145138    0.080279    0.004818    0.003206    5.546278    4.966131    1.886865    2.287894    2.170948    2.382864    0.740742    1.104950    2.045704
Iteration: 386 bestvalit: 154.820000 bestmemit:    0.003901    0.023234    0.084165    0.079979    0.145543    0.196327    0.432278    0.065032    0.265264    0.145523    0.976075    3.145138    0.080279    0.004818    0.003206    5.546278    4.966131    1.886865    2.287894    2.170948    2.382864    0.740742    1.104950    2.045704
Iteration: 387 bestvalit: 154.820000 bestmemit:    0.003901    0.023234    0.084165    0.079979    0.145543    0.196327    0.432278    0.065032    0.265264    0.145523    0.976075    3.145138    0.080279    0.004818    0.003206    5.546278    4.966131    1.886865    2.287894    2.170948    2.382864    0.740742    1.104950    2.045704
Iteration: 388 bestvalit: 154.820000 bestmemit:    0.003901    0.023234    0.084165    0.079979    0.145543    0.196327    0.432278    0.065032    0.265264    0.145523    0.976075    3.145138    0.080279    0.004818    0.003206    5.546278    4.966131    1.886865    2.287894    2.170948    2.382864    0.740742    1.104950    2.045704
Iteration: 389 bestvalit: 154.820000 bestmemit:    0.003901    0.023234    0.084165    0.079979    0.145543    0.196327    0.432278    0.065032    0.265264    0.145523    0.976075    3.145138    0.080279    0.004818    0.003206    5.546278    4.966131    1.886865    2.287894    2.170948    2.382864    0.740742    1.104950    2.045704
Iteration: 390 bestvalit: 154.820000 bestmemit:    0.003901    0.023234    0.084165    0.079979    0.145543    0.196327    0.432278    0.065032    0.265264    0.145523    0.976075    3.145138    0.080279    0.004818    0.003206    5.546278    4.966131    1.886865    2.287894    2.170948    2.382864    0.740742    1.104950    2.045704
Iteration: 391 bestvalit: 154.820000 bestmemit:    0.003901    0.023234    0.084165    0.079979    0.145543    0.196327    0.432278    0.065032    0.265264    0.145523    0.976075    3.145138    0.080279    0.004818    0.003206    5.546278    4.966131    1.886865    2.287894    2.170948    2.382864    0.740742    1.104950    2.045704
Iteration: 392 bestvalit: 154.820000 bestmemit:    0.003901    0.023234    0.084165    0.079979    0.145543    0.196327    0.432278    0.065032    0.265264    0.145523    0.976075    3.145138    0.080279    0.004818    0.003206    5.546278    4.966131    1.886865    2.287894    2.170948    2.382864    0.740742    1.104950    2.045704
Iteration: 393 bestvalit: 154.790000 bestmemit:    0.003901    0.023234    0.084165    0.079979    0.145543    0.196327    0.432278    0.065032    0.265264    0.145523    0.976075    3.145138    0.080279    0.004818    0.003206    5.546278    4.966131    1.886865    2.287565    2.170948    2.382864    0.740742    1.104950    2.045704
Iteration: 394 bestvalit: 154.790000 bestmemit:    0.003901    0.023234    0.084165    0.079979    0.145543    0.196327    0.432278    0.065032    0.265264    0.145523    0.976075    3.145138    0.080279    0.004818    0.003206    5.546278    4.966131    1.886865    2.287565    2.170948    2.382864    0.740742    1.104950    2.045704
Iteration: 395 bestvalit: 154.790000 bestmemit:    0.003901    0.023234    0.084165    0.079979    0.145543    0.196327    0.432278    0.065032    0.265264    0.145523    0.976075    3.145138    0.080279    0.004818    0.003206    5.546278    4.966131    1.886865    2.287565    2.170948    2.382864    0.740742    1.104950    2.045704
Iteration: 396 bestvalit: 154.790000 bestmemit:    0.003901    0.023234    0.084165    0.079979    0.145543    0.196327    0.432278    0.065032    0.265264    0.145523    0.976075    3.145138    0.080279    0.004818    0.003206    5.546278    4.966131    1.886865    2.287565    2.170948    2.382864    0.740742    1.104950    2.045704
Iteration: 397 bestvalit: 154.790000 bestmemit:    0.003901    0.023234    0.084165    0.079979    0.145543    0.196327    0.432278    0.065032    0.265264    0.145523    0.976075    3.145138    0.080279    0.004818    0.003206    5.546278    4.966131    1.886865    2.287565    2.170948    2.382864    0.740742    1.104950    2.045704
Iteration: 398 bestvalit: 154.790000 bestmemit:    0.003901    0.023234    0.084165    0.079979    0.145543    0.196327    0.432278    0.065032    0.265264    0.145523    0.976075    3.145138    0.080279    0.004818    0.003206    5.546278    4.966131    1.886865    2.287565    2.170948    2.382864    0.740742    1.104950    2.045704
Iteration: 399 bestvalit: 154.790000 bestmemit:    0.003901    0.023234    0.084165    0.079979    0.145543    0.196327    0.432278    0.065032    0.265264    0.145523    0.976075    3.145138    0.080279    0.004818    0.003206    5.546278    4.966131    1.886865    2.287565    2.170948    2.382864    0.740742    1.104950    2.045704
Iteration: 400 bestvalit: 154.790000 bestmemit:    0.003901    0.023234    0.084165    0.079979    0.145543    0.196327    0.432278    0.065032    0.265264    0.145523    0.976075    3.145138    0.080279    0.004818    0.003206    5.546278    4.966131    1.886865    2.287565    2.170948    2.382864    0.740742    1.104950    2.045704
Iteration: 401 bestvalit: 154.790000 bestmemit:    0.003901    0.023234    0.084165    0.079979    0.145543    0.196327    0.432278    0.065032    0.265264    0.145523    0.976075    3.145138    0.080279    0.004818    0.003206    5.546278    4.966131    1.886865    2.287565    2.170948    2.382864    0.740742    1.104950    2.045704
Iteration: 402 bestvalit: 154.790000 bestmemit:    0.003901    0.023234    0.084165    0.079979    0.145543    0.196327    0.432278    0.065032    0.265264    0.145523    0.976075    3.145138    0.080279    0.004818    0.003206    5.546278    4.966131    1.886865    2.287565    2.170948    2.382864    0.740742    1.104950    2.045704
Iteration: 403 bestvalit: 154.790000 bestmemit:    0.003901    0.023234    0.084165    0.079979    0.145543    0.196327    0.432278    0.065032    0.265264    0.145523    0.976075    3.145138    0.080279    0.004818    0.003206    5.546278    4.966131    1.886865    2.287565    2.170948    2.382864    0.740742    1.104950    2.045704
Iteration: 404 bestvalit: 154.790000 bestmemit:    0.003901    0.023234    0.084165    0.079979    0.145543    0.196327    0.432278    0.065032    0.265264    0.145523    0.976075    3.145138    0.080279    0.004818    0.003206    5.546278    4.966131    1.886865    2.287565    2.170948    2.382864    0.740742    1.104950    2.045704
Iteration: 405 bestvalit: 154.790000 bestmemit:    0.003901    0.023234    0.084165    0.079979    0.145543    0.196327    0.432278    0.065032    0.265264    0.145523    0.976075    3.145138    0.080279    0.004818    0.003206    5.546278    4.966131    1.886865    2.287565    2.170948    2.382864    0.740742    1.104950    2.045704
Iteration: 406 bestvalit: 154.790000 bestmemit:    0.003901    0.023234    0.084165    0.079979    0.145543    0.196327    0.432278    0.065032    0.265264    0.145523    0.976075    3.145138    0.080279    0.004818    0.003206    5.546278    4.966131    1.886865    2.287565    2.170948    2.382864    0.740742    1.104950    2.045704
Iteration: 407 bestvalit: 154.790000 bestmemit:    0.003901    0.023234    0.084165    0.079979    0.145543    0.196327    0.432278    0.065032    0.265264    0.145523    0.976075    3.145138    0.080279    0.004818    0.003206    5.546278    4.966131    1.886865    2.287565    2.170948    2.382864    0.740742    1.104950    2.045704
Iteration: 408 bestvalit: 154.790000 bestmemit:    0.003901    0.023234    0.084165    0.079979    0.145543    0.196327    0.432278    0.065032    0.265264    0.145523    0.976075    3.145138    0.080279    0.004818    0.003206    5.546278    4.966131    1.886865    2.287565    2.170948    2.382864    0.740742    1.104950    2.045704
Iteration: 409 bestvalit: 154.790000 bestmemit:    0.003901    0.023234    0.084165    0.079979    0.145543    0.196327    0.432278    0.065032    0.265264    0.145523    0.976075    3.145138    0.080279    0.004818    0.003206    5.546278    4.966131    1.886865    2.287565    2.170948    2.382864    0.740742    1.104950    2.045704
Iteration: 410 bestvalit: 154.790000 bestmemit:    0.003901    0.023234    0.084165    0.079979    0.145543    0.196327    0.432278    0.065032    0.265264    0.145523    0.976075    3.145138    0.080279    0.004818    0.003206    5.546278    4.966131    1.886865    2.287565    2.170948    2.382864    0.740742    1.104950    2.045704
Iteration: 411 bestvalit: 154.790000 bestmemit:    0.003901    0.023234    0.084165    0.079979    0.145543    0.196327    0.432278    0.065032    0.265264    0.145523    0.976075    3.145138    0.080279    0.004818    0.003206    5.546278    4.966131    1.886865    2.287565    2.170948    2.382864    0.740742    1.104950    2.045704
Iteration: 412 bestvalit: 154.790000 bestmemit:    0.003901    0.023234    0.084165    0.079979    0.145543    0.196327    0.432278    0.065032    0.265264    0.145523    0.976075    3.145138    0.080279    0.004818    0.003206    5.546278    4.966131    1.886865    2.287565    2.170948    2.382864    0.740742    1.104950    2.045704
Iteration: 413 bestvalit: 154.790000 bestmemit:    0.003901    0.023234    0.084165    0.079979    0.145543    0.196327    0.432278    0.065032    0.265264    0.145523    0.976075    3.145138    0.080279    0.004818    0.003206    5.546278    4.966131    1.886865    2.287565    2.170948    2.382864    0.740742    1.104950    2.045704
Iteration: 414 bestvalit: 154.790000 bestmemit:    0.003901    0.023234    0.084165    0.079979    0.145543    0.196327    0.432278    0.065032    0.265264    0.145523    0.976075    3.145138    0.080279    0.004818    0.003206    5.546278    4.966131    1.886865    2.287565    2.170948    2.382864    0.740742    1.104950    2.045704
Iteration: 415 bestvalit: 154.790000 bestmemit:    0.003901    0.023234    0.084165    0.079979    0.145543    0.196327    0.432278    0.065032    0.265264    0.145523    0.976075    3.145138    0.080279    0.004818    0.003206    5.546278    4.966131    1.886865    2.287565    2.170948    2.382864    0.740742    1.104950    2.045704
Iteration: 416 bestvalit: 154.790000 bestmemit:    0.003901    0.023234    0.084165    0.079979    0.145543    0.196327    0.432278    0.065032    0.265264    0.145523    0.976075    3.145138    0.080279    0.004818    0.003206    5.546278    4.966131    1.886865    2.287565    2.170948    2.382864    0.740742    1.104950    2.045704
Iteration: 417 bestvalit: 154.790000 bestmemit:    0.003901    0.023234    0.084165    0.079979    0.145543    0.196327    0.432278    0.065032    0.265264    0.145523    0.976075    3.145138    0.080279    0.004818    0.003206    5.546278    4.966131    1.886865    2.287565    2.170948    2.382864    0.740742    1.104950    2.045704
Iteration: 418 bestvalit: 154.790000 bestmemit:    0.003901    0.023234    0.084165    0.079979    0.145543    0.196327    0.432278    0.065032    0.265264    0.145523    0.976075    3.145138    0.080279    0.004818    0.003206    5.546278    4.966131    1.886865    2.287565    2.170948    2.382864    0.740742    1.104950    2.045704
Iteration: 419 bestvalit: 154.790000 bestmemit:    0.003901    0.023234    0.084165    0.079979    0.145543    0.196327    0.432278    0.065032    0.265264    0.145523    0.976075    3.145138    0.080279    0.004818    0.003206    5.546278    4.966131    1.886865    2.287565    2.170948    2.382864    0.740742    1.104950    2.045704
Iteration: 420 bestvalit: 154.790000 bestmemit:    0.003901    0.023234    0.084165    0.079979    0.145543    0.196327    0.432278    0.065032    0.265264    0.145523    0.976075    3.145138    0.080279    0.004818    0.003206    5.546278    4.966131    1.886865    2.287565    2.170948    2.382864    0.740742    1.104950    2.045704
Iteration: 421 bestvalit: 154.790000 bestmemit:    0.003901    0.023234    0.084165    0.079979    0.145543    0.196327    0.432278    0.065032    0.265264    0.145523    0.976075    3.145138    0.080279    0.004818    0.003206    5.546278    4.966131    1.886865    2.287565    2.170948    2.382864    0.740742    1.104950    2.045704
Iteration: 422 bestvalit: 154.790000 bestmemit:    0.003901    0.023234    0.084165    0.079979    0.145543    0.196327    0.432278    0.065032    0.265264    0.145523    0.976075    3.145138    0.080279    0.004818    0.003206    5.546278    4.966131    1.886865    2.287565    2.170948    2.382864    0.740742    1.104950    2.045704
Iteration: 423 bestvalit: 154.790000 bestmemit:    0.003901    0.023234    0.084165    0.079979    0.145543    0.196327    0.432278    0.065032    0.265264    0.145523    0.976075    3.145138    0.080279    0.004818    0.003206    5.546278    4.966131    1.886865    2.287565    2.170948    2.382864    0.740742    1.104950    2.045704
Iteration: 424 bestvalit: 154.775000 bestmemit:    0.003901    0.023234    0.084165    0.079979    0.145543    0.196327    0.432278    0.065032    0.265264    0.145523    0.976075    3.145138    0.080279    0.004818    0.003206    5.546278    4.966131    1.886865    2.287565    2.170948    2.382864    0.706894    1.104950    2.045704
Iteration: 425 bestvalit: 154.775000 bestmemit:    0.003901    0.023234    0.084165    0.079979    0.145543    0.196327    0.432278    0.065032    0.265264    0.145523    0.976075    3.145138    0.080279    0.004818    0.003206    5.546278    4.966131    1.886865    2.287565    2.170948    2.382864    0.706894    1.104950    2.045704
Iteration: 426 bestvalit: 154.775000 bestmemit:    0.003901    0.023234    0.084165    0.079979    0.145543    0.196327    0.432278    0.065032    0.265264    0.145523    0.976075    3.145138    0.080279    0.004818    0.003206    5.546278    4.966131    1.886865    2.287565    2.170948    2.382864    0.706894    1.104950    2.045704
Iteration: 427 bestvalit: 154.775000 bestmemit:    0.003901    0.023234    0.084165    0.079979    0.145543    0.196327    0.432278    0.065032    0.265264    0.145523    0.976075    3.145138    0.080279    0.004818    0.003206    5.546278    4.966131    1.886865    2.287565    2.170948    2.382864    0.706894    1.104950    2.045704
Iteration: 428 bestvalit: 154.775000 bestmemit:    0.003901    0.023234    0.084165    0.079979    0.145543    0.196327    0.432278    0.065032    0.265264    0.145523    0.976075    3.145138    0.080279    0.004818    0.003206    5.546278    4.966131    1.886865    2.287565    2.170948    2.382864    0.706894    1.104950    2.045704
Iteration: 429 bestvalit: 154.775000 bestmemit:    0.003901    0.023234    0.084165    0.079979    0.145543    0.196327    0.432278    0.065032    0.265264    0.145523    0.976075    3.145138    0.080279    0.004818    0.003206    5.546278    4.966131    1.886865    2.287565    2.170948    2.382864    0.706894    1.104950    2.045704
Iteration: 430 bestvalit: 154.775000 bestmemit:    0.003901    0.023234    0.084165    0.079979    0.145543    0.196327    0.432278    0.065032    0.265264    0.145523    0.976075    3.145138    0.080279    0.004818    0.003206    5.546278    4.966131    1.886865    2.287565    2.170948    2.382864    0.706894    1.104950    2.045704
Iteration: 431 bestvalit: 154.775000 bestmemit:    0.003901    0.023234    0.084165    0.079979    0.145543    0.196327    0.432278    0.065032    0.265264    0.145523    0.976075    3.145138    0.080279    0.004818    0.003206    5.546278    4.966131    1.886865    2.287565    2.170948    2.382864    0.706894    1.104950    2.045704
Iteration: 432 bestvalit: 154.775000 bestmemit:    0.003901    0.023234    0.084165    0.079979    0.145543    0.196327    0.432278    0.065032    0.265264    0.145523    0.976075    3.145138    0.080279    0.004818    0.003206    5.546278    4.966131    1.886865    2.287565    2.170948    2.382864    0.706894    1.104950    2.045704
Iteration: 433 bestvalit: 154.715000 bestmemit:    0.003901    0.023234    0.084165    0.079979    0.145543    0.196327    0.432278    0.065032    0.265264    0.145523    0.976075    3.145138    0.080279    0.004818    0.003206    5.546278    4.966131    1.886865    2.287565    2.170948    2.382864    0.475520    1.104950    2.045704
Iteration: 434 bestvalit: 154.715000 bestmemit:    0.003901    0.023234    0.084165    0.079979    0.145543    0.196327    0.432278    0.065032    0.265264    0.145523    0.976075    3.145138    0.080279    0.004818    0.003206    5.546278    4.966131    1.886865    2.287565    2.170948    2.382864    0.475520    1.104950    2.045704
Iteration: 435 bestvalit: 154.715000 bestmemit:    0.003901    0.023234    0.084165    0.079979    0.145543    0.196327    0.432278    0.065032    0.265264    0.145523    0.976075    3.145138    0.080279    0.004818    0.003206    5.546278    4.966131    1.886865    2.287565    2.170948    2.382864    0.475520    1.104950    2.045704
Iteration: 436 bestvalit: 154.715000 bestmemit:    0.003901    0.023234    0.084165    0.079979    0.145543    0.196327    0.432278    0.065032    0.265264    0.145523    0.976075    3.145138    0.080279    0.004818    0.003206    5.546278    4.966131    1.886865    2.287565    2.170948    2.382864    0.475520    1.104950    2.045704
Iteration: 437 bestvalit: 154.715000 bestmemit:    0.003901    0.023234    0.084165    0.079979    0.145543    0.196327    0.432278    0.065032    0.265264    0.145523    0.976075    3.145138    0.080279    0.004818    0.003206    5.546278    4.966131    1.886865    2.287565    2.170948    2.382864    0.475520    1.104950    2.045704
Iteration: 438 bestvalit: 154.715000 bestmemit:    0.003901    0.023234    0.084165    0.079979    0.145543    0.196327    0.432278    0.065032    0.265264    0.145523    0.976075    3.145138    0.080279    0.004818    0.003206    5.546278    4.966131    1.886865    2.287565    2.170948    2.382864    0.475520    1.104950    2.045704
Iteration: 439 bestvalit: 154.715000 bestmemit:    0.003901    0.023234    0.084165    0.079979    0.145543    0.196327    0.432278    0.065032    0.265264    0.145523    0.976075    3.145138    0.080279    0.004818    0.003206    5.546278    4.966131    1.886865    2.287565    2.170948    2.382864    0.475520    1.104950    2.045704
Iteration: 440 bestvalit: 154.715000 bestmemit:    0.003901    0.023234    0.084165    0.079979    0.145543    0.196327    0.432278    0.065032    0.265264    0.145523    0.976075    3.145138    0.080279    0.004818    0.003206    5.546278    4.966131    1.886865    2.287565    2.170948    2.382864    0.475520    1.104950    2.045704
Iteration: 441 bestvalit: 154.715000 bestmemit:    0.003901    0.023234    0.084165    0.079979    0.145543    0.196327    0.432278    0.065032    0.265264    0.145523    0.976075    3.145138    0.080279    0.004818    0.003206    5.546278    4.966131    1.886865    2.287565    2.170948    2.382864    0.475520    1.104950    2.045704
Iteration: 442 bestvalit: 154.715000 bestmemit:    0.003901    0.023234    0.084165    0.079979    0.145543    0.196327    0.432278    0.065032    0.265264    0.145523    0.976075    3.145138    0.080279    0.004818    0.003206    5.546278    4.966131    1.886865    2.287565    2.170948    2.382864    0.475520    1.104950    2.045704
Iteration: 443 bestvalit: 154.715000 bestmemit:    0.003901    0.023234    0.084165    0.079979    0.145543    0.196327    0.432278    0.065032    0.265264    0.145523    0.976075    3.145138    0.080279    0.004818    0.003206    5.546278    4.966131    1.886865    2.287565    2.170948    2.382864    0.475520    1.104950    2.045704
Iteration: 444 bestvalit: 154.715000 bestmemit:    0.003901    0.023234    0.084165    0.079979    0.145543    0.196327    0.432278    0.065032    0.265264    0.145523    0.976075    3.145138    0.080279    0.004818    0.003206    5.546278    4.966131    1.886865    2.287565    2.170948    2.382864    0.475520    1.104950    2.045704
Iteration: 445 bestvalit: 154.715000 bestmemit:    0.003901    0.023234    0.084165    0.079979    0.145543    0.196327    0.432278    0.065032    0.265264    0.145523    0.976075    3.145138    0.080279    0.004818    0.003206    5.546278    4.966131    1.886865    2.287565    2.170948    2.382864    0.475520    1.104950    2.045704
Iteration: 446 bestvalit: 154.715000 bestmemit:    0.003901    0.023234    0.084165    0.079979    0.145543    0.196327    0.432278    0.065032    0.265264    0.145523    0.976075    3.145138    0.080279    0.004818    0.003206    5.546278    4.966131    1.886865    2.287565    2.170948    2.382864    0.475520    1.104950    2.045704
Iteration: 447 bestvalit: 154.715000 bestmemit:    0.003901    0.023234    0.084165    0.079979    0.145543    0.196327    0.432278    0.065032    0.265264    0.145523    0.976075    3.145138    0.080279    0.004818    0.003206    5.546278    4.966131    1.886865    2.287565    2.170948    2.382864    0.475520    1.104950    2.045704
Iteration: 448 bestvalit: 154.715000 bestmemit:    0.003901    0.023234    0.084165    0.079979    0.145543    0.196327    0.432278    0.065032    0.265264    0.145523    0.976075    3.145138    0.080279    0.004818    0.003206    5.546278    4.966131    1.886865    2.287565    2.170948    2.382864    0.475520    1.104950    2.045704
Iteration: 449 bestvalit: 154.715000 bestmemit:    0.003901    0.023234    0.084165    0.079979    0.145543    0.196327    0.432278    0.065032    0.265264    0.145523    0.976075    3.145138    0.080279    0.004818    0.003206    5.546278    4.966131    1.886865    2.287565    2.170948    2.382864    0.475520    1.104950    2.045704
Iteration: 450 bestvalit: 154.715000 bestmemit:    0.003901    0.023234    0.084165    0.079979    0.145543    0.196327    0.432278    0.065032    0.265264    0.145523    0.976075    3.145138    0.080279    0.004818    0.003206    5.546278    4.966131    1.886865    2.287565    2.170948    2.382864    0.475520    1.104950    2.045704
Iteration: 451 bestvalit: 154.715000 bestmemit:    0.003901    0.023234    0.084165    0.079979    0.145543    0.196327    0.432278    0.065032    0.265264    0.145523    0.976075    3.145138    0.080279    0.004818    0.003206    5.546278    4.966131    1.886865    2.287565    2.170948    2.382864    0.475520    1.104950    2.045704
Iteration: 452 bestvalit: 154.715000 bestmemit:    0.003901    0.023234    0.084165    0.079979    0.145543    0.196327    0.432278    0.065032    0.265264    0.145523    0.976075    3.145138    0.080279    0.004818    0.003206    5.546278    4.966131    1.886865    2.287565    2.170948    2.382864    0.475520    1.104950    2.045704
Iteration: 453 bestvalit: 154.715000 bestmemit:    0.003901    0.023234    0.084165    0.079979    0.145543    0.196327    0.432278    0.065032    0.265264    0.145523    0.976075    3.145138    0.080279    0.004818    0.003206    5.546278    4.966131    1.886865    2.287565    2.170948    2.382864    0.475520    1.104950    2.045704
Iteration: 454 bestvalit: 154.715000 bestmemit:    0.003901    0.023234    0.084165    0.079979    0.145543    0.196327    0.432278    0.065032    0.265264    0.145523    0.976075    3.145138    0.080279    0.004818    0.003206    5.546278    4.966131    1.886865    2.287565    2.170948    2.382864    0.475520    1.104950    2.045704
Iteration: 455 bestvalit: 154.715000 bestmemit:    0.003901    0.023234    0.084165    0.079979    0.145543    0.196327    0.432278    0.065032    0.265264    0.145523    0.976075    3.145138    0.080279    0.004818    0.003206    5.546278    4.966131    1.886865    2.287565    2.170948    2.382864    0.475520    1.104950    2.045704
Iteration: 456 bestvalit: 154.715000 bestmemit:    0.003901    0.023234    0.084165    0.079979    0.145543    0.196327    0.432278    0.065032    0.265264    0.145523    0.976075    3.145138    0.080279    0.004818    0.003206    5.546278    4.966131    1.886865    2.287565    2.170948    2.382864    0.475520    1.104950    2.045704
Iteration: 457 bestvalit: 154.715000 bestmemit:    0.003901    0.023234    0.084165    0.079979    0.145543    0.196327    0.432278    0.065032    0.265264    0.145523    0.976075    3.145138    0.080279    0.004818    0.003206    5.546278    4.966131    1.886865    2.287565    2.170948    2.382864    0.475520    1.104950    2.045704
Iteration: 458 bestvalit: 154.715000 bestmemit:    0.003901    0.023234    0.084165    0.079979    0.145543    0.196327    0.432278    0.065032    0.265264    0.145523    0.976075    3.145138    0.080279    0.004818    0.003206    5.546278    4.966131    1.886865    2.287565    2.170948    2.382864    0.475520    1.104950    2.045704
Iteration: 459 bestvalit: 154.715000 bestmemit:    0.003901    0.023234    0.084165    0.079979    0.145543    0.196327    0.432278    0.065032    0.265264    0.145523    0.976075    3.145138    0.080279    0.004818    0.003206    5.546278    4.966131    1.886865    2.287565    2.170948    2.382864    0.475520    1.104950    2.045704
Iteration: 460 bestvalit: 154.715000 bestmemit:    0.003901    0.023234    0.084165    0.079979    0.145543    0.196327    0.432278    0.065032    0.265264    0.145523    0.976075    3.145138    0.080279    0.004818    0.003206    5.546278    4.966131    1.886865    2.287565    2.170948    2.382864    0.475520    1.104950    2.045704
Iteration: 461 bestvalit: 154.715000 bestmemit:    0.003901    0.023234    0.084165    0.079979    0.145543    0.196327    0.432278    0.065032    0.265264    0.145523    0.976075    3.145138    0.080279    0.004818    0.003206    5.546278    4.966131    1.886865    2.287565    2.170948    2.382864    0.475520    1.104950    2.045704
Iteration: 462 bestvalit: 154.715000 bestmemit:    0.003901    0.023234    0.084165    0.079979    0.145543    0.196327    0.432278    0.065032    0.265264    0.145523    0.976075    3.145138    0.080279    0.004818    0.003206    5.546278    4.966131    1.886865    2.287565    2.170948    2.382864    0.475520    1.104950    2.045704
Iteration: 463 bestvalit: 154.715000 bestmemit:    0.003901    0.023234    0.084165    0.079979    0.145543    0.196327    0.432278    0.065032    0.265264    0.145523    0.976075    3.145138    0.080279    0.004818    0.003206    5.546278    4.966131    1.886865    2.287565    2.170948    2.382864    0.475520    1.104950    2.045704
Iteration: 464 bestvalit: 154.715000 bestmemit:    0.003901    0.023234    0.084165    0.079979    0.145543    0.196327    0.432278    0.065032    0.265264    0.145523    0.976075    3.145138    0.080279    0.004818    0.003206    5.546278    4.966131    1.886865    2.287565    2.170948    2.382864    0.475520    1.104950    2.045704
Iteration: 465 bestvalit: 154.715000 bestmemit:    0.003901    0.023234    0.084165    0.079979    0.145543    0.196327    0.432278    0.065032    0.265264    0.145523    0.976075    3.145138    0.080279    0.004818    0.003206    5.546278    4.966131    1.886865    2.287565    2.170948    2.382864    0.475520    1.104950    2.045704
Iteration: 466 bestvalit: 154.715000 bestmemit:    0.003901    0.023234    0.084165    0.079979    0.145543    0.196327    0.432278    0.065032    0.265264    0.145523    0.976075    3.145138    0.080279    0.004818    0.003206    5.546278    4.966131    1.886865    2.287565    2.170948    2.382864    0.475520    1.104950    2.045704
Iteration: 467 bestvalit: 154.715000 bestmemit:    0.003901    0.023234    0.084165    0.079979    0.145543    0.196327    0.432278    0.065032    0.265264    0.145523    0.976075    3.145138    0.080279    0.004818    0.003206    5.546278    4.966131    1.886865    2.287565    2.170948    2.382864    0.475520    1.104950    2.045704
Iteration: 468 bestvalit: 154.715000 bestmemit:    0.003901    0.023234    0.084165    0.079979    0.145543    0.196327    0.432278    0.065032    0.265264    0.145523    0.976075    3.145138    0.080279    0.004818    0.003206    5.546278    4.966131    1.886865    2.287565    2.170948    2.382864    0.475520    1.104950    2.045704
Iteration: 469 bestvalit: 154.715000 bestmemit:    0.003901    0.023234    0.084165    0.079979    0.145543    0.196327    0.432278    0.065032    0.265264    0.145523    0.976075    3.145138    0.080279    0.004818    0.003206    5.546278    4.966131    1.886865    2.287565    2.170948    2.382864    0.475520    1.104950    2.045704
Iteration: 470 bestvalit: 154.715000 bestmemit:    0.003901    0.023234    0.084165    0.079979    0.145543    0.196327    0.432278    0.065032    0.265264    0.145523    0.976075    3.145138    0.080279    0.004818    0.003206    5.546278    4.966131    1.886865    2.287565    2.170948    2.382864    0.475520    1.104950    2.045704
Iteration: 471 bestvalit: 154.715000 bestmemit:    0.003901    0.023234    0.084165    0.079979    0.145543    0.196327    0.432278    0.065032    0.265264    0.145523    0.976075    3.145138    0.080279    0.004818    0.003206    5.546278    4.966131    1.886865    2.287565    2.170948    2.382864    0.475520    1.104950    2.045704
Iteration: 472 bestvalit: 153.820000 bestmemit:    0.003688    0.062256    0.091598    0.804174    0.041133    0.206035    0.242380    0.041295    0.348571    0.429956    0.777981    2.357155    0.029343    0.005299    0.001128    6.228036    6.057861    1.719572    1.984095    2.275489    2.183470    0.550990    1.091958    2.087286
Iteration: 473 bestvalit: 143.260000 bestmemit:    0.003688    0.062256    0.091598    0.804174    0.041133    0.206035    0.242380    0.041295    0.348571    0.429956    0.777981    2.357155    0.029343    0.005299    0.001128    6.228036    6.057861    1.719572    1.984095    2.275489    2.183470    0.550990    1.101321    2.087286
Iteration: 474 bestvalit: 143.260000 bestmemit:    0.003688    0.062256    0.091598    0.804174    0.041133    0.206035    0.242380    0.041295    0.348571    0.429956    0.777981    2.357155    0.029343    0.005299    0.001128    6.228036    6.057861    1.719572    1.984095    2.275489    2.183470    0.550990    1.101321    2.087286
Iteration: 475 bestvalit: 143.260000 bestmemit:    0.003688    0.062256    0.091598    0.804174    0.041133    0.206035    0.242380    0.041295    0.348571    0.429956    0.777981    2.357155    0.029343    0.005299    0.001128    6.228036    6.057861    1.719572    1.984095    2.275489    2.183470    0.550990    1.101321    2.087286
Iteration: 476 bestvalit: 143.260000 bestmemit:    0.003688    0.062256    0.091598    0.804174    0.041133    0.206035    0.242380    0.041295    0.348571    0.429956    0.777981    2.357155    0.029343    0.005299    0.001128    6.228036    6.032160    1.719572    1.984095    2.275489    2.183470    0.550990    1.101321    2.087286
Iteration: 477 bestvalit: 143.260000 bestmemit:    0.003688    0.062256    0.091598    0.804174    0.041133    0.206035    0.242380    0.041295    0.348571    0.429956    0.777981    2.357155    0.029343    0.005299    0.001128    6.228036    6.032160    1.719572    1.984095    2.275489    2.183470    0.550990    1.101321    2.087286
Iteration: 478 bestvalit: 143.260000 bestmemit:    0.003688    0.062256    0.091598    0.804174    0.041133    0.206035    0.242380    0.041295    0.348571    0.429956    0.777981    2.357155    0.029343    0.005299    0.001128    6.228036    6.032160    1.719572    1.984095    2.275489    2.183470    0.550990    1.101321    2.087286
Iteration: 479 bestvalit: 143.190000 bestmemit:    0.003688    0.062256    0.091598    0.804174    0.041133    0.206035    0.242380    0.041295    0.348571    0.429956    0.777981    2.357155    0.029343    0.005299    0.001128    6.228036    6.032160    1.719572    1.984095    2.275489    2.145744    0.550990    1.101321    2.087286
Iteration: 480 bestvalit: 143.190000 bestmemit:    0.003688    0.062256    0.091598    0.804174    0.041133    0.206035    0.242380    0.041295    0.348571    0.429956    0.777981    2.357155    0.029343    0.005299    0.001128    6.228036    6.032160    1.719572    1.984095    2.275489    2.145744    0.550990    1.101321    2.087286
Iteration: 481 bestvalit: 143.190000 bestmemit:    0.003688    0.062256    0.091598    0.804174    0.041133    0.206035    0.242380    0.041295    0.348571    0.429956    0.777981    2.357155    0.029343    0.005299    0.001128    6.228036    6.032160    1.719572    1.984095    2.275489    2.145744    0.550990    1.101321    2.087286
Iteration: 482 bestvalit: 143.190000 bestmemit:    0.003688    0.062256    0.091598    0.804174    0.041133    0.206035    0.242380    0.041295    0.348571    0.429956    0.777981    2.357155    0.029343    0.005299    0.001128    6.228036    6.032160    1.719572    1.984095    2.275489    2.145744    0.550990    1.101321    2.087286
Iteration: 483 bestvalit: 143.190000 bestmemit:    0.003688    0.062256    0.091598    0.804174    0.041133    0.206035    0.242380    0.041295    0.348571    0.429956    0.777981    2.357155    0.029343    0.005299    0.001128    6.228036    6.032160    1.719572    1.984095    2.275489    2.145744    0.550990    1.101321    2.087286
Iteration: 484 bestvalit: 143.190000 bestmemit:    0.003688    0.062256    0.091598    0.804174    0.041133    0.206035    0.242380    0.041295    0.348571    0.429956    0.777981    2.357155    0.029343    0.005299    0.001128    6.228036    6.032160    1.719572    1.984095    2.275489    2.145744    0.550990    1.101321    2.087286
Iteration: 485 bestvalit: 142.610000 bestmemit:    0.003688    0.062256    0.091598    0.804174    0.041133    0.206035    0.242380    0.041295    0.348571    0.429956    0.685452    2.357155    0.029343    0.005299    0.001128    6.228036    6.032160    1.719572    1.984095    2.275489    2.145744    0.550990    1.101321    2.087286
Iteration: 486 bestvalit: 142.610000 bestmemit:    0.003688    0.062256    0.091598    0.804174    0.041133    0.206035    0.242380    0.041295    0.348571    0.429956    0.685452    2.357155    0.029343    0.005299    0.001128    6.228036    6.032160    1.719572    1.984095    2.275489    2.145744    0.550990    1.101321    2.087286
Iteration: 487 bestvalit: 142.610000 bestmemit:    0.003688    0.062256    0.091598    0.804174    0.041133    0.206035    0.242380    0.041295    0.348571    0.429956    0.685452    2.357155    0.029343    0.005299    0.001128    6.228036    6.032160    1.719572    1.984095    2.275489    2.145744    0.550990    1.101321    2.087286
Iteration: 488 bestvalit: 142.610000 bestmemit:    0.003688    0.062256    0.091598    0.804174    0.041133    0.206035    0.242380    0.041295    0.348571    0.429956    0.685452    2.357155    0.029343    0.005299    0.001128    6.228036    6.032160    1.719572    1.984095    2.275489    2.145744    0.550990    1.101321    2.087286
Iteration: 489 bestvalit: 142.610000 bestmemit:    0.003688    0.062256    0.091598    0.804174    0.041133    0.206035    0.242380    0.041295    0.348571    0.429956    0.685452    2.357155    0.029343    0.005299    0.001128    6.228036    6.032160    1.719572    1.984095    2.275489    2.145744    0.550990    1.101321    2.087286
Iteration: 490 bestvalit: 142.610000 bestmemit:    0.003688    0.062256    0.091598    0.804174    0.041133    0.206035    0.242380    0.041295    0.348571    0.429956    0.685452    2.357155    0.029343    0.005299    0.001128    6.228036    6.032160    1.719572    1.984095    2.275489    2.145744    0.550990    1.101321    2.087286
Iteration: 491 bestvalit: 142.480000 bestmemit:    0.003688    0.062256    0.091598    0.804174    0.041133    0.206035    0.242380    0.041295    0.348571    0.429956    0.685452    2.357155    0.029343    0.005299    0.001128    6.228036    6.032160    1.719572    1.984095    2.275489    2.145744    0.719324    1.101321    2.087286
Iteration: 492 bestvalit: 142.480000 bestmemit:    0.003688    0.062256    0.091598    0.804174    0.041133    0.206035    0.242380    0.041295    0.348571    0.429956    0.685452    2.357155    0.029343    0.005299    0.001128    6.228036    6.032160    1.719572    1.984095    2.275489    2.145744    0.719324    1.101321    2.087286
Iteration: 493 bestvalit: 142.455000 bestmemit:    0.003688    0.062256    0.091598    0.804174    0.041133    0.206035    0.242380    0.041295    0.348571    0.429956    0.685452    2.357155    0.029343    0.005299    0.001128    6.228036    6.032160    1.719572    1.984095    2.275489    2.145744    0.751342    1.101321    2.087286
Iteration: 494 bestvalit: 142.455000 bestmemit:    0.003688    0.062256    0.091598    0.804174    0.041133    0.206035    0.242380    0.041295    0.348571    0.429956    0.685452    2.357155    0.029343    0.005299    0.001128    6.228036    6.032160    1.719572    1.984095    2.275489    2.145744    0.751342    1.101321    2.087286
Iteration: 495 bestvalit: 142.455000 bestmemit:    0.003688    0.062256    0.091598    0.804174    0.041133    0.206035    0.242380    0.041295    0.348571    0.429956    0.685452    2.357155    0.029343    0.005299    0.001128    6.228036    6.032160    1.719572    1.984095    2.275489    2.145744    0.751342    1.101321    2.087286
Iteration: 496 bestvalit: 142.455000 bestmemit:    0.003688    0.062256    0.091598    0.804174    0.041133    0.206035    0.242380    0.041295    0.348571    0.429956    0.685452    2.357155    0.029343    0.005299    0.001128    6.228036    6.032160    1.719572    1.984095    2.275489    2.145744    0.751342    1.101321    2.087286
Iteration: 497 bestvalit: 142.455000 bestmemit:    0.003688    0.062256    0.091598    0.804174    0.041133    0.206035    0.242380    0.041295    0.348571    0.429956    0.685452    2.357155    0.029343    0.005299    0.001128    6.228036    6.032160    1.719572    1.984095    2.275489    2.145744    0.751342    1.101321    2.087286
Iteration: 498 bestvalit: 142.455000 bestmemit:    0.003688    0.062256    0.091598    0.804174    0.041133    0.206035    0.242380    0.041295    0.348571    0.429956    0.685452    2.357155    0.029343    0.005299    0.001128    6.228036    6.032160    1.719572    1.984095    2.275489    2.145744    0.751342    1.101321    2.087286
Iteration: 499 bestvalit: 142.455000 bestmemit:    0.003688    0.062256    0.091598    0.804174    0.041133    0.206035    0.242380    0.041295    0.348571    0.429956    0.685452    2.357155    0.029343    0.005299    0.001128    6.228036    6.032160    1.719572    1.984095    2.275489    2.145744    0.751342    1.101321    2.087286
Iteration: 500 bestvalit: 142.455000 bestmemit:    0.003688    0.062256    0.091598    0.804174    0.041133    0.206035    0.242380    0.041295    0.348571    0.429956    0.685452    2.357155    0.029343    0.005299    0.001128    6.228036    6.032160    1.719572    1.984095    2.275489    2.145744    0.751342    1.101321    2.087286
Iteration: 501 bestvalit: 142.455000 bestmemit:    0.003688    0.062256    0.091598    0.804174    0.041133    0.206035    0.242380    0.041295    0.348571    0.429956    0.685452    2.357155    0.029343    0.005299    0.001128    6.228036    6.032160    1.719572    1.984095    2.275489    2.145744    0.751342    1.101321    2.087286
Iteration: 502 bestvalit: 142.455000 bestmemit:    0.003688    0.062256    0.091598    0.804174    0.041133    0.206035    0.242380    0.041295    0.348571    0.429956    0.685452    2.357155    0.029343    0.005299    0.001128    6.228036    6.032160    1.719572    1.984095    2.275489    2.145744    0.751342    1.101321    2.087286
Iteration: 503 bestvalit: 142.455000 bestmemit:    0.003688    0.062256    0.091598    0.804174    0.041133    0.206035    0.242380    0.041295    0.348571    0.429956    0.685452    2.357155    0.029343    0.005299    0.001128    6.228036    6.032160    1.719572    1.984095    2.275489    2.145744    0.751342    1.101321    2.087286
Iteration: 504 bestvalit: 142.455000 bestmemit:    0.003688    0.062256    0.091598    0.804174    0.041133    0.206035    0.242380    0.041295    0.348571    0.429956    0.685452    2.357155    0.029343    0.005299    0.001128    6.228036    6.032160    1.719572    1.984095    2.275489    2.145744    0.751342    1.101321    2.087286
Iteration: 505 bestvalit: 142.455000 bestmemit:    0.003688    0.062256    0.091598    0.804174    0.041133    0.206035    0.242380    0.041295    0.348571    0.429956    0.685452    2.357155    0.029343    0.005299    0.001128    6.228036    6.032160    1.719572    1.984095    2.275489    2.145744    0.751342    1.101321    2.087286
Iteration: 506 bestvalit: 142.455000 bestmemit:    0.003688    0.062256    0.091598    0.804174    0.041133    0.206035    0.242380    0.041295    0.348571    0.429956    0.685452    2.357155    0.029343    0.005299    0.001128    6.228036    6.032160    1.719572    1.984095    2.275489    2.145744    0.751342    1.101321    2.087286
Iteration: 507 bestvalit: 142.455000 bestmemit:    0.003688    0.062256    0.091598    0.804174    0.041133    0.206035    0.242380    0.041295    0.348571    0.429956    0.685452    2.357155    0.029343    0.005299    0.001128    6.228036    6.032160    1.719572    1.984095    2.275489    2.145744    0.751342    1.101321    2.087286
Iteration: 508 bestvalit: 142.455000 bestmemit:    0.003688    0.062256    0.091598    0.804174    0.041133    0.206035    0.242380    0.041295    0.348571    0.429956    0.685452    2.357155    0.029343    0.005299    0.001128    6.228036    6.032160    1.719572    1.984095    2.275489    2.145744    0.751342    1.101321    2.087286
Iteration: 509 bestvalit: 141.675000 bestmemit:    0.003688    0.062256    0.091598    0.804174    0.041133    0.206035    0.242380    0.041295    0.348571    0.429956    0.685452    2.357155    0.029343    0.009049    0.000888    6.228036    6.032160    1.719572    1.984095    2.275489    2.145744    0.751342    1.101321    2.087286
Iteration: 510 bestvalit: 141.675000 bestmemit:    0.003688    0.062256    0.091598    0.804174    0.041133    0.206035    0.242380    0.041295    0.348571    0.429956    0.685452    2.357155    0.029343    0.009049    0.000888    6.228036    6.032160    1.719572    1.984095    2.275489    2.145744    0.751342    1.101321    2.087286
Iteration: 511 bestvalit: 141.675000 bestmemit:    0.003688    0.062256    0.091598    0.804174    0.041133    0.206035    0.242380    0.041295    0.348571    0.429956    0.685452    2.357155    0.029343    0.009049    0.000888    6.228036    6.032160    1.719572    1.984095    2.275489    2.145744    0.751342    1.101321    2.087286
Iteration: 512 bestvalit: 141.675000 bestmemit:    0.003688    0.062256    0.091598    0.804174    0.041133    0.206035    0.242380    0.041295    0.348571    0.429956    0.685452    2.357155    0.029343    0.009049    0.000888    6.228036    6.032160    1.719572    1.984095    2.275489    2.145744    0.751342    1.101321    2.087286
Iteration: 513 bestvalit: 141.675000 bestmemit:    0.003688    0.062256    0.091598    0.804174    0.041133    0.206035    0.242380    0.041295    0.348571    0.429956    0.685452    2.357155    0.029343    0.009049    0.000888    6.228036    6.032160    1.719572    1.984095    2.275489    2.145744    0.751342    1.101321    2.087286
Iteration: 514 bestvalit: 141.675000 bestmemit:    0.003688    0.062256    0.091598    0.804174    0.041133    0.206035    0.242380    0.041295    0.348571    0.429956    0.685452    2.357155    0.029343    0.009049    0.000888    6.228036    6.032160    1.719572    1.984095    2.275489    2.145744    0.751342    1.101321    2.087286
Iteration: 515 bestvalit: 141.675000 bestmemit:    0.003688    0.062256    0.091598    0.804174    0.041133    0.206035    0.242380    0.041295    0.348571    0.429956    0.685452    2.357155    0.029343    0.009049    0.000888    6.228036    6.032160    1.719572    1.984095    2.275489    2.145744    0.751342    1.101321    2.087286
Iteration: 516 bestvalit: 141.675000 bestmemit:    0.003688    0.062256    0.091598    0.804174    0.041133    0.206035    0.242380    0.041295    0.348571    0.429956    0.685452    2.357155    0.029343    0.009049    0.000888    6.228036    6.032160    1.719572    1.984095    2.275489    2.145744    0.751342    1.101321    2.087286
Iteration: 517 bestvalit: 141.675000 bestmemit:    0.003688    0.062256    0.091598    0.804174    0.041133    0.206035    0.242380    0.041295    0.348571    0.429956    0.685452    2.357155    0.029343    0.009049    0.000888    6.228036    6.032160    1.719572    1.984095    2.275489    2.145744    0.751342    1.101321    2.087286
Iteration: 518 bestvalit: 141.675000 bestmemit:    0.003688    0.062256    0.091598    0.804174    0.041133    0.206035    0.242380    0.041295    0.348571    0.429956    0.685452    2.357155    0.029343    0.009049    0.000888    6.228036    6.032160    1.719572    1.984095    2.275489    2.145744    0.751342    1.101321    2.087286
Iteration: 519 bestvalit: 141.675000 bestmemit:    0.003688    0.062256    0.091598    0.804174    0.041133    0.206035    0.242380    0.041295    0.348571    0.429956    0.685452    2.357155    0.029343    0.009049    0.000888    6.228036    6.032160    1.719572    1.984095    2.275489    2.145744    0.751342    1.101321    2.087286
Iteration: 520 bestvalit: 141.675000 bestmemit:    0.003688    0.062256    0.091598    0.804174    0.041133    0.206035    0.242380    0.041295    0.348571    0.429956    0.685452    2.357155    0.029343    0.009049    0.000888    6.228036    6.032160    1.719572    1.984095    2.275489    2.145744    0.751342    1.101321    2.087286
Iteration: 521 bestvalit: 141.675000 bestmemit:    0.003688    0.062256    0.091598    0.804174    0.041133    0.206035    0.242380    0.041295    0.348571    0.429956    0.685452    2.357155    0.029343    0.009049    0.000888    6.228036    6.032160    1.719572    1.984095    2.275489    2.145744    0.751342    1.101321    2.087286
Iteration: 522 bestvalit: 141.675000 bestmemit:    0.003688    0.062256    0.091598    0.804174    0.041133    0.206035    0.242380    0.041295    0.348571    0.429956    0.685452    2.357155    0.029343    0.009049    0.000888    6.228036    6.032160    1.719572    1.984095    2.275489    2.145744    0.751342    1.101321    2.087286
Iteration: 523 bestvalit: 141.665000 bestmemit:    0.003688    0.062256    0.091598    0.804174    0.041133    0.206035    0.242380    0.041295    0.348571    0.429956    0.685452    2.357155    0.029343    0.009049    0.000888    6.228036    6.032160    1.693977    1.984095    2.275489    2.145744    0.751342    1.101321    2.087286
Iteration: 524 bestvalit: 140.415000 bestmemit:    0.003688    0.062256    0.091598    0.804174    0.041133    0.206035    0.242380    0.041295    0.348571    0.429956    0.685452    2.204120    0.029343    0.009049    0.000888    6.228036    6.032160    1.693977    1.984095    2.275489    2.145744    0.751342    1.101321    2.087286
Iteration: 525 bestvalit: 140.415000 bestmemit:    0.003688    0.062256    0.091598    0.804174    0.041133    0.206035    0.242380    0.041295    0.348571    0.429956    0.685452    2.204120    0.029343    0.009049    0.000888    6.228036    6.032160    1.693977    1.984095    2.275489    2.145744    0.751342    1.101321    2.087286
Iteration: 526 bestvalit: 138.565000 bestmemit:    0.003688    0.062256    0.091598    0.804174    0.041133    0.206035    0.242380    0.041295    0.348571    0.456936    0.691754    2.204120    0.029343    0.009049    0.000888    6.228036    6.032160    1.693977    1.984095    2.275489    2.145744    0.751342    1.101321    2.087286
Iteration: 527 bestvalit: 138.565000 bestmemit:    0.003688    0.062256    0.091598    0.804174    0.041133    0.206035    0.242380    0.041295    0.348571    0.456936    0.691754    2.204120    0.029343    0.009049    0.000888    6.228036    6.032160    1.693977    1.984095    2.275489    2.145744    0.751342    1.101321    2.087286
Iteration: 528 bestvalit: 138.565000 bestmemit:    0.003688    0.062256    0.091598    0.804174    0.041133    0.206035    0.242380    0.041295    0.348571    0.456936    0.691754    2.204120    0.029343    0.009049    0.000888    6.228036    6.032160    1.693977    1.984095    2.275489    2.145744    0.751342    1.101321    2.087286
Iteration: 529 bestvalit: 138.565000 bestmemit:    0.003688    0.062256    0.091598    0.804174    0.041133    0.206035    0.242380    0.041295    0.348571    0.456936    0.691754    2.204120    0.029343    0.009049    0.000888    6.228036    6.032160    1.693977    1.984095    2.275489    2.145744    0.751342    1.101321    2.087286
Iteration: 530 bestvalit: 138.565000 bestmemit:    0.003688    0.062256    0.091598    0.804174    0.041133    0.206035    0.242380    0.041295    0.348571    0.456936    0.691754    2.204120    0.029343    0.009049    0.000888    6.228036    6.032160    1.693977    1.984095    2.275489    2.145744    0.751342    1.101321    2.087286
Iteration: 531 bestvalit: 138.565000 bestmemit:    0.003688    0.062256    0.091598    0.804174    0.041133    0.206035    0.242380    0.041295    0.348571    0.456936    0.691754    2.204120    0.029343    0.009049    0.000888    6.228036    6.032160    1.693977    1.984095    2.275489    2.145744    0.751342    1.101321    2.087286
Iteration: 532 bestvalit: 138.565000 bestmemit:    0.003688    0.062256    0.091598    0.804174    0.041133    0.206035    0.242380    0.041295    0.348571    0.456936    0.691754    2.204120    0.029343    0.009049    0.000888    6.228036    6.032160    1.693977    1.984095    2.275489    2.145744    0.751342    1.101321    2.087286
Iteration: 533 bestvalit: 138.565000 bestmemit:    0.003688    0.062256    0.091598    0.804174    0.041133    0.206035    0.242380    0.041295    0.348571    0.456936    0.691754    2.204120    0.029343    0.009049    0.000888    6.228036    6.032160    1.693977    1.984095    2.275489    2.145744    0.751342    1.101321    2.087286
Iteration: 534 bestvalit: 138.565000 bestmemit:    0.003688    0.062256    0.091598    0.804174    0.041133    0.206035    0.242380    0.041295    0.348571    0.456936    0.691754    2.204120    0.029343    0.009049    0.000888    6.228036    6.032160    1.693977    1.984095    2.275489    2.145744    0.751342    1.101321    2.087286
Iteration: 535 bestvalit: 138.565000 bestmemit:    0.003688    0.062256    0.091598    0.804174    0.041133    0.206035    0.242380    0.041295    0.348571    0.456936    0.691754    2.204120    0.029343    0.009049    0.000888    6.228036    6.032160    1.693977    1.984095    2.275489    2.145744    0.751342    1.101321    2.087286
Iteration: 536 bestvalit: 138.565000 bestmemit:    0.003688    0.062256    0.091598    0.804174    0.041133    0.206035    0.242380    0.041295    0.348571    0.456936    0.691754    2.204120    0.029343    0.009049    0.000888    6.228036    6.032160    1.693977    1.984095    2.275489    2.145744    0.751342    1.101321    2.087286
Iteration: 537 bestvalit: 138.565000 bestmemit:    0.003688    0.062256    0.091598    0.804174    0.041133    0.206035    0.242380    0.041295    0.348571    0.456936    0.691754    2.204120    0.029343    0.009049    0.000888    6.228036    6.032160    1.693977    1.984095    2.275489    2.145744    0.751342    1.101321    2.087286
Iteration: 538 bestvalit: 138.565000 bestmemit:    0.003688    0.062256    0.091598    0.804174    0.041133    0.206035    0.242380    0.041295    0.348571    0.456936    0.691754    2.204120    0.029343    0.009049    0.000888    6.228036    6.032160    1.693977    1.984095    2.275489    2.145744    0.751342    1.101321    2.087286
Iteration: 539 bestvalit: 137.560000 bestmemit:    0.003688    0.062256    0.091598    0.804174    0.041133    0.206035    0.242380    0.041295    0.348571    0.456936    0.691754    2.204120    0.029343    0.009049    0.000888    6.228036    6.917384    1.693977    1.984095    2.275489    2.145744    0.751342    1.101321    2.087286
Iteration: 540 bestvalit: 137.560000 bestmemit:    0.003688    0.062256    0.091598    0.804174    0.041133    0.206035    0.242380    0.041295    0.348571    0.456936    0.691754    2.204120    0.029343    0.009049    0.000888    6.228036    6.917384    1.693977    1.984095    2.275489    2.145744    0.751342    1.101321    2.087286
Iteration: 541 bestvalit: 137.560000 bestmemit:    0.003688    0.062256    0.091598    0.804174    0.041133    0.206035    0.242380    0.041295    0.348571    0.456936    0.691754    2.204120    0.029343    0.009049    0.000888    6.228036    6.917384    1.693977    1.984095    2.275489    2.145744    0.751342    1.101321    2.087286
Iteration: 542 bestvalit: 137.560000 bestmemit:    0.003688    0.062256    0.091598    0.804174    0.041133    0.206035    0.242380    0.041295    0.348571    0.456936    0.691754    2.204120    0.029343    0.009049    0.000888    6.228036    6.917384    1.693977    1.984095    2.275489    2.145744    0.751342    1.101321    2.087286
Iteration: 543 bestvalit: 137.560000 bestmemit:    0.003688    0.062256    0.091598    0.804174    0.041133    0.206035    0.242380    0.041295    0.348571    0.456936    0.691754    2.204120    0.029343    0.009049    0.000888    6.228036    6.917384    1.693977    1.984095    2.275489    2.145744    0.751342    1.101321    2.087286
Iteration: 544 bestvalit: 137.560000 bestmemit:    0.003688    0.062256    0.091598    0.804174    0.041133    0.206035    0.242380    0.041295    0.348571    0.456936    0.691754    2.204120    0.029343    0.009049    0.000888    6.228036    6.917384    1.693977    1.984095    2.275489    2.145744    0.751342    1.101321    2.087286
Iteration: 545 bestvalit: 137.560000 bestmemit:    0.003688    0.062256    0.091598    0.804174    0.041133    0.206035    0.242380    0.041295    0.348571    0.456936    0.691754    2.204120    0.029343    0.009049    0.000888    6.228036    6.917384    1.693977    1.984095    2.275489    2.145744    0.751342    1.101321    2.087286
Iteration: 546 bestvalit: 137.560000 bestmemit:    0.003688    0.062256    0.091598    0.804174    0.041133    0.206035    0.242380    0.041295    0.348571    0.456936    0.691754    2.204120    0.029343    0.009049    0.000888    6.228036    6.917384    1.693977    1.984095    2.275489    2.145744    0.751342    1.101321    2.087286
Iteration: 547 bestvalit: 137.560000 bestmemit:    0.003688    0.062256    0.091598    0.804174    0.041133    0.206035    0.242380    0.041295    0.348571    0.456936    0.691754    2.204120    0.029343    0.009049    0.000888    6.228036    6.917384    1.693977    1.984095    2.275489    2.145744    0.751342    1.101321    2.087286
Iteration: 548 bestvalit: 137.560000 bestmemit:    0.003688    0.062256    0.091598    0.804174    0.041133    0.206035    0.242380    0.041295    0.348571    0.456936    0.691754    2.204120    0.029343    0.009049    0.000888    6.228036    6.917384    1.693977    1.984095    2.275489    2.145744    0.751342    1.101321    2.087286
Iteration: 549 bestvalit: 137.560000 bestmemit:    0.003688    0.062256    0.091598    0.804174    0.041133    0.206035    0.242380    0.041295    0.348571    0.456936    0.691754    2.204120    0.029343    0.009049    0.000888    6.228036    6.917384    1.693977    1.984095    2.275489    2.145744    0.751342    1.101321    2.087286
Iteration: 550 bestvalit: 137.560000 bestmemit:    0.003688    0.062256    0.091598    0.804174    0.041133    0.206035    0.242380    0.041295    0.348571    0.456936    0.691754    2.204120    0.029343    0.009049    0.000888    6.228036    6.917384    1.693977    1.984095    2.275489    2.145744    0.751342    1.101321    2.087286
Iteration: 551 bestvalit: 137.560000 bestmemit:    0.003688    0.062256    0.091598    0.804174    0.041133    0.206035    0.242380    0.041295    0.348571    0.456936    0.691754    2.204120    0.029343    0.009049    0.000888    6.228036    6.917384    1.693977    1.984095    2.275489    2.145744    0.751342    1.101321    2.087286
Iteration: 552 bestvalit: 137.560000 bestmemit:    0.003688    0.062256    0.091598    0.804174    0.041133    0.206035    0.242380    0.041295    0.348571    0.456936    0.691754    2.204120    0.029343    0.009049    0.000888    6.228036    6.917384    1.693977    1.984095    2.275489    2.145744    0.751342    1.101321    2.087286
Iteration: 553 bestvalit: 137.560000 bestmemit:    0.003688    0.062256    0.091598    0.804174    0.041133    0.206035    0.242380    0.041295    0.348571    0.456936    0.691754    2.204120    0.029343    0.009049    0.000888    6.228036    6.917384    1.693977    1.984095    2.275489    2.145744    0.751342    1.101321    2.087286
Iteration: 554 bestvalit: 137.560000 bestmemit:    0.003688    0.062256    0.091598    0.804174    0.041133    0.206035    0.242380    0.041295    0.348571    0.456936    0.691754    2.204120    0.029343    0.009049    0.000888    6.228036    6.917384    1.693977    1.984095    2.275489    2.145744    0.751342    1.101321    2.087286
Iteration: 555 bestvalit: 137.560000 bestmemit:    0.003688    0.062256    0.091598    0.804174    0.041133    0.206035    0.242380    0.041295    0.348571    0.456936    0.691754    2.204120    0.029343    0.009049    0.000888    6.228036    6.917384    1.693977    1.984095    2.275489    2.145744    0.751342    1.101321    2.087286
Iteration: 556 bestvalit: 137.560000 bestmemit:    0.003688    0.062256    0.091598    0.804174    0.041133    0.206035    0.242380    0.041295    0.348571    0.456936    0.691754    2.204120    0.029343    0.009049    0.000888    6.228036    6.917384    1.693977    1.984095    2.275489    2.145744    0.751342    1.101321    2.087286
Iteration: 557 bestvalit: 137.560000 bestmemit:    0.003688    0.062256    0.091598    0.804174    0.041133    0.206035    0.242380    0.041295    0.348571    0.456936    0.691754    2.204120    0.029343    0.009049    0.000888    6.228036    6.917384    1.693977    1.984095    2.275489    2.145744    0.751342    1.101321    2.087286
Iteration: 558 bestvalit: 137.560000 bestmemit:    0.003688    0.062256    0.091598    0.804174    0.041133    0.206035    0.242380    0.041295    0.348571    0.456936    0.691754    2.204120    0.029343    0.009049    0.000888    6.228036    6.917384    1.693977    1.984095    2.275489    2.145744    0.751342    1.101321    2.087286
Iteration: 559 bestvalit: 137.560000 bestmemit:    0.003688    0.062256    0.091598    0.804174    0.041133    0.206035    0.242380    0.041295    0.348571    0.456936    0.691754    2.204120    0.029343    0.009049    0.000888    6.228036    6.917384    1.693977    1.984095    2.275489    2.145744    0.751342    1.101321    2.087286
Iteration: 560 bestvalit: 137.560000 bestmemit:    0.003688    0.062256    0.091598    0.804174    0.041133    0.206035    0.242380    0.041295    0.348571    0.456936    0.691754    2.204120    0.029343    0.009049    0.000888    6.228036    6.917384    1.693977    1.984095    2.275489    2.145744    0.751342    1.101321    2.087286
Iteration: 561 bestvalit: 137.560000 bestmemit:    0.003688    0.062256    0.091598    0.804174    0.041133    0.206035    0.242380    0.041295    0.348571    0.456936    0.691754    2.204120    0.029343    0.009049    0.000888    6.228036    6.917384    1.693977    1.984095    2.275489    2.145744    0.751342    1.101321    2.087286
Iteration: 562 bestvalit: 137.560000 bestmemit:    0.003688    0.062256    0.091598    0.804174    0.041133    0.206035    0.242380    0.041295    0.348571    0.456936    0.691754    2.204120    0.029343    0.009049    0.000888    6.228036    6.917384    1.693977    1.984095    2.275489    2.145744    0.751342    1.101321    2.087286
Iteration: 563 bestvalit: 137.560000 bestmemit:    0.003688    0.062256    0.091598    0.804174    0.041133    0.206035    0.242380    0.041295    0.348571    0.456936    0.691754    2.204120    0.029343    0.009049    0.000888    6.228036    6.917384    1.693977    1.984095    2.275489    2.145744    0.751342    1.101321    2.087286
Iteration: 564 bestvalit: 137.560000 bestmemit:    0.003688    0.062256    0.091598    0.804174    0.041133    0.206035    0.242380    0.041295    0.348571    0.456936    0.691754    2.204120    0.029343    0.009049    0.000888    6.228036    6.917384    1.693977    1.984095    2.275489    2.145744    0.751342    1.101321    2.087286
Iteration: 565 bestvalit: 137.560000 bestmemit:    0.003688    0.062256    0.091598    0.804174    0.041133    0.206035    0.242380    0.041295    0.348571    0.456936    0.691754    2.204120    0.029343    0.009049    0.000888    6.228036    6.917384    1.693977    1.984095    2.275489    2.145744    0.751342    1.101321    2.087286
Iteration: 566 bestvalit: 137.560000 bestmemit:    0.003688    0.062256    0.091598    0.804174    0.041133    0.206035    0.242380    0.041295    0.348571    0.456936    0.691754    2.204120    0.029343    0.009049    0.000888    6.228036    6.917384    1.693977    1.984095    2.275489    2.145744    0.751342    1.101321    2.087286
Iteration: 567 bestvalit: 137.560000 bestmemit:    0.003688    0.062256    0.091598    0.804174    0.041133    0.206035    0.242380    0.041295    0.348571    0.456936    0.691754    2.204120    0.029343    0.009049    0.000888    6.228036    6.917384    1.693977    1.984095    2.275489    2.145744    0.751342    1.101321    2.087286
Iteration: 568 bestvalit: 137.560000 bestmemit:    0.003688    0.062256    0.091598    0.804174    0.041133    0.206035    0.242380    0.041295    0.348571    0.456936    0.691754    2.204120    0.029343    0.009049    0.000888    6.228036    6.917384    1.693977    1.984095    2.275489    2.145744    0.751342    1.101321    2.087286
Iteration: 569 bestvalit: 137.560000 bestmemit:    0.003688    0.062256    0.091598    0.804174    0.041133    0.206035    0.242380    0.041295    0.348571    0.456936    0.691754    2.204120    0.029343    0.009049    0.000888    6.228036    6.917384    1.693977    1.984095    2.275489    2.145744    0.751342    1.101321    2.087286
Iteration: 570 bestvalit: 137.560000 bestmemit:    0.003688    0.062256    0.091598    0.804174    0.041133    0.206035    0.242380    0.041295    0.348571    0.456936    0.691754    2.204120    0.029343    0.009049    0.000888    6.228036    6.917384    1.693977    1.984095    2.275489    2.145744    0.751342    1.101321    2.087286
Iteration: 571 bestvalit: 137.560000 bestmemit:    0.003688    0.062256    0.091598    0.804174    0.041133    0.206035    0.242380    0.041295    0.348571    0.456936    0.691754    2.204120    0.029343    0.009049    0.000888    6.228036    6.917384    1.693977    1.984095    2.275489    2.145744    0.751342    1.101321    2.087286
Iteration: 572 bestvalit: 137.560000 bestmemit:    0.003688    0.062256    0.091598    0.804174    0.041133    0.206035    0.242380    0.041295    0.348571    0.456936    0.691754    2.204120    0.029343    0.009049    0.000888    6.228036    6.917384    1.693977    1.984095    2.275489    2.145744    0.751342    1.101321    2.087286
Iteration: 573 bestvalit: 137.560000 bestmemit:    0.003688    0.062256    0.091598    0.804174    0.041133    0.206035    0.242380    0.041295    0.348571    0.456936    0.691754    2.204120    0.029343    0.009049    0.000888    6.228036    6.917384    1.693977    1.984095    2.275489    2.145744    0.751342    1.101321    2.087286
Iteration: 574 bestvalit: 137.560000 bestmemit:    0.003688    0.062256    0.091598    0.804174    0.041133    0.206035    0.242380    0.041295    0.348571    0.456936    0.691754    2.204120    0.029343    0.009049    0.000888    6.228036    6.917384    1.693977    1.984095    2.275489    2.145744    0.751342    1.101321    2.087286
Iteration: 575 bestvalit: 137.560000 bestmemit:    0.003688    0.062256    0.091598    0.804174    0.041133    0.206035    0.242380    0.041295    0.348571    0.456936    0.691754    2.204120    0.029343    0.009049    0.000888    6.228036    6.917384    1.693977    1.984095    2.275489    2.145744    0.751342    1.101321    2.087286
Iteration: 576 bestvalit: 137.560000 bestmemit:    0.003688    0.062256    0.091598    0.804174    0.041133    0.206035    0.242380    0.041295    0.348571    0.456936    0.691754    2.204120    0.029343    0.009049    0.000888    6.228036    6.917384    1.693977    1.984095    2.275489    2.145744    0.751342    1.101321    2.087286
Iteration: 577 bestvalit: 137.560000 bestmemit:    0.003688    0.062256    0.091598    0.804174    0.041133    0.206035    0.242380    0.041295    0.348571    0.456936    0.691754    2.204120    0.029343    0.009049    0.000888    6.228036    6.917384    1.693977    1.984095    2.275489    2.145744    0.751342    1.101321    2.087286
Iteration: 578 bestvalit: 137.560000 bestmemit:    0.003688    0.062256    0.091598    0.804174    0.041133    0.206035    0.242380    0.041295    0.348571    0.456936    0.691754    2.204120    0.029343    0.009049    0.000888    6.228036    6.917384    1.693977    1.984095    2.275489    2.145744    0.751342    1.101321    2.087286
Iteration: 579 bestvalit: 137.560000 bestmemit:    0.003688    0.062256    0.091598    0.804174    0.041133    0.206035    0.242380    0.041295    0.348571    0.456936    0.691754    2.204120    0.029343    0.009049    0.000888    6.228036    6.917384    1.693977    1.984095    2.275489    2.145744    0.751342    1.101321    2.087286
Iteration: 580 bestvalit: 137.560000 bestmemit:    0.003688    0.062256    0.091598    0.804174    0.041133    0.206035    0.242380    0.041295    0.348571    0.456936    0.691754    2.204120    0.029343    0.009049    0.000888    6.228036    6.917384    1.693977    1.984095    2.275489    2.145744    0.751342    1.101321    2.087286
Iteration: 581 bestvalit: 137.560000 bestmemit:    0.003688    0.062256    0.091598    0.804174    0.041133    0.206035    0.242380    0.041295    0.348571    0.456936    0.691754    2.204120    0.029343    0.009049    0.000888    6.228036    6.917384    1.693977    1.984095    2.275489    2.145744    0.751342    1.101321    2.087286
Iteration: 582 bestvalit: 137.560000 bestmemit:    0.003688    0.062256    0.091598    0.804174    0.041133    0.206035    0.242380    0.041295    0.348571    0.456936    0.691754    2.204120    0.029343    0.009049    0.000888    6.228036    6.917384    1.693977    1.984095    2.275489    2.145744    0.751342    1.101321    2.087286
Iteration: 583 bestvalit: 137.560000 bestmemit:    0.003688    0.062256    0.091598    0.804174    0.041133    0.206035    0.242380    0.041295    0.348571    0.456936    0.691754    2.204120    0.029343    0.009049    0.000888    6.228036    6.917384    1.693977    1.984095    2.275489    2.145744    0.751342    1.101321    2.087286
Iteration: 584 bestvalit: 137.560000 bestmemit:    0.003688    0.062256    0.091598    0.804174    0.041133    0.206035    0.242380    0.041295    0.348571    0.456936    0.691754    2.204120    0.029343    0.009049    0.000888    6.228036    6.917384    1.693977    1.984095    2.275489    2.145744    0.751342    1.101321    2.087286
Iteration: 585 bestvalit: 137.560000 bestmemit:    0.003688    0.062256    0.091598    0.804174    0.041133    0.206035    0.242380    0.041295    0.348571    0.456936    0.691754    2.204120    0.029343    0.009049    0.000888    6.228036    6.917384    1.693977    1.984095    2.275489    2.145744    0.751342    1.101321    2.087286
Iteration: 586 bestvalit: 137.560000 bestmemit:    0.003688    0.062256    0.091598    0.804174    0.041133    0.206035    0.242380    0.041295    0.348571    0.456936    0.691754    2.204120    0.029343    0.009049    0.000888    6.228036    6.917384    1.693977    1.984095    2.275489    2.145744    0.751342    1.101321    2.087286
Iteration: 587 bestvalit: 137.560000 bestmemit:    0.003688    0.062256    0.091598    0.804174    0.041133    0.206035    0.242380    0.041295    0.348571    0.456936    0.691754    2.204120    0.029343    0.009049    0.000888    6.228036    6.917384    1.693977    1.984095    2.275489    2.145744    0.751342    1.101321    2.087286
Iteration: 588 bestvalit: 137.560000 bestmemit:    0.003688    0.062256    0.091598    0.804174    0.041133    0.206035    0.242380    0.041295    0.348571    0.456936    0.691754    2.204120    0.029343    0.009049    0.000888    6.228036    6.917384    1.693977    1.984095    2.275489    2.145744    0.751342    1.101321    2.087286
Iteration: 589 bestvalit: 137.560000 bestmemit:    0.003688    0.062256    0.091598    0.804174    0.041133    0.206035    0.242380    0.041295    0.348571    0.456936    0.691754    2.204120    0.029343    0.009049    0.000888    6.228036    6.917384    1.693977    1.984095    2.275489    2.145744    0.751342    1.101321    2.087286
Iteration: 590 bestvalit: 137.560000 bestmemit:    0.003688    0.062256    0.091598    0.804174    0.041133    0.206035    0.242380    0.041295    0.348571    0.456936    0.691754    2.204120    0.029343    0.009049    0.000888    6.228036    6.917384    1.693977    1.984095    2.275489    2.145744    0.751342    1.101321    2.087286
Iteration: 591 bestvalit: 137.560000 bestmemit:    0.003688    0.062256    0.091598    0.804174    0.041133    0.206035    0.242380    0.041295    0.348571    0.456936    0.691754    2.204120    0.029343    0.009049    0.000888    6.228036    6.917384    1.693977    1.984095    2.275489    2.145744    0.751342    1.101321    2.087286
Iteration: 592 bestvalit: 137.560000 bestmemit:    0.003688    0.062256    0.091598    0.804174    0.041133    0.206035    0.242380    0.041295    0.348571    0.456936    0.691754    2.204120    0.029343    0.009049    0.000888    6.228036    6.917384    1.693977    1.984095    2.275489    2.145744    0.751342    1.101321    2.087286
Iteration: 593 bestvalit: 137.560000 bestmemit:    0.003688    0.062256    0.091598    0.804174    0.041133    0.206035    0.242380    0.041295    0.348571    0.456936    0.691754    2.204120    0.029343    0.009049    0.000888    6.228036    6.917384    1.693977    1.984095    2.275489    2.145744    0.751342    1.101321    2.087286
Iteration: 594 bestvalit: 137.560000 bestmemit:    0.003688    0.062256    0.091598    0.804174    0.041133    0.206035    0.242380    0.041295    0.348571    0.456936    0.691754    2.204120    0.029343    0.009049    0.000888    6.228036    6.917384    1.693977    1.984095    2.275489    2.145744    0.751342    1.101321    2.087286
Iteration: 595 bestvalit: 137.560000 bestmemit:    0.003688    0.062256    0.091598    0.804174    0.041133    0.206035    0.242380    0.041295    0.348571    0.456936    0.691754    2.204120    0.029343    0.009049    0.000888    6.228036    6.917384    1.693977    1.984095    2.275489    2.145744    0.751342    1.101321    2.087286
Iteration: 596 bestvalit: 136.520000 bestmemit:    0.003688    0.062256    0.091598    0.804174    0.041133    0.206035    0.242380    0.012414    0.348571    0.456936    0.691754    2.204120    0.029343    0.009049    0.000888    6.228036    6.917384    1.693977    1.984095    2.275489    2.145744    0.751342    1.101321    2.087286
Iteration: 597 bestvalit: 136.520000 bestmemit:    0.003688    0.062256    0.091598    0.804174    0.041133    0.206035    0.242380    0.012414    0.348571    0.456936    0.691754    2.204120    0.029343    0.009049    0.000888    6.228036    6.917384    1.693977    1.984095    2.275489    2.145744    0.751342    1.101321    2.087286
Iteration: 598 bestvalit: 136.520000 bestmemit:    0.003688    0.062256    0.091598    0.804174    0.041133    0.206035    0.242380    0.012414    0.348571    0.456936    0.691754    2.204120    0.029343    0.009049    0.000888    6.228036    6.917384    1.693977    1.984095    2.275489    2.145744    0.751342    1.101321    2.087286
Iteration: 599 bestvalit: 136.520000 bestmemit:    0.003688    0.062256    0.091598    0.804174    0.041133    0.206035    0.242380    0.012414    0.348571    0.456936    0.691754    2.204120    0.029343    0.009049    0.000888    6.228036    6.917384    1.693977    1.984095    2.275489    2.145744    0.751342    1.101321    2.087286
Iteration: 600 bestvalit: 136.520000 bestmemit:    0.003688    0.062256    0.091598    0.804174    0.041133    0.206035    0.242380    0.012414    0.348571    0.456936    0.691754    2.204120    0.029343    0.009049    0.000888    6.228036    6.917384    1.693977    1.984095    2.275489    2.145744    0.751342    1.101321    2.087286
Iteration: 601 bestvalit: 136.520000 bestmemit:    0.003688    0.062256    0.091598    0.804174    0.041133    0.206035    0.242380    0.012414    0.348571    0.456936    0.691754    2.204120    0.029343    0.009049    0.000888    6.228036    6.917384    1.693977    1.984095    2.275489    2.145744    0.751342    1.101321    2.087286
Iteration: 602 bestvalit: 136.520000 bestmemit:    0.003688    0.062256    0.091598    0.804174    0.041133    0.206035    0.242380    0.012414    0.348571    0.456936    0.691754    2.204120    0.029343    0.009049    0.000888    6.228036    6.917384    1.693977    1.984095    2.275489    2.145744    0.751342    1.101321    2.087286
Iteration: 603 bestvalit: 136.520000 bestmemit:    0.003688    0.062256    0.091598    0.804174    0.041133    0.206035    0.242380    0.012414    0.348571    0.456936    0.691754    2.204120    0.029343    0.009049    0.000888    6.228036    6.917384    1.693977    1.984095    2.275489    2.145744    0.751342    1.101321    2.087286
Iteration: 604 bestvalit: 136.520000 bestmemit:    0.003688    0.062256    0.091598    0.804174    0.041133    0.206035    0.242380    0.012414    0.348571    0.456936    0.691754    2.204120    0.029343    0.009049    0.000888    6.228036    6.917384    1.693977    1.984095    2.275489    2.145744    0.751342    1.101321    2.087286
Iteration: 605 bestvalit: 136.520000 bestmemit:    0.003688    0.062256    0.091598    0.804174    0.041133    0.206035    0.242380    0.012414    0.348571    0.456936    0.691754    2.204120    0.029343    0.009049    0.000888    6.228036    6.917384    1.693977    1.984095    2.275489    2.145744    0.751342    1.101321    2.087286
Iteration: 606 bestvalit: 136.520000 bestmemit:    0.003688    0.062256    0.091598    0.804174    0.041133    0.206035    0.242380    0.012414    0.348571    0.456936    0.691754    2.204120    0.029343    0.009049    0.000888    6.228036    6.917384    1.693977    1.984095    2.275489    2.145744    0.751342    1.101321    2.087286
Iteration: 607 bestvalit: 136.520000 bestmemit:    0.003688    0.062256    0.091598    0.804174    0.041133    0.206035    0.242380    0.012414    0.348571    0.456936    0.691754    2.204120    0.029343    0.009049    0.000888    6.228036    6.917384    1.693977    1.984095    2.275489    2.145744    0.751342    1.101321    2.087286
Iteration: 608 bestvalit: 136.520000 bestmemit:    0.003688    0.062256    0.091598    0.804174    0.041133    0.206035    0.242380    0.012414    0.348571    0.456936    0.691754    2.204120    0.029343    0.009049    0.000888    6.228036    6.917384    1.693977    1.984095    2.275489    2.145744    0.751342    1.101321    2.087286
Iteration: 609 bestvalit: 136.520000 bestmemit:    0.003688    0.062256    0.091598    0.804174    0.041133    0.206035    0.242380    0.012414    0.348571    0.456936    0.691754    2.204120    0.029343    0.009049    0.000888    6.228036    6.917384    1.693977    1.984095    2.275489    2.145744    0.751342    1.101321    2.087286
Iteration: 610 bestvalit: 136.520000 bestmemit:    0.003688    0.062256    0.091598    0.804174    0.041133    0.206035    0.242380    0.012414    0.348571    0.456936    0.691754    2.204120    0.029343    0.009049    0.000888    6.228036    6.917384    1.693977    1.984095    2.275489    2.145744    0.751342    1.101321    2.087286
Iteration: 611 bestvalit: 136.520000 bestmemit:    0.003688    0.062256    0.091598    0.804174    0.041133    0.206035    0.242380    0.012414    0.348571    0.456936    0.691754    2.204120    0.029343    0.009049    0.000888    6.228036    6.917384    1.693977    1.984095    2.275489    2.145744    0.751342    1.101321    2.087286
Iteration: 612 bestvalit: 136.520000 bestmemit:    0.003688    0.062256    0.091598    0.804174    0.041133    0.206035    0.242380    0.012414    0.348571    0.456936    0.691754    2.204120    0.029343    0.009049    0.000888    6.228036    6.917384    1.693977    1.984095    2.275489    2.145744    0.751342    1.101321    2.087286
Iteration: 613 bestvalit: 136.520000 bestmemit:    0.003688    0.062256    0.091598    0.804174    0.041133    0.206035    0.242380    0.012414    0.348571    0.456936    0.691754    2.204120    0.029343    0.009049    0.000888    6.228036    6.917384    1.693977    1.984095    2.275489    2.145744    0.751342    1.101321    2.087286
Iteration: 614 bestvalit: 136.520000 bestmemit:    0.003688    0.062256    0.091598    0.804174    0.041133    0.206035    0.242380    0.012414    0.348571    0.456936    0.691754    2.204120    0.029343    0.009049    0.000888    6.228036    6.917384    1.693977    1.984095    2.275489    2.145744    0.751342    1.101321    2.087286
Iteration: 615 bestvalit: 136.520000 bestmemit:    0.003688    0.062256    0.091598    0.804174    0.041133    0.206035    0.242380    0.012414    0.348571    0.456936    0.691754    2.204120    0.029343    0.009049    0.000888    6.228036    6.917384    1.693977    1.984095    2.275489    2.145744    0.751342    1.101321    2.087286
Iteration: 616 bestvalit: 136.520000 bestmemit:    0.003688    0.062256    0.091598    0.804174    0.041133    0.206035    0.242380    0.012414    0.348571    0.456936    0.691754    2.204120    0.029343    0.009049    0.000888    6.228036    6.917384    1.693977    1.984095    2.275489    2.145744    0.751342    1.101321    2.087286
Iteration: 617 bestvalit: 136.520000 bestmemit:    0.003688    0.062256    0.091598    0.804174    0.041133    0.206035    0.242380    0.012414    0.348571    0.456936    0.691754    2.204120    0.029343    0.009049    0.000888    6.228036    6.917384    1.693977    1.984095    2.275489    2.145744    0.751342    1.101321    2.087286
Iteration: 618 bestvalit: 136.520000 bestmemit:    0.003688    0.062256    0.091598    0.804174    0.041133    0.206035    0.242380    0.012414    0.348571    0.456936    0.691754    2.204120    0.029343    0.009049    0.000888    6.228036    6.917384    1.693977    1.984095    2.275489    2.145744    0.751342    1.101321    2.087286
Iteration: 619 bestvalit: 136.520000 bestmemit:    0.003688    0.062256    0.091598    0.804174    0.041133    0.206035    0.242380    0.012414    0.348571    0.456936    0.691754    2.204120    0.029343    0.009049    0.000888    6.228036    6.917384    1.693977    1.984095    2.275489    2.145744    0.751342    1.101321    2.087286
Iteration: 620 bestvalit: 136.520000 bestmemit:    0.003688    0.062256    0.091598    0.804174    0.041133    0.206035    0.242380    0.012414    0.348571    0.456936    0.691754    2.204120    0.029343    0.009049    0.000888    6.228036    6.917384    1.693977    1.984095    2.275489    2.145744    0.751342    1.101321    2.087286
Iteration: 621 bestvalit: 136.520000 bestmemit:    0.003688    0.062256    0.091598    0.804174    0.041133    0.206035    0.242380    0.012414    0.348571    0.456936    0.691754    2.204120    0.029343    0.009049    0.000888    6.228036    6.917384    1.693977    1.984095    2.275489    2.145744    0.751342    1.101321    2.087286
Iteration: 622 bestvalit: 136.520000 bestmemit:    0.003688    0.062256    0.091598    0.804174    0.041133    0.206035    0.242380    0.012414    0.348571    0.456936    0.691754    2.204120    0.029343    0.009049    0.000888    6.228036    6.917384    1.693977    1.984095    2.275489    2.145744    0.751342    1.101321    2.087286
Iteration: 623 bestvalit: 136.520000 bestmemit:    0.003688    0.062256    0.091598    0.804174    0.041133    0.206035    0.242380    0.012414    0.348571    0.456936    0.691754    2.204120    0.029343    0.009049    0.000888    6.228036    6.917384    1.693977    1.984095    2.275489    2.145744    0.751342    1.101321    2.087286
Iteration: 624 bestvalit: 136.520000 bestmemit:    0.003688    0.062256    0.091598    0.804174    0.041133    0.206035    0.242380    0.012414    0.348571    0.456936    0.691754    2.204120    0.029343    0.009049    0.000888    6.228036    6.917384    1.693977    1.984095    2.275489    2.145744    0.751342    1.101321    2.087286
Iteration: 625 bestvalit: 136.520000 bestmemit:    0.003688    0.062256    0.091598    0.804174    0.041133    0.206035    0.242380    0.012414    0.348571    0.456936    0.691754    2.204120    0.029343    0.009049    0.000888    6.228036    6.917384    1.693977    1.984095    2.275489    2.145744    0.751342    1.101321    2.087286
Iteration: 626 bestvalit: 136.495000 bestmemit:    0.003688    0.062256    0.091598    0.804174    0.041133    0.206035    0.242380    0.003028    0.348571    0.456936    0.691754    2.204120    0.029343    0.009049    0.000888    6.228036    6.917384    1.693977    1.984095    2.275489    2.145744    0.751342    1.101321    2.087286
Iteration: 627 bestvalit: 136.495000 bestmemit:    0.003688    0.062256    0.091598    0.804174    0.041133    0.206035    0.242380    0.003028    0.348571    0.456936    0.691754    2.204120    0.029343    0.009049    0.000888    6.228036    6.917384    1.693977    1.984095    2.275489    2.145744    0.751342    1.101321    2.087286
Iteration: 628 bestvalit: 136.495000 bestmemit:    0.003688    0.062256    0.091598    0.804174    0.041133    0.206035    0.242380    0.003028    0.348571    0.456936    0.691754    2.204120    0.029343    0.009049    0.000888    6.228036    6.917384    1.693977    1.984095    2.275489    2.145744    0.751342    1.101321    2.087286
Iteration: 629 bestvalit: 136.495000 bestmemit:    0.003688    0.062256    0.091598    0.804174    0.041133    0.206035    0.242380    0.003028    0.348571    0.456936    0.691754    2.204120    0.029343    0.009049    0.000888    6.228036    6.917384    1.693977    1.984095    2.275489    2.145744    0.751342    1.101321    2.087286
Iteration: 630 bestvalit: 136.495000 bestmemit:    0.003688    0.062256    0.091598    0.804174    0.041133    0.206035    0.242380    0.003028    0.348571    0.456936    0.691754    2.204120    0.029343    0.009049    0.000888    6.228036    6.917384    1.693977    1.984095    2.275489    2.145744    0.751342    1.101321    2.087286
Iteration: 631 bestvalit: 136.495000 bestmemit:    0.003688    0.062256    0.091598    0.804174    0.041133    0.206035    0.242380    0.003028    0.348571    0.456936    0.691754    2.204120    0.029343    0.009049    0.000888    6.228036    6.917384    1.693977    1.984095    2.275489    2.145744    0.751342    1.101321    2.087286
Iteration: 632 bestvalit: 136.495000 bestmemit:    0.003688    0.062256    0.091598    0.804174    0.041133    0.206035    0.242380    0.003028    0.348571    0.456936    0.691754    2.204120    0.029343    0.009049    0.000888    6.228036    6.917384    1.693977    1.984095    2.275489    2.145744    0.751342    1.101321    2.087286
Iteration: 633 bestvalit: 136.495000 bestmemit:    0.003688    0.062256    0.091598    0.804174    0.041133    0.206035    0.242380    0.003028    0.348571    0.456936    0.691754    2.204120    0.029343    0.009049    0.000888    6.228036    6.917384    1.693977    1.984095    2.275489    2.145744    0.751342    1.101321    2.087286
Iteration: 634 bestvalit: 135.675000 bestmemit:    0.003688    0.062256    0.091598    0.804174    0.041133    0.206035    0.242380    0.022856    0.324802    0.456936    0.691754    2.204120    0.029343    0.009049    0.000888    6.228036    6.917384    1.693977    1.984095    2.275489    2.145744    0.751342    1.101321    2.087286
Iteration: 635 bestvalit: 135.675000 bestmemit:    0.003688    0.062256    0.091598    0.804174    0.041133    0.206035    0.242380    0.022856    0.324802    0.456936    0.691754    2.204120    0.029343    0.009049    0.000888    6.228036    6.917384    1.693977    1.984095    2.275489    2.145744    0.751342    1.101321    2.087286
Iteration: 636 bestvalit: 135.675000 bestmemit:    0.003688    0.062256    0.091598    0.804174    0.041133    0.206035    0.242380    0.022856    0.324802    0.456936    0.691754    2.204120    0.029343    0.009049    0.000888    6.228036    6.917384    1.693977    1.984095    2.275489    2.145744    0.751342    1.101321    2.087286
Iteration: 637 bestvalit: 135.675000 bestmemit:    0.003688    0.062256    0.091598    0.804174    0.041133    0.206035    0.242380    0.022856    0.324802    0.456936    0.691754    2.204120    0.029343    0.009049    0.000888    6.228036    6.917384    1.693977    1.984095    2.275489    2.145744    0.751342    1.101321    2.087286
Iteration: 638 bestvalit: 135.675000 bestmemit:    0.003688    0.062256    0.091598    0.804174    0.041133    0.206035    0.242380    0.022856    0.324802    0.456936    0.691754    2.204120    0.029343    0.009049    0.000888    6.228036    6.917384    1.693977    1.984095    2.275489    2.145744    0.751342    1.101321    2.087286
Iteration: 639 bestvalit: 135.670000 bestmemit:    0.003688    0.062256    0.091598    0.804174    0.041133    0.206035    0.242380    0.022856    0.324802    0.456936    0.691754    2.204120    0.029343    0.009049    0.000888    6.228036    6.917384    1.693977    1.984095    2.275489    2.145744    0.692308    1.101321    2.087286
Iteration: 640 bestvalit: 135.670000 bestmemit:    0.003688    0.062256    0.091598    0.804174    0.041133    0.206035    0.242380    0.022856    0.324802    0.456936    0.691754    2.204120    0.029343    0.009049    0.000888    6.228036    6.917384    1.693977    1.984095    2.275489    2.145744    0.692308    1.101321    2.087286
Iteration: 641 bestvalit: 135.670000 bestmemit:    0.003688    0.062256    0.091598    0.804174    0.041133    0.206035    0.242380    0.022856    0.324802    0.456936    0.691754    2.204120    0.029343    0.009049    0.000888    6.228036    6.917384    1.693977    1.984095    2.275489    2.145744    0.692308    1.101321    2.087286
Iteration: 642 bestvalit: 135.670000 bestmemit:    0.003688    0.062256    0.091598    0.804174    0.041133    0.206035    0.242380    0.022856    0.324802    0.456936    0.691754    2.204120    0.029343    0.009049    0.000888    6.228036    6.917384    1.693977    1.984095    2.275489    2.145744    0.692308    1.101321    2.087286
Iteration: 643 bestvalit: 135.670000 bestmemit:    0.003688    0.062256    0.091598    0.804174    0.041133    0.206035    0.242380    0.022856    0.324802    0.456936    0.691754    2.204120    0.029343    0.009049    0.000888    6.228036    6.917384    1.693977    1.984095    2.275489    2.145744    0.692308    1.101321    2.087286
Iteration: 644 bestvalit: 135.670000 bestmemit:    0.003688    0.062256    0.091598    0.804174    0.041133    0.206035    0.242380    0.022856    0.324802    0.456936    0.691754    2.204120    0.029343    0.009049    0.000888    6.228036    6.917384    1.693977    1.984095    2.275489    2.145744    0.692308    1.101321    2.087286
Iteration: 645 bestvalit: 135.670000 bestmemit:    0.003688    0.062256    0.091598    0.804174    0.041133    0.206035    0.242380    0.022856    0.324802    0.456936    0.691754    2.204120    0.029343    0.009049    0.000888    6.228036    6.917384    1.693977    1.984095    2.275489    2.145744    0.692308    1.101321    2.087286
Iteration: 646 bestvalit: 135.670000 bestmemit:    0.003688    0.062256    0.091598    0.804174    0.041133    0.206035    0.242380    0.022856    0.324802    0.456936    0.691754    2.204120    0.029343    0.009049    0.000888    6.228036    6.917384    1.693977    1.984095    2.275489    2.145744    0.692308    1.101321    2.087286
Iteration: 647 bestvalit: 135.670000 bestmemit:    0.003688    0.062256    0.091598    0.804174    0.041133    0.206035    0.242380    0.022856    0.324802    0.456936    0.691754    2.204120    0.029343    0.009049    0.000888    6.228036    6.917384    1.693977    1.984095    2.275489    2.145744    0.692308    1.101321    2.087286
Iteration: 648 bestvalit: 135.670000 bestmemit:    0.003688    0.062256    0.091598    0.804174    0.041133    0.206035    0.242380    0.022856    0.324802    0.456936    0.691754    2.204120    0.029343    0.009049    0.000888    6.228036    6.917384    1.693977    1.984095    2.275489    2.145744    0.692308    1.101321    2.087286
Iteration: 649 bestvalit: 135.670000 bestmemit:    0.003688    0.062256    0.091598    0.804174    0.041133    0.206035    0.242380    0.022856    0.324802    0.456936    0.691754    2.204120    0.029343    0.009049    0.000888    6.228036    6.917384    1.693977    1.984095    2.275489    2.145744    0.692308    1.101321    2.087286
Iteration: 650 bestvalit: 135.670000 bestmemit:    0.003688    0.062256    0.091598    0.804174    0.041133    0.206035    0.242380    0.022856    0.324802    0.456936    0.691754    2.204120    0.029343    0.009049    0.000888    6.228036    6.917384    1.693977    1.984095    2.275489    2.145744    0.692308    1.101321    2.087286
Iteration: 651 bestvalit: 135.670000 bestmemit:    0.003688    0.062256    0.091598    0.804174    0.041133    0.206035    0.242380    0.022856    0.324802    0.456936    0.691754    2.204120    0.029343    0.009049    0.000888    6.228036    6.917384    1.693977    1.984095    2.275489    2.145744    0.692308    1.101321    2.087286
Iteration: 652 bestvalit: 135.445000 bestmemit:    0.003688    0.062256    0.091598    0.804174    0.041133    0.206035    0.242380    0.022856    0.324802    0.456936    0.691754    2.204120    0.028297    0.009049    0.000888    6.228036    6.917384    1.693977    1.984095    2.275489    2.145744    0.692308    1.101321    2.087286
Iteration: 653 bestvalit: 135.445000 bestmemit:    0.003688    0.062256    0.091598    0.804174    0.041133    0.206035    0.242380    0.022856    0.324802    0.456936    0.691754    2.204120    0.028297    0.009049    0.000888    6.228036    6.917384    1.693977    1.984095    2.275489    2.145744    0.692308    1.101321    2.087286
Iteration: 654 bestvalit: 135.445000 bestmemit:    0.003688    0.062256    0.091598    0.804174    0.041133    0.206035    0.242380    0.022856    0.324802    0.456936    0.691754    2.204120    0.028297    0.009049    0.000888    6.228036    6.917384    1.693977    1.984095    2.275489    2.145744    0.692308    1.101321    2.087286
Iteration: 655 bestvalit: 135.445000 bestmemit:    0.003688    0.062256    0.091598    0.804174    0.041133    0.206035    0.242380    0.022856    0.324802    0.456936    0.691754    2.204120    0.028297    0.009049    0.000888    6.228036    6.917384    1.693977    1.984095    2.275489    2.145744    0.692308    1.101321    2.087286
Iteration: 656 bestvalit: 135.445000 bestmemit:    0.003688    0.062256    0.091598    0.804174    0.041133    0.206035    0.242380    0.022856    0.324802    0.456936    0.691754    2.204120    0.028297    0.009049    0.000888    6.228036    6.917384    1.693977    1.984095    2.275489    2.145744    0.692308    1.101321    2.087286
Iteration: 657 bestvalit: 135.445000 bestmemit:    0.003688    0.062256    0.091598    0.804174    0.041133    0.206035    0.242380    0.022856    0.324802    0.456936    0.691754    2.204120    0.028297    0.009049    0.000888    6.228036    6.917384    1.693977    1.984095    2.275489    2.145744    0.692308    1.101321    2.087286
Iteration: 658 bestvalit: 135.445000 bestmemit:    0.003688    0.062256    0.091598    0.804174    0.041133    0.206035    0.242380    0.022856    0.324802    0.456936    0.691754    2.204120    0.028297    0.009049    0.000888    6.228036    6.917384    1.693977    1.984095    2.275489    2.145744    0.692308    1.101321    2.087286
Iteration: 659 bestvalit: 135.445000 bestmemit:    0.003688    0.062256    0.091598    0.804174    0.041133    0.206035    0.242380    0.022856    0.324802    0.456936    0.691754    2.204120    0.028297    0.009049    0.000888    6.228036    6.917384    1.693977    1.984095    2.275489    2.145744    0.692308    1.101321    2.087286
Iteration: 660 bestvalit: 135.445000 bestmemit:    0.003688    0.062256    0.091598    0.804174    0.041133    0.206035    0.242380    0.022856    0.324802    0.456936    0.691754    2.204120    0.028297    0.009049    0.000888    6.228036    6.917384    1.693977    1.984095    2.275489    2.145744    0.692308    1.101321    2.087286
Iteration: 661 bestvalit: 135.445000 bestmemit:    0.003688    0.062256    0.091598    0.804174    0.041133    0.206035    0.242380    0.022856    0.324802    0.456936    0.691754    2.204120    0.028297    0.009049    0.000888    6.228036    6.917384    1.693977    1.984095    2.275489    2.145744    0.692308    1.101321    2.087286
Iteration: 662 bestvalit: 135.445000 bestmemit:    0.003688    0.062256    0.091598    0.804174    0.041133    0.206035    0.242380    0.022856    0.324802    0.456936    0.691754    2.204120    0.028297    0.009049    0.000888    6.228036    6.917384    1.693977    1.984095    2.275489    2.145744    0.692308    1.101321    2.087286
Iteration: 663 bestvalit: 135.445000 bestmemit:    0.003688    0.062256    0.091598    0.804174    0.041133    0.206035    0.242380    0.022856    0.324802    0.456936    0.691754    2.204120    0.028297    0.009049    0.000888    6.228036    6.917384    1.693977    1.984095    2.275489    2.145744    0.692308    1.101321    2.087286
Iteration: 664 bestvalit: 135.445000 bestmemit:    0.003688    0.062256    0.091598    0.804174    0.041133    0.206035    0.242380    0.022856    0.324802    0.456936    0.691754    2.204120    0.028297    0.009049    0.000888    6.228036    6.917384    1.693977    1.984095    2.275489    2.145744    0.692308    1.101321    2.087286
Iteration: 665 bestvalit: 135.445000 bestmemit:    0.003688    0.062256    0.091598    0.804174    0.041133    0.206035    0.242380    0.022856    0.324802    0.456936    0.691754    2.204120    0.028297    0.009049    0.000888    6.228036    6.917384    1.693977    1.984095    2.275489    2.145744    0.692308    1.101321    2.087286
Iteration: 666 bestvalit: 135.445000 bestmemit:    0.003688    0.062256    0.091598    0.804174    0.041133    0.206035    0.242380    0.022856    0.324802    0.456936    0.691754    2.204120    0.028297    0.009049    0.000888    6.228036    6.917384    1.693977    1.984095    2.275489    2.145744    0.692308    1.101321    2.087286
Iteration: 667 bestvalit: 135.445000 bestmemit:    0.003688    0.062256    0.091598    0.804174    0.041133    0.206035    0.242380    0.022856    0.324802    0.456936    0.691754    2.204120    0.028297    0.009049    0.000888    6.228036    6.917384    1.693977    1.984095    2.275489    2.145744    0.692308    1.101321    2.087286
Iteration: 668 bestvalit: 135.445000 bestmemit:    0.003688    0.062256    0.091598    0.804174    0.041133    0.206035    0.242380    0.022856    0.324802    0.456936    0.691754    2.204120    0.028297    0.009049    0.000888    6.228036    6.917384    1.693977    1.984095    2.275489    2.145744    0.692308    1.101321    2.087286
Iteration: 669 bestvalit: 135.445000 bestmemit:    0.003688    0.062256    0.091598    0.804174    0.041133    0.206035    0.242380    0.022856    0.324802    0.456936    0.691754    2.204120    0.028297    0.009049    0.000888    6.228036    6.917384    1.693977    1.984095    2.275489    2.145744    0.692308    1.101321    2.087286
Iteration: 670 bestvalit: 135.445000 bestmemit:    0.003688    0.062256    0.091598    0.804174    0.041133    0.206035    0.242380    0.022856    0.324802    0.456936    0.691754    2.204120    0.028297    0.009049    0.000888    6.228036    6.917384    1.693977    1.984095    2.275489    2.145744    0.692308    1.101321    2.087286
Iteration: 671 bestvalit: 135.445000 bestmemit:    0.003688    0.062256    0.091598    0.804174    0.041133    0.206035    0.242380    0.022856    0.324802    0.456936    0.691754    2.204120    0.028297    0.009049    0.000888    6.228036    6.917384    1.693977    1.984095    2.275489    2.145744    0.692308    1.101321    2.087286
Iteration: 672 bestvalit: 135.445000 bestmemit:    0.003688    0.062256    0.091598    0.804174    0.041133    0.206035    0.242380    0.022856    0.324802    0.456936    0.691754    2.204120    0.028297    0.009049    0.000888    6.228036    6.917384    1.693977    1.984095    2.275489    2.145744    0.692308    1.101321    2.087286
Iteration: 673 bestvalit: 135.445000 bestmemit:    0.003688    0.062256    0.091598    0.804174    0.041133    0.206035    0.242380    0.022856    0.324802    0.456936    0.691754    2.204120    0.028297    0.009049    0.000888    6.228036    6.917384    1.693977    1.984095    2.275489    2.145744    0.692308    1.101321    2.087286
Iteration: 674 bestvalit: 135.445000 bestmemit:    0.003688    0.062256    0.091598    0.804174    0.041133    0.206035    0.242380    0.022856    0.324802    0.456936    0.691754    2.204120    0.028297    0.009049    0.000888    6.228036    6.917384    1.693977    1.984095    2.275489    2.145744    0.692308    1.101321    2.087286
Iteration: 675 bestvalit: 135.445000 bestmemit:    0.003688    0.062256    0.091598    0.804174    0.041133    0.206035    0.242380    0.022856    0.324802    0.456936    0.691754    2.204120    0.028297    0.009049    0.000888    6.228036    6.917384    1.693977    1.984095    2.275489    2.145744    0.692308    1.101321    2.087286
Iteration: 676 bestvalit: 135.445000 bestmemit:    0.003688    0.062256    0.091598    0.804174    0.041133    0.206035    0.242380    0.022856    0.324802    0.456936    0.691754    2.204120    0.028297    0.009049    0.000888    6.228036    6.917384    1.693977    1.984095    2.275489    2.145744    0.692308    1.101321    2.087286
Iteration: 677 bestvalit: 135.445000 bestmemit:    0.003688    0.062256    0.091598    0.804174    0.041133    0.206035    0.242380    0.022856    0.324802    0.456936    0.691754    2.204120    0.028297    0.009049    0.000888    6.228036    6.917384    1.693977    1.984095    2.275489    2.145744    0.692308    1.101321    2.087286
Iteration: 678 bestvalit: 135.445000 bestmemit:    0.003688    0.062256    0.091598    0.804174    0.041133    0.206035    0.242380    0.022856    0.324802    0.456936    0.691754    2.204120    0.028297    0.009049    0.000888    6.228036    6.917384    1.693977    1.984095    2.275489    2.145744    0.692308    1.101321    2.087286
Iteration: 679 bestvalit: 135.445000 bestmemit:    0.003688    0.062256    0.091598    0.804174    0.041133    0.206035    0.242380    0.022856    0.324802    0.456936    0.691754    2.204120    0.028297    0.009049    0.000888    6.228036    6.917384    1.693977    1.984095    2.275489    2.145744    0.692308    1.101321    2.087286
Iteration: 680 bestvalit: 135.445000 bestmemit:    0.003688    0.062256    0.091598    0.804174    0.041133    0.206035    0.242380    0.022856    0.324802    0.456936    0.691754    2.204120    0.028297    0.009049    0.000888    6.228036    6.917384    1.693977    1.984095    2.275489    2.145744    0.692308    1.101321    2.087286
Iteration: 681 bestvalit: 135.445000 bestmemit:    0.003688    0.062256    0.091598    0.804174    0.041133    0.206035    0.242380    0.022856    0.324802    0.456936    0.691754    2.204120    0.028297    0.009049    0.000888    6.228036    6.917384    1.693977    1.984095    2.275489    2.145744    0.692308    1.101321    2.087286
Iteration: 682 bestvalit: 135.445000 bestmemit:    0.003688    0.062256    0.091598    0.804174    0.041133    0.206035    0.242380    0.022856    0.324802    0.456936    0.691754    2.204120    0.028297    0.009049    0.000888    6.228036    6.917384    1.693977    1.984095    2.275489    2.145744    0.692308    1.101321    2.087286
Iteration: 683 bestvalit: 135.445000 bestmemit:    0.003688    0.062256    0.091598    0.804174    0.041133    0.206035    0.242380    0.022856    0.324802    0.456936    0.691754    2.204120    0.028297    0.009049    0.000888    6.228036    6.917384    1.693977    1.984095    2.275489    2.145744    0.692308    1.101321    2.087286
Iteration: 684 bestvalit: 135.445000 bestmemit:    0.003688    0.062256    0.091598    0.804174    0.041133    0.206035    0.242380    0.022856    0.324802    0.456936    0.691754    2.204120    0.028297    0.009049    0.000888    6.228036    6.917384    1.693977    1.984095    2.275489    2.145744    0.692308    1.101321    2.087286
Iteration: 685 bestvalit: 135.445000 bestmemit:    0.003688    0.062256    0.091598    0.804174    0.041133    0.206035    0.242380    0.022856    0.324802    0.456936    0.691754    2.204120    0.028297    0.009049    0.000888    6.228036    6.917384    1.693977    1.984095    2.275489    2.145744    0.692308    1.101321    2.087286
Iteration: 686 bestvalit: 135.445000 bestmemit:    0.003688    0.062256    0.091598    0.804174    0.041133    0.206035    0.242380    0.022856    0.324802    0.456936    0.691754    2.204120    0.028297    0.009049    0.000888    6.228036    6.917384    1.693977    1.984095    2.275489    2.145744    0.692308    1.101321    2.087286
Iteration: 687 bestvalit: 135.445000 bestmemit:    0.003688    0.062256    0.091598    0.804174    0.041133    0.206035    0.242380    0.022856    0.324802    0.456936    0.691754    2.204120    0.028297    0.009049    0.000888    6.228036    6.917384    1.693977    1.984095    2.275489    2.145744    0.692308    1.101321    2.087286
Iteration: 688 bestvalit: 135.445000 bestmemit:    0.003688    0.062256    0.091598    0.804174    0.041133    0.206035    0.242380    0.022856    0.324802    0.456936    0.691754    2.204120    0.028297    0.009049    0.000888    6.228036    6.917384    1.693977    1.984095    2.275489    2.145744    0.692308    1.101321    2.087286
Iteration: 689 bestvalit: 135.445000 bestmemit:    0.003688    0.062256    0.091598    0.804174    0.041133    0.206035    0.242380    0.022856    0.324802    0.456936    0.691754    2.204120    0.028297    0.009049    0.000888    6.228036    6.917384    1.693977    1.984095    2.275489    2.145744    0.692308    1.101321    2.087286
Iteration: 690 bestvalit: 135.445000 bestmemit:    0.003688    0.062256    0.091598    0.804174    0.041133    0.206035    0.242380    0.022856    0.324802    0.456936    0.691754    2.204120    0.028297    0.009049    0.000888    6.228036    6.917384    1.693977    1.984095    2.275489    2.145744    0.692308    1.101321    2.087286
Iteration: 691 bestvalit: 135.445000 bestmemit:    0.003688    0.062256    0.091598    0.804174    0.041133    0.206035    0.242380    0.022856    0.324802    0.456936    0.691754    2.204120    0.028297    0.009049    0.000888    6.228036    6.917384    1.693977    1.984095    2.275489    2.145744    0.692308    1.101321    2.087286
Iteration: 692 bestvalit: 135.445000 bestmemit:    0.003688    0.062256    0.091598    0.804174    0.041133    0.206035    0.242380    0.022856    0.324802    0.456936    0.691754    2.204120    0.028297    0.009049    0.000888    6.228036    6.917384    1.693977    1.984095    2.275489    2.145744    0.692308    1.101321    2.087286
Iteration: 693 bestvalit: 135.445000 bestmemit:    0.003688    0.062256    0.091598    0.804174    0.041133    0.206035    0.242380    0.022856    0.324802    0.456936    0.691754    2.204120    0.028297    0.009049    0.000888    6.228036    6.917384    1.693977    1.984095    2.275489    2.145744    0.692308    1.101321    2.087286
Iteration: 694 bestvalit: 135.445000 bestmemit:    0.003688    0.062256    0.091598    0.804174    0.041133    0.206035    0.242380    0.022856    0.324802    0.456936    0.691754    2.204120    0.028297    0.009049    0.000888    6.228036    6.917384    1.693977    1.984095    2.275489    2.145744    0.692308    1.101321    2.087286
Iteration: 695 bestvalit: 135.445000 bestmemit:    0.003688    0.062256    0.091598    0.804174    0.041133    0.206035    0.242380    0.022856    0.324802    0.456936    0.691754    2.204120    0.028297    0.009049    0.000888    6.228036    6.917384    1.693977    1.984095    2.275489    2.145744    0.692308    1.101321    2.087286
Iteration: 696 bestvalit: 135.445000 bestmemit:    0.003688    0.062256    0.091598    0.804174    0.041133    0.206035    0.242380    0.022856    0.324802    0.456936    0.691754    2.204120    0.028297    0.009049    0.000888    6.228036    6.917384    1.693977    1.984095    2.275489    2.145744    0.692308    1.101321    2.087286
Iteration: 697 bestvalit: 135.445000 bestmemit:    0.003688    0.062256    0.091598    0.804174    0.041133    0.206035    0.242380    0.022856    0.324802    0.456936    0.691754    2.204120    0.028297    0.009049    0.000888    6.228036    6.917384    1.693977    1.984095    2.275489    2.145744    0.692308    1.101321    2.087286
Iteration: 698 bestvalit: 135.445000 bestmemit:    0.003688    0.062256    0.091598    0.804174    0.041133    0.206035    0.242380    0.022856    0.324802    0.456936    0.691754    2.204120    0.028297    0.009049    0.000888    6.228036    6.917384    1.693977    1.984095    2.275489    2.145744    0.692308    1.101321    2.087286
Iteration: 699 bestvalit: 135.445000 bestmemit:    0.003688    0.062256    0.091598    0.804174    0.041133    0.206035    0.242380    0.022856    0.324802    0.456936    0.691754    2.204120    0.028297    0.009049    0.000888    6.228036    6.917384    1.693977    1.984095    2.275489    2.145744    0.692308    1.101321    2.087286
Iteration: 700 bestvalit: 135.445000 bestmemit:    0.003688    0.062256    0.091598    0.804174    0.041133    0.206035    0.242380    0.022856    0.324802    0.456936    0.691754    2.204120    0.028297    0.009049    0.000888    6.228036    6.917384    1.693977    1.984095    2.275489    2.145744    0.692308    1.101321    2.087286
Iteration: 701 bestvalit: 135.445000 bestmemit:    0.003688    0.062256    0.091598    0.804174    0.041133    0.206035    0.242380    0.022856    0.324802    0.456936    0.691754    2.204120    0.028297    0.009049    0.000888    6.228036    6.917384    1.693977    1.984095    2.275489    2.145744    0.692308    1.101321    2.087286
Iteration: 702 bestvalit: 135.425000 bestmemit:    0.003688    0.062256    0.091598    0.804174    0.041133    0.206035    0.242380    0.022856    0.324802    0.456936    0.691754    2.204120    0.028297    0.009049    0.000888    6.228036    6.917384    1.693977    1.984095    2.275489    2.145744    0.575388    1.101321    2.087286
Iteration: 703 bestvalit: 135.425000 bestmemit:    0.003688    0.062256    0.091598    0.804174    0.041133    0.206035    0.242380    0.022856    0.324802    0.456936    0.691754    2.204120    0.028297    0.009049    0.000888    6.228036    6.917384    1.693977    1.984095    2.275489    2.145744    0.575388    1.101321    2.087286
Iteration: 704 bestvalit: 135.395000 bestmemit:    0.003688    0.062256    0.091598    0.804174    0.041133    0.206035    0.242380    0.022856    0.324802    0.456936    0.691754    2.204120    0.028297    0.009049    0.000888    6.228036    6.917384    1.693977    1.984095    2.275489    2.145744    0.445207    1.101321    2.087286
Iteration: 705 bestvalit: 135.395000 bestmemit:    0.003688    0.062256    0.091598    0.804174    0.041133    0.206035    0.242380    0.022856    0.324802    0.456936    0.691754    2.204120    0.028297    0.009049    0.000888    6.228036    6.917384    1.693977    1.984095    2.275489    2.145744    0.445207    1.101321    2.087286
Iteration: 706 bestvalit: 135.395000 bestmemit:    0.003688    0.062256    0.091598    0.804174    0.041133    0.206035    0.242380    0.022856    0.324802    0.456936    0.691754    2.204120    0.028297    0.009049    0.000888    6.228036    6.917384    1.693977    1.984095    2.275489    2.145744    0.445207    1.101321    2.087286
Iteration: 707 bestvalit: 135.395000 bestmemit:    0.003688    0.062256    0.091598    0.804174    0.041133    0.206035    0.242380    0.022856    0.324802    0.456936    0.691754    2.204120    0.028297    0.009049    0.000888    6.228036    6.917384    1.693977    1.984095    2.275489    2.145744    0.445207    1.101321    2.087286
Iteration: 708 bestvalit: 135.395000 bestmemit:    0.003688    0.062256    0.091598    0.804174    0.041133    0.206035    0.242380    0.022856    0.324802    0.456936    0.691754    2.204120    0.028297    0.009049    0.000888    6.228036    6.917384    1.693977    1.984095    2.275489    2.145744    0.445207    1.101321    2.087286
Iteration: 709 bestvalit: 135.345000 bestmemit:    0.003688    0.062256    0.091598    0.804174    0.041133    0.206035    0.242380    0.022856    0.324802    0.456936    0.691754    2.204120    0.028297    0.009049    0.000888    6.228036    6.917384    1.693977    1.984095    2.275489    2.145744    0.172175    1.101321    2.087286
Iteration: 710 bestvalit: 135.345000 bestmemit:    0.003688    0.062256    0.091598    0.804174    0.041133    0.206035    0.242380    0.022856    0.324802    0.456936    0.691754    2.204120    0.028297    0.009049    0.000888    6.228036    6.917384    1.693977    1.984095    2.275489    2.145744    0.172175    1.101321    2.087286
Iteration: 711 bestvalit: 135.345000 bestmemit:    0.003688    0.062256    0.091598    0.804174    0.041133    0.206035    0.242380    0.022856    0.324802    0.456936    0.691754    2.204120    0.028297    0.009049    0.000888    6.228036    6.917384    1.693977    1.984095    2.275489    2.145744    0.172175    1.101321    2.087286
Iteration: 712 bestvalit: 135.345000 bestmemit:    0.003688    0.062256    0.091598    0.804174    0.041133    0.206035    0.242380    0.022856    0.324802    0.456936    0.691754    2.204120    0.028297    0.009049    0.000888    6.228036    6.917384    1.693977    1.984095    2.275489    2.145744    0.172175    1.101321    2.087286
Iteration: 713 bestvalit: 135.345000 bestmemit:    0.003688    0.062256    0.091598    0.804174    0.041133    0.206035    0.242380    0.022856    0.324802    0.456936    0.691754    2.204120    0.028297    0.009049    0.000888    6.228036    6.917384    1.693977    1.984095    2.275489    2.145744    0.172175    1.101321    2.087286
Iteration: 714 bestvalit: 135.345000 bestmemit:    0.003688    0.062256    0.091598    0.804174    0.041133    0.206035    0.242380    0.022856    0.324802    0.456936    0.691754    2.204120    0.028297    0.009049    0.000888    6.228036    6.917384    1.693977    1.984095    2.275489    2.145744    0.172175    1.101321    2.087286
Iteration: 715 bestvalit: 135.345000 bestmemit:    0.003688    0.062256    0.091598    0.804174    0.041133    0.206035    0.242380    0.022856    0.324802    0.456936    0.691754    2.204120    0.028297    0.009049    0.000888    6.228036    6.917384    1.693977    1.984095    2.275489    2.145744    0.172175    1.101321    2.087286
Iteration: 716 bestvalit: 135.190000 bestmemit:    0.003688    0.062256    0.091598    0.804174    0.041133    0.206035    0.242380    0.022856    0.324802    0.456936    0.691754    2.204120    0.028297    0.009265    0.000888    6.228036    6.917384    1.693977    1.984095    2.275489    2.145744    0.172175    1.101321    2.087286
Iteration: 717 bestvalit: 135.190000 bestmemit:    0.003688    0.062256    0.091598    0.804174    0.041133    0.206035    0.242380    0.022856    0.324802    0.456936    0.691754    2.204120    0.028297    0.009265    0.000888    6.228036    6.917384    1.693977    1.984095    2.275489    2.145744    0.172175    1.101321    2.087286
Iteration: 718 bestvalit: 135.190000 bestmemit:    0.003688    0.062256    0.091598    0.804174    0.041133    0.206035    0.242380    0.022856    0.324802    0.456936    0.691754    2.204120    0.028297    0.009265    0.000888    6.228036    6.917384    1.693977    1.984095    2.275489    2.145744    0.172175    1.101321    2.087286
Iteration: 719 bestvalit: 135.190000 bestmemit:    0.003688    0.062256    0.091598    0.804174    0.041133    0.206035    0.242380    0.022856    0.324802    0.456936    0.691754    2.204120    0.028297    0.009265    0.000888    6.228036    6.917384    1.693977    1.984095    2.275489    2.145744    0.172175    1.101321    2.087286
Iteration: 720 bestvalit: 135.190000 bestmemit:    0.003688    0.062256    0.091598    0.804174    0.041133    0.206035    0.242380    0.022856    0.324802    0.456936    0.691754    2.204120    0.028297    0.009265    0.000888    6.228036    6.917384    1.693977    1.984095    2.275489    2.145744    0.172175    1.101321    2.087286
Iteration: 721 bestvalit: 135.190000 bestmemit:    0.003688    0.062256    0.091598    0.804174    0.041133    0.206035    0.242380    0.022856    0.324802    0.456936    0.691754    2.204120    0.028297    0.009265    0.000888    6.228036    6.917384    1.693977    1.984095    2.275489    2.145744    0.172175    1.101321    2.087286
Iteration: 722 bestvalit: 135.190000 bestmemit:    0.003688    0.062256    0.091598    0.804174    0.041133    0.206035    0.242380    0.022856    0.324802    0.456936    0.691754    2.204120    0.028297    0.009265    0.000888    6.228036    6.917384    1.693977    1.984095    2.275489    2.145744    0.172175    1.101321    2.087286
Iteration: 723 bestvalit: 135.190000 bestmemit:    0.003688    0.062256    0.091598    0.804174    0.041133    0.206035    0.242380    0.022856    0.324802    0.456936    0.691754    2.204120    0.028297    0.009265    0.000888    6.228036    6.917384    1.693977    1.984095    2.275489    2.145744    0.172175    1.101321    2.087286
Iteration: 724 bestvalit: 135.190000 bestmemit:    0.003688    0.062256    0.091598    0.804174    0.041133    0.206035    0.242380    0.022856    0.324802    0.456936    0.691754    2.204120    0.028297    0.009265    0.000888    6.228036    6.917384    1.693977    1.984095    2.275489    2.145744    0.172175    1.101321    2.087286
Iteration: 725 bestvalit: 135.190000 bestmemit:    0.003688    0.062256    0.091598    0.804174    0.041133    0.206035    0.242380    0.022856    0.324802    0.456936    0.691754    2.204120    0.028297    0.009265    0.000888    6.228036    6.917384    1.693977    1.984095    2.275489    2.145744    0.172175    1.101321    2.087286
Iteration: 726 bestvalit: 135.190000 bestmemit:    0.003688    0.062256    0.091598    0.804174    0.041133    0.206035    0.242380    0.022856    0.324802    0.456936    0.691754    2.204120    0.028297    0.009265    0.000888    6.228036    6.917384    1.693977    1.984095    2.275489    2.145744    0.172175    1.101321    2.087286
Iteration: 727 bestvalit: 135.190000 bestmemit:    0.003688    0.062256    0.091598    0.804174    0.041133    0.206035    0.242380    0.022856    0.324802    0.456936    0.691754    2.204120    0.028297    0.009265    0.000888    6.228036    6.917384    1.693977    1.984095    2.275489    2.145744    0.172175    1.101321    2.087286
Iteration: 728 bestvalit: 135.190000 bestmemit:    0.003688    0.062256    0.091598    0.804174    0.041133    0.206035    0.242380    0.022856    0.324802    0.456936    0.691754    2.204120    0.028297    0.009265    0.000888    6.228036    6.917384    1.693977    1.984095    2.275489    2.145744    0.172175    1.101321    2.087286
Iteration: 729 bestvalit: 135.190000 bestmemit:    0.003688    0.062256    0.091598    0.804174    0.041133    0.206035    0.242380    0.022856    0.324802    0.456936    0.691754    2.204120    0.028297    0.009265    0.000888    6.228036    6.917384    1.693977    1.984095    2.275489    2.145744    0.172175    1.101321    2.087286
Iteration: 730 bestvalit: 131.940000 bestmemit:    0.003688    0.062256    0.091598    0.804174    0.041133    0.206035    0.242380    0.022856    0.324802    0.456936    0.691754    2.066971    0.028297    0.009265    0.000888    6.228036    6.917384    1.693977    1.984095    2.275489    2.145744    0.172175    1.101321    2.087286
Iteration: 731 bestvalit: 131.940000 bestmemit:    0.003688    0.062256    0.091598    0.804174    0.041133    0.206035    0.242380    0.022856    0.324802    0.456936    0.691754    2.066971    0.028297    0.009265    0.000888    6.228036    6.917384    1.693977    1.984095    2.275489    2.145744    0.172175    1.101321    2.087286
Iteration: 732 bestvalit: 131.925000 bestmemit:    0.003688    0.062256    0.091598    0.804174    0.041133    0.206035    0.242380    0.022856    0.324802    0.456936    0.691754    2.066971    0.028297    0.009265    0.000888    6.228036    6.917384    1.693977    1.984095    2.275489    2.145744    0.271320    1.101321    2.087286
Iteration: 733 bestvalit: 131.925000 bestmemit:    0.003688    0.062256    0.091598    0.804174    0.041133    0.206035    0.242380    0.022856    0.324802    0.456936    0.691754    2.066971    0.028297    0.009265    0.000888    6.228036    6.917384    1.693977    1.984095    2.275489    2.145744    0.271320    1.101321    2.087286
Iteration: 734 bestvalit: 131.925000 bestmemit:    0.003688    0.062256    0.091598    0.804174    0.041133    0.206035    0.242380    0.022856    0.324802    0.456936    0.691754    2.066971    0.028297    0.009265    0.000888    6.228036    6.917384    1.693977    1.984095    2.275489    2.145744    0.271320    1.101321    2.087286
Iteration: 735 bestvalit: 131.925000 bestmemit:    0.003688    0.062256    0.091598    0.804174    0.041133    0.206035    0.242380    0.022856    0.324802    0.456936    0.691754    2.066971    0.028297    0.009265    0.000888    6.228036    6.917384    1.693977    1.984095    2.275489    2.145744    0.271320    1.101321    2.087286
Iteration: 736 bestvalit: 131.925000 bestmemit:    0.003688    0.062256    0.091598    0.804174    0.041133    0.206035    0.242380    0.022856    0.324802    0.456936    0.691754    2.066971    0.028297    0.009265    0.000888    6.228036    6.917384    1.693977    1.984095    2.275489    2.145744    0.271320    1.101321    2.087286
Iteration: 737 bestvalit: 131.925000 bestmemit:    0.003688    0.062256    0.091598    0.804174    0.041133    0.206035    0.242380    0.022856    0.324802    0.456936    0.691754    2.066971    0.028297    0.009265    0.000888    6.228036    6.917384    1.693977    1.984095    2.275489    2.145744    0.271320    1.101321    2.087286
Iteration: 738 bestvalit: 131.925000 bestmemit:    0.003688    0.062256    0.091598    0.804174    0.041133    0.206035    0.242380    0.022856    0.324802    0.456936    0.691754    2.066971    0.028297    0.009265    0.000888    6.228036    6.917384    1.693977    1.984095    2.275489    2.145744    0.271320    1.101321    2.087286
Iteration: 739 bestvalit: 131.925000 bestmemit:    0.003688    0.062256    0.091598    0.804174    0.041133    0.206035    0.242380    0.022856    0.324802    0.456936    0.691754    2.066971    0.028297    0.009265    0.000888    6.228036    6.917384    1.693977    1.984095    2.275489    2.145744    0.271320    1.101321    2.087286
Iteration: 740 bestvalit: 131.925000 bestmemit:    0.003688    0.062256    0.091598    0.804174    0.041133    0.206035    0.242380    0.022856    0.324802    0.456936    0.691754    2.066971    0.028297    0.009265    0.000888    6.228036    6.917384    1.693977    1.984095    2.275489    2.145744    0.271320    1.101321    2.087286
Iteration: 741 bestvalit: 131.925000 bestmemit:    0.003688    0.062256    0.091598    0.804174    0.041133    0.206035    0.242380    0.022856    0.324802    0.456936    0.691754    2.066971    0.028297    0.009265    0.000888    6.228036    6.917384    1.693977    1.984095    2.275489    2.145744    0.271320    1.101321    2.087286
Iteration: 742 bestvalit: 131.925000 bestmemit:    0.003688    0.062256    0.091598    0.804174    0.041133    0.206035    0.242380    0.022856    0.324802    0.456936    0.691754    2.066971    0.028297    0.009265    0.000888    6.228036    6.917384    1.693977    1.984095    2.275489    2.145744    0.271320    1.101321    2.087286
Iteration: 743 bestvalit: 131.925000 bestmemit:    0.003688    0.062256    0.091598    0.804174    0.041133    0.206035    0.242380    0.022856    0.324802    0.456936    0.691754    2.066971    0.028297    0.009265    0.000888    6.228036    6.917384    1.693977    1.984095    2.275489    2.145744    0.271320    1.101321    2.087286
Iteration: 744 bestvalit: 131.925000 bestmemit:    0.003688    0.062256    0.091598    0.804174    0.041133    0.206035    0.242380    0.022856    0.324802    0.456936    0.691754    2.066971    0.028297    0.009265    0.000888    6.228036    6.917384    1.693977    1.984095    2.275489    2.145744    0.271320    1.101321    2.087286
Iteration: 745 bestvalit: 131.925000 bestmemit:    0.003688    0.062256    0.091598    0.804174    0.041133    0.206035    0.242380    0.022856    0.324802    0.456936    0.691754    2.066971    0.028297    0.009265    0.000888    6.228036    6.917384    1.693977    1.984095    2.275489    2.145744    0.271320    1.101321    2.087286
Iteration: 746 bestvalit: 131.925000 bestmemit:    0.003688    0.062256    0.091598    0.804174    0.041133    0.206035    0.242380    0.022856    0.324802    0.456936    0.691754    2.066971    0.028297    0.009265    0.000888    6.228036    6.917384    1.693977    1.984095    2.275489    2.145744    0.271320    1.101321    2.087286
Iteration: 747 bestvalit: 131.925000 bestmemit:    0.003688    0.062256    0.091598    0.804174    0.041133    0.206035    0.242380    0.022856    0.324802    0.456936    0.691754    2.066971    0.028297    0.009265    0.000888    6.228036    6.917384    1.693977    1.984095    2.275489    2.145744    0.271320    1.101321    2.087286
Iteration: 748 bestvalit: 131.925000 bestmemit:    0.003688    0.062256    0.091598    0.804174    0.041133    0.206035    0.242380    0.022856    0.324802    0.456936    0.691754    2.066971    0.028297    0.009265    0.000888    6.228036    6.917384    1.693977    1.984095    2.275489    2.145744    0.271320    1.101321    2.087286
Iteration: 749 bestvalit: 131.705000 bestmemit:    0.003688    0.062256    0.091598    0.804174    0.041133    0.206035    0.242380    0.022856    0.324802    0.456936    0.691754    2.066971    0.028297    0.009556    0.000888    6.228036    6.917384    1.693977    1.984095    2.275489    2.145744    0.271320    1.101321    2.087286
Iteration: 750 bestvalit: 131.705000 bestmemit:    0.003688    0.062256    0.091598    0.804174    0.041133    0.206035    0.242380    0.022856    0.324802    0.456936    0.691754    2.066971    0.028297    0.009556    0.000888    6.228036    6.917384    1.693977    1.984095    2.275489    2.145744    0.271320    1.101321    2.087286
Iteration: 751 bestvalit: 131.705000 bestmemit:    0.003688    0.062256    0.091598    0.804174    0.041133    0.206035    0.242380    0.022856    0.324802    0.456936    0.691754    2.066971    0.028297    0.009556    0.000888    6.228036    6.917384    1.693977    1.984095    2.275489    2.145744    0.271320    1.101321    2.087286
Iteration: 752 bestvalit: 131.705000 bestmemit:    0.003688    0.062256    0.091598    0.804174    0.041133    0.206035    0.242380    0.022856    0.324802    0.456936    0.691754    2.066971    0.028297    0.009556    0.000888    6.228036    6.917384    1.693977    1.984095    2.275489    2.145744    0.271320    1.101321    2.087286
Iteration: 753 bestvalit: 131.705000 bestmemit:    0.003688    0.062256    0.091598    0.804174    0.041133    0.206035    0.242380    0.022856    0.324802    0.456936    0.691754    2.066971    0.028297    0.009556    0.000888    6.228036    6.917384    1.693977    1.984095    2.275489    2.145744    0.271320    1.101321    2.087286
Iteration: 754 bestvalit: 131.705000 bestmemit:    0.003688    0.062256    0.091598    0.804174    0.041133    0.206035    0.242380    0.022856    0.324802    0.456936    0.691754    2.066971    0.028297    0.009556    0.000888    6.228036    6.917384    1.693977    1.984095    2.275489    2.145744    0.271320    1.101321    2.087286
Iteration: 755 bestvalit: 131.705000 bestmemit:    0.003688    0.062256    0.091598    0.804174    0.041133    0.206035    0.242380    0.022856    0.324802    0.456936    0.691754    2.066971    0.028297    0.009556    0.000888    6.228036    6.917384    1.693977    1.984095    2.275489    2.145744    0.271320    1.101321    2.087286
Iteration: 756 bestvalit: 131.705000 bestmemit:    0.003688    0.062256    0.091598    0.804174    0.041133    0.206035    0.242380    0.022856    0.324802    0.456936    0.691754    2.066971    0.028297    0.009556    0.000888    6.228036    6.917384    1.693977    1.984095    2.275489    2.145744    0.271320    1.101321    2.087286
Iteration: 757 bestvalit: 131.705000 bestmemit:    0.003688    0.062256    0.091598    0.804174    0.041133    0.206035    0.242380    0.022856    0.324802    0.456936    0.691754    2.066971    0.028297    0.009556    0.000888    6.228036    6.917384    1.693977    1.984095    2.275489    2.145744    0.271320    1.101321    2.087286
Iteration: 758 bestvalit: 131.705000 bestmemit:    0.003688    0.062256    0.091598    0.804174    0.041133    0.206035    0.242380    0.022856    0.324802    0.456936    0.691754    2.066971    0.028297    0.009556    0.000888    6.228036    6.917384    1.693977    1.984095    2.275489    2.145744    0.271320    1.101321    2.087286
Iteration: 759 bestvalit: 131.705000 bestmemit:    0.003688    0.062256    0.091598    0.804174    0.041133    0.206035    0.242380    0.022856    0.324802    0.456936    0.691754    2.066971    0.028297    0.009556    0.000888    6.228036    6.917384    1.693977    1.984095    2.275489    2.145744    0.271320    1.101321    2.087286
Iteration: 760 bestvalit: 131.705000 bestmemit:    0.003688    0.062256    0.091598    0.804174    0.041133    0.206035    0.242380    0.022856    0.324802    0.456936    0.691754    2.066971    0.028297    0.009556    0.000888    6.228036    6.917384    1.693977    1.984095    2.275489    2.145744    0.271320    1.101321    2.087286
Iteration: 761 bestvalit: 131.705000 bestmemit:    0.003688    0.062256    0.091598    0.804174    0.041133    0.206035    0.242380    0.022856    0.324802    0.456936    0.691754    2.066971    0.028297    0.009556    0.000888    6.228036    6.917384    1.693977    1.984095    2.275489    2.145744    0.271320    1.101321    2.087286
Iteration: 762 bestvalit: 131.705000 bestmemit:    0.003688    0.062256    0.091598    0.804174    0.041133    0.206035    0.242380    0.022856    0.324802    0.456936    0.691754    2.066971    0.028297    0.009556    0.000888    6.228036    6.917384    1.693977    1.984095    2.275489    2.145744    0.271320    1.101321    2.087286
Iteration: 763 bestvalit: 131.705000 bestmemit:    0.003688    0.062256    0.091598    0.804174    0.041133    0.206035    0.242380    0.022856    0.324802    0.456936    0.691754    2.066971    0.028297    0.009556    0.000888    6.228036    6.917384    1.693977    1.984095    2.275489    2.145744    0.271320    1.101321    2.087286
Iteration: 764 bestvalit: 131.705000 bestmemit:    0.003688    0.062256    0.091598    0.804174    0.041133    0.206035    0.242380    0.022856    0.324802    0.456936    0.691754    2.066971    0.028297    0.009556    0.000888    6.228036    6.917384    1.693977    1.984095    2.275489    2.145744    0.271320    1.101321    2.087286
Iteration: 765 bestvalit: 131.705000 bestmemit:    0.003688    0.062256    0.091598    0.804174    0.041133    0.206035    0.242380    0.022856    0.324802    0.456936    0.691754    2.066971    0.028297    0.009556    0.000888    6.228036    6.917384    1.693977    1.984095    2.275489    2.145744    0.271320    1.101321    2.087286
Iteration: 766 bestvalit: 131.705000 bestmemit:    0.003688    0.062256    0.091598    0.804174    0.041133    0.206035    0.242380    0.022856    0.324802    0.456936    0.691754    2.066971    0.028297    0.009556    0.000888    6.228036    6.917384    1.693977    1.984095    2.275489    2.145744    0.271320    1.101321    2.087286
Iteration: 767 bestvalit: 131.705000 bestmemit:    0.003688    0.062256    0.091598    0.804174    0.041133    0.206035    0.242380    0.022856    0.324802    0.456936    0.691754    2.066971    0.028297    0.009556    0.000888    6.228036    6.917384    1.693977    1.984095    2.275489    2.145744    0.271320    1.101321    2.087286
Iteration: 768 bestvalit: 131.705000 bestmemit:    0.003688    0.062256    0.091598    0.804174    0.041133    0.206035    0.242380    0.022856    0.324802    0.456936    0.691754    2.066971    0.028297    0.009556    0.000888    6.228036    6.917384    1.693977    1.984095    2.275489    2.145744    0.271320    1.101321    2.087286
Iteration: 769 bestvalit: 131.705000 bestmemit:    0.003688    0.062256    0.091598    0.804174    0.041133    0.206035    0.242380    0.022856    0.324802    0.456936    0.691754    2.066971    0.028297    0.009556    0.000888    6.228036    6.917384    1.693977    1.984095    2.275489    2.145744    0.271320    1.101321    2.087286
Iteration: 770 bestvalit: 131.705000 bestmemit:    0.003688    0.062256    0.091598    0.804174    0.041133    0.206035    0.242380    0.022856    0.324802    0.456936    0.691754    2.066971    0.028297    0.009556    0.000888    6.228036    6.917384    1.693977    1.984095    2.275489    2.145744    0.271320    1.101321    2.087286
Iteration: 771 bestvalit: 131.705000 bestmemit:    0.003688    0.062256    0.091598    0.804174    0.041133    0.206035    0.242380    0.022856    0.324802    0.456936    0.691754    2.066971    0.028297    0.009556    0.000888    6.228036    6.917384    1.693977    1.984095    2.275489    2.145744    0.271320    1.101321    2.087286
Iteration: 772 bestvalit: 131.705000 bestmemit:    0.003688    0.062256    0.091598    0.804174    0.041133    0.206035    0.242380    0.022856    0.324802    0.456936    0.691754    2.066971    0.028297    0.009556    0.000888    6.228036    6.917384    1.693977    1.984095    2.275489    2.145744    0.271320    1.101321    2.087286
Iteration: 773 bestvalit: 131.705000 bestmemit:    0.003688    0.062256    0.091598    0.804174    0.041133    0.206035    0.242380    0.022856    0.324802    0.456936    0.691754    2.066971    0.028297    0.009556    0.000888    6.228036    6.917384    1.693977    1.984095    2.275489    2.145744    0.271320    1.101321    2.087286
Iteration: 774 bestvalit: 131.705000 bestmemit:    0.003688    0.062256    0.091598    0.804174    0.041133    0.206035    0.242380    0.022856    0.324802    0.456936    0.691754    2.066971    0.028297    0.009556    0.000888    6.228036    6.917384    1.693977    1.984095    2.275489    2.145744    0.271320    1.101321    2.087286
Iteration: 775 bestvalit: 131.705000 bestmemit:    0.003688    0.062256    0.091598    0.804174    0.041133    0.206035    0.242380    0.022856    0.324802    0.456936    0.691754    2.066971    0.028297    0.009556    0.000888    6.228036    6.917384    1.693977    1.984095    2.275489    2.145744    0.271320    1.101321    2.087286
Iteration: 776 bestvalit: 131.705000 bestmemit:    0.003688    0.062256    0.091598    0.804174    0.041133    0.206035    0.242380    0.022856    0.324802    0.456936    0.691754    2.066971    0.028297    0.009556    0.000888    6.228036    6.917384    1.693977    1.984095    2.275489    2.145744    0.271320    1.101321    2.087286
Iteration: 777 bestvalit: 131.705000 bestmemit:    0.003688    0.062256    0.091598    0.804174    0.041133    0.206035    0.242380    0.022856    0.324802    0.456936    0.691754    2.066971    0.028297    0.009556    0.000888    6.228036    6.917384    1.693977    1.984095    2.275489    2.145744    0.271320    1.101321    2.087286
Iteration: 778 bestvalit: 131.705000 bestmemit:    0.003688    0.062256    0.091598    0.804174    0.041133    0.206035    0.242380    0.022856    0.324802    0.456936    0.691754    2.066971    0.028297    0.009556    0.000888    6.228036    6.917384    1.693977    1.984095    2.275489    2.145744    0.271320    1.101321    2.087286
Iteration: 779 bestvalit: 131.705000 bestmemit:    0.003688    0.062256    0.091598    0.804174    0.041133    0.206035    0.242380    0.022856    0.324802    0.456936    0.691754    2.066971    0.028297    0.009556    0.000888    6.228036    6.917384    1.693977    1.984095    2.275489    2.145744    0.271320    1.101321    2.087286
Iteration: 780 bestvalit: 131.705000 bestmemit:    0.003688    0.062256    0.091598    0.804174    0.041133    0.206035    0.242380    0.022856    0.324802    0.456936    0.691754    2.066971    0.028297    0.009556    0.000888    6.228036    6.917384    1.693977    1.984095    2.275489    2.145744    0.271320    1.101321    2.087286
Iteration: 781 bestvalit: 131.705000 bestmemit:    0.003688    0.062256    0.091598    0.804174    0.041133    0.206035    0.242380    0.022856    0.324802    0.456936    0.691754    2.066971    0.028297    0.009556    0.000888    6.228036    6.917384    1.693977    1.984095    2.275489    2.145744    0.271320    1.101321    2.087286
Iteration: 782 bestvalit: 131.705000 bestmemit:    0.003688    0.062256    0.091598    0.804174    0.041133    0.206035    0.242380    0.022856    0.324802    0.456936    0.691754    2.066971    0.028297    0.009556    0.000888    6.228036    6.917384    1.693977    1.984095    2.275489    2.145744    0.271320    1.101321    2.087286
Iteration: 783 bestvalit: 131.705000 bestmemit:    0.003688    0.062256    0.091598    0.804174    0.041133    0.206035    0.242380    0.022856    0.324802    0.456936    0.691754    2.066971    0.028297    0.009556    0.000888    6.228036    6.917384    1.693977    1.984095    2.275489    2.145744    0.271320    1.101321    2.087286
Iteration: 784 bestvalit: 131.705000 bestmemit:    0.003688    0.062256    0.091598    0.804174    0.041133    0.206035    0.242380    0.022856    0.324802    0.456936    0.691754    2.066971    0.028297    0.009556    0.000888    6.228036    6.917384    1.693977    1.984095    2.275489    2.145744    0.271320    1.101321    2.087286
Iteration: 785 bestvalit: 131.705000 bestmemit:    0.003688    0.062256    0.091598    0.804174    0.041133    0.206035    0.242380    0.022856    0.324802    0.456936    0.691754    2.066971    0.028297    0.009556    0.000888    6.228036    6.917384    1.693977    1.984095    2.275489    2.145744    0.271320    1.101321    2.087286
Iteration: 786 bestvalit: 131.705000 bestmemit:    0.003688    0.062256    0.091598    0.804174    0.041133    0.206035    0.242380    0.022856    0.324802    0.456936    0.691754    2.066971    0.028297    0.009556    0.000888    6.228036    6.917384    1.693977    1.984095    2.275489    2.145744    0.271320    1.101321    2.087286
Iteration: 787 bestvalit: 131.705000 bestmemit:    0.003688    0.062256    0.091598    0.804174    0.041133    0.206035    0.242380    0.022856    0.324802    0.456936    0.691754    2.066971    0.028297    0.009556    0.000888    6.228036    6.917384    1.693977    1.984095    2.275489    2.145744    0.271320    1.101321    2.087286
Iteration: 788 bestvalit: 131.705000 bestmemit:    0.003688    0.062256    0.091598    0.804174    0.041133    0.206035    0.242380    0.022856    0.324802    0.456936    0.691754    2.066971    0.028297    0.009556    0.000888    6.228036    6.917384    1.693977    1.984095    2.275489    2.145744    0.271320    1.101321    2.087286
Iteration: 789 bestvalit: 131.705000 bestmemit:    0.003688    0.062256    0.091598    0.804174    0.041133    0.206035    0.242380    0.022856    0.324802    0.456936    0.691754    2.066971    0.028297    0.009556    0.000888    6.228036    6.917384    1.693977    1.984095    2.275489    2.145744    0.271320    1.101321    2.087286
Iteration: 790 bestvalit: 131.705000 bestmemit:    0.003688    0.062256    0.091598    0.804174    0.041133    0.206035    0.242380    0.022856    0.324802    0.456936    0.691754    2.066971    0.028297    0.009556    0.000888    6.228036    6.917384    1.693977    1.984095    2.275489    2.145744    0.271320    1.101321    2.087286
Iteration: 791 bestvalit: 131.705000 bestmemit:    0.003688    0.062256    0.091598    0.804174    0.041133    0.206035    0.242380    0.022856    0.324802    0.456936    0.691754    2.066971    0.028297    0.009556    0.000888    6.228036    6.917384    1.693977    1.984095    2.275489    2.145744    0.271320    1.101321    2.087286
Iteration: 792 bestvalit: 131.705000 bestmemit:    0.003688    0.062256    0.091598    0.804174    0.041133    0.206035    0.242380    0.022856    0.324802    0.456936    0.691754    2.066971    0.028297    0.009556    0.000888    6.228036    6.917384    1.693977    1.984095    2.275489    2.145744    0.271320    1.101321    2.087286
Iteration: 793 bestvalit: 131.705000 bestmemit:    0.003688    0.062256    0.091598    0.804174    0.041133    0.206035    0.242380    0.022856    0.324802    0.456936    0.691754    2.066971    0.028297    0.009556    0.000888    6.228036    6.917384    1.693977    1.984095    2.275489    2.145744    0.271320    1.101321    2.087286
Iteration: 794 bestvalit: 131.705000 bestmemit:    0.003688    0.062256    0.091598    0.804174    0.041133    0.206035    0.242380    0.022856    0.324802    0.456936    0.691754    2.066971    0.028297    0.009556    0.000888    6.228036    6.917384    1.693977    1.984095    2.275489    2.145744    0.271320    1.101321    2.087286
Iteration: 795 bestvalit: 131.705000 bestmemit:    0.003688    0.062256    0.091598    0.804174    0.041133    0.206035    0.242380    0.022856    0.324802    0.456936    0.691754    2.066971    0.028297    0.009556    0.000888    6.228036    6.917384    1.693977    1.984095    2.275489    2.145744    0.271320    1.101321    2.087286
Iteration: 796 bestvalit: 131.705000 bestmemit:    0.003688    0.062256    0.091598    0.804174    0.041133    0.206035    0.242380    0.022856    0.324802    0.456936    0.691754    2.066971    0.028297    0.009556    0.000888    6.228036    6.917384    1.693977    1.984095    2.275489    2.145744    0.271320    1.101321    2.087286
Iteration: 797 bestvalit: 131.705000 bestmemit:    0.003688    0.062256    0.091598    0.804174    0.041133    0.206035    0.242380    0.022856    0.324802    0.456936    0.691754    2.066971    0.028297    0.009556    0.000888    6.228036    6.917384    1.693977    1.984095    2.275489    2.145744    0.271320    1.101321    2.087286
Iteration: 798 bestvalit: 131.705000 bestmemit:    0.003688    0.062256    0.091598    0.804174    0.041133    0.206035    0.242380    0.022856    0.324802    0.456936    0.691754    2.066971    0.028297    0.009556    0.000888    6.228036    6.917384    1.693977    1.984095    2.275489    2.145744    0.271320    1.101321    2.087286
Iteration: 799 bestvalit: 131.705000 bestmemit:    0.003688    0.062256    0.091598    0.804174    0.041133    0.206035    0.242380    0.022856    0.324802    0.456936    0.691754    2.066971    0.028297    0.009556    0.000888    6.228036    6.917384    1.693977    1.984095    2.275489    2.145744    0.271320    1.101321    2.087286
Iteration: 800 bestvalit: 131.705000 bestmemit:    0.003688    0.062256    0.091598    0.804174    0.041133    0.206035    0.242380    0.022856    0.324802    0.456936    0.691754    2.066971    0.028297    0.009556    0.000888    6.228036    6.917384    1.693977    1.984095    2.275489    2.145744    0.271320    1.101321    2.087286
Iteration: 801 bestvalit: 131.705000 bestmemit:    0.003688    0.062256    0.091598    0.804174    0.041133    0.206035    0.242380    0.022856    0.324802    0.456936    0.691754    2.066971    0.028297    0.009556    0.000888    6.228036    6.917384    1.693977    1.984095    2.275489    2.145744    0.271320    1.101321    2.087286
Iteration: 802 bestvalit: 131.705000 bestmemit:    0.003688    0.062256    0.091598    0.804174    0.041133    0.206035    0.242380    0.022856    0.324802    0.456936    0.691754    2.066971    0.028297    0.009556    0.000888    6.228036    6.917384    1.693977    1.984095    2.275489    2.145744    0.271320    1.101321    2.087286
Iteration: 803 bestvalit: 131.705000 bestmemit:    0.003688    0.062256    0.091598    0.804174    0.041133    0.206035    0.242380    0.022856    0.324802    0.456936    0.691754    2.066971    0.028297    0.009556    0.000888    6.228036    6.917384    1.693977    1.984095    2.275489    2.145744    0.271320    1.101321    2.087286
Iteration: 804 bestvalit: 131.705000 bestmemit:    0.003688    0.062256    0.091598    0.804174    0.041133    0.206035    0.242380    0.022856    0.324802    0.456936    0.691754    2.066971    0.028297    0.009556    0.000888    6.228036    6.917384    1.693977    1.984095    2.275489    2.145744    0.271320    1.101321    2.087286
Iteration: 805 bestvalit: 131.705000 bestmemit:    0.003688    0.062256    0.091598    0.804174    0.041133    0.206035    0.242380    0.022856    0.324802    0.456936    0.691754    2.066971    0.028297    0.009556    0.000888    6.228036    6.917384    1.693977    1.984095    2.275489    2.145744    0.271320    1.101321    2.087286
Iteration: 806 bestvalit: 131.705000 bestmemit:    0.003688    0.062256    0.091598    0.804174    0.041133    0.206035    0.242380    0.022856    0.324802    0.456936    0.691754    2.066971    0.028297    0.009556    0.000888    6.228036    6.917384    1.693977    1.984095    2.275489    2.145744    0.271320    1.101321    2.087286
Iteration: 807 bestvalit: 131.705000 bestmemit:    0.003688    0.062256    0.091598    0.804174    0.041133    0.206035    0.242380    0.022856    0.324802    0.456936    0.691754    2.066971    0.028297    0.009556    0.000888    6.228036    6.917384    1.693977    1.984095    2.275489    2.145744    0.271320    1.101321    2.087286
Iteration: 808 bestvalit: 131.665000 bestmemit:    0.003688    0.062256    0.091598    0.804174    0.041133    0.206035    0.242380    0.022856    0.324802    0.456936    0.691754    2.066971    0.028297    0.009556    0.000888    6.228036    6.917384    1.693977    1.984095    2.275489    2.145744    0.746157    1.101321    2.087286
Iteration: 809 bestvalit: 131.665000 bestmemit:    0.003688    0.062256    0.091598    0.804174    0.041133    0.206035    0.242380    0.022856    0.324802    0.456936    0.691754    2.066971    0.028297    0.009556    0.000888    6.228036    6.917384    1.693977    1.984095    2.275489    2.145744    0.746157    1.101321    2.087286
Iteration: 810 bestvalit: 131.665000 bestmemit:    0.003688    0.062256    0.091598    0.804174    0.041133    0.206035    0.242380    0.022856    0.324802    0.456936    0.691754    2.066971    0.028297    0.009556    0.000888    6.228036    6.917384    1.693977    1.984095    2.275489    2.145744    0.746157    1.101321    2.087286
Iteration: 811 bestvalit: 131.665000 bestmemit:    0.003688    0.062256    0.091598    0.804174    0.041133    0.206035    0.242380    0.022856    0.324802    0.456936    0.691754    2.066971    0.028297    0.009556    0.000888    6.228036    6.917384    1.693977    1.984095    2.275489    2.145744    0.746157    1.101321    2.087286
Iteration: 812 bestvalit: 131.635000 bestmemit:    0.003688    0.062256    0.091598    0.804174    0.041133    0.206035    0.242380    0.020839    0.324802    0.456936    0.691754    2.066971    0.028297    0.009556    0.000888    6.228036    6.917384    1.693977    1.984095    2.275489    2.145744    0.746157    1.101321    2.087286
Iteration: 813 bestvalit: 131.635000 bestmemit:    0.003688    0.062256    0.091598    0.804174    0.041133    0.206035    0.242380    0.020839    0.324802    0.456936    0.691754    2.066971    0.028297    0.009556    0.000888    6.228036    6.917384    1.693977    1.984095    2.275489    2.145744    0.746157    1.101321    2.087286
Iteration: 814 bestvalit: 131.635000 bestmemit:    0.003688    0.062256    0.091598    0.804174    0.041133    0.206035    0.242380    0.020839    0.324802    0.456936    0.691754    2.066971    0.028297    0.009556    0.000888    6.228036    6.917384    1.693977    1.984095    2.275489    2.145744    0.746157    1.101321    2.087286
Iteration: 815 bestvalit: 131.635000 bestmemit:    0.003688    0.062256    0.091598    0.804174    0.041133    0.206035    0.242380    0.020839    0.324802    0.456936    0.691754    2.066971    0.028297    0.009556    0.000888    6.228036    6.917384    1.693977    1.984095    2.275489    2.145744    0.746157    1.101321    2.087286
Iteration: 816 bestvalit: 131.635000 bestmemit:    0.003688    0.062256    0.091598    0.804174    0.041133    0.206035    0.242380    0.020839    0.324802    0.456936    0.691754    2.066971    0.028297    0.009556    0.000888    6.228036    6.917384    1.693977    1.984095    2.275489    2.145744    0.746157    1.101321    2.087286
Iteration: 817 bestvalit: 131.635000 bestmemit:    0.003688    0.062256    0.091598    0.804174    0.041133    0.206035    0.242380    0.020839    0.324802    0.456936    0.691754    2.066971    0.028297    0.009556    0.000888    6.228036    6.917384    1.693977    1.984095    2.275489    2.145744    0.746157    1.101321    2.087286
Iteration: 818 bestvalit: 131.635000 bestmemit:    0.003688    0.062256    0.091598    0.804174    0.041133    0.206035    0.242380    0.020839    0.324802    0.456936    0.691754    2.066971    0.028297    0.009556    0.000888    6.228036    6.917384    1.693977    1.984095    2.275489    2.145744    0.746157    1.101321    2.087286
Iteration: 819 bestvalit: 131.635000 bestmemit:    0.003688    0.062256    0.091598    0.804174    0.041133    0.206035    0.242380    0.020839    0.324802    0.456936    0.691754    2.066971    0.028297    0.009556    0.000888    6.228036    6.917384    1.693977    1.984095    2.275489    2.145744    0.746157    1.101321    2.087286
Iteration: 820 bestvalit: 131.635000 bestmemit:    0.003688    0.062256    0.091598    0.804174    0.041133    0.206035    0.242380    0.020839    0.324802    0.456936    0.691754    2.066971    0.028297    0.009556    0.000888    6.228036    6.917384    1.693977    1.984095    2.275489    2.145744    0.746157    1.101321    2.087286
Iteration: 821 bestvalit: 131.635000 bestmemit:    0.003688    0.062256    0.091598    0.804174    0.041133    0.206035    0.242380    0.020839    0.324802    0.456936    0.691754    2.066971    0.028297    0.009556    0.000888    6.228036    6.917384    1.693977    1.984095    2.275489    2.145744    0.746157    1.101321    2.087286
Iteration: 822 bestvalit: 131.635000 bestmemit:    0.003688    0.062256    0.091598    0.804174    0.041133    0.206035    0.242380    0.020839    0.324802    0.456936    0.691754    2.066971    0.028297    0.009556    0.000888    6.228036    6.917384    1.693977    1.984095    2.275489    2.145744    0.746157    1.101321    2.087286
Iteration: 823 bestvalit: 131.635000 bestmemit:    0.003688    0.062256    0.091598    0.804174    0.041133    0.206035    0.242380    0.020839    0.324802    0.456936    0.691754    2.066971    0.028297    0.009556    0.000888    6.228036    6.917384    1.693977    1.984095    2.275489    2.145744    0.746157    1.101321    2.087286
Iteration: 824 bestvalit: 131.635000 bestmemit:    0.003688    0.062256    0.091598    0.804174    0.041133    0.206035    0.242380    0.020839    0.324802    0.456936    0.691754    2.066971    0.028297    0.009556    0.000888    6.228036    6.917384    1.693977    1.984095    2.275489    2.145744    0.746157    1.101321    2.087286
Iteration: 825 bestvalit: 131.635000 bestmemit:    0.003688    0.062256    0.091598    0.811220    0.041133    0.206035    0.242380    0.020839    0.324802    0.456936    0.691754    2.066971    0.028297    0.009556    0.000888    6.228036    6.917384    1.693977    1.984095    2.275489    2.145744    0.746157    1.101321    2.087286
Iteration: 826 bestvalit: 131.635000 bestmemit:    0.003688    0.062256    0.091598    0.811220    0.041133    0.206035    0.242380    0.020839    0.324802    0.456936    0.691754    2.066971    0.028297    0.009556    0.000888    6.228036    6.917384    1.693977    1.984095    2.275489    2.145744    0.746157    1.101321    2.087286
Iteration: 827 bestvalit: 131.635000 bestmemit:    0.003688    0.062256    0.091598    0.811220    0.041133    0.206035    0.242380    0.020839    0.324802    0.456936    0.691754    2.066971    0.028297    0.009556    0.000888    6.228036    6.917384    1.693977    1.984095    2.275489    2.145744    0.746157    1.101321    2.087286
Iteration: 828 bestvalit: 131.635000 bestmemit:    0.003688    0.062256    0.091598    0.811220    0.041133    0.206035    0.242380    0.020839    0.324802    0.456936    0.691754    2.066971    0.028297    0.009556    0.000888    6.228036    6.917384    1.693977    1.984095    2.275489    2.145744    0.746157    1.101321    2.087286
Iteration: 829 bestvalit: 131.635000 bestmemit:    0.003688    0.062256    0.091598    0.811220    0.041133    0.206035    0.242380    0.020839    0.324802    0.456936    0.691754    2.066971    0.028297    0.009556    0.000888    6.228036    6.917384    1.693977    1.984095    2.275489    2.145744    0.746157    1.101321    2.087286
Iteration: 830 bestvalit: 131.635000 bestmemit:    0.003688    0.062256    0.091598    0.811220    0.041133    0.206035    0.242380    0.020839    0.324802    0.456936    0.691754    2.066971    0.028297    0.009556    0.000888    6.228036    6.917384    1.693977    1.984095    2.275489    2.145744    0.746157    1.101321    2.087286
Iteration: 831 bestvalit: 131.635000 bestmemit:    0.003688    0.062256    0.091598    0.811220    0.041133    0.206035    0.242380    0.020839    0.324802    0.456936    0.691754    2.066971    0.028297    0.009556    0.000888    6.228036    6.917384    1.693977    1.984095    2.275489    2.145744    0.746157    1.101321    2.087286
Iteration: 832 bestvalit: 131.635000 bestmemit:    0.003688    0.062256    0.091598    0.811220    0.041133    0.206035    0.242380    0.020839    0.324802    0.456936    0.691754    2.066971    0.028297    0.009556    0.000888    6.228036    6.917384    1.693977    1.984095    2.275489    2.145744    0.746157    1.101321    2.087286
Iteration: 833 bestvalit: 131.635000 bestmemit:    0.003688    0.062256    0.091598    0.811220    0.041133    0.206035    0.242380    0.020839    0.324802    0.456936    0.691754    2.066971    0.028297    0.009556    0.000888    6.228036    6.917384    1.693977    1.984095    2.275489    2.145744    0.746157    1.101321    2.087286
Iteration: 834 bestvalit: 131.635000 bestmemit:    0.003688    0.062256    0.091598    0.811220    0.041133    0.206035    0.242380    0.020839    0.324802    0.456936    0.691754    2.066971    0.028297    0.009556    0.000888    6.228036    6.917384    1.693977    1.984095    2.275489    2.145744    0.746157    1.101321    2.087286
Iteration: 835 bestvalit: 131.635000 bestmemit:    0.003688    0.062256    0.091598    0.811220    0.041133    0.206035    0.242380    0.020839    0.324802    0.456936    0.691754    2.066971    0.028297    0.009556    0.000888    6.228036    6.917384    1.693977    1.984095    2.275489    2.145744    0.746157    1.101321    2.087286
Iteration: 836 bestvalit: 131.635000 bestmemit:    0.003688    0.062256    0.091598    0.811220    0.041133    0.206035    0.242380    0.020839    0.324802    0.456936    0.691754    2.066971    0.028297    0.009556    0.000888    6.228036    6.917384    1.693977    1.984095    2.275489    2.145744    0.746157    1.101321    2.087286
Iteration: 837 bestvalit: 131.635000 bestmemit:    0.003688    0.062256    0.091598    0.811220    0.041133    0.206035    0.242380    0.020839    0.324802    0.456936    0.691754    2.066971    0.028297    0.009556    0.000888    6.228036    6.917384    1.693977    1.984095    2.275489    2.145744    0.746157    1.101321    2.087286
Iteration: 838 bestvalit: 131.635000 bestmemit:    0.003688    0.062256    0.091598    0.811220    0.041133    0.206035    0.242380    0.020839    0.324802    0.456936    0.691754    2.066971    0.028297    0.009556    0.000888    6.228036    6.917384    1.693977    1.984095    2.275489    2.145744    0.746157    1.101321    2.087286
Iteration: 839 bestvalit: 131.635000 bestmemit:    0.003688    0.062256    0.091598    0.811220    0.041133    0.206035    0.242380    0.020839    0.324802    0.456936    0.691754    2.066971    0.028297    0.009556    0.000888    6.228036    6.917384    1.693977    1.984095    2.275489    2.145744    0.746157    1.101321    2.087286
Iteration: 840 bestvalit: 131.635000 bestmemit:    0.003688    0.062256    0.091598    0.811220    0.041133    0.206035    0.242380    0.020839    0.324802    0.456936    0.691754    2.066971    0.028297    0.009556    0.000888    6.228036    6.917384    1.693977    1.984095    2.275489    2.145744    0.746157    1.101321    2.087286
Iteration: 841 bestvalit: 131.635000 bestmemit:    0.003688    0.062256    0.091598    0.811220    0.041133    0.206035    0.242380    0.020839    0.324802    0.456936    0.691754    2.066971    0.028297    0.009556    0.000888    6.228036    6.917384    1.693977    1.984095    2.275489    2.145744    0.746157    1.101321    2.087286
Iteration: 842 bestvalit: 131.635000 bestmemit:    0.003688    0.062256    0.091598    0.811220    0.041133    0.206035    0.242380    0.020839    0.324802    0.456936    0.691754    2.066971    0.028297    0.009556    0.000888    6.228036    6.917384    1.693977    1.984095    2.275489    2.145744    0.746157    1.101321    2.087286
Iteration: 843 bestvalit: 131.635000 bestmemit:    0.003688    0.062256    0.091598    0.811220    0.041133    0.206035    0.242380    0.020839    0.324802    0.456936    0.691754    2.066971    0.028297    0.009556    0.000888    6.228036    6.917384    1.693977    1.984095    2.275489    2.145744    0.746157    1.101321    2.087286
Iteration: 844 bestvalit: 131.550000 bestmemit:    0.003688    0.062256    0.091598    0.811220    0.041133    0.206035    0.242380    0.020839    0.324802    0.456936    0.691754    2.066971    0.028297    0.009556    0.000888    6.228036    6.917384    1.693977    1.984095    2.275489    2.145744    0.746157    1.103412    2.087286
Iteration: 845 bestvalit: 131.550000 bestmemit:    0.003688    0.062256    0.091598    0.811220    0.041133    0.206035    0.242380    0.020839    0.324802    0.456936    0.691754    2.066971    0.028297    0.009556    0.000888    6.228036    6.917384    1.693977    1.984095    2.275489    2.145744    0.746157    1.103412    2.087286
Iteration: 846 bestvalit: 131.550000 bestmemit:    0.003688    0.062256    0.091598    0.811220    0.041133    0.206035    0.242380    0.020839    0.324802    0.456936    0.691754    2.066971    0.028297    0.009556    0.000888    6.228036    6.917384    1.693977    1.984095    2.275489    2.145744    0.746157    1.103412    2.087286
Iteration: 847 bestvalit: 131.550000 bestmemit:    0.003688    0.062256    0.091598    0.811220    0.041133    0.206035    0.242380    0.020839    0.324802    0.456936    0.691754    2.066971    0.028297    0.009556    0.000888    6.228036    6.917384    1.693977    1.984095    2.275489    2.145744    0.746157    1.103412    2.087286
Iteration: 848 bestvalit: 131.550000 bestmemit:    0.003688    0.062256    0.091598    0.811220    0.041133    0.206035    0.242380    0.020839    0.324802    0.456936    0.691754    2.066971    0.028297    0.009556    0.000888    6.228036    6.917384    1.693977    1.984095    2.275489    2.145744    0.746157    1.103412    2.087286
Iteration: 849 bestvalit: 130.725000 bestmemit:    0.003688    0.062256    0.091598    0.811220    0.041133    0.206035    0.242380    0.020839    0.324802    0.456936    0.691754    2.066971    0.028297    0.009556    0.000888    6.228036    6.917384    1.693977    1.984095    2.251693    2.145744    0.746157    1.103412    2.087286
Iteration: 850 bestvalit: 130.725000 bestmemit:    0.003688    0.062256    0.091598    0.811220    0.041133    0.206035    0.242380    0.020839    0.324802    0.456936    0.691754    2.066971    0.028297    0.009556    0.000888    6.228036    6.917384    1.693977    1.984095    2.251693    2.145744    0.746157    1.103412    2.087286
Iteration: 851 bestvalit: 130.725000 bestmemit:    0.003688    0.062256    0.091598    0.811220    0.041133    0.206035    0.242380    0.020839    0.324802    0.456936    0.691754    2.066971    0.028297    0.009556    0.000888    6.228036    6.917384    1.693977    1.984095    2.251693    2.145744    0.746157    1.103412    2.087286
Iteration: 852 bestvalit: 130.725000 bestmemit:    0.003688    0.062256    0.091598    0.811220    0.041133    0.206035    0.242380    0.020839    0.324802    0.456936    0.691754    2.066971    0.028297    0.009556    0.000888    6.228036    6.917384    1.693977    1.984095    2.251693    2.145744    0.746157    1.103412    2.087286
Iteration: 853 bestvalit: 130.725000 bestmemit:    0.003688    0.062256    0.091598    0.811220    0.041133    0.206035    0.242380    0.020839    0.324802    0.456936    0.691754    2.066971    0.028297    0.009556    0.000888    6.228036    6.917384    1.693977    1.984095    2.251693    2.145744    0.746157    1.103412    2.087286
Iteration: 854 bestvalit: 130.725000 bestmemit:    0.003688    0.062256    0.091598    0.811220    0.041133    0.206035    0.242380    0.020839    0.324802    0.456936    0.691754    2.066971    0.028297    0.009556    0.000888    6.228036    6.917384    1.693977    1.984095    2.251693    2.145744    0.746157    1.103412    2.087286
Iteration: 855 bestvalit: 130.725000 bestmemit:    0.003688    0.062256    0.091598    0.811220    0.041133    0.206035    0.242380    0.020839    0.324802    0.456936    0.691754    2.066971    0.028297    0.009556    0.000888    6.228036    6.917384    1.693977    1.984095    2.251693    2.145744    0.746157    1.103412    2.087286
Iteration: 856 bestvalit: 130.725000 bestmemit:    0.003688    0.062256    0.091598    0.811220    0.041133    0.206035    0.242380    0.020839    0.324802    0.456936    0.691754    2.066971    0.028297    0.009556    0.000888    6.228036    6.917384    1.693977    1.984095    2.251693    2.145744    0.746157    1.103412    2.087286
Iteration: 857 bestvalit: 130.725000 bestmemit:    0.003688    0.062256    0.091598    0.811220    0.041133    0.206035    0.242380    0.020839    0.324802    0.456936    0.691754    2.066971    0.028297    0.009556    0.000888    6.228036    6.917384    1.693977    1.984095    2.251693    2.145744    0.746157    1.103412    2.087286
Iteration: 858 bestvalit: 130.725000 bestmemit:    0.003688    0.062256    0.091598    0.811220    0.041133    0.206035    0.242380    0.020839    0.324802    0.456936    0.691754    2.066971    0.028297    0.009556    0.000888    6.228036    6.917384    1.693977    1.984095    2.251693    2.145744    0.746157    1.103412    2.087286
Iteration: 859 bestvalit: 130.725000 bestmemit:    0.003688    0.062256    0.091598    0.811220    0.041133    0.206035    0.242380    0.020839    0.324802    0.456936    0.691754    2.066971    0.028297    0.009556    0.000888    6.228036    6.917384    1.693977    1.984095    2.251693    2.145744    0.746157    1.103412    2.087286
Iteration: 860 bestvalit: 130.725000 bestmemit:    0.003688    0.062256    0.091598    0.811220    0.041133    0.206035    0.242380    0.020839    0.324802    0.456936    0.691754    2.066971    0.028297    0.009556    0.000888    6.228036    6.917384    1.693977    1.984095    2.251693    2.145744    0.746157    1.103412    2.087286
Iteration: 861 bestvalit: 130.725000 bestmemit:    0.003688    0.062256    0.091598    0.811220    0.041133    0.206035    0.242380    0.020839    0.324802    0.456936    0.691754    2.066971    0.028297    0.009556    0.000888    6.228036    6.917384    1.693977    1.984095    2.251693    2.145744    0.746157    1.103412    2.087286
Iteration: 862 bestvalit: 130.725000 bestmemit:    0.003688    0.062256    0.091598    0.811220    0.041133    0.206035    0.242380    0.020839    0.324802    0.456936    0.691754    2.066971    0.028297    0.009556    0.000888    6.228036    6.917384    1.693977    1.984095    2.251693    2.145744    0.746157    1.103412    2.087286
Iteration: 863 bestvalit: 130.725000 bestmemit:    0.003688    0.062256    0.091598    0.811220    0.041133    0.206035    0.242380    0.020839    0.324802    0.456936    0.691754    2.066971    0.028297    0.009556    0.000888    6.228036    6.917384    1.693977    1.984095    2.251693    2.145744    0.746157    1.103412    2.087286
Iteration: 864 bestvalit: 130.725000 bestmemit:    0.003688    0.062256    0.091598    0.811220    0.041133    0.206035    0.242380    0.020839    0.324802    0.456936    0.691754    2.066971    0.028297    0.009556    0.000888    6.228036    6.917384    1.693977    1.984095    2.251693    2.145744    0.746157    1.103412    2.087286
Iteration: 865 bestvalit: 130.725000 bestmemit:    0.003688    0.062256    0.091598    0.811220    0.041133    0.206035    0.242380    0.020839    0.324802    0.456936    0.691754    2.066971    0.028297    0.009556    0.000888    6.228036    6.917384    1.693977    1.984095    2.251693    2.145744    0.746157    1.103412    2.087286
Iteration: 866 bestvalit: 130.700000 bestmemit:    0.003688    0.062256    0.091598    0.811220    0.041133    0.206035    0.242380    0.020839    0.324802    0.456936    0.691754    2.066971    0.028297    0.009556    0.000888    6.228036    6.917384    1.693977    1.984095    2.251693    2.145744    0.918423    1.103412    2.087286
Iteration: 867 bestvalit: 130.700000 bestmemit:    0.003688    0.062256    0.091598    0.811220    0.041133    0.206035    0.242380    0.020839    0.324802    0.456936    0.691754    2.066971    0.028297    0.009556    0.000888    6.228036    6.917384    1.693977    1.984095    2.251693    2.145744    0.918423    1.103412    2.087286
Iteration: 868 bestvalit: 130.700000 bestmemit:    0.003688    0.062256    0.091598    0.811220    0.041133    0.206035    0.242380    0.020839    0.324802    0.456936    0.691754    2.066971    0.028297    0.009556    0.000888    6.228036    6.917384    1.693977    1.984095    2.251693    2.145744    0.918423    1.103412    2.087286
Iteration: 869 bestvalit: 130.700000 bestmemit:    0.003688    0.062256    0.091598    0.811220    0.041133    0.206035    0.242380    0.020839    0.324802    0.456936    0.691754    2.066971    0.028297    0.009556    0.000888    6.228036    6.917384    1.693977    1.984095    2.251693    2.145744    0.918423    1.103412    2.087286
Iteration: 870 bestvalit: 130.690000 bestmemit:    0.003688    0.062256    0.091598    0.811220    0.041133    0.206035    0.242380    0.020839    0.324802    0.456936    0.691754    2.066971    0.028297    0.009556    0.000888    6.228036    6.913688    1.693977    1.984095    2.251693    2.145744    0.918423    1.103412    2.087286
Iteration: 871 bestvalit: 130.690000 bestmemit:    0.003688    0.062256    0.091598    0.811220    0.041133    0.206035    0.242380    0.020839    0.324802    0.456936    0.691754    2.066971    0.028297    0.009556    0.000888    6.228036    6.913688    1.693977    1.984095    2.251693    2.145744    0.918423    1.103412    2.087286
Iteration: 872 bestvalit: 130.690000 bestmemit:    0.003688    0.062256    0.091598    0.811220    0.041133    0.206035    0.242380    0.020839    0.324802    0.456936    0.691754    2.066971    0.028297    0.009556    0.000888    6.228036    6.913688    1.693977    1.984095    2.251693    2.145744    0.918423    1.103412    2.087286
Iteration: 873 bestvalit: 129.970000 bestmemit:    0.003688    0.062256    0.091598    0.811220    0.041133    0.206035    0.242380    0.020839    0.324802    0.456936    0.691754    2.066971    0.028297    0.009556    0.000888    6.228036    6.913688    1.693977    1.984095    2.251693    2.145744    0.918423    1.103412    2.066321
Iteration: 874 bestvalit: 129.970000 bestmemit:    0.003688    0.062256    0.091598    0.811220    0.041133    0.206035    0.242380    0.020839    0.324802    0.456936    0.691754    2.066971    0.028297    0.009556    0.000888    6.228036    6.913688    1.693977    1.984095    2.251693    2.145744    0.918423    1.103412    2.066321
Iteration: 875 bestvalit: 129.970000 bestmemit:    0.003688    0.062256    0.091598    0.811220    0.041133    0.206035    0.242380    0.020839    0.324802    0.456936    0.691754    2.066971    0.028297    0.009556    0.000888    6.228036    6.913688    1.693977    1.984095    2.251693    2.145744    0.918423    1.103412    2.066321
Iteration: 876 bestvalit: 129.970000 bestmemit:    0.003688    0.062256    0.091598    0.811220    0.041133    0.206035    0.242380    0.020839    0.324802    0.456936    0.691754    2.066971    0.028297    0.009556    0.000888    6.228036    6.913688    1.693977    1.984095    2.251693    2.145744    0.918423    1.103412    2.066321
Iteration: 877 bestvalit: 129.970000 bestmemit:    0.003688    0.062256    0.091598    0.811220    0.041133    0.206035    0.242380    0.020839    0.324802    0.456936    0.691754    2.066971    0.028297    0.009556    0.000888    6.228036    6.913688    1.693977    1.984095    2.251693    2.145744    0.918423    1.103412    2.066321
Iteration: 878 bestvalit: 129.970000 bestmemit:    0.003688    0.062256    0.091598    0.811220    0.041133    0.206035    0.242380    0.020839    0.324802    0.456936    0.691754    2.066971    0.028297    0.009556    0.000888    6.228036    6.913688    1.693977    1.984095    2.251693    2.145744    0.918423    1.103412    2.066321
Iteration: 879 bestvalit: 129.970000 bestmemit:    0.003688    0.062256    0.091598    0.811220    0.041133    0.206035    0.242380    0.020839    0.324802    0.456936    0.691754    2.066971    0.028297    0.009556    0.000888    6.228036    6.913688    1.693977    1.984095    2.251693    2.145744    0.918423    1.103412    2.066321
Iteration: 880 bestvalit: 129.970000 bestmemit:    0.003688    0.062256    0.091598    0.811220    0.041133    0.206035    0.242380    0.020839    0.324802    0.456936    0.691754    2.066971    0.028297    0.009556    0.000888    6.228036    6.913688    1.693977    1.984095    2.251693    2.145744    0.918423    1.103412    2.066321
Iteration: 881 bestvalit: 129.970000 bestmemit:    0.003688    0.062256    0.091598    0.811220    0.041133    0.206035    0.242380    0.020839    0.324802    0.456936    0.691754    2.066971    0.028297    0.009556    0.000888    6.228036    6.913688    1.693977    1.984095    2.251693    2.145744    0.918423    1.103412    2.066321
Iteration: 882 bestvalit: 129.970000 bestmemit:    0.003688    0.062256    0.091598    0.811220    0.041133    0.206035    0.242380    0.020839    0.324802    0.456936    0.691754    2.066971    0.028297    0.009556    0.000888    6.228036    6.913688    1.693977    1.984095    2.251693    2.145744    0.918423    1.103412    2.066321
Iteration: 883 bestvalit: 129.970000 bestmemit:    0.003688    0.062256    0.091598    0.811220    0.041133    0.206035    0.242380    0.020839    0.324802    0.456936    0.691754    2.066971    0.028297    0.009556    0.000888    6.228036    6.913688    1.693977    1.984095    2.251693    2.145744    0.918423    1.103412    2.066321
Iteration: 884 bestvalit: 129.970000 bestmemit:    0.003688    0.062256    0.091598    0.811220    0.041133    0.206035    0.242380    0.020839    0.324802    0.456936    0.691754    2.066971    0.028297    0.009556    0.000888    6.228036    6.913688    1.693977    1.984095    2.251693    2.145744    0.918423    1.103412    2.066321
Iteration: 885 bestvalit: 129.970000 bestmemit:    0.003688    0.062256    0.091598    0.811220    0.041133    0.206035    0.242380    0.020839    0.324802    0.456936    0.691754    2.066971    0.028297    0.009556    0.000888    6.228036    6.913688    1.693977    1.984095    2.251693    2.145744    0.918423    1.103412    2.066321
Iteration: 886 bestvalit: 129.970000 bestmemit:    0.003688    0.062256    0.091598    0.811220    0.041133    0.206035    0.242380    0.020839    0.324802    0.456936    0.691754    2.066971    0.028297    0.009556    0.000888    6.228036    6.913688    1.693977    1.984095    2.251693    2.145744    0.918423    1.103412    2.066321
Iteration: 887 bestvalit: 129.970000 bestmemit:    0.003688    0.062256    0.091598    0.811220    0.041133    0.206035    0.242380    0.020839    0.324802    0.456936    0.691754    2.066971    0.028297    0.009556    0.000888    6.228036    6.913688    1.693977    1.984095    2.251693    2.145744    0.918423    1.103412    2.066321
Iteration: 888 bestvalit: 129.970000 bestmemit:    0.003688    0.062256    0.091598    0.811220    0.041133    0.206035    0.242380    0.020839    0.324802    0.456936    0.691754    2.066971    0.028297    0.009556    0.000888    6.228036    6.913688    1.693977    1.984095    2.251693    2.145744    0.918423    1.103412    2.066321
Iteration: 889 bestvalit: 129.970000 bestmemit:    0.003688    0.062256    0.091598    0.811220    0.041133    0.206035    0.242380    0.020839    0.324802    0.456936    0.691754    2.066971    0.028297    0.009556    0.000888    6.228036    6.913688    1.693977    1.984095    2.251693    2.145744    0.918423    1.103412    2.066321
Iteration: 890 bestvalit: 129.970000 bestmemit:    0.003688    0.062256    0.091598    0.811220    0.041133    0.206035    0.242380    0.020839    0.324802    0.456936    0.691754    2.066971    0.028297    0.009556    0.000888    6.228036    6.913688    1.693977    1.984095    2.251693    2.145744    0.918423    1.103412    2.066321
Iteration: 891 bestvalit: 129.970000 bestmemit:    0.003688    0.062256    0.091598    0.811220    0.041133    0.206035    0.242380    0.020839    0.324802    0.456936    0.691754    2.066971    0.028297    0.009556    0.000888    6.228036    6.913688    1.693977    1.984095    2.251693    2.145744    0.918423    1.103412    2.066321
Iteration: 892 bestvalit: 129.970000 bestmemit:    0.003688    0.062256    0.091598    0.811220    0.041133    0.206035    0.242380    0.020839    0.324802    0.456936    0.691754    2.066971    0.028297    0.009556    0.000888    6.228036    6.913688    1.693977    1.984095    2.251693    2.145744    0.918423    1.103412    2.066321
Iteration: 893 bestvalit: 129.970000 bestmemit:    0.003688    0.062256    0.091598    0.811220    0.041133    0.206035    0.242380    0.020839    0.324802    0.456936    0.691754    2.066971    0.028297    0.009556    0.000888    6.228036    6.913688    1.693977    1.984095    2.251693    2.145744    0.918423    1.103412    2.066321
Iteration: 894 bestvalit: 129.970000 bestmemit:    0.003688    0.062256    0.091598    0.811220    0.041133    0.206035    0.242380    0.020839    0.324802    0.456936    0.691754    2.066971    0.028297    0.009556    0.000888    6.228036    6.913688    1.693977    1.984095    2.251693    2.145744    0.918423    1.103412    2.066321
Iteration: 895 bestvalit: 129.970000 bestmemit:    0.003688    0.062256    0.091598    0.811220    0.041133    0.206035    0.242380    0.020839    0.324802    0.456936    0.691754    2.066971    0.028297    0.009556    0.000888    6.228036    6.913688    1.693977    1.984095    2.251693    2.145744    0.918423    1.103412    2.066321
Iteration: 896 bestvalit: 129.970000 bestmemit:    0.003688    0.062256    0.091598    0.811220    0.041133    0.206035    0.242380    0.020839    0.324802    0.456936    0.691754    2.066971    0.028297    0.009556    0.000888    6.228036    6.913688    1.693977    1.984095    2.251693    2.145744    0.918423    1.103412    2.066321
Iteration: 897 bestvalit: 129.970000 bestmemit:    0.003688    0.062256    0.091598    0.811220    0.041133    0.206035    0.242380    0.020839    0.324802    0.456936    0.691754    2.066971    0.028297    0.009556    0.000888    6.228036    6.913688    1.693977    1.984095    2.251693    2.145744    0.918423    1.103412    2.066321
Iteration: 898 bestvalit: 129.970000 bestmemit:    0.003688    0.062256    0.091598    0.811220    0.041133    0.206035    0.242380    0.020839    0.324802    0.456936    0.691754    2.066971    0.028297    0.009556    0.000888    6.228036    6.913688    1.693977    1.984095    2.251693    2.145744    0.918423    1.103412    2.066321
Iteration: 899 bestvalit: 129.970000 bestmemit:    0.003688    0.062256    0.091598    0.811220    0.041133    0.206035    0.242380    0.020839    0.324802    0.456936    0.691754    2.066971    0.028297    0.009556    0.000888    6.228036    6.913688    1.693977    1.984095    2.251693    2.145744    0.918423    1.103412    2.066321
Iteration: 900 bestvalit: 129.970000 bestmemit:    0.003688    0.062256    0.091598    0.811220    0.041133    0.206035    0.242380    0.020839    0.324802    0.456936    0.691754    2.066971    0.028297    0.009556    0.000888    6.228036    6.913688    1.693977    1.984095    2.251693    2.145744    0.918423    1.103412    2.066321
Iteration: 901 bestvalit: 129.965000 bestmemit:    0.003688    0.062256    0.091598    0.811220    0.041133    0.206035    0.242380    0.020839    0.324802    0.456936    0.691754    2.066971    0.028297    0.009556    0.000888    6.228036    6.913688    1.693977    1.984095    2.251693    2.145744    0.935705    1.103412    2.066321
Iteration: 902 bestvalit: 129.965000 bestmemit:    0.003688    0.062256    0.091598    0.811220    0.041133    0.206035    0.242380    0.020839    0.324802    0.456936    0.691754    2.066971    0.028297    0.009556    0.000888    6.228036    6.913688    1.693977    1.984095    2.251693    2.145744    0.935705    1.103412    2.066321
Iteration: 903 bestvalit: 129.965000 bestmemit:    0.003688    0.062256    0.091598    0.811220    0.041133    0.206035    0.242380    0.020839    0.324802    0.456936    0.691754    2.066971    0.028297    0.009556    0.000888    6.228036    6.913688    1.693977    1.984095    2.251693    2.145744    0.935705    1.103412    2.066321
Iteration: 904 bestvalit: 129.965000 bestmemit:    0.003688    0.062256    0.091598    0.811220    0.041133    0.206035    0.242380    0.020839    0.324802    0.456936    0.691754    2.066971    0.028297    0.009556    0.000888    6.228036    6.913688    1.693977    1.984095    2.251693    2.145744    0.935705    1.103412    2.066321
Iteration: 905 bestvalit: 129.965000 bestmemit:    0.003688    0.062256    0.091598    0.811220    0.041133    0.206035    0.242380    0.020839    0.324802    0.456936    0.691754    2.066971    0.028297    0.009556    0.000888    6.228036    6.913688    1.693977    1.984095    2.251693    2.145744    0.935705    1.103412    2.066321
Iteration: 906 bestvalit: 129.965000 bestmemit:    0.003688    0.062256    0.091598    0.811220    0.041133    0.206035    0.242380    0.020839    0.324802    0.456936    0.691754    2.066971    0.028297    0.009556    0.000888    6.228036    6.913688    1.693977    1.984095    2.251693    2.145744    0.935705    1.103412    2.066321
Iteration: 907 bestvalit: 129.965000 bestmemit:    0.003688    0.062256    0.091598    0.811220    0.041133    0.206035    0.242380    0.020839    0.324802    0.456936    0.691754    2.066971    0.028297    0.009556    0.000888    6.228036    6.913688    1.693977    1.984095    2.251693    2.145744    0.935705    1.103412    2.066321
Iteration: 908 bestvalit: 129.965000 bestmemit:    0.003688    0.062256    0.091598    0.811220    0.041133    0.206035    0.242380    0.020839    0.324802    0.456936    0.691754    2.066971    0.028297    0.009556    0.000888    6.228036    6.913688    1.693977    1.984095    2.251693    2.145744    0.935705    1.103412    2.066321
Iteration: 909 bestvalit: 129.965000 bestmemit:    0.003688    0.062256    0.091598    0.811220    0.041133    0.206035    0.242380    0.020839    0.324802    0.456936    0.691754    2.066971    0.028297    0.009556    0.000888    6.228036    6.913688    1.693977    1.984095    2.251693    2.145744    0.935705    1.103412    2.066321
Iteration: 910 bestvalit: 129.965000 bestmemit:    0.003688    0.062256    0.091598    0.811220    0.041133    0.206035    0.242380    0.020839    0.324802    0.456936    0.691754    2.066971    0.028297    0.009556    0.000888    6.228036    6.913688    1.693977    1.984095    2.251693    2.145744    0.935705    1.103412    2.066321
Iteration: 911 bestvalit: 129.965000 bestmemit:    0.003688    0.062256    0.091598    0.811220    0.041133    0.206035    0.242380    0.020839    0.324802    0.456936    0.691754    2.066971    0.028297    0.009556    0.000888    6.228036    6.913688    1.693977    1.984095    2.251693    2.145744    0.935705    1.103412    2.066321
Iteration: 912 bestvalit: 129.965000 bestmemit:    0.003688    0.062256    0.091598    0.811220    0.041133    0.206035    0.242380    0.020839    0.324802    0.456936    0.691754    2.066971    0.028297    0.009556    0.000888    6.228036    6.913688    1.693977    1.984095    2.251693    2.145744    0.935705    1.103412    2.066321
Iteration: 913 bestvalit: 129.965000 bestmemit:    0.003688    0.062256    0.091598    0.811220    0.041133    0.206035    0.242380    0.020839    0.324802    0.456936    0.691754    2.066971    0.028297    0.009556    0.000888    6.228036    6.913688    1.693977    1.984095    2.251693    2.145744    0.935705    1.103412    2.066321
Iteration: 914 bestvalit: 129.965000 bestmemit:    0.003688    0.062256    0.091598    0.811220    0.041133    0.206035    0.242380    0.020839    0.324802    0.456936    0.691754    2.066971    0.028297    0.009556    0.000888    6.228036    6.913688    1.693977    1.984095    2.251693    2.145744    0.935705    1.103412    2.066321
Iteration: 915 bestvalit: 129.965000 bestmemit:    0.003688    0.062256    0.091598    0.811220    0.041133    0.206035    0.242380    0.020839    0.324802    0.456936    0.691754    2.066971    0.028297    0.009556    0.000888    6.228036    6.913688    1.693977    1.984095    2.251693    2.145744    0.935705    1.103412    2.066321
Iteration: 916 bestvalit: 129.965000 bestmemit:    0.003688    0.062256    0.091598    0.811220    0.041133    0.206035    0.242380    0.020839    0.324802    0.456936    0.691754    2.066971    0.028297    0.009556    0.000888    6.228036    6.913688    1.693977    1.984095    2.251693    2.145744    0.935705    1.103412    2.066321
Iteration: 917 bestvalit: 129.965000 bestmemit:    0.003688    0.062256    0.091598    0.811220    0.041133    0.206035    0.242380    0.020839    0.324802    0.456936    0.691754    2.066971    0.028297    0.009556    0.000888    6.228036    6.913688    1.693977    1.984095    2.251693    2.145744    0.935705    1.103412    2.066321
Iteration: 918 bestvalit: 129.965000 bestmemit:    0.003688    0.062256    0.091598    0.811220    0.041133    0.206035    0.242380    0.020839    0.324802    0.456936    0.691754    2.066971    0.028297    0.009556    0.000888    6.228036    6.913688    1.693977    1.984095    2.251693    2.145744    0.935705    1.103412    2.066321
Iteration: 919 bestvalit: 129.965000 bestmemit:    0.003688    0.062256    0.091598    0.811220    0.041133    0.206035    0.242380    0.020839    0.324802    0.456936    0.691754    2.066971    0.028297    0.009556    0.000888    6.228036    6.913688    1.693977    1.984095    2.251693    2.145744    0.935705    1.103412    2.066321
Iteration: 920 bestvalit: 129.965000 bestmemit:    0.003688    0.062256    0.091598    0.811220    0.041133    0.206035    0.242380    0.020839    0.324802    0.456936    0.691754    2.066971    0.028297    0.009556    0.000888    6.228036    6.913688    1.693977    1.984095    2.251693    2.145744    0.935705    1.103412    2.066321
Iteration: 921 bestvalit: 129.965000 bestmemit:    0.003688    0.062256    0.091598    0.811220    0.041133    0.206035    0.242380    0.020839    0.324802    0.456936    0.691754    2.066971    0.028297    0.009556    0.000888    6.228036    6.913688    1.693977    1.984095    2.251693    2.145744    0.935705    1.103412    2.066321
Iteration: 922 bestvalit: 129.965000 bestmemit:    0.003688    0.062256    0.091598    0.811220    0.041133    0.206035    0.242380    0.020839    0.324802    0.456936    0.691754    2.066971    0.028297    0.009556    0.000888    6.228036    6.913688    1.693977    1.984095    2.251693    2.145744    0.935705    1.103412    2.066321
Iteration: 923 bestvalit: 129.965000 bestmemit:    0.003688    0.062256    0.091598    0.811220    0.041133    0.206035    0.242380    0.020839    0.324802    0.456936    0.691754    2.066971    0.028297    0.009556    0.000888    6.228036    6.913688    1.693977    1.984095    2.251693    2.145744    0.935705    1.103412    2.066321
Iteration: 924 bestvalit: 129.965000 bestmemit:    0.003688    0.062256    0.091598    0.811220    0.041133    0.206035    0.242380    0.020839    0.324802    0.456936    0.691754    2.066971    0.028297    0.009556    0.000888    6.228036    6.913688    1.693977    1.984095    2.251693    2.145744    0.935705    1.103412    2.066321
Iteration: 925 bestvalit: 129.965000 bestmemit:    0.003688    0.062256    0.091598    0.811220    0.041133    0.206035    0.242380    0.020839    0.324802    0.456936    0.691754    2.066971    0.028297    0.009556    0.000888    6.228036    6.913688    1.693977    1.984095    2.251693    2.145744    0.935705    1.103412    2.066321
Iteration: 926 bestvalit: 129.965000 bestmemit:    0.003688    0.062256    0.091598    0.811220    0.041133    0.206035    0.242380    0.020839    0.324802    0.456936    0.691754    2.066971    0.028297    0.009556    0.000888    6.228036    6.913688    1.693977    1.984095    2.251693    2.145744    0.935705    1.103412    2.066321
Iteration: 927 bestvalit: 129.965000 bestmemit:    0.003688    0.062256    0.091598    0.811220    0.041133    0.206035    0.242380    0.020839    0.324802    0.456936    0.691754    2.066971    0.028297    0.009556    0.000888    6.228036    6.913688    1.693977    1.984095    2.251693    2.145744    0.935705    1.103412    2.066321
Iteration: 928 bestvalit: 129.965000 bestmemit:    0.003688    0.062256    0.091598    0.811220    0.041133    0.206035    0.242380    0.020839    0.324802    0.456936    0.691754    2.066971    0.028297    0.009556    0.000888    6.228036    6.913688    1.693977    1.984095    2.251693    2.145744    0.935705    1.103412    2.066321
Iteration: 929 bestvalit: 129.965000 bestmemit:    0.003688    0.062256    0.091598    0.811220    0.041133    0.206035    0.242380    0.020839    0.324802    0.456936    0.691754    2.066971    0.028297    0.009556    0.000888    6.228036    6.913688    1.693977    1.984095    2.251693    2.145744    0.935705    1.103412    2.066321
Iteration: 930 bestvalit: 129.965000 bestmemit:    0.003688    0.062256    0.091598    0.811220    0.041133    0.206035    0.242380    0.020839    0.324802    0.456936    0.691754    2.066971    0.028297    0.009556    0.000888    6.228036    6.913688    1.693977    1.984095    2.251693    2.145744    0.935705    1.103412    2.066321
Iteration: 931 bestvalit: 129.965000 bestmemit:    0.003688    0.062256    0.091598    0.811220    0.041133    0.206035    0.242380    0.020839    0.324802    0.456936    0.691754    2.066971    0.028297    0.009556    0.000888    6.228036    6.913688    1.693977    1.984095    2.251693    2.145744    0.935705    1.103412    2.066321
Iteration: 932 bestvalit: 129.965000 bestmemit:    0.003688    0.062256    0.091598    0.811220    0.041133    0.206035    0.242380    0.020839    0.324802    0.456936    0.691754    2.066971    0.028297    0.009556    0.000888    6.228036    6.913688    1.693977    1.984095    2.251693    2.145744    0.935705    1.103412    2.066321
Iteration: 933 bestvalit: 129.965000 bestmemit:    0.003688    0.062256    0.091598    0.811220    0.041133    0.206035    0.242380    0.020839    0.324802    0.456936    0.691754    2.066971    0.028297    0.009556    0.000888    6.228036    6.913688    1.693977    1.984095    2.251693    2.145744    0.935705    1.103412    2.066321
Iteration: 934 bestvalit: 129.965000 bestmemit:    0.003688    0.062256    0.091598    0.811220    0.041133    0.206035    0.242380    0.020839    0.324802    0.456936    0.691754    2.066971    0.028297    0.009556    0.000888    6.228036    6.913688    1.693977    1.984095    2.251693    2.145744    0.935705    1.103412    2.066321
Iteration: 935 bestvalit: 129.965000 bestmemit:    0.003688    0.062256    0.091598    0.811220    0.041133    0.206035    0.242380    0.020839    0.324802    0.456936    0.691754    2.066971    0.028297    0.009556    0.000888    6.228036    6.913688    1.693977    1.984095    2.251693    2.145744    0.935705    1.103412    2.066321
Iteration: 936 bestvalit: 129.965000 bestmemit:    0.003688    0.062256    0.091598    0.811220    0.041133    0.206035    0.242380    0.020839    0.324802    0.456936    0.691754    2.066971    0.028297    0.009556    0.000888    6.228036    6.913688    1.693977    1.984095    2.251693    2.145744    0.935705    1.103412    2.066321
Iteration: 937 bestvalit: 129.965000 bestmemit:    0.003688    0.062256    0.091598    0.811220    0.041133    0.206035    0.242380    0.020839    0.324802    0.456936    0.691754    2.066971    0.028297    0.009556    0.000888    6.228036    6.913688    1.693977    1.984095    2.251693    2.145744    0.935705    1.103412    2.066321
Iteration: 938 bestvalit: 129.965000 bestmemit:    0.003688    0.062256    0.091598    0.811220    0.041133    0.206035    0.242380    0.020839    0.324802    0.456936    0.691754    2.066971    0.028297    0.009556    0.000888    6.228036    6.913688    1.693977    1.984095    2.251693    2.145744    0.935705    1.103412    2.066321
Iteration: 939 bestvalit: 129.965000 bestmemit:    0.003688    0.062256    0.091598    0.811220    0.041133    0.206035    0.242380    0.020839    0.324802    0.456936    0.691754    2.066971    0.028297    0.009556    0.000888    6.228036    6.913688    1.693977    1.984095    2.251693    2.145744    0.935705    1.103412    2.066321
Iteration: 940 bestvalit: 129.965000 bestmemit:    0.003688    0.062256    0.091598    0.811220    0.041133    0.206035    0.242380    0.020839    0.324802    0.456936    0.691754    2.066971    0.028297    0.009556    0.000888    6.228036    6.913688    1.693977    1.984095    2.251693    2.145744    0.935705    1.103412    2.066321
Iteration: 941 bestvalit: 129.480000 bestmemit:    0.003688    0.062256    0.091598    0.811220    0.041133    0.206035    0.242380    0.020839    0.324802    0.456936    0.691754    2.066971    0.028297    0.009556    0.000888    6.228036    6.232210    1.680755    1.984095    2.251693    2.145744    0.935705    1.103412    2.066321
Iteration: 942 bestvalit: 129.480000 bestmemit:    0.003688    0.062256    0.091598    0.811220    0.041133    0.206035    0.242380    0.020839    0.324802    0.456936    0.691754    2.066971    0.028297    0.009556    0.000888    6.228036    6.232210    1.680755    1.984095    2.251693    2.145744    0.935705    1.103412    2.066321
Iteration: 943 bestvalit: 129.480000 bestmemit:    0.003688    0.062256    0.091598    0.811220    0.041133    0.206035    0.242380    0.020839    0.324802    0.456936    0.691754    2.066971    0.028297    0.009556    0.000888    6.228036    6.232210    1.680755    1.984095    2.251693    2.145744    0.935705    1.103412    2.066321
Iteration: 944 bestvalit: 129.480000 bestmemit:    0.003688    0.062256    0.091598    0.811220    0.041133    0.206035    0.242380    0.020839    0.324802    0.456936    0.691754    2.066971    0.028297    0.009556    0.000888    6.228036    6.232210    1.680755    1.984095    2.251693    2.145744    0.935705    1.103412    2.066321
Iteration: 945 bestvalit: 129.480000 bestmemit:    0.003688    0.062256    0.091598    0.811220    0.041133    0.206035    0.242380    0.020839    0.324802    0.456936    0.691754    2.066971    0.028297    0.009556    0.000888    6.228036    6.232210    1.680755    1.984095    2.251693    2.145744    0.935705    1.103412    2.066321
Iteration: 946 bestvalit: 129.480000 bestmemit:    0.003688    0.062256    0.091598    0.811220    0.041133    0.206035    0.242380    0.020839    0.324802    0.456936    0.691754    2.066971    0.028297    0.009556    0.000888    6.228036    6.232210    1.680755    1.984095    2.251693    2.145744    0.935705    1.103412    2.066321
Iteration: 947 bestvalit: 129.480000 bestmemit:    0.003688    0.062256    0.091598    0.811220    0.041133    0.206035    0.242380    0.020839    0.324802    0.456936    0.691754    2.066971    0.028297    0.009556    0.000888    6.228036    6.232210    1.680755    1.984095    2.251693    2.145744    0.935705    1.103412    2.066321
Iteration: 948 bestvalit: 129.480000 bestmemit:    0.003688    0.062256    0.091598    0.811220    0.041133    0.206035    0.242380    0.020839    0.324802    0.456936    0.691754    2.066971    0.028297    0.009556    0.000888    6.228036    6.232210    1.680755    1.984095    2.251693    2.145744    0.935705    1.103412    2.066321
Iteration: 949 bestvalit: 129.480000 bestmemit:    0.003688    0.062256    0.091598    0.811220    0.041133    0.206035    0.242380    0.020839    0.324802    0.456936    0.691754    2.066971    0.028297    0.009556    0.000888    6.228036    6.232210    1.680755    1.984095    2.251693    2.145744    0.935705    1.103412    2.066321
Iteration: 950 bestvalit: 129.480000 bestmemit:    0.003688    0.062256    0.091598    0.811220    0.041133    0.206035    0.242380    0.020839    0.324802    0.456936    0.691754    2.066971    0.028297    0.009556    0.000888    6.228036    6.232210    1.680755    1.984095    2.251693    2.145744    0.935705    1.103412    2.066321
Iteration: 951 bestvalit: 129.470000 bestmemit:    0.003688    0.062256    0.091598    0.861344    0.041133    0.206035    0.242380    0.020839    0.324802    0.456936    0.691754    2.066971    0.028297    0.009556    0.000888    6.228036    6.232210    1.680755    1.984095    2.251693    2.145744    0.935705    1.103412    2.066321
Iteration: 952 bestvalit: 129.230000 bestmemit:    0.003688    0.062256    0.091598    0.861344    0.041133    0.206035    0.242380    0.020839    0.324802    0.456936    0.691754    2.066971    0.028297    0.009556    0.000888    6.228036    6.485915    1.680755    1.984095    2.251693    2.145744    0.935705    1.103412    2.066321
Iteration: 953 bestvalit: 129.230000 bestmemit:    0.003688    0.062256    0.091598    0.861344    0.041133    0.206035    0.242380    0.020839    0.324802    0.456936    0.691754    2.066971    0.028297    0.009556    0.000888    6.228036    6.485915    1.680755    1.984095    2.251693    2.145744    0.935705    1.103412    2.066321
Iteration: 954 bestvalit: 129.230000 bestmemit:    0.003688    0.062256    0.091598    0.861344    0.041133    0.206035    0.242380    0.020839    0.324802    0.456936    0.691754    2.066971    0.028297    0.009556    0.000888    6.228036    6.485915    1.680755    1.984095    2.251693    2.145744    0.935705    1.103412    2.066321
Iteration: 955 bestvalit: 129.230000 bestmemit:    0.003688    0.062256    0.091598    0.861344    0.041133    0.206035    0.242380    0.020839    0.324802    0.456936    0.691754    2.066971    0.028297    0.009556    0.000888    6.228036    6.485915    1.680755    1.984095    2.251693    2.145744    0.935705    1.103412    2.066321
Iteration: 956 bestvalit: 129.230000 bestmemit:    0.003688    0.062256    0.091598    0.861344    0.041133    0.206035    0.242380    0.020839    0.324802    0.456936    0.691754    2.066971    0.028297    0.009556    0.000888    6.228036    6.485915    1.680755    1.984095    2.251693    2.145744    0.935705    1.103412    2.066321
Iteration: 957 bestvalit: 129.230000 bestmemit:    0.003688    0.062256    0.091598    0.861344    0.041133    0.206035    0.242380    0.020839    0.324802    0.456936    0.691754    2.066971    0.028297    0.009556    0.000888    6.228036    6.485915    1.680755    1.984095    2.251693    2.145744    0.935705    1.103412    2.066321
Iteration: 958 bestvalit: 129.230000 bestmemit:    0.003688    0.062256    0.091598    0.861344    0.041133    0.206035    0.242380    0.020839    0.324802    0.456936    0.691754    2.066971    0.028297    0.009556    0.000888    6.228036    6.485915    1.680755    1.984095    2.251693    2.145744    0.935705    1.103412    2.066321
Iteration: 959 bestvalit: 129.230000 bestmemit:    0.003688    0.062256    0.091598    0.861344    0.041133    0.206035    0.242380    0.020839    0.324802    0.456936    0.691754    2.066971    0.028297    0.009556    0.000888    6.228036    6.485915    1.680755    1.984095    2.251693    2.145744    0.935705    1.103412    2.066321
Iteration: 960 bestvalit: 129.230000 bestmemit:    0.003688    0.062256    0.091598    0.861344    0.041133    0.206035    0.242380    0.020839    0.324802    0.456936    0.691754    2.066971    0.028297    0.009556    0.000888    6.228036    6.485915    1.680755    1.984095    2.251693    2.145744    0.935705    1.103412    2.066321
Iteration: 961 bestvalit: 129.230000 bestmemit:    0.003688    0.062256    0.091598    0.861344    0.041133    0.206035    0.242380    0.020839    0.324802    0.456936    0.691754    2.066971    0.028297    0.009556    0.000888    6.228036    6.485915    1.680755    1.984095    2.251693    2.145744    0.935705    1.103412    2.066321
Iteration: 962 bestvalit: 129.230000 bestmemit:    0.003688    0.062256    0.091598    0.861344    0.041133    0.206035    0.242380    0.020839    0.324802    0.456936    0.691754    2.066971    0.028297    0.009556    0.000888    6.228036    6.485915    1.680755    1.984095    2.251693    2.145744    0.935705    1.103412    2.066321
Iteration: 963 bestvalit: 129.230000 bestmemit:    0.003688    0.062256    0.091598    0.861344    0.041133    0.206035    0.242380    0.020839    0.324802    0.456936    0.691754    2.066971    0.028297    0.009556    0.000888    6.228036    6.485915    1.680755    1.984095    2.251693    2.145744    0.935705    1.103412    2.066321
Iteration: 964 bestvalit: 129.230000 bestmemit:    0.003688    0.062256    0.091598    0.861344    0.041133    0.206035    0.242380    0.020839    0.324802    0.456936    0.691754    2.066971    0.028297    0.009556    0.000888    6.228036    6.485915    1.680755    1.984095    2.251693    2.145744    0.935705    1.103412    2.066321
Iteration: 965 bestvalit: 129.230000 bestmemit:    0.003688    0.062256    0.091598    0.861344    0.041133    0.206035    0.242380    0.020839    0.324802    0.456936    0.691754    2.066971    0.028297    0.009556    0.000888    6.228036    6.485915    1.680755    1.984095    2.251693    2.145744    0.935705    1.103412    2.066321
Iteration: 966 bestvalit: 129.230000 bestmemit:    0.003688    0.062256    0.091598    0.861344    0.041133    0.206035    0.242380    0.020839    0.324802    0.456936    0.691754    2.066971    0.028297    0.009556    0.000888    6.228036    6.485915    1.680755    1.984095    2.251693    2.145744    0.935705    1.103412    2.066321
Iteration: 967 bestvalit: 129.230000 bestmemit:    0.003688    0.062256    0.091598    0.861344    0.041133    0.206035    0.242380    0.020839    0.324802    0.456936    0.691754    2.066971    0.028297    0.009556    0.000888    6.228036    6.485915    1.680755    1.984095    2.251693    2.145744    0.935705    1.103412    2.066321
Iteration: 968 bestvalit: 129.095000 bestmemit:    0.003688    0.062256    0.091598    0.861344    0.041133    0.206035    0.242380    0.020839    0.324802    0.456936    0.691754    2.066971    0.028297    0.009556    0.000888    6.228036    6.485915    1.516166    1.984095    2.251693    2.145744    0.935705    1.103412    2.066321
Iteration: 969 bestvalit: 129.095000 bestmemit:    0.003688    0.062256    0.091598    0.861344    0.041133    0.206035    0.242380    0.020839    0.324802    0.456936    0.691754    2.066971    0.028297    0.009556    0.000888    6.228036    6.485915    1.516166    1.984095    2.251693    2.145744    0.935705    1.103412    2.066321
Iteration: 970 bestvalit: 129.095000 bestmemit:    0.003688    0.062256    0.091598    0.861344    0.041133    0.206035    0.242380    0.020839    0.324802    0.456936    0.691754    2.066971    0.028297    0.009556    0.000888    6.228036    6.485915    1.516166    1.984095    2.251693    2.145744    0.935705    1.103412    2.066321
Iteration: 971 bestvalit: 129.095000 bestmemit:    0.003688    0.062256    0.091598    0.861344    0.041133    0.206035    0.242380    0.020839    0.324802    0.456936    0.691754    2.066971    0.028297    0.009556    0.000888    6.228036    6.485915    1.516166    1.984095    2.251693    2.145744    0.935705    1.103412    2.066321
Iteration: 972 bestvalit: 129.095000 bestmemit:    0.003688    0.062256    0.091598    0.861344    0.041133    0.206035    0.242380    0.020839    0.324802    0.456936    0.691754    2.066971    0.028297    0.009556    0.000888    6.228036    6.485915    1.516166    1.984095    2.251693    2.145744    0.935705    1.103412    2.066321
Iteration: 973 bestvalit: 129.095000 bestmemit:    0.003688    0.062256    0.091598    0.861344    0.041133    0.206035    0.242380    0.020839    0.324802    0.456936    0.691754    2.066971    0.028297    0.009556    0.000888    6.228036    6.485915    1.516166    1.984095    2.251693    2.145744    0.935705    1.103412    2.066321
Iteration: 974 bestvalit: 129.095000 bestmemit:    0.003688    0.062256    0.091598    0.861344    0.041133    0.206035    0.242380    0.020839    0.324802    0.456936    0.691754    2.066971    0.028297    0.009556    0.000888    6.228036    6.485915    1.516166    1.984095    2.251693    2.145744    0.935705    1.103412    2.066321
Iteration: 975 bestvalit: 129.095000 bestmemit:    0.003688    0.062256    0.091598    0.861344    0.041133    0.206035    0.242380    0.020839    0.324802    0.456936    0.691754    2.066971    0.028297    0.009556    0.000888    6.228036    6.485915    1.516166    1.984095    2.251693    2.145744    0.935705    1.103412    2.066321
Iteration: 976 bestvalit: 129.095000 bestmemit:    0.003688    0.062256    0.091598    0.861344    0.041133    0.206035    0.242380    0.020839    0.324802    0.456936    0.691754    2.066971    0.028297    0.009556    0.000888    6.228036    6.485915    1.516166    1.984095    2.251693    2.145744    0.935705    1.103412    2.066321
Iteration: 977 bestvalit: 129.095000 bestmemit:    0.003688    0.062256    0.091598    0.861344    0.041133    0.206035    0.242380    0.020839    0.324802    0.456936    0.691754    2.066971    0.028297    0.009556    0.000888    6.228036    6.485915    1.516166    1.984095    2.251693    2.145744    0.935705    1.103412    2.066321
Iteration: 978 bestvalit: 129.095000 bestmemit:    0.003688    0.062256    0.091598    0.861344    0.041133    0.206035    0.242380    0.020839    0.324802    0.456936    0.691754    2.066971    0.028297    0.009556    0.000888    6.228036    6.485915    1.516166    1.984095    2.251693    2.145744    0.935705    1.103412    2.066321
Iteration: 979 bestvalit: 129.095000 bestmemit:    0.003688    0.062256    0.091598    0.861344    0.041133    0.206035    0.242380    0.020839    0.324802    0.456936    0.691754    2.066971    0.028297    0.009556    0.000888    6.228036    6.485915    1.516166    1.984095    2.251693    2.145744    0.935705    1.103412    2.066321
Iteration: 980 bestvalit: 129.095000 bestmemit:    0.003688    0.062256    0.091598    0.861344    0.041133    0.206035    0.242380    0.020839    0.324802    0.456936    0.691754    2.066971    0.028297    0.009556    0.000888    6.228036    6.485915    1.516166    1.984095    2.251693    2.145744    0.935705    1.103412    2.066321
Iteration: 981 bestvalit: 129.095000 bestmemit:    0.003688    0.062256    0.091598    0.861344    0.041133    0.206035    0.242380    0.020839    0.324802    0.456936    0.691754    2.066971    0.028297    0.009556    0.000888    6.228036    6.485915    1.516166    1.984095    2.251693    2.145744    0.935705    1.103412    2.066321
Iteration: 982 bestvalit: 129.095000 bestmemit:    0.003688    0.062256    0.091598    0.861344    0.041133    0.206035    0.242380    0.020839    0.324802    0.456936    0.691754    2.066971    0.028297    0.009556    0.000888    6.228036    6.485915    1.516166    1.984095    2.251693    2.145744    0.935705    1.103412    2.066321
Iteration: 983 bestvalit: 129.095000 bestmemit:    0.003688    0.062256    0.091598    0.861344    0.041133    0.206035    0.242380    0.020839    0.324802    0.456936    0.691754    2.066971    0.028297    0.009556    0.000888    6.228036    6.485915    1.516166    1.984095    2.251693    2.145744    0.935705    1.103412    2.066321
Iteration: 984 bestvalit: 129.095000 bestmemit:    0.003688    0.062256    0.091598    0.861344    0.041133    0.206035    0.242380    0.020839    0.324802    0.456936    0.691754    2.066971    0.028297    0.009556    0.000888    6.228036    6.485915    1.516166    1.984095    2.251693    2.145744    0.935705    1.103412    2.066321
Iteration: 985 bestvalit: 129.095000 bestmemit:    0.003688    0.062256    0.091598    0.861344    0.041133    0.206035    0.242380    0.020839    0.324802    0.456936    0.691754    2.066971    0.028297    0.009556    0.000888    6.228036    6.485915    1.516166    1.984095    2.251693    2.145744    0.935705    1.103412    2.066321
Iteration: 986 bestvalit: 129.095000 bestmemit:    0.003688    0.062256    0.091598    0.861344    0.041133    0.206035    0.242380    0.020839    0.324802    0.456936    0.691754    2.066971    0.028297    0.009556    0.000888    6.228036    6.485915    1.516166    1.984095    2.251693    2.145744    0.935705    1.103412    2.066321
Iteration: 987 bestvalit: 129.095000 bestmemit:    0.003688    0.062256    0.091598    0.861344    0.041133    0.206035    0.242380    0.020839    0.324802    0.456936    0.691754    2.066971    0.028297    0.009556    0.000888    6.228036    6.485915    1.516166    1.984095    2.251693    2.145744    0.935705    1.103412    2.066321
Iteration: 988 bestvalit: 129.095000 bestmemit:    0.003688    0.062256    0.091598    0.861344    0.041133    0.206035    0.242380    0.020839    0.324802    0.456936    0.691754    2.066971    0.028297    0.009556    0.000888    6.228036    6.485915    1.516166    1.984095    2.251693    2.145744    0.935705    1.103412    2.066321
Iteration: 989 bestvalit: 129.095000 bestmemit:    0.003688    0.062256    0.091598    0.861344    0.041133    0.206035    0.242380    0.020839    0.324802    0.456936    0.691754    2.066971    0.028297    0.009556    0.000888    6.228036    6.485915    1.516166    1.984095    2.251693    2.145744    0.935705    1.103412    2.066321
Iteration: 990 bestvalit: 129.095000 bestmemit:    0.003688    0.062256    0.091598    0.861344    0.041133    0.206035    0.242380    0.020839    0.324802    0.456936    0.691754    2.066971    0.028297    0.009556    0.000888    6.228036    6.485915    1.516166    1.984095    2.251693    2.145744    0.935705    1.103412    2.066321
Iteration: 991 bestvalit: 129.095000 bestmemit:    0.003688    0.062256    0.091598    0.861344    0.041133    0.206035    0.242380    0.020839    0.324802    0.456936    0.691754    2.066971    0.028297    0.009556    0.000888    6.228036    6.485915    1.516166    1.984095    2.251693    2.145744    0.935705    1.103412    2.066321
Iteration: 992 bestvalit: 129.095000 bestmemit:    0.003688    0.062256    0.091598    0.861344    0.041133    0.206035    0.242380    0.020839    0.324802    0.456936    0.691754    2.066971    0.028297    0.009556    0.000888    6.228036    6.485915    1.516166    1.984095    2.251693    2.145744    0.935705    1.103412    2.066321
Iteration: 993 bestvalit: 129.095000 bestmemit:    0.003688    0.062256    0.091598    0.861344    0.041133    0.206035    0.242380    0.020839    0.324802    0.456936    0.691754    2.066971    0.028297    0.009556    0.000888    6.228036    6.485915    1.516166    1.984095    2.251693    2.145744    0.935705    1.103412    2.066321
Iteration: 994 bestvalit: 129.095000 bestmemit:    0.003688    0.062256    0.091598    0.861344    0.041133    0.206035    0.242380    0.020839    0.324802    0.456936    0.691754    2.066971    0.028297    0.009556    0.000888    6.228036    6.485915    1.516166    1.984095    2.251693    2.145744    0.935705    1.103412    2.066321
Iteration: 995 bestvalit: 129.095000 bestmemit:    0.003688    0.062256    0.091598    0.861344    0.041133    0.206035    0.242380    0.020839    0.324802    0.456936    0.691754    2.066971    0.028297    0.009556    0.000888    6.228036    6.485915    1.516166    1.984095    2.251693    2.145744    0.935705    1.103412    2.066321
Iteration: 996 bestvalit: 129.095000 bestmemit:    0.003688    0.062256    0.091598    0.861344    0.041133    0.206035    0.242380    0.020839    0.324802    0.456936    0.691754    2.066971    0.028297    0.009556    0.000888    6.228036    6.485915    1.516166    1.984095    2.251693    2.145744    0.935705    1.103412    2.066321
Iteration: 997 bestvalit: 129.095000 bestmemit:    0.003688    0.062256    0.091598    0.861344    0.041133    0.206035    0.242380    0.020839    0.324802    0.456936    0.691754    2.066971    0.028297    0.009556    0.000888    6.228036    6.485915    1.516166    1.984095    2.251693    2.145744    0.935705    1.103412    2.066321
Iteration: 998 bestvalit: 129.095000 bestmemit:    0.003688    0.062256    0.091598    0.861344    0.041133    0.206035    0.242380    0.020839    0.324802    0.456936    0.691754    2.066971    0.028297    0.009556    0.000888    6.228036    6.485915    1.516166    1.984095    2.251693    2.145744    0.935705    1.103412    2.066321
Iteration: 999 bestvalit: 129.095000 bestmemit:    0.003688    0.062256    0.091598    0.861344    0.041133    0.206035    0.242380    0.020839    0.324802    0.456936    0.691754    2.066971    0.028297    0.009556    0.000888    6.228036    6.485915    1.516166    1.984095    2.251693    2.145744    0.935705    1.103412    2.066321
Iteration: 1000 bestvalit: 129.095000 bestmemit:    0.003688    0.062256    0.091598    0.861344    0.041133    0.206035    0.242380    0.020839    0.324802    0.456936    0.691754    2.066971    0.028297    0.009556    0.000888    6.228036    6.485915    1.516166    1.984095    2.251693    2.145744    0.935705    1.103412    2.066321
        par1         par2         par3         par4         par5         par6         par7         par8         par9        par10        par11        par12        par13        par14 
0.0036877496 0.0622560847 0.0915981683 0.8613439893 0.0411327665 0.2060350997 0.2423796833 0.0208392337 0.3248023679 0.4569359787 0.6917538848 2.0669710613 0.0282974010 0.0095560561 
       par15        par16        par17        par18        par19        par20        par21        par22        par23        par24 
0.0008884716 6.2280359115 6.4859147114 1.5161656301 1.9840951038 2.2516926731 2.1457439225 0.9357047755 1.1034117163 2.0663205561 
